Node,CoreNumber
1,34
2,30
3,16
4,2
5,17
6,2
7,4
8,6
9,2
10,14
11,23
12,17
13,20
14,7
15,1
16,19
17,10
18,23
19,9
20,1
21,12
22,4
23,10
24,22
25,31
26,6
27,32
28,7
29,29
30,3
31,8
32,23
33,30
34,2
35,20
36,21
37,31
38,2
39,5
40,1
41,31
42,8
43,19
44,3
45,8
46,11
47,4
48,31
49,6
50,23
51,2
52,30
53,33
54,32
55,25
56,27
57,7
58,3
59,17
60,24
61,10
62,20
63,33
64,9
65,21
66,1
67,8
68,30
69,7
70,13
71,9
72,2
73,14
74,34
75,8
76,11
77,30
78,32
79,34
80,11
81,3
82,2
83,3
84,31
85,12
86,5
87,26
88,28
89,11
90,1
91,1
92,7
93,20
94,5
95,18
96,1
97,32
98,15
99,23
100,20
101,4
102,18
103,17
104,25
105,21
106,29
107,16
108,2
109,1
110,4
111,13
112,2
113,11
114,30
115,26
116,11
117,22
118,26
119,25
120,12
121,8
122,13
123,27
124,32
125,29
126,10
127,25
128,5
129,18
130,32
131,8
132,4
133,22
134,32
135,27
136,22
137,2
138,1
139,4
140,19
141,13
142,10
143,2
144,1
145,1
146,2
147,3
148,19
149,7
150,30
151,4
152,11
153,6
154,9
155,7
156,13
157,21
158,25
159,30
160,20
161,28
162,5
163,12
164,14
165,6
166,10
167,13
168,28
169,28
170,18
171,15
172,1
173,31
174,25
175,21
176,12
177,12
178,3
179,18
180,19
181,20
182,3
183,30
184,25
185,17
186,6
187,4
188,30
189,21
190,24
191,32
192,34
193,12
194,26
195,27
196,24
197,30
198,7
199,18
200,26
201,4
202,20
203,34
204,32
205,14
206,32
207,22
208,15
209,14
210,13
211,1
212,5
213,8
214,4
215,26
216,8
217,26
218,13
219,17
220,26
221,23
222,7
223,33
224,27
225,5
226,6
227,5
228,34
229,5
230,7
231,25
232,22
233,3
234,29
235,6
236,17
237,8
238,25
239,30
240,27
241,28
242,14
243,15
244,9
245,15
246,19
247,31
248,14
249,24
250,30
251,2
252,23
253,9
254,27
255,7
256,16
257,19
258,10
259,11
260,4
261,18
262,12
263,29
264,3
265,22
266,26
267,5
268,2
269,11
270,26
271,5
272,4
273,2
274,14
275,29
276,32
277,3
278,7
279,18
280,5
281,29
282,30
283,12
284,32
285,27
286,14
287,12
288,1
289,4
290,11
291,12
292,2
293,31
294,7
295,28
296,22
297,6
298,5
299,28
300,30
301,4
302,13
303,29
304,1
305,3
306,15
307,8
308,24
309,31
310,22
311,34
312,32
313,23
314,3
315,17
316,15
317,4
318,1
319,16
320,24
321,4
322,3
323,8
324,3
325,33
326,34
327,32
328,28
329,5
330,28
331,5
332,3
333,28
334,30
335,22
336,19
337,11
338,30
339,21
340,26
341,14
342,13
343,8
344,6
345,23
346,7
347,25
348,17
349,17
350,29
351,3
352,30
353,22
354,29
355,9
356,31
357,26
358,1
359,19
360,3
361,32
362,12
363,17
364,19
365,32
366,34
367,33
368,28
369,4
370,28
371,24
372,23
373,7
374,2
375,24
376,32
377,31
378,32
379,8
380,29
381,32
382,25
383,3
384,3
385,5
386,25
387,4
388,5
389,18
390,34
391,10
392,32
393,28
394,19
395,21
396,29
397,33
398,28
399,18
400,26
401,4
402,14
403,4
404,31
405,19
406,9
407,2
408,21
409,2
410,16
411,31
412,2
413,5
414,3
415,13
416,23
417,34
418,11
419,12
420,17
421,14
422,10
423,14
424,6
425,12
426,4
427,7
428,33
429,34
430,1
431,11
432,31
433,5
434,29
435,10
436,31
437,14
438,6
439,14
440,7
441,18
442,19
443,34
444,3
445,10
446,17
447,12
448,28
449,5
450,32
451,14
452,11
453,9
454,3
455,13
456,27
457,4
458,6
459,6
460,17
461,21
462,14
463,1
464,7
465,14
466,7
467,12
468,9
469,20
470,32
471,3
472,18
473,4
474,7
475,28
476,4
477,7
478,2
479,4
480,24
481,7
482,27
483,29
484,4
485,30
486,8
487,34
488,33
489,17
490,8
491,2
492,27
493,12
494,34
495,32
496,33
497,3
498,12
499,14
500,32
501,31
502,2
503,3
504,14
505,22
506,9
507,9
508,26
509,9
510,11
511,7
512,6
513,33
514,27
515,30
516,23
517,27
518,27
519,21
520,30
521,11
522,17
523,6
524,24
525,5
526,24
527,12
528,10
529,11
530,28
531,24
532,17
533,13
534,14
535,23
536,7
537,26
538,32
539,30
540,4
541,23
542,1
543,1
544,11
545,5
546,7
547,5
548,30
549,30
550,6
551,2
552,7
553,3
554,8
555,26
556,1
557,7
558,32
559,8
560,7
561,16
562,25
563,34
564,17
565,27
566,1
567,19
568,2
569,6
570,22
571,29
572,4
573,4
574,32
575,9
576,24
577,31
578,27
579,20
580,27
581,12
582,20
583,34
584,14
585,34
586,4
587,2
588,6
589,10
590,18
591,8
592,32
593,4
594,9
595,3
596,9
597,34
598,29
599,6
600,16
601,6
602,8
603,18
604,10
605,9
606,32
607,9
608,31
609,25
610,2
611,2
612,28
613,24
614,8
615,8
616,8
617,14
618,14
619,6
620,13
621,34
622,24
623,22
624,16
625,6
626,6
627,23
628,2
629,23
630,28
631,7
632,13
633,2
634,27
635,18
636,25
637,32
638,19
639,15
640,22
641,32
642,3
643,6
644,33
645,27
646,29
647,3
648,32
649,12
650,2
651,27
652,11
653,13
654,9
655,5
656,5
657,5
658,28
659,34
660,12
661,32
662,2
663,8
664,32
665,30
666,15
667,8
668,28
669,4
670,9
671,29
672,2
673,27
674,8
675,32
676,31
677,12
678,32
679,33
680,34
681,34
682,7
683,21
684,7
685,8
686,25
687,32
688,6
689,5
690,31
691,28
692,20
693,16
694,17
695,23
696,30
697,29
698,1
699,5
700,25
701,20
702,31
703,8
704,8
705,23
706,6
707,6
708,21
709,15
710,4
711,21
712,6
713,4
714,3
715,7
716,28
717,5
718,2
719,5
720,1
721,22
722,24
723,32
724,9
725,22
726,1
727,7
728,6
729,25
730,8
731,13
732,25
733,21
734,1
735,9
736,8
737,10
738,34
739,1
740,30
741,24
742,4
743,2
744,31
745,14
746,30
747,1
748,8
749,32
750,15
751,10
752,7
753,2
754,20
755,15
756,7
757,7
758,31
759,22
760,24
761,8
762,22
763,28
764,13
765,26
766,10
767,2
768,2
769,32
770,8
771,29
772,6
773,32
774,26
775,34
776,1
777,15
778,3
779,17
780,5
781,15
782,19
783,10
784,18
785,13
786,13
787,15
788,26
789,30
790,4
791,10
792,2
793,10
794,26
795,32
796,25
797,30
798,10
799,5
800,6
801,5
802,1
803,11
804,24
805,3
806,10
807,21
808,3
809,7
810,3
811,30
812,26
813,2
814,2
815,2
816,16
817,18
818,32
819,5
820,3
821,11
822,29
823,31
824,3
825,28
826,22
827,28
828,19
829,32
830,19
831,22
832,28
833,11
834,2
835,32
836,17
837,3
838,8
839,7
840,32
841,16
842,28
843,5
844,12
845,21
846,4
847,24
848,29
849,15
850,27
851,12
852,30
853,28
854,6
855,20
856,25
857,32
858,33
859,26
860,7
861,34
862,13
863,6
864,22
865,1
866,31
867,26
868,17
869,26
870,32
871,7
872,20
873,10
874,18
875,19
876,14
877,13
878,24
879,29
880,30
881,30
882,7
883,4
884,6
885,13
886,25
887,3
888,29
889,26
890,9
891,23
892,7
893,4
894,4
895,6
896,29
897,25
898,5
899,9
900,10
901,12
902,32
903,32
904,26
905,4
906,25
907,10
908,6
909,11
910,25
911,10
912,13
913,28
914,29
915,3
916,8
917,9
918,2
919,34
920,29
921,12
922,7
923,2
924,12
925,15
926,10
927,5
928,2
929,2
930,3
931,7
932,14
933,18
934,7
935,12
936,8
937,32
938,8
939,17
940,28
941,32
942,23
943,9
944,3
945,8
946,2
947,1
948,19
949,25
950,24
951,1
952,34
953,20
954,3
955,20
956,1
957,5
958,23
959,5
960,28
961,24
962,9
963,24
964,8
965,23
966,34
967,32
968,23
969,6
970,11
971,7
972,17
973,24
974,32
975,28
976,7
977,7
978,3
979,10
980,31
981,3
982,4
983,29
984,32
985,11
986,23
987,34
988,9
989,34
990,29
991,5
992,10
993,12
994,34
995,9
996,1
997,5
998,32
999,9
1000,4
1001,2
1002,14
1003,18
1004,30
1005,31
1006,32
1007,32
1008,1
1009,12
1010,31
1011,17
1012,31
1013,15
1014,10
1015,1
1016,21
1017,2
1018,32
1019,8
1020,11
1021,10
1022,27
1023,26
1024,34
1025,25
1026,2
1027,6
1028,30
1029,32
1030,6
1031,11
1032,29
1033,17
1034,6
1035,2
1036,15
1037,19
1038,4
1039,13
1040,32
1041,14
1042,33
1043,20
1044,8
1045,29
1046,26
1047,3
1048,26
1049,13
1050,23
1051,8
1052,4
1053,25
1054,13
1055,8
1056,20
1057,7
1058,9
1059,1
1060,28
1061,16
1062,7
1063,13
1064,5
1065,7
1066,28
1067,6
1068,20
1069,34
1070,16
1071,11
1072,18
1073,14
1074,19
1075,29
1076,11
1077,27
1078,23
1079,13
1080,18
1081,30
1082,10
1083,32
1084,12
1085,1
1086,8
1087,10
1088,7
1089,32
1090,14
1091,28
1092,19
1093,26
1094,4
1095,1
1096,12
1097,13
1098,6
1099,34
1100,16
1101,22
1102,24
1103,2
1104,3
1105,32
1106,26
1107,33
1108,8
1109,3
1110,13
1111,13
1112,10
1113,27
1114,23
1115,11
1116,29
1117,24
1118,18
1119,18
1120,26
1121,26
1122,16
1123,26
1124,13
1125,1
1126,18
1127,13
1128,27
1129,6
1130,26
1131,27
1132,21
1133,22
1134,8
1135,32
1136,27
1137,8
1138,30
1139,23
1140,11
1141,1
1142,10
1143,4
1144,5
1145,32
1146,15
1147,19
1148,3
1149,6
1150,18
1151,17
1152,24
1153,1
1154,10
1155,15
1156,7
1157,32
1158,20
1159,22
1160,3
1161,32
1162,19
1163,26
1164,25
1165,23
1166,27
1167,5
1168,7
1169,1
1170,30
1171,3
1172,19
1173,27
1174,10
1175,19
1176,30
1177,15
1178,16
1179,8
1180,5
1181,4
1182,13
1183,30
1184,3
1185,8
1186,8
1187,8
1188,8
1189,15
1190,8
1191,4
1192,29
1193,1
1194,14
1195,33
1196,4
1197,26
1198,15
1199,32
1200,33
1201,24
1202,3
1203,24
1204,23
1205,2
1206,20
1207,6
1208,6
1209,26
1210,10
1211,8
1212,14
1213,1
1214,8
1215,17
1216,7
1217,1
1218,20
1219,12
1220,3
1221,23
1222,9
1223,18
1224,24
1225,31
1226,15
1227,14
1228,25
1229,30
1230,11
1231,10
1232,11
1233,21
1234,8
1235,13
1236,22
1237,2
1238,5
1239,5
1240,7
1241,6
1242,5
1243,15
1244,11
1245,10
1246,18
1247,26
1248,30
1249,29
1250,15
1251,25
1252,3
1253,32
1254,28
1255,11
1256,14
1257,14
1258,21
1259,29
1260,10
1261,1
1262,19
1263,32
1264,31
1265,8
1266,13
1267,7
1268,25
1269,1
1270,26
1271,3
1272,8
1273,34
1274,11
1275,16
1276,7
1277,22
1278,7
1279,8
1280,3
1281,25
1282,3
1283,30
1284,26
1285,1
1286,21
1287,32
1288,32
1289,27
1290,11
1291,11
1292,30
1293,20
1294,28
1295,8
1296,22
1297,26
1298,32
1299,2
1300,32
1301,13
1302,15
1303,7
1304,32
1305,18
1306,20
1307,29
1308,18
1309,34
1310,22
1311,2
1312,3
1313,7
1314,13
1315,8
1316,9
1317,3
1318,8
1319,1
1320,1
1321,8
1322,32
1323,19
1324,20
1325,29
1326,3
1327,19
1328,29
1329,2
1330,24
1331,10
1332,7
1333,8
1334,3
1335,19
1336,7
1337,32
1338,16
1339,22
1340,32
1341,3
1342,9
1343,19
1344,14
1345,2
1346,10
1347,18
1348,32
1349,27
1350,24
1351,24
1352,4
1353,26
1354,6
1355,30
1356,23
1357,10
1358,29
1359,5
1360,1
1361,4
1362,1
1363,4
1364,17
1365,18
1366,5
1367,4
1368,21
1369,4
1370,29
1371,33
1372,34
1373,4
1374,10
1375,26
1376,26
1377,6
1378,7
1379,7
1380,4
1381,13
1382,9
1383,6
1384,5
1385,1
1386,9
1387,3
1388,18
1389,7
1390,31
1391,7
1392,7
1393,8
1394,14
1395,19
1396,7
1397,7
1398,25
1399,6
1400,9
1401,13
1402,22
1403,8
1404,7
1405,33
1406,4
1407,3
1408,18
1409,10
1410,16
1411,4
1412,10
1413,4
1414,15
1415,15
1416,5
1417,6
1418,32
1419,34
1420,28
1421,27
1422,30
1423,25
1424,28
1425,8
1426,16
1427,11
1428,3
1429,27
1430,32
1431,24
1432,33
1433,1
1434,2
1435,7
1436,8
1437,32
1438,31
1439,13
1440,16
1441,4
1442,30
1443,19
1444,7
1445,13
1446,32
1447,4
1448,3
1449,24
1450,19
1451,31
1452,30
1453,29
1454,9
1455,29
1456,6
1457,7
1458,17
1459,30
1460,5
1461,18
1462,20
1463,32
1464,4
1465,11
1466,28
1467,34
1468,3
1469,14
1470,3
1471,16
1472,9
1473,23
1474,30
1475,4
1476,4
1477,4
1478,26
1479,24
1480,15
1481,1
1482,1
1483,1
1484,3
1485,27
1486,8
1487,21
1488,3
1489,30
1490,29
1491,17
1492,29
1493,19
1494,6
1495,19
1496,34
1497,21
1498,13
1499,23
1500,22
1501,26
1502,34
1503,3
1504,11
1505,4
1506,12
1507,29
1508,20
1509,15
1510,4
1511,5
1512,6
1513,20
1514,27
1515,11
1516,4
1517,11
1518,4
1519,21
1520,7
1521,32
1522,30
1523,3
1524,15
1525,10
1526,26
1527,13
1528,31
1529,16
1530,32
1531,25
1532,3
1533,24
1534,27
1535,28
1536,16
1537,29
1538,30
1539,22
1540,30
1541,17
1542,11
1543,30
1544,8
1545,23
1546,6
1547,27
1548,2
1549,18
1550,10
1551,32
1552,15
1553,12
1554,32
1555,17
1556,8
1557,4
1558,30
1559,25
1560,1
1561,18
1562,29
1563,9
1564,31
1565,34
1566,1
1567,5
1568,1
1569,8
1570,10
1571,27
1572,33
1573,8
1574,18
1575,26
1576,4
1577,7
1578,2
1579,17
1580,11
1581,32
1582,23
1583,3
1584,31
1585,29
1586,2
1587,2
1588,9
1589,5
1590,19
1591,9
1592,10
1593,30
1594,6
1595,8
1596,5
1597,21
1598,23
1599,27
1600,18
1601,6
1602,7
1603,26
1604,30
1605,2
1606,22
1607,8
1608,6
1609,3
1610,21
1611,7
1612,2
1613,31
1614,23
1615,12
1616,16
1617,6
1618,31
1619,31
1620,32
1621,8
1622,5
1623,11
1624,2
1625,9
1626,34
1627,23
1628,15
1629,20
1630,26
1631,34
1632,16
1633,21
1634,11
1635,3
1636,6
1637,4
1638,23
1639,2
1640,30
1641,12
1642,34
1643,29
1644,14
1645,33
1646,22
1647,32
1648,10
1649,30
1650,6
1651,8
1652,19
1653,2
1654,12
1655,22
1656,10
1657,12
1658,9
1659,7
1660,9
1661,34
1662,7
1663,4
1664,34
1665,20
1666,19
1667,4
1668,22
1669,19
1670,25
1671,30
1672,29
1673,18
1674,9
1675,11
1676,30
1677,3
1678,31
1679,21
1680,22
1681,10
1682,32
1683,6
1684,30
1685,4
1686,14
1687,5
1688,22
1689,17
1690,2
1691,8
1692,34
1693,6
1694,7
1695,2
1696,7
1697,21
1698,2
1699,14
1700,31
1701,32
1702,34
1703,5
1704,4
1705,29
1706,31
1707,23
1708,10
1709,30
1710,2
1711,12
1712,22
1713,4
1714,2
1715,32
1716,16
1717,26
1718,22
1719,30
1720,33
1721,31
1722,3
1723,22
1724,7
1725,10
1726,2
1727,24
1728,5
1729,11
1730,5
1731,24
1732,34
1733,6
1734,32
1735,29
1736,3
1737,2
1738,30
1739,17
1740,1
1741,9
1742,32
1743,1
1744,5
1745,7
1746,19
1747,21
1748,20
1749,32
1750,25
1751,2
1752,34
1753,7
1754,5
1755,6
1756,3
1757,26
1758,12
1759,5
1760,30
1761,32
1762,2
1763,12
1764,11
1765,21
1766,12
1767,31
1768,4
1769,25
1770,17
1771,18
1772,34
1773,29
1774,21
1775,31
1776,21
1777,4
1778,8
1779,15
1780,20
1781,7
1782,24
1783,21
1784,7
1785,12
1786,27
1787,2
1788,9
1789,14
1790,5
1791,30
1792,29
1793,32
1794,32
1795,5
1796,4
1797,20
1798,17
1799,33
1800,17
1801,23
1802,22
1803,18
1804,22
1805,28
1806,21
1807,32
1808,33
1809,28
1810,10
1811,8
1812,5
1813,10
1814,4
1815,2
1816,7
1817,15
1818,34
1819,30
1820,22
1821,6
1822,11
1823,21
1824,22
1825,22
1826,7
1827,6
1828,13
1829,31
1830,6
1831,21
1832,32
1833,12
1834,3
1835,5
1836,15
1837,7
1838,31
1839,19
1840,34
1841,30
1842,10
1843,30
1844,10
1845,29
1846,23
1847,20
1848,3
1849,7
1850,15
1851,7
1852,7
1853,31
1854,32
1855,34
1856,6
1857,32
1858,20
1859,12
1860,13
1861,6
1862,27
1863,13
1864,30
1865,4
1866,2
1867,19
1868,14
1869,8
1870,14
1871,1
1872,2
1873,17
1874,6
1875,13
1876,25
1877,24
1878,10
1879,24
1880,7
1881,21
1882,16
1883,8
1884,28
1885,34
1886,9
1887,6
1888,25
1889,9
1890,14
1891,8
1892,2
1893,1
1894,11
1895,15
1896,28
1897,29
1898,1
1899,26
1900,16
1901,29
1902,16
1903,32
1904,3
1905,15
1906,11
1907,5
1908,21
1909,12
1910,21
1911,7
1912,28
1913,30
1914,32
1915,4
1916,2
1917,12
1918,14
1919,11
1920,27
1921,24
1922,30
1923,23
1924,12
1925,5
1926,1
1927,3
1928,2
1929,11
1930,23
1931,8
1932,1
1933,12
1934,18
1935,33
1936,34
1937,7
1938,3
1939,32
1940,34
1941,21
1942,7
1943,6
1944,7
1945,2
1946,14
1947,6
1948,14
1949,8
1950,34
1951,23
1952,14
1953,3
1954,19
1955,2
1956,27
1957,34
1958,8
1959,34
1960,17
1961,31
1962,4
1963,1
1964,20
1965,7
1966,13
1967,30
1968,25
1969,12
1970,1
1971,5
1972,2
1973,30
1974,27
1975,16
1976,13
1977,29
1978,12
1979,30
1980,30
1981,20
1982,29
1983,10
1984,6
1985,16
1986,7
1987,34
1988,8
1989,26
1990,6
1991,3
1992,2
1993,2
1994,19
1995,34
1996,16
1997,2
1998,7
1999,28
2000,16
2001,7
2002,13
2003,6
2004,32
2005,17
2006,5
2007,16
2008,21
2009,9
2010,4
2011,28
2012,8
2013,26
2014,19
2015,1
2016,30
2017,30
2018,34
2019,28
2020,11
2021,8
2022,7
2023,11
2024,24
2025,16
2026,1
2027,16
2028,5
2029,30
2030,4
2031,20
2032,5
2033,10
2034,8
2035,4
2036,3
2037,3
2038,28
2039,20
2040,15
2041,2
2042,5
2043,22
2044,4
2045,21
2046,29
2047,5
2048,6
2049,5
2050,3
2051,31
2052,27
2053,3
2054,29
2055,7
2056,13
2057,32
2058,5
2059,34
2060,4
2061,34
2062,32
2063,23
2064,2
2065,11
2066,15
2067,11
2068,32
2069,12
2070,1
2071,5
2072,7
2073,21
2074,23
2075,14
2076,12
2077,5
2078,22
2079,3
2080,8
2081,8
2082,26
2083,22
2084,9
2085,3
2086,8
2087,15
2088,22
2089,14
2090,19
2091,34
2092,11
2093,25
2094,17
2095,34
2096,30
2097,32
2098,32
2099,13
2100,13
2101,24
2102,22
2103,34
2104,12
2105,13
2106,4
2107,13
2108,19
2109,11
2110,14
2111,32
2112,8
2113,14
2114,21
2115,28
2116,10
2117,10
2118,13
2119,13
2120,8
2121,17
2122,27
2123,15
2124,9
2125,1
2126,27
2127,21
2128,10
2129,23
2130,26
2131,29
2132,10
2133,7
2134,12
2135,29
2136,32
2137,25
2138,27
2139,21
2140,17
2141,24
2142,21
2143,34
2144,18
2145,34
2146,7
2147,20
2148,10
2149,8
2150,31
2151,10
2152,29
2153,30
2154,1
2155,3
2156,33
2157,19
2158,2
2159,10
2160,25
2161,20
2162,5
2163,25
2164,17
2165,33
2166,21
2167,34
2168,19
2169,27
2170,5
2171,18
2172,2
2173,13
2174,4
2175,14
2176,4
2177,11
2178,34
2179,13
2180,25
2181,17
2182,25
2183,12
2184,6
2185,17
2186,4
2187,32
2188,25
2189,5
2190,8
2191,15
2192,6
2193,12
2194,20
2195,3
2196,28
2197,9
2198,30
2199,10
2200,34
2201,31
2202,7
2203,4
2204,13
2205,10
2206,34
2207,26
2208,29
2209,22
2210,30
2211,27
2212,28
2213,21
2214,7
2215,2
2216,33
2217,1
2218,12
2219,2
2220,26
2221,27
2222,34
2223,30
2224,1
2225,2
2226,8
2227,34
2228,21
2229,26
2230,25
2231,28
2232,19
2233,34
2234,3
2235,2
2236,7
2237,8
2238,7
2239,34
2240,4
2241,8
2242,14
2243,2
2244,19
2245,5
2246,20
2247,7
2248,21
2249,33
2250,27
2251,18
2252,32
2253,11
2254,8
2255,13
2256,10
2257,5
2258,31
2259,9
2260,6
2261,6
2262,31
2263,12
2264,34
2265,27
2266,25
2267,6
2268,9
2269,14
2270,2
2271,14
2272,18
2273,21
2274,32
2275,6
2276,2
2277,8
2278,18
2279,13
2280,33
2281,7
2282,7
2283,5
2284,14
2285,10
2286,17
2287,12
2288,24
2289,23
2290,33
2291,1
2292,32
2293,34
2294,13
2295,29
2296,14
2297,14
2298,14
2299,7
2300,13
2301,12
2302,14
2303,32
2304,24
2305,19
2306,24
2307,26
2308,16
2309,11
2310,34
2311,9
2312,18
2313,1
2314,19
2315,23
2316,3
2317,21
2318,28
2319,28
2320,11
2321,28
2322,21
2323,32
2324,5
2325,21
2326,2
2327,2
2328,30
2329,9
2330,11
2331,6
2332,3
2333,2
2334,25
2335,2
2336,9
2337,1
2338,32
2339,21
2340,6
2341,2
2342,28
2343,14
2344,32
2345,28
2346,18
2347,5
2348,4
2349,11
2350,11
2351,21
2352,4
2353,10
2354,12
2355,14
2356,5
2357,26
2358,1
2359,19
2360,2
2361,4
2362,25
2363,10
2364,26
2365,13
2366,24
2367,8
2368,27
2369,24
2370,13
2371,14
2372,14
2373,20
2374,8
2375,17
2376,2
2377,33
2378,10
2379,31
2380,18
2381,18
2382,11
2383,4
2384,24
2385,18
2386,1
2387,21
2388,34
2389,20
2390,29
2391,12
2392,21
2393,21
2394,31
2395,3
2396,34
2397,2
2398,25
2399,9
2400,22
2401,11
2402,32
2403,21
2404,24
2405,30
2406,16
2407,2
2408,2
2409,5
2410,1
2411,9
2412,28
2413,5
2414,30
2415,34
2416,5
2417,19
2418,30
2419,31
2420,32
2421,3
2422,5
2423,9
2424,4
2425,6
2426,6
2427,1
2428,29
2429,33
2430,3
2431,3
2432,2
2433,27
2434,13
2435,19
2436,34
2437,20
2438,18
2439,12
2440,31
2441,8
2442,7
2443,34
2444,17
2445,30
2446,31
2447,7
2448,7
2449,17
2450,32
2451,8
2452,19
2453,8
2454,6
2455,6
2456,12
2457,16
2458,21
2459,6
2460,14
2461,6
2462,15
2463,27
2464,24
2465,30
2466,9
2467,3
2468,23
2469,31
2470,5
2471,4
2472,12
2473,34
2474,26
2475,16
2476,27
2477,8
2478,11
2479,27
2480,12
2481,2
2482,9
2483,5
2484,4
2485,20
2486,18
2487,13
2488,34
2489,31
2490,9
2491,3
2492,25
2493,7
2494,26
2495,34
2496,11
2497,6
2498,6
2499,13
2500,8
2501,1
2502,27
2503,32
2504,23
2505,31
2506,21
2507,10
2508,2
2509,32
2510,25
2511,4
2512,13
2513,9
2514,34
2515,6
2516,21
2517,32
2518,34
2519,19
2520,11
2521,7
2522,23
2523,28
2524,15
2525,25
2526,33
2527,11
2528,32
2529,22
2530,19
2531,19
2532,34
2533,9
2534,11
2535,19
2536,2
2537,13
2538,16
2539,1
2540,21
2541,32
2542,5
2543,30
2544,33
2545,1
2546,1
2547,1
2548,5
2549,20
2550,5
2551,5
2552,9
2553,10
2554,17
2555,34
2556,30
2557,4
2558,33
2559,2
2560,31
2561,16
2562,14
2563,1
2564,10
2565,5
2566,11
2567,32
2568,1
2569,31
2570,33
2571,18
2572,29
2573,17
2574,33
2575,34
2576,34
2577,5
2578,14
2579,14
2580,29
2581,3
2582,31
2583,27
2584,10
2585,5
2586,11
2587,15
2588,30
2589,22
2590,17
2591,26
2592,33
2593,20
2594,22
2595,28
2596,30
2597,11
2598,29
2599,18
2600,31
2601,12
2602,17
2603,27
2604,9
2605,3
2606,32
2607,2
2608,30
2609,10
2610,32
2611,32
2612,9
2613,2
2614,8
2615,4
2616,10
2617,15
2618,20
2619,22
2620,31
2621,26
2622,14
2623,18
2624,15
2625,32
2626,31
2627,31
2628,23
2629,1
2630,10
2631,20
2632,24
2633,11
2634,7
2635,30
2636,2
2637,5
2638,14
2639,19
2640,7
2641,4
2642,7
2643,10
2644,8
2645,32
2646,27
2647,6
2648,6
2649,31
2650,14
2651,18
2652,16
2653,7
2654,22
2655,12
2656,20
2657,10
2658,25
2659,1
2660,5
2661,30
2662,6
2663,8
2664,25
2665,16
2666,12
2667,10
2668,5
2669,32
2670,27
2671,26
2672,34
2673,11
2674,5
2675,8
2676,34
2677,5
2678,1
2679,6
2680,1
2681,21
2682,3
2683,30
2684,24
2685,14
2686,25
2687,9
2688,5
2689,3
2690,17
2691,1
2692,1
2693,6
2694,14
2695,7
2696,29
2697,29
2698,17
2699,24
2700,10
2701,23
2702,26
2703,5
2704,27
2705,34
2706,23
2707,5
2708,5
2709,27
2710,3
2711,7
2712,32
2713,9
2714,8
2715,29
2716,4
2717,31
2718,18
2719,14
2720,31
2721,14
2722,11
2723,28
2724,30
2725,2
2726,28
2727,10
2728,10
2729,1
2730,31
2731,15
2732,34
2733,23
2734,19
2735,33
2736,23
2737,13
2738,10
2739,7
2740,21
2741,12
2742,3
2743,21
2744,2
2745,5
2746,5
2747,34
2748,5
2749,22
2750,7
2751,9
2752,1
2753,3
2754,11
2755,10
2756,27
2757,2
2758,29
2759,32
2760,32
2761,9
2762,23
2763,12
2764,6
2765,32
2766,25
2767,25
2768,1
2769,28
2770,3
2771,12
2772,1
2773,5
2774,7
2775,5
2776,4
2777,4
2778,26
2779,10
2780,31
2781,14
2782,32
2783,7
2784,17
2785,10
2786,4
2787,11
2788,9
2789,13
2790,3
2791,3
2792,7
2793,9
2794,11
2795,32
2796,27
2797,20
2798,2
2799,9
2800,27
2801,27
2802,9
2803,17
2804,28
2805,30
2806,33
2807,3
2808,25
2809,7
2810,1
2811,32
2812,31
2813,8
2814,26
2815,9
2816,15
2817,1
2818,10
2819,29
2820,28
2821,22
2822,31
2823,11
2824,32
2825,3
2826,10
2827,8
2828,11
2829,15
2830,11
2831,19
2832,19
2833,6
2834,29
2835,3
2836,15
2837,17
2838,12
2839,11
2840,22
2841,30
2842,25
2843,14
2844,25
2845,29
2846,18
2847,20
2848,31
2849,34
2850,34
2851,15
2852,5
2853,6
2854,10
2855,1
2856,8
2857,2
2858,13
2859,6
2860,29
2861,27
2862,31
2863,7
2864,6
2865,14
2866,20
2867,10
2868,5
2869,20
2870,9
2871,29
2872,4
2873,30
2874,26
2875,15
2876,4
2877,11
2878,1
2879,23
2880,15
2881,14
2882,5
2883,7
2884,10
2885,22
2886,27
2887,33
2888,1
2889,5
2890,20
2891,24
2892,4
2893,17
2894,10
2895,1
2896,2
2897,27
2898,30
2899,5
2900,32
2901,10
2902,14
2903,8
2904,30
2905,31
2906,32
2907,4
2908,18
2909,10
2910,27
2911,23
2912,30
2913,16
2914,32
2915,12
2916,2
2917,25
2918,17
2919,18
2920,10
2921,24
2922,18
2923,11
2924,16
2925,34
2926,29
2927,29
2928,11
2929,7
2930,4
2931,7
2932,15
2933,31
2934,30
2935,4
2936,17
2937,9
2938,32
2939,29
2940,29
2941,14
2942,8
2943,7
2944,17
2945,8
2946,4
2947,23
2948,33
2949,27
2950,7
2951,21
2952,32
2953,14
2954,10
2955,3
2956,5
2957,13
2958,8
2959,6
2960,7
2961,9
2962,33
2963,33
2964,32
2965,18
2966,4
2967,34
2968,21
2969,20
2970,27
2971,17
2972,11
2973,1
2974,1
2975,1
2976,3
2977,2
2978,34
2979,25
2980,6
2981,34
2982,21
2983,6
2984,10
2985,26
2986,32
2987,14
2988,13
2989,25
2990,30
2991,10
2992,6
2993,20
2994,12
2995,6
2996,12
2997,4
2998,12
2999,17
3000,11
3001,10
3002,32
3003,3
3004,21
3005,9
3006,12
3007,29
3008,11
3009,9
3010,12
3011,3
3012,2
3013,2
3014,11
3015,26
3016,24
3017,27
3018,20
3019,34
3020,10
3021,2
3022,16
3023,14
3024,7
3025,2
3026,23
3027,25
3028,6
3029,3
3030,20
3031,25
3032,7
3033,29
3034,26
3035,28
3036,15
3037,4
3038,10
3039,28
3040,30
3041,29
3042,3
3043,10
3044,5
3045,27
3046,2
3047,3
3048,20
3049,23
3050,4
3051,33
3052,34
3053,4
3054,32
3055,12
3056,20
3057,12
3058,33
3059,8
3060,11
3061,10
3062,8
3063,31
3064,24
3065,19
3066,23
3067,8
3068,20
3069,7
3070,16
3071,9
3072,15
3073,14
3074,12
3075,29
3076,23
3077,28
3078,5
3079,24
3080,32
3081,7
3082,18
3083,5
3084,4
3085,5
3086,27
3087,8
3088,11
3089,10
3090,6
3091,7
3092,16
3093,19
3094,17
3095,5
3096,22
3097,10
3098,6
3099,25
3100,11
3101,12
3102,6
3103,26
3104,13
3105,22
3106,9
3107,30
3108,32
3109,11
3110,30
3111,17
3112,11
3113,6
3114,24
3115,17
3116,23
3117,30
3118,15
3119,21
3120,34
3121,13
3122,6
3123,11
3124,24
3125,8
3126,16
3127,8
3128,23
3129,31
3130,11
3131,4
3132,30
3133,11
3134,14
3135,28
3136,5
3137,23
3138,14
3139,12
3140,4
3141,13
3142,29
3143,14
3144,6
3145,6
3146,22
3147,31
3148,20
3149,10
3150,8
3151,29
3152,30
3153,15
3154,1
3155,31
3156,21
3157,2
3158,28
3159,34
3160,20
3161,3
3162,10
3163,6
3164,5
3165,16
3166,11
3167,15
3168,31
3169,14
3170,1
3171,6
3172,12
3173,2
3174,5
3175,1
3176,28
3177,18
3178,28
3179,2
3180,20
3181,2
3182,5
3183,7
3184,14
3185,17
3186,4
3187,13
3188,9
3189,2
3190,8
3191,8
3192,22
3193,10
3194,23
3195,34
3196,8
3197,28
3198,4
3199,5
3200,6
3201,18
3202,12
3203,9
3204,2
3205,14
3206,2
3207,22
3208,29
3209,4
3210,14
3211,8
3212,10
3213,13
3214,3
3215,6
3216,16
3217,23
3218,14
3219,11
3220,12
3221,9
3222,13
3223,21
3224,19
3225,21
3226,16
3227,2
3228,22
3229,32
3230,31
3231,12
3232,16
3233,12
3234,3
3235,16
3236,28
3237,23
3238,11
3239,20
3240,21
3241,32
3242,30
3243,13
3244,19
3245,11
3246,20
3247,8
3248,17
3249,32
3250,25
3251,10
3252,5
3253,7
3254,15
3255,21
3256,4
3257,15
3258,12
3259,4
3260,7
3261,31
3262,14
3263,24
3264,17
3265,23
3266,21
3267,8
3268,1
3269,10
3270,29
3271,31
3272,4
3273,21
3274,14
3275,13
3276,3
3277,8
3278,8
3279,12
3280,24
3281,10
3282,31
3283,15
3284,11
3285,32
3286,24
3287,12
3288,11
3289,6
3290,5
3291,5
3292,7
3293,19
3294,27
3295,17
3296,2
3297,30
3298,11
3299,5
3300,17
3301,10
3302,10
3303,31
3304,30
3305,23
3306,20
3307,28
3308,28
3309,5
3310,3
3311,4
3312,8
3313,11
3314,5
3315,5
3316,7
3317,2
3318,29
3319,10
3320,2
3321,20
3322,9
3323,14
3324,34
3325,21
3326,11
3327,14
3328,4
3329,1
3330,7
3331,20
3332,34
3333,1
3334,4
3335,6
3336,4
3337,34
3338,30
3339,7
3340,11
3341,33
3342,4
3343,14
3344,8
3345,16
3346,34
3347,7
3348,8
3349,4
3350,16
3351,10
3352,10
3353,22
3354,13
3355,15
3356,27
3357,5
3358,16
3359,12
3360,24
3361,9
3362,28
3363,16
3364,13
3365,28
3366,9
3367,3
3368,11
3369,15
3370,30
3371,9
3372,34
3373,30
3374,33
3375,2
3376,13
3377,1
3378,4
3379,15
3380,29
3381,27
3382,21
3383,5
3384,34
3385,15
3386,7
3387,30
3388,24
3389,17
3390,3
3391,24
3392,17
3393,7
3394,17
3395,4
3396,26
3397,30
3398,2
3399,14
3400,17
3401,6
3402,1
3403,16
3404,28
3405,30
3406,20
3407,12
3408,11
3409,15
3410,28
3411,6
3412,11
3413,27
3414,31
3415,27
3416,19
3417,27
3418,25
3419,15
3420,14
3421,9
3422,14
3423,23
3424,6
3425,11
3426,3
3427,24
3428,20
3429,4
3430,30
3431,34
3432,34
3433,5
3434,22
3435,3
3436,15
3437,4
3438,7
3439,23
3440,26
3441,26
3442,30
3443,31
3444,11
3445,2
3446,23
3447,3
3448,14
3449,6
3450,30
3451,9
3452,12
3453,7
3454,1
3455,7
3456,28
3457,10
3458,26
3459,23
3460,34
3461,3
3462,1
3463,1
3464,29
3465,11
3466,8
3467,19
3468,15
3469,20
3470,25
3471,3
3472,21
3473,17
3474,11
3475,6
3476,16
3477,8
3478,17
3479,9
3480,32
3481,7
3482,23
3483,14
3484,21
3485,4
3486,3
3487,11
3488,5
3489,16
3490,34
3491,25
3492,20
3493,16
3494,6
3495,6
3496,1
3497,11
3498,13
3499,25
3500,33
3501,18
3502,31
3503,6
3504,8
3505,11
3506,10
3507,7
3508,1
3509,9
3510,22
3511,20
3512,3
3513,10
3514,14
3515,3
3516,33
3517,8
3518,11
3519,7
3520,11
3521,17
3522,2
3523,5
3524,12
3525,30
3526,3
3527,24
3528,5
3529,12
3530,9
3531,8
3532,7
3533,27
3534,1
3535,16
3536,35
3537,30
3538,32
3539,4
3540,25
3541,1
3542,7
3543,15
3544,8
3545,3
3546,10
3547,30
3548,34
3549,32
3550,27
3551,17
3552,7
3553,16
3554,34
3555,30
3556,4
3557,20
3558,34
3559,32
3560,3
3561,8
3562,8
3563,14
3564,26
3565,4
3566,7
3567,26
3568,32
3569,13
3570,22
3571,31
3572,34
3573,8
3574,3
3575,29
3576,18
3577,30
3578,8
3579,11
3580,31
3581,32
3582,3
3583,26
3584,34
3585,25
3586,17
3587,9
3588,2
3589,7
3590,1
3591,7
3592,10
3593,32
3594,2
3595,3
3596,7
3597,19
3598,7
3599,1
3600,16
3601,8
3602,23
3603,1
3604,11
3605,21
3606,13
3607,23
3608,4
3609,11
3610,27
3611,11
3612,8
3613,22
3614,18
3615,12
3616,25
3617,14
3618,17
3619,5
3620,22
3621,29
3622,11
3623,31
3624,21
3625,22
3626,16
3627,22
3628,14
3629,32
3630,33
3631,12
3632,27
3633,9
3634,33
3635,30
3636,28
3637,32
3638,31
3639,3
3640,2
3641,12
3642,7
3643,2
3644,34
3645,11
3646,20
3647,3
3648,26
3649,12
3650,27
3651,19
3652,7
3653,11
3654,30
3655,32
3656,3
3657,10
3658,22
3659,27
3660,10
3661,2
3662,15
3663,29
3664,22
3665,11
3666,22
3667,9
3668,2
3669,3
3670,29
3671,17
3672,20
3673,13
3674,10
3675,20
3676,27
3677,11
3678,5
3679,6
3680,7
3681,11
3682,1
3683,19
3684,4
3685,31
3686,31
3687,12
3688,23
3689,32
3690,14
3691,6
3692,13
3693,5
3694,4
3695,27
3696,32
3697,21
3698,9
3699,29
3700,19
3701,2
3702,17
3703,2
3704,30
3705,20
3706,30
3707,16
3708,21
3709,19
3710,5
3711,25
3712,20
3713,24
3714,11
3715,6
3716,2
3717,11
3718,1
3719,4
3720,11
3721,30
3722,17
3723,9
3724,10
3725,13
3726,10
3727,23
3728,10
3729,6
3730,19
3731,10
3732,8
3733,6
3734,22
3735,1
3736,4
3737,4
3738,16
3739,10
3740,25
3741,7
3742,1
3743,3
3744,9
3745,32
3746,23
3747,6
3748,1
3749,8
3750,32
3751,9
3752,25
3753,1
3754,4
3755,33
3756,5
3757,18
3758,9
3759,1
3760,31
3761,19
3762,7
3763,6
3764,17
3765,31
3766,34
3767,9
3768,17
3769,1
3770,22
3771,24
3772,24
3773,27
3774,31
3775,25
3776,9
3777,18
3778,25
3779,21
3780,1
3781,2
3782,1
3783,26
3784,6
3785,30
3786,26
3787,7
3788,28
3789,1
3790,15
3791,6
3792,3
3793,22
3794,18
3795,16
3796,16
3797,29
3798,21
3799,23
3800,29
3801,8
3802,21
3803,7
3804,10
3805,10
3806,7
3807,14
3808,27
3809,6
3810,8
3811,17
3812,9
3813,19
3814,30
3815,16
3816,4
3817,15
3818,12
3819,29
3820,1
3821,22
3822,11
3823,31
3824,22
3825,7
3826,19
3827,21
3828,5
3829,27
3830,29
3831,7
3832,8
3833,1
3834,11
3835,17
3836,27
3837,19
3838,7
3839,11
3840,5
3841,2
3842,20
3843,10
3844,5
3845,3
3846,21
3847,5
3848,32
3849,23
3850,31
3851,1
3852,10
3853,1
3854,17
3855,17
3856,19
3857,31
3858,15
3859,22
3860,30
3861,1
3862,15
3863,32
3864,2
3865,30
3866,4
3867,32
3868,1
3869,1
3870,25
3871,31
3872,2
3873,3
3874,26
3875,1
3876,11
3877,20
3878,12
3879,16
3880,25
3881,1
3882,17
3883,30
3884,5
3885,4
3886,7
3887,25
3888,31
3889,2
3890,5
3891,19
3892,28
3893,32
3894,12
3895,17
3896,10
3897,32
3898,14
3899,5
3900,25
3901,24
3902,19
3903,9
3904,30
3905,30
3906,2
3907,1
3908,7
3909,26
3910,13
3911,11
3912,22
3913,7
3914,8
3915,10
3916,13
3917,18
3918,10
3919,3
3920,24
3921,2
3922,32
3923,20
3924,23
3925,13
3926,8
3927,4
3928,25
3929,4
3930,20
3931,15
3932,14
3933,13
3934,12
3935,21
3936,21
3937,1
3938,29
3939,34
3940,7
3941,12
3942,15
3943,6
3944,12
3945,17
3946,1
3947,24
3948,30
3949,2
3950,25
3951,34
3952,6
3953,32
3954,1
3955,11
3956,13
3957,21
3958,4
3959,30
3960,24
3961,6
3962,8
3963,1
3964,23
3965,21
3966,1
3967,17
3968,16
3969,2
3970,5
3971,2
3972,14
3973,2
3974,12
3975,28
3976,8
3977,2
3978,10
3979,2
3980,28
3981,22
3982,6
3983,27
3984,14
3985,21
3986,6
3987,6
3988,5
3989,20
3990,6
3991,2
3992,1
3993,30
3994,27
3995,24
3996,11
3997,6
3998,11
3999,2
4000,22
4001,11
4002,31
4003,8
4004,24
4005,15
4006,12
4007,32
4008,9
4009,1
4010,4
4011,30
4012,34
4013,2
4014,2
4015,10
4016,6
4017,9
4018,1
4019,6
4020,33
4021,6
4022,1
4023,28
4024,28
4025,11
4026,31
4027,18
4028,5
4029,18
4030,8
4031,9
4032,18
4033,33
4034,27
4035,19
4036,31
4037,32
4038,14
4039,25
4040,30
4041,5
4042,26
4043,16
4044,16
4045,7
4046,31
4047,34
4048,13
4049,20
4050,29
4051,23
4052,8
4053,5
4054,34
4055,4
4056,29
4057,11
4058,30
4059,3
4060,3
4061,23
4062,29
4063,27
4064,10
4065,29
4066,3
4067,9
4068,20
4069,32
4070,5
4071,26
4072,8
4073,25
4074,7
4075,31
4076,30
4077,27
4078,2
4079,30
4080,32
4081,21
4082,32
4083,34
4084,31
4085,3
4086,20
4087,27
4088,21
4089,4
4090,12
4091,7
4092,20
4093,4
4094,24
4095,4
4096,9
4097,23
4098,10
4099,21
4100,7
4101,34
4102,8
4103,30
4104,5
4105,4
4106,12
4107,22
4108,4
4109,24
4110,4
4111,14
4112,8
4113,16
4114,5
4115,31
4116,2
4117,4
4118,2
4119,20
4120,11
4121,29
4122,22
4123,20
4124,32
4125,1
4126,10
4127,5
4128,7
4129,4
4130,10
4131,6
4132,9
4133,14
4134,1
4135,27
4136,1
4137,12
4138,28
4139,34
4140,26
4141,2
4142,25
4143,32
4144,30
4145,7
4146,11
4147,11
4148,2
4149,32
4150,7
4151,34
4152,7
4153,8
4154,25
4155,1
4156,4
4157,31
4158,31
4159,27
4160,11
4161,11
4162,6
4163,17
4164,11
4165,28
4166,8
4167,33
4168,20
4169,16
4170,25
4171,19
4172,3
4173,8
4174,18
4175,18
4176,6
4177,16
4178,14
4179,7
4180,9
4181,11
4182,28
4183,23
4184,5
4185,5
4186,30
4187,34
4188,19
4189,15
4190,25
4191,34
4192,12
4193,21
4194,10
4195,22
4196,3
4197,30
4198,11
4199,27
4200,22
4201,32
4202,14
4203,21
4204,21
4205,9
4206,3
4207,8
4208,33
4209,10
4210,34
4211,32
4212,32
4213,27
4214,7
4215,9
4216,5
4217,31
4218,10
4219,22
4220,31
4221,7
4222,14
4223,31
4224,21
4225,13
4226,32
4227,34
4228,22
4229,27
4230,30
4231,32
4232,13
4233,24
4234,14
4235,32
4236,26
4237,30
4238,31
4239,33
4240,9
4241,14
4242,14
4243,8
4244,24
4245,23
4246,21
4247,5
4248,11
4249,13
4250,21
4251,29
4252,12
4253,18
4254,21
4255,6
4256,31
4257,19
4258,1
4259,7
4260,1
4261,7
4262,5
4263,26
4264,22
4265,14
4266,32
4267,19
4268,28
4269,18
4270,9
4271,7
4272,2
4273,18
4274,1
4275,21
4276,13
4277,21
4278,4
4279,34
4280,11
4281,11
4282,11
4283,6
4284,31
4285,31
4286,26
4287,5
4288,30
4289,34
4290,7
4291,13
4292,12
4293,8
4294,2
4295,8
4296,28
4297,29
4298,10
4299,18
4300,29
4301,4
4302,26
4303,26
4304,12
4305,2
4306,21
4307,8
4308,34
4309,20
4310,23
4311,21
4312,34
4313,27
4314,14
4315,11
4316,21
4317,32
4318,22
4319,20
4320,12
4321,29
4322,7
4323,30
4324,31
4325,15
4326,5
4327,11
4328,19
4329,20
4330,25
4331,32
4332,11
4333,31
4334,4
4335,33
4336,2
4337,34
4338,22
4339,10
4340,23
4341,18
4342,34
4343,26
4344,18
4345,34
4346,3
4347,21
4348,19
4349,8
4350,14
4351,30
4352,32
4353,5
4354,2
4355,21
4356,12
4357,4
4358,33
4359,19
4360,8
4361,9
4362,12
4363,7
4364,20
4365,34
4366,13
4367,13
4368,7
4369,16
4370,10
4371,12
4372,12
4373,19
4374,3
4375,28
4376,29
4377,12
4378,30
4379,11
4380,13
4381,3
4382,30
4383,5
4384,12
4385,15
4386,4
4387,25
4388,18
4389,15
4390,2
4391,21
4392,13
4393,2
4394,12
4395,29
4396,6
4397,8
4398,28
4399,16
4400,15
4401,1
4402,31
4403,16
4404,31
4405,15
4406,8
4407,29
4408,31
4409,20
4410,13
4411,32
4412,5
4413,1
4414,30
4415,29
4416,5
4417,3
4418,12
4419,17
4420,17
4421,30
4422,29
4423,26
4424,1
4425,20
4426,14
4427,10
4428,6
4429,15
4430,3
4431,16
4432,3
4433,28
4434,11
4435,31
4436,12
4437,7
4438,17
4439,25
4440,23
4441,22
4442,8
4443,31
4444,6
4445,18
4446,34
4447,1
4448,28
4449,7
4450,15
4451,32
4452,28
4453,31
4454,9
4455,10
4456,20
4457,4
4458,12
4459,4
4460,7
4461,31
4462,16
4463,7
4464,9
4465,21
4466,25
4467,32
4468,34
4469,20
4470,30
4471,18
4472,10
4473,5
4474,31
4475,11
4476,33
4477,22
4478,14
4479,25
4480,26
4481,31
4482,24
4483,15
4484,24
4485,32
4486,11
4487,9
4488,1
4489,10
4490,20
4491,34
4492,19
4493,23
4494,2
4495,22
4496,29
4497,11
4498,1
4499,30
4500,8
4501,20
4502,23
4503,29
4504,7
4505,10
4506,3
4507,29
4508,23
4509,1
4510,15
4511,2
4512,10
4513,13
4514,4
4515,3
4516,8
4517,10
4518,14
4519,32
4520,15
4521,9
4522,30
4523,14
4524,3
4525,13
4526,32
4527,5
4528,13
4529,29
4530,18
4531,20
4532,10
4533,24
4534,19
4535,31
4536,3
4537,32
4538,5
4539,5
4540,23
4541,3
4542,24
4543,21
4544,4
4545,12
4546,23
4547,20
4548,18
4549,23
4550,19
4551,7
4552,13
4553,27
4554,23
4555,14
4556,24
4557,1
4558,14
4559,6
4560,5
4561,26
4562,12
4563,19
4564,3
4565,8
4566,7
4567,15
4568,29
4569,23
4570,2
4571,9
4572,28
4573,14
4574,7
4575,8
4576,29
4577,1
4578,12
4579,9
4580,4
4581,31
4582,2
4583,7
4584,11
4585,20
4586,7
4587,3
4588,13
4589,11
4590,24
4591,6
4592,17
4593,5
4594,15
4595,5
4596,24
4597,9
4598,10
4599,26
4600,3
4601,17
4602,9
4603,3
4604,30
4605,30
4606,16
4607,11
4608,18
4609,34
4610,23
4611,16
4612,12
4613,9
4614,3
4615,3
4616,7
4617,29
4618,7
4619,27
4620,1
4621,10
4622,9
4623,9
4624,25
4625,4
4626,8
4627,12
4628,26
4629,6
4630,33
4631,1
4632,5
4633,14
4634,19
4635,7
4636,17
4637,5
4638,20
4639,16
4640,31
4641,15
4642,1
4643,21
4644,31
4645,21
4646,6
4647,6
4648,19
4649,1
4650,12
4651,19
4652,4
4653,34
4654,11
4655,10
4656,30
4657,6
4658,26
4659,31
4660,7
4661,15
4662,34
4663,21
4664,9
4665,12
4666,8
4667,4
4668,21
4669,13
4670,31
4671,20
4672,9
4673,31
4674,21
4675,13
4676,9
4677,16
4678,30
4679,3
4680,29
4681,7
4682,24
4683,24
4684,7
4685,24
4686,21
4687,32
4688,30
4689,5
4690,12
4691,32
4692,12
4693,22
4694,1
4695,11
4696,20
4697,4
4698,27
4699,22
4700,18
4701,7
4702,9
4703,17
4704,10
4705,4
4706,31
4707,4
4708,8
4709,13
4710,34
4711,20
4712,13
4713,28
4714,34
4715,23
4716,8
4717,26
4718,13
4719,14
4720,13
4721,27
4722,32
4723,27
4724,4
4725,17
4726,16
4727,7
4728,7
4729,19
4730,27
4731,6
4732,21
4733,27
4734,14
4735,14
4736,34
4737,34
4738,12
4739,31
4740,2
4741,2
4742,32
4743,21
4744,11
4745,18
4746,28
4747,33
4748,28
4749,18
4750,30
4751,11
4752,5
4753,11
4754,26
4755,30
4756,19
4757,10
4758,7
4759,26
4760,6
4761,7
4762,1
4763,8
4764,11
4765,17
4766,13
4767,32
4768,20
4769,24
4770,20
4771,6
4772,8
4773,21
4774,8
4775,4
4776,6
4777,10
4778,11
4779,5
4780,2
4781,32
4782,25
4783,14
4784,23
4785,17
4786,19
4787,7
4788,28
4789,6
4790,14
4791,11
4792,6
4793,17
4794,21
4795,20
4796,11
4797,16
4798,3
4799,5
4800,18
4801,24
4802,22
4803,2
4804,4
4805,1
4806,26
4807,7
4808,1
4809,12
4810,27
4811,13
4812,21
4813,11
4814,5
4815,14
4816,11
4817,1
4818,19
4819,31
4820,12
4821,5
4822,10
4823,11
4824,5
4825,13
4826,5
4827,18
4828,8
4829,28
4830,13
4831,19
4832,27
4833,21
4834,2
4835,18
4836,26
4837,23
4838,27
4839,9
4840,9
4841,23
4842,28
4843,27
4844,6
4845,20
4846,16
4847,1
4848,21
4849,7
4850,3
4851,33
4852,24
4853,14
4854,3
4855,24
4856,7
4857,4
4858,14
4859,4
4860,19
4861,8
4862,2
4863,9
4864,4
4865,1
4866,13
4867,9
4868,13
4869,15
4870,15
4871,9
4872,10
4873,9
4874,14
4875,15
4876,11
4877,34
4878,20
4879,16
4880,10
4881,10
4882,16
4883,15
4884,31
4885,9
4886,6
4887,33
4888,20
4889,4
4890,8
4891,9
4892,1
4893,8
4894,11
4895,12
4896,22
4897,18
4898,3
4899,2
4900,16
4901,12
4902,20
4903,3
4904,12
4905,10
4906,3
4907,31
4908,14
4909,14
4910,18
4911,10
4912,32
4913,11
4914,8
4915,9
4916,12
4917,31
4918,1
4919,8
4920,12
4921,3
4922,29
4923,30
4924,14
4925,28
4926,20
4927,16
4928,7
4929,15
4930,6
4931,28
4932,33
4933,20
4934,15
4935,16
4936,10
4937,27
4938,9
4939,2
4940,10
4941,7
4942,8
4943,29
4944,17
4945,15
4946,5
4947,9
4948,21
4949,31
4950,34
4951,14
4952,24
4953,14
4954,10
4955,12
4956,28
4957,17
4958,22
4959,8
4960,15
4961,33
4962,6
4963,23
4964,9
4965,28
4966,3
4967,30
4968,8
4969,29
4970,15
4971,24
4972,20
4973,9
4974,12
4975,1
4976,14
4977,4
4978,8
4979,31
4980,10
4981,30
4982,12
4983,18
4984,5
4985,24
4986,14
4987,22
4988,6
4989,4
4990,32
4991,6
4992,3
4993,10
4994,32
4995,9
4996,27
4997,20
4998,21
4999,11
5000,1
5001,31
5002,3
5003,23
5004,1
5005,23
5006,3
5007,22
5008,23
5009,6
5010,14
5011,18
5012,20
5013,12
5014,10
5015,14
5016,30
5017,1
5018,13
5019,12
5020,24
5021,11
5022,17
5023,18
5024,29
5025,5
5026,28
5027,9
5028,19
5029,27
5030,9
5031,12
5032,32
5033,11
5034,23
5035,7
5036,9
5037,3
5038,13
5039,7
5040,4
5041,3
5042,27
5043,15
5044,1
5045,9
5046,22
5047,27
5048,29
5049,9
5050,5
5051,8
5052,22
5053,1
5054,8
5055,33
5056,25
5057,22
5058,9
5059,20
5060,30
5061,20
5062,10
5063,9
5064,23
5065,18
5066,7
5067,8
5068,3
5069,16
5070,32
5071,1
5072,6
5073,7
5074,25
5075,7
5076,4
5077,4
5078,11
5079,6
5080,16
5081,3
5082,31
5083,6
5084,10
5085,1
5086,26
5087,12
5088,29
5089,14
5090,20
5091,9
5092,5
5093,15
5094,32
5095,1
5096,5
5097,1
5098,30
5099,20
5100,11
5101,30
5102,4
5103,4
5104,3
5105,7
5106,1
5107,25
5108,31
5109,11
5110,4
5111,3
5112,5
5113,10
5114,9
5115,3
5116,4
5117,14
5118,26
5119,22
5120,14
5121,8
5122,30
5123,34
5124,31
5125,3
5126,31
5127,16
5128,22
5129,7
5130,4
5131,33
5132,31
5133,32
5134,11
5135,14
5136,8
5137,31
5138,30
5139,5
5140,6
5141,8
5142,9
5143,23
5144,30
5145,12
5146,3
5147,20
5148,1
5149,19
5150,17
5151,7
5152,20
5153,7
5154,10
5155,11
5156,1
5157,9
5158,13
5159,24
5160,33
5161,24
5162,11
5163,12
5164,14
5165,11
5166,28
5167,20
5168,10
5169,22
5170,4
5171,3
5172,11
5173,11
5174,29
5175,8
5176,6
5177,13
5178,22
5179,17
5180,3
5181,26
5182,8
5183,8
5184,4
5185,13
5186,2
5187,25
5188,31
5189,9
5190,9
5191,18
5192,20
5193,31
5194,12
5195,19
5196,24
5197,30
5198,12
5199,23
5200,5
5201,2
5202,5
5203,20
5204,1
5205,7
5206,11
5207,11
5208,3
5209,1
5210,2
5211,4
5212,11
5213,29
5214,11
5215,15
5216,26
5217,21
5218,32
5219,8
5220,32
5221,27
5222,3
5223,11
5224,4
5225,12
5226,22
5227,5
5228,32
5229,8
5230,17
5231,15
5232,3
5233,2
5234,26
5235,1
5236,21
5237,3
5238,7
5239,25
5240,26
5241,21
5242,31
5243,32
5244,3
5245,10
5246,14
5247,34
5248,21
5249,11
5250,2
5251,16
5252,30
5253,7
5254,8
5255,20
5256,24
5257,12
5258,19
5259,19
5260,13
5261,24
5262,17
5263,24
5264,3
5265,10
5266,1
5267,19
5268,2
5269,4
5270,4
5271,28
5272,3
5273,6
5274,12
5275,31
5276,24
5277,5
5278,24
5279,26
5280,4
5281,9
5282,9
5283,2
5284,24
5285,5
5286,7
5287,5
5288,32
5289,2
5290,11
5291,22
5292,20
5293,31
5294,19
5295,1
5296,3
5297,4
5298,7
5299,2
5300,5
5301,4
5302,12
5303,22
5304,11
5305,14
5306,18
5307,3
5308,17
5309,16
5310,15
5311,4
5312,34
5313,8
5314,4
5315,31
5316,14
5317,5
5318,32
5319,24
5320,29
5321,1
5322,25
5323,6
5324,33
5325,1
5326,4
5327,6
5328,3
5329,24
5330,4
5331,20
5332,20
5333,34
5334,7
5335,3
5336,6
5337,14
5338,34
5339,4
5340,15
5341,13
5342,15
5343,2
5344,1
5345,31
5346,14
5347,31
5348,9
5349,29
5350,16
5351,9
5352,20
5353,20
5354,30
5355,23
5356,12
5357,17
5358,2
5359,11
5360,29
5361,2
5362,10
5363,7
5364,8
5365,3
5366,1
5367,34
5368,14
5369,18
5370,31
5371,17
5372,22
5373,9
5374,6
5375,15
5376,29
5377,15
5378,1
5379,24
5380,5
5381,17
5382,30
5383,11
5384,13
5385,4
5386,22
5387,8
5388,9
5389,10
5390,30
5391,31
5392,31
5393,14
5394,23
5395,26
5396,31
5397,15
5398,33
5399,8
5400,21
5401,18
5402,15
5403,3
5404,23
5405,16
5406,31
5407,31
5408,4
5409,1
5410,6
5411,12
5412,10
5413,18
5414,14
5415,24
5416,5
5417,31
5418,5
5419,3
5420,4
5421,10
5422,18
5423,24
5424,29
5425,7
5426,30
5427,21
5428,12
5429,2
5430,7
5431,16
5432,8
5433,4
5434,2
5435,7
5436,9
5437,10
5438,6
5439,10
5440,8
5441,20
5442,1
5443,22
5444,5
5445,18
5446,10
5447,31
5448,29
5449,33
5450,25
5451,30
5452,32
5453,19
5454,7
5455,15
5456,27
5457,3
5458,3
5459,4
5460,6
5461,15
5462,32
5463,5
5464,30
5465,30
5466,30
5467,29
5468,4
5469,20
5470,30
5471,19
5472,11
5473,26
5474,1
5475,9
5476,2
5477,32
5478,32
5479,9
5480,25
5481,29
5482,4
5483,16
5484,13
5485,2
5486,33
5487,1
5488,9
5489,4
5490,25
5491,17
5492,29
5493,20
5494,6
5495,13
5496,24
5497,2
5498,6
5499,6
5500,7
5501,2
5502,21
5503,19
5504,10
5505,2
5506,4
5507,9
5508,32
5509,1
5510,31
5511,12
5512,3
5513,1
5514,28
5515,11
5516,25
5517,13
5518,37
5519,9
5520,17
5521,12
5522,9
5523,13
5524,11
5525,8
5526,26
5527,2
5528,23
5529,9
5530,3
5531,3
5532,16
5533,5
5534,19
5535,12
5536,13
5537,21
5538,7
5539,31
5540,6
5541,24
5542,6
5543,14
5544,15
5545,33
5546,6
5547,15
5548,34
5549,2
5550,4
5551,28
5552,7
5553,11
5554,18
5555,32
5556,5
5557,13
5558,13
5559,2
5560,29
5561,8
5562,21
5563,13
5564,2
5565,20
5566,11
5567,29
5568,12
5569,3
5570,1
5571,11
5572,29
5573,19
5574,11
5575,8
5576,25
5577,16
5578,28
5579,20
5580,9
5581,14
5582,18
5583,31
5584,3
5585,1
5586,4
5587,31
5588,23
5589,5
5590,18
5591,12
5592,25
5593,5
5594,8
5595,16
5596,2
5597,5
5598,3
5599,33
5600,15
5601,29
5602,5
5603,3
5604,23
5605,16
5606,2
5607,11
5608,31
5609,5
5610,16
5611,2
5612,15
5613,6
5614,12
5615,12
5616,3
5617,4
5618,31
5619,8
5620,21
5621,5
5622,32
5623,10
5624,31
5625,30
5626,14
5627,6
5628,18
5629,16
5630,3
5631,28
5632,29
5633,31
5634,16
5635,22
5636,3
5637,18
5638,1
5639,18
5640,15
5641,31
5642,21
5643,21
5644,13
5645,4
5646,2
5647,4
5648,17
5649,28
5650,31
5651,12
5652,12
5653,32
5654,2
5655,1
5656,31
5657,31
5658,31
5659,1
5660,20
5661,17
5662,16
5663,31
5664,31
5665,16
5666,7
5667,22
5668,15
5669,23
5670,12
5671,6
5672,9
5673,22
5674,9
5675,16
5676,3
5677,22
5678,18
5679,4
5680,19
5681,11
5682,5
5683,4
5684,31
5685,4
5686,2
5687,3
5688,7
5689,10
5690,22
5691,3
5692,24
5693,11
5694,7
5695,7
5696,3
5697,15
5698,21
5699,29
5700,34
5701,22
5702,4
5703,8
5704,16
5705,9
5706,29
5707,30
5708,2
5709,7
5710,2
5711,8
5712,19
5713,1
5714,8
5715,29
5716,10
5717,2
5718,27
5719,11
5720,31
5721,4
5722,30
5723,31
5724,22
5725,25
5726,6
5727,15
5728,15
5729,21
5730,13
5731,5
5732,26
5733,33
5734,11
5735,2
5736,15
5737,21
5738,5
5739,3
5740,5
5741,5
5742,7
5743,7
5744,29
5745,17
5746,34
5747,29
5748,23
5749,31
5750,8
5751,1
5752,3
5753,5
5754,34
5755,7
5756,27
5757,19
5758,14
5759,12
5760,1
5761,6
5762,3
5763,24
5764,32
5765,15
5766,27
5767,9
5768,6
5769,1
5770,11
5771,5
5772,15
5773,34
5774,32
5775,30
5776,9
5777,30
5778,4
5779,2
5780,15
5781,7
5782,31
5783,19
5784,11
5785,14
5786,21
5787,31
5788,5
5789,21
5790,21
5791,7
5792,9
5793,27
5794,16
5795,20
5796,18
5797,5
5798,2
5799,16
5800,11
5801,1
5802,31
5803,13
5804,2
5805,4
5806,6
5807,4
5808,7
5809,13
5810,11
5811,30
5812,7
5813,19
5814,1
5815,4
5816,10
5817,25
5818,6
5819,13
5820,4
5821,10
5822,6
5823,27
5824,14
5825,8
5826,7
5827,5
5828,20
5829,11
5830,8
5831,19
5832,5
5833,1
5834,1
5835,8
5836,20
5837,20
5838,30
5839,18
5840,22
5841,26
5842,7
5843,31
5844,3
5845,3
5846,34
5847,11
5848,3
5849,8
5850,8
5851,6
5852,27
5853,10
5854,30
5855,13
5856,32
5857,15
5858,27
5859,29
5860,11
5861,2
5862,21
5863,25
5864,9
5865,30
5866,3
5867,2
5868,25
5869,14
5870,1
5871,6
5872,12
5873,7
5874,8
5875,13
5876,20
5877,13
5878,14
5879,9
5880,15
5881,3
5882,21
5883,11
5884,30
5885,13
5886,9
5887,34
5888,13
5889,12
5890,25
5891,37
5892,31
5893,8
5894,27
5895,21
5896,7
5897,28
5898,6
5899,4
5900,16
5901,21
5902,16
5903,16
5904,5
5905,22
5906,30
5907,2
5908,4
5909,3
5910,18
5911,26
5912,23
5913,30
5914,5
5915,8
5916,4
5917,28
5918,15
5919,25
5920,8
5921,17
5922,9
5923,21
5924,27
5925,26
5926,25
5927,13
5928,16
5929,22
5930,24
5931,11
5932,12
5933,15
5934,11
5935,12
5936,3
5937,18
5938,31
5939,27
5940,12
5941,7
5942,11
5943,22
5944,21
5945,19
5946,30
5947,9
5948,1
5949,15
5950,3
5951,20
5952,16
5953,25
5954,3
5955,7
5956,21
5957,32
5958,19
5959,23
5960,23
5961,20
5962,15
5963,31
5964,3
5965,6
5966,19
5967,1
5968,11
5969,33
5970,29
5971,23
5972,5
5973,10
5974,22
5975,22
5976,22
5977,14
5978,20
5979,29
5980,26
5981,22
5982,19
5983,30
5984,10
5985,4
5986,3
5987,33
5988,6
5989,34
5990,9
5991,5
5992,29
5993,15
5994,31
5995,24
5996,30
5997,22
5998,2
5999,13
6000,11
6001,9
6002,20
6003,4
6004,16
6005,6
6006,17
6007,14
6008,19
6009,9
6010,8
6011,31
6012,9
6013,1
6014,29
6015,33
6016,6
6017,31
6018,21
6019,26
6020,3
6021,30
6022,4
6023,9
6024,7
6025,7
6026,23
6027,18
6028,32
6029,26
6030,26
6031,24
6032,13
6033,24
6034,24
6035,2
6036,33
6037,16
6038,30
6039,26
6040,29
6041,25
6042,5
6043,22
6044,18
6045,16
6046,25
6047,20
6048,13
6049,1
6050,5
6051,12
6052,17
6053,4
6054,1
6055,31
6056,7
6057,9
6058,31
6059,22
6060,14
6061,23
6062,21
6063,31
6064,11
6065,31
6066,29
6067,17
6068,8
6069,9
6070,31
6071,20
6072,1
6073,16
6074,31
6075,4
6076,11
6077,3
6078,4
6079,3
6080,5
6081,3
6082,20
6083,2
6084,10
6085,18
6086,22
6087,23
6088,2
6089,31
6090,9
6091,30
6092,19
6093,8
6094,4
6095,6
6096,23
6097,14
6098,10
6099,7
6100,6
6101,6
6102,21
6103,2
6104,14
6105,2
6106,31
6107,7
6108,6
6109,15
6110,9
6111,7
6112,18
6113,7
6114,20
6115,9
6116,2
6117,31
6118,21
6119,23
6120,10
6121,19
6122,1
6123,8
6124,12
6125,27
6126,5
6127,14
6128,31
6129,30
6130,4
6131,10
6132,30
6133,8
6134,11
6135,26
6136,14
6137,34
6138,10
6139,29
6140,24
6141,21
6142,12
6143,2
6144,1
6145,4
6146,6
6147,12
6148,9
6149,3
6150,5
6151,18
6152,5
6153,1
6154,27
6155,11
6156,5
6157,10
6158,7
6159,14
6160,29
6161,27
6162,32
6163,13
6164,3
6165,1
6166,19
6167,13
6168,1
6169,5
6170,20
6171,6
6172,14
6173,13
6174,1
6175,28
6176,30
6177,5
6178,18
6179,10
6180,37
6181,1
6182,10
6183,1
6184,7
6185,2
6186,3
6187,19
6188,2
6189,23
6190,30
6191,7
6192,31
6193,11
6194,7
6195,6
6196,24
6197,15
6198,2
6199,14
6200,14
6201,10
6202,4
6203,18
6204,16
6205,11
6206,13
6207,4
6208,15
6209,24
6210,26
6211,17
6212,2
6213,11
6214,8
6215,1
6216,6
6217,21
6218,6
6219,2
6220,8
6221,11
6222,13
6223,27
6224,30
6225,19
6226,16
6227,3
6228,20
6229,14
6230,2
6231,26
6232,31
6233,4
6234,23
6235,12
6236,32
6237,6
6238,13
6239,1
6240,28
6241,32
6242,14
6243,7
6244,9
6245,26
6246,1
6247,17
6248,10
6249,9
6250,13
6251,21
6252,8
6253,7
6254,29
6255,31
6256,1
6257,13
6258,7
6259,5
6260,7
6261,15
6262,10
6263,5
6264,2
6265,1
6266,7
6267,20
6268,17
6269,25
6270,31
6271,27
6272,31
6273,29
6274,32
6275,11
6276,10
6277,12
6278,26
6279,21
6280,1
6281,30
6282,6
6283,23
6284,9
6285,17
6286,7
6287,22
6288,7
6289,7
6290,8
6291,1
6292,25
6293,31
6294,13
6295,7
6296,12
6297,8
6298,9
6299,5
6300,5
6301,34
6302,24
6303,3
6304,1
6305,25
6306,31
6307,12
6308,2
6309,10
6310,3
6311,30
6312,8
6313,1
6314,29
6315,4
6316,2
6317,34
6318,17
6319,8
6320,30
6321,10
6322,20
6323,32
6324,15
6325,24
6326,1
6327,7
6328,29
6329,15
6330,3
6331,4
6332,17
6333,12
6334,4
6335,10
6336,5
6337,21
6338,3
6339,29
6340,15
6341,12
6342,4
6343,30
6344,26
6345,20
6346,4
6347,8
6348,10
6349,34
6350,19
6351,8
6352,20
6353,23
6354,30
6355,15
6356,9
6357,5
6358,5
6359,13
6360,17
6361,19
6362,30
6363,2
6364,26
6365,21
6366,27
6367,3
6368,21
6369,27
6370,1
6371,16
6372,9
6373,14
6374,31
6375,11
6376,13
6377,29
6378,21
6379,1
6380,31
6381,3
6382,7
6383,22
6384,7
6385,3
6386,37
6387,29
6388,7
6389,34
6390,19
6391,14
6392,23
6393,7
6394,31
6395,6
6396,14
6397,7
6398,8
6399,2
6400,9
6401,20
6402,2
6403,18
6404,19
6405,10
6406,7
6407,13
6408,25
6409,29
6410,6
6411,28
6412,10
6413,8
6414,9
6415,30
6416,19
6417,7
6418,16
6419,31
6420,24
6421,10
6422,4
6423,24
6424,11
6425,10
6426,15
6427,29
6428,10
6429,13
6430,7
6431,13
6432,2
6433,15
6434,12
6435,19
6436,20
6437,24
6438,7
6439,11
6440,12
6441,33
6442,10
6443,6
6444,7
6445,30
6446,29
6447,8
6448,1
6449,29
6450,13
6451,5
6452,32
6453,17
6454,15
6455,11
6456,31
6457,3
6458,21
6459,20
6460,19
6461,6
6462,17
6463,10
6464,4
6465,13
6466,28
6467,2
6468,10
6469,24
6470,6
6471,37
6472,12
6473,37
6474,10
6475,4
6476,10
6477,26
6478,9
6479,26
6480,1
6481,7
6482,3
6483,14
6484,34
6485,16
6486,33
6487,31
6488,3
6489,26
6490,9
6491,32
6492,7
6493,23
6494,7
6495,32
6496,20
6497,15
6498,17
6499,29
6500,30
6501,3
6502,19
6503,11
6504,8
6505,9
6506,15
6507,34
6508,9
6509,29
6510,31
6511,16
6512,37
6513,2
6514,11
6515,28
6516,37
6517,5
6518,1
6519,12
6520,9
6521,2
6522,25
6523,3
6524,22
6525,11
6526,13
6527,30
6528,2
6529,12
6530,29
6531,21
6532,15
6533,21
6534,23
6535,29
6536,14
6537,13
6538,37
6539,22
6540,15
6541,7
6542,27
6543,31
6544,4
6545,37
6546,30
6547,15
6548,21
6549,37
6550,30
6551,9
6552,31
6553,5
6554,22
6555,7
6556,24
6557,30
6558,15
6559,32
6560,21
6561,14
6562,13
6563,3
6564,10
6565,14
6566,15
6567,31
6568,9
6569,34
6570,9
6571,15
6572,19
6573,17
6574,15
6575,15
6576,9
6577,3
6578,12
6579,1
6580,6
6581,23
6582,15
6583,2
6584,11
6585,12
6586,37
6587,34
6588,23
6589,26
6590,3
6591,28
6592,9
6593,20
6594,7
6595,5
6596,37
6597,9
6598,24
6599,30
6600,22
6601,3
6602,3
6603,15
6604,17
6605,1
6606,18
6607,13
6608,12
6609,23
6610,4
6611,14
6612,3
6613,25
6614,22
6615,34
6616,28
6617,18
6618,18
6619,32
6620,12
6621,2
6622,11
6623,11
6624,29
6625,13
6626,8
6627,20
6628,24
6629,3
6630,8
6631,33
6632,12
6633,13
6634,2
6635,14
6636,12
6637,14
6638,22
6639,3
6640,12
6641,10
6642,4
6643,34
6644,16
6645,7
6646,5
6647,37
6648,9
6649,37
6650,31
6651,22
6652,12
6653,1
6654,3
6655,4
6656,21
6657,2
6658,16
6659,18
6660,37
6661,12
6662,17
6663,1
6664,5
6665,11
6666,20
6667,16
6668,31
6669,18
6670,9
6671,11
6672,11
6673,8
6674,26
6675,34
6676,26
6677,19
6678,24
6679,30
6680,18
6681,2
6682,10
6683,20
6684,3
6685,6
6686,19
6687,13
6688,11
6689,2
6690,11
6691,37
6692,21
6693,5
6694,3
6695,31
6696,8
6697,13
6698,3
6699,37
6700,8
6701,12
6702,13
6703,24
6704,11
6705,37
6706,17
6707,20
6708,9
6709,18
6710,7
6711,18
6712,31
6713,3
6714,18
6715,1
6716,27
6717,7
6718,28
6719,17
6720,14
6721,2
6722,34
6723,4
6724,1
6725,34
6726,25
6727,14
6728,34
6729,37
6730,29
6731,30
6732,7
6733,17
6734,4
6735,3
6736,1
6737,9
6738,30
6739,23
6740,20
6741,1
6742,12
6743,13
6744,7
6745,3
6746,9
6747,17
6748,37
6749,34
6750,30
6751,25
6752,31
6753,3
6754,16
6755,7
6756,2
6757,2
6758,4
6759,19
6760,12
6761,6
6762,29
6763,23
6764,32
6765,27
6766,14
6767,21
6768,11
6769,31
6770,6
6771,4
6772,34
6773,8
6774,13
6775,1
6776,12
6777,14
6778,23
6779,20
6780,17
6781,3
6782,29
6783,9
6784,8
6785,3
6786,1
6787,31
6788,8
6789,37
6790,1
6791,37
6792,6
6793,30
6794,8
6795,31
6796,21
6797,30
6798,15
6799,23
6800,3
6801,18
6802,10
6803,30
6804,11
6805,11
6806,14
6807,34
6808,20
6809,37
6810,11
6811,9
6812,5
6813,3
6814,2
6815,37
6816,17
6817,37
6818,4
6819,18
6820,17
6821,7
6822,5
6823,13
6824,34
6825,31
6826,31
6827,31
6828,21
6829,13
6830,18
6831,32
6832,5
6833,16
6834,4
6835,17
6836,22
6837,37
6838,37
6839,3
6840,37
6841,9
6842,2
6843,34
6844,23
6845,8
6846,31
6847,20
6848,14
6849,10
6850,3
6851,16
6852,3
6853,1
6854,10
6855,5
6856,1
6857,33
6858,5
6859,34
6860,37
6861,23
6862,5
6863,14
6864,15
6865,23
6866,23
6867,37
6868,8
6869,5
6870,2
6871,24
6872,17
6873,11
6874,3
6875,19
6876,7
6877,21
6878,19
6879,5
6880,23
6881,1
6882,23
6883,16
6884,33
6885,10
6886,5
6887,37
6888,24
6889,7
6890,11
6891,25
6892,4
6893,1
6894,29
6895,18
6896,7
6897,22
6898,9
6899,25
6900,6
6901,14
6902,2
6903,34
6904,30
6905,7
6906,5
6907,33
6908,8
6909,8
6910,3
6911,13
6912,33
6913,22
6914,11
6915,6
6916,31
6917,34
6918,17
6919,8
6920,8
6921,10
6922,34
6923,12
6924,29
6925,6
6926,25
6927,11
6928,15
6929,11
6930,13
6931,12
6932,12
6933,19
6934,29
6935,3
6936,7
6937,4
6938,8
6939,12
6940,15
6941,17
6942,5
6943,31
6944,16
6945,9
6946,15
6947,4
6948,19
6949,1
6950,10
6951,28
6952,13
6953,14
6954,11
6955,10
6956,4
6957,22
6958,12
6959,19
6960,2
6961,2
6962,8
6963,2
6964,1
6965,20
6966,13
6967,29
6968,2
6969,34
6970,7
6971,3
6972,34
6973,30
6974,26
6975,37
6976,34
6977,20
6978,15
6979,34
6980,9
6981,14
6982,19
6983,22
6984,27
6985,18
6986,26
6987,30
6988,9
6989,13
6990,18
6991,8
6992,26
6993,26
6994,13
6995,6
6996,22
6997,30
6998,27
6999,14
7000,6
7001,29
7002,6
7003,37
7004,5
7005,3
7006,1
7007,10
7008,15
7009,11
7010,9
7011,13
7012,27
7013,4
7014,26
7015,23
7016,34
7017,10
7018,29
7019,24
7020,32
7021,20
7022,15
7023,6
7024,17
7025,37
7026,27
7027,23
7028,8
7029,34
7030,26
7031,5
7032,34
7033,34
7034,14
7035,34
7036,10
7037,2
7038,13
7039,10
7040,5
7041,8
7042,13
7043,6
7044,11
7045,12
7046,30
7047,13
7048,6
7049,22
7050,19
7051,9
7052,4
7053,21
7054,32
7055,19
7056,26
7057,6
7058,20
7059,9
7060,29
7061,37
7062,13
7063,7
7064,2
7065,26
7066,22
7067,4
7068,4
7069,15
7070,6
7071,12
7072,15
7073,16
7074,16
7075,22
7076,14
7077,11
7078,31
7079,17
7080,30
7081,1
7082,23
7083,25
7084,5
7085,3
7086,31
7087,30
7088,7
7089,18
7090,34
7091,10
7092,6
7093,27
7094,6
7095,37
7096,16
7097,28
7098,14
7099,12
7100,5
7101,13
7102,34
7103,16
7104,11
7105,6
7106,21
7107,35
7108,6
7109,3
7110,4
7111,16
7112,17
7113,12
7114,2
7115,10
7116,2
7117,2
7118,14
7119,13
7120,33
7121,27
7122,1
7123,7
7124,30
7125,5
7126,11
7127,6
7128,25
7129,10
7130,23
7131,9
7132,8
7133,4
7134,12
7135,35
7136,24
7137,20
7138,16
7139,7
7140,6
7141,30
7142,7
7143,13
7144,17
7145,1
7146,34
7147,28
7148,14
7149,10
7150,21
7151,11
7152,34
7153,37
7154,9
7155,16
7156,23
7157,3
7158,10
7159,28
7160,34
7161,28
7162,11
7163,20
7164,32
7165,14
7166,26
7167,4
7168,28
7169,26
7170,25
7171,34
7172,23
7173,8
7174,37
7175,20
7176,7
7177,24
7178,16
7179,9
7180,3
7181,29
7182,20
7183,34
7184,31
7185,34
7186,30
7187,1
7188,30
7189,22
7190,34
7191,26
7192,23
7193,37
7194,18
7195,5
7196,1
7197,11
7198,6
7199,17
7200,6
7201,2
7202,21
7203,1
7204,34
7205,2
7206,27
7207,8
7208,8
7209,2
7210,3
7211,7
7212,30
7213,32
7214,19
7215,6
7216,37
7217,10
7218,18
7219,9
7220,21
7221,20
7222,30
7223,10
7224,12
7225,11
7226,28
7227,2
7228,34
7229,34
7230,13
7231,12
7232,19
7233,22
7234,2
7235,19
7236,17
7237,33
7238,8
7239,4
7240,4
7241,4
7242,28
7243,20
7244,30
7245,23
7246,17
7247,20
7248,14
7249,3
7250,3
7251,1
7252,27
7253,20
7254,12
7255,5
7256,33
7257,10
7258,5
7259,29
7260,4
7261,34
7262,30
7263,3
7264,11
7265,32
7266,28
7267,32
7268,20
7269,30
7270,28
7271,4
7272,28
7273,7
7274,11
7275,16
7276,12
7277,13
7278,29
7279,7
7280,37
7281,15
7282,19
7283,12
7284,33
7285,7
7286,10
7287,12
7288,30
7289,19
7290,19
7291,34
7292,20
7293,13
7294,19
7295,13
7296,30
7297,9
7298,26
7299,29
7300,22
7301,3
7302,1
7303,31
7304,12
7305,8
7306,25
7307,17
7308,2
7309,17
7310,29
7311,8
7312,31
7313,10
7314,12
7315,2
7316,6
7317,11
7318,3
7319,32
7320,19
7321,21
7322,19
7323,5
7324,7
7325,5
7326,31
7327,4
7328,16
7329,30
7330,16
7331,3
7332,9
7333,32
7334,26
7335,8
7336,2
7337,6
7338,23
7339,37
7340,6
7341,3
7342,16
7343,29
7344,12
7345,6
7346,12
7347,15
7348,24
7349,8
7350,16
7351,5
7352,37
7353,27
7354,25
7355,5
7356,26
7357,5
7358,7
7359,19
7360,10
7361,29
7362,3
7363,28
7364,30
7365,11
7366,17
7367,24
7368,28
7369,27
7370,33
7371,18
7372,29
7373,22
7374,34
7375,31
7376,37
7377,9
7378,13
7379,34
7380,6
7381,12
7382,10
7383,10
7384,37
7385,3
7386,31
7387,24
7388,26
7389,25
7390,5
7391,3
7392,19
7393,33
7394,7
7395,26
7396,16
7397,14
7398,5
7399,33
7400,22
7401,18
7402,3
7403,21
7404,37
7405,20
7406,11
7407,20
7408,11
7409,3
7410,21
7411,34
7412,18
7413,8
7414,32
7415,2
7416,2
7417,13
7418,15
7419,15
7420,10
7421,3
7422,3
7423,37
7424,17
7425,15
7426,32
7427,7
7428,15
7429,3
7430,2
7431,34
7432,3
7433,1
7434,15
7435,19
7436,13
7437,14
7438,33
7439,10
7440,8
7441,2
7442,11
7443,15
7444,25
7445,21
7446,7
7447,9
7448,6
7449,1
7450,30
7451,25
7452,33
7453,22
7454,1
7455,37
7456,34
7457,22
7458,33
7459,14
7460,2
7461,17
7462,13
7463,30
7464,33
7465,30
7466,33
7467,7
7468,20
7469,8
7470,19
7471,8
7472,33
7473,21
7474,25
7475,4
7476,4
7477,12
7478,8
7479,15
7480,33
7481,4
7482,23
7483,30
7484,23
7485,25
7486,6
7487,35
7488,14
7489,7
7490,13
7491,28
7492,1
7493,23
7494,15
7495,34
7496,33
7497,20
7498,6
7499,15
7500,29
7501,34
7502,20
7503,11
7504,9
7505,19
7506,12
7507,5
7508,33
7509,19
7510,4
7511,27
7512,4
7513,1
7514,3
7515,4
7516,16
7517,3
7518,11
7519,21
7520,10
7521,16
7522,14
7523,4
7524,32
7525,28
7526,5
7527,9
7528,2
7529,7
7530,22
7531,23
7532,6
7533,32
7534,3
7535,5
7536,21
7537,14
7538,12
7539,25
7540,21
7541,17
7542,1
7543,22
7544,30
7545,16
7546,32
7547,29
7548,2
7549,11
7550,31
7551,4
7552,6
7553,34
7554,3
7555,30
7556,33
7557,16
7558,28
7559,33
7560,3
7561,11
7562,10
7563,21
7564,7
7565,13
7566,15
7567,31
7568,19
7569,8
7570,7
7571,25
7572,11
7573,30
7574,30
7575,5
7576,18
7577,12
7578,10
7579,26
7580,3
7581,4
7582,16
7583,12
7584,17
7585,23
7586,28
7587,30
7588,15
7589,9
7590,6
7591,30
7592,5
7593,21
7594,28
7595,27
7596,7
7597,23
7598,17
7599,25
7600,10
7601,4
7602,6
7603,34
7604,13
7605,25
7606,5
7607,14
7608,9
7609,18
7610,3
7611,21
7612,33
7613,8
7614,28
7615,8
7616,6
7617,22
7618,1
7619,29
7620,13
7621,2
7622,16
7623,7
7624,8
7625,16
7626,4
7627,32
7628,18
7629,20
7630,6
7631,29
7632,19
7633,21
7634,7
7635,4
7636,4
7637,29
7638,33
7639,12
7640,1
7641,13
7642,7
7643,16
7644,14
7645,36
7646,29
7647,15
7648,18
7649,34
7650,14
7651,28
7652,10
7653,1
7654,25
7655,1
7656,2
7657,11
7658,1
7659,19
7660,16
7661,17
7662,13
7663,13
7664,1
7665,12
7666,13
7667,15
7668,6
7669,16
7670,31
7671,11
7672,26
7673,9
7674,11
7675,11
7676,28
7677,1
7678,7
7679,37
7680,10
7681,17
7682,9
7683,6
7684,2
7685,5
7686,26
7687,1
7688,5
7689,5
7690,5
7691,9
7692,27
7693,13
7694,22
7695,19
7696,9
7697,18
7698,4
7699,6
7700,13
7701,19
7702,28
7703,4
7704,8
7705,3
7706,3
7707,28
7708,17
7709,15
7710,19
7711,15
7712,6
7713,18
7714,11
7715,31
7716,10
7717,4
7718,10
7719,8
7720,13
7721,3
7722,21
7723,10
7724,2
7725,27
7726,30
7727,9
7728,32
7729,9
7730,10
7731,19
7732,12
7733,22
7734,10
7735,13
7736,7
7737,19
7738,16
7739,18
7740,30
7741,34
7742,36
7743,34
7744,19
7745,9
7746,2
7747,24
7748,5
7749,11
7750,25
7751,23
7752,32
7753,29
7754,12
7755,34
7756,9
7757,2
7758,13
7759,30
7760,31
7761,25
7762,8
7763,32
7764,25
7765,16
7766,29
7767,22
7768,30
7769,16
7770,2
7771,28
7772,21
7773,6
7774,17
7775,20
7776,26
7777,10
7778,27
7779,12
7780,15
7781,32
7782,30
7783,2
7784,18
7785,14
7786,1
7787,18
7788,13
7789,15
7790,6
7791,8
7792,34
7793,30
7794,8
7795,15
7796,21
7797,21
7798,16
7799,23
7800,6
7801,4
7802,19
7803,2
7804,14
7805,9
7806,8
7807,26
7808,17
7809,30
7810,26
7811,37
7812,9
7813,20
7814,22
7815,1
7816,19
7817,18
7818,1
7819,21
7820,12
7821,7
7822,1
7823,7
7824,34
7825,10
7826,28
7827,7
7828,3
7829,4
7830,20
7831,7
7832,5
7833,19
7834,2
7835,25
7836,8
7837,13
7838,5
7839,4
7840,5
7841,9
7842,16
7843,15
7844,32
7845,11
7846,12
7847,20
7848,12
7849,30
7850,10
7851,3
7852,4
7853,4
7854,4
7855,20
7856,22
7857,20
7858,29
7859,9
7860,4
7861,13
7862,3
7863,23
7864,2
7865,13
7866,6
7867,3
7868,34
7869,30
7870,15
7871,7
7872,13
7873,2
7874,3
7875,18
7876,8
7877,11
7878,31
7879,31
7880,20
7881,25
7882,5
7883,34
7884,2
7885,4
7886,17
7887,4
7888,4
7889,23
7890,34
7891,7
7892,19
7893,9
7894,4
7895,1
7896,10
7897,28
7898,13
7899,13
7900,14
7901,4
7902,1
7903,14
7904,8
7905,8
7906,27
7907,7
7908,6
7909,7
7910,7
7911,33
7912,12
7913,15
7914,20
7915,2
7916,29
7917,27
7918,3
7919,15
7920,29
7921,11
7922,13
7923,6
7924,8
7925,13
7926,29
7927,33
7928,22
7929,21
7930,23
7931,34
7932,12
7933,10
7934,30
7935,34
7936,34
7937,15
7938,22
7939,32
7940,5
7941,9
7942,9
7943,29
7944,31
7945,23
7946,10
7947,26
7948,24
7949,11
7950,5
7951,9
7952,15
7953,27
7954,31
7955,11
7956,33
7957,32
7958,19
7959,21
7960,2
7961,7
7962,21
7963,36
7964,18
7965,17
7966,13
7967,12
7968,11
7969,1
7970,14
7971,14
7972,13
7973,3
7974,10
7975,13
7976,5
7977,20
7978,27
7979,22
7980,23
7981,6
7982,7
7983,12
7984,9
7985,16
7986,28
7987,6
7988,11
7989,16
7990,15
7991,33
7992,24
7993,28
7994,11
7995,14
7996,7
7997,10
7998,30
7999,11
8000,3
8001,1
8002,7
8003,7
8004,20
8005,3
8006,34
8007,21
8008,15
8009,10
8010,11
8011,13
8012,24
8013,26
8014,5
8015,33
8016,19
8017,7
8018,5
8019,30
8020,15
8021,7
8022,22
8023,9
8024,22
8025,7
8026,28
8027,18
8028,3
8029,15
8030,4
8031,27
8032,11
8033,9
8034,3
8035,24
8036,33
8037,27
8038,26
8039,23
8040,4
8041,8
8042,4
8043,11
8044,8
8045,4
8046,11
8047,11
8048,19
8049,8
8050,31
8051,34
8052,5
8053,17
8054,19
8055,13
8056,7
8057,33
8058,13
8059,4
8060,11
8061,3
8062,25
8063,23
8064,13
8065,19
8066,10
8067,16
8068,7
8069,3
8070,28
8071,15
8072,31
8073,1
8074,30
8075,15
8076,17
8077,3
8078,8
8079,3
8080,17
8081,5
8082,8
8083,30
8084,12
8085,18
8086,12
8087,33
8088,25
8089,6
8090,2
8091,8
8092,4
8093,21
8094,1
8095,7
8096,31
8097,13
8098,1
8099,22
8100,4
8101,8
8102,5
8103,4
8104,34
8105,27
8106,8
8107,10
8108,9
8109,11
8110,12
8111,26
8112,16
8113,22
8114,12
8115,21
8116,4
8117,33
8118,8
8119,1
8120,15
8121,12
8122,10
8123,15
8124,34
8125,2
8126,22
8127,6
8128,2
8129,21
8130,16
8131,10
8132,29
8133,1
8134,10
8135,1
8136,33
8137,33
8138,5
8139,33
8140,23
8141,29
8142,3
8143,1
8144,3
8145,11
8146,28
8147,11
8148,31
8149,22
8150,14
8151,10
8152,5
8153,11
8154,27
8155,4
8156,7
8157,2
8158,14
8159,6
8160,4
8161,13
8162,14
8163,18
8164,5
8165,22
8166,28
8167,4
8168,8
8169,4
8170,34
8171,3
8172,4
8173,11
8174,13
8175,10
8176,6
8177,31
8178,14
8179,28
8180,9
8181,2
8182,18
8183,33
8184,5
8185,4
8186,24
8187,21
8188,8
8189,3
8190,32
8191,8
8192,29
8193,23
8194,3
8195,20
8196,16
8197,9
8198,5
8199,7
8200,19
8201,15
8202,19
8203,31
8204,34
8205,10
8206,4
8207,4
8208,3
8209,8
8210,3
8211,4
8212,22
8213,30
8214,1
8215,15
8216,16
8217,28
8218,14
8219,17
8220,36
8221,2
8222,1
8223,9
8224,36
8225,29
8226,3
8227,3
8228,3
8229,6
8230,21
8231,2
8232,3
8233,13
8234,36
8235,5
8236,13
8237,8
8238,18
8239,10
8240,10
8241,25
8242,5
8243,2
8244,8
8245,10
8246,18
8247,12
8248,24
8249,13
8250,32
8251,20
8252,4
8253,6
8254,19
8255,9
8256,34
8257,5
8258,9
8259,3
8260,23
8261,13
8262,12
8263,12
8264,12
8265,2
8266,17
8267,3
8268,4
8269,10
8270,22
8271,28
8272,25
8273,13
8274,17
8275,8
8276,6
8277,34
8278,13
8279,4
8280,20
8281,7
8282,32
8283,1
8284,18
8285,28
8286,11
8287,26
8288,11
8289,25
8290,23
8291,19
8292,34
8293,27
8294,14
8295,28
8296,26
8297,4
8298,11
8299,2
8300,1
8301,26
8302,4
8303,6
8304,7
8305,11
8306,13
8307,30
8308,1
8309,7
8310,24
8311,4
8312,16
8313,12
8314,8
8315,10
8316,7
8317,21
8318,13
8319,30
8320,13
8321,24
8322,29
8323,8
8324,26
8325,30
8326,28
8327,1
8328,26
8329,6
8330,5
8331,24
8332,34
8333,34
8334,29
8335,1
8336,23
8337,22
8338,14
8339,11
8340,12
8341,27
8342,17
8343,17
8344,5
8345,16
8346,33
8347,27
8348,27
8349,28
8350,13
8351,13
8352,34
8353,24
8354,26
8355,31
8356,23
8357,11
8358,28
8359,3
8360,34
8361,19
8362,34
8363,2
8364,9
8365,30
8366,8
8367,9
8368,21
8369,20
8370,20
8371,32
8372,16
8373,1
8374,22
8375,13
8376,4
8377,24
8378,18
8379,3
8380,29
8381,11
8382,9
8383,20
8384,34
8385,13
8386,26
8387,15
8388,1
8389,10
8390,30
8391,5
8392,31
8393,12
8394,20
8395,12
8396,11
8397,4
8398,2
8399,1
8400,12
8401,21
8402,8
8403,24
8404,6
8405,15
8406,14
8407,20
8408,18
8409,17
8410,1
8411,6
8412,16
8413,4
8414,8
8415,16
8416,3
8417,12
8418,11
8419,1
8420,12
8421,26
8422,22
8423,2
8424,11
8425,15
8426,6
8427,32
8428,13
8429,2
8430,5
8431,16
8432,12
8433,19
8434,15
8435,9
8436,29
8437,31
8438,9
8439,24
8440,11
8441,7
8442,8
8443,2
8444,20
8445,20
8446,14
8447,16
8448,5
8449,19
8450,11
8451,12
8452,6
8453,9
8454,8
8455,15
8456,4
8457,20
8458,19
8459,31
8460,27
8461,2
8462,32
8463,21
8464,5
8465,25
8466,8
8467,13
8468,20
8469,20
8470,20
8471,10
8472,3
8473,34
8474,6
8475,9
8476,5
8477,3
8478,34
8479,25
8480,14
8481,24
8482,2
8483,23
8484,22
8485,11
8486,18
8487,4
8488,5
8489,2
8490,7
8491,34
8492,33
8493,3
8494,7
8495,29
8496,8
8497,14
8498,3
8499,2
8500,7
8501,7
8502,1
8503,20
8504,18
8505,11
8506,11
8507,8
8508,3
8509,2
8510,4
8511,26
8512,7
8513,11
8514,4
8515,14
8516,26
8517,9
8518,3
8519,1
8520,25
8521,20
8522,25
8523,34
8524,36
8525,5
8526,20
8527,6
8528,20
8529,5
8530,2
8531,5
8532,30
8533,20
8534,6
8535,36
8536,2
8537,30
8538,5
8539,21
8540,33
8541,5
8542,12
8543,1
8544,34
8545,28
8546,10
8547,13
8548,1
8549,4
8550,16
8551,9
8552,1
8553,12
8554,32
8555,15
8556,8
8557,5
8558,9
8559,17
8560,9
8561,16
8562,2
8563,7
8564,15
8565,5
8566,1
8567,17
8568,6
8569,36
8570,11
8571,6
8572,17
8573,31
8574,2
8575,9
8576,4
8577,1
8578,4
8579,24
8580,9
8581,14
8582,17
8583,5
8584,21
8585,10
8586,34
8587,1
8588,3
8589,19
8590,3
8591,11
8592,29
8593,11
8594,8
8595,30
8596,5
8597,17
8598,20
8599,9
8600,4
8601,6
8602,30
8603,32
8604,32
8605,14
8606,32
8607,9
8608,8
8609,34
8610,12
8611,1
8612,25
8613,21
8614,31
8615,32
8616,31
8617,5
8618,17
8619,26
8620,6
8621,4
8622,4
8623,36
8624,36
8625,6
8626,22
8627,2
8628,14
8629,8
8630,4
8631,33
8632,6
8633,9
8634,34
8635,22
8636,10
8637,31
8638,18
8639,29
8640,2
8641,18
8642,16
8643,10
8644,1
8645,10
8646,32
8647,23
8648,11
8649,25
8650,6
8651,7
8652,8
8653,29
8654,23
8655,12
8656,30
8657,13
8658,10
8659,5
8660,3
8661,14
8662,15
8663,11
8664,36
8665,10
8666,2
8667,15
8668,7
8669,5
8670,11
8671,11
8672,12
8673,36
8674,34
8675,6
8676,19
8677,8
8678,14
8679,8
8680,3
8681,9
8682,15
8683,10
8684,26
8685,6
8686,1
8687,24
8688,14
8689,3
8690,30
8691,26
8692,6
8693,12
8694,4
8695,34
8696,8
8697,11
8698,2
8699,8
8700,19
8701,13
8702,18
8703,36
8704,14
8705,32
8706,34
8707,15
8708,13
8709,3
8710,13
8711,36
8712,20
8713,19
8714,21
8715,7
8716,10
8717,26
8718,14
8719,27
8720,6
8721,17
8722,21
8723,30
8724,24
8725,15
8726,33
8727,9
8728,7
8729,9
8730,12
8731,4
8732,17
8733,12
8734,17
8735,26
8736,29
8737,14
8738,7
8739,2
8740,1
8741,10
8742,7
8743,17
8744,10
8745,8
8746,36
8747,11
8748,14
8749,15
8750,23
8751,12
8752,13
8753,34
8754,13
8755,11
8756,2
8757,14
8758,2
8759,15
8760,7
8761,22
8762,22
8763,36
8764,15
8765,4
8766,4
8767,24
8768,28
8769,36
8770,29
8771,3
8772,3
8773,9
8774,12
8775,36
8776,7
8777,6
8778,5
8779,24
8780,13
8781,2
8782,21
8783,30
8784,26
8785,13
8786,15
8787,10
8788,14
8789,23
8790,33
8791,1
8792,36
8793,19
8794,30
8795,23
8796,4
8797,13
8798,4
8799,8
8800,25
8801,5
8802,30
8803,15
8804,11
8805,15
8806,5
8807,20
8808,26
8809,30
8810,6
8811,11
8812,28
8813,27
8814,36
8815,13
8816,8
8817,8
8818,26
8819,11
8820,22
8821,31
8822,29
8823,11
8824,11
8825,11
8826,29
8827,12
8828,18
8829,28
8830,25
8831,9
8832,25
8833,23
8834,3
8835,13
8836,1
8837,17
8838,9
8839,18
8840,13
8841,7
8842,2
8843,22
8844,3
8845,9
8846,4
8847,20
8848,7
8849,14
8850,2
8851,19
8852,10
8853,31
8854,18
8855,20
8856,9
8857,9
8858,10
8859,20
8860,36
8861,21
8862,24
8863,8
8864,12
8865,3
8866,20
8867,8
8868,37
8869,1
8870,33
8871,30
8872,30
8873,10
8874,16
8875,9
8876,4
8877,4
8878,30
8879,36
8880,6
8881,14
8882,12
8883,12
8884,32
8885,29
8886,20
8887,25
8888,29
8889,26
8890,11
8891,20
8892,36
8893,32
8894,19
8895,1
8896,23
8897,15
8898,6
8899,19
8900,9
8901,1
8902,28
8903,22
8904,7
8905,34
8906,33
8907,28
8908,30
8909,19
8910,27
8911,3
8912,6
8913,13
8914,4
8915,7
8916,4
8917,11
8918,5
8919,1
8920,31
8921,11
8922,36
8923,7
8924,30
8925,6
8926,31
8927,5
8928,13
8929,34
8930,6
8931,8
8932,36
8933,6
8934,3
8935,6
8936,34
8937,29
8938,30
8939,8
8940,36
8941,3
8942,29
8943,24
8944,36
8945,3
8946,36
8947,15
8948,29
8949,4
8950,3
8951,15
8952,5
8953,11
8954,28
8955,36
8956,22
8957,2
8958,36
8959,1
8960,7
8961,10
8962,18
8963,5
8964,4
8965,14
8966,19
8967,6
8968,32
8969,11
8970,36
8971,24
8972,29
8973,19
8974,36
8975,27
8976,1
8977,24
8978,26
8979,3
8980,8
8981,11
8982,21
8983,24
8984,36
8985,19
8986,2
8987,15
8988,11
8989,15
8990,20
8991,15
8992,5
8993,30
8994,19
8995,2
8996,10
8997,14
8998,36
8999,7
9000,5
9001,4
9002,14
9003,7
9004,8
9005,36
9006,6
9007,1
9008,12
9009,9
9010,21
9011,4
9012,18
9013,9
9014,9
9015,13
9016,12
9017,6
9018,30
9019,10
9020,4
9021,8
9022,17
9023,15
9024,3
9025,20
9026,31
9027,26
9028,22
9029,28
9030,24
9031,31
9032,6
9033,33
9034,7
9035,25
9036,29
9037,22
9038,3
9039,36
9040,12
9041,13
9042,16
9043,3
9044,17
9045,3
9046,3
9047,8
9048,36
9049,27
9050,34
9051,36
9052,8
9053,7
9054,9
9055,24
9056,26
9057,21
9058,20
9059,30
9060,16
9061,6
9062,6
9063,36
9064,21
9065,6
9066,18
9067,14
9068,14
9069,9
9070,13
9071,20
9072,2
9073,4
9074,6
9075,30
9076,10
9077,20
9078,4
9079,32
9080,33
9081,15
9082,34
9083,3
9084,32
9085,17
9086,28
9087,18
9088,4
9089,36
9090,10
9091,9
9092,12
9093,5
9094,30
9095,1
9096,12
9097,1
9098,2
9099,12
9100,12
9101,17
9102,1
9103,29
9104,25
9105,9
9106,20
9107,19
9108,11
9109,14
9110,21
9111,7
9112,17
9113,27
9114,8
9115,21
9116,3
9117,2
9118,30
9119,14
9120,7
9121,1
9122,15
9123,5
9124,3
9125,1
9126,15
9127,12
9128,1
9129,20
9130,8
9131,1
9132,28
9133,19
9134,8
9135,8
9136,10
9137,18
9138,4
9139,20
9140,15
9141,23
9142,4
9143,34
9144,5
9145,32
9146,5
9147,19
9148,6
9149,20
9150,27
9151,15
9152,23
9153,5
9154,33
9155,4
9156,21
9157,12
9158,3
9159,32
9160,6
9161,4
9162,6
9163,3
9164,12
9165,19
9166,22
9167,10
9168,7
9169,11
9170,17
9171,7
9172,11
9173,15
9174,33
9175,21
9176,25
9177,30
9178,36
9179,6
9180,17
9181,29
9182,10
9183,28
9184,16
9185,12
9186,6
9187,10
9188,15
9189,29
9190,4
9191,34
9192,7
9193,17
9194,22
9195,4
9196,4
9197,36
9198,27
9199,4
9200,18
9201,27
9202,8
9203,13
9204,15
9205,10
9206,25
9207,5
9208,17
9209,29
9210,23
9211,2
9212,29
9213,3
9214,24
9215,3
9216,26
9217,36
9218,7
9219,29
9220,17
9221,18
9222,20
9223,11
9224,14
9225,13
9226,12
9227,15
9228,2
9229,21
9230,10
9231,10
9232,1
9233,33
9234,18
9235,9
9236,13
9237,36
9238,11
9239,10
9240,29
9241,30
9242,24
9243,1
9244,34
9245,1
9246,24
9247,5
9248,4
9249,5
9250,4
9251,1
9252,30
9253,13
9254,6
9255,21
9256,30
9257,21
9258,20
9259,21
9260,13
9261,14
9262,8
9263,2
9264,17
9265,4
9266,10
9267,17
9268,19
9269,1
9270,14
9271,8
9272,12
9273,34
9274,32
9275,2
9276,16
9277,25
9278,5
9279,14
9280,5
9281,6
9282,18
9283,5
9284,10
9285,5
9286,12
9287,27
9288,5
9289,24
9290,32
9291,5
9292,7
9293,12
9294,5
9295,15
9296,9
9297,10
9298,11
9299,6
9300,12
9301,31
9302,24
9303,18
9304,13
9305,14
9306,13
9307,6
9308,20
9309,22
9310,2
9311,20
9312,33
9313,8
9314,11
9315,30
9316,30
9317,36
9318,14
9319,11
9320,4
9321,9
9322,10
9323,9
9324,12
9325,2
9326,18
9327,19
9328,9
9329,4
9330,9
9331,8
9332,5
9333,6
9334,15
9335,12
9336,23
9337,11
9338,33
9339,5
9340,5
9341,27
9342,33
9343,5
9344,22
9345,7
9346,20
9347,3
9348,5
9349,8
9350,5
9351,4
9352,7
9353,14
9354,13
9355,34
9356,5
9357,6
9358,1
9359,1
9360,8
9361,27
9362,3
9363,5
9364,32
9365,22
9366,5
9367,12
9368,11
9369,9
9370,1
9371,14
9372,16
9373,18
9374,10
9375,5
9376,16
9377,36
9378,19
9379,18
9380,12
9381,12
9382,34
9383,1
9384,5
9385,13
9386,32
9387,10
9388,3
9389,21
9390,17
9391,6
9392,6
9393,11
9394,20
9395,30
9396,32
9397,13
9398,7
9399,34
9400,25
9401,10
9402,7
9403,25
9404,29
9405,6
9406,33
9407,11
9408,8
9409,32
9410,34
9411,20
9412,4
9413,8
9414,5
9415,15
9416,1
9417,10
9418,4
9419,6
9420,1
9421,15
9422,23
9423,31
9424,24
9425,25
9426,7
9427,26
9428,21
9429,12
9430,31
9431,19
9432,4
9433,1
9434,7
9435,10
9436,7
9437,4
9438,22
9439,3
9440,36
9441,36
9442,25
9443,13
9444,30
9445,34
9446,1
9447,34
9448,9
9449,30
9450,5
9451,22
9452,4
9453,11
9454,33
9455,13
9456,2
9457,8
9458,8
9459,11
9460,21
9461,1
9462,30
9463,26
9464,9
9465,31
9466,25
9467,4
9468,6
9469,10
9470,3
9471,1
9472,28
9473,21
9474,6
9475,20
9476,3
9477,26
9478,6
9479,27
9480,29
9481,18
9482,5
9483,19
9484,3
9485,21
9486,4
9487,30
9488,28
9489,24
9490,13
9491,2
9492,9
9493,11
9494,1
9495,7
9496,36
9497,1
9498,15
9499,1
9500,6
9501,5
9502,36
9503,1
9504,29
9505,6
9506,6
9507,2
9508,6
9509,10
9510,21
9511,6
9512,10
9513,2
9514,36
9515,9
9516,1
9517,5
9518,20
9519,4
9520,21
9521,5
9522,1
9523,36
9524,16
9525,2
9526,20
9527,15
9528,15
9529,6
9530,9
9531,19
9532,9
9533,25
9534,4
9535,7
9536,30
9537,1
9538,17
9539,11
9540,12
9541,25
9542,14
9543,9
9544,27
9545,33
9546,6
9547,5
9548,26
9549,9
9550,1
9551,7
9552,3
9553,8
9554,1
9555,32
9556,29
9557,2
9558,31
9559,4
9560,17
9561,33
9562,11
9563,3
9564,4
9565,12
9566,19
9567,5
9568,31
9569,17
9570,8
9571,4
9572,12
9573,12
9574,16
9575,32
9576,23
9577,2
9578,30
9579,3
9580,3
9581,5
9582,8
9583,6
9584,7
9585,14
9586,9
9587,3
9588,1
9589,9
9590,7
9591,2
9592,6
9593,2
9594,22
9595,25
9596,12
9597,23
9598,10
9599,21
9600,7
9601,11
9602,12
9603,16
9604,20
9605,32
9606,1
9607,19
9608,33
9609,8
9610,7
9611,14
9612,14
9613,15
9614,25
9615,5
9616,16
9617,8
9618,27
9619,12
9620,14
9621,1
9622,19
9623,14
9624,5
9625,11
9626,14
9627,23
9628,2
9629,7
9630,7
9631,3
9632,10
9633,1
9634,1
9635,13
9636,11
9637,16
9638,16
9639,4
9640,1
9641,1
9642,1
9643,16
9644,34
9645,14
9646,16
9647,19
9648,22
9649,8
9650,3
9651,4
9652,10
9653,3
9654,6
9655,6
9656,14
9657,5
9658,7
9659,5
9660,14
9661,5
9662,6
9663,34
9664,8
9665,32
9666,6
9667,11
9668,6
9669,8
9670,26
9671,3
9672,4
9673,20
9674,29
9675,8
9676,6
9677,26
9678,13
9679,1
9680,15
9681,10
9682,15
9683,29
9684,14
9685,30
9686,2
9687,36
9688,28
9689,15
9690,15
9691,5
9692,14
9693,8
9694,9
9695,23
9696,28
9697,26
9698,1
9699,26
9700,17
9701,18
9702,16
9703,7
9704,13
9705,3
9706,13
9707,20
9708,25
9709,9
9710,30
9711,15
9712,8
9713,11
9714,2
9715,25
9716,18
9717,23
9718,24
9719,4
9720,10
9721,3
9722,12
9723,3
9724,2
9725,3
9726,11
9727,34
9728,15
9729,7
9730,11
9731,26
9732,16
9733,10
9734,20
9735,9
9736,10
9737,2
9738,11
9739,17
9740,3
9741,16
9742,24
9743,13
9744,1
9745,1
9746,4
9747,9
9748,5
9749,11
9750,4
9751,5
9752,5
9753,14
9754,27
9755,15
9756,10
9757,34
9758,22
9759,24
9760,14
9761,5
9762,16
9763,7
9764,10
9765,2
9766,26
9767,33
9768,3
9769,8
9770,1
9771,4
9772,18
9773,25
9774,27
9775,10
9776,11
9777,22
9778,5
9779,17
9780,5
9781,34
9782,34
9783,19
9784,4
9785,1
9786,11
9787,3
9788,9
9789,20
9790,34
9791,5
9792,3
9793,4
9794,3
9795,16
9796,21
9797,34
9798,33
9799,31
9800,34
9801,14
9802,9
9803,1
9804,19
9805,4
9806,26
9807,22
9808,5
9809,15
9810,3
9811,14
9812,17
9813,13
9814,29
9815,22
9816,9
9817,5
9818,8
9819,26
9820,28
9821,8
9822,34
9823,4
9824,3
9825,33
9826,1
9827,6
9828,20
9829,9
9830,33
9831,9
9832,10
9833,11
9834,6
9835,1
9836,34
9837,27
9838,29
9839,20
9840,6
9841,3
9842,14
9843,6
9844,17
9845,10
9846,32
9847,4
9848,3
9849,9
9850,29
9851,6
9852,20
9853,9
9854,19
9855,6
9856,2
9857,8
9858,29
9859,14
9860,9
9861,5
9862,9
9863,4
9864,11
9865,14
9866,13
9867,22
9868,10
9869,3
9870,28
9871,2
9872,21
9873,8
9874,14
9875,2
9876,19
9877,7
9878,35
9879,11
9880,5
9881,1
9882,15
9883,22
9884,12
9885,11
9886,3
9887,27
9888,11
9889,1
9890,15
9891,6
9892,6
9893,13
9894,6
9895,29
9896,6
9897,32
9898,4
9899,20
9900,29
9901,20
9902,17
9903,5
9904,36
9905,3
9906,5
9907,7
9908,3
9909,5
9910,7
9911,23
9912,12
9913,27
9914,9
9915,11
9916,22
9917,22
9918,6
9919,4
9920,33
9921,7
9922,7
9923,6
9924,10
9925,10
9926,9
9927,13
9928,12
9929,1
9930,24
9931,15
9932,34
9933,30
9934,3
9935,1
9936,6
9937,6
9938,14
9939,2
9940,5
9941,12
9942,26
9943,25
9944,9
9945,31
9946,26
9947,10
9948,1
9949,13
9950,34
9951,13
9952,31
9953,32
9954,11
9955,32
9956,32
9957,29
9958,5
9959,1
9960,19
9961,27
9962,32
9963,10
9964,3
9965,34
9966,34
9967,18
9968,22
9969,19
9970,20
9971,18
9972,30
9973,5
9974,4
9975,1
9976,22
9977,28
9978,29
9979,17
9980,33
9981,33
9982,3
9983,15
9984,1
9985,11
9986,5
9987,9
9988,24
9989,16
9990,27
9991,23
9992,17
9993,27
9994,33
9995,25
9996,12
9997,34
9998,3
9999,6
10000,10
10001,7
10002,19
10003,12
10004,16
10005,19
10006,23
10007,13
10008,9
10009,25
10010,32
10011,32
10012,1
10013,4
10014,1
10015,2
10016,2
10017,7
10018,6
10019,2
10020,31
10021,8
10022,27
10023,31
10024,22
10025,27
10026,18
10027,10
10028,23
10029,26
10030,9
10031,29
10032,6
10033,15
10034,2
10035,11
10036,8
10037,13
10038,18
10039,13
10040,32
10041,24
10042,18
10043,27
10044,8
10045,1
10046,33
10047,5
10048,12
10049,26
10050,2
10051,20
10052,4
10053,29
10054,28
10055,3
10056,27
10057,22
10058,10
10059,6
10060,11
10061,18
10062,5
10063,2
10064,1
10065,26
10066,31
10067,24
10068,4
10069,17
10070,2
10071,19
10072,4
10073,13
10074,11
10075,15
10076,4
10077,17
10078,31
10079,33
10080,22
10081,2
10082,11
10083,1
10084,5
10085,7
10086,12
10087,9
10088,19
10089,9
10090,31
10091,7
10092,4
10093,1
10094,13
10095,4
10096,4
10097,22
10098,6
10099,4
10100,6
10101,13
10102,5
10103,5
10104,11
10105,7
10106,8
10107,20
10108,2
10109,6
10110,20
10111,16
10112,15
10113,10
10114,10
10115,10
10116,5
10117,9
10118,11
10119,8
10120,5
10121,6
10122,16
10123,6
10124,8
10125,29
10126,8
10127,6
10128,9
10129,3
10130,3
10131,33
10132,16
10133,8
10134,11
10135,7
10136,27
10137,14
10138,7
10139,4
10140,22
10141,12
10142,13
10143,11
10144,23
10145,9
10146,13
10147,4
10148,16
10149,9
10150,1
10151,7
10152,5
10153,11
10154,22
10155,20
10156,4
10157,11
10158,2
10159,31
10160,1
10161,29
10162,6
10163,21
10164,11
10165,6
10166,24
10167,10
10168,11
10169,20
10170,12
10171,4
10172,8
10173,19
10174,16
10175,7
10176,16
10177,2
10178,2
10179,29
10180,6
10181,4
10182,6
10183,4
10184,13
10185,30
10186,5
10187,28
10188,12
10189,11
10190,2
10191,4
10192,7
10193,8
10194,24
10195,1
10196,34
10197,16
10198,29
10199,33
10200,1
10201,2
10202,30
10203,14
10204,2
10205,4
10206,18
10207,29
10208,4
10209,7
10210,19
10211,13
10212,29
10213,23
10214,6
10215,14
10216,11
10217,18
10218,4
10219,10
10220,4
10221,18
10222,9
10223,19
10224,14
10225,18
10226,18
10227,9
10228,21
10229,4
10230,11
10231,13
10232,19
10233,14
10234,30
10235,13
10236,11
10237,5
10238,24
10239,13
10240,34
10241,10
10242,11
10243,9
10244,16
10245,29
10246,33
10247,13
10248,14
10249,6
10250,22
10251,25
10252,27
10253,17
10254,4
10255,26
10256,2
10257,3
10258,3
10259,9
10260,32
10261,1
10262,13
10263,28
10264,16
10265,9
10266,21
10267,11
10268,26
10269,28
10270,17
10271,33
10272,30
10273,12
10274,23
10275,17
10276,32
10277,4
10278,2
10279,19
10280,10
10281,25
10282,9
10283,30
10284,33
10285,11
10286,4
10287,11
10288,19
10289,10
10290,5
10291,28
10292,5
10293,3
10294,10
10295,10
10296,16
10297,14
10298,10
10299,7
10300,13
10301,7
10302,20
10303,16
10304,8
10305,4
10306,9
10307,8
10308,2
10309,26
10310,1
10311,3
10312,11
10313,10
10314,4
10315,2
10316,8
10317,3
10318,12
10319,17
10320,8
10321,2
10322,5
10323,1
10324,10
10325,7
10326,5
10327,11
10328,5
10329,2
10330,13
10331,20
10332,4
10333,6
10334,16
10335,16
10336,2
10337,3
10338,7
10339,1
10340,1
10341,14
10342,2
10343,2
10344,6
10345,6
10346,9
10347,16
10348,1
10349,6
10350,9
10351,12
10352,5
10353,9
10354,4
10355,16
10356,4
10357,9
10358,5
10359,7
10360,3
10361,15
10362,12
10363,5
10364,30
10365,16
10366,1
10367,6
10368,1
10369,12
10370,13
10371,2
10372,1
10373,5
10374,4
10375,5
10376,1
10377,6
10378,2
10379,6
10380,6
10381,12
10382,7
10383,1
10384,9
10385,4
10386,6
10387,7
10388,26
10389,6
10390,4
10391,2
10392,4
10393,8
10394,4
10395,5
10396,11
10397,7
10398,15
10399,7
10400,9
10401,5
10402,4
10403,9
10404,1
10405,1
10406,10
10407,12
10408,9
10409,3
10410,7
10411,9
10412,2
10413,3
10414,2
10415,1
10416,2
10417,2
10418,7
10419,3
10420,5
10421,3
10422,1
10423,21
10424,3
10425,6
10426,1
10427,8
10428,10
10429,1
10430,1
10431,9
10432,2
10433,4
10434,1
10435,9
10436,25
10437,7
10438,1
10439,2
10440,6
10441,3
10442,16
10443,11
10444,2
10445,4
10446,11
10447,16
10448,1
10449,24
10450,2
10451,4
10452,3
10453,1
10454,6
10455,10
10456,3
10457,16
10458,12
10459,2
10460,7
10461,7
10462,7
10463,4
10464,9
10465,20
10466,16
10467,15
10468,14
10469,7
10470,1
10471,11
10472,11
10473,11
10474,7
10475,8
10476,10
10477,6
10478,1
10479,14
10480,15
10481,30
10482,1
10483,13
10484,2
10485,12
10486,7
10487,8
10488,10
10489,8
10490,10
10491,8
10492,16
10493,20
10494,4
10495,8
10496,5
10497,7
10498,2
10499,9
10500,21
10501,4
10502,1
10503,2
10504,8
10505,10
10506,10
10507,6
10508,1
10509,6
10510,10
10511,1
10512,9
10513,2
10514,10
10515,31
10516,13
10517,1
10518,24
10519,9
10520,3
10521,2
10522,3
10523,9
10524,10
10525,2
10526,10
10527,7
10528,22
10529,3
10530,4
10531,3
10532,4
10533,2
10534,9
10535,2
10536,4
10537,7
10538,12
10539,1
10540,2
10541,23
10542,5
10543,5
10544,11
10545,9
10546,3
10547,2
10548,3
10549,4
10550,19
10551,15
10552,4
10553,3
10554,1
10555,5
10556,1
10557,1
10558,7
10559,21
10560,8
10561,10
10562,2
10563,8
10564,11
10565,15
10566,5
10567,1
10568,11
10569,11
10570,11
10571,4
10572,33
10573,4
10574,4
10575,26
10576,3
10577,2
10578,1
10579,6
10580,23
10581,1
10582,4
10583,4
10584,13
10585,23
10586,12
10587,9
10588,1
10589,10
10590,11
10591,5
10592,11
10593,3
10594,3
10595,7
10596,2
10597,11
10598,5
10599,1
10600,34
10601,15
10602,1
10603,6
10604,4
10605,1
10606,2
10607,11
10608,18
10609,1
10610,9
10611,8
10612,22
10613,1
10614,12
10615,1
10616,4
10617,25
10618,1
10619,1
10620,25
10621,8
10622,1
10623,4
10624,4
10625,2
10626,13
10627,10
10628,4
10629,3
10630,9
10631,10
10632,7
10633,6
10634,2
10635,31
10636,16
10637,18
10638,12
10639,8
10640,4
10641,5
10642,5
10643,7
10644,29
10645,4
10646,10
10647,8
10648,11
10649,2
10650,13
10651,16
10652,8
10653,8
10654,5
10655,4
10656,15
10657,6
10658,3
10659,1
10660,2
10661,6
10662,2
10663,2
10664,8
10665,7
10666,1
10667,3
10668,7
10669,21
10670,6
10671,1
10672,6
10673,4
10674,10
10675,6
10676,3
10677,1
10678,12
10679,12
10680,13
10681,3
10682,20
10683,11
10684,6
10685,3
10686,4
10687,6
10688,11
10689,25
10690,1
10691,2
10692,5
10693,16
10694,7
10695,1
10696,3
10697,7
10698,22
10699,13
10700,7
10701,7
10702,3
10703,7
10704,7
10705,12
10706,10
10707,5
10708,8
10709,7
10710,6
10711,3
10712,8
10713,3
10714,5
10715,16
10716,5
10717,11
10718,10
10719,18
10720,11
10721,7
10722,12
10723,12
10724,11
10725,2
10726,13
10727,9
10728,2
10729,2
10730,5
10731,6
10732,1
10733,10
10734,2
10735,2
10736,3
10737,3
10738,16
10739,11
10740,1
10741,7
10742,4
10743,10
10744,25
10745,4
10746,8
10747,11
10748,5
10749,9
10750,27
10751,2
10752,12
10753,10
10754,3
10755,4
10756,4
10757,4
10758,8
10759,10
10760,9
10761,8
10762,7
10763,2
10764,7
10765,7
10766,6
10767,3
10768,12
10769,13
10770,1
10771,3
10772,8
10773,4
10774,12
10775,9
10776,5
10777,2
10778,11
10779,8
10780,13
10781,8
10782,8
10783,5
10784,12
10785,2
10786,2
10787,1
10788,7
10789,34
10790,11
10791,5
10792,11
10793,10
10794,2
10795,1
10796,13
10797,5
10798,1
10799,4
10800,4
10801,2
10802,2
10803,2
10804,11
10805,15
10806,1
10807,5
10808,12
10809,3
10810,12
10811,2
10812,9
10813,1
10814,6
10815,11
10816,19
10817,5
10818,34
10819,2
10820,2
10821,3
10822,2
10823,1
10824,31
10825,11
10826,1
10827,2
10828,13
10829,9
10830,4
10831,11
10832,1
10833,7
10834,5
10835,7
10836,5
10837,7
10838,4
10839,2
10840,11
10841,5
10842,5
10843,3
10844,2
10845,4
10846,1
10847,7
10848,6
10849,1
10850,1
10851,6
10852,28
10853,1
10854,31
10855,15
10856,8
10857,10
10858,1
10859,7
10860,10
10861,18
10862,1
10863,14
10864,2
10865,4
10866,6
10867,1
10868,15
10869,1
10870,9
10871,2
10872,1
10873,4
10874,9
10875,13
10876,10
10877,3
10878,4
10879,7
10880,7
10881,5
10882,4
10883,2
10884,12
10885,9
10886,9
10887,2
10888,10
10889,2
10890,2
10891,4
10892,1
10893,8
10894,1
10895,3
10896,10
10897,16
10898,4
10899,11
10900,34
10901,5
10902,19
10903,10
10904,14
10905,8
10906,2
10907,19
10908,9
10909,5
10910,5
10911,3
10912,6
10913,8
10914,6
10915,2
10916,12
10917,9
10918,16
10919,10
10920,4
10921,2
10922,1
10923,2
10924,12
10925,4
10926,19
10927,3
10928,12
10929,8
10930,11
10931,1
10932,1
10933,5
10934,3
10935,6
10936,4
10937,7
10938,7
10939,2
10940,6
10941,8
10942,5
10943,4
10944,2
10945,16
10946,6
10947,17
10948,4
10949,21
10950,5
10951,7
10952,5
10953,1
10954,5
10955,13
10956,8
10957,10
10958,10
10959,16
10960,5
10961,9
10962,16
10963,7
10964,3
10965,33
10966,2
10967,6
10968,3
10969,10
10970,23
10971,12
10972,1
10973,5
10974,3
10975,7
10976,5
10977,3
10978,32
10979,2
10980,8
10981,4
10982,11
10983,3
10984,1
10985,3
10986,10
10987,6
10988,7
10989,13
10990,6
10991,8
10992,2
10993,3
10994,14
10995,20
10996,7
10997,16
10998,3
10999,16
11000,2
11001,2
11002,1
11003,8
11004,2
11005,1
11006,5
11007,5
11008,3
11009,1
11010,9
11011,4
11012,5
11013,7
11014,7
11015,12
11016,2
11017,3
11018,4
11019,9
11020,1
11021,10
11022,6
11023,1
11024,2
11025,8
11026,1
11027,11
11028,3
11029,4
11030,3
11031,11
11032,7
11033,6
11034,1
11035,3
11036,11
11037,4
11038,16
11039,13
11040,30
11041,4
11042,14
11043,7
11044,10
11045,20
11046,7
11047,5
11048,5
11049,4
11050,1
11051,2
11052,6
11053,9
11054,12
11055,11
11056,11
11057,9
11058,21
11059,2
11060,14
11061,2
11062,21
11063,4
11064,7
11065,3
11066,3
11067,2
11068,2
11069,7
11070,1
11071,15
11072,7
11073,4
11074,1
11075,10
11076,10
11077,6
11078,5
11079,1
11080,13
11081,8
11082,3
11083,6
11084,11
11085,1
11086,6
11087,3
11088,1
11089,2
11090,1
11091,8
11092,4
11093,10
11094,2
11095,3
11096,34
11097,5
11098,25
11099,6
11100,8
11101,2
11102,5
11103,5
11104,9
11105,2
11106,4
11107,3
11108,4
11109,2
11110,1
11111,1
11112,6
11113,1
11114,1
11115,9
11116,9
11117,2
11118,2
11119,7
11120,19
11121,2
11122,6
11123,4
11124,2
11125,8
11126,2
11127,12
11128,10
11129,3
11130,1
11131,1
11132,2
11133,11
11134,5
11135,6
11136,2
11137,22
11138,13
11139,21
11140,4
11141,13
11142,10
11143,5
11144,34
11145,10
11146,7
11147,4
11148,3
11149,8
11150,1
11151,2
11152,7
11153,2
11154,1
11155,2
11156,1
11157,5
11158,4
11159,7
11160,1
11161,7
11162,1
11163,1
11164,5
11165,1
11166,2
11167,5
11168,2
11169,5
11170,1
11171,8
11172,1
11173,2
11174,1
11175,7
11176,1
11177,8
11178,6
11179,4
11180,15
11181,1
11182,2
11183,21
11184,4
11185,1
11186,5
11187,1
11188,26
11189,2
11190,10
11191,4
11192,3
11193,2
11194,16
11195,1
11196,4
11197,4
11198,12
11199,8
11200,5
11201,2
11202,12
11203,8
11204,1
11205,5
11206,5
11207,2
11208,14
11209,6
11210,2
11211,1
11212,5
11213,12
11214,14
11215,31
11216,9
11217,1
11218,14
11219,21
11220,5
11221,7
11222,8
11223,1
11224,1
11225,5
11226,11
11227,13
11228,3
11229,3
11230,11
11231,6
11232,3
11233,3
11234,2
11235,8
11236,3
11237,13
11238,5
11239,7
11240,4
11241,1
11242,1
11243,7
11244,4
11245,11
11246,3
11247,6
11248,12
11249,11
11250,31
11251,1
11252,2
11253,3
11254,12
11255,13
11256,13
11257,2
11258,7
11259,6
11260,10
11261,4
11262,8
11263,3
11264,9
11265,10
11266,12
11267,2
11268,5
11269,9
11270,15
11271,11
11272,19
11273,1
11274,1
11275,4
11276,1
11277,1
11278,8
11279,7
11280,5
11281,8
11282,13
11283,3
11284,5
11285,6
11286,4
11287,8
11288,7
11289,4
11290,4
11291,9
11292,7
11293,12
11294,8
11295,5
11296,2
11297,8
11298,7
11299,9
11300,1
11301,8
11302,11
11303,8
11304,3
11305,12
11306,1
11307,5
11308,10
11309,14
11310,26
11311,2
11312,10
11313,7
11314,11
11315,1
11316,2
11317,3
11318,1
11319,30
11320,3
11321,7
11322,22
11323,4
11324,2
11325,3
11326,1
11327,3
11328,10
11329,11
11330,2
11331,5
11332,5
11333,3
11334,6
11335,3
11336,10
11337,5
11338,11
11339,6
11340,11
11341,4
11342,5
11343,1
11344,3
11345,4
11346,1
11347,10
11348,12
11349,18
11350,4
11351,12
11352,4
11353,2
11354,2
11355,6
11356,4
11357,3
11358,3
11359,7
11360,4
11361,2
11362,7
11363,9
11364,2
11365,4
11366,10
11367,10
11368,8
11369,11
11370,4
11371,5
11372,11
11373,4
11374,3
11375,1
11376,4
11377,7
11378,4
11379,1
11380,2
11381,1
11382,1
11383,3
11384,4
11385,16
11386,4
11387,5
11388,6
11389,7
11390,1
11391,8
11392,8
11393,8
11394,3
11395,3
11396,16
11397,5
11398,2
11399,9
11400,7
11401,8
11402,2
11403,8
11404,1
11405,8
11406,11
11407,13
11408,4
11409,13
11410,4
11411,3
11412,6
11413,1
11414,7
11415,5
11416,18
11417,8
11418,12
11419,10
11420,6
11421,10
11422,3
11423,8
11424,7
11425,4
11426,8
11427,6
11428,3
11429,1
11430,8
11431,5
11432,11
11433,2
11434,9
11435,11
11436,3
11437,7
11438,3
11439,34
11440,27
11441,2
11442,12
11443,18
11444,5
11445,6
11446,1
11447,30
11448,7
11449,3
11450,7
11451,2
11452,10
11453,7
11454,8
11455,7
11456,4
11457,2
11458,2
11459,2
11460,11
11461,21
11462,5
11463,10
11464,6
11465,7
11466,1
11467,3
11468,3
11469,6
11470,6
11471,2
11472,3
11473,20
11474,5
11475,2
11476,12
11477,3
11478,10
11479,3
11480,1
11481,3
11482,4
11483,3
11484,1
11485,13
11486,7
11487,11
11488,5
11489,2
11490,13
11491,11
11492,2
11493,2
11494,11
11495,2
11496,2
11497,11
11498,2
11499,4
11500,15
11501,5
11502,1
11503,4
11504,11
11505,6
11506,3
11507,10
11508,3
11509,2
11510,11
11511,2
11512,4
11513,1
11514,8
11515,1
11516,4
11517,5
11518,5
11519,3
11520,9
11521,3
11522,10
11523,10
11524,3
11525,4
11526,2
11527,2
11528,14
11529,1
11530,3
11531,9
11532,15
11533,11
11534,8
11535,12
11536,9
11537,2
11538,4
11539,24
11540,11
11541,14
11542,25
11543,4
11544,9
11545,9
11546,1
11547,1
11548,5
11549,1
11550,8
11551,21
11552,13
11553,11
11554,11
11555,7
11556,1
11557,3
11558,7
11559,6
11560,6
11561,4
11562,2
11563,2
11564,3
11565,1
11566,4
11567,8
11568,12
11569,6
11570,4
11571,9
11572,6
11573,6
11574,7
11575,6
11576,10
11577,4
11578,16
11579,2
11580,18
11581,1
11582,3
11583,11
11584,4
11585,3
11586,7
11587,8
11588,3
11589,1
11590,10
11591,2
11592,16
11593,7
11594,34
11595,9
11596,1
11597,2
11598,2
11599,4
11600,23
11601,9
11602,4
11603,4
11604,2
11605,8
11606,3
11607,8
11608,2
11609,8
11610,10
11611,6
11612,9
11613,8
11614,10
11615,7
11616,29
11617,4
11618,7
11619,6
11620,7
11621,11
11622,6
11623,1
11624,10
11625,1
11626,1
11627,5
11628,12
11629,9
11630,4
11631,3
11632,1
11633,11
11634,9
11635,25
11636,1
11637,5
11638,2
11639,6
11640,18
11641,12
11642,13
11643,6
11644,21
11645,30
11646,1
11647,2
11648,1
11649,1
11650,9
11651,4
11652,5
11653,2
11654,10
11655,12
11656,3
11657,18
11658,5
11659,3
11660,18
11661,2
11662,21
11663,8
11664,4
11665,5
11666,7
11667,6
11668,18
11669,6
11670,17
11671,5
11672,8
11673,9
11674,6
11675,3
11676,29
11677,1
11678,10
11679,5
11680,3
11681,1
11682,4
11683,4
11684,2
11685,33
11686,3
11687,5
11688,8
11689,4
11690,4
11691,4
11692,4
11693,1
11694,5
11695,6
11696,2
11697,6
11698,1
11699,2
11700,2
11701,3
11702,4
11703,7
11704,2
11705,12
11706,2
11707,4
11708,2
11709,3
11710,9
11711,12
11712,10
11713,3
11714,11
11715,10
11716,7
11717,11
11718,4
11719,2
11720,11
11721,10
11722,2
11723,11
11724,6
11725,2
11726,3
11727,10
11728,11
11729,2
11730,2
11731,8
11732,3
11733,6
11734,2
11735,7
11736,3
11737,10
11738,1
11739,1
11740,11
11741,3
11742,19
11743,8
11744,3
11745,34
11746,1
11747,10
11748,10
11749,2
11750,1
11751,8
11752,7
11753,2
11754,6
11755,14
11756,6
11757,5
11758,20
11759,2
11760,6
11761,14
11762,27
11763,2
11764,1
11765,9
11766,3
11767,2
11768,1
11769,6
11770,3
11771,9
11772,1
11773,2
11774,11
11775,9
11776,2
11777,2
11778,2
11779,2
11780,3
11781,4
11782,7
11783,2
11784,8
11785,1
11786,6
11787,12
11788,30
11789,14
11790,10
11791,2
11792,11
11793,5
11794,3
11795,5
11796,5
11797,2
11798,8
11799,7
11800,3
11801,20
11802,16
11803,4
11804,5
11805,5
11806,9
11807,3
11808,11
11809,4
11810,6
11811,3
11812,6
11813,5
11814,7
11815,1
11816,11
11817,19
11818,16
11819,10
11820,1
11821,10
11822,11
11823,13
11824,1
11825,19
11826,12
11827,14
11828,1
11829,3
11830,14
11831,8
11832,13
11833,11
11834,14
11835,3
11836,7
11837,16
11838,2
11839,1
11840,5
11841,12
11842,1
11843,3
11844,1
11845,1
11846,2
11847,6
11848,7
11849,5
11850,1
11851,4
11852,9
11853,4
11854,7
11855,12
11856,5
11857,1
11858,4
11859,2
11860,7
11861,3
11862,3
11863,24
11864,4
11865,32
11866,2
11867,1
11868,2
11869,3
11870,3
11871,2
11872,4
11873,5
11874,1
11875,7
11876,11
11877,4
11878,3
11879,13
11880,8
11881,7
11882,10
11883,15
11884,6
11885,3
11886,8
11887,2
11888,9
11889,2
11890,25
11891,2
11892,2
11893,1
11894,14
11895,2
11896,1
11897,2
11898,1
11899,14
11900,2
11901,16
11902,12
11903,8
11904,8
11905,34
11906,14
11907,9
11908,4
11909,27
11910,7
11911,2
11912,4
11913,7
11914,9
11915,5
11916,10
11917,1
11918,5
11919,2
11920,14
11921,6
11922,4
11923,4
11924,2
11925,14
11926,5
11927,1
11928,5
11929,10
11930,8
11931,1
11932,9
11933,8
11934,25
11935,13
11936,12
11937,9
11938,7
11939,8
11940,4
11941,7
11942,6
11943,5
11944,16
11945,10
11946,10
11947,11
11948,1
11949,6
11950,5
11951,14
11952,2
11953,2
11954,1
11955,8
11956,5
11957,9
11958,2
11959,3
11960,4
11961,2
11962,20
11963,3
11964,25
11965,21
11966,2
11967,3
11968,6
11969,12
11970,1
11971,7
11972,6
11973,14
11974,8
11975,25
11976,1
11977,9
11978,2
11979,4
11980,10
11981,3
11982,6
11983,6
11984,15
11985,3
11986,13
11987,9
11988,2
11989,9
11990,1
11991,1
11992,2
11993,1
11994,3
11995,3
11996,8
11997,1
11998,14
11999,9
12000,6
12001,8
12002,2
12003,12
12004,13
12005,14
12006,10
12007,1
12008,8
12009,2
12010,2
12011,3
12012,7
12013,15
12014,1
12015,4
12016,11
12017,8
12018,11
12019,8
12020,8
12021,6
12022,3
12023,3
12024,5
12025,5
12026,25
12027,2
12028,34
12029,9
12030,1
12031,4
12032,6
12033,1
12034,9
12035,1
12036,2
12037,4
12038,1
12039,11
12040,2
12041,2
12042,12
12043,11
12044,3
12045,8
12046,7
12047,6
12048,3
12049,2
12050,5
12051,1
12052,6
12053,3
12054,3
12055,1
12056,1
12057,6
12058,1
12059,10
12060,1
12061,34
12062,3
12063,5
12064,14
12065,2
12066,7
12067,5
12068,7
12069,5
12070,2
12071,6
12072,15
12073,5
12074,6
12075,3
12076,7
12077,8
12078,8
12079,1
12080,1
12081,8
12082,1
12083,3
12084,5
12085,8
12086,12
12087,7
12088,7
12089,2
12090,1
12091,10
12092,11
12093,10
12094,2
12095,10
12096,1
12097,8
12098,16
12099,7
12100,10
12101,12
12102,1
12103,5
12104,1
12105,12
12106,6
12107,4
12108,1
12109,34
12110,10
12111,6
12112,7
12113,1
12114,2
12115,8
12116,5
12117,5
12118,7
12119,3
12120,31
12121,1
12122,3
12123,5
12124,6
12125,2
12126,6
12127,3
12128,11
12129,4
12130,6
12131,19
12132,1
12133,4
12134,15
12135,1
12136,6
12137,4
12138,9
12139,2
12140,7
12141,4
12142,3
12143,5
12144,18
12145,12
12146,5
12147,2
12148,3
12149,10
12150,7
12151,9
12152,2
12153,3
12154,6
12155,6
12156,3
12157,7
12158,7
12159,2
12160,2
12161,2
12162,2
12163,8
12164,5
12165,7
12166,3
12167,13
12168,3
12169,9
12170,2
12171,5
12172,5
12173,10
12174,6
12175,5
12176,1
12177,3
12178,3
12179,2
12180,9
12181,2
12182,1
12183,14
12184,12
12185,11
12186,5
12187,1
12188,8
12189,3
12190,2
12191,24
12192,7
12193,4
12194,6
12195,7
12196,7
12197,8
12198,7
12199,7
12200,14
12201,6
12202,2
12203,2
12204,4
12205,4
12206,4
12207,1
12208,29
12209,6
12210,5
12211,8
12212,7
12213,2
12214,3
12215,2
12216,4
12217,2
12218,3
12219,6
12220,9
12221,8
12222,3
12223,7
12224,8
12225,1
12226,5
12227,4
12228,12
12229,9
12230,8
12231,16
12232,14
12233,8
12234,7
12235,6
12236,11
12237,9
12238,1
12239,7
12240,34
12241,14
12242,5
12243,11
12244,4
12245,8
12246,1
12247,11
12248,4
12249,10
12250,1
12251,1
12252,7
12253,9
12254,5
12255,7
12256,8
12257,2
12258,1
12259,1
12260,5
12261,2
12262,3
12263,9
12264,6
12265,2
12266,2
12267,11
12268,7
12269,1
12270,12
12271,3
12272,8
12273,17
12274,3
12275,8
12276,4
12277,7
12278,1
12279,1
12280,8
12281,2
12282,5
12283,7
12284,4
12285,2
12286,7
12287,2
12288,9
12289,6
12290,14
12291,3
12292,1
12293,15
12294,1
12295,1
12296,8
12297,10
12298,6
12299,8
12300,2
12301,8
12302,17
12303,7
12304,11
12305,2
12306,2
12307,9
12308,1
12309,2
12310,2
12311,1
12312,1
12313,3
12314,6
12315,5
12316,10
12317,1
12318,15
12319,1
12320,10
12321,7
12322,10
12323,4
12324,1
12325,1
12326,8
12327,7
12328,12
12329,4
12330,10
12331,31
12332,4
12333,9
12334,5
12335,7
12336,3
12337,7
12338,23
12339,9
12340,9
12341,20
12342,4
12343,6
12344,15
12345,12
12346,8
12347,9
12348,7
12349,2
12350,8
12351,7
12352,5
12353,10
12354,2
12355,9
12356,6
12357,1
12358,9
12359,10
12360,1
12361,14
12362,13
12363,10
12364,3
12365,8
12366,8
12367,4
12368,16
12369,4
12370,7
12371,1
12372,3
12373,7
12374,2
12375,3
12376,3
12377,3
12378,3
12379,14
12380,8
12381,16
12382,5
12383,9
12384,15
12385,1
12386,6
12387,3
12388,1
12389,7
12390,1
12391,9
12392,1
12393,6
12394,11
12395,4
12396,4
12397,3
12398,3
12399,18
12400,4
12401,2
12402,8
12403,5
12404,2
12405,7
12406,1
12407,2
12408,5
12409,14
12410,6
12411,3
12412,12
12413,2
12414,1
12415,10
12416,11
12417,2
12418,10
12419,2
12420,9
12421,1
12422,2
12423,6
12424,2
12425,29
12426,3
12427,14
12428,1
12429,10
12430,2
12431,32
12432,2
12433,9
12434,1
12435,12
12436,4
12437,8
12438,6
12439,1
12440,2
12441,4
12442,19
12443,1
12444,6
12445,2
12446,2
12447,15
12448,1
12449,4
12450,2
12451,2
12452,21
12453,2
12454,10
12455,10
12456,7
12457,1
12458,4
12459,1
12460,34
12461,25
12462,7
12463,6
12464,6
12465,3
12466,20
12467,5
12468,15
12469,5
12470,9
12471,3
12472,6
12473,1
12474,27
12475,6
12476,1
12477,7
12478,4
12479,3
12480,6
12481,9
12482,4
12483,1
12484,3
12485,9
12486,3
12487,12
12488,21
12489,10
12490,6
12491,1
12492,6
12493,1
12494,7
12495,7
12496,1
12497,5
12498,3
12499,6
12500,11
12501,10
12502,8
12503,9
12504,4
12505,10
12506,2
12507,3
12508,5
12509,5
12510,9
12511,26
12512,9
12513,6
12514,12
12515,11
12516,1
12517,9
12518,1
12519,9
12520,11
12521,5
12522,6
12523,1
12524,23
12525,6
12526,11
12527,10
12528,1
12529,14
12530,8
12531,4
12532,2
12533,4
12534,4
12535,15
12536,1
12537,9
12538,14
12539,4
12540,5
12541,6
12542,1
12543,2
12544,2
12545,3
12546,5
12547,8
12548,1
12549,9
12550,3
12551,4
12552,2
12553,1
12554,1
12555,1
12556,5
12557,29
12558,5
12559,1
12560,3
12561,11
12562,4
12563,8
12564,5
12565,4
12566,5
12567,3
12568,1
12569,2
12570,7
12571,8
12572,7
12573,1
12574,33
12575,3
12576,3
12577,8
12578,3
12579,3
12580,9
12581,4
12582,10
12583,14
12584,14
12585,5
12586,23
12587,4
12588,2
12589,1
12590,1
12591,11
12592,3
12593,2
12594,6
12595,14
12596,1
12597,3
12598,4
12599,17
12600,11
12601,1
12602,5
12603,8
12604,4
12605,2
12606,1
12607,16
12608,11
12609,9
12610,4
12611,11
12612,7
12613,4
12614,34
12615,4
12616,14
12617,20
12618,3
12619,34
12620,4
12621,5
12622,11
12623,8
12624,7
12625,10
12626,12
12627,2
12628,2
12629,1
12630,5
12631,3
12632,3
12633,4
12634,4
12635,9
12636,4
12637,3
12638,2
12639,20
12640,1
12641,7
12642,7
12643,9
12644,2
12645,5
12646,7
12647,3
12648,6
12649,7
12650,2
12651,9
12652,4
12653,6
12654,11
12655,14
12656,2
12657,4
12658,6
12659,15
12660,6
12661,18
12662,1
12663,3
12664,3
12665,1
12666,6
12667,14
12668,14
12669,9
12670,9
12671,1
12672,13
12673,6
12674,1
12675,8
12676,1
12677,2
12678,3
12679,2
12680,7
12681,8
12682,1
12683,9
12684,1
12685,9
12686,7
12687,4
12688,2
12689,1
12690,9
12691,4
12692,7
12693,6
12694,4
12695,10
12696,3
12697,5
12698,9
12699,6
12700,4
12701,11
12702,1
12703,6
12704,3
12705,2
12706,8
12707,1
12708,4
12709,4
12710,1
12711,2
12712,3
12713,2
12714,10
12715,5
12716,4
12717,10
12718,2
12719,1
12720,16
12721,5
12722,3
12723,1
12724,9
12725,2
12726,1
12727,2
12728,6
12729,6
12730,29
12731,9
12732,6
12733,8
12734,3
12735,6
12736,18
12737,2
12738,5
12739,12
12740,10
12741,6
12742,9
12743,6
12744,3
12745,12
12746,6
12747,2
12748,3
12749,12
12750,7
12751,10
12752,8
12753,7
12754,3
12755,4
12756,6
12757,4
12758,14
12759,6
12760,2
12761,1
12762,5
12763,14
12764,22
12765,3
12766,2
12767,11
12768,15
12769,11
12770,3
12771,19
12772,5
12773,3
12774,2
12775,13
12776,5
12777,8
12778,3
12779,2
12780,20
12781,4
12782,2
12783,5
12784,7
12785,6
12786,3
12787,9
12788,4
12789,12
12790,1
12791,5
12792,7
12793,5
12794,16
12795,14
12796,4
12797,4
12798,10
12799,3
12800,5
12801,27
12802,1
12803,8
12804,8
12805,11
12806,7
12807,24
12808,3
12809,6
12810,5
12811,15
12812,6
12813,17
12814,25
12815,2
12816,22
12817,1
12818,13
12819,14
12820,1
12821,4
12822,3
12823,4
12824,6
12825,9
12826,1
12827,5
12828,14
12829,5
12830,2
12831,2
12832,2
12833,1
12834,10
12835,5
12836,1
12837,2
12838,31
12839,9
12840,8
12841,6
12842,7
12843,4
12844,4
12845,4
12846,1
12847,16
12848,6
12849,3
12850,8
12851,4
12852,4
12853,14
12854,1
12855,8
12856,6
12857,2
12858,5
12859,1
12860,4
12861,10
12862,8
12863,2
12864,7
12865,1
12866,5
12867,2
12868,5
12869,8
12870,5
12871,23
12872,3
12873,4
12874,11
12875,10
12876,7
12877,5
12878,4
12879,10
12880,3
12881,6
12882,12
12883,18
12884,3
12885,1
12886,4
12887,6
12888,4
12889,1
12890,5
12891,7
12892,7
12893,1
12894,2
12895,7
12896,5
12897,5
12898,6
12899,5
12900,3
12901,4
12902,6
12903,7
12904,2
12905,1
12906,31
12907,5
12908,9
12909,1
12910,2
12911,6
12912,6
12913,9
12914,14
12915,3
12916,8
12917,5
12918,8
12919,7
12920,11
12921,2
12922,6
12923,1
12924,10
12925,7
12926,11
12927,9
12928,2
12929,3
12930,14
12931,11
12932,3
12933,1
12934,7
12935,3
12936,8
12937,3
12938,4
12939,6
12940,6
12941,4
12942,2
12943,1
12944,4
12945,9
12946,34
12947,2
12948,11
12949,11
12950,1
12951,33
12952,2
12953,16
12954,5
12955,21
12956,9
12957,11
12958,11
12959,11
12960,8
12961,7
12962,3
12963,2
12964,4
12965,8
12966,2
12967,11
12968,1
12969,3
12970,8
12971,7
12972,10
12973,5
12974,1
12975,8
12976,2
12977,4
12978,2
12979,2
12980,4
12981,6
12982,6
12983,1
12984,2
12985,9
12986,1
12987,6
12988,5
12989,4
12990,7
12991,12
12992,1
12993,10
12994,1
12995,11
12996,11
12997,10
12998,7
12999,3
13000,2
13001,12
13002,14
13003,4
13004,8
13005,5
13006,1
13007,3
13008,1
13009,5
13010,3
13011,2
13012,3
13013,2
13014,7
13015,2
13016,8
13017,3
13018,9
13019,6
13020,2
13021,3
13022,9
13023,1
13024,1
13025,8
13026,1
13027,7
13028,7
13029,8
13030,3
13031,7
13032,1
13033,1
13034,3
13035,8
13036,3
13037,19
13038,3
13039,10
13040,8
13041,1
13042,8
13043,2
13044,15
13045,10
13046,11
13047,2
13048,9
13049,7
13050,1
13051,3
13052,7
13053,2
13054,2
13055,1
13056,5
13057,1
13058,1
13059,1
13060,1
13061,1
13062,3
13063,4
13064,5
13065,9
13066,10
13067,10
13068,2
13069,2
13070,12
13071,3
13072,12
13073,13
13074,1
13075,4
13076,11
13077,9
13078,5
13079,7
13080,5
13081,1
13082,8
13083,1
13084,5
13085,19
13086,10
13087,7
13088,15
13089,29
13090,2
13091,4
13092,11
13093,1
13094,2
13095,7
13096,4
13097,2
13098,21
13099,10
13100,11
13101,10
13102,12
13103,11
13104,14
13105,7
13106,10
13107,15
13108,1
13109,1
13110,8
13111,5
13112,2
13113,3
13114,3
13115,4
13116,4
13117,14
13118,6
13119,10
13120,8
13121,11
13122,14
13123,9
13124,3
13125,4
13126,6
13127,4
13128,10
13129,4
13130,21
13131,11
13132,9
13133,7
13134,2
13135,3
13136,1
13137,4
13138,15
13139,2
13140,5
13141,25
13142,1
13143,25
13144,2
13145,7
13146,10
13147,14
13148,9
13149,3
13150,1
13151,8
13152,1
13153,6
13154,2
13155,13
13156,7
13157,3
13158,13
13159,8
13160,7
13161,8
13162,3
13163,1
13164,3
13165,1
13166,4
13167,8
13168,6
13169,10
13170,18
13171,4
13172,9
13173,13
13174,1
13175,2
13176,4
13177,6
13178,1
13179,21
13180,31
13181,3
13182,15
13183,9
13184,1
13185,8
13186,4
13187,10
13188,1
13189,9
13190,1
13191,4
13192,4
13193,1
13194,7
13195,1
13196,2
13197,7
13198,18
13199,8
13200,4
13201,5
13202,11
13203,2
13204,12
13205,9
13206,5
13207,1
13208,16
13209,3
13210,3
13211,11
13212,6
13213,5
13214,3
13215,10
13216,7
13217,4
13218,1
13219,8
13220,3
13221,6
13222,2
13223,11
13224,4
13225,3
13226,9
13227,15
13228,4
13229,6
13230,4
13231,3
13232,3
13233,15
13234,7
13235,24
13236,3
13237,8
13238,7
13239,10
13240,34
13241,4
13242,2
13243,1
13244,8
13245,4
13246,7
13247,8
13248,6
13249,6
13250,2
13251,1
13252,5
13253,10
13254,11
13255,2
13256,2
13257,3
13258,7
13259,15
13260,2
13261,9
13262,1
13263,7
13264,9
13265,4
13266,2
13267,6
13268,1
13269,10
13270,34
13271,2
13272,15
13273,29
13274,9
13275,18
13276,18
13277,2
13278,5
13279,2
13280,3
13281,2
13282,8
13283,21
13284,2
13285,1
13286,8
13287,8
13288,8
13289,6
13290,2
13291,6
13292,13
13293,23
13294,34
13295,7
13296,7
13297,12
13298,12
13299,1
13300,7
13301,11
13302,34
13303,11
13304,7
13305,7
13306,7
13307,3
13308,3
13309,5
13310,10
13311,6
13312,1
13313,3
13314,8
13315,1
13316,2
13317,7
13318,9
13319,1
13320,2
13321,4
13322,2
13323,11
13324,6
13325,3
13326,1
13327,7
13328,2
13329,25
13330,7
13331,5
13332,2
13333,15
13334,2
13335,4
13336,9
13337,7
13338,3
13339,8
13340,5
13341,11
13342,1
13343,1
13344,6
13345,12
13346,1
13347,5
13348,8
13349,10
13350,1
13351,10
13352,8
13353,10
13354,6
13355,3
13356,2
13357,2
13358,8
13359,20
13360,6
13361,1
13362,3
13363,3
13364,8
13365,34
13366,12
13367,5
13368,8
13369,23
13370,21
13371,1
13372,5
13373,2
13374,5
13375,13
13376,2
13377,6
13378,7
13379,1
13380,4
13381,6
13382,4
13383,1
13384,15
13385,2
13386,3
13387,1
13388,2
13389,2
13390,10
13391,2
13392,2
13393,23
13394,16
13395,5
13396,2
13397,2
13398,5
13399,8
13400,6
13401,13
13402,4
13403,1
13404,1
13405,4
13406,2
13407,13
13408,3
13409,6
13410,2
13411,10
13412,7
13413,1
13414,2
13415,4
13416,15
13417,10
13418,2
13419,3
13420,3
13421,6
13422,11
13423,4
13424,3
13425,1
13426,8
13427,10
13428,3
13429,1
13430,4
13431,7
13432,3
13433,12
13434,7
13435,34
13436,21
13437,3
13438,4
13439,12
13440,2
13441,10
13442,18
13443,10
13444,13
13445,5
13446,14
13447,5
13448,2
13449,22
13450,4
13451,3
13452,4
13453,1
13454,7
13455,8
13456,1
13457,10
13458,9
13459,1
13460,12
13461,9
13462,9
13463,7
13464,2
13465,3
13466,4
13467,5
13468,2
13469,7
13470,3
13471,11
13472,5
13473,10
13474,1
13475,3
13476,3
13477,9
13478,26
13479,4
13480,7
13481,2
13482,2
13483,8
13484,1
13485,2
13486,2
13487,15
13488,7
13489,1
13490,11
13491,8
13492,4
13493,1
13494,9
13495,8
13496,14
13497,1
13498,14
13499,4
13500,26
13501,11
13502,2
13503,5
13504,3
13505,1
13506,8
13507,2
13508,4
13509,16
13510,2
13511,3
13512,1
13513,17
13514,2
13515,12
13516,2
13517,17
13518,11
13519,2
13520,4
13521,6
13522,1
13523,2
13524,11
13525,4
13526,1
13527,3
13528,6
13529,21
13530,2
13531,6
13532,3
13533,3
13534,1
13535,4
13536,8
13537,7
13538,1
13539,7
13540,2
13541,11
13542,3
13543,11
13544,7
13545,1
13546,14
13547,3
13548,26
13549,11
13550,15
13551,10
13552,1
13553,8
13554,26
13555,28
13556,9
13557,3
13558,13
13559,23
13560,17
13561,9
13562,5
13563,22
13564,9
13565,6
13566,33
13567,3
13568,2
13569,14
13570,13
13571,8
13572,3
13573,34
13574,13
13575,9
13576,11
13577,5
13578,8
13579,2
13580,1
13581,1
13582,5
13583,3
13584,8
13585,3
13586,3
13587,4
13588,8
13589,1
13590,1
13591,2
13592,3
13593,12
13594,18
13595,2
13596,7
13597,7
13598,22
13599,10
13600,4
13601,7
13602,3
13603,10
13604,4
13605,1
13606,8
13607,2
13608,1
13609,1
13610,12
13611,2
13612,5
13613,2
13614,14
13615,2
13616,9
13617,7
13618,13
13619,10
13620,26
13621,8
13622,12
13623,2
13624,9
13625,5
13626,2
13627,5
13628,25
13629,2
13630,2
13631,5
13632,8
13633,5
13634,3
13635,3
13636,5
13637,2
13638,5
13639,3
13640,1
13641,1
13642,9
13643,4
13644,24
13645,7
13646,8
13647,3
13648,5
13649,7
13650,8
13651,3
13652,6
13653,13
13654,2
13655,3
13656,3
13657,3
13658,4
13659,14
13660,9
13661,6
13662,4
13663,12
13664,25
13665,15
13666,10
13667,1
13668,4
13669,5
13670,10
13671,3
13672,7
13673,8
13674,1
13675,8
13676,2
13677,6
13678,14
13679,3
13680,7
13681,13
13682,8
13683,1
13684,8
13685,8
13686,13
13687,4
13688,5
13689,2
13690,2
13691,6
13692,2
13693,11
13694,6
13695,34
13696,1
13697,4
13698,2
13699,14
13700,5
13701,7
13702,1
13703,20
13704,1
13705,3
13706,1
13707,1
13708,2
13709,8
13710,11
13711,9
13712,11
13713,10
13714,14
13715,4
13716,2
13717,1
13718,3
13719,15
13720,4
13721,3
13722,3
13723,11
13724,10
13725,10
13726,11
13727,14
13728,1
13729,3
13730,19
13731,11
13732,2
13733,5
13734,17
13735,3
13736,12
13737,17
13738,4
13739,11
13740,9
13741,3
13742,14
13743,5
13744,12
13745,5
13746,10
13747,1
13748,5
13749,9
13750,3
13751,4
13752,8
13753,17
13754,5
13755,10
13756,1
13757,8
13758,18
13759,10
13760,7
13761,4
13762,12
13763,14
13764,1
13765,1
13766,8
13767,1
13768,6
13769,1
13770,4
13771,2
13772,4
13773,2
13774,10
13775,2
13776,4
13777,9
13778,2
13779,6
13780,4
13781,3
13782,11
13783,8
13784,8
13785,1
13786,1
13787,6
13788,4
13789,11
13790,2
13791,15
13792,7
13793,5
13794,14
13795,4
13796,11
13797,4
13798,3
13799,3
13800,10
13801,7
13802,15
13803,2
13804,12
13805,7
13806,5
13807,5
13808,6
13809,2
13810,2
13811,10
13812,10
13813,14
13814,1
13815,4
13816,1
13817,1
13818,2
13819,5
13820,9
13821,12
13822,3
13823,14
13824,14
13825,9
13826,11
13827,21
13828,2
13829,2
13830,31
13831,5
13832,11
13833,5
13834,12
13835,2
13836,2
13837,33
13838,5
13839,5
13840,9
13841,5
13842,6
13843,2
13844,9
13845,9
13846,8
13847,4
13848,11
13849,4
13850,5
13851,9
13852,3
13853,15
13854,11
13855,8
13856,7
13857,4
13858,1
13859,6
13860,2
13861,7
13862,1
13863,10
13864,2
13865,3
13866,4
13867,5
13868,7
13869,15
13870,4
13871,3
13872,7
13873,1
13874,2
13875,22
13876,5
13877,5
13878,6
13879,4
13880,11
13881,1
13882,1
13883,3
13884,6
13885,2
13886,5
13887,7
13888,2
13889,9
13890,21
13891,1
13892,15
13893,1
13894,3
13895,9
13896,14
13897,7
13898,9
13899,10
13900,7
13901,1
13902,7
13903,4
13904,10
13905,2
13906,5
13907,10
13908,1
13909,4
13910,19
13911,18
13912,5
13913,5
13914,11
13915,10
13916,3
13917,8
13918,9
13919,7
13920,12
13921,4
13922,5
13923,2
13924,8
13925,9
13926,10
13927,4
13928,4
13929,19
13930,6
13931,10
13932,4
13933,1
13934,1
13935,3
13936,1
13937,1
13938,2
13939,3
13940,8
13941,9
13942,5
13943,10
13944,8
13945,4
13946,8
13947,32
13948,11
13949,3
13950,22
13951,1
13952,4
13953,3
13954,11
13955,1
13956,1
13957,3
13958,26
13959,7
13960,17
13961,5
13962,12
13963,1
13964,6
13965,2
13966,7
13967,7
13968,8
13969,8
13970,21
13971,4
13972,4
13973,4
13974,6
13975,1
13976,9
13977,17
13978,11
13979,4
13980,10
13981,8
13982,6
13983,6
13984,2
13985,4
13986,12
13987,13
13988,3
13989,6
13990,1
13991,34
13992,2
13993,5
13994,10
13995,1
13996,4
13997,5
13998,9
13999,4
14000,5
14001,3
14002,4
14003,1
14004,29
14005,5
14006,8
14007,24
14008,5
14009,4
14010,5
14011,23
14012,3
14013,4
14014,5
14015,20
14016,1
14017,3
14018,7
14019,5
14020,3
14021,1
14022,1
14023,12
14024,1
14025,5
14026,1
14027,7
14028,3
14029,3
14030,7
14031,11
14032,9
14033,4
14034,4
14035,1
14036,5
14037,2
14038,6
14039,13
14040,3
14041,4
14042,1
14043,2
14044,1
14045,7
14046,2
14047,3
14048,9
14049,4
14050,6
14051,14
14052,6
14053,8
14054,3
14055,2
14056,4
14057,6
14058,5
14059,4
14060,7
14061,2
14062,11
14063,6
14064,1
14065,6
14066,7
14067,5
14068,34
14069,7
14070,1
14071,8
14072,11
14073,11
14074,3
14075,6
14076,21
14077,11
14078,13
14079,12
14080,11
14081,1
14082,8
14083,8
14084,10
14085,7
14086,26
14087,21
14088,15
14089,8
14090,16
14091,24
14092,3
14093,8
14094,15
14095,7
14096,2
14097,2
14098,5
14099,10
14100,11
14101,8
14102,28
14103,3
14104,7
14105,16
14106,10
14107,10
14108,1
14109,25
14110,11
14111,6
14112,3
14113,3
14114,34
14115,4
14116,7
14117,10
14118,1
14119,3
14120,8
14121,9
14122,1
14123,10
14124,11
14125,5
14126,8
14127,4
14128,17
14129,1
14130,4
14131,7
14132,3
14133,2
14134,7
14135,8
14136,5
14137,10
14138,4
14139,4
14140,10
14141,4
14142,3
14143,13
14144,1
14145,8
14146,7
14147,8
14148,6
14149,2
14150,8
14151,10
14152,11
14153,4
14154,4
14155,1
14156,2
14157,5
14158,1
14159,34
14160,1
14161,10
14162,4
14163,10
14164,2
14165,2
14166,3
14167,7
14168,2
14169,5
14170,25
14171,5
14172,10
14173,4
14174,4
14175,13
14176,8
14177,31
14178,3
14179,9
14180,11
14181,4
14182,28
14183,10
14184,7
14185,14
14186,2
14187,9
14188,12
14189,21
14190,6
14191,1
14192,5
14193,5
14194,2
14195,3
14196,5
14197,2
14198,11
14199,9
14200,8
14201,7
14202,3
14203,2
14204,11
14205,2
14206,8
14207,4
14208,1
14209,2
14210,1
14211,11
14212,4
14213,3
14214,1
14215,4
14216,7
14217,14
14218,2
14219,23
14220,8
14221,2
14222,8
14223,18
14224,2
14225,3
14226,4
14227,4
14228,2
14229,9
14230,4
14231,1
14232,4
14233,12
14234,8
14235,11
14236,1
14237,1
14238,1
14239,12
14240,2
14241,8
14242,14
14243,3
14244,1
14245,5
14246,10
14247,7
14248,11
14249,4
14250,1
14251,9
14252,7
14253,5
14254,3
14255,29
14256,12
14257,6
14258,7
14259,11
14260,6
14261,1
14262,9
14263,4
14264,4
14265,3
14266,14
14267,6
14268,5
14269,8
14270,1
14271,1
14272,2
14273,3
14274,2
14275,31
14276,14
14277,1
14278,6
14279,6
14280,8
14281,3
14282,5
14283,4
14284,6
14285,4
14286,7
14287,8
14288,10
14289,9
14290,7
14291,3
14292,10
14293,6
14294,10
14295,34
14296,9
14297,15
14298,25
14299,6
14300,1
14301,6
14302,1
14303,12
14304,3
14305,8
14306,10
14307,1
14308,1
14309,1
14310,12
14311,2
14312,1
14313,1
14314,2
14315,14
14316,8
14317,7
14318,6
14319,2
14320,7
14321,15
14322,7
14323,15
14324,6
14325,5
14326,2
14327,8
14328,34
14329,9
14330,11
14331,8
14332,8
14333,7
14334,6
14335,33
14336,3
14337,3
14338,12
14339,3
14340,4
14341,15
14342,5
14343,8
14344,12
14345,3
14346,3
14347,5
14348,7
14349,17
14350,34
14351,2
14352,8
14353,5
14354,10
14355,1
14356,1
14357,2
14358,9
14359,1
14360,1
14361,13
14362,12
14363,4
14364,14
14365,7
14366,1
14367,7
14368,5
14369,9
14370,3
14371,1
14372,1
14373,9
14374,5
14375,8
14376,4
14377,5
14378,6
14379,14
14380,13
14381,8
14382,12
14383,9
14384,2
14385,2
14386,6
14387,4
14388,5
14389,1
14390,7
14391,1
14392,8
14393,4
14394,12
14395,2
14396,1
14397,1
14398,1
14399,31
14400,5
14401,1
14402,12
14403,5
14404,3
14405,8
14406,1
14407,9
14408,1
14409,8
14410,2
14411,6
14412,5
14413,1
14414,8
14415,6
14416,5
14417,7
14418,2
14419,1
14420,6
14421,3
14422,3
14423,3
14424,1
14425,10
14426,20
14427,4
14428,5
14429,11
14430,10
14431,4
14432,2
14433,12
14434,8
14435,31
14436,8
14437,4
14438,7
14439,3
14440,3
14441,8
14442,6
14443,2
14444,12
14445,2
14446,14
14447,2
14448,13
14449,3
14450,7
14451,2
14452,9
14453,6
14454,1
14455,8
14456,5
14457,5
14458,1
14459,1
14460,5
14461,4
14462,6
14463,3
14464,22
14465,6
14466,8
14467,3
14468,15
14469,8
14470,1
14471,7
14472,11
14473,8
14474,1
14475,3
14476,12
14477,1
14478,1
14479,6
14480,5
14481,9
14482,1
14483,1
14484,5
14485,2
14486,9
14487,34
14488,2
14489,1
14490,9
14491,17
14492,9
14493,3
14494,14
14495,11
14496,3
14497,11
14498,10
14499,3
14500,6
14501,12
14502,2
14503,21
14504,24
14505,13
14506,1
14507,5
14508,4
14509,2
14510,21
14511,3
14512,5
14513,2
14514,6
14515,4
14516,7
14517,3
14518,7
14519,8
14520,3
14521,5
14522,8
14523,3
14524,3
14525,7
14526,10
14527,8
14528,3
14529,5
14530,8
14531,1
14532,3
14533,1
14534,2
14535,2
14536,2
14537,8
14538,6
14539,7
14540,2
14541,2
14542,7
14543,15
14544,7
14545,2
14546,4
14547,5
14548,7
14549,8
14550,5
14551,11
14552,9
14553,5
14554,1
14555,5
14556,1
14557,1
14558,3
14559,10
14560,7
14561,1
14562,15
14563,5
14564,2
14565,10
14566,2
14567,7
14568,10
14569,7
14570,33
14571,3
14572,9
14573,2
14574,7
14575,1
14576,5
14577,2
14578,5
14579,5
14580,2
14581,8
14582,8
14583,11
14584,3
14585,2
14586,19
14587,11
14588,6
14589,6
14590,9
14591,9
14592,7
14593,7
14594,3
14595,3
14596,3
14597,6
14598,3
14599,2
14600,12
14601,4
14602,2
14603,5
14604,3
14605,3
14606,5
14607,8
14608,11
14609,6
14610,1
14611,3
14612,2
14613,18
14614,9
14615,2
14616,3
14617,25
14618,5
14619,4
14620,3
14621,15
14622,11
14623,28
14624,8
14625,14
14626,18
14627,4
14628,2
14629,2
14630,2
14631,2
14632,2
14633,5
14634,8
14635,7
14636,1
14637,8
14638,9
14639,5
14640,1
14641,2
14642,2
14643,34
14644,11
14645,1
14646,3
14647,1
14648,4
14649,2
14650,5
14651,11
14652,5
14653,4
14654,8
14655,7
14656,1
14657,4
14658,6
14659,1
14660,16
14661,2
14662,5
14663,3
14664,2
14665,4
14666,6
14667,4
14668,1
14669,15
14670,22
14671,8
14672,2
14673,3
14674,9
14675,1
14676,1
14677,2
14678,4
14679,8
14680,4
14681,3
14682,12
14683,1
14684,4
14685,2
14686,5
14687,5
14688,7
14689,1
14690,2
14691,1
14692,10
14693,1
14694,7
14695,3
14696,26
14697,3
14698,15
14699,1
14700,12
14701,15
14702,17
14703,8
14704,1
14705,2
14706,4
14707,7
14708,5
14709,8
14710,3
14711,12
14712,2
14713,2
14714,8
14715,9
14716,10
14717,1
14718,1
14719,10
14720,2
14721,10
14722,7
14723,3
14724,34
14725,4
14726,4
14727,4
14728,8
14729,2
14730,3
14731,3
14732,6
14733,2
14734,4
14735,7
14736,2
14737,15
14738,3
14739,6
14740,7
14741,2
14742,2
14743,3
14744,4
14745,2
14746,1
14747,4
14748,3
14749,7
14750,5
14751,10
14752,2
14753,14
14754,19
14755,2
14756,2
14757,13
14758,8
14759,26
14760,1
14761,6
14762,16
14763,4
14764,13
14765,10
14766,4
14767,3
14768,8
14769,6
14770,3
14771,2
14772,11
14773,25
14774,2
14775,2
14776,5
14777,8
14778,3
14779,26
14780,3
14781,3
14782,1
14783,7
14784,2
14785,3
14786,1
14787,2
14788,16
14789,10
14790,7
14791,5
14792,4
14793,4
14794,12
14795,2
14796,9
14797,9
14798,6
14799,9
14800,6
14801,6
14802,6
14803,8
14804,16
14805,16
14806,10
14807,2
14808,7
14809,11
14810,6
14811,31
14812,8
14813,5
14814,3
14815,4
14816,1
14817,2
14818,2
14819,5
14820,3
14821,7
14822,3
14823,3
14824,1
14825,2
14826,3
14827,7
14828,15
14829,34
14830,10
14831,11
14832,11
14833,9
14834,14
14835,6
14836,34
14837,5
14838,2
14839,1
14840,5
14841,8
14842,5
14843,1
14844,1
14845,4
14846,2
14847,11
14848,3
14849,2
14850,5
14851,9
14852,7
14853,13
14854,9
14855,6
14856,8
14857,12
14858,5
14859,1
14860,3
14861,3
14862,8
14863,2
14864,11
14865,19
14866,10
14867,7
14868,1
14869,29
14870,8
14871,12
14872,25
14873,4
14874,13
14875,6
14876,6
14877,4
14878,2
14879,10
14880,5
14881,6
14882,5
14883,6
14884,1
14885,6
14886,15
14887,4
14888,7
14889,8
14890,4
14891,12
14892,5
14893,10
14894,2
14895,5
14896,9
14897,9
14898,8
14899,5
14900,4
14901,2
14902,3
14903,2
14904,4
14905,8
14906,4
14907,1
14908,34
14909,7
14910,2
14911,6
14912,12
14913,7
14914,1
14915,11
14916,1
14917,2
14918,13
14919,1
14920,1
14921,14
14922,7
14923,4
14924,7
14925,10
14926,13
14927,1
14928,3
14929,12
14930,10
14931,29
14932,11
14933,5
14934,2
14935,3
14936,8
14937,7
14938,5
14939,5
14940,34
14941,8
14942,1
14943,8
14944,1
14945,5
14946,2
14947,1
14948,20
14949,1
14950,1
14951,26
14952,3
14953,3
14954,6
14955,11
14956,11
14957,8
14958,20
14959,3
14960,3
14961,6
14962,25
14963,4
14964,4
14965,1
14966,5
14967,7
14968,7
14969,10
14970,4
14971,8
14972,1
14973,8
14974,7
14975,1
14976,4
14977,5
14978,4
14979,7
14980,2
14981,4
14982,11
14983,26
14984,13
14985,2
14986,2
14987,11
14988,1
14989,1
14990,3
14991,18
14992,3
14993,10
14994,10
14995,2
14996,2
14997,10
14998,1
14999,3
15000,2
15001,6
15002,3
15003,9
15004,2
15005,6
15006,8
15007,3
15008,15
15009,6
15010,5
15011,3
15012,1
15013,4
15014,15
15015,3
15016,12
15017,1
15018,6
15019,10
15020,4
15021,2
15022,1
15023,3
15024,4
15025,2
15026,5
15027,5
15028,11
15029,1
15030,2
15031,6
15032,2
15033,7
15034,12
15035,4
15036,2
15037,1
15038,3
15039,9
15040,3
15041,8
15042,12
15043,1
15044,7
15045,8
15046,1
15047,1
15048,4
15049,3
15050,5
15051,9
15052,8
15053,18
15054,6
15055,9
15056,10
15057,8
15058,10
15059,5
15060,10
15061,1
15062,3
15063,8
15064,8
15065,2
15066,2
15067,2
15068,11
15069,2
15070,1
15071,5
15072,2
15073,1
15074,1
15075,2
15076,2
15077,1
15078,2
15079,8
15080,1
15081,9
15082,2
15083,12
15084,1
15085,8
15086,8
15087,13
15088,7
15089,18
15090,2
15091,23
15092,4
15093,4
15094,11
15095,1
15096,2
15097,4
15098,7
15099,3
15100,12
15101,9
15102,5
15103,4
15104,16
15105,7
15106,11
15107,1
15108,8
15109,10
15110,1
15111,16
15112,5
15113,6
15114,10
15115,4
15116,7
15117,15
15118,5
15119,3
15120,27
15121,1
15122,8
15123,4
15124,2
15125,8
15126,4
15127,12
15128,5
15129,1
15130,8
15131,31
15132,16
15133,6
15134,15
15135,22
15136,7
15137,3
15138,6
15139,10
15140,13
15141,5
15142,9
15143,8
15144,5
15145,1
15146,5
15147,5
15148,9
15149,3
15150,1
15151,13
15152,5
15153,5
15154,4
15155,1
15156,34
15157,10
15158,1
15159,10
15160,4
15161,15
15162,1
15163,3
15164,9
15165,2
15166,3
15167,15
15168,14
15169,1
15170,10
15171,12
15172,31
15173,5
15174,11
15175,5
15176,4
15177,5
15178,5
15179,8
15180,31
15181,5
15182,2
15183,11
15184,14
15185,4
15186,2
15187,6
15188,1
15189,6
15190,5
15191,8
15192,16
15193,7
15194,9
15195,14
15196,12
15197,1
15198,6
15199,4
15200,1
15201,10
15202,31
15203,7
15204,5
15205,1
15206,4
15207,12
15208,2
15209,1
15210,6
15211,7
15212,7
15213,12
15214,4
15215,5
15216,1
15217,3
15218,2
15219,7
15220,6
15221,2
15222,13
15223,9
15224,6
15225,10
15226,8
15227,31
15228,3
15229,24
15230,3
15231,13
15232,1
15233,5
15234,12
15235,12
15236,34
15237,3
15238,5
15239,2
15240,8
15241,10
15242,11
15243,9
15244,3
15245,2
15246,9
15247,7
15248,2
15249,13
15250,1
15251,4
15252,11
15253,7
15254,6
15255,5
15256,15
15257,15
15258,11
15259,11
15260,11
15261,11
15262,5
15263,7
15264,5
15265,6
15266,4
15267,18
15268,23
15269,8
15270,34
15271,11
15272,13
15273,17
15274,6
15275,5
15276,4
15277,19
15278,7
15279,10
15280,9
15281,3
15282,5
15283,4
15284,4
15285,7
15286,4
15287,4
15288,1
15289,1
15290,9
15291,2
15292,15
15293,7
15294,7
15295,5
15296,3
15297,2
15298,25
15299,4
15300,14
15301,13
15302,4
15303,10
15304,8
15305,2
15306,1
15307,13
15308,9
15309,6
15310,2
15311,8
15312,18
15313,25
15314,5
15315,1
15316,4
15317,7
15318,8
15319,4
15320,3
15321,14
15322,3
15323,5
15324,15
15325,2
15326,2
15327,1
15328,14
15329,1
15330,12
15331,11
15332,12
15333,10
15334,3
15335,1
15336,8
15337,5
15338,10
15339,7
15340,20
15341,5
15342,18
15343,14
15344,1
15345,15
15346,17
15347,3
15348,15
15349,13
15350,13
15351,19
15352,25
15353,10
15354,9
15355,4
15356,4
15357,5
15358,3
15359,2
15360,12
15361,4
15362,7
15363,9
15364,3
15365,1
15366,13
15367,11
15368,11
15369,7
15370,8
15371,7
15372,2
15373,29
15374,4
15375,1
15376,4
15377,7
15378,2
15379,3
15380,7
15381,1
15382,5
15383,2
15384,5
15385,11
15386,3
15387,3
15388,9
15389,9
15390,1
15391,1
15392,28
15393,9
15394,6
15395,8
15396,5
15397,1
15398,1
15399,24
15400,11
15401,3
15402,1
15403,9
15404,6
15405,5
15406,34
15407,8
15408,16
15409,4
15410,2
15411,31
15412,10
15413,4
15414,7
15415,6
15416,5
15417,8
15418,12
15419,2
15420,3
15421,4
15422,6
15423,8
15424,5
15425,16
15426,10
15427,2
15428,11
15429,18
15430,5
15431,16
15432,16
15433,8
15434,4
15435,8
15436,6
15437,6
15438,12
15439,18
15440,10
15441,9
15442,10
15443,7
15444,1
15445,8
15446,8
15447,13
15448,4
15449,7
15450,11
15451,16
15452,10
15453,7
15454,21
15455,3
15456,8
15457,14
15458,18
15459,6
15460,2
15461,9
15462,7
15463,6
15464,11
15465,4
15466,2
15467,3
15468,10
15469,7
15470,5
15471,10
15472,22
15473,2
15474,13
15475,8
15476,6
15477,3
15478,8
15479,1
15480,7
15481,11
15482,1
15483,3
15484,1
15485,3
15486,14
15487,13
15488,3
15489,3
15490,7
15491,5
15492,4
15493,4
15494,5
15495,14
15496,3
15497,21
15498,1
15499,5
15500,3
15501,5
15502,15
15503,6
15504,12
15505,1
15506,15
15507,15
15508,10
15509,14
15510,8
15511,17
15512,10
15513,3
15514,4
15515,1
15516,22
15517,9
15518,18
15519,34
15520,2
15521,8
15522,15
15523,7
15524,13
15525,4
15526,10
15527,3
15528,9
15529,10
15530,10
15531,11
15532,4
15533,21
15534,11
15535,7
15536,12
15537,4
15538,1
15539,3
15540,5
15541,8
15542,2
15543,29
15544,3
15545,7
15546,4
15547,6
15548,8
15549,6
15550,6
15551,2
15552,3
15553,3
15554,8
15555,10
15556,5
15557,16
15558,2
15559,2
15560,5
15561,18
15562,12
15563,4
15564,19
15565,14
15566,11
15567,33
15568,4
15569,13
15570,8
15571,2
15572,4
15573,7
15574,13
15575,10
15576,9
15577,2
15578,8
15579,4
15580,31
15581,2
15582,6
15583,2
15584,4
15585,10
15586,19
15587,19
15588,7
15589,11
15590,3
15591,3
15592,3
15593,7
15594,22
15595,34
15596,9
15597,6
15598,10
15599,3
15600,33
15601,9
15602,1
15603,34
15604,12
15605,3
15606,25
15607,1
15608,7
15609,11
15610,1
15611,5
15612,8
15613,11
15614,3
15615,8
15616,4
15617,6
15618,8
15619,15
15620,7
15621,3
15622,3
15623,4
15624,6
15625,13
15626,8
15627,4
15628,2
15629,12
15630,7
15631,21
15632,8
15633,10
15634,3
15635,11
15636,18
15637,34
15638,6
15639,9
15640,6
15641,9
15642,7
15643,1
15644,17
15645,1
15646,12
15647,6
15648,20
15649,6
15650,1
15651,9
15652,34
15653,4
15654,5
15655,22
15656,8
15657,5
15658,22
15659,3
15660,2
15661,1
15662,11
15663,5
15664,8
15665,3
15666,11
15667,2
15668,1
15669,1
15670,9
15671,3
15672,4
15673,19
15674,7
15675,7
15676,10
15677,26
15678,4
15679,34
15680,21
15681,27
15682,5
15683,10
15684,26
15685,8
15686,3
15687,3
15688,7
15689,10
15690,6
15691,1
15692,8
15693,3
15694,22
15695,1
15696,4
15697,15
15698,21
15699,14
15700,18
15701,11
15702,6
15703,10
15704,13
15705,3
15706,4
15707,8
15708,4
15709,6
15710,7
15711,1
15712,5
15713,10
15714,7
15715,34
15716,10
15717,1
15718,4
15719,20
15720,7
15721,8
15722,10
15723,6
15724,8
15725,3
15726,7
15727,14
15728,21
15729,6
15730,5
15731,15
15732,9
15733,3
15734,8
15735,10
15736,34
15737,6
15738,8
15739,10
15740,9
15741,9
15742,15
15743,34
15744,3
15745,9
15746,8
15747,2
15748,5
15749,2
15750,2
15751,3
15752,2
15753,3
15754,4
15755,34
15756,10
15757,4
15758,1
15759,11
15760,7
15761,7
15762,4
15763,11
15764,15
15765,1
15766,1
15767,5
15768,6
15769,1
15770,15
15771,10
15772,10
15773,10
15774,1
15775,9
15776,8
15777,5
15778,9
15779,8
15780,3
15781,8
15782,2
15783,28
15784,34
15785,12
15786,20
15787,10
15788,8
15789,8
15790,2
15791,7
15792,8
15793,34
15794,11
15795,4
15796,14
15797,11
15798,30
15799,3
15800,11
15801,10
15802,10
15803,1
15804,10
15805,34
15806,1
15807,7
15808,10
15809,1
15810,23
15811,9
15812,5
15813,7
15814,7
15815,28
15816,13
15817,15
15818,4
15819,3
15820,2
15821,4
15822,21
15823,7
15824,7
15825,3
15826,8
15827,4
15828,3
15829,12
15830,31
15831,11
15832,3
15833,7
15834,6
15835,7
15836,2
15837,4
15838,6
15839,10
15840,11
15841,20
15842,12
15843,8
15844,15
15845,5
15846,34
15847,6
15848,34
15849,21
15850,13
15851,15
15852,8
15853,4
15854,5
15855,10
15856,1
15857,8
15858,8
15859,8
15860,11
15861,21
15862,8
15863,1
15864,2
15865,3
15866,1
15867,8
15868,33
15869,7
15870,32
15871,4
15872,4
15873,11
15874,6
15875,14
15876,1
15877,8
15878,2
15879,6
15880,9
15881,21
15882,2
15883,8
15884,11
15885,32
15886,31
15887,4
15888,10
15889,4
15890,6
15891,10
15892,2
15893,12
15894,9
15895,4
15896,34
15897,3
15898,8
15899,14
15900,14
15901,9
15902,10
15903,5
15904,8
15905,25
15906,23
15907,10
15908,2
15909,11
15910,27
15911,29
15912,34
15913,32
15914,7
15915,2
15916,8
15917,6
15918,4
15919,15
15920,34
15921,2
15922,4
15923,8
15924,1
15925,27
15926,7
15927,6
15928,13
15929,5
15930,34
15931,19
15932,34
15933,2
15934,8
15935,1
15936,2
15937,14
15938,20
15939,11
15940,6
15941,8
15942,7
15943,32
15944,7
15945,2
15946,10
15947,3
15948,10
15949,3
15950,7
15951,6
15952,23
15953,19
15954,4
15955,34
15956,6
15957,11
15958,8
15959,7
15960,34
15961,8
15962,6
15963,5
15964,2
15965,2
15966,7
15967,8
15968,1
15969,4
15970,14
15971,9
15972,1
15973,6
15974,10
15975,10
15976,13
15977,20
15978,9
15979,7
15980,4
15981,11
15982,9
15983,18
15984,5
15985,3
15986,8
15987,8
15988,19
15989,9
15990,1
15991,14
15992,9
15993,11
15994,3
15995,5
15996,7
15997,8
15998,24
15999,7
16000,9
16001,9
16002,34
16003,9
16004,4
16005,4
16006,11
16007,10
16008,6
16009,5
16010,5
16011,13
16012,34
16013,3
16014,8
16015,3
16016,6
16017,9
16018,5
16019,3
16020,15
16021,20
16022,12
16023,13
16024,5
16025,22
16026,2
16027,9
16028,3
16029,1
16030,1
16031,4
16032,21
16033,25
16034,24
16035,5
16036,19
16037,1
16038,8
16039,7
16040,6
16041,6
16042,19
16043,5
16044,7
16045,7
16046,14
16047,13
16048,7
16049,7
16050,34
16051,2
16052,2
16053,33
16054,6
16055,6
16056,15
16057,8
16058,4
16059,10
16060,8
16061,25
16062,3
16063,10
16064,26
16065,2
16066,2
16067,4
16068,14
16069,4
16070,3
16071,26
16072,9
16073,18
16074,3
16075,1
16076,8
16077,7
16078,9
16079,8
16080,8
16081,10
16082,3
16083,4
16084,32
16085,1
16086,2
16087,2
16088,25
16089,3
16090,3
16091,2
16092,5
16093,34
16094,10
16095,9
16096,6
16097,4
16098,11
16099,15
16100,24
16101,15
16102,7
16103,1
16104,6
16105,3
16106,26
16107,5
16108,1
16109,8
16110,34
16111,21
16112,33
16113,2
16114,8
16115,5
16116,7
16117,1
16118,8
16119,25
16120,9
16121,13
16122,11
16123,4
16124,12
16125,31
16126,1
16127,8
16128,7
16129,10
16130,2
16131,27
16132,7
16133,5
16134,29
16135,34
16136,9
16137,18
16138,7
16139,33
16140,4
16141,9
16142,27
16143,34
16144,5
16145,34
16146,26
16147,10
16148,11
16149,5
16150,11
16151,3
16152,9
16153,31
16154,10
16155,13
16156,34
16157,2
16158,9
16159,2
16160,3
16161,13
16162,5
16163,10
16164,3
16165,18
16166,17
16167,18
16168,22
16169,27
16170,6
16171,4
16172,34
16173,4
16174,7
16175,12
16176,32
16177,5
16178,32
16179,4
16180,7
16181,25
16182,13
16183,11
16184,34
16185,3
16186,5
16187,4
16188,6
16189,1
16190,5
16191,7
16192,6
16193,12
16194,15
16195,13
16196,5
16197,2
16198,10
16199,3
16200,4
16201,11
16202,20
16203,7
16204,11
16205,29
16206,15
16207,4
16208,8
16209,6
16210,11
16211,5
16212,4
16213,11
16214,11
16215,34
16216,3
16217,27
16218,4
16219,4
16220,7
16221,34
16222,4
16223,5
16224,6
16225,14
16226,16
16227,17
16228,1
16229,1
16230,10
16231,6
16232,1
16233,12
16234,6
16235,11
16236,12
16237,4
16238,18
16239,8
16240,21
16241,10
16242,8
16243,34
16244,15
16245,12
16246,24
16247,34
16248,26
16249,16
16250,7
16251,6
16252,23
16253,27
16254,4
16255,13
16256,2
16257,33
16258,9
16259,10
16260,32
16261,4
16262,3
16263,1
16264,34
16265,3
16266,4
16267,10
16268,16
16269,1
16270,9
16271,2
16272,16
16273,11
16274,2
16275,7
16276,10
16277,9
16278,4
16279,34
16280,34
16281,27
16282,6
16283,9
16284,2
16285,3
16286,7
16287,8
16288,2
16289,20
16290,6
16291,13
16292,22
16293,19
16294,2
16295,1
16296,8
16297,12
16298,20
16299,7
16300,9
16301,7
16302,3
16303,4
16304,1
16305,1
16306,1
16307,5
16308,5
16309,1
16310,6
16311,6
16312,2
16313,34
16314,10
16315,13
16316,14
16317,2
16318,8
16319,3
16320,7
16321,8
16322,5
16323,2
16324,8
16325,9
16326,1
16327,10
16328,14
16329,8
16330,5
16331,22
16332,34
16333,8
16334,34
16335,3
16336,2
16337,9
16338,3
16339,3
16340,34
16341,6
16342,2
16343,1
16344,7
16345,7
16346,5
16347,2
16348,4
16349,3
16350,3
16351,5
16352,4
16353,3
16354,25
16355,12
16356,6
16357,4
16358,6
16359,20
16360,12
16361,2
16362,30
16363,34
16364,4
16365,4
16366,3
16367,1
16368,9
16369,31
16370,4
16371,31
16372,3
16373,6
16374,4
16375,4
16376,34
16377,11
16378,34
16379,8
16380,7
16381,16
16382,4
16383,22
16384,8
16385,30
16386,25
16387,20
16388,8
16389,5
16390,1
16391,9
16392,24
16393,7
16394,10
16395,11
16396,7
16397,7
16398,7
16399,7
16400,3
16401,2
16402,3
16403,4
16404,7
16405,15
16406,3
16407,2
16408,10
16409,19
16410,2
16411,3
16412,7
16413,8
16414,8
16415,4
16416,7
16417,9
16418,7
16419,5
16420,14
16421,11
16422,1
16423,13
16424,1
16425,2
16426,8
16427,8
16428,3
16429,31
16430,17
16431,16
16432,21
16433,19
16434,7
16435,5
16436,12
16437,2
16438,4
16439,15
16440,7
16441,6
16442,16
16443,2
16444,34
16445,3
16446,3
16447,5
16448,6
16449,34
16450,1
16451,3
16452,30
16453,1
16454,3
16455,19
16456,34
16457,14
16458,11
16459,6
16460,4
16461,25
16462,12
16463,8
16464,1
16465,9
16466,10
16467,8
16468,3
16469,9
16470,21
16471,14
16472,33
16473,7
16474,2
16475,34
16476,11
16477,18
16478,3
16479,3
16480,11
16481,10
16482,1
16483,4
16484,8
16485,15
16486,7
16487,4
16488,21
16489,4
16490,7
16491,8
16492,5
16493,4
16494,8
16495,5
16496,2
16497,25
16498,4
16499,1
16500,2
16501,1
16502,1
16503,14
16504,6
16505,4
16506,4
16507,3
16508,9
16509,3
16510,14
16511,22
16512,9
16513,12
16514,4
16515,3
16516,9
16517,12
16518,6
16519,8
16520,34
16521,32
16522,5
16523,2
16524,4
16525,7
16526,1
16527,5
16528,16
16529,8
16530,10
16531,34
16532,34
16533,25
16534,1
16535,16
16536,2
16537,1
16538,19
16539,18
16540,5
16541,4
16542,1
16543,3
16544,2
16545,1
16546,7
16547,11
16548,8
16549,4
16550,33
16551,4
16552,4
16553,9
16554,6
16555,8
16556,5
16557,8
16558,3
16559,12
16560,34
16561,2
16562,9
16563,18
16564,3
16565,2
16566,25
16567,2
16568,11
16569,12
16570,9
16571,5
16572,3
16573,7
16574,11
16575,9
16576,12
16577,10
16578,4
16579,1
16580,1
16581,6
16582,7
16583,12
16584,12
16585,10
16586,4
16587,1
16588,30
16589,14
16590,4
16591,3
16592,2
16593,10
16594,8
16595,11
16596,25
16597,1
16598,18
16599,4
16600,5
16601,3
16602,10
16603,5
16604,7
16605,7
16606,4
16607,5
16608,9
16609,1
16610,8
16611,8
16612,34
16613,11
16614,2
16615,3
16616,33
16617,7
16618,9
16619,7
16620,26
16621,5
16622,9
16623,4
16624,5
16625,34
16626,9
16627,7
16628,9
16629,7
16630,2
16631,12
16632,3
16633,9
16634,7
16635,2
16636,21
16637,10
16638,8
16639,8
16640,7
16641,1
16642,7
16643,24
16644,7
16645,8
16646,17
16647,34
16648,31
16649,2
16650,12
16651,5
16652,12
16653,4
16654,3
16655,17
16656,1
16657,8
16658,11
16659,8
16660,9
16661,1
16662,21
16663,10
16664,5
16665,9
16666,8
16667,1
16668,4
16669,28
16670,1
16671,34
16672,11
16673,9
16674,7
16675,8
16676,10
16677,2
16678,9
16679,32
16680,26
16681,10
16682,11
16683,2
16684,24
16685,31
16686,5
16687,34
16688,17
16689,3
16690,25
16691,10
16692,2
16693,1
16694,1
16695,11
16696,9
16697,34
16698,34
16699,34
16700,10
16701,3
16702,8
16703,27
16704,5
16705,7
16706,17
16707,17
16708,11
16709,7
16710,34
16711,34
16712,10
16713,6
16714,10
16715,6
16716,10
16717,12
16718,23
16719,3
16720,7
16721,6
16722,8
16723,6
16724,2
16725,9
16726,34
16727,9
16728,2
16729,5
16730,8
16731,14
16732,27
16733,1
16734,2
16735,6
16736,12
16737,18
16738,11
16739,10
16740,1
16741,1
16742,8
16743,21
16744,14
16745,5
16746,7
16747,7
16748,5
16749,29
16750,3
16751,5
16752,1
16753,11
16754,2
16755,2
16756,4
16757,1
16758,1
16759,28
16760,19
16761,1
16762,1
16763,1
16764,11
16765,9
16766,10
16767,1
16768,1
16769,7
16770,1
16771,2
16772,6
16773,2
16774,8
16775,9
16776,14
16777,10
16778,1
16779,29
16780,9
16781,7
16782,4
16783,3
16784,32
16785,15
16786,6
16787,20
16788,10
16789,3
16790,34
16791,14
16792,5
16793,2
16794,8
16795,5
16796,16
16797,34
16798,14
16799,9
16800,3
16801,34
16802,26
16803,6
16804,6
16805,34
16806,2
16807,18
16808,10
16809,2
16810,24
16811,2
16812,11
16813,15
16814,1
16815,7
16816,3
16817,2
16818,4
16819,9
16820,8
16821,26
16822,4
16823,5
16824,3
16825,7
16826,4
16827,6
16828,6
16829,3
16830,5
16831,7
16832,4
16833,34
16834,8
16835,8
16836,9
16837,34
16838,34
16839,7
16840,11
16841,15
16842,7
16843,5
16844,7
16845,34
16846,11
16847,11
16848,5
16849,3
16850,6
16851,27
16852,27
16853,7
16854,7
16855,8
16856,14
16857,14
16858,14
16859,8
16860,4
16861,6
16862,2
16863,34
16864,1
16865,3
16866,3
16867,9
16868,9
16869,12
16870,34
16871,12
16872,2
16873,31
16874,4
16875,13
16876,5
16877,12
16878,17
16879,6
16880,11
16881,8
16882,34
16883,34
16884,9
16885,8
16886,17
16887,10
16888,7
16889,6
16890,18
16891,7
16892,4
16893,6
16894,12
16895,2
16896,5
16897,3
16898,11
16899,34
16900,11
16901,14
16902,34
16903,6
16904,5
16905,22
16906,10
16907,34
16908,11
16909,4
16910,3
16911,19
16912,8
16913,9
16914,6
16915,9
16916,2
16917,11
16918,7
16919,33
16920,16
16921,33
16922,34
16923,2
16924,34
16925,27
16926,34
16927,1
16928,7
16929,15
16930,34
16931,6
16932,2
16933,5
16934,1
16935,10
16936,7
16937,20
16938,10
16939,2
16940,7
16941,4
16942,5
16943,7
16944,4
16945,10
16946,4
16947,2
16948,2
16949,4
16950,11
16951,6
16952,6
16953,20
16954,7
16955,7
16956,7
16957,8
16958,4
16959,18
16960,1
16961,34
16962,8
16963,34
16964,7
16965,4
16966,6
16967,2
16968,1
16969,3
16970,19
16971,14
16972,5
16973,6
16974,5
16975,2
16976,34
16977,3
16978,11
16979,14
16980,13
16981,23
16982,10
16983,7
16984,7
16985,33
16986,34
16987,2
16988,11
16989,28
16990,8
16991,9
16992,14
16993,7
16994,34
16995,23
16996,11
16997,8
16998,9
16999,6
17000,10
17001,10
17002,9
17003,6
17004,3
17005,7
17006,4
17007,12
17008,17
17009,33
17010,9
17011,1
17012,8
17013,1
17014,9
17015,7
17016,34
17017,2
17018,9
17019,8
17020,3
17021,6
17022,1
17023,4
17024,1
17025,1
17026,31
17027,11
17028,6
17029,3
17030,9
17031,14
17032,4
17033,8
17034,34
17035,2
17036,10
17037,7
17038,10
17039,1
17040,2
17041,24
17042,13
17043,11
17044,6
17045,8
17046,3
17047,1
17048,4
17049,4
17050,3
17051,14
17052,34
17053,7
17054,14
17055,8
17056,6
17057,15
17058,2
17059,9
17060,27
17061,2
17062,3
17063,4
17064,8
17065,9
17066,1
17067,5
17068,5
17069,5
17070,2
17071,14
17072,1
17073,5
17074,5
17075,5
17076,1
17077,6
17078,12
17079,8
17080,33
17081,1
17082,5
17083,32
17084,14
17085,28
17086,3
17087,1
17088,31
17089,6
17090,34
17091,2
17092,8
17093,6
17094,8
17095,5
17096,5
17097,34
17098,7
17099,34
17100,6
17101,9
17102,4
17103,27
17104,1
17105,34
17106,2
17107,1
17108,2
17109,4
17110,6
17111,7
17112,24
17113,14
17114,7
17115,10
17116,6
17117,16
17118,34
17119,7
17120,4
17121,1
17122,8
17123,7
17124,4
17125,7
17126,30
17127,28
17128,8
17129,8
17130,9
17131,9
17132,10
17133,7
17134,1
17135,10
17136,30
17137,15
17138,1
17139,1
17140,11
17141,18
17142,4
17143,8
17144,6
17145,34
17146,5
17147,6
17148,7
17149,8
17150,19
17151,32
17152,6
17153,23
17154,4
17155,3
17156,2
17157,13
17158,34
17159,28
17160,3
17161,14
17162,12
17163,33
17164,8
17165,4
17166,3
17167,19
17168,31
17169,5
17170,3
17171,9
17172,8
17173,11
17174,13
17175,20
17176,7
17177,2
17178,13
17179,4
17180,10
17181,34
17182,8
17183,2
17184,14
17185,5
17186,9
17187,1
17188,7
17189,11
17190,21
17191,8
17192,26
17193,29
17194,3
17195,32
17196,8
17197,11
17198,1
17199,3
17200,4
17201,10
17202,34
17203,5
17204,5
17205,2
17206,3
17207,3
17208,34
17209,28
17210,25
17211,34
17212,18
17213,5
17214,11
17215,8
17216,1
17217,8
17218,8
17219,3
17220,1
17221,15
17222,10
17223,12
17224,2
17225,34
17226,34
17227,11
17228,14
17229,32
17230,13
17231,7
17232,12
17233,10
17234,15
17235,3
17236,1
17237,33
17238,3
17239,13
17240,11
17241,1
17242,9
17243,5
17244,5
17245,3
17246,4
17247,4
17248,10
17249,13
17250,5
17251,12
17252,10
17253,10
17254,7
17255,8
17256,3
17257,6
17258,1
17259,8
17260,17
17261,12
17262,8
17263,6
17264,2
17265,30
17266,1
17267,11
17268,21
17269,11
17270,18
17271,34
17272,4
17273,34
17274,9
17275,7
17276,1
17277,1
17278,3
17279,13
17280,3
17281,13
17282,30
17283,25
17284,18
17285,2
17286,11
17287,14
17288,2
17289,32
17290,1
17291,11
17292,11
17293,13
17294,10
17295,3
17296,26
17297,31
17298,30
17299,22
17300,14
17301,19
17302,8
17303,2
17304,9
17305,34
17306,1
17307,1
17308,12
17309,10
17310,2
17311,3
17312,6
17313,8
17314,7
17315,1
17316,24
17317,14
17318,12
17319,2
17320,31
17321,29
17322,10
17323,26
17324,34
17325,12
17326,13
17327,15
17328,13
17329,30
17330,13
17331,5
17332,10
17333,3
17334,2
17335,34
17336,2
17337,4
17338,7
17339,8
17340,3
17341,34
17342,17
17343,6
17344,8
17345,7
17346,5
17347,27
17348,10
17349,4
17350,2
17351,4
17352,7
17353,10
17354,9
17355,34
17356,4
17357,1
17358,19
17359,11
17360,8
17361,10
17362,32
17363,3
17364,5
17365,34
17366,12
17367,2
17368,8
17369,32
17370,1
17371,7
17372,25
17373,25
17374,12
17375,34
17376,1
17377,9
17378,5
17379,4
17380,9
17381,1
17382,10
17383,30
17384,3
17385,4
17386,8
17387,8
17388,6
17389,34
17390,9
17391,2
17392,1
17393,7
17394,11
17395,5
17396,34
17397,30
17398,34
17399,6
17400,6
17401,9
17402,10
17403,10
17404,16
17405,4
17406,5
17407,4
17408,5
17409,10
17410,19
17411,9
17412,5
17413,5
17414,6
17415,14
17416,11
17417,34
17418,6
17419,28
17420,7
17421,6
17422,2
17423,10
17424,5
17425,1
17426,24
17427,9
17428,11
17429,7
17430,2
17431,10
17432,12
17433,6
17434,7
17435,7
17436,33
17437,20
17438,5
17439,7
17440,14
17441,5
17442,5
17443,3
17444,25
17445,3
17446,4
17447,19
17448,2
17449,18
17450,9
17451,4
17452,6
17453,5
17454,18
17455,25
17456,23
17457,8
17458,2
17459,3
17460,13
17461,2
17462,13
17463,8
17464,1
17465,3
17466,34
17467,13
17468,5
17469,6
17470,15
17471,12
17472,5
17473,25
17474,11
17475,9
17476,14
17477,2
17478,5
17479,1
17480,1
17481,12
17482,12
17483,5
17484,13
17485,4
17486,7
17487,2
17488,1
17489,9
17490,6
17491,3
17492,3
17493,10
17494,11
17495,3
17496,18
17497,4
17498,10
17499,7
17500,3
17501,8
17502,1
17503,34
17504,22
17505,34
17506,7
17507,15
17508,3
17509,5
17510,2
17511,18
17512,3
17513,4
17514,9
17515,17
17516,11
17517,30
17518,3
17519,10
17520,29
17521,34
17522,9
17523,8
17524,25
17525,2
17526,8
17527,6
17528,16
17529,1
17530,34
17531,5
17532,20
17533,5
17534,5
17535,1
17536,33
17537,8
17538,6
17539,7
17540,34
17541,12
17542,14
17543,6
17544,34
17545,8
17546,13
17547,11
17548,9
17549,16
17550,34
17551,5
17552,6
17553,3
17554,9
17555,8
17556,10
17557,8
17558,34
17559,25
17560,16
17561,7
17562,3
17563,20
17564,6
17565,7
17566,1
17567,6
17568,2
17569,34
17570,4
17571,31
17572,4
17573,7
17574,7
17575,31
17576,4
17577,34
17578,34
17579,1
17580,7
17581,7
17582,5
17583,12
17584,5
17585,12
17586,29
17587,28
17588,11
17589,7
17590,34
17591,34
17592,4
17593,22
17594,9
17595,7
17596,34
17597,34
17598,6
17599,34
17600,9
17601,7
17602,2
17603,34
17604,7
17605,8
17606,3
17607,30
17608,7
17609,15
17610,11
17611,20
17612,8
17613,10
17614,2
17615,1
17616,1
17617,3
17618,7
17619,2
17620,18
17621,34
17622,4
17623,7
17624,3
17625,9
17626,34
17627,9
17628,8
17629,16
17630,7
17631,9
17632,15
17633,5
17634,6
17635,34
17636,6
17637,7
17638,34
17639,20
17640,4
17641,10
17642,34
17643,11
17644,34
17645,2
17646,5
17647,8
17648,7
17649,10
17650,12
17651,4
17652,8
17653,2
17654,1
17655,10
17656,5
17657,8
17658,34
17659,34
17660,4
17661,29
17662,8
17663,2
17664,2
17665,26
17666,26
17667,6
17668,12
17669,10
17670,4
17671,11
17672,6
17673,5
17674,29
17675,28
17676,8
17677,15
17678,7
17679,1
17680,5
17681,11
17682,21
17683,8
17684,3
17685,6
17686,9
17687,25
17688,2
17689,5
17690,4
17691,30
17692,8
17693,34
17694,8
17695,6
17696,9
17697,21
17698,18
17699,2
17700,34
17701,34
17702,32
17703,2
17704,4
17705,5
17706,8
17707,34
17708,10
17709,12
17710,10
17711,8
17712,4
17713,14
17714,12
17715,3
17716,2
17717,4
17718,8
17719,1
17720,8
17721,7
17722,2
17723,33
17724,10
17725,8
17726,13
17727,1
17728,30
17729,27
17730,6
17731,34
17732,1
17733,1
17734,5
17735,4
17736,34
17737,11
17738,9
17739,7
17740,2
17741,3
17742,2
17743,10
17744,3
17745,31
17746,7
17747,22
17748,3
17749,11
17750,7
17751,4
17752,1
17753,23
17754,34
17755,34
17756,7
17757,2
17758,4
17759,5
17760,7
17761,31
17762,1
17763,14
17764,13
17765,34
17766,31
17767,21
17768,34
17769,1
17770,34
17771,24
17772,6
17773,5
17774,8
17775,32
17776,34
17777,10
17778,31
17779,34
17780,1
17781,4
17782,5
17783,15
17784,10
17785,9
17786,34
17787,28
17788,34
17789,7
17790,5
17791,4
17792,22
17793,4
17794,15
17795,7
17796,34
17797,34
17798,15
17799,14
17800,10
17801,34
17802,2
17803,10
17804,32
17805,10
17806,19
17807,1
17808,1
17809,4
17810,7
17811,33
17812,2
17813,34
17814,34
17815,7
17816,12
17817,3
17818,6
17819,2
17820,34
17821,21
17822,6
17823,34
17824,2
17825,6
17826,6
17827,34
17828,5
17829,34
17830,7
17831,8
17832,1
17833,5
17834,34
17835,11
17836,34
17837,6
17838,5
17839,2
17840,4
17841,3
17842,26
17843,8
17844,24
17845,7
17846,3
17847,34
17848,2
17849,6
17850,5
17851,2
17852,34
17853,8
17854,19
17855,34
17856,1
17857,7
17858,10
17859,9
17860,13
17861,21
17862,8
17863,12
17864,5
17865,5
17866,15
17867,8
17868,14
17869,9
17870,3
17871,21
17872,18
17873,22
17874,3
17875,8
17876,26
17877,1
17878,34
17879,34
17880,3
17881,1
17882,6
17883,5
17884,4
17885,1
17886,6
17887,8
17888,22
17889,3
17890,9
17891,12
17892,33
17893,9
17894,21
17895,3
17896,6
17897,7
17898,10
17899,8
17900,21
17901,20
17902,3
17903,9
17904,4
17905,8
17906,4
17907,11
17908,6
17909,13
17910,4
17911,12
17912,27
17913,11
17914,3
17915,2
17916,34
17917,7
17918,8
17919,1
17920,34
17921,34
17922,2
17923,13
17924,2
17925,3
17926,10
17927,34
17928,34
17929,31
17930,12
17931,11
17932,1
17933,7
17934,5
17935,1
17936,2
17937,34
17938,34
17939,7
17940,5
17941,34
17942,15
17943,31
17944,25
17945,34
17946,2
17947,10
17948,14
17949,11
17950,12
17951,34
17952,3
17953,11
17954,32
17955,3
17956,33
17957,11
17958,4
17959,11
17960,9
17961,2
17962,26
17963,34
17964,3
17965,9
17966,1
17967,1
17968,2
17969,19
17970,2
17971,1
17972,5
17973,9
17974,34
17975,31
17976,34
17977,1
17978,8
17979,7
17980,10
17981,34
17982,12
17983,3
17984,13
17985,34
17986,7
17987,11
17988,1
17989,6
17990,1
17991,3
17992,8
17993,4
17994,20
17995,5
17996,14
17997,9
17998,4
17999,5
18000,15
18001,34
18002,9
18003,6
18004,1
18005,20
18006,14
18007,14
18008,5
18009,33
18010,10
18011,34
18012,9
18013,10
18014,1
18015,28
18016,31
18017,3
18018,17
18019,2
18020,4
18021,31
18022,16
18023,10
18024,8
18025,5
18026,4
18027,6
18028,18
18029,8
18030,7
18031,7
18032,6
18033,14
18034,6
18035,7
18036,6
18037,34
18038,7
18039,9
18040,10
18041,5
18042,7
18043,7
18044,8
18045,28
18046,10
18047,34
18048,8
18049,34
18050,10
18051,4
18052,22
18053,2
18054,2
18055,12
18056,11
18057,11
18058,16
18059,34
18060,34
18061,2
18062,9
18063,7
18064,14
18065,1
18066,8
18067,2
18068,1
18069,34
18070,8
18071,6
18072,23
18073,2
18074,11
18075,21
18076,3
18077,34
18078,34
18079,25
18080,3
18081,13
18082,5
18083,20
18084,2
18085,10
18086,4
18087,4
18088,13
18089,31
18090,12
18091,30
18092,25
18093,10
18094,1
18095,1
18096,34
18097,17
18098,12
18099,7
18100,5
18101,6
18102,10
18103,30
18104,10
18105,3
18106,8
18107,8
18108,34
18109,11
18110,15
18111,5
18112,34
18113,34
18114,11
18115,28
18116,9
18117,2
18118,14
18119,3
18120,3
18121,30
18122,16
18123,6
18124,6
18125,27
18126,28
18127,5
18128,34
18129,7
18130,34
18131,8
18132,34
18133,17
18134,6
18135,2
18136,3
18137,16
18138,26
18139,2
18140,14
18141,27
18142,6
18143,5
18144,12
18145,5
18146,6
18147,1
18148,18
18149,16
18150,5
18151,18
18152,8
18153,12
18154,2
18155,34
18156,1
18157,4
18158,9
18159,29
18160,7
18161,3
18162,34
18163,13
18164,23
18165,17
18166,6
18167,34
18168,34
18169,5
18170,32
18171,7
18172,8
18173,9
18174,30
18175,9
18176,5
18177,12
18178,10
18179,9
18180,10
18181,21
18182,8
18183,14
18184,7
18185,29
18186,27
18187,6
18188,3
18189,5
18190,12
18191,14
18192,7
18193,4
18194,8
18195,2
18196,3
18197,11
18198,1
18199,8
18200,12
18201,7
18202,7
18203,4
18204,34
18205,1
18206,3
18207,8
18208,32
18209,30
18210,3
18211,6
18212,11
18213,4
18214,6
18215,9
18216,15
18217,27
18218,19
18219,34
18220,27
18221,13
18222,15
18223,34
18224,2
18225,4
18226,10
18227,14
18228,5
18229,8
18230,5
18231,6
18232,7
18233,1
18234,6
18235,7
18236,25
18237,9
18238,17
18239,3
18240,11
18241,25
18242,20
18243,2
18244,23
18245,4
18246,17
18247,3
18248,15
18249,5
18250,17
18251,18
18252,34
18253,5
18254,6
18255,10
18256,3
18257,2
18258,1
18259,4
18260,13
18261,7
18262,8
18263,8
18264,3
18265,4
18266,1
18267,34
18268,34
18269,29
18270,3
18271,3
18272,2
18273,5
18274,6
18275,10
18276,9
18277,8
18278,13
18279,21
18280,9
18281,9
18282,34
18283,31
18284,7
18285,13
18286,10
18287,14
18288,25
18289,22
18290,29
18291,15
18292,4
18293,6
18294,22
18295,2
18296,8
18297,27
18298,11
18299,34
18300,7
18301,31
18302,18
18303,6
18304,10
18305,14
18306,4
18307,3
18308,7
18309,25
18310,32
18311,5
18312,5
18313,10
18314,4
18315,9
18316,22
18317,34
18318,5
18319,4
18320,1
18321,3
18322,8
18323,6
18324,2
18325,8
18326,3
18327,7
18328,2
18329,7
18330,3
18331,21
18332,12
18333,34
18334,5
18335,8
18336,31
18337,7
18338,1
18339,13
18340,33
18341,11
18342,15
18343,33
18344,34
18345,7
18346,4
18347,20
18348,3
18349,34
18350,27
18351,5
18352,14
18353,2
18354,8
18355,2
18356,9
18357,9
18358,8
18359,6
18360,6
18361,13
18362,3
18363,14
18364,6
18365,12
18366,5
18367,10
18368,7
18369,11
18370,11
18371,10
18372,11
18373,2
18374,2
18375,5
18376,20
18377,8
18378,8
18379,13
18380,3
18381,16
18382,5
18383,2
18384,34
18385,30
18386,6
18387,3
18388,8
18389,22
18390,7
18391,22
18392,5
18393,9
18394,13
18395,13
18396,13
18397,11
18398,9
18399,7
18400,27
18401,1
18402,11
18403,9
18404,8
18405,6
18406,8
18407,11
18408,2
18409,15
18410,34
18411,29
18412,7
18413,9
18414,11
18415,32
18416,11
18417,7
18418,3
18419,34
18420,11
18421,3
18422,1
18423,1
18424,8
18425,27
18426,8
18427,34
18428,11
18429,14
18430,34
18431,3
18432,27
18433,34
18434,7
18435,8
18436,15
18437,25
18438,8
18439,7
18440,25
18441,8
18442,34
18443,8
18444,7
18445,14
18446,12
18447,20
18448,4
18449,3
18450,13
18451,4
18452,5
18453,3
18454,7
18455,1
18456,2
18457,34
18458,2
18459,8
18460,27
18461,34
18462,1
18463,12
18464,22
18465,7
18466,5
18467,34
18468,6
18469,4
18470,3
18471,7
18472,14
18473,4
18474,24
18475,34
18476,1
18477,17
18478,11
18479,12
18480,8
18481,33
18482,15
18483,34
18484,13
18485,8
18486,21
18487,3
18488,4
18489,34
18490,17
18491,6
18492,8
18493,9
18494,5
18495,13
18496,6
18497,4
18498,32
18499,1
18500,9
18501,12
18502,4
18503,7
18504,4
18505,34
18506,33
18507,22
18508,1
18509,1
18510,1
18511,34
18512,26
18513,2
18514,16
18515,10
18516,4
18517,29
18518,5
18519,11
18520,11
18521,15
18522,3
18523,11
18524,34
18525,1
18526,21
18527,9
18528,8
18529,12
18530,6
18531,14
18532,19
18533,34
18534,25
18535,20
18536,1
18537,17
18538,3
18539,12
18540,34
18541,23
18542,2
18543,32
18544,12
18545,12
18546,11
18547,34
18548,17
18549,1
18550,6
18551,23
18552,5
18553,10
18554,2
18555,5
18556,1
18557,34
18558,31
18559,31
18560,3
18561,2
18562,19
18563,10
18564,7
18565,10
18566,8
18567,4
18568,22
18569,10
18570,30
18571,30
18572,3
18573,8
18574,8
18575,8
18576,2
18577,2
18578,12
18579,1
18580,2
18581,15
18582,2
18583,15
18584,32
18585,11
18586,34
18587,31
18588,34
18589,9
18590,3
18591,30
18592,17
18593,9
18594,4
18595,2
18596,10
18597,7
18598,8
18599,9
18600,34
18601,6
18602,6
18603,4
18604,31
18605,20
18606,3
18607,12
18608,1
18609,16
18610,2
18611,2
18612,8
18613,8
18614,9
18615,14
18616,34
18617,7
18618,14
18619,3
18620,3
18621,14
18622,23
18623,18
18624,6
18625,17
18626,34
18627,1
18628,30
18629,3
18630,5
18631,8
18632,12
18633,5
18634,28
18635,28
18636,12
18637,4
18638,34
18639,30
18640,8
18641,2
18642,12
18643,12
18644,9
18645,10
18646,9
18647,14
18648,5
18649,10
18650,6
18651,9
18652,3
18653,1
18654,9
18655,4
18656,7
18657,1
18658,34
18659,25
18660,8
18661,16
18662,13
18663,3
18664,15
18665,2
18666,1
18667,23
18668,4
18669,4
18670,4
18671,4
18672,7
18673,3
18674,24
18675,34
18676,34
18677,12
18678,12
18679,6
18680,34
18681,8
18682,27
18683,1
18684,10
18685,12
18686,6
18687,10
18688,15
18689,7
18690,1
18691,24
18692,3
18693,4
18694,14
18695,32
18696,5
18697,34
18698,2
18699,2
18700,8
18701,12
18702,34
18703,16
18704,6
18705,10
18706,31
18707,1
18708,5
18709,11
18710,1
18711,4
18712,7
18713,4
18714,31
18715,4
18716,3
18717,7
18718,2
18719,14
18720,8
18721,34
18722,10
18723,7
18724,34
18725,1
18726,25
18727,11
18728,30
18729,7
18730,10
18731,9
18732,20
18733,34
18734,5
18735,15
18736,5
18737,10
18738,1
18739,11
18740,7
18741,2
18742,3
18743,31
18744,8
18745,6
18746,2
18747,32
18748,8
18749,17
18750,4
18751,8
18752,19
18753,16
18754,19
18755,29
18756,4
18757,8
18758,3
18759,1
18760,1
18761,34
18762,34
18763,10
18764,9
18765,9
18766,1
18767,32
18768,34
18769,30
18770,7
18771,11
18772,6
18773,8
18774,1
18775,10
18776,3
18777,10
18778,10
18779,5
18780,5
18781,3
18782,8
18783,4
18784,14
18785,18
18786,31
18787,1
18788,1
18789,11
18790,7
18791,18
18792,25
18793,27
18794,2
18795,5
18796,5
18797,16
18798,12
18799,6
18800,25
18801,11
18802,31
18803,34
18804,4
18805,2
18806,34
18807,3
18808,3
18809,3
18810,4
18811,34
18812,26
18813,14
18814,10
18815,34
18816,34
18817,7
18818,34
18819,3
18820,13
18821,13
18822,1
18823,32
18824,34
18825,24
18826,2
18827,2
18828,11
18829,8
18830,4
18831,5
18832,32
18833,31
18834,33
18835,4
18836,26
18837,4
18838,8
18839,7
18840,6
18841,22
18842,16
18843,22
18844,5
18845,2
18846,14
18847,2
18848,3
18849,3
18850,10
18851,30
18852,1
18853,19
18854,7
18855,1
18856,6
18857,34
18858,6
18859,5
18860,15
18861,2
18862,3
18863,5
18864,5
18865,7
18866,34
18867,1
18868,4
18869,3
18870,31
18871,7
18872,20
18873,4
18874,10
18875,4
18876,29
18877,18
18878,8
18879,28
18880,2
18881,6
18882,7
18883,2
18884,5
18885,34
18886,5
18887,17
18888,30
18889,3
18890,5
18891,9
18892,8
18893,8
18894,3
18895,3
18896,32
18897,27
18898,13
18899,19
18900,4
18901,7
18902,9
18903,14
18904,13
18905,12
18906,10
18907,11
18908,2
18909,10
18910,4
18911,2
18912,3
18913,4
18914,13
18915,14
18916,34
18917,7
18918,13
18919,22
18920,14
18921,3
18922,3
18923,34
18924,14
18925,2
18926,6
18927,7
18928,7
18929,7
18930,5
18931,10
18932,2
18933,11
18934,6
18935,15
18936,34
18937,2
18938,9
18939,1
18940,6
18941,19
18942,18
18943,7
18944,7
18945,33
18946,34
18947,6
18948,3
18949,31
18950,1
18951,34
18952,2
18953,7
18954,34
18955,8
18956,4
18957,32
18958,32
18959,5
18960,6
18961,10
18962,34
18963,34
18964,1
18965,10
18966,9
18967,31
18968,34
18969,9
18970,12
18971,11
18972,12
18973,1
18974,32
18975,4
18976,34
18977,16
18978,22
18979,26
18980,2
18981,5
18982,8
18983,3
18984,16
18985,1
18986,34
18987,32
18988,1
18989,3
18990,6
18991,1
18992,18
18993,18
18994,34
18995,7
18996,2
18997,9
18998,3
18999,5
19000,2
19001,29
19002,26
19003,14
19004,8
19005,13
19006,34
19007,9
19008,3
19009,1
19010,32
19011,23
19012,4
19013,5
19014,18
19015,10
19016,1
19017,20
19018,7
19019,8
19020,3
19021,4
19022,5
19023,8
19024,9
19025,6
19026,6
19027,7
19028,8
19029,5
19030,8
19031,34
19032,7
19033,7
19034,2
19035,4
19036,2
19037,19
19038,26
19039,6
19040,4
19041,7
19042,1
19043,30
19044,4
19045,27
19046,34
19047,10
19048,2
19049,5
19050,11
19051,23
19052,2
19053,5
19054,3
19055,10
19056,18
19057,7
19058,34
19059,2
19060,6
19061,7
19062,34
19063,7
19064,16
19065,4
19066,5
19067,3
19068,1
19069,1
19070,10
19071,8
19072,14
19073,4
19074,7
19075,9
19076,7
19077,6
19078,12
19079,2
19080,1
19081,6
19082,11
19083,11
19084,34
19085,9
19086,3
19087,8
19088,30
19089,11
19090,19
19091,34
19092,5
19093,5
19094,10
19095,33
19096,5
19097,34
19098,7
19099,3
19100,3
19101,31
19102,6
19103,4
19104,10
19105,16
19106,7
19107,2
19108,14
19109,17
19110,5
19111,10
19112,27
19113,34
19114,7
19115,10
19116,8
19117,10
19118,3
19119,34
19120,7
19121,9
19122,8
19123,5
19124,1
19125,15
19126,15
19127,1
19128,4
19129,3
19130,20
19131,6
19132,15
19133,12
19134,8
19135,10
19136,10
19137,6
19138,23
19139,7
19140,34
19141,1
19142,4
19143,10
19144,6
19145,17
19146,12
19147,1
19148,10
19149,11
19150,11
19151,8
19152,8
19153,34
19154,18
19155,34
19156,5
19157,30
19158,23
19159,3
19160,3
19161,34
19162,7
19163,5
19164,4
19165,32
19166,5
19167,5
19168,6
19169,8
19170,6
19171,11
19172,8
19173,3
19174,20
19175,7
19176,14
19177,13
19178,10
19179,5
19180,31
19181,6
19182,1
19183,2
19184,1
19185,32
19186,3
19187,29
19188,31
19189,6
19190,4
19191,8
19192,34
19193,8
19194,12
19195,30
19196,10
19197,11
19198,6
19199,15
19200,9
19201,10
19202,3
19203,9
19204,2
19205,6
19206,19
19207,7
19208,2
19209,11
19210,10
19211,7
19212,12
19213,34
19214,16
19215,27
19216,14
19217,2
19218,6
19219,32
19220,16
19221,6
19222,5
19223,1
19224,2
19225,22
19226,18
19227,8
19228,6
19229,2
19230,5
19231,34
19232,8
19233,2
19234,10
19235,8
19236,2
19237,16
19238,1
19239,4
19240,20
19241,2
19242,6
19243,5
19244,34
19245,27
19246,34
19247,7
19248,24
19249,7
19250,11
19251,4
19252,3
19253,4
19254,34
19255,5
19256,3
19257,31
19258,7
19259,5
19260,24
19261,31
19262,34
19263,34
19264,3
19265,9
19266,2
19267,34
19268,10
19269,4
19270,1
19271,26
19272,12
19273,27
19274,1
19275,29
19276,29
19277,34
19278,2
19279,15
19280,3
19281,10
19282,6
19283,6
19284,19
19285,12
19286,9
19287,7
19288,2
19289,1
19290,2
19291,7
19292,8
19293,2
19294,4
19295,14
19296,14
19297,11
19298,1
19299,34
19300,2
19301,12
19302,10
19303,2
19304,15
19305,9
19306,1
19307,30
19308,34
19309,7
19310,7
19311,7
19312,1
19313,1
19314,21
19315,4
19316,7
19317,2
19318,14
19319,1
19320,2
19321,2
19322,10
19323,3
19324,12
19325,6
19326,10
19327,5
19328,18
19329,1
19330,13
19331,7
19332,2
19333,27
19334,1
19335,32
19336,9
19337,34
19338,34
19339,29
19340,4
19341,8
19342,34
19343,10
19344,4
19345,7
19346,7
19347,34
19348,31
19349,34
19350,27
19351,4
19352,4
19353,9
19354,8
19355,6
19356,2
19357,27
19358,32
19359,4
19360,1
19361,14
19362,15
19363,9
19364,33
19365,9
19366,29
19367,23
19368,11
19369,9
19370,25
19371,2
19372,1
19373,7
19374,20
19375,5
19376,32
19377,8
19378,7
19379,21
19380,2
19381,3
19382,2
19383,7
19384,4
19385,4
19386,30
19387,1
19388,13
19389,26
19390,24
19391,20
19392,34
19393,6
19394,11
19395,7
19396,8
19397,34
19398,1
19399,21
19400,34
19401,9
19402,9
19403,8
19404,4
19405,7
19406,7
19407,5
19408,9
19409,2
19410,17
19411,15
19412,4
19413,34
19414,4
19415,30
19416,12
19417,2
19418,8
19419,3
19420,5
19421,8
19422,30
19423,2
19424,32
19425,32
19426,15
19427,10
19428,10
19429,22
19430,4
19431,3
19432,2
19433,9
19434,1
19435,5
19436,2
19437,27
19438,2
19439,34
19440,4
19441,13
19442,14
19443,21
19444,14
19445,4
19446,21
19447,5
19448,19
19449,29
19450,6
19451,7
19452,27
19453,18
19454,11
19455,22
19456,11
19457,8
19458,2
19459,33
19460,26
19461,11
19462,3
19463,7
19464,4
19465,6
19466,10
19467,10
19468,31
19469,16
19470,5
19471,9
19472,27
19473,10
19474,34
19475,3
19476,13
19477,2
19478,1
19479,14
19480,2
19481,11
19482,10
19483,30
19484,5
19485,13
19486,34
19487,6
19488,1
19489,32
19490,2
19491,6
19492,6
19493,3
19494,11
19495,34
19496,7
19497,7
19498,17
19499,10
19500,29
19501,19
19502,3
19503,4
19504,2
19505,4
19506,6
19507,34
19508,27
19509,23
19510,24
19511,32
19512,34
19513,34
19514,1
19515,9
19516,3
19517,9
19518,11
19519,11
19520,18
19521,34
19522,34
19523,30
19524,30
19525,3
19526,7
19527,4
19528,8
19529,7
19530,18
19531,2
19532,34
19533,4
19534,34
19535,1
19536,26
19537,32
19538,34
19539,8
19540,1
19541,8
19542,10
19543,23
19544,29
19545,27
19546,6
19547,20
19548,2
19549,31
19550,34
19551,34
19552,29
19553,31
19554,1
19555,8
19556,5
19557,26
19558,17
19559,6
19560,2
19561,28
19562,34
19563,34
19564,2
19565,1
19566,16
19567,13
19568,4
19569,5
19570,34
19571,15
19572,7
19573,1
19574,1
19575,5
19576,34
19577,5
19578,4
19579,29
19580,1
19581,12
19582,2
19583,16
19584,12
19585,1
19586,1
19587,7
19588,16
19589,8
19590,1
19591,31
19592,7
19593,10
19594,10
19595,10
19596,10
19597,12
19598,34
19599,3
19600,15
19601,11
19602,14
19603,1
19604,14
19605,17
19606,2
19607,1
19608,7
19609,3
19610,12
19611,6
19612,12
19613,12
19614,2
19615,13
19616,5
19617,2
19618,1
19619,10
19620,7
19621,2
19622,9
19623,8
19624,3
19625,8
19626,3
19627,12
19628,1
19629,34
19630,34
19631,2
19632,5
19633,12
19634,4
19635,10
19636,6
19637,15
19638,32
19639,7
19640,28
19641,12
19642,13
19643,15
19644,6
19645,5
19646,7
19647,10
19648,1
19649,13
19650,7
19651,5
19652,31
19653,18
19654,12
19655,4
19656,34
19657,5
19658,11
19659,13
19660,14
19661,34
19662,18
19663,34
19664,31
19665,9
19666,5
19667,8
19668,3
19669,33
19670,28
19671,6
19672,8
19673,6
19674,1
19675,7
19676,25
19677,13
19678,22
19679,34
19680,1
19681,1
19682,34
19683,7
19684,5
19685,4
19686,5
19687,16
19688,33
19689,9
19690,15
19691,10
19692,25
19693,27
19694,34
19695,4
19696,4
19697,2
19698,3
19699,34
19700,31
19701,30
19702,3
19703,17
19704,34
19705,5
19706,11
19707,24
19708,3
19709,1
19710,2
19711,14
19712,10
19713,3
19714,30
19715,23
19716,31
19717,23
19718,6
19719,34
19720,3
19721,27
19722,9
19723,9
19724,1
19725,8
19726,22
19727,10
19728,6
19729,4
19730,34
19731,9
19732,3
19733,11
19734,3
19735,34
19736,8
19737,32
19738,4
19739,1
19740,7
19741,8
19742,4
19743,9
19744,15
19745,10
19746,5
19747,20
19748,4
19749,6
19750,1
19751,9
19752,7
19753,30
19754,15
19755,8
19756,1
19757,2
19758,7
19759,30
19760,2
19761,8
19762,12
19763,34
19764,3
19765,12
19766,22
19767,10
19768,5
19769,31
19770,7
19771,30
19772,11
19773,33
19774,14
19775,34
19776,13
19777,3
19778,27
19779,8
19780,5
19781,7
19782,2
19783,3
19784,11
19785,3
19786,32
19787,10
19788,9
19789,13
19790,6
19791,7
19792,10
19793,32
19794,34
19795,27
19796,3
19797,3
19798,10
19799,33
19800,2
19801,32
19802,7
19803,10
19804,16
19805,8
19806,32
19807,10
19808,34
19809,20
19810,33
19811,11
19812,5
19813,4
19814,4
19815,6
19816,13
19817,2
19818,26
19819,13
19820,6
19821,27
19822,2
19823,4
19824,12
19825,4
19826,2
19827,4
19828,3
19829,5
19830,4
19831,5
19832,4
19833,26
19834,29
19835,16
19836,19
19837,13
19838,8
19839,34
19840,34
19841,3
19842,9
19843,9
19844,34
19845,17
19846,5
19847,3
19848,34
19849,4
19850,34
19851,5
19852,5
19853,15
19854,4
19855,12
19856,6
19857,8
19858,16
19859,3
19860,32
19861,1
19862,2
19863,11
19864,34
19865,11
19866,1
19867,30
19868,8
19869,27
19870,1
19871,4
19872,2
19873,7
19874,32
19875,30
19876,34
19877,5
19878,14
19879,4
19880,3
19881,10
19882,18
19883,12
19884,2
19885,3
19886,11
19887,2
19888,7
19889,1
19890,32
19891,1
19892,3
19893,9
19894,8
19895,5
19896,23
19897,8
19898,19
19899,19
19900,3
19901,10
19902,10
19903,26
19904,4
19905,5
19906,17
19907,3
19908,34
19909,1
19910,11
19911,31
19912,33
19913,24
19914,34
19915,12
19916,9
19917,2
19918,12
19919,8
19920,8
19921,10
19922,7
19923,6
19924,9
19925,16
19926,12
19927,4
19928,12
19929,2
19930,2
19931,11
19932,3
19933,20
19934,5
19935,33
19936,12
19937,16
19938,22
19939,16
19940,11
19941,34
19942,7
19943,34
19944,5
19945,27
19946,22
19947,28
19948,1
19949,10
19950,7
19951,3
19952,7
19953,1
19954,2
19955,34
19956,8
19957,34
19958,11
19959,10
19960,24
19961,25
19962,17
19963,3
19964,15
19965,33
19966,11
19967,32
19968,13
19969,28
19970,34
19971,13
19972,26
19973,27
19974,4
19975,7
19976,14
19977,5
19978,9
19979,34
19980,29
19981,34
19982,34
19983,22
19984,25
19985,34
19986,9
19987,8
19988,10
19989,5
19990,28
19991,3
19992,14
19993,14
19994,10
19995,3
19996,2
19997,2
19998,4
19999,30
20000,32
20001,34
20002,21
20003,1
20004,30
20005,25
20006,1
20007,1
20008,2
20009,10
20010,5
20011,1
20012,10
20013,34
20014,9
20015,32
20016,5
20017,26
20018,2
20019,30
20020,3
20021,34
20022,34
20023,2
20024,9
20025,19
20026,10
20027,4
20028,3
20029,2
20030,3
20031,14
20032,7
20033,12
20034,11
20035,3
20036,4
20037,19
20038,18
20039,3
20040,1
20041,1
20042,10
20043,4
20044,30
20045,34
20046,13
20047,3
20048,13
20049,26
20050,1
20051,34
20052,13
20053,13
20054,3
20055,10
20056,31
20057,11
20058,14
20059,9
20060,19
20061,17
20062,6
20063,17
20064,22
20065,8
20066,34
20067,2
20068,3
20069,4
20070,14
20071,8
20072,15
20073,11
20074,3
20075,1
20076,7
20077,1
20078,11
20079,20
20080,34
20081,31
20082,7
20083,32
20084,4
20085,6
20086,15
20087,34
20088,13
20089,4
20090,29
20091,11
20092,8
20093,7
20094,6
20095,4
20096,2
20097,34
20098,34
20099,6
20100,1
20101,5
20102,34
20103,34
20104,3
20105,34
20106,4
20107,34
20108,2
20109,17
20110,19
20111,28
20112,34
20113,34
20114,30
20115,28
20116,4
20117,8
20118,12
20119,2
20120,6
20121,5
20122,4
20123,3
20124,3
20125,13
20126,1
20127,3
20128,7
20129,7
20130,2
20131,2
20132,2
20133,1
20134,8
20135,31
20136,10
20137,3
20138,34
20139,2
20140,14
20141,5
20142,2
20143,5
20144,15
20145,6
20146,9
20147,6
20148,1
20149,2
20150,2
20151,5
20152,3
20153,8
20154,34
20155,34
20156,34
20157,8
20158,7
20159,20
20160,12
20161,8
20162,34
20163,31
20164,33
20165,29
20166,33
20167,30
20168,9
20169,9
20170,7
20171,7
20172,32
20173,23
20174,2
20175,4
20176,9
20177,25
20178,34
20179,3
20180,12
20181,5
20182,20
20183,3
20184,8
20185,34
20186,10
20187,31
20188,12
20189,5
20190,7
20191,4
20192,13
20193,6
20194,12
20195,6
20196,34
20197,19
20198,14
20199,34
20200,33
20201,34
20202,8
20203,32
20204,4
20205,6
20206,24
20207,9
20208,5
20209,3
20210,34
20211,17
20212,29
20213,7
20214,1
20215,22
20216,6
20217,2
20218,34
20219,6
20220,3
20221,7
20222,7
20223,6
20224,4
20225,7
20226,2
20227,12
20228,24
20229,21
20230,34
20231,34
20232,1
20233,2
20234,1
20235,3
20236,13
20237,1
20238,29
20239,34
20240,34
20241,33
20242,2
20243,8
20244,11
20245,6
20246,4
20247,13
20248,11
20249,28
20250,8
20251,34
20252,34
20253,6
20254,11
20255,8
20256,32
20257,8
20258,2
20259,34
20260,25
20261,2
20262,27
20263,13
20264,4
20265,8
20266,12
20267,3
20268,5
20269,22
20270,8
20271,33
20272,20
20273,3
20274,25
20275,29
20276,25
20277,27
20278,3
20279,3
20280,10
20281,32
20282,3
20283,8
20284,9
20285,9
20286,1
20287,4
20288,5
20289,7
20290,7
20291,6
20292,1
20293,10
20294,8
20295,9
20296,8
20297,34
20298,31
20299,26
20300,29
20301,34
20302,10
20303,3
20304,8
20305,8
20306,10
20307,6
20308,33
20309,7
20310,3
20311,1
20312,11
20313,13
20314,4
20315,2
20316,32
20317,9
20318,3
20319,8
20320,11
20321,25
20322,27
20323,13
20324,8
20325,28
20326,4
20327,7
20328,2
20329,5
20330,6
20331,19
20332,31
20333,34
20334,7
20335,23
20336,5
20337,4
20338,11
20339,8
20340,8
20341,5
20342,25
20343,34
20344,22
20345,28
20346,12
20347,26
20348,5
20349,9
20350,8
20351,13
20352,3
20353,34
20354,33
20355,12
20356,20
20357,17
20358,2
20359,5
20360,34
20361,4
20362,5
20363,34
20364,26
20365,5
20366,3
20367,7
20368,19
20369,22
20370,1
20371,21
20372,34
20373,3
20374,15
20375,32
20376,34
20377,5
20378,34
20379,5
20380,4
20381,3
20382,32
20383,5
20384,9
20385,14
20386,11
20387,23
20388,8
20389,7
20390,23
20391,31
20392,14
20393,22
20394,30
20395,11
20396,7
20397,34
20398,8
20399,1
20400,34
20401,27
20402,4
20403,31
20404,30
20405,34
20406,34
20407,1
20408,7
20409,25
20410,22
20411,34
20412,34
20413,34
20414,9
20415,3
20416,8
20417,8
20418,5
20419,7
20420,8
20421,25
20422,1
20423,12
20424,4
20425,34
20426,33
20427,14
20428,14
20429,8
20430,25
20431,6
20432,26
20433,13
20434,7
20435,9
20436,14
20437,34
20438,1
20439,5
20440,24
20441,5
20442,10
20443,8
20444,5
20445,5
20446,27
20447,6
20448,34
20449,32
20450,10
20451,19
20452,2
20453,9
20454,9
20455,6
20456,19
20457,2
20458,4
20459,19
20460,34
20461,34
20462,34
20463,13
20464,3
20465,8
20466,1
20467,7
20468,8
20469,28
20470,11
20471,25
20472,17
20473,17
20474,22
20475,19
20476,34
20477,1
20478,34
20479,2
20480,5
20481,8
20482,10
20483,9
20484,29
20485,6
20486,8
20487,8
20488,7
20489,6
20490,5
20491,17
20492,13
20493,11
20494,1
20495,8
20496,34
20497,2
20498,18
20499,12
20500,3
20501,1
20502,25
20503,34
20504,4
20505,34
20506,6
20507,5
20508,8
20509,18
20510,15
20511,34
20512,19
20513,32
20514,31
20515,1
20516,4
20517,7
20518,11
20519,1
20520,34
20521,3
20522,5
20523,11
20524,20
20525,34
20526,11
20527,34
20528,11
20529,33
20530,15
20531,7
20532,13
20533,7
20534,8
20535,32
20536,2
20537,1
20538,34
20539,2
20540,17
20541,9
20542,34
20543,6
20544,26
20545,8
20546,25
20547,2
20548,8
20549,34
20550,7
20551,9
20552,20
20553,2
20554,1
20555,9
20556,32
20557,33
20558,2
20559,32
20560,10
20561,30
20562,7
20563,5
20564,4
20565,34
20566,4
20567,12
20568,8
20569,1
20570,34
20571,17
20572,34
20573,4
20574,2
20575,21
20576,7
20577,11
20578,10
20579,28
20580,5
20581,21
20582,12
20583,20
20584,34
20585,8
20586,28
20587,22
20588,34
20589,13
20590,11
20591,30
20592,20
20593,4
20594,2
20595,2
20596,6
20597,4
20598,7
20599,33
20600,30
20601,5
20602,2
20603,30
20604,27
20605,7
20606,11
20607,18
20608,11
20609,34
20610,7
20611,33
20612,34
20613,20
20614,1
20615,7
20616,15
20617,2
20618,31
20619,33
20620,8
20621,1
20622,8
20623,5
20624,7
20625,2
20626,11
20627,22
20628,8
20629,3
20630,5
20631,27
20632,34
20633,15
20634,4
20635,12
20636,10
20637,7
20638,8
20639,34
20640,12
20641,21
20642,14
20643,6
20644,23
20645,13
20646,4
20647,4
20648,5
20649,8
20650,34
20651,17
20652,34
20653,21
20654,4
20655,15
20656,8
20657,23
20658,34
20659,32
20660,2
20661,2
20662,11
20663,26
20664,30
20665,29
20666,27
20667,2
20668,32
20669,22
20670,1
20671,11
20672,34
20673,8
20674,34
20675,11
20676,5
20677,6
20678,26
20679,2
20680,12
20681,34
20682,30
20683,34
20684,24
20685,33
20686,29
20687,11
20688,10
20689,15
20690,4
20691,26
20692,27
20693,15
20694,7
20695,14
20696,23
20697,24
20698,24
20699,5
20700,7
20701,33
20702,5
20703,19
20704,5
20705,34
20706,33
20707,2
20708,2
20709,1
20710,33
20711,5
20712,2
20713,10
20714,15
20715,27
20716,34
20717,21
20718,28
20719,22
20720,22
20721,3
20722,7
20723,10
20724,9
20725,2
20726,13
20727,7
20728,34
20729,12
20730,34
20731,34
20732,14
20733,6
20734,32
20735,17
20736,34
20737,10
20738,5
20739,34
20740,34
20741,24
20742,5
20743,33
20744,3
20745,17
20746,10
20747,12
20748,1
20749,9
20750,13
20751,28
20752,15
20753,34
20754,34
20755,34
20756,2
20757,3
20758,3
20759,7
20760,23
20761,20
20762,32
20763,4
20764,3
20765,10
20766,21
20767,7
20768,11
20769,15
20770,8
20771,27
20772,6
20773,31
20774,10
20775,9
20776,12
20777,8
20778,8
20779,8
20780,9
20781,2
20782,8
20783,27
20784,3
20785,34
20786,34
20787,16
20788,31
20789,34
20790,16
20791,4
20792,34
20793,13
20794,2
20795,5
20796,33
20797,31
20798,34
20799,9
20800,1
20801,2
20802,7
20803,6
20804,28
20805,9
20806,5
20807,3
20808,8
20809,11
20810,7
20811,34
20812,22
20813,32
20814,2
20815,34
20816,22
20817,16
20818,4
20819,4
20820,16
20821,2
20822,34
20823,17
20824,6
20825,11
20826,9
20827,4
20828,25
20829,3
20830,25
20831,20
20832,26
20833,8
20834,25
20835,3
20836,9
20837,8
20838,6
20839,7
20840,11
20841,34
20842,34
20843,4
20844,14
20845,8
20846,29
20847,21
20848,4
20849,7
20850,14
20851,5
20852,2
20853,34
20854,18
20855,8
20856,1
20857,16
20858,30
20859,24
20860,26
20861,27
20862,27
20863,13
20864,8
20865,12
20866,13
20867,1
20868,25
20869,2
20870,25
20871,1
20872,16
20873,5
20874,5
20875,18
20876,6
20877,1
20878,1
20879,12
20880,10
20881,10
20882,10
20883,9
20884,25
20885,12
20886,34
20887,17
20888,1
20889,3
20890,3
20891,11
20892,20
20893,7
20894,2
20895,7
20896,3
20897,2
20898,6
20899,25
20900,21
20901,11
20902,3
20903,6
20904,1
20905,32
20906,34
20907,9
20908,12
20909,34
20910,34
20911,2
20912,8
20913,11
20914,5
20915,6
20916,27
20917,3
20918,18
20919,7
20920,4
20921,12
20922,9
20923,1
20924,12
20925,16
20926,5
20927,8
20928,7
20929,5
20930,34
20931,34
20932,29
20933,10
20934,14
20935,31
20936,8
20937,22
20938,24
20939,4
20940,34
20941,11
20942,2
20943,1
20944,4
20945,34
20946,4
20947,23
20948,11
20949,12
20950,7
20951,20
20952,21
20953,22
20954,32
20955,33
20956,5
20957,34
20958,34
20959,7
20960,6
20961,7
20962,1
20963,10
20964,1
20965,15
20966,14
20967,34
20968,34
20969,9
20970,3
20971,3
20972,20
20973,4
20974,29
20975,4
20976,14
20977,9
20978,17
20979,5
20980,8
20981,21
20982,19
20983,34
20984,9
20985,9
20986,25
20987,31
20988,23
20989,10
20990,7
20991,2
20992,5
20993,2
20994,2
20995,12
20996,12
20997,23
20998,24
20999,16
21000,22
21001,26
21002,9
21003,1
21004,23
21005,2
21006,4
21007,33
21008,13
21009,32
21010,15
21011,33
21012,17
21013,18
21014,34
21015,5
21016,2
21017,7
21018,2
21019,6
21020,5
21021,18
21022,4
21023,5
21024,34
21025,14
21026,8
21027,28
21028,5
21029,8
21030,9
21031,31
21032,6
21033,8
21034,2
21035,8
21036,5
21037,4
21038,12
21039,7
21040,21
21041,32
21042,18
21043,4
21044,5
21045,7
21046,11
21047,34
21048,4
21049,25
21050,27
21051,34
21052,26
21053,8
21054,18
21055,7
21056,17
21057,1
21058,12
21059,34
21060,4
21061,25
21062,23
21063,1
21064,21
21065,32
21066,5
21067,11
21068,3
21069,1
21070,14
21071,23
21072,9
21073,7
21074,4
21075,26
21076,6
21077,13
21078,8
21079,20
21080,26
21081,17
21082,23
21083,20
21084,4
21085,13
21086,4
21087,13
21088,6
21089,21
21090,2
21091,29
21092,24
21093,31
21094,29
21095,18
21096,26
21097,31
21098,34
21099,2
21100,17
21101,34
21102,10
21103,3
21104,16
21105,3
21106,34
21107,7
21108,3
21109,3
21110,7
21111,7
21112,11
21113,7
21114,5
21115,8
21116,4
21117,3
21118,3
21119,5
21120,16
21121,32
21122,8
21123,27
21124,1
21125,7
21126,28
21127,11
21128,29
21129,6
21130,17
21131,2
21132,5
21133,2
21134,1
21135,10
21136,5
21137,3
21138,7
21139,21
21140,22
21141,15
21142,17
21143,4
21144,6
21145,5
21146,2
21147,34
21148,6
21149,7
21150,25
21151,8
21152,9
21153,8
21154,34
21155,27
21156,3
21157,7
21158,34
21159,12
21160,12
21161,5
21162,10
21163,1
21164,3
21165,2
21166,34
21167,3
21168,28
21169,27
21170,11
21171,9
21172,34
21173,15
21174,17
21175,1
21176,10
21177,4
21178,34
21179,11
21180,4
21181,29
21182,2
21183,2
21184,14
21185,1
21186,2
21187,9
21188,9
21189,28
21190,12
21191,4
21192,13
21193,2
21194,14
21195,2
21196,1
21197,21
21198,27
21199,34
21200,1
21201,10
21202,34
21203,21
21204,14
21205,34
21206,3
21207,4
21208,10
21209,21
21210,21
21211,25
21212,22
21213,29
21214,10
21215,5
21216,3
21217,2
21218,25
21219,5
21220,6
21221,18
21222,29
21223,3
21224,13
21225,2
21226,31
21227,26
21228,7
21229,3
21230,2
21231,7
21232,1
21233,3
21234,15
21235,27
21236,34
21237,9
21238,33
21239,3
21240,20
21241,13
21242,34
21243,3
21244,12
21245,5
21246,4
21247,29
21248,14
21249,4
21250,4
21251,21
21252,8
21253,26
21254,3
21255,2
21256,30
21257,8
21258,26
21259,9
21260,18
21261,13
21262,21
21263,2
21264,30
21265,13
21266,19
21267,9
21268,34
21269,2
21270,21
21271,18
21272,1
21273,19
21274,19
21275,12
21276,32
21277,6
21278,23
21279,34
21280,10
21281,34
21282,4
21283,27
21284,29
21285,11
21286,7
21287,11
21288,32
21289,2
21290,28
21291,25
21292,7
21293,34
21294,4
21295,2
21296,30
21297,29
21298,33
21299,12
21300,7
21301,6
21302,34
21303,4
21304,3
21305,4
21306,9
21307,5
21308,14
21309,23
21310,6
21311,1
21312,12
21313,11
21314,25
21315,13
21316,34
21317,10
21318,32
21319,34
21320,7
21321,14
21322,34
21323,30
21324,6
21325,10
21326,1
21327,3
21328,8
21329,10
21330,33
21331,34
21332,20
21333,28
21334,29
21335,21
21336,32
21337,28
21338,11
21339,34
21340,6
21341,10
21342,26
21343,34
21344,5
21345,21
21346,30
21347,6
21348,7
21349,34
21350,18
21351,33
21352,1
21353,4
21354,9
21355,33
21356,12
21357,6
21358,26
21359,8
21360,4
21361,1
21362,11
21363,9
21364,22
21365,4
21366,11
21367,29
21368,10
21369,28
21370,34
21371,6
21372,27
21373,34
21374,34
21375,32
21376,1
21377,34
21378,5
21379,26
21380,8
21381,11
21382,30
21383,7
21384,14
21385,3
21386,11
21387,8
21388,31
21389,1
21390,2
21391,1
21392,1
21393,20
21394,6
21395,33
21396,26
21397,23
21398,32
21399,4
21400,7
21401,30
21402,8
21403,6
21404,5
21405,28
21406,24
21407,24
21408,11
21409,11
21410,26
21411,3
21412,11
21413,10
21414,34
21415,26
21416,5
21417,34
21418,31
21419,4
21420,1
21421,30
21422,32
21423,20
21424,2
21425,18
21426,7
21427,6
21428,4
21429,4
21430,8
21431,30
21432,3
21433,6
21434,30
21435,4
21436,12
21437,3
21438,23
21439,12
21440,5
21441,20
21442,17
21443,6
21444,13
21445,22
21446,33
21447,34
21448,30
21449,14
21450,1
21451,34
21452,28
21453,7
21454,3
21455,8
21456,34
21457,4
21458,18
21459,34
21460,9
21461,2
21462,5
21463,34
21464,11
21465,13
21466,25
21467,7
21468,14
21469,9
21470,25
21471,11
21472,6
21473,3
21474,7
21475,3
21476,34
21477,7
21478,17
21479,7
21480,1
21481,9
21482,24
21483,26
21484,1
21485,1
21486,26
21487,5
21488,9
21489,12
21490,2
21491,4
21492,9
21493,34
21494,4
21495,27
21496,6
21497,34
21498,18
21499,34
21500,30
21501,28
21502,1
21503,25
21504,15
21505,22
21506,3
21507,9
21508,7
21509,33
21510,1
21511,16
21512,31
21513,32
21514,34
21515,5
21516,31
21517,3
21518,14
21519,5
21520,14
21521,22
21522,19
21523,4
21524,18
21525,2
21526,33
21527,8
21528,25
21529,26
21530,7
21531,17
21532,34
21533,12
21534,12
21535,18
21536,24
21537,6
21538,5
21539,1
21540,15
21541,29
21542,18
21543,5
21544,1
21545,6
21546,6
21547,28
21548,9
21549,2
21550,3
21551,34
21552,31
21553,12
21554,5
21555,2
21556,34
21557,1
21558,5
21559,23
21560,34
21561,25
21562,15
21563,33
21564,7
21565,7
21566,7
21567,26
21568,2
21569,21
21570,23
21571,4
21572,5
21573,5
21574,5
21575,8
21576,9
21577,12
21578,12
21579,20
21580,10
21581,3
21582,6
21583,5
21584,3
21585,34
21586,14
21587,11
21588,34
21589,5
21590,15
21591,2
21592,34
21593,11
21594,28
21595,34
21596,15
21597,13
21598,3
21599,6
21600,6
21601,11
21602,11
21603,34
21604,33
21605,13
21606,2
21607,2
21608,34
21609,34
21610,5
21611,26
21612,1
21613,34
21614,9
21615,8
21616,8
21617,34
21618,34
21619,14
21620,2
21621,9
21622,1
21623,28
21624,16
21625,3
21626,3
21627,7
21628,2
21629,20
21630,30
21631,34
21632,2
21633,6
21634,2
21635,6
21636,4
21637,9
21638,34
21639,8
21640,6
21641,3
21642,1
21643,3
21644,8
21645,2
21646,6
21647,7
21648,1
21649,1
21650,1
21651,26
21652,34
21653,15
21654,3
21655,5
21656,4
21657,7
21658,8
21659,3
21660,12
21661,1
21662,25
21663,34
21664,5
21665,16
21666,5
21667,6
21668,12
21669,15
21670,1
21671,34
21672,3
21673,8
21674,4
21675,3
21676,3
21677,13
21678,3
21679,13
21680,5
21681,9
21682,7
21683,21
21684,31
21685,2
21686,5
21687,1
21688,18
21689,26
21690,5
21691,5
21692,23
21693,7
21694,2
21695,3
21696,34
21697,7
21698,21
21699,8
21700,32
21701,3
21702,15
21703,27
21704,12
21705,8
21706,11
21707,2
21708,28
21709,34
21710,5
21711,34
21712,1
21713,16
21714,29
21715,11
21716,31
21717,6
21718,21
21719,2
21720,3
21721,30
21722,34
21723,4
21724,28
21725,4
21726,34
21727,24
21728,1
21729,15
21730,34
21731,6
21732,16
21733,1
21734,16
21735,11
21736,34
21737,19
21738,4
21739,28
21740,14
21741,7
21742,12
21743,34
21744,4
21745,16
21746,20
21747,15
21748,17
21749,28
21750,32
21751,14
21752,2
21753,18
21754,7
21755,3
21756,12
21757,4
21758,4
21759,7
21760,3
21761,34
21762,4
21763,9
21764,22
21765,6
21766,14
21767,1
21768,29
21769,2
21770,2
21771,1
21772,25
21773,5
21774,12
21775,13
21776,6
21777,7
21778,19
21779,19
21780,33
21781,25
21782,14
21783,30
21784,6
21785,11
21786,2
21787,8
21788,18
21789,5
21790,10
21791,4
21792,30
21793,11
21794,3
21795,1
21796,13
21797,1
21798,6
21799,34
21800,9
21801,6
21802,6
21803,1
21804,2
21805,11
21806,10
21807,8
21808,6
21809,9
21810,11
21811,28
21812,24
21813,9
21814,5
21815,10
21816,34
21817,11
21818,26
21819,26
21820,3
21821,10
21822,2
21823,2
21824,30
21825,2
21826,25
21827,2
21828,18
21829,1
21830,34
21831,1
21832,8
21833,29
21834,12
21835,33
21836,25
21837,22
21838,29
21839,14
21840,12
21841,27
21842,7
21843,25
21844,3
21845,3
21846,3
21847,3
21848,9
21849,5
21850,29
21851,18
21852,4
21853,25
21854,22
21855,3
21856,10
21857,15
21858,34
21859,10
21860,23
21861,31
21862,20
21863,8
21864,29
21865,2
21866,1
21867,11
21868,7
21869,25
21870,14
21871,10
21872,21
21873,2
21874,26
21875,10
21876,12
21877,3
21878,4
21879,10
21880,6
21881,3
21882,34
21883,8
21884,10
21885,11
21886,34
21887,13
21888,14
21889,28
21890,1
21891,5
21892,3
21893,11
21894,4
21895,26
21896,14
21897,17
21898,22
21899,6
21900,5
21901,2
21902,6
21903,6
21904,34
21905,8
21906,6
21907,3
21908,2
21909,8
21910,5
21911,13
21912,34
21913,22
21914,29
21915,5
21916,9
21917,1
21918,23
21919,27
21920,15
21921,34
21922,4
21923,34
21924,33
21925,25
21926,1
21927,8
21928,12
21929,28
21930,5
21931,5
21932,30
21933,7
21934,22
21935,5
21936,34
21937,34
21938,8
21939,6
21940,7
21941,17
21942,9
21943,4
21944,34
21945,13
21946,9
21947,16
21948,28
21949,27
21950,14
21951,32
21952,26
21953,27
21954,9
21955,15
21956,34
21957,33
21958,30
21959,4
21960,33
21961,16
21962,20
21963,10
21964,19
21965,33
21966,8
21967,25
21968,33
21969,19
21970,8
21971,8
21972,25
21973,7
21974,11
21975,9
21976,8
21977,2
21978,18
21979,6
21980,14
21981,1
21982,26
21983,14
21984,30
21985,27
21986,29
21987,20
21988,10
21989,14
21990,32
21991,20
21992,32
21993,14
21994,24
21995,29
21996,1
21997,29
21998,30
21999,12
22000,5
22001,24
22002,18
22003,19
22004,16
22005,2
22006,6
22007,10
22008,34
22009,5
22010,27
22011,10
22012,18
22013,5
22014,32
22015,1
22016,6
22017,7
22018,16
22019,3
22020,1
22021,1
22022,32
22023,13
22024,34
22025,7
22026,5
22027,23
22028,22
22029,16
22030,3
22031,11
22032,27
22033,34
22034,3
22035,29
22036,29
22037,34
22038,34
22039,9
22040,5
22041,16
22042,13
22043,5
22044,31
22045,26
22046,8
22047,10
22048,29
22049,30
22050,4
22051,18
22052,32
22053,28
22054,17
22055,15
22056,4
22057,34
22058,4
22059,21
22060,22
22061,28
22062,31
22063,33
22064,19
22065,18
22066,6
22067,30
22068,12
22069,15
22070,16
22071,19
22072,24
22073,1
22074,1
22075,10
22076,9
22077,5
22078,31
22079,13
22080,8
22081,25
22082,22
22083,6
22084,30
22085,26
22086,20
22087,6
22088,7
22089,14
22090,9
22091,4
22092,34
22093,4
22094,8
22095,3
22096,8
22097,34
22098,4
22099,22
22100,10
22101,1
22102,12
22103,5
22104,18
22105,10
22106,3
22107,34
22108,2
22109,25
22110,34
22111,30
22112,29
22113,7
22114,25
22115,34
22116,34
22117,21
22118,3
22119,34
22120,16
22121,2
22122,10
22123,11
22124,7
22125,8
22126,7
22127,4
22128,2
22129,11
22130,1
22131,20
22132,13
22133,34
22134,3
22135,26
22136,9
22137,15
22138,11
22139,6
22140,5
22141,1
22142,2
22143,4
22144,3
22145,9
22146,7
22147,26
22148,2
22149,13
22150,29
22151,1
22152,11
22153,34
22154,34
22155,29
22156,27
22157,7
22158,30
22159,3
22160,3
22161,5
22162,34
22163,34
22164,18
22165,11
22166,13
22167,18
22168,30
22169,34
22170,29
22171,4
22172,16
22173,3
22174,22
22175,34
22176,7
22177,34
22178,25
22179,27
22180,23
22181,6
22182,30
22183,34
22184,3
22185,34
22186,29
22187,3
22188,8
22189,11
22190,25
22191,5
22192,3
22193,11
22194,30
22195,27
22196,2
22197,19
22198,13
22199,4
22200,3
22201,23
22202,34
22203,22
22204,34
22205,29
22206,11
22207,2
22208,9
22209,28
22210,12
22211,9
22212,16
22213,5
22214,27
22215,6
22216,24
22217,31
22218,30
22219,14
22220,2
22221,12
22222,10
22223,21
22224,4
22225,29
22226,34
22227,34
22228,34
22229,29
22230,33
22231,8
22232,34
22233,6
22234,16
22235,7
22236,5
22237,30
22238,34
22239,11
22240,33
22241,11
22242,10
22243,4
22244,13
22245,26
22246,4
22247,2
22248,2
22249,10
22250,3
22251,5
22252,2
22253,7
22254,3
22255,1
22256,11
22257,21
22258,2
22259,28
22260,4
22261,9
22262,4
22263,30
22264,34
22265,11
22266,12
22267,1
22268,3
22269,32
22270,18
22271,34
22272,30
22273,7
22274,6
22275,9
22276,9
22277,4
22278,9
22279,14
22280,4
22281,14
22282,6
22283,29
22284,10
22285,21
22286,5
22287,27
22288,13
22289,10
22290,3
22291,10
22292,8
22293,34
22294,23
22295,34
22296,12
22297,34
22298,13
22299,10
22300,17
22301,34
22302,34
22303,10
22304,12
22305,1
22306,3
22307,26
22308,18
22309,11
22310,3
22311,30
22312,30
22313,9
22314,30
22315,18
22316,25
22317,10
22318,27
22319,18
22320,32
22321,7
22322,31
22323,19
22324,34
22325,3
22326,3
22327,4
22328,14
22329,34
22330,34
22331,28
22332,10
22333,13
22334,6
22335,32
22336,34
22337,34
22338,21
22339,8
22340,18
22341,3
22342,5
22343,3
22344,34
22345,12
22346,27
22347,18
22348,14
22349,1
22350,28
22351,16
22352,32
22353,29
22354,3
22355,8
22356,18
22357,20
22358,4
22359,4
22360,13
22361,5
22362,31
22363,8
22364,34
22365,29
22366,33
22367,4
22368,2
22369,16
22370,3
22371,12
22372,29
22373,12
22374,32
22375,12
22376,6
22377,14
22378,7
22379,2
22380,3
22381,34
22382,16
22383,9
22384,23
22385,3
22386,4
22387,29
22388,1
22389,25
22390,34
22391,19
22392,7
22393,2
22394,3
22395,8
22396,3
22397,9
22398,6
22399,12
22400,2
22401,33
22402,12
22403,34
22404,9
22405,3
22406,26
22407,32
22408,26
22409,2
22410,34
22411,2
22412,4
22413,4
22414,10
22415,19
22416,11
22417,6
22418,4
22419,3
22420,12
22421,6
22422,7
22423,34
22424,8
22425,31
22426,34
22427,10
22428,19
22429,29
22430,13
22431,4
22432,7
22433,15
22434,1
22435,10
22436,29
22437,3
22438,20
22439,14
22440,27
22441,3
22442,33
22443,5
22444,26
22445,20
22446,8
22447,3
22448,18
22449,8
22450,6
22451,2
22452,11
22453,20
22454,29
22455,34
22456,4
22457,17
22458,14
22459,29
22460,9
22461,4
22462,7
22463,30
22464,27
22465,2
22466,34
22467,28
22468,7
22469,4
22470,21
22471,20
22472,31
22473,1
22474,2
22475,34
22476,11
22477,20
22478,26
22479,22
22480,5
22481,34
22482,16
22483,12
22484,8
22485,31
22486,6
22487,19
22488,31
22489,15
22490,4
22491,29
22492,5
22493,6
22494,29
22495,6
22496,5
22497,20
22498,7
22499,31
22500,4
22501,11
22502,1
22503,7
22504,3
22505,6
22506,10
22507,1
22508,22
22509,11
22510,16
22511,8
22512,23
22513,24
22514,32
22515,10
22516,5
22517,12
22518,33
22519,6
22520,31
22521,3
22522,22
22523,34
22524,25
22525,15
22526,28
22527,15
22528,33
22529,4
22530,25
22531,24
22532,6
22533,2
22534,34
22535,18
22536,34
22537,26
22538,2
22539,7
22540,22
22541,11
22542,25
22543,21
22544,6
22545,34
22546,22
22547,22
22548,32
22549,9
22550,31
22551,2
22552,11
22553,26
22554,13
22555,12
22556,13
22557,20
22558,25
22559,24
22560,27
22561,27
22562,13
22563,5
22564,6
22565,27
22566,25
22567,2
22568,5
22569,8
22570,32
22571,9
22572,5
22573,30
22574,30
22575,8
22576,2
22577,2
22578,8
22579,16
22580,26
22581,34
22582,29
22583,8
22584,1
22585,2
22586,18
22587,2
22588,25
22589,5
22590,10
22591,8
22592,3
22593,21
22594,20
22595,6
22596,3
22597,2
22598,5
22599,14
22600,9
22601,22
22602,2
22603,19
22604,32
22605,34
22606,34
22607,4
22608,10
22609,34
22610,32
22611,2
22612,34
22613,6
22614,23
22615,16
22616,16
22617,9
22618,1
22619,9
22620,27
22621,15
22622,12
22623,5
22624,7
22625,1
22626,7
22627,13
22628,4
22629,2
22630,32
22631,9
22632,3
22633,16
22634,10
22635,3
22636,28
22637,31
22638,8
22639,1
22640,5
22641,12
22642,15
22643,6
22644,26
22645,34
22646,15
22647,2
22648,12
22649,34
22650,10
22651,18
22652,4
22653,34
22654,32
22655,2
22656,1
22657,3
22658,9
22659,23
22660,2
22661,3
22662,14
22663,4
22664,14
22665,15
22666,3
22667,7
22668,34
22669,34
22670,32
22671,5
22672,12
22673,34
22674,13
22675,8
22676,25
22677,5
22678,2
22679,4
22680,18
22681,1
22682,17
22683,7
22684,9
22685,28
22686,6
22687,1
22688,33
22689,10
22690,20
22691,26
22692,18
22693,16
22694,4
22695,14
22696,5
22697,7
22698,1
22699,34
22700,7
22701,8
22702,20
22703,33
22704,1
22705,8
22706,2
22707,14
22708,18
22709,34
22710,7
22711,18
22712,2
22713,15
22714,4
22715,34
22716,9
22717,12
22718,7
22719,6
22720,26
22721,5
22722,5
22723,12
22724,34
22725,14
22726,8
22727,34
22728,3
22729,10
22730,30
22731,3
22732,4
22733,1
22734,7
22735,16
22736,23
22737,11
22738,7
22739,3
22740,33
22741,27
22742,3
22743,34
22744,34
22745,22
22746,15
22747,5
22748,13
22749,4
22750,1
22751,12
22752,4
22753,8
22754,1
22755,18
22756,33
22757,20
22758,2
22759,5
22760,34
22761,10
22762,14
22763,2
22764,1
22765,25
22766,18
22767,11
22768,23
22769,3
22770,10
22771,22
22772,5
22773,12
22774,34
22775,1
22776,34
22777,19
22778,22
22779,7
22780,24
22781,17
22782,10
22783,3
22784,14
22785,29
22786,34
22787,15
22788,26
22789,34
22790,25
22791,2
22792,9
22793,29
22794,34
22795,11
22796,34
22797,34
22798,23
22799,34
22800,12
22801,25
22802,18
22803,2
22804,3
22805,9
22806,5
22807,32
22808,28
22809,34
22810,2
22811,7
22812,18
22813,20
22814,6
22815,7
22816,34
22817,8
22818,5
22819,22
22820,15
22821,34
22822,10
22823,10
22824,32
22825,1
22826,23
22827,7
22828,5
22829,7
22830,3
22831,11
22832,34
22833,23
22834,27
22835,10
22836,4
22837,32
22838,5
22839,13
22840,6
22841,32
22842,10
22843,25
22844,34
22845,5
22846,34
22847,34
22848,3
22849,15
22850,5
22851,29
22852,6
22853,34
22854,34
22855,1
22856,13
22857,27
22858,19
22859,21
22860,32
22861,34
22862,25
22863,1
22864,20
22865,34
22866,3
22867,5
22868,2
22869,34
22870,34
22871,29
22872,6
22873,25
22874,13
22875,34
22876,17
22877,8
22878,34
22879,34
22880,18
22881,27
22882,2
22883,34
22884,9
22885,26
22886,8
22887,9
22888,8
22889,29
22890,27
22891,5
22892,8
22893,6
22894,3
22895,33
22896,12
22897,8
22898,12
22899,22
22900,34
22901,34
22902,10
22903,34
22904,12
22905,3
22906,9
22907,2
22908,34
22909,22
22910,8
22911,34
22912,29
22913,7
22914,8
22915,29
22916,34
22917,4
22918,31
22919,29
22920,8
22921,6
22922,5
22923,34
22924,18
22925,13
22926,34
22927,10
22928,34
22929,34
22930,21
22931,31
22932,34
22933,31
22934,19
22935,10
22936,30
22937,22
22938,14
22939,6
22940,25
22941,4
22942,12
22943,8
22944,16
22945,4
22946,10
22947,4
22948,5
22949,3
22950,9
22951,4
22952,31
22953,31
22954,12
22955,6
22956,32
22957,34
22958,34
22959,4
22960,15
22961,34
22962,6
22963,11
22964,34
22965,11
22966,22
22967,10
22968,7
22969,7
22970,14
22971,7
22972,9
22973,19
22974,10
22975,16
22976,23
22977,4
22978,25
22979,24
22980,5
22981,34
22982,21
22983,34
22984,34
22985,10
22986,17
22987,34
22988,28
22989,9
22990,10
22991,6
22992,4
22993,10
22994,12
22995,25
22996,17
22997,7
22998,6
22999,32
23000,8
23001,1
23002,6
23003,4
23004,34
23005,25
23006,31
23007,31
23008,7
23009,2
23010,34
23011,9
23012,4
23013,3
23014,29
23015,16
23016,8
23017,27
23018,24
23019,9
23020,10
23021,34
23022,34
23023,3
23024,8
23025,31
23026,4
23027,8
23028,4
23029,23
23030,10
23031,4
23032,7
23033,10
23034,4
23035,2
23036,9
23037,6
23038,32
23039,6
23040,34
23041,27
23042,4
23043,16
23044,2
23045,13
23046,9
23047,31
23048,24
23049,11
23050,19
23051,34
23052,6
23053,31
23054,31
23055,3
23056,6
23057,8
23058,7
23059,34
23060,18
23061,7
23062,33
23063,22
23064,26
23065,9
23066,9
23067,30
23068,1
23069,12
23070,2
23071,18
23072,32
23073,18
23074,13
23075,7
23076,26
23077,6
23078,11
23079,34
23080,33
23081,25
23082,24
23083,9
23084,28
23085,11
23086,12
23087,23
23088,32
23089,3
23090,20
23091,31
23092,8
23093,6
23094,18
23095,9
23096,16
23097,4
23098,8
23099,3
23100,5
23101,5
23102,8
23103,12
23104,24
23105,5
23106,12
23107,2
23108,23
23109,30
23110,19
23111,34
23112,32
23113,34
23114,31
23115,33
23116,7
23117,15
23118,21
23119,11
23120,23
23121,22
23122,26
23123,7
23124,10
23125,10
23126,16
23127,11
23128,29
23129,3
23130,4
23131,5
23132,18
23133,11
23134,32
23135,26
23136,34
23137,34
23138,25
23139,3
23140,13
23141,2
23142,4
23143,34
23144,29
23145,5
23146,30
23147,27
23148,22
23149,7
23150,19
23151,1
23152,13
23153,8
23154,6
23155,21
23156,34
23157,8
23158,2
23159,12
23160,4
23161,34
23162,34
23163,8
23164,25
23165,30
23166,28
23167,1
23168,10
23169,8
23170,24
23171,31
23172,8
23173,32
23174,34
23175,25
23176,34
23177,2
23178,5
23179,27
23180,4
23181,31
23182,8
23183,4
23184,2
23185,14
23186,8
23187,2
23188,7
23189,26
23190,5
23191,34
23192,6
23193,11
23194,1
23195,7
23196,3
23197,7
23198,3
23199,32
23200,12
23201,34
23202,9
23203,10
23204,11
23205,27
23206,30
23207,31
23208,7
23209,7
23210,30
23211,30
23212,3
23213,29
23214,10
23215,22
23216,3
23217,33
23218,28
23219,22
23220,29
23221,27
23222,34
23223,22
23224,4
23225,29
23226,34
23227,18
23228,34
23229,8
23230,6
23231,3
23232,32
23233,2
23234,7
23235,2
23236,7
23237,3
23238,1
23239,7
23240,5
23241,6
23242,22
23243,34
23244,21
23245,26
23246,7
23247,4
23248,8
23249,13
23250,1
23251,34
23252,18
23253,31
23254,5
23255,3
23256,14
23257,26
23258,30
23259,11
23260,5
23261,7
23262,8
23263,7
23264,33
23265,17
23266,3
23267,7
23268,30
23269,34
23270,8
23271,3
23272,10
23273,2
23274,9
23275,12
23276,20
23277,32
23278,32
23279,9
23280,18
23281,8
23282,4
23283,32
23284,2
23285,5
23286,5
23287,9
23288,7
23289,4
23290,30
23291,6
23292,8
23293,9
23294,33
23295,15
23296,34
23297,19
23298,5
23299,30
23300,34
23301,3
23302,11
23303,16
23304,12
23305,24
23306,1
23307,29
23308,5
23309,2
23310,2
23311,3
23312,26
23313,25
23314,9
23315,7
23316,31
23317,25
23318,23
23319,8
23320,23
23321,12
23322,11
23323,30
23324,5
23325,27
23326,5
23327,16
23328,16
23329,34
23330,19
23331,11
23332,9
23333,15
23334,19
23335,5
23336,4
23337,7
23338,31
23339,6
23340,9
23341,8
23342,4
23343,34
23344,34
23345,6
23346,21
23347,3
23348,13
23349,8
23350,3
23351,27
23352,32
23353,21
23354,24
23355,11
23356,12
23357,15
23358,12
23359,34
23360,24
23361,33
23362,14
23363,8
23364,12
23365,2
23366,4
23367,20
23368,32
23369,13
23370,34
23371,7
23372,19
23373,27
23374,3
23375,5
23376,34
23377,11
23378,34
23379,13
23380,15
23381,12
23382,3
23383,34
23384,7
23385,3
23386,34
23387,32
23388,33
23389,25
23390,29
23391,9
23392,32
23393,32
23394,6
23395,13
23396,11
23397,25
23398,14
23399,13
23400,28
23401,11
23402,33
23403,34
23404,34
23405,8
23406,7
23407,2
23408,32
23409,9
23410,6
23411,28
23412,2
23413,10
23414,18
23415,34
23416,33
23417,34
23418,10
23419,6
23420,9
23421,20
23422,8
23423,13
23424,11
23425,22
23426,29
23427,25
23428,13
23429,10
23430,12
23431,2
23432,9
23433,13
23434,28
23435,21
23436,32
23437,1
23438,6
23439,8
23440,14
23441,13
23442,7
23443,7
23444,5
23445,12
23446,9
23447,25
23448,28
23449,33
23450,25
23451,4
23452,5
23453,12
23454,2
23455,6
23456,8
23457,28
23458,26
23459,5
23460,30
23461,28
23462,10
23463,14
23464,24
23465,13
23466,4
23467,6
23468,34
23469,34
23470,16
23471,29
23472,19
23473,8
23474,25
23475,16
23476,19
23477,30
23478,13
23479,6
23480,33
23481,29
23482,3
23483,27
23484,2
23485,30
23486,4
23487,30
23488,4
23489,20
23490,4
23491,22
23492,10
23493,15
23494,2
23495,18
23496,14
23497,7
23498,30
23499,24
23500,34
23501,32
23502,17
23503,34
23504,3
23505,4
23506,10
23507,3
23508,11
23509,13
23510,30
23511,21
23512,3
23513,10
23514,16
23515,23
23516,7
23517,29
23518,6
23519,20
23520,5
23521,1
23522,17
23523,30
23524,2
23525,20
23526,30
23527,1
23528,25
23529,14
23530,4
23531,33
23532,25
23533,13
23534,2
23535,13
23536,15
23537,33
23538,24
23539,22
23540,3
23541,8
23542,25
23543,24
23544,32
23545,4
23546,16
23547,10
23548,34
23549,28
23550,7
23551,29
23552,32
23553,19
23554,6
23555,6
23556,32
23557,5
23558,2
23559,1
23560,32
23561,34
23562,10
23563,21
23564,5
23565,30
23566,25
23567,18
23568,5
23569,18
23570,28
23571,7
23572,27
23573,6
23574,6
23575,3
23576,25
23577,30
23578,14
23579,22
23580,34
23581,19
23582,32
23583,29
23584,8
23585,22
23586,32
23587,15
23588,33
23589,33
23590,15
23591,5
23592,5
23593,30
23594,7
23595,11
23596,22
23597,27
23598,30
23599,14
23600,34
23601,34
23602,3
23603,32
23604,14
23605,5
23606,21
23607,8
23608,25
23609,6
23610,13
23611,18
23612,34
23613,11
23614,12
23615,29
23616,34
23617,17
23618,22
23619,25
23620,6
23621,2
23622,5
23623,13
23624,17
23625,9
23626,31
23627,24
23628,26
23629,1
23630,27
23631,9
23632,19
23633,16
23634,34
23635,30
23636,11
23637,32
23638,6
23639,19
23640,1
23641,12
23642,2
23643,24
23644,13
23645,10
23646,13
23647,22
23648,2
23649,10
23650,34
23651,33
23652,5
23653,32
23654,12
23655,34
23656,2
23657,14
23658,3
23659,8
23660,20
23661,5
23662,5
23663,2
23664,5
23665,4
23666,4
23667,8
23668,8
23669,25
23670,29
23671,3
23672,32
23673,31
23674,5
23675,5
23676,8
23677,8
23678,6
23679,5
23680,29
23681,29
23682,27
23683,12
23684,5
23685,15
23686,26
23687,8
23688,15
23689,11
23690,27
23691,19
23692,10
23693,28
23694,14
23695,33
23696,11
23697,22
23698,6
23699,9
23700,17
23701,18
23702,5
23703,4
23704,8
23705,5
23706,6
23707,9
23708,12
23709,19
23710,12
23711,33
23712,12
23713,1
23714,34
23715,11
23716,30
23717,3
23718,13
23719,4
23720,1
23721,21
23722,3
23723,11
23724,11
23725,7
23726,5
23727,18
23728,3
23729,12
23730,7
23731,4
23732,33
23733,27
23734,11
23735,2
23736,8
23737,7
23738,3
23739,28
23740,11
23741,8
23742,4
23743,3
23744,6
23745,29
23746,2
23747,2
23748,20
23749,26
23750,27
23751,8
23752,5
23753,8
23754,28
23755,31
23756,8
23757,4
23758,14
23759,18
23760,3
23761,30
23762,11
23763,20
23764,9
23765,11
23766,30
23767,1
23768,11
23769,16
23770,30
23771,11
23772,1
23773,3
23774,30
23775,3
23776,9
23777,21
23778,34
23779,4
23780,32
23781,4
23782,1
23783,20
23784,4
23785,34
23786,4
23787,3
23788,32
23789,27
23790,8
23791,23
23792,4
23793,9
23794,34
23795,32
23796,32
23797,4
23798,10
23799,10
23800,4
23801,1
23802,18
23803,6
23804,7
23805,11
23806,9
23807,22
23808,3
23809,19
23810,10
23811,15
23812,5
23813,28
23814,28
23815,1
23816,2
23817,4
23818,5
23819,14
23820,16
23821,34
23822,9
23823,8
23824,31
23825,6
23826,4
23827,3
23828,3
23829,2
23830,15
23831,31
23832,33
23833,32
23834,34
23835,21
23836,23
23837,2
23838,10
23839,5
23840,3
23841,2
23842,14
23843,6
23844,6
23845,18
23846,32
23847,8
23848,4
23849,9
23850,16
23851,10
23852,23
23853,6
23854,4
23855,6
23856,12
23857,19
23858,1
23859,7
23860,33
23861,4
23862,20
23863,4
23864,21
23865,8
23866,19
23867,34
23868,6
23869,34
23870,15
23871,1
23872,2
23873,29
23874,10
23875,14
23876,30
23877,15
23878,34
23879,19
23880,27
23881,19
23882,14
23883,6
23884,8
23885,3
23886,5
23887,26
23888,27
23889,16
23890,32
23891,25
23892,26
23893,5
23894,23
23895,16
23896,28
23897,27
23898,10
23899,15
23900,14
23901,13
23902,4
23903,3
23904,30
23905,6
23906,6
23907,25
23908,4
23909,14
23910,2
23911,3
23912,6
23913,19
23914,14
23915,16
23916,30
23917,31
23918,7
23919,3
23920,17
23921,30
23922,25
23923,8
23924,11
23925,33
23926,11
23927,5
23928,2
23929,28
23930,24
23931,13
23932,4
23933,25
23934,11
23935,19
23936,20
23937,32
23938,8
23939,1
23940,2
23941,4
23942,3
23943,4
23944,12
23945,33
23946,32
23947,32
23948,5
23949,31
23950,28
23951,1
23952,23
23953,9
23954,30
23955,19
23956,17
23957,11
23958,5
23959,10
23960,6
23961,30
23962,9
23963,32
23964,8
23965,32
23966,28
23967,25
23968,10
23969,30
23970,12
23971,11
23972,5
23973,7
23974,14
23975,4
23976,34
23977,19
23978,16
23979,28
23980,13
23981,14
23982,10
23983,30
23984,6
23985,6
23986,27
23987,31
23988,11
23989,7
23990,2
23991,7
23992,14
23993,31
23994,7
23995,7
23996,4
23997,16
23998,31
23999,34
24000,8
24001,6
24002,8
24003,28
24004,32
24005,24
24006,5
24007,6
24008,20
24009,23
24010,21
24011,28
24012,5
24013,7
24014,2
24015,2
24016,6
24017,8
24018,23
24019,4
24020,25
24021,8
24022,1
24023,34
24024,30
24025,7
24026,2
24027,6
24028,4
24029,1
24030,3
24031,2
24032,9
24033,5
24034,24
24035,2
24036,3
24037,22
24038,1
24039,31
24040,2
24041,26
24042,15
24043,2
24044,22
24045,2
24046,30
24047,17
24048,23
24049,10
24050,19
24051,11
24052,7
24053,29
24054,13
24055,3
24056,33
24057,9
24058,9
24059,20
24060,34
24061,13
24062,34
24063,5
24064,34
24065,4
24066,6
24067,27
24068,4
24069,8
24070,34
24071,6
24072,7
24073,2
24074,5
24075,3
24076,2
24077,25
24078,32
24079,3
24080,34
24081,13
24082,34
24083,32
24084,3
24085,8
24086,2
24087,11
24088,3
24089,34
24090,27
24091,2
24092,5
24093,26
24094,5
24095,4
24096,33
24097,3
24098,24
24099,16
24100,12
24101,12
24102,34
24103,29
24104,29
24105,29
24106,7
24107,22
24108,27
24109,8
24110,7
24111,20
24112,27
24113,1
24114,9
24115,3
24116,9
24117,15
24118,8
24119,4
24120,19
24121,7
24122,32
24123,2
24124,4
24125,2
24126,3
24127,3
24128,22
24129,2
24130,8
24131,13
24132,4
24133,11
24134,31
24135,33
24136,9
24137,8
24138,4
24139,29
24140,29
24141,3
24142,5
24143,3
24144,7
24145,32
24146,34
24147,25
24148,22
24149,8
24150,6
24151,1
24152,34
24153,5
24154,5
24155,6
24156,19
24157,13
24158,28
24159,6
24160,1
24161,2
24162,6
24163,10
24164,4
24165,12
24166,14
24167,5
24168,28
24169,9
24170,33
24171,7
24172,23
24173,3
24174,32
24175,7
24176,19
24177,10
24178,27
24179,6
24180,32
24181,21
24182,3
24183,26
24184,4
24185,4
24186,14
24187,11
24188,17
24189,27
24190,4
24191,5
24192,7
24193,3
24194,7
24195,4
24196,13
24197,9
24198,8
24199,8
24200,20
24201,5
24202,7
24203,3
24204,5
24205,2
24206,18
24207,6
24208,21
24209,10
24210,33
24211,8
24212,19
24213,30
24214,9
24215,26
24216,28
24217,14
24218,8
24219,12
24220,2
24221,34
24222,3
24223,14
24224,1
24225,3
24226,13
24227,7
24228,3
24229,21
24230,24
24231,8
24232,28
24233,12
24234,12
24235,14
24236,4
24237,30
24238,2
24239,29
24240,27
24241,3
24242,20
24243,10
24244,9
24245,2
24246,10
24247,12
24248,4
24249,7
24250,8
24251,9
24252,28
24253,2
24254,34
24255,3
24256,8
24257,3
24258,5
24259,5
24260,10
24261,4
24262,1
24263,1
24264,18
24265,7
24266,13
24267,13
24268,29
24269,7
24270,28
24271,15
24272,5
24273,7
24274,14
24275,3
24276,3
24277,8
24278,25
24279,19
24280,11
24281,3
24282,10
24283,4
24284,9
24285,32
24286,18
24287,29
24288,10
24289,9
24290,18
24291,16
24292,4
24293,30
24294,27
24295,5
24296,22
24297,2
24298,26
24299,33
24300,16
24301,27
24302,31
24303,11
24304,1
24305,10
24306,1
24307,3
24308,9
24309,8
24310,33
24311,1
24312,3
24313,10
24314,10
24315,11
24316,9
24317,28
24318,4
24319,3
24320,2
24321,9
24322,1
24323,16
24324,6
24325,12
24326,2
24327,30
24328,2
24329,29
24330,6
24331,8
24332,21
24333,8
24334,7
24335,6
24336,3
24337,7
24338,6
24339,30
24340,12
24341,21
24342,28
24343,21
24344,12
24345,11
24346,1
24347,5
24348,15
24349,3
24350,1
24351,3
24352,27
24353,5
24354,1
24355,8
24356,3
24357,13
24358,17
24359,13
24360,3
24361,7
24362,2
24363,10
24364,5
24365,5
24366,4
24367,18
24368,32
24369,9
24370,24
24371,2
24372,15
24373,8
24374,8
24375,11
24376,28
24377,1
24378,10
24379,30
24380,20
24381,8
24382,6
24383,9
24384,13
24385,21
24386,14
24387,6
24388,32
24389,7
24390,2
24391,26
24392,2
24393,1
24394,9
24395,1
24396,8
24397,17
24398,4
24399,22
24400,2
24401,12
24402,8
24403,8
24404,25
24405,12
24406,29
24407,4
24408,11
24409,4
24410,5
24411,14
24412,32
24413,3
24414,5
24415,10
24416,15
24417,12
24418,4
24419,10
24420,2
24421,8
24422,10
24423,2
24424,12
24425,9
24426,32
24427,15
24428,1
24429,11
24430,3
24431,1
24432,32
24433,2
24434,7
24435,32
24436,5
24437,15
24438,23
24439,3
24440,2
24441,26
24442,1
24443,15
24444,31
24445,26
24446,13
24447,2
24448,4
24449,10
24450,34
24451,5
24452,8
24453,12
24454,25
24455,26
24456,18
24457,22
24458,10
24459,29
24460,28
24461,15
24462,22
24463,29
24464,2
24465,22
24466,13
24467,31
24468,13
24469,3
24470,17
24471,7
24472,6
24473,2
24474,13
24475,12
24476,20
24477,20
24478,13
24479,2
24480,2
24481,2
24482,1
24483,9
24484,5
24485,32
24486,22
24487,3
24488,3
24489,4
24490,28
24491,32
24492,17
24493,34
24494,7
24495,4
24496,3
24497,11
24498,5
24499,15
24500,32
24501,1
24502,1
24503,10
24504,12
24505,23
24506,34
24507,4
24508,19
24509,21
24510,16
24511,33
24512,1
24513,4
24514,1
24515,34
24516,10
24517,10
24518,17
24519,34
24520,11
24521,1
24522,7
24523,2
24524,32
24525,6
24526,6
24527,10
24528,18
24529,30
24530,28
24531,32
24532,29
24533,7
24534,4
24535,17
24536,9
24537,1
24538,7
24539,7
24540,6
24541,26
24542,5
24543,22
24544,26
24545,2
24546,4
24547,32
24548,33
24549,8
24550,3
24551,3
24552,15
24553,2
24554,20
24555,21
24556,2
24557,6
24558,32
24559,4
24560,10
24561,19
24562,3
24563,23
24564,9
24565,34
24566,27
24567,15
24568,24
24569,8
24570,33
24571,4
24572,4
24573,33
24574,3
24575,10
24576,6
24577,24
24578,3
24579,34
24580,1
24581,29
24582,22
24583,4
24584,28
24585,25
24586,5
24587,22
24588,2
24589,7
24590,19
24591,21
24592,21
24593,27
24594,34
24595,25
24596,21
24597,7
24598,7
24599,1
24600,9
24601,27
24602,3
24603,15
24604,19
24605,2
24606,32
24607,26
24608,14
24609,14
24610,22
24611,15
24612,10
24613,8
24614,8
24615,27
24616,33
24617,6
24618,12
24619,32
24620,1
24621,3
24622,2
24623,27
24624,9
24625,11
24626,7
24627,6
24628,4
24629,5
24630,5
24631,11
24632,12
24633,8
24634,16
24635,11
24636,15
24637,18
24638,2
24639,1
24640,26
24641,7
24642,29
24643,8
24644,1
24645,16
24646,34
24647,6
24648,2
24649,30
24650,29
24651,22
24652,3
24653,3
24654,32
24655,1
24656,7
24657,2
24658,5
24659,32
24660,32
24661,7
24662,9
24663,10
24664,4
24665,10
24666,3
24667,1
24668,5
24669,18
24670,7
24671,22
24672,32
24673,13
24674,16
24675,1
24676,7
24677,2
24678,17
24679,3
24680,27
24681,17
24682,21
24683,34
24684,8
24685,29
24686,25
24687,1
24688,2
24689,2
24690,7
24691,34
24692,14
24693,29
24694,1
24695,14
24696,3
24697,28
24698,15
24699,24
24700,3
24701,21
24702,8
24703,13
24704,32
24705,1
24706,5
24707,25
24708,33
24709,6
24710,4
24711,30
24712,2
24713,5
24714,22
24715,8
24716,16
24717,4
24718,31
24719,29
24720,20
24721,27
24722,9
24723,32
24724,9
24725,7
24726,9
24727,17
24728,25
24729,15
24730,14
24731,1
24732,8
24733,28
24734,3
24735,7
24736,1
24737,7
24738,13
24739,2
24740,10
24741,27
24742,34
24743,26
24744,23
24745,12
24746,2
24747,16
24748,7
24749,11
24750,33
24751,5
24752,7
24753,8
24754,10
24755,4
24756,20
24757,32
24758,13
24759,8
24760,20
24761,18
24762,32
24763,20
24764,8
24765,7
24766,34
24767,3
24768,4
24769,22
24770,8
24771,2
24772,6
24773,21
24774,5
24775,2
24776,3
24777,31
24778,7
24779,33
24780,9
24781,28
24782,7
24783,4
24784,5
24785,3
24786,34
24787,2
24788,4
24789,29
24790,4
24791,5
24792,11
24793,22
24794,23
24795,10
24796,2
24797,10
24798,8
24799,1
24800,32
24801,6
24802,5
24803,15
24804,8
24805,19
24806,32
24807,26
24808,7
24809,8
24810,23
24811,5
24812,10
24813,31
24814,31
24815,9
24816,9
24817,13
24818,24
24819,22
24820,30
24821,2
24822,27
24823,28
24824,4
24825,5
24826,4
24827,22
24828,15
24829,7
24830,28
24831,33
24832,12
24833,31
24834,30
24835,5
24836,6
24837,34
24838,29
24839,8
24840,25
24841,32
24842,1
24843,32
24844,30
24845,19
24846,4
24847,8
24848,31
24849,18
24850,15
24851,5
24852,30
24853,19
24854,20
24855,32
24856,5
24857,23
24858,29
24859,15
24860,21
24861,22
24862,8
24863,10
24864,10
24865,34
24866,28
24867,11
24868,3
24869,7
24870,23
24871,32
24872,32
24873,5
24874,32
24875,34
24876,31
24877,22
24878,2
24879,8
24880,5
24881,34
24882,11
24883,8
24884,29
24885,23
24886,4
24887,9
24888,28
24889,17
24890,27
24891,33
24892,33
24893,11
24894,6
24895,31
24896,34
24897,18
24898,17
24899,10
24900,33
24901,6
24902,3
24903,27
24904,8
24905,3
24906,5
24907,11
24908,10
24909,8
24910,4
24911,27
24912,12
24913,13
24914,21
24915,8
24916,7
24917,11
24918,23
24919,34
24920,16
24921,11
24922,30
24923,3
24924,1
24925,2
24926,16
24927,30
24928,9
24929,4
24930,4
24931,11
24932,14
24933,8
24934,34
24935,12
24936,8
24937,5
24938,28
24939,14
24940,27
24941,16
24942,32
24943,28
24944,6
24945,2
24946,7
24947,6
24948,25
24949,1
24950,4
24951,7
24952,7
24953,25
24954,24
24955,3
24956,7
24957,32
24958,29
24959,34
24960,25
24961,11
24962,34
24963,16
24964,22
24965,11
24966,4
24967,2
24968,15
24969,13
24970,32
24971,3
24972,5
24973,16
24974,3
24975,18
24976,1
24977,2
24978,29
24979,6
24980,1
24981,8
24982,14
24983,4
24984,7
24985,14
24986,28
24987,8
24988,10
24989,6
24990,9
24991,28
24992,32
24993,28
24994,34
24995,6
24996,8
24997,2
24998,17
24999,8
25000,8
25001,3
25002,1
25003,32
25004,14
25005,15
25006,7
25007,30
25008,22
25009,11
25010,12
25011,13
25012,1
25013,26
25014,5
25015,32
25016,32
25017,11
25018,1
25019,2
25020,2
25021,31
25022,26
25023,34
25024,28
25025,3
25026,14
25027,28
25028,6
25029,13
25030,2
25031,12
25032,3
25033,31
25034,29
25035,34
25036,28
25037,3
25038,6
25039,2
25040,6
25041,5
25042,3
25043,11
25044,1
25045,8
25046,31
25047,8
25048,24
25049,14
25050,3
25051,13
25052,28
25053,21
25054,30
25055,11
25056,30
25057,3
25058,28
25059,29
25060,7
25061,10
25062,29
25063,1
25064,34
25065,1
25066,8
25067,29
25068,34
25069,3
25070,31
25071,21
25072,3
25073,10
25074,5
25075,3
25076,8
25077,14
25078,27
25079,5
25080,21
25081,8
25082,23
25083,22
25084,14
25085,3
25086,3
25087,10
25088,8
25089,7
25090,3
25091,32
25092,33
25093,19
25094,20
25095,29
25096,11
25097,4
25098,29
25099,3
25100,34
25101,7
25102,16
25103,9
25104,25
25105,30
25106,27
25107,22
25108,27
25109,6
25110,5
25111,15
25112,9
25113,10
25114,5
25115,2
25116,9
25117,4
25118,3
25119,11
25120,14
25121,4
25122,6
25123,29
25124,27
25125,24
25126,30
25127,32
25128,1
25129,1
25130,1
25131,16
25132,31
25133,10
25134,18
25135,19
25136,20
25137,1
25138,33
25139,11
25140,25
25141,2
25142,25
25143,7
25144,2
25145,14
25146,12
25147,7
25148,33
25149,20
25150,19
25151,20
25152,28
25153,24
25154,25
25155,5
25156,17
25157,5
25158,12
25159,7
25160,4
25161,5
25162,26
25163,11
25164,30
25165,23
25166,16
25167,33
25168,32
25169,28
25170,25
25171,25
25172,6
25173,26
25174,3
25175,33
25176,14
25177,11
25178,2
25179,2
25180,32
25181,34
25182,21
25183,22
25184,4
25185,17
25186,8
25187,4
25188,7
25189,22
25190,32
25191,12
25192,32
25193,29
25194,22
25195,30
25196,21
25197,20
25198,25
25199,5
25200,13
25201,10
25202,2
25203,24
25204,34
25205,6
25206,22
25207,26
25208,7
25209,13
25210,4
25211,11
25212,11
25213,11
25214,32
25215,25
25216,1
25217,17
25218,8
25219,1
25220,9
25221,12
25222,25
25223,4
25224,6
25225,2
25226,6
25227,27
25228,7
25229,1
25230,1
25231,30
25232,19
25233,8
25234,5
25235,7
25236,5
25237,8
25238,13
25239,33
25240,5
25241,30
25242,23
25243,23
25244,16
25245,8
25246,12
25247,15
25248,3
25249,22
25250,2
25251,25
25252,16
25253,11
25254,34
25255,27
25256,27
25257,6
25258,8
25259,1
25260,34
25261,30
25262,11
25263,32
25264,1
25265,9
25266,32
25267,31
25268,1
25269,9
25270,3
25271,19
25272,29
25273,18
25274,7
25275,8
25276,30
25277,24
25278,30
25279,33
25280,8
25281,2
25282,2
25283,6
25284,27
25285,32
25286,13
25287,4
25288,3
25289,4
25290,24
25291,21
25292,29
25293,11
25294,4
25295,3
25296,20
25297,9
25298,11
25299,32
25300,1
25301,26
25302,28
25303,16
25304,27
25305,30
25306,33
25307,8
25308,18
25309,34
25310,29
25311,20
25312,8
25313,4
25314,29
25315,12
25316,22
25317,5
25318,15
25319,31
25320,17
25321,33
25322,23
25323,32
25324,31
25325,27
25326,18
25327,2
25328,32
25329,26
25330,2
25331,29
25332,13
25333,5
25334,33
25335,27
25336,2
25337,23
25338,1
25339,1
25340,20
25341,17
25342,2
25343,10
25344,9
25345,11
25346,2
25347,4
25348,6
25349,10
25350,5
25351,18
25352,29
25353,22
25354,12
25355,32
25356,7
25357,32
25358,25
25359,12
25360,32
25361,2
25362,33
25363,33
25364,17
25365,21
25366,6
25367,7
25368,27
25369,9
25370,21
25371,10
25372,30
25373,20
25374,27
25375,1
25376,6
25377,1
25378,13
25379,8
25380,29
25381,24
25382,28
25383,16
25384,15
25385,2
25386,13
25387,14
25388,20
25389,7
25390,20
25391,17
25392,6
25393,8
25394,31
25395,32
25396,31
25397,4
25398,7
25399,31
25400,16
25401,18
25402,7
25403,8
25404,34
25405,14
25406,6
25407,32
25408,8
25409,34
25410,13
25411,12
25412,22
25413,19
25414,1
25415,20
25416,4
25417,14
25418,26
25419,1
25420,28
25421,8
25422,11
25423,2
25424,18
25425,15
25426,2
25427,6
25428,6
25429,23
25430,18
25431,17
25432,25
25433,29
25434,13
25435,25
25436,33
25437,11
25438,23
25439,32
25440,11
25441,32
25442,11
25443,29
25444,1
25445,2
25446,23
25447,22
25448,32
25449,17
25450,7
25451,15
25452,27
25453,23
25454,11
25455,16
25456,25
25457,4
25458,26
25459,26
25460,31
25461,29
25462,20
25463,30
25464,28
25465,8
25466,26
25467,20
25468,23
25469,17
25470,2
25471,13
25472,2
25473,5
25474,20
25475,18
25476,9
25477,21
25478,28
25479,10
25480,5
25481,3
25482,12
25483,4
25484,6
25485,5
25486,4
25487,32
25488,30
25489,19
25490,26
25491,21
25492,5
25493,2
25494,31
25495,27
25496,24
25497,34
25498,30
25499,32
25500,33
25501,17
25502,34
25503,32
25504,17
25505,18
25506,2
25507,16
25508,2
25509,7
25510,6
25511,12
25512,33
25513,25
25514,6
25515,32
25516,15
25517,32
25518,32
25519,9
25520,13
25521,31
25522,4
25523,8
25524,3
25525,24
25526,20
25527,10
25528,32
25529,10
25530,7
25531,34
25532,33
25533,15
25534,2
25535,3
25536,32
25537,27
25538,11
25539,8
25540,31
25541,4
25542,12
25543,6
25544,4
25545,9
25546,4
25547,23
25548,33
25549,8
25550,19
25551,27
25552,15
25553,31
25554,18
25555,3
25556,3
25557,13
25558,3
25559,20
25560,12
25561,5
25562,9
25563,25
25564,32
25565,10
25566,5
25567,27
25568,24
25569,32
25570,28
25571,28
25572,30
25573,26
25574,2
25575,8
25576,5
25577,18
25578,2
25579,21
25580,9
25581,8
25582,3
25583,12
25584,5
25585,22
25586,2
25587,1
25588,24
25589,34
25590,6
25591,4
25592,32
25593,32
25594,2
25595,3
25596,31
25597,6
25598,6
25599,6
25600,22
25601,22
25602,32
25603,8
25604,6
25605,7
25606,3
25607,20
25608,7
25609,30
25610,8
25611,32
25612,9
25613,32
25614,13
25615,15
25616,34
25617,4
25618,21
25619,33
25620,32
25621,29
25622,9
25623,28
25624,5
25625,29
25626,3
25627,11
25628,18
25629,10
25630,34
25631,30
25632,26
25633,27
25634,27
25635,22
25636,28
25637,19
25638,24
25639,20
25640,21
25641,5
25642,1
25643,23
25644,30
25645,26
25646,13
25647,24
25648,34
25649,9
25650,22
25651,9
25652,25
25653,1
25654,17
25655,12
25656,8
25657,31
25658,4
25659,9
25660,4
25661,9
25662,7
25663,11
25664,13
25665,13
25666,6
25667,4
25668,2
25669,5
25670,19
25671,34
25672,27
25673,5
25674,14
25675,11
25676,4
25677,22
25678,1
25679,32
25680,12
25681,8
25682,29
25683,29
25684,11
25685,32
25686,8
25687,5
25688,13
25689,33
25690,22
25691,29
25692,23
25693,20
25694,1
25695,5
25696,21
25697,12
25698,15
25699,4
25700,8
25701,12
25702,34
25703,11
25704,12
25705,21
25706,11
25707,4
25708,12
25709,21
25710,29
25711,24
25712,8
25713,11
25714,13
25715,2
25716,5
25717,3
25718,2
25719,33
25720,7
25721,3
25722,30
25723,4
25724,28
25725,3
25726,10
25727,7
25728,5
25729,13
25730,4
25731,25
25732,20
25733,8
25734,11
25735,2
25736,12
25737,33
25738,16
25739,34
25740,1
25741,29
25742,10
25743,18
25744,13
25745,18
25746,34
25747,2
25748,2
25749,8
25750,9
25751,11
25752,5
25753,17
25754,23
25755,34
25756,9
25757,7
25758,34
25759,6
25760,20
25761,34
25762,7
25763,17
25764,29
25765,4
25766,7
25767,8
25768,8
25769,3
25770,25
25771,11
25772,2
25773,8
25774,22
25775,17
25776,12
25777,24
25778,23
25779,22
25780,34
25781,24
25782,28
25783,16
25784,9
25785,29
25786,30
25787,23
25788,7
25789,21
25790,5
25791,11
25792,11
25793,7
25794,29
25795,34
25796,22
25797,32
25798,10
25799,26
25800,5
25801,22
25802,5
25803,6
25804,11
25805,31
25806,23
25807,4
25808,26
25809,16
25810,24
25811,22
25812,27
25813,27
25814,30
25815,8
25816,33
25817,7
25818,21
25819,2
25820,6
25821,2
25822,7
25823,6
25824,2
25825,11
25826,2
25827,14
25828,27
25829,2
25830,9
25831,4
25832,7
25833,1
25834,8
25835,7
25836,4
25837,10
25838,14
25839,7
25840,3
25841,3
25842,30
25843,8
25844,22
25845,19
25846,10
25847,12
25848,3
25849,13
25850,26
25851,18
25852,5
25853,27
25854,28
25855,5
25856,3
25857,8
25858,4
25859,13
25860,30
25861,31
25862,18
25863,8
25864,10
25865,8
25866,8
25867,7
25868,4
25869,6
25870,34
25871,9
25872,6
25873,21
25874,33
25875,1
25876,10
25877,14
25878,2
25879,6
25880,23
25881,19
25882,7
25883,23
25884,2
25885,27
25886,13
25887,34
25888,15
25889,4
25890,6
25891,3
25892,13
25893,30
25894,1
25895,28
25896,28
25897,10
25898,4
25899,27
25900,16
25901,32
25902,1
25903,4
25904,8
25905,23
25906,4
25907,7
25908,6
25909,8
25910,23
25911,29
25912,21
25913,26
25914,33
25915,31
25916,4
25917,24
25918,30
25919,25
25920,4
25921,1
25922,12
25923,10
25924,14
25925,3
25926,29
25927,6
25928,26
25929,32
25930,12
25931,2
25932,6
25933,34
25934,10
25935,32
25936,25
25937,10
25938,5
25939,13
25940,2
25941,11
25942,11
25943,11
25944,32
25945,5
25946,6
25947,19
25948,24
25949,10
25950,10
25951,9
25952,7
25953,25
25954,4
25955,32
25956,9
25957,7
25958,26
25959,9
25960,29
25961,32
25962,3
25963,11
25964,5
25965,32
25966,4
25967,23
25968,6
25969,16
25970,2
25971,18
25972,25
25973,5
25974,33
25975,11
25976,30
25977,27
25978,29
25979,21
25980,10
25981,3
25982,2
25983,8
25984,33
25985,7
25986,3
25987,5
25988,12
25989,4
25990,3
25991,34
25992,25
25993,5
25994,7
25995,31
25996,8
25997,18
25998,29
25999,2
26000,5
26001,20
26002,12
26003,4
26004,7
26005,27
26006,11
26007,6
26008,1
26009,29
26010,3
26011,12
26012,30
26013,5
26014,6
26015,31
26016,10
26017,20
26018,1
26019,9
26020,15
26021,32
26022,31
26023,6
26024,27
26025,11
26026,28
26027,11
26028,8
26029,1
26030,4
26031,18
26032,2
26033,32
26034,25
26035,32
26036,1
26037,33
26038,17
26039,23
26040,29
26041,12
26042,1
26043,22
26044,4
26045,6
26046,8
26047,8
26048,2
26049,7
26050,31
26051,33
26052,23
26053,9
26054,30
26055,6
26056,12
26057,32
26058,15
26059,27
26060,9
26061,2
26062,8
26063,12
26064,2
26065,2
26066,8
26067,6
26068,7
26069,10
26070,33
26071,23
26072,9
26073,16
26074,6
26075,32
26076,2
26077,6
26078,4
26079,9
26080,22
26081,15
26082,2
26083,7
26084,24
26085,30
26086,25
26087,26
26088,1
26089,5
26090,11
26091,3
26092,23
26093,15
26094,18
26095,8
26096,29
26097,8
26098,9
26099,34
26100,7
26101,33
26102,30
26103,12
26104,11
26105,27
26106,5
26107,4
26108,5
26109,1
26110,8
26111,26
26112,6
26113,1
26114,3
26115,12
26116,33
26117,33
26118,27
26119,4
26120,2
26121,5
26122,34
26123,10
26124,18
26125,5
26126,31
26127,34
26128,6
26129,3
26130,3
26131,34
26132,12
26133,28
26134,32
26135,32
26136,13
26137,19
26138,4
26139,7
26140,10
26141,5
26142,12
26143,34
26144,28
26145,32
26146,10
26147,1
26148,34
26149,7
26150,30
26151,9
26152,30
26153,23
26154,1
26155,32
26156,13
26157,11
26158,17
26159,33
26160,21
26161,26
26162,6
26163,10
26164,13
26165,1
26166,6
26167,34
26168,7
26169,2
26170,3
26171,13
26172,10
26173,33
26174,7
26175,5
26176,22
26177,4
26178,32
26179,23
26180,23
26181,12
26182,4
26183,33
26184,5
26185,7
26186,25
26187,13
26188,2
26189,20
26190,1
26191,9
26192,12
26193,3
26194,9
26195,8
26196,29
26197,16
26198,19
26199,2
26200,19
26201,32
26202,1
26203,33
26204,21
26205,18
26206,4
26207,19
26208,11
26209,1
26210,11
26211,33
26212,1
26213,7
26214,21
26215,3
26216,10
26217,3
26218,6
26219,2
26220,9
26221,25
26222,3
26223,4
26224,12
26225,9
26226,8
26227,13
26228,19
26229,30
26230,4
26231,13
26232,10
26233,8
26234,3
26235,1
26236,20
26237,2
26238,2
26239,16
26240,5
26241,8
26242,1
26243,11
26244,32
26245,8
26246,10
26247,12
26248,8
26249,14
26250,24
26251,11
26252,4
26253,32
26254,27
26255,27
26256,17
26257,16
26258,10
26259,2
26260,6
26261,17
26262,32
26263,25
26264,18
26265,13
26266,6
26267,15
26268,17
26269,24
26270,7
26271,7
26272,1
26273,2
26274,6
26275,10
26276,14
26277,8
26278,3
26279,23
26280,13
26281,3
26282,31
26283,8
26284,1
26285,7
26286,5
26287,13
26288,32
26289,7
26290,15
26291,26
26292,32
26293,34
26294,32
26295,11
26296,23
26297,10
26298,11
26299,34
26300,32
26301,24
26302,29
26303,4
26304,33
26305,34
26306,11
26307,15
26308,26
26309,2
26310,3
26311,31
26312,26
26313,32
26314,29
26315,13
26316,11
26317,32
26318,28
26319,27
26320,25
26321,32
26322,8
26323,29
26324,8
26325,10
26326,10
26327,14
26328,3
26329,18
26330,1
26331,33
26332,30
26333,6
26334,18
26335,10
26336,14
26337,31
26338,2
26339,34
26340,20
26341,14
26342,1
26343,22
26344,18
26345,20
26346,9
26347,9
26348,22
26349,4
26350,31
26351,20
26352,26
26353,1
26354,21
26355,26
26356,30
26357,19
26358,20
26359,4
26360,10
26361,1
26362,28
26363,12
26364,17
26365,29
26366,22
26367,22
26368,5
26369,32
26370,12
26371,29
26372,20
26373,8
26374,26
26375,17
26376,10
26377,4
26378,27
26379,5
26380,30
26381,10
26382,7
26383,15
26384,3
26385,2
26386,6
26387,4
26388,12
26389,29
26390,5
26391,5
26392,9
26393,12
26394,9
26395,14
26396,34
26397,18
26398,2
26399,6
26400,17
26401,1
26402,14
26403,13
26404,15
26405,8
26406,3
26407,4
26408,22
26409,21
26410,9
26411,9
26412,32
26413,8
26414,11
26415,34
26416,34
26417,10
26418,17
26419,8
26420,26
26421,23
26422,8
26423,17
26424,12
26425,11
26426,32
26427,34
26428,26
26429,32
26430,3
26431,24
26432,5
26433,6
26434,23
26435,11
26436,26
26437,17
26438,2
26439,23
26440,21
26441,31
26442,23
26443,11
26444,5
26445,3
26446,4
26447,27
26448,27
26449,32
26450,12
26451,12
26452,9
26453,32
26454,23
26455,29
26456,21
26457,30
26458,30
26459,4
26460,8
26461,5
26462,5
26463,2
26464,32
26465,6
26466,12
26467,17
26468,4
26469,24
26470,21
26471,13
26472,31
26473,19
26474,33
26475,30
26476,6
26477,2
26478,5
26479,9
26480,34
26481,14
26482,28
26483,23
26484,28
26485,27
26486,18
26487,8
26488,10
26489,4
26490,3
26491,5
26492,28
26493,1
26494,8
26495,21
26496,21
26497,15
26498,17
26499,7
26500,11
26501,2
26502,10
26503,28
26504,20
26505,32
26506,6
26507,6
26508,12
26509,23
26510,9
26511,7
26512,7
26513,7
26514,19
26515,5
26516,20
26517,31
26518,6
26519,11
26520,2
26521,11
26522,26
26523,34
26524,7
26525,28
26526,1
26527,30
26528,30
26529,7
26530,17
26531,10
26532,3
26533,2
26534,1
26535,3
26536,1
26537,2
26538,24
26539,22
26540,27
26541,33
26542,29
26543,4
26544,28
26545,2
26546,9
26547,29
26548,30
26549,32
26550,3
26551,13
26552,27
26553,30
26554,5
26555,6
26556,31
26557,2
26558,4
26559,17
26560,24
26561,22
26562,4
26563,2
26564,34
26565,8
26566,22
26567,26
26568,10
26569,10
26570,28
26571,28
26572,16
26573,2
26574,27
26575,25
26576,28
26577,32
26578,27
26579,9
26580,27
26581,34
26582,23
26583,26
26584,5
26585,6
26586,9
26587,6
26588,6
26589,6
26590,7
26591,13
26592,4
26593,25
26594,29
26595,7
26596,31
26597,8
26598,32
26599,20
26600,14
26601,14
26602,22
26603,11
26604,17
26605,25
26606,7
26607,34
26608,8
26609,10
26610,19
26611,9
26612,22
26613,5
26614,32
26615,5
26616,1
26617,10
26618,33
26619,9
26620,9
26621,10
26622,34
26623,30
26624,19
26625,11
26626,7
26627,3
26628,26
26629,13
26630,34
26631,8
26632,4
26633,23
26634,30
26635,14
26636,2
26637,4
26638,4
26639,20
26640,7
26641,8
26642,22
26643,6
26644,2
26645,33
26646,18
26647,18
26648,11
26649,24
26650,19
26651,30
26652,12
26653,22
26654,10
26655,3
26656,8
26657,23
26658,10
26659,26
26660,3
26661,24
26662,34
26663,19
26664,11
26665,5
26666,27
26667,24
26668,4
26669,9
26670,11
26671,27
26672,13
26673,30
26674,1
26675,6
26676,3
26677,23
26678,23
26679,4
26680,5
26681,8
26682,31
26683,33
26684,7
26685,4
26686,28
26687,34
26688,7
26689,15
26690,11
26691,32
26692,32
26693,10
26694,24
26695,3
26696,18
26697,12
26698,32
26699,34
26700,15
26701,34
26702,28
26703,27
26704,30
26705,10
26706,9
26707,7
26708,29
26709,25
26710,17
26711,28
26712,6
26713,6
26714,4
26715,3
26716,32
26717,8
26718,31
26719,32
26720,6
26721,32
26722,20
26723,12
26724,2
26725,16
26726,3
26727,34
26728,6
26729,7
26730,22
26731,32
26732,6
26733,1
26734,9
26735,5
26736,10
26737,7
26738,22
26739,3
26740,7
26741,5
26742,29
26743,11
26744,9
26745,26
26746,5
26747,1
26748,19
26749,30
26750,1
26751,3
26752,24
26753,18
26754,34
26755,2
26756,27
26757,11
26758,11
26759,21
26760,1
26761,1
26762,2
26763,5
26764,13
26765,2
26766,28
26767,4
26768,16
26769,10
26770,8
26771,6
26772,15
26773,2
26774,4
26775,33
26776,13
26777,4
26778,24
26779,2
26780,23
26781,26
26782,8
26783,6
26784,23
26785,15
26786,21
26787,3
26788,3
26789,12
26790,8
26791,22
26792,22
26793,8
26794,28
26795,12
26796,23
26797,7
26798,3
26799,24
26800,1
26801,7
26802,5
26803,14
26804,32
26805,5
26806,17
26807,6
26808,3
26809,5
26810,33
26811,22
26812,34
26813,7
26814,15
26815,3
26816,30
26817,11
26818,5
26819,20
26820,1
26821,30
26822,32
26823,4
26824,34
26825,34
26826,12
26827,9
26828,10
26829,4
26830,7
26831,24
26832,8
26833,31
26834,31
26835,32
26836,24
26837,1
26838,17
26839,26
26840,30
26841,1
26842,15
26843,18
26844,31
26845,28
26846,1
26847,5
26848,32
26849,15
26850,20
26851,31
26852,28
26853,7
26854,15
26855,9
26856,4
26857,24
26858,26
26859,7
26860,3
26861,24
26862,19
26863,4
26864,34
26865,24
26866,29
26867,9
26868,16
26869,5
26870,26
26871,28
26872,24
26873,31
26874,5
26875,14
26876,1
26877,21
26878,9
26879,22
26880,2
26881,11
26882,25
26883,16
26884,32
26885,25
26886,8
26887,13
26888,28
26889,11
26890,24
26891,11
26892,27
26893,30
26894,7
26895,21
26896,4
26897,31
26898,6
26899,6
26900,12
26901,9
26902,22
26903,20
26904,8
26905,5
26906,14
26907,12
26908,14
26909,26
26910,14
26911,27
26912,21
26913,24
26914,1
26915,13
26916,10
26917,25
26918,7
26919,5
26920,11
26921,3
26922,6
26923,1
26924,26
26925,20
26926,1
26927,7
26928,19
26929,3
26930,4
26931,3
26932,13
26933,34
26934,5
26935,14
26936,2
26937,32
26938,22
26939,22
26940,28
26941,22
26942,3
26943,10
26944,22
26945,24
26946,4
26947,22
26948,20
26949,18
26950,9
26951,2
26952,12
26953,13
26954,22
26955,16
26956,1
26957,31
26958,20
26959,15
26960,29
26961,5
26962,14
26963,30
26964,25
26965,4
26966,29
26967,7
26968,2
26969,7
26970,13
26971,9
26972,2
26973,34
26974,21
26975,32
26976,32
26977,14
26978,2
26979,14
26980,31
26981,11
26982,7
26983,20
26984,11
26985,34
26986,3
26987,8
26988,34
26989,21
26990,29
26991,30
26992,5
26993,12
26994,32
26995,7
26996,11
26997,4
26998,1
26999,1
27000,2
27001,32
27002,15
27003,21
27004,1
27005,19
27006,32
27007,24
27008,32
27009,17
27010,30
27011,17
27012,21
27013,2
27014,3
27015,4
27016,12
27017,2
27018,21
27019,21
27020,2
27021,11
27022,8
27023,32
27024,12
27025,10
27026,3
27027,27
27028,29
27029,19
27030,14
27031,3
27032,15
27033,9
27034,24
27035,21
27036,16
27037,23
27038,1
27039,34
27040,34
27041,33
27042,20
27043,17
27044,6
27045,15
27046,6
27047,8
27048,3
27049,25
27050,9
27051,22
27052,28
27053,27
27054,4
27055,6
27056,5
27057,16
27058,5
27059,9
27060,4
27061,22
27062,24
27063,1
27064,14
27065,5
27066,29
27067,22
27068,12
27069,1
27070,3
27071,19
27072,33
27073,10
27074,24
27075,29
27076,32
27077,32
27078,30
27079,33
27080,23
27081,21
27082,8
27083,32
27084,31
27085,9
27086,6
27087,12
27088,7
27089,6
27090,24
27091,22
27092,8
27093,7
27094,33
27095,32
27096,20
27097,9
27098,21
27099,5
27100,27
27101,17
27102,32
27103,22
27104,2
27105,11
27106,9
27107,9
27108,23
27109,18
27110,32
27111,5
27112,9
27113,20
27114,1
27115,8
27116,27
27117,13
27118,7
27119,28
27120,8
27121,5
27122,31
27123,7
27124,3
27125,1
27126,6
27127,29
27128,28
27129,19
27130,26
27131,12
27132,14
27133,30
27134,32
27135,5
27136,6
27137,8
27138,34
27139,17
27140,10
27141,8
27142,20
27143,17
27144,25
27145,6
27146,8
27147,19
27148,9
27149,5
27150,3
27151,3
27152,23
27153,32
27154,13
27155,32
27156,7
27157,30
27158,19
27159,7
27160,14
27161,10
27162,22
27163,5
27164,30
27165,30
27166,16
27167,24
27168,21
27169,2
27170,10
27171,18
27172,6
27173,18
27174,6
27175,32
27176,6
27177,28
27178,31
27179,15
27180,12
27181,13
27182,10
27183,25
27184,15
27185,9
27186,31
27187,13
27188,13
27189,9
27190,8
27191,5
27192,12
27193,8
27194,11
27195,25
27196,33
27197,12
27198,30
27199,13
27200,2
27201,24
27202,11
27203,5
27204,11
27205,34
27206,13
27207,5
27208,3
27209,3
27210,11
27211,1
27212,5
27213,31
27214,33
27215,27
27216,9
27217,2
27218,15
27219,7
27220,8
27221,22
27222,21
27223,31
27224,8
27225,28
27226,33
27227,20
27228,16
27229,22
27230,2
27231,5
27232,12
27233,22
27234,1
27235,16
27236,3
27237,11
27238,11
27239,4
27240,28
27241,10
27242,4
27243,25
27244,27
27245,27
27246,10
27247,17
27248,29
27249,34
27250,25
27251,6
27252,4
27253,23
27254,5
27255,1
27256,9
27257,32
27258,4
27259,5
27260,8
27261,26
27262,25
27263,16
27264,18
27265,5
27266,34
27267,34
27268,12
27269,1
27270,2
27271,17
27272,5
27273,12
27274,10
27275,4
27276,13
27277,4
27278,4
27279,34
27280,11
27281,6
27282,31
27283,7
27284,31
27285,32
27286,32
27287,30
27288,29
27289,6
27290,23
27291,5
27292,2
27293,30
27294,3
27295,32
27296,3
27297,1
27298,21
27299,7
27300,8
27301,8
27302,9
27303,14
27304,21
27305,30
27306,34
27307,4
27308,2
27309,1
27310,8
27311,7
27312,1
27313,5
27314,10
27315,4
27316,6
27317,29
27318,34
27319,31
27320,27
27321,21
27322,18
27323,22
27324,19
27325,24
27326,8
27327,29
27328,20
27329,11
27330,4
27331,23
27332,31
27333,34
27334,11
27335,32
27336,18
27337,9
27338,15
27339,1
27340,6
27341,26
27342,10
27343,1
27344,8
27345,3
27346,15
27347,16
27348,9
27349,25
27350,27
27351,28
27352,34
27353,34
27354,20
27355,7
27356,19
27357,3
27358,1
27359,27
27360,22
27361,9
27362,7
27363,2
27364,7
27365,11
27366,7
27367,7
27368,9
27369,2
27370,10
27371,32
27372,33
27373,32
27374,21
27375,8
27376,32
27377,4
27378,4
27379,5
27380,3
27381,5
27382,19
27383,32
27384,8
27385,16
27386,14
27387,28
27388,24
27389,23
27390,10
27391,28
27392,19
27393,13
27394,2
27395,21
27396,34
27397,2
27398,27
27399,29
27400,29
27401,11
27402,5
27403,1
27404,32
27405,22
27406,5
27407,27
27408,28
27409,13
27410,3
27411,7
27412,8
27413,9
27414,5
27415,22
27416,29
27417,9
27418,25
27419,12
27420,12
27421,28
27422,5
27423,10
27424,10
27425,32
27426,11
27427,8
27428,25
27429,10
27430,25
27431,5
27432,15
27433,1
27434,22
27435,34
27436,26
27437,13
27438,19
27439,5
27440,34
27441,31
27442,4
27443,13
27444,8
27445,9
27446,6
27447,5
27448,5
27449,9
27450,17
27451,10
27452,13
27453,26
27454,2
27455,7
27456,24
27457,32
27458,14
27459,1
27460,9
27461,5
27462,8
27463,20
27464,21
27465,9
27466,6
27467,4
27468,22
27469,8
27470,26
27471,31
27472,11
27473,28
27474,2
27475,13
27476,15
27477,7
27478,28
27479,32
27480,9
27481,16
27482,28
27483,17
27484,30
27485,2
27486,22
27487,31
27488,23
27489,6
27490,4
27491,3
27492,32
27493,7
27494,7
27495,27
27496,23
27497,31
27498,28
27499,2
27500,18
27501,13
27502,6
27503,31
27504,28
27505,8
27506,12
27507,27
27508,8
27509,11
27510,20
27511,2
27512,29
27513,16
27514,12
27515,25
27516,12
27517,8
27518,2
27519,11
27520,22
27521,15
27522,32
27523,6
27524,4
27525,12
27526,10
27527,22
27528,12
27529,2
27530,30
27531,3
27532,16
27533,20
27534,12
27535,14
27536,23
27537,1
27538,24
27539,3
27540,7
27541,24
27542,6
27543,29
27544,5
27545,8
27546,5
27547,17
27548,13
27549,21
27550,4
27551,8
27552,24
27553,2
27554,32
27555,32
27556,8
27557,32
27558,26
27559,14
27560,8
27561,29
27562,9
27563,22
27564,25
27565,24
27566,11
27567,10
27568,26
27569,34
27570,5
27571,31
27572,7
27573,12
27574,12
27575,32
27576,1
27577,13
27578,5
27579,11
27580,2
27581,16
27582,20
27583,3
27584,15
27585,30
27586,12
27587,28
27588,31
27589,29
27590,5
27591,4
27592,9
27593,5
27594,10
27595,5
27596,1
27597,2
27598,6
27599,30
27600,12
27601,21
27602,29
27603,12
27604,31
27605,27
27606,30
27607,2
27608,11
27609,6
27610,4
27611,28
27612,32
27613,34
27614,2
27615,29
27616,4
27617,10
27618,1
27619,13
27620,32
27621,7
27622,15
27623,23
27624,23
27625,32
27626,18
27627,32
27628,2
27629,5
27630,19
27631,33
27632,34
27633,31
27634,13
27635,27
27636,29
27637,32
27638,14
27639,15
27640,26
27641,32
27642,19
27643,7
27644,34
27645,32
27646,7
27647,32
27648,28
27649,5
27650,7
27651,14
27652,5
27653,9
27654,14
27655,27
27656,10
27657,28
27658,7
27659,34
27660,34
27661,22
27662,14
27663,26
27664,24
27665,24
27666,30
27667,32
27668,25
27669,5
27670,22
27671,4
27672,12
27673,12
27674,3
27675,4
27676,3
27677,6
27678,7
27679,9
27680,8
27681,34
27682,11
27683,29
27684,17
27685,29
27686,29
27687,32
27688,7
27689,14
27690,7
27691,18
27692,8
27693,5
27694,8
27695,34
27696,6
27697,4
27698,7
27699,21
27700,10
27701,11
27702,20
27703,16
27704,25
27705,1
27706,7
27707,26
27708,27
27709,29
27710,10
27711,6
27712,19
27713,4
27714,14
27715,21
27716,8
27717,24
27718,21
27719,11
27720,27
27721,8
27722,7
27723,9
27724,9
27725,34
27726,32
27727,4
27728,5
27729,3
27730,27
27731,21
27732,4
27733,33
27734,28
27735,8
27736,6
27737,15
27738,11
27739,9
27740,13
27741,5
27742,33
27743,11
27744,5
27745,11
27746,1
27747,34
27748,32
27749,19
27750,27
27751,34
27752,6
27753,12
27754,6
27755,30
27756,16
27757,13
27758,4
27759,9
27760,23
27761,7
27762,8
27763,30
27764,26
27765,3
27766,11
27767,3
27768,17
27769,21
