Node_ID	Betweenness_Centrality
62	11380779.000000
203	8858685.000000
1477	7012697.000000
10700	5830969.500000
439	5528497.500000
433	3101149.750000
700	2391037.500000
107	2193921.000000
58	2188357.250000
61	2097297.750000
630	1903865.250000
261	1868338.000000
2190	1581173.250000
138	1558271.000000
964	1458591.500000
119	1386316.375000
484	1300932.375000
839	1176337.375000
10786	1148880.875000
37	1142518.250000
397	1130882.000000
4380	1114045.000000
1265	1063364.875000
441	1041493.437500
249	1034272.500000
703	1032218.125000
8685	1030101.187500
4730	912403.312500
395	876112.000000
146	870729.500000
144	852332.375000
8304	809362.562500
125	793705.625000
2815	782783.375000
132	764065.312500
2358	720201.500000
95	711929.375000
7320	711394.937500
2925	700147.687500
87	670960.750000
2700	654735.687500
262	624653.625000
8462	617340.250000
8707	578968.562500
11974	563659.562500
442	553129.625000
10581	551566.000000
745	538284.250000
1066	524865.562500
793	518648.437500
551	511541.281250
4848	509015.375000
576	507564.781250
2451	498802.875000
145	491250.343750
9785	480002.625000
10070	472830.531250
881	464197.062500
376	459483.718750
1312	454532.656250
336	449642.250000
12267	447044.812500
6228	442962.343750
143	437722.187500
930	429373.562500
287	424159.687500
1889	417584.875000
141	415019.687500
320	413475.406250
740	405980.937500
1385	398360.062500
3952	394620.875000
6328	390311.843750
480	388957.312500
2236	386499.750000
515	383607.562500
595	378532.312500
9201	377924.687500
6969	376626.093750
724	376579.781250
8876	376282.062500
11846	371004.343750
294	369543.843750
702	365114.656250
375	351334.406250
10940	345124.687500
170	340289.531250
7965	326887.843750
732	324310.406250
608	322736.625000
3338	310336.781250
1735	302909.375000
240	300322.562500
828	298778.187500
2460	290948.406250
625	287573.343750
4498	282013.062500
5104	280687.906250
10088	280352.531250
6720	278313.875000
820	274791.562500
3993	274218.312500
4879	273110.250000
2349	271152.468750
4725	270553.531250
1317	268258.343750
1280	265233.000000
1849	263142.187500
726	260520.921875
4939	258864.140625
1604	256946.046875
413	255475.171875
11112	250309.296875
11915	248183.062500
11651	247135.921875
6034	246013.375000
1690	244214.171875
169	244085.937500
8679	243755.890625
36	242178.140625
8076	242136.859375
10958	242063.312500
7087	241562.500000
7019	240902.656250
3252	239140.203125
10682	239005.593750
573	237753.453125
8189	235129.078125
896	233521.156250
795	233468.656250
11505	231478.343750
11636	231240.703125
11581	230993.796875
683	230392.687500
3073	225846.078125
7697	224813.671875
208	224733.484375
4502	223320.875000
9662	220364.453125
756	220187.656250
6295	219841.609375
414	219200.968750
200	218737.250000
11309	217615.515625
1626	216870.562500
124	216397.453125
1158	215160.921875
968	212825.281250
1953	212572.359375
6504	211671.515625
192	210513.687500
8232	208141.562500
11174	205594.609375
578	204144.609375
3056	203387.218750
4325	203034.062500
3082	201603.046875
14	201323.312500
15	201258.718750
205	200869.421875
3885	199771.343750
7877	197495.078125
9326	197457.562500
11336	197079.875000
552	197078.750000
264	194840.593750
1320	194429.109375
3835	194155.593750
398	194038.203125
88	193679.625000
3177	193244.328125
2275	191751.781250
11093	189216.375000
11835	189093.515625
486	188849.500000
12303	186788.171875
9978	186348.890625
3673	185991.703125
457	185208.203125
373	184026.578125
11450	182294.640625
7620	182103.078125
361	178538.937500
69	175692.687500
8942	175230.906250
7715	174195.593750
10995	173941.343750
11592	173921.046875
11817	173466.453125
1662	173340.468750
12070	172324.125000
11682	172290.875000
3438	172055.218750
57	171635.437500
2628	171235.734375
1500	170865.015625
4253	169404.390625
11609	168764.984375
1790	168736.109375
3644	167446.843750
937	167418.609375
197	167249.109375
517	167163.015625
8049	167080.078125
6562	166135.218750
265	166060.031250
6476	166008.421875
790	164403.218750
2602	164224.796875
3699	163664.671875
1702	163225.390625
511	161797.531250
494	161784.453125
1277	161682.828125
430	161233.625000
9746	161155.125000
266	161090.984375
636	160585.531250
11825	159418.531250
11781	158382.062500
29	158261.937500
5823	158168.968750
3298	158111.718750
612	157783.125000
1284	157239.968750
2548	156975.437500
465	156911.953125
210	156875.187500
11753	156755.250000
1575	156501.609375
2072	155502.968750
830	154716.531250
780	154295.250000
8699	153205.218750
1383	153057.171875
345	152590.265625
9199	152484.765625
2653	152298.312500
3557	151966.281250
1133	151880.812500
10187	151753.796875
10457	151498.312500
374	151394.937500
4051	151370.234375
6909	150891.687500
1571	150887.796875
11873	149702.343750
1390	149039.906250
11072	148680.031250
712	148672.484375
216	147390.906250
5109	146291.546875
7825	145946.875000
11177	145384.687500
4995	144920.890625
8280	144912.328125
940	144626.640625
9980	144586.421875
11118	144181.390625
10102	143604.234375
8541	143489.156250
346	142891.468750
796	142480.875000
3380	142442.312500
3343	142440.078125
2699	142225.562500
1920	141912.437500
350	141896.796875
12107	141546.312500
11664	141453.078125
11647	140859.265625
2625	140771.125000
329	140591.562500
2160	140492.390625
1919	140257.687500
2899	140057.078125
974	139985.031250
9345	139626.484375
1648	139514.296875
2029	138728.562500
2845	138457.406250
10949	138414.625000
10231	138072.359375
2030	137395.437500
4176	136883.656250
1528	135727.140625
9083	135692.375000
70	135692.062500
409	135479.812500
8523	135231.031250
2472	135228.281250
1062	134666.234375
2736	134507.250000
1594	134360.109375
10014	133768.343750
4965	133505.296875
1558	133261.468750
7643	132812.468750
1855	132698.343750
3715	132586.140625
2943	132461.390625
8750	132204.312500
7688	131505.234375
2994	131146.703125
2476	130750.484375
5150	130567.578125
6267	130201.929688
357	130185.023438
74	130030.320312
6993	129833.531250
4524	129705.164062
11233	128496.382812
6421	128334.773438
12089	127995.234375
11540	127956.328125
4714	127912.109375
75	127825.617188
7135	127722.000000
5463	127707.984375
6521	127582.812500
3761	127402.257812
9371	126794.890625
11146	126394.039062
2013	126200.250000
393	126111.710938
753	126066.281250
4556	126021.929688
1857	125563.734375
1906	125531.648438
2577	125406.445312
1719	124796.265625
404	124345.609375
884	124296.976562
938	124200.164062
543	123854.226562
2887	123251.453125
11801	123106.132812
6374	123082.531250
6611	122671.250000
9840	122554.835938
10375	121970.687500
918	121949.679688
485	121282.156250
4444	121211.960938
245	121006.968750
183	120909.648438
2394	120889.906250
3110	120793.273438
391	120668.812500
2623	120503.187500
11375	120240.492188
1270	119958.039062
521	119927.382812
1661	119792.765625
10004	119711.523438
488	119145.273438
1862	119066.101562
11575	119024.085938
11352	118545.750000
12016	118534.593750
2081	118468.593750
4883	118403.539062
1727	118060.687500
6452	118052.531250
4424	117854.859375
10278	117848.015625
648	117624.187500
2985	117555.679688
3310	117017.632812
623	116478.468750
473	116165.460938
11675	115893.578125
1774	115672.406250
2159	115584.546875
10311	115373.226562
1364	115105.437500
5225	114738.164062
7610	113867.062500
10062	113660.671875
8597	113487.273438
1973	113398.945312
1569	113313.007812
2047	113300.359375
2981	113291.796875
5592	113201.578125
4236	112472.992188
1219	112422.992188
2867	112009.921875
787	111879.960938
3333	111574.078125
1501	111335.468750
1650	111250.578125
11288	111206.406250
9418	110789.703125
2179	110698.062500
461	110644.593750
11474	110597.984375
8781	110535.460938
5739	110508.562500
223	109908.359375
7095	109888.804688
1540	109887.101562
11030	109866.382812
5431	109817.054688
8637	109791.578125
5262	109648.945312
531	109634.398438
11350	109596.382812
1832	109595.750000
11788	109501.226562
8423	109295.507812
11295	108992.828125
654	108923.851562
774	108640.851562
4260	108590.179688
3904	108377.507812
10168	108041.890625
45	108016.210938
9067	107716.101562
4579	107521.132812
679	107513.718750
9043	107461.117188
2811	107364.140625
1671	107343.453125
1371	107267.484375
11621	107082.703125
2719	106889.789062
4072	106694.234375
696	106651.414062
2276	106530.984375
2919	106465.007812
9951	106035.453125
8816	105896.460938
4624	105838.812500
2518	105799.789062
4859	105730.257812
453	105622.953125
9036	105488.046875
63	105453.656250
10372	105242.601562
3607	105127.367188
9539	104896.093750
8976	104886.492188
8962	104848.046875
149	104737.093750
3502	104314.984375
1350	104149.765625
8317	104033.500000
3253	103925.281250
6660	103838.148438
7701	103836.273438
3947	103698.835938
11776	103527.531250
2450	103341.414062
9033	103075.992188
1868	102609.984375
4869	102483.796875
6516	102415.320312
11955	102111.632812
5916	101679.851562
549	101666.882812
6983	101474.164062
7072	101293.523438
9574	101261.359375
822	101178.570312
1821	101009.554688
6385	100866.289062
3456	100739.117188
6479	100597.710938
3141	100484.492188
11527	100244.132812
3584	100170.125000
9218	99985.218750
621	99905.625000
1617	99874.296875
1405	99611.679688
4322	99610.765625
2086	99109.554688
8956	99022.015625
49	98737.531250
2565	98617.007812
701	98498.875000
6589	98484.656250
764	98118.109375
1031	97838.835938
5059	97758.812500
6174	97742.250000
2895	97663.671875
1922	97542.984375
6198	97502.976562
7618	97351.562500
1825	97317.734375
9769	97287.710938
8209	97214.054688
11191	97110.132812
6778	96912.789062
7764	96850.382812
202	96606.015625
8995	96605.539062
11738	96582.085938
3038	96319.851562
11156	96260.187500
637	95841.632812
8847	95774.335938
2248	95736.656250
5339	95580.351562
5404	95561.382812
1793	95466.390625
5399	95466.101562
9584	95352.445312
3705	95308.335938
7250	95284.632812
3892	95234.929688
3967	95229.335938
979	95148.414062
8653	95139.835938
2818	94791.015625
11036	94679.710938
858	94626.203125
3094	94355.867188
6471	94352.046875
3148	94288.531250
4166	94148.593750
2386	94145.804688
6323	94140.437500
9475	94115.195312
1908	93942.773438
9987	93615.406250
3244	93447.226562
12032	93320.867188
24	93300.179688
85	93252.617188
2218	93043.492188
4974	92997.320312
8500	92972.617188
3256	92972.148438
4505	92934.039062
4596	92929.875000
10921	92774.687500
4807	92699.554688
1392	92639.125000
9635	92516.445312
2957	92436.218750
1462	92362.437500
11303	92183.156250
7583	92181.726562
1561	91972.226562
1897	91955.875000
2482	91750.359375
98	91629.789062
7595	91440.679688
6386	91440.421875
4836	91431.710938
752	91189.328125
2722	91064.664062
2690	91035.453125
7941	90869.179688
7738	90612.445312
8905	90528.429688
8828	90452.414062
5472	90229.085938
343	90099.945312
83	90044.507812
6014	90023.171875
9115	89967.000000
4354	89807.281250
8766	89800.734375
8162	89779.015625
9591	89634.718750
6688	89550.429688
2194	89464.195312
9385	89175.390625
11612	89157.765625
3810	89021.757812
4984	88879.125000
528	88860.273438
126	88739.945312
8667	88619.484375
5790	88574.070312
3646	88563.335938
6459	88539.218750
3562	88387.695312
1531	88310.789062
8994	88291.851562
4982	88279.476562
8861	88263.046875
11907	88227.421875
1162	88089.609375
579	88071.187500
9535	87981.812500
536	87925.367188
2873	87917.265625
1551	87905.398438
721	87871.320312
152	87678.757812
960	87509.984375
5009	87484.968750
1234	87473.304688
12407	87435.390625
9459	87430.000000
7474	87430.000000
477	87415.164062
11272	87375.625000
2505	87328.265625
757	87261.820312
2103	87208.359375
1941	87202.257812
3798	87090.015625
3111	86986.984375
897	86886.125000
767	86822.820312
5498	86726.960938
4082	86548.101562
272	86536.062500
9756	86298.257812
6218	86034.406250
2445	85970.156250
73	85934.843750
1160	85780.218750
575	85721.789062
4093	85633.976562
3037	85553.492188
4478	85495.921875
3040	85493.117188
4901	85464.765625
184	85306.921875
9733	85208.367188
2295	85172.148438
5608	85053.601562
1798	84706.445312
7181	84572.609375
71	84495.835938
2475	84382.500000
3399	84213.726562
353	84139.843750
11406	83771.789062
9164	83689.382812
275	83677.906250
1542	83595.125000
3700	83555.828125
2061	83372.234375
5269	83352.726562
7317	83278.117188
584	83058.507812
7231	82962.789062
4662	82720.632812
10978	82628.468750
4455	82520.523438
3470	82399.304688
1393	82397.859375
9654	82167.984375
1027	82093.570312
5788	82084.273438
3772	82024.375000
7850	81915.664062
1583	81885.585938
3161	81882.601562
11285	81842.773438
7227	81554.156250
367	81457.187500
8062	81371.468750
871	81137.398438
3883	80869.531250
1263	80769.789062
6954	80720.718750
12051	80667.812500
5056	80627.656250
1213	80557.828125
2762	80532.421875
750	80477.359375
8472	80287.921875
6965	79839.703125
207	79776.710938
5206	79770.882812
10144	79549.398438
1235	79485.804688
8068	79444.304688
4226	79376.273438
2354	79261.265625
2247	79244.585938
1187	79186.031250
8549	79168.320312
2570	79074.906250
789	78987.867188
469	78969.359375
172	78694.398438
8503	78662.031250
4986	78661.312500
5847	78659.007812
3284	78587.414062
12100	78519.359375
799	78503.765625
3832	78498.281250
297	78479.835938
5510	78348.171875
7546	78343.140625
2892	78334.812500
177	78286.304688
635	78045.914062
2373	78017.421875
9256	77856.531250
10990	77624.320312
7213	77560.437500
8729	77508.328125
7142	77363.453125
2052	77125.382812
6287	76775.976562
10342	76747.375000
1653	76536.210938
1297	76480.054688
195	76463.351562
2165	76397.578125
3839	76397.359375
999	76343.578125
5770	76340.148438
4495	76181.007812
8422	76060.187500
1150	75991.281250
7197	75937.804688
6882	75926.515625
2397	75859.031250
9512	75792.726562
11363	75756.851562
5780	75735.757812
975	75724.390625
2701	75668.109375
2255	75333.968750
7119	75289.023438
123	75261.875000
7151	75169.328125
1731	75132.656250
3246	75055.156250
8806	74841.687500
6914	74600.406250
418	74576.109375
3172	74556.328125
7876	74477.445312
6847	74470.937500
1030	74424.398438
4428	74251.851562
9226	74217.039062
10156	74098.656250
6076	73996.765625
450	73937.023438
2196	73897.390625
8204	73808.046875
6549	73806.273438
1152	73736.585938
893	73577.890625
1555	73451.101562
6933	73417.140625
7740	73352.500000
8559	73207.718750
273	72909.296875
11140	72816.382812
5768	72764.640625
1116	72731.390625
497	72685.046875
471	72683.773438
8627	72661.054688
2407	72487.789062
4280	72445.656250
5469	72422.585938
6769	72143.843750
11106	72039.671875
1476	72007.632812
142	71934.218750
1772	71922.023438
8407	71823.257812
500	71802.210938
7384	71727.867188
3122	71687.398438
5944	71670.117188
6947	71668.265625
2379	71628.367188
1966	71601.210938
8910	71498.023438
1163	71402.359375
12064	71229.953125
3146	71131.968750
9529	71110.046875
5933	70933.039062
1060	70863.617188
6299	70833.531250
2748	70756.234375
1092	70714.085938
9394	70595.953125
638	70396.250000
8675	70303.054688
2713	70276.921875
3698	70267.476562
1627	70253.554688
7025	69964.414062
3053	69858.593750
5490	69811.617188
263	69771.593750
8845	69758.093750
5454	69481.250000
1451	69434.875000
155	69358.679688
2581	69350.250000
7889	69320.265625
1129	69241.195312
5034	69064.187500
2024	69032.539062
9251	68968.101562
6535	68870.781250
1172	68716.382812
6152	68683.125000
8357	68617.351562
10054	68551.351562
8599	68534.179688
11768	68477.117188
6818	68456.281250
3010	68452.164062
1052	68249.539062
185	67773.945312
1601	67714.437500
6606	67705.968750
11136	67584.984375
3484	67339.898438
6756	67260.039062
11716	67137.890625
1572	67043.929688
2050	66948.023438
7577	66890.679688
8403	66865.859375
6939	66819.929688
1082	66621.703125
8611	66616.585938
4187	66583.000000
3521	66582.570312
3017	66428.578125
2005	66345.554688
11867	66281.000000
9998	66216.375000
1851	66050.164062
9886	66046.695312
2124	66031.695312
10272	65866.992188
6703	65780.664062
4120	65755.312500
6235	65753.734375
8350	65741.773438
3000	65589.757812
3133	65566.320312
330	65565.507812
1792	65501.992188
10322	65360.148438
2645	65314.558594
9935	65295.312500
6395	65279.707031
3416	65068.050781
2611	64937.164062
5210	64936.617188
2051	64923.300781
2055	64910.589844
4523	64856.984375
1225	64741.070312
6758	64724.734375
6465	64661.390625
5697	64658.546875
1901	64514.183594
966	64411.265625
7117	64339.386719
53	64286.031250
402	64278.722656
1588	64209.730469
159	64092.625000
8824	64086.707031
645	64081.488281
1370	64050.511719
6582	64004.507812
2011	63862.503906
2469	63851.136719
1820	63763.085938
9413	63717.570312
130	63677.781250
8762	63496.789062
624	63469.343750
406	63411.125000
342	63398.605469
7729	63328.046875
1783	63324.621094
5952	63282.742188
8110	63262.988281
3504	63233.015625
2932	63225.019531
454	63209.417969
7011	63204.226562
10645	63203.882812
11305	63198.507812
1960	63194.128906
129	63176.125000
8445	63136.175781
8355	63121.371094
9150	63036.574219
2500	62989.535156
1684	62987.816406
6811	62965.328125
2420	62863.230469
8140	62848.218750
5622	62844.085938
2175	62710.570312
9346	62706.800781
773	62612.019531
3345	62445.000000
1615	62366.339844
219	62072.042969
516	61941.613281
1944	61881.476562
1502	61879.511719
9572	61824.066406
1937	61810.429688
9744	61487.488281
4700	61081.390625
9324	60958.007812
3151	60805.714844
848	60774.742188
11370	60727.820312
1230	60520.136719
583	60479.488281
354	60441.839844
7734	60353.714844
1470	60352.304688
1780	60222.781250
676	60119.339844
2049	60085.695312
6204	60039.722656
6875	59905.207031
4172	59852.699219
4497	59797.863281
4356	59729.222656
5581	59637.664062
7761	59574.835938
813	59567.718750
7662	59487.925781
6341	59425.699219
394	59388.335938
847	59310.695312
3791	59306.886719
1858	59143.601562
603	59138.171875
6141	59041.222656
4616	59017.464844
3890	58861.175781
5347	58822.589844
3846	58756.324219
9959	58479.648438
6144	58396.949219
5966	58328.515625
2046	58292.605469
8533	58236.207031
1286	58192.566406
10630	58168.875000
6556	58162.199219
3899	58139.921875
5240	58100.386719
6429	58020.042969
10929	58011.914062
11521	57949.886719
5509	57920.824219
2913	57842.199219
1096	57780.437500
2545	57673.628906
690	57609.277344
976	57573.855469
8009	57570.585938
7134	57521.476562
1964	57466.019531
1301	57454.265625
7702	57429.140625
6450	57382.121094
3115	57228.718750
9172	57148.203125
2183	57028.121094
4858	57023.710938
8934	56982.777344
3224	56974.046875
4033	56921.265625
8074	56893.687500
1389	56859.480469
3458	56830.390625
274	56819.003906
5428	56800.351562
11832	56767.476562
43	56698.496094
9706	56694.773438
8683	56672.152344
8369	56613.292969
570	56610.355469
3052	56592.179688
8479	56562.078125
10129	56530.230469
10053	56513.464844
1890	56467.238281
1357	56431.601562
2243	56381.535156
1709	56318.261719
1250	56167.027344
9245	56134.769531
5631	56133.414062
11221	56090.203125
6319	56061.949219
8390	55917.722656
5049	55861.816406
3232	55830.113281
4650	55799.460938
6209	55740.968750
2734	55706.691406
3357	55565.644531
4578	55548.500000
5126	55448.000000
3619	55441.390625
5995	55432.480469
4567	55429.296875
8602	55428.437500
296	55218.144531
1444	55165.351562
370	55082.195312
1904	55033.480469
1380	54836.265625
4125	54835.593750
596	54833.921875
5516	54783.609375
7308	54778.207031
10388	54729.675781
11282	54593.332031
4874	54556.582031
122	54525.687500
814	54522.296875
10438	54458.652344
1013	54423.941406
1672	54316.453125
2281	54299.296875
8643	54156.691406
9971	54142.179688
811	54038.222656
3795	54014.867188
8717	53915.949219
1622	53862.585938
3127	53859.835938
9070	53830.312500
2580	53619.261719
10181	53603.792969
6334	53551.660156
4261	53551.046875
12048	53549.175781
3906	53493.414062
9391	53491.675781
7376	53491.535156
2526	53444.515625
153	53415.132812
1310	53393.464844
3323	53308.214844
9031	53183.566406
880	53167.425781
849	53165.808594
2182	53115.863281
1548	53091.191406
1260	53083.000000
4231	52961.636719
3031	52908.464844
729	52839.730469
1009	52812.660156
862	52676.523438
6492	52526.078125
5523	52498.980469
9674	52448.714844
8933	52431.972656
5861	52325.046875
4564	52240.031250
10160	52200.195312
4057	52188.007812
4801	52131.902344
1523	52116.828125
1585	52104.570312
1020	52085.601562
8134	52082.171875
6612	52078.539062
520	52051.378906
2798	52043.339844
8041	52028.605469
2918	52012.652344
5665	51980.320312
3492	51978.800781
5441	51946.433594
2228	51911.843750
1155	51909.613281
4433	51851.007812
5219	51829.449219
10447	51730.253906
3669	51702.078125
3616	51692.093750
2627	51662.902344
1302	51606.355469
246	51598.886719
1771	51589.726562
3543	51530.417969
3081	51529.562500
969	51516.546875
10640	51499.000000
2163	51483.367188
127	51438.312500
8711	51386.320312
2702	51369.445312
1818	51369.152344
1359	51316.203125
5287	51223.093750
1001	51222.750000
4477	51202.679688
3574	51186.003906
9117	51102.300781
6071	51051.093750
344	51035.773438
3576	51031.136719
1099	50990.296875
8361	50983.765625
2087	50939.839844
1516	50908.347656
5690	50861.113281
1176	50802.039062
1466	50769.695312
1975	50756.730469
3430	50726.593750
2682	50724.289062
5243	50665.757812
2324	50638.808594
7128	50633.007812
3916	50549.828125
877	50502.695312
211	50497.136719
2077	50470.000000
5200	50448.253906
1177	50419.023438
1353	50344.027344
1282	50341.042969
10363	50290.785156
331	50257.113281
7433	50189.605469
4914	50188.839844
1787	50172.761719
6667	50157.773438
8075	50086.203125
4015	50042.609375
157	50026.613281
927	50021.195312
6752	49989.625000
519	49972.449219
5081	49968.289062
4937	49968.031250
12164	49966.000000
12114	49966.000000
10405	49966.000000
7192	49966.000000
4067	49966.000000
798	49937.769531
4699	49918.339844
3743	49907.421875
3598	49822.101562
11600	49717.019531
7237	49672.171875
356	49643.253906
3448	49585.585938
1968	49489.566406
7521	49454.031250
2256	49424.781250
2	49394.699219
2455	49285.289062
526	49240.652344
1871	49196.542969
3589	49188.980469
5742	49175.160156
2320	49042.023438
9298	48957.183594
4777	48918.710938
1503	48856.574219
362	48829.343750
512	48824.996094
4440	48794.015625
670	48600.773438
151	48590.535156
3789	48588.574219
678	48562.222656
10337	48532.816406
1103	48492.437500
2969	48374.964844
1554	48348.164062
9312	48316.882812
10369	48213.804688
2652	48204.035156
836	48132.730469
10987	48105.929688
2169	48070.414062
2448	47894.906250
3209	47878.101562
8019	47814.894531
7103	47776.390625
3581	47743.699219
8810	47721.289062
5369	47701.386719
3312	47600.683594
6920	47591.609375
5473	47343.636719
174	47296.070312
4852	47292.902344
5643	47228.703125
8512	47211.882812
1245	47174.765625
5412	47042.984375
1180	47038.378906
12060	47009.132812
1291	47006.324219
358	46985.929688
3387	46961.617188
2921	46884.378906
7316	46873.527344
1374	46865.886719
1618	46849.117188
9864	46842.960938
3057	46525.625000
1658	46483.738281
3794	46477.761719
2209	46419.625000
10300	46417.234375
2749	46376.242188
11023	46337.359375
5373	46316.980469
8952	46284.468750
6968	46278.039062
8081	46225.128906
1247	46208.042969
2076	46197.746094
709	46181.601562
11714	46172.500000
3863	46133.933594
2014	46042.839844
769	45935.953125
1773	45929.078125
6036	45905.023438
4705	45797.144531
8951	45783.257812
5859	45782.941406
1440	45777.804688
587	45748.316406
2426	45709.304688
606	45663.621094
3868	45506.031250
1762	45495.558594
6784	45329.699219
3078	45288.726562
2606	45273.464844
2060	45199.449219
559	45137.316406
4817	45125.421875
1745	45121.144531
5527	45078.515625
11016	45067.367188
4678	45039.031250
1834	44944.789062
989	44898.398438
4626	44892.910156
7410	44846.445312
1767	44836.367188
1224	44820.105469
1402	44814.554688
3821	44755.500000
5319	44708.695312
10381	44694.339844
2325	44672.871094
1244	44597.593750
423	44511.804688
9685	44496.964844
237	44494.589844
8619	44411.285156
100	44313.992188
978	44309.058594
6085	44255.738281
6681	44245.121094
286	44238.957031
2724	44200.949219
1169	44195.371094
534	44056.917969
10295	44043.589844
4865	44043.460938
1933	44030.007812
1063	43978.304688
7861	43928.398438
11126	43891.738281
3250	43880.878906
9236	43869.554688
3691	43843.441406
3218	43779.820312
311	43687.945312
10349	43656.062500
1093	43643.539062
2172	43613.796875
1394	43538.335938
11736	43520.824219
8517	43516.832031
1054	43504.617188
6080	43444.195312
932	43405.359375
6980	43390.835938
1801	43383.535156
7656	43367.816406
9088	43364.281250
10052	43291.316406
6054	43224.519531
6261	43206.300781
1487	43138.125000
6872	43096.273438
572	43037.929688
303	42998.820312
7589	42976.097656
9894	42941.707031
2345	42934.613281
10223	42911.687500
3032	42885.187500
4732	42802.542969
7304	42799.558594
9931	42792.132812
1028	42789.156250
5676	42789.003906
2360	42749.816406
3079	42693.640625
8571	42682.859375
950	42672.187500
7777	42636.359375
79	42632.441406
271	42622.375000
2096	42592.921875
1399	42558.789062
6253	42501.167969
6010	42486.949219
5540	42386.933594
8387	42339.945312
2791	42321.007812
72	42317.566406
3255	42311.718750
9003	42277.925781
2480	42256.968750
4044	42108.222656
3968	42091.601562
11764	41970.582031
1529	41892.449219
327	41825.632812
1445	41816.726562
8509	41805.363281
60	41784.601562
8873	41707.804688
1349	41705.105469
8217	41702.792969
2210	41695.554688
3381	41693.476562
6911	41686.335938
304	41675.375000
4349	41671.730469
10634	41665.613281
7038	41600.792969
3877	41565.351562
7807	41564.687500
8267	41489.589844
3065	41477.746094
178	41459.597656
971	41437.199219
11420	41389.968750
4766	41383.058594
9801	41366.398438
857	41298.503906
7844	41285.093750
3466	41275.734375
9646	41266.785156
10443	41256.445312
2110	41162.738281
1388	41130.941406
9497	41116.230469
7517	41115.621094
6944	41065.101562
4552	41057.812500
5586	40931.886719
3422	40916.253906
3710	40866.175781
10076	40864.585938
2757	40846.988281
420	40795.003906
8690	40729.972656
10417	40710.824219
1324	40615.343750
1743	40614.492188
3854	40605.800781
25	40539.863281
10305	40520.812500
1766	40488.074219
4410	40484.582031
10385	40423.082031
687	40400.738281
492	40383.609375
513	40300.777344
8681	40285.460938
4795	40268.484375
5812	40239.230469
4287	40235.421875
3645	40226.660156
5828	40203.894531
6311	40167.226562
6164	40149.417969
1204	40099.722656
2002	40069.386719
3788	40020.082031
8467	39943.992188
300	39910.945312
1195	39899.472656
4098	39855.304688
8431	39795.207031
4137	39727.500000
4047	39675.050781
9051	39652.195312
1120	39606.851562
7224	39526.878906
7278	39518.000000
3442	39461.824219
8610	39361.976562
9154	39339.023438
4923	39331.359375
7	39305.085938
365	39208.496094
1912	39201.394531
9135	39199.062500
2083	39155.152344
3901	39146.027344
7867	39144.339844
12169	39118.304688
8188	39048.097656
5288	39038.257812
4539	38973.300781
8566	38936.515625
8769	38923.792969
11484	38903.781250
2951	38883.628906
6662	38872.867188
2836	38810.160156
4964	38801.921875
3344	38792.828125
2412	38790.492188
1848	38747.531250
6131	38733.882812
9570	38667.058594
3266	38646.074219
7619	38621.734375
1332	38574.113281
1753	38481.507812
6561	38446.003906
1478	38382.585938
9943	38373.531250
900	38211.085938
5064	38206.675781
6070	38157.414062
11503	38153.839844
3116	38096.886719
4360	38076.605469
244	38071.441406
8155	38050.578125
4959	38011.273438
10432	37984.359375
2874	37980.300781
2235	37976.839844
7482	37965.695312
11552	37954.007812
2654	37915.988281
633	37885.429688
4108	37880.507812
2254	37876.574219
12028	37851.468750
91	37849.187500
6414	37849.152344
10425	37781.089844
1859	37772.097656
7368	37765.972656
482	37746.472656
1823	37724.003906
838	37722.285156
6903	37717.109375
1328	37714.222656
9648	37681.187500
1311	37646.437500
2519	37635.890625
1526	37610.285156
7209	37595.242188
3909	37585.468750
6458	37578.718750
8586	37573.269531
67	37556.769531
2260	37554.894531
7390	37514.921875
7066	37484.847656
9927	37477.000000
8084	37476.000000
1465	37476.000000
6762	37475.996094
3979	37475.996094
3773	37473.007812
8328	37473.000000
8398	37455.984375
1532	37425.035156
11536	37411.660156
366	37389.023438
56	37363.347656
1854	37342.109375
5060	37282.742188
5593	37275.093750
5178	37269.863281
4220	37266.515625
5661	37218.996094
445	37196.878906
7964	37179.210938
2409	37129.089844
5743	37120.746094
399	37103.222656
2056	37049.273438
1111	36985.031250
3121	36978.988281
313	36918.546875
1932	36892.917969
121	36891.046875
933	36870.000000
607	36851.523438
8298	36765.062500
3072	36745.871094
1642	36684.765625
733	36645.789062
7428	36584.554688
952	36546.035156
9607	36516.777344
1128	36512.718750
1114	36493.359375
1567	36484.015625
11785	36401.652344
3848	36392.972656
1333	36378.957031
10351	36356.976562
193	36354.945312
1967	36324.261719
4913	36311.742188
1550	36277.019531
6090	36241.253906
831	36227.691406
4833	36143.769531
2751	36130.246094
2912	36124.066406
2282	36097.636719
5228	36028.230469
5801	36022.863281
903	35996.480469
3869	35966.945312
3594	35965.593750
3950	35902.960938
1754	35901.886719
1673	35891.558594
1139	35887.386719
2747	35818.160156
1475	35754.570312
8344	35750.882812
994	35737.093750
3028	35726.316406
5882	35720.457031
7364	35700.925781
11435	35700.746094
3107	35695.812500
5503	35692.085938
7068	35662.894531
9777	35656.054688
4609	35633.242188
7172	35628.054688
444	35586.031250
3514	35532.171875
11440	35529.855469
94	35444.398438
1850	35401.699219
2508	35387.218750
5304	35361.289062
5663	35357.617188
3649	35278.773438
2595	35243.718750
4257	35215.046875
305	35197.652344
7292	35154.007812
3376	35103.023438
1563	35093.105469
2265	35071.664062
1813	35022.863281
4808	34968.593750
9316	34901.949219
11317	34881.632812
4666	34872.933594
8393	34845.367188
3805	34836.308594
564	34836.050781
8185	34799.519531
2879	34744.738281
6864	34715.789062
1025	34683.175781
7374	34641.125000
4312	34618.667969
452	34607.531250
11800	34571.339844
1255	34534.726562
3738	34482.562500
2350	34435.132812
8592	34395.402344
8365	34363.917969
7590	34339.664062
1761	34283.828125
4406	34201.714844
5901	34191.226562
11359	34155.101562
8556	34154.132812
7163	34152.179688
6604	34115.890625
6780	34047.667969
5843	34016.140625
468	33995.812500
5331	33992.855469
1880	33983.554688
269	33976.812500
4290	33958.476562
308	33915.609375
8579	33903.992188
11020	33895.675781
349	33877.109375
147	33857.511719
6149	33839.343750
7055	33833.613281
12234	33808.648438
2307	33804.226562
7649	33774.976562
2135	33750.539062
6362	33698.773438
165	33668.523438
7109	33625.027344
507	33572.230469
8918	33511.261719
3575	33491.718750
8451	33487.796875
802	33399.468750
2270	33356.480469
5703	33329.312500
3102	33314.859375
1026	33282.101562
1078	33241.496094
6343	33238.402344
7758	33236.785156
359	33230.914062
171	33218.105469
2844	33194.218750
3070	33162.437500
928	33126.992188
4296	33113.167969
3286	33092.152344
3629	33062.355469
2120	33056.046875
6226	33040.324219
591	32982.878906
12086	32970.390625
906	32950.832031
2898	32936.179688
5611	32884.167969
10356	32879.484375
2716	32875.613281
6505	32872.917969
6337	32870.796875
810	32808.253906
2513	32802.714844
1847	32704.964844
314	32673.287109
563	32672.931641
7287	32661.830078
6234	32654.806641
9171	32648.662109
3013	32612.419922
4627	32608.140625
1113	32598.935547
1459	32575.492188
853	32545.410156
5324	32526.734375
4411	32496.646484
8853	32447.083984
7555	32422.849609
1535	32307.644531
4194	32246.541016
3203	32233.763672
5838	32226.681641
11571	32186.076172
260	32181.660156
7158	32148.968750
3046	32138.144531
10423	32114.798828
6065	32043.140625
1488	32023.039062
11083	32018.583984
9627	31993.593750
4675	31971.453125
6655	31952.542969
6913	31939.753906
412	31896.759766
1547	31893.230469
929	31856.564453
5293	31849.357422
118	31845.478516
1610	31844.761719
6636	31834.408203
7062	31805.820312
6077	31767.103516
7059	31747.449219
4268	31718.791016
6832	31681.966797
2956	31679.632812
5167	31656.175781
9131	31625.134766
718	31621.400391
2837	31594.199219
7207	31558.115234
10217	31543.679688
2348	31542.394531
2118	31516.123047
7164	31489.478516
6249	31427.908203
9994	31392.097656
6932	31361.820312
911	31340.662109
7712	31339.595703
11025	31324.490234
206	31310.974609
1553	31274.294922
2885	31253.125000
4887	31172.794922
4604	31149.142578
201	31147.298828
6137	31113.646484
2626	31093.582031
5264	31031.500000
3457	31008.654297
7914	31002.158203
4215	30960.767578
2978	30924.339844
368	30908.623047
9456	30893.689453
2479	30804.742188
76	30742.630859
242	30728.316406
6776	30714.542969
990	30705.140625
4119	30690.730469
1191	30687.476562
2396	30666.207031
3703	30658.603516
6509	30612.283203
2335	30502.503906
3308	30500.041016
5974	30490.062500
1777	30487.912109
2756	30483.488281
7670	30390.880859
9338	30372.009766
3553	30315.634766
4229	30298.958984
1095	30293.345703
6924	30279.072266
12045	30271.695312
5195	30221.947266
922	30196.130859
167	30192.224609
9290	30188.574219
876	30165.371094
3797	30164.468750
108	30109.417969
6874	30023.486328
5333	29959.933594
2026	29957.919922
7205	29942.546875
483	29932.796875
4182	29903.980469
8796	29887.515625
7033	29846.214844
1660	29844.644531
3518	29841.441406
3816	29832.613281
11395	29805.085938
1525	29767.951172
7166	29756.041016
8002	29736.380859
8473	29692.472656
4343	29653.777344
5836	29653.070312
1381	29599.843750
5883	29597.431641
279	29572.447266
4030	29562.283203
319	29546.109375
1872	29513.003906
7679	29509.882812
3701	29456.591797
2961	29443.548828
706	29436.398438
7676	29362.367188
4537	29354.447266
4823	29301.744141
582	29296.648438
9967	29277.179688
3134	29273.529297
2114	29222.677734
6483	29173.812500
2496	29172.195312
609	29066.443359
218	29007.687500
4153	28997.121094
8119	28980.931641
7098	28944.982422
1305	28889.404297
10598	28876.509766
6934	28871.427734
10241	28869.878906
325	28843.095703
7470	28829.757812
1148	28817.888672
6632	28806.773438
9947	28795.851562
7446	28772.189453
276	28735.599609
6500	28652.617188
4088	28641.992188
1315	28607.408203
4048	28554.287109
34	28552.480469
9027	28540.330078
8480	28526.582031
3605	28515.195312
8252	28502.931641
1682	28493.312500
3452	28488.253906
9380	28460.335938
1484	28456.162109
7608	28431.488281
829	28414.630859
882	28393.435547
5488	28363.718750
5729	28359.205078
11362	28356.654297
7299	28333.406250
3826	28281.865234
4577	28258.894531
1136	28258.718750
3195	28241.380859
6382	28232.828125
456	28196.152344
9392	28183.625000
4063	28170.626953
6129	28147.687500
8722	28138.064453
844	28065.697266
2474	28040.484375
8337	28019.242188
7786	28018.195312
939	27998.095703
666	27972.724609
6246	27948.101562
6973	27934.496094
1453	27929.248047
4133	27899.384766
9178	27894.703125
3487	27894.027344
2838	27884.306641
10433	27772.929688
6791	27763.775391
4076	27751.105469
5515	27738.986328
3160	27692.015625
6023	27678.427734
13	27654.453125
6200	27578.855469
247	27562.105469
6496	27540.554688
10126	27530.316406
8025	27519.115234
4936	27506.767578
10184	27464.322266
2267	27445.640625
472	27440.910156
111	27437.824219
2812	27436.490234
2038	27398.568359
9924	27397.253906
1543	27388.755859
7273	27353.357422
8236	27350.753906
8800	27346.542969
1677	27285.757812
6976	27283.000000
8930	27278.371094
2156	27272.826172
9547	27268.083984
4201	27229.080078
6498	27215.806641
10398	27181.820312
5045	27137.417969
5769	27121.646484
4142	27118.369141
6325	27075.976562
7084	27055.066406
2593	27037.425781
10220	27013.541016
11831	27003.365234
115	27001.574219
8887	26966.156250
548	26960.195312
4270	26954.228516
2609	26933.453125
9224	26910.554688
2584	26891.699219
3819	26849.320312
4007	26837.181641
4	26812.302734
6883	26776.949219
8595	26754.929688
5257	26695.919922
6554	26694.376953
7659	26693.605469
8129	26683.326172
228	26664.986328
892	26612.906250
3270	26605.748047
7269	26584.179688
9353	26575.384766
9467	26564.595703
2246	26561.853516
2543	26533.351562
3408	26483.603516
11432	26454.048828
667	26439.011719
6315	26430.423828
1205	26402.068359
9274	26385.240234
6808	26382.382812
230	26353.560547
2411	26347.728516
9781	26342.238281
4520	26328.681641
6501	26324.500000
6558	26306.970703
3780	26285.890625
7175	26271.992188
8616	26243.533203
9010	26206.068359
8001	26200.326172
1003	26181.298828
5136	26167.285156
2933	26150.664062
931	26142.953125
755	26118.173828
2521	26091.673828
5948	26079.011719
334	26065.724609
4227	26048.972656
10074	26028.615234
5096	26017.892578
1144	25992.675781
4479	25966.542969
8938	25950.601562
6862	25943.753906
5212	25940.566406
1452	25875.439453
10394	25864.681641
2007	25857.087891
8315	25853.375000
8225	25824.666016
947	25801.029297
1667	25791.701172
1012	25770.201172
2723	25753.949219
10411	25745.070312
333	25742.419922
11318	25724.808594
6555	25708.341797
8089	25707.703125
10461	25706.894531
4279	25692.923828
5183	25668.583984
4095	25648.580078
8488	25619.791016
2403	25599.669922
4985	25589.896484
9448	25571.906250
1473	25480.220703
2185	25476.789062
3541	25431.228516
8442	25416.580078
6484	25392.628906
7882	25371.048828
10936	25365.203125
408	25365.066406
5403	25350.207031
1325	25316.167969
2269	25311.691406
5873	25295.560547
4132	25282.482422
6938	25273.765625
3385	25269.490234
518	25266.917969
5366	25259.451172
597	25256.626953
3865	25223.632812
10468	25219.533203
8485	25215.968750
1878	25209.474609
3814	25208.552734
3532	25191.160156
5395	25190.923828
7791	25176.675781
11133	25174.412109
8107	25173.628906
9078	25161.445312
8247	25157.648438
6257	25150.281250
6910	25146.291016
4629	25142.431641
1994	25131.935547
1611	25130.742188
6748	25117.712891
9915	25113.359375
5480	25104.089844
7621	25072.521484
2922	25058.060547
2744	25051.798828
3829	25045.455078
1104	25045.167969
5039	25041.376953
4309	25028.812500
10403	25027.505859
6577	25019.726562
5929	25004.853516
3394	25004.312500
5765	24991.136719
704	24987.425781
4467	24985.003906
8327	24985.000000
4920	24985.000000
12453	24984.996094
4376	24984.000000
1680	24983.998047
9650	24945.742188
1015	24930.638672
6873	24901.841797
8388	24883.050781
6892	24847.144531
7456	24819.087891
2316	24815.941406
943	24806.931641
2094	24712.806641
6103	24695.406250
1107	24665.308594
10245	24664.591797
12421	24662.994141
2206	24471.205078
3410	24453.083984
10361	24415.042969
4277	24408.763672
4597	24387.375000
3558	24321.669922
2004	24256.115234
2090	24245.601562
9175	24242.529297
2464	24219.980469
84	24208.664062
6371	24202.945312
4570	24175.326172
2042	24160.005859
284	24145.158203
845	24071.556641
12263	24013.718750
12258	24013.718750
12256	24013.718750
5260	23983.064453
4058	23954.986328
5483	23927.615234
4242	23883.884766
1202	23861.458984
9544	23841.970703
4103	23823.228516
1659	23789.214844
5953	23778.470703
9157	23759.644531
3962	23734.087891
8201	23721.957031
3960	23714.992188
38	23699.876953
6613	23537.937500
1275	23532.740234
5456	23498.755859
1699	23482.074219
2773	23381.107422
986	23349.812500
4474	23348.371094
785	23324.759766
594	23316.167969
1630	23274.519531
6370	23267.625000
8776	23252.160156
8590	23240.128906
2079	23209.083984
1002	23206.289062
448	23199.556641
8048	23188.398438
4866	23137.562500
995	23082.269531
3579	23057.699219
2552	23050.794922
5991	23037.261719
3769	23010.287109
355	22931.156250
11497	22917.363281
2311	22916.044922
11238	22912.634766
4198	22902.277344
3840	22900.513672
8341	22900.226562
5292	22886.048828
6623	22866.552734
11229	22853.431641
1580	22849.917969
3377	22796.142578
9520	22771.625000
2328	22754.929688
11384	22720.996094
8694	22716.746094
3723	22704.150391
270	22684.074219
6927	22677.974609
5360	22673.900391
11357	22669.294922
3332	22666.814453
4049	22655.396484
1664	22649.318359
2840	22636.332031
7560	22627.371094
6608	22580.121094
8301	22549.005859
1589	22477.935547
6322	22469.591797
6243	22440.904297
3520	22375.660156
2929	22369.888672
5612	22369.125000
4419	22367.193359
4034	22360.658203
3569	22313.785156
2437	22293.216797
663	22274.906250
2065	22255.515625
1214	22243.048828
5343	22229.285156
11720	22201.177734
3556	22164.578125
4694	22152.843750
6230	22139.847656
7247	22136.767578
7029	22136.224609
1765	22128.318359
1685	22125.001953
9429	22091.675781
6918	22068.207031
2278	21984.923828
6977	21976.810547
4083	21964.623047
1752	21954.841797
3074	21952.402344
1248	21926.421875
1106	21897.757812
5497	21877.199219
503	21875.744141
2261	21871.412109
9933	21866.085938
1222	21828.462891
4572	21824.156250
9241	21819.425781
9838	21794.796875
2273	21767.296875
7653	21766.542969
902	21758.539062
6732	21731.220703
182	21727.683594
6974	21726.878906
4336	21710.380859
11187	21708.019531
6050	21678.541016
8558	21641.025391
3631	21625.648438
841	21537.482422
3228	21518.808594
2111	21509.900391
818	21505.701172
4790	21475.609375
1666	21435.748047
8412	21434.902344
6686	21421.552734
1694	21380.587891
2789	21339.652344
3647	21319.533203
12027	21252.031250
4152	21244.335938
10415	21222.988281
6508	21190.623047
4837	21166.480469
731	21156.474609
7611	21124.650391
2800	21118.187500
1860	21071.855469
7540	21070.412109
997	21066.623047
867	21047.402344
8743	21027.076172
5601	20955.179688
1360	20951.416016
1285	20905.773438
8221	20891.611328
9921	20889.953125
2097	20864.402344
8389	20848.468750
5227	20844.287109
5535	20833.376953
10087	20819.232422
651	20786.566406
2378	20724.730469
9885	20709.876953
9122	20681.724609
8501	20666.380859
1940	20653.941406
11579	20645.228516
6839	20623.933594
650	20620.607422
2200	20619.785156
6113	20618.845703
759	20596.800781
659	20580.789062
792	20580.472656
5507	20549.425781
8701	20541.056641
2600	20525.480469
585	20481.240234
9368	20460.277344
1819	20454.623047
1802	20454.285156
10464	20437.869141
1240	20436.986328
9874	20411.093750
156	20410.052734
905	20409.236328
3509	20408.630859
3036	20404.343750
954	20396.750000
4983	20390.828125
7015	20373.960938
154	20359.068359
8680	20310.701172
2139	20299.623047
9162	20298.781250
3634	20250.746094
2828	20222.542969
5016	20194.699219
2150	20171.439453
4471	20156.371094
10466	20082.513672
5777	20034.228516
6879	20033.513672
8239	19987.781250
1456	19985.789062
7995	19962.523438
2966	19956.007812
1252	19903.228516
7045	19845.757812
4185	19842.871094
5142	19806.546875
6929	19802.970703
3969	19756.062500
9782	19729.642578
1981	19713.044922
3915	19704.867188
5420	19681.966797
5335	19657.570312
3615	19643.376953
11400	19603.357422
12014	19560.437500
364	19547.988281
6001	19544.042969
4327	19508.548828
7534	19508.527344
2422	19503.796875
8625	19457.703125
3225	19434.119141
613	19428.949219
2976	19420.587891
2997	19416.060547
855	19414.134766
6416	19386.638672
474	19383.216797
2583	19366.640625
1254	19311.617188
6120	19311.103516
664	19257.396484
283	19254.482422
944	19249.929688
9743	19248.220703
7720	19243.691406
5760	19227.890625
4480	19218.361328
671	19209.519531
1770	19130.994141
3996	19105.505859
6472	19096.726562
5682	19094.449219
1776	19070.220703
1344	19049.912109
3662	19047.267578
8306	19040.601562
1720	19038.988281
9114	19005.628906
1519	18961.685547
9278	18891.308594
2048	18860.486328
7755	18848.601562
5999	18821.007812
4487	18806.417969
898	18799.898438
3154	18788.910156
10359	18776.130859
3071	18750.726562
6372	18668.939453
89	18660.216797
3317	18641.736328
6179	18632.863281
3497	18623.531250
887	18605.332031
188	18598.207031
1987	18576.017578
3316	18557.359375
10934	18538.835938
4157	18513.826172
10919	18509.865234
6298	18501.886719
4415	18480.126953
6887	18466.812500
114	18452.853516
7469	18444.855469
2070	18408.246094
2195	18401.927734
3339	18393.925781
9660	18389.902344
4453	18388.919922
1372	18385.189453
9713	18382.261719
3054	18370.765625
9179	18355.359375
10367	18342.044922
3306	18332.777344
4021	18301.501953
1229	18300.082031
7264	18299.767578
7821	18259.390625
1077	18254.777344
599	18249.843750
1956	18244.910156
5413	18243.564453
5983	18241.890625
10431	18240.339844
2315	18223.966797
2960	18222.152344
1097	18206.978516
7283	18204.507812
4483	18198.542969
2470	18182.496094
5684	18167.236328
3291	18166.382812
5443	18151.685547
5392	18125.251953
434	18092.894531
967	18079.839844
11333	18062.962891
2233	18060.072266
5893	18037.308594
1151	18021.236328
3837	18021.132812
4819	18016.960938
99	17987.099609
3226	17977.398438
2054	17968.005859
9	17965.220703
8244	17958.841797
7683	17947.416016
9408	17945.027344
2286	17916.980469
30	17907.289062
2614	17892.478516
2016	17879.017578
2372	17865.656250
3029	17860.414062
4501	17843.671875
907	17816.615234
899	17811.683594
1831	17803.738281
254	17801.080078
4435	17796.875000
5707	17793.951172
2202	17786.548828
9470	17767.039062
2414	17758.857422
2318	17746.335938
4608	17740.261719
856	17728.074219
1	17718.820312
925	17709.882812
2803	17689.017578
5137	17680.806641
2982	17648.353516
2006	17643.820312
1998	17612.558594
3757	17608.273438
11410	17565.433594
1321	17537.523438
1865	17495.291016
7008	17475.154297
4545	17466.560547
2001	17462.173828
3185	17452.892578
1192	17429.755859
6025	17411.851562
8929	17370.576172
189	17366.158203
7140	17360.197266
467	17352.507812
1218	17345.810547
11321	17343.482422
1037	17296.714844
1559	17294.128906
1017	17292.625000
2546	17228.587891
1166	17219.166016
8748	17195.078125
290	17189.472656
1490	17182.417969
422	17154.326172
4896	17123.761719
2019	17119.658203
5353	17106.794922
7753	17095.138672
1646	17069.203125
4784	17064.599609
6800	17057.835938
8455	17044.423828
3803	17041.613281
7442	17030.421875
3335	17000.693359
4950	16974.033203
1768	16941.660156
4789	16941.261719
2105	16924.408203
2656	16877.597656
1838	16865.316406
677	16825.466797
7223	16815.777344
7245	16808.957031
3439	16800.380859
9617	16796.216797
2009	16768.222656
5619	16765.494141
4850	16762.160156
657	16729.212891
3560	16713.867188
812	16697.595703
2579	16677.513672
3995	16657.685547
2100	16647.455078
5594	16646.494141
3302	16645.562500
4081	16637.580078
859	16633.015625
8740	16620.355469
3682	16598.673828
96	16576.554688
11578	16573.509766
3482	16549.298828
5926	16546.507812
5417	16544.382812
3214	16543.980469
9563	16519.373047
2102	16483.919922
7426	16467.089844
3296	16465.298828
7259	16421.203125
2523	16401.046875
7234	16379.214844
6804	16360.325195
1568	16353.565430
7812	16344.056641
256	16323.860352
8614	16297.869141
1170	16275.215820
309	16257.105469
2889	16218.761719
5203	16217.278320
781	16215.945312
416	16200.071289
3858	16195.705078
3179	16192.526367
9626	16170.331055
5602	16166.896484
10421	16156.761719
9242	16142.440430
8440	16136.838867
8	16092.501953
6125	16081.963867
7439	16067.743164
5578	16065.123047
1021	16047.186523
1961	16045.565430
9504	16030.302734
2149	16028.883789
1797	16026.084961
2395	16023.339844
4994	16012.782227
2446	16004.129883
1842	15996.227539
1972	15986.189453
3212	15977.505859
7823	15976.074219
2941	15974.689453
2894	15958.427734
3910	15946.286133
5103	15939.739258
10309	15932.009766
6350	15919.955078
5907	15918.505859
3550	15898.196289
10205	15869.679688
3039	15868.853516
6746	15861.446289
2492	15860.045898
6700	15847.486328
1460	15840.309570
7842	15835.507812
4929	15832.310547
9321	15826.766602
3447	15803.165039
2277	15795.875977
6097	15771.075195
674	15762.941406
2362	15743.300781
4610	15731.189453
7626	15719.735352
5032	15717.631836
3390	15703.033203
7189	15686.672852
9057	15658.426758
3294	15653.390625
4084	15625.342773
11271	15623.287109
3395	15593.616211
808	15591.858398
10122	15577.997070
5389	15576.531250
11401	15558.511719
3023	15540.876953
10330	15539.336914
5574	15518.858398
3305	15476.661133
3495	15467.881836
825	15466.392578
9510	15463.042969
2533	15398.241211
6706	15397.781250
5521	15382.858398
92	15382.091797
996	15334.316406
2410	15326.999023
9555	15325.558594
10340	15310.340820
2900	15302.180664
2074	15288.187500
4999	15277.922852
4294	15262.102539
5712	15232.751953
10290	15225.940430
5154	15207.055664
4255	15205.833984
7382	15197.854492
1171	15193.717773
8382	15190.053711
6757	15186.056641
1807	15182.913086
1954	15174.142578
9819	15170.739258
4200	15168.776367
68	15149.999023
11870	15143.573242
257	15142.616211
6172	15139.437500
8838	15122.508789
5889	15120.427734
11000	15111.549805
4516	15095.275391
2330	15058.586914
10465	15044.219727
1259	15024.581055
8991	15018.488281
81	15002.538086
3750	14986.190430
7942	14966.651367
11424	14956.938477
4893	14943.764648
3642	14927.882812
2285	14926.416992
2043	14919.111328
3435	14876.687500
775	14868.940430
2613	14849.005859
1729	14846.129883
6545	14845.607422
7295	14820.100586
4586	14788.345703
9303	14784.759766
698	14775.275391
3820	14758.632812
2848	14751.434570
656	14727.422852
4787	14722.515625
1342	14717.476562
6305	14715.690430
2931	14695.146484
1976	14660.336914
965	14622.489258
10039	14601.562500
9358	14562.325195
2705	14562.105469
5193	14554.414062
5282	14547.577148
1810	14547.416992
4683	14541.601562
4449	14539.998047
580	14518.726562
8645	14495.964844
7411	14473.151367
6022	14470.806641
945	14460.282227
3196	14457.918945
2331	14456.770508
6394	14455.918945
11269	14431.773438
3257	14412.553711
3931	14408.783203
4078	14403.946289
8607	14396.210938
4934	14347.492188
9012	14344.833984
4690	14327.135742
2618	14307.364258
458	14306.980469
9858	14306.814453
2737	14296.949219
10276	14292.798828
4065	14291.103516
7928	14288.763672
11050	14281.819336
10437	14271.320312
6353	14269.357422
2862	14269.346680
3062	14267.343750
3114	14257.044922
1431	14257.018555
3263	14255.896484
3588	14239.248047
4755	14234.263672
1758	14215.333984
2415	14210.200195
2462	14201.305664
1678	14197.507812
4005	14177.852539
1004	14165.148438
3578	14160.250977
852	14145.931641
1891	14141.996094
3175	14136.066406
381	14132.033203
4094	14129.946289
5636	14124.107422
707	14101.658203
7505	14097.225586
102	14089.400391
8758	14074.533203
6899	14056.513672
8638	14051.629883
3019	14034.211914
5402	14021.559570
4389	14017.166992
1098	14009.183594
462	13989.371094
10993	13975.306641
4029	13966.669922
6411	13954.631836
3076	13919.494141
1410	13916.539062
491	13913.431641
4113	13891.726562
11436	13886.138672
1347	13883.873047
3825	13882.250000
5337	13878.451172
7036	13859.055664
1443	13847.711914
2402	13838.765625
4856	13835.156250
4223	13822.958008
2944	13812.499023
1436	13812.028320
993	13796.489258
4492	13794.289062
9655	13791.266602
4617	13789.202148
191	13782.623047
5751	13777.254883
3280	13773.268555
12025	13749.133789
2289	13728.947266
1428	13717.134766
447	13713.425781
9671	13711.036133
5108	13687.817383
4117	13630.018555
11711	13620.832031
332	13618.365234
3946	13602.730469
7898	13600.483398
1716	13586.633789
3851	13581.184570
2262	13569.805664
7557	13549.756836
2726	13546.447266
12376	13543.349609
10328	13529.945312
10293	13523.073242
11423	13520.368164
991	13520.125977
6060	13516.185547
3319	13513.091797
9410	13509.731445
5651	13495.565430
7934	13475.780273
568	13468.622070
620	13462.289062
11642	13461.948242
10373	13460.538086
3760	13442.697266
6156	13436.315430
7271	13432.963867
8384	13430.837891
1576	13424.303711
9718	13414.920898
9812	13409.384766
6296	13406.004883
1231	13404.432617
3895	13396.826172
5650	13381.814453
689	13344.237305
9148	13339.832031
751	13339.591797
3542	13337.213867
3879	13336.824219
1053	13321.375000
3517	13289.889648
2592	13287.756836
12041	13286.482422
2363	13286.037109
6829	13248.481445
5871	13238.211914
1088	13222.480469
2119	13221.871094
4685	13215.778320
7780	13214.074219
3755	13212.614258
8190	13202.751953
7533	13200.038086
1369	13184.624023
2758	13181.832031
307	13170.130859
6293	13169.402344
7089	13166.274414
3639	13155.919922
5789	13147.581055
7647	13147.313477
7149	13114.703125
8170	13108.831055
12124	13102.067383
2177	13097.718750
4951	13094.854492
766	13063.041016
2380	13058.653320
805	13045.579102
5452	13039.415039
9240	13033.325195
6251	13007.395508
6673	13006.808594
6462	13001.616211
2245	12970.351562
4546	12970.000000
1756	12968.119141
6988	12958.580078
10024	12944.678711
837	12944.101562
3955	12943.316406
3233	12910.933594
2920	12896.969727
417	12896.560547
3549	12894.628906
6490	12867.504883
7041	12838.255859
3207	12828.906250
5188	12814.330078
3415	12811.497070
6760	12796.887695
5555	12787.968750
5711	12787.096680
3627	12772.485352
10453	12748.239258
2374	12742.604492
4799	12729.968750
901	12725.819336
10450	12725.296875
9624	12722.151367
51	12719.596680
3606	12718.344727
3412	12717.438477
5598	12698.850586
6344	12687.833984
11970	12687.604492
675	12684.239258
4055	12679.134766
11414	12677.864258
6868	12677.208984
5362	12670.053711
1992	12669.666992
8986	12666.074219
2144	12662.485352
9310	12661.855469
4126	12654.061523
5316	12652.606445
7004	12652.154297
6122	12648.843750
7381	12606.162109
9550	12602.966797
1703	12595.836914
5457	12585.258789
5653	12575.366211
4370	12572.498047
5191	12572.406250
7399	12567.166992
10185	12564.709961
11403	12558.393555
9494	12545.774414
2835	12542.552734
5105	12539.024414
618	12526.252930
4340	12525.253906
6302	12521.926758
6678	12518.076172
6963	12514.733398
9322	12511.125000
2314	12505.612305
5706	12503.352539
1257	12501.766602
4006	12498.671875
7002	12493.001953
2938	12493.001953
11412	12493.000977
9058	12493.000977
8849	12493.000977
8453	12493.000977
12126	12493.000000
11692	12493.000000
9849	12493.000000
9359	12493.000000
9196	12493.000000
9081	12493.000000
9060	12493.000000
8664	12493.000000
8447	12493.000000
5171	12493.000000
5011	12493.000000
4375	12493.000000
4302	12493.000000
3378	12493.000000
11500	12492.999023
10180	12492.999023
1679	12492.999023
6467	12492.998047
953	12473.650391
1335	12470.830078
5156	12452.004883
9863	12442.785156
6170	12441.302734
443	12422.558594
3593	12416.337891
90	12407.888672
1957	12399.203125
6185	12360.173828
3375	12352.750977
5308	12350.036133
9430	12349.473633
6656	12330.194336
1895	12304.639648
4008	12291.821289
3620	12227.609375
8818	12225.904297
20	12212.602539
2697	12196.234375
137	12193.262695
9714	12174.607422
1751	12174.081055
6680	12152.545898
1799	12136.183594
7538	12080.867188
110	12078.188477
2786	12061.394531
1130	12040.181641
8864	12023.396484
229	11994.477539
6503	11993.299805
1198	11985.014648
9681	11976.037109
981	11963.198242
1090	11911.705078
259	11892.742188
335	11886.011719
797	11882.245117
506	11880.681641
2319	11872.434570
4041	11862.725586
2732	11854.745117
2073	11850.777344
711	11850.493164
10451	11842.101562
3977	11795.925781
2742	11786.993164
1029	11785.829102
5910	11779.332031
3665	11757.956055
5317	11753.888672
48	11746.648438
4204	11736.238281
8496	11735.776367
8311	11728.738281
673	11711.174805
2843	11710.858398
1876	11709.252930
1691	11693.061523
1256	11666.489258
723	11653.272461
7388	11647.098633
2080	11623.356445
3737	11610.993164
6684	11604.762695
2940	11580.570312
3220	11574.817383
2154	11568.405273
4168	11557.875000
5877	11547.252930
5000	11544.231445
7790	11539.257812
3420	11528.533203
1307	11507.293945
6308	11503.291992
8940	11488.457031
7568	11488.015625
1197	11480.010742
4872	11436.744141
6881	11430.261719
983	11419.942383
1775	11399.041992
1764	11384.943359
1463	11377.636719
540	11351.379883
7817	11350.301758
5496	11336.480469
6708	11329.348633
4412	11326.517578
248	11302.833984
6709	11293.349609
6690	11267.406250
761	11265.893555
2193	11265.505859
1416	11262.155273
3859	11257.581055
7343	11249.300781
238	11224.150391
1629	11220.686523
2140	11160.961914
6880	11155.610352
8118	11144.254883
6659	11142.083008
1704	11136.082031
5375	11133.016602
104	11130.000977
5158	11129.758789
1816	11119.296875
2671	11114.566406
301	11087.587891
4981	11083.673828
542	11065.828125
3240	11049.578125
4716	11040.148438
4753	11027.379883
5934	11009.533203
1958	11008.628906
3628	11000.468750
11007	10995.552734
545	10980.403320
2807	10977.224609
2138	10958.708008
3552	10946.581055
3287	10929.852539
9488	10901.895508
4712	10853.477539
2340	10847.061523
4774	10836.517578
2304	10829.713867
1926	10806.412109
1047	10793.798828
6437	10775.862305
236	10756.157227
2128	10752.256836
4998	10744.563477
4105	10742.790039
9506	10738.480469
6793	10730.480469
1233	10673.164062
241	10671.308594
6908	10651.892578
1429	10634.246094
10836	10605.129883
3283	10580.866211
1442	10540.625977
2651	10534.375977
3245	10527.280273
5400	10526.593750
9412	10521.644531
760	10501.416992
2842	10462.180664
1387	10461.262695
11635	10460.280273
11634	10460.280273
5249	10454.510742
602	10453.179688
553	10453.151367
2115	10418.246094
715	10400.342773
4475	10393.291992
4193	10391.411133
3622	10356.708008
5312	10356.483398
1314	10346.212891
3660	10340.736328
888	10309.708984
235	10295.488281
6303	10294.320312
1896	10290.941406
2588	10276.813477
10165	10256.774414
8495	10238.616211
3626	10172.398438
7346	10114.443359
2605	10064.970703
4513	10042.622070
8385	10033.213867
4779	10027.481445
2578	9986.115234
4085	9971.501953
611	9924.888672
6403	9922.571289
1091	9861.247070
680	9858.097656
105	9843.569336
4633	9842.985352
2463	9825.116211
5587	9823.133789
5028	9818.582031
7447	9818.050781
1931	9787.880859
3624	9784.098633
6691	9767.642578
382	9759.000977
10303	9747.197266
4485	9734.927734
3198	9717.308594
2385	9712.151367
2008	9702.485352
2109	9686.397461
8764	9668.723633
10511	9666.263672
5795	9657.304688
1348	9654.231445
806	9650.722656
4840	9642.127930
339	9591.755859
4292	9586.989258
93	9570.297852
3243	9568.421875
390	9561.141602
7503	9520.150391
3991	9476.708984
7114	9472.651367
1070	9441.357422
6460	9426.962891
5244	9423.952148
9699	9401.865234
4457	9386.889648
4751	9353.736328
2151	9347.166016
8775	9321.737305
1190	9282.709961
2351	9277.886719
5833	9269.448242
6489	9239.761719
3999	9203.522461
6260	9172.319336
440	9163.866211
2695	9148.824219
7081	9137.216797
7757	9129.602539
2023	9121.970703
3358	9114.949219
213	9112.383789
2711	9088.248047
6336	9070.137695
4814	9058.708984
3464	9058.126953
5736	9057.596680
8846	9039.547852
6340	8997.471680
1494	8992.730469
910	8980.019531
9373	8966.374023
1985	8962.974609
407	8935.561523
5334	8891.208984
3678	8890.845703
5419	8875.887695
8008	8874.735352
4031	8864.431641
4010	8864.168945
1125	8856.016602
3655	8843.865234
616	8843.423828
643	8819.114258
3856	8807.695312
10843	8801.690430
8255	8792.007812
2924	8787.779297
1200	8786.770508
2145	8786.177734
561	8769.309570
3075	8748.324219
10402	8728.247070
2493	8725.014648
4364	8712.385742
133	8693.759766
8491	8693.641602
1918	8686.273438
9482	8680.739258
437	8668.133789
2369	8652.064453
6419	8603.716797
2365	8598.416992
2490	8592.491211
3369	8578.056641
2764	8573.041992
9901	8548.111328
10986	8546.644531
5042	8544.072266
7373	8540.086914
1194	8527.794922
4531	8527.204102
2738	8484.578125
4765	8482.990234
5715	8482.489258
4362	8481.524414
12419	8474.690430
4388	8470.583008
1794	8456.527344
3580	8451.204102
3702	8444.540039
6073	8434.298828
348	8414.970703
615	8406.091797
725	8393.275391
1425	8387.290039
2201	8385.994141
1351	8371.920898
1864	8360.268555
2287	8329.869141
1663	8293.573242
4405	8290.369141
2066	8277.525391
3796	8274.959961
3650	8265.666016
7416	8259.593750
2274	8244.073242
2774	8242.996094
3182	8236.764648
1843	8230.176758
2971	8225.249023
3672	8208.310547
9738	8197.352539
4809	8196.952148
2483	8195.392578
4045	8184.331055
2502	8154.889160
2964	8151.804199
5705	8138.569824
7386	8106.288086
10771	8092.269531
8780	8089.528320
3567	8077.145996
6788	8064.893555
3350	8057.994629
8792	8039.527832
9187	8028.628906
5969	8020.873535
9485	8018.221680
6331	8017.642578
6790	8016.743652
258	7986.691895
1352	7965.324219
2585	7941.151855
2477	7896.827148
6005	7896.567383
7896	7896.118164
1045	7889.095703
421	7883.539551
8122	7876.727539
6227	7870.149414
2021	7858.817383
316	7848.820312
4562	7843.920410
6531	7840.641113
4061	7835.580566
5981	7821.681152
1386	7799.350098
4659	7763.863281
3860	7754.807617
4686	7753.249023
3568	7741.910156
2598	7732.020020
5280	7728.927246
3337	7722.934570
2198	7719.156250
4016	7701.355957
6136	7700.804199
8157	7685.322266
7682	7664.970703
8006	7660.111816
1038	7629.504395
2297	7608.298828
7526	7605.778809
530	7603.421875
9717	7597.377441
1726	7589.983887
6369	7578.204102
2527	7562.766602
234	7551.557617
9644	7541.875488
744	7533.160156
2663	7511.206055
5677	7496.840820
5954	7438.912109
728	7424.263672
9937	7413.101074
3404	7390.423828
490	7369.483398
1154	7361.214355
832	7357.566406
1513	7341.957031
3297	7323.882812
6446	7320.229980
1448	7309.498047
6342	7288.414551
2485	7282.452148
4313	7269.972168
135	7269.126465
3992	7265.941406
1337	7259.593750
4863	7253.358887
7232	7249.316406
2524	7231.690918
5311	7231.367676
1977	7202.112793
1413	7174.995605
5238	7170.562988
9929	7163.701660
8854	7163.601562
6420	7163.296387
7427	7144.498047
5657	7139.852051
6649	7133.407715
10702	7122.489746
6528	7114.458008
4991	7093.208008
6563	7089.978516
5779	7080.136230
6828	7077.469238
1396	7068.605469
33	7044.798828
3351	7042.157227
106	7037.544922
1596	7011.964355
505	7003.666504
6768	7002.034668
3060	6995.104492
9845	6990.176758
9377	6980.468262
4018	6960.709473
2661	6928.331543
7389	6919.496094
4230	6912.367676
6360	6910.413574
9868	6900.186523
5410	6893.509766
2853	6890.526367
3026	6888.862793
5936	6875.281738
9567	6865.969727
1127	6859.520508
3695	6857.105469
1689	6850.691895
3043	6848.218750
1400	6830.475586
3984	6825.548828
1721	6788.875488
1412	6788.158203
8370	6777.099609
660	6775.089355
425	6768.995117
1755	6763.208008
4463	6754.486328
2478	6753.124023
77	6747.801758
5465	6732.742188
2012	6724.867676
920	6696.657715
11439	6671.642090
2473	6665.861816
2549	6652.059082
12549	6651.743652
3165	6644.978516
1313	6634.591309
11449	6615.646484
4052	6609.123047
5151	6608.909180
4553	6602.212402
2443	6598.515625
315	6598.316895
2034	6592.508789
5759	6590.180664
463	6586.731445
4810	6580.779297
3612	6543.597656
2752	6534.193848
4022	6533.172852
8791	6524.461426
9590	6497.999512
8554	6496.379883
4623	6489.827637
6701	6481.107422
7051	6473.230469
226	6471.259277
1434	6470.428711
7925	6465.949219
3187	6453.986328
3630	6434.608398
2241	6434.073730
2538	6425.872070
1683	6422.482910
1698	6417.784668
1730	6411.481445
3413	6395.782227
1942	6395.478516
5580	6393.094238
410	6382.875488
232	6379.055176
1343	6377.956055
10540	6376.054688
951	6366.047363
1461	6365.983887
41	6357.907715
3724	6351.208984
1330	6335.866211
2484	6331.671875
498	6330.426270
2995	6321.234863
1927	6309.963379
3030	6283.393555
31	6270.350586
2817	6250.114258
5040	6249.436035
9586	6238.857910
2393	6217.891113
8124	6214.001953
1083	6194.352051
8441	6193.234375
1633	6161.552246
5283	6159.792969
3480	6152.538086
7495	6147.920898
3586	6145.806152
8271	6143.677734
6412	6138.703125
803	6132.708008
2755	6129.647949
8326	6122.084473
2352	6108.892578
1384	6107.098633
1591	6098.084961
2293	6091.631348
3382	6090.837891
4046	6086.730469
7840	6074.640625
5620	6057.818359
2517	6051.454590
6956	6038.619141
6064	6038.589355
7236	6011.297363
1398	5985.246094
3109	5978.773926
4136	5965.310547
655	5960.905762
5514	5959.484375
1769	5950.282715
3269	5938.337402
6435	5936.341797
6771	5900.168945
9705	5892.174316
5940	5887.381836
1439	5884.480957
2763	5884.075684
4873	5882.833496
1051	5874.404297
47	5852.166504
5430	5849.592285
622	5841.732422
499	5827.214355
3638	5820.623047
5781	5807.744141
5979	5805.748535
9975	5772.881348
2539	5765.097168
1929	5762.445312
5867	5762.283203
5426	5750.522949
8319	5749.059570
9317	5746.186035
8024	5740.016113
1000	5731.720703
3346	5731.484375
1174	5721.780762
2017	5713.998047
2413	5713.730469
4191	5712.099609
8822	5709.904297
128	5705.618652
3318	5697.625000
1928	5694.420898
7501	5688.892090
1714	5669.203125
7794	5663.737793
7430	5661.254883
588	5628.834473
3163	5622.903320
1406	5607.601562
3597	5605.022949
3162	5591.022949
1911	5575.804199
3513	5558.094727
8430	5550.374023
821	5548.926758
1141	5538.649902
658	5531.831543
5548	5524.659180
1696	5524.044434
6314	5521.844238
1168	5503.963379
5752	5503.763184
860	5496.241211
9531	5493.924316
7379	5491.014648
6135	5486.183105
1008	5469.850586
10672	5459.645020
4393	5452.396484
5211	5448.269531
1955	5445.201172
6473	5441.019531
843	5440.623535
7326	5427.053711
2883	5422.744629
7592	5418.382812
1253	5417.610840
1419	5415.394531
2617	5405.268555
3153	5393.633789
7483	5393.273926
1122	5390.813477
7052	5384.622070
3205	5382.699219
5035	5380.129883
2790	5370.524414
3767	5370.239746
9675	5358.051758
4011	5347.714355
7640	5335.548828
3083	5331.228516
2108	5329.342773
6646	5325.291992
1356	5322.280273
2914	5319.162598
35	5289.837891
4178	5284.744141
10321	5281.326172
1014	5261.009277
10886	5244.055664
555	5234.498535
12024	5219.971191
2178	5216.196777
7716	5213.482422
2824	5205.766602
6794	5204.353516
3080	5194.602051
6713	5192.223633
10073	5175.416992
3368	5175.362305
5468	5167.598145
5115	5167.308105
4192	5159.812012
6928	5152.841797
890	5151.491699
8814	5149.418945
10298	5137.079102
3528	5129.688477
5278	5125.722168
4521	5120.852051
5358	5119.604980
3186	5115.532227
6620	5108.497559
8984	5099.232422
3230	5094.847168
6053	5094.070312
3951	5077.269043
948	5075.057617
7726	5073.523926
7380	5071.237305
10669	5069.998047
738	5057.347168
10279	5053.902344
3221	5053.611816
8109	5048.298340
3048	5047.983398
2975	5039.824219
10758	5035.928223
224	5034.607422
3024	5032.563965
8510	5020.437500
3331	5012.272949
3372	5002.897949
10860	4998.528809
2032	4989.409180
9246	4988.643555
6413	4987.932129
11673	4985.999023
6941	4964.762207
1340	4962.731934
4332	4962.624512
3156	4956.830566
1493	4941.000488
4533	4938.532715
604	4936.723633
2078	4928.141113
6373	4922.553711
2952	4922.156738
9443	4907.693359
6569	4892.809570
190	4891.106445
3875	4882.757324
2146	4878.323242
8309	4876.447266
6999	4867.230469
7385	4854.048828
2861	4845.899414
5398	4830.486328
7578	4820.852051
5072	4817.371582
6817	4793.917480
4002	4781.741211
6826	4778.492188
11429	4762.871582
1318	4755.975098
5374	4753.752930
8287	4752.340820
1094	4748.402832
1418	4743.654297
6953	4740.845215
2955	4712.633301
475	4708.565918
5356	4706.566406
4547	4694.127930
3641	4693.550781
4841	4676.657227
7338	4661.284668
8343	4660.445312
3132	4636.116211
10017	4635.838867
5506	4629.987305
460	4624.116211
5700	4623.075195
10142	4621.177734
5639	4618.002930
2810	4616.520996
4341	4612.449707
3356	4607.643066
1674	4597.862305
10492	4595.815430
7267	4593.431152
1011	4585.145996
6339	4582.567383
32	4580.585449
2215	4561.872559
5449	4560.117188
1824	4559.270508
4359	4544.783203
2576	4542.581543
3564	4538.699707
6464	4535.170410
4174	4529.810547
11	4528.421387
9344	4526.376953
9483	4520.001953
10762	4517.312012
10759	4517.312012
3503	4493.133789
3130	4491.253418
5001	4488.235352
5550	4480.471191
4392	4477.885254
2388	4469.731934
566	4467.804688
6540	4457.742188
1641	4457.252441
2550	4457.005371
8821	4453.756836
3238	4444.519531
6833	4441.695801
5445	4441.355469
6955	4440.133789
6094	4439.586914
3336	4431.788086
176	4429.845703
771	4424.261230
5629	4419.302246
4898	4406.929199
3827	4388.458008
18	4375.389160
19	4373.485352
6348	4371.261230
7378	4370.875488
1613	4367.533203
2387	4361.746582
10332	4361.692383
6354	4353.596191
5325	4351.322754
5590	4342.436523
6345	4332.003906
1556	4326.940918
2465	4324.834473
2440	4322.774414
3035	4319.756348
3123	4311.625000
2419	4308.211914
1517	4295.674805
328	4294.501465
2665	4286.128906
2063	4280.501465
2783	4274.369629
4504	4265.127930
4213	4260.272949
2381	4255.601562
8234	4252.549805
6116	4249.319336
1479	4245.131348
4318	4242.639160
2406	4236.101562
6316	4232.441406
7182	4230.860352
895	4230.416992
2401	4224.694824
5233	4221.262695
2346	4219.771484
1707	4211.806641
1557	4210.814453
5856	4210.679688
4374	4210.309570
1990	4209.867676
2706	4204.105469
7564	4190.802734
5068	4189.769043
5724	4186.496094
1970	4183.497070
1744	4176.997070
2704	4176.981934
392	4172.172852
10509	4170.158691
5226	4164.309082
1884	4155.516602
3022	4150.789062
312	4141.489258
7401	4123.725586
7061	4122.502441
3184	4114.301270
6405	4109.673828
5615	4094.594238
2018	4094.416992
186	4094.368408
4186	4090.997559
5570	4080.532959
2954	4057.983887
3011	4049.949463
1717	4049.695068
538	4046.638672
8778	4044.813721
4271	4036.201904
7191	4028.633545
778	4028.125977
10264	4012.193115
7438	4009.737793
4358	4004.348389
5152	3999.604736
11014	3997.296387
5764	3992.101562
6749	3980.806641
3548	3977.204590
5614	3975.093506
103	3971.396973
8466	3970.559570
9269	3969.155518
1084	3968.209473
8318	3967.197266
6526	3958.992188
5968	3958.206543
2806	3956.811523
6803	3950.496338
1423	3947.078125
3985	3942.216553
6643	3941.881348
3463	3939.137695
1126	3936.559814
1334	3932.606934
972	3932.374756
1018	3931.749268
5721	3926.347900
1582	3925.451904
9287	3915.355713
3983	3914.553223
514	3911.639160
6825	3900.208496
7576	3897.164062
4581	3890.014404
3965	3886.795166
7434	3884.395508
7083	3881.763916
1814	3881.751221
1183	3877.900391
2886	3870.734619
7543	3870.550293
7637	3869.935791
5091	3865.296631
3582	3854.791992
3210	3853.814941
1845	3851.777832
9302	3848.192627
112	3844.551270
6359	3831.008545
396	3828.723877
4536	3828.565186
1366	3825.583740
3277	3800.938477
7686	3798.443115
3898	3797.560791
10800	3794.490479
7466	3791.865479
817	3788.916504
3754	3788.232178
8335	3784.184570
7901	3776.299072
8082	3775.007324
2965	3774.899414
5239	3773.095215
770	3756.874023
3793	3751.330078
4952	3749.975342
7443	3748.778320
1486	3747.521973
3188	3745.635010
12161	3743.373047
8167	3742.660889
3756	3717.598877
2799	3711.311035
4870	3688.950439
5229	3683.750732
4614	3681.445557
6062	3678.141846
8927	3675.290771
5802	3670.029785
4035	3669.000244
4321	3665.567139
2750	3653.474854
2170	3649.497803
12550	3642.272217
8550	3641.658203
1946	3639.095703
6711	3638.616455
9677	3632.416748
1220	3630.739990
6697	3629.836914
5390	3611.830322
1712	3610.664795
8562	3604.046387
4053	3581.722168
3768	3563.059570
2808	3562.821289
2045	3561.236572
7472	3560.692871
4124	3547.690674
3595	3543.129150
10228	3533.348877
6551	3531.571777
5988	3526.102051
6410	3519.503418
4146	3518.270752
2162	3512.333008
323	3501.375244
1826	3499.455566
961	3492.531494
2878	3491.140625
4179	3485.611572
1303	3478.728760
5051	3478.393311
10177	3474.516602
631	3472.948486
1415	3470.815918
295	3470.726807
6783	3469.454102
6052	3461.813721
5138	3458.559082
5095	3449.314453
3667	3441.729004
6792	3440.151855
2173	3435.415527
5591	3434.430420
6481	3431.097412
6206	3420.005859
5904	3415.489502
3907	3411.039307
3275	3410.664795
2283	3410.445801
1806	3407.174072
2186	3396.862305
5829	3395.085205
7452	3387.864014
980	3383.839844
5913	3380.610107
1521	3378.441406
3370	3374.578125
8895	3372.107422
883	3364.084961
8921	3357.879883
2232	3355.034424
6856	3353.936523
1368	3345.191406
4001	3342.347900
5405	3341.010010
4917	3339.531006
113	3336.575928
10171	3335.719238
10820	3333.411377
4664	3331.773193
6841	3329.884033
3340	3329.548828
5589	3321.714355
1101	3309.184082
6650	3289.956787
9582	3282.924805
4935	3272.738525
5245	3268.709229
3140	3266.229492
936	3263.903564
10215	3260.784180
5368	3251.967285
2095	3250.471680
9881	3250.282715
5470	3248.353271
851	3240.225586
4575	3238.647461
2433	3236.263672
9678	3228.101807
8036	3222.418945
5090	3220.885010
10292	3220.337402
1189	3205.569580
3945	3205.204346
1893	3203.459717
3783	3198.680176
1397	3195.661377
1069	3185.148438
5695	3178.365234
383	3170.935547
3930	3169.942627
5568	3169.169678
5927	3155.324463
5566	3153.200439
550	3148.638672
405	3148.272461
10410	3145.417969
2664	3141.585938
8174	3134.350098
3260	3132.209961
4871	3127.177490
150	3119.135498
2866	3117.748291
5159	3115.671631
3251	3115.096436
3069	3111.656494
6707	3105.009033
6576	3103.895264
250	3101.046875
6514	3095.425537
2622	3095.268555
1599	3094.022217
9491	3093.308350
7462	3087.842041
1723	3085.441650
5315	3081.408447
2071	3079.471191
8172	3073.365234
1146	3070.549561
2871	3069.940674
681	3065.147461
5286	3060.575928
3193	3057.920410
4990	3054.094482
6937	3052.693848
7312	3052.255615
5778	3043.972168
1119	3028.896973
7531	3027.084717
6128	3026.769287
2382	3025.338379
992	3024.959473
2020	3021.868652
722	3017.190674
5822	3016.473389
6335	3005.105957
3077	3000.973145
2568	2998.180908
2343	2997.274170
835	2994.957031
3708	2992.177246
1675	2990.355469
5879	2985.239746
710	2985.120850
6668	2983.676025
3590	2981.501953
1715	2975.830566
5710	2952.701660
8251	2942.000000
3002	2937.941162
1924	2931.788818
1173	2924.291748
4238	2921.020752
419	2920.850586
894	2919.692871
2979	2918.188965
9612	2913.053711
3601	2912.516113
8135	2910.073975
4090	2909.728271
10504	2904.860107
10473	2904.860107
5773	2903.095703
7566	2900.747314
1564	2896.503174
3330	2891.452881
4482	2889.080078
1856	2889.028809
2466	2888.163086
7632	2871.426758
86	2868.975098
2619	2867.266113
7537	2863.368408
7007	2847.361084
4648	2847.352783
1835	2837.507812
3044	2827.346680
131	2826.186279
1746	2825.534668
10984	2825.065430
2572	2820.953857
5270	2810.949707
194	2808.666016
4746	2806.385254
4735	2806.385254
2959	2803.225342
2834	2800.535889
5810	2798.382324
10455	2796.883545
1565	2795.181152
3347	2790.923828
7802	2788.687988
1121	2787.559570
6602	2781.184082
1345	2774.144775
6478	2768.737549
5121	2768.257324
3561	2766.860596
3573	2762.571777
2067	2762.049805
5623	2759.508301
10655	2755.765869
1422	2749.344971
2489	2742.731201
7549	2740.362793
9499	2737.943848
8106	2731.138184
4281	2721.592529
601	2716.794434
1925	2716.483887
161	2715.937500
7296	2710.182373
4328	2707.086670
10858	2706.162109
1921	2705.804688
4687	2700.130859
3643	2697.410156
4154	2696.080811
1159	2694.552490
3183	2694.387451
5328	2690.495850
4407	2689.208008
3501	2689.169678
2025	2686.405518
292	2686.312500
7105	2681.039795
2370	2663.913818
65	2654.874268
148	2651.559326
6332	2641.804199
2858	2640.199951
560	2637.285889
6326	2635.973389
7530	2635.650391
9314	2633.948730
5993	2631.107666
4656	2630.845703
2906	2622.970215
7736	2621.371826
431	2619.792725
8160	2616.045898
27	2608.572021
5046	2608.472900
3093	2606.396240
7988	2605.266602
1695	2604.452393
7710	2598.733154
7286	2595.739990
1590	2595.028809
6220	2592.379395
4653	2590.452148
3674	2587.367676
3374	2576.958252
2329	2576.333984
6876	2575.437500
10258	2569.340576
3157	2569.068359
2037	2568.453369
2832	2566.257568
2091	2565.387939
3664	2564.857178
4232	2561.305420
2542	2544.892578
946	2544.602783
8785	2534.154053
1566	2527.370117
3391	2526.230713
196	2519.478271
1411	2517.934326
5067	2512.044922
3201	2511.675537
2107	2508.477295
2909	2507.140869
6712	2504.380371
4372	2501.125488
846	2500.477539
7800	2494.555176
2691	2486.132080
3496	2485.388184
2735	2485.302979
2117	2482.995361
4163	2481.454102
3159	2480.395752
10006	2477.527832
6838	2470.373047
7258	2462.304199
160	2461.747559
6987	2458.952393
1930	2458.033203
10283	2452.743896
7774	2451.784180
11382	2448.164062
577	2447.519043
1638	2446.120850
6796	2444.391357
8724	2441.984131
6972	2440.969238
9020	2437.358887
5173	2434.183594
10209	2433.179443
426	2426.416016
82	2421.955811
3989	2419.880371
2069	2415.726074
1089	2406.391357
3855	2401.071533
4249	2400.196777
4590	2394.218018
6499	2393.548096
8276	2385.736816
1581	2382.294922
1365	2375.918701
1363	2375.918701
7113	2372.932129
9552	2370.617676
3959	2367.232666
9701	2366.327637
9750	2366.307373
54	2361.771729
4391	2361.711182
7545	2359.089355
166	2358.974121
746	2354.832275
9657	2350.381348
8832	2347.890137
3758	2337.326660
1670	2336.927734
5237	2333.126709
5190	2332.304199
1986	2329.035400
3371	2319.341797
4635	2319.049805
496	2317.505127
5984	2314.520264
2707	2308.692139
10532	2307.895996
3352	2307.503418
7473	2297.384033
5073	2291.289062
3926	2290.417480
3206	2279.986816
5075	2278.661621
8655	2274.711182
2639	2271.252930
741	2268.102051
2996	2267.927490
39	2267.404785
7805	2263.882568
6647	2261.632568
5326	2257.234619
642	2255.424805
9168	2255.402344
7711	2252.468262
7705	2252.468262
3966	2240.602295
3192	2233.236816
3204	2231.524902
215	2221.926514
3936	2213.992920
4835	2211.979980
4775	2210.460449
8465	2208.634766
1207	2207.022705
3537	2204.750244
10216	2203.099365
6995	2201.657715
5798	2191.288818
11076	2191.286865
2657	2189.247314
10320	2188.784668
1656	2186.518555
2158	2185.122559
1455	2184.486816
3322	2184.196289
4013	2180.410400
1883	2177.298584
1049	2171.395264
6346	2168.814453
293	2167.236328
7520	2157.827637
8397	2156.299561
7280	2155.436523
7402	2154.468506
1530	2153.226074
7060	2150.078857
815	2149.489746
4381	2141.007568
4064	2140.901123
438	2134.301758
2153	2130.172607
7424	2130.150879
6836	2128.356445
2662	2123.575195
1534	2119.212158
5079	2114.390381
2934	2113.291260
2687	2111.339111
2488	2109.687988
6893	2099.309082
1208	2095.546875
493	2094.447266
2520	2092.472900
3211	2091.370850
4652	2084.651855
5585	2082.444824
3919	2079.629395
4909	2075.601074
3025	2072.046875
12318	2069.266846
1283	2068.959961
7301	2058.059570
3189	2047.273071
5648	2043.850220
942	2040.727295
1251	2036.773560
3920	2035.297729
9556	2032.747803
9786	2032.717896
8156	2031.753418
3409	2022.472290
6497	2021.152466
6275	2016.524048
2672	2013.235229
212	2011.979614
3059	2009.256958
3566	2008.664062
3651	2007.378662
3744	2001.230835
2035	2000.594971
2712	1997.205811
6169	1993.701904
9011	1991.548218
1870	1990.631958
3740	1987.598633
7276	1983.789429
5092	1979.847778
7561	1975.242310
9758	1974.641968
7336	1971.847046
875	1956.120483
779	1953.618408
5451	1946.758057
1138	1940.512817
3939	1937.578735
4054	1934.596802
3444	1934.419800
4043	1918.942383
12547	1918.608643
1258	1917.864136
6163	1913.962891
1917	1908.933594
3411	1906.037109
6133	1905.891968
2424	1905.815308
1693	1896.001709
2793	1895.743164
5961	1893.610229
2797	1890.146606
291	1888.302246
5174	1885.020996
5577	1883.540283
5980	1881.985840
6717	1880.038940
3491	1875.651367
2441	1874.018677
3958	1870.867676
4961	1868.415283
7290	1866.541992
9923	1863.484131
4245	1856.725342
3360	1844.856201
5354	1835.836426
2680	1820.259155
970	1818.987549
5511	1818.967407
1875	1814.841797
2642	1807.195312
3041	1807.074097
4688	1805.574951
1210	1801.764771
4307	1800.974731
1228	1798.159912
55	1795.204834
9739	1783.338013
8333	1782.121826
2814	1779.561035
2203	1777.276978
2216	1775.995239
44	1774.256348
4075	1773.399170
2635	1765.740845
3804	1762.152832
2092	1756.497681
2161	1756.396240
109	1755.193115
2989	1754.671265
8178	1751.032715
4640	1749.757568
4276	1749.156250
5626	1747.273560
4689	1746.128296
5247	1743.666870
4695	1742.129883
1331	1740.857910
7203	1737.309814
12085	1735.463623
6534	1733.502319
1837	1730.355591
3324	1729.030029
3694	1727.479370
8713	1725.150757
6306	1713.886963
5119	1713.352539
5117	1713.352539
5536	1710.878052
7013	1703.491211
9072	1703.047363
6310	1699.416992
11422	1698.771606
4888	1696.565918
2658	1694.738281
8666	1694.564941
2743	1690.253418
1261	1690.167358
1042	1681.706421
7129	1680.799561
4004	1675.876831
3304	1674.654907
5323	1671.732300
3905	1664.953857
3498	1658.969116
8911	1655.659912
7668	1653.248169
6743	1652.983276
7266	1644.724731
4647	1643.800659
886	1640.870850
3799	1640.293701
446	1639.057617
5638	1631.570435
4962	1630.833130
3640	1629.112061
8290	1623.634399
5726	1622.260864
2404	1621.993408
7739	1616.208130
7457	1614.946411
7387	1611.219482
6513	1610.245972
7444	1609.454102
1421	1607.257080
958	1601.835205
3231	1601.394287
3785	1597.166748
28	1597.016357
2536	1595.171631
7413	1592.461304
7412	1592.461304
11392	1591.157715
2377	1590.239502
8399	1584.705933
4250	1582.613525
9369	1577.420532
3535	1575.235596
850	1574.255249
6821	1569.796021
2615	1569.140991
1075	1568.655518
6445	1566.813110
17	1562.703125
791	1561.324707
5052	1558.232666
5342	1554.851685
9669	1554.713135
3975	1553.927246
1464	1551.079346
2125	1547.477295
1079	1547.244995
8924	1542.164429
4240	1542.065552
6644	1539.511719
2301	1536.443359
4815	1536.377563
9829	1534.434448
3704	1529.739136
64	1528.687256
6533	1527.505249
163	1526.604980
695	1526.274658
7655	1526.012207
6434	1526.008057
1808	1524.912109
8490	1523.501465
5532	1520.800415
3426	1516.052368
2359	1515.685181
9477	1515.236084
12112	1514.315918
8325	1512.611084
1072	1511.582153
2528	1511.118042
6406	1505.089600
5346	1502.660034
3012	1496.645020
1587	1495.140259
3746	1493.420654
455	1489.000977
181	1487.900879
9423	1486.747803
10260	1486.675171
2980	1486.292603
1982	1484.433594
8159	1482.353516
4668	1479.722656
10075	1477.970947
5134	1477.500732
9899	1475.965820
1839	1472.970337
1276	1472.566650
834	1472.138916
9753	1469.865601
1894	1469.283936
7088	1466.926147
6631	1464.695557
985	1464.237549
6212	1461.578613
116	1460.524902
11405	1459.396729
4144	1459.149048
2612	1452.266479
889	1452.203247
3285	1451.659912
1498	1447.359131
4684	1445.083130
4591	1444.574341
1346	1444.288574
6	1442.734375
5880	1441.684082
7930	1441.485840
5625	1440.585083
8723	1439.876587
9110	1439.476929
424	1438.641846
2683	1434.203735
6652	1433.927490
527	1426.957886
1147	1426.888428
9348	1424.879272
5144	1423.083496
3957	1420.578735
4265	1418.544556
1969	1414.133789
809	1412.209961
4749	1410.592285
9884	1407.005859
476	1405.957397
2454	1405.294067
9730	1397.725098
1246	1391.943604
306	1383.537476
4251	1381.442871
7291	1380.817017
5080	1380.506226
464	1378.777466
6049	1377.625977
2467	1377.166016
6338	1376.913818
4831	1375.313965
7257	1372.101807
8034	1372.025757
3152	1368.921387
3149	1368.921387
617	1366.614990
647	1362.766968
10726	1361.876465
1178	1358.912720
8663	1352.150513
5355	1350.544312
4189	1347.554077
451	1345.667725
1217	1345.226685
11983	1341.073486
7579	1339.901001
4947	1337.661377
4805	1337.401733
7622	1336.367065
1945	1336.152222
854	1335.629639
337	1331.381958
913	1330.597534
1497	1329.824707
11445	1329.571167
3781	1329.093750
7431	1326.582275
22	1326.411621
10714	1324.555298
2310	1318.705078
4820	1318.171387
6177	1317.553101
9285	1317.110229
3353	1310.962646
2044	1309.875488
8477	1304.701782
2809	1304.089111
3500	1301.038086
1215	1300.626343
4352	1297.681030
3268	1297.350220
962	1295.690186
4905	1293.834717
7902	1293.596436
3891	1293.413574
1584	1293.381348
3747	1292.395508
6572	1290.953125
1742	1290.527710
9383	1289.454224
5718	1287.332520
4295	1283.922363
3897	1282.140259
1984	1280.398560
3555	1277.250366
5753	1276.937988
5008	1275.568481
10336	1271.468872
1573	1270.958130
2911	1270.780029
8529	1268.381470
10206	1266.713623
4963	1265.671509
5376	1264.103027
6614	1263.338135
2166	1262.085083
8741	1259.751099
2171	1258.110229
7361	1255.901489
7631	1254.326782
7022	1248.517944
1789	1248.500366
2709	1248.336426
6330	1248.159912
1391	1242.735718
4644	1242.711182
7605	1242.645874
9878	1241.078979
2587	1238.586914
10732	1237.935181
628	1235.069214
10248	1232.282104
8088	1231.531860
2574	1230.548828
7124	1230.279663
864	1228.961426
9206	1224.146362
2147	1220.818359
10939	1218.581055
5140	1215.639648
2551	1214.070190
7508	1212.388306
8519	1211.729248
819	1209.720947
1963	1209.415771
8870	1209.398560
5617	1209.181274
3918	1208.988281
4398	1208.014893
697	1201.858398
3443	1200.505249
2907	1197.653687
2851	1197.105225
885	1195.545410
6469	1194.884155
9372	1193.097412
2459	1190.626221
5547	1190.374512
5957	1190.284668
3200	1188.542236
7801	1186.950684
634	1183.206665
9030	1182.301147
1071	1181.483643
8261	1175.153687
3003	1174.330933
478	1169.677002
1085	1168.344849
6630	1168.304688
3364	1166.832642
3334	1166.117188
3164	1166.080688
1800	1165.063599
6448	1164.269409
2514	1160.190918
7454	1160.186401
4786	1158.596313
3637	1157.388184
1100	1156.615234
9225	1156.479370
3433	1153.876831
1193	1151.743774
371	1151.432007
10525	1147.119141
11335	1145.397949
3779	1145.015869
8947	1143.467163
2207	1142.251343
2880	1141.557983
1102	1141.251343
1432	1138.787476
2127	1137.008179
5846	1136.450317
1669	1136.103760
3987	1135.401001
735	1134.880127
3864	1133.957031
6906	1133.750000
1211	1133.563843
2230	1130.719238
10380	1129.095215
2698	1128.088745
3844	1126.922241
3836	1126.922241
1137	1125.782471
2753	1124.517822
4895	1124.245483
6687	1121.994385
12330	1120.963867
6069	1119.648682
891	1117.377075
8027	1113.327759
6059	1110.682129
6698	1110.145874
5141	1109.431641
8484	1109.174194
3934	1108.172363
9999	1107.867065
8349	1104.232666
2204	1099.506226
1175	1098.663452
804	1098.579590
5805	1095.160645
11430	1093.158447
1401	1090.972290
1223	1089.913086
840	1089.870239
5025	1085.082886
1065	1081.343384
3158	1075.963989
5221	1074.949341
4123	1074.859741
2217	1073.891846
2376	1073.748047
7636	1072.439453
1338	1071.233276
5307	1070.142822
1362	1069.126709
9320	1065.679443
1936	1062.586914
4291	1059.517822
1785	1054.508667
1294	1053.482666
1414	1051.287720
5717	1051.223022
5512	1048.135742
4697	1048.129883
2740	1046.212402
2759	1044.504883
2530	1043.891113
2356	1040.124634
7331	1037.208740
5811	1032.847778
2259	1032.649292
3954	1031.505005
221	1029.786987
4386	1029.719604
10972	1029.480225
569	1026.305176
694	1024.138916
2322	1023.177246
4333	1022.873352
4448	1022.728149
11029	1022.507324
11027	1022.507324
5234	1022.053955
3522	1019.173645
1522	1017.942200
6409	1017.560181
5683	1016.045776
4512	1014.673889
4248	1012.458984
1578	1008.164307
3675	1008.018433
5271	1007.477051
3136	1004.534058
5973	1003.722656
4109	1002.919434
8526	1000.124268
9427	998.709717
1339	997.619080
2308	997.528870
8367	997.315247
326	995.516602
2603	992.304504
8254	992.296143
23	991.583435
16	991.130493
4518	990.781921
2425	987.283936
6789	987.018372
3393	986.176025
4857	985.239014
4367	983.318115
2279	981.496033
3512	979.221191
3749	977.854858
1226	974.406982
5986	971.625610
5565	970.922241
8848	964.602905
3213	964.452026
4399	963.125488
1545	962.190918
5855	961.487366
9810	958.636292
10529	957.507935
8805	956.879150
4066	954.695007
6522	954.686279
7866	953.949158
10685	951.204895
10683	951.204895
1993	950.335022
11383	949.687927
2227	944.443665
4926	944.267944
5990	942.928040
4772	942.203552
6626	941.381409
11624	939.855896
1846	939.696228
3129	937.822937
7614	936.655396
12182	936.178650
7421	935.907654
2249	934.425781
3534	933.741455
2033	933.097351
1822	932.377258
6945	932.191162
3168	931.900940
1537	931.707947
9997	930.564880
168	930.402954
1923	929.958130
1863	928.816711
2554	927.902344
11496	927.193298
1657	926.282288
6852	925.846741
6849	925.846741
4496	925.841187
5057	925.222534
3709	924.550781
2390	923.290466
5131	921.359375
2444	920.058167
9253	919.684021
4430	919.324402
6003	913.759949
5378	912.978638
6197	912.959290
2666	912.565308
10051	912.299927
2784	911.871155
7848	911.388306
4423	907.779785
5083	907.135437
8439	902.666199
5539	901.015137
1181	899.275940
807	898.437744
1005	897.623169
5722	897.591309
1574	895.835938
2099	892.930420
3963	891.436035
7664	887.944092
6426	883.855164
1271	883.374329
7536	882.886108
1427	882.795349
4793	881.017517
4239	879.803162
2291	878.140564
2341	876.684875
9333	874.628662
5533	873.859314
5556	873.774048
669	871.802551
1995	871.568848
3131	870.175720
1495	868.635620
12241	868.335999
3893	867.119141
59	866.945557
3886	866.023987
9357	865.266541
9265	865.263184
7879	864.326782
3817	864.263977
4465	864.240295
5680	861.350220
2321	861.120667
5422	860.661316
4151	858.022583
5455	857.051392
8224	855.672302
3540	854.301575
5385	853.705505
5424	853.382141
742	852.944824
6560	852.874207
6633	851.972412
4822	846.062317
10055	845.016357
6578	841.316345
921	839.746704
5921	836.661133
6392	836.400269
5214	835.133606
5213	835.133606
2991	832.738647
10621	831.670837
10616	831.670837
10611	831.670837
10605	831.670837
10596	831.670837
10593	831.670837
10592	831.670837
10583	831.670837
10582	831.670837
7762	831.122437
589	828.621338
8615	828.018860
10991	827.257446
4197	826.867371
1288	823.518494
3745	820.533813
117	819.349182
1600	818.172302
593	814.080200
556	813.867310
3636	812.675171
1668	810.341736
5066	809.175476
3739	808.453918
10516	808.130249
7660	806.639404
7202	805.918823
7096	805.873535
8307	805.755737
2000	803.736389
7012	800.963501
4272	800.242798
5701	798.726990
7654	797.987305
7532	797.843994
5735	794.326050
2794	794.221985
7310	789.629517
3978	787.560181
4646	787.192322
1885	784.956177
3878	784.712097
3973	784.143127
3128	783.849243
11818	782.462891
2068	782.287903
1741	780.979797
5655	778.985596
10093	778.289795
610	777.828552
554	777.247314
6515	774.435791
3623	771.505981
4425	771.403381
1536	770.252441
1132	770.016357
42	768.785706
6695	765.362488
3523	763.916138
11077	762.584167
10746	762.249695
6417	761.532471
1298	761.219543
7120	760.272705
4515	758.362610
9084	756.420654
9639	755.271240
8404	751.591919
7162	749.965088
5820	749.921509
7383	747.216003
158	745.100281
1227	741.728516
2771	740.372925
3398	738.487122
1182	738.206238
7704	737.322571
2531	735.312256
9722	735.264771
1289	732.760376
2213	732.335999
5029	729.976135
5018	729.860352
4418	729.219482
772	727.076050
6777	726.842957
508	722.482300
4403	720.892273
7353	719.082642
11070	718.747253
1319	717.483582
6886	716.517883
3281	715.913818
8324	715.789185
7006	713.936340
2003	711.523193
3348	711.010986
8297	709.982788
4500	709.579041
3677	704.961304
3998	704.712341
9472	704.593933
5609	704.173340
5709	704.038757
5246	703.875793
10625	703.055115
6845	702.673218
4225	702.464539
11397	702.036316
4745	700.275330
8047	699.875610
1067	696.996704
794	696.983398
4726	696.763794
9968	695.319946
7746	695.010559
1086	694.606201
11438	693.513245
4592	692.143921
299	690.646667
8427	687.132080
3751	687.027100
6523	686.696411
5947	686.291260
4395	685.105042
6682	684.301575
1999	681.853577
3591	679.594177
7743	677.800537
1491	677.750366
4221	677.365906
7565	676.360962
4748	676.355042
3974	675.661194
7547	670.803711
4595	669.627441
5251	669.258118
3461	667.389954
2571	666.816101
8312	666.814880
2644	665.918640
7216	665.445129
1665	663.137634
7377	662.399597
523	660.331543
5787	660.135254
6447	657.869873
6930	657.723938
4263	654.148315
10557	653.610779
253	653.018311
12340	652.351013
7504	651.517029
5534	647.778137
3191	647.394470
267	647.153748
5630	646.436279
5669	645.356262
3792	645.289673
2937	644.979492
5381	644.391724
7016	643.599670
3531	643.441895
5604	640.495972
1570	639.510071
5309	638.732727
6439	638.123047
6423	637.893677
1034	637.033020
5258	636.404968
6364	635.780518
2926	633.859009
3106	633.366760
10636	632.812134
466	632.512756
10304	631.030579
2495	629.647766
1039	627.441162
4267	625.723145
7644	624.856079
7010	624.144653
1354	622.980103
5139	622.131958
1404	620.616455
868	620.388306
8105	618.317322
3301	618.113464
2280	616.569275
7080	616.221252
9691	615.788696
3063	615.735779
3585	613.872986
3406	613.584473
2983	613.373901
7492	612.645508
8260	611.792236
2292	611.503967
8793	610.827698
3676	610.185791
9127	610.162476
4101	607.742554
1520	605.094727
2298	602.534424
9839	601.422180
3015	600.663269
2655	600.302124
6238	600.283142
8457	600.003052
7173	599.258606
11829	598.995972
2890	597.537354
7222	597.299622
2972	596.658264
2041	596.531189
8030	596.516907
644	595.266907
4365	595.080261
4459	594.820251
9877	594.153076
8779	593.710999
4925	592.784058
3349	591.922974
1341	591.568420
1336	591.256470
7996	590.937622
11426	590.511353
8570	589.531128
5341	589.393005
5776	589.056335
6622	588.314941
8469	587.564880
5310	585.459106
7252	585.312134
10058	584.161377
8256	583.770020
2973	581.964111
2391	581.521912
783	581.418762
4899	580.314209
1010	579.299316
6897	578.852844
9843	571.679504
1016	569.757202
3961	568.512878
1395	567.664001
1971	567.587402
6900	566.588074
384	566.586487
2188	565.825378
3911	564.045288
5442	563.981140
7285	563.958130
7732	563.953003
7340	563.417114
4489	562.693726
5113	562.017883
776	559.980957
3459	559.292236
3465	559.089233
5163	558.358521
489	557.879089
7976	557.770081
9638	557.709290
5076	555.336426
5224	555.253235
4097	555.062134
3928	554.309021
2085	554.107300
5794	552.996399
3474	552.409973
8406	551.559143
4159	549.351196
2778	547.881226
5551	547.376160
6603	547.360901
7998	545.972717
6553	544.607605
10274	543.792725
649	543.784119
3469	542.100159
1322	541.583618
4645	540.980713
7956	540.807739
8767	540.441895
268	539.321411
6518	539.003357
1441	538.259827
7703	536.761719
5673	535.770508
4813	535.754578
5851	535.694458
1829	533.868164
3265	531.417236
1036	531.131836
10649	531.063965
11349	528.778870
2432	526.262024
10198	526.033813
11323	525.498962
4651	525.265808
5411	524.992126
11617	524.574036
11610	524.574036
7102	523.307068
139	522.940552
4256	522.880066
5320	522.740845
2992	522.690369
3290	522.192139
9647	521.957336
1631	521.427795
10998	519.948486
11567	518.846191
3342	518.686890
1064	517.686096
8031	516.810608
8128	516.699524
8598	516.330994
3538	515.812866
10117	515.292297
6242	515.228210
1489	514.708008
6195	514.418335
3753	512.977051
2211	512.017456
7573	507.828766
592	506.540161
6824	505.878021
1118	504.081635
5841	503.624329
5236	503.343658
2392	502.708313
2347	502.560211
285	499.748993
5618	499.642578
9422	499.210541
7544	496.561188
4217	496.500092
9184	496.325653
4461	496.303986
1643	494.355652
12420	493.928711
4466	492.337036
8912	491.846313
3940	490.767090
2449	489.472992
9964	488.929901
4039	487.380249
8759	487.186249
7321	486.227142
1199	484.616791
6571	484.469391
1649	484.098328
5821	484.048737
8757	483.852966
8381	483.604126
4594	483.489655
1142	482.739288
4842	482.439301
9920	480.735596
4445	480.400024
1577	479.875153
2689	479.411102
2130	478.539459
4115	476.785309
1636	475.586792
5023	474.908447
6431	473.093994
6211	472.622925
5351	471.502441
11494	471.261292
1076	470.990021
5220	469.563385
6820	469.366425
10452	468.048920
9938	468.028259
3688	467.244812
2586	466.507965
3602	464.125763
2999	463.936859
3988	463.855255
2344	463.427826
7414	463.240356
6648	463.096436
5394	462.758484
4347	462.317108
6615	461.596680
9608	461.077545
6182	460.345703
8449	459.876740
4473	459.864227
1483	459.373962
3717	458.515015
6600	458.371094
6300	457.490326
3728	456.955841
7698	456.881073
7693	456.881073
4503	456.213989
10335	456.118378
3084	455.670471
5818	454.528625
5738	453.808624
3812	452.990143
6579	452.506439
8016	452.238708
6542	450.368683
6263	448.517242
3801	448.496674
9851	448.016815
743	448.003815
1435	447.758636
1167	447.611145
1165	447.611145
4867	447.561005
1949	447.442535
7263	446.333527
10197	445.934845
7467	444.258148
5164	444.000336
5563	443.550598
522	442.836548
1471	442.199768
9507	440.496399
1046	440.253723
10167	439.151825
4149	434.984680
7645	434.833435
6142	434.188385
1747	433.642029
5728	433.530731
1621	433.367462
6231	432.958282
3139	432.725128
4785	432.534637
6785	432.246735
3652	431.737610
4960	431.691406
11492	431.338684
9108	430.657745
9965	430.630707
1877	430.366272
605	430.358032
8820	429.980133
9518	427.562317
5745	427.536133
2839	425.868408
6470	425.376190
6735	422.979858
2430	420.208984
2122	419.945801
3922	419.356934
4803	418.724915
4442	418.007935
2334	416.056702
11490	415.883209
8563	415.516266
5837	415.178070
11872	415.161011
959	415.041687
9446	414.530182
7261	414.499298
909	414.489349
4278	413.105377
6599	413.004578
3828	412.055511
2516	411.769745
9452	411.573334
8544	411.175842
2968	409.782166
487	409.354919
1943	409.316498
8104	408.603516
1367	408.461243
5870	407.303772
5607	406.853119
2787	406.734955
9340	406.195526
5899	405.603180
3067	405.295532
11408	404.397552
3748	404.287445
661	404.039490
1989	403.916290
5427	403.699799
8426	403.477600
5474	402.447632
5099	402.089142
8975	401.984100
926	401.517639
6443	401.487885
6552	401.172058
10250	401.006165
3169	400.425934
11507	400.103088
10892	398.423126
7371	398.158081
9891	397.995789
8338	396.258942
3935	395.932556
3929	395.932556
9862	395.518616
3429	394.876038
7507	393.945251
2082	393.599121
1156	392.138275
3625	391.981232
2782	391.647247
2431	391.546143
652	391.264893
998	389.690521
6775	389.283813
6693	388.589020
1306	388.328430
8300	387.948395
1979	386.605682
1700	385.281128
11695	385.191833
1087	385.013245
1080	385.013245
4554	384.933746
10353	384.520020
1759	382.837891
2647	381.822784
9905	380.406158
5872	378.711792
5263	378.409210
1073	378.013733
7115	377.816559
4470	377.067108
4671	375.440369
6948	374.952942
11574	374.435730
3299	373.473816
727	373.286316
7183	373.204895
5914	372.201660
5647	372.036865
9294	371.843567
1450	370.736420
4319	369.112457
6250	368.982758
389	368.872070
387	368.872070
4824	368.591736
5094	368.582458
6543	368.512878
4612	368.114471
8058	368.079132
720	366.727905
7363	366.499695
281	364.870575
2499	364.088654
3138	363.377930
9760	362.698730
713	362.541656
5850	361.160767
6436	360.651825
565	359.699005
1446	359.568115
5908	359.295898
2936	359.197479
415	358.807709
5169	358.117096
10273	357.939362
5772	357.730927
8886	357.125763
6123	356.634949
6787	356.601654
2312	356.127777
5662	355.758636
7188	355.576447
4252	355.157288
7685	355.051208
6210	354.440369
4363	354.308075
2337	354.305389
5596	354.077667
8739	353.927673
5364	353.427521
1549	353.158508
3384	352.308105
9008	349.724518
7502	349.276825
164	349.195374
7523	348.315704
10137	347.858673
11192	347.238464
2754	346.891205
9553	346.878571
4134	345.564636
5671	345.263763
7609	345.258270
4181	344.736633
6254	343.171387
6755	342.286682
4315	342.285828
3276	342.272369
7215	342.256378
8078	342.074310
199	341.747192
4317	341.603790
5254	341.189301
801	341.067749
4890	339.520935
2300	338.889801
7829	338.599213
4014	337.151398
3763	336.883301
8346	336.293823
372	334.534271
6827	333.716125
9431	331.441681
10951	330.959564
7694	329.503540
3365	329.467072
7494	328.545837
6770	328.085022
2928	327.945007
6884	326.674866
6285	326.550018
9787	326.379150
2361	326.253754
8797	326.203339
2708	325.855255
6696	324.771118
4371	324.694946
429	324.440521
1624	324.066345
9537	324.016418
1022	323.400452
699	323.350983
8596	322.838806
2608	322.378937
10261	320.909637
5216	320.849030
3068	320.566498
3833	319.617767
4953	319.154846
1157	318.850830
9217	318.683044
5187	318.180725
5754	318.157166
7993	317.236359
2116	317.233521
4316	316.971741
3948	315.818726
2903	315.232727
8161	315.003632
8633	314.760284
7366	313.689117
7418	313.177734
4145	313.073822
9113	312.363068
4674	312.000092
2772	311.877441
1300	311.454559
97	311.157715
3119	310.921356
3505	309.955078
6536	309.734375
7082	308.762115
11470	308.677490
5279	308.641357
2223	308.270142
6106	308.131866
8295	307.666260
8281	307.666260
10493	305.662323
6550	305.567902
1866	305.499268
2659	305.136261
4012	304.452057
3392	304.156952
4692	303.708649
11447	303.562561
8482	302.093842
6801	301.899933
7289	301.543884
2681	300.865692
6045	300.562592
2596	300.283142
6401	299.377075
1965	297.960327
6966	297.932068
2534	297.527252
11218	296.659546
2567	296.566833
1996	296.272095
4525	295.127228
10900	294.792023
5504	294.660736
5230	292.812469
4326	292.157440
11340	291.296265
4544	290.614960
6321	290.490814
5911	289.351074
6885	288.902710
8380	288.704285
7221	288.516663
9771	288.178986
3687	287.015076
8476	286.968353
8506	286.703766
6363	286.234619
9623	285.911621
6537	285.599945
5322	285.570007
8520	285.477234
5696	285.444763
4825	285.322723
3894	285.252838
4241	284.957733
765	284.241821
1836	284.183289
5148	283.756134
11388	283.735596
8458	283.534760
10061	283.512787
8979	283.477173
4334	283.466370
5024	283.363800
4549	283.155121
4628	282.456390
9902	282.395111
6823	282.017639
5050	281.439911
782	281.263428
8728	281.022095
4493	280.934906
5383	280.902466
6588	279.940277
7112	278.784088
586	278.783752
8092	278.185059
8368	277.978210
243	277.155273
7018	277.107788
1654	276.602661
2769	276.056763
8165	275.812378
824	275.677612
3108	275.623016
7324	275.518097
1295	275.505310
2910	275.328339
6486	275.212891
529	274.374725
6942	274.007965
763	273.203705
3242	272.971649
1809	272.862091
4600	272.147675
2785	271.971741
7471	271.765167
6970	271.574066
7359	270.579987
3441	270.276215
3047	269.834442
4262	269.356995
8753	268.898468
9209	268.512299
11691	268.029236
10413	267.123932
1560	266.753815
7875	266.745514
225	266.641876
2184	266.391388
8057	265.828796
5834	265.652466
7065	264.830963
11477	264.575073
7613	264.359283
9667	263.822998
4568	263.768494
2400	263.461853
7014	262.784424
11040	262.573212
6180	262.569153
3970	262.538879
8504	261.789856
9780	261.584290
341	261.496368
6007	260.938721
4955	260.465912
2949	260.316833
2302	260.261688
1268	259.812439
935	259.735779
8362	259.578125
5479	259.298096
10043	258.707245
982	258.241211
7617	257.835175
2368	257.186798
2075	256.906708
7017	256.893494
5194	255.978363
4452	255.226059
5955	254.467316
8374	253.977768
9500	253.959244
66	253.882629
1426	253.601868
2721	252.906189
4587	252.895569
8577	252.530212
8881	252.468277
2967	251.668945
3104	251.475510
6675	250.965500
557	250.700836
9023	250.668411
10169	250.660294
4903	249.322586
2384	249.210724
1472	249.102127
4576	248.173203
6186	247.152252
3493	246.376633
7627	246.183044
6041	246.024033
5939	245.547485
5749	243.950577
6819	243.674438
8623	243.036392
9880	242.005707
3938	241.398209
8736	240.859512
8718	240.030594
6440	239.887589
6424	239.887589
6422	239.887589
3654	239.545486
4508	239.537064
8203	238.989960
1562	238.747559
8376	238.552277
5093	237.454453
6042	236.287125
4214	235.448532
3008	235.348557
3005	235.348557
3843	235.292007
4776	235.164032
11773	234.951157
3135	234.908112
3847	234.875748
8719	234.307327
873	234.073425
1007	233.791321
7809	232.845200
7512	232.494492
7487	232.159866
6031	232.098557
4875	230.693527
7815	230.258820
6013	229.432800
1264	228.912415
1112	228.646118
6329	228.615158
3544	227.953888
5775	227.789978
8409	227.428970
2399	227.165924
827	226.636612
8066	226.565948
3608	226.238358
7403	226.160095
7572	224.966919
7268	224.925858
8011	224.381927
8652	224.344131
4451	224.222336
5196	223.558441
8095	223.295822
7225	222.399780
3774	221.477966
2417	221.273804
6035	220.766327
7745	220.403122
7741	220.403122
10081	219.822510
7485	219.802979
2167	219.663849
1779	219.596542
8525	219.541870
6891	218.625732
3446	218.597534
5077	218.469589
2535	218.453064
5649	218.147446
4323	218.104294
9752	217.929306
9818	217.466995
3472	217.359665
1023	217.051682
11548	216.598755
8269	215.706055
2904	214.334091
12015	214.041245
11018	213.963379
5363	213.522095
5	213.377121
7962	213.283936
8023	213.282639
9882	213.067856
9564	213.036072
4222	212.102005
10042	212.036667
1533	211.924362
5524	211.496765
12181	211.358139
12177	211.358139
1131	210.138596
11601	209.356262
842	209.261520
6842	208.939362
6009	208.764801
11197	208.623627
8320	208.524673
9439	207.972000
5763	207.759644
401	207.489365
7981	207.486847
1634	207.469467
220	207.373764
1639	207.269638
4486	207.265839
3680	205.633667
6510	205.566559
3217	204.361954
7897	203.950333
6333	203.140076
10944	203.066147
8656	202.518326
5972	202.243393
3216	201.753723
4427	201.466293
7180	201.249069
8235	199.971863
8540	199.637024
3822	199.381332
8176	198.626495
3247	198.603531
4421	198.316910
1869	197.506607
403	197.467896
9356	197.231613
8515	197.165024
4571	197.030457
4351	196.928741
5866	195.496674
11159	195.426147
4320	194.968536
1496	194.961716
8651	194.327835
4613	193.541077
3554	193.214798
5704	192.820831
5702	192.820831
3944	192.645370
3941	192.645370
3937	192.645370
5450	192.054001
6495	191.914413
3741	191.235489
3483	191.134399
8505	190.960251
2582	190.890045
5153	189.995163
360	189.954239
12245	189.904266
955	189.298950
6593	188.943817
5453	188.792084
614	187.797363
470	187.684784
10146	187.550385
8233	187.252930
3021	186.880173
4073	186.543930
1804	186.422928
6628	186.389557
7327	185.396774
1900	185.314468
7198	185.259079
1485	184.950027
8359	184.908829
872	184.441650
8605	184.238724
6318	184.088150
5250	183.895279
1544	183.768509
1048	182.734924
1437	182.268448
5659	181.849777
4274	181.745590
4414	181.131805
777	180.858215
6843	180.715683
672	180.347839
7527	178.788864
8438	178.113052
386	178.020752
5102	177.558609
3872	177.331573
7167	177.319733
288	177.291977
2288	176.627579
3632	176.485199
5345	176.428162
7300	175.283218
5143	175.090729
7028	174.947037
9560	174.161774
5719	173.983658
2714	173.558990
3248	173.501678
10257	173.195786
2015	173.125687
2192	172.859070
1134	172.144623
1738	172.115707
4210	171.409775
6952	171.352661
4128	170.954407
7799	170.213974
1518	169.823029
949	169.590958
6396	169.423264
4693	168.527985
10001	168.480515
1512	167.898651
4390	167.601425
3418	167.550980
10973	166.627838
3729	166.591019
4555	166.585251
6393	166.149887
4156	166.051941
8919	165.501877
6048	165.337540
11431	165.148895
2669	165.077850
10374	164.999481
8992	164.389908
5129	164.120422
5128	164.120422
5127	164.120422
7362	164.016785
7341	164.016785
1705	163.918625
2237	163.854004
6898	163.731827
2525	163.024338
9603	162.886459
9601	162.886459
9600	162.886459
9596	162.886459
9595	162.886459
4170	162.787735
3166	162.557877
3171	162.110352
5359	162.033005
768	161.841431
5458	161.814148
9016	161.488785
2251	161.019699
2775	160.820801
6145	160.363541
9331	160.239960
1117	159.796234
3180	159.788132
7160	159.258362
6618	158.305481
6044	157.716980
4077	156.755508
5268	156.602386
5031	156.155014
4978	155.916595
298	155.552322
2131	154.923172
2831	154.862045
7347	154.758301
2601	154.752991
4954	154.705139
4948	154.705139
9438	154.282379
7170	153.876526
6728	153.752853
4514	153.736954
8377	153.423615
3942	152.444687
4079	152.008316
4288	151.828506
7586	151.685410
8483	151.461578
6408	151.188492
1725	150.926254
8837	150.419846
9614	150.369949
2366	150.254166
120	150.038269
12189	149.634613
12180	149.634613
12179	149.634613
12178	149.634613
9729	149.634613
2486	149.303680
7101	149.230576
6407	148.761093
459	148.524002
12333	148.072784
9151	147.858841
5344	147.763275
9214	147.611237
1201	147.448502
10238	146.951553
2064	146.817505
7885	146.574249
7100	146.123199
9836	145.571411
1061	145.490082
6677	145.440384
9778	145.134064
9910	145.122940
9909	145.122940
5305	145.006393
4868	144.980713
646	144.890427
10150	143.840683
10147	143.840683
10145	143.840683
4273	143.016830
9223	142.977570
5557	142.817123
6597	142.648743
4588	142.009583
11630	141.998184
1991	141.984741
6716	141.872681
6368	141.520203
4551	141.498627
4548	141.498627
7297	141.429443
4812	140.720947
9021	140.079803
9014	140.079803
2438	139.696899
1316	139.676819
2935	139.517853
1815	139.365875
338	139.242050
435	139.142548
6112	139.030289
4884	138.832108
3809	138.628937
2157	138.615646
3450	138.194656
10307	138.191071
8017	137.765625
1508	137.674713
823	136.963379
1676	136.921219
4569	136.637970
2240	134.989243
9732	134.070755
9420	133.877899
3572	133.861252
6415	133.837906
1692	133.744293
923	133.071701
4691	133.057526
6806	132.790253
1795	132.567596
800	132.435211
1803	132.109512
562	131.846924
3657	131.006683
2522	130.789474
1232	130.712112
3516	130.614136
5892	130.462387
5891	130.462387
3524	130.107193
11304	129.852615
8662	129.784454
2434	129.734985
4638	129.604294
904	128.931976
3473	128.696701
8761	128.448349
6365	128.276642
2205	127.383835
7355	126.932854
7323	126.932854
5265	126.742416
3679	126.229080
6959	126.075569
5816	126.005043
5885	125.691933
3486	125.630569
3485	125.630569
9692	125.537796
6383	125.135338
4543	124.952614
5825	124.847809
4876	124.842354
4209	124.781906
11144	123.217415
8591	122.545952
8650	122.027206
7992	121.563011
4804	121.189682
3790	120.799973
2498	120.730003
11913	120.604813
6046	120.585030
2123	120.250511
5865	120.170395
7718	119.657112
6056	119.304100
1974	119.103630
626	119.059441
8695	119.046860
11671	119.038460
6653	118.087341
7116	118.064598
5471	117.941154
7348	117.674232
6795	117.394112
4306	116.694115
9953	116.033699
10089	115.812630
5894	115.454620
10040	115.104057
8964	114.995529
9805	114.947495
5956	114.725197
7950	114.681122
385	114.044144
2435	113.998009
11101	113.819962
7633	113.489693
9948	113.202827
8535	113.096123
7524	113.020294
7075	112.966362
1701	112.822113
5675	112.687469
7460	112.562721
1115	112.526047
7860	112.471046
11195	112.276512
3583	112.034966
9308	111.876915
6487	111.375038
4246	111.281410
1718	111.101685
6567	111.052673
4397	110.962730
6466	110.867661
12129	110.511482
977	110.380089
6958	109.972832
7404	109.775352
4742	109.496063
5992	109.392891
8378	109.186134
4373	109.136909
4818	108.966705
1308	108.540298
10334	107.970985
1267	107.468468
1504	107.130501
9562	106.676125
1811	106.298744
2268	106.267853
4663	106.259407
50	106.157379
1978	106.082390
5977	105.956367
1605	105.823456
251	105.812485
3570	105.722885
10299	104.876755
9019	104.081718
4244	104.007721
2104	103.787254
2098	103.787254
5491	103.712997
7440	103.409798
786	103.383850
5806	103.340080
324	103.260223
9784	102.998009
4709	102.509666
173	102.408615
9979	102.246185
3530	102.060326
9335	101.976791
10925	101.951096
8177	101.908691
9361	101.866760
4207	101.545334
10924	101.227303
5406	101.190018
10333	101.148468
5902	101.120415
8860	101.022209
6729	100.687508
1757	100.139893
7634	99.988998
101	99.984390
9587	99.875961
6725	99.777603
4259	99.732559
7356	99.341339
5784	99.147858
4743	99.061249
1830	98.975700
9155	98.613495
5384	98.544548
2323	98.542107
5440	98.149155
3289	98.039825
10101	97.933319
3653	97.719246
6840	97.647919
5501	97.619301
2512	97.569672
8609	97.381447
6957	97.293472
833	97.121780
4892	97.076370
11242	97.032784
924	97.006989
917	97.006989
7961	96.812935
2418	96.421654
6181	96.188118
11286	96.183350
11302	96.121902
9693	96.026085
10030	95.904884
3049	94.987862
7819	94.808266
5815	94.112335
10348	94.068291
3635	94.013718
6012	93.760559
9963	93.599091
12155	93.401016
4366	93.338425
9170	93.325607
2553	93.013481
984	92.330460
5361	91.751083
3559	91.508911
8123	91.319977
255	91.258224
4680	91.082558
11188	90.724731
6110	90.438156
428	90.100876
6449	90.049591
6351	90.033981
6027	89.989769
4593	89.867928
377	89.836121
8885	89.810822
4573	89.712311
5166	89.215141
3355	88.840790
6098	88.765320
10021	88.713593
7751	88.223351
4401	88.173737
5492	87.949615
5530	87.914452
6216	87.768456
6213	87.768456
8044	87.590485
1796	87.555313
8990	87.469055
7857	87.364914
7240	87.014214
11698	86.721764
11697	86.721764
11696	86.721764
11694	86.721764
1481	86.354980
525	86.262291
12458	86.260498
12456	86.260498
5554	86.104675
5030	85.950363
3383	85.928322
8642	85.876312
3770	85.873886
5302	85.838737
5444	85.617912
3508	85.564774
9219	85.551025
6989	85.078903
2801	84.834290
6869	84.774223
3882	84.477005
4949	84.351357
10933	84.021881
4404	83.624580
2660	83.437492
7074	83.414680
8516	83.082619
9370	82.971672
4224	82.167793
10632	82.043556
3713	81.466118
5674	81.426750
11228	80.993294
11224	80.993294
2537	80.963402
2916	80.847946
3551	80.340065
11092	80.257294
2974	80.249977
7370	79.778191
11270	79.519730
8073	79.450432
8493	79.414574
1403	79.286079
5429	79.236290
3278	78.810036
1951	78.296989
7450	78.093575
6962	77.929901
6961	77.929901
6960	77.929901
6565	77.417068
4839	77.388550
3117	77.258080
8721	77.144180
7990	76.852547
3014	76.790512
2487	76.739410
5314	76.422417
2126	76.286964
7449	76.023247
21	75.849815
2284	75.331657
1454	75.166092
8405	75.072731
1817	75.018692
5826	74.958618
6352	74.734222
11022	74.732216
5294	74.645264
4345	74.431274
7843	74.237572
3787	74.184929
5423	74.154053
5421	74.154053
3802	74.035591
8342	73.900345
2429	73.603020
2364	73.588371
2164	73.526176
1914	73.491463
4155	73.181038
5864	73.115448
1959	73.076721
7099	73.022118
1651	72.869751
7587	72.715057
6570	72.519226
6541	72.421707
5086	72.203011
988	71.911949
8697	71.535469
7839	70.582596
5499	70.506531
11394	70.489624
11393	70.489624
11389	70.489624
11387	70.489624
11386	70.489624
10471	70.489624
7133	70.489624
6699	70.489624
5464	70.489624
5401	70.489624
4607	70.489624
963	70.489624
8518	70.382416
10246	70.077835
9177	69.959991
3494	69.922104
5786	69.832253
11657	69.788376
2389	69.788376
11464	69.554497
3577	69.541077
12492	69.535217
8801	69.432121
6264	69.115601
1749	69.047745
739	68.739151
9222	68.546997
3445	68.317451
2088	68.189896
5295	67.903336
3222	67.779991
5276	67.131607
5686	67.065208
5685	67.065208
4760	66.907837
12040	66.597237
1438	66.459236
3105	66.451469
2129	66.330704
2621	66.060448
6896	66.051613
4507	65.765320
4877	65.517197
6030	65.486061
2383	65.421844
449	65.297203
3293	65.267235
6433	64.889526
2272	64.750740
3453	64.748795
289	64.105568
4476	63.739128
8215	63.684776
10400	63.579048
5748	63.467598
1179	63.464340
9934	63.431435
3908	63.194252
4409	63.055256
4769	62.934937
4768	62.934937
4767	62.934937
861	62.908279
4032	62.861855
9731	62.596161
5951	62.500969
7104	62.058746
5746	61.909798
6564	61.848301
2423	61.710518
4050	61.570923
8774	61.201515
5313	61.075306
3964	60.837757
8882	60.510059
6356	60.320839
4490	60.202339
5416	60.152718
6171	60.049950
2511	59.908428
363	59.865734
7639	59.843887
5881	59.604858
5266	58.827721
6245	58.645714
436	58.563873
7863	58.430622
941	58.303272
10456	58.215553
9272	58.014576
737	57.917328
10955	57.575081
40	57.302277
9038	57.251423
9484	57.157467
5858	57.092495
7945	57.029484
4979	56.768772
3921	56.581440
7178	56.351414
1934	56.131477
6744	55.966301
7687	55.773746
7217	55.724728
388	55.659290
3880	55.429249
136	55.307232
5667	55.248035
7437	54.938023
2741	54.332603
8396	54.227364
8394	54.227364
3752	54.195202
2607	54.025661
5022	54.010521
5135	53.822845
4528	53.589687
10668	53.424149
9473	53.327175
7845	53.149994
6610	53.097607
11280	53.077885
10018	53.022655
1833	52.938099
352	52.801891
5020	52.757870
2306	52.668694
6146	52.551292
10467	52.515316
6727	52.497410
8844	52.492973
665	52.488289
3373	52.366199
11021	52.342903
4849	52.269684
4019	52.056801
12396	51.999561
4408	51.963005
4143	51.840897
3389	51.541752
1188	51.499924
1184	51.499924
4637	51.325043
5165	51.071301
7784	50.791363
8576	50.789650
5543	50.767254
3361	50.649345
2589	50.431065
9970	50.209896
7894	50.205311
5409	50.099445
5038	49.946259
6307	49.705833
7318	49.677845
11374	49.308483
7071	49.297501
6894	49.134197
9524	49.102985
8877	49.072063
9146	48.778633
6902	48.760159
2881	48.605873
2142	48.589211
5579	48.568832
6138	48.506367
280	48.180603
380	48.095978
378	48.095978
1161	47.874672
4450	47.777935
8392	47.178764
915	47.023731
4660	46.995800
7773	46.777058
4843	46.756126
3759	46.272362
6173	46.169384
6835	45.940456
6002	45.816292
9755	45.690975
10435	45.349613
5982	45.251247
2141	45.126057
4649	45.106285
4160	45.065434
9795	44.990421
5693	44.969711
6871	44.946823
4293	44.925545
6971	44.910606
4778	44.847683
6167	44.616096
4782	44.436863
1110	44.406784
4023	44.009975
9869	43.996170
6493	43.727150
6166	43.522617
7497	43.329643
7947	43.213676
10082	42.991592
3861	42.965988
6557	42.684589
7719	42.561619
7488	42.557472
4089	42.232502
12188	42.165817
12174	42.165817
9118	41.984344
5242	41.963863
9892	41.616535
7554	41.579655
6063	41.481316
3690	41.384445
3120	41.257309
2214	41.160767
3440	40.950184
4494	40.811424
9220	40.796848
5181	40.730991
8522	40.721928
7865	40.719761
1326	40.655285
6347	40.633354
3009	40.431549
7179	40.237850
7176	40.237850
9811	40.223152
8080	40.138790
7229	39.766712
10011	39.464291
11669	39.251553
3427	39.244110
4665	39.178528
3436	39.127174
1447	38.902439
11369	38.870693
3722	38.761841
6683	38.753063
2416	38.586689
5365	38.532463
7849	38.343235
5476	38.304638
7461	38.273312
4864	38.122818
2604	38.112190
6004	37.947041
7251	37.746300
3735	37.500576
1603	37.315411
9254	37.288628
9247	37.288628
11031	37.221569
6279	37.221569
3786	37.180054
7351	37.083801
7350	37.083801
7349	37.083801
7325	37.083801
7322	37.083801
310	37.034794
10226	37.031384
7571	36.656467
6168	36.501804
1407	36.438629
1916	36.377224
7832	36.373398
6358	36.194374
9799	36.100018
1375	36.098072
4000	36.019939
8567	35.961258
1541	35.772610
6629	35.617764
5575	35.502850
7254	35.411144
7253	35.411144
10229	35.384708
4574	35.264362
1593	35.260811
5896	35.166786
736	35.015503
5107	34.978455
7397	34.931240
7199	34.780499
6685	34.536201
5281	34.527111
8737	34.444809
8777	34.254768
3307	34.239647
4283	34.158703
4783	34.120613
12	33.945309
11143	33.892895
6916	33.796478
411	33.607136
6546	33.600494
9873	33.325516
9872	33.325516
3972	33.240067
5466	33.094788
5613	32.952660
8437	32.837502
6418	32.816147
1024	32.788322
7677	32.621944
4416	32.621841
8580	32.385891
2294	32.353432
12398	32.333134
6361	32.279106
5756	32.267612
5336	32.234703
3197	32.228905
5541	32.132824
1655	32.085045
6099	32.049381
6043	31.965582
6491	31.932171
7484	31.930376
4708	31.926762
10242	31.808809
7629	31.523788
9104	31.323524
6566	31.220465
8193	31.010677
6730	30.926481
6724	30.926481
10681	30.762262
10674	30.762262
26	30.739834
2643	30.725227
1108	30.546955
4679	30.428509
9056	30.340994
3731	30.286055
3730	30.286055
5537	30.238565
6867	29.918261
10164	29.884262
3587	29.841553
9508	29.672392
5209	29.582588
12176	29.390097
12173	29.390097
4324	29.390097
8604	29.097359
5755	29.080345
10392	29.069420
6203	29.041737
8574	28.922115
7165	28.690014
11495	28.603888
1203	28.577848
627	28.567051
2540	28.451588
4150	27.975840
78	27.870737
9052	27.664762
2497	27.552864
8116	27.487661
3800	27.477919
4135	27.473078
9620	27.464710
6438	27.312885
6511	27.299965
6088	27.255665
6888	27.255171
878	26.984140
3633	26.927185
8528	26.840502
5664	26.794611
7574	26.570641
2597	26.499950
7725	26.246075
8383	25.974997
6739	25.856028
1728	25.729969
8115	25.493078
6067	25.478312
5332	25.465969
7856	25.106138
9447	25.081436
6890	24.791531
6889	24.791531
8926	24.772781
6797	24.692202
9823	24.482962
5989	24.458130
7674	24.033493
2244	23.962582
8386	23.609709
5321	23.590994
8463	23.579227
784	23.560373
4681	23.479172
8682	23.169958
2199	23.129614
2882	23.125572
7499	23.119684
10358	23.116972
6196	22.970093
2733	22.935446
9487	22.817072
6430	22.676840
7789	22.474236
9145	22.421394
7249	22.388231
2902	22.238331
2901	22.238331
3451	22.223818
8811	22.211454
2174	22.097960
2168	22.097960
2133	22.085997
7281	22.018938
1637	21.962727
5549	21.921013
6676	21.900076
12548	21.665625
5155	21.646549
4447	21.399321
5489	21.285751
217	21.272259
2694	21.259077
8468	21.088995
7929	21.044338
7314	21.019644
3320	20.896917
5459	20.888531
7294	20.852364
8179	20.784494
187	20.783789
2529	20.724482
7963	20.695642
3696	20.671915
2155	20.576889
8010	20.528948
3596	20.494598
5186	20.480955
6400	20.403206
214	20.391268
957	20.305353
4464	20.246937
11088	20.246347
7001	20.232611
6998	20.232611
6994	20.232611
3279	19.930889
2143	19.724012
3058	19.677694
3018	19.640022
11633	19.575872
7262	19.546446
3917	19.535868
1652	19.300646
5595	19.195944
10	19.068546
8113	19.066444
7730	18.931860
5177	18.795938
5085	18.699068
6075	18.492899
6805	18.477760
1886	18.469484
1882	18.469484
1881	18.469484
4529	18.431993
4527	18.431993
7904	18.420893
8331	18.271368
6901	18.210171
5415	17.760307
1492	17.689032
9124	17.685169
11223	17.650007
6485	17.625021
3045	17.396975
1482	17.378504
4550	17.187149
9040	17.186552
7916	17.166441
2333	17.036196
2332	17.036196
7040	16.843468
3042	16.740177
3997	16.736443
10923	16.722008
4522	16.530741
6028	16.355680
1734	16.147572
7952	16.073130
7423	16.041323
5526	15.802376
8928	15.732407
9186	15.730793
5525	15.712489
9690	15.628609
6178	15.625750
6176	15.625750
3259	15.558993
1006	15.434171
8508	15.310946
8507	15.310946
2234	15.186349
1323	15.084279
8415	15.000000
7836	14.961761
7834	14.961761
6388	14.790114
4861	14.718822
318	14.705834
6202	14.538416
3782	14.517892
9281	14.452726
6147	14.327911
11771	14.304527
11767	14.280824
1329	14.180652
11084	14.122648
9181	14.114491
4147	14.051408
9716	14.041561
9273	14.003476
2590	13.989309
6474	13.950980
1458	13.899343
7616	13.821796
7615	13.821796
7864	13.729133
5835	13.706592
1209	13.636977
4446	13.610918
3329	13.577389
1708	13.555188
4696	13.488914
4792	13.352151
3137	13.349937
11091	13.281407
662	13.218076
3511	13.209867
8537	13.131346
2977	12.883101
7641	12.812657
4791	12.575026
5666	12.543355
11329	12.525125
11641	12.492031
734	12.341201
11914	12.303382
3327	12.186929
5571	11.922991
3272	11.872090
8878	11.812992
8411	11.802876
8851	11.707172
3592	11.559258
6798	11.547811
1135	11.527356
3857	11.419797
4219	11.358016
5720	11.327274
5425	11.144708
8432	11.116911
5654	10.821072
5652	10.821072
8347	10.730222
6184	10.693643
5567	10.673601
2599	10.613662
4402	10.573652
1524	10.566218
5845	10.485937
9176	10.264168
1688	10.244302
5761	10.240037
2962	10.194198
1640	10.082638
1632	10.082638
6183	10.028923
2039	10.022562
7899	10.009785
8459	9.946809
5716	9.900618
5616	9.899212
9105	9.767224
6853	9.710227
9867	9.597575
7803	9.502146
6645	9.446178
4707	9.392732
6715	9.381649
5950	9.369559
3986	9.368833
6654	9.356081
7859	9.341942
2816	9.327227
6078	9.142957
5807	9.021408
1778	8.890560
9180	8.888330
5253	8.779328
347	8.677084
2594	8.638008
1035	8.613037
6441	8.602271
7933	8.577286
8478	8.471683
11765	8.429822
7118	8.373497
7927	8.281200
5987	8.234876
5723	8.208653
6194	8.185917
5529	8.155403
80	8.129223
8273	8.003883
7535	7.839993
6865	7.815440
1606	7.811399
7915	7.694668
8007	7.637774
3994	7.611199
7288	7.550246
8402	7.500310
3118	7.279486
5414	7.207736
5180	7.046895
5495	7.040058
6457	6.999238
6454	6.999238
7168	6.973819
5762	6.934883
4661	6.926702
4190	6.886205
8413	6.822577
632	6.809501
9668	6.696249
6858	6.639215
7678	6.628241
4834	6.571275
231	6.370328
5044	6.338326
9622	6.185206
481	6.153592
6854	6.125501
8065	6.043672
9062	6.000000
3088	6.000000
7663	5.951046
10926	5.949993
5484	5.891735
7274	5.810373
11674	5.804918
2113	5.657151
3087	5.480319
8154	5.360334
7559	5.334297
2367	5.138622
3282	5.128953
6702	5.123000
11427	5.072415
2121	4.972954
9233	4.925692
6745	4.855175
7528	4.841956
8125	4.832069
5725	4.619340
7298	4.613431
748	4.572420
7602	4.520988
7600	4.520988
4087	4.504337
730	4.474896
5318	4.457516
6919	4.403068
1196	4.375416
7453	4.358333
8003	4.350000
7436	4.256690
1149	4.164231
7445	4.133154
6349	3.985446
3359	3.965091
1145	3.775132
5985	3.757855
2239	3.750698
6547	3.702986
2342	3.689075
6860	3.667340
4706	3.595864
9728	3.554457
2830	3.507576
8345	3.474798
2242	3.461356
5569	3.451442
6058	3.448438
4698	3.296521
7575	3.255708
6714	3.220245
5256	3.158799
5255	3.158799
3033	3.018203
5962	3.000000
5298	3.000000
3194	2.979742
3020	2.952747
8035	2.942408
8033	2.942408
8032	2.942408
10368	2.927013
9496	2.918965
3565	2.872886
3563	2.872886
2884	2.838536
6866	2.785871
6863	2.785871
7728	2.781527
6861	2.779507
5750	2.748399
7940	2.737013
7939	2.737013
7936	2.737013
7233	2.662302
8434	2.374471
5513	2.353420
2439	2.341574
4434	2.266886
11019	2.219186
11017	2.219186
6366	2.215201
3603	2.206284
6309	2.060478
3199	2.032803
1327	1.989497
1697	1.961273
9673	1.833542
5906	1.819727
5905	1.819727
7441	1.812619
8738	1.757766
5043	1.581592
9435	1.542083
1888	1.384395
1887	1.384395
8511	1.369890
1812	1.339505
9615	1.315692
9566	1.219047
7756	1.154702
7604	1.140526
6850	1.138906
6848	1.138906
3	1.101144
10354	1.100000
12057	1.000000
9917	1.000000
9192	1.000000
4472	0.979982
6233	0.895671
4141	0.808253
6967	0.793950
3536	0.768158
3533	0.768158
7556	0.758722
7293	0.693854
8132	0.605686
1722	0.543507
2872	0.542364
2870	0.542364
2869	0.542364
2868	0.542364
2865	0.542364
2864	0.542364
2863	0.542364
2860	0.542364
2859	0.542364
2857	0.542364
2856	0.542364
2855	0.542364
2854	0.542364
2852	0.542364
2850	0.542364
2849	0.542364
2847	0.542364
2846	0.542364
3656	0.531512
11398	0.333333
6710	0.330839
6532	0.181694
5714	0.076923
12591	0.000000
12590	0.000000
12589	0.000000
12588	0.000000
12587	0.000000
12586	0.000000
12585	0.000000
12584	0.000000
12583	0.000000
12582	0.000000
12581	0.000000
12580	0.000000
12579	0.000000
12578	0.000000
12577	0.000000
12576	0.000000
12575	0.000000
12574	0.000000
12573	0.000000
12572	0.000000
12571	0.000000
12570	0.000000
12569	0.000000
12568	0.000000
12567	0.000000
12566	0.000000
12565	0.000000
12564	0.000000
12563	0.000000
12562	0.000000
12561	0.000000
12560	0.000000
12559	0.000000
12558	0.000000
12557	0.000000
12556	0.000000
12555	0.000000
12554	0.000000
12553	0.000000
12552	0.000000
12551	0.000000
12546	0.000000
12545	0.000000
12544	0.000000
12543	0.000000
12542	0.000000
12541	0.000000
12540	0.000000
12539	0.000000
12538	0.000000
12537	0.000000
12536	0.000000
12535	0.000000
12534	0.000000
12533	0.000000
12532	0.000000
12531	0.000000
12530	0.000000
12529	0.000000
12528	0.000000
12527	0.000000
12526	0.000000
12525	0.000000
12524	0.000000
12523	0.000000
12522	0.000000
12521	0.000000
12520	0.000000
12519	0.000000
12518	0.000000
12517	0.000000
12516	0.000000
12515	0.000000
12514	0.000000
12513	0.000000
12512	0.000000
12511	0.000000
12510	0.000000
12509	0.000000
12508	0.000000
12507	0.000000
12506	0.000000
12505	0.000000
12504	0.000000
12503	0.000000
12502	0.000000
12501	0.000000
12500	0.000000
12499	0.000000
12498	0.000000
12497	0.000000
12496	0.000000
12495	0.000000
12494	0.000000
12493	0.000000
12491	0.000000
12490	0.000000
12489	0.000000
12488	0.000000
12487	0.000000
12486	0.000000
12485	0.000000
12484	0.000000
12483	0.000000
12482	0.000000
12481	0.000000
12480	0.000000
12479	0.000000
12478	0.000000
12477	0.000000
12476	0.000000
12475	0.000000
12474	0.000000
12473	0.000000
12472	0.000000
12471	0.000000
12470	0.000000
12469	0.000000
12468	0.000000
12467	0.000000
12466	0.000000
12465	0.000000
12464	0.000000
12463	0.000000
12462	0.000000
12461	0.000000
12460	0.000000
12459	0.000000
12457	0.000000
12455	0.000000
12454	0.000000
12452	0.000000
12451	0.000000
12450	0.000000
12449	0.000000
12448	0.000000
12447	0.000000
12446	0.000000
12445	0.000000
12444	0.000000
12443	0.000000
12442	0.000000
12441	0.000000
12440	0.000000
12439	0.000000
12438	0.000000
12437	0.000000
12436	0.000000
12435	0.000000
12434	0.000000
12433	0.000000
12432	0.000000
12431	0.000000
12430	0.000000
12429	0.000000
12428	0.000000
12427	0.000000
12426	0.000000
12425	0.000000
12424	0.000000
12423	0.000000
12422	0.000000
12418	0.000000
12417	0.000000
12416	0.000000
12415	0.000000
12414	0.000000
12413	0.000000
12412	0.000000
12411	0.000000
12410	0.000000
12409	0.000000
12408	0.000000
12406	0.000000
12405	0.000000
12404	0.000000
12403	0.000000
12402	0.000000
12401	0.000000
12400	0.000000
12399	0.000000
12397	0.000000
12395	0.000000
12394	0.000000
12393	0.000000
12392	0.000000
12391	0.000000
12390	0.000000
12389	0.000000
12388	0.000000
12387	0.000000
12386	0.000000
12385	0.000000
12384	0.000000
12383	0.000000
12382	0.000000
12381	0.000000
12380	0.000000
12379	0.000000
12378	0.000000
12377	0.000000
12375	0.000000
12374	0.000000
12373	0.000000
12372	0.000000
12371	0.000000
12370	0.000000
12369	0.000000
12368	0.000000
12367	0.000000
12366	0.000000
12365	0.000000
12364	0.000000
12363	0.000000
12362	0.000000
12361	0.000000
12360	0.000000
12359	0.000000
12358	0.000000
12357	0.000000
12356	0.000000
12355	0.000000
12354	0.000000
12353	0.000000
12352	0.000000
12351	0.000000
12350	0.000000
12349	0.000000
12348	0.000000
12347	0.000000
12346	0.000000
12345	0.000000
12344	0.000000
12343	0.000000
12342	0.000000
12341	0.000000
12339	0.000000
12338	0.000000
12337	0.000000
12336	0.000000
12335	0.000000
12334	0.000000
12332	0.000000
12331	0.000000
12329	0.000000
12328	0.000000
12327	0.000000
12326	0.000000
12325	0.000000
12324	0.000000
12323	0.000000
12322	0.000000
12321	0.000000
12320	0.000000
12319	0.000000
12317	0.000000
12316	0.000000
12315	0.000000
12314	0.000000
12313	0.000000
12312	0.000000
12311	0.000000
12310	0.000000
12309	0.000000
12308	0.000000
12307	0.000000
12306	0.000000
12305	0.000000
12304	0.000000
12302	0.000000
12301	0.000000
12300	0.000000
12299	0.000000
12298	0.000000
12297	0.000000
12296	0.000000
12295	0.000000
12294	0.000000
12293	0.000000
12292	0.000000
12291	0.000000
12290	0.000000
12289	0.000000
12288	0.000000
12287	0.000000
12286	0.000000
12285	0.000000
12284	0.000000
12283	0.000000
12282	0.000000
12281	0.000000
12280	0.000000
12279	0.000000
12278	0.000000
12277	0.000000
12276	0.000000
12275	0.000000
12274	0.000000
12273	0.000000
12272	0.000000
12271	0.000000
12270	0.000000
12269	0.000000
12268	0.000000
12266	0.000000
12265	0.000000
12264	0.000000
12262	0.000000
12261	0.000000
12260	0.000000
12259	0.000000
12257	0.000000
12255	0.000000
12254	0.000000
12253	0.000000
12252	0.000000
12251	0.000000
12250	0.000000
12249	0.000000
12248	0.000000
12247	0.000000
12246	0.000000
12244	0.000000
12243	0.000000
12242	0.000000
12240	0.000000
12239	0.000000
12238	0.000000
12237	0.000000
12236	0.000000
12235	0.000000
12233	0.000000
12232	0.000000
12231	0.000000
12230	0.000000
12229	0.000000
12228	0.000000
12227	0.000000
12226	0.000000
12225	0.000000
12224	0.000000
12223	0.000000
12222	0.000000
12221	0.000000
12220	0.000000
12219	0.000000
12218	0.000000
12217	0.000000
12216	0.000000
12215	0.000000
12214	0.000000
12213	0.000000
12212	0.000000
12211	0.000000
12210	0.000000
12209	0.000000
12208	0.000000
12207	0.000000
12206	0.000000
12205	0.000000
12204	0.000000
12203	0.000000
12202	0.000000
12201	0.000000
12200	0.000000
12199	0.000000
12198	0.000000
12197	0.000000
12196	0.000000
12195	0.000000
12194	0.000000
12193	0.000000
12192	0.000000
12191	0.000000
12190	0.000000
12187	0.000000
12186	0.000000
12185	0.000000
12184	0.000000
12183	0.000000
12175	0.000000
12172	0.000000
12171	0.000000
12170	0.000000
12168	0.000000
12167	0.000000
12166	0.000000
12165	0.000000
12163	0.000000
12162	0.000000
12160	0.000000
12159	0.000000
12158	0.000000
12157	0.000000
12156	0.000000
12154	0.000000
12153	0.000000
12152	0.000000
12151	0.000000
12150	0.000000
12149	0.000000
12148	0.000000
12147	0.000000
12146	0.000000
12145	0.000000
12144	0.000000
12143	0.000000
12142	0.000000
12141	0.000000
12140	0.000000
12139	0.000000
12138	0.000000
12137	0.000000
12136	0.000000
12135	0.000000
12134	0.000000
12133	0.000000
12132	0.000000
12131	0.000000
12130	0.000000
12128	0.000000
12127	0.000000
12125	0.000000
12123	0.000000
12122	0.000000
12121	0.000000
12120	0.000000
12119	0.000000
12118	0.000000
12117	0.000000
12116	0.000000
12115	0.000000
12113	0.000000
12111	0.000000
12110	0.000000
12109	0.000000
12108	0.000000
12106	0.000000
12105	0.000000
12104	0.000000
12103	0.000000
12102	0.000000
12101	0.000000
12099	0.000000
12098	0.000000
12097	0.000000
12096	0.000000
12095	0.000000
12094	0.000000
12093	0.000000
12092	0.000000
12091	0.000000
12090	0.000000
12088	0.000000
12087	0.000000
12084	0.000000
12083	0.000000
12082	0.000000
12081	0.000000
12080	0.000000
12079	0.000000
12078	0.000000
12077	0.000000
12076	0.000000
12075	0.000000
12074	0.000000
12073	0.000000
12072	0.000000
12071	0.000000
12069	0.000000
12068	0.000000
12067	0.000000
12066	0.000000
12065	0.000000
12063	0.000000
12062	0.000000
12061	0.000000
12059	0.000000
12058	0.000000
12056	0.000000
12055	0.000000
12054	0.000000
12053	0.000000
12052	0.000000
12050	0.000000
12049	0.000000
12047	0.000000
12046	0.000000
12044	0.000000
12043	0.000000
12042	0.000000
12039	0.000000
12038	0.000000
12037	0.000000
12036	0.000000
12035	0.000000
12034	0.000000
12033	0.000000
12031	0.000000
12030	0.000000
12029	0.000000
12026	0.000000
12023	0.000000
12022	0.000000
12021	0.000000
12020	0.000000
12019	0.000000
12018	0.000000
12017	0.000000
12013	0.000000
12012	0.000000
12011	0.000000
12010	0.000000
12009	0.000000
12008	0.000000
12007	0.000000
12006	0.000000
12005	0.000000
12004	0.000000
12003	0.000000
12002	0.000000
12001	0.000000
12000	0.000000
11999	0.000000
11998	0.000000
11997	0.000000
11996	0.000000
11995	0.000000
11994	0.000000
11993	0.000000
11992	0.000000
11991	0.000000
11990	0.000000
11989	0.000000
11988	0.000000
11987	0.000000
11986	0.000000
11985	0.000000
11984	0.000000
11982	0.000000
11981	0.000000
11980	0.000000
11979	0.000000
11978	0.000000
11977	0.000000
11976	0.000000
11975	0.000000
11973	0.000000
11972	0.000000
11971	0.000000
11969	0.000000
11968	0.000000
11967	0.000000
11966	0.000000
11965	0.000000
11964	0.000000
11963	0.000000
11962	0.000000
11961	0.000000
11960	0.000000
11959	0.000000
11958	0.000000
11957	0.000000
11956	0.000000
11954	0.000000
11953	0.000000
11952	0.000000
11951	0.000000
11950	0.000000
11949	0.000000
11948	0.000000
11947	0.000000
11946	0.000000
11945	0.000000
11944	0.000000
11943	0.000000
11942	0.000000
11941	0.000000
11940	0.000000
11939	0.000000
11938	0.000000
11937	0.000000
11936	0.000000
11935	0.000000
11934	0.000000
11933	0.000000
11932	0.000000
11931	0.000000
11930	0.000000
11929	0.000000
11928	0.000000
11927	0.000000
11926	0.000000
11925	0.000000
11924	0.000000
11923	0.000000
11922	0.000000
11921	0.000000
11920	0.000000
11919	0.000000
11918	0.000000
11917	0.000000
11916	0.000000
11912	0.000000
11911	0.000000
11910	0.000000
11909	0.000000
11908	0.000000
11906	0.000000
11905	0.000000
11904	0.000000
11903	0.000000
11902	0.000000
11901	0.000000
11900	0.000000
11899	0.000000
11898	0.000000
11897	0.000000
11896	0.000000
11895	0.000000
11894	0.000000
11893	0.000000
11892	0.000000
11891	0.000000
11890	0.000000
11889	0.000000
11888	0.000000
11887	0.000000
11886	0.000000
11885	0.000000
11884	0.000000
11883	0.000000
11882	0.000000
11881	0.000000
11880	0.000000
11879	0.000000
11878	0.000000
11877	0.000000
11876	0.000000
11875	0.000000
11874	0.000000
11871	0.000000
11869	0.000000
11868	0.000000
11866	0.000000
11865	0.000000
11864	0.000000
11863	0.000000
11862	0.000000
11861	0.000000
11860	0.000000
11859	0.000000
11858	0.000000
11857	0.000000
11856	0.000000
11855	0.000000
11854	0.000000
11853	0.000000
11852	0.000000
11851	0.000000
11850	0.000000
11849	0.000000
11848	0.000000
11847	0.000000
11845	0.000000
11844	0.000000
11843	0.000000
11842	0.000000
11841	0.000000
11840	0.000000
11839	0.000000
11838	0.000000
11837	0.000000
11836	0.000000
11834	0.000000
11833	0.000000
11830	0.000000
11828	0.000000
11827	0.000000
11826	0.000000
11824	0.000000
11823	0.000000
11822	0.000000
11821	0.000000
11820	0.000000
11819	0.000000
11816	0.000000
11815	0.000000
11814	0.000000
11813	0.000000
11812	0.000000
11811	0.000000
11810	0.000000
11809	0.000000
11808	0.000000
11807	0.000000
11806	0.000000
11805	0.000000
11804	0.000000
11803	0.000000
11802	0.000000
11799	0.000000
11798	0.000000
11797	0.000000
11796	0.000000
11795	0.000000
11794	0.000000
11793	0.000000
11792	0.000000
11791	0.000000
11790	0.000000
11789	0.000000
11787	0.000000
11786	0.000000
11784	0.000000
11783	0.000000
11782	0.000000
11780	0.000000
11779	0.000000
11778	0.000000
11777	0.000000
11775	0.000000
11774	0.000000
11772	0.000000
11770	0.000000
11769	0.000000
11766	0.000000
11763	0.000000
11762	0.000000
11761	0.000000
11760	0.000000
11759	0.000000
11758	0.000000
11757	0.000000
11756	0.000000
11755	0.000000
11754	0.000000
11752	0.000000
11751	0.000000
11750	0.000000
11749	0.000000
11748	0.000000
11747	0.000000
11746	0.000000
11745	0.000000
11744	0.000000
11743	0.000000
11742	0.000000
11741	0.000000
11740	0.000000
11739	0.000000
11737	0.000000
11735	0.000000
11734	0.000000
11733	0.000000
11732	0.000000
11731	0.000000
11730	0.000000
11729	0.000000
11728	0.000000
11727	0.000000
11726	0.000000
11725	0.000000
11724	0.000000
11723	0.000000
11722	0.000000
11721	0.000000
11719	0.000000
11718	0.000000
11717	0.000000
11715	0.000000
11713	0.000000
11712	0.000000
11710	0.000000
11709	0.000000
11708	0.000000
11707	0.000000
11706	0.000000
11705	0.000000
11704	0.000000
11703	0.000000
11702	0.000000
11701	0.000000
11700	0.000000
11699	0.000000
11693	0.000000
11690	0.000000
11689	0.000000
11688	0.000000
11687	0.000000
11686	0.000000
11685	0.000000
11684	0.000000
11683	0.000000
11681	0.000000
11680	0.000000
11679	0.000000
11678	0.000000
11677	0.000000
11676	0.000000
11672	0.000000
11670	0.000000
11668	0.000000
11667	0.000000
11666	0.000000
11665	0.000000
11663	0.000000
11662	0.000000
11661	0.000000
11660	0.000000
11659	0.000000
11658	0.000000
11656	0.000000
11655	0.000000
11654	0.000000
11653	0.000000
11652	0.000000
11650	0.000000
11649	0.000000
11648	0.000000
11646	0.000000
11645	0.000000
11644	0.000000
11643	0.000000
11640	0.000000
11639	0.000000
11638	0.000000
11637	0.000000
11632	0.000000
11631	0.000000
11629	0.000000
11628	0.000000
11627	0.000000
11626	0.000000
11625	0.000000
11623	0.000000
11622	0.000000
11620	0.000000
11619	0.000000
11618	0.000000
11616	0.000000
11615	0.000000
11614	0.000000
11613	0.000000
11611	0.000000
11608	0.000000
11607	0.000000
11606	0.000000
11605	0.000000
11604	0.000000
11603	0.000000
11602	0.000000
11599	0.000000
11598	0.000000
11597	0.000000
11596	0.000000
11595	0.000000
11594	0.000000
11593	0.000000
11591	0.000000
11590	0.000000
11589	0.000000
11588	0.000000
11587	0.000000
11586	0.000000
11585	0.000000
11584	0.000000
11583	0.000000
11582	0.000000
11580	0.000000
11577	0.000000
11576	0.000000
11573	0.000000
11572	0.000000
11570	0.000000
11569	0.000000
11568	0.000000
11566	0.000000
11565	0.000000
11564	0.000000
11563	0.000000
11562	0.000000
11561	0.000000
11560	0.000000
11559	0.000000
11558	0.000000
11557	0.000000
11556	0.000000
11555	0.000000
11554	0.000000
11553	0.000000
11551	0.000000
11550	0.000000
11549	0.000000
11547	0.000000
11546	0.000000
11545	0.000000
11544	0.000000
11543	0.000000
11542	0.000000
11541	0.000000
11539	0.000000
11538	0.000000
11537	0.000000
11535	0.000000
11534	0.000000
11533	0.000000
11532	0.000000
11531	0.000000
11530	0.000000
11529	0.000000
11528	0.000000
11526	0.000000
11525	0.000000
11524	0.000000
11523	0.000000
11522	0.000000
11520	0.000000
11519	0.000000
11518	0.000000
11517	0.000000
11516	0.000000
11515	0.000000
11514	0.000000
11513	0.000000
11512	0.000000
11511	0.000000
11510	0.000000
11509	0.000000
11508	0.000000
11506	0.000000
11504	0.000000
11502	0.000000
11501	0.000000
11499	0.000000
11498	0.000000
11493	0.000000
11491	0.000000
11489	0.000000
11488	0.000000
11487	0.000000
11486	0.000000
11485	0.000000
11483	0.000000
11482	0.000000
11481	0.000000
11480	0.000000
11479	0.000000
11478	0.000000
11476	0.000000
11475	0.000000
11473	0.000000
11472	0.000000
11471	0.000000
11469	0.000000
11468	0.000000
11467	0.000000
11466	0.000000
11465	0.000000
11463	0.000000
11462	0.000000
11461	0.000000
11460	0.000000
11459	0.000000
11458	0.000000
11457	0.000000
11456	0.000000
11455	0.000000
11454	0.000000
11453	0.000000
11452	0.000000
11451	0.000000
11448	0.000000
11446	0.000000
11444	0.000000
11443	0.000000
11442	0.000000
11441	0.000000
11437	0.000000
11434	0.000000
11433	0.000000
11428	0.000000
11425	0.000000
11421	0.000000
11419	0.000000
11418	0.000000
11417	0.000000
11416	0.000000
11415	0.000000
11413	0.000000
11411	0.000000
11409	0.000000
11407	0.000000
11404	0.000000
11402	0.000000
11399	0.000000
11396	0.000000
11391	0.000000
11390	0.000000
11385	0.000000
11381	0.000000
11380	0.000000
11379	0.000000
11378	0.000000
11377	0.000000
11376	0.000000
11373	0.000000
11372	0.000000
11371	0.000000
11368	0.000000
11367	0.000000
11366	0.000000
11365	0.000000
11364	0.000000
11361	0.000000
11360	0.000000
11358	0.000000
11356	0.000000
11355	0.000000
11354	0.000000
11353	0.000000
11351	0.000000
11348	0.000000
11347	0.000000
11346	0.000000
11345	0.000000
11344	0.000000
11343	0.000000
11342	0.000000
11341	0.000000
11339	0.000000
11338	0.000000
11337	0.000000
11334	0.000000
11332	0.000000
11331	0.000000
11330	0.000000
11328	0.000000
11327	0.000000
11326	0.000000
11325	0.000000
11324	0.000000
11322	0.000000
11320	0.000000
11319	0.000000
11316	0.000000
11315	0.000000
11314	0.000000
11313	0.000000
11312	0.000000
11311	0.000000
11310	0.000000
11308	0.000000
11307	0.000000
11306	0.000000
11301	0.000000
11300	0.000000
11299	0.000000
11298	0.000000
11297	0.000000
11296	0.000000
11294	0.000000
11293	0.000000
11292	0.000000
11291	0.000000
11290	0.000000
11289	0.000000
11287	0.000000
11284	0.000000
11283	0.000000
11281	0.000000
11279	0.000000
11278	0.000000
11277	0.000000
11276	0.000000
11275	0.000000
11274	0.000000
11273	0.000000
11268	0.000000
11267	0.000000
11266	0.000000
11265	0.000000
11264	0.000000
11263	0.000000
11262	0.000000
11261	0.000000
11260	0.000000
11259	0.000000
11258	0.000000
11257	0.000000
11256	0.000000
11255	0.000000
11254	0.000000
11253	0.000000
11252	0.000000
11251	0.000000
11250	0.000000
11249	0.000000
11248	0.000000
11247	0.000000
11246	0.000000
11245	0.000000
11244	0.000000
11243	0.000000
11241	0.000000
11240	0.000000
11239	0.000000
11237	0.000000
11236	0.000000
11235	0.000000
11234	0.000000
11232	0.000000
11231	0.000000
11230	0.000000
11227	0.000000
11226	0.000000
11225	0.000000
11222	0.000000
11220	0.000000
11219	0.000000
11217	0.000000
11216	0.000000
11215	0.000000
11214	0.000000
11213	0.000000
11212	0.000000
11211	0.000000
11210	0.000000
11209	0.000000
11208	0.000000
11207	0.000000
11206	0.000000
11205	0.000000
11204	0.000000
11203	0.000000
11202	0.000000
11201	0.000000
11200	0.000000
11199	0.000000
11198	0.000000
11196	0.000000
11194	0.000000
11193	0.000000
11190	0.000000
11189	0.000000
11186	0.000000
11185	0.000000
11184	0.000000
11183	0.000000
11182	0.000000
11181	0.000000
11180	0.000000
11179	0.000000
11178	0.000000
11176	0.000000
11175	0.000000
11173	0.000000
11172	0.000000
11171	0.000000
11170	0.000000
11169	0.000000
11168	0.000000
11167	0.000000
11166	0.000000
11165	0.000000
11164	0.000000
11163	0.000000
11162	0.000000
11161	0.000000
11160	0.000000
11158	0.000000
11157	0.000000
11155	0.000000
11154	0.000000
11153	0.000000
11152	0.000000
11151	0.000000
11150	0.000000
11149	0.000000
11148	0.000000
11147	0.000000
11145	0.000000
11142	0.000000
11141	0.000000
11139	0.000000
11138	0.000000
11137	0.000000
11135	0.000000
11134	0.000000
11132	0.000000
11131	0.000000
11130	0.000000
11129	0.000000
11128	0.000000
11127	0.000000
11125	0.000000
11124	0.000000
11123	0.000000
11122	0.000000
11121	0.000000
11120	0.000000
11119	0.000000
11117	0.000000
11116	0.000000
11115	0.000000
11114	0.000000
11113	0.000000
11111	0.000000
11110	0.000000
11109	0.000000
11108	0.000000
11107	0.000000
11105	0.000000
11104	0.000000
11103	0.000000
11102	0.000000
11100	0.000000
11099	0.000000
11098	0.000000
11097	0.000000
11096	0.000000
11095	0.000000
11094	0.000000
11090	0.000000
11089	0.000000
11087	0.000000
11086	0.000000
11085	0.000000
11082	0.000000
11081	0.000000
11080	0.000000
11079	0.000000
11078	0.000000
11075	0.000000
11074	0.000000
11073	0.000000
11071	0.000000
11069	0.000000
11068	0.000000
11067	0.000000
11066	0.000000
11065	0.000000
11064	0.000000
11063	0.000000
11062	0.000000
11061	0.000000
11060	0.000000
11059	0.000000
11058	0.000000
11057	0.000000
11056	0.000000
11055	0.000000
11054	0.000000
11053	0.000000
11052	0.000000
11051	0.000000
11049	0.000000
11048	0.000000
11047	0.000000
11046	0.000000
11045	0.000000
11044	0.000000
11043	0.000000
11042	0.000000
11041	0.000000
11039	0.000000
11038	0.000000
11037	0.000000
11035	0.000000
11034	0.000000
11033	0.000000
11032	0.000000
11028	0.000000
11026	0.000000
11024	0.000000
11015	0.000000
11013	0.000000
11012	0.000000
11011	0.000000
11010	0.000000
11009	0.000000
11008	0.000000
11006	0.000000
11005	0.000000
11004	0.000000
11003	0.000000
11002	0.000000
11001	0.000000
10999	0.000000
10997	0.000000
10996	0.000000
10994	0.000000
10992	0.000000
10989	0.000000
10988	0.000000
10985	0.000000
10983	0.000000
10982	0.000000
10981	0.000000
10980	0.000000
10979	0.000000
10977	0.000000
10976	0.000000
10975	0.000000
10974	0.000000
10971	0.000000
10970	0.000000
10969	0.000000
10968	0.000000
10967	0.000000
10966	0.000000
10965	0.000000
10964	0.000000
10963	0.000000
10962	0.000000
10961	0.000000
10960	0.000000
10959	0.000000
10957	0.000000
10956	0.000000
10954	0.000000
10953	0.000000
10952	0.000000
10950	0.000000
10948	0.000000
10947	0.000000
10946	0.000000
10945	0.000000
10943	0.000000
10942	0.000000
10941	0.000000
10938	0.000000
10937	0.000000
10935	0.000000
10932	0.000000
10931	0.000000
10930	0.000000
10928	0.000000
10927	0.000000
10922	0.000000
10920	0.000000
10918	0.000000
10917	0.000000
10916	0.000000
10915	0.000000
10914	0.000000
10913	0.000000
10912	0.000000
10911	0.000000
10910	0.000000
10909	0.000000
10908	0.000000
10907	0.000000
10906	0.000000
10905	0.000000
10904	0.000000
10903	0.000000
10902	0.000000
10901	0.000000
10899	0.000000
10898	0.000000
10897	0.000000
10896	0.000000
10895	0.000000
10894	0.000000
10893	0.000000
10891	0.000000
10890	0.000000
10889	0.000000
10888	0.000000
10887	0.000000
10885	0.000000
10884	0.000000
10883	0.000000
10882	0.000000
10881	0.000000
10880	0.000000
10879	0.000000
10878	0.000000
10877	0.000000
10876	0.000000
10875	0.000000
10874	0.000000
10873	0.000000
10872	0.000000
10871	0.000000
10870	0.000000
10869	0.000000
10868	0.000000
10867	0.000000
10866	0.000000
10865	0.000000
10864	0.000000
10863	0.000000
10862	0.000000
10861	0.000000
10859	0.000000
10857	0.000000
10856	0.000000
10855	0.000000
10854	0.000000
10853	0.000000
10852	0.000000
10851	0.000000
10850	0.000000
10849	0.000000
10848	0.000000
10847	0.000000
10846	0.000000
10845	0.000000
10844	0.000000
10842	0.000000
10841	0.000000
10840	0.000000
10839	0.000000
10838	0.000000
10837	0.000000
10835	0.000000
10834	0.000000
10833	0.000000
10832	0.000000
10831	0.000000
10830	0.000000
10829	0.000000
10828	0.000000
10827	0.000000
10826	0.000000
10825	0.000000
10824	0.000000
10823	0.000000
10822	0.000000
10821	0.000000
10819	0.000000
10818	0.000000
10817	0.000000
10816	0.000000
10815	0.000000
10814	0.000000
10813	0.000000
10812	0.000000
10811	0.000000
10810	0.000000
10809	0.000000
10808	0.000000
10807	0.000000
10806	0.000000
10805	0.000000
10804	0.000000
10803	0.000000
10802	0.000000
10801	0.000000
10799	0.000000
10798	0.000000
10797	0.000000
10796	0.000000
10795	0.000000
10794	0.000000
10793	0.000000
10792	0.000000
10791	0.000000
10790	0.000000
10789	0.000000
10788	0.000000
10787	0.000000
10785	0.000000
10784	0.000000
10783	0.000000
10782	0.000000
10781	0.000000
10780	0.000000
10779	0.000000
10778	0.000000
10777	0.000000
10776	0.000000
10775	0.000000
10774	0.000000
10773	0.000000
10772	0.000000
10770	0.000000
10769	0.000000
10768	0.000000
10767	0.000000
10766	0.000000
10765	0.000000
10764	0.000000
10763	0.000000
10761	0.000000
10760	0.000000
10757	0.000000
10756	0.000000
10755	0.000000
10754	0.000000
10753	0.000000
10752	0.000000
10751	0.000000
10750	0.000000
10749	0.000000
10748	0.000000
10747	0.000000
10745	0.000000
10744	0.000000
10743	0.000000
10742	0.000000
10741	0.000000
10740	0.000000
10739	0.000000
10738	0.000000
10737	0.000000
10736	0.000000
10735	0.000000
10734	0.000000
10733	0.000000
10731	0.000000
10730	0.000000
10729	0.000000
10728	0.000000
10727	0.000000
10725	0.000000
10724	0.000000
10723	0.000000
10722	0.000000
10721	0.000000
10720	0.000000
10719	0.000000
10718	0.000000
10717	0.000000
10716	0.000000
10715	0.000000
10713	0.000000
10712	0.000000
10711	0.000000
10710	0.000000
10709	0.000000
10708	0.000000
10707	0.000000
10706	0.000000
10705	0.000000
10704	0.000000
10703	0.000000
10701	0.000000
10699	0.000000
10698	0.000000
10697	0.000000
10696	0.000000
10695	0.000000
10694	0.000000
10693	0.000000
10692	0.000000
10691	0.000000
10690	0.000000
10689	0.000000
10688	0.000000
10687	0.000000
10686	0.000000
10684	0.000000
10680	0.000000
10679	0.000000
10678	0.000000
10677	0.000000
10676	0.000000
10675	0.000000
10673	0.000000
10671	0.000000
10670	0.000000
10667	0.000000
10666	0.000000
10665	0.000000
10664	0.000000
10663	0.000000
10662	0.000000
10661	0.000000
10660	0.000000
10659	0.000000
10658	0.000000
10657	0.000000
10656	0.000000
10654	0.000000
10653	0.000000
10652	0.000000
10651	0.000000
10650	0.000000
10648	0.000000
10647	0.000000
10646	0.000000
10644	0.000000
10643	0.000000
10642	0.000000
10641	0.000000
10639	0.000000
10638	0.000000
10637	0.000000
10635	0.000000
10633	0.000000
10631	0.000000
10629	0.000000
10628	0.000000
10627	0.000000
10626	0.000000
10624	0.000000
10623	0.000000
10622	0.000000
10620	0.000000
10619	0.000000
10618	0.000000
10617	0.000000
10615	0.000000
10614	0.000000
10613	0.000000
10612	0.000000
10610	0.000000
10609	0.000000
10608	0.000000
10607	0.000000
10606	0.000000
10604	0.000000
10603	0.000000
10602	0.000000
10601	0.000000
10600	0.000000
10599	0.000000
10597	0.000000
10595	0.000000
10594	0.000000
10591	0.000000
10590	0.000000
10589	0.000000
10588	0.000000
10587	0.000000
10586	0.000000
10585	0.000000
10584	0.000000
10580	0.000000
10579	0.000000
10578	0.000000
10577	0.000000
10576	0.000000
10575	0.000000
10574	0.000000
10573	0.000000
10572	0.000000
10571	0.000000
10570	0.000000
10569	0.000000
10568	0.000000
10567	0.000000
10566	0.000000
10565	0.000000
10564	0.000000
10563	0.000000
10562	0.000000
10561	0.000000
10560	0.000000
10559	0.000000
10558	0.000000
10556	0.000000
10555	0.000000
10554	0.000000
10553	0.000000
10552	0.000000
10551	0.000000
10550	0.000000
10549	0.000000
10548	0.000000
10547	0.000000
10546	0.000000
10545	0.000000
10544	0.000000
10543	0.000000
10542	0.000000
10541	0.000000
10539	0.000000
10538	0.000000
10537	0.000000
10536	0.000000
10535	0.000000
10534	0.000000
10533	0.000000
10531	0.000000
10530	0.000000
10528	0.000000
10527	0.000000
10526	0.000000
10524	0.000000
10523	0.000000
10522	0.000000
10521	0.000000
10520	0.000000
10519	0.000000
10518	0.000000
10517	0.000000
10515	0.000000
10514	0.000000
10513	0.000000
10512	0.000000
10510	0.000000
10508	0.000000
10507	0.000000
10506	0.000000
10505	0.000000
10503	0.000000
10502	0.000000
10501	0.000000
10500	0.000000
10499	0.000000
10498	0.000000
10497	0.000000
10496	0.000000
10495	0.000000
10494	0.000000
10491	0.000000
10490	0.000000
10489	0.000000
10488	0.000000
10487	0.000000
10486	0.000000
10485	0.000000
10484	0.000000
10483	0.000000
10482	0.000000
10481	0.000000
10480	0.000000
10479	0.000000
10478	0.000000
10477	0.000000
10476	0.000000
10475	0.000000
10474	0.000000
10472	0.000000
10470	0.000000
10469	0.000000
10463	0.000000
10462	0.000000
10460	0.000000
10459	0.000000
10458	0.000000
10454	0.000000
10449	0.000000
10448	0.000000
10446	0.000000
10445	0.000000
10444	0.000000
10442	0.000000
10441	0.000000
10440	0.000000
10439	0.000000
10436	0.000000
10434	0.000000
10430	0.000000
10429	0.000000
10428	0.000000
10427	0.000000
10426	0.000000
10424	0.000000
10422	0.000000
10420	0.000000
10419	0.000000
10418	0.000000
10416	0.000000
10414	0.000000
10412	0.000000
10409	0.000000
10408	0.000000
10407	0.000000
10406	0.000000
10404	0.000000
10401	0.000000
10399	0.000000
10397	0.000000
10396	0.000000
10395	0.000000
10393	0.000000
10391	0.000000
10390	0.000000
10389	0.000000
10387	0.000000
10386	0.000000
10384	0.000000
10383	0.000000
10382	0.000000
10379	0.000000
10378	0.000000
10377	0.000000
10376	0.000000
10371	0.000000
10370	0.000000
10366	0.000000
10365	0.000000
10364	0.000000
10362	0.000000
10360	0.000000
10357	0.000000
10355	0.000000
10352	0.000000
10350	0.000000
10347	0.000000
10346	0.000000
10345	0.000000
10344	0.000000
10343	0.000000
10341	0.000000
10339	0.000000
10338	0.000000
10331	0.000000
10329	0.000000
10327	0.000000
10326	0.000000
10325	0.000000
10324	0.000000
10323	0.000000
10319	0.000000
10318	0.000000
10317	0.000000
10316	0.000000
10315	0.000000
10314	0.000000
10313	0.000000
10312	0.000000
10310	0.000000
10308	0.000000
10306	0.000000
10302	0.000000
10301	0.000000
10297	0.000000
10296	0.000000
10294	0.000000
10291	0.000000
10289	0.000000
10288	0.000000
10287	0.000000
10286	0.000000
10285	0.000000
10284	0.000000
10282	0.000000
10281	0.000000
10280	0.000000
10277	0.000000
10275	0.000000
10271	0.000000
10270	0.000000
10269	0.000000
10268	0.000000
10267	0.000000
10266	0.000000
10265	0.000000
10263	0.000000
10262	0.000000
10259	0.000000
10256	0.000000
10255	0.000000
10254	0.000000
10253	0.000000
10252	0.000000
10251	0.000000
10249	0.000000
10247	0.000000
10244	0.000000
10243	0.000000
10240	0.000000
10239	0.000000
10237	0.000000
10236	0.000000
10235	0.000000
10234	0.000000
10233	0.000000
10232	0.000000
10230	0.000000
10227	0.000000
10225	0.000000
10224	0.000000
10222	0.000000
10221	0.000000
10219	0.000000
10218	0.000000
10214	0.000000
10213	0.000000
10212	0.000000
10211	0.000000
10210	0.000000
10208	0.000000
10207	0.000000
10204	0.000000
10203	0.000000
10202	0.000000
10201	0.000000
10200	0.000000
10199	0.000000
10196	0.000000
10195	0.000000
10194	0.000000
10193	0.000000
10192	0.000000
10191	0.000000
10190	0.000000
10189	0.000000
10188	0.000000
10186	0.000000
10183	0.000000
10182	0.000000
10179	0.000000
10178	0.000000
10176	0.000000
10175	0.000000
10174	0.000000
10173	0.000000
10172	0.000000
10170	0.000000
10166	0.000000
10163	0.000000
10162	0.000000
10161	0.000000
10159	0.000000
10158	0.000000
10157	0.000000
10155	0.000000
10154	0.000000
10153	0.000000
10152	0.000000
10151	0.000000
10149	0.000000
10148	0.000000
10143	0.000000
10141	0.000000
10140	0.000000
10139	0.000000
10138	0.000000
10136	0.000000
10135	0.000000
10134	0.000000
10133	0.000000
10132	0.000000
10131	0.000000
10130	0.000000
10128	0.000000
10127	0.000000
10125	0.000000
10124	0.000000
10123	0.000000
10121	0.000000
10120	0.000000
10119	0.000000
10118	0.000000
10116	0.000000
10115	0.000000
10114	0.000000
10113	0.000000
10112	0.000000
10111	0.000000
10110	0.000000
10109	0.000000
10108	0.000000
10107	0.000000
10106	0.000000
10105	0.000000
10104	0.000000
10103	0.000000
10100	0.000000
10099	0.000000
10098	0.000000
10097	0.000000
10096	0.000000
10095	0.000000
10094	0.000000
10092	0.000000
10091	0.000000
10090	0.000000
10086	0.000000
10085	0.000000
10084	0.000000
10083	0.000000
10080	0.000000
10079	0.000000
10078	0.000000
10077	0.000000
10072	0.000000
10071	0.000000
10069	0.000000
10068	0.000000
10067	0.000000
10066	0.000000
10065	0.000000
10064	0.000000
10063	0.000000
10060	0.000000
10059	0.000000
10057	0.000000
10056	0.000000
10050	0.000000
10049	0.000000
10048	0.000000
10047	0.000000
10046	0.000000
10045	0.000000
10044	0.000000
10041	0.000000
10038	0.000000
10037	0.000000
10036	0.000000
10035	0.000000
10034	0.000000
10033	0.000000
10032	0.000000
10031	0.000000
10029	0.000000
10028	0.000000
10027	0.000000
10026	0.000000
10025	0.000000
10023	0.000000
10022	0.000000
10020	0.000000
10019	0.000000
10016	0.000000
10015	0.000000
10013	0.000000
10012	0.000000
10010	0.000000
10009	0.000000
10008	0.000000
10007	0.000000
10005	0.000000
10003	0.000000
10002	0.000000
10000	0.000000
9996	0.000000
9995	0.000000
9993	0.000000
9992	0.000000
9991	0.000000
9990	0.000000
9989	0.000000
9988	0.000000
9986	0.000000
9985	0.000000
9984	0.000000
9983	0.000000
9982	0.000000
9981	0.000000
9977	0.000000
9976	0.000000
9974	0.000000
9973	0.000000
9972	0.000000
9969	0.000000
9966	0.000000
9962	0.000000
9961	0.000000
9960	0.000000
9958	0.000000
9957	0.000000
9956	0.000000
9955	0.000000
9954	0.000000
9952	0.000000
9950	0.000000
9949	0.000000
9946	0.000000
9945	0.000000
9944	0.000000
9942	0.000000
9941	0.000000
9940	0.000000
9939	0.000000
9936	0.000000
9932	0.000000
9930	0.000000
9928	0.000000
9926	0.000000
9925	0.000000
9922	0.000000
9919	0.000000
9918	0.000000
9916	0.000000
9914	0.000000
9913	0.000000
9912	0.000000
9911	0.000000
9908	0.000000
9907	0.000000
9906	0.000000
9904	0.000000
9903	0.000000
9900	0.000000
9898	0.000000
9897	0.000000
9896	0.000000
9895	0.000000
9893	0.000000
9890	0.000000
9889	0.000000
9888	0.000000
9887	0.000000
9883	0.000000
9879	0.000000
9876	0.000000
9875	0.000000
9871	0.000000
9870	0.000000
9866	0.000000
9865	0.000000
9861	0.000000
9860	0.000000
9859	0.000000
9857	0.000000
9856	0.000000
9855	0.000000
9854	0.000000
9853	0.000000
9852	0.000000
9850	0.000000
9848	0.000000
9847	0.000000
9846	0.000000
9844	0.000000
9842	0.000000
9841	0.000000
9837	0.000000
9835	0.000000
9834	0.000000
9833	0.000000
9832	0.000000
9831	0.000000
9830	0.000000
9828	0.000000
9827	0.000000
9826	0.000000
9825	0.000000
9824	0.000000
9822	0.000000
9821	0.000000
9820	0.000000
9817	0.000000
9816	0.000000
9815	0.000000
9814	0.000000
9813	0.000000
9809	0.000000
9808	0.000000
9807	0.000000
9806	0.000000
9804	0.000000
9803	0.000000
9802	0.000000
9800	0.000000
9798	0.000000
9797	0.000000
9796	0.000000
9794	0.000000
9793	0.000000
9792	0.000000
9791	0.000000
9790	0.000000
9789	0.000000
9788	0.000000
9783	0.000000
9779	0.000000
9776	0.000000
9775	0.000000
9774	0.000000
9773	0.000000
9772	0.000000
9770	0.000000
9768	0.000000
9767	0.000000
9766	0.000000
9765	0.000000
9764	0.000000
9763	0.000000
9762	0.000000
9761	0.000000
9759	0.000000
9757	0.000000
9754	0.000000
9751	0.000000
9749	0.000000
9748	0.000000
9747	0.000000
9745	0.000000
9742	0.000000
9741	0.000000
9740	0.000000
9737	0.000000
9736	0.000000
9735	0.000000
9734	0.000000
9727	0.000000
9726	0.000000
9725	0.000000
9724	0.000000
9723	0.000000
9721	0.000000
9720	0.000000
9719	0.000000
9715	0.000000
9712	0.000000
9711	0.000000
9710	0.000000
9709	0.000000
9708	0.000000
9707	0.000000
9704	0.000000
9703	0.000000
9702	0.000000
9700	0.000000
9698	0.000000
9697	0.000000
9696	0.000000
9695	0.000000
9694	0.000000
9689	0.000000
9688	0.000000
9687	0.000000
9686	0.000000
9684	0.000000
9683	0.000000
9682	0.000000
9680	0.000000
9679	0.000000
9676	0.000000
9672	0.000000
9670	0.000000
9666	0.000000
9665	0.000000
9664	0.000000
9663	0.000000
9661	0.000000
9659	0.000000
9658	0.000000
9656	0.000000
9653	0.000000
9652	0.000000
9651	0.000000
9649	0.000000
9645	0.000000
9643	0.000000
9642	0.000000
9641	0.000000
9640	0.000000
9637	0.000000
9636	0.000000
9634	0.000000
9633	0.000000
9632	0.000000
9631	0.000000
9630	0.000000
9629	0.000000
9628	0.000000
9625	0.000000
9621	0.000000
9619	0.000000
9618	0.000000
9616	0.000000
9613	0.000000
9611	0.000000
9610	0.000000
9609	0.000000
9606	0.000000
9605	0.000000
9604	0.000000
9602	0.000000
9599	0.000000
9598	0.000000
9597	0.000000
9594	0.000000
9593	0.000000
9592	0.000000
9589	0.000000
9588	0.000000
9585	0.000000
9583	0.000000
9581	0.000000
9580	0.000000
9579	0.000000
9578	0.000000
9577	0.000000
9576	0.000000
9575	0.000000
9573	0.000000
9571	0.000000
9569	0.000000
9568	0.000000
9565	0.000000
9561	0.000000
9559	0.000000
9558	0.000000
9557	0.000000
9554	0.000000
9551	0.000000
9549	0.000000
9548	0.000000
9546	0.000000
9545	0.000000
9543	0.000000
9542	0.000000
9541	0.000000
9540	0.000000
9538	0.000000
9536	0.000000
9534	0.000000
9533	0.000000
9532	0.000000
9530	0.000000
9528	0.000000
9527	0.000000
9526	0.000000
9525	0.000000
9523	0.000000
9522	0.000000
9521	0.000000
9519	0.000000
9517	0.000000
9516	0.000000
9515	0.000000
9514	0.000000
9513	0.000000
9511	0.000000
9509	0.000000
9505	0.000000
9503	0.000000
9502	0.000000
9501	0.000000
9498	0.000000
9495	0.000000
9493	0.000000
9492	0.000000
9490	0.000000
9489	0.000000
9486	0.000000
9481	0.000000
9480	0.000000
9479	0.000000
9478	0.000000
9476	0.000000
9474	0.000000
9471	0.000000
9469	0.000000
9468	0.000000
9466	0.000000
9465	0.000000
9464	0.000000
9463	0.000000
9462	0.000000
9461	0.000000
9460	0.000000
9458	0.000000
9457	0.000000
9455	0.000000
9454	0.000000
9453	0.000000
9451	0.000000
9450	0.000000
9449	0.000000
9445	0.000000
9444	0.000000
9442	0.000000
9441	0.000000
9440	0.000000
9437	0.000000
9436	0.000000
9434	0.000000
9433	0.000000
9432	0.000000
9428	0.000000
9426	0.000000
9425	0.000000
9424	0.000000
9421	0.000000
9419	0.000000
9417	0.000000
9416	0.000000
9415	0.000000
9414	0.000000
9411	0.000000
9409	0.000000
9407	0.000000
9406	0.000000
9405	0.000000
9404	0.000000
9403	0.000000
9402	0.000000
9401	0.000000
9400	0.000000
9399	0.000000
9398	0.000000
9397	0.000000
9396	0.000000
9395	0.000000
9393	0.000000
9390	0.000000
9389	0.000000
9388	0.000000
9387	0.000000
9386	0.000000
9384	0.000000
9382	0.000000
9381	0.000000
9379	0.000000
9378	0.000000
9376	0.000000
9375	0.000000
9374	0.000000
9367	0.000000
9366	0.000000
9365	0.000000
9364	0.000000
9363	0.000000
9362	0.000000
9360	0.000000
9355	0.000000
9354	0.000000
9352	0.000000
9351	0.000000
9350	0.000000
9349	0.000000
9347	0.000000
9343	0.000000
9342	0.000000
9341	0.000000
9339	0.000000
9337	0.000000
9336	0.000000
9334	0.000000
9332	0.000000
9330	0.000000
9329	0.000000
9328	0.000000
9327	0.000000
9325	0.000000
9323	0.000000
9319	0.000000
9318	0.000000
9315	0.000000
9313	0.000000
9311	0.000000
9309	0.000000
9307	0.000000
9306	0.000000
9305	0.000000
9304	0.000000
9301	0.000000
9300	0.000000
9299	0.000000
9297	0.000000
9296	0.000000
9295	0.000000
9293	0.000000
9292	0.000000
9291	0.000000
9289	0.000000
9288	0.000000
9286	0.000000
9284	0.000000
9283	0.000000
9282	0.000000
9280	0.000000
9279	0.000000
9277	0.000000
9276	0.000000
9275	0.000000
9271	0.000000
9270	0.000000
9268	0.000000
9267	0.000000
9266	0.000000
9264	0.000000
9263	0.000000
9262	0.000000
9261	0.000000
9260	0.000000
9259	0.000000
9258	0.000000
9257	0.000000
9255	0.000000
9252	0.000000
9250	0.000000
9249	0.000000
9248	0.000000
9244	0.000000
9243	0.000000
9239	0.000000
9238	0.000000
9237	0.000000
9235	0.000000
9234	0.000000
9232	0.000000
9231	0.000000
9230	0.000000
9229	0.000000
9228	0.000000
9227	0.000000
9221	0.000000
9216	0.000000
9215	0.000000
9213	0.000000
9212	0.000000
9211	0.000000
9210	0.000000
9208	0.000000
9207	0.000000
9205	0.000000
9204	0.000000
9203	0.000000
9202	0.000000
9200	0.000000
9198	0.000000
9197	0.000000
9195	0.000000
9194	0.000000
9193	0.000000
9191	0.000000
9190	0.000000
9189	0.000000
9188	0.000000
9185	0.000000
9183	0.000000
9182	0.000000
9174	0.000000
9173	0.000000
9169	0.000000
9167	0.000000
9166	0.000000
9165	0.000000
9163	0.000000
9161	0.000000
9160	0.000000
9159	0.000000
9158	0.000000
9156	0.000000
9153	0.000000
9152	0.000000
9149	0.000000
9147	0.000000
9144	0.000000
9143	0.000000
9142	0.000000
9141	0.000000
9140	0.000000
9139	0.000000
9138	0.000000
9137	0.000000
9136	0.000000
9134	0.000000
9133	0.000000
9132	0.000000
9130	0.000000
9129	0.000000
9128	0.000000
9126	0.000000
9125	0.000000
9123	0.000000
9121	0.000000
9120	0.000000
9119	0.000000
9116	0.000000
9112	0.000000
9111	0.000000
9109	0.000000
9107	0.000000
9106	0.000000
9103	0.000000
9102	0.000000
9101	0.000000
9100	0.000000
9099	0.000000
9098	0.000000
9097	0.000000
9096	0.000000
9095	0.000000
9094	0.000000
9093	0.000000
9092	0.000000
9091	0.000000
9090	0.000000
9089	0.000000
9087	0.000000
9086	0.000000
9085	0.000000
9082	0.000000
9080	0.000000
9079	0.000000
9077	0.000000
9076	0.000000
9075	0.000000
9074	0.000000
9073	0.000000
9071	0.000000
9069	0.000000
9068	0.000000
9066	0.000000
9065	0.000000
9064	0.000000
9063	0.000000
9061	0.000000
9059	0.000000
9055	0.000000
9054	0.000000
9053	0.000000
9050	0.000000
9049	0.000000
9048	0.000000
9047	0.000000
9046	0.000000
9045	0.000000
9044	0.000000
9042	0.000000
9041	0.000000
9039	0.000000
9037	0.000000
9035	0.000000
9034	0.000000
9032	0.000000
9029	0.000000
9028	0.000000
9026	0.000000
9025	0.000000
9024	0.000000
9022	0.000000
9018	0.000000
9017	0.000000
9015	0.000000
9013	0.000000
9009	0.000000
9007	0.000000
9006	0.000000
9005	0.000000
9004	0.000000
9002	0.000000
9001	0.000000
9000	0.000000
8999	0.000000
8998	0.000000
8997	0.000000
8996	0.000000
8993	0.000000
8989	0.000000
8988	0.000000
8987	0.000000
8985	0.000000
8983	0.000000
8982	0.000000
8981	0.000000
8980	0.000000
8978	0.000000
8977	0.000000
8974	0.000000
8973	0.000000
8972	0.000000
8971	0.000000
8970	0.000000
8969	0.000000
8968	0.000000
8967	0.000000
8966	0.000000
8965	0.000000
8963	0.000000
8961	0.000000
8960	0.000000
8959	0.000000
8958	0.000000
8957	0.000000
8955	0.000000
8954	0.000000
8953	0.000000
8950	0.000000
8949	0.000000
8948	0.000000
8946	0.000000
8945	0.000000
8944	0.000000
8943	0.000000
8941	0.000000
8939	0.000000
8937	0.000000
8936	0.000000
8935	0.000000
8932	0.000000
8931	0.000000
8925	0.000000
8923	0.000000
8922	0.000000
8920	0.000000
8917	0.000000
8916	0.000000
8915	0.000000
8914	0.000000
8913	0.000000
8909	0.000000
8908	0.000000
8907	0.000000
8906	0.000000
8904	0.000000
8903	0.000000
8902	0.000000
8901	0.000000
8900	0.000000
8899	0.000000
8898	0.000000
8897	0.000000
8896	0.000000
8894	0.000000
8893	0.000000
8892	0.000000
8891	0.000000
8890	0.000000
8889	0.000000
8888	0.000000
8884	0.000000
8883	0.000000
8880	0.000000
8879	0.000000
8875	0.000000
8874	0.000000
8872	0.000000
8871	0.000000
8869	0.000000
8868	0.000000
8867	0.000000
8866	0.000000
8865	0.000000
8863	0.000000
8862	0.000000
8859	0.000000
8858	0.000000
8857	0.000000
8856	0.000000
8855	0.000000
8852	0.000000
8850	0.000000
8843	0.000000
8842	0.000000
8841	0.000000
8840	0.000000
8839	0.000000
8836	0.000000
8835	0.000000
8834	0.000000
8833	0.000000
8831	0.000000
8830	0.000000
8829	0.000000
8827	0.000000
8826	0.000000
8825	0.000000
8823	0.000000
8819	0.000000
8817	0.000000
8815	0.000000
8813	0.000000
8812	0.000000
8809	0.000000
8808	0.000000
8807	0.000000
8804	0.000000
8803	0.000000
8802	0.000000
8799	0.000000
8798	0.000000
8795	0.000000
8794	0.000000
8790	0.000000
8789	0.000000
8788	0.000000
8787	0.000000
8786	0.000000
8784	0.000000
8783	0.000000
8782	0.000000
8773	0.000000
8772	0.000000
8771	0.000000
8770	0.000000
8768	0.000000
8765	0.000000
8763	0.000000
8760	0.000000
8756	0.000000
8755	0.000000
8754	0.000000
8752	0.000000
8751	0.000000
8749	0.000000
8747	0.000000
8746	0.000000
8745	0.000000
8744	0.000000
8742	0.000000
8735	0.000000
8734	0.000000
8733	0.000000
8732	0.000000
8731	0.000000
8730	0.000000
8727	0.000000
8726	0.000000
8725	0.000000
8720	0.000000
8716	0.000000
8715	0.000000
8714	0.000000
8712	0.000000
8710	0.000000
8709	0.000000
8708	0.000000
8706	0.000000
8705	0.000000
8704	0.000000
8703	0.000000
8702	0.000000
8700	0.000000
8698	0.000000
8696	0.000000
8693	0.000000
8692	0.000000
8691	0.000000
8689	0.000000
8688	0.000000
8687	0.000000
8686	0.000000
8684	0.000000
8678	0.000000
8677	0.000000
8676	0.000000
8674	0.000000
8673	0.000000
8672	0.000000
8671	0.000000
8670	0.000000
8669	0.000000
8668	0.000000
8665	0.000000
8661	0.000000
8660	0.000000
8659	0.000000
8658	0.000000
8657	0.000000
8654	0.000000
8649	0.000000
8648	0.000000
8647	0.000000
8646	0.000000
8644	0.000000
8641	0.000000
8640	0.000000
8639	0.000000
8636	0.000000
8635	0.000000
8634	0.000000
8632	0.000000
8631	0.000000
8630	0.000000
8629	0.000000
8628	0.000000
8626	0.000000
8624	0.000000
8622	0.000000
8621	0.000000
8620	0.000000
8618	0.000000
8617	0.000000
8613	0.000000
8612	0.000000
8608	0.000000
8606	0.000000
8603	0.000000
8601	0.000000
8600	0.000000
8594	0.000000
8593	0.000000
8589	0.000000
8588	0.000000
8587	0.000000
8585	0.000000
8584	0.000000
8583	0.000000
8582	0.000000
8581	0.000000
8578	0.000000
8575	0.000000
8573	0.000000
8572	0.000000
8569	0.000000
8568	0.000000
8565	0.000000
8564	0.000000
8561	0.000000
8560	0.000000
8557	0.000000
8555	0.000000
8553	0.000000
8552	0.000000
8551	0.000000
8548	0.000000
8547	0.000000
8546	0.000000
8545	0.000000
8543	0.000000
8542	0.000000
8539	0.000000
8538	0.000000
8536	0.000000
8534	0.000000
8532	0.000000
8531	0.000000
8530	0.000000
8527	0.000000
8524	0.000000
8521	0.000000
8514	0.000000
8513	0.000000
8502	0.000000
8499	0.000000
8498	0.000000
8497	0.000000
8494	0.000000
8492	0.000000
8489	0.000000
8487	0.000000
8486	0.000000
8481	0.000000
8475	0.000000
8474	0.000000
8471	0.000000
8470	0.000000
8464	0.000000
8461	0.000000
8460	0.000000
8456	0.000000
8454	0.000000
8452	0.000000
8450	0.000000
8448	0.000000
8446	0.000000
8444	0.000000
8443	0.000000
8436	0.000000
8435	0.000000
8433	0.000000
8429	0.000000
8428	0.000000
8425	0.000000
8424	0.000000
8421	0.000000
8420	0.000000
8419	0.000000
8418	0.000000
8417	0.000000
8416	0.000000
8414	0.000000
8410	0.000000
8408	0.000000
8401	0.000000
8400	0.000000
8395	0.000000
8391	0.000000
8379	0.000000
8375	0.000000
8373	0.000000
8372	0.000000
8371	0.000000
8366	0.000000
8364	0.000000
8363	0.000000
8360	0.000000
8358	0.000000
8356	0.000000
8354	0.000000
8353	0.000000
8352	0.000000
8351	0.000000
8348	0.000000
8340	0.000000
8339	0.000000
8336	0.000000
8334	0.000000
8332	0.000000
8330	0.000000
8329	0.000000
8323	0.000000
8322	0.000000
8321	0.000000
8316	0.000000
8314	0.000000
8313	0.000000
8310	0.000000
8308	0.000000
8305	0.000000
8303	0.000000
8302	0.000000
8299	0.000000
8296	0.000000
8294	0.000000
8293	0.000000
8292	0.000000
8291	0.000000
8289	0.000000
8288	0.000000
8286	0.000000
8285	0.000000
8284	0.000000
8283	0.000000
8282	0.000000
8279	0.000000
8278	0.000000
8277	0.000000
8275	0.000000
8274	0.000000
8272	0.000000
8270	0.000000
8268	0.000000
8266	0.000000
8265	0.000000
8264	0.000000
8263	0.000000
8262	0.000000
8259	0.000000
8258	0.000000
8257	0.000000
8253	0.000000
8250	0.000000
8249	0.000000
8248	0.000000
8246	0.000000
8245	0.000000
8243	0.000000
8242	0.000000
8241	0.000000
8240	0.000000
8238	0.000000
8237	0.000000
8231	0.000000
8230	0.000000
8229	0.000000
8228	0.000000
8227	0.000000
8226	0.000000
8223	0.000000
8222	0.000000
8220	0.000000
8219	0.000000
8218	0.000000
8216	0.000000
8214	0.000000
8213	0.000000
8212	0.000000
8211	0.000000
8210	0.000000
8208	0.000000
8207	0.000000
8206	0.000000
8205	0.000000
8202	0.000000
8200	0.000000
8199	0.000000
8198	0.000000
8197	0.000000
8196	0.000000
8195	0.000000
8194	0.000000
8192	0.000000
8191	0.000000
8187	0.000000
8186	0.000000
8184	0.000000
8183	0.000000
8182	0.000000
8181	0.000000
8180	0.000000
8175	0.000000
8173	0.000000
8171	0.000000
8169	0.000000
8168	0.000000
8166	0.000000
8164	0.000000
8163	0.000000
8158	0.000000
8153	0.000000
8152	0.000000
8151	0.000000
8150	0.000000
8149	0.000000
8148	0.000000
8147	0.000000
8146	0.000000
8145	0.000000
8144	0.000000
8143	0.000000
8142	0.000000
8141	0.000000
8139	0.000000
8138	0.000000
8137	0.000000
8136	0.000000
8133	0.000000
8131	0.000000
8130	0.000000
8127	0.000000
8126	0.000000
8121	0.000000
8120	0.000000
8117	0.000000
8114	0.000000
8112	0.000000
8111	0.000000
8108	0.000000
8103	0.000000
8102	0.000000
8101	0.000000
8100	0.000000
8099	0.000000
8098	0.000000
8097	0.000000
8096	0.000000
8094	0.000000
8093	0.000000
8091	0.000000
8090	0.000000
8087	0.000000
8086	0.000000
8085	0.000000
8083	0.000000
8079	0.000000
8077	0.000000
8072	0.000000
8071	0.000000
8070	0.000000
8069	0.000000
8067	0.000000
8064	0.000000
8063	0.000000
8061	0.000000
8060	0.000000
8059	0.000000
8056	0.000000
8055	0.000000
8054	0.000000
8053	0.000000
8052	0.000000
8051	0.000000
8050	0.000000
8046	0.000000
8045	0.000000
8043	0.000000
8042	0.000000
8040	0.000000
8039	0.000000
8038	0.000000
8037	0.000000
8029	0.000000
8028	0.000000
8026	0.000000
8022	0.000000
8021	0.000000
8020	0.000000
8018	0.000000
8015	0.000000
8014	0.000000
8013	0.000000
8012	0.000000
8005	0.000000
8004	0.000000
8000	0.000000
7999	0.000000
7997	0.000000
7994	0.000000
7991	0.000000
7989	0.000000
7987	0.000000
7986	0.000000
7985	0.000000
7984	0.000000
7983	0.000000
7982	0.000000
7980	0.000000
7979	0.000000
7978	0.000000
7977	0.000000
7975	0.000000
7974	0.000000
7973	0.000000
7972	0.000000
7971	0.000000
7970	0.000000
7969	0.000000
7968	0.000000
7967	0.000000
7966	0.000000
7960	0.000000
7959	0.000000
7958	0.000000
7957	0.000000
7955	0.000000
7954	0.000000
7953	0.000000
7951	0.000000
7949	0.000000
7948	0.000000
7946	0.000000
7944	0.000000
7943	0.000000
7938	0.000000
7937	0.000000
7935	0.000000
7932	0.000000
7931	0.000000
7926	0.000000
7924	0.000000
7923	0.000000
7922	0.000000
7921	0.000000
7920	0.000000
7919	0.000000
7918	0.000000
7917	0.000000
7913	0.000000
7912	0.000000
7911	0.000000
7910	0.000000
7909	0.000000
7908	0.000000
7907	0.000000
7906	0.000000
7905	0.000000
7903	0.000000
7900	0.000000
7895	0.000000
7893	0.000000
7892	0.000000
7891	0.000000
7890	0.000000
7888	0.000000
7887	0.000000
7886	0.000000
7884	0.000000
7883	0.000000
7881	0.000000
7880	0.000000
7878	0.000000
7874	0.000000
7873	0.000000
7872	0.000000
7871	0.000000
7870	0.000000
7869	0.000000
7868	0.000000
7862	0.000000
7858	0.000000
7855	0.000000
7854	0.000000
7853	0.000000
7852	0.000000
7851	0.000000
7847	0.000000
7846	0.000000
7841	0.000000
7838	0.000000
7837	0.000000
7835	0.000000
7833	0.000000
7831	0.000000
7830	0.000000
7828	0.000000
7827	0.000000
7826	0.000000
7824	0.000000
7822	0.000000
7820	0.000000
7818	0.000000
7816	0.000000
7814	0.000000
7813	0.000000
7811	0.000000
7810	0.000000
7808	0.000000
7806	0.000000
7804	0.000000
7798	0.000000
7797	0.000000
7796	0.000000
7795	0.000000
7793	0.000000
7792	0.000000
7788	0.000000
7787	0.000000
7785	0.000000
7783	0.000000
7782	0.000000
7781	0.000000
7779	0.000000
7778	0.000000
7776	0.000000
7775	0.000000
7772	0.000000
7771	0.000000
7770	0.000000
7769	0.000000
7768	0.000000
7767	0.000000
7766	0.000000
7765	0.000000
7763	0.000000
7760	0.000000
7759	0.000000
7754	0.000000
7752	0.000000
7750	0.000000
7749	0.000000
7748	0.000000
7747	0.000000
7744	0.000000
7742	0.000000
7737	0.000000
7735	0.000000
7733	0.000000
7731	0.000000
7727	0.000000
7724	0.000000
7723	0.000000
7722	0.000000
7721	0.000000
7717	0.000000
7714	0.000000
7713	0.000000
7709	0.000000
7708	0.000000
7707	0.000000
7706	0.000000
7700	0.000000
7699	0.000000
7696	0.000000
7695	0.000000
7692	0.000000
7691	0.000000
7690	0.000000
7689	0.000000
7684	0.000000
7681	0.000000
7680	0.000000
7675	0.000000
7673	0.000000
7672	0.000000
7671	0.000000
7669	0.000000
7667	0.000000
7666	0.000000
7665	0.000000
7661	0.000000
7658	0.000000
7657	0.000000
7652	0.000000
7651	0.000000
7650	0.000000
7648	0.000000
7646	0.000000
7642	0.000000
7638	0.000000
7635	0.000000
7630	0.000000
7628	0.000000
7625	0.000000
7624	0.000000
7623	0.000000
7612	0.000000
7607	0.000000
7606	0.000000
7603	0.000000
7601	0.000000
7599	0.000000
7598	0.000000
7597	0.000000
7596	0.000000
7594	0.000000
7593	0.000000
7591	0.000000
7588	0.000000
7585	0.000000
7584	0.000000
7582	0.000000
7581	0.000000
7580	0.000000
7570	0.000000
7569	0.000000
7567	0.000000
7563	0.000000
7562	0.000000
7558	0.000000
7553	0.000000
7552	0.000000
7551	0.000000
7550	0.000000
7548	0.000000
7542	0.000000
7541	0.000000
7539	0.000000
7529	0.000000
7525	0.000000
7522	0.000000
7519	0.000000
7518	0.000000
7516	0.000000
7515	0.000000
7514	0.000000
7513	0.000000
7511	0.000000
7510	0.000000
7509	0.000000
7506	0.000000
7500	0.000000
7498	0.000000
7496	0.000000
7493	0.000000
7491	0.000000
7490	0.000000
7489	0.000000
7486	0.000000
7481	0.000000
7480	0.000000
7479	0.000000
7478	0.000000
7477	0.000000
7476	0.000000
7475	0.000000
7468	0.000000
7465	0.000000
7464	0.000000
7463	0.000000
7459	0.000000
7458	0.000000
7455	0.000000
7451	0.000000
7448	0.000000
7435	0.000000
7432	0.000000
7429	0.000000
7425	0.000000
7422	0.000000
7420	0.000000
7419	0.000000
7417	0.000000
7415	0.000000
7409	0.000000
7408	0.000000
7407	0.000000
7406	0.000000
7405	0.000000
7400	0.000000
7398	0.000000
7396	0.000000
7395	0.000000
7394	0.000000
7393	0.000000
7392	0.000000
7391	0.000000
7375	0.000000
7372	0.000000
7369	0.000000
7367	0.000000
7365	0.000000
7360	0.000000
7358	0.000000
7357	0.000000
7354	0.000000
7352	0.000000
7345	0.000000
7344	0.000000
7342	0.000000
7339	0.000000
7337	0.000000
7335	0.000000
7334	0.000000
7333	0.000000
7332	0.000000
7330	0.000000
7329	0.000000
7328	0.000000
7319	0.000000
7315	0.000000
7313	0.000000
7311	0.000000
7309	0.000000
7307	0.000000
7306	0.000000
7305	0.000000
7303	0.000000
7302	0.000000
7284	0.000000
7282	0.000000
7279	0.000000
7277	0.000000
7275	0.000000
7272	0.000000
7270	0.000000
7265	0.000000
7260	0.000000
7256	0.000000
7255	0.000000
7248	0.000000
7246	0.000000
7244	0.000000
7243	0.000000
7242	0.000000
7241	0.000000
7239	0.000000
7238	0.000000
7235	0.000000
7230	0.000000
7228	0.000000
7226	0.000000
7220	0.000000
7219	0.000000
7218	0.000000
7214	0.000000
7212	0.000000
7211	0.000000
7210	0.000000
7208	0.000000
7206	0.000000
7204	0.000000
7201	0.000000
7200	0.000000
7196	0.000000
7195	0.000000
7194	0.000000
7193	0.000000
7190	0.000000
7187	0.000000
7186	0.000000
7185	0.000000
7184	0.000000
7177	0.000000
7174	0.000000
7171	0.000000
7169	0.000000
7161	0.000000
7159	0.000000
7157	0.000000
7156	0.000000
7155	0.000000
7154	0.000000
7153	0.000000
7152	0.000000
7150	0.000000
7148	0.000000
7147	0.000000
7146	0.000000
7145	0.000000
7144	0.000000
7143	0.000000
7141	0.000000
7139	0.000000
7138	0.000000
7137	0.000000
7136	0.000000
7132	0.000000
7131	0.000000
7130	0.000000
7127	0.000000
7126	0.000000
7125	0.000000
7123	0.000000
7122	0.000000
7121	0.000000
7111	0.000000
7110	0.000000
7108	0.000000
7107	0.000000
7106	0.000000
7097	0.000000
7094	0.000000
7093	0.000000
7092	0.000000
7091	0.000000
7090	0.000000
7086	0.000000
7085	0.000000
7079	0.000000
7078	0.000000
7077	0.000000
7076	0.000000
7073	0.000000
7070	0.000000
7069	0.000000
7067	0.000000
7064	0.000000
7063	0.000000
7058	0.000000
7057	0.000000
7056	0.000000
7054	0.000000
7053	0.000000
7050	0.000000
7049	0.000000
7048	0.000000
7047	0.000000
7046	0.000000
7044	0.000000
7043	0.000000
7042	0.000000
7039	0.000000
7037	0.000000
7035	0.000000
7034	0.000000
7032	0.000000
7031	0.000000
7030	0.000000
7027	0.000000
7026	0.000000
7024	0.000000
7023	0.000000
7021	0.000000
7020	0.000000
7009	0.000000
7005	0.000000
7003	0.000000
7000	0.000000
6997	0.000000
6996	0.000000
6992	0.000000
6991	0.000000
6990	0.000000
6986	0.000000
6985	0.000000
6984	0.000000
6982	0.000000
6981	0.000000
6979	0.000000
6978	0.000000
6975	0.000000
6964	0.000000
6951	0.000000
6950	0.000000
6949	0.000000
6946	0.000000
6943	0.000000
6940	0.000000
6936	0.000000
6935	0.000000
6931	0.000000
6926	0.000000
6925	0.000000
6923	0.000000
6922	0.000000
6921	0.000000
6917	0.000000
6915	0.000000
6912	0.000000
6907	0.000000
6905	0.000000
6904	0.000000
6895	0.000000
6878	0.000000
6877	0.000000
6870	0.000000
6859	0.000000
6857	0.000000
6855	0.000000
6851	0.000000
6846	0.000000
6844	0.000000
6837	0.000000
6834	0.000000
6831	0.000000
6830	0.000000
6822	0.000000
6816	0.000000
6815	0.000000
6814	0.000000
6813	0.000000
6812	0.000000
6810	0.000000
6809	0.000000
6807	0.000000
6802	0.000000
6799	0.000000
6786	0.000000
6782	0.000000
6781	0.000000
6779	0.000000
6774	0.000000
6773	0.000000
6772	0.000000
6767	0.000000
6766	0.000000
6765	0.000000
6764	0.000000
6763	0.000000
6761	0.000000
6759	0.000000
6754	0.000000
6753	0.000000
6751	0.000000
6750	0.000000
6747	0.000000
6742	0.000000
6741	0.000000
6740	0.000000
6738	0.000000
6737	0.000000
6736	0.000000
6734	0.000000
6733	0.000000
6731	0.000000
6726	0.000000
6723	0.000000
6722	0.000000
6721	0.000000
6719	0.000000
6718	0.000000
6705	0.000000
6704	0.000000
6694	0.000000
6692	0.000000
6689	0.000000
6679	0.000000
6674	0.000000
6672	0.000000
6671	0.000000
6670	0.000000
6669	0.000000
6666	0.000000
6665	0.000000
6664	0.000000
6663	0.000000
6661	0.000000
6658	0.000000
6657	0.000000
6651	0.000000
6642	0.000000
6641	0.000000
6640	0.000000
6639	0.000000
6638	0.000000
6637	0.000000
6635	0.000000
6634	0.000000
6627	0.000000
6625	0.000000
6624	0.000000
6621	0.000000
6619	0.000000
6617	0.000000
6616	0.000000
6609	0.000000
6607	0.000000
6605	0.000000
6601	0.000000
6598	0.000000
6596	0.000000
6595	0.000000
6594	0.000000
6592	0.000000
6591	0.000000
6590	0.000000
6587	0.000000
6586	0.000000
6585	0.000000
6584	0.000000
6583	0.000000
6581	0.000000
6580	0.000000
6575	0.000000
6574	0.000000
6573	0.000000
6568	0.000000
6559	0.000000
6548	0.000000
6544	0.000000
6539	0.000000
6538	0.000000
6530	0.000000
6529	0.000000
6527	0.000000
6525	0.000000
6524	0.000000
6520	0.000000
6519	0.000000
6517	0.000000
6512	0.000000
6507	0.000000
6506	0.000000
6502	0.000000
6494	0.000000
6488	0.000000
6482	0.000000
6480	0.000000
6477	0.000000
6475	0.000000
6468	0.000000
6463	0.000000
6461	0.000000
6456	0.000000
6455	0.000000
6453	0.000000
6451	0.000000
6444	0.000000
6442	0.000000
6432	0.000000
6428	0.000000
6427	0.000000
6425	0.000000
6404	0.000000
6402	0.000000
6399	0.000000
6398	0.000000
6397	0.000000
6391	0.000000
6390	0.000000
6389	0.000000
6387	0.000000
6384	0.000000
6381	0.000000
6380	0.000000
6379	0.000000
6378	0.000000
6377	0.000000
6376	0.000000
6375	0.000000
6367	0.000000
6357	0.000000
6355	0.000000
6327	0.000000
6324	0.000000
6320	0.000000
6317	0.000000
6313	0.000000
6312	0.000000
6304	0.000000
6301	0.000000
6297	0.000000
6294	0.000000
6292	0.000000
6291	0.000000
6290	0.000000
6289	0.000000
6288	0.000000
6286	0.000000
6284	0.000000
6283	0.000000
6282	0.000000
6281	0.000000
6280	0.000000
6278	0.000000
6277	0.000000
6276	0.000000
6274	0.000000
6273	0.000000
6272	0.000000
6271	0.000000
6270	0.000000
6269	0.000000
6268	0.000000
6266	0.000000
6265	0.000000
6262	0.000000
6259	0.000000
6258	0.000000
6256	0.000000
6255	0.000000
6252	0.000000
6248	0.000000
6247	0.000000
6244	0.000000
6241	0.000000
6240	0.000000
6239	0.000000
6237	0.000000
6236	0.000000
6232	0.000000
6229	0.000000
6225	0.000000
6224	0.000000
6223	0.000000
6222	0.000000
6221	0.000000
6219	0.000000
6217	0.000000
6215	0.000000
6214	0.000000
6208	0.000000
6207	0.000000
6205	0.000000
6201	0.000000
6199	0.000000
6193	0.000000
6192	0.000000
6191	0.000000
6190	0.000000
6189	0.000000
6188	0.000000
6187	0.000000
6175	0.000000
6165	0.000000
6162	0.000000
6161	0.000000
6160	0.000000
6159	0.000000
6158	0.000000
6157	0.000000
6155	0.000000
6154	0.000000
6153	0.000000
6151	0.000000
6150	0.000000
6148	0.000000
6143	0.000000
6140	0.000000
6139	0.000000
6134	0.000000
6132	0.000000
6130	0.000000
6127	0.000000
6126	0.000000
6124	0.000000
6121	0.000000
6119	0.000000
6118	0.000000
6117	0.000000
6115	0.000000
6114	0.000000
6111	0.000000
6109	0.000000
6108	0.000000
6107	0.000000
6105	0.000000
6104	0.000000
6102	0.000000
6101	0.000000
6100	0.000000
6096	0.000000
6095	0.000000
6093	0.000000
6092	0.000000
6091	0.000000
6089	0.000000
6087	0.000000
6086	0.000000
6084	0.000000
6083	0.000000
6082	0.000000
6081	0.000000
6079	0.000000
6074	0.000000
6072	0.000000
6068	0.000000
6066	0.000000
6061	0.000000
6057	0.000000
6055	0.000000
6051	0.000000
6047	0.000000
6040	0.000000
6039	0.000000
6038	0.000000
6037	0.000000
6033	0.000000
6032	0.000000
6029	0.000000
6026	0.000000
6024	0.000000
6021	0.000000
6020	0.000000
6019	0.000000
6018	0.000000
6017	0.000000
6016	0.000000
6015	0.000000
6011	0.000000
6008	0.000000
6006	0.000000
6000	0.000000
5998	0.000000
5997	0.000000
5996	0.000000
5994	0.000000
5978	0.000000
5976	0.000000
5975	0.000000
5971	0.000000
5970	0.000000
5967	0.000000
5965	0.000000
5964	0.000000
5963	0.000000
5960	0.000000
5959	0.000000
5958	0.000000
5949	0.000000
5946	0.000000
5945	0.000000
5943	0.000000
5942	0.000000
5941	0.000000
5938	0.000000
5937	0.000000
5935	0.000000
5932	0.000000
5931	0.000000
5930	0.000000
5928	0.000000
5925	0.000000
5924	0.000000
5923	0.000000
5922	0.000000
5920	0.000000
5919	0.000000
5918	0.000000
5917	0.000000
5915	0.000000
5912	0.000000
5909	0.000000
5903	0.000000
5900	0.000000
5898	0.000000
5897	0.000000
5895	0.000000
5890	0.000000
5888	0.000000
5887	0.000000
5886	0.000000
5884	0.000000
5878	0.000000
5876	0.000000
5875	0.000000
5874	0.000000
5869	0.000000
5868	0.000000
5863	0.000000
5862	0.000000
5860	0.000000
5857	0.000000
5854	0.000000
5853	0.000000
5852	0.000000
5849	0.000000
5848	0.000000
5844	0.000000
5842	0.000000
5840	0.000000
5839	0.000000
5832	0.000000
5831	0.000000
5830	0.000000
5827	0.000000
5824	0.000000
5819	0.000000
5817	0.000000
5814	0.000000
5813	0.000000
5809	0.000000
5808	0.000000
5804	0.000000
5803	0.000000
5800	0.000000
5799	0.000000
5797	0.000000
5796	0.000000
5793	0.000000
5792	0.000000
5791	0.000000
5785	0.000000
5783	0.000000
5782	0.000000
5774	0.000000
5771	0.000000
5767	0.000000
5766	0.000000
5758	0.000000
5757	0.000000
5747	0.000000
5744	0.000000
5741	0.000000
5740	0.000000
5737	0.000000
5734	0.000000
5733	0.000000
5732	0.000000
5731	0.000000
5730	0.000000
5727	0.000000
5713	0.000000
5708	0.000000
5699	0.000000
5698	0.000000
5694	0.000000
5692	0.000000
5691	0.000000
5689	0.000000
5688	0.000000
5687	0.000000
5681	0.000000
5679	0.000000
5678	0.000000
5672	0.000000
5670	0.000000
5668	0.000000
5660	0.000000
5658	0.000000
5656	0.000000
5646	0.000000
5645	0.000000
5644	0.000000
5642	0.000000
5641	0.000000
5640	0.000000
5637	0.000000
5635	0.000000
5634	0.000000
5633	0.000000
5632	0.000000
5628	0.000000
5627	0.000000
5624	0.000000
5621	0.000000
5610	0.000000
5606	0.000000
5605	0.000000
5603	0.000000
5600	0.000000
5599	0.000000
5597	0.000000
5588	0.000000
5584	0.000000
5583	0.000000
5582	0.000000
5576	0.000000
5573	0.000000
5572	0.000000
5564	0.000000
5562	0.000000
5561	0.000000
5560	0.000000
5559	0.000000
5558	0.000000
5553	0.000000
5552	0.000000
5546	0.000000
5545	0.000000
5544	0.000000
5542	0.000000
5538	0.000000
5531	0.000000
5528	0.000000
5522	0.000000
5520	0.000000
5519	0.000000
5518	0.000000
5517	0.000000
5508	0.000000
5505	0.000000
5502	0.000000
5500	0.000000
5494	0.000000
5493	0.000000
5487	0.000000
5486	0.000000
5485	0.000000
5482	0.000000
5481	0.000000
5478	0.000000
5477	0.000000
5475	0.000000
5467	0.000000
5462	0.000000
5461	0.000000
5460	0.000000
5448	0.000000
5447	0.000000
5446	0.000000
5439	0.000000
5438	0.000000
5437	0.000000
5436	0.000000
5435	0.000000
5434	0.000000
5433	0.000000
5432	0.000000
5418	0.000000
5408	0.000000
5407	0.000000
5397	0.000000
5396	0.000000
5393	0.000000
5391	0.000000
5388	0.000000
5387	0.000000
5386	0.000000
5382	0.000000
5380	0.000000
5379	0.000000
5377	0.000000
5372	0.000000
5371	0.000000
5370	0.000000
5367	0.000000
5357	0.000000
5352	0.000000
5350	0.000000
5349	0.000000
5348	0.000000
5340	0.000000
5338	0.000000
5330	0.000000
5329	0.000000
5327	0.000000
5306	0.000000
5303	0.000000
5301	0.000000
5300	0.000000
5299	0.000000
5297	0.000000
5296	0.000000
5291	0.000000
5290	0.000000
5289	0.000000
5285	0.000000
5284	0.000000
5277	0.000000
5275	0.000000
5274	0.000000
5273	0.000000
5272	0.000000
5267	0.000000
5261	0.000000
5259	0.000000
5252	0.000000
5248	0.000000
5241	0.000000
5235	0.000000
5232	0.000000
5231	0.000000
5223	0.000000
5222	0.000000
5218	0.000000
5217	0.000000
5215	0.000000
5208	0.000000
5207	0.000000
5205	0.000000
5204	0.000000
5202	0.000000
5201	0.000000
5199	0.000000
5198	0.000000
5197	0.000000
5192	0.000000
5189	0.000000
5185	0.000000
5184	0.000000
5182	0.000000
5179	0.000000
5176	0.000000
5175	0.000000
5172	0.000000
5170	0.000000
5168	0.000000
5162	0.000000
5161	0.000000
5160	0.000000
5157	0.000000
5149	0.000000
5147	0.000000
5146	0.000000
5145	0.000000
5133	0.000000
5132	0.000000
5130	0.000000
5125	0.000000
5124	0.000000
5123	0.000000
5122	0.000000
5120	0.000000
5118	0.000000
5116	0.000000
5114	0.000000
5112	0.000000
5111	0.000000
5110	0.000000
5106	0.000000
5101	0.000000
5100	0.000000
5098	0.000000
5097	0.000000
5089	0.000000
5088	0.000000
5087	0.000000
5084	0.000000
5082	0.000000
5078	0.000000
5074	0.000000
5071	0.000000
5070	0.000000
5069	0.000000
5065	0.000000
5063	0.000000
5062	0.000000
5061	0.000000
5058	0.000000
5055	0.000000
5054	0.000000
5053	0.000000
5048	0.000000
5047	0.000000
5041	0.000000
5037	0.000000
5036	0.000000
5033	0.000000
5027	0.000000
5026	0.000000
5021	0.000000
5019	0.000000
5017	0.000000
5015	0.000000
5014	0.000000
5013	0.000000
5012	0.000000
5010	0.000000
5007	0.000000
5006	0.000000
5005	0.000000
5004	0.000000
5003	0.000000
5002	0.000000
4997	0.000000
4996	0.000000
4993	0.000000
4992	0.000000
4989	0.000000
4988	0.000000
4987	0.000000
4980	0.000000
4977	0.000000
4976	0.000000
4975	0.000000
4973	0.000000
4972	0.000000
4971	0.000000
4970	0.000000
4969	0.000000
4968	0.000000
4967	0.000000
4966	0.000000
4958	0.000000
4957	0.000000
4956	0.000000
4946	0.000000
4945	0.000000
4944	0.000000
4943	0.000000
4942	0.000000
4941	0.000000
4940	0.000000
4938	0.000000
4933	0.000000
4932	0.000000
4931	0.000000
4930	0.000000
4928	0.000000
4927	0.000000
4924	0.000000
4922	0.000000
4921	0.000000
4919	0.000000
4918	0.000000
4916	0.000000
4915	0.000000
4912	0.000000
4911	0.000000
4910	0.000000
4908	0.000000
4907	0.000000
4906	0.000000
4904	0.000000
4902	0.000000
4900	0.000000
4897	0.000000
4894	0.000000
4891	0.000000
4889	0.000000
4886	0.000000
4885	0.000000
4882	0.000000
4881	0.000000
4880	0.000000
4878	0.000000
4862	0.000000
4860	0.000000
4855	0.000000
4854	0.000000
4853	0.000000
4851	0.000000
4847	0.000000
4846	0.000000
4845	0.000000
4844	0.000000
4838	0.000000
4832	0.000000
4830	0.000000
4829	0.000000
4828	0.000000
4827	0.000000
4826	0.000000
4821	0.000000
4816	0.000000
4811	0.000000
4806	0.000000
4802	0.000000
4800	0.000000
4798	0.000000
4797	0.000000
4796	0.000000
4794	0.000000
4788	0.000000
4781	0.000000
4780	0.000000
4773	0.000000
4771	0.000000
4770	0.000000
4764	0.000000
4763	0.000000
4762	0.000000
4761	0.000000
4759	0.000000
4758	0.000000
4757	0.000000
4756	0.000000
4754	0.000000
4752	0.000000
4750	0.000000
4747	0.000000
4744	0.000000
4741	0.000000
4740	0.000000
4739	0.000000
4738	0.000000
4737	0.000000
4736	0.000000
4734	0.000000
4733	0.000000
4731	0.000000
4729	0.000000
4728	0.000000
4727	0.000000
4724	0.000000
4723	0.000000
4722	0.000000
4721	0.000000
4720	0.000000
4719	0.000000
4718	0.000000
4717	0.000000
4715	0.000000
4713	0.000000
4711	0.000000
4710	0.000000
4704	0.000000
4703	0.000000
4702	0.000000
4701	0.000000
4682	0.000000
4677	0.000000
4676	0.000000
4673	0.000000
4672	0.000000
4670	0.000000
4669	0.000000
4667	0.000000
4658	0.000000
4657	0.000000
4655	0.000000
4654	0.000000
4643	0.000000
4642	0.000000
4641	0.000000
4639	0.000000
4636	0.000000
4634	0.000000
4632	0.000000
4631	0.000000
4630	0.000000
4625	0.000000
4622	0.000000
4621	0.000000
4620	0.000000
4619	0.000000
4618	0.000000
4615	0.000000
4611	0.000000
4606	0.000000
4605	0.000000
4603	0.000000
4602	0.000000
4601	0.000000
4599	0.000000
4598	0.000000
4589	0.000000
4585	0.000000
4584	0.000000
4583	0.000000
4582	0.000000
4580	0.000000
4566	0.000000
4565	0.000000
4563	0.000000
4561	0.000000
4560	0.000000
4559	0.000000
4558	0.000000
4557	0.000000
4542	0.000000
4541	0.000000
4540	0.000000
4538	0.000000
4535	0.000000
4534	0.000000
4532	0.000000
4530	0.000000
4526	0.000000
4519	0.000000
4517	0.000000
4511	0.000000
4510	0.000000
4509	0.000000
4506	0.000000
4499	0.000000
4491	0.000000
4488	0.000000
4484	0.000000
4481	0.000000
4469	0.000000
4468	0.000000
4462	0.000000
4460	0.000000
4458	0.000000
4456	0.000000
4454	0.000000
4443	0.000000
4441	0.000000
4439	0.000000
4438	0.000000
4437	0.000000
4436	0.000000
4432	0.000000
4431	0.000000
4429	0.000000
4426	0.000000
4422	0.000000
4420	0.000000
4417	0.000000
4413	0.000000
4400	0.000000
4396	0.000000
4394	0.000000
4387	0.000000
4385	0.000000
4384	0.000000
4383	0.000000
4382	0.000000
4379	0.000000
4378	0.000000
4377	0.000000
4369	0.000000
4368	0.000000
4361	0.000000
4357	0.000000
4355	0.000000
4353	0.000000
4350	0.000000
4348	0.000000
4346	0.000000
4344	0.000000
4342	0.000000
4339	0.000000
4338	0.000000
4337	0.000000
4335	0.000000
4331	0.000000
4330	0.000000
4329	0.000000
4314	0.000000
4311	0.000000
4310	0.000000
4308	0.000000
4305	0.000000
4304	0.000000
4303	0.000000
4301	0.000000
4300	0.000000
4299	0.000000
4298	0.000000
4297	0.000000
4289	0.000000
4286	0.000000
4285	0.000000
4284	0.000000
4282	0.000000
4275	0.000000
4269	0.000000
4266	0.000000
4264	0.000000
4258	0.000000
4254	0.000000
4247	0.000000
4243	0.000000
4237	0.000000
4235	0.000000
4234	0.000000
4233	0.000000
4228	0.000000
4218	0.000000
4216	0.000000
4212	0.000000
4211	0.000000
4208	0.000000
4206	0.000000
4205	0.000000
4203	0.000000
4202	0.000000
4199	0.000000
4196	0.000000
4195	0.000000
4188	0.000000
4184	0.000000
4183	0.000000
4180	0.000000
4177	0.000000
4175	0.000000
4173	0.000000
4171	0.000000
4169	0.000000
4167	0.000000
4165	0.000000
4164	0.000000
4162	0.000000
4161	0.000000
4158	0.000000
4148	0.000000
4140	0.000000
4139	0.000000
4138	0.000000
4131	0.000000
4130	0.000000
4129	0.000000
4127	0.000000
4122	0.000000
4121	0.000000
4118	0.000000
4116	0.000000
4114	0.000000
4112	0.000000
4111	0.000000
4110	0.000000
4107	0.000000
4106	0.000000
4104	0.000000
4102	0.000000
4100	0.000000
4099	0.000000
4096	0.000000
4092	0.000000
4091	0.000000
4086	0.000000
4080	0.000000
4074	0.000000
4071	0.000000
4070	0.000000
4069	0.000000
4068	0.000000
4062	0.000000
4060	0.000000
4059	0.000000
4056	0.000000
4042	0.000000
4040	0.000000
4038	0.000000
4037	0.000000
4036	0.000000
4028	0.000000
4027	0.000000
4026	0.000000
4025	0.000000
4024	0.000000
4020	0.000000
4017	0.000000
4009	0.000000
4003	0.000000
3990	0.000000
3982	0.000000
3981	0.000000
3980	0.000000
3976	0.000000
3971	0.000000
3956	0.000000
3953	0.000000
3949	0.000000
3943	0.000000
3933	0.000000
3932	0.000000
3927	0.000000
3925	0.000000
3924	0.000000
3923	0.000000
3914	0.000000
3913	0.000000
3912	0.000000
3903	0.000000
3902	0.000000
3900	0.000000
3896	0.000000
3889	0.000000
3888	0.000000
3887	0.000000
3884	0.000000
3881	0.000000
3876	0.000000
3874	0.000000
3873	0.000000
3871	0.000000
3870	0.000000
3867	0.000000
3866	0.000000
3862	0.000000
3853	0.000000
3852	0.000000
3850	0.000000
3849	0.000000
3845	0.000000
3842	0.000000
3841	0.000000
3838	0.000000
3834	0.000000
3831	0.000000
3830	0.000000
3824	0.000000
3823	0.000000
3818	0.000000
3815	0.000000
3813	0.000000
3811	0.000000
3808	0.000000
3807	0.000000
3806	0.000000
3784	0.000000
3778	0.000000
3777	0.000000
3776	0.000000
3775	0.000000
3771	0.000000
3766	0.000000
3765	0.000000
3764	0.000000
3762	0.000000
3742	0.000000
3736	0.000000
3734	0.000000
3733	0.000000
3732	0.000000
3727	0.000000
3726	0.000000
3725	0.000000
3721	0.000000
3720	0.000000
3719	0.000000
3718	0.000000
3716	0.000000
3714	0.000000
3712	0.000000
3711	0.000000
3707	0.000000
3706	0.000000
3697	0.000000
3693	0.000000
3692	0.000000
3689	0.000000
3686	0.000000
3685	0.000000
3684	0.000000
3683	0.000000
3681	0.000000
3671	0.000000
3670	0.000000
3668	0.000000
3666	0.000000
3663	0.000000
3661	0.000000
3659	0.000000
3658	0.000000
3648	0.000000
3621	0.000000
3618	0.000000
3617	0.000000
3614	0.000000
3613	0.000000
3611	0.000000
3610	0.000000
3609	0.000000
3604	0.000000
3600	0.000000
3599	0.000000
3571	0.000000
3547	0.000000
3546	0.000000
3545	0.000000
3539	0.000000
3529	0.000000
3527	0.000000
3526	0.000000
3525	0.000000
3519	0.000000
3515	0.000000
3510	0.000000
3507	0.000000
3506	0.000000
3499	0.000000
3490	0.000000
3489	0.000000
3488	0.000000
3481	0.000000
3479	0.000000
3478	0.000000
3477	0.000000
3476	0.000000
3475	0.000000
3471	0.000000
3468	0.000000
3467	0.000000
3462	0.000000
3460	0.000000
3455	0.000000
3454	0.000000
3449	0.000000
3437	0.000000
3434	0.000000
3432	0.000000
3431	0.000000
3428	0.000000
3425	0.000000
3424	0.000000
3423	0.000000
3421	0.000000
3419	0.000000
3417	0.000000
3414	0.000000
3407	0.000000
3405	0.000000
3403	0.000000
3402	0.000000
3401	0.000000
3400	0.000000
3397	0.000000
3396	0.000000
3388	0.000000
3386	0.000000
3379	0.000000
3367	0.000000
3366	0.000000
3363	0.000000
3362	0.000000
3354	0.000000
3341	0.000000
3328	0.000000
3326	0.000000
3325	0.000000
3321	0.000000
3315	0.000000
3314	0.000000
3313	0.000000
3311	0.000000
3309	0.000000
3303	0.000000
3300	0.000000
3295	0.000000
3292	0.000000
3288	0.000000
3274	0.000000
3273	0.000000
3271	0.000000
3267	0.000000
3264	0.000000
3262	0.000000
3261	0.000000
3258	0.000000
3254	0.000000
3249	0.000000
3241	0.000000
3239	0.000000
3237	0.000000
3236	0.000000
3235	0.000000
3234	0.000000
3229	0.000000
3227	0.000000
3223	0.000000
3219	0.000000
3215	0.000000
3208	0.000000
3202	0.000000
3190	0.000000
3181	0.000000
3178	0.000000
3176	0.000000
3174	0.000000
3173	0.000000
3170	0.000000
3167	0.000000
3155	0.000000
3150	0.000000
3147	0.000000
3145	0.000000
3144	0.000000
3143	0.000000
3142	0.000000
3126	0.000000
3125	0.000000
3124	0.000000
3113	0.000000
3112	0.000000
3103	0.000000
3101	0.000000
3100	0.000000
3099	0.000000
3098	0.000000
3097	0.000000
3096	0.000000
3095	0.000000
3092	0.000000
3091	0.000000
3090	0.000000
3089	0.000000
3086	0.000000
3085	0.000000
3066	0.000000
3064	0.000000
3061	0.000000
3055	0.000000
3051	0.000000
3050	0.000000
3034	0.000000
3027	0.000000
3016	0.000000
3007	0.000000
3006	0.000000
3004	0.000000
3001	0.000000
2998	0.000000
2993	0.000000
2990	0.000000
2988	0.000000
2987	0.000000
2986	0.000000
2984	0.000000
2970	0.000000
2963	0.000000
2958	0.000000
2953	0.000000
2950	0.000000
2948	0.000000
2947	0.000000
2946	0.000000
2945	0.000000
2942	0.000000
2939	0.000000
2930	0.000000
2927	0.000000
2923	0.000000
2917	0.000000
2915	0.000000
2908	0.000000
2905	0.000000
2897	0.000000
2896	0.000000
2893	0.000000
2891	0.000000
2888	0.000000
2877	0.000000
2876	0.000000
2875	0.000000
2841	0.000000
2833	0.000000
2829	0.000000
2827	0.000000
2826	0.000000
2825	0.000000
2823	0.000000
2822	0.000000
2821	0.000000
2820	0.000000
2819	0.000000
2813	0.000000
2805	0.000000
2804	0.000000
2802	0.000000
2796	0.000000
2795	0.000000
2792	0.000000
2788	0.000000
2781	0.000000
2780	0.000000
2779	0.000000
2777	0.000000
2776	0.000000
2770	0.000000
2768	0.000000
2767	0.000000
2766	0.000000
2765	0.000000
2761	0.000000
2760	0.000000
2746	0.000000
2745	0.000000
2739	0.000000
2731	0.000000
2730	0.000000
2729	0.000000
2728	0.000000
2727	0.000000
2725	0.000000
2720	0.000000
2718	0.000000
2717	0.000000
2715	0.000000
2710	0.000000
2703	0.000000
2696	0.000000
2693	0.000000
2692	0.000000
2688	0.000000
2686	0.000000
2685	0.000000
2684	0.000000
2679	0.000000
2678	0.000000
2677	0.000000
2676	0.000000
2675	0.000000
2674	0.000000
2673	0.000000
2670	0.000000
2668	0.000000
2667	0.000000
2650	0.000000
2649	0.000000
2648	0.000000
2646	0.000000
2641	0.000000
2640	0.000000
2638	0.000000
2637	0.000000
2636	0.000000
2634	0.000000
2633	0.000000
2632	0.000000
2631	0.000000
2630	0.000000
2629	0.000000
2624	0.000000
2620	0.000000
2616	0.000000
2610	0.000000
2591	0.000000
2575	0.000000
2573	0.000000
2569	0.000000
2566	0.000000
2564	0.000000
2563	0.000000
2562	0.000000
2561	0.000000
2560	0.000000
2559	0.000000
2558	0.000000
2557	0.000000
2556	0.000000
2555	0.000000
2547	0.000000
2544	0.000000
2541	0.000000
2532	0.000000
2515	0.000000
2510	0.000000
2509	0.000000
2507	0.000000
2506	0.000000
2504	0.000000
2503	0.000000
2501	0.000000
2494	0.000000
2491	0.000000
2481	0.000000
2471	0.000000
2468	0.000000
2461	0.000000
2458	0.000000
2457	0.000000
2456	0.000000
2453	0.000000
2452	0.000000
2447	0.000000
2442	0.000000
2436	0.000000
2428	0.000000
2427	0.000000
2421	0.000000
2408	0.000000
2405	0.000000
2398	0.000000
2375	0.000000
2371	0.000000
2357	0.000000
2355	0.000000
2353	0.000000
2339	0.000000
2338	0.000000
2336	0.000000
2327	0.000000
2326	0.000000
2317	0.000000
2313	0.000000
2309	0.000000
2305	0.000000
2303	0.000000
2299	0.000000
2296	0.000000
2290	0.000000
2271	0.000000
2266	0.000000
2264	0.000000
2263	0.000000
2258	0.000000
2257	0.000000
2253	0.000000
2252	0.000000
2250	0.000000
2238	0.000000
2231	0.000000
2229	0.000000
2226	0.000000
2225	0.000000
2224	0.000000
2222	0.000000
2221	0.000000
2220	0.000000
2219	0.000000
2212	0.000000
2208	0.000000
2197	0.000000
2191	0.000000
2189	0.000000
2187	0.000000
2181	0.000000
2180	0.000000
2176	0.000000
2152	0.000000
2148	0.000000
2137	0.000000
2136	0.000000
2134	0.000000
2132	0.000000
2112	0.000000
2106	0.000000
2101	0.000000
2093	0.000000
2089	0.000000
2084	0.000000
2062	0.000000
2059	0.000000
2058	0.000000
2057	0.000000
2053	0.000000
2040	0.000000
2036	0.000000
2031	0.000000
2028	0.000000
2027	0.000000
2022	0.000000
2010	0.000000
1997	0.000000
1988	0.000000
1983	0.000000
1980	0.000000
1962	0.000000
1952	0.000000
1950	0.000000
1948	0.000000
1947	0.000000
1939	0.000000
1938	0.000000
1935	0.000000
1915	0.000000
1913	0.000000
1910	0.000000
1909	0.000000
1907	0.000000
1905	0.000000
1903	0.000000
1902	0.000000
1899	0.000000
1898	0.000000
1892	0.000000
1879	0.000000
1874	0.000000
1873	0.000000
1867	0.000000
1861	0.000000
1853	0.000000
1852	0.000000
1844	0.000000
1841	0.000000
1840	0.000000
1828	0.000000
1827	0.000000
1805	0.000000
1791	0.000000
1788	0.000000
1786	0.000000
1784	0.000000
1782	0.000000
1781	0.000000
1763	0.000000
1760	0.000000
1750	0.000000
1748	0.000000
1740	0.000000
1739	0.000000
1737	0.000000
1736	0.000000
1733	0.000000
1732	0.000000
1724	0.000000
1713	0.000000
1711	0.000000
1710	0.000000
1706	0.000000
1687	0.000000
1686	0.000000
1681	0.000000
1647	0.000000
1645	0.000000
1644	0.000000
1635	0.000000
1628	0.000000
1625	0.000000
1623	0.000000
1620	0.000000
1619	0.000000
1616	0.000000
1614	0.000000
1612	0.000000
1609	0.000000
1608	0.000000
1607	0.000000
1602	0.000000
1598	0.000000
1597	0.000000
1595	0.000000
1592	0.000000
1586	0.000000
1579	0.000000
1552	0.000000
1546	0.000000
1539	0.000000
1538	0.000000
1527	0.000000
1515	0.000000
1514	0.000000
1511	0.000000
1510	0.000000
1509	0.000000
1507	0.000000
1506	0.000000
1505	0.000000
1499	0.000000
1480	0.000000
1474	0.000000
1469	0.000000
1468	0.000000
1467	0.000000
1457	0.000000
1449	0.000000
1433	0.000000
1430	0.000000
1424	0.000000
1420	0.000000
1417	0.000000
1409	0.000000
1408	0.000000
1382	0.000000
1379	0.000000
1378	0.000000
1377	0.000000
1376	0.000000
1373	0.000000
1361	0.000000
1358	0.000000
1355	0.000000
1309	0.000000
1304	0.000000
1299	0.000000
1296	0.000000
1293	0.000000
1292	0.000000
1290	0.000000
1287	0.000000
1281	0.000000
1279	0.000000
1278	0.000000
1274	0.000000
1273	0.000000
1272	0.000000
1269	0.000000
1266	0.000000
1262	0.000000
1249	0.000000
1243	0.000000
1242	0.000000
1241	0.000000
1239	0.000000
1238	0.000000
1237	0.000000
1236	0.000000
1221	0.000000
1216	0.000000
1212	0.000000
1206	0.000000
1186	0.000000
1185	0.000000
1164	0.000000
1153	0.000000
1143	0.000000
1140	0.000000
1124	0.000000
1123	0.000000
1109	0.000000
1105	0.000000
1081	0.000000
1074	0.000000
1068	0.000000
1059	0.000000
1058	0.000000
1057	0.000000
1056	0.000000
1055	0.000000
1050	0.000000
1044	0.000000
1043	0.000000
1041	0.000000
1040	0.000000
1033	0.000000
1032	0.000000
1019	0.000000
987	0.000000
973	0.000000
956	0.000000
934	0.000000
919	0.000000
916	0.000000
914	0.000000
912	0.000000
908	0.000000
879	0.000000
874	0.000000
870	0.000000
869	0.000000
866	0.000000
865	0.000000
863	0.000000
826	0.000000
816	0.000000
788	0.000000
762	0.000000
758	0.000000
754	0.000000
749	0.000000
747	0.000000
719	0.000000
717	0.000000
716	0.000000
714	0.000000
708	0.000000
705	0.000000
693	0.000000
692	0.000000
691	0.000000
688	0.000000
686	0.000000
685	0.000000
684	0.000000
682	0.000000
668	0.000000
653	0.000000
641	0.000000
640	0.000000
639	0.000000
629	0.000000
619	0.000000
600	0.000000
598	0.000000
590	0.000000
581	0.000000
574	0.000000
571	0.000000
567	0.000000
558	0.000000
547	0.000000
546	0.000000
544	0.000000
541	0.000000
539	0.000000
537	0.000000
535	0.000000
533	0.000000
532	0.000000
524	0.000000
510	0.000000
509	0.000000
504	0.000000
502	0.000000
501	0.000000
495	0.000000
479	0.000000
432	0.000000
427	0.000000
400	0.000000
379	0.000000
369	0.000000
351	0.000000
340	0.000000
322	0.000000
321	0.000000
317	0.000000
302	0.000000
282	0.000000
278	0.000000
277	0.000000
252	0.000000
239	0.000000
233	0.000000
227	0.000000
222	0.000000
209	0.000000
204	0.000000
198	0.000000
180	0.000000
179	0.000000
175	0.000000
162	0.000000
140	0.000000
134	0.000000
52	0.000000
46	0.000000
