Node_ID	Betweenness_Centrality	Rank
62	12258616.000000	1
203	9269793.000000	2
1477	7145733.500000	3
439	7072062.000000	4
10700	5247534.500000	5
433	2994358.250000	6
700	2308162.500000	7
61	2165300.250000	8
630	2143747.750000	9
107	2048744.250000	10
58	1809955.375000	11
261	1784246.250000	12
2190	1640142.250000	13
964	1543819.375000	14
484	1477179.125000	15
119	1452150.125000	16
4730	1332754.500000	17
249	1314317.750000	18
10786	1309054.125000	19
37	1303415.375000	20
138	1288217.625000	21
4380	1240360.125000	22
441	1176866.625000	23
395	1165207.250000	24
839	1064982.875000	25
1265	1002069.062500	26
2925	951211.875000	27
703	931265.437500	28
8707	905036.000000	29
132	888973.812500	30
397	881202.437500	31
8685	877495.250000	32
146	756180.062500	33
2815	731095.875000	34
144	729016.125000	35
95	711195.312500	36
7965	685275.312500	37
793	679288.875000	38
2358	676159.687500	39
87	666759.062500	40
1889	644101.812500	41
336	636644.937500	42
262	629986.937500	43
2700	616444.937500	44
125	612845.250000	45
10070	603235.937500	46
8462	549489.187500	47
3252	542719.062500	48
2451	541771.875000	49
8304	535754.000000	50
442	520840.312500	51
7320	508644.625000	52
145	505238.906250	53
881	496422.468750	54
2943	481459.437500	55
828	467596.000000	56
576	465064.375000	57
8076	462037.062500	58
2236	459167.968750	59
11835	442326.500000	60
11974	438708.281250	61
6720	428968.093750	62
12267	426234.593750	63
3952	416893.406250	64
930	412110.687500	65
724	409383.812500	66
1066	409367.437500	67
11817	408416.093750	68
2548	394559.812500	69
10102	393036.750000	70
740	392095.843750	71
4524	388588.093750	72
4848	386704.343750	73
294	383141.593750	74
8876	378406.187500	75
11540	377955.812500	76
1849	377224.000000	77
11675	375472.812500	78
10581	369460.312500	79
320	366076.937500	80
2460	365678.781250	81
170	358291.718750	82
5009	357980.000000	83
6228	357264.375000	84
1312	357114.281250	85
7142	353041.000000	86
11336	352982.843750	87
143	352717.843750	88
6969	352029.218750	89
287	350767.093750	90
11295	350082.250000	91
9886	349708.156250	92
702	349138.250000	93
573	348377.656250	94
4187	346889.812500	95
3338	346865.750000	96
4699	339521.625000	97
515	337810.281250	98
10217	330353.562500	99
4579	324550.250000	100
511	317579.312500	101
1735	316233.531250	102
3885	314885.031250	103
5399	314588.156250	104
240	314162.468750	105
2349	312921.312500	106
1385	309878.343750	107
375	305604.156250	108
4051	305423.968750	109
551	302425.218750	110
745	302211.125000	111
141	300903.250000	112
595	300222.718750	113
7019	300086.875000	114
11664	299636.656250	115
11846	297132.062500	116
414	296674.531250	117
4939	295479.031250	118
4502	294818.250000	119
11636	289085.781250	120
8049	285204.187500	121
796	284348.656250	122
10958	280409.375000	123
9785	279881.375000	124
346	276742.281250	125
1280	276207.093750	126
11592	272409.250000	127
480	271865.687500	128
6034	271674.218750	129
6328	270048.718750	130
6521	268586.500000	131
376	268569.562500	132
2653	268288.343750	133
8280	266923.875000	134
3673	265814.531250	135
3835	263660.281250	136
205	262924.062500	137
6504	262583.625000	138
6909	262428.093750	139
10682	262369.906250	140
12064	260636.750000	141
9218	256360.406250	142
8679	251871.812500	143
74	249635.031250	144
6562	246838.671875	145
4253	246468.843750	146
1690	245374.375000	147
169	244540.859375	148
8232	244051.625000	149
9199	242984.500000	150
2047	237066.171875	151
1617	235643.156250	152
8750	235359.718750	153
2699	235289.843750	154
2985	234979.250000	155
10187	234729.687500	156
8189	232946.656250	157
726	232786.671875	158
5428	232505.625000	159
756	230959.421875	160
625	230653.859375	161
5109	229554.765625	162
2628	228449.625000	163
10231	226667.515625	164
3284	226224.046875	165
7583	225557.468750	166
6611	225538.796875	167
6516	223822.734375	168
1953	223289.703125	169
9662	223230.390625	170
1317	222644.875000	171
2811	222208.921875	172
732	222186.781250	173
2981	222130.968750	174
8597	222128.828125	175
780	221203.625000	176
4714	221045.171875	177
6374	220838.718750	178
938	220489.171875	179
9201	219998.671875	180
8611	219376.765625	181
830	217848.593750	182
11156	217333.890625	183
12016	217245.796875	184
683	216603.031250	185
264	216300.546875	186
9539	215846.468750	187
608	215616.312500	188
11288	214970.796875	189
9385	214773.000000	190
6479	214377.031250	191
10062	214313.531250	192
6983	213765.593750	193
8074	213522.968750	194
3037	212202.234375	195
820	211819.968750	196
2482	211750.640625	197
4624	211650.312500	198
11825	211543.968750	199
2521	208817.984375	200
5916	207858.781250	201
9959	207695.015625	202
7764	207567.734375	203
3141	207447.390625	204
3056	207264.953125	205
937	207231.437500	206
7087	207120.265625	207
8956	206728.687500	208
896	206638.578125	209
6589	206085.140625	210
2818	205220.703125	211
3967	205038.656250	212
11738	204908.859375	213
9475	203962.484375	214
88	203687.343750	215
12032	203614.921875	216
2179	202339.937500	217
3521	202178.625000	218
8667	201379.890625	219
5104	201287.171875	220
795	201026.031250	221
5454	200808.031250	222
790	200593.218750	223
1320	200168.453125	224
208	200132.859375	225
430	199607.171875	226
8062	199139.812500	227
4226	198891.125000	228
465	198692.453125	229
712	198681.546875	230
4325	198369.406250	231
5770	197762.031250	232
11309	197617.187500	233
36	197386.765625	234
3246	197331.421875	235
357	196926.171875	236
500	196697.375000	237
5780	194509.328125	238
6076	194379.390625	239
6549	194307.640625	240
192	193614.546875	241
4984	193449.921875	242
4280	193198.796875	243
8910	192920.859375	244
85	192544.734375	245
9529	192540.500000	246
1529	192271.343750	247
11174	192052.781250	248
4725	191913.796875	249
1604	191508.390625	250
7135	190600.296875	251
721	190401.578125	252
8602	189976.062500	253
6235	189946.859375	254
413	189894.046875	255
2645	189599.718750	256
10645	189419.265625	257
124	188538.468750	258
5995	188504.921875	259
2243	188328.093750	260
3256	188198.890625	261
11370	187662.796875	262
7555	186950.203125	263
1672	186411.500000	264
10457	186409.593750	265
5262	186132.187500	266
10129	185706.031250	267
10295	185672.859375	268
621	185255.390625	269
5126	185022.156250	270
10438	184575.125000	271
10425	184523.687500	272
8643	184370.843750	273
6054	184329.406250	274
1224	184062.796875	275
237	183302.281250	276
4433	183116.687500	277
10363	182627.750000	278
6752	182467.687500	279
200	182154.187500	280
1967	181844.156250	281
1658	181178.203125	282
185	180802.875000	283
11736	180774.765625	284
5643	180692.265625	285
2951	180244.578125	286
4539	179999.828125	287
342	179953.140625	288
8155	179867.765625	289
940	179158.531250	290
10634	179024.937500	291
5304	179004.046875	292
4137	178980.703125	293
3013	178826.328125	294
8699	178653.265625	295
6311	177898.453125	296
4349	177842.187500	297
8905	177687.703125	298
5828	177277.921875	299
5768	177076.875000	300
5064	176944.703125	301
654	176821.718750	302
11484	176713.515625	303
960	176709.375000	304
6903	176149.953125	305
3805	175735.312500	306
329	174391.281250	307
10940	174156.609375	308
3607	173634.421875	309
398	172466.515625	310
11146	172340.546875	311
7029	171545.703125	312
7084	170989.906250	313
8129	170856.390625	314
2019	170783.468750	315
9224	170745.468750	316
6315	170460.312500	317
2543	170399.250000	318
10936	169855.171875	319
5765	169717.796875	320
10088	169518.671875	321
2194	168954.500000	322
1662	168657.906250	323
8861	168429.781250	324
2472	168411.265625	325
4322	167751.234375	326
1158	167621.156250	327
787	167607.750000	328
9162	167150.328125	329
1583	167066.093750	330
3148	166963.359375	331
1594	166305.609375	332
8976	166114.875000	333
4819	165944.093750	334
757	165929.015625	335
7442	165864.171875	336
3073	165781.937500	337
265	165646.937500	338
4850	165120.109375	339
70	164943.546875	340
5574	164924.390625	341
11112	164441.750000	342
6678	163517.609375	343
12126	163508.000000	344
9812	163467.937500	345
409	163398.531250	346
1920	162523.390625	347
3993	161361.843750	348
8523	161316.984375	349
245	161019.187500	350
578	160275.953125	351
4879	159860.031250	352
1702	159813.328125	353
374	159683.812500	354
296	158775.875000	355
29	157792.828125	356
14	154352.562500	357
9418	153837.359375	358
7807	153256.421875	359
612	151998.843750	360
1790	151781.843750	361
3798	151585.031250	362
968	151457.968750	363
517	150799.562500	364
4236	150439.437500	365
453	149792.281250	366
11177	149673.562500	367
4965	149660.515625	368
4354	147733.390625	369
7738	147700.437500	370
4498	147577.671875	371
4662	147262.125000	372
2248	146710.140625	373
11915	146705.359375	374
5952	145403.750000	375
373	145237.500000	376
799	145069.828125	377
3082	145040.015625	378
266	143246.328125	379
350	143059.968750	380
1133	142437.453125	381
1528	140034.140625	382
6476	140009.171875	383
1160	139092.593750	384
2845	139001.390625	385
8068	138650.640625	386
1558	138339.734375	387
1571	137829.312500	388
283	137189.687500	389
2602	134796.203125	390
5463	134011.203125	391
361	133847.093750	392
3699	133506.265625	393
3177	133162.109375	394
2899	132234.609375	395
49	132010.703125	396
2873	131751.093750	397
6452	131441.000000	398
1673	130677.078125	399
2379	130265.539062	400
1062	130097.976562	401
6198	129280.226562	402
3557	128503.882812	403
5933	128407.023438	404
404	127998.023438	405
223	127988.453125	406
4836	126656.257812	407
552	126194.796875	408
11651	125529.820312	409
7697	125246.835938	410
2029	125173.718750	411
1569	124716.742188	412
3700	124035.390625	413
5861	123776.632812	414
2719	123775.351562	415
1941	123619.773438	416
884	123551.265625	417
2748	123342.390625	418
696	123005.640625	419
11505	122772.085938	420
7620	122406.960938	421
822	122004.796875	422
461	121637.585938	423
1187	121414.664062	424
457	121335.195312	425
2159	120935.156250	426
12303	119917.226562	427
1162	119914.695312	428
7095	119838.117188	429
1031	119807.585938	430
57	119337.257812	431
1219	119233.601562	432
4678	118985.992188	433
9326	118818.484375	434
1500	118311.929688	435
1575	118099.484375	436
3456	118009.218750	437
6295	117875.476562	438
2275	117229.203125	439
6993	116695.445312	440
11581	116625.875000	441
6862	116271.031250	442
98	115869.804688	443
4859	115865.937500	444
1191	115581.843750	445
1973	115488.000000	446
7181	115175.234375	447
3111	115062.773438	448
3253	114916.726562	449
15	114350.460938	450
9572	114317.609375	451
575	114295.320312	452
1626	114213.898438	453
197	113994.148438	454
764	113768.781250	455
2397	113687.835938	456
5472	113510.312500	457
494	113449.968750	458
9978	113335.898438	459
83	113026.085938	460
9933	113022.953125	461
648	112605.851562	462
5788	112443.046875	463
11136	112131.546875	464
7247	112086.234375	465
11016	112077.492188	466
4098	111845.656250	467
69	111809.234375	468
2565	111645.093750	469
1719	111256.281250	470
4133	110827.312500	471
7482	110573.929688	472
4789	110392.140625	473
774	110102.273438	474
1832	110093.023438	475
5498	109929.359375	476
1383	109860.273438	477
3644	108830.906250	478
8637	108781.437500	479
2625	108632.320312	480
6174	108447.257812	481
1350	108388.851562	482
11093	108265.070312	483
7643	108027.742188	484
11781	108022.859375	485
45	107995.500000	486
7384	107832.531250	487
172	107315.882812	488
8081	107284.773438	489
11609	107185.414062	490
11867	106852.687500	491
7877	106614.140625	492
7197	106610.531250	493
4705	106539.070312	494
391	106381.367188	495
6319	106316.695312	496
7072	105679.625000	497
543	105650.093750	498
2081	105278.757812	499
1622	104627.617188	500
485	104457.265625	501
486	104371.296875	502
871	103618.101562	503
477	102822.757812	504
216	102125.992188	505
488	101777.984375	506
2061	101746.835938	507
2072	101387.515625	508
11285	101377.710938	509
8800	101302.875000	510
975	100869.054688	511
6299	100637.890625	512
1897	100481.031250	513
345	99811.125000	514
11435	98955.843750	515
1270	98940.320312	516
3892	98745.906250	517
3298	98020.171875	518
2255	97993.210938	519
8847	97741.375000	520
8942	97524.468750	521
897	97488.632812	522
8806	97462.210938	523
11106	97366.523438	524
2295	97037.109375	525
210	96928.828125	526
5049	96805.562500	527
2086	96343.835938	528
1906	95805.562500	529
11118	95766.351562	530
2713	95628.718750	531
473	94913.335938	532
6832	94787.695312	533
244	94693.062500	534
974	94572.007812	535
11072	94554.617188	536
3310	94423.085938	537
393	94026.765625	538
1818	94017.796875	539
219	93774.062500	540
2887	93627.031250	541
3438	93433.148438	542
2267	93127.968750	543
5404	93116.375000	544
3458	92856.781250	545
394	92475.781250	546
521	92418.609375	547
1774	92344.695312	548
5823	91742.281250	549
2196	91574.335938	550
8929	91395.375000	551
4176	91374.960938	552
3448	91328.070312	553
11450	91298.382812	554
526	91278.828125	555
9410	91035.656250	556
9840	90752.804688	557
3380	90564.164062	558
4033	90515.867188	559
9746	90254.343750	560
6688	89715.359375	561
1922	89669.679688	562
482	89078.382812	563
1648	88874.031250	564
636	88686.656250	565
1650	88665.140625	566
1277	88170.484375	567
195	88162.804688	568
9226	88157.554688	569
10995	88130.085938	570
11682	87744.476562	571
1855	87614.679688	572
2103	87494.960938	573
1150	87060.054688	574
7715	87049.421875	575
3333	86734.406250	576
2354	86578.476562	577
450	86114.281250	578
5150	86060.054688	579
1555	85933.882812	580
12070	85792.015625	581
1364	85392.234375	582
2281	85271.867188	583
297	85172.039062	584
4471	85055.601562	585
3761	84710.109375	586
75	84681.773438	587
1462	84650.835938	588
4995	84203.593750	589
1919	84091.234375	590
528	83916.859375	591
1390	83912.929688	592
4220	83890.234375	593
8298	83603.187500	594
3244	83491.968750	595
753	83484.007812	596
5034	83051.632812	597
637	82997.843750	598
1286	82923.328125	599
7589	82906.562500	600
2533	82879.484375	601
1152	82632.781250	602
603	82424.046875	603
6385	82227.117188	604
3715	82139.726562	605
1684	82079.601562	606
8781	81929.210938	607
11753	81625.929688	608
149	81442.812500	609
273	81304.937500	610
11873	81118.023438	611
6882	80870.835938	612
2570	80763.523438	613
1030	80589.875000	614
3839	80413.484375	615
4986	80304.781250	616
6545	79923.976562	617
3133	79914.578125	618
73	79913.953125	619
12107	79909.695312	620
4356	79894.484375	621
2051	79564.601562	622
1405	79198.835938	623
1284	78767.875000	624
2545	78686.195312	625
3502	78563.382812	626
3343	78480.531250	627
9345	78220.500000	628
670	78037.531250	629
752	77810.773438	630
3151	77653.445312	631
1857	77520.000000	632
471	77400.804688	633
2160	77032.468750	634
1862	76761.921875	635
63	76758.609375	636
2736	76748.257812	637
8845	76747.476562	638
11575	76700.976562	639
9535	76526.773438	640
690	76502.539062	641
3127	76294.898438	642
1964	75855.328125	643
8541	75655.140625	644
2030	75371.804688	645
7825	75028.914062	646
122	74996.843750	647
4410	74977.625000	648
10949	74714.015625	649
1250	74548.476562	650
918	74534.687500	651
7595	74479.750000	652
2476	74189.718750	653
9980	74161.250000	654
1671	74058.015625	655
423	73857.109375	656
2577	73649.679688	657
2580	73583.859375	658
331	73499.320312	659
72	73314.726562	660
10272	73285.320312	661
8002	73253.703125	662
1394	73196.523438	663
11647	73083.179688	664
1301	73081.234375	665
1968	72895.781250	666
4505	72764.859375	667
623	72725.343750	668
6954	72677.203125	669
5016	72580.585938	670
6659	72497.343750	671
5592	72370.804688	672
1096	72236.640625	673
1561	72156.609375	674
343	72117.757812	675
11317	71952.859375	676
5269	71887.562500	677
7036	71824.609375	678
11801	71664.671875	679
7941	71601.156250	680
767	71537.328125	681
275	71358.054688	682
2919	71278.945312	683
2445	70997.929688	684
10432	70755.515625	685
9584	70703.992188	686
3038	70664.656250	687
3819	70450.968750	688
1868	70387.109375	689
11233	70258.617188	690
7025	70034.296875	691
2013	69975.828125	692
5225	69876.335938	693
207	69719.132812	694
2394	69674.695312	695
1618	69619.335938	696
4082	69537.765625	697
1660	69437.445312	698
3698	69413.046875	699
11621	69397.062500	700
1213	69324.171875	701
202	69174.554688	702
2175	69092.539062	703
1248	69051.234375	704
678	69030.187500	705
2124	68837.187500	706
2895	68830.117188	707
9043	68671.125000	708
2505	68653.757812	709
3832	68606.585938	710
4290	68541.726562	711
1389	68392.421875	712
2518	68191.718750	713
1551	67862.273438	714
1440	67770.742188	715
773	67768.234375	716
2005	67755.851562	717
1116	67564.640625	718
8	67559.492188	719
9083	67477.898438	720
11375	67456.398438	721
7688	67386.968750	722
4424	67374.320312	723
635	67343.343750	724
9371	67285.835938	725
4072	66888.687500	726
1653	66871.601562	727
979	66503.156250	728
606	66454.992188	729
3789	66393.210938	730
536	66354.890625	731
10014	66310.507812	732
8500	66077.375000	733
3146	66013.367188	734
2350	66003.406250	735
263	65979.789062	736
7610	65795.539062	737
1550	65787.367188	738
1798	65726.234375	739
6267	65521.140625	740
676	65433.132812	741
3057	65274.554688	742
701	65235.667969	743
183	65085.464844	744
2994	65053.632812	745
11352	64938.289062	746
4807	64873.875000	747
3904	64757.695312	748
2247	64426.527344	749
6784	64248.515625	750
729	64189.250000	751
663	64068.585938	752
6421	64013.289062	753
1540	63999.937500	754
950	63973.476562	755
418	63905.601562	756
2969	63877.722656	757
2581	63847.640625	758
1452	63782.359375	759
1727	63749.613281	760
9738	63719.742188	761
12089	63679.531250	762
1172	63663.039062	763
2932	63586.054688	764
4883	63574.457031	765
2450	63495.234375	766
3960	63385.765625	767
8816	63315.675781	768
2335	63288.960938	769
4608	63219.832031	770
10990	63119.679688	771
2386	63112.683594	772
311	63086.566406	773
177	62841.039062	774
1661	62761.894531	775
10375	62700.175781	776
9987	62691.273438	777
6459	62589.476562	778
10372	62446.871094	779
1060	62354.886719	780
4556	62329.449219	781
4817	62299.988281	782
121	62239.078125	783
813	62223.757812	784
1601	62192.269531	785
750	61778.109375	786
152	61757.316406	787
1821	61749.925781	788
2475	61713.523438	789
5362	61666.187500	790
2024	61633.492188	791
3040	61609.957031	792
11776	61500.394531	793
1825	61370.519531	794
6204	61288.203125	795
1169	60982.996094	796
3110	60922.660156	797
2623	60911.257812	798
8559	60833.472656	799
638	60645.031250	800
6483	60454.707031	801
8317	60442.824219	802
10004	60395.214844	803
4444	60289.460938	804
1230	60266.773438	805
3616	60189.132812	806
1245	59998.625000	807
531	59954.535156	808
3399	59793.050781	809
1092	59783.648438	810
10394	59761.621094	811
8118	59749.855469	812
519	59703.054688	813
1370	59455.722656	814
999	59333.195312	815
5490	59114.917969	816
1027	59034.843750	817
448	58926.707031	818
7231	58901.308594	819
1501	58845.410156	820
6323	58816.109375	821
5739	58806.285156	822
11350	58723.164062	823
10278	58557.562500	824
7777	58481.199219	825
9036	58362.972656	826
7850	58361.746094	827
8995	58229.761719	828
2867	58191.792969	829
2701	58185.449219	830
10311	58112.125000	831
1028	58106.226562	832
272	58072.863281	833
10361	57868.132812	834
5581	57827.468750	835
789	57825.101562	836
6864	57738.210938	837
7410	57655.898438	838
1393	57587.136719	839
893	57521.964844	840
11406	57429.343750	841
8365	57400.906250	842
11191	57350.343750	843
6337	57306.332031	844
260	57117.937500	845
2702	57090.093750	846
579	57038.742188	847
8423	56998.671875	848
4455	56922.960938	849
6429	56821.851562	850
3947	56680.984375	851
7250	56603.445312	852
11788	56536.660156	853
9713	56515.781250	854
10168	56509.132812	855
3705	56381.546875	856
3070	56297.093750	857
3810	56245.250000	858
11030	56242.906250	859
3820	56181.488281	860
7701	56079.093750	861
624	56060.875000	862
9733	56023.082031	863
679	56015.046875	864
1531	55982.988281	865
9951	55800.613281	866
3209	55666.519531	867
6471	55656.503906	868
1731	55462.734375	869
469	55439.269531	870
24	55429.589844	871
5431	55344.992188	872
11955	55248.031250	873
1082	55230.207031	874
11474	55206.472656	875
4260	55139.824219	876
1488	55033.464844	877
9998	55011.105469	878
1960	54851.980469	879
5056	54822.937500	880
1908	54784.960938	881
7618	54714.488281	882
2749	54677.707031	883
6218	54669.542969	884
2055	54641.972656	885
9674	54578.636719	886
3669	54557.765625	887
8962	54468.843750	888
1244	54381.015625	889
1297	54337.601562	890
1572	54249.234375	891
8512	54235.984375	892
1163	54213.960938	893
3791	54154.039062	894
1937	54050.558594	895
905	53993.269531	896
406	53894.796875	897
2611	53857.578125	898
2526	53844.273438	899
9067	53834.351562	900
2276	53822.316406	901
1642	53788.484375	902
7213	53435.777344	903
1129	53420.062500	904
2913	53391.500000	905
3487	53347.707031	906
2011	53009.593750	907
9033	52885.023438	908
1204	52843.792969	909
3584	52681.429688	910
11303	52655.148438	911
798	52604.105469	912
2957	52569.218750	913
3883	52559.847656	914
4523	52541.882812	915
1966	52417.972656	916
3357	52133.171875	917
9574	52128.589844	918
2654	52103.417969	919
126	52091.660156	920
1371	52068.906250	921
6681	51946.105469	922
10415	51925.941406	923
1890	51894.308594	924
454	51834.671875	925
6660	51787.839844	926
279	51782.828125	927
2407	51699.542969	928
1392	51585.847656	929
9497	51413.320312	930
1685	51396.312500	931
420	51369.636719	932
4869	51291.871094	933
1225	51186.917969	934
1155	51084.207031	935
286	51014.609375	936
1793	50948.910156	937
1357	50880.277344	938
2135	50830.539062	939
5059	50804.621094	940
6778	50787.726562	941
7	50659.753906	942
497	50538.042969	943
7876	50533.429688	944
6914	50388.085938	945
11036	50317.941406	946
2519	50304.613281	947
2052	50287.542969	948
759	50240.058594	949
9164	50118.148438	950
549	50040.101562	951
4974	49925.441406	952
11527	49906.851562	953
1547	49887.042969	954
3484	49832.238281	955
3172	49744.332031	956
8766	49699.296875	957
584	49272.957031	958
10978	49250.011719	959
1542	49163.863281	960
108	49151.878906	961
6706	49125.710938	962
6386	49125.300781	963
4596	48942.703125	964
8209	48934.097656	965
848	48930.363281	966
4360	48897.558594	967
9769	48864.238281	968
25	48844.074219	969
2046	48835.929688	970
4478	48693.761719	971
1792	48688.488281	972
4166	48657.875000	973
5608	48485.179688	974
330	48484.800781	975
11272	48471.378906	976
3010	48463.691406	977
4700	48385.851562	978
5339	48346.363281	979
10630	48150.445312	980
2722	48031.105469	981
6090	47960.683594	982
10342	47922.207031	983
2690	47915.804688	984
966	47901.601562	985
607	47901.250000	986
3094	47852.046875	987
8653	47756.296875	988
1813	47625.324219	989
300	47573.093750	990
8934	47523.472656	991
5219	47513.203125	992
4497	47351.742188	993
399	47340.824219	994
5206	47324.984375	995
2892	47260.136719	996
71	47240.312500	997
2218	47215.718750	998
159	47209.851562	999
2373	47202.472656	1000
858	47186.058594	1001
9413	47023.589844	1002
10921	46959.539062	1003
3562	46793.160156	1004
130	46766.960938	1005
1099	46674.488281	1006
6965	46567.187500	1007
1444	46557.921875	1008
5883	46479.496094	1009
2183	46472.148438	1010
6322	46450.351562	1011
184	46418.324219	1012
4440	46409.121094	1013
1772	46363.121094	1014
1176	46361.125000	1015
9706	46359.820312	1016
193	46291.429688	1017
1128	46290.144531	1018
3646	46086.371094	1019
1859	46079.480469	1020
1858	46023.238281	1021
9274	45884.949219	1022
6818	45858.796875	1023
467	45824.691406	1024
4901	45821.375000	1025
9635	45761.304688	1026
76	45543.292969	1027
3916	45539.597656	1028
5081	45529.738281	1029
3757	45426.621094	1030
620	45384.441406	1031
4093	45381.261719	1032
3161	45351.546875	1033
2480	45324.425781	1034
6014	45324.378906	1035
1475	45299.777344	1036
8828	45214.457031	1037
1388	45079.152344	1038
11907	45064.000000	1039
8162	44948.421875	1040
9591	44942.156250	1041
9115	44883.289062	1042
11612	44850.656250	1043
2083	44849.429688	1044
5515	44842.480469	1045
3081	44782.671875	1046
1851	44705.996094	1047
412	44621.601562	1048
5790	44586.496094	1049
5441	44534.324219	1050
354	44295.437500	1051
367	44287.253906	1052
8994	44233.382812	1053
4261	44206.664062	1054
5523	44110.773438	1055
10156	44062.500000	1056
4913	44035.453125	1057
8472	44017.078125	1058
7662	43967.578125	1059
1567	43923.039062	1060
1078	43846.746094	1061
2879	43807.507812	1062
10181	43686.914062	1063
11716	43661.406250	1064
1234	43565.828125	1065
3795	43559.738281	1066
1627	43543.570312	1067
12407	43539.574219	1068
9459	43539.574219	1069
7474	43539.574219	1070
142	43474.355469	1071
5039	43405.285156	1072
12051	43327.402344	1073
2150	43295.960938	1074
6947	43260.074219	1075
5510	43245.511719	1076
4227	43165.507812	1077
7546	43092.937500	1078
402	43053.492188	1079
10144	42996.207031	1080
123	42901.875000	1081
1834	42900.027344	1082
4982	42891.851562	1083
304	42861.585938	1084
6287	42775.957031	1085
7942	42774.066406	1086
1773	42683.406250	1087
9717	42561.550781	1088
5966	42559.097656	1089
9756	42549.933594	1090
3890	42460.214844	1091
6334	42356.085938	1092
8407	42342.468750	1093
6226	42150.796875	1094
2762	42071.632812	1095
8599	41863.050781	1096
10349	41778.988281	1097
651	41756.253906	1098
7227	41551.296875	1099
2455	41537.375000	1100
3470	41462.359375	1101
4732	41384.031250	1102
308	41303.187500	1103
7317	41295.484375	1104
2110	41253.496094	1105
10053	41238.859375	1106
8204	41169.511719	1107
836	41108.691406	1108
3968	41051.359375	1109
9654	40988.023438	1110
6341	40986.035156	1111
5847	40943.804688	1112
7914	40941.832031	1113
8681	40937.632812	1114
1260	40932.933594	1115
2652	40869.015625	1116
3255	40790.558594	1117
1235	40672.710938	1118
1263	40662.957031	1119
269	40631.027344	1120
3772	40610.476562	1121
4172	40593.531250	1122
2165	40521.367188	1123
1526	40444.597656	1124
9512	40299.628906	1125
5586	40229.183594	1126
5469	40176.617188	1127
118	40138.851562	1128
2420	40113.390625	1129
1302	40068.941406	1130
6758	39994.902344	1131
1332	39861.000000	1132
8422	39767.203125	1133
1767	39690.804688	1134
129	39576.187500	1135
3868	39542.812500	1136
6484	39541.578125	1137
9256	39512.687500	1138
3769	39456.449219	1139
3464	39448.761719	1140
12100	39435.566406	1141
7740	39362.839844	1142
2163	39325.445312	1143
2270	39322.777344	1144
8549	39207.222656	1145
7964	39157.046875	1146
6933	38909.390625	1147
11571	38890.593750	1148
8864	38889.242188	1149
11768	38827.167969	1150
3504	38788.726562	1151
157	38726.105469	1152
3031	38634.898438	1153
6847	38577.433594	1154
6684	38573.332031	1155
4428	38550.218750	1156
8729	38515.929688	1157
2941	38493.273438	1158
516	38478.542969	1159
952	38459.195312	1160
353	38411.023438	1161
4865	38345.117188	1162
3000	38271.660156	1163
1677	38249.671875	1164
8503	38160.730469	1165
1026	38153.722656	1166
155	38149.976562	1167
9154	38147.960938	1168
1820	38141.359375	1169
8627	38137.894531	1170
1451	38060.835938	1171
3122	38004.250000	1172
2751	37989.972656	1173
11305	37983.570312	1174
7702	37867.367188	1175
3645	37866.136719	1176
7117	37852.335938	1177
3250	37832.492188	1178
7119	37529.855469	1179
1013	37517.613281	1180
3492	37482.894531	1181
5210	37444.679688	1182
2448	37433.304688	1183
7151	37420.820312	1184
11363	37390.722656	1185
6757	37375.105469	1186
3576	37358.585938	1187
6756	37235.039062	1188
6769	37147.085938	1189
9172	37146.984375	1190
969	37084.761719	1191
7867	37032.617188	1192
2265	37031.082031	1193
2613	37019.628906	1194
2156	36998.503906	1195
534	36947.753906	1196
2360	36894.476562	1197
3245	36887.066406	1198
3079	36855.425781	1199
94	36795.933594	1200
994	36792.867188	1201
989	36766.042969	1202
5901	36707.996094	1203
659	36673.890625	1204
2050	36579.179688	1205
1771	36565.003906	1206
2026	36543.339844	1207
609	36469.058594	1208
1310	36467.632812	1209
305	36445.261719	1210
4495	36443.242188	1211
11420	36434.640625	1212
8009	36432.074219	1213
8403	36426.296875	1214
6535	36395.328125	1215
8614	36370.675781	1216
370	36364.679688	1217
7683	36357.777344	1218
1009	36324.484375	1219
8675	36253.410156	1220
2546	36249.562500	1221
903	36170.867188	1222
2734	36114.777344	1223
9251	36104.839844	1224
1503	36063.468750	1225
1588	36032.316406	1226
9394	35999.253906	1227
11140	35998.847656	1228
246	35988.355469	1229
6261	35966.796875	1230
2837	35907.292969	1231
9150	35889.910156	1232
769	35704.296875	1233
583	35673.984375	1234
7889	35667.886719	1235
3906	35647.335938	1236
1502	35591.042969	1237
978	35540.253906	1238
7590	35413.203125	1239
3860	35387.152344	1240
8390	35365.164062	1241
1476	35360.613281	1242
5944	35346.984375	1243
91	35316.917969	1244
11282	35316.019531	1245
6556	35218.277344	1246
1519	35141.179688	1247
1615	35128.261719	1248
7577	34991.191406	1249
8918	34926.031250	1250
9456	34816.457031	1251
6709	34814.972656	1252
3078	34811.996094	1253
452	34717.144531	1254
2115	34703.007812	1255
877	34699.617188	1256
10929	34632.640625	1257
3387	34536.636719	1258
174	34531.464844	1259
153	34506.621094	1260
3017	34491.785156	1261
2007	34476.089844	1262
2077	34398.332031	1263
7205	34371.511719	1264
6152	34271.066406	1265
10122	34270.625000	1266
1445	34267.035156	1267
1052	34214.804688	1268
5060	34214.484375	1269
6703	34204.613281	1270
9685	34186.960938	1271
2469	34177.699219	1272
2552	34111.722656	1273
5360	34105.203125	1274
8075	34068.355469	1275
6973	34064.605469	1276
444	34060.914062	1277
67	34017.367188	1278
943	34013.355469	1279
8110	33921.167969	1280
8357	33914.546875	1281
10054	33854.816406	1282
3574	33828.296875	1283
2139	33739.230469	1284
1548	33673.441406	1285
4964	33669.218750	1286
1904	33664.234375	1287
6606	33642.949219	1288
3053	33641.363281	1289
4120	33581.753906	1290
6939	33545.085938	1291
847	33440.433594	1292
1487	33435.804688	1293
3846	33403.050781	1294
831	33390.984375	1295
3028	33350.257812	1296
1563	33342.433594	1297
1324	33217.531250	1298
1523	33176.917969	1299
1745	33175.238281	1300
10322	33117.644531	1301
6209	33097.292969	1302
3869	33090.250000	1303
151	33081.191406	1304
8355	33007.753906	1305
1380	33005.285156	1306
3589	32934.019531	1307
792	32928.925781	1308
6811	32916.597656	1309
10351	32891.820312	1310
8350	32829.449219	1311
4	32818.156250	1312
3074	32801.515625	1313
3121	32795.031250	1314
1554	32786.160156	1315
6395	32753.201172	1316
100	32734.396484	1317
927	32702.837891	1318
274	32678.689453	1319
53	32677.146484	1320
6498	32652.441406	1321
1103	32604.859375	1322
7734	32565.902344	1323
3416	32530.640625	1324
4016	32528.929688	1325
5697	32522.494141	1326
9935	32512.769531	1327
1490	32459.619141	1328
1944	32449.527344	1329
10450	32438.226562	1330
1192	32436.937500	1331
211	32427.000000	1332
7011	32402.421875	1333
4287	32385.177734	1334
570	32339.728516	1335
6465	32325.597656	1336
512	32301.886719	1337
7059	32169.667969	1338
6472	32148.884766	1339
206	32127.291016	1340
4858	32090.851562	1341
1901	32081.992188	1342
2256	32054.257812	1343
8824	32009.697266	1344
3115	32000.550781	1345
43	31999.404297	1346
178	31997.675781	1347
9921	31986.988281	1348
1416	31980.281250	1349
971	31971.210938	1350
5527	31934.179688	1351
1114	31923.435547	1352
6137	31917.712891	1353
1202	31867.380859	1354
6582	31842.712891	1355
645	31802.218750	1356
4578	31767.183594	1357
1177	31760.800781	1358
8762	31760.392578	1359
11126	31745.275391	1360
7729	31708.193359	1361
1783	31695.660156	1362
468	31646.441406	1363
5622	31645.478516	1364
1255	31614.685547	1365
7761	31568.308594	1366
56	31540.580078	1367
2004	31502.230469	1368
2500	31418.923828	1369
1333	31408.128906	1370
8445	31394.664062	1371
1305	31393.730469	1372
4616	31376.492188	1373
6144	31359.257812	1374
1709	31350.423828	1375
8140	31325.558594	1376
2774	31315.335938	1377
4125	31308.662109	1378
8082	31289.166016	1379
6036	31223.728516	1380
9346	31198.304688	1381
344	31185.919922	1382
9324	31165.582031	1383
34	31157.720703	1384
9744	31109.130859	1385
3345	31099.804688	1386
5243	30926.861328	1387
6875	30900.675781	1388
559	30827.330078	1389
3619	30816.244141	1390
9051	30816.144531	1391
849	30807.003906	1392
8517	30752.820312	1393
11764	30745.667969	1394
7134	30743.972656	1395
1848	30694.343750	1396
2049	30683.748047	1397
8533	30668.574219	1398
5516	30594.072266	1399
3224	30588.742188	1400
1762	30494.564453	1401
3821	30447.476562	1402
3899	30432.638672	1403
1470	30379.195312	1404
3286	30352.023438	1405
8683	30333.156250	1406
3631	30249.009766	1407
3332	30240.681641	1408
5240	30229.212891	1409
2812	30221.257812	1410
6141	30213.578125	1411
1850	30161.277344	1412
1933	29942.734375	1413
1017	29896.398438	1414
3794	29833.787109	1415
1780	29820.740234	1416
520	29747.833984	1417
10300	29726.445312	1418
1553	29670.408203	1419
880	29622.945312	1420
5347	29614.208984	1421
3376	29569.021484	1422
8509	29523.011719	1423
445	29504.017578	1424
4552	29470.830078	1425
811	29463.642578	1426
1151	29450.326172	1427
10987	29444.628906	1428
2182	29434.859375	1429
3543	29392.773438	1430
5509	29386.048828	1431
591	29359.003906	1432
334	29279.160156	1433
1063	29278.828125	1434
1516	29225.404297	1435
10437	29216.642578	1436
587	29211.197266	1437
2627	29185.015625	1438
5742	29105.824219	1439
79	29068.281250	1440
4570	29022.271484	1441
6343	29011.609375	1442
491	28939.755859	1443
11521	28928.226562	1444
356	28765.740234	1445
8769	28751.974609	1446
11832	28672.970703	1447
4065	28672.308594	1448
7038	28670.777344	1449
976	28643.480469	1450
1787	28527.916016	1451
1054	28490.140625	1452
7521	28458.583984	1453
1720	28450.777344	1454
3052	28448.162109	1455
6686	28423.015625	1456
1847	28391.216797	1457
3743	28381.986328	1458
4076	28326.232422	1459
9312	28318.621094	1460
3950	28295.740234	1461
2	28266.417969	1462
11221	28259.566406	1463
12048	28244.240234	1464
4015	28243.753906	1465
6010	28240.037109	1466
596	28234.406250	1467
8717	28208.281250	1468
1001	28192.998047	1469
6450	28185.318359	1470
8369	28159.158203	1471
4231	28141.007812	1472
5690	28138.449219	1473
9171	28132.490234	1474
11023	28121.800781	1475
5331	28095.576172	1476
5631	28053.892578	1477
5910	28026.667969	1478
3232	28002.082031	1479
8479	27964.271484	1480
814	27961.833984	1481
5859	27954.349609	1482
1585	27917.367188	1483
10076	27892.343750	1484
5926	27889.681641	1485
11083	27879.070312	1486
3072	27851.091797	1487
2609	27844.443359	1488
2345	27838.568359	1489
10337	27803.181641	1490
8361	27786.853516	1491
4650	27773.683594	1492
572	27739.171875	1493
1743	27721.599609	1494
9971	27710.197266	1495
2172	27660.464844	1496
1020	27623.167969	1497
3305	27591.201172	1498
9245	27553.162109	1499
3514	27548.054688	1500
8467	27512.068359	1501
3634	27489.248047	1502
4057	27465.513672	1503
3430	27462.876953	1504
1402	27460.980469	1505
10160	27444.054688	1506
2076	27440.134766	1507
9391	27400.343750	1508
10447	27396.041016	1509
5503	27370.078125	1510
2409	27358.851562	1511
10388	27267.958984	1512
84	27226.148438	1513
1525	27223.640625	1514
853	27218.708984	1515
4567	27216.140625	1516
1975	27179.851562	1517
3750	27172.958984	1518
3575	27170.021484	1519
102	27139.599609	1520
1754	27086.923828	1521
4874	27032.494141	1522
8933	26998.373047	1523
3691	26939.613281	1524
7376	26840.878906	1525
7308	26832.777344	1526
362	26797.626953	1527
1195	26784.638672	1528
6920	26766.218750	1529
6253	26735.783203	1530
6325	26658.593750	1531
4801	26637.732422	1532
2254	26637.300781	1533
3858	26634.169922	1534
862	26605.894531	1535
6492	26572.541016	1536
1002	26551.982422	1537
9070	26542.609375	1538
3323	26502.886719	1539
5287	26484.189453	1540
9031	26445.203125	1541
6911	26368.322266	1542
507	26366.095703	1543
8134	26359.021484	1544
1871	26324.128906	1545
3385	26323.798828	1546
3032	26306.402344	1547
259	26284.406250	1548
2426	26283.333984	1549
9278	26243.462891	1550
127	26238.785156	1551
3266	26201.248047	1552
2014	26198.896484	1553
6612	26198.828125	1554
1994	26186.230469	1555
2798	26146.785156	1556
7861	26145.572266	1557
8571	26127.994141	1558
3701	26099.205078	1559
2228	26091.093750	1560
1015	26075.933594	1561
9298	26027.621094	1562
2325	26025.904297	1563
8041	26023.220703	1564
7433	26012.593750	1565
2523	25997.529297	1566
9429	25994.689453	1567
687	25985.117188	1568
1453	25918.560547	1569
1872	25911.199219	1570
2235	25883.722656	1571
3826	25882.982422	1572
9358	25875.939453	1573
3203	25859.791016	1574
5665	25819.154297	1575
1399	25792.224609	1576
1328	25754.740234	1577
1466	25738.794922	1578
256	25728.953125	1579
2682	25716.488281	1580
1344	25715.412109	1581
2918	25690.427734	1582
2096	25679.945312	1583
8711	25661.511719	1584
1003	25647.910156	1585
10640	25568.923828	1586
6071	25546.587891	1587
4666	25542.933594	1588
4564	25540.644531	1589
1359	25531.787109	1590
6883	25521.806641	1591
1860	25503.861328	1592
9117	25475.666016	1593
2324	25448.941406	1594
3598	25429.326172	1595
6416	25375.109375	1596
5200	25361.486328	1597
2320	25346.576172	1598
2724	25346.531250	1599
2169	25336.794922	1600
4411	25270.839844	1601
7128	25226.535156	1602
1972	25129.865234	1603
2269	25120.882812	1604
1353	25081.472656	1605
4777	25071.937500	1606
5801	25055.867188	1607
1180	25044.748047	1608
1349	24997.982422	1609
7316	24989.673828	1610
167	24968.769531	1611
4914	24967.191406	1612
6667	24954.671875	1613
4142	24935.083984	1614
60	24921.472656	1615
1077	24908.794922	1616
4937	24882.226562	1617
12164	24879.718750	1618
12114	24879.718750	1619
10405	24879.718750	1620
7192	24879.718750	1621
4067	24879.718750	1622
5991	24874.056641	1623
492	24856.388672	1624
271	24840.384766	1625
2396	24816.599609	1626
8810	24794.964844	1627
10369	24776.886719	1628
6881	24745.011719	1629
4626	24727.900391	1630
230	24717.500000	1631
5703	24705.087891	1632
1459	24702.703125	1633
2087	24697.810547	1634
4852	24639.621094	1635
11600	24631.636719	1636
1282	24629.660156	1637
6892	24583.796875	1638
7557	24555.478516	1639
5412	24551.017578	1640
11025	24540.642578	1641
1025	24529.484375	1642
1777	24501.402344	1643
7237	24487.390625	1644
857	24473.232422	1645
2885	24472.931641	1646
9607	24449.412109	1647
3854	24396.750000	1648
3581	24349.632812	1649
327	24322.937500	1650
2803	24320.142578	1651
359	24315.982422	1652
3218	24271.865234	1653
5540	24244.566406	1654
1021	24239.861328	1655
11229	24203.886719	1656
9547	24198.455078	1657
8818	24178.001953	1658
8952	24111.953125	1659
5369	24096.824219	1660
1247	24066.164062	1661
90	24010.826172	1662
7103	23961.931641	1663
802	23934.625000	1664
8019	23903.007812	1665
5292	23902.933594	1666
2348	23891.951172	1667
1012	23891.066406	1668
1139	23890.912109	1669
911	23847.724609	1670
10367	23819.318359	1671
673	23801.451172	1672
9135	23754.406250	1673
5473	23750.527344	1674
2747	23736.861328	1675
11714	23731.767578	1676
2956	23711.683594	1677
4477	23677.802734	1678
7304	23675.988281	1679
6968	23671.128906	1680
7679	23628.025391	1681
4198	23627.050781	1682
12014	23625.117188	1683
6234	23623.349609	1684
1396	23617.910156	1685
3962	23615.535156	1686
3606	23528.029297	1687
6746	23519.613281	1688
3065	23513.068359	1689
709	23510.488281	1690
8389	23494.380859	1691
349	23417.207031	1692
9626	23402.402344	1693
6500	23390.261719	1694
12060	23374.449219	1695
929	23364.310547	1696
6980	23363.904297	1697
3312	23357.994141	1698
11831	23335.878906	1699
1374	23332.156250	1700
3863	23321.906250	1701
5373	23214.236328	1702
358	23188.478516	1703
7608	23157.585938	1704
2307	23147.359375	1705
10385	23116.205078	1706
3879	23109.664062	1707
1120	23055.480469	1708
4030	23027.861328	1709
1093	23023.710938	1710
6362	23010.796875	1711
3377	22939.177734	1712
582	22839.533203	1713
2978	22804.490234	1714
2002	22800.701172	1715
8451	22790.642578	1716
6446	22787.814453	1717
147	22787.519531	1718
303	22778.798828	1719
5319	22773.496094	1720
2606	22761.267578	1721
3442	22757.111328	1722
674	22755.669922	1723
6496	22751.667969	1724
932	22698.371094	1725
2060	22688.220703	1726
3107	22663.078125	1727
2209	22653.435547	1728
4047	22627.390625	1729
4545	22616.953125	1730
2412	22600.234375	1731
4048	22599.693359	1732
6509	22535.363281	1733
513	22534.537109	1734
2921	22529.437500	1735
4609	22513.878906	1736
2079	22468.583984	1737
4795	22440.056641	1738
3030	22436.755859	1739
8951	22407.972656	1740
9864	22404.107422	1741
8387	22365.927734	1742
2912	22310.597656	1743
5867	22307.837891	1744
11238	22165.234375	1745
8217	22164.554688	1746
9392	22150.896484	1747
4044	22114.841797	1748
900	22109.820312	1749
68	22059.324219	1750
2800	22056.373047	1751
4833	22029.900391	1752
1256	21995.507812	1753
829	21989.753906	1754
3116	21980.517578	1755
1291	21979.949219	1756
1381	21967.660156	1757
5843	21951.167969	1758
3381	21924.000000	1759
8619	21923.761719	1760
2874	21901.076172	1761
8431	21876.224609	1762
1095	21862.474609	1763
10381	21859.550781	1764
1252	21840.816406	1765
6913	21812.195312	1766
6872	21788.824219	1767
3466	21779.097656	1768
6085	21754.750000	1769
189	21749.009766	1770
2331	21745.662109	1771
7656	21738.941406	1772
10052	21732.869141	1773
1761	21670.558594	1774
6080	21670.138672	1775
7517	21655.292969	1776
1753	21600.583984	1777
1854	21568.310547	1778
1961	21567.150391	1779
8690	21468.388672	1780
10305	21457.322266	1781
9931	21441.474609	1782
6944	21436.150391	1783
6103	21419.400391	1784
1098	21406.644531	1785
2593	21402.878906	1786
456	21348.361328	1787
5676	21339.146484	1788
10223	21291.164062	1789
1766	21284.947266	1790
1801	21280.771484	1791
7626	21241.439453	1792
9236	21233.341797	1793
2210	21212.259766	1794
9894	21149.423828	1795
944	21142.119141	1796
9003	21128.458984	1797
4095	21119.593750	1798
6927	21098.335938	1799
7062	21063.933594	1800
2791	21048.085938	1801
7287	21046.048828	1802
11395	21026.884766	1803
3629	20951.769531	1804
5999	20939.064453	1805
9088	20929.531250	1806
818	20913.671875	1807
11359	20763.527344	1808
810	20750.884766	1809
3649	20746.818359	1810
10443	20732.666016	1811
9801	20732.322266	1812
111	20728.097656	1813
1136	20714.886719	1814
1776	20712.738281	1815
9777	20709.052734	1816
8873	20706.441406	1817
633	20650.080078	1818
838	20646.417969	1819
332	20641.900391	1820
422	20619.871094	1821
4223	20604.804688	1822
4537	20581.560547	1823
9290	20549.632812	1824
2961	20529.505859	1825
5137	20529.207031	1826
3877	20527.119141	1827
7416	20522.914062	1828
6164	20522.464844	1829
3901	20518.744141	1830
12028	20515.509766	1831
1478	20515.283203	1832
3422	20505.197266	1833
3710	20504.849609	1834
7224	20499.810547	1835
10417	20470.437500	1836
7844	20456.857422	1837
6561	20448.701172	1838
6636	20427.871094	1839
171	20425.150391	1840
4766	20414.636719	1841
1932	20400.429688	1842
1037	20375.001953	1843
731	20356.890625	1844
11020	20337.882812	1845
7164	20324.691406	1846
284	20324.591797	1847
928	20302.033203	1848
7530	20294.820312	1849
11800	20281.292969	1850
1752	20241.312500	1851
4690	20214.177734	1852
9646	20209.695312	1853
2836	20208.300781	1854
1170	20208.251953	1855
564	20202.603516	1856
3837	20202.367188	1857
3788	20197.173828	1858
548	20194.587891	1859
4182	20194.039062	1860
10423	20162.066406	1861
2282	20114.509766	1862
4923	20111.617188	1863
8267	20103.611328	1864
8579	20082.019531	1865
657	20077.341797	1866
503	20056.763672	1867
5136	20042.380859	1868
7163	20026.750000	1869
2464	20025.742188	1870
7682	19976.109375	1871
9338	19973.224609	1872
7278	19964.662109	1873
733	19959.810547	1874
5812	19952.611328	1875
1311	19947.376953	1876
6623	19939.996094	1877
3457	19928.330078	1878
1912	19911.972656	1879
7368	19911.095703	1880
882	19873.550781	1881
8566	19872.378906	1882
7430	19831.462891	1883
7207	19826.027344	1884
6070	19813.513672	1885
2496	19795.591797	1886
939	19791.603516	1887
11536	19749.570312	1888
4985	19749.214844	1889
12169	19723.203125	1890
8188	19707.982422	1891
6050	19662.480469	1892
7172	19590.562500	1893
1589	19580.353516	1894
948	19527.187500	1895
3995	19516.142578	1896
365	19509.482422	1897
947	19488.429688	1898
3780	19461.978516	1899
2066	19431.597656	1900
276	19429.986328	1901
3344	19410.835938	1902
4610	19380.203125	1903
13	19370.707031	1904
8610	19368.626953	1905
2757	19342.041016	1906
2595	19305.894531	1907
5040	19305.457031	1908
9570	19289.515625	1909
242	19281.839844	1910
4586	19252.025391	1911
11424	19251.617188	1912
3294	19247.078125	1913
6662	19243.746094	1914
12376	19240.464844	1915
1770	19231.853516	1916
2206	19227.107422	1917
8592	19217.417969	1918
6077	19181.005859	1919
2756	19159.027344	1920
5288	19150.968750	1921
6129	19147.111328	1922
8398	19131.931641	1923
4479	19124.996094	1924
7068	19118.582031	1925
128	19113.027344	1926
8344	19106.550781	1927
2056	19097.220703	1928
5882	19082.345703	1929
6316	19078.607422	1930
4312	19074.593750	1931
3569	19064.154297	1932
6131	19044.646484	1933
5661	19034.478516	1934
1205	19025.542969	1935
9943	19011.240234	1936
7374	18988.292969	1937
2944	18983.615234	1938
7109	18964.443359	1939
933	18954.976562	1940
4959	18951.234375	1941
3594	18945.460938	1942
4108	18884.785156	1943
313	18861.921875	1944
4152	18834.187500	1945
11552	18823.539062	1946
2898	18813.046875	1947
366	18798.761719	1948
4389	18794.808594	1949
9648	18776.050781	1950
6414	18765.585938	1951
1610	18764.712891	1952
7428	18719.974609	1953
2260	18717.482422	1954
8586	18709.710938	1955
3909	18700.875000	1956
7209	18698.406250	1957
7390	18694.238281	1958
6458	18690.281250	1959
7364	18670.001953	1960
7066	18662.410156	1961
9927	18659.974609	1962
8328	18659.974609	1963
8084	18659.974609	1964
6762	18659.974609	1965
3979	18659.974609	1966
3773	18659.974609	1967
1465	18659.974609	1968
1535	18612.564453	1969
2097	18608.912109	1970
2316	18605.941406	1971
1956	18595.078125	1972
1171	18578.103516	1973
314	18575.626953	1974
5178	18559.222656	1975
5308	18555.197266	1976
4753	18510.283203	1977
656	18504.488281	1978
1532	18502.212891	1979
3840	18492.119141	1980
3296	18463.728516	1981
7426	18452.533203	1982
1667	18428.142578	1983
3626	18413.169922	1984
7619	18401.972656	1985
10598	18363.185547	1986
11503	18358.041016	1987
6554	18332.398438	1988
5593	18309.583984	1989
2474	18308.253906	1990
11785	18294.871094	1991
1823	18219.693359	1992
7446	18215.982422	1993
899	18190.019531	1994
7055	18185.519531	1995
6308	18164.226562	1996
10298	18145.843750	1997
4406	18125.205078	1998
812	18099.947266	1999
6780	18073.417969	2000
666	18069.675781	2001
4103	18062.027344	2002
906	18044.939453	2003
2716	18041.677734	2004
5611	18004.261719	2005
4157	17995.021484	2006
1683	17986.599609	2007
8393	17962.011719	2008
8001	17937.763672	2009
5838	17931.355469	2010
5650	17930.033203	2011
5228	17927.996094	2012
3270	17890.925781	2013
4257	17846.558594	2014
3803	17828.197266	2015
3579	17799.105469	2016
718	17796.882812	2017
6932	17773.693359	2018
664	17770.376953	2019
1356	17761.664062	2020
677	17761.382812	2021
3308	17703.296875	2022
7292	17680.009766	2023
11440	17666.863281	2024
7649	17664.025391	2025
1998	17662.386719	2026
10431	17644.912109	2027
2508	17616.605469	2028
5507	17610.691406	2029
5743	17605.875000	2030
3615	17597.570312	2031
2789	17550.332031	2032
1097	17542.625000	2033
458	17531.751953	2034
9316	17523.923828	2035
10039	17517.093750	2036
8252	17505.619141	2037
8185	17492.675781	2038
6632	17478.513672	2039
4063	17458.222656	2040
3814	17450.902344	2041
11720	17449.167969	2042
309	17442.699219	2043
6924	17433.042969	2044
1111	17417.291016	2045
6371	17406.746094	2046
5707	17397.767578	2047
4577	17392.615234	2048
10356	17392.474609	2049
3306	17379.642578	2050
4808	17377.851562	2051
1880	17371.671875	2052
355	17355.140625	2053
11362	17343.328125	2054
8616	17320.335938	2055
6251	17314.503906	2056
1410	17283.390625	2057
2513	17279.562500	2058
4277	17268.056641	2059
9157	17259.917969	2060
5032	17246.091797	2061
3848	17237.271484	2062
2042	17231.990234	2063
1729	17220.582031	2064
1819	17206.794922	2065
7758	17206.363281	2066
6604	17189.958984	2067
165	17160.958984	2068
3046	17156.541016	2069
5154	17136.363281	2070
4896	17100.468750	2071
2120	17096.558594	2072
675	17075.404297	2073
6149	17068.484375	2074
3408	17064.466797	2075
10464	17019.148438	2076
2246	17010.457031	2077
7995	17005.576172	2078
4627	16996.771484	2079
6501	16977.421875	2080
4268	16975.630859	2081
3738	16959.406250	2082
8556	16922.779297	2083
585	16906.839844	2084
9544	16895.041016	2085
4034	16893.380859	2086
114	16875.148438	2087
5403	16874.185547	2088
2362	16864.945312	2089
12234	16854.048828	2090
2966	16842.080078	2091
563	16839.738281	2092
5712	16835.488281	2093
7812	16823.089844	2094
1666	16819.755859	2095
3134	16793.941406	2096
2626	16781.898438	2097
3220	16772.210938	2098
6200	16766.683594	2099
4716	16763.095703	2100
10074	16761.296875	2101
7033	16759.759766	2102
1957	16716.812500	2103
755	16701.851562	2104
5257	16695.843750	2105
483	16694.527344	2106
2584	16672.041016	2107
594	16630.060547	2108
844	16589.835938	2109
6503	16568.107422	2110
4694	16533.359375	2111
3102	16527.494141	2112
2844	16507.537109	2113
3578	16507.482422	2114
2094	16479.333984	2115
5333	16479.113281	2116
3029	16477.843750	2117
12086	16471.029297	2118
7786	16462.437500	2119
876	16452.857422	2120
2931	16452.642578	2121
9627	16451.703125	2122
845	16450.115234	2123
5389	16434.318359	2124
545	16432.636719	2125
4296	16420.039062	2126
38	16376.201172	2127
4229	16371.560547	2128
10184	16353.798828	2129
247	16353.319336	2130
5663	16324.452148	2131
11400	16320.660156	2132
3797	16315.358398	2133
7158	16281.641602	2134
5096	16277.833984	2135
8853	16257.905273	2136
1473	16255.344727	2137
650	16237.064453	2138
96	16233.111328	2139
9994	16226.344727	2140
7647	16223.383789	2141
4936	16212.615234	2142
4194	16185.801758	2143
5280	16178.669922	2144
1315	16178.653320	2145
9131	16177.318359	2146
6505	16157.165039	2147
3703	16147.132812	2148
1222	16142.990234	2149
5167	16138.937500	2150
922	16121.813477	2151
7098	16106.724609	2152
10771	16096.615234	2153
421	16086.888672	2154
4887	16068.293945	2155
7670	16058.581055	2156
1940	16056.297852	2157
5293	16022.902344	2158
3816	16009.899414	2159
2705	15995.569336	2160
6065	15992.189453	2161
4675	15972.561523	2162
4623	15969.993164	2163
9967	15954.376953	2164
6934	15952.102539	2165
892	15949.234375	2166
447	15919.413086	2167
5324	15884.524414	2168
3532	15881.452148	2169
2118	15861.061523	2170
5430	15801.432617	2171
4191	15764.283203	2172
5264	15746.017578	2173
9915	15727.947266	2174
4435	15700.884766	2175
6655	15698.168945	2176
7712	15695.169922	2177
6690	15675.845703	2178
1166	15663.473633	2179
10433	15660.690430	2180
5195	15618.310547	2181
6249	15611.229492	2182
9947	15594.898438	2183
4215	15580.742188	2184
4119	15580.226562	2185
7659	15579.481445	2186
5974	15570.044922	2187
3160	15569.320312	2188
8239	15546.487305	2189
1484	15536.382812	2190
2080	15525.682617	2191
1029	15496.302734	2192
3518	15481.979492	2193
10403	15463.650391	2194
115	15454.787109	2195
2278	15438.241211	2196
8796	15405.357422	2197
368	15394.394531	2198
4572	15389.258789	2199
11401	15386.114258	2200
1231	15356.815430	2201
3996	15355.257812	2202
887	15343.497070	2203
4823	15332.560547	2204
408	15315.976562	2205
8595	15265.502930	2206
6776	15264.785156	2207
1878	15220.835938	2208
5983	15216.262695	2209
902	15212.154297	2210
6394	15173.209961	2211
8480	15171.497070	2212
3410	15169.683594	2213
77	15168.785156	2214
1113	15143.364258	2215
751	15136.789062	2216
10330	15116.665039	2217
990	15116.549805	2218
12045	15116.132812	2219
3553	15114.284180	2220
7676	15103.321289	2221
3605	15094.231445	2222
1831	15075.039062	2223
7166	15074.871094	2224
2149	15073.616211	2225
4153	15055.994141	2226
2038	15019.937500	2227
671	15008.247070	2228
5108	14998.344727	2229
3573	14995.346680	2230
2016	14994.373047	2231
11432	14985.978516	2232
2414	14971.945312	2233
11000	14967.741211	2234
5413	14958.725586	2235
9241	14950.215820	2236
7245	14949.155273	2237
228	14941.136719	2238
2723	14939.929688	2239
3552	14931.067383	2240
11133	14928.209961	2241
3946	14922.708008	2242
319	14897.618164	2243
2411	14884.757812	2244
1664	14862.787109	2245
8722	14854.614258	2246
706	14845.364258	2247
4866	14838.676758	2248
5203	14837.722656	2249
5934	14828.223633	2250
4604	14809.181641	2251
4336	14796.001953	2252
8491	14786.806641	2253
2838	14757.509766	2254
7470	14753.259766	2255
2380	14752.722656	2256
907	14743.516602	2257
8473	14733.939453	2258
6382	14725.009766	2259
2929	14712.739258	2260
12027	14690.873047	2261
4343	14666.917969	2262
6976	14659.226562	2263
2274	14638.913086	2264
7175	14628.386719	2265
2144	14604.193359	2266
5836	14582.612305	2267
2651	14571.086914	2268
4597	14567.810547	2269
201	14561.741211	2270
364	14554.237305	2271
218	14552.952148	2272
808	14536.265625	2273
667	14528.440430	2274
5488	14471.664062	2275
2697	14470.187500	2276
5781	14457.881836	2277
8201	14446.872070	2278
9743	14445.767578	2279
5612	14442.567383	2280
9520	14419.640625	2281
4168	14402.452148	2282
3195	14395.418945	2283
4088	14393.053711	2284
9380	14363.683594	2285
7299	14353.834961	2286
4201	14345.848633	2287
6874	14342.783203	2288
10411	14317.477539	2289
325	14310.622070	2290
9027	14300.314453	2291
4513	14292.362305	2292
8558	14285.920898	2293
10241	14282.161133	2294
5260	14279.727539	2295
4520	14277.677734	2296
655	14269.270508	2297
855	14256.598633	2298
9	14256.375000	2299
11357	14252.707031	2300
472	14251.556641	2301
6360	14248.908203	2302
3211	14243.291016	2303
8119	14235.849609	2304
2479	14235.040039	2305
1148	14210.226562	2306
3452	14208.331055	2307
4279	14205.314453	2308
5729	14189.315430	2309
1954	14148.730469	2310
2273	14140.304688	2311
2114	14137.973633	2312
3162	14117.089844	2313
1314	14113.647461	2314
5711	14088.172852	2315
4270	14085.743164	2316
5068	14082.996094	2317
5769	14076.329102	2318
381	14074.584961	2319
3497	14068.552734	2320
8930	14067.205078	2321
1682	14065.295898	2322
1810	14059.958984	2323
6246	14054.399414	2324
6791	14051.582031	2325
2933	14051.438477	2326
8337	14050.944336	2327
6023	14050.344727	2328
3179	14027.111328	2329
10220	14017.871094	2330
1439	13930.911133	2331
4983	13926.960938	2332
2742	13912.645508	2333
10126	13908.852539	2334
11497	13895.991211	2335
5953	13886.899414	2336
2311	13883.368164	2337
11014	13876.506836	2338
3230	13850.948242	2339
290	13828.830078	2340
3075	13802.574219	2341
6800	13796.316406	2342
613	13746.399414	2343
8025	13734.150391	2344
8089	13731.705078	2345
7015	13719.492188	2346
8743	13705.056641	2347
2997	13688.462891	2348
9010	13683.375000	2349
12421	13617.750000	2350
3185	13600.111328	2351
1568	13595.894531	2352
1543	13583.762695	2353
9178	13571.654297	2354
931	13569.656250	2355
5212	13566.023438	2356
6929	13558.348633	2357
270	13551.284180	2358
658	13550.507812	2359
8938	13545.786133	2360
9924	13542.952148	2361
8236	13536.520508	2362
10398	13522.145508	2363
6808	13517.810547	2364
7269	13517.287109	2365
7273	13455.895508	2366
7052	13437.627930	2367
4007	13434.616211	2368
711	13426.488281	2369
5366	13422.805664	2370
6841	13421.680664	2371
5751	13407.854492	2372
5602	13407.220703	2373
3969	13405.600586	2374
698	13376.697266	2375
1765	13356.361328	2376
8887	13356.170898	2377
6437	13355.089844	2378
6001	13344.403320	2379
3760	13341.144531	2380
2549	13337.104492	2381
1342	13322.950195	2382
2111	13314.760742	2383
1413	13302.943359	2384
1144	13301.164062	2385
4929	13294.718750	2386
9467	13282.106445	2387
250	13279.839844	2388
248	13269.679688	2389
10465	13254.321289	2390
10402	13220.295898	2391
841	13215.115234	2392
4790	13209.187500	2393
4052	13204.500000	2394
5045	13197.798828	2395
8590	13185.356445	2396
3796	13170.852539	2397
8301	13161.348633	2398
3682	13155.576172	2399
8488	13149.012695	2400
10245	13145.918945	2401
6558	13120.823242	2402
9353	13119.129883	2403
182	13108.448242	2404
8107	13086.942383	2405
1360	13086.660156	2406
6179	13086.112305	2407
6873	13057.357422	2408
995	13046.486328	2409
542	13043.057617	2410
10461	13000.290039	2411
4132	12997.768555	2412
156	12963.234375	2413
2403	12948.093750	2414
8315	12945.827148	2415
6701	12942.266602	2416
6918	12928.952148	2417
2200	12922.809570	2418
4332	12911.281250	2419
5948	12903.758789	2420
6555	12880.087891	2421
2315	12879.233398	2422
5829	12839.078125	2423
8442	12819.749023	2424
11318	12814.591797	2425
2755	12776.592773	2426
5183	12774.049805	2427
9448	12764.364258	2428
4327	12762.475586	2429
7791	12757.120117	2430
2177	12741.624023	2431
8225	12733.025391	2432
9781	12727.883789	2433
7456	12720.951172	2434
5456	12717.093750	2435
3647	12714.841797	2436
6748	12693.519531	2437
1275	12688.995117	2438
597	12675.103516	2439
7882	12659.446289	2440
7560	12649.456055	2441
2185	12640.931641	2442
3678	12640.586914	2443
5317	12637.841797	2444
518	12621.101562	2445
10293	12620.027344	2446
3865	12607.182617	2447
6793	12598.250977	2448
5873	12590.973633	2449
10468	12584.578125	2450
6938	12576.734375	2451
6508	12572.570312	2452
5636	12558.623047	2453
5395	12557.694336	2454
4094	12556.080078	2455
8485	12548.372070	2456
4083	12543.333008	2457
2410	12542.550781	2458
9078	12542.065430	2459
6910	12541.043945	2460
6613	12528.395508	2461
8247	12525.428711	2462
1611	12516.029297	2463
6257	12515.686523	2464
9650	12497.748047	2465
2744	12493.677734	2466
4309	12492.889648	2467
4058	12488.340820	2468
4117	12487.257812	2469
6732	12479.710938	2470
4629	12468.280273	2471
5480	12467.048828	2472
1104	12464.044922	2473
2922	12463.694336	2474
3829	12462.938477	2475
1257	12449.297852	2476
3394	12446.671875	2477
5929	12445.844727	2478
6577	12443.053711	2479
704	12440.037109	2480
12453	12439.859375	2481
8327	12439.859375	2482
4920	12439.859375	2483
4467	12439.859375	2484
4376	12439.859375	2485
1680	12439.859375	2486
4242	12434.346680	2487
4474	12427.839844	2488
3541	12408.899414	2489
3624	12407.019531	2490
2415	12397.374023	2491
3225	12389.618164	2492
8388	12380.920898	2493
4053	12362.542969	2494
1214	12348.324219	2495
7621	12335.424805	2496
3175	12303.406250	2497
856	12302.125000	2498
4487	12294.817383	2499
5193	12284.944336	2500
778	12283.635742	2501
1580	12246.052734	2502
7592	12227.032227	2503
1038	12222.272461	2504
2982	12217.261719	2505
967	12213.515625	2506
1	12212.620117	2507
10836	12149.595703	2508
2773	12135.061523	2509
1730	12121.109375	2510
2832	12103.993164	2511
2914	12101.210938	2512
1194	12100.567383	2513
7611	12099.708008	2514
4872	12099.000000	2515
1716	12097.193359	2516
5103	12095.500000	2517
8048	12070.047852	2518
154	12066.771484	2519
12263	12064.932617	2520
12258	12064.932617	2521
12256	12064.932617	2522
5035	12054.073242	2523
986	12049.028320	2524
20	12046.366211	2525
3071	12046.074219	2526
5000	12042.225586	2527
1130	12026.886719	2528
9488	12024.963867	2529
2065	12021.657227	2530
7540	12021.191406	2531
1107	12016.290039	2532
7283	12011.296875	2533
9485	12006.331055	2534
785	12000.580078	2535
333	11983.802734	2536
2001	11978.555664	2537
11269	11953.679688	2538
1412	11945.983398	2539
725	11945.638672	2540
5483	11939.720703	2541
10843	11935.232422	2542
4751	11932.898438	2543
1699	11912.838867	2544
10087	11894.262695	2545
2378	11891.957031	2546
3915	11874.371094	2547
4359	11871.777344	2548
925	11867.882812	2549
2976	11866.509766	2550
8385	11860.433594	2551
2848	11842.207031	2552
599	11834.854492	2553
1659	11829.093750	2554
1321	11823.017578	2555
1325	11821.097656	2556
137	11810.742188	2557
2105	11786.478516	2558
2671	11773.055664	2559
1456	11760.436523	2560
11271	11753.920898	2561
6206	11740.351562	2562
1694	11732.289062	2563
2385	11704.063477	2564
2600	11697.034180	2565
6170	11689.297852	2566
235	11680.833008	2567
1254	11674.623047	2568
1630	11664.703125	2569
5353	11664.412109	2570
8341	11664.045898	2571
9175	11663.080078	2572
1398	11641.459961	2573
4814	11633.820312	2574
2478	11630.868164	2575
30	11623.289062	2576
1756	11604.634766	2577
11384	11595.783203	2578
5227	11586.552734	2579
5695	11577.411133	2580
5095	11564.800781	2581
9714	11562.822266	2582
6230	11530.487305	2583
4837	11508.630859	2584
3665	11503.878906	2585
4049	11468.213867	2586
2550	11464.356445	2587
2437	11426.648438	2588
105	11421.117188	2589
224	11405.687500	2590
9660	11383.764648	2591
3528	11382.319336	2592
1229	11378.586914	2593
3390	11376.579102	2594
4784	11358.919922	2595
7483	11357.836914	2596
4685	11356.596680	2597
1372	11343.584961	2598
867	11330.737305	2599
258	11321.379883	2600
8008	11315.268555	2601
2592	11307.556641	2602
5316	11303.580078	2603
3186	11272.097656	2604
3723	11255.684570	2605
6370	11249.940430	2606
4255	11248.729492	2607
2006	11244.447266	2608
2840	11230.123047	2609
3114	11217.434570	2610
5400	11207.077148	2611
4480	11190.943359	2612
6977	11170.987305	2613
1425	11169.210938	2614
8412	11129.395508	2615
9122	11121.800781	2616
8694	11113.548828	2617
3228	11112.114258	2618
5497	11109.833984	2619
11187	11095.093750	2620
3036	11047.425781	2621
6243	11043.215820	2622
3335	11037.325195	2623
9874	11024.774414	2624
6608	11022.975586	2625
4419	11013.686523	2626
3977	10991.356445	2627
3662	10977.135742	2628
4292	10969.514648	2629
760	10940.073242	2630
2202	10938.810547	2631
99	10914.221680	2632
8701	10909.908203	2633
2074	10879.348633	2634
1460	10867.056641	2635
4328	10859.616211	2636
9321	10837.541992	2637
6974	10836.707031	2638
2328	10830.896484	2639
11635	10830.721680	2640
11634	10830.721680	2641
5760	10827.021484	2642
8221	10826.820312	2643
9838	10810.493164	2644
2090	10807.385742	2645
7045	10777.878906	2646
8776	10774.196289	2647
781	10758.802734	2648
9701	10738.290039	2649
5420	10712.893555	2650
1799	10711.150391	2651
3154	10707.057617	2652
7925	10705.552734	2653
530	10688.766602	2654
5601	10681.870117	2655
945	10663.251953	2656
7821	10657.045898	2657
10340	10652.462891	2658
10466	10652.383789	2659
11321	10651.269531	2660
3556	10642.445312	2661
3558	10631.892578	2662
1106	10628.992188	2663
6120	10621.467773	2664
9885	10603.271484	2665
9368	10593.854492	2666
3291	10582.917969	2667
11578	10558.815430	2668
3019	10546.366211	2669
3612	10546.227539	2670
8501	10540.537109	2671
981	10538.109375	2672
5343	10533.014648	2673
4185	10516.483398	2674
2261	10500.524414	2675
5587	10494.090820	2676
7343	10491.300781	2677
859	10489.631836	2678
3054	10485.543945	2679
8680	10480.700195	2680
7264	10472.030273	2681
11579	10464.594727	2682
5535	10440.097656	2683
954	10436.349609	2684
1678	10430.786133	2685
5443	10418.588867	2686
3283	10418.284180	2687
2995	10416.592773	2688
6097	10415.409180	2689
1976	10402.854492	2690
5142	10370.917969	2691
6372	10355.097656	2692
997	10346.516602	2693
5465	10342.978516	2694
2614	10342.127930	2695
3257	10334.883789	2696
4084	10310.634766	2697
10309	10308.474609	2698
7780	10301.975586	2699
2195	10301.338867	2700
4991	10293.765625	2701
1981	10293.009766	2702
89	10280.221680	2703
2828	10268.765625	2704
1802	10261.205078	2705
3628	10259.558594	2706
9012	10248.736328	2707
5954	10241.909180	2708
133	10179.377930	2709
1053	10171.704102	2710
7934	10159.490234	2711
1351	10158.400391	2712
8382	10154.895508	2713
901	10131.642578	2714
2477	10127.171875	2715
5777	10109.819336	2716
6839	10100.591797	2717
6113	10087.466797	2718
2048	10068.975586	2719
7653	10059.734375	2720
3509	10059.720703	2721
5457	10057.662109	2722
5907	10044.274414	2723
5889	10033.526367	2724
5684	10033.157227	2725
2369	10027.181641	2726
5677	10021.452148	2727
1704	9999.934570	2728
1691	9989.060547	2729
3062	9978.607422	2730
443	9966.887695	2731
434	9958.687500	2732
3358	9925.822266	2733
1768	9900.063477	2734
9782	9894.561523	2735
2372	9883.847656	2736
416	9871.761719	2737
1091	9860.579102	2738
3520	9857.947266	2739
4483	9845.584961	2740
5682	9845.513672	2741
110	9840.357422	2742
898	9833.931641	2743
5449	9821.534180	2744
7089	9819.758789	2745
3317	9800.776367	2746
2470	9797.036133	2747
5452	9796.066406	2748
7534	9777.993164	2749
775	9771.863281	2750
1865	9768.149414	2751
1429	9767.472656	2752
1014	9756.747070	2753
3339	9756.638672	2754
9179	9751.078125	2755
5335	9749.425781	2756
188	9748.193359	2757
5936	9733.586914	2758
1088	9733.537109	2759
4683	9728.769531	2760
2070	9724.297852	2761
7469	9721.449219	2762
4294	9695.250000	2763
3895	9680.796875	2764
241	9679.396484	2765
6887	9667.070312	2766
4755	9664.857422	2767
7753	9655.849609	2768
2151	9654.363281	2769
8625	9654.290039	2770
113	9644.327148	2771
1494	9633.076172	2772
1343	9621.086914	2773
5392	9577.303711	2774
4453	9570.669922	2775
3182	9568.675781	2776
7538	9564.958984	2777
4415	9551.348633	2778
1807	9549.116211	2779
3395	9543.961914	2780
3226	9542.727539	2781
5555	9536.333984	2782
10359	9535.438477	2783
2940	9521.545898	2784
3263	9515.397461	2785
1926	9498.532227	2786
490	9476.341797	2787
2583	9464.954102	2788
3859	9460.433594	2789
2656	9448.930664	2790
7928	9435.473633	2791
5619	9434.623047	2792
9430	9428.744141	2793
2054	9427.175781	2794
1751	9412.699219	2795
3039	9396.662109	2796
6879	9380.021484	2797
1070	9374.843750	2798
7755	9369.602539	2799
2824	9368.629883	2800
1816	9359.194336	2801
474	9355.699219	2802
1663	9350.254883	2803
8306	9322.006836	2804
3642	9292.019531	2805
643	9291.229492	2806
7823	9289.916016	2807
1218	9266.522461	2808
2395	9255.429688	2809
10073	9251.289062	2810
10919	9240.648438	2811
1285	9219.499023	2812
8190	9219.344727	2813
1703	9213.845703	2814
1448	9212.571289	2815
7140	9191.923828	2816
2786	9191.784180	2817
3280	9181.762695	2818
3550	9178.334961	2819
2618	9163.597656	2820
9114	9157.612305	2821
2889	9150.772461	2822
2960	9133.467773	2823
10934	9126.263672	2824
4021	9119.728516	2825
2462	9119.508789	2826
8455	9115.814453	2827
1797	9115.081055	2828
1240	9113.427734	2829
4501	9107.284180	2830
2286	9105.781250	2831
9408	9105.198242	2832
3238	9098.577148	2833
7720	9086.791016	2834
2817	9076.203125	2835
5496	9074.284180	2836
2233	9071.976562	2837
8244	9069.500000	2838
3910	9053.856445	2839
11050	9052.656250	2840
3214	9049.571289	2841
2100	9047.507812	2842
3482	9040.034180	2843
6025	9019.353516	2844
11333	9018.376953	2845
4041	9011.930664	2846
2758	9011.345703	2847
8384	9010.487305	2848
1895	9003.333984	2849
1987	9001.990234	2850
10421	8989.595703	2851
9470	8969.379883	2852
5594	8953.897461	2853
4412	8950.271484	2854
8234	8924.260742	2855
5893	8900.194336	2856
1443	8894.093750	2857
2262	8890.387695	2858
1090	8865.450195	2859
3316	8861.311523	2860
1896	8858.085938	2861
2446	8850.582031	2862
2835	8836.650391	2863
7259	8833.814453	2864
7842	8829.908203	2865
1436	8820.015625	2866
5578	8813.425781	2867
7505	8813.292969	2868
6298	8783.562500	2869
1559	8779.051758	2870
10993	8765.729492	2871
3568	8764.802734	2872
6804	8750.390625	2873
3240	8738.942383	2874
4081	8738.485352	2875
3439	8728.778320	2876
315	8703.432617	2877
7008	8682.032227	2878
5249	8674.435547	2879
339	8662.931641	2880
1633	8647.896484	2881
996	8644.331055	2882
10205	8642.311523	2883
1970	8638.956055	2884
5067	8636.138672	2885
2109	8632.660156	2886
3196	8632.278320	2887
3672	8624.742188	2888
9057	8609.756836	2889
5282	8581.617188	2890
3567	8576.746094	2891
7439	8568.415039	2892
4950	8558.374023	2893
238	8555.237305	2894
498	8538.755859	2895
2579	8525.231445	2896
2726	8519.979492	2897
2043	8517.662109	2898
3560	8512.988281	2899
3991	8512.609375	2900
2807	8509.864258	2901
3212	8501.901367	2902
1646	8493.990234	2903
8740	8488.815430	2904
7223	8467.386719	2905
2318	8449.241211	2906
11410	8445.838867	2907
2588	8442.304688	2908
4787	8442.112305	2909
2422	8439.245117	2910
6094	8438.793945	2911
2853	8436.796875	2912
8748	8430.184570	2913
9563	8429.732422	2914
3495	8417.395508	2915
6125	8416.457031	2916
6411	8415.885742	2917
7533	8408.198242	2918
4492	8402.098633	2919
9617	8397.952148	2920
4994	8397.364258	2921
257	8376.332031	2922
9242	8360.223633	2923
4516	8356.333008	2924
254	8346.325195	2925
4029	8343.593750	2926
10511	8330.892578	2927
7411	8311.114258	2928
2277	8310.828125	2929
2492	8273.533203	2930
3287	8273.488281	2931
9510	8271.445312	2932
1838	8266.420898	2933
3302	8257.500977	2934
4981	8257.281250	2935
3153	8250.374023	2936
3702	8244.154297	2937
5565	8239.576172	2938
2473	8235.251953	2939
5417	8232.696289	2940
1842	8231.742188	2941
2351	8228.574219	2942
1089	8221.343750	2943
6172	8212.881836	2944
1918	8189.429688	2945
6350	8184.596680	2946
9858	8123.205566	2947
4313	8120.202148	2948
825	8112.166504	2949
7234	8099.405762	2950
7189	8095.402344	2951
8311	8064.473145	2952
9504	8053.342285	2953
2598	8051.596191	2954
213	8046.681152	2955
4078	8042.106445	2956
852	8030.308105	2957
2330	8022.240234	2958
1431	7999.291016	2959
602	7981.857422	2960
965	7975.010742	2961
2102	7958.818848	2962
1434	7951.067383	2963
191	7943.534180	2964
5151	7912.078125	2965
766	7910.241699	2966
6700	7903.296387	2967
1927	7902.453613	2968
580	7897.838867	2969
8440	7891.537598	2970
3931	7883.372070	2971
4893	7882.718262	2972
6353	7878.804688	2973
2009	7874.097168	2974
4192	7853.687012	2975
2289	7851.174805	2976
81	7846.327148	2977
4186	7844.480469	2978
10165	7833.293945	2979
234	7825.654297	2980
1746	7824.282227	2981
4230	7820.652832	2982
3447	7792.771484	2983
425	7792.466309	2984
806	7764.262695	2985
92	7757.424316	2986
462	7752.606445	2987
3588	7743.064453	2988
4840	7724.093262	2989
3201	7723.191895	2990
728	7718.215332	2991
1259	7716.898438	2992
622	7713.345703	2993
805	7704.442871	2994
2245	7700.299316	2995
437	7673.555664	2996
3076	7657.358398	2997
2078	7651.551758	2998
3435	7646.081543	2999
11870	7645.927734	3000
5521	7637.771973	3001
10290	7632.439941	3002
9819	7629.765137	3003
761	7612.749023	3004
9718	7612.051270	3005
9555	7612.043945	3006
9303	7610.147461	3007
4934	7609.985840	3008
9344	7598.751953	3009
2894	7598.120117	3010
2285	7576.114746	3011
506	7555.558594	3012
8287	7547.347168	3013
1197	7539.463867	3014
3368	7527.215332	3015
1911	7516.569336	3016
2900	7499.339355	3017
6551	7487.123047	3018
2695	7472.906250	3019
5419	7465.138184	3020
4200	7455.822266	3021
4633	7455.394043	3022
1958	7450.940918	3023
3198	7437.528320	3024
983	7430.284668	3025
3593	7424.113281	3026
9531	7417.015137	3027
1347	7412.555664	3028
4136	7403.233398	3029
6022	7397.928223	3030
10410	7396.670898	3031
3319	7394.050781	3032
6305	7393.823242	3033
707	7390.615723	3034
910	7380.176270	3035
12124	7375.945312	3036
5312	7374.571777	3037
4449	7368.997070	3038
5028	7362.901855	3039
5651	7361.041992	3040
4374	7360.903320	3041
5402	7347.289062	3042
4475	7346.496582	3043
8838	7340.725098	3044
3023	7332.349609	3045
6833	7330.446777	3046
7386	7289.209961	3047
1200	7281.144531	3048
11642	7278.616699	3049
837	7266.273438	3050
12025	7256.884766	3051
7382	7256.808594	3052
8645	7233.182617	3053
8991	7232.267578	3054
6405	7232.007324	3055
11436	7230.895996	3056
7295	7225.610352	3057
9491	7216.880371	3058
2146	7215.063477	3059
2862	7208.390137	3060
1876	7199.427246	3061
10292	7195.107422	3062
10276	7166.458496	3063
953	7164.966309	3064
3825	7161.197266	3065
9671	7152.868164	3066
10328	7149.416504	3067
6227	7139.707520	3068
6563	7135.764160	3069
335	7119.925781	3070
6156	7104.923828	3071
2140	7100.460938	3072
2363	7097.777832	3073
1891	7094.020996	3074
4999	7077.872559	3075
1576	7077.608887	3076
6899	7071.596191	3077
8638	7055.348145	3078
1758	7053.328125	3079
4008	7041.114746	3080
9148	7016.340332	3081
9240	7007.173828	3082
6708	7005.540039	3083
51	7004.651855	3084
417	7002.418457	3085
5653	6992.848145	3086
3243	6983.167480	3087
5337	6980.575195	3088
6490	6972.259766	3089
4105	6957.711914	3090
6988	6947.900879	3091
4856	6942.541992	3092
744	6939.663086	3093
11414	6935.666504	3094
1721	6934.387207	3095
1428	6930.715820	3096
2128	6929.651855	3097
1083	6926.687988	3098
8326	6920.280762	3099
797	6913.495605	3100
4113	6910.634766	3101
3375	6910.169922	3102
4005	6899.338867	3103
4617	6883.666504	3104
8607	6867.508301	3105
3184	6851.891602	3106
993	6845.812988	3107
8495	6829.690430	3108
3372	6823.905762	3109
5115	6823.790039	3110
7898	6820.306641	3111
3620	6819.365234	3112
9655	6815.695312	3113
11711	6814.663574	3114
103	6812.430176	3115
8758	6811.249512	3116
2402	6808.770996	3117
723	6793.047852	3118
1387	6785.938477	3119
3517	6780.337402	3120
6829	6769.355957	3121
3549	6739.827148	3122
6060	6719.956055	3123
3851	6712.760254	3124
689	6707.099121	3125
5913	6707.041504	3126
1629	6701.593262	3127
1352	6688.241699	3128
1004	6687.645996	3129
3755	6682.743652	3130
6185	6678.240723	3131
1307	6674.289551	3132
991	6671.472656	3133
2763	6652.611328	3134
2023	6638.703613	3135
11423	6633.863770	3136
4364	6623.788086	3137
1463	6619.736816	3138
6296	6615.072754	3139
2737	6610.905762	3140
1369	6609.077148	3141
12041	6608.773438	3142
611	6608.353027	3143
10373	6608.030762	3144
8170	6598.029785	3145
5158	6596.243164	3146
6768	6594.922363	3147
5871	6584.877930	3148
4951	6582.737305	3149
2732	6574.027344	3150
6340	6572.998535	3151
18	6567.910645	3152
5325	6565.001465	3153
307	6561.474609	3154
5789	6553.291992	3155
301	6546.391602	3156
9494	6543.242188	3157
3415	6542.787598	3158
9863	6540.376465	3159
10451	6525.226074	3160
3207	6522.526367	3161
6293	6521.722168	3162
6005	6520.649414	3163
2154	6520.076172	3164
3627	6513.854004	3165
9412	6513.002441	3166
4126	6500.110352	3167
3955	6499.876465	3168
6462	6497.421875	3169
6760	6473.847168	3170
5334	6471.555664	3171
6673	6468.608887	3172
7149	6464.221680	3173
4774	6459.884766	3174
7271	6451.880371	3175
6713	6441.930176	3176
9310	6441.111816	3177
5156	6431.939941	3178
2920	6421.886230	3179
8986	6415.376465	3180
1764	6415.174805	3181
4799	6411.268066	3182
3233	6397.927246	3183
568	6390.102539	3184
4232	6386.577148	3185
7041	6382.282715	3186
7381	6376.503906	3187
10024	6375.038574	3188
5375	6370.861328	3189
3542	6368.451172	3190
3412	6366.174805	3191
2374	6359.751465	3192
5188	6358.673828	3193
11970	6358.379883	3194
5648	6357.998535	3195
9624	6357.914551	3196
1190	6344.003418	3197
10453	6343.648926	3198
1689	6334.933105	3199
5598	6334.922852	3200
6680	6330.938477	3201
6122	6321.332520	3202
6868	6318.606445	3203
2365	6313.856934	3204
6344	6305.338379	3205
951	6301.994141	3206
2193	6300.628418	3207
7004	6297.908691	3208
4055	6296.560547	3209
4388	6296.546387	3210
618	6293.954102	3211
2319	6293.566406	3212
236	6285.438477	3213
4546	6283.771484	3214
1992	6275.810059	3215
1794	6271.769043	3216
5191	6269.760742	3217
3740	6264.028320	3218
10185	6263.149414	3219
7399	6262.194336	3220
9550	6260.843750	3221
5398	6256.946289	3222
4370	6254.829102	3223
2314	6253.302246	3224
11403	6243.641602	3225
2293	6240.594727	3226
6302	6239.650391	3227
1442	6237.571777	3228
5105	6236.564941	3229
6963	6232.647949	3230
9322	6228.323730	3231
4340	6225.831055	3232
4006	6223.785645	3233
11692	6219.929688	3234
11500	6219.929688	3235
11412	6219.929688	3236
10180	6219.929688	3237
9849	6219.929688	3238
9359	6219.929688	3239
9196	6219.929688	3240
9081	6219.929688	3241
9060	6219.929688	3242
9058	6219.929688	3243
8849	6219.929688	3244
8664	6219.929688	3245
8453	6219.929688	3246
8447	6219.929688	3247
6467	6219.929688	3248
5706	6219.929688	3249
5171	6219.929688	3250
4375	6219.929688	3251
4302	6219.929688	3252
3378	6219.929688	3253
2938	6219.929688	3254
1679	6219.929688	3255
7002	6207.338867	3256
5011	6207.338867	3257
1198	6198.518066	3258
5051	6196.313477	3259
1335	6181.721191	3260
8940	6170.602539	3261
7817	6159.861816	3262
2119	6158.655273	3263
7379	6142.097656	3264
6656	6138.176270	3265
10800	6128.259766	3266
832	6113.163574	3267
4281	6112.824219	3268
4873	6109.973145	3269
9317	6102.049805	3270
2443	6099.791016	3271
1125	6093.984863	3272
2241	6078.920410	3273
2008	6074.712402	3274
2878	6053.369629	3275
3639	6042.805176	3276
7388	6028.297363	3277
2578	6023.040039	3278
7568	6011.922852	3279
8496	6009.439453	3280
7774	5998.779297	3281
6880	5986.065430	3282
3793	5975.517578	3283
3737	5969.360840	3284
1313	5945.925781	3285
2517	5941.882324	3286
3660	5939.941406	3287
104	5938.363281	3288
5736	5938.300293	3289
2158	5935.263672	3290
1126	5921.769531	3291
4712	5915.229980	3292
2663	5908.931641	3293
1047	5894.902832	3294
4779	5890.888184	3295
1000	5866.095703	3296
2138	5865.970215	3297
4998	5863.086914	3298
9681	5851.579102	3299
5877	5820.056641	3300
3420	5818.558105	3301
604	5814.903809	3302
2073	5812.159180	3303
9506	5807.160156	3304
48	5792.371582	3305
11007	5786.820801	3306
5969	5785.018555	3307
2524	5775.049805	3308
4457	5765.370117	3309
7790	5764.427246	3310
2201	5762.879395	3311
229	5744.790039	3312
2585	5734.269531	3313
6788	5726.202637	3314
2764	5724.697754	3315
2340	5719.917480	3316
3188	5719.561523	3317
1985	5714.367676	3318
1775	5693.962891	3319
3783	5692.122559	3320
9285	5682.509766	3321
3080	5672.192383	3322
5356	5670.472168	3323
2843	5665.929688	3324
2297	5656.307129	3325
4686	5653.406738	3326
10762	5652.638184	3327
10759	5652.638184	3328
4031	5652.378418	3329
4022	5650.349609	3330
803	5648.869141	3331
6473	5648.725586	3332
6220	5639.322754	3333
4204	5622.132324	3334
3622	5598.833008	3335
6691	5595.380859	3336
553	5593.861328	3337
10939	5579.982910	3338
4547	5573.687988	3339
7236	5568.833008	3340
2483	5562.772949	3341
8157	5559.196289	3342
6749	5555.575195	3343
7346	5552.250977	3344
2952	5522.581055	3345
6403	5519.801270	3346
1942	5507.406738	3347
3999	5499.407715	3348
9839	5494.987793	3349
10886	5494.300781	3350
5426	5483.701172	3351
2346	5473.892090	3352
1233	5456.054199	3353
7503	5454.464355	3354
3411	5450.299316	3355
2108	5444.636719	3356
2605	5411.767090	3357
6908	5408.037598	3358
1334	5396.846191	3359
3024	5396.054199	3360
440	5389.657227	3361
505	5389.632324	3362
4393	5375.160156	3363
6956	5342.595703	3364
10860	5341.934570	3365
5226	5327.280273	3366
3767	5301.815918	3367
2463	5299.377930	3368
2287	5297.273926	3369
7301	5292.233398	3370
1638	5290.955078	3371
2861	5289.093262	3372
8846	5284.707520	3373
106	5277.882324	3374
10303	5273.712402	3375
1744	5273.066895	3376
226	5268.252441	3377
2619	5264.380859	3378
3163	5259.284180	3379
5795	5253.964355	3380
8335	5245.362305	3381
1696	5214.804688	3382
1931	5213.126953	3383
3205	5208.422852	3384
1461	5200.309082	3385
2842	5179.394531	3386
2866	5172.118164	3387
540	5139.770020	3388
3351	5138.183105	3389
10702	5124.789551	3390
2527	5120.555664	3391
660	5119.509277	3392
4536	5118.236816	3393
5639	5117.046875	3394
888	5116.943848	3395
6136	5104.939941	3396
1806	5097.498535	3397
890	5094.653809	3398
2012	5083.511719	3399
9901	5081.142578	3400
6303	5065.806152	3401
1348	5062.723633	3402
2230	5055.302734	3403
835	5051.107910	3404
7447	5047.286621	3405
3109	5042.970215	3406
2711	5041.073730	3407
3638	5039.823730	3408
6460	5030.067871	3409
1303	5025.533691	3410
4485	5022.664551	3411
6652	5021.580078	3412
6419	5013.062012	3413
3369	5002.947754	3414
5390	4998.180664	3415
4085	4993.035156	3416
5833	4980.077637	3417
2490	4977.979980	3418
2381	4974.817383	3419
1726	4971.714844	3420
4046	4966.813477	3421
9333	4951.971191	3422
47	4951.950195	3423
390	4945.189941	3424
9482	4944.485840	3425
4392	4934.089844	3426
11	4927.059082	3427
2538	4924.882324	3428
6796	4923.580566	3429
4045	4916.486328	3430
4362	4911.833984	3431
8441	4905.349121	3432
8764	4897.738770	3433
6478	4890.996094	3434
615	4888.401855	3435
715	4875.522461	3436
1955	4869.815430	3437
2502	4868.414551	3438
3856	4859.634277	3439
1843	4858.932617	3440
1521	4854.803223	3441
2173	4853.376953	3442
93	4838.807617	3443
382	4833.065430	3444
4358	4825.014160	3445
8775	4816.608398	3446
1946	4815.207031	3447
6336	4809.651367	3448
1119	4804.903320	3449
2576	4798.803711	3450
3898	4797.149414	3451
8109	4792.819824	3452
3183	4779.713379	3453
3011	4775.703125	3454
3580	4771.744141	3455
5311	4767.283691	3456
11439	4765.589355	3457
8036	4762.967285	3458
2092	4753.971191	3459
2304	4736.577148	3460
3350	4731.704102	3461
1045	4724.196777	3462
7081	4718.945312	3463
5779	4717.074219	3464
7564	4716.613281	3465
7757	4711.423340	3466
3951	4708.368652	3467
4871	4703.962891	3468
8122	4694.596680	3469
9845	4692.515625	3470
4531	4683.965820	3471
3655	4678.582520	3472
4064	4659.489746	3473
2186	4653.599121	3474
8172	4653.308105	3475
2021	4651.207031	3476
1173	4647.081055	3477
4664	4646.674316	3478
3984	4635.416504	3479
4018	4624.456055	3480
6260	4621.619141	3481
7232	4614.383301	3482
3404	4609.569336	3483
1925	4608.688477	3484
135	4598.054688	3485
4010	4583.493164	3486
6531	4581.157227	3487
1008	4578.239746	3488
9699	4570.983887	3489
4405	4567.667480	3490
463	4552.530762	3491
1591	4541.687988	3492
843	4541.272461	3493
6489	4527.386230	3494
1517	4523.546387	3495
5715	4516.184082	3496
3043	4505.114746	3497
9373	4501.082031	3498
680	4488.113281	3499
2799	4481.912598	3500
2955	4481.217285	3501
1814	4480.820801	3502
3985	4462.868652	3503
10264	4460.846191	3504
8255	4457.434570	3505
1018	4455.800293	3506
5244	4454.218262	3507
2493	4452.330078	3508
3564	4451.083984	3509
5506	4424.939941	3510
6073	4407.515625	3511
10986	4407.206543	3512
817	4405.164062	3513
6838	4404.658691	3514
6331	4400.740234	3515
5798	4397.277344	3516
2809	4396.062012	3517
8006	4390.221191	3518
746	4385.246094	3519
3992	4361.340332	3520
7896	4356.790039	3521
1168	4352.828613	3522
4193	4348.554688	3523
7114	4342.753906	3524
2924	4330.002930	3525
8792	4324.530762	3526
10540	4322.313477	3527
3756	4319.431152	3528
3331	4309.351562	3529
5752	4298.573242	3530
5657	4287.112305	3531
2413	4275.166504	3532
1127	4266.290039	3533
65	4254.313965	3534
6369	4253.585938	3535
2153	4245.389160	3536
6836	4238.186035	3537
883	4231.435059	3538
9110	4225.835938	3539
2871	4224.370605	3540
2484	4221.447266	3541
7373	4217.289062	3542
2145	4207.007324	3543
5042	4201.568359	3544
5981	4196.302734	3545
9881	4184.348145	3546
3337	4177.910645	3547
407	4168.455078	3548
5590	4165.629395	3549
1386	4163.322754	3550
3586	4150.996094	3551
821	4148.983398	3552
1864	4146.378418	3553
3165	4142.418457	3554
1337	4142.135254	3555
771	4141.118164	3556
5589	4129.895508	3557
2886	4124.813477	3558
2738	4124.722656	3559
5802	4122.526855	3560
7495	4121.679688	3561
11673	4119.159668	3562
4765	4114.129395	3563
8780	4086.224609	3564
616	4083.657959	3565
392	4073.738770	3566
12549	4072.588623	3567
5705	4069.082275	3568
5879	4068.456055	3569
6826	4064.364014	3570
460	4063.127441	3571
12419	4049.512451	3572
348	4032.409424	3573
6135	4031.975098	3574
2017	4000.682861	3575
2665	3992.923828	3576
6790	3975.783203	3577
9187	3974.112305	3578
2810	3972.593750	3579
9644	3969.751221	3580
6828	3969.449951	3581
2198	3965.751465	3582
431	3956.898926	3583
6906	3949.737549	3584
5514	3949.616211	3585
6420	3933.125488	3586
1755	3930.438477	3587
3650	3922.580566	3588
1596	3920.503906	3589
779	3904.936279	3590
4562	3904.497559	3591
7182	3892.762451	3592
1154	3892.544678	3593
6410	3892.374268	3594
12161	3889.265625	3595
8024	3885.111816	3596
396	3884.077393	3597
3724	3880.982666	3598
3630	3865.419189	3599
7526	3859.038818	3600
6649	3857.565430	3601
5410	3849.289307	3602
9937	3836.252686	3603
3189	3815.974365	3604
1400	3801.017578	3605
561	3796.665771	3606
8921	3792.638428	3607
1698	3789.041992	3608
426	3781.174805	3609
1174	3780.050537	3610
7267	3779.335938	3611
3140	3758.288574	3612
5138	3741.948975	3613
232	3738.621094	3614
4352	3738.020996	3615
3069	3731.894531	3616
4772	3725.456299	3617
1513	3713.699707	3618
4935	3702.830811	3619
1493	3702.544922	3620
5759	3702.468262	3621
10672	3692.444824	3622
33	3684.726318	3623
41	3684.199463	3624
6528	3684.077881	3625
1884	3682.174316	3626
4659	3681.876221	3627
3297	3673.150635	3628
4809	3671.911865	3629
2433	3670.481689	3630
1330	3652.903564	3631
7444	3651.209717	3632
6354	3649.938477	3633
7427	3647.634521	3634
738	3640.352783	3635
1977	3638.264648	3636
6314	3630.071533	3637
3695	3628.269287	3638
7466	3622.645752	3639
4614	3615.647217	3640
10758	3610.889404	3641
2971	3609.035156	3642
3973	3608.736816	3643
9423	3602.802002	3644
4407	3597.955811	3645
1826	3593.952148	3646
1557	3582.409668	3647
8370	3580.439453	3648
3926	3579.237061	3649
1714	3577.954834	3650
9567	3575.342285	3651
5238	3571.122559	3652
4553	3566.552490	3653
4463	3556.603516	3654
9377	3542.285400	3655
8791	3536.684814	3656
3875	3535.229980	3657
3187	3531.032471	3658
12550	3523.042480	3659
2025	3522.592529	3660
1641	3515.110107	3661
3026	3511.296875	3662
9168	3506.501953	3663
1084	3492.851318	3664
6342	3491.675537	3665
3597	3486.108887	3666
4061	3484.925049	3667
5355	3481.822266	3668
3382	3468.406738	3669
9590	3460.787598	3670
131	3456.858398	3671
8554	3455.593750	3672
7988	3443.982422	3673
316	3441.740479	3674
9929	3438.312744	3675
7389	3433.508301	3676
3083	3421.651611	3677
10984	3410.458496	3678
2790	3406.306641	3679
3123	3399.885986	3680
2964	3388.974609	3681
3156	3383.973877	3682
3035	3379.208740	3683
2704	3378.472412	3684
9868	3369.025635	3685
2485	3359.719727	3686
10006	3358.882568	3687
5211	3358.331787	3688
3491	3353.944092	3689
7640	3353.152832	3690
7326	3332.518799	3691
1883	3329.080322	3692
5358	3326.693848	3693
6620	3314.095459	3694
6794	3312.233398	3695
6576	3308.317627	3696
3269	3296.568115	3697
5979	3294.086182	3698
9884	3291.163574	3699
6412	3288.374756	3700
7280	3284.096436	3701
11449	3281.239502	3702
8319	3281.021484	3703
5629	3279.346191	3704
2393	3275.861816	3705
1613	3270.890869	3706
8778	3267.603027	3707
4990	3264.484131	3708
875	3262.868164	3709
6497	3262.408936	3710
4576	3255.925293	3711
6711	3255.095459	3712
5283	3249.167236	3713
9477	3234.058350	3714
3674	3232.574219	3715
7051	3232.143066	3716
2752	3226.552002	3717
1141	3225.951660	3718
5580	3222.679688	3719
4533	3221.454834	3720
1051	3220.248047	3721
5550	3216.141357	3722
4810	3213.408936	3723
6435	3209.323486	3724
895	3206.652100	3725
3346	3192.108643	3726
2178	3190.609375	3727
8276	3188.271729	3728
3983	3186.017090	3729
31	3182.238281	3730
5940	3177.145752	3731
1712	3169.697266	3732
5968	3166.270752	3733
1384	3154.837891	3734
588	3151.460205	3735
2034	3148.108887	3736
5315	3147.783447	3737
2352	3139.818604	3738
6817	3130.792725	3739
5548	3129.512939	3740
9443	3126.325928	3741
6771	3125.691406	3742
5773	3125.206055	3743
3664	3124.465576	3744
6803	3118.617676	3745
7840	3115.886230	3746
4746	3114.485352	3747
4735	3114.485352	3748
1419	3114.226562	3749
1566	3112.763916	3750
860	3103.364502	3751
2661	3100.837646	3752
3566	3098.377686	3753
3768	3092.338867	3754
1011	3091.627686	3755
8854	3086.522217	3756
4863	3085.984375	3757
7726	3076.598145	3758
8124	3073.036377	3759
3318	3071.822021	3760
8271	3071.770020	3761
10279	3068.715576	3762
5121	3066.751221	3763
2377	3060.745117	3764
7501	3056.815674	3765
5620	3053.939697	3766
499	3037.096924	3767
7578	3036.077148	3768
8895	3033.342285	3769
2664	3033.181885	3770
7462	3032.883545	3771
55	3032.662354	3772
8911	3030.556152	3773
2095	3025.611328	3774
4635	3025.276855	3775
6373	3005.523438	3776
1406	3005.375244	3777
4835	3001.238281	3778
2735	3001.186035	3779
3260	2999.585449	3780
10321	2998.205566	3781
555	2982.025146	3782
6987	2979.098145	3783
2539	2970.472900	3784
9975	2958.809570	3785
8562	2958.269775	3786
9675	2953.477539	3787
10820	2948.432861	3788
2975	2945.411377	3789
4590	2935.161133	3790
2387	2929.402588	3791
3130	2923.337891	3792
7286	2920.070801	3793
7637	2914.527832	3794
9586	2905.011719	3795
7378	2904.963623	3796
6052	2901.228027	3797
4521	2897.600098	3798
2750	2897.246826	3799
2343	2893.948975	3800
1723	2892.743652	3801
3989	2891.626709	3802
3409	2887.475586	3803
3221	2884.642090	3804
1421	2879.664307	3805
5066	2879.149414	3806
3251	2876.975098	3807
5072	2875.331543	3808
1670	2873.547363	3809
10669	2873.461182	3810
5278	2868.060059	3811
1318	2864.630371	3812
8984	2863.547852	3813
7716	2857.039062	3814
1253	2856.255859	3815
2531	2838.007324	3816
1340	2832.181396	3817
424	2830.611084	3818
3513	2828.350342	3819
1049	2826.548096	3820
3022	2823.069336	3821
1990	2822.819336	3822
3886	2821.725098	3823
8174	2816.585693	3824
410	2815.413574	3825
2530	2814.706299	3826
10492	2812.588867	3827
8023	2812.072266	3828
3347	2804.740479	3829
161	2799.385498	3830
7438	2798.705566	3831
1928	2796.708496	3832
538	2792.181885	3833
3356	2791.715088	3834
8290	2790.156982	3835
32	2787.739990	3836
6064	2786.061279	3837
942	2785.458740	3838
7473	2781.931396	3839
4318	2781.206543	3840
6163	2779.682373	3841
5993	2774.497070	3842
6569	2757.293213	3843
2759	2753.042969	3844
2170	2749.805664	3845
9705	2748.349365	3846
493	2744.266113	3847
2406	2740.378174	3848
7794	2739.105957	3849
4178	2737.481689	3850
6499	2731.832520	3851
7191	2731.209717	3852
7338	2720.368408	3853
4482	2719.561279	3854
1183	2719.211670	3855
2617	2710.427002	3856
82	2706.319580	3857
8655	2702.162109	3858
920	2701.375000	3859
7962	2700.469238	3860
8822	2699.362549	3861
7579	2698.423828	3862
3965	2695.432129	3863
4841	2689.117920	3864
3480	2688.783203	3865
3667	2688.142090	3866
2965	2688.086182	3867
2032	2684.477539	3868
6707	2683.297363	3869
1094	2675.924072	3870
3413	2668.867920	3871
1479	2666.025391	3872
2706	2663.916504	3873
4213	2662.596191	3874
5700	2661.813232	3875
5988	2658.541504	3876
3739	2647.178223	3877
7385	2645.018066	3878
8430	2644.463379	3879
1929	2644.437500	3880
5233	2640.976074	3881
1556	2640.726807	3882
2883	2636.704834	3883
5455	2630.475098	3884
770	2622.108887	3885
9483	2600.000488	3886
6646	2593.793701	3887
10142	2592.235107	3888
2753	2589.904297	3889
3463	2585.988281	3890
1423	2576.336182	3891
1418	2575.759277	3892
710	2573.821777	3893
7203	2570.545410	3894
2783	2570.511475	3895
6359	2568.339355	3896
6053	2565.427979	3897
4011	2563.262695	3898
6928	2558.845459	3899
6413	2558.115967	3900
1226	2555.457764	3901
6540	2554.055664	3902
6445	2553.201660	3903
8397	2548.567383	3904
10171	2548.091553	3905
5131	2546.824219	3906
5470	2543.692871	3907
3945	2542.807129	3908
2657	2526.358643	3909
6999	2524.936768	3910
970	2524.175293	3911
1769	2522.040039	3912
9020	2514.625244	3913
4512	2513.161133	3914
1581	2508.222900	3915
5090	2507.717285	3916
1146	2507.536133	3917
2536	2498.718994	3918
3503	2494.761475	3919
6953	2494.184814	3920
10215	2488.050293	3921
12024	2478.758545	3922
819	2470.891113	3923
1455	2467.269531	3924
1824	2463.980469	3925
6169	2460.655029	3926
7402	2458.906982	3927
4372	2455.218750	3928
2691	2454.311279	3929
28	2452.312256	3930
2959	2450.921875	3931
631	2448.249023	3932
2572	2446.836426	3933
2063	2443.576416	3934
5468	2440.548584	3935
2709	2439.508789	3936
3060	2433.330322	3937
7380	2429.944092	3938
2814	2423.813477	3939
5445	2418.132080	3940
2979	2417.400146	3941
6339	2414.144043	3942
383	2410.592773	3943
7434	2410.352051	3944
293	2408.439941	3945
2045	2408.226318	3946
6464	2399.162598	3947
35	2397.872314	3948
312	2388.940186	3949
3537	2386.400146	3950
9269	2385.458496	3951
2459	2382.866699	3952
10017	2378.911133	3953
2808	2367.995850	3954
5726	2367.855225	3955
4002	2364.776367	3956
190	2363.541260	3957
6941	2361.109619	3958
1674	2359.091553	3959
6448	2348.459717	3960
7543	2348.376465	3961
6345	2347.141846	3962
3827	2344.848877	3963
2743	2341.885742	3964
3340	2333.749023	3965
9677	2327.142090	3966
328	2325.148193	3967
4898	2324.418213	3968
6712	2324.115723	3969
6825	2323.466064	3970
1695	2322.665771	3971
722	2322.641113	3972
4504	2322.474609	3973
11470	2320.638428	3974
1564	2310.728516	3975
4174	2309.829834	3976
566	2307.446533	3977
1545	2306.711426	3978
2996	2305.605225	3979
628	2300.126953	3980
3747	2297.844482	3981
1415	2297.181885	3982
295	2278.854248	3983
601	2278.560791	3984
8814	2276.956055	3985
2232	2270.442871	3986
9302	2269.910400	3987
4652	2265.405518	3988
4575	2262.553955	3989
8466	2256.568359	3990
9246	2252.463623	3991
3637	2251.009521	3992
7022	2249.508301	3993
3275	2244.135010	3994
3595	2241.097412	3995
3370	2238.137451	3996
9552	2237.630859	3997
2934	2236.718750	3998
4581	2236.625244	3999
6348	2236.544678	4000
6650	2232.880371	4001
5724	2231.219238	4002
9582	2224.520752	4003
5239	2222.460449	4004
7472	2217.176025	4005
5753	2216.867432	4006
8821	2216.289307	4007
4689	2216.012939	4008
1122	2215.833984	4009
10509	2214.369385	4010
5374	2207.441406	4011
5405	2201.853760	4012
2215	2197.161621	4013
972	2196.162109	4014
4687	2191.193604	4015
4341	2187.695557	4016
8510	2185.232910	4017
1391	2183.427490	4018
4831	2180.986328	4019
7901	2180.804199	4020
4952	2177.184326	4021
3336	2174.724609	4022
4745	2174.594482	4023
3708	2157.266357	4024
5764	2153.994141	4025
3077	2147.183105	4026
1283	2140.668213	4027
2283	2136.416260	4028
112	2136.087891	4029
4399	2133.772705	4030
9287	2132.021729	4031
8526	2125.509766	4032
4347	2124.406494	4033
5927	2119.446777	4034
2071	2118.948242	4035
1707	2118.290527	4036
3548	2115.971436	4037
3193	2110.952393	4038
5721	2110.002441	4039
2419	2107.695312	4040
8309	2106.685547	4041
2568	2106.281006	4042
6062	2103.522949	4043
5140	2100.910156	4044
3936	2097.817627	4045
1582	2092.528564	4046
9923	2086.200928	4047
7061	2085.874023	4048
1251	2084.695801	4049
39	2084.430420	4050
2858	2084.063232	4051
4124	2081.433350	4052
475	2079.283691	4053
7060	2075.942383	4054
1835	2069.239502	4055
176	2067.180176	4056
3352	2062.553467	4057
5119	2061.236084	4058
5117	2061.236084	4059
2440	2060.196533	4060
8106	2053.724854	4061
3749	2050.692139	4062
7566	2048.551758	4063
10332	2047.650635	4064
1599	2045.009277	4065
8343	2044.547974	4066
5614	2040.902954	4067
3907	2037.669678	4068
6697	2035.138672	4069
1210	2032.068970	4070
3963	2023.842407	4071
6526	2022.177612	4072
17	2019.634277	4073
3132	2017.008179	4074
19	2014.665894	4075
2018	2013.982300	4076
2909	2011.434082	4077
2069	2005.777710	4078
1845	2003.514038	4079
2465	2001.616211	4080
4238	2000.705688	4081
8465	1993.137817	4082
10177	1987.161987	4083
8297	1984.388306	4084
946	1980.254639	4085
5354	1979.533081	4086
186	1974.358154	4087
5778	1970.155029	4088
5270	1966.722656	4089
6643	1963.444458	4090
961	1959.432007	4091
6481	1958.305542	4092
5286	1956.520508	4093
3590	1954.914062	4094
5921	1954.445801	4095
1366	1954.146973	4096
5258	1945.010132	4097
8318	1944.877319	4098
5570	1944.383179	4099
5152	1941.726074	4100
3210	1941.517578	4101
2388	1939.313110	4102
5378	1934.212280	4103
3754	1933.366577	4104
4271	1928.026123	4105
4870	1925.419067	4106
2382	1924.318115	4107
44	1922.498413	4108
1101	1920.556274	4109
2489	1916.176025	4110
6668	1905.081421	4111
3920	1903.304565	4112
4146	1902.054932	4113
6514	1901.844971	4114
8550	1900.458984	4115
6572	1897.024048	4116
11429	1893.632446	4117
3048	1893.268555	4118
4035	1892.579712	4119
6955	1892.148804	4120
2954	1889.355225	4121
7710	1887.785522	4122
9499	1887.208008	4123
10209	1886.885742	4124
6783	1884.714355	4125
5615	1875.915405	4126
3641	1874.813721	4127
2622	1874.535522	4128
5229	1872.957520	4129
1917	1872.719238	4130
5990	1871.670532	4131
3277	1868.208862	4132
160	1865.401855	4133
1656	1862.973755	4134
7312	1858.310425	4135
2067	1855.727295	4136
7930	1855.277344	4137
3025	1847.393433	4138
9758	1841.863770	4139
7083	1841.736328	4140
3443	1839.282715	4141
4333	1836.160767	4142
7644	1832.317139	4143
10858	1829.521973	4144
5904	1823.822144	4145
7443	1821.032104	4146
7377	1819.442871	4147
936	1816.840332	4148
741	1816.137451	4149
7605	1816.050781	4150
3374	1812.019531	4151
5368	1812.017822	4152
7531	1810.688110	4153
2983	1810.103149	4154
2020	1809.408081	4155
2117	1807.287964	4156
451	1807.218262	4157
10504	1807.186279	4158
10473	1807.186279	4159
4249	1801.842773	4160
8870	1795.096069	4161
1178	1792.422119	4162
1159	1791.939087	4163
455	1789.546509	4164
5566	1787.472534	4165
6876	1785.826416	4166
5271	1777.385010	4167
1717	1774.787720	4168
8251	1772.490234	4169
2162	1771.531372	4170
6332	1771.125122	4171
292	1770.376709	4172
514	1768.693359	4173
3204	1768.174683	4174
3496	1767.418945	4175
5623	1766.991333	4176
4179	1757.298584	4177
1669	1756.406128	4178
980	1754.297241	4179
3675	1754.152832	4180
5091	1745.056396	4181
6856	1743.502563	4182
9612	1739.716919	4183
3939	1739.285034	4184
3371	1735.299316	4185
7686	1734.523315	4186
1573	1734.517578	4187
851	1733.765625	4188
10228	1733.045288	4189
6792	1732.365967	4190
1220	1730.042236	4191
5810	1727.705933	4192
2615	1723.043823	4193
3538	1712.830933	4194
1921	1706.748657	4195
12112	1701.221313	4196
8178	1700.188599	4197
1894	1697.872681	4198
2542	1694.897095	4199
419	1691.250000	4200
1497	1689.623291	4201
1945	1688.524780	4202
323	1688.312988	4203
8927	1687.732910	4204
1789	1685.866699	4205
54	1684.344604	4206
215	1684.099854	4207
3330	1680.226562	4208
1397	1679.444214	4209
6392	1673.455078	4210
148	1672.564453	4211
150	1672.119751	4212
438	1671.271484	4213
5001	1671.245728	4214
4466	1666.545166	4215
6330	1665.895386	4216
5159	1657.640625	4217
2000	1652.335449	4218
681	1648.473877	4219
7576	1648.343384	4220
2359	1638.802124	4221
642	1636.220093	4222
291	1635.676392	4223
5568	1635.060913	4224
3582	1634.565063	4225
3694	1633.941528	4226
1486	1630.411499	4227
4321	1626.190674	4228
1822	1622.184082	4229
7802	1622.051758	4230
2347	1614.714966	4231
3426	1612.927368	4232
5957	1610.342285	4233
1411	1606.254150	4234
5710	1602.634155	4235
5245	1601.291626	4236
2672	1599.181885	4237
8167	1598.768188	4238
1069	1595.783691	4239
5323	1595.488159	4240
7520	1593.220459	4241
2430	1591.754150	4242
4001	1589.955444	4243
4688	1587.353638	4244
1189	1582.695801	4245
6128	1582.469116	4246
3159	1577.690063	4247
4221	1573.319092	4248
3640	1568.416138	4249
1175	1567.355469	4250
7216	1567.347778	4251
7401	1567.213867	4252
9678	1566.761353	4253
4909	1566.537964	4254
8160	1563.671387	4255
5173	1561.279053	4256
6893	1560.130249	4257
166	1557.120117	4258
5052	1551.207275	4259
7805	1547.449585	4260
992	1543.089355	4261
7336	1542.693237	4262
7007	1540.125854	4263
7013	1539.174316	4264
5591	1534.828735	4265
2301	1533.811646	4266
16	1528.904541	4267
3799	1526.989380	4268
2441	1521.635132	4269
1368	1519.788574	4270
4684	1518.166626	4271
9669	1515.771973	4272
1675	1512.927002	4273
3643	1512.673340	4274
5075	1512.591675	4275
1345	1510.241821	4276
3919	1509.687134	4277
7289	1505.005615	4278
3897	1504.360962	4279
8135	1503.312500	4280
6238	1503.311523	4281
10260	1500.053833	4282
894	1494.671021	4283
647	1492.628174	4284
2401	1490.455322	4285
2329	1488.198486	4286
8260	1484.355347	4287
4090	1484.188599	4288
3044	1484.042603	4289
4515	1481.263306	4290
8947	1480.138428	4291
4154	1477.291626	4292
2834	1476.995972	4293
5073	1476.855347	4294
7452	1476.475098	4295
3561	1473.996460	4296
10455	1473.891968	4297
1923	1472.882690	4298
2107	1471.852905	4299
1870	1467.579102	4300
6335	1466.588867	4301
1227	1464.136475	4302
3093	1463.659912	4303
1808	1458.016479	4304
4695	1455.580811	4305
6310	1455.477783	4306
2603	1453.492432	4307
7800	1450.044067	4308
3002	1449.673096	4309
9314	1447.416260	4310
3285	1446.223511	4311
9878	1445.004150	4312
5856	1440.788940	4313
4822	1440.342285	4314
6602	1439.775879	4315
12182	1438.785156	4316
7622	1438.534546	4317
11382	1437.174072	4318
4391	1426.927246	4319
2467	1424.865723	4320
7120	1423.607056	4321
3206	1423.131592	4322
4189	1421.212158	4323
3751	1416.021362	4324
7296	1414.676392	4325
5134	1414.632690	4326
6743	1412.290161	4327
1422	1410.979858	4328
4043	1407.422607	4329
9657	1397.139282	4330
1138	1397.107666	4331
1893	1393.582642	4332
3012	1391.700195	4333
5169	1389.625366	4334
405	1388.138428	4335
2424	1387.310303	4336
1856	1385.250610	4337
1969	1380.814209	4338
1121	1380.793091	4339
10892	1379.418945	4340
2906	1377.808228	4341
27	1377.527588	4342
8724	1376.982300	4343
2991	1376.715332	4344
2037	1376.592041	4345
6326	1372.242432	4346
5422	1371.846558	4347
10649	1370.916016	4348
7549	1370.720337	4349
2091	1368.631836	4350
2551	1368.572510	4351
4430	1363.916260	4352
1489	1363.569824	4353
12547	1362.443359	4354
10336	1361.834351	4355
3959	1361.226807	4356
4648	1357.702637	4357
5008	1356.643311	4358
3391	1356.497437	4359
8785	1356.263062	4360
8333	1355.776855	4361
5046	1352.519287	4362
10655	1352.105347	4363
809	1351.577148	4364
5984	1349.594238	4365
3987	1348.921265	4366
3758	1348.324341	4367
2321	1348.008789	4368
2207	1346.855225	4369
6059	1344.975464	4370
7276	1343.852295	4371
1924	1343.721436	4372
3855	1333.423950	4373
1208	1333.281128	4374
4820	1332.203857	4375
10625	1331.028931	4376
2554	1329.523560	4377
3268	1329.505981	4378
550	1328.271362	4379
10532	1323.852173	4380
2166	1316.075317	4381
7258	1315.717773	4382
4917	1314.530273	4383
9206	1314.154419	4384
2806	1309.331543	4385
4962	1302.795044	4386
7976	1302.239258	4387
1086	1301.650146	4388
6116	1298.137695	4389
4163	1297.538696	4390
3601	1289.395996	4391
4386	1287.323364	4392
7736	1284.130005	4393
11076	1281.017456	4394
4398	1280.501587	4395
4656	1280.147217	4396
7902	1276.753540	4397
8034	1273.116333	4398
3930	1272.380005	4399
4307	1271.639648	4400
5190	1270.610107	4401
496	1266.186035	4402
7105	1265.248779	4403
3905	1262.541626	4404
6755	1260.417847	4405
3501	1258.716553	4406
3744	1255.800781	4407
1982	1254.520264	4408
2880	1253.078491	4409
2612	1251.396851	4410
4815	1250.817505	4411
6937	1250.248291	4412
560	1249.024414	4413
2203	1247.663696	4414
8261	1247.395874	4415
3192	1246.379883	4416
4653	1246.047607	4417
3966	1240.289062	4418
1464	1237.810547	4419
1258	1235.198853	4420
3623	1235.099365	4421
1590	1231.062622	4422
1693	1230.905151	4423
3651	1228.711304	4424
1147	1225.984497	4425
3444	1224.522339	4426
11829	1223.677490	4427
221	1221.467773	4428
6995	1219.571899	4429
846	1219.089478	4430
12330	1217.870728	4431
9008	1216.305420	4432
5079	1213.248413	4433
7113	1212.510010	4434
3817	1211.509521	4435
212	1208.960449	4436
2488	1207.914673	4437
8312	1203.647339	4438
10283	1201.126465	4439
3324	1200.598145	4440
6409	1198.090576	4441
3322	1197.249512	4442
4395	1195.897583	4443
1971	1194.126343	4444
9357	1194.001953	4445
4591	1192.807983	4446
5326	1191.416992	4447
5647	1188.675537	4448
1365	1187.719604	4449
1363	1187.719604	4450
4245	1187.400757	4451
1534	1180.041748	4452
776	1178.251221	4453
7424	1176.674805	4454
7632	1176.258667	4455
8832	1176.190063	4456
6523	1175.286255	4457
2356	1172.575073	4458
6321	1171.357910	4459
7361	1167.968994	4460
1565	1164.912598	4461
5220	1164.528320	4462
1936	1161.645386	4463
2130	1159.780762	4464
9011	1159.299072	4465
1102	1158.915283	4466
6717	1158.070923	4467
4197	1157.039185	4468
9750	1155.120483	4469
7537	1152.808838	4470
1930	1149.410400	4471
5532	1148.130615	4472
4473	1147.704590	4473
225	1143.565063	4474
86	1142.242798	4475
5328	1138.722412	4476
743	1138.653076	4477
196	1137.519775	4478
10320	1135.983276	4479
6647	1129.836182	4480
1414	1129.828979	4481
1863	1127.849731	4482
3781	1124.959595	4483
9899	1124.777100	4484
1587	1124.653809	4485
6275	1121.385132	4486
1574	1119.759644	4487
1986	1117.173828	4488
181	1115.007568	4489
2454	1113.247314	4490
3157	1112.330444	4491
5717	1110.806396	4492
4054	1108.826050	4493
4925	1108.417358	4494
3704	1105.022339	4495
10493	1103.851074	4496
9829	1103.773071	4497
5626	1101.415894	4498
10685	1099.856567	4499
10683	1099.856567	4500
2466	1099.855469	4501
9556	1099.400024	4502
22	1095.254150	4503
10258	1092.550049	4504
10746	1092.091064	4505
3158	1089.213867	4506
109	1088.931152	4507
1984	1086.334351	4508
2655	1086.098145	4509
1943	1085.443481	4510
12318	1084.847656	4511
5880	1081.554932	4512
2188	1080.145630	4513
577	1079.529785	4514
6197	1079.276245	4515
9999	1077.689941	4516
194	1077.102173	4517
962	1076.390259	4518
3360	1070.867188	4519
6346	1070.862915	4520
7739	1070.118164	4521
6972	1069.733032	4522
4640	1069.129028	4523
958	1068.289307	4524
6522	1067.793945	4525
2712	1065.125122	4526
2370	1063.712036	4527
6423	1063.398193	4528
5585	1062.316162	4529
3975	1061.628784	4530
5822	1058.833618	4531
2035	1058.076660	4532
10216	1057.163818	4533
2707	1056.785889	4534
4775	1056.742432	4535
4726	1056.504272	4536
3555	1054.957275	4537
8159	1054.303711	4538
5305	1054.237671	4539
1715	1051.353149	4540
7561	1049.157959	4541
1530	1042.076050	4542
1207	1041.186523	4543
8156	1040.995728	4544
3041	1040.390137	4545
8047	1039.309570	4546
7879	1038.650513	4547
5536	1037.348633	4548
10726	1036.453735	4549
5451	1035.835327	4550
11070	1034.052856	4551
11624	1033.586792	4552
2666	1033.344971	4553
384	1026.858032	4554
5144	1022.706604	4555
6571	1020.892212	4556
1228	1016.158447	4557
3523	1009.645325	4558
6211	1009.014526	4559
2687	1008.487061	4560
5986	1007.722656	4561
6338	1007.040283	4562
9225	1005.169312	4563
7664	1004.060425	4564
5512	1000.532715	4565
5577	999.288879	4566
5307	998.197327	4567
4961	997.653564	4568
9739	995.288452	4569
8477	993.309570	4570
815	991.547852	4571
8529	987.411133	4572
4381	984.154907	4573
6533	983.727783	4574
7485	982.401672	4575
9786	978.859497	4576
2310	977.890259	4577
2642	977.737000	4578
854	973.395996	4579
6787	973.387329	4580
7096	972.059937	4581
2376	967.199707	4582
5247	965.373962	4583
3746	961.330688	4584
5787	959.409729	4585
1995	958.751343	4586
4276	957.946777	4587
2635	957.183533	4588
3804	953.176514	4589
64	950.323730	4590
1042	950.307007	4591
985	947.478577	4592
6263	947.469116	4593
4749	945.106384	4594
2989	944.451233	4595
5237	943.823792	4596
5083	943.652649	4597
11983	943.468567	4598
6049	942.824219	4599
2520	941.608887	4600
3364	941.099182	4601
3785	936.565918	4602
1839	936.087952	4603
5961	935.742859	4604
3934	934.728455	4605
3676	932.761230	4606
2662	930.878235	4607
1963	930.410950	4608
4075	930.287537	4609
5359	926.114258	4610
1071	925.356201	4611
1491	924.088257	4612
2797	921.987854	4613
1837	921.933105	4614
2528	919.017151	4615
3636	918.520264	4616
7996	918.042419	4617
3128	917.619812	4618
7290	917.121033	4619
6306	917.043396	4620
3753	913.105591	4621
7266	912.364258	4622
3304	908.877869	4623
2647	908.761597	4624
2639	907.870361	4625
12085	904.651184	4626
4240	903.890747	4627
1577	902.166199	4628
4805	901.457703	4629
1331	900.945679	4630
163	900.901611	4631
5174	900.025269	4632
1657	896.074768	4633
5424	894.426575	4634
7129	894.369141	4635
6513	893.531616	4636
1072	892.750977	4637
4647	892.290039	4638
5511	891.518372	4639
4066	890.130310	4640
8666	889.949341	4641
2793	889.708130	4642
7504	887.968262	4643
7457	884.353088	4644
11392	883.328064	4645
6518	881.572144	4646
2698	881.474121	4647
5346	881.023254	4648
913	878.730225	4649
6821	877.317871	4650
4004	877.065430	4651
5980	873.816650	4652
10516	872.281799	4653
9730	869.707214	4654
7668	868.071472	4655
1785	864.427917	4656
6434	863.638123	4657
5638	862.868896	4658
116	862.157349	4659
4786	861.190796	4660
1522	860.846619	4661
6693	858.315796	4662
7801	857.713379	4663
2033	852.835449	4664
9030	850.114136	4665
1075	849.221558	4666
8104	848.961121	4667
4888	848.699524	4668
5533	848.523560	4669
9753	847.431824	4670
4109	847.117859	4671
4403	842.959961	4672
3334	842.442810	4673
446	841.579102	4674
3152	839.672668	4675
3149	839.672668	4676
1498	839.100220	4677
695	837.762390	4678
11422	834.724121	4679
4947	832.538147	4680
6406	827.856628	4681
1261	824.151672	4682
7387	824.086121	4683
6318	822.525574	4684
2444	821.565796	4685
3498	820.467407	4686
1432	819.775757	4687
1034	819.665344	4688
10951	819.552307	4689
8484	815.553284	4690
1346	815.206299	4691
3958	814.852112	4692
9427	811.032837	4693
6644	808.268250	4694
2259	807.870605	4695
2384	804.200256	4696
7614	804.114868	4697
464	802.292297	4698
791	800.988464	4699
306	800.511780	4700
2161	799.674988	4701
401	796.542725	4702
5547	792.623962	4703
10198	791.559998	4704
8713	788.219055	4705
2658	784.833374	4706
2217	784.326782	4707
5320	780.391113	4708
2404	778.536255	4709
850	778.474854	4710
10075	777.907593	4711
5625	777.623413	4712
2784	776.807678	4713
5099	775.314148	4714
4272	774.283997	4715
834	773.689148	4716
5718	770.262085	4717
7631	769.136902	4718
9997	767.778015	4719
7487	767.070557	4720
3677	766.996765	4721
8723	765.843201	4722
8088	765.557800	4723
7454	764.586853	4724
7413	764.262024	4725
7412	764.262024	4726
2147	763.109192	4727
9072	763.022827	4728
4144	762.646423	4729
5113	762.321106	4730
2683	762.261414	4731
2911	761.319519	4732
8325	759.624146	4733
6	756.853394	4734
1246	754.333435	4735
4050	751.599182	4736
1401	748.999390	4737
371	748.344971	4738
1495	747.680054	4739
7331	747.283569	4740
6210	746.674438	4741
2972	745.140259	4742
3957	744.871155	4743
7291	743.309265	4744
6177	741.835449	4745
7545	740.836548	4746
11405	740.488647	4747
3500	739.881226	4748
3534	739.370239	4749
476	739.097961	4750
827	737.618774	4751
7655	736.691406	4752
1624	732.158630	4753
3801	731.919373	4754
9184	731.305359	4755
2680	730.834412	4756
9372	730.544434	4757
2432	729.914795	4758
1217	729.803772	4759
487	727.824463	4760
5551	726.865845	4761
2280	725.986084	4762
1016	725.711243	4763
735	725.647583	4764
6212	725.296021	4765
11496	725.199524	4766
527	724.702087	4767
10636	723.147522	4768
3535	722.962708	4769
2771	722.705383	4770
3393	721.462769	4771
8912	720.390869	4772
4418	718.651123	4773
5680	718.359497	4774
644	717.765625	4775
1079	716.122559	4776
10452	716.076172	4777
2574	709.810730	4778
3003	709.120422	4779
4518	708.003967	4780
2308	707.990356	4781
6534	707.639526	4782
634	707.464844	4783
9383	706.686462	4784
337	706.432312	4785
10998	705.422241	4786
4263	705.073059	4787
2980	704.521545	4788
11335	703.303711	4789
1215	703.054688	4790
6614	702.456970	4791
2992	700.762756	4792
10972	700.302856	4793
9348	700.001465	4794
5216	699.846375	4795
11567	699.389709	4796
10621	698.363220	4797
10616	698.363220	4798
10611	698.363220	4799
10605	698.363220	4800
10596	698.363220	4801
10593	698.363220	4802
10592	698.363220	4803
10583	698.363220	4804
10582	698.363220	4805
2279	697.040649	4806
5102	696.698792	4807
11445	696.135681	4808
1100	693.177307	4809
7711	689.468262	4810
7705	689.468262	4811
3687	688.266541	4812
742	688.083923	4813
3522	687.094238	4814
1276	685.165710	4815
288	683.668396	4816
2216	683.254883	4817
889	681.138000	4818
8753	679.795776	4819
5846	677.294373	4820
8490	674.945129	4821
3353	674.250183	4822
1211	672.634644	4823
4291	672.166077	4824
5092	670.105591	4825
909	669.027466	4826
3891	667.910767	4827
7088	667.228760	4828
5955	666.992249	4829
3231	665.911743	4830
8058	665.391968	4831
10197	664.332031	4832
7508	663.804688	4833
3290	663.759644	4834
592	662.153076	4835
8469	658.928284	4836
10250	658.883545	4837
1993	657.158691	4838
1010	656.744446	4839
11430	656.500977	4840
5080	655.748230	4841
3398	654.706909	4842
1362	654.109375	4843
4267	652.568542	4844
3709	652.053101	4845
42	652.008301	4846
1087	651.860229	4847
1080	651.860229	4848
5973	651.450195	4849
669	651.411682	4850
3213	650.647583	4851
7124	648.429993	4852
5655	648.323669	4853
10525	647.617981	4854
5342	645.834167	4855
5811	645.277161	4856
4250	641.840088	4857
8427	640.789124	4858
2044	639.586060	4859
6069	638.996826	4860
652	638.706543	4861
2587	638.623962	4862
864	638.371521	4863
4248	637.984009	4864
2171	636.411743	4865
5376	636.380432	4866
3540	635.189758	4867
4895	635.147278	4868
1875	634.322693	4869
1271	634.227722	4870
1142	633.099731	4871
840	632.849548	4872
3893	629.507935	4873
4013	628.552185	4874
4295	625.779724	4875
7340	624.026123	4876
2125	622.761230	4877
6630	622.580505	4878
1193	619.996826	4879
11197	619.978271	4880
11548	617.463501	4881
8399	617.403442	4882
3164	616.330750	4883
6631	616.008118	4884
6622	614.656982	4885
10900	610.864136	4886
8741	610.766113	4887
5563	610.442871	4888
7636	609.673218	4889
1742	609.582703	4890
1223	608.734924	4891
8254	608.718689	4892
10380	607.754578	4893
804	607.108948	4894
9518	605.968201	4895
6300	602.543274	4896
694	599.945923	4897
4926	599.502869	4898
4697	597.718872	4899
1846	597.574646	4900
1584	596.963806	4901
885	595.193787	4902
281	594.578186	4903
1065	593.008728	4904
617	592.473877	4905
7257	591.557800	4906
3059	591.417419	4907
3745	590.876404	4908
6469	590.009827	4909
7012	589.958923	4910
1039	587.589722	4911
557	587.014282	4912
6687	585.156860	4913
3864	584.843140	4914
4319	584.369751	4915
4251	583.560730	4916
9639	583.318115	4917
10273	582.941895	4918
6056	582.619080	4919
6698	582.041504	4920
7202	580.900513	4921
8663	580.102478	4922
9964	580.063354	4923
5617	576.303650	4924
9420	576.258484	4925
2778	574.828796	4926
3911	573.750366	4927
3894	571.488098	4928
1339	571.281189	4929
5057	570.258667	4930
6789	569.924011	4931
5224	568.042542	4932
3585	567.797180	4933
4496	567.049133	4934
2999	567.020752	4935
1427	566.661194	4936
4857	566.501282	4937
6133	563.529297	4938
1294	563.112915	4939
1338	562.599365	4940
6615	559.564331	4941
5805	558.674683	4942
5894	558.138977	4943
1537	557.919922	4944
8349	557.885559	4945
6436	557.452026	4946
2204	557.360474	4947
9851	556.958191	4948
9369	556.833679	4949
8203	555.525757	4950
7866	553.059143	4951
10248	552.618958	4952
11507	552.158813	4953
3119	551.670044	4954
4151	549.064453	4955
8066	549.058777	4956
7743	548.926880	4957
1654	548.124207	4958
4644	547.505493	4959
4594	547.084229	4960
6186	547.081360	4961
10714	546.997925	4962
168	546.496094	4963
5309	545.816284	4964
6426	543.694214	4965
2075	542.710022	4966
5683	542.453247	4967
8848	542.426086	4968
3433	538.540100	4969
589	535.749939	4970
11029	534.902344	4971
11027	534.902344	4972
2344	534.323120	4973
1578	534.175903	4974
267	533.643188	4975
5141	533.002563	4976
1137	531.410278	4977
6885	529.807190	4978
4489	529.083130	4979
7261	527.221619	4980
1289	526.066589	4981
6824	525.947693	4982
4905	524.606995	4983
2514	523.916321	4984
9647	523.181213	4985
1999	522.903870	4986
6182	521.771179	4987
5	521.525024	4988
1288	519.987122	4989
4668	519.641785	4990
5972	519.132751	4991
5851	518.801392	4992
4748	518.523987	4993
4903	518.212219	4994
1005	517.255798	4995
4351	517.051575	4996
5453	514.513489	4997
7016	513.639954	4998
1520	513.100525	4999
2099	512.324707	5000
9253	510.752869	5001
12241	509.963593	5002
4365	509.886688	5003
3918	508.561890	5004
2291	508.221527	5005
8924	508.102448	5006
886	506.252777	5007
10093	505.754974	5008
3940	505.657593	5009
3591	505.488129	5010
9811	505.140686	5011
11383	500.268799	5012
5671	500.020905	5013
1085	499.784088	5014
7421	498.640015	5015
2322	498.556610	5016
5025	498.251160	5017
5023	497.419037	5018
5820	497.375183	5019
4134	496.838562	5020
11077	494.193420	5021
8805	493.224487	5022
7536	492.972198	5023
10206	492.733154	5024
7010	491.486755	5025
3136	490.935547	5026
2298	490.909912	5027
6900	488.847443	5028
3998	488.465912	5029
3833	488.367493	5030
3779	486.411377	5031
10732	485.937927	5032
5939	485.733826	5033
466	485.205200	5034
3131	484.611298	5035
3200	484.530029	5036
11018	484.109344	5037
4514	483.647247	5038
10529	482.646423	5039
11818	482.076202	5040
5442	481.638794	5041
5251	481.153259	5042
4239	480.660767	5043
9810	478.688232	5044
7431	478.673950	5045
8027	478.094391	5046
3191	477.181824	5047
2003	477.084351	5048
926	476.097809	5049
2249	475.994720	5050
4079	475.935455	5051
1800	475.596069	5052
8519	474.407562	5053
4842	473.887390	5054
2292	471.171967	5055
4508	470.765533	5056
4404	470.071960	5057
3281	469.050354	5058
9500	466.523743	5059
9265	465.177979	5060
2341	464.381348	5061
9553	464.027527	5062
285	463.564636	5063
4645	461.690826	5064
8367	461.618225	5065
10051	460.977295	5066
3168	460.231628	5067
6852	459.798584	5068
6849	459.798584	5069
4824	457.343781	5070
4448	455.513123	5071
5556	455.427002	5072
8078	454.297424	5073
2127	453.079590	5074
2522	451.119659	5075
5911	449.140503	5076
959	448.780945	5077
7310	448.550568	5078
6009	447.126099	5079
1134	446.667725	5080
824	446.460144	5081
299	446.042572	5082
2499	445.714630	5083
2425	442.444427	5084
1298	442.023315	5085
7321	440.008789	5086
8295	439.931885	5087
8281	439.931885	5088
807	439.783295	5089
268	439.239044	5090
5129	439.196777	5091
5128	439.196777	5092
5127	439.196777	5093
2851	438.552765	5094
5855	437.570923	5095
3978	436.790833	5096
3247	436.433289	5097
3301	435.685028	5098
4371	435.615570	5099
3469	434.479675	5100
4793	433.827362	5101
5738	432.801331	5102
8105	432.663940	5103
7188	432.558105	5104
117	431.915619	5105
7981	431.518433	5106
1167	430.694458	5107
1165	430.694458	5108
11302	430.184692	5109
4425	429.748199	5110
9965	429.017365	5111
1306	428.892029	5112
7532	428.744659	5113
7494	428.103973	5114
7162	427.110321	5115
3844	426.891388	5116
3836	426.891388	5117
7383	425.330444	5118
2907	425.299255	5119
8368	423.457458	5120
4465	423.073822	5121
3748	422.565674	5122
4978	422.388916	5123
6578	422.362213	5124
1668	421.800659	5125
2839	421.458740	5126
7363	420.627960	5127
9818	420.463440	5128
4225	420.186707	5129
1600	420.177429	5130
1759	419.249390	5131
1007	418.848022	5132
697	418.729004	5133
4500	418.320190	5134
3812	417.696564	5135
10991	417.608643	5136
1181	417.520721	5137
2431	416.413361	5138
868	416.106140	5139
23	415.522308	5140
6447	415.368317	5141
5618	415.287170	5142
4459	414.538208	5143
4785	414.069427	5144
6945	411.064423	5145
7183	408.539368	5146
5221	408.187805	5147
164	408.094269	5148
9113	407.548157	5149
9920	407.332947	5150
2361	406.817627	5151
3974	405.892517	5152
610	405.725189	5153
11397	405.604492	5154
2782	405.568848	5155
386	405.126770	5156
3129	404.215149	5157
2567	404.045563	5158
59	403.907562	5159
1036	402.288513	5160
6884	402.109436	5161
10167	401.999207	5162
8256	401.496826	5163
3406	401.261871	5164
593	401.052704	5165
9320	400.239868	5166
5276	399.232178	5167
4646	398.062775	5168
2184	397.500549	5169
5704	396.511505	5170
5702	396.511505	5171
4262	394.208588	5172
5214	391.766876	5173
5213	391.766876	5174
8615	391.400818	5175
1067	390.436096	5176
9422	389.915955	5177
7660	389.908813	5178
3248	389.738831	5179
2227	388.824432	5180
2068	388.818024	5181
5722	387.780396	5182
8307	387.405670	5183
6633	387.054382	5184
2644	386.963654	5185
8439	384.300659	5186
3878	383.257812	5187
4427	381.492096	5188
794	381.087006	5189
4588	380.968445	5190
9787	380.307373	5191
7848	380.036682	5192
5077	379.910797	5193
4461	379.679626	5194
6045	379.627655	5195
2968	379.434753	5196
523	379.244110	5197
5735	379.154694	5198
7745	379.049286	5199
7741	379.049286	5200
8224	377.482391	5201
7547	376.893250	5202
2449	375.319946	5203
4323	375.303650	5204
5029	374.938202	5205
9472	374.236481	5206
508	373.471741	5207
12181	373.450012	5208
12177	373.450012	5209
3512	372.480347	5210
2516	371.517517	5211
7102	371.067810	5212
3505	370.993408	5213
6003	370.837952	5214
2390	370.504883	5215
5361	370.065521	5216
5885	369.903625	5217
1795	369.543121	5218
6401	368.950714	5219
5385	368.040619	5220
6777	367.450012	5221
11340	366.692932	5222
4367	366.003357	5223
8095	365.922333	5224
12420	365.763428	5225
5709	363.292664	5226
2926	363.005493	5227
8324	362.696289	5228
3822	362.433319	5229
11195	361.777252	5230
5411	361.659515	5231
6886	360.460815	5232
1319	360.207886	5233
9446	359.512024	5234
7746	359.322144	5235
1560	357.371704	5236
5914	356.047424	5237
8504	355.792664	5238
10055	355.016541	5239
4899	354.740173	5240
10274	354.717743	5241
4544	353.582886	5242
5701	353.451599	5243
6897	353.138428	5244
7006	352.778320	5245
5630	352.650360	5246
1869	352.434326	5247
11477	351.967712	5248
8605	351.898743	5249
158	351.695801	5250
6439	350.761139	5251
3461	349.737030	5252
2391	348.547150	5253
7285	348.190735	5254
4592	347.823853	5255
3342	347.507172	5256
6470	346.486755	5257
3465	345.986572	5258
2708	345.826294	5259
12340	344.936462	5260
6515	343.993530	5261
5139	343.957764	5262
5381	343.446136	5263
2831	343.047089	5264
5947	342.476318	5265
4595	342.406555	5266
7829	341.713257	5267
6364	341.509857	5268
5322	340.743011	5269
1536	340.506775	5270
2571	340.404053	5271
9084	340.209869	5272
5696	340.148132	5273
935	338.839905	5274
6989	338.577423	5275
11438	337.913605	5276
101	337.117279	5277
6695	334.311676	5278
6775	332.167908	5279
1877	332.109467	5280
326	332.026398	5281
9335	330.551575	5282
1322	329.321442	5283
3531	329.267975	5284
10557	329.145660	5285
8563	328.328552	5286
5728	328.316711	5287
1132	328.160522	5288
4813	327.905975	5289
8757	326.636169	5290
3792	325.756500	5291
8017	324.778931	5292
2740	324.378265	5293
4963	324.305115	5294
2794	322.548523	5295
2495	321.503693	5296
8030	321.484314	5297
5163	321.114258	5298
5818	320.371338	5299
1157	319.641724	5300
3954	318.067810	5301
2937	317.653961	5302
2192	317.506805	5303
569	317.179657	5304
5899	316.742065	5305
8570	315.425995	5306
5474	315.168060	5307
6560	314.207764	5308
1965	313.497833	5309
11872	313.090668	5310
1182	312.871552	5311
7359	312.631104	5312
2689	312.477142	5313
5254	311.261719	5314
9691	310.923584	5315
8779	310.061920	5316
8759	309.868439	5317
1829	309.742828	5318
3349	309.737518	5319
5294	309.256805	5320
429	306.062775	5321
5816	305.973907	5322
4320	305.411072	5323
7418	305.078339	5324
1747	303.898315	5325
4256	303.696533	5326
5866	302.979065	5327
7353	302.735474	5328
5394	301.081604	5329
1022	301.047455	5330
6626	301.029358	5331
1404	300.743866	5332
9223	300.554565	5333
6417	300.317932	5334
1885	300.251709	5335
1354	300.233185	5336
7573	300.107788	5337
3171	299.747711	5338
1665	299.562653	5339
4288	299.315552	5340
5351	297.743256	5341
4442	297.612457	5342
11695	297.026276	5343
403	296.896790	5344
4953	296.876343	5345
6801	296.162933	5346
5363	295.206268	5347
3453	293.776337	5348
11617	293.748413	5349
11610	293.748413	5350
1336	293.613068	5351
243	293.436798	5352
3299	293.109406	5353
2586	292.679626	5354
5776	292.507599	5355
1395	291.467804	5356
11349	291.326721	5357
6195	291.305511	5358
5018	291.049377	5359
7698	290.757233	5360
7693	290.757233	5361
11408	290.548065	5362
2936	290.377289	5363
1636	290.332306	5364
7762	290.287598	5365
3474	290.279205	5366
7956	289.981781	5367
3429	288.883789	5368
7993	288.144623	5369
3728	287.902222	5370
9127	287.873413	5371
7263	287.728668	5372
6553	286.244598	5373
6593	285.508301	5374
3948	285.090332	5375
5076	285.063080	5376
7704	284.951721	5377
6550	284.652740	5378
12189	284.551636	5379
12180	284.551636	5380
12179	284.551636	5381
12178	284.551636	5382
9729	284.551636	5383
1562	284.140320	5384
2669	283.915558	5385
8767	283.890778	5386
3935	283.837860	5387
3929	283.837860	5388
7809	283.577911	5389
8596	282.930756	5390
8128	282.531891	5391
9507	282.390106	5392
1631	282.310608	5393
8458	282.051147	5394
1156	279.536255	5395
10304	279.354706	5396
2085	279.256287	5397
7572	279.228577	5398
3524	279.042999	5399
7222	278.492798	5400
8468	278.491638	5401
5295	278.043915	5402
4265	277.806061	5403
253	277.683136	5404
891	277.461182	5405
7252	277.252563	5406
9968	276.933655	5407
6007	276.914124	5408
5850	276.083527	5409
8990	275.136444	5410
2973	274.954346	5411
5230	274.635193	5412
556	274.421021	5413
1341	274.414917	5414
6597	274.352509	5415
10238	274.080658	5416
5956	273.338806	5417
5821	273.190979	5418
10146	272.640045	5419
2967	272.409607	5420
4423	271.135925	5421
5673	270.420105	5422
1201	270.343658	5423
5539	270.316040	5424
6431	267.188293	5425
4769	266.938690	5426
4768	266.938690	5427
4767	266.938690	5428
727	265.850830	5429
4159	265.707703	5430
7080	265.103149	5431
6682	264.968018	5432
1446	264.833557	5433
5784	264.773193	5434
6603	264.259064	5435
1471	262.976624	5436
2213	262.973145	5437
7998	262.438324	5438
3068	262.393646	5439
1199	261.768341	5440
3242	261.393311	5441
4825	260.297119	5442
649	259.567627	5443
1131	259.019806	5444
4470	258.877686	5445
9021	258.307739	5446
9014	258.307739	5447
3445	256.897003	5448
3802	256.752380	5449
9108	256.116913	5450
2553	255.251495	5451
1076	255.040009	5452
9963	254.405502	5453
10081	254.303864	5454
120	253.885406	5455
3688	253.884720	5456
6231	253.361053	5457
8598	253.117035	5458
4884	253.045181	5459
2659	252.727173	5460
8651	252.541748	5461
4181	252.485962	5462
9722	252.335052	5463
1570	252.106842	5464
5607	251.676865	5465
5841	251.507767	5466
2082	250.956711	5467
3063	250.585022	5468
5153	249.944534	5469
478	248.171097	5470
5458	248.160538	5471
1454	248.126038	5472
3139	248.048523	5473
3106	247.926636	5474
341	247.706558	5475
11323	246.805862	5476
2272	246.476898	5477
4651	246.116714	5478
6930	245.621246	5479
8449	245.026031	5480
377	244.578018	5481
9294	244.574219	5482
2366	244.241394	5483
5534	243.663666	5484
3961	242.415558	5485
1738	242.072418	5486
7116	241.989624	5487
10925	241.975998	5488
6566	241.713928	5489
3828	240.466537	5490
955	240.417480	5491
8406	240.249283	5492
7565	240.124069	5493
7467	240.063721	5494
3015	239.945557	5495
2157	239.708328	5496
9340	239.414764	5497
3652	239.391113	5498
9217	239.281311	5499
6600	239.278229	5500
5364	238.921829	5501
4123	238.916550	5502
4571	238.658798	5503
5164	237.140884	5504
6648	236.698608	5505
949	236.052139	5506
6242	235.960495	5507
3459	235.580185	5508
10335	235.536896	5509
783	235.222183	5510
5669	234.969742	5511
10150	234.888351	5512
10147	234.888351	5513
10145	234.888351	5514
7492	234.373703	5515
1549	234.029282	5516
2535	233.722702	5517
8165	233.489243	5518
4334	233.181198	5519
6542	232.834518	5520
1649	232.714462	5521
7167	231.815231	5522
7371	231.319565	5523
3970	230.589920	5524
6552	230.561844	5525
415	230.334244	5526
2392	230.179382	5527
9219	229.285446	5528
3928	229.069214	5529
6588	228.879150	5530
10353	227.971695	5531
2434	226.497864	5532
10944	225.864731	5533
4217	225.132584	5534
3847	224.949554	5535
2785	224.688995	5536
9843	223.350067	5537
4709	222.104630	5538
554	222.096786	5539
7586	221.724945	5540
9016	221.674408	5541
9667	221.611038	5542
522	221.537689	5543
4097	221.078094	5544
11574	220.875214	5545
4149	220.632721	5546
2337	220.432556	5547
11159	220.252640	5548
5604	220.130051	5549
3418	219.915070	5550
4867	219.119431	5551
1046	218.812256	5552
1112	218.418777	5553
8457	218.414032	5554
2534	217.564377	5555
772	217.421082	5556
11671	216.981415	5557
5236	216.950256	5558
5870	216.721588	5559
7507	216.378448	5560
9902	216.243439	5561
11494	216.013748	5562
4039	215.676559	5563
4955	215.409027	5564
9452	215.176971	5565
605	214.766068	5566
66	214.477692	5567
2400	214.336349	5568
5908	213.317230	5569
6735	212.940796	5570
6142	212.675079	5571
1073	211.457611	5572
8016	211.235168	5573
1268	211.172318	5574
3922	210.198105	5575
389	209.961533	5576
387	209.961533	5577
3472	209.546341	5578
3770	209.529297	5579
982	209.075073	5580
5234	208.854019	5581
5837	208.638000	5582
8404	207.860016	5583
11144	207.769745	5584
3450	206.723389	5585
489	206.629730	5586
7414	206.394989	5587
6250	206.384476	5588
5310	205.455353	5589
5772	204.811783	5590
2949	204.692032	5591
372	202.903641	5592
6579	202.431931	5593
9891	202.246796	5594
11691	202.008011	5595
5872	201.823135	5596
2890	201.812943	5597
6599	201.528122	5598
4145	201.440170	5599
11426	201.044708	5600
1064	200.841339	5601
5246	199.670639	5602
7732	199.628113	5603
8515	199.492828	5604
921	199.418350	5605
5427	199.224747	5606
4525	198.915756	5607
12245	198.482605	5608
1435	198.470642	5609
8820	198.358109	5610
4680	197.247116	5611
5020	197.217270	5612
8695	197.110443	5613
8269	197.050217	5614
1974	196.825317	5615
1996	196.767044	5616
3067	196.568695	5617
7488	196.417084	5618
8979	196.234375	5619
9623	196.161560	5620
8506	195.949402	5621
7544	195.520020	5622
9862	195.293198	5623
6543	195.185257	5624
8919	194.367142	5625
10299	194.234421	5626
6845	194.224930	5627
8793	193.688797	5628
2714	193.393417	5629
3809	193.114044	5630
8801	192.762894	5631
2435	190.908524	5632
11492	190.715164	5633
1989	190.518982	5634
4549	190.378174	5635
4503	190.324539	5636
10061	190.297501	5637
4954	190.013153	5638
4948	190.013153	5639
2754	189.983368	5640
6840	188.844025	5641
8177	188.314850	5642
5187	187.520020	5643
7115	187.496246	5644
1450	187.321625	5645
5265	187.065048	5646
1621	186.826645	5647
4210	186.391388	5648
4445	186.380844	5649
8346	186.334045	5650
3169	185.831238	5651
6363	185.805603	5652
199	185.776016	5653
9186	185.413818	5654
2223	185.186646	5655
7502	185.025436	5656
9537	184.928406	5657
6728	184.801529	5658
5719	184.374298	5659
4587	184.304871	5660
4507	184.138306	5661
4875	183.815384	5662
3608	183.573517	5663
5341	183.548645	5664
1118	183.029434	5665
2302	182.890274	5666
8482	182.391785	5667
529	182.356384	5668
1441	181.674606	5669
1508	181.276138	5670
8057	181.240402	5671
3384	181.082550	5672
9938	180.929153	5673
4278	180.800385	5674
9732	180.142288	5675
97	179.924057	5676
3108	178.444199	5677
6820	178.308685	5678
3625	178.058044	5679
3872	178.011780	5680
1718	177.855194	5681
5763	177.689621	5682
5754	177.386276	5683
9608	176.562271	5684
1700	176.414673	5685
801	176.083466	5686
998	175.616318	5687
7065	175.324509	5688
4363	175.323334	5689
6285	174.904678	5690
2122	174.879807	5691
6725	174.809647	5692
1949	174.785065	5693
9760	174.530487	5694
9934	174.189560	5695
4803	173.961151	5696
4486	173.917755	5697
1866	173.253891	5698
1836	173.220184	5699
4743	173.086945	5700
5896	172.579544	5701
11490	172.315002	5702
8739	172.267365	5703
6123	172.192307	5704
4890	172.030823	5705
5596	171.809128	5706
10058	171.012756	5707
7609	170.910172	5708
1023	170.847809	5709
7366	170.609512	5710
7221	170.487457	5711
3104	170.267731	5712
6677	170.020782	5713
2787	169.925171	5714
4170	169.892105	5715
4612	169.778793	5716
5902	169.512024	5717
5834	169.256866	5718
9431	168.960480	5719
768	167.790771	5720
3843	167.077545	5721
3392	166.610748	5722
3047	165.655869	5723
5649	165.570633	5724
4960	165.559860	5725
786	165.441650	5726
4326	164.703720	5727
4252	164.573685	5728
7198	164.169815	5729
5504	163.978500	5730
6739	163.256363	5731
4671	163.210587	5732
7685	163.109192	5733
2300	162.173553	5734
8426	161.987305	5735
5094	161.941711	5736
8092	161.585556	5737
9023	161.478836	5738
1809	160.910370	5739
6537	160.791046	5740
4316	160.357239	5741
8964	160.167953	5742
6031	158.935043	5743
8505	158.735291	5744
3763	158.279114	5745
5429	158.078033	5746
5815	157.887787	5747
11192	157.779282	5748
4979	157.615723	5749
8975	157.387604	5750
11188	157.110291	5751
11447	157.045898	5752
7018	156.991867	5753
8031	156.609924	5754
7082	156.534836	5755
833	156.430405	5756
9564	155.925140	5757
6966	155.769363	5758
4451	155.625412	5759
6696	155.592987	5760
7703	155.390793	5761
5196	154.690338	5762
7215	154.658981	5763
4493	154.510269	5764
6628	154.367813	5765
4241	152.934616	5766
2438	152.877701	5767
6407	152.550766	5768
139	152.113281	5769
7860	152.041473	5770
10261	151.955795	5771
11040	151.701859	5772
7815	151.701508	5773
6942	151.336533	5774
4692	151.321228	5775
2041	151.260208	5776
9209	151.234222	5777
9439	150.970840	5778
4115	150.888885	5779
3602	150.883438	5780
525	150.308228	5781
2237	150.247879	5782
10043	149.983170	5783
4274	149.314606	5784
8886	149.142960	5785
7613	148.199402	5786
6891	148.114014	5787
4414	147.627106	5788
2903	147.335449	5789
4776	147.032654	5790
5024	146.982788	5791
2910	146.790756	5792
2312	146.692093	5793
8381	146.580460	5794
6727	146.421417	5795
3084	146.318451	5796
7173	145.979874	5797
8774	145.799606	5798
5268	145.686340	5799
5554	145.445114	5800
4224	144.656937	5801
4638	144.234558	5802
7225	144.083527	5803
5749	143.425262	5804
5662	143.313370	5805
2211	143.227310	5806
3276	142.717148	5807
6365	142.317703	5808
6443	142.123779	5809
12	141.615860	5810
763	141.445267	5811
1426	141.326324	5812
7654	141.023010	5813
6675	139.695816	5814
4014	139.667404	5815
4554	138.108521	5816
3138	138.006302	5817
6440	137.975815	5818
6424	137.975815	5819
6422	137.975815	5820
5038	137.758102	5821
7645	137.248138	5822
8544	137.011520	5823
7523	136.908325	5824
2721	136.661697	5825
2167	136.648071	5826
11228	136.574387	5827
11224	136.574387	5828
8623	135.869843	5829
4073	135.703339	5830
8797	135.430771	5831
2769	135.178467	5832
2417	135.122986	5833
2582	135.005936	5834
842	134.993423	5835
9614	134.314148	5836
1643	134.161606	5837
4742	134.065643	5838
3265	133.691772	5839
6785	133.567780	5840
11630	133.511368	5841
6013	132.762955	5842
1979	132.541443	5843
713	131.945847	5844
10413	131.626999	5845
6487	131.546173	5846
8652	131.134949	5847
5524	131.127075	5848
8438	131.034088	5849
8176	130.742432	5850
7875	130.440750	5851
8476	130.077347	5852
872	130.035492	5853
3217	129.895126	5854
4452	129.846207	5855
5143	129.763885	5856
5383	129.717697	5857
10973	129.360870	5858
8161	129.280472	5859
5659	129.228958	5860
4214	129.058121	5861
777	128.546860	5862
3216	128.532944	5863
11388	127.143051	5864
5093	126.893242	5865
5575	126.819580	5866
646	126.578697	5867
7028	126.239761	5868
6770	126.106522	5869
10001	125.908478	5870
6408	125.800018	5871
10040	125.787125	5872
1741	125.729530	5873
10042	125.307838	5874
298	124.951141	5875
7961	124.725899	5876
8320	124.562302	5877
12040	124.555054	5878
6254	124.287025	5879
823	124.238205	5880
2772	124.016579	5881
4628	123.631363	5882
9771	123.449524	5883
8520	122.933167	5884
4101	122.593636	5885
8338	122.443558	5886
3717	122.015198	5887
6618	121.437759	5888
9220	121.022217	5889
5266	120.768326	5890
6729	120.731857	5891
3774	120.660767	5892
8525	120.648224	5893
6449	120.561607	5894
661	120.191895	5895
7857	120.169159	5896
3752	119.941803	5897
8881	118.987259	5898
8409	118.793144	5899
2429	118.771980	5900
7100	118.307938	5901
7014	118.218155	5902
9882	117.697708	5903
8380	116.872192	5904
10169	116.641754	5905
9151	116.422920	5906
3348	115.907173	5907
4679	115.260292	5908
11773	114.962013	5909
1179	114.706505	5910
7527	114.252327	5911
6106	114.116478	5912
3944	113.730629	5913
3941	113.730629	5914
3937	113.730629	5915
3988	113.604126	5916
1991	113.298386	5917
8719	112.741425	5918
7885	112.608650	5919
7587	112.580566	5920
1934	112.125626	5921
7845	111.973633	5922
2399	111.678864	5923
4674	111.553436	5924
280	111.382309	5925
2368	110.968597	5926
1959	110.902603	5927
699	110.824036	5928
3679	110.612495	5929
8837	110.545357	5930
6495	110.276741	5931
3365	110.246956	5932
4812	110.172905	5933
8535	110.127808	5934
7040	110.126144	5935
6510	109.413284	5936
5031	109.293999	5937
4818	109.289291	5938
720	109.268913	5939
8633	108.613174	5940
6041	108.596405	5941
7268	108.527023	5942
765	108.225662	5943
2525	107.586830	5944
1533	107.551292	5945
5794	107.262436	5946
7017	106.682419	5947
4156	106.571129	5948
6970	106.241417	5949
6546	106.023132	5950
4315	105.987991	5951
470	105.279671	5952
5892	105.208008	5953
5891	105.208008	5954
2681	105.105339	5955
1496	104.618179	5956
3493	104.505417	5957
8885	104.039642	5958
3938	104.018288	5959
8718	103.769585	5960
4317	103.588028	5961
782	102.745079	5962
614	102.673828	5963
5471	102.259102	5964
1300	102.087379	5965
11091	101.980797	5966
626	101.460617	5967
5745	100.724617	5968
2214	100.526131	5969
8540	100.302307	5970
3008	100.215111	5971
3005	100.215111	5972
4135	100.162292	5973
11242	100.128220	5974
6333	100.115517	5975
6180	100.082863	5976
3680	99.925842	5977
9780	99.676224	5978
7362	99.661377	5979
7341	99.661377	5980
435	99.546486	5981
8728	99.500572	5982
11601	99.427269	5983
9905	98.083733	5984
8516	98.050278	5985
4128	97.721855	5986
4876	97.471008	5987
8377	96.853958	5988
8235	96.597618	5989
8992	96.153091	5990
6567	96.077408	5991
5279	95.854797	5992
251	95.784668	5993
1472	95.700974	5994
1804	95.642174	5995
2928	95.115616	5996
562	95.096649	5997
385	95.074127	5998
1605	95.019585	5999
4555	94.914108	6000
9752	94.870796	6001
10164	94.846939	6002
8300	94.050339	6003
3446	94.042114	6004
3657	93.939278	6005
12492	93.800201	6006
3014	93.555794	6007
7112	93.424767	6008
5499	93.376678	6009
3741	92.577332	6010
3293	92.564995	6011
3942	92.489998	6012
10117	92.357483	6013
6396	91.891701	6014
1639	91.747589	6015
4390	91.746582	6016
1316	91.151917	6017
8233	90.940277	6018
6393	90.860550	6019
2334	90.785187	6020
6716	90.765205	6021
10681	90.449669	6022
10674	90.449669	6023
4693	90.377518	6024
6329	90.273239	6025
3729	89.742439	6026
5675	89.349518	6027
1437	89.313896	6028
7160	89.090279	6029
8376	88.956375	6030
6048	88.875702	6031
1061	88.700111	6032
4283	88.672668	6033
6827	88.606422	6034
3441	88.602661	6035
10334	88.434059	6036
7347	88.390266	6037
7001	88.019203	6038
6998	88.019203	6039
6994	88.019203	6040
7471	87.957024	6041
2268	87.621918	6042
3494	87.446892	6043
8656	87.222755	6044
6823	86.989861	6045
1048	86.904572	6046
6565	86.786133	6047
3117	86.124504	6048
11218	86.111946	6049
5250	85.524834	6050
4681	85.380508	6051
6027	85.272095	6052
6351	85.199448	6053
1634	85.113052	6054
6888	85.053452	6055
3289	84.824135	6056
3483	84.628975	6057
4663	84.600983	6058
459	84.395653	6059
6948	84.086823	6060
9560	83.804657	6061
9716	83.794624	6062
4421	83.093353	6063
8359	83.014000	6064
1518	82.962166	6065
6035	82.086578	6066
6843	81.753067	6067
9799	81.719719	6068
4864	81.658569	6069
4600	81.527466	6070
5263	81.526031	6071
8378	81.500000	6072
1367	81.388031	6073
12015	81.317368	6074
6958	80.757111	6075
1749	80.546822	6076
8736	80.408058	6077
360	80.360649	6078
977	80.134430	6079
4012	80.127327	6080
7403	80.066475	6081
1779	80.001083	6082
3572	79.788422	6083
3731	79.704979	6084
3730	79.704979	6085
8073	79.694290	6086
6653	79.594666	6087
10374	79.084747	6088
4691	78.925522	6089
2205	78.683533	6090
7297	78.454788	6091
1117	78.272255	6092
3021	78.046165	6093
2604	77.527641	6094
11669	77.517776	6095
7300	77.476746	6096
11431	77.356033	6097
5345	77.108459	6098
7629	77.053749	6099
5977	77.005745	6100
5194	76.991745	6101
3654	76.806740	6102
3486	76.796730	6103
3485	76.796730	6104
8374	76.767166	6105
11633	76.716583	6106
7897	76.681892	6107
9214	76.356895	6108
4207	76.330986	6109
1295	76.041107	6110
8662	75.867493	6111
7449	75.739220	6112
5440	75.553757	6113
1676	75.190849	6114
7627	75.130051	6115
6867	75.109421	6116
6044	74.969147	6117
4259	74.657600	6118
7843	74.626907	6119
10021	74.310173	6120
9361	74.300339	6121
9146	74.094780	6122
1232	73.809555	6123
9356	73.660553	6124
2251	73.378891	6125
4077	73.281052	6126
3632	73.221863	6127
586	73.192551	6128
3166	73.101685	6129
318	73.015549	6130
8591	72.968674	6131
4839	72.857925	6132
10924	72.841255	6133
6957	72.686478	6134
1483	72.673355	6135
3882	72.609421	6136
11092	72.551491	6137
1407	72.131622	6138
6352	71.722313	6139
6896	71.482002	6140
6368	71.360054	6141
6145	71.342667	6142
1830	71.292313	6143
12188	70.489990	6144
12174	70.489990	6145
1544	70.463921	6146
4868	70.064880	6147
2596	70.030052	6148
11304	70.025505	6149
4222	69.926460	6150
5050	69.727135	6151
9056	69.603127	6152
4568	69.575897	6153
7524	69.543205	6154
1725	68.852585	6155
12396	68.825554	6156
7180	68.727966	6157
9877	68.723480	6158
10348	68.646835	6159
7719	68.503838	6160
7324	68.296265	6161
9155	68.076988	6162
800	67.242447	6163
7440	66.866501	6164
2116	66.746109	6165
9118	66.650223	6166
7718	66.429680	6167
9638	66.388382	6168
2486	66.045410	6169
6959	65.976921	6170
1264	65.613823	6171
9019	65.578293	6172
1900	65.460007	6173
4551	65.356956	6174
4548	65.356956	6175
1811	65.305527	6176
7075	64.867775	6177
2284	64.552338	6178
338	64.516464	6179
9979	64.356682	6180
8405	63.825291	6181
5786	63.678219	6182
6112	63.658051	6183
3735	63.637238	6184
6795	63.544006	6185
6181	63.228691	6186
3135	63.180325	6187
2015	62.873219	6188
1701	62.753086	6189
4306	62.394154	6190
5492	62.299194	6191
3787	62.030876	6192
2660	61.810207	6193
4778	61.569489	6194
9438	61.532970	6195
1692	61.458542	6196
6383	61.234280	6197
1652	61.040295	6198
4569	61.028572	6199
5992	61.002193	6200
7170	60.862270	6201
12398	60.580498	6202
7404	60.525799	6203
3964	60.406807	6204
11021	60.236771	6205
5148	60.041924	6206
8362	59.959602	6207
5806	59.952435	6208
5609	59.607536	6209
5491	59.489902	6210
5406	59.355255	6211
1705	58.700439	6212
2512	58.689266	6213
2104	58.656048	6214
2098	58.656048	6215
9880	58.613697	6216
6806	58.435326	6217
2608	58.392063	6218
8577	58.302361	6219
12155	58.253468	6220
4246	58.062084	6221
6415	57.773743	6222
4244	57.725929	6223
4949	57.661690	6224
2935	57.460976	6225
4528	57.417225	6226
5654	56.986465	6227
5652	56.986465	6228
7730	56.967754	6229
6570	56.607071	6230
4804	56.531590	6231
9836	56.393570	6232
9603	56.058201	6233
9601	56.058201	6234
9600	56.058201	6235
9596	56.058201	6236
9595	56.058201	6237
5030	55.743004	6238
6894	55.741592	6239
7484	55.594345	6240
5479	55.403950	6241
10137	55.260784	6242
739	55.058735	6243
7725	54.959732	6244
8761	54.638744	6245
8493	54.469116	6246
8650	54.296322	6247
8044	54.230598	6248
11286	54.157990	6249
6564	54.000492	6250
7497	53.835781	6251
7327	53.816277	6252
3355	53.400738	6253
7240	53.204132	6254
7370	53.124615	6255
7355	53.067547	6256
7323	53.067547	6257
6610	52.977558	6258
6361	52.915569	6259
4450	52.756382	6260
7687	52.598320	6261
10307	52.528999	6262
6216	52.446495	6263
6213	52.446495	6264
7859	51.585915	6265
9562	51.492355	6266
9222	51.144127	6267
9692	51.079304	6268
5775	50.958538	6269
449	50.619595	6270
4637	50.391220	6271
2088	50.306381	6272
7450	50.026852	6273
6486	50.025696	6274
7104	49.823563	6275
2131	49.819267	6276
324	49.546726	6277
9778	49.517174	6278
3570	49.362499	6279
2141	48.882622	6280
5674	48.831535	6281
3583	48.728230	6282
7101	48.657635	6283
3180	48.517471	6284
3790	48.446468	6285
6842	48.266956	6286
5423	48.093712	6287
5421	48.093712	6288
5444	47.955864	6289
220	47.936256	6290
7617	47.781425	6291
8721	47.711376	6292
2498	47.694351	6293
8080	47.669621	6294
3222	47.563793	6295
6307	47.171242	6296
2904	47.155338	6297
11101	47.075798	6298
7992	47.066643	6299
6433	46.845783	6300
7351	46.593819	6301
7350	46.593819	6302
7349	46.593819	6303
7325	46.593819	6304
7322	46.593819	6305
5825	46.541306	6306
7803	46.155514	6307
9784	46.129967	6308
5314	46.125366	6309
6952	46.102242	6310
904	46.002998	6311
10926	45.800385	6312
627	45.605141	6313
10632	45.523457	6314
6819	45.511078	6315
6536	45.506615	6316
5450	44.973656	6317
11329	44.943626	6318
4877	44.579659	6319
3554	44.486172	6320
6871	44.446579	6321
7894	44.429466	6322
6898	44.242176	6323
1817	44.106213	6324
3559	44.104996	6325
9620	44.082088	6326
6358	44.045788	6327
10333	43.733234	6328
5530	43.648937	6329
4366	43.345173	6330
5865	43.211472	6331
1135	43.159653	6332
873	43.071487	6333
9948	42.967262	6334
8609	42.659363	6335
7916	42.590427	6336
1110	42.469612	6337
2529	42.383816	6338
8576	42.212460	6339
2733	42.165207	6340
941	41.841900	6341
7348	41.796452	6342
1485	41.775677	6343
2801	41.492905	6344
9693	41.196968	6345
2916	41.192444	6346
2601	41.055325	6347
2123	41.014545	6348
3516	40.919781	6349
565	40.796661	6350
10089	40.738869	6351
1796	40.725971	6352
10246	40.654957	6353
3530	40.536251	6354
5826	40.291695	6355
5166	40.240002	6356
7927	40.161205	6357
4593	40.008018	6358
5409	39.829300	6359
7460	39.753128	6360
1603	39.747543	6361
3049	39.689590	6362
4401	39.428020	6363
2240	39.257607	6364
10082	39.008358	6365
1438	38.768970	6366
11374	38.749737	6367
7397	38.701363	6368
2288	38.650105	6369
7499	38.592220	6370
289	38.554878	6371
6919	38.481731	6372
6676	38.463573	6373
4490	38.238811	6374
1512	38.167068	6375
8518	38.150063	6376
861	38.050648	6377
6146	38.012085	6378
672	37.993999	6379
8483	37.977596	6380
3088	37.772999	6381
2977	37.750595	6382
9587	37.700230	6383
310	37.643288	6384
10257	37.614777	6385
9145	37.578209	6386
1375	37.258682	6387
4782	37.237675	6388
6854	37.155201	6389
5384	37.099461	6390
8697	37.091099	6391
5302	37.020355	6392
1403	36.940784	6393
1447	36.672722	6394
10018	36.654041	6395
1815	36.604164	6396
8437	36.558853	6397
4665	36.422401	6398
7356	36.404747	6399
5858	36.376877	6400
11913	36.326370	6401
9272	35.950615	6402
3544	35.852547	6403
5135	35.405472	6404
5951	35.241676	6405
6098	35.108238	6406
737	34.865868	6407
8604	34.806358	6408
2155	34.701065	6409
7990	34.501751	6410
1024	34.385952	6411
5022	34.365437	6412
4760	34.336239	6413
4023	34.295860	6414
4345	34.214516	6415
4409	34.198307	6416
4209	34.071857	6417
2129	34.008766	6418
7294	33.970589	6419
1203	33.870075	6420
5579	33.677971	6421
2589	33.672195	6422
2974	33.414719	6423
1115	33.407009	6424
12458	33.117126	6425
12456	33.117126	6426
5344	32.870010	6427
7437	32.815620	6428
12333	32.815414	6429
2164	32.809925	6430
3713	32.738014	6431
2607	32.674728	6432
3782	32.562935	6433
8392	32.510441	6434
26	32.502522	6435
11394	32.465866	6436
11393	32.465866	6437
11389	32.465866	6438
11387	32.465866	6439
11386	32.465866	6440
10471	32.465866	6441
7133	32.465866	6442
6699	32.465866	6443
5464	32.465866	6444
5401	32.465866	6445
4607	32.465866	6446
963	32.465866	6447
4892	32.436039	6448
7950	32.387508	6449
10955	32.367004	6450
5686	32.188725	6451
5685	32.188725	6452
5209	32.118000	6453
7512	32.096630	6454
7217	31.950138	6455
7856	31.872295	6456
6869	31.741100	6457
11280	31.722633	6458
4019	31.629484	6459
8011	31.611923	6460
4783	31.474228	6461
9484	31.455996	6462
9308	31.452803	6463
7832	31.156651	6464
2333	30.782965	6465
2332	30.782965	6466
10229	30.699778	6467
915	30.639624	6468
5313	30.532091	6469
4032	30.497648	6470
6138	30.417065	6471
436	30.401810	6472
1655	30.399601	6473
3427	30.262611	6474
4494	30.238379	6475
3105	29.998659	6476
7678	29.810183	6477
7165	29.783749	6478
2775	29.772980	6479
8580	29.751602	6480
9170	29.681267	6481
3635	29.631250	6482
6171	29.128506	6483
4408	29.058420	6484
9331	29.008942	6485
4476	29.001175	6486
2643	28.983198	6487
8116	28.973429	6488
4660	28.932957	6489
8642	28.655378	6490
50	28.593979	6491
3759	28.372072	6492
7179	28.343042	6493
7176	28.343042	6494
12176	28.317875	6495
12173	28.317875	6496
4324	28.317875	6497
3577	28.246138	6498
6400	28.215439	6499
6042	28.069870	6500
923	28.041943	6501
1651	28.033970	6502
4373	27.998219	6503
924	27.920155	6504
917	27.920155	6505
255	27.738432	6506
3511	27.300892	6507
10242	27.212595	6508
6012	27.204885	6509
6865	27.036098	6510
11657	26.942020	6511
2389	26.942020	6512
10467	26.806089	6513
11495	26.730244	6514
7773	26.708151	6515
5466	26.679703	6516
5881	26.577236	6517
6030	26.554836	6518
3880	26.542814	6519
6962	26.413557	6520
6961	26.413557	6521
6960	26.413557	6522
6110	26.343758	6523
4543	26.311096	6524
7839	26.236120	6525
10400	26.209064	6526
6541	26.205830	6527
4522	26.183445	6528
11698	26.081530	6529
11697	26.081530	6530
11696	26.081530	6531
11694	26.081530	6532
2126	25.997231	6533
10030	25.963070	6534
5982	25.902187	6535
4446	25.776876	6536
7071	25.694704	6537
11270	25.628618	6538
662	25.576866	6539
8396	25.566280	6540
8394	25.566280	6541
1108	25.472803	6542
380	25.398491	6543
378	25.398491	6544
8882	25.361452	6545
10226	25.342575	6546
2364	25.265446	6547
10456	25.255951	6548
9755	25.084663	6549
5365	24.970022	6550
10933	24.825161	6551
11022	24.771484	6552
1188	24.757832	6553
1184	24.757832	6554
7099	24.666782	6555
9892	24.624201	6556
6798	24.496286	6557
8215	24.476133	6558
1161	24.330679	6559
6902	24.236465	6560
8926	24.232710	6561
6744	24.201088	6562
7849	24.019449	6563
3861	23.845974	6564
3473	23.713898	6565
7784	23.578022	6566
5165	23.545406	6567
8432	23.535807	6568
5748	23.505533	6569
2537	23.313246	6570
7863	23.185123	6571
1833	23.164244	6572
7819	23.139299	6573
6466	23.086790	6574
2881	22.581230	6575
1481	22.532282	6576
4613	22.511806	6577
7314	22.483664	6578
1757	22.358969	6579
6004	22.352634	6580
5756	22.345100	6581
7461	22.266453	6582
5501	22.255095	6583
3786	22.058672	6584
6002	21.964581	6585
5693	21.822517	6586
9805	21.719372	6587
3551	21.573393	6588
6685	21.544155	6589
3722	21.405737	6590
2418	21.344135	6591
4155	21.295681	6592
3009	21.063629	6593
9473	20.844564	6594
6264	20.793612	6595
5086	20.657904	6596
8193	20.634104	6597
7281	20.617649	6598
7178	20.495378	6599
4649	20.233471	6600
428	20.188688	6601
4397	20.044582	6602
3800	19.857180	6603
363	19.780291	6604
3389	19.748072	6605
8811	19.723938	6606
3383	19.613119	6607
5746	19.576900	6608
1688	19.507599	6609
8877	19.506546	6610
3373	19.482939	6611
6797	19.436989	6612
4293	19.417257	6613
8528	19.408159	6614
5181	19.343311	6615
3327	19.307549	6616
2064	19.136717	6617
4273	19.107588	6618
8123	19.106903	6619
4708	19.022240	6620
3994	18.918625	6621
7251	18.838058	6622
7694	18.817541	6623
11464	18.676746	6624
5085	18.667980	6625
665	18.555262	6626
4143	18.541662	6627
1504	18.414169	6628
3690	18.358288	6629
6046	18.285036	6630
3436	18.262983	6631
7799	18.078890	6632
10	18.055515	6633
6418	17.999527	6634
4447	17.892664	6635
3633	17.855429	6636
6388	17.853148	6637
5557	17.839497	6638
6730	17.792170	6639
6724	17.792170	6640
2383	17.498924	6641
3440	17.412621	6642
988	17.376329	6643
11143	17.206213	6644
4416	17.122894	6645
2597	17.049744	6646
8179	16.897148	6647
9508	16.874512	6648
6067	16.852901	6649
9524	16.819979	6650
411	16.684055	6651
7633	16.623466	6652
4849	16.538149	6653
3653	16.532845	6654
6173	16.466385	6655
6629	16.393745	6656
1593	16.379187	6657
5864	16.354141	6658
173	16.296280	6659
3361	16.275175	6660
2039	16.159212	6661
6493	16.060598	6662
7929	16.042521	6663
11031	16.035645	6664
6279	16.035645	6665
2694	16.034460	6666
6147	15.995293	6667
1308	15.986563	6668
6356	15.974944	6669
9180	15.828686	6670
9447	15.483470	6671
6745	15.364567	6672
8115	15.299448	6673
6901	15.154229	6674
8113	15.152685	6675
9823	15.152121	6676
6971	14.984488	6677
10101	14.964036	6678
3972	14.946341	6679
5281	14.696890	6680
11369	14.662109	6681
6890	14.632278	6682
6889	14.632278	6683
5716	14.583337	6684
2199	14.536974	6685
2423	14.521384	6686
4160	14.485664	6687
9869	14.470583	6688
8342	14.394307	6689
9370	14.309813	6690
7945	14.241766	6691
2741	14.071844	6692
12129	14.012143	6693
1951	13.968241	6694
2306	13.955520	6695
984	13.862932	6696
11765	13.824261	6697
4574	13.756772	6698
4089	13.699335	6699
6491	13.680722	6700
7836	13.620920	6701
7834	13.620920	6702
8459	13.604092	6703
3508	13.412147	6704
784	13.385620	6705
736	13.264546	6706
3451	13.058134	6707
2244	13.018739	6708
6916	12.909206	6709
7641	12.851226	6710
6063	12.807979	6711
8737	12.789422	6712
5177	12.757934	6713
9731	12.691342	6714
5571	12.591000	6715
7571	12.588817	6716
7118	12.541138	6717
6088	12.498171	6718
6866	12.440897	6719
6863	12.440897	6720
6441	12.256561	6721
5526	12.243725	6722
2323	12.196662	6723
7574	12.144504	6724
2511	12.111334	6725
2416	12.019474	6726
8386	11.828476	6727
8860	11.802952	6728
5332	11.794849	6729
3307	11.656292	6730
7963	11.415347	6731
5755	11.300543	6732
9281	11.280752	6733
2487	11.234591	6734
1326	11.161425	6735
9970	11.092149	6736
7249	11.080861	6737
8537	11.020990	6738
6196	11.001301	6739
4573	10.956306	6740
11771	10.925439	6741
10668	10.803013	6742
4464	10.784603	6743
1006	10.717937	6744
7262	10.654161	6745
5595	10.628266	6746
6028	10.617451	6747
1541	10.521612	6748
2830	10.492500	6749
734	10.458758	6750
8682	10.433737	6751
8567	10.307965	6752
7789	10.304708	6753
632	10.254496	6754
3921	10.196572	6755
214	10.161029	6756
9910	10.105680	6757
9909	10.105680	6758
3587	10.090268	6759
352	10.060394	6760
1267	9.922619	6761
8777	9.816535	6762
9038	9.672989	6763
6511	9.545501	6764
6557	9.512313	6765
217	9.497630	6766
388	9.475231	6767
7865	9.391662	6768
5761	9.289112	6769
12548	9.284966	6770
2902	9.209132	6771
2901	9.209132	6772
3278	9.196221	6773
1323	9.055893	6774
5107	8.969681	6775
5543	8.835234	6776
8383	8.803249	6777
6203	8.695244	6778
10435	8.555467	6779
7904	8.491585	6780
9873	8.465841	6781
9872	8.465841	6782
3194	8.364021	6783
7751	8.352018	6784
2294	8.270217	6785
5616	8.224838	6786
3596	8.203189	6787
9953	8.133718	6788
9273	8.117091	6789
136	7.988246	6790
2882	7.973897	6791
1914	7.963249	6792
2142	7.930787	6793
9124	7.897816	6794
3917	7.853929	6795
4000	7.712245	6796
5549	7.677891	6797
1035	7.649151	6798
6853	7.648003	6799
3908	7.632064	6800
7677	7.626648	6801
8154	7.550584	6802
1637	7.538872	6803
8844	7.514759	6804
8065	7.429615	6805
1145	7.356730	6806
8035	7.349687	6807
8033	7.349687	6808
8032	7.349687	6809
6058	7.299242	6810
2590	7.230733	6811
6099	7.161604	6812
1803	7.067453	6813
9177	6.938322	6814
7199	6.882642	6815
78	6.722299	6816
2497	6.631509	6817
6347	6.579696	6818
7947	6.552577	6819
5336	6.525557	6820
9690	6.482108	6821
6805	6.397923	6822
5459	6.385561	6823
4834	6.363119	6824
7229	6.353653	6825
4402	6.340860	6826
5987	6.269719	6827
4707	6.254265	6828
11223	6.243773	6829
6168	6.204306	6830
10392	6.120432	6831
9052	6.072093	6832
4150	6.038507	6833
481	6.036922	6834
7556	6.003826	6835
3279	6.001998	6836
6835	5.851337	6837
7616	5.832138	6838
7615	5.832138	6839
11641	5.819971	6840
878	5.747119	6841
5155	5.666898	6842
5537	5.665950	6843
4861	5.598281	6844
3997	5.582694	6845
8010	5.545681	6846
21	5.516267	6847
4792	5.409462	6848
7864	5.391629	6849
3087	5.372869	6850
7318	5.359848	6851
2621	5.347187	6852
3197	5.274764	6853
9254	5.246250	6854
9247	5.246250	6855
2121	5.222583	6856
5529	5.217577	6857
5416	5.202733	6858
9496	5.172192	6859
5725	5.140796	6860
3137	5.135933	6861
7554	5.066736	6862
10368	5.053733	6863
6715	5.039707	6864
1734	5.036400	6865
8273	5.022031	6866
4843	5.007803	6867
5835	4.983334	6868
8928	4.977789	6869
4434	4.946464	6870
6178	4.804328	6871
6176	4.804328	6872
3986	4.800319	6873
2143	4.775223	6874
80	4.746511	6875
2234	4.721078	6876
5415	4.559435	6877
5613	4.538359	6878
4696	4.490458	6879
5664	4.480105	6880
3329	4.451419	6881
5985	4.290683	6882
9867	4.252568	6883
7535	4.250506	6884
1606	4.208034	6885
1482	4.204299	6886
6166	4.185832	6887
1458	4.180079	6888
2540	4.178438	6889
2133	4.175874	6890
7639	4.138674	6891
8574	4.089417	6892
8851	4.077990	6893
5525	4.067382	6894
748	4.029165	6895
7756	4.005137	6896
5253	3.998680	6897
5186	3.991195	6898
7074	3.990191	6899
5242	3.975277	6900
730	3.945953	6901
9487	3.919114	6902
3058	3.892261	6903
4147	3.886214	6904
3018	3.863525	6905
3565	3.822268	6906
3563	3.822268	6907
187	3.790024	6908
5666	3.675138	6909
4219	3.656759	6910
5723	3.643624	6911
6043	3.609192	6912
11767	3.607632	6913
11674	3.596615	6914
3042	3.555880	6915
8878	3.442348	6916
11914	3.435724	6917
8331	3.426597	6918
2962	3.388712	6919
1978	3.373446	6920
8478	3.296172	6921
2594	3.278677	6922
7899	3.265078	6923
8413	3.147750	6924
2342	3.147750	6925
2367	3.078655	6926
9105	3.068686	6927
347	3.062954	6928
3603	3.001472	6929
3696	2.994361	6930
7254	2.993182	6931
7253	2.993182	6932
3320	2.982222	6933
9435	2.951944	6934
8508	2.927739	6935
8507	2.927739	6936
5541	2.876276	6937
4550	2.865441	6938
6547	2.863750	6939
3199	2.861181	6940
5321	2.859173	6941
1916	2.811610	6942
8402	2.773018	6943
7423	2.726521	6944
2113	2.670818	6945
4661	2.648673	6946
4529	2.647720	6947
4527	2.647720	6948
3282	2.613379	6949
1209	2.589136	6950
3272	2.553207	6951
1640	2.513523	6952
1632	2.513523	6953
3592	2.437512	6954
4791	2.433585	6955
5318	2.374619	6956
3259	2.368375	6957
1728	2.336575	6958
9795	2.328219	6959
7575	2.320622	6960
7528	2.298357	6961
11088	2.293136	6962
8007	2.244747	6963
6645	2.189739	6964
5720	2.172318	6965
3857	2.164415	6966
7604	2.113175	6967
6075	2.008005	6968
7933	1.962605	6969
6167	1.960182	6970
6078	1.929807	6971
11084	1.928320	6972
6245	1.897175	6973
9104	1.882844	6974
1329	1.791424	6975
1524	1.786024	6976
957	1.751806	6977
7602	1.738757	6978
7600	1.738757	6979
2174	1.725433	6980
2168	1.725433	6981
6202	1.705413	6982
3359	1.681717	6983
7288	1.678800	6984
6184	1.640638	6985
10011	1.618183	6986
8125	1.608831	6987
11427	1.559244	6988
10923	1.550823	6989
5425	1.531811	6990
4190	1.506759	6991
6474	1.500429	6992
1886	1.491081	6993
1882	1.491081	6994
1881	1.491081	6995
8347	1.488686	6996
3045	1.428356	6997
7674	1.421795	6998
3020	1.388825	6999
9673	1.360459	7000
6683	1.359260	7001
1708	1.345854	7002
7436	1.294829	7003
8738	1.228852	7004
2599	1.219451	7005
5489	1.210673	7006
8345	1.047148	7007
7728	0.968538	7008
6349	0.968538	7009
3656	0.968538	7010
1149	0.958696	7011
7634	0.932667	7012
9040	0.903182	7013
2239	0.899357	7014
3118	0.868278	7015
6309	0.852136	7016
5762	0.847471	7017
1888	0.845492	7018
1887	0.845492	7019
2439	0.839400	7020
6366	0.817173	7021
5569	0.804496	7022
5667	0.740647	7023
7441	0.740647	7024
4706	0.740647	7025
7298	0.722530	7026
1327	0.674815	7027
6858	0.629550	7028
5476	0.621778	7029
9668	0.618969	7030
5807	0.616922	7031
6457	0.605337	7032
6454	0.605337	7033
8522	0.599571	7034
5044	0.591732	7035
5845	0.590258	7036
8411	0.581847	7037
4087	0.577115	7038
9622	0.553980	7039
3120	0.466333	7040
3033	0.456816	7041
8132	0.439370	7042
5484	0.420276	7043
1812	0.416797	7044
2816	0.409444	7045
9615	0.400789	7046
4698	0.378196	7047
6183	0.370324	7048
1778	0.367978	7049
10358	0.340297	7050
7445	0.314775	7051
7274	0.265074	7052
6654	0.249327	7053
2872	0.184965	7054
2870	0.184965	7055
2869	0.184965	7056
2868	0.184965	7057
2865	0.184965	7058
2864	0.184965	7059
2863	0.184965	7060
2860	0.184965	7061
2859	0.184965	7062
2857	0.184965	7063
2856	0.184965	7064
2855	0.184965	7065
2854	0.184965	7066
2852	0.184965	7067
2850	0.184965	7068
2849	0.184965	7069
2847	0.184965	7070
2846	0.184965	7071
2884	0.122839	7072
5513	0.068669	7073
5567	0.066973	7074
12591	0.000000	7075
12590	0.000000	7076
12589	0.000000	7077
12588	0.000000	7078
12587	0.000000	7079
12586	0.000000	7080
12585	0.000000	7081
12584	0.000000	7082
12583	0.000000	7083
12582	0.000000	7084
12581	0.000000	7085
12580	0.000000	7086
12579	0.000000	7087
12578	0.000000	7088
12577	0.000000	7089
12576	0.000000	7090
12575	0.000000	7091
12574	0.000000	7092
12573	0.000000	7093
12572	0.000000	7094
12571	0.000000	7095
12570	0.000000	7096
12569	0.000000	7097
12568	0.000000	7098
12567	0.000000	7099
12566	0.000000	7100
12565	0.000000	7101
12564	0.000000	7102
12563	0.000000	7103
12562	0.000000	7104
12561	0.000000	7105
12560	0.000000	7106
12559	0.000000	7107
12558	0.000000	7108
12557	0.000000	7109
12556	0.000000	7110
12555	0.000000	7111
12554	0.000000	7112
12553	0.000000	7113
12552	0.000000	7114
12551	0.000000	7115
12546	0.000000	7116
12545	0.000000	7117
12544	0.000000	7118
12543	0.000000	7119
12542	0.000000	7120
12541	0.000000	7121
12540	0.000000	7122
12539	0.000000	7123
12538	0.000000	7124
12537	0.000000	7125
12536	0.000000	7126
12535	0.000000	7127
12534	0.000000	7128
12533	0.000000	7129
12532	0.000000	7130
12531	0.000000	7131
12530	0.000000	7132
12529	0.000000	7133
12528	0.000000	7134
12527	0.000000	7135
12526	0.000000	7136
12525	0.000000	7137
12524	0.000000	7138
12523	0.000000	7139
12522	0.000000	7140
12521	0.000000	7141
12520	0.000000	7142
12519	0.000000	7143
12518	0.000000	7144
12517	0.000000	7145
12516	0.000000	7146
12515	0.000000	7147
12514	0.000000	7148
12513	0.000000	7149
12512	0.000000	7150
12511	0.000000	7151
12510	0.000000	7152
12509	0.000000	7153
12508	0.000000	7154
12507	0.000000	7155
12506	0.000000	7156
12505	0.000000	7157
12504	0.000000	7158
12503	0.000000	7159
12502	0.000000	7160
12501	0.000000	7161
12500	0.000000	7162
12499	0.000000	7163
12498	0.000000	7164
12497	0.000000	7165
12496	0.000000	7166
12495	0.000000	7167
12494	0.000000	7168
12493	0.000000	7169
12491	0.000000	7170
12490	0.000000	7171
12489	0.000000	7172
12488	0.000000	7173
12487	0.000000	7174
12486	0.000000	7175
12485	0.000000	7176
12484	0.000000	7177
12483	0.000000	7178
12482	0.000000	7179
12481	0.000000	7180
12480	0.000000	7181
12479	0.000000	7182
12478	0.000000	7183
12477	0.000000	7184
12476	0.000000	7185
12475	0.000000	7186
12474	0.000000	7187
12473	0.000000	7188
12472	0.000000	7189
12471	0.000000	7190
12470	0.000000	7191
12469	0.000000	7192
12468	0.000000	7193
12467	0.000000	7194
12466	0.000000	7195
12465	0.000000	7196
12464	0.000000	7197
12463	0.000000	7198
12462	0.000000	7199
12461	0.000000	7200
12460	0.000000	7201
12459	0.000000	7202
12457	0.000000	7203
12455	0.000000	7204
12454	0.000000	7205
12452	0.000000	7206
12451	0.000000	7207
12450	0.000000	7208
12449	0.000000	7209
12448	0.000000	7210
12447	0.000000	7211
12446	0.000000	7212
12445	0.000000	7213
12444	0.000000	7214
12443	0.000000	7215
12442	0.000000	7216
12441	0.000000	7217
12440	0.000000	7218
12439	0.000000	7219
12438	0.000000	7220
12437	0.000000	7221
12436	0.000000	7222
12435	0.000000	7223
12434	0.000000	7224
12433	0.000000	7225
12432	0.000000	7226
12431	0.000000	7227
12430	0.000000	7228
12429	0.000000	7229
12428	0.000000	7230
12427	0.000000	7231
12426	0.000000	7232
12425	0.000000	7233
12424	0.000000	7234
12423	0.000000	7235
12422	0.000000	7236
12418	0.000000	7237
12417	0.000000	7238
12416	0.000000	7239
12415	0.000000	7240
12414	0.000000	7241
12413	0.000000	7242
12412	0.000000	7243
12411	0.000000	7244
12410	0.000000	7245
12409	0.000000	7246
12408	0.000000	7247
12406	0.000000	7248
12405	0.000000	7249
12404	0.000000	7250
12403	0.000000	7251
12402	0.000000	7252
12401	0.000000	7253
12400	0.000000	7254
12399	0.000000	7255
12397	0.000000	7256
12395	0.000000	7257
12394	0.000000	7258
12393	0.000000	7259
12392	0.000000	7260
12391	0.000000	7261
12390	0.000000	7262
12389	0.000000	7263
12388	0.000000	7264
12387	0.000000	7265
12386	0.000000	7266
12385	0.000000	7267
12384	0.000000	7268
12383	0.000000	7269
12382	0.000000	7270
12381	0.000000	7271
12380	0.000000	7272
12379	0.000000	7273
12378	0.000000	7274
12377	0.000000	7275
12375	0.000000	7276
12374	0.000000	7277
12373	0.000000	7278
12372	0.000000	7279
12371	0.000000	7280
12370	0.000000	7281
12369	0.000000	7282
12368	0.000000	7283
12367	0.000000	7284
12366	0.000000	7285
12365	0.000000	7286
12364	0.000000	7287
12363	0.000000	7288
12362	0.000000	7289
12361	0.000000	7290
12360	0.000000	7291
12359	0.000000	7292
12358	0.000000	7293
12357	0.000000	7294
12356	0.000000	7295
12355	0.000000	7296
12354	0.000000	7297
12353	0.000000	7298
12352	0.000000	7299
12351	0.000000	7300
12350	0.000000	7301
12349	0.000000	7302
12348	0.000000	7303
12347	0.000000	7304
12346	0.000000	7305
12345	0.000000	7306
12344	0.000000	7307
12343	0.000000	7308
12342	0.000000	7309
12341	0.000000	7310
12339	0.000000	7311
12338	0.000000	7312
12337	0.000000	7313
12336	0.000000	7314
12335	0.000000	7315
12334	0.000000	7316
12332	0.000000	7317
12331	0.000000	7318
12329	0.000000	7319
12328	0.000000	7320
12327	0.000000	7321
12326	0.000000	7322
12325	0.000000	7323
12324	0.000000	7324
12323	0.000000	7325
12322	0.000000	7326
12321	0.000000	7327
12320	0.000000	7328
12319	0.000000	7329
12317	0.000000	7330
12316	0.000000	7331
12315	0.000000	7332
12314	0.000000	7333
12313	0.000000	7334
12312	0.000000	7335
12311	0.000000	7336
12310	0.000000	7337
12309	0.000000	7338
12308	0.000000	7339
12307	0.000000	7340
12306	0.000000	7341
12305	0.000000	7342
12304	0.000000	7343
12302	0.000000	7344
12301	0.000000	7345
12300	0.000000	7346
12299	0.000000	7347
12298	0.000000	7348
12297	0.000000	7349
12296	0.000000	7350
12295	0.000000	7351
12294	0.000000	7352
12293	0.000000	7353
12292	0.000000	7354
12291	0.000000	7355
12290	0.000000	7356
12289	0.000000	7357
12288	0.000000	7358
12287	0.000000	7359
12286	0.000000	7360
12285	0.000000	7361
12284	0.000000	7362
12283	0.000000	7363
12282	0.000000	7364
12281	0.000000	7365
12280	0.000000	7366
12279	0.000000	7367
12278	0.000000	7368
12277	0.000000	7369
12276	0.000000	7370
12275	0.000000	7371
12274	0.000000	7372
12273	0.000000	7373
12272	0.000000	7374
12271	0.000000	7375
12270	0.000000	7376
12269	0.000000	7377
12268	0.000000	7378
12266	0.000000	7379
12265	0.000000	7380
12264	0.000000	7381
12262	0.000000	7382
12261	0.000000	7383
12260	0.000000	7384
12259	0.000000	7385
12257	0.000000	7386
12255	0.000000	7387
12254	0.000000	7388
12253	0.000000	7389
12252	0.000000	7390
12251	0.000000	7391
12250	0.000000	7392
12249	0.000000	7393
12248	0.000000	7394
12247	0.000000	7395
12246	0.000000	7396
12244	0.000000	7397
12243	0.000000	7398
12242	0.000000	7399
12240	0.000000	7400
12239	0.000000	7401
12238	0.000000	7402
12237	0.000000	7403
12236	0.000000	7404
12235	0.000000	7405
12233	0.000000	7406
12232	0.000000	7407
12231	0.000000	7408
12230	0.000000	7409
12229	0.000000	7410
12228	0.000000	7411
12227	0.000000	7412
12226	0.000000	7413
12225	0.000000	7414
12224	0.000000	7415
12223	0.000000	7416
12222	0.000000	7417
12221	0.000000	7418
12220	0.000000	7419
12219	0.000000	7420
12218	0.000000	7421
12217	0.000000	7422
12216	0.000000	7423
12215	0.000000	7424
12214	0.000000	7425
12213	0.000000	7426
12212	0.000000	7427
12211	0.000000	7428
12210	0.000000	7429
12209	0.000000	7430
12208	0.000000	7431
12207	0.000000	7432
12206	0.000000	7433
12205	0.000000	7434
12204	0.000000	7435
12203	0.000000	7436
12202	0.000000	7437
12201	0.000000	7438
12200	0.000000	7439
12199	0.000000	7440
12198	0.000000	7441
12197	0.000000	7442
12196	0.000000	7443
12195	0.000000	7444
12194	0.000000	7445
12193	0.000000	7446
12192	0.000000	7447
12191	0.000000	7448
12190	0.000000	7449
12187	0.000000	7450
12186	0.000000	7451
12185	0.000000	7452
12184	0.000000	7453
12183	0.000000	7454
12175	0.000000	7455
12172	0.000000	7456
12171	0.000000	7457
12170	0.000000	7458
12168	0.000000	7459
12167	0.000000	7460
12166	0.000000	7461
12165	0.000000	7462
12163	0.000000	7463
12162	0.000000	7464
12160	0.000000	7465
12159	0.000000	7466
12158	0.000000	7467
12157	0.000000	7468
12156	0.000000	7469
12154	0.000000	7470
12153	0.000000	7471
12152	0.000000	7472
12151	0.000000	7473
12150	0.000000	7474
12149	0.000000	7475
12148	0.000000	7476
12147	0.000000	7477
12146	0.000000	7478
12145	0.000000	7479
12144	0.000000	7480
12143	0.000000	7481
12142	0.000000	7482
12141	0.000000	7483
12140	0.000000	7484
12139	0.000000	7485
12138	0.000000	7486
12137	0.000000	7487
12136	0.000000	7488
12135	0.000000	7489
12134	0.000000	7490
12133	0.000000	7491
12132	0.000000	7492
12131	0.000000	7493
12130	0.000000	7494
12128	0.000000	7495
12127	0.000000	7496
12125	0.000000	7497
12123	0.000000	7498
12122	0.000000	7499
12121	0.000000	7500
12120	0.000000	7501
12119	0.000000	7502
12118	0.000000	7503
12117	0.000000	7504
12116	0.000000	7505
12115	0.000000	7506
12113	0.000000	7507
12111	0.000000	7508
12110	0.000000	7509
12109	0.000000	7510
12108	0.000000	7511
12106	0.000000	7512
12105	0.000000	7513
12104	0.000000	7514
12103	0.000000	7515
12102	0.000000	7516
12101	0.000000	7517
12099	0.000000	7518
12098	0.000000	7519
12097	0.000000	7520
12096	0.000000	7521
12095	0.000000	7522
12094	0.000000	7523
12093	0.000000	7524
12092	0.000000	7525
12091	0.000000	7526
12090	0.000000	7527
12088	0.000000	7528
12087	0.000000	7529
12084	0.000000	7530
12083	0.000000	7531
12082	0.000000	7532
12081	0.000000	7533
12080	0.000000	7534
12079	0.000000	7535
12078	0.000000	7536
12077	0.000000	7537
12076	0.000000	7538
12075	0.000000	7539
12074	0.000000	7540
12073	0.000000	7541
12072	0.000000	7542
12071	0.000000	7543
12069	0.000000	7544
12068	0.000000	7545
12067	0.000000	7546
12066	0.000000	7547
12065	0.000000	7548
12063	0.000000	7549
12062	0.000000	7550
12061	0.000000	7551
12059	0.000000	7552
12058	0.000000	7553
12057	0.000000	7554
12056	0.000000	7555
12055	0.000000	7556
12054	0.000000	7557
12053	0.000000	7558
12052	0.000000	7559
12050	0.000000	7560
12049	0.000000	7561
12047	0.000000	7562
12046	0.000000	7563
12044	0.000000	7564
12043	0.000000	7565
12042	0.000000	7566
12039	0.000000	7567
12038	0.000000	7568
12037	0.000000	7569
12036	0.000000	7570
12035	0.000000	7571
12034	0.000000	7572
12033	0.000000	7573
12031	0.000000	7574
12030	0.000000	7575
12029	0.000000	7576
12026	0.000000	7577
12023	0.000000	7578
12022	0.000000	7579
12021	0.000000	7580
12020	0.000000	7581
12019	0.000000	7582
12018	0.000000	7583
12017	0.000000	7584
12013	0.000000	7585
12012	0.000000	7586
12011	0.000000	7587
12010	0.000000	7588
12009	0.000000	7589
12008	0.000000	7590
12007	0.000000	7591
12006	0.000000	7592
12005	0.000000	7593
12004	0.000000	7594
12003	0.000000	7595
12002	0.000000	7596
12001	0.000000	7597
12000	0.000000	7598
11999	0.000000	7599
11998	0.000000	7600
11997	0.000000	7601
11996	0.000000	7602
11995	0.000000	7603
11994	0.000000	7604
11993	0.000000	7605
11992	0.000000	7606
11991	0.000000	7607
11990	0.000000	7608
11989	0.000000	7609
11988	0.000000	7610
11987	0.000000	7611
11986	0.000000	7612
11985	0.000000	7613
11984	0.000000	7614
11982	0.000000	7615
11981	0.000000	7616
11980	0.000000	7617
11979	0.000000	7618
11978	0.000000	7619
11977	0.000000	7620
11976	0.000000	7621
11975	0.000000	7622
11973	0.000000	7623
11972	0.000000	7624
11971	0.000000	7625
11969	0.000000	7626
11968	0.000000	7627
11967	0.000000	7628
11966	0.000000	7629
11965	0.000000	7630
11964	0.000000	7631
11963	0.000000	7632
11962	0.000000	7633
11961	0.000000	7634
11960	0.000000	7635
11959	0.000000	7636
11958	0.000000	7637
11957	0.000000	7638
11956	0.000000	7639
11954	0.000000	7640
11953	0.000000	7641
11952	0.000000	7642
11951	0.000000	7643
11950	0.000000	7644
11949	0.000000	7645
11948	0.000000	7646
11947	0.000000	7647
11946	0.000000	7648
11945	0.000000	7649
11944	0.000000	7650
11943	0.000000	7651
11942	0.000000	7652
11941	0.000000	7653
11940	0.000000	7654
11939	0.000000	7655
11938	0.000000	7656
11937	0.000000	7657
11936	0.000000	7658
11935	0.000000	7659
11934	0.000000	7660
11933	0.000000	7661
11932	0.000000	7662
11931	0.000000	7663
11930	0.000000	7664
11929	0.000000	7665
11928	0.000000	7666
11927	0.000000	7667
11926	0.000000	7668
11925	0.000000	7669
11924	0.000000	7670
11923	0.000000	7671
11922	0.000000	7672
11921	0.000000	7673
11920	0.000000	7674
11919	0.000000	7675
11918	0.000000	7676
11917	0.000000	7677
11916	0.000000	7678
11912	0.000000	7679
11911	0.000000	7680
11910	0.000000	7681
11909	0.000000	7682
11908	0.000000	7683
11906	0.000000	7684
11905	0.000000	7685
11904	0.000000	7686
11903	0.000000	7687
11902	0.000000	7688
11901	0.000000	7689
11900	0.000000	7690
11899	0.000000	7691
11898	0.000000	7692
11897	0.000000	7693
11896	0.000000	7694
11895	0.000000	7695
11894	0.000000	7696
11893	0.000000	7697
11892	0.000000	7698
11891	0.000000	7699
11890	0.000000	7700
11889	0.000000	7701
11888	0.000000	7702
11887	0.000000	7703
11886	0.000000	7704
11885	0.000000	7705
11884	0.000000	7706
11883	0.000000	7707
11882	0.000000	7708
11881	0.000000	7709
11880	0.000000	7710
11879	0.000000	7711
11878	0.000000	7712
11877	0.000000	7713
11876	0.000000	7714
11875	0.000000	7715
11874	0.000000	7716
11871	0.000000	7717
11869	0.000000	7718
11868	0.000000	7719
11866	0.000000	7720
11865	0.000000	7721
11864	0.000000	7722
11863	0.000000	7723
11862	0.000000	7724
11861	0.000000	7725
11860	0.000000	7726
11859	0.000000	7727
11858	0.000000	7728
11857	0.000000	7729
11856	0.000000	7730
11855	0.000000	7731
11854	0.000000	7732
11853	0.000000	7733
11852	0.000000	7734
11851	0.000000	7735
11850	0.000000	7736
11849	0.000000	7737
11848	0.000000	7738
11847	0.000000	7739
11845	0.000000	7740
11844	0.000000	7741
11843	0.000000	7742
11842	0.000000	7743
11841	0.000000	7744
11840	0.000000	7745
11839	0.000000	7746
11838	0.000000	7747
11837	0.000000	7748
11836	0.000000	7749
11834	0.000000	7750
11833	0.000000	7751
11830	0.000000	7752
11828	0.000000	7753
11827	0.000000	7754
11826	0.000000	7755
11824	0.000000	7756
11823	0.000000	7757
11822	0.000000	7758
11821	0.000000	7759
11820	0.000000	7760
11819	0.000000	7761
11816	0.000000	7762
11815	0.000000	7763
11814	0.000000	7764
11813	0.000000	7765
11812	0.000000	7766
11811	0.000000	7767
11810	0.000000	7768
11809	0.000000	7769
11808	0.000000	7770
11807	0.000000	7771
11806	0.000000	7772
11805	0.000000	7773
11804	0.000000	7774
11803	0.000000	7775
11802	0.000000	7776
11799	0.000000	7777
11798	0.000000	7778
11797	0.000000	7779
11796	0.000000	7780
11795	0.000000	7781
11794	0.000000	7782
11793	0.000000	7783
11792	0.000000	7784
11791	0.000000	7785
11790	0.000000	7786
11789	0.000000	7787
11787	0.000000	7788
11786	0.000000	7789
11784	0.000000	7790
11783	0.000000	7791
11782	0.000000	7792
11780	0.000000	7793
11779	0.000000	7794
11778	0.000000	7795
11777	0.000000	7796
11775	0.000000	7797
11774	0.000000	7798
11772	0.000000	7799
11770	0.000000	7800
11769	0.000000	7801
11766	0.000000	7802
11763	0.000000	7803
11762	0.000000	7804
11761	0.000000	7805
11760	0.000000	7806
11759	0.000000	7807
11758	0.000000	7808
11757	0.000000	7809
11756	0.000000	7810
11755	0.000000	7811
11754	0.000000	7812
11752	0.000000	7813
11751	0.000000	7814
11750	0.000000	7815
11749	0.000000	7816
11748	0.000000	7817
11747	0.000000	7818
11746	0.000000	7819
11745	0.000000	7820
11744	0.000000	7821
11743	0.000000	7822
11742	0.000000	7823
11741	0.000000	7824
11740	0.000000	7825
11739	0.000000	7826
11737	0.000000	7827
11735	0.000000	7828
11734	0.000000	7829
11733	0.000000	7830
11732	0.000000	7831
11731	0.000000	7832
11730	0.000000	7833
11729	0.000000	7834
11728	0.000000	7835
11727	0.000000	7836
11726	0.000000	7837
11725	0.000000	7838
11724	0.000000	7839
11723	0.000000	7840
11722	0.000000	7841
11721	0.000000	7842
11719	0.000000	7843
11718	0.000000	7844
11717	0.000000	7845
11715	0.000000	7846
11713	0.000000	7847
11712	0.000000	7848
11710	0.000000	7849
11709	0.000000	7850
11708	0.000000	7851
11707	0.000000	7852
11706	0.000000	7853
11705	0.000000	7854
11704	0.000000	7855
11703	0.000000	7856
11702	0.000000	7857
11701	0.000000	7858
11700	0.000000	7859
11699	0.000000	7860
11693	0.000000	7861
11690	0.000000	7862
11689	0.000000	7863
11688	0.000000	7864
11687	0.000000	7865
11686	0.000000	7866
11685	0.000000	7867
11684	0.000000	7868
11683	0.000000	7869
11681	0.000000	7870
11680	0.000000	7871
11679	0.000000	7872
11678	0.000000	7873
11677	0.000000	7874
11676	0.000000	7875
11672	0.000000	7876
11670	0.000000	7877
11668	0.000000	7878
11667	0.000000	7879
11666	0.000000	7880
11665	0.000000	7881
11663	0.000000	7882
11662	0.000000	7883
11661	0.000000	7884
11660	0.000000	7885
11659	0.000000	7886
11658	0.000000	7887
11656	0.000000	7888
11655	0.000000	7889
11654	0.000000	7890
11653	0.000000	7891
11652	0.000000	7892
11650	0.000000	7893
11649	0.000000	7894
11648	0.000000	7895
11646	0.000000	7896
11645	0.000000	7897
11644	0.000000	7898
11643	0.000000	7899
11640	0.000000	7900
11639	0.000000	7901
11638	0.000000	7902
11637	0.000000	7903
11632	0.000000	7904
11631	0.000000	7905
11629	0.000000	7906
11628	0.000000	7907
11627	0.000000	7908
11626	0.000000	7909
11625	0.000000	7910
11623	0.000000	7911
11622	0.000000	7912
11620	0.000000	7913
11619	0.000000	7914
11618	0.000000	7915
11616	0.000000	7916
11615	0.000000	7917
11614	0.000000	7918
11613	0.000000	7919
11611	0.000000	7920
11608	0.000000	7921
11607	0.000000	7922
11606	0.000000	7923
11605	0.000000	7924
11604	0.000000	7925
11603	0.000000	7926
11602	0.000000	7927
11599	0.000000	7928
11598	0.000000	7929
11597	0.000000	7930
11596	0.000000	7931
11595	0.000000	7932
11594	0.000000	7933
11593	0.000000	7934
11591	0.000000	7935
11590	0.000000	7936
11589	0.000000	7937
11588	0.000000	7938
11587	0.000000	7939
11586	0.000000	7940
11585	0.000000	7941
11584	0.000000	7942
11583	0.000000	7943
11582	0.000000	7944
11580	0.000000	7945
11577	0.000000	7946
11576	0.000000	7947
11573	0.000000	7948
11572	0.000000	7949
11570	0.000000	7950
11569	0.000000	7951
11568	0.000000	7952
11566	0.000000	7953
11565	0.000000	7954
11564	0.000000	7955
11563	0.000000	7956
11562	0.000000	7957
11561	0.000000	7958
11560	0.000000	7959
11559	0.000000	7960
11558	0.000000	7961
11557	0.000000	7962
11556	0.000000	7963
11555	0.000000	7964
11554	0.000000	7965
11553	0.000000	7966
11551	0.000000	7967
11550	0.000000	7968
11549	0.000000	7969
11547	0.000000	7970
11546	0.000000	7971
11545	0.000000	7972
11544	0.000000	7973
11543	0.000000	7974
11542	0.000000	7975
11541	0.000000	7976
11539	0.000000	7977
11538	0.000000	7978
11537	0.000000	7979
11535	0.000000	7980
11534	0.000000	7981
11533	0.000000	7982
11532	0.000000	7983
11531	0.000000	7984
11530	0.000000	7985
11529	0.000000	7986
11528	0.000000	7987
11526	0.000000	7988
11525	0.000000	7989
11524	0.000000	7990
11523	0.000000	7991
11522	0.000000	7992
11520	0.000000	7993
11519	0.000000	7994
11518	0.000000	7995
11517	0.000000	7996
11516	0.000000	7997
11515	0.000000	7998
11514	0.000000	7999
11513	0.000000	8000
11512	0.000000	8001
11511	0.000000	8002
11510	0.000000	8003
11509	0.000000	8004
11508	0.000000	8005
11506	0.000000	8006
11504	0.000000	8007
11502	0.000000	8008
11501	0.000000	8009
11499	0.000000	8010
11498	0.000000	8011
11493	0.000000	8012
11491	0.000000	8013
11489	0.000000	8014
11488	0.000000	8015
11487	0.000000	8016
11486	0.000000	8017
11485	0.000000	8018
11483	0.000000	8019
11482	0.000000	8020
11481	0.000000	8021
11480	0.000000	8022
11479	0.000000	8023
11478	0.000000	8024
11476	0.000000	8025
11475	0.000000	8026
11473	0.000000	8027
11472	0.000000	8028
11471	0.000000	8029
11469	0.000000	8030
11468	0.000000	8031
11467	0.000000	8032
11466	0.000000	8033
11465	0.000000	8034
11463	0.000000	8035
11462	0.000000	8036
11461	0.000000	8037
11460	0.000000	8038
11459	0.000000	8039
11458	0.000000	8040
11457	0.000000	8041
11456	0.000000	8042
11455	0.000000	8043
11454	0.000000	8044
11453	0.000000	8045
11452	0.000000	8046
11451	0.000000	8047
11448	0.000000	8048
11446	0.000000	8049
11444	0.000000	8050
11443	0.000000	8051
11442	0.000000	8052
11441	0.000000	8053
11437	0.000000	8054
11434	0.000000	8055
11433	0.000000	8056
11428	0.000000	8057
11425	0.000000	8058
11421	0.000000	8059
11419	0.000000	8060
11418	0.000000	8061
11417	0.000000	8062
11416	0.000000	8063
11415	0.000000	8064
11413	0.000000	8065
11411	0.000000	8066
11409	0.000000	8067
11407	0.000000	8068
11404	0.000000	8069
11402	0.000000	8070
11399	0.000000	8071
11398	0.000000	8072
11396	0.000000	8073
11391	0.000000	8074
11390	0.000000	8075
11385	0.000000	8076
11381	0.000000	8077
11380	0.000000	8078
11379	0.000000	8079
11378	0.000000	8080
11377	0.000000	8081
11376	0.000000	8082
11373	0.000000	8083
11372	0.000000	8084
11371	0.000000	8085
11368	0.000000	8086
11367	0.000000	8087
11366	0.000000	8088
11365	0.000000	8089
11364	0.000000	8090
11361	0.000000	8091
11360	0.000000	8092
11358	0.000000	8093
11356	0.000000	8094
11355	0.000000	8095
11354	0.000000	8096
11353	0.000000	8097
11351	0.000000	8098
11348	0.000000	8099
11347	0.000000	8100
11346	0.000000	8101
11345	0.000000	8102
11344	0.000000	8103
11343	0.000000	8104
11342	0.000000	8105
11341	0.000000	8106
11339	0.000000	8107
11338	0.000000	8108
11337	0.000000	8109
11334	0.000000	8110
11332	0.000000	8111
11331	0.000000	8112
11330	0.000000	8113
11328	0.000000	8114
11327	0.000000	8115
11326	0.000000	8116
11325	0.000000	8117
11324	0.000000	8118
11322	0.000000	8119
11320	0.000000	8120
11319	0.000000	8121
11316	0.000000	8122
11315	0.000000	8123
11314	0.000000	8124
11313	0.000000	8125
11312	0.000000	8126
11311	0.000000	8127
11310	0.000000	8128
11308	0.000000	8129
11307	0.000000	8130
11306	0.000000	8131
11301	0.000000	8132
11300	0.000000	8133
11299	0.000000	8134
11298	0.000000	8135
11297	0.000000	8136
11296	0.000000	8137
11294	0.000000	8138
11293	0.000000	8139
11292	0.000000	8140
11291	0.000000	8141
11290	0.000000	8142
11289	0.000000	8143
11287	0.000000	8144
11284	0.000000	8145
11283	0.000000	8146
11281	0.000000	8147
11279	0.000000	8148
11278	0.000000	8149
11277	0.000000	8150
11276	0.000000	8151
11275	0.000000	8152
11274	0.000000	8153
11273	0.000000	8154
11268	0.000000	8155
11267	0.000000	8156
11266	0.000000	8157
11265	0.000000	8158
11264	0.000000	8159
11263	0.000000	8160
11262	0.000000	8161
11261	0.000000	8162
11260	0.000000	8163
11259	0.000000	8164
11258	0.000000	8165
11257	0.000000	8166
11256	0.000000	8167
11255	0.000000	8168
11254	0.000000	8169
11253	0.000000	8170
11252	0.000000	8171
11251	0.000000	8172
11250	0.000000	8173
11249	0.000000	8174
11248	0.000000	8175
11247	0.000000	8176
11246	0.000000	8177
11245	0.000000	8178
11244	0.000000	8179
11243	0.000000	8180
11241	0.000000	8181
11240	0.000000	8182
11239	0.000000	8183
11237	0.000000	8184
11236	0.000000	8185
11235	0.000000	8186
11234	0.000000	8187
11232	0.000000	8188
11231	0.000000	8189
11230	0.000000	8190
11227	0.000000	8191
11226	0.000000	8192
11225	0.000000	8193
11222	0.000000	8194
11220	0.000000	8195
11219	0.000000	8196
11217	0.000000	8197
11216	0.000000	8198
11215	0.000000	8199
11214	0.000000	8200
11213	0.000000	8201
11212	0.000000	8202
11211	0.000000	8203
11210	0.000000	8204
11209	0.000000	8205
11208	0.000000	8206
11207	0.000000	8207
11206	0.000000	8208
11205	0.000000	8209
11204	0.000000	8210
11203	0.000000	8211
11202	0.000000	8212
11201	0.000000	8213
11200	0.000000	8214
11199	0.000000	8215
11198	0.000000	8216
11196	0.000000	8217
11194	0.000000	8218
11193	0.000000	8219
11190	0.000000	8220
11189	0.000000	8221
11186	0.000000	8222
11185	0.000000	8223
11184	0.000000	8224
11183	0.000000	8225
11182	0.000000	8226
11181	0.000000	8227
11180	0.000000	8228
11179	0.000000	8229
11178	0.000000	8230
11176	0.000000	8231
11175	0.000000	8232
11173	0.000000	8233
11172	0.000000	8234
11171	0.000000	8235
11170	0.000000	8236
11169	0.000000	8237
11168	0.000000	8238
11167	0.000000	8239
11166	0.000000	8240
11165	0.000000	8241
11164	0.000000	8242
11163	0.000000	8243
11162	0.000000	8244
11161	0.000000	8245
11160	0.000000	8246
11158	0.000000	8247
11157	0.000000	8248
11155	0.000000	8249
11154	0.000000	8250
11153	0.000000	8251
11152	0.000000	8252
11151	0.000000	8253
11150	0.000000	8254
11149	0.000000	8255
11148	0.000000	8256
11147	0.000000	8257
11145	0.000000	8258
11142	0.000000	8259
11141	0.000000	8260
11139	0.000000	8261
11138	0.000000	8262
11137	0.000000	8263
11135	0.000000	8264
11134	0.000000	8265
11132	0.000000	8266
11131	0.000000	8267
11130	0.000000	8268
11129	0.000000	8269
11128	0.000000	8270
11127	0.000000	8271
11125	0.000000	8272
11124	0.000000	8273
11123	0.000000	8274
11122	0.000000	8275
11121	0.000000	8276
11120	0.000000	8277
11119	0.000000	8278
11117	0.000000	8279
11116	0.000000	8280
11115	0.000000	8281
11114	0.000000	8282
11113	0.000000	8283
11111	0.000000	8284
11110	0.000000	8285
11109	0.000000	8286
11108	0.000000	8287
11107	0.000000	8288
11105	0.000000	8289
11104	0.000000	8290
11103	0.000000	8291
11102	0.000000	8292
11100	0.000000	8293
11099	0.000000	8294
11098	0.000000	8295
11097	0.000000	8296
11096	0.000000	8297
11095	0.000000	8298
11094	0.000000	8299
11090	0.000000	8300
11089	0.000000	8301
11087	0.000000	8302
11086	0.000000	8303
11085	0.000000	8304
11082	0.000000	8305
11081	0.000000	8306
11080	0.000000	8307
11079	0.000000	8308
11078	0.000000	8309
11075	0.000000	8310
11074	0.000000	8311
11073	0.000000	8312
11071	0.000000	8313
11069	0.000000	8314
11068	0.000000	8315
11067	0.000000	8316
11066	0.000000	8317
11065	0.000000	8318
11064	0.000000	8319
11063	0.000000	8320
11062	0.000000	8321
11061	0.000000	8322
11060	0.000000	8323
11059	0.000000	8324
11058	0.000000	8325
11057	0.000000	8326
11056	0.000000	8327
11055	0.000000	8328
11054	0.000000	8329
11053	0.000000	8330
11052	0.000000	8331
11051	0.000000	8332
11049	0.000000	8333
11048	0.000000	8334
11047	0.000000	8335
11046	0.000000	8336
11045	0.000000	8337
11044	0.000000	8338
11043	0.000000	8339
11042	0.000000	8340
11041	0.000000	8341
11039	0.000000	8342
11038	0.000000	8343
11037	0.000000	8344
11035	0.000000	8345
11034	0.000000	8346
11033	0.000000	8347
11032	0.000000	8348
11028	0.000000	8349
11026	0.000000	8350
11024	0.000000	8351
11019	0.000000	8352
11017	0.000000	8353
11015	0.000000	8354
11013	0.000000	8355
11012	0.000000	8356
11011	0.000000	8357
11010	0.000000	8358
11009	0.000000	8359
11008	0.000000	8360
11006	0.000000	8361
11005	0.000000	8362
11004	0.000000	8363
11003	0.000000	8364
11002	0.000000	8365
11001	0.000000	8366
10999	0.000000	8367
10997	0.000000	8368
10996	0.000000	8369
10994	0.000000	8370
10992	0.000000	8371
10989	0.000000	8372
10988	0.000000	8373
10985	0.000000	8374
10983	0.000000	8375
10982	0.000000	8376
10981	0.000000	8377
10980	0.000000	8378
10979	0.000000	8379
10977	0.000000	8380
10976	0.000000	8381
10975	0.000000	8382
10974	0.000000	8383
10971	0.000000	8384
10970	0.000000	8385
10969	0.000000	8386
10968	0.000000	8387
10967	0.000000	8388
10966	0.000000	8389
10965	0.000000	8390
10964	0.000000	8391
10963	0.000000	8392
10962	0.000000	8393
10961	0.000000	8394
10960	0.000000	8395
10959	0.000000	8396
10957	0.000000	8397
10956	0.000000	8398
10954	0.000000	8399
10953	0.000000	8400
10952	0.000000	8401
10950	0.000000	8402
10948	0.000000	8403
10947	0.000000	8404
10946	0.000000	8405
10945	0.000000	8406
10943	0.000000	8407
10942	0.000000	8408
10941	0.000000	8409
10938	0.000000	8410
10937	0.000000	8411
10935	0.000000	8412
10932	0.000000	8413
10931	0.000000	8414
10930	0.000000	8415
10928	0.000000	8416
10927	0.000000	8417
10922	0.000000	8418
10920	0.000000	8419
10918	0.000000	8420
10917	0.000000	8421
10916	0.000000	8422
10915	0.000000	8423
10914	0.000000	8424
10913	0.000000	8425
10912	0.000000	8426
10911	0.000000	8427
10910	0.000000	8428
10909	0.000000	8429
10908	0.000000	8430
10907	0.000000	8431
10906	0.000000	8432
10905	0.000000	8433
10904	0.000000	8434
10903	0.000000	8435
10902	0.000000	8436
10901	0.000000	8437
10899	0.000000	8438
10898	0.000000	8439
10897	0.000000	8440
10896	0.000000	8441
10895	0.000000	8442
10894	0.000000	8443
10893	0.000000	8444
10891	0.000000	8445
10890	0.000000	8446
10889	0.000000	8447
10888	0.000000	8448
10887	0.000000	8449
10885	0.000000	8450
10884	0.000000	8451
10883	0.000000	8452
10882	0.000000	8453
10881	0.000000	8454
10880	0.000000	8455
10879	0.000000	8456
10878	0.000000	8457
10877	0.000000	8458
10876	0.000000	8459
10875	0.000000	8460
10874	0.000000	8461
10873	0.000000	8462
10872	0.000000	8463
10871	0.000000	8464
10870	0.000000	8465
10869	0.000000	8466
10868	0.000000	8467
10867	0.000000	8468
10866	0.000000	8469
10865	0.000000	8470
10864	0.000000	8471
10863	0.000000	8472
10862	0.000000	8473
10861	0.000000	8474
10859	0.000000	8475
10857	0.000000	8476
10856	0.000000	8477
10855	0.000000	8478
10854	0.000000	8479
10853	0.000000	8480
10852	0.000000	8481
10851	0.000000	8482
10850	0.000000	8483
10849	0.000000	8484
10848	0.000000	8485
10847	0.000000	8486
10846	0.000000	8487
10845	0.000000	8488
10844	0.000000	8489
10842	0.000000	8490
10841	0.000000	8491
10840	0.000000	8492
10839	0.000000	8493
10838	0.000000	8494
10837	0.000000	8495
10835	0.000000	8496
10834	0.000000	8497
10833	0.000000	8498
10832	0.000000	8499
10831	0.000000	8500
10830	0.000000	8501
10829	0.000000	8502
10828	0.000000	8503
10827	0.000000	8504
10826	0.000000	8505
10825	0.000000	8506
10824	0.000000	8507
10823	0.000000	8508
10822	0.000000	8509
10821	0.000000	8510
10819	0.000000	8511
10818	0.000000	8512
10817	0.000000	8513
10816	0.000000	8514
10815	0.000000	8515
10814	0.000000	8516
10813	0.000000	8517
10812	0.000000	8518
10811	0.000000	8519
10810	0.000000	8520
10809	0.000000	8521
10808	0.000000	8522
10807	0.000000	8523
10806	0.000000	8524
10805	0.000000	8525
10804	0.000000	8526
10803	0.000000	8527
10802	0.000000	8528
10801	0.000000	8529
10799	0.000000	8530
10798	0.000000	8531
10797	0.000000	8532
10796	0.000000	8533
10795	0.000000	8534
10794	0.000000	8535
10793	0.000000	8536
10792	0.000000	8537
10791	0.000000	8538
10790	0.000000	8539
10789	0.000000	8540
10788	0.000000	8541
10787	0.000000	8542
10785	0.000000	8543
10784	0.000000	8544
10783	0.000000	8545
10782	0.000000	8546
10781	0.000000	8547
10780	0.000000	8548
10779	0.000000	8549
10778	0.000000	8550
10777	0.000000	8551
10776	0.000000	8552
10775	0.000000	8553
10774	0.000000	8554
10773	0.000000	8555
10772	0.000000	8556
10770	0.000000	8557
10769	0.000000	8558
10768	0.000000	8559
10767	0.000000	8560
10766	0.000000	8561
10765	0.000000	8562
10764	0.000000	8563
10763	0.000000	8564
10761	0.000000	8565
10760	0.000000	8566
10757	0.000000	8567
10756	0.000000	8568
10755	0.000000	8569
10754	0.000000	8570
10753	0.000000	8571
10752	0.000000	8572
10751	0.000000	8573
10750	0.000000	8574
10749	0.000000	8575
10748	0.000000	8576
10747	0.000000	8577
10745	0.000000	8578
10744	0.000000	8579
10743	0.000000	8580
10742	0.000000	8581
10741	0.000000	8582
10740	0.000000	8583
10739	0.000000	8584
10738	0.000000	8585
10737	0.000000	8586
10736	0.000000	8587
10735	0.000000	8588
10734	0.000000	8589
10733	0.000000	8590
10731	0.000000	8591
10730	0.000000	8592
10729	0.000000	8593
10728	0.000000	8594
10727	0.000000	8595
10725	0.000000	8596
10724	0.000000	8597
10723	0.000000	8598
10722	0.000000	8599
10721	0.000000	8600
10720	0.000000	8601
10719	0.000000	8602
10718	0.000000	8603
10717	0.000000	8604
10716	0.000000	8605
10715	0.000000	8606
10713	0.000000	8607
10712	0.000000	8608
10711	0.000000	8609
10710	0.000000	8610
10709	0.000000	8611
10708	0.000000	8612
10707	0.000000	8613
10706	0.000000	8614
10705	0.000000	8615
10704	0.000000	8616
10703	0.000000	8617
10701	0.000000	8618
10699	0.000000	8619
10698	0.000000	8620
10697	0.000000	8621
10696	0.000000	8622
10695	0.000000	8623
10694	0.000000	8624
10693	0.000000	8625
10692	0.000000	8626
10691	0.000000	8627
10690	0.000000	8628
10689	0.000000	8629
10688	0.000000	8630
10687	0.000000	8631
10686	0.000000	8632
10684	0.000000	8633
10680	0.000000	8634
10679	0.000000	8635
10678	0.000000	8636
10677	0.000000	8637
10676	0.000000	8638
10675	0.000000	8639
10673	0.000000	8640
10671	0.000000	8641
10670	0.000000	8642
10667	0.000000	8643
10666	0.000000	8644
10665	0.000000	8645
10664	0.000000	8646
10663	0.000000	8647
10662	0.000000	8648
10661	0.000000	8649
10660	0.000000	8650
10659	0.000000	8651
10658	0.000000	8652
10657	0.000000	8653
10656	0.000000	8654
10654	0.000000	8655
10653	0.000000	8656
10652	0.000000	8657
10651	0.000000	8658
10650	0.000000	8659
10648	0.000000	8660
10647	0.000000	8661
10646	0.000000	8662
10644	0.000000	8663
10643	0.000000	8664
10642	0.000000	8665
10641	0.000000	8666
10639	0.000000	8667
10638	0.000000	8668
10637	0.000000	8669
10635	0.000000	8670
10633	0.000000	8671
10631	0.000000	8672
10629	0.000000	8673
10628	0.000000	8674
10627	0.000000	8675
10626	0.000000	8676
10624	0.000000	8677
10623	0.000000	8678
10622	0.000000	8679
10620	0.000000	8680
10619	0.000000	8681
10618	0.000000	8682
10617	0.000000	8683
10615	0.000000	8684
10614	0.000000	8685
10613	0.000000	8686
10612	0.000000	8687
10610	0.000000	8688
10609	0.000000	8689
10608	0.000000	8690
10607	0.000000	8691
10606	0.000000	8692
10604	0.000000	8693
10603	0.000000	8694
10602	0.000000	8695
10601	0.000000	8696
10600	0.000000	8697
10599	0.000000	8698
10597	0.000000	8699
10595	0.000000	8700
10594	0.000000	8701
10591	0.000000	8702
10590	0.000000	8703
10589	0.000000	8704
10588	0.000000	8705
10587	0.000000	8706
10586	0.000000	8707
10585	0.000000	8708
10584	0.000000	8709
10580	0.000000	8710
10579	0.000000	8711
10578	0.000000	8712
10577	0.000000	8713
10576	0.000000	8714
10575	0.000000	8715
10574	0.000000	8716
10573	0.000000	8717
10572	0.000000	8718
10571	0.000000	8719
10570	0.000000	8720
10569	0.000000	8721
10568	0.000000	8722
10567	0.000000	8723
10566	0.000000	8724
10565	0.000000	8725
10564	0.000000	8726
10563	0.000000	8727
10562	0.000000	8728
10561	0.000000	8729
10560	0.000000	8730
10559	0.000000	8731
10558	0.000000	8732
10556	0.000000	8733
10555	0.000000	8734
10554	0.000000	8735
10553	0.000000	8736
10552	0.000000	8737
10551	0.000000	8738
10550	0.000000	8739
10549	0.000000	8740
10548	0.000000	8741
10547	0.000000	8742
10546	0.000000	8743
10545	0.000000	8744
10544	0.000000	8745
10543	0.000000	8746
10542	0.000000	8747
10541	0.000000	8748
10539	0.000000	8749
10538	0.000000	8750
10537	0.000000	8751
10536	0.000000	8752
10535	0.000000	8753
10534	0.000000	8754
10533	0.000000	8755
10531	0.000000	8756
10530	0.000000	8757
10528	0.000000	8758
10527	0.000000	8759
10526	0.000000	8760
10524	0.000000	8761
10523	0.000000	8762
10522	0.000000	8763
10521	0.000000	8764
10520	0.000000	8765
10519	0.000000	8766
10518	0.000000	8767
10517	0.000000	8768
10515	0.000000	8769
10514	0.000000	8770
10513	0.000000	8771
10512	0.000000	8772
10510	0.000000	8773
10508	0.000000	8774
10507	0.000000	8775
10506	0.000000	8776
10505	0.000000	8777
10503	0.000000	8778
10502	0.000000	8779
10501	0.000000	8780
10500	0.000000	8781
10499	0.000000	8782
10498	0.000000	8783
10497	0.000000	8784
10496	0.000000	8785
10495	0.000000	8786
10494	0.000000	8787
10491	0.000000	8788
10490	0.000000	8789
10489	0.000000	8790
10488	0.000000	8791
10487	0.000000	8792
10486	0.000000	8793
10485	0.000000	8794
10484	0.000000	8795
10483	0.000000	8796
10482	0.000000	8797
10481	0.000000	8798
10480	0.000000	8799
10479	0.000000	8800
10478	0.000000	8801
10477	0.000000	8802
10476	0.000000	8803
10475	0.000000	8804
10474	0.000000	8805
10472	0.000000	8806
10470	0.000000	8807
10469	0.000000	8808
10463	0.000000	8809
10462	0.000000	8810
10460	0.000000	8811
10459	0.000000	8812
10458	0.000000	8813
10454	0.000000	8814
10449	0.000000	8815
10448	0.000000	8816
10446	0.000000	8817
10445	0.000000	8818
10444	0.000000	8819
10442	0.000000	8820
10441	0.000000	8821
10440	0.000000	8822
10439	0.000000	8823
10436	0.000000	8824
10434	0.000000	8825
10430	0.000000	8826
10429	0.000000	8827
10428	0.000000	8828
10427	0.000000	8829
10426	0.000000	8830
10424	0.000000	8831
10422	0.000000	8832
10420	0.000000	8833
10419	0.000000	8834
10418	0.000000	8835
10416	0.000000	8836
10414	0.000000	8837
10412	0.000000	8838
10409	0.000000	8839
10408	0.000000	8840
10407	0.000000	8841
10406	0.000000	8842
10404	0.000000	8843
10401	0.000000	8844
10399	0.000000	8845
10397	0.000000	8846
10396	0.000000	8847
10395	0.000000	8848
10393	0.000000	8849
10391	0.000000	8850
10390	0.000000	8851
10389	0.000000	8852
10387	0.000000	8853
10386	0.000000	8854
10384	0.000000	8855
10383	0.000000	8856
10382	0.000000	8857
10379	0.000000	8858
10378	0.000000	8859
10377	0.000000	8860
10376	0.000000	8861
10371	0.000000	8862
10370	0.000000	8863
10366	0.000000	8864
10365	0.000000	8865
10364	0.000000	8866
10362	0.000000	8867
10360	0.000000	8868
10357	0.000000	8869
10355	0.000000	8870
10354	0.000000	8871
10352	0.000000	8872
10350	0.000000	8873
10347	0.000000	8874
10346	0.000000	8875
10345	0.000000	8876
10344	0.000000	8877
10343	0.000000	8878
10341	0.000000	8879
10339	0.000000	8880
10338	0.000000	8881
10331	0.000000	8882
10329	0.000000	8883
10327	0.000000	8884
10326	0.000000	8885
10325	0.000000	8886
10324	0.000000	8887
10323	0.000000	8888
10319	0.000000	8889
10318	0.000000	8890
10317	0.000000	8891
10316	0.000000	8892
10315	0.000000	8893
10314	0.000000	8894
10313	0.000000	8895
10312	0.000000	8896
10310	0.000000	8897
10308	0.000000	8898
10306	0.000000	8899
10302	0.000000	8900
10301	0.000000	8901
10297	0.000000	8902
10296	0.000000	8903
10294	0.000000	8904
10291	0.000000	8905
10289	0.000000	8906
10288	0.000000	8907
10287	0.000000	8908
10286	0.000000	8909
10285	0.000000	8910
10284	0.000000	8911
10282	0.000000	8912
10281	0.000000	8913
10280	0.000000	8914
10277	0.000000	8915
10275	0.000000	8916
10271	0.000000	8917
10270	0.000000	8918
10269	0.000000	8919
10268	0.000000	8920
10267	0.000000	8921
10266	0.000000	8922
10265	0.000000	8923
10263	0.000000	8924
10262	0.000000	8925
10259	0.000000	8926
10256	0.000000	8927
10255	0.000000	8928
10254	0.000000	8929
10253	0.000000	8930
10252	0.000000	8931
10251	0.000000	8932
10249	0.000000	8933
10247	0.000000	8934
10244	0.000000	8935
10243	0.000000	8936
10240	0.000000	8937
10239	0.000000	8938
10237	0.000000	8939
10236	0.000000	8940
10235	0.000000	8941
10234	0.000000	8942
10233	0.000000	8943
10232	0.000000	8944
10230	0.000000	8945
10227	0.000000	8946
10225	0.000000	8947
10224	0.000000	8948
10222	0.000000	8949
10221	0.000000	8950
10219	0.000000	8951
10218	0.000000	8952
10214	0.000000	8953
10213	0.000000	8954
10212	0.000000	8955
10211	0.000000	8956
10210	0.000000	8957
10208	0.000000	8958
10207	0.000000	8959
10204	0.000000	8960
10203	0.000000	8961
10202	0.000000	8962
10201	0.000000	8963
10200	0.000000	8964
10199	0.000000	8965
10196	0.000000	8966
10195	0.000000	8967
10194	0.000000	8968
10193	0.000000	8969
10192	0.000000	8970
10191	0.000000	8971
10190	0.000000	8972
10189	0.000000	8973
10188	0.000000	8974
10186	0.000000	8975
10183	0.000000	8976
10182	0.000000	8977
10179	0.000000	8978
10178	0.000000	8979
10176	0.000000	8980
10175	0.000000	8981
10174	0.000000	8982
10173	0.000000	8983
10172	0.000000	8984
10170	0.000000	8985
10166	0.000000	8986
10163	0.000000	8987
10162	0.000000	8988
10161	0.000000	8989
10159	0.000000	8990
10158	0.000000	8991
10157	0.000000	8992
10155	0.000000	8993
10154	0.000000	8994
10153	0.000000	8995
10152	0.000000	8996
10151	0.000000	8997
10149	0.000000	8998
10148	0.000000	8999
10143	0.000000	9000
10141	0.000000	9001
10140	0.000000	9002
10139	0.000000	9003
10138	0.000000	9004
10136	0.000000	9005
10135	0.000000	9006
10134	0.000000	9007
10133	0.000000	9008
10132	0.000000	9009
10131	0.000000	9010
10130	0.000000	9011
10128	0.000000	9012
10127	0.000000	9013
10125	0.000000	9014
10124	0.000000	9015
10123	0.000000	9016
10121	0.000000	9017
10120	0.000000	9018
10119	0.000000	9019
10118	0.000000	9020
10116	0.000000	9021
10115	0.000000	9022
10114	0.000000	9023
10113	0.000000	9024
10112	0.000000	9025
10111	0.000000	9026
10110	0.000000	9027
10109	0.000000	9028
10108	0.000000	9029
10107	0.000000	9030
10106	0.000000	9031
10105	0.000000	9032
10104	0.000000	9033
10103	0.000000	9034
10100	0.000000	9035
10099	0.000000	9036
10098	0.000000	9037
10097	0.000000	9038
10096	0.000000	9039
10095	0.000000	9040
10094	0.000000	9041
10092	0.000000	9042
10091	0.000000	9043
10090	0.000000	9044
10086	0.000000	9045
10085	0.000000	9046
10084	0.000000	9047
10083	0.000000	9048
10080	0.000000	9049
10079	0.000000	9050
10078	0.000000	9051
10077	0.000000	9052
10072	0.000000	9053
10071	0.000000	9054
10069	0.000000	9055
10068	0.000000	9056
10067	0.000000	9057
10066	0.000000	9058
10065	0.000000	9059
10064	0.000000	9060
10063	0.000000	9061
10060	0.000000	9062
10059	0.000000	9063
10057	0.000000	9064
10056	0.000000	9065
10050	0.000000	9066
10049	0.000000	9067
10048	0.000000	9068
10047	0.000000	9069
10046	0.000000	9070
10045	0.000000	9071
10044	0.000000	9072
10041	0.000000	9073
10038	0.000000	9074
10037	0.000000	9075
10036	0.000000	9076
10035	0.000000	9077
10034	0.000000	9078
10033	0.000000	9079
10032	0.000000	9080
10031	0.000000	9081
10029	0.000000	9082
10028	0.000000	9083
10027	0.000000	9084
10026	0.000000	9085
10025	0.000000	9086
10023	0.000000	9087
10022	0.000000	9088
10020	0.000000	9089
10019	0.000000	9090
10016	0.000000	9091
10015	0.000000	9092
10013	0.000000	9093
10012	0.000000	9094
10010	0.000000	9095
10009	0.000000	9096
10008	0.000000	9097
10007	0.000000	9098
10005	0.000000	9099
10003	0.000000	9100
10002	0.000000	9101
10000	0.000000	9102
9996	0.000000	9103
9995	0.000000	9104
9993	0.000000	9105
9992	0.000000	9106
9991	0.000000	9107
9990	0.000000	9108
9989	0.000000	9109
9988	0.000000	9110
9986	0.000000	9111
9985	0.000000	9112
9984	0.000000	9113
9983	0.000000	9114
9982	0.000000	9115
9981	0.000000	9116
9977	0.000000	9117
9976	0.000000	9118
9974	0.000000	9119
9973	0.000000	9120
9972	0.000000	9121
9969	0.000000	9122
9966	0.000000	9123
9962	0.000000	9124
9961	0.000000	9125
9960	0.000000	9126
9958	0.000000	9127
9957	0.000000	9128
9956	0.000000	9129
9955	0.000000	9130
9954	0.000000	9131
9952	0.000000	9132
9950	0.000000	9133
9949	0.000000	9134
9946	0.000000	9135
9945	0.000000	9136
9944	0.000000	9137
9942	0.000000	9138
9941	0.000000	9139
9940	0.000000	9140
9939	0.000000	9141
9936	0.000000	9142
9932	0.000000	9143
9930	0.000000	9144
9928	0.000000	9145
9926	0.000000	9146
9925	0.000000	9147
9922	0.000000	9148
9919	0.000000	9149
9918	0.000000	9150
9917	0.000000	9151
9916	0.000000	9152
9914	0.000000	9153
9913	0.000000	9154
9912	0.000000	9155
9911	0.000000	9156
9908	0.000000	9157
9907	0.000000	9158
9906	0.000000	9159
9904	0.000000	9160
9903	0.000000	9161
9900	0.000000	9162
9898	0.000000	9163
9897	0.000000	9164
9896	0.000000	9165
9895	0.000000	9166
9893	0.000000	9167
9890	0.000000	9168
9889	0.000000	9169
9888	0.000000	9170
9887	0.000000	9171
9883	0.000000	9172
9879	0.000000	9173
9876	0.000000	9174
9875	0.000000	9175
9871	0.000000	9176
9870	0.000000	9177
9866	0.000000	9178
9865	0.000000	9179
9861	0.000000	9180
9860	0.000000	9181
9859	0.000000	9182
9857	0.000000	9183
9856	0.000000	9184
9855	0.000000	9185
9854	0.000000	9186
9853	0.000000	9187
9852	0.000000	9188
9850	0.000000	9189
9848	0.000000	9190
9847	0.000000	9191
9846	0.000000	9192
9844	0.000000	9193
9842	0.000000	9194
9841	0.000000	9195
9837	0.000000	9196
9835	0.000000	9197
9834	0.000000	9198
9833	0.000000	9199
9832	0.000000	9200
9831	0.000000	9201
9830	0.000000	9202
9828	0.000000	9203
9827	0.000000	9204
9826	0.000000	9205
9825	0.000000	9206
9824	0.000000	9207
9822	0.000000	9208
9821	0.000000	9209
9820	0.000000	9210
9817	0.000000	9211
9816	0.000000	9212
9815	0.000000	9213
9814	0.000000	9214
9813	0.000000	9215
9809	0.000000	9216
9808	0.000000	9217
9807	0.000000	9218
9806	0.000000	9219
9804	0.000000	9220
9803	0.000000	9221
9802	0.000000	9222
9800	0.000000	9223
9798	0.000000	9224
9797	0.000000	9225
9796	0.000000	9226
9794	0.000000	9227
9793	0.000000	9228
9792	0.000000	9229
9791	0.000000	9230
9790	0.000000	9231
9789	0.000000	9232
9788	0.000000	9233
9783	0.000000	9234
9779	0.000000	9235
9776	0.000000	9236
9775	0.000000	9237
9774	0.000000	9238
9773	0.000000	9239
9772	0.000000	9240
9770	0.000000	9241
9768	0.000000	9242
9767	0.000000	9243
9766	0.000000	9244
9765	0.000000	9245
9764	0.000000	9246
9763	0.000000	9247
9762	0.000000	9248
9761	0.000000	9249
9759	0.000000	9250
9757	0.000000	9251
9754	0.000000	9252
9751	0.000000	9253
9749	0.000000	9254
9748	0.000000	9255
9747	0.000000	9256
9745	0.000000	9257
9742	0.000000	9258
9741	0.000000	9259
9740	0.000000	9260
9737	0.000000	9261
9736	0.000000	9262
9735	0.000000	9263
9734	0.000000	9264
9728	0.000000	9265
9727	0.000000	9266
9726	0.000000	9267
9725	0.000000	9268
9724	0.000000	9269
9723	0.000000	9270
9721	0.000000	9271
9720	0.000000	9272
9719	0.000000	9273
9715	0.000000	9274
9712	0.000000	9275
9711	0.000000	9276
9710	0.000000	9277
9709	0.000000	9278
9708	0.000000	9279
9707	0.000000	9280
9704	0.000000	9281
9703	0.000000	9282
9702	0.000000	9283
9700	0.000000	9284
9698	0.000000	9285
9697	0.000000	9286
9696	0.000000	9287
9695	0.000000	9288
9694	0.000000	9289
9689	0.000000	9290
9688	0.000000	9291
9687	0.000000	9292
9686	0.000000	9293
9684	0.000000	9294
9683	0.000000	9295
9682	0.000000	9296
9680	0.000000	9297
9679	0.000000	9298
9676	0.000000	9299
9672	0.000000	9300
9670	0.000000	9301
9666	0.000000	9302
9665	0.000000	9303
9664	0.000000	9304
9663	0.000000	9305
9661	0.000000	9306
9659	0.000000	9307
9658	0.000000	9308
9656	0.000000	9309
9653	0.000000	9310
9652	0.000000	9311
9651	0.000000	9312
9649	0.000000	9313
9645	0.000000	9314
9643	0.000000	9315
9642	0.000000	9316
9641	0.000000	9317
9640	0.000000	9318
9637	0.000000	9319
9636	0.000000	9320
9634	0.000000	9321
9633	0.000000	9322
9632	0.000000	9323
9631	0.000000	9324
9630	0.000000	9325
9629	0.000000	9326
9628	0.000000	9327
9625	0.000000	9328
9621	0.000000	9329
9619	0.000000	9330
9618	0.000000	9331
9616	0.000000	9332
9613	0.000000	9333
9611	0.000000	9334
9610	0.000000	9335
9609	0.000000	9336
9606	0.000000	9337
9605	0.000000	9338
9604	0.000000	9339
9602	0.000000	9340
9599	0.000000	9341
9598	0.000000	9342
9597	0.000000	9343
9594	0.000000	9344
9593	0.000000	9345
9592	0.000000	9346
9589	0.000000	9347
9588	0.000000	9348
9585	0.000000	9349
9583	0.000000	9350
9581	0.000000	9351
9580	0.000000	9352
9579	0.000000	9353
9578	0.000000	9354
9577	0.000000	9355
9576	0.000000	9356
9575	0.000000	9357
9573	0.000000	9358
9571	0.000000	9359
9569	0.000000	9360
9568	0.000000	9361
9566	0.000000	9362
9565	0.000000	9363
9561	0.000000	9364
9559	0.000000	9365
9558	0.000000	9366
9557	0.000000	9367
9554	0.000000	9368
9551	0.000000	9369
9549	0.000000	9370
9548	0.000000	9371
9546	0.000000	9372
9545	0.000000	9373
9543	0.000000	9374
9542	0.000000	9375
9541	0.000000	9376
9540	0.000000	9377
9538	0.000000	9378
9536	0.000000	9379
9534	0.000000	9380
9533	0.000000	9381
9532	0.000000	9382
9530	0.000000	9383
9528	0.000000	9384
9527	0.000000	9385
9526	0.000000	9386
9525	0.000000	9387
9523	0.000000	9388
9522	0.000000	9389
9521	0.000000	9390
9519	0.000000	9391
9517	0.000000	9392
9516	0.000000	9393
9515	0.000000	9394
9514	0.000000	9395
9513	0.000000	9396
9511	0.000000	9397
9509	0.000000	9398
9505	0.000000	9399
9503	0.000000	9400
9502	0.000000	9401
9501	0.000000	9402
9498	0.000000	9403
9495	0.000000	9404
9493	0.000000	9405
9492	0.000000	9406
9490	0.000000	9407
9489	0.000000	9408
9486	0.000000	9409
9481	0.000000	9410
9480	0.000000	9411
9479	0.000000	9412
9478	0.000000	9413
9476	0.000000	9414
9474	0.000000	9415
9471	0.000000	9416
9469	0.000000	9417
9468	0.000000	9418
9466	0.000000	9419
9465	0.000000	9420
9464	0.000000	9421
9463	0.000000	9422
9462	0.000000	9423
9461	0.000000	9424
9460	0.000000	9425
9458	0.000000	9426
9457	0.000000	9427
9455	0.000000	9428
9454	0.000000	9429
9453	0.000000	9430
9451	0.000000	9431
9450	0.000000	9432
9449	0.000000	9433
9445	0.000000	9434
9444	0.000000	9435
9442	0.000000	9436
9441	0.000000	9437
9440	0.000000	9438
9437	0.000000	9439
9436	0.000000	9440
9434	0.000000	9441
9433	0.000000	9442
9432	0.000000	9443
9428	0.000000	9444
9426	0.000000	9445
9425	0.000000	9446
9424	0.000000	9447
9421	0.000000	9448
9419	0.000000	9449
9417	0.000000	9450
9416	0.000000	9451
9415	0.000000	9452
9414	0.000000	9453
9411	0.000000	9454
9409	0.000000	9455
9407	0.000000	9456
9406	0.000000	9457
9405	0.000000	9458
9404	0.000000	9459
9403	0.000000	9460
9402	0.000000	9461
9401	0.000000	9462
9400	0.000000	9463
9399	0.000000	9464
9398	0.000000	9465
9397	0.000000	9466
9396	0.000000	9467
9395	0.000000	9468
9393	0.000000	9469
9390	0.000000	9470
9389	0.000000	9471
9388	0.000000	9472
9387	0.000000	9473
9386	0.000000	9474
9384	0.000000	9475
9382	0.000000	9476
9381	0.000000	9477
9379	0.000000	9478
9378	0.000000	9479
9376	0.000000	9480
9375	0.000000	9481
9374	0.000000	9482
9367	0.000000	9483
9366	0.000000	9484
9365	0.000000	9485
9364	0.000000	9486
9363	0.000000	9487
9362	0.000000	9488
9360	0.000000	9489
9355	0.000000	9490
9354	0.000000	9491
9352	0.000000	9492
9351	0.000000	9493
9350	0.000000	9494
9349	0.000000	9495
9347	0.000000	9496
9343	0.000000	9497
9342	0.000000	9498
9341	0.000000	9499
9339	0.000000	9500
9337	0.000000	9501
9336	0.000000	9502
9334	0.000000	9503
9332	0.000000	9504
9330	0.000000	9505
9329	0.000000	9506
9328	0.000000	9507
9327	0.000000	9508
9325	0.000000	9509
9323	0.000000	9510
9319	0.000000	9511
9318	0.000000	9512
9315	0.000000	9513
9313	0.000000	9514
9311	0.000000	9515
9309	0.000000	9516
9307	0.000000	9517
9306	0.000000	9518
9305	0.000000	9519
9304	0.000000	9520
9301	0.000000	9521
9300	0.000000	9522
9299	0.000000	9523
9297	0.000000	9524
9296	0.000000	9525
9295	0.000000	9526
9293	0.000000	9527
9292	0.000000	9528
9291	0.000000	9529
9289	0.000000	9530
9288	0.000000	9531
9286	0.000000	9532
9284	0.000000	9533
9283	0.000000	9534
9282	0.000000	9535
9280	0.000000	9536
9279	0.000000	9537
9277	0.000000	9538
9276	0.000000	9539
9275	0.000000	9540
9271	0.000000	9541
9270	0.000000	9542
9268	0.000000	9543
9267	0.000000	9544
9266	0.000000	9545
9264	0.000000	9546
9263	0.000000	9547
9262	0.000000	9548
9261	0.000000	9549
9260	0.000000	9550
9259	0.000000	9551
9258	0.000000	9552
9257	0.000000	9553
9255	0.000000	9554
9252	0.000000	9555
9250	0.000000	9556
9249	0.000000	9557
9248	0.000000	9558
9244	0.000000	9559
9243	0.000000	9560
9239	0.000000	9561
9238	0.000000	9562
9237	0.000000	9563
9235	0.000000	9564
9234	0.000000	9565
9233	0.000000	9566
9232	0.000000	9567
9231	0.000000	9568
9230	0.000000	9569
9229	0.000000	9570
9228	0.000000	9571
9227	0.000000	9572
9221	0.000000	9573
9216	0.000000	9574
9215	0.000000	9575
9213	0.000000	9576
9212	0.000000	9577
9211	0.000000	9578
9210	0.000000	9579
9208	0.000000	9580
9207	0.000000	9581
9205	0.000000	9582
9204	0.000000	9583
9203	0.000000	9584
9202	0.000000	9585
9200	0.000000	9586
9198	0.000000	9587
9197	0.000000	9588
9195	0.000000	9589
9194	0.000000	9590
9193	0.000000	9591
9192	0.000000	9592
9191	0.000000	9593
9190	0.000000	9594
9189	0.000000	9595
9188	0.000000	9596
9185	0.000000	9597
9183	0.000000	9598
9182	0.000000	9599
9181	0.000000	9600
9176	0.000000	9601
9174	0.000000	9602
9173	0.000000	9603
9169	0.000000	9604
9167	0.000000	9605
9166	0.000000	9606
9165	0.000000	9607
9163	0.000000	9608
9161	0.000000	9609
9160	0.000000	9610
9159	0.000000	9611
9158	0.000000	9612
9156	0.000000	9613
9153	0.000000	9614
9152	0.000000	9615
9149	0.000000	9616
9147	0.000000	9617
9144	0.000000	9618
9143	0.000000	9619
9142	0.000000	9620
9141	0.000000	9621
9140	0.000000	9622
9139	0.000000	9623
9138	0.000000	9624
9137	0.000000	9625
9136	0.000000	9626
9134	0.000000	9627
9133	0.000000	9628
9132	0.000000	9629
9130	0.000000	9630
9129	0.000000	9631
9128	0.000000	9632
9126	0.000000	9633
9125	0.000000	9634
9123	0.000000	9635
9121	0.000000	9636
9120	0.000000	9637
9119	0.000000	9638
9116	0.000000	9639
9112	0.000000	9640
9111	0.000000	9641
9109	0.000000	9642
9107	0.000000	9643
9106	0.000000	9644
9103	0.000000	9645
9102	0.000000	9646
9101	0.000000	9647
9100	0.000000	9648
9099	0.000000	9649
9098	0.000000	9650
9097	0.000000	9651
9096	0.000000	9652
9095	0.000000	9653
9094	0.000000	9654
9093	0.000000	9655
9092	0.000000	9656
9091	0.000000	9657
9090	0.000000	9658
9089	0.000000	9659
9087	0.000000	9660
9086	0.000000	9661
9085	0.000000	9662
9082	0.000000	9663
9080	0.000000	9664
9079	0.000000	9665
9077	0.000000	9666
9076	0.000000	9667
9075	0.000000	9668
9074	0.000000	9669
9073	0.000000	9670
9071	0.000000	9671
9069	0.000000	9672
9068	0.000000	9673
9066	0.000000	9674
9065	0.000000	9675
9064	0.000000	9676
9063	0.000000	9677
9062	0.000000	9678
9061	0.000000	9679
9059	0.000000	9680
9055	0.000000	9681
9054	0.000000	9682
9053	0.000000	9683
9050	0.000000	9684
9049	0.000000	9685
9048	0.000000	9686
9047	0.000000	9687
9046	0.000000	9688
9045	0.000000	9689
9044	0.000000	9690
9042	0.000000	9691
9041	0.000000	9692
9039	0.000000	9693
9037	0.000000	9694
9035	0.000000	9695
9034	0.000000	9696
9032	0.000000	9697
9029	0.000000	9698
9028	0.000000	9699
9026	0.000000	9700
9025	0.000000	9701
9024	0.000000	9702
9022	0.000000	9703
9018	0.000000	9704
9017	0.000000	9705
9015	0.000000	9706
9013	0.000000	9707
9009	0.000000	9708
9007	0.000000	9709
9006	0.000000	9710
9005	0.000000	9711
9004	0.000000	9712
9002	0.000000	9713
9001	0.000000	9714
9000	0.000000	9715
8999	0.000000	9716
8998	0.000000	9717
8997	0.000000	9718
8996	0.000000	9719
8993	0.000000	9720
8989	0.000000	9721
8988	0.000000	9722
8987	0.000000	9723
8985	0.000000	9724
8983	0.000000	9725
8982	0.000000	9726
8981	0.000000	9727
8980	0.000000	9728
8978	0.000000	9729
8977	0.000000	9730
8974	0.000000	9731
8973	0.000000	9732
8972	0.000000	9733
8971	0.000000	9734
8970	0.000000	9735
8969	0.000000	9736
8968	0.000000	9737
8967	0.000000	9738
8966	0.000000	9739
8965	0.000000	9740
8963	0.000000	9741
8961	0.000000	9742
8960	0.000000	9743
8959	0.000000	9744
8958	0.000000	9745
8957	0.000000	9746
8955	0.000000	9747
8954	0.000000	9748
8953	0.000000	9749
8950	0.000000	9750
8949	0.000000	9751
8948	0.000000	9752
8946	0.000000	9753
8945	0.000000	9754
8944	0.000000	9755
8943	0.000000	9756
8941	0.000000	9757
8939	0.000000	9758
8937	0.000000	9759
8936	0.000000	9760
8935	0.000000	9761
8932	0.000000	9762
8931	0.000000	9763
8925	0.000000	9764
8923	0.000000	9765
8922	0.000000	9766
8920	0.000000	9767
8917	0.000000	9768
8916	0.000000	9769
8915	0.000000	9770
8914	0.000000	9771
8913	0.000000	9772
8909	0.000000	9773
8908	0.000000	9774
8907	0.000000	9775
8906	0.000000	9776
8904	0.000000	9777
8903	0.000000	9778
8902	0.000000	9779
8901	0.000000	9780
8900	0.000000	9781
8899	0.000000	9782
8898	0.000000	9783
8897	0.000000	9784
8896	0.000000	9785
8894	0.000000	9786
8893	0.000000	9787
8892	0.000000	9788
8891	0.000000	9789
8890	0.000000	9790
8889	0.000000	9791
8888	0.000000	9792
8884	0.000000	9793
8883	0.000000	9794
8880	0.000000	9795
8879	0.000000	9796
8875	0.000000	9797
8874	0.000000	9798
8872	0.000000	9799
8871	0.000000	9800
8869	0.000000	9801
8868	0.000000	9802
8867	0.000000	9803
8866	0.000000	9804
8865	0.000000	9805
8863	0.000000	9806
8862	0.000000	9807
8859	0.000000	9808
8858	0.000000	9809
8857	0.000000	9810
8856	0.000000	9811
8855	0.000000	9812
8852	0.000000	9813
8850	0.000000	9814
8843	0.000000	9815
8842	0.000000	9816
8841	0.000000	9817
8840	0.000000	9818
8839	0.000000	9819
8836	0.000000	9820
8835	0.000000	9821
8834	0.000000	9822
8833	0.000000	9823
8831	0.000000	9824
8830	0.000000	9825
8829	0.000000	9826
8827	0.000000	9827
8826	0.000000	9828
8825	0.000000	9829
8823	0.000000	9830
8819	0.000000	9831
8817	0.000000	9832
8815	0.000000	9833
8813	0.000000	9834
8812	0.000000	9835
8809	0.000000	9836
8808	0.000000	9837
8807	0.000000	9838
8804	0.000000	9839
8803	0.000000	9840
8802	0.000000	9841
8799	0.000000	9842
8798	0.000000	9843
8795	0.000000	9844
8794	0.000000	9845
8790	0.000000	9846
8789	0.000000	9847
8788	0.000000	9848
8787	0.000000	9849
8786	0.000000	9850
8784	0.000000	9851
8783	0.000000	9852
8782	0.000000	9853
8773	0.000000	9854
8772	0.000000	9855
8771	0.000000	9856
8770	0.000000	9857
8768	0.000000	9858
8765	0.000000	9859
8763	0.000000	9860
8760	0.000000	9861
8756	0.000000	9862
8755	0.000000	9863
8754	0.000000	9864
8752	0.000000	9865
8751	0.000000	9866
8749	0.000000	9867
8747	0.000000	9868
8746	0.000000	9869
8745	0.000000	9870
8744	0.000000	9871
8742	0.000000	9872
8735	0.000000	9873
8734	0.000000	9874
8733	0.000000	9875
8732	0.000000	9876
8731	0.000000	9877
8730	0.000000	9878
8727	0.000000	9879
8726	0.000000	9880
8725	0.000000	9881
8720	0.000000	9882
8716	0.000000	9883
8715	0.000000	9884
8714	0.000000	9885
8712	0.000000	9886
8710	0.000000	9887
8709	0.000000	9888
8708	0.000000	9889
8706	0.000000	9890
8705	0.000000	9891
8704	0.000000	9892
8703	0.000000	9893
8702	0.000000	9894
8700	0.000000	9895
8698	0.000000	9896
8696	0.000000	9897
8693	0.000000	9898
8692	0.000000	9899
8691	0.000000	9900
8689	0.000000	9901
8688	0.000000	9902
8687	0.000000	9903
8686	0.000000	9904
8684	0.000000	9905
8678	0.000000	9906
8677	0.000000	9907
8676	0.000000	9908
8674	0.000000	9909
8673	0.000000	9910
8672	0.000000	9911
8671	0.000000	9912
8670	0.000000	9913
8669	0.000000	9914
8668	0.000000	9915
8665	0.000000	9916
8661	0.000000	9917
8660	0.000000	9918
8659	0.000000	9919
8658	0.000000	9920
8657	0.000000	9921
8654	0.000000	9922
8649	0.000000	9923
8648	0.000000	9924
8647	0.000000	9925
8646	0.000000	9926
8644	0.000000	9927
8641	0.000000	9928
8640	0.000000	9929
8639	0.000000	9930
8636	0.000000	9931
8635	0.000000	9932
8634	0.000000	9933
8632	0.000000	9934
8631	0.000000	9935
8630	0.000000	9936
8629	0.000000	9937
8628	0.000000	9938
8626	0.000000	9939
8624	0.000000	9940
8622	0.000000	9941
8621	0.000000	9942
8620	0.000000	9943
8618	0.000000	9944
8617	0.000000	9945
8613	0.000000	9946
8612	0.000000	9947
8608	0.000000	9948
8606	0.000000	9949
8603	0.000000	9950
8601	0.000000	9951
8600	0.000000	9952
8594	0.000000	9953
8593	0.000000	9954
8589	0.000000	9955
8588	0.000000	9956
8587	0.000000	9957
8585	0.000000	9958
8584	0.000000	9959
8583	0.000000	9960
8582	0.000000	9961
8581	0.000000	9962
8578	0.000000	9963
8575	0.000000	9964
8573	0.000000	9965
8572	0.000000	9966
8569	0.000000	9967
8568	0.000000	9968
8565	0.000000	9969
8564	0.000000	9970
8561	0.000000	9971
8560	0.000000	9972
8557	0.000000	9973
8555	0.000000	9974
8553	0.000000	9975
8552	0.000000	9976
8551	0.000000	9977
8548	0.000000	9978
8547	0.000000	9979
8546	0.000000	9980
8545	0.000000	9981
8543	0.000000	9982
8542	0.000000	9983
8539	0.000000	9984
8538	0.000000	9985
8536	0.000000	9986
8534	0.000000	9987
8532	0.000000	9988
8531	0.000000	9989
8530	0.000000	9990
8527	0.000000	9991
8524	0.000000	9992
8521	0.000000	9993
8514	0.000000	9994
8513	0.000000	9995
8511	0.000000	9996
8502	0.000000	9997
8499	0.000000	9998
8498	0.000000	9999
8497	0.000000	10000
8494	0.000000	10001
8492	0.000000	10002
8489	0.000000	10003
8487	0.000000	10004
8486	0.000000	10005
8481	0.000000	10006
8475	0.000000	10007
8474	0.000000	10008
8471	0.000000	10009
8470	0.000000	10010
8464	0.000000	10011
8463	0.000000	10012
8461	0.000000	10013
8460	0.000000	10014
8456	0.000000	10015
8454	0.000000	10016
8452	0.000000	10017
8450	0.000000	10018
8448	0.000000	10019
8446	0.000000	10020
8444	0.000000	10021
8443	0.000000	10022
8436	0.000000	10023
8435	0.000000	10024
8434	0.000000	10025
8433	0.000000	10026
8429	0.000000	10027
8428	0.000000	10028
8425	0.000000	10029
8424	0.000000	10030
8421	0.000000	10031
8420	0.000000	10032
8419	0.000000	10033
8418	0.000000	10034
8417	0.000000	10035
8416	0.000000	10036
8415	0.000000	10037
8414	0.000000	10038
8410	0.000000	10039
8408	0.000000	10040
8401	0.000000	10041
8400	0.000000	10042
8395	0.000000	10043
8391	0.000000	10044
8379	0.000000	10045
8375	0.000000	10046
8373	0.000000	10047
8372	0.000000	10048
8371	0.000000	10049
8366	0.000000	10050
8364	0.000000	10051
8363	0.000000	10052
8360	0.000000	10053
8358	0.000000	10054
8356	0.000000	10055
8354	0.000000	10056
8353	0.000000	10057
8352	0.000000	10058
8351	0.000000	10059
8348	0.000000	10060
8340	0.000000	10061
8339	0.000000	10062
8336	0.000000	10063
8334	0.000000	10064
8332	0.000000	10065
8330	0.000000	10066
8329	0.000000	10067
8323	0.000000	10068
8322	0.000000	10069
8321	0.000000	10070
8316	0.000000	10071
8314	0.000000	10072
8313	0.000000	10073
8310	0.000000	10074
8308	0.000000	10075
8305	0.000000	10076
8303	0.000000	10077
8302	0.000000	10078
8299	0.000000	10079
8296	0.000000	10080
8294	0.000000	10081
8293	0.000000	10082
8292	0.000000	10083
8291	0.000000	10084
8289	0.000000	10085
8288	0.000000	10086
8286	0.000000	10087
8285	0.000000	10088
8284	0.000000	10089
8283	0.000000	10090
8282	0.000000	10091
8279	0.000000	10092
8278	0.000000	10093
8277	0.000000	10094
8275	0.000000	10095
8274	0.000000	10096
8272	0.000000	10097
8270	0.000000	10098
8268	0.000000	10099
8266	0.000000	10100
8265	0.000000	10101
8264	0.000000	10102
8263	0.000000	10103
8262	0.000000	10104
8259	0.000000	10105
8258	0.000000	10106
8257	0.000000	10107
8253	0.000000	10108
8250	0.000000	10109
8249	0.000000	10110
8248	0.000000	10111
8246	0.000000	10112
8245	0.000000	10113
8243	0.000000	10114
8242	0.000000	10115
8241	0.000000	10116
8240	0.000000	10117
8238	0.000000	10118
8237	0.000000	10119
8231	0.000000	10120
8230	0.000000	10121
8229	0.000000	10122
8228	0.000000	10123
8227	0.000000	10124
8226	0.000000	10125
8223	0.000000	10126
8222	0.000000	10127
8220	0.000000	10128
8219	0.000000	10129
8218	0.000000	10130
8216	0.000000	10131
8214	0.000000	10132
8213	0.000000	10133
8212	0.000000	10134
8211	0.000000	10135
8210	0.000000	10136
8208	0.000000	10137
8207	0.000000	10138
8206	0.000000	10139
8205	0.000000	10140
8202	0.000000	10141
8200	0.000000	10142
8199	0.000000	10143
8198	0.000000	10144
8197	0.000000	10145
8196	0.000000	10146
8195	0.000000	10147
8194	0.000000	10148
8192	0.000000	10149
8191	0.000000	10150
8187	0.000000	10151
8186	0.000000	10152
8184	0.000000	10153
8183	0.000000	10154
8182	0.000000	10155
8181	0.000000	10156
8180	0.000000	10157
8175	0.000000	10158
8173	0.000000	10159
8171	0.000000	10160
8169	0.000000	10161
8168	0.000000	10162
8166	0.000000	10163
8164	0.000000	10164
8163	0.000000	10165
8158	0.000000	10166
8153	0.000000	10167
8152	0.000000	10168
8151	0.000000	10169
8150	0.000000	10170
8149	0.000000	10171
8148	0.000000	10172
8147	0.000000	10173
8146	0.000000	10174
8145	0.000000	10175
8144	0.000000	10176
8143	0.000000	10177
8142	0.000000	10178
8141	0.000000	10179
8139	0.000000	10180
8138	0.000000	10181
8137	0.000000	10182
8136	0.000000	10183
8133	0.000000	10184
8131	0.000000	10185
8130	0.000000	10186
8127	0.000000	10187
8126	0.000000	10188
8121	0.000000	10189
8120	0.000000	10190
8117	0.000000	10191
8114	0.000000	10192
8112	0.000000	10193
8111	0.000000	10194
8108	0.000000	10195
8103	0.000000	10196
8102	0.000000	10197
8101	0.000000	10198
8100	0.000000	10199
8099	0.000000	10200
8098	0.000000	10201
8097	0.000000	10202
8096	0.000000	10203
8094	0.000000	10204
8093	0.000000	10205
8091	0.000000	10206
8090	0.000000	10207
8087	0.000000	10208
8086	0.000000	10209
8085	0.000000	10210
8083	0.000000	10211
8079	0.000000	10212
8077	0.000000	10213
8072	0.000000	10214
8071	0.000000	10215
8070	0.000000	10216
8069	0.000000	10217
8067	0.000000	10218
8064	0.000000	10219
8063	0.000000	10220
8061	0.000000	10221
8060	0.000000	10222
8059	0.000000	10223
8056	0.000000	10224
8055	0.000000	10225
8054	0.000000	10226
8053	0.000000	10227
8052	0.000000	10228
8051	0.000000	10229
8050	0.000000	10230
8046	0.000000	10231
8045	0.000000	10232
8043	0.000000	10233
8042	0.000000	10234
8040	0.000000	10235
8039	0.000000	10236
8038	0.000000	10237
8037	0.000000	10238
8029	0.000000	10239
8028	0.000000	10240
8026	0.000000	10241
8022	0.000000	10242
8021	0.000000	10243
8020	0.000000	10244
8018	0.000000	10245
8015	0.000000	10246
8014	0.000000	10247
8013	0.000000	10248
8012	0.000000	10249
8005	0.000000	10250
8004	0.000000	10251
8003	0.000000	10252
8000	0.000000	10253
7999	0.000000	10254
7997	0.000000	10255
7994	0.000000	10256
7991	0.000000	10257
7989	0.000000	10258
7987	0.000000	10259
7986	0.000000	10260
7985	0.000000	10261
7984	0.000000	10262
7983	0.000000	10263
7982	0.000000	10264
7980	0.000000	10265
7979	0.000000	10266
7978	0.000000	10267
7977	0.000000	10268
7975	0.000000	10269
7974	0.000000	10270
7973	0.000000	10271
7972	0.000000	10272
7971	0.000000	10273
7970	0.000000	10274
7969	0.000000	10275
7968	0.000000	10276
7967	0.000000	10277
7966	0.000000	10278
7960	0.000000	10279
7959	0.000000	10280
7958	0.000000	10281
7957	0.000000	10282
7955	0.000000	10283
7954	0.000000	10284
7953	0.000000	10285
7952	0.000000	10286
7951	0.000000	10287
7949	0.000000	10288
7948	0.000000	10289
7946	0.000000	10290
7944	0.000000	10291
7943	0.000000	10292
7940	0.000000	10293
7939	0.000000	10294
7938	0.000000	10295
7937	0.000000	10296
7936	0.000000	10297
7935	0.000000	10298
7932	0.000000	10299
7931	0.000000	10300
7926	0.000000	10301
7924	0.000000	10302
7923	0.000000	10303
7922	0.000000	10304
7921	0.000000	10305
7920	0.000000	10306
7919	0.000000	10307
7918	0.000000	10308
7917	0.000000	10309
7915	0.000000	10310
7913	0.000000	10311
7912	0.000000	10312
7911	0.000000	10313
7910	0.000000	10314
7909	0.000000	10315
7908	0.000000	10316
7907	0.000000	10317
7906	0.000000	10318
7905	0.000000	10319
7903	0.000000	10320
7900	0.000000	10321
7895	0.000000	10322
7893	0.000000	10323
7892	0.000000	10324
7891	0.000000	10325
7890	0.000000	10326
7888	0.000000	10327
7887	0.000000	10328
7886	0.000000	10329
7884	0.000000	10330
7883	0.000000	10331
7881	0.000000	10332
7880	0.000000	10333
7878	0.000000	10334
7874	0.000000	10335
7873	0.000000	10336
7872	0.000000	10337
7871	0.000000	10338
7870	0.000000	10339
7869	0.000000	10340
7868	0.000000	10341
7862	0.000000	10342
7858	0.000000	10343
7855	0.000000	10344
7854	0.000000	10345
7853	0.000000	10346
7852	0.000000	10347
7851	0.000000	10348
7847	0.000000	10349
7846	0.000000	10350
7841	0.000000	10351
7838	0.000000	10352
7837	0.000000	10353
7835	0.000000	10354
7833	0.000000	10355
7831	0.000000	10356
7830	0.000000	10357
7828	0.000000	10358
7827	0.000000	10359
7826	0.000000	10360
7824	0.000000	10361
7822	0.000000	10362
7820	0.000000	10363
7818	0.000000	10364
7816	0.000000	10365
7814	0.000000	10366
7813	0.000000	10367
7811	0.000000	10368
7810	0.000000	10369
7808	0.000000	10370
7806	0.000000	10371
7804	0.000000	10372
7798	0.000000	10373
7797	0.000000	10374
7796	0.000000	10375
7795	0.000000	10376
7793	0.000000	10377
7792	0.000000	10378
7788	0.000000	10379
7787	0.000000	10380
7785	0.000000	10381
7783	0.000000	10382
7782	0.000000	10383
7781	0.000000	10384
7779	0.000000	10385
7778	0.000000	10386
7776	0.000000	10387
7775	0.000000	10388
7772	0.000000	10389
7771	0.000000	10390
7770	0.000000	10391
7769	0.000000	10392
7768	0.000000	10393
7767	0.000000	10394
7766	0.000000	10395
7765	0.000000	10396
7763	0.000000	10397
7760	0.000000	10398
7759	0.000000	10399
7754	0.000000	10400
7752	0.000000	10401
7750	0.000000	10402
7749	0.000000	10403
7748	0.000000	10404
7747	0.000000	10405
7744	0.000000	10406
7742	0.000000	10407
7737	0.000000	10408
7735	0.000000	10409
7733	0.000000	10410
7731	0.000000	10411
7727	0.000000	10412
7724	0.000000	10413
7723	0.000000	10414
7722	0.000000	10415
7721	0.000000	10416
7717	0.000000	10417
7714	0.000000	10418
7713	0.000000	10419
7709	0.000000	10420
7708	0.000000	10421
7707	0.000000	10422
7706	0.000000	10423
7700	0.000000	10424
7699	0.000000	10425
7696	0.000000	10426
7695	0.000000	10427
7692	0.000000	10428
7691	0.000000	10429
7690	0.000000	10430
7689	0.000000	10431
7684	0.000000	10432
7681	0.000000	10433
7680	0.000000	10434
7675	0.000000	10435
7673	0.000000	10436
7672	0.000000	10437
7671	0.000000	10438
7669	0.000000	10439
7667	0.000000	10440
7666	0.000000	10441
7665	0.000000	10442
7663	0.000000	10443
7661	0.000000	10444
7658	0.000000	10445
7657	0.000000	10446
7652	0.000000	10447
7651	0.000000	10448
7650	0.000000	10449
7648	0.000000	10450
7646	0.000000	10451
7642	0.000000	10452
7638	0.000000	10453
7635	0.000000	10454
7630	0.000000	10455
7628	0.000000	10456
7625	0.000000	10457
7624	0.000000	10458
7623	0.000000	10459
7612	0.000000	10460
7607	0.000000	10461
7606	0.000000	10462
7603	0.000000	10463
7601	0.000000	10464
7599	0.000000	10465
7598	0.000000	10466
7597	0.000000	10467
7596	0.000000	10468
7594	0.000000	10469
7593	0.000000	10470
7591	0.000000	10471
7588	0.000000	10472
7585	0.000000	10473
7584	0.000000	10474
7582	0.000000	10475
7581	0.000000	10476
7580	0.000000	10477
7570	0.000000	10478
7569	0.000000	10479
7567	0.000000	10480
7563	0.000000	10481
7562	0.000000	10482
7559	0.000000	10483
7558	0.000000	10484
7553	0.000000	10485
7552	0.000000	10486
7551	0.000000	10487
7550	0.000000	10488
7548	0.000000	10489
7542	0.000000	10490
7541	0.000000	10491
7539	0.000000	10492
7529	0.000000	10493
7525	0.000000	10494
7522	0.000000	10495
7519	0.000000	10496
7518	0.000000	10497
7516	0.000000	10498
7515	0.000000	10499
7514	0.000000	10500
7513	0.000000	10501
7511	0.000000	10502
7510	0.000000	10503
7509	0.000000	10504
7506	0.000000	10505
7500	0.000000	10506
7498	0.000000	10507
7496	0.000000	10508
7493	0.000000	10509
7491	0.000000	10510
7490	0.000000	10511
7489	0.000000	10512
7486	0.000000	10513
7481	0.000000	10514
7480	0.000000	10515
7479	0.000000	10516
7478	0.000000	10517
7477	0.000000	10518
7476	0.000000	10519
7475	0.000000	10520
7468	0.000000	10521
7465	0.000000	10522
7464	0.000000	10523
7463	0.000000	10524
7459	0.000000	10525
7458	0.000000	10526
7455	0.000000	10527
7453	0.000000	10528
7451	0.000000	10529
7448	0.000000	10530
7435	0.000000	10531
7432	0.000000	10532
7429	0.000000	10533
7425	0.000000	10534
7422	0.000000	10535
7420	0.000000	10536
7419	0.000000	10537
7417	0.000000	10538
7415	0.000000	10539
7409	0.000000	10540
7408	0.000000	10541
7407	0.000000	10542
7406	0.000000	10543
7405	0.000000	10544
7400	0.000000	10545
7398	0.000000	10546
7396	0.000000	10547
7395	0.000000	10548
7394	0.000000	10549
7393	0.000000	10550
7392	0.000000	10551
7391	0.000000	10552
7375	0.000000	10553
7372	0.000000	10554
7369	0.000000	10555
7367	0.000000	10556
7365	0.000000	10557
7360	0.000000	10558
7358	0.000000	10559
7357	0.000000	10560
7354	0.000000	10561
7352	0.000000	10562
7345	0.000000	10563
7344	0.000000	10564
7342	0.000000	10565
7339	0.000000	10566
7337	0.000000	10567
7335	0.000000	10568
7334	0.000000	10569
7333	0.000000	10570
7332	0.000000	10571
7330	0.000000	10572
7329	0.000000	10573
7328	0.000000	10574
7319	0.000000	10575
7315	0.000000	10576
7313	0.000000	10577
7311	0.000000	10578
7309	0.000000	10579
7307	0.000000	10580
7306	0.000000	10581
7305	0.000000	10582
7303	0.000000	10583
7302	0.000000	10584
7293	0.000000	10585
7284	0.000000	10586
7282	0.000000	10587
7279	0.000000	10588
7277	0.000000	10589
7275	0.000000	10590
7272	0.000000	10591
7270	0.000000	10592
7265	0.000000	10593
7260	0.000000	10594
7256	0.000000	10595
7255	0.000000	10596
7248	0.000000	10597
7246	0.000000	10598
7244	0.000000	10599
7243	0.000000	10600
7242	0.000000	10601
7241	0.000000	10602
7239	0.000000	10603
7238	0.000000	10604
7235	0.000000	10605
7233	0.000000	10606
7230	0.000000	10607
7228	0.000000	10608
7226	0.000000	10609
7220	0.000000	10610
7219	0.000000	10611
7218	0.000000	10612
7214	0.000000	10613
7212	0.000000	10614
7211	0.000000	10615
7210	0.000000	10616
7208	0.000000	10617
7206	0.000000	10618
7204	0.000000	10619
7201	0.000000	10620
7200	0.000000	10621
7196	0.000000	10622
7195	0.000000	10623
7194	0.000000	10624
7193	0.000000	10625
7190	0.000000	10626
7187	0.000000	10627
7186	0.000000	10628
7185	0.000000	10629
7184	0.000000	10630
7177	0.000000	10631
7174	0.000000	10632
7171	0.000000	10633
7169	0.000000	10634
7168	0.000000	10635
7161	0.000000	10636
7159	0.000000	10637
7157	0.000000	10638
7156	0.000000	10639
7155	0.000000	10640
7154	0.000000	10641
7153	0.000000	10642
7152	0.000000	10643
7150	0.000000	10644
7148	0.000000	10645
7147	0.000000	10646
7146	0.000000	10647
7145	0.000000	10648
7144	0.000000	10649
7143	0.000000	10650
7141	0.000000	10651
7139	0.000000	10652
7138	0.000000	10653
7137	0.000000	10654
7136	0.000000	10655
7132	0.000000	10656
7131	0.000000	10657
7130	0.000000	10658
7127	0.000000	10659
7126	0.000000	10660
7125	0.000000	10661
7123	0.000000	10662
7122	0.000000	10663
7121	0.000000	10664
7111	0.000000	10665
7110	0.000000	10666
7108	0.000000	10667
7107	0.000000	10668
7106	0.000000	10669
7097	0.000000	10670
7094	0.000000	10671
7093	0.000000	10672
7092	0.000000	10673
7091	0.000000	10674
7090	0.000000	10675
7086	0.000000	10676
7085	0.000000	10677
7079	0.000000	10678
7078	0.000000	10679
7077	0.000000	10680
7076	0.000000	10681
7073	0.000000	10682
7070	0.000000	10683
7069	0.000000	10684
7067	0.000000	10685
7064	0.000000	10686
7063	0.000000	10687
7058	0.000000	10688
7057	0.000000	10689
7056	0.000000	10690
7054	0.000000	10691
7053	0.000000	10692
7050	0.000000	10693
7049	0.000000	10694
7048	0.000000	10695
7047	0.000000	10696
7046	0.000000	10697
7044	0.000000	10698
7043	0.000000	10699
7042	0.000000	10700
7039	0.000000	10701
7037	0.000000	10702
7035	0.000000	10703
7034	0.000000	10704
7032	0.000000	10705
7031	0.000000	10706
7030	0.000000	10707
7027	0.000000	10708
7026	0.000000	10709
7024	0.000000	10710
7023	0.000000	10711
7021	0.000000	10712
7020	0.000000	10713
7009	0.000000	10714
7005	0.000000	10715
7003	0.000000	10716
7000	0.000000	10717
6997	0.000000	10718
6996	0.000000	10719
6992	0.000000	10720
6991	0.000000	10721
6990	0.000000	10722
6986	0.000000	10723
6985	0.000000	10724
6984	0.000000	10725
6982	0.000000	10726
6981	0.000000	10727
6979	0.000000	10728
6978	0.000000	10729
6975	0.000000	10730
6967	0.000000	10731
6964	0.000000	10732
6951	0.000000	10733
6950	0.000000	10734
6949	0.000000	10735
6946	0.000000	10736
6943	0.000000	10737
6940	0.000000	10738
6936	0.000000	10739
6935	0.000000	10740
6931	0.000000	10741
6926	0.000000	10742
6925	0.000000	10743
6923	0.000000	10744
6922	0.000000	10745
6921	0.000000	10746
6917	0.000000	10747
6915	0.000000	10748
6912	0.000000	10749
6907	0.000000	10750
6905	0.000000	10751
6904	0.000000	10752
6895	0.000000	10753
6878	0.000000	10754
6877	0.000000	10755
6870	0.000000	10756
6861	0.000000	10757
6860	0.000000	10758
6859	0.000000	10759
6857	0.000000	10760
6855	0.000000	10761
6851	0.000000	10762
6850	0.000000	10763
6848	0.000000	10764
6846	0.000000	10765
6844	0.000000	10766
6837	0.000000	10767
6834	0.000000	10768
6831	0.000000	10769
6830	0.000000	10770
6822	0.000000	10771
6816	0.000000	10772
6815	0.000000	10773
6814	0.000000	10774
6813	0.000000	10775
6812	0.000000	10776
6810	0.000000	10777
6809	0.000000	10778
6807	0.000000	10779
6802	0.000000	10780
6799	0.000000	10781
6786	0.000000	10782
6782	0.000000	10783
6781	0.000000	10784
6779	0.000000	10785
6774	0.000000	10786
6773	0.000000	10787
6772	0.000000	10788
6767	0.000000	10789
6766	0.000000	10790
6765	0.000000	10791
6764	0.000000	10792
6763	0.000000	10793
6761	0.000000	10794
6759	0.000000	10795
6754	0.000000	10796
6753	0.000000	10797
6751	0.000000	10798
6750	0.000000	10799
6747	0.000000	10800
6742	0.000000	10801
6741	0.000000	10802
6740	0.000000	10803
6738	0.000000	10804
6737	0.000000	10805
6736	0.000000	10806
6734	0.000000	10807
6733	0.000000	10808
6731	0.000000	10809
6726	0.000000	10810
6723	0.000000	10811
6722	0.000000	10812
6721	0.000000	10813
6719	0.000000	10814
6718	0.000000	10815
6714	0.000000	10816
6710	0.000000	10817
6705	0.000000	10818
6704	0.000000	10819
6702	0.000000	10820
6694	0.000000	10821
6692	0.000000	10822
6689	0.000000	10823
6679	0.000000	10824
6674	0.000000	10825
6672	0.000000	10826
6671	0.000000	10827
6670	0.000000	10828
6669	0.000000	10829
6666	0.000000	10830
6665	0.000000	10831
6664	0.000000	10832
6663	0.000000	10833
6661	0.000000	10834
6658	0.000000	10835
6657	0.000000	10836
6651	0.000000	10837
6642	0.000000	10838
6641	0.000000	10839
6640	0.000000	10840
6639	0.000000	10841
6638	0.000000	10842
6637	0.000000	10843
6635	0.000000	10844
6634	0.000000	10845
6627	0.000000	10846
6625	0.000000	10847
6624	0.000000	10848
6621	0.000000	10849
6619	0.000000	10850
6617	0.000000	10851
6616	0.000000	10852
6609	0.000000	10853
6607	0.000000	10854
6605	0.000000	10855
6601	0.000000	10856
6598	0.000000	10857
6596	0.000000	10858
6595	0.000000	10859
6594	0.000000	10860
6592	0.000000	10861
6591	0.000000	10862
6590	0.000000	10863
6587	0.000000	10864
6586	0.000000	10865
6585	0.000000	10866
6584	0.000000	10867
6583	0.000000	10868
6581	0.000000	10869
6580	0.000000	10870
6575	0.000000	10871
6574	0.000000	10872
6573	0.000000	10873
6568	0.000000	10874
6559	0.000000	10875
6548	0.000000	10876
6544	0.000000	10877
6539	0.000000	10878
6538	0.000000	10879
6532	0.000000	10880
6530	0.000000	10881
6529	0.000000	10882
6527	0.000000	10883
6525	0.000000	10884
6524	0.000000	10885
6520	0.000000	10886
6519	0.000000	10887
6517	0.000000	10888
6512	0.000000	10889
6507	0.000000	10890
6506	0.000000	10891
6502	0.000000	10892
6494	0.000000	10893
6488	0.000000	10894
6485	0.000000	10895
6482	0.000000	10896
6480	0.000000	10897
6477	0.000000	10898
6475	0.000000	10899
6468	0.000000	10900
6463	0.000000	10901
6461	0.000000	10902
6456	0.000000	10903
6455	0.000000	10904
6453	0.000000	10905
6451	0.000000	10906
6444	0.000000	10907
6442	0.000000	10908
6438	0.000000	10909
6432	0.000000	10910
6430	0.000000	10911
6428	0.000000	10912
6427	0.000000	10913
6425	0.000000	10914
6404	0.000000	10915
6402	0.000000	10916
6399	0.000000	10917
6398	0.000000	10918
6397	0.000000	10919
6391	0.000000	10920
6390	0.000000	10921
6389	0.000000	10922
6387	0.000000	10923
6384	0.000000	10924
6381	0.000000	10925
6380	0.000000	10926
6379	0.000000	10927
6378	0.000000	10928
6377	0.000000	10929
6376	0.000000	10930
6375	0.000000	10931
6367	0.000000	10932
6357	0.000000	10933
6355	0.000000	10934
6327	0.000000	10935
6324	0.000000	10936
6320	0.000000	10937
6317	0.000000	10938
6313	0.000000	10939
6312	0.000000	10940
6304	0.000000	10941
6301	0.000000	10942
6297	0.000000	10943
6294	0.000000	10944
6292	0.000000	10945
6291	0.000000	10946
6290	0.000000	10947
6289	0.000000	10948
6288	0.000000	10949
6286	0.000000	10950
6284	0.000000	10951
6283	0.000000	10952
6282	0.000000	10953
6281	0.000000	10954
6280	0.000000	10955
6278	0.000000	10956
6277	0.000000	10957
6276	0.000000	10958
6274	0.000000	10959
6273	0.000000	10960
6272	0.000000	10961
6271	0.000000	10962
6270	0.000000	10963
6269	0.000000	10964
6268	0.000000	10965
6266	0.000000	10966
6265	0.000000	10967
6262	0.000000	10968
6259	0.000000	10969
6258	0.000000	10970
6256	0.000000	10971
6255	0.000000	10972
6252	0.000000	10973
6248	0.000000	10974
6247	0.000000	10975
6244	0.000000	10976
6241	0.000000	10977
6240	0.000000	10978
6239	0.000000	10979
6237	0.000000	10980
6236	0.000000	10981
6233	0.000000	10982
6232	0.000000	10983
6229	0.000000	10984
6225	0.000000	10985
6224	0.000000	10986
6223	0.000000	10987
6222	0.000000	10988
6221	0.000000	10989
6219	0.000000	10990
6217	0.000000	10991
6215	0.000000	10992
6214	0.000000	10993
6208	0.000000	10994
6207	0.000000	10995
6205	0.000000	10996
6201	0.000000	10997
6199	0.000000	10998
6194	0.000000	10999
6193	0.000000	11000
6192	0.000000	11001
6191	0.000000	11002
6190	0.000000	11003
6189	0.000000	11004
6188	0.000000	11005
6187	0.000000	11006
6175	0.000000	11007
6165	0.000000	11008
6162	0.000000	11009
6161	0.000000	11010
6160	0.000000	11011
6159	0.000000	11012
6158	0.000000	11013
6157	0.000000	11014
6155	0.000000	11015
6154	0.000000	11016
6153	0.000000	11017
6151	0.000000	11018
6150	0.000000	11019
6148	0.000000	11020
6143	0.000000	11021
6140	0.000000	11022
6139	0.000000	11023
6134	0.000000	11024
6132	0.000000	11025
6130	0.000000	11026
6127	0.000000	11027
6126	0.000000	11028
6124	0.000000	11029
6121	0.000000	11030
6119	0.000000	11031
6118	0.000000	11032
6117	0.000000	11033
6115	0.000000	11034
6114	0.000000	11035
6111	0.000000	11036
6109	0.000000	11037
6108	0.000000	11038
6107	0.000000	11039
6105	0.000000	11040
6104	0.000000	11041
6102	0.000000	11042
6101	0.000000	11043
6100	0.000000	11044
6096	0.000000	11045
6095	0.000000	11046
6093	0.000000	11047
6092	0.000000	11048
6091	0.000000	11049
6089	0.000000	11050
6087	0.000000	11051
6086	0.000000	11052
6084	0.000000	11053
6083	0.000000	11054
6082	0.000000	11055
6081	0.000000	11056
6079	0.000000	11057
6074	0.000000	11058
6072	0.000000	11059
6068	0.000000	11060
6066	0.000000	11061
6061	0.000000	11062
6057	0.000000	11063
6055	0.000000	11064
6051	0.000000	11065
6047	0.000000	11066
6040	0.000000	11067
6039	0.000000	11068
6038	0.000000	11069
6037	0.000000	11070
6033	0.000000	11071
6032	0.000000	11072
6029	0.000000	11073
6026	0.000000	11074
6024	0.000000	11075
6021	0.000000	11076
6020	0.000000	11077
6019	0.000000	11078
6018	0.000000	11079
6017	0.000000	11080
6016	0.000000	11081
6015	0.000000	11082
6011	0.000000	11083
6008	0.000000	11084
6006	0.000000	11085
6000	0.000000	11086
5998	0.000000	11087
5997	0.000000	11088
5996	0.000000	11089
5994	0.000000	11090
5989	0.000000	11091
5978	0.000000	11092
5976	0.000000	11093
5975	0.000000	11094
5971	0.000000	11095
5970	0.000000	11096
5967	0.000000	11097
5965	0.000000	11098
5964	0.000000	11099
5963	0.000000	11100
5962	0.000000	11101
5960	0.000000	11102
5959	0.000000	11103
5958	0.000000	11104
5950	0.000000	11105
5949	0.000000	11106
5946	0.000000	11107
5945	0.000000	11108
5943	0.000000	11109
5942	0.000000	11110
5941	0.000000	11111
5938	0.000000	11112
5937	0.000000	11113
5935	0.000000	11114
5932	0.000000	11115
5931	0.000000	11116
5930	0.000000	11117
5928	0.000000	11118
5925	0.000000	11119
5924	0.000000	11120
5923	0.000000	11121
5922	0.000000	11122
5920	0.000000	11123
5919	0.000000	11124
5918	0.000000	11125
5917	0.000000	11126
5915	0.000000	11127
5912	0.000000	11128
5909	0.000000	11129
5906	0.000000	11130
5905	0.000000	11131
5903	0.000000	11132
5900	0.000000	11133
5898	0.000000	11134
5897	0.000000	11135
5895	0.000000	11136
5890	0.000000	11137
5888	0.000000	11138
5887	0.000000	11139
5886	0.000000	11140
5884	0.000000	11141
5878	0.000000	11142
5876	0.000000	11143
5875	0.000000	11144
5874	0.000000	11145
5869	0.000000	11146
5868	0.000000	11147
5863	0.000000	11148
5862	0.000000	11149
5860	0.000000	11150
5857	0.000000	11151
5854	0.000000	11152
5853	0.000000	11153
5852	0.000000	11154
5849	0.000000	11155
5848	0.000000	11156
5844	0.000000	11157
5842	0.000000	11158
5840	0.000000	11159
5839	0.000000	11160
5832	0.000000	11161
5831	0.000000	11162
5830	0.000000	11163
5827	0.000000	11164
5824	0.000000	11165
5819	0.000000	11166
5817	0.000000	11167
5814	0.000000	11168
5813	0.000000	11169
5809	0.000000	11170
5808	0.000000	11171
5804	0.000000	11172
5803	0.000000	11173
5800	0.000000	11174
5799	0.000000	11175
5797	0.000000	11176
5796	0.000000	11177
5793	0.000000	11178
5792	0.000000	11179
5791	0.000000	11180
5785	0.000000	11181
5783	0.000000	11182
5782	0.000000	11183
5774	0.000000	11184
5771	0.000000	11185
5767	0.000000	11186
5766	0.000000	11187
5758	0.000000	11188
5757	0.000000	11189
5750	0.000000	11190
5747	0.000000	11191
5744	0.000000	11192
5741	0.000000	11193
5740	0.000000	11194
5737	0.000000	11195
5734	0.000000	11196
5733	0.000000	11197
5732	0.000000	11198
5731	0.000000	11199
5730	0.000000	11200
5727	0.000000	11201
5714	0.000000	11202
5713	0.000000	11203
5708	0.000000	11204
5699	0.000000	11205
5698	0.000000	11206
5694	0.000000	11207
5692	0.000000	11208
5691	0.000000	11209
5689	0.000000	11210
5688	0.000000	11211
5687	0.000000	11212
5681	0.000000	11213
5679	0.000000	11214
5678	0.000000	11215
5672	0.000000	11216
5670	0.000000	11217
5668	0.000000	11218
5660	0.000000	11219
5658	0.000000	11220
5656	0.000000	11221
5646	0.000000	11222
5645	0.000000	11223
5644	0.000000	11224
5642	0.000000	11225
5641	0.000000	11226
5640	0.000000	11227
5637	0.000000	11228
5635	0.000000	11229
5634	0.000000	11230
5633	0.000000	11231
5632	0.000000	11232
5628	0.000000	11233
5627	0.000000	11234
5624	0.000000	11235
5621	0.000000	11236
5610	0.000000	11237
5606	0.000000	11238
5605	0.000000	11239
5603	0.000000	11240
5600	0.000000	11241
5599	0.000000	11242
5597	0.000000	11243
5588	0.000000	11244
5584	0.000000	11245
5583	0.000000	11246
5582	0.000000	11247
5576	0.000000	11248
5573	0.000000	11249
5572	0.000000	11250
5564	0.000000	11251
5562	0.000000	11252
5561	0.000000	11253
5560	0.000000	11254
5559	0.000000	11255
5558	0.000000	11256
5553	0.000000	11257
5552	0.000000	11258
5546	0.000000	11259
5545	0.000000	11260
5544	0.000000	11261
5542	0.000000	11262
5538	0.000000	11263
5531	0.000000	11264
5528	0.000000	11265
5522	0.000000	11266
5520	0.000000	11267
5519	0.000000	11268
5518	0.000000	11269
5517	0.000000	11270
5508	0.000000	11271
5505	0.000000	11272
5502	0.000000	11273
5500	0.000000	11274
5495	0.000000	11275
5494	0.000000	11276
5493	0.000000	11277
5487	0.000000	11278
5486	0.000000	11279
5485	0.000000	11280
5482	0.000000	11281
5481	0.000000	11282
5478	0.000000	11283
5477	0.000000	11284
5475	0.000000	11285
5467	0.000000	11286
5462	0.000000	11287
5461	0.000000	11288
5460	0.000000	11289
5448	0.000000	11290
5447	0.000000	11291
5446	0.000000	11292
5439	0.000000	11293
5438	0.000000	11294
5437	0.000000	11295
5436	0.000000	11296
5435	0.000000	11297
5434	0.000000	11298
5433	0.000000	11299
5432	0.000000	11300
5418	0.000000	11301
5414	0.000000	11302
5408	0.000000	11303
5407	0.000000	11304
5397	0.000000	11305
5396	0.000000	11306
5393	0.000000	11307
5391	0.000000	11308
5388	0.000000	11309
5387	0.000000	11310
5386	0.000000	11311
5382	0.000000	11312
5380	0.000000	11313
5379	0.000000	11314
5377	0.000000	11315
5372	0.000000	11316
5371	0.000000	11317
5370	0.000000	11318
5367	0.000000	11319
5357	0.000000	11320
5352	0.000000	11321
5350	0.000000	11322
5349	0.000000	11323
5348	0.000000	11324
5340	0.000000	11325
5338	0.000000	11326
5330	0.000000	11327
5329	0.000000	11328
5327	0.000000	11329
5306	0.000000	11330
5303	0.000000	11331
5301	0.000000	11332
5300	0.000000	11333
5299	0.000000	11334
5298	0.000000	11335
5297	0.000000	11336
5296	0.000000	11337
5291	0.000000	11338
5290	0.000000	11339
5289	0.000000	11340
5285	0.000000	11341
5284	0.000000	11342
5277	0.000000	11343
5275	0.000000	11344
5274	0.000000	11345
5273	0.000000	11346
5272	0.000000	11347
5267	0.000000	11348
5261	0.000000	11349
5259	0.000000	11350
5256	0.000000	11351
5255	0.000000	11352
5252	0.000000	11353
5248	0.000000	11354
5241	0.000000	11355
5235	0.000000	11356
5232	0.000000	11357
5231	0.000000	11358
5223	0.000000	11359
5222	0.000000	11360
5218	0.000000	11361
5217	0.000000	11362
5215	0.000000	11363
5208	0.000000	11364
5207	0.000000	11365
5205	0.000000	11366
5204	0.000000	11367
5202	0.000000	11368
5201	0.000000	11369
5199	0.000000	11370
5198	0.000000	11371
5197	0.000000	11372
5192	0.000000	11373
5189	0.000000	11374
5185	0.000000	11375
5184	0.000000	11376
5182	0.000000	11377
5180	0.000000	11378
5179	0.000000	11379
5176	0.000000	11380
5175	0.000000	11381
5172	0.000000	11382
5170	0.000000	11383
5168	0.000000	11384
5162	0.000000	11385
5161	0.000000	11386
5160	0.000000	11387
5157	0.000000	11388
5149	0.000000	11389
5147	0.000000	11390
5146	0.000000	11391
5145	0.000000	11392
5133	0.000000	11393
5132	0.000000	11394
5130	0.000000	11395
5125	0.000000	11396
5124	0.000000	11397
5123	0.000000	11398
5122	0.000000	11399
5120	0.000000	11400
5118	0.000000	11401
5116	0.000000	11402
5114	0.000000	11403
5112	0.000000	11404
5111	0.000000	11405
5110	0.000000	11406
5106	0.000000	11407
5101	0.000000	11408
5100	0.000000	11409
5098	0.000000	11410
5097	0.000000	11411
5089	0.000000	11412
5088	0.000000	11413
5087	0.000000	11414
5084	0.000000	11415
5082	0.000000	11416
5078	0.000000	11417
5074	0.000000	11418
5071	0.000000	11419
5070	0.000000	11420
5069	0.000000	11421
5065	0.000000	11422
5063	0.000000	11423
5062	0.000000	11424
5061	0.000000	11425
5058	0.000000	11426
5055	0.000000	11427
5054	0.000000	11428
5053	0.000000	11429
5048	0.000000	11430
5047	0.000000	11431
5043	0.000000	11432
5041	0.000000	11433
5037	0.000000	11434
5036	0.000000	11435
5033	0.000000	11436
5027	0.000000	11437
5026	0.000000	11438
5021	0.000000	11439
5019	0.000000	11440
5017	0.000000	11441
5015	0.000000	11442
5014	0.000000	11443
5013	0.000000	11444
5012	0.000000	11445
5010	0.000000	11446
5007	0.000000	11447
5006	0.000000	11448
5005	0.000000	11449
5004	0.000000	11450
5003	0.000000	11451
5002	0.000000	11452
4997	0.000000	11453
4996	0.000000	11454
4993	0.000000	11455
4992	0.000000	11456
4989	0.000000	11457
4988	0.000000	11458
4987	0.000000	11459
4980	0.000000	11460
4977	0.000000	11461
4976	0.000000	11462
4975	0.000000	11463
4973	0.000000	11464
4972	0.000000	11465
4971	0.000000	11466
4970	0.000000	11467
4969	0.000000	11468
4968	0.000000	11469
4967	0.000000	11470
4966	0.000000	11471
4958	0.000000	11472
4957	0.000000	11473
4956	0.000000	11474
4946	0.000000	11475
4945	0.000000	11476
4944	0.000000	11477
4943	0.000000	11478
4942	0.000000	11479
4941	0.000000	11480
4940	0.000000	11481
4938	0.000000	11482
4933	0.000000	11483
4932	0.000000	11484
4931	0.000000	11485
4930	0.000000	11486
4928	0.000000	11487
4927	0.000000	11488
4924	0.000000	11489
4922	0.000000	11490
4921	0.000000	11491
4919	0.000000	11492
4918	0.000000	11493
4916	0.000000	11494
4915	0.000000	11495
4912	0.000000	11496
4911	0.000000	11497
4910	0.000000	11498
4908	0.000000	11499
4907	0.000000	11500
4906	0.000000	11501
4904	0.000000	11502
4902	0.000000	11503
4900	0.000000	11504
4897	0.000000	11505
4894	0.000000	11506
4891	0.000000	11507
4889	0.000000	11508
4886	0.000000	11509
4885	0.000000	11510
4882	0.000000	11511
4881	0.000000	11512
4880	0.000000	11513
4878	0.000000	11514
4862	0.000000	11515
4860	0.000000	11516
4855	0.000000	11517
4854	0.000000	11518
4853	0.000000	11519
4851	0.000000	11520
4847	0.000000	11521
4846	0.000000	11522
4845	0.000000	11523
4844	0.000000	11524
4838	0.000000	11525
4832	0.000000	11526
4830	0.000000	11527
4829	0.000000	11528
4828	0.000000	11529
4827	0.000000	11530
4826	0.000000	11531
4821	0.000000	11532
4816	0.000000	11533
4811	0.000000	11534
4806	0.000000	11535
4802	0.000000	11536
4800	0.000000	11537
4798	0.000000	11538
4797	0.000000	11539
4796	0.000000	11540
4794	0.000000	11541
4788	0.000000	11542
4781	0.000000	11543
4780	0.000000	11544
4773	0.000000	11545
4771	0.000000	11546
4770	0.000000	11547
4764	0.000000	11548
4763	0.000000	11549
4762	0.000000	11550
4761	0.000000	11551
4759	0.000000	11552
4758	0.000000	11553
4757	0.000000	11554
4756	0.000000	11555
4754	0.000000	11556
4752	0.000000	11557
4750	0.000000	11558
4747	0.000000	11559
4744	0.000000	11560
4741	0.000000	11561
4740	0.000000	11562
4739	0.000000	11563
4738	0.000000	11564
4737	0.000000	11565
4736	0.000000	11566
4734	0.000000	11567
4733	0.000000	11568
4731	0.000000	11569
4729	0.000000	11570
4728	0.000000	11571
4727	0.000000	11572
4724	0.000000	11573
4723	0.000000	11574
4722	0.000000	11575
4721	0.000000	11576
4720	0.000000	11577
4719	0.000000	11578
4718	0.000000	11579
4717	0.000000	11580
4715	0.000000	11581
4713	0.000000	11582
4711	0.000000	11583
4710	0.000000	11584
4704	0.000000	11585
4703	0.000000	11586
4702	0.000000	11587
4701	0.000000	11588
4682	0.000000	11589
4677	0.000000	11590
4676	0.000000	11591
4673	0.000000	11592
4672	0.000000	11593
4670	0.000000	11594
4669	0.000000	11595
4667	0.000000	11596
4658	0.000000	11597
4657	0.000000	11598
4655	0.000000	11599
4654	0.000000	11600
4643	0.000000	11601
4642	0.000000	11602
4641	0.000000	11603
4639	0.000000	11604
4636	0.000000	11605
4634	0.000000	11606
4632	0.000000	11607
4631	0.000000	11608
4630	0.000000	11609
4625	0.000000	11610
4622	0.000000	11611
4621	0.000000	11612
4620	0.000000	11613
4619	0.000000	11614
4618	0.000000	11615
4615	0.000000	11616
4611	0.000000	11617
4606	0.000000	11618
4605	0.000000	11619
4603	0.000000	11620
4602	0.000000	11621
4601	0.000000	11622
4599	0.000000	11623
4598	0.000000	11624
4589	0.000000	11625
4585	0.000000	11626
4584	0.000000	11627
4583	0.000000	11628
4582	0.000000	11629
4580	0.000000	11630
4566	0.000000	11631
4565	0.000000	11632
4563	0.000000	11633
4561	0.000000	11634
4560	0.000000	11635
4559	0.000000	11636
4558	0.000000	11637
4557	0.000000	11638
4542	0.000000	11639
4541	0.000000	11640
4540	0.000000	11641
4538	0.000000	11642
4535	0.000000	11643
4534	0.000000	11644
4532	0.000000	11645
4530	0.000000	11646
4526	0.000000	11647
4519	0.000000	11648
4517	0.000000	11649
4511	0.000000	11650
4510	0.000000	11651
4509	0.000000	11652
4506	0.000000	11653
4499	0.000000	11654
4491	0.000000	11655
4488	0.000000	11656
4484	0.000000	11657
4481	0.000000	11658
4472	0.000000	11659
4469	0.000000	11660
4468	0.000000	11661
4462	0.000000	11662
4460	0.000000	11663
4458	0.000000	11664
4456	0.000000	11665
4454	0.000000	11666
4443	0.000000	11667
4441	0.000000	11668
4439	0.000000	11669
4438	0.000000	11670
4437	0.000000	11671
4436	0.000000	11672
4432	0.000000	11673
4431	0.000000	11674
4429	0.000000	11675
4426	0.000000	11676
4422	0.000000	11677
4420	0.000000	11678
4417	0.000000	11679
4413	0.000000	11680
4400	0.000000	11681
4396	0.000000	11682
4394	0.000000	11683
4387	0.000000	11684
4385	0.000000	11685
4384	0.000000	11686
4383	0.000000	11687
4382	0.000000	11688
4379	0.000000	11689
4378	0.000000	11690
4377	0.000000	11691
4369	0.000000	11692
4368	0.000000	11693
4361	0.000000	11694
4357	0.000000	11695
4355	0.000000	11696
4353	0.000000	11697
4350	0.000000	11698
4348	0.000000	11699
4346	0.000000	11700
4344	0.000000	11701
4342	0.000000	11702
4339	0.000000	11703
4338	0.000000	11704
4337	0.000000	11705
4335	0.000000	11706
4331	0.000000	11707
4330	0.000000	11708
4329	0.000000	11709
4314	0.000000	11710
4311	0.000000	11711
4310	0.000000	11712
4308	0.000000	11713
4305	0.000000	11714
4304	0.000000	11715
4303	0.000000	11716
4301	0.000000	11717
4300	0.000000	11718
4299	0.000000	11719
4298	0.000000	11720
4297	0.000000	11721
4289	0.000000	11722
4286	0.000000	11723
4285	0.000000	11724
4284	0.000000	11725
4282	0.000000	11726
4275	0.000000	11727
4269	0.000000	11728
4266	0.000000	11729
4264	0.000000	11730
4258	0.000000	11731
4254	0.000000	11732
4247	0.000000	11733
4243	0.000000	11734
4237	0.000000	11735
4235	0.000000	11736
4234	0.000000	11737
4233	0.000000	11738
4228	0.000000	11739
4218	0.000000	11740
4216	0.000000	11741
4212	0.000000	11742
4211	0.000000	11743
4208	0.000000	11744
4206	0.000000	11745
4205	0.000000	11746
4203	0.000000	11747
4202	0.000000	11748
4199	0.000000	11749
4196	0.000000	11750
4195	0.000000	11751
4188	0.000000	11752
4184	0.000000	11753
4183	0.000000	11754
4180	0.000000	11755
4177	0.000000	11756
4175	0.000000	11757
4173	0.000000	11758
4171	0.000000	11759
4169	0.000000	11760
4167	0.000000	11761
4165	0.000000	11762
4164	0.000000	11763
4162	0.000000	11764
4161	0.000000	11765
4158	0.000000	11766
4148	0.000000	11767
4141	0.000000	11768
4140	0.000000	11769
4139	0.000000	11770
4138	0.000000	11771
4131	0.000000	11772
4130	0.000000	11773
4129	0.000000	11774
4127	0.000000	11775
4122	0.000000	11776
4121	0.000000	11777
4118	0.000000	11778
4116	0.000000	11779
4114	0.000000	11780
4112	0.000000	11781
4111	0.000000	11782
4110	0.000000	11783
4107	0.000000	11784
4106	0.000000	11785
4104	0.000000	11786
4102	0.000000	11787
4100	0.000000	11788
4099	0.000000	11789
4096	0.000000	11790
4092	0.000000	11791
4091	0.000000	11792
4086	0.000000	11793
4080	0.000000	11794
4074	0.000000	11795
4071	0.000000	11796
4070	0.000000	11797
4069	0.000000	11798
4068	0.000000	11799
4062	0.000000	11800
4060	0.000000	11801
4059	0.000000	11802
4056	0.000000	11803
4042	0.000000	11804
4040	0.000000	11805
4038	0.000000	11806
4037	0.000000	11807
4036	0.000000	11808
4028	0.000000	11809
4027	0.000000	11810
4026	0.000000	11811
4025	0.000000	11812
4024	0.000000	11813
4020	0.000000	11814
4017	0.000000	11815
4009	0.000000	11816
4003	0.000000	11817
3990	0.000000	11818
3982	0.000000	11819
3981	0.000000	11820
3980	0.000000	11821
3976	0.000000	11822
3971	0.000000	11823
3956	0.000000	11824
3953	0.000000	11825
3949	0.000000	11826
3943	0.000000	11827
3933	0.000000	11828
3932	0.000000	11829
3927	0.000000	11830
3925	0.000000	11831
3924	0.000000	11832
3923	0.000000	11833
3914	0.000000	11834
3913	0.000000	11835
3912	0.000000	11836
3903	0.000000	11837
3902	0.000000	11838
3900	0.000000	11839
3896	0.000000	11840
3889	0.000000	11841
3888	0.000000	11842
3887	0.000000	11843
3884	0.000000	11844
3881	0.000000	11845
3876	0.000000	11846
3874	0.000000	11847
3873	0.000000	11848
3871	0.000000	11849
3870	0.000000	11850
3867	0.000000	11851
3866	0.000000	11852
3862	0.000000	11853
3853	0.000000	11854
3852	0.000000	11855
3850	0.000000	11856
3849	0.000000	11857
3845	0.000000	11858
3842	0.000000	11859
3841	0.000000	11860
3838	0.000000	11861
3834	0.000000	11862
3831	0.000000	11863
3830	0.000000	11864
3824	0.000000	11865
3823	0.000000	11866
3818	0.000000	11867
3815	0.000000	11868
3813	0.000000	11869
3811	0.000000	11870
3808	0.000000	11871
3807	0.000000	11872
3806	0.000000	11873
3784	0.000000	11874
3778	0.000000	11875
3777	0.000000	11876
3776	0.000000	11877
3775	0.000000	11878
3771	0.000000	11879
3766	0.000000	11880
3765	0.000000	11881
3764	0.000000	11882
3762	0.000000	11883
3742	0.000000	11884
3736	0.000000	11885
3734	0.000000	11886
3733	0.000000	11887
3732	0.000000	11888
3727	0.000000	11889
3726	0.000000	11890
3725	0.000000	11891
3721	0.000000	11892
3720	0.000000	11893
3719	0.000000	11894
3718	0.000000	11895
3716	0.000000	11896
3714	0.000000	11897
3712	0.000000	11898
3711	0.000000	11899
3707	0.000000	11900
3706	0.000000	11901
3697	0.000000	11902
3693	0.000000	11903
3692	0.000000	11904
3689	0.000000	11905
3686	0.000000	11906
3685	0.000000	11907
3684	0.000000	11908
3683	0.000000	11909
3681	0.000000	11910
3671	0.000000	11911
3670	0.000000	11912
3668	0.000000	11913
3666	0.000000	11914
3663	0.000000	11915
3661	0.000000	11916
3659	0.000000	11917
3658	0.000000	11918
3648	0.000000	11919
3621	0.000000	11920
3618	0.000000	11921
3617	0.000000	11922
3614	0.000000	11923
3613	0.000000	11924
3611	0.000000	11925
3610	0.000000	11926
3609	0.000000	11927
3604	0.000000	11928
3600	0.000000	11929
3599	0.000000	11930
3571	0.000000	11931
3547	0.000000	11932
3546	0.000000	11933
3545	0.000000	11934
3539	0.000000	11935
3536	0.000000	11936
3533	0.000000	11937
3529	0.000000	11938
3527	0.000000	11939
3526	0.000000	11940
3525	0.000000	11941
3519	0.000000	11942
3515	0.000000	11943
3510	0.000000	11944
3507	0.000000	11945
3506	0.000000	11946
3499	0.000000	11947
3490	0.000000	11948
3489	0.000000	11949
3488	0.000000	11950
3481	0.000000	11951
3479	0.000000	11952
3478	0.000000	11953
3477	0.000000	11954
3476	0.000000	11955
3475	0.000000	11956
3471	0.000000	11957
3468	0.000000	11958
3467	0.000000	11959
3462	0.000000	11960
3460	0.000000	11961
3455	0.000000	11962
3454	0.000000	11963
3449	0.000000	11964
3437	0.000000	11965
3434	0.000000	11966
3432	0.000000	11967
3431	0.000000	11968
3428	0.000000	11969
3425	0.000000	11970
3424	0.000000	11971
3423	0.000000	11972
3421	0.000000	11973
3419	0.000000	11974
3417	0.000000	11975
3414	0.000000	11976
3407	0.000000	11977
3405	0.000000	11978
3403	0.000000	11979
3402	0.000000	11980
3401	0.000000	11981
3400	0.000000	11982
3397	0.000000	11983
3396	0.000000	11984
3388	0.000000	11985
3386	0.000000	11986
3379	0.000000	11987
3367	0.000000	11988
3366	0.000000	11989
3363	0.000000	11990
3362	0.000000	11991
3354	0.000000	11992
3341	0.000000	11993
3328	0.000000	11994
3326	0.000000	11995
3325	0.000000	11996
3321	0.000000	11997
3315	0.000000	11998
3314	0.000000	11999
3313	0.000000	12000
3311	0.000000	12001
3309	0.000000	12002
3303	0.000000	12003
3300	0.000000	12004
3295	0.000000	12005
3292	0.000000	12006
3288	0.000000	12007
3274	0.000000	12008
3273	0.000000	12009
3271	0.000000	12010
3267	0.000000	12011
3264	0.000000	12012
3262	0.000000	12013
3261	0.000000	12014
3258	0.000000	12015
3254	0.000000	12016
3249	0.000000	12017
3241	0.000000	12018
3239	0.000000	12019
3237	0.000000	12020
3236	0.000000	12021
3235	0.000000	12022
3234	0.000000	12023
3229	0.000000	12024
3227	0.000000	12025
3223	0.000000	12026
3219	0.000000	12027
3215	0.000000	12028
3208	0.000000	12029
3202	0.000000	12030
3190	0.000000	12031
3181	0.000000	12032
3178	0.000000	12033
3176	0.000000	12034
3174	0.000000	12035
3173	0.000000	12036
3170	0.000000	12037
3167	0.000000	12038
3155	0.000000	12039
3150	0.000000	12040
3147	0.000000	12041
3145	0.000000	12042
3144	0.000000	12043
3143	0.000000	12044
3142	0.000000	12045
3126	0.000000	12046
3125	0.000000	12047
3124	0.000000	12048
3113	0.000000	12049
3112	0.000000	12050
3103	0.000000	12051
3101	0.000000	12052
3100	0.000000	12053
3099	0.000000	12054
3098	0.000000	12055
3097	0.000000	12056
3096	0.000000	12057
3095	0.000000	12058
3092	0.000000	12059
3091	0.000000	12060
3090	0.000000	12061
3089	0.000000	12062
3086	0.000000	12063
3085	0.000000	12064
3066	0.000000	12065
3064	0.000000	12066
3061	0.000000	12067
3055	0.000000	12068
3051	0.000000	12069
3050	0.000000	12070
3034	0.000000	12071
3027	0.000000	12072
3016	0.000000	12073
3007	0.000000	12074
3006	0.000000	12075
3004	0.000000	12076
3001	0.000000	12077
2998	0.000000	12078
2993	0.000000	12079
2990	0.000000	12080
2988	0.000000	12081
2987	0.000000	12082
2986	0.000000	12083
2984	0.000000	12084
2970	0.000000	12085
2963	0.000000	12086
2958	0.000000	12087
2953	0.000000	12088
2950	0.000000	12089
2948	0.000000	12090
2947	0.000000	12091
2946	0.000000	12092
2945	0.000000	12093
2942	0.000000	12094
2939	0.000000	12095
2930	0.000000	12096
2927	0.000000	12097
2923	0.000000	12098
2917	0.000000	12099
2915	0.000000	12100
2908	0.000000	12101
2905	0.000000	12102
2897	0.000000	12103
2896	0.000000	12104
2893	0.000000	12105
2891	0.000000	12106
2888	0.000000	12107
2877	0.000000	12108
2876	0.000000	12109
2875	0.000000	12110
2841	0.000000	12111
2833	0.000000	12112
2829	0.000000	12113
2827	0.000000	12114
2826	0.000000	12115
2825	0.000000	12116
2823	0.000000	12117
2822	0.000000	12118
2821	0.000000	12119
2820	0.000000	12120
2819	0.000000	12121
2813	0.000000	12122
2805	0.000000	12123
2804	0.000000	12124
2802	0.000000	12125
2796	0.000000	12126
2795	0.000000	12127
2792	0.000000	12128
2788	0.000000	12129
2781	0.000000	12130
2780	0.000000	12131
2779	0.000000	12132
2777	0.000000	12133
2776	0.000000	12134
2770	0.000000	12135
2768	0.000000	12136
2767	0.000000	12137
2766	0.000000	12138
2765	0.000000	12139
2761	0.000000	12140
2760	0.000000	12141
2746	0.000000	12142
2745	0.000000	12143
2739	0.000000	12144
2731	0.000000	12145
2730	0.000000	12146
2729	0.000000	12147
2728	0.000000	12148
2727	0.000000	12149
2725	0.000000	12150
2720	0.000000	12151
2718	0.000000	12152
2717	0.000000	12153
2715	0.000000	12154
2710	0.000000	12155
2703	0.000000	12156
2696	0.000000	12157
2693	0.000000	12158
2692	0.000000	12159
2688	0.000000	12160
2686	0.000000	12161
2685	0.000000	12162
2684	0.000000	12163
2679	0.000000	12164
2678	0.000000	12165
2677	0.000000	12166
2676	0.000000	12167
2675	0.000000	12168
2674	0.000000	12169
2673	0.000000	12170
2670	0.000000	12171
2668	0.000000	12172
2667	0.000000	12173
2650	0.000000	12174
2649	0.000000	12175
2648	0.000000	12176
2646	0.000000	12177
2641	0.000000	12178
2640	0.000000	12179
2638	0.000000	12180
2637	0.000000	12181
2636	0.000000	12182
2634	0.000000	12183
2633	0.000000	12184
2632	0.000000	12185
2631	0.000000	12186
2630	0.000000	12187
2629	0.000000	12188
2624	0.000000	12189
2620	0.000000	12190
2616	0.000000	12191
2610	0.000000	12192
2591	0.000000	12193
2575	0.000000	12194
2573	0.000000	12195
2569	0.000000	12196
2566	0.000000	12197
2564	0.000000	12198
2563	0.000000	12199
2562	0.000000	12200
2561	0.000000	12201
2560	0.000000	12202
2559	0.000000	12203
2558	0.000000	12204
2557	0.000000	12205
2556	0.000000	12206
2555	0.000000	12207
2547	0.000000	12208
2544	0.000000	12209
2541	0.000000	12210
2532	0.000000	12211
2515	0.000000	12212
2510	0.000000	12213
2509	0.000000	12214
2507	0.000000	12215
2506	0.000000	12216
2504	0.000000	12217
2503	0.000000	12218
2501	0.000000	12219
2494	0.000000	12220
2491	0.000000	12221
2481	0.000000	12222
2471	0.000000	12223
2468	0.000000	12224
2461	0.000000	12225
2458	0.000000	12226
2457	0.000000	12227
2456	0.000000	12228
2453	0.000000	12229
2452	0.000000	12230
2447	0.000000	12231
2442	0.000000	12232
2436	0.000000	12233
2428	0.000000	12234
2427	0.000000	12235
2421	0.000000	12236
2408	0.000000	12237
2405	0.000000	12238
2398	0.000000	12239
2375	0.000000	12240
2371	0.000000	12241
2357	0.000000	12242
2355	0.000000	12243
2353	0.000000	12244
2339	0.000000	12245
2338	0.000000	12246
2336	0.000000	12247
2327	0.000000	12248
2326	0.000000	12249
2317	0.000000	12250
2313	0.000000	12251
2309	0.000000	12252
2305	0.000000	12253
2303	0.000000	12254
2299	0.000000	12255
2296	0.000000	12256
2290	0.000000	12257
2271	0.000000	12258
2266	0.000000	12259
2264	0.000000	12260
2263	0.000000	12261
2258	0.000000	12262
2257	0.000000	12263
2253	0.000000	12264
2252	0.000000	12265
2250	0.000000	12266
2242	0.000000	12267
2238	0.000000	12268
2231	0.000000	12269
2229	0.000000	12270
2226	0.000000	12271
2225	0.000000	12272
2224	0.000000	12273
2222	0.000000	12274
2221	0.000000	12275
2220	0.000000	12276
2219	0.000000	12277
2212	0.000000	12278
2208	0.000000	12279
2197	0.000000	12280
2191	0.000000	12281
2189	0.000000	12282
2187	0.000000	12283
2181	0.000000	12284
2180	0.000000	12285
2176	0.000000	12286
2152	0.000000	12287
2148	0.000000	12288
2137	0.000000	12289
2136	0.000000	12290
2134	0.000000	12291
2132	0.000000	12292
2112	0.000000	12293
2106	0.000000	12294
2101	0.000000	12295
2093	0.000000	12296
2089	0.000000	12297
2084	0.000000	12298
2062	0.000000	12299
2059	0.000000	12300
2058	0.000000	12301
2057	0.000000	12302
2053	0.000000	12303
2040	0.000000	12304
2036	0.000000	12305
2031	0.000000	12306
2028	0.000000	12307
2027	0.000000	12308
2022	0.000000	12309
2010	0.000000	12310
1997	0.000000	12311
1988	0.000000	12312
1983	0.000000	12313
1980	0.000000	12314
1962	0.000000	12315
1952	0.000000	12316
1950	0.000000	12317
1948	0.000000	12318
1947	0.000000	12319
1939	0.000000	12320
1938	0.000000	12321
1935	0.000000	12322
1915	0.000000	12323
1913	0.000000	12324
1910	0.000000	12325
1909	0.000000	12326
1907	0.000000	12327
1905	0.000000	12328
1903	0.000000	12329
1902	0.000000	12330
1899	0.000000	12331
1898	0.000000	12332
1892	0.000000	12333
1879	0.000000	12334
1874	0.000000	12335
1873	0.000000	12336
1867	0.000000	12337
1861	0.000000	12338
1853	0.000000	12339
1852	0.000000	12340
1844	0.000000	12341
1841	0.000000	12342
1840	0.000000	12343
1828	0.000000	12344
1827	0.000000	12345
1805	0.000000	12346
1791	0.000000	12347
1788	0.000000	12348
1786	0.000000	12349
1784	0.000000	12350
1782	0.000000	12351
1781	0.000000	12352
1763	0.000000	12353
1760	0.000000	12354
1750	0.000000	12355
1748	0.000000	12356
1740	0.000000	12357
1739	0.000000	12358
1737	0.000000	12359
1736	0.000000	12360
1733	0.000000	12361
1732	0.000000	12362
1724	0.000000	12363
1722	0.000000	12364
1713	0.000000	12365
1711	0.000000	12366
1710	0.000000	12367
1706	0.000000	12368
1697	0.000000	12369
1687	0.000000	12370
1686	0.000000	12371
1681	0.000000	12372
1647	0.000000	12373
1645	0.000000	12374
1644	0.000000	12375
1635	0.000000	12376
1628	0.000000	12377
1625	0.000000	12378
1623	0.000000	12379
1620	0.000000	12380
1619	0.000000	12381
1616	0.000000	12382
1614	0.000000	12383
1612	0.000000	12384
1609	0.000000	12385
1608	0.000000	12386
1607	0.000000	12387
1602	0.000000	12388
1598	0.000000	12389
1597	0.000000	12390
1595	0.000000	12391
1592	0.000000	12392
1586	0.000000	12393
1579	0.000000	12394
1552	0.000000	12395
1546	0.000000	12396
1539	0.000000	12397
1538	0.000000	12398
1527	0.000000	12399
1515	0.000000	12400
1514	0.000000	12401
1511	0.000000	12402
1510	0.000000	12403
1509	0.000000	12404
1507	0.000000	12405
1506	0.000000	12406
1505	0.000000	12407
1499	0.000000	12408
1492	0.000000	12409
1480	0.000000	12410
1474	0.000000	12411
1469	0.000000	12412
1468	0.000000	12413
1467	0.000000	12414
1457	0.000000	12415
1449	0.000000	12416
1433	0.000000	12417
1430	0.000000	12418
1424	0.000000	12419
1420	0.000000	12420
1417	0.000000	12421
1409	0.000000	12422
1408	0.000000	12423
1382	0.000000	12424
1379	0.000000	12425
1378	0.000000	12426
1377	0.000000	12427
1376	0.000000	12428
1373	0.000000	12429
1361	0.000000	12430
1358	0.000000	12431
1355	0.000000	12432
1309	0.000000	12433
1304	0.000000	12434
1299	0.000000	12435
1296	0.000000	12436
1293	0.000000	12437
1292	0.000000	12438
1290	0.000000	12439
1287	0.000000	12440
1281	0.000000	12441
1279	0.000000	12442
1278	0.000000	12443
1274	0.000000	12444
1273	0.000000	12445
1272	0.000000	12446
1269	0.000000	12447
1266	0.000000	12448
1262	0.000000	12449
1249	0.000000	12450
1243	0.000000	12451
1242	0.000000	12452
1241	0.000000	12453
1239	0.000000	12454
1238	0.000000	12455
1237	0.000000	12456
1236	0.000000	12457
1221	0.000000	12458
1216	0.000000	12459
1212	0.000000	12460
1206	0.000000	12461
1196	0.000000	12462
1186	0.000000	12463
1185	0.000000	12464
1164	0.000000	12465
1153	0.000000	12466
1143	0.000000	12467
1140	0.000000	12468
1124	0.000000	12469
1123	0.000000	12470
1109	0.000000	12471
1105	0.000000	12472
1081	0.000000	12473
1074	0.000000	12474
1068	0.000000	12475
1059	0.000000	12476
1058	0.000000	12477
1057	0.000000	12478
1056	0.000000	12479
1055	0.000000	12480
1050	0.000000	12481
1044	0.000000	12482
1043	0.000000	12483
1041	0.000000	12484
1040	0.000000	12485
1033	0.000000	12486
1032	0.000000	12487
1019	0.000000	12488
987	0.000000	12489
973	0.000000	12490
956	0.000000	12491
934	0.000000	12492
919	0.000000	12493
916	0.000000	12494
914	0.000000	12495
912	0.000000	12496
908	0.000000	12497
879	0.000000	12498
874	0.000000	12499
870	0.000000	12500
869	0.000000	12501
866	0.000000	12502
865	0.000000	12503
863	0.000000	12504
826	0.000000	12505
816	0.000000	12506
788	0.000000	12507
762	0.000000	12508
758	0.000000	12509
754	0.000000	12510
749	0.000000	12511
747	0.000000	12512
719	0.000000	12513
717	0.000000	12514
716	0.000000	12515
714	0.000000	12516
708	0.000000	12517
705	0.000000	12518
693	0.000000	12519
692	0.000000	12520
691	0.000000	12521
688	0.000000	12522
686	0.000000	12523
685	0.000000	12524
684	0.000000	12525
682	0.000000	12526
668	0.000000	12527
653	0.000000	12528
641	0.000000	12529
640	0.000000	12530
639	0.000000	12531
629	0.000000	12532
619	0.000000	12533
600	0.000000	12534
598	0.000000	12535
590	0.000000	12536
581	0.000000	12537
574	0.000000	12538
571	0.000000	12539
567	0.000000	12540
558	0.000000	12541
547	0.000000	12542
546	0.000000	12543
544	0.000000	12544
541	0.000000	12545
539	0.000000	12546
537	0.000000	12547
535	0.000000	12548
533	0.000000	12549
532	0.000000	12550
524	0.000000	12551
510	0.000000	12552
509	0.000000	12553
504	0.000000	12554
502	0.000000	12555
501	0.000000	12556
495	0.000000	12557
479	0.000000	12558
432	0.000000	12559
427	0.000000	12560
400	0.000000	12561
379	0.000000	12562
369	0.000000	12563
351	0.000000	12564
340	0.000000	12565
322	0.000000	12566
321	0.000000	12567
317	0.000000	12568
302	0.000000	12569
282	0.000000	12570
278	0.000000	12571
277	0.000000	12572
252	0.000000	12573
239	0.000000	12574
233	0.000000	12575
231	0.000000	12576
227	0.000000	12577
222	0.000000	12578
209	0.000000	12579
204	0.000000	12580
198	0.000000	12581
180	0.000000	12582
179	0.000000	12583
175	0.000000	12584
162	0.000000	12585
140	0.000000	12586
134	0.000000	12587
52	0.000000	12588
46	0.000000	12589
40	0.000000	12590
3	0.000000	12591
