node_id,eigen_centrality,katz_centrality,in_degree,out_degree,foundational,frontier,rank_indeg,rank_eig,rank_katz
35,0.0,1.0,166,3,True,False,1,9,1
6213,0.0,0.289823,76,3,True,False,2,270,6
1365,0.0,0.147144,74,0,True,False,3,386,17
3229,0.0,0.114213,61,4,True,False,4,723,22
114,0.0,0.088557,42,0,True,False,5,179,30
910,0.0,0.080783,41,5,True,False,6,281,33
4330,0.0,0.061694,38,2,True,False,7,827,47
1272,0.0,0.079323,32,2,True,False,8,355,35
3231,0.0,0.054558,32,5,True,False,9,769,59
4584,0.0,0.311404,32,0,True,False,10,863,5
19621,0.0,0.096041,31,3,True,False,11,1500,27
2440,0.0,0.053876,30,1,True,False,12,537,60
24966,0.0,0.076979,29,0,True,False,13,1606,37
2665,0.0,0.074013,28,3,True,False,15,608,40
6214,0.0,0.081283,28,4,True,False,14,232,32
887,0.0,0.258813,27,3,True,False,16,173,8
8224,0.0,0.124727,25,1,True,False,17,1129,19
82920,0.0,0.511769,23,0,True,False,18,2108,4
20193,0.0,0.051104,22,1,True,False,19,1249,64
12182,0.0,0.03272,20,3,True,False,20,889,95
22563,0.0,0.108581,19,3,True,False,22,1139,24
12350,0.0,0.163441,19,2,True,False,26,1311,14
31353,0.0,0.041326,19,1,True,False,25,1239,76
10169,0.0,0.101932,19,3,True,False,23,1203,26
15429,0.0,0.240292,19,1,True,False,24,1215,12
12576,0.0,0.074386,19,4,True,False,21,61,39
2653,0.0,0.02874,18,0,True,False,27,560,112
39890,0.0,0.0613,18,1,True,False,28,1842,48
230879,0.0,0.049675,18,0,True,False,29,2400,65
3220,0.0,0.023607,17,1,True,False,33,699,134
117,0.0,0.059092,17,0,True,False,30,222,51
2658,0.0,0.029749,17,3,True,False,31,588,109
2696,0.0,0.057589,17,1,True,False,32,628,54
85352,0.0,0.025251,16,1,True,False,34,170,127
4335,0.0,0.036168,16,0,True,False,36,849,85
1481,0.0,0.019461,16,0,True,False,35,455,174
39127,0.0,0.044714,16,0,True,False,38,1831,71
643221,1.0,0.238539,16,3,True,False,37,1,13
10177,0.0,0.249932,15,1,True,False,45,1211,9
23738,0.0,0.075967,15,2,True,False,44,1140,38
1688,0.0,0.025425,15,2,True,False,39,69,122
8703,0.0,0.031326,15,4,True,False,43,881,101
3218,0.0,0.033036,15,0,True,False,42,685,94
3191,0.0,0.062397,15,4,True,False,41,668,46
5348,0.0,0.04554,15,1,True,False,40,635,70
54129,0.0,0.029548,14,1,True,False,46,119,110
4804,0.0,0.065832,14,4,True,False,48,884,45
10796,0.0,0.019703,14,3,True,False,47,253,172
2654,0.0,0.015644,13,0,True,False,50,577,221
642894,0.490421,0.117202,13,1,True,False,55,3,21
210871,0.0,0.642228,13,5,True,False,49,80,3
18777,0.0,0.028044,13,0,True,False,53,1474,115
6334,0.0,0.035054,13,4,True,False,52,785,89
35922,0.0,0.025354,13,4,True,False,51,754,124
34257,0.0,0.024142,13,1,True,False,54,1763,132
16819,0.447623,0.1119,12,3,True,False,60,4,23
89547,0.0,0.02526,12,1,True,False,59,1398,126
35061,0.0,0.281265,12,3,True,False,56,104,7
28350,0.0,0.025389,12,2,True,False,57,202,123
46491,0.0,0.0226,12,0,True,False,62,1898,143
36140,0.0,0.070713,12,1,True,False,61,1570,43
3243,0.0,0.018651,12,0,True,False,58,806,182
6209,0.0,0.018571,11,0,True,False,67,959,183
14062,0.0,0.019992,11,0,True,False,71,1360,166
10798,0.0,0.059488,11,0,True,False,69,1246,50
10531,0.0,0.034628,11,1,True,False,68,1232,91
20601,0.0,0.029761,11,2,True,False,70,1314,108
22229,0.0,0.020955,11,2,True,False,73,1554,154
16008,0.0,0.058743,11,0,True,False,72,1412,52
5086,0.0,0.056803,11,3,True,False,66,667,56
38205,0.0,0.02324,11,3,True,False,63,105,137
31489,0.0,0.019201,11,1,True,False,74,1726,177
54131,0.0,0.017602,11,4,True,False,65,120,188
57119,0.0,0.01489,11,0,True,False,75,1970,237
41714,0.0,0.028737,11,2,True,False,64,108,113
1959,0.0,0.024595,10,0,True,False,78,508,131
240321,0.0,0.013456,10,0,True,False,85,2416,270
287787,0.0,0.019935,10,2,True,False,76,95,167
56115,0.0,0.019932,10,2,True,False,82,1966,168
32083,0.0,0.129536,10,0,True,False,81,1739,18
6913,0.0,0.037893,10,2,True,False,79,1080,82
10183,0.0,0.018301,10,1,True,False,80,1220,186
65074,0.0,0.032354,10,2,True,False,83,2016,96
73162,0.0,0.019292,10,0,True,False,84,2062,176
35797,0.0,0.016029,10,4,True,False,77,483,216
28957,0.0,0.025278,9,0,True,False,105,1691,125
108047,0.0,0.017323,9,4,True,False,104,1670,194
4649,0.0,0.027131,9,0,True,False,95,874,117
153063,0.0,0.026168,9,3,True,False,108,1826,119
27623,0.0,0.015099,9,0,True,False,103,1655,231
27627,0.0,0.020182,9,1,True,False,102,1616,162
202639,0.0,0.031163,9,2,True,False,101,1615,103
103515,0.0,0.018862,9,2,True,False,86,12,180
77758,0.0,0.053566,9,1,True,False,90,442,61
12330,0.0,0.016512,9,1,True,False,94,639,207
45605,0.0,0.019188,9,3,True,False,106,1743,178
1997,0.0,0.02719,9,2,True,False,91,514,116
77438,0.0,0.017531,9,2,True,False,107,1799,189
40151,0.0,0.013916,9,1,True,False,93,535,255
3233,0.0,0.022959,9,4,True,False,92,521,139
503883,0.0,0.014391,9,2,True,False,87,116,246
20602,0.0,0.026589,9,2,True,False,100,1315,118
6910,0.0,0.016328,9,5,True,False,98,1071,211
17476,0.0,0.011364,9,4,True,False,88,225,336
6741,0.0,0.035938,9,0,True,False,96,1033,87
6814,0.0,0.012992,9,0,True,False,97,1053,284
11335,0.0,0.014388,9,0,True,False,99,1260,247
6151,0.0,0.152236,9,3,True,False,89,269,16
123825,0.0,0.011502,8,2,True,False,130,1503,329
20584,0.0,0.013446,8,0,True,False,131,1538,272
33231,0.0,0.011643,8,0,True,False,134,1749,322
575077,0.0,0.024121,8,2,True,False,110,129,133
28287,0.0,0.016218,8,5,True,False,111,201,213
54132,0.0,0.013837,8,0,True,False,135,1959,257
59798,0.0,0.018749,8,0,True,False,136,1988,181
29492,0.0,0.07243,8,0,True,False,133,1695,41
12631,0.0,0.052087,8,1,True,False,123,1069,63
16485,0.0,0.013235,8,0,True,False,129,1428,276
3192,0.0,0.055379,8,3,True,False,114,677,58
25702,0.0,0.052513,8,1,True,False,128,1391,62
5966,0.0,0.01113,8,0,True,False,118,931,349
3112,0.0,0.02096,8,2,True,False,113,657,153
79809,0.0,0.020888,8,5,True,False,117,912,157
8872,0.0,0.012617,8,0,True,False,126,1177,291
6935,0.0,0.013324,8,2,True,False,124,1093,275
1956,0.0,0.013467,8,4,True,False,109,75,268
6385,0.0,0.01522,8,0,True,False,120,1024,228
6784,0.0,0.020848,8,0,True,False,121,1047,158
936,0.0,0.019827,8,0,True,False,112,318,169
6163,0.0,0.018867,8,4,True,False,119,945,179
12195,0.0,0.060648,8,3,True,False,127,1289,49
8594,0.0,0.016035,8,0,True,False,125,1152,215
22386,0.0,0.01546,8,0,True,False,132,1563,223
45189,0.0,0.015287,8,3,True,False,116,893,226
6184,0.0,0.071364,8,4,True,False,115,869,42
205196,0.0,0.013014,8,2,True,False,137,2372,283
6818,0.0,0.019546,8,2,False,False,122,1062,173
8874,0.0,0.01318,7,0,False,False,154,1182,277
8079,0.0,0.01224,7,1,False,False,153,1127,303
141342,0.0,0.123052,7,1,False,False,138,65,20
67415,0.0,0.082512,7,3,False,False,155,1218,31
12210,0.0,0.080606,7,3,False,False,148,890,34
15889,0.0,0.011923,7,1,False,False,144,646,311
13212,0.0,0.011038,7,0,False,False,158,1338,354
14430,0.0,0.016239,7,0,False,False,160,1377,212
5064,0.0,0.017356,7,4,False,False,149,901,193
13658,0.0,0.011038,7,0,False,False,159,1351,355
7537,0.0,0.015205,7,1,False,False,152,1120,229
84021,0.0,0.013152,7,5,False,False,139,169,279
906,0.0,0.03954,7,0,False,False,141,274,80
20534,0.0,0.014154,7,3,False,False,150,947,250
7419,0.0,0.010153,7,3,False,False,151,952,388
194609,0.0,0.014898,7,0,False,False,167,2358,236
3232,0.0,0.010436,7,0,False,False,146,792,375
23507,0.0,0.019727,7,4,False,False,142,428,171
36162,0.0,0.011693,7,0,False,False,165,1802,316
8865,0.0,0.017468,7,1,False,False,140,172,192
31479,0.0,0.016605,7,0,False,False,163,1722,205
27895,0.0,0.042331,7,0,False,False,162,1661,74
4329,0.0,0.012651,7,1,False,False,147,820,290
6767,0.0,0.02477,7,2,False,False,145,697,130
2354,0.0,0.01752,7,2,False,False,143,529,190
12638,0.0,0.056831,7,1,False,False,157,1329,55
56112,0.0,0.040306,7,2,False,False,156,1323,79
17201,0.0,0.012295,7,0,False,False,161,1445,299
40886,0.0,0.014225,7,0,False,False,166,1857,249
35778,0.0,0.022739,7,1,False,False,164,1783,140
6196,0.0,0.009919,6,3,False,False,169,214,395
578646,0.0,0.008432,6,3,False,False,205,1949,464
33895,0.0,0.009176,6,1,False,False,199,1761,420
20924,0.0,0.013114,6,3,False,False,193,1550,280
24974,0.0,0.010857,6,0,False,False,195,1621,363
44455,0.0,0.022616,6,1,False,False,203,1864,142
753047,0.0,0.020362,6,3,False,False,215,2683,161
25772,0.0,0.018544,6,2,False,False,196,1630,184
58758,0.0,0.024805,6,1,False,False,206,1983,129
28290,0.0,0.017885,6,2,False,False,168,93,187
32276,0.0,0.020365,6,0,False,False,198,1745,160
3240,0.0,0.025163,6,1,False,False,175,803,128
28504,0.0,0.010397,6,0,False,False,197,1681,376
6898,0.0,0.040615,6,3,False,False,179,1066,77
22431,0.0,0.015372,6,2,False,False,181,1138,225
642681,0.0,0.015033,6,1,False,False,213,2597,233
6169,0.0,0.012061,6,1,False,False,177,949,307
10435,0.0,0.028894,6,3,False,False,184,1227,111
6216,0.0,0.009404,6,0,False,False,178,997,412
17798,0.0,0.04393,6,1,False,False,182,1206,73
12198,0.0,0.013652,6,3,False,False,183,1213,261
5055,0.0,0.008432,6,0,False,False,176,899,463
38722,0.0,0.044302,6,2,False,False,185,1293,72
7532,0.0,0.014868,6,2,False,False,180,1115,238
45533,0.0,0.012356,6,0,False,False,204,1890,297
3222,0.0,0.008432,6,0,False,False,173,716,462
210872,0.0,0.724655,6,0,False,False,212,2381,2
154982,0.0,0.008432,6,2,False,False,171,520,461
643239,0.647989,0.15335,6,2,False,False,214,2,15
137868,0.0,0.009632,6,1,False,False,202,1825,407
38537,0.0,0.022275,6,0,False,False,201,1822,146
3085,0.0,0.021777,6,3,False,False,172,645,148
116545,0.0,0.010232,6,0,False,False,211,2194,385
12337,0.0,0.011616,6,0,False,False,186,1306,323
94639,0.0,0.010911,6,0,False,False,209,2143,362
94641,0.0,0.009765,6,1,False,False,210,2144,399
75969,0.0,0.009176,6,1,False,False,208,2086,421
15987,0.0,0.033705,6,0,False,False,190,1408,93
14531,0.0,0.011176,6,0,False,False,189,1381,347
14428,0.0,0.015262,6,0,False,False,187,1369,227
19231,0.0,0.011691,6,0,False,False,192,1495,317
16437,0.0,0.011527,6,0,False,False,191,1416,326
14429,0.0,0.011764,6,3,False,False,188,1372,314
144701,0.0,0.015428,6,2,False,False,194,1558,224
74427,0.0,0.020936,6,1,False,False,207,2070,156
25181,0.0,0.011552,6,2,False,False,174,746,325
36802,0.0,0.016384,6,1,False,False,200,1804,210
6923,0.0,0.011176,6,3,False,False,170,381,346
644577,0.200366,0.047368,5,2,False,False,308,7,68
93555,0.0,0.014064,5,1,False,False,229,448,251
63931,0.0,0.009827,5,2,False,False,235,558,397
3097,0.0,0.016022,5,3,False,False,231,509,217
103482,0.0,0.009455,5,1,False,False,216,11,411
1999,0.0,0.008853,5,0,False,False,234,524,441
7032,0.0,0.008198,5,1,False,False,233,523,477
1717,0.0,0.009023,5,4,False,False,230,476,430
28487,0.0,0.010092,5,0,False,False,276,1677,390
87417,0.0,0.01165,5,3,False,False,288,1979,321
59626,0.0,0.012738,5,0,False,False,289,1986,289
42221,0.0,0.010488,5,0,False,False,283,1869,371
227178,0.0,0.00857,5,1,False,False,284,1880,451
78557,0.0,0.023503,5,4,False,False,277,1758,136
66556,0.0,0.015086,5,3,False,False,220,157,232
37888,0.0,0.013519,5,2,False,False,279,1806,264
33823,0.0,0.034976,5,0,False,False,278,1759,90
61069,0.0,0.007455,5,2,False,False,281,1821,535
37483,0.0,0.031823,5,1,False,False,280,1809,97
714256,0.0,0.009549,5,1,False,False,282,1851,409
73327,0.0,0.007455,5,3,False,False,232,512,532
235679,0.0,0.010456,5,2,False,False,303,2412,374
193352,0.0,0.011656,5,1,False,False,302,2356,320
235683,0.0,0.013456,5,0,False,False,304,2414,269
45188,0.0,0.012294,5,2,False,False,285,1886,300
46887,0.0,0.009686,5,0,False,False,286,1904,402
51049,0.0,0.030173,5,0,False,False,287,1931,107
3223,0.0,0.007827,5,0,False,False,242,722,501
85688,0.0,0.068588,5,1,False,False,228,383,44
20923,0.0,0.015636,5,0,False,False,272,1547,222
64271,0.0,0.013164,5,2,False,False,271,1515,278
66990,0.0,0.0089,5,4,False,False,269,1508,436
19697,0.0,0.010371,5,1,False,False,270,1511,378
23116,0.0,0.009314,5,4,False,False,274,1589,416
27530,0.0,0.009649,5,0,False,False,275,1648,404
13885,0.0,0.008198,5,2,False,False,244,866,478
23070,0.0,0.017116,5,5,False,False,273,1582,198
3236,0.0,0.015956,5,0,False,False,243,801,218
30895,0.0,0.007827,5,5,False,False,227,370,500
579008,0.0,0.00917,5,3,False,False,219,136,422
108974,0.0,0.013503,5,0,False,False,296,2178,265
126927,0.0,0.037171,5,5,False,False,295,2169,83
6130,0.0,0.009686,5,3,False,False,247,936,401
89416,0.0,0.031211,5,2,False,False,221,251,102
56709,0.0,0.013764,5,4,False,False,264,1324,258
66751,0.0,0.009255,5,0,False,False,292,2026,417
70444,0.0,0.00857,5,0,False,False,293,2049,452
62329,0.0,0.012756,5,1,False,False,290,1995,288
16471,0.0,0.009151,5,1,False,False,268,1422,424
3217,0.0,0.008942,5,0,False,False,241,681,431
33907,0.0,0.007827,5,4,False,False,218,103,498
195792,0.0,0.009999,5,2,False,False,291,1997,392
162664,0.0,0.010053,5,2,False,False,240,674,391
5600,0.0,0.011233,5,1,False,False,246,924,342
5194,0.0,0.011034,5,0,False,False,245,913,356
112378,0.0,0.009597,5,5,False,False,226,359,408
6125,0.0,0.010458,5,5,False,False,225,354,372
97390,0.0,0.010943,5,1,False,False,265,1363,360
56167,0.0,0.007827,5,3,False,False,266,1384,502
714289,0.0,0.012506,5,4,False,False,267,1411,295
1246,0.0,0.01172,5,0,False,False,224,350,315
3187,0.0,0.028462,5,1,False,False,239,663,114
5062,0.0,0.021169,5,2,False,False,238,650,152
2698,0.0,0.013346,5,2,False,False,237,626,273
8875,0.0,0.007455,5,5,False,False,249,965,534
7047,0.0,0.009083,5,0,False,False,257,1102,427
6343,0.0,0.008198,5,0,False,False,251,1014,480
36145,0.0,0.008427,5,2,False,False,260,1159,465
33818,0.0,0.026044,5,5,False,False,262,1199,121
8617,0.0,0.011967,5,0,False,False,259,1157,308
27535,0.0,0.020938,5,2,False,False,261,1167,155
11339,0.0,0.010186,5,1,False,False,263,1259,386
17208,0.0,0.008198,5,4,False,False,250,980,479
1026,0.0,0.007827,5,0,False,False,223,333,499
671269,0.0,0.007455,5,1,False,False,248,939,533
578337,0.0,0.014677,5,4,False,False,236,618,240
8581,0.0,0.036125,5,2,False,False,258,1145,86
941,0.0,0.020085,5,0,False,False,222,329,164
74975,0.0,0.011327,5,0,False,False,294,2078,339
189566,0.0,0.015682,5,0,False,False,301,2345,220
198653,0.0,0.106208,5,2,False,False,217,78,25
143323,0.0,0.01311,5,0,False,False,300,2262,281
124952,0.0,0.007827,5,0,False,False,297,2210,503
135464,0.0,0.03168,5,0,False,False,298,2245,99
137790,0.0,0.017308,5,0,False,False,299,2251,195
6925,0.0,0.010456,5,2,False,False,255,1042,373
178209,0.0,0.01119,5,1,False,False,252,1031,345
83725,0.0,0.058452,5,3,False,False,253,1039,53
9708,0.0,0.00834,5,1,False,False,254,1040,469
50336,0.0,0.020111,5,2,False,False,256,1064,163
573553,0.0,0.008942,5,0,False,False,305,2532,432
633081,0.0,0.015784,5,0,False,False,306,2589,219
672070,0.0,0.014392,5,2,False,False,307,2590,245
672071,0.0,0.013684,4,2,False,False,409,2591,260
626530,0.0,0.007734,4,0,False,False,408,2578,507
523574,0.0,0.011657,4,0,False,False,407,2519,319
578845,0.0,0.008421,4,1,False,False,406,2448,466
1955,0.0,0.011825,4,0,False,False,330,499,313
1953,0.0,0.008667,4,0,False,False,329,495,447
1952,0.0,0.011067,4,1,False,False,328,493,351
3095,0.0,0.010985,4,2,False,False,327,492,358
49482,0.0,0.00878,4,3,False,False,325,434,443
3101,0.0,0.008878,4,3,False,False,326,490,438
116084,0.0,0.008106,4,3,False,False,349,1030,483
3828,0.0,0.011224,4,4,False,False,323,324,343
763010,0.0,0.007221,4,1,False,False,351,1110,555
7272,0.0,0.00878,4,0,False,False,350,1106,444
5462,0.0,0.036608,4,1,False,False,322,309,84
35905,0.0,0.011917,4,2,False,False,321,305,312
6318,0.0,0.006477,4,0,False,False,348,1006,616
6311,0.0,0.006477,4,3,False,False,347,1004,615
6238,0.0,0.006477,4,0,False,False,346,999,614
13686,0.0,0.035681,4,4,False,False,345,955,88
1237,0.0,0.007678,4,0,False,False,324,346,511
39131,0.0,0.038618,4,3,False,False,354,1208,81
51866,0.0,0.014724,4,2,False,False,353,1170,239
8591,0.0,0.007363,4,1,False,False,352,1148,539
11148,0.0,0.006849,4,0,False,False,356,1253,589
194617,0.0,0.00856,4,4,False,False,355,1236,453
35490,0.0,0.011252,4,1,False,False,320,267,341
101811,0.0,0.011313,4,2,False,False,360,1312,340
156977,0.0,0.006477,4,1,False,False,359,1303,617
12238,0.0,0.008337,4,0,False,False,358,1298,470
51180,0.0,0.09098,4,3,False,False,357,1294,29
19045,0.0,0.008278,4,2,False,False,319,261,474
5959,0.0,0.00805,4,1,False,False,344,927,488
75695,0.0,0.006477,4,2,False,False,343,919,613
25805,0.0,0.006477,4,4,False,False,342,892,612
15984,0.0,0.006477,4,0,False,False,363,1406,619
14529,0.0,0.006477,4,0,False,False,362,1378,618
504,0.0,0.022637,4,0,False,False,318,247,141
13654,0.0,0.007734,4,2,False,False,361,1345,505
18832,0.0,0.007221,4,0,False,False,367,1488,556
73146,0.0,0.016982,4,4,False,False,366,1473,201
16476,0.0,0.009201,4,0,False,False,365,1426,419
189571,0.0,0.007363,4,3,False,False,364,1414,540
22241,0.0,0.006477,4,1,False,False,371,1559,620
20179,0.0,0.016574,4,0,False,False,370,1517,206
91853,0.0,0.010733,4,4,False,False,369,1516,367
240791,0.0,0.012801,4,3,False,False,368,1504,287
87915,0.0,0.013648,4,2,False,False,373,1588,262
128,0.0,0.008524,4,4,False,False,317,194,455
63915,0.0,0.01234,4,2,False,False,372,1571,298
28254,0.0,0.006849,4,5,False,False,341,823,588
39130,0.0,0.022477,4,2,False,False,340,805,144
31483,0.0,0.008619,4,0,False,False,379,1724,448
31927,0.0,0.009996,4,3,False,False,378,1720,393
30817,0.0,0.048956,4,0,False,False,377,1705,67
29723,0.0,0.016866,4,2,False,False,376,1702,202
28491,0.0,0.007593,4,0,False,False,375,1679,520
28412,0.0,0.014054,4,0,False,False,374,1675,252
86359,0.0,0.007593,4,3,False,False,316,171,519
108983,0.0,0.012282,4,1,False,False,382,1785,301
108962,0.0,0.010545,4,4,False,False,381,1784,369
78552,0.0,0.030491,4,2,False,False,380,1757,106
189856,0.0,0.007678,4,2,False,False,384,1805,512
35852,0.0,0.008478,4,0,False,False,383,1791,457
27174,0.0,0.008443,4,3,False,False,339,748,459
6639,0.0,0.012237,4,3,False,False,338,695,304
427606,0.0,0.010354,4,1,False,False,313,109,379
300806,0.0,0.018377,4,1,False,False,389,1941,185
51879,0.0,0.01259,4,0,False,False,388,1934,293
48781,0.0,0.008878,4,1,False,False,387,1914,439
46547,0.0,0.011199,4,1,False,False,386,1900,344
42156,0.0,0.009508,4,0,False,False,385,1865,410
27510,0.0,0.006849,4,2,False,False,310,92,586
56119,0.0,0.007593,4,5,False,False,315,121,518
513189,0.0,0.009644,4,3,False,False,314,118,405
68224,0.0,0.007221,4,0,False,False,393,2045,557
171954,0.0,0.006477,4,2,False,False,392,2038,621
66564,0.0,0.009133,4,0,False,False,391,2023,425
65057,0.0,0.01093,4,1,False,False,390,2013,361
307015,0.0,0.007963,4,2,False,False,312,100,493
289781,0.0,0.007593,4,2,False,False,311,99,517
2702,0.0,0.013039,4,0,False,False,337,637,282
2695,0.0,0.012368,4,4,False,False,336,623,296
117328,0.0,0.010328,4,0,False,False,397,2195,382
284023,0.0,0.009873,4,2,False,False,396,2139,396
83847,0.0,0.007399,4,0,False,False,395,2113,538
75121,0.0,0.011349,4,2,False,False,394,2080,338
248425,0.0,0.007078,4,2,False,False,309,83,564
193347,0.0,0.008443,4,2,False,False,405,2354,460
179702,0.0,0.008022,4,0,False,False,404,2334,490
175548,0.0,0.014049,4,0,False,False,403,2326,253
162080,0.0,0.008878,4,2,False,False,402,2311,440
219446,0.0,0.007734,4,1,False,False,401,2265,506
137359,0.0,0.006477,4,0,False,False,400,2249,622
134219,0.0,0.008848,4,0,False,False,399,2241,442
141160,0.0,0.007914,4,1,False,False,398,2208,495
696345,0.0,0.016819,4,4,False,False,335,602,203
230884,0.0,0.006849,4,3,False,False,334,596,587
65650,0.0,0.006477,4,5,False,False,333,576,611
4660,0.0,0.009044,4,4,False,False,332,574,428
72908,0.0,0.010638,4,1,False,False,331,559,368
644448,0.0,0.007221,4,1,False,False,410,2617,558
646900,0.0,0.007221,4,0,False,False,411,2633,559
648112,0.0,0.009666,4,1,False,False,412,2638,403
853115,0.0,0.077374,4,0,False,False,413,2707,36
1213,0.0,0.005872,3,1,False,False,437,342,689
1035,0.0,0.005872,3,2,False,False,436,340,688
23258,0.0,0.005872,3,5,False,False,425,199,686
95594,0.0,0.006385,3,0,False,False,558,2148,633
95642,0.0,0.006811,3,0,False,False,559,2150,593
92589,0.0,0.006899,3,0,False,False,557,2134,578
20528,0.0,0.0055,3,3,False,False,510,1536,773
24043,0.0,0.013474,3,0,False,False,514,1599,267
24476,0.0,0.0055,3,0,False,False,515,1602,775
23774,0.0,0.0055,3,2,False,False,467,983,761
6224,0.0,0.012073,3,5,False,False,468,987,306
80491,0.0,0.011437,3,0,False,False,554,2104,333
80656,0.0,0.009984,3,0,False,False,555,2105,394
82666,0.0,0.011363,3,0,False,False,556,2107,337
74937,0.0,0.006244,3,0,False,False,551,2077,662
75318,0.0,0.007301,3,1,False,False,552,2081,549
28447,0.0,0.006013,3,4,False,False,469,993,679
6378,0.0,0.0055,3,3,False,False,470,994,762
78555,0.0,0.022397,3,0,False,False,553,2098,145
118873,0.0,0.0055,3,0,False,False,561,2200,785
940,0.0,0.013842,3,1,False,False,434,326,256
20178,0.0,0.013754,3,3,False,False,508,1513,259
38829,0.0,0.0055,3,3,False,False,509,1514,772
6220,0.0,0.016433,3,5,False,False,426,215,208
145176,0.0,0.006244,3,1,False,False,516,1613,659
65212,0.0,0.008067,3,1,False,False,517,1618,486
943,0.0,0.010785,3,2,False,False,435,330,365
74821,0.0,0.0055,3,0,False,False,550,2071,784
133563,0.0,0.007694,3,3,False,False,465,915,510
5454,0.0,0.0055,3,0,False,False,466,921,760
126920,0.0,0.031512,3,1,False,False,562,2218,100
69198,0.0,0.0261,3,1,False,False,547,2046,120
231198,0.0,0.023154,3,1,False,False,548,2047,138
70970,0.0,0.0061,3,4,False,False,549,2051,676
3084,0.0,0.005872,3,3,False,False,433,323,687
5069,0.0,0.011498,3,5,False,False,464,902,330
116528,0.0,0.01195,3,0,False,False,560,2193,310
142268,0.0,0.006866,3,3,False,False,545,2019,585
83449,0.0,0.006757,3,3,False,False,443,507,599
129042,0.0,0.006244,3,1,False,False,442,489,654
147870,0.0,0.0055,3,1,False,False,518,1629,776
27203,0.0,0.0055,3,0,False,False,519,1641,777
135766,0.0,0.007466,3,1,False,False,463,878,531
67584,0.0,0.005872,3,0,False,False,546,2039,703
50337,0.0,0.007145,3,3,False,False,472,1065,560
51909,0.0,0.0055,3,3,False,False,471,1038,763
135130,0.0,0.0055,3,3,False,False,415,64,752
289780,0.0,0.0055,3,4,False,False,417,98,753
263553,0.0,0.011107,3,2,False,False,473,1078,350
63812,0.0,0.0055,3,0,False,False,544,2009,783
61417,0.0,0.005872,3,1,False,False,543,1992,702
28851,0.0,0.011964,3,1,False,False,416,96,309
642621,0.200366,0.047099,3,0,False,False,593,6,69
645046,0.0,0.006701,3,1,False,False,594,2605,603
66794,0.0,0.0055,3,4,False,False,504,1478,768
18781,0.0,0.0055,3,0,False,False,505,1480,769
18811,0.0,0.0055,3,0,False,False,506,1482,770
74749,0.0,0.011561,3,2,False,False,444,536,324
18834,0.0,0.0055,3,2,False,False,507,1490,771
7297,0.0,0.007642,3,4,False,False,439,441,514
57948,0.0,0.006866,3,5,False,False,474,1092,583
134199,0.0,0.006701,3,0,False,False,563,2238,602
62274,0.0,0.008265,3,3,False,False,462,857,475
132806,0.0,0.006244,3,2,False,False,414,63,650
503877,0.0,0.0055,3,1,False,False,564,2259,786
56708,0.0,0.014953,3,0,False,False,542,1969,235
145384,0.0,0.006385,3,0,False,False,565,2272,634
18615,0.0,0.008336,3,5,False,False,438,365,471
63486,0.0,0.006385,3,5,False,False,459,787,630
503893,0.0,0.006244,3,2,False,False,418,117,651
55770,0.0,0.007048,3,0,False,False,541,1964,565
5075,0.0,0.014524,3,1,False,False,460,815,242
4274,0.0,0.0055,3,0,False,False,461,816,759
18536,0.0,0.007708,3,0,False,False,502,1462,509
18770,0.0,0.007444,3,0,False,False,503,1466,536
27543,0.0,0.006668,3,0,False,False,520,1654,606
16843,0.0,0.005872,3,1,False,False,501,1442,699
28249,0.0,0.0055,3,0,False,False,521,1664,778
28385,0.0,0.0055,3,0,False,False,522,1672,779
154023,0.0,0.007301,3,1,False,False,566,2290,550
154047,0.0,0.007301,3,1,False,False,567,2293,551
52003,0.0,0.006385,3,1,False,False,540,1939,632
58268,0.0,0.006385,3,1,False,False,478,1156,631
12359,0.0,0.006244,3,2,False,False,479,1158,657
11342,0.0,0.013958,3,3,False,False,475,1134,254
133615,0.0,0.005872,3,1,False,False,476,1137,691
97377,0.0,0.021672,3,1,False,False,477,1144,149
49843,0.0,0.006385,3,5,False,False,445,553,628
601462,0.0,0.0055,3,0,False,False,592,2564,790
28649,0.0,0.01932,3,0,False,False,523,1687,175
105856,0.0,0.007357,3,4,False,False,500,1429,543
162075,0.0,0.007901,3,1,False,False,569,2309,497
33412,0.0,0.006987,3,1,False,False,455,751,569
35863,0.0,0.007301,3,3,False,False,456,753,548
50354,0.0,0.010336,3,1,False,False,538,1923,380
123556,0.0,0.011375,3,1,False,False,539,1924,335
9515,0.0,0.030771,3,2,False,False,480,1190,104
12439,0.0,0.006244,3,3,False,False,432,295,653
52515,0.0,0.014447,3,2,False,False,457,759,243
641976,0.0,0.014228,3,3,False,False,458,761,248
166989,0.0,0.006987,3,0,False,False,570,2318,570
175256,0.0,0.0055,3,0,False,False,571,2325,787
753070,0.0,0.016103,3,2,False,False,572,2328,214
159084,0.0,0.007901,3,0,False,False,568,2302,496
578650,0.0,0.0055,3,0,False,False,589,2541,788
592993,0.0,0.0055,3,0,False,False,590,2549,789
28202,0.0,0.0055,3,4,False,False,427,228,754
521183,0.0,0.006385,3,0,False,False,584,2513,635
40,0.0,0.006929,3,1,False,False,422,176,574
593104,0.0,0.006244,3,0,False,False,591,2552,667
133550,0.0,0.005872,3,2,False,False,453,743,690
27631,0.0,0.008616,3,5,False,False,454,749,449
179180,0.0,0.006244,3,0,False,False,573,2333,663
189655,0.0,0.009796,3,0,False,False,574,2348,398
137380,0.0,0.007129,3,1,False,False,536,1899,562
47682,0.0,0.0055,3,0,False,False,537,1906,782
633585,0.0,0.007129,3,2,False,False,481,1196,561
561674,0.0,0.006907,3,1,False,False,585,2525,577
561789,0.0,0.007523,3,0,False,False,586,2527,524
561809,0.0,0.005872,3,0,False,False,587,2529,709
39165,0.0,0.006244,3,4,False,False,524,1723,660
40605,0.0,0.005872,3,3,False,False,525,1728,700
175909,0.0,0.006244,3,1,False,False,499,1404,658
506,0.0,0.016398,3,2,False,False,429,250,209
99023,0.0,0.007301,3,3,False,False,446,605,547
576362,0.0,0.006244,3,0,False,False,588,2537,666
9716,0.0,0.005872,3,0,False,False,482,1201,692
100197,0.0,0.006385,3,1,False,False,452,724,629
190698,0.0,0.005872,3,0,False,False,575,2351,704
12197,0.0,0.0061,3,2,False,False,483,1212,675
44514,0.0,0.249621,3,0,False,False,535,1881,10
43698,0.0,0.005872,3,2,False,False,487,1240,695
43186,0.0,0.0091,3,0,False,False,534,1874,426
424,0.0,0.0055,3,2,False,False,428,240,755
78511,0.0,0.010386,3,4,False,False,421,164,377
573964,0.0,0.008936,3,2,False,False,419,124,433
145215,0.0,0.006244,3,4,False,False,450,707,655
36620,0.0,0.006244,3,4,False,False,451,709,656
216878,0.0,0.005872,3,0,False,False,576,2388,705
27606,0.0,0.00801,3,1,False,False,484,1217,491
64519,0.0,0.017516,3,1,False,False,431,272,191
187354,0.0,0.0055,3,2,False,False,449,691,758
235678,0.0,0.008501,3,2,False,False,578,2411,456
18619,0.0,0.010158,3,3,False,False,488,1248,387
39199,0.0,0.010276,3,3,False,False,489,1252,384
182094,0.0,0.006244,3,2,False,False,533,1863,661
41417,0.0,0.005872,3,1,False,False,485,1231,693
31336,0.0,0.005872,3,2,False,False,486,1237,694
205192,0.0,0.012232,3,2,False,False,447,613,305
763009,0.0,0.0055,3,3,False,False,448,622,757
13717,0.0,0.0055,3,2,False,False,497,1353,767
34979,0.0,0.006431,3,1,False,False,498,1359,626
33325,0.0,0.0055,3,0,False,False,526,1752,780
34708,0.0,0.0055,3,1,False,False,527,1755,781
134128,0.0,0.0055,3,5,False,False,430,258,756
646809,0.0,0.006244,3,3,False,False,420,153,652
44017,0.0,0.005872,3,1,False,False,490,1266,696
12169,0.0,0.005872,3,0,False,False,491,1275,697
75972,0.0,0.005872,3,3,False,False,532,1839,701
232606,0.0,0.005872,3,0,False,False,577,2405,706
262178,0.0,0.006244,3,0,False,False,580,2429,664
263482,0.0,0.005872,3,0,False,False,581,2432,708
264556,0.0,0.007444,3,0,False,False,582,2433,537
255628,0.0,0.005872,3,0,False,False,579,2423,707
13195,0.0,0.0055,3,0,False,False,495,1333,766
370366,0.0,0.006244,3,0,False,False,583,2474,665
13652,0.0,0.008209,3,1,False,False,496,1344,476
35335,0.0,0.006866,3,1,False,False,530,1778,584
152227,0.0,0.005872,3,1,False,False,493,1313,698
127033,0.0,0.0055,3,5,False,False,494,1321,765
36131,0.0,0.013335,3,0,False,False,531,1798,274
101263,0.0,0.0055,3,2,False,False,492,1299,764
34263,0.0,0.008445,3,4,False,False,528,1771,458
34266,0.0,0.009331,3,4,False,False,529,1772,414
739816,0.0,0.0055,3,0,False,False,595,2679,791
22564,0.0,0.020071,3,1,False,False,511,1569,165
124064,0.0,0.020593,3,5,False,False,423,193,159
130,0.0,0.006431,3,4,False,False,424,195,625
853114,0.0,0.056048,3,1,False,False,597,2705,57
85299,0.0,0.007501,3,1,False,False,440,445,527
90888,0.0,0.007642,3,2,False,False,441,447,515
756061,0.0,0.0055,3,0,False,False,596,2690,792
22875,0.0,0.0055,3,0,False,False,512,1577,774
22886,0.0,0.006811,3,0,False,False,513,1579,592
1033,0.0,0.004895,2,3,False,False,598,10,851
289885,0.0,0.008535,2,4,False,False,762,1551,454
459216,0.0,0.004523,2,1,False,False,763,1561,987
644843,0.0,0.004895,2,0,False,False,934,2626,895
644494,0.0,0.004523,2,2,False,False,933,2625,1041
644427,0.089689,0.021568,2,0,False,False,932,8,150
152483,0.0,0.004895,2,2,False,False,653,472,857
683294,0.0,0.004895,2,0,False,False,941,2659,898
675756,0.0,0.004895,2,0,False,False,940,2656,897
654339,0.0,0.005723,2,1,False,False,939,2647,740
650807,0.0,0.004523,2,0,False,False,938,2643,1042
648121,0.0,0.006294,2,1,False,False,937,2640,645
134316,0.0,0.006158,2,5,False,False,769,1586,670
566653,0.0,0.014984,2,1,False,False,758,1534,234
70442,0.0,0.004523,2,2,False,False,759,1537,985
389715,0.0,0.005723,2,5,False,False,760,1542,729
20821,0.0,0.004523,2,0,False,False,761,1545,986
152731,0.0,0.011051,2,2,False,False,771,1592,353
27249,0.0,0.008575,2,3,False,False,772,1597,450
84020,0.0,0.004523,2,1,False,False,773,1598,989
628500,0.0,0.005289,2,4,False,False,651,436,802
649731,0.0,0.007922,2,2,False,False,652,438,494
645870,0.0,0.005267,2,1,False,False,929,2606,825
107251,0.0,0.005723,2,4,False,False,765,1566,730
28227,0.0,0.008878,2,3,False,False,624,200,437
102939,0.0,0.005723,2,0,False,False,862,2161,736
246618,0.0,0.005289,2,4,False,False,863,2164,807
103531,0.0,0.004895,2,1,False,False,864,2165,884
126912,0.0,0.014397,2,2,False,False,865,2167,244
400356,0.0,0.006932,2,1,False,False,729,1305,573
119761,0.0,0.006759,2,4,False,False,732,1330,595
358887,0.0,0.011493,2,0,False,False,910,2467,332
367312,0.0,0.005289,2,2,False,False,911,2469,809
13205,0.0,0.005408,2,0,False,False,733,1334,797
13208,0.0,0.004895,2,2,False,False,734,1336,865
13213,0.0,0.004895,2,0,False,False,735,1342,866
90655,0.0,0.006759,2,3,False,False,802,1775,596
307656,0.0,0.004523,2,0,False,False,908,2454,1030
395553,0.0,0.004895,2,4,False,False,664,640,858
395725,0.0,0.004523,2,4,False,False,665,649,950
346292,0.0,0.007302,2,2,False,False,798,1742,546
174418,0.0,0.005267,2,2,False,False,799,1746,817
12347,0.0,0.005267,2,1,False,False,730,1310,814
575795,0.0,0.004523,2,1,False,False,731,1326,975
194223,0.0,0.004523,2,1,False,False,803,1795,999
12165,0.0,0.004523,2,4,False,False,723,1273,970
39210,0.0,0.006366,2,4,False,False,807,1840,638
233106,0.0,0.004895,2,0,False,False,899,2408,890
27199,0.0,0.004523,2,3,False,False,726,1288,972
261040,0.0,0.004523,2,0,False,False,900,2426,1028
263069,0.0,0.005267,2,0,False,False,901,2431,821
335042,0.0,0.005123,2,1,False,False,902,2434,832
267824,0.0,0.013476,2,0,False,False,903,2435,266
270456,0.0,0.005267,2,0,False,False,904,2436,822
270600,0.0,0.004523,2,0,False,False,905,2437,1029
278394,0.0,0.005267,2,0,False,False,906,2439,823
286513,0.0,0.004895,2,0,False,False,907,2443,891
110162,0.0,0.005723,2,4,False,False,666,651,726
129045,0.0,0.004523,2,2,False,False,667,654,951
77826,0.0,0.01152,2,2,False,False,668,661,327
330208,0.0,0.004523,2,0,False,False,909,2463,1031
105865,0.0,0.00578,2,2,False,False,670,669,714
33301,0.0,0.004523,2,0,False,False,800,1751,997
119686,0.0,0.004895,2,2,False,False,736,1349,867
237489,0.0,0.031706,2,2,False,False,661,614,98
43639,0.0,0.004523,2,1,False,False,662,615,948
582139,0.0,0.004523,2,2,False,False,663,619,949
13972,0.0,0.008931,2,0,False,False,737,1356,434
98693,0.0,0.004523,2,2,False,False,738,1364,976
192870,0.0,0.004523,2,1,False,False,801,1770,998
430711,0.0,0.004895,2,0,False,False,912,2494,892
467383,0.0,0.005289,2,0,False,False,913,2504,810
189620,0.0,0.004523,2,1,False,False,804,1803,1000
37541,0.0,0.004895,2,2,False,False,805,1810,874
116081,0.0,0.004523,2,1,False,False,806,1835,1001
12158,0.0,0.00555,2,4,False,False,721,1270,750
12199,0.0,0.005267,2,4,False,False,722,1271,813
216877,0.0,0.004895,2,0,False,False,897,2386,889
226698,0.0,0.004523,2,0,False,False,898,2395,1027
574264,0.0,0.006779,2,1,False,False,613,127,594
575292,0.0,0.004523,2,3,False,False,614,130,929
10430,0.0,0.007725,2,1,False,False,718,1221,508
6215,0.0,0.008139,2,3,False,False,631,271,482
66782,0.0,0.004523,2,1,False,False,671,696,952
65653,0.0,0.004523,2,5,False,False,643,379,941
6917,0.0,0.004895,2,5,False,False,644,380,856
85452,0.0,0.004523,2,2,False,False,645,382,942
559804,0.0,0.009331,2,5,False,False,808,1850,415
40135,0.0,0.017122,2,0,False,False,809,1854,197
42848,0.0,0.004523,2,0,False,False,810,1870,1002
208345,0.0,0.005289,2,3,False,False,719,1229,803
22566,0.0,0.014539,2,3,False,False,720,1230,241
77829,0.0,0.01152,2,1,False,False,669,662,328
646913,0.0,0.004523,2,3,False,False,914,2509,1032
14545,0.0,0.005408,2,1,False,False,742,1387,798
14807,0.0,0.004895,2,2,False,False,743,1388,869
67245,0.0,0.007468,2,1,False,False,795,1733,530
31863,0.0,0.005723,2,2,False,False,796,1735,731
66563,0.0,0.004523,2,4,False,False,619,158,933
66805,0.0,0.004895,2,2,False,False,620,159,853
69284,0.0,0.005723,2,5,False,False,621,160,723
14090,0.0,0.004895,2,0,False,False,739,1367,868
288,0.0,0.005319,2,1,False,False,629,237,801
58454,0.0,0.00835,2,1,False,False,630,246,468
91581,0.0,0.005723,2,4,False,False,797,1737,732
523010,0.0,0.004523,2,0,False,False,916,2518,1033
561611,0.0,0.006867,2,0,False,False,917,2524,582
568857,0.0,0.004523,2,5,False,False,612,123,928
213246,0.0,0.006759,2,0,False,False,896,2385,597
562940,0.0,0.00578,2,0,False,False,918,2530,717
608190,0.0,0.00675,2,1,False,False,919,2535,600
15076,0.0,0.023526,2,2,False,True,744,1390,135
15892,0.0,0.004523,2,1,False,False,745,1403,978
34082,0.0,0.004523,2,3,False,False,740,1374,977
73119,0.0,0.008393,2,3,False,False,741,1375,467
653441,0.0,0.005267,2,5,False,False,746,1410,815
9586,0.0,0.013455,2,3,False,False,716,1197,271
191222,0.0,0.004523,2,0,False,False,891,2352,1025
612306,0.0,0.006758,2,2,False,False,892,2355,598
563613,0.0,0.007349,2,1,False,False,893,2362,545
198866,0.0,0.006382,2,0,False,False,894,2365,637
202520,0.0,0.004523,2,0,False,False,895,2368,1026
124734,0.0,0.00601,2,4,False,False,717,1214,680
592973,0.0,0.005723,2,1,False,False,615,137,722
45052,0.0,0.004523,2,0,False,False,811,1884,1003
578669,0.0,0.004523,2,1,False,False,789,1689,994
159897,0.0,0.00599,2,4,False,False,790,1692,681
131117,0.0,0.004523,2,2,False,False,791,1698,995
144408,0.0,0.048967,2,3,False,True,792,1699,66
31083,0.0,0.004523,2,0,False,False,793,1708,996
31105,0.0,0.005036,2,0,False,False,794,1710,837
522338,0.0,0.005123,2,0,False,False,915,2515,833
177998,0.0,0.004523,2,0,False,False,889,2331,1024
178718,0.0,0.005123,2,0,False,False,890,2332,831
118559,0.0,0.004523,2,1,False,False,672,742,953
25184,0.0,0.004895,2,4,False,False,673,747,859
46501,0.0,0.004895,2,0,False,False,814,1902,876
48555,0.0,0.0081,2,1,False,False,815,1911,484
48764,0.0,0.004523,2,0,False,False,816,1912,1005
8961,0.0,0.004523,2,0,False,False,713,1186,968
9581,0.0,0.006258,2,1,False,False,715,1194,648
51052,0.0,0.004895,2,0,False,False,820,1933,877
3235,0.0,0.005267,2,0,False,False,681,800,811
561581,0.0,0.005289,2,4,False,False,879,2284,808
9559,0.0,0.004523,2,0,False,False,714,1191,969
13136,0.0,0.004523,2,1,False,False,632,298,937
8696,0.0,0.004523,2,0,False,False,712,1164,967
654326,0.0,0.005723,2,2,False,False,676,762,727
166825,0.0,0.004523,2,0,False,False,886,2317,1022
169280,0.0,0.004523,2,0,False,False,887,2320,1023
174425,0.0,0.00555,2,0,False,False,888,2324,751
159085,0.0,0.005723,2,2,False,False,883,2304,737
45603,0.0,0.004523,2,0,False,False,812,1892,1004
46452,0.0,0.004895,2,0,False,False,813,1896,875
22835,0.0,0.004523,2,1,False,False,648,425,944
578365,0.0,0.005723,2,0,False,False,920,2539,739
592996,0.0,0.004523,2,0,False,False,921,2550,1034
594011,0.0,0.005267,2,0,False,False,922,2557,824
594511,0.0,0.004523,2,0,False,False,923,2563,1035
28489,0.0,0.006453,2,0,False,False,785,1678,623
28542,0.0,0.011381,2,0,False,False,786,1685,334
32260,0.0,0.00669,2,2,False,False,787,1686,605
155738,0.0,0.006331,2,2,False,False,788,1688,640
75674,0.0,0.004523,2,2,False,False,627,233,935
20526,0.0,0.004523,2,4,False,False,628,234,936
626531,0.0,0.004895,2,1,False,False,924,2581,893
626999,0.0,0.004523,2,0,False,False,925,2583,1036
180399,0.0,0.004895,2,2,False,False,677,779,860
31769,0.0,0.007468,2,4,False,False,674,750,529
444191,0.0,0.009758,2,2,False,False,675,757,400
397488,0.0,0.004523,2,1,False,False,817,1916,1006
423816,0.0,0.006924,2,1,False,False,818,1917,575
50838,0.0,0.005036,2,0,False,False,819,1928,838
28230,0.0,0.004523,2,0,False,False,784,1663,993
126793,0.0,0.00578,2,1,False,False,747,1436,716
17242,0.0,0.004895,2,1,False,False,748,1450,870
97645,0.0,0.006895,2,1,False,False,622,174,579
27243,0.0,0.004895,2,0,False,False,781,1644,872
18773,0.0,0.004523,2,0,False,False,752,1470,980
155158,0.0,0.005638,2,0,False,False,882,2296,748
52000,0.0,0.004895,2,1,False,False,821,1936,878
53942,0.0,0.006524,2,0,False,False,822,1943,609
46079,0.0,0.005723,2,1,False,False,609,112,721
8619,0.0,0.007265,2,0,False,False,710,1160,553
8687,0.0,0.004523,2,1,False,False,711,1161,966
241821,0.0,0.005723,2,2,False,False,884,2305,738
160732,0.0,0.007037,2,0,False,False,885,2306,566
139865,0.0,0.004523,2,2,False,False,646,419,943
184918,0.0,0.007475,2,4,False,False,647,422,528
60159,0.0,0.006117,2,1,False,False,829,1989,672
148341,0.0,0.004523,2,1,False,False,878,2275,1021
307336,0.0,0.004523,2,2,False,False,682,810,956
49660,0.0,0.00555,2,4,False,False,678,784,749
8699,0.0,0.004523,2,3,False,False,679,790,954
8821,0.0,0.004523,2,3,False,False,680,791,955
486840,0.0,0.004523,2,2,False,False,610,114,926
48766,0.0,0.004523,2,3,False,False,611,115,927
141324,0.0,0.005638,2,4,False,False,823,1953,747
593942,0.0,0.004523,2,5,False,False,824,1957,1007
561595,0.0,0.006323,2,3,False,False,880,2286,643
561613,0.0,0.01729,2,1,False,False,881,2288,196
631015,0.0,0.004523,2,0,False,False,926,2586,1037
28964,0.0,0.004523,2,2,False,False,751,1467,979
27531,0.0,0.005638,2,2,False,False,782,1650,746
34961,0.0,0.004895,2,2,False,False,783,1653,873
591016,0.0,0.004895,2,2,False,False,642,377,855
62417,0.0,0.004895,2,1,False,False,685,858,861
116552,0.0,0.006323,2,2,False,False,599,60,641
136767,0.0,0.004895,2,0,False,False,876,2248,887
145315,0.0,0.004895,2,0,False,False,877,2269,888
57773,0.0,0.004523,2,2,False,False,825,1973,1008
80515,0.0,0.004895,2,2,False,False,708,1121,864
315789,0.0,0.004523,2,1,False,False,709,1126,965
58552,0.0,0.005723,2,2,False,False,636,311,724
5869,0.0,0.034282,2,2,False,True,637,312,92
52847,0.0,0.004523,2,1,False,False,705,1099,964
14549,0.0,0.004895,2,3,False,False,706,1104,862
7430,0.0,0.004895,2,4,False,False,707,1112,863
58436,0.0,0.007978,2,0,False,False,826,1977,492
248395,0.0,0.005723,2,1,False,False,827,1982,733
576973,0.0,0.012984,2,1,False,False,828,1985,285
64319,0.0,0.005723,2,0,False,False,833,2012,734
82664,0.0,0.009642,2,1,False,False,658,513,406
49811,0.0,0.012281,2,2,False,False,659,522,302
39126,0.0,0.004523,2,5,False,False,660,527,947
644441,0.0,0.004523,2,1,False,False,927,2598,1038
642798,0.0,0.004523,2,1,False,False,928,2599,1039
18812,0.0,0.004523,2,0,False,False,753,1485,981
17811,0.0,0.005975,2,0,False,False,749,1454,682
86923,0.0,0.005289,2,2,False,False,750,1461,804
289779,0.0,0.005638,2,2,False,False,607,97,743
32688,0.0,0.006979,2,1,False,False,683,841,571
190706,0.0,0.006293,2,3,False,False,601,74,646
133553,0.0,0.006345,2,1,False,False,873,2233,639
133567,0.0,0.004895,2,0,False,False,874,2234,886
134314,0.0,0.005889,2,0,False,False,875,2242,685
560936,0.0,0.006692,2,4,False,False,641,376,604
78994,0.0,0.005123,2,2,False,False,701,1072,830
6775,0.0,0.005036,2,1,False,False,697,1043,836
6782,0.0,0.004523,2,0,False,False,698,1046,960
120817,0.0,0.004523,2,0,False,False,869,2204,1019
126868,0.0,0.004895,2,0,False,False,870,2216,885
148170,0.0,0.004523,2,1,False,False,600,67,921
340078,0.0,0.004523,2,2,False,False,633,304,938
48550,0.0,0.006845,2,4,False,False,634,308,590
576257,0.0,0.004523,2,2,False,False,635,310,939
33904,0.0,0.004523,2,3,False,False,608,102,925
251756,0.0,0.00735,2,1,False,False,830,1998,544
62676,0.0,0.004895,2,0,False,False,831,2006,879
169279,0.0,0.004523,2,2,False,False,702,1077,962
20857,0.0,0.004523,2,1,False,False,703,1086,963
57922,0.0,0.006158,2,2,False,False,704,1091,668
63835,0.0,0.004895,2,2,False,False,832,2011,880
101143,0.0,0.004523,2,3,False,False,657,502,946
1919,0.0,0.004523,2,1,False,False,654,486,945
1949,0.0,0.008322,2,4,False,False,655,488,472
23502,0.0,0.012918,2,4,False,False,649,427,286
330148,0.0,0.010328,2,3,False,False,650,431,381
641956,0.0,0.004523,2,2,False,False,777,1634,990
25791,0.0,0.006382,2,0,False,False,778,1635,636
45212,0.0,0.004523,2,2,False,False,779,1636,991
27241,0.0,0.004523,2,0,False,False,780,1643,992
642920,0.0,0.004895,2,0,False,False,930,2609,894
643695,0.0,0.004523,2,0,False,False,931,2618,1040
693143,0.0,0.005289,2,2,False,False,835,2030,805
127940,0.0,0.004523,2,2,False,False,872,2221,1020
684986,0.0,0.00578,2,1,False,False,684,845,715
67633,0.0,0.005289,2,1,False,False,836,2043,806
124224,0.0,0.019742,2,1,False,False,700,1068,170
73323,0.0,0.005834,2,0,False,False,843,2067,710
73712,0.0,0.005975,2,0,False,False,844,2069,683
231249,0.0,0.004523,2,1,False,False,602,82,922
249421,0.0,0.004895,2,3,False,False,603,84,852
137849,0.0,0.005408,2,2,False,False,688,909,796
126926,0.0,0.0152,2,0,False,False,871,2220,230
6786,0.0,0.004523,2,0,False,False,699,1051,961
70281,0.0,0.004523,2,0,False,False,837,2048,1009
70520,0.0,0.00762,2,0,False,False,838,2050,516
71736,0.0,0.004523,2,0,False,False,839,2054,1010
71904,0.0,0.005723,2,0,False,False,840,2055,735
38845,0.0,0.004523,2,4,False,False,638,325,940
7867,0.0,0.005267,2,1,False,False,686,898,812
28026,0.0,0.013547,2,2,False,False,687,900,263
66596,0.0,0.005267,2,0,False,False,834,2024,818
110163,0.0,0.005723,2,5,False,False,656,500,725
95188,0.0,0.004523,2,4,False,False,757,1518,984
853116,0.0,0.040601,2,3,False,True,755,1509,78
40124,0.0,0.004523,2,4,False,False,756,1512,983
28485,0.0,0.00578,2,3,False,False,625,205,713
341188,0.0,0.004523,2,5,False,False,626,206,934
145134,0.0,0.009331,2,1,False,False,774,1612,413
197452,0.0,0.005638,2,2,False,False,775,1614,745
34315,0.0,0.004895,2,1,False,False,776,1624,871
18815,0.0,0.004523,2,0,False,False,754,1487,982
645088,0.0,0.004895,2,0,False,False,935,2628,896
648106,0.0,0.007223,2,2,False,False,936,2636,554
20180,0.0,0.010756,2,2,False,False,639,327,366
28265,0.0,0.007649,2,2,False,False,640,328,513
6346,0.0,0.004523,2,0,False,False,696,1020,959
189774,0.0,0.004523,2,3,False,False,841,2064,1011
714260,0.0,0.007096,2,3,False,False,842,2065,563
103543,0.0,0.022189,2,5,False,False,866,2168,147
218410,0.0,0.005638,2,1,False,False,694,982,744
358866,0.0,0.011493,2,1,False,False,849,2103,331
85324,0.0,0.005267,2,0,False,False,850,2118,819
628751,0.0,0.004523,2,2,False,False,851,2119,1015
108963,0.0,0.007558,2,2,False,False,867,2176,523
110041,0.0,0.011131,2,0,False,False,868,2181,348
254923,0.0,0.010137,2,3,False,False,604,85,389
6344,0.0,0.004523,2,0,False,False,695,1018,958
259702,0.0,0.004523,2,3,False,False,605,87,923
263498,0.0,0.004523,2,2,False,False,606,89,924
103430,0.0,0.006323,2,1,False,False,845,2082,642
75983,0.0,0.004523,2,0,False,False,846,2088,1012
77108,0.0,0.004523,2,0,False,False,847,2090,1013
106590,0.0,0.004523,2,2,False,False,848,2092,1014
13193,0.0,0.006665,2,3,False,False,693,978,607
74700,0.0,0.009228,2,1,False,False,768,1583,418
762980,0.0,0.004523,2,1,False,False,946,2693,1044
96851,0.0,0.004895,2,0,False,False,859,2153,882
100935,0.0,0.004523,2,1,False,False,860,2154,1018
81350,0.0,0.004523,2,3,False,False,691,958,957
118259,0.0,0.005723,2,1,False,False,692,961,728
85449,0.0,0.004523,2,2,False,False,852,2121,1016
89308,0.0,0.005408,2,1,False,False,853,2126,799
103528,0.0,0.004895,2,1,False,False,854,2127,881
137130,0.0,0.021391,2,1,False,False,855,2128,151
90470,0.0,0.005267,2,1,False,False,856,2132,820
93273,0.0,0.004523,2,0,False,False,857,2135,1017
38846,0.0,0.005267,2,2,False,False,764,1565,816
27612,0.0,0.00874,2,3,False,False,689,934,445
193931,0.0,0.004895,2,3,False,False,861,2156,883
74698,0.0,0.01095,2,3,False,False,770,1587,359
593240,0.0,0.004523,2,4,False,False,616,140,930
594047,0.0,0.004523,2,2,False,False,617,143,931
608326,0.0,0.004523,2,2,False,False,618,147,932
12247,0.0,0.004523,2,4,False,False,727,1297,973
107569,0.0,0.004523,2,1,False,False,728,1300,974
219239,0.0,0.006158,2,4,False,False,724,1282,669
28640,0.0,0.004523,2,1,False,False,725,1284,971
738941,0.0,0.006924,2,0,False,False,943,2676,576
739280,0.0,0.006323,2,0,False,False,944,2678,644
753264,0.0,0.011665,2,2,False,False,945,2686,318
94229,0.0,0.004523,2,1,False,False,766,1572,988
733534,0.0,0.004523,2,0,False,False,942,2672,1043
193742,0.0,0.004895,2,4,False,False,623,198,854
10981,0.0,0.011051,2,1,False,False,690,953,352
284025,0.0,0.006117,2,3,False,False,858,2140,673
23069,0.0,0.012592,2,3,False,False,767,1581,292
294030,0.0,0.007558,1,5,False,False,1244,1552,522
853118,0.0,0.003546,1,1,False,False,1565,2708,1565
734406,0.0,0.003546,1,0,False,False,1555,2674,1557
733576,0.0,0.003546,1,0,False,False,1554,2673,1556
83826,0.0,0.003546,1,3,False,False,1033,444,1220
853155,0.0,0.003918,1,3,False,False,1564,2706,1170
824245,0.0,0.003546,1,0,False,False,1563,2702,1564
817774,0.0,0.003546,1,0,False,False,1562,2700,1563
815073,0.0,0.00752,1,0,False,False,1561,2699,526
814836,0.0,0.003546,1,0,False,False,1560,2697,1562
714208,0.0,0.004289,1,1,False,False,1553,2670,1064
39474,0.0,0.004146,1,3,False,False,1038,474,1075
50381,0.0,0.005713,1,3,False,False,1039,480,741
733167,0.0,0.003546,1,1,False,False,1040,481,1223
1786,0.0,0.008667,1,3,False,False,1041,482,446
644363,0.0,0.003918,1,0,False,False,1537,2623,1167
645452,0.0,0.003918,1,0,False,False,1538,2629,1168
646289,0.0,0.016986,1,0,False,False,1539,2630,200
646412,0.0,0.003546,1,0,False,False,1540,2631,1544
647315,0.0,0.003546,1,0,False,False,1541,2635,1545
144330,0.0,0.004998,1,2,False,False,1241,1532,841
566664,0.0,0.010854,1,2,False,False,1242,1535,364
20592,0.0,0.003546,1,2,False,False,1243,1541,1349
101662,0.0,0.003546,1,2,False,False,1250,1594,1353
189574,0.0,0.003546,1,1,False,False,1251,1596,1354
562123,0.0,0.005115,1,3,False,False,1029,435,834
648232,0.0,0.003918,1,1,False,False,1030,437,1137
100701,0.0,0.003546,1,0,False,False,1376,2157,1434
101261,0.0,0.004661,1,0,False,False,1377,2159,907
102061,0.0,0.003546,1,0,False,False,1378,2160,1435
656048,0.0,0.003546,1,1,False,False,1379,2166,1436
241133,0.0,0.003546,1,2,False,False,1136,984,1283
293271,0.0,0.003546,1,1,False,False,1137,985,1284
628667,0.0,0.003546,1,2,False,False,1138,988,1285
81714,0.0,0.003546,1,3,False,False,1364,2106,1426
576691,0.0,0.003546,1,4,False,False,1365,2112,1427
399339,0.0,0.003546,1,3,False,False,1132,956,1280
675847,0.0,0.003546,1,2,False,False,1129,940,1277
6152,0.0,0.003546,1,2,False,False,1130,944,1278
96847,0.0,0.003546,1,4,False,False,1131,948,1279
143801,0.0,0.004896,1,2,False,False,1369,2138,850
93755,0.0,0.003546,1,0,False,False,1370,2141,1430
116553,0.0,0.004581,1,5,False,False,1371,2145,916
74921,0.0,0.003546,1,1,False,False,1357,2076,1420
75693,0.0,0.003546,1,0,False,False,1358,2084,1421
75694,0.0,0.003546,1,0,False,False,1359,2085,1422
672064,0.0,0.006254,1,2,False,False,1139,990,649
230300,0.0,0.004146,1,3,False,False,1140,998,1091
613409,0.0,0.003546,1,1,False,False,1360,2095,1423
78508,0.0,0.003546,1,0,False,False,1361,2096,1424
575402,0.0,0.003546,1,2,False,False,1362,2097,1425
662572,0.0,0.004146,1,2,False,False,1363,2100,1110
153598,0.0,0.003546,1,2,False,False,1134,979,1281
195361,0.0,0.003546,1,1,False,False,1135,981,1282
545647,0.0,0.004146,1,3,False,False,1126,929,1088
582511,0.0,0.004146,1,3,False,False,1127,930,1089
12211,0.0,0.004289,1,2,False,False,1128,933,1057
91852,0.0,0.007801,1,4,False,False,1009,332,504
1034,0.0,0.003546,1,3,False,False,1010,334,1207
109323,0.0,0.004626,1,1,False,False,1121,907,909
354004,0.0,0.003546,1,1,False,False,1122,910,1274
440815,0.0,0.005965,1,2,False,False,1123,911,684
133566,0.0,0.003546,1,4,False,False,1124,916,1275
578898,0.0,0.005777,1,1,False,False,1382,2175,718
310653,0.0,0.004848,1,3,False,False,1383,2177,901
683404,0.0,0.004146,1,4,False,False,1384,2180,1112
111676,0.0,0.004626,1,0,False,False,1385,2182,911
111770,0.0,0.003546,1,0,False,False,1386,2183,1438
141868,0.0,0.003546,1,4,False,False,1141,1015,1286
521252,0.0,0.003546,1,2,False,False,1142,1017,1287
675649,0.0,0.003546,1,4,False,False,1008,315,1206
259701,0.0,0.003546,1,1,False,False,955,86,1176
263279,0.0,0.003546,1,4,False,False,956,88,1177
265203,0.0,0.005457,1,2,False,False,957,90,793
74920,0.0,0.003546,1,1,False,False,1356,2074,1419
112787,0.0,0.003546,1,1,False,False,1388,2186,1440
114966,0.0,0.003546,1,0,False,False,1389,2187,1441
115188,0.0,0.003546,1,0,False,False,1390,2189,1442
157761,0.0,0.004911,1,4,False,False,1117,891,847
77515,0.0,0.004146,1,3,False,False,1118,895,1087
4983,0.0,0.004572,1,0,False,False,1119,897,920
385067,0.0,0.003546,1,3,False,False,1120,906,1273
116512,0.0,0.003546,1,0,False,False,1391,2191,1443
118424,0.0,0.003546,1,0,False,False,1392,2197,1444
118435,0.0,0.003546,1,0,False,False,1393,2198,1445
6539,0.0,0.003546,1,4,False,False,1143,1028,1288
197054,0.0,0.003546,1,5,False,False,952,76,1174
198443,0.0,0.003546,1,4,False,False,953,77,1175
206371,0.0,0.004146,1,3,False,False,954,79,1068
289085,0.0,0.004146,1,4,False,False,1380,2170,1111
193932,0.0,0.003546,1,3,False,False,1381,2171,1437
102884,0.0,0.004146,1,1,False,False,1116,885,1086
102938,0.0,0.004146,1,3,False,False,1012,347,1072
143676,0.0,0.004146,1,3,False,False,1013,349,1073
42207,0.0,0.004911,1,4,False,False,1014,352,846
57764,0.0,0.003546,1,5,False,False,1015,353,1209
189721,0.0,0.003546,1,1,False,False,1396,2213,1448
126867,0.0,0.003546,1,1,False,False,1397,2214,1449
126909,0.0,0.011011,1,1,False,False,1398,2217,357
645897,0.0,0.016711,1,5,False,False,1399,2219,204
60170,0.0,0.004431,1,2,False,False,1146,1050,1048
68115,0.0,0.003546,1,0,False,False,1351,2044,1414
71336,0.0,0.003546,1,0,False,False,1352,2053,1415
72406,0.0,0.003546,1,0,False,False,1353,2058,1416
72805,0.0,0.003546,1,0,False,False,1354,2059,1417
954315,0.0,0.003546,1,2,False,False,1355,2061,1418
112099,0.0,0.003546,1,0,False,False,1387,2185,1439
135765,0.0,0.004431,1,2,False,False,1114,877,1047
37884,0.0,0.003546,1,3,False,False,1102,842,1264
753265,0.0,0.010316,1,2,False,False,1103,847,383
116790,0.0,0.003546,1,4,False,False,1104,854,1265
239800,0.0,0.004146,1,4,False,False,1105,855,1083
66809,0.0,0.003918,1,0,False,False,1349,2036,1158
562067,0.0,0.003546,1,4,False,False,1350,2042,1413
158172,0.0,0.003918,1,3,False,False,1147,1056,1145
293974,0.0,0.003546,1,5,False,False,1148,1057,1289
445938,0.0,0.003546,1,4,False,False,1149,1061,1290
431206,0.0,0.004146,1,4,False,False,1150,1070,1092
350319,0.0,0.003918,1,2,False,False,1144,1045,1144
100961,0.0,0.004254,1,2,False,False,1145,1048,1066
119712,0.0,0.003546,1,0,False,False,1394,2202,1446
121792,0.0,0.003546,1,0,False,False,1395,2206,1447
449841,0.0,0.003546,1,3,False,False,1115,880,1272
94416,0.0,0.003546,1,1,False,False,1342,1994,1409
593155,0.0,0.004289,1,1,False,False,1343,1999,1062
62607,0.0,0.003546,1,0,False,False,1344,2004,1410
662416,0.0,0.003546,1,4,False,False,1151,1079,1291
83461,0.0,0.003918,1,1,False,False,1345,2008,1157
519353,0.0,0.003546,1,3,False,False,1346,2015,1411
573535,0.0,0.004581,1,2,False,False,1347,2029,915
82090,0.0,0.003546,1,2,False,False,1348,2035,1412
128203,0.0,0.003546,1,1,False,False,1400,2224,1450
755082,0.0,0.003546,1,1,False,False,1107,859,1266
95718,0.0,0.004146,1,4,False,False,1108,860,1085
4553,0.0,0.003546,1,0,False,False,1109,861,1267
13917,0.0,0.003546,1,2,False,False,1110,867,1268
6210,0.0,0.003546,1,4,False,False,1111,870,1269
628815,0.0,0.003546,1,2,False,False,1112,871,1270
4637,0.0,0.003546,1,1,False,False,1113,872,1271
129287,0.0,0.003546,1,1,False,False,1401,2228,1451
131122,0.0,0.003546,1,0,False,False,1402,2230,1452
131317,0.0,0.003546,1,0,False,False,1403,2231,1453
132821,0.0,0.003546,1,0,False,False,1404,2232,1454
128540,0.0,0.004146,1,4,False,False,947,62,1067
141347,0.0,0.003546,1,2,False,False,948,66,1171
15670,0.0,0.003546,1,1,False,False,949,68,1172
175291,0.0,0.003918,1,5,False,False,950,70,1128
46468,0.0,0.005831,1,3,False,False,1099,825,711
101660,0.0,0.003546,1,1,False,False,1152,1094,1292
6939,0.0,0.003546,1,2,False,False,1153,1096,1293
227286,0.0,0.003546,1,4,False,False,1004,300,1202
242637,0.0,0.003546,1,3,False,False,1005,301,1203
42847,0.0,0.003546,1,4,False,False,1006,306,1204
335733,0.0,0.003918,1,2,False,False,959,101,1129
387795,0.0,0.004146,1,4,False,False,960,106,1069
7041,0.0,0.003546,1,0,False,False,1154,1100,1294
54844,0.0,0.003546,1,1,False,False,1155,1105,1295
7296,0.0,0.003546,1,0,False,False,1156,1109,1296
58453,0.0,0.007001,1,0,False,False,1339,1980,568
61073,0.0,0.003546,1,0,False,False,1340,1990,1407
61312,0.0,0.003546,1,0,False,False,1341,1991,1408
273152,0.0,0.246923,1,4,False,True,958,91,11
11093,0.0,0.006478,1,1,False,False,1100,830,610
151708,0.0,0.003546,1,1,False,False,1101,839,1263
178727,0.0,0.003546,1,1,False,False,951,71,1173
133628,0.0,0.003546,1,0,False,False,1405,2235,1455
164885,0.0,0.004146,1,2,False,False,1406,2239,1113
447224,0.0,0.004146,1,3,False,False,1407,2240,1114
134315,0.0,0.007359,1,0,False,False,1408,2243,541
134320,0.0,0.007359,1,0,False,False,1409,2244,542
32698,0.0,0.004146,1,4,False,False,1106,856,1084
105899,0.0,0.003546,1,4,False,False,1098,821,1262
135798,0.0,0.003546,1,0,False,False,1410,2247,1456
139738,0.0,0.003546,1,0,False,False,1411,2254,1457
140005,0.0,0.003546,1,0,False,False,1412,2256,1458
608191,0.0,0.00489,1,3,False,False,1413,2260,899
141596,0.0,0.003918,1,0,False,False,1414,2261,1159
143476,0.0,0.003546,1,0,False,False,1415,2263,1459
294126,0.0,0.003546,1,1,False,False,1416,2270,1460
55801,0.0,0.004581,1,2,False,False,1336,1965,914
239810,0.0,0.003546,1,1,False,False,1337,1968,1406
57932,0.0,0.006547,1,0,False,False,1338,1976,608
95586,0.0,0.003546,1,3,False,False,1157,1114,1297
141171,0.0,0.003546,1,5,False,False,1158,1118,1298
314459,0.0,0.003546,1,4,False,False,1159,1119,1299
409255,0.0,0.003546,1,1,False,False,1160,1124,1300
67292,0.0,0.003546,1,1,False,False,1007,314,1205
52835,0.0,0.003546,1,2,False,False,1020,374,1213
66594,0.0,0.004289,1,5,False,False,1090,788,1056
521251,0.0,0.003546,1,3,False,False,1091,794,1259
137956,0.0,0.003918,1,2,False,False,1163,1149,1146
709113,0.0,0.003546,1,2,False,False,1164,1151,1303
180187,0.0,0.003546,1,1,False,False,1165,1154,1304
232605,0.0,0.003546,1,2,False,False,1166,1155,1305
117315,0.0,0.006053,1,2,False,False,1330,1947,677
593022,0.0,0.003546,1,1,False,False,1331,1951,1402
459213,0.0,0.003546,1,1,False,False,1332,1954,1403
459214,0.0,0.003546,1,3,False,False,1333,1955,1404
59715,0.0,0.003546,1,3,False,False,1334,1958,1405
62634,0.0,0.004059,1,3,False,False,1335,1962,1127
31932,0.0,0.005825,1,4,False,False,1095,811,712
368431,0.0,0.003546,1,3,False,False,1096,812,1261
3932,0.0,0.008095,1,2,False,False,1097,814,485
561568,0.0,0.012525,1,2,False,False,1418,2283,294
561593,0.0,0.003546,1,1,False,False,1419,2285,1462
561610,0.0,0.004974,1,2,False,False,1420,2287,845
645084,0.0,0.003546,1,3,False,False,1421,2289,1463
397590,0.0,0.003546,1,1,False,False,1422,2297,1464
156794,0.0,0.003546,1,0,False,False,1423,2298,1465
52007,0.0,0.003546,1,1,False,False,1329,1938,1401
415693,0.0,0.006425,1,3,False,False,961,107,627
44368,0.0,0.003546,1,3,False,False,962,110,1178
55403,0.0,0.003546,1,2,False,False,1161,1141,1301
62389,0.0,0.003546,1,1,False,False,1162,1143,1302
149139,0.0,0.003546,1,0,False,False,1417,2277,1461
157805,0.0,0.003918,1,2,False,False,1016,364,1135
27230,0.0,0.003546,1,3,False,False,1017,368,1210
284414,0.0,0.003546,1,1,False,False,1018,369,1211
520471,0.0,0.003546,1,1,False,False,1019,373,1212
92065,0.0,0.003546,1,2,False,False,1088,767,1257
3237,0.0,0.003546,1,4,False,False,1089,782,1258
35343,0.0,0.003546,1,3,False,False,1085,752,1254
89335,0.0,0.003546,1,1,False,False,1167,1172,1306
217984,0.0,0.003546,1,1,False,False,1320,1919,1399
49720,0.0,0.004146,1,1,False,False,1321,1920,1104
49753,0.0,0.004146,1,1,False,False,1322,1921,1105
683355,0.0,0.004146,1,5,False,False,1323,1922,1106
289088,0.0,0.004146,1,1,False,False,1324,1925,1107
50807,0.0,0.003546,1,0,False,False,1325,1926,1400
50980,0.0,0.004146,1,1,False,False,1326,1929,1108
73972,0.0,0.004146,1,1,False,False,1327,1930,1109
51934,0.0,0.004626,1,0,False,False,1328,1935,910
192850,0.0,0.004146,1,4,False,False,1092,796,1081
272720,0.0,0.004146,1,4,False,False,1093,797,1082
509379,0.0,0.003546,1,2,False,False,1094,798,1260
189623,0.0,0.004146,1,0,False,False,1438,2347,1116
47839,0.0,0.003546,1,0,False,False,1318,1909,1397
48768,0.0,0.003546,1,0,False,False,1319,1913,1398
9513,0.0,0.004146,1,5,False,False,1168,1188,1093
102879,0.0,0.004146,1,2,False,False,1169,1189,1094
131042,0.0,0.003918,1,3,False,False,1003,297,1134
62347,0.0,0.003546,1,2,False,False,1086,760,1255
72101,0.0,0.003546,1,2,False,False,1087,764,1256
166420,0.0,0.003546,1,0,False,False,1427,2316,1469
168332,0.0,0.005457,1,0,False,False,1428,2319,794
656231,0.0,0.004431,1,1,False,False,1429,2321,1053
689152,0.0,0.004146,1,3,False,False,1430,2327,1115
177115,0.0,0.006943,1,0,False,False,1431,2329,572
158812,0.0,0.003546,1,0,False,False,1424,2300,1466
739707,0.0,0.003546,1,1,False,False,1425,2314,1467
163235,0.0,0.003546,1,0,False,False,1426,2315,1468
114189,0.0,0.003546,1,2,False,False,1170,1204,1307
158614,0.0,0.041352,1,1,False,True,1171,1205,75
10174,0.0,0.003918,1,0,False,False,1172,1210,1147
249858,0.0,0.004146,1,5,False,False,1173,1216,1095
577227,0.0,0.003546,1,1,False,False,966,134,1181
593091,0.0,0.003546,1,5,False,False,967,138,1182
253971,0.0,0.003546,1,1,False,False,1315,1882,1394
606479,0.0,0.003546,1,2,False,False,1316,1883,1395
46470,0.0,0.003546,1,0,False,False,1317,1897,1396
177993,0.0,0.003546,1,1,False,False,1432,2330,1470
16461,0.0,0.003546,1,2,False,False,1084,744,1253
179706,0.0,0.003918,1,0,False,False,1433,2336,1160
180301,0.0,0.003546,1,0,False,False,1434,2337,1471
182093,0.0,0.003918,1,0,False,False,1435,2340,1161
650814,0.0,0.003546,1,1,False,False,1436,2342,1472
187260,0.0,0.003546,1,0,False,False,1437,2343,1473
228990,0.0,0.003546,1,0,False,False,1454,2398,1487
576725,0.0,0.003918,1,2,False,False,964,132,1130
576795,0.0,0.003546,1,3,False,False,965,133,1180
259772,0.0,0.003546,1,1,False,False,1174,1224,1308
47570,0.0,0.003918,1,1,False,False,1175,1225,1148
54550,0.0,0.006842,1,1,False,False,1176,1226,591
87363,0.0,0.004146,1,4,False,False,1001,273,1071
654177,0.0,0.003546,1,4,False,False,1082,713,1251
8832,0.0,0.003546,1,1,False,False,1083,715,1252
193918,0.0,0.003546,1,0,False,False,1439,2357,1474
215912,0.0,0.004785,1,2,False,False,1440,2361,903
248823,0.0,0.003546,1,1,False,False,1441,2363,1475
377303,0.0,0.003546,1,1,False,False,1442,2364,1476
199571,0.0,0.003546,1,0,False,False,1443,2366,1477
643734,0.0,0.003546,1,2,False,False,1444,2367,1478
202522,0.0,0.003546,1,0,False,False,1445,2369,1479
43165,0.0,0.003546,1,0,False,False,1312,1872,1391
34355,0.0,0.003546,1,2,False,False,1002,280,1201
31349,0.0,0.003546,1,4,False,False,1177,1238,1309
180373,0.0,0.004431,1,4,False,False,1178,1242,1049
206524,0.0,0.003546,1,1,False,False,1313,1876,1392
44121,0.0,0.003546,1,0,False,False,1314,1878,1393
574009,0.0,0.003546,1,1,False,False,963,126,1179
203646,0.0,0.003546,1,1,False,False,1446,2371,1480
815096,0.0,0.00752,1,2,False,False,1447,2377,525
212097,0.0,0.003546,1,0,False,False,1448,2382,1481
212107,0.0,0.003546,1,0,False,False,1449,2384,1482
346243,0.0,0.003918,1,2,False,False,1081,708,1143
219218,0.0,0.003546,1,0,False,False,1450,2390,1483
567018,0.0,0.003546,1,2,False,False,1451,2392,1484
219976,0.0,0.003546,1,0,False,False,1452,2393,1485
220420,0.0,0.003546,1,0,False,False,1453,2394,1486
6941,0.0,0.003546,1,3,False,False,1080,698,1250
93923,0.0,0.003918,1,3,False,False,1021,384,1136
630890,0.0,0.003546,1,1,False,False,1458,2410,1491
238401,0.0,0.003546,1,0,False,False,1459,2415,1492
245288,0.0,0.003546,1,0,False,False,1460,2418,1493
521855,0.0,0.003918,1,3,False,False,1306,1849,1156
40131,0.0,0.003546,1,1,False,False,1307,1852,1387
252715,0.0,0.003546,1,1,False,False,1179,1250,1310
193354,0.0,0.003546,1,3,False,False,1180,1256,1311
11326,0.0,0.006444,1,1,False,False,1181,1258,624
217139,0.0,0.003546,1,2,False,False,1182,1263,1312
11337,0.0,0.003546,1,0,False,False,1183,1264,1313
41216,0.0,0.003546,1,1,False,False,1308,1858,1388
128383,0.0,0.003546,1,2,False,False,1309,1860,1389
144212,0.0,0.003546,1,3,False,False,1310,1862,1390
42209,0.0,0.004289,1,1,False,False,1311,1868,1061
589923,0.0,0.003546,1,3,False,False,1294,1807,1380
260979,0.0,0.003546,1,1,False,False,1295,1811,1381
37879,0.0,0.003546,1,0,False,False,1296,1812,1382
117316,0.0,0.004872,1,3,False,False,1297,1816,900
592975,0.0,0.004146,1,5,False,False,1298,1817,1102
592986,0.0,0.004146,1,4,False,False,1299,1818,1103
593060,0.0,0.003546,1,2,False,False,1300,1819,1383
642847,0.0,0.008288,1,1,False,False,1301,1827,473
38771,0.0,0.003546,1,0,False,False,1302,1828,1384
12155,0.0,0.003546,1,1,False,False,1184,1268,1314
195150,0.0,0.003546,1,3,False,False,1303,1837,1385
66986,0.0,0.004991,1,2,False,False,1304,1841,843
51045,0.0,0.003546,1,3,False,False,1305,1848,1386
696343,0.0,0.003546,1,1,False,False,1455,2402,1488
851968,0.0,0.003546,1,2,False,False,1456,2403,1489
232860,0.0,0.003546,1,0,False,False,1457,2406,1490
250566,0.0,0.003546,1,0,False,False,1462,2421,1495
253762,0.0,0.006112,1,0,False,False,1463,2422,674
561364,0.0,0.003546,1,3,False,False,1077,679,1247
167670,0.0,0.003546,1,5,False,False,1078,682,1248
238099,0.0,0.003546,1,2,False,False,1079,683,1249
218682,0.0,0.003918,1,2,False,False,1074,652,1142
103529,0.0,0.003546,1,2,False,False,1075,658,1245
280876,0.0,0.003546,1,2,False,False,1076,666,1246
258259,0.0,0.003546,1,0,False,False,1464,2424,1496
114308,0.0,0.004431,1,1,False,False,996,257,1046
161221,0.0,0.003546,1,3,False,False,997,259,1198
634902,0.0,0.003546,1,2,False,False,968,148,1183
634904,0.0,0.003546,1,2,False,False,969,149,1184
634938,0.0,0.003546,1,2,False,False,970,150,1185
640617,0.0,0.004289,1,2,False,False,971,152,1054
46500,0.0,0.003918,1,1,False,False,1293,1801,1155
66982,0.0,0.004991,1,3,False,False,1292,1797,842
170798,0.0,0.004254,1,2,False,False,998,260,1065
20972,0.0,0.003546,1,2,False,False,999,262,1199
334153,0.0,0.003546,1,3,False,False,1000,266,1200
111866,0.0,0.004146,1,4,False,False,1188,1295,1096
95225,0.0,0.004437,1,3,False,False,1189,1296,1045
213279,0.0,0.003546,1,1,False,False,1190,1304,1315
155736,0.0,0.004977,1,3,False,False,1185,1281,844
28632,0.0,0.005114,1,1,False,False,1186,1283,835
12194,0.0,0.004289,1,0,False,False,1187,1287,1058
260121,0.0,0.003546,1,0,False,False,1465,2425,1497
262108,0.0,0.003546,1,0,False,False,1466,2427,1498
262121,0.0,0.003546,1,0,False,False,1467,2428,1499
278403,0.0,0.003918,1,0,False,False,1468,2440,1162
285687,0.0,0.003546,1,0,False,False,1469,2442,1500
248431,0.0,0.003546,1,0,False,False,1461,2420,1494
292277,0.0,0.005773,1,0,False,False,1472,2447,719
302545,0.0,0.003546,1,0,False,False,1473,2450,1502
643199,0.0,0.003546,1,2,False,False,1474,2453,1503
72056,0.0,0.003546,1,1,False,False,1071,641,1242
255233,0.0,0.003546,1,2,False,False,1072,643,1243
221302,0.0,0.003546,1,3,False,False,1073,647,1244
318071,0.0,0.003546,1,0,False,False,1475,2457,1504
318187,0.0,0.003546,1,0,False,False,1476,2458,1505
321004,0.0,0.003546,1,0,False,False,1477,2459,1506
325314,0.0,0.003546,1,0,False,False,1478,2462,1507
627024,0.0,0.003546,1,3,False,False,1290,1790,1378
16451,0.0,0.003546,1,4,False,False,1191,1307,1316
16470,0.0,0.003546,1,2,False,False,1192,1308,1317
16474,0.0,0.00605,1,4,False,False,1193,1309,678
62718,0.0,0.004661,1,3,False,False,1194,1327,906
134060,0.0,0.003546,1,1,False,False,1291,1793,1379
376704,0.0,0.003546,1,0,False,False,1487,2477,1511
379288,0.0,0.004581,1,0,False,False,1488,2479,918
380341,0.0,0.003546,1,0,False,False,1489,2480,1512
384428,0.0,0.003546,1,0,False,False,1490,2482,1513
131318,0.0,0.003546,1,5,False,False,1196,1337,1319
358884,0.0,0.003546,1,1,False,False,1197,1340,1320
13269,0.0,0.006892,1,2,False,False,1198,1343,580
13656,0.0,0.003546,1,3,False,False,1199,1346,1321
368605,0.0,0.003546,1,2,False,False,1284,1773,1376
87482,0.0,0.006119,1,4,False,False,1285,1774,671
59772,0.0,0.005181,1,1,False,False,1286,1780,827
519318,0.0,0.003546,1,1,False,False,1287,1786,1377
399370,0.0,0.004896,1,4,False,False,1288,1788,849
60169,0.0,0.004431,1,3,False,False,1289,1789,1052
288107,0.0,0.003546,1,0,False,False,1470,2444,1501
289945,0.0,0.005173,1,0,False,False,1471,2446,829
578347,0.0,0.004146,1,5,False,False,1063,600,1078
751408,0.0,0.003546,1,4,False,False,1064,604,1238
13966,0.0,0.003546,1,0,False,False,1201,1355,1323
13982,0.0,0.005015,1,1,False,False,1202,1358,840
14083,0.0,0.003546,1,1,False,False,1203,1365,1324
124296,0.0,0.003546,1,1,False,False,1283,1754,1375
13024,0.0,0.003546,1,2,False,False,1195,1331,1318
337766,0.0,0.004746,1,0,False,False,1479,2464,904
348305,0.0,0.007003,1,0,False,False,1480,2465,567
360028,0.0,0.003546,1,0,False,False,1481,2468,1508
746058,0.0,0.004581,1,2,False,False,1482,2471,917
368657,0.0,0.004146,1,1,False,False,1483,2472,1117
256106,0.0,0.003546,1,3,False,False,1070,633,1241
400455,0.0,0.004146,1,1,False,False,1484,2473,1118
375605,0.0,0.003546,1,0,False,False,1485,2475,1509
375825,0.0,0.003546,1,1,False,False,1486,2476,1510
36167,0.0,0.004661,1,3,False,False,993,239,905
267003,0.0,0.006887,1,1,False,False,994,244,581
463,0.0,0.005745,1,0,False,False,995,245,720
787016,0.0,0.003546,1,3,False,False,975,165,1187
82098,0.0,0.003546,1,2,False,False,976,168,1188
200630,0.0,0.003918,1,1,False,False,1282,1741,1154
83746,0.0,0.003546,1,2,False,False,1200,1347,1322
390693,0.0,0.003546,1,0,False,False,1491,2484,1514
684972,0.0,0.003546,1,2,False,False,1492,2485,1515
408885,0.0,0.003546,1,0,False,False,1493,2487,1516
578306,0.0,0.004146,1,3,False,False,1066,616,1079
578309,0.0,0.004146,1,5,False,False,1067,617,1080
630817,0.0,0.003546,1,1,False,False,1068,620,1240
342802,0.0,0.007274,1,4,False,False,1069,627,552
282700,0.0,0.003546,1,1,False,False,1061,598,1236
395540,0.0,0.003546,1,2,False,False,1062,599,1237
430574,0.0,0.003546,1,0,False,False,1497,2492,1518
671052,0.0,0.003546,1,1,False,False,1498,2496,1519
645571,0.0,0.008927,1,1,False,False,1499,2497,435
446610,0.0,0.003546,1,0,False,False,1500,2498,1520
458439,0.0,0.003546,1,0,False,False,1501,2500,1521
459206,0.0,0.003546,1,0,False,False,1502,2502,1522
466170,0.0,0.004661,1,0,False,False,1503,2503,908
577331,0.0,0.003546,1,2,False,False,1504,2508,1523
632796,0.0,0.003546,1,2,False,False,1278,1729,1372
632874,0.0,0.003546,1,2,False,False,1279,1730,1373
633721,0.0,0.003546,1,3,False,False,1280,1732,1374
67246,0.0,0.00541,1,2,False,False,1281,1734,795
647447,0.0,0.003918,1,4,False,False,972,156,1131
69296,0.0,0.004146,1,4,False,False,973,161,1070
735303,0.0,0.003546,1,2,False,False,974,163,1186
643069,0.0,0.003546,1,3,False,False,1204,1368,1325
59045,0.0,0.003546,1,2,False,False,1059,575,1234
52784,0.0,0.003546,1,4,False,False,1060,587,1235
561582,0.0,0.004581,1,2,False,False,1507,2522,919
593544,0.0,0.003546,1,1,False,False,1508,2534,1525
264347,0.0,0.003546,1,1,False,False,1208,1389,1329
210309,0.0,0.003546,1,1,False,False,1209,1394,1330
217115,0.0,0.003546,1,2,False,False,1210,1395,1331
41666,0.0,0.003546,1,2,False,False,1211,1397,1332
15431,0.0,0.003546,1,0,False,False,1212,1399,1333
14431,0.0,0.003546,1,4,False,False,1205,1373,1326
592830,0.0,0.003546,1,5,False,False,1206,1385,1327
60682,0.0,0.003546,1,1,False,False,1207,1386,1328
2663,0.0,0.003546,1,1,False,False,1065,606,1239
416867,0.0,0.003546,1,0,False,False,1494,2489,1517
416964,0.0,0.004289,1,0,False,False,1495,2490,1063
421481,0.0,0.003918,1,0,False,False,1496,2491,1163
593559,0.0,0.004146,1,2,False,False,1509,2544,1120
593560,0.0,0.004146,1,2,False,False,1510,2545,1121
579108,0.0,0.003546,1,0,False,False,1511,2546,1526
582349,0.0,0.003546,1,0,False,False,1512,2548,1527
149669,0.0,0.003918,1,4,False,False,989,224,1133
189708,0.0,0.004059,1,1,False,False,990,226,1126
28278,0.0,0.003546,1,5,False,False,991,229,1196
32872,0.0,0.003546,1,3,False,False,992,230,1197
29708,0.0,0.003918,1,1,False,False,1273,1700,1153
400473,0.0,0.004289,1,1,False,False,1274,1701,1060
29738,0.0,0.003546,1,0,False,False,1275,1703,1369
144679,0.0,0.003546,1,2,False,False,1276,1706,1370
31055,0.0,0.003546,1,0,False,False,1277,1707,1371
683360,0.0,0.004146,1,1,False,False,1505,2517,1119
529165,0.0,0.003546,1,0,False,False,1506,2520,1524
321861,0.0,0.003546,1,2,False,False,1058,572,1233
594039,0.0,0.003546,1,0,False,False,1515,2558,1530
594119,0.0,0.003546,1,0,False,False,1516,2559,1531
594483,0.0,0.003546,1,0,False,False,1517,2561,1532
131315,0.0,0.003546,1,3,False,False,1271,1683,1368
365294,0.0,0.004431,1,1,False,False,1272,1684,1051
273949,0.0,0.003546,1,3,False,False,1216,1425,1336
523394,0.0,0.003546,1,4,False,False,1213,1409,1334
189572,0.0,0.003546,1,3,False,False,1214,1415,1335
430329,0.0,0.004289,1,1,False,False,1215,1418,1059
91975,0.0,0.003546,1,5,False,False,988,220,1195
188318,0.0,0.003546,1,3,False,False,1024,423,1216
188471,0.0,0.004581,1,4,False,False,1025,424,912
49847,0.0,0.003918,1,4,False,False,1054,555,1141
582343,0.0,0.003546,1,5,False,False,1055,556,1230
591017,0.0,0.003546,1,4,False,False,1056,557,1231
107177,0.0,0.003546,1,1,False,False,1057,562,1232
646286,0.0,0.016986,1,5,False,False,1219,1441,199
184157,0.0,0.003546,1,2,False,False,1220,1447,1339
17363,0.0,0.006281,1,0,False,False,1221,1451,647
28267,0.0,0.003546,1,0,False,False,1265,1666,1365
567005,0.0,0.003546,1,2,False,False,1266,1668,1366
28336,0.0,0.00916,1,3,False,False,1267,1669,423
28359,0.0,0.005346,1,1,False,False,1268,1671,800
98698,0.0,0.007573,1,3,False,False,977,175,521
28389,0.0,0.003546,1,0,False,False,1269,1674,1367
194645,0.0,0.003918,1,1,False,False,1270,1676,1152
593201,0.0,0.003546,1,0,False,False,1513,2554,1528
23546,0.0,0.003918,1,1,False,False,1052,552,1140
49844,0.0,0.003546,1,5,False,False,1053,554,1229
120084,0.0,0.003546,1,4,False,False,1022,418,1214
157401,0.0,0.003546,1,2,False,False,1023,420,1215
593209,0.0,0.003546,1,0,False,False,1514,2555,1529
151430,0.0,0.003546,1,2,False,False,1051,550,1228
616336,0.0,0.003546,1,0,False,False,1520,2571,1535
617378,0.0,0.003546,1,0,False,False,1521,2572,1536
617575,0.0,0.003546,1,0,False,False,1522,2574,1537
621555,0.0,0.003546,1,0,False,False,1523,2576,1538
626574,0.0,0.003546,1,2,False,False,1524,2582,1539
628458,0.0,0.003546,1,0,False,False,1525,2584,1540
633030,0.0,0.004146,1,1,False,False,1526,2587,1122
424540,0.0,0.00565,1,2,False,False,1228,1464,742
27246,0.0,0.003546,1,0,False,False,1260,1645,1361
27514,0.0,0.003546,1,1,False,False,1261,1647,1362
592826,0.0,0.003546,1,2,False,False,1262,1651,1363
27632,0.0,0.005174,1,2,False,False,1263,1657,828
116021,0.0,0.003546,1,1,False,False,1264,1660,1364
643003,0.0,0.003546,1,1,False,False,1217,1437,1337
644093,0.0,0.003546,1,5,False,False,1218,1438,1338
643485,0.447623,0.093328,1,3,False,True,1530,5,28
69392,0.0,0.003546,1,3,False,False,1031,439,1218
18774,0.0,0.00903,1,2,False,False,1231,1472,429
103537,0.0,0.008046,1,2,False,False,1232,1475,489
173863,0.0,0.003918,1,1,False,False,1233,1477,1149
79817,0.0,0.003546,1,2,False,False,1234,1479,1344
17477,0.0,0.003546,1,1,False,False,1222,1452,1340
17488,0.0,0.003546,1,0,False,False,1223,1453,1341
17821,0.0,0.003546,1,0,False,False,1224,1456,1342
18251,0.0,0.003546,1,1,False,False,1225,1458,1343
18313,0.0,0.004431,1,0,False,False,1226,1459,1050
18532,0.0,0.004581,1,1,False,False,1227,1460,913
604073,0.0,0.003546,1,0,False,False,1518,2567,1533
610529,0.0,0.003546,1,0,False,False,1519,2569,1534
136766,0.0,0.003546,1,5,False,False,1049,548,1227
136768,0.0,0.003918,1,3,False,False,1050,549,1139
340299,0.0,0.010534,1,2,False,False,1028,432,370
593328,0.0,0.004146,1,2,False,False,1235,1493,1099
593329,0.0,0.004146,1,2,False,False,1236,1494,1100
30934,0.0,0.003546,1,1,False,False,1237,1498,1345
628888,0.0,0.003546,1,1,False,False,1238,1505,1346
649730,0.0,0.003546,1,2,False,False,1239,1506,1347
25794,0.0,0.003918,1,1,False,False,1259,1637,1151
531348,0.0,0.004146,1,3,False,False,1229,1468,1097
531351,0.0,0.004146,1,3,False,False,1230,1469,1098
310530,0.0,0.004146,1,4,False,False,1045,510,1076
38839,0.0,0.004146,1,3,False,False,1046,511,1077
6771,0.0,0.004289,1,5,False,False,1047,528,1055
10186,0.0,0.003546,1,5,False,False,1048,530,1226
633031,0.0,0.004146,1,1,False,False,1527,2588,1123
642593,0.0,0.003546,1,0,False,False,1528,2592,1541
642641,0.0,0.003918,1,0,False,False,1529,2596,1164
434,0.0,0.005189,1,5,False,False,983,209,826
55968,0.0,0.003546,1,4,False,False,984,210,1191
58540,0.0,0.003546,1,3,False,False,985,211,1192
6155,0.0,0.003546,1,5,False,False,986,212,1193
124828,0.0,0.003546,1,1,False,False,1253,1611,1356
63549,0.0,0.003546,1,2,False,False,1254,1617,1357
671293,0.0,0.003546,1,2,False,False,1255,1619,1358
95719,0.0,0.004146,1,2,False,False,1256,1620,1101
40125,0.0,0.003546,1,4,False,False,1257,1625,1359
385572,0.0,0.003546,1,2,False,False,1258,1627,1360
7276,0.0,0.003546,1,4,False,False,1032,440,1219
1951,0.0,0.006748,1,0,False,False,1043,491,601
263486,0.0,0.003546,1,2,False,False,1044,506,1225
1817,0.0,0.003546,1,1,False,False,1042,484,1224
237521,0.0,0.030729,1,1,False,True,1026,429,105
26850,0.0,0.003546,1,1,False,False,1027,430,1217
646334,0.0,0.004146,1,3,False,False,1531,2607,1124
646357,0.0,0.004146,1,3,False,False,1532,2608,1125
642930,0.0,0.003546,1,1,False,False,1533,2611,1542
643735,0.0,0.003918,1,0,False,False,1534,2620,1165
644361,0.0,0.003918,1,0,False,False,1535,2621,1166
645016,0.0,0.003546,1,4,False,False,1536,2622,1543
4878,0.0,0.003546,1,1,False,False,1034,468,1221
521207,0.0,0.003918,1,5,False,False,1035,469,1138
521269,0.0,0.003546,1,2,False,False,1036,470,1222
24530,0.0,0.003546,1,0,False,False,1252,1605,1355
64484,0.0,0.003546,1,1,False,False,987,216,1194
649739,0.0,0.003546,1,2,False,False,1240,1507,1348
28387,0.0,0.003546,1,4,False,False,979,203,1189
28471,0.0,0.003918,1,4,False,False,980,204,1132
38480,0.0,0.003546,1,5,False,False,981,207,1190
39403,0.0,0.005015,1,4,False,False,982,208,839
136665,0.0,0.004803,1,1,False,False,978,196,902
243483,0.0,0.003918,1,3,False,False,1245,1560,1150
22883,0.0,0.003546,1,3,False,False,1248,1578,1352
134307,0.0,0.004911,1,5,False,False,1249,1585,848
648369,0.0,0.003546,1,0,False,False,1542,2641,1546
653628,0.0,0.003546,1,0,False,False,1543,2644,1547
654519,0.0,0.003546,1,0,False,False,1544,2648,1548
662250,0.0,0.003546,1,0,False,False,1545,2651,1549
682508,0.0,0.003546,1,1,False,False,1546,2657,1550
684531,0.0,0.003546,1,0,False,False,1547,2660,1551
687401,0.0,0.003918,1,0,False,False,1548,2661,1169
688824,0.0,0.003546,1,0,False,False,1549,2662,1552
688849,0.0,0.003546,1,0,False,False,1550,2664,1553
709518,0.0,0.003546,1,0,False,False,1551,2666,1554
711994,0.0,0.003546,1,0,False,False,1552,2668,1555
1694,0.0,0.004146,1,2,False,False,1037,473,1074
95198,0.0,0.003546,1,0,False,False,1372,2146,1431
95588,0.0,0.003546,1,0,False,False,1373,2147,1432
95597,0.0,0.003546,1,0,False,False,1374,2149,1433
99030,0.0,0.008153,1,2,False,False,1375,2155,481
152226,0.0,0.003546,1,2,False,False,1125,928,1276
118260,0.0,0.004146,1,3,False,False,1133,962,1090
86258,0.0,0.003546,1,0,False,False,1366,2122,1428
91038,0.0,0.008065,1,0,False,False,1367,2133,487
93318,0.0,0.003546,1,0,False,False,1368,2136,1429
8766,0.0,0.003546,1,1,False,False,1011,345,1208
779960,0.0,0.003546,1,0,False,False,1559,2695,1561
752684,0.0,0.003546,1,0,False,False,1556,2681,1558
767763,0.0,0.003546,1,3,False,False,1557,2687,1559
754594,0.0,0.003546,1,0,False,False,1558,2688,1560
22869,0.0,0.003546,1,1,False,False,1246,1574,1350
22874,0.0,0.003546,1,2,False,False,1247,1576,1351
1050679,0.0,0.002568,0,4,False,False,1566,13,1566
1109199,0.0,0.002568,0,3,False,False,1569,16,1569
1112911,0.0,0.002568,0,4,False,False,1570,17,1570
1113438,0.0,0.002568,0,5,False,False,1571,18,1571
1113831,0.0,0.002568,0,3,False,False,1572,19,1572
1114331,0.0,0.002568,0,5,False,False,1573,20,1573
1117476,0.0,0.002568,0,3,False,False,1574,21,1574
1127430,0.0,0.002568,0,2,False,False,1580,27,1580
853150,0.0,0.002568,0,1,False,False,1766,446,1766
782486,0.0,0.002568,0,3,False,False,1765,443,1765
1140231,0.0,0.002568,0,1,False,False,2708,2704,2708
1139009,0.0,0.002568,0,1,False,False,2707,2703,2707
820661,0.0,0.002568,0,1,False,False,2706,2701,2706
1138619,0.0,0.002568,0,1,False,False,2705,2698,2705
1137140,0.0,0.002568,0,1,False,False,2704,2696,2704
1154230,0.0,0.002568,0,1,False,False,2693,2671,2693
1134197,0.0,0.002568,0,1,False,False,2692,2669,2692
1134056,0.0,0.002568,0,1,False,False,2691,2667,2691
1134031,0.0,0.002568,0,1,False,False,2690,2665,2690
1133008,0.0,0.002568,0,1,False,False,2689,2663,2689
1132857,0.0,0.002568,0,2,False,False,2688,2658,2688
1153891,0.0,0.002568,0,4,False,False,1782,465,1782
1120563,0.0,0.002568,0,5,False,False,1781,464,1781
1128369,0.0,0.002568,0,2,False,False,2280,1557,2280
1107418,0.0,0.002568,0,3,False,False,2279,1556,2279
1103383,0.0,0.002568,0,2,False,False,2278,1555,2278
1116181,0.0,0.002568,0,1,False,False,2277,1553,2277
1116530,0.0,0.002568,0,1,False,False,2276,1549,2276
1115701,0.0,0.002568,0,5,False,False,2275,1548,2275
1127863,0.0,0.002568,0,2,False,False,2274,1546,2274
1126029,0.0,0.002568,0,4,False,False,1650,192,1650
1120170,0.0,0.002568,0,2,False,False,1649,191,1649
1118332,0.0,0.002568,0,2,False,False,1648,190,1648
1118245,0.0,0.002568,0,4,False,False,1647,189,1647
1117942,0.0,0.002568,0,3,False,False,1646,188,1646
1114125,0.0,0.002568,0,2,False,False,1645,187,1645
22876,0.0,0.002568,0,4,False,False,2286,1575,2286
1110563,0.0,0.002568,0,3,False,False,2285,1573,2285
1121459,0.0,0.002568,0,3,False,False,2284,1568,2284
1121537,0.0,0.002568,0,3,False,False,2273,1544,2273
1118209,0.0,0.002568,0,3,False,False,2272,1543,2272
1118823,0.0,0.002568,0,4,False,False,2271,1540,2271
1106849,0.0,0.002568,0,1,False,False,2270,1539,2270
566488,0.0,0.002568,0,1,False,False,2269,1533,2269
1153889,0.0,0.002568,0,1,False,False,2268,1531,2268
1153879,0.0,0.002568,0,1,False,False,2267,1530,2267
1153877,0.0,0.002568,0,1,False,False,2266,1529,2266
1111978,0.0,0.002568,0,2,False,False,2290,1591,2290
1105433,0.0,0.002568,0,3,False,False,2289,1590,2289
1116044,0.0,0.002568,0,2,False,False,2288,1584,2288
1107367,0.0,0.002568,0,3,False,False,2287,1580,2287
191404,0.0,0.002568,0,1,False,False,1651,197,1651
107252,0.0,0.002568,0,4,False,False,2283,1567,2283
1128407,0.0,0.002568,0,3,False,False,2282,1564,2282
595193,0.0,0.002568,0,2,False,False,2281,1562,2281
112813,0.0,0.002568,0,1,False,False,2261,1524,2261
1119180,0.0,0.002568,0,1,False,False,2260,1523,2260
1116839,0.0,0.002568,0,1,False,False,2259,1522,2259
1116397,0.0,0.002568,0,3,False,False,2258,1521,2258
1114777,0.0,0.002568,0,5,False,False,2257,1520,2257
1108597,0.0,0.002568,0,1,False,False,2256,1519,2256
755217,0.0,0.002568,0,5,False,False,1654,218,1654
7432,0.0,0.002568,0,2,False,False,1653,217,1653
1123576,0.0,0.002568,0,2,False,False,2298,1608,2298
1106671,0.0,0.002568,0,2,False,False,2297,1607,2297
1153024,0.0,0.002568,0,2,False,False,2296,1604,2296
1103499,0.0,0.002568,0,1,False,False,2295,1603,2295
928873,0.0,0.002568,0,3,False,False,2294,1601,2294
1111265,0.0,0.002568,0,1,False,False,2293,1600,2293
1153064,0.0,0.002568,0,2,False,False,2292,1595,2292
217852,0.0,0.002568,0,2,False,False,2291,1593,2291
1153736,0.0,0.002568,0,1,False,False,2250,1496,2250
593210,0.0,0.002568,0,5,False,False,2249,1492,2249
1152944,0.0,0.002568,0,2,False,False,2248,1491,2248
18833,0.0,0.002568,0,2,False,False,2247,1489,2247
510715,0.0,0.002568,0,1,False,False,2246,1486,2246
285675,0.0,0.002568,0,3,False,False,2303,1626,2303
1112723,0.0,0.002568,0,3,False,False,2302,1623,2302
1104258,0.0,0.002568,0,3,False,False,2301,1622,2301
1154042,0.0,0.002568,0,2,False,False,2300,1610,2300
1131149,0.0,0.002568,0,3,False,False,2299,1609,2299
6170,0.0,0.002568,0,2,False,False,1652,213,1652
948147,0.0,0.002568,0,2,False,False,2255,1510,2255
1152244,0.0,0.002568,0,3,False,False,2265,1528,2265
1138091,0.0,0.002568,0,1,False,False,2264,1527,2264
1130657,0.0,0.002568,0,1,False,False,2263,1526,2263
1130653,0.0,0.002568,0,1,False,False,2262,1525,2262
1106401,0.0,0.002568,0,2,False,False,2244,1483,2244
18785,0.0,0.002568,0,1,False,False,2243,1481,2243
1112686,0.0,0.002568,0,3,False,False,2242,1476,2242
88356,0.0,0.002568,0,4,False,False,2241,1471,2241
23545,0.0,0.002568,0,1,False,False,2311,1642,2311
248119,0.0,0.002568,0,3,False,False,2310,1640,2310
1121063,0.0,0.002568,0,2,False,False,2309,1639,2309
1110028,0.0,0.002568,0,2,False,False,2308,1638,2308
1126503,0.0,0.002568,0,2,False,False,2307,1633,2307
1122580,0.0,0.002568,0,2,False,False,2306,1632,2306
1104769,0.0,0.002568,0,1,False,False,2305,1631,2305
1153897,0.0,0.002568,0,3,False,False,2304,1628,2304
1131464,0.0,0.002568,0,5,False,False,2254,1502,2254
1128846,0.0,0.002568,0,1,False,False,2253,1501,2253
686061,0.0,0.002568,0,4,False,False,2252,1499,2252
12960,0.0,0.002568,0,4,False,False,2251,1497,2251
1152259,0.0,0.002568,0,2,False,False,2232,1443,2232
646195,0.0,0.002568,0,2,False,False,2231,1440,2231
644334,0.0,0.002568,0,3,False,False,2230,1439,2230
1131312,0.0,0.002568,0,4,False,False,2229,1435,2229
325497,0.0,0.002568,0,1,False,False,2318,1662,2318
686030,0.0,0.002568,0,2,False,False,2317,1659,2317
686015,0.0,0.002568,0,4,False,False,2316,1658,2316
1104182,0.0,0.002568,0,2,False,False,2315,1656,2315
1112026,0.0,0.002568,0,1,False,False,2314,1652,2314
1128542,0.0,0.002568,0,1,False,False,2313,1649,2313
1128990,0.0,0.002568,0,2,False,False,2312,1646,2312
1153091,0.0,0.002568,0,2,False,False,2240,1465,2240
1106854,0.0,0.002568,0,1,False,False,2239,1463,2239
245955,0.0,0.002568,0,1,False,False,2238,1457,2238
1107136,0.0,0.002568,0,1,False,False,2237,1455,2237
20920,0.0,0.002568,0,3,False,False,2245,1484,2245
118558,0.0,0.002568,0,1,False,False,2321,1673,2321
1111052,0.0,0.002568,0,4,False,False,1644,186,1644
1107455,0.0,0.002568,0,4,False,False,1643,185,1643
1106406,0.0,0.002568,0,4,False,False,1642,184,1642
1106172,0.0,0.002568,0,4,False,False,1641,183,1641
1106112,0.0,0.002568,0,3,False,False,1640,182,1640
1105394,0.0,0.002568,0,2,False,False,1639,181,1639
1103315,0.0,0.002568,0,5,False,False,1638,180,1638
1114442,0.0,0.002568,0,5,False,False,1637,178,1637
1109017,0.0,0.002568,0,1,False,False,1636,177,1636
308529,0.0,0.002568,0,4,False,False,2320,1667,2320
1152436,0.0,0.002568,0,1,False,False,2319,1665,2319
1152633,0.0,0.002568,0,4,False,False,2236,1449,2236
95435,0.0,0.002568,0,3,False,False,2235,1448,2235
1126012,0.0,0.002568,0,2,False,False,2234,1446,2234
1152991,0.0,0.002568,0,2,False,False,2233,1444,2233
152219,0.0,0.002568,0,3,False,False,2217,1417,2217
1131165,0.0,0.002568,0,1,False,False,2216,1413,2216
1131274,0.0,0.002568,0,2,False,False,2228,1434,2228
1131236,0.0,0.002568,0,5,False,False,2227,1433,2227
1131167,0.0,0.002568,0,2,False,False,2226,1432,2226
1120049,0.0,0.002568,0,4,False,False,2225,1431,2225
1109891,0.0,0.002568,0,3,False,False,2224,1430,2224
1123087,0.0,0.002568,0,5,False,False,2223,1427,2223
1114992,0.0,0.002568,0,2,False,False,2222,1424,2222
1104787,0.0,0.002568,0,2,False,False,2221,1423,2221
1129621,0.0,0.002568,0,3,False,False,2220,1421,2220
1105603,0.0,0.002568,0,2,False,False,2219,1420,2219
51831,0.0,0.002568,0,1,False,False,2218,1419,2218
33013,0.0,0.002568,0,3,False,False,1659,231,1659
1139928,0.0,0.002568,0,3,False,False,2323,1682,2323
1152910,0.0,0.002568,0,1,False,False,2322,1680,2322
1135746,0.0,0.002568,0,3,False,False,2335,1715,2335
1129608,0.0,0.002568,0,2,False,False,2334,1714,2334
1124844,0.0,0.002568,0,3,False,False,2333,1713,2333
1063773,0.0,0.002568,0,1,False,False,2332,1712,2332
1105672,0.0,0.002568,0,4,False,False,2331,1711,2331
48066,0.0,0.002568,0,1,False,False,2330,1709,2330
155277,0.0,0.002568,0,1,False,False,2329,1704,2329
1122574,0.0,0.002568,0,1,False,False,2328,1697,2328
1112426,0.0,0.002568,0,2,False,False,2327,1696,2327
1125944,0.0,0.002568,0,1,False,False,2326,1694,2326
1125402,0.0,0.002568,0,1,False,False,2325,1693,2325
595157,0.0,0.002568,0,2,False,False,2324,1690,2324
206259,0.0,0.002568,0,3,False,False,1658,227,1658
1109581,0.0,0.002568,0,5,False,False,1657,223,1657
976334,0.0,0.002568,0,5,False,False,1656,221,1656
8213,0.0,0.002568,0,3,False,False,1655,219,1655
1102364,0.0,0.002568,0,2,False,False,1666,248,1666
158098,0.0,0.002568,0,3,False,False,2215,1407,2215
1116146,0.0,0.002568,0,1,False,False,2214,1405,2214
1118388,0.0,0.002568,0,3,False,False,2213,1402,2213
1110024,0.0,0.002568,0,2,False,False,2212,1401,2212
12558,0.0,0.002568,0,1,False,False,2211,1400,2211
35854,0.0,0.002568,0,2,False,False,2210,1396,2210
175576,0.0,0.002568,0,2,False,False,2209,1393,2209
708945,0.0,0.002568,0,3,False,False,2208,1392,2208
40583,0.0,0.002568,0,3,False,False,2342,1727,2342
118682,0.0,0.002568,0,3,False,False,2341,1725,2341
686559,0.0,0.002568,0,1,False,False,2340,1721,2340
286562,0.0,0.002568,0,1,False,False,2339,1719,2339
1152904,0.0,0.002568,0,3,False,False,2338,1718,2338
1152272,0.0,0.002568,0,3,False,False,2337,1717,2337
1152162,0.0,0.002568,0,3,False,False,2336,1716,2336
1118092,0.0,0.002568,0,3,False,False,1662,238,1662
345340,0.0,0.002568,0,5,False,False,1661,236,1661
13960,0.0,0.002568,0,5,False,False,1660,235,1660
1103031,0.0,0.002568,0,4,False,False,2201,1370,2201
1103016,0.0,0.002568,0,2,False,False,2200,1366,2200
694759,0.0,0.002568,0,2,False,False,1633,162,1633
647408,0.0,0.002568,0,3,False,False,1632,155,1632
358894,0.0,0.002568,0,5,False,False,2344,1736,2344
632935,0.0,0.002568,0,1,False,False,2343,1731,2343
1152308,0.0,0.002568,0,3,False,False,2207,1383,2207
1105932,0.0,0.002568,0,5,False,False,2206,1382,2206
239829,0.0,0.002568,0,1,False,False,2205,1380,2205
1103038,0.0,0.002568,0,4,False,False,2204,1379,2204
1119216,0.0,0.002568,0,3,False,False,2203,1376,2203
1103969,0.0,0.002568,0,4,False,False,2202,1371,2202
1112650,0.0,0.002568,0,1,False,False,1667,249,1667
1126050,0.0,0.002568,0,2,False,False,2197,1357,2197
37998,0.0,0.002568,0,1,False,False,2196,1354,2196
294239,0.0,0.002568,0,2,False,False,2195,1352,2195
987188,0.0,0.002568,0,4,False,False,2194,1350,2194
1115959,0.0,0.002568,0,3,False,False,2193,1348,2193
1132887,0.0,0.002568,0,1,False,False,2350,1750,2350
84695,0.0,0.002568,0,1,False,False,2349,1748,2349
636500,0.0,0.002568,0,2,False,False,2348,1747,2348
688361,0.0,0.002568,0,2,False,False,2347,1744,2347
1153933,0.0,0.002568,0,2,False,False,2346,1740,2346
1129572,0.0,0.002568,0,5,False,False,2345,1738,2345
81722,0.0,0.002568,0,2,False,False,1635,167,1635
801170,0.0,0.002568,0,5,False,False,1634,166,1634
47684,0.0,0.002568,0,3,False,False,1665,243,1665
218666,0.0,0.002568,0,1,False,False,1664,242,1664
1135125,0.0,0.002568,0,3,False,False,1663,241,1663
214472,0.0,0.002568,0,3,False,False,2191,1339,2191
1105148,0.0,0.002568,0,3,False,False,2190,1335,2190
899119,0.0,0.002568,0,2,False,False,2189,1332,2189
63832,0.0,0.002568,0,5,False,False,2188,1328,2188
1122642,0.0,0.002568,0,5,False,False,2360,1769,2360
1116974,0.0,0.002568,0,3,False,False,2359,1768,2359
1115456,0.0,0.002568,0,3,False,False,2358,1767,2358
1114398,0.0,0.002568,0,2,False,False,2357,1766,2357
1111186,0.0,0.002568,0,2,False,False,2356,1765,2356
1106771,0.0,0.002568,0,3,False,False,2355,1764,2355
1110546,0.0,0.002568,0,3,False,False,2354,1762,2354
1119004,0.0,0.002568,0,1,False,False,2353,1760,2353
78549,0.0,0.002568,0,3,False,False,2352,1756,2352
1110256,0.0,0.002568,0,3,False,False,2351,1753,2351
646836,0.0,0.002568,0,2,False,False,2199,1362,2199
1152358,0.0,0.002568,0,5,False,False,2198,1361,2198
1105116,0.0,0.002568,0,2,False,False,2368,1794,2368
574710,0.0,0.002568,0,3,False,False,2187,1325,2187
416455,0.0,0.002568,0,4,False,False,2186,1322,2186
1107674,0.0,0.002568,0,4,False,False,2185,1320,2185
1105221,0.0,0.002568,0,3,False,False,2184,1319,2184
1104999,0.0,0.002568,0,5,False,False,2183,1318,2183
1071981,0.0,0.002568,0,1,False,False,2182,1317,2182
1131634,0.0,0.002568,0,3,False,False,2181,1316,2181
41732,0.0,0.002568,0,1,False,False,2367,1792,2367
1128974,0.0,0.002568,0,2,False,False,2366,1787,2366
1116410,0.0,0.002568,0,4,False,False,2365,1782,2365
1104031,0.0,0.002568,0,1,False,False,2364,1781,2364
168958,0.0,0.002568,0,2,False,False,2363,1779,2363
682815,0.0,0.002568,0,5,False,False,2362,1777,2362
503871,0.0,0.002568,0,3,False,False,2361,1776,2361
411005,0.0,0.002568,0,5,False,False,2192,1341,2192
309476,0.0,0.002568,0,2,False,False,2174,1285,2174
1153861,0.0,0.002568,0,3,False,False,2180,1302,2180
1152490,0.0,0.002568,0,3,False,False,2179,1301,2179
1132285,0.0,0.002568,0,1,False,False,2178,1292,2178
1131611,0.0,0.002568,0,3,False,False,2177,1291,2177
299197,0.0,0.002568,0,5,False,False,1674,265,1674
299195,0.0,0.002568,0,3,False,False,1673,264,1673
28456,0.0,0.002568,0,5,False,False,1672,263,1672
594900,0.0,0.002568,0,2,False,False,1629,146,1629
594649,0.0,0.002568,0,4,False,False,1628,145,1628
594543,0.0,0.002568,0,2,False,False,1627,144,1627
593813,0.0,0.002568,0,4,False,False,1626,142,1626
593260,0.0,0.002568,0,3,False,False,1625,141,1625
593105,0.0,0.002568,0,4,False,False,1624,139,1624
350373,0.0,0.002568,0,1,False,False,2370,1800,2370
390894,0.0,0.002568,0,3,False,False,2369,1796,2369
1104191,0.0,0.002568,0,1,False,False,2378,1829,2378
1131277,0.0,0.002568,0,4,False,False,2377,1824,2377
1131270,0.0,0.002568,0,2,False,False,2376,1823,2376
606647,0.0,0.002568,0,2,False,False,2375,1820,2375
1153942,0.0,0.002568,0,2,False,False,2374,1815,2374
1129610,0.0,0.002568,0,4,False,False,2373,1814,2373
1128997,0.0,0.002568,0,3,False,False,2372,1813,2372
590022,0.0,0.002568,0,3,False,False,2371,1808,2371
646837,0.0,0.002568,0,2,False,False,1631,154,1631
634975,0.0,0.002568,0,4,False,False,1630,151,1630
1113614,0.0,0.002568,0,3,False,False,1671,256,1671
1111304,0.0,0.002568,0,5,False,False,1670,255,1670
1105033,0.0,0.002568,0,2,False,False,1669,254,1669
1106546,0.0,0.002568,0,3,False,False,1668,252,1668
1107319,0.0,0.002568,0,3,False,False,2176,1290,2176
94713,0.0,0.002568,0,5,False,False,2175,1286,2175
46476,0.0,0.002568,0,1,False,False,2384,1838,2384
116087,0.0,0.002568,0,3,False,False,2383,1836,2383
1153183,0.0,0.002568,0,2,False,False,2173,1280,2173
1117249,0.0,0.002568,0,1,False,False,2172,1279,2172
1106418,0.0,0.002568,0,4,False,False,2171,1278,2171
1059953,0.0,0.002568,0,2,False,False,2170,1277,2170
1119471,0.0,0.002568,0,4,False,False,2169,1276,2169
1112099,0.0,0.002568,0,4,False,False,2168,1274,2168
148399,0.0,0.002568,0,4,False,False,2167,1272,2167
1126350,0.0,0.002568,0,2,False,False,2166,1269,2166
45061,0.0,0.002568,0,1,False,False,2165,1267,2165
211432,0.0,0.002568,0,3,False,False,2164,1265,2164
1128935,0.0,0.002568,0,5,False,False,2382,1834,2382
1128927,0.0,0.002568,0,1,False,False,2381,1833,2381
1128881,0.0,0.002568,0,1,False,False,2380,1832,2380
1110579,0.0,0.002568,0,4,False,False,2379,1830,2379
1104261,0.0,0.002568,0,1,False,False,2391,1855,2391
11325,0.0,0.002568,0,2,False,False,2163,1262,2163
1127657,0.0,0.002568,0,1,False,False,2162,1261,2162
25413,0.0,0.002568,0,3,False,False,2161,1257,2161
1131719,0.0,0.002568,0,5,False,False,2160,1255,2160
1129835,0.0,0.002568,0,4,False,False,2159,1254,2159
1102873,0.0,0.002568,0,1,False,False,2158,1251,2158
1154500,0.0,0.002568,0,1,False,False,2157,1247,2157
6217,0.0,0.002568,0,2,False,False,2156,1245,2156
46536,0.0,0.002568,0,1,False,False,2155,1244,2155
118079,0.0,0.002568,0,2,False,False,2390,1853,2390
242663,0.0,0.002568,0,4,False,False,2389,1847,2389
1154233,0.0,0.002568,0,2,False,False,2388,1846,2388
1154232,0.0,0.002568,0,5,False,False,2387,1845,2387
1154229,0.0,0.002568,0,2,False,False,2386,1844,2386
1123689,0.0,0.002568,0,2,False,False,2385,1843,2385
1135894,0.0,0.002568,0,3,False,False,2399,1875,2399
31097,0.0,0.002568,0,1,False,False,2154,1243,2154
686532,0.0,0.002568,0,5,False,False,2153,1241,2153
1129442,0.0,0.002568,0,4,False,False,2152,1235,2152
1107567,0.0,0.002568,0,5,False,False,2151,1234,2151
1102850,0.0,0.002568,0,1,False,False,2150,1233,2150
1103394,0.0,0.002568,0,4,False,False,2149,1228,2149
1104379,0.0,0.002568,0,4,False,False,1681,282,1681
1140040,0.0,0.002568,0,3,False,False,1680,279,1680
1131195,0.0,0.002568,0,1,False,False,2398,1873,2398
1116835,0.0,0.002568,0,1,False,False,2397,1871,2397
1152179,0.0,0.002568,0,1,False,False,2396,1867,2396
1118120,0.0,0.002568,0,1,False,False,2395,1866,2395
943087,0.0,0.002568,0,1,False,False,2394,1861,2394
1113551,0.0,0.002568,0,2,False,False,2393,1859,2393
884094,0.0,0.002568,0,3,False,False,2392,1856,2392
1153003,0.0,0.002568,0,4,False,False,2142,1200,2142
1120138,0.0,0.002568,0,5,False,False,2141,1198,2141
1130780,0.0,0.002568,0,3,False,False,2140,1195,2140
1136397,0.0,0.002568,0,5,False,False,1679,278,1679
1114352,0.0,0.002568,0,4,False,False,1678,277,1678
1105344,0.0,0.002568,0,4,False,False,1677,276,1677
1103979,0.0,0.002568,0,3,False,False,1676,275,1676
595056,0.0,0.002568,0,5,False,False,1675,268,1675
1120713,0.0,0.002568,0,2,False,False,2148,1223,2148
1114336,0.0,0.002568,0,2,False,False,2147,1222,2147
68495,0.0,0.002568,0,3,False,False,2146,1219,2146
575331,0.0,0.002568,0,2,False,False,1622,131,1622
574462,0.0,0.002568,0,2,False,False,1621,128,1621
573978,0.0,0.002568,0,3,False,False,1620,125,1620
1104435,0.0,0.002568,0,1,False,False,2401,1879,2401
48075,0.0,0.002568,0,2,False,False,2400,1877,2400
1125393,0.0,0.002568,0,3,False,False,2413,1907,2413
1153106,0.0,0.002568,0,1,False,False,2412,1905,2412
1153275,0.0,0.002568,0,2,False,False,2411,1903,2411
51834,0.0,0.002568,0,3,False,False,2410,1901,2410
1152569,0.0,0.002568,0,1,False,False,2409,1895,2409
975567,0.0,0.002568,0,3,False,False,2408,1894,2408
1131639,0.0,0.002568,0,2,False,False,2407,1893,2407
1104495,0.0,0.002568,0,1,False,False,2406,1891,2406
1132385,0.0,0.002568,0,2,False,False,2405,1889,2405
1105450,0.0,0.002568,0,4,False,False,2404,1888,2404
1130929,0.0,0.002568,0,1,False,False,2403,1887,2403
1131266,0.0,0.002568,0,1,False,False,2402,1885,2402
578780,0.0,0.002568,0,4,False,False,1623,135,1623
711598,0.0,0.002568,0,1,False,False,2145,1209,2145
211875,0.0,0.002568,0,2,False,False,2144,1207,2144
28674,0.0,0.002568,0,1,False,False,2143,1202,2143
38000,0.0,0.002568,0,3,False,False,2120,1163,2120
12946,0.0,0.002568,0,2,False,False,1694,296,1694
1152194,0.0,0.002568,0,2,False,False,1693,294,1693
252725,0.0,0.002568,0,1,False,False,2139,1193,2139
1102794,0.0,0.002568,0,1,False,False,2138,1192,2138
1133390,0.0,0.002568,0,1,False,False,2137,1187,2137
1152676,0.0,0.002568,0,2,False,False,2136,1185,2136
1153816,0.0,0.002568,0,3,False,False,2135,1184,2135
1120643,0.0,0.002568,0,5,False,False,2134,1183,2134
1153860,0.0,0.002568,0,3,False,False,2133,1181,2133
1152761,0.0,0.002568,0,3,False,False,2132,1180,2132
1125092,0.0,0.002568,0,4,False,False,2131,1179,2131
1104647,0.0,0.002568,0,5,False,False,2130,1178,2130
785678,0.0,0.002568,0,1,False,False,2129,1176,2129
1124837,0.0,0.002568,0,1,False,False,2415,1910,2415
47683,0.0,0.002568,0,1,False,False,2414,1908,2414
1128291,0.0,0.002568,0,4,False,False,2423,1944,2423
446271,0.0,0.002568,0,3,False,False,2422,1942,2422
1112194,0.0,0.002568,0,2,False,False,2421,1940,2421
1104809,0.0,0.002568,0,3,False,False,2420,1937,2420
1134320,0.0,0.002568,0,2,False,False,2419,1932,2419
1104749,0.0,0.002568,0,1,False,False,2418,1927,2418
1112369,0.0,0.002568,0,2,False,False,2417,1918,2417
1134865,0.0,0.002568,0,4,False,False,2416,1915,2416
608292,0.0,0.002568,0,3,False,False,2128,1175,2128
395075,0.0,0.002568,0,4,False,False,2127,1174,2127
1129570,0.0,0.002568,0,3,False,False,2126,1173,2126
59244,0.0,0.002568,0,2,False,False,2125,1171,2125
502574,0.0,0.002568,0,2,False,False,2124,1169,2124
308232,0.0,0.002568,0,3,False,False,2123,1168,2123
173884,0.0,0.002568,0,4,False,False,2122,1166,2122
101145,0.0,0.002568,0,3,False,False,2121,1165,2121
1153866,0.0,0.002568,0,2,False,False,2113,1136,2113
1153148,0.0,0.002568,0,3,False,False,2112,1135,2112
1135137,0.0,0.002568,0,3,False,False,1692,293,1692
1129111,0.0,0.002568,0,2,False,False,1691,292,1691
1126044,0.0,0.002568,0,5,False,False,1690,291,1690
1122460,0.0,0.002568,0,2,False,False,1689,290,1689
1120858,0.0,0.002568,0,3,False,False,1688,289,1688
1118848,0.0,0.002568,0,2,False,False,1687,288,1687
1116569,0.0,0.002568,0,2,False,False,1686,287,1686
1114118,0.0,0.002568,0,2,False,False,1685,286,1685
1110520,0.0,0.002568,0,2,False,False,1684,285,1684
1108834,0.0,0.002568,0,5,False,False,1683,284,1683
1105530,0.0,0.002568,0,2,False,False,1682,283,1682
1102751,0.0,0.002568,0,4,False,False,2119,1162,2119
46431,0.0,0.002568,0,4,False,False,1618,113,1618
45599,0.0,0.002568,0,2,False,False,1617,111,1617
1119178,0.0,0.002568,0,1,False,False,2433,1967,2433
1104946,0.0,0.002568,0,1,False,False,2432,1963,2432
594387,0.0,0.002568,0,5,False,False,2431,1961,2431
593921,0.0,0.002568,0,3,False,False,2430,1960,2430
593859,0.0,0.002568,0,4,False,False,2429,1956,2429
1128982,0.0,0.002568,0,2,False,False,2428,1952,2428
578649,0.0,0.002568,0,5,False,False,2427,1950,2427
578645,0.0,0.002568,0,5,False,False,2426,1948,2426
1136791,0.0,0.002568,0,2,False,False,2425,1946,2425
1128319,0.0,0.002568,0,4,False,False,2424,1945,2424
561238,0.0,0.002568,0,2,False,False,1619,122,1619
1132809,0.0,0.002568,0,2,False,False,2118,1153,2118
167205,0.0,0.002568,0,1,False,False,2117,1150,2117
75691,0.0,0.002568,0,2,False,False,2116,1147,2116
1120059,0.0,0.002568,0,3,False,False,2115,1146,2115
601567,0.0,0.002568,0,2,False,False,2114,1142,2114
1120880,0.0,0.002568,0,1,False,False,2096,1101,2096
636511,0.0,0.002568,0,4,False,False,1699,313,1699
1132815,0.0,0.002568,0,2,False,False,2111,1133,2111
1128531,0.0,0.002568,0,3,False,False,2110,1132,2110
1111788,0.0,0.002568,0,3,False,False,2109,1131,2109
1108728,0.0,0.002568,0,3,False,False,2108,1130,2108
105057,0.0,0.002568,0,4,False,False,2107,1128,2107
1138027,0.0,0.002568,0,2,False,False,2106,1125,2106
1131348,0.0,0.002568,0,1,False,False,2105,1123,2105
1113534,0.0,0.002568,0,1,False,False,2104,1122,2104
1153097,0.0,0.002568,0,3,False,False,2103,1117,2103
1121603,0.0,0.002568,0,3,False,False,2102,1116,2102
235670,0.0,0.002568,0,4,False,False,2437,1975,2437
1154524,0.0,0.002568,0,3,False,False,2436,1974,2436
711527,0.0,0.002568,0,2,False,False,2435,1972,2435
1132731,0.0,0.002568,0,2,False,False,2434,1971,2434
340075,0.0,0.002568,0,3,False,False,1697,303,1697
31043,0.0,0.002568,0,3,False,False,1696,302,1696
160705,0.0,0.002568,0,3,False,False,1695,299,1695
323128,0.0,0.002568,0,4,False,False,2095,1098,2095
1116922,0.0,0.002568,0,2,False,False,2094,1097,2094
1115670,0.0,0.002568,0,2,False,False,2093,1095,2093
286500,0.0,0.002568,0,3,False,False,1616,94,1616
96845,0.0,0.002568,0,3,False,False,2441,1987,2441
1128208,0.0,0.002568,0,2,False,False,2440,1984,2440
1113828,0.0,0.002568,0,2,False,False,2439,1981,2439
1114239,0.0,0.002568,0,2,False,False,2438,1978,2438
1153287,0.0,0.002568,0,4,False,False,2101,1113,2101
1107312,0.0,0.002568,0,4,False,False,2100,1111,2100
763181,0.0,0.002568,0,4,False,False,2099,1108,2099
1136446,0.0,0.002568,0,5,False,False,2098,1107,2098
1135082,0.0,0.002568,0,3,False,False,2097,1103,2097
308003,0.0,0.002568,0,2,False,False,2089,1087,2089
1155073,0.0,0.002568,0,3,False,False,2088,1085,2088
1153811,0.0,0.002568,0,4,False,False,2087,1084,2087
703953,0.0,0.002568,0,1,False,False,2086,1083,2086
1131230,0.0,0.002568,0,1,False,False,2085,1082,2085
1105011,0.0,0.002568,0,1,False,False,2084,1081,2084
1154103,0.0,0.002568,0,4,False,False,2083,1076,2083
1152150,0.0,0.002568,0,3,False,False,2082,1075,2082
294145,0.0,0.002568,0,1,False,False,2448,2005,2448
1107558,0.0,0.002568,0,1,False,False,2447,2003,2447
1107325,0.0,0.002568,0,1,False,False,2446,2002,2446
62333,0.0,0.002568,0,1,False,False,2445,2001,2445
650834,0.0,0.002568,0,3,False,False,2444,2000,2444
1131565,0.0,0.002568,0,2,False,False,2443,1996,2443
1106764,0.0,0.002568,0,2,False,False,2442,1993,2442
436796,0.0,0.002568,0,2,False,False,1698,307,1698
1105505,0.0,0.002568,0,2,False,False,2461,2032,2461
695284,0.0,0.002568,0,3,False,False,2460,2031,2460
1138043,0.0,0.002568,0,2,False,False,2459,2028,2459
1135750,0.0,0.002568,0,3,False,False,2458,2027,2458
362926,0.0,0.002568,0,1,False,False,2457,2025,2457
1123530,0.0,0.002568,0,5,False,False,2456,2022,2456
1112319,0.0,0.002568,0,3,False,False,2455,2021,2455
714748,0.0,0.002568,0,5,False,False,2454,2020,2454
1117920,0.0,0.002568,0,3,False,False,2453,2018,2453
1110209,0.0,0.002568,0,3,False,False,2452,2017,2452
1125909,0.0,0.002568,0,2,False,False,2451,2014,2451
1105360,0.0,0.002568,0,1,False,False,2450,2010,2450
312409,0.0,0.002568,0,1,False,False,2449,2007,2449
372862,0.0,0.002568,0,4,False,False,2092,1090,2092
1118658,0.0,0.002568,0,3,False,False,2091,1089,2091
1114526,0.0,0.002568,0,3,False,False,2090,1088,2090
1130637,0.0,0.002568,0,1,False,False,2065,1034,2065
568045,0.0,0.002568,0,4,False,False,2064,1032,2064
1132083,0.0,0.002568,0,3,False,False,2081,1074,2081
1117219,0.0,0.002568,0,2,False,False,2080,1073,2080
1123188,0.0,0.002568,0,5,False,False,2079,1067,2079
1105531,0.0,0.002568,0,4,False,False,2078,1063,2078
390896,0.0,0.002568,0,3,False,False,2077,1060,2077
315266,0.0,0.002568,0,3,False,False,2076,1059,2076
300071,0.0,0.002568,0,5,False,False,2075,1058,2075
1125469,0.0,0.002568,0,5,False,False,2074,1055,2074
1117348,0.0,0.002568,0,2,False,False,2073,1054,2073
1127566,0.0,0.002568,0,2,False,False,2466,2041,2466
1127558,0.0,0.002568,0,2,False,False,2465,2040,2465
1117501,0.0,0.002568,0,2,False,False,2464,2037,2464
509315,0.0,0.002568,0,2,False,False,2463,2034,2463
1153031,0.0,0.002568,0,1,False,False,2462,2033,2462
1103162,0.0,0.002568,0,4,False,False,2060,1025,2060
28473,0.0,0.002568,0,2,False,False,2059,1023,2059
1112075,0.0,0.002568,0,2,False,False,2058,1022,2058
1106103,0.0,0.002568,0,2,False,False,2057,1021,2057
1112665,0.0,0.002568,0,1,False,False,2056,1019,2056
899085,0.0,0.002568,0,1,False,False,2470,2060,2470
1118347,0.0,0.002568,0,1,False,False,2469,2057,2469
1135122,0.0,0.002568,0,2,False,False,2468,2056,2468
593068,0.0,0.002568,0,1,False,False,2467,2052,2467
714975,0.0,0.002568,0,4,False,False,2072,1052,2072
1116629,0.0,0.002568,0,2,False,False,2071,1049,2071
1111240,0.0,0.002568,0,5,False,False,2070,1044,2070
1120444,0.0,0.002568,0,4,False,False,2069,1041,2069
49895,0.0,0.002568,0,1,False,False,2068,1037,2068
348437,0.0,0.002568,0,3,False,False,2067,1036,2067
1153160,0.0,0.002568,0,2,False,False,2066,1035,2066
94953,0.0,0.002568,0,1,False,False,1701,317,1701
684372,0.0,0.002568,0,3,False,False,1700,316,1700
359067,0.0,0.002568,0,3,False,False,2055,1016,2055
1153703,0.0,0.002568,0,3,False,False,2054,1013,2054
1152975,0.0,0.002568,0,3,False,False,2053,1012,2053
1152448,0.0,0.002568,0,3,False,False,2052,1011,2052
1152307,0.0,0.002568,0,3,False,False,2051,1010,2051
20833,0.0,0.002568,0,2,False,False,2050,1009,2050
229635,0.0,0.002568,0,3,False,False,1615,81,1615
1120252,0.0,0.002568,0,1,False,False,2474,2072,2474
1105810,0.0,0.002568,0,2,False,False,2473,2068,2473
714879,0.0,0.002568,0,3,False,False,2472,2066,2472
1134348,0.0,0.002568,0,2,False,False,2471,2063,2471
1102646,0.0,0.002568,0,2,False,False,2063,1029,2063
892139,0.0,0.002568,0,4,False,False,2062,1027,2062
682666,0.0,0.002568,0,5,False,False,2061,1026,2061
1130356,0.0,0.002568,0,1,False,False,2045,1002,2045
1123991,0.0,0.002568,0,1,False,False,2044,1001,2044
10793,0.0,0.002568,0,1,False,False,2043,1000,2043
95589,0.0,0.002568,0,5,False,False,2042,996,2042
93320,0.0,0.002568,0,3,False,False,2041,995,2041
1152740,0.0,0.002568,0,3,False,False,2040,992,2040
1115886,0.0,0.002568,0,1,False,False,2039,991,2039
628668,0.0,0.002568,0,4,False,False,2038,989,2038
1121569,0.0,0.002568,0,3,False,False,2478,2083,2478
1107041,0.0,0.002568,0,2,False,False,2477,2079,2477
1105877,0.0,0.002568,0,3,False,False,2476,2075,2476
1131150,0.0,0.002568,0,3,False,False,2475,2073,2475
207395,0.0,0.002568,0,4,False,False,1705,322,1705
129558,0.0,0.002568,0,2,False,False,1704,321,1704
1111899,0.0,0.002568,0,3,False,False,1703,320,1703
1107010,0.0,0.002568,0,4,False,False,1702,319,1702
1128267,0.0,0.002568,0,2,False,False,2034,975,2034
1123553,0.0,0.002568,0,2,False,False,2033,974,2033
1122425,0.0,0.002568,0,4,False,False,2032,973,2032
1117760,0.0,0.002568,0,3,False,False,2031,972,2031
1131466,0.0,0.002568,0,2,False,False,2486,2102,2486
1121659,0.0,0.002568,0,1,False,False,2485,2101,2485
662279,0.0,0.002568,0,1,False,False,2484,2099,2484
1129907,0.0,0.002568,0,2,False,False,2483,2094,2483
1129994,0.0,0.002568,0,5,False,False,2482,2093,2482
77112,0.0,0.002568,0,1,False,False,2481,2091,2481
1115790,0.0,0.002568,0,2,False,False,2480,2089,2480
1128856,0.0,0.002568,0,3,False,False,2479,2087,2479
1121057,0.0,0.002568,0,2,False,False,2049,1008,2049
1108656,0.0,0.002568,0,2,False,False,2048,1007,2048
235776,0.0,0.002568,0,4,False,False,2047,1005,2047
84459,0.0,0.002568,0,2,False,False,2046,1003,2046
212930,0.0,0.002568,0,4,False,False,2024,964,2024
181782,0.0,0.002568,0,3,False,False,2023,963,2023
1108329,0.0,0.002568,0,5,False,False,2022,960,2022
1153056,0.0,0.002568,0,2,False,False,2021,957,2021
1120731,0.0,0.002568,0,5,False,False,2020,954,2020
577086,0.0,0.002568,0,1,False,False,2494,2120,2494
509233,0.0,0.002568,0,1,False,False,2493,2117,2493
1133047,0.0,0.002568,0,1,False,False,2492,2116,2492
1106298,0.0,0.002568,0,2,False,False,2491,2115,2491
1130678,0.0,0.002568,0,2,False,False,2490,2114,2490
1129367,0.0,0.002568,0,2,False,False,2489,2111,2489
1128198,0.0,0.002568,0,2,False,False,2488,2110,2488
1125492,0.0,0.002568,0,2,False,False,2487,2109,2487
353541,0.0,0.002568,0,3,False,False,2037,986,2037
1129243,0.0,0.002568,0,3,False,False,2036,977,2036
1129096,0.0,0.002568,0,2,False,False,2035,976,2035
409725,0.0,0.002568,0,2,False,False,1714,344,1714
1154525,0.0,0.002568,0,3,False,False,1713,343,1713
1110515,0.0,0.002568,0,4,False,False,1712,341,1712
1107062,0.0,0.002568,0,3,False,False,1711,339,1711
237376,0.0,0.002568,0,1,False,False,2500,2131,2500
1152379,0.0,0.002568,0,1,False,False,2499,2130,2499
1116328,0.0,0.002568,0,1,False,False,2498,2129,2498
1153786,0.0,0.002568,0,1,False,False,2497,2125,2497
1114184,0.0,0.002568,0,1,False,False,2496,2124,2496
1133469,0.0,0.002568,0,1,False,False,2495,2123,2495
1113459,0.0,0.002568,0,5,False,False,2030,971,2030
1113182,0.0,0.002568,0,3,False,False,2029,970,2029
1111230,0.0,0.002568,0,2,False,False,2028,969,2028
1109957,0.0,0.002568,0,3,False,False,2027,968,2027
1105764,0.0,0.002568,0,5,False,False,2026,967,2026
95579,0.0,0.002568,0,4,False,False,2025,966,2025
1102550,0.0,0.002568,0,4,False,False,1707,335,1707
1152896,0.0,0.002568,0,5,False,False,1706,331,1706
1154124,0.0,0.002568,0,5,False,False,2013,938,2013
1154123,0.0,0.002568,0,5,False,False,2012,937,2012
385251,0.0,0.002568,0,2,False,False,2011,935,2011
1107572,0.0,0.002568,0,3,False,False,2010,932,2010
594025,0.0,0.002568,0,1,False,False,2504,2152,2504
990075,0.0,0.002568,0,1,False,False,2503,2151,2503
1111733,0.0,0.002568,0,1,False,False,2502,2142,2502
1152958,0.0,0.002568,0,3,False,False,2501,2137,2501
170338,0.0,0.002568,0,3,False,False,2019,951,2019
1114629,0.0,0.002568,0,2,False,False,2018,950,2018
1106966,0.0,0.002568,0,3,False,False,2017,946,2017
1385,0.0,0.002568,0,4,False,False,2016,943,2016
1107355,0.0,0.002568,0,4,False,False,2015,942,2015
1106547,0.0,0.002568,0,3,False,False,2014,941,2014
1117833,0.0,0.002568,0,1,False,False,2009,926,2009
1022969,0.0,0.002568,0,2,False,False,2008,925,2008
1130680,0.0,0.002568,0,3,False,False,2007,923,2007
1128425,0.0,0.002568,0,4,False,False,2006,922,2006
911198,0.0,0.002568,0,4,False,False,2005,920,2005
139547,0.0,0.002568,0,3,False,False,2004,918,2004
140569,0.0,0.002568,0,2,False,False,2003,917,2003
1152714,0.0,0.002568,0,3,False,False,2002,914,2002
1105698,0.0,0.002568,0,1,False,False,2001,908,2001
1095507,0.0,0.002568,0,3,False,False,2508,2172,2508
1113742,0.0,0.002568,0,2,False,False,2507,2163,2507
1154074,0.0,0.002568,0,1,False,False,2506,2162,2506
596075,0.0,0.002568,0,1,False,False,2505,2158,2505
1153945,0.0,0.002568,0,2,False,False,1710,338,1710
1129798,0.0,0.002568,0,1,False,False,1709,337,1709
1105231,0.0,0.002568,0,2,False,False,1708,336,1708
1107808,0.0,0.002568,0,1,False,False,2515,2192,2515
1107728,0.0,0.002568,0,1,False,False,2514,2190,2514
272345,0.0,0.002568,0,2,False,False,2000,905,2000
1129106,0.0,0.002568,0,1,False,False,1999,904,1999
1121176,0.0,0.002568,0,1,False,False,1998,903,1998
989397,0.0,0.002568,0,4,False,False,1997,896,1997
68505,0.0,0.002568,0,2,False,False,1996,894,1996
1129208,0.0,0.002568,0,3,False,False,1722,362,1722
1128256,0.0,0.002568,0,2,False,False,1721,361,1721
1123867,0.0,0.002568,0,2,False,False,1720,360,1720
1120962,0.0,0.002568,0,3,False,False,1719,358,1719
1125258,0.0,0.002568,0,1,False,False,2513,2188,2513
1119623,0.0,0.002568,0,2,False,False,2512,2184,2512
1133417,0.0,0.002568,0,2,False,False,2511,2179,2511
1153899,0.0,0.002568,0,3,False,False,2510,2174,2510
1107385,0.0,0.002568,0,1,False,False,2509,2173,2509
1108167,0.0,0.002568,0,5,False,False,1718,357,1718
1102625,0.0,0.002568,0,3,False,False,1717,356,1717
1104007,0.0,0.002568,0,4,False,False,1716,351,1716
1102400,0.0,0.002568,0,3,False,False,1715,348,1715
1153262,0.0,0.002568,0,4,False,False,1995,888,1995
1112574,0.0,0.002568,0,3,False,False,1994,887,1994
1108175,0.0,0.002568,0,2,False,False,1993,886,1993
5038,0.0,0.002568,0,4,False,False,1992,883,1992
429781,0.0,0.002568,0,3,False,False,1991,882,1991
411092,0.0,0.002568,0,3,False,False,1990,879,1990
1152394,0.0,0.002568,0,1,False,False,2521,2207,2521
1109873,0.0,0.002568,0,2,False,False,2520,2205,2520
1140543,0.0,0.002568,0,5,False,False,2519,2203,2519
1109566,0.0,0.002568,0,1,False,False,2518,2201,2518
1121739,0.0,0.002568,0,1,False,False,2517,2199,2517
1115166,0.0,0.002568,0,1,False,False,2516,2196,2516
428610,0.0,0.002568,0,3,False,False,1976,844,1976
390889,0.0,0.002568,0,4,False,False,1975,843,1975
1127851,0.0,0.002568,0,5,False,False,1989,876,1989
1105887,0.0,0.002568,0,2,False,False,1988,875,1988
164,0.0,0.002568,0,5,False,False,1987,873,1987
293285,0.0,0.002568,0,2,False,False,1986,868,1986
1130567,0.0,0.002568,0,5,False,False,1985,865,1985
1120020,0.0,0.002568,0,3,False,False,1984,864,1984
1102548,0.0,0.002568,0,1,False,False,1983,862,1983
128202,0.0,0.002568,0,1,False,False,2528,2225,2528
243274,0.0,0.002568,0,1,False,False,2527,2223,2527
1114364,0.0,0.002568,0,1,False,False,2526,2222,2526
1108258,0.0,0.002568,0,2,False,False,2525,2215,2525
1126011,0.0,0.002568,0,1,False,False,2524,2212,2524
1119742,0.0,0.002568,0,1,False,False,2523,2211,2523
1154276,0.0,0.002568,0,2,False,False,2522,2209,2522
1132461,0.0,0.002568,0,5,False,False,1968,833,1968
1132459,0.0,0.002568,0,2,False,False,1967,832,1967
1112929,0.0,0.002568,0,2,False,False,1966,831,1966
1104449,0.0,0.002568,0,3,False,False,1965,829,1965
1103676,0.0,0.002568,0,3,False,False,1964,828,1964
510718,0.0,0.002568,0,3,False,False,1963,826,1963
1154459,0.0,0.002568,0,4,False,False,1612,59,1612
907845,0.0,0.002568,0,1,False,False,2531,2229,2531
1121313,0.0,0.002568,0,2,False,False,2530,2227,2530
1108363,0.0,0.002568,0,2,False,False,2529,2226,2529
1140547,0.0,0.002568,0,2,False,False,1982,853,1982
1136310,0.0,0.002568,0,1,False,False,1981,852,1981
1121254,0.0,0.002568,0,3,False,False,1980,851,1980
1104300,0.0,0.002568,0,2,False,False,1979,850,1979
949217,0.0,0.002568,0,4,False,False,1978,848,1978
69418,0.0,0.002568,0,2,False,False,1977,846,1977
1114664,0.0,0.002568,0,2,False,False,1959,818,1959
1105428,0.0,0.002568,0,3,False,False,1958,817,1958
854434,0.0,0.002568,0,1,False,False,1957,813,1957
636098,0.0,0.002568,0,3,False,False,1729,378,1729
552469,0.0,0.002568,0,2,False,False,1728,375,1728
1135589,0.0,0.002568,0,2,False,False,2534,2246,2534
481073,0.0,0.002568,0,1,False,False,2533,2237,2533
1108570,0.0,0.002568,0,1,False,False,2532,2236,2532
190697,0.0,0.002568,0,5,False,False,1614,73,1614
18582,0.0,0.002568,0,3,False,False,1613,72,1613
168410,0.0,0.002568,0,5,False,False,1974,840,1974
120013,0.0,0.002568,0,2,False,False,1973,838,1973
119956,0.0,0.002568,0,2,False,False,1972,837,1972
118436,0.0,0.002568,0,4,False,False,1971,836,1971
1152917,0.0,0.002568,0,2,False,False,1970,835,1970
1136393,0.0,0.002568,0,2,False,False,1969,834,1969
1132434,0.0,0.002568,0,2,False,False,2547,2274,2547
1109185,0.0,0.002568,0,1,False,False,2546,2273,2546
649944,0.0,0.002568,0,2,False,False,2545,2271,2545
595063,0.0,0.002568,0,3,False,False,2544,2268,2544
1136342,0.0,0.002568,0,1,False,False,2543,2267,2543
1128975,0.0,0.002568,0,3,False,False,2542,2266,2542
1131549,0.0,0.002568,0,2,False,False,2541,2264,2541
917493,0.0,0.002568,0,1,False,False,2540,2258,2540
1131345,0.0,0.002568,0,1,False,False,2539,2257,2539
1108841,0.0,0.002568,0,1,False,False,2538,2255,2538
1154068,0.0,0.002568,0,3,False,False,2537,2253,2537
1131300,0.0,0.002568,0,2,False,False,2536,2252,2536
1118286,0.0,0.002568,0,1,False,False,2535,2250,2535
395547,0.0,0.002568,0,4,False,False,1962,824,1962
1110768,0.0,0.002568,0,1,False,False,1961,822,1961
1119078,0.0,0.002568,0,3,False,False,1960,819,1960
63477,0.0,0.002568,0,3,False,False,1947,786,1947
444240,0.0,0.002568,0,3,False,False,1727,372,1727
30901,0.0,0.002568,0,5,False,False,1726,371,1726
20593,0.0,0.002568,0,3,False,False,1725,367,1725
192734,0.0,0.002568,0,3,False,False,1724,366,1724
1135358,0.0,0.002568,0,2,False,False,1723,363,1723
1113739,0.0,0.002568,0,4,False,False,1956,809,1956
1110947,0.0,0.002568,0,4,False,False,1955,808,1955
1103610,0.0,0.002568,0,2,False,False,1954,807,1954
1110531,0.0,0.002568,0,3,False,False,1953,804,1953
1131223,0.0,0.002568,0,2,False,False,2553,2282,2553
583318,0.0,0.002568,0,2,False,False,2552,2281,2552
987197,0.0,0.002568,0,1,False,False,2551,2280,2551
1120786,0.0,0.002568,0,1,False,False,2550,2279,2550
1123215,0.0,0.002568,0,2,False,False,2549,2278,2549
1109208,0.0,0.002568,0,1,False,False,2548,2276,2548
737204,0.0,0.002568,0,1,False,False,2564,2312,2564
1109830,0.0,0.002568,0,2,False,False,2563,2310,2563
1153922,0.0,0.002568,0,2,False,False,2562,2308,2562
1128853,0.0,0.002568,0,1,False,False,2561,2307,2561
1152711,0.0,0.002568,0,3,False,False,2560,2303,2560
1127812,0.0,0.002568,0,4,False,False,2559,2301,2559
1118017,0.0,0.002568,0,1,False,False,2558,2299,2558
1133028,0.0,0.002568,0,1,False,False,2557,2295,2557
1130934,0.0,0.002568,0,1,False,False,2556,2294,2556
1133846,0.0,0.002568,0,2,False,False,2555,2292,2555
1112106,0.0,0.002568,0,2,False,False,2554,2291,2554
601561,0.0,0.002568,0,3,False,False,1952,802,1952
976284,0.0,0.002568,0,5,False,False,1951,799,1951
1125467,0.0,0.002568,0,2,False,False,1950,795,1950
20942,0.0,0.002568,0,2,False,False,1949,793,1949
68463,0.0,0.002568,0,3,False,False,1948,789,1948
396412,0.0,0.002568,0,5,False,False,1929,756,1929
390922,0.0,0.002568,0,3,False,False,1928,755,1928
328370,0.0,0.002568,0,2,False,False,1946,783,1946
259126,0.0,0.002568,0,2,False,False,1945,781,1945
20850,0.0,0.002568,0,4,False,False,1944,780,1944
1153169,0.0,0.002568,0,2,False,False,1943,778,1943
1128536,0.0,0.002568,0,2,False,False,1942,777,1942
1115471,0.0,0.002568,0,2,False,False,1941,776,1941
1113926,0.0,0.002568,0,2,False,False,1940,775,1940
1107067,0.0,0.002568,0,5,False,False,1939,774,1939
1106370,0.0,0.002568,0,3,False,False,1938,773,1938
1106330,0.0,0.002568,0,3,False,False,1937,772,1937
1102761,0.0,0.002568,0,3,False,False,1936,771,1936
104840,0.0,0.002568,0,4,False,False,1935,770,1935
96335,0.0,0.002568,0,5,False,False,1934,768,1934
1135345,0.0,0.002568,0,1,False,False,2565,2313,2565
1154251,0.0,0.002568,0,4,False,False,1926,741,1926
1152673,0.0,0.002568,0,4,False,False,1925,740,1925
1152277,0.0,0.002568,0,4,False,False,1924,739,1924
1140289,0.0,0.002568,0,2,False,False,1923,738,1923
1132418,0.0,0.002568,0,4,False,False,1922,737,1922
1130931,0.0,0.002568,0,2,False,False,1921,736,1921
1130927,0.0,0.002568,0,2,False,False,1920,735,1920
1130915,0.0,0.002568,0,2,False,False,1919,734,1919
1128868,0.0,0.002568,0,2,False,False,1918,733,1918
1126037,0.0,0.002568,0,2,False,False,1917,732,1917
820662,0.0,0.002568,0,2,False,False,2567,2323,2567
1138755,0.0,0.002568,0,1,False,False,2566,2322,2566
919885,0.0,0.002568,0,1,False,False,1933,766,1933
82087,0.0,0.002568,0,4,False,False,1932,765,1932
7022,0.0,0.002568,0,1,False,False,1931,763,1931
447250,0.0,0.002568,0,4,False,False,1930,758,1930
1105718,0.0,0.002568,0,3,False,False,1910,725,1910
964248,0.0,0.002568,0,3,False,False,1909,721,1909
1132157,0.0,0.002568,0,2,False,False,1908,720,1908
1131137,0.0,0.002568,0,5,False,False,1907,719,1907
1114222,0.0,0.002568,0,3,False,False,1906,718,1906
1103737,0.0,0.002568,0,4,False,False,1905,717,1905
69397,0.0,0.002568,0,3,False,False,1904,714,1904
1134346,0.0,0.002568,0,2,False,False,2575,2350,2575
1129518,0.0,0.002568,0,2,False,False,2574,2349,2574
1153014,0.0,0.002568,0,2,False,False,2573,2346,2573
1110950,0.0,0.002568,0,1,False,False,2572,2344,2572
1131550,0.0,0.002568,0,2,False,False,2571,2341,2571
1120084,0.0,0.002568,0,2,False,False,2570,2339,2570
1110628,0.0,0.002568,0,1,False,False,2569,2338,2569
1152859,0.0,0.002568,0,1,False,False,2568,2335,2568
189577,0.0,0.002568,0,4,False,False,1927,745,1927
1128151,0.0,0.002568,0,1,False,False,2585,2379,2585
950986,0.0,0.002568,0,2,False,False,2584,2378,2584
628766,0.0,0.002568,0,1,False,False,2583,2376,2583
628764,0.0,0.002568,0,3,False,False,2582,2375,2582
1130586,0.0,0.002568,0,1,False,False,2581,2374,2581
1130568,0.0,0.002568,0,1,False,False,2580,2373,2580
643597,0.0,0.002568,0,2,False,False,2579,2370,2579
126128,0.0,0.002568,0,1,False,False,2578,2360,2578
1154520,0.0,0.002568,0,1,False,False,2577,2359,2577
191216,0.0,0.002568,0,1,False,False,2576,2353,2576
1125895,0.0,0.002568,0,2,False,False,1916,731,1916
1125082,0.0,0.002568,0,1,False,False,1915,730,1915
1112767,0.0,0.002568,0,2,False,False,1914,729,1914
1109392,0.0,0.002568,0,3,False,False,1913,728,1913
1108209,0.0,0.002568,0,2,False,False,1912,727,1912
1106568,0.0,0.002568,0,2,False,False,1911,726,1911
429805,0.0,0.002568,0,4,False,False,1903,712,1903
40922,0.0,0.002568,0,1,False,False,1902,711,1902
39124,0.0,0.002568,0,3,False,False,1901,710,1901
120039,0.0,0.002568,0,3,False,False,1900,706,1900
1132706,0.0,0.002568,0,2,False,False,1899,705,1899
1131728,0.0,0.002568,0,5,False,False,1898,704,1898
1130634,0.0,0.002568,0,2,False,False,1897,703,1897
1128430,0.0,0.002568,0,3,False,False,1896,702,1896
1125992,0.0,0.002568,0,5,False,False,1895,701,1895
1115677,0.0,0.002568,0,2,False,False,1894,700,1894
1113995,0.0,0.002568,0,2,False,False,1738,394,1738
1110998,0.0,0.002568,0,4,False,False,1737,393,1737
1110494,0.0,0.002568,0,1,False,False,1736,392,1736
1117618,0.0,0.002568,0,3,False,False,2588,2387,2588
1112071,0.0,0.002568,0,2,False,False,2587,2383,2587
1129629,0.0,0.002568,0,4,False,False,2586,2380,2586
1137466,0.0,0.002568,0,1,False,False,1603,50,1603
1136814,0.0,0.002568,0,3,False,False,1602,49,1602
1133338,0.0,0.002568,0,2,False,False,1601,48,1601
1133196,0.0,0.002568,0,2,False,False,1600,47,1600
1131752,0.0,0.002568,0,2,False,False,1599,46,1599
1131557,0.0,0.002568,0,2,False,False,1598,45,1598
1131360,0.0,0.002568,0,4,False,False,1597,44,1597
1131116,0.0,0.002568,0,4,False,False,1596,43,1596
1113084,0.0,0.002568,0,1,False,False,2596,2407,2596
1153195,0.0,0.002568,0,2,False,False,2595,2404,2595
1133428,0.0,0.002568,0,2,False,False,2594,2401,2594
228992,0.0,0.002568,0,1,False,False,2593,2399,2593
1128946,0.0,0.002568,0,2,False,False,2592,2397,2592
1122304,0.0,0.002568,0,1,False,False,2591,2396,2591
1112417,0.0,0.002568,0,1,False,False,2590,2391,2590
1152663,0.0,0.002568,0,1,False,False,2589,2389,2589
1153943,0.0,0.002568,0,5,False,False,1610,57,1610
1153853,0.0,0.002568,0,4,False,False,1609,56,1609
1153577,0.0,0.002568,0,5,False,False,1608,55,1608
1108050,0.0,0.002568,0,3,False,False,1735,391,1735
1106287,0.0,0.002568,0,4,False,False,1734,390,1734
1105062,0.0,0.002568,0,1,False,False,1733,389,1733
1102407,0.0,0.002568,0,1,False,False,1732,388,1732
1031453,0.0,0.002568,0,2,False,False,1731,387,1731
97892,0.0,0.002568,0,4,False,False,1730,385,1730
417017,0.0,0.002568,0,4,False,False,1893,694,1893
35070,0.0,0.002568,0,2,False,False,1892,693,1892
277263,0.0,0.002568,0,3,False,False,1891,692,1891
1153280,0.0,0.002568,0,4,False,False,1607,54,1607
1153065,0.0,0.002568,0,2,False,False,1606,53,1606
1152508,0.0,0.002568,0,1,False,False,1605,52,1605
1152421,0.0,0.002568,0,4,False,False,1604,51,1604
1120169,0.0,0.002568,0,4,False,False,1888,688,1888
1119987,0.0,0.002568,0,3,False,False,1887,687,1887
1106492,0.0,0.002568,0,4,False,False,1886,686,1886
86840,0.0,0.002568,0,5,False,False,1885,684,1885
642827,0.0,0.002568,0,5,False,False,1884,680,1884
423463,0.0,0.002568,0,3,False,False,1883,678,1883
310742,0.0,0.002568,0,3,False,False,1882,676,1882
308920,0.0,0.002568,0,3,False,False,1881,675,1881
137873,0.0,0.002568,0,3,False,False,1880,673,1880
1131267,0.0,0.002568,0,2,False,False,1879,672,1879
1127530,0.0,0.002568,0,2,False,False,1878,671,1878
1121398,0.0,0.002568,0,1,False,False,2600,2419,2600
1113541,0.0,0.002568,0,1,False,False,2599,2417,2599
689439,0.0,0.002568,0,3,False,False,2598,2413,2598
12275,0.0,0.002568,0,1,False,False,2597,2409,2597
1154176,0.0,0.002568,0,2,False,False,1611,58,1611
1152858,0.0,0.002568,0,1,False,False,2606,2451,2606
1133010,0.0,0.002568,0,2,False,False,2605,2449,2605
1153784,0.0,0.002568,0,2,False,False,2604,2445,2604
1152959,0.0,0.002568,0,1,False,False,2603,2441,2603
1114838,0.0,0.002568,0,1,False,False,2602,2438,2602
1138968,0.0,0.002568,0,3,False,False,2601,2430,2601
1106789,0.0,0.002568,0,2,False,False,1877,670,1877
129896,0.0,0.002568,0,4,False,False,1876,665,1876
1110000,0.0,0.002568,0,2,False,False,1875,664,1875
470511,0.0,0.002568,0,3,False,False,1874,660,1874
1152564,0.0,0.002568,0,2,False,False,1873,659,1873
70441,0.0,0.002568,0,3,False,False,1872,656,1872
110164,0.0,0.002568,0,5,False,False,1871,655,1871
1106236,0.0,0.002568,0,4,False,False,1870,653,1870
1153264,0.0,0.002568,0,2,False,False,1890,690,1890
1152290,0.0,0.002568,0,4,False,False,1889,689,1889
1117089,0.0,0.002568,0,1,False,False,2611,2461,2611
1117049,0.0,0.002568,0,1,False,False,2610,2460,2610
30973,0.0,0.002568,0,2,False,False,1869,648,1869
33303,0.0,0.002568,0,4,False,False,1868,644,1868
1107171,0.0,0.002568,0,4,False,False,1867,642,1867
1120777,0.0,0.002568,0,4,False,False,1866,638,1866
99025,0.0,0.002568,0,5,False,False,1865,636,1865
1132922,0.0,0.002568,0,1,False,False,1754,410,1754
1131748,0.0,0.002568,0,2,False,False,1753,409,1753
1131745,0.0,0.002568,0,2,False,False,1752,408,1752
1131647,0.0,0.002568,0,2,False,False,1751,407,1751
1130600,0.0,0.002568,0,4,False,False,1750,406,1750
1129443,0.0,0.002568,0,1,False,False,1749,405,1749
1139195,0.0,0.002568,0,1,False,False,2609,2456,2609
270085,0.0,0.002568,0,1,False,False,2608,2455,2608
1131198,0.0,0.002568,0,2,False,False,2607,2452,2607
1120866,0.0,0.002568,0,1,False,False,1747,403,1747
1120211,0.0,0.002568,0,2,False,False,1746,402,1746
1119140,0.0,0.002568,0,3,False,False,1745,401,1745
1117653,0.0,0.002568,0,2,False,False,1744,400,1744
1116594,0.0,0.002568,0,2,False,False,1743,399,1743
1116347,0.0,0.002568,0,5,False,False,1742,398,1742
1114605,0.0,0.002568,0,2,False,False,1741,397,1741
1114388,0.0,0.002568,0,3,False,False,1740,396,1740
1114153,0.0,0.002568,0,2,False,False,1739,395,1739
469504,0.0,0.002568,0,3,False,False,1864,634,1864
1133004,0.0,0.002568,0,2,False,False,1863,632,1863
1123239,0.0,0.002568,0,2,False,False,1862,631,1862
1118083,0.0,0.002568,0,3,False,False,1861,630,1861
1114192,0.0,0.002568,0,4,False,False,1860,629,1860
1119211,0.0,0.002568,0,1,False,False,2613,2470,2613
1118546,0.0,0.002568,0,1,False,False,2612,2466,2612
1131607,0.0,0.002568,0,3,False,False,1845,592,1845
1130808,0.0,0.002568,0,3,False,False,1844,591,1844
1130676,0.0,0.002568,0,4,False,False,1843,590,1843
1120197,0.0,0.002568,0,2,False,False,1859,625,1859
1108169,0.0,0.002568,0,3,False,False,1858,624,1858
631052,0.0,0.002568,0,5,False,False,1857,621,1857
1132486,0.0,0.002568,0,4,False,False,1856,612,1856
1122704,0.0,0.002568,0,2,False,False,1855,611,1855
1113035,0.0,0.002568,0,3,False,False,1854,610,1854
1105574,0.0,0.002568,0,3,False,False,1853,609,1853
1154173,0.0,0.002568,0,1,False,False,2618,2488,2618
1135115,0.0,0.002568,0,2,False,False,2617,2486,2617
1120019,0.0,0.002568,0,1,False,False,2616,2483,2616
60560,0.0,0.002568,0,1,False,False,2615,2481,2615
1119654,0.0,0.002568,0,1,False,False,2614,2478,2614
1128839,0.0,0.002568,0,3,False,False,1748,404,1748
1125906,0.0,0.002568,0,1,False,False,2627,2511,2627
1125597,0.0,0.002568,0,1,False,False,2626,2510,2626
1154076,0.0,0.002568,0,4,False,False,2625,2507,2625
1131374,0.0,0.002568,0,3,False,False,2624,2506,2624
1128977,0.0,0.002568,0,2,False,False,2623,2505,2623
1123493,0.0,0.002568,0,1,False,False,2622,2501,2622
1123093,0.0,0.002568,0,1,False,False,2621,2499,2621
1132416,0.0,0.002568,0,1,False,False,2620,2495,2620
1105622,0.0,0.002568,0,1,False,False,2619,2493,2619
1119671,0.0,0.002568,0,1,False,False,1852,607,1852
696346,0.0,0.002568,0,5,False,False,1851,603,1851
696342,0.0,0.002568,0,3,False,False,1850,601,1850
236759,0.0,0.002568,0,4,False,False,1849,597,1849
1140230,0.0,0.002568,0,2,False,False,1848,595,1848
1135899,0.0,0.002568,0,3,False,False,1847,594,1847
1132948,0.0,0.002568,0,3,False,False,1846,593,1846
463825,0.0,0.002568,0,4,False,False,1841,586,1841
27250,0.0,0.002568,0,4,False,False,1840,585,1840
211906,0.0,0.002568,0,1,False,False,1839,584,1839
1123926,0.0,0.002568,0,2,False,False,1838,583,1838
1121867,0.0,0.002568,0,5,False,False,1837,582,1837
1110438,0.0,0.002568,0,4,False,False,1836,581,1836
1107861,0.0,0.002568,0,3,False,False,1835,580,1835
1106630,0.0,0.002568,0,5,False,False,1834,579,1834
1104851,0.0,0.002568,0,4,False,False,1833,578,1833
350362,0.0,0.002568,0,3,False,False,1832,573,1832
28641,0.0,0.002568,0,4,False,False,1831,571,1831
197783,0.0,0.002568,0,3,False,False,1830,570,1830
1126315,0.0,0.002568,0,1,False,False,2631,2521,2631
1132864,0.0,0.002568,0,1,False,False,2630,2516,2630
1125993,0.0,0.002568,0,1,False,False,2629,2514,2629
1125953,0.0,0.002568,0,1,False,False,2628,2512,2628
1152075,0.0,0.002568,0,2,False,False,1828,568,1828
1119751,0.0,0.002568,0,4,False,False,1827,567,1827
1118764,0.0,0.002568,0,4,False,False,1826,566,1826
1116842,0.0,0.002568,0,2,False,False,1825,565,1825
1116268,0.0,0.002568,0,5,False,False,1824,564,1824
1104055,0.0,0.002568,0,4,False,False,1823,563,1823
102406,0.0,0.002568,0,3,False,False,1822,561,1822
23448,0.0,0.002568,0,3,False,False,1763,426,1763
1128201,0.0,0.002568,0,1,False,False,2638,2538,2638
1131734,0.0,0.002568,0,1,False,False,2637,2536,2637
1138970,0.0,0.002568,0,1,False,False,2636,2533,2636
1127810,0.0,0.002568,0,1,False,False,2635,2531,2635
1127551,0.0,0.002568,0,1,False,False,2634,2528,2634
1127541,0.0,0.002568,0,1,False,False,2633,2526,2633
646440,0.0,0.002568,0,1,False,False,2632,2523,2632
1115375,0.0,0.002568,0,3,False,False,1842,589,1842
171225,0.0,0.002568,0,2,False,False,1762,421,1762
1154169,0.0,0.002568,0,2,False,False,1761,417,1761
1152821,0.0,0.002568,0,1,False,False,1760,416,1760
1152143,0.0,0.002568,0,4,False,False,1759,415,1759
1136442,0.0,0.002568,0,1,False,False,1758,414,1758
1136422,0.0,0.002568,0,2,False,False,1757,413,1757
1135368,0.0,0.002568,0,1,False,False,1756,412,1756
1132968,0.0,0.002568,0,5,False,False,1755,411,1755
212777,0.0,0.002568,0,3,False,False,1821,551,1821
1129015,0.0,0.002568,0,3,False,False,2644,2553,2644
593248,0.0,0.002568,0,1,False,False,2643,2551,2643
1128437,0.0,0.002568,0,2,False,False,2642,2547,2642
1128978,0.0,0.002568,0,4,False,False,2641,2543,2641
1128943,0.0,0.002568,0,4,False,False,2640,2542,2640
1153900,0.0,0.002568,0,2,False,False,2639,2540,2639
167656,0.0,0.002568,0,5,False,False,1829,569,1829
1117786,0.0,0.002568,0,3,False,False,1817,544,1817
1114512,0.0,0.002568,0,3,False,False,1816,543,1816
1110426,0.0,0.002568,0,4,False,False,1815,542,1815
1107095,0.0,0.002568,0,3,False,False,1814,541,1814
1106388,0.0,0.002568,0,5,False,False,1813,540,1813
1061127,0.0,0.002568,0,1,False,False,1812,539,1812
1000012,0.0,0.002568,0,5,False,False,1811,538,1811
154134,0.0,0.002568,0,4,False,False,1810,534,1810
1130539,0.0,0.002568,0,5,False,False,1809,533,1809
1153946,0.0,0.002568,0,1,False,False,2651,2570,2651
1129494,0.0,0.002568,0,1,False,False,2650,2568,2650
1129369,0.0,0.002568,0,1,False,False,2649,2566,2649
1129368,0.0,0.002568,0,1,False,False,2648,2565,2648
1129040,0.0,0.002568,0,1,False,False,2647,2562,2647
1129021,0.0,0.002568,0,1,False,False,2646,2560,2646
1153896,0.0,0.002568,0,2,False,False,2645,2556,2645
1131471,0.0,0.002568,0,3,False,False,1806,526,1806
1123068,0.0,0.002568,0,5,False,False,1805,525,1805
129897,0.0,0.002568,0,5,False,False,1804,519,1804
1109542,0.0,0.002568,0,1,False,False,1803,518,1803
1109439,0.0,0.002568,0,3,False,False,1802,517,1802
1108551,0.0,0.002568,0,2,False,False,1801,516,1801
1102442,0.0,0.002568,0,2,False,False,1800,515,1800
628459,0.0,0.002568,0,1,False,False,2657,2585,2657
1154012,0.0,0.002568,0,2,False,False,2656,2580,2656
1130454,0.0,0.002568,0,2,False,False,2655,2579,2655
1130243,0.0,0.002568,0,1,False,False,2654,2577,2654
1130080,0.0,0.002568,0,1,False,False,2653,2575,2653
1130069,0.0,0.002568,0,1,False,False,2652,2573,2652
1153254,0.0,0.002568,0,1,False,False,1820,547,1820
1127619,0.0,0.002568,0,2,False,False,1819,546,1819
1120650,0.0,0.002568,0,3,False,False,1818,545,1818
1118302,0.0,0.002568,0,2,False,False,1797,503,1797
1110390,0.0,0.002568,0,3,False,False,1796,501,1796
1153728,0.0,0.002568,0,4,False,False,1795,498,1795
1153724,0.0,0.002568,0,2,False,False,1794,497,1794
1153166,0.0,0.002568,0,2,False,False,1793,496,1793
1107215,0.0,0.002568,0,3,False,False,1792,494,1792
1131335,0.0,0.002568,0,2,False,False,2665,2604,2665
1131301,0.0,0.002568,0,4,False,False,2664,2603,2664
1131180,0.0,0.002568,0,1,False,False,2663,2602,2663
644470,0.0,0.002568,0,3,False,False,2662,2601,2662
1131172,0.0,0.002568,0,1,False,False,2661,2600,2661
1131258,0.0,0.002568,0,3,False,False,2660,2595,2660
1131164,0.0,0.002568,0,1,False,False,2659,2594,2659
1131163,0.0,0.002568,0,1,False,False,2658,2593,2658
1113852,0.0,0.002568,0,3,False,False,1808,532,1808
1107140,0.0,0.002568,0,2,False,False,1807,531,1807
647413,0.0,0.002568,0,3,False,False,1786,475,1786
1134022,0.0,0.002568,0,2,False,False,1785,471,1785
399173,0.0,0.002568,0,1,False,False,1784,467,1784
200480,0.0,0.002568,0,5,False,False,1783,466,1783
643777,0.0,0.002568,0,1,False,False,2672,2619,2672
1131334,0.0,0.002568,0,3,False,False,2671,2616,2671
1131305,0.0,0.002568,0,2,False,False,2670,2615,2670
1131257,0.0,0.002568,0,2,False,False,2669,2614,2669
1131192,0.0,0.002568,0,1,False,False,2668,2613,2668
1131189,0.0,0.002568,0,1,False,False,2667,2612,2667
1131184,0.0,0.002568,0,2,False,False,2666,2610,2666
39904,0.0,0.002568,0,2,False,False,1764,433,1764
1108389,0.0,0.002568,0,5,False,False,1791,487,1791
1114502,0.0,0.002568,0,5,False,False,1790,485,1790
1153150,0.0,0.002568,0,3,False,False,1799,505,1799
1153101,0.0,0.002568,0,3,False,False,1798,504,1798
1132406,0.0,0.002568,0,1,False,False,2685,2653,2685
1132073,0.0,0.002568,0,1,False,False,2684,2652,2684
1131828,0.0,0.002568,0,1,False,False,2683,2650,2683
1131754,0.0,0.002568,0,1,False,False,2682,2649,2682
1131741,0.0,0.002568,0,2,False,False,2681,2646,2681
1133930,0.0,0.002568,0,1,False,False,2680,2645,2680
1131414,0.0,0.002568,0,1,False,False,2679,2642,2679
1131420,0.0,0.002568,0,2,False,False,2678,2639,2678
1131421,0.0,0.002568,0,2,False,False,2677,2637,2677
1131359,0.0,0.002568,0,2,False,False,2676,2634,2676
1131330,0.0,0.002568,0,1,False,False,2675,2632,2675
1154071,0.0,0.002568,0,1,False,False,2674,2627,2674
1131314,0.0,0.002568,0,2,False,False,2673,2624,2673
1135108,0.0,0.002568,0,3,False,False,1789,479,1789
1116336,0.0,0.002568,0,2,False,False,1788,478,1788
1115291,0.0,0.002568,0,4,False,False,1787,477,1787
1119295,0.0,0.002568,0,3,False,False,1780,463,1780
1117184,0.0,0.002568,0,4,False,False,1779,462,1779
1114864,0.0,0.002568,0,4,False,False,1778,461,1778
1113934,0.0,0.002568,0,5,False,False,1777,460,1777
1111614,0.0,0.002568,0,1,False,False,1776,459,1776
1108267,0.0,0.002568,0,5,False,False,1775,458,1775
1106052,0.0,0.002568,0,3,False,False,1774,457,1774
1102567,0.0,0.002568,0,2,False,False,1773,456,1773
950305,0.0,0.002568,0,2,False,False,1772,454,1772
950052,0.0,0.002568,0,2,False,False,1771,453,1771
949511,0.0,0.002568,0,2,False,False,1770,452,1770
949318,0.0,0.002568,0,1,False,False,1769,451,1769
948846,0.0,0.002568,0,1,False,False,1768,450,1768
948299,0.0,0.002568,0,3,False,False,1767,449,1767
1132505,0.0,0.002568,0,3,False,False,2687,2655,2687
1132443,0.0,0.002568,0,4,False,False,2686,2654,2686
1119505,0.0,0.002568,0,2,False,False,1575,22,1575
1103960,0.0,0.002568,0,5,False,True,1567,14,1567
1103985,0.0,0.002568,0,2,False,True,1568,15,1568
1136040,0.0,0.002568,0,1,False,True,2700,2689,2700
1129683,0.0,0.002568,0,5,False,True,1592,39,1592
1129573,0.0,0.002568,0,3,False,True,1591,38,1591
1129027,0.0,0.002568,0,2,False,True,1590,37,1590
1129018,0.0,0.002568,0,2,False,True,1589,36,1589
1128985,0.0,0.002568,0,4,False,True,1588,35,1588
1128959,0.0,0.002568,0,2,False,True,1587,34,1587
1128945,0.0,0.002568,0,1,False,True,1586,33,1586
1128453,0.0,0.002568,0,4,False,True,1585,32,1585
1128314,0.0,0.002568,0,3,False,True,1584,31,1584
1128227,0.0,0.002568,0,4,False,True,1583,30,1583
1128204,0.0,0.002568,0,2,False,True,1582,29,1582
1127913,0.0,0.002568,0,4,False,False,1581,28,1581
1136634,0.0,0.002568,0,1,False,True,2699,2685,2699
1136631,0.0,0.002568,0,2,False,False,2698,2684,2698
1135955,0.0,0.002568,0,1,False,False,2697,2682,2697
1140548,0.0,0.002568,0,1,False,False,2696,2680,2696
1135455,0.0,0.002568,0,1,False,False,2695,2677,2695
735311,0.0,0.002568,0,1,False,False,2694,2675,2694
1130856,0.0,0.002568,0,2,False,False,1595,42,1595
1130847,0.0,0.002568,0,3,False,False,1594,41,1594
1129778,0.0,0.002568,0,4,False,False,1593,40,1593
1136449,0.0,0.002568,0,2,False,False,2703,2694,2703
1136447,0.0,0.002568,0,4,False,False,2702,2692,2702
1136110,0.0,0.002568,0,1,False,False,2701,2691,2701
1125386,0.0,0.002568,0,4,False,False,1579,26,1579
1123756,0.0,0.002568,0,4,False,False,1578,25,1578
1120431,0.0,0.002568,0,4,False,False,1577,24,1577
1119708,0.0,0.002568,0,5,False,True,1576,23,1576
