10000 29991
1 2
1 3
1 4
1 5
1 6
1 7
1 8
1 9
1 11
1 14
1 15
1 18
1 20
1 22
1 24
1 26
1 30
1 34
1 40
1 41
1 45
1 49
1 64
1 67
1 70
1 75
1 80
1 81
1 83
1 88
1 98
1 103
1 112
1 116
1 121
1 122
1 123
1 136
1 154
1 158
1 169
1 184
1 193
1 194
1 195
1 213
1 230
1 245
1 258
1 277
1 284
1 286
1 333
1 345
1 350
1 368
1 370
1 375
1 386
1 396
1 401
1 403
1 415
1 443
1 474
1 480
1 508
1 511
1 557
1 622
1 631
1 644
1 665
1 668
1 713
1 719
1 770
1 774
1 799
1 825
1 873
1 897
1 925
1 961
1 983
1 997
1 1007
1 1073
1 1090
1 1092
1 1110
1 1113
1 1164
1 1262
1 1280
1 1305
1 1316
1 1332
1 1356
1 1358
1 1408
1 1431
1 1458
1 1459
1 1469
1 1473
1 1479
1 1490
1 1566
1 1593
1 1603
1 1647
1 1659
1 1715
1 1752
1 1767
1 1802
1 1807
1 1826
1 1853
1 1865
1 1920
1 1935
1 1942
1 2018
1 2026
1 2058
1 2175
1 2176
1 2186
1 2195
1 2202
1 2224
1 2244
1 2289
1 2352
1 2358
1 2374
1 2427
1 2440
1 2441
1 2444
1 2622
1 2638
1 2658
1 2719
1 2734
1 2758
1 2927
1 2943
1 3004
1 3017
1 3020
1 3026
1 3176
1 3192
1 3214
1 3247
1 3270
1 3297
1 3313
1 3409
1 3435
1 3457
1 3465
1 3684
1 3763
1 3828
1 3834
1 3900
1 3932
1 3959
1 4003
1 4026
1 4054
1 4088
1 4202
1 4275
1 4280
1 4321
1 4381
1 4428
1 4468
1 4531
1 4555
1 4751
1 4773
1 4865
1 4867
1 4939
1 4995
1 5048
1 5049
1 5083
1 5098
1 5122
1 5128
1 5181
1 5215
1 5263
1 5346
1 5391
1 5408
1 5491
1 5546
1 5561
1 5584
1 5641
1 5742
1 5883
1 5971
1 6060
1 6072
1 6150
1 6175
1 6204
1 6208
1 6221
1 6232
1 6302
1 6369
1 6386
1 6462
1 6477
1 6506
1 6516
1 6539
1 6589
1 6669
1 6710
1 6743
1 6795
1 6827
1 6851
1 6860
1 6866
1 6876
1 6935
1 7082
1 7299
1 7369
1 7401
1 7497
1 7499
1 7521
1 7601
1 7767
1 7887
1 7923
1 7962
1 7975
1 8032
1 8090
1 8163
1 8165
1 8208
1 8334
1 8363
1 8435
1 8479
1 8580
1 8612
1 8658
1 8689
1 8757
1 8801
1 8905
1 8923
1 9079
1 9165
1 9216
1 9317
1 9371
1 9433
1 9552
1 9623
1 9674
1 9974
1 9988
2 5
2 7
2 10
2 27
2 32
2 38
2 41
2 44
2 50
2 66
2 71
2 72
2 73
2 81
2 117
2 134
2 153
2 166
2 168
2 186
2 187
2 201
2 243
2 260
2 309
2 336
2 432
2 452
2 462
2 478
2 479
2 505
2 517
2 526
2 594
2 634
2 703
2 707
2 716
2 718
2 755
2 781
2 800
2 818
2 873
2 899
2 963
2 1075
2 1190
2 1225
2 1278
2 1335
2 1370
2 1390
2 1393
2 1490
2 1506
2 1539
2 1617
2 1672
2 1739
2 1831
2 1882
2 1895
2 1939
2 1970
2 2085
2 2088
2 2177
2 2333
2 2336
2 2386
2 2443
2 2480
2 2511
2 2536
2 2576
2 2715
2 2755
2 2810
2 2893
2 2919
2 2984
2 3191
2 3194
2 3268
2 3277
2 3321
2 3477
2 3580
2 3584
2 3678
2 3909
2 4033
2 4071
2 4284
2 4478
2 4792
2 4800
2 4848
2 4953
2 5074
2 5081
2 5172
2 5280
2 5296
2 5334
2 5544
2 5553
2 5608
2 5649
2 5698
2 5767
2 6022
2 6041
2 6089
2 6104
2 6201
2 6502
2 6617
2 6641
2 6726
2 6731
2 6961
2 7114
2 7800
2 7937
2 7984
2 8088
2 8133
2 8218
2 8274
2 8309
2 8322
2 8386
2 8458
2 8488
2 8783
2 8789
2 8834
2 9066
2 9171
2 9326
2 9520
2 9534
2 9573
2 9628
3 5
3 9
3 10
3 43
3 49
3 61
3 117
3 137
3 144
3 175
3 176
3 202
3 257
3 312
3 338
3 339
3 378
3 473
3 476
3 479
3 741
3 802
3 958
3 1320
3 1382
3 1554
3 1731
3 1763
3 1819
3 1901
3 2430
3 2457
3 2506
3 2562
3 2632
3 2822
3 2975
3 2995
3 3461
3 3509
3 3546
3 3735
3 3764
3 3922
3 3936
3 3971
3 4428
3 4665
3 4763
3 5392
3 6002
3 6037
3 6470
3 6606
3 6809
3 6900
3 7541
3 8272
3 8400
3 9052
3 9126
3 9228
3 9746
3 9815
4 6
4 21
4 27
4 47
4 63
4 82
4 83
4 84
4 97
4 110
4 148
4 159
4 160
4 206
4 258
4 287
4 400
4 491
4 493
4 501
4 545
4 740
4 972
4 1017
4 1104
4 1132
4 1249
4 1414
4 1702
4 1863
4 1993
4 2247
4 2474
4 3186
4 3289
4 3327
4 3413
4 3649
4 3905
4 3912
4 4660
4 4807
4 4958
4 5181
4 5311
4 5619
4 5664
4 6018
4 6021
4 6331
4 6750
4 6894
4 6933
4 7734
4 7918
4 8033
4 8559
4 8808
4 9697
4 9859
4 10000
5 6
5 7
5 8
5 10
5 16
5 18
5 29
5 30
5 42
5 48
5 54
5 63
5 120
5 156
5 163
5 165
5 178
5 181
5 203
5 207
5 212
5 221
5 269
5 282
5 299
5 398
5 448
5 459
5 505
5 510
5 544
5 572
5 589
5 668
5 717
5 724
5 836
5 861
5 925
5 936
5 942
5 948
5 1000
5 1034
5 1067
5 1153
5 1191
5 1206
5 1260
5 1279
5 1329
5 1414
5 1420
5 1436
5 1452
5 1492
5 1495
5 1503
5 1565
5 1587
5 1615
5 1660
5 1850
5 1985
5 2129
5 2180
5 2187
5 2194
5 2210
5 2215
5 2225
5 2259
5 2299
5 2351
5 2455
5 2612
5 2613
5 2638
5 2731
5 2941
5 3011
5 3143
5 3147
5 3265
5 3281
5 3312
5 3403
5 3538
5 3563
5 3682
5 3930
5 4020
5 4186
5 4343
5 4380
5 4451
5 4466
5 4540
5 4689
5 4860
5 4914
5 4952
5 4974
5 5000
5 5017
5 5117
5 5135
5 5178
5 5312
5 5343
5 5353
5 5356
5 5510
5 5829
5 5859
5 6060
5 6206
5 6251
5 6252
5 6420
5 6447
5 6481
5 6505
5 6557
5 6620
5 7017
5 7270
5 7299
5 7587
5 7592
5 7657
5 7855
5 7903
5 8433
5 8966
5 9345
5 9395
5 9456
5 9457
5 9487
5 9561
5 9889
5 9946
6 11
6 15
6 17
6 29
6 32
6 38
6 48
6 69
6 86
6 87
6 91
6 93
6 95
6 101
6 152
6 164
6 225
6 233
6 271
6 303
6 418
6 431
6 433
6 444
6 447
6 518
6 543
6 623
6 640
6 692
6 725
6 763
6 805
6 885
6 886
6 897
6 1043
6 1169
6 1266
6 1284
6 1291
6 1305
6 1432
6 1441
6 1483
6 1490
6 1584
6 1628
6 1801
6 1894
6 1932
6 2051
6 2062
6 2090
6 2131
6 2166
6 2243
6 2371
6 2518
6 2623
6 2783
6 2792
6 2904
6 2951
6 3143
6 3809
6 3916
6 3948
6 4260
6 4406
6 4426
6 4511
6 4746
6 4779
6 4788
6 4830
6 5115
6 5146
6 5148
6 5221
6 5291
6 5324
6 5662
6 5679
6 5964
6 6050
6 6164
6 6192
6 6227
6 6579
6 7069
6 7705
6 7939
6 7976
6 8112
6 8210
6 8264
6 8714
6 8765
6 8777
6 8821
6 8871
6 8886
6 9005
6 9136
6 9254
6 9945
7 8
7 9
7 12
7 14
7 16
7 18
7 25
7 33
7 34
7 39
7 42
7 46
7 59
7 72
7 78
7 88
7 89
7 94
7 101
7 108
7 131
7 137
7 145
7 148
7 151
7 172
7 181
7 183
7 206
7 218
7 222
7 231
7 238
7 242
7 251
7 252
7 263
7 290
7 322
7 335
7 337
7 341
7 343
7 346
7 363
7 365
7 373
7 389
7 407
7 414
7 438
7 445
7 492
7 502
7 524
7 553
7 568
7 576
7 608
7 629
7 653
7 657
7 674
7 697
7 718
7 806
7 810
7 882
7 894
7 921
7 965
7 974
7 1006
7 1016
7 1104
7 1147
7 1158
7 1191
7 1250
7 1272
7 1287
7 1296
7 1421
7 1460
7 1577
7 1605
7 1673
7 1681
7 1709
7 1771
7 1797
7 1856
7 1933
7 1977
7 2099
7 2111
7 2177
7 2201
7 2256
7 2309
7 2314
7 2387
7 2429
7 2433
7 2435
7 2459
7 2470
7 2520
7 2569
7 2625
7 2678
7 2680
7 2754
7 2767
7 2772
7 2823
7 2886
7 2946
7 2990
7 3080
7 3179
7 3338
7 3393
7 3433
7 3572
7 3609
7 3645
7 3667
7 3670
7 3708
7 3713
7 3719
7 3743
7 3753
7 3773
7 3877
7 3884
7 3899
7 3914
7 3964
7 4038
7 4155
7 4259
7 4299
7 4408
7 4429
7 4449
7 4493
7 4641
7 4671
7 4694
7 4797
7 4875
7 4908
7 4997
7 5021
7 5153
7 5246
7 5277
7 5379
7 5416
7 5424
7 5456
7 5495
7 5714
7 5764
7 5775
7 6161
7 6191
7 6213
7 6249
7 6281
7 6349
7 6419
7 6431
7 6445
7 6465
7 6541
7 6606
7 6610
7 6654
7 6827
7 6889
7 6978
7 6995
7 7169
7 7182
7 7186
7 7205
7 7214
7 7402
7 7501
7 7635
7 7846
7 8126
7 8140
7 8424
7 8556
7 8601
7 9299
7 9344
7 9384
7 9411
7 9644
7 9712
7 9940
8 12
8 20
8 22
8 25
8 29
8 36
8 40
8 44
8 48
8 65
8 79
8 112
8 128
8 149
8 168
8 285
8 316
8 408
8 419
8 463
8 497
8 569
8 626
8 640
8 678
8 788
8 801
8 949
8 1002
8 1403
8 1408
8 1448
8 1525
8 1560
8 1581
8 1635
8 1643
8 1666
8 1726
8 1753
8 1768
8 1770
8 1771
8 1772
8 1836
8 1878
8 1947
8 1973
8 1993
8 2012
8 2071
8 2233
8 2504
8 2519
8 2534
8 2687
8 2761
8 2799
8 2813
8 2828
8 2915
8 2931
8 2978
8 3023
8 3061
8 3433
8 3465
8 3612
8 3820
8 3853
8 4012
8 4052
8 4308
8 4372
8 4701
8 5086
8 5138
8 5201
8 5299
8 5316
8 5428
8 5521
8 5573
8 5630
8 5722
8 5844
8 5863
8 6003
8 6047
8 6097
8 6256
8 6530
8 6638
8 6909
8 6952
8 6953
8 6956
8 7026
8 7118
8 7270
8 7885
8 8216
8 8319
8 8573
8 8674
8 8813
8 8979
8 8983
8 9240
8 9474
8 9514
8 9540
8 9584
8 9764
8 9792
8 9799
8 9950
9 11
9 15
9 17
9 19
9 22
9 23
9 24
9 26
9 27
9 37
9 50
9 53
9 79
9 154
9 190
9 284
9 294
9 296
9 354
9 506
9 604
9 646
9 841
9 900
9 910
9 971
9 985
9 1005
9 1226
9 1286
9 1337
9 1372
9 1598
9 1654
9 1656
9 1837
9 1979
9 1988
9 2023
9 2208
9 2316
9 2437
9 2438
9 2497
9 2809
9 3055
9 3182
9 3212
9 3306
9 3312
9 3463
9 3498
9 3667
9 3879
9 4150
9 4237
9 4315
9 4397
9 4459
9 4494
9 4913
9 4944
9 5347
9 5455
9 5735
9 5797
9 5804
9 5846
9 6095
9 6392
9 6471
9 6646
9 6941
9 7495
9 7588
9 7596
9 8116
9 8225
9 8344
9 8396
9 8760
9 8978
9 9063
9 9253
9 9634
9 9945
10 12
10 13
10 16
10 17
10 21
10 28
10 30
10 56
10 67
10 78
10 158
10 172
10 191
10 219
10 247
10 274
10 276
10 289
10 307
10 399
10 429
10 458
10 475
10 529
10 656
10 685
10 793
10 846
10 1124
10 1162
10 1206
10 1251
10 1252
10 1297
10 1299
10 1327
10 1343
10 1366
10 1423
10 1445
10 1516
10 1575
10 1596
10 1631
10 1761
10 1791
10 1803
10 1853
10 1869
10 1940
10 1944
10 1949
10 2035
10 2106
10 2127
10 2154
10 2199
10 2246
10 2624
10 2628
10 2636
10 2686
10 2712
10 2721
10 2728
10 2780
10 2872
10 3023
10 3210
10 3247
10 3450
10 3459
10 3513
10 3562
10 4067
10 4136
10 4146
10 4403
10 4515
10 4779
10 4875
10 5025
10 5264
10 5647
10 5776
10 5818
10 5965
10 6048
10 6199
10 6259
10 6474
10 6544
10 6860
10 6864
10 6875
10 7616
10 8008
10 8396
10 8436
10 8879
10 8914
10 9104
10 9609
10 9654
10 9663
10 9725
10 9993
11 13
11 14
11 52
11 78
11 90
11 99
11 231
11 314
11 526
11 567
11 623
11 950
11 987
11 1012
11 1045
11 1235
11 1275
11 1330
11 1355
11 1508
11 1518
11 1852
11 1901
11 1936
11 1944
11 2033
11 2251
11 2421
11 2484
11 2489
11 2743
11 2823
11 3212
11 3483
11 3599
11 3781
11 4044
11 6014
11 6334
11 7061
11 7367
11 7643
11 8659
11 8665
11 8764
11 9224
11 9244
11 9717
12 13
12 21
12 26
12 42
12 54
12 86
12 120
12 149
12 175
12 189
12 202
12 217
12 219
12 225
12 229
12 253
12 254
12 270
12 312
12 347
12 402
12 430
12 457
12 512
12 515
12 516
12 619
12 625
12 655
12 678
12 685
12 715
12 765
12 842
12 956
12 1086
12 1175
12 1177
12 1212
12 1259
12 1337
12 1339
12 1407
12 1481
12 1511
12 1669
12 1769
12 1773
12 1805
12 1835
12 1888
12 1893
12 1912
12 2034
12 2064
12 2093
12 2113
12 2261
12 2272
12 2370
12 2377
12 2417
12 2418
12 2494
12 2629
12 2679
12 2686
12 2726
12 2752
12 2812
12 2925
12 3104
12 3126
12 3180
12 3233
12 3417
12 3455
12 3481
12 3519
12 3594
12 3681
12 3712
12 3771
12 3778
12 3835
12 3861
12 3985
12 4042
12 4111
12 4118
12 4154
12 4175
12 4316
12 4350
12 4384
12 4436
12 4479
12 4566
12 4575
12 4677
12 4903
12 4911
12 4978
12 5009
12 5156
12 5163
12 5171
12 5172
12 5268
12 5387
12 5405
12 5517
12 5596
12 5638
12 5742
12 5843
12 5937
12 6648
12 6879
12 6951
12 6986
12 7256
12 7315
12 7460
12 7596
12 7769
12 7918
12 8200
12 8226
12 8300
12 8372
12 8490
12 8714
12 8975
12 9108
12 9117
12 9173
12 9262
12 9717
12 9766
13 19
13 46
13 130
13 139
13 150
13 189
13 199
13 252
13 297
13 390
13 519
13 521
13 562
13 686
13 714
13 763
13 928
13 929
13 943
13 990
13 1119
13 1217
13 1222
13 1285
13 1379
13 1474
13 1501
13 1557
13 1962
13 1993
13 2043
13 2080
13 2365
13 2407
13 2499
13 2619
13 2807
13 2840
13 3155
13 3291
13 3455
13 3554
13 3578
13 3590
13 3598
13 3599
13 3671
13 3802
13 3866
13 4243
13 4341
13 4343
13 4398
13 4415
13 4538
13 4681
13 5133
13 5249
13 5294
13 5778
13 6016
13 6114
13 6368
13 6684
13 7143
13 7231
13 7370
13 7550
13 7586
13 7804
13 7824
13 8063
13 8714
13 9007
13 9042
13 9171
13 9280
13 9374
13 9555
13 9602
13 9726
13 9874
13 9881
14 25
14 84
14 86
14 212
14 334
14 469
14 568
14 675
14 768
14 1127
14 1192
14 1197
14 1288
14 1416
14 1522
14 1922
14 2234
14 3173
14 3233
14 3257
14 4018
14 4023
14 4417
14 4455
14 4538
14 5618
14 5849
14 5889
14 6632
14 6911
14 7571
14 7899
14 8232
14 9225
14 9533
15 32
15 43
15 47
15 58
15 76
15 110
15 119
15 127
15 170
15 214
15 306
15 321
15 387
15 399
15 416
15 533
15 539
15 561
15 664
15 746
15 751
15 822
15 858
15 1052
15 1076
15 1117
15 1138
15 1144
15 1204
15 1381
15 1398
15 1621
15 1694
15 1703
15 1712
15 1997
15 3423
15 3565
15 3734
15 3741
15 3743
15 3799
15 3952
15 4215
15 4346
15 4401
15 4632
15 4729
15 4764
15 4878
15 4927
15 5199
15 5201
15 5306
15 6287
15 6677
15 7253
15 7383
15 7473
15 7568
15 7968
15 8472
15 8986
15 9054
15 9181
15 9188
15 9359
15 9431
15 9462
15 9492
15 9494
15 9511
15 9874
16 35
16 45
16 90
16 102
16 145
16 173
16 177
16 189
16 207
16 234
16 248
16 263
16 287
16 340
16 344
16 488
16 490
16 541
16 552
16 698
16 792
16 907
16 913
16 929
16 968
16 1014
16 1059
16 1068
16 1133
16 1172
16 1349
16 1357
16 1469
16 1526
16 1536
16 1559
16 1667
16 1982
16 2005
16 2012
16 2013
16 2252
16 2262
16 2272
16 2293
16 2319
16 2339
16 2719
16 2861
16 2884
16 3140
16 3322
16 3425
16 3782
16 3959
16 4210
16 4253
16 4346
16 4528
16 4531
16 4547
16 5087
16 5291
16 5555
16 5718
16 5753
16 5903
16 6038
16 6364
16 6534
16 6652
16 6660
16 6800
16 7017
16 7146
16 7461
16 7547
16 7559
16 7581
16 7670
16 7687
16 7792
16 7852
16 7909
16 7956
16 8097
16 8159
16 8217
16 8266
16 8300
16 8459
16 8560
16 8601
16 8635
16 8674
16 9268
16 9383
16 9509
16 9549
16 9875
17 19
17 20
17 23
17 28
17 39
17 84
17 97
17 117
17 155
17 163
17 175
17 185
17 223
17 304
17 317
17 362
17 383
17 412
17 455
17 547
17 555
17 622
17 660
17 677
17 705
17 719
17 739
17 887
17 894
17 935
17 1001
17 1006
17 1078
17 1125
17 1164
17 1212
17 1274
17 1278
17 1318
17 1504
17 1586
17 1615
17 2028
17 2035
17 2039
17 2058
17 2166
17 2296
17 2431
17 2500
17 2508
17 2551
17 2582
17 2633
17 2693
17 2724
17 2852
17 2947
17 3076
17 3123
17 3181
17 3394
17 3614
17 3633
17 3651
17 3655
17 3822
17 3841
17 3847
17 3891
17 3986
17 4224
17 4399
17 4681
17 4993
17 5093
17 5247
17 5261
17 5514
17 5654
17 5760
17 6012
17 6034
17 6091
17 6230
17 6367
17 6572
17 6694
17 6720
17 6916
17 7009
17 7192
17 7930
17 8014
17 8048
17 8272
17 8586
17 8800
17 8895
17 9043
17 9329
17 9510
17 9835
17 9853
18 134
18 364
18 517
18 868
18 1141
18 1406
18 3579
18 3907
18 4048
18 6740
18 6779
18 6844
18 7502
18 9171
19 289
19 387
19 670
19 820
19 1037
19 1043
19 1589
19 1717
19 1976
19 2129
19 2302
19 3018
19 3086
19 3089
19 3131
19 3245
19 3503
19 4006
19 4207
19 4364
19 4503
19 4918
19 5219
19 5342
19 5539
19 5995
19 7417
19 8220
19 8934
19 9071
20 23
20 49
20 77
20 80
20 114
20 153
20 254
20 273
20 280
20 300
20 308
20 327
20 355
20 356
20 373
20 418
20 471
20 500
20 515
20 560
20 632
20 674
20 828
20 861
20 868
20 886
20 899
20 933
20 943
20 1024
20 1033
20 1051
20 1056
20 1198
20 1203
20 1206
20 1273
20 1326
20 1351
20 1468
20 1535
20 1560
20 1561
20 1576
20 1604
20 1765
20 1903
20 2016
20 2053
20 2115
20 2123
20 2161
20 2214
20 2381
20 2532
20 2599
20 2646
20 2697
20 3018
20 3079
20 3143
20 3406
20 3524
20 3526
20 3535
20 3868
20 4178
20 4243
20 4265
20 4724
20 4742
20 4829
20 4984
20 5023
20 5154
20 5164
20 5244
20 5507
20 5540
20 5625
20 5698
20 5902
20 5903
20 6123
20 6361
20 6363
20 6640
20 6655
20 6772
20 6869
20 6872
20 7082
20 7153
20 7222
20 7969
20 7990
20 8080
20 8315
20 8400
20 8457
20 8998
20 9111
20 9292
20 9392
20 9415
20 9662
20 9744
21 24
21 31
21 66
21 124
21 133
21 276
21 295
21 508
21 574
21 673
21 806
21 852
21 952
21 977
21 1036
21 1048
21 1146
21 1174
21 1408
21 1714
21 1845
21 1893
21 1992
21 1995
21 2192
21 2334
21 2604
21 2628
21 3036
21 3152
21 3427
21 4180
21 4619
21 4677
21 5116
21 5149
21 5803
21 6040
21 6156
21 6382
21 6404
21 6455
21 6493
21 6775
21 7102
21 7845
21 7896
21 7987
21 8068
21 8227
21 8229
21 8939
21 9102
22 44
22 53
22 60
22 69
22 89
22 100
22 108
22 111
22 123
22 130
22 131
22 291
22 338
22 349
22 401
22 453
22 466
22 479
22 528
22 535
22 598
22 683
22 710
22 742
22 909
22 1163
22 1175
22 1342
22 1511
22 1519
22 1524
22 1612
22 1682
22 1700
22 1709
22 1784
22 1811
22 2134
22 2180
22 2270
22 2491
22 2964
22 3146
22 3285
22 3303
22 3396
22 3529
22 3700
22 3793
22 3943
22 4235
22 4566
22 4613
22 4645
22 4708
22 4954
22 4976
22 5144
22 5451
22 5595
22 5626
22 5784
22 5797
22 6023
22 6049
22 6080
22 6284
22 6358
22 6364
22 6423
22 6604
22 6609
22 6716
22 7084
22 7141
22 7145
22 7548
22 7786
22 7954
22 8908
22 8917
22 9085
22 9120
22 9217
22 9320
22 9742
23 412
23 646
23 702
23 1720
23 2018
23 2160
23 2663
23 3573
23 4089
23 5483
23 6556
23 6690
23 7768
24 33
24 38
24 58
24 85
24 138
24 184
24 185
24 239
24 281
24 357
24 456
24 577
24 581
24 865
24 1023
24 1071
24 1141
24 1390
24 1892
24 2102
24 2116
24 2345
24 2496
24 2653
24 2657
24 2829
24 3069
24 3218
24 3271
24 3404
24 3897
24 4163
24 4279
24 4566
24 4604
24 4635
24 4745
24 4903
24 5061
24 5304
24 5396
24 5437
24 6241
24 6405
24 6845
24 7214
24 7270
24 7536
24 8311
24 8813
24 9018
24 9204
24 9304
24 9510
24 9789
24 9917
25 28
25 128
25 217
25 225
25 246
25 248
25 492
25 629
25 791
25 824
25 854
25 932
25 999
25 1042
25 1069
25 1310
25 1459
25 1523
25 1560
25 1770
25 1891
25 1894
25 2067
25 2342
25 2379
25 2766
25 2898
25 3033
25 3548
25 3699
25 3964
25 4044
25 4119
25 4137
25 4950
25 5279
25 5320
25 5705
25 5733
25 6683
25 6777
25 7032
25 7301
25 7567
25 7712
25 7822
25 9157
25 9590
25 9655
25 9910
26 39
26 150
26 182
26 196
26 209
26 229
26 257
26 361
26 385
26 462
26 488
26 647
26 658
26 742
26 751
26 834
26 904
26 952
26 1227
26 1351
26 1365
26 1509
26 1528
26 1577
26 1599
26 1613
26 1662
26 1831
26 1832
26 1956
26 2242
26 2298
26 2449
26 2492
26 2493
26 2507
26 2565
26 2583
26 2643
26 2731
26 2801
26 2814
26 2905
26 2923
26 3432
26 3800
26 3969
26 4061
26 4305
26 4522
26 4578
26 4630
26 4697
26 4734
26 4814
26 4961
26 5226
26 5542
26 5588
26 5669
26 5760
26 5834
26 5960
26 5975
26 6106
26 6463
26 6545
26 6606
26 6629
26 6861
26 7543
26 8523
26 8544
26 8790
26 8846
26 8851
26 8858
26 9082
26 9410
26 9597
26 9809
27 31
27 35
27 36
27 37
27 45
27 55
27 68
27 72
27 82
27 99
27 113
27 126
27 136
27 141
27 157
27 198
27 224
27 266
27 300
27 331
27 370
27 388
27 407
27 438
27 445
27 455
27 549
27 550
27 595
27 600
27 733
27 889
27 891
27 1091
27 1198
27 1254
27 1359
27 1378
27 1436
27 1467
27 1505
27 1513
27 1521
27 1563
27 1638
27 1657
27 1664
27 1784
27 1893
27 2012
27 2015
27 2032
27 2061
27 2132
27 2275
27 2544
27 2641
27 2866
27 2868
27 2971
27 3032
27 3041
27 3045
27 3078
27 3149
27 3204
27 3360
27 3377
27 3642
27 3654
27 3688
27 3730
27 3754
27 3764
27 3856
27 3913
27 3917
27 3920
27 3924
27 4034
27 4051
27 4088
27 4127
27 4210
27 4251
27 4282
27 4283
27 4303
27 4476
27 4505
27 4801
27 4876
27 4958
27 4970
27 5107
27 5201
27 5340
27 5411
27 5563
27 5575
27 5687
27 5837
27 6455
27 6582
27 6999
27 7035
27 7252
27 8059
27 8391
27 8650
27 8932
27 9068
27 9086
27 9134
27 9199
27 9690
27 9791
27 9840
27 9969
28 31
28 37
28 41
28 55
28 56
28 59
28 71
28 138
28 166
28 170
28 188
28 194
28 195
28 262
28 266
28 307
28 325
28 350
28 353
28 439
28 442
28 465
28 466
28 482
28 505
28 571
28 630
28 645
28 658
28 691
28 701
28 767
28 814
28 841
28 898
28 915
28 981
28 1041
28 1087
28 1167
28 1221
28 1249
28 1303
28 1350
28 1353
28 1402
28 1425
28 1472
28 1499
28 1544
28 1757
28 1855
28 2051
28 2221
28 2464
28 2479
28 2664
28 2860
28 3047
28 3064
28 3093
28 3311
28 3319
28 3421
28 3952
28 4098
28 4448
28 4458
28 4510
28 4936
28 5176
28 5208
28 5323
28 5628
28 5972
28 6146
28 6169
28 6204
28 6263
28 6401
28 6502
28 6592
28 6681
28 6730
28 6739
28 6755
28 7519
28 8001
28 8724
28 9118
28 9450
29 33
29 35
29 89
29 98
29 220
29 226
29 341
29 367
29 378
29 409
29 508
29 553
29 564
29 669
29 721
29 798
29 809
29 828
29 844
29 892
29 946
29 1048
29 1095
29 1116
29 1382
29 1645
29 2278
29 2346
29 2362
29 2850
29 3231
29 3342
29 3605
29 3901
29 3973
29 4209
29 4601
29 4790
29 5347
29 5510
29 5551
29 5564
29 5833
29 6468
29 6884
29 7258
29 7412
29 7477
29 7489
29 7632
29 7672
29 7757
29 8255
29 9109
30 46
30 60
30 62
30 85
30 88
30 95
30 127
30 154
30 161
30 162
30 163
30 198
30 257
30 330
30 335
30 348
30 355
30 365
30 571
30 605
30 614
30 677
30 759
30 830
30 898
30 966
30 970
30 991
30 1056
30 1107
30 1186
30 1216
30 1250
30 1284
30 1359
30 1363
30 1480
30 1573
30 1759
30 1872
30 1995
30 2039
30 2065
30 2087
30 2089
30 2098
30 2102
30 2391
30 2609
30 2727
30 3071
30 3108
30 3292
30 3296
30 3313
30 3857
30 3863
30 4300
30 4381
30 4435
30 4707
30 4869
30 4927
30 4997
30 5007
30 5011
30 5180
30 5376
30 5641
30 5754
30 5787
30 6105
30 6482
30 6678
30 7235
30 7653
30 7854
30 8093
30 8184
30 8194
30 8201
30 8582
30 8800
30 9797
31 97
31 169
31 244
31 372
31 375
31 405
31 636
31 1222
31 1333
31 1391
31 1477
31 1730
31 1752
31 1854
31 2108
31 2331
31 2439
31 2564
31 2603
31 3608
31 3981
31 3983
31 4068
31 4821
31 5129
31 5302
31 5332
31 5635
31 5688
31 5701
31 6992
31 7563
31 7940
31 9299
31 9309
31 9341
31 9580
31 9773
31 9818
31 9998
32 50
32 63
32 65
32 129
32 155
32 176
32 187
32 281
32 394
32 444
32 496
32 584
32 634
32 817
32 948
32 1072
32 1347
32 1557
32 1627
32 2631
32 3267
32 3305
32 4058
32 4266
32 4720
32 4788
32 4931
32 5731
32 5930
32 6989
32 7163
32 7836
32 7908
32 8156
32 8204
32 9024
32 9112
32 9910
33 34
33 57
33 76
33 99
33 157
33 178
33 210
33 405
33 452
33 687
33 1018
33 1483
33 1545
33 2291
33 2453
33 2503
33 2510
33 2993
33 3106
33 3699
33 3994
33 4470
33 5229
33 5320
33 5458
33 6003
33 6539
33 7116
33 7222
33 7630
33 7778
33 8007
33 8331
33 9365
33 9705
34 183
34 306
34 330
34 481
34 613
34 618
34 689
34 855
34 907
34 959
34 998
34 1080
34 1126
34 1400
34 1496
34 1623
34 1760
34 1809
34 1839
34 1840
34 2130
34 2321
34 2514
34 3485
34 3561
34 3588
34 3724
34 3759
34 4790
34 5044
34 5212
34 5567
34 6130
34 6548
34 6881
34 7195
34 8233
34 8520
34 9309
34 9450
34 9548
35 36
35 40
35 51
35 52
35 68
35 100
35 114
35 124
35 135
35 142
35 177
35 179
35 185
35 191
35 197
35 240
35 251
35 268
35 271
35 288
35 311
35 313
35 326
35 542
35 552
35 583
35 714
35 730
35 751
35 857
35 874
35 900
35 1010
35 1020
35 1064
35 1090
35 1117
35 1130
35 1241
35 1396
35 1567
35 1597
35 1609
35 1624
35 1662
35 1695
35 1741
35 1768
35 1826
35 1856
35 1883
35 2086
35 2115
35 2202
35 2319
35 2403
35 2480
35 2601
35 2645
35 2667
35 2695
35 2745
35 2966
35 3080
35 3184
35 3203
35 3228
35 3614
35 3627
35 3691
35 3808
35 3882
35 3890
35 3988
35 3989
35 3990
35 4186
35 4252
35 4333
35 4366
35 4447
35 4456
35 4560
35 4624
35 4778
35 5043
35 5055
35 5231
35 5308
35 5330
35 5547
35 5669
35 5676
35 5782
35 5869
35 5950
35 6060
35 6116
35 6131
35 6142
35 6145
35 6299
35 6348
35 6359
35 6627
35 6694
35 6850
35 7304
35 7725
35 7774
35 7840
35 8183
35 8186
35 8553
35 8618
35 8730
35 8739
35 8821
35 8848
35 8900
35 9056
35 9271
35 9457
35 9502
35 9682
35 9713
36 67
36 110
36 205
36 237
36 301
36 305
36 323
36 331
36 397
36 540
36 699
36 956
36 1030
36 1527
36 1737
36 1874
36 1919
36 2266
36 2283
36 2481
36 3234
36 3249
36 3298
36 3359
36 3501
36 3873
36 4125
36 4259
36 4386
36 5067
36 5717
36 5737
36 5939
36 6170
36 6949
36 7631
36 7736
36 8247
36 8416
36 8844
36 9164
37 47
37 57
37 62
37 90
37 115
37 130
37 187
37 223
37 328
37 409
37 569
37 762
37 941
37 980
37 1029
37 1341
37 1379
37 1397
37 1608
37 1631
37 1651
37 1666
37 1763
37 1881
37 2517
37 2689
37 2954
37 2997
37 3025
37 3449
37 3865
37 4013
37 4014
37 4286
37 4457
37 5194
37 5403
37 6032
37 6068
37 6248
37 6965
37 8337
37 8763
37 9252
37 9620
37 9942
38 43
38 53
38 109
38 113
38 148
38 151
38 159
38 190
38 247
38 282
38 325
38 397
38 452
38 585
38 716
38 768
38 791
38 802
38 903
38 916
38 1055
38 1312
38 1363
38 1655
38 1697
38 1885
38 1952
38 2015
38 2328
38 2454
38 2464
38 2877
38 3117
38 3182
38 3205
38 3369
38 4005
38 4084
38 4100
38 4292
38 4489
38 4580
38 4729
38 5491
38 5933
38 6596
38 7216
38 7743
38 7908
38 8934
38 8986
38 9916
39 54
39 111
39 121
39 161
39 223
39 251
39 263
39 287
39 298
39 304
39 374
39 587
39 1194
39 1741
39 2095
39 2136
39 2358
39 2451
39 3242
39 3424
39 3432
39 3503
39 3757
39 4035
39 4843
39 4849
39 4952
39 5481
39 5653
39 5824
39 6357
39 6817
39 7513
39 9008
40 52
40 61
40 230
40 382
40 423
40 963
40 1748
40 1786
40 1825
40 2228
40 3091
40 4425
40 4637
40 5224
40 5408
40 6580
40 8425
41 55
41 73
41 76
41 194
41 203
41 503
41 597
41 624
41 659
41 872
41 1230
41 1771
41 3824
41 4080
41 4325
41 5171
41 6032
41 7330
41 7363
41 9372
41 9424
42 104
42 259
42 321
42 434
42 451
42 672
42 726
42 804
42 867
42 890
42 1087
42 1766
42 1808
42 2091
42 2193
42 2281
42 2461
42 2500
42 2968
42 3147
42 3165
42 3236
42 3333
42 3340
42 3354
42 3407
42 3615
42 3865
42 4046
42 4412
42 4887
42 5081
42 5277
42 5382
42 5383
42 5419
42 5583
42 5722
42 6027
42 7307
42 7380
42 7639
42 7662
42 8120
42 8572
42 9687
42 9693
42 9731
43 70
43 87
43 116
43 255
43 278
43 358
43 542
43 634
43 988
43 1019
43 1394
43 1739
43 2006
43 2037
43 2090
43 2344
43 2392
43 2934
43 4568
43 4919
43 5470
43 5909
43 5963
43 6622
43 7076
43 7311
43 7449
43 7657
43 7683
43 8544
43 8899
43 9605
43 9848
44 69
44 75
44 91
44 115
44 216
44 221
44 255
44 272
44 331
44 337
44 344
44 417
44 603
44 775
44 843
44 1029
44 1501
44 1695
44 1845
44 1882
44 2705
44 3010
44 3276
44 3429
44 4694
44 4808
44 4959
44 5128
44 5346
44 6121
44 6969
44 7073
44 7106
44 7857
44 7942
44 8077
44 9191
44 9338
45 171
45 300
45 314
45 343
45 352
45 499
45 777
45 875
45 1076
45 1147
45 1290
45 1328
45 1562
45 2006
45 3162
45 3632
45 3680
45 4385
45 5042
45 5631
45 6592
45 6723
45 7639
45 7854
45 8164
45 8503
45 9144
45 9304
46 51
46 87
46 96
46 119
46 178
46 236
46 238
46 244
46 326
46 327
46 349
46 366
46 439
46 671
46 674
46 966
46 1477
46 1514
46 1690
46 1697
46 1754
46 1782
46 1874
46 2071
46 2086
46 2648
46 2735
46 2930
46 3426
46 3541
46 3769
46 3843
46 4039
46 4754
46 4913
46 4987
46 5333
46 5595
46 5598
46 5737
46 5751
46 5908
46 6074
46 7789
46 8282
46 8311
46 8351
46 9164
46 9180
46 9477
47 56
47 64
47 68
47 279
47 530
47 808
47 853
47 969
47 1032
47 1881
47 1979
47 2359
47 2442
47 2539
47 2796
47 3520
47 3802
47 3872
47 4169
47 4202
47 4214
47 4285
47 4387
47 4399
47 4601
47 4663
47 4693
47 4815
47 4969
47 5199
47 6298
47 6325
47 6623
47 7189
47 7333
47 7391
47 7844
47 8102
47 8141
47 8753
47 8981
48 57
48 60
48 61
48 66
48 91
48 123
48 126
48 128
48 133
48 136
48 153
48 191
48 319
48 332
48 385
48 483
48 507
48 525
48 719
48 738
48 756
48 865
48 936
48 998
48 1027
48 1040
48 1204
48 1271
48 1273
48 1358
48 1486
48 1498
48 1547
48 1550
48 1607
48 1701
48 2135
48 2171
48 2186
48 2387
48 2400
48 2581
48 2649
48 2916
48 2936
48 2988
48 3071
48 3141
48 3156
48 3272
48 3275
48 3367
48 3491
48 3542
48 3638
48 3683
48 3807
48 4332
48 4555
48 4598
48 4627
48 4689
48 5226
48 5230
48 5314
48 5354
48 5362
48 5513
48 5571
48 5698
48 5846
48 6042
48 6158
48 6397
48 6919
48 7053
48 7088
48 7091
48 7172
48 7590
48 8066
48 8302
48 8409
48 9000
48 9017
48 9871
48 9981
49 59
49 64
49 74
49 95
49 98
49 107
49 125
49 127
49 129
49 144
49 170
49 196
49 227
49 235
49 261
49 386
49 458
49 513
49 565
49 578
49 727
49 828
49 838
49 939
49 1002
49 1598
49 1729
49 1738
49 1836
49 1871
49 1989
49 2056
49 2104
49 2243
49 2508
49 2567
49 2609
49 2639
49 3052
49 3081
49 3160
49 3221
49 3480
49 3525
49 3666
49 3954
49 4634
49 4775
49 4804
49 4834
49 5334
49 5381
49 5860
49 6103
49 6277
49 6577
49 6625
49 6801
49 7172
49 7273
49 7505
49 7554
49 7595
49 7666
49 7785
49 7848
49 8510
49 9078
49 9246
49 9300
49 9313
49 9317
49 9325
49 9337
49 9577
49 9700
50 51
50 58
50 65
50 82
50 224
50 256
50 264
50 363
50 383
50 434
50 570
50 712
50 725
50 1009
50 1087
50 1157
50 1285
50 1298
50 1578
50 1610
50 1716
50 1914
50 2009
50 2049
50 2163
50 2172
50 2543
50 2957
50 3150
50 3551
50 4030
50 4125
50 4230
50 4351
50 4556
50 4829
50 5073
50 5186
50 5371
50 5457
50 6018
50 6068
50 6613
50 6624
50 7717
50 7897
50 8031
50 8062
50 8093
50 9012
50 9870
51 196
51 208
51 262
51 280
51 290
51 430
51 439
51 472
51 481
51 582
51 591
51 1033
51 1057
51 1083
51 1299
51 1356
51 1496
51 1816
51 1906
51 1978
51 1987
51 2248
51 2269
51 2343
51 2447
51 2609
51 2777
51 2817
51 3173
51 3174
51 3267
51 3339
51 3424
51 3435
51 3538
51 3551
51 3653
51 3660
51 3788
51 4132
51 4951
51 5131
51 5431
51 5665
51 5745
51 5871
51 5884
51 6093
51 6214
51 6375
51 6388
51 6660
51 6776
51 6870
51 6882
51 7030
51 7266
51 8283
51 8519
51 8736
51 8860
51 9422
51 9811
51 9830
52 100
52 168
52 180
52 238
52 322
52 480
52 552
52 554
52 718
52 923
52 1008
52 1228
52 1670
52 1839
52 1925
52 2765
52 3639
52 4048
52 4728
52 4788
52 4984
52 5668
52 6148
52 7256
52 8127
52 8606
52 8691
52 9536
53 62
53 71
53 92
53 94
53 114
53 122
53 140
53 141
53 159
53 169
53 180
53 222
53 228
53 261
53 273
53 303
53 308
53 324
53 436
53 438
53 467
53 536
53 576
53 617
53 655
53 762
53 831
53 958
53 981
53 1086
53 1677
53 1744
53 1750
53 1805
53 1872
53 1919
53 2074
53 2133
53 2135
53 2167
53 2226
53 2291
53 2394
53 2486
53 2540
53 2584
53 2713
53 2766
53 2889
53 3059
53 3108
53 3260
53 3284
53 3629
53 3636
53 3767
53 3812
53 4595
53 4605
53 4642
53 4981
53 5247
53 5328
53 5929
53 5941
53 6338
53 6406
53 6454
53 6483
53 6735
53 7057
53 7259
53 7446
53 7490
53 7510
53 7512
53 7678
53 8057
53 8239
53 8285
53 8749
53 9334
53 9705
53 9719
53 9906
54 92
54 102
54 103
54 245
54 372
54 403
54 495
54 659
54 1052
54 1228
54 1462
54 1730
54 1919
54 2278
54 2462
54 2930
54 3006
54 3017
54 3019
54 3210
54 3257
54 3422
54 3685
54 3811
54 4658
54 4922
54 5124
54 5649
54 6400
54 6469
54 6581
54 6666
54 6821
54 6826
54 7015
54 7045
54 7466
54 8151
54 8830
55 102
55 104
55 381
55 558
55 590
55 615
55 834
55 911
55 947
55 975
55 1185
55 1246
55 1275
55 1807
55 1884
55 2472
55 2606
55 3373
55 3701
55 5080
55 5531
55 5703
55 8681
55 9029
55 9031
56 93
56 546
56 621
56 847
56 1360
56 1727
56 1745
56 2653
56 3255
56 7729
56 8471
57 92
57 427
57 586
57 596
57 777
57 1117
57 1155
57 1378
57 3656
57 3795
57 4567
57 8663
57 8852
57 9220
58 364
58 376
58 483
58 504
58 569
58 664
58 680
58 699
58 837
58 948
58 1521
58 1689
58 2501
58 2625
58 3403
58 3586
58 3719
58 3817
58 3963
58 4196
58 4675
58 4748
58 4902
58 6082
58 6527
58 6699
58 6707
58 7248
58 7993
58 8111
58 8570
58 9221
58 9458
59 74
59 96
59 108
59 120
59 205
59 209
59 236
59 275
59 292
59 329
59 342
59 388
59 395
59 458
59 489
59 524
59 546
59 568
59 609
59 819
59 1218
59 1666
59 1792
59 2174
59 2344
59 2445
59 2895
59 3004
59 3014
59 3025
59 3048
59 3625
59 3788
59 3860
59 4328
59 4631
59 4909
59 4971
59 5013
59 5071
59 5891
59 6527
59 7040
59 7071
59 7152
59 7193
59 7371
59 7860
59 7870
59 8120
59 8241
59 8261
59 8470
59 8503
59 8927
59 9056
59 9585
59 9592
59 9794
60 81
60 118
60 132
60 165
60 234
60 337
60 450
60 463
60 625
60 661
60 917
60 1003
60 1143
60 1197
60 1246
60 1321
60 1466
60 1474
60 1692
60 1726
60 1727
60 1745
60 1815
60 2148
60 2283
60 2733
60 2763
60 2864
60 3115
60 3474
60 4298
60 4301
60 4384
60 4519
60 4820
60 4850
60 5752
60 5951
60 6044
60 6074
60 6292
60 6572
60 6693
60 6759
60 7440
60 7564
60 7748
60 7968
60 8314
60 9165
60 9416
60 9543
60 9927
61 75
61 105
61 137
61 215
61 488
61 512
61 1066
61 1225
61 1524
61 1715
61 1748
61 1794
61 2527
61 3095
61 3255
61 3425
61 3700
61 5141
61 5768
61 6207
61 6285
61 6413
61 6978
61 7311
61 7737
61 8478
61 8557
62 126
62 173
62 186
62 197
62 203
62 232
62 648
62 720
62 1101
62 1102
62 1292
62 1342
62 1663
62 1776
62 2007
62 2038
62 2242
62 2495
62 3660
62 3692
62 4732
62 4747
62 4828
62 5092
62 7431
62 7487
62 8444
62 8461
62 9290
62 9702
63 70
63 83
63 142
63 149
63 160
63 288
63 336
63 507
63 561
63 573
63 690
63 730
63 732
63 789
63 849
63 917
63 1097
63 1230
63 1482
63 1501
63 1646
63 1862
63 1962
63 1964
63 2276
63 2435
63 2459
63 2483
63 2627
63 2735
63 2760
63 3068
63 3164
63 3287
63 3360
63 3381
63 3443
63 3484
63 3720
63 3822
63 3921
63 3945
63 4096
63 4108
63 4201
63 4368
63 4524
63 4543
63 4630
63 4874
63 4877
63 4942
63 4965
63 5059
63 5239
63 5259
63 5263
63 5438
63 5503
63 5592
63 6031
63 6147
63 6394
63 6439
63 6853
63 7005
63 7289
63 7541
63 7567
63 7593
63 8704
63 8713
63 8980
63 9130
63 9178
63 9561
63 9995
64 74
64 77
64 106
64 107
64 116
64 243
64 529
64 602
64 1243
64 1279
64 1896
64 1974
64 2849
64 2961
64 4002
64 5175
64 5754
64 5841
64 6052
64 6814
64 6861
64 7816
64 8880
65 73
65 85
65 93
65 131
65 135
65 164
65 197
65 230
65 253
65 291
65 371
65 413
65 421
65 483
65 524
65 547
65 567
65 725
65 827
65 853
65 975
65 1004
65 1053
65 1065
65 1137
65 1177
65 1210
65 1313
65 1458
65 1629
65 1710
65 1814
65 1896
65 1985
65 2412
65 2528
65 2751
65 2787
65 3720
65 3745
65 3780
65 3940
65 3957
65 4379
65 4739
65 4962
65 5781
65 5872
65 5923
65 6160
65 6162
65 6397
65 6535
65 6701
65 7259
65 7362
65 7479
65 7495
65 7636
65 7841
65 8206
65 8246
65 8393
65 8535
65 8692
65 8707
65 8775
65 8915
65 9581
66 161
66 294
66 896
66 994
66 1099
66 1236
66 1324
66 2370
66 3052
66 4816
66 5291
66 6778
66 7062
66 8113
66 8861
67 165
67 214
67 234
67 254
67 368
67 372
67 521
67 557
67 651
67 835
67 891
67 1271
67 2164
67 2305
67 2943
67 3280
67 3607
67 3983
67 4099
67 4132
67 4472
67 5077
67 5203
67 5388
67 6630
67 7511
67 7515
67 7960
67 8117
67 8155
67 8236
67 8441
67 8759
67 9574
67 9810
68 79
68 152
68 167
68 199
68 202
68 232
68 265
68 267
68 286
68 312
68 328
68 443
68 449
68 566
68 577
68 578
68 657
68 865
68 924
68 1054
68 1229
68 1264
68 1320
68 1323
68 1404
68 1493
68 1571
68 1585
68 1635
68 1685
68 1715
68 1735
68 1958
68 2000
68 2127
68 2187
68 2274
68 2335
68 2412
68 2414
68 2420
68 2505
68 2553
68 2559
68 2644
68 2743
68 2777
68 2785
68 2865
68 2890
68 3055
68 3238
68 3296
68 3379
68 3427
68 3678
68 3748
68 3786
68 3839
68 3864
68 4013
68 4019
68 4041
68 4608
68 4915
68 5376
68 5454
68 5579
68 5607
68 5886
68 5968
68 5987
68 6096
68 6148
68 6379
68 7350
68 7414
68 8350
68 8873
68 8876
68 9338
68 9603
68 9605
69 140
69 295
69 796
69 1013
69 1041
69 1134
69 1817
69 1903
69 2046
69 2201
69 2256
69 2351
69 2547
69 2925
69 2964
69 3685
69 3868
69 4349
69 4676
69 4974
69 4983
69 5634
69 6411
69 6457
69 7614
69 7991
69 8294
69 8332
69 8546
69 9354
70 147
70 156
70 240
70 632
70 863
70 871
70 908
70 1271
70 1710
70 2002
70 2909
70 2921
70 3477
70 3581
70 3968
70 5388
70 6205
70 6363
70 7314
70 7336
70 7757
70 8884
71 143
71 182
71 496
71 563
71 582
71 635
71 697
71 971
71 1049
71 1158
71 1207
71 1270
71 1326
71 1437
71 1494
71 1655
71 1660
71 1739
71 1860
71 2538
71 2582
71 2779
71 2923
71 3046
71 3276
71 4178
71 4987
71 5302
71 5406
71 5460
71 5794
71 5996
71 6211
71 6217
71 6453
71 6464
71 6730
71 6760
71 7620
71 8209
71 8399
71 8603
71 9404
71 9607
72 106
72 119
72 264
72 516
72 588
72 793
72 1579
72 2279
72 2669
72 2863
72 4653
72 7131
72 7324
72 7498
72 8033
72 8600
72 8934
72 9547
73 141
73 146
73 156
73 188
73 201
73 212
73 375
73 499
73 536
73 546
73 548
73 551
73 735
73 763
73 805
73 844
73 989
73 1094
73 1170
73 1268
73 1438
73 1460
73 1706
73 1736
73 1760
73 1913
73 2021
73 2028
73 2179
73 2200
73 2409
73 2704
73 2803
73 2885
73 3332
73 3377
73 3456
73 3555
73 3777
73 3992
73 4774
73 4813
73 4843
73 5008
73 5258
73 5270
73 5608
73 5715
73 5719
73 5899
73 5989
73 6163
73 6321
73 6362
73 6599
73 6840
73 7399
73 7842
73 8537
73 8667
73 8849
73 9659
73 9703
74 101
74 132
74 188
74 209
74 342
74 447
74 626
74 640
74 807
74 817
74 970
74 973
74 1011
74 1079
74 1665
74 2032
74 2185
74 2821
74 2857
74 2883
74 3114
74 3686
74 4576
74 4682
74 4777
74 4941
74 5066
74 5324
74 5416
74 6278
74 6761
74 8855
74 9499
74 9675
74 9958
75 94
75 129
75 146
75 274
75 363
75 506
75 512
75 700
75 1022
75 1084
75 1476
75 2038
75 2458
75 3108
75 3355
75 3402
75 4172
75 4618
75 5114
75 5796
75 6075
75 6568
75 7747
75 7818
75 8719
75 9837
76 77
76 135
76 176
76 200
76 213
76 387
76 673
76 811
76 848
76 904
76 1030
76 1140
76 1725
76 2000
76 2087
76 2156
76 2533
76 3203
76 3221
76 3486
76 3894
76 4287
76 4602
76 4762
76 5457
76 5510
76 6437
76 7147
76 7831
76 8901
76 9052
76 9072
76 9410
76 9828
77 113
77 368
77 435
77 1809
77 2784
77 3921
77 4347
77 6126
77 6227
77 6336
77 6646
77 7063
77 7281
77 7525
77 7994
77 8529
77 9285
78 80
78 107
78 253
78 317
78 319
78 348
78 369
78 399
78 543
78 558
78 587
78 661
78 849
78 853
78 921
78 945
78 1145
78 1387
78 1399
78 1419
78 1488
78 1517
78 1602
78 1798
78 2232
78 2347
78 2516
78 2802
78 3103
78 3151
78 3367
78 3631
78 3927
78 4126
78 4312
78 4348
78 4737
78 5248
78 5454
78 5763
78 5774
78 5922
78 6083
78 6428
78 6770
78 6968
78 7012
78 7073
78 7199
78 7365
78 7521
78 7845
78 8054
78 8669
78 8752
78 9147
78 9190
78 9323
78 9533
78 9679
78 9859
79 503
79 1401
79 2270
79 2369
79 2691
79 3440
79 3495
79 3549
79 4222
79 5018
79 5223
79 5349
79 5385
79 6367
79 6677
79 7535
79 9444
80 133
80 198
80 222
80 318
80 347
80 391
80 432
80 459
80 688
80 1241
80 1551
80 2011
80 2875
80 3307
80 3352
80 3846
80 3918
80 4920
80 5003
80 5301
80 5570
80 5832
80 5856
80 6752
80 8266
80 8368
80 8636
80 9907
81 106
81 155
81 226
81 269
81 401
81 406
81 516
81 549
81 642
81 872
81 944
81 1056
81 1289
81 1303
81 1423
81 1702
81 1963
81 1969
81 2091
81 2238
81 2407
81 2589
81 2595
81 2635
81 3503
81 3535
81 3656
81 3774
81 3888
81 4079
81 4127
81 4252
81 4378
81 4611
81 4775
81 5009
81 5089
81 5110
81 5641
81 5784
81 5953
81 5999
81 6024
81 6096
81 6107
81 6374
81 6492
81 6570
81 6578
81 7149
81 7490
81 7505
81 7762
81 7836
81 8661
81 8909
81 9160
81 9418
81 9508
81 9678
82 323
82 495
82 504
82 706
82 1657
82 2962
82 4107
82 4820
82 4942
82 5289
82 5478
82 7589
82 8167
82 8340
82 8717
82 9310
82 9512
82 9668
83 96
83 109
83 180
83 199
83 221
83 260
83 275
83 286
83 302
83 389
83 409
83 444
83 534
83 794
83 821
83 1260
83 1405
83 1574
83 1762
83 1870
83 1876
83 2305
83 2324
83 2555
83 2991
83 3086
83 3180
83 3237
83 3295
83 3421
83 3693
83 3748
83 4105
83 4372
83 4541
83 4796
83 5075
83 5111
83 5327
83 5403
83 5929
83 6163
83 6811
83 7342
83 7351
83 7617
83 8276
83 8367
83 9064
83 9167
83 9177
83 9415
83 9498
84 140
84 351
84 355
84 373
84 494
84 574
84 611
84 1345
84 1364
84 1684
84 2011
84 2021
84 2369
84 2831
84 2871
84 3139
84 3820
84 4333
84 5423
84 5761
84 5793
84 6127
84 7166
84 7353
84 8078
84 8671
84 9519
85 105
85 118
85 142
85 143
85 164
85 204
85 210
85 213
85 218
85 258
85 265
85 291
85 356
85 410
85 464
85 466
85 558
85 560
85 620
85 830
85 927
85 1047
85 1163
85 1180
85 1221
85 1512
85 1544
85 1554
85 1744
85 1829
85 1950
85 1956
85 2130
85 2188
85 2218
85 2417
85 2864
85 3148
85 3367
85 3373
85 3616
85 4045
85 4082
85 4891
85 5014
85 5955
85 6470
85 6792
85 7015
85 7031
85 7393
85 7458
85 7958
85 8096
85 8181
85 8373
85 8387
85 9129
85 9711
85 9780
86 103
86 111
86 134
86 138
86 144
86 216
86 313
86 315
86 329
86 381
86 391
86 402
86 419
86 446
86 465
86 551
86 681
86 749
86 787
86 880
86 921
86 947
86 967
86 992
86 1037
86 1301
86 1426
86 1441
86 1607
86 1850
86 1942
86 2093
86 2247
86 2515
86 2516
86 2674
86 2729
86 2784
86 2885
86 3170
86 3486
86 3576
86 3888
86 4087
86 4167
86 4362
86 4650
86 4878
86 4887
86 4941
86 5252
86 5819
86 5912
86 5990
86 6094
86 6572
86 7934
86 7956
86 8116
86 8763
86 8788
86 8879
87 118
87 648
87 897
87 1164
87 1391
87 1596
87 1824
87 2523
87 3504
87 5292
87 5479
87 6832
87 7651
87 9421
88 241
88 330
88 436
88 1066
88 2453
88 2736
88 2748
88 3236
88 4087
88 4096
88 4339
88 4447
88 4769
88 5497
88 6113
88 7402
88 7772
88 8132
89 523
89 1714
89 4797
89 8982
89 9340
89 9939
90 226
90 233
90 237
90 1035
90 1853
90 2521
90 2619
90 3238
90 4657
90 5373
90 6443
90 7720
90 7739
90 7935
91 121
91 146
91 233
91 396
91 492
91 518
91 615
91 654
91 666
91 716
91 826
91 840
91 1005
91 1115
91 1162
91 1273
91 1529
91 1563
91 1695
91 1879
91 1940
91 2007
91 2082
91 2213
91 2224
91 2229
91 2373
91 2410
91 2704
91 2728
91 3083
91 3266
91 3269
91 3368
91 3626
91 3716
91 4195
91 4196
91 4218
91 4708
91 4801
91 5580
91 5675
91 5723
91 5822
91 5876
91 5906
91 5974
91 6953
91 7113
91 7910
91 7928
91 9336
92 192
92 421
92 556
92 604
92 794
92 839
92 1008
92 1028
92 1607
92 1869
92 1940
92 1950
92 2269
92 2674
92 2742
92 2773
92 2976
92 3632
92 4002
92 4519
92 4654
92 5093
92 6300
92 6789
92 7300
92 7722
92 8186
92 8404
92 8768
92 9065
92 9546
93 104
93 122
93 125
93 369
93 405
93 647
93 670
93 1577
93 1693
93 1836
93 2819
93 2886
93 4050
93 4138
93 5134
93 5419
93 7653
93 8260
93 8594
93 9909
93 9970
94 112
94 367
94 460
94 484
94 565
94 566
94 592
94 598
94 992
94 1040
94 1076
94 1129
94 2228
94 2367
94 2880
94 3168
94 3176
94 3737
94 4073
94 4515
94 4992
94 5158
94 5287
94 5621
94 6134
94 6136
94 6526
94 6664
94 7486
94 8189
94 9892
95 124
95 162
95 326
95 630
95 901
95 960
95 996
95 1005
95 1078
95 1384
95 2100
95 2158
95 2408
95 2415
95 2475
95 2903
95 2917
95 3128
95 3655
95 4112
95 4174
95 4244
95 4329
95 4625
95 5697
95 5713
95 6138
95 6252
95 6980
95 7190
95 7481
95 7941
95 8577
95 9775
95 9890
95 9979
96 1875
96 5344
96 7894
97 109
97 259
97 427
97 514
97 556
97 591
97 884
97 931
97 945
97 997
97 1069
97 1488
97 1952
97 2055
97 2577
97 2664
97 2801
97 3024
97 3031
97 3186
97 3625
97 4445
97 4473
97 5068
97 5319
97 6761
97 7253
97 7482
97 7815
97 7830
97 8024
97 8253
97 9186
97 9513
97 9577
97 9681
97 9900
98 278
98 388
98 456
98 594
98 611
98 691
98 1267
98 1481
98 1793
98 2359
98 3082
98 4832
98 5007
98 5259
98 6438
98 7293
98 8195
98 9017
98 9303
99 105
99 523
99 744
99 753
99 786
99 1046
99 1314
99 1519
99 1996
99 3070
99 3226
99 4654
99 5237
99 5532
99 5878
99 5915
99 6748
99 7007
99 7296
99 7520
99 8013
99 8027
99 8334
99 8554
99 8695
99 8823
99 9183
100 241
100 271
100 504
100 660
100 951
100 1167
100 1591
100 3307
100 3463
100 3590
100 3679
100 4491
100 4850
100 6316
100 6341
100 6560
100 6768
100 7045
100 7650
100 7817
100 7858
100 8873
101 193
101 523
101 795
101 814
101 1119
101 1161
101 1184
101 1272
101 1889
101 2111
101 2681
101 3058
101 3191
101 3351
101 3677
101 3799
101 4575
101 4609
101 5276
101 6187
101 8739
102 1288
102 2323
102 4610
102 6759
102 6900
102 8037
102 9972
103 229
103 255
103 535
103 550
103 585
103 599
103 626
103 715
103 840
103 993
103 1061
103 1243
103 1413
103 1428
103 1433
103 1492
103 1514
103 1674
103 1811
103 1939
103 1980
103 2697
103 3195
103 3329
103 3560
103 4513
103 4640
103 4654
103 5185
103 5350
103 5866
103 5878
103 6421
103 6569
103 7022
103 7431
103 7733
103 7739
103 8053
103 8552
103 9116
103 9587
103 9904
104 317
104 402
104 540
104 3872
104 4046
104 4141
104 4877
104 5519
104 7159
104 7475
104 8376
105 115
105 139
105 282
105 305
105 364
105 386
105 612
105 672
105 899
105 1214
105 1393
105 1659
105 2371
105 2870
105 3079
105 3408
105 3651
105 3991
105 4373
105 4981
105 5029
105 5294
105 5512
105 5564
105 5606
105 6105
105 6607
105 6713
105 6859
105 7041
105 8732
106 184
106 1446
106 1456
106 2613
107 440
107 2031
107 2182
107 2658
107 2670
107 4313
107 5317
107 9020
108 237
108 1082
108 1264
108 1569
108 1764
108 2080
108 2672
108 4552
108 4597
108 5082
108 6461
108 6554
108 7277
108 9035
109 150
109 179
109 181
109 217
109 422
109 485
109 596
109 607
109 710
109 842
109 877
109 946
109 1077
109 1217
109 1301
109 1320
109 1534
109 1556
109 1719
109 1750
109 1947
109 1955
109 2119
109 2491
109 2524
109 2760
109 3169
109 3473
109 3799
109 3816
109 3894
109 4023
109 4095
109 4571
109 4754
109 4849
109 4896
109 5068
109 5136
109 5172
109 5623
109 6362
109 6445
109 6465
109 7826
109 8210
109 8603
109 9524
109 9550
109 9983
110 174
110 204
110 426
110 587
110 1013
110 1621
110 3363
110 6064
110 6705
111 147
111 208
111 755
111 782
111 924
111 1110
111 1146
111 1779
111 2402
111 2554
111 2746
111 2800
111 2839
111 3066
111 3833
111 4085
111 4190
111 4513
111 4927
111 5209
111 5473
111 6069
111 6495
111 6966
111 7211
111 7381
111 7644
111 8415
111 9843
112 520
112 2271
112 4147
112 6150
112 8997
113 235
113 713
113 748
113 797
113 1112
113 1458
113 1833
113 1987
113 2455
113 3071
113 3721
113 7119
113 8343
113 9675
114 208
114 756
114 1062
114 1123
114 1174
114 1255
114 1849
114 3257
114 3320
114 3596
114 3655
114 3887
114 3917
114 5757
114 5919
114 7721
114 8795
114 9399
114 9895
115 166
115 167
115 220
115 239
115 244
115 285
115 424
115 579
115 708
115 1237
115 1240
115 2193
115 3399
115 4337
115 5199
115 6920
115 7169
115 8049
115 8436
115 8711
115 9879
116 162
116 190
116 667
116 753
116 1134
116 1155
116 1220
116 1425
116 1431
116 1515
116 1556
116 1921
116 1961
116 2246
116 3328
116 3392
116 3438
116 3739
116 4804
116 5597
116 5732
116 6373
116 8914
117 236
117 289
117 297
117 356
117 419
117 486
117 1227
117 1315
117 1570
117 2054
117 2141
117 2966
117 3446
117 3456
117 3495
117 3732
117 4418
117 4558
117 5433
117 5652
117 5814
117 5892
117 7451
117 7472
117 7580
117 8336
117 9477
118 151
118 228
118 377
118 406
118 623
118 669
118 798
118 840
118 910
118 919
118 1638
118 1871
118 2634
118 3287
118 4336
118 4540
118 4640
118 5165
118 5405
118 5488
118 5668
118 5828
118 6463
118 6540
118 6584
118 7070
118 7538
118 8295
118 9778
119 125
119 624
119 795
119 1114
119 1142
119 1146
119 2069
119 2302
119 2428
119 3483
119 3558
119 4158
119 4436
119 5665
119 9347
119 9846
120 204
120 211
120 371
120 464
120 636
120 869
120 1038
120 2127
120 2927
120 8229
120 8258
120 8709
121 152
121 160
121 311
121 371
121 385
121 393
121 476
121 895
121 1256
121 1359
121 1479
121 1612
121 1635
121 2612
121 2629
121 2856
121 3153
121 3578
121 3793
121 4999
121 5661
121 5765
121 6501
121 7164
121 7247
121 7556
121 7646
121 8625
121 8972
122 147
122 382
122 593
122 683
122 750
122 785
122 861
122 1130
122 1171
122 1593
122 1830
122 2173
122 2238
122 2696
122 3059
122 3357
122 4960
122 5233
122 5537
122 5582
122 6226
122 6733
122 7810
122 8630
122 9114
122 9152
122 9333
123 346
123 877
123 2159
123 3534
123 3653
123 4072
123 4340
123 4415
123 5169
123 5368
123 9264
124 174
124 186
124 207
124 309
124 379
124 456
124 477
124 502
124 749
124 854
124 893
124 906
124 943
124 1169
124 1255
124 2465
124 2739
124 3009
124 3639
124 3698
124 3747
124 4010
124 4255
124 4322
124 4530
124 5504
124 5513
124 5738
124 6345
124 6373
124 6550
124 6771
124 6775
124 6842
124 6955
124 8398
124 8673
124 8843
124 9141
124 9196
124 9570
124 9657
125 174
125 314
125 776
125 952
125 1036
125 1288
125 1308
125 1579
125 4338
125 4946
125 5217
125 5572
125 6034
125 6424
125 6838
125 6844
125 6877
125 8216
125 8732
125 8742
126 183
126 200
126 227
126 538
126 684
126 734
126 1006
126 1038
126 1205
126 1812
126 1954
126 2128
126 2285
126 2558
126 2768
126 2893
126 3168
126 3271
126 3543
126 3564
126 3785
126 4862
126 4863
126 4944
126 4973
126 5056
126 5103
126 6200
126 6212
126 6342
126 6875
126 7881
126 8502
126 9100
126 9535
127 139
127 215
127 309
127 336
127 445
127 487
127 696
127 732
127 1053
127 1152
127 1219
127 2104
127 2262
127 2872
127 3050
127 3532
127 4143
127 4200
127 4230
127 4318
127 5122
127 5638
127 6484
127 6792
127 7625
127 7697
127 8453
128 145
128 301
128 782
128 1100
128 1171
128 1298
128 1462
128 1463
128 1489
128 1595
128 2268
128 2465
128 2787
128 2949
128 3137
128 3992
128 4410
128 4415
128 5552
128 6366
128 6567
128 6823
128 7947
129 158
129 242
129 451
129 564
129 1239
129 1248
129 1306
129 1345
129 1528
129 2083
129 2244
129 2760
129 2913
129 3095
129 3749
129 4065
129 5197
129 7829
129 8262
129 8856
129 9296
129 9941
130 132
130 267
130 404
130 413
130 424
130 451
130 603
130 618
130 800
130 839
130 862
130 879
130 994
130 1018
130 1130
130 1225
130 1357
130 1465
130 1625
130 1717
130 1793
130 1818
130 2053
130 2274
130 2441
130 2489
130 2584
130 2797
130 3259
130 3293
130 3806
130 3825
130 3901
130 3906
130 4618
130 4748
130 4826
130 4944
130 5182
130 5888
130 5927
130 6079
130 6269
130 7706
130 8232
130 8526
130 8773
130 9323
130 9383
130 9984
131 177
131 354
131 487
131 499
131 520
131 554
131 666
131 833
131 879
131 1028
131 1169
131 1266
131 1274
131 1443
131 1533
131 1542
131 1594
131 1951
131 1957
131 2060
131 2488
131 3334
131 3648
131 3811
131 3923
131 4449
131 4651
131 4662
131 4678
131 5132
131 5313
131 5569
131 5773
131 5970
131 6132
131 6165
131 6180
131 6401
131 6808
131 8742
131 9055
131 9106
131 9242
132 167
132 246
132 252
132 323
132 425
132 501
132 544
132 602
132 610
132 620
132 628
132 746
132 806
132 945
132 1275
132 1276
132 1426
132 1524
132 1659
132 1775
132 3277
132 3903
132 4272
132 4311
132 4568
132 4909
132 5084
132 5331
132 6598
132 6944
132 8412
132 8824
132 9207
132 9457
132 9478
132 9852
133 256
133 415
133 707
133 889
133 939
133 1664
133 1910
133 1962
133 2097
133 2212
133 2222
133 2239
133 2436
133 2652
133 2800
133 2887
133 2972
133 3894
133 4068
133 4149
133 4522
133 4557
133 5019
133 5488
133 5824
133 6681
133 7526
133 7868
133 8166
133 8213
133 8258
133 8898
133 9553
134 157
134 179
134 293
134 345
134 491
134 754
134 813
134 844
134 979
134 1054
134 1088
134 1090
134 1389
134 1556
134 1658
134 1785
134 2046
134 2107
134 2884
134 2900
134 3440
134 4390
134 4413
134 4477
134 5601
134 5712
134 5828
134 6110
134 6279
134 6311
134 7365
134 7966
134 8056
134 8129
134 8414
134 8901
134 9011
134 9458
134 9598
135 285
135 296
135 354
135 440
135 744
135 977
135 1047
135 2532
135 2833
135 3219
135 3347
135 3446
135 4217
135 4475
135 5991
135 6397
135 6810
135 7701
135 7795
135 8180
135 9530
136 442
136 850
136 940
136 1233
136 1368
136 1586
136 1953
136 2135
136 2630
136 3072
136 3752
136 3820
136 4897
136 5085
136 8482
137 143
137 359
137 461
137 555
137 607
137 1011
137 1689
137 2066
137 2386
137 2702
137 3659
137 3708
137 5587
137 6077
137 6297
137 6632
137 7783
137 8330
137 9380
138 835
138 863
138 3378
138 8681
139 340
139 437
139 617
139 681
139 901
139 965
139 1200
139 1302
139 1370
139 2003
139 2114
139 2285
139 2355
139 2366
139 2686
139 2789
139 3226
139 3436
139 3516
139 3570
139 3724
139 4297
139 4338
139 4835
139 5102
139 5412
139 5779
139 5864
139 6396
139 7599
139 8389
139 8420
139 8521
139 8742
139 8838
139 9454
139 9661
139 9681
140 374
140 1070
140 1926
140 2419
140 3588
140 5677
140 7943
140 8395
140 9502
141 231
141 890
141 2361
141 2364
141 2506
141 2606
141 3860
141 4507
141 5267
141 7821
141 9274
141 9952
142 310
142 322
142 411
142 629
142 664
142 5666
142 8014
143 310
143 370
143 648
143 738
143 804
143 881
143 1081
143 1232
143 1658
143 2331
143 2354
143 3944
143 4361
143 4534
143 4607
143 4716
143 4872
143 5150
143 5278
143 5314
143 6891
143 7214
143 7758
143 8110
143 8927
143 9324
143 9988
144 192
144 264
144 352
144 380
144 457
144 485
144 735
144 790
144 1096
144 1914
144 2170
144 2296
144 2650
144 2692
144 3104
144 3928
144 4207
144 4503
144 4928
144 5341
144 6954
144 7121
144 8045
144 8890
144 8958
144 8988
145 2857
145 7721
145 7925
145 9170
145 9407
146 241
146 362
146 553
146 609
146 745
146 914
146 1133
146 1649
146 1887
146 2467
146 2511
146 4328
146 4608
146 5289
146 5325
146 5380
146 6116
146 7732
146 7908
146 9069
146 9728
147 327
147 410
147 460
147 955
147 964
147 1891
147 2650
147 3262
147 3745
147 4227
147 7325
148 1973
148 2637
148 3479
148 3738
148 9153
148 9321
148 9843
149 729
149 850
150 200
150 274
150 311
150 374
150 433
150 537
150 686
150 701
150 951
150 1085
150 1155
150 1394
150 2097
150 2353
150 2611
150 3211
150 3394
150 6022
150 6395
150 6553
150 6801
150 8191
151 280
151 446
151 457
151 652
151 728
151 808
151 883
151 896
151 1053
151 1183
151 1278
151 1361
151 1604
151 2076
151 2309
151 2504
151 3252
151 3552
151 3903
151 4066
151 4184
151 4455
151 4524
151 5844
151 6257
151 6646
151 7218
151 7234
151 7332
151 7733
151 7765
151 8209
151 8686
151 8860
151 8933
151 9039
151 9218
151 9641
152 441
152 988
152 1187
152 1496
152 1865
152 2100
152 2260
152 2887
152 4227
152 4674
152 4946
152 9151
152 9617
153 367
153 454
153 590
153 638
153 735
153 882
153 1178
153 1613
153 1700
153 2050
153 2234
153 2330
153 3033
153 5646
153 6207
153 6425
153 6857
153 8080
153 8375
153 8398
153 8823
153 8847
153 9865
154 248
154 283
154 333
154 447
154 500
154 511
154 542
154 627
154 678
154 683
154 695
154 758
154 797
154 889
154 1068
154 1099
154 1241
154 1268
154 1466
154 1498
154 1588
154 1957
154 2067
154 2070
154 2399
154 2491
154 2662
154 2709
154 2827
154 3084
154 3155
154 3201
154 3254
154 3343
154 3508
154 3920
154 3990
154 4101
154 4390
154 4660
154 4719
154 5132
154 5198
154 5298
154 5355
154 5689
154 6080
154 6250
154 6519
154 6525
154 6685
154 7118
154 7445
154 7730
154 7891
154 8067
154 8827
154 9329
154 9677
154 9781
155 206
155 541
155 1387
155 5334
155 5651
155 7584
156 1231
156 1497
156 1895
156 3284
156 7116
156 7535
157 224
157 440
157 551
157 619
157 775
157 792
157 1673
157 1890
157 2380
157 3351
157 3577
157 3967
157 4302
157 4739
157 4883
157 5056
157 5101
157 5249
157 5710
157 5935
157 6180
157 6509
157 7044
157 8360
157 8700
157 9155
157 9414
158 192
158 345
158 376
158 467
158 538
158 560
158 645
158 688
158 819
158 1188
158 1199
158 1405
158 1456
158 1706
158 1798
158 1877
158 1937
158 2960
158 3587
158 3653
158 4279
158 4717
158 5018
158 5062
158 5916
158 6398
158 6641
158 7079
158 8109
158 8127
158 8562
158 9763
159 172
159 173
159 256
159 429
159 463
159 519
159 665
159 765
159 858
159 1038
159 1499
159 1601
159 1682
159 1776
159 2823
159 2835
159 3000
159 3128
159 3414
159 3670
159 3717
159 4152
159 4623
159 4715
159 4841
159 5225
159 5743
159 6339
159 6637
159 7308
160 171
160 205
160 216
160 384
160 450
160 514
160 528
160 539
160 601
160 855
160 929
160 940
160 998
160 1031
160 1315
160 1452
160 1976
160 2167
160 2204
160 2456
160 2710
160 3403
160 4364
160 4703
160 4731
160 4773
160 4949
160 5232
160 5424
160 6552
160 7339
160 7974
160 7982
160 8015
160 8450
160 9360
160 9653
160 9680
160 9881
160 9913
160 9968
160 9991
161 276
161 293
161 334
161 342
161 398
161 410
161 609
161 639
161 643
161 694
161 800
161 987
161 1135
161 1313
161 1316
161 1364
161 2340
161 2360
161 2830
161 3089
161 3418
161 4092
161 4247
161 4498
161 5193
161 5438
161 6006
161 6317
161 6372
161 7616
161 8108
161 8316
161 8605
161 9102
161 9595
162 279
162 283
162 428
162 736
162 859
162 2014
162 3158
162 3344
162 4140
162 6692
162 6708
162 7508
162 8310
162 8570
162 9940
163 211
163 377
163 510
163 537
163 777
163 963
163 1423
163 1707
163 1723
163 1724
163 1996
163 2953
163 7183
163 7716
163 7834
163 7869
163 8273
163 9174
164 701
164 755
164 896
164 1375
164 1383
164 1442
164 1744
164 2511
164 2797
164 2800
164 2895
164 2931
164 3336
164 4101
164 4352
164 5345
164 7898
164 8281
164 9393
165 290
165 633
165 712
165 898
165 1279
165 1645
165 2628
165 5405
165 5437
165 5461
165 6220
165 7076
165 7870
165 9496
166 694
166 746
166 1256
166 1486
166 2183
166 3560
166 4057
166 4176
166 6723
166 7283
166 7627
166 7930
166 7954
167 240
167 281
167 380
167 564
167 866
167 942
167 969
167 1173
167 1213
167 1291
167 1337
167 1352
167 1410
167 1701
167 1719
167 2134
167 2183
167 2345
167 2932
167 3298
167 3355
167 3370
167 3908
167 4460
167 5108
167 5150
167 5486
167 5933
167 6112
167 6275
167 6345
167 6346
167 6987
167 7537
167 7729
167 8059
167 8950
167 8998
167 9041
167 9042
167 9067
167 9556
167 9562
167 9631
168 171
168 346
168 470
168 937
168 1097
168 1098
168 1376
168 1464
168 1516
168 1895
168 2413
168 2638
168 2872
168 2950
168 3654
168 4173
168 4970
168 6056
168 7427
168 7474
168 7646
168 8049
168 8208
168 8668
168 9304
169 334
169 351
169 1352
169 1353
169 1384
169 1422
169 1616
169 1653
169 2348
169 3376
169 4099
169 4350
169 5924
169 5969
169 7093
169 7383
169 7805
169 8195
169 8948
169 9285
170 301
170 302
170 376
170 468
170 469
170 498
170 652
170 731
170 1445
170 2079
170 2813
170 3235
170 3297
170 5395
170 7570
170 8828
171 218
171 250
171 293
171 745
171 870
171 956
171 1009
171 1475
171 1776
171 1799
171 2276
171 2784
171 2816
171 2943
171 3140
171 3178
171 3478
171 3924
171 4078
171 4810
171 4833
171 5493
171 6061
171 6102
171 6385
171 6437
171 6524
171 6670
171 6927
171 6985
171 7063
171 7107
171 7423
171 7439
171 7731
171 7828
171 7915
171 7944
171 7978
171 8733
171 9036
171 9723
171 9850
171 9920
172 228
172 273
172 361
172 822
172 879
172 1453
172 2362
172 2426
172 2713
172 2910
172 4910
172 5555
172 5815
172 5852
172 6665
172 7492
172 7918
172 8213
172 8439
172 8636
172 9197
172 9352
172 9885
173 210
173 1077
173 1508
173 1833
173 2762
173 3826
173 4791
173 5484
174 182
174 242
174 260
174 947
174 2368
174 5875
174 6528
175 310
175 639
175 3640
175 3721
175 4871
175 5599
176 688
176 1310
176 1762
176 3237
176 3264
176 3523
176 4011
176 4137
176 4812
176 5157
176 6990
176 7229
176 9926
177 278
177 729
177 892
177 1847
177 2048
177 2345
177 2718
177 2956
177 3167
177 3483
177 3570
177 4234
177 4555
177 4732
177 5880
177 7086
177 7436
177 8549
177 8887
177 9072
177 9802
178 742
178 3420
178 5118
178 7223
178 7407
178 9948
179 193
179 1265
179 4197
179 5441
179 5937
179 7478
180 299
180 382
180 509
180 841
180 1555
180 2436
180 2596
180 3760
180 3933
180 7131
180 8226
181 313
181 1307
181 4121
181 6287
181 8963
181 9440
182 413
182 772
182 891
182 902
182 984
182 1211
182 1786
182 1802
182 1879
182 3035
182 3609
182 4261
182 5355
182 5891
182 6251
182 7532
182 8320
182 9215
182 9574
183 235
183 247
183 435
183 815
183 1924
183 2280
183 2808
183 3120
183 3306
183 3659
183 3783
183 3943
183 3984
183 4258
183 4873
183 5790
183 5881
183 6122
183 7035
183 7309
183 8017
183 8859
183 9033
183 9110
183 9880
184 232
184 270
184 272
184 284
184 316
184 366
184 540
184 666
184 824
184 848
184 965
184 1118
184 1297
184 1314
184 1347
184 1852
184 2148
184 2202
184 2361
184 2367
184 2924
184 3244
184 3380
184 3428
184 3674
184 3870
184 4586
184 4911
184 4976
184 5015
184 5253
184 5615
184 5744
184 5804
184 5858
184 6045
184 6087
184 6303
184 6387
184 6408
184 6812
184 6989
184 7119
184 7171
184 7312
184 7319
184 7502
184 8008
184 8325
184 9606
184 9790
184 9873
185 262
185 272
185 436
185 527
185 706
185 1001
185 1035
185 1152
185 1244
185 1515
185 1583
185 1950
185 2078
185 2118
185 2155
185 2246
185 2265
185 2322
185 2587
185 2918
185 3158
185 4525
185 4668
185 4707
185 4718
185 5260
185 5286
185 6104
185 6109
185 6751
185 6831
185 7655
185 7999
185 8747
185 9028
186 384
186 572
186 593
186 693
186 773
186 776
186 906
186 1245
186 1949
186 5983
186 5992
186 7394
186 7901
186 9058
186 9984
187 243
187 1151
187 2717
187 4127
187 5521
187 7435
187 8212
187 9427
188 829
188 3297
188 3375
188 3439
188 4009
188 4188
188 4447
188 4940
188 5357
188 5480
188 6813
188 7068
188 8554
188 9482
189 249
189 606
189 827
189 860
189 904
189 971
189 995
189 1263
189 1734
189 1767
189 2059
189 2239
189 3058
189 3196
189 3334
189 3527
189 4181
189 4264
189 4295
189 5328
189 6885
189 8061
189 9916
190 268
190 292
190 437
190 605
190 665
190 702
190 805
190 856
190 1150
190 1308
190 1361
190 1546
190 1589
190 1849
190 2136
190 2171
190 2498
190 3414
190 3666
190 3730
190 4104
190 4111
190 4404
190 4723
190 5051
190 5351
190 5467
190 5841
190 5881
190 7810
190 8310
190 8595
190 8830
190 9651
191 1077
191 2552
191 8119
192 259
192 449
192 491
192 692
192 1015
192 1955
192 1986
192 2235
192 2654
192 3156
192 4155
192 4541
192 4542
192 4749
192 4786
192 5115
192 5472
192 5490
192 5711
192 6390
192 6746
192 7050
192 7694
192 7803
192 7842
192 8228
192 8824
192 8834
192 9351
192 9631
193 563
193 690
193 1113
193 1131
193 1648
193 2716
193 3611
193 5802
193 6255
193 7609
193 8716
194 195
194 1180
194 2078
194 2332
194 2365
194 2542
194 3225
194 4011
194 4271
194 4947
194 5039
194 5443
194 7246
195 220
195 302
195 482
195 514
195 679
195 818
195 977
195 1078
195 1226
195 1308
195 1686
195 1969
195 2188
195 2198
195 2241
195 2673
195 3113
195 3376
195 3766
195 3951
195 4105
195 5072
195 6354
195 6501
195 6726
195 7462
195 8038
195 8245
195 9154
195 9672
195 9951
196 324
196 597
196 1404
196 1671
196 1681
196 2353
196 2411
196 3069
196 3178
196 3496
196 5059
196 6352
196 7095
196 9928
197 2152
197 4595
197 7283
198 239
198 365
198 476
198 838
198 1074
198 1193
198 2092
198 2460
198 2651
198 2702
198 3047
198 3253
198 3709
198 4197
198 4646
198 5183
198 5343
198 5793
198 7237
198 9346
199 201
199 472
199 493
199 695
199 860
199 920
199 1139
199 1182
199 1304
199 1978
199 3077
199 4392
199 5228
199 7903
199 8945
200 249
200 533
200 1558
200 3011
200 4752
200 7905
201 215
201 270
201 453
201 537
201 582
201 637
201 785
201 792
201 985
201 1016
201 1425
201 1464
201 1665
201 1746
201 1842
201 2080
201 2218
201 2471
201 2843
201 2890
201 3144
201 3584
201 4276
201 4281
201 4450
201 4610
201 4652
201 4846
201 5577
201 6226
201 6352
201 6529
201 6866
201 7699
201 7874
201 8040
201 8333
202 358
202 468
202 475
202 654
202 681
202 695
202 781
202 1178
202 1381
202 1477
202 1608
202 1838
202 2003
202 2044
202 2446
202 2887
202 3249
202 4202
202 4379
202 4523
202 4761
202 5586
202 5968
202 6131
202 6679
202 6734
202 7170
202 7847
202 7969
202 8128
202 8429
202 8930
202 9627
202 9660
203 1017
203 1236
203 1270
203 1346
203 1727
203 2368
203 3189
203 3389
203 3537
203 4011
203 4054
203 6109
203 7677
203 7816
203 8023
203 9693
204 211
204 296
204 460
204 734
204 771
204 788
204 976
204 1294
204 1625
204 2021
204 2217
204 2223
204 2538
204 3650
204 4047
204 4233
204 4626
204 5159
204 5527
204 6147
204 6567
204 6623
204 6797
204 7005
204 7074
204 7097
204 7734
205 503
205 799
205 1162
205 1679
205 1749
205 2639
205 2967
205 3150
205 3164
205 3179
205 5512
205 5591
205 5964
205 6186
205 6240
205 6862
205 7121
205 7378
205 8308
205 9563
206 1640
206 1972
206 2911
206 2914
206 3065
206 3094
206 3333
206 5549
206 5763
206 6948
206 7361
206 7599
206 7895
206 8773
207 214
207 219
207 577
207 606
207 616
207 700
207 784
207 902
207 913
207 1309
207 1369
207 1392
207 1572
207 1769
207 1830
207 1912
207 2096
207 2308
207 2456
207 2624
207 2937
207 3321
207 3494
207 3515
207 3813
207 3919
207 4191
207 4375
207 5083
207 5497
207 5934
207 6119
207 6473
207 6509
207 6598
207 7317
207 7334
207 7474
207 7560
207 7745
207 8380
207 8581
207 8590
207 8648
207 8877
207 9720
208 268
208 2418
208 2557
208 3743
208 3788
208 8005
208 8081
209 250
209 359
209 1026
209 1847
209 2200
209 2738
209 3030
209 4110
209 6356
209 7454
209 8283
209 9489
209 9645
209 9738
209 9868
209 9924
210 527
210 1084
210 1708
210 1930
210 2010
210 2049
210 2172
210 2536
210 2837
210 2983
210 3019
210 3700
210 3831
210 3885
210 4070
210 4110
210 4320
210 4517
210 4806
210 5101
210 5809
210 6033
210 6199
210 6206
210 6431
210 7048
210 7321
210 7626
210 7915
210 8015
210 9159
210 9303
211 811
211 826
211 831
211 999
211 1979
211 2692
211 2737
211 2789
211 5417
211 6727
211 7245
212 266
212 498
212 510
212 1098
212 1324
212 4216
212 5492
212 5527
212 8960
213 227
213 319
213 341
213 470
213 2955
213 3061
213 3222
213 4556
213 4589
213 4850
213 5877
213 6434
213 6672
213 7284
213 7501
213 8134
214 279
214 379
214 599
214 600
214 645
214 926
214 1010
214 1417
214 1475
214 1995
214 2563
214 2875
214 3264
214 4026
214 4256
214 4492
214 4697
214 4831
214 5853
214 5965
214 6128
214 6424
214 6665
214 7096
214 7870
214 9504
214 9593
214 9600
214 9699
214 9872
214 9896
215 246
215 269
215 392
215 477
215 480
215 550
215 628
215 728
215 764
215 769
215 845
215 923
215 934
215 979
215 1025
215 1073
215 1137
215 1160
215 1247
215 1267
215 1353
215 1443
215 1542
215 1543
215 1559
215 1719
215 1737
215 1766
215 1850
215 2175
215 2190
215 2249
215 2294
215 2350
215 2378
215 2385
215 2612
215 2755
215 2795
215 2830
215 2851
215 3308
215 3352
215 3460
215 3482
215 3576
215 4017
215 4019
215 4029
215 4328
215 4407
215 4542
215 4548
215 4623
215 4644
215 4664
215 4733
215 4800
215 5069
215 5306
215 5369
215 5423
215 5499
215 5630
215 5847
215 5914
215 6311
215 6389
215 6406
215 6831
215 7710
215 7915
215 8469
215 9439
215 9509
216 315
216 332
216 394
216 425
216 573
216 621
216 647
216 727
216 786
216 876
216 881
216 893
216 919
216 923
216 1234
216 1334
216 1413
216 1449
216 1619
216 1646
216 1722
216 1791
216 1897
216 2033
216 2058
216 2176
216 2245
216 2310
216 2468
216 2505
216 2803
216 2981
216 3015
216 3097
216 3897
216 5073
216 5179
216 5355
216 5636
216 6473
216 6701
216 7052
216 7173
216 7269
216 9472
216 9549
216 9779
217 357
217 633
217 1060
217 2243
217 2360
217 2425
217 2589
217 4688
217 6041
217 7160
217 7363
217 7430
218 420
218 432
218 443
218 918
218 2132
218 3457
218 3922
218 5315
218 5377
218 6048
218 7046
218 8595
219 613
219 679
219 849
219 1120
219 1348
219 5670
219 6307
219 7036
219 8882
219 9425
220 525
220 765
220 2084
220 2577
220 2786
220 3315
220 3971
220 4250
220 5861
220 7111
220 8282
221 449
221 672
221 1151
221 1631
221 1999
221 2532
221 3174
221 3208
221 4145
221 4514
221 5170
221 5245
221 5670
221 6426
221 7648
222 583
222 1043
222 1193
222 1632
222 5386
222 5616
222 5777
222 6123
222 8085
222 8921
223 320
223 487
223 545
223 857
223 1691
223 1961
223 2052
223 2706
223 2741
223 3248
223 4906
223 5695
223 6531
223 7943
223 8807
223 8923
223 9803
224 298
224 325
224 400
224 602
224 833
224 976
224 1674
224 2385
224 3385
224 5647
224 5914
224 6071
224 6513
224 6619
224 9532
225 539
225 730
225 825
225 862
225 985
225 1095
225 1678
225 2235
225 3462
225 4389
225 7134
225 7637
226 676
226 1319
226 2439
226 4799
226 4837
226 5673
226 6461
226 8109
226 9222
227 267
227 393
227 404
227 535
227 734
227 791
227 875
227 907
227 1051
227 1068
227 1624
227 1692
227 1803
227 2793
227 3010
227 3802
227 3992
227 5109
227 6253
227 6424
227 6519
227 7213
227 8437
227 8878
227 9479
227 9595
227 9957
228 250
228 298
228 359
228 431
228 556
228 561
228 750
228 873
228 1110
228 1234
228 1244
228 1922
228 1941
228 2255
228 2274
228 2488
228 3228
228 3366
228 3725
228 4442
228 4535
228 5266
228 5875
228 5924
228 6047
228 7943
228 7944
228 9349
228 9918
229 1018
229 5550
229 9654
230 283
230 339
230 478
230 1100
230 1268
230 1347
230 1414
230 1485
230 1788
230 2698
230 3719
230 3772
230 3819
230 5764
230 5947
230 6058
230 6326
230 6496
230 6977
230 7395
230 7398
230 7508
230 7604
230 8352
230 8607
230 8865
230 9348
230 9632
230 9772
231 529
231 1116
231 2316
231 2789
231 3262
231 6570
231 9083
232 468
232 1688
232 1992
232 2075
232 2445
232 2961
232 3803
232 6339
232 8296
233 318
233 555
233 2024
233 2159
233 2319
233 2592
233 3434
233 3571
233 4307
233 4506
233 5783
233 6822
233 7447
233 8224
233 8981
233 9629
233 9649
233 9794
234 261
234 416
234 501
234 659
234 1109
234 1142
234 1154
234 2682
234 3021
234 3030
234 3628
234 4081
234 4269
234 4323
234 4895
234 5446
234 6545
234 6874
234 8074
234 8088
234 9382
235 275
235 788
235 1142
235 1712
235 1809
235 2379
235 2810
235 3206
235 3241
235 3438
235 3750
235 4047
235 4757
235 5057
235 5177
235 5335
235 7294
235 7301
235 7892
236 249
236 340
236 655
236 941
236 1361
236 1723
236 2263
236 2910
236 3211
236 3550
236 3888
236 5400
236 7542
236 8878
236 9495
236 9665
237 1824
237 2122
237 8130
238 245
238 392
238 441
238 732
238 747
238 859
238 1041
238 1131
238 1261
238 1393
238 2077
238 2180
238 2394
238 2525
238 2689
238 2717
238 3101
238 3201
238 3228
238 3775
238 3961
238 4988
238 5615
238 5773
238 6895
238 7198
238 8301
238 8513
238 8945
238 9241
238 9434
238 9565
239 324
239 407
239 461
239 1168
239 3463
239 5220
239 5329
239 6517
240 450
240 511
240 784
240 1131
240 1737
240 2088
240 2203
240 2757
240 3175
240 3314
240 4066
240 4424
240 4454
240 8078
240 8224
240 9220
241 1042
241 1204
241 1900
241 2359
241 2710
241 3089
241 3411
241 3472
241 3962
241 4570
241 4783
241 5478
241 6365
241 7051
241 7425
241 8070
241 8805
241 9709
242 378
242 417
242 474
242 812
242 1015
242 1751
242 2870
242 2990
242 3177
242 3261
242 3696
242 3855
242 5959
242 7699
242 7777
242 8039
242 8885
242 9774
243 727
243 2614
243 3515
243 4228
243 6085
243 7007
243 8841
244 530
244 1025
244 1321
244 1358
244 2288
244 2393
244 2586
244 2859
244 4776
245 650
245 1045
245 1198
245 1300
245 1860
245 1983
245 2245
245 2398
245 2493
245 2526
245 2527
245 2649
245 3002
245 3363
245 3595
245 4571
245 4793
245 4896
245 5012
245 5053
245 5105
245 5197
245 5668
245 5682
245 7055
245 7619
245 7751
245 8180
245 8953
245 9707
245 9740
246 277
246 292
246 350
246 435
246 585
246 711
246 754
246 774
246 1055
246 1145
246 1178
246 1196
246 1240
246 1536
246 1581
246 2154
246 2273
246 2413
246 2512
246 3220
246 3372
246 4851
246 5317
246 5404
246 6664
246 7765
246 7916
246 7982
246 7991
246 9187
246 9634
246 9837
246 9952
247 265
247 391
247 464
247 885
247 1028
247 2034
247 3206
247 3353
247 3368
247 3619
247 3879
247 4132
247 7833
247 9609
248 343
248 513
248 717
248 1429
248 2452
248 3402
248 4297
248 4367
248 4497
248 5940
248 6788
248 7390
248 7707
248 7895
248 8022
248 8597
248 9180
248 9633
248 9797
249 398
249 616
249 1688
249 2334
249 3376
249 3703
249 4636
249 5327
249 7738
249 8571
250 421
250 5363
250 6969
251 434
251 834
251 958
251 1166
251 2806
251 3426
251 5111
251 5963
251 7598
251 7610
251 8726
251 9105
252 315
252 321
252 423
252 536
252 773
252 1096
252 1617
252 2780
252 3294
252 5505
252 5797
252 6562
252 8286
252 8585
252 9173
252 9267
252 9589
252 9684
253 320
253 332
253 366
253 671
253 703
253 927
253 928
253 1093
253 1185
253 1350
253 1597
253 1620
253 1687
253 1714
253 1813
253 1868
253 2372
253 2393
253 2876
253 2922
253 3183
253 3369
253 3489
253 4040
253 4179
253 4396
253 5508
253 6256
253 6328
253 6353
253 6626
253 6841
253 7039
253 7181
253 7524
253 7895
253 8039
253 8315
253 8384
253 8601
253 8610
253 9363
253 9474
253 9558
253 9614
253 9670
253 9699
253 9735
253 9886
254 1360
254 3204
254 4110
254 4378
254 4642
254 5663
254 5895
254 8209
254 9985
255 500
255 562
255 600
255 996
255 1062
255 1372
255 2774
255 2845
255 3897
255 6253
255 6537
255 7101
255 7282
255 8154
255 8242
255 8442
255 9604
256 740
256 1002
256 2293
256 2809
256 2933
256 3419
256 6734
256 7032
256 7564
256 8631
257 453
257 586
257 693
257 760
257 838
257 1247
257 1753
257 1810
257 2065
257 2949
257 4394
257 4604
257 4884
257 4905
257 7465
257 7663
257 8113
257 9114
258 414
258 425
258 428
258 572
258 848
258 980
258 1143
258 1330
258 1482
258 1636
258 2040
258 3210
258 3488
258 4697
258 4811
258 6013
258 6093
258 7361
258 8371
259 486
259 766
259 851
259 976
259 1074
259 1220
259 1684
259 2473
259 3132
259 3165
259 3346
259 4615
259 4861
259 6166
259 8063
260 288
260 306
260 379
260 404
260 408
260 489
260 496
260 541
260 837
260 915
260 1201
260 1322
260 1371
260 1427
260 1478
260 1843
260 1982
260 2267
260 2440
260 2490
260 3148
260 3178
260 3230
260 3345
260 3412
260 3575
260 3669
260 3674
260 4162
260 4371
260 4770
260 5128
260 5300
260 5853
260 5861
260 6638
260 6733
260 7067
260 7294
260 7424
260 7724
260 7995
260 8737
260 8789
260 8819
260 9134
260 9487
260 9820
261 353
261 624
261 856
261 1698
261 1782
261 5065
261 8929
261 9172
261 9406
262 635
262 1707
262 2649
262 3214
262 3791
262 7998
263 810
263 1026
263 1209
263 2327
263 3937
263 6290
264 277
264 415
264 417
264 515
264 1819
264 2471
264 6014
264 6507
264 7010
264 9779
265 1080
265 1471
265 1705
265 1846
265 1856
265 1938
265 2236
265 2700
265 2866
265 3705
265 4169
265 4259
265 5099
265 5145
265 5307
265 5447
265 5870
265 6275
265 8599
265 9379
266 357
266 433
266 462
266 1367
266 1450
266 2104
266 2216
266 2770
266 4057
266 5299
266 5458
266 5620
266 6158
266 6736
266 6765
266 8550
266 8780
267 369
267 531
267 562
267 595
267 687
267 737
267 758
267 1568
267 1747
267 1796
267 2508
267 2627
267 2672
267 2827
267 2895
267 2985
267 3308
267 3712
267 3912
267 3985
267 4057
267 4294
267 4359
267 4678
267 4766
267 5005
267 5092
267 5402
267 5686
267 6145
267 6456
267 7369
267 7545
267 7762
267 8237
267 8468
267 8491
267 9018
267 9188
267 9417
268 344
268 448
268 525
268 617
268 936
268 960
268 982
268 1544
268 1759
268 2862
268 3005
268 3352
268 3419
268 4581
268 4924
268 5609
268 6217
268 7110
268 7169
268 7570
268 8276
268 8309
268 8665
268 9668
269 305
269 384
269 644
269 888
269 922
269 954
269 1156
269 1402
269 1407
269 1898
269 4510
269 6433
269 6670
269 7890
269 9851
270 1114
270 1186
270 1520
270 3760
270 4431
270 4659
270 7389
271 299
271 339
271 1306
271 1654
271 2111
271 2141
271 2232
271 2250
271 2712
271 2759
271 2798
271 2987
271 3768
271 3980
271 4113
271 4232
271 4454
271 5610
271 5693
271 5854
271 8313
272 709
272 1182
272 1467
272 1620
272 1787
272 1936
272 2328
272 2332
272 2622
272 2630
272 3085
272 3280
272 3769
272 4709
272 5602
272 6014
272 6518
272 6781
272 7112
272 7318
272 7351
272 8461
272 8466
272 9025
272 9195
273 964
273 1021
273 1168
273 1944
273 2048
273 2103
273 2326
273 2410
273 2468
273 2843
273 2983
273 2986
273 3302
273 3619
273 4162
273 4726
273 5030
273 5672
273 8595
274 294
274 307
274 393
274 534
274 1091
274 1253
274 1724
274 1900
274 1943
274 2587
274 2758
274 4588
274 4780
274 5331
274 7438
275 352
275 377
275 544
275 699
275 991
275 1106
275 1139
275 1386
275 1618
275 1948
275 1967
275 2166
275 2336
275 2605
275 2656
275 2973
275 3716
275 4669
275 5034
275 5707
275 5750
275 5987
275 6049
275 6095
275 6544
275 7406
275 8520
275 8949
275 9491
275 9531
276 591
276 762
276 1401
276 1928
276 2463
276 2489
276 2690
276 3131
276 4287
276 4693
276 8031
276 9284
276 9688
276 9745
277 338
277 427
277 622
277 673
277 1567
277 1627
277 1738
277 1918
277 1972
277 3540
277 4147
277 4275
277 5013
277 5238
277 5879
277 7494
277 7703
277 8571
277 9903
278 1848
278 3185
278 9419
279 2729
279 3256
279 4544
279 6850
279 7004
279 9802
280 414
280 455
280 1648
280 2658
280 3496
280 3557
280 3703
280 5558
280 6092
280 6872
280 8979
280 9097
280 9786
281 348
281 661
281 836
281 4818
281 5980
281 9516
281 9833
282 360
282 426
282 1999
282 3309
282 3350
282 5255
282 5361
282 9121
282 9626
283 295
283 400
283 702
283 797
283 959
283 1157
283 1461
283 1656
283 1928
283 2000
283 2020
283 2182
283 2231
283 3693
283 3784
283 4205
283 4662
283 4963
283 5251
283 5658
283 5823
283 6019
283 6192
283 6288
283 6319
283 6783
283 7593
283 8944
283 9271
283 9772
284 303
284 726
284 803
284 1138
284 1215
284 1277
284 2730
284 2947
284 3675
284 4240
284 5001
284 5425
284 5477
284 7292
284 8786
284 9413
285 308
285 733
285 1433
285 1597
285 1683
285 2178
285 2438
285 3229
285 4349
285 4430
285 4866
285 5816
285 6450
285 7229
285 7380
285 7536
285 8698
285 9781
286 502
286 875
286 2882
286 3889
286 4258
286 6347
286 7323
286 7354
286 7693
286 8634
287 304
287 1122
287 1460
287 3862
287 6476
287 7067
287 8984
288 497
288 548
288 565
288 631
288 816
288 819
288 870
288 1344
288 2913
288 2933
288 3062
288 3102
288 3554
288 3875
288 4290
288 5342
288 5648
288 7019
288 7332
288 7377
288 7517
288 8021
288 8344
288 8839
288 9740
288 9800
289 395
289 493
289 614
289 743
289 846
289 1089
289 1463
289 2814
289 2829
289 2854
289 3445
289 3563
289 3893
289 3983
289 4198
289 5245
289 5566
289 5610
289 6528
289 7381
289 7441
289 7934
289 8369
289 9908
289 9914
290 887
290 1673
290 1783
290 1788
290 2019
290 2401
290 4129
290 6273
290 8816
291 329
291 361
291 416
291 1316
291 1398
291 1437
291 1663
291 1713
291 1847
291 1941
291 2571
291 3110
291 3976
291 4296
291 4581
291 4686
291 5142
291 5749
291 6657
291 7045
291 7741
291 8056
291 8343
291 8618
291 8718
291 8994
291 9242
292 297
292 1004
292 1148
292 2252
292 2450
292 2938
292 3010
292 4027
292 7557
292 7893
292 8250
292 8567
293 3414
294 1083
294 1311
294 2255
294 3615
294 3620
294 3676
294 3744
294 3915
294 4241
294 4488
294 4504
294 5229
294 5461
294 5807
294 6384
294 7053
294 7426
294 7446
294 7764
295 736
295 1111
295 2945
295 3977
295 4554
295 5410
295 5413
295 7254
295 8765
295 9012
296 689
296 868
296 1072
296 1505
296 1641
296 1713
296 2304
296 2335
296 2757
296 3679
296 3715
296 4864
296 4966
296 5342
296 5927
296 6000
296 7519
296 8091
296 8105
296 8145
296 8149
296 8525
297 335
297 362
297 646
297 785
297 1034
297 1454
297 1564
297 2175
297 2250
297 2317
297 2561
297 2752
297 3338
297 3470
297 3811
297 4388
297 4419
297 5392
297 5612
297 6666
297 6743
297 7823
297 8146
297 8575
297 8711
297 9659
298 316
298 812
298 940
298 1177
298 1181
298 1208
298 2001
298 2982
298 3124
298 3310
298 4215
298 5383
298 6043
298 7502
299 392
299 608
299 1583
299 1627
299 1704
299 4448
299 5780
299 8553
300 318
300 349
300 513
300 839
300 1406
300 1918
300 2038
300 2064
300 2240
300 2407
300 3808
300 6869
300 8604
300 8921
301 3910
301 3958
301 5374
301 5967
301 7107
301 7789
301 8367
302 495
302 1612
302 1927
302 4990
302 4997
302 6549
302 7724
302 9488
303 911
303 1263
303 2103
303 4687
304 320
304 412
304 459
304 518
304 597
304 1540
304 1903
304 2429
304 2530
304 2581
304 2778
304 2863
304 3810
304 4419
304 4635
304 4662
304 8940
304 9098
304 9158
304 9411
305 467
305 478
305 482
305 878
305 1330
305 1571
305 1890
305 2194
305 2687
305 2753
305 2902
305 3112
305 3758
305 3805
305 4163
305 4407
305 5386
305 5727
305 6436
305 7013
305 7254
305 7519
305 9281
306 470
306 723
306 812
306 1138
306 1859
306 2034
306 2064
306 4596
306 4787
306 6905
306 6950
306 7227
306 7443
307 418
307 637
307 1003
307 1634
307 1834
307 1897
307 1904
307 2050
307 2062
307 2523
307 2883
307 3034
307 3040
307 3359
307 3982
307 4143
307 4273
307 4324
307 4794
307 4931
307 5367
307 5562
307 5771
307 5835
307 6434
307 6597
307 7001
307 7075
307 7150
307 7713
307 7902
307 7920
307 7961
307 9257
307 9573
307 9762
308 611
308 705
308 1584
308 7716
308 8733
309 411
309 441
309 1089
309 1100
309 1136
309 1161
309 1194
309 1214
309 1226
309 1388
309 1670
309 2338
309 2364
309 2548
309 2776
309 3039
309 3300
309 3304
309 3316
309 3392
309 3418
309 4371
309 4493
309 4801
309 5538
309 5998
309 6071
309 6177
309 6823
309 7093
309 7694
309 8466
309 8537
309 8724
309 8748
309 8856
309 8977
309 9240
309 9680
310 1181
310 1703
310 2898
310 6747
310 7758
310 9670
311 694
311 780
311 796
311 821
311 1111
311 1128
311 1538
311 1990
311 3736
311 3843
311 4496
311 4533
311 5896
311 5938
311 6376
311 8002
311 9096
311 9132
312 1795
312 3968
312 5312
312 7098
312 9526
313 627
313 778
313 990
313 2143
313 2212
313 2353
313 2875
313 4033
313 4094
313 4592
313 4689
313 4832
313 4898
313 5489
313 6080
313 6154
313 6602
313 7375
313 8828
314 390
314 1292
314 4358
314 6457
314 9673
314 9873
315 507
315 1372
315 1404
315 1485
315 1530
315 1722
315 1794
315 2125
315 2176
315 2191
315 4247
315 4315
315 4353
315 4410
315 4421
315 6204
315 6893
315 7122
315 8298
315 8444
315 8617
315 8758
316 471
316 1127
316 2216
316 2646
316 3534
316 5590
316 6289
317 519
317 521
317 807
317 832
317 864
317 968
317 1336
317 1367
317 2507
317 2539
317 2552
317 2878
317 3486
317 3975
317 4583
317 7286
318 517
318 766
318 2189
318 2327
318 3869
318 4526
318 5070
318 6638
318 6815
318 6931
318 7976
319 1964
319 2666
319 3177
319 6247
319 6302
319 6793
320 567
320 636
320 814
320 1025
320 1132
320 1205
320 1258
320 2120
320 2509
320 3642
320 3839
320 4082
320 8654
321 650
321 749
321 1165
321 1192
321 1261
321 1462
321 1611
321 1828
321 1930
321 2078
321 2121
321 2191
321 2317
321 2434
321 2566
321 3102
321 3342
321 3998
321 4015
321 4147
321 4504
321 4625
321 4920
321 5589
321 5655
321 5770
321 5942
321 5945
321 6219
321 6290
321 6499
321 7041
321 7140
321 8786
321 8793
321 9055
321 9989
322 351
322 592
322 880
322 1957
322 3016
322 3169
322 3996
322 6435
322 7278
323 328
323 383
323 1024
323 1354
323 2173
323 2204
323 2308
323 2848
323 3630
323 4475
323 4620
323 5594
323 6719
323 8114
323 8329
323 8365
323 9463
323 9482
324 465
324 526
324 650
324 769
324 843
324 1363
324 1418
324 1495
324 1603
324 2017
324 2189
324 2616
324 3447
324 4955
324 5106
324 6070
324 6425
324 7680
324 7826
324 8147
324 8993
324 9106
324 9223
324 9560
324 9632
325 1064
325 5806
325 8158
326 738
326 1190
326 1229
326 1547
326 1610
326 2076
326 4778
326 8140
326 8491
326 9046
326 9842
327 2906
327 5124
327 5501
327 6487
327 7577
327 8478
328 579
329 353
329 1933
329 2263
329 3058
329 3166
329 3353
329 3522
329 4508
329 4671
329 4718
329 6616
330 2660
330 4059
330 4631
330 5129
331 333
331 528
331 4123
331 4527
331 4759
331 5312
331 7002
331 7523
331 7530
331 9332
332 1145
332 1740
332 2195
332 2259
332 3054
332 3747
332 4714
332 4810
332 5424
332 6698
332 9345
333 473
333 5744
333 6264
333 6577
333 7494
334 395
334 653
334 1794
334 2244
334 3099
334 3759
334 5445
334 6991
334 7569
334 7945
334 8312
335 454
335 759
335 2116
335 2227
335 2538
335 3305
335 3561
335 4281
335 4529
335 4735
335 6559
335 6771
335 8476
335 9613
336 2286
336 2734
336 4632
336 5426
336 5525
336 5660
336 6216
336 6985
336 7397
337 741
337 820
337 1293
337 1540
337 1593
337 2377
337 3150
337 3749
337 7030
337 7514
337 7688
337 7770
337 8877
337 9536
337 9671
338 793
338 894
338 1195
338 1438
338 1693
338 1914
338 2303
338 2455
338 3801
338 3967
338 5161
338 6215
338 6939
338 7408
338 7875
339 424
339 429
339 430
339 667
339 1269
339 3041
339 4456
339 5759
339 6906
339 7178
339 7241
339 9507
340 1946
340 4731
340 5942
340 9596
341 358
341 581
341 1928
341 4932
341 7269
342 347
342 756
342 1062
342 2356
342 3451
342 3965
342 6091
342 7064
342 9004
342 9919
343 696
343 1282
343 3443
343 4750
343 6348
343 8812
343 9622
344 530
344 909
344 2755
344 4807
344 5784
344 6403
344 6486
344 6767
344 7261
345 396
345 677
345 717
345 1343
345 1624
345 1716
345 2150
345 2560
345 3146
345 3638
345 4427
345 4526
345 5393
345 5399
345 6907
345 7046
345 7795
345 8249
345 8783
346 360
346 1864
346 2429
346 2958
346 3580
346 3978
346 4622
346 4759
346 5584
346 9696
347 1322
347 1520
347 1553
347 1948
347 2147
347 3549
347 7142
347 8590
348 394
348 914
348 2061
348 2366
348 2447
348 2592
348 5627
348 9295
349 573
349 608
349 703
349 1159
349 1761
349 1829
349 1870
349 2989
349 3488
349 3613
349 3972
349 5040
349 5244
349 7043
349 7464
349 7637
349 7766
349 9706
350 1781
350 3645
350 7091
351 422
351 583
351 887
351 1450
351 1816
351 2013
351 3242
351 4225
351 4408
351 5393
351 6999
351 7511
351 8006
351 9070
351 9460
351 9849
352 1699
353 360
353 420
353 831
353 2386
353 2387
353 2406
353 4195
353 4603
353 4624
353 7269
354 442
354 3690
354 3946
354 4257
354 5485
354 5498
354 5702
355 1272
355 1336
355 5073
355 7308
356 390
356 612
356 682
356 753
356 3559
356 3900
356 4459
356 6796
356 8920
356 8979
357 660
357 1531
357 1997
357 5542
357 7392
357 8507
357 8940
358 1757
358 3473
358 3537
358 4402
358 5225
358 5269
358 5832
358 8304
358 9065
359 397
359 411
359 422
359 656
359 676
359 771
359 1651
359 1750
359 1765
359 2451
359 2621
359 2761
359 3074
359 3083
359 3290
359 3350
359 3542
359 3868
359 3935
359 4107
359 4182
359 4295
359 4549
359 4682
359 4809
359 4945
359 5060
359 5140
359 5188
359 5265
359 5537
359 6314
359 6461
359 6555
359 6761
359 6960
359 7415
359 8155
359 8376
359 8548
359 9263
360 612
360 815
360 1022
360 1112
360 1685
360 2348
360 2416
360 2583
360 2921
360 3088
360 3157
360 3427
360 3898
360 4078
360 4115
360 7040
360 7509
360 8370
360 9203
360 9310
360 9515
361 737
361 2096
361 2434
361 4454
361 4730
361 9118
362 538
362 803
362 1161
362 1461
362 1762
362 5633
362 8759
362 8847
363 490
363 601
363 670
363 835
363 906
363 950
363 1057
363 1388
363 1541
363 1792
363 1907
363 2520
363 2785
363 3074
363 3898
363 4314
363 4593
363 4605
363 5050
363 5120
363 5255
363 7534
363 9961
364 641
364 1294
364 1924
364 2325
364 2614
364 2741
364 4085
364 5496
365 545
365 588
365 757
365 962
365 1230
365 1231
365 1465
365 1565
365 1736
365 1960
365 2161
365 2469
365 3504
365 3845
365 3851
365 5264
365 6091
365 6822
365 8855
365 8984
365 9039
365 9045
365 9182
365 9288
365 9981
366 454
366 484
366 1168
366 1258
366 1386
366 1959
366 2999
366 3729
366 4646
366 5224
366 7253
366 8932
366 8942
366 9026
367 610
367 761
367 764
367 1126
367 1249
367 2537
367 2740
367 3828
367 5838
367 5975
367 6193
367 8711
367 8731
368 747
368 1014
368 1067
368 1220
368 1257
368 1325
368 1991
368 2785
368 2903
368 4213
368 4422
368 5065
368 5222
368 5441
368 7098
368 7245
368 8871
369 1085
369 1257
369 6262
369 8193
369 8418
370 448
370 888
370 2512
370 3500
370 3774
370 4032
370 5420
370 5961
370 6270
370 7207
370 7649
370 8566
371 380
371 406
371 1917
371 2001
371 2140
371 3756
371 3850
371 4365
371 8704
371 9129
372 485
372 642
372 926
372 1600
372 1829
372 2415
372 2677
372 2846
372 3226
372 5901
372 8904
372 9511
373 721
373 1058
373 3331
373 3362
373 5232
373 5966
373 6395
373 6725
373 6770
373 7322
373 7471
373 8203
373 8835
374 509
374 618
374 754
374 1061
374 1748
374 2404
374 2995
374 3358
374 3393
374 4977
374 5251
374 5949
374 6083
374 6541
374 7946
374 9533
375 532
375 649
375 1123
375 1435
375 2476
375 3467
375 7020
375 7436
375 8774
375 9785
376 1017
376 1020
376 1343
376 1427
376 1696
376 3213
376 3624
376 5146
376 5251
376 5431
376 7512
377 903
377 1147
377 1260
377 1676
377 1720
377 1886
377 1990
377 2513
377 4521
377 5653
377 5907
377 7381
377 7571
377 9621
377 9752
378 872
378 924
378 935
378 1060
378 1487
378 2156
378 2509
378 2794
378 3223
378 3640
378 4240
378 5149
378 6426
378 7335
378 7525
378 8443
379 801
379 869
379 989
379 1046
379 1156
379 1319
379 1613
379 1774
379 2085
379 2312
379 2782
379 3243
379 4075
379 4097
379 4409
379 5331
379 5439
379 6478
379 6523
379 6877
379 6973
379 7338
379 8202
379 9248
380 381
380 575
380 1377
380 2177
380 3114
380 3502
380 3508
380 4838
380 4869
380 6124
380 9589
381 428
381 922
381 2101
381 2706
381 3535
381 4031
381 4054
381 4128
381 4179
381 4413
381 4842
381 6715
381 6825
381 8846
382 548
382 1105
382 1342
382 2290
382 2928
382 5860
382 7532
382 7611
383 403
383 662
383 871
383 1065
383 1183
383 1678
383 1954
383 1991
383 2093
383 4437
383 5100
383 5612
383 5738
383 5795
383 6402
383 6847
383 8173
383 8623
383 9301
384 389
384 1424
384 1500
384 3507
384 3649
384 5237
384 7563
384 7645
384 8886
384 9366
385 748
385 832
385 1042
385 1301
385 1470
385 2866
385 3076
385 3401
385 4002
385 4387
385 6102
385 6439
385 6485
385 8098
386 627
386 1173
386 1688
386 1818
386 1834
386 2843
386 4736
386 8128
386 8851
386 8883
387 680
387 3006
387 4249
387 5345
387 5741
387 8023
388 1416
388 1580
388 1886
388 1931
388 3031
388 5670
388 6284
388 7932
388 7977
388 9221
389 474
389 520
389 534
389 576
389 603
389 690
389 2207
389 2227
389 2290
389 2376
389 2922
389 3005
389 3060
389 3062
389 3167
389 3288
389 3398
389 3675
389 3824
389 3947
389 3960
389 4029
389 4175
389 5090
389 5140
389 5422
389 5476
389 5662
389 5699
389 5732
389 6103
389 6229
389 6475
389 7057
389 7435
389 7567
389 7573
389 8082
389 8500
389 8930
389 9163
389 9923
389 9976
390 715
390 1817
390 2199
390 2428
390 3551
390 4022
390 4473
391 494
391 704
391 739
391 757
391 1629
391 3450
391 4844
391 5586
391 5997
391 6081
391 7372
391 7678
391 7749
391 8142
391 8281
391 8560
391 9909
392 709
392 745
392 851
392 852
392 1409
392 1413
392 2018
392 2498
392 2990
392 5429
392 5821
392 7272
392 8657
392 9418
392 9672
393 3748
393 3957
393 4036
393 4165
393 4322
393 4838
393 5036
393 7066
393 8280
393 8612
394 446
394 641
394 711
394 1510
394 2283
394 2354
394 2685
394 4434
394 7382
395 775
395 1368
395 1840
395 2181
395 2695
395 2782
395 5721
395 6889
396 408
396 426
396 489
396 1219
396 1317
396 1437
396 1667
396 1743
396 1758
396 1902
396 2578
396 3084
396 5167
396 5256
396 8277
396 8890
397 637
397 687
397 905
397 1526
397 1532
397 2418
397 2727
397 2776
397 4316
397 9618
397 9986
398 531
398 1432
398 2352
398 3334
398 3784
398 5026
399 578
399 649
399 748
399 795
399 811
399 960
399 1450
399 2072
399 2086
399 2342
399 2357
399 2535
399 2782
399 2951
399 4223
399 4987
399 5147
399 5184
399 5801
399 5825
399 6044
399 6442
399 6449
399 6748
399 7202
399 7267
399 7373
399 7768
400 653
400 736
400 1140
400 1212
400 2709
400 4880
400 6416
400 8761
401 437
401 566
401 869
401 1031
401 1473
401 1510
401 1536
401 2259
401 2463
401 2769
401 3756
401 4748
401 5329
401 5829
401 6417
401 6451
401 6627
401 6671
401 7708
401 7711
401 8531
401 9897
401 9898
402 1299
402 1932
402 2988
402 3493
402 3981
402 5258
402 6535
402 6987
402 8623
402 9189
402 9702
403 4948
403 5983
403 7995
403 8580
404 870
404 1092
404 1696
404 2023
404 2162
404 2716
404 3284
404 3401
404 4000
404 5467
404 5694
404 7884
404 8637
404 9754
405 431
405 580
405 757
405 1063
405 1411
405 2224
405 3445
405 4073
405 4078
405 4321
405 5392
405 5923
405 7352
405 7995
405 8306
405 8480
405 9296
406 771
406 818
406 1211
406 1434
406 1500
406 3117
406 3325
406 4527
406 4752
406 5010
406 5189
406 5356
406 5363
406 7815
406 8062
406 8305
406 9465
407 1031
407 1182
407 1380
407 2905
407 3574
407 3780
407 4357
407 7278
408 477
408 486
408 532
408 722
408 864
408 885
408 1205
408 1701
408 1970
408 2487
408 2557
408 2666
408 3012
408 3511
408 3536
408 3782
408 4600
408 4620
408 5627
408 5709
408 5805
408 6062
408 6111
408 6835
408 8273
408 9037
408 9176
409 423
409 469
409 475
409 584
409 706
409 744
409 816
409 908
409 984
409 1385
409 1441
409 1851
409 2045
409 2152
409 2679
409 2862
409 2977
409 3069
409 3358
409 3730
409 5100
409 5544
409 5900
409 6647
409 6678
409 6890
409 7089
409 7391
409 7520
409 8153
409 9040
409 9491
409 9848
410 638
410 930
410 967
410 1113
410 1185
410 1187
410 1252
410 1344
410 1625
410 1708
410 2573
410 3172
410 3787
410 4626
410 6569
410 9661
411 620
411 750
411 2241
411 3982
411 7018
411 8620
411 9388
412 1165
412 1248
412 1410
412 3796
412 4579
412 8212
412 9528
413 676
413 5313
414 2537
414 3518
414 4711
415 815
415 829
415 1418
415 1489
415 1883
415 2356
415 2540
415 2791
415 3080
415 3269
415 3746
415 3846
415 3974
415 4356
415 4444
415 5156
415 5498
415 5585
415 6078
415 6268
415 6465
415 6751
415 7165
415 7358
415 7953
415 8538
415 8910
416 497
416 769
416 817
416 1149
416 1331
416 1790
416 1909
416 3062
416 3622
416 4381
416 4868
416 5526
416 6200
416 6805
416 7326
416 7847
416 8691
416 9381
417 420
417 590
417 631
417 959
417 1735
417 1742
417 2585
417 2693
417 2762
417 3493
417 4046
417 4053
418 601
418 986
418 1432
418 2720
418 3514
418 6024
419 633
419 2189
419 2348
419 2423
419 3355
419 3694
419 6387
419 8051
420 758
420 1003
420 1199
420 1334
420 1405
420 1671
420 1843
420 1966
420 6490
420 6492
420 7089
420 7621
420 7802
421 2254
421 3953
421 6594
421 8938
422 522
422 708
422 1813
422 2552
422 2743
422 3120
422 3755
422 4304
422 4698
422 4966
422 7044
423 3710
423 3813
423 4772
423 7981
423 9032
423 9669
424 850
424 957
424 2711
424 3390
424 4817
424 5443
424 5480
424 6041
424 7883
424 9788
424 9795
425 1474
425 1527
425 1859
425 3111
425 3725
425 3959
425 5088
425 5136
425 7814
426 3598
426 4532
426 5664
426 9696
427 874
427 1257
427 1555
427 1821
427 2237
427 2351
427 3159
427 3299
427 3627
427 5321
427 6182
427 6858
427 7078
427 7127
427 7983
427 8000
427 8661
428 1642
428 3170
428 5179
428 8219
428 8586
429 592
429 657
429 705
429 986
429 1134
429 1636
429 2024
429 2237
429 2417
429 2529
429 3133
429 3566
429 3573
429 3672
429 4642
429 5673
429 8684
429 8769
430 563
430 722
430 1126
430 1582
430 1925
430 2367
430 3357
430 5674
430 6366
430 6532
430 8565
430 9192
430 9838
431 498
431 3087
431 4369
431 5464
431 7126
431 7804
432 731
432 752
432 886
432 1355
432 2011
432 2882
432 3601
432 5026
432 6909
432 9356
433 635
433 700
433 752
433 1195
433 1223
433 1788
433 1867
433 2430
433 2551
433 2637
433 3750
433 3859
433 5750
433 5880
433 6234
433 7227
433 7544
433 7767
433 8662
433 8959
434 615
434 679
434 721
434 1312
434 2593
434 3900
434 6158
434 6454
434 6858
434 9175
435 1059
435 1293
435 1314
435 1929
435 2004
435 2640
435 5283
435 5318
435 6029
435 7641
435 7761
436 802
436 1105
436 1159
436 1270
436 1274
436 1968
436 2205
436 3217
436 3315
436 4255
436 6346
436 7400
436 8877
436 8985
437 604
437 1800
437 4661
438 461
438 787
438 856
438 1079
438 2968
438 4080
438 4537
438 5523
439 494
439 506
439 595
439 974
439 1011
439 1152
439 1298
439 1780
439 2761
439 3163
439 3259
439 3428
439 4476
439 5309
439 5468
439 5584
439 5956
439 6147
439 7298
439 8301
439 9122
439 9422
440 559
440 638
440 1157
440 1313
440 1815
440 2584
440 2851
440 3224
440 6049
440 6132
440 8329
440 8551
440 8661
441 472
441 1439
441 3116
441 3488
441 4858
441 5241
441 6977
441 8080
441 9092
442 1915
442 3928
442 4570
442 6108
442 6903
442 7848
442 7875
442 9232
443 1124
443 1545
443 3626
443 4270
443 4579
443 5489
443 7143
443 7889
443 8417
443 8842
444 2805
444 7104
445 3189
446 3200
446 4170
446 8655
446 9588
447 1529
447 5180
447 5710
447 6310
448 571
448 575
448 847
448 1154
448 1468
448 1675
448 1725
448 1976
448 3318
448 4274
448 4553
448 4698
448 5243
448 5269
448 5993
448 6520
448 9243
448 9569
449 484
449 652
449 662
449 663
449 671
449 1179
449 1335
449 1451
449 1534
449 1670
449 1806
449 1902
449 2578
449 2603
449 3569
449 5024
449 5190
449 5311
449 5396
449 5453
449 5481
449 6012
449 6265
449 6498
449 7115
449 7387
449 7594
449 7711
449 7904
449 9461
450 764
450 1208
450 1365
450 1553
450 2929
450 3109
450 3368
450 3452
450 4157
450 4433
450 4900
450 5010
450 7767
450 9354
451 598
451 643
451 919
451 1296
451 1349
451 1843
451 2671
451 2687
451 3290
451 3303
451 3563
451 4700
451 4734
451 5156
451 5404
451 6658
451 7205
451 7303
452 684
452 1072
452 1238
452 2354
452 5204
452 6190
452 7788
452 8577
452 8631
453 580
453 625
453 1943
453 2071
453 2304
453 2650
453 2677
453 4651
453 7049
453 7938
453 9293
453 9972
454 709
454 790
454 910
454 1010
454 1189
454 1439
454 1530
454 1785
454 1818
454 1892
454 2075
454 2392
454 3447
454 3646
454 3995
454 4164
454 4499
454 4519
454 4784
454 5275
454 5582
454 5848
454 6143
454 6215
454 7752
454 8168
454 9249
455 471
455 752
455 1710
455 2162
455 3260
455 3330
455 3646
455 5013
456 522
456 4560
456 9797
457 596
457 989
457 1428
457 1899
457 2109
457 2153
457 2286
457 4236
457 4467
457 5146
457 6650
457 8132
457 9629
458 522
458 949
458 2105
458 3094
458 3245
458 3800
458 5310
458 5547
458 6355
458 6491
458 7634
458 8718
459 581
459 2384
459 4083
459 5738
459 6783
459 8498
459 9214
460 696
460 1523
460 1655
460 2091
460 3824
460 5235
460 5240
460 5407
460 5511
460 5840
460 5968
460 7493
460 8302
460 8846
460 9884
461 473
461 490
461 1355
461 1665
461 2592
461 2985
461 9932
462 654
462 723
462 1187
462 1328
462 1855
462 2056
462 2318
462 2487
462 2770
462 2867
462 3001
462 3325
462 3998
462 6812
462 8231
462 8338
463 543
463 667
463 1603
463 1947
463 2181
463 2223
463 2671
463 2992
463 3005
463 3391
463 3739
463 4432
463 4565
463 4692
463 5270
463 5293
463 5753
463 6065
463 7670
463 7851
463 7980
463 8042
463 8388
464 867
464 2437
464 2572
464 2675
465 1093
465 1451
465 2158
465 2210
465 2395
465 2746
465 3134
465 3290
465 3336
465 3695
465 3829
465 3850
465 4798
465 5446
465 7341
465 8018
465 8230
465 9152
466 547
466 1215
466 1610
466 1647
466 4242
466 5336
466 6604
466 9321
466 9610
467 1732
467 3454
467 3465
467 8725
468 605
468 729
468 925
468 1045
468 1050
468 1430
468 2365
468 2688
468 4462
468 4713
468 4882
468 4939
468 6243
468 9644
469 950
469 1596
469 4363
469 4488
469 5747
469 6900
469 9784
470 619
470 708
470 1081
470 1096
470 1400
470 1582
470 1988
470 2022
470 2460
470 2908
470 3665
470 4276
470 4655
470 4787
470 5715
470 6151
470 6700
470 7097
470 9206
470 9551
471 1075
471 1141
471 2510
471 4622
471 5615
471 5864
471 6009
471 6679
472 613
472 2941
472 4007
472 8066
473 481
473 1409
473 1507
473 2069
473 2335
473 2614
473 2929
473 2930
473 3116
473 4142
473 5047
473 8270
473 9577
474 1694
474 1801
474 2976
474 6180
474 6634
474 7965
475 972
475 3507
475 5894
475 9368
475 9723
476 628
476 1190
476 1484
476 2771
476 3734
476 4370
476 5449
476 7722
476 8947
477 1789
477 1917
477 9441
478 531
478 1882
478 1934
478 2408
478 3931
478 4786
478 6474
478 7802
479 995
479 1307
479 1614
479 2268
479 5308
479 6617
480 639
480 697
480 772
480 1099
480 1256
480 1345
480 2827
480 3504
480 3837
480 4250
480 4448
480 5531
481 2082
481 4989
481 5604
482 527
482 570
482 1019
482 1118
482 1416
482 1683
482 1910
482 2053
482 2066
482 2297
482 2633
482 2936
482 2996
482 3337
482 3688
482 3944
482 4014
482 4613
482 6690
482 7089
482 8813
482 9034
482 9281
483 1351
483 1729
483 1852
483 2169
483 2289
483 2448
483 2549
483 2700
483 3066
483 3224
483 3406
483 3659
483 4959
483 6191
483 6585
483 6910
483 8234
483 8688
484 630
484 1122
484 2077
484 2535
484 3019
484 3320
484 4306
484 6225
484 8421
484 8922
484 8924
484 9061
484 9250
484 9585
484 9743
485 1070
485 1339
485 1876
485 1935
485 2144
485 2527
485 2678
485 2878
485 3798
485 4598
485 4970
485 6263
485 7126
485 7666
485 8026
485 9377
487 782
487 2942
487 3694
487 5669
487 7697
488 606
488 760
488 824
488 1115
488 1210
488 2047
488 3015
488 3304
488 4478
488 6349
488 6420
488 6467
488 9104
488 9201
488 9597
489 559
489 922
489 951
489 1172
489 1592
489 1690
489 2630
489 3101
489 3413
489 4162
489 4534
489 4780
489 4804
489 6327
489 6772
489 7636
489 7971
489 8354
489 8751
489 8958
490 593
490 692
490 962
490 1150
490 1662
490 1904
490 2170
490 3471
490 4385
490 5420
490 5648
490 6770
490 7576
490 9036
490 9857
491 737
491 1421
491 3572
491 4534
491 5565
491 5657
491 8359
492 747
492 1442
492 1456
492 1929
492 2208
492 3641
492 4894
492 6531
492 6633
492 8992
492 9869
493 1369
493 1760
493 2839
493 2870
493 3568
493 4129
494 801
494 962
494 1663
494 5185
494 7529
494 8310
494 8649
494 9286
495 933
495 1619
495 2087
495 4889
495 6282
495 6942
496 580
496 1626
496 3054
496 3395
496 5139
496 6100
496 9933
497 509
497 632
497 1029
497 1120
497 1569
497 1580
497 1716
497 2675
497 3075
497 3761
497 4136
497 4594
497 6256
497 7191
497 7400
498 644
498 874
498 1091
498 1203
498 1235
498 1537
498 1699
498 1769
498 1966
498 2029
498 3410
498 4426
498 4438
498 4592
498 5864
498 6405
498 9877
499 3477
499 5293
499 5624
499 8326
500 779
500 1107
500 4056
500 8263
501 1058
501 1471
501 2878
501 6967
501 7209
501 8346
501 9860
502 570
502 3009
502 5840
502 6444
502 7418
502 9955
503 1083
503 1654
503 1756
503 1778
503 1844
503 1967
503 2477
503 3007
503 3453
503 3766
503 4500
503 4865
503 4912
503 5162
503 5452
503 5972
503 6078
503 6129
503 6175
503 6747
504 1685
504 2030
504 2285
504 3919
505 574
505 1135
505 1511
505 1814
505 2139
505 2486
505 2647
505 3683
505 4109
505 4288
505 9170
506 789
506 1148
506 2142
506 2645
506 3323
506 3592
506 3885
506 4854
506 5054
506 7275
506 8419
506 8459
506 8677
506 9268
506 9718
506 9819
507 532
507 1287
507 1537
507 2483
507 2573
507 3013
507 3372
507 5427
507 5466
507 6059
507 6325
507 7442
507 8286
507 8749
508 663
508 3197
508 4159
509 1259
509 1991
509 2400
509 2690
509 2768
509 3145
509 3450
509 3908
509 4649
509 6421
509 6814
509 8321
509 8645
509 9819
510 712
510 813
510 1380
510 1582
510 1679
510 1779
510 1945
510 2438
510 2846
510 3035
510 3511
510 5723
510 6398
510 8380
510 8493
510 9315
511 658
511 780
511 914
511 949
511 1473
511 1510
511 2518
511 3856
511 3893
511 4692
511 4703
511 4789
511 5126
511 5161
511 5414
511 5679
511 5862
511 7460
511 9312
512 908
512 1478
512 4029
512 5135
512 6691
513 533
513 559
513 728
513 1332
513 1454
513 2476
513 4121
513 4575
513 5143
513 5566
513 6697
513 7626
513 9732
514 4254
514 7357
514 7868
514 8908
515 649
515 1595
515 1674
515 2047
515 2231
515 2314
515 2318
515 2732
515 4489
515 4549
515 5592
515 5731
515 6185
515 6467
515 6634
515 7838
515 8122
515 9211
515 9764
515 9894
516 6181
516 6794
516 9472
517 846
517 1008
517 1118
517 1149
517 1455
517 1900
517 2137
517 3430
517 3447
517 3963
517 4024
517 4086
517 4342
517 7263
517 7314
517 8760
517 9161
517 9507
518 1032
518 1569
518 3073
518 3484
518 3603
518 4661
518 7328
518 7702
518 8561
519 1621
519 3619
520 2858
520 8016
520 8017
521 586
521 942
521 2056
521 5311
521 7327
521 9426
521 9786
522 917
522 1067
522 1112
522 1951
522 5363
522 7753
523 1063
523 1217
523 1332
523 1421
523 1585
523 1649
523 1858
523 4204
523 6533
523 6861
523 7225
523 7264
523 9071
523 9894
524 1733
524 2072
524 4746
524 6036
524 7422
524 9360
525 554
525 557
525 589
525 641
525 1548
525 1758
525 1872
525 2225
525 2325
525 3341
525 4019
525 4406
525 6182
525 6746
525 7957
525 8092
525 9650
526 651
526 663
526 876
526 1000
526 1133
526 1633
526 2821
526 3142
526 5807
526 7295
526 7341
526 9205
526 9568
527 686
527 883
527 1481
527 1494
527 1513
527 1623
527 1861
527 2380
527 3234
527 3446
527 3555
527 4148
527 4175
527 4509
527 5530
527 5565
527 6594
527 7225
527 7533
527 8432
527 9390
527 9530
527 9911
528 579
528 821
528 1640
528 1738
528 3091
528 3115
528 3416
528 4327
528 4644
528 5624
528 6631
528 7537
528 9361
528 9423
529 786
529 1293
529 1902
529 6243
530 767
530 1422
530 2606
530 2892
530 3109
530 4055
530 4089
530 5205
530 6688
530 6722
530 6894
530 7004
530 7345
530 8930
530 9100
530 9359
530 9654
531 847
531 2106
531 3040
531 3373
531 4039
531 5119
531 6004
531 6715
532 743
532 973
532 1424
532 2110
532 2927
532 2994
532 3359
532 4018
532 4166
532 4450
532 5293
532 7176
532 8076
532 8586
533 599
533 826
533 2235
533 4795
533 5285
533 6419
533 7014
534 1075
534 1394
534 1653
534 3013
534 6591
535 733
535 1746
535 3037
535 3779
535 4552
535 5283
536 614
536 1926
536 2667
536 2831
536 5605
537 680
537 698
537 1986
537 2092
537 3312
538 739
538 1374
538 1630
538 1854
538 2485
538 3731
538 4095
538 4367
538 5986
538 6655
538 7124
538 7719
539 685
539 1199
539 2517
539 3049
539 3292
539 3311
539 6454
539 7493
539 9824
539 9956
540 1163
540 1247
540 1533
540 2871
540 3263
540 4430
540 5539
540 6184
540 9080
540 9802
540 9833
541 808
541 878
541 927
541 1049
541 1153
541 1732
541 1797
541 2019
541 2525
541 2718
541 3241
541 4008
541 5207
541 6030
541 7412
541 7549
541 7622
541 8986
541 9151
542 588
542 779
542 1218
542 2892
542 3663
542 4181
542 5084
542 5817
542 5857
543 1282
543 2674
543 3858
543 5236
543 6472
543 9235
544 783
544 833
544 1611
544 3397
544 4908
544 5127
544 5705
544 5910
544 6309
544 6666
544 6781
544 8929
544 9015
544 9557
545 880
545 888
545 1030
545 1176
545 1243
545 1263
545 1389
545 1535
545 1575
545 1653
545 2541
545 2642
545 2711
545 2772
545 2897
545 3001
545 4632
545 5519
545 6662
545 7077
545 7185
545 7744
545 7792
545 9149
545 9247
545 9277
546 1392
546 3199
546 3420
546 5513
547 589
547 607
547 1144
547 1315
547 1507
547 1824
547 1835
547 2253
547 2669
547 3136
547 3542
547 3711
547 3818
547 3989
547 4010
547 4131
547 4145
547 4916
547 4926
547 5635
547 6028
547 7390
547 8019
547 8312
547 8632
547 8770
547 8909
547 9095
548 549
548 2292
548 2297
548 2531
548 2940
548 4738
548 6780
548 9761
549 642
549 866
549 1105
549 1276
549 1953
549 2475
549 3067
549 3225
549 4244
549 4429
549 5103
549 5121
549 6635
549 6987
549 8027
549 9168
549 9241
549 9591
550 845
550 1172
550 1193
550 1873
550 2637
550 3375
550 7983
551 1057
551 1975
551 2249
551 2982
551 3097
551 3369
551 7674
551 8267
551 9689
551 9740
551 9957
552 912
552 1151
552 3702
552 6400
553 807
553 918
553 1652
553 1728
553 2323
553 2699
553 3239
553 3832
553 4616
553 6354
553 6871
553 7386
553 7467
553 7634
553 7832
553 8070
553 8279
553 9720
553 9793
554 675
554 779
554 1106
554 4951
554 5425
554 6892
554 9283
555 710
555 4659
555 7036
555 7737
555 8395
556 575
556 584
556 1235
556 2027
556 2388
556 2495
556 4327
556 5002
556 5685
556 5860
556 6017
556 8894
556 9843
557 783
557 878
557 953
557 983
557 1189
557 1578
557 1680
557 2096
557 2150
557 2528
557 3725
557 4204
557 4463
557 4587
557 8446
557 8519
557 8629
557 9538
558 616
558 693
558 1312
558 1385
558 3646
558 3664
558 6250
558 7008
559 955
559 1213
559 1549
559 1642
559 2948
559 3222
559 4055
559 4246
559 8369
559 8592
560 656
560 684
560 714
560 857
560 2145
560 2264
560 2890
560 4388
560 4527
560 4934
560 6370
560 8298
560 8833
561 3761
561 7746
562 761
562 1304
562 1905
562 3048
562 3318
562 7737
562 9782
563 1965
563 3166
563 3918
563 6975
563 7284
563 7825
563 8648
564 2410
564 4023
564 4271
564 5196
564 6752
565 1007
565 2448
565 2707
565 3112
565 3350
565 5001
565 7523
565 9264
566 6265
566 8784
567 1519
568 986
568 4772
568 6635
568 6834
568 8513
569 662
569 1176
569 1517
569 1861
569 4303
569 5955
569 9818
570 1752
570 4588
570 7547
571 2037
571 2682
571 2936
571 3148
571 3916
571 4383
571 4967
572 1289
572 1417
572 3835
572 4216
572 5357
572 6934
572 7006
572 9128
573 892
573 1143
573 1952
573 2260
573 3014
573 4223
573 4917
573 5087
573 6779
574 621
574 884
574 1599
574 1650
574 3616
574 4056
574 6574
574 6602
574 6850
574 7374
574 9412
575 1833
575 2142
575 3342
575 5184
575 5702
575 6923
575 8666
576 1385
576 1531
576 1652
576 5398
576 6313
576 9377
577 594
577 883
577 978
577 1492
577 1565
577 1617
577 2179
577 4479
577 5046
577 6195
577 6668
577 6677
577 7907
577 9212
577 9626
578 787
578 1552
578 2307
578 3389
578 8164
579 1200
579 1254
579 1309
579 1572
579 1661
579 1682
579 1755
579 2124
579 2292
579 2414
579 2620
579 3237
579 3905
579 4133
579 4330
579 5949
579 6017
579 6125
579 6865
579 7255
579 9186
580 726
580 2373
580 3404
580 4304
580 4907
580 7952
581 2194
581 2379
581 2815
581 3914
581 4133
581 8747
582 1525
582 1622
582 2786
582 3903
582 5078
583 704
583 1395
583 1509
583 2502
583 3012
583 3232
583 4076
583 5418
583 5592
583 5783
583 6710
583 6771
583 8670
583 8865
584 723
584 1165
584 1434
584 1721
584 2405
584 2643
584 2732
584 3215
584 4563
584 4931
584 5720
584 5790
584 5791
584 6258
584 6402
584 7321
584 7808
584 8138
584 8335
584 8843
584 9396
584 9870
585 682
585 798
585 970
585 1591
585 1758
585 4149
585 4277
585 4292
585 4919
585 5284
585 6802
585 7200
585 9480
586 743
586 932
586 1186
586 1276
586 1644
586 2143
586 2197
586 2360
586 3981
586 4160
586 4707
586 5618
586 6745
586 7042
586 8131
587 882
587 979
587 1231
587 1680
587 1805
587 1867
587 2779
587 3543
587 3609
587 3720
587 4115
587 4579
587 5096
587 5367
587 7333
587 7966
587 8471
587 9286
587 9409
588 871
588 1574
588 3012
588 7256
588 9497
589 1004
589 1049
589 1357
589 1568
589 1751
589 2026
589 3123
589 4349
589 5541
589 5562
589 9053
589 9911
590 1081
590 1305
590 1464
590 1647
590 1650
590 1924
590 2017
590 2397
590 2535
590 2558
590 2905
590 3382
590 3661
590 4656
590 6679
590 6708
591 2107
591 3133
591 8983
592 724
592 863
592 909
592 916
592 1823
592 1930
592 2041
592 2055
592 2179
592 3234
592 4231
592 4799
592 6051
592 6269
592 6279
592 6590
592 6624
592 6949
592 7901
592 8112
592 8144
592 8454
592 8605
592 8756
592 8804
593 994
593 2814
593 5433
593 6560
594 1479
594 1606
594 1770
594 3682
594 5406
595 938
595 1740
595 1911
595 2267
595 3301
595 4954
595 6005
595 6260
595 6331
595 8405
595 9814
595 9827
596 776
596 902
596 1022
596 1340
596 1398
596 1411
596 1444
596 1686
596 1945
596 2059
596 2126
596 2145
596 2349
596 2573
596 2806
596 2820
596 3016
596 3327
596 4103
596 4160
596 4553
596 5799
596 5899
596 6588
596 7061
596 7236
596 7823
596 8639
596 9356
596 9926
596 9946
596 9970
597 724
597 1055
597 1796
597 2541
597 3273
597 3617
597 3742
597 4268
597 4313
597 7100
597 7879
597 8671
598 1549
598 3273
598 4452
598 6294
599 707
599 722
599 867
599 1179
599 1489
599 2123
599 2281
599 2494
599 2509
599 2940
599 3409
599 4667
599 5340
599 5713
599 6506
599 6945
599 7457
599 8527
599 8608
600 711
600 1129
600 1207
600 1253
600 1286
600 2182
600 2452
600 2522
600 3030
600 3545
600 4289
600 5387
600 5919
600 6921
600 8214
600 8774
600 9947
601 1431
601 2117
601 4886
601 5058
601 6190
601 7723
601 8437
602 905
602 1646
602 2559
602 4533
602 5014
602 6006
602 7117
602 7612
602 7909
602 8329
602 8440
602 8802
603 610
603 1335
603 2133
603 2655
603 4313
603 5130
603 8559
603 9792
604 1242
604 1251
604 1728
604 1916
604 3041
604 3075
604 3218
604 4853
604 5565
604 6760
604 9090
604 9386
605 1718
605 2868
605 6806
606 778
606 1295
606 1487
606 1592
606 2713
606 3481
606 3530
606 3863
606 7770
606 8038
607 2556
607 3634
607 4790
607 4835
607 5894
607 6448
607 6503
607 9054
607 9121
609 3925
610 768
610 932
610 1529
610 1542
610 2653
610 2688
610 3471
610 4670
610 7347
610 8788
611 1885
611 4652
611 5129
611 6642
611 6793
611 8687
611 9000
612 1499
612 1888
612 2626
612 3008
612 5637
612 5934
612 7319
612 7680
612 8550
613 2112
613 3195
614 1016
614 1741
614 3028
614 3262
614 4844
614 8876
615 1044
615 3300
616 8738
617 1181
617 1267
617 1506
617 2118
617 2291
617 3081
617 3166
617 3765
617 4802
617 5701
617 9930
618 957
618 1102
618 1388
618 1997
618 2124
618 2390
618 2399
618 4599
618 6120
618 6395
618 6460
618 6520
618 8592
618 9570
619 741
619 778
619 1095
619 1376
619 2101
619 2308
619 2703
619 2753
619 4578
619 4889
619 5063
619 5262
619 5879
619 5903
619 7136
619 7799
619 7988
619 8481
619 9349
620 3051
620 3385
620 3515
620 8201
621 682
621 973
621 1000
621 1073
621 1180
621 2160
621 3286
621 3987
621 8735
622 698
622 804
622 1129
622 2193
622 4135
622 5604
622 8639
623 770
623 928
623 1281
623 1295
623 1504
623 3608
623 3765
623 4469
623 6560
623 6669
623 8636
623 8693
624 2137
624 2293
624 2492
624 3100
624 3902
624 3949
624 4914
624 6119
624 6330
624 6466
624 7492
624 7897
624 9093
625 668
625 691
625 816
625 830
625 967
625 969
625 1103
625 1109
625 1446
625 1574
625 1619
625 1781
625 2524
625 2545
625 2933
625 2996
625 3666
625 3845
625 4596
625 4712
625 7058
625 7865
625 9910
626 794
626 1059
626 1504
626 2037
626 3006
626 3547
626 3946
626 4144
626 4312
626 6835
626 7016
626 7127
627 1027
627 1723
627 2042
627 2329
627 2610
627 2626
627 3339
627 3390
627 4016
627 4174
627 6842
627 6986
627 7784
628 1831
628 3266
628 3514
628 4923
628 7686
629 643
629 1014
629 1482
629 1541
629 1699
629 1717
629 2341
629 2751
629 3658
629 3763
629 4139
629 4152
629 5002
629 5260
629 6687
629 8001
629 8023
629 8486
630 1027
630 1071
630 2262
630 2574
630 4729
630 5029
630 9711
631 803
631 1693
631 2212
631 2540
631 3105
631 4284
631 4721
631 5856
631 5930
631 9673
632 823
632 3305
632 3520
632 6347
632 6580
632 9056
633 851
633 993
633 1455
633 1497
633 1988
633 2764
633 3854
633 6008
633 8271
633 9967
634 3837
634 4189
634 4921
635 842
635 1039
635 1213
635 1440
635 1493
635 1780
635 2206
635 2383
635 2691
635 2976
635 3206
635 3907
635 3974
635 4664
635 5264
635 7026
635 9362
636 1080
636 1994
636 3562
636 4049
636 4544
636 5257
637 1033
637 1108
637 1364
637 1707
637 1960
637 2199
637 3849
637 4172
637 4582
637 5164
637 6205
637 6271
637 6581
637 6926
637 8000
637 9415
638 2708
638 2836
638 3637
638 3901
638 4224
638 4716
638 6944
638 9305
638 9445
639 720
639 999
639 2164
639 2563
639 2959
639 3980
639 9774
640 920
640 1216
640 1344
640 2572
640 2867
640 3621
640 4004
640 4828
640 4966
640 5991
640 6015
640 7082
640 9934
641 8068
641 9327
642 1374
642 2676
642 3113
642 3165
642 3593
642 5122
642 5148
642 6569
643 1453
643 2295
643 3528
643 3826
643 5085
643 5421
643 6042
643 6320
643 7814
643 9355
644 2620
644 2754
644 3111
644 3116
644 7239
644 7597
644 9406
644 9949
644 9972
645 1379
645 1515
645 8630
646 1023
646 1136
646 2518
646 7387
646 8247
647 651
647 1777
647 1796
647 1946
647 3103
647 3330
647 3672
647 4498
647 4933
647 5161
647 5709
647 7206
647 7550
647 7812
647 7919
647 9376
648 1304
648 1514
648 1910
648 2533
648 3105
648 4606
648 4639
648 6136
648 6655
648 7855
648 9237
649 876
649 2218
649 3299
649 5475
649 5524
649 5846
649 6240
649 6412
649 8936
650 3341
650 5168
650 7174
650 9451
651 1644
651 4711
651 5414
651 5661
651 6370
652 836
652 860
652 890
652 957
652 1535
652 1586
652 1590
652 1730
652 5704
652 6516
652 6729
652 7377
652 8509
653 1318
653 1711
653 2149
653 3261
653 3422
653 5724
653 6237
653 7692
653 9239
654 720
654 1493
654 1743
654 3842
654 7158
655 1532
655 2862
655 3050
655 3541
655 4954
655 6075
656 772
656 933
656 1296
656 1581
656 1649
656 2115
656 2414
656 4455
656 5368
656 6391
656 7085
656 7273
656 7747
657 810
657 820
657 1020
657 2311
657 2426
657 2840
657 5028
657 5741
658 823
658 1277
658 1742
658 2564
658 3830
658 3976
658 4799
658 5427
658 6004
658 6893
658 8426
659 918
659 1156
659 1173
659 1691
659 1754
659 2204
659 2889
659 3530
659 3937
659 4043
659 4134
659 4154
659 4514
659 5174
659 5214
659 8614
659 9112
660 1745
660 1983
660 2361
660 5687
661 823
661 982
661 3912
661 4006
661 9695
662 689
662 2617
662 2764
662 2848
662 3282
662 3582
662 3842
662 4363
662 4382
662 4695
662 4721
662 5921
662 7177
662 8773
662 9649
663 2251
663 4191
663 7188
663 7652
663 7878
663 8308
663 9007
663 9073
664 3378
664 3780
664 7144
664 7803
665 2142
665 2583
665 3889
665 4334
665 4376
665 4602
665 4607
665 4847
665 5163
666 669
666 1026
666 1132
666 1548
666 2113
666 4487
666 4858
666 4983
666 5326
666 8403
666 8588
666 8670
666 8759
666 9199
666 9839
667 900
667 1283
667 1465
667 1832
667 1838
667 2046
667 2128
667 3870
667 4600
667 4933
667 6386
667 6543
667 7153
667 7303
667 8423
667 9006
667 9139
668 1491
668 5208
668 8244
669 675
669 1085
669 5068
669 7064
669 7083
669 8033
669 8287
669 8403
669 8566
669 8710
669 9460
670 1039
670 5233
670 7230
671 1109
671 1200
671 1223
671 1861
671 2099
671 2422
671 2899
671 4217
671 5757
671 9169
672 2433
672 2547
672 3274
672 4080
672 4841
672 7620
672 7860
672 8287
672 8643
672 8694
672 9015
672 9124
672 9648
673 1015
673 4671
673 8252
674 790
674 822
674 1281
674 1412
674 1821
674 2061
674 2828
674 2950
674 3411
674 3441
674 3579
674 3791
674 4374
674 5398
674 8263
674 8490
674 8836
675 926
675 937
675 1290
675 1555
675 2219
675 4003
675 4021
675 5196
675 6181
675 6659
675 6819
675 6979
675 7486
675 8199
675 8341
676 864
676 1548
677 827
677 1196
677 1368
677 1675
677 3960
677 4859
677 5016
677 5319
677 7176
677 8029
677 8136
678 704
678 770
678 1879
678 2158
678 2196
678 2298
678 2441
678 3029
678 3107
678 3202
678 3253
678 3904
678 4848
678 5779
678 6312
678 7980
678 8347
678 8448
678 9592
679 1191
679 2608
679 7975
679 9514
681 1160
681 5063
681 5249
681 8745
681 8853
682 1021
682 1174
682 1269
682 1325
682 1457
682 1579
682 2764
682 4300
682 4352
682 4389
682 4627
682 4866
682 6036
682 7997
682 8304
682 9839
683 759
683 799
683 1522
683 3500
683 4365
683 5479
683 5925
684 1802
684 2094
684 2451
684 3144
684 3875
684 5655
684 6856
684 7471
685 1252
685 1642
685 3032
685 6971
685 7985
685 8099
685 8626
686 991
686 1429
686 3361
687 1024
687 1549
687 3434
687 4026
687 9430
687 9633
688 2465
688 3662
688 3695
688 3830
688 4296
688 5535
688 5724
688 6312
688 6984
688 7094
688 8941
689 7619
690 855
690 877
690 1001
690 1552
690 2358
690 2710
690 2947
690 3460
690 6304
690 7646
690 8331
690 8662
690 9293
691 920
691 1961
692 978
692 1019
692 1069
692 1782
692 1840
692 2404
692 3597
692 3939
692 8699
693 1575
693 3464
694 1012
694 1742
694 2278
694 3122
694 4717
694 6839
694 6891
694 8104
695 713
695 997
695 1092
695 1214
695 1411
695 1937
695 2085
695 4037
695 4722
695 5263
696 854
696 3239
696 5771
696 7827
696 9237
697 912
697 1066
697 1668
697 1797
697 1984
697 2029
697 2258
697 2497
697 2799
697 2839
697 3498
697 4143
697 4335
697 4745
697 5642
697 5865
697 6236
697 6440
697 6511
697 6574
697 6607
697 9004
697 9035
697 9535
698 784
698 1475
698 2105
698 4138
698 5710
698 6197
698 8382
699 2901
699 3955
699 8366
700 740
700 1302
700 2337
700 3045
700 3461
700 3772
700 5787
700 7503
701 859
701 930
701 1210
701 1718
701 2008
701 2026
701 2099
701 2847
701 3154
701 3510
701 3770
701 3814
701 3836
701 4108
701 6005
701 6099
701 6298
701 7001
701 7083
701 7889
701 8032
701 8633
704 845
704 953
704 1088
704 1403
704 1447
704 1912
704 2368
704 2568
704 2911
704 3630
704 4452
704 6329
704 6505
704 6769
704 6804
704 6904
704 7684
704 8549
705 1503
705 1518
705 1749
705 1871
705 4045
705 5795
705 6411
705 9841
705 9900
706 1925
706 3540
706 3936
706 5095
706 5442
706 5604
706 5893
706 6028
707 2873
707 7409
708 829
708 8728
709 7513
710 783
710 866
710 893
710 988
710 1216
710 1539
710 2459
710 3401
710 6084
710 6090
710 7349
710 9789
711 1183
711 4512
711 4712
712 2349
712 2745
712 4240
712 5682
712 7128
712 7410
712 8321
713 939
713 1821
713 3175
714 1367
714 1384
714 1410
714 1440
714 1444
714 1523
714 1533
714 1546
714 1558
714 2373
714 2973
714 3335
714 3407
714 3775
714 4599
714 5113
714 5613
714 5716
714 5985
714 7447
714 9093
714 9447
715 761
715 1122
715 1366
715 1375
715 1436
715 1820
715 2828
715 3258
715 4934
715 5684
715 8037
715 8336
715 8656
715 9055
715 9117
715 9779
716 1470
716 1784
716 2618
716 3512
716 4307
716 6197
716 7667
716 8170
716 8265
716 8511
716 8771
716 9804
717 731
717 968
717 995
717 1227
717 1934
717 2928
717 2992
717 3496
717 3735
717 4558
717 4722
717 4749
717 5339
717 5499
717 5997
717 6970
717 7896
717 8919
717 8954
717 9408
718 964
718 1094
718 2109
718 2400
718 5455
718 6791
719 781
719 895
719 1365
719 1880
719 2780
719 2912
719 3489
719 4769
719 5677
719 9167
719 9254
720 4179
720 5475
720 9947
721 1242
721 5323
721 5696
721 5701
721 6460
721 6555
722 1377
722 3630
722 6001
722 6943
722 9722
723 4702
723 9635
724 1913
724 2846
724 9897
725 993
725 1671
725 2069
725 3107
725 4591
725 7179
725 7873
726 773
726 984
726 1795
726 4260
726 5035
727 980
727 1885
727 2859
727 3098
727 5816
727 9265
728 767
728 1977
728 2555
728 3956
728 4050
728 4485
728 5630
728 7473
728 8312
729 1568
729 2924
729 4084
729 4246
729 4663
729 6056
729 8331
730 934
730 6197
730 6883
730 8161
731 2380
731 6892
731 8184
732 1021
732 2234
732 3106
732 3212
732 3585
732 4404
732 4673
732 5380
732 6711
733 2765
733 3085
733 9738
734 1248
734 1354
734 1513
734 4118
734 6117
734 6307
734 8028
735 1502
735 2307
735 3848
735 5133
735 6408
735 6756
735 8428
735 8555
735 8713
735 9604
736 832
736 1461
736 1641
736 2474
736 2610
736 2960
736 3346
736 4005
736 5474
736 6190
736 6884
736 7822
736 7955
736 8081
736 9184
737 3697
737 8040
737 8474
737 8712
738 1188
738 1448
738 1787
738 1815
738 2448
738 3525
738 4347
738 4387
738 6100
738 6129
738 6526
738 7119
738 7833
738 8060
738 8296
738 8443
739 2681
739 2974
739 5514
739 6518
739 8687
740 1102
740 1863
740 2084
740 2793
740 3387
740 3917
740 4427
740 4550
740 5792
740 6043
740 6630
740 6747
740 6848
740 7510
740 8341
740 8644
740 9057
740 9154
740 9877
741 1857
741 1923
741 2561
741 3494
741 7862
742 862
742 938
742 961
742 1044
742 1050
742 1207
742 1537
742 1591
742 1899
742 1901
742 2375
742 2477
742 2747
742 2773
742 2942
742 2954
742 4422
742 4892
742 5776
742 6591
742 7715
742 7717
742 8076
742 8326
742 8881
742 8884
743 1775
743 2247
743 2295
743 6370
743 6706
743 6735
743 6874
743 7442
743 8666
743 9358
744 1749
744 1992
744 2536
744 2576
744 2703
744 2907
744 3124
744 6910
744 6996
744 9168
745 1209
745 5667
745 7105
745 8460
745 8753
746 766
746 809
746 1233
746 1446
746 1467
746 1506
746 2125
746 2724
746 3526
746 3988
746 4116
746 4593
746 4840
746 5320
746 9925
747 1196
747 2323
747 8353
748 2159
748 3072
749 1283
749 1736
749 3631
749 5268
749 6025
749 7043
749 7471
749 9625
750 852
750 1998
750 2313
750 2624
750 3608
750 7377
751 809
751 2590
751 2641
751 2788
751 5280
751 6120
751 7514
751 8972
751 9754
752 1179
752 2098
752 2646
752 6945
752 7453
752 8319
752 8806
753 774
753 1284
753 1340
753 2917
753 4951
753 6209
753 9853
754 1704
754 4705
754 5134
754 5922
754 6255
754 6329
754 7027
754 9125
755 760
755 1139
755 2721
755 3670
755 3703
755 5422
755 8241
756 1032
756 1734
756 3285
756 7756
757 944
757 1218
757 1585
757 9101
757 9220
758 2025
758 2178
758 2456
758 2944
758 5120
758 6432
759 1246
759 1434
759 1547
759 2424
759 3469
759 3536
759 3855
759 4587
759 5729
759 7197
759 7315
759 7379
759 7586
760 858
760 944
760 1333
760 1374
760 1543
760 1764
760 1870
760 1921
760 2926
760 3028
760 3343
760 3386
760 3625
760 4495
760 4780
760 4996
760 5285
760 6855
760 9999
761 796
761 911
761 1160
761 1765
761 2932
761 3953
761 4774
761 4784
761 4975
761 6768
761 7696
761 7889
761 9010
761 9096
762 2149
762 4505
762 9739
763 813
763 1171
763 2467
763 3998
763 6613
763 6819
763 8420
763 9377
764 1012
764 1103
764 3193
764 3914
764 4020
764 9261
765 1175
765 3357
765 3518
765 3553
765 4056
765 6737
765 6866
765 8026
765 8146
766 2266
766 5491
767 1047
767 1111
767 1114
767 1360
767 1415
767 1526
767 1657
767 1726
767 2258
767 2749
767 3636
767 4180
767 4460
767 5568
767 8065
768 1166
768 1202
768 1261
768 1277
768 1576
768 2032
768 2980
768 3170
768 3250
768 3517
768 4831
768 5022
768 5227
768 5313
768 6536
768 7194
768 7343
768 7965
768 8144
768 8217
768 8235
768 8502
768 8515
769 1184
769 1417
769 2986
769 3925
769 4205
769 6676
769 8360
770 6929
771 1774
771 2897
771 7696
772 8697
773 1106
773 1311
773 1751
773 2016
773 2471
773 2912
773 2958
773 3316
773 5300
773 6435
773 8575
774 1094
774 1855
774 2575
774 2841
774 4676
774 8102
776 1108
776 2643
776 6702
776 6789
776 7038
777 780
777 789
777 1202
777 1447
777 1984
777 1998
777 2571
777 2956
777 3637
777 3714
777 5418
777 5805
777 5925
777 6153
777 6552
777 7551
777 7704
777 7792
777 8675
778 1573
778 1602
778 2240
778 2523
778 3322
778 3629
778 3880
778 3926
778 4114
778 4879
778 5169
778 6327
778 6921
778 7041
778 7195
778 7539
778 7981
778 8355
778 8581
778 8715
779 1071
779 1894
779 2094
779 2253
779 4723
779 7655
780 938
780 1457
780 1799
780 1846
780 2894
780 5806
780 6784
780 6997
780 7511
780 9387
781 935
781 1866
781 2054
781 3633
781 3999
781 4225
781 5749
781 6839
781 8289
782 954
782 1468
782 1887
782 2740
782 2879
782 4096
782 4647
782 5690
782 9106
782 9364
783 1310
783 1562
783 3499
783 3604
783 5346
783 6241
783 6246
783 8913
783 8969
785 1309
785 1466
785 2388
785 2457
785 2547
785 2715
785 3326
785 4183
785 4695
785 7181
785 7360
785 7973
785 9081
786 1101
786 1339
786 2383
786 2421
786 4325
786 5257
786 6479
786 7238
786 9179
787 6579
788 825
788 1371
788 4112
788 4384
788 5440
788 5814
788 6886
789 1107
789 1491
789 2362
789 4808
789 5153
789 5341
789 5705
789 7132
789 9090
789 9812
790 2542
790 8708
790 9719
791 1396
791 1668
791 2054
791 2240
791 2466
791 2730
791 2874
791 3302
791 5318
791 5509
791 7362
791 8785
792 953
792 1605
792 1712
792 1864
792 5574
792 6103
792 6151
792 6309
792 6522
792 8320
793 987
793 1285
793 6054
793 7733
794 1013
794 1215
794 1295
794 5534
794 5605
794 5643
794 9524
795 2571
795 3592
795 4614
795 4617
795 5441
795 6353
795 6868
795 7201
795 7293
795 8006
795 9900
796 1323
796 1325
796 1692
796 2652
796 2746
796 6107
796 6735
796 7679
797 1084
797 1135
797 2632
797 3558
797 4500
797 5484
797 5624
797 5800
797 8765
797 8784
797 9174
798 1551
798 2068
798 2833
798 3027
798 3068
798 3577
798 4363
798 6231
799 1392
799 2850
799 3072
799 4390
799 7925
799 8107
799 9736
800 6705
801 937
801 1150
801 4765
802 1387
802 3374
802 3753
802 6118
803 2233
803 2519
803 3211
803 3604
803 4072
804 1722
804 2723
804 2963
804 6699
804 7257
804 8902
804 9918
805 1329
805 1444
805 2014
805 4873
805 5072
805 5359
805 9864
806 843
806 1237
806 1687
806 4423
806 5657
806 5844
807 3043
807 3814
807 4725
807 5466
807 6174
807 6717
807 7114
807 7555
807 8559
807 8811
808 895
808 1290
808 1590
808 2005
808 2476
808 2610
808 3399
808 3716
808 4353
808 4753
808 5625
808 5636
808 5731
808 6742
808 7358
808 9423
808 9428
809 1528
809 1849
809 2173
809 2184
809 2816
809 3043
809 3160
809 3205
809 3539
809 4736
809 4743
809 5006
809 5415
809 6276
809 7720
809 8673
810 1294
810 1618
810 2094
810 2515
810 2959
810 3065
810 3135
810 3858
810 4176
810 4187
810 5064
810 5356
810 5941
810 6320
810 8415
810 8671
810 9516
811 1058
811 1093
811 1941
811 3692
811 8743
812 1250
812 2321
812 2450
812 3850
812 4565
812 6680
813 1837
813 3275
813 3977
813 4265
813 5683
813 6938
813 8717
813 9161
814 1550
814 3798
814 6627
814 8744
815 916
815 1233
815 2636
815 3243
815 4441
815 6139
815 6514
815 6947
815 8904
815 9022
815 9446
816 2121
816 3363
816 5549
816 7289
816 8808
817 1645
817 1848
817 2275
817 5967
817 6415
817 8170
817 8225
817 8918
817 9303
817 9749
818 2002
818 3254
818 3405
818 5574
818 5877
818 6314
818 8174
818 8429
818 8506
819 1502
819 4403
819 6308
820 981
820 4428
821 2561
821 2883
821 4219
821 6155
821 7450
822 5890
822 7022
822 7250
823 1775
823 2919
823 5957
823 6694
823 6889
823 7178
823 7979
824 1088
824 1839
824 2320
824 6112
825 1044
825 1772
825 2430
825 2680
825 3589
825 4458
825 5310
825 7175
825 8248
825 8252
826 941
826 990
826 1588
826 3575
826 5349
826 5678
826 7760
827 1731
827 2157
827 3384
827 3606
827 5508
827 6714
827 7470
827 9121
828 2482
828 4956
828 5062
828 6842
829 3624
829 3714
829 4979
829 6643
829 6753
829 7612
829 7910
829 7998
829 9243
829 9313
829 9351
830 3487
830 4326
830 8467
830 8719
831 975
831 1070
831 1772
831 2324
831 2534
831 7085
831 7484
832 837
832 1101
832 1369
832 1439
832 2304
832 4120
832 7157
832 7845
832 8594
832 8933
833 1628
833 2188
833 3132
833 3647
833 4079
833 4205
833 9234
833 9272
833 9879
834 1228
834 1323
834 1755
834 2185
834 3125
835 1064
835 6051
835 6902
835 7194
835 8158
835 9448
836 913
836 5982
836 9165
837 2454
837 7287
838 1061
838 1121
838 1153
838 3812
838 4138
838 4440
838 4554
838 5099
838 6480
839 946
839 1222
839 1262
839 3207
839 6456
840 930
840 1223
840 1497
840 2215
840 5340
840 5496
840 7499
840 8048
840 9218
841 2490
841 4374
841 6330
842 1681
842 1812
842 2315
842 3568
842 5793
842 6110
842 7337
843 1060
843 2030
843 2569
843 7142
843 8085
843 8218
843 9847
844 903
844 1202
844 2524
844 5691
844 7880
845 982
845 996
845 1651
845 9604
846 884
846 1362
846 1397
846 1667
846 1777
846 1920
846 3497
846 4040
846 4462
846 4569
846 4955
846 5353
846 5728
846 7659
846 9851
847 912
847 978
847 2796
847 3744
847 4192
847 5134
847 5459
847 6862
847 8962
848 1401
848 2213
848 2327
848 2920
848 3709
848 3895
848 4377
848 4718
848 5322
848 6196
848 6546
848 6951
848 7920
848 7970
848 8154
848 8448
848 9645
849 934
849 1188
849 1283
849 1509
849 1927
849 2162
849 2272
849 2329
849 2385
849 3522
849 4433
849 4641
849 4719
849 4846
849 4899
849 5112
849 5438
849 5548
849 5553
849 5847
849 5938
849 8227
849 8462
849 8614
849 9144
849 9617
850 3643
850 4500
850 4738
850 5067
850 6829
850 7706
850 7916
850 8306
850 8695
851 1203
851 1562
851 2033
851 3929
851 5659
851 6520
851 7797
852 1136
852 1209
852 2106
852 2123
852 2357
852 3053
852 3163
852 4007
852 4192
852 5023
852 5157
852 5432
852 5856
852 6523
852 6612
852 7139
852 7572
852 9640
853 1531
853 1700
853 2600
853 2952
853 3239
853 3280
853 3950
853 4140
853 4890
853 5961
853 6670
853 7462
853 7574
853 7691
853 8955
853 9750
854 1097
854 4473
854 6977
855 3761
855 4232
856 1281
856 1303
856 2557
856 3816
856 3844
856 3913
856 4239
856 5136
856 6878
856 7663
856 8696
856 9203
858 3208
859 1518
859 1838
859 2944
859 3876
859 4158
860 1415
860 2805
860 4045
860 4935
860 6029
860 6491
860 6796
860 7828
860 8158
860 9231
860 9652
862 1587
862 2238
862 4354
862 4513
862 5097
862 6510
862 7018
862 8706
863 915
863 974
863 1007
863 1050
863 1082
863 1844
863 1889
863 2043
863 2049
863 2363
863 2453
863 2871
863 3576
863 3632
863 3731
863 4184
863 4727
863 5020
863 5041
863 5551
863 6059
863 6745
863 6848
863 6988
863 6991
863 7125
863 7352
863 7558
863 7688
863 7873
863 7973
863 8244
863 8315
863 9403
864 1201
864 3429
864 4899
864 5469
864 8184
864 9515
865 1418
865 1483
865 1911
865 2067
865 3466
865 6385
865 6907
865 7540
865 7729
865 9570
866 972
866 1063
866 1137
866 1759
866 1963
866 3060
866 3611
866 3911
866 6010
866 6311
866 7055
866 8734
866 9816
867 2263
867 3396
867 3822
867 3849
867 4857
867 9140
868 1373
868 2469
868 3032
869 1705
869 2036
869 4571
869 4792
870 881
870 1709
870 2568
870 3987
870 6144
870 9927
871 1876
871 2461
871 2521
871 3364
871 6250
871 6431
871 7344
871 8257
872 1232
872 1237
872 1352
872 1580
872 2141
872 4459
872 4993
872 7748
872 8728
872 9048
872 9887
873 2838
873 2918
873 4670
873 6567
873 8684
874 1381
874 1732
874 1916
874 2892
874 4775
874 8743
874 8857
874 9185
874 9353
875 1239
875 1622
875 1867
875 2222
875 2347
875 2781
875 4074
875 8152
876 3491
876 6020
877 931
877 2227
877 2501
877 3003
877 3256
877 7379
877 8305
878 1507
878 1938
878 4341
878 4435
878 5543
878 6286
879 1052
879 3707
879 4644
879 6092
879 7024
880 1229
880 1538
880 1572
880 2119
880 2449
880 2676
880 3243
880 4324
880 4577
880 5055
880 6006
880 8364
880 8458
880 9787
880 9825
881 931
881 1197
881 1534
881 2022
881 2284
881 2668
881 2820
881 3094
881 3704
881 6927
881 8845
881 9059
882 1211
882 1485
882 1837
882 3686
882 4067
882 6098
882 6392
882 7215
882 7754
882 7891
882 8237
882 8969
882 9314
883 905
883 1167
883 1302
883 1813
883 1951
883 5121
883 5478
883 5814
883 6806
883 8517
883 8729
884 2266
884 6651
884 8568
885 1265
885 1449
885 1552
885 2183
885 2261
885 2388
885 2600
885 3451
885 4485
885 4563
885 6495
885 6937
885 8815
885 9901
885 9943
886 1119
886 3038
886 8351
886 9026
887 1892
887 2470
887 4041
887 4391
887 8132
888 955
888 1908
889 1262
889 2288
889 2966
889 5371
889 5857
889 7397
889 9062
890 1764
891 3354
891 7572
891 8805
892 9638
893 2444
893 2680
893 6088
894 901
894 1040
894 1149
894 1396
894 1541
894 1753
894 6450
894 7207
894 7527
895 1116
895 1238
895 1292
895 2486
895 2672
895 3258
895 4344
895 6890
895 6966
895 8542
895 9709
896 1399
897 1564
897 2593
897 5855
897 9990
898 961
898 3934
898 4265
898 5445
899 1300
899 1828
899 1858
899 2699
899 2907
899 3067
899 3545
899 5025
899 5045
899 5591
899 6648
899 7867
899 8708
899 9053
900 2572
900 6281
901 1435
901 5577
901 7625
901 7957
901 8841
902 2271
903 6148
903 6157
903 9153
904 1348
904 4937
905 1039
905 1054
905 1170
905 2040
905 4779
905 6267
906 1426
906 2050
906 2070
906 3196
906 3736
906 3847
906 4827
906 5761
906 6071
906 6389
906 9315
907 1074
907 1148
907 1554
907 3657
907 5885
907 6318
907 6968
907 8206
908 2147
908 7007
908 7376
908 9915
909 1705
909 2257
909 3045
909 5231
909 7744
909 8017
910 1331
911 2052
911 2409
911 6139
911 6533
911 8833
912 1366
912 2249
912 2433
912 2505
912 4157
912 4645
912 4648
912 5230
912 5300
912 7200
913 6032
913 6406
914 1956
914 6498
914 6974
914 7545
914 9050
914 9600
915 1035
915 4928
915 6564
916 1140
916 7094
917 2648
917 3746
918 2906
918 3412
918 4683
918 7614
919 2211
919 2519
919 2676
919 2770
919 4152
920 3281
920 4425
920 9501
921 1375
921 2063
921 2468
921 2659
921 2891
921 2911
921 5689
921 6156
921 8025
921 8123
921 8378
921 8505
921 9503
922 1034
922 1643
922 1757
922 1983
922 2211
922 2923
922 3338
922 4077
922 4103
922 5965
922 6084
922 6414
922 6921
922 7394
922 8110
922 8121
922 8196
922 9899
923 2168
923 3783
924 1786
924 2232
924 2877
924 3786
925 3292
925 4886
925 5447
925 5531
925 5616
925 6374
925 6962
925 7129
925 9706
926 1702
926 2168
926 6974
927 2307
927 2331
927 5089
927 7921
928 6100
928 8686
929 1452
929 2070
929 3838
929 4796
929 5272
929 5801
929 7945
929 7963
929 8257
929 9116
929 9421
929 9969
930 1046
930 1395
930 2143
930 3008
930 3141
930 3623
930 9270
931 1678
931 3673
931 6026
931 9002
932 1051
932 3776
932 3862
932 4361
932 5456
932 7852
933 1264
933 1566
933 2340
933 3038
933 3047
933 5396
933 9085
934 1086
934 1402
934 1981
934 4077
934 5973
934 6000
934 6955
934 9003
935 2581
935 6663
936 1120
936 2040
936 6098
936 7561
937 1530
937 6828
938 1906
939 1789
939 6172
940 3972
940 9902
941 1469
941 1845
941 1868
941 2769
941 3442
941 4438
941 8103
942 1065
942 1194
942 1508
942 1559
942 1884
942 2100
942 2634
942 2725
942 3680
942 6010
942 6189
942 6269
942 6633
942 7250
942 7796
942 8686
942 8916
942 8996
942 9163
942 9467
943 1494
943 3582
943 3938
943 4233
943 4241
943 4413
943 6343
943 9696
944 4124
944 7313
945 1224
945 2039
945 2190
945 3757
945 6956
945 7867
945 9200
946 954
946 1037
946 1082
946 1224
946 1981
946 3095
946 3407
946 3587
946 3803
946 4261
946 6106
946 7145
946 8990
946 9854
947 3109
947 3213
947 7162
947 7363
947 9510
948 2045
948 2705
948 2783
948 7368
949 1724
949 2171
949 3419
949 5381
949 6640
949 7356
949 7578
950 966
950 1189
950 2685
950 5979
950 9931
951 2356
951 2454
951 2994
951 4111
951 4838
951 6439
951 8194
952 4359
952 5614
952 6037
952 8172
952 8423
952 8915
953 2329
953 4803
953 5766
954 2555
954 2902
954 2988
954 4574
954 7366
954 8908
954 9478
955 2863
955 5996
956 1908
957 1240
957 1587
957 1664
957 2403
957 3395
957 4345
957 5922
957 6968
957 7424
958 1412
958 2284
958 6183
958 6581
958 7261
958 8825
958 9590
959 1527
959 1860
959 2548
959 4883
959 7821
959 8293
960 1192
960 1812
960 2350
960 3279
960 3415
960 5159
960 5552
960 6096
960 7981
960 8038
960 8162
960 8388
960 9147
960 9757
960 9861
961 1484
961 4444
961 8642
961 8914
962 1023
962 1324
962 2521
962 6517
962 8150
963 1254
963 1834
963 2300
963 2330
963 8286
963 9205
964 2428
964 2595
964 2626
964 3478
964 3739
964 4696
964 4723
964 5415
964 5828
964 6910
964 7562
964 7760
964 8325
965 1433
965 9565
966 1159
966 1219
966 1878
966 3451
966 5296
966 5642
966 6961
966 7428
966 9061
966 9066
967 1154
967 8087
967 9542
968 983
968 1378
968 1476
968 2298
968 3001
968 4856
968 7640
968 7750
968 8816
968 8996
968 9622
969 1484
969 2957
969 9021
970 1098
970 1630
970 3096
971 7329
971 8220
972 1420
972 1512
972 2832
972 3348
972 7173
972 8818
972 9193
973 1502
973 1939
973 2154
973 2568
973 3103
973 4391
973 5202
973 7876
973 8994
974 1553
974 2666
974 3444
974 3534
974 7023
974 8754
975 5239
975 6128
976 1125
976 1239
976 1454
976 1622
976 1689
976 2600
976 2795
976 3520
976 3790
976 4067
976 4858
976 4973
976 5764
976 6003
976 7170
976 9416
977 8054
978 1803
978 2533
978 2736
978 3119
978 3439
978 3749
978 3997
978 4161
978 4653
978 6542
978 8455
979 1338
979 1706
979 2092
979 2290
979 3677
979 3774
979 4075
979 5920
979 5982
979 6438
979 6542
979 7329
979 7688
979 8772
979 8952
979 9213
979 9431
980 7616
981 1601
981 3070
981 3713
981 5795
981 7420
981 8250
981 8471
982 1721
982 2112
982 4515
982 9817
983 1089
983 1104
983 3365
983 5058
983 5360
983 6280
983 9153
983 9189
984 1009
984 1255
984 1660
984 1801
984 2138
984 2338
984 2599
984 2977
984 2989
984 3648
984 3768
984 3877
984 4024
984 4650
984 5349
984 5901
984 6504
984 6897
984 7265
984 7373
984 8451
984 9407
985 1412
985 2473
985 5114
986 1609
986 2733
986 3345
986 4221
986 5830
986 8242
986 8411
986 8473
987 1733
987 1841
987 2269
987 3553
987 3777
987 4773
987 6185
987 7030
987 7503
987 7911
987 8364
988 992
990 3090
990 3789
990 5515
990 9637
990 9799
992 1877
992 2857
992 3188
993 3704
993 4232
993 7309
993 8042
993 9305
994 2256
994 3936
994 4657
994 5648
994 5842
995 1435
995 5038
995 5308
995 5664
995 7340
995 8016
995 8792
995 9795
996 1319
996 1639
996 1826
996 2066
996 3838
997 1123
997 1245
997 1390
997 2769
997 2851
997 3422
997 3469
997 4968
997 5725
997 5771
997 8011
998 1036
998 1373
998 1672
998 1825
998 1980
998 3714
998 4190
998 6701
998 8410
998 8598
998 8856
999 1766
999 6603
999 7760
999 8685
999 9077
1000 1328
1000 2219
1000 2893
1000 2993
1000 3061
1000 3380
1000 3571
1000 3600
1000 5674
1000 7243
1001 1208
1002 1448
1002 4378
1002 4810
1002 6589
1002 7076
1002 7752
1002 8895
1003 1606
1003 2057
1003 2488
1003 9810
1004 1873
1004 2563
1004 2747
1004 2754
1004 3570
1004 5076
1004 5790
1004 7426
1005 5559
1006 1127
1006 3279
1006 9192
1007 8432
1007 9243
1007 9629
1008 1566
1008 2215
1008 2255
1008 2506
1008 2939
1008 3278
1008 5767
1008 6757
1008 7273
1008 7474
1008 8013
1008 9370
1009 1125
1009 2043
1009 2938
1009 4409
1009 4461
1009 5119
1009 5370
1009 6144
1009 6253
1009 7794
1009 8937
1009 9487
1010 6088
1010 7561
1010 8055
1010 8439
1010 8866
1011 2210
1011 3574
1012 2909
1012 3758
1012 8957
1012 9777
1013 2565
1013 6476
1013 7039
1013 7999
1014 2719
1014 3013
1014 3600
1014 3726
1014 3838
1014 4484
1014 4871
1014 5222
1014 5306
1014 5549
1014 6239
1014 7332
1014 7382
1014 7441
1014 7930
1015 1300
1015 9540
1016 2582
1017 1184
1017 1289
1017 1963
1017 2560
1018 1121
1018 2620
1018 3647
1018 3800
1018 6744
1018 7195
1018 7249
1019 1966
1019 2374
1019 5361
1019 5807
1019 7726
1019 9230
1019 9996
1020 2090
1020 2749
1020 2997
1020 3167
1020 3643
1020 5075
1020 6114
1020 6918
1020 7296
1020 8690
1020 9409
1021 1486
1021 2967
1022 2057
1022 2611
1022 4135
1022 6972
1022 7367
1023 1686
1023 3055
1023 5012
1023 5205
1023 5944
1023 6963
1023 7927
1023 9769
1023 9906
1024 1307
1024 1311
1024 1459
1024 1478
1024 1521
1024 1672
1024 1793
1024 2544
1024 2556
1024 4761
1024 5190
1024 5490
1024 6191
1024 7491
1025 1259
1025 1767
1025 2031
1025 2805
1025 3616
1025 5553
1025 7081
1025 7239
1026 6212
1026 6584
1026 6820
1026 6843
1027 1430
1027 1927
1027 1937
1027 2842
1027 3891
1027 4171
1027 5087
1027 5496
1027 6563
1027 6766
1027 8204
1027 8238
1027 8787
1027 9611
1028 5015
1028 8445
1029 1785
1029 3137
1029 3890
1029 4129
1029 7921
1029 9201
1029 9204
1030 1158
1030 1676
1030 2432
1030 9674
1031 1048
1031 1447
1031 1517
1031 1550
1031 1571
1031 1814
1031 2119
1031 3296
1031 4144
1031 4187
1031 4554
1031 5091
1031 5360
1031 5777
1031 5852
1031 6963
1031 7084
1031 7324
1031 8528
1031 8752
1031 9517
1032 3142
1032 4715
1032 4782
1032 5521
1032 7455
1033 2030
1033 3938
1033 4768
1033 7362
1033 8731
1034 1683
1034 7468
1034 8170
1035 1606
1035 1909
1035 2900
1035 3468
1035 3957
1035 4060
1035 6672
1035 8169
1035 8822
1035 9911
1036 2816
1036 2962
1036 4433
1037 2200
1037 6165
1038 2640
1038 3087
1038 4701
1038 6374
1038 8422
1039 1382
1039 2744
1039 3767
1039 3977
1040 2464
1040 9732
1041 1578
1041 2260
1041 2835
1041 3324
1041 5024
1041 5256
1041 6140
1041 6538
1041 7166
1041 8448
1041 8545
1042 1333
1042 1967
1042 3997
1042 4292
1042 4640
1042 4853
1042 4912
1042 5330
1042 5411
1042 5947
1042 6373
1042 6407
1042 7464
1042 9239
1043 1079
1043 1265
1043 2635
1043 2771
1043 3421
1043 3967
1043 4212
1043 4453
1043 6601
1043 8990
1043 9150
1043 9683
1043 9928
1044 1704
1044 1943
1044 1953
1044 2207
1044 2389
1044 2918
1044 3622
1044 4913
1044 6777
1044 7779
1044 7802
1044 8777
1045 2287
1045 3568
1045 9031
1046 1906
1046 2349
1046 8171
1047 1334
1047 2342
1047 3517
1047 5444
1048 1258
1048 2635
1048 4014
1048 4037
1048 4304
1048 6066
1048 7418
1048 7888
1048 9393
1049 2603
1049 5388
1050 3056
1050 5206
1050 5781
1050 9263
1051 1236
1051 1362
1051 1594
1051 1755
1051 4422
1051 4638
1051 6810
1051 7698
1052 2146
1052 5224
1052 5490
1052 7167
1052 9385
1053 1917
1053 3781
1053 5971
1054 2554
1054 6873
1054 9381
1055 1857
1055 2140
1055 2818
1055 2901
1055 3219
1055 4155
1055 4250
1055 4761
1055 5525
1055 5600
1055 6976
1055 9095
1055 9385
1056 3400
1056 3722
1056 8223
1056 9155
1057 1124
1057 1449
1057 1934
1057 2562
1057 2659
1057 2765
1057 4520
1057 7893
1057 8967
1058 1128
1058 1224
1058 1747
1058 1804
1058 2105
1058 2149
1058 2549
1058 2618
1058 2632
1058 2786
1058 3199
1058 3235
1058 4341
1058 4898
1058 5040
1058 5461
1058 5633
1058 5788
1058 5890
1058 6075
1058 6932
1058 7846
1058 8084
1058 8483
1058 8809
1058 9500
1060 1430
1060 4009
1060 4368
1060 9061
1061 1306
1061 3244
1061 8051
1061 9257
1062 8050
1063 3304
1063 4518
1064 1911
1064 6871
1064 8262
1065 1457
1065 2422
1065 5479
1065 7812
1065 8501
1065 9082
1065 9117
1066 1108
1066 2479
1066 2824
1066 3333
1066 3430
1066 3470
1066 3886
1066 5403
1066 5944
1066 6392
1066 6486
1066 6920
1066 7398
1066 9131
1067 1128
1067 2157
1067 2217
1067 2937
1067 5423
1068 1341
1068 1557
1068 2499
1068 2663
1068 3295
1068 3351
1068 4166
1068 5512
1068 5654
1068 8165
1069 1669
1069 1816
1069 4091
1069 6777
1069 6788
1069 7254
1070 1170
1070 1176
1070 1567
1070 1731
1070 1735
1070 1974
1070 2657
1070 3083
1070 3193
1070 3264
1070 3950
1070 6586
1070 7182
1070 8473
1070 8966
1070 9206
1071 2790
1071 4839
1071 7432
1071 9249
1072 2343
1072 2431
1072 5821
1072 6459
1072 8504
1072 9051
1072 9115
1072 9608
1073 1144
1073 2776
1073 3929
1073 5167
1073 5569
1073 9047
1074 1626
1074 1822
1074 2001
1074 2029
1074 3965
1074 4426
1074 6348
1074 6952
1074 9208
1074 9470
1074 9954
1075 3144
1075 4589
1075 5992
1075 6082
1075 6098
1075 6971
1075 7939
1076 1297
1076 1909
1076 2338
1076 2792
1076 2819
1076 3727
1076 3883
1076 4153
1076 7481
1076 8646
1077 2513
1077 3479
1077 4130
1077 5076
1077 7064
1077 7244
1077 8077
1077 8190
1077 8536
1078 1407
1078 1781
1078 2513
1078 3398
1079 1898
1079 4631
1079 8361
1079 8536
1079 8637
1080 2258
1080 2372
1080 3168
1080 3464
1080 4898
1080 5097
1080 6496
1080 8005
1080 8066
1080 9872
1081 1121
1081 2522
1082 1221
1082 1346
1082 1491
1082 2217
1082 5394
1082 5560
1082 5893
1082 7055
1082 7295
1082 7964
1082 8037
1082 9872
1083 2139
1083 4317
1083 5532
1083 6305
1083 8696
1084 1989
1084 5022
1084 6548
1084 8427
1085 1383
1085 1869
1085 2261
1085 4983
1085 5132
1085 6336
1085 7466
1085 7822
1085 9498
1086 2660
1086 3139
1086 6053
1086 6872
1087 5673
1087 9278
1087 9970
1088 2197
1088 3337
1088 4123
1088 4471
1088 4764
1088 5200
1088 6576
1088 6648
1088 6727
1088 6865
1088 7386
1088 7719
1089 2382
1089 3474
1089 3848
1089 5166
1089 6922
1090 1321
1090 4530
1090 7339
1091 2074
1091 4192
1091 4572
1091 6063
1091 7456
1091 9447
1091 9807
1092 1854
1092 1857
1092 4229
1092 5829
1092 5830
1092 7346
1092 7993
1092 8046
1093 1630
1093 2503
1093 3036
1093 3638
1093 4501
1093 4577
1093 6067
1093 7020
1093 7583
1093 8112
1093 8680
1093 8978
1094 1253
1094 1419
1094 2084
1094 2613
1094 2655
1094 2790
1094 3859
1094 4938
1094 6912
1095 1103
1095 1615
1095 2016
1095 2230
1095 2935
1095 4781
1095 5000
1095 5762
1095 6072
1095 9940
1096 1608
1096 5918
1096 6798
1096 8137
1097 1564
1097 2396
1097 3436
1097 3874
1097 4821
1097 9320
1097 9679
1098 1115
1098 1488
1098 2047
1098 2317
1098 3149
1098 3227
1098 3371
1098 3493
1098 4244
1098 4783
1098 6469
1098 8259
1098 8782
1098 9566
1100 1251
1100 1383
1100 3374
1100 4756
1100 4950
1100 9327
1100 9949
1101 9483
1102 2425
1102 3452
1102 3759
1102 4819
1102 5092
1102 5850
1102 5947
1102 6020
1102 6174
1102 6249
1102 6611
1102 6943
1102 8362
1103 3853
1103 3991
1103 9278
1104 1317
1104 4564
1104 5241
1105 1516
1105 2757
1105 3217
1105 3387
1105 4362
1105 4903
1105 4957
1105 5011
1105 5888
1106 1632
1106 2292
1106 6412
1107 2003
1107 2079
1107 4565
1107 7316
1107 7977
1107 8291
1107 9149
1108 1327
1108 2879
1108 3343
1108 4460
1108 4852
1108 4861
1108 5789
1108 6489
1108 6815
1109 3252
1109 4602
1109 4727
1109 5183
1109 5820
1109 6497
1109 7182
1109 9677
1110 3830
1110 5685
1111 1201
1111 3413
1111 8141
1112 2036
1112 5243
1112 7034
1112 7679
1112 8483
1112 8944
1112 9646
1113 3864
1113 5853
1113 8621
1113 9871
1114 3892
1115 1238
1115 1774
1115 3000
1116 1546
1116 1891
1116 3078
1116 3506
1116 4261
1116 7123
1117 1522
1117 2399
1118 4004
1119 1166
1119 1287
1119 2970
1119 3278
1119 3569
1119 4042
1119 9050
1119 9095
1119 9435
1119 9636
1120 1600
1120 1830
1120 2060
1120 2081
1120 2514
1120 2654
1120 4691
1120 5155
1120 5454
1120 5656
1120 5777
1120 5967
1120 6202
1120 6418
1120 6724
1120 7230
1120 7771
1120 8078
1121 2750
1121 7608
1122 1280
1122 3856
1122 5683
1122 7163
1123 1395
1123 2597
1123 4049
1123 4254
1124 1822
1124 2991
1124 8739
1125 1711
1125 2190
1125 2942
1125 5918
1125 6939
1125 7835
1125 9804
1126 1874
1126 3246
1126 3326
1126 5286
1126 6786
1126 7559
1126 9034
1126 9576
1127 2174
1127 2729
1127 2739
1127 4130
1127 5711
1127 6391
1127 6478
1127 7202
1127 8761
1128 1975
1128 2662
1128 3124
1128 4537
1128 6076
1128 6133
1128 6245
1128 7029
1128 7480
1128 8074
1129 1633
1129 2580
1129 3679
1129 4669
1129 7084
1129 8468
1129 9622
1130 9547
1131 2794
1131 6832
1131 9769
1132 6973
1132 8118
1133 1713
1133 2688
1133 6942
1133 7924
1134 3887
1134 5183
1134 6962
1134 7331
1134 8659
1134 8882
1134 9026
1135 5538
1135 6713
1135 8378
1136 2546
1136 3042
1136 4704
1136 8345
1136 9150
1136 9981
1137 1234
1137 1422
1137 2095
1137 2432
1137 2689
1137 2969
1137 3207
1137 3392
1137 3874
1137 3987
1137 4506
1137 4510
1137 4536
1137 4999
1137 5545
1137 5917
1137 7118
1137 7818
1138 3911
1138 4062
1139 2165
1139 2273
1139 2384
1139 3127
1139 9143
1139 9505
1140 1232
1140 1438
1140 2350
1140 3154
1140 3459
1140 3588
1140 4708
1140 5155
1140 5886
1140 6171
1140 6216
1140 6781
1140 7147
1140 9025
1140 9378
1140 9603
1141 1842
1141 2121
1141 2408
1141 3121
1141 4709
1141 5977
1141 8589
1141 9087
1142 1380
1142 2328
1142 2615
1142 2677
1142 3581
1142 3863
1142 9896
1143 2570
1143 2634
1143 2910
1143 3121
1143 8104
1143 9444
1144 2553
1144 5250
1144 5680
1144 7881
1144 9522
1145 2131
1145 3668
1145 9088
1146 2460
1146 2939
1146 7239
1146 7984
1146 8500
1146 8672
1147 1406
1147 1424
1147 1819
1147 2209
1147 3521
1147 4396
1147 5101
1147 5803
1147 6382
1147 6605
1147 7087
1147 7781
1147 7942
1147 8099
1147 8785
1147 9716
1148 1913
1148 2604
1148 4504
1148 4652
1148 6354
1148 6582
1149 1409
1149 1859
1149 1949
1149 3827
1149 4151
1149 5126
1149 7796
1151 2381
1151 3007
1151 3718
1151 4360
1152 3268
1152 7036
1153 5374
1153 5427
1153 7070
1153 7186
1154 1362
1154 1640
1154 2529
1154 2575
1154 4355
1154 5145
1154 5695
1154 6728
1154 8228
1156 3356
1156 3738
1156 4084
1157 1195
1157 2131
1157 7730
1158 5327
1158 5826
1158 6170
1158 8075
1159 1453
1159 4197
1159 5220
1159 5998
1159 6575
1159 8323
1159 8643
1159 8792
1159 8897
1159 9452
1160 1583
1160 2978
1160 3347
1160 3986
1160 4910
1160 6540
1160 6565
1160 7617
1160 8951
1160 9494
1161 5773
1161 7158
1161 9578
1162 8014
1163 2575
1163 3375
1163 4030
1163 7947
1163 8422
1163 8602
1163 8778
1164 1326
1164 2376
1164 4758
1164 5450
1164 5794
1164 7579
1166 1684
1166 2716
1166 3133
1166 4674
1166 4740
1166 6379
1166 7073
1166 7388
1166 8089
1166 9044
1166 9781
1168 1371
1168 2042
1168 2059
1168 3294
1168 3453
1168 4360
1168 6644
1168 8752
1168 9478
1169 1463
1169 1680
1169 2654
1169 2986
1169 3317
1169 3356
1169 3517
1169 7742
1169 8097
1170 1487
1170 2254
1170 3311
1170 6000
1170 8072
1171 2042
1171 2219
1171 2611
1171 3087
1171 3476
1171 4394
1171 7247
1172 2024
1172 2458
1172 9924
1173 2706
1173 3449
1173 4094
1173 4133
1173 4278
1173 5526
1173 6636
1173 6686
1173 7080
1173 8130
1173 8252
1173 8724
1174 1350
1174 1616
1174 2117
1174 2941
1174 4101
1174 4173
1174 5865
1174 7199
1174 9960
1175 1318
1175 1451
1175 1817
1175 1935
1175 6086
1175 6246
1175 9753
1176 2661
1176 2881
1176 3241
1176 3634
1176 4412
1176 4584
1176 6741
1176 8160
1176 9353
1176 9373
1177 2344
1177 5436
1177 5548
1177 5982
1177 6025
1177 7689
1178 2467
1178 2989
1178 3336
1178 3867
1178 5936
1178 6304
1178 7038
1178 7744
1179 1322
1179 1628
1179 2416
1179 5671
1179 6077
1179 9213
1180 1336
1180 1864
1180 2138
1180 3497
1180 4628
1180 5404
1180 5416
1180 6588
1180 8699
1180 9079
1181 1589
1181 2655
1181 7922
1181 9608
1182 1370
1182 1918
1182 2088
1182 2130
1182 2165
1182 2209
1182 2271
1182 2301
1182 2310
1182 2452
1182 2903
1182 2916
1182 3347
1182 3969
1182 3996
1182 4597
1182 4942
1182 5210
1182 5420
1182 5696
1182 6021
1182 6417
1182 6662
1182 6881
1182 7529
1182 7799
1182 8435
1182 9167
1182 9387
1182 9556
1182 9857
1183 1286
1183 2302
1183 3099
1183 6720
1183 8950
1183 9282
1184 1472
1184 1512
1184 2242
1184 2494
1184 2809
1184 3127
1184 3187
1184 3472
1184 4704
1184 5005
1184 5650
1184 5865
1184 6891
1184 7711
1184 8899
1185 1703
1185 3474
1185 5634
1185 9436
1185 9639
1186 1245
1186 2170
1186 2711
1186 3125
1187 2213
1187 4932
1187 7220
1187 9680
1187 9858
1188 5310
1188 7759
1188 9489
1189 1820
1189 2137
1191 4053
1191 4837
1191 5408
1191 7274
1192 2185
1192 2822
1192 9838
1193 1291
1193 1561
1193 2517
1193 3476
1193 3881
1193 4218
1193 5410
1193 6994
1193 7989
1193 8982
1193 9805
1193 9821
1194 1244
1194 1428
1194 2858
1194 3073
1194 3332
1194 3656
1194 3765
1194 4006
1194 4028
1194 4221
1194 4659
1194 5037
1194 5685
1194 5869
1194 7009
1194 7709
1194 8333
1195 2791
1195 3674
1195 5187
1195 6804
1195 7438
1196 1614
1196 2275
1196 2815
1196 5398
1196 6203
1196 6972
1197 8094
1197 8653
1197 9631
1197 9979
1198 3207
1198 7129
1198 9447
1199 3693
1199 6568
1200 1696
1200 1905
1200 2585
1200 3096
1200 4619
1200 5147
1200 5522
1200 8518
1200 9270
1200 9732
1201 4747
1201 7052
1202 1269
1202 1915
1202 1965
1202 6221
1202 7599
1204 4287
1204 4881
1204 6499
1204 7772
1204 8569
1205 1981
1205 2196
1205 2964
1205 3567
1205 3624
1206 1242
1206 3602
1206 5116
1206 5218
1207 1725
1207 1959
1207 3475
1207 7008
1207 8200
1208 2553
1208 2591
1208 4092
1209 8308
1210 2499
1210 2750
1210 9148
1211 4069
1211 4751
1211 5016
1211 5383
1211 6791
1211 8361
1211 8617
1211 9599
1211 9620
1212 1346
1212 2152
1212 2268
1212 2631
1212 5845
1213 1609
1214 2295
1214 4495
1214 5528
1214 5990
1214 7047
1214 9562
1215 1282
1215 1538
1215 4332
1216 1317
1216 2226
1216 2705
1216 2946
1216 9437
1217 3729
1217 6656
1217 6838
1218 2306
1218 7161
1218 7632
1219 1420
1219 2355
1219 3502
1219 3794
1219 3974
1219 4120
1219 4263
1219 4505
1219 6194
1219 8527
1219 8829
1219 9614
1220 1638
1220 1866
1220 2098
1220 2144
1220 2209
1220 2416
1220 2457
1220 5918
1220 6064
1220 9109
1220 9352
1221 3594
1221 4118
1221 5338
1222 2424
1222 2750
1222 3726
1222 5330
1223 1570
1223 4979
1223 6423
1223 6472
1223 6931
1223 6940
1223 7493
1223 7807
1224 1614
1224 3002
1224 4036
1224 4919
1225 2962
1226 7361
1226 8414
1227 2665
1227 2820
1227 2842
1227 3138
1227 3540
1227 3965
1227 7903
1228 1932
1228 2458
1228 6282
1228 8690
1228 9611
1229 1616
1229 5399
1229 6787
1229 8011
1230 5362
1230 7092
1231 2083
1232 1679
1232 1698
1232 1806
1232 1971
1232 2733
1232 2896
1232 3663
1232 4432
1232 5193
1232 6173
1232 6303
1232 6553
1232 7058
1232 7929
1232 8222
1232 9224
1232 9432
1233 1721
1233 2363
1233 2473
1233 3057
1233 3827
1233 4070
1233 6266
1233 8202
1233 9321
1234 2803
1234 2921
1234 3364
1234 3976
1234 5137
1234 9190
1235 1880
1235 9029
1236 1728
1236 2222
1236 3054
1236 3208
1236 3623
1236 4588
1236 5315
1236 5463
1236 5938
1236 6763
1236 7781
1236 7938
1236 9178
1237 3294
1237 3673
1237 5556
1237 7002
1237 8124
1237 9736
1238 2022
1238 2691
1238 9342
1240 1734
1240 3064
1240 3668
1240 5165
1240 7421
1240 8505
1241 1883
1241 2972
1241 4334
1241 5692
1241 8652
1242 1331
1242 1476
1242 2498
1242 3388
1243 4877
1243 4986
1243 5524
1243 5719
1244 1588
1244 3603
1244 4377
1244 4695
1244 6377
1244 7573
1244 8433
1244 9516
1245 1329
1245 3156
1245 3331
1245 5324
1246 1841
1246 2602
1246 5275
1246 9990
1247 2812
1247 5656
1248 2378
1248 3157
1248 7831
1249 1629
1249 4001
1249 6359
1249 9027
1250 4885
1250 5474
1250 9247
1250 9466
1251 2065
1251 5723
1251 7389
1252 1356
1252 1471
1252 7677
1253 2089
1253 5811
1253 9801
1254 1266
1254 1376
1254 7878
1255 2642
1255 2678
1255 3172
1255 4930
1255 5870
1255 7874
1256 1455
1256 2725
1256 2832
1256 5194
1256 5575
1257 1472
1257 2683
1257 3301
1257 3623
1257 7298
1258 2028
1258 7752
1258 8124
1259 6125
1260 1445
1260 1480
1260 2101
1260 2647
1260 2879
1260 3581
1260 4327
1260 6452
1260 9640
1261 4811
1262 2139
1262 5453
1262 7602
1262 9241
1263 3016
1263 8806
1264 2426
1264 2625
1264 2661
1264 2991
1264 7238
1265 1280
1265 1648
1265 6278
1265 7748
1265 8196
1265 8781
1265 9922
1266 1389
1266 1636
1266 3075
1266 3442
1266 5303
1266 7102
1266 8010
1266 9547
1267 3692
1267 5825
1268 1698
1268 3635
1268 4183
1269 6126
1270 1338
1270 1500
1270 4180
1271 2714
1271 3851
1271 7926
1272 1718
1272 2767
1272 4658
1272 7819
1273 2683
1273 4701
1273 7124
1273 9049
1274 2748
1274 5866
1275 2446
1275 4798
1275 5401
1275 6626
1276 1799
1276 5188
1276 5520
1276 5916
1277 5819
1277 7302
1278 2147
1278 4063
1278 4418
1278 5040
1278 6081
1279 1827
1279 2419
1279 4845
1280 1669
1280 2205
1280 2282
1280 2366
1280 2902
1280 4082
1280 4122
1280 5354
1280 6112
1280 6143
1280 6697
1280 7566
1281 1495
1281 1773
1281 2730
1281 7468
1282 2063
1282 4323
1282 4812
1282 6785
1282 7353
1283 1618
1283 3050
1283 3102
1283 3145
1283 3400
1283 3721
1283 5984
1283 9155
1284 1777
1284 2198
1284 8295
1285 2574
1285 2588
1285 2804
1285 3934
1285 4438
1285 4502
1285 4857
1285 6129
1285 6254
1286 1851
1286 3251
1286 5411
1286 6446
1286 6969
1287 4839
1287 8303
1287 9074
1287 9334
1288 2267
1288 2492
1288 2837
1288 3147
1288 3232
1288 3564
1288 4845
1288 5473
1288 6064
1288 6081
1288 6828
1288 6887
1288 8055
1288 8599
1288 8602
1288 8641
1289 1338
1289 1341
1289 1810
1289 1887
1289 1955
1289 2979
1289 3261
1289 3293
1289 3361
1289 5745
1289 6582
1289 8267
1289 8818
1290 1354
1290 3288
1290 5451
1290 7495
1292 1400
1292 2174
1292 3396
1292 5119
1292 7237
1292 9803
1293 1561
1293 1778
1293 5743
1293 7224
1293 8069
1293 8904
1293 9727
1294 3949
1294 7953
1294 8355
1294 9437
1295 2095
1295 2709
1295 3650
1295 5041
1296 1880
1296 1923
1296 3732
1296 8484
1297 3381
1297 4628
1297 4648
1299 1505
1299 2627
1300 6714
1301 2665
1301 3123
1301 5344
1301 8512
1301 8662
1301 9935
1302 1386
1302 1590
1302 1740
1302 7589
1302 9070
1303 8995
1304 2068
1304 2133
1304 2341
1304 3067
1304 9474
1305 5824
1305 7698
1305 8713
1306 1720
1306 1763
1306 1791
1306 2590
1306 3480
1306 3519
1306 4873
1306 5516
1306 5730
1306 6050
1306 8221
1306 8896
1306 9057
1306 9821
1307 6361
1307 9031
1307 9138
1307 9908
1308 1442
1308 3448
1308 4293
1308 8793
1309 4561
1310 2550
1310 5032
1310 6685
1310 8893
1311 2825
1311 5442
1312 1873
1312 4451
1312 4469
1312 4830
1312 7276
1312 8348
1313 1573
1313 2231
1313 5347
1313 5395
1313 6122
1313 6242
1314 1327
1314 1948
1314 4626
1314 5589
1315 3091
1315 4251
1315 4835
1315 6152
1315 6596
1315 6652
1315 7180
1315 7553
1315 7597
1315 7816
1315 9013
1315 9486
1316 1349
1316 2191
1316 2636
1316 9016
1317 5506
1318 3184
1318 3680
1318 4999
1318 8463
1318 9863
1318 9929
1319 5260
1319 5953
1319 6468
1320 9535
1321 1340
1321 1694
1321 2146
1321 2375
1321 3682
1321 4128
1321 4996
1321 5379
1321 5734
1321 8600
1321 8779
1322 2036
1322 2826
1322 5121
1322 5859
1322 7553
1322 7701
1322 8483
1322 8891
1323 1743
1323 1945
1323 2616
1323 2714
1323 3408
1323 4491
1323 6163
1323 7375
1323 7718
1323 8153
1323 8997
1323 9337
1323 9355
1323 9708
1324 1634
1324 2959
1324 5966
1324 9182
1325 1584
1325 1851
1325 2004
1325 2134
1325 2151
1325 2372
1325 2860
1325 4081
1325 6231
1325 6497
1326 1348
1326 1905
1326 9030
1327 5605
1328 1907
1328 2579
1328 7445
1328 7600
1328 8783
1329 1373
1329 1377
1329 2656
1329 2935
1329 3340
1329 3629
1329 3885
1329 4679
1329 5390
1329 8676
1329 9432
1329 9822
1330 1397
1330 2025
1330 2148
1330 3939
1330 3954
1330 4917
1330 5796
1330 6055
1330 7812
1330 9759
1330 9985
1331 7134
1332 1644
1332 2838
1332 3989
1332 7825
1332 8491
1332 9089
1333 6146
1333 7401
1334 6299
1335 5834
1336 1675
1336 2239
1336 3115
1336 6896
1336 8887
1337 3599
1337 5024
1337 5039
1337 5273
1337 9446
1338 2035
1338 2371
1338 2394
1338 4720
1338 7224
1339 5728
1340 1790
1340 2623
1340 2779
1341 2591
1341 3038
1341 4633
1341 5956
1341 8466
1341 9650
1342 1643
1342 1908
1342 2112
1342 2201
1342 2355
1342 5681
1342 6934
1342 7095
1342 8584
1343 1391
1343 2008
1343 2586
1343 5958
1343 5986
1343 6090
1343 6881
1343 7421
1344 7960
1345 1498
1345 2076
1345 3644
1345 4295
1345 4305
1345 4402
1345 4833
1345 5547
1345 6957
1345 7074
1345 7678
1345 8004
1345 9252
1345 9668
1346 2306
1346 6222
1346 7787
1347 1987
1347 2391
1347 4182
1348 2969
1348 3973
1348 8441
1349 4922
1349 8915
1349 9162
1350 3122
1350 6446
1350 7637
1350 8854
1350 8900
1352 2192
1352 4785
1352 6684
1352 7527
1353 4213
1354 1787
1354 2337
1354 3539
1354 3706
1354 6327
1354 7660
1354 8613
1355 2865
1356 2462
1356 3174
1356 4811
1356 6444
1356 9733
1357 1419
1357 5485
1357 6553
1357 6704
1357 6905
1357 7305
1357 8612
1358 1415
1358 1789
1358 4119
1358 4340
1358 4829
1358 8721
1359 1690
1359 3011
1359 3569
1359 4256
1359 7907
1360 2929
1360 3644
1360 3766
1360 3832
1360 4223
1360 6513
1360 9357
1360 9834
1361 1639
1361 4139
1361 8228
1361 9569
1362 1592
1362 1996
1362 4104
1362 6172
1362 6429
1362 6442
1362 8732
1363 2005
1363 3079
1363 3913
1363 3975
1363 5414
1363 7440
1364 1929
1364 2352
1364 2364
1364 2723
1364 4112
1364 4237
1364 4306
1364 5200
1364 5278
1365 2838
1366 4706
1366 4932
1366 5126
1366 5474
1366 8213
1367 1539
1367 3737
1367 5883
1368 1470
1368 6494
1369 2203
1369 2580
1369 2886
1369 3746
1369 3809
1369 3887
1369 4094
1369 4339
1369 9606
1370 2673
1370 3727
1370 5520
1370 5962
1370 6456
1370 7926
1370 9428
1371 3354
1371 4294
1371 5755
1371 6007
1372 4291
1372 5452
1372 5950
1372 7590
1372 7674
1373 2965
1373 8492
1374 2980
1374 3125
1374 5227
1374 5627
1374 6940
1374 9856
1375 1999
1375 2163
1375 4397
1375 4710
1375 5099
1375 5266
1375 6500
1375 7231
1375 7933
1375 8206
1376 2197
1376 3634
1376 4827
1377 1800
1377 9762
1378 2419
1378 2818
1378 3044
1378 3402
1378 5889
1378 6355
1378 8635
1378 8942
1379 1570
1379 2198
1379 2748
1379 3645
1379 5772
1379 6309
1379 7547
1379 8201
1380 6851
1381 2296
1381 2853
1381 2953
1381 3126
1381 3370
1381 3566
1381 5077
1381 5759
1381 6930
1382 3544
1382 5792
1382 6758
1383 1399
1383 1520
1383 4792
1383 5144
1383 8379
1383 9796
1384 1427
1384 1611
1384 1827
1384 1841
1384 3340
1384 3415
1384 3420
1384 3880
1384 5939
1384 6757
1384 7023
1384 7341
1385 1576
1385 1832
1385 2343
1385 2714
1385 3185
1385 3806
1385 4224
1385 4542
1385 7342
1385 7856
1385 8836
1386 1440
1386 3430
1386 3831
1386 5031
1386 5486
1386 7950
1386 9259
1387 2252
1387 2697
1387 7038
1387 7378
1388 1907
1388 3431
1388 3878
1388 3958
1388 4658
1388 8193
1388 8758
1388 9269
1389 2946
1390 1599
1390 1620
1390 1746
1390 6001
1390 9343
1391 1403
1391 2382
1391 2421
1391 3283
1392 1778
1392 1823
1392 3489
1392 3773
1392 3878
1392 3975
1392 4710
1392 5678
1392 8589
1392 9076
1392 9258
1393 5389
1393 6234
1393 6352
1393 6376
1393 7476
1393 9404
1394 1875
1394 2027
1394 4032
1395 2881
1395 4392
1395 5081
1395 5725
1395 5962
1395 8524
1397 1429
1397 1525
1397 3127
1397 4228
1397 7967
1398 2449
1398 4920
1398 4993
1398 6880
1399 1768
1399 2164
1399 3798
1399 4189
1399 4511
1399 4624
1399 8842
1400 2500
1400 2832
1400 3491
1400 3776
1400 3852
1400 4531
1400 7072
1400 7698
1400 8305
1400 8548
1400 9471
1401 6649
1401 7317
1401 7342
1402 5827
1403 1558
1403 2284
1403 5325
1404 1551
1404 1601
1404 3931
1404 6802
1404 7990
1404 8593
1404 9832
1405 2230
1405 3177
1405 6464
1405 6749
1405 8148
1406 1886
1406 3665
1406 4559
1406 5775
1406 6908
1406 8405
1407 4482
1407 7413
1408 2704
1408 2836
1408 3821
1408 5884
1408 5948
1408 6688
1408 7530
1408 7585
1409 3285
1409 3595
1409 6947
1410 1844
1410 2954
1410 4064
1410 4739
1410 5434
1410 6524
1410 7335
1410 7577
1411 1605
1411 1641
1411 1846
1411 1904
1411 2110
1411 2114
1411 2155
1411 2774
1411 3580
1411 3747
1411 3933
1411 5332
1411 5726
1411 5835
1411 6500
1411 7659
1411 8040
1411 8496
1411 9126
1411 9157
1411 9184
1411 9276
1413 1443
1413 6898
1414 2565
1414 2727
1414 2795
1414 3805
1414 3963
1414 8090
1414 8325
1415 1982
1415 2126
1415 4625
1415 5481
1415 7204
1415 9824
1415 9912
1416 5802
1416 5823
1417 2402
1417 2450
1417 6027
1417 7556
1417 8624
1418 2114
1418 2402
1418 3701
1418 3773
1418 3866
1418 4864
1419 2874
1419 7881
1419 8008
1420 1756
1420 3523
1421 1503
1421 1729
1421 2594
1421 8143
1421 9951
1422 3286
1422 3532
1422 4134
1422 5338
1422 5815
1423 2124
1423 4516
1423 5145
1423 5455
1423 5645
1423 5907
1423 6279
1423 8087
1424 3023
1424 3684
1424 7501
1425 3119
1425 4107
1425 4878
1425 5137
1425 5372
1425 6675
1425 7664
1425 8727
1425 9283
1426 6922
1427 8030
1427 8313
1428 1540
1428 1563
1428 1798
1428 6057
1430 3353
1430 6653
1430 6863
1431 2948
1431 4024
1432 1626
1432 1898
1432 5516
1432 6948
1433 8117
1433 9146
1434 2184
1434 6034
1435 5941
1435 7742
1436 1980
1436 2273
1436 2404
1436 4198
1436 4404
1436 4520
1436 6093
1436 7775
1437 1598
1437 2618
1437 2987
1437 5366
1437 7405
1437 7433
1437 7702
1437 9991
1438 2420
1438 3025
1438 3762
1438 4567
1438 5098
1438 5514
1438 5707
1438 5722
1438 8862
1439 2799
1439 3021
1439 6330
1439 7445
1440 2397
1440 2588
1440 2812
1440 2836
1440 3471
1440 4802
1440 5131
1440 5800
1440 7396
1440 9659
1441 1532
1441 3056
1441 4865
1441 7712
1441 8026
1442 3142
1442 4643
1442 5645
1443 2944
1443 5233
1443 5326
1443 5635
1443 7650
1443 8451
1443 8480
1443 9064
1444 1960
1444 1985
1444 2020
1444 2708
1444 3612
1444 4853
1444 6649
1444 9480
1444 9964
1446 4630
1446 5780
1446 8926
1446 9648
1446 9934
1447 2027
1447 2097
1447 3404
1447 3812
1447 5054
1447 7725
1447 7971
1447 9019
1447 9599
1448 2493
1448 2952
1448 3224
1449 1677
1449 1711
1449 2781
1449 3492
1449 3626
1449 8200
1450 2411
1451 2277
1451 3223
1451 5887
1451 6774
1452 1639
1452 3259
1452 4102
1452 5956
1452 6930
1453 4069
1453 7414
1454 1623
1454 1965
1455 1811
1455 4888
1455 6121
1456 6427
1456 6432
1456 9888
1457 8640
1458 1946
1458 2184
1458 6384
1458 7535
1459 1931
1459 5064
1459 9019
1459 9822
1460 3778
1460 4881
1460 6525
1460 7910
1461 3915
1461 7110
1462 2951
1462 6331
1462 8013
1462 9621
1463 2155
1463 2778
1463 2855
1463 2955
1463 6193
1463 8144
1463 8423
1464 4333
1464 5439
1464 6730
1464 9661
1465 2248
1465 2744
1465 4279
1465 4610
1465 7546
1465 9324
1466 3988
1466 8867
1467 2151
1467 2289
1467 8151
1468 3371
1470 3752
1471 3711
1471 3729
1471 4218
1471 7051
1471 9831
1472 2384
1472 6162
1472 6358
1472 7075
1472 9232
1473 1480
1473 2108
1473 2383
1473 3101
1473 3389
1473 3706
1473 4263
1473 5751
1473 6853
1474 1938
1474 2640
1474 3618
1474 6342
1474 8872
1474 9291
1475 1899
1475 2551
1475 2739
1475 3472
1475 4004
1475 4353
1475 5502
1475 6178
1475 6248
1475 6847
1475 7150
1475 7675
1475 8168
1475 8285
1475 9043
1475 9630
1476 1804
1476 2126
1476 7531
1476 8522
1477 2019
1477 3605
1477 5413
1477 5602
1477 5833
1477 7266
1477 7417
1477 7899
1477 9646
1478 3100
1479 1697
1479 1974
1479 2169
1479 3051
1479 6784
1479 8707
1480 1920
1480 2330
1480 2979
1480 4299
1480 6975
1480 7447
1480 9677
1481 1595
1481 4325
1481 5022
1481 8552
1481 8781
1482 3617
1482 3776
1482 4106
1482 4756
1482 6019
1482 7313
1482 7925
1483 1808
1483 6387
1484 5791
1484 9008
1484 9492
1485 7312
1485 8212
1486 3701
1487 1594
1487 2161
1487 4730
1487 6329
1488 1848
1488 3366
1488 3637
1488 5258
1488 5835
1488 7190
1488 7304
1488 7542
1488 9324
1488 9525
1489 1922
1489 2282
1489 2333
1489 2987
1489 3537
1489 3764
1489 6210
1489 6833
1489 7615
1490 4124
1490 4791
1490 6729
1490 8538
1491 8462
1492 2926
1492 4065
1494 2144
1494 2668
1494 2695
1494 7492
1494 9692
1494 9865
1495 1754
1495 3417
1495 3442
1495 3664
1495 4066
1495 4238
1495 7144
1495 7868
1495 9878
1495 9994
1496 2424
1496 3112
1496 3805
1496 5439
1496 7986
1497 3319
1497 5554
1497 7103
1497 7631
1497 8726
1498 1637
1498 2679
1498 3329
1498 3349
1498 3664
1498 4546
1498 4839
1498 5142
1498 5304
1498 5390
1498 5851
1498 5855
1498 5911
1498 6335
1498 6359
1498 6479
1498 6870
1498 8890
1498 9884
1499 2777
1499 4870
1499 6521
1499 9002
1499 9771
1500 2642
1500 3320
1500 4212
1500 5090
1500 5483
1500 5557
1500 5620
1500 5848
1500 6316
1500 9275
1500 9479
1500 9601
1501 1656
1501 4457
1501 5373
1501 5558
1501 8976
1501 9420
1502 2181
1502 2545
1502 6818
1502 8810
1503 1970
1503 3029
1503 3945
1503 4617
1503 5160
1503 5329
1503 5536
1503 5849
1503 6683
1503 7382
1503 8791
1503 9544
1503 9882
1504 1835
1504 2306
1504 2732
1504 2877
1504 3348
1504 3685
1504 4063
1504 4612
1504 4699
1504 4783
1504 5359
1504 5384
1504 5926
1504 6369
1504 6754
1504 9662
1505 1545
1505 2228
1505 2413
1505 7291
1505 7728
1505 8628
1507 3669
1507 4009
1507 6031
1509 1543
1509 2434
1509 2504
1509 3510
1509 3628
1509 3876
1509 4593
1509 4892
1509 6671
1509 7170
1509 8242
1509 9226
1509 9236
1509 9289
1509 9787
1510 1652
1510 1779
1510 6116
1510 7355
1510 9575
1511 1676
1511 6364
1511 6555
1511 7072
1511 9292
1512 2854
1512 3687
1512 4734
1512 4938
1512 5422
1512 5730
1512 6564
1512 7442
1512 8004
1512 8319
1513 1650
1513 2160
1513 3135
1514 1877
1514 2912
1514 3171
1514 3698
1514 5780
1514 6864
1514 7473
1514 8083
1514 9069
1515 2002
1515 3188
1515 4347
1516 2850
1516 4926
1516 9784
1517 3958
1517 5290
1517 6990
1518 3715
1519 4089
1520 2894
1520 3468
1520 4441
1520 5802
1520 6673
1520 6682
1520 7106
1520 8177
1520 8529
1521 2956
1521 4420
1521 8706
1523 5034
1523 9089
1523 9833
1524 2562
1524 3064
1524 3546
1524 5043
1524 5782
1524 6173
1524 7096
1524 7605
1524 8493
1524 8720
1525 1747
1525 2472
1525 6063
1525 9774
1526 2904
1526 9146
1526 9208
1527 2288
1529 3141
1529 4949
1530 2223
1530 2928
1530 3875
1530 4543
1530 4852
1530 5369
1531 1668
1531 1810
1531 2391
1531 2722
1531 3033
1531 3513
1531 3953
1531 4675
1531 4911
1531 5892
1531 5894
1531 6297
1531 6603
1531 7303
1531 8049
1531 8820
1532 1954
1532 2309
1532 2461
1532 2937
1532 3277
1532 3349
1532 7122
1532 7913
1532 8205
1533 9868
1534 2855
1534 3230
1534 5295
1534 9133
1534 9840
1535 1604
1535 2824
1535 4277
1535 5220
1535 5619
1535 5700
1535 6363
1535 8088
1536 1968
1536 1978
1536 5246
1536 5435
1536 9558
1537 1658
1537 2007
1537 3726
1537 3797
1537 4311
1537 6322
1537 6924
1537 7334
1537 9368
1537 9879
1538 2206
1538 7606
1538 8740
1539 4503
1540 2041
1540 2406
1540 7348
1540 8277
1541 2153
1541 3618
1541 4741
1541 5082
1541 7647
1541 8412
1542 4822
1542 5096
1542 8667
1542 9669
1543 1632
1543 3777
1543 5266
1543 5652
1543 8539
1543 8625
1544 1733
1544 2971
1544 3273
1544 4921
1544 5008
1544 6321
1544 6432
1544 7180
1544 7228
1544 7452
1545 1780
1545 1875
1545 2396
1545 3272
1545 3584
1545 3797
1545 5768
1545 8709
1546 4217
1546 6721
1547 1661
1547 2129
1547 2250
1547 2370
1547 2661
1547 3509
1547 6593
1547 6661
1547 8046
1548 3642
1548 4545
1548 5449
1548 9658
1549 9133
1550 1825
1550 2286
1550 2395
1550 3036
1550 3084
1550 3706
1550 5582
1550 6087
1550 6295
1550 8388
1550 9499
1550 9727
1551 4117
1551 4481
1551 5629
1551 5640
1551 5708
1551 5912
1551 7156
1551 8697
1553 1897
1554 5498
1554 7755
1554 8817
1555 1933
1555 2279
1555 2340
1555 2598
1555 3377
1555 4027
1555 4506
1555 6656
1555 8342
1555 8981
1556 2507
1556 2526
1556 3161
1556 5154
1556 7225
1557 8568
1558 1921
1558 3289
1558 6576
1558 9402
1559 3246
1559 3896
1559 4208
1559 5211
1559 7988
1559 8173
1559 9925
1560 2427
1560 4060
1561 1865
1561 2009
1561 2079
1561 2282
1561 2374
1561 2389
1561 2792
1561 2819
1561 3151
1561 3696
1561 4392
1561 5691
1561 7035
1561 7217
1561 7611
1561 9892
1562 2229
1562 2793
1562 3467
1562 3494
1562 3882
1562 4703
1562 6950
1562 7922
1562 9225
1562 9950
1563 1783
1563 2967
1563 5799
1563 7190
1563 9226
1564 3874
1564 4247
1564 5468
1564 5695
1565 2280
1565 5207
1565 6035
1565 7879
1566 1637
1566 2187
1566 2447
1566 4220
1566 4741
1566 5775
1566 7750
1566 7754
1567 8669
1568 1661
1568 3051
1568 3801
1568 4017
1568 9004
1569 3271
1569 6123
1570 2225
1570 2949
1570 3384
1570 3571
1570 3672
1570 6007
1571 2631
1572 2301
1572 3484
1572 3910
1572 4141
1572 4193
1572 4978
1573 2006
1573 4423
1573 4946
1573 6137
1573 6720
1573 7515
1573 8094
1574 2423
1574 5375
1574 5378
1575 1804
1575 1942
1575 2072
1575 2415
1575 6299
1575 7914
1576 2045
1576 2313
1576 5285
1576 6504
1576 7888
1576 7897
1576 9378
1576 9518
1577 1600
1577 3482
1577 4573
1577 6355
1578 2917
1578 4012
1578 4102
1578 6418
1578 6433
1578 7623
1578 7982
1579 2462
1579 3741
1579 5321
1579 8302
1579 9596
1580 1677
1580 1868
1580 3015
1580 3566
1580 3942
1580 4956
1580 5488
1580 5889
1580 6383
1580 7108
1580 7686
1580 7864
1580 9466
1581 1973
1581 3707
1581 3770
1581 3939
1581 4070
1581 8638
1582 1964
1582 2057
1582 7345
1583 1602
1583 2264
1583 2463
1583 2738
1583 5250
1583 6125
1583 9862
1584 2982
1584 4947
1584 8358
1585 8837
1585 9255
1586 3927
1587 2041
1587 5248
1587 5281
1587 7391
1587 9347
1587 9956
1588 2220
1588 2310
1588 3807
1588 6768
1588 7027
1588 7307
1589 1634
1589 2245
1589 7923
1589 9726
1589 9953
1590 3302
1590 6587
1591 2899
1591 3731
1591 7788
1591 8434
1591 9783
1592 1931
1592 2853
1592 4058
1592 4222
1592 4543
1592 4605
1592 5353
1592 5739
1592 8452
1592 8933
1592 8942
1593 7692
1593 9555
1594 6741
1594 8434
1595 3744
1595 3762
1595 8817
1596 1691
1596 2549
1596 3252
1596 3727
1596 5905
1596 7960
1596 8281
1596 9860
1597 1633
1597 2122
1597 2375
1597 2579
1597 3238
1597 3840
1597 3943
1597 4063
1597 5769
1597 6179
1597 7838
1597 8579
1597 9886
1598 4594
1598 5831
1598 7680
1598 8177
1599 2107
1599 2999
1599 4194
1599 6301
1599 7940
1599 8563
1599 9633
1600 1687
1600 1773
1600 2156
1600 3512
1603 2670
1603 7193
1603 7924
1604 1783
1604 2020
1604 4098
1604 5680
1604 8412
1605 9917
1606 2311
1606 2401
1606 4961
1606 7216
1606 7862
1608 3635
1608 7669
1608 9430
1609 4164
1609 4914
1610 4770
1611 1637
1611 2324
1611 2720
1611 3128
1611 8406
1612 4592
1612 5185
1612 9557
1613 5756
1613 6824
1613 8561
1614 8036
1615 5720
1616 3604
1616 6095
1616 6525
1616 6709
1616 7221
1617 2778
1618 1828
1618 3029
1618 3871
1618 4743
1618 8477
1618 9090
1618 9739
1619 6258
1620 2667
1620 8368
1621 2214
1621 7818
1621 8578
1621 8706
1622 2081
1622 2089
1622 3861
1622 4923
1622 5057
1622 7820
1622 8122
1622 8793
1622 8918
1623 3418
1623 3741
1623 4169
1623 5905
1623 7715
1624 2607
1624 3724
1624 4105
1624 4237
1624 4245
1624 4264
1624 4609
1624 9888
1625 2051
1625 2081
1625 3247
1625 3809
1625 6156
1625 7167
1625 7267
1625 9060
1626 2594
1626 4726
1626 5230
1627 8673
1628 2254
1628 2393
1628 2480
1628 3960
1628 4076
1628 4201
1628 4755
1628 6484
1628 6919
1628 7587
1629 2740
1629 3556
1629 3722
1629 4880
1629 6388
1629 8217
1630 1984
1631 9097
1633 1863
1633 2484
1633 2807
1633 3136
1633 3162
1633 3710
1633 3815
1633 4248
1633 4776
1633 5083
1633 9028
1634 9957
1635 5733
1636 2481
1636 2550
1636 2995
1636 3552
1636 6094
1636 8642
1637 2322
1637 3035
1637 4346
1637 5476
1637 8870
1638 2865
1638 7019
1638 8176
1639 4606
1639 6556
1639 7021
1640 5936
1640 8910
1641 3501
1641 3544
1641 4271
1641 4962
1641 6713
1641 8231
1642 3816
1642 3826
1642 4930
1642 6321
1642 7299
1642 7841
1643 1792
1643 2657
1643 2908
1643 3026
1643 3499
1643 3794
1643 5125
1643 5189
1643 5483
1643 7075
1643 7703
1643 8036
1643 8386
1643 8397
1643 9331
1643 9389
1643 9551
1645 2530
1645 2737
1645 3155
1645 6079
1646 2701
1646 3003
1646 5517
1646 8903
1647 3808
1647 4043
1647 6308
1647 6599
1648 2163
1648 2381
1648 3884
1648 4464
1648 4851
1648 5001
1649 4992
1650 2738
1651 1761
1651 2075
1651 3073
1651 7863
1651 9034
1652 3577
1653 2731
1653 2756
1653 2854
1653 2975
1653 3533
1653 4686
1653 5613
1653 7025
1653 9091
1654 2318
1654 2920
1654 3383
1654 3445
1654 4884
1654 5115
1654 5533
1654 5949
1654 9729
1655 2925
1656 2009
1656 2010
1656 3469
1656 4464
1656 4619
1656 7123
1656 7302
1656 9383
1656 9690
1657 3751
1657 4130
1657 4320
1657 6911
1658 3683
1659 2834
1659 3077
1659 5858
1659 7472
1660 3126
1660 3892
1660 3899
1660 4272
1660 4553
1660 5958
1660 7392
1660 7656
1660 9072
1660 9559
1660 9608
1662 2169
1662 5166
1662 5298
1662 5364
1662 6099
1662 6532
1662 7235
1662 9982
1663 4211
1663 5195
1663 6153
1663 6566
1664 9565
1665 2063
1665 2484
1665 3008
1665 3439
1665 5895
1665 5960
1665 6859
1665 7663
1665 9332
1665 9499
1666 2017
1666 2469
1666 2833
1666 3034
1666 3230
1666 4055
1666 4310
1666 4706
1666 4832
1666 4991
1666 5095
1666 5125
1666 5410
1666 5950
1666 6368
1666 7388
1666 7465
1666 8208
1666 8688
1666 9280
1666 9595
1666 9901
1667 2487
1668 2938
1668 3248
1668 3461
1669 3105
1669 5815
1669 6873
1669 8690
1671 1708
1671 8963
1671 9484
1672 4600
1672 5587
1672 5594
1672 6111
1673 2808
1673 2915
1673 4836
1673 6135
1673 6756
1673 7403
1673 7696
1673 8865
1673 9497
1674 6138
1675 5104
1675 5348
1675 5861
1675 6510
1675 7297
1675 7963
1675 8863
1676 4085
1676 4355
1676 5711
1677 1800
1677 2004
1677 2326
1677 2377
1677 5637
1677 5708
1677 5714
1677 5752
1677 5978
1677 6365
1677 7865
1677 8897
1678 1756
1678 3198
1678 3842
1678 6037
1678 7326
1678 7578
1678 7606
1678 7607
1679 2313
1679 5256
1679 5742
1679 8298
1680 3138
1680 5469
1680 5550
1680 5972
1681 3754
1681 3966
1681 5137
1681 5351
1681 5891
1681 6009
1681 8052
1681 9560
1681 9755
1682 2971
1682 4336
1682 4576
1682 5760
1682 7187
1682 7610
1682 7929
1682 8702
1682 9965
1683 2852
1683 6762
1685 3567
1687 2314
1687 2512
1687 3596
1687 3935
1687 4938
1687 6260
1688 5799
1688 6078
1689 3699
1690 4683
1691 1986
1691 2211
1691 2257
1691 3092
1691 3455
1691 3755
1691 7286
1692 1820
1692 9651
1693 1806
1693 2229
1693 2588
1693 2726
1693 3597
1693 4357
1693 6286
1693 8620
1693 8693
1694 4470
1694 5651
1694 6807
1695 2984
1695 9982
1696 2617
1696 5447
1696 5800
1696 5995
1696 7849
1696 9189
1697 2791
1697 2817
1697 4564
1697 4650
1697 4737
1697 5004
1697 6724
1697 9313
1698 8741
1699 2604
1699 2742
1699 3044
1699 3431
1699 4010
1699 4466
1699 4507
1699 5164
1699 5384
1699 5973
1699 6450
1699 8702
1699 8976
1700 3039
1700 3268
1700 9832
1701 3437
1701 3756
1701 3797
1701 4083
1701 4409
1701 4481
1701 5876
1701 6062
1701 7740
1701 8475
1702 2233
1702 3695
1702 3784
1702 4189
1703 3270
1703 4149
1703 4890
1703 4964
1703 5242
1703 6205
1703 6229
1703 8416
1703 9643
1704 2172
1704 8400
1704 9914
1705 3190
1705 3444
1705 6988
1706 2406
1706 2972
1706 4166
1706 5875
1706 6225
1707 3260
1707 5757
1707 6434
1708 3242
1708 6625
1708 7559
1708 8452
1708 8508
1708 9791
1709 4003
1709 8160
1710 1862
1710 2858
1710 3652
1711 2277
1711 2724
1711 2994
1711 4967
1711 4969
1711 5217
1712 1790
1712 3883
1712 7204
1712 7385
1712 8776
1712 9140
1713 2153
1713 2694
1713 2952
1713 2981
1713 3505
1713 3818
1713 4305
1713 4490
1713 4882
1713 5114
1713 5216
1713 5665
1713 6254
1713 6371
1713 6800
1713 6981
1713 7996
1715 2651
1715 3654
1715 9519
1716 6155
1716 8611
1717 1969
1717 2909
1717 4682
1717 6187
1717 8389
1717 8818
1717 8898
1719 2670
1719 2915
1719 3572
1719 3602
1719 3859
1719 6198
1719 8730
1720 2048
1720 3306
1720 3416
1720 7533
1720 9662
1721 8801
1722 1890
1722 2208
1722 3524
1723 3675
1723 3786
1723 5789
1723 9645
1724 2478
1724 2596
1724 2684
1724 6268
1725 3081
1725 7973
1726 6328
1727 1926
1727 7914
1728 2747
1728 6675
1729 3804
1730 7463
1731 2998
1731 3028
1731 4963
1731 5206
1731 5749
1731 7293
1731 7853
1731 9342
1732 1827
1732 1842
1732 3136
1732 9890
1733 3158
1733 3278
1734 2648
1734 3833
1734 4211
1734 4256
1734 5719
1734 6514
1734 7191
1734 8151
1734 9295
1734 9611
1734 9711
1736 3596
1737 2432
1737 4684
1737 7869
1738 4546
1738 5629
1738 5634
1738 6607
1738 7101
1738 9256
1739 6306
1740 1972
1740 2845
1740 3098
1740 3391
1740 9965
1741 2013
1741 4314
1741 4772
1741 6124
1741 6228
1741 8531
1742 2412
1742 7285
1743 2390
1743 3707
1743 6561
1743 7039
1743 8301
1744 2052
1744 4236
1745 1896
1745 2146
1745 2481
1745 4120
1746 6322
1747 4498
1747 6545
1748 2651
1748 2934
1748 4367
1748 4616
1748 7197
1748 8573
1748 9166
1749 1916
1749 3090
1749 7378
1750 4187
1751 1795
1751 4131
1751 5282
1751 7776
1751 8385
1751 9796
1751 9844
1753 2060
1753 2221
1753 3740
1753 4440
1753 5141
1753 6183
1753 6904
1753 7029
1753 7328
1753 7338
1753 7774
1753 7882
1754 2044
1754 2960
1754 3834
1754 4332
1754 6488
1754 7518
1754 7820
1755 4114
1755 9394
1755 9960
1756 2110
1756 2675
1756 3240
1756 3299
1757 8696
1758 1971
1758 2405
1758 4434
1759 2132
1759 2885
1759 3140
1759 3492
1759 4847
1759 4922
1760 5959
1760 6237
1760 7213
1761 3424
1761 3466
1761 4668
1761 4789
1761 8869
1763 2790
1763 5467
1763 5580
1764 3938
1765 4476
1766 1808
1766 2593
1766 3169
1766 4514
1766 5459
1766 8285
1766 8632
1766 9385
1767 3386
1767 5277
1767 5808
1767 7364
1768 2595
1768 2763
1768 5686
1769 2118
1769 4679
1769 6566
1770 3057
1770 5580
1771 1858
1771 2999
1771 7820
1772 2896
1772 6923
1773 7066
1773 8481
1774 3395
1774 5143
1775 2629
1775 5283
1776 1915
1776 1958
1776 2668
1776 2788
1776 3172
1776 4161
1776 5951
1776 6024
1776 6895
1776 7047
1776 7952
1776 8147
1776 9455
1776 9712
1777 2466
1777 7384
1778 3919
1778 6048
1778 6611
1778 6972
1778 7577
1778 8225
1780 3272
1780 3462
1780 4419
1781 1807
1781 2287
1781 2443
1781 3022
1781 4273
1781 4317
1781 5822
1781 7369
1781 7587
1781 8867
1781 9714
1782 1958
1782 2082
1782 7708
1782 8133
1783 2015
1783 7946
1784 1822
1784 3159
1784 3621
1784 3669
1784 3787
1784 4857
1784 6218
1784 6360
1784 6692
1784 7441
1784 8234
1784 8787
1784 9162
1785 4273
1785 7426
1785 9814
1786 2873
1786 5767
1786 8316
1786 9897
1787 3348
1787 4135
1788 5789
1788 7958
1789 4939
1790 2312
1790 7633
1790 8164
1790 9423
1791 1862
1792 2068
1792 3191
1792 3737
1792 3891
1792 5178
1792 8505
1793 2195
1793 4255
1793 5694
1793 6230
1793 6630
1793 7220
1794 2969
1795 6707
1795 7566
1795 8426
1795 8815
1795 9077
1796 5272
1796 6762
1796 6789
1796 9266
1797 2734
1797 3954
1797 4481
1797 5366
1797 6164
1797 6993
1798 2339
1798 7262
1798 8002
1799 1823
1799 2151
1799 5576
1800 2299
1800 4901
1800 5104
1800 9744
1801 2826
1802 2897
1803 4453
1803 6443
1803 6743
1803 8240
1803 8924
1804 4411
1804 5213
1804 8715
1804 9655
1805 4672
1806 1923
1806 2315
1806 2656
1806 6426
1806 9261
1807 2775
1807 3591
1807 6527
1807 7770
1807 9412
1808 3344
1808 3860
1808 3928
1808 6829
1808 8457
1808 9186
1809 2120
1809 4071
1809 6154
1810 2440
1810 6559
1811 3171
1811 4916
1811 6878
1811 9219
1811 9453
1812 7751
1813 2477
1813 5782
1813 5902
1813 6493
1813 6636
1813 8046
1813 9676
1814 7325
1814 7591
1814 8333
1815 2125
1815 4560
1815 5699
1815 6617
1815 7685
1816 2397
1816 6919
1816 9830
1817 2586
1817 3199
1817 3209
1817 4174
1817 4222
1817 4812
1818 1936
1818 3783
1818 5499
1819 2707
1819 4158
1819 6267
1819 6818
1820 1881
1820 6669
1821 1889
1821 3104
1821 3964
1821 4529
1821 5401
1821 5822
1821 8337
1822 2014
1822 3531
1822 4365
1822 7997
1822 8547
1823 2496
1823 3560
1823 3779
1823 8117
1823 9961
1824 3852
1825 3325
1825 3385
1826 5614
1826 7552
1827 1968
1827 2297
1827 2602
1827 3834
1827 3921
1827 4229
1827 6837
1827 7786
1827 8290
1827 9532
1827 9744
1828 2077
1828 2558
1828 2605
1828 3466
1828 3794
1828 4170
1829 4354
1829 9671
1830 2696
1830 4456
1830 6702
1830 9883
1831 2347
1831 2566
1831 3554
1831 4113
1831 6453
1831 7236
1832 4446
1832 6551
1832 9412
1833 2113
1833 2876
1833 4035
1833 5935
1833 7697
1833 8906
1834 1888
1834 5139
1835 1990
1835 2974
1835 6703
1836 5539
1836 7629
1837 2103
1837 2534
1837 4361
1837 5850
1837 7641
1837 9110
1837 9259
1837 9378
1838 1884
1838 4886
1838 4986
1838 5492
1838 5560
1839 2336
1839 2945
1839 3408
1839 3518
1839 4088
1839 4899
1839 5831
1839 8925
1839 9772
1840 2794
1840 2847
1840 3097
1840 3382
1840 7404
1840 8481
1840 9695
1841 2398
1841 5202
1841 8180
1841 9501
1842 4977
1842 7185
1843 2025
1843 3821
1843 5600
1843 8587
1843 9392
1844 2590
1844 3792
1844 3961
1844 4068
1844 4322
1844 4784
1844 4872
1844 8020
1845 4745
1845 5977
1845 6727
1846 3119
1846 4502
1846 4881
1846 5812
1846 5897
1846 6337
1846 8840
1846 9588
1847 2543
1847 3287
1847 4312
1848 4443
1848 6491
1849 2167
1849 3322
1849 3364
1849 3845
1849 4167
1849 4471
1849 5107
1849 7205
1849 7709
1849 8518
1849 8557
1850 2663
1850 4106
1850 5056
1850 6217
1850 7276
1851 2900
1851 3601
1851 7416
1852 4449
1852 4667
1852 8198
1853 2589
1853 2736
1853 4168
1853 8544
1854 2811
1854 7060
1856 2136
1856 4383
1856 5077
1856 5509
1856 5578
1856 6168
1856 7244
1857 3161
1857 9048
1858 2010
1858 2542
1858 5836
1858 5848
1858 7834
1858 8239
1858 8489
1859 3750
1859 5381
1859 9537
1860 7974
1861 2168
1861 3263
1861 3951
1861 7742
1862 3529
1862 6752
1862 7993
1863 2031
1863 3118
1863 4065
1863 5825
1863 8418
1863 8581
1864 1866
1864 2008
1865 8161
1865 9930
1866 8463
1867 2109
1867 2265
1867 4263
1867 4776
1867 7619
1868 2073
1868 6361
1868 8100
1869 1878
1869 2673
1869 5684
1869 5994
1869 6272
1869 7191
1869 7210
1869 7704
1869 8122
1869 8692
1869 9403
1870 7658
1871 2102
1871 3288
1872 1998
1872 2276
1872 2873
1872 5124
1872 6706
1872 7919
1872 8594
1872 9425
1872 9427
1873 2615
1873 2671
1874 2186
1874 3365
1874 3462
1874 6417
1874 7161
1874 8700
1874 9113
1874 9587
1875 2341
1875 2898
1875 3492
1875 6488
1875 8268
1876 4330
1876 9725
1877 3516
1877 3702
1877 4219
1877 9394
1879 2598
1879 3487
1880 2138
1880 3362
1880 4653
1880 6046
1880 6863
1880 7443
1880 8494
1880 9108
1880 9878
1881 3648
1881 4991
1881 8254
1882 2436
1882 2869
1882 4182
1882 4249
1882 5583
1882 5867
1882 6512
1882 9366
1883 2279
1883 5100
1883 5158
1883 5177
1883 6600
1883 8065
1883 8449
1884 2479
1884 2818
1884 3217
1884 4274
1884 6333
1884 9599
1885 2889
1885 3614
1886 2339
1886 2478
1886 2485
1886 2796
1886 3233
1886 3255
1886 3622
1886 3657
1886 3676
1886 4323
1886 4765
1886 5562
1886 9983
1887 2389
1887 3346
1887 3372
1888 1959
1888 2741
1888 3349
1888 9956
1889 3186
1889 3391
1890 3677
1891 2726
1891 4193
1891 6942
1892 2294
1892 3134
1892 3857
1892 5657
1892 5872
1892 8800
1892 9322
1893 2140
1893 2483
1893 2660
1893 3022
1893 3410
1893 5107
1893 7343
1893 8000
1894 8627
1895 2693
1895 4380
1895 5556
1895 6585
1895 8299
1896 7267
1897 2756
1897 3415
1897 3810
1897 4700
1897 7967
1897 9108
1898 4075
1898 4134
1898 5254
1899 3507
1899 3902
1899 7558
1900 8004
1901 1975
1901 2299
1901 2420
1901 5535
1901 7126
1901 8409
1902 3607
1902 4463
1902 6210
1903 6285
1904 3009
1904 3538
1904 3705
1904 3810
1904 5725
1904 6288
1904 6420
1904 6612
1904 6982
1904 7757
1905 5158
1905 5393
1905 7459
1906 3506
1906 4258
1906 4461
1906 6142
1906 7149
1906 8292
1906 9548
1907 2128
1907 4213
1907 4916
1907 7668
1907 8223
1909 2580
1909 3388
1909 4822
1909 7025
1909 7606
1909 7923
1909 8767
1909 9120
1911 2334
1911 8303
1911 9675
1912 1989
1912 2597
1912 5343
1912 7077
1912 7783
1912 8188
1913 4968
1914 7936
1915 4093
1915 4643
1915 5813
1916 2546
1916 2641
1916 2698
1916 3246
1916 4904
1916 8490
1916 8525
1916 8938
1917 3945
1917 4538
1917 5448
1918 2333
1918 3886
1918 4989
1918 5617
1918 9490
1919 2145
1919 2759
1919 4533
1919 4576
1919 7931
1919 8157
1919 8328
1920 2023
1920 3004
1920 3070
1920 3324
1920 3846
1920 3966
1920 4875
1920 8438
1920 8504
1921 2685
1921 3948
1921 7710
1921 8060
1922 2122
1922 6234
1922 9027
1923 6890
1923 8019
1923 9080
1924 2478
1924 3388
1924 4414
1924 4550
1924 6245
1924 6315
1925 2965
1925 3225
1925 5027
1926 3755
1928 2841
1928 3855
1928 7242
1930 3048
1930 3194
1932 2241
1932 2474
1932 2516
1932 2830
1932 3853
1932 3955
1932 3962
1932 4165
1932 7079
1933 2165
1933 3120
1933 4969
1933 5011
1933 7602
1934 3549
1934 8734
1935 4090
1935 4613
1935 6228
1935 9649
1936 2466
1937 2721
1937 9529
1938 3663
1938 6717
1938 8156
1938 8797
1938 9273
1939 3118
1939 4836
1939 5579
1939 5716
1939 7498
1939 8231
1939 9075
1940 2062
1940 5163
1940 6050
1940 7184
1940 8475
1941 1971
1941 7092
1941 8928
1942 3060
1942 3956
1942 4344
1942 6196
1942 7992
1942 8585
1942 9479
1943 4957
1943 6403
1944 2442
1944 2970
1945 5594
1946 2888
1946 4226
1946 6280
1947 3673
1947 6177
1947 8815
1948 2280
1948 9987
1949 4806
1949 8744
1949 9834
1950 2157
1950 7806
1951 2192
1951 2541
1951 4058
1951 5943
1951 8290
1952 6097
1952 7053
1952 7110
1952 8472
1952 8769
1953 3751
1953 6436
1953 6577
1953 8267
1953 9120
1953 9596
1955 4732
1955 4861
1955 7031
1956 1977
1956 2305
1956 2570
1956 4005
1956 6181
1956 8002
1956 9480
1957 2257
1957 3052
1957 4282
1957 4985
1958 6316
1958 7294
1958 7444
1959 3823
1959 8402
1960 1994
1960 2621
1960 4823
1961 4412
1961 4643
1961 5581
1962 3053
1962 3904
1962 4639
1962 4925
1962 7245
1963 2737
1964 5485
1965 2220
1965 5437
1965 5530
1965 5954
1965 7656
1965 9149
1966 2834
1966 8269
1966 9092
1967 2216
1967 3049
1967 4374
1967 4540
1967 4712
1967 4975
1967 4986
1967 5536
1967 6239
1967 7104
1967 7521
1967 8764
1967 8770
1968 2821
1968 3197
1968 8784
1969 3769
1969 5837
1970 2226
1970 5417
1971 7249
1971 7699
1972 2644
1972 5460
1972 7739
1973 4267
1973 4834
1973 6784
1973 8830
1974 2548
1974 8736
1975 2221
1975 2601
1975 3562
1975 5543
1975 6296
1975 9768
1976 1994
1976 5365
1976 6990
1976 7071
1977 3696
1977 4502
1977 5187
1977 5365
1977 5772
1977 6013
1977 6341
1977 8832
1979 2073
1979 2835
1979 3689
1979 5030
1979 7409
1979 9405
1980 3458
1980 5597
1981 3085
1981 3558
1981 4569
1981 4945
1981 7480
1982 3722
1982 5987
1983 9687
1984 2203
1984 4673
1984 6599
1984 6795
1984 8197
1984 9522
1985 2332
1986 2120
1986 3854
1986 4928
1986 5537
1988 2369
1988 5041
1988 9539
1988 10000
1989 2891
1989 3192
1989 5049
1989 5174
1989 7078
1989 8322
1990 2953
1990 4229
1990 4429
1990 5140
1990 6695
1990 6937
1990 7092
1991 2403
1992 2867
1992 3027
1992 3767
1992 4200
1992 4291
1992 4781
1992 4975
1992 9405
1993 3723
1993 5857
1993 5985
1993 7856
1994 4283
1994 4924
1994 5052
1995 8546
1996 5043
1997 2728
1997 3059
1997 8566
1998 7457
1998 7814
1999 3559
2000 4338
2000 8161
2000 9887
2001 2608
2001 3449
2001 3772
2001 7706
2002 7243
2002 9503
2003 9997
2004 2253
2004 2346
2004 2411
2004 2601
2004 3886
2004 4771
2004 8058
2004 8230
2004 8480
2004 8795
2005 2073
2005 2398
2005 2815
2005 3573
2005 3937
2005 3942
2005 6232
2005 6457
2006 8165
2007 2574
2007 3796
2008 2545
2008 2932
2009 3216
2009 9534
2010 2781
2010 3249
2010 6398
2010 6477
2010 7151
2010 8539
2010 8952
2011 3160
2011 3163
2011 3639
2011 6227
2011 6865
2011 8082
2011 9308
2012 3668
2012 3883
2012 4623
2012 6950
2012 7246
2014 2692
2014 4868
2014 5168
2014 7004
2015 2623
2015 5472
2015 5994
2016 3557
2016 4608
2016 5487
2016 9544
2017 2825
2017 3256
2017 3266
2018 2550
2018 3603
2018 8052
2019 2652
2019 5215
2019 6332
2020 2965
2020 3926
2020 5976
2020 6113
2020 9048
2021 2320
2021 4680
2021 4885
2021 6366
2021 8632
2021 9260
2021 9755
2022 3183
2022 4153
2022 5350
2022 8738
2023 3543
2023 3718
2024 2888
2024 5402
2024 5579
2024 7091
2025 4168
2025 4795
2025 8398
2026 8318
2027 4245
2027 5888
2027 5902
2028 7052
2029 3598
2029 4763
2029 4840
2029 5181
2029 6719
2029 8949
2030 2437
2030 5247
2030 8886
2031 2515
2031 3129
2031 4331
2032 9946
2033 4398
2033 6085
2034 4492
2034 5892
2035 2236
2035 2659
2035 3037
2035 4219
2035 5288
2036 2325
2036 2771
2036 9798
2037 2264
2037 2363
2037 2775
2038 4411
2038 5626
2038 9585
2039 2044
2039 4286
2039 4474
2039 5826
2040 2074
2040 2981
2041 2083
2041 9943
2043 4209
2044 5607
2045 3548
2045 3970
2045 4431
2045 6283
2045 8250
2045 8966
2046 3154
2046 4039
2047 8424
2049 2108
2049 2564
2049 3093
2049 3193
2049 3969
2049 4586
2049 5123
2049 6928
2049 7457
2049 7718
2049 8967
2050 2270
2050 2684
2050 6142
2051 2055
2051 4234
2051 6166
2052 3356
2052 4464
2052 4752
2052 7428
2052 7844
2052 8189
2052 9319
2053 5261
2053 5954
2053 8306
2054 5974
2054 6383
2054 6767
2055 5038
2055 7664
2056 3218
2056 4242
2057 2957
2057 4351
2057 7291
2057 9024
2057 9671
2059 3018
2059 6470
2059 7432
2059 8053
2059 8262
2059 8835
2059 9780
2060 5598
2060 7337
2061 2682
2061 2840
2061 9977
2062 9094
2063 4025
2063 7164
2064 6396
2065 2248
2065 5034
2065 5062
2066 3612
2067 3196
2067 8941
2067 9572
2068 4714
2069 3481
2069 6023
2069 8888
2070 3869
2070 5358
2070 9054
2070 9325
2071 3265
2071 8814
2072 2116
2072 2205
2072 2236
2072 3709
2072 5162
2072 6500
2072 6804
2072 7183
2072 9209
2074 5769
2075 8309
2076 4597
2076 5418
2076 6058
2076 6070
2076 8030
2076 8996
2077 2423
2077 2916
2077 9642
2078 3717
2078 4280
2078 5957
2079 4267
2081 3889
2082 3697
2082 4475
2082 5031
2082 5981
2084 2214
2084 5770
2085 6369
2085 6785
2086 9530
2087 2117
2087 3789
2088 8925
2089 2382
2089 3705
2089 3768
2089 5585
2090 7034
2091 6557
2092 2543
2092 5940
2092 6040
2092 8188
2092 8235
2093 2320
2093 2585
2093 3467
2093 3579
2093 5541
2093 6230
2093 8893
2094 3533
2094 4337
2094 6171
2095 6052
2095 6894
2096 4855
2096 5097
2096 9513
2096 9859
2097 2316
2097 2849
2097 3130
2097 4744
2097 4855
2097 5981
2097 7905
2097 9938
2098 2281
2098 2490
2098 2556
2098 3189
2098 3593
2098 3941
2098 4093
2098 7864
2098 8264
2098 8345
2098 8682
2099 3152
2100 2277
2100 5718
2100 6262
2100 8582
2101 2178
2102 6383
2102 6887
2102 8703
2103 4395
2103 5074
2104 2150
2104 5444
2104 6399
2105 2798
2105 7367
2105 8582
2105 8745
2105 9228
2105 9285
2106 2773
2106 9958
2107 2698
2107 2842
2107 3222
2107 3633
2107 3763
2107 6356
2107 6901
2107 7022
2107 7077
2107 8118
2107 8977
2108 4548
2108 5205
2108 6291
2108 8355
2108 8678
2108 8823
2108 9395
2108 9462
2109 3475
2109 6811
2110 2301
2110 3689
2110 5833
2110 7591
2110 8848
2110 9438
2113 3995
2113 4463
2113 5152
2113 5912
2113 6974
2114 3440
2115 6631
2115 8712
2116 2322
2116 3431
2116 3555
2116 3583
2116 4262
2116 4824
2116 4888
2116 5693
2116 5794
2116 6039
2116 7024
2116 7099
2116 8307
2116 8421
2116 9786
2117 2602
2117 3046
2117 3819
2117 4294
2117 6011
2117 6052
2117 6428
2117 6549
2117 7306
2118 2891
2118 4380
2118 4615
2118 4664
2118 5047
2118 5187
2118 6731
2118 7529
2118 9770
2119 2998
2119 3066
2119 3185
2119 4246
2119 4482
2119 5608
2119 8406
2121 2443
2121 4185
2121 5984
2121 9294
2122 2312
2122 2810
2122 4043
2122 8420
2123 3617
2123 7027
2123 8247
2123 8525
2124 2207
2124 3318
2124 3896
2124 5006
2124 6496
2124 8284
2124 8863
2125 4980
2125 9616
2127 3082
2127 4863
2127 6376
2127 9369
2128 6203
2128 7568
2129 5215
2130 2337
2130 2853
2130 3078
2130 3944
2130 4290
2130 4719
2130 5318
2130 7146
2130 8185
2131 2294
2131 2975
2131 3086
2131 3417
2131 3906
2131 4677
2131 6039
2131 6074
2131 8497
2131 9290
2132 2874
2132 6618
2132 7062
2133 3801
2133 5282
2133 7510
2134 4891
2135 4220
2135 6317
2135 9967
2136 3505
2136 9561
2137 2510
2137 3841
2137 5086
2137 5905
2137 6319
2137 6609
2137 6625
2137 7323
2138 3383
2138 5151
2138 6778
2138 8193
2138 9509
2139 2605
2139 3915
2139 4736
2139 5242
2139 8509
2140 6149
2140 6936
2140 8175
2141 2802
2141 2997
2141 4754
2141 6344
2141 6460
2142 2973
2142 8268
2143 2357
2143 3383
2143 3866
2143 4339
2143 4824
2143 5617
2143 6056
2143 7782
2143 9768
2144 2401
2144 3152
2144 6940
2144 6981
2144 7180
2144 8279
2144 9754
2145 3063
2145 4741
2145 7340
2145 8041
2145 8822
2146 3088
2146 4826
2146 5210
2146 5740
2146 8498
2147 2230
2147 4211
2147 4764
2147 7364
2147 9231
2148 2598
2148 4113
2148 5104
2148 5803
2148 8416
2150 6959
2151 4532
2151 5025
2152 3591
2153 2206
2153 2220
2153 2502
2153 3098
2153 3181
2153 3370
2153 3532
2153 3871
2153 3904
2153 4771
2153 6744
2153 8154
2153 8297
2153 8961
2153 9372
2154 2888
2154 4439
2154 5904
2154 7222
2155 3550
2155 4480
2155 6405
2155 6815
2155 8932
2156 2831
2156 3490
2156 3524
2156 3613
2156 5304
2156 8239
2157 2300
2157 3231
2157 5035
2157 6719
2157 7015
2157 9812
2158 9976
2159 3814
2160 4809
2160 5572
2160 5603
2160 8095
2161 7274
2161 8567
2162 2396
2162 3319
2162 3499
2162 5588
2163 2963
2163 3232
2163 8910
2163 9419
2165 5964
2165 6976
2167 3762
2168 2774
2168 5746
2168 7454
2168 8834
2169 5268
2169 6958
2169 8327
2171 2665
2172 2444
2172 4238
2172 4601
2172 8211
2173 4041
2173 9408
2174 6620
2174 9181
2174 9750
2175 2993
2175 7337
2176 2950
2176 4124
2176 4978
2177 4972
2177 5339
2178 2265
2178 3411
2178 4960
2178 5241
2178 7242
2178 9484
2179 3092
2179 3227
2179 3286
2179 3935
2179 4049
2179 4581
2179 4585
2179 4604
2179 5175
2179 6913
2179 8322
2179 8371
2179 9079
2179 9461
2180 2503
2180 3528
2180 6277
2181 3039
2181 6945
2181 7416
2181 7791
2182 3647
2183 2196
2183 2287
2183 3092
2183 3204
2183 3665
2183 4117
2183 4777
2183 5036
2183 5259
2183 8530
2183 8879
2183 8889
2183 9044
2183 9550
2184 2751
2184 3497
2184 3804
2184 5781
2184 7965
2184 8053
2184 9660
2185 5632
2185 9704
2187 3978
2188 3362
2188 7184
2188 7271
2189 4151
2189 4757
2189 4923
2190 5367
2190 9712
2191 5656
2192 3074
2192 3282
2192 4813
2192 6823
2192 8489
2193 2300
2193 2514
2193 3482
2193 6674
2193 9251
2193 9613
2194 4034
2194 5507
2195 3880
2196 4131
2197 3993
2197 4628
2197 6160
2197 9440
2198 3837
2198 5827
2198 7215
2198 8176
2198 9495
2198 9915
2199 2496
2199 4116
2199 6856
2200 9605
2201 2237
2201 5338
2201 7331
2201 9877
2202 9921
2204 4432
2204 5501
2204 6315
2204 7806
2205 3034
2205 3567
2205 5095
2206 5275
2208 2844
2208 4310
2208 5053
2208 5845
2209 2906
2209 3171
2209 4015
2209 4634
2209 4843
2209 6998
2209 7121
2210 2599
2210 2617
2210 2683
2210 2837
2210 2869
2210 4943
2210 9229
2211 4603
2211 5713
2213 3930
2213 6821
2213 8174
2213 8653
2213 8725
2214 2531
2214 6639
2217 2808
2217 8021
2217 9612
2217 9737
2218 5486
2218 5923
2219 3164
2219 6210
2220 4001
2220 4372
2220 4594
2220 5692
2220 5868
2220 8748
2220 9623
2220 9663
2223 2482
2223 3258
2223 6604
2224 3374
2224 5599
2224 8592
2224 9307
2225 7296
2226 2311
2226 3270
2226 7594
2227 3219
2227 4584
2227 9473
2228 2346
2228 4557
2228 8021
2229 2303
2229 6440
2230 2425
2230 2639
2230 4199
2230 6487
2230 6600
2230 7218
2231 4370
2231 6101
2231 7824
2231 8430
2231 9552
2232 4022
2233 3179
2233 5076
2233 6949
2233 9980
2234 5102
2234 5380
2235 2619
2235 9685
2236 2445
2236 2495
2236 2566
2236 2622
2236 2882
2236 5415
2236 6765
2236 9709
2237 7507
2238 2920
2238 3843
2238 8503
2239 2439
2239 2762
2239 2985
2239 3149
2239 3274
2239 3521
2239 4248
2239 7766
2241 7271
2241 7605
2241 8537
2241 9749
2242 2528
2242 2577
2242 2801
2242 3516
2242 8099
2242 8531
2242 8819
2242 8861
2243 2725
2243 4411
2243 7607
2244 3328
2244 3831
2244 5504
2244 5737
2244 8826
2244 9966
2245 4185
2245 5567
2245 9384
2246 2529
2246 6138
2247 6365
2248 2251
2248 2315
2248 3473
2248 3993
2248 4038
2248 5507
2248 5697
2249 9679
2250 4137
2250 9442
2251 2520
2251 3932
2251 5305
2252 3283
2252 3876
2252 6554
2252 8562
2252 8766
2253 2303
2253 2804
2253 3601
2253 5250
2254 4206
2255 5988
2256 3635
2259 4200
2260 4990
2260 6958
2262 4087
2263 6575
2263 6901
2264 5568
2264 6334
2264 7164
2264 7623
2264 8650
2265 4465
2265 7500
2265 8675
2266 3962
2266 4028
2266 6778
2267 3702
2267 8028
2268 2378
2268 3840
2268 4060
2268 4318
2268 5542
2268 6475
2268 8988
2268 9105
2268 9855
2269 2546
2269 4210
2269 5694
2269 7202
2269 8139
2269 8872
2269 9200
2270 3691
2270 4870
2270 5345
2270 8608
2271 4955
2271 4964
2272 4148
2272 4720
2272 4933
2272 5227
2272 6728
2272 7668
2273 2376
2273 6108
2273 6529
2274 4337
2274 5078
2274 5985
2274 6133
2274 7138
2275 4855
2275 5545
2275 6030
2275 7882
2276 2576
2276 2775
2276 7749
2277 2718
2277 3200
2277 6057
2277 6729
2278 2326
2278 3818
2278 6072
2278 7343
2278 7813
2279 2390
2279 3291
2279 5726
2279 6578
2281 2321
2281 2526
2281 4430
2281 5223
2281 5348
2281 6466
2281 6639
2281 6882
2281 7609
2281 8431
2281 8994
2281 9760
2282 8954
2284 2554
2284 4061
2284 8175
2284 9463
2284 9836
2285 3961
2285 4269
2285 4303
2285 5529
2285 6925
2285 8022
2286 9569
2287 3366
2287 3406
2287 3771
2287 4128
2287 7581
2287 7890
2289 2669
2289 3024
2289 3093
2289 3240
2289 6391
2290 4860
2290 5501
2290 6277
2290 7156
2292 5050
2293 4102
2293 5036
2293 5830
2293 7794
2294 3444
2295 6146
2296 2427
2296 2742
2296 3650
2296 5946
2296 7372
2296 7552
2296 8476
2297 6209
2297 8237
2297 8874
2298 2753
2298 2822
2298 3251
2298 6663
2298 6680
2298 8611
2298 9666
2299 2644
2299 4737
2299 7187
2299 8010
2299 9032
2300 2567
2300 7042
2300 7138
2300 7548
2300 8035
2301 2395
2301 3339
2301 8397
2301 9481
2302 2594
2302 7861
2302 8485
2303 2442
2303 3053
2303 6128
2304 3223
2304 3740
2304 6975
2304 7104
2304 7338
2304 7458
2304 7753
2304 9476
2306 3205
2306 3456
2306 3464
2306 3994
2306 4586
2306 7189
2306 8850
2306 9146
2307 4704
2307 5913
2307 7093
2307 7248
2307 8171
2307 8271
2308 2876
2308 2924
2308 4226
2308 4401
2308 4551
2309 3574
2309 5646
2309 6556
2309 8313
2310 2615
2310 2798
2310 4335
2310 5955
2310 8003
2310 8043
2310 9665
2311 2422
2311 3173
2311 4982
2311 5120
2311 7803
2312 4472
2312 5872
2312 5990
2312 8192
2312 8535
2313 2647
2313 3460
2313 6624
2314 2470
2314 3197
2314 4401
2314 5069
2315 7555
2318 2537
2319 5559
2319 8602
2319 9456
2322 5858
2322 7101
2322 8723
2324 3458
2324 4816
2325 5235
2325 5533
2326 2475
2326 4245
2326 5917
2327 4177
2328 3130
2328 5703
2328 7327
2328 9638
2329 5394
2329 7275
2330 2772
2330 3314
2331 3823
2331 4756
2331 9114
2332 3909
2332 4501
2333 3627
2333 3878
2333 4582
2333 9421
2335 9023
2336 4290
2336 6503
2337 6157
2337 8327
2338 2914
2339 4091
2339 7317
2340 2392
2340 3561
2340 3595
2340 4465
2340 4921
2340 6964
2340 7132
2340 7768
2340 8227
2340 8564
2340 8827
2341 2708
2341 5511
2341 8758
2343 4578
2343 7882
2343 9863
2344 3405
2344 7106
2345 2409
2345 3704
2345 4572
2346 2752
2347 4512
2348 7735
2348 9745
2349 5819
2350 3151
2350 3332
2350 6738
2350 6976
2350 7621
2351 4714
2351 5057
2351 5421
2351 5928
2351 7488
2352 4683
2353 5335
2355 6312
2355 7329
2355 7675
2355 9033
2356 7638
2358 2446
2358 3198
2358 3274
2358 9816
2359 2607
2359 3099
2359 4666
2359 4936
2360 3198
2360 4902
2360 9298
2362 2701
2362 3970
2362 8467
2362 9280
2363 5516
2363 6101
2363 8365
2365 5288
2365 7507
2366 4825
2367 7098
2367 7866
2368 2745
2368 3578
2368 6345
2368 6814
2368 7330
2368 7861
2368 8425
2368 8746
2369 2522
2369 4621
2369 5577
2370 3153
2370 7839
2371 8094
2372 6750
2374 5078
2374 8134
2375 2597
2375 3303
2377 6272
2377 7217
2378 2797
2378 4301
2378 4768
2378 6650
2378 7211
2378 7241
2378 8985
2378 9193
2379 2560
2379 2824
2379 3162
2379 4297
2379 4375
2379 5462
2379 6055
2379 6746
2379 7592
2379 8067
2379 8182
2380 4924
2381 3326
2381 5248
2381 5811
2381 7671
2381 8716
2382 2497
2382 3742
2383 2596
2383 3841
2384 3020
2384 5741
2385 2570
2385 5666
2385 6119
2385 7504
2385 7545
2385 7665
2385 9144
2386 4521
2386 9567
2386 9704
2386 9997
2387 4529
2387 6221
2388 2485
2388 2501
2388 2859
2388 3022
2388 3265
2388 4545
2388 7128
2388 7506
2388 7705
2388 8461
2388 9856
2389 8945
2390 2435
2390 2544
2390 2569
2390 2616
2390 4436
2390 4536
2390 6689
2390 7884
2391 6762
2392 6118
2392 8866
2393 4487
2393 5419
2394 6769
2394 8097
2395 3906
2395 4188
2395 5219
2395 7618
2396 2979
2396 5305
2397 4267
2397 5503
2397 5988
2397 9798
2398 2405
2398 3932
2398 4484
2398 5234
2400 2607
2400 3684
2400 4231
2400 4988
2400 7524
2401 3090
2401 5217
2401 8178
2402 5218
2402 8973
2403 5216
2403 6482
2403 7880
2403 8071
2403 8832
2404 6358
2404 8545
2405 2768
2405 3192
2405 3310
2405 3412
2405 3790
2405 5278
2405 5517
2405 6718
2405 6970
2405 8558
2406 2591
2406 3698
2406 6834
2406 6997
2406 8172
2407 2860
2407 3718
2407 4301
2407 6809
2407 8294
2408 8102
2409 2539
2409 4420
2409 7389
2410 3187
2410 3289
2410 3314
2410 5596
2410 5739
2410 6317
2410 8895
2410 9148
2410 9853
2411 3065
2411 3113
2411 8289
2412 3161
2412 7714
2413 4482
2413 4696
2413 5906
2414 6131
2414 8364
2414 8859
2415 2431
2415 3525
2415 4402
2415 5216
2415 6867
2415 9767
2416 5413
2417 4517
2417 6013
2419 2608
2419 3380
2419 4359
2419 4393
2419 4446
2419 4760
2419 5452
2419 6047
2419 7690
2419 8468
2420 4326
2420 8725
2422 5663
2422 9724
2423 7212
2424 2472
2424 2690
2424 2984
2424 3214
2424 3215
2424 6750
2424 7455
2424 7702
2425 3511
2425 7625
2426 2834
2426 3043
2426 3254
2426 4880
2426 4998
2426 5016
2426 5328
2426 6223
2426 9379
2427 3301
2427 3615
2427 3882
2427 4185
2427 4249
2427 4727
2427 4854
2427 5152
2427 6763
2427 7086
2427 8604
2428 2482
2428 3423
2428 4641
2428 5197
2428 8133
2429 3597
2429 6738
2430 6240
2431 2744
2431 2811
2431 2978
2431 5906
2432 3708
2433 2856
2433 4199
2433 4687
2433 7176
2433 7832
2434 4822
2434 5716
2434 6030
2435 3506
2436 2722
2436 3895
2436 4016
2436 5173
2437 3263
2438 8740
2439 2567
2439 3984
2439 4330
2439 4373
2439 5032
2441 3042
2441 7681
2442 4021
2442 6069
2442 6382
2442 6385
2442 8756
2443 3327
2443 5213
2443 6802
2443 7660
2444 5061
2444 5653
2444 6931
2444 9096
2444 9758
2445 2722
2445 3118
2445 5428
2445 5593
2445 8303
2445 9847
2446 4548
2446 6115
2446 7290
2447 4048
2447 5869
2447 9806
2448 6062
2449 6571
2450 6820
2450 8956
2451 4537
2451 5131
2451 5240
2452 4789
2452 4874
2452 5658
2452 6377
2452 8299
2452 9836
2454 8583
2455 3215
2455 3585
2455 3681
2455 5603
2455 6224
2455 7279
2455 7687
2456 3849
2456 6105
2456 7160
2457 9394
2458 6935
2458 9159
2459 3049
2459 6306
2459 8307
2460 2868
2460 2881
2460 3951
2460 7168
2460 9397
2461 4160
2461 4360
2461 7898
2462 2681
2462 2817
2462 4546
2462 9029
2462 9923
2463 4782
2463 9752
2464 9578
2465 2977
2465 6247
2465 6898
2467 2696
2467 3139
2467 6287
2467 9739
2469 6338
2469 8396
2469 8614
2470 3323
2471 5407
2472 6089
2473 2723
2473 3159
2473 5244
2473 9591
2474 2855
2474 7719
2475 3017
2476 3129
2477 4998
2477 7350
2477 9560
2478 2525
2478 3182
2478 3437
2478 3610
2479 6291
2479 8061
2479 9111
2482 4866
2483 2694
2483 2735
2483 3323
2483 4366
2483 5096
2484 5018
2484 6368
2484 7552
2484 8299
2484 9590
2485 2502
2485 3432
2485 7555
2485 9010
2485 9767
2485 9944
2486 2802
2486 3687
2486 4871
2486 6779
2486 7411
2486 9440
2486 9489
2486 9716
2487 5534
2488 6488
2488 6667
2489 3782
2489 4040
2489 4293
2489 8548
2490 2758
2490 4236
2490 5150
2490 7141
2492 4717
2492 7139
2493 3042
2493 4518
2493 6054
2493 7279
2493 7562
2493 8113
2493 8985
2494 3559
2494 6232
2495 3605
2495 3966
2495 8103
2495 8270
2495 8948
2496 5033
2496 7795
2496 9571
2497 3202
2497 5051
2498 4516
2498 5500
2499 2907
2499 3088
2499 3621
2499 3835
2499 6513
2499 7209
2499 7902
2500 3478
2500 7023
2501 3282
2501 3309
2501 3335
2501 4442
2501 4864
2501 4965
2501 5188
2501 5533
2501 5970
2501 6224
2501 7068
2501 7911
2502 2684
2502 2961
2502 3315
2502 5556
2502 6301
2502 7056
2502 7728
2503 5477
2503 5559
2503 7759
2503 8453
2504 4386
2504 4570
2504 5874
2504 6686
2504 7067
2505 2694
2507 3940
2507 4270
2507 5543
2508 3365
2508 3556
2508 5178
2508 5325
2508 6710
2508 8274
2509 7374
2509 7794
2510 2530
2510 3134
2510 5429
2510 5611
2510 6632
2511 3792
2511 3934
2511 3955
2511 5993
2512 3817
2512 4257
2512 4994
2512 8246
2513 5069
2514 3905
2514 5971
2514 6530
2514 6636
2514 7465
2515 3742
2515 4621
2515 4661
2515 4725
2515 6879
2515 8205
2516 2963
2517 2531
2517 2913
2517 3586
2517 4488
2517 7189
2517 7344
2517 8829
2517 8909
2518 3728
2519 4551
2520 4299
2520 6756
2520 7863
2521 2715
2521 2958
2521 6548
2521 6871
2522 8560
2523 3844
2524 3557
2525 2559
2525 4163
2525 8516
2525 9282
2526 2922
2527 2703
2527 4483
2527 8477
2528 2974
2528 3183
2528 3269
2528 9905
2530 4389
2530 4523
2530 5151
2530 6541
2530 8350
2531 2931
2531 8858
2531 9175
2532 2633
2532 4308
2532 6179
2533 3611
2533 6665
2533 7478
2537 2587
2537 4905
2538 4705
2538 5476
2539 4935
2539 7037
2539 7568
2540 3221
2542 4123
2542 5375
2543 5182
2544 4167
2544 9276
2546 4369
2547 5144
2547 6353
2548 3020
2549 2787
2549 3209
2549 5316
2549 6249
2549 8849
2551 2578
2551 2712
2551 3014
2551 6213
2551 6844
2552 3076
2552 7003
2552 8672
2553 5934
2554 4536
2555 4336
2555 4806
2555 7188
2556 3121
2556 3202
2556 4201
2556 6451
2556 6571
2556 7704
2556 8275
2557 4329
2557 6265
2558 4883
2558 8811
2558 9449
2558 9575
2559 3480
2559 5302
2559 7588
2560 3982
2560 4074
2560 5105
2561 2759
2561 5909
2561 9041
2562 3213
2562 3220
2562 3328
2562 3771
2562 5102
2562 5910
2563 3751
2563 4929
2563 6044
2563 6073
2563 7047
2563 7793
2563 9721
2564 2856
2565 4114
2565 5884
2565 6188
2565 7216
2566 2852
2566 4090
2566 6651
2566 6786
2567 2783
2567 3031
2567 3400
2567 5706
2567 6238
2567 6837
2567 7946
2567 8087
2568 2645
2568 3918
2568 9424
2569 3057
2569 4639
2569 9434
2569 9852
2570 2579
2570 2841
2570 3454
2570 6766
2570 6816
2570 7906
2570 7948
2570 9983
2571 3216
2571 3923
2571 4354
2571 4897
2571 7585
2571 9316
2572 3253
2572 4008
2572 4398
2572 4884
2572 6911
2572 9919
2573 2970
2573 2996
2573 6140
2573 6608
2573 8249
2573 8454
2574 3870
2575 2945
2575 5130
2575 7610
2576 3131
2576 7198
2576 7405
2576 7920
2576 8394
2576 8562
2576 9006
2576 9980
2577 5826
2578 4974
2578 6337
2579 6489
2581 2699
2581 4770
2581 6521
2582 2968
2584 5166
2584 7775
2585 3398
2586 2662
2586 4195
2587 4342
2587 4442
2587 4751
2588 2992
2588 3556
2588 4373
2589 2701
2589 6004
2589 7681
2590 4936
2590 5253
2590 6111
2592 3661
2592 4016
2592 6225
2592 9270
2593 7931
2593 8825
2594 3393
2594 3565
2594 4177
2594 5545
2595 2849
2595 4687
2596 2908
2596 4580
2596 6818
2596 7531
2597 4090
2597 6377
2597 6932
2597 8041
2597 8620
2597 8769
2599 2702
2599 2848
2599 3896
2599 4139
2599 6242
2599 9049
2599 9520
2600 9977
2601 2899
2601 3397
2601 4535
2601 4782
2601 6565
2602 5766
2603 3275
2604 2621
2604 3330
2604 3848
2604 6505
2605 3003
2605 5505
2605 5772
2605 5847
2605 6614
2605 8029
2606 3145
2606 4173
2606 4825
2606 5335
2606 6291
2606 7470
2606 7650
2606 7660
2607 5897
2608 4457
2608 6069
2608 7024
2608 7432
2610 5449
2610 7048
2610 7664
2611 4943
2611 9506
2611 9996
2612 4076
2612 5817
2612 9437
2612 9630
2613 2901
2613 3895
2613 7268
2613 9848
2614 5681
2615 3690
2615 4321
2615 5212
2615 5428
2615 7841
2615 8408
2616 4116
2616 4235
2616 4371
2617 3341
2617 3553
2617 3628
2617 4092
2617 7484
2618 4591
2618 5838
2619 4583
2619 4656
2619 4802
2619 6564
2619 7623
2619 9683
2620 2664
2620 7620
2620 9328
2620 9344
2621 3510
2621 8687
2623 3110
2623 5000
2623 5023
2623 7487
2623 9537
2624 8114
2624 8806
2625 3024
2625 5377
2625 6962
2625 7097
2625 8444
2625 9269
2625 9777
2627 3313
2627 3736
2627 5017
2627 9219
2629 4977
2629 4988
2629 9287
2632 2935
2632 4015
2632 6683
2632 6993
2632 8007
2632 8462
2633 2700
2633 4254
2633 4306
2634 2983
2634 3847
2634 4416
2634 5434
2634 5466
2634 5812
2634 6628
2634 7160
2634 7682
2634 8374
2634 8983
2635 2864
2635 3448
2635 6380
2635 7912
2636 2926
2636 5583
2636 6798
2636 8136
2636 8427
2636 9942
2637 4069
2637 5662
2637 6939
2637 7380
2638 3394
2638 4702
2638 9782
2639 3785
2639 6297
2639 7575
2641 5746
2641 8278
2641 8477
2641 8648
2641 9166
2642 4031
2642 7731
2642 8474
2642 8543
2642 9074
2643 3426
2643 7517
2643 9903
2644 4547
2644 6315
2645 3531
2645 4470
2645 4984
2645 6445
2645 8095
2645 9955
2647 3337
2647 3754
2647 4477
2647 5079
2647 6958
2648 5590
2648 6448
2650 3229
2650 8035
2650 8072
2651 4168
2651 5175
2651 6954
2651 9468
2652 7328
2655 4252
2655 9542
2656 3688
2657 5671
2657 6914
2658 7212
2659 5190
2659 7000
2659 8670
2660 3972
2660 5530
2660 7647
2660 8646
2660 8767
2660 8937
2661 2763
2661 2934
2661 4607
2661 7122
2661 7354
2661 8831
2661 8874
2662 2749
2662 4209
2665 4104
2666 4001
2666 7411
2666 8018
2667 3884
2667 4547
2668 3200
2669 3360
2669 6507
2670 8955
2671 2894
2671 8295
2671 9160
2672 4544
2672 4728
2672 4976
2672 5958
2673 4700
2673 5218
2673 5368
2673 5632
2673 5768
2673 5983
2674 2826
2674 6843
2674 7288
2675 2707
2675 3044
2675 4670
2675 8410
2675 9451
2676 5316
2677 3651
2677 3968
2677 6176
2678 2914
2678 3021
2678 3854
2678 3940
2678 4819
2678 6759
2678 6995
2678 7266
2679 2980
2679 3077
2679 3490
2679 8530
2680 2861
2680 4528
2680 5333
2680 9376
2681 2717
2681 2825
2681 3111
2681 3990
2681 7695
2681 7900
2681 9525
2681 9737
2681 9813
2682 6930
2683 3832
2683 8995
2685 4856
2685 7667
2686 3662
2686 3723
2687 3620
2688 4262
2688 4627
2688 7797
2689 3344
2689 5021
2689 9369
2690 2869
2690 3512
2690 3519
2690 4483
2690 8263
2690 8712
2690 9829
2691 2904
2691 5047
2692 3026
2692 5463
2692 8860
2694 6389
2695 3175
2695 4859
2696 5487
2696 9455
2697 3267
2697 7403
2697 8997
2698 6550
2698 6758
2699 6796
2700 5715
2701 2880
2701 9424
2702 3181
2702 3667
2702 7516
2702 9023
2703 9005
2704 2806
2704 3056
2704 3157
2704 3438
2704 5523
2704 5919
2704 6288
2704 6876
2705 3970
2705 7384
2705 7596
2705 8226
2706 4319
2706 8679
2707 5094
2707 5893
2708 2720
2708 5290
2708 5576
2708 6208
2708 7178
2708 7707
2708 9036
2709 2845
2709 3644
2709 4030
2709 5045
2709 6687
2709 8798
2710 4307
2710 6268
2710 6349
2710 9016
2711 2788
2711 3063
2711 3658
2711 4709
2711 5862
2711 8613
2711 8631
2711 8688
2712 7306
2712 9435
2713 3000
2713 3941
2713 5191
2713 6339
2713 6515
2714 4025
2715 4766
2715 4949
2715 9127
2716 4795
2716 8599
2716 9395
2717 3216
2717 6332
2717 6888
2719 3308
2719 5252
2720 5586
2720 6699
2720 7206
2720 7526
2720 9235
2721 2804
2721 3522
2721 4813
2721 5748
2721 6276
2721 6805
2721 7604
2721 8402
2721 8499
2721 9944
2721 9997
2723 6674
2723 9236
2724 3110
2724 4434
2724 5375
2724 6207
2724 6481
2724 7707
2724 8704
2726 3240
2726 4206
2727 2807
2727 5064
2728 3245
2728 5852
2729 2813
2729 5204
2729 5957
2730 3195
2730 3281
2730 3984
2730 6941
2732 4108
2732 9005
2733 4516
2733 5378
2733 6561
2734 5344
2734 6276
2734 7117
2734 7548
2734 8275
2735 2766
2735 3443
2735 7672
2736 4796
2736 8450
2737 2756
2737 4478
2737 6281
2737 7033
2737 9710
2739 3733
2739 3821
2739 6022
2740 2884
2740 3618
2740 4051
2740 4331
2740 7305
2740 9047
2741 4234
2741 7575
2741 9134
2741 9458
2743 4495
2743 8820
2744 6652
2744 8959
2745 7592
2746 3203
2746 5265
2746 9354
2747 2811
2747 3027
2747 4747
2747 5094
2747 6296
2747 9820
2749 4735
2749 7100
2750 4269
2751 9660
2752 4356
2752 4421
2752 5189
2752 6413
2753 8353
2754 7289
2755 3405
2755 5920
2755 8761
2756 5786
2756 7157
2757 4968
2758 3861
2758 4362
2758 4973
2758 7209
2758 8754
2759 3610
2759 4906
2759 4965
2760 2955
2760 3547
2760 4890
2760 7419
2761 3979
2761 8214
2762 4220
2762 4905
2763 5086
2763 6493
2763 9752
2764 2844
2764 2847
2764 4302
2764 4706
2764 5538
2764 5628
2764 5734
2764 5867
2764 5931
2764 6414
2764 6543
2764 8138
2764 8294
2765 2767
2765 3790
2766 5336
2767 6590
2768 3378
2768 7054
2769 4645
2769 4656
2769 5003
2769 6002
2769 9644
2770 3122
2770 4573
2770 4738
2770 5274
2770 7741
2771 7996
2771 8163
2772 6908
2773 4823
2774 3909
2775 7129
2776 8803
2777 5089
2777 9627
2779 5379
2779 5541
2779 7175
2780 3606
2780 5007
2781 2829
2781 4491
2781 7393
2782 5675
2782 6803
2784 2940
2784 3527
2784 6133
2784 7598
2784 7838
2784 8391
2784 9001
2785 9075
2787 3106
2787 3250
2787 5755
2788 4525
2788 5920
2788 6380
2788 8232
2788 8971
2789 4715
2790 8698
2792 3007
2792 5010
2792 5980
2792 6626
2792 7997
2792 9521
2792 9626
2793 3068
2793 5585
2794 3434
2795 6849
2796 3250
2796 3309
2796 3379
2796 7514
2796 8072
2796 8215
2796 8776
2796 9982
2797 2939
2797 5005
2797 5053
2797 8268
2798 6586
2798 7989
2799 3476
2799 7856
2800 3717
2800 8290
2801 4685
2802 5882
2803 5281
2803 6957
2803 9448
2804 4552
2805 4270
2805 5834
2805 8197
2805 8835
2806 4334
2806 5296
2806 5477
2806 6162
2806 6183
2806 7871
2807 4293
2807 7335
2807 7747
2807 9283
2808 3892
2808 7916
2809 3840
2809 4176
2809 5913
2809 8540
2809 9320
2809 9348
2809 9529
2809 9876
2810 6816
2812 2880
2812 4941
2812 6773
2813 5960
2813 9105
2813 9545
2814 3996
2814 4424
2815 3867
2815 3879
2815 5472
2815 6220
2815 6319
2815 7223
2815 7751
2815 8944
2816 4226
2816 6086
2816 6104
2816 8460
2816 9043
2817 3681
2817 4319
2817 4484
2817 4744
2817 4868
2817 7604
2817 9610
2818 5436
2818 5766
2819 4278
2819 9135
2820 6334
2820 9582
2821 5970
2822 4100
2824 3441
2824 4778
2824 4798
2824 5273
2824 8107
2824 8685
2824 8881
2826 4296
2826 7196
2826 7583
2827 5192
2827 8011
2827 8129
2828 6658
2829 3676
2829 4239
2829 4358
2829 5603
2829 6379
2829 8073
2830 3317
2830 4150
2830 5651
2830 7102
2831 4031
2831 9486
2832 6171
2833 9791
2834 5352
2834 9238
2835 4744
2835 6695
2835 8920
2835 9104
2836 4194
2836 8487
2836 9206
2837 2861
2837 3295
2837 5497
2837 5573
2837 5746
2837 6490
2837 8866
2838 9728
2839 3291
2839 4214
2839 5448
2839 5798
2839 5836
2839 9553
2840 3037
2840 4079
2840 4119
2840 4275
2840 6372
2840 6903
2840 7641
2840 8334
2840 9190
2840 9943
2841 3100
2841 3947
2841 5736
2841 6700
2841 9810
2841 9823
2842 2844
2842 4018
2842 5017
2842 6134
2842 6983
2843 8034
2844 3293
2844 4059
2844 6167
2844 8961
2844 9431
2845 3130
2845 4558
2845 7958
2846 8755
2847 9765
2848 5112
2848 7807
2848 8389
2849 3114
2849 3236
2849 5080
2849 5660
2850 3920
2851 5896
2851 5989
2852 9135
2853 3387
2853 5783
2853 6825
2853 9722
2855 7589
2856 5646
2856 7218
2857 2896
2857 3661
2857 7429
2858 8284
2858 9326
2858 9691
2858 9891
2859 4320
2859 4395
2859 5561
2859 5813
2859 6441
2859 7264
2859 9759
2860 3526
2860 4053
2861 7242
2862 8043
2862 8377
2862 9579
2864 3138
2864 8841
2864 9331
2864 9639
2865 5978
2865 9425
2867 2998
2867 4086
2868 3606
2869 3235
2869 6051
2869 6442
2869 7828
2869 7953
2869 9346
2869 9637
2870 7578
2870 8409
2870 8876
2872 3657
2872 6035
2873 4894
2873 6912
2873 8236
2874 4680
2874 6551
2875 3132
2875 4203
2875 4257
2875 4417
2875 4501
2875 6824
2876 5817
2876 6478
2876 8016
2876 9845
2877 3409
2877 9350
2878 4614
2879 9564
2880 7258
2881 3399
2881 5659
2882 5755
2882 6854
2882 8493
2883 6471
2883 7987
2883 9520
2884 4115
2884 4253
2886 3546
2886 4140
2887 4685
2887 4940
2888 3898
2888 6511
2889 7203
2891 2948
2891 4052
2891 4340
2891 4926
2891 4948
2891 6235
2892 2919
2892 3002
2892 6819
2892 7137
2892 7319
2892 7532
2893 9187
2893 9235
2894 3190
2894 4730
2894 5569
2894 5921
2894 7873
2894 8831
2894 9194
2894 9975
2895 5354
2896 3453
2897 6675
2897 7357
2898 3994
2898 4814
2898 6117
2900 6503
2900 8081
2900 9735
2902 3775
2902 3806
2902 5986
2902 6342
2902 6723
2902 8558
2902 9039
2902 9103
2903 6843
2904 4483
2904 9380
2905 4771
2905 9490
2906 3495
2906 3733
2906 3950
2906 4289
2906 4980
2906 7645
2906 8961
2907 3117
2907 3815
2907 4395
2907 4672
2907 4743
2907 7708
2907 8401
2907 8883
2908 4099
2908 6722
2908 9580
2909 6117
2909 9217
2910 3361
2910 5382
2910 5999
2911 6323
2911 6350
2912 4022
2912 6924
2913 7261
2914 3129
2914 6628
2914 6915
2914 8095
2916 4994
2916 5758
2916 6170
2916 6776
2917 3521
2917 7124
2918 6583
2918 7522
2918 9014
2919 4477
2919 6244
2920 7171
2920 7277
2920 8368
2920 9074
2921 4314
2921 4376
2921 7463
2922 4106
2922 7887
2922 9399
2923 5295
2924 6012
2924 6176
2924 7556
2925 3643
2925 8074
2925 8902
2927 3740
2927 5341
2928 7425
2929 5898
2930 6923
2930 9758
2931 8519
2931 8672
2932 3279
2932 5969
2933 6292
2933 7615
2934 3910
2935 3787
2935 7438
2936 3251
2936 4539
2936 6629
2936 9245
2937 6822
2938 5038
2938 6293
2939 7797
2940 4846
2940 7849
2940 8816
2942 3711
2942 3796
2942 5974
2942 6925
2942 7622
2942 9277
2942 9989
2943 6758
2943 9715
2944 5999
2944 6362
2944 8807
2944 8894
2945 4071
2945 4151
2945 6378
2946 3475
2946 3547
2946 5261
2946 6284
2946 9364
2947 4499
2947 5239
2947 7649
2947 9976
2948 3858
2949 5075
2949 5191
2950 3244
2950 6165
2950 6807
2951 4521
2951 7630
2951 8837
2952 3529
2952 6531
2954 4867
2954 5195
2954 9246
2955 4121
2955 4681
2955 4901
2955 5030
2955 8524
2955 8628
2956 7557
2957 3231
2957 3902
2958 3194
2958 4298
2958 4352
2958 4819
2958 6155
2959 8246
2959 8733
2959 9226
2960 4196
2960 4684
2960 4800
2960 7962
2962 3201
2962 3358
2962 4710
2963 4012
2963 4468
2963 5127
2963 5297
2963 6534
2963 8827
2965 3298
2965 3602
2965 3712
2965 5750
2965 5820
2965 6703
2965 8399
2968 7598
2969 3146
2969 3371
2969 6880
2969 7226
2970 4418
2970 5031
2970 6766
2970 9154
2970 9231
2970 9521
2971 3082
2971 5147
2971 7771
2972 7546
2972 8255
2972 9232
2974 4216
2974 4842
2974 7149
2975 3096
2975 4676
2975 4900
2975 7421
2975 9275
2975 9589
2976 3063
2977 3040
2978 3423
2978 4357
2978 5887
2978 7629
2978 9012
2978 9563
2979 4440
2980 3209
2980 6558
2980 7422
2983 5818
2984 5494
2984 6008
2986 4037
2986 6532
2987 3728
2987 3733
2990 6121
2990 8276
2990 8346
2990 8397
2990 8710
2990 9959
2991 3382
2991 3610
2991 3836
2991 4959
2991 5153
2991 5831
2991 6211
2991 6409
2992 7710
2992 8794
2992 9594
2993 3973
2993 4559
2993 6186
2993 6201
2993 7809
2993 9361
2994 5370
2994 5672
2994 7734
2996 6199
2997 5046
2997 5639
2997 8593
2998 4582
2998 7359
2999 4356
2999 10000
3000 4382
3000 6073
3000 7384
3002 5563
3002 8644
3002 9259
3003 3829
3003 4574
3003 9714
3004 5978
3004 8149
3005 3505
3005 3815
3005 7865
3006 3485
3006 3514
3006 4435
3006 5055
3006 6698
3007 6007
3008 3248
3008 3926
3008 7453
3008 9307
3009 9731
3010 4342
3010 8100
3011 4145
3011 4403
3011 6143
3011 6295
3012 9228
3013 6982
3013 7345
3014 4184
3014 4393
3014 6455
3014 6618
3014 8377
3015 3184
3015 3649
3015 4044
3015 4991
3015 7773
3015 8408
3015 9223
3015 9808
3016 5779
3016 7755
3017 3190
3017 3435
3017 4309
3017 4568
3018 5601
3019 3107
3019 3187
3019 5977
3019 6340
3019 7643
3020 9469
3021 8238
3021 8568
3023 3545
3024 8976
3027 4407
3028 6308
3028 7204
3029 3425
3029 3550
3029 4370
3029 5897
3029 7410
3030 4350
3030 4859
3030 4872
3030 6399
3030 9601
3031 4214
3031 5287
3031 8851
3032 4291
3032 6157
3032 7120
3032 8701
3033 3046
3033 3641
3033 5426
3033 6573
3033 7226
3033 7356
3034 4126
3035 7459
3037 5785
3038 6886
3040 5186
3040 7120
3040 9339
3042 3437
3042 3807
3042 8811
3044 7185
3044 9266
3044 9467
3045 4397
3045 4416
3045 4532
3045 7243
3045 7344
3045 8439
3046 5094
3046 6168
3047 3893
3047 4539
3048 5564
3048 6393
3048 7591
3048 8287
3049 3509
3049 4348
3049 5548
3050 4414
3051 3227
3051 4017
3051 4512
3051 5879
3052 3686
3052 3817
3052 6917
3053 3867
3053 9246
3054 5463
3054 5736
3054 6967
3055 3487
3056 8125
3057 3899
3058 3428
3058 8606
3060 3827
3060 6283
3060 6637
3060 6916
3060 8137
3062 3823
3062 4077
3062 5350
3062 5921
3062 6473
3062 7904
3062 8173
3063 7934
3064 3379
3064 3544
3066 7516
3066 9820
3067 8043
3068 4612
3068 5464
3068 6803
3068 7815
3069 3502
3069 3591
3069 3819
3069 5765
3069 6326
3069 6883
3069 7346
3069 7608
3070 3176
3070 7159
3070 7301
3070 8980
3072 4494
3073 9554
3076 4042
3076 8861
3076 9978
3077 4027
3077 4646
3077 5730
3077 6261
3077 7939
3077 8465
3078 4243
3078 4867
3078 5601
3078 6314
3078 6673
3078 6824
3078 6896
3078 8494
3080 8261
3080 8340
3082 8728
3082 9505
3082 9730
3083 7919
3083 9215
3084 5176
3084 9607
3085 7458
3086 4420
3086 5110
3086 5152
3086 9109
3086 9308
3087 3735
3087 4437
3087 5171
3087 6535
3088 3188
3088 5297
3089 3738
3089 6498
3089 7072
3089 7638
3090 3924
3090 7357
3090 8115
3091 5874
3092 3587
3092 4280
3092 7765
3092 8271
3092 9229
3093 7157
3094 3137
3094 5720
3094 6390
3094 7033
3094 7138
3094 8121
3094 8434
3095 7286
3097 4405
3097 4590
3097 5141
3097 8178
3097 9656
3098 3220
3098 6008
3098 7756
3099 5109
3100 4982
3103 3454
3103 6927
3104 3825
3105 6337
3106 3135
3106 6805
3107 4573
3107 6614
3107 7148
3107 7477
3107 9461
3108 5337
3108 6474
3108 8274
3109 3949
3109 9862
3110 3980
3110 4379
3111 6649
3112 3791
3112 5770
3113 3548
3113 5591
3113 9362
3114 3662
3114 4479
3114 5269
3114 5366
3115 8989
3115 9253
3116 4452
3116 5385
3116 6151
3116 9227
3117 4081
3117 6846
3117 7450
3117 7789
3119 4034
3120 5762
3121 3501
3121 7682
3122 3307
3122 5088
3123 8681
3123 9113
3123 9196
3123 9822
3124 3528
3126 4161
3127 5759
3127 6427
3127 6854
3129 4753
3129 5067
3129 9969
3130 3153
3130 8223
3130 8950
3131 5229
3131 8647
3131 8870
3132 7167
3132 9612
3133 4609
3133 5839
3133 7479
3134 6726
3135 3779
3135 6776
3135 8079
3136 6428
3136 7065
3136 9392
3137 5508
3138 6651
3138 8035
3138 8378
3138 8716
3138 8720
3138 9347
3139 3689
3139 8251
3140 5317
3142 6055
3143 6479
3146 4047
3146 8984
3146 9756
3147 5855
3150 8972
3151 3927
3151 5282
3151 5397
3151 6189
3151 7287
3151 8148
3152 3929
3152 4724
3152 6904
3152 9929
3153 5082
3153 8824
3155 8775
3156 4385
3156 5027
3156 5279
3156 5397
3156 6430
3156 7884
3157 6774
3158 8862
3159 4061
3159 4651
3159 5019
3159 6575
3159 9618
3160 3386
3160 4443
3160 7683
3160 9459
3161 3636
3161 6739
3161 7145
3162 3500
3162 4157
3162 4765
3162 6404
3162 9708
3164 3993
3164 5117
3164 7985
3165 7255
3167 3533
3168 3180
3168 3585
3168 8786
3170 4971
3170 6943
3170 8149
3171 5649
3171 8625
3172 5271
3172 7735
3175 4345
3175 5578
3175 6653
3175 8029
3176 4317
3178 4912
3178 4990
3178 5769
3178 7050
3178 7203
3178 7252
3178 7912
3178 9656
3180 3300
3180 3575
3180 3589
3180 4239
3180 4665
3180 5052
3180 6286
3180 6468
3180 7872
3180 7989
3181 5206
3182 3947
3183 9247
3184 5406
3184 6430
3185 9582
3186 5700
3186 5774
3187 7292
3187 9931
3189 5470
3189 6247
3189 7211
3189 7727
3189 8182
3189 9576
3190 5376
3190 5927
3191 3586
3191 4487
3192 5994
3192 8039
3193 9641
3194 3582
3194 4522
3194 5061
3194 5473
3194 5598
3194 7392
3194 7451
3194 9634
3195 3564
3196 8826
3198 7476
3199 3881
3199 7917
3199 8903
3200 7090
3201 5707
3202 4629
3202 5636
3203 5597
3204 3995
3205 3229
3205 6409
3206 3324
3206 4834
3206 5211
3207 5482
3207 9319
3207 9682
3208 3416
3208 4461
3208 4561
3209 4064
3209 4888
3209 5235
3210 3335
3210 3485
3210 4617
3210 5138
3210 8045
3210 9297
3211 7685
3212 3441
3212 3541
3212 3671
3212 4897
3212 5139
3212 6647
3212 6663
3212 7662
3212 8314
3213 5281
3213 6656
3214 9244
3215 4204
3215 9119
3216 6025
3216 6852
3216 9693
3217 5622
3217 6107
3217 8340
3217 8390
3218 3911
3218 4153
3218 5756
3218 8159
3219 8514
3219 9750
3220 3331
3220 4008
3220 5647
3220 6099
3220 8653
3221 5551
3221 7726
3223 5808
3223 6536
3223 7648
3223 8515
3223 9214
3223 9507
3224 4499
3224 5671
3224 6118
3224 7090
3224 8379
3224 9504
3226 3345
3226 4183
3226 4891
3226 8809
3226 9422
3227 5108
3227 5409
3227 5687
3228 4388
3228 6979
3228 7321
3229 4679
3229 6816
3230 7461
3230 9864
3231 5798
3232 5203
3232 5554
3232 5708
3232 6561
3233 4410
3233 5180
3233 8044
3233 8136
3233 9357
3234 4563
3234 6559
3235 3523
3235 4580
3235 4918
3235 6136
3235 6386
3235 6497
3235 6619
3235 6698
3235 8142
3235 9816
3237 4690
3237 6539
3239 3641
3240 5214
3240 9959
3242 6522
3243 3317
3243 3592
3244 4186
3244 6295
3245 3276
3245 3329
3245 4805
3245 6846
3246 6215
3247 4355
3247 5952
3247 9184
3247 9571
3249 8947
3250 8907
3251 3991
3251 4000
3251 4207
3251 7040
3251 9787
3252 8751
3252 8893
3253 4117
3253 5612
3253 6235
3253 8363
3254 6152
3255 3321
3255 4406
3256 3513
3257 3381
3257 6659
3258 5639
3259 6267
3259 8404
3261 6902
3261 9594
3262 5314
3262 9290
3263 3530
3263 4584
3263 5660
3263 8437
3263 9967
3264 3956
3264 5207
3264 5237
3264 5915
3264 6415
3264 9374
3264 9402
3265 3552
3265 5431
3266 3384
3266 4144
3266 6957
3266 7483
3266 8864
3267 6946
3268 3390
3268 4851
3268 7354
3269 6782
3270 7083
3270 9751
3271 3613
3271 4171
3271 6066
3271 7483
3273 3283
3273 5352
3273 5430
3273 7755
3274 3758
3274 4285
3274 8649
3275 3760
3275 5432
3275 5650
3275 6737
3275 7274
3275 9896
3275 9947
3276 8427
3277 3310
3277 4587
3277 5284
3278 5221
3280 8320
3281 5728
3283 3916
3283 5842
3283 6536
3284 6031
3286 4309
3286 6688
3286 7459
3287 5778
3287 7837
3288 3971
3288 9222
3290 3459
3290 3881
3290 4288
3290 4400
3290 4906
3291 4590
3292 3479
3292 4585
3292 6672
3293 5494
3294 3728
3294 6925
3296 4103
3296 5691
3296 6914
3297 3946
3297 4550
3297 5776
3298 4622
3298 7778
3299 3316
3299 5004
3299 8796
3300 5717
3300 8282
3301 3942
3301 4097
3301 4815
3302 9619
3303 4351
3303 6487
3303 6978
3303 9814
3304 4655
3304 7499
3304 9413
3306 6229
3306 6565
3307 7516
3308 4399
3308 6494
3308 7787
3308 8219
3309 3691
3309 4467
3309 5532
3309 6176
3309 6644
3309 7233
3310 3527
3310 5117
3310 5358
3310 5566
3310 6418
3310 7037
3310 8685
3310 8854
3311 5374
3311 5433
3311 5805
3312 4093
3312 4126
3312 9498
3313 8069
3314 7813
3315 9583
3317 3857
3317 8579
3319 7347
3320 4122
3320 6920
3321 3397
3321 3978
3321 7154
3321 8111
3321 8572
3322 4716
3322 5998
3322 6534
3322 6642
3322 9443
3326 3687
3326 4817
3327 3452
3328 4343
3328 5238
3329 4358
3329 5511
3329 5658
3329 9628
3329 9828
3330 4583
3330 5926
3331 4509
3331 5761
3332 4450
3332 5639
3332 6403
3333 3652
3333 4713
3333 6015
3333 7313
3334 4260
3334 7603
3335 5863
3335 8245
3336 3589
3336 3678
3336 4742
3337 3872
3337 6394
3337 6615
3339 3877
3339 9166
3340 7133
3341 9311
3342 6622
3342 9391
3343 4181
3343 5940
3343 6088
3343 6558
3343 6566
3344 3844
3344 4251
3345 5567
3345 8920
3346 3607
3346 4660
3346 7002
3346 7580
3346 8919
3347 5451
3347 9021
3348 4298
3348 7109
3349 3803
3349 7540
3349 8222
3349 8579
3350 3715
3350 4156
3351 7370
3352 5194
3352 5429
3352 5503
3352 9469
3353 6029
3353 8967
3354 5589
3354 6703
3354 8032
3354 8621
3355 4466
3355 7219
3356 6654
3357 4051
3357 5462
3357 5881
3357 7652
3357 9485
3358 7565
3359 3620
3359 5066
3359 9613
3360 5167
3361 4425
3363 4150
3363 8974
3364 7054
3364 9292
3365 5004
3366 6435
3366 8381
3368 4086
3368 5292
3368 5489
3368 7288
3368 8121
3369 3745
3369 4064
3369 7801
3370 5552
3371 4098
3371 5623
3372 5151
3373 5434
3373 5882
3374 3933
3374 4366
3374 6313
3374 7109
3374 7861
3374 8440
3375 4142
3375 6224
3378 3508
3378 8058
3378 8292
3378 9500
3379 3640
3380 3565
3381 4203
3382 8408
3382 9615
3383 3851
3383 6273
3383 8187
3383 9606
3384 5745
3384 8207
3384 8663
3385 3583
3385 5295
3385 6257
3385 7780
3387 3436
3387 5372
3387 8057
3388 3457
3388 4833
3388 6813
3388 7197
3388 8975
3389 5267
3390 5475
3390 6530
3392 3829
3392 4007
3392 4146
3392 9332
3393 5471
3393 6407
3393 7482
3393 7996
3393 8413
3394 3410
3394 3778
3394 4996
3394 5470
3394 5644
3394 8269
3394 8367
3394 8526
3394 9194
3395 5915
3396 3833
3396 3985
3397 3752
3397 4208
3398 9464
3399 3433
3399 4159
3399 4665
3399 5628
3399 6984
3400 5933
3400 7718
3400 7886
3403 7390
3403 7570
3403 9216
3404 6335
3405 4539
3406 5515
3406 5946
3406 7832
3407 3429
3407 5753
3407 6880
3408 3583
3408 4248
3409 3792
3409 4171
3409 5135
3409 6640
3410 6063
3411 7148
3411 7643
3411 9519
3412 8534
3413 8348
3414 7654
3415 3931
3415 4511
3415 5788
3415 6351
3415 7509
3415 8804
3415 8828
3416 5288
3416 7277
3417 5573
3417 5609
3417 6813
3417 7644
3417 8343
3418 3660
3418 6737
3418 7463
3418 8196
3419 3470
3419 5528
3420 5245
3421 3539
3421 4148
3421 4786
3421 6542
3421 9566
3424 6045
3425 4335
3425 5932
3425 7588
3425 9115
3426 8762
3427 3941
3427 8131
3427 9212
3428 3498
3428 4191
3428 4699
3428 5456
3428 5588
3428 6384
3428 7032
3428 7275
3428 9557
3429 3631
3429 4879
3429 9317
3430 6733
3431 3458
3431 4943
3431 6174
3431 6830
3431 8387
3432 4805
3432 4809
3432 5621
3432 5696
3432 6115
3433 3923
3433 4344
3433 4849
3433 6425
3436 7735
3437 5471
3437 6664
3438 6189
3438 7271
3438 7886
3438 9899
3439 3448
3439 5663
3440 4382
3443 6070
3443 8654
3444 3694
3445 3757
3445 4567
3445 4901
3445 5810
3445 6696
3445 6924
3445 8668
3446 6568
3446 9375
3446 9382
3447 9207
3448 3593
3448 3671
3448 6061
3448 6643
3448 7885
3448 8346
3448 8664
3449 4577
3449 5686
3449 6303
3449 8814
3450 6686
3451 3594
3452 4199
3452 5257
3453 4206
3454 3531
3454 9420
3455 4300
3455 4863
3455 8470
3455 9581
3455 9667
3456 4691
3456 9258
3457 6340
3457 6676
3457 9614
3458 4678
3459 3697
3459 6817
3460 6609
3460 8380
3461 4821
3461 6647
3463 5442
3463 6486
3463 6772
3464 6833
3464 9855
3465 3468
3465 4492
3465 5364
3465 5645
3465 5937
3465 6836
3465 6847
3465 7661
3465 9062
3466 5042
3466 9924
3468 5039
3468 7462
3468 7967
3468 8199
3468 8211
3469 3590
3469 7059
3471 4774
3471 7349
3472 4032
3472 9586
3473 5886
3473 8692
3473 9684
3474 3723
3474 5540
3474 5756
3475 7437
3476 8177
3477 6877
3477 8922
3477 9273
3477 9506
3477 9575
3478 4925
3479 5820
3479 6691
3480 7859
3481 3536
3481 5373
3484 3490
3484 4612
3484 5080
3484 7210
3484 8386
3484 8421
3484 8918
3486 3836
3486 4929
3486 4985
3486 6009
3486 6164
3488 7956
3490 5712
3490 9040
3490 9204
3491 9891
3493 4377
3493 8449
3494 5609
3494 9799
3495 3907
3495 4614
3495 6702
3495 7452
3496 4831
3496 4840
3496 8767
3497 7395
3497 9986
3498 7320
3498 8730
3498 9893
3499 4083
3499 7782
3499 8045
3499 9135
3500 3873
3500 4611
3500 5535
3500 6058
3500 8266
3501 4235
3501 6986
3502 5680
3502 7951
3503 6952
3503 6954
3504 6412
3505 6508
3505 7028
3505 8116
3505 8731
3505 9112
3505 9968
3506 4793
3506 6346
3506 7135
3507 3753
3507 7115
3507 7312
3509 5495
3509 7208
3509 7777
3510 5048
3510 5883
3510 7618
3510 7769
3511 4383
3511 4862
3511 6145
3511 6840
3511 7448
3511 9194
3512 5116
3512 5382
3512 6459
3514 4545
3514 9287
3514 9704
3515 3710
3515 6326
3515 8791
3516 4266
3516 4666
3516 6275
3516 7991
3517 6597
3518 4369
3518 5518
3518 5659
3520 3828
3520 5003
3520 5631
3520 7456
3520 8652
3520 9370
3520 9807
3520 9901
3522 3600
3522 7251
3523 4528
3523 5487
3525 4142
3525 5352
3525 6898
3526 4441
3526 8390
3527 9002
3527 9465
3528 7150
3529 5717
3529 6704
3530 5284
3530 9279
3531 4165
3535 7496
3535 7732
3537 7470
3538 3795
3538 4998
3538 7497
3539 7318
3539 8695
3540 4841
3540 7533
3540 8047
3542 7175
3543 5336
3543 6026
3543 6053
3543 9388
3544 3770
3544 5063
3544 8438
3544 8463
3546 6595
3546 8251
3546 8925
3547 3690
3547 4465
3547 5371
3548 4272
3548 4277
3548 4879
3548 9539
3550 4059
3550 7448
3550 9935
3551 8353
3552 4598
3552 5945
3552 9011
3554 5703
3554 8111
3554 8265
3555 3781
3555 6300
3557 5365
3558 7693
3558 9686
3559 4146
3559 9506
3561 4177
3563 4190
3563 4509
3563 6623
3563 6634
3563 6876
3563 8906
3564 4230
3564 5440
3564 6628
3564 8746
3565 5811
3565 9986
3566 3713
3566 4817
3566 4950
3566 5638
3566 7156
3566 8999
3569 5182
3571 4122
3571 4264
3571 4830
3571 5482
3571 8114
3573 5389
3573 7263
3573 8283
3574 8569
3574 8654
3575 4423
3575 5020
3575 7206
3576 4794
3577 4496
3577 4979
3578 7123
3579 7512
3580 8176
3580 9373
3580 9401
3581 5688
3584 8584
3586 3813
3586 4674
3586 6144
3586 9788
3587 4309
3587 6722
3587 7201
3588 7327
3589 4062
3589 4680
3589 5389
3589 7855
3589 8472
3589 9306
3590 3952
3590 4666
3590 4668
3590 4705
3590 6416
3590 9875
3591 4268
3591 4750
3591 7743
3591 8230
3591 9488
3592 4000
3592 4725
3592 7434
3592 7558
3593 5072
3593 6812
3593 7951
3593 9719
3595 3804
3595 4020
3595 4125
3595 5108
3596 7853
3597 8516
3598 4242
3598 4758
3598 6213
3599 4962
3599 6310
3601 4375
3601 4629
3601 7562
3601 8931
3601 9156
3602 5209
3602 6153
3602 8522
3603 5088
3603 6067
3603 7154
3603 7240
3603 7809
3603 9685
3603 9829
3604 4490
3604 6611
3605 4657
3605 6356
3605 6918
3605 7043
3607 9564
3608 3785
3608 5202
3608 5924
3608 8698
3610 4013
3610 8609
3611 7418
3612 3865
3612 4405
3612 5682
3612 6038
3612 8278
3612 9075
3612 9747
3613 5012
3613 6886
3615 4961
3615 5448
3616 4649
3616 5899
3616 7645
3617 5809
3618 6427
3618 9371
3619 9202
3619 9301
3620 4170
3620 7371
3620 7486
3620 8663
3621 3908
3622 7928
3623 9493
3624 5193
3624 8162
3624 9456
3625 6414
3627 4947
3629 4203
3629 5200
3629 5851
3629 5863
3629 5926
3629 7763
3629 9289
3630 6400
3632 7726
3632 7937
3633 3732
3635 8071
3636 4636
3636 5979
3636 7805
3639 4386
3639 5242
3639 6673
3639 6732
3639 7949
3639 9124
3640 4518
3640 6336
3641 3652
3642 4496
3643 5214
3643 6855
3643 9735
3644 5125
3644 7475
3645 4556
3646 4699
3646 8619
3647 7136
3648 5196
3648 6033
3648 7186
3649 6214
3649 9060
3650 3864
3650 5618
3650 9808
3652 4376
3652 4785
3652 6808
3652 9406
3653 6367
3653 8362
3654 3658
3654 5060
3654 8352
3657 4285
3657 6464
3657 9689
3658 6027
3658 6338
3658 6551
3658 6965
3659 6416
3659 8651
3660 7525
3661 4188
3661 4453
3661 4490
3661 5361
3661 8181
3661 8354
3661 8418
3662 7192
3662 8372
3663 4233
3663 4458
3664 8031
3664 8962
3665 5529
3665 8293
3667 3734
3667 4494
3668 6222
3668 9000
3669 9307
3671 4648
3676 8616
3676 9824
3677 9236
3678 3873
3679 7727
3680 3839
3680 4690
3680 5148
3681 4523
3681 8907
3681 9813
3682 5052
3682 6629
3683 4815
3683 5019
3683 6216
3683 7933
3685 6228
3685 6388
3686 4820
3686 6631
3686 8028
3687 9462
3689 6512
3689 9438
3689 9895
3690 8634
3691 3871
3691 9701
3692 3793
3692 6873
3693 6203
3693 9890
3695 4675
3695 7111
3696 5574
3697 5195
3697 5590
3697 6292
3697 6928
3697 6970
3698 5309
3699 4035
3699 4937
3699 5667
3699 5841
3699 7120
3700 8284
3700 8487
3703 5791
3703 5900
3703 5945
3703 8188
3703 8600
3703 8694
3705 4345
3705 5900
3705 7689
3706 4472
3706 4742
3706 6046
3707 5450
3707 8913
3708 5407
3708 7127
3708 8473
3709 8255
3710 3795
3710 7538
3710 7563
3710 7892
3710 8590
3712 4109
3712 5975
3712 9483
3713 6709
3715 4319
3715 6344
3716 7166
3717 3789
3717 4673
3717 5303
3717 5599
3717 5911
3718 9300
3719 5160
3720 4431
3720 5027
3720 6057
3721 3922
3721 6449
3722 5168
3723 9513
3724 4154
3724 5037
3724 8428
3724 9328
3724 9494
3724 9938
3725 4686
3725 6620
3725 7161
3725 7265
3725 8521
3725 8649
3726 4221
3727 4212
3727 4895
3727 5468
3727 6721
3727 7065
3730 6195
3731 5763
3731 6571
3731 8449
3732 3948
3732 9903
3734 7224
3735 4368
3735 6172
3735 6257
3737 5952
3738 4276
3738 5401
3741 4958
3741 5044
3742 5170
3742 6821
3742 7315
3742 9227
3743 5522
3743 6834
3744 4740
3744 9098
3745 5113
3745 9370
3746 7412
3747 4324
3747 9550
3748 4262
3748 6741
3748 8211
3748 9898
3749 4887
3749 5917
3750 3862
3750 6508
3750 7241
3751 6529
3752 4918
3752 7790
3753 3852
3753 4722
3753 7819
3753 7976
3753 8794
3754 7405
3754 8055
3754 8084
3754 8965
3755 5322
3755 6788
3757 9138
3758 4198
3758 4268
3760 4156
3760 4467
3762 6076
3763 4486
3763 7232
3764 3890
3764 6016
3765 9136
3766 4052
3766 5272
3766 9221
3767 6132
3767 6860
3769 5337
3769 9087
3770 4109
3770 4551
3770 5578
3770 6557
3770 7635
3771 4331
3771 5546
3771 5747
3772 9801
3773 4072
3774 7542
3774 9630
3776 4508
3776 5048
3776 6150
3776 9077
3783 6310
3784 6731
3784 8374
3785 4215
3785 4807
3786 7909
3788 4136
3788 4777
3788 7665
3788 7948
3789 9473
3790 4289
3790 4408
3790 4692
3790 5871
3790 7162
3790 9643
3791 3825
3791 5611
3793 4316
3793 6817
3794 4474
3795 7691
3795 9632
3796 4444
3796 5254
3796 8207
3798 7467
3799 4178
3800 6344
3800 8464
3801 9197
3802 6001
3803 3869
3804 4028
3804 6475
3804 7435
3804 9103
3806 6484
3806 7638
3807 4050
3807 4193
3807 4876
3807 5581
3807 5690
3807 7280
3807 7402
3809 8573
3811 7001
3812 6480
3812 8722
3813 6378
3814 4808
3814 5378
3815 7134
3815 8643
3815 9466
3816 4611
3816 6462
3818 5446
3818 8138
3818 8550
3818 8935
3818 9508
3819 4241
3819 4445
3819 4826
3820 5154
3820 7602
3822 5536
3822 7690
3824 7896
3824 9664
3827 5337
3827 9388
3828 7534
3829 7108
3830 4721
3830 5518
3831 5876
3831 7011
3831 7883
3833 5495
3833 5587
3833 7829
3833 9130
3834 6274
3836 7557
3836 8729
3837 6856
3837 7636
3837 9273
3838 6538
3840 4964
3841 4569
3841 4803
3841 5607
3841 6393
3842 5962
3844 5255
3845 9014
3846 3930
3846 4791
3847 8678
3847 9691
3848 3997
3848 4021
3848 6953
3848 9256
3849 4559
3849 7049
3849 9253
3850 4073
3850 8236
3852 4288
3852 6573
3853 8862
3853 9584
3854 4633
3854 5127
3856 3986
3856 5443
3856 7407
3856 7798
3856 8615
3859 4854
3859 9263
3860 3925
3860 7488
3860 9568
3861 5143
3862 4424
3862 4691
3862 8328
3863 7848
3863 7994
3864 5400
3864 5911
3864 7014
3864 7594
3867 4724
3867 4757
3867 4953
3867 5091
3867 5430
3867 7725
3867 8125
3867 8799
3867 8907
3867 9553
3868 5234
3868 9179
3869 4159
3869 4711
3871 4889
3871 7419
3871 7613
3872 4208
3872 5704
3873 9416
3874 7807
3874 8318
3875 6289
3875 6899
3875 6946
3875 7561
3877 4400
3877 4596
3877 6502
3877 7172
3878 4266
3878 4485
3879 5702
3880 6266
3882 9426
3883 3999
3883 5203
3883 5939
3884 4329
3884 9137
3885 3979
3886 5743
3886 8288
3886 8660
3887 6601
3887 9073
3888 4416
3888 6219
3888 7830
3889 4493
3889 5568
3889 9087
3889 9700
3891 4062
3891 4278
3891 5351
3891 5675
3891 7531
3892 4816
3892 8124
3892 9470
3893 7817
3894 7891
3895 6160
3895 7513
3895 7689
3896 4489
3896 4669
3896 5581
3897 7056
3897 7125
3897 9341
3898 8701
3900 4508
3900 4694
3900 5191
3900 5305
3900 7348
3900 7961
3900 9869
3901 4097
3901 4414
3901 7941
3901 9366
3902 5228
3902 6973
3902 7508
3903 4769
3903 5739
3903 5762
3903 8839
3904 4935
3904 6441
3904 9038
3905 5550
3905 5704
3905 6716
3905 8526
3906 6739
3907 8243
3908 4638
3908 7356
3910 4637
3910 4696
3910 5358
3910 8260
3911 6068
3911 6411
3911 8615
3911 9333
3913 4391
3913 8098
3913 9198
3914 7181
3916 5179
3916 8073
3917 9782
3920 5160
3920 7087
3921 4036
3921 5372
3921 6650
3921 7420
3921 8627
3922 6236
3922 6980
3923 4896
3923 5492
3923 5622
3923 6086
3923 7132
3924 4427
3924 8047
3924 8717
3925 4308
3925 5948
3926 5632
3929 4684
3929 5028
3929 6255
3929 6304
3929 6888
3930 4091
3930 4827
3930 5029
3930 6177
3930 6552
3930 7322
3934 4194
3934 5165
3934 5225
3934 7021
3934 8455
3934 8507
3936 4750
3936 7000
3936 9528
3937 4900
3937 4925
3937 6184
3937 6852
3937 7813
3942 4074
3942 5540
3942 5765
3943 4172
3943 5997
3944 4591
3944 5458
3944 8528
3945 4981
3945 5555
3945 8770
3949 4364
3950 6587
3952 4549
3953 8338
3954 8953
3956 4564
3957 4405
3958 4606
3958 9059
3959 6753
3960 6097
3960 8650
3962 4164
3962 5253
3963 4862
3963 5274
3965 6849
3965 7234
3965 7714
3968 4972
3968 5697
3969 6320
3969 7408
3970 4497
3970 8735
3971 3979
3973 5323
3974 7776
3975 9284
3976 4310
3976 7155
3977 8905
3978 6154
3979 8365
3979 9546
3979 9937
3980 5223
3980 7515
3981 5026
3981 5546
3981 7295
3982 6583
3982 8510
3983 4446
3983 5534
3983 7528
3984 4025
3984 4033
3984 6967
3984 8403
3985 4311
3986 4749
3986 5991
3986 6106
3986 7917
3987 3999
3988 4100
3988 4814
3990 6875
3990 7213
3990 9413
3991 7692
3992 6285
3992 7560
3993 4038
3993 4876
3993 5058
3993 5908
3994 4904
3994 8383
3996 5525
3997 6167
3997 6178
3997 6767
3997 8878
3997 9973
3998 4655
3998 9475
3999 4437
3999 7738
3999 9272
4002 5606
4002 6065
4002 7125
4002 9835
4003 4713
4003 5079
4003 5622
4004 5913
4004 5951
4005 6612
4006 4856
4010 4982
4011 4735
4011 5626
4011 8221
4011 9445
4012 7003
4013 6141
4013 8356
4014 6994
4014 9749
4015 6054
4015 6307
4016 5878
4016 8584
4016 8598
4017 4767
4017 6380
4017 7574
4019 8551
4020 6343
4021 7425
4021 9071
4021 9201
4022 5712
4022 5843
4022 7852
4022 9339
4023 5412
4023 5654
4024 4315
4025 4753
4025 9051
4026 4688
4026 5785
4027 5907
4028 6578
4028 7433
4028 7831
4029 6271
4031 5208
4032 5021
4032 6419
4032 6462
4032 6583
4032 7576
4032 9158
4033 6809
4034 4603
4034 9686
4035 4562
4035 6899
4035 7387
4035 9459
4036 7772
4036 8086
4037 5931
4038 4326
4038 8532
4040 6959
4040 9759
4040 9953
4041 8606
4041 9318
4042 8737
4046 5810
4046 6073
4051 4589
4051 5494
4051 7785
4052 6827
4053 8273
4054 5050
4054 6790
4054 7325
4054 8540
4055 4647
4058 5870
4059 7871
4059 8563
4059 9610
4062 5159
4062 6492
4062 7900
4062 9123
4062 9131
4062 9472
4063 6258
4064 5502
4064 6192
4064 8737
4066 4638
4066 4845
4068 4907
4068 5823
4069 6046
4069 6323
4069 8993
4070 4633
4070 6137
4071 9010
4072 6115
4072 6826
4074 4985
4074 7199
4075 4967
4076 5222
4076 5262
4076 5661
4076 8814
4077 5417
4079 4141
4079 8644
4080 5650
4080 9343
4081 5090
4081 6635
4081 7631
4083 6558
4084 5286
4086 7323
4086 9295
4087 6845
4088 4284
4089 6613
4089 8929
4091 5652
4091 6645
4091 7874
4091 9009
4091 9846
4092 4763
4092 5880
4092 6175
4093 4095
4094 7549
4095 5758
4095 7215
4095 7986
4096 5457
4096 7427
4096 9902
4098 4400
4098 6546
4098 8931
4099 9812
4103 4445
4103 4762
4103 5798
4103 5813
4103 6351
4103 7404
4103 8576
4103 9299
4103 9945
4104 9539
4106 4283
4107 4281
4108 6082
4108 7365
4110 6509
4110 7059
4110 8543
4111 7116
4111 7188
4112 9297
4114 4507
4114 7888
4115 4693
4115 9139
4116 4915
4116 7921
4116 8883
4116 9657
4117 4895
4117 8917
4118 4621
4118 9882
4120 6020
4121 6787
4121 7839
4121 9007
4122 6039
4122 6586
4125 5198
4125 5801
4125 8073
4125 8469
4126 4225
4126 5049
4128 9823
4129 4286
4129 5440
4129 8025
4129 8726
4130 4620
4131 8753
4132 5113
4133 5157
4133 5748
4133 6678
4133 9783
4134 5502
4134 6188
4134 7257
4135 7069
4135 8842
4135 9544
4136 9237
4137 9033
4139 5523
4139 6782
4140 4468
4140 9793
4140 9941
4141 4909
4141 5666
4141 6745
4141 7573
4142 4595
4142 4818
4142 6765
4142 7401
4142 7894
4144 4561
4144 6878
4144 6964
4144 8157
4144 8324
4144 8509
4145 5571
4145 9647
4146 4541
4147 7285
4150 5758
4150 7823
4151 9912
4152 7466
4153 6087
4153 6413
4153 9191
4154 4156
4154 5614
4154 9132
4155 4231
4155 4348
4157 5106
4158 5112
4158 5465
4158 9008
4160 7883
4160 8345
4161 8457
4162 5526
4162 7340
4165 7396
4167 5357
4167 7975
4170 4302
4170 4758
4170 5729
4170 6201
4170 7461
4171 4525
4171 5558
4171 5862
4171 7171
4171 7642
4171 8101
4171 9734
4172 4517
4172 6658
4172 7671
4172 7927
4174 4762
4175 6798
4176 4469
4176 5910
4176 9391
4177 4910
4177 5409
4177 5557
4177 6211
4177 8900
4178 7090
4178 7488
4178 7950
4179 8253
4181 4574
4182 7500
4183 4227
4183 7469
4184 5506
4184 6127
4185 5804
4185 9615
4186 4894
4186 7019
4186 7281
4186 9302
4187 5935
4187 5993
4187 7026
4187 7142
4188 4980
4188 7071
4191 4828
4191 8387
4192 6028
4194 4439
4194 4767
4194 5676
4194 6262
4194 9523
4195 5674
4195 6682
4195 8047
4195 9578
4196 4439
4196 9400
4197 5071
4198 5788
4199 5236
4199 8101
4201 4228
4201 7668
4202 5706
4202 7456
4202 7540
4202 7690
4202 8674
4202 8723
4203 5002
4203 6955
4204 6483
4204 7203
4204 7984
4205 4526
4206 7727
4207 6194
4207 8155
4209 6600
4210 4892
4210 7200
4210 7537
4210 9815
4211 5690
4212 9856
4213 7005
4213 8775
4213 9379
4213 9861
4214 9748
4215 5575
4215 5727
4215 6790
4215 7877
4215 8848
4216 7234
4219 4562
4219 5736
4219 6671
4219 7926
4219 9211
4220 4238
4220 5544
4221 4915
4221 5074
4221 6335
4221 6549
4221 9125
4222 4733
4222 5810
4222 8880
4222 9013
4223 5677
4224 6038
4224 9122
4224 9300
4225 8143
4226 5184
4226 6375
4226 6469
4227 7320
4228 4672
4228 7481
4230 5045
4230 7509
4231 5274
4234 4649
4235 7859
4237 4282
4237 4803
4237 5465
4237 7006
4237 8508
4238 4253
4238 6079
4240 6083
4240 7372
4240 8492
4240 9785
4241 6808
4241 8499
4242 8975
4243 6452
4245 6429
4245 6944
4245 9932
4246 4728
4246 6396
4246 9612
4248 4893
4248 9756
4249 4396
4249 5079
4250 5015
4250 6016
4250 9238
4250 9563
4251 4318
4251 8999
4252 8199
4254 8293
4255 7196
4257 4972
4257 9866
4258 6053
4258 6467
4259 4787
4259 5946
4260 7358
4261 4274
4261 7595
4262 4842
4263 6447
4264 7912
4265 9076
4265 9512
4267 4393
4267 6514
4267 7131
4268 8676
4268 9047
4268 9572
4268 9710
4269 7112
4269 8729
4270 4663
4271 9686
4272 8456
4272 9974
4274 4844
4276 9987
4277 9069
4277 9463
4278 6324
4278 7152
4279 9728
4279 9803
4284 6775
4284 9527
4289 5484
4289 6260
4289 7892
4289 8018
4289 9504
4291 7582
4291 8104
4292 8086
4293 6882
4294 4557
4294 6196
4295 4471
4295 5943
4296 5348
4296 7016
4296 7208
4297 5105
4299 5678
4299 9240
4300 4590
4300 4629
4300 5515
4302 7192
4302 7235
4309 7151
4309 8927
4312 4562
4312 6422
4312 8050
4314 7262
4316 4852
4316 8431
4316 9845
4317 6696
4318 7963
4319 4615
4319 4740
4320 4451
4320 6011
4320 7627
4320 8326
4321 5909
4321 7776
4323 7260
4326 5571
4326 6908
4326 7713
4328 4474
4328 9849
4329 8079
4329 8747
4329 9073
4331 5240
4331 9694
4332 6732
4332 9829
4334 5809
4334 8187
4334 9784
4335 6501
4335 8516
4335 8555
4335 9951
4336 5186
4336 6494
4337 6263
4337 8658
4339 8479
4340 4394
4340 9741
4340 9845
4341 6867
4341 7174
4341 8390
4342 6252
4342 9778
4343 8617
4344 7112
4344 9318
4345 4794
4345 5109
4345 5908
4345 6092
4345 9318
4345 9785
4346 4486
4347 6011
4349 6198
4350 5111
4350 6305
4350 7153
4350 8785
4351 7902
4352 5177
4352 8407
4352 8968
4353 6169
4353 6769
4353 9137
4355 9311
4358 4417
4358 5785
4358 5898
4358 6233
4358 6245
4360 5170
4360 5976
4360 6195
4360 8660
4360 9337
4361 5397
4364 5298
4364 6596
4365 4520
4365 4572
4365 5394
4365 9751
4367 8203
4369 5297
4370 4647
4371 4766
4371 6602
4371 7764
4371 7774
4372 4497
4372 5070
4372 8591
4372 9227
4373 4940
4373 7901
4374 6272
4375 7336
4377 5400
4377 9867
4378 8499
4379 4805
4379 5162
4381 5989
4381 9162
4382 4960
4382 5065
4382 5969
4382 8629
4382 9362
4382 9453
4384 5377
4384 5718
4386 8101
4387 4480
4387 5173
4390 7601
4391 4421
4391 4462
4391 5464
4391 9248
4393 6845
4393 7128
4393 8009
4394 7640
4397 4443
4397 4480
4397 6161
4397 8265
4399 9142
4400 4945
4402 5246
4402 5942
4402 6264
4402 8486
4404 8127
4404 8578
4404 8645
4405 7252
4405 9894
4407 6480
4408 4869
4408 6892
4409 5198
4412 6483
4413 5006
4413 5192
4413 5644
4413 8351
4413 9811
4414 8569
4416 4731
4416 8275
4417 5818
4417 6783
4417 7339
4418 7368
4419 7574
4419 8651
4421 4618
4421 5254
4421 5432
4421 7843
4421 9244
4421 9264
4421 9618
4421 9650
4422 7932
4424 5732
4425 4726
4425 5836
4425 9763
4425 9999
4427 6644
4430 6526
4431 8958
4432 4885
4432 5091
4432 7455
4432 9145
4432 9275
4433 5294
4433 5679
4433 7477
4433 8352
4433 8479
4433 9086
4434 6066
4434 6113
4434 8652
4435 5173
4436 4636
4436 4957
4436 6563
4437 4486
4437 4893
4437 6134
4437 9554
4438 7864
4438 8987
4439 7107
4440 5110
4440 5149
4440 5276
4440 8888
4443 8849
4444 5576
4445 4971
4445 5914
4445 6521
4446 5948
4446 6833
4446 7351
4446 8178
4447 8589
4450 9001
4451 7031
4451 8576
4451 9157
4452 5399
4452 9302
4453 6159
4453 9883
4454 5689
4454 8229
4455 6995
4455 7615
4456 6826
4456 9992
4458 7906
4458 9254
4459 6139
4461 5071
4462 5103
4462 7399
4462 8935
4463 7906
4464 5292
4465 4616
4465 6562
4465 8921
4466 7251
4466 8183
4468 5138
4468 7060
4469 5033
4469 5672
4469 8003
4469 9284
4470 5385
4471 9481
4477 4585
4477 5873
4479 8317
4480 6159
4481 5008
4481 6235
4481 7694
4481 7846
4482 4634
4482 4637
4482 6130
4486 5228
4486 7307
4487 4953
4488 5276
4488 5421
4488 5459
4488 5460
4490 7603
4493 5042
4494 5845
4494 8963
4495 8546
4495 9846
4496 4698
4496 7450
4497 9145
4498 5009
4498 9922
4499 4908
4499 6401
4499 9410
4500 6120
4500 8402
4501 5954
4503 4524
4504 4667
4504 5084
4504 7373
4505 6913
4505 7165
4505 7722
4506 8233
4506 8668
4507 4690
4507 5060
4507 6324
4507 7603
4509 9656
4511 4818
4511 4874
4511 6597
4511 6913
4511 7140
4511 8147
4511 8779
4511 9322
4514 9234
4515 7429
4515 8025
4516 7780
4517 5118
4517 9323
4519 4599
4519 6653
4519 8628
4519 9119
4520 7011
4521 4530
4521 4907
4521 5693
4521 9978
4522 4535
4522 6248
4522 6964
4523 8207
4526 6897
4526 7346
4526 7843
4528 6693
4528 6753
4529 8152
4530 6035
4530 6110
4530 7628
4531 9123
4532 8494
4534 6725
4537 7584
4539 9766
4540 6443
4541 6026
4541 9020
4541 9664
4542 5595
4542 5959
4542 8575
4542 9720
4545 7671
4545 8330
4546 6294
4546 7115
4546 7935
4547 6149
4548 5209
4548 6076
4548 8406
4549 5435
4549 7941
4549 9715
4550 6372
4550 8258
4550 8683
4551 9418
4552 8667
4553 8639
4554 4836
4554 5734
4554 8744
4555 5637
4555 5812
4555 9172
4556 5988
4556 8707
4560 4793
4560 5271
4560 5287
4560 5806
4560 8464
4560 9687
4561 6289
4563 5633
4563 7009
4564 4781
4564 6736
4564 7753
4565 9471
4566 5232
4566 6863
4566 9208
4566 9944
4567 8105
4568 5118
4568 5493
4568 5727
4568 6637
4568 8833
4569 5616
4569 7691
4570 4760
4570 7130
4570 8243
4572 5059
4572 5529
4572 5740
4572 8522
4575 5301
4575 7430
4575 7659
4575 8447
4576 9579
4579 4733
4579 7867
4580 5925
4580 6983
4580 7013
4581 7850
4582 6017
4582 6476
4582 8669
4584 7430
4584 7640
4585 5133
4585 9113
4587 4934
4587 5621
4587 7386
4588 4882
4590 4995
4591 7938
4591 8750
4591 9060
4592 8166
4592 9006
4593 7658
4594 4948
4594 5854
4594 6108
4597 5212
4597 5391
4597 6991
4597 8957
4600 9707
4602 5520
4603 8169
4604 6996
4605 6547
4606 4635
4606 9439
4607 6332
4607 9695
4609 4902
4609 4904
4610 7048
4612 7778
4613 6019
4613 6490
4613 6763
4613 6800
4613 8556
4613 9045
4613 9065
4613 9937
4614 4824
4614 5699
4614 7410
4614 8951
4616 9346
4620 5046
4623 4848
4624 5444
4625 6178
4627 4893
4627 5280
4627 9258
4629 5854
4629 6351
4629 7634
4630 5973
4630 7500
4630 8382
4631 4685
4631 6089
4631 8868
4631 9920
4632 6102
4632 8512
4633 6410
4633 8982
4634 8119
4635 6302
4635 8912
4637 9049
4639 4785
4639 5020
4641 6182
4641 7978
4641 8336
4641 8741
4641 9057
4641 9399
4641 9532
4642 7662
4642 8297
4642 8379
4642 9476
4643 5816
4644 7834
4644 8957
4646 8264
4649 7193
4649 8241
4649 8678
4649 9041
4652 7485
4653 7952
4653 9209
4654 6184
4655 5265
4655 7715
4657 9939
4661 4994
4662 6141
4662 6909
4662 7600
4662 8899
4663 5932
4664 5462
4664 7810
4666 5307
4667 5570
4667 5620
4667 5684
4667 6867
4667 7010
4667 7582
4667 8506
4667 9888
4668 4688
4668 5754
4668 9343
4668 9866
4669 4989
4669 5402
4669 6423
4669 8089
4670 7779
4672 6610
4673 4825
4673 6408
4673 8115
4677 7233
4677 7416
4677 8432
4678 9338
4679 9734
4684 5234
4684 5643
4684 6278
4684 6691
4684 6740
4684 6764
4684 6799
4684 7012
4684 7686
4684 7970
4684 8453
4684 8646
4684 8762
4687 4767
4687 5321
4688 7777
4690 6219
4691 4702
4691 4929
4691 5130
4691 5322
4691 6296
4692 4797
4692 6589
4692 8616
4692 8656
4694 7062
4695 5963
4695 6516
4696 6306
4696 9642
4696 9839
4697 5426
4697 6579
4697 7713
4697 8682
4697 9806
4699 8335
4700 4917
4700 9101
4702 4768
4702 7972
4703 6202
4703 7283
4703 7913
4704 5885
4704 7385
4705 5557
4705 5778
4705 6059
4705 6742
4705 7479
4705 7673
4705 8831
4707 6721
4707 8382
4709 6907
4709 7360
4709 9013
4710 6915
4711 5332
4711 8254
4712 5391
4712 5570
4712 9689
4713 4837
4713 5326
4713 7647
4713 9528
4713 9893
4714 4760
4714 4992
4714 5721
4714 7290
4714 8626
4714 9741
4715 6697
4716 4755
4716 5066
4719 5211
4719 7469
4720 4746
4720 5837
4721 4823
4721 6266
4721 7396
4723 5236
4723 5430
4723 5692
4725 9298
4726 7165
4726 7268
4726 7630
4727 6459
4728 6601
4728 7096
4731 5098
4731 5625
4731 6512
4733 5877
4734 6251
4734 6786
4734 9844
4735 7947
4736 5619
4736 7012
4737 7798
4738 5204
4738 6301
4738 9040
4738 9882
4739 8501
4740 7661
4741 5740
4743 7355
4745 7069
4746 7799
4750 9765
4751 6166
4752 5610
4752 7536
4753 4755
4753 5629
4754 5572
4754 8172
4755 4759
4755 6333
4755 8799
4757 7745
4760 5606
4763 5226
4765 5898
4765 8179
4766 6906
4766 8768
4768 6929
4769 5386
4770 8385
4771 5611
4771 6738
4771 6855
4772 9389
4775 7642
4776 5435
4776 8578
4777 4870
4777 5643
4777 9051
4779 4847
4780 4937
4780 5142
4780 7029
4780 7700
4780 8202
4781 5155
4781 6212
4782 5528
4784 5681
4784 9738
4784 9766
4787 8082
4789 9716
4791 7964
4794 8092
4794 8253
4794 8404
4794 9673
4795 5504
4795 6797
4795 7496
4796 5123
4796 7821
4796 8615
4801 8946
4803 8928
4804 5037
4804 5966
4805 5299
4805 7141
4805 7851
4806 5832
4806 6740
4806 9257
4807 5518
4807 6085
4807 7376
4807 9723
4808 6662
4810 9088
4811 8323
4811 8356
4812 5213
4812 8467
4813 6791
4813 7549
4815 7543
4816 7409
4817 8064
4819 6270
4820 5425
4820 6540
4820 8572
4824 7431
4824 8901
4826 5480
4826 8583
4827 8109
4828 9850
4829 7290
4829 8192
4833 8108
4834 6040
4834 6682
4834 7099
4834 7220
4834 9093
4834 9703
4834 9889
4835 4860
4836 5032
4836 5267
4836 5369
4836 5827
4836 6067
4836 7860
4836 7924
4837 6982
4839 5219
4839 7383
4839 8077
4840 8978
4841 9083
4842 7703
4843 6023
4843 6135
4845 6130
4845 6660
4847 8417
4848 5210
4848 8034
4848 9864
4849 5752
4849 7624
4849 9046
4849 9554
4849 9678
4851 6598
4853 6864
4855 6137
4857 4930
4857 5735
4857 5850
4857 8401
4859 7866
4860 8535
4860 9330
4862 6452
4862 9289
4863 5896
4864 5279
4865 8442
4866 7618
4866 9988
4868 6126
4868 6244
4868 6430
4868 7424
4869 9032
4871 6141
4873 6755
4873 9314
4874 8896
4875 7627
4875 9746
4876 5808
4877 7298
4877 8790
4877 9548
4878 7187
4879 8338
4879 9906
4881 8721
4881 9291
4883 5301
4883 7579
4883 7887
4883 8359
4883 9855
4884 6300
4885 6801
4887 6523
4888 6859
4889 4956
4889 6704
4889 6869
4889 9652
4890 5600
4890 9129
4891 5748
4891 7297
4893 9742
4895 9068
4895 9445
4896 9918
4898 5436
4899 8360
4900 5289
4900 8260
4902 6318
4902 8189
4903 8655
4904 5904
4904 6936
4904 7992
4905 6033
4905 6043
4905 9098
4906 5051
4906 5733
4906 6360
4906 7394
4907 4995
4907 9545
4908 7695
4909 6929
4909 7761
4909 8991
4909 9718
4910 7449
4910 8163
4910 9314
4911 5839
4911 8542
4913 5450
4915 5493
4915 6696
4915 7679
4916 8755
4917 5500
4917 7058
4917 8905
4920 6193
4920 7429
4921 5928
4923 8564
4924 7716
4925 6350
4930 7503
4930 8478
4930 9287
4930 9747
4931 5315
4931 5786
4931 7452
4931 9211
4932 9265
4934 6692
4936 6429
4936 7917
4937 7406
4937 8318
4938 6333
4938 7088
4938 8108
4938 8665
4939 5054
4939 5996
4940 5035
4940 7928
4940 8272
4941 5123
4941 6061
4941 8574
4941 8587
4941 9954
4942 6347
4943 4963
4944 4952
4944 8547
4951 6674
4954 6114
4954 7111
4954 7518
4955 5033
4955 5631
4955 6537
4955 7155
4955 9647
4956 9999
4957 6690
4958 7544
4958 9939
4959 9977
4960 8844
4961 6645
4964 7232
4964 8554
4966 6668
4966 8167
4966 8203
4966 8419
4967 6381
4970 7079
4971 5387
4972 6290
4972 6787
4972 8385
4973 9591
4974 7700
4975 5390
4975 5655
4975 6440
4976 5070
4976 5262
4977 7485
4980 5044
4980 8392
4980 8433
4980 8465
4983 8041
4983 8693
4985 5252
4985 6270
4985 8289
4987 6887
4988 5792
4988 9170
4988 9188
4988 9540
4989 5014
4989 5273
4989 6654
4989 8187
4990 5085
4991 5192
4991 6639
4992 5683
4992 5821
4994 6485
4995 9212
4996 6259
4997 7217
4998 5593
4999 7376
5000 5838
5004 7565
5004 7871
5004 9401
5005 5887
5007 7316
5007 7911
5009 5384
5011 7011
5011 8135
5013 6233
5013 7787
5013 9473
5014 8129
5015 6935
5015 7014
5017 8392
5017 9255
5017 9402
5019 8452
5019 8756
5021 8924
5022 6168
5022 9736
5022 9770
5023 6208
5023 7065
5023 8096
5024 7872
5025 5028
5025 7613
5025 9880
5026 7280
5028 5453
5028 5930
5028 8358
5029 7496
5029 7565
5029 7840
5030 7094
5031 8618
5032 6021
5032 6996
5034 8926
5035 5238
5035 9003
5035 9642
5036 5290
5038 6322
5038 8970
5039 7491
5041 8587
5042 8135
5043 9515
5046 6233
5046 6246
5047 8376
5047 9365
5048 5093
5049 7257
5049 9514
5050 5409
5050 5868
5050 7179
5051 6795
5052 8349
5052 9602
5054 5243
5056 9205
5057 5859
5058 8679
5061 5866
5061 9854
5064 8923
5065 6810
5066 6042
5066 8792
5069 6680
5070 7783
5070 8256
5072 9625
5073 5992
5073 6684
5073 7155
5073 9804
5074 6254
5074 6642
5075 7074
5075 8853
5077 5106
5077 5307
5077 6422
5079 8515
5081 5174
5082 5395
5082 5840
5084 6084
5084 9035
5085 5169
5087 7231
5088 5936
5088 8938
5089 5309
5089 6870
5089 9961
5090 8160
5091 9151
5094 6708
5094 8314
5094 9272
5095 5735
5095 8803
5096 5961
5100 7324
5102 6518
5104 6839
5104 9436
5106 5319
5106 5560
5106 5596
5106 8361
5106 9971
5107 5270
5111 8553
5112 7800
5114 7288
5114 7754
5114 8549
5114 9979
5116 5176
5119 5593
5119 9256
5120 5613
5120 5644
5122 6451
5122 7144
5122 7639
5122 9062
5123 6657
5124 7095
5124 8748
5132 5602
5132 6681
5133 7582
5135 8414
5137 6588
5138 7980
5140 8337
5141 6615
5142 9267
5142 9476
5144 5471
5144 6515
5144 8137
5144 9103
5145 8640
5145 8703
5146 9125
5147 5412
5147 6605
5147 7583
5147 7653
5148 9448
5149 6472
5149 6897
5151 5640
5152 5231
5153 8339
5154 6261
5154 9276
5154 9531
5156 7674
5157 7617
5159 9233
5162 5871
5163 7740
5163 9653
5165 6223
5171 5445
5171 7300
5172 6194
5172 6438
5172 6732
5175 7775
5176 6510
5176 9396
5176 9849
5178 7088
5178 9107
5180 8911
5180 9164
5181 7759
5184 5976
5184 8863
5184 9260
5186 8278
5188 6868
5188 9197
5188 9382
5189 5465
5189 9351
5190 6394
5190 7436
5190 9985
5191 7977
5191 8596
5192 5221
5192 9140
5193 9213
5195 5360
5195 9070
5196 8513
5196 8680
5201 5364
5202 5333
5204 6002
5205 5362
5207 5842
5207 5995
5208 5709
5208 5796
5208 7485
5208 7684
5208 8506
5208 8771
5208 9870
5209 6533
5209 8085
5213 5747
5214 7248
5214 7931
5214 8936
5216 5339
5216 6283
5216 7336
5216 7407
5217 5952
5218 6482
5218 6979
5218 8738
5220 6466
5220 7282
5221 6169
5221 6868
5221 6965
5221 9488
5224 5640
5225 5522
5225 9084
5227 7944
5229 6645
5229 7419
5229 8801
5233 7281
5233 9329
5234 8802
5235 7504
5235 8651
5238 8798
5238 9496
5239 8119
5240 6858
5240 7644
5240 7992
5242 7468
5242 7879
5242 9335
5242 9646
5243 6173
5243 7782
5243 8358
5244 6485
5244 8939
5245 5271
5246 9063
5248 5359
5249 7494
5249 9386
5250 9277
5251 7581
5252 9636
5253 6243
5253 7899
5253 9823
5254 6506
5254 6661
5254 7415
5254 7935
5254 8755
5254 8939
5254 8971
5257 8057
5257 8593
5259 7291
5259 7607
5259 8456
5261 6371
5261 6508
5261 8311
5261 9084
5262 7003
5265 9830
5266 7229
5270 7304
5271 9173
5272 7264
5272 9067
5273 9147
5274 7453
5275 6421
5276 5500
5276 6734
5276 8741
5278 7862
5279 8419
5280 5482
5280 6912
5281 5303
5281 9078
5282 5890
5283 6537
5283 8436
5285 7790
5286 5873
5286 5928
5286 5932
5286 6528
5286 7608
5286 7801
5287 5843
5287 7656
5287 9045
5288 8486
5292 7885
5293 8919
5296 8395
5297 5505
5302 9593
5306 7986
5306 8691
5307 6841
5307 7078
5307 7451
5309 8357
5312 7268
5312 9780
5313 6790
5314 7788
5316 6603
5317 6161
5317 7564
5317 8218
5319 6458
5319 6515
5319 7681
5319 8012
5319 8836
5319 9160
5320 9059
5321 8538
5321 9210
5323 7061
5324 7936
5324 8627
5325 9523
5326 5714
5326 7932
5327 6238
5327 7103
5327 7945
5327 9937
5328 6220
5328 7212
5328 7853
5328 8715
5328 9136
5328 9400
5330 5984
5330 8134
5331 5786
5332 9730
5333 7086
5333 7184
5333 8803
5336 6832
5337 5527
5337 8185
5337 8321
5338 5561
5338 6621
5340 6825
5340 9141
5341 6357
5342 9260
5343 7780
5343 7829
5346 9319
5347 7108
5349 9145
5352 7287
5354 5370
5356 8128
5357 8492
5358 6186
5358 7827
5358 8279
5359 8507
5359 8640
5360 5554
5360 5839
5362 9126
5362 9142
5363 5751
5366 7437
5366 8145
5370 6574
5372 7850
5375 8871
5376 8973
5379 6760
5379 8015
5379 8677
5380 7000
5383 6187
5384 9483
5386 9067
5387 7676
5389 7152
5390 9156
5393 5469
5393 6998
5393 7805
5393 7875
5393 8131
5395 7173
5395 7292
5397 6410
5397 6980
5398 5509
5398 6749
5398 7974
5398 8249
5400 6381
5401 9467
5405 6226
5407 8837
5408 6706
5409 6700
5411 9501
5412 6780
5412 7221
5413 9053
5413 9315
5416 8577
5416 8596
5416 9598
5418 5524
5418 7163
5418 7985
5419 7310
5419 9538
5420 7226
5421 5642
5421 7066
5421 7398
5421 9885
5423 7262
5424 5851
5426 6360
5426 6592
5429 6849
5430 8342
5432 6393
5434 6200
5437 6298
5437 8096
5437 8541
5439 7133
5439 7475
5439 7590
5439 8197
5439 8269
5440 6507
5442 6803
5442 6915
5443 6657
5444 6594
5445 6293
5445 8532
5445 9225
5446 5617
5446 6202
5446 6807
5446 8009
5448 5979
5448 6985
5450 7395
5453 5688
5453 7738
5453 8609
5453 9541
5454 7717
5454 9123
5454 9441
5455 7869
5457 5519
5461 5873
5461 7177
5463 6522
5464 5882
5464 6593
5465 6895
5467 7978
5468 6324
5469 8809
5471 6757
5475 5506
5475 7959
5475 8063
5475 9454
5476 7936
5481 8825
5481 9698
5481 9798
5483 8964
5486 9651
5487 7905
5488 9193
5490 7847
5490 8375
5491 6956
5491 7400
5491 7819
5491 8482
5493 5868
5494 8009
5497 6122
5499 6109
5500 5901
5502 9840
5503 6725
5503 8204
5504 6621
5504 9296
5509 5563
5509 9653
5511 5929
5514 5916
5514 8215
5516 7700
5517 5729
5518 6343
5518 7769
5518 8626
5520 6785
5520 7994
5520 8754
5522 9294
5523 6888
5523 8630
5524 7399
5524 8843
5526 6806
5526 7250
5526 9807
5530 8277
5532 7954
5532 8426
5534 6015
5534 7480
5534 7758
5536 7049
5541 5667
5541 6005
5542 6273
5542 6794
5542 8280
5542 9265
5542 9838
5543 6971
5543 8411
5543 9714
5544 6124
5544 7731
5544 8091
5546 5623
5546 7364
5546 8974
5549 9676
5553 6926
5554 6378
5554 8666
5559 7661
5559 7970
5559 9387
5560 7675
5560 8840
5561 6836
5562 5787
5563 6643
5563 6707
5563 9050
5566 5874
5567 7334
5568 5700
5569 8110
5570 7801
5571 6854
5571 8749
5571 9407
5572 5724
5573 5981
5573 7360
5573 7420
5576 7654
5576 7658
5578 5706
5580 5867
5580 9203
5580 9748
5582 8588
5582 9349
5583 7135
5587 8743
5588 6231
5589 6922
5590 6793
5592 6410
5592 7538
5592 8885
5595 5721
5595 6618
5595 7876
5595 8968
5599 7021
5600 6236
5602 8605
5604 6714
5605 5676
5608 8330
5609 6305
5611 7133
5612 6090
5612 8005
5613 5943
5613 8350
5614 6036
5615 7081
5615 7520
5617 8027
5618 8179
5621 9037
5622 8474
5622 8935
5624 5885
5624 6458
5624 6499
5624 8953
5627 6282
5629 8969
5630 6065
5630 6340
5630 8916
5630 9411
5631 5904
5631 6543
5631 7849
5631 9233
5631 9975
5632 7379
5633 7933
5637 6409
5638 9316
5642 6883
5643 7554
5643 8349
5644 9926
5645 8003
5645 8034
5647 7025
5648 7059
5648 7194
5649 6705
5651 8093
5652 6576
5652 6711
5652 7858
5653 7428
5654 6615
5654 6687
5655 8195
5655 9815
5656 7388
5656 8198
5657 5944
5657 9369
5657 9434
5658 7983
5659 8610
5659 9375
5667 8610
5670 6209
5670 8030
5670 9017
5671 7359
5672 9895
5673 6218
5673 7422
5677 7318
5678 7139
5678 8551
5678 9747
5679 5931
5680 8485
5683 6751
5683 7159
5683 9185
5684 8288
5686 5980
5686 7527
5686 8064
5686 8798
5687 9857
5688 7236
5688 7857
5689 6616
5691 6937
5694 6294
5694 6693
5694 8588
5696 6717
5701 8709
5702 7046
5703 7221
5703 9084
5705 6375
5705 7285
5705 8745
5705 8867
5705 9451
5706 6241
5706 6917
5707 8441
5708 6010
5709 6709
5709 9469
5709 9805
5709 9930
5709 9955
5710 8079
5711 9442
5712 6608
5714 6214
5714 6237
5714 7673
5714 9655
5714 9683
5714 9962
5715 9795
5718 8052
5721 6896
5721 7034
5722 6458
5722 6481
5723 9086
5724 5726
5725 8125
5726 9430
5730 6667
5730 7804
5731 6764
5732 5774
5732 6313
5735 7628
5735 8591
5735 9219
5739 6341
5739 6685
5740 5895
5741 5744
5741 6621
5742 9322
5743 7609
5745 6390
5745 7652
5747 8528
5749 6941
5750 9635
5751 6715
5751 8721
5756 8107
5761 6350
5761 7415
5761 9948
5762 8591
5764 6992
5766 8543
5767 8142
5767 9582
5769 9085
5771 6404
5771 6437
5771 6477
5771 8489
5772 8071
5776 9576
5777 6495
5778 9717
5782 9931
5784 8447
5785 7672
5785 8500
5786 8511
5786 9666
5787 9518
5788 7585
5789 6453
5789 8680
5790 7670
5790 7687
5791 7541
5792 6661
5796 9141
5797 6223
5797 9429
5798 9199
5800 6595
5802 7404
5803 9223
5803 9960
5804 6415
5804 6837
5804 7522
5804 7714
5806 7099
5807 6179
5807 9468
5809 7827
5809 8169
5809 9210
5810 6185
5810 7762
5811 6994
5812 6580
5812 6619
5812 9380
5813 5849
5814 7259
5815 7949
5815 8216
5817 7439
5817 8772
5818 8415
5818 9512
5819 6830
5822 6712
5822 9966
5824 6573
5824 7998
5826 6884
5826 6938
5826 7063
5826 7605
5826 9594
5826 9963
5828 8123
5828 8794
5829 6570
5829 9310
5829 9993
5830 7504
5832 7876
5832 8194
5832 8598
5833 6903
5833 7957
5834 7785
5836 7745
5836 8120
5838 6274
5841 8090
5843 6018
5843 6695
5843 7809
5848 7219
5848 9973
5849 7280
5850 9854
5851 9792
5854 6323
5857 6140
5857 6381
5857 9542
5857 9889
5858 7600
5858 8259
5861 9834
5862 6293
5862 7333
5862 7651
5862 8645
5862 9992
5863 8868
5865 7448
5865 8083
5865 9400
5866 8641
5869 7240
5875 7103
5875 7238
5876 6998
5877 8442
5878 6689
5879 9305
5880 8702
5881 7087
5884 6857
5886 6222
5886 7950
5887 7666
5887 8965
5889 5953
5890 6547
5890 9978
5891 9490
5893 8764
5898 7355
5903 9209
5907 9250
5908 6188
5908 9638
5914 6546
5915 7676
5916 8257
5916 8992
5916 9609
5917 8210
5918 6622
5918 7576
5918 8215
5920 7593
5920 8375
5925 6511
5926 9428
5928 6441
5929 7237
5930 6045
5930 7673
5930 8943
5930 9438
5930 9921
5931 8603
5935 6259
5937 6077
5937 9863
5939 7830
5942 7240
5943 7013
5943 9920
5944 9360
5946 8853
5949 7806
5949 7955
5949 9745
5950 7198
5951 7306
5954 9148
5955 9958
5956 6711
5956 6749
5958 8647
5958 9353
5959 8676
5960 6167
5960 8430
5962 7433
5962 8718
5962 9980
5965 8946
5965 9724
5966 7008
5967 9398
5969 6399
5972 6689
5972 9526
5973 7314
5973 9009
5974 6742
5974 8656
5975 8140
5975 8465
5976 6127
5977 8220
5978 6633
5979 7140
5979 8514
5980 8780
5981 8896
5982 7331
5986 8024
5987 6094
5987 6149
5987 6198
5987 7898
5989 6960
5989 8401
5993 7265
5993 9101
5994 7080
5996 8175
5996 8235
5997 6244
5998 8171
5998 9492
6001 6101
6001 6782
6001 9163
6001 9884
6003 6242
6007 6238
6009 9718
6012 7877
6014 7498
6014 8633
6015 6328
6015 6963
6015 7900
6017 6544
6018 8084
6019 8926
6023 6318
6023 8750
6024 6862
6025 8100
6026 6206
6026 8123
6027 8542
6029 9261
6030 8642
6031 7113
6031 7791
6032 6562
6032 8106
6032 8248
6032 9763
6036 9312
6037 6932
6037 8735
6037 9334
6039 7517
6039 8892
6040 6436
6040 6676
6040 6718
6040 7279
6040 7440
6041 6840
6043 9107
6043 9291
6047 8062
6047 8875
6051 6159
6051 8992
6052 7434
6053 6261
6053 7018
6053 8768
6056 7904
6057 8937
6061 7524
6063 7080
6063 9925
6067 9992
6070 8411
6070 8973
6071 6585
6074 6780
6081 6841
6083 6831
6083 8191
6083 8357
6083 9281
6083 9436
6084 6792
6084 9175
6085 7316
6085 8143
6085 9183
6086 8502
6087 7614
6092 6280
6092 7403
6092 8903
6093 6135
6094 9727
6096 8139
6097 7999
6097 8234
6097 8429
6097 8807
6098 6271
6098 8952
6100 9904
6103 6325
6103 7489
6105 6463
6105 8622
6105 9858
6108 8044
6109 6926
6109 8369
6110 9455
6111 7219
6112 8181
6115 8245
6117 7300
6121 7444
6122 7146
6124 6152
6124 8222
6125 7068
6125 8947
6125 9841
6127 7010
6128 6966
6128 8534
6129 6538
6129 8682
6130 7147
6130 8570
6131 6728
6131 8948
6132 7497
6132 8488
6134 9617
6137 6264
6137 6471
6140 6744
6140 7162
6140 9363
6140 9743
6143 8508
6144 6668
6145 6489
6145 6984
6149 6934
6149 7579
6151 7408
6154 8884
6157 8962
6157 9543
6159 7406
6161 9942
6164 9555
6166 9288
6168 6218
6169 6773
6170 9345
6171 8459
6171 8497
6173 6239
6179 6407
6181 6755
6181 7969
6181 8511
6186 6614
6186 6659
6188 7796
6188 7951
6189 6357
6189 7137
6191 8344
6192 8660
6192 9790
6193 6914
6193 9174
6196 7320
6198 7232
6198 8381
6199 6274
6199 8259
6200 6371
6200 6829
6200 9139
6203 6590
6203 7393
6204 7427
6204 8854
6206 8006
6206 9899
6211 6446
6213 7207
6217 6550
6217 6591
6217 7057
6217 8484
6221 6422
6222 8539
6223 9770
6224 8150
6224 8470
6225 8186
6225 8370
6227 6981
6229 7278
6229 7611
6229 7761
6236 8371
6237 6449
6237 6794
6237 7793
6237 8019
6237 9052
6238 8912
6243 7539
6243 9708
6244 7913
6244 9517
6245 6587
6246 8799
6246 9179
6247 7210
6248 6616
6248 7649
6251 6835
6252 9286
6253 6712
6254 7228
6254 8613
6257 6906
6257 7359
6257 8504
6261 8889
6262 6610
6265 6999
6265 7654
6267 8413
6269 6852
6269 9801
6270 8374
6271 8529
6271 8556
6274 6402
6274 7276
6274 7962
6274 8159
6274 8782
6274 9306
6275 9546
6277 7683
6281 8347
6281 8523
6282 7413
6282 9806
6285 6444
6285 6902
6285 6960
6285 7414
6285 8323
6287 6938
6288 6846
6288 9252
6288 9886
6289 7370
6289 7878
6291 7130
6292 7613
6292 9923
6293 6595
6293 7168
6293 8190
6293 9755
6294 9788
6297 7434
6297 7472
6297 7526
6299 8940
6299 9454
6302 7233
6302 7484
6304 9573
6305 7584
6307 9778
6309 9836
6312 8875
6315 8894
6317 6593
6317 7309
6318 7375
6318 9503
6318 9691
6318 9793
6321 7263
6321 9865
6322 7483
6323 9138
6323 9398
6325 7251
6325 8020
6325 9183
6325 9298
6326 7464
6327 9905
6329 7467
6330 7506
6330 7551
6331 6724
6331 9796
6334 9601
6336 7227
6337 6504
6337 9639
6342 9198
6345 6519
6345 7028
6345 8845
6345 9064
6346 7736
6347 7988
6347 9773
6349 9022
6349 9233
6349 9359
6352 8719
6353 7060
6353 9432
6355 6448
6355 8349
6356 8727
6357 8804
6358 8574
6361 6951
6363 9419
6364 6563
6366 6828
6366 7085
6367 7183
6367 8174
6369 7006
6370 7179
6370 7284
6371 6948
6373 6517
6373 9192
6377 9482
6379 6554
6381 9094
6382 9316
6387 8699
6388 6848
6388 8777
6390 8092
6390 9350
6391 6992
6393 7411
6396 7798
6398 7260
6399 6605
6401 7528
6405 7741
6406 6667
6406 8056
6406 8394
6407 6447
6407 6774
6410 6754
6411 7569
6414 8098
6416 8317
6417 6901
6419 6716
6419 7651
6419 7724
6420 7151
6420 9262
6421 6857
6421 8819
6424 6830
6426 6433
6426 6547
6426 6764
6426 9921
6428 7833
6429 9984
6430 7624
6430 9861
6437 7560
6437 8205
6438 6584
6438 9115
6438 9342
6441 6820
6447 8339
6447 9019
6447 9893
6449 7701
6449 8440
6449 8496
6450 6893
6454 8335
6455 8152
6455 8892
6457 9729
6462 7044
6462 7518
6462 9021
6463 8941
6464 6885
6466 7037
6466 7137
6466 8450
6469 7490
6471 6736
6471 7247
6471 8675
6472 9663
6472 9874
6473 8965
6474 7347
6474 9742
6475 8076
6478 7914
6479 8020
6479 8700
6482 6799
6482 7544
6482 9066
6484 7310
6484 7575
6484 8533
6485 6608
6485 9365
6487 6993
6488 7786
6488 8496
6489 7168
6491 9667
6492 7349
6495 7779
6496 7835
6497 6946
6497 9038
6499 8347
6502 7766
6502 7850
6503 8906
6508 8256
6509 8292
6511 9143
6513 7894
6514 6524
6517 9724
6517 9917
6520 8873
6520 9775
6521 9616
6522 9116
6522 9344
6526 7487
6528 6773
6529 7972
6530 7851
6533 7368
6533 9429
6534 7763
6534 7771
6534 8407
6535 6905
6537 9808
6540 7423
6540 8221
6543 6641
6545 8141
6546 8370
6547 8012
6549 6936
6552 9975
6555 6879
6555 7028
6555 9459
6560 8233
6564 7632
6564 9404
6565 8086
6568 7330
6568 7612
6569 9390
6570 8874
6572 7790
6577 6899
6577 7114
6577 7586
6577 8677
6578 9562
6580 9522
6581 6799
6594 8083
6597 6989
6598 9452
6600 6754
6602 6712
6604 7669
6604 9127
6608 7942
6608 8795
6612 8857
6614 7732
6614 9022
6615 9249
6616 7444
6616 8001
6616 8475
6618 8822
6623 7051
6623 8964
6624 7105
6624 8875
6628 8776
6632 8701
6632 9753
6633 9091
6635 7800
6636 6988
6636 7050
6636 9027
6636 9082
6636 9187
6637 8357
6637 8458
6637 8902
6639 9182
6640 9537
6641 7366
6643 6959
6645 8059
6645 9672
6648 9932
6649 6718
6649 6836
6649 7626
6649 8723
6652 7454
6652 8567
6654 9657
6657 8291
6657 9765
6658 8048
6658 9682
6662 6933
6662 7016
6665 7033
6669 8657
6673 8619
6675 9429
6677 6748
6677 7282
6677 8065
6680 9721
6681 7723
6683 8373
6684 9486
6685 7255
6687 9929
6689 7840
6689 8061
6691 7374
6691 9202
6691 9621
6692 8540
6694 9355
6695 8887
6697 8244
6701 8058
6701 8438
6701 8928
6703 7143
6703 8254
6704 8891
6706 8750
6706 9340
6706 9640
6708 7784
6708 8855
6709 9242
6712 6961
6712 7371
6715 8664
6716 7522
6716 7746
6716 8042
6717 7201
6717 7476
6719 7113
6719 7968
6721 8510
6722 6811
6722 8394
6726 6838
6727 8968
6730 6853
6730 6947
6731 7971
6733 7310
6736 8802
6736 9328
6739 8697
6742 9181
6743 7580
6752 6916
6752 8238
6752 8571
6752 9690
6755 8864
6755 9094
6757 8391
6758 8832
6758 9306
6760 7808
6762 7893
6763 7130
6764 6851
6765 8911
6765 8955
6768 6797
6770 7297
6773 7682
6779 9592
6780 7635
6781 7858
6781 9341
6782 9390
6785 9756
6788 8658
6789 7417
6791 8805
6791 9748
6796 7439
6798 8897
6799 7020
6799 7305
6799 8708
6799 8787
6799 9481
6799 9858
6800 9517
6802 7017
6802 7886
6805 7246
6805 8296
6806 9928
6809 8256
6809 9282
6811 8637
6816 7117
6817 9602
6818 7927
6819 7272
6819 7528
6819 8880
6819 9185
6821 9161
6821 9444
6822 6933
6822 7825
6822 8520
6823 9312
6823 9620
6825 7174
6826 9464
6828 8362
6828 9198
6832 8393
6832 8435
6832 8797
6833 7272
6835 7740
6844 7505
6849 9902
6850 9132
6851 9963
6853 8354
6853 9919
6855 8604
6856 7877
6861 7784
6862 8075
6863 6917
6863 8485
6866 8635
6867 9987
6868 7413
6870 9624
6871 6874
6873 9841
6874 7546
6874 7940
6875 7249
6875 7446
6877 9169
6878 6918
6880 7808
6881 6885
6881 9202
6888 9119
6890 7054
6890 9701
6897 9973
6902 7223
6902 8898
6903 7056
6903 9624
6904 7489
6904 8844
6904 8977
6906 8916
6906 8943
6907 8497
6911 7534
6912 7042
6917 7311
6917 9574
6920 6997
6920 7966
6923 7081
6923 7109
6923 9624
6924 7972
6925 6928
6929 9361
6929 9524
6931 7979
6932 6983
6932 8852
6935 7136
6936 9701
6937 7657
6938 8495
6943 7793
6943 8949
6943 9936
6944 7350
6945 8533
6945 9142
6945 9760
6946 8946
6946 9729
6947 7230
6947 9393
6948 7469
6950 9398
6953 9297
6954 7105
6955 9811
6956 7244
6960 7523
6960 8838
6961 9734
6962 8659
6965 9871
6966 9339
6967 7443
6970 8405
6981 8261
6981 9196
6981 9700
6982 7070
6982 7743
6985 9014
6986 7507
6986 7854
6990 7554
6990 7685
6992 7824
6994 7569
6994 8736
6994 9009
6994 9414
6994 9441
6994 9566
6996 7749
6996 7835
6996 7839
6996 8317
7004 7642
7004 7863
7006 7177
7008 7423
7009 9584
7012 9159
7021 8796
7024 9028
7025 8341
7026 7811
7026 8179
7027 9018
7027 9180
7027 9238
7028 9038
7029 7730
7030 7385
7031 8182
7031 9722
7032 8139
7032 8789
7032 9674
7034 9721
7035 7550
7035 8960
7035 9042
7036 8623
7040 8240
7047 7100
7051 8356
7051 9521
7055 7633
7057 8464
7057 9336
7059 7260
7059 9508
7059 9534
7061 9371
7064 7135
7064 8974
7064 9308
7064 9477
7068 7979
7070 9439
7074 7322
7081 7208
7084 8638
7085 8280
7086 8987
7088 7633
7088 8428
7088 9826
7095 7158
7097 7148
7097 8068
7097 8495
7098 9271
7099 8757
7104 8363
7105 8383
7107 8422
7112 7228
7112 8399
7112 9954
7114 8609
7115 8797
7115 8959
7116 7712
7117 8425
7119 7196
7119 7990
7119 8443
7120 7449
7120 8647
7122 9852
7123 7961
7126 7781
7126 8710
7127 7326
7127 8392
7127 8840
7128 9214
7130 8936
7131 7154
7134 9851
7142 7482
7146 8456
7146 8557
7148 9372
7148 9941
7150 9111
7153 8185
7153 8541
7154 9757
7156 8679
7159 7460
7161 7628
7161 8447
7161 9559
7164 7843
7164 9484
7165 8316
7165 8989
7171 9883
7172 7773
7175 8384
7177 7258
7178 9224
7178 9699
7181 7348
7181 7397
7182 8555
7182 8998
7184 7629
7185 9541
7187 7826
7188 8156
7188 9552
7189 7746
7191 9168
7192 8075
7195 8022
7196 8597
7196 9827
7200 8514
7207 8091
7210 7987
7211 9015
7212 7572
7218 8373
7221 8115
7222 7811
7222 9898
7223 8012
7224 7880
7227 8484
7228 7857
7231 9962
7235 7693
7235 9030
7236 9526
7239 8064
7242 8762
7243 7352
7243 9274
7244 7308
7245 8304
7248 7907
7248 8157
7248 9020
7251 8564
7252 9737
7254 9460
7254 9685
7255 9391
7262 7665
7262 8393
7262 8683
7266 9768
7267 9995
7268 9665
7274 9892
7275 7553
7275 9914
7279 7302
7279 9971
7281 7844
7282 9099
7284 7478
7285 9088
7285 9938
7288 8166
7289 9831
7293 9001
7294 8870
7296 8521
7296 8838
7298 7764
7304 8734
7313 7624
7315 9502
7321 7366
7321 9452
7322 7684
7324 8251
7325 7837
7326 8633
7329 7539
7329 9559
7335 8585
7342 9024
7343 9527
7343 9844
7344 9873
7345 7601
7346 7353
7348 9367
7349 8366
7349 9746
7350 9935
7352 7566
7355 7959
7358 7595
7358 9818
7359 7491
7359 9003
7360 8781
7361 7669
7361 7791
7366 8512
7372 8130
7375 7506
7379 8162
7383 8460
7385 7750
7385 8970
7387 8430
7387 9827
7388 8044
7388 9497
7388 9826
7390 7859
7402 8810
7404 8882
7406 9058
7408 7571
7409 8445
7409 8527
7409 9586
7411 7543
7413 9953
7414 7728
7416 8324
7416 8476
7416 9908
7416 9949
7417 9551
7420 7695
7421 8469
7425 8943
7426 9288
7430 8740
7431 8270
7431 8541
7431 9435
7432 9405
7432 9948
7433 8596
7435 7437
7442 7676
7442 8694
7442 8722
7443 9294
7444 9368
7445 7648
7445 9860
7447 9097
7447 9389
7447 9496
7449 7890
7452 9367
7452 9758
7455 9702
7459 7655
7460 8148
7461 9191
7462 8624
7468 9993
7471 8054
7472 7811
7478 7551
7478 7817
7479 7723
7481 8788
7483 9011
7485 7721
7487 9311
7488 7597
7493 8007
7497 8583
7497 9776
7497 9963
7505 9426
7507 8826
7512 9210
7513 8864
7513 8872
7516 7872
7518 8243
7521 7530
7522 8766
7524 9952
7524 9964
7525 7709
7525 8990
7526 9688
7529 8869
7530 7736
7533 7622
7536 8424
7537 9567
7538 9764
7541 7677
7541 8498
7543 9809
7543 9868
7548 8010
7551 9468
7553 9081
7554 8445
7554 8624
7557 9558
7558 9891
7559 9694
7563 8495
7563 8847
7569 7773
7569 8135
7569 8912
7571 9475
7577 9842
7578 8852
7578 9767
7581 9491
7582 9169
7583 7621
7583 7959
7583 8558
7590 8778
7591 8911
7595 7955
7600 8576
7600 8622
7605 7667
7609 7720
7609 9122
7609 9907
7610 8446
7611 9913
7612 8183
7616 8431
7618 7836
7621 8153
7625 8192
7629 8410
7634 9335
7638 7705
7638 8051
7638 8150
7641 9381
7643 8224
7643 9176
7643 9936
7644 7837
7644 8167
7645 8240
7645 9538
7654 9581
7655 8342
7657 8488
7659 8060
7659 9433
7660 7756
7666 7922
7679 8689
7684 9809
7685 8552
7685 9137
7688 9667
7689 8533
7689 8622
7696 8820
7697 9505
7702 8377
7705 9933
7713 8561
7716 9172
7730 8348
7733 7763
7733 8989
7735 9417
7737 8327
7743 8190
7745 9409
7746 7949
7750 7842
7752 8067
7756 7929
7760 9352
7761 9869
7766 8960
7779 8812
7779 9470
7780 8812
7780 9913
7783 8607
7783 9994
7784 8191
7787 8145
7787 8565
7790 8607
7791 8534
7795 9598
7798 8547
7799 9536
7800 8381
7801 9245
7811 9713
7814 9128
7815 8103
7817 9697
7828 9753
7830 7866
7830 8105
7834 9446
7835 9044
7835 9876
7836 9776
7837 9995
7838 8634
7839 8070
7840 8332
7842 8641
7842 9200
7846 9994
7849 9229
7850 8782
7852 9684
7856 8324
7857 9089
7859 9936
7866 8970
7869 8307
7869 9218
7870 9568
7871 8536
7872 8384
7874 8198
7875 8300
7876 9330
7877 8069
7877 9131
7878 9586
7880 9080
7887 8332
7893 9268
7895 9449
7896 8501
7896 8821
7896 9789
7899 8530
7900 9775
7901 7964
7903 8778
7906 8532
7908 9414
7911 8727
7917 8328
7918 7948
7920 8991
7920 9615
7932 7937
7932 8366
7935 9543
7936 8956
7937 8703
7941 9150
7942 9217
7943 8106
7943 9266
7944 8889
7950 8168
7950 8638
7950 9058
7953 9251
7955 8517
7956 9998
7957 8720
7958 8888
7961 8297
7962 9397
7963 8118
7969 9376
7969 9837
7974 8024
7974 8089
7974 9099
7976 9835
7977 8288
7979 9842
7979 9907
7982 9968
7983 9222
7988 9350
7989 8248
7992 9959
7995 8705
7995 9092
7995 9500
8001 8664
8003 9757
8006 8050
8007 9128
8008 8407
8010 8417
8012 9989
8019 8523
8020 8774
8022 8657
8022 9443
8023 8036
8030 9143
8031 8971
8032 8482
8036 9905
8038 9850
8047 8383
8050 8991
8056 8796
8057 8859
8066 9676
8068 9619
8069 8524
8073 8956
8082 8106
8083 8372
8086 8580
8091 9327
8092 8413
8093 8126
8094 8913
8094 9091
8099 9118
8099 9545
8105 9998
8111 8722
8112 9357
8113 8126
8114 8146
8121 8839
8128 9965
8129 8684
8129 8891
8138 9648
8140 9658
8143 9666
8148 9878
8152 9862
8153 9726
8154 9293
8155 8621
8163 9678
8167 9083
8171 9250
8172 9587
8173 9636
8181 8219
8190 9177
8191 8917
8192 8214
8196 8829
8198 9706
8202 8760
8205 9805
8210 8291
8215 8850
8217 9152
8220 9245
8227 8858
8228 9790
8231 9647
8232 8597
8232 8683
8232 9593
8232 9705
8236 8987
8237 8517
8239 9279
8241 9102
8241 9817
8244 8563
8245 9124
8254 8455
8261 8779
8268 8845
8268 9443
8269 9178
8269 9255
8271 8931
8277 9769
8284 8451
8296 8608
8296 9158
8302 8339
8304 8980
8308 9302
8316 9669
8319 8611
8337 8746
8338 9583
8342 8999
8350 9030
8354 8359
8354 9325
8354 9518
8356 9230
8358 8705
8359 8655
8362 8619
8363 9741
8365 8454
8370 9453
8370 9771
8372 9348
8380 9658
8383 8446
8385 9037
8385 9464
8394 8790
8398 8574
8406 8810
8409 9449
8410 8705
8415 8850
8418 8922
8419 8808
8421 9692
8423 9278
8430 8545
8432 9309
8433 8487
8433 9523
8437 8766
8446 9216
8446 9567
8447 9107
8457 9269
8459 8757
8462 8791
8465 9403
8465 9556
8466 9471
8485 8565
8485 9819
8487 9549
8488 9081
8490 8780
8490 9195
8493 9408
8493 9417
8499 9867
8501 9063
8502 9813
8506 8518
8512 9825
8514 8751
8515 9234
8525 9773
8528 9133
8528 9527
8528 9628
8551 8892
8567 8771
8573 8689
8581 9485
8582 9579
8585 9493
8585 9760
8593 8817
8595 9876
8599 8616
8599 9025
8600 9495
8604 9156
8607 9916
8615 8869
8615 9176
8617 9023
8617 9397
8621 8629
8624 9330
8624 9475
8628 9356
8637 9915
8654 9583
8660 9511
8671 9267
8673 9076
8675 8868
8675 8885
8681 9580
8687 9964
8711 8857
8711 9335
8712 9762
8715 9826
8716 8772
8717 9433
8719 8763
8720 9627
8725 8951
8734 9733
8735 8881
8739 9623
8750 9195
8752 9016
8754 9771
8758 9068
8775 9331
8777 9572
8786 9207
8789 9597
8803 9641
8810 9099
8821 9991
8824 9279
8827 8964
8832 8995
8832 9603
8840 9364
8842 9251
8854 9950
8864 8954
8867 9215
8871 9130
8871 9336
8887 8993
8889 9707
8895 9643
8898 9698
8899 9374
8905 9239
8906 9110
8911 9230
8917 9880
8919 9100
8921 9731
8925 9607
8926 9401
8932 9465
8933 9427
8934 9358
8947 9887
8959 9867
8961 9363
8963 9525
8968 9710
8972 9046
8972 9420
8973 8988
8987 9725
8994 9248
8996 9730
8999 9681
9000 9783
9015 9262
9027 9078
9027 9922
9031 9751
9033 9962
9041 9274
9045 9713
9098 9127
9104 9866
9106 9670
9116 9340
9119 9177
9131 9761
9148 9885
9150 9384
9154 9688
9163 9333
9164 9485
9164 9616
9165 9358
9165 9493
9169 9777
9172 9529
9176 9326
9178 9564
9179 9904
9182 9825
9183 9301
9186 9974
9190 9743
9193 9531
9193 9692
9196 9966
9197 9367
9200 9541
9206 9635
9217 9971
9219 9375
9220 9694
9226 9373
9226 9396
9228 9761
9233 9875
9242 9450
9250 9698
9270 9703
9276 9625
9290 9571
9312 9800
9316 9386
9322 9715
9348 9990
9371 9794
9394 9600
9396 9697
9403 9442
9431 9817
9432 9664
9433 9637
9441 9934
9446 9776
9485 9652
9486 9909
9520 9588
9536 9619
9558 9831
9565 9933
9580 9881
9603 9733
9609 9847
9636 9800
9684 9996
9707 9927
9745 9912
9759 9832
9780 9821
9785 9828
