5000 24975
1 2
1 3
1 4
1 5
1 6
1 7
1 8
1 9
1 10
1 11
1 12
1 13
1 16
1 22
1 24
1 25
1 30
1 31
1 34
1 37
1 45
1 52
1 57
1 62
1 66
1 74
1 95
1 97
1 110
1 116
1 117
1 119
1 128
1 129
1 131
1 134
1 136
1 153
1 155
1 160
1 162
1 164
1 178
1 208
1 211
1 217
1 228
1 236
1 243
1 253
1 260
1 274
1 277
1 279
1 295
1 303
1 304
1 306
1 308
1 318
1 321
1 322
1 340
1 345
1 404
1 410
1 431
1 466
1 484
1 487
1 492
1 497
1 500
1 557
1 589
1 591
1 607
1 623
1 652
1 657
1 665
1 667
1 679
1 680
1 689
1 704
1 720
1 721
1 758
1 925
1 940
1 953
1 1001
1 1007
1 1016
1 1095
1 1118
1 1154
1 1170
1 1177
1 1184
1 1185
1 1203
1 1250
1 1251
1 1262
1 1299
1 1318
1 1328
1 1336
1 1378
1 1379
1 1391
1 1402
1 1478
1 1494
1 1500
1 1510
1 1534
1 1537
1 1565
1 1627
1 1641
1 1704
1 1721
1 1738
1 1761
1 1793
1 1795
1 1801
1 1823
1 1825
1 1830
1 1838
1 1843
1 1852
1 1883
1 1910
1 1915
1 1957
1 1989
1 1997
1 2081
1 2102
1 2103
1 2154
1 2274
1 2281
1 2290
1 2324
1 2337
1 2394
1 2443
1 2458
1 2484
1 2510
1 2567
1 2614
1 2627
1 2636
1 2644
1 2675
1 2682
1 2705
1 2706
1 2807
1 2810
1 2822
1 2924
1 2944
1 3015
1 3025
1 3067
1 3082
1 3191
1 3209
1 3242
1 3322
1 3341
1 3375
1 3395
1 3396
1 3429
1 3449
1 3471
1 3559
1 3626
1 3641
1 3643
1 3744
1 3746
1 3787
1 3805
1 3844
1 3900
1 3943
1 4006
1 4033
1 4100
1 4109
1 4125
1 4131
1 4181
1 4202
1 4242
1 4303
1 4318
1 4347
1 4366
1 4372
1 4378
1 4396
1 4459
1 4463
1 4465
1 4466
1 4492
1 4632
1 4653
1 4655
1 4657
1 4667
1 4702
1 4718
1 4741
1 4940
1 4967
2 7
2 8
2 17
2 20
2 47
2 99
2 222
2 278
2 293
2 299
2 368
2 439
2 491
2 723
2 728
2 854
2 949
2 1092
2 1392
2 1432
2 1456
2 1741
2 1869
2 2316
2 2422
2 2666
2 2758
2 2917
2 2985
2 3499
2 3525
2 3534
2 3591
2 3692
2 3748
2 3806
2 3976
2 4218
2 4583
2 4979
3 7
3 9
3 10
3 11
3 13
3 15
3 16
3 21
3 22
3 25
3 29
3 37
3 58
3 64
3 65
3 92
3 93
3 100
3 107
3 122
3 144
3 197
3 201
3 214
3 235
3 259
3 284
3 332
3 366
3 374
3 384
3 402
3 414
3 427
3 434
3 444
3 455
3 471
3 473
3 518
3 542
3 544
3 614
3 624
3 645
3 653
3 738
3 796
3 810
3 820
3 851
3 866
3 870
3 882
3 884
3 888
3 924
3 948
3 962
3 976
3 989
3 1097
3 1100
3 1102
3 1117
3 1121
3 1126
3 1128
3 1182
3 1189
3 1214
3 1220
3 1221
3 1252
3 1284
3 1325
3 1378
3 1444
3 1466
3 1485
3 1537
3 1540
3 1594
3 1619
3 1644
3 1667
3 1694
3 1772
3 1781
3 1807
3 1839
3 1854
3 1868
3 1942
3 1958
3 1968
3 1974
3 2027
3 2053
3 2079
3 2098
3 2106
3 2119
3 2200
3 2229
3 2257
3 2343
3 2389
3 2447
3 2481
3 2500
3 2524
3 2541
3 2717
3 2753
3 2754
3 2781
3 2802
3 2915
3 2945
3 2950
3 3049
3 3099
3 3148
3 3164
3 3173
3 3220
3 3262
3 3288
3 3296
3 3325
3 3358
3 3429
3 3492
3 3505
3 3554
3 3563
3 3753
3 3755
3 3778
3 3781
3 3859
3 3889
3 3931
3 3941
3 3998
3 4126
3 4248
3 4253
3 4335
3 4490
3 4556
3 4578
3 4617
3 4655
3 4662
3 4792
3 4815
3 4830
3 4853
3 4855
3 4914
3 4991
4 7
4 34
4 66
4 80
4 88
4 94
4 122
4 173
4 315
4 447
4 480
4 672
4 702
4 872
4 877
4 1114
4 1244
4 1265
4 1294
4 1404
4 1952
4 2067
4 2808
4 3669
4 3790
5 7
5 8
5 9
5 11
5 14
5 19
5 23
5 28
5 32
5 34
5 36
5 39
5 45
5 57
5 75
5 86
5 91
5 102
5 118
5 133
5 139
5 145
5 165
5 168
5 181
5 201
5 210
5 232
5 247
5 253
5 291
5 304
5 350
5 361
5 370
5 379
5 382
5 414
5 450
5 452
5 476
5 517
5 613
5 652
5 659
5 677
5 681
5 736
5 787
5 862
5 880
5 927
5 943
5 982
5 986
5 1000
5 1005
5 1054
5 1059
5 1103
5 1142
5 1210
5 1220
5 1247
5 1325
5 1340
5 1383
5 1412
5 1431
5 1526
5 1552
5 1567
5 1586
5 1597
5 1633
5 1672
5 1706
5 1709
5 1717
5 1720
5 1803
5 1835
5 1845
5 1889
5 1895
5 1941
5 1965
5 2088
5 2157
5 2169
5 2196
5 2339
5 2366
5 2424
5 2473
5 2538
5 2583
5 2863
5 2953
5 3037
5 3273
5 3291
5 3329
5 3332
5 3367
5 3467
5 3476
5 3566
5 3651
5 3688
5 3713
5 3716
5 3729
5 3776
5 3811
5 3841
5 3999
5 4068
5 4073
5 4142
5 4203
5 4235
5 4312
5 4539
5 4556
5 4593
5 4604
5 4646
5 4671
5 4672
5 4692
5 4699
5 4724
5 4728
5 4764
5 4830
5 4873
5 4886
6 8
6 10
6 12
6 13
6 15
6 16
6 17
6 18
6 20
6 23
6 25
6 26
6 29
6 30
6 36
6 37
6 44
6 45
6 50
6 54
6 63
6 70
6 71
6 73
6 77
6 85
6 92
6 94
6 97
6 98
6 107
6 110
6 116
6 142
6 153
6 165
6 185
6 191
6 197
6 210
6 232
6 239
6 246
6 254
6 255
6 259
6 263
6 268
6 297
6 310
6 313
6 353
6 359
6 369
6 373
6 379
6 405
6 410
6 442
6 476
6 525
6 608
6 614
6 629
6 689
6 707
6 750
6 758
6 776
6 802
6 873
6 875
6 906
6 910
6 940
6 996
6 1001
6 1009
6 1079
6 1109
6 1134
6 1147
6 1182
6 1191
6 1193
6 1213
6 1253
6 1254
6 1256
6 1280
6 1281
6 1295
6 1318
6 1334
6 1376
6 1390
6 1463
6 1495
6 1561
6 1600
6 1625
6 1627
6 1649
6 1708
6 1765
6 1777
6 1785
6 1821
6 1833
6 1868
6 1872
6 1891
6 1904
6 1905
6 1989
6 1991
6 1999
6 2042
6 2070
6 2130
6 2131
6 2279
6 2292
6 2311
6 2383
6 2416
6 2455
6 2456
6 2532
6 2587
6 2609
6 2636
6 2703
6 2705
6 2770
6 2853
6 2944
6 3038
6 3041
6 3101
6 3107
6 3183
6 3259
6 3326
6 3405
6 3487
6 3497
6 3518
6 3659
6 3710
6 3753
6 3756
6 3780
6 3793
6 3796
6 3922
6 3933
6 3998
6 4304
6 4307
6 4356
6 4450
6 4523
6 4544
6 4558
6 4589
6 4723
6 4734
6 4753
6 4768
6 4916
7 8
7 9
7 10
7 11
7 13
7 16
7 17
7 18
7 19
7 20
7 21
7 23
7 24
7 28
7 30
7 31
7 32
7 33
7 36
7 38
7 44
7 47
7 53
7 55
7 56
7 57
7 59
7 61
7 67
7 69
7 71
7 75
7 76
7 83
7 88
7 93
7 100
7 102
7 106
7 112
7 115
7 126
7 134
7 135
7 136
7 138
7 145
7 146
7 149
7 151
7 153
7 156
7 159
7 163
7 168
7 169
7 173
7 182
7 197
7 208
7 212
7 213
7 214
7 216
7 218
7 219
7 221
7 238
7 246
7 256
7 262
7 275
7 292
7 300
7 303
7 308
7 324
7 328
7 334
7 355
7 357
7 358
7 374
7 376
7 393
7 407
7 409
7 410
7 415
7 424
7 425
7 432
7 442
7 444
7 455
7 457
7 459
7 461
7 498
7 507
7 512
7 519
7 522
7 534
7 549
7 556
7 557
7 566
7 586
7 596
7 598
7 599
7 603
7 618
7 621
7 626
7 659
7 666
7 672
7 677
7 681
7 687
7 707
7 713
7 717
7 725
7 734
7 735
7 741
7 759
7 765
7 776
7 777
7 786
7 797
7 809
7 818
7 863
7 938
7 946
7 975
7 980
7 981
7 985
7 989
7 1028
7 1029
7 1040
7 1043
7 1052
7 1053
7 1061
7 1064
7 1072
7 1075
7 1084
7 1096
7 1099
7 1152
7 1163
7 1164
7 1188
7 1193
7 1194
7 1201
7 1213
7 1248
7 1268
7 1273
7 1295
7 1302
7 1306
7 1308
7 1311
7 1351
7 1356
7 1406
7 1409
7 1412
7 1419
7 1424
7 1426
7 1438
7 1455
7 1487
7 1498
7 1508
7 1517
7 1520
7 1548
7 1578
7 1584
7 1587
7 1589
7 1628
7 1666
7 1672
7 1699
7 1755
7 1764
7 1785
7 1808
7 1811
7 1827
7 1849
7 1851
7 1868
7 1869
7 1874
7 1889
7 1904
7 1921
7 1974
7 1990
7 2033
7 2096
7 2105
7 2110
7 2142
7 2157
7 2174
7 2211
7 2221
7 2270
7 2321
7 2335
7 2345
7 2352
7 2447
7 2463
7 2494
7 2518
7 2523
7 2533
7 2534
7 2627
7 2666
7 2682
7 2693
7 2695
7 2701
7 2735
7 2740
7 2762
7 2881
7 2883
7 2924
7 2964
7 3016
7 3048
7 3051
7 3074
7 3151
7 3195
7 3235
7 3237
7 3259
7 3294
7 3308
7 3331
7 3334
7 3411
7 3412
7 3416
7 3437
7 3438
7 3458
7 3503
7 3535
7 3546
7 3573
7 3615
7 3628
7 3629
7 3725
7 3766
7 3805
7 3828
7 3899
7 3900
7 3907
7 3983
7 4015
7 4079
7 4098
7 4110
7 4111
7 4120
7 4136
7 4196
7 4199
7 4234
7 4239
7 4252
7 4272
7 4301
7 4384
7 4416
7 4494
7 4525
7 4543
7 4568
7 4625
7 4654
7 4657
7 4681
7 4737
7 4757
7 4778
7 4779
7 4783
7 4804
7 4827
7 4834
7 4862
7 4906
7 4919
7 4936
8 9
8 11
8 15
8 16
8 17
8 24
8 26
8 27
8 28
8 30
8 31
8 32
8 35
8 36
8 48
8 63
8 69
8 76
8 79
8 84
8 87
8 90
8 92
8 98
8 101
8 108
8 123
8 126
8 133
8 138
8 170
8 173
8 186
8 190
8 192
8 196
8 215
8 222
8 232
8 243
8 248
8 261
8 266
8 274
8 326
8 355
8 362
8 402
8 409
8 419
8 441
8 472
8 478
8 496
8 571
8 598
8 603
8 651
8 659
8 671
8 678
8 791
8 797
8 802
8 805
8 814
8 831
8 858
8 988
8 996
8 1039
8 1067
8 1079
8 1091
8 1123
8 1132
8 1152
8 1195
8 1218
8 1229
8 1234
8 1248
8 1323
8 1329
8 1332
8 1387
8 1477
8 1578
8 1598
8 1612
8 1615
8 1810
8 1914
8 1922
8 1963
8 2003
8 2027
8 2098
8 2143
8 2150
8 2170
8 2181
8 2198
8 2235
8 2242
8 2264
8 2304
8 2329
8 2392
8 2492
8 2526
8 2535
8 2710
8 2765
8 2909
8 3013
8 3019
8 3154
8 3188
8 3229
8 3230
8 3276
8 3390
8 3430
8 3442
8 3477
8 3565
8 3633
8 3662
8 3753
8 3803
8 3837
8 3844
8 4016
8 4025
8 4051
8 4067
8 4113
8 4122
8 4131
8 4155
8 4290
8 4306
8 4356
8 4435
8 4438
8 4583
8 4642
8 4687
8 4734
8 4750
8 4759
8 4814
8 4918
8 4950
9 10
9 12
9 14
9 15
9 18
9 19
9 21
9 25
9 27
9 33
9 43
9 49
9 54
9 64
9 65
9 68
9 72
9 73
9 85
9 91
9 117
9 121
9 134
9 136
9 144
9 145
9 167
9 172
9 173
9 180
9 186
9 192
9 203
9 209
9 214
9 233
9 268
9 278
9 281
9 286
9 287
9 292
9 305
9 318
9 325
9 331
9 336
9 344
9 353
9 358
9 391
9 434
9 438
9 451
9 474
9 503
9 506
9 512
9 541
9 566
9 567
9 573
9 590
9 628
9 638
9 650
9 693
9 706
9 711
9 751
9 837
9 867
9 892
9 894
9 934
9 941
9 946
9 953
9 1009
9 1017
9 1042
9 1145
9 1146
9 1180
9 1202
9 1223
9 1228
9 1247
9 1249
9 1261
9 1262
9 1300
9 1384
9 1428
9 1445
9 1475
9 1517
9 1601
9 1630
9 1632
9 1671
9 1684
9 1710
9 1746
9 1803
9 1876
9 1912
9 1939
9 1947
9 1953
9 1965
9 2004
9 2024
9 2048
9 2096
9 2113
9 2150
9 2178
9 2187
9 2193
9 2200
9 2226
9 2228
9 2231
9 2259
9 2291
9 2308
9 2318
9 2374
9 2385
9 2414
9 2417
9 2448
9 2459
9 2496
9 2570
9 2575
9 2629
9 2654
9 2718
9 2729
9 2737
9 2742
9 2785
9 2798
9 2832
9 2838
9 2873
9 2899
9 2903
9 2967
9 2998
9 3000
9 3042
9 3057
9 3118
9 3159
9 3204
9 3210
9 3303
9 3325
9 3350
9 3355
9 3367
9 3381
9 3427
9 3436
9 3468
9 3474
9 3521
9 3526
9 3561
9 3611
9 3618
9 3658
9 3677
9 3730
9 3821
9 3823
9 3836
9 3921
9 3931
9 3960
9 4015
9 4029
9 4039
9 4141
9 4167
9 4186
9 4217
9 4255
9 4262
9 4266
9 4341
9 4348
9 4478
9 4483
9 4485
9 4504
9 4553
9 4563
9 4597
9 4639
9 4645
9 4650
9 4664
9 4707
9 4729
9 4733
9 4765
9 4804
9 4808
9 4844
9 4846
9 4914
9 4961
10 12
10 17
10 18
10 23
10 24
10 28
10 33
10 40
10 44
10 45
10 46
10 47
10 49
10 54
10 65
10 66
10 68
10 76
10 83
10 88
10 109
10 122
10 125
10 129
10 130
10 133
10 157
10 171
10 216
10 223
10 224
10 262
10 264
10 271
10 272
10 297
10 305
10 337
10 338
10 341
10 342
10 361
10 363
10 370
10 381
10 387
10 436
10 452
10 494
10 505
10 509
10 510
10 521
10 525
10 551
10 563
10 577
10 594
10 605
10 623
10 632
10 634
10 649
10 757
10 768
10 822
10 828
10 832
10 850
10 858
10 909
10 961
10 963
10 998
10 1093
10 1124
10 1172
10 1216
10 1273
10 1302
10 1307
10 1311
10 1337
10 1396
10 1410
10 1439
10 1584
10 1602
10 1614
10 1652
10 1737
10 1814
10 1823
10 1932
10 1946
10 2012
10 2038
10 2165
10 2181
10 2446
10 2517
10 2546
10 2641
10 2689
10 2724
10 2750
10 2753
10 2774
10 2817
10 2895
10 2940
10 2949
10 3006
10 3122
10 3176
10 3180
10 3306
10 3477
10 3561
10 3649
10 3650
10 3706
10 3826
10 3860
10 3895
10 4092
10 4137
10 4329
10 4567
10 4633
10 4646
10 4852
10 4989
11 12
11 13
11 14
11 15
11 20
11 21
11 26
11 27
11 29
11 31
11 32
11 35
11 37
11 38
11 39
11 40
11 43
11 48
11 49
11 51
11 56
11 59
11 61
11 71
11 72
11 78
11 80
11 85
11 86
11 97
11 101
11 108
11 113
11 115
11 120
11 128
11 140
11 153
11 161
11 177
11 186
11 189
11 190
11 191
11 201
11 212
11 218
11 227
11 229
11 240
11 244
11 258
11 267
11 284
11 285
11 352
11 364
11 370
11 392
11 398
11 409
11 415
11 418
11 424
11 428
11 444
11 450
11 462
11 476
11 494
11 531
11 549
11 560
11 564
11 573
11 579
11 614
11 636
11 654
11 712
11 724
11 727
11 734
11 738
11 741
11 742
11 746
11 748
11 765
11 792
11 806
11 826
11 827
11 832
11 836
11 840
11 844
11 847
11 861
11 873
11 909
11 926
11 927
11 928
11 996
11 1001
11 1064
11 1067
11 1216
11 1230
11 1233
11 1263
11 1353
11 1471
11 1493
11 1502
11 1561
11 1564
11 1566
11 1571
11 1600
11 1624
11 1653
11 1678
11 1708
11 1719
11 1765
11 1813
11 1852
11 1867
11 1900
11 1908
11 1923
11 1924
11 1968
11 2006
11 2018
11 2070
11 2087
11 2092
11 2107
11 2218
11 2252
11 2257
11 2277
11 2283
11 2329
11 2357
11 2365
11 2367
11 2408
11 2409
11 2431
11 2502
11 2505
11 2603
11 2657
11 2691
11 2709
11 2733
11 2736
11 2784
11 2806
11 2861
11 2885
11 2898
11 2936
11 2977
11 2983
11 2989
11 3026
11 3047
11 3100
11 3106
11 3109
11 3132
11 3162
11 3168
11 3190
11 3192
11 3319
11 3353
11 3393
11 3404
11 3462
11 3463
11 3504
11 3566
11 3580
11 3598
11 3647
11 3684
11 3711
11 3765
11 3819
11 3820
11 3832
11 3844
11 3895
11 3907
11 3919
11 3952
11 4073
11 4175
11 4177
11 4190
11 4207
11 4228
11 4239
11 4285
11 4310
11 4477
11 4566
11 4647
11 4657
11 4665
11 4699
11 4766
11 4781
11 4802
11 4866
11 4869
11 4914
11 4930
11 4973
12 14
12 22
12 24
12 26
12 47
12 53
12 55
12 60
12 61
12 77
12 86
12 95
12 96
12 122
12 125
12 128
12 147
12 203
12 238
12 253
12 278
12 285
12 309
12 312
12 313
12 333
12 430
12 433
12 445
12 446
12 469
12 473
12 475
12 483
12 495
12 508
12 529
12 546
12 554
12 694
12 705
12 779
12 819
12 876
12 951
12 983
12 997
12 1033
12 1071
12 1078
12 1094
12 1118
12 1186
12 1189
12 1297
12 1329
12 1332
12 1333
12 1385
12 1420
12 1577
12 1806
12 1933
12 1979
12 2034
12 2043
12 2236
12 2262
12 2273
12 2280
12 2376
12 2380
12 2385
12 2404
12 2716
12 2720
12 2754
12 2819
12 2833
12 2898
12 2980
12 3030
12 3308
12 3314
12 3338
12 3349
12 3476
12 3487
12 3598
12 3609
12 3703
12 3709
12 3747
12 3748
12 3896
12 3936
12 4106
12 4210
12 4231
12 4248
12 4566
12 4603
12 4645
12 4722
12 4761
12 4895
12 4905
12 4962
12 4975
13 14
13 18
13 19
13 23
13 27
13 29
13 39
13 42
13 49
13 55
13 56
13 60
13 62
13 80
13 81
13 117
13 121
13 131
13 132
13 141
13 152
13 166
13 179
13 180
13 191
13 199
13 266
13 269
13 296
13 322
13 359
13 376
13 381
13 382
13 397
13 423
13 436
13 465
13 491
13 493
13 494
13 509
13 524
13 528
13 538
13 543
13 544
13 556
13 558
13 589
13 607
13 654
13 697
13 743
13 761
13 781
13 789
13 806
13 810
13 813
13 834
13 876
13 885
13 898
13 919
13 933
13 974
13 1034
13 1056
13 1073
13 1074
13 1089
13 1185
13 1204
13 1293
13 1346
13 1358
13 1366
13 1369
13 1371
13 1401
13 1415
13 1449
13 1465
13 1514
13 1543
13 1547
13 1605
13 1738
13 1827
13 1871
13 1898
13 1911
13 1987
13 2013
13 2046
13 2071
13 2216
13 2226
13 2234
13 2245
13 2253
13 2398
13 2451
13 2483
13 2635
13 2698
13 2750
13 2890
13 2901
13 2910
13 2974
13 3068
13 3108
13 3114
13 3151
13 3214
13 3285
13 3367
13 3391
13 3430
13 3647
13 3763
13 3802
13 3810
13 3831
13 3850
13 3975
13 4019
13 4061
13 4075
13 4133
13 4149
13 4247
13 4276
13 4429
13 4443
13 4447
13 4477
13 4537
13 4600
13 4612
13 4650
13 4700
13 4742
13 4823
13 4913
13 4978
14 21
14 22
14 34
14 35
14 41
14 65
14 70
14 72
14 74
14 75
14 96
14 101
14 114
14 115
14 127
14 141
14 159
14 167
14 188
14 207
14 216
14 242
14 256
14 263
14 294
14 299
14 354
14 363
14 397
14 430
14 488
14 525
14 554
14 600
14 604
14 642
14 656
14 782
14 802
14 817
14 851
14 871
14 1027
14 1103
14 1138
14 1169
14 1201
14 1211
14 1224
14 1266
14 1311
14 1321
14 1392
14 1419
14 1501
14 1674
14 1719
14 1783
14 1787
14 1846
14 2065
14 2114
14 2271
14 2301
14 2330
14 2405
14 2669
14 2672
14 2731
14 2775
14 2834
14 2877
14 3000
14 3019
14 3067
14 3173
14 3214
14 3253
14 3323
14 3480
14 3578
14 3595
14 3613
14 3631
14 3640
14 3735
14 3866
14 3957
14 4041
14 4350
14 4366
14 4382
14 4413
14 4464
14 4556
14 4664
14 4697
14 4726
14 4832
14 4845
14 4905
14 4961
15 25
15 42
15 68
15 98
15 109
15 199
15 266
15 293
15 304
15 319
15 396
15 630
15 673
15 699
15 830
15 1070
15 1077
15 1153
15 1217
15 1337
15 1435
15 1622
15 1624
15 1749
15 1851
15 1897
15 2009
15 2204
15 2415
15 2420
15 2423
15 2485
15 2504
15 2652
15 2778
15 2979
15 3036
15 3198
15 3292
15 3667
15 3719
15 3739
15 3952
15 4123
15 4135
15 4326
15 4445
15 4498
15 4654
15 4721
15 4922
15 4964
16 19
16 29
16 37
16 85
16 93
16 131
16 146
16 158
16 178
16 185
16 250
16 254
16 292
16 309
16 337
16 408
16 431
16 584
16 619
16 763
16 771
16 785
16 888
16 1032
16 1082
16 1122
16 1284
16 1403
16 1418
16 1463
16 1582
16 1712
16 1793
16 1974
16 2067
16 2094
16 2121
16 2191
16 2226
16 2269
16 2542
16 3167
16 3340
16 3363
16 3561
16 3707
16 3733
16 3767
16 3808
16 3870
16 3989
16 4022
16 4362
16 4373
16 4376
16 4596
16 4608
16 4735
16 4922
17 20
17 22
17 26
17 27
17 38
17 53
17 57
17 81
17 82
17 84
17 87
17 109
17 124
17 126
17 127
17 147
17 150
17 181
17 235
17 244
17 268
17 329
17 392
17 411
17 431
17 443
17 477
17 503
17 556
17 566
17 567
17 578
17 628
17 654
17 665
17 684
17 701
17 862
17 877
17 882
17 883
17 1023
17 1053
17 1081
17 1200
17 1212
17 1259
17 1326
17 1347
17 1499
17 1537
17 1554
17 1572
17 1583
17 1584
17 1707
17 1827
17 1836
17 1903
17 1939
17 2090
17 2128
17 2145
17 2155
17 2412
17 2503
17 2706
17 2792
17 2822
17 2844
17 2950
17 2998
17 3021
17 3047
17 3052
17 3056
17 3068
17 3082
17 3174
17 3317
17 3407
17 3464
17 3565
17 3572
17 3621
17 3655
17 3694
17 3737
17 3745
17 3854
17 3977
17 4003
17 4169
17 4256
17 4269
17 4393
17 4427
17 4484
17 4550
17 4601
17 4838
17 4842
17 4890
17 4929
18 28
18 35
18 42
18 49
18 56
18 75
18 79
18 102
18 105
18 111
18 144
18 148
18 161
18 183
18 185
18 213
18 222
18 247
18 258
18 349
18 378
18 415
18 418
18 498
18 512
18 514
18 605
18 617
18 624
18 668
18 670
18 705
18 730
18 750
18 766
18 778
18 780
18 811
18 812
18 843
18 863
18 881
18 895
18 906
18 912
18 921
18 943
18 1023
18 1057
18 1058
18 1063
18 1113
18 1152
18 1180
18 1184
18 1233
18 1246
18 1275
18 1290
18 1344
18 1361
18 1398
18 1424
18 1463
18 1473
18 1489
18 1558
18 1588
18 1628
18 1638
18 1689
18 1747
18 1758
18 1781
18 1844
18 1854
18 1916
18 1966
18 1969
18 2010
18 2033
18 2039
18 2094
18 2147
18 2232
18 2261
18 2360
18 2390
18 2397
18 2399
18 2482
18 2514
18 2682
18 2683
18 2712
18 2723
18 2778
18 2880
18 2917
18 2932
18 2978
18 3046
18 3295
18 3307
18 3313
18 3346
18 3350
18 3371
18 3400
18 3414
18 3500
18 3667
18 3676
18 3704
18 3737
18 3788
18 3797
18 3840
18 3850
18 3863
18 3924
18 4063
18 4064
18 4162
18 4213
18 4356
18 4399
18 4433
18 4678
18 4921
19 36
19 43
19 48
19 81
19 90
19 93
19 96
19 117
19 119
19 121
19 136
19 146
19 158
19 166
19 172
19 175
19 196
19 202
19 212
19 223
19 226
19 254
19 301
19 321
19 327
19 332
19 346
19 371
19 377
19 378
19 404
19 410
19 437
19 450
19 530
19 582
19 625
19 686
19 738
19 798
19 818
19 819
19 848
19 868
19 891
19 893
19 897
19 930
19 934
19 959
19 1015
19 1046
19 1090
19 1138
19 1207
19 1210
19 1219
19 1347
19 1359
19 1377
19 1413
19 1525
19 1550
19 1863
19 1916
19 1942
19 1950
19 1998
19 2041
19 2148
19 2171
19 2213
19 2260
19 2324
19 2369
19 2401
19 2436
19 2520
19 2521
19 2545
19 2589
19 2608
19 2619
19 2799
19 2827
19 2858
19 2862
19 2878
19 2975
19 3422
19 3433
19 3489
19 3512
19 3584
19 3679
19 3843
19 3899
19 3983
19 4229
19 4342
19 4406
19 4667
19 4721
19 4842
19 4895
19 4995
20 143
20 264
20 275
20 385
20 1412
20 2010
20 2354
20 2361
20 2547
20 2630
20 3022
20 3356
20 3847
20 4261
21 68
21 77
21 94
21 103
21 156
21 224
21 248
21 321
21 326
21 393
21 445
21 489
21 496
21 557
21 571
21 583
21 907
21 990
21 1097
21 1153
21 1444
21 1787
21 1893
21 1901
21 1993
21 2164
21 2188
21 2200
21 2207
21 2208
21 2320
21 2360
21 2489
21 2712
21 2763
21 3043
21 3297
21 3349
21 3444
21 3674
21 3749
21 4012
21 4184
21 4565
21 4742
22 38
22 44
22 87
22 98
22 131
22 150
22 198
22 205
22 282
22 298
22 313
22 327
22 330
22 332
22 349
22 367
22 394
22 483
22 548
22 570
22 576
22 661
22 676
22 725
22 776
22 826
22 931
22 944
22 962
22 1015
22 1018
22 1137
22 1145
22 1166
22 1180
22 1218
22 1282
22 1314
22 1360
22 1388
22 1461
22 1467
22 1538
22 1614
22 1637
22 1639
22 1651
22 1673
22 1689
22 1700
22 1740
22 1866
22 2003
22 2095
22 2100
22 2353
22 2422
22 2459
22 2561
22 2621
22 2688
22 2695
22 2707
22 2908
22 2916
22 2986
22 3028
22 3031
22 3080
22 3196
22 3229
22 3297
22 3304
22 3312
22 3364
22 3448
22 3515
22 3587
22 3683
22 3718
22 3849
22 3909
22 3986
22 4136
22 4322
22 4610
22 4913
22 4916
23 39
23 40
23 42
23 43
23 48
23 56
23 60
23 64
23 66
23 72
23 73
23 82
23 102
23 114
23 173
23 200
23 249
23 252
23 269
23 321
23 329
23 389
23 437
23 499
23 526
23 533
23 591
23 602
23 612
23 662
23 693
23 767
23 841
23 905
23 915
23 960
23 1004
23 1115
23 1190
23 1192
23 1208
23 1317
23 1319
23 1329
23 1339
23 1405
23 1423
23 1530
23 1677
23 1688
23 1691
23 1727
23 1893
23 2021
23 2037
23 2102
23 2203
23 2422
23 2467
23 2469
23 2507
23 2624
23 2695
23 2780
23 2807
23 2848
23 2858
23 2961
23 3125
23 3175
23 3315
23 3378
23 3380
23 3500
23 3595
23 3664
23 3693
23 3721
23 3781
23 3978
23 3990
23 4020
23 4022
23 4032
23 4035
23 4127
23 4151
23 4260
23 4281
23 4470
23 4594
23 4643
24 42
24 51
24 67
24 167
24 187
24 251
24 254
24 258
24 281
24 353
24 453
24 587
24 705
24 722
24 1114
24 1275
24 1708
24 1894
24 1920
24 2264
24 2275
24 2368
24 3096
24 3518
24 3539
24 3626
24 3804
24 3991
24 4203
24 4237
24 4380
24 4559
25 30
25 33
25 41
25 51
25 73
25 79
25 160
25 181
25 185
25 187
25 220
25 234
25 477
25 505
25 622
25 627
25 650
25 662
25 670
25 682
25 697
25 775
25 799
25 820
25 959
25 1029
25 1046
25 1150
25 1165
25 1191
25 1197
25 1299
25 1303
25 1368
25 1435
25 1479
25 1504
25 1513
25 1543
25 1622
25 1707
25 2199
25 2667
25 2833
25 2996
25 3122
25 3356
25 3379
25 3512
25 3635
25 3706
25 3822
25 4209
25 4372
26 69
26 78
26 92
26 101
26 123
26 126
26 132
26 148
26 168
26 186
26 214
26 228
26 231
26 282
26 284
26 287
26 313
26 341
26 346
26 355
26 389
26 426
26 433
26 471
26 498
26 521
26 534
26 614
26 662
26 713
26 736
26 767
26 769
26 845
26 868
26 897
26 901
26 956
26 970
26 974
26 1050
26 1074
26 1107
26 1139
26 1163
26 1196
26 1240
26 1242
26 1320
26 1328
26 1344
26 1354
26 1411
26 1451
26 1551
26 1687
26 1722
26 1760
26 1921
26 1922
26 1945
26 2000
26 2162
26 2192
26 2226
26 2492
26 2622
26 2789
26 2878
26 2943
26 2980
26 3018
26 3045
26 3268
26 3373
26 3415
26 3496
26 3505
26 3617
26 3664
26 3782
26 3838
26 3901
26 3971
26 3984
26 4071
26 4130
26 4264
26 4446
26 4507
26 4560
26 4575
26 4623
26 4665
26 4690
27 31
27 39
27 41
27 52
27 54
27 58
27 67
27 81
27 83
27 136
27 146
27 174
27 190
27 209
27 237
27 242
27 272
27 299
27 371
27 381
27 407
27 412
27 435
27 460
27 466
27 480
27 501
27 521
27 529
27 587
27 616
27 620
27 651
27 660
27 725
27 728
27 731
27 844
27 866
27 871
27 881
27 927
27 928
27 1007
27 1034
27 1052
27 1072
27 1161
27 1246
27 1268
27 1294
27 1445
27 1475
27 1494
27 1522
27 1523
27 1533
27 1571
27 1617
27 1711
27 1773
27 1892
27 1947
27 1974
27 2013
27 2026
27 2035
27 2099
27 2135
27 2152
27 2247
27 2250
27 2282
27 2302
27 2346
27 2402
27 2489
27 2516
27 2529
27 2593
27 2599
27 2629
27 2694
27 2749
27 2752
27 2788
27 2841
27 2956
27 2988
27 3016
27 3156
27 3197
27 3206
27 3219
27 3248
27 3371
27 3502
27 3539
27 3550
27 3572
27 3719
27 3839
27 3881
27 3948
27 3979
27 4020
27 4045
27 4243
27 4320
27 4422
27 4494
27 4566
27 4767
27 4832
27 4867
28 33
28 40
28 67
28 107
28 139
28 154
28 184
28 197
28 256
28 257
28 271
28 297
28 330
28 388
28 407
28 412
28 430
28 463
28 468
28 511
28 643
28 699
28 786
28 858
28 863
28 865
28 875
28 927
28 977
28 1009
28 1098
28 1116
28 1160
28 1258
28 1285
28 1399
28 1408
28 1456
28 1478
28 1502
28 1559
28 1569
28 1574
28 1617
28 1633
28 1686
28 1715
28 1716
28 1731
28 1746
28 1757
28 1793
28 1878
28 1987
28 2255
28 2494
28 2527
28 2530
28 2568
28 2573
28 2637
28 2719
28 2723
28 2733
28 2829
28 2960
28 3020
28 3037
28 3195
28 3295
28 3434
28 3475
28 3584
28 3627
28 3629
28 3732
28 3763
28 3858
28 3913
28 4091
28 4099
28 4299
28 4540
28 4583
29 34
29 104
29 334
29 521
29 798
29 933
29 1003
29 1021
29 1099
29 1172
29 1193
29 1207
29 1385
29 1447
29 1623
29 1637
29 1886
29 1910
29 2011
29 2044
29 2504
29 2545
29 2761
29 2918
29 3007
29 3042
29 3476
29 3504
29 3564
29 3822
29 4040
29 4211
29 4267
29 4607
29 4732
29 4897
30 51
30 52
30 57
30 74
30 76
30 91
30 123
30 137
30 142
30 154
30 185
30 198
30 206
30 216
30 239
30 262
30 280
30 296
30 324
30 331
30 350
30 377
30 416
30 441
30 539
30 564
30 610
30 649
30 669
30 704
30 712
30 898
30 905
30 983
30 1284
30 1339
30 1345
30 1364
30 1414
30 1430
30 1466
30 1471
30 1509
30 1610
30 1658
30 1769
30 1778
30 1995
30 2031
30 2139
30 2148
30 2439
30 2440
30 2452
30 2459
30 2598
30 2736
30 2821
30 2852
30 2873
30 3015
30 3078
30 3096
30 3123
30 3214
30 3400
30 3548
30 3786
30 3869
30 3963
30 4040
30 4079
30 4399
30 4427
30 4475
30 4571
30 4727
30 4944
31 32
31 35
31 46
31 59
31 63
31 67
31 78
31 79
31 97
31 103
31 118
31 120
31 163
31 187
31 224
31 229
31 239
31 241
31 253
31 290
31 302
31 322
31 337
31 380
31 387
31 399
31 437
31 442
31 507
31 511
31 513
31 537
31 561
31 652
31 689
31 729
31 748
31 754
31 786
31 795
31 799
31 861
31 874
31 911
31 1036
31 1121
31 1144
31 1392
31 1448
31 1530
31 1660
31 1733
31 1753
31 1963
31 2213
31 2348
31 2367
31 2432
31 2537
31 2541
31 2686
31 3127
31 3152
31 3487
31 3583
31 3680
31 3715
31 3721
31 3872
31 3906
31 3957
31 4014
31 4186
31 4356
31 4510
31 4564
31 4662
31 4705
31 4823
31 4828
31 4850
31 4924
31 4946
32 44
32 53
32 58
32 61
32 77
32 91
32 95
32 96
32 138
32 151
32 166
32 198
32 203
32 205
32 231
32 234
32 249
32 360
32 368
32 467
32 504
32 533
32 599
32 616
32 637
32 718
32 748
32 809
32 823
32 824
32 856
32 881
32 894
32 964
32 993
32 1118
32 1135
32 1161
32 1181
32 1230
32 1317
32 1328
32 1370
32 1422
32 1439
32 1539
32 1545
32 1612
32 1856
32 1919
32 2037
32 2044
32 2175
32 2232
32 2386
32 2391
32 2427
32 2486
32 2557
32 2657
32 2667
32 2691
32 2697
32 2846
32 2881
32 2946
32 3200
32 3266
32 3432
32 3521
32 3608
32 3646
32 3670
32 3705
32 4044
32 4202
32 4324
32 4506
32 4542
32 4692
32 4818
33 38
33 43
33 61
33 69
33 92
33 111
33 118
33 139
33 150
33 174
33 194
33 276
33 325
33 426
33 465
33 583
33 612
33 817
33 828
33 848
33 855
33 862
33 887
33 1128
33 1207
33 1218
33 1244
33 1286
33 1303
33 1679
33 1945
33 2056
33 2860
33 3001
33 3219
33 3309
33 3322
33 3507
33 3693
33 4045
33 4255
33 4782
33 4997
34 40
34 41
34 47
34 55
34 58
34 62
34 68
34 129
34 148
34 151
34 155
34 165
34 171
34 174
34 179
34 180
34 202
34 225
34 261
34 302
34 317
34 318
34 363
34 405
34 413
34 449
34 532
34 577
34 578
34 609
34 723
34 761
34 817
34 884
34 968
34 987
34 1142
34 1188
34 1243
34 1278
34 1428
34 1536
34 1601
34 1605
34 1705
34 1773
34 1811
34 1928
34 1988
34 2049
34 2093
34 2186
34 2237
34 2240
34 2267
34 2297
34 2371
34 2434
34 2443
34 2514
34 2665
34 2669
34 2694
34 2780
34 2827
34 2876
34 3100
34 3137
34 3225
34 3446
34 3539
34 3819
34 3923
34 3924
34 3932
34 3982
34 4006
34 4098
34 4224
34 4489
34 4897
34 4956
35 41
35 46
35 65
35 80
35 86
35 113
35 135
35 142
35 167
35 172
35 181
35 187
35 192
35 206
35 208
35 217
35 237
35 250
35 257
35 291
35 303
35 333
35 385
35 399
35 415
35 417
35 476
35 588
35 640
35 772
35 882
35 931
35 936
35 1119
35 1120
35 1214
35 1315
35 1474
35 1591
35 1638
35 1689
35 1893
35 1971
35 2217
35 2245
35 2327
35 2448
35 2680
35 2681
35 2722
35 2844
35 2855
35 2876
35 2926
35 2989
35 3014
35 3136
35 3283
35 3341
35 3348
35 3441
35 3595
35 3708
35 3794
35 3827
35 3897
35 4148
35 4630
35 4773
35 4854
35 4908
36 50
36 63
36 82
36 113
36 119
36 135
36 157
36 183
36 184
36 195
36 245
36 265
36 311
36 339
36 373
36 425
36 480
36 484
36 497
36 508
36 531
36 577
36 614
36 628
36 695
36 733
36 818
36 966
36 1070
36 1312
36 1324
36 1377
36 1456
36 1663
36 1696
36 1703
36 1740
36 1785
36 1808
36 1866
36 2296
36 2316
36 2530
36 2586
36 2847
36 3033
36 3063
36 3142
36 3351
36 3493
36 3587
36 3848
36 3950
36 4013
36 4043
36 4128
36 4223
36 4281
36 4296
36 4355
36 4376
36 4644
36 4746
37 46
37 62
37 70
37 86
37 159
37 197
37 218
37 344
37 442
37 791
37 804
37 1013
37 1044
37 1149
37 1367
37 1455
37 1757
37 2035
37 2220
37 2379
37 2479
37 3221
37 3232
37 3396
37 3582
37 3606
37 3953
37 4404
37 4414
37 4494
37 4606
37 4657
37 4741
38 46
38 50
38 95
38 112
38 115
38 121
38 122
38 138
38 163
38 188
38 193
38 276
38 330
38 416
38 451
38 475
38 484
38 501
38 650
38 700
38 844
38 878
38 885
38 1073
38 1089
38 1226
38 1348
38 1354
38 1389
38 1443
38 1455
38 1487
38 1490
38 1518
38 1526
38 1711
38 1720
38 1758
38 1772
38 2373
38 2724
38 2836
38 2950
38 3193
38 3377
38 3667
38 4119
38 4135
38 4170
38 4424
38 4830
38 4910
39 45
39 50
39 52
39 55
39 106
39 177
39 193
39 275
39 285
39 320
39 593
39 608
39 637
39 668
39 744
39 777
39 1080
39 1134
39 1200
39 1251
39 1515
39 1757
39 1794
39 2100
39 2105
39 2199
39 2285
39 2473
39 2482
39 2526
39 2627
39 2968
39 3137
39 3160
39 3210
39 3324
39 3449
39 3480
39 3568
39 4001
39 4578
39 4596
39 4838
40 48
40 51
40 54
40 106
40 182
40 183
40 188
40 209
40 217
40 229
40 240
40 245
40 274
40 314
40 344
40 349
40 360
40 371
40 375
40 406
40 411
40 489
40 497
40 534
40 559
40 623
40 684
40 692
40 791
40 802
40 838
40 863
40 879
40 967
40 1018
40 1080
40 1098
40 1108
40 1166
40 1176
40 1237
40 1471
40 1512
40 1527
40 1660
40 1664
40 1676
40 1694
40 1769
40 2049
40 2203
40 2208
40 2244
40 2608
40 2666
40 2783
40 3126
40 3177
40 3205
40 3222
40 3319
40 3361
40 3445
40 3598
40 3842
40 3866
40 3984
40 4153
40 4218
40 4222
40 4384
40 4398
40 4569
40 4674
40 4869
40 4920
41 64
41 105
41 108
41 145
41 287
41 310
41 555
41 618
41 637
41 639
41 645
41 704
41 722
41 724
41 787
41 817
41 925
41 945
41 1017
41 1752
41 1770
41 2784
41 3273
41 3494
41 4115
41 4338
41 4383
42 60
42 63
42 72
42 75
42 112
42 118
42 130
42 139
42 232
42 294
42 348
42 350
42 406
42 433
42 569
42 805
42 931
42 1122
42 1130
42 1387
42 1401
42 1464
42 1535
42 1667
42 1672
42 1682
42 1822
42 2197
42 2518
42 3254
42 3392
42 3784
42 4120
42 4546
42 4879
43 53
43 71
43 85
43 103
43 109
43 169
43 282
43 367
43 441
43 493
43 548
43 564
43 598
43 647
43 709
43 920
43 1013
43 1017
43 1024
43 1181
43 1243
43 1267
43 1364
43 1902
43 2170
43 2213
43 2310
43 2488
43 2527
43 2542
43 3141
43 3170
43 3382
43 3535
43 3570
43 3746
43 3748
43 3818
43 4198
43 4266
43 4290
43 4426
43 4899
44 50
44 77
44 81
44 88
44 99
44 104
44 132
44 133
44 221
44 283
44 322
44 330
44 364
44 372
44 380
44 421
44 505
44 599
44 623
44 648
44 680
44 685
44 737
44 838
44 841
44 852
44 919
44 981
44 1054
44 1299
44 1507
44 1508
44 1555
44 1610
44 1613
44 1740
44 1930
44 2092
44 2123
44 2616
44 2930
44 2947
44 3044
44 3106
44 3448
44 3933
44 3957
44 4223
44 4292
44 4396
44 4482
44 4576
44 4635
44 4678
45 52
45 66
45 83
45 104
45 149
45 228
45 271
45 293
45 299
45 307
45 315
45 402
45 449
45 451
45 474
45 537
45 547
45 620
45 629
45 633
45 663
45 977
45 1004
45 1031
45 1132
45 1143
45 1301
45 1302
45 1346
45 1357
45 1394
45 1484
45 1517
45 1810
45 2029
45 2111
45 2140
45 2405
45 2605
45 2657
45 2742
45 2804
45 2901
45 2938
45 2982
45 3043
45 3076
45 3333
45 3464
45 3649
45 3959
45 4008
45 4378
45 4552
46 64
46 180
46 223
46 392
46 427
46 882
46 1051
46 1176
46 2234
46 2374
46 2447
46 2745
46 2831
46 4104
46 4603
46 4637
47 74
47 120
47 233
47 290
47 348
47 678
47 903
47 1065
47 1126
47 1232
47 1269
47 1350
47 1480
47 1556
47 1832
47 1879
47 2003
47 2048
47 2310
47 2913
47 2942
47 3134
47 3141
47 3938
47 3965
47 4009
47 4315
47 4630
47 4767
48 70
48 90
48 103
48 111
48 127
48 164
48 260
48 284
48 390
48 454
48 501
48 613
48 659
48 739
48 821
48 896
48 1143
48 1256
48 1323
48 1426
48 1560
48 1636
48 1657
48 1861
48 2348
48 2392
48 2522
48 2667
48 2888
48 2929
48 3412
48 3858
48 4912
49 70
49 138
49 166
49 184
49 258
49 286
49 338
49 683
49 781
49 1049
49 1104
49 1198
49 1228
49 1239
49 1290
49 1691
49 1992
49 2714
49 3383
49 3666
49 4325
49 4480
49 4660
50 59
50 93
50 98
50 100
50 139
50 140
50 186
50 217
50 234
50 275
50 309
50 323
50 367
50 408
50 509
50 552
50 553
50 727
50 812
50 990
50 1088
50 1159
50 1475
50 1661
50 1763
50 1865
50 2024
50 2104
50 2178
50 2286
50 2350
50 2356
50 2833
50 2901
50 3073
50 3105
50 3223
50 3260
50 3300
50 3303
50 3340
50 3403
50 3505
50 3513
50 3524
50 3560
50 3561
50 3678
50 3695
50 3893
50 3992
50 4187
50 4261
50 4292
50 4540
50 4586
50 4762
50 4831
51 71
51 141
51 149
51 178
51 194
51 196
51 210
51 227
51 243
51 288
51 342
51 373
51 421
51 433
51 449
51 480
51 539
51 573
51 592
51 731
51 737
51 744
51 836
51 951
51 1020
51 1036
51 1052
51 1102
51 1109
51 1117
51 1399
51 1434
51 1487
51 1532
51 1591
51 1712
51 1750
51 1775
51 1778
51 1811
51 1831
51 1941
51 2020
51 2029
51 2034
51 2059
51 2189
51 2391
51 2749
51 2852
51 2918
51 2958
51 2977
51 2999
51 3031
51 3118
51 3242
51 3301
51 3323
51 3492
51 3799
51 3873
51 3901
51 3944
51 4137
51 4173
51 4246
51 4341
51 4357
51 4431
51 4442
51 4455
51 4556
51 4579
51 4608
51 4613
51 4867
51 4872
52 90
52 107
52 111
52 114
52 127
52 146
52 163
52 171
52 174
52 207
52 277
52 286
52 352
52 366
52 389
52 397
52 429
52 434
52 468
52 473
52 497
52 602
52 611
52 657
52 686
52 693
52 696
52 712
52 715
52 725
52 729
52 794
52 800
52 822
52 867
52 900
52 1024
52 1047
52 1056
52 1104
52 1108
52 1177
52 1180
52 1223
52 1428
52 1531
52 1570
52 1595
52 1635
52 1742
52 1762
52 1817
52 1880
52 2021
52 2162
52 2247
52 2254
52 2275
52 2374
52 2393
52 2420
52 2718
52 2765
52 2964
52 2970
52 3080
52 3098
52 3167
52 3327
52 3336
52 3407
52 3414
52 3517
52 3750
52 3815
52 3845
52 4100
52 4210
52 4304
52 4331
52 4574
52 4611
52 4770
52 4909
52 4929
53 240
53 339
53 359
53 467
53 610
53 730
53 760
53 763
53 1202
53 1240
53 1254
53 1258
53 1546
53 1641
53 2010
53 2362
53 3313
53 3888
53 3949
53 3995
54 59
54 126
54 279
54 414
54 795
54 1291
54 1521
54 1609
54 1892
54 1958
54 2188
54 2336
54 2428
54 2723
54 2768
54 2953
54 3003
54 3035
54 3097
54 3247
54 4473
54 4505
54 4758
54 4962
55 89
55 148
55 188
55 222
55 229
55 257
55 342
55 510
55 607
55 644
55 714
55 960
55 1031
55 1117
55 1245
55 1256
55 1525
55 1584
55 1752
55 1986
55 2133
55 2209
55 2265
55 2774
55 2807
55 3088
55 3326
55 3580
55 3868
55 4103
55 4390
55 4551
55 4972
56 58
56 62
56 74
56 76
56 116
56 129
56 132
56 195
56 286
56 287
56 290
56 319
56 326
56 367
56 389
56 412
56 445
56 548
56 570
56 584
56 609
56 720
56 743
56 796
56 982
56 1030
56 1051
56 1150
56 1221
56 1278
56 1370
56 1379
56 1534
56 1563
56 2046
56 2085
56 2201
56 2206
56 2213
56 2246
56 2285
56 2397
56 2417
56 2432
56 2573
56 2640
56 2697
56 2826
56 3098
56 3233
56 3355
56 3464
56 3519
56 4661
56 4694
56 4893
56 4966
56 4981
56 4984
57 60
57 182
57 210
57 211
57 296
57 386
57 422
57 443
57 456
57 479
57 618
57 639
57 797
57 820
57 945
57 966
57 994
57 1003
57 1020
57 1042
57 1068
57 1175
57 1258
57 1452
57 1483
57 1722
57 1776
57 1787
57 1889
57 2027
57 2392
57 2531
57 2612
57 2970
57 3206
57 3419
57 3465
57 3593
57 3777
57 4197
57 4275
57 4503
57 4525
57 4722
57 4732
58 89
58 95
58 171
58 184
58 200
58 299
58 326
58 369
58 436
58 446
58 457
58 780
58 870
58 906
58 1011
58 1129
58 1447
58 1476
58 1559
58 1604
58 1830
58 1833
58 2316
58 2372
58 2561
58 2715
58 2773
58 3163
58 3303
58 3361
58 3437
58 3466
58 3637
58 3665
58 3688
58 3920
58 4030
58 4069
58 4490
59 78
59 89
59 114
59 156
59 182
59 191
59 362
59 512
59 703
59 1095
59 1924
59 2466
59 2634
59 2842
59 2896
59 3126
59 3273
59 3376
59 3613
59 3839
60 69
60 99
60 432
60 443
60 609
60 663
60 770
60 967
60 1121
60 1201
60 1818
60 2272
60 3614
60 4009
60 4176
61 87
61 950
61 1136
61 4935
62 135
62 150
62 234
62 246
62 251
62 286
62 314
62 376
62 396
62 462
62 502
62 511
62 525
62 850
62 950
62 1081
62 1128
62 1568
62 1872
62 2097
62 2179
62 2316
62 2701
62 2897
62 3278
62 3508
62 3707
62 3943
62 3973
62 4076
62 4140
62 4249
62 4344
62 4585
63 80
63 82
63 84
63 107
63 124
63 125
63 128
63 130
63 131
63 154
63 176
63 177
63 211
63 230
63 237
63 262
63 265
63 267
63 278
63 307
63 339
63 366
63 404
63 448
63 459
63 469
63 479
63 493
63 527
63 550
63 617
63 629
63 632
63 642
63 706
63 726
63 739
63 747
63 788
63 834
63 947
63 1011
63 1012
63 1015
63 1049
63 1067
63 1105
63 1200
63 1220
63 1231
63 1314
63 1469
63 1659
63 1764
63 1786
63 1806
63 1807
63 1931
63 1953
63 1954
63 2038
63 2297
63 2326
63 2419
63 2505
63 2563
63 2565
63 2603
63 2609
63 2621
63 2646
63 2709
63 2792
63 2856
63 2914
63 2933
63 2942
63 2971
63 3018
63 3085
63 3113
63 3289
63 3443
63 3506
63 3553
63 3746
63 3784
63 3883
63 3891
63 3942
63 4125
63 4314
63 4539
63 4641
63 4670
63 4716
63 4936
64 73
64 90
64 196
64 220
64 233
64 280
64 285
64 289
64 337
64 353
64 360
64 370
64 384
64 385
64 401
64 405
64 410
64 420
64 458
64 476
64 494
64 561
64 572
64 646
64 670
64 772
64 778
64 968
64 1025
64 1077
64 1109
64 1118
64 1141
64 1224
64 1272
64 1358
64 1362
64 1380
64 1391
64 1434
64 1529
64 1563
64 1583
64 1606
64 1615
64 1630
64 1691
64 1724
64 1862
64 1964
64 1970
64 1981
64 2061
64 2091
64 2097
64 2146
64 2172
64 2330
64 2347
64 2594
64 2630
64 2761
64 3109
64 3122
64 3140
64 3145
64 3187
64 3385
64 3995
64 4343
64 4460
64 4497
64 4579
64 4593
64 4643
64 4846
65 88
65 106
65 189
65 200
65 227
65 242
65 257
65 308
65 356
65 376
65 389
65 492
65 516
65 581
65 716
65 820
65 946
65 956
65 1077
65 1123
65 1146
65 1188
65 1213
65 1236
65 1300
65 1375
65 1391
65 1443
65 1532
65 1533
65 1546
65 1562
65 1636
65 1716
65 1767
65 1813
65 1895
65 2019
65 2240
65 2395
65 2408
65 2464
65 2522
65 2784
65 3124
65 3190
65 3257
65 3264
65 3533
65 3958
65 4102
65 4680
65 4840
65 4845
65 4883
65 4902
66 155
66 331
66 1022
66 1031
66 1060
66 1103
66 1340
66 2678
66 2802
66 2846
66 3710
67 125
67 273
67 357
67 544
67 555
67 558
67 641
67 803
67 840
67 1079
67 1110
67 1236
67 1687
67 1727
67 1935
67 2151
67 2482
67 2645
67 3001
67 3042
67 3741
67 3826
67 4358
67 4602
68 78
68 105
68 106
68 109
68 124
68 140
68 196
68 203
68 221
68 313
68 325
68 390
68 423
68 499
68 622
68 649
68 761
68 762
68 799
68 826
68 841
68 937
68 954
68 1158
68 1235
68 1491
68 1503
68 1505
68 1546
68 1607
68 1630
68 1652
68 1656
68 1738
68 1743
68 1744
68 1820
68 1844
68 1906
68 2162
68 2292
68 2354
68 2466
68 2520
68 2533
68 2562
68 2575
68 2578
68 2623
68 2654
68 2690
68 2720
68 2822
68 2840
68 3197
68 3517
68 3651
68 3756
68 4122
68 4177
68 4444
68 4466
68 4486
68 4598
68 4772
68 4781
68 4856
68 4862
68 4933
69 112
69 120
69 198
69 257
69 411
69 486
69 601
69 805
69 838
69 1079
69 1215
69 1342
69 1453
69 1485
69 1621
69 1658
69 1721
69 1756
69 1816
69 1944
69 2410
69 2601
69 3031
69 3335
69 3367
69 3888
69 4601
69 4985
70 84
70 115
70 158
70 189
70 273
70 429
70 481
70 541
70 627
70 656
70 666
70 840
70 878
70 920
70 937
70 958
70 1069
70 1077
70 1140
70 1443
70 1826
70 1939
70 2631
70 3131
70 3210
70 3590
70 3719
70 3982
70 4171
70 4230
70 4464
70 4514
70 4587
71 125
71 178
71 237
71 244
71 263
71 315
71 422
71 431
71 609
71 636
71 640
71 652
71 811
71 857
71 859
71 887
71 1034
71 1083
71 1202
71 1338
71 1620
71 1755
71 2364
71 2462
71 3108
71 3460
71 4489
71 4758
71 4785
71 4896
71 4899
72 79
72 100
72 135
72 202
72 394
72 486
72 547
72 569
72 647
72 700
72 837
72 973
72 1028
72 1190
72 1551
72 1590
72 1612
72 2040
72 2233
72 2838
72 2873
72 3147
72 4343
73 89
73 99
73 123
73 274
73 292
73 405
73 545
73 735
73 769
73 811
73 914
73 994
73 1019
73 1080
73 1188
73 1492
73 1518
73 1713
73 1780
73 2378
73 2387
73 2451
73 2553
73 3136
73 3211
73 3397
73 3406
73 3537
73 3846
73 3873
73 3973
73 4931
74 89
74 168
74 189
74 271
74 325
74 379
74 490
74 519
74 773
74 846
74 882
74 1248
74 1274
74 1446
74 1728
74 1926
74 2339
74 2408
74 2539
74 2612
74 2834
74 3054
74 3330
74 3443
74 3449
74 3605
74 3685
74 3716
74 4249
74 4886
75 151
75 161
75 180
75 279
75 347
75 422
75 438
75 444
75 461
75 484
75 550
75 1048
75 1201
75 1523
75 1596
75 1749
75 1861
75 2353
75 2368
75 2439
75 2458
75 3089
75 3343
75 3391
75 3507
75 3632
75 4303
76 82
76 341
76 357
76 372
76 589
76 601
76 638
76 646
76 853
76 1761
76 1848
76 2513
76 2651
76 2973
76 3138
76 3181
76 3548
76 3969
76 4150
76 4369
76 4582
77 120
77 247
77 281
77 354
77 447
77 585
77 809
77 813
77 976
77 1221
77 1413
77 1482
77 1647
77 1843
77 1907
77 1975
77 2093
77 2577
77 2584
77 3120
77 4419
77 4817
78 84
78 117
78 147
78 181
78 205
78 310
78 316
78 341
78 445
78 498
78 661
78 1155
78 1234
78 1250
78 2023
78 2073
78 2386
78 2962
79 83
79 91
79 105
79 157
79 176
79 360
79 371
79 375
79 573
79 615
79 619
79 774
79 827
79 837
79 908
79 1050
79 1072
79 1075
79 1149
79 1245
79 1324
79 1437
79 1453
79 1499
79 1575
79 1592
79 1651
79 1699
79 1722
79 1762
79 1897
79 2060
79 2160
79 2600
79 2662
79 2766
79 2923
79 2975
79 3157
79 3261
79 3484
79 3570
79 3583
79 3690
79 3695
79 3876
79 3981
79 4176
79 4244
79 4274
79 4293
79 4295
79 4304
79 4648
79 4756
79 4828
79 4971
80 124
80 143
80 187
80 201
80 206
80 228
80 387
80 388
80 461
80 749
80 1270
80 1271
80 1597
80 1642
80 1662
80 1923
80 2045
80 2273
80 2464
80 2513
80 2537
80 2721
80 2787
80 2823
80 2859
80 2874
80 3284
80 3365
80 3587
80 3999
80 4435
81 87
81 99
81 108
81 124
81 137
81 152
81 176
81 256
81 283
81 365
81 408
81 527
81 577
81 630
81 631
81 644
81 680
81 685
81 702
81 731
81 785
81 812
81 890
81 908
81 994
81 1035
81 1087
81 1231
81 1232
81 1293
81 1298
81 1522
81 1629
81 1642
81 1650
81 1845
81 1928
81 1940
81 1955
81 1979
81 2080
81 2118
81 2122
81 2239
81 2382
81 2468
81 2484
81 2660
81 2752
81 2788
81 2987
81 3001
81 3105
81 3182
81 3207
81 3413
81 3417
81 3456
81 3607
81 3679
81 3704
81 3714
81 3723
81 4010
81 4030
81 4123
81 4207
81 4216
81 4321
81 4529
81 4620
81 4658
81 4762
82 150
82 159
82 511
82 533
82 695
82 760
82 922
82 1050
82 1372
82 1851
82 2166
82 2515
82 2984
82 3165
82 3344
82 3849
82 4979
83 179
83 193
83 233
83 248
83 345
83 401
83 411
83 420
83 526
83 742
83 828
83 1164
83 1199
83 1210
83 1303
83 1970
83 1975
83 2123
83 2204
83 2987
83 3001
83 3091
83 3612
83 3648
83 3925
83 3940
83 4333
83 4471
83 4580
84 94
84 200
84 209
84 347
84 383
84 395
84 490
84 848
84 919
84 987
84 992
84 1010
84 1156
84 1431
84 1615
84 1863
84 1880
84 2010
84 2032
84 2341
84 2402
84 2541
84 2689
84 3056
84 3193
84 3198
84 3269
84 3276
84 3331
84 3755
84 4107
84 4365
84 4951
84 4963
85 121
85 141
85 199
85 213
85 226
85 246
85 249
85 331
85 368
85 375
85 388
85 485
85 510
85 538
85 616
85 736
85 793
85 869
85 871
85 878
85 979
85 1006
85 1081
85 1094
85 1448
85 1568
85 1634
85 1774
85 1957
85 2015
85 2067
85 2127
85 2156
85 2222
85 2410
85 2522
85 2579
85 2614
85 2886
85 3238
85 3602
85 4112
85 4262
85 4314
85 4522
85 4627
85 4696
85 4901
86 100
86 164
86 182
86 223
86 255
86 256
86 308
86 417
86 419
86 425
86 427
86 447
86 509
86 561
86 597
86 643
86 673
86 715
86 883
86 891
86 977
86 986
86 1033
86 1143
86 1299
86 1347
86 1351
86 1384
86 1442
86 1507
86 1542
86 1563
86 1600
86 1811
86 1844
86 1881
86 2077
86 2221
86 2263
86 2335
86 2400
86 2403
86 2791
86 2837
86 2944
86 3035
86 3163
86 3795
86 3913
86 4228
86 4340
86 4499
86 4548
86 4725
86 4893
86 4977
87 104
87 133
87 424
87 542
87 579
87 596
87 1314
87 1392
87 1465
87 1518
87 2066
87 2760
87 2766
87 2771
87 2855
87 3166
87 3302
87 3429
87 3468
87 3756
87 3865
87 4668
88 105
88 108
88 119
88 129
88 134
88 143
88 151
88 154
88 157
88 170
88 178
88 179
88 183
88 192
88 193
88 259
88 266
88 279
88 280
88 282
88 283
88 296
88 324
88 344
88 349
88 355
88 363
88 368
88 408
88 418
88 428
88 430
88 469
88 487
88 507
88 528
88 530
88 563
88 613
88 672
88 697
88 711
88 828
88 856
88 897
88 957
88 979
88 983
88 1088
88 1096
88 1118
88 1127
88 1178
88 1185
88 1189
88 1305
88 1361
88 1408
88 1480
88 1528
88 1570
88 1575
88 1656
88 1666
88 1676
88 1829
88 1857
88 1860
88 1932
88 1966
88 2011
88 2029
88 2271
88 2294
88 2305
88 2357
88 2359
88 2379
88 2411
88 2454
88 2470
88 2543
88 2567
88 2591
88 2676
88 2703
88 2738
88 2799
88 2905
88 3013
88 3022
88 3037
88 3038
88 3136
88 3149
88 3193
88 3347
88 3437
88 3459
88 3523
88 3547
88 3586
88 3607
88 3822
88 3827
88 3850
88 3977
88 4018
88 4048
88 4296
88 4364
88 4456
88 4468
88 4499
88 4505
88 4515
88 4549
88 4696
88 4726
88 4810
88 4882
88 4962
89 110
89 112
89 258
89 342
89 570
89 597
89 629
89 709
89 710
89 777
89 825
89 842
89 890
89 1011
89 1023
89 1143
89 1168
89 1264
89 1269
89 1323
89 1578
89 1739
89 1954
89 2065
89 2227
89 2301
89 2341
89 2873
89 3062
89 3105
89 3135
89 3174
89 3203
89 3260
89 3324
89 3545
89 3553
89 3817
89 3949
89 4032
89 4103
89 4246
89 4294
89 4359
89 4432
89 4612
89 4716
89 4960
90 94
90 155
90 207
90 216
90 489
90 922
90 1032
90 1402
90 1626
90 1721
90 2611
91 537
91 1627
91 1858
91 2146
91 2246
91 2412
91 3020
91 3102
91 3382
91 3431
91 3982
91 3993
91 4108
91 4819
92 97
92 110
92 113
92 119
92 177
92 434
92 457
92 466
92 491
92 518
92 543
92 580
92 728
92 729
92 751
92 754
92 885
92 914
92 942
92 1884
92 1937
92 1970
92 1977
92 2298
92 2552
92 2679
92 2743
92 3114
92 3262
92 3790
92 3960
92 4010
92 4047
92 4283
92 4393
92 4983
93 130
93 147
93 204
93 380
93 635
93 658
93 803
93 1128
93 1159
93 1199
93 1428
93 1835
93 1978
93 2082
93 2148
93 2206
93 2404
93 2502
93 2654
93 2663
93 3159
93 3186
93 3398
93 3523
93 3720
93 3734
93 3908
93 4026
93 4278
93 4287
93 4761
94 123
94 162
94 225
94 269
94 447
94 474
94 523
94 535
94 561
94 575
94 666
94 832
94 834
94 835
94 880
94 1226
94 1329
94 1491
94 1611
94 1748
94 2088
94 2112
94 2125
94 2439
94 2489
94 2656
94 2671
94 3059
94 3233
94 3404
94 3896
94 4751
95 96
95 102
95 103
95 155
95 175
95 211
95 212
95 220
95 236
95 249
95 604
95 676
95 686
95 755
95 783
95 907
95 1047
95 1093
95 1175
95 1186
95 1224
95 1235
95 1297
95 1318
95 1332
95 1374
95 1386
95 1411
95 1513
95 1738
95 1765
95 1769
95 1774
95 2018
95 2062
95 2120
95 2369
95 2434
95 2475
95 2499
95 2741
95 3062
95 3523
95 3681
95 3682
95 3732
95 3886
95 3970
95 4037
95 4351
95 4447
95 4523
95 4615
95 4623
95 4642
95 4775
95 4784
96 137
96 149
96 158
96 164
96 176
96 229
96 242
96 265
96 337
96 572
96 681
96 749
96 878
96 893
96 1009
96 1055
96 1202
96 1258
96 1368
96 1492
96 1774
96 1858
96 2281
96 2403
96 2499
96 2640
96 2727
96 2980
96 3366
96 3382
96 3600
96 3783
96 3788
96 4005
96 4068
96 4486
96 4731
96 4748
96 4806
96 4916
97 104
97 113
97 326
97 352
97 362
97 423
97 436
97 518
97 594
97 655
97 711
97 936
97 937
97 1104
97 1304
97 1308
97 1395
97 1424
97 1521
97 1675
97 1820
97 2243
97 2502
97 3000
97 3095
97 3207
97 3397
97 3406
97 3429
97 3431
97 3626
97 4054
97 4080
97 4140
97 4265
97 4395
97 4753
97 4774
97 4824
98 101
98 260
98 408
98 706
98 1292
98 1383
98 1518
98 1521
98 2933
99 153
99 160
99 194
99 221
99 252
99 263
99 287
99 359
99 404
99 441
99 458
99 473
99 663
99 693
99 710
99 742
99 761
99 772
99 926
99 1025
99 1033
99 1060
99 1074
99 1190
99 1257
99 1297
99 1479
99 1902
99 2103
99 2221
99 2453
99 2473
99 2692
99 3088
99 3181
99 3466
99 3715
99 3935
99 4769
100 147
100 170
100 261
100 288
100 334
100 421
100 515
100 546
100 1628
100 2390
100 2498
100 2609
100 2767
100 2803
100 2845
100 2911
100 3403
100 3486
100 3585
100 3892
100 4602
101 152
101 234
101 354
101 396
101 411
101 584
101 815
101 855
101 949
101 982
101 995
101 1016
101 1197
101 1579
101 1698
101 2012
101 2348
101 2418
101 2464
101 3208
101 3587
101 3806
102 110
102 218
102 291
102 323
102 393
102 403
102 419
102 635
102 640
102 784
102 808
102 823
102 983
102 1040
102 1125
102 1340
102 1502
102 1505
102 1708
102 1874
102 1894
102 2051
102 2058
102 2166
102 2200
102 2354
102 2399
102 2470
102 2504
102 2622
102 2695
102 2774
102 2805
102 3281
102 3481
102 3619
102 3683
102 3740
102 3817
102 3823
102 3979
102 4052
102 4084
102 4237
102 4250
102 4539
102 4631
102 4752
102 4880
103 307
103 380
103 429
103 470
103 532
103 818
103 1117
103 1593
103 2548
103 3106
103 3358
103 3545
103 3769
103 3800
103 4019
103 4329
103 4963
104 111
104 114
104 116
104 141
104 158
104 175
104 222
104 236
104 278
104 300
104 395
104 427
104 438
104 464
104 482
104 526
104 578
104 585
104 604
104 671
104 708
104 735
104 968
104 1000
104 1230
104 1340
104 1396
104 1410
104 1470
104 1836
104 2214
104 2266
104 2378
104 2392
104 2640
104 2806
104 3030
104 3139
104 3787
104 3861
104 3902
104 4041
104 4108
104 4259
104 4272
104 4737
104 4746
104 4907
105 245
105 272
105 332
105 350
105 432
105 512
105 704
105 763
105 929
105 1015
105 1355
105 1695
105 1747
105 1973
105 2624
105 2700
105 3499
105 3564
105 3803
105 3864
105 4485
105 4547
105 4786
105 5000
106 127
106 290
106 418
106 489
106 553
106 582
106 643
106 778
106 782
106 891
106 1107
106 1305
106 1427
106 1431
106 1534
106 1664
106 1772
106 1854
106 1903
106 2683
106 3506
106 3596
106 4013
106 4363
106 4589
106 4614
107 215
107 419
107 426
107 587
107 1065
107 1181
107 1762
107 1929
107 2457
107 2627
107 2833
107 3264
107 3855
107 3954
107 4091
107 4496
108 288
108 298
108 377
108 388
108 399
108 403
108 428
108 464
108 589
108 611
108 709
108 712
108 904
108 1014
108 1295
108 1356
108 1414
108 1859
108 1929
108 2009
108 2360
108 2789
108 3157
108 3684
108 4159
108 4513
108 4648
109 130
109 327
109 355
109 556
109 562
109 703
109 813
109 940
109 1135
109 1209
109 1211
109 1434
109 2213
109 2693
109 3462
109 4247
109 4375
110 170
110 199
110 211
110 477
110 503
110 592
110 622
110 1063
110 1357
110 1470
110 1473
110 1524
110 2042
110 2156
110 2294
110 2560
110 3346
110 3606
110 3749
110 3842
110 3864
110 3958
110 4780
110 4988
111 232
111 238
111 270
111 357
111 422
111 473
111 524
111 545
111 546
111 616
111 619
111 741
111 779
111 816
111 823
111 830
111 837
111 1087
111 1162
111 1184
111 1199
111 1246
111 1406
111 1456
111 1880
111 1919
111 2095
111 2131
111 2169
111 2467
111 2577
111 2703
111 2728
111 3409
111 3484
111 3498
111 3557
111 3759
111 4024
111 4114
111 4260
111 4431
111 4966
112 223
112 440
112 913
112 1086
112 1205
112 1312
112 1348
112 1365
112 1775
112 2600
112 2896
112 3031
112 3056
112 3151
112 3386
112 3748
112 3772
112 3774
112 3924
112 4258
112 4629
112 4852
113 116
113 118
113 132
113 156
113 194
113 214
113 219
113 231
113 233
113 265
113 305
113 316
113 317
113 332
113 360
113 374
113 399
113 420
113 478
113 522
113 572
113 616
113 661
113 869
113 927
113 1019
113 1089
113 1148
113 1166
113 1187
113 1275
113 1405
113 1630
113 1631
113 1732
113 1733
113 1743
113 1857
113 1943
113 1985
113 1990
113 2028
113 2115
113 2402
113 2434
113 2458
113 2500
113 2610
113 2615
113 2828
113 2967
113 3018
113 3024
113 3141
113 3238
113 3376
113 3459
113 3673
113 4278
113 4438
113 4563
113 4774
113 4817
113 4919
113 4923
113 4955
113 4965
114 128
114 140
114 143
114 168
114 175
114 207
114 243
114 245
114 270
114 284
114 317
114 346
114 381
114 424
114 498
114 504
114 526
114 539
114 548
114 588
114 790
114 833
114 947
114 1016
114 1033
114 1090
114 1129
114 1133
114 1144
114 1289
114 1294
114 1296
114 1430
114 1488
114 1519
114 1796
114 1951
114 2144
114 2334
114 2647
114 2796
114 2994
114 3073
114 3077
114 3094
114 3199
114 3352
114 3598
114 4042
114 4186
114 4214
114 4307
114 4394
114 4815
114 4825
115 152
115 204
115 219
115 225
115 309
115 323
115 404
115 405
115 633
115 654
115 715
115 815
115 978
115 988
115 1064
115 1095
115 1134
115 1140
115 1451
115 1728
115 1732
115 1756
115 1784
115 1820
115 1973
115 2163
115 2312
115 2590
115 2691
115 2768
115 2797
115 2996
115 3098
115 3235
115 3351
115 3538
115 3940
115 4010
115 4093
115 4428
115 4465
115 4481
115 4495
115 4725
115 4801
115 4838
116 169
116 277
116 296
116 356
116 671
116 955
116 1264
116 1389
116 1409
116 1859
116 1911
116 2332
116 2685
116 3599
116 3645
116 3680
116 4295
117 351
117 372
117 504
117 542
117 586
117 639
117 722
117 774
117 775
117 819
117 981
117 1089
117 1095
117 1129
117 1171
117 1294
117 1336
117 1393
117 1438
117 1520
117 1798
117 2034
117 2041
117 2082
117 2183
117 2563
117 2748
117 3062
117 3923
117 4009
117 4100
117 4206
117 4414
117 4702
117 4998
118 144
118 194
118 264
118 593
118 677
118 788
118 896
118 940
118 1023
118 1494
118 1534
118 1586
118 1681
118 1805
118 1853
118 1978
118 2052
118 2100
118 2487
118 2536
118 2665
118 2727
118 3008
118 3149
118 3403
118 3813
118 4810
119 137
119 271
119 295
119 335
119 532
119 535
119 632
119 861
119 973
119 1097
119 1171
119 1211
119 1228
119 1389
119 1594
119 1705
119 1805
119 1990
119 2058
119 2059
119 2072
119 2445
119 3459
119 3609
119 3669
119 4231
119 4349
119 4472
119 4988
120 148
120 160
120 167
120 172
120 193
120 231
120 335
120 395
120 403
120 413
120 453
120 455
120 551
120 555
120 581
120 621
120 692
120 701
120 718
120 784
120 792
120 960
120 1013
120 1053
120 1132
120 1152
120 1205
120 1324
120 1370
120 1417
120 1700
120 1702
120 1752
120 1777
120 1928
120 2296
120 2363
120 2398
120 2551
120 2589
120 3008
120 3188
120 3217
120 3245
120 3371
120 3382
120 3407
120 3786
120 3907
120 4066
120 4070
120 4143
120 4279
120 4305
120 4500
120 4600
120 4617
120 4677
120 4798
121 137
121 154
121 276
121 323
121 336
121 338
121 400
121 451
121 630
121 696
121 731
121 845
121 847
121 868
121 982
121 1061
121 1096
121 1138
121 1170
121 1243
121 1557
121 1562
121 1894
121 2811
121 2949
121 3260
121 3271
121 3757
121 3845
121 3887
121 4111
121 4267
121 4503
121 4576
121 4779
122 162
122 176
122 195
122 253
122 340
122 520
122 822
122 1317
122 1359
122 1400
122 1597
122 1976
122 2015
122 2866
122 2959
122 2989
122 3564
122 4252
122 4264
123 174
123 179
123 184
123 190
123 237
123 265
123 294
123 390
123 491
123 536
123 571
123 737
123 905
123 953
123 965
123 992
123 999
123 1112
123 1114
123 1180
123 1228
123 1238
123 1409
123 1503
123 1511
123 1515
123 1756
123 1851
123 2155
123 2219
123 2287
123 2312
123 2469
123 2577
123 2605
123 2660
123 2747
123 2892
123 2915
123 3040
123 3077
123 3208
123 3244
123 3289
123 3296
123 3450
123 3495
123 3505
123 3632
123 3908
123 4057
123 4098
123 4106
123 4290
123 4335
123 4340
123 4555
123 4664
123 4723
123 4866
124 142
124 143
124 241
124 291
124 293
124 294
124 312
124 333
124 412
124 455
124 482
124 541
124 549
124 634
124 647
124 766
124 827
124 987
124 988
124 1111
124 1292
124 1334
124 1363
124 1455
124 1581
124 1587
124 1684
124 1761
124 1965
124 2287
124 2368
124 2491
124 2547
124 2634
124 2718
124 2884
124 3079
124 3373
124 3398
124 3399
124 3875
124 4134
124 4259
124 4534
124 4559
124 4656
124 4788
124 4823
125 152
125 314
125 864
125 1136
125 1220
125 1398
125 1493
125 2189
125 2978
126 218
126 335
126 394
126 536
126 703
126 945
126 1107
126 1260
126 1278
126 1580
126 1779
126 1781
126 1784
126 2089
126 2157
126 2406
126 3083
126 3174
126 3205
126 3434
126 3907
126 4567
127 145
127 226
127 263
127 302
127 456
127 607
127 706
127 849
127 932
127 1545
127 1612
127 1645
127 1703
127 1720
127 1818
127 1940
127 2103
127 2227
127 2273
127 2697
127 3709
127 3717
127 4651
127 4707
127 4810
127 4824
127 4942
128 170
128 251
128 309
128 353
128 640
128 674
128 1199
128 1416
128 1459
128 1540
128 1683
128 1772
128 1858
128 2148
128 2279
128 3045
128 3206
128 3461
128 3904
128 4177
129 144
129 161
129 230
129 235
129 351
129 516
129 647
129 692
129 698
129 719
129 1385
129 1553
129 1804
129 1834
129 2679
129 2818
129 2836
129 3132
129 3763
130 159
130 242
130 261
130 277
130 425
130 487
130 516
130 517
130 775
130 1065
130 1105
130 1171
130 1336
130 1493
130 1949
130 2250
130 2441
130 2501
130 2603
130 2637
130 3009
130 3538
130 3592
130 3967
130 4256
130 4331
130 4501
130 4684
130 4730
130 4828
130 4950
131 164
131 204
131 356
131 386
131 481
131 556
131 574
131 622
131 717
131 1172
131 1209
131 1335
131 1403
131 1798
131 1971
131 2144
131 2525
131 2836
131 2874
131 3091
131 3275
131 3300
131 3726
131 4215
131 4353
131 4880
131 4983
132 134
132 250
132 288
132 460
132 534
132 879
132 1869
132 2046
132 2586
132 3244
132 3951
132 4596
132 4918
133 254
133 298
133 314
133 359
133 418
133 650
133 803
133 806
133 840
133 1251
133 1541
133 1574
133 1703
133 1788
133 2367
133 2399
133 2535
133 2542
133 2545
133 2578
133 2871
133 2970
133 3171
133 3238
133 3353
133 3441
133 3540
133 3698
133 4460
134 3117
134 3627
134 4250
134 4434
135 140
135 149
135 160
135 298
135 565
135 677
135 747
135 1851
135 2074
135 2572
135 3611
135 4902
136 195
136 200
136 217
136 345
136 588
136 691
136 703
136 916
136 1183
136 1186
136 1264
136 1383
136 2004
136 2087
136 2374
136 2430
136 2635
136 2788
136 3580
136 3762
137 169
137 205
137 225
137 235
137 249
137 439
137 468
137 514
137 532
137 696
137 782
137 852
137 1331
137 1758
137 1810
137 1887
137 2341
137 2520
137 2604
137 2768
137 2818
137 2819
137 2880
137 2894
137 3132
137 3398
137 3953
137 4282
137 4323
137 4430
137 4460
137 4945
138 162
138 212
138 280
138 539
138 716
138 827
138 868
138 1574
138 2099
138 2340
138 2875
138 2964
138 3341
138 3525
138 3601
139 142
139 157
139 219
139 247
139 305
139 311
139 630
139 816
139 1239
139 1670
139 1815
139 2976
139 4123
139 4424
140 267
140 285
140 486
140 684
140 970
140 1036
140 1167
140 2057
140 2325
140 2436
140 2938
140 3226
140 3287
140 3642
140 3749
140 4069
140 4512
140 4547
141 172
141 243
141 343
141 394
141 400
141 448
141 492
141 551
141 634
141 733
141 756
141 765
141 769
141 829
141 856
141 866
141 909
141 923
141 986
141 1010
141 1087
141 1120
141 1153
141 1661
141 1729
141 1786
141 1916
141 2019
141 2225
141 2511
141 2722
141 3267
141 3415
141 4095
141 4227
141 4569
141 4656
142 162
142 195
142 295
142 440
142 469
142 494
142 529
142 620
142 682
142 918
142 1038
142 1076
142 1729
142 1737
142 1771
142 1961
142 2078
142 2232
142 2413
142 2623
142 2952
142 3052
142 3083
142 3364
142 3713
142 3929
142 4034
142 4039
142 4056
142 4230
142 4397
142 4571
143 236
143 485
143 764
143 1573
143 1580
143 1911
143 2184
143 2349
143 2975
143 3461
143 4067
143 4231
143 4321
144 238
144 260
144 345
144 350
144 395
144 406
144 432
144 448
144 455
144 485
144 553
144 559
144 591
144 721
144 740
144 752
144 801
144 843
144 848
144 916
144 1007
144 1054
144 1106
144 1679
144 1684
144 1730
144 1817
144 1870
144 1996
144 2033
144 2168
144 2642
144 2949
144 3068
144 3349
144 3373
144 3435
144 3607
144 3623
144 3742
144 3800
144 4072
144 4428
144 4491
144 4532
144 4664
145 458
145 609
145 633
145 771
145 824
145 1110
145 1272
145 2734
145 2992
145 3251
145 3549
145 3894
145 4244
145 4633
146 224
146 457
146 576
146 739
146 1755
146 2019
146 3690
147 436
147 462
147 525
147 1154
147 1202
147 1342
147 1602
147 1682
147 1767
147 2132
147 2376
147 2564
147 2840
147 2982
147 3192
147 3834
147 3892
147 3992
147 4096
147 4336
148 165
148 354
148 478
148 508
148 537
148 929
148 976
148 1030
148 1060
148 1111
148 1576
148 1591
148 1643
148 1977
148 2198
148 2318
148 2744
148 2882
148 2938
148 3233
148 3287
148 3316
148 4971
149 161
149 317
149 465
149 676
149 762
149 879
149 1293
149 1548
149 1800
149 2138
149 2465
149 2852
149 3153
149 3440
149 3861
149 4610
149 4996
150 156
150 394
150 583
150 1337
150 1445
150 1544
150 2182
150 2313
150 2954
150 3228
150 3294
150 3531
150 3668
150 4547
150 4601
150 4638
150 4945
151 163
151 386
151 415
151 654
151 687
151 746
151 803
151 1001
151 1122
151 1271
151 1789
151 1822
151 1856
151 2149
151 3013
151 3281
151 3547
151 3739
151 3848
151 4028
151 4101
151 4407
151 4469
151 4772
152 209
152 348
152 477
152 492
152 542
152 655
152 723
152 747
152 904
152 943
152 1010
152 1035
152 1249
152 2143
152 2234
152 2264
152 2293
152 2417
152 2436
152 2728
152 2793
152 3084
152 3116
152 3544
152 3731
152 3841
152 3860
152 4093
152 4146
152 4316
152 4537
152 4570
152 4906
153 333
153 361
153 391
153 456
153 466
153 651
153 807
153 915
153 967
153 1059
153 1083
153 1163
153 1452
153 1678
153 1746
153 1747
153 2070
153 2095
153 2376
153 2637
153 3240
153 3447
153 3467
153 4110
153 4182
153 4420
153 4740
153 4836
153 4868
154 165
154 183
154 198
154 453
154 575
154 763
154 785
154 1012
154 1027
154 1141
154 1826
154 2215
154 2575
154 2586
154 3209
154 3518
154 3529
154 3647
154 3830
154 3877
154 3946
154 4388
154 4492
154 4659
154 4701
155 231
155 295
155 569
155 702
155 707
155 791
155 869
155 1047
155 1255
155 1718
155 1813
155 2030
155 4235
155 4306
156 426
156 435
156 593
156 793
156 1432
156 1507
156 1568
156 1622
156 1938
156 2962
156 3589
156 4766
156 4873
157 171
157 272
157 282
157 307
157 547
157 639
157 657
157 685
157 770
157 801
157 821
157 899
157 913
157 1081
157 1121
157 1171
157 1291
157 1304
157 1334
157 1460
157 1596
157 1699
157 1798
157 1842
157 1869
157 2089
157 2410
157 2465
157 2829
157 2893
157 2969
157 3251
157 3389
157 3921
157 3934
157 4010
157 4081
157 4282
157 4890
157 4892
158 312
158 490
158 568
158 656
158 979
158 1183
158 1222
158 1283
158 1641
158 1809
158 2698
158 2784
158 3116
158 3965
158 4709
159 303
159 438
159 583
159 714
159 1124
159 1148
159 1151
159 1274
159 1343
159 1379
159 1407
159 1528
159 1549
159 1570
159 1678
159 2117
159 2308
159 2550
159 2852
159 3282
159 3285
159 3758
159 3939
159 4006
159 4151
159 4301
159 4364
159 4613
159 4640
159 4658
159 4936
160 283
160 460
160 664
160 685
160 763
160 790
160 855
160 880
160 1168
160 1448
160 2078
160 2142
160 2193
160 2236
160 2636
160 2978
160 3240
160 3280
160 3556
160 4123
160 4242
161 239
161 241
161 453
161 560
161 734
161 748
161 892
161 1163
161 1362
161 1438
161 3263
161 3337
161 3549
161 4049
161 4440
161 4542
162 166
162 192
162 215
162 417
162 508
162 602
162 657
162 672
162 784
162 911
162 942
162 1649
162 1680
162 1792
162 1886
162 2029
162 2184
162 2314
162 2380
162 2559
162 2576
162 2711
162 2727
162 3152
162 3531
162 3567
162 3816
162 3917
162 3967
162 4518
162 4561
162 4722
162 4808
162 4827
162 4875
162 4905
163 219
163 396
163 422
163 463
163 477
163 536
163 605
163 1176
163 1545
163 1594
163 1765
163 1768
163 2256
163 2363
163 2481
163 3089
163 3546
163 3729
163 3997
163 4196
163 4474
163 4724
163 4862
164 224
164 417
164 524
164 534
164 608
164 1105
164 1281
164 1452
164 1481
164 1495
164 2388
164 2505
164 2526
164 3512
164 3739
165 261
165 279
165 397
165 447
165 559
165 577
165 670
165 721
165 744
165 783
165 1493
165 1579
165 1685
165 1940
165 2288
165 2405
165 2620
165 2691
165 2781
165 2868
165 2999
165 3311
165 3330
165 3425
165 3771
165 3820
165 4077
165 4614
165 4631
165 4843
165 4923
165 4925
166 177
166 208
166 244
166 269
166 340
166 379
166 388
166 396
166 483
166 550
166 822
166 844
166 930
166 932
166 983
166 1308
166 1333
166 1697
166 1698
166 1878
166 1898
166 2042
166 2347
166 2409
166 3112
166 3238
166 3611
166 3784
166 3959
166 4355
166 4397
166 4404
167 266
167 316
167 586
167 645
167 760
167 770
167 895
167 965
167 1279
167 1282
167 1429
167 1697
167 1830
167 1862
167 2174
167 2274
167 2348
167 2520
167 2835
167 3300
167 3307
167 3401
167 3450
167 3485
167 3585
167 3773
167 3794
167 4095
167 4175
167 4232
167 4247
167 4313
167 4408
167 4747
167 4775
167 4784
167 4863
167 4871
167 4964
168 169
168 205
168 356
168 1082
168 1784
168 1908
168 2123
168 2303
168 3587
168 3745
168 4813
169 227
169 303
169 344
169 668
169 969
169 1258
169 1424
169 1985
169 2019
169 2089
169 2151
169 2222
169 2256
169 2406
169 2715
169 3144
169 3603
169 3831
169 3886
169 3947
169 4018
169 4720
170 252
170 493
170 601
170 683
170 721
170 868
170 991
170 1049
170 1084
170 1132
170 1238
170 1795
170 2256
170 2276
170 2295
170 2311
170 2841
170 2976
170 3217
170 3869
170 4103
170 4144
170 4640
171 203
171 268
171 334
171 463
171 552
171 1141
171 1576
171 1877
171 1953
171 3380
171 3676
172 175
172 207
172 321
172 330
172 371
172 393
172 423
172 554
172 596
172 777
172 852
172 1219
172 1261
172 1346
172 1415
172 1419
172 1665
172 1722
172 2086
172 3029
172 3036
172 3487
172 3948
172 4265
172 4733
173 227
173 251
173 413
173 419
173 420
173 428
173 638
173 641
173 704
173 754
173 785
173 798
173 936
173 961
173 976
173 1004
173 1022
173 1225
173 1397
173 1426
173 1572
173 1608
173 1728
173 1825
173 1892
173 1919
173 2005
173 2069
173 2085
173 2103
173 2165
173 2214
173 2732
173 2770
173 2837
173 2850
173 2912
173 2981
173 3068
173 3124
173 3347
173 3445
173 3803
173 3976
173 4200
173 4248
173 4260
173 4318
173 4528
173 4577
173 4593
174 188
174 248
174 382
174 576
174 708
174 1051
174 1351
174 1487
174 1643
174 1901
174 2459
174 2592
174 2820
174 3497
174 3534
174 3721
174 3746
174 3947
174 4036
174 4477
174 4581
174 4853
174 4982
175 204
175 240
175 487
175 730
175 920
175 952
175 1016
175 1096
175 1347
175 2109
175 2421
175 3285
175 3475
175 3519
175 3520
175 3790
175 3846
175 4048
175 4204
175 4668
176 206
176 260
176 264
176 319
176 358
176 460
176 719
176 1028
176 1069
176 1155
176 1253
176 1529
176 1560
176 1805
176 2113
176 2238
176 2655
176 2808
176 2858
176 3023
176 3353
176 3622
176 3730
176 3785
176 3910
176 3978
176 4092
176 4545
176 4774
176 4950
177 201
177 215
177 310
177 400
177 488
177 710
177 782
177 859
177 1054
177 1233
177 1397
177 1503
177 1527
177 1697
177 1832
177 1909
177 2085
177 2149
177 2163
177 2932
177 3048
177 3486
177 3903
177 3992
177 4548
177 4693
178 470
178 576
178 740
178 914
178 926
178 1018
178 1672
178 1948
178 2621
178 3551
178 3734
178 4244
178 4887
179 315
179 348
179 574
179 626
179 1173
179 1262
179 1307
179 1398
179 1402
179 1882
179 1892
179 2298
179 2869
179 3156
179 3213
179 3583
179 3919
179 4001
179 4099
179 4109
179 4236
179 4395
179 4964
180 244
180 574
180 825
180 872
180 961
180 1421
180 1647
180 2774
180 2777
180 3159
180 3898
180 4367
180 4402
180 4986
181 191
181 250
181 252
181 336
181 524
181 989
181 1141
181 1359
181 1553
181 1801
181 2545
181 2769
181 4513
181 4658
181 4883
182 228
182 248
182 468
182 567
182 570
182 752
182 1084
182 1161
182 1319
182 1674
182 1825
182 1846
182 1949
182 2293
182 3290
182 3482
182 3492
182 3560
182 3857
182 3886
182 4092
182 4334
183 190
183 202
183 213
183 225
183 301
183 323
183 381
183 551
183 573
183 576
183 788
183 952
183 994
183 1033
183 1044
183 1112
183 1186
183 1597
183 1621
183 1764
183 1823
183 1933
183 2573
183 2649
183 2671
183 2743
183 2874
183 2905
183 2911
183 3182
183 3185
183 3795
183 4154
183 4599
183 4728
184 189
184 247
184 301
184 361
184 374
184 462
184 517
184 564
184 839
184 938
184 1035
184 1058
184 1069
184 1104
184 1229
184 1249
184 1259
184 1571
184 1937
184 2278
184 2317
184 2444
184 2628
184 3030
184 3037
184 3342
184 3567
184 3743
184 3800
184 3862
184 4054
184 4117
184 4133
184 4160
184 4262
184 4695
184 4847
186 259
186 472
186 488
186 528
186 601
186 714
186 728
186 989
186 1512
186 1514
186 1575
186 1792
186 1829
186 2380
186 2721
186 2760
186 2960
186 3893
186 4944
187 413
187 437
187 908
187 975
187 1090
187 1091
187 1623
187 4689
188 199
188 251
188 283
188 578
188 892
188 1064
188 1652
188 1983
188 2327
188 2391
188 2567
188 4062
188 4635
188 4967
188 4968
189 206
189 270
189 281
189 300
189 406
189 565
189 656
189 745
189 955
189 1113
189 1141
189 1194
189 2061
189 2555
189 2699
189 2883
189 3677
189 4245
189 4491
189 4510
189 4858
190 221
190 566
190 807
190 864
190 894
190 930
190 980
190 1268
190 1272
190 1281
190 1302
190 1375
190 2014
190 2307
190 2323
190 2343
190 2403
190 2830
190 2852
190 2965
190 3435
191 281
191 295
191 306
191 343
191 562
191 901
191 1257
191 1324
191 1783
191 2000
191 2032
191 2055
191 2585
191 2766
191 3091
191 3288
191 4241
191 4370
192 202
192 220
192 241
192 262
192 362
192 384
192 434
192 454
192 471
192 520
192 612
192 645
192 796
192 800
192 816
192 1002
192 1111
192 1165
192 1222
192 1268
192 1271
192 1321
192 1327
192 1354
192 1484
192 1542
192 1606
192 1692
192 1713
192 1748
192 1804
192 1875
192 2071
192 2127
192 2241
192 2447
192 2524
192 2564
192 2690
192 2823
192 2972
192 3078
192 3277
192 3385
192 3575
192 3871
192 3992
192 4039
192 4044
192 4570
192 4996
193 538
193 759
193 1100
193 1442
193 1781
193 2144
193 2161
193 2225
193 2592
193 3228
193 3987
193 4623
193 4643
193 4677
193 4682
194 290
194 365
194 626
194 841
194 860
194 1098
194 1338
194 1436
194 2389
194 2414
194 2512
194 3360
194 3967
194 4043
194 4760
194 4851
195 240
195 268
195 432
195 509
195 766
195 789
195 965
195 1038
195 1416
195 1459
195 1949
195 1976
195 2076
195 2122
195 2132
195 2276
195 2403
195 2493
195 2546
195 2986
195 3248
195 3357
195 4080
195 4305
195 4481
196 428
196 804
196 898
196 900
196 1367
196 1377
196 1542
196 1566
196 1616
196 2413
196 3233
196 3724
196 4193
196 4407
196 4541
196 4821
196 4881
197 267
197 316
197 334
197 495
197 528
197 735
197 922
197 1425
197 2453
197 3024
197 4078
197 4410
198 204
198 341
198 391
198 592
198 675
198 798
198 806
198 1380
198 1693
198 1710
198 2070
198 2169
198 2907
198 3610
198 3819
198 4182
198 4436
198 4882
198 4929
199 252
199 339
199 391
199 446
199 626
199 691
199 808
199 942
199 963
199 1015
199 1022
199 1085
199 1404
199 1695
199 1724
199 1782
199 1914
199 1958
199 2350
199 2362
199 2412
199 3010
199 3368
200 255
200 289
200 291
200 302
200 373
200 431
200 536
200 653
200 907
200 1165
200 1702
200 1778
200 1965
200 2172
200 2884
200 3844
200 3885
200 3896
200 4073
200 4090
200 4096
200 4197
200 4227
200 4545
201 210
201 401
201 430
201 515
201 516
201 722
201 809
201 1133
201 1246
201 1260
201 1685
201 2023
201 2186
201 2286
201 2831
201 3830
201 3951
201 3961
202 235
202 241
202 311
202 435
202 450
202 552
202 587
202 648
202 762
202 835
202 838
202 959
202 1121
202 1287
202 1480
202 1504
202 1582
202 1675
202 1759
202 1829
202 2120
202 2150
202 2794
202 2801
202 2875
202 2937
202 2948
202 2949
202 2956
202 3077
202 3087
202 3172
202 3191
202 3447
202 3512
202 3562
202 3582
202 3853
202 3921
202 4144
202 4180
202 4212
202 4346
202 4511
202 4571
202 4650
202 4725
202 4879
202 4927
203 571
203 631
203 764
203 845
203 998
203 1158
203 1400
203 1430
203 1435
203 1687
203 1780
203 2306
203 2398
203 2804
203 3040
203 3042
203 3890
203 3948
203 3976
203 4083
203 4943
204 215
204 306
204 441
204 492
204 501
204 530
204 563
204 638
204 664
204 764
204 788
204 808
204 998
204 1285
204 1341
204 1381
204 1391
204 1538
204 1670
204 1935
204 2079
204 2364
204 2539
204 2552
204 2805
204 2858
204 3172
204 3433
204 3493
204 3674
204 3707
204 3791
204 3830
204 4131
204 4198
204 4690
204 4777
204 4938
205 208
205 213
205 416
205 545
205 578
205 581
205 596
205 1158
205 1371
205 1445
205 1483
205 1745
205 1947
205 1976
205 2106
205 2147
205 2171
205 2255
205 2368
205 2690
205 2750
205 3059
205 3081
205 3261
205 3263
205 4346
205 4456
205 4627
205 4687
205 4925
206 220
206 343
206 382
206 747
206 935
206 1341
206 1470
206 1697
206 1714
206 2028
206 2638
206 3547
206 3640
206 3685
206 3990
206 4054
206 4216
206 4430
206 4794
206 4980
207 230
207 245
207 318
207 319
207 338
207 364
207 472
207 475
207 560
207 678
207 700
207 709
207 727
207 737
207 754
207 875
207 1785
207 1857
207 1907
207 2084
207 2419
207 2446
207 2534
207 2691
207 2802
207 2814
207 2832
207 3378
207 3546
207 3664
207 3703
207 3838
207 4316
207 4391
207 4976
208 272
208 1503
208 2303
208 3032
208 4112
208 4168
208 4921
209 226
209 230
209 276
209 311
209 426
209 513
209 615
209 618
209 660
209 673
209 886
209 1262
209 1270
209 1310
209 1420
209 1652
209 1655
209 1714
209 1988
209 2091
209 2472
209 2655
209 2704
209 2927
209 2939
209 3136
209 3251
209 3274
209 3338
209 3371
209 4573
209 4816
209 4844
209 4849
209 4854
210 236
210 270
210 273
210 329
210 373
210 406
210 748
210 977
210 1026
210 1148
210 1172
210 1578
210 1948
210 1984
210 2437
210 2568
210 3074
210 3293
210 3405
210 3610
210 3798
210 3879
210 4093
210 4105
210 4134
211 288
211 438
211 635
211 859
211 1362
211 1976
211 2238
211 2759
211 2809
211 2908
211 3004
211 3994
211 4026
211 4097
211 4246
211 4523
211 4925
212 264
212 289
212 298
212 488
212 549
212 757
212 801
212 1028
212 1149
212 1301
212 1339
212 1420
212 1711
212 1975
212 2063
212 2581
212 2756
212 2877
212 3115
212 3346
212 3439
212 3803
212 3808
212 4202
212 4340
212 4351
212 4413
212 4511
212 4742
213 246
213 273
213 307
213 314
213 328
213 439
213 458
213 486
213 487
213 506
213 514
213 523
213 546
213 694
213 1234
213 1245
213 1280
213 1316
213 1344
213 1743
213 1848
213 2083
213 2129
213 2282
213 2337
213 2819
213 2960
213 3133
213 3146
213 3207
213 3254
213 3311
213 3577
213 3639
213 3733
213 3801
213 3951
213 4069
213 4216
213 4313
213 4554
213 4668
213 4683
214 226
214 259
214 305
214 562
214 613
214 746
214 845
214 874
214 1027
214 1044
214 1264
214 1539
214 1550
214 2618
214 2782
214 3011
214 3500
214 3725
214 3857
214 3860
214 3894
214 3964
214 4202
214 4564
215 301
215 335
215 590
215 635
215 686
215 1811
215 1852
215 2056
215 2507
215 2538
215 2723
215 2878
215 4796
216 255
216 270
216 420
216 429
216 510
216 768
216 909
216 1135
216 1209
216 1296
216 1356
216 1394
216 2773
216 3004
216 3039
216 3215
216 3359
216 3389
216 3486
216 3935
216 4428
217 328
217 364
217 369
217 454
217 501
217 506
217 544
217 708
217 730
217 744
217 958
217 1104
217 1154
217 1564
217 1898
217 2102
217 2199
217 2300
217 2390
217 2596
217 2739
217 2811
217 2964
217 4678
218 304
218 339
218 599
218 657
218 715
218 800
218 916
218 1279
218 1286
218 1333
218 1472
218 1567
218 1608
218 2089
218 2195
218 2455
218 2479
218 2537
218 3035
218 3198
218 3645
218 3835
218 4014
218 4291
218 4640
218 4807
219 238
219 239
219 269
219 274
219 352
219 390
219 470
219 502
219 555
219 572
219 691
219 719
219 755
219 1122
219 1173
219 1295
219 1388
219 1450
219 1631
219 1890
219 1934
219 2175
219 2295
219 2377
219 2677
219 2688
219 3082
219 3178
219 3458
219 3551
219 3657
219 3726
219 3878
219 4000
219 4332
219 4786
219 4794
219 4911
219 4937
220 327
220 385
220 471
220 490
220 594
220 620
220 695
220 736
220 790
220 1054
220 1108
220 1135
220 1192
220 1273
220 1338
220 1401
220 1520
220 1660
220 1718
220 1990
220 2030
220 2243
220 2346
220 2795
220 2931
220 2952
220 3086
220 3536
220 3605
220 3968
220 4421
220 4563
220 4634
220 4872
221 320
221 327
221 443
221 519
221 620
221 724
221 1241
221 1292
221 1317
221 1369
221 1668
221 1735
221 1977
221 2317
221 2569
221 2692
221 2710
221 2720
221 2825
221 3225
221 3517
221 3840
221 4455
221 4516
221 4896
222 275
222 306
222 383
222 508
222 732
222 745
222 906
222 1053
222 1062
222 1131
222 1185
222 1217
222 1309
222 2242
222 2407
222 3700
223 921
223 1026
223 1194
223 1915
223 1936
223 2308
223 2922
223 3362
223 3771
223 3857
223 4560
223 4908
224 255
224 333
224 574
224 618
224 1592
224 3709
224 4209
224 4213
225 1048
225 1615
225 1639
225 1824
225 3583
225 4559
225 4788
226 300
226 319
226 995
226 4082
227 340
227 538
227 755
227 832
227 1268
227 1327
227 1573
227 2059
227 2350
227 2373
227 2386
227 2435
227 2451
227 3001
227 3201
227 3660
227 3941
227 4161
227 4864
228 230
228 289
228 425
228 442
228 517
228 535
228 790
228 873
228 1113
228 2168
228 2191
228 2607
228 2840
229 1429
229 1713
229 2288
229 3852
230 315
230 574
230 802
230 824
230 894
230 1116
230 1735
230 1779
230 1951
230 2030
230 2143
230 2205
230 2219
230 2301
230 2462
230 2596
230 2792
230 2951
230 3288
230 3417
230 3855
230 3968
230 4031
230 4063
231 585
231 916
231 1145
231 2340
231 2431
231 3454
231 4493
232 495
232 543
232 668
232 911
232 1087
232 1157
232 1331
232 1638
232 1762
232 1943
232 2035
232 2062
232 2560
232 3372
232 3689
232 3794
232 4005
233 345
233 358
233 361
233 606
233 975
233 1046
233 1212
233 1230
233 1433
233 1556
233 2048
233 2124
233 2293
233 2767
233 2905
233 3089
233 3458
233 3537
233 3935
233 4296
233 4709
234 325
234 563
234 699
234 729
234 787
234 1291
234 1473
234 1858
234 2140
234 2479
234 2624
234 3341
234 4107
234 4332
234 4346
234 4398
234 4548
234 4553
235 446
235 465
235 810
235 917
235 1048
235 1082
235 1148
235 1333
235 1671
235 2862
235 4011
236 320
236 490
236 515
236 529
236 674
236 681
236 1207
236 1255
236 1450
236 1472
236 1481
236 1506
236 2133
236 2451
236 2940
236 2992
236 3082
236 3121
236 3330
236 3581
236 3807
236 4088
236 4274
236 4736
236 4817
237 780
237 1026
237 2221
237 4847
238 597
238 1120
238 1400
238 1484
238 2352
238 3039
238 3904
238 4316
239 336
239 617
239 986
239 2197
239 2539
239 2795
239 2928
240 445
240 479
240 483
240 499
240 549
240 594
240 631
240 690
240 815
240 1019
240 1204
240 1235
240 1376
240 1482
240 1554
240 1564
240 1585
240 1629
240 1682
240 1723
240 1744
240 1750
240 1925
240 2022
240 2146
240 2675
240 2716
240 2917
240 2955
240 3035
240 3064
240 3127
240 3234
240 3272
240 3362
240 3508
240 3509
240 3616
240 3687
240 3804
240 3833
240 4148
240 4168
240 4492
240 4529
240 4632
240 4886
240 4923
240 4945
241 446
241 527
241 641
241 1146
241 2801
241 3694
241 4044
241 4214
241 4691
241 4712
241 4747
241 4785
242 302
242 384
242 440
242 482
242 533
242 539
242 565
242 602
242 624
242 813
242 1137
242 1232
242 1408
242 1524
242 2224
242 2291
242 2384
242 2430
242 2658
242 2864
242 2895
242 3128
242 3661
242 3814
242 3954
242 4240
242 4451
242 4546
242 4674
242 4986
243 292
243 375
243 513
243 646
243 710
243 849
243 917
243 1052
243 1194
243 1376
243 1385
243 2082
243 2152
243 2660
243 2731
243 2901
243 3217
243 4730
243 4778
244 491
244 2021
244 2615
244 3427
244 3723
244 4098
245 310
245 535
245 673
245 910
245 1009
245 1148
245 1575
245 1658
245 1665
245 1740
245 1789
245 1964
245 2190
245 2194
245 2202
245 2393
245 2565
245 2667
245 2937
245 3044
245 3261
245 3318
245 3757
245 3815
245 4339
245 4905
246 267
246 1414
246 2011
246 2810
246 2966
246 3134
246 3365
246 4570
247 331
247 407
247 610
247 767
247 1055
247 1105
247 1139
247 1310
247 1580
247 1587
247 1617
247 2032
247 2080
247 2135
247 2338
247 2522
247 2839
247 2955
247 4175
247 4221
247 4255
247 4440
248 1006
248 1388
248 1474
248 2416
248 3066
248 3326
248 3845
248 4865
248 4974
249 250
249 397
249 459
249 502
249 520
249 584
249 645
249 653
249 716
249 963
249 1124
249 1192
249 1222
249 1349
249 1959
249 1988
249 2283
249 2861
249 2891
249 2954
249 3072
249 3268
249 3454
249 3518
249 4318
249 4789
249 4952
250 897
250 1100
250 1524
250 1717
250 2193
250 2607
250 3173
250 4595
251 580
251 595
251 826
251 877
251 883
251 943
251 1005
251 1405
251 1908
251 2001
251 2133
251 2991
251 3058
251 3432
251 3551
251 3985
252 362
252 690
252 837
252 1072
252 1225
252 1487
252 1791
252 2252
252 2381
252 2497
252 2499
252 2593
252 2719
252 3215
252 3530
252 4652
253 530
253 592
253 896
253 933
253 1198
253 1310
253 1412
253 1703
253 1780
253 2673
253 2911
253 3167
253 3239
253 3751
253 4459
253 4553
253 4991
254 329
254 589
254 606
254 675
254 700
254 733
254 825
254 849
254 937
254 1110
254 1470
254 1744
254 2299
254 2861
254 3199
254 3430
254 3687
254 4053
254 4084
255 276
255 293
255 312
255 944
255 1498
255 2689
255 3414
255 3674
255 3885
255 4158
255 4225
255 4535
255 4621
255 4935
256 277
256 527
256 569
256 648
256 716
256 717
256 756
256 1110
256 1419
256 1646
256 1692
256 1737
256 2669
256 2767
256 3112
256 3351
256 3369
256 3397
256 3639
256 4105
256 4262
256 4940
257 568
257 569
257 619
257 773
257 1508
257 1677
257 1979
257 2378
257 2439
257 2636
257 2661
257 2664
257 3002
257 4499
257 4793
258 297
258 351
258 402
258 563
258 625
258 698
258 754
258 891
258 1029
258 1149
258 1188
258 1337
258 1635
258 1715
258 2233
258 2277
258 2289
258 3544
258 3655
258 3731
258 3895
258 4141
258 4211
258 4401
259 1071
259 1550
259 1730
259 1805
259 3279
259 3752
259 3883
259 4677
260 470
260 962
260 1896
260 1952
260 2996
260 3888
260 3920
261 336
261 346
261 380
261 433
261 633
261 966
261 1235
261 1242
261 1326
261 1414
261 1558
261 2152
261 2170
261 2661
261 3154
261 3988
261 4230
262 273
262 322
262 392
262 895
262 1144
262 3078
262 3243
262 3710
262 3767
262 3924
263 391
263 671
263 853
263 1292
263 1373
263 1398
263 1625
263 1770
263 1913
264 466
264 713
264 841
264 843
264 1174
264 1198
264 1260
264 1471
264 1492
264 1625
264 1695
264 1867
264 1912
264 1916
264 2514
264 3390
265 378
265 550
265 722
265 1018
265 1106
265 1150
265 1515
265 2841
265 4147
265 4550
266 398
266 553
266 560
266 796
266 948
266 1012
266 1206
266 1328
266 1341
266 1382
266 1423
266 1624
266 1967
266 1982
266 2022
266 2051
266 2237
266 2863
266 2944
266 3171
266 3634
266 3653
266 3723
266 3900
266 4111
266 4236
266 4333
266 4460
266 4489
266 4652
267 524
267 554
267 564
267 773
267 1231
267 1356
267 1420
267 2254
267 2269
267 2423
267 2763
267 2868
267 3947
267 4450
268 280
268 385
268 437
268 742
268 750
268 793
268 1070
268 1076
268 1183
268 1461
268 1916
268 1982
268 2126
268 2186
268 2192
268 2212
268 2361
268 2889
268 3039
268 3132
268 3653
268 3949
268 4193
268 4278
268 4385
268 4861
268 4892
269 726
269 1147
269 1476
269 2011
269 2182
269 2775
269 3255
269 3934
269 4455
269 4686
270 289
270 308
270 403
270 439
270 472
270 522
270 676
270 720
270 723
270 755
270 889
270 1039
270 1144
270 1161
270 1239
270 1260
270 1270
270 1406
270 1516
270 1641
270 1799
270 1999
270 2153
270 2214
270 2318
270 2370
270 2376
270 2480
270 2570
270 2596
270 2612
270 2857
270 3044
270 3090
270 3129
270 3253
270 3310
270 3368
270 3975
271 294
271 627
271 1186
271 1206
271 1561
271 1682
271 1779
271 1964
271 2129
271 2341
271 2468
271 3411
271 3459
271 4379
272 300
272 421
272 449
272 462
272 464
272 471
272 495
272 591
272 692
272 694
272 856
272 1066
272 1080
272 1103
272 1114
272 1181
272 1598
272 1705
272 1907
272 1934
272 2042
272 2433
272 2819
272 3345
272 3705
272 4398
272 4487
272 4980
273 1038
273 1039
273 1276
273 1282
273 1417
273 1665
273 1900
273 1972
273 1992
273 2942
273 3258
273 3276
273 3395
273 3456
273 4145
273 4192
274 594
274 843
274 1230
274 2018
274 2918
274 3149
274 4925
275 318
275 342
275 364
275 409
275 440
275 481
275 608
275 615
275 621
275 825
275 835
275 842
275 1119
275 1187
275 1330
275 1489
275 1747
275 1748
275 2048
275 2118
275 2155
275 2235
275 2702
275 2779
275 3116
275 3485
275 3690
275 3799
275 4301
275 4994
276 886
276 1089
276 1557
276 1847
276 1913
276 1973
276 2083
276 2760
276 2809
276 2829
276 3158
276 3184
276 3426
276 3475
276 3544
276 3806
277 306
277 312
277 316
277 488
277 497
277 550
277 773
277 804
277 964
277 1240
277 1256
277 1305
277 1375
277 1497
277 1539
277 1552
277 1607
277 2028
277 2038
277 2117
277 2279
277 2395
277 2540
277 2572
277 2687
277 3207
277 4874
278 297
278 329
278 382
278 452
278 669
278 1092
278 1192
278 1698
278 2111
278 2510
278 3380
278 3586
278 4216
278 4822
279 1056
279 2277
279 2824
279 4309
280 320
280 366
280 377
280 482
280 1056
280 1075
280 1328
280 1404
280 1640
280 1896
280 2129
280 2458
280 2472
280 3120
280 3309
280 3735
280 3790
281 479
281 797
281 2126
281 3363
281 4047
281 4362
282 324
282 338
282 372
282 547
282 581
282 621
282 627
282 691
282 831
282 869
282 1068
282 1796
282 1818
282 2331
282 2382
282 3190
282 3385
282 3635
282 3754
282 3770
282 3849
282 4044
282 4176
282 4272
282 4614
282 4808
283 399
283 511
283 519
283 981
283 1158
283 1509
283 1908
283 2298
283 2650
283 2679
283 2972
283 3189
283 3343
283 3558
283 4017
283 4097
284 805
284 954
284 968
284 979
284 997
284 1102
284 1350
284 1462
284 1492
284 1626
284 1651
284 2177
284 2614
284 3300
284 3375
284 3691
284 3712
284 4075
284 4100
284 4184
284 4229
284 4353
284 4480
285 384
285 630
285 829
285 964
285 1639
285 1850
285 1899
285 2752
285 3125
285 3357
285 3741
285 3780
285 3950
285 4694
286 352
286 1074
286 1425
286 1865
286 2142
286 2159
286 2678
286 2959
286 3284
286 4240
286 4349
286 4488
286 4877
287 395
287 429
287 612
287 1113
287 1210
287 1267
287 1290
287 1695
287 1815
287 1895
287 2220
287 2649
287 3029
287 3126
287 3645
287 3686
288 369
288 775
288 965
288 1210
288 1319
288 1556
288 1726
288 1920
288 2182
288 2335
288 2457
288 2790
288 2948
288 3019
288 3235
288 3294
288 4440
289 548
289 621
289 696
289 714
289 1486
289 1589
289 1771
289 1881
289 2102
289 2687
289 3006
289 3144
289 3219
289 3552
289 3635
289 4107
289 4319
289 4906
290 459
290 939
290 1854
290 3821
290 4411
290 4577
290 4989
291 367
291 424
291 601
291 667
291 678
291 874
291 1075
291 1137
291 2053
291 2266
291 2549
291 2693
291 2775
291 2855
291 3104
291 3714
291 3928
291 3945
291 4495
291 4701
292 773
292 1159
292 1194
292 2178
292 2618
292 2879
292 2943
292 3457
292 3918
292 4571
292 4943
293 340
293 365
293 628
293 2384
293 2495
294 301
294 456
294 457
294 543
294 688
294 1274
294 1475
294 1540
294 1685
294 1763
294 1986
294 2032
294 2164
294 2270
294 2587
294 2639
294 3030
294 3657
294 3686
294 4083
294 4345
294 4573
294 4772
295 540
295 566
295 1039
295 1192
295 1625
295 2532
295 2909
295 2986
295 3288
295 3489
295 4244
295 4622
296 343
296 372
296 583
296 617
296 831
296 931
296 972
296 1140
296 1736
296 1980
296 2495
296 2885
296 3046
296 3578
296 4453
297 427
297 789
297 795
297 809
297 1014
297 2274
297 2757
297 2828
297 3256
297 3501
297 3857
297 4165
297 4417
297 4776
297 4812
298 855
298 910
298 1717
298 2239
298 3975
298 4173
298 4497
299 463
299 481
299 875
299 1043
299 1112
299 1115
299 1400
299 1482
299 1514
299 1583
299 2017
299 2486
299 2571
299 2697
299 2726
299 2767
299 3009
299 3439
299 4056
299 4458
299 4474
299 4515
300 304
300 347
300 366
300 414
300 449
300 623
300 679
300 793
300 1169
300 1423
300 1792
300 2673
300 3596
300 3720
300 4300
300 4980
301 328
301 847
301 870
301 896
301 1322
301 1435
301 1513
301 2104
301 2628
301 3308
301 4058
301 4547
302 739
302 935
302 991
302 1739
302 2208
302 2211
302 2239
302 3003
302 3389
302 3836
303 392
303 679
303 1003
303 1238
303 1313
303 1696
303 1698
303 1759
303 2160
303 2212
303 2308
303 2805
303 2924
303 3057
303 4221
303 4621
303 4924
304 311
304 343
304 351
304 644
304 889
304 1038
304 1396
304 1557
304 2366
304 2613
304 2616
304 3424
304 3794
304 3899
304 4533
304 4843
305 328
305 456
305 499
305 679
305 795
305 902
305 1013
305 1070
305 1178
305 1366
305 1587
305 1599
305 1618
305 1921
305 2138
305 2582
305 3088
305 3102
305 3711
305 4129
306 502
306 1059
306 1668
306 2278
306 2934
306 4130
307 365
307 448
307 719
307 940
307 1366
307 1399
307 1429
307 1729
307 1961
307 1993
307 2141
307 2160
307 2246
307 2516
307 3005
307 3242
307 3413
307 3908
307 4010
307 4350
307 4604
307 4749
308 474
308 634
308 866
308 1133
308 1393
308 1408
308 1444
308 1554
308 2459
308 2467
308 2481
308 2483
308 3212
308 3450
308 3477
308 4278
308 4478
309 560
309 836
309 989
309 1259
309 1393
309 1731
309 1791
309 2076
309 2131
309 2442
309 2904
309 3370
309 4680
310 700
310 1111
310 1654
310 1864
310 2025
310 2351
310 2370
310 2739
310 2751
310 3627
310 3674
310 4129
310 4453
310 4668
311 377
311 608
311 712
311 939
311 1167
311 1282
311 1315
311 1319
311 1511
311 1726
311 1873
311 1938
311 2169
311 2639
311 2659
311 2838
311 3709
311 4265
312 317
312 369
312 500
312 542
312 662
312 667
312 671
312 995
312 1306
312 1657
312 1831
312 2101
312 2211
312 2499
312 2540
312 2642
312 2681
312 2907
312 3321
312 3390
312 3560
312 3824
312 4448
313 324
313 416
313 2006
313 2466
313 3055
313 3115
313 3195
313 3347
313 3571
313 3682
313 3937
313 4328
313 4344
313 4427
314 320
314 335
314 358
314 387
314 467
314 540
314 641
314 967
314 1164
314 1252
314 1440
314 1650
314 1969
314 2342
314 2670
314 3275
314 3496
314 3743
314 3803
314 4189
314 4291
314 4313
314 4477
314 4645
315 537
315 723
315 908
315 1127
315 2604
315 3601
315 3652
315 4442
316 378
316 701
316 803
316 1164
316 1309
316 2128
316 2161
316 2554
316 3626
316 4028
316 4174
316 4618
317 663
317 1052
317 2558
317 2923
317 3258
317 3455
317 3522
317 4971
318 378
318 387
318 1569
318 1683
318 1767
318 1960
318 2249
318 3293
318 3481
318 3659
318 3818
318 3939
318 4918
319 460
319 648
319 864
319 1640
319 1654
319 1841
319 2268
319 2279
319 2381
319 2443
319 2626
319 3144
319 3291
320 347
320 365
320 571
320 582
320 672
320 715
320 753
320 1374
320 1399
320 1486
320 1560
320 2134
320 2238
320 2495
320 2923
320 2945
320 3158
320 3612
320 4141
320 4881
320 4984
321 347
321 540
321 588
321 972
321 1117
321 1231
321 1472
321 1484
321 1571
321 1685
321 1743
321 1770
321 1865
321 1974
321 3150
321 3514
321 4217
321 4859
322 440
322 987
322 1066
322 1650
322 1914
322 1993
322 2099
322 2251
322 2568
322 2735
322 2788
322 3450
322 3647
322 3904
322 3928
322 4498
322 4777
323 409
323 865
323 3910
323 4005
323 4505
324 1196
324 1507
324 2087
324 3011
324 3304
324 3479
324 3901
324 3944
324 4849
325 383
325 585
325 695
325 1114
325 1632
325 1822
325 1902
325 1948
325 2122
325 2289
325 2666
325 3161
325 3164
325 3395
325 4961
326 929
326 1059
326 1150
326 1617
326 1779
326 2138
326 2289
326 3048
326 3352
326 3504
326 4703
327 398
327 988
327 1025
327 1510
327 3253
328 386
328 398
328 513
328 695
328 707
328 1002
328 1183
328 1472
328 1936
328 2227
328 2288
328 2351
328 2382
328 2529
328 2760
328 2830
328 3157
328 3208
328 3665
328 4117
328 4176
328 4437
328 4531
328 4623
328 4731
329 935
329 978
329 1026
329 1027
329 2003
329 2205
329 2478
329 3125
329 3628
329 4377
329 4542
330 349
330 400
330 523
330 664
330 687
330 716
330 772
330 783
330 787
330 1131
330 1153
330 1205
330 1371
330 1842
330 1978
330 2271
330 2314
330 2879
330 2970
330 3061
330 3225
330 3520
330 3575
330 3799
330 3852
330 4257
330 4457
330 4517
330 4632
330 4700
330 4788
330 4877
331 931
331 988
331 1244
331 1930
331 2068
331 2106
331 2353
331 2588
331 4165
331 4818
332 357
332 479
332 507
332 562
332 602
332 688
332 724
332 742
332 947
332 974
332 1014
332 1069
332 1213
332 1254
332 1339
332 1656
332 1883
332 2138
332 2194
332 2218
332 2462
332 2490
332 2603
332 3055
332 3111
332 3264
332 3280
332 3870
332 3881
332 4397
333 710
333 944
333 1024
333 3179
333 4591
334 363
334 398
334 687
334 708
334 1447
334 2403
334 2450
334 3050
334 3284
334 4672
335 351
335 702
335 899
335 974
335 1209
335 1227
335 1267
335 1639
335 1655
335 2673
335 3700
335 3923
335 4945
336 346
336 356
336 506
336 860
336 893
336 1644
336 2017
336 2209
336 2864
337 374
337 1266
337 1543
337 1881
338 348
338 383
338 520
338 592
338 603
338 902
338 1195
338 1219
338 1334
338 1529
338 1783
338 2450
338 2498
338 2780
338 2972
338 3805
338 4097
338 4957
339 1221
339 3110
339 3306
339 4347
340 751
340 923
340 1021
340 1989
340 3254
340 3489
341 1265
341 3594
341 4450
341 4582
341 4841
342 354
342 495
342 518
342 1467
342 1637
342 3565
342 4360
342 4433
343 390
343 414
343 526
343 540
343 552
343 644
343 718
343 727
343 963
343 981
343 1092
343 1208
343 1222
343 1263
343 1275
343 1413
343 1428
343 1589
343 1642
343 1644
343 1647
343 2259
343 2556
343 2561
343 2605
343 2705
343 2708
343 2847
343 2959
343 3230
343 3457
343 3642
343 4024
343 4157
343 4201
343 4667
344 732
344 1006
344 2199
344 3368
344 3478
344 3914
344 4013
344 4132
344 4953
345 368
345 412
345 481
345 504
345 655
345 663
345 862
345 986
345 1579
345 1800
345 1809
345 1841
345 2054
345 2071
345 2108
345 2111
345 2187
345 2367
345 2817
345 3009
345 3313
345 3609
345 3632
345 3830
345 3997
345 4051
345 4096
345 4575
345 4668
346 516
346 674
346 1919
346 2706
346 4166
346 4609
347 593
347 596
347 1125
347 1126
347 1688
347 1699
347 2221
347 2561
347 3802
347 3854
347 3871
347 4403
347 4462
347 4915
348 713
348 804
348 1427
348 1434
348 1481
348 1874
348 1889
348 2268
348 2878
348 3263
348 4115
348 4932
349 737
349 808
349 1658
349 1949
349 2248
349 2656
349 2757
349 3381
349 4939
350 463
350 559
350 902
350 970
350 1163
350 1243
350 1599
350 2002
350 2521
350 3724
350 3872
351 376
351 435
351 458
351 641
351 1062
351 1183
351 1496
351 1516
351 1774
351 2023
351 2084
351 2460
351 2884
351 3623
351 3631
351 3694
351 3949
351 3986
351 4112
351 4900
352 386
352 464
352 475
352 515
352 598
352 599
352 613
352 706
352 771
352 830
352 839
352 917
352 971
352 1190
352 1247
352 1305
352 1992
352 2057
352 2108
352 2437
352 2440
352 3168
352 3257
352 3300
352 3653
352 3855
352 4120
352 4692
352 4812
353 417
353 701
353 846
353 985
353 1657
353 1962
353 2317
353 2551
353 3652
354 551
354 1846
354 1920
354 2021
354 2151
354 2315
354 2770
354 2793
354 3114
354 3148
354 3564
354 3779
354 3792
355 562
355 744
355 2342
355 2923
355 3132
355 3826
355 4196
355 4330
356 370
356 459
356 523
356 880
356 1076
356 1096
356 1380
356 1464
356 1468
356 1564
356 1754
356 1874
356 1926
356 2008
356 2331
356 2789
356 2900
356 3134
356 3525
356 3574
356 3644
356 3800
356 3810
356 4058
356 4385
356 4479
356 4581
356 4754
357 402
357 452
357 467
357 478
357 506
357 531
357 752
357 918
357 941
357 1187
357 1203
357 1243
357 1398
357 1570
357 1595
357 1611
357 1842
357 2252
357 2393
357 2409
357 3090
357 4408
357 4760
358 484
358 2429
358 2461
359 496
359 814
359 1156
359 1288
359 1571
359 2505
359 2509
359 2894
359 3356
359 3423
359 3425
359 3574
359 3594
359 3698
359 4037
359 4245
359 4673
359 4911
360 383
360 502
360 649
360 781
360 1301
360 1391
360 1436
360 2008
360 2156
360 2231
360 2904
360 3034
361 416
361 517
361 1022
361 1147
361 1249
361 1474
361 1656
361 2178
361 2350
361 2615
361 2620
361 3140
361 4000
361 4301
361 4634
361 4712
361 4773
361 4776
362 514
362 758
362 792
362 1251
362 1388
362 1635
362 1674
362 1736
362 1864
362 1871
362 1873
362 2163
362 2493
362 2620
362 2748
362 3129
362 3473
362 3498
362 4099
362 4425
362 4647
362 4743
363 450
363 667
363 734
363 1684
363 2230
363 3332
363 3553
363 4043
363 4147
363 4837
363 4998
364 611
364 998
364 1351
364 1973
364 2679
364 3612
364 4874
365 448
365 541
365 783
365 859
365 953
365 1048
365 1155
365 1234
365 1373
365 1478
365 1558
365 1603
365 1612
365 1745
365 1821
365 2052
365 2274
365 3496
365 3762
365 4178
365 4515
365 4909
366 467
366 536
366 639
366 701
366 741
366 770
366 1062
366 1597
366 2005
366 2511
366 2520
366 2736
366 2906
367 558
367 575
367 586
367 604
367 783
367 827
367 884
367 964
367 1017
367 1084
367 1140
367 1626
367 1669
367 1834
367 1888
367 1905
367 1930
367 2122
367 2215
367 2256
367 2278
367 2343
367 2632
367 2724
367 2824
367 3027
367 3148
367 3304
367 3453
367 3464
367 3890
367 4279
367 4421
368 580
368 593
368 1000
368 1204
368 1475
368 1584
368 2455
368 2483
368 2649
368 3080
368 3093
368 3328
368 4500
368 4697
369 472
369 642
369 724
369 784
369 1436
369 1533
369 1591
369 1782
369 2202
369 2320
369 2361
369 2939
369 3216
369 3420
369 3494
369 3576
369 3757
369 4053
369 4644
369 4763
370 375
370 379
370 423
370 453
370 483
370 1081
370 1279
370 1573
370 1665
370 1818
370 1934
370 2872
370 3122
370 3384
370 4206
370 4608
370 4881
371 812
371 900
371 929
371 1085
371 1313
371 1611
371 2301
371 3194
371 3537
371 4595
372 555
372 558
372 769
372 912
372 960
372 1221
372 1402
372 1602
372 2108
372 2519
372 2524
372 2782
372 2957
372 3220
372 3278
372 3521
372 3689
372 3718
372 4656
372 4715
372 4975
373 393
373 921
373 1090
373 1509
373 1874
373 1903
373 2068
373 2652
373 2741
373 2957
373 3707
373 3996
373 4031
373 4205
374 510
374 1008
374 2037
374 2067
374 2371
374 2724
374 3218
374 3280
374 3476
375 545
375 546
375 628
375 774
375 787
375 789
375 990
375 1159
375 1191
375 1238
375 1315
375 1840
375 2665
375 3013
375 3171
375 3328
375 4743
376 758
376 891
376 918
376 1041
376 1381
376 1451
376 2143
376 2229
376 4161
376 4192
376 4293
376 4406
376 4751
377 401
377 523
377 595
377 684
377 794
377 1675
377 1780
377 1818
377 1966
377 2162
377 2222
377 2357
377 2526
377 2611
377 2759
377 3624
377 3708
377 3824
378 401
378 776
378 893
378 1769
378 2643
378 3684
378 3898
379 597
379 788
379 1253
379 1371
379 1551
379 1598
379 1640
379 1664
379 1925
379 2290
379 2307
379 2734
379 3094
379 3406
379 4224
380 486
380 538
380 565
380 653
380 714
380 852
380 972
380 1147
380 1297
380 1547
380 1739
380 1793
380 1909
380 2136
380 2230
380 2299
380 2418
380 2454
380 2586
380 2803
380 3145
380 3236
380 3328
380 3424
380 3489
380 3579
380 3742
380 4479
380 4543
380 4836
381 547
381 731
381 811
381 955
381 2115
381 2358
381 2392
381 2837
381 2947
381 2989
381 3133
381 3286
381 3345
381 3935
381 4654
382 454
382 759
382 1332
382 1338
382 1876
382 2751
382 2776
382 4423
382 4907
383 400
383 758
383 848
383 1447
383 1549
383 1559
383 1814
383 1836
383 2446
383 2713
383 4312
383 4448
383 4787
383 4800
383 4813
384 435
384 543
384 588
384 932
384 951
384 1058
384 1364
384 1441
384 1754
384 1826
384 2120
384 2132
384 2155
384 2164
384 2197
384 2222
384 2508
384 2571
384 2842
384 2935
384 2958
384 3058
384 3158
384 3387
384 3444
384 3873
384 4701
385 403
385 468
385 804
385 851
385 1007
385 1514
385 2104
385 2347
385 3511
385 3604
385 3908
385 4268
385 4352
385 4750
385 4805
386 407
386 421
386 947
386 1127
386 1502
386 1705
386 2437
386 2648
386 2762
386 2865
386 3117
386 3224
386 3316
386 3641
386 3914
386 3976
386 4145
386 4248
386 4473
387 518
387 586
387 689
387 738
387 815
387 948
387 1216
387 1828
387 1971
387 2216
387 2830
387 3067
387 3139
387 3317
387 3871
387 4688
387 4717
387 4840
388 469
388 734
388 740
388 789
388 984
388 1074
388 1635
388 1704
388 2528
388 4349
388 4622
388 4650
388 4683
388 4739
388 4764
389 557
389 567
389 587
389 687
389 1029
389 1269
389 1459
389 1764
389 2207
389 2259
389 2719
389 4068
390 643
390 691
390 718
390 819
390 858
390 1014
390 1751
390 2116
390 2159
390 2517
390 2631
390 3859
390 4643
390 4869
391 443
391 600
391 889
391 980
391 1237
391 1389
391 1446
391 1462
391 1616
391 1659
391 2141
391 2165
391 2270
391 2533
391 2919
391 4549
391 4636
391 4691
392 500
392 600
392 1200
392 1524
392 3140
392 3305
392 3744
392 4042
392 4331
392 4971
393 529
393 717
393 761
393 786
393 819
393 887
393 1008
393 1816
393 2225
393 2336
393 2569
393 2689
393 2704
393 2741
393 2769
393 2802
393 2859
393 3256
393 3662
393 4127
393 4781
394 439
394 522
394 559
394 603
394 612
394 1316
394 1447
394 2052
394 2063
394 2181
394 2425
394 2799
394 3020
394 3286
394 3427
394 3658
394 3789
395 544
395 762
395 1020
395 1318
395 1336
395 1365
395 1623
395 2004
395 2540
395 3011
395 3291
395 4610
396 1450
396 1867
396 1872
396 2050
396 2075
396 2251
396 2335
396 2501
396 2644
396 2867
396 3041
396 3804
396 4312
397 533
397 703
397 915
397 922
397 1633
397 1776
397 2336
397 2748
397 3406
397 4247
397 4267
398 480
398 1100
398 1358
398 1531
398 4222
399 521
399 565
399 733
399 1453
399 1752
399 1767
399 2119
399 2666
399 2860
399 3383
399 3565
399 3890
399 4141
400 496
400 997
400 1037
400 1139
400 1666
400 1791
400 3478
400 3655
400 4193
400 4737
401 493
401 886
402 444
402 1372
402 3513
402 4586
403 1042
403 1071
403 1151
403 1306
403 1352
403 1382
403 1796
403 1886
403 2674
403 2840
403 3527
403 3759
403 3815
403 3861
403 3953
403 4108
403 4624
404 413
404 470
404 1266
404 1341
404 1670
404 1800
404 1901
404 2513
404 3023
404 3562
404 3751
404 4827
405 876
405 2054
405 2363
405 2564
405 3222
406 595
406 759
406 1314
406 1995
406 2194
406 2456
406 2870
406 2897
406 3433
406 3509
406 3558
406 3596
406 3917
406 4621
406 4802
407 527
407 652
407 659
407 1051
407 1453
407 1473
407 1581
407 1882
407 2525
407 2580
407 3428
407 3854
407 4513
408 698
408 726
408 886
408 1800
408 1971
408 2042
408 2687
408 3669
408 4220
408 4804
409 632
409 776
409 906
409 955
409 1277
409 1422
409 1837
409 1935
409 1994
409 2230
409 2631
409 2904
409 2968
409 3088
409 3166
409 3258
409 3540
409 4482
409 4526
409 4529
410 545
410 903
410 1967
410 3444
410 4518
411 568
411 674
411 995
411 1882
411 2911
411 3302
412 519
412 1332
412 1381
412 1463
412 2210
412 2454
412 3567
412 3905
412 4274
412 4348
413 532
413 595
413 661
413 664
413 688
413 697
413 709
413 765
413 892
413 936
413 943
413 971
413 1197
413 1326
413 1342
413 1360
413 1743
413 1755
413 1789
413 1919
413 2064
413 2081
413 2114
413 2300
413 2355
413 2720
413 2961
413 3189
413 3302
413 3337
413 3506
413 3591
413 3833
413 4226
413 4310
413 4601
413 4738
413 4791
413 4969
414 708
414 961
414 997
414 1337
414 1601
414 1883
414 2072
414 2254
414 2456
414 2579
414 2843
414 2870
414 2951
414 3057
414 3607
414 3695
414 3753
414 3833
414 4095
414 4149
414 4185
414 4632
414 4796
414 4964
415 528
415 859
415 973
415 1040
415 1380
415 1707
415 2300
415 2342
415 3081
415 3155
415 3969
416 801
416 974
416 1378
416 1429
416 1625
416 1926
416 2212
416 2242
416 2436
416 2504
416 2797
416 2839
416 3190
416 3281
416 3853
416 4130
416 4251
416 4350
416 4501
417 485
417 615
417 631
417 750
417 768
417 1462
417 1516
417 1671
417 2057
417 2205
417 2497
417 2515
417 2713
417 2977
417 3074
417 3137
417 3266
417 3772
417 3953
417 4125
417 4319
417 4682
417 4868
417 4876
417 4928
418 984
418 1043
418 1101
418 1667
418 1794
418 2153
418 2411
418 2887
418 3396
418 3590
418 3877
418 4382
418 4714
418 4859
419 1927
419 2528
419 2551
419 3770
420 846
420 1915
420 2257
420 2395
420 2971
420 3343
420 3933
420 4203
421 514
421 851
421 858
421 899
421 1169
421 1208
421 1393
421 1540
421 1616
421 2008
421 2215
421 2242
421 2594
421 2731
421 2930
421 4060
421 4302
421 4555
421 4740
421 4761
422 697
422 811
422 846
422 1766
422 4686
423 507
423 660
423 694
423 805
423 857
423 900
423 970
423 979
423 1086
423 1150
423 1677
423 1734
423 2043
423 2273
423 2334
423 2711
423 2995
423 3070
423 3422
423 3452
423 3623
423 3787
423 4153
423 4684
424 465
424 584
424 743
424 1146
424 1436
424 1686
424 1981
424 2928
424 4479
424 4754
425 625
425 1248
425 1461
425 2356
425 3442
425 4066
425 4509
426 896
426 1095
426 1127
426 1727
426 1933
426 2563
426 3312
426 3654
426 3861
426 3903
426 4371
426 4383
426 4429
427 464
427 605
427 990
427 1373
427 1910
427 2049
428 505
428 585
428 607
428 653
428 952
428 984
428 1541
428 1700
428 1968
428 3642
429 500
429 1443
429 1733
429 1884
429 2154
429 2988
429 3052
429 3478
429 4031
429 4569
429 4816
430 1454
430 2188
430 2682
430 2931
431 454
431 890
431 939
431 1195
431 1197
431 1467
431 1578
431 1853
431 2100
431 2473
431 2578
431 3160
431 3796
431 3955
431 4471
431 4530
431 4743
431 4768
432 553
432 928
432 1316
432 1321
432 2405
432 2443
432 4659
433 1307
433 1496
433 1701
433 2023
433 2251
433 2485
433 2787
433 3115
433 3425
433 4382
433 4609
433 4842
434 461
434 771
434 2562
434 4139
434 4336
434 4462
435 531
435 1136
435 1146
435 2096
436 580
436 847
436 1382
436 1522
436 1731
436 1852
436 1879
436 2241
436 2495
436 2652
436 2779
436 3019
436 4660
436 4913
437 475
437 558
437 665
437 820
437 1222
437 1266
437 1497
437 1710
437 2580
437 3021
437 3726
437 3731
437 4495
437 4579
437 4865
437 4958
438 879
438 968
438 1057
438 1125
438 2132
438 2785
438 2815
438 3554
438 4079
438 4528
438 4860
439 535
439 579
439 797
439 1438
439 1799
439 2304
439 3057
439 3249
439 3570
439 3721
439 4208
439 4407
439 4704
440 499
440 658
440 1239
440 1817
440 2129
440 2137
440 3270
440 3315
440 3362
440 3641
440 4021
440 4525
440 4542
441 503
441 505
441 561
441 847
441 902
441 1006
441 1100
441 1175
441 1226
441 1272
441 1325
441 1948
441 2156
441 2263
441 2590
441 3126
441 3595
441 3678
441 4604
442 688
442 2895
442 3735
442 3828
442 4203
443 452
443 580
443 625
443 638
443 689
443 922
443 923
443 961
443 1116
443 1233
443 1604
443 1696
443 1724
443 2039
443 2045
443 2055
443 2119
443 2134
443 2193
443 2444
443 2461
443 2481
443 2963
443 3127
443 3485
443 3997
443 4091
443 4208
443 4520
443 4841
444 675
444 854
444 1037
444 1330
444 1418
444 1499
444 1653
444 2088
444 2241
444 2349
444 2544
444 2597
444 2882
444 3212
444 3915
444 4021
444 4121
444 4349
444 4830
444 4856
445 775
445 1109
445 1646
445 1701
445 1772
445 1894
445 2083
445 2751
445 3506
445 3761
446 482
446 993
446 1055
446 1253
446 1870
446 1924
446 2625
446 2644
447 557
447 637
447 726
447 842
447 1013
447 1078
447 1307
447 1497
447 1972
447 1994
447 1999
447 2253
447 2401
447 2953
447 3017
447 3256
447 3261
447 3532
447 4118
447 4526
447 4943
448 520
448 656
448 736
448 757
448 1547
448 1736
448 1957
448 2494
448 2680
448 3270
448 3394
448 3552
448 3569
448 3847
448 4715
449 598
449 666
449 683
449 693
449 752
449 863
449 957
449 1010
449 1833
449 2291
449 2442
449 2796
449 2947
449 3099
449 3974
449 4848
450 451
450 867
450 1126
450 1227
450 1350
450 1710
450 1753
450 2175
450 2336
450 2424
450 2566
450 2932
450 4128
450 4510
450 4630
450 4915
451 478
451 513
451 625
451 1046
451 1397
451 1490
451 1620
451 1627
451 2136
451 2139
451 2513
451 2962
451 3415
452 624
452 1151
452 2092
452 2394
452 3514
452 3649
453 503
453 662
453 675
453 793
453 857
453 1242
453 1322
453 1343
453 1525
453 1532
453 2158
453 3848
453 4138
454 606
454 732
454 1557
454 1725
454 2836
454 3837
454 3915
454 4126
454 4739
455 489
455 624
455 814
455 1120
455 1439
455 1684
455 1906
455 2013
455 2028
455 2312
455 2375
455 2609
455 3036
455 3087
455 3125
455 3263
455 3908
455 4842
455 4860
456 496
456 629
456 642
456 779
456 794
456 944
456 1368
456 1570
456 1748
456 2007
456 2027
456 2480
456 2566
456 2937
456 3117
456 3216
456 3400
456 3481
456 3503
456 4025
456 4068
456 4226
456 4468
456 4498
456 4831
456 4888
457 461
457 690
457 1098
457 1345
457 1803
457 2422
457 3017
457 3554
457 4232
457 4827
458 1526
458 1527
458 2952
458 3678
459 2002
459 2109
459 3458
460 946
460 991
460 1822
460 1849
460 1936
460 1971
460 2068
460 2230
460 2271
460 3520
460 4368
460 4837
460 4856
461 1014
461 1062
461 1227
461 1694
461 2086
461 2438
461 2548
461 3093
461 3635
461 3782
461 4848
461 4953
462 1043
462 1441
462 2262
462 4612
463 474
463 675
463 794
463 1157
463 2524
463 3147
463 4023
463 4113
464 522
464 1451
464 2668
464 2899
464 2925
464 3799
464 3916
465 1621
465 1885
465 2331
465 2959
465 3161
465 4349
465 4651
466 651
466 713
466 898
466 1002
466 1020
466 1132
466 1193
466 1350
466 1453
466 1512
466 1806
466 1810
466 2368
466 2494
466 2690
466 2849
466 3043
466 3417
466 3481
466 4027
466 4094
466 4195
466 4309
466 4505
466 4617
466 5000
467 730
467 1160
467 1313
467 4285
467 4655
468 581
468 682
468 772
468 829
468 853
468 871
468 910
468 1376
468 1387
468 2000
468 2284
468 2604
468 2746
468 3311
468 3566
468 3715
468 4355
468 4611
468 4893
469 568
469 756
469 807
469 920
469 1826
469 2398
469 2715
469 2868
469 3243
469 3488
469 3911
469 4045
469 4142
469 4582
469 4830
470 485
470 504
470 661
470 1068
470 1130
470 1331
470 1378
470 1490
470 1674
470 1808
470 1829
470 2275
470 2356
470 2835
470 2962
470 3573
470 3900
470 4148
470 4578
471 925
471 934
471 1093
471 1175
471 1574
471 1714
471 1819
471 1880
471 2349
471 2557
471 2921
471 3038
471 4256
471 4810
471 4970
472 929
472 1254
472 1458
472 1599
472 1816
472 2141
472 3811
472 3927
473 540
473 1824
473 3050
474 617
474 727
474 1191
474 1797
474 2034
474 2059
474 2345
474 2362
474 2445
474 2832
474 3498
474 3823
474 4062
474 4097
474 4294
474 4807
475 696
475 872
475 884
475 973
475 1204
475 1593
475 1692
475 3227
475 3444
475 4880
476 632
476 637
476 829
476 1076
476 1360
476 1468
476 1647
476 2134
476 2687
476 2771
476 2967
476 3054
476 3374
476 3581
476 3631
476 4462
476 5000
477 781
477 823
477 842
477 890
477 993
477 1465
477 2219
477 2903
477 3215
477 4350
477 4922
478 531
478 642
478 860
478 1198
478 1255
478 1750
478 1887
478 1955
478 3453
478 3719
478 4191
478 4249
479 515
479 815
479 845
479 849
479 881
479 886
479 941
479 1025
479 1066
479 1504
479 1609
479 1688
479 1937
479 2396
479 3388
479 3440
479 3844
479 3875
479 4104
479 4739
479 4916
480 658
480 1012
480 1025
480 1092
480 2036
480 2608
480 4512
481 1016
481 1410
481 1492
481 1506
481 1551
481 1838
481 1969
481 2020
481 2062
481 2112
481 2145
481 2721
481 2910
481 2941
481 3012
481 3777
481 4218
481 4277
481 4695
481 4977
482 912
482 2078
482 4674
483 999
483 1511
483 1858
483 1893
483 2043
483 3355
483 3406
483 4231
483 4335
484 610
484 1082
484 1360
484 1458
484 2891
484 3964
484 4415
485 500
485 552
485 646
485 864
485 1083
485 1246
485 1307
485 1493
485 1497
485 1565
485 1685
485 1998
485 2362
485 3490
485 3808
485 3996
485 4303
485 4577
486 1001
486 1155
486 1303
486 1304
486 1896
486 2185
486 3034
486 3231
486 4346
486 4709
487 530
487 1734
487 1833
487 2384
487 3223
487 3752
488 1316
488 1831
488 2288
488 2356
488 3324
488 3975
489 674
489 677
489 740
489 1250
489 1654
489 1762
489 2033
489 2344
489 2372
489 2531
489 2583
489 2585
489 2779
489 3049
489 3269
489 3357
489 4143
489 4542
489 4576
489 4578
489 4756
490 597
490 1086
490 1310
490 1702
490 1928
490 1996
490 2537
490 3817
490 4314
490 4697
490 4798
490 4841
491 807
491 1031
491 1886
491 3068
491 3409
491 4354
491 4727
491 4859
492 595
492 683
492 690
492 1106
492 1133
492 1488
492 1690
492 1694
492 1809
492 2315
492 2489
492 2721
492 2732
492 2853
492 3041
492 3165
492 3650
492 4271
493 647
493 1390
493 1410
493 1686
494 1496
494 2363
494 3661
495 605
495 1348
495 1621
495 2465
495 2834
495 3038
496 1289
496 1673
496 2822
496 2847
496 3580
496 4017
497 2050
497 3016
497 3032
498 567
498 682
498 1545
498 2309
498 2761
498 2769
498 2936
499 590
499 733
499 966
499 1409
499 1986
499 3550
499 3778
499 3901
499 4119
499 4389
499 4617
500 1432
500 2012
500 2041
500 2177
500 4164
500 4875
500 4893
500 4901
501 877
501 1645
501 1723
501 3627
501 3850
501 4179
501 4222
501 4408
501 4557
502 946
502 1002
502 1237
502 1267
502 1440
502 2328
502 3779
502 3867
502 3954
502 4074
502 4359
502 4400
503 853
503 901
503 948
503 1179
503 1379
503 1419
503 1426
503 2381
503 2394
503 3043
504 541
504 604
504 658
504 720
504 913
504 1122
504 1257
504 1309
504 1361
504 1719
504 2307
504 2384
504 2565
504 2630
504 3319
504 3342
504 3769
504 3859
504 3863
504 3899
504 3914
504 4033
504 4181
504 4606
505 655
505 751
505 866
505 912
505 933
505 1177
505 1251
505 1539
505 1955
505 1987
505 2210
505 2498
505 3693
505 3792
505 4164
505 4175
506 579
506 649
506 1164
506 1262
506 1416
506 2004
506 2738
506 3230
506 3535
506 4736
506 4841
507 582
507 1829
507 1982
507 2248
507 2253
507 2851
507 4775
507 4988
508 660
508 735
508 854
508 964
508 1019
508 1045
508 1394
508 1541
508 1626
508 1671
508 1790
508 1918
508 2299
508 2696
508 2865
508 2896
508 3110
508 3279
508 3391
508 3663
508 3738
508 4129
508 4225
508 4250
508 4873
509 865
509 2079
509 2226
509 2694
509 3911
509 4325
510 711
510 746
510 765
510 1298
510 1363
510 2475
510 2746
510 3165
510 3732
510 3932
510 4402
511 680
511 760
511 883
511 919
511 924
511 1003
511 1530
511 1569
511 1577
511 1589
511 1983
511 2081
511 2632
511 2940
511 3009
511 3030
511 3044
511 3178
511 4338
512 690
512 1214
512 1263
512 1566
512 1820
512 2916
512 3158
512 3291
513 665
513 745
513 753
513 901
513 1002
513 1182
513 1451
513 1720
513 1911
513 2219
513 2791
513 3628
513 4288
513 4321
513 4426
513 4944
514 1036
514 2339
514 3093
514 3769
514 4993
515 749
515 752
515 753
515 856
515 1030
515 1352
515 1430
515 1486
515 1517
515 1537
515 1788
515 2337
515 2418
515 2747
515 2748
515 2928
515 3152
515 3182
515 3216
515 3499
515 3533
515 3679
515 3759
515 4089
515 4382
515 4857
516 634
516 669
516 831
516 2365
516 2669
516 2775
516 2982
516 3451
516 3603
516 4403
517 948
517 1174
517 1403
517 2709
517 2956
517 3245
517 3312
517 3411
517 4284
518 622
518 732
518 958
518 1145
518 1448
518 1894
518 2498
518 2654
518 2806
518 2961
518 3099
518 3437
518 3562
518 4731
518 4876
518 4928
519 939
519 1057
519 1229
519 1296
519 1342
519 1745
519 1878
519 2135
519 2703
519 3107
519 4367
520 575
520 579
520 977
520 2450
520 2756
520 3159
520 3461
520 3472
520 3618
520 3944
521 591
521 603
521 1618
521 2018
521 3419
521 3737
521 3962
521 4428
522 1215
522 1416
522 1649
522 2501
522 4543
523 1129
523 1458
523 1523
523 2232
523 2790
523 3893
523 4844
524 626
524 651
524 680
524 692
524 762
524 854
524 902
524 999
524 1115
524 1327
524 1346
524 1610
524 1844
524 1899
524 2174
524 2354
524 2570
524 3576
524 4398
524 4597
525 1206
525 1660
525 1749
525 1786
525 1799
525 1845
525 1959
525 2260
525 2417
525 2521
525 2610
525 2825
525 3189
525 3955
526 590
526 729
526 1065
526 1138
526 1285
526 4325
526 4364
527 898
527 907
527 1776
527 1956
527 2234
527 2396
527 2624
527 2670
527 2744
527 2768
527 2856
527 3175
527 3414
527 3451
527 3619
527 4595
528 572
528 582
528 1187
528 1339
528 1393
528 1669
528 1989
528 1996
528 2069
528 2107
528 2582
528 2602
528 4121
528 4161
528 4946
529 947
529 1229
529 3603
530 1008
530 1211
530 1788
530 3065
530 3275
530 3456
530 4035
530 4543
530 4839
530 4891
531 732
531 825
531 1045
531 1509
531 1855
531 2007
531 2071
531 2159
531 2304
531 2389
531 2664
531 3147
531 3161
531 3196
531 3517
531 4442
531 4513
532 1312
532 1927
532 2599
533 728
533 885
533 890
533 937
533 1110
533 1138
533 1283
533 1843
533 1908
533 2040
533 2081
533 2303
533 2604
533 3027
533 3324
533 3508
533 3530
533 4862
534 676
534 757
534 808
534 1003
534 1004
534 1157
534 1232
534 1275
534 1279
534 1661
534 1683
534 1759
534 1903
534 1906
534 2126
534 2145
534 2461
534 2752
534 3053
534 3468
534 3767
534 4004
534 4118
534 4173
534 4213
534 4657
535 600
535 643
535 824
535 1153
535 1292
535 1564
535 2149
535 2503
535 2709
535 2776
535 2894
535 3387
535 3589
535 3815
535 4539
535 4659
536 619
536 698
536 972
536 995
536 1727
536 1799
536 1802
536 2041
536 2305
536 2453
536 2781
536 2902
536 2955
536 3008
536 4150
536 4584
536 4771
537 867
537 900
537 2187
537 3087
537 4195
537 4836
538 610
538 779
538 878
538 899
538 1111
538 1174
538 1386
538 1768
538 1812
538 2026
538 2544
538 2787
538 2866
538 2871
538 3075
538 3187
538 3273
538 4387
539 650
539 666
539 781
539 1029
539 1130
539 1218
539 1350
539 1374
539 1427
539 1457
539 1706
539 1951
539 2202
539 2715
539 3379
539 3740
539 4361
539 4816
540 554
540 1501
540 1922
540 2227
540 2294
540 3158
540 3862
540 4937
542 702
542 1349
542 1592
542 2626
542 3543
542 4197
542 4224
543 984
543 1891
543 3254
543 3617
543 4023
544 1020
544 1094
545 606
545 740
545 743
545 2012
545 2191
545 2508
545 3739
545 4115
546 888
546 941
546 1274
546 1368
546 1633
546 2093
546 2220
546 3183
546 3197
546 3372
546 3525
546 3597
546 4842
547 767
547 3845
547 4312
548 1853
548 1875
548 1925
548 3606
548 3924
549 836
549 1115
550 965
550 1047
550 1055
550 1064
550 1244
550 1861
550 2312
550 2474
550 2670
550 2926
550 3010
550 3139
550 3775
550 4024
550 4261
551 1836
551 2024
551 4951
552 718
552 741
552 833
552 1050
552 1331
552 1386
552 1452
552 1523
552 2291
552 2618
552 4054
552 4180
552 4204
552 4537
552 4724
552 4855
553 631
553 665
553 707
553 1142
553 1730
553 3064
553 4443
553 4607
553 4852
553 4876
554 861
554 2137
554 2160
554 2429
554 2453
554 2672
554 4433
555 660
555 1439
555 1593
555 1662
555 2021
555 2738
555 3004
555 3818
556 800
556 801
556 932
556 1286
556 1411
556 1913
556 2123
556 2209
556 3317
556 3330
556 3996
556 4081
556 4239
556 4436
556 4992
557 830
557 1489
557 1538
557 1554
557 2582
557 4950
558 570
558 698
558 903
558 1073
558 1995
558 3918
558 3926
558 4371
558 4745
559 575
559 1454
559 1486
559 3410
559 3672
559 3727
559 3889
559 3960
559 4432
559 4476
560 1469
560 3675
560 3811
560 4127
560 4538
560 4796
561 633
561 739
561 792
561 892
561 905
561 1021
561 1831
561 1875
561 2140
561 2739
561 2920
561 3065
561 3385
561 3668
561 4396
561 4546
561 4912
562 590
562 1005
562 1066
562 1866
562 2233
562 2610
562 3511
562 4040
562 4278
562 4479
562 4507
563 615
563 655
563 794
563 999
563 1125
563 1140
563 1460
563 1766
563 2189
564 840
564 1320
564 1550
564 1651
564 2198
564 2370
564 2549
564 2602
564 2843
564 2888
564 3310
564 3991
564 4140
564 4267
564 4479
565 774
565 926
565 1049
565 1174
565 1506
565 3394
565 3614
565 4683
566 717
566 1106
566 1247
566 2035
566 2485
566 3427
566 3633
566 3901
566 4101
566 4137
566 4211
566 4792
567 568
567 913
567 1085
567 1112
567 1190
567 1483
567 1495
567 1702
567 1734
567 1959
567 2288
567 2317
567 2536
567 3228
567 3445
567 3752
567 4038
567 4258
567 4546
568 972
568 1441
568 1839
568 1952
568 2058
568 2981
568 3289
568 3532
569 658
569 1798
569 1857
569 1977
569 2449
570 636
570 1157
570 1327
570 3314
570 3412
571 667
571 790
571 816
571 907
571 1252
571 2005
571 2729
571 3204
571 3269
571 3689
571 4520
571 4605
571 4826
572 764
572 1709
572 2635
572 2919
572 4390
573 1039
573 1162
573 1779
573 2052
573 3486
574 2382
574 2407
574 4780
575 1088
575 3613
575 3818
575 3874
575 4012
575 4385
575 4404
575 4575
576 897
576 1000
576 1091
576 1394
576 2192
576 2315
576 2423
576 2811
576 3926
576 4679
577 600
577 644
577 778
577 920
577 1296
577 1440
577 1527
577 1709
577 1711
577 1840
577 1865
577 1871
577 1982
577 2191
577 2376
577 2939
577 4011
577 4245
577 4491
577 4898
578 2186
579 673
579 933
579 1401
579 1838
579 4532
580 792
580 1464
580 2267
580 2573
580 2613
580 2706
580 2879
580 3012
580 4871
581 725
581 833
581 1239
581 1573
581 2885
581 2989
581 3386
581 3720
581 3835
581 4080
581 4467
582 1087
582 1609
582 4156
583 646
583 829
583 1396
583 1724
583 2101
583 2419
583 2819
583 2834
583 2863
583 3056
583 3462
583 4258
583 4414
583 4466
583 4843
584 874
584 1311
584 1317
584 1679
584 1797
584 3282
584 3785
584 4666
585 1024
585 1057
585 1129
585 1907
585 2077
585 2094
585 2137
585 2222
585 3224
585 3296
585 3336
585 3961
585 4354
586 757
586 760
586 1092
586 1172
586 1233
586 1365
586 1369
586 1529
586 1669
586 1837
586 2269
586 2361
586 2385
586 2540
586 2710
586 2853
586 3160
586 3298
586 3473
586 3899
586 4699
587 627
587 753
587 800
587 821
587 938
587 1107
587 1236
587 1353
587 1604
587 1985
587 2206
587 2554
587 2559
587 3329
587 3788
587 3798
587 3882
587 4311
588 635
588 721
588 768
588 3013
588 3393
588 4002
588 4430
588 4476
589 941
589 1377
589 1674
589 2054
589 2708
589 2835
589 3115
589 3424
589 4702
589 4985
589 4999
590 769
590 1165
590 1252
590 1288
590 2267
590 2281
590 2638
590 2729
590 2969
590 2971
590 4289
590 4503
590 4834
591 876
591 1666
591 1680
591 1963
591 2425
591 2510
591 2558
591 2976
591 3004
591 3733
591 4012
591 4797
592 606
592 682
592 1010
592 1178
592 1217
592 1364
592 1373
592 1457
592 2130
592 2224
592 2725
592 2887
592 3116
592 3693
592 3708
592 4003
592 4188
592 4891
593 611
593 884
593 1357
593 2074
593 2131
593 2465
593 2514
593 2550
593 2827
593 3164
593 3831
593 4380
593 4771
594 969
594 1224
594 1506
594 1580
594 1790
594 2295
594 2938
594 3284
594 3994
594 4101
594 4133
594 4320
594 4526
595 636
595 2049
595 2272
595 2835
595 3164
595 4364
595 4770
596 1338
596 1404
596 1442
596 2633
596 2966
596 3508
597 749
597 838
597 978
597 1130
597 1322
597 1535
597 1585
597 1619
597 1744
597 1933
597 2008
597 2017
597 2216
597 2607
597 3162
597 3320
597 3333
597 3889
597 4813
598 1459
598 2646
598 2849
598 3059
598 3334
598 3686
598 4258
599 705
599 1241
599 1289
599 1507
599 3847
599 4682
600 2247
600 2311
601 669
601 1263
601 1710
601 1904
601 2180
601 2264
601 2653
601 2887
601 3118
601 3779
601 4117
601 4183
601 4714
602 664
602 1368
602 2140
602 2593
602 2684
602 2920
602 3046
602 3226
603 611
603 669
603 912
603 1349
603 1405
603 2182
603 2389
603 2427
603 2765
603 2826
603 3232
603 3404
603 3735
603 4074
603 4139
603 4175
604 1958
604 2013
604 2971
604 3222
604 3353
604 4113
604 4962
605 1372
605 1461
605 2123
605 2176
605 2428
605 2860
605 3066
605 3857
605 4391
606 719
606 1012
606 1735
606 2182
606 2466
606 3283
606 3413
606 3503
606 3664
606 3876
606 4704
606 4832
607 1058
607 1366
607 1499
607 2361
607 2516
607 4708
608 1063
608 3313
608 4027
608 4330
609 951
609 1631
609 2815
609 2847
609 2986
609 3228
609 4194
609 4641
609 4673
610 759
610 767
610 894
610 957
610 1468
610 1519
610 2501
610 2685
610 2941
610 3425
610 3527
610 3798
610 4257
610 4396
611 636
611 686
611 720
611 798
611 799
611 814
611 832
611 954
611 1030
611 1436
611 1482
611 1776
611 1931
611 2549
611 3170
611 4355
611 4425
612 670
612 991
612 1441
612 1449
612 3060
612 3513
612 4710
613 1197
613 2065
613 2988
614 778
614 913
614 2419
614 2671
614 4378
614 4781
614 4811
614 4955
615 1108
615 1270
615 1531
615 1819
615 3389
615 3480
615 3927
616 839
616 935
616 1232
616 1305
616 1397
616 1662
616 1735
616 2135
616 2276
616 2855
616 3087
616 3104
616 3328
616 3781
616 3985
617 949
617 1199
617 1325
617 2267
617 2685
617 3421
617 4855
618 952
618 1968
618 2022
618 2523
618 2639
618 2728
619 888
619 1103
619 1203
619 2530
619 2839
620 915
620 1415
620 1648
620 1876
620 2043
621 923
621 1075
621 2525
621 3829
622 1588
622 1702
622 3046
622 3891
623 864
623 1085
623 2746
623 3229
623 3832
623 4101
623 4939
624 640
624 799
624 1279
624 1742
624 2606
624 3911
624 4394
624 4633
624 4789
625 1055
625 1135
625 1800
625 3249
625 4004
626 810
626 826
626 936
626 945
626 955
626 985
626 1373
626 1390
626 1515
626 1560
626 1594
626 1608
626 1778
626 1801
626 3051
627 694
627 867
627 887
627 1166
627 1525
627 2323
627 2483
627 3369
629 1109
629 1424
629 1576
629 3494
629 3869
629 4099
630 835
630 1401
630 1681
630 1696
630 2562
630 2673
630 3047
630 4082
631 806
631 850
631 985
631 1276
631 2309
631 2503
631 3316
631 3938
632 984
632 1418
632 1420
632 2082
632 2105
632 2365
632 2707
632 3244
632 3930
633 756
633 795
633 1370
633 1511
633 2015
633 2658
633 2749
633 4002
633 4077
634 1943
634 2983
635 749
635 1602
635 1879
635 2238
635 2992
635 3005
635 3091
635 3270
635 3932
635 4051
635 4518
636 1094
636 1359
636 1568
636 1590
636 1596
636 1771
636 1876
636 2717
636 2761
636 3085
636 3832
636 3898
636 4242
637 1022
637 1046
637 1384
637 1862
637 2050
637 2247
637 2369
637 2401
637 2452
637 2468
637 3822
638 1034
638 1289
638 2365
638 2725
638 2883
638 4107
638 4149
638 4706
639 668
639 688
639 812
639 1623
639 2236
639 3103
639 3171
639 3227
639 3797
640 1041
640 1062
640 1208
640 1692
640 1763
640 2066
640 2190
640 2564
640 2794
640 2882
640 3168
640 3691
641 857
641 865
641 1355
641 2359
641 2533
641 3139
641 4960
642 942
642 1123
642 1623
642 2016
642 2184
642 3552
643 746
643 1044
643 1449
643 2086
643 2186
643 3089
643 3200
643 3622
643 3893
643 4669
644 648
644 699
644 771
644 2005
644 2109
644 2236
644 2309
644 2540
644 2984
644 3063
644 3143
644 4241
644 4851
645 2218
645 3320
646 850
646 1741
646 2130
646 2248
646 2876
646 3696
647 683
647 1627
647 1941
647 2790
647 4166
648 786
648 807
648 1073
648 1119
648 1184
648 1491
648 1689
648 1729
648 2517
648 2972
648 3418
648 3609
648 4418
649 1778
649 3620
649 4126
650 844
650 1449
650 1783
650 1946
650 2108
650 2210
650 2284
650 2414
650 2551
650 2811
650 4357
650 4835
651 954
651 1576
651 2298
651 2452
651 3240
651 3747
651 4152
651 4224
652 705
652 881
652 1590
652 1704
652 2111
652 2694
652 2894
652 3025
652 3076
653 2066
653 2092
653 2167
653 2496
653 3111
653 3394
653 3830
653 4094
653 4826
653 4933
654 711
654 830
654 1149
654 1742
654 1753
654 2161
654 2189
654 2314
654 2785
654 3546
654 4037
654 4370
654 4407
654 4969
655 889
655 899
655 914
655 1070
655 1378
655 1915
655 2053
655 2150
655 2268
655 2999
655 4403
655 4569
655 4640
656 791
656 1061
656 1234
656 2332
656 4870
657 1201
657 1499
657 1801
657 1806
657 2073
657 2132
657 2660
657 3022
657 3742
657 4032
657 4594
658 855
658 1739
658 2080
658 2620
658 2747
658 3258
659 745
659 1136
659 1226
659 1599
659 1726
659 1850
659 2622
659 3333
659 3358
660 976
660 1242
660 1382
660 1472
660 1523
660 1731
660 1944
660 2378
660 2396
660 3119
660 3811
660 4403
661 1101
661 2369
661 4246
662 678
662 818
662 862
662 1177
662 1433
662 1548
662 2040
662 2133
662 2323
662 2539
662 2589
662 2617
662 2677
662 3027
662 3267
662 3493
662 4082
662 4392
662 4745
662 4861
663 684
663 910
663 1034
663 1130
663 1157
663 1662
663 1753
663 1873
663 2554
663 2947
663 3149
663 3274
663 3446
663 3692
663 3802
663 4807
664 1427
664 4221
664 4469
665 1227
665 2112
665 4473
666 750
666 1216
666 1345
666 1407
666 1563
666 1643
666 2311
666 2333
666 2844
666 3477
666 3526
666 3714
667 685
667 1036
667 2043
667 3106
667 3163
667 3320
667 3350
667 3538
667 3866
667 4036
667 4166
667 4452
668 681
668 992
668 1125
668 1865
668 3293
668 3433
668 3474
668 4120
668 4163
669 1355
669 2821
669 3569
669 3905
670 679
670 782
670 877
670 908
670 1137
670 1213
670 3146
670 4263
670 4927
671 2079
671 2598
672 849
672 1777
672 2625
672 3740
673 880
673 1127
674 766
674 1714
675 1084
675 1441
675 1485
675 1722
675 1856
675 3176
675 3368
675 4545
676 1212
676 1505
676 1613
676 1840
676 1897
676 1993
676 2016
676 2253
676 2825
676 4117
676 4153
676 4271
676 4335
676 4882
676 4966
677 785
677 904
677 998
677 1005
677 1037
677 1076
677 1735
677 2533
677 2535
677 2601
677 3577
677 3809
678 935
678 1649
678 1667
678 2660
678 2671
678 3390
678 4089
678 4111
678 4752
679 699
679 1136
679 1697
679 2428
679 3817
680 1067
680 1536
680 2594
680 2608
680 2651
680 2937
680 3121
680 3743
680 3766
680 3834
680 4875
681 851
681 1086
681 1220
681 1360
681 1483
681 2570
681 2741
681 3878
681 4488
682 822
682 909
682 1031
682 1849
682 2451
682 2849
682 2913
682 4136
682 4273
682 4689
682 4711
683 1048
683 1542
683 1813
683 1830
683 1890
683 3126
683 3186
683 4171
684 755
684 1383
684 1867
684 3102
684 3942
684 4912
685 889
685 1363
685 1668
685 2127
685 2757
685 3435
685 4324
686 1169
686 1353
686 2680
686 4868
687 743
687 766
687 957
687 1030
687 1145
687 1566
687 1847
687 1856
687 2764
687 3181
687 3675
687 4410
687 4549
688 1160
688 1457
688 1559
688 1970
688 2926
688 4265
688 4560
688 4696
689 753
689 770
689 923
689 1277
689 1610
689 2125
689 2161
689 2616
689 3021
689 3456
689 3714
689 3858
690 1060
690 1421
690 1610
690 4847
691 833
691 895
691 1187
691 2153
691 2598
691 3555
691 3623
691 3734
691 4413
692 836
692 1175
692 1400
692 1409
692 1595
692 1645
692 1834
692 2171
692 2377
692 3213
692 3491
692 3698
692 4050
692 4605
692 4622
692 4963
693 764
693 1522
693 1675
693 2334
693 2514
693 2675
693 2916
693 3610
694 1605
694 1619
694 2319
694 2442
694 2509
694 3839
695 969
695 990
695 1179
695 1229
695 1659
695 1777
695 1993
695 2452
695 2802
695 3872
695 4871
696 1668
696 3840
697 1178
697 1189
697 1308
697 1481
697 1543
697 1723
697 1794
697 2064
697 2097
697 2171
697 2173
697 2668
697 3178
697 3919
697 4264
697 4816
698 1491
698 4533
699 1824
699 3233
699 3677
699 3715
699 4212
700 1035
700 2247
700 2492
700 2880
700 3472
701 1442
701 1622
701 1671
701 3238
701 3736
701 3883
702 747
702 1850
702 2543
702 3174
702 3699
702 3704
702 4325
702 4619
702 4762
703 2556
703 3200
703 4041
704 1142
704 1503
704 1631
704 2079
704 2168
704 2625
705 726
705 1045
705 1071
705 3357
705 3576
706 930
706 1357
706 1437
706 1840
706 2344
706 2817
706 3002
706 4524
706 4744
707 980
707 1773
707 1956
707 2284
707 3410
707 4108
708 2607
708 3065
709 780
709 879
709 919
709 928
709 1005
709 1078
709 1265
709 2319
709 2413
709 4757
709 4985
710 956
710 1047
710 1335
710 1476
710 2047
710 2762
710 2876
710 3716
710 3841
710 4005
710 4110
710 4458
710 4540
710 4789
710 4864
711 1334
711 2027
711 2993
711 3496
711 3816
712 1737
712 1801
712 2404
712 3003
712 3311
712 3401
712 4975
713 915
713 1200
713 1296
713 1397
713 1432
713 1556
713 1634
713 1885
713 1924
713 2487
713 2491
713 3326
713 3372
713 3523
713 3591
713 3952
713 4673
714 875
714 1179
714 1457
714 1478
714 2136
714 2306
714 2681
714 3820
714 3911
714 4613
714 4677
715 738
715 1080
715 1479
715 2187
715 2232
715 3058
715 3262
715 3299
715 3685
715 3966
715 4730
716 1225
716 2195
716 2945
716 4285
717 2032
717 3057
718 751
718 779
718 1327
718 1474
718 1890
718 2179
718 2775
718 3075
718 3265
718 3696
718 3831
718 3999
718 4503
719 1286
719 1484
719 1580
719 1804
719 2290
719 2670
719 3557
719 3956
720 1293
720 1747
720 4192
721 774
721 842
721 1470
721 1606
721 2022
721 2464
721 2625
722 813
722 823
722 824
722 960
722 1481
722 1781
722 2712
722 2764
722 3073
722 3755
722 3759
722 4682
722 4976
723 872
723 928
723 1506
723 1563
723 1870
723 2016
723 2461
723 2484
723 2493
723 2714
723 2779
723 2823
723 2897
723 3980
723 4296
723 4430
724 850
724 1370
724 1757
724 1944
724 3005
724 3313
724 4116
725 817
725 1051
725 1078
725 1176
725 1514
725 1956
725 3241
725 3637
725 3699
725 3766
725 3928
725 4135
725 4365
726 871
726 1364
726 1385
726 4867
727 745
727 1802
727 1917
727 3853
727 4420
728 1006
728 1372
728 2424
728 3650
728 4584
729 1241
729 1421
729 2501
729 2593
729 2991
729 3522
729 3933
730 3133
730 3146
730 3312
731 2258
731 2923
732 1384
732 3728
732 4304
732 4758
733 768
733 1147
733 1161
733 1167
733 1217
733 1288
733 1330
733 2851
733 2882
733 4036
733 4125
733 4273
733 4528
734 916
734 1206
734 1733
734 2258
734 2542
734 2544
734 2712
734 3101
734 4155
734 4481
734 4634
734 4786
734 4855
734 4995
735 796
735 888
735 1060
735 1277
735 1325
735 1355
735 1665
735 2091
735 2148
735 2692
735 3678
735 3873
735 3914
735 4124
735 4354
736 777
736 954
736 1026
736 1079
736 1173
736 1363
736 1377
736 1477
736 1588
736 1995
736 2180
736 2377
736 3483
736 4815
737 821
737 1313
737 1353
737 1566
737 1837
737 1937
737 2072
737 2189
737 2747
737 2749
737 3502
737 4403
738 835
738 957
738 966
738 1090
738 1165
738 1485
738 1693
738 1920
738 1938
738 2244
738 2997
738 3061
738 3457
738 3560
738 3608
738 3629
738 3648
739 1167
739 2649
739 3865
739 4024
739 4790
740 1572
740 2030
740 2597
740 3111
740 3248
740 3510
740 4302
741 1388
741 3497
742 1185
742 1960
742 3807
743 860
743 914
743 992
743 1152
743 1611
743 1773
743 1939
743 1972
743 2168
743 2279
743 2477
743 3624
743 4901
744 834
744 1182
744 1283
744 1395
744 1585
744 1678
744 2538
744 2602
744 2815
744 3728
744 4301
744 4806
744 4987
745 1219
745 1321
745 1657
745 2113
745 2686
745 3122
745 3547
745 4332
745 4476
746 1043
746 1522
746 2490
746 2677
746 3527
747 784
747 883
747 1812
747 1950
747 2024
747 2463
747 3085
747 3178
747 3418
748 821
748 1066
748 1598
748 2786
748 2931
748 4100
749 2576
749 3071
750 967
750 1609
750 4035
751 1284
751 1662
751 2659
751 4789
752 1285
752 1525
752 2223
752 2320
752 4152
752 4496
752 4685
753 756
753 953
753 1181
753 1771
754 4504
755 1650
755 1828
755 1907
755 1977
755 2124
755 2566
755 3526
755 4163
755 4174
755 4820
756 1438
756 1887
756 2474
756 3278
756 4878
757 831
757 834
757 1061
757 1139
757 1170
757 1174
757 1336
757 1500
757 1875
757 2046
757 2321
757 2555
757 2892
757 3369
757 3404
757 3512
757 4666
757 4835
757 4983
757 4987
758 985
758 1041
758 1880
758 2342
758 2345
758 2358
758 3463
758 4059
759 1660
759 2180
759 2330
759 2597
759 2877
759 4206
759 4498
760 1057
760 1528
760 1540
760 1987
760 2306
760 3785
761 780
761 1123
761 1845
761 2018
761 2145
761 2412
761 2477
761 4524
761 4836
762 1467
762 1643
762 1994
762 2097
762 2574
762 3225
762 3773
762 4359
763 828
763 1287
763 1322
763 1613
763 2134
763 2663
763 3008
763 4311
763 4416
764 956
764 1091
764 1362
764 2736
764 3950
765 1061
765 1300
765 2892
765 3704
765 4974
766 1040
766 1049
766 1280
766 1431
766 2145
766 2439
766 2470
766 2921
766 2962
766 3280
766 3436
766 3599
766 3852
766 4617
767 1882
767 2613
768 917
768 1018
768 2296
768 2400
768 2925
768 3203
768 4276
769 938
769 971
769 1284
769 1379
769 1876
769 2702
769 3887
769 4457
769 4482
769 4910
770 854
770 952
770 2009
770 2075
770 2445
770 3643
770 4639
771 924
771 1169
771 1647
771 4189
771 4332
771 4565
772 950
772 1237
772 1323
772 1386
772 1727
772 2315
772 2379
772 2789
772 2872
772 3007
772 4364
772 4509
773 1418
773 1636
773 2743
773 3028
773 3277
773 3298
773 3388
773 4127
774 924
774 963
774 1303
774 1965
774 1999
774 2206
774 2716
774 3084
774 3262
774 3926
774 4457
774 4931
775 1198
775 2101
775 2929
775 3079
775 3862
775 4534
775 4987
776 1648
776 2478
776 2755
776 3681
777 1784
777 2324
777 3420
777 3884
777 3995
778 1417
778 1632
778 1860
778 1872
778 1921
778 1997
778 2020
778 2130
778 2757
778 3114
778 3677
778 3748
778 3763
778 3934
778 3983
778 4138
778 4157
778 4172
779 816
779 1295
779 1560
779 2195
779 2375
779 2770
779 4199
779 4567
779 4730
780 839
780 1406
780 2506
780 3272
780 3882
780 4417
780 4823
780 4833
781 2051
781 2185
781 2190
781 2730
781 3295
781 3701
782 1469
782 1586
782 2005
782 3915
782 4184
783 1474
783 2551
783 4666
783 4731
784 939
784 3777
784 4861
785 934
785 978
785 1434
785 1476
785 1816
785 2163
785 4223
786 1115
786 1123
786 1289
786 1820
786 1852
786 1861
786 2799
786 2844
787 865
787 2076
787 3864
787 4587
788 4694
789 903
789 1228
789 1900
789 1943
789 2117
789 4795
790 860
790 1624
790 2007
790 2329
790 3514
790 3515
790 3690
790 4356
790 4803
790 4904
791 1097
791 1718
791 3662
791 4405
792 1265
792 2257
792 3079
792 3488
792 3572
792 4042
792 4502
792 4639
793 949
793 1184
793 1458
793 1508
793 1802
793 2468
793 2474
793 2893
793 3064
793 3192
793 3199
794 1004
794 1097
794 1137
794 1215
794 1259
794 1300
794 1422
794 1599
794 2026
794 2260
794 2605
794 3245
794 3851
795 1321
795 1457
795 2243
795 3780
795 4138
796 839
796 872
796 975
796 1725
796 2466
796 2722
796 2770
796 3135
797 911
797 1448
797 1741
797 1885
797 2046
797 2931
797 3255
797 3943
797 4222
797 4348
797 4686
798 843
798 1093
798 1741
798 2354
798 2500
798 2996
798 4909
799 814
799 1225
799 1290
799 1316
799 2061
799 2188
800 810
800 1502
800 1693
800 2054
800 3443
800 3608
800 3878
800 3928
801 926
801 1273
801 1387
801 1690
801 1782
801 1896
801 2292
801 2421
801 3309
801 3606
801 3856
802 893
802 1344
802 1427
802 1536
802 1943
802 2157
802 2328
802 2342
802 2968
802 3151
802 3639
802 3764
802 4411
802 4616
802 4837
803 1556
803 1950
803 2147
803 2814
803 3423
803 4932
804 3181
804 3507
804 3948
805 852
805 932
805 992
805 1019
805 1077
805 1159
805 1250
805 1574
805 1680
805 2500
805 2679
805 4049
805 4283
805 4401
805 4499
805 4729
805 4908
806 956
806 1032
806 1224
806 1437
806 1866
806 2003
806 2400
806 3555
807 962
807 1168
807 2202
807 2325
807 2449
807 3294
807 4700
807 4929
808 2291
808 2745
808 2786
808 3241
809 3331
809 4182
810 1257
810 1277
810 1302
810 1539
810 1795
810 2069
810 2756
810 2797
810 2806
810 2808
810 2823
810 3991
810 4820
810 4958
811 1629
811 1860
811 2223
811 4056
811 4565
811 4943
812 1952
812 2104
812 2595
812 3898
813 853
813 1204
813 1437
813 1734
813 2209
813 2277
813 2570
813 3321
813 4192
814 1640
814 2991
814 3204
814 3818
814 4298
815 1250
815 1277
815 1392
815 1940
815 2779
815 2847
815 2890
815 2893
815 2965
815 3113
815 3576
815 3701
815 3942
816 1065
816 1732
816 2073
816 2453
816 2555
816 3139
817 904
817 1466
817 1797
817 2136
817 2337
817 2427
817 3305
817 3673
818 1883
818 2518
818 2838
818 3275
819 1278
819 1905
819 2518
819 3292
819 4951
820 887
820 1254
820 1348
820 1352
820 1354
820 1756
820 1868
820 1958
820 2212
820 2511
820 2543
820 2843
820 2891
820 3036
820 3505
820 3843
820 4070
820 4480
821 876
821 969
821 1214
821 1686
821 1797
821 2360
821 2397
821 3073
821 3301
821 4129
821 4157
822 1582
823 917
823 1366
823 1488
823 4208
824 1620
824 2036
824 2172
824 2223
824 2290
824 3501
824 4747
825 833
825 1270
825 1713
825 2294
825 2599
825 2848
825 3014
825 3176
825 4390
825 4947
826 945
826 1063
826 1407
826 1505
826 1572
826 2090
826 3228
826 3388
826 4008
826 4814
827 873
827 1225
827 2648
827 2898
827 3460
828 994
828 1252
828 1490
828 1755
828 1817
828 2437
828 3153
828 3443
828 3479
828 3630
828 3856
828 4253
828 4266
829 1107
829 1139
829 1168
829 1242
829 1344
829 1480
829 2224
829 2270
829 2371
829 2548
829 2652
829 2664
829 3323
829 3972
829 4118
829 4680
829 4947
830 4809
831 2183
831 3704
831 4340
832 1196
832 1590
832 1615
832 1692
832 2035
832 2506
832 3640
832 4637
833 978
833 1859
833 1967
833 2571
833 3475
834 870
834 1086
834 1231
834 1632
834 1644
834 1825
834 2469
834 2657
834 4522
835 903
835 1433
835 1983
835 3533
836 1547
836 1670
836 2595
836 3049
836 3103
836 3396
836 3556
836 4846
836 4964
837 857
837 1131
837 1173
837 1962
837 2708
837 2930
838 934
838 1068
838 1154
838 1212
838 1278
838 1516
838 1526
838 1585
838 1956
838 2040
838 2496
838 3118
838 3150
838 3736
838 3765
838 4554
838 4574
838 4669
839 873
839 921
839 1569
839 1655
839 1807
839 1927
839 1966
839 2219
839 2423
839 2534
840 991
840 1807
840 2323
840 2974
840 3720
841 1037
841 2050
841 2246
841 2546
841 3829
841 4374
842 846
842 1415
842 1555
842 1751
842 2204
842 2414
842 3540
842 3894
842 4327
842 4968
842 5000
843 942
843 1032
843 1088
843 1151
843 1384
843 2388
843 2415
843 2982
843 3881
843 4057
843 4094
844 1021
844 3232
844 4198
844 4401
845 869
845 1921
845 2769
845 4205
845 4868
845 4987
846 1634
846 2532
846 3475
847 901
847 970
847 1207
847 1216
847 1581
847 1709
847 1888
847 2250
847 2477
847 2653
847 3584
847 4142
847 4645
847 4693
848 895
848 3343
848 4994
849 4326
850 1143
850 1195
850 1288
850 1326
850 1342
850 1488
850 1757
850 2554
850 2684
850 3931
850 4120
851 874
851 958
851 1236
851 1402
851 1945
851 2107
851 2121
851 3163
851 3260
851 3435
852 930
852 1500
852 2068
852 2263
852 3024
852 3575
852 3597
852 4093
852 4907
853 944
853 1673
853 2543
853 3423
853 3621
853 3622
853 4723
854 861
854 1936
854 2264
854 3986
855 1094
855 1542
855 2360
855 2411
855 2625
855 2927
855 3066
855 4316
855 4491
855 4706
856 958
856 2440
856 2512
856 2814
856 3053
856 3677
856 3789
856 4159
857 870
857 2366
857 2505
857 3913
857 4891
858 1112
858 1614
858 1776
858 2171
858 2351
858 3265
858 4514
859 1335
859 1357
859 1532
859 1593
859 1648
859 1836
859 1941
859 2208
859 3604
859 4049
859 4310
859 4980
860 1806
860 2889
860 3154
860 3697
861 1549
861 1716
861 1749
861 1972
861 2116
861 2128
861 2185
861 2702
861 3593
861 3697
861 4075
862 1217
862 1838
862 2084
862 2180
862 3231
862 3480
862 3556
862 3600
862 4908
863 925
863 1120
863 2130
863 2506
863 2736
863 3438
863 3670
863 4297
864 1037
864 1531
864 2000
864 4043
864 4275
864 4712
865 885
865 1596
865 3127
865 3726
865 3765
865 3835
865 4835
866 911
866 971
866 1166
866 1403
866 2124
866 2340
866 3950
867 1024
867 1840
867 2080
867 2631
867 3664
867 4524
867 4901
868 4848
869 1170
869 2045
869 2185
869 3220
869 4662
870 1160
870 1280
870 1513
870 1659
870 1833
870 2039
870 2071
870 2506
870 2591
870 2974
870 3592
870 3754
870 4187
871 1215
871 2598
871 3017
872 925
872 1116
872 1532
872 2574
872 4575
872 4873
873 3789
873 3826
873 4139
874 2249
874 2930
874 3150
875 1423
876 3816
877 904
877 1119
877 2047
877 2424
877 2553
877 4145
878 1068
878 1238
878 1690
878 2552
878 2665
878 2744
878 2936
878 3058
878 3793
878 4557
878 4573
878 4870
879 2791
879 2797
879 3634
880 1432
880 1683
880 1925
880 2303
880 2431
880 2527
880 2638
880 3180
880 3751
880 4716
880 4879
881 924
881 975
881 1158
881 1353
881 1850
881 2966
881 3294
881 3347
881 3524
881 4767
881 4837
882 950
882 1486
882 1505
882 1528
882 2639
882 3570
882 4248
883 1045
883 1695
883 1759
883 2506
883 2696
883 2748
883 2918
883 3659
883 3865
883 3938
883 4387
883 4424
883 4674
884 1053
884 1996
884 2078
884 2387
884 2598
884 2886
884 3410
884 4014
884 4059
885 2333
885 3498
885 4841
886 1286
886 1330
886 1708
886 2803
886 3571
887 1237
887 1862
887 2016
887 2265
887 2653
887 4422
888 1706
888 1795
888 1984
888 2170
888 2746
889 993
889 1404
889 3184
889 4323
891 918
891 1072
891 2558
891 3162
891 4640
891 4906
892 1042
892 1411
892 1588
892 1716
892 2235
892 2297
892 2322
892 3054
892 3236
892 3271
892 3729
893 1223
893 1918
893 2228
893 2500
894 1041
894 1294
894 2325
894 3578
894 4076
894 4287
894 4893
895 905
895 938
895 1544
895 2313
895 2841
895 4056
896 1656
896 3215
896 3234
896 3310
896 3465
897 921
897 2646
897 3348
897 4213
898 1134
898 1193
898 1796
898 2108
898 2399
898 2607
898 4090
898 4564
898 4717
900 1227
900 2452
901 1028
901 1288
901 1546
901 4263
901 4606
902 1105
902 2289
902 2626
902 2645
902 3345
902 4849
903 1011
903 1348
903 1790
903 1887
903 1991
903 4160
904 1205
904 1604
904 2281
904 2287
904 2751
904 3361
904 3386
904 3911
904 4387
904 4562
904 4780
904 4946
905 996
905 1044
905 1433
905 2420
905 2662
905 2682
905 3473
905 4620
906 1390
906 1504
906 3718
907 950
907 959
907 1372
907 2813
907 4406
907 4508
907 4696
908 959
908 1017
908 1160
908 1600
908 1655
908 1994
908 4588
909 1008
909 1023
909 1276
909 1461
909 1609
909 1668
909 2031
909 2246
909 2545
909 3416
910 1741
910 4085
910 4952
911 918
911 1736
911 1805
911 2509
911 2556
911 3968
912 1196
912 1290
912 1375
912 1466
912 1586
912 1870
912 2530
912 2634
912 2749
912 3006
912 3150
912 3185
912 4819
912 4870
913 2323
913 2789
913 3204
913 3307
913 3381
913 4459
914 4110
914 4486
915 1792
915 2100
915 2117
915 4019
915 4242
915 4259
915 4982
916 1083
916 1991
917 1440
917 1462
917 1879
917 1914
917 2078
917 2455
917 2528
917 2619
917 2880
917 2913
917 2940
917 3165
917 3812
917 4819
918 1219
918 1347
918 1363
918 1944
918 2084
918 2104
918 2220
918 3483
918 4219
918 4654
918 4996
919 962
919 969
919 1162
919 1579
919 1635
919 1983
919 1998
919 2007
919 2127
919 2699
919 3490
919 3781
919 4042
919 4395
919 4688
919 4771
920 1027
920 1102
920 1266
920 1341
920 1654
920 3660
920 3666
920 4357
921 997
921 2051
921 2204
921 2266
921 2269
921 4329
921 4839
921 4853
922 951
922 1929
922 2153
922 2653
922 3511
922 4050
924 1855
924 2388
924 3325
924 3744
925 1717
925 3368
925 4454
926 1071
926 1195
926 1361
926 1395
926 1607
926 1725
926 1760
926 2089
926 2655
926 2987
926 2990
926 3093
926 3736
926 3738
926 4507
926 4564
926 4695
927 2074
927 2421
927 3188
927 3248
927 3548
927 3971
927 4219
928 1058
928 1059
928 1459
928 1774
928 1871
928 2117
928 2343
928 2415
928 2591
928 3067
928 4732
929 973
930 1460
930 1579
930 2536
930 3881
930 4783
930 4898
931 2052
931 2426
931 4704
931 4997
932 1535
932 1819
932 2375
932 2772
932 3774
932 4771
933 1454
933 1577
933 1653
933 1900
933 2333
933 2656
933 2814
933 3510
933 4918
934 1078
934 1119
934 2209
934 2629
934 4324
934 4396
935 982
935 993
935 1007
935 1241
935 1269
935 2327
935 2849
935 3289
935 3646
935 4418
935 4552
935 4884
936 987
936 1832
936 2065
936 2077
936 2261
936 2623
936 3531
936 4635
937 949
937 980
937 1548
937 1961
937 2375
937 3374
937 4065
937 4375
938 1794
938 1881
938 2359
938 2639
938 2857
938 3223
939 1495
939 1552
939 1947
939 2395
939 3051
939 3965
940 1374
940 2202
940 2262
940 2434
940 2482
940 2862
940 2936
940 2980
940 3155
940 4046
940 4080
940 4114
940 4418
940 4579
940 4760
940 4951
941 971
941 2569
941 3380
941 3987
941 4465
942 1098
942 1950
942 3446
942 3666
942 4697
942 4955
943 1460
943 2076
943 2414
943 2469
943 4096
943 4367
944 1730
944 2014
944 2732
944 3349
944 3747
944 4334
944 4817
944 4892
945 1179
945 2259
945 3800
946 1926
946 1982
946 2831
946 4685
947 1680
947 2426
947 3142
947 3419
947 4060
948 1418
948 1476
948 2251
948 2970
948 3876
948 4717
948 4755
948 4852
949 1785
949 1931
949 1942
949 2098
950 1133
950 1343
950 2813
950 2839
950 2979
950 3860
951 1131
951 1256
951 1389
951 1713
951 2072
951 2425
951 2820
951 3085
951 3108
951 3195
951 3272
951 3354
951 4769
952 1101
952 1572
952 1704
952 2441
952 2686
952 2700
952 2853
952 3071
952 3092
952 3299
952 3398
952 4064
952 4360
952 4642
952 4648
952 4816
952 4902
953 1021
953 1938
953 2372
953 2529
953 4375
954 999
954 1124
954 2340
954 3231
954 3793
954 4110
954 4423
954 4803
954 4953
955 1045
955 1649
955 1804
955 3128
956 1458
956 1592
956 3054
956 4470
956 4546
956 4591
956 4802
956 4806
956 4911
957 1000
957 1309
957 1583
957 1819
957 2641
957 2800
957 4424
957 4431
958 1844
958 2406
958 2648
958 4070
958 4287
959 1226
959 3374
959 3419
960 1101
960 1367
960 1673
960 2424
960 2793
960 2889
960 2968
960 3295
960 4109
960 4377
960 4544
961 1156
961 1622
961 2119
961 3247
961 3966
961 4046
961 4477
962 1131
962 2482
962 3425
962 3553
962 4250
964 1349
964 1680
964 1766
964 2047
964 2865
964 4405
964 4481
964 4634
964 4852
964 4931
965 1067
965 2828
966 1173
966 1358
966 1985
966 3134
966 3160
966 3248
966 3646
966 3685
968 1069
968 1846
968 2448
968 3943
969 996
969 1168
969 1365
969 1456
969 2416
969 2919
969 3144
970 1842
970 1873
970 3335
970 3848
971 3408
971 4095
972 2735
972 3250
972 4984
973 1178
973 1495
973 2275
974 1330
974 1753
974 2550
975 2024
975 3431
975 5000
976 1035
976 2844
976 3011
977 1273
977 2095
977 2326
977 3434
977 3565
977 3645
978 1824
978 2623
978 2643
978 3416
978 3550
978 3601
978 4458
979 1244
979 1276
979 1815
979 2583
979 3218
979 3805
979 4399
979 4665
979 4903
980 2409
980 2460
980 2620
980 3983
981 1931
981 3782
981 3795
981 3931
981 4281
981 4282
981 4533
982 1568
982 3571
982 4413
983 2899
983 3516
984 1056
984 2114
984 2562
984 3437
984 3740
984 4246
984 4267
984 4528
984 4925
984 4990
985 1011
985 2341
985 3224
985 3882
985 4522
985 4959
986 1091
986 1154
986 2248
986 2285
986 2293
986 2457
986 2699
986 3270
986 3555
986 3768
986 4075
986 4713
987 3470
987 3649
988 2504
988 2646
988 3703
989 1407
989 2287
989 3338
989 3869
989 4920
990 3590
990 4280
990 4481
990 4970
991 1255
991 1645
991 1682
991 1766
991 2008
991 2241
991 2846
991 3702
991 4051
991 4071
991 4454
992 1151
992 1179
992 1780
992 2422
992 2444
992 2772
992 2810
992 3283
992 3297
992 4172
992 4504
993 1323
993 1640
993 1653
993 2611
993 2714
994 1746
994 1877
994 3732
995 1038
995 1603
995 2832
995 3208
995 4493
996 3509
996 3972
996 4020
996 4116
996 4729
997 1042
997 1583
997 1899
997 1909
997 1980
997 2029
997 2388
997 2407
997 2973
997 3038
997 3432
997 3436
997 3791
997 4409
997 4519
997 4538
998 1263
998 1946
998 2758
998 4305
998 4560
999 1726
999 1814
999 2808
1000 1678
1000 2347
1000 2358
1000 3143
1000 3307
1000 4223
1000 4952
1000 4957
1001 1088
1001 1351
1001 1541
1001 2497
1001 2578
1001 3162
1001 3477
1001 3519
1001 3874
1001 4039
1002 1041
1002 2521
1002 2572
1002 2916
1002 3213
1002 4872
1003 1008
1003 1955
1003 3498
1003 3879
1003 4215
1004 1144
1004 1759
1004 4343
1004 4552
1005 1267
1005 2730
1005 2848
1005 2922
1005 2990
1005 3259
1005 4154
1006 2233
1006 2834
1007 1301
1007 1312
1007 1555
1007 2961
1007 4631
1008 1274
1008 3949
1008 4061
1008 4563
1009 1050
1009 1464
1009 2075
1009 3359
1009 4713
1009 4817
1010 1106
1010 1253
1010 1312
1010 1608
1010 1763
1010 2125
1010 2355
1010 2507
1010 2745
1010 3516
1010 3584
1010 4887
1011 1972
1011 2158
1011 2297
1011 3119
1012 1093
1012 1959
1012 1990
1012 2090
1012 2177
1012 4033
1012 4500
1012 4763
1013 1156
1013 1653
1013 2499
1013 2988
1013 3045
1013 3141
1013 3579
1013 3751
1013 3802
1013 3878
1013 4851
1013 4992
1014 1040
1014 1235
1014 1352
1014 2929
1014 3009
1014 3061
1015 1269
1015 1643
1015 1694
1015 2045
1015 2092
1015 4597
1015 4632
1016 1473
1016 1891
1016 1923
1016 1961
1016 3287
1017 1255
1017 4662
1018 1349
1018 2432
1018 2996
1018 3048
1018 3375
1018 3473
1018 3828
1018 4465
1018 4768
1019 1491
1019 2010
1019 2183
1019 2776
1019 3551
1019 4593
1019 4887
1021 1550
1021 1889
1021 3290
1022 1494
1022 2039
1022 3187
1022 3774
1022 4143
1023 2517
1023 3728
1024 1223
1024 1386
1024 2251
1024 2569
1024 2954
1024 3813
1024 4345
1025 1142
1025 1331
1025 1783
1025 2081
1025 2118
1025 2372
1025 2902
1025 3103
1025 3871
1025 4082
1025 4761
1026 2885
1026 3376
1026 3642
1026 4333
1026 4879
1027 2687
1027 2688
1027 3383
1028 1450
1028 1644
1028 1918
1028 2592
1028 3232
1028 3906
1028 4801
1029 1032
1029 1813
1029 1960
1029 2383
1029 4518
1029 4573
1029 4687
1030 1707
1030 4215
1031 1479
1031 1860
1031 2391
1031 2605
1031 3503
1031 4801
1032 1240
1032 1299
1032 1396
1032 1553
1032 1967
1032 2812
1032 4676
1033 1099
1033 1314
1033 1845
1033 2344
1033 2978
1033 3573
1033 4179
1033 4347
1034 1412
1034 2790
1034 2859
1034 3272
1034 3651
1034 3846
1034 4358
1034 4982
1035 1083
1035 2805
1035 2993
1035 3559
1035 3912
1035 4376
1037 1426
1037 1446
1037 1657
1037 1888
1038 1203
1038 1562
1038 1651
1038 2164
1038 2310
1038 2827
1038 2974
1038 3634
1038 3778
1038 4268
1038 4277
1038 4651
1038 4945
1039 2627
1039 2975
1039 3578
1039 4598
1039 4715
1040 2413
1041 1162
1041 1932
1041 4214
1041 4638
1042 2641
1042 4088
1043 1655
1043 2585
1044 1236
1044 1726
1044 2410
1044 2591
1045 1085
1045 1554
1046 1809
1046 2250
1046 2750
1046 3137
1046 3199
1046 3853
1047 1746
1047 2490
1047 3361
1047 3722
1047 4723
1048 1102
1048 1581
1048 1864
1048 2824
1048 3987
1049 1212
1049 3507
1050 1063
1050 1606
1050 1969
1050 3002
1050 3925
1050 4470
1051 1520
1051 1751
1051 1900
1051 3221
1051 3526
1052 4512
1052 4744
1053 1261
1053 1789
1053 2457
1053 2796
1053 4938
1054 1315
1054 1582
1054 1938
1054 2302
1054 2456
1054 3376
1054 4309
1054 4589
1054 4936
1055 1176
1055 1272
1055 1932
1055 2401
1055 3318
1055 3926
1056 1099
1056 1276
1056 2015
1056 2102
1056 3679
1057 1128
1057 1214
1057 1439
1057 2321
1057 2848
1057 3217
1057 3493
1057 3932
1057 3960
1057 4012
1057 4118
1057 4681
1057 4708
1057 4969
1058 1073
1058 1399
1058 1500
1058 1673
1058 1739
1058 1764
1058 1902
1058 2038
1058 2707
1058 2960
1059 1601
1059 1701
1059 2890
1059 3229
1059 4059
1059 4764
1060 1431
1060 1918
1060 3925
1060 4374
1061 1162
1061 1245
1061 1565
1061 1962
1061 2016
1061 2254
1061 2683
1061 2971
1061 3638
1061 3813
1061 3965
1061 3971
1061 4359
1061 4424
1061 4510
1061 4865
1061 4947
1061 4972
1062 1788
1062 3204
1062 3980
1063 1528
1063 2094
1063 2622
1063 2719
1063 4711
1064 1313
1064 2077
1064 3072
1064 4124
1064 4191
1064 4270
1065 1699
1065 1761
1065 3723
1066 1984
1066 2109
1066 3179
1067 1381
1067 1494
1067 1555
1067 1598
1067 1608
1067 1663
1067 1745
1067 2486
1067 2556
1067 2683
1067 3637
1067 3797
1067 4228
1068 1082
1068 1108
1068 1504
1068 1544
1068 1881
1068 2813
1068 3896
1068 4074
1070 2261
1070 2755
1070 3483
1070 3973
1070 4029
1071 1440
1071 2429
1071 2656
1071 3363
1072 1310
1072 1430
1072 2243
1072 2765
1072 3156
1072 3559
1072 3597
1072 4240
1073 1306
1073 1320
1073 1534
1073 1614
1073 2588
1073 3193
1074 1549
1074 2110
1074 3566
1074 4472
1074 4932
1075 1742
1075 2637
1075 2872
1075 3282
1075 3974
1076 1291
1076 1688
1076 1718
1076 1922
1076 4339
1076 4395
1076 4463
1077 1271
1077 2658
1077 4586
1077 4708
1077 4783
1078 1240
1078 1308
1078 1561
1078 1860
1078 1917
1078 2083
1078 2203
1078 2461
1078 2496
1078 2587
1078 2702
1078 2797
1078 2953
1078 3528
1079 1567
1079 1835
1079 3710
1080 1293
1080 1485
1080 2210
1080 3002
1080 3909
1080 4650
1080 4694
1081 1101
1081 2127
1081 2529
1081 2759
1081 2896
1082 1913
1082 3048
1082 3101
1082 3402
1082 3782
1083 1320
1083 1715
1083 2319
1083 2932
1083 3771
1083 3837
1083 4130
1084 1618
1084 1796
1084 1912
1084 2026
1084 2469
1084 4725
1085 1465
1085 2055
1085 2857
1085 2914
1085 3327
1085 3439
1085 3625
1085 3657
1085 3887
1085 4014
1085 4212
1086 1211
1087 1422
1087 1828
1087 2025
1087 2635
1087 3441
1088 1630
1088 1648
1088 2201
1088 3146
1088 4077
1089 1241
1089 1464
1089 1512
1089 1884
1089 2063
1089 2404
1089 3029
1089 3230
1089 4065
1089 4470
1090 1155
1090 1247
1090 1261
1090 2061
1090 2144
1090 2273
1090 2458
1090 2549
1090 3065
1090 3099
1090 3460
1090 3624
1091 1116
1091 1501
1091 1510
1091 1827
1091 2124
1091 2346
1091 4220
1091 4300
1091 4642
1091 4839
1092 1452
1092 4271
1093 1264
1093 1285
1093 1361
1093 2168
1093 2773
1093 2879
1093 3909
1093 4310
1094 1245
1094 1530
1094 1543
1094 1620
1094 2009
1094 2848
1094 2910
1094 3157
1094 3257
1094 3556
1094 3947
1094 3999
1094 4599
1095 1442
1095 2194
1095 2793
1095 2980
1095 3730
1095 4023
1096 1099
1096 1468
1096 1519
1096 2606
1096 2785
1096 3372
1096 3979
1096 4751
1097 1134
1097 1693
1097 1899
1097 2122
1097 2139
1097 2190
1097 2309
1097 2922
1097 2929
1097 3183
1097 4229
1097 4798
1097 4948
1098 1555
1098 1786
1098 2200
1098 2511
1098 3851
1098 4034
1099 1335
1099 1508
1099 1638
1099 1709
1099 1711
1099 2088
1099 2338
1099 2714
1099 4058
1099 4581
1100 1687
1100 2163
1100 2306
1100 2486
1101 1215
1102 1989
1103 1209
1103 1355
1103 1859
1103 1878
1103 2260
1103 2519
1103 3053
1103 3363
1103 3825
1103 4591
1104 1823
1104 1826
1104 1828
1104 1853
1104 2489
1104 4379
1104 4446
1104 4764
1104 4833
1105 1362
1105 1715
1105 3668
1105 4086
1106 1124
1106 1126
1106 1382
1106 4270
1107 1703
1107 2062
1107 2492
1107 3015
1107 3249
1107 4447
1107 4471
1108 1113
1108 1322
1108 1423
1108 1466
1108 1467
1108 1585
1108 2638
1108 2842
1108 3282
1109 2126
1109 2371
1109 2421
1109 3266
1109 3397
1110 1535
1110 1573
1110 1577
1110 1596
1110 1721
1110 2056
1110 2196
1110 2201
1110 2476
1110 3212
1110 3379
1110 3534
1110 3958
1110 3963
1110 4034
1110 4061
1110 4226
1110 4709
1110 4788
1111 1803
1111 1824
1111 1846
1111 1912
1111 1935
1111 2037
1111 3724
1111 3828
1112 2373
1112 3120
1112 3766
1113 1287
1113 1369
1113 1374
1113 1620
1113 2058
1113 2073
1113 2239
1113 2581
1113 3017
1114 2177
1114 4688
1115 1335
1115 3147
1115 3912
1115 3923
1115 4354
1116 1483
1116 2031
1117 2490
1117 3836
1117 3854
1117 4324
1118 2131
1118 2617
1118 2746
1118 3636
1118 4070
1118 4160
1119 3146
1119 3625
1120 2772
1120 3801
1120 4609
1121 1416
1121 1557
1121 1638
1121 2135
1121 2302
1121 2419
1121 2754
1121 4554
1122 1425
1122 1513
1122 1601
1122 1751
1122 2381
1122 3399
1122 3699
1122 3813
1122 4181
1123 1641
1123 1786
1123 2574
1123 4363
1123 4847
1124 2353
1124 2973
1124 3176
1125 1196
1125 1249
1125 2006
1125 2216
1125 2369
1125 3405
1125 3906
1125 4598
1126 2044
1126 2733
1127 1986
1127 3148
1127 3747
1127 4949
1128 1827
1128 2477
1128 2701
1128 3111
1128 3408
1128 4164
1128 4373
1129 1298
1129 1417
1129 1509
1129 1624
1129 1758
1129 4134
1129 4252
1129 4748
1130 1156
1130 1526
1130 1700
1130 1961
1130 2096
1130 2152
1130 2244
1130 3178
1130 4268
1130 4585
1131 1167
1131 1205
1131 1394
1131 1837
1131 2449
1131 4838
1132 1561
1132 1631
1132 1681
1132 2478
1132 3033
1132 4178
1133 1257
1133 1700
1133 2292
1133 2421
1133 2750
1133 2756
1133 2945
1133 3602
1133 3991
1133 4400
1133 4429
1133 4467
1133 4787
1133 4894
1134 1208
1134 1497
1134 1883
1134 2527
1134 2547
1134 3222
1134 3683
1134 3689
1134 3936
1134 4147
1134 4501
1134 4838
1135 3325
1136 1754
1136 1998
1136 2589
1136 4343
1136 4549
1136 4809
1137 1283
1137 1324
1137 1581
1137 2159
1137 2665
1137 3735
1137 4760
1138 1925
1138 2503
1138 3670
1138 3971
1139 1405
1139 2144
1139 2196
1139 2703
1139 3361
1139 3769
1139 4000
1139 4138
1139 4274
1139 4587
1140 1593
1140 1723
1140 1758
1141 1182
1141 1206
1141 1395
1141 1979
1141 4014
1141 4311
1141 4597
1142 1832
1142 1951
1142 1978
1142 2521
1142 3060
1142 3292
1143 1817
1143 2525
1143 3358
1143 3429
1143 3850
1144 2714
1144 3409
1144 4567
1145 1636
1145 1646
1145 1761
1145 2412
1145 2595
1145 2914
1145 3718
1146 1218
1146 1533
1146 2310
1146 2865
1146 4351
1147 1282
1147 1878
1147 2937
1148 3976
1149 1634
1149 2129
1149 2476
1149 2531
1149 2973
1149 3640
1149 3690
1149 4330
1149 4408
1149 4480
1150 1300
1150 1311
1150 1367
1150 2206
1150 2717
1150 2943
1150 3197
1150 3482
1150 3998
1150 4776
1151 1265
1151 1414
1151 1446
1151 2370
1151 3446
1151 4454
1152 1425
1152 2589
1152 3661
1152 3678
1153 2248
1153 2711
1153 3543
1153 4063
1153 4251
1154 1170
1154 1260
1154 1298
1154 1490
1154 1516
1154 2362
1154 2411
1154 2733
1154 2854
1154 3744
1155 2165
1155 2184
1155 2329
1155 2846
1155 2892
1155 3823
1155 4373
1155 4435
1156 1712
1156 2114
1157 1171
1157 1408
1157 2633
1157 3040
1157 3443
1157 3638
1158 1407
1158 1841
1158 2333
1158 4050
1158 4467
1158 4720
1158 4831
1159 4691
1159 4940
1160 3252
1160 3364
1160 3522
1160 3527
1161 2114
1161 2205
1161 2538
1161 3005
1161 3433
1161 4517
1162 1636
1162 1658
1162 2754
1162 3312
1163 1281
1163 2648
1163 3681
1163 3687
1164 1191
1164 2475
1164 3488
1164 4065
1164 4443
1165 1454
1165 2435
1165 2674
1165 3962
1165 4764
1166 1734
1166 2228
1167 1462
1167 2020
1168 2214
1168 2324
1168 2694
1168 4610
1169 1676
1169 1834
1169 1856
1169 1981
1169 2293
1169 3408
1169 4199
1169 4490
1169 4977
1170 1177
1170 1223
1170 1306
1170 1367
1170 1537
1170 1633
1170 1661
1170 2093
1170 3006
1170 3023
1170 3241
1170 3347
1170 3355
1170 3544
1170 3605
1170 3848
1170 3904
1170 4427
1170 4536
1170 4553
1171 1369
1171 2628
1171 2674
1172 1203
1172 1498
1172 1544
1172 1733
1172 2099
1172 2183
1172 2976
1172 3549
1173 1309
1173 1395
1173 2106
1173 2278
1175 1283
1175 1287
1175 1356
1175 1482
1175 1652
1175 2282
1175 2367
1175 2478
1175 2684
1175 3051
1176 1291
1176 1519
1176 1884
1176 1980
1176 2574
1176 2754
1176 3072
1176 3772
1176 4334
1176 4850
1177 1926
1177 2663
1177 3115
1177 3322
1177 4075
1177 4369
1178 1898
1178 1976
1178 2011
1178 3669
1179 1189
1179 1390
1179 2359
1179 4114
1179 4215
1180 4269
1181 1728
1181 2298
1181 2384
1181 2597
1181 2816
1182 1790
1182 2076
1182 2600
1182 2836
1182 3104
1182 3327
1182 3383
1182 4327
1182 4386
1183 1683
1183 3088
1183 3251
1183 3265
1184 1834
1184 2176
1184 2548
1184 2569
1184 2837
1184 3041
1184 3231
1184 3701
1184 4361
1185 1304
1185 1863
1185 1962
1185 2567
1185 3153
1185 4032
1186 3563
1187 2266
1187 2706
1188 1529
1188 1626
1188 2606
1188 2806
1188 2993
1188 3297
1188 3727
1188 4489
1189 1567
1189 1777
1189 2596
1189 2906
1189 3524
1189 3929
1189 4866
1189 4954
1190 1375
1191 1837
1191 1997
1191 2870
1192 1765
1192 3969
1192 4996
1193 1536
1193 1728
1193 2049
1193 2173
1193 2356
1193 2420
1193 2957
1193 2983
1193 3032
1193 4185
1194 3262
1194 4455
1194 4923
1195 1443
1195 1455
1195 1677
1195 2331
1195 3435
1195 4475
1196 1406
1196 1605
1196 2080
1196 2194
1196 3055
1196 3515
1196 4001
1196 4981
1197 1271
1197 1603
1198 1281
1198 1297
1198 2553
1198 3143
1198 3171
1199 1737
1199 1745
1199 3334
1199 4299
1199 4741
1199 4752
1200 2203
1200 2396
1200 3110
1201 1315
1201 2649
1201 3502
1201 4651
1202 3129
1202 3885
1202 4136
1202 4493
1203 1832
1203 2707
1203 3092
1203 4849
1204 2566
1204 2783
1204 3105
1204 4427
1204 4835
1205 1343
1205 2215
1205 2450
1205 3060
1205 3605
1205 4001
1205 4728
1206 1595
1206 2112
1206 2877
1206 3482
1206 4009
1206 4545
1207 1809
1207 2907
1207 3040
1207 3377
1207 3896
1207 4207
1208 1380
1208 1533
1208 2954
1208 3244
1208 3671
1208 4594
1208 4661
1208 4779
1209 1469
1209 1611
1209 2430
1209 2486
1209 2642
1209 2667
1209 2708
1209 3198
1209 3634
1209 3832
1210 1548
1210 1706
1210 3978
1210 4329
1210 4741
1211 2675
1211 4291
1211 4368
1211 4675
1211 4781
1212 2061
1212 2282
1212 2418
1212 2487
1212 3458
1212 3550
1212 3851
1212 4721
1213 1815
1215 1376
1215 1648
1215 1934
1215 2156
1215 2299
1215 2348
1215 2711
1215 2800
1215 3536
1215 4554
1216 1387
1216 1552
1216 2146
1216 2316
1216 2747
1216 3863
1216 4837
1217 1259
1217 2060
1217 3630
1217 4449
1218 1576
1218 2173
1218 2330
1218 2632
1218 4466
1219 1248
1219 1577
1219 1821
1219 2761
1219 2897
1219 3180
1219 3246
1219 3959
1219 4359
1220 1403
1220 1411
1220 2630
1220 3442
1220 3528
1221 1843
1221 2426
1222 1721
1222 1890
1222 2090
1222 2310
1222 2472
1222 2693
1222 2818
1222 3067
1222 4152
1222 4982
1223 1956
1223 2576
1223 2609
1223 3680
1223 4187
1223 4728
1224 1445
1224 1905
1224 2349
1224 2647
1224 3353
1224 3430
1224 3957
1224 4286
1225 1435
1225 1816
1225 3683
1225 4167
1225 4793
1226 1790
1226 2374
1226 2674
1226 3727
1226 4066
1226 4541
1226 4806
1227 3116
1227 3831
1228 1815
1228 2355
1228 4778
1229 1515
1229 2067
1230 1981
1230 2178
1230 2231
1230 2438
1230 2542
1230 2981
1231 1413
1231 2211
1231 2332
1231 2522
1232 1469
1232 2906
1232 3736
1233 1371
1233 1763
1233 2059
1233 2430
1233 3229
1233 4062
1233 4240
1234 2394
1234 2491
1234 3843
1234 4047
1234 4332
1234 4742
1234 4750
1235 1496
1235 3646
1235 4060
1235 4067
1235 4337
1236 1933
1236 3591
1236 4437
1237 1589
1237 1696
1237 2530
1237 2777
1237 4686
1238 2762
1238 3472
1238 3897
1239 4144
1239 4262
1239 4283
1240 1417
1240 1663
1240 2326
1240 2619
1240 3138
1240 3545
1240 4587
1241 2772
1241 3100
1241 3169
1241 3666
1241 4103
1241 4242
1241 4750
1242 2283
1242 3105
1242 3227
1242 3608
1242 4350
1242 4833
1242 4888
1243 1677
1243 2179
1244 1985
1244 2470
1244 4294
1245 1617
1245 4878
1246 1831
1246 1862
1246 2325
1246 3746
1246 4678
1247 1304
1247 1553
1247 2519
1248 1489
1248 1731
1248 1787
1248 2778
1248 2804
1248 4347
1248 4463
1249 1413
1249 1892
1249 1952
1249 2925
1249 3083
1249 3395
1249 3413
1249 3460
1249 3501
1249 3652
1249 4726
1250 1613
1250 2262
1250 2523
1250 2968
1250 3359
1250 3810
1250 4006
1250 4239
1251 1383
1251 1920
1251 4457
1252 4997
1253 1594
1253 1899
1253 2086
1253 2105
1253 2445
1253 3296
1253 4216
1254 1646
1254 2327
1254 2592
1254 2740
1254 3464
1254 4905
1255 1298
1255 1770
1255 3099
1255 3103
1255 3189
1255 3856
1256 1863
1256 2454
1257 1354
1257 1381
1257 1449
1257 1558
1257 2372
1257 3478
1257 3968
1257 3988
1258 1415
1258 1814
1258 2047
1258 2872
1258 2997
1259 1318
1259 1454
1259 1854
1259 3782
1259 4034
1259 4671
1260 1261
1260 1287
1260 1681
1260 2388
1260 2493
1260 3014
1260 3298
1260 3389
1260 3484
1260 3588
1260 3717
1260 4106
1260 4975
1261 1329
1261 1538
1261 1690
1261 2394
1261 2809
1261 2871
1261 3311
1261 4121
1262 2195
1262 2676
1262 2684
1262 2953
1262 2994
1263 1479
1263 1664
1263 4384
1264 1501
1264 1531
1264 1661
1264 1842
1264 2407
1264 2696
1264 3447
1264 3490
1264 4169
1265 1280
1265 1821
1265 1953
1265 2454
1265 2946
1265 3100
1265 3214
1266 2798
1266 3024
1266 3352
1266 4310
1267 1902
1267 2669
1267 4509
1267 4969
1268 1480
1269 1553
1269 1676
1269 1963
1269 2780
1270 2357
1270 2488
1270 2584
1270 3586
1270 3764
1270 3842
1271 1365
1271 2433
1271 2719
1271 3083
1271 3405
1271 3474
1271 4625
1272 1352
1272 1587
1272 2208
1272 3964
1273 1966
1273 2497
1273 3247
1274 1444
1274 4981
1275 2284
1275 2326
1275 2895
1276 1333
1276 1450
1276 1819
1276 2532
1276 4098
1276 4785
1277 4446
1277 4667
1278 2897
1278 2958
1278 3049
1278 3554
1278 4032
1279 1890
1279 2053
1279 2280
1279 3110
1279 3172
1279 4133
1279 4452
1279 4954
1280 1301
1280 1517
1280 1549
1281 1893
1281 2418
1281 2652
1281 3448
1281 3760
1282 2091
1282 2377
1282 2859
1282 3360
1282 4270
1282 4595
1283 1501
1283 1628
1283 2383
1283 2456
1284 1978
1285 1519
1285 2518
1285 3167
1285 4673
1286 3379
1287 2331
1287 2402
1287 2590
1287 4312
1287 4461
1288 2053
1288 3329
1288 3783
1288 4231
1289 1345
1289 2344
1289 4183
1290 1909
1291 2782
1291 4372
1291 4754
1292 1444
1292 2207
1292 2314
1292 3422
1292 3623
1292 3819
1292 4892
1293 1512
1293 2760
1293 3516
1293 3629
1293 3872
1294 2363
1294 3180
1295 2141
1295 3468
1295 3568
1295 3622
1295 3843
1295 3905
1295 4298
1295 4572
1295 4762
1296 2290
1296 3962
1296 4930
1297 1768
1297 1887
1297 2385
1298 1340
1298 1607
1298 1775
1298 4755
1299 1326
1299 1789
1299 1848
1299 2260
1299 2900
1299 3790
1299 3945
1299 4530
1300 1319
1300 1760
1300 3153
1300 3653
1300 3814
1301 1359
1301 1884
1301 3124
1301 4366
1302 1559
1302 1750
1302 1773
1302 1983
1302 2217
1302 2717
1302 3644
1303 1787
1303 2084
1303 3618
1303 4277
1304 1320
1304 1346
1304 1521
1304 1634
1304 2158
1304 3585
1305 2755
1305 3750
1305 3785
1305 3940
1305 4844
1306 1358
1306 2999
1306 3547
1306 3892
1306 3921
1306 4099
1306 4146
1307 1343
1307 2764
1307 2787
1307 2869
1307 3050
1307 3592
1307 3730
1307 4046
1307 4508
1307 4541
1307 4601
1308 2698
1308 3560
1308 3964
1309 3155
1309 4711
1310 3448
1311 3870
1312 2101
1313 1437
1313 1839
1313 2055
1314 1823
1314 3216
1315 2257
1315 2322
1315 3399
1315 4678
1316 1546
1316 1567
1316 2236
1316 4410
1317 4200
1317 4733
1318 2224
1318 2587
1318 3332
1318 3877
1319 1725
1319 2039
1319 3301
1319 4089
1319 4133
1319 4154
1320 4276
1322 4314
1323 2176
1323 2696
1323 2763
1323 2891
1323 2921
1323 4184
1323 4390
1323 4399
1323 4540
1324 1345
1324 4021
1324 4387
1324 4469
1325 2677
1325 3095
1325 3100
1325 3174
1325 3738
1325 4538
1326 1460
1326 3224
1326 4234
1327 2433
1327 3118
1327 3321
1327 4201
1328 1410
1328 1670
1328 2066
1328 3365
1328 3421
1328 3593
1328 3717
1328 3791
1328 4527
1329 1536
1329 1575
1329 1914
1329 2899
1329 3170
1329 3996
1329 4156
1329 4675
1330 3765
1330 4297
1331 1690
1331 2528
1331 3344
1332 1477
1332 2975
1332 4653
1333 2515
1333 2792
1333 2938
1333 3143
1333 3724
1333 3742
1333 4067
1333 4785
1334 1732
1334 1999
1334 2488
1334 2510
1334 2727
1334 2759
1334 3293
1334 4433
1334 4684
1335 1511
1335 1941
1335 2060
1335 2507
1335 3307
1336 1446
1336 1693
1337 1637
1337 2571
1337 3625
1338 2176
1338 2958
1338 3875
1339 2001
1339 3412
1339 3858
1339 3903
1340 4917
1341 1873
1341 2169
1341 2544
1341 2740
1341 3032
1341 3172
1342 1433
1342 3337
1342 3670
1342 4169
1342 4866
1343 2058
1343 2890
1343 2915
1343 3333
1343 3455
1344 1760
1344 2239
1345 2088
1345 3686
1345 4025
1345 4156
1345 4201
1347 2284
1347 3982
1347 4644
1348 1422
1348 2351
1348 2588
1348 3143
1348 3581
1348 4104
1349 3028
1349 3123
1349 4797
1350 1604
1350 2899
1350 3827
1350 4639
1351 3796
1352 1524
1352 1605
1352 1754
1352 2101
1352 3108
1352 3244
1352 4513
1353 3495
1353 3657
1354 1891
1354 2509
1355 2457
1355 2959
1356 2295
1356 4597
1357 2063
1357 2850
1357 4235
1357 4517
1358 2224
1358 2334
1358 2364
1358 4535
1358 4763
1359 1896
1359 3169
1359 3459
1359 3786
1359 4043
1359 4445
1360 2233
1361 3212
1362 2508
1362 2773
1362 3350
1362 4375
1363 1544
1363 2301
1363 2626
1363 2737
1364 1421
1364 1616
1364 1866
1364 2440
1364 2577
1364 2729
1364 4899
1365 1498
1365 1562
1365 1992
1365 2678
1365 4808
1366 1850
1366 2188
1366 2655
1366 3209
1366 4397
1367 1498
1367 2606
1367 2954
1367 4769
1368 4970
1369 3028
1369 3954
1369 4483
1370 2306
1370 2698
1370 3616
1371 1478
1371 2153
1371 3920
1371 4824
1372 1748
1372 4517
1372 4776
1372 4865
1373 1784
1373 1953
1373 2856
1373 3360
1373 3608
1373 4147
1375 1468
1375 1477
1375 2373
1375 3915
1375 4391
1375 4552
1375 4611
1376 1429
1376 1569
1376 1980
1376 2119
1376 2120
1376 2600
1376 3542
1376 3583
1376 4124
1376 4565
1377 1477
1377 3219
1377 3240
1377 4132
1378 1595
1378 2629
1378 4343
1379 2240
1379 3594
1379 4071
1379 4331
1379 4419
1380 1425
1380 1930
1380 2925
1380 3096
1380 3162
1380 3195
1380 4188
1380 4631
1381 1496
1381 1666
1381 1959
1381 1964
1381 2941
1382 2701
1383 1642
1383 3575
1383 3749
1383 3934
1384 1489
1384 3081
1384 3094
1384 4033
1384 4123
1384 4698
1385 1679
1385 1760
1385 2585
1385 4061
1385 4302
1385 4646
1386 1942
1386 2094
1386 2876
1386 3224
1386 3759
1386 4840
1388 4521
1389 2107
1389 3656
1389 4536
1389 4782
1390 2340
1390 2684
1390 3017
1390 3889
1391 1688
1391 1812
1391 2990
1391 4352
1391 4999
1392 2588
1392 3007
1392 3343
1393 1488
1393 2001
1393 2109
1393 3897
1393 4660
1394 1835
1394 1957
1394 3112
1394 3672
1395 1706
1395 1770
1395 2330
1395 2375
1396 2150
1396 3868
1397 3339
1397 3497
1398 1924
1398 2305
1398 2510
1398 4536
1399 1541
1399 1619
1399 1768
1399 2037
1399 3601
1400 1527
1400 2269
1400 2809
1400 4190
1401 1510
1401 2128
1401 2729
1401 3235
1402 1691
1402 2825
1403 2280
1403 3190
1404 1750
1404 2468
1404 3717
1405 1471
1405 1591
1405 2161
1405 2345
1405 2529
1405 2725
1405 2824
1405 3670
1405 3837
1405 4344
1405 4670
1405 4681
1406 2564
1406 2972
1407 2077
1408 2557
1408 3394
1409 1520
1409 1637
1409 1954
1409 2286
1409 2676
1409 4190
1409 4751
1410 1463
1410 1855
1410 2045
1410 2446
1410 2659
1410 3220
1410 3910
1410 4786
1411 2508
1411 4823
1412 1839
1412 1847
1412 2238
1412 2355
1412 4065
1413 3568
1413 4935
1414 2595
1414 4086
1414 4448
1415 1518
1415 3339
1415 3628
1415 3812
1415 4599
1415 4910
1415 4919
1416 1602
1416 2766
1416 3073
1416 3842
1418 1618
1418 2445
1418 2965
1418 3573
1418 3804
1418 4204
1419 1421
1420 1869
1420 2025
1420 2324
1420 2821
1420 2906
1420 3211
1420 3530
1420 3879
1420 3927
1421 2245
1421 2433
1421 2871
1421 4135
1423 1991
1423 2218
1423 3434
1423 3484
1424 1689
1424 3250
1424 4616
1424 4736
1425 1798
1425 1877
1425 2826
1425 2887
1425 3777
1426 3546
1426 4295
1427 1877
1427 2357
1427 3750
1427 4019
1427 4191
1428 2263
1428 2739
1429 2105
1429 3338
1429 3922
1430 1552
1430 2299
1430 2447
1430 4613
1431 2560
1431 4669
1431 4975
1432 2152
1433 2074
1433 2559
1433 3373
1434 3570
1434 4300
1434 4487
1435 1724
1435 3415
1435 4372
1435 4411
1436 1771
1436 1822
1436 2113
1437 2777
1438 1521
1438 2553
1438 3019
1438 3482
1438 3619
1438 3937
1438 4933
1439 1639
1439 3094
1439 3196
1439 3616
1439 3853
1440 1586
1440 2507
1440 2829
1440 4020
1440 4027
1440 4113
1440 4205
1440 4843
1441 1538
1441 1897
1441 2121
1441 2266
1442 1545
1442 1679
1442 1808
1442 2755
1442 3113
1442 3338
1442 3410
1442 4792
1442 4952
1443 1465
1443 1614
1443 2512
1443 2787
1443 2935
1443 3423
1443 3534
1443 3681
1443 3791
1443 4281
1443 4308
1443 4903
1443 4995
1444 4921
1445 1945
1445 1975
1445 2406
1445 2780
1445 2979
1445 3075
1445 3154
1445 3654
1445 3687
1445 4612
1445 4992
1446 1946
1446 2710
1446 3111
1447 1646
1447 3085
1447 3202
1447 3298
1448 1500
1448 1793
1448 2296
1448 2602
1448 2794
1448 3045
1449 1565
1450 1669
1450 2611
1450 3518
1450 4638
1451 1918
1451 2040
1451 3179
1451 3281
1451 4438
1452 2292
1452 2352
1452 3695
1454 1775
1454 3279
1454 3641
1454 3682
1454 3880
1454 3881
1454 4225
1454 4431
1454 4441
1455 2220
1455 2845
1456 1917
1456 2426
1457 3054
1457 3630
1458 1621
1458 2398
1458 2584
1459 2653
1459 3575
1459 4315
1459 4583
1460 1618
1460 1629
1460 1804
1460 2116
1460 3060
1460 3767
1461 1650
1461 2358
1461 2940
1461 4140
1462 1629
1462 1998
1462 2062
1462 2602
1462 2633
1462 3040
1462 3156
1462 3442
1462 3829
1462 4588
1462 4930
1464 1582
1464 1676
1464 1701
1464 2120
1464 2344
1464 2946
1464 3078
1464 4671
1464 4827
1465 2270
1465 4377
1466 1704
1466 2265
1466 2289
1467 2128
1467 3401
1467 3579
1467 3637
1468 1879
1469 2353
1469 3758
1470 2924
1472 1841
1472 1864
1472 2818
1472 3809
1472 4052
1472 4454
1473 3374
1474 1847
1474 2167
1474 2769
1474 2941
1474 3582
1474 3874
1474 4305
1474 4458
1474 4839
1475 1510
1475 1616
1475 1927
1475 2151
1475 2313
1475 3074
1476 2192
1476 3319
1476 3340
1476 3840
1476 4422
1477 1973
1477 2840
1477 2978
1477 3279
1477 3386
1477 3952
1478 2618
1478 3577
1479 1738
1479 2928
1479 4178
1480 2383
1480 4614
1481 2432
1481 2553
1481 2740
1481 2881
1481 3112
1481 3606
1481 3616
1482 1904
1482 4172
1482 4405
1482 4631
1483 1701
1483 2628
1483 2820
1483 2863
1483 3807
1483 3824
1484 2327
1485 2175
1485 2287
1485 2601
1485 2659
1485 2830
1485 3033
1485 4021
1486 1716
1486 2552
1486 4636
1487 2172
1487 3107
1487 3607
1487 3686
1487 4756
1489 1530
1489 1766
1489 3070
1489 3077
1489 3816
1489 4299
1489 4600
1489 4982
1490 2069
1491 1923
1491 2893
1491 3457
1491 3590
1491 3646
1492 2417
1492 3530
1492 4565
1493 1600
1493 3096
1493 3467
1493 3540
1493 3988
1493 4835
1494 2321
1494 2584
1494 2668
1494 3186
1494 4669
1494 4973
1495 1551
1495 2064
1495 2294
1495 2395
1495 2993
1495 3250
1495 4180
1495 4710
1495 4718
1496 2663
1496 2731
1496 4467
1497 1942
1497 2116
1497 2404
1497 2475
1498 2488
1498 3613
1499 3226
1499 3775
1500 1592
1500 2345
1500 3350
1500 4170
1500 4226
1500 4778
1501 1588
1501 1855
1501 1904
1501 2066
1501 2302
1501 2800
1501 3617
1501 3855
1502 1663
1502 1795
1502 1814
1502 2028
1502 2140
1502 2905
1502 3218
1502 3599
1502 4183
1502 4594
1503 1898
1503 2346
1503 3364
1503 3642
1503 3916
1503 4563
1505 1997
1505 2758
1505 3023
1505 3121
1505 3791
1505 3883
1506 1603
1506 1663
1506 3579
1506 4240
1506 4511
1506 4998
1507 1619
1507 3138
1507 4091
1507 4249
1507 4444
1507 4952
1508 2776
1508 3511
1508 4544
1508 4886
1508 4896
1508 4909
1509 3255
1509 4152
1509 4251
1510 1603
1510 1686
1510 2134
1510 2204
1510 2483
1510 3130
1510 3540
1511 1558
1511 3807
1511 4345
1512 1994
1513 1607
1513 1669
1513 2380
1513 3760
1513 3933
1513 3955
1513 4867
1514 1606
1514 2126
1514 2574
1514 2867
1514 3265
1514 3268
1514 3490
1514 3970
1514 4585
1515 1535
1515 1909
1515 2821
1515 3214
1515 3934
1515 3935
1515 3965
1515 4017
1516 2909
1517 3648
1517 4452
1518 2047
1519 2154
1519 3567
1519 4535
1520 4370
1521 1929
1521 2397
1521 2961
1521 2992
1521 3259
1521 3533
1521 3574
1521 4109
1521 4154
1521 4189
1522 1984
1522 3252
1522 3944
1522 4261
1522 4959
1523 2612
1523 3784
1523 4416
1524 1681
1524 2346
1524 2773
1524 3027
1524 3216
1525 1803
1525 2167
1525 2244
1525 2575
1525 4296
1526 1870
1526 3007
1526 3541
1526 4002
1527 1979
1527 3267
1527 3719
1527 3838
1527 3967
1528 3786
1528 4266
1529 3091
1529 4973
1530 1841
1530 2566
1530 2676
1530 2737
1530 3469
1530 4088
1530 4649
1531 1963
1531 2311
1531 2365
1531 3129
1531 4533
1532 3891
1532 3974
1532 4186
1533 2429
1533 2541
1533 3209
1533 4167
1533 4348
1533 4441
1533 4738
1534 1547
1534 1642
1534 2013
1534 2075
1534 2740
1534 2823
1534 2838
1534 2935
1534 3090
1534 3783
1534 3960
1534 4201
1534 4508
1534 4780
1535 2738
1535 4050
1535 4235
1536 1565
1536 1720
1536 4815
1537 2335
1537 2904
1537 4233
1537 4500
1538 2824
1538 3258
1538 3903
1539 1632
1539 2093
1539 2617
1539 2835
1539 3866
1539 4034
1540 1980
1540 2328
1540 4547
1540 4676
1541 2912
1541 3950
1541 4986
1542 1736
1542 2034
1542 3396
1542 4858
1543 1791
1543 3768
1543 4163
1543 4434
1543 4447
1544 1659
1544 1719
1544 2230
1544 2633
1544 2752
1544 3026
1544 4130
1544 4250
1545 1935
1545 2055
1545 2766
1545 3698
1545 4392
1546 1687
1546 1719
1546 2416
1546 2465
1546 2554
1546 3384
1546 3773
1546 4077
1546 4276
1546 4363
1547 3169
1547 3702
1547 3858
1547 3870
1547 4603
1548 1984
1548 4054
1549 2249
1549 2894
1549 2910
1549 3151
1550 2196
1550 2440
1550 3776
1551 1730
1551 2587
1551 2596
1551 3168
1551 4207
1551 4292
1551 4395
1551 4585
1552 1562
1552 1742
1552 2115
1552 2228
1552 3271
1552 3661
1552 4066
1552 4102
1552 4586
1552 4902
1553 2347
1553 2657
1553 2783
1553 3130
1553 3466
1553 3497
1553 4319
1553 4921
1554 1885
1554 1912
1554 2438
1554 2586
1554 2737
1554 3375
1555 1794
1555 3316
1555 4863
1558 1807
1558 2050
1558 2827
1558 3259
1559 3972
1560 1712
1560 1901
1560 1906
1560 2377
1560 2491
1560 2701
1560 4409
1560 4648
1560 4926
1561 2300
1561 2890
1561 3667
1562 1799
1562 2218
1562 2612
1562 2765
1562 4275
1563 2415
1563 4702
1564 1645
1564 2726
1564 2926
1564 3946
1564 4114
1564 4939
1564 4967
1565 2601
1565 2648
1565 2832
1565 3542
1565 3820
1565 4698
1565 4887
1566 2225
1566 2474
1566 2588
1566 3213
1566 3284
1566 3479
1566 4149
1566 4191
1566 4266
1566 4606
1567 2343
1567 2390
1567 2441
1567 4771
1568 1838
1568 1960
1568 2576
1568 2685
1568 2812
1569 1782
1569 2002
1569 2647
1569 3357
1569 4300
1569 4456
1570 1672
1570 2373
1570 3033
1570 3692
1570 3745
1570 4238
1570 4271
1570 4394
1570 4938
1572 4023
1573 1767
1573 2002
1573 2277
1573 2326
1573 2651
1573 2699
1573 2995
1573 3472
1573 3544
1573 3692
1573 3918
1573 4177
1573 4790
1574 2074
1574 3651
1575 1954
1575 2091
1575 2594
1575 2805
1575 2880
1575 3703
1575 4008
1576 1877
1576 2641
1576 3128
1576 3220
1577 3056
1578 1712
1578 1868
1578 2243
1578 2658
1578 3120
1578 3624
1579 4378
1580 1740
1580 2997
1581 2231
1581 2253
1581 3034
1581 3779
1581 3907
1581 4726
1582 2329
1583 2004
1583 2490
1583 2560
1583 2638
1583 4819
1584 2396
1584 3754
1585 1732
1585 2913
1585 4871
1585 4988
1586 1855
1587 2617
1587 3989
1587 4078
1587 4276
1587 4846
1588 1590
1588 2534
1589 4829
1590 4169
1591 3166
1591 3652
1592 1812
1592 1901
1592 2619
1592 2871
1593 2041
1593 2143
1594 2179
1594 4377
1595 2256
1595 4180
1595 4613
1596 3315
1596 3454
1597 1675
1597 1691
1597 1872
1597 2147
1597 2485
1597 4392
1597 4774
1598 2597
1598 3222
1598 3593
1599 2073
1599 3257
1599 3658
1599 3993
1599 4065
1599 4425
1599 4826
1600 1715
1600 2255
1600 2680
1600 3008
1601 3521
1601 3542
1601 3867
1602 2432
1603 1613
1603 2229
1603 4004
1604 2855
1605 3020
1605 3329
1605 4128
1605 4501
1606 2263
1606 2558
1606 2735
1606 3182
1607 1664
1607 1718
1607 1839
1607 1871
1607 1931
1607 2187
1607 2234
1607 2883
1607 2952
1607 3084
1607 3411
1607 3691
1607 3712
1607 3718
1607 4194
1607 4302
1607 4636
1607 4874
1608 3177
1608 4132
1608 4502
1609 2580
1609 2629
1609 3387
1609 3456
1609 4989
1610 1729
1610 2410
1610 2722
1610 3063
1610 3234
1611 2012
1611 3400
1611 4214
1611 4437
1611 4972
1612 1861
1612 2998
1612 3557
1612 4033
1612 4053
1612 4927
1613 1960
1613 1968
1613 1997
1613 3555
1614 2512
1615 2026
1615 3102
1615 3196
1615 3636
1615 3708
1615 3865
1615 4865
1616 3018
1616 3602
1616 4245
1617 1628
1617 2516
1617 3418
1617 4351
1617 4719
1618 2162
1619 1857
1619 2250
1620 1707
1620 2193
1620 2623
1620 3239
1620 4388
1620 4531
1621 2295
1621 3261
1621 3399
1621 3418
1622 4899
1623 1654
1623 2800
1623 3697
1623 4135
1623 4342
1623 4570
1624 2212
1624 2965
1624 4718
1625 4550
1626 2085
1626 3384
1626 3817
1626 4916
1627 3562
1629 2908
1629 3698
1630 1988
1630 2704
1630 3234
1630 4489
1631 1752
1631 2296
1631 2850
1631 3175
1631 3184
1631 4409
1633 1888
1633 3740
1633 3754
1633 4045
1634 2237
1635 2645
1635 4534
1636 2054
1636 2197
1636 2217
1636 2305
1636 2934
1636 3092
1636 4019
1636 4050
1636 4958
1637 4577
1638 2584
1638 2933
1638 3299
1638 3590
1638 3892
1638 4073
1638 4128
1640 2920
1640 2984
1640 4091
1640 4856
1641 1913
1641 2015
1641 4557
1642 1723
1642 1951
1642 2064
1642 2166
1642 2519
1642 2544
1642 3055
1642 3452
1642 3610
1643 1905
1643 2659
1643 3727
1643 3873
1643 4189
1644 3703
1645 1923
1645 2023
1645 3133
1645 3778
1645 4558
1645 4711
1645 4863
1646 2064
1646 3227
1646 4259
1646 4915
1647 2166
1647 4740
1648 1705
1648 2420
1648 3256
1648 3479
1648 4280
1648 4405
1649 1717
1649 1749
1649 2471
1649 2537
1650 3588
1651 4079
1651 4461
1652 2702
1652 3286
1652 4820
1653 2056
1653 2921
1653 3983
1654 2201
1654 2449
1654 2730
1654 2991
1654 3393
1654 3499
1654 3685
1655 2121
1655 2428
1655 3454
1656 2048
1656 2825
1657 3767
1658 1910
1658 2325
1659 2634
1659 3184
1659 3471
1659 3900
1660 1885
1660 2686
1660 4109
1661 2258
1661 2438
1661 3131
1661 3177
1662 2014
1662 2133
1662 3662
1662 4046
1662 4507
1663 1714
1663 2014
1663 2863
1663 4635
1664 2172
1664 2308
1664 2601
1664 2988
1664 3420
1664 4774
1665 1667
1665 2063
1665 2115
1665 2322
1665 2763
1665 3243
1666 3301
1666 3478
1667 2297
1667 3925
1668 1932
1668 2001
1668 3460
1669 4720
1671 2014
1671 2681
1672 1882
1672 2389
1672 2745
1672 2903
1672 3581
1673 1698
1674 1996
1674 2038
1674 2245
1674 2437
1674 2742
1675 1891
1675 3208
1676 1848
1677 2098
1677 2142
1677 3465
1677 3672
1677 4497
1678 2378
1679 4078
1679 4491
1680 1886
1680 2788
1680 2811
1680 3069
1680 4279
1680 4309
1680 4434
1681 2309
1681 4977
1682 3615
1682 3726
1682 4679
1683 2136
1683 2435
1683 2594
1683 2635
1683 2796
1683 2866
1683 2963
1683 3712
1683 4679
1684 2033
1684 3299
1684 3603
1685 1955
1685 3062
1685 3218
1685 3370
1686 2176
1686 3771
1686 4315
1686 4750
1687 1922
1688 3616
1688 4386
1688 4545
1689 2831
1689 3365
1689 3820
1690 2364
1690 2934
1690 4004
1690 4819
1691 2484
1691 2994
1691 4060
1693 2278
1693 3207
1694 2778
1694 3052
1694 3420
1694 4675
1694 4959
1695 2338
1695 3256
1695 4322
1695 4794
1696 2051
1696 2170
1696 2364
1696 4383
1696 4464
1697 1843
1697 2662
1698 1848
1698 2862
1698 3032
1698 3336
1699 2065
1699 3775
1699 4015
1700 3999
1700 4355
1701 1962
1701 2283
1701 2726
1701 3000
1701 4163
1701 4417
1701 4704
1702 2559
1703 2777
1703 3264
1703 4311
1704 1867
1704 1910
1704 2036
1704 2634
1706 2265
1706 3632
1707 1725
1707 1802
1707 1835
1707 2371
1707 2822
1707 2916
1707 4342
1708 2125
1708 2321
1708 2431
1708 3937
1708 4555
1709 1802
1709 1903
1709 2942
1709 3407
1709 4773
1710 3164
1711 3600
1711 4228
1711 4519
1712 3303
1713 3877
1714 1751
1714 1991
1714 2210
1714 3058
1714 3620
1714 4209
1715 1775
1715 3490
1716 2113
1716 3124
1716 3513
1716 3514
1717 3996
1717 4937
1718 1895
1718 2167
1718 2228
1718 4502
1718 4811
1719 1969
1719 2083
1719 2599
1719 3542
1719 3650
1719 4361
1720 1950
1720 2481
1720 2850
1720 2981
1720 3015
1720 4390
1720 4439
1721 1791
1721 1797
1721 1906
1721 2060
1721 2082
1721 2730
1721 3070
1721 3643
1721 4461
1721 4746
1722 3047
1722 4487
1723 1754
1723 3966
1723 4253
1723 4746
1724 1792
1724 1940
1724 2000
1724 2927
1724 2974
1724 3624
1724 4733
1724 4978
1725 2336
1725 2956
1725 3514
1725 3665
1725 4379
1725 4506
1725 4878
1727 2031
1727 2192
1727 2851
1727 2870
1727 2883
1727 3173
1727 3578
1727 4007
1727 4619
1728 1788
1728 4579
1729 2614
1729 2688
1729 2725
1729 3793
1729 4282
1729 4393
1730 2235
1730 4210
1731 2002
1731 2098
1731 3647
1731 3812
1731 3846
1732 2441
1732 3895
1732 4354
1733 3180
1733 3563
1733 3985
1734 1946
1734 3434
1734 4341
1735 2686
1735 3242
1735 3271
1735 3932
1735 4328
1735 4799
1736 3946
1737 2547
1737 3454
1737 3520
1738 2606
1738 2738
1738 2869
1738 3671
1739 2245
1739 3205
1739 4341
1740 2211
1740 2423
1741 1744
1741 4609
1743 4297
1744 1769
1744 1875
1744 4417
1745 1808
1745 3198
1746 1825
1746 2614
1746 4336
1747 1810
1747 1928
1747 1937
1747 3047
1747 3865
1747 4158
1747 4289
1747 4414
1748 2572
1748 4379
1748 4509
1749 3340
1750 1756
1751 3438
1751 4561
1752 4361
1752 4953
1753 1945
1753 3541
1753 4521
1754 2503
1755 2352
1755 2837
1756 1954
1756 3585
1757 1864
1757 1967
1757 2907
1757 3123
1757 3348
1757 4941
1758 2734
1758 3440
1759 2110
1759 3095
1759 3340
1759 3519
1759 4111
1760 2842
1760 2952
1760 3611
1760 4611
1760 4716
1761 2528
1761 3615
1761 4200
1761 4268
1761 4555
1762 2391
1762 2984
1762 2985
1762 3660
1763 1768
1763 4618
1764 2351
1764 4194
1764 4592
1765 3987
1766 2190
1766 2328
1767 1939
1767 1944
1767 2006
1767 2142
1767 2857
1768 3090
1768 3620
1768 4087
1768 4621
1769 3752
1770 1888
1770 2183
1770 2252
1770 2339
1770 2543
1770 2560
1770 3121
1771 2313
1771 3281
1771 3569
1771 4044
1771 4511
1771 4525
1771 4611
1771 4701
1771 4703
1772 1782
1772 1821
1772 2118
1772 2249
1772 2411
1772 3232
1772 3255
1772 4090
1772 4196
1773 1828
1773 2030
1773 3625
1774 3018
1774 3614
1774 3849
1774 4439
1775 2255
1775 2581
1775 2640
1776 2966
1777 2044
1777 2258
1777 2536
1777 2914
1777 4165
1778 4103
1778 4146
1779 2158
1779 2355
1779 3225
1780 2149
1780 2385
1780 2600
1780 3241
1780 3250
1780 3285
1780 3688
1780 3880
1780 3930
1780 4112
1781 3185
1782 2592
1782 2791
1782 4325
1783 1849
1783 2137
1783 2271
1783 2772
1783 3145
1783 3157
1783 3612
1783 4012
1783 4431
1784 2241
1785 2305
1786 2070
1786 2830
1786 3026
1786 3037
1786 3870
1786 4063
1786 4093
1786 4210
1786 4541
1786 4693
1786 4799
1786 4826
1787 2786
1787 2884
1787 3615
1789 2147
1789 2562
1789 2939
1789 2967
1789 3749
1789 4143
1790 1917
1790 1949
1790 1975
1790 2434
1790 3304
1790 3597
1790 3622
1790 4060
1790 4243
1792 3715
1792 4018
1792 4215
1792 4450
1793 2112
1793 4036
1794 3480
1795 2217
1795 2476
1795 2869
1795 2898
1795 3755
1796 3135
1796 3439
1796 4167
1796 4297
1796 4308
1796 4459
1796 4939
1797 3205
1797 3787
1797 4247
1798 2276
1800 2261
1800 2579
1800 2856
1800 3344
1800 4442
1800 4684
1801 2963
1802 3936
1802 4443
1802 4623
1803 1930
1803 4298
1804 3713
1804 4522
1804 4859
1805 3912
1806 1830
1806 2467
1806 2578
1806 3133
1807 1897
1807 2174
1807 3821
1808 1812
1808 2173
1808 2382
1808 3226
1808 3625
1808 3705
1808 4168
1808 4402
1808 4592
1808 4983
1809 1853
1809 2721
1809 2877
1809 3469
1809 3559
1809 4564
1809 4993
1810 3442
1811 2771
1811 2888
1811 4857
1812 2107
1812 2165
1812 2258
1812 2383
1812 2471
1812 2909
1812 3453
1813 2672
1813 2901
1813 3205
1814 2615
1814 4445
1815 2001
1815 2036
1815 2303
1815 3081
1815 3183
1815 3792
1815 4469
1816 3993
1817 1987
1817 3074
1817 3652
1817 4734
1817 4979
1818 1863
1818 2525
1818 3305
1818 3691
1818 3902
1818 4334
1819 2272
1819 2446
1819 3161
1819 3242
1819 3522
1819 3721
1819 4910
1821 1957
1821 3408
1822 2139
1822 2643
1822 2709
1822 3574
1822 4270
1823 2086
1823 3752
1823 4872
1824 3082
1824 4261
1825 2580
1826 2166
1827 3150
1827 3452
1828 2085
1828 4022
1828 4584
1831 2762
1832 3594
1833 1936
1833 4534
1834 1849
1834 4476
1835 2987
1835 3520
1835 4895
1836 1859
1836 2009
1836 2957
1836 3621
1836 4840
1837 1895
1837 2349
1837 2381
1837 2467
1837 2864
1837 2955
1837 3194
1837 3781
1837 4017
1837 4057
1837 4074
1837 4238
1837 4382
1837 4482
1837 4510
1837 4775
1838 2090
1838 3277
1838 4306
1838 4365
1838 4483
1838 4561
1838 4739
1839 2755
1840 4198
1840 4727
1841 1911
1841 2068
1841 2464
1841 2549
1841 3016
1841 4036
1841 4188
1841 4197
1841 4391
1842 2139
1843 1847
1844 1915
1845 2977
1845 3507
1845 3930
1845 3948
1846 2616
1847 1947
1847 2280
1847 2531
1847 3532
1847 3755
1847 3866
1847 4353
1847 4572
1847 4625
1848 1995
1848 2546
1848 4015
1848 4568
1849 2044
1849 3346
1849 3969
1849 4190
1849 4636
1850 1927
1850 2017
1850 2072
1851 2207
1852 2672
1852 4195
1852 4704
1853 2159
1853 4857
1854 2249
1854 3029
1854 4227
1855 2535
1855 2920
1855 3166
1855 3741
1856 2022
1856 3688
1856 3994
1856 4178
1856 4388
1856 4972
1856 4999
1857 2157
1857 2516
1857 2664
1858 4757
1859 1988
1859 2433
1859 3051
1859 3654
1859 4038
1859 4122
1859 4700
1861 2380
1861 2415
1861 2473
1861 4911
1863 3061
1863 3339
1863 4409
1864 4211
1865 2007
1865 2057
1865 2179
1865 2282
1865 2397
1865 2705
1865 2867
1865 3223
1865 3772
1865 4055
1865 4357
1865 4367
1865 4429
1865 4482
1865 4831
1866 2407
1867 3121
1867 3675
1867 4341
1868 2633
1868 3201
1869 1970
1869 4460
1873 2502
1874 2315
1874 2677
1874 4453
1875 2099
1875 3351
1876 3474
1877 4388
1878 2118
1878 2223
1878 2225
1878 2366
1878 3676
1879 1929
1879 2705
1879 4269
1880 2097
1880 3482
1881 1934
1881 3487
1882 2387
1882 2997
1882 3130
1882 3977
1882 4736
1882 4941
1883 2307
1883 2790
1883 2810
1883 3656
1883 4185
1884 2526
1884 3804
1884 4009
1885 1948
1885 2878
1885 4863
1886 2710
1886 2816
1886 2920
1886 3354
1886 4570
1886 4713
1886 4766
1886 4968
1887 3145
1887 3847
1887 4337
1887 4834
1888 2020
1888 2217
1888 2352
1888 4254
1888 4878
1889 1917
1889 2276
1889 2851
1889 2998
1889 3113
1889 3250
1889 3335
1889 3644
1889 3956
1889 3978
1889 4209
1889 4229
1889 4334
1890 2555
1890 2697
1891 3317
1891 3833
1891 4739
1892 3246
1894 2781
1894 4588
1895 2807
1895 3287
1895 3732
1895 4116
1896 3824
1896 4020
1898 2075
1898 2559
1898 4121
1898 4900
1899 1964
1899 2599
1899 3717
1899 4559
1899 4589
1900 2869
1900 3249
1900 4241
1900 4478
1902 2471
1902 2664
1902 3702
1902 3916
1902 4053
1902 4588
1903 2575
1903 3373
1903 3468
1903 4232
1903 4234
1905 3031
1905 3330
1905 3741
1905 3794
1905 4081
1905 4333
1906 2645
1906 3142
1906 3197
1906 4468
1906 4743
1907 2087
1907 2149
1907 2285
1907 2704
1907 3783
1907 3977
1907 4829
1907 4951
1908 2261
1908 2386
1908 3152
1908 3552
1908 4688
1908 4760
1908 4885
1909 2268
1909 3201
1910 2231
1910 2963
1910 3550
1911 2229
1911 2237
1911 2948
1911 3529
1911 3878
1911 4416
1912 2146
1912 2558
1912 2647
1912 2804
1912 2933
1912 3335
1913 2116
1913 4379
1913 4779
1914 2379
1914 2611
1914 3536
1914 3621
1914 3731
1914 3894
1915 2493
1915 2604
1915 3316
1915 3705
1915 3737
1916 2302
1916 3695
1917 2416
1918 2803
1918 3650
1919 3086
1919 3525
1919 3552
1919 3937
1919 4649
1920 3005
1920 3223
1920 3939
1920 4018
1920 4167
1921 2138
1921 2455
1921 2707
1921 2794
1921 2860
1922 3563
1922 4064
1922 4159
1923 2272
1924 1986
1924 3762
1924 3891
1925 2283
1925 3912
1925 4013
1926 3283
1926 3306
1926 4085
1927 4383
1928 2214
1928 2400
1928 3059
1928 3200
1928 3384
1928 3595
1929 2619
1929 3191
1929 4352
1930 2442
1930 3003
1931 2180
1931 2546
1931 3188
1931 3391
1931 3809
1932 4472
1933 3325
1933 3423
1934 2615
1934 2933
1935 3601
1935 4078
1935 4608
1936 1992
1936 2617
1936 4562
1936 4616
1937 2716
1937 3501
1938 2535
1939 2536
1939 3280
1940 2497
1940 3559
1940 4556
1940 4926
1941 2585
1941 2763
1941 3427
1941 3710
1942 4923
1945 3094
1946 2950
1947 3152
1947 3913
1947 4697
1948 2017
1948 2137
1948 2181
1948 4080
1949 2240
1950 2728
1950 3140
1952 2110
1952 2732
1952 3529
1953 3630
1954 3385
1954 3510
1955 2812
1955 3399
1955 3502
1955 4297
1955 4705
1956 2057
1956 2350
1956 2460
1956 2711
1956 3092
1956 4317
1957 2842
1957 3052
1957 3257
1958 3952
1960 2662
1960 4507
1961 2531
1961 2580
1961 2866
1961 3274
1961 4444
1962 3011
1962 3145
1964 3877
1965 2031
1965 2154
1966 2019
1966 2025
1966 2197
1966 2393
1966 2479
1966 3367
1966 3402
1966 3453
1966 4685
1966 4749
1967 2006
1967 2201
1967 4137
1968 3897
1968 4590
1969 2471
1969 3036
1969 3548
1971 2817
1971 2949
1971 3321
1971 3469
1971 4942
1972 3084
1972 4532
1973 2060
1973 4671
1974 2185
1974 2428
1974 3838
1974 4151
1974 4939
1975 1981
1975 3528
1975 4566
1975 4671
1976 2591
1976 2864
1976 4146
1976 4537
1977 2979
1977 4414
1978 2379
1978 2532
1978 2720
1978 3140
1978 4101
1980 2449
1980 2689
1980 2966
1980 3509
1980 3731
1980 4193
1981 2767
1982 3537
1982 3572
1982 3796
1982 3968
1982 4399
1983 3069
1983 3331
1983 3388
1983 3510
1984 2332
1984 2643
1985 2036
1985 2358
1985 2386
1985 2650
1985 3059
1985 3400
1985 3474
1985 4062
1985 4627
1986 2110
1986 2319
1986 2857
1986 3241
1986 3359
1987 2121
1987 3909
1988 4720
1989 2902
1990 2700
1990 2841
1992 2438
1992 2470
1992 2768
1992 2875
1992 3409
1992 3473
1992 4380
1992 4822
1993 2581
1993 2854
1993 3943
1994 2155
1995 3267
1995 4449
1996 3352
1996 3793
1997 2198
1997 2199
1998 2798
1998 3087
1998 4659
1999 2785
1999 4449
1999 4883
2000 2944
2000 3599
2000 4889
2001 2056
2001 3723
2001 3986
2001 4706
2001 4755
2001 4820
2002 2426
2002 2613
2002 3124
2002 3760
2002 4182
2003 2025
2003 2087
2003 2567
2003 3069
2003 3963
2003 4257
2003 4647
2003 4782
2003 4869
2004 2725
2004 2982
2004 3488
2005 2541
2006 3153
2006 3428
2006 4568
2007 2561
2007 4549
2008 2496
2008 3633
2008 3930
2009 3189
2009 3203
2009 3524
2010 2427
2011 2713
2011 3211
2011 3449
2012 2626
2012 2708
2012 2859
2013 2662
2013 2927
2013 3931
2014 2924
2016 2524
2017 2698
2017 3773
2017 4055
2017 4531
2018 3039
2019 2695
2019 3191
2019 3194
2019 4392
2020 4016
2021 2661
2021 3711
2021 4219
2022 3535
2022 4530
2023 2096
2023 2744
2023 4981
2024 4854
2025 2903
2025 3541
2026 2175
2026 4437
2026 4527
2027 2151
2027 2184
2027 3097
2027 4263
2027 4342
2028 2990
2028 3688
2029 3837
2029 3970
2030 2198
2030 2945
2030 4721
2031 2319
2031 3447
2032 2154
2033 3381
2033 3586
2033 3860
2033 4330
2033 4624
2034 3206
2034 4629
2034 4894
2035 2778
2035 3511
2035 3841
2035 4769
2036 2741
2036 2764
2036 2865
2036 3240
2036 3513
2036 3526
2037 2472
2037 3086
2037 3500
2038 2849
2038 3410
2038 3470
2038 4029
2038 4974
2039 4062
2039 4418
2040 2235
2040 2400
2040 2427
2040 2477
2040 3768
2040 4448
2041 2753
2041 3276
2041 3500
2041 4286
2042 3613
2042 4843
2043 2069
2043 2328
2043 2712
2043 2921
2043 3003
2043 3651
2043 3862
2043 4367
2044 3069
2044 3495
2044 3699
2044 4416
2045 2095
2045 4202
2046 2723
2046 3515
2047 2816
2047 3086
2047 3302
2047 4561
2048 2782
2048 2931
2048 4072
2049 2463
2049 3237
2050 2111
2050 2158
2050 2791
2050 2795
2050 3301
2051 2801
2051 3416
2052 2267
2052 2334
2052 4064
2053 2515
2053 3440
2053 3667
2054 4711
2055 2280
2055 4873
2055 4918
2056 3697
2057 3657
2058 2195
2058 3892
2058 4249
2058 4600
2058 4762
2059 2425
2059 2742
2059 3200
2059 3663
2059 4094
2060 4506
2062 3524
2062 4293
2063 3758
2063 3919
2063 4381
2064 2314
2064 2318
2064 2338
2064 2413
2064 4576
2064 4680
2064 4949
2065 2106
2065 2485
2065 3483
2065 4480
2065 4548
2065 4730
2066 2448
2066 3655
2067 2900
2067 2964
2067 3671
2067 4148
2067 4828
2068 2173
2068 2205
2068 2216
2068 2223
2069 2115
2069 3107
2069 4087
2069 4280
2070 2480
2071 2160
2071 3419
2072 2229
2072 2332
2072 3142
2072 3557
2072 3890
2072 4422
2072 4824
2073 2318
2073 2590
2073 2624
2073 3112
2073 3332
2074 2985
2074 4879
2075 2576
2075 3303
2076 3062
2076 3326
2076 3388
2076 3614
2076 4996
2077 3092
2077 4052
2078 3964
2079 2322
2079 2764
2079 4883
2080 2259
2080 2628
2080 3093
2080 3263
2080 3676
2080 4187
2083 2650
2083 3531
2084 2262
2084 2405
2084 2460
2084 2463
2084 3694
2084 4084
2084 4086
2085 2436
2085 2632
2085 2881
2085 4181
2085 4874
2086 3371
2086 4286
2087 2390
2087 4326
2090 2268
2090 2998
2091 2177
2091 2828
2091 4192
2091 4770
2091 4956
2092 2508
2092 2621
2092 2912
2092 2987
2092 3196
2092 3354
2092 4524
2093 4770
2094 2990
2094 4057
2094 4924
2095 2716
2096 2103
2096 3055
2096 3202
2097 2692
2097 2795
2097 2948
2097 3276
2097 3775
2097 4612
2098 3509
2099 2745
2099 3416
2099 4499
2100 2300
2101 3762
2102 4076
2102 4114
2102 4535
2102 4889
2103 2582
2104 2124
2104 3604
2104 4073
2104 4885
2105 3027
2105 3266
2105 3348
2105 3366
2105 3638
2105 3809
2105 4698
2106 3528
2106 4532
2106 4825
2106 4993
2107 2851
2108 2203
2108 2573
2109 2191
2109 2759
2109 4429
2109 4691
2110 2813
2110 2919
2110 3254
2110 4374
2110 4670
2112 3211
2113 4782
2114 2125
2114 3609
2114 4092
2114 4942
2114 4946
2115 2275
2115 3556
2115 4314
2116 3887
2118 2167
2118 2810
2119 4007
2119 4258
2120 2444
2120 2895
2120 4633
2121 3584
2121 4381
2122 2141
2122 4557
2123 2730
2123 2756
2125 3825
2125 3867
2125 4104
2126 2556
2126 2753
2126 3061
2126 3504
2126 4734
2127 3879
2129 2696
2129 4056
2130 2359
2130 3172
2130 3237
2130 3279
2130 3562
2130 4406
2131 3181
2131 3660
2132 3946
2133 2462
2133 2912
2133 3409
2133 3945
2133 4425
2134 3469
2134 3553
2134 4628
2135 2252
2136 2304
2136 2568
2136 2888
2136 4867
2136 4998
2137 3571
2137 3797
2137 4485
2138 2474
2138 3533
2139 3644
2139 3942
2140 2816
2140 2906
2140 3285
2140 4187
2140 4974
2141 3886
2142 4420
2142 4667
2143 2650
2143 2683
2143 2734
2143 2826
2143 2874
2143 3411
2143 3680
2143 3926
2143 3929
2143 4344
2143 4670
2144 4064
2144 4793
2144 4803
2145 3000
2145 3491
2145 4233
2145 4788
2146 2905
2147 2174
2147 2254
2147 3920
2148 2387
2148 3639
2149 4243
2150 2928
2151 2304
2151 3029
2151 3967
2151 4653
2152 3706
2152 4639
2153 2286
2153 4124
2154 2244
2154 2799
2154 3418
2154 3631
2155 2207
2155 3247
2155 4138
2156 2681
2156 4090
2156 4521
2156 4670
2157 2164
2157 2286
2158 2227
2158 2402
2158 2621
2158 2994
2158 3780
2158 4917
2159 3974
2159 4484
2160 2492
2160 2603
2160 2854
2160 3436
2160 4121
2160 4222
2160 4947
2160 4954
2161 3024
2161 3961
2161 4582
2161 4941
2162 2265
2162 3638
2162 3846
2162 4166
2162 4419
2162 4457
2163 2317
2164 3209
2164 4158
2164 4749
2165 3626
2165 4638
2166 2430
2166 3530
2167 2274
2167 4400
2168 2313
2168 2661
2168 2939
2168 3972
2168 4190
2168 4956
2169 3376
2170 2801
2170 4052
2170 4410
2170 4815
2171 2644
2171 2732
2171 3428
2172 2579
2172 2630
2173 2333
2174 2700
2174 2903
2174 3095
2174 3342
2175 3988
2175 3991
2175 4155
2176 2312
2176 2902
2176 3770
2177 2181
2177 4532
2178 2862
2178 3010
2178 3808
2178 4452
2178 4695
2178 4872
2179 2215
2179 2616
2181 2519
2181 2583
2181 3457
2181 4978
2183 3322
2184 3034
2184 3080
2185 2196
2185 2240
2186 2307
2186 2882
2186 4284
2186 4768
2187 2370
2187 3713
2187 4475
2187 4910
2188 3675
2189 2242
2189 4683
2189 4748
2190 2475
2190 2943
2190 4311
2190 4473
2191 4045
2191 4968
2195 2479
2195 2640
2195 3128
2196 2450
2196 2678
2196 2886
2197 2992
2198 2322
2198 2674
2198 2884
2198 3631
2199 3333
2199 3910
2199 4625
2199 4634
2199 4715
2200 2491
2200 4407
2201 3859
2201 4084
2202 2815
2202 4791
2203 2488
2203 2735
2203 4288
2205 2568
2205 2801
2205 2927
2206 2515
2206 3495
2206 3516
2206 3962
2206 4260
2207 4656
2208 4519
2209 4115
2210 2487
2210 3372
2210 4327
2210 4900
2211 2480
2212 2320
2212 3776
2213 2255
2213 2812
2213 2900
2213 3788
2213 4385
2214 3175
2214 4117
2214 4463
2214 4749
2215 2237
2215 2487
2215 2828
2215 3801
2215 4536
2217 2337
2217 3239
2218 2995
2219 2637
2219 4373
2219 4718
2220 2904
2220 3392
2220 3426
2220 4255
2221 3075
2221 3290
2221 3641
2223 2460
2223 3065
2223 3381
2223 3635
2224 3041
2224 3387
2224 3417
2224 3974
2225 2803
2225 2973
2225 3753
2225 3990
2225 4580
2228 2742
2228 3377
2230 2320
2230 2854
2230 3366
2230 3492
2231 3542
2231 3883
2231 4221
2233 2429
2233 2538
2233 2957
2234 3543
2234 4789
2235 3424
2235 4293
2236 2795
2237 2399
2238 2718
2239 2401
2239 2643
2239 2839
2239 3012
2239 3185
2239 4234
2241 3123
2241 4049
2241 4090
2241 4861
2242 2393
2242 2572
2242 2947
2242 3895
2242 4087
2242 4366
2242 4374
2243 4927
2244 3470
2245 2448
2245 3015
2245 4747
2246 3725
2246 4763
2246 4897
2246 4904
2247 2565
2247 3060
2248 2272
2248 3421
2249 2934
2249 3829
2249 4116
2250 2843
2251 4241
2252 2387
2252 2898
2252 3109
2253 3043
2253 3426
2253 3614
2253 4693
2253 4703
2253 4859
2254 2281
2254 2582
2255 3219
2255 3451
2255 4562
2255 4649
2257 4384
2258 4538
2259 4313
2260 4387
2261 3541
2261 3701
2262 2443
2262 2727
2263 3034
2263 3981
2264 2565
2265 2670
2265 2724
2265 2896
2265 4298
2265 4326
2265 4997
2266 3177
2266 3592
2266 4204
2266 4280
2266 4321
2267 2618
2267 4371
2268 3842
2269 2668
2269 2908
2269 3203
2270 3148
2270 4758
2270 4949
2271 2935
2271 4620
2272 2555
2272 3080
2272 3582
2273 2285
2273 3117
2274 2845
2274 2955
2274 2965
2276 2807
2276 4978
2277 2796
2277 4970
2278 4604
2278 4897
2279 2960
2279 3766
2280 2918
2280 3334
2280 3600
2280 4207
2280 4272
2280 4381
2280 4493
2280 4839
2281 2366
2281 2642
2281 2870
2281 4055
2281 4264
2283 3063
2283 3370
2283 4468
2283 4541
2283 4596
2284 3922
2285 4527
2286 2431
2286 2692
2287 2517
2287 2751
2287 2885
2288 4629
2289 3201
2289 3336
2290 2893
2290 3079
2290 3673
2290 3728
2290 4139
2290 4182
2290 4388
2290 4446
2291 2699
2292 2680
2292 3117
2292 4273
2293 3383
2295 2523
2295 3314
2295 4522
2296 3354
2296 4435
2297 3266
2297 3711
2297 4255
2297 4514
2298 2494
2299 3394
2299 3709
2299 4168
2300 3415
2301 4038
2301 4665
2301 4999
2302 2512
2302 2833
2302 3359
2302 3620
2303 2550
2303 3169
2303 3202
2303 3444
2305 3348
2305 3744
2305 4642
2306 3699
2308 2816
2308 4365
2308 4880
2309 2610
2309 2781
2309 2915
2309 3392
2309 3568
2309 4472
2310 4450
2310 4818
2311 4149
2311 4486
2313 2498
2313 3252
2313 4783
2314 3026
2314 3135
2314 4897
2315 2338
2315 2523
2315 2728
2315 4412
2316 2678
2316 3470
2316 3840
2318 3025
2318 3426
2318 3537
2318 3834
2318 3835
2320 2651
2320 3928
2321 2661
2321 2820
2321 3173
2321 4317
2322 4659
2322 4811
2323 2861
2324 4144
2324 4199
2325 3277
2325 4201
2325 4907
2325 4924
2325 4958
2327 3747
2327 4747
2327 4779
2329 2339
2329 3356
2329 3993
2330 3880
2331 3417
2331 4411
2332 2887
2332 3066
2332 3159
2333 2478
2333 3023
2333 3774
2335 4059
2336 3147
2336 3451
2336 4219
2336 4486
2337 2408
2337 3236
2337 3362
2337 3757
2337 4449
2338 3484
2338 3592
2338 4348
2338 4792
2339 2444
2339 2743
2341 2668
2343 4590
2344 4321
2345 2644
2345 2792
2345 3447
2345 3874
2345 4745
2346 4079
2347 2663
2347 3237
2347 3529
2347 3634
2347 4432
2348 2967
2348 3620
2349 2671
2349 3861
2351 2463
2351 2875
2351 4126
2351 4393
2352 2406
2352 3549
2353 3885
2354 2571
2354 2647
2354 3696
2355 3414
2357 2622
2357 4669
2358 3632
2359 3236
2360 2435
2360 2654
2360 2997
2360 3314
2360 3466
2360 3471
2360 4338
2360 4446
2361 2631
2361 3305
2362 2934
2362 4863
2363 2858
2363 3538
2363 3611
2363 3733
2363 4214
2363 4870
2363 4896
2364 3063
2364 3318
2364 4437
2365 2563
2365 3106
2366 2552
2366 4660
2368 3296
2368 3392
2368 3640
2369 3549
2370 3891
2372 2476
2372 2655
2372 4328
2373 3221
2374 3135
2374 3696
2374 4384
2374 4649
2375 2726
2375 3119
2375 4153
2376 2471
2376 2958
2376 3292
2376 3566
2377 3025
2377 3914
2379 2442
2379 2794
2379 2809
2380 2867
2380 3572
2380 3774
2382 2829
2382 3795
2382 4151
2383 2435
2384 2590
2384 2813
2385 3986
2386 2408
2386 3756
2386 4283
2387 4456
2388 4848
2388 4995
2389 3064
2389 4884
2390 2879
2390 3941
2391 2476
2391 2534
2391 2786
2391 2866
2391 3851
2391 4155
2392 2693
2393 2713
2393 3374
2393 3387
2393 3941
2393 4071
2393 4709
2394 3194
2394 3494
2394 3711
2395 3130
2395 3940
2395 4289
2396 2700
2397 3833
2397 4003
2398 3213
2398 3633
2398 4221
2398 4572
2399 3169
2400 2743
2400 2874
2400 2946
2400 3452
2400 3814
2400 4151
2400 4656
2400 4802
2401 3327
2401 4195
2401 4358
2401 4800
2402 2409
2402 2734
2402 4057
2402 4171
2403 2527
2403 4722
2404 3045
2405 2713
2405 4568
2406 2963
2406 4162
2407 4765
2408 4809
2409 2425
2409 3405
2409 3486
2409 4289
2409 4528
2411 3636
2411 4754
2413 3194
2413 4226
2414 3071
2414 3286
2414 4398
2414 4454
2415 2547
2415 3310
2416 2956
2416 3600
2416 4603
2417 2577
2417 3079
2417 3663
2417 4614
2418 2539
2419 2910
2419 4292
2421 3081
2423 2480
2424 2502
2424 2845
2424 4515
2425 3645
2425 4744
2425 4944
2426 3432
2426 4401
2426 4934
2427 4089
2427 4857
2429 4493
2430 3884
2430 4940
2431 2595
2432 2495
2432 2676
2432 2685
2432 3083
2432 3286
2434 2907
2434 3673
2434 4177
2434 4371
2435 2889
2435 3761
2435 4339
2436 3563
2438 2441
2438 3467
2438 3671
2440 2484
2440 2509
2440 3700
2440 4183
2440 4860
2442 2472
2442 2511
2442 3314
2443 4016
2443 4682
2444 2718
2445 2786
2446 2690
2446 3714
2447 2641
2447 2814
2447 3131
2449 3321
2449 3370
2449 3617
2449 4870
2450 2462
2450 4616
2453 2985
2453 3472
2453 4989
2454 2717
2454 3202
2454 3378
2455 4585
2456 3218
2456 4257
2458 4066
2459 3104
2459 3149
2459 3902
2459 4386
2459 4394
2459 4471
2459 4986
2461 2925
2463 2753
2464 2673
2464 3538
2465 2798
2465 3104
2465 3212
2465 4926
2466 4220
2466 4942
2467 2888
2467 3523
2468 3764
2469 2548
2471 4496
2472 2646
2472 3501
2472 3765
2472 4790
2474 2758
2474 3780
2474 3990
2475 2783
2475 4924
2476 3660
2476 4076
2477 2994
2478 3344
2479 2593
2479 2656
2479 4651
2480 3884
2480 4524
2480 4652
2481 4717
2482 3119
2482 3812
2482 4765
2483 4627
2484 3992
2485 3356
2485 4506
2486 2722
2486 4078
2486 4440
2488 3633
2488 4594
2489 3827
2489 4488
2489 4689
2490 4353
2491 2913
2491 4077
2491 4280
2491 4660
2492 2583
2492 2821
2493 2715
2493 3438
2493 4097
2493 4558
2493 4653
2494 3028
2495 2550
2495 2774
2495 3235
2496 3127
2496 3186
2496 3824
2496 4031
2497 2726
2498 2610
2498 2739
2498 4496
2499 3179
2499 3369
2499 3673
2500 2513
2500 3066
2500 4284
2501 4040
2502 3101
2503 4433
2504 3131
2504 4095
2507 3882
2507 3979
2507 4041
2507 4757
2509 2650
2509 3278
2509 3618
2509 3946
2510 3021
2510 3972
2511 4483
2513 3084
2513 3097
2513 3676
2515 3917
2516 2651
2516 3364
2517 2636
2517 2864
2517 2951
2517 2993
2517 3834
2519 4934
2520 4592
2520 4926
2521 4646
2522 3246
2525 2613
2525 4029
2525 4307
2525 4551
2529 3527
2529 4456
2530 2557
2530 3672
2530 4134
2532 3989
2534 3401
2534 3545
2534 4856
2534 4957
2535 2886
2535 4238
2536 2853
2536 3958
2536 4174
2536 4514
2537 4336
2538 2932
2538 3134
2539 4273
2540 2846
2540 3203
2540 4059
2540 4646
2541 3142
2541 3272
2543 2757
2544 2579
2544 2861
2544 3682
2545 3243
2546 4362
2547 3662
2548 3053
2548 4053
2549 3604
2549 4583
2550 3401
2551 2581
2551 2929
2551 4193
2552 2557
2552 2818
2552 4150
2553 2922
2554 2936
2554 3337
2555 2642
2555 2645
2556 2820
2556 3589
2556 4217
2556 4550
2557 2563
2557 3078
2557 3315
2557 3700
2557 3729
2557 4793
2557 4833
2558 2608
2558 4854
2559 4708
2561 2744
2561 4191
2561 4328
2562 3597
2562 3867
2562 4360
2562 4885
2563 4958
2564 4083
2564 4160
2565 2808
2565 3053
2565 3502
2565 3915
2567 3407
2567 4655
2568 3938
2568 4401
2568 4404
2568 4799
2568 4850
2569 2758
2569 4046
2569 4666
2570 3958
2572 2731
2573 2632
2573 2999
2573 3806
2573 3970
2573 4904
2574 3166
2575 3137
2575 4005
2576 2902
2576 3123
2577 3581
2577 3764
2579 4850
2580 4371
2581 3722
2581 4024
2582 3255
2582 3875
2582 4074
2583 4055
2584 4615
2585 3097
2585 4423
2586 2946
2586 3582
2587 3669
2588 2873
2588 4259
2590 3558
2591 3007
2592 3761
2592 4801
2593 3384
2593 3856
2593 3886
2593 4698
2595 2688
2595 3327
2595 4208
2595 4362
2596 2908
2596 2914
2596 3535
2596 3768
2596 4029
2597 2995
2597 3470
2597 4932
2597 4957
2599 3252
2599 4512
2601 3379
2602 2793
2602 3167
2602 3291
2602 4288
2602 4822
2603 4616
2604 3131
2608 4787
2609 3334
2610 2804
2610 2941
2611 3489
2612 3109
2612 3438
2612 4628
2613 4986
2615 2658
2615 2969
2615 3267
2616 2782
2617 3020
2618 4786
2619 2672
2619 3298
2619 3493
2619 4410
2619 4478
2620 3033
2620 4932
2621 2991
2621 3349
2621 3985
2623 3557
2625 4509
2625 4761
2625 4809
2628 3654
2629 3675
2629 4679
2630 2854
2630 3975
2630 4106
2632 3006
2632 3627
2632 3885
2632 4150
2632 4320
2632 4966
2633 3176
2635 4807
2636 4574
2636 4624
2636 4766
2637 2675
2637 2950
2637 3455
2637 3929
2637 4392
2638 3021
2639 3586
2639 4791
2640 2704
2640 2900
2640 3402
2641 2919
2641 3713
2643 4773
2643 4814
2644 3536
2644 3945
2644 4088
2645 3010
2645 3543
2645 3576
2645 4600
2646 3756
2646 4845
2647 3269
2647 3893
2648 2917
2648 3070
2648 3243
2648 3810
2649 4415
2651 2733
2651 2737
2651 3010
2652 3107
2652 3305
2653 3760
2655 3185
2655 4300
2655 4411
2655 4644
2656 3377
2656 4308
2657 3089
2657 3098
2657 4026
2658 3077
2660 3722
2660 4530
2661 2983
2661 3039
2661 4665
2662 3144
2663 3114
2663 3628
2663 4593
2664 2930
2664 4751
2665 4719
2666 4767
2668 2798
2668 3270
2668 4467
2668 4795
2669 4710
2670 2784
2670 4534
2670 4795
2671 3012
2672 4615
2673 4573
2674 2981
2674 3971
2674 4903
2675 3076
2676 2783
2676 3431
2677 3981
2677 4166
2677 4408
2678 3331
2678 4881
2679 2872
2679 2951
2679 4236
2680 3014
2680 3328
2680 4515
2680 4712
2682 3532
2683 2777
2683 3175
2684 4419
2684 4626
2685 3663
2685 3827
2688 2983
2688 4369
2689 4205
2691 4822
2691 4895
2692 2860
2692 3012
2693 2856
2693 3869
2694 3130
2694 4139
2696 4003
2698 3689
2698 4230
2698 4685
2699 3859
2700 3184
2700 3253
2700 3588
2701 4342
2702 4070
2703 2867
2704 3022
2704 3638
2704 4000
2704 4025
2705 2815
2705 2845
2705 3271
2705 3424
2705 3561
2705 4812
2706 3324
2708 2995
2708 4013
2709 3042
2709 4521
2709 4878
2710 2850
2710 3441
2710 3643
2711 2976
2711 3070
2712 3072
2712 3855
2714 3035
2714 3227
2714 4178
2714 4409
2715 2926
2716 3585
2717 3170
2717 4825
2718 4203
2720 3403
2721 3202
2721 3836
2722 4605
2722 4968
2722 4999
2723 3071
2723 3558
2723 3769
2723 4914
2723 4930
2724 3362
2724 4235
2725 3182
2725 3247
2725 3541
2725 3680
2725 4610
2726 3315
2726 3397
2726 3539
2727 4675
2728 2843
2730 2800
2731 3192
2732 4160
2735 3102
2735 3758
2735 4126
2735 4769
2738 2771
2740 3293
2740 3449
2740 3569
2740 4800
2740 4894
2741 3075
2741 3163
2742 4147
2742 4618
2743 2891
2743 2943
2744 4469
2745 2881
2745 3322
2745 4468
2745 4502
2745 4562
2746 3076
2746 4085
2746 4254
2746 4484
2748 2771
2748 4598
2749 4339
2749 4619
2750 2969
2750 3103
2751 3320
2751 3788
2751 4011
2752 4229
2754 4444
2757 2817
2757 2892
2757 2935
2757 4890
2758 3355
2758 3697
2758 4102
2758 4903
2759 3237
2760 4643
2762 2911
2762 2922
2762 3016
2762 3898
2763 3072
2764 3829
2764 4696
2765 3973
2766 3210
2767 3253
2767 3260
2767 3619
2767 3832
2767 3957
2767 4698
2767 4742
2769 3211
2770 3596
2771 3002
2773 4324
2773 4804
2774 2776
2774 4048
2774 4317
2774 4574
2776 3942
2776 4148
2776 4606
2777 2812
2779 2831
2779 4707
2779 4799
2780 3320
2780 3868
2780 4451
2780 4602
2781 2917
2782 3230
2782 4385
2783 2868
2785 3430
2786 4194
2787 3889
2787 4773
2789 3165
2789 4212
2789 4237
2790 4328
2791 4608
2792 3463
2793 3064
2793 3345
2793 4784
2794 3323
2794 4543
2794 4907
2795 3404
2795 4630
2797 3329
2797 4785
2798 3884
2798 3956
2798 4283
2798 4904
2799 3351
2799 4423
2800 3945
2800 4418
2800 4495
2800 4557
2800 4605
2800 4619
2800 4703
2802 3221
2803 3179
2803 3598
2804 3246
2806 3707
2807 3492
2807 3674
2807 3730
2807 4027
2808 3113
2808 3136
2809 4376
2809 4965
2810 3862
2810 3984
2811 4957
2812 4337
2813 4577
2813 4894
2814 3380
2814 3618
2815 2826
2815 3129
2815 3402
2815 4449
2816 3206
2816 4108
2818 3310
2819 3156
2819 4357
2820 2889
2820 3874
2821 4119
2821 4544
2822 3138
2822 4004
2823 3360
2823 3370
2823 3729
2824 2886
2824 3978
2824 4979
2825 3050
2825 4516
2825 4626
2825 4885
2827 3679
2827 3913
2828 4011
2828 4030
2828 4383
2828 4720
2829 3593
2829 4317
2829 4713
2831 3728
2832 2977
2832 4517
2832 4797
2833 3046
2833 3727
2833 3826
2833 4194
2834 4306
2835 2985
2835 3796
2835 3851
2835 4609
2835 4687
2836 3086
2837 3026
2837 4531
2838 3491
2838 4834
2839 3835
2839 4180
2839 4555
2839 4724
2839 4889
2840 4016
2842 3014
2842 3452
2842 4736
2843 4624
2844 3226
2844 4847
2845 4487
2846 4368
2849 4233
2849 4699
2849 4931
2850 4741
2851 3269
2851 4971
2852 3961
2852 4712
2852 4877
2853 4584
2854 4955
2856 4141
2856 4415
2856 4589
2857 3095
2857 3375
2857 3421
2857 3619
2857 4304
2857 4445
2858 3304
2859 4661
2861 3725
2862 4602
2863 2875
2863 3522
2863 3629
2863 3758
2863 4293
2863 4389
2864 3096
2864 3428
2864 3654
2864 3997
2864 4955
2865 3420
2865 3630
2867 2868
2867 3465
2867 4976
2868 4365
2868 4464
2868 4920
2870 3050
2870 3681
2870 4717
2870 4846
2871 3306
2871 3515
2871 3720
2871 4092
2871 4169
2872 3342
2872 3656
2873 3246
2873 3461
2873 3984
2874 4031
2875 3252
2875 3905
2876 2951
2876 3821
2878 4615
2879 3491
2879 3573
2879 3795
2879 4965
2880 2909
2880 4539
2881 3236
2881 4022
2882 3439
2882 3849
2882 3864
2882 4755
2883 3517
2883 4492
2884 3217
2884 3239
2885 2979
2885 3574
2886 3494
2887 2912
2887 2984
2887 3393
2887 3966
2887 4732
2887 4949
2888 4759
2889 4400
2890 3004
2890 4763
2891 4119
2893 4069
2893 4352
2893 4591
2893 4915
2894 3199
2894 4531
2894 4580
2894 4681
2895 4331
2896 2915
2896 3049
2896 3693
2896 3805
2897 3025
2898 3864
2898 3906
2898 3909
2898 4294
2899 3392
2899 4195
2900 3251
2900 3579
2900 3661
2900 4290
2900 4447
2900 4714
2901 4329
2902 4784
2904 3816
2905 2942
2905 3479
2907 3221
2907 3951
2907 4504
2908 3941
2910 3108
2910 3110
2910 3463
2910 3603
2910 4439
2912 2969
2912 4146
2913 4105
2914 2948
2914 2986
2914 3545
2914 3696
2916 3648
2917 3098
2917 4161
2917 4854
2919 3268
2919 4254
2921 3318
2922 4607
2923 3358
2924 4653
2925 4780
2926 3289
2926 4127
2928 3160
2928 4989
2930 4252
2930 4970
2931 3706
2933 4083
2935 3776
2936 4269
2936 4464
2940 3510
2941 3668
2942 3044
2942 3308
2942 4165
2943 3658
2943 4389
2945 3168
2945 3366
2945 4959
2946 3665
2948 3644
2948 3682
2948 4536
2950 4394
2951 3069
2951 3183
2951 3192
2951 3275
2951 3867
2951 4591
2952 4636
2952 4802
2953 4475
2956 3335
2957 4035
2958 4913
2959 3138
2959 4038
2959 4102
2959 4179
2963 4380
2963 4584
2963 4677
2965 4254
2965 4474
2966 4615
2967 3789
2967 4869
2968 3483
2968 3956
2968 4369
2968 4520
2971 3282
2971 3951
2971 4991
2972 3154
2972 4441
2973 3453
2973 3665
2973 4299
2974 4142
2975 4942
2976 3531
2976 3887
2977 4345
2979 3339
2979 4116
2979 4381
2979 4436
2980 3186
2980 3290
2980 3876
2981 3177
2981 3684
2983 3602
2983 3724
2983 3925
2984 4425
2985 3339
2986 3751
2987 4274
2988 3659
2991 3076
2991 3308
2991 3828
2991 4232
2992 4628
2993 3658
2994 3571
2994 3808
2994 3868
2994 4017
2994 4132
2994 4159
2996 4559
2997 4462
2998 4233
2998 4275
2998 4288
2998 4719
2999 3119
2999 3306
2999 4217
3000 3455
3000 3981
3000 4145
3001 3476
3001 3814
3002 3273
3002 3993
3003 3022
3003 3897
3004 4245
3004 4287
3004 4421
3004 4426
3007 4745
3008 3768
3008 4727
3009 4663
3011 3090
3011 3532
3012 3295
3014 3097
3014 3193
3014 4753
3015 3215
3017 3101
3017 3378
3017 4115
3017 4238
3017 4438
3017 4561
3017 4637
3018 3363
3019 3450
3019 3612
3020 3245
3021 4085
3021 4162
3023 4658
3024 3239
3024 3763
3026 3155
3028 3109
3028 3125
3028 3412
3028 3528
3028 4150
3028 4184
3028 4263
3028 4432
3028 4902
3029 3432
3029 4376
3029 4798
3030 3128
3030 4096
3030 4336
3030 4562
3030 4795
3031 4474
3032 3798
3032 4271
3033 3491
3033 4156
3034 3944
3035 3905
3035 3980
3035 4082
3035 4805
3037 4144
3039 4122
3041 3499
3041 4305
3043 3302
3043 3446
3043 3927
3043 4294
3044 3602
3044 3880
3045 3274
3046 3936
3046 4963
3047 4252
3048 3428
3048 4220
3049 3332
3049 3445
3051 4690
3052 3589
3052 3694
3052 4292
3052 4882
3053 3761
3054 3894
3054 4211
3055 3309
3055 3391
3055 4475
3055 4738
3056 4884
3058 4377
3059 3319
3059 3939
3060 3398
3060 4086
3061 3940
3061 4028
3063 3201
3063 3264
3063 3580
3063 3806
3064 3519
3065 3841
3066 3648
3067 3071
3067 4832
3068 4538
3069 3819
3069 4478
3074 3290
3075 3969
3075 4874
3076 3599
3077 3120
3077 3863
3078 3283
3080 3463
3081 3277
3083 4026
3084 4959
3085 3979
3086 4770
3087 4415
3088 3903
3089 4765
3091 3692
3091 4188
3092 4581
3094 3814
3095 3170
3096 3922
3097 4641
3098 3386
3098 3451
3098 4825
3099 3141
3099 3155
3099 3736
3100 3923
3100 4198
3101 3341
3101 3845
3101 4072
3102 3455
3105 4637
3105 4708
3106 3365
3109 3604
3109 3902
3111 3393
3112 3596
3112 4809
3113 3188
3113 3234
3115 3354
3115 3973
3115 4426
3115 4738
3116 3956
3116 4155
3116 4687
3117 4340
3118 3191
3118 3577
3118 4618
3119 4154
3119 4421
3119 4516
3120 3317
3120 3471
3120 3481
3120 3668
3122 4225
3123 4851
3124 3161
3124 4253
3125 3448
3125 3610
3125 4163
3125 4740
3126 4286
3127 3245
3127 3939
3129 3299
3131 3231
3131 3843
3132 4380
3133 3683
3133 4061
3134 4323
3136 3551
3136 4037
3137 3336
3137 4702
3137 4787
3138 4018
3140 3471
3140 4008
3141 4181
3142 4094
3143 3847
3143 4681
3144 3187
3144 3534
3145 4626
3147 3656
3148 3700
3148 3734
3148 3813
3148 4118
3148 4508
3148 4943
3149 4934
3151 3577
3152 3288
3154 4920
3155 3249
3155 4938
3155 4992
3156 4393
3157 3274
3157 3465
3157 4003
3157 4527
3158 3469
3159 3961
3159 3963
3160 3187
3160 4829
3163 3621
3163 4689
3165 3278
3167 4162
3167 4662
3168 4604
3168 4658
3169 3390
3170 3292
3170 4826
3171 3210
3171 3594
3171 3739
3173 4884
3174 3927
3176 4690
3177 3265
3177 3462
3180 4417
3182 3754
3184 4277
3184 4672
3185 4112
3185 4307
3186 4864
3187 4777
3189 4455
3189 4512
3190 3589
3190 4714
3193 4241
3196 4389
3197 3268
3197 3569
3197 3770
3198 3653
3199 3516
3201 4335
3203 4088
3204 4956
3205 3403
3205 3743
3206 4748
3207 4281
3208 3705
3208 3750
3208 3770
3208 3787
3208 3902
3208 3919
3209 3760
3211 4713
3212 3684
3213 4165
3213 4871
3217 4270
3217 4848
3218 3912
3219 3318
3222 3408
3223 3462
3223 3998
3225 3775
3225 3917
3225 3962
3225 4641
3225 4985
3226 4961
3227 3342
3227 3876
3227 4386
3227 4992
3228 3426
3228 4124
3228 4725
3229 3445
3229 4485
3230 3323
3231 4209
3232 3773
3233 3346
3234 3496
3235 4405
3237 3691
3240 4285
3240 4386
3240 4592
3241 4233
3242 4227
3242 4825
3244 4922
3245 3369
3245 4347
3246 3309
3246 3539
3249 3413
3249 4313
3252 3352
3252 3521
3253 4039
3255 4485
3256 4435
3256 4558
3258 3344
3258 3750
3258 4102
3259 3395
3259 4188
3259 4707
3260 3287
3261 3422
3262 3985
3262 4590
3263 3702
3263 4886
3264 4035
3264 4605
3264 4744
3265 4938
3266 3672
3267 4566
3269 3360
3270 4759
3271 4168
3274 3421
3274 4002
3277 4892
3278 3920
3279 4895
3280 3529
3283 3297
3283 4775
3283 4948
3284 3706
3284 4224
3285 3554
3285 4470
3285 4969
3286 3382
3286 4699
3289 3918
3291 3989
3291 4308
3294 3461
3294 4471
3295 3402
3295 4463
3296 4533
3297 3712
3297 3888
3298 4934
3299 4353
3301 4520
3303 4759
3303 4836
3304 4706
3305 4582
3306 4719
3306 4953
3307 3742
3308 3663
3308 3882
3308 4158
3308 4421
3310 4159
3310 4183
3311 4987
3312 3671
3312 4997
3318 4693
3319 3786
3319 3825
3322 4007
3322 4302
3323 4277
3324 3431
3324 3771
3326 3506
3327 3337
3328 4626
3329 4026
3330 3852
3330 4230
3331 4792
3332 4153
3332 4374
3333 3503
3333 3543
3334 3810
3335 3345
3335 4327
3338 3745
3339 4462
3340 4412
3341 3366
3341 3649
3342 3377
3343 3436
3345 3745
3345 4308
3347 4319
3347 4672
3350 4174
3350 4223
3351 3605
3351 3708
3351 3785
3351 3871
3351 4995
3353 3567
3354 4912
3356 3916
3357 3440
3357 3591
3358 3888
3359 3422
3359 3825
3360 3485
3361 3466
3361 3504
3363 3441
3363 4420
3364 3536
3364 4494
3367 3906
3367 4048
3368 3880
3369 4284
3369 4323
3370 3890
3370 4322
3371 4089
3372 3839
3373 3488
3373 4081
3373 4949
3374 3980
3374 4179
3375 4362
3376 3733
3377 3378
3379 3655
3380 4733
3381 4228
3387 4590
3388 3811
3388 3981
3389 3588
3390 3485
3390 4888
3391 4516
3391 4638
3392 4360
3392 4484
3393 4635
3394 3879
3394 4438
3394 4877
3395 4007
3397 4071
3397 4131
3399 3761
3401 4087
3404 4358
3408 3716
3408 4145
3410 3994
3412 4927
3418 4058
3418 4140
3418 4243
3418 4607
3419 3615
3420 4134
3421 4295
3421 4954
3427 3852
3427 4204
3427 4948
3431 3777
3431 4520
3433 3588
3433 3904
3433 4777
3433 4919
3438 3823
3440 4196
3441 4084
3442 4299
3443 4551
3445 4844
3446 3702
3446 4465
3446 4700
3447 4406
3447 4797
3448 3656
3449 4256
3449 4710
3451 3636
3451 3659
3452 4803
3454 3918
3455 3936
3455 3977
3456 3687
3456 4626
3457 3467
3457 4171
3458 3548
3458 3637
3458 3643
3458 4473
3458 4864
3460 4322
3460 4679
3461 3798
3462 3555
3463 4979
3464 4028
3465 4344
3469 3617
3469 3792
3469 4402
3469 4461
3472 3737
3473 3821
3473 4081
3475 3743
3475 3822
3475 4568
3476 3929
3476 4076
3478 3701
3482 3917
3483 3568
3484 3558
3484 4143
3485 3508
3486 3639
3487 3995
3487 4530
3487 4752
3488 4558
3491 3636
3491 3792
3492 4647
3494 3495
3495 4125
3497 4689
3498 4981
3499 4051
3500 4506
3500 4756
3502 3884
3502 4128
3502 4234
3502 4803
3503 4937
3504 4113
3504 4185
3505 4860
3507 3738
3507 4360
3509 4574
3511 3762
3511 4346
3512 4684
3515 4237
3516 4973
3517 4309
3518 3741
3518 3799
3518 4404
3519 3712
3519 4086
3521 4620
3522 4236
3522 4569
3522 4820
3523 4042
3526 3722
3526 4021
3530 4025
3530 4990
3531 3784
3532 4107
3533 3839
3535 4768
3536 3564
3540 4685
3541 4618
3545 4619
3550 3963
3551 4232
3551 4954
3552 4496
3553 4339
3557 4369
3558 3836
3561 4439
3562 3757
3563 3797
3563 4495
3566 3930
3570 4732
3571 4238
3571 4320
3578 3807
3578 4544
3578 4692
3579 4599
3580 4776
3582 3988
3584 3738
3585 4338
3586 3875
3586 3954
3587 4000
3590 4833
3591 3984
3591 4553
3592 3716
3592 4432
3593 4358
3593 4899
3594 4173
3594 4965
3597 4628
3598 4440
3598 4695
3598 4735
3599 4370
3600 4922
3602 4047
3605 3863
3605 4272
3605 4718
3606 4225
3606 4729
3607 4137
3607 4596
3608 4087
3613 4710
3614 3938
3614 4984
3615 4663
3616 4072
3616 4326
3620 3779
3620 4218
3625 4993
3631 3955
3633 4254
3633 4868
3635 3959
3636 3666
3637 4285
3637 4391
3640 4622
3641 4047
3642 4363
3642 4649
3644 4015
3646 4237
3647 3801
3648 4200
3651 4273
3654 4085
3654 4303
3655 3772
3657 4129
3657 4714
3658 3872
3658 4452
3658 4588
3658 4598
3660 4152
3660 4676
3660 4858
3661 3809
3661 3990
3661 4212
3661 4373
3661 4504
3661 4637
3661 4994
3663 4519
3663 4641
3663 4765
3663 4921
3666 4753
3667 3937
3669 4434
3672 4994
3674 4483
3675 4327
3678 4256
3679 3815
3679 4049
3680 3725
3681 4571
3681 4801
3682 3854
3682 4040
3682 4737
3683 4291
3683 4461
3685 4028
3685 4239
3686 4946
3687 4633
3688 4575
3689 3910
3689 4930
3691 3734
3694 3868
3694 4142
3694 4200
3694 4572
3694 4811
3697 3764
3697 4673
3698 3838
3698 4430
3699 3812
3700 3834
3700 4257
3700 4906
3700 4988
3703 4279
3703 4813
3704 4002
3708 4672
3710 3947
3712 4834
3712 4990
3714 4161
3717 4415
3720 3722
3720 3776
3722 4251
3722 4622
3723 4030
3723 4445
3725 3801
3726 4330
3729 4580
3730 4284
3732 4397
3732 4944
3734 4680
3741 4928
3744 4105
3744 4378
3744 4492
3746 4289
3747 4279
3747 4772
3748 3922
3748 4913
3751 4941
3753 4176
3756 3825
3756 4466
3758 4069
3759 4647
3761 4389
3762 3802
3762 4055
3763 4805
3766 4106
3766 4172
3766 4318
3766 4757
3772 3789
3773 3778
3773 4104
3774 3783
3774 4898
3775 4298
3775 4963
3776 4551
3776 4663
3776 4810
3776 4822
3778 4881
3778 4889
3779 4991
3780 3959
3780 4164
3782 4845
3788 4275
3788 4956
3789 4744
3791 4244
3791 4442
3793 4136
3797 4664
3798 4236
3802 4067
3802 4253
3802 4876
3802 4912
3803 4290
3806 4767
3806 4960
3807 4199
3807 4375
3807 4688
3807 4831
3808 4737
3811 4001
3811 4436
3813 4805
3814 4787
3814 4962
3815 3856
3816 4527
3819 3953
3821 4791
3822 4607
3822 4972
3824 4529
3827 4008
3827 4497
3829 4862
3830 4058
3832 4351
3833 4162
3834 4706
3835 4265
3835 4443
3835 4791
3837 4894
3838 4772
3839 4474
3846 3916
3849 3966
3849 4268
3849 4420
3850 4889
3851 3970
3854 4759
3855 4977
3858 4171
3859 4960
3859 4967
3862 4928
3863 4818
3864 4063
3865 4048
3865 4083
3868 4173
3869 3982
3869 4218
3869 4423
3869 4535
3869 4799
3871 4778
3875 3989
3877 3994
3877 4917
3878 4674
3880 4022
3880 4793
3882 4041
3884 4731
3884 4877
3885 4624
3889 3921
3890 4933
3893 4189
3893 4941
3894 4412
3895 3987
3895 4926
3896 4156
3898 3955
3902 4132
3903 4402
3903 4861
3905 4529
3906 4315
3907 4007
3913 4006
3914 4011
3914 4186
3917 3997
3917 4157
3920 4523
3922 4337
3923 4508
3925 4948
3927 4072
3927 4580
3937 4119
3937 4197
3939 3980
3940 3998
3940 4323
3942 4068
3946 4891
3949 4037
3952 4052
3952 4105
3952 4174
3952 4472
3952 4920
3957 4849
3958 4476
3958 4738
3959 4016
3959 4158
3959 4372
3963 4800
3967 4961
3969 4030
3971 4131
3971 4286
3972 4368
3973 3995
3974 4217
3974 4306
3974 4692
3975 4497
3976 4516
3980 4705
3980 4973
3983 4832
3985 4213
3986 4023
3986 4560
3986 4911
3989 4205
3989 4206
3989 4322
3991 4487
3994 4027
3994 4453
3995 4644
3996 4875
3996 4884
3997 4625
4001 4602
4007 4170
4007 4551
4008 4185
4010 4219
4012 4206
4012 4934
4014 4172
4014 4208
4015 4316
4015 4845
4016 4652
4018 4038
4018 4366
4019 4303
4019 4519
4024 4783
4025 4436
4027 4550
4029 4282
4030 4683
4034 4548
4043 4917
4045 4227
4045 4368
4046 4707
4055 4676
4056 4523
4057 4291
4058 4735
4060 4251
4061 4412
4062 4263
4063 4170
4064 4157
4064 4883
4066 4735
4072 4164
4073 4122
4073 4866
4073 4898
4074 4587
4075 4929
4077 4840
4078 4909
4079 4337
4079 4595
4080 4603
4080 4794
4081 4784
4082 4980
4083 4734
4096 4264
4097 4210
4098 4726
4098 4800
4099 4352
4100 4890
4101 4426
4104 4727
4107 4287
4107 4721
4110 4317
4112 4243
4112 4288
4118 4307
4118 4363
4121 4691
4123 4434
4125 4170
4128 4269
4130 4505
4130 4960
4132 4500
4135 4179
4136 4686
4138 4370
4138 4514
4143 4554
4143 4748
4145 4319
4147 4675
4151 4320
4151 4526
4153 4295
4153 4661
4154 4903
4157 4581
4164 4315
4165 4498
4165 4729
4167 4413
4168 4220
4168 4381
4168 4716
4172 4812
4178 4578
4187 4502
4187 4590
4187 4690
4193 4448
4193 4459
4193 4666
4193 4753
4198 4821
4200 4521
4205 4552
4206 4814
4206 4900
4208 4503
4209 4567
4210 4983
4214 4890
4216 4655
4216 4804
4216 4904
4220 4333
4221 4648
4222 4855
4223 4586
4228 4501
4233 4488
4235 4490
4235 4645
4240 4526
4242 4599
4243 4705
4244 4994
4246 4676
4247 4260
4250 4494
4251 4629
4252 4361
4252 4928
4254 4511
4257 4439
4266 4654
4271 4790
4274 4715
4276 4829
4278 4345
4278 4428
4278 4661
4278 4663
4285 4441
4285 4743
4289 4797
4290 4620
4294 4458
4296 4728
4297 4880
4301 4914
4303 4318
4303 4338
4303 4746
4305 4850
4315 4812
4315 4853
4317 4888
4317 4990
4320 4400
4320 4419
4320 4518
4322 4451
4323 4935
4325 4998
4328 4860
4332 4537
4334 4663
4338 4901
4338 4965
4345 4412
4348 4896
4351 4755
4365 4745
4365 4935
4367 4490
4368 4766
4368 4891
4369 4451
4373 4525
4379 4828
4386 4484
4388 4540
4395 4630
4395 4990
4396 4978
4400 4451
4404 4422
4404 4722
4404 4858
4407 4621
4408 4629
4409 4488
4413 4453
4419 4829
4422 4444
4439 4441
4439 4875
4440 4652
4444 4917
4446 4806
4446 4882
4446 4984
4450 4592
4451 4885
4453 4807
4476 4818
4481 4705
4485 4627
4495 4754
4496 4724
4497 4576
4502 4821
4516 4798
4526 4898
4529 4703
4542 4628
4544 4858
4545 4749
4546 4756
4551 4864
4559 4808
4567 4824
4568 4572
4568 4752
4584 4723
4587 4719
4597 4701
4607 4940
4610 4758
4612 4795
4614 4777
4640 4740
4651 4794
4653 4974
4654 4993
4657 4966
4663 4851
4669 4821
4670 4936
4674 4805
4676 4796
4679 4694
4679 4782
4679 4931
4689 4735
4689 4985
4690 4813
4696 4796
4714 4821
4729 4853
4732 4915
4738 4811
4742 4900
4745 4950
4749 4947
4755 4790
4756 4814
4758 4857
4772 4919
4775 4876
4798 4948
4828 4887
4828 4888
4837 4937
4850 4933
4852 4991
4861 4908
4863 4976
4905 4976
4934 4967
