5000 14991
1 2
1 3
1 4
1 5
1 6
1 8
1 9
1 12
1 14
1 17
1 32
1 33
1 43
1 69
1 98
1 102
1 108
1 117
1 131
1 166
1 196
1 207
1 238
1 242
1 287
1 296
1 325
1 371
1 384
1 479
1 505
1 551
1 601
1 623
1 671
1 727
1 732
1 737
1 741
1 742
1 803
1 806
1 839
1 848
1 876
1 951
1 952
1 1020
1 1033
1 1064
1 1101
1 1172
1 1184
1 1205
1 1230
1 1234
1 1275
1 1316
1 1365
1 1437
1 1468
1 1612
1 1630
1 1668
1 1687
1 1688
1 1725
1 1753
1 1756
1 1781
1 1914
1 1923
1 1930
1 1936
1 2037
1 2120
1 2164
1 2181
1 2187
1 2194
1 2196
1 2217
1 2233
1 2280
1 2405
1 2414
1 2556
1 2646
1 2689
1 2719
1 2748
1 2801
1 2804
1 2954
1 2981
1 2986
1 2989
1 2996
1 3019
1 3085
1 3101
1 3130
1 3208
1 3231
1 3246
1 3273
1 3406
1 3488
1 3499
1 3556
1 3560
1 3628
1 3696
1 3904
1 4056
1 4086
1 4115
1 4181
1 4289
1 4301
1 4428
1 4489
1 4754
1 4772
1 4787
1 4796
1 4841
1 4898
1 4911
1 4917
1 4954
2 10
2 23
2 90
2 258
2 598
2 690
2 693
2 1245
2 1608
2 2229
2 2330
2 2700
2 2804
2 2855
2 2948
2 3197
2 3475
2 3860
2 4371
2 4397
3 5
3 6
3 8
3 11
3 12
3 14
3 25
3 28
3 41
3 80
3 85
3 111
3 112
3 153
3 185
3 186
3 194
3 230
3 471
3 498
3 534
3 539
3 566
3 581
3 669
3 755
3 774
3 825
3 833
3 854
3 915
3 1014
3 1098
3 1285
3 1404
3 1417
3 1498
3 1510
3 1651
3 1802
3 1870
3 1942
3 1982
3 2131
3 2146
3 2310
3 2377
3 2468
3 2488
3 2510
3 2677
3 2680
3 2724
3 2886
3 3077
3 3095
3 3149
3 3275
3 3423
3 3608
3 3661
3 3668
3 3688
3 4006
3 4041
3 4049
3 4670
3 4726
3 4847
3 4893
4 5
4 7
4 38
4 40
4 59
4 74
4 93
4 122
4 189
4 329
4 362
4 395
4 491
4 494
4 510
4 542
4 616
4 617
4 874
4 896
4 1031
4 1063
4 1285
4 1396
4 1409
4 1622
4 1673
4 1674
4 1705
4 1723
4 1747
4 1925
4 2086
4 2173
4 2398
4 2815
4 2851
4 2939
4 2989
4 3040
4 3112
4 3188
4 3269
4 3424
4 3502
4 3835
4 3904
4 3981
4 4124
4 4174
4 4299
4 4391
4 4503
4 4658
4 4746
5 6
5 7
5 9
5 13
5 15
5 37
5 38
5 57
5 60
5 65
5 88
5 93
5 110
5 125
5 148
5 212
5 219
5 230
5 285
5 286
5 334
5 358
5 379
5 385
5 412
5 496
5 530
5 535
5 553
5 606
5 630
5 688
5 783
5 850
5 860
5 933
5 937
5 969
5 973
5 1006
5 1061
5 1105
5 1145
5 1209
5 1224
5 1291
5 1363
5 1383
5 1476
5 1573
5 1597
5 1598
5 1613
5 1685
5 1718
5 1950
5 2355
5 2517
5 2582
5 2812
5 2889
5 2940
5 3038
5 3065
5 3108
5 3190
5 3293
5 3401
5 3404
5 3509
5 3513
5 3790
5 3995
5 4236
5 4653
5 4701
5 4704
6 7
6 8
6 9
6 10
6 12
6 13
6 14
6 15
6 16
6 17
6 18
6 19
6 21
6 24
6 25
6 31
6 33
6 35
6 37
6 40
6 42
6 50
6 51
6 60
6 62
6 72
6 74
6 78
6 81
6 84
6 87
6 96
6 102
6 111
6 112
6 116
6 128
6 135
6 136
6 143
6 169
6 181
6 182
6 183
6 196
6 209
6 226
6 229
6 236
6 258
6 277
6 279
6 281
6 287
6 288
6 299
6 309
6 317
6 323
6 326
6 327
6 333
6 335
6 361
6 365
6 368
6 392
6 405
6 445
6 474
6 476
6 485
6 492
6 493
6 532
6 571
6 639
6 651
6 658
6 665
6 682
6 687
6 690
6 697
6 699
6 727
6 729
6 753
6 771
6 790
6 802
6 805
6 833
6 852
6 856
6 871
6 892
6 918
6 921
6 923
6 941
6 969
6 999
6 1015
6 1016
6 1019
6 1027
6 1068
6 1077
6 1089
6 1091
6 1137
6 1176
6 1235
6 1261
6 1264
6 1283
6 1314
6 1351
6 1379
6 1396
6 1422
6 1483
6 1493
6 1497
6 1510
6 1576
6 1591
6 1615
6 1669
6 1700
6 1729
6 1773
6 1783
6 1800
6 1806
6 1926
6 1982
6 2057
6 2078
6 2108
6 2115
6 2154
6 2156
6 2166
6 2199
6 2212
6 2217
6 2220
6 2224
6 2328
6 2388
6 2458
6 2464
6 2501
6 2537
6 2549
6 2569
6 2575
6 2613
6 2625
6 2678
6 2704
6 2744
6 2780
6 2848
6 2876
6 2947
6 2961
6 2992
6 3012
6 3045
6 3131
6 3183
6 3213
6 3263
6 3307
6 3401
6 3470
6 3506
6 3509
6 3534
6 3554
6 3572
6 3687
6 3771
6 3934
6 3949
6 3951
6 3982
6 4050
6 4111
6 4117
6 4120
6 4174
6 4193
6 4249
6 4263
6 4291
6 4308
6 4341
6 4347
6 4368
6 4370
6 4385
6 4407
6 4454
6 4513
6 4599
6 4610
6 4675
6 4691
6 4730
6 4793
6 4800
6 4809
6 4827
6 4856
6 4919
6 4921
6 4940
6 4943
6 4953
6 4962
6 4965
7 11
7 16
7 20
7 26
7 35
7 52
7 55
7 58
7 61
7 64
7 70
7 76
7 87
7 109
7 113
7 137
7 172
7 181
7 187
7 205
7 214
7 299
7 305
7 313
7 364
7 408
7 424
7 433
7 450
7 468
7 483
7 499
7 523
7 567
7 579
7 609
7 628
7 671
7 688
7 689
7 706
7 720
7 808
7 819
7 891
7 910
7 920
7 1021
7 1028
7 1124
7 1130
7 1228
7 1309
7 1375
7 1402
7 1457
7 1508
7 1512
7 1549
7 1559
7 1583
7 1607
7 1616
7 1622
7 1685
7 1718
7 1780
7 1796
7 1872
7 1873
7 1940
7 1956
7 2023
7 2024
7 2069
7 2150
7 2180
7 2183
7 2222
7 2228
7 2231
7 2246
7 2295
7 2311
7 2445
7 2478
7 2636
7 2639
7 2799
7 2805
7 2816
7 2853
7 2915
7 2994
7 3014
7 3057
7 3091
7 3102
7 3139
7 3289
7 3402
7 3435
7 3467
7 3508
7 3541
7 3569
7 3573
7 3589
7 3702
7 3950
7 4016
7 4023
7 4090
7 4108
7 4184
7 4303
7 4456
7 4476
7 4541
7 4548
7 4556
7 4669
7 4709
7 4714
7 4753
7 4768
7 4814
7 4874
7 4982
8 13
8 20
8 34
8 36
8 38
8 46
8 47
8 53
8 61
8 69
8 80
8 104
8 117
8 124
8 137
8 156
8 170
8 201
8 357
8 375
8 419
8 421
8 428
8 444
8 493
8 591
8 622
8 633
8 635
8 934
8 965
8 993
8 1134
8 1198
8 1304
8 1360
8 1402
8 1407
8 1503
8 1529
8 1578
8 1738
8 1831
8 1852
8 1857
8 1866
8 1963
8 2019
8 2143
8 2190
8 2262
8 2446
8 2485
8 2504
8 2517
8 2599
8 2616
8 2892
8 3000
8 3269
8 3442
8 3507
8 3625
8 3752
8 4248
8 4446
8 4458
8 4688
8 4804
9 10
9 17
9 18
9 19
9 20
9 21
9 26
9 29
9 33
9 34
9 41
9 55
9 56
9 59
9 60
9 62
9 71
9 74
9 75
9 77
9 81
9 86
9 88
9 92
9 96
9 98
9 101
9 133
9 134
9 155
9 161
9 167
9 174
9 177
9 179
9 180
9 183
9 198
9 205
9 206
9 218
9 228
9 246
9 255
9 270
9 279
9 336
9 345
9 423
9 440
9 484
9 503
9 504
9 522
9 528
9 529
9 531
9 542
9 552
9 573
9 583
9 639
9 640
9 668
9 771
9 779
9 785
9 806
9 817
9 827
9 846
9 869
9 903
9 930
9 942
9 1011
9 1026
9 1037
9 1067
9 1100
9 1106
9 1109
9 1129
9 1182
9 1239
9 1274
9 1283
9 1307
9 1310
9 1363
9 1387
9 1413
9 1451
9 1453
9 1464
9 1485
9 1554
9 1614
9 1615
9 1650
9 1665
9 1687
9 1703
9 1711
9 1718
9 1722
9 1727
9 1836
9 1854
9 1860
9 1905
9 1915
9 1920
9 1955
9 1956
9 1989
9 2089
9 2100
9 2104
9 2193
9 2261
9 2314
9 2315
9 2433
9 2457
9 2485
9 2528
9 2554
9 2562
9 2575
9 2626
9 2640
9 2671
9 2742
9 2798
9 2817
9 2913
9 2925
9 2970
9 2992
9 3013
9 3166
9 3172
9 3186
9 3197
9 3222
9 3244
9 3266
9 3279
9 3317
9 3369
9 3415
9 3521
9 3698
9 3739
9 3804
9 3920
9 3979
9 3991
9 4014
9 4098
9 4127
9 4129
9 4261
9 4381
9 4567
9 4641
9 4717
9 4723
9 4989
10 11
10 15
10 18
10 28
10 29
10 40
10 50
10 54
10 63
10 100
10 133
10 201
10 260
10 274
10 327
10 344
10 376
10 429
10 557
10 574
10 593
10 606
10 755
10 781
10 782
10 832
10 913
10 942
10 996
10 1118
10 1141
10 1167
10 1239
10 1278
10 1323
10 1389
10 1649
10 1717
10 1813
10 1819
10 1824
10 1873
10 1938
10 1966
10 1985
10 2214
10 2367
10 2585
10 2599
10 2790
10 2820
10 2891
10 2985
10 3054
10 3086
10 3188
10 3337
10 3573
10 3681
10 3757
10 4076
10 4084
10 4365
10 4527
10 4657
10 4909
11 19
11 32
11 44
11 48
11 66
11 71
11 121
11 129
11 142
11 176
11 325
11 346
11 568
11 620
11 649
11 666
11 915
11 959
11 968
11 1006
11 1040
11 1142
11 1162
11 1202
11 1299
11 1823
11 1846
11 1863
11 1913
11 1977
11 2145
11 2258
11 2288
11 2301
11 2566
11 2945
11 2949
11 2995
11 3012
11 3044
11 3165
11 3206
11 3230
11 3348
11 3443
11 3683
11 3984
11 4393
11 4455
11 4556
11 4620
12 16
12 23
12 63
12 67
12 89
12 90
12 141
12 146
12 189
12 190
12 222
12 236
12 260
12 307
12 328
12 341
12 347
12 379
12 387
12 457
12 502
12 518
12 554
12 628
12 807
12 820
12 850
12 876
12 899
12 928
12 935
12 996
12 1008
12 1010
12 1030
12 1086
12 1123
12 1209
12 1223
12 1250
12 1259
12 1324
12 1325
12 1366
12 1477
12 1514
12 1531
12 1553
12 1639
12 1767
12 1868
12 2076
12 2264
12 2390
12 2418
12 2430
12 2453
12 2608
12 2628
12 2711
12 2714
12 2786
12 2844
12 2965
12 3023
12 3093
12 3147
12 3148
12 3204
12 3275
12 3279
12 3289
12 3296
12 3552
12 3555
12 3581
12 3689
12 3760
12 3858
12 4067
12 4070
12 4144
12 4270
12 4329
12 4382
12 4421
12 4690
12 4902
12 4973
13 36
13 39
13 52
13 55
13 65
13 75
13 82
13 99
13 118
13 119
13 120
13 123
13 124
13 138
13 173
13 187
13 237
13 268
13 269
13 273
13 284
13 311
13 338
13 380
13 394
13 416
13 456
13 505
13 515
13 528
13 543
13 555
13 604
13 619
13 647
13 664
13 737
13 782
13 814
13 829
13 846
13 884
13 967
13 982
13 1068
13 1115
13 1133
13 1151
13 1155
13 1159
13 1179
13 1246
13 1272
13 1298
13 1457
13 1480
13 1546
13 1586
13 1629
13 1637
13 1644
13 1670
13 1686
13 1838
13 1931
13 2149
13 2239
13 2365
13 2401
13 2448
13 2454
13 2462
13 2540
13 2574
13 2637
13 2646
13 2703
13 2720
13 2741
13 2880
13 2975
13 3003
13 3023
13 3145
13 3146
13 3241
13 3598
13 3604
13 3734
13 3767
13 3963
13 4013
13 4020
13 4159
13 4163
13 4168
13 4170
13 4337
13 4353
13 4375
13 4427
13 4448
13 4644
13 4668
13 4934
13 4991
14 22
14 35
14 44
14 46
14 69
14 95
14 103
14 107
14 120
14 135
14 140
14 165
14 206
14 213
14 245
14 260
14 281
14 292
14 296
14 314
14 349
14 399
14 434
14 454
14 457
14 515
14 593
14 647
14 649
14 665
14 683
14 853
14 899
14 991
14 1020
14 1052
14 1128
14 1154
14 1178
14 1186
14 1191
14 1247
14 1281
14 1289
14 1310
14 1339
14 1376
14 1380
14 1381
14 1467
14 1478
14 1493
14 1520
14 1573
14 1680
14 1735
14 1760
14 1876
14 1888
14 1951
14 1983
14 2040
14 2135
14 2137
14 2201
14 2323
14 2359
14 2395
14 2429
14 2489
14 2516
14 2617
14 2657
14 2707
14 2733
14 2795
14 2806
14 2837
14 2886
14 2915
14 3108
14 3147
14 3182
14 3216
14 3228
14 3477
14 3480
14 3529
14 3560
14 3575
14 3641
14 3671
14 3713
14 3796
14 3871
14 3965
14 4143
14 4242
14 4518
14 4605
14 4701
14 4729
14 4946
14 4986
15 21
15 26
15 46
15 61
15 72
15 77
15 94
15 106
15 128
15 183
15 246
15 251
15 262
15 368
15 402
15 407
15 422
15 458
15 470
15 492
15 521
15 551
15 596
15 664
15 717
15 744
15 820
15 835
15 838
15 900
15 963
15 988
15 1097
15 1213
15 1523
15 1686
15 1751
15 1779
15 1855
15 1912
15 2350
15 2539
15 2563
15 2689
15 2795
15 2804
15 2815
15 2821
15 3042
15 3185
15 3255
15 3292
15 3363
15 3384
15 3487
15 3503
15 3682
15 3718
15 3837
15 3891
15 4017
15 4261
15 4385
15 4600
15 4928
16 31
16 39
16 76
16 82
16 113
16 116
16 284
16 345
16 365
16 430
16 441
16 459
16 527
16 564
16 569
16 587
16 644
16 730
16 744
16 815
16 898
16 923
16 1097
16 1106
16 1221
16 1247
16 1460
16 1642
16 1982
16 1998
16 2116
16 2121
16 2182
16 2209
16 2318
16 2358
16 2553
16 2598
16 2751
16 2766
16 2986
16 3332
16 3353
16 3431
16 3645
16 3831
16 4234
16 4380
16 4662
16 4815
17 85
17 294
17 302
17 304
17 351
17 359
17 523
17 544
17 647
17 710
17 713
17 725
17 760
17 845
17 950
17 1017
17 1073
17 1084
17 1234
17 1285
17 1408
17 1556
17 1911
17 2119
17 2392
17 2449
17 2579
17 2635
17 3099
17 3398
17 3447
17 3452
17 3774
17 3844
17 3918
18 28
18 43
18 49
18 121
18 162
18 366
18 450
18 489
18 608
18 820
18 826
18 902
18 919
18 980
18 1126
18 1233
18 1280
18 1287
18 1564
18 1568
18 1713
18 1736
18 2355
18 2380
18 2389
18 2455
18 2466
18 2484
18 2667
18 2883
18 2892
18 3213
18 3225
18 3370
18 3482
18 3658
18 3780
18 4026
18 4027
18 4250
18 4792
19 22
19 24
19 27
19 43
19 52
19 84
19 96
19 145
19 210
19 225
19 295
19 354
19 391
19 445
19 501
19 502
19 512
19 626
19 645
19 712
19 719
19 744
19 837
19 993
19 1002
19 1028
19 1029
19 1108
19 1174
19 1178
19 1219
19 1273
19 1284
19 1466
19 1480
19 1563
19 1584
19 1623
19 1676
19 1774
19 1835
19 1844
19 1894
19 2048
19 2144
19 2300
19 2365
19 2407
19 2523
19 2532
19 2856
19 3030
19 3234
19 3711
19 3831
19 3843
19 3969
19 4119
19 4208
19 4564
19 4792
19 4932
19 4964
20 22
20 23
20 27
20 48
20 73
20 92
20 143
20 164
20 275
20 276
20 298
20 306
20 334
20 367
20 453
20 460
20 491
20 590
20 653
20 827
20 836
20 1079
20 1117
20 1122
20 1144
20 1392
20 1395
20 1754
20 1771
20 1897
20 1971
20 2205
20 2566
20 2667
20 2852
20 3015
20 3089
20 3535
20 3587
20 3785
20 3958
20 4073
20 4247
20 4295
20 4399
20 4439
20 4678
20 4979
21 24
21 34
21 193
21 228
21 242
21 481
21 500
21 728
21 740
21 848
21 908
21 951
21 1178
21 1184
21 1190
21 1215
21 1294
21 1361
21 1362
21 1529
21 1550
21 2058
21 2136
21 2143
21 2212
21 2222
21 2240
21 2294
21 2295
21 2505
21 2513
21 2712
21 2819
21 2891
21 2945
21 3000
21 3203
21 4095
21 4205
21 4331
21 4437
21 4488
21 4708
22 25
22 30
22 32
22 71
22 81
22 101
22 102
22 105
22 128
22 132
22 137
22 138
22 142
22 161
22 169
22 190
22 205
22 220
22 261
22 301
22 311
22 315
22 345
22 363
22 386
22 399
22 512
22 525
22 554
22 588
22 594
22 659
22 731
22 821
22 824
22 880
22 888
22 897
22 943
22 962
22 1086
22 1088
22 1096
22 1135
22 1155
22 1207
22 1232
22 1393
22 1488
22 1740
22 1765
22 1859
22 2092
22 2120
22 2276
22 2347
22 2360
22 2409
22 2433
22 2447
22 2500
22 2573
22 2947
22 3084
22 3116
22 3121
22 3282
22 3295
22 3318
22 3440
22 3688
22 3740
22 3753
22 3789
22 3834
22 3857
22 3925
22 4032
22 4180
22 4243
22 4289
22 4322
22 4367
22 4464
22 4924
23 30
23 89
23 132
23 175
23 297
23 397
23 426
23 442
23 446
23 777
23 841
23 1049
23 1228
23 1508
23 1997
23 2088
23 2254
23 2404
23 2482
23 2541
23 3200
23 3358
23 4082
23 4258
24 30
24 42
24 57
24 83
24 99
24 114
24 143
24 144
24 148
24 152
24 164
24 166
24 182
24 218
24 219
24 310
24 333
24 353
24 406
24 446
24 481
24 530
24 549
24 570
24 578
24 849
24 864
24 979
24 1013
24 1015
24 1194
24 1203
24 1490
24 1502
24 1569
24 1643
24 1734
24 1779
24 1817
24 1992
24 2006
24 2050
24 2174
24 2213
24 2262
24 2526
24 2595
24 2608
24 2639
24 2836
24 2912
24 3080
24 3267
24 3625
24 3730
24 4021
24 4334
24 4464
24 4731
24 4736
24 4782
24 4889
25 44
25 211
25 236
25 553
25 1053
25 1401
25 1564
25 1649
25 1844
25 2308
25 2386
25 2735
25 2772
25 2834
25 4150
25 4581
25 4948
26 27
26 29
26 31
26 37
26 42
26 45
26 73
26 94
26 103
26 130
26 144
26 151
26 167
26 190
26 215
26 216
26 244
26 253
26 265
26 282
26 294
26 314
26 317
26 322
26 329
26 356
26 403
26 410
26 508
26 527
26 547
26 598
26 606
26 635
26 657
26 663
26 665
26 680
26 689
26 691
26 760
26 763
26 816
26 838
26 944
26 957
26 959
26 972
26 976
26 985
26 996
26 1058
26 1092
26 1099
26 1123
26 1192
26 1222
26 1263
26 1265
26 1330
26 1353
26 1378
26 1388
26 1595
26 1605
26 1661
26 1699
26 1805
26 1976
26 1977
26 2036
26 2109
26 2152
26 2153
26 2158
26 2188
26 2309
26 2465
26 2536
26 2544
26 2651
26 2740
26 2916
26 2997
26 3027
26 3064
26 3075
26 3133
26 3144
26 3156
26 3221
26 3229
26 3230
26 3294
26 3367
26 3369
26 3501
26 3684
26 3817
26 3945
26 3976
26 4022
26 4057
26 4152
26 4170
26 4274
26 4390
26 4417
26 4485
26 4562
26 4682
26 4741
26 4787
26 4875
26 4987
27 41
27 78
27 173
27 175
27 185
27 195
27 201
27 302
27 330
27 380
27 384
27 413
27 423
27 431
27 480
27 631
27 656
27 693
27 704
27 716
27 734
27 843
27 895
27 1085
27 1400
27 1514
27 1661
27 1746
27 1787
27 1884
27 2000
27 2054
27 2090
27 2244
27 2319
27 2415
27 2467
27 2477
27 2494
27 2796
27 2940
27 3040
27 3059
27 3182
27 3226
27 3262
27 3465
27 3586
27 3650
27 3856
27 4828
27 4906
27 4959
28 54
28 72
28 88
28 130
28 133
28 151
28 267
28 360
28 373
28 467
28 507
28 763
28 864
28 876
28 1001
28 1116
28 1333
28 1366
28 1427
28 1440
28 1626
28 1691
28 2305
28 2611
28 2728
28 2746
28 2902
28 2911
28 2991
28 3098
28 3228
28 3392
28 3456
28 3616
28 3626
28 3660
28 3706
28 3876
28 3971
28 4208
28 4278
28 4425
28 4700
29 45
29 51
29 56
29 62
29 80
29 104
29 150
29 173
29 184
29 194
29 213
29 217
29 240
29 257
29 301
29 314
29 320
29 340
29 432
29 448
29 546
29 591
29 614
29 677
29 711
29 873
29 927
29 948
29 987
29 1127
29 1171
29 1338
29 1359
29 1415
29 1517
29 1547
29 1620
29 1823
29 1875
29 1889
29 1991
29 2097
29 2132
29 2202
29 2277
29 2313
29 2681
29 2756
29 2781
29 2808
29 2894
29 2895
29 2957
29 3275
29 3290
29 3321
29 3483
29 3603
29 3663
29 3743
29 3996
29 4019
29 4080
29 4126
29 4420
29 4769
30 58
30 159
30 439
30 468
30 605
30 842
30 936
30 1149
30 1372
30 1553
30 1558
30 1559
30 1741
30 1831
30 2402
30 2537
30 2565
30 2660
30 2668
30 2824
30 2857
30 2974
30 3121
30 3486
30 3494
30 3610
30 3818
30 4613
30 4627
30 4856
30 4985
31 39
31 53
31 70
31 90
31 103
31 108
31 111
31 125
31 141
31 202
31 210
31 321
31 376
31 411
31 434
31 484
31 587
31 599
31 600
31 655
31 679
31 739
31 793
31 889
31 928
31 1227
31 1338
31 1640
31 1647
31 1679
31 1690
31 1842
31 1927
31 1976
31 2027
31 2140
31 2221
31 2370
31 2474
31 2580
31 2720
31 2727
31 2939
31 3093
31 3273
31 3313
31 3639
31 3765
31 3784
31 3847
31 3977
31 4145
31 4189
31 4286
31 4635
32 151
32 199
32 232
32 290
32 494
32 616
32 643
32 648
32 810
32 859
32 1152
32 1300
32 1442
32 1622
32 1653
32 1817
32 2077
32 2260
32 2751
32 3097
32 3200
32 3528
32 4113
32 4277
32 4324
32 4438
32 4532
33 47
33 68
33 129
33 196
33 266
33 271
33 787
33 1103
33 1138
33 1221
33 1319
33 1662
33 1935
33 1957
33 2620
33 3294
33 4162
33 4201
33 4523
33 4562
33 4656
33 4689
34 70
34 77
34 84
34 118
34 127
34 136
34 174
34 772
34 1074
34 1349
34 1482
34 1739
34 1749
34 1969
34 2059
34 2079
34 2368
34 2457
34 2869
34 3893
34 4411
34 4942
35 36
35 53
35 66
35 93
35 100
35 249
35 287
35 334
35 366
35 468
35 618
35 749
35 1196
35 1345
35 1442
35 1561
35 1876
35 2824
35 2838
35 2904
35 3318
35 3485
35 3842
35 4046
35 4597
36 48
36 78
36 115
36 180
36 283
36 377
36 401
36 551
36 592
36 602
36 613
36 867
36 963
36 992
36 1049
36 1073
36 1548
36 1600
36 1625
36 2009
36 2276
36 2366
36 2411
36 2483
36 2534
36 2554
36 2746
36 2953
36 3338
36 3525
36 4235
36 4377
36 4432
36 4786
36 4927
37 49
37 56
37 59
37 94
37 167
37 247
37 301
37 348
37 356
37 370
37 417
37 444
37 521
37 548
37 735
37 1139
37 1150
37 1308
37 1357
37 1477
37 1550
37 1558
37 1563
37 1619
37 1829
37 1841
37 1971
37 2001
37 2177
37 2377
37 2421
37 2437
37 2448
37 2654
37 3432
37 3458
37 3473
37 3940
37 4141
37 4618
37 4983
38 82
38 272
38 610
38 714
38 778
38 857
38 871
38 1516
38 1663
38 2359
38 2994
38 3342
38 3463
38 3480
38 3886
38 4230
38 4245
38 4375
39 47
39 49
39 68
39 126
39 189
39 222
39 358
39 382
39 390
39 411
39 437
39 478
39 630
39 715
39 735
39 843
39 995
39 1050
39 1126
39 1146
39 1243
39 1269
39 1334
39 1413
39 1687
39 1772
39 1906
39 1934
39 2135
39 2266
39 2356
39 2420
39 2444
39 2465
39 2679
39 2818
39 2900
39 3526
39 3541
39 3802
39 3832
39 4110
39 4129
39 4284
39 4358
39 4584
39 4686
39 4829
39 4884
39 4885
39 4894
40 45
40 57
40 106
40 140
40 154
40 221
40 363
40 470
40 765
40 793
40 871
40 1202
40 1265
40 1596
40 1664
40 2270
40 2531
40 3110
40 3304
40 3412
40 3635
40 3710
40 3902
40 4317
40 4412
41 51
41 149
41 162
41 164
41 250
41 290
41 312
41 363
41 398
41 447
41 465
41 637
41 712
41 831
41 883
41 892
41 901
41 960
41 1140
41 1156
41 1177
41 1181
41 1336
41 1346
41 1569
41 1678
41 1691
41 1834
41 1905
41 1925
41 1978
41 1999
41 2142
41 2219
41 2471
41 2633
41 2982
41 3037
41 3076
41 3111
41 3239
41 3318
41 3673
41 3762
41 3776
41 4027
41 4032
41 4146
41 4351
41 4390
41 4442
41 4526
41 4626
41 4957
42 123
42 177
42 500
42 1768
42 1918
42 2070
42 2922
42 3580
42 3773
42 4223
42 4338
43 64
43 79
43 91
43 120
43 221
43 344
43 346
43 374
43 437
43 448
43 466
43 483
43 549
43 578
43 605
43 691
43 935
43 949
43 1060
43 1236
43 1251
43 1369
43 1551
43 1710
43 1754
43 1961
43 1980
43 2058
43 2064
43 2191
43 2199
43 2379
43 2759
43 3026
43 3261
43 3524
43 3543
43 3618
43 3646
43 3772
43 3836
43 3928
43 3929
43 4047
43 4150
43 4205
43 4774
43 4860
43 4871
43 4928
44 75
44 86
44 91
44 115
44 118
44 131
44 158
44 162
44 204
44 209
44 230
44 249
44 252
44 397
44 526
44 536
44 545
44 603
44 679
44 746
44 804
44 813
44 846
44 924
44 966
44 1021
44 1293
44 1488
44 1516
44 1555
44 1713
44 1716
44 1986
44 2127
44 2129
44 2143
44 2378
44 2606
44 2696
44 2718
44 2756
44 2823
44 3334
44 3500
44 3813
44 4147
44 4272
44 4324
44 4584
45 134
45 339
45 555
45 610
45 712
45 1555
45 2469
45 2743
45 2919
45 3538
46 100
46 107
46 178
46 243
46 266
46 299
46 359
46 370
46 426
46 531
46 620
46 756
46 766
46 779
46 788
46 812
46 872
46 1012
46 1040
46 1062
46 1080
46 1081
46 1166
46 1378
46 1431
46 1830
46 1953
46 2063
46 2077
46 2287
46 2707
46 2825
46 2862
46 3637
46 4005
46 4066
46 4081
46 4105
46 4132
46 4149
46 4156
46 4247
46 4698
46 4795
47 117
47 172
47 179
47 209
47 245
47 257
47 308
47 355
47 409
47 517
47 580
47 921
47 1034
47 1126
47 1290
47 1318
47 1444
47 1608
47 1728
47 2052
47 2125
47 2386
47 2394
47 2414
47 2489
47 2775
47 3938
47 4309
47 4333
48 50
48 91
48 145
48 388
48 789
48 842
48 958
48 970
48 1250
48 1696
48 1838
48 2155
48 2553
48 2787
48 4147
48 4345
49 511
49 690
49 799
49 2805
50 58
50 92
50 122
50 211
50 430
50 649
50 702
50 834
50 919
50 927
50 1013
50 1032
50 1093
50 1184
50 1708
50 1860
50 1889
50 2644
50 2905
50 2948
50 3250
50 4760
50 4981
51 188
51 288
51 655
51 1784
51 2443
51 3004
51 3487
51 3594
51 3688
51 4773
51 4886
51 4971
52 116
52 241
52 529
52 575
52 879
52 1154
52 1267
52 1517
52 1566
52 1677
52 2081
52 2203
52 2924
52 3414
52 3651
52 3838
52 4327
52 4636
52 4870
53 54
53 131
53 259
53 297
53 406
53 912
53 978
53 1101
53 1130
53 1681
53 1994
53 2789
53 3036
53 3168
53 3186
53 3260
53 4582
54 64
54 65
54 66
54 95
54 109
54 125
54 171
54 179
54 216
54 232
54 257
54 300
54 305
54 321
54 337
54 364
54 420
54 422
54 443
54 545
54 563
54 626
54 633
54 666
54 686
54 701
54 761
54 954
54 991
54 1124
54 1149
54 1216
54 1244
54 1258
54 1348
54 1393
54 1401
54 1494
54 1506
54 1593
54 1653
54 1692
54 1750
54 1823
54 1953
54 2007
54 2090
54 2118
54 2241
54 2259
54 2349
54 2402
54 2449
54 2522
54 2532
54 2654
54 2675
54 2724
54 2840
54 2881
54 2975
54 3112
54 3168
54 3352
54 3360
54 3484
54 3542
54 3759
54 3778
54 3877
54 4311
54 4366
54 4395
54 4481
54 4492
54 4550
54 4685
54 4890
55 86
55 320
55 541
55 1527
55 4087
55 4117
55 4518
56 112
56 186
56 599
56 627
56 739
56 978
56 1039
56 1051
56 1132
56 1273
56 1340
56 1910
56 1928
56 2102
56 2164
56 2291
56 2305
56 2473
56 2589
56 2789
56 2950
56 3359
56 3496
56 3515
56 4024
56 4374
57 67
57 76
57 152
57 443
57 809
57 889
57 906
57 1070
57 1262
57 1349
57 1368
57 1797
57 1922
57 2442
57 3462
57 3723
57 3746
58 68
58 83
58 163
58 168
58 194
58 220
58 254
58 335
58 341
58 459
58 549
58 561
58 722
58 755
58 904
58 939
58 994
58 1295
58 1395
58 1434
58 1540
58 1799
58 1968
58 2016
58 2087
58 2214
58 2460
58 2925
58 3014
58 3246
58 4091
58 4572
59 83
59 135
59 150
59 160
59 168
59 187
59 214
59 297
59 495
59 552
59 559
59 576
59 590
59 603
59 813
59 903
59 909
59 994
59 1004
59 1201
59 1238
59 1266
59 1288
59 1401
59 1565
59 1765
59 1849
59 2130
59 2300
59 2513
59 2534
59 2644
59 2925
59 3126
59 3140
59 3142
59 3223
59 3354
59 3582
59 3644
59 3763
59 3859
59 4134
59 4167
59 4229
59 4237
59 4339
59 4361
59 4545
59 4891
60 204
60 224
60 255
60 346
60 408
60 769
60 989
60 1203
60 1631
60 1910
60 2515
60 2641
60 2673
60 2825
60 3432
60 3593
60 3754
60 3986
60 4152
60 4153
60 4195
60 4502
61 63
61 67
61 169
61 265
61 411
61 692
61 865
61 880
61 940
61 977
61 1138
61 1238
61 1476
61 1578
61 2144
61 2325
61 2349
61 2950
61 2984
61 3481
61 3567
61 3640
61 3807
61 4057
61 4417
62 85
62 87
62 119
62 123
62 160
62 207
62 208
62 279
62 292
62 295
62 349
62 367
62 373
62 398
62 440
62 487
62 584
62 610
62 754
62 766
62 885
62 932
62 964
62 1276
62 1421
62 1465
62 1509
62 1739
62 1794
62 2368
62 2477
62 3019
62 3290
62 3340
62 3433
62 3669
62 3817
62 4046
62 4155
62 4169
62 4590
62 4611
62 4746
62 4816
62 4833
63 226
63 282
63 338
63 362
63 435
63 504
63 666
63 1192
63 2081
63 2428
63 2652
63 2858
63 4274
63 4343
63 4396
64 73
64 79
64 146
64 154
64 274
64 440
64 474
64 658
64 706
64 710
64 852
64 879
64 929
64 974
64 1007
64 1256
64 1411
64 1436
64 1476
64 1621
64 1776
64 1790
64 1902
64 2056
64 2279
64 2362
64 2406
64 2661
64 2687
64 2834
64 3061
64 3344
64 3361
64 3516
64 3742
64 4066
64 4496
64 4609
64 4723
65 195
65 280
65 382
65 544
65 769
65 1505
65 1663
65 2614
65 3810
66 99
66 105
66 114
66 144
66 157
66 171
66 203
66 269
66 326
66 390
66 404
66 466
66 616
66 680
66 730
66 911
66 964
66 1035
66 1056
66 1141
66 1399
66 1420
66 1505
66 1537
66 1627
66 1680
66 1701
66 1731
66 1929
66 1930
66 1999
66 2343
66 2389
66 2518
66 2709
66 2845
66 3008
66 3020
66 3043
66 3148
66 3578
66 3801
66 3853
66 3906
66 4573
66 4680
67 108
67 145
67 242
67 248
67 433
67 443
67 724
67 1202
67 1301
67 1385
67 1555
67 1646
67 1673
67 1712
67 1764
67 1766
67 1987
67 2064
67 2276
67 2649
67 2701
67 2745
67 2784
67 2932
67 3126
67 3191
67 3214
67 3277
67 3290
67 3343
67 3356
67 3599
67 3846
67 4186
67 4276
67 4497
68 693
68 836
68 918
68 1047
68 1546
68 1677
68 1824
68 2240
68 2393
68 2614
68 2716
68 2868
68 3105
69 385
69 402
69 410
69 477
69 540
69 850
69 1252
69 1398
69 2014
69 2046
69 2115
69 2197
69 2373
69 2763
69 2958
69 3456
69 3674
70 95
70 129
70 192
70 220
70 293
70 560
70 571
70 578
70 752
70 809
70 932
70 1095
70 1392
70 1613
70 1694
70 1777
70 1819
70 1880
70 2538
70 2656
70 2894
70 2920
70 3016
70 3304
70 3780
70 3991
70 4038
70 4145
70 4288
70 4363
70 4451
70 4458
70 4659
70 4940
71 105
71 110
71 160
71 174
71 487
71 508
71 585
71 651
71 835
71 869
71 919
71 951
71 1586
71 1762
71 2040
71 2247
71 2653
71 2676
71 3299
71 4007
72 79
72 97
72 107
72 178
72 239
72 264
72 305
72 316
72 457
72 512
72 518
72 556
72 562
72 569
72 574
72 782
72 913
72 924
72 1093
72 1240
72 1286
72 1331
72 1524
72 1743
72 1890
72 1948
72 2042
72 2265
72 2324
72 3298
72 3303
72 3543
72 3781
72 4087
72 4095
72 4279
72 4350
72 4399
72 4559
72 4992
73 136
73 2013
73 2676
74 124
74 264
74 265
74 381
74 392
74 501
74 636
74 642
74 732
74 1944
74 2586
74 2743
74 2865
74 2981
74 3022
74 3938
74 4004
74 4265
74 4968
75 110
75 113
75 130
75 149
75 292
75 331
75 341
75 370
75 374
75 456
75 460
75 464
75 689
75 700
75 762
75 1074
75 1129
75 1164
75 1223
75 1252
75 1446
75 1490
75 1530
75 1587
75 1741
75 2050
75 2166
75 2408
75 2738
75 3412
75 3578
75 3794
75 4014
75 4691
75 4973
76 97
76 114
76 170
76 200
76 212
76 466
76 490
76 519
76 557
76 558
76 632
76 702
76 860
76 894
76 1210
76 1269
76 1447
76 1684
76 1789
76 1813
76 1919
76 1931
76 2208
76 2224
76 2286
76 2302
76 2463
76 2747
76 2811
76 2977
76 3092
76 3140
76 3730
76 3941
76 4268
76 4383
76 4419
76 4447
76 4744
76 4834
77 163
77 170
77 171
77 192
77 203
77 263
77 318
77 373
77 433
77 446
77 449
77 471
77 476
77 524
77 559
77 736
77 738
77 794
77 798
77 821
77 936
77 938
77 1038
77 1075
77 1119
77 1137
77 1141
77 1143
77 1200
77 1262
77 1324
77 1405
77 1443
77 1446
77 1585
77 2047
77 2140
77 2228
77 2399
77 2467
77 2897
77 2931
77 2935
77 3344
77 3575
77 3712
77 4017
77 4538
77 4905
77 4937
78 155
78 473
78 612
78 704
78 990
78 1266
78 2413
78 3002
78 3616
78 3625
78 3685
79 150
79 159
79 303
79 678
79 779
79 1023
79 1160
79 1196
79 1294
79 1541
79 1635
79 1763
79 2105
79 2415
79 2438
79 2535
79 2898
79 3196
79 3203
79 3520
79 3998
79 4078
80 238
80 722
80 1643
80 1686
80 1817
80 2330
80 2525
80 2705
80 2917
80 3460
80 4017
80 4453
80 4545
80 4789
81 154
81 176
81 192
81 224
81 253
81 300
81 316
81 427
81 461
81 668
81 709
81 938
81 1172
81 1208
81 1268
81 1388
81 1562
81 1576
81 1610
81 1672
81 1919
81 1941
81 1970
81 2146
81 2159
81 2236
81 2347
81 2494
81 2504
81 3060
81 3475
81 3797
81 4189
81 4266
81 4439
81 4676
81 4753
81 4802
82 101
82 139
82 199
82 611
82 625
82 670
82 756
82 841
82 893
82 1829
82 2034
82 2334
82 2404
82 3185
82 4053
82 4359
82 4847
83 97
83 142
83 172
83 234
83 256
83 307
83 426
83 523
83 611
83 675
83 1044
83 1062
83 1108
83 1148
83 1183
83 1189
83 1194
83 1237
83 1271
83 1589
83 1592
83 1815
83 2110
83 2419
83 2470
83 2660
83 3686
83 3695
83 3768
83 4563
83 4615
83 4862
84 89
84 182
84 184
84 229
84 309
84 315
84 317
84 327
84 372
84 445
84 463
84 534
84 637
84 750
84 910
84 1034
84 1087
84 1118
84 1225
84 1638
84 1831
84 2231
84 2362
84 2393
84 2453
84 2640
84 3059
84 3231
84 3477
84 3682
84 3731
84 4094
84 4149
84 4308
84 4429
84 4581
84 4586
84 4625
84 4649
84 4993
85 104
85 147
85 400
85 454
85 455
85 560
85 602
85 759
85 866
85 901
85 1022
85 1114
85 1134
85 1763
85 1870
85 1897
85 2065
85 2487
85 2627
85 3120
85 3173
85 4364
86 197
86 227
86 394
86 431
86 746
86 1169
86 1195
86 1359
86 1916
86 1932
86 2020
86 2281
86 2662
86 3438
86 3463
86 3888
86 4097
86 4534
87 200
87 218
87 355
87 366
87 375
87 459
87 663
87 982
87 1397
87 1443
87 1571
87 1586
87 1684
87 2442
87 2571
87 2737
87 3008
87 3486
87 3798
87 3994
87 4051
87 4395
87 4780
87 4830
88 98
88 140
88 147
88 239
88 246
88 268
88 389
88 522
88 623
88 905
88 1445
88 1542
88 1881
88 2040
88 2800
88 3021
88 3561
88 4049
88 4753
89 141
89 233
89 291
89 351
89 407
89 497
89 944
89 1108
89 1653
89 1654
89 1795
89 1926
89 2011
89 2610
89 2847
89 3270
89 3353
89 3544
89 4199
89 4623
90 109
90 126
90 211
90 237
90 247
90 323
90 419
90 454
90 458
90 483
90 530
90 729
90 733
90 757
90 953
90 980
90 1094
90 1231
90 1254
90 1489
90 1541
90 1903
90 2138
90 2219
90 2436
90 2677
90 2917
90 2955
90 2982
90 2988
90 3303
90 3312
90 3516
90 3716
90 3823
90 3886
90 4001
90 4194
90 4297
90 4360
90 4485
90 4539
90 4619
90 4979
91 1786
91 3009
92 195
92 393
92 403
92 504
92 519
92 643
92 894
92 923
92 1095
92 1675
92 2372
92 2809
92 3396
92 4474
93 119
93 121
93 122
93 132
93 156
93 202
93 225
93 309
93 439
93 498
93 511
93 533
93 566
93 847
93 1159
93 1204
93 1290
93 1456
93 1500
93 1514
93 1636
93 1638
93 1657
93 1791
93 2155
93 3193
93 3259
93 3715
93 3797
93 3894
94 191
94 233
94 288
94 378
94 492
94 773
94 1001
94 1011
94 1174
94 1333
94 1428
94 1909
94 2154
94 2287
94 2880
94 3144
94 4452
94 4953
95 106
95 208
95 216
95 241
95 278
95 312
95 324
95 389
95 419
95 467
95 482
95 554
95 567
95 686
95 943
95 949
95 1080
95 1344
95 1383
95 1448
95 1522
95 1677
95 1906
95 1915
95 2034
95 2327
95 2427
95 2775
95 2898
95 3045
95 3046
95 3321
95 3428
95 3493
95 3535
95 3732
95 3802
95 4009
95 4036
95 4183
95 4267
95 4520
95 4623
95 4683
95 4873
96 203
96 232
96 289
96 328
96 472
96 475
96 485
96 509
96 612
96 986
96 1010
96 1098
96 1213
96 1352
96 1774
96 1787
96 2230
96 2506
96 2540
96 2571
96 2621
96 2844
96 3107
96 3158
96 3276
96 3379
96 4756
97 161
97 429
97 768
97 3028
97 3396
98 115
98 228
98 237
98 331
98 654
98 1245
98 1250
98 1737
98 1933
98 2026
98 2044
98 2537
98 2836
98 3023
98 3029
98 3309
98 4457
98 4701
98 4727
98 4868
99 253
99 348
99 428
99 438
99 462
99 478
99 1095
99 1520
99 1603
99 1618
99 1635
99 1684
99 2358
99 2436
99 2439
99 2711
99 3107
99 3288
99 3630
99 3663
100 191
100 235
100 291
100 1507
100 1765
100 1773
100 3049
100 3271
100 3299
100 4601
100 4677
100 4947
101 127
101 139
101 308
101 417
101 425
101 469
101 490
101 870
101 972
101 1072
101 1083
101 1109
101 1116
101 1667
101 2041
101 2313
101 2450
101 2560
101 2587
101 2858
101 3150
101 3288
101 3351
101 3387
101 3934
101 3968
101 3989
101 4383
101 4395
101 4462
101 4678
101 4768
102 153
102 491
102 781
102 1707
102 1845
102 2069
102 2237
102 2279
102 2434
102 2647
102 2848
102 2861
102 3710
103 165
103 177
103 181
103 193
103 436
103 590
103 604
103 662
103 1045
103 1251
103 1270
103 1345
103 1920
103 2147
103 2527
103 2627
103 2666
103 3036
103 3184
103 3399
103 3498
103 3697
103 3913
103 4250
103 4855
105 197
105 908
105 1065
105 1164
105 1475
105 1613
105 1775
105 2095
105 2162
105 2304
105 2333
105 2369
106 127
106 280
106 536
106 660
106 1048
106 1165
106 1197
106 1616
106 1998
106 2747
106 2877
106 3221
106 3261
108 157
108 245
108 248
108 300
108 391
108 469
108 524
108 594
108 639
108 775
108 1018
108 1066
108 1227
108 1246
108 1256
108 1547
108 2951
108 3395
108 3495
108 4184
108 4227
108 4604
108 4822
109 166
109 223
109 244
109 295
109 488
109 533
109 660
109 661
109 741
109 1112
109 1413
109 1559
109 1602
109 1865
109 1983
109 2140
109 2760
109 3028
109 3137
109 3317
109 3808
109 4367
110 725
110 1554
110 3285
110 3922
110 4088
111 247
112 134
112 149
112 318
112 432
112 604
112 759
112 932
112 979
112 1085
112 1357
112 1375
112 1442
112 1512
112 1964
112 2360
112 2384
112 2612
112 2944
112 3211
112 3305
112 3449
112 3642
112 3829
112 4355
112 4481
112 4581
112 4768
113 991
113 1816
113 2233
113 2508
113 4579
114 273
114 536
114 900
114 1133
114 1738
114 2583
114 3680
114 3721
115 152
115 163
115 199
115 206
115 208
115 1064
115 2478
115 3368
115 4570
116 234
116 284
116 343
116 369
116 674
116 741
116 853
116 1000
116 1089
116 2163
116 2337
116 2630
116 2719
116 2938
116 2957
116 3752
116 4026
117 388
117 1315
117 1515
117 1639
117 1808
117 2807
117 3323
117 4537
118 207
118 291
118 477
118 640
118 713
118 1153
118 1560
118 1899
118 2144
118 2510
118 2757
118 2901
118 3005
118 3314
118 3531
118 4181
118 4543
118 4700
118 4944
119 156
119 175
119 186
119 198
119 238
119 367
119 728
119 854
119 883
119 911
119 976
119 1122
119 1196
119 2872
119 3186
119 4453
119 4765
120 251
120 322
120 336
120 794
120 891
120 1869
120 1877
120 3428
120 3866
120 4079
121 188
121 223
121 387
121 589
121 644
121 1237
121 1342
121 1428
121 1630
121 1670
121 1922
121 2358
121 2370
121 2623
121 2664
121 2991
121 3154
121 3199
121 3238
121 3769
121 3787
121 3806
121 3828
121 4068
121 4861
121 4890
122 138
122 191
122 306
122 381
122 409
122 503
122 538
122 595
122 641
122 802
122 841
122 1182
122 1381
122 1933
122 2098
122 2243
122 2492
122 3062
122 3150
122 3658
122 3669
122 3926
122 4218
123 159
123 243
123 276
123 541
123 573
123 765
123 924
123 1929
123 2399
123 3817
124 2068
124 2665
125 126
125 275
125 400
125 453
125 761
125 837
125 904
125 970
125 1394
125 1554
125 1846
125 2010
125 2681
125 2748
125 2828
125 3392
125 3546
125 4527
125 4750
125 4980
126 147
126 213
126 285
126 326
126 540
126 858
126 1120
126 1218
126 1264
126 1536
126 1690
126 2121
126 2351
126 2587
126 2634
126 3031
126 3283
126 3736
126 3874
126 4213
126 4479
127 415
127 840
127 1099
127 1167
127 1849
127 2243
127 2394
127 3689
128 601
128 1620
128 2179
128 3961
128 4575
128 4720
128 4834
129 157
129 158
129 219
129 625
129 648
129 805
129 822
129 1054
129 1540
129 2312
129 2507
129 2574
129 2966
129 3017
129 3050
129 4089
129 4267
129 4334
129 4530
129 4940
130 153
130 158
130 193
130 403
130 571
130 582
130 716
130 739
130 858
130 861
130 1052
130 1241
130 1695
130 1769
130 1993
130 2134
130 2391
130 2414
130 2555
130 2729
130 2785
130 2849
130 2914
130 3656
130 3785
130 3966
130 4198
130 4801
130 4860
130 4943
131 139
131 283
131 634
131 1328
131 1370
131 1729
131 2038
131 2074
131 2139
131 2567
131 3169
131 3366
131 4115
131 4272
131 4531
132 197
132 298
132 392
132 413
132 481
132 621
132 691
132 722
132 877
132 985
132 1296
132 1386
132 1923
132 2015
132 2675
132 2678
132 2896
132 2970
132 3196
132 3343
132 3441
132 3532
132 3754
132 3806
132 3914
132 4199
132 4220
132 4412
132 4708
132 4964
133 270
133 1713
133 2151
133 2228
133 2429
133 2502
133 2526
133 2956
133 3610
133 4689
133 4914
134 148
134 214
134 249
134 383
134 424
134 566
134 644
134 819
134 875
134 1215
134 1292
134 1547
134 1595
134 2071
134 2354
134 2635
134 2719
134 3020
134 3071
134 3155
134 3258
134 3337
134 3345
134 3404
134 3660
134 4874
134 4877
135 272
135 330
135 767
135 988
135 1436
135 1560
135 1886
135 2191
135 2450
135 2718
135 2914
135 3374
135 3781
135 3880
135 4379
135 4528
136 225
136 254
136 351
136 420
136 627
136 727
136 1358
136 1386
136 1504
136 1594
136 1973
136 2186
136 2306
136 2371
136 2518
136 2569
136 2688
136 2852
136 2951
136 4458
137 505
137 586
137 812
137 1414
137 1594
137 1623
137 1920
137 2582
137 2665
137 2770
137 3308
137 3447
137 4475
138 956
138 1834
138 1986
138 4336
139 215
139 387
139 546
139 1633
139 1945
139 2062
139 4168
140 672
140 1038
140 1567
140 1603
140 1610
140 2383
140 2682
140 2880
140 3203
140 4449
140 4503
141 231
141 280
141 281
141 308
141 378
141 450
141 762
141 860
141 983
141 1120
141 1248
141 1457
141 1536
141 1757
141 1802
141 2035
141 2202
141 2294
141 3535
141 3791
141 4203
141 4211
141 4394
141 4436
143 146
143 155
143 188
143 251
143 289
143 350
143 398
143 524
143 543
143 576
143 770
143 894
143 1091
143 1181
143 1201
143 1256
143 1416
143 1438
143 1453
143 1752
143 1807
143 1866
143 2317
143 2412
143 2877
143 3240
143 3319
143 3791
143 3850
143 3885
143 3985
143 4160
143 4646
143 4950
144 222
144 262
144 423
144 1415
144 1870
144 2316
144 4429
145 407
145 1091
145 1463
145 1806
145 1950
145 3714
145 4333
146 572
147 310
147 361
147 434
147 1147
147 1356
147 2475
147 3333
148 178
148 184
148 224
148 298
148 405
148 417
148 422
148 452
148 475
148 489
148 496
148 540
148 547
148 567
148 586
148 767
148 790
148 830
148 865
148 922
148 926
148 958
148 1282
148 1294
148 1363
148 1367
148 1377
148 1499
148 1635
148 1816
148 1864
148 1946
148 1952
148 2049
148 2060
148 2271
148 2330
148 2460
148 2548
148 2663
148 3038
148 3125
148 3312
148 3679
148 3888
148 4082
148 4106
148 4162
148 4356
148 4445
148 4798
148 4860
149 168
149 304
149 378
149 405
149 439
149 528
149 720
149 940
149 1072
149 1129
149 1258
149 1414
149 1562
149 1689
149 1759
149 1860
149 2352
149 2395
149 2483
149 2715
149 3263
149 3592
149 4574
150 707
150 844
150 1206
150 2101
150 4046
151 1132
151 1861
151 1883
151 2083
151 2777
151 2873
151 3620
151 3648
151 3911
151 4062
151 4434
151 4497
151 4554
152 250
152 252
152 316
152 343
152 358
152 538
152 671
152 896
152 1002
152 1045
152 1380
152 1424
152 1441
152 2109
152 2524
152 3141
152 3200
152 3224
152 3253
152 3278
152 3388
152 3809
152 3839
153 215
153 227
153 293
153 436
153 756
153 1191
153 1418
153 1483
153 1943
153 2012
153 2113
153 2329
153 2501
153 3101
153 3554
153 4204
153 4765
153 4939
154 270
154 985
154 1005
154 1144
154 2194
154 2808
154 2878
154 4102
154 4944
155 580
156 165
156 239
156 256
156 259
156 271
156 386
156 414
156 479
156 543
156 558
156 635
156 708
156 729
156 751
156 960
156 1017
156 1053
156 1060
156 1300
156 1574
156 2172
156 2383
156 2426
156 2754
156 2806
156 3034
156 3283
156 3292
156 3518
156 3648
156 3871
156 3903
156 4296
156 4507
156 4869
156 4974
157 394
157 608
157 672
157 718
157 934
157 2417
157 2899
157 4493
157 4737
157 4988
158 231
158 258
158 388
158 413
158 458
158 479
158 559
158 592
158 1050
158 1142
158 1208
158 1452
158 1731
158 2019
158 2298
158 2929
158 3514
158 3590
158 3709
158 4510
159 185
159 375
159 390
159 418
159 854
159 1049
159 1625
159 2547
159 3364
159 4037
159 4076
160 583
160 687
160 1330
160 1946
160 2507
160 4223
161 480
161 603
161 677
161 818
161 1310
161 1692
161 1720
161 2189
161 2908
161 3417
161 3516
161 4514
161 4569
162 890
162 1116
162 1226
162 3868
163 176
163 180
163 200
163 204
163 272
163 274
163 283
163 360
163 368
163 595
163 650
163 684
163 913
163 1089
163 1136
163 1318
163 1369
163 1396
163 1487
163 1672
163 1689
163 1707
163 1936
163 2242
163 2591
163 2849
163 2932
163 3031
163 3113
163 3123
163 3840
163 4054
163 4763
163 4771
164 684
164 897
164 1003
164 1448
164 1800
164 2904
164 3337
164 3889
164 4578
165 275
165 1380
165 1415
165 2668
165 2809
165 3641
165 3712
165 4076
165 4377
165 4592
166 877
166 1328
166 2065
166 2962
166 3725
167 302
167 319
167 490
167 1078
167 1111
167 1197
167 1276
167 1921
167 1960
167 2378
167 2628
167 3849
167 4027
168 347
168 595
168 631
168 774
168 1890
168 2284
168 2344
168 3061
168 3069
168 3841
168 4637
168 4702
169 263
169 415
169 677
169 699
169 773
169 1063
169 1540
169 2666
169 3084
170 227
170 286
170 377
170 396
170 658
170 1054
170 1214
170 1361
170 1369
170 1537
170 3603
170 4876
171 241
171 361
171 412
171 679
171 1230
171 1268
171 1296
171 1425
171 1441
171 1579
171 1708
171 1810
171 1814
171 2170
171 2211
171 2357
171 2695
171 2735
171 3562
171 3651
171 4421
171 4636
172 256
172 278
172 321
172 498
172 783
172 1503
172 1611
172 1744
172 1851
172 4780
173 313
173 503
173 654
173 1242
173 1909
173 2202
173 2481
173 3921
173 4178
174 1286
174 1358
174 1851
174 2501
174 4477
174 4509
175 907
175 1343
175 1462
175 3178
175 4568
176 332
176 338
176 520
176 828
176 1179
176 1269
176 1287
176 1327
176 1760
176 1858
176 1987
176 2174
176 2227
176 2655
176 2659
176 3473
176 3728
176 3854
176 4245
177 255
177 259
177 267
177 303
177 801
177 1278
177 1420
177 2289
177 2416
177 2563
177 3120
177 3528
177 3653
177 3972
177 4672
178 223
178 267
178 371
178 807
178 2375
178 4658
179 513
179 768
179 947
179 1064
179 1544
179 3092
180 217
180 273
180 290
180 304
180 350
180 400
180 467
180 514
180 550
180 674
180 678
180 863
180 877
180 941
180 1215
180 1253
180 1291
180 1352
180 1449
180 1826
180 1892
180 1926
180 2246
180 2327
180 2766
180 2825
180 2887
180 3110
180 3294
180 3306
180 3379
180 3459
180 3494
180 3495
180 3497
180 3555
180 3615
180 3793
180 3859
180 3965
180 4012
180 4309
180 4565
180 4598
180 4819
181 360
181 1715
181 1828
181 4423
182 289
182 382
182 441
182 3043
182 3399
182 4178
183 293
183 311
183 354
183 356
183 531
183 633
183 1417
183 1580
183 1699
183 1741
183 1843
183 1907
183 2562
183 2681
183 2863
183 2875
183 3064
183 3134
183 3614
183 3740
183 4788
183 4866
184 325
184 385
184 759
184 1519
184 2430
184 2698
184 3705
184 4130
184 4341
185 221
185 271
185 322
185 389
185 462
185 564
185 699
185 900
185 941
185 977
185 1003
185 1057
185 1327
185 1582
185 1717
185 2176
185 2359
185 2406
185 2482
185 2498
185 2691
185 2885
185 3107
185 3394
185 3940
185 4362
185 4516
185 4647
185 4728
185 4777
185 4813
185 4837
186 229
186 414
186 532
186 855
186 874
186 1247
186 1300
186 1419
186 1530
186 1648
186 1810
186 3071
186 3386
186 3453
186 3539
186 3854
186 4253
186 4450
186 4530
187 198
187 234
187 607
187 1048
187 1083
187 1606
187 1697
187 1790
187 1898
187 1968
187 2060
187 2157
187 2374
187 2686
187 3170
187 3202
187 3207
187 3268
187 4023
187 4034
187 4048
187 4111
187 4467
188 231
188 435
188 862
188 1290
188 1570
188 2572
188 2683
188 2750
188 3327
188 3711
188 3885
188 3933
188 4429
188 4706
188 4883
189 372
189 995
189 3066
189 3632
190 212
190 349
190 2226
190 3165
190 3248
190 3430
190 4405
191 844
191 1299
191 1329
191 1525
191 1704
191 2544
191 4719
192 579
192 682
192 1657
192 2559
192 3928
192 4047
192 4270
192 4519
193 240
193 332
193 342
193 401
193 1183
193 1778
193 1793
193 2477
194 202
194 881
194 1552
194 1943
194 2273
194 4558
194 4948
195 369
195 694
195 917
195 1362
195 1485
195 1791
195 2755
195 3903
195 3907
195 4133
195 4461
196 277
196 562
196 791
196 1768
196 2598
196 2725
197 240
197 495
197 612
197 1408
197 4285
197 4469
198 416
198 548
198 663
198 997
198 1161
198 2091
198 2723
198 2860
198 3058
198 3330
198 3499
198 3542
198 4354
199 451
199 558
199 664
199 1025
199 1218
199 1789
199 2645
199 2980
199 3208
199 3355
199 3451
199 3936
199 4024
199 4130
200 243
200 357
200 974
200 998
200 2072
200 2163
200 2769
200 3884
200 4617
200 4724
200 4872
200 4997
201 1939
201 2157
201 2174
201 3003
201 3821
201 4572
202 303
202 319
202 421
202 767
202 887
202 957
202 1078
202 1446
202 1676
202 1747
202 2281
202 2761
202 3067
202 4683
203 517
203 539
204 584
204 1005
204 1081
204 1543
204 2520
204 3551
204 3623
205 312
205 415
205 618
205 707
205 807
205 969
205 1035
205 1155
205 1230
205 1317
205 1372
205 1482
205 2005
205 2188
205 2697
205 2817
205 3032
205 3927
205 4055
205 4105
205 4621
205 4693
206 262
206 455
206 629
206 1122
206 1251
206 1500
206 1740
206 1746
206 1931
206 1994
206 2337
206 2422
206 3627
206 4138
207 276
207 623
207 796
207 967
207 1001
207 1336
207 2304
207 2872
207 3026
207 3098
207 3525
207 3537
208 210
208 424
208 568
208 733
208 2778
208 3172
208 3213
208 3824
208 3919
208 4357
208 4731
209 217
209 376
209 870
209 1769
209 2361
209 2847
210 235
210 244
210 1120
210 3331
210 3717
210 3988
210 4497
210 4855
211 359
211 463
211 809
211 903
211 1590
211 1997
211 2558
211 3301
211 4067
212 489
212 770
212 2350
212 3009
212 4011
212 4655
213 266
213 476
213 2272
213 2671
213 3903
213 3918
213 4011
213 4778
213 4793
214 235
214 362
214 383
214 391
214 506
214 1058
214 1201
214 1535
214 2311
214 2495
214 2708
214 3303
214 3659
214 4328
214 4369
214 4372
215 347
215 354
215 427
215 674
215 793
215 1005
215 1133
215 1513
215 1925
215 2046
215 2113
215 2916
215 3171
215 3191
215 3560
215 3977
215 4277
215 4366
215 4597
216 890
216 939
216 1218
216 1288
217 832
217 1162
217 1541
217 4857
218 431
218 1009
218 1131
218 1151
218 1262
218 1579
218 2741
218 3700
218 3820
219 681
219 1070
219 1521
219 1572
219 1762
219 2260
219 3404
219 3695
219 3915
220 263
220 1158
220 2398
220 2602
220 3155
220 3400
221 269
221 320
221 463
221 637
221 675
221 831
221 961
221 1153
221 1240
221 1260
221 1411
221 1584
221 1619
221 2104
221 2923
221 3071
221 3211
221 3565
221 3714
221 3993
221 4487
221 4559
221 4624
221 4756
221 4826
222 261
222 310
222 707
222 798
222 882
222 1207
222 1469
222 1745
222 2028
222 2478
222 2490
222 3347
222 3615
222 3665
222 4000
222 4002
222 4275
222 4278
223 248
223 264
223 296
223 328
223 561
223 659
223 683
223 743
223 930
223 1172
223 1233
223 1354
223 1412
223 1495
223 1556
223 1629
223 2317
223 2608
223 2817
223 2935
223 3242
223 3612
224 226
224 427
224 634
224 787
224 956
224 1185
224 1587
224 1706
224 2545
224 2593
224 2807
224 2946
224 3009
224 3798
224 4997
225 268
225 401
225 435
225 471
225 514
225 864
225 908
225 1031
225 1284
225 1307
225 1371
225 1427
225 1485
225 1697
225 1743
225 2017
225 2352
225 2827
225 2859
225 2890
225 2965
225 2980
225 3251
225 3409
225 3512
225 4009
225 4086
225 4211
225 4241
225 4463
226 277
226 336
226 355
226 383
226 393
226 513
226 555
226 862
226 906
226 1148
226 2223
226 2354
226 2797
226 3251
226 3335
226 3338
226 3849
226 4099
226 4468
226 4885
226 4946
227 324
227 402
227 515
227 676
227 704
227 806
227 1481
227 1917
227 1934
227 2944
227 3472
228 233
228 315
228 342
228 708
228 753
228 798
228 845
228 893
228 1032
228 1146
228 1574
228 1882
228 1888
228 1928
228 1943
228 2109
228 2357
228 2602
228 2795
228 2839
228 2950
228 3035
228 3044
228 3273
228 3321
228 3413
228 3433
228 3742
228 4309
228 4897
229 570
229 680
229 1156
229 1416
229 2180
229 2293
229 2918
229 3247
229 3346
229 3355
229 3491
229 3923
229 4192
229 4246
229 4264
229 4635
229 4832
230 307
230 381
230 507
230 526
230 611
230 1161
230 1574
230 2050
230 3703
230 3906
230 4634
231 462
231 711
231 905
231 1502
231 1572
231 1893
231 1962
231 2128
231 4101
232 682
232 2895
232 3412
232 3446
232 3564
233 352
233 537
233 632
233 1212
233 1320
233 3483
233 3508
234 250
234 516
234 823
234 1105
234 2127
234 2446
234 2969
234 4730
235 386
235 455
235 769
235 1047
235 1067
235 1367
235 1496
235 1538
235 1602
235 1728
235 1838
235 2201
235 2564
235 3819
235 4223
236 252
236 593
236 715
236 723
236 1186
236 1248
236 3191
236 3376
236 4785
236 4851
237 254
237 396
237 789
237 1727
237 1839
237 3521
238 486
238 631
238 745
238 914
238 1030
238 1648
238 1974
238 1990
238 2162
238 2173
238 2400
238 2593
238 2679
238 3088
238 3702
238 4026
238 4110
238 4817
238 4870
239 428
239 599
239 745
239 1075
239 1694
239 1891
239 2092
239 2332
239 2853
240 3117
241 335
241 395
241 487
241 771
241 859
241 1356
241 2609
241 3118
241 3336
241 3748
241 4058
242 306
242 709
242 2266
243 556
243 799
243 800
243 1321
243 1621
243 1696
243 3238
243 4589
244 421
244 645
244 719
244 901
244 926
244 1328
244 1425
244 1435
244 1472
244 1499
244 1662
244 2003
244 2056
244 2072
244 2087
244 2096
244 2160
244 2263
244 2338
244 2993
244 3654
244 4298
245 342
245 352
245 397
245 474
245 560
245 698
245 912
245 1148
245 1486
245 2045
245 2244
245 2312
245 2998
245 3174
245 3235
245 3286
245 3426
245 3532
245 3611
245 3837
245 3973
245 4456
245 4830
246 337
246 1207
246 1874
246 2580
246 4613
247 406
247 638
247 1309
247 1466
247 2286
247 3134
247 3320
247 3701
248 563
248 1470
248 1471
248 1754
248 2230
248 2694
248 3479
249 333
249 1237
249 1475
249 3676
249 4900
250 499
250 1610
250 2669
250 3099
251 285
251 344
251 534
251 646
251 1225
251 1319
251 1390
251 1656
251 1797
251 2177
251 2803
251 3129
251 3457
251 3525
252 343
252 353
252 488
252 562
252 607
252 1125
252 1252
252 2693
253 384
253 432
253 461
253 629
253 915
253 971
253 4599
254 340
254 414
254 795
254 1600
254 1988
254 3125
254 4560
255 753
255 783
255 1132
255 1368
255 1773
255 2454
255 2809
255 3222
255 3666
255 3772
255 4759
256 261
256 1170
256 1454
256 1857
256 2141
256 3628
256 4056
256 4615
256 4690
256 4878
257 448
257 488
257 847
257 1157
257 2345
257 2641
257 3650
258 576
258 717
258 946
258 983
258 1526
258 1737
258 2073
258 2075
258 2535
258 2740
258 3008
258 3486
258 3922
259 687
259 736
259 1113
259 1145
259 1758
259 2002
259 2152
259 3374
259 4228
260 539
260 1007
260 1305
260 2649
261 520
261 683
261 1092
261 1377
261 1704
261 2930
261 3176
261 3284
261 4345
262 282
262 286
262 668
262 1488
262 3124
262 4778
263 507
263 642
263 646
263 731
263 1455
263 1615
263 1675
263 1969
263 2976
263 3037
263 3130
263 3179
263 3866
263 4622
263 4641
264 318
265 848
266 442
266 506
266 574
266 701
266 802
266 836
266 947
266 1036
266 1254
266 1267
266 1281
266 1428
266 1664
266 1704
266 2274
266 2472
266 2495
266 2614
266 2755
266 2954
266 3363
266 3554
266 3959
266 4239
266 4280
266 4394
266 4506
266 4717
266 4718
267 278
267 393
267 418
267 447
267 650
267 716
267 863
267 1004
267 1424
267 1626
267 1742
267 1921
267 1944
267 2200
267 2474
267 2586
267 2814
267 2933
267 3089
267 3459
267 3622
267 3763
267 4607
268 294
268 323
268 396
268 869
268 2024
268 2252
268 2503
268 3143
268 3245
268 3454
268 4080
268 4729
269 751
269 851
269 1636
269 2351
269 2903
269 4407
269 4600
269 4687
270 364
270 963
270 1029
270 1544
270 1618
270 1633
270 2233
270 2285
270 2978
270 3254
270 3464
270 3837
270 4233
270 4632
271 404
271 613
271 1263
271 1918
271 2416
271 4989
272 324
272 750
272 875
272 1173
272 1214
272 1312
272 1761
272 1875
272 2051
272 2585
272 3360
272 3704
272 4100
272 4650
272 4946
273 319
273 2038
273 2079
273 2235
273 2607
274 585
274 1998
274 2247
274 4513
275 3353
276 1948
278 330
278 339
278 824
278 1014
278 1257
278 1454
278 1963
278 4217
278 4640
279 451
279 496
279 1772
279 2057
279 2648
279 3461
279 3851
280 684
280 1503
281 460
281 575
281 1990
281 2718
281 3583
281 3964
281 3978
281 4400
282 1423
282 3736
282 3872
283 1071
283 3850
283 4861
284 472
284 624
284 1341
284 3453
284 3906
284 3908
284 4175
285 561
285 577
285 600
285 617
285 830
285 1022
285 1028
285 1332
285 1581
285 2232
285 2369
285 2471
285 2475
285 2493
285 2924
285 3018
285 3544
285 3634
285 3830
285 3856
285 3887
285 4232
286 605
287 502
287 636
287 1109
287 1219
287 1399
287 1456
287 1955
287 2636
287 2753
287 3127
287 3156
287 3644
287 4626
288 1876
288 3281
288 4036
289 452
289 661
289 669
289 760
289 772
289 789
289 1076
289 1183
289 1239
289 1313
289 1637
289 1654
289 2129
289 2275
289 2490
289 3280
289 3530
289 4176
289 4272
289 4426
290 340
290 374
290 497
290 670
290 936
290 1165
290 1311
290 1430
290 1756
290 1946
290 2742
290 3254
290 3624
290 3745
290 4038
290 4501
290 4541
291 438
291 465
291 660
291 975
291 1257
291 1297
291 2051
291 2692
291 2764
291 3341
291 3411
291 4639
291 4654
291 4673
292 371
292 568
292 594
292 742
292 1037
292 1332
292 1497
292 1748
292 1808
292 1983
292 2182
292 2265
292 2764
292 3011
292 3163
292 3310
292 4831
293 449
293 758
293 2296
293 3153
293 3571
293 4691
293 4916
294 522
294 764
294 887
294 1000
294 1090
294 1362
294 1798
294 1809
294 2169
294 2881
294 2901
294 2967
294 4422
294 4468
294 4473
294 4513
294 4611
294 4746
294 4788
294 4926
295 3506
296 313
296 350
296 608
296 714
296 781
296 938
296 2006
296 2039
296 2269
296 2688
296 2934
296 3363
296 4020
296 4257
296 4537
296 4575
296 4972
297 331
297 527
297 745
297 1118
297 1620
297 3519
297 4836
298 425
298 473
298 542
298 726
298 1937
298 2157
298 2815
298 3082
298 3362
298 3570
298 4566
299 1853
300 429
300 754
300 811
300 818
300 1351
300 4644
300 4735
301 464
301 1003
301 1107
301 1233
301 1475
301 1502
301 1670
301 1698
301 2314
301 2469
302 776
302 1136
302 1913
302 2149
302 2581
302 2958
302 3561
302 4031
303 857
303 1282
303 1716
303 2491
304 541
304 867
304 1189
304 1355
304 1962
304 3287
304 3368
304 3563
305 475
305 1114
305 1176
305 1286
305 4238
306 837
306 849
306 886
306 1127
306 1549
306 1568
306 1619
306 1715
306 1883
306 1972
306 2548
306 2890
306 3147
306 3419
306 3895
306 4297
306 4563
306 4996
307 1666
308 372
308 1180
308 1406
308 3056
308 3272
308 4457
308 4727
308 4978
309 352
309 472
309 973
309 1249
309 1832
309 1930
309 2544
309 2675
309 3562
309 3606
310 437
310 839
310 922
310 1260
310 1337
310 2008
310 2612
310 3658
310 3869
310 4380
310 4812
311 4549
311 4622
312 1327
312 1356
312 1637
312 4452
313 953
313 1479
313 1689
313 2339
313 2834
313 3006
313 3402
313 4424
314 1104
314 2726
314 3027
314 3549
314 4679
315 332
315 337
315 339
315 486
315 654
315 1342
315 1474
315 1569
315 2869
315 3067
315 3209
315 3585
315 3768
316 416
316 597
316 1044
316 1721
316 1984
316 2597
317 379
317 1801
317 2570
317 2797
317 2984
317 3124
317 4004
317 4151
317 4213
318 2215
318 3745
319 1041
319 1228
319 1412
319 2906
319 4141
319 4232
320 553
320 1352
320 2246
320 3494
320 3575
320 3645
320 3814
320 4795
321 329
321 482
321 552
321 586
321 1057
321 1945
321 2160
321 2707
321 3308
321 3797
321 4028
322 4670
323 1631
323 2138
323 3206
323 3349
323 3373
323 4580
323 4671
323 4745
323 4953
324 3595
325 1090
325 3771
326 470
326 1112
326 2245
326 2625
327 662
327 1079
327 3307
327 4330
327 4343
327 4902
328 775
328 866
328 1516
328 2884
328 3015
328 3053
329 865
329 1182
329 1405
329 3258
329 4134
330 409
330 2039
330 2498
330 4317
331 622
331 833
331 1299
331 1320
331 2352
331 2973
331 3066
331 3385
331 3855
331 3915
331 4324
331 4401
331 4414
332 628
332 785
332 909
332 1052
332 1609
332 2610
332 2818
332 2867
332 3925
332 4083
332 4101
334 348
334 410
334 425
334 723
334 1355
334 2012
334 2456
334 2588
334 3336
334 3974
334 4137
334 4338
334 4346
334 4586
334 4679
335 484
335 898
335 1224
336 369
336 1292
336 2767
336 3184
336 3187
336 3236
336 4499
337 591
337 698
337 1277
337 1775
337 2176
337 2434
337 2560
337 3445
337 3874
337 4534
338 357
338 365
338 412
338 1211
338 1924
338 2170
338 2529
338 2827
338 3381
338 4131
339 579
339 1473
339 1842
339 1861
339 1997
339 3175
339 4893
340 1236
340 1887
340 2027
340 2047
340 4534
341 497
341 525
341 545
341 581
341 1234
341 2283
341 2401
341 2543
341 4053
342 377
342 420
342 1959
342 2231
342 3090
342 4015
342 4812
342 4922
343 556
343 1788
343 2195
343 2593
343 4478
344 694
344 748
344 1106
344 1249
344 1432
344 1722
344 4114
344 4191
344 4529
345 444
345 917
345 989
345 1422
345 1617
345 1776
345 2124
345 2210
345 2291
345 2346
345 2595
345 3593
345 4484
346 829
346 2496
346 4048
347 565
347 697
347 1024
347 4163
348 656
348 834
348 1634
348 2901
349 826
349 1268
349 1312
349 1343
349 1384
349 1433
349 1881
349 1962
349 2204
349 2530
349 3287
349 3361
349 4043
349 4934
351 353
351 456
351 486
351 703
351 1464
351 1526
351 1894
351 2175
351 2789
351 2842
351 4051
351 4703
351 4762
352 395
352 430
352 577
352 614
352 1297
352 1343
352 1490
352 1693
352 2742
352 3206
352 3894
352 4178
353 657
354 2548
354 3103
355 678
355 990
355 1484
355 1780
355 2357
355 3003
355 3857
355 3876
355 3963
356 501
356 667
356 797
356 804
356 965
356 1146
356 1223
356 1390
356 1440
356 1917
356 2104
356 2605
356 3010
356 3679
356 3986
356 4008
356 4113
356 4697
357 652
357 1351
357 1879
357 1914
357 3733
357 4483
358 1087
358 1214
359 441
359 650
359 916
359 1107
359 1371
359 1659
359 2319
359 2596
360 1730
360 1869
360 2119
360 2959
360 4371
360 4426
361 2421
361 2558
361 3639
362 672
362 838
362 939
362 955
362 1171
362 3909
362 4608
363 596
363 621
363 1018
363 1449
363 2299
363 2628
363 2743
363 3204
363 3280
363 3741
363 4327
363 4915
363 4975
364 4143
364 4284
365 630
365 4525
366 868
366 1200
366 2685
366 3838
366 4526
366 4816
367 1364
367 1509
367 1806
367 1840
367 1985
367 3532
367 3656
367 3871
367 4196
368 1180
368 2023
368 3155
368 4574
369 418
369 627
369 641
369 743
369 902
369 1641
369 2131
369 2385
369 3312
369 4738
370 622
370 1245
370 2545
370 4305
370 4760
371 447
371 577
371 597
371 688
371 812
371 844
371 890
371 944
371 1354
371 1370
371 1531
371 1593
371 1862
371 1992
371 2073
371 2239
371 2249
371 2493
371 2732
371 2973
371 3293
371 3748
371 3767
371 4388
371 4842
372 1585
372 1632
372 1853
372 2751
372 2935
372 3437
372 3510
372 4227
372 4466
373 786
373 986
373 2625
373 2626
373 3953
374 796
374 1671
374 4396
375 404
375 535
375 589
375 954
375 1291
375 2431
375 2458
375 2931
375 3231
375 3553
375 3851
376 824
376 845
376 1241
376 1847
376 1979
376 2301
376 2674
376 3551
376 4595
377 748
377 785
377 946
377 1053
377 2641
377 2802
378 380
378 1082
378 1866
378 2257
378 3691
378 4167
378 4226
378 4827
378 4945
379 518
379 582
379 695
379 705
379 1042
379 1778
379 2036
379 2090
379 2237
379 2435
379 2697
379 2778
379 3420
379 3498
379 3962
380 1501
380 2512
380 3737
381 513
381 700
381 1114
381 1216
381 1957
381 1959
381 2235
381 4187
381 4568
381 4806
383 673
383 858
383 1080
383 1545
383 1679
383 2283
383 2446
383 2879
383 3018
383 4157
383 4747
383 4991
384 464
384 1331
384 1417
385 408
385 613
385 2250
385 2277
385 2318
385 3579
385 4200
386 477
386 548
386 626
386 642
386 766
386 777
386 827
386 1278
386 1311
386 1312
386 1768
386 1949
386 2014
386 2027
386 2274
386 2370
386 2523
386 3055
386 3161
386 3720
386 4642
387 810
387 2423
388 757
388 1667
388 1671
388 1994
388 4486
389 495
389 746
389 1398
389 1434
389 1682
389 2760
389 3010
389 3388
389 3705
389 4109
389 4504
389 4639
390 1022
390 1150
390 1528
391 822
391 1322
391 1830
391 2694
391 2730
391 2967
391 3245
391 4226
392 641
392 681
392 811
392 1144
392 1812
392 2668
392 3758
392 4937
393 399
393 619
393 640
393 692
393 857
393 1346
393 1604
393 2917
394 572
394 695
395 453
395 581
395 657
395 804
395 822
395 976
395 1093
395 1135
395 1143
395 1394
395 1478
395 1873
395 1898
395 1960
395 2094
395 2206
395 2265
395 2757
395 2779
395 2941
395 3446
395 3714
395 4402
395 4459
395 4595
395 4963
396 517
396 780
396 1175
396 1455
396 1480
396 1864
396 2001
396 3414
396 3602
396 4483
396 4744
396 4769
397 1465
397 1850
397 4867
398 1525
398 2727
398 3119
398 3372
398 3378
398 4282
399 516
399 761
399 823
399 1364
399 1523
399 1732
399 2725
399 3405
399 3999
400 436
400 968
400 1238
400 1536
400 2600
400 3048
400 3329
400 3862
400 3989
400 4141
400 4557
401 451
401 638
401 826
401 831
401 1788
401 1917
401 1984
401 2048
401 2085
401 3731
401 4012
402 634
402 720
402 1322
402 1564
402 3002
402 3647
403 550
403 955
403 2125
403 3269
403 4616
404 589
404 1103
404 1437
404 1543
404 2133
404 3246
404 4142
405 967
405 1598
405 2328
405 4201
406 508
406 1323
406 2192
406 2288
406 2307
406 2365
406 3997
408 526
408 564
408 617
408 1284
408 2167
408 2724
408 4501
408 4647
409 752
409 1271
409 3013
409 3310
409 3416
409 4144
409 4300
410 537
410 625
410 740
410 811
410 955
410 1059
410 1153
410 1212
410 1780
410 1932
410 1940
410 2148
410 2348
410 2473
410 3024
410 3126
410 3184
410 3690
410 4326
410 4348
411 506
411 546
411 685
411 702
411 750
411 1407
411 3180
411 3276
411 3826
411 4430
412 816
412 2484
412 3931
412 4969
413 1159
413 1461
413 1636
413 3738
414 1720
414 3519
415 465
415 1316
415 2175
415 2309
415 2445
415 2572
416 925
416 1937
416 2042
416 2303
416 2787
416 3194
417 2734
417 3288
417 3604
418 692
418 1199
418 1533
418 2422
419 856
419 1213
419 1761
419 1959
419 2168
419 2830
419 3646
419 3816
419 4696
420 655
420 1339
420 1533
420 2915
420 2965
420 3375
420 3468
420 3476
420 3981
420 4679
420 4711
420 4843
421 1043
421 1882
421 2942
421 4401
421 4577
422 1014
422 2111
422 4122
422 4877
423 469
423 1545
423 1560
423 1810
423 1856
423 1922
423 2369
423 2387
423 2486
423 2685
423 2726
423 2860
423 2930
423 3842
423 3952
424 615
424 1744
424 2968
424 3283
424 3579
424 3773
424 4055
425 480
425 975
425 1836
425 2094
425 3036
425 3722
425 4612
425 4862
426 618
426 902
426 1337
426 1373
426 1403
426 1893
426 2691
426 4437
427 656
427 952
427 1000
427 1127
427 1306
427 1319
427 2254
427 2317
427 3047
427 3935
427 3949
427 4292
427 4913
428 922
428 1070
428 1902
428 2060
428 2739
428 2908
428 3633
428 4666
429 898
429 2012
429 4548
430 438
430 713
430 1160
430 1365
430 1865
430 2044
430 2726
430 2836
430 3653
430 3687
431 587
431 659
431 749
431 1484
431 1707
431 2288
431 2621
431 2833
431 4158
431 4405
431 4609
431 4743
432 442
432 834
432 1314
432 1334
432 2552
432 3011
432 3434
432 4818
433 565
433 1100
433 1163
433 1167
433 3291
434 449
434 478
434 1700
434 3214
434 3660
435 482
435 2629
435 3892
436 537
436 2099
436 3150
437 1103
437 1344
437 2106
437 2879
437 3281
437 3522
438 724
438 853
438 1244
438 1311
438 1868
439 452
439 563
439 897
439 975
439 1691
439 2111
439 3396
440 1410
440 1745
440 2775
441 461
441 607
441 673
441 1565
441 2508
442 1222
442 2193
443 615
443 667
443 776
443 784
443 1071
443 1140
443 1535
443 2142
443 2420
443 3024
443 3083
443 3511
443 3529
443 3703
443 4355
443 4387
443 4587
444 485
444 653
444 703
444 819
444 872
444 995
444 2546
444 2776
444 3098
444 3909
444 4021
444 4482
444 4588
444 4767
445 1372
445 2661
445 3397
446 675
446 1970
446 2721
446 3135
446 3414
446 3444
447 511
447 801
447 895
447 1105
447 1798
447 2051
447 2248
447 2528
447 2802
447 2854
447 3978
447 4403
448 493
448 950
448 2316
448 3053
449 1140
449 1611
449 1648
449 2949
449 3010
449 3040
449 3157
449 3261
449 3381
449 3511
449 3590
449 4637
449 4977
450 601
450 966
450 1055
450 1166
450 2884
450 3133
450 3170
450 3618
450 3970
450 4215
451 499
451 715
451 796
451 1065
451 1210
451 2089
451 2124
451 2509
451 4353
451 4490
451 4663
452 510
452 1101
452 2091
452 2156
452 2839
452 3022
452 3398
452 3496
452 3773
452 4096
453 770
453 784
453 954
453 957
453 1110
453 2211
453 2800
453 3996
453 4133
454 4323
455 614
455 700
455 795
455 885
455 1142
455 1175
455 1220
455 1364
455 1427
455 2076
455 2290
455 2490
455 2573
455 2776
455 3287
455 4306
455 4705
456 1083
456 1551
456 3471
456 4435
457 510
457 738
457 778
457 998
457 1066
457 1069
457 1102
457 1111
457 2443
457 2660
457 2823
457 3162
457 3256
457 3377
457 3399
457 4291
458 757
458 1382
458 1484
458 1908
459 718
459 1515
459 1645
459 1981
459 2938
459 4669
459 4904
460 514
460 661
460 891
460 918
460 1261
460 2322
460 2427
460 2874
460 3145
460 3659
460 3863
460 4260
460 4824
461 950
461 1811
461 4455
462 1195
462 2890
462 3338
463 473
463 810
463 1136
463 1885
463 3670
463 3719
463 4378
463 4688
464 632
464 1313
464 1376
464 1440
464 2888
464 3504
464 3759
464 4055
464 4265
465 708
465 815
465 873
465 1008
465 1075
465 1081
465 1625
465 2169
465 2840
465 3596
465 3751
465 3917
466 3357
466 4812
466 4997
467 580
467 638
467 728
467 1353
467 1991
467 4060
467 4493
468 570
468 572
468 609
468 961
468 1185
468 3753
468 3779
468 3990
468 4930
469 872
469 1059
469 1275
469 2822
469 3001
469 3119
470 1784
471 2308
471 2555
471 2943
471 3425
471 3637
471 3923
471 4991
472 544
472 1538
472 1581
472 2131
472 3729
473 509
473 714
473 929
473 973
473 1471
473 1750
473 1845
473 2008
473 2025
473 2273
473 2459
473 2702
473 2837
473 3421
473 3667
473 3721
473 3731
473 4147
473 4151
473 4268
473 4853
473 4889
474 4054
474 4307
475 1061
475 3302
476 588
476 1662
476 1759
477 652
478 792
478 1407
478 2539
478 3090
478 4625
479 533
479 1149
479 1376
479 1513
479 1937
479 2066
479 2871
479 3220
479 3951
480 1470
480 2432
481 999
481 2514
481 3675
482 494
482 1400
482 1599
482 1603
482 1688
482 2080
482 2326
483 532
483 1098
483 2068
483 2801
483 4406
484 500
484 958
484 962
484 965
484 1023
484 1492
484 1506
484 1665
484 1714
484 2031
484 2153
484 2866
484 3446
484 3469
484 3537
484 3749
484 3917
484 4283
484 4413
484 4547
484 4743
484 4752
485 1812
485 2116
486 2499
486 2710
486 2725
487 520
487 948
487 1492
487 1570
487 2391
488 829
488 1115
488 1345
488 1631
488 1978
488 2753
488 2984
488 3049
488 3320
488 3726
488 3836
488 4507
488 4872
489 583
489 662
489 925
489 1425
489 1594
489 1796
489 2564
489 4382
490 2690
490 3927
491 721
491 1542
491 3699
491 4263
491 4960
492 547
492 1871
492 2018
492 2838
492 3548
492 4173
493 735
493 754
493 945
493 964
493 3634
493 4059
493 4485
494 1638
494 1654
494 4444
495 1674
495 1944
495 2188
495 2195
495 2941
496 521
496 695
496 4332
497 706
497 1309
497 1802
497 2876
497 2963
497 3124
497 4423
497 4951
499 3193
500 1056
500 1338
500 1655
500 1863
500 2362
500 2864
500 3088
500 3557
500 3777
500 3891
500 4665
501 598
501 1186
501 1190
501 1379
501 1468
501 2022
501 2613
501 2921
501 3507
501 3763
502 1094
502 1317
502 4715
503 516
503 525
503 1383
504 814
504 1088
504 1226
504 1532
504 2141
504 4312
504 4915
504 4927
505 600
505 737
505 1405
505 2091
505 3409
505 4766
506 509
506 529
507 787
507 888
507 1104
507 3638
507 4685
508 840
508 2706
508 3547
508 3587
509 582
509 1131
509 1491
509 2927
509 4719
509 4950
510 550
510 1657
510 2093
510 3680
510 4629
511 535
511 1024
511 1527
511 1612
511 1721
511 2016
511 2541
511 2574
511 3757
511 3907
511 3963
511 4435
512 786
512 1923
513 987
513 1326
513 1660
513 1743
513 2432
513 2993
513 3070
513 3125
513 3244
513 3618
513 4734
514 1025
514 2020
514 2516
514 2909
515 602
515 701
515 1534
515 1690
515 2112
515 2722
515 2985
515 3649
515 4430
515 4762
516 800
516 953
516 1433
516 1498
516 1815
516 2378
516 3970
516 4667
517 519
517 724
517 776
517 956
517 1746
517 3649
518 1004
518 1039
518 1785
518 1814
518 3440
519 538
519 597
519 1819
519 1980
519 2126
519 2651
519 3055
519 3232
519 3401
519 4728
519 4894
520 930
520 1293
520 1461
520 2642
520 3886
522 685
522 2559
522 2813
522 2923
523 609
523 1829
523 2048
523 2833
523 2999
523 3132
523 3241
523 3786
523 4231
523 4290
523 4414
523 4896
524 557
524 573
524 825
524 1719
524 4540
525 1197
525 1393
526 747
526 778
526 952
526 1181
526 1212
526 1373
526 1905
526 2355
526 2528
526 2557
526 2623
526 3778
526 3882
526 3979
526 4673
526 4722
527 2129
528 4403
529 1669
529 3526
530 733
530 2075
530 3646
530 4533
530 4571
531 652
531 2851
532 765
532 926
532 2592
532 2676
532 2929
532 3425
532 3556
532 3652
532 4136
532 4884
533 1601
533 2782
533 2813
534 868
534 1497
534 3620
535 886
535 1378
535 1465
535 1575
535 3137
536 620
536 705
536 1832
536 3332
536 3551
536 4441
536 4794
537 1771
538 1059
538 1086
538 1644
538 1895
539 1012
539 1608
539 2035
539 3176
539 4652
540 1951
540 3177
540 4483
540 4505
540 4986
541 648
541 912
541 997
541 1193
541 1253
541 1833
541 1988
541 2212
541 2616
541 4157
541 4627
541 4643
542 669
542 1607
542 3068
543 885
543 1229
543 1421
543 1714
543 2099
543 3778
543 3830
543 4628
543 4887
544 624
544 698
544 931
544 984
544 1041
544 1624
544 1786
544 2067
544 2149
544 3212
544 3214
544 3222
544 3783
544 4721
545 705
545 742
546 596
546 873
546 884
546 916
546 983
546 1097
546 1176
546 1317
546 1375
546 2242
546 2353
546 3672
546 4069
546 4275
546 4804
547 4116
547 4312
548 569
548 839
548 2361
548 2767
548 3198
548 3302
548 3376
548 3597
548 3686
548 3697
548 4069
548 4614
548 4822
548 4845
549 797
549 2268
549 2928
549 3724
549 3975
549 4019
549 4406
549 4750
551 1026
551 1892
551 3306
551 3345
551 3376
551 4410
551 4668
552 1543
552 1647
552 1957
552 1991
552 2080
552 3343
552 4096
553 3349
553 3663
554 585
554 681
554 1029
554 1096
554 1173
554 1477
554 1532
554 1664
554 1885
554 1896
554 2761
554 3359
554 4216
554 4414
554 4811
554 4846
555 1733
555 3410
555 3870
556 685
556 1458
556 2672
556 3549
557 565
557 624
557 803
557 847
557 882
557 1726
557 2138
557 2364
557 4712
558 2156
559 1304
559 2221
559 3339
559 4842
560 817
560 866
560 1494
560 1496
560 1573
560 1739
560 1848
560 2187
560 3111
560 3469
560 4054
560 4315
561 1060
561 1135
561 1767
561 2541
561 3433
561 4423
561 4651
562 726
562 786
562 1042
562 1792
562 1889
562 2264
562 2606
562 3764
562 3896
563 575
563 584
563 709
563 719
564 791
564 2257
565 917
565 1663
565 2084
565 2123
565 3782
566 2610
566 4022
567 775
567 863
567 1605
567 2078
567 2990
567 4875
568 1952
568 4770
569 651
569 925
569 2210
569 2565
569 3832
570 1459
570 2018
570 2114
570 3692
571 1358
571 1404
571 1447
571 2065
571 2168
571 2271
571 2591
571 2621
571 3072
571 3588
571 3865
571 4064
571 4645
571 4827
572 629
572 1006
572 1082
572 1308
572 1348
572 1961
572 3314
573 588
573 621
573 703
573 764
573 899
573 1056
573 1242
573 1246
573 1404
573 1725
573 1853
573 2238
573 2703
573 3726
573 3980
574 1571
574 1698
574 3998
575 825
575 886
575 3423
575 3936
575 4070
576 764
576 1069
576 1099
576 3566
576 3644
576 4303
577 2322
577 2721
577 2744
577 3208
577 3573
577 4484
577 4873
578 1572
578 1660
578 3393
579 748
579 1426
579 4950
580 856
580 1392
580 1418
580 1429
580 2903
581 740
581 790
581 968
581 1062
581 1510
581 1583
581 1794
581 2504
581 2835
581 3336
581 3352
581 3687
581 4219
582 1066
582 2185
582 2307
583 673
583 774
583 1162
584 615
584 1077
584 1244
584 2094
584 2440
584 2981
584 3332
584 3822
584 4604
585 1232
585 2023
585 2207
585 2306
586 743
586 780
586 797
586 815
586 931
586 1033
586 1849
586 2716
586 3527
586 4255
587 795
587 1350
587 1737
587 1748
587 2082
588 738
588 777
588 1487
589 1822
589 2567
590 676
590 718
590 879
590 1217
590 1220
590 1546
590 1612
590 1892
590 2043
590 2351
590 2735
590 2769
590 3316
590 3335
590 4955
591 592
591 3270
591 4854
592 1168
592 1229
592 2136
592 2266
592 2531
592 2887
593 3092
593 3694
594 1821
594 2092
594 3536
595 989
595 1578
595 2105
595 2258
595 3241
595 3538
595 3597
596 710
596 1966
596 4758
597 645
597 984
597 1681
597 2031
597 2128
597 2865
597 2940
597 2998
597 3845
597 4097
598 1281
598 2633
598 2937
598 3548
598 3718
599 2112
599 4657
600 653
600 3406
600 4882
601 2356
601 2810
601 3440
601 3474
602 1031
602 1990
602 2463
602 3354
603 696
603 721
603 736
603 758
603 773
603 905
603 931
603 997
603 1048
603 1152
603 1222
603 1897
603 2141
603 2469
603 2533
603 3029
603 3684
603 3955
603 4372
603 4418
603 4536
603 4801
604 619
604 2057
604 3341
604 4475
605 914
605 1011
605 2774
605 2779
605 2903
605 3366
605 4422
605 4606
606 4061
606 4633
607 646
607 867
607 1445
607 1762
607 2546
607 4025
607 4552
608 3179
608 4167
609 992
609 1537
609 1896
609 2059
609 2996
609 3056
609 3243
609 3297
609 3823
609 4161
610 1131
610 2607
611 1147
611 2081
611 2755
612 643
612 1601
612 2249
613 1419
613 2441
613 3512
613 3883
613 4910
614 870
615 1801
616 696
616 788
616 852
616 1225
616 1825
616 3018
616 4175
618 772
618 1033
618 2010
618 2442
618 3373
618 3883
620 734
620 878
620 881
620 1418
620 2088
620 2196
620 4859
621 686
621 1041
621 1918
621 2001
621 2282
621 2411
621 2496
621 2597
621 2696
621 3502
621 3980
621 4304
621 4451
621 4992
622 909
623 972
623 1145
623 3375
623 4350
624 4351
625 1481
625 2654
625 3060
625 3760
626 818
626 1680
626 1862
626 2015
626 4859
627 1157
627 1297
627 1518
627 1567
627 2315
627 2424
627 2509
627 2737
627 3114
627 3254
627 3484
628 636
628 1110
628 2106
629 1750
629 1947
630 978
630 1321
630 1518
630 1821
630 2061
630 2831
630 3709
630 3914
630 4557
631 3449
631 3617
632 1036
632 2959
632 4468
633 1057
633 1076
633 1382
633 1867
633 1878
633 2381
633 2905
633 2918
633 3267
633 4222
633 4537
633 4560
634 1604
634 2745
634 3227
634 3865
634 4303
635 1710
635 1871
635 1989
635 2110
635 2321
635 2509
635 2553
635 4036
635 4641
635 4702
636 749
636 1188
636 2161
636 2451
636 3272
636 4509
636 4952
636 4990
637 970
637 1165
637 3863
637 4031
638 670
638 1886
638 4159
638 4238
639 4224
639 4295
639 4714
640 882
640 1340
640 4898
641 1381
641 1386
641 1520
641 3429
641 4649
642 1027
642 1034
642 1461
642 3407
642 3898
642 3958
643 916
643 1187
643 1527
643 2703
643 4261
644 981
644 1640
644 2293
644 3070
644 3348
644 3419
645 934
645 1872
645 2302
645 2409
646 2181
646 2272
646 4749
648 1349
649 2262
650 828
650 2436
650 3534
651 696
651 888
651 1224
651 2066
651 4466
652 697
652 1303
652 3234
652 4031
653 752
653 792
653 920
653 1102
653 1473
653 1907
653 2185
653 2533
653 2534
653 2632
653 3358
653 3613
653 4627
654 721
654 2047
654 2063
654 3175
654 3517
654 3640
655 3905
655 4168
656 980
656 1553
657 792
657 986
657 2302
657 2590
657 2756
658 1302
658 1618
658 1820
658 1844
658 2499
658 2854
658 4110
658 4269
658 4970
660 2786
661 667
661 1279
661 2095
661 3135
661 3682
661 4943
662 711
662 1301
662 1402
662 1927
662 2328
662 2615
662 4200
663 878
663 1891
663 4489
663 4498
664 2527
665 1403
665 1950
665 2662
665 3675
665 3847
665 4881
665 4915
666 1703
666 1727
666 4843
667 676
667 1054
667 4759
668 747
668 1289
668 1777
668 2135
668 2236
668 3393
668 4237
669 1565
670 694
670 1113
670 2043
670 2759
670 2899
670 3803
671 1459
671 1519
671 2192
671 2716
672 1964
672 2619
672 3129
672 3189
672 4194
672 4646
672 4649
673 896
673 1042
673 1469
673 1483
673 2074
673 2244
673 2578
673 2896
673 3074
673 3857
673 4320
673 4490
674 731
674 762
674 830
674 840
674 1323
674 1390
674 1749
674 2344
674 2970
674 3325
674 3796
674 4234
674 4437
674 4654
675 791
675 1856
675 2779
676 2227
676 3268
676 3436
676 4342
677 1039
677 1204
677 1891
677 2384
677 2620
677 4515
678 717
678 855
678 1834
678 2444
678 3187
679 1200
679 1434
679 1523
679 1928
679 2248
679 2729
679 3157
679 4783
680 1032
680 1568
680 3057
680 4028
681 884
681 1292
681 1538
681 1556
681 3803
681 3920
682 1755
682 2102
682 4151
683 1450
683 2068
684 971
684 4242
684 4448
684 4512
684 4763
685 817
685 1110
685 1495
685 1752
685 1908
685 2000
685 2909
685 4967
686 1993
687 2823
687 3267
688 1464
688 2451
688 2590
688 4139
689 895
689 1016
689 2573
689 2630
689 3692
690 1128
690 1305
690 1557
690 1726
690 2846
690 4512
690 4872
691 813
691 1023
691 3308
692 933
692 1051
692 1731
692 1767
692 2953
692 3032
692 3081
693 2845
693 3429
693 4444
694 780
694 803
694 1778
694 2122
694 2207
694 3062
694 3631
694 3878
694 4022
694 4212
694 4230
695 2407
695 3428
696 1435
696 1975
696 3319
696 3415
697 1018
697 1331
697 1481
697 1721
697 1801
697 2856
697 3143
697 3240
697 3539
697 3611
697 3659
697 4550
698 1809
698 4755
699 2899
699 3444
700 723
700 734
700 821
700 1634
700 1742
700 2052
700 2116
700 2128
700 3075
700 3104
700 3127
700 3743
700 4005
701 1512
701 3339
702 1117
702 1329
702 1495
703 2236
703 3249
704 726
704 933
704 2335
705 1044
705 1092
705 1147
705 1340
705 1716
705 1781
705 2483
705 2747
705 2810
705 3586
705 4010
705 4473
705 4960
707 1279
707 3541
708 732
708 1035
708 1121
708 1210
708 1387
708 1426
708 1749
708 4427
708 4652
709 1265
709 2123
709 2181
709 4436
710 730
710 1804
710 1841
710 2123
710 2130
710 2158
710 2341
710 2496
710 2510
710 2539
710 3372
710 4304
711 725
711 1617
711 2346
711 2452
711 2782
711 3158
711 3912
711 3913
711 4888
711 4963
712 1301
712 1354
712 2961
713 875
713 1655
713 1942
713 2165
713 4459
714 883
714 1112
714 1999
714 3683
714 3858
714 4629
715 1068
715 3179
716 998
716 1193
716 2427
716 4932
717 747
717 1395
717 2041
717 3924
717 4391
718 3059
718 3265
718 3465
718 4443
719 2393
720 1072
720 1580
720 1645
720 1895
720 2036
720 2325
720 3600
720 3664
720 3702
720 4560
721 1793
721 2350
721 4739
721 4764
722 800
722 1137
723 763
723 784
723 843
723 1013
723 1078
723 1198
723 1445
723 2749
723 2870
723 3128
723 4053
724 794
724 928
724 929
724 945
724 984
724 1063
724 1138
724 1206
724 1296
724 1561
724 1736
724 2130
724 2292
724 2375
724 2425
724 2492
724 2630
724 2785
724 2983
724 3340
724 3426
724 3982
724 4555
725 1119
725 1199
725 1974
725 3122
725 4132
726 1113
726 1486
726 1494
726 1584
726 2606
726 3747
726 3748
726 4675
727 768
727 977
727 1272
727 1332
727 2746
727 4052
727 4965
728 1333
728 3950
729 851
729 4528
730 3077
731 1489
731 1577
731 1814
731 1874
731 2102
731 2132
731 2827
731 2912
731 3708
731 3983
731 4002
731 4135
732 835
732 1073
732 2797
732 4692
733 2053
733 2680
734 2298
734 4359
734 4735
735 1019
735 1055
735 2683
735 2752
735 3264
735 3490
735 3931
736 907
736 1491
736 2449
736 3390
736 4091
736 4413
737 1588
737 2835
737 4606
738 1298
738 1444
738 1467
738 2388
738 2408
738 3418
738 4540
739 1409
740 2237
740 2713
740 3087
740 3999
741 1248
741 1459
741 1651
741 3405
741 4352
742 2294
742 2397
742 3505
743 880
743 999
743 1576
743 1579
743 2285
743 2486
743 2514
743 3056
743 3544
743 3913
743 4071
743 4558
744 1467
744 2030
744 2247
744 4222
745 788
745 1263
745 1805
745 2251
745 4347
746 751
746 861
746 946
746 1308
746 2508
746 3605
747 4411
747 4949
748 1506
748 1577
748 1978
748 2342
748 2812
748 3249
748 3411
748 3780
748 4162
748 4935
749 1824
749 2162
749 2223
749 2464
749 4833
750 2475
750 2947
750 3776
750 3986
751 994
751 2296
751 2380
751 2862
751 3539
751 4552
752 758
752 1046
752 1266
752 3608
752 3708
752 3833
753 959
753 1522
753 1960
754 805
754 1046
754 1195
754 1501
754 2093
754 3558
754 3954
754 4243
754 4803
755 2405
755 2829
755 3803
755 4203
756 1701
756 2587
757 842
757 2723
758 1270
758 1841
758 2467
758 3152
759 1496
759 2164
759 2263
759 2345
759 2418
759 3159
760 920
760 2826
760 3064
762 1012
762 1175
762 2645
762 2693
762 3274
762 4276
762 4328
762 4498
762 4688
762 4792
763 937
763 948
763 2667
763 2920
763 3585
763 4675
763 4878
763 4895
763 4983
763 4984
764 832
764 911
765 892
765 1121
765 1219
765 1774
765 3651
766 1871
766 2067
766 3761
766 4098
767 823
767 1855
767 4508
768 3047
768 3120
768 4469
768 4573
769 851
769 1439
769 1591
769 1803
769 2098
769 2150
769 2738
769 4561
769 4745
769 4845
769 4969
770 949
770 1567
770 3162
770 4209
770 4576
771 881
771 893
771 3311
772 814
772 1026
772 2657
772 3630
772 4123
773 1240
773 1800
773 3821
774 808
774 1071
775 1334
776 1221
776 3161
777 828
777 1954
777 2845
777 3127
778 1772
778 2601
779 1548
780 4864
781 1347
781 1949
782 945
782 1154
782 3693
783 1818
784 1254
784 1753
784 4864
785 801
785 1102
785 1674
785 1748
785 2029
786 861
786 1077
786 1205
786 1255
786 1288
786 1449
786 1550
786 1830
786 1836
786 2113
786 2232
786 2532
786 2656
786 2872
786 4773
787 1085
787 1220
787 1833
787 2570
788 1043
788 1161
788 1410
788 1509
788 1532
788 2437
788 2763
788 3210
788 4198
788 4831
789 979
789 992
789 1874
790 4316
791 937
791 1169
791 1382
791 1621
791 1719
791 1967
791 2055
791 2155
791 2556
791 2568
791 4425
791 4460
791 4567
792 1709
792 2177
792 3602
792 3636
792 4737
793 1024
793 1187
793 1321
793 1414
793 1438
793 1967
793 2499
793 3257
794 859
794 1397
794 1935
794 3253
795 907
795 1927
795 2184
795 2356
796 799
797 1065
797 1261
797 1399
797 1899
797 2117
797 3051
797 3101
798 2632
798 4905
799 2466
800 981
801 2440
802 1732
803 808
803 816
803 1007
803 1951
803 2588
803 3079
803 3256
803 4755
803 4835
804 943
804 1295
804 2137
804 3655
805 1715
806 1394
806 1450
806 2186
806 2820
806 2841
806 3481
806 4531
807 1822
807 4669
807 4695
808 1074
808 1130
808 1260
808 1735
808 2215
808 2611
808 3106
808 3716
808 4290
809 1438
809 3828
809 4859
810 1009
810 1391
810 1682
810 1804
810 1995
810 2206
810 2974
810 4245
811 971
811 1793
811 1852
811 2396
811 3253
811 3728
811 4926
812 1341
812 1524
812 2382
812 3335
812 3623
812 4207
812 4681
813 966
813 1410
813 2329
814 1188
814 1295
814 1675
814 4356
815 2242
815 2765
815 3102
816 960
816 2297
816 4580
817 1036
817 1134
817 1432
817 1451
817 1666
817 2309
817 2634
817 3169
817 3981
817 4259
817 4994
818 1451
819 1521
819 2450
819 2503
819 3264
819 3638
820 1274
820 1463
820 1845
820 3177
820 3244
820 3478
820 4094
820 4183
820 4306
820 4398
820 4479
820 4664
820 4766
820 4821
821 1047
821 1170
821 1325
821 1551
821 1557
821 1595
821 1597
821 1652
821 2204
821 2447
821 2567
821 2957
821 3094
822 849
822 4955
823 1128
823 1208
823 1549
823 1775
823 2418
823 3874
825 1955
825 3198
825 3425
826 4136
827 874
827 1177
827 4779
828 2200
828 2867
828 4146
829 1437
829 1911
829 2255
829 2258
829 2572
829 2926
829 2964
829 3761
829 4848
830 1017
830 1156
830 2226
830 3810
832 1730
832 2255
833 1848
833 2663
834 878
834 1163
834 1192
834 1235
834 1342
834 1455
834 1641
834 2178
834 2232
834 3556
834 3557
834 3943
834 4654
834 4757
834 4834
835 3215
836 1010
836 2275
836 2664
836 3007
836 3629
837 1561
837 1695
837 2364
837 3513
837 3794
838 1255
838 3197
838 4899
839 906
839 1021
839 1211
839 2323
839 2417
839 3334
839 3390
840 2200
840 2773
840 3166
841 862
841 921
841 1125
841 1185
841 1511
841 2238
841 2298
841 2482
841 2576
841 2780
841 3221
841 3685
841 3843
841 3896
841 4018
842 961
842 1347
842 2536
842 3323
842 3331
842 3735
842 3946
843 4885
844 990
844 4316
845 1443
845 2056
845 2239
845 2623
845 3006
845 3931
845 4359
846 1693
846 1747
846 2374
846 4339
846 4659
847 2341
847 2585
847 3862
847 4160
847 4237
847 4799
847 4823
848 2338
848 3676
849 1733
849 1986
849 2257
849 3681
850 1463
850 1589
850 2267
850 3014
851 1820
851 1948
852 855
852 1596
852 2594
852 3051
852 4250
853 1100
853 3988
853 4376
854 974
854 1949
854 1987
854 2485
854 3960
854 4085
855 2877
855 3229
856 1646
856 1837
856 2032
856 2095
856 4832
857 1423
857 2195
857 2323
857 3878
857 4064
857 4310
858 2571
858 4283
859 940
860 1914
861 1158
861 1204
861 2429
861 2486
861 2741
861 2996
861 3657
861 4418
861 4825
862 1592
862 4244
863 1174
863 1211
863 4803
865 868
865 1253
865 1304
865 1661
865 1755
865 1799
865 2704
865 3066
865 4454
865 4471
865 4958
866 2516
866 2759
867 1898
867 2788
867 3227
868 1015
868 1634
868 3482
868 4978
869 1365
869 2932
869 3737
870 889
870 3498
872 910
872 4711
873 4023
874 2251
874 2714
874 4194
874 4241
874 4415
875 1139
875 1249
875 2214
875 2379
875 2624
875 2918
875 4099
875 4936
876 887
876 3138
876 3263
876 3506
877 1079
877 2529
877 4068
877 4519
879 2192
879 2267
879 2470
879 2650
879 2684
879 3173
879 3457
879 3504
879 4908
880 1082
880 1273
880 1429
880 2124
880 2692
880 3373
880 4212
881 1389
881 1605
881 2645
881 3182
881 4006
881 4204
882 1076
882 1353
882 1531
882 1753
882 2225
882 3024
882 3460
882 3470
882 3719
882 3890
882 4294
883 3946
883 4571
884 2426
884 2670
884 4511
885 2722
885 4344
886 942
886 1794
886 4121
887 1191
887 1318
887 1384
887 1658
887 1766
887 2098
887 2656
887 3017
887 4187
888 1374
888 4137
888 4657
889 1938
889 3034
890 904
890 1050
890 1424
890 1803
890 1835
890 1908
890 1941
890 2064
890 2103
890 2184
890 3375
890 3474
890 4595
890 4806
891 927
891 1316
891 2206
891 2254
891 2261
891 3136
891 4369
891 4851
892 1020
892 1782
892 2336
892 3333
893 2335
893 3278
893 3943
893 4920
894 1151
894 1521
894 1617
894 1735
894 2920
895 1639
896 947
896 2227
896 4684
896 4917
897 2367
898 1385
898 1709
898 2198
899 1107
899 1274
899 2413
899 2602
899 2954
899 3058
899 4225
899 4254
899 4577
900 2653
900 3755
900 4328
901 1431
901 2536
901 3454
902 1235
902 1507
902 1804
902 2234
902 2284
902 2912
902 3533
902 4226
902 4432
903 1016
903 1158
903 1598
903 1701
903 2045
903 2076
903 4249
903 4491
906 914
906 2444
906 2822
906 2885
907 935
907 1280
907 1518
908 1606
909 1019
909 2604
909 2906
909 3936
909 4301
909 4506
910 1203
910 1642
910 3011
910 3627
910 4183
911 1160
911 1542
913 1166
914 1501
914 1709
914 1722
914 2990
914 3470
914 4221
914 4607
915 1216
915 1493
915 2520
915 2745
915 3087
915 3293
918 1947
918 2750
918 3739
919 3474
920 1770
920 4484
921 1641
921 2897
921 4093
921 4891
922 1585
922 2273
922 2314
922 3526
922 3555
922 4124
922 4881
923 4800
924 1115
924 1206
924 1305
924 1744
924 3940
925 1886
925 3697
926 4240
928 1335
928 1734
928 1858
928 2284
928 3005
928 3207
928 4310
928 4905
929 1599
929 2136
929 2750
930 1255
930 1723
930 2019
930 2186
930 4157
930 4858
931 1121
931 1188
931 2451
931 2922
932 1888
932 2342
932 2887
932 3349
933 1591
933 2145
933 3976
934 1426
934 1601
934 2473
934 2643
934 2788
934 4643
934 4815
935 962
935 1009
935 3315
936 982
936 2296
936 4419
937 1058
937 1084
937 1094
937 1209
937 1590
937 3875
937 3955
937 4304
937 4631
938 3819
939 2326
940 2339
940 3146
942 2340
942 2366
942 3274
942 4639
943 1360
943 1387
943 1771
943 2524
943 3661
943 4325
944 993
944 1430
944 2324
944 2723
944 4134
944 4336
945 1027
945 1084
945 1199
945 1313
945 2180
945 2479
945 2480
945 3306
945 3570
945 4356
946 1887
946 2021
946 2122
946 2379
946 2758
946 3262
946 3545
946 4590
947 1087
947 1544
947 2796
947 3770
947 3801
949 3800
950 2099
951 1972
951 4555
952 1124
952 2425
952 2612
953 1193
953 1659
953 1825
953 2303
953 2605
953 3193
953 3863
953 4602
953 4755
954 1045
954 2736
954 2883
954 4287
955 1880
955 4743
956 1777
956 2007
956 2043
956 2841
956 3134
956 3952
957 1259
957 1448
957 4174
957 4346
957 4723
958 1008
958 2082
958 2338
958 3115
958 4517
958 4988
959 1264
960 2189
960 3364
961 1117
961 1374
961 1458
961 3052
961 3772
961 4235
961 4492
962 1179
962 1696
962 3285
963 1163
963 1398
963 1609
963 2146
963 2897
963 4177
964 1562
964 1697
964 1827
964 1958
964 2220
964 2999
964 4159
964 4726
965 2253
965 3893
965 4870
966 2813
967 1226
967 1515
967 1786
967 2721
967 3681
967 3947
967 4425
968 1046
968 1277
968 2807
968 4047
969 987
969 1002
969 1143
969 1341
969 1456
969 1912
969 1924
969 2126
969 2684
969 2712
969 2777
969 3265
969 4551
969 4838
970 1030
970 1408
970 2165
970 2710
970 2784
970 3234
971 1069
971 4179
972 1640
972 1734
973 1462
973 2690
973 3104
973 4637
974 4751
974 4777
975 2080
975 2295
975 3172
975 4121
977 1104
977 1491
977 2428
977 2609
977 4970
978 981
978 1361
978 1582
978 2084
978 2290
978 3239
979 3855
979 4385
980 1359
980 1859
980 3813
980 4488
980 4585
980 4588
981 1051
981 1469
981 1711
981 1884
981 2028
981 2455
981 4228
982 1194
982 1685
982 1859
982 2752
982 3828
982 4051
982 4858
983 1335
983 1828
983 1915
983 2260
983 2673
983 3075
983 3282
983 4315
983 4672
984 988
984 1038
984 1043
984 1198
984 1626
984 3063
984 3194
984 3845
985 1067
985 1504
985 1624
985 1904
985 2415
985 2631
985 2643
985 3398
985 3653
985 4211
986 1320
986 1668
986 2387
986 3073
986 3192
986 3324
986 4171
986 4440
987 1205
987 1842
987 1961
987 2526
987 3080
987 4257
990 1164
991 1168
991 3905
991 4710
992 4865
993 1430
993 2811
995 1385
996 1769
996 3577
997 1355
997 1452
997 2368
997 2433
997 2519
997 2909
997 4280
997 4841
998 1314
998 1433
998 2058
998 2225
998 4013
998 4611
998 4879
999 1257
999 1466
999 2061
999 4732
999 4962
1000 1231
1001 1724
1001 2133
1001 2803
1001 3458
1001 3609
1001 4129
1001 4163
1001 4648
1002 1571
1002 2669
1002 3786
1002 3812
1002 4251
1003 1552
1004 1303
1004 1883
1004 1975
1004 2843
1004 2896
1004 4085
1004 4979
1005 2342
1005 2563
1006 1277
1006 2796
1006 3635
1006 4231
1006 4907
1007 1037
1007 1270
1007 1534
1007 1812
1007 2198
1007 2248
1007 2299
1007 2575
1007 2598
1008 2960
1008 2966
1008 3033
1008 4059
1008 4246
1009 2864
1009 4565
1010 1614
1010 2348
1010 3281
1010 3586
1010 3607
1010 3673
1010 4233
1010 4618
1011 1863
1011 1904
1011 2335
1012 1025
1012 1479
1012 1692
1012 1867
1012 1952
1012 2152
1013 2791
1013 3319
1013 3334
1013 4335
1013 4995
1014 2059
1015 1279
1015 2396
1015 3941
1016 2760
1016 4015
1017 1724
1018 3431
1018 3753
1018 4923
1020 2521
1020 3451
1020 3591
1020 3624
1020 3845
1020 4761
1022 4431
1023 1096
1024 1545
1024 2511
1025 1763
1025 2145
1026 4703
1027 1232
1027 1581
1027 2107
1027 3777
1027 4566
1029 3853
1030 1040
1030 1123
1030 1177
1030 1180
1030 1336
1030 1723
1030 2015
1030 2089
1030 4206
1030 4591
1030 4714
1031 1500
1032 2278
1035 1061
1035 4626
1035 4942
1036 1289
1036 1306
1036 1458
1036 1669
1036 1728
1036 3569
1036 3664
1036 3812
1037 1658
1038 1280
1039 2584
1039 3350
1039 4190
1039 4269
1042 2980
1042 3086
1042 4299
1043 1055
1043 1150
1043 2039
1043 3043
1043 4476
1044 1423
1044 1813
1044 3366
1044 3592
1044 4035
1045 1315
1045 1589
1045 1788
1045 2166
1045 2543
1045 2619
1045 3001
1045 3461
1046 1088
1046 2497
1046 2934
1046 3619
1046 4535
1047 2773
1047 2953
1047 3432
1047 4559
1048 1453
1048 2377
1049 1651
1050 1173
1050 1306
1050 1528
1050 1890
1050 2960
1050 3872
1052 1325
1052 1790
1054 1330
1054 1524
1054 1792
1054 2032
1054 2259
1054 3808
1054 4568
1055 1231
1055 2353
1055 2960
1055 3255
1055 3643
1055 3745
1056 1236
1056 1324
1056 1326
1056 1751
1056 1885
1056 2006
1056 2245
1056 2445
1056 2533
1056 2734
1056 2878
1056 2923
1056 3085
1056 3442
1056 3792
1056 4783
1057 1816
1057 2962
1057 3690
1058 2187
1058 2376
1058 4582
1059 1630
1059 2494
1059 2822
1059 3429
1059 3983
1062 1370
1062 1470
1062 1954
1062 2002
1062 2179
1062 3439
1062 3513
1062 4277
1063 1322
1063 1535
1063 1590
1063 2213
1063 2611
1063 3109
1063 3666
1063 3827
1063 4596
1064 1803
1064 1901
1064 1974
1064 2037
1064 2120
1064 2579
1064 3356
1064 4472
1065 1090
1065 1302
1065 1329
1065 1384
1065 1629
1065 1645
1065 1726
1065 1969
1065 2183
1065 3408
1065 4020
1065 4182
1065 4601
1066 2114
1066 2148
1066 3365
1067 2049
1067 2085
1067 3669
1068 1583
1068 1766
1068 1840
1068 2600
1068 3078
1068 3518
1068 4373
1069 1522
1070 2240
1070 4660
1071 2151
1071 3370
1071 3855
1071 4892
1072 1187
1072 1887
1073 1422
1074 1357
1074 1454
1074 2041
1074 2226
1074 3787
1074 4215
1075 1259
1075 1366
1075 3013
1075 3165
1075 3518
1075 4148
1075 4861
1075 4931
1076 2927
1076 3361
1076 4656
1076 4801
1078 1403
1078 2026
1078 3826
1079 2663
1079 4123
1079 4866
1080 1439
1080 3061
1081 2049
1081 2465
1081 3100
1081 3987
1081 4197
1081 4412
1082 1258
1082 1298
1082 2481
1082 4078
1082 4530
1083 1528
1083 3464
1084 1152
1084 1169
1084 1171
1084 1879
1084 2758
1084 3462
1084 3774
1084 4039
1084 4074
1084 4389
1084 4396
1085 3106
1086 1511
1086 3770
1086 3806
1087 3450
1087 4897
1088 1170
1088 2717
1088 3839
1088 3846
1089 4914
1090 3250
1090 4831
1091 2748
1091 3123
1091 3209
1091 3564
1091 4408
1091 4706
1091 4910
1092 1406
1092 1517
1092 1733
1092 2230
1092 2659
1092 2786
1092 3503
1092 3540
1092 4244
1093 2690
1093 2762
1093 3072
1093 4461
1094 1119
1094 1125
1094 2213
1094 2596
1094 3019
1094 3589
1094 3724
1097 1833
1097 2044
1097 2435
1097 2622
1097 3128
1097 3211
1097 3347
1097 3476
1097 3577
1097 3691
1097 4216
1097 4465
1098 4837
1099 2052
1099 2736
1099 3229
1099 3471
1099 4994
1100 1346
1100 1468
1102 1419
1102 1447
1102 1924
1102 2652
1102 3031
1102 3503
1102 3877
1102 4227
1102 4390
1102 4413
1102 4421
1102 4451
1103 2072
1103 2282
1103 3455
1104 1275
1104 2171
1104 2376
1104 3742
1104 3999
1104 4139
1104 4523
1104 4706
1105 1681
1105 4236
1106 1111
1106 1377
1106 2178
1106 4428
1106 4742
1107 1688
1107 2767
1107 3643
1107 3960
1107 4852
1108 3220
1108 3729
1109 3876
1109 3920
1109 4470
1111 1272
1111 1479
1111 2396
1111 3117
1111 3942
1111 3978
1111 4402
1112 4740
1113 1529
1114 1421
1114 2715
1114 2876
1115 1416
1115 4741
1116 2566
1116 2831
1116 4883
1117 1242
1117 1471
1117 1729
1117 1825
1117 2432
1117 2441
1117 3096
1117 3106
1118 2515
1118 2814
1119 1344
1119 1439
1119 1599
1119 1724
1119 2029
1119 2127
1119 2963
1119 3183
1119 3865
1119 4729
1119 4977
1120 1432
1120 2101
1121 4329
1122 1157
1122 2919
1122 3572
1124 1848
1124 2506
1124 3316
1124 3395
1124 4719
1125 1168
1125 4399
1126 1339
1127 1139
1127 2410
1127 3957
1127 4077
1128 1217
1128 1229
1128 2426
1128 3493
1129 1505
1129 1995
1129 3656
1129 4293
1130 1482
1130 3804
1131 1628
1131 4686
1131 4964
1133 3522
1133 4591
1134 1293
1134 1798
1134 2423
1135 1190
1135 1530
1135 1738
1135 1751
1135 1832
1135 2004
1135 2371
1135 2692
1135 2821
1135 2863
1135 2978
1135 4063
1136 2033
1136 2344
1136 2701
1136 3129
1137 1379
1137 1705
1137 2030
1138 1632
1138 3490
1139 1938
1139 2082
1140 1189
1140 3195
1140 4351
1141 1678
1141 1679
1141 3243
1142 2702
1142 4379
1142 4968
1143 1756
1143 4734
1144 1315
1144 2256
1144 2549
1144 3063
1144 3838
1145 1478
1145 3068
1145 4488
1146 1337
1146 1539
1146 2552
1146 2906
1146 4116
1146 4949
1147 1436
1147 2367
1147 2907
1147 4469
1147 4523
1148 1243
1148 1409
1148 1566
1148 2577
1148 3492
1148 3558
1148 3947
1148 4010
1148 4072
1148 4299
1148 4810
1149 3291
1150 3148
1151 2201
1152 2550
1152 2732
1152 2738
1152 4525
1152 4620
1152 4984
1153 1563
1153 2763
1154 1929
1154 2456
1154 2740
1154 3065
1154 3136
1154 3218
1154 3841
1155 2727
1155 4409
1155 4683
1156 1884
1156 2189
1156 2710
1156 3405
1156 3990
1156 4206
1157 1373
1157 4944
1158 2406
1158 2646
1158 3131
1158 3173
1159 1441
1159 2869
1159 3521
1160 1474
1160 1856
1160 2372
1161 1271
1161 1673
1161 2340
1161 3296
1162 1302
1162 2863
1162 4025
1163 1650
1163 3840
1164 1513
1164 1588
1164 1725
1164 1837
1164 2372
1164 2655
1164 3076
1164 3160
1164 3492
1164 3574
1164 3783
1165 2221
1165 2340
1165 2412
1165 2576
1165 3872
1165 3873
1165 3910
1166 1350
1166 4016
1166 4097
1167 4049
1168 4215
1169 3418
1170 1984
1171 2311
1171 3095
1171 4824
1172 1826
1172 2331
1173 2078
1173 2988
1173 3223
1173 3617
1174 1241
1174 2004
1174 3750
1174 4447
1176 2452
1176 3448
1176 4828
1178 1784
1178 1900
1178 2666
1179 1805
1179 1900
1179 1975
1179 4072
1180 1391
1180 2521
1180 3181
1182 1985
1182 2488
1182 2687
1182 4291
1183 1609
1183 1815
1183 2002
1183 2032
1183 2757
1183 2788
1183 2907
1183 2939
1183 3113
1183 3590
1183 3601
1183 4791
1184 2336
1185 3006
1185 3386
1186 1460
1186 4179
1187 1371
1188 1507
1188 2770
1190 1945
1190 2457
1190 2699
1190 3602
1190 3784
1191 3251
1191 4103
1193 2987
1193 3051
1193 3779
1193 4173
1194 2514
1194 3443
1195 2850
1196 1973
1196 4742
1197 3174
1197 3631
1198 1811
1199 3315
1200 1678
1200 4314
1201 1303
1201 3858
1202 4349
1203 4063
1204 1217
1204 2480
1205 1368
1205 2256
1205 3060
1205 3478
1205 3844
1207 2031
1207 2437
1207 2605
1207 3606
1208 1282
1208 1420
1208 1745
1208 1988
1208 2216
1208 4548
1208 4820
1209 1276
1209 2112
1209 3684
1211 2003
1211 2034
1211 4632
1212 1243
1212 1717
1212 2874
1212 3694
1213 1764
1213 2079
1213 4956
1214 4594
1215 3380
1217 1714
1217 1757
1217 3118
1217 3819
1217 4216
1217 4331
1218 1350
1218 1947
1218 2045
1218 3802
1219 1227
1219 1730
1219 2421
1219 2626
1219 4164
1220 2322
1220 2337
1220 2390
1220 3583
1221 1902
1222 3508
1222 3928
1222 3972
1222 4659
1224 1435
1224 3420
1224 3631
1224 3962
1224 4690
1224 4976
1226 2479
1226 3039
1226 3210
1226 3968
1226 3998
1227 3072
1227 4408
1228 2381
1229 2812
1230 1878
1230 2480
1230 3058
1230 3151
1230 3436
1230 3501
1230 3716
1230 4524
1230 4593
1231 3403
1231 3733
1232 1840
1232 2216
1232 4176
1232 4749
1232 4984
1233 1473
1233 2008
1233 2831
1234 1287
1234 2525
1234 3997
1234 4140
1234 4956
1235 1391
1235 2866
1235 3664
1235 4234
1236 1429
1236 4709
1237 1283
1238 3756
1238 4624
1239 2217
1239 2308
1239 3248
1239 3924
1240 2300
1241 2280
1241 4373
1242 1694
1242 1881
1242 2463
1242 2942
1242 3309
1242 3358
1242 3530
1242 3648
1242 4127
1242 4305
1243 4849
1245 1460
1245 1846
1245 2434
1245 2674
1245 2793
1245 4594
1246 2455
1246 2715
1246 3759
1246 4813
1247 1307
1247 2811
1247 3635
1248 1575
1248 2594
1248 3264
1248 4561
1248 4821
1250 2622
1250 3352
1250 3629
1250 3961
1251 1267
1251 2320
1251 2530
1251 4919
1252 1965
1252 1973
1252 3054
1252 3794
1252 3888
1252 4258
1252 4367
1253 2203
1253 3094
1253 3257
1255 1558
1255 2255
1255 2618
1255 2977
1255 3769
1255 3799
1255 4165
1255 4664
1256 2400
1256 2577
1256 2826
1256 2841
1257 2016
1257 2363
1257 2847
1257 3481
1258 1627
1258 3448
1258 4048
1258 4346
1258 4384
1259 2346
1260 2419
1260 3073
1261 2225
1261 3326
1261 4558
1262 1822
1265 2649
1266 1397
1266 1956
1266 2798
1266 3701
1266 4925
1267 3194
1267 4248
1268 3735
1268 4926
1269 2709
1269 3499
1269 4533
1270 2281
1271 1799
1271 3824
1271 4081
1271 4506
1271 4888
1272 1519
1272 3235
1273 2086
1273 2838
1273 3081
1274 2658
1274 3959
1275 1486
1275 1940
1276 1406
1276 1623
1276 2387
1276 2590
1276 2972
1276 3942
1276 4958
1277 1936
1277 2842
1277 3599
1277 4061
1277 4750
1278 3734
1278 4332
1279 1539
1279 4796
1280 2991
1280 3362
1281 1872
1281 1993
1281 2765
1281 3141
1281 4045
1281 4981
1282 1487
1282 1865
1282 1909
1282 3977
1282 4266
1282 4536
1284 1783
1285 1489
1285 2468
1285 2706
1285 3889
1285 4542
1286 4294
1287 1628
1287 2395
1287 3538
1287 4313
1288 1326
1288 1647
1288 1758
1288 2321
1288 3162
1288 3584
1288 3879
1289 1557
1289 2253
1289 3329
1289 4622
1290 2561
1290 3247
1290 3360
1290 3699
1290 4923
1291 3591
1292 1335
1292 1600
1292 2944
1292 3850
1292 4968
1293 1472
1293 1698
1293 1710
1293 1979
1293 2179
1293 3041
1293 3164
1293 3212
1293 4302
1293 4903
1294 1431
1294 2862
1295 1628
1295 1837
1295 2420
1295 3510
1296 1740
1296 1742
1296 1820
1296 2303
1296 3908
1297 2373
1297 3163
1297 3437
1298 2895
1298 2910
1298 4065
1298 4275
1299 2764
1299 3559
1301 4350
1301 4882
1302 2017
1303 1700
1303 2030
1303 2215
1304 1411
1304 2889
1305 4747
1306 1347
1306 1785
1306 2022
1306 2084
1306 4153
1307 1847
1307 2055
1308 1504
1308 1782
1308 2934
1309 3141
1309 3694
1309 3737
1309 4092
1309 4544
1311 1389
1311 2967
1311 3632
1312 1498
1312 1939
1312 2397
1312 2538
1312 2699
1312 2776
1312 2888
1312 4553
1312 4759
1313 1348
1313 2115
1313 2169
1313 2603
1313 2949
1313 3989
1313 4382
1313 4692
1314 1388
1314 3567
1314 4664
1315 1444
1316 1699
1316 2582
1316 4034
1316 4450
1317 3760
1318 1649
1318 3795
1319 2024
1321 4818
1323 1472
1323 4281
1324 3577
1324 4321
1325 2062
1326 4923
1329 1676
1329 2714
1329 4921
1330 2020
1330 2238
1330 2263
1331 2861
1331 4541
1332 2333
1332 3346
1332 3394
1332 4879
1333 1450
1333 2009
1333 2220
1334 1770
1334 2005
1335 3825
1336 4699
1337 1499
1337 2067
1337 2580
1337 3042
1337 3543
1337 4901
1338 1981
1338 2452
1338 2768
1338 4406
1338 4593
1338 4949
1339 3097
1339 4985
1340 1360
1340 2289
1340 2577
1340 2717
1340 4971
1341 1644
1341 2385
1341 4190
1342 1652
1342 2026
1342 2218
1343 1570
1343 1901
1343 3053
1343 4525
1343 4924
1344 1452
1344 1792
1344 1904
1344 2241
1344 2519
1344 3438
1344 3867
1344 3971
1344 3982
1344 4005
1347 4850
1348 1400
1348 4601
1349 2523
1349 2552
1349 3431
1349 4082
1349 4310
1349 4771
1350 2661
1350 3453
1350 4327
1351 1683
1352 3387
1354 1706
1354 2005
1354 2438
1354 3671
1355 4687
1356 2867
1356 3284
1356 3584
1356 3761
1357 1525
1357 1596
1357 1616
1357 1667
1357 2160
1358 1367
1358 1719
1358 3121
1359 2948
1360 1759
1361 1818
1362 3570
1363 1511
1363 1655
1363 1758
1363 3313
1363 3789
1364 3284
1364 4480
1364 4564
1365 1462
1365 1968
1365 2425
1365 4335
1365 4464
1366 1374
1366 2159
1366 2507
1366 3105
1366 3144
1366 3266
1366 4133
1366 4549
1367 2732
1367 4427
1367 4502
1368 1552
1368 1606
1368 2305
1368 4463
1369 1782
1369 2780
1369 2791
1369 3536
1369 3627
1369 4491
1370 4259
1371 1843
1371 2163
1372 2843
1374 2172
1374 4868
1375 3167
1375 4239
1376 1656
1376 3867
1376 4381
1376 4515
1378 1577
1378 1839
1378 2576
1378 2705
1378 2803
1378 4007
1378 4030
1378 4380
1378 4698
1380 1839
1380 2171
1380 3958
1380 4274
1381 2250
1381 3491
1381 3704
1383 1492
1383 2360
1383 3228
1383 3607
1383 4844
1384 1614
1384 1880
1384 3230
1389 2599
1389 4532
1389 4971
1390 3621
1390 3700
1390 3869
1390 3945
1391 1702
1391 4836
1391 4886
1392 2997
1393 3766
1394 1526
1396 2119
1396 2461
1398 1827
1398 2363
1398 2454
1398 2466
1398 3274
1398 3472
1399 2207
1399 2269
1399 2717
1402 2133
1402 3746
1402 4417
1402 4580
1403 1412
1403 1683
1403 2063
1403 2543
1403 3239
1403 4001
1403 4033
1403 4287
1404 4682
1405 1807
1405 3305
1408 2685
1408 3809
1408 4477
1409 1821
1409 2154
1410 2519
1410 4256
1410 4589
1411 1791
1411 2882
1412 1706
1414 1796
1414 3390
1414 3491
1415 2193
1415 4642
1416 1582
1416 4515
1417 3776
1417 4666
1418 2733
1418 4583
1419 1474
1419 1971
1419 3706
1420 1671
1420 2037
1420 2161
1420 2794
1420 2930
1420 4188
1420 4323
1420 4871
1421 2062
1421 2470
1421 2870
1422 2381
1422 3515
1422 3762
1422 3900
1422 4850
1423 2476
1423 2971
1423 3758
1425 2106
1425 2363
1425 2542
1425 2729
1425 3665
1425 3706
1425 3713
1429 1854
1429 2495
1429 4210
1429 4392
1429 4805
1430 2964
1430 4087
1430 4214
1431 2256
1431 4621
1432 1632
1432 4118
1433 2009
1433 2077
1433 3973
1434 3078
1435 1604
1436 1875
1436 2394
1436 4492
1436 4604
1437 3322
1437 4365
1438 1597
1438 1646
1438 1666
1438 2085
1438 2565
1438 4487
1441 4662
1442 3449
1442 4882
1443 3789
1444 2304
1444 2522
1444 2850
1445 2297
1445 2859
1445 2893
1445 3255
1445 3800
1445 4694
1446 2171
1446 4006
1447 1508
1447 1627
1447 1858
1447 2021
1447 2888
1447 3017
1447 3277
1447 3330
1447 3729
1447 4789
1447 4929
1448 2267
1448 3540
1449 2464
1449 4631
1449 4889
1451 1989
1451 2292
1451 2419
1451 3571
1451 3758
1451 3805
1452 2329
1452 2554
1452 3655
1452 4128
1453 1592
1453 4573
1454 2100
1454 2147
1454 2702
1454 4248
1455 1992
1455 2018
1455 2252
1455 2289
1455 2388
1455 3707
1455 4817
1457 1954
1457 4467
1458 2439
1458 3501
1458 4060
1458 4240
1459 2868
1460 2382
1460 3383
1460 4693
1460 4969
1461 1587
1461 3434
1461 4071
1462 4060
1462 4098
1463 4269
1465 2790
1466 1903
1466 2235
1466 3085
1466 3393
1466 3680
1466 3922
1466 3980
1466 4913
1467 1910
1467 2074
1467 3297
1467 3565
1468 3383
1468 4886
1469 1847
1469 2497
1469 3897
1469 4960
1470 2110
1470 2148
1470 3458
1470 3670
1470 3966
1471 1970
1471 2003
1471 2234
1471 4140
1471 4495
1472 1882
1472 1965
1472 3574
1472 3792
1472 3916
1472 3919
1472 4967
1474 2762
1474 4934
1475 1682
1475 4172
1476 2410
1476 3403
1477 2139
1477 3447
1478 2229
1478 3683
1479 1580
1479 4463
1480 3232
1480 3775
1480 3843
1481 1533
1481 1602
1481 2568
1481 2569
1481 4692
1482 4302
1483 3070
1483 3323
1483 3385
1484 2700
1484 3382
1484 4254
1484 4320
1484 4620
1485 3460
1485 3596
1486 1919
1486 2229
1486 4193
1487 1633
1487 2513
1487 2518
1487 3086
1488 3039
1488 3972
1488 4569
1488 4678
1489 3035
1490 2384
1490 3187
1490 3743
1490 4065
1490 4928
1491 4667
1492 1736
1492 2333
1492 2557
1492 3210
1492 3595
1494 1611
1494 3068
1494 3257
1495 1966
1495 4673
1497 1534
1497 3362
1497 4112
1499 1809
1499 2772
1500 2931
1500 3074
1500 3300
1500 3400
1501 1652
1501 1779
1501 2652
1501 3571
1501 3587
1501 3808
1503 2153
1503 3439
1503 4240
1503 4253
1504 4249
1505 1548
1505 2053
1505 2176
1505 2832
1505 4313
1506 1795
1506 1901
1506 3504
1507 1755
1507 1965
1507 2848
1507 4008
1507 4536
1507 4610
1508 1789
1508 2910
1508 3169
1508 3552
1511 1588
1511 4466
1512 2170
1512 3892
1513 2198
1513 2392
1513 4716
1514 2829
1514 4124
1515 1808
1515 2976
1515 4228
1516 1672
1516 2826
1516 4011
1517 1642
1517 3052
1517 3679
1517 4751
1517 4825
1519 2172
1520 2620
1521 2403
1521 4799
1522 2448
1522 4503
1523 1539
1523 2349
1523 2800
1523 4608
1524 1593
1524 1757
1524 1811
1524 2460
1524 4728
1524 4896
1525 3403
1526 1761
1526 3026
1527 2345
1527 2705
1527 3386
1529 2842
1529 3245
1530 2555
1530 3465
1530 3559
1530 3870
1531 3693
1532 4142
1533 1695
1533 2648
1533 4680
1534 3652
1535 2042
1535 3258
1535 3770
1536 3823
1537 4951
1538 2376
1538 2995
1539 1693
1539 2290
1539 2670
1539 3457
1539 4982
1540 1912
1540 3233
1541 2951
1542 1656
1542 2035
1543 2316
1543 2547
1544 3566
1545 2004
1545 2105
1547 3921
1549 1575
1549 1879
1549 1963
1549 2955
1549 3057
1549 3820
1549 4865
1550 1770
1550 2071
1550 2730
1553 1665
1553 1900
1553 2642
1553 3286
1553 3807
1553 4925
1554 2542
1554 3032
1554 3050
1555 1659
1555 1712
1555 3002
1555 3330
1555 3834
1555 4044
1555 4713
1555 4888
1555 4956
1556 1850
1556 2749
1556 4576
1556 4682
1557 1708
1557 2849
1557 3298
1557 3467
1558 2753
1558 2933
1558 2955
1558 3205
1558 3452
1558 3462
1558 3738
1558 3938
1558 4852
1559 1650
1561 3713
1561 4188
1561 4661
1562 2515
1562 3870
1562 4024
1563 1566
1564 1607
1564 1752
1564 3030
1564 3103
1564 3667
1566 3409
1566 3707
1567 2121
1567 2559
1567 3154
1567 3391
1567 4307
1568 4343
1568 4891
1569 3142
1571 3993
1571 4597
1572 2185
1572 2521
1573 2476
1573 3048
1573 4394
1574 1996
1575 2914
1576 2902
1577 3900
1577 4904
1578 2182
1578 2584
1578 2722
1578 3695
1578 3956
1578 4063
1578 4840
1580 2261
1581 1705
1581 2126
1581 4877
1582 2029
1582 2422
1582 2937
1583 1787
1583 2560
1583 3650
1584 3122
1585 1896
1585 4091
1586 3190
1587 1643
1587 2117
1587 2731
1587 3489
1588 3176
1589 2708
1589 3868
1590 2493
1590 4242
1590 4735
1591 3372
1591 3725
1591 4338
1592 2517
1592 2913
1593 1624
1593 1939
1593 2731
1593 2792
1593 2924
1593 3299
1593 3327
1593 4472
1594 2326
1595 1783
1595 2307
1596 1720
1596 3027
1596 3093
1596 4829
1597 1795
1597 2158
1597 3115
1598 4809
1599 2161
1599 4311
1601 1818
1601 2696
1601 2942
1601 4482
1603 3233
1603 3887
1607 1851
1608 1668
1608 1976
1608 2070
1608 2383
1608 2512
1608 3450
1608 3534
1608 3569
1609 1942
1609 2075
1609 2310
1609 2408
1609 4262
1609 4998
1610 1703
1611 1658
1611 2134
1611 3164
1611 3167
1611 3701
1613 3192
1613 3367
1613 3466
1613 3867
1613 4000
1613 4034
1614 1760
1614 2137
1614 2373
1614 2698
1614 2952
1614 3276
1614 3500
1615 4197
1615 4449
1616 1835
1616 2615
1616 2783
1616 3832
1617 1828
1617 2103
1618 2117
1618 2205
1618 3593
1619 2007
1619 2101
1619 4175
1620 1981
1620 2364
1621 1843
1621 2806
1621 3117
1621 3619
1621 4281
1622 1854
1624 1732
1624 4708
1625 3558
1626 2651
1627 2491
1628 1711
1628 1869
1629 4782
1630 4674
1631 2122
1632 3050
1632 3956
1632 3964
1633 3596
1636 2397
1636 3417
1636 3847
1637 2223
1637 3929
1638 2411
1638 2579
1638 3382
1638 4462
1638 4933
1641 3816
1641 3962
1641 4058
1643 2908
1644 2698
1645 1903
1646 2412
1646 3937
1647 2013
1648 1776
1648 3227
1648 3427
1648 4715
1650 2000
1650 2401
1650 4415
1651 2861
1651 3749
1651 4231
1651 4543
1651 4880
1652 1933
1653 2054
1654 2028
1654 4535
1655 1660
1655 2111
1655 3114
1655 4292
1656 1712
1656 2093
1656 2402
1656 2691
1657 1785
1657 1850
1657 3181
1657 3908
1659 4192
1660 1980
1660 3807
1660 4633
1661 2785
1661 3038
1663 2706
1663 3199
1663 3822
1667 1797
1667 2277
1667 4318
1669 2926
1670 1702
1671 1702
1671 3204
1671 4145
1671 4563
1672 1807
1672 4849
1673 1683
1674 3416
1675 2190
1675 2249
1676 3250
1676 3490
1677 2633
1677 3103
1677 3561
1678 3292
1678 3591
1678 3764
1679 1862
1679 1878
1679 2139
1680 4296
1680 4527
1681 2609
1681 4774
1682 3369
1682 3411
1682 3852
1682 3971
1682 4374
1684 2374
1684 2617
1684 3022
1684 3389
1684 4516
1685 4389
1686 3185
1686 3351
1686 3443
1687 4761
1688 2278
1690 3642
1691 1967
1691 2108
1691 2211
1691 2410
1691 2489
1691 3004
1692 1916
1692 3934
1692 4546
1694 4001
1694 4065
1695 4113
1695 4222
1699 2832
1699 4229
1700 3613
1700 3939
1701 1857
1701 2061
1701 2096
1701 2737
1701 3062
1701 4431
1702 3224
1703 3391
1704 3601
1705 2774
1705 4764
1706 4030
1707 4582
1708 2320
1708 2488
1708 3015
1708 3720
1709 2114
1709 2672
1710 3523
1711 2782
1711 4111
1712 2713
1713 1964
1714 2343
1715 2178
1716 3135
1717 2055
1719 2624
1719 4500
1721 4617
1722 2474
1722 2919
1722 3153
1722 3422
1722 4740
1722 4869
1724 3953
1726 2210
1726 3427
1726 3677
1726 4139
1726 4434
1726 4939
1727 4312
1728 2033
1728 2550
1728 3090
1728 3159
1728 4209
1730 3856
1731 2556
1731 2999
1731 4638
1733 2251
1733 2852
1733 3873
1734 4292
1735 2134
1735 2860
1735 2910
1736 1861
1736 3342
1738 1935
1741 2525
1741 2627
1741 3100
1741 3482
1742 2711
1743 2086
1743 2754
1743 4135
1743 4684
1744 2046
1744 3944
1745 2921
1745 4552
1745 4957
1746 3969
1747 2312
1747 2511
1747 3438
1747 4542
1747 4636
1748 1781
1748 2224
1748 3769
1748 4391
1749 2403
1749 3034
1749 3077
1749 3195
1749 4171
1751 1764
1751 4628
1752 1895
1752 4045
1753 2583
1753 4614
1753 4924
1754 2589
1755 2639
1755 3765
1757 2167
1757 4164
1758 1907
1758 2017
1758 2712
1758 2818
1758 2871
1758 3082
1758 3788
1758 4373
1759 2306
1763 1906
1763 2319
1763 4142
1764 2497
1765 3380
1765 4172
1766 4152
1766 4267
1766 4282
1766 4645
1768 4420
1768 4819
1769 2025
1769 2108
1769 2268
1769 2392
1769 3225
1769 3285
1769 3347
1769 3546
1769 4158
1769 4951
1770 2491
1770 2683
1770 2830
1770 3000
1770 3948
1771 2657
1771 2659
1771 3379
1771 4256
1774 4271
1775 1941
1775 1972
1775 2679
1775 2768
1775 3232
1775 3609
1775 4887
1776 3324
1776 4039
1778 4504
1779 2199
1779 2216
1779 4838
1781 2259
1782 2147
1782 2218
1782 2462
1782 2846
1782 3212
1782 3607
1782 4705
1783 3109
1783 3665
1785 3304
1786 4724
1787 3048
1787 4510
1788 3324
1788 3614
1788 3814
1788 4583
1791 2025
1791 3700
1792 2243
1792 2564
1792 2986
1792 4180
1792 4879
1793 3205
1793 3242
1793 4102
1794 2440
1795 1934
1795 2479
1795 3926
1795 4084
1797 3266
1797 3605
1797 3723
1798 3177
1798 4565
1799 4677
1800 1867
1800 3219
1801 1827
1801 2142
1801 2291
1801 3342
1802 1826
1802 3424
1802 4784
1804 3548
1805 1894
1805 3055
1806 3223
1806 3584
1808 3636
1809 4080
1809 4584
1811 2731
1811 4986
1812 2168
1812 3007
1812 4899
1813 3305
1814 3919
1815 2655
1815 2686
1815 3514
1815 4776
1816 1868
1816 2644
1816 4144
1817 3088
1817 3953
1821 2471
1822 1855
1822 2404
1822 2505
1822 3047
1822 4337
1823 2332
1823 3765
1823 4769
1824 2974
1824 3600
1824 3652
1824 3757
1825 2754
1825 3326
1825 4546
1827 1877
1827 2197
1827 2484
1827 4933
1828 2197
1828 3407
1829 2926
1830 2287
1830 3452
1831 1852
1832 2038
1832 2430
1832 3277
1832 4366
1834 1877
1834 2069
1834 4364
1835 2459
1835 2638
1835 4446
1835 4948
1836 4185
1836 4941
1837 2184
1837 4112
1837 4325
1837 4642
1838 3076
1838 4976
1839 2033
1839 2505
1839 4130
1840 3754
1840 3864
1841 2591
1841 4154
1841 4528
1842 4315
1843 2088
1843 4899
1844 2125
1844 4758
1845 1864
1845 1899
1845 2443
1847 3119
1847 4353
1848 2150
1848 3021
1849 2100
1849 2208
1849 3007
1849 3645
1852 3507
1852 4805
1853 4962
1854 3025
1854 3220
1854 3367
1855 2252
1855 2399
1855 3067
1855 3160
1855 3861
1855 3912
1855 4290
1855 4787
1856 3829
1856 4099
1858 3171
1858 5000
1859 1953
1859 2588
1859 4710
1861 1996
1861 3131
1861 3707
1863 3143
1864 4733
1865 2979
1865 3784
1866 2324
1866 2992
1866 3686
1867 2687
1867 3442
1867 4370
1867 4757
1868 1979
1868 2313
1870 2424
1870 3430
1870 4384
1871 3689
1873 1921
1873 2472
1874 2293
1874 2476
1874 3564
1875 3316
1876 2011
1876 4321
1876 4494
1877 3381
1878 2570
1880 2278
1880 2405
1880 2650
1880 3138
1880 3657
1880 4092
1881 1893
1881 2083
1881 2107
1881 3311
1881 4400
1881 4914
1881 4920
1881 4952
1882 3766
1882 4104
1885 1916
1885 4052
1887 2693
1888 2218
1888 3300
1888 3489
1888 4217
1888 4671
1889 2066
1889 2107
1889 3397
1889 4730
1890 2403
1890 4334
1891 3069
1891 4203
1891 4355
1892 2021
1892 3463
1892 4128
1892 4550
1892 4835
1893 1911
1893 1913
1893 2386
1893 3427
1894 2209
1894 4154
1895 2677
1895 3514
1898 1996
1898 3528
1898 4044
1898 4798
1899 2453
1899 4376
1901 2071
1901 2159
1901 2332
1901 4293
1901 4477
1901 4661
1902 2245
1902 2584
1902 4252
1903 2456
1903 3237
1903 3848
1904 2603
1904 4832
1905 3132
1905 4695
1905 4733
1907 2994
1908 2118
1908 2274
1908 2936
1908 2988
1908 3252
1908 3322
1908 3715
1909 2438
1909 2736
1909 4596
1910 2622
1910 2697
1912 2087
1912 3527
1914 2983
1914 4043
1916 3378
1918 2673
1918 2979
1918 3224
1918 3327
1918 3357
1918 4662
1919 2194
1919 2787
1919 3180
1920 2209
1920 2581
1921 2321
1921 3488
1921 4283
1922 2400
1925 4032
1925 4372
1925 4853
1926 2118
1927 1932
1927 2103
1927 3559
1927 4239
1927 4252
1928 2380
1928 2631
1928 3317
1929 2670
1932 2689
1932 4273
1932 4498
1933 2413
1934 1977
1934 2375
1937 4553
1938 2010
1939 3083
1939 3115
1939 4508
1940 2793
1941 3161
1941 3309
1942 4441
1943 3037
1943 3655
1943 4685
1944 2894
1946 1958
1946 3542
1947 2268
1947 4704
1948 2854
1948 4096
1949 1995
1949 2167
1950 3052
1950 3418
1950 3459
1950 4393
1950 4667
1951 2096
1951 2272
1951 2531
1951 2597
1951 3905
1951 3918
1951 4271
1952 1958
1952 3901
1953 3413
1953 4663
1955 2530
1956 4258
1957 4966
1958 2013
1958 2205
1958 2264
1958 2353
1958 2963
1958 3174
1958 4106
1959 3444
1960 2997
1960 4208
1960 4811
1960 4858
1961 3642
1962 2371
1964 3322
1969 2619
1969 3421
1969 4043
1969 4598
1970 2183
1970 2431
1970 3100
1970 3750
1970 3930
1970 4342
1970 4613
1971 4748
1972 4264
1973 2011
1974 2385
1975 3974
1976 2618
1976 3930
1978 4807
1978 4995
1979 2253
1981 2014
1981 3256
1981 3599
1981 4073
1981 4478
1982 2327
1982 2784
1982 3236
1982 4085
1984 2175
1984 2900
1984 3937
1985 3464
1985 3932
1986 3314
1986 4901
1987 2097
1987 2354
1987 2561
1987 3619
1988 3609
1989 2022
1989 2586
1989 4815
1990 3237
1990 3724
1991 2971
1994 3004
1995 2301
1995 3612
1997 2285
1997 2987
1998 2733
1998 2987
1998 4330
2000 2792
2001 2053
2001 2529
2001 3218
2001 4941
2002 2487
2002 4104
2003 2196
2005 2439
2006 3852
2006 4296
2007 2334
2008 2191
2008 4416
2010 2348
2011 2165
2011 2594
2011 3065
2011 3800
2012 3030
2013 2054
2014 3755
2014 4173
2014 4689
2015 2778
2015 2810
2016 4795
2017 2299
2017 4330
2018 3721
2020 4684
2021 3384
2021 3788
2021 3911
2023 4126
2023 4298
2024 2280
2025 3531
2025 4374
2028 2868
2029 2416
2029 2978
2029 3597
2029 4010
2029 4982
2031 3487
2031 4502
2032 3166
2035 3930
2036 4663
2037 3812
2038 2808
2038 3884
2038 4461
2039 3410
2040 3202
2041 2468
2041 2802
2041 4871
2042 2083
2042 3512
2043 2070
2043 2578
2043 2777
2043 2979
2043 3637
2044 2858
2044 3608
2045 2500
2045 2973
2045 3899
2046 3932
2049 2097
2049 3042
2049 3568
2052 2629
2056 2234
2056 2642
2057 3611
2057 4387
2059 2132
2059 2204
2059 2361
2059 2542
2059 4589
2060 2865
2060 3313
2060 4665
2061 3385
2062 2073
2063 3388
2064 3315
2065 2561
2065 2938
2066 3703
2067 2592
2069 2331
2069 2952
2069 2964
2069 3033
2069 3073
2069 3777
2069 4474
2069 4774
2070 3831
2070 4108
2070 4865
2071 2522
2071 3622
2071 3826
2071 4273
2072 2905
2074 3181
2074 3990
2075 2907
2076 4003
2077 2647
2078 4301
2082 2524
2082 3815
2082 4756
2083 2283
2083 4480
2084 2428
2084 2492
2087 2607
2087 4361
2087 4724
2088 2366
2089 3140
2091 2684
2093 4389
2094 2271
2094 2292
2094 2946
2094 3371
2094 4280
2096 2669
2096 3395
2097 2219
2098 3118
2098 4817
2099 4187
2100 3016
2100 3151
2100 4450
2101 2279
2101 3790
2102 2596
2104 4084
2104 4100
2105 4554
2106 4780
2107 2190
2107 2527
2107 3640
2107 3954
2107 4704
2108 3259
2108 3960
2109 2270
2109 3417
2110 4674
2111 2551
2111 2855
2111 3885
2111 4655
2112 2583
2113 2638
2115 2310
2115 3710
2115 4785
2116 2873
2118 2816
2119 4013
2120 2857
2120 4364
2122 2270
2122 2282
2122 3081
2123 2318
2123 2977
2123 4402
2124 3196
2125 2952
2125 3370
2126 2891
2130 2222
2130 2568
2131 2151
2133 2971
2133 4432
2134 2819
2134 4876
2135 2461
2135 3082
2136 2331
2137 4177
2138 2502
2138 2983
2138 3259
2138 3623
2138 3939
2138 4313
2139 2770
2139 2904
2142 4349
2143 3054
2145 2339
2145 3252
2145 3810
2145 4718
2145 4838
2146 2203
2146 2662
2146 2885
2146 3102
2146 3450
2147 2250
2147 2512
2147 2913
2147 3983
2147 4566
2150 4802
2152 3728
2153 3225
2155 2431
2155 2783
2155 3295
2155 4819
2157 2334
2157 3801
2157 4994
2158 4120
2158 4773
2160 2962
2160 3901
2161 4377
2163 3104
2163 4202
2164 2589
2164 4014
2164 4572
2165 3328
2165 3354
2166 3771
2167 2603
2167 3408
2167 3628
2167 3735
2168 2601
2169 2447
2169 4576
2170 2173
2170 2459
2170 2658
2170 3484
2170 4119
2170 4489
2170 4846
2171 4681
2173 2275
2173 2749
2173 3340
2174 3219
2174 4286
2175 2241
2175 2709
2176 2832
2176 2941
2177 2893
2179 2772
2180 5000
2182 4089
2183 2315
2183 2615
2183 4512
2183 4718
2183 4910
2185 2635
2185 3291
2186 2208
2186 2269
2187 3799
2187 4499
2188 2613
2188 4989
2189 3897
2190 2699
2190 2801
2191 3142
2192 2943
2192 3531
2193 2297
2193 2347
2193 2441
2193 2461
2193 2503
2193 2882
2193 3233
2193 3391
2193 3610
2193 4600
2194 2686
2194 3153
2194 4826
2194 4959
2195 2835
2195 3455
2195 3549
2199 3712
2199 4062
2199 4079
2199 4911
2200 2647
2200 2990
2200 3109
2200 3945
2200 4219
2201 4363
2202 3163
2202 4319
2203 3145
2203 4616
2205 3636
2206 2658
2206 3424
2206 3641
2208 3750
2208 4707
2210 4725
2211 2653
2211 2734
2211 2871
2211 3020
2212 4840
2212 4999
2213 4961
2215 2761
2215 2814
2215 3788
2216 2638
2216 2873
2216 4029
2217 3672
2218 2758
2219 3533
2219 4752
2220 2616
2221 2976
2221 3796
2222 3069
2222 3095
2222 3827
2222 4388
2223 3113
2224 2883
2224 4161
2224 4191
2224 4666
2225 2875
2225 4059
2225 4697
2226 4455
2229 2768
2230 2637
2230 4446
2230 4806
2231 2631
2231 2933
2231 3084
2231 3852
2233 4075
2234 3844
2235 4721
2236 4365
2239 2982
2239 3420
2239 3964
2241 2320
2241 2943
2242 2462
2242 3374
2242 3916
2243 3152
2245 3080
2246 2701
2246 3448
2247 2604
2247 3929
2248 3917
2250 4707
2251 2286
2252 4810
2253 2664
2253 3400
2253 3568
2253 3673
2254 4760
2255 2771
2255 4864
2255 4929
2257 2520
2257 2843
2257 2927
2257 3461
2257 4532
2259 2799
2260 2828
2262 3178
2262 3916
2264 3189
2264 3815
2265 2857
2265 3576
2265 4289
2265 4624
2266 2557
2268 3811
2269 2341
2269 3473
2270 2799
2270 2824
2272 2704
2272 3517
2273 4070
2273 4929
2275 2343
2275 2765
2275 2816
2276 2389
2276 2604
2276 2629
2276 3139
2276 3209
2276 3345
2276 4186
2276 4448
2276 4454
2279 3949
2280 3722
2280 4909
2281 2336
2281 2391
2281 2550
2281 2956
2282 2958
2284 3667
2285 3387
2286 2325
2286 4256
2287 3415
2288 2671
2288 2728
2288 3383
2292 4400
2293 4205
2293 4844
2294 3202
2294 3834
2295 2893
2295 4030
2295 4875
2296 3580
2297 2921
2297 3793
2298 4592
2300 4473
2301 3122
2301 4050
2304 4279
2305 2839
2306 2884
2307 2382
2307 4341
2309 2424
2309 3851
2310 4586
2311 2632
2313 3967
2314 3582
2315 2798
2315 3634
2316 3371
2316 4547
2316 4857
2317 2551
2319 2409
2319 3752
2319 3815
2319 4770
2323 2546
2323 3416
2323 3489
2323 4901
2327 3860
2328 2911
2328 2922
2328 3326
2329 3170
2329 4088
2331 4409
2332 3344
2332 4660
2334 2538
2334 3368
2334 4603
2335 2398
2335 3966
2335 4703
2335 4740
2336 2502
2336 3159
2336 4297
2336 4632
2337 3566
2338 2506
2339 4278
2339 4732
2339 4867
2341 4103
2342 3021
2342 3749
2343 3598
2343 3816
2343 4349
2343 4833
2344 2472
2344 2889
2347 3497
2347 4398
2347 4491
2347 4966
2348 3198
2348 3377
2348 3435
2348 3545
2348 4544
2349 3154
2349 3351
2349 3389
2349 4696
2350 2417
2350 4895
2350 4912
2351 2739
2351 4779
2351 4998
2352 3033
2352 3497
2352 4424
2352 4805
2356 3675
2356 4009
2357 4362
2359 2936
2359 3839
2360 3741
2360 4444
2361 2870
2362 2435
2362 3402
2363 3717
2363 3956
2364 2481
2365 2407
2365 3097
2365 3588
2365 4393
2366 3833
2368 4825
2369 4880
2370 3523
2374 3756
2374 3811
2375 2859
2375 2929
2375 4360
2379 2540
2379 3078
2379 3696
2379 4273
2379 4721
2380 2730
2380 2794
2380 4893
2383 2790
2383 2995
2383 3734
2383 3879
2383 4670
2383 4736
2384 3662
2384 3975
2384 4146
2385 3881
2386 2390
2387 3540
2387 3633
2387 3795
2387 4712
2388 3325
2388 3594
2388 3727
2388 4015
2389 2766
2389 4192
2390 3001
2390 3215
2391 2551
2391 2558
2391 4326
2392 3553
2392 4038
2392 4919
2392 4975
2395 2752
2395 3280
2395 3445
2395 4820
2396 4592
2401 3112
2401 3957
2402 2617
2402 3156
2403 2837
2403 3696
2404 2648
2405 2423
2405 3959
2406 2720
2406 4752
2408 2549
2408 3733
2408 4717
2409 2562
2410 3957
2411 4244
2413 4439
2415 2819
2415 2850
2415 4591
2417 3419
2419 3237
2419 4791
2421 4434
2421 4840
2422 3105
2423 3859
2423 4088
2425 4734
2425 4939
2426 2678
2427 4325
2428 2695
2429 4352
2430 4731
2430 4854
2431 2511
2431 3719
2433 2680
2433 4917
2434 2956
2435 2682
2436 2487
2436 4522
2437 2682
2437 4326
2437 4807
2437 4829
2438 2830
2438 3466
2438 4521
2439 4961
2440 3520
2440 4510
2442 3279
2442 4105
2443 3132
2443 4150
2444 3028
2445 2829
2445 4799
2445 4920
2446 2458
2446 4200
2448 2498
2450 4348
2451 3880
2457 4790
2457 4981
2458 2769
2458 4357
2459 3331
2459 3884
2459 4420
2464 4619
2464 4668
2466 2840
2466 3357
2467 4796
2468 3836
2468 4754
2471 2601
2476 4166
2477 2833
2479 4839
2480 2500
2480 2972
2480 3152
2480 4074
2480 4480
2480 4571
2481 3705
2481 4487
2481 4521
2483 2739
2484 2805
2484 3249
2484 3588
2484 3678
2484 3793
2484 3937
2484 4182
2485 3751
2487 3547
2488 2773
2488 2975
2488 3049
2488 3364
2488 3875
2488 4259
2488 4599
2489 4511
2489 4725
2491 2640
2491 3384
2491 4143
2492 2793
2493 2547
2493 2886
2494 3138
2494 3426
2494 3979
2495 2882
2495 4284
2497 2650
2497 3089
2497 4221
2497 4500
2498 3579
2498 3661
2499 2881
2500 3410
2502 4533
2503 2637
2503 2688
2503 2966
2505 2595
2505 3286
2505 3439
2505 3466
2505 4549
2505 4844
2507 2624
2510 3523
2510 4521
2511 2618
2512 4293
2513 4422
2515 3762
2516 2700
2516 3578
2517 2708
2517 2916
2517 4340
2518 4370
2519 3649
2519 4126
2519 4748
2524 2820
2524 3923
2526 2535
2527 3925
2530 3477
2530 3698
2530 3775
2530 4927
2531 2902
2531 3423
2532 2794
2532 3111
2532 4251
2532 4542
2532 4603
2533 3149
2534 4970
2535 3840
2536 2545
2536 3495
2536 3846
2536 4093
2536 4286
2536 4369
2537 4077
2539 3243
2539 3537
2540 2945
2540 3074
2540 3488
2543 3087
2543 3350
2544 2874
2544 3662
2544 3804
2545 2762
2545 3900
2546 3527
2547 3483
2548 2672
2548 4072
2549 4460
2549 4499
2550 4322
2552 4479
2553 3799
2554 4854
2555 3301
2555 3406
2558 2581
2558 4169
2558 4246
2558 4618
2558 4751
2558 4826
2559 3881
2559 3951
2560 2695
2560 3454
2562 4264
2562 4602
2568 2665
2569 2578
2569 2634
2569 2856
2572 2713
2572 3217
2572 3792
2574 3128
2575 3218
2575 3892
2575 4154
2576 2744
2577 2600
2577 2998
2577 3262
2577 4295
2578 4004
2579 3515
2580 4045
2580 4213
2582 3265
2582 3668
2583 3685
2583 4255
2584 2592
2587 4137
2588 2728
2589 4786
2591 4715
2592 3993
2592 4067
2592 4699
2594 3615
2594 4285
2594 4431
2595 2674
2595 3727
2595 4810
2596 4362
2596 4863
2599 3377
2599 4587
2602 3469
2602 3860
2602 3967
2602 4846
2602 4906
2607 2783
2608 3647
2608 4252
2609 3116
2609 3576
2610 3970
2610 4209
2612 3091
2612 3240
2613 3992
2614 2636
2614 2643
2614 3190
2614 4294
2616 3079
2616 4029
2618 4911
2619 2844
2619 4652
2620 3392
2620 3552
2620 4598
2624 3622
2624 4106
2624 4288
2624 4383
2624 4634
2625 3297
2626 3063
2627 2851
2627 3016
2628 4354
2630 3896
2634 3805
2636 3029
2636 4486
2639 3201
2639 3365
2639 4616
2642 3205
2642 4472
2642 4500
2647 2968
2647 4352
2647 4603
2650 2985
2650 3226
2650 3359
2651 2928
2651 3110
2653 4524
2655 4794
2656 4357
2658 3744
2658 4307
2658 4842
2662 2928
2663 3606
2663 4331
2664 3201
2664 4153
2665 2771
2666 3984
2667 3941
2667 4202
2667 4379
2670 3046
2671 4646
2673 2846
2673 3774
2675 3583
2677 2781
2677 3520
2677 4112
2678 2694
2678 2791
2678 3164
2680 3158
2681 3568
2682 2892
2682 3698
2683 4606
2683 4918
2684 4263
2686 2878
2686 3199
2686 4101
2686 4650
2688 4661
2689 3422
2689 4206
2693 2821
2696 2875
2697 3171
2698 3746
2698 4931
2702 3576
2704 4868
2704 4880
2706 4236
2706 4337
2707 3435
2707 3436
2709 2879
2709 4653
2713 4266
2713 4694
2714 2898
2715 4392
2717 2771
2717 2774
2717 3671
2717 3677
2717 4161
2719 3389
2722 4916
2724 4433
2725 4655
2726 3878
2728 3654
2728 4107
2728 4811
2729 3732
2729 3833
2729 4936
2731 3035
2731 3626
2731 4820
2734 2993
2735 3217
2736 4936
2737 3180
2739 4557
2740 4630
2744 2959
2745 2781
2745 2864
2745 3421
2745 4932
2746 4042
2751 3738
2753 3289
2753 3479
2756 2911
2756 2946
2756 3672
2757 4044
2757 4777
2758 4040
2758 4061
2761 4033
2762 4186
2762 4716
2763 3216
2763 3921
2763 4471
2764 3278
2765 4941
2767 2853
2770 3175
2770 3827
2771 4993
2773 4318
2773 4821
2774 3025
2774 4570
2775 2792
2775 3830
2775 4822
2777 4037
2778 3044
2778 3310
2778 3476
2778 4567
2783 2828
2788 3236
2788 3346
2788 3511
2788 3545
2789 3985
2790 3325
2791 3475
2793 2855
2793 4184
2794 3825
2794 3861
2794 3899
2795 2937
2796 2900
2796 3678
2798 4607
2798 4892
2801 4894
2802 3296
2805 3781
2806 3550
2808 4075
2809 3943
2809 4003
2809 4570
2810 3581
2813 4494
2814 3604
2816 2866
2817 4314
2818 3517
2818 3616
2818 3723
2818 4972
2819 4217
2819 4955
2820 4214
2821 3301
2825 4676
2827 2936
2828 3350
2828 4042
2830 3271
2830 3751
2830 4942
2831 3091
2831 4538
2832 4648
2833 4340
2834 3965
2836 3328
2840 4874
2841 2969
2842 4169
2842 4247
2842 4481
2843 3479
2843 4518
2843 4797
2845 4739
2848 2969
2848 3012
2848 3961
2848 4317
2852 3260
2854 2972
2854 3136
2854 3572
2854 4119
2855 3565
2855 3883
2856 2961
2857 3441
2858 3083
2859 3123
2859 3468
2859 3666
2859 4507
2860 4546
2863 3268
2863 4041
2863 4593
2864 4585
2865 4336
2866 3137
2867 3207
2870 3881
2871 3139
2871 3973
2871 4029
2872 3995
2873 4039
2873 4993
2874 4467
2875 3217
2876 3445
2877 3151
2877 3988
2878 3307
2880 3039
2882 3533
2882 3814
2882 4973
2884 3183
2884 4230
2885 3413
2886 2968
2886 4578
2889 3480
2889 3898
2891 3226
2891 4904
2893 4544
2895 3025
2895 3589
2895 4974
2896 3471
2898 3944
2898 4235
2898 4771
2899 4605
2905 3116
2905 3854
2905 4474
2906 4384
2907 3041
2907 4074
2910 4102
2913 4505
2914 3355
2915 3252
2917 3201
2917 4028
2917 4737
2921 3613
2921 4322
2924 3096
2924 4465
2927 3493
2928 4747
2929 3094
2930 4705
2931 4897
2934 4579
2935 3422
2935 4207
2936 4333
2936 4404
2937 3693
2937 3909
2937 4021
2937 4078
2937 4660
2939 3146
2943 3300
2943 4118
2945 4696
2947 3133
2947 3674
2947 4229
2947 4693
2948 3114
2950 3775
2953 3617
2955 3096
2956 4345
2958 3302
2958 3914
2959 3298
2959 4114
2961 4416
2964 3996
2965 3371
2965 4320
2966 3041
2967 4520
2970 3732
2971 3130
2971 3157
2971 4104
2971 4220
2971 4583
2972 4980
2974 2989
2974 3219
2974 3242
2976 4018
2977 3005
2978 3099
2979 3216
2979 3378
2979 4156
2980 4457
2982 3295
2983 4103
2985 3271
2986 3492
2986 4848
2987 4767
2990 4452
2992 3639
2992 4615
2993 3333
2996 3079
2997 3708
2998 3320
2998 3592
2998 3924
2998 4651
3000 3897
3000 3939
3002 3045
3002 3108
3003 3248
3004 3621
3005 3740
3005 3787
3005 4241
3008 4202
3009 3547
3010 3149
3010 3238
3010 4254
3013 3522
3013 4605
3014 3178
3014 3365
3014 3676
3014 4687
3016 3247
3020 3167
3021 4727
3025 3715
3025 3744
3027 3260
3027 4018
3027 4035
3027 4471
3029 3046
3030 3456
3030 4196
3041 4674
3042 3270
3043 3546
3043 4164
3043 4282
3049 4890
3050 3505
3052 3272
3052 4967
3061 3620
3061 3726
3061 3756
3061 3818
3062 4808
3063 3168
3063 3328
3066 3862
3067 3188
3067 3942
3067 4878
3068 4210
3069 4976
3071 3907
3071 4386
3073 3822
3073 4990
3074 3829
3074 4185
3075 4218
3076 3605
3076 3624
3076 4148
3076 4271
3078 3160
3081 3189
3085 4033
3085 4090
3089 3976
3090 3768
3090 3790
3090 4739
3091 4288
3092 4676
3093 3782
3093 3841
3093 4722
3094 4210
3095 4504
3095 4999
3096 3215
3096 4658
3096 4869
3097 3795
3097 4037
3100 3195
3100 3747
3102 4388
3102 4435
3103 3647
3107 3866
3107 4120
3112 3437
3112 3467
3113 3341
3114 4918
3115 3192
3115 4114
3116 3717
3119 4495
3123 4000
3123 4857
3124 3722
3125 3282
3125 4921
3126 4609
3127 3727
3132 4122
3134 4012
3135 3567
3136 3933
3136 4823
3137 3992
3139 3595
3140 4612
3144 3895
3145 3468
3146 3329
3146 4378
3146 4514
3152 3485
3152 3550
3152 4633
3153 4416
3155 4224
3156 4107
3157 4287
3159 3720
3160 3563
3162 4368
3163 4524
3163 4621
3165 3678
3167 4040
3169 4165
3170 4564
3170 4733
3171 4486
3175 3496
3175 3987
3176 3994
3184 3397
3185 4470
3188 4118
3190 4767
3191 3869
3191 3933
3191 4789
3191 4995
3193 4579
3196 4761
3200 3864
3201 3730
3202 3638
3202 4470
3202 4862
3202 4895
3202 4931
3206 3915
3206 4257
3206 4262
3206 4517
3208 3668
3209 4709
3210 4071
3210 4180
3212 3880
3212 4449
3213 4947
3214 4494
3215 4332
3217 3382
3217 4578
3218 3394
3218 4790
3219 3574
3221 3725
3221 4665
3222 3987
3223 3235
3223 4738
3226 4855
3227 3348
3227 4526
3229 3524
3229 3582
3230 3904
3230 4281
3235 3633
3236 3992
3236 4131
3237 3408
3237 4651
3239 3985
3240 4196
3240 4630
3242 3621
3242 4694
3244 3505
3244 3995
3245 3935
3248 3455
3248 3699
3249 3311
3249 4125
3249 4947
3253 3500
3253 3786
3254 4318
3254 4551
3255 3848
3255 4308
3256 4086
3256 4867
3262 3451
3262 4062
3263 3741
3264 4149
3265 4069
3267 3563
3268 3718
3271 4539
3273 3849
3274 4160
3274 4587
3275 3339
3275 3441
3275 3643
3275 3711
3276 3614
3276 4438
3277 3969
3280 4363
3282 4922
3283 3430
3285 3356
3285 3380
3286 3890
3290 3434
3290 4930
3291 4442
3293 3912
3295 3601
3295 4442
3296 4447
3297 3530
3297 3766
3297 4238
3298 3994
3298 4136
3300 4608
3302 4050
3308 3553
3308 4884
3313 4788
3319 3550
3319 4436
3319 4776
3320 3704
3323 3562
3325 4176
3328 3524
3329 3782
3329 4260
3329 4988
3331 4892
3335 3472
3338 4594
3338 4830
3343 4127
3344 3407
3345 3478
3346 3791
3347 3509
3348 3603
3348 4381
3348 4814
3348 4863
3349 3536
3353 3594
3354 4793
3356 3783
3356 4898
3357 4378
3360 4300
3362 3809
3364 3485
3364 3997
3369 3825
3371 3974
3373 3529
3374 3820
3375 3811
3377 3882
3377 4916
3379 3510
3386 4115
3389 4908
3392 4638
3395 3785
3396 4445
3397 4090
3399 3747
3400 3612
3403 3674
3403 4781
3405 4520
3406 3947
3406 4109
3407 4415
3410 3690
3410 4856
3410 4918
3412 4302
3415 3600
3419 4279
3423 4725
3424 3873
3425 4839
3427 4677
3428 3598
3428 3629
3428 4008
3428 4785
3429 3691
3429 3895
3429 4109
3430 3654
3433 4131
3440 4225
3444 3894
3445 3502
3447 4392
3448 4648
3448 4804
3453 3975
3456 3821
3458 4650
3459 3954
3463 3519
3463 4182
3463 4193
3463 4255
3463 4680
3464 4963
3468 3585
3468 3991
3468 4128
3469 4647
3470 4835
3471 4522
3473 4195
3473 4430
3475 3764
3477 4424
3477 4748
3477 4913
3478 3968
3480 4135
3483 3813
3483 3935
3483 4635
3488 3632
3489 3950
3494 4742
3495 3927
3495 4121
3498 3835
3498 3891
3499 3557
3499 4171
3500 4443
3505 4081
3505 4125
3505 4644
3508 3677
3508 4016
3508 4403
3508 4629
3510 3868
3511 3626
3511 4588
3516 4935
3518 3952
3518 4125
3519 3818
3519 4912
3522 4100
3525 4140
3525 4535
3530 4617
3531 4539
3533 4181
3537 4978
3540 4198
3542 4025
3543 4035
3544 4305
3549 4190
3551 3580
3551 3581
3558 4975
3560 4797
3561 3842
3561 4041
3565 3657
3567 4790
3570 4064
3570 4957
3571 4814
3572 3630
3572 3692
3575 3755
3576 4003
3578 3739
3578 4155
3580 4300
3587 4172
3588 3824
3588 4185
3591 4107
3599 4116
3601 3899
3601 4073
3603 4165
3603 4781
3604 3877
3611 3779
3612 4138
3613 4344
3613 4987
3615 3709
3619 3805
3621 3670
3625 4040
3631 4818
3632 3955
3632 4188
3635 4983
3638 4138
3644 4155
3648 3926
3649 3848
3649 4845
3650 4166
3650 4428
3650 4985
3650 4996
3651 4276
3652 4720
3652 4781
3652 4999
3653 4490
3653 4716
3654 3662
3664 4800
3666 4538
3672 4935
3673 3902
3673 3932
3675 3948
3675 4772
3676 4058
3676 4093
3678 4056
3678 4123
3680 3767
3680 3898
3680 3902
3680 4314
3684 4783
3686 4166
3686 4645
3688 4108
3689 4972
3690 3889
3690 4441
3696 3744
3698 3944
3699 3893
3699 4371
3700 3736
3700 4554
3703 4763
3705 4253
3705 4958
3712 4938
3713 3864
3714 3946
3714 4623
3715 4354
3716 4462
3716 4775
3718 4553
3720 4883
3720 4937
3721 4555
3722 4170
3722 4212
3722 4410
3724 4156
3724 4749
3729 4398
3732 3882
3733 3887
3735 4686
3742 4057
3749 4221
3750 4319
3754 4316
3755 3875
3755 4824
3759 4443
3760 3853
3763 4501
3763 4610
3765 4508
3767 4179
3770 3910
3770 4562
3770 4765
3772 4596
3773 4197
3774 4619
3779 4347
3779 4459
3779 4551
3790 3798
3792 4980
3793 4233
3795 3861
3797 4438
3797 4974
3802 4784
3804 4707
3805 4809
3805 4853
3807 4922
3808 4419
3809 4543
3810 4117
3810 4908
3813 4019
3814 4772
3818 4386
3820 4361
3821 4083
3821 4540
3823 4066
3826 4896
3827 4700
3829 3948
3830 4204
3831 4195
3831 4375
3834 3835
3841 4083
3844 4505
3845 3890
3845 4640
3845 4744
3847 4075
3847 4807
3848 4002
3851 4339
3851 4903
3856 3984
3856 4545
3862 4408
3863 3910
3866 3879
3868 3901
3873 4077
3881 4445
3886 4358
3890 4478
3890 4671
3891 3911
3895 4401
3895 4440
3896 4952
3903 4298
3905 4992
3908 4411
3924 3967
3930 4475
3932 4397
3934 4779
3935 4007
3935 4453
3937 4201
3942 4199
3946 4052
3946 4712
3948 4268
3951 4903
3955 4906
3957 4404
3960 4732
3963 4531
3964 4808
3967 4122
3970 4368
3975 4219
3975 4344
3975 4699
3976 4625
3981 4042
3983 4711
3987 4511
3989 4068
3994 4079
3995 4177
4001 4285
4004 4456
4004 4656
4009 4095
4009 4745
4009 4900
4015 4189
4015 4710
4019 4311
4019 4407
4022 4404
4025 4191
4026 4387
4029 4495
4031 4094
4035 4741
4037 4243
4043 4736
4044 4907
4048 4590
4048 4766
4052 4643
4058 4358
4060 4251
4067 4397
4070 4092
4070 4218
4074 4148
4074 4775
4077 4376
4078 4496
4081 4522
4085 4089
4085 4517
4087 4348
4090 4132
4093 4158
4099 4628
4102 4614
4105 4698
4106 4260
4117 4828
4119 4726
4119 4866
4121 4640
4124 4634
4125 4340
4127 4602
4138 4778
4138 4965
4141 4207
4142 4306
4143 4776
4148 4803
4149 4232
4153 4851
4160 4329
4161 4220
4180 4631
4184 4476
4188 4335
4195 4938
4197 4214
4198 4225
4199 4224
4200 4360
4202 4342
4203 4262
4203 4270
4204 4460
4205 4433
4210 4837
4217 4509
4218 4881
4225 4775
4229 4823
4230 4405
4235 4959
4249 4265
4249 4514
4252 4791
4255 4319
4257 4697
4263 4465
4264 4681
4269 4529
4269 4577
4272 4547
4281 4386
4285 4850
4288 4323
4291 4321
4293 4638
4294 4849
4295 4418
4302 4426
4309 4529
4310 4433
4314 4754
4315 4612
4318 4954
4322 4519
4327 4839
4331 4847
4334 4863
4340 4802
4344 4409
4352 4410
4353 4440
4369 4764
4375 4695
4379 4925
4382 4841
4398 4786
4399 4797
4401 4482
4407 4930
4416 4998
4426 4762
4434 4556
4435 4702
4437 4653
4451 4496
4453 4933
4455 4493
4459 4516
4462 4813
4476 4757
4478 4900
4482 4575
4482 4713
4486 4808
4487 4848
4492 4843
4499 4873
4503 4630
4503 4713
4505 4672
4508 4876
4516 4784
4517 5000
4526 4977
4533 4720
4538 4574
4538 4954
4543 4561
4556 4569
4564 4758
4569 4938
4573 4585
4577 4794
4604 4816
4611 4722
4612 4798
4659 4912
4661 4738
4672 4961
4678 4836
4691 4770
4715 4887
4718 4945
4729 4966
4732 4990
4733 4852
4740 4909
4749 4782
4803 4902
4819 4945
4825 4907
4825 4996
4856 4987
