10000 49834
1 318
1 1229
1 1516
1 2718
1 3607
1 4222
1 5806
1 7816
1 8130
1 8201
1 8225
1 8343
1 8843
2 23
2 2102
2 3287
2 3570
2 4216
2 4360
2 4447
2 5621
2 5727
2 7019
2 7455
2 8501
2 9648
3 227
3 1669
3 5142
3 6446
3 7015
3 7173
3 8037
3 8186
3 8536
3 9593
4 892
4 2394
4 2878
4 8751
4 9116
5 406
5 1631
5 3638
5 4440
5 5499
5 6817
5 7311
5 8109
5 9016
6 387
6 2742
6 5064
6 5947
6 6802
6 9608
7 256
7 847
7 2283
7 2698
7 2743
7 4567
7 4955
7 5555
7 6026
7 6746
7 6810
7 7247
7 7530
7 9444
8 1043
8 1218
8 2806
8 3119
8 4375
8 4942
8 5831
8 6038
8 8563
9 371
9 917
9 2747
9 3608
9 5000
9 5928
9 9129
9 9856
10 173
10 1595
10 1786
10 3866
10 4105
10 4237
10 4439
10 5591
10 5860
10 7404
10 9256
10 9557
10 9558
10 9666
11 414
11 674
11 1797
11 2464
11 3024
11 3638
11 3882
11 4111
11 5000
11 5247
11 7136
11 7215
11 8845
11 9812
12 1240
12 2616
12 3570
12 4754
12 4760
12 4785
12 5789
12 5873
12 6476
12 7455
12 8386
12 9764
13 1141
13 1775
13 2343
13 4694
13 5202
13 5639
13 7351
13 7611
13 8756
13 8820
13 9207
13 9375
14 86
14 576
14 2786
14 3517
14 3733
14 3875
14 5033
14 6196
14 7335
14 7808
14 8025
14 8027
14 8753
15 1166
15 1530
15 2492
15 2765
15 3079
15 5249
15 5653
15 6492
15 7260
15 7973
15 8406
15 8743
15 9720
15 9932
16 1135
16 2540
16 2628
16 2726
16 3735
16 3975
16 4439
16 7250
16 7725
16 7749
16 7983
16 8064
16 8880
16 9367
16 9731
16 9984
17 1089
17 1395
17 1709
17 6076
17 7047
17 7208
17 7874
17 9551
18 2480
18 2813
18 3276
18 3933
18 4091
18 7632
18 8413
19 208
19 523
19 1693
19 2001
19 2191
19 4844
19 5002
19 5414
19 6108
19 7173
19 8163
19 8730
20 1079
20 3229
20 4107
20 5873
20 5928
20 6616
20 7017
20 8229
20 9230
20 9395
20 9727
21 1953
21 2811
21 3043
21 3786
21 4453
21 4777
21 5260
21 5278
21 5359
21 6505
21 8224
21 9126
21 9264
22 1905
22 2417
22 5175
22 6887
23 567
23 863
23 1703
23 1927
23 5849
23 9855
24 3159
24 3283
24 4397
24 7235
24 7488
24 8140
25 3289
25 5164
25 8438
26 194
26 622
26 1653
26 2878
26 2998
26 3128
26 4328
26 5389
26 6260
26 8125
27 1328
27 1842
27 2815
27 3680
27 4836
27 4907
27 6759
27 8222
27 9953
28 58
28 1041
28 1347
28 2087
28 4038
28 4162
28 6851
28 7492
28 7647
28 7970
28 8794
29 1240
29 2604
29 2674
29 3748
29 4448
29 9742
29 9974
30 739
30 952
30 2186
30 2697
30 5480
30 8264
30 9778
31 212
31 447
31 1697
31 3813
31 5277
31 6045
31 6363
31 8211
32 1921
32 3526
32 4485
32 4594
32 5491
32 5882
32 5916
32 5968
32 9482
32 9577
33 1237
33 1350
33 1560
33 1729
33 2244
33 3662
33 4195
33 5395
33 7341
33 7788
33 8087
33 9002
34 1070
34 1281
34 1701
34 2654
34 3190
34 3244
34 5155
34 7701
34 7850
34 8384
34 8760
34 9532
35 560
35 2772
35 3073
35 3364
35 4997
35 9975
36 2271
36 2667
36 2998
36 4385
36 4448
36 4731
36 5242
36 5566
36 5727
36 7050
36 8927
36 9137
36 9194
36 9871
37 210
37 1871
37 2193
37 4730
37 6002
37 7702
37 8068
37 8129
37 9186
38 617
38 1616
38 1776
38 3441
38 5240
38 7610
38 7760
38 7819
38 8271
39 45
39 2433
39 2770
39 2859
39 3014
39 3728
39 5849
39 8233
39 8731
40 446
40 634
40 2050
40 2237
40 5072
40 5130
40 6105
40 6393
40 8732
41 338
41 571
41 2007
41 2236
41 3168
41 3227
41 5262
41 5300
41 5694
41 6224
41 6599
41 6647
41 7033
41 9000
41 9673
42 349
42 3670
42 3737
42 4907
42 6700
42 6917
42 9323
43 536
43 3041
43 3509
43 4427
43 5202
43 5365
43 5788
43 5838
43 7407
43 8695
44 3895
44 5676
44 6391
44 7588
44 7649
44 8602
44 9466
44 9571
45 468
45 581
45 2613
45 3046
45 4823
45 5187
45 6015
45 7266
46 149
46 1042
46 5895
46 6354
46 8470
46 9917
47 1194
47 1865
47 1932
47 3970
47 4418
47 4898
47 5681
47 5997
47 7265
47 7388
47 8940
47 9329
47 9961
48 650
48 775
48 7730
48 7807
48 7935
48 9201
49 1140
49 3594
49 3640
49 4127
49 4644
49 5026
49 6283
49 7524
49 7836
49 7960
49 9593
50 831
50 2466
50 4093
50 4695
50 6021
50 6428
50 6473
50 8751
51 512
51 2986
51 5039
51 5564
51 6149
51 6404
51 6635
51 6850
51 7319
51 8588
51 8780
51 8997
51 9528
52 1281
52 2669
52 2848
52 3414
52 4371
52 4413
52 4764
52 7942
53 186
53 196
53 399
53 1763
53 2063
53 2268
53 2445
53 3324
53 5183
53 5449
53 7753
53 7914
54 260
54 1911
54 2046
54 4582
54 5879
54 9010
54 9105
55 92
55 406
55 5368
55 5397
55 7882
56 122
56 1329
56 1583
56 1752
56 4844
56 6435
56 7051
56 7813
57 447
57 1864
57 2979
57 3144
57 3369
57 3403
57 3506
57 4055
57 4598
57 5832
57 6504
57 7300
57 7587
57 7986
57 8496
58 182
58 1943
58 2700
58 5282
58 6718
58 7098
59 130
59 1037
59 4606
59 6817
59 7201
59 8234
59 8781
59 9217
60 1644
60 2366
60 2935
60 3348
60 4227
60 4259
60 5171
60 6092
60 6168
60 8116
60 9443
61 968
61 1675
61 5414
61 5583
61 6003
61 7515
61 7603
61 8045
61 8235
61 9536
62 1084
62 1439
62 2274
62 5353
62 5442
62 7479
62 8354
62 8929
62 9106
62 9653
62 9819
63 2324
63 2474
63 3002
63 3778
63 4480
63 5492
63 8760
63 9799
64 2392
64 3399
64 3798
64 4352
64 5287
64 6448
64 8646
65 4588
65 7259
65 7414
65 7562
65 7936
65 8637
65 8971
66 2449
66 5622
66 5958
66 7468
66 8840
66 8913
67 543
67 1433
67 6449
67 6581
67 8023
67 9905
68 412
68 1097
68 1865
68 2616
68 5159
68 6658
68 6852
68 8083
68 8852
69 181
69 1680
69 3170
69 4632
69 5597
69 5811
69 6160
69 6775
69 7138
69 8281
70 911
70 1133
70 2303
70 3169
70 4796
70 6082
70 6793
70 7084
70 7406
70 7441
70 7803
70 7891
70 9587
71 216
71 645
71 3405
71 6015
71 6153
71 6193
71 6238
71 6721
71 6896
71 6988
71 7013
71 7419
71 8043
71 8687
71 9208
72 82
72 278
72 430
72 1108
72 1185
72 1465
72 1543
72 1563
72 2176
72 2445
72 3398
72 3672
72 4820
72 6481
72 7029
72 7132
72 7268
72 8385
73 1293
73 1942
73 9227
73 9443
74 276
74 771
74 2397
74 7703
74 8187
75 101
75 809
75 2354
75 3212
75 3234
75 4556
75 5056
75 5364
75 7952
75 7996
75 8288
75 9897
76 299
76 2559
76 3138
76 3275
76 3714
76 4625
76 4795
76 8556
76 9400
77 1312
77 3954
77 4883
77 5970
77 6063
77 7512
77 7672
78 216
78 3422
78 4481
78 5088
78 7532
79 3069
79 3088
79 6888
79 7630
79 8599
79 9322
80 480
80 5054
80 5249
80 5838
80 6168
80 7773
80 8560
80 9957
81 748
81 1713
81 9525
82 800
82 3641
82 3992
82 5267
82 6366
82 7135
82 7197
82 7664
82 7829
82 7887
82 8830
82 9549
83 212
83 991
83 1521
83 2176
83 2888
83 3124
83 4235
83 5167
83 5793
83 6819
83 7215
83 9485
84 381
84 557
84 918
84 2306
84 5350
84 6159
84 6560
84 6858
84 6931
84 8382
84 8617
84 9746
85 286
85 654
85 1001
85 4036
85 5140
85 5175
85 5399
85 5408
85 5498
85 5925
85 7418
85 9171
85 9220
85 9432
86 900
86 1415
86 3063
86 3348
86 3581
86 4434
86 4484
86 5079
86 5373
86 5600
86 5720
86 5987
86 7030
86 8492
86 9641
86 9687
87 297
87 4998
87 6357
87 6709
87 7174
87 7363
88 375
88 903
88 1964
88 2107
88 2257
88 2617
88 5066
88 7164
88 7964
88 9962
89 766
89 1352
89 1636
89 2587
89 4221
89 4280
89 5309
89 5533
89 6078
89 6088
89 6651
89 6792
89 8079
89 8602
89 8623
89 9838
89 9961
90 3342
90 3936
90 4007
90 5822
90 6827
90 7487
90 9510
91 1830
91 2551
91 2969
91 3669
91 5482
91 5832
91 6625
91 8958
91 8995
91 9432
92 2436
92 2465
92 3094
92 4393
92 4785
92 4930
92 5855
92 8423
92 9228
93 2912
93 3586
93 4987
93 5729
93 6477
93 8036
93 8051
93 9749
94 555
94 867
94 2424
94 2558
94 3587
94 4639
94 5783
94 7523
94 9422
95 120
95 232
95 624
95 2546
95 3136
95 3455
95 3592
95 4614
95 4730
95 6466
95 7189
96 1068
96 2304
96 2794
96 3017
96 3453
96 6567
97 810
97 1109
97 1364
97 2436
97 3117
97 3271
97 5495
97 5756
97 9622
97 9862
98 256
98 654
98 1775
98 3008
98 4738
98 5856
98 5875
98 8116
98 9169
98 9565
99 401
99 482
99 1217
99 1327
99 2557
99 5354
99 6401
99 6556
99 6874
99 7351
99 8155
99 8225
99 9195
99 9777
100 243
100 1030
100 1668
100 2072
100 2410
100 3200
100 5301
100 5683
100 6115
100 6597
100 8024
100 8310
100 8376
100 9173
100 9900
101 1195
101 4064
101 4286
101 4538
101 4684
101 4714
101 5992
101 6130
101 7246
101 7252
101 9307
102 2993
102 3319
102 4179
102 4721
102 4979
102 5423
102 5989
102 6491
102 7466
102 9721
103 1025
103 1150
103 1271
103 2231
103 2319
103 2478
103 3004
103 4272
103 4750
103 6207
103 6944
103 8846
103 9775
104 2775
104 3945
104 6668
104 6686
104 7848
104 9683
105 387
105 3215
105 4198
105 4615
105 5359
105 6978
105 7249
105 9383
105 9797
105 9909
106 208
106 370
106 1518
106 2839
106 4044
106 4136
106 4461
106 6868
106 8394
106 8586
107 1394
107 1891
107 2194
107 3361
107 3968
107 4074
107 5284
107 5835
107 6239
107 6264
107 6863
107 6982
107 7141
107 7491
107 7659
107 8629
107 9321
108 390
108 1152
108 1896
108 1899
108 2296
108 3590
108 4662
108 4799
108 5731
108 6311
108 6898
108 7148
108 9319
109 1506
109 1706
109 1954
109 3192
109 5253
109 5663
109 5822
109 7181
109 7479
109 9619
110 1025
110 2184
110 3168
110 3177
110 6846
110 9042
110 9831
111 572
111 918
111 3400
111 4466
111 5242
111 6782
111 7510
111 9085
112 217
112 1032
112 2043
112 2218
112 3258
112 3389
112 4571
112 5902
112 7116
112 7298
112 7404
112 8185
112 8720
112 9646
113 529
113 699
113 914
113 979
113 2054
113 2642
113 2672
113 3991
113 4939
113 8707
113 8831
113 8984
113 9090
113 9365
114 173
114 1066
114 1331
114 1526
114 4360
114 5888
114 6943
114 8585
115 784
115 2057
115 3985
115 5705
115 6133
115 7984
115 8646
115 8661
116 1099
116 1327
116 1486
116 2174
116 2518
116 3747
116 5127
116 8775
117 1028
117 2090
117 2253
117 3692
117 4515
117 4589
117 7336
117 7655
117 8567
117 8660
117 9237
117 9279
118 122
118 2945
118 3279
118 3616
118 3894
118 4176
118 5875
118 6370
118 6730
118 7686
118 8177
118 8927
119 137
119 4850
119 6028
119 7033
119 7261
119 9451
119 9533
119 9614
120 698
120 780
120 1411
120 2543
120 2771
120 3600
120 4945
120 6341
120 6459
120 7944
120 9480
121 332
121 447
121 1220
121 1668
121 1823
121 1838
121 2682
121 2801
121 3147
121 4360
121 7742
121 7820
121 8515
121 8880
122 701
122 1065
122 1425
122 2195
122 2437
122 2881
122 3047
122 3336
122 5409
122 6766
122 7485
122 9176
123 2049
123 2800
123 3310
123 3791
123 4795
123 5433
123 8106
124 1462
124 1501
124 4485
124 4860
124 4923
124 5906
124 7052
124 8997
125 1146
125 1293
125 1360
125 2374
125 2660
125 5111
125 5164
125 6334
126 320
126 807
126 1101
126 1687
126 1785
126 3093
126 4155
126 4579
126 5005
126 6249
126 8894
126 9844
127 4172
127 4359
127 4485
127 5387
127 5449
127 8523
127 8544
127 8635
127 8830
127 9484
128 350
128 1367
128 1615
128 1742
128 1980
128 2234
128 5506
128 5521
128 6231
128 6793
128 8854
129 775
129 1066
129 1125
129 2530
129 2712
129 3808
129 3951
129 4575
129 4694
129 5304
129 5589
129 5758
129 5904
129 6619
129 7870
129 9197
129 9529
129 9731
130 4411
130 6323
130 6390
130 8165
130 8278
131 1290
131 1598
131 5071
131 5358
131 5705
131 6490
131 6993
131 7345
131 7406
132 989
132 1199
132 1912
132 5596
132 5814
132 6116
132 6235
132 9966
133 1952
133 2504
133 5242
133 6351
133 7493
133 8446
133 8529
133 8593
133 8663
133 8686
133 9047
133 9090
133 9280
133 9328
134 1323
134 2108
134 2473
134 3627
134 3903
134 4228
134 4816
134 5168
134 5479
134 6206
134 6478
134 8658
134 8982
135 328
135 966
135 1764
135 2990
135 4893
135 5763
135 6542
135 6827
135 9138
135 9407
135 9639
136 2576
136 4049
136 6952
136 7627
136 9541
136 9999
137 2126
137 2783
137 4265
137 7033
137 8208
137 8998
137 9222
138 461
138 870
138 1209
138 1461
138 1724
138 2387
138 3996
138 4492
138 5559
138 6303
138 6317
138 7101
138 7240
138 9196
138 9566
138 9896
138 9903
139 265
139 1292
139 1434
139 2422
139 2694
139 3340
139 3506
139 4374
139 5515
139 5944
139 6938
139 8221
139 8307
139 9491
139 9741
139 9769
140 1431
140 3700
140 4078
140 5804
140 8574
140 9563
140 9791
141 290
141 1130
141 3321
141 7336
141 8442
141 9745
142 1079
142 1829
142 4294
142 7847
142 8148
142 8318
142 8455
142 8529
142 8755
142 8905
143 1238
143 1811
143 2800
143 2908
143 3595
143 3880
143 4100
143 5238
143 6761
143 7724
143 7766
143 7996
143 8117
143 8811
143 9819
144 507
144 4088
144 4472
144 4740
144 6956
144 7055
144 7082
144 7443
144 7468
144 8025
145 1757
145 2030
145 3312
145 4746
145 4961
145 5589
145 7536
145 8548
145 9341
145 9355
146 384
146 656
146 1533
146 2879
146 3034
146 3141
147 482
147 710
147 1493
147 2562
147 4116
147 4937
147 5345
147 5403
147 5582
147 5650
147 6196
147 7584
147 8663
147 9931
148 304
148 2460
148 3294
148 3308
148 3342
148 4904
148 5455
148 7293
148 8324
149 3113
149 3865
149 6996
149 9411
149 9492
150 251
150 793
150 1226
150 2957
150 3073
150 3693
150 4050
150 4622
150 8826
151 1601
151 3311
151 4173
151 5225
151 6219
151 6522
151 7965
151 8916
152 400
152 1654
152 6334
152 7999
152 9634
153 2849
153 3410
153 4454
153 5780
153 6607
153 9984
154 369
154 1435
154 1610
154 1845
154 3043
154 4249
154 4268
154 4883
154 5243
154 5404
154 6359
154 6474
154 8351
154 8585
154 9850
155 506
155 840
155 1545
155 4853
155 5302
155 8837
155 9978
156 1699
156 2182
156 3198
156 4289
156 5903
156 6928
156 8613
156 8690
156 8703
157 1561
157 1902
157 3192
157 3217
157 4275
157 5111
157 5847
157 6339
157 7691
157 8292
157 9937
158 1586
158 1905
158 3194
158 5335
158 6371
158 6403
158 6881
158 6907
158 7043
158 7860
158 8491
159 1256
159 2430
159 2514
159 3709
159 5135
159 5854
159 6170
159 6535
159 7397
159 7614
159 7642
159 9262
159 9453
159 9769
160 1041
160 2672
160 3277
160 6149
160 8857
160 9062
161 916
161 1121
161 1837
161 2183
161 3737
161 4938
161 6603
161 6736
161 7687
161 9495
162 1672
162 4258
162 4413
162 6083
162 8284
162 8522
162 8523
162 9633
163 6422
163 8586
163 9499
164 3853
164 4240
164 4358
164 6633
164 6763
164 6998
164 9866
165 2629
165 3894
165 4494
165 5611
165 7238
165 7511
165 7625
165 8602
166 386
166 713
166 3248
166 3732
166 3848
166 4013
166 4173
166 4615
166 4933
166 5759
166 7092
166 8078
166 9239
167 626
167 3560
167 4546
167 5004
167 6876
167 7693
167 7807
167 7822
168 1407
168 1557
168 2021
168 2986
168 3589
168 4469
168 5775
168 5931
168 6808
168 7541
168 7557
168 8899
169 497
169 2689
169 4409
169 5280
169 5607
169 5636
169 6081
169 6656
169 7832
169 8212
169 8751
170 1753
170 2818
170 2940
170 6597
170 7192
170 8200
170 8547
170 8703
170 8724
170 9437
170 9636
171 363
171 598
171 1563
171 3534
171 4757
171 5571
171 5758
171 6247
171 6382
171 8369
172 390
172 2810
172 4199
172 4457
172 6749
172 7006
172 7097
172 7257
172 7933
172 8675
172 8751
173 954
173 1567
173 2833
173 5110
173 6571
173 8351
173 10000
174 908
174 932
174 1079
174 1909
174 2213
174 3475
174 5033
174 5221
174 6153
174 7263
174 8763
174 9035
174 9496
175 1230
175 1263
175 2431
175 3709
175 4438
175 4623
175 6165
175 6558
175 8250
175 8325
175 8904
176 1442
176 1476
176 3112
176 6540
176 6630
176 6970
176 7592
176 8031
176 9248
176 9693
177 386
177 1210
177 5459
177 6188
177 8189
178 4588
178 4965
178 6292
178 6889
178 7156
178 7323
178 8462
179 1891
179 2548
179 3945
179 5618
179 7892
179 9116
180 2688
180 3965
180 4262
180 4435
180 6202
180 6721
180 6989
180 8501
180 9525
180 9970
181 563
181 3081
181 3525
181 3591
181 3703
181 4339
181 4515
181 5698
181 6263
181 7482
181 7524
182 313
182 778
182 827
182 911
182 5067
182 6038
182 8876
182 9273
182 9713
183 824
183 2476
183 4898
183 5143
183 6460
183 6809
183 7154
183 7931
183 9622
183 9748
184 1347
184 1869
184 2361
184 2551
184 3630
184 6267
184 7193
184 8072
185 1883
185 3211
185 3654
185 6684
185 7324
185 7648
185 8147
185 8150
185 8550
185 9176
185 9398
186 1749
186 2002
186 3009
186 4035
186 4847
186 5730
186 6573
186 6794
186 7635
186 9306
187 1568
187 2614
187 2831
187 3442
187 3716
187 3937
187 4814
187 6193
187 6560
187 6893
187 7730
187 8584
187 8711
187 8823
187 9361
188 429
188 838
188 1146
188 2161
188 2289
188 3745
188 3829
188 4102
188 4516
188 4596
188 5978
188 6245
188 7980
188 8218
188 9447
188 9478
189 488
189 1473
189 1555
189 1616
189 2453
189 4387
189 5345
189 5775
189 6120
189 6172
189 8354
189 8370
190 1086
190 1276
190 2010
190 2083
190 2437
190 2829
190 3794
190 4671
190 7275
190 8449
190 9186
191 4132
191 5406
191 5510
191 7865
192 513
192 3065
192 4504
192 4978
192 5144
192 8471
193 621
193 1889
193 4264
193 4544
193 5084
193 5294
193 5313
193 5496
193 6070
193 6667
194 1018
194 1037
194 2836
194 2861
194 4241
194 5851
194 8052
194 8103
194 8301
195 947
195 2163
195 2450
195 2903
195 3486
195 7684
196 1245
196 1493
196 2051
196 3981
196 4249
196 4709
196 4910
196 7003
196 8006
196 8858
197 921
197 1695
197 2136
197 2356
197 2447
197 2798
197 2879
197 2962
197 3261
197 3927
197 3949
197 4244
197 4851
197 5734
197 6260
197 6930
197 7075
197 7851
197 7868
197 8533
197 8567
198 327
198 810
198 4851
198 5274
198 6227
198 7727
198 9496
199 883
199 1065
199 2154
199 3114
199 5765
199 5916
199 6202
199 9045
200 1181
200 1369
200 3513
200 3861
200 4023
200 6134
200 6842
200 7584
200 7657
201 2419
201 3099
201 4088
201 4664
201 4909
201 5077
201 6815
201 7284
201 8100
201 8699
202 3062
202 3678
202 3904
202 4572
202 5331
202 7803
203 1411
203 2772
203 3711
203 5208
203 5944
203 8453
204 1162
204 2439
204 2824
204 3894
204 4451
204 7683
204 8209
204 8651
204 9163
205 782
205 976
205 1330
205 1501
205 2607
205 2733
205 4013
205 4141
205 9620
206 2637
206 2846
206 2908
206 3095
206 4587
206 4631
206 4804
206 5830
206 6848
206 9179
206 9480
207 463
207 1593
207 1807
207 3015
207 3132
207 3324
207 7156
207 8470
207 8920
208 2693
208 3337
208 3802
208 4064
208 4285
208 4315
208 4996
208 5385
208 7642
208 7932
208 8049
209 2340
209 2386
209 2552
209 3686
209 5109
209 7386
210 575
210 1212
210 1659
210 2360
210 2575
210 3435
210 4946
210 5247
210 7446
210 7543
210 8702
210 8784
210 9099
211 338
211 530
211 1218
211 1800
211 2744
211 3110
211 3856
211 4439
211 4713
211 4749
211 5539
211 6574
212 369
212 1418
212 1686
212 1827
212 3328
212 3697
212 5675
212 8467
212 9638
212 9641
213 1298
213 1918
213 2481
213 3215
213 5733
213 6232
213 7305
213 8028
213 9106
213 9634
214 1054
214 1115
214 2307
214 2604
214 2616
214 2763
214 4070
214 4390
214 4481
214 4879
214 6853
214 9146
214 9339
215 2961
215 3813
215 6468
215 8473
215 8569
215 9584
215 9704
216 947
216 2394
216 4343
216 4524
216 5552
216 6720
216 7502
216 8829
217 1491
217 2146
217 2174
217 2721
217 3437
217 6083
217 6186
217 7348
217 9199
217 9817
218 981
218 1258
218 1534
218 3023
218 4173
218 4991
218 6116
218 6768
218 6965
218 9656
219 360
219 672
219 1042
219 2301
219 5014
219 5784
219 6396
219 7595
219 8771
220 589
220 2064
220 3287
220 4148
220 5650
220 7218
220 7395
220 7881
221 3884
221 5665
221 5887
221 7632
221 8109
221 9126
221 9814
221 9884
221 9935
222 408
222 565
222 909
222 1306
222 2418
222 3097
222 3111
222 6296
222 6606
222 6781
222 8022
223 579
223 2424
223 3114
223 5131
223 5401
223 7266
223 7357
223 8250
223 9093
224 866
224 1345
224 3205
224 3509
224 3871
224 4988
224 5500
224 5715
224 6103
224 7502
224 8301
225 3477
225 4047
225 4117
225 4504
225 5249
225 5797
225 6222
225 6250
225 6360
225 9567
225 9820
225 9884
226 513
226 2032
226 2847
226 4075
226 5666
226 9190
227 974
227 1101
227 4643
227 6382
227 6547
227 7916
227 7939
227 8688
227 9647
228 671
228 2584
228 2670
228 3874
228 4905
228 5183
228 5354
228 6158
228 6731
228 7046
228 8409
228 8561
228 9721
228 9877
229 4061
229 4154
229 5273
229 5417
229 7092
229 7607
229 7888
229 8985
229 9018
229 9759
230 2847
230 3916
230 6561
230 6928
230 9092
230 9802
231 2664
231 4519
231 5779
231 6426
231 6925
231 7434
231 7907
231 8342
231 8814
232 1476
232 2801
232 3042
232 4354
232 5061
232 5124
232 6245
232 6396
232 9430
233 959
233 1056
233 1240
233 2875
233 4877
233 5397
233 5636
233 5653
233 6166
233 8080
233 9468
234 467
234 741
234 1113
234 3029
234 4188
234 5802
234 6110
234 8174
234 8249
235 970
235 1286
235 3523
235 3535
235 6971
235 9929
236 639
236 1304
236 2914
236 3382
236 3993
236 3998
236 5679
236 6846
236 7041
236 7388
237 2898
237 4110
237 5405
237 6023
237 6687
237 7444
237 8431
237 8694
237 9129
237 9137
238 4270
238 4760
238 5390
238 6105
238 8859
238 8935
238 9110
238 9814
239 1459
239 1627
239 3240
239 4184
239 5377
239 6209
239 7412
239 7498
239 8070
239 9134
240 969
240 3105
240 4486
240 5328
240 5527
240 6339
240 6446
240 7203
240 7236
240 7750
240 9804
241 285
241 1905
241 2030
241 2810
241 2956
241 3652
241 5328
241 5872
241 6245
241 6315
241 8566
242 1245
242 2785
242 3137
242 3158
242 3330
242 3686
242 3787
242 5732
242 6254
242 6904
242 7068
242 7080
242 8744
243 2139
243 2920
243 3723
243 5248
243 5270
243 5508
243 5704
243 7010
243 9783
244 334
244 1191
244 2269
244 3118
244 4049
244 5040
244 5062
244 5257
244 5434
244 5643
244 6574
244 7614
244 9671
244 9848
245 1088
245 1591
245 2612
245 4285
245 5539
245 7213
245 7818
245 7834
246 2792
246 3354
246 4585
246 9062
247 2347
247 4648
247 4729
247 6199
247 7137
247 8128
247 8299
248 830
248 2164
248 2890
248 2947
248 3413
248 3554
248 4993
248 5409
248 6414
248 6705
248 8040
248 9570
248 9715
249 479
249 521
249 1839
249 4570
249 5219
249 5623
249 6502
249 7547
250 1260
250 2034
250 3375
250 6460
250 6805
250 8199
250 9703
251 1357
251 2116
251 2170
251 4554
251 5218
251 5437
251 6553
251 8238
251 8696
251 9439
251 9988
252 701
252 791
252 1605
252 2382
252 7402
252 7464
252 7919
252 8129
252 8584
253 868
253 1042
253 2096
253 2769
253 3003
253 4233
253 4401
253 4632
253 6869
253 8576
253 9310
254 778
254 1881
254 2613
254 3289
254 4517
254 8066
254 8457
254 9965
255 1935
255 2260
255 2325
255 2894
255 3184
255 3212
255 3713
255 3808
255 4978
255 5912
255 6301
255 7027
255 7095
255 7358
255 8924
255 9940
256 3636
256 4690
256 5615
256 5974
256 6578
256 6753
256 7926
257 586
257 1309
257 1496
257 3158
257 4084
257 5438
257 6534
257 7526
258 2319
258 2491
258 2521
258 3668
258 3883
258 4924
258 5294
258 5337
258 5674
258 5695
258 6436
258 7040
258 7312
258 9175
259 1199
259 1790
259 2613
259 3852
259 5796
259 6446
259 7250
259 7488
259 7948
259 8350
259 8541
259 9574
260 1000
260 2564
260 3701
260 4400
260 6874
260 7430
260 7440
260 7441
260 7529
261 1080
261 1321
261 1363
261 1597
261 2065
261 2626
261 3694
261 4679
261 4692
261 5284
261 5508
261 7637
261 8017
261 8232
261 8783
262 1798
262 2828
262 2898
262 3024
262 5210
262 6258
262 6484
262 6643
262 7611
262 7843
262 8442
263 347
263 1027
263 1356
263 1873
263 2155
263 3308
263 4951
263 5179
263 5652
263 6948
263 7053
264 2001
264 3974
264 4392
264 5681
264 9915
265 2847
265 3756
265 6281
265 6498
265 7928
266 541
266 2553
266 3603
266 4977
266 5140
266 5656
266 5920
266 7242
267 488
267 2389
267 2425
267 3127
267 3886
267 4126
267 4355
267 4646
267 6432
267 6516
267 8213
268 1386
268 1472
268 1900
268 2634
268 3170
268 3334
268 3369
268 3517
268 5021
268 5198
268 6534
268 6937
268 7350
268 7987
268 8401
268 8980
268 9423
269 307
269 690
269 1456
269 1996
269 2831
269 2885
269 3663
269 6595
269 7388
269 9265
269 9713
269 9925
270 2245
270 4373
270 4401
270 5074
270 5225
270 6048
270 9138
271 537
271 2726
271 3893
271 4596
271 5767
271 7674
271 8482
271 8770
271 9907
272 1062
272 3453
272 3607
272 4931
272 6588
272 6981
272 7501
272 8675
272 9784
273 1130
273 3296
273 3547
273 3780
273 6511
273 9076
273 9618
274 918
274 1764
274 2236
274 2907
274 3309
274 6477
274 7060
275 553
275 714
275 2781
275 3495
275 4116
275 4574
275 4744
275 5169
275 6124
275 6905
275 7464
276 1667
276 5228
276 5514
276 6400
276 6718
276 6938
276 7920
276 8391
277 1268
277 1875
277 1881
277 2221
277 2701
277 3492
277 4518
277 4841
277 5045
277 8116
277 8589
278 723
278 1595
278 3243
278 3284
278 3832
278 4230
278 4969
278 6057
278 6904
278 7528
278 8174
278 8570
278 9627
279 563
279 1003
279 1860
279 3221
279 3417
279 4690
279 5553
279 6151
279 6408
280 1109
280 2283
280 2946
280 4572
280 4869
280 5231
280 6516
280 6622
280 7850
280 7900
280 8279
280 9012
281 1512
281 2176
281 2541
281 2722
281 4171
281 4919
281 4985
281 6187
281 6189
281 8132
281 8210
281 8473
281 8746
282 1097
282 1369
282 1820
282 2842
282 4272
282 4397
282 4635
282 5376
282 6174
282 7901
282 8770
282 9478
283 1055
283 1146
283 1939
283 2568
283 2700
283 2964
283 3048
283 3329
283 4972
283 5129
283 5436
283 6964
283 7163
283 7295
283 8126
283 8415
283 8852
283 9675
284 802
284 893
284 2335
284 2542
284 3092
284 3315
284 4367
284 5038
284 6820
284 7273
284 9049
284 9263
285 468
285 2059
285 2519
285 4912
285 5029
285 6347
285 7485
286 921
286 1182
286 1764
286 2606
286 5251
287 580
287 676
287 715
287 1753
287 2090
287 2832
287 3524
287 3776
287 3910
287 4280
287 5448
287 9554
288 349
288 1801
288 1824
288 2636
288 2939
288 4441
288 4838
288 4916
288 5726
288 6080
288 7795
288 9030
289 311
289 528
289 681
289 1864
289 4359
289 4601
289 6300
289 7772
289 7935
289 8473
290 378
290 2625
290 5471
290 5664
290 5777
290 5779
290 8749
290 9287
291 614
291 1725
291 3418
291 5712
291 5939
291 6831
291 7443
291 8402
291 8496
291 9107
292 1115
292 1548
292 2283
292 3012
292 4730
292 5780
292 6781
292 7652
292 8604
292 9770
293 977
293 1467
293 3405
293 4142
293 4991
293 5647
293 5694
293 7682
293 9215
294 1047
294 1987
294 2393
294 3884
294 4811
294 4885
294 5301
294 6530
294 6585
294 6974
294 7075
294 7299
294 7624
294 8616
294 8642
294 8812
294 9576
295 887
295 3284
295 4224
295 4545
295 4582
295 5055
295 6066
295 6482
295 7247
295 8120
295 8480
295 9686
296 474
296 1198
296 2992
296 3342
296 4027
296 5466
296 6057
296 6282
296 6567
296 7175
296 7331
296 7392
296 8552
296 8690
297 825
297 2243
297 4222
297 4902
297 5163
297 5651
297 6858
297 8108
297 8844
298 2844
298 3104
298 3243
298 6027
298 6127
298 7362
298 8587
299 1578
299 1978
299 2827
299 3053
299 3117
299 5197
299 5749
299 5962
299 6010
299 7116
299 7892
300 1730
300 1932
300 2138
300 2254
300 2412
300 5541
300 8050
301 1519
301 2805
301 3489
301 4527
301 4853
301 5194
301 5859
301 6114
301 6369
301 8256
301 8800
301 9408
302 1252
302 1899
302 2362
302 2522
302 3318
302 3892
302 5874
302 5979
302 6065
302 7375
302 7560
302 8022
303 941
303 1057
303 1675
303 3444
303 4541
303 5234
303 5556
303 5925
303 6304
303 6534
303 6709
303 7011
303 8021
303 8967
303 9161
304 736
304 1606
304 2264
304 2377
304 3667
304 4413
304 5799
304 6466
304 7581
305 361
305 1476
305 1784
305 4123
305 6075
305 6493
305 7059
305 7892
306 2021
306 2840
306 3699
306 3911
306 4592
306 6294
306 7020
306 7996
306 8258
306 9827
307 565
307 642
307 1605
307 2223
307 4657
307 5195
307 9294
308 1292
308 2246
308 6916
308 9960
309 3728
309 4200
309 4767
309 5205
309 5595
309 6404
309 6621
309 7518
309 8197
309 9941
309 9988
310 581
310 1414
310 2971
310 3324
310 4022
310 4191
310 4374
310 7207
310 7450
310 8900
311 3029
311 3130
311 4731
311 7250
311 9815
312 460
312 1353
312 2712
312 4498
312 5575
312 5922
312 6122
312 6568
312 7088
312 7531
312 7740
312 8134
312 8507
312 9380
312 9520
313 708
313 1101
313 1229
313 2786
313 2956
313 3113
313 3440
313 3891
313 4054
313 6142
313 6885
313 7178
313 7360
313 7626
313 8956
313 9256
314 1557
314 1756
314 3107
314 4243
314 6343
314 8869
315 1727
315 1751
315 3368
315 3511
315 5195
315 5309
315 8529
316 752
316 944
316 972
316 2064
316 2978
316 3683
316 3701
316 4303
316 6063
316 6537
316 7099
316 7271
316 8808
317 967
317 2695
317 3462
317 3622
317 3945
317 4605
317 4849
317 5415
317 5741
317 6394
317 8448
317 8534
318 785
318 1615
318 3647
318 4586
318 4988
318 6785
318 7872
318 9981
319 1458
319 2606
319 3792
319 4671
319 5011
319 6264
319 6292
319 6328
319 6469
319 6710
319 8094
319 8888
319 9451
320 945
320 1414
320 3748
320 4820
320 6082
320 6516
320 7105
320 7959
320 9853
321 340
321 1303
321 2506
321 3434
321 4702
321 5246
321 5612
321 7604
321 8031
321 8458
321 8964
321 8977
321 9050
322 591
322 684
322 1205
322 1567
322 2590
322 3039
322 3314
322 4537
322 4627
322 5502
322 5780
322 6203
322 6547
322 6702
322 7218
322 7860
322 7992
322 8043
323 1291
323 1855
323 4378
323 7817
323 9588
324 986
324 1965
324 3014
324 3273
324 3774
324 3993
324 5487
324 6254
324 6387
324 9670
325 1883
325 1908
325 3656
325 4649
325 5745
325 6570
325 8990
325 9798
326 1073
326 1298
326 3059
326 3668
326 6899
326 8633
326 8784
326 9444
327 1599
327 2337
327 2592
327 3055
327 4110
327 5190
327 6033
327 6721
327 6890
327 7810
327 7998
327 9166
328 1078
328 1502
328 3770
328 4544
328 8518
328 9054
328 9119
328 9769
329 1056
329 3377
329 3387
329 3403
329 3696
329 4446
329 5152
329 5711
329 6272
329 7127
329 7667
329 9690
330 411
330 2086
330 2626
330 2911
330 2955
330 5546
330 7322
330 7361
330 8829
331 1129
331 1308
331 3088
331 3433
331 3715
331 4261
331 4291
331 4643
331 6980
331 7791
331 8292
332 1950
332 3208
332 3377
332 4990
332 7112
332 7824
332 7842
332 8016
333 774
333 992
333 1082
333 2024
333 3486
333 4941
333 7768
333 9205
334 2464
334 4569
334 5227
334 5408
334 6057
334 7958
334 8835
334 9534
334 9762
335 610
335 638
335 5217
335 6660
335 7398
335 7702
335 8135
335 8267
336 340
336 1224
336 5578
336 7464
336 9322
336 9384
337 953
337 2404
337 4326
337 5070
337 6241
337 6793
337 7870
337 8107
338 775
338 1583
338 2920
338 4402
338 4722
338 6706
338 6783
338 9200
338 9318
338 9470
339 358
339 543
339 698
339 1054
339 1454
339 1563
339 2430
339 4523
339 6534
339 6656
339 8791
339 9490
339 9685
340 1168
340 1608
340 1756
340 3305
340 4157
340 4490
340 4736
340 6820
340 6948
340 9157
340 9164
340 9787
341 1453
341 3114
341 4273
341 4549
341 4707
341 4953
341 4988
341 6168
341 7155
341 7776
341 8218
341 8267
341 8464
342 4030
342 6311
342 7366
342 7961
342 8724
342 9418
342 9817
342 9927
343 1503
343 2967
343 3479
343 3729
343 5158
343 5195
343 6252
343 7535
343 8533
343 8761
343 9885
344 2504
344 2547
344 6677
345 525
345 1005
345 4236
345 4569
345 5267
345 7417
345 8596
345 9125
345 9934
346 1300
346 2426
346 2994
346 4462
346 5386
346 6177
346 7536
346 7791
346 7881
346 9991
347 1236
347 2610
347 3099
347 3278
347 4618
347 5423
347 6119
347 6310
347 8798
347 9341
348 516
348 541
348 2978
348 3043
348 3380
348 3386
348 4180
348 5516
348 6175
348 7103
348 8213
348 8367
348 9038
349 1598
349 2821
349 4287
349 4355
349 5555
349 6127
349 6166
349 6402
349 6425
349 6536
349 7087
350 4119
350 5789
350 5817
350 6455
350 7048
350 9226
351 1060
351 2168
351 2545
351 2771
351 4748
351 7352
351 7967
351 8363
351 9118
351 9445
352 2469
352 4966
352 7817
352 7894
352 8294
352 8809
352 9727
353 950
353 1322
353 1754
353 4142
353 5468
353 6649
353 6978
353 8747
353 9325
353 9486
353 9944
354 1345
354 3357
354 5338
354 6763
354 7355
354 7840
354 8171
355 645
355 1636
355 3241
355 3751
355 3882
355 4717
355 5934
355 6025
355 6180
355 8396
355 9202
356 2613
356 3269
356 3578
356 4052
356 5589
356 5850
356 6254
356 8279
356 9733
357 1115
357 1224
357 3726
357 4374
357 7269
357 7795
357 9729
358 670
358 5142
358 5192
358 8855
359 2148
359 2493
359 2542
359 2885
359 3207
359 3851
359 4540
359 5570
359 7422
359 8743
359 8745
359 8876
360 1116
360 1816
360 6403
360 7114
360 7475
360 7761
361 1461
361 1529
361 2992
361 3524
361 4738
361 5223
361 7051
361 7186
361 8365
362 565
362 783
362 1615
362 2081
362 2139
362 2428
362 3255
362 6347
362 6400
362 6845
362 6966
362 7896
362 8568
363 874
363 1956
363 2274
363 2369
363 3594
363 3960
363 9622
364 785
364 1204
364 1659
364 2985
364 4709
364 6256
364 6887
364 8399
364 9472
365 1008
365 1308
365 1723
365 4832
365 6017
365 6685
366 748
366 2088
366 4161
366 5471
366 6330
366 6728
366 7255
366 8148
366 8894
366 9776
367 2532
367 2674
367 4021
367 4896
367 5883
367 6388
367 6896
367 8208
367 8818
367 9345
368 1656
368 2989
368 3433
368 3459
368 4232
368 5773
368 8441
369 1724
369 3267
369 4359
369 5736
369 7459
369 9786
370 1027
370 3129
370 3632
370 4677
370 8633
370 9324
370 9608
370 9611
370 9890
371 962
371 1304
371 1713
371 3222
371 5189
371 5975
371 7386
371 8542
372 417
372 2240
372 3239
372 4250
372 5556
372 6333
372 6538
372 6628
372 8457
373 401
373 1990
373 2932
373 5534
373 6277
373 7098
373 8632
373 9117
373 9328
373 9874
373 9949
374 2211
374 2561
374 4483
374 7296
374 8387
375 1358
375 3393
375 3893
375 4631
375 4933
375 6999
375 8303
375 9712
376 963
376 1356
376 1691
376 2658
376 5002
376 6706
376 7518
376 8562
376 8855
376 8920
376 9392
377 1434
377 1518
377 2997
377 3885
377 4312
377 7553
377 8758
378 2303
378 4314
378 7984
378 8047
378 8204
379 607
379 1215
379 1907
379 2273
379 2366
379 4097
379 4299
379 6188
379 7027
379 7054
379 7145
379 7660
379 8369
380 1942
380 2048
380 5114
380 5934
380 6192
380 6299
380 7299
380 8024
380 8532
380 8896
381 471
381 1417
381 3013
381 3050
381 4741
381 5451
381 5836
381 6898
381 7022
381 8982
381 9673
381 9980
382 691
382 2779
382 2963
382 3156
382 6695
382 7792
382 7946
382 8310
383 3525
383 3541
383 4249
383 4260
383 4503
383 5844
383 6192
383 7828
383 9370
384 1873
384 2506
384 2535
384 3151
384 3304
384 3469
384 4016
384 4505
384 5013
384 6722
384 7673
384 8756
384 8887
384 9260
385 832
385 3091
385 5568
385 5909
385 6302
385 6665
385 8043
386 511
386 2699
386 2920
386 4890
386 6726
386 8676
386 8910
386 9082
387 1038
387 1839
387 2953
387 3143
387 3399
387 4045
387 4416
387 6405
387 6417
388 419
388 777
388 1229
388 1718
388 2034
388 2604
388 3277
388 5199
388 5555
388 6676
388 7078
388 8395
389 1337
389 3936
389 4323
389 5962
389 8692
389 9725
390 3949
390 4401
390 4410
390 4773
390 5255
390 5366
390 5887
390 6657
390 7095
390 8128
390 8742
390 9288
390 9443
391 844
391 4378
391 4878
391 5699
391 6038
391 6044
391 6679
391 7121
392 4282
392 5029
392 6063
392 6918
392 9526
393 477
393 2628
393 2728
393 2947
393 3690
393 4486
393 4931
393 5286
393 6086
393 6944
393 8408
393 9192
393 9978
394 2097
394 3193
394 5428
394 7486
394 9416
395 1246
395 1638
395 2667
395 3149
395 6856
395 7403
395 7430
395 8706
395 9269
395 9534
395 9566
396 1344
396 1885
396 2108
396 2237
396 2748
396 4133
396 6601
396 7450
396 9063
397 839
397 1821
397 4133
397 6505
397 6813
397 8652
397 9032
397 9269
397 9283
398 914
398 3576
398 4207
398 5203
398 5964
398 6432
398 6478
398 6767
398 8074
398 8764
398 9218
398 9344
399 1858
399 3963
399 4335
400 1765
400 4676
400 6614
400 7027
400 7370
400 7948
400 9163
401 832
401 974
401 1105
401 2888
401 7849
401 8395
401 8968
401 9470
401 9581
401 9812
402 969
402 1134
402 1773
402 2671
402 3907
402 4522
402 5067
402 5149
402 5491
402 5532
402 7876
402 8353
402 9736
402 9980
403 799
403 1235
403 3696
403 6136
403 6788
403 7772
403 8287
403 9475
404 1305
404 2141
404 2306
404 3259
404 3402
404 3469
404 4416
404 4832
404 5974
404 6659
404 7333
405 3315
405 3779
405 7957
406 2285
406 2639
406 4472
406 4763
406 4925
406 5673
406 6369
406 7271
406 7562
406 7845
406 8412
406 9161
406 9494
407 3165
407 4513
407 6119
407 6609
407 7984
407 8732
408 473
408 667
408 1196
408 1847
408 2879
408 3528
408 5530
408 6928
408 7060
408 7696
408 8464
408 9485
408 9542
409 2295
409 3664
409 4291
409 4657
409 8515
409 9524
410 1931
410 5801
410 7785
410 8281
410 8719
410 8919
410 9081
410 9407
411 1139
411 2037
411 2501
411 3322
411 7343
411 7482
412 1749
412 1981
412 3545
412 4405
412 4411
412 4778
412 4979
412 5400
412 5482
412 8754
412 8886
412 9243
413 3267
413 5657
413 5993
413 6936
413 8950
413 9382
414 1683
414 1947
414 2535
414 3130
414 5604
414 7088
414 7825
414 8924
414 9012
414 9960
415 2169
415 3409
415 3486
415 4809
415 5237
415 5571
415 6649
415 6746
415 7115
415 9624
416 1038
416 1299
416 2471
416 2802
416 3172
416 4124
416 4707
416 6974
417 3084
417 4046
417 4487
417 6649
417 6716
417 7616
417 7925
417 7982
417 8120
417 9191
418 1085
418 1317
418 3160
418 3459
418 3557
418 3743
418 3767
418 4543
418 6122
418 6879
418 8745
418 9535
419 1142
419 2205
419 3462
419 3554
419 4485
419 4640
419 4665
419 5522
419 5730
419 6066
419 6614
419 6866
419 7122
420 779
420 2178
420 3829
420 4257
420 5254
420 7517
420 7582
420 8090
420 8773
420 8775
420 9138
420 9480
421 1796
421 3002
421 3791
421 4190
421 4413
421 5955
421 6961
421 8662
421 9402
422 621
422 2881
422 3257
422 3635
422 5016
422 5826
422 5868
422 6714
422 6995
422 9070
423 1094
423 1204
423 1437
423 4819
423 4918
423 5380
423 5529
423 6017
423 6229
423 6490
423 7195
423 7317
423 8036
423 8987
424 1188
424 2335
424 2476
424 2536
424 3545
424 4768
424 5646
424 6412
424 6627
424 9362
424 9828
425 3619
425 4322
425 5215
425 7003
425 7430
425 7925
425 8117
425 8923
425 9296
425 9894
426 1561
426 1573
426 2985
426 3424
426 3894
426 6740
426 7606
426 9214
426 9360
427 971
427 1998
427 3076
427 3309
427 3999
427 4071
427 4111
427 4911
427 5960
427 6592
427 7036
427 9770
427 9861
428 539
428 609
428 1172
428 1911
428 2472
428 4787
428 5369
428 5858
428 5934
428 6495
428 8808
428 8897
428 9058
428 9202
428 9693
428 9715
429 667
429 753
429 1716
429 1813
429 1969
429 2539
429 5052
429 5433
429 6343
429 7022
429 7469
429 7929
430 694
430 1051
430 2280
430 3688
430 5317
430 7785
430 8519
430 9176
430 9633
431 627
431 1172
431 4350
431 4364
431 4858
431 5246
431 5740
431 9488
431 9581
432 2871
432 2965
432 4202
432 5062
432 5204
432 5283
432 6184
432 6989
432 7320
433 1915
433 1992
433 2197
433 2416
433 4198
433 4249
433 5337
433 6192
433 7532
433 9105
433 9792
434 647
434 2773
434 3154
434 4059
434 4063
434 5030
434 5264
434 5849
434 8113
434 8279
435 3263
435 4353
435 5316
435 7654
435 8272
435 8940
436 2310
436 4108
436 4830
436 5249
436 6526
436 6769
436 7159
436 8243
437 649
437 1374
437 1398
437 5244
437 6372
437 6608
437 6751
437 7395
437 7732
437 8006
437 8232
437 9435
438 1079
438 1368
438 2028
438 3064
438 3560
438 5546
438 6253
438 6341
438 6490
438 7594
438 9602
439 901
439 1310
439 1988
439 2027
439 2428
439 4352
439 5575
439 7328
439 7482
439 9103
439 9497
440 725
440 1656
440 1802
440 2793
440 3569
440 3761
440 3915
440 4796
440 5727
440 7241
440 7516
440 8199
440 9404
441 529
441 2527
441 2975
441 3391
441 5208
441 6479
441 6517
441 7156
441 7368
441 7406
441 7669
441 7702
441 8285
442 1569
442 2459
442 2723
442 3116
442 4007
442 4037
442 4216
442 4586
442 4835
442 5193
442 6681
442 7380
442 7640
442 9455
443 725
443 802
443 6042
443 6628
443 8034
443 9958
444 982
444 1760
444 3079
444 3617
444 7430
444 7598
444 7882
444 8544
444 9466
445 2134
445 2145
445 2636
445 2753
445 4687
445 7689
445 7776
445 8634
445 9598
446 2643
446 2760
446 2959
446 3097
446 4409
446 5097
446 5688
446 6186
446 6656
446 6941
446 8121
446 8176
446 8412
446 8432
446 8919
446 9191
446 9442
446 9802
446 9803
447 569
447 1657
447 7257
447 7375
447 7663
447 8029
447 8079
447 8233
447 8377
447 8653
447 8884
448 466
448 1221
448 1397
448 1504
448 1743
448 2946
448 5909
448 6458
448 7858
449 1302
449 3896
449 4972
449 5271
449 5710
449 7121
449 7240
450 631
450 783
450 786
450 1902
450 3971
450 4866
450 6235
450 6893
450 7324
451 2189
451 3466
451 5271
451 7837
451 8926
451 9657
452 3072
452 3298
452 4509
452 4632
452 5195
452 7879
453 2778
453 3244
453 4352
453 4857
453 5825
453 7045
453 8108
453 9248
453 9515
454 744
454 910
454 1602
454 3810
454 3904
454 4218
454 4243
454 4469
454 4712
454 5241
454 5276
454 5284
454 6503
454 6618
455 2907
455 7756
455 7905
455 9538
456 2488
456 2748
456 7605
456 8284
456 8369
456 9045
456 9530
456 9733
456 9821
457 589
457 1236
457 1887
457 2582
457 2650
457 3975
457 7602
458 638
458 1278
458 1973
458 2668
458 2697
458 3252
458 5439
458 5587
458 5887
458 6042
458 6258
458 6446
458 6526
458 7727
458 8573
458 9142
459 572
459 889
459 3276
459 4869
459 5968
459 6691
459 7117
459 7240
459 7789
459 8514
460 1187
460 1626
460 1715
460 5668
460 6494
460 7996
461 2262
461 5933
461 6564
461 7067
461 8120
461 8163
461 9786
462 1310
462 4294
462 9224
462 9369
463 1025
463 1170
463 2033
463 3716
463 3956
463 7697
464 1459
464 2463
464 2959
464 3949
464 4386
464 5491
464 7451
464 8988
465 705
465 2460
465 2560
465 2788
465 4180
465 4445
465 5811
465 6425
465 6508
465 9960
466 1590
466 2070
466 2281
466 3941
466 4420
466 4933
467 2383
467 5547
467 5924
467 6006
467 7209
467 8108
467 8176
468 689
468 1713
468 1870
468 3815
468 4800
468 5042
468 5566
468 7714
468 9067
469 1199
469 2039
469 2259
469 4471
469 4733
469 4818
469 5305
469 6322
469 6501
469 6575
469 6943
469 8039
470 1357
470 2176
470 2594
470 3445
470 3462
470 3905
470 6715
470 8335
470 8534
470 9196
471 1158
471 3348
471 3493
471 5109
471 5260
471 5392
471 5558
471 8029
471 9233
471 9786
472 536
472 1249
472 1429
472 1823
472 3454
472 7830
472 8308
473 963
473 1420
473 2266
473 4381
473 5496
473 5799
473 7072
473 7334
473 8303
473 8497
473 9491
474 940
474 1472
474 2528
474 3175
474 3740
474 3791
474 5000
474 6407
474 7577
474 9247
475 1178
475 1266
475 1592
475 3047
475 5789
475 6192
475 6534
475 6876
475 7600
475 7627
475 9590
476 1061
476 1268
476 1398
476 3374
476 5852
476 6588
476 7000
476 8024
477 619
477 1807
477 3133
477 3869
477 4534
477 5498
477 7007
477 7515
477 8293
477 8663
477 9044
477 9090
478 1613
478 2548
478 2763
478 3880
478 4730
478 5032
478 5464
478 5551
478 6254
478 8514
478 9207
479 825
479 1608
479 2606
479 2716
479 2978
479 3970
479 4409
479 5808
479 5965
479 6242
479 6379
480 851
480 1630
480 2081
480 5271
480 8539
480 9117
480 9288
481 2318
481 5365
481 5743
481 7738
481 8159
481 8838
481 9647
481 9784
482 576
482 1098
482 1535
482 3502
482 5179
482 5486
482 7016
482 8227
483 1257
483 2532
483 3493
483 4666
483 5516
483 5985
483 6806
483 7043
483 7548
483 7850
483 7899
483 8131
483 8212
483 9259
483 9325
484 1111
484 1117
484 4675
484 4934
484 5345
484 6261
484 6297
484 9048
484 9415
485 1185
485 4466
485 7651
485 7965
485 8007
485 8373
485 8938
485 9554
486 647
486 1752
486 2265
486 3137
486 4202
486 5255
486 9012
486 9615
487 983
487 2017
487 2074
487 2219
487 3135
487 4897
487 5369
487 5698
487 6364
487 6728
487 7017
487 8198
487 8492
488 1697
488 3310
488 5568
488 8384
488 9471
489 1745
489 4506
489 4610
489 5869
489 6362
489 6397
489 7634
489 9155
489 9209
490 778
490 805
490 835
490 2609
490 2959
490 4324
490 5375
490 5697
490 6856
490 7106
490 8346
491 2635
491 4091
491 4335
491 7019
491 8711
491 9616
491 9844
491 9907
492 668
492 3378
492 3399
492 3461
492 5489
492 5537
492 5901
492 7757
492 8240
492 9412
493 622
493 1344
493 2370
493 2636
493 2709
493 3574
493 5736
493 6071
493 6281
493 7555
493 7685
493 8013
493 8719
493 9723
494 552
494 756
494 1557
494 2671
494 4081
494 4656
494 5309
494 6702
494 8367
494 8923
494 9795
495 959
495 2614
495 2622
495 2822
495 4141
495 5279
495 5867
495 8279
495 8307
496 960
496 2589
496 2593
496 3101
496 3168
496 3382
496 4774
496 6071
496 7237
496 7918
496 9317
496 9438
496 9963
497 822
497 919
497 1486
497 1906
497 3842
497 4059
497 4296
497 4720
497 4876
497 4918
497 6749
497 7430
497 7907
497 8796
497 9295
498 544
498 3714
498 4147
498 5147
498 7991
499 530
499 1736
499 4847
499 4999
499 5012
499 8779
499 9303
499 9603
499 9911
500 920
500 2938
500 5015
500 5056
500 6328
500 9258
500 9524
501 647
501 1768
501 3151
501 3240
501 8309
501 9328
502 1496
502 2530
502 4407
502 9263
503 2288
503 4567
503 4596
503 5740
503 6097
503 6801
503 6970
503 7505
503 8054
503 8575
504 631
504 1431
504 1775
504 4954
504 5241
504 6688
504 7599
505 2007
505 2597
505 3973
505 4028
505 4803
505 5017
505 5573
505 8673
505 8684
505 9749
506 846
506 2033
506 4663
506 5593
506 5966
506 6079
506 7115
506 9222
507 2424
507 2870
507 2947
507 3606
507 4807
507 5349
507 6225
507 8198
507 9265
507 9656
508 961
508 1249
508 2217
508 2757
508 2881
508 3493
508 4412
508 5529
508 6023
508 7038
508 7225
508 7887
508 8531
508 8996
508 9966
509 727
509 2445
509 2822
509 4384
509 6964
509 7558
509 8739
509 8949
509 9017
510 1024
510 7686
510 8308
510 8815
511 1243
511 2832
511 3475
511 5534
511 7810
511 8190
511 8217
511 8229
511 8708
511 9802
512 528
512 2684
512 4563
512 5742
512 8265
512 8365
512 9170
512 9254
512 9708
513 2353
513 2841
513 3296
513 3418
513 3567
513 5468
513 6217
513 6735
513 7789
513 8694
513 9501
513 9525
514 699
514 2015
514 2034
514 2827
514 2967
514 3367
514 3849
514 5216
514 5357
514 5662
514 9375
515 2580
515 3851
515 5423
515 5963
515 7350
515 8326
516 3885
516 5702
516 6066
516 6744
516 8847
516 8851
516 9125
517 1102
517 4018
517 7439
517 9390
518 1626
518 2393
518 4099
518 4250
518 4326
518 7082
518 9704
519 851
519 1557
519 1935
519 3405
519 4007
519 4412
519 5326
519 6167
519 8180
520 687
520 985
520 2173
520 3327
520 4410
520 6456
520 6521
520 7227
520 7805
520 8795
521 1112
521 1422
521 2645
521 3333
521 3396
521 4774
521 6188
521 6324
521 8411
522 1063
522 1296
522 1462
522 1766
522 2652
522 3579
522 5373
522 6041
522 6746
522 7249
522 7887
523 912
523 1259
523 2604
523 3998
523 4331
523 5610
523 5829
523 6936
523 7882
524 967
524 2151
524 3071
524 3567
524 3840
524 4254
524 6430
524 9264
524 9288
525 793
525 1246
525 1251
525 5868
525 8008
525 8695
525 8984
525 9983
526 4248
526 4780
526 5610
526 5794
526 6108
526 7735
526 8034
526 8922
526 9428
526 9595
527 1165
527 1668
527 2932
527 4987
527 6383
527 7757
527 8803
527 8860
527 9572
528 3616
528 6820
528 8367
528 8776
528 9186
528 9284
528 9329
528 9729
529 733
529 818
529 2027
529 2165
529 2199
529 2254
529 2266
529 4052
529 5414
529 7645
529 7700
530 560
530 2240
530 2293
530 2764
530 4332
530 5289
530 5685
530 5977
530 6028
530 6225
530 7305
530 8522
530 8682
531 674
531 2112
531 4326
531 4886
531 5696
531 6318
531 7814
531 8341
532 1485
532 1639
532 2256
532 3236
532 3451
532 3958
532 4335
532 5368
532 5600
532 5901
532 6158
532 6479
532 7714
532 8650
532 8898
532 9142
532 9286
532 9649
533 1126
533 2363
533 3807
533 7585
533 7587
533 8243
533 8385
533 8402
533 8704
533 8806
533 9075
533 9110
533 9792
534 1603
534 2067
534 4276
534 4790
534 5015
534 6769
534 9270
534 9411
534 9548
535 2057
535 4892
535 5985
535 8897
536 1670
536 2918
536 3839
536 6512
536 6623
536 7380
536 9231
536 9257
537 1846
537 2177
537 3214
537 3938
537 4006
537 4154
537 6207
537 7691
537 8353
537 9467
538 610
538 2228
538 3528
538 3912
538 9091
538 9152
538 9881
539 3190
539 3721
539 5236
539 5707
539 6593
539 6657
539 6849
539 8725
539 8905
539 9800
540 729
540 3139
540 3261
540 4305
540 4350
540 5859
540 5945
540 6386
540 7640
540 9309
540 9733
541 1665
541 1797
541 2440
541 5721
541 6991
541 7184
541 8251
541 9247
542 1769
542 3360
542 4773
542 5714
542 5917
542 8235
543 1324
543 2805
543 3860
543 3917
543 4731
543 4901
543 6754
543 7005
543 7244
543 7464
543 7493
543 8123
544 970
544 2517
544 2679
544 3170
544 4395
544 6450
544 7167
544 7607
544 9196
545 1198
545 1859
545 5453
545 7807
545 7848
545 8157
545 9177
546 1151
546 1469
546 2068
546 2703
546 4062
546 4553
546 5534
546 5558
546 6296
546 6723
546 8462
547 1060
547 1357
547 1730
547 1944
547 3613
547 6530
547 7857
548 4027
548 4199
548 4440
548 4648
548 4687
548 5117
548 7140
548 7626
548 8333
549 2700
549 2867
549 3597
549 4328
549 4420
549 5714
549 8638
549 8998
549 9509
550 630
550 1242
550 2349
550 3320
550 3734
550 4334
550 4365
550 8061
551 2134
551 2591
551 2732
551 2893
551 3767
551 5815
551 5924
551 6536
551 8908
552 2456
552 2497
552 2537
552 3294
552 4122
552 5877
552 7670
552 8021
552 8943
553 652
553 3048
553 3888
553 4446
553 4911
553 6096
553 6111
553 6274
553 6792
553 6881
553 7352
553 9573
554 1241
554 1351
554 3319
554 6328
554 8409
554 9245
555 1601
555 2507
555 3882
555 4715
555 6922
555 7340
555 7777
555 8232
555 8258
556 1108
556 1146
556 1611
556 2202
556 2804
556 3228
556 5396
556 5496
556 9587
556 9779
557 3212
557 4885
557 6223
557 6630
557 6800
557 8211
557 8369
557 9785
558 1837
558 3161
558 3858
558 6415
558 7864
558 7938
558 7960
558 7980
558 8514
559 1527
559 2448
559 2472
559 2490
559 2575
559 4042
559 4524
559 4577
559 5599
559 7852
559 9020
559 9224
560 659
560 3205
560 3846
560 4309
560 4476
561 2686
561 3781
561 5672
561 6121
561 8684
561 8793
562 754
562 1621
562 2589
562 4268
562 4297
562 5343
562 6432
562 7471
562 8032
562 8678
562 8904
562 9008
562 9197
562 9810
563 1713
563 1997
563 3133
563 4295
563 5657
563 6056
563 6309
563 6314
563 8378
563 9720
563 9784
564 959
564 2157
564 6210
564 6740
564 7914
564 9146
564 9541
564 9945
565 1444
565 1698
565 1983
565 3031
565 3469
565 4454
565 4663
565 4852
565 5728
565 6292
565 6460
565 8529
565 9118
565 9827
565 9971
566 1230
566 2716
566 3879
566 4556
566 5350
566 6145
566 6415
566 6955
566 7706
566 8586
566 8661
566 9186
566 9499
566 9736
566 9992
567 782
567 1817
567 2912
567 2961
567 3988
567 4377
567 5145
568 1496
568 1925
568 6350
569 2219
569 5050
569 5732
569 5910
569 6220
569 6857
569 7798
569 8095
570 1172
570 1596
570 4072
570 4910
570 5332
570 5554
570 6273
570 6696
570 8728
571 844
571 868
571 1432
571 2077
571 3681
571 4036
571 5887
571 5955
571 6255
571 6385
571 6781
571 7661
571 8722
571 9212
571 9767
572 1214
572 1766
572 1873
572 3835
572 4527
572 4541
572 5977
572 6881
572 7161
572 7436
572 7566
572 7661
572 7752
572 8036
572 8490
573 690
573 2398
573 3205
573 5280
573 5885
573 7214
573 7314
573 9360
574 1923
574 3339
574 4808
574 5904
574 6417
574 7090
574 7982
574 9597
574 9623
575 1067
575 1073
575 1134
575 2165
575 2440
575 2662
575 2990
575 3021
575 3437
575 4000
575 4758
575 5563
575 7241
576 1180
576 1597
576 2199
576 3350
576 4721
576 5164
576 6818
576 6859
576 7973
576 8885
576 9302
576 9765
576 9815
577 669
577 984
577 1866
577 6809
577 6862
577 7823
577 8406
577 9796
578 2200
578 2723
578 5142
578 6031
578 7705
578 8839
579 970
579 3032
579 4861
579 6257
579 7124
580 1037
580 1068
580 1314
580 2317
580 2869
580 2922
580 3167
580 3489
580 4723
580 5215
580 5637
580 6298
580 7243
580 8681
580 9404
581 673
581 977
581 1961
581 2222
581 5855
581 5901
581 7958
581 8876
582 1914
582 2753
582 4071
582 6378
582 6395
582 7554
582 7656
582 8659
582 9731
582 9870
583 2327
583 3861
583 4455
583 5274
583 5665
583 6054
583 6058
583 6521
583 9888
584 6679
584 6947
584 8623
584 9067
585 608
585 1183
585 1694
585 3501
585 3595
585 3637
586 1706
586 2427
586 4428
586 4528
586 4862
586 5007
586 8441
586 8812
586 9287
586 9763
586 9783
586 9924
587 1707
587 2205
587 2230
587 6073
587 6808
587 7891
587 9190
588 797
588 842
588 1495
588 2442
588 2784
588 3379
588 3749
588 3919
588 4093
588 4861
588 4920
588 6413
588 8731
589 895
589 2792
589 3257
589 3421
589 5925
589 6133
589 7505
589 8713
589 9041
589 9241
590 2574
590 3549
590 6818
590 7089
590 7360
590 7663
590 7686
590 7768
590 8363
590 9420
590 9851
590 9941
591 839
591 1944
591 2388
591 4305
591 4350
591 4986
591 7003
591 7035
591 7425
591 8901
591 9782
592 1638
592 6829
592 8755
593 599
593 1934
593 3800
593 4554
593 5445
593 6237
593 7606
593 8696
594 1942
594 3601
594 3687
594 6053
594 6263
594 7430
594 8350
594 8476
594 8502
594 9584
594 9743
595 618
595 3016
595 3780
595 3826
595 3983
595 4397
595 4543
595 6299
595 6712
595 8897
595 9450
596 2011
596 2697
596 2750
596 3073
596 3643
596 4495
596 4691
596 8684
596 9338
597 783
597 2039
597 5940
597 9035
597 9735
597 9904
598 723
598 1187
598 1281
598 1610
598 2086
598 8498
598 9464
598 9969
599 1613
599 4250
599 7876
599 9725
600 3610
600 5067
600 6517
600 6723
600 7548
600 8571
601 1944
601 2281
601 2953
601 3066
601 3399
601 4482
601 4618
601 6306
601 8108
601 8595
601 9761
602 752
602 2416
602 7188
602 7967
602 9190
603 1352
603 2552
603 2787
603 3131
603 4592
603 6141
603 7956
603 8885
603 9001
603 9739
603 9828
604 840
604 1060
604 5268
604 8963
605 983
605 1812
605 2223
605 3483
605 4941
605 4989
605 5420
605 6874
605 8571
606 903
606 6594
606 7766
606 8010
607 941
607 3547
607 3961
607 4267
607 4747
607 5676
608 893
608 1442
608 1662
608 1695
608 2437
608 4082
608 6928
608 9074
608 9170
608 9972
609 4366
609 7582
609 8183
609 9549
610 2435
610 3814
610 6471
610 6619
610 9414
611 1999
611 3023
611 3775
611 4971
611 5489
611 5519
611 6477
611 7828
611 8687
611 9079
611 9335
612 787
612 1361
612 1921
612 4160
612 4937
612 5284
612 6256
612 6707
612 9117
612 9752
612 9813
613 843
613 1410
613 1419
613 1799
613 3612
613 4209
613 5830
613 6153
613 6575
613 8102
613 8489
613 8897
613 8994
613 9494
614 1004
614 1320
614 4408
614 4635
614 6081
614 6165
614 7148
614 8867
615 1063
615 2609
615 3538
615 4358
615 4725
615 5760
615 6103
615 7153
615 7759
615 7771
616 776
616 1292
616 1546
616 2013
616 3242
616 4343
616 4408
616 4471
616 6339
616 7427
616 7897
616 8195
616 8607
617 1223
617 1681
617 1753
617 2397
617 2581
617 5758
617 7930
617 8291
617 9733
617 9744
618 1065
618 5533
618 7269
618 7860
618 9082
618 9212
618 9933
619 704
619 1190
619 1398
619 2055
619 2363
619 2432
619 2600
619 2848
619 3898
619 5885
619 9392
619 9733
620 4005
620 5132
620 5853
620 5902
620 6302
620 6327
620 7426
620 8841
620 9224
620 9515
621 2670
621 3327
621 4142
621 4595
621 4608
621 6145
621 6419
621 6499
621 7223
621 7270
621 7303
621 8821
621 9741
621 9994
622 764
622 6950
622 9689
623 4513
623 5595
623 5749
623 6409
623 6645
623 6994
623 9748
623 9870
624 1744
624 2240
624 2385
624 2461
624 2937
624 4195
624 5589
624 6448
624 6598
624 6670
624 7361
624 8512
624 9389
625 747
625 827
625 1124
625 1500
625 2439
625 4661
625 6031
625 7938
626 757
626 985
626 1091
626 1462
626 2331
626 2482
626 2624
626 3144
626 4765
626 4907
626 5084
626 5385
626 5871
626 7668
626 9418
627 2306
627 2426
627 3435
627 5825
627 6171
627 8559
627 9171
627 9379
628 826
628 993
628 1023
628 1123
628 2007
628 2758
628 3160
628 3867
628 4070
628 6841
628 9626
628 9946
629 883
629 1935
629 2184
629 2332
629 2651
629 3362
629 4132
629 4811
629 6900
629 7785
629 8508
629 8804
629 9171
630 1635
630 2803
630 4694
630 7250
630 8827
631 1524
631 2738
631 3623
631 3810
631 5505
631 6389
631 6436
631 7474
631 7741
631 7742
631 8699
631 9344
631 9501
632 702
632 924
632 1073
632 1770
632 5976
632 6229
632 6715
632 6950
632 7206
632 8473
632 8682
632 9592
632 9930
633 1008
633 2827
633 4543
633 5360
633 5673
633 7095
633 7185
633 7419
633 7550
633 8650
633 8863
634 1072
634 3639
634 3823
634 4568
634 5981
634 6526
634 7372
634 7591
634 8626
634 9062
634 9834
635 1372
635 2793
635 3425
635 3457
635 4093
635 7869
635 7891
635 8507
635 8525
636 2236
636 3122
636 4270
636 6890
636 8400
636 9683
636 9790
637 1673
637 1797
637 2313
637 3115
637 4404
637 5594
637 6568
637 8167
637 8965
637 8966
637 9862
638 4172
638 4348
638 4418
638 5431
638 5452
638 7589
638 8699
639 1569
639 2004
639 2132
639 2246
639 3083
639 3204
639 4106
639 4267
639 4834
639 5283
639 5894
639 6866
639 9112
639 9129
639 9304
639 9853
640 1262
640 1992
640 2249
640 5925
640 6564
640 8043
640 8601
640 9646
640 9997
641 1040
641 1636
641 2790
641 3902
641 4020
641 4541
641 4996
641 5413
641 5720
641 6132
641 7154
641 7474
642 1692
642 2917
642 4587
642 5110
642 6605
642 7955
642 8392
642 8966
643 1612
643 1983
643 4413
643 7568
643 8378
643 9440
644 2760
644 2834
644 3121
644 3858
644 4303
644 4619
644 5308
644 5407
644 7112
644 7761
644 7898
644 9114
644 9919
644 9967
645 1613
645 2575
645 3534
645 4498
645 4833
645 5211
645 5611
645 6971
645 8375
645 9598
646 3754
646 5194
646 5718
646 6782
646 7409
646 7719
646 8297
646 8394
646 8910
646 9540
646 9793
647 1129
647 1780
647 2014
647 3672
647 6486
647 6755
647 9118
647 9314
648 1323
648 2510
648 2645
648 4415
648 4853
648 5000
648 6704
648 7633
648 7996
648 8931
648 9020
649 1856
649 2187
649 3726
649 4778
649 5774
649 6550
649 7060
649 7227
649 7236
649 8507
649 9329
650 2658
650 3224
650 3835
650 3957
650 6125
650 7876
650 8910
650 8978
650 9169
650 9909
651 1290
651 1745
651 1796
651 1906
651 2191
651 2343
651 2819
651 3196
651 6874
651 7032
651 7305
651 8457
651 8628
651 9091
651 9648
651 9881
652 2852
652 5014
652 7550
652 7984
652 8152
652 8781
653 1045
653 2212
653 2302
653 2642
653 6108
653 6542
653 7215
653 8006
654 1783
654 2528
654 5710
654 6187
654 6398
655 1431
655 4260
655 4558
655 5730
655 6355
655 6888
655 6969
655 8251
655 8534
655 8974
656 930
656 1047
656 1080
656 1362
656 2774
656 6563
656 6887
656 7877
656 8210
656 8548
656 9694
656 9909
656 9990
657 3092
657 4066
657 4566
657 6468
657 7111
657 7514
657 8756
657 8992
657 9772
658 1177
658 1831
658 2174
658 2647
658 5452
658 5775
658 6809
658 7636
658 7640
658 7908
658 8496
658 9607
659 2809
659 3563
659 4708
659 5225
659 6004
659 6648
659 7201
659 9206
659 9483
660 3008
660 4162
660 4647
660 7785
660 8362
660 8650
660 8908
660 9818
661 3373
661 4152
661 4352
661 4963
661 5547
661 7524
661 9466
662 1201
662 1547
662 4125
662 5372
662 7331
662 8473
662 8580
662 9333
663 1240
663 2640
663 5728
663 5903
663 6959
663 7706
663 8069
663 8949
663 8972
663 9877
664 1448
664 2144
664 4465
664 4661
664 4886
664 5925
664 6201
664 8321
664 9809
665 2393
665 2543
665 2691
665 3056
665 5853
665 6426
665 7566
665 8465
665 8537
665 8872
665 9617
666 1323
666 3126
666 4580
666 4928
666 7761
666 8687
667 891
667 1620
667 2461
667 3115
667 3255
667 3454
667 5124
667 5493
667 5909
667 6106
667 7528
667 8568
667 8599
668 1424
668 1617
668 2494
668 2857
668 5168
668 5212
668 7483
668 8540
668 9963
669 1058
669 1922
669 2987
669 3181
669 3511
669 4846
669 4928
669 6411
670 1212
670 1639
670 4339
670 4413
670 5688
670 7119
670 7249
670 9932
671 1486
671 1764
671 1896
671 2003
671 3816
671 7267
671 8950
672 1133
672 1618
672 2378
672 3009
672 4496
672 4603
672 6735
673 856
673 1631
673 2717
673 3106
673 3274
673 4041
673 4541
673 4718
673 6894
673 7796
673 8330
674 1043
674 1044
674 1346
674 1529
674 2892
674 3455
674 4589
674 5139
674 6890
675 1031
675 1942
675 2256
675 2356
675 2687
675 5915
675 7252
675 7852
675 8628
675 9188
676 2214
676 2739
676 2846
676 3494
676 3709
676 3905
676 4570
676 6756
676 8520
676 9056
676 9746
677 2327
677 6285
677 7054
677 7102
677 7636
677 7741
678 2942
678 3133
678 6782
678 7093
678 9094
678 9247
679 697
679 2071
679 3106
679 3416
679 7107
679 7119
679 7271
680 2129
680 2319
680 3114
680 3552
680 5791
680 6042
680 7353
680 9320
680 9998
681 790
681 1070
681 2147
681 2353
681 2398
681 2663
681 4422
681 8248
681 8847
681 9871
682 1175
682 2037
682 2571
682 2872
682 3377
682 3523
682 5470
682 6237
682 8065
682 8246
682 8765
682 9461
683 1158
683 2456
683 2727
683 3270
683 4050
683 4285
683 4574
683 4620
683 4642
683 4754
683 6742
683 6821
683 6881
683 7747
683 8258
683 8455
683 9050
684 821
684 2882
684 3186
684 7582
684 8500
685 859
685 2994
685 3058
685 3647
685 4294
685 4679
685 4866
685 5041
685 5243
685 5808
685 6071
685 8781
685 9316
685 9552
686 1624
686 2744
686 2876
686 3161
686 3738
686 3740
686 3869
686 4453
686 4603
686 5129
686 5541
686 6157
686 7344
686 8295
687 1852
687 3560
687 4893
687 4948
687 5337
687 5931
687 7461
687 7473
687 8711
687 9400
687 9402
688 1092
688 1203
688 1218
688 1365
688 5295
688 6557
688 6886
688 8832
688 9230
688 9970
689 982
689 2763
689 3193
689 6396
689 7079
689 7783
689 8481
689 9906
690 1924
690 3443
690 4468
690 4643
690 5126
690 5270
690 7680
690 8165
690 9157
691 2049
691 2456
691 2825
691 4306
691 5502
691 6388
691 6839
692 1427
692 4040
692 5744
692 5920
692 7057
692 8274
693 1143
693 2201
693 2236
693 2407
693 3718
693 4562
693 4854
693 5659
693 7219
693 8796
694 2112
694 3031
694 3243
694 5477
694 6871
694 7104
694 8033
694 8974
695 2813
695 3579
695 3778
695 3838
695 4204
695 4449
695 4565
695 5727
695 6362
695 8259
695 8702
695 8746
695 9166
696 722
696 797
696 1194
696 1310
696 1834
696 4725
696 5160
696 6313
696 9946
697 1029
697 1030
697 2495
697 4399
697 4921
697 6940
697 7481
697 7912
697 9374
697 9518
697 9762
697 9875
698 1477
698 2747
698 5358
698 6566
698 9365
698 9450
698 9964
699 790
699 931
699 2275
699 2708
699 3803
699 4109
699 4556
699 4940
699 5678
699 5818
699 5929
699 7720
700 825
700 1243
700 1769
700 4545
700 4560
700 5389
700 5631
700 5744
700 6791
700 9042
701 1994
701 3247
701 3796
701 4073
701 4593
701 5824
701 8629
702 1176
702 2939
702 4688
702 5042
702 5318
702 6644
702 7023
703 3376
703 8938
703 9421
703 9711
703 9957
704 1512
704 4340
704 5522
704 7457
704 7503
704 8581
704 8790
704 8912
704 9375
705 836
705 2805
705 5657
705 7886
705 8350
706 737
706 771
706 4595
706 4694
706 4981
706 5207
706 5912
706 6377
706 6967
706 7046
706 8610
706 9468
707 1162
707 1697
707 1958
707 3230
707 4926
707 7475
707 7587
707 8557
707 9262
707 9293
708 1577
708 3374
708 3478
708 3857
708 5157
708 6847
708 7190
708 7837
708 9060
709 1022
709 1251
709 1585
709 2441
709 3023
709 3782
709 5504
709 6520
709 6623
709 9430
710 1044
710 1313
710 1417
710 2582
710 3092
710 3681
710 5794
710 5919
710 6625
710 8829
711 1603
711 1637
711 2630
711 5163
711 6257
711 7710
711 8953
712 733
712 4096
712 4101
712 4139
712 4189
712 4478
712 4620
712 5196
712 5304
712 5403
712 6382
712 7006
712 8057
713 2065
713 2816
713 7969
713 8093
713 8982
714 2620
714 2879
714 3015
714 3937
714 7446
714 8201
714 9151
714 9311
715 3773
715 5642
715 6469
715 7496
715 8902
716 4116
716 6704
716 7103
716 7772
716 7964
717 1761
717 4769
717 4786
717 4940
717 5374
717 7708
717 8016
717 8502
718 1462
718 2110
718 3662
718 4233
718 4963
718 5569
718 8224
718 8864
719 2248
719 2474
719 3267
719 3392
719 3911
719 5906
719 7174
719 8357
720 770
720 981
720 1781
720 3741
720 7406
720 7939
720 8509
720 9654
721 1123
721 1395
721 5049
721 5107
721 5705
721 6503
721 7088
721 7607
721 7823
721 8209
721 8782
721 9830
722 2596
722 3296
722 4036
722 4851
722 5810
722 6357
722 6955
722 7081
722 8149
723 793
723 908
723 3205
723 4431
723 5032
723 5037
723 5839
723 6704
723 9085
723 9115
723 9324
724 906
724 1931
724 5635
724 5879
724 6433
724 6671
724 8719
724 8766
725 2553
725 2667
725 3263
725 4199
725 6388
725 6773
725 6793
725 7551
725 7770
725 7972
725 8058
725 8307
725 8920
725 9148
725 9250
726 3392
726 5534
726 5782
726 8623
726 9011
726 9513
726 9514
727 2033
727 5597
727 7727
727 9167
727 9441
728 4633
728 4966
728 5318
728 6731
728 6785
729 1191
729 1282
729 2104
729 2337
729 2872
729 4988
729 5591
729 7550
729 7600
729 8881
729 9330
729 9372
729 9977
730 796
730 1022
730 1415
730 1970
730 3711
730 3937
730 5742
730 6181
730 9847
731 2593
731 3000
731 4541
731 5709
731 8884
731 9224
731 9826
731 9957
732 2623
732 4122
732 4973
732 4977
732 5739
732 6230
732 6237
732 7357
732 8353
733 1173
733 1614
733 1958
733 2165
733 2443
733 2724
733 3497
733 3741
733 3925
733 4672
733 6221
733 8005
733 9748
734 984
734 1077
734 2871
734 3843
734 8818
735 2247
735 3825
735 3948
735 4249
735 4550
735 5519
735 5724
735 7093
735 8397
736 1017
736 1923
736 2245
736 2544
736 3947
736 4479
736 5157
736 6926
736 9276
737 2320
737 2460
737 3314
737 4255
737 4370
737 4459
737 4660
737 5187
737 7908
737 8807
737 9676
738 1153
738 2871
738 3550
738 3996
738 4102
738 4684
738 5152
738 6053
738 7503
738 7627
738 7907
738 8515
739 1142
739 2162
739 3257
739 4825
739 6041
739 7491
739 8558
739 8814
739 9211
739 9224
740 1918
740 2711
740 5046
740 5740
740 8166
740 8650
740 8999
740 9443
741 1664
741 2884
741 3236
741 3424
741 5251
741 6409
741 9258
741 9799
742 790
742 1351
742 4654
742 4923
742 5939
742 8020
742 8087
742 9601
743 2286
743 2303
743 5445
743 6462
743 6829
743 8217
743 8614
744 804
744 1236
744 1605
744 1711
744 2197
744 2813
744 3191
744 4907
744 5162
744 5473
744 5943
744 7790
744 8409
744 9587
744 9602
745 773
745 975
745 4184
745 4251
745 5255
745 5638
745 7708
745 7940
745 8024
745 9823
746 1194
746 3146
746 5882
746 6823
746 6888
746 8530
746 9814
746 9858
747 1731
747 3599
747 4677
747 5408
747 6570
747 6606
747 6950
747 7963
747 8880
747 9103
747 9807
748 1813
748 2991
748 4461
748 4497
748 5311
748 5773
748 6936
748 8627
748 8636
749 1649
749 2532
749 2550
749 3725
749 4108
749 4884
749 6079
749 8129
749 9571
749 9597
750 1155
750 1619
750 1814
750 3537
750 3755
750 4486
750 5808
750 5987
750 6084
750 6596
750 7527
750 8738
750 8828
750 9110
750 9308
751 875
751 3555
751 3956
751 5560
751 6333
751 6490
751 6773
751 7261
751 8395
751 8858
751 9565
751 9978
752 1752
752 2452
752 3315
752 4036
752 5386
752 5970
752 7341
752 9205
752 9869
753 2126
753 2742
753 2945
753 3108
753 7026
753 7454
753 7996
753 8066
754 2184
754 4387
754 5690
754 5815
754 6274
754 7992
755 4637
755 4806
755 5016
755 6352
755 6609
755 6787
755 7167
755 9306
756 1281
756 1348
756 1610
756 2607
757 816
757 1065
757 1898
757 2104
757 2789
757 5431
757 7136
757 8553
757 8734
757 9330
757 9891
758 1386
758 2047
758 2664
758 3841
758 3971
758 4108
758 4706
758 5638
758 5639
758 6740
758 6768
758 6972
758 7983
759 3465
759 4060
759 4147
759 4183
759 5032
759 5040
759 6345
759 8096
759 8560
759 8789
759 9912
760 1180
760 2254
760 4091
760 5549
760 6995
760 8377
760 8929
761 1446
761 3208
761 4227
761 4840
761 6005
761 7274
761 7641
761 7819
762 1489
762 2836
762 3928
762 6373
762 6942
762 7912
762 9422
762 9493
762 9749
763 768
763 3557
763 7200
763 7273
763 7935
763 9080
763 9657
764 1541
764 6134
764 8289
765 1019
765 1615
765 7139
765 7712
765 7750
765 8707
766 2023
766 2402
766 5927
766 6465
766 6549
766 6710
766 7147
766 7209
766 7416
766 8814
766 9155
767 1313
767 3405
767 5226
767 7186
767 7903
767 7915
767 8609
767 8753
768 919
768 1388
768 1631
768 8924
768 9702
769 1224
769 2391
769 3507
769 3943
770 1159
770 1934
770 2674
770 3621
770 3873
770 4354
770 5705
770 6099
770 6588
770 8068
770 9858
771 2632
771 3795
771 4840
771 5785
771 6100
772 1004
772 3186
772 4578
772 6576
772 7195
772 8281
773 1483
773 1665
773 2021
773 2843
773 4402
773 6744
773 7675
773 8098
773 9297
773 9620
774 3328
774 4122
774 4501
774 6410
774 6859
774 7290
774 8052
774 8266
774 8905
774 9266
774 9378
775 986
775 1736
775 2858
775 6089
775 9027
775 9701
776 1345
776 4235
776 4963
776 5048
776 5885
776 6122
776 6605
776 8656
776 9164
776 9231
776 9329
777 1113
777 1328
777 1449
777 3287
777 3994
777 6329
777 6583
777 8986
777 9974
778 963
778 1607
778 1642
778 1935
778 2613
778 3672
778 4896
778 5132
778 6347
778 6848
778 7177
778 9052
779 3937
779 4180
779 4509
780 1323
780 3381
780 4695
780 6421
780 6633
780 7861
780 8042
780 8400
780 8635
780 9684
780 9892
781 1511
781 3183
781 3596
781 5702
781 6007
781 6934
781 8286
781 8886
781 9026
781 9231
781 9413
782 2902
782 3234
782 3701
782 4948
782 5603
782 5690
782 5842
783 791
783 1491
783 1861
783 1936
783 2267
783 2760
783 5573
783 5619
783 6184
783 6800
783 7414
783 9558
784 1425
784 1687
784 2754
784 3113
784 3470
784 3712
784 4292
784 4345
784 5175
784 5571
784 6523
784 6952
784 7786
784 8004
785 1932
785 2769
785 5184
785 6529
785 6616
785 7557
785 9109
786 955
786 2060
786 2207
786 3625
786 7986
786 9823
787 2118
787 3307
787 4864
787 5197
787 5419
787 5869
787 9045
787 9307
787 9370
788 879
788 1063
788 1269
788 1503
788 3008
788 5344
788 6315
789 3679
789 4804
789 6260
789 6641
789 6851
789 7632
789 9669
790 1045
790 2983
790 3706
790 4419
790 5404
790 6694
790 7043
790 7746
790 8202
791 1064
791 1798
791 4382
791 4525
791 4866
791 5242
791 6288
791 7820
791 8315
791 8784
791 8980
791 9464
792 921
792 1828
792 2088
792 6002
792 6144
792 7800
792 8692
792 8837
792 9375
793 1229
793 1848
793 5843
793 6141
793 6312
793 7906
793 9036
793 9285
794 842
794 1776
794 3465
794 4932
794 5489
794 5703
794 6161
794 6683
794 7046
794 7126
794 9754
795 1292
795 2398
795 2759
795 4530
795 4598
795 5068
795 5378
795 8022
795 8541
795 8692
795 9908
796 877
796 977
796 1258
796 3930
796 4302
796 4433
796 5160
796 5216
796 5670
796 5686
796 6993
796 7673
796 8557
796 9192
797 950
797 1072
797 1635
797 1782
797 1844
797 6527
797 7124
797 9042
797 9525
798 2569
798 4986
798 6716
798 7426
798 7530
798 8090
798 9449
799 1631
799 1941
799 3074
799 3234
799 3708
799 4074
799 5754
799 5841
799 9753
800 1267
800 3007
800 6170
800 6828
800 8987
801 1955
801 3137
801 3336
801 5159
801 7465
801 7529
801 7833
801 8395
802 1474
802 2249
802 2395
802 5277
802 5431
802 5526
802 6836
802 9228
803 958
803 1788
803 1812
803 2391
803 2606
803 3192
803 4733
803 7516
803 7680
803 8680
803 9332
804 1253
804 1843
804 3154
804 3511
804 3539
804 4075
804 5174
804 6961
804 8990
805 4085
805 4394
805 4439
805 4728
805 4754
805 4765
805 5494
805 5724
805 8525
806 2465
806 2647
806 2817
806 3523
806 4999
806 5354
806 7090
806 7810
806 8627
806 9411
807 2560
807 3301
807 3821
807 4086
807 4135
807 4587
807 7006
807 7636
807 7891
807 9088
807 9225
807 9702
808 1308
808 2035
808 2647
808 3487
808 3781
808 5041
808 7401
808 7688
808 8550
808 8827
808 9102
808 9180
809 1907
809 1990
809 2989
809 3967
809 4088
809 4758
809 4908
809 6278
809 6869
809 7776
809 8922
809 9853
810 907
810 1963
810 2042
810 5127
810 6687
810 7611
810 8138
810 9044
811 1743
811 1976
811 3163
811 3281
811 3908
811 5503
811 5563
811 6279
811 8564
811 9034
812 1304
812 2816
812 2924
812 4643
812 5160
812 7463
812 9346
813 2944
813 4142
813 4249
813 5980
813 7253
813 9215
814 2017
814 5014
814 5612
814 7434
814 7719
814 7994
815 2914
815 2998
815 3467
815 3618
815 3971
815 5258
815 5763
815 6150
815 6849
815 7074
815 9037
816 962
816 2154
816 3792
816 4367
816 5581
816 5986
816 6125
816 6148
816 6496
816 6583
816 7682
816 9325
817 1373
817 1645
817 2245
817 5965
817 6321
817 6754
817 8121
817 8371
817 8834
818 2946
818 3503
818 5704
818 6362
818 7526
818 7930
818 8685
818 9573
819 6490
819 7266
819 9225
819 9479
820 1022
820 1598
820 2230
820 2665
820 2683
820 2992
820 3531
820 3978
820 4567
820 5982
820 6397
820 8032
820 9693
821 1521
821 2400
821 6460
821 6542
821 9742
821 9846
821 9915
822 2143
822 2449
822 2650
822 2689
822 4460
822 5160
822 5658
822 6846
822 6900
822 8723
822 9906
823 1409
823 1741
823 2405
823 2665
823 2920
823 3064
823 3239
823 4246
823 4247
823 5135
823 6853
823 8836
824 3608
824 4613
824 5599
824 5914
824 6763
824 7258
824 7992
824 8160
824 8197
824 9868
825 1425
825 3693
825 5730
825 6173
825 6196
825 6538
825 6676
825 7026
825 7063
826 1811
826 2143
826 2532
826 2682
826 6414
826 9621
827 2759
827 4107
827 7985
827 8959
828 2344
828 2453
828 3417
828 3558
828 7325
828 8675
828 9010
828 9226
829 3651
829 3688
829 4772
829 5185
829 5292
829 7121
829 8590
830 1028
830 4070
830 4781
830 4968
830 5011
830 6285
830 6389
830 8878
831 1448
831 5930
831 6403
831 6521
831 8107
831 8348
831 9702
831 9986
832 1166
832 2660
832 2670
832 7171
832 7521
832 8761
833 1841
833 2926
833 4178
833 4382
833 4442
833 4564
833 5596
833 6049
833 6187
833 6752
833 8289
833 8861
834 1139
834 1555
834 1560
834 2089
834 2271
834 3054
834 3338
834 6190
834 6936
834 7759
834 8680
834 9022
834 9092
834 9864
835 996
835 1549
835 2803
835 3662
835 4280
835 4354
835 8674
835 8675
835 9297
836 3199
836 3380
836 3710
836 4270
836 4583
836 5656
836 7577
837 1012
837 1319
837 3680
837 5339
837 5777
837 6429
837 6727
837 7583
837 8514
837 9209
838 1494
838 4590
838 5092
838 5390
838 5950
838 5975
839 4360
839 4581
839 6763
839 7591
839 8055
839 8089
840 927
840 2755
840 4564
840 5437
840 6376
840 6413
840 8870
840 9870
841 2667
841 6689
841 9880
842 1300
842 1537
842 4544
842 4885
842 5237
842 5286
842 5651
842 6515
842 9573
843 2647
843 4042
843 4311
843 5479
843 5985
843 7631
843 7782
843 8772
844 878
844 1028
844 2011
844 2376
844 2871
844 3173
844 3795
844 4408
844 4967
844 5607
844 6027
844 9872
845 2233
845 2702
845 3560
845 4333
845 4845
845 4975
845 5391
845 6757
845 6859
845 7647
845 8692
846 1766
846 3814
846 4899
846 8394
846 9957
847 1543
847 1968
847 4156
847 5157
847 6097
847 6498
847 6811
847 7372
847 7819
847 8635
847 8815
847 9605
847 9855
848 2852
848 2998
848 3535
848 5248
848 6774
848 8077
848 8170
848 9050
849 2417
849 2494
849 3029
849 3614
849 5831
849 7308
849 7549
849 8215
849 8727
849 9170
850 927
850 1479
850 2605
850 4148
850 4526
850 5104
850 5956
850 6783
850 7285
850 7551
850 7902
850 7916
850 8161
850 8630
850 9518
851 1826
851 1970
851 2711
851 4336
851 6432
851 7035
851 8180
851 8287
851 8383
852 2675
852 2871
852 3031
852 3771
852 4078
852 4343
852 4463
852 5720
852 7174
852 8244
852 9571
853 2411
853 2545
853 3064
853 3293
853 3460
853 4476
853 5027
853 5077
853 6068
853 6681
853 8787
853 9635
853 9718
854 890
854 1401
854 1707
854 1807
854 2383
854 2494
854 4536
854 4945
854 6554
854 7477
854 8383
854 8501
854 9238
855 2453
855 2538
855 4204
855 5399
855 6978
856 876
856 1121
856 2010
856 3438
856 3622
856 3871
856 3926
856 4504
856 5605
856 5970
856 6138
856 6362
856 6881
856 7105
856 8047
856 8164
856 9116
856 9637
856 9806
857 7721
857 8648
857 9188
857 9781
857 9938
858 2951
858 4479
858 5717
858 6553
858 6758
858 8664
858 9199
859 876
859 1067
859 2475
859 2680
859 3103
859 6517
859 7701
859 8084
859 8922
859 9280
859 9494
860 1996
860 3507
860 3621
860 3975
860 5052
860 7451
860 8592
861 1777
861 3235
861 4547
861 4550
861 6299
861 7938
861 7967
861 8369
862 2408
862 3588
862 4533
862 4913
862 5336
862 6551
862 6818
862 9030
862 9667
863 1975
863 2400
863 2512
863 2677
863 3212
863 6517
863 7716
863 7986
863 8335
863 9292
863 9518
863 9736
864 1253
864 2374
864 2436
864 4128
864 5392
864 7124
864 7724
864 9764
865 1217
865 1672
865 2178
865 2409
865 3338
865 3493
865 3702
865 3830
865 4572
865 5538
865 6364
865 7555
865 7713
865 9301
865 9466
865 9891
866 998
866 1653
866 1970
866 2181
866 3105
866 3880
866 4484
866 5944
866 6078
866 6402
866 6637
866 8094
866 9175
866 9472
866 9988
867 997
867 2054
867 2421
867 3809
867 3815
867 8141
867 8315
867 8749
868 3774
868 3776
868 7072
868 7931
868 8078
868 8597
868 9966
869 909
869 1251
869 3282
869 3936
869 3944
869 4892
869 6278
869 6754
869 9098
869 9653
869 9714
870 1980
870 2972
870 5294
870 7164
870 8355
871 897
871 2270
871 2479
871 3993
871 4373
871 5363
871 5371
871 6635
871 8879
872 2017
872 2137
872 6183
872 7809
872 7997
872 8342
872 8763
873 2461
873 2652
873 4232
873 4542
873 5208
873 6770
873 7448
874 1388
874 4958
874 6029
874 6170
874 6708
875 2374
875 3633
875 4197
875 5154
875 7169
875 7178
875 7998
875 8972
876 1510
876 1632
876 2169
876 2708
876 2718
876 4114
876 4214
876 7215
876 7758
876 7862
876 9328
877 996
877 1556
877 1698
877 4353
877 4940
877 5309
877 5700
877 9147
877 9398
877 9660
878 986
878 1130
878 1405
878 1445
878 2111
878 3676
878 7177
878 7346
878 7792
879 1132
879 2313
879 4786
879 6148
879 7024
879 8877
879 9118
880 2966
880 3358
880 4058
880 4111
880 4699
880 6366
880 8748
881 1038
881 2342
881 2495
881 2545
881 4120
881 4605
881 5500
881 5520
881 5567
881 7974
881 8589
881 9305
881 9504
881 9954
881 9993
882 1442
882 3098
882 4599
882 5227
882 5687
882 9346
882 9855
883 1332
883 1535
883 1624
883 1840
883 1851
883 5697
883 6048
883 7276
883 7922
883 8008
883 9973
884 896
884 2281
884 2361
884 2599
884 2659
884 3195
884 5857
884 6270
885 2059
885 3535
885 3784
885 4498
885 5067
885 5211
885 6826
885 7387
885 7561
885 7655
885 8228
885 8700
885 8992
886 1960
886 2253
886 2795
886 4778
886 4840
886 5908
886 6843
886 7167
887 2983
887 3484
887 4135
887 4294
887 5554
887 5775
887 6320
887 7211
887 9565
888 1149
888 2113
888 2562
888 4139
888 5504
888 6798
888 7512
888 8187
888 9406
888 9881
889 1360
889 1375
889 2784
889 3944
889 4441
889 8053
889 8058
890 2061
890 2242
890 2991
890 3359
890 4940
890 6109
890 6314
890 6883
890 7197
890 8401
890 8627
890 8881
890 9102
890 9317
890 9356
891 1517
891 1826
891 2376
891 3003
891 4324
891 6843
891 7190
891 7515
891 7791
891 8215
891 9492
892 955
892 1542
892 1681
892 1957
892 2101
892 2152
892 2288
892 2638
892 3349
892 4296
892 8333
892 9418
893 2610
893 3421
893 5799
893 5916
893 9399
893 9617
894 1624
894 2098
894 2923
894 3835
894 4708
894 4940
894 5672
894 6121
894 6187
894 6319
894 6703
894 8125
894 8465
894 8683
895 2333
895 3946
895 6347
895 7594
895 7752
895 8282
895 8819
895 9116
896 1104
896 2168
896 2687
896 3635
896 5563
896 7189
896 7939
896 8339
896 8938
896 9757
896 9794
897 2159
897 3035
897 3602
897 5231
897 6090
897 6681
897 7492
897 7744
897 8271
898 964
898 1030
898 1864
898 2386
898 2757
898 6270
898 6780
898 7715
898 8328
899 2869
899 6603
899 6902
899 7269
899 7487
899 7689
899 8415
900 2156
900 5043
900 5912
900 6845
900 7216
900 7577
900 8446
900 8474
900 9679
901 1077
901 1270
901 1912
901 3505
901 4297
901 5993
901 8782
901 8965
901 9115
901 9701
902 1187
902 1609
902 2220
902 4359
902 4905
902 5186
902 6818
902 7520
902 7839
902 9768
903 1378
903 1539
903 2116
903 4015
903 4172
903 5242
903 5461
903 7043
903 9430
903 9524
903 9707
904 1140
904 1613
904 2397
904 2812
904 4423
904 5904
904 7271
904 8028
904 8400
904 8493
905 1487
905 4500
905 4601
905 5220
905 7566
905 8311
906 3790
906 5048
906 5243
906 7259
906 8211
906 9294
906 9299
907 4068
907 4328
907 6317
907 7176
907 7673
907 8730
907 8866
908 1019
908 2326
908 3223
908 3601
908 5146
908 6972
908 8639
908 8835
908 8905
909 1725
909 2325
909 4294
909 6841
909 8767
909 9927
910 2925
910 3864
910 4314
910 4848
910 5255
910 5288
910 7528
910 8871
911 6462
911 6507
911 8107
912 1424
912 1824
912 1831
912 2777
912 4219
912 7039
912 7783
912 8058
913 1080
913 2688
913 4355
913 4502
913 4607
913 5697
913 7090
913 7549
913 7748
913 7788
913 8159
913 8310
913 8574
913 8869
913 9333
913 9451
914 1232
914 2193
914 4120
914 4193
914 6254
914 8248
914 8535
914 9132
914 9926
915 1119
915 1879
915 4996
915 6052
915 8589
916 983
916 1576
916 2297
916 2845
916 3586
916 4009
916 4154
916 4642
916 5183
916 5380
916 5908
916 6111
916 6396
916 8058
916 9993
917 1347
917 1391
917 1432
917 2947
917 3027
917 3071
917 4352
917 5737
917 6214
917 7447
917 7747
917 7769
917 8786
918 1686
918 2164
918 5070
918 9240
919 1777
919 2044
919 3443
919 4272
919 4783
919 4926
919 6258
919 6601
920 1125
920 2706
920 3055
920 4107
920 4274
920 4674
920 5743
920 7814
920 9136
920 9307
921 1329
921 1470
921 2031
921 2133
921 3190
921 4093
921 5378
921 5911
921 6474
921 6918
921 8080
921 9289
922 2562
922 2745
922 3588
922 6060
922 7539
922 9086
923 2208
923 2887
923 3136
923 3222
923 3514
923 4097
923 4406
923 4890
923 5100
923 7096
923 9110
923 9356
923 9779
924 1124
924 3048
924 3107
924 6303
924 7353
924 7571
924 8474
924 9935
924 9960
925 940
925 3925
925 5022
925 5890
925 8497
925 8723
925 8923
925 9403
925 9506
926 932
926 1637
926 1639
926 4314
926 4795
926 5574
926 6948
926 7724
926 8214
926 9142
927 4169
927 5218
927 5329
927 5466
927 6039
928 1233
928 9111
928 9300
929 930
929 1056
929 1352
929 1514
929 1627
929 1695
929 3109
929 5148
929 6776
929 6974
929 7261
929 7756
929 8379
929 8727
929 9532
930 1827
930 3237
930 3518
930 3644
930 3795
930 4427
930 4491
930 4958
930 6072
930 8456
931 1086
931 2000
931 2559
931 2880
931 3200
931 5697
931 6209
931 6391
931 7317
931 8464
931 9221
932 1130
932 1917
932 2194
932 2556
932 2690
932 2735
932 4327
932 6076
932 8174
932 9334
933 1274
933 1475
933 1484
933 2529
933 3095
933 3395
933 3408
933 3875
933 4249
933 5346
933 6987
933 7265
933 7510
933 8111
933 9154
933 9316
933 9455
934 2696
934 3250
934 3594
934 4816
934 4893
934 5422
934 6985
934 6995
934 8129
934 8257
935 1307
935 3178
935 4962
935 5166
935 5831
935 7140
935 7234
935 7464
936 1591
936 2461
936 2471
936 5377
936 5926
936 6911
936 7833
936 8305
936 9930
936 9950
937 996
937 1129
937 1321
937 8064
937 9174
938 1751
938 3148
938 3388
938 4163
938 4742
938 8038
938 8992
938 9352
939 1584
939 3297
939 3348
939 5485
939 7849
939 8075
939 8699
940 3002
940 3217
940 3586
940 4450
940 5100
940 6718
940 8836
941 1448
941 3610
941 3680
941 3735
941 4099
941 4650
941 5925
941 6483
941 7106
941 8089
941 9200
941 9232
941 9525
942 2138
942 3755
942 4540
942 5604
942 5608
942 5650
943 1914
943 3204
943 6204
943 9401
944 1090
944 1323
944 1386
944 4211
944 4938
944 5490
944 5907
944 6594
944 6741
944 7470
944 8034
944 9152
945 1442
945 2639
945 2694
945 2723
945 3607
945 4341
945 5672
946 1539
946 1564
946 4091
946 4322
946 4446
946 5132
946 5564
946 6599
946 6937
946 7061
946 8016
946 8536
946 9405
946 9464
946 9670
946 9810
946 9953
947 1457
947 5710
947 5732
947 5775
947 6560
947 6772
947 9130
947 9898
948 1748
948 2835
948 4588
948 5804
948 6060
948 7408
948 8024
948 8866
948 9762
949 2356
949 5651
949 6154
949 7383
949 9780
950 1754
950 2359
950 2623
950 3530
950 4779
950 4961
950 5177
950 5436
950 5648
950 6403
950 6745
950 6921
950 7632
950 8637
950 9037
951 3200
951 4799
951 6103
951 6560
951 7764
951 8129
951 8238
951 8903
951 9333
952 1703
952 2026
952 2643
952 3478
952 4820
952 5207
952 5242
952 7003
952 7760
952 7957
952 9029
952 9049
952 9637
953 993
953 2084
953 2548
953 3784
953 4021
953 4144
953 4162
953 4777
953 5327
953 5867
953 6973
953 7118
953 7883
953 8924
953 9895
954 1816
954 2302
954 2550
954 2667
954 2769
954 3008
954 4564
954 4579
954 5018
954 5866
954 5913
954 6857
955 1913
955 4195
955 5699
955 5922
955 5984
955 7225
955 8049
955 9915
956 1682
956 3646
956 4766
956 5404
956 5522
956 5898
956 6081
956 6782
956 7235
956 8054
956 8660
957 1068
957 1491
957 2099
957 2552
957 3053
957 3067
957 3564
957 5115
957 6988
957 7306
957 8890
957 9269
957 9279
957 9798
957 9859
958 2426
958 2588
958 3717
958 8462
958 9421
958 9552
959 2696
959 5271
959 6206
959 7336
959 8808
959 9847
960 1385
960 3080
960 3248
960 4068
960 4098
960 4441
960 6008
960 6599
960 7804
960 9689
961 2467
961 3634
961 4572
961 4758
961 6563
961 6617
961 6768
961 9427
962 2424
962 2641
962 3185
962 3625
962 3941
962 4595
962 5263
962 6810
962 7862
962 9827
963 2980
963 3744
963 4134
963 4857
963 6353
963 7439
963 7780
963 9863
964 1431
964 3550
964 4241
964 4992
964 5196
964 7560
964 7704
964 8064
964 8404
964 9377
964 9454
964 9478
964 9646
964 9670
965 2066
965 3603
965 5045
965 9112
965 9292
965 9835
966 1580
966 1988
966 2384
966 2648
966 2962
966 3492
966 5923
966 6795
966 7271
966 7373
966 8053
966 8541
966 9069
966 9396
967 2224
967 2252
967 3163
967 4254
967 5264
967 5747
967 6627
967 7080
967 7092
967 8960
967 9202
968 3027
968 3037
968 3147
968 3631
968 3823
968 4052
968 4240
968 4843
968 5126
968 8167
968 9390
968 9761
969 1289
969 1397
969 1906
969 2636
969 5383
969 7144
969 7580
969 7871
969 7949
969 8970
969 9855
970 1700
970 2729
970 3118
970 4854
970 5781
970 6496
970 6929
970 7339
970 7580
970 8227
970 8394
971 1099
971 1637
971 3036
971 3583
971 4063
971 6471
971 7882
971 8218
971 9049
971 9701
972 1335
972 1451
972 3035
972 3322
972 3668
972 3670
972 4488
972 4736
972 5502
972 5984
972 6066
972 6711
972 8199
972 9167
972 9537
973 2493
973 3162
973 3169
973 4503
973 5697
973 7119
973 9465
973 9515
973 9940
974 1977
974 3347
974 4754
974 4830
974 7277
974 7524
974 9362
975 2800
975 3929
975 4268
975 5789
975 6660
975 9219
976 1469
976 3694
976 4476
976 4937
976 5121
976 7055
976 7427
976 7678
976 8098
976 8174
976 9920
977 1239
977 1550
977 1920
977 2526
977 5800
977 5828
978 1539
978 1735
978 3188
978 5879
978 6618
978 7016
978 7696
978 7948
978 8282
978 9465
979 1133
979 1913
979 2147
979 4393
979 4501
979 6074
979 6801
979 8072
979 8220
979 8924
979 8965
979 9569
979 9615
979 9730
980 1202
980 3749
980 4144
980 4456
980 5296
980 5759
980 5762
980 7196
980 8280
980 8619
980 9908
981 1307
981 1490
981 2732
981 4675
981 5173
981 5390
981 5887
981 9602
982 3233
982 3444
982 3451
982 3841
982 3901
982 6179
982 7821
982 8206
982 8375
982 8701
982 9636
983 3258
983 4586
983 4931
983 6680
983 7353
983 7897
983 9275
983 9639
984 2818
984 4052
984 4098
984 4215
984 6937
984 8045
984 9163
985 2361
985 4413
985 5644
985 6595
985 8806
985 9370
986 2333
986 2545
986 3505
986 4568
986 5155
986 5297
986 6296
986 9862
987 1008
987 1982
987 2413
987 2782
987 5211
987 5361
987 5455
987 5792
987 9492
987 9594
988 2851
988 3618
988 4539
988 6112
988 6803
988 7384
988 7427
988 7785
988 8158
988 9132
988 9808
988 9928
989 2175
989 3585
989 3796
989 5374
989 5537
989 7036
989 7357
989 7505
989 8257
989 9187
989 9755
990 3783
990 4931
990 6518
990 7619
990 7916
990 8681
990 9378
990 9879
991 3024
991 3032
991 3277
991 6368
991 7019
991 7256
991 8022
991 8476
992 2236
992 2666
992 5297
992 7370
993 1446
993 1691
993 2504
993 4848
993 5572
993 5763
993 7815
993 8828
993 9382
994 2852
994 4059
994 5498
994 6434
994 7339
994 7468
994 7701
995 1348
995 1973
995 6145
995 6484
995 7981
995 9466
995 9890
996 1366
996 1953
996 2945
996 5562
996 6910
996 9637
997 2950
997 3569
997 5970
997 8169
997 9249
997 9579
998 1813
998 2672
998 3115
998 4741
998 8654
999 1783
999 2674
999 4171
999 4925
999 6704
1000 1147
1000 1228
1000 1308
1000 1382
1000 5085
1000 5181
1000 5249
1000 6226
1000 6325
1000 7740
1000 8453
1001 3101
1001 3640
1001 4616
1001 5883
1001 8235
1001 9315
1002 1011
1002 1632
1002 2447
1002 2532
1002 4018
1002 4912
1002 5101
1002 5971
1002 6023
1002 6719
1002 6978
1002 8800
1002 8819
1002 8896
1002 8983
1002 9914
1003 1151
1003 2275
1003 2334
1003 3072
1003 3233
1003 4765
1003 4963
1003 5558
1003 6601
1003 7202
1003 9131
1004 1200
1004 4339
1004 4565
1004 5239
1004 6400
1004 7323
1004 7574
1004 9317
1005 2780
1005 3816
1005 4018
1005 6829
1005 7055
1005 9347
1006 1831
1006 2934
1006 3009
1006 3186
1006 4119
1006 5273
1006 5415
1006 6303
1006 6380
1006 7212
1006 7734
1006 7887
1007 2626
1007 3256
1007 6997
1007 8427
1007 8751
1007 9492
1007 9885
1008 1104
1008 3470
1008 3849
1008 4174
1008 4389
1008 4542
1008 5216
1008 5230
1008 6563
1008 7605
1008 9419
1009 2548
1009 3612
1009 3672
1009 4490
1009 5063
1009 6546
1009 9072
1009 9651
1009 9688
1010 1567
1010 2368
1010 3093
1010 3178
1010 4224
1010 5054
1010 5727
1010 8612
1011 1664
1011 2110
1011 2520
1011 2641
1011 3575
1011 3798
1011 3909
1011 4593
1011 6366
1011 8327
1011 9131
1011 9150
1011 9904
1012 2169
1012 3901
1012 4078
1012 5775
1012 5856
1012 6229
1012 6430
1012 8598
1013 1585
1013 2692
1013 5853
1013 6481
1013 9145
1013 9481
1014 1334
1014 5228
1014 6253
1014 7516
1014 7647
1014 8676
1014 9271
1015 1260
1015 2844
1015 3191
1015 3809
1015 4152
1015 4460
1015 5080
1015 5166
1015 5658
1015 7345
1016 2641
1016 2920
1016 3670
1016 3775
1016 3901
1016 3950
1016 4305
1016 5212
1016 6587
1016 6935
1016 6979
1016 7625
1016 8037
1016 8052
1016 9323
1017 4049
1017 4064
1017 4086
1017 4981
1017 5263
1017 6505
1017 7081
1017 8387
1017 9700
1017 9995
1018 3294
1018 3821
1018 4541
1018 5877
1018 6939
1018 7417
1018 7420
1018 8348
1018 9588
1019 2422
1019 2526
1019 3163
1019 4507
1019 6394
1019 7310
1019 7749
1019 8204
1019 9092
1019 9849
1020 1473
1020 1576
1020 4220
1020 4504
1020 4544
1020 5523
1020 6530
1020 6665
1020 7590
1020 8533
1020 9193
1021 1529
1021 1814
1021 2106
1021 3072
1021 6916
1021 7811
1021 9300
1022 1142
1022 1653
1022 2570
1022 2854
1022 3341
1022 4063
1022 4719
1022 5839
1022 7802
1022 8342
1022 8380
1022 9883
1023 2332
1023 2707
1023 3191
1023 3891
1023 4757
1023 5196
1023 5665
1023 5864
1023 6719
1023 7664
1023 8077
1024 2122
1024 2726
1024 4835
1024 5344
1024 7988
1024 8394
1024 8402
1025 1656
1025 2485
1025 3341
1025 6284
1026 3554
1026 4089
1026 4484
1026 5426
1026 6073
1026 7898
1026 9909
1026 9942
1027 1473
1027 3092
1027 4201
1027 4677
1027 5616
1027 5665
1027 5967
1027 6626
1027 8560
1027 8578
1028 1996
1028 2381
1028 2667
1028 2792
1028 4020
1028 4105
1028 5613
1028 6180
1028 8592
1028 9821
1028 9999
1029 1362
1029 2722
1029 3983
1029 4844
1029 5521
1029 5592
1029 6999
1029 8556
1029 8576
1029 9274
1030 4412
1030 5005
1030 5299
1030 6709
1030 6857
1030 8509
1030 8704
1030 9004
1030 9122
1031 1094
1031 1200
1031 2300
1031 3935
1031 4289
1031 4633
1031 5566
1031 5785
1031 8002
1031 9211
1031 9791
1031 9914
1032 1379
1032 2543
1032 3503
1032 5648
1032 7943
1032 8107
1032 8288
1032 9618
1033 1126
1033 3021
1033 3883
1033 5179
1033 5979
1033 6171
1033 6728
1033 7002
1033 8114
1033 9441
1033 9816
1034 1536
1034 2461
1034 5404
1034 6535
1034 7841
1034 8629
1034 9434
1034 9515
1034 9998
1035 1327
1035 1542
1035 1794
1035 2281
1035 2956
1035 3120
1035 3581
1035 3971
1035 4695
1035 6179
1035 7305
1035 7798
1035 8345
1035 8584
1036 2588
1036 3990
1036 4200
1036 4514
1036 4550
1036 5100
1036 6469
1036 6746
1036 8877
1036 8930
1036 9073
1036 9837
1037 1743
1037 1894
1037 2747
1037 3297
1037 3876
1037 4337
1037 4581
1037 5129
1037 5181
1037 7246
1037 8445
1038 1430
1038 4042
1038 5616
1038 6258
1038 6532
1038 6575
1038 9532
1039 2879
1039 3318
1039 5992
1039 6608
1039 7815
1039 8029
1039 8871
1039 9052
1039 9113
1039 9151
1040 1101
1040 3776
1040 3919
1040 9340
1040 9586
1040 9941
1041 2627
1041 3005
1041 3918
1041 4009
1041 4427
1041 4432
1041 6075
1041 8508
1041 9735
1042 3547
1042 4762
1042 4871
1042 5122
1042 5427
1042 5754
1042 6143
1042 8432
1042 8725
1042 8935
1042 9852
1043 1193
1043 2609
1043 3654
1043 4416
1043 6535
1043 8973
1043 9231
1044 1083
1044 2951
1044 3301
1044 3878
1044 4997
1044 5662
1044 6414
1044 6946
1044 7065
1044 7729
1045 1293
1045 2608
1045 4542
1045 4774
1045 6703
1045 7663
1046 2856
1046 3630
1046 5799
1046 6299
1046 7673
1046 8150
1046 8744
1046 9834
1047 1572
1047 2952
1047 3021
1047 6063
1047 6462
1047 6901
1047 8823
1048 1606
1048 1766
1048 5208
1048 8360
1048 9353
1048 9571
1048 9798
1049 1716
1049 1898
1049 2074
1049 2144
1049 2147
1049 2848
1049 3175
1049 3562
1049 3932
1049 6568
1049 6671
1049 7269
1049 8270
1049 8506
1049 8824
1050 1374
1050 1944
1050 2966
1050 3332
1050 6009
1050 6487
1050 6741
1050 7395
1050 9088
1050 9311
1051 1434
1051 1561
1051 2544
1051 5585
1051 7170
1051 8257
1051 8585
1051 8753
1051 9285
1051 9664
1051 9740
1051 9885
1052 1800
1052 2204
1052 2500
1052 2630
1052 2976
1052 3715
1052 4812
1052 5754
1052 5970
1052 6605
1052 7387
1052 7931
1052 8222
1052 9592
1052 9960
1052 9966
1053 1572
1053 1603
1053 2785
1053 4049
1053 5237
1053 6291
1053 6300
1053 6431
1053 6900
1054 2036
1054 2628
1054 2687
1054 2718
1054 4763
1054 4846
1054 5190
1054 5635
1054 7162
1054 7380
1054 7574
1054 9186
1055 1373
1055 1568
1055 4296
1055 4456
1055 4734
1055 4802
1055 5637
1055 6349
1055 7323
1055 7337
1055 7986
1055 8104
1055 9555
1056 5071
1056 9802
1056 9922
1057 3535
1057 4164
1057 5523
1057 5668
1057 5835
1057 6316
1057 7821
1057 9554
1057 9576
1057 9889
1058 3665
1058 5755
1058 6608
1058 9245
1058 9300
1058 9645
1059 1065
1059 1276
1059 2007
1059 2464
1059 3907
1059 6671
1059 6811
1059 6925
1059 8182
1059 8494
1060 1300
1060 1433
1060 1898
1060 3082
1060 3355
1060 3530
1060 4076
1060 4616
1060 5489
1060 6543
1060 7178
1060 9727
1061 1353
1061 2381
1061 2412
1061 3059
1061 3089
1061 3477
1061 5437
1061 5833
1061 6259
1061 8104
1061 8929
1062 1914
1062 3583
1062 4069
1062 4518
1062 4625
1062 4760
1062 5097
1062 5167
1062 6155
1062 6953
1062 7638
1062 7785
1063 1250
1063 2284
1063 2834
1063 3614
1063 4022
1063 4961
1063 5350
1063 6767
1063 7763
1063 8163
1063 8192
1063 8361
1063 8800
1063 9672
1064 1923
1064 2642
1064 3741
1064 4919
1064 5784
1064 7765
1064 9542
1065 1107
1065 1749
1065 2177
1065 2311
1065 2755
1065 5041
1065 6434
1065 8407
1065 9981
1066 4478
1066 5473
1066 6970
1066 9238
1067 1393
1067 3952
1067 4303
1067 4456
1067 5747
1067 7311
1067 7669
1067 8442
1068 1306
1068 3050
1068 6035
1068 7078
1068 7747
1069 1742
1069 3750
1069 4552
1069 4596
1069 6229
1069 8333
1069 9103
1070 1398
1070 1563
1070 1875
1070 2847
1070 3568
1070 5758
1070 6275
1070 7380
1070 7829
1070 9568
1070 9944
1071 3162
1071 4782
1071 6937
1071 7179
1071 7469
1071 8170
1071 8293
1071 9016
1071 9514
1072 1332
1072 2846
1072 3338
1072 4019
1072 4488
1072 4586
1072 5050
1072 5815
1072 6529
1072 7175
1072 7614
1072 9398
1072 9931
1073 1448
1073 2425
1073 4375
1073 5150
1073 7680
1073 8359
1073 8735
1074 1144
1074 1203
1074 2344
1074 5266
1074 5324
1074 7246
1074 7656
1074 7857
1074 8781
1075 2143
1075 4000
1075 4003
1075 4858
1075 5472
1075 5973
1075 6531
1075 9030
1076 1867
1076 1946
1076 2163
1076 2248
1076 2830
1076 3046
1076 3132
1076 3200
1076 3914
1076 4360
1076 4414
1076 5455
1076 6345
1076 8204
1076 9427
1077 2084
1077 4383
1077 4642
1077 5323
1077 6920
1077 7204
1078 1141
1078 5021
1078 7949
1079 4786
1079 4819
1079 5258
1079 6351
1079 8353
1079 8372
1079 8727
1079 9689
1079 9809
1080 3200
1080 4808
1080 5426
1080 5522
1080 6630
1080 6771
1080 9520
1081 2542
1081 4929
1081 5830
1081 5900
1081 6599
1081 6772
1081 7806
1081 8478
1081 9293
1082 1911
1082 3471
1082 3611
1082 6228
1082 8467
1082 9971
1083 1681
1083 3043
1083 3324
1083 3426
1083 4089
1083 5141
1083 6069
1083 7236
1083 7314
1083 8040
1083 8369
1084 1168
1084 2443
1084 2680
1084 3860
1084 3903
1084 3904
1084 4458
1084 5588
1084 5916
1084 6729
1084 7905
1084 8069
1084 8360
1084 8558
1084 9251
1084 9342
1085 1679
1085 4503
1085 9020
1085 9333
1086 1206
1086 1720
1086 1777
1086 2481
1086 2863
1086 3580
1086 3827
1086 4805
1086 6058
1086 7187
1086 8429
1086 9532
1087 1543
1087 2565
1087 3126
1087 3384
1087 3710
1087 4927
1087 5783
1087 7600
1087 8039
1087 8819
1088 1710
1088 2450
1088 3342
1088 3556
1088 3611
1088 4876
1088 5087
1088 5135
1088 5417
1088 5993
1088 6163
1088 6186
1088 6535
1088 7088
1088 9469
1089 1714
1089 2370
1089 5071
1089 5158
1089 5471
1089 5532
1089 6141
1089 6515
1089 7230
1089 8174
1089 9787
1090 1441
1090 1657
1090 2578
1090 3649
1090 4155
1090 5281
1090 5506
1090 6286
1090 7267
1090 7754
1090 9683
1091 1793
1091 1948
1091 1950
1091 2300
1091 2546
1091 2595
1091 3989
1091 4667
1091 5018
1091 5267
1091 5329
1091 5670
1091 8021
1091 8747
1091 9535
1091 9930
1092 2954
1092 3011
1092 3165
1092 5216
1092 5949
1092 6414
1092 6996
1092 7927
1092 9233
1092 9783
1093 2557
1093 3074
1093 3719
1093 3876
1093 3940
1093 4117
1093 4171
1093 5419
1093 7058
1093 7123
1093 8270
1093 9226
1094 2541
1094 2567
1094 3465
1094 4137
1094 4694
1094 5025
1094 5751
1094 6155
1094 7452
1094 7743
1094 8181
1095 1205
1095 2202
1095 2215
1095 2843
1095 7765
1095 8090
1095 9445
1095 9545
1095 9866
1096 1854
1096 3218
1096 3411
1096 5461
1096 6383
1096 7220
1096 7807
1096 7853
1096 7960
1096 9267
1097 2562
1097 4059
1097 4109
1097 4180
1097 4690
1097 5278
1097 5289
1097 5888
1097 6948
1097 7385
1097 8135
1098 1232
1098 1258
1098 3364
1098 3769
1098 4019
1098 5127
1098 6428
1098 7123
1098 7129
1098 7462
1098 7959
1098 9286
1099 2582
1099 3727
1099 4558
1099 4571
1099 5049
1099 5101
1099 5340
1099 5831
1099 6504
1099 7942
1099 8045
1100 1469
1100 1758
1100 2504
1100 3707
1100 4323
1100 4471
1100 4515
1100 5636
1100 6632
1100 6934
1100 7339
1100 8100
1100 8781
1100 8970
1100 9204
1100 9375
1100 9534
1101 1530
1101 2476
1101 2483
1101 3182
1101 6086
1101 6097
1101 8255
1102 1345
1102 1363
1102 3251
1102 3270
1102 4639
1102 6352
1102 6952
1102 9501
1103 1125
1103 2500
1103 3768
1103 4275
1103 4828
1103 7179
1103 7533
1104 2170
1104 4356
1104 4492
1104 4869
1104 4970
1104 5703
1104 9402
1105 1428
1105 1695
1105 2265
1105 2391
1105 2730
1105 5731
1105 6162
1105 7598
1105 8505
1105 9329
1106 1295
1106 2869
1106 4459
1106 5361
1106 5768
1106 7627
1106 9515
1107 2150
1107 3532
1107 4435
1107 4955
1107 5320
1107 6208
1107 6615
1107 7265
1107 7809
1107 8268
1107 9982
1108 1817
1108 2300
1108 2559
1108 3815
1108 3994
1108 4955
1108 6679
1109 1873
1109 1988
1109 2178
1109 2748
1109 4067
1109 5267
1109 7192
1109 7757
1110 1194
1110 1900
1110 2271
1110 3009
1110 4370
1110 5336
1110 6039
1110 6519
1110 8760
1110 9459
1111 4074
1111 7675
1111 8485
1111 8570
1111 9835
1111 9894
1111 9954
1112 1180
1112 2083
1112 2872
1112 3199
1112 4534
1112 5423
1112 8255
1113 1442
1113 3312
1113 3337
1113 3433
1113 6612
1113 7626
1113 7934
1114 1226
1114 2125
1114 2158
1114 2321
1114 3275
1114 3361
1114 4145
1114 4475
1114 4516
1114 7305
1114 7783
1114 8693
1114 8707
1114 9124
1115 1336
1115 3572
1115 8387
1115 9392
1115 9589
1115 9977
1116 1356
1116 3039
1116 3846
1116 4146
1116 6277
1116 6638
1116 6658
1116 8058
1116 8202
1116 8541
1116 8583
1116 9129
1116 9565
1116 9712
1117 4280
1117 4733
1117 5236
1117 5282
1117 5459
1117 8126
1117 8804
1118 2516
1118 3917
1118 3957
1118 7757
1118 9923
1119 4406
1119 4967
1119 5531
1119 5675
1119 6064
1119 7324
1119 7878
1119 8012
1119 9363
1119 9408
1119 9492
1120 1217
1120 1954
1120 2016
1120 9587
1121 2919
1121 3005
1121 3319
1121 3614
1121 4247
1121 5989
1121 7465
1121 8396
1121 9561
1121 9625
1122 1549
1122 1748
1122 2523
1122 8306
1123 2007
1123 3716
1123 3946
1123 4414
1123 4862
1123 6292
1123 8107
1123 8623
1123 8710
1123 8790
1124 2222
1124 3114
1124 4678
1124 4686
1124 5629
1124 7523
1124 8385
1124 8744
1124 9059
1124 9311
1124 9932
1125 1156
1125 2667
1125 3858
1125 6479
1125 7609
1125 8365
1126 3891
1126 4572
1126 5884
1126 6121
1126 7162
1126 7759
1126 8255
1127 1645
1127 1865
1127 2263
1127 2496
1127 3135
1127 4602
1127 5577
1127 5886
1127 9024
1128 2418
1128 2620
1128 4554
1128 4572
1128 5007
1128 5299
1128 7648
1128 8542
1129 1254
1129 1431
1129 1843
1129 2090
1129 3210
1129 6809
1130 1822
1130 2917
1130 3146
1130 3579
1130 3704
1130 4674
1130 5428
1130 9265
1130 9539
1130 9800
1131 1913
1131 2714
1131 2809
1131 6192
1131 6644
1131 7413
1131 8705
1132 1280
1132 2876
1132 4781
1132 6205
1132 6387
1132 8273
1132 9151
1132 9172
1132 9484
1133 1730
1133 3033
1133 3540
1133 5585
1133 5997
1133 7920
1133 9737
1134 1772
1134 2772
1134 4773
1134 6144
1134 8270
1134 8271
1134 9311
1134 9792
1135 2406
1135 2410
1135 3224
1135 3668
1135 4497
1135 6461
1135 7044
1135 8140
1135 8334
1135 8355
1135 8483
1135 8685
1135 8687
1136 2040
1136 2155
1136 2533
1136 4826
1136 5383
1136 5584
1136 6777
1137 1273
1137 3412
1137 4676
1137 4700
1137 5420
1137 5537
1137 6539
1137 8579
1137 8751
1137 9004
1137 9050
1138 3969
1138 5796
1138 6349
1138 8182
1139 3143
1139 3532
1139 5788
1139 6586
1139 6879
1139 8153
1139 8838
1140 3298
1140 3415
1140 4578
1140 4594
1140 5985
1140 7658
1140 7937
1140 9182
1140 9205
1140 9323
1140 9541
1140 9739
1141 1361
1141 1480
1141 2179
1141 3297
1141 3386
1141 4843
1141 5354
1141 6529
1141 7159
1141 8079
1141 8517
1141 8951
1141 9635
1142 2687
1142 3228
1142 3406
1142 5233
1142 7551
1142 8348
1142 8673
1142 8862
1143 4138
1143 4878
1143 5232
1143 6367
1143 6432
1143 7000
1143 7231
1143 9312
1144 1795
1144 2924
1144 4000
1144 5388
1144 5445
1144 6782
1144 7062
1144 8247
1145 1564
1145 2805
1145 2877
1145 4292
1145 5570
1145 5893
1145 7487
1145 9982
1146 1556
1146 3570
1146 7400
1146 7741
1146 7961
1146 9574
1146 9977
1146 9979
1147 1406
1147 1623
1147 1705
1147 2935
1147 4381
1147 6098
1147 6606
1147 6782
1147 6969
1147 7937
1147 8819
1147 9990
1148 1274
1148 2348
1148 3371
1148 4092
1148 6252
1148 8431
1148 9568
1148 9594
1149 2181
1149 3036
1149 3404
1149 5094
1149 5317
1149 5822
1149 6069
1149 7437
1149 8660
1149 8790
1149 8839
1150 1168
1150 1385
1150 1746
1150 2398
1150 2834
1150 3509
1150 3764
1150 3894
1150 3913
1150 4008
1150 6509
1150 6738
1150 7535
1150 8162
1150 9566
1151 5213
1151 5495
1151 6471
1151 7323
1151 7365
1151 7390
1151 9587
1152 1579
1152 1765
1152 3710
1152 4708
1152 6519
1153 3905
1153 4677
1153 4889
1153 5172
1153 7905
1153 8700
1153 9432
1154 1472
1154 1998
1154 4249
1154 7076
1154 7283
1154 9222
1154 9583
1154 9600
1155 1795
1155 3826
1155 6608
1155 6708
1155 7994
1155 9048
1155 9085
1156 2998
1156 6787
1156 8685
1156 9124
1157 1625
1157 5081
1157 5292
1157 6302
1157 6837
1157 7463
1157 8037
1157 9792
1158 2118
1158 2641
1158 2708
1158 3993
1158 4010
1158 4403
1158 5116
1158 5179
1158 5379
1158 5668
1158 6709
1158 7317
1158 7380
1158 7503
1158 8935
1158 9417
1159 2065
1159 2221
1159 3854
1159 4590
1159 5757
1159 8996
1159 9419
1160 1376
1160 2089
1160 2309
1160 3814
1160 4978
1160 6697
1160 7001
1160 7714
1160 8766
1160 9570
1161 1747
1161 2211
1161 2393
1161 3507
1161 4343
1161 5722
1161 5842
1161 6438
1161 8596
1161 8810
1162 2898
1162 5612
1162 9314
1162 9470
1163 1330
1163 3068
1163 5016
1163 5139
1163 8210
1163 8497
1163 8964
1163 9024
1164 1368
1164 2166
1164 2724
1164 4443
1164 5292
1164 7980
1164 8831
1164 9363
1165 2789
1165 2996
1165 3442
1165 6226
1165 6461
1165 8115
1166 1936
1166 3312
1166 6730
1166 7662
1166 8921
1167 5187
1167 5903
1167 6470
1167 7476
1167 7705
1167 9437
1167 9848
1168 1453
1168 1709
1168 1801
1168 2271
1168 4798
1168 5148
1168 6438
1168 7060
1168 7436
1168 7525
1168 7529
1169 3066
1169 3720
1169 4786
1169 5813
1169 7269
1169 7300
1169 7744
1169 9104
1169 9295
1169 9914
1170 2377
1170 2629
1170 3717
1170 4245
1170 6201
1171 2019
1171 2480
1171 2502
1171 3333
1171 3717
1171 3971
1171 4344
1171 5353
1171 6356
1171 6432
1171 7433
1171 7761
1171 8432
1171 9165
1171 9288
1172 1434
1172 2061
1172 3321
1172 5058
1172 5917
1172 8082
1172 8400
1172 8781
1173 1445
1173 1761
1173 2110
1173 2213
1173 3068
1173 3770
1173 5859
1173 6230
1173 8881
1173 9135
1173 9499
1174 1817
1174 1863
1174 2130
1174 5483
1174 6150
1174 6207
1174 6777
1174 8747
1175 1443
1175 2748
1175 6405
1175 6511
1175 6590
1175 7149
1175 8441
1175 8793
1175 9662
1175 9750
1176 1736
1176 3254
1176 7631
1176 7763
1176 8880
1176 9309
1177 2454
1177 3438
1177 4413
1177 4701
1177 4718
1177 5165
1177 5717
1177 5968
1177 8222
1178 3027
1178 3525
1178 4939
1178 5834
1178 7392
1178 7598
1178 7715
1178 8483
1179 2057
1179 3739
1179 4189
1179 5386
1179 5622
1179 5863
1179 6506
1179 7135
1179 7138
1179 8328
1179 9287
1180 1375
1180 1454
1180 2323
1180 2512
1180 3064
1180 4415
1180 7347
1180 7586
1180 9808
1181 2489
1181 3015
1181 4167
1181 5801
1181 5826
1181 7649
1181 7979
1182 7958
1182 8265
1182 8425
1182 8601
1182 9192
1182 9230
1183 1212
1183 4001
1183 5182
1183 6590
1183 7896
1183 8724
1183 8951
1184 2359
1184 3359
1184 3435
1184 4093
1184 4474
1184 4790
1184 5750
1184 5869
1184 7350
1184 7619
1184 8381
1184 8491
1185 2394
1185 2495
1185 2629
1185 3333
1185 3375
1185 4707
1185 5870
1185 6288
1185 8390
1185 9537
1186 2084
1186 2270
1186 2941
1186 3467
1186 4108
1186 4965
1186 5902
1186 6394
1186 7027
1186 7112
1186 7254
1186 8154
1186 8579
1187 2985
1187 3744
1187 4459
1187 5130
1187 9751
1187 9811
1188 2260
1188 2846
1188 5875
1188 6088
1188 6132
1188 9320
1188 9595
1189 2193
1189 2228
1189 3043
1189 3444
1189 6478
1189 6574
1189 6644
1189 7230
1189 7858
1189 9316
1190 4114
1190 7328
1190 7525
1190 7571
1190 7943
1191 1372
1191 1385
1191 5387
1191 7086
1192 1248
1192 1527
1192 1692
1192 3022
1192 3388
1192 5020
1192 5252
1192 6089
1192 6096
1192 6725
1192 6829
1192 7001
1192 9629
1193 1364
1193 2424
1193 5083
1193 7874
1193 9160
1193 9576
1194 8864
1194 9155
1194 9172
1195 4083
1195 4177
1195 7638
1195 8440
1196 1538
1196 3489
1196 3637
1196 4035
1196 5686
1196 5810
1196 6653
1196 6894
1196 8060
1197 2215
1197 2678
1197 3134
1197 3165
1197 3905
1197 3964
1197 5474
1197 9202
1197 9637
1198 1798
1198 1804
1198 2255
1198 5235
1198 5740
1199 2205
1199 2978
1199 4466
1199 6136
1199 6597
1199 7923
1199 8584
1199 9023
1200 2136
1200 2715
1200 3065
1200 3291
1200 6109
1200 6419
1200 7044
1200 7098
1200 8118
1201 1654
1201 2101
1201 3571
1201 4405
1201 4475
1201 9389
1201 9500
1202 1776
1202 3172
1202 3638
1202 3685
1202 4378
1202 6156
1202 6532
1202 6720
1202 7726
1202 9179
1203 2080
1203 3839
1203 5181
1203 5703
1203 6098
1203 6565
1203 9960
1204 1566
1204 1914
1204 3974
1204 4337
1204 5441
1204 5469
1204 9774
1205 1772
1205 4612
1205 5266
1205 6532
1205 7347
1205 8227
1205 9750
1206 2046
1206 2732
1206 3788
1206 4761
1206 4845
1206 6047
1206 8497
1206 8940
1206 9526
1206 9581
1206 9994
1207 2743
1207 3015
1207 3277
1207 3401
1207 3540
1207 4959
1207 5977
1207 7162
1208 1776
1208 3070
1208 3114
1208 4000
1208 9518
1209 1561
1209 4282
1209 4292
1209 4328
1209 5953
1209 6835
1209 6897
1209 7426
1209 8467
1210 1735
1210 2880
1210 3013
1210 4621
1210 8254
1210 8419
1210 8540
1210 9555
1211 1748
1211 2266
1211 2838
1211 5438
1211 5453
1211 5736
1211 9734
1212 1822
1212 2135
1212 2862
1212 3245
1212 3573
1212 6182
1212 6611
1212 6720
1212 6742
1212 9909
1213 1722
1213 2078
1213 2548
1213 2958
1213 3288
1213 7331
1213 7405
1213 9709
1213 9932
1214 2382
1214 2740
1214 4170
1214 5087
1214 5399
1214 5994
1214 6443
1214 7216
1214 7586
1214 7820
1214 8109
1215 3031
1215 4428
1215 4517
1215 4825
1215 7772
1215 9171
1215 9311
1216 1836
1216 4129
1216 6344
1216 7012
1216 7326
1216 7693
1216 9022
1217 1945
1217 2650
1217 2881
1217 2979
1217 4597
1217 4976
1217 5141
1217 5322
1217 5530
1217 6484
1217 6638
1217 6947
1217 8366
1217 8932
1217 9978
1218 1956
1218 2446
1218 3241
1218 6059
1218 7896
1218 8208
1218 8500
1218 8558
1218 9917
1219 2099
1219 2392
1219 3066
1219 3956
1219 4046
1219 4318
1219 4741
1219 5372
1219 7313
1219 7814
1219 7831
1219 7902
1219 9381
1219 9620
1220 1346
1220 4669
1220 5097
1220 7768
1220 8557
1220 8896
1220 9119
1220 9496
1221 1417
1221 2427
1221 3137
1221 4277
1221 4697
1221 8278
1221 8280
1221 9162
1222 3737
1222 7037
1222 8776
1222 9789
1223 1871
1223 2607
1223 3129
1223 3225
1223 6321
1223 6804
1223 7500
1223 8820
1224 1845
1224 2450
1224 3022
1224 3132
1224 3704
1224 4523
1224 5846
1224 6893
1224 7584
1224 7683
1224 8611
1225 5500
1225 6963
1225 8488
1226 3885
1226 4081
1226 4125
1226 5640
1226 6657
1226 6739
1226 7000
1226 9634
1227 4362
1227 5616
1227 6037
1227 6912
1227 7495
1227 8176
1227 9082
1228 1596
1228 2434
1228 3059
1228 3891
1228 4835
1228 6157
1228 6316
1228 7543
1228 8173
1228 8638
1228 8904
1229 2651
1229 3016
1229 6360
1229 7484
1229 7802
1229 8364
1230 1761
1230 2156
1230 2770
1230 3910
1230 4083
1230 4876
1230 5213
1230 5403
1230 6476
1230 6586
1230 7744
1231 1503
1231 1566
1231 2297
1231 2929
1231 2938
1231 3084
1231 5095
1231 6182
1232 2509
1232 3145
1232 4066
1232 4646
1232 7410
1233 1906
1233 1957
1233 2299
1233 2890
1233 5392
1233 6342
1233 6767
1233 8506
1233 8872
1234 1620
1234 3040
1234 4101
1234 4279
1234 4477
1234 4933
1234 5238
1234 6083
1234 8574
1234 9914
1235 2694
1235 3297
1235 3992
1235 5468
1235 8795
1235 9511
1236 1676
1236 3071
1236 3974
1236 4606
1236 4955
1236 5026
1236 5932
1236 6465
1237 2048
1237 3071
1237 3953
1237 4955
1237 5110
1237 5346
1237 5867
1238 1351
1238 1672
1238 5764
1238 6584
1238 9214
1238 9794
1238 9997
1239 1420
1239 1463
1239 1560
1239 2020
1239 2625
1239 3406
1239 6664
1239 7222
1239 8220
1239 8904
1239 9002
1240 1459
1240 4310
1240 4375
1240 4528
1240 5347
1240 5514
1240 6721
1240 8463
1241 2269
1241 3526
1241 4006
1241 4392
1241 7842
1241 8284
1241 9141
1241 9384
1242 1407
1242 2218
1242 2957
1242 4573
1242 6968
1242 7612
1242 7866
1242 9068
1242 9980
1243 4881
1243 5424
1243 5617
1243 7318
1243 8630
1244 1380
1244 1725
1244 2762
1244 3019
1244 5504
1244 8034
1245 2693
1245 2906
1245 3480
1245 3529
1245 3534
1245 4003
1245 5188
1245 5802
1245 5840
1245 6116
1245 6268
1245 6784
1245 7978
1245 9270
1246 2467
1246 2859
1246 3119
1246 3860
1246 5213
1246 5689
1246 7282
1246 7659
1246 8510
1246 9706
1247 1749
1247 3528
1247 3644
1247 9221
1248 1379
1248 2700
1248 3072
1248 3093
1248 3530
1248 3581
1248 4252
1248 4696
1248 5176
1248 5998
1248 6004
1248 8323
1248 8396
1248 8799
1249 2796
1249 3008
1249 6772
1249 7755
1249 8648
1249 9082
1250 2566
1250 3840
1250 3914
1250 4005
1250 4427
1250 7918
1250 8262
1250 9485
1250 9508
1251 2643
1251 2836
1251 3645
1251 5207
1251 5446
1251 6593
1251 7434
1251 8408
1252 2504
1252 3400
1252 3401
1252 4248
1252 6919
1252 7169
1252 7849
1252 7881
1252 8517
1252 9477
1252 9879
1253 1448
1253 1797
1253 2070
1253 3371
1253 4074
1253 4677
1253 7897
1253 8210
1253 8549
1253 9654
1254 2487
1254 2567
1254 3921
1254 4838
1254 5166
1254 5844
1254 6244
1254 9465
1255 1528
1255 3223
1255 3323
1255 3966
1255 4140
1255 4214
1255 4831
1255 6650
1255 6658
1255 7334
1256 2658
1256 2757
1256 5640
1256 6700
1256 7198
1256 7572
1256 8333
1256 9193
1257 1334
1257 1769
1257 4969
1257 4999
1257 5376
1257 5716
1257 5727
1257 5769
1257 6614
1257 6728
1257 6873
1257 9286
1258 2016
1258 3002
1258 3364
1258 3705
1258 3880
1258 4871
1258 5075
1258 7903
1258 8539
1258 9741
1259 1459
1259 2150
1259 3187
1259 3235
1259 3581
1259 3902
1259 4682
1259 5947
1259 6604
1259 6756
1259 9185
1259 9361
1260 1847
1260 3145
1260 3234
1260 3916
1260 4242
1260 4262
1260 4920
1260 5394
1260 7597
1260 7855
1260 8922
1260 9436
1260 9927
1261 3757
1261 5120
1262 1387
1262 2967
1262 3637
1262 6566
1262 7569
1262 9689
1262 9777
1263 1307
1263 1916
1263 1999
1263 2089
1263 3042
1263 6566
1263 7852
1263 7954
1263 7995
1263 8474
1263 9434
1264 1668
1264 2505
1264 2734
1264 5011
1264 5877
1264 5897
1264 7829
1264 9359
1264 9647
1265 2698
1265 3972
1265 5055
1265 5258
1265 6151
1265 6854
1265 7236
1266 1734
1266 2780
1266 4441
1266 6739
1266 7323
1266 8149
1266 8519
1266 8911
1266 9178
1267 1659
1267 2273
1267 2299
1267 3450
1267 4043
1267 4488
1267 5680
1267 6928
1267 7414
1267 8213
1267 9324
1267 9420
1267 9433
1268 2324
1268 4956
1268 6014
1268 6140
1268 6203
1268 6528
1268 7550
1268 7980
1268 8093
1269 4852
1269 5736
1269 7763
1269 8204
1269 8371
1269 8615
1270 1940
1270 2607
1270 3146
1270 3418
1270 3633
1270 4901
1270 6555
1270 6603
1270 8107
1271 2324
1271 3772
1271 5077
1271 6398
1271 6481
1271 6943
1271 7106
1271 8161
1271 9664
1272 1755
1272 2797
1272 3692
1272 4246
1272 4564
1272 6161
1272 9409
1273 2213
1273 2418
1273 5695
1273 7799
1274 4057
1274 4289
1274 6590
1274 6916
1274 8267
1274 8949
1274 9881
1275 1975
1275 2166
1275 3252
1275 6055
1275 6077
1275 8022
1276 1464
1276 2470
1276 3037
1276 3544
1276 6159
1276 6425
1276 6545
1276 6742
1276 7324
1276 7350
1276 7675
1276 8211
1276 8444
1277 1715
1277 1866
1277 3149
1277 3393
1277 3979
1277 4271
1277 4986
1277 6006
1277 7096
1277 7826
1278 5172
1278 7975
1278 9742
1278 9901
1279 1312
1279 1395
1279 4046
1279 4681
1279 4690
1279 5262
1279 6825
1280 1315
1280 1960
1280 2295
1280 2375
1280 2584
1280 3097
1280 3495
1280 3705
1280 6085
1280 7021
1280 8583
1280 9396
1280 9643
1281 1760
1281 2370
1281 3845
1281 4118
1281 4877
1281 5512
1281 5798
1281 6291
1281 7499
1281 7694
1281 8923
1281 9878
1282 1669
1282 3416
1282 3884
1282 4726
1282 5975
1282 6865
1282 6888
1282 8566
1282 9719
1283 1368
1283 1807
1283 2832
1283 3732
1283 4308
1283 4384
1283 5392
1283 5489
1283 6085
1283 6236
1283 9877
1284 2297
1284 4341
1284 6530
1284 6790
1284 8534
1284 8738
1284 9960
1285 5191
1285 5713
1285 6797
1285 7463
1285 7494
1285 7978
1285 8301
1285 8442
1285 8758
1285 9283
1285 9732
1285 9943
1286 1631
1286 3369
1286 4874
1286 5058
1286 5849
1286 6010
1286 6580
1286 8225
1287 1624
1287 2053
1287 3117
1287 3918
1287 4443
1287 5309
1287 5821
1287 6022
1287 7827
1287 8900
1288 7244
1288 8357
1288 8379
1289 4529
1289 4685
1289 5077
1289 5845
1289 7342
1290 1651
1290 3456
1290 4313
1290 5274
1290 5771
1290 6011
1290 6543
1290 9189
1290 9503
1290 9677
1290 9801
1291 1507
1291 2097
1291 2157
1291 4419
1291 5541
1291 6084
1291 6197
1291 6704
1291 8733
1291 9227
1291 9963
1292 2715
1292 2726
1292 2805
1292 3211
1292 3305
1292 4683
1292 5958
1292 6534
1292 7541
1292 8634
1293 2335
1293 3127
1293 3426
1293 3826
1293 3834
1293 4224
1293 4274
1293 5475
1293 7872
1293 9330
1293 9350
1294 2051
1294 2479
1294 5356
1294 6104
1295 1906
1295 2982
1295 3140
1295 4925
1295 6329
1295 9056
1295 9299
1296 2633
1296 5383
1296 5855
1296 6694
1296 6753
1296 6896
1296 7513
1296 8641
1296 9615
1297 1438
1297 3797
1297 4324
1297 4613
1297 4745
1297 5586
1297 6836
1297 6918
1297 8721
1297 9156
1298 2064
1298 2182
1298 2611
1298 2717
1298 3114
1298 3873
1298 4499
1298 5478
1298 6042
1298 6494
1298 6806
1298 6992
1298 7468
1298 8653
1299 4312
1299 5012
1299 5256
1299 5523
1299 6221
1299 6223
1299 6224
1299 8063
1299 9679
1300 3256
1300 3385
1300 4232
1300 7921
1300 9293
1301 1320
1301 3350
1301 3474
1301 4941
1301 5170
1301 5767
1301 6406
1301 6624
1301 8440
1302 1672
1302 3184
1302 3387
1302 3725
1302 3834
1302 4671
1302 5606
1302 5898
1302 6709
1302 7959
1302 9442
1302 9568
1303 2081
1303 2118
1303 2445
1303 3214
1303 5777
1303 6362
1304 1644
1304 1931
1304 4343
1304 5404
1304 7309
1304 8021
1304 8407
1305 2520
1305 2820
1305 3683
1305 5552
1305 6221
1305 6428
1305 6841
1305 7199
1305 8106
1305 8351
1306 2494
1306 4464
1306 4651
1306 4720
1306 5774
1306 6241
1306 7642
1306 7867
1306 7982
1306 9755
1307 2437
1307 3300
1307 4713
1307 7786
1307 8445
1307 9969
1308 2171
1308 2737
1308 4192
1308 5694
1308 5869
1308 6550
1308 7265
1308 7817
1308 9466
1309 1386
1309 2619
1309 3325
1309 5914
1309 6012
1309 6446
1309 6851
1309 7366
1309 8020
1309 8400
1309 9826
1310 1615
1310 2575
1310 2665
1310 3437
1310 3661
1310 5921
1310 9524
1311 1360
1311 1900
1311 2450
1311 2901
1311 2921
1311 3896
1311 4157
1311 6783
1311 6955
1311 9935
1312 2200
1312 3883
1312 4548
1312 5385
1312 5560
1312 5589
1312 7463
1312 9342
1312 9500
1313 1651
1313 5548
1313 5766
1313 6241
1313 6532
1313 6948
1313 9392
1314 3638
1314 3847
1314 5944
1314 6862
1314 8927
1315 2000
1315 3599
1315 5006
1315 6411
1315 6795
1315 8622
1315 8627
1315 8964
1316 1552
1316 1758
1316 2631
1316 2838
1316 2862
1316 3420
1316 5210
1316 5313
1316 7479
1317 1656
1317 2698
1317 4026
1317 4313
1317 4356
1317 4407
1317 7937
1317 8047
1317 8802
1317 9818
1318 2166
1318 3536
1318 4697
1318 6695
1318 7043
1318 7472
1318 8308
1319 1629
1319 1865
1319 3120
1319 3266
1319 5583
1319 5678
1319 6191
1319 6782
1319 7073
1319 8128
1319 9718
1320 2603
1320 2923
1320 3031
1320 3265
1320 3411
1320 3800
1320 4093
1320 4527
1320 5325
1320 5581
1320 5634
1320 6830
1320 9319
1321 1598
1321 2086
1321 2757
1321 3299
1321 3713
1321 4840
1321 5984
1321 6657
1321 8397
1321 8636
1322 3011
1322 3319
1322 5474
1322 5751
1322 7777
1322 8987
1322 9073
1322 9886
1323 2955
1323 2999
1323 3552
1323 3604
1323 4213
1323 4633
1323 5759
1323 5814
1323 5979
1323 6739
1323 8226
1323 8381
1323 8549
1323 9698
1324 3784
1324 3789
1324 9267
1324 9370
1324 9827
1325 3805
1325 3992
1325 6249
1325 8106
1325 8600
1325 9266
1326 2043
1326 2448
1326 4094
1326 4182
1326 5285
1326 5859
1326 7510
1326 7690
1326 7955
1326 8822
1327 1832
1327 2098
1327 3901
1327 5414
1327 6241
1327 7013
1327 7212
1327 7460
1327 8781
1328 1371
1328 2476
1328 2562
1328 3106
1328 3807
1328 4033
1328 7941
1328 8976
1328 9547
1329 2347
1329 3582
1329 5506
1329 6572
1329 6662
1329 8739
1329 9849
1330 1335
1330 2394
1330 2814
1330 4082
1330 5262
1330 6715
1330 7444
1330 8049
1330 8216
1330 9542
1330 9715
1331 3141
1331 5669
1331 6203
1331 6894
1331 9499
1332 2144
1332 2179
1332 2507
1332 2905
1332 3746
1332 4427
1332 5092
1332 5503
1332 8466
1332 9623
1333 1872
1333 2311
1333 3650
1333 3667
1333 4582
1333 8374
1334 3776
1334 4158
1334 5699
1334 7878
1334 8124
1334 9586
1334 9711
1335 1773
1335 1813
1335 1990
1335 3339
1335 3593
1335 4514
1335 4590
1335 4829
1335 4953
1335 9002
1335 9751
1336 1397
1336 3217
1336 3691
1336 3921
1336 4321
1336 5362
1336 5590
1336 7527
1336 7538
1336 8967
1336 9392
1337 1505
1337 1644
1337 2088
1337 2444
1337 4199
1337 6904
1337 7194
1337 7405
1337 7577
1337 9045
1337 9311
1338 2567
1338 2890
1338 5650
1338 5696
1338 7318
1338 9858
1339 5685
1339 7147
1339 9429
1340 1497
1340 1596
1340 2145
1340 2941
1340 3422
1340 3549
1340 6244
1340 7889
1340 9344
1341 1668
1341 2049
1341 3468
1341 3949
1341 4249
1341 5180
1341 5796
1341 6172
1341 6600
1341 6810
1341 8186
1341 8591
1342 1802
1342 2882
1342 3672
1342 3862
1342 6302
1342 7955
1343 2156
1343 4269
1343 7208
1343 7271
1343 8014
1343 9090
1343 9281
1343 9285
1343 9287
1344 2366
1344 2535
1344 3360
1344 9417
1345 3089
1345 5369
1345 5439
1345 5767
1345 5901
1345 8322
1345 9261
1345 9490
1345 9911
1345 9987
1346 2957
1346 3368
1346 4558
1346 6370
1346 7383
1346 8406
1346 9589
1346 9999
1347 1923
1347 2602
1347 4444
1347 5529
1347 5737
1348 1871
1348 2457
1348 3434
1348 4735
1348 5708
1348 7814
1348 9831
1349 2457
1349 3242
1349 3313
1349 4308
1349 7624
1349 8609
1349 9727
1349 9767
1350 2932
1350 3108
1350 3275
1350 3622
1350 3823
1350 4576
1350 4764
1350 5520
1350 6894
1350 7499
1350 7617
1350 7864
1350 8713
1350 9859
1351 1769
1351 2569
1351 3521
1351 5245
1351 6081
1351 6300
1351 7309
1351 7703
1351 7888
1351 8288
1351 8486
1351 8788
1352 1523
1352 3953
1352 5229
1352 5404
1352 5762
1352 5764
1352 8205
1352 9066
1352 9378
1353 1658
1353 2868
1353 5147
1353 5299
1353 7121
1353 7323
1353 7403
1353 9085
1353 9404
1354 1738
1354 2284
1354 2928
1354 3684
1354 4880
1354 5094
1354 7484
1354 9764
1355 1784
1355 2194
1355 4168
1355 4375
1355 4552
1355 5638
1355 6044
1355 6155
1355 6306
1355 6765
1355 7466
1355 8511
1355 9492
1355 9618
1355 9793
1356 1808
1356 2608
1356 2863
1356 3002
1356 5547
1356 6638
1356 6861
1356 7297
1356 7749
1356 7939
1356 9807
1357 1436
1357 1571
1357 1583
1357 2819
1357 3464
1357 3645
1357 5613
1357 5728
1357 6173
1357 7290
1357 7622
1357 7805
1357 7945
1357 8584
1357 9556
1357 9713
1358 2942
1358 4758
1358 6900
1358 7762
1358 7820
1358 8001
1358 8415
1358 8510
1358 9290
1358 9470
1358 9819
1359 1617
1359 4002
1359 7778
1360 5974
1360 8595
1361 2885
1361 4116
1361 4606
1361 4859
1361 6158
1361 6347
1361 6647
1361 8578
1361 9244
1362 1692
1362 1897
1362 4655
1362 4664
1362 5036
1362 6301
1362 6793
1362 8213
1362 8474
1362 9742
1362 9791
1363 3034
1363 3170
1363 4038
1363 4276
1363 4369
1363 7434
1363 7993
1363 9409
1363 9619
1364 1368
1364 1431
1364 2485
1364 2824
1364 7891
1364 8871
1364 9573
1364 9919
1365 1795
1365 3256
1365 4816
1365 5765
1365 6124
1365 6264
1365 7189
1365 8263
1365 9762
1366 1594
1366 3334
1366 4400
1366 7555
1366 8010
1366 8542
1367 1494
1367 4276
1368 2851
1368 5193
1368 5278
1368 6230
1368 6823
1368 8567
1368 9596
1368 9996
1369 1625
1369 1729
1369 3109
1369 4627
1369 4915
1369 6444
1369 6670
1369 6808
1369 7578
1369 7802
1369 9597
1370 1747
1370 2076
1370 2422
1370 3018
1370 3710
1370 4006
1370 4339
1370 4380
1370 4548
1370 6090
1370 6146
1370 7904
1371 2472
1371 3542
1371 4472
1371 4744
1371 5008
1371 6090
1371 7487
1372 1918
1372 4545
1372 5965
1372 7079
1372 7625
1372 8818
1372 9214
1373 1706
1373 2595
1373 3209
1373 4316
1373 4500
1373 4683
1373 4841
1373 5187
1373 6417
1373 6891
1374 1767
1374 1948
1374 2442
1374 4026
1374 4867
1374 5101
1374 5743
1374 6649
1374 6653
1374 8241
1374 8247
1374 9750
1374 9898
1375 2190
1375 2731
1375 2812
1375 3183
1375 3863
1375 3873
1375 4999
1375 5864
1375 6193
1375 6224
1375 6338
1375 6359
1375 6445
1375 6479
1375 7006
1376 1499
1376 2523
1376 2531
1376 2675
1376 3552
1376 5015
1376 5103
1376 6252
1376 9626
1377 2306
1377 2897
1377 3866
1377 5856
1377 6292
1377 6322
1377 6847
1377 7233
1378 2090
1378 2427
1378 3934
1378 5041
1378 5314
1378 5843
1378 6249
1378 7479
1379 1619
1379 1734
1379 1936
1379 2224
1379 2481
1379 3156
1379 5481
1379 5630
1379 8596
1379 9247
1380 2139
1380 4363
1380 6411
1380 7137
1380 7330
1380 7943
1380 9529
1381 1682
1381 2596
1381 3362
1381 4043
1381 4102
1381 4156
1381 5100
1381 5276
1381 5311
1381 5497
1381 7990
1381 9353
1381 9427
1381 9557
1382 2033
1382 6457
1382 8514
1382 9071
1382 9976
1383 1720
1383 3201
1383 4320
1383 4426
1383 4984
1383 6006
1383 7247
1383 7859
1384 3979
1384 5340
1384 5586
1384 6852
1384 7017
1384 9414
1384 9490
1385 3931
1385 4447
1385 5447
1385 5925
1385 5973
1385 6735
1385 7291
1385 8590
1385 9419
1385 9760
1385 9767
1386 1697
1386 1776
1386 2289
1386 3931
1386 4557
1386 4649
1386 5354
1386 5897
1386 6042
1386 6096
1386 6691
1386 8834
1387 1406
1387 3027
1387 4244
1387 4754
1387 6143
1387 7864
1387 9027
1388 2694
1388 3924
1388 4247
1388 4503
1388 5570
1388 5581
1388 6385
1388 7303
1388 7905
1388 7908
1388 8173
1388 8648
1388 8710
1388 8992
1389 1541
1389 2163
1389 2487
1389 5235
1389 5346
1389 5680
1389 6268
1389 7938
1389 8737
1389 9256
1390 2392
1390 3517
1390 3644
1390 4878
1390 5511
1390 6688
1390 8428
1390 8518
1391 1533
1391 2858
1391 3958
1391 4151
1391 4165
1391 5010
1391 6244
1391 8963
1391 9215
1392 1970
1392 3300
1392 4679
1392 4957
1392 4976
1392 5124
1392 5721
1392 5977
1392 7217
1393 1862
1393 2758
1393 3491
1393 3920
1393 4092
1393 4629
1393 4986
1393 7532
1393 7735
1393 8536
1393 9226
1393 9729
1394 2189
1394 3117
1394 3721
1394 5689
1394 7202
1394 7591
1394 7899
1394 8735
1395 2768
1395 4425
1395 6324
1395 6745
1395 8756
1396 1646
1396 1870
1396 3794
1396 4317
1396 5571
1396 6331
1396 6612
1396 6627
1396 6721
1396 7304
1396 7523
1396 7959
1396 8285
1397 3723
1397 3841
1397 5183
1397 5247
1397 5538
1397 6981
1397 7176
1397 7480
1397 8035
1397 8129
1397 8483
1397 9648
1398 2537
1398 3825
1398 8479
1398 9060
1399 1492
1399 4369
1399 5612
1399 6384
1399 7280
1399 7606
1399 8472
1399 9285
1400 4318
1400 4722
1400 6903
1400 8279
1400 8843
1400 8943
1400 9868
1401 3543
1401 5612
1401 5710
1401 6144
1401 6400
1401 6617
1402 2767
1402 3577
1402 4784
1402 8625
1402 8747
1402 9215
1402 9908
1403 3029
1403 3367
1403 4198
1403 4944
1403 5254
1403 8442
1403 8695
1403 8793
1404 3090
1404 3221
1404 5726
1405 1695
1405 3500
1405 4555
1405 5878
1405 9708
1406 4792
1406 4987
1406 7444
1406 7815
1406 8190
1406 8709
1406 9290
1406 9304
1406 9669
1407 2214
1407 2292
1407 2855
1407 2960
1407 3707
1407 4643
1407 5938
1407 6467
1407 6962
1407 7193
1407 9176
1408 2825
1408 4292
1408 4467
1408 6178
1408 6710
1408 7644
1408 7662
1408 9174
1408 9751
1409 1574
1409 6333
1409 6989
1409 7953
1410 2231
1410 4140
1410 5272
1410 7767
1410 8531
1410 8947
1410 9492
1410 9599
1411 3341
1411 3486
1411 3943
1411 4165
1411 5686
1411 6194
1411 9072
1411 9831
1412 1876
1412 3508
1412 4192
1412 6354
1412 7400
1412 8098
1412 9392
1413 2575
1413 4100
1413 6014
1413 6035
1413 8426
1414 2361
1414 4074
1414 4447
1414 4625
1414 4633
1414 6567
1414 6591
1414 6934
1414 7032
1414 7493
1414 8314
1415 1606
1415 1784
1415 1873
1415 1908
1415 2299
1415 3366
1415 3785
1415 4990
1415 5133
1415 5951
1415 6134
1415 6175
1415 6719
1415 7729
1415 7736
1415 8264
1415 8560
1415 9678
1415 9709
1416 6061
1416 6871
1416 7570
1416 7737
1416 7773
1416 8988
1417 2128
1417 2274
1417 5752
1417 6001
1417 7572
1417 7856
1417 9785
1418 3187
1418 3294
1418 3527
1418 3873
1418 7145
1418 7713
1418 8153
1419 2385
1419 2725
1419 2953
1419 2985
1419 3349
1419 4125
1419 4292
1419 5089
1419 7851
1419 8566
1419 9670
1420 3550
1420 5220
1420 5357
1420 5677
1420 6026
1420 7228
1420 9456
1421 1887
1421 1982
1421 5318
1421 8850
1422 1438
1422 5967
1422 6391
1422 7017
1422 7292
1422 8170
1422 8436
1422 8479
1422 8691
1422 9480
1423 2874
1423 3532
1423 4533
1423 4587
1423 6341
1423 7657
1423 7883
1423 8211
1423 9963
1424 2920
1424 3012
1424 3279
1424 3531
1424 9462
1425 2272
1425 2305
1425 2655
1425 3051
1425 3280
1425 5030
1425 5743
1425 9474
1425 9784
1426 2117
1426 3030
1426 4331
1426 4429
1426 4747
1426 5035
1426 6015
1426 8554
1426 9655
1426 9788
1427 3232
1427 3840
1427 5053
1427 6307
1427 7417
1427 9826
1428 2675
1428 3358
1428 6869
1428 6967
1428 7420
1428 7671
1428 9658
1429 1928
1429 2754
1429 3008
1429 4036
1429 4346
1429 9144
1429 9514
1430 4141
1430 5407
1430 6030
1430 7246
1430 8125
1430 9861
1431 3153
1431 4037
1431 4337
1431 5142
1431 5335
1431 5741
1431 5842
1431 6445
1431 7724
1431 8251
1432 2686
1432 3527
1432 5890
1432 6515
1432 7807
1432 9030
1432 9075
1432 9780
1433 1935
1433 2117
1433 2415
1433 3741
1433 5542
1433 5887
1433 6559
1433 9102
1434 2594
1434 4322
1434 4411
1434 5982
1434 6999
1434 7639
1434 7937
1435 4952
1435 6523
1435 7223
1435 7826
1435 8664
1435 9495
1436 1750
1436 2947
1436 3052
1436 4218
1436 4330
1436 6086
1436 9934
1437 2815
1437 2985
1437 3616
1437 5483
1437 7136
1437 7972
1437 8254
1437 8526
1437 8694
1437 8827
1437 8935
1438 2126
1438 3424
1438 4527
1438 6200
1438 7725
1438 8905
1438 9951
1439 2906
1439 4881
1439 5153
1439 5807
1439 6155
1439 6460
1439 6635
1439 7662
1439 7888
1439 8647
1439 8746
1439 9019
1439 9495
1439 9621
1440 4857
1440 4928
1440 6048
1440 6519
1440 7970
1440 9564
1440 9792
1441 2761
1441 3856
1441 4904
1441 5505
1441 5907
1441 5978
1441 6956
1441 7496
1441 8703
1441 8975
1441 9400
1442 1893
1442 8869
1442 9058
1443 2235
1443 2927
1443 5517
1443 5896
1443 6116
1443 6285
1443 6463
1443 6783
1443 6942
1443 7328
1443 9878
1444 2555
1444 4497
1444 5223
1444 7775
1444 9270
1445 2417
1445 2494
1445 4697
1445 5250
1445 7333
1445 7620
1446 2194
1446 2432
1446 3690
1446 3763
1446 5150
1446 8397
1446 8669
1447 1794
1447 1800
1447 2265
1447 4975
1447 7328
1447 8283
1448 1495
1448 3114
1448 3246
1448 3430
1448 4024
1448 4741
1448 5195
1448 6113
1448 7157
1448 7655
1448 9727
1449 1759
1449 1899
1449 3233
1449 3483
1449 3501
1449 5638
1449 5812
1449 6300
1449 6386
1449 6391
1449 7542
1449 7920
1449 9496
1449 9716
1450 4512
1450 6411
1450 6479
1450 7179
1450 7539
1450 7885
1451 1951
1451 2175
1451 3203
1451 6248
1452 1765
1452 2010
1452 6992
1452 7136
1452 7733
1452 8141
1453 3779
1453 3797
1453 4012
1453 4094
1453 4624
1453 4764
1453 5318
1453 6117
1453 6120
1453 7391
1453 8719
1453 8987
1453 9252
1453 9313
1453 9855
1454 3349
1454 3469
1454 4071
1454 4089
1454 4486
1454 4575
1454 4638
1454 7393
1454 8823
1454 8946
1455 2668
1455 4480
1455 4677
1455 5593
1455 6921
1455 8777
1455 9096
1455 9388
1456 2244
1456 2390
1456 2526
1456 3381
1456 3768
1456 3813
1456 4451
1456 5324
1456 5444
1456 8353
1456 8968
1456 9696
1457 2101
1457 2124
1457 3279
1457 3498
1457 6348
1457 9749
1458 1521
1458 2585
1458 5246
1458 6160
1458 7585
1458 7658
1458 7788
1458 7858
1459 5505
1459 5993
1459 6310
1459 6715
1459 9812
1460 2449
1460 3068
1460 3597
1460 4067
1460 4294
1460 5414
1460 5422
1460 5535
1460 6071
1461 2402
1461 3417
1461 3879
1461 4496
1461 6263
1461 7322
1461 7825
1461 8062
1461 9183
1461 9525
1462 2532
1462 2931
1462 3082
1462 3515
1462 4375
1462 4785
1462 4907
1462 5440
1462 7118
1463 2381
1463 3182
1463 3678
1463 4458
1463 5188
1463 5509
1463 5526
1463 5750
1463 6481
1463 7162
1463 7424
1463 8832
1463 9239
1464 1686
1464 2120
1464 2599
1464 4015
1464 5343
1464 7897
1465 2009
1465 2182
1465 3670
1465 4200
1465 4779
1465 5028
1465 7047
1465 8818
1466 2008
1466 2032
1466 2256
1466 2341
1466 2368
1466 3082
1466 4923
1466 5809
1466 6211
1466 6804
1466 7591
1466 7940
1466 8720
1466 9830
1467 2092
1467 2358
1467 2824
1467 3677
1467 4703
1467 5755
1467 5902
1467 5910
1467 6569
1467 8707
1467 9527
1468 1711
1468 2237
1468 2628
1468 6646
1468 8559
1468 8830
1468 9027
1468 9035
1468 9573
1469 2185
1469 2200
1469 3029
1469 3766
1469 4441
1469 5002
1469 5263
1469 5859
1469 6507
1469 7345
1470 2156
1470 2385
1470 3455
1470 4714
1470 6657
1470 7269
1470 9161
1471 1707
1471 2317
1471 2433
1471 3352
1471 4520
1471 5192
1471 5828
1471 6329
1471 9393
1472 1923
1472 2373
1472 3999
1472 4851
1472 4940
1472 5235
1472 7212
1472 7669
1472 8676
1472 9898
1473 3444
1473 3663
1473 4055
1473 4538
1473 4927
1473 5695
1473 6246
1473 8865
1474 2267
1474 3875
1474 4473
1474 6805
1474 7135
1474 7423
1474 8314
1474 8574
1475 2370
1475 2891
1475 3079
1475 3940
1475 4601
1475 6282
1475 6962
1475 7401
1475 7748
1475 8258
1475 8400
1475 9163
1476 1533
1476 4023
1476 4225
1476 5077
1476 5804
1476 5854
1476 6110
1476 8323
1477 2009
1477 2810
1477 3428
1477 3569
1477 5627
1477 5914
1477 6158
1477 7370
1477 7829
1477 8404
1478 2690
1478 3488
1478 5180
1478 9763
1479 2430
1479 2799
1479 3124
1479 3647
1479 3705
1479 3863
1479 6073
1479 6853
1479 8337
1479 9167
1479 9315
1480 1795
1480 3290
1480 3505
1480 5082
1480 5374
1480 5441
1480 7090
1480 9085
1480 9556
1480 9814
1481 2558
1481 6502
1481 6770
1481 7427
1481 8064
1481 9167
1481 9310
1482 1864
1482 4677
1482 8121
1482 8359
1482 9581
1483 3732
1483 3744
1483 4121
1483 4339
1483 5772
1483 6536
1483 6728
1483 6884
1483 7395
1483 8879
1484 1727
1484 2040
1484 2950
1484 4879
1484 6213
1484 8290
1485 4372
1485 5571
1485 8914
1485 9091
1485 9119
1486 1515
1486 2065
1486 2505
1486 2546
1486 3216
1486 4578
1486 5845
1486 6593
1486 8428
1486 8995
1486 9050
1486 9156
1487 1934
1487 2121
1487 2688
1487 3214
1487 3424
1487 3732
1487 5021
1487 5707
1487 6403
1487 6796
1487 7669
1487 8576
1487 8909
1487 9119
1488 5392
1488 5594
1488 5955
1488 6306
1488 6482
1488 8018
1488 8245
1489 1835
1489 1859
1489 2054
1489 2621
1489 3114
1489 3323
1489 3872
1489 4302
1489 4978
1489 5066
1489 6325
1489 6393
1489 6774
1489 8168
1490 1844
1490 3009
1490 3593
1490 3671
1490 4086
1490 6285
1490 6316
1490 6730
1490 8507
1490 8658
1490 8880
1490 9175
1491 2165
1491 2416
1491 2570
1491 2920
1491 3823
1491 4065
1491 7976
1491 8458
1491 9243
1491 9511
1491 9906
1492 1732
1492 2286
1492 2512
1492 4148
1492 4541
1492 5377
1492 5761
1492 8987
1492 9202
1493 2291
1493 2333
1493 2407
1493 2438
1493 2542
1493 3178
1493 3464
1493 5569
1493 5588
1493 6994
1493 7365
1493 8307
1493 8486
1493 9033
1493 9782
1494 2503
1494 3657
1494 3704
1494 5190
1494 5227
1494 6064
1494 7063
1494 7658
1494 8455
1494 9833
1494 9900
1495 2295
1495 3228
1495 5119
1495 5470
1495 7826
1495 8289
1495 9364
1495 9610
1496 1994
1496 2207
1496 2588
1496 3112
1496 4742
1496 4994
1496 6465
1496 6970
1496 7855
1496 8127
1496 9714
1496 9753
1496 9832
1496 9859
1497 2707
1497 2979
1497 5765
1497 6453
1497 8162
1498 2456
1498 3382
1498 4715
1498 5634
1498 8117
1498 9093
1499 2506
1499 2861
1499 5284
1499 5414
1499 6534
1500 1849
1500 2795
1500 4857
1500 5021
1500 5931
1500 6018
1500 7659
1500 9476
1500 9661
1501 2392
1501 2697
1501 3801
1501 4977
1501 6731
1501 7434
1501 7933
1501 8238
1501 8443
1501 9525
1502 1614
1502 2177
1502 2544
1502 2585
1502 2959
1502 3114
1502 4473
1502 6165
1502 6560
1502 8962
1502 9359
1502 9769
1502 9786
1502 9900
1503 1732
1503 4574
1503 4876
1503 5184
1503 6085
1503 7234
1503 7469
1503 7607
1503 7679
1503 8110
1503 8653
1503 9471
1504 2082
1504 2211
1504 2244
1504 2918
1504 4770
1504 4987
1504 5178
1504 5181
1504 5703
1504 7387
1504 8516
1504 8609
1504 8724
1504 9302
1504 9759
1505 6128
1505 8606
1505 9654
1506 2915
1506 3012
1506 3159
1506 4950
1506 6610
1506 7204
1506 9136
1507 2573
1507 3136
1507 4239
1507 5246
1507 5323
1507 5496
1507 6393
1507 6479
1507 9035
1508 4448
1508 5038
1508 8137
1508 8153
1508 8261
1508 9097
1509 1907
1509 3219
1509 3901
1509 5551
1509 5744
1509 7328
1509 9486
1509 9668
1509 9727
1509 9817
1510 1575
1510 4490
1510 6328
1510 6723
1510 7009
1510 7108
1510 8334
1511 1882
1511 2651
1511 2939
1511 5275
1511 5607
1511 6807
1511 8531
1512 2215
1512 2392
1512 2494
1512 2921
1512 4312
1512 8345
1513 2460
1513 4288
1513 4976
1513 6988
1513 7120
1513 7434
1513 8101
1513 9258
1514 5198
1514 5441
1514 5802
1514 6259
1514 6274
1514 7122
1514 9439
1514 9594
1515 4615
1515 5670
1515 7285
1515 7440
1515 7552
1515 7675
1516 2009
1516 3222
1516 3433
1516 5029
1516 7851
1517 1772
1517 1937
1517 3719
1517 4911
1517 5818
1517 6001
1517 6816
1517 6859
1517 7299
1517 9160
1517 9989
1518 2152
1518 3616
1518 5616
1518 5723
1518 6093
1518 7288
1518 7397
1518 8790
1518 8835
1518 9520
1519 2482
1519 4522
1519 5435
1519 7424
1519 7472
1519 9867
1520 2246
1520 3127
1520 3422
1520 4166
1520 4477
1520 5348
1520 7188
1520 7269
1520 7392
1520 7489
1520 8899
1521 2546
1521 2899
1521 5102
1522 4057
1522 7506
1522 8029
1522 8179
1522 9663
1523 1616
1523 3487
1523 4414
1523 5170
1523 5245
1523 6010
1523 6581
1523 7426
1523 7930
1524 2453
1524 3879
1524 4878
1524 7079
1524 7993
1524 9371
1525 2476
1525 4658
1525 5236
1525 5847
1525 8188
1525 8961
1526 2536
1526 2902
1526 4831
1526 5691
1527 1849
1527 3680
1527 5193
1527 7128
1528 1831
1528 2810
1528 6748
1528 8409
1528 9939
1529 1822
1529 2016
1529 3248
1529 4061
1529 5403
1529 8798
1530 2256
1530 3441
1530 4106
1530 4185
1530 5885
1530 6822
1530 6833
1530 7389
1530 8379
1530 9981
1531 3146
1531 3729
1531 4267
1531 4320
1531 5915
1531 7356
1531 7367
1531 9012
1531 9397
1531 9805
1532 1914
1532 4497
1532 4527
1532 8021
1532 9460
1533 1626
1533 2144
1533 2374
1533 2743
1533 3551
1533 3661
1533 4662
1533 7801
1533 8299
1533 8848
1533 9468
1533 9959
1534 3509
1534 3944
1534 3974
1534 6784
1534 8951
1534 9210
1534 9513
1535 1641
1535 3897
1535 5098
1535 6792
1535 8673
1535 9093
1535 9959
1536 1665
1536 2128
1536 4336
1536 5204
1536 6398
1536 6672
1536 6726
1536 6755
1536 7275
1536 7658
1536 8007
1536 8179
1536 8378
1537 4601
1537 6158
1537 6851
1537 8628
1537 9252
1537 9383
1538 2580
1538 2989
1538 3936
1538 4270
1538 4423
1538 5487
1538 7140
1538 8432
1538 9374
1539 3207
1539 3989
1539 7148
1539 9237
1540 1716
1540 3683
1540 3844
1540 4553
1540 4767
1540 5469
1540 5609
1540 9436
1541 1665
1541 2446
1541 2570
1541 2905
1541 3397
1541 3500
1541 3561
1541 3832
1541 4751
1541 7876
1542 1932
1542 2169
1542 2215
1542 2390
1542 3357
1542 3420
1542 3740
1542 3936
1542 4801
1542 6121
1542 6222
1542 7278
1542 9771
1543 2301
1543 3227
1543 5628
1543 6790
1543 6826
1543 6886
1543 8512
1543 8890
1543 8923
1544 1582
1544 4563
1544 4578
1544 4581
1544 5563
1544 6179
1544 6322
1544 7300
1544 7422
1544 7955
1544 8625
1544 8997
1545 1827
1545 4334
1545 5315
1545 5549
1545 6100
1545 9412
1546 1993
1546 2350
1546 2819
1546 4250
1546 4831
1546 4842
1546 6774
1546 6845
1546 7082
1546 7181
1546 9324
1547 3243
1547 4006
1547 4387
1547 4449
1547 4577
1547 7458
1547 8242
1547 8924
1548 4311
1548 5466
1548 6970
1548 7055
1548 7556
1548 7824
1548 9216
1549 3095
1549 5103
1549 6024
1549 6409
1549 7469
1549 7633
1549 9519
1550 3200
1550 3898
1550 4098
1550 5415
1550 6508
1550 7768
1550 8317
1550 8435
1550 8796
1550 9112
1551 2657
1551 3010
1551 3609
1551 4935
1551 7181
1551 8333
1552 2999
1552 3299
1552 6839
1552 8270
1552 9136
1552 9493
1552 9563
1553 3179
1553 5224
1553 6092
1553 7096
1553 7292
1554 3253
1554 4973
1554 5025
1554 5469
1554 5588
1554 7937
1554 9157
1554 9173
1555 1645
1555 1669
1555 2209
1555 3248
1555 3568
1555 5541
1555 5714
1555 8233
1556 2665
1556 3477
1556 3496
1556 3715
1556 4819
1556 4996
1556 6389
1556 8114
1557 3355
1557 3698
1557 3822
1557 5511
1557 6680
1557 9530
1558 2445
1558 2701
1558 2780
1558 2798
1558 3550
1558 4408
1558 6118
1558 6571
1558 7195
1558 7243
1558 7280
1558 8854
1559 3963
1559 3996
1559 5911
1559 5971
1559 6464
1559 7701
1559 8832
1559 9051
1559 9261
1559 9293
1560 2802
1560 3194
1560 4421
1560 6016
1560 6031
1560 6298
1560 7320
1560 7772
1561 3677
1561 4220
1561 5981
1561 7779
1561 8336
1561 9868
1562 2363
1562 5804
1562 6255
1562 6576
1562 6647
1562 9690
1563 1578
1563 4513
1563 4639
1563 5380
1563 8066
1563 8610
1563 9711
1564 1794
1564 2493
1564 4082
1564 5093
1564 6095
1564 6412
1564 6792
1564 7222
1564 7707
1564 7995
1565 2842
1565 3661
1565 3683
1565 4019
1565 4357
1565 6579
1565 7762
1565 8602
1565 9154
1566 1766
1566 1860
1566 2995
1566 3175
1566 3315
1566 3485
1566 3488
1566 5099
1566 5136
1566 5301
1566 6396
1566 6549
1566 6984
1567 3506
1567 5852
1567 5962
1567 6470
1567 6679
1567 6997
1567 8991
1567 9703
1568 1922
1568 2640
1568 3419
1568 3689
1568 3958
1568 4286
1568 4534
1568 4960
1568 5757
1568 6071
1568 6091
1568 6286
1568 6522
1568 7397
1568 9288
1569 4292
1569 4533
1569 5169
1569 8650
1570 3125
1570 3345
1570 4131
1570 5013
1570 5126
1570 6431
1570 6836
1570 7213
1570 7508
1570 7517
1570 8118
1571 2322
1571 2354
1571 2950
1571 3600
1571 4121
1571 4319
1571 4763
1571 4975
1571 5102
1571 5199
1571 5717
1571 6670
1571 8551
1572 3506
1572 4172
1572 4820
1572 5408
1572 5577
1572 5739
1572 6497
1572 8005
1572 8227
1572 9353
1573 1635
1573 5722
1573 7890
1573 8437
1573 8616
1573 8765
1573 9260
1574 2900
1574 3176
1574 4417
1574 4514
1574 4904
1574 5222
1574 7247
1574 7804
1574 7878
1575 1843
1575 1862
1575 2185
1575 2902
1575 3265
1575 3684
1575 3887
1575 4232
1575 4674
1575 5219
1575 5504
1575 6662
1575 7099
1575 8545
1575 9765
1576 3533
1576 4926
1576 5439
1576 5639
1577 2168
1577 2648
1577 3849
1577 6220
1577 6299
1577 6995
1578 2294
1578 4379
1578 4780
1578 5051
1578 7050
1578 8092
1578 8377
1579 4091
1579 4654
1579 6694
1579 7194
1579 9302
1580 1968
1580 1981
1580 2648
1580 2916
1580 5024
1580 5027
1580 7024
1580 7913
1581 3546
1581 4178
1581 4463
1581 4904
1581 6469
1581 8097
1581 8339
1581 8534
1581 8845
1581 9261
1582 2163
1582 2492
1582 2661
1582 3602
1582 3995
1582 4447
1582 6329
1582 6393
1582 7896
1582 8210
1582 8223
1582 9520
1582 9657
1582 9709
1583 1727
1583 2080
1583 2151
1583 3764
1583 5136
1583 8835
1584 2074
1584 3449
1584 4306
1584 4823
1584 5957
1584 7558
1584 8411
1584 9259
1585 1715
1585 1740
1585 4012
1585 4876
1585 5521
1585 6565
1585 9543
1586 1851
1586 2885
1586 5612
1586 6906
1586 7153
1586 8052
1586 8113
1586 8412
1587 3138
1587 3257
1587 4048
1587 5821
1587 6188
1587 6371
1587 7659
1587 8513
1587 8742
1587 9443
1587 9981
1588 1715
1588 1952
1588 2410
1588 2556
1588 2733
1588 4587
1588 6005
1588 9605
1589 2262
1589 4549
1589 4799
1589 4992
1589 5752
1589 6285
1589 6895
1589 7467
1589 7844
1590 1833
1590 2168
1590 2625
1590 3433
1590 4081
1590 4935
1590 5633
1590 5869
1590 6091
1590 6136
1590 6704
1590 6851
1590 7329
1591 4070
1591 4330
1591 4402
1591 4415
1591 5849
1591 6129
1591 6653
1591 6728
1591 7011
1591 8628
1591 8706
1591 9076
1591 9839
1592 2919
1592 4369
1592 5492
1592 5785
1592 7674
1592 8337
1592 8918
1593 2986
1593 3027
1593 4262
1593 4835
1593 4980
1593 5591
1593 6204
1593 6533
1593 7110
1593 7339
1593 7539
1593 7827
1594 1773
1594 1805
1594 3024
1594 4300
1594 4491
1594 4500
1594 5870
1594 6749
1594 9054
1595 2389
1595 2489
1595 3452
1595 3977
1595 5321
1595 6822
1595 9084
1596 2632
1596 3728
1596 4435
1596 4530
1596 4687
1596 9296
1596 9467
1596 9707
1597 1883
1597 3128
1597 3650
1597 5645
1597 7078
1597 9215
1597 9237
1597 9576
1598 2635
1598 3271
1598 4139
1598 4920
1598 6187
1598 8010
1598 9071
1598 9830
1599 3242
1599 5550
1599 6035
1599 6131
1599 6935
1599 7627
1600 3473
1600 4138
1600 4363
1600 5935
1600 7267
1600 8280
1600 8592
1600 9127
1600 9331
1600 9480
1601 2644
1601 4188
1601 4820
1601 5769
1601 6548
1601 6589
1601 7058
1601 8455
1601 8532
1601 8796
1601 9153
1602 5316
1602 7359
1602 8762
1602 8786
1602 8902
1602 8951
1602 8994
1603 3493
1603 3763
1603 5434
1603 6590
1603 7340
1603 7474
1603 7825
1603 8580
1603 9435
1603 9648
1604 3463
1604 4568
1604 4782
1604 5397
1604 6336
1604 6792
1604 7617
1604 8561
1604 9687
1605 2707
1605 3038
1605 4438
1605 5857
1605 7651
1605 8189
1606 4140
1606 4650
1606 4728
1606 5270
1606 5305
1606 6993
1606 8058
1606 9371
1607 2060
1607 4089
1607 5854
1607 7477
1607 7500
1607 9889
1608 2685
1608 3038
1608 6864
1608 8185
1608 8840
1608 9845
1608 9964
1609 3177
1609 4607
1609 5492
1609 5695
1609 6258
1609 7092
1610 2650
1610 2941
1610 3506
1610 5797
1610 6667
1610 8946
1611 2171
1611 2757
1611 4032
1611 4372
1611 6183
1611 6201
1611 6613
1611 6936
1611 7993
1612 1966
1612 2183
1612 3763
1612 3940
1612 5695
1612 5721
1612 5737
1612 6614
1612 6929
1612 7793
1612 8636
1612 9337
1613 1770
1613 2217
1613 3157
1613 3633
1613 4621
1613 4826
1613 5269
1613 6294
1613 6695
1613 7437
1613 7915
1613 8076
1613 8899
1613 8966
1613 9160
1614 2891
1614 4122
1614 4211
1614 4344
1614 5292
1614 9189
1614 9203
1615 3316
1615 3367
1615 3608
1615 4029
1615 5085
1615 5179
1615 5747
1615 8912
1615 8939
1615 9213
1615 9881
1616 2243
1616 2268
1616 2872
1616 2958
1616 3298
1616 3572
1616 4792
1616 5875
1616 6027
1616 9274
1616 9563
1617 1991
1617 2814
1617 3376
1617 3859
1617 4836
1617 6636
1617 7336
1617 8642
1617 9427
1617 9515
1617 9815
1618 2842
1618 6288
1618 6385
1618 6882
1618 8468
1618 9010
1618 9178
1619 1689
1619 2599
1619 3246
1619 4570
1619 5751
1619 6330
1619 6927
1619 8395
1619 9444
1620 1725
1620 2951
1620 4161
1620 4615
1620 5416
1620 5999
1621 2009
1621 4134
1621 5014
1621 5500
1621 7255
1621 8289
1622 2345
1622 3635
1622 5297
1622 5388
1622 5665
1622 6264
1623 2895
1623 4953
1623 5175
1623 5457
1623 5839
1623 5956
1624 2678
1624 4274
1624 4890
1624 9339
1624 9920
1625 1749
1625 1959
1625 2930
1625 5594
1625 6810
1625 6889
1625 7438
1626 2124
1626 3002
1626 3352
1626 3408
1626 3601
1626 4187
1626 4853
1626 5587
1626 8071
1626 8894
1626 9428
1626 9612
1626 9700
1627 2652
1627 4997
1627 6161
1627 8421
1627 9526
1627 9612
1628 1827
1628 4011
1628 4181
1628 4864
1628 6723
1628 8885
1628 8904
1628 9278
1628 9470
1629 2140
1629 2616
1629 2689
1629 3920
1629 7006
1629 7405
1629 7563
1629 7687
1630 1966
1630 2009
1630 2027
1630 2730
1630 4184
1630 4651
1630 4861
1630 5460
1630 5712
1630 6102
1630 6506
1630 6646
1630 6809
1630 8820
1631 2430
1631 3422
1631 3856
1631 4310
1631 4804
1631 4829
1631 7341
1631 7692
1631 7772
1631 8422
1631 8945
1631 9351
1632 4733
1632 6390
1632 7259
1632 8223
1632 9716
1633 1726
1633 2521
1633 2524
1633 2933
1633 3938
1633 5457
1633 7620
1633 7840
1633 9053
1633 9997
1634 2413
1634 2475
1634 5546
1634 6165
1634 8623
1634 9645
1635 2879
1635 5571
1635 5743
1635 6489
1635 6569
1635 6624
1635 6930
1635 7001
1635 7078
1635 7730
1635 8599
1635 8649
1635 9959
1636 2933
1636 4391
1636 5388
1636 5583
1636 5830
1636 9085
1636 9698
1637 3568
1637 3683
1637 4253
1637 5820
1637 5944
1637 7600
1637 8340
1637 8397
1637 9073
1637 9519
1637 9812
1638 2960
1638 4922
1638 5783
1638 5999
1638 6197
1638 6734
1638 6820
1638 7356
1638 8684
1639 1833
1639 2060
1639 2303
1639 2697
1639 3654
1639 5789
1639 5923
1639 7509
1640 5737
1640 6268
1640 7312
1640 8227
1640 9356
1640 9561
1640 9830
1640 9948
1641 1976
1641 4452
1641 5043
1641 6467
1641 8878
1641 9874
1642 2384
1642 2971
1642 3145
1642 3251
1642 3652
1642 5597
1642 5937
1642 6611
1642 6642
1642 6906
1642 8678
1643 2779
1643 3740
1643 3760
1643 3929
1643 4060
1643 4883
1643 5595
1643 6251
1643 7005
1643 7205
1643 7584
1643 8964
1643 9714
1644 2892
1644 3168
1644 4722
1644 6459
1644 8821
1644 9470
1644 9914
1645 2134
1645 5360
1645 5899
1645 7935
1645 8226
1645 8572
1645 9188
1645 9228
1645 9938
1646 3043
1646 4732
1646 4826
1646 5147
1646 5172
1646 6616
1646 9191
1646 9689
1646 9809
1647 2277
1647 2330
1647 3254
1647 5623
1647 8022
1647 9108
1647 9175
1648 3204
1648 4308
1648 4905
1648 5629
1648 5804
1648 6546
1648 6969
1648 7447
1648 8061
1648 8523
1648 8835
1648 9108
1649 3068
1649 3339
1649 5377
1649 6633
1649 6671
1649 7430
1649 8771
1650 2697
1650 4368
1650 5258
1650 6022
1650 8770
1650 9012
1651 3594
1651 4518
1651 4600
1651 6414
1651 7869
1651 8561
1651 8842
1651 9428
1652 1788
1652 3196
1652 3227
1652 4723
1652 4852
1652 5036
1652 6772
1652 6853
1652 6879
1652 9823
1653 1788
1653 3106
1653 4644
1653 4896
1653 6106
1653 6168
1653 7819
1653 8447
1653 9567
1654 2137
1654 2586
1654 4129
1654 4200
1654 5047
1654 5681
1654 5805
1654 6647
1654 6721
1654 7679
1654 9032
1655 2015
1655 2383
1655 6843
1655 7003
1655 7650
1655 8859
1656 2079
1656 2202
1656 2970
1656 4875
1656 5499
1656 6796
1656 7101
1656 8386
1656 8918
1657 1883
1657 2480
1657 2987
1657 3550
1657 3708
1657 4379
1657 4472
1657 6644
1658 3092
1658 7252
1658 7544
1658 8008
1658 8746
1659 2230
1659 5295
1659 7684
1659 7805
1659 8362
1659 8739
1660 3320
1660 4016
1660 4428
1660 4489
1660 6448
1660 6690
1660 7149
1660 7767
1660 8081
1660 8469
1660 8498
1660 9020
1660 9916
1661 2813
1661 2850
1661 3849
1661 4076
1661 5791
1661 7950
1661 8660
1662 2970
1662 3247
1662 3940
1662 4126
1662 5398
1662 6369
1662 7061
1662 7692
1662 7714
1662 9384
1662 9574
1663 2016
1663 2747
1663 3074
1663 3379
1663 3705
1663 4626
1663 5528
1663 5974
1663 8609
1663 8744
1664 3650
1664 5620
1664 5767
1664 8191
1664 9892
1665 4217
1665 4942
1665 6557
1665 6946
1665 8033
1665 9528
1666 1886
1666 2348
1666 3403
1666 4525
1666 4692
1666 6243
1666 7022
1666 8040
1666 8261
1667 2653
1667 2954
1667 4291
1667 6800
1667 9610
1667 9794
1668 2151
1668 2497
1668 3683
1668 4412
1668 4975
1668 5507
1668 7228
1668 8920
1668 9284
1668 9523
1668 9612
1669 2793
1669 3152
1669 3622
1669 4722
1669 6873
1669 7069
1669 7225
1669 7678
1669 9700
1670 2000
1670 2835
1670 6553
1670 7042
1670 7459
1670 7668
1670 8854
1671 2273
1671 2837
1671 3074
1671 3978
1671 8367
1671 8497
1671 9747
1672 2995
1672 3157
1672 5257
1672 5678
1672 6299
1672 8036
1672 8484
1672 8787
1672 8969
1672 9434
1673 2992
1673 4187
1673 5577
1673 5828
1673 6009
1673 6840
1673 7398
1673 8856
1673 9123
1674 1909
1674 2938
1674 3341
1674 3713
1674 5210
1674 5827
1674 6286
1674 6660
1674 7186
1674 7574
1674 7831
1674 7896
1675 1714
1675 5376
1675 6965
1675 7181
1675 8652
1676 2237
1676 3460
1676 3555
1676 3661
1676 3794
1676 3968
1676 4225
1676 5309
1677 2570
1677 2872
1677 2981
1677 3605
1677 3648
1677 4046
1677 4283
1677 6520
1677 6563
1677 6573
1677 6752
1677 7123
1677 7161
1677 7543
1677 8167
1677 8762
1677 8840
1677 9546
1677 9743
1677 9806
1678 2017
1678 2069
1678 2592
1678 3618
1678 4994
1678 6299
1678 7323
1678 7375
1678 7408
1678 7920
1678 7935
1679 1897
1679 2275
1679 3107
1679 3368
1679 3772
1679 5160
1679 6468
1679 7807
1680 1941
1680 4197
1680 4701
1680 5561
1680 6279
1680 8297
1680 8318
1680 8458
1680 9211
1681 1883
1681 1895
1681 2270
1681 3177
1681 5712
1681 7116
1681 8158
1681 8231
1681 8249
1681 8339
1681 8429
1681 8512
1681 9184
1681 9458
1682 1774
1682 2009
1682 3365
1682 4333
1682 4919
1682 6669
1682 6952
1682 7254
1682 7767
1682 9024
1683 2045
1683 2706
1683 3214
1683 3598
1683 4560
1683 6844
1683 7358
1683 8145
1683 9500
1684 1772
1684 2941
1684 3839
1684 6706
1684 7133
1684 9483
1685 7008
1685 7698
1685 8336
1685 9484
1686 2639
1686 3417
1686 3617
1686 4745
1686 5931
1686 6163
1686 7839
1686 8438
1686 9647
1686 9776
1687 2645
1687 2655
1687 3053
1687 3410
1687 7523
1688 5117
1688 5142
1688 6438
1688 7697
1688 8664
1688 8924
1688 9039
1688 9471
1688 9855
1689 1880
1689 2171
1689 2589
1689 3097
1689 3715
1689 3976
1689 4313
1689 5435
1689 5680
1689 5855
1689 6412
1689 7381
1689 8035
1689 8748
1690 2602
1690 3105
1690 5209
1690 6566
1690 6927
1690 7260
1690 8415
1691 2555
1691 6558
1691 7899
1691 9214
1691 9452
1692 1855
1692 2529
1692 5626
1692 5766
1692 7566
1692 7777
1692 9270
1693 1890
1693 3371
1693 4735
1693 4740
1693 7415
1693 7594
1693 9351
1693 9355
1693 9594
1694 2452
1694 3746
1694 4876
1694 6103
1694 7515
1694 8231
1694 8740
1694 8847
1694 9283
1694 9895
1694 9995
1695 2963
1695 3556
1695 4444
1695 4556
1695 5599
1695 5812
1695 5954
1695 8155
1695 8313
1695 9011
1695 9015
1695 9232
1695 9404
1696 7294
1696 9344
1697 3747
1697 4408
1697 6363
1697 6420
1697 6815
1697 9841
1698 1834
1698 2612
1698 2614
1698 2677
1698 6388
1698 6799
1698 6845
1698 8261
1699 3519
1699 5986
1699 7949
1699 8019
1699 8774
1699 9385
1700 1995
1700 2116
1700 2896
1700 3453
1700 4209
1700 5879
1700 7041
1700 8287
1700 8637
1700 8661
1700 9301
1701 2301
1701 3637
1701 6864
1701 9736
1701 9852
1702 2011
1702 3690
1702 3978
1702 4059
1702 4574
1702 4587
1702 6576
1702 8572
1702 9101
1703 1911
1703 2617
1703 2739
1703 5005
1703 7561
1703 8358
1703 9603
1704 2252
1704 3723
1704 6498
1704 8140
1704 8518
1704 8611
1704 8683
1704 9157
1704 9335
1704 9787
1705 3121
1705 5461
1705 5870
1705 9446
1706 4724
1706 4741
1706 5039
1706 5165
1706 5798
1706 6329
1706 7222
1706 7261
1706 7299
1706 8248
1706 8440
1706 8781
1707 2060
1707 3206
1707 4412
1707 6128
1707 8305
1707 8743
1707 8995
1707 9679
1708 3673
1708 5056
1708 9977
1709 5084
1709 7046
1709 7435
1709 7583
1709 7974
1709 9114
1709 9225
1709 9919
1710 2713
1710 2764
1710 2938
1710 5165
1710 5268
1710 6498
1710 6783
1710 8171
1710 8310
1711 1830
1711 2605
1711 3181
1711 4294
1711 4525
1711 5259
1711 6011
1711 6916
1711 7167
1711 8094
1712 3462
1712 4181
1712 4191
1712 5075
1712 6021
1712 8227
1712 8459
1713 2733
1713 3171
1713 3512
1713 3800
1713 4130
1713 4832
1713 5611
1713 6693
1713 7480
1713 7908
1713 8788
1713 9008
1713 9481
1714 3351
1714 4197
1714 5650
1714 5812
1714 6621
1714 7305
1714 7597
1714 7764
1714 7879
1714 7984
1714 8957
1714 9237
1714 9424
1714 9948
1715 2005
1715 2870
1715 3305
1715 5313
1715 5995
1715 6684
1715 7475
1715 8090
1715 8899
1715 8930
1715 9721
1716 1881
1716 2737
1716 6022
1716 6580
1716 9089
1716 9145
1717 2436
1717 4474
1717 5272
1717 5293
1717 6171
1717 6213
1717 6426
1717 6487
1717 6770
1717 7440
1717 9209
1717 9540
1717 9543
1718 2464
1718 2785
1718 2801
1718 2976
1718 3823
1718 4403
1718 5280
1718 5341
1718 6435
1718 6904
1718 8111
1718 8345
1718 8565
1718 8841
1718 9270
1718 9857
1719 1758
1719 3136
1719 5071
1719 5475
1719 5796
1719 8237
1719 9360
1720 3351
1720 6005
1720 6624
1720 7025
1720 8043
1720 8491
1720 8687
1720 9486
1720 9711
1721 2147
1721 3890
1721 4349
1721 5491
1722 1939
1722 3567
1722 3668
1722 5985
1722 7207
1722 8089
1722 9068
1722 9403
1723 1986
1723 2348
1723 2819
1723 4910
1723 5455
1723 5699
1723 6792
1723 8264
1723 8329
1723 8747
1723 9730
1724 1839
1724 2154
1724 2369
1724 2699
1724 3266
1724 3349
1724 4353
1724 5304
1724 5691
1724 6790
1724 7929
1724 7976
1724 9001
1724 9275
1725 1962
1725 3220
1725 3457
1725 3886
1725 4140
1725 6980
1725 9613
1725 9745
1726 2357
1726 2790
1726 4075
1726 5151
1726 5247
1726 6613
1726 6732
1726 7785
1726 8105
1726 8638
1726 8763
1726 9096
1726 9306
1727 4169
1727 5386
1727 5589
1727 6496
1727 6557
1727 7331
1727 7505
1727 8360
1727 9983
1728 1955
1728 3809
1728 3998
1728 4360
1728 4485
1728 7130
1728 9575
1728 9696
1729 2076
1729 2356
1729 7430
1729 7777
1730 2611
1730 4904
1730 5966
1730 6024
1730 8109
1730 8676
1730 8707
1730 9012
1730 9806
1731 2086
1731 2465
1731 2619
1731 2817
1731 7805
1731 8170
1731 9449
1732 3436
1732 5412
1732 7855
1732 8661
1732 8943
1732 9784
1733 1934
1733 4364
1733 6968
1733 7085
1733 7488
1733 8547
1733 8641
1733 8953
1733 9129
1734 2101
1734 3048
1734 5609
1734 5780
1734 6621
1734 7248
1734 9165
1734 9612
1735 2898
1735 3661
1735 4243
1735 5158
1735 5302
1735 6420
1736 5234
1736 5407
1736 8820
1737 3679
1737 4340
1737 5875
1737 7764
1737 7869
1737 7926
1737 8687
1737 9556
1738 2298
1738 3293
1738 4563
1738 4781
1738 5598
1738 8112
1738 9063
1738 9101
1738 9504
1738 9878
1739 1792
1739 2635
1739 5697
1739 5862
1739 5892
1739 7181
1739 7752
1739 9158
1740 2418
1740 5646
1740 6358
1740 8881
1741 1809
1741 3755
1741 4343
1741 6695
1741 7065
1741 7900
1741 8855
1741 9463
1741 9831
1742 2145
1742 4443
1742 4613
1742 5435
1742 6063
1742 6205
1742 6482
1742 7608
1742 7705
1742 9742
1743 1891
1743 2090
1743 2528
1743 6484
1744 1905
1744 2315
1744 4047
1744 5383
1744 6354
1744 6355
1744 8488
1744 8669
1745 1837
1745 2109
1745 2356
1745 3641
1745 4214
1745 4336
1745 5938
1745 8510
1745 8627
1745 8953
1745 9970
1746 2127
1746 4091
1746 4536
1746 5963
1746 8230
1747 2253
1747 3424
1747 3839
1747 4000
1747 6297
1747 6531
1747 6882
1747 9646
1748 4886
1748 5652
1748 7128
1748 7395
1748 7545
1748 7840
1748 8194
1749 2112
1749 2498
1749 3279
1749 3801
1749 4209
1749 5502
1749 6086
1749 6646
1749 8854
1750 7525
1750 9074
1750 9236
1750 9761
1751 2869
1751 3327
1751 6104
1751 6730
1751 7568
1751 9510
1752 2818
1752 3029
1752 3699
1752 4439
1752 5195
1752 7903
1752 8267
1752 8919
1752 9066
1753 3061
1753 3774
1753 4865
1753 5495
1753 5502
1753 6792
1753 8216
1754 3306
1754 4797
1754 5334
1754 5985
1754 6456
1754 7751
1754 9342
1755 4742
1755 5381
1755 7842
1755 8531
1755 8768
1756 2097
1756 2845
1756 4460
1756 6031
1756 6822
1756 7444
1756 8585
1757 2023
1757 2862
1757 4528
1757 6262
1757 6270
1757 8329
1757 9450
1758 2391
1758 2614
1758 3266
1758 5961
1758 7714
1758 9229
1759 1913
1759 2720
1759 3876
1759 4006
1759 4140
1759 6979
1759 7205
1759 7262
1759 7517
1759 7780
1759 8644
1759 9143
1760 1776
1760 1993
1760 3162
1760 3242
1760 3445
1760 3677
1760 4360
1761 2075
1761 3911
1761 4361
1761 4441
1761 4820
1761 4942
1761 5685
1761 6520
1761 8585
1761 8949
1762 4452
1762 4891
1762 6079
1762 6812
1762 7149
1762 7258
1762 8722
1762 9382
1762 9512
1763 3394
1763 4474
1763 6126
1763 6319
1763 8818
1763 9086
1763 9675
1764 1937
1764 2041
1764 2567
1764 3248
1764 5096
1764 7383
1764 8199
1764 8266
1764 8702
1765 2025
1765 2211
1765 4997
1765 7025
1765 8987
1765 9275
1765 9463
1766 1832
1766 1865
1766 3085
1766 3421
1766 4195
1766 4334
1766 5838
1766 7745
1766 8339
1766 8767
1766 9961
1767 3107
1767 5535
1767 5541
1767 5809
1767 6909
1767 7591
1767 8665
1768 2222
1768 3467
1768 5759
1768 7477
1768 7940
1768 9002
1768 9436
1769 2806
1769 4705
1769 4778
1769 6509
1769 7077
1769 8562
1769 8841
1769 9791
1770 2276
1770 2929
1770 3105
1770 4958
1770 5134
1770 5935
1770 6668
1770 7323
1770 9134
1770 9602
1771 4196
1771 5211
1771 6146
1771 7146
1772 4256
1772 4559
1772 6481
1773 2498
1773 5115
1773 5855
1773 6342
1773 7827
1773 9148
1774 3519
1774 5989
1774 7012
1774 8369
1774 8778
1774 9099
1775 1894
1775 2955
1775 5049
1775 5158
1775 5979
1775 6493
1775 8482
1775 9685
1775 9755
1776 2291
1776 2961
1776 2969
1776 3447
1776 4341
1776 7342
1776 9451
1776 9943
1777 2374
1777 5395
1777 6871
1777 9046
1778 1981
1778 2693
1778 2899
1778 3167
1778 3861
1778 4479
1778 4859
1778 5444
1778 6647
1778 9057
1778 9125
1778 9169
1778 9542
1779 3501
1779 4402
1779 5290
1779 5680
1779 5798
1779 7656
1779 8201
1779 8380
1779 9253
1780 2344
1780 2830
1780 3448
1780 5030
1780 5440
1780 5949
1780 7821
1780 8152
1781 1786
1781 3131
1781 3347
1781 5479
1781 5916
1781 6088
1781 6864
1781 7652
1781 9943
1782 2768
1782 6148
1782 7852
1782 7969
1782 8202
1782 8889
1782 8963
1782 9353
1783 2746
1783 3041
1783 3124
1783 3199
1783 4110
1783 6602
1783 6644
1783 7995
1783 9836
1784 2717
1784 2826
1784 4092
1784 4352
1784 4474
1784 6205
1784 6444
1784 7846
1785 3026
1785 3578
1785 4812
1785 6336
1785 7921
1785 8100
1785 8458
1785 8761
1786 2793
1786 3290
1786 5296
1786 5774
1786 6373
1786 7937
1786 9510
1786 9797
1787 3534
1787 3740
1787 3836
1787 5674
1787 6029
1787 6495
1787 8880
1787 9835
1788 3200
1788 4248
1788 5040
1788 6731
1788 6921
1788 7122
1788 7616
1788 8861
1788 9218
1788 9389
1789 1852
1789 5445
1789 5960
1789 6752
1789 6879
1789 7554
1789 9477
1790 3223
1790 3657
1790 4375
1790 4875
1790 5178
1790 8407
1791 2732
1791 3106
1791 3219
1791 5233
1791 5953
1791 5983
1791 5991
1791 8858
1792 3069
1792 3463
1792 8661
1792 9978
1793 3479
1793 3822
1793 3860
1793 4155
1793 4665
1793 5082
1793 6060
1793 7827
1793 7841
1793 8261
1793 9945
1794 5124
1794 6049
1794 6468
1794 7001
1794 8144
1795 2041
1795 2741
1795 6223
1795 6608
1795 7181
1795 7718
1795 8360
1795 9670
1796 3509
1796 4244
1796 4534
1796 4585
1796 9642
1796 9699
1797 2626
1797 3728
1797 3873
1797 4931
1797 6551
1797 7758
1797 9047
1798 1902
1798 2366
1798 2674
1798 3002
1798 3470
1798 3629
1798 4133
1798 4269
1798 5402
1798 5507
1798 6349
1798 6914
1798 7515
1798 8688
1799 2173
1799 3835
1799 5234
1799 5241
1799 5516
1800 2581
1800 3049
1800 3236
1800 3709
1800 5653
1800 6665
1801 3733
1801 4083
1801 5172
1801 5334
1801 5462
1801 5572
1801 5584
1801 6414
1801 6566
1801 6819
1801 7512
1801 8096
1801 8299
1801 8418
1801 9299
1801 9511
1801 9613
1801 9723
1802 1940
1802 2815
1802 4018
1802 6037
1802 6065
1802 7573
1802 8212
1802 9582
1803 2385
1803 6090
1803 6149
1803 7262
1803 8300
1803 8612
1803 8852
1804 3265
1804 3267
1804 4266
1804 4417
1804 5031
1804 8765
1804 9550
1805 4590
1805 6292
1805 7524
1805 9842
1806 1977
1806 2236
1806 2604
1806 4223
1806 8585
1806 8789
1806 9031
1806 9560
1807 2203
1807 4475
1807 5599
1807 5754
1807 6202
1807 6267
1807 7173
1807 7822
1808 2190
1808 3192
1808 3370
1808 3996
1808 4304
1808 4802
1808 6968
1808 8013
1808 8926
1808 9979
1808 9991
1809 2696
1809 3483
1809 3515
1809 3971
1809 4723
1809 5166
1809 6238
1809 6671
1809 7397
1809 7781
1809 7983
1809 8649
1809 8748
1809 9448
1809 9815
1810 3944
1810 4289
1810 5716
1810 6273
1810 6969
1810 7006
1810 8602
1810 9935
1811 3559
1811 4697
1811 5376
1811 5703
1811 6936
1811 7051
1811 8036
1811 8162
1811 8540
1811 9355
1812 2970
1812 4411
1812 5092
1812 5427
1812 5624
1812 5982
1812 6631
1812 7270
1812 7410
1812 8937
1812 9957
1813 3233
1813 3300
1813 4325
1813 5217
1813 7479
1813 7773
1813 7933
1814 1946
1814 2001
1814 3123
1814 5263
1814 5409
1814 5955
1814 6471
1814 7370
1814 7573
1814 9023
1814 9873
1815 2843
1815 3617
1815 6057
1815 6103
1816 2560
1816 4385
1816 6233
1816 6638
1816 6749
1816 7140
1816 7238
1816 9242
1817 1921
1817 2011
1817 2699
1817 2758
1817 3446
1817 3537
1817 4620
1817 4777
1817 5750
1817 6831
1817 7852
1817 9954
1818 3462
1818 3622
1818 4137
1818 4589
1818 5835
1818 6610
1818 6741
1818 7305
1818 8659
1819 2076
1819 4034
1819 4550
1819 5040
1819 6497
1819 7355
1819 8442
1819 9726
1820 2946
1820 3403
1820 3719
1820 4264
1820 4386
1820 4913
1820 5229
1820 6398
1820 8524
1820 8985
1821 1832
1821 3432
1821 3760
1821 3893
1821 4875
1821 6723
1821 8136
1821 9072
1821 9645
1822 1969
1822 2014
1822 2360
1822 3533
1822 5157
1822 5818
1822 6249
1822 6439
1822 6867
1822 9014
1823 3419
1823 4062
1823 4084
1823 4508
1823 5831
1823 6120
1823 6154
1823 9178
1823 9705
1823 9861
1824 2587
1824 3091
1824 4514
1824 7217
1824 8020
1824 8494
1824 9705
1825 1826
1825 2764
1825 3155
1825 3427
1825 3544
1825 4099
1825 4285
1825 4492
1825 5277
1825 5564
1825 6137
1826 3312
1826 3455
1826 5413
1826 6586
1826 7235
1826 7384
1826 7757
1826 9631
1827 2786
1827 5436
1827 5490
1827 6472
1827 7179
1827 9070
1828 2246
1828 4925
1828 5078
1828 5148
1828 7142
1828 7861
1828 8819
1829 2581
1829 5681
1829 6048
1829 6150
1829 6200
1829 7081
1829 7910
1829 8091
1830 3127
1830 3265
1830 4646
1830 5265
1830 6018
1830 6590
1830 7419
1830 7829
1830 8029
1830 8074
1830 8213
1830 9193
1830 9416
1831 3324
1831 4523
1831 4837
1831 6627
1831 7152
1831 7890
1832 2126
1832 2327
1832 3760
1832 3827
1832 4422
1832 6248
1832 7010
1832 7504
1832 8444
1832 8543
1832 9537
1832 9987
1833 2306
1833 2398
1833 2617
1833 3891
1833 4331
1833 5385
1833 5855
1833 5869
1833 5874
1833 5932
1833 7133
1833 7525
1834 2354
1834 4031
1834 5275
1834 5599
1834 7753
1834 9200
1834 9863
1835 3832
1835 3883
1835 5579
1835 6989
1835 7007
1835 8840
1835 8855
1835 9600
1836 1925
1836 2537
1836 2703
1836 3708
1836 4719
1836 5213
1836 6343
1836 7278
1836 8116
1836 8915
1837 2678
1837 3696
1837 4816
1837 5048
1837 5503
1837 5742
1837 7657
1837 9631
1838 4699
1838 4873
1838 6181
1838 6495
1838 7991
1838 8551
1838 9409
1838 9447
1839 2701
1839 3085
1839 3149
1839 3523
1839 3536
1839 3701
1839 3718
1839 8371
1839 8894
1840 4183
1840 5915
1840 7075
1840 7828
1840 8252
1840 9015
1841 1917
1841 4333
1841 5497
1841 5774
1841 6427
1841 6841
1842 3153
1842 3784
1842 4739
1842 5574
1842 7748
1842 7928
1842 8005
1842 8725
1842 8791
1842 9779
1843 3323
1843 7908
1843 9393
1844 2144
1844 4699
1844 5249
1844 8109
1844 9202
1844 9618
1845 4775
1845 4853
1845 6257
1845 6341
1845 7714
1846 4473
1846 5201
1846 5241
1846 6399
1846 6430
1846 7582
1847 2242
1847 3623
1847 4642
1847 6583
1847 9513
1847 9639
1847 9805
1847 9857
1847 9899
1848 2272
1848 3462
1848 4166
1848 4796
1848 6346
1848 9959
1849 3288
1849 3327
1849 5316
1849 8879
1849 9065
1849 9088
1849 9878
1850 3159
1850 5710
1850 6089
1850 6821
1850 7209
1851 2611
1851 8486
1852 1933
1852 1992
1852 3595
1852 3942
1852 4169
1852 4237
1852 4290
1852 5151
1852 6270
1852 6666
1852 8738
1852 9606
1852 9839
1853 2754
1853 2982
1853 3605
1853 4181
1853 4376
1853 4793
1853 5452
1853 6039
1853 6643
1853 6963
1853 8549
1853 9627
1854 1896
1854 2190
1854 4981
1854 5118
1854 6014
1854 6250
1854 6987
1855 2690
1855 3534
1855 5004
1855 7040
1855 7623
1855 7708
1855 7712
1855 8190
1856 4631
1856 5442
1856 5695
1856 5715
1856 8016
1856 8191
1856 8358
1856 8926
1857 2307
1857 2728
1857 4538
1857 5576
1857 8082
1857 8163
1857 9586
1858 3174
1858 3357
1858 3438
1858 3555
1858 4949
1858 5832
1858 6553
1858 7410
1858 8942
1858 8957
1858 9551
1858 9994
1859 2694
1859 2854
1859 3593
1859 4813
1859 5393
1859 7041
1859 7189
1859 7745
1860 4343
1860 5145
1860 5429
1860 6385
1860 7441
1860 8110
1860 8455
1860 8661
1861 4263
1861 4301
1861 5531
1861 5882
1861 7213
1861 9105
1861 9638
1861 9639
1862 3086
1862 3631
1862 4612
1862 6400
1862 6440
1862 6485
1862 7322
1862 7905
1862 9856
1863 2528
1863 6382
1863 6805
1863 8958
1863 8974
1863 9183
1863 9925
1864 2564
1864 3512
1864 5476
1864 6303
1864 6971
1865 2266
1865 2994
1865 3112
1865 4761
1865 5460
1865 6508
1865 8068
1865 8716
1865 8821
1866 2938
1866 3649
1866 5114
1866 7175
1866 7727
1866 7861
1866 8001
1866 9497
1866 9718
1866 9959
1867 3201
1867 4419
1867 4472
1867 4671
1867 5248
1867 5882
1867 5891
1867 7298
1867 7308
1867 9309
1868 1905
1868 3043
1868 3234
1868 3801
1868 4484
1868 6406
1868 6606
1868 7241
1868 8641
1868 9824
1869 1934
1869 2297
1869 3416
1869 3572
1869 4270
1869 4583
1869 6477
1869 7020
1869 7078
1869 8026
1869 8551
1869 8718
1870 2473
1870 2566
1870 3923
1870 5098
1870 6372
1870 7111
1870 7298
1870 8110
1870 9587
1870 9861
1871 2074
1871 4165
1871 5650
1871 6769
1871 7034
1872 2123
1872 3846
1872 4926
1872 4955
1872 5497
1872 5835
1872 6443
1872 7340
1872 7497
1872 8642
1872 9126
1873 3745
1873 4391
1873 4855
1873 6312
1873 6852
1873 7269
1874 2138
1874 2505
1874 3061
1874 3665
1874 5202
1874 5333
1874 5619
1874 7362
1875 2296
1875 3205
1875 6456
1875 6537
1875 6803
1875 9613
1875 9768
1876 1881
1876 2103
1876 2124
1876 2408
1876 3480
1876 4562
1876 5358
1876 7139
1876 7579
1877 2997
1877 3040
1877 3531
1877 4643
1877 7721
1877 8333
1877 8378
1877 8619
1877 9282
1878 2120
1878 3875
1878 4328
1878 5425
1878 7076
1878 7410
1878 7946
1878 9180
1879 5433
1879 6506
1879 6616
1879 7130
1879 7405
1880 2142
1880 2254
1880 7660
1880 8119
1880 8701
1881 2785
1881 5088
1881 5112
1881 5130
1881 9115
1881 9310
1882 1956
1882 2163
1882 3470
1882 4657
1882 6501
1882 8322
1882 8491
1882 8954
1882 9245
1883 2538
1883 5572
1883 7440
1883 7863
1883 8070
1883 8143
1884 1978
1884 2036
1884 2702
1884 2718
1884 2974
1884 3039
1884 3612
1884 6811
1884 7893
1884 9958
1885 2296
1885 2515
1885 2615
1885 4377
1885 5224
1885 6925
1885 8948
1886 4283
1886 4907
1886 5228
1886 5725
1886 7952
1886 8045
1886 8879
1887 5211
1887 5550
1887 6153
1887 9953
1888 2181
1888 3122
1888 3492
1888 4420
1888 5031
1888 5503
1888 6136
1888 7388
1888 7465
1888 8188
1888 8475
1888 9883
1889 2079
1889 2142
1889 2582
1889 5061
1889 5937
1889 6646
1889 6740
1890 2418
1890 2665
1890 2868
1890 3175
1890 3569
1890 4004
1890 4599
1890 6329
1890 7988
1891 2630
1891 3573
1891 4234
1891 6417
1891 7364
1891 9994
1892 4658
1892 7750
1892 7797
1892 8898
1892 9594
1893 3621
1893 3945
1893 4479
1893 4950
1893 6319
1893 7031
1893 7488
1893 8111
1893 9177
1893 9312
1894 2976
1894 4515
1894 5829
1894 7242
1894 7469
1894 8740
1894 9648
1895 2437
1895 2605
1895 2777
1895 3997
1895 5128
1895 5695
1895 8383
1895 9162
1896 2655
1896 2911
1896 5084
1896 7807
1897 2427
1897 3013
1897 3090
1897 3396
1897 4711
1897 5279
1897 7737
1897 8323
1897 9067
1897 9213
1897 9496
1897 9958
1898 3312
1898 3803
1898 4785
1898 6888
1898 7918
1899 1903
1899 2059
1899 2178
1899 3999
1899 4257
1899 5538
1899 7901
1899 8020
1899 8404
1899 8443
1899 9147
1900 2567
1900 3264
1900 3506
1900 5556
1900 6869
1900 6913
1900 8118
1900 9384
1901 4113
1901 4310
1901 8044
1901 8059
1901 8976
1901 9391
1902 2190
1902 2385
1902 2908
1902 3766
1902 3931
1902 4125
1902 4670
1902 7483
1902 7983
1902 8133
1902 8832
1903 3269
1903 3369
1903 3705
1903 3933
1903 6015
1903 7892
1903 8954
1903 9404
1903 9532
1904 1926
1904 2148
1904 2894
1904 3534
1904 4913
1904 5527
1904 7142
1904 7329
1904 8482
1904 8899
1904 9581
1905 2171
1905 2424
1905 2703
1905 3810
1905 4458
1905 4553
1905 5072
1905 7396
1905 8029
1905 8549
1905 8566
1905 10000
1906 3122
1906 3289
1906 7363
1906 8027
1906 8522
1906 9573
1907 1949
1907 2179
1907 3762
1907 5071
1907 6633
1908 2344
1908 4404
1908 4783
1908 5606
1908 5937
1908 6268
1908 6890
1908 7062
1908 7778
1908 9698
1909 2007
1909 2845
1909 5250
1909 5278
1909 7330
1909 8521
1910 2267
1910 2295
1910 3372
1910 4841
1910 5293
1910 5970
1910 6741
1910 9344
1910 9805
1911 2184
1911 2365
1911 3213
1911 3327
1911 5643
1911 6239
1911 7086
1911 7248
1911 7282
1911 9105
1911 9571
1911 9664
1912 3526
1912 3796
1912 4581
1912 4878
1912 5169
1912 5831
1912 6552
1912 6874
1912 7450
1912 8024
1912 9861
1913 2348
1913 3804
1913 5587
1913 5919
1913 6350
1913 6538
1913 6559
1913 6682
1913 6772
1913 6824
1913 8883
1913 9400
1913 9593
1913 9782
1914 2241
1914 2271
1914 2785
1914 3968
1914 4273
1914 4430
1914 4738
1914 4845
1914 7191
1914 8237
1914 8669
1914 9218
1914 9930
1915 1939
1915 2111
1915 2665
1915 4115
1915 4160
1915 5595
1915 6227
1915 6306
1916 2918
1916 3002
1916 4403
1916 5503
1916 6308
1916 7089
1916 7684
1916 7776
1916 8339
1916 9590
1917 2387
1917 2526
1917 3816
1917 4276
1917 4348
1917 5015
1917 5392
1917 7432
1917 8250
1918 5160
1918 5537
1918 6927
1918 7747
1918 8223
1918 8620
1919 2203
1919 3517
1919 3605
1919 4897
1919 6132
1919 6690
1919 6884
1919 7245
1919 8457
1919 8620
1919 8731
1919 9737
1920 4142
1920 4247
1920 4251
1920 4703
1920 5499
1920 6559
1920 7616
1920 8108
1920 9462
1921 2498
1921 5346
1921 5926
1921 8945
1922 2621
1922 4013
1922 4401
1922 5436
1922 5683
1922 5840
1922 6381
1922 6418
1922 6519
1922 7217
1922 9134
1922 9659
1922 9715
1923 4680
1923 5157
1923 8068
1923 9134
1923 9986
1924 4584
1924 5283
1924 8774
1925 1956
1925 2827
1925 4663
1925 4699
1925 6971
1925 8719
1926 2794
1926 5555
1926 6916
1926 7005
1926 7829
1926 8211
1926 8496
1926 8846
1926 8883
1926 9091
1927 2828
1927 3493
1927 4033
1927 7848
1927 9548
1927 9726
1928 2350
1928 2484
1928 2574
1928 3003
1928 3924
1928 3958
1928 5027
1928 5508
1928 5576
1928 6080
1928 6136
1928 9152
1929 2450
1929 3524
1929 3931
1929 6514
1929 8383
1929 8510
1929 9316
1930 2500
1930 3310
1930 3597
1930 4221
1930 4832
1930 6627
1930 7119
1930 7650
1931 2021
1931 2063
1931 3796
1931 5069
1931 6702
1931 6978
1931 9380
1932 4157
1932 6769
1932 7872
1932 9316
1932 9663
1933 2182
1933 2203
1933 2300
1933 3649
1933 3755
1933 4801
1933 6387
1933 7274
1933 7643
1933 8519
1933 8634
1933 9096
1934 2912
1934 3032
1934 3813
1934 4183
1934 4570
1934 5835
1934 7439
1934 9011
1935 2217
1935 3208
1935 5339
1935 5536
1935 6101
1935 6227
1936 3198
1936 4821
1936 6413
1936 6506
1936 6812
1936 6955
1936 7625
1936 8955
1936 9892
1937 2458
1937 4278
1937 4756
1937 4968
1937 5105
1937 6199
1937 6807
1937 6935
1937 9041
1937 9791
1938 3082
1938 3193
1938 3893
1938 3983
1938 6336
1938 6577
1938 8597
1938 9045
1938 9209
1938 9793
1939 2232
1939 3038
1939 6867
1939 8522
1939 9062
1940 4684
1940 5398
1940 6401
1940 6884
1940 8754
1941 3553
1941 5089
1941 8017
1941 9802
1942 2493
1942 3470
1942 4046
1942 4814
1942 5044
1942 5130
1942 5802
1942 6159
1943 4436
1943 5179
1943 5255
1943 6482
1943 7837
1943 9238
1944 2503
1944 4365
1944 4382
1944 4386
1944 4759
1944 5294
1944 8119
1944 9059
1944 9757
1945 5011
1945 5454
1945 5693
1945 6773
1945 7991
1946 3166
1946 3505
1946 3696
1946 4713
1946 6832
1946 8783
1947 6829
1947 9249
1947 9710
1948 3179
1948 5292
1948 5327
1948 6203
1948 6521
1948 6572
1948 9212
1949 1961
1949 5936
1949 8567
1949 8698
1949 8902
1949 9760
1949 9950
1950 2458
1950 3280
1950 3585
1950 3972
1950 6282
1950 6444
1950 8022
1950 9309
1951 4068
1951 5607
1951 6041
1951 6754
1951 7215
1951 7335
1951 8133
1951 9653
1952 5152
1952 5210
1952 6648
1952 6826
1952 7353
1952 8470
1952 9430
1952 9506
1953 2666
1953 2718
1953 5980
1953 5986
1953 6875
1953 8304
1953 8496
1953 9544
1954 2391
1954 4668
1954 5729
1954 8950
1955 2679
1955 4620
1955 5069
1955 5339
1955 6320
1955 9246
1956 2010
1956 2532
1956 3508
1956 3674
1956 4055
1956 5822
1956 6362
1956 9204
1957 2126
1957 2726
1957 4038
1957 5868
1957 6554
1957 7153
1957 8083
1957 8766
1957 8851
1958 4425
1958 5549
1958 6065
1958 7187
1958 7671
1958 8261
1958 9211
1959 2006
1959 3887
1959 4252
1959 5291
1959 5341
1959 7399
1959 7686
1959 9235
1960 2810
1960 3266
1960 4532
1960 5695
1960 7526
1960 7680
1960 8711
1960 9527
1961 3216
1961 3801
1961 4234
1961 4498
1961 6645
1961 7385
1961 8134
1961 8348
1961 9350
1961 9363
1962 2726
1962 3427
1962 4223
1962 4526
1962 5214
1962 5787
1962 6552
1963 5246
1963 6739
1963 8460
1963 8574
1963 9618
1964 2937
1964 4354
1964 9749
1965 2693
1965 3124
1965 3466
1965 4339
1965 5975
1965 6225
1965 7109
1965 7831
1965 8132
1965 9393
1965 9655
1965 9992
1966 2425
1966 2560
1966 2684
1966 3527
1966 6039
1966 6242
1966 8169
1966 8281
1966 9141
1966 9828
1966 9872
1967 3111
1967 4168
1967 4311
1967 4491
1967 4957
1967 7608
1968 3509
1968 4151
1968 4219
1968 4812
1968 5316
1968 8408
1968 8933
1968 9170
1969 2568
1969 4694
1969 4865
1969 5474
1969 5809
1969 7997
1969 9063
1969 9287
1969 9530
1970 2471
1970 3068
1970 3526
1970 3776
1970 4481
1970 5342
1970 5533
1970 6991
1970 8091
1970 8155
1970 8156
1970 8162
1971 2580
1971 3640
1971 7621
1971 7937
1971 8438
1971 9168
1971 9801
1972 2201
1972 5617
1972 7695
1972 8336
1972 8704
1972 9674
1972 9952
1973 4159
1973 5439
1973 5473
1973 5871
1974 2294
1974 3137
1974 3392
1974 3506
1974 5161
1974 5352
1974 6861
1974 7675
1974 8793
1974 8797
1974 8832
1975 2458
1975 2529
1975 3505
1975 3943
1975 4821
1975 5167
1975 5801
1975 6581
1975 7500
1976 2838
1976 3498
1976 5832
1976 6097
1976 6312
1976 8546
1976 9070
1977 2299
1977 3245
1977 5192
1977 5378
1977 5848
1977 7551
1977 8128
1977 9632
1978 2665
1978 4215
1978 5031
1978 6219
1978 6377
1978 6660
1978 7648
1978 7870
1978 8689
1979 3689
1979 5360
1979 5627
1980 2650
1980 5020
1980 5164
1980 6714
1980 7093
1980 9224
1980 9425
1980 9439
1981 2983
1981 3308
1981 4912
1981 5152
1981 6016
1981 7207
1981 7541
1981 7784
1981 8378
1981 9186
1981 9404
1981 9546
1982 3951
1982 7104
1982 7282
1982 8705
1982 9898
1983 3459
1983 3960
1983 4373
1983 5033
1983 7401
1983 7565
1983 8202
1983 8820
1983 9072
1983 9499
1984 2792
1984 3293
1984 4452
1984 5394
1984 5485
1984 5539
1984 6223
1984 6295
1984 6863
1984 6919
1984 7223
1984 9826
1985 3304
1985 4243
1985 5934
1985 6379
1985 7533
1985 9160
1986 3156
1986 3456
1986 3746
1986 5625
1986 6091
1986 6653
1986 7004
1986 7066
1987 2169
1987 3074
1987 3084
1987 4034
1987 4390
1987 5233
1987 8788
1987 9279
1987 9379
1988 2480
1988 4321
1988 4693
1988 4792
1988 7197
1988 7843
1988 8038
1988 8073
1988 8663
1989 2495
1989 3520
1989 4932
1989 5678
1989 7854
1989 8880
1989 9560
1990 4579
1990 4702
1990 4996
1990 6421
1990 6507
1991 2890
1991 3139
1991 3229
1991 3861
1991 5374
1991 5857
1991 7659
1991 8433
1991 8963
1991 9402
1991 9849
1992 2597
1992 4209
1992 4575
1992 6098
1992 7070
1992 8142
1992 9042
1992 9774
1993 2917
1993 5030
1993 5644
1993 6917
1994 2622
1994 3119
1994 3440
1994 4081
1994 4160
1994 4625
1994 7343
1994 7389
1994 7673
1994 8872
1995 2936
1995 3601
1995 5301
1995 6015
1995 6940
1995 7646
1995 8006
1995 8469
1995 8512
1995 9155
1996 3611
1996 3660
1996 3883
1996 5064
1996 5682
1996 6118
1996 6740
1996 6938
1997 2167
1997 3004
1997 3194
1997 3252
1997 4773
1997 5191
1997 5340
1997 5503
1997 5959
1997 6033
1997 7619
1997 8494
1997 9650
1998 2066
1998 3030
1998 3533
1998 4795
1998 4844
1998 4904
1998 5646
1998 5755
1998 6287
1998 6473
1998 7424
1998 7459
1998 7472
1998 8369
1998 8749
1998 8842
1999 4135
1999 6551
1999 8918
2000 3481
2000 3984
2000 4608
2000 5817
2000 6846
2000 9012
2000 9582
2001 2722
2001 4018
2001 4381
2001 5118
2001 5334
2001 6969
2001 8232
2001 8565
2001 8606
2001 9098
2001 9543
2002 2505
2002 2675
2002 3590
2002 5941
2002 6393
2002 6840
2002 7834
2002 7908
2002 7948
2002 8423
2002 9619
2003 2995
2003 3381
2003 3739
2003 4579
2003 5567
2003 6592
2003 7057
2003 9506
2003 9835
2004 2553
2004 3273
2004 3923
2004 4557
2004 6199
2004 7621
2004 7823
2005 3255
2005 3654
2005 4472
2005 4827
2005 5094
2005 6206
2005 7341
2005 8003
2005 8298
2005 9004
2005 9076
2005 9127
2005 9552
2005 9814
2005 9844
2006 2507
2006 2929
2006 4384
2006 5696
2007 2126
2007 2480
2007 3788
2007 5499
2007 6411
2007 7802
2007 9058
2007 9602
2008 2230
2008 2899
2008 3642
2008 4997
2008 5047
2008 6781
2008 8216
2008 8575
2008 9987
2009 4034
2009 5162
2009 8945
2010 3185
2010 4297
2010 5204
2010 5490
2010 7602
2010 8846
2010 9440
2011 3697
2011 3708
2011 3966
2011 4438
2011 6679
2011 6994
2011 7068
2011 7119
2011 9455
2012 2516
2012 2958
2012 4011
2012 4714
2012 4995
2012 5568
2012 6668
2012 6706
2012 7560
2012 7831
2012 7868
2012 8141
2013 2354
2013 2367
2013 3691
2013 4884
2013 5058
2013 7113
2013 7235
2014 4170
2014 6962
2014 6972
2014 9537
2015 2247
2015 2902
2015 3767
2015 4466
2015 4982
2015 6280
2015 7673
2015 8822
2015 9479
2016 5826
2016 6452
2016 9436
2016 9845
2017 2232
2017 4739
2017 5734
2017 6019
2017 7075
2017 7735
2017 9536
2018 3842
2018 5270
2018 5794
2018 6884
2018 7240
2018 8955
2019 4135
2019 4598
2019 4761
2019 4965
2019 5588
2019 6492
2019 9679
2020 2646
2020 3704
2020 3970
2020 5181
2020 6058
2020 6430
2020 6500
2020 6506
2020 8516
2020 8905
2021 5038
2021 5381
2021 5404
2021 5609
2021 5764
2021 6237
2021 6284
2021 6504
2021 7881
2021 9142
2022 3518
2022 3905
2022 4951
2022 5791
2022 7210
2022 8229
2022 9326
2022 9831
2022 9917
2023 3447
2023 4566
2023 5687
2023 6478
2023 7252
2023 8074
2024 3210
2024 5455
2024 6103
2024 6151
2024 6253
2024 6606
2024 6683
2024 8059
2024 9094
2024 9542
2024 9902
2024 9965
2025 2458
2025 2584
2025 4432
2025 4724
2025 6410
2025 8008
2025 9112
2026 3387
2026 4770
2026 4916
2026 5497
2026 6192
2026 6575
2026 6983
2026 9971
2027 2310
2027 2847
2027 3677
2027 3701
2027 4211
2027 4358
2027 5010
2027 5434
2027 7139
2027 7950
2027 8740
2027 9483
2028 2213
2028 3457
2028 4383
2028 6322
2028 6419
2028 6574
2028 7260
2028 7662
2028 8488
2028 8575
2028 8697
2028 9224
2028 9762
2029 3145
2029 3473
2029 5642
2029 6452
2029 7265
2029 9498
2030 3680
2030 4212
2030 5598
2030 6061
2030 6984
2030 7504
2030 7933
2030 9361
2030 9810
2030 9871
2031 3757
2031 5788
2031 5841
2031 8545
2031 9260
2032 2668
2032 2930
2032 3114
2032 4084
2032 4837
2032 5225
2032 5232
2032 5913
2032 6601
2032 7860
2032 9445
2032 9823
2033 3090
2033 4533
2033 5228
2033 7115
2033 7621
2033 7765
2033 7802
2033 8991
2034 3937
2034 4466
2034 5398
2034 8219
2034 8429
2035 2944
2035 3223
2035 3287
2035 3402
2035 3573
2035 4481
2035 6061
2035 6105
2035 6248
2035 6849
2035 8580
2035 9539
2035 9993
2036 2394
2036 2618
2036 5415
2036 6413
2036 8279
2036 8413
2036 9357
2036 9423
2036 9521
2037 4486
2037 6188
2037 7337
2037 8003
2038 2235
2038 2963
2038 3321
2038 3421
2038 3527
2038 3642
2038 4141
2038 7908
2038 8832
2038 9041
2039 2907
2039 3770
2039 4715
2039 5206
2039 6785
2039 7027
2039 7712
2039 8671
2039 9981
2040 2507
2040 4545
2040 4743
2040 5988
2040 8170
2040 8723
2040 9659
2041 2134
2041 4509
2041 4590
2041 5313
2041 5921
2041 6067
2041 6258
2041 8724
2041 9701
2042 2549
2042 4758
2042 4946
2042 5172
2042 6729
2042 6840
2042 7271
2042 8256
2042 9731
2043 3564
2043 4151
2043 4270
2043 4491
2043 5066
2043 8058
2043 8077
2044 4266
2044 5670
2044 5801
2044 6689
2044 7919
2044 8077
2044 8985
2045 3037
2045 3490
2045 5140
2045 5263
2045 5694
2045 7532
2045 9462
2045 9509
2045 9660
2046 2081
2046 2677
2046 4634
2046 5292
2046 8198
2046 8516
2046 8718
2047 4392
2047 4749
2047 5412
2047 5958
2047 7236
2047 8052
2047 9950
2048 3594
2048 4243
2048 4356
2048 4983
2048 5260
2048 5867
2048 6682
2048 8821
2048 8908
2049 3462
2049 4611
2049 5536
2049 6321
2049 6753
2049 7175
2049 8089
2049 8517
2049 8970
2049 9090
2049 9126
2049 9712
2049 9749
2050 3185
2050 3777
2050 3936
2050 4688
2050 5056
2050 7597
2050 9097
2050 9256
2050 9396
2050 9528
2050 9604
2051 2110
2051 2261
2051 2429
2051 2933
2051 4453
2051 5708
2051 5817
2051 6503
2051 7734
2051 9133
2051 9715
2052 2842
2052 2983
2052 3247
2052 6556
2052 6563
2052 6644
2052 7931
2052 8466
2052 9397
2053 2364
2053 2559
2053 3877
2053 4989
2053 5853
2053 7857
2053 8468
2053 9577
2054 2579
2054 3757
2054 4484
2054 5895
2054 6940
2054 9443
2054 9637
2054 9641
2054 9796
2055 4043
2055 6098
2055 6720
2055 7010
2055 7176
2055 8130
2055 9867
2056 4411
2056 5062
2056 6522
2056 8730
2056 9700
2057 2788
2057 2995
2057 5010
2057 7256
2057 7946
2057 8619
2057 8683
2057 9633
2058 2226
2058 2318
2058 3640
2058 3745
2058 3921
2058 7704
2058 7743
2059 3316
2059 3366
2059 4875
2059 5125
2059 5671
2059 5712
2059 6876
2059 7078
2059 7157
2059 8230
2059 9116
2059 9312
2059 9427
2060 3806
2060 4281
2060 6302
2060 6538
2060 6738
2060 8622
2060 8868
2060 8892
2060 9623
2061 2673
2061 2761
2061 3204
2061 3503
2061 4043
2061 4670
2061 6169
2061 7373
2061 8754
2061 9002
2061 9424
2061 9596
2062 5062
2062 5121
2062 8569
2063 2291
2063 4608
2063 4878
2063 6668
2063 7526
2063 7612
2063 7621
2063 7640
2064 2222
2064 4176
2064 8180
2064 8368
2064 8673
2064 9945
2065 3607
2065 5476
2065 6293
2066 2530
2066 3139
2066 4722
2066 5230
2066 5537
2066 7019
2066 7129
2066 7659
2066 7750
2066 8900
2066 9931
2067 2938
2067 4567
2067 6140
2067 8681
2067 8749
2068 2482
2068 3415
2068 3665
2068 3699
2068 3715
2068 4197
2068 4237
2068 4292
2068 5857
2068 5937
2068 7475
2068 8026
2068 8130
2068 8428
2068 9214
2068 9471
2068 9979
2069 2234
2069 2801
2069 3372
2069 3511
2069 4441
2069 4509
2069 5774
2069 6258
2070 2542
2070 2650
2070 4040
2070 6038
2070 7905
2070 8582
2071 2852
2071 2891
2071 3890
2071 6535
2071 7148
2071 7267
2071 7856
2071 8115
2071 9062
2071 9077
2072 2265
2072 4329
2072 5371
2072 5374
2072 5393
2072 6721
2072 8914
2073 3417
2073 4336
2073 5945
2073 8174
2074 3511
2074 3592
2074 3719
2074 3794
2074 4275
2074 6939
2074 8440
2074 8515
2074 9163
2074 9201
2074 9907
2075 2423
2075 2628
2075 2654
2075 5146
2075 5689
2075 5933
2075 6531
2075 6910
2075 7084
2075 7690
2075 8906
2076 3845
2076 4193
2076 4341
2076 8202
2076 9018
2076 9924
2077 5540
2077 7993
2077 8817
2077 8858
2077 9843
2078 3969
2078 4676
2078 5462
2078 7122
2078 7600
2078 7949
2078 8432
2078 8465
2078 9985
2079 2737
2079 2910
2079 3013
2079 3479
2079 6192
2079 6551
2079 7174
2079 8741
2079 9555
2080 6284
2080 9556
2080 9892
2081 2097
2081 3077
2081 3157
2081 3566
2081 3823
2081 4504
2081 5247
2081 6055
2081 6754
2081 8086
2081 8175
2081 9613
2082 3276
2082 3323
2082 4510
2082 5927
2082 7681
2082 8276
2082 9001
2083 2501
2083 3909
2083 7571
2083 8261
2083 9193
2083 9899
2084 2302
2084 2504
2084 2854
2084 3746
2084 4455
2084 5803
2084 7916
2084 8387
2085 2983
2085 3981
2085 6495
2085 7768
2085 7971
2085 8957
2085 9107
2086 2828
2086 2878
2086 4829
2086 5436
2086 6211
2086 6300
2086 6472
2086 7739
2086 7808
2086 8233
2086 9160
2087 2391
2087 3199
2087 3410
2087 5204
2087 5442
2087 5976
2087 6012
2087 6323
2087 7791
2087 7911
2088 3379
2088 4001
2088 4123
2088 4131
2088 4132
2088 4731
2088 4997
2088 5968
2088 6830
2088 8103
2088 8648
2089 2525
2089 3417
2089 5271
2089 5556
2089 7062
2089 7801
2089 8237
2089 8523
2089 9210
2090 2456
2090 3037
2090 4138
2090 4517
2090 6179
2090 6866
2090 9602
2091 2123
2091 3542
2091 3663
2091 4320
2091 5142
2091 5696
2091 6239
2091 8292
2091 8979
2092 2773
2092 2896
2092 3790
2092 4575
2092 5065
2092 5762
2092 6489
2092 7035
2092 8133
2092 9761
2092 9948
2093 2692
2093 6403
2093 6876
2093 7183
2093 7829
2093 7980
2093 8886
2093 9253
2094 3420
2094 6626
2094 6833
2094 7453
2094 7841
2094 8136
2094 9848
2094 9927
2095 2873
2095 3230
2095 4345
2095 6046
2095 6686
2095 6869
2095 6878
2095 7827
2095 8783
2096 2870
2096 3321
2096 3340
2096 6119
2096 6447
2096 8211
2097 3223
2097 3811
2097 4451
2097 4517
2097 4666
2097 5097
2097 5464
2098 6298
2098 6587
2098 7264
2099 3758
2099 5161
2099 6635
2099 6821
2099 8880
2099 9229
2100 2350
2100 3296
2100 5388
2100 5487
2100 6355
2100 8361
2100 8673
2100 9432
2101 2149
2101 2323
2101 2844
2101 5292
2101 5799
2101 7081
2102 2116
2102 2366
2102 2663
2102 3433
2102 3579
2102 4771
2102 5046
2102 5353
2102 6072
2102 6409
2102 6827
2102 9475
2103 2172
2103 2491
2103 3353
2103 4827
2103 5625
2103 6471
2103 7001
2103 9865
2104 5232
2104 5865
2104 6184
2104 6757
2104 7290
2104 7863
2104 7926
2104 8252
2104 9111
2104 9245
2105 6001
2105 6936
2105 7795
2105 8754
2105 9633
2105 9878
2106 3807
2106 4187
2106 5237
2106 5686
2106 6800
2106 7486
2106 7900
2107 2847
2107 3171
2107 3189
2107 4457
2107 4571
2107 4610
2107 4941
2107 7623
2107 8029
2107 9307
2107 9724
2108 2377
2108 2700
2108 7632
2108 8469
2109 3774
2109 5762
2109 6614
2109 7173
2109 7450
2109 8674
2109 8743
2109 9426
2109 9636
2110 2994
2110 3227
2110 4479
2110 4891
2110 5053
2110 5747
2110 5769
2110 6179
2110 6530
2110 7473
2110 7643
2110 8304
2110 8938
2110 8982
2110 9013
2110 9935
2110 9947
2111 2327
2111 3479
2111 3932
2111 4381
2111 4428
2111 4448
2111 4619
2111 4647
2111 6764
2111 6826
2111 9037
2111 9434
2111 9758
2112 4320
2112 4508
2112 6845
2112 7490
2112 8823
2113 2196
2113 3206
2113 3634
2113 3639
2113 4155
2113 4207
2113 4435
2113 4490
2113 4541
2113 5498
2113 8246
2113 8655
2113 9973
2114 4341
2114 4362
2114 4744
2114 5549
2114 5979
2114 6793
2114 7379
2114 8572
2115 2697
2115 3381
2115 3522
2115 3536
2115 3804
2115 4419
2115 4817
2115 6795
2115 7086
2115 7111
2115 7236
2115 9039
2115 9678
2115 9798
2116 2237
2116 2876
2116 3939
2117 3825
2117 4715
2117 5740
2117 7565
2117 7631
2117 8299
2117 8676
2118 2432
2118 4946
2119 2413
2119 3364
2119 3640
2119 5036
2119 5765
2119 6272
2119 6608
2120 4133
2120 4282
2120 7224
2120 8911
2121 5979
2121 6783
2121 8043
2122 2308
2122 2667
2122 3983
2122 5872
2122 5967
2122 6049
2122 6506
2122 6934
2123 5252
2123 6188
2123 9263
2124 4381
2124 4420
2124 6304
2124 7030
2124 7666
2125 3238
2125 5571
2125 5713
2125 6132
2125 6325
2125 6544
2125 8925
2126 3588
2126 5818
2126 6116
2126 6835
2126 7208
2126 7545
2126 7659
2126 8028
2127 2199
2127 2359
2127 3689
2127 4104
2127 5449
2127 8258
2127 8314
2127 8404
2128 3034
2128 3059
2128 3252
2128 4044
2128 5024
2128 5069
2128 5498
2128 5732
2128 6010
2128 6592
2128 9551
2129 3318
2129 5670
2129 6822
2129 8236
2129 9194
2129 9347
2130 4543
2130 4615
2130 6375
2130 8974
2130 9290
2131 2255
2131 2596
2131 7328
2131 8408
2131 9321
2131 9672
2132 2495
2132 2672
2132 3200
2132 3451
2132 8043
2132 8646
2133 2781
2133 6139
2133 6677
2133 7078
2133 7686
2133 8878
2133 9774
2133 9979
2134 3653
2134 3709
2134 7082
2134 7308
2134 7682
2134 7909
2135 4372
2135 5423
2135 6123
2135 6720
2135 8925
2135 9941
2135 9963
2136 3252
2136 6155
2136 6246
2136 6901
2136 7368
2137 2487
2137 2734
2137 4194
2137 4411
2137 6315
2137 7300
2137 7799
2137 7851
2137 8021
2137 8727
2138 4616
2138 5544
2138 6375
2138 6799
2138 8956
2139 3987
2139 5380
2139 5484
2139 5946
2139 5979
2139 7748
2139 8578
2140 4289
2140 6515
2140 8970
2140 9425
2140 9574
2141 4700
2141 5396
2141 6295
2142 2541
2142 2812
2142 3768
2142 4553
2142 6061
2142 7105
2142 7380
2142 7661
2142 7915
2142 8047
2142 8760
2143 4178
2143 6229
2143 6269
2143 6734
2143 7157
2143 7338
2143 7531
2143 8985
2143 9000
2143 9655
2143 9671
2144 2366
2144 3036
2144 3873
2144 3916
2144 4600
2144 6627
2144 6656
2144 7544
2144 9559
2144 9961
2145 2225
2145 2890
2145 4655
2145 4739
2145 6797
2145 7118
2145 7742
2145 8055
2146 4770
2146 7337
2146 7945
2146 9167
2146 9290
2147 3653
2147 3943
2147 4430
2147 4836
2147 5374
2147 5744
2147 6469
2147 7561
2147 7649
2147 8391
2147 8981
2147 9275
2148 2353
2148 3842
2148 4634
2148 5095
2148 7081
2148 9074
2148 9560
2149 3017
2149 3719
2149 6119
2149 6538
2149 7827
2149 9102
2150 2431
2150 2752
2150 4748
2150 5041
2150 5798
2150 8308
2150 9353
2151 2573
2151 2838
2151 5771
2151 5896
2151 6803
2151 7288
2151 8792
2151 9033
2151 9231
2152 2494
2152 2944
2152 4042
2152 5338
2152 7153
2152 7375
2152 8314
2152 8516
2153 3900
2153 4145
2153 5168
2153 9484
2153 9534
2154 2263
2154 2443
2154 3385
2154 3894
2154 4322
2154 5198
2154 7070
2154 7198
2154 7330
2154 7664
2154 7809
2154 8625
2155 2562
2155 2775
2155 3081
2155 3891
2155 4877
2155 5317
2155 6241
2155 7381
2155 8538
2156 3323
2156 3532
2156 4199
2156 4734
2156 4902
2156 7631
2156 7661
2156 9736
2157 4151
2157 7769
2158 3913
2158 4168
2158 4877
2158 5411
2158 6728
2158 7416
2158 8166
2158 8505
2158 8801
2158 9818
2159 3738
2159 4143
2159 6355
2159 6568
2159 6786
2159 7190
2159 8259
2160 2222
2160 3488
2160 5142
2160 5594
2160 5796
2160 5809
2160 7890
2160 7944
2160 9031
2161 3597
2161 3731
2161 3776
2161 3822
2161 5184
2161 5365
2161 5680
2161 6124
2161 6634
2161 6784
2161 8016
2161 9842
2161 9895
2162 2302
2162 2686
2162 3115
2162 4382
2162 4570
2162 5038
2162 5085
2162 6147
2162 6301
2162 6902
2162 8466
2163 2379
2163 3947
2163 6858
2163 7948
2163 9376
2163 9574
2163 9884
2164 2396
2164 2692
2164 2875
2164 3214
2164 3424
2164 4108
2164 4468
2164 5561
2164 6013
2164 6701
2164 8131
2164 9113
2165 3066
2165 4792
2165 4820
2165 4870
2165 4971
2165 5656
2165 6803
2165 7066
2165 7464
2165 7810
2165 8123
2165 9214
2166 2227
2166 3174
2166 5327
2166 5912
2166 5951
2166 7965
2166 8414
2166 8708
2166 8950
2166 9357
2167 4077
2167 4422
2167 4615
2167 5050
2167 5698
2167 6273
2167 6936
2167 7810
2167 8240
2168 4631
2168 5491
2168 5753
2168 6117
2168 6269
2168 7030
2168 8388
2168 8748
2168 8783
2168 9837
2169 3277
2169 7380
2169 7435
2169 8188
2169 8217
2169 9143
2169 9223
2170 2532
2170 4196
2170 5268
2170 6443
2170 6452
2170 6699
2170 7695
2170 8639
2170 8766
2170 9154
2170 9588
2170 9810
2170 9971
2170 9975
2171 2536
2171 3337
2171 3350
2171 3358
2171 5414
2171 6453
2171 6515
2172 3154
2172 3629
2172 5037
2172 5672
2172 6810
2172 7387
2172 8392
2173 3083
2173 3362
2173 3745
2173 4028
2173 4508
2173 5608
2173 6387
2173 6562
2173 7605
2173 8398
2173 8683
2174 2982
2174 3147
2174 4024
2174 4399
2174 4790
2174 6161
2174 6608
2174 6686
2174 7023
2174 8352
2174 8354
2174 9834
2175 2700
2175 2762
2175 3577
2175 3826
2175 5819
2175 6096
2175 6974
2175 8013
2175 8260
2176 3024
2176 3908
2176 4054
2176 4108
2176 6202
2176 6673
2176 7714
2176 8957
2176 9412
2176 9853
2177 4373
2177 5767
2177 6397
2177 7194
2177 7798
2177 8713
2178 4752
2178 5720
2178 6081
2178 6660
2178 9076
2179 3001
2179 3061
2179 3507
2179 4897
2179 5573
2179 6358
2179 6988
2179 7138
2179 7869
2179 8960
2180 3556
2180 4323
2180 5811
2180 6894
2180 6917
2180 7849
2180 8283
2180 8455
2180 8646
2180 8899
2181 2974
2181 3650
2181 4536
2181 5149
2181 6929
2181 7252
2181 7648
2182 2645
2182 2668
2182 3272
2182 3688
2182 3774
2182 3840
2182 5768
2182 9328
2182 9497
2183 2596
2183 3386
2183 5020
2183 6548
2183 6813
2183 7188
2184 3082
2184 7816
2184 8107
2184 9280
2184 9363
2185 3042
2185 3623
2185 4383
2185 4822
2185 6162
2185 6727
2185 7047
2185 7086
2185 8726
2185 8870
2185 9682
2185 9852
2186 2355
2186 3103
2186 4567
2186 5246
2186 5550
2186 6610
2186 8012
2186 8297
2186 8894
2187 3404
2187 4491
2187 5128
2187 5153
2187 7383
2187 8107
2187 8668
2187 9409
2187 9664
2187 9979
2188 2341
2188 3521
2188 3978
2188 4796
2188 7025
2188 8208
2188 8876
2189 3051
2189 5500
2189 8776
2189 9599
2190 2722
2190 3727
2190 4584
2190 5674
2190 7966
2190 9390
2190 9459
2191 3614
2191 7673
2191 9466
2192 2580
2192 5165
2192 7736
2192 7783
2192 8120
2192 8375
2192 8458
2193 2696
2193 2905
2193 3607
2193 5905
2193 7397
2193 8089
2193 8359
2193 8436
2193 9558
2193 9840
2194 2386
2194 2884
2194 4762
2194 5193
2194 5204
2194 5580
2194 5733
2194 8057
2194 9460
2195 2758
2195 3290
2195 4114
2195 5021
2195 6897
2195 7209
2195 7647
2195 7704
2195 7807
2195 8056
2195 8913
2195 9770
2196 2209
2196 2943
2196 2977
2196 3049
2196 3902
2196 4996
2196 5686
2196 6629
2196 7220
2196 7979
2196 8415
2196 8822
2197 3894
2197 5549
2197 5635
2197 6686
2197 7152
2197 7323
2198 4331
2198 4387
2198 4798
2198 6418
2198 9807
2199 2329
2199 5285
2199 7198
2199 8769
2200 5238
2201 2274
2201 4760
2201 5650
2201 5979
2201 6031
2201 7406
2201 8756
2201 9651
2202 3837
2202 7117
2202 9563
2203 2458
2203 4521
2203 5567
2203 6342
2203 7026
2203 8243
2203 9353
2203 9688
2204 3031
2204 4267
2204 4504
2204 4910
2204 8292
2204 8336
2204 8508
2204 8725
2204 9272
2204 9393
2205 2572
2205 3442
2205 5776
2205 9437
2206 3174
2206 5020
2206 5204
2206 6131
2206 7194
2206 7915
2206 9145
2206 9500
2206 9891
2207 3295
2207 3648
2207 4835
2207 5454
2207 6663
2207 6689
2207 7676
2207 8512
2208 2904
2208 5709
2208 6028
2208 8915
2209 2599
2209 4416
2209 4615
2209 5919
2209 6087
2209 7567
2209 7591
2209 8766
2210 2852
2210 3540
2210 3820
2210 5244
2210 5456
2210 5489
2210 7891
2210 9580
2210 9917
2211 3578
2211 4146
2211 4223
2211 4278
2211 5259
2211 5912
2211 6014
2211 6709
2211 7067
2211 7072
2211 7468
2211 9755
2212 3820
2212 5194
2212 6347
2212 6869
2212 9848
2213 2222
2213 2427
2213 2445
2213 3236
2213 4487
2213 5164
2214 6439
2214 7302
2214 7685
2214 9979
2215 2532
2215 3957
2215 4183
2215 4367
2215 4958
2215 5407
2215 6947
2215 7027
2215 8764
2215 9698
2216 2458
2216 3452
2216 4800
2216 5025
2216 7089
2216 7103
2216 7162
2216 8365
2216 9443
2217 3005
2217 3704
2217 6101
2217 8013
2217 8847
2218 3617
2218 4178
2218 5056
2218 6151
2218 6384
2218 7851
2218 8452
2218 9459
2218 9698
2218 9836
2219 2553
2219 3110
2219 4081
2219 4268
2219 6099
2219 6100
2220 2626
2220 4112
2220 4652
2220 6087
2220 7889
2220 8368
2220 9712
2221 3662
2221 3778
2221 4655
2221 5088
2221 5796
2221 6293
2221 6356
2221 9835
2221 9871
2222 3151
2222 3227
2222 4046
2222 4984
2222 5908
2222 6602
2222 7117
2222 9077
2223 3734
2223 4702
2223 5460
2223 7278
2223 7660
2223 8310
2223 8612
2223 8693
2224 3673
2224 5901
2224 6830
2224 7346
2224 8771
2225 2582
2225 5339
2225 6704
2225 6910
2225 6929
2225 7509
2225 7597
2225 9399
2226 2608
2226 4013
2226 5432
2226 5490
2226 5503
2226 7870
2226 9102
2226 9200
2226 9747
2226 9898
2226 9982
2227 2940
2227 3293
2227 3755
2227 4800
2227 4840
2227 5789
2227 7243
2227 9019
2227 9129
2227 9369
2228 5855
2228 6567
2228 7867
2228 8109
2228 8904
2228 8953
2228 9798
2229 2777
2229 3065
2229 6221
2229 6459
2229 7450
2229 8625
2230 2605
2230 4541
2230 4632
2230 5495
2230 6643
2230 7485
2230 9755
2231 2719
2231 3290
2231 3726
2231 6126
2231 6344
2231 7334
2231 7825
2231 8095
2231 8192
2231 8404
2231 8474
2232 4423
2232 7877
2232 9522
2233 2289
2233 2620
2233 2818
2233 4009
2233 4464
2233 4555
2233 5721
2233 6466
2233 9283
2233 9392
2233 9522
2234 5297
2234 5648
2234 6248
2234 7296
2234 7306
2234 8263
2234 8930
2234 9882
2235 4820
2235 4893
2235 5371
2235 6196
2235 6446
2235 7755
2236 2771
2236 4036
2236 4278
2236 5389
2236 5964
2236 7138
2236 8338
2236 9292
2237 2247
2237 5026
2237 7678
2237 8382
2237 9467
2238 2418
2238 3091
2238 4833
2238 7297
2238 9348
2239 2908
2239 3773
2239 4323
2239 7313
2239 8833
2240 3980
2240 4072
2240 6813
2240 7037
2240 7077
2240 8512
2241 3500
2241 4101
2241 4981
2241 6553
2241 7179
2241 9332
2241 9858
2242 5970
2242 7979
2242 8215
2242 8245
2242 8362
2242 8988
2242 9056
2243 2858
2243 3039
2243 3662
2243 4681
2243 5025
2243 5738
2243 7443
2243 8106
2243 9314
2244 2246
2244 2426
2244 3439
2244 4634
2244 6035
2244 8076
2244 8088
2244 8105
2244 8615
2245 3687
2245 5313
2245 6627
2245 8267
2246 2443
2246 2537
2246 3978
2246 4926
2246 7003
2246 7022
2246 8431
2247 4059
2247 5919
2247 6553
2247 8790
2248 3952
2248 5725
2248 5996
2248 7986
2248 8132
2248 8761
2248 9295
2249 2320
2249 6560
2249 7921
2249 8406
2249 8599
2249 9349
2250 2629
2250 3949
2250 4244
2250 6454
2250 6773
2250 7637
2250 9081
2251 3928
2251 5479
2251 5882
2251 7447
2251 9875
2252 3840
2252 4532
2252 6740
2252 7085
2252 7883
2252 8995
2253 2421
2253 2594
2253 2962
2253 3101
2253 3353
2253 4622
2253 7568
2253 8097
2253 8513
2253 8543
2253 8988
2254 3709
2254 3786
2254 5638
2255 3343
2255 3587
2255 6699
2255 6823
2255 7191
2255 9532
2256 2727
2256 4113
2256 5481
2256 5833
2256 6161
2256 7557
2256 8028
2256 8452
2257 2676
2257 4953
2257 5128
2257 7513
2257 8011
2258 5004
2258 6830
2258 6854
2258 6855
2259 2313
2259 2572
2259 2597
2259 3332
2259 3551
2259 6073
2259 6454
2259 7513
2259 7657
2259 8311
2260 3687
2260 5377
2260 6718
2260 6738
2260 6796
2260 7771
2260 8921
2261 2632
2261 3526
2261 4702
2261 6618
2261 7238
2261 7892
2261 8283
2261 8340
2261 8543
2261 9361
2261 9686
2262 2477
2262 2593
2262 3155
2262 4053
2262 5808
2262 6730
2262 6982
2262 7669
2262 8236
2262 8765
2262 8877
2262 9059
2263 4433
2263 5225
2263 6186
2263 6436
2263 6906
2263 7097
2263 7320
2263 7384
2263 8010
2263 8105
2263 8967
2263 9814
2264 4303
2264 5568
2264 6163
2264 6226
2264 8765
2265 3095
2265 4293
2265 4660
2265 9207
2266 4734
2266 5422
2266 7249
2266 8819
2266 9063
2266 9942
2267 4143
2267 5536
2267 5898
2267 6209
2267 6269
2267 7349
2268 2272
2268 2446
2268 3499
2268 4315
2268 5152
2268 5205
2268 5596
2268 5932
2268 6767
2268 7674
2268 8401
2268 8959
2268 9039
2268 9830
2269 2558
2269 5114
2269 5222
2269 5336
2269 5925
2269 7577
2269 9343
2269 9348
2270 3602
2270 4025
2270 4713
2270 4802
2270 5602
2270 8276
2271 2744
2271 3439
2271 5209
2271 8407
2271 9902
2272 3334
2272 3608
2272 3923
2272 4584
2272 6465
2272 7252
2272 8512
2272 9641
2272 9854
2273 6238
2273 7252
2274 3406
2274 3735
2274 7318
2275 2584
2275 3009
2275 3358
2275 5142
2275 5784
2275 6788
2275 7539
2275 8123
2275 8366
2275 9362
2276 2988
2276 3447
2276 4458
2276 5043
2276 6083
2276 7586
2276 8314
2276 8476
2276 8506
2276 8555
2276 8783
2277 2997
2277 3864
2277 4050
2277 4474
2277 4740
2277 5084
2277 7835
2277 8358
2277 9065
2278 2863
2278 3109
2278 4140
2278 4580
2278 5779
2278 7320
2278 9354
2278 9614
2278 9919
2278 9943
2278 9964
2278 9976
2279 2832
2279 3169
2279 4955
2279 5180
2279 6034
2279 7660
2279 8709
2280 6354
2280 6969
2280 7581
2280 9980
2281 2338
2281 5003
2281 5329
2281 5507
2281 8239
2281 8606
2282 2676
2282 3102
2282 4059
2282 4506
2282 5055
2282 6109
2282 6266
2282 6691
2282 7440
2282 7480
2282 8523
2283 5672
2283 5959
2283 6454
2283 6637
2283 7524
2283 8479
2283 8806
2284 3423
2284 7382
2284 7688
2285 2814
2285 5143
2285 5232
2285 5673
2285 8575
2286 3345
2286 4463
2286 5381
2286 5507
2286 5528
2286 6070
2286 6740
2286 7203
2286 8203
2286 8503
2286 9206
2287 2400
2287 4807
2287 5517
2287 5597
2287 6007
2287 8419
2287 9569
2287 9703
2288 3453
2288 5621
2288 7384
2289 3489
2289 3998
2289 4303
2289 5412
2289 5541
2289 5716
2289 6344
2289 7542
2289 8403
2289 8765
2290 3219
2290 3597
2290 3729
2290 3943
2290 4932
2290 5208
2290 5873
2290 6543
2290 8314
2290 9425
2290 9832
2291 2730
2291 7992
2291 8453
2292 2436
2292 2605
2292 3498
2292 4443
2292 4930
2292 5949
2292 6371
2292 7628
2293 2747
2293 3072
2293 3075
2293 3378
2293 3717
2293 5126
2293 6037
2293 6825
2293 6937
2293 6958
2293 7489
2293 9081
2293 9421
2293 9937
2294 3103
2294 3245
2294 4192
2294 4970
2294 5082
2294 5757
2294 6215
2294 6264
2294 7283
2294 9298
2295 2551
2295 5388
2295 8583
2295 9876
2296 3327
2296 3696
2296 4654
2296 5782
2296 7971
2296 9956
2297 3300
2297 3399
2297 5400
2297 5806
2297 6060
2297 7593
2297 8399
2297 9831
2297 9970
2298 3945
2298 4117
2298 5157
2298 6296
2298 8372
2298 8559
2298 8979
2298 9899
2299 4089
2299 4483
2299 5678
2299 7673
2300 2880
2300 4515
2300 6857
2300 7013
2300 7354
2300 7703
2300 8027
2300 8695
2300 9847
2301 3033
2301 3566
2301 3756
2301 4576
2301 4981
2301 5306
2301 7074
2301 9357
2301 9777
2302 2945
2302 4940
2302 6022
2302 6502
2302 6591
2302 6716
2302 7028
2302 7119
2302 8090
2302 8723
2302 9800
2303 2815
2303 2856
2303 4503
2303 5063
2303 5783
2303 6730
2303 7224
2303 7725
2303 8179
2303 8599
2304 2495
2304 2807
2304 3170
2304 3248
2304 4948
2304 5092
2304 5893
2304 6518
2304 7406
2304 7437
2304 8482
2304 9433
2305 4881
2305 6099
2305 6636
2305 7621
2305 9857
2306 2926
2306 6086
2306 6362
2306 7041
2306 7092
2306 7651
2307 2484
2307 3076
2307 3291
2307 3626
2307 3836
2307 4087
2307 4242
2307 4319
2307 4972
2307 5534
2307 5811
2307 8630
2307 8820
2308 2955
2308 3076
2308 4706
2308 5550
2308 6886
2308 7367
2308 7852
2308 8600
2308 8731
2308 8864
2308 8872
2308 9594
2308 9599
2309 2396
2309 3873
2309 4833
2309 5029
2309 7935
2309 8630
2310 2924
2310 3455
2310 6229
2310 8262
2311 3254
2311 3390
2311 4126
2311 4502
2311 4916
2311 5411
2311 5860
2312 2595
2312 5339
2312 5395
2312 6388
2312 6791
2312 7021
2312 7364
2312 8022
2312 8531
2313 3195
2313 4734
2313 4934
2313 5435
2313 9240
2314 3106
2314 3158
2314 3208
2314 3246
2314 3961
2314 4982
2314 5856
2314 6853
2314 7036
2314 8608
2314 8962
2314 9306
2315 2648
2315 4693
2315 5112
2315 5721
2315 6755
2315 9045
2316 4510
2316 5412
2316 6469
2316 6997
2316 9625
2317 2379
2317 2555
2317 3139
2317 3962
2317 4071
2317 4200
2317 4949
2317 7902
2318 4104
2318 6587
2318 6872
2318 6878
2318 7641
2318 9748
2319 3316
2319 3706
2319 6428
2319 8289
2319 8738
2320 2914
2320 3112
2320 3359
2320 3496
2320 3613
2320 4312
2320 4453
2320 4828
2320 5013
2320 5366
2320 5430
2320 7432
2320 9034
2321 2551
2321 2747
2321 3117
2321 3228
2321 3925
2321 4471
2321 5506
2321 6423
2321 6566
2321 7394
2321 7405
2321 8011
2322 2353
2322 2898
2322 4591
2322 4827
2322 5328
2322 5599
2322 7622
2322 8381
2322 9199
2323 4201
2323 5867
2323 6573
2323 7429
2323 7862
2323 9870
2323 9998
2324 4413
2324 5712
2324 8358
2324 9180
2325 3427
2325 5420
2325 7476
2325 8879
2325 9121
2325 9773
2326 2515
2326 3128
2326 3662
2326 5047
2326 6120
2326 9567
2327 2706
2327 4146
2327 6653
2327 6656
2327 7428
2327 8459
2328 4769
2328 5086
2328 5125
2328 6719
2328 9342
2328 9727
2329 3458
2329 4016
2329 4695
2329 5144
2329 6579
2329 6725
2329 8264
2329 9306
2330 3347
2330 6747
2330 6751
2330 7986
2331 2869
2331 3932
2331 5023
2331 7170
2331 8552
2332 2469
2332 2707
2332 2904
2332 2967
2332 3495
2332 3922
2332 4458
2332 6191
2332 7927
2332 8526
2332 8873
2332 8919
2332 9018
2332 9888
2332 9990
2333 2489
2333 2755
2333 4955
2333 5942
2333 8503
2334 3052
2334 3193
2334 4889
2334 4977
2334 5937
2334 8000
2334 8409
2334 9319
2335 2389
2335 2466
2335 5938
2335 6216
2335 6232
2335 6660
2335 6962
2335 7155
2335 7466
2335 7553
2335 7728
2336 3887
2336 5340
2336 7352
2336 7357
2336 8726
2336 8854
2336 9716
2337 3389
2337 3841
2337 5068
2337 6645
2337 7144
2337 7180
2337 7904
2337 8289
2337 9514
2338 2759
2338 3714
2338 4175
2338 4914
2338 7239
2338 7327
2338 8322
2338 9120
2339 2701
2339 4086
2339 4891
2339 4971
2339 6274
2339 6446
2339 7879
2339 8640
2339 9868
2340 2669
2340 2719
2340 2742
2340 3448
2340 3876
2340 4509
2340 4620
2340 5317
2340 6063
2340 6067
2341 2788
2341 3014
2341 5299
2341 5718
2341 6774
2341 7369
2341 7821
2341 9656
2342 2615
2342 2905
2342 4480
2342 4607
2342 4902
2342 6497
2342 7888
2342 8425
2343 2953
2343 3214
2343 3604
2343 3817
2343 4575
2343 5199
2343 5729
2343 8384
2344 3364
2344 3426
2344 4126
2344 5943
2344 7079
2344 7377
2344 7574
2344 7958
2344 8378
2344 9011
2344 9360
2344 9734
2344 9859
2344 9943
2345 3793
2345 4715
2345 5999
2345 6428
2345 7010
2345 8101
2345 8483
2346 3313
2346 3540
2346 3824
2346 4014
2346 4122
2346 4890
2346 6880
2346 8574
2346 9563
2346 9985
2347 3635
2347 3993
2347 4443
2347 4718
2347 5358
2347 7793
2347 7797
2347 9995
2348 3312
2348 4165
2348 6152
2348 8287
2349 3205
2349 4025
2349 4048
2349 5126
2349 6556
2349 7269
2349 8408
2349 8460
2349 9869
2350 2475
2350 5119
2350 5190
2350 6115
2350 6656
2350 8099
2350 9017
2350 9494
2350 9515
2351 2978
2351 2990
2351 4801
2351 5924
2351 8294
2351 9743
2352 2647
2352 2836
2352 4296
2352 5647
2352 6220
2352 6261
2352 6653
2352 7849
2352 8083
2352 8919
2352 9118
2353 4667
2353 4749
2353 4926
2353 5201
2353 5294
2353 6196
2353 7458
2353 7710
2353 8729
2353 9735
2353 9835
2354 2434
2354 2659
2354 2665
2354 2839
2354 4962
2354 8821
2355 2647
2355 3134
2355 3882
2355 5188
2355 6000
2355 6500
2355 7628
2355 9473
2356 2823
2356 3080
2356 3394
2356 3485
2356 4415
2356 5748
2356 6183
2356 7113
2356 8480
2356 8845
2356 9520
2357 2870
2357 3663
2357 4385
2357 4544
2357 4660
2357 6796
2357 7316
2357 8484
2358 2438
2358 2494
2358 6330
2358 6617
2358 6666
2358 7078
2358 8507
2358 8998
2359 2458
2359 2506
2359 3494
2359 3788
2359 5602
2359 5781
2359 6214
2359 6283
2359 7642
2359 7740
2360 3628
2360 3990
2360 4018
2360 4360
2360 4884
2360 5168
2360 6959
2360 7101
2360 7487
2360 7763
2360 8077
2360 8650
2360 9586
2361 4975
2361 5061
2361 5401
2361 6783
2362 4650
2362 5030
2362 5938
2362 6506
2362 9276
2363 2817
2363 4634
2363 7717
2363 9075
2364 3995
2364 5445
2364 6872
2364 7432
2364 7540
2364 7933
2364 8258
2364 8973
2365 2926
2365 3747
2365 4496
2365 4513
2365 5654
2365 6817
2365 7105
2365 7568
2365 7659
2365 8825
2365 8999
2365 9103
2365 9249
2366 3127
2366 3294
2366 4140
2366 4781
2366 6641
2366 7742
2367 2710
2367 3021
2367 3148
2367 3200
2367 6416
2367 6784
2367 6952
2367 7723
2368 2859
2368 3222
2368 5395
2368 5403
2368 5928
2368 6847
2368 7769
2368 8210
2369 2883
2369 4017
2369 5073
2369 5420
2369 6009
2369 6332
2369 8337
2369 9806
2370 2594
2370 3319
2370 4405
2370 5351
2370 8185
2370 8492
2370 9452
2370 9454
2370 9673
2370 9763
2371 5365
2371 7779
2371 8492
2371 9240
2371 9258
2372 2624
2372 2708
2372 3452
2372 5214
2372 5486
2372 8275
2372 8923
2372 9320
2373 2756
2374 3762
2374 4470
2374 5033
2374 5283
2374 5844
2374 6672
2374 6736
2374 7077
2374 7696
2374 9039
2374 9653
2374 9828
2375 3130
2375 4411
2375 4478
2375 4993
2375 5427
2375 7177
2375 7199
2375 9079
2376 2472
2376 3675
2376 3772
2376 4129
2376 4665
2376 5190
2376 6583
2376 6823
2376 7044
2377 3020
2377 4820
2377 5459
2377 6778
2377 8027
2377 8991
2377 9960
2378 3409
2378 4640
2378 5001
2378 5499
2378 6835
2378 7946
2379 2531
2379 3740
2379 3959
2379 5076
2379 6437
2379 6819
2379 7781
2379 8486
2380 3154
2380 3258
2380 4906
2380 5212
2380 5520
2380 6203
2380 8288
2380 9202
2380 9856
2381 2609
2381 4691
2381 4787
2381 7625
2381 8130
2381 8376
2381 9201
2381 9202
2381 9217
2381 9829
2382 2542
2382 5220
2382 5916
2382 6691
2382 7544
2383 3812
2383 5111
2383 5306
2383 5931
2383 6364
2383 8557
2383 9390
2383 9464
2384 2435
2384 2673
2384 2918
2384 3462
2384 3715
2384 5101
2384 5299
2384 5304
2384 5306
2384 6376
2384 7491
2384 7641
2384 7793
2385 3092
2385 3481
2385 4104
2385 4232
2385 4849
2385 7424
2385 8069
2386 4611
2386 4790
2386 9272
2386 9640
2387 2704
2387 2865
2387 3342
2387 4866
2387 5052
2387 5562
2387 7939
2387 9541
2388 4312
2388 4453
2388 4839
2388 6665
2388 7437
2388 7626
2388 9762
2389 2956
2389 3053
2389 5138
2389 5321
2389 5648
2389 7786
2390 3334
2390 4924
2390 4963
2390 5575
2390 6655
2390 7224
2390 8584
2390 9695
2391 2593
2391 3514
2391 3849
2391 4429
2391 4526
2391 4781
2391 5018
2391 5274
2391 5295
2391 5654
2391 5815
2391 5860
2391 5936
2391 6134
2391 7036
2391 7484
2392 3855
2392 4783
2392 5496
2392 5676
2392 6804
2392 7838
2393 2670
2393 5442
2393 5642
2393 6799
2393 6965
2393 7133
2393 9105
2394 3183
2394 4023
2394 5272
2394 5387
2394 8514
2394 9762
2395 3447
2395 3688
2395 6148
2395 9013
2396 2788
2396 3159
2396 3690
2396 3903
2396 4906
2396 5117
2396 6390
2396 7281
2396 8064
2396 8328
2396 8693
2396 9618
2396 9842
2397 2712
2397 4442
2397 6126
2397 6935
2397 7582
2397 8063
2398 3087
2398 3593
2398 5277
2398 6129
2398 8649
2398 9090
2398 9470
2398 9581
2399 2718
2399 3802
2399 4528
2399 6392
2399 7872
2399 8860
2399 9006
2400 2629
2400 2692
2400 4514
2400 5062
2400 5739
2400 7026
2400 7115
2400 8500
2401 2808
2401 3089
2401 3204
2401 3731
2401 5832
2401 5869
2401 5983
2401 7460
2401 7571
2401 9394
2401 9937
2402 3612
2402 3826
2402 5514
2402 6306
2402 7948
2402 7976
2402 8794
2403 3057
2403 4607
2403 6623
2403 7201
2403 8284
2403 8992
2404 3841
2404 5451
2404 6461
2404 6829
2404 7069
2404 7870
2405 2767
2405 4022
2405 4024
2405 4349
2405 6809
2405 9045
2405 9460
2405 9518
2406 2737
2406 4305
2406 4435
2406 7082
2406 7999
2406 9964
2407 3041
2407 3541
2407 3998
2407 5463
2407 6888
2407 7081
2407 7216
2407 7479
2407 7614
2407 8093
2407 8880
2408 3114
2408 5025
2408 5240
2408 6225
2408 8358
2408 9025
2408 9188
2409 2452
2409 2714
2409 3945
2409 4560
2409 5838
2409 6449
2409 8026
2410 2500
2410 3014
2410 4895
2410 5649
2410 6409
2410 6674
2410 6987
2410 8256
2410 9009
2410 9144
2411 2822
2411 4008
2411 4566
2411 5254
2411 6180
2411 6609
2411 7139
2411 7195
2411 8404
2411 8651
2411 9376
2411 9507
2411 9910
2412 2524
2412 3539
2412 5250
2412 5816
2412 5971
2412 6827
2412 6931
2413 3462
2413 4844
2413 5081
2413 5906
2413 6587
2413 6761
2413 7872
2413 8448
2414 3612
2414 4063
2414 4380
2414 4748
2414 5203
2414 5240
2414 5615
2414 5649
2414 6001
2414 6679
2414 8243
2414 8640
2415 2968
2415 4219
2415 4917
2415 5614
2415 5708
2415 6127
2415 8611
2415 8732
2416 3022
2416 6067
2416 8106
2416 8755
2416 9153
2416 9347
2417 3726
2417 4021
2417 4355
2417 4499
2417 4995
2417 5311
2417 6668
2417 7077
2417 7385
2417 7618
2417 7975
2417 8342
2418 3810
2418 4759
2418 5814
2418 6011
2418 6401
2418 8081
2418 9760
2419 2525
2419 3688
2419 4298
2419 4519
2419 5438
2419 6230
2419 6309
2419 6346
2419 6904
2419 7559
2419 8925
2419 9717
2419 9850
2420 2788
2420 5626
2420 5710
2420 8428
2420 9878
2421 3489
2421 3608
2421 3746
2421 4594
2421 5024
2421 5356
2421 5394
2421 5417
2421 6660
2421 7066
2421 7396
2421 9455
2422 3238
2422 3470
2422 3684
2422 4032
2422 4893
2422 5895
2422 6404
2422 7589
2422 7685
2422 9533
2423 3061
2423 5038
2423 5054
2423 5597
2423 5809
2423 7306
2423 7521
2423 9083
2423 9460
2423 9572
2424 2720
2424 3838
2424 4136
2424 4986
2424 5430
2424 6281
2424 6491
2424 6939
2424 6992
2424 7647
2424 7785
2424 8420
2425 3096
2425 3552
2425 4726
2425 5413
2425 5435
2425 7878
2425 8499
2425 8561
2425 8597
2425 9080
2425 9211
2426 2990
2426 4094
2426 9810
2427 2479
2427 3135
2427 3140
2427 6069
2427 6098
2427 7467
2427 7510
2427 8047
2427 8440
2427 9012
2427 9351
2428 3164
2428 3593
2428 3920
2428 5789
2428 7406
2428 7764
2428 8744
2428 8950
2428 9997
2429 4489
2429 6894
2429 8187
2429 8245
2429 8953
2429 9331
2429 9941
2430 3308
2430 4232
2430 8649
2430 8922
2431 2782
2431 3243
2431 4216
2431 4389
2431 5296
2431 5829
2431 6397
2431 7727
2431 8617
2431 8874
2431 9956
2432 5018
2432 6200
2432 9065
2432 9134
2433 4682
2433 5089
2433 5530
2433 5771
2433 6203
2434 3374
2434 3578
2434 3959
2434 4206
2434 5660
2434 6227
2434 7619
2434 9626
2435 2970
2435 3948
2435 3996
2435 4335
2435 5139
2435 7153
2435 7710
2435 9111
2436 2599
2436 2733
2436 3133
2436 5186
2436 5304
2436 6662
2436 6664
2436 6722
2436 7102
2436 9123
2437 3088
2437 3444
2437 4463
2437 5175
2437 7672
2437 8484
2438 3814
2438 3912
2438 4434
2438 5708
2438 5741
2438 6135
2438 8732
2439 5039
2439 5136
2439 6903
2439 7597
2440 2775
2440 3157
2440 5669
2440 7325
2440 9470
2441 2472
2441 2888
2441 4354
2441 5614
2441 5822
2441 6171
2441 6488
2441 7119
2441 7473
2441 8056
2441 8723
2442 4088
2442 5235
2442 6170
2442 7175
2442 7633
2442 7662
2442 9031
2443 2545
2443 2911
2443 6262
2443 7281
2443 7927
2443 7966
2443 8203
2443 8919
2443 8923
2443 9525
2443 9718
2443 9892
2444 2487
2444 2774
2444 2896
2444 2939
2444 3182
2444 5233
2444 5808
2444 6193
2444 8469
2445 2781
2445 2857
2445 5087
2445 5629
2445 6248
2445 6972
2445 7099
2445 7128
2445 7202
2445 7436
2445 7545
2445 9360
2446 2662
2446 3583
2446 4157
2446 4482
2446 4830
2446 5134
2446 6326
2446 7160
2446 7690
2446 7831
2446 7983
2446 8558
2446 8661
2447 2895
2447 3921
2447 4156
2447 4359
2447 4766
2447 5615
2447 5724
2447 5983
2447 6338
2447 7565
2447 9048
2447 9106
2448 2852
2448 3117
2448 4024
2448 5212
2448 5426
2448 7374
2448 9229
2449 3442
2449 5497
2449 6853
2449 6864
2449 7400
2449 8450
2449 8528
2449 9748
2450 2600
2450 3037
2450 3751
2450 3865
2450 4525
2450 4905
2450 5142
2450 6034
2450 6255
2450 6299
2450 8329
2450 9251
2451 3964
2451 4561
2451 6533
2451 7203
2451 7225
2451 9450
2452 2795
2452 3649
2452 5392
2452 7184
2452 7392
2452 7658
2452 9869
2453 3138
2453 3139
2453 3318
2453 3509
2453 6273
2453 6401
2453 7824
2453 9134
2454 4173
2454 5183
2454 5638
2454 6409
2454 7768
2454 8005
2454 8123
2454 9696
2455 2865
2455 3816
2455 6138
2455 7232
2455 7565
2455 8139
2455 9046
2455 9520
2456 2833
2456 3818
2456 3986
2456 4814
2456 5646
2456 5676
2456 6541
2456 7325
2456 7487
2456 8111
2456 8763
2457 2824
2457 3264
2457 3982
2457 4814
2457 5848
2457 6667
2457 6935
2457 7682
2457 9344
2457 9714
2458 2590
2458 3208
2458 4229
2458 4979
2458 5174
2458 5327
2458 6881
2458 6884
2458 7251
2458 7354
2458 7370
2458 8556
2459 3847
2459 4887
2459 4938
2459 5409
2459 5466
2459 7642
2459 9490
2460 4187
2460 4267
2460 4677
2460 4702
2460 5185
2460 6061
2460 7529
2460 7647
2460 8203
2460 9286
2460 9913
2461 3425
2461 3984
2461 4099
2461 4920
2461 9726
2462 4076
2462 4711
2462 5407
2462 5597
2462 6173
2462 6923
2462 7195
2462 8842
2462 9619
2463 2913
2463 3083
2463 5136
2463 5283
2463 6864
2463 7239
2463 9112
2463 9706
2464 3738
2464 4093
2464 4852
2464 6801
2464 9807
2465 2613
2465 3995
2465 5794
2465 7614
2465 9983
2466 3795
2466 4094
2466 4689
2466 4826
2466 6981
2466 7181
2467 3101
2467 5283
2467 6770
2467 9011
2467 9100
2468 4387
2468 4448
2468 4649
2468 4655
2468 5169
2468 6680
2468 7081
2468 7598
2468 8600
2469 4852
2469 6526
2469 8143
2470 3680
2470 4707
2470 5088
2470 5768
2470 7214
2470 7429
2470 7650
2470 8343
2470 8697
2471 3688
2471 5231
2471 6037
2471 6751
2471 6992
2471 8725
2472 4701
2472 7347
2472 7944
2472 8173
2472 8178
2472 8891
2473 4152
2473 4801
2473 5015
2473 5663
2473 6092
2473 6200
2473 7221
2473 8193
2473 8791
2474 3436
2474 3873
2474 3875
2474 4577
2474 4731
2474 5249
2474 5798
2474 8168
2475 3169
2475 3355
2475 3414
2475 3699
2475 3776
2475 5060
2475 8224
2475 9456
2475 9647
2475 9804
2476 2619
2476 4082
2476 9000
2476 9512
2477 3453
2477 3775
2477 4338
2477 5981
2477 7378
2477 7393
2477 7428
2477 7708
2477 8147
2477 9055
2477 9370
2478 4753
2478 5093
2478 9189
2478 9884
2479 2592
2479 2759
2479 3415
2479 4027
2479 5736
2479 7672
2480 4125
2480 7113
2480 7662
2480 9254
2480 9418
2481 3962
2481 4343
2481 4350
2481 7891
2481 8263
2481 8773
2482 2820
2482 3480
2482 4770
2482 4787
2482 4849
2482 5496
2482 6435
2482 7529
2482 8660
2483 3012
2483 3209
2483 3905
2483 4688
2483 5737
2483 7141
2483 7306
2483 8926
2484 2486
2484 2786
2484 3608
2484 4423
2484 5229
2484 5787
2484 7978
2484 7988
2484 8123
2484 9008
2485 2560
2485 3260
2485 3393
2485 3858
2485 4309
2485 4473
2485 4583
2485 6358
2485 6853
2485 7072
2485 8379
2485 9823
2485 9827
2486 3384
2486 3913
2486 5230
2486 5424
2486 5554
2486 5689
2486 6898
2486 7172
2486 9406
2486 9407
2487 3182
2487 3248
2487 3861
2487 4613
2487 5004
2487 7342
2487 8663
2488 2684
2488 4324
2488 5138
2488 6071
2488 6451
2488 7734
2488 7984
2488 8724
2488 9451
2488 9813
2489 2891
2489 3059
2489 3467
2489 3697
2489 5496
2489 5691
2489 5773
2489 5803
2489 7906
2489 8044
2489 8933
2489 9948
2490 2983
2490 3818
2490 4532
2490 4562
2490 4567
2490 4845
2490 5217
2490 5599
2490 6201
2490 8189
2490 8654
2490 9007
2490 9324
2490 9551
2491 3221
2491 4787
2491 4999
2491 5538
2491 6651
2491 7289
2491 7635
2491 8943
2491 9062
2491 9067
2491 9247
2492 4577
2492 5150
2492 6046
2492 6922
2492 7910
2492 8042
2492 8321
2492 8592
2493 3445
2493 5930
2493 6892
2493 9088
2493 9143
2494 2564
2494 2592
2494 3567
2494 3736
2494 4298
2494 4487
2494 6484
2494 8031
2494 8814
2494 9144
2494 9961
2495 2612
2495 2613
2495 2737
2495 4582
2495 4984
2495 6009
2495 6176
2495 6935
2495 7038
2495 7094
2495 8685
2496 5207
2496 5793
2496 6680
2496 8867
2496 9473
2497 2613
2497 2740
2497 4293
2497 5288
2497 5312
2497 6894
2498 3195
2498 3370
2498 4180
2498 4777
2498 5409
2498 6104
2498 7542
2498 7927
2498 9020
2499 3867
2499 4711
2499 4811
2499 8372
2499 8383
2499 9064
2499 9347
2500 6888
2500 7722
2500 7978
2500 9738
2501 5895
2501 6184
2501 6418
2501 6562
2501 7454
2501 9883
2502 5419
2502 5981
2502 6302
2502 6400
2502 7704
2502 8964
2502 9215
2502 9566
2503 2505
2503 4205
2503 6465
2503 7188
2503 8324
2503 9334
2503 9712
2503 9945
2503 9975
2504 2864
2504 3543
2504 5081
2504 6410
2504 7188
2504 8348
2504 8383
2504 9672
2505 3084
2505 5177
2505 7178
2505 8624
2505 8749
2505 9145
2506 4609
2506 6066
2506 7609
2506 8703
2506 9330
2507 2598
2507 2750
2507 4537
2507 4576
2507 6110
2507 9394
2507 9502
2507 9610
2508 2683
2508 3054
2508 6346
2508 7634
2508 8444
2508 9743
2508 9999
2509 3566
2509 3738
2509 4785
2509 5300
2509 6199
2509 6328
2509 6384
2509 8908
2509 8985
2509 9158
2509 9436
2509 9791
2509 9980
2509 9983
2510 2757
2510 2927
2510 3021
2510 3067
2510 4206
2510 6403
2510 6656
2510 8287
2510 8383
2510 9189
2511 2831
2511 2861
2511 3075
2511 4155
2511 4486
2511 6441
2511 9417
2511 9498
2512 2670
2512 3257
2512 4156
2512 4285
2512 9007
2513 2783
2513 3648
2513 3792
2513 5602
2513 7176
2513 7668
2513 9496
2513 9873
2513 9909
2514 2744
2514 3221
2514 3464
2514 4057
2514 4259
2514 4281
2514 4927
2514 6789
2514 7399
2514 8421
2515 2518
2515 3748
2515 5175
2515 5714
2515 6398
2515 7469
2515 8776
2515 9609
2516 2704
2516 2739
2516 3176
2516 3516
2516 6040
2516 6466
2516 7062
2516 8250
2516 9120
2516 9319
2516 9909
2516 9995
2517 4703
2517 5117
2517 6778
2517 7315
2517 8491
2517 9191
2518 3241
2518 3724
2518 3865
2518 5647
2518 6228
2518 8652
2518 9986
2519 3570
2519 4345
2519 4977
2519 5410
2519 6753
2519 6836
2519 7099
2519 8256
2519 8735
2519 9553
2520 4425
2520 5053
2520 6166
2520 6787
2520 7248
2520 8297
2520 8385
2520 8569
2520 9001
2520 9763
2521 3377
2521 4080
2521 4663
2521 4788
2521 5678
2521 6992
2521 8295
2521 8765
2521 9122
2521 9930
2522 3324
2522 3884
2522 4322
2522 7917
2522 7945
2522 8913
2522 9018
2522 9422
2522 9849
2523 3084
2523 4055
2523 4073
2523 4858
2523 5567
2523 6889
2523 6983
2523 8847
2523 9380
2523 9819
2524 3370
2524 4504
2524 6151
2524 6445
2524 6454
2524 7036
2524 8813
2524 9993
2525 2765
2525 3292
2525 5426
2525 6721
2525 6939
2525 8208
2525 8681
2525 8723
2525 9190
2525 9516
2526 3046
2526 3168
2526 4326
2526 5851
2526 8610
2526 8837
2527 2560
2527 5560
2527 6023
2527 9485
2528 3037
2528 4545
2528 5175
2528 5627
2528 5696
2528 5717
2528 8040
2528 8758
2528 9800
2528 9983
2529 5419
2529 5570
2529 5980
2529 9895
2530 4461
2530 5069
2530 5081
2530 5172
2530 5573
2530 5799
2530 7005
2530 8751
2531 3745
2531 6024
2531 6140
2531 8235
2531 8923
2531 8957
2532 2638
2532 5985
2532 7897
2532 9451
2533 4425
2533 6013
2533 6960
2533 7323
2533 8422
2533 8456
2534 2672
2534 3192
2534 5875
2534 6848
2534 8046
2534 8374
2535 4141
2535 4285
2535 4352
2535 4901
2535 6074
2535 6500
2535 7638
2535 8119
2535 8319
2535 9102
2535 9838
2536 3213
2536 3736
2536 4776
2536 8899
2537 4642
2537 6398
2537 8112
2537 8421
2537 9605
2538 2832
2538 3940
2538 4347
2538 4436
2538 4474
2538 4573
2538 4924
2538 5351
2538 5741
2538 6077
2538 7729
2538 9634
2538 9812
2539 3701
2539 5866
2539 7943
2539 8261
2539 8748
2539 9312
2539 9634
2540 4615
2540 4950
2540 5140
2540 5207
2540 6421
2540 6965
2540 7436
2540 7639
2540 8700
2540 8770
2540 9508
2541 4138
2541 4328
2541 4687
2541 5012
2541 7240
2541 8698
2542 4290
2542 5683
2542 5909
2542 6288
2542 6993
2542 7378
2542 9091
2543 2669
2543 5238
2543 7017
2543 7305
2543 7573
2543 8401
2543 8499
2543 9237
2544 3200
2544 5247
2544 5644
2544 6761
2544 6875
2544 7374
2544 9984
2545 4640
2545 6184
2545 6210
2545 9423
2545 9527
2545 9633
2545 9677
2546 2570
2546 2780
2546 3094
2546 3129
2546 4034
2546 4036
2546 4927
2546 5857
2546 5927
2546 6919
2546 6929
2546 7092
2546 7836
2546 9747
2547 2568
2547 2571
2547 4093
2547 6248
2547 6929
2547 7454
2547 7778
2548 3142
2548 3556
2548 4024
2548 7353
2548 7654
2548 9727
2549 2945
2549 3014
2549 3096
2549 8636
2549 9491
2550 3111
2550 3698
2550 3745
2550 5939
2550 6522
2550 6578
2550 7158
2550 7410
2550 9284
2550 9709
2551 3367
2551 3579
2551 5988
2551 6520
2551 7001
2551 7034
2551 8488
2551 8959
2551 9076
2552 2938
2552 3866
2552 4513
2552 4800
2552 7361
2552 8868
2552 9089
2553 2930
2553 3306
2553 3988
2553 6494
2553 6502
2553 6706
2553 7586
2553 7696
2553 9173
2553 9531
2554 3598
2554 4406
2554 4908
2554 5948
2554 8066
2554 8495
2554 9661
2555 2936
2555 3216
2555 3703
2555 3803
2555 4449
2555 4646
2555 5826
2555 7435
2555 8589
2555 9253
2556 3369
2556 3636
2556 4352
2556 4566
2556 5099
2556 6274
2556 6490
2556 7845
2556 8210
2556 8750
2556 9758
2557 3416
2557 3436
2557 3486
2557 4322
2557 5541
2557 6737
2557 6846
2557 8890
2557 8984
2557 9982
2558 4343
2558 7090
2558 9057
2559 3135
2559 3428
2559 4534
2559 5415
2559 8302
2559 8541
2560 5060
2560 5239
2560 8711
2560 8882
2560 9320
2561 3283
2561 3896
2561 4411
2561 4529
2561 6101
2561 6307
2561 8441
2561 9278
2562 3911
2562 5422
2562 8211
2562 9024
2563 4331
2563 5372
2563 5440
2563 5689
2563 5912
2563 6167
2563 6842
2563 7257
2563 7286
2563 8640
2564 3943
2564 4698
2564 5144
2564 5957
2564 6081
2564 9508
2565 4038
2565 4683
2565 4804
2565 4957
2565 5441
2565 6277
2565 6983
2565 6986
2565 7290
2565 8616
2565 8746
2565 8993
2565 9481
2566 2612
2566 4041
2566 4641
2566 5968
2566 7149
2566 7483
2566 8155
2566 9312
2567 4143
2567 5474
2567 6505
2567 7596
2567 8509
2568 3063
2568 3369
2568 4075
2568 4167
2568 4412
2568 5482
2568 6475
2568 8110
2568 8118
2568 8589
2568 9165
2569 3193
2569 4074
2569 4304
2569 7124
2569 8115
2569 8840
2569 9436
2569 9794
2570 4079
2570 7351
2570 8744
2570 9148
2570 9204
2571 2726
2571 2981
2571 3203
2571 3480
2571 4378
2571 5471
2571 8732
2572 3490
2572 5047
2572 7393
2572 9648
2572 9909
2573 3068
2573 3372
2573 3526
2573 4165
2573 4758
2573 5749
2573 6540
2573 7701
2573 9191
2573 9403
2574 3745
2574 5234
2574 5249
2574 6441
2574 7110
2574 7721
2574 8359
2574 8421
2574 8645
2575 4277
2575 4461
2575 5668
2575 5669
2575 5772
2575 7553
2575 7988
2575 9355
2575 9581
2576 3467
2576 6187
2576 6332
2576 7662
2576 9757
2577 2682
2577 3658
2577 5396
2577 5910
2577 6572
2577 6820
2577 8043
2577 9886
2577 9922
2578 2761
2578 3349
2578 4324
2578 6045
2578 6994
2578 7577
2578 9675
2579 3790
2579 4603
2579 4687
2579 4694
2579 6808
2579 8461
2579 8590
2580 2995
2580 4651
2580 4791
2580 5237
2580 6091
2580 6219
2580 8657
2581 2925
2581 3226
2581 3856
2581 3933
2581 4781
2581 7156
2581 7221
2581 8644
2581 9223
2581 9709
2582 3980
2582 5794
2582 6171
2582 6458
2582 8205
2582 9501
2583 2874
2583 2889
2583 4095
2583 4710
2583 5229
2583 5292
2583 5474
2583 6420
2583 7715
2583 7846
2583 8690
2583 9132
2583 9275
2583 9524
2584 5909
2584 5943
2584 6860
2584 7986
2585 3164
2585 3993
2585 5397
2585 6493
2585 7566
2585 7752
2586 2719
2586 2979
2586 3441
2586 3911
2586 4709
2586 4808
2586 4938
2586 6137
2586 7064
2586 7539
2586 9046
2586 9301
2586 9455
2586 9952
2587 2956
2587 3261
2587 3519
2587 3986
2587 4473
2587 4569
2587 5690
2587 6158
2587 6439
2587 7213
2588 3160
2588 5312
2588 6489
2588 7318
2588 7357
2588 9964
2589 2966
2589 6828
2589 6866
2589 9764
2590 2614
2590 7604
2590 8103
2590 8767
2590 9002
2591 4627
2591 7946
2592 2881
2592 3214
2592 3320
2592 3997
2592 5549
2592 5790
2592 8124
2592 9548
2593 4017
2593 4491
2593 4515
2593 6614
2593 9571
2594 2599
2594 3339
2594 4508
2594 4526
2594 4604
2594 4709
2594 6685
2594 9795
2594 9904
2595 2777
2595 3174
2595 4082
2595 4993
2595 5324
2595 5518
2595 6008
2595 7142
2595 9494
2596 2650
2596 5182
2596 8040
2596 8997
2596 9109
2596 9385
2596 9442
2597 2820
2597 5084
2597 5437
2597 5461
2597 6996
2597 7848
2597 8162
2597 9272
2597 9853
2598 3639
2598 4879
2598 5040
2598 6532
2598 7678
2598 8951
2598 9072
2598 9967
2599 3881
2599 4499
2599 4925
2599 5558
2599 7913
2600 4055
2600 5943
2600 7253
2600 7412
2600 8595
2601 2721
2601 2806
2601 3081
2601 3147
2601 5158
2601 6220
2601 6225
2601 7329
2601 8380
2601 8468
2602 3505
2602 3858
2602 6195
2602 6328
2602 6505
2602 7413
2602 7806
2602 8575
2602 8627
2603 2693
2603 2855
2603 3706
2603 3945
2603 4788
2603 5572
2603 9653
2604 4698
2604 4830
2604 8906
2604 9505
2605 3359
2605 3870
2605 5239
2605 6806
2605 9107
2605 9431
2606 3688
2606 4459
2606 5290
2606 6893
2606 7267
2606 7604
2606 7671
2606 9251
2606 9390
2607 2671
2607 2939
2607 3075
2607 3182
2607 4470
2607 5440
2607 5604
2607 7489
2607 9117
2607 9306
2607 9831
2608 3038
2608 5111
2608 5157
2608 6791
2608 9047
2608 9489
2609 3205
2609 3826
2609 7423
2609 7573
2609 9391
2610 3579
2610 3660
2610 4664
2610 5606
2610 6703
2610 7932
2610 7942
2610 8204
2610 9057
2610 9371
2610 9582
2611 2671
2611 3851
2611 3961
2611 6464
2611 6981
2611 7532
2612 3567
2612 4586
2612 5117
2612 7006
2612 7545
2612 8510
2613 2958
2613 3755
2613 4039
2613 4977
2613 5584
2613 9645
2614 5184
2614 5852
2614 5932
2614 7844
2614 8933
2615 2657
2615 3978
2615 5376
2615 5512
2615 6920
2615 7871
2615 7933
2615 8101
2615 8294
2615 8733
2615 8890
2615 9079
2616 4450
2616 7235
2617 3378
2617 3654
2617 4052
2617 5024
2617 5402
2617 6023
2617 8337
2618 5736
2619 5938
2619 6345
2619 6457
2619 6838
2619 8056
2619 8288
2619 8663
2619 8808
2619 9144
2620 3474
2620 3492
2620 4207
2620 5021
2620 6562
2620 6617
2620 6662
2620 6802
2620 8243
2620 9489
2621 3230
2621 4484
2621 5240
2621 5293
2621 6020
2621 6853
2621 7265
2621 7389
2621 7585
2621 7941
2621 9522
2622 3036
2622 4150
2622 4197
2622 6755
2622 8587
2623 3066
2623 4305
2623 4820
2623 5028
2623 5672
2623 6378
2623 6587
2623 6926
2623 7975
2623 8100
2624 4529
2624 6213
2624 9184
2624 9409
2624 9633
2625 2891
2625 3797
2625 7726
2625 8065
2625 8651
2625 9859
2626 3351
2626 5183
2626 5200
2626 5236
2626 5502
2626 9793
2627 4382
2627 5895
2627 8226
2627 8981
2628 3445
2628 4933
2628 4964
2628 6034
2628 7192
2628 8584
2629 4047
2629 4659
2629 5015
2629 6884
2629 7705
2629 8350
2629 8748
2629 9682
2630 2650
2630 2769
2630 3295
2630 6079
2630 7220
2630 7774
2631 3850
2631 4514
2631 4771
2631 5157
2631 6016
2631 6953
2631 8145
2631 8261
2632 2943
2632 3726
2632 3733
2632 4031
2632 9166
2632 9998
2633 2904
2633 3092
2633 3858
2633 5115
2633 6772
2633 6865
2633 7628
2633 9440
2634 2862
2634 7490
2634 8735
2634 9634
2635 2643
2635 2921
2635 3716
2635 6301
2635 6663
2635 7727
2636 3828
2636 6463
2636 8045
2637 3924
2637 7861
2637 8387
2638 2655
2638 7866
2638 8026
2638 8462
2638 9833
2639 3123
2639 4950
2639 6297
2639 6837
2639 7266
2639 7393
2639 9748
2640 4385
2640 4996
2640 5076
2640 6539
2640 6989
2640 7534
2640 7665
2641 6684
2641 8527
2642 5789
2642 8036
2643 3844
2643 3985
2643 5950
2643 7020
2644 3768
2644 4040
2644 5417
2644 8321
2644 8449
2644 9948
2645 2684
2645 3091
2645 5135
2645 6201
2645 8749
2645 9751
2645 9796
2645 9945
2646 5347
2646 5729
2646 7490
2646 9108
2647 2726
2647 4487
2647 6075
2647 9565
2647 9844
2648 3715
2648 4201
2648 4661
2648 5446
2648 6610
2648 9266
2648 9463
2649 2795
2649 5727
2649 5933
2649 6333
2649 6809
2649 7686
2649 8408
2649 8981
2650 2801
2650 2817
2650 4298
2650 4878
2650 5595
2650 6202
2650 8700
2650 8844
2651 4683
2651 4849
2651 5246
2651 7416
2651 7839
2651 9505
2652 3055
2652 5614
2652 6088
2653 5780
2653 5877
2653 5988
2653 7777
2653 9619
2654 2894
2654 3250
2654 3346
2654 5250
2654 7261
2654 8786
2654 9082
2655 3113
2655 5298
2655 5615
2655 7051
2655 8113
2655 8416
2655 8443
2656 5512
2656 6125
2656 8339
2656 9882
2657 3527
2657 3797
2657 3813
2657 4813
2657 8538
2657 8745
2658 3496
2658 3821
2658 5322
2658 6844
2658 7728
2658 9897
2659 3226
2659 3902
2659 8009
2659 8500
2659 9302
2660 3940
2660 6584
2660 7354
2660 7901
2660 8025
2660 8854
2660 9004
2661 3375
2661 3604
2661 4376
2661 5242
2661 5564
2661 5893
2661 6007
2661 6487
2661 7641
2661 7782
2661 8573
2661 9484
2661 9941
2662 2703
2662 3379
2662 3554
2662 3853
2662 4380
2662 4474
2662 4800
2662 5105
2662 5554
2662 5647
2662 6023
2662 6300
2662 7012
2662 8819
2662 8969
2662 9270
2663 5540
2663 5681
2663 7022
2663 7212
2663 8491
2663 9070
2663 9691
2664 3381
2664 4096
2664 5963
2664 6398
2664 9465
2664 9605
2665 3307
2665 3772
2665 4411
2665 5922
2665 5957
2665 6609
2665 8123
2665 8743
2666 2715
2666 4242
2666 4485
2666 5605
2666 5750
2666 6535
2666 8153
2666 8435
2666 9815
2667 3057
2667 4985
2667 5689
2667 6421
2667 6953
2667 7039
2667 7956
2667 8315
2667 9944
2667 9997
2668 4202
2668 4712
2668 5515
2668 6517
2668 6610
2668 6748
2668 7160
2668 7202
2668 7694
2668 9569
2669 4368
2669 4442
2670 2710
2670 3202
2670 4973
2670 5217
2670 5589
2670 5737
2670 7658
2670 7852
2670 8075
2670 8846
2670 9315
2671 3304
2671 4771
2671 4852
2671 4903
2671 5100
2671 6024
2671 6158
2671 6456
2671 6763
2671 6940
2671 9283
2672 4037
2672 4645
2672 5993
2672 6331
2672 7648
2672 8197
2673 2837
2673 3250
2673 3986
2673 5747
2673 6107
2673 6196
2673 8344
2673 9936
2674 4552
2674 4806
2674 5212
2674 6244
2674 7062
2674 7446
2674 8680
2675 2946
2675 3485
2675 3498
2675 4161
2675 4242
2675 4753
2675 4985
2675 5899
2675 6054
2675 6851
2675 8035
2675 8888
2675 9021
2675 9339
2676 4270
2676 6017
2676 7739
2676 8528
2677 3174
2677 3999
2677 4016
2677 5225
2677 7207
2677 8030
2677 8223
2677 9486
2678 5093
2678 6952
2678 7344
2678 8533
2679 3473
2679 6492
2679 6666
2679 7359
2679 9483
2680 3722
2680 4851
2680 4867
2680 5563
2680 6408
2680 6634
2680 7515
2680 8510
2681 2690
2681 2793
2681 2959
2681 3272
2681 4011
2681 4117
2681 4146
2681 6436
2681 6893
2681 7661
2681 9937
2682 5163
2682 7187
2682 7578
2682 8177
2683 2769
2683 4888
2683 5209
2683 7445
2683 8629
2683 8784
2683 9943
2684 2974
2684 3098
2684 6173
2684 6711
2684 6773
2684 7280
2684 7325
2684 7888
2684 9185
2685 3172
2685 4133
2685 4159
2685 5330
2685 5433
2685 8489
2685 9111
2686 2775
2686 4517
2686 5403
2686 6018
2686 6655
2686 8837
2686 9477
2686 9729
2687 5509
2687 6751
2687 8144
2687 8498
2687 9416
2687 9502
2687 9873
2687 9902
2688 4321
2688 4535
2688 7513
2688 7965
2688 8391
2689 3218
2689 3375
2689 5452
2689 6446
2689 6740
2689 7261
2689 7835
2690 4163
2690 4981
2690 6089
2690 7202
2690 9046
2690 9691
2691 3338
2691 5136
2691 5210
2691 6200
2691 6563
2691 8824
2692 5578
2692 6130
2692 7049
2692 7756
2692 7992
2692 8572
2693 2755
2693 2808
2693 3197
2693 3828
2693 4310
2693 5485
2693 5799
2693 6208
2693 6596
2693 9325
2693 9515
2694 4176
2694 8193
2695 3253
2695 4008
2695 4054
2695 5694
2695 9695
2696 4339
2696 4839
2696 6921
2696 8255
2696 9070
2696 9671
2696 9892
2697 2716
2697 3350
2697 3602
2697 4466
2697 7393
2697 7801
2697 9185
2698 4005
2698 4155
2698 4379
2698 5103
2698 5798
2698 8692
2699 4447
2699 7257
2699 8357
2699 8487
2699 9802
2700 3692
2700 4173
2700 4555
2700 7558
2700 7956
2700 8043
2700 9344
2701 3658
2701 4418
2701 4571
2701 4732
2701 5534
2701 6456
2701 8976
2701 9754
2702 3086
2702 3151
2702 5219
2702 5935
2702 6347
2702 7735
2702 9170
2703 5231
2703 6259
2703 6651
2703 8360
2704 3251
2704 4598
2704 7085
2704 9015
2704 9831
2705 3902
2705 4044
2705 4593
2705 4749
2705 5848
2705 6571
2705 7235
2705 8786
2705 9096
2705 9373
2705 9483
2706 3726
2706 5902
2706 6875
2706 8331
2706 9261
2706 9853
2707 3231
2707 3570
2707 4026
2707 4224
2707 7381
2707 8479
2707 8625
2707 9661
2708 3606
2708 4469
2708 6026
2708 6975
2708 8626
2708 9218
2709 3426
2709 3564
2709 4663
2709 6610
2709 6772
2709 6776
2709 7063
2709 9609
2710 4114
2710 6373
2710 6552
2710 8756
2711 3007
2711 3655
2711 5338
2711 5361
2711 6113
2711 6567
2711 6798
2711 7706
2711 9881
2712 5458
2712 6188
2712 7167
2712 8128
2713 3150
2713 3414
2713 4580
2713 5287
2713 6292
2713 6306
2713 8365
2713 9197
2714 3851
2714 4835
2714 5331
2714 6037
2715 3028
2715 3441
2715 8100
2715 8841
2715 9355
2715 9893
2715 9983
2716 3139
2716 4422
2716 5936
2716 6786
2716 7990
2716 9000
2716 9781
2717 2769
2717 3009
2717 4179
2717 4616
2717 5295
2717 5639
2717 5652
2717 8188
2717 8517
2718 3887
2718 4999
2718 5127
2718 5706
2718 5729
2718 5869
2718 5957
2718 7611
2718 9112
2718 9413
2719 2772
2719 2853
2719 3196
2719 3916
2719 6182
2719 6204
2719 6362
2719 8356
2720 3448
2720 4820
2720 7619
2720 8269
2720 8590
2720 9602
2721 2730
2721 3350
2721 3363
2721 3481
2721 3915
2721 3992
2721 5670
2721 6977
2721 7797
2721 8317
2721 9311
2722 2729
2722 4242
2722 4538
2722 5449
2722 5830
2722 6717
2722 8353
2722 8421
2722 9668
2723 2891
2723 2932
2723 4408
2723 4748
2723 5129
2723 5300
2724 3534
2724 3797
2724 4246
2724 4588
2724 4869
2724 5156
2724 5510
2724 8219
2724 8621
2724 9188
2725 7152
2725 8412
2725 9000
2726 3204
2726 3806
2726 6348
2727 2950
2727 4698
2727 4776
2727 5612
2727 5977
2728 3192
2728 4148
2728 6363
2728 6471
2728 7806
2729 4009
2729 5016
2729 5030
2729 6860
2729 6977
2729 7095
2729 7575
2729 8648
2729 9496
2730 3139
2730 3315
2730 4644
2730 4926
2730 5069
2730 5772
2730 6147
2730 6166
2730 9283
2730 9642
2730 9778
2730 9956
2731 3073
2731 5378
2731 9862
2731 9895
2732 2952
2732 8775
2733 2878
2733 3436
2733 3521
2733 5772
2733 6155
2733 6902
2733 7501
2733 8547
2733 8674
2734 5840
2734 5881
2734 6293
2734 6362
2734 7129
2734 7839
2735 2914
2735 4154
2735 4608
2735 5274
2735 6942
2735 7124
2735 7202
2735 7618
2735 8969
2736 3794
2736 3879
2736 4393
2736 8013
2736 8427
2736 9496
2737 2768
2737 3080
2737 3272
2737 3819
2737 4098
2737 4108
2737 5049
2737 5361
2737 9667
2737 9900
2738 2963
2738 3156
2738 3974
2738 4056
2738 4876
2738 5596
2738 8313
2738 8660
2738 9666
2739 3560
2739 7698
2739 7841
2739 8713
2739 8717
2740 3408
2740 3957
2740 5937
2740 6485
2740 6898
2740 6991
2740 8342
2740 8990
2741 2969
2741 4341
2741 4971
2741 5152
2741 6611
2742 4249
2742 6586
2742 7887
2742 8010
2742 8285
2742 8749
2742 9325
2743 2872
2743 4689
2743 5559
2743 5928
2743 6121
2743 6661
2743 7868
2744 4115
2744 6637
2744 6911
2744 6921
2744 7637
2744 8575
2744 8631
2744 8684
2745 3344
2745 5188
2745 6917
2745 7721
2745 8808
2745 9842
2746 2844
2746 4464
2746 5413
2746 5666
2746 5855
2746 6318
2746 6830
2746 8128
2746 9295
2746 9582
2746 9746
2747 5652
2747 6156
2747 6801
2747 6922
2747 8060
2747 8371
2748 4192
2748 4943
2748 6476
2748 7816
2748 7833
2748 9681
2749 4029
2749 5232
2749 5981
2749 6479
2749 6635
2749 7857
2749 8366
2749 8569
2749 8985
2749 9850
2750 4254
2750 5163
2750 5916
2750 7493
2750 7773
2750 9740
2751 3373
2751 3699
2751 4964
2751 5578
2751 6433
2751 7532
2751 8404
2751 9843
2752 3055
2752 3286
2752 3614
2752 4292
2752 4375
2752 6490
2752 6650
2752 7279
2752 7852
2752 7885
2752 8419
2752 8921
2752 9371
2753 4375
2753 6974
2753 8378
2753 8523
2753 9177
2754 3644
2754 5449
2754 5550
2754 5732
2754 6011
2754 6201
2754 6407
2754 7038
2754 8137
2755 2794
2755 3157
2755 3384
2755 3897
2755 3952
2755 4767
2755 5287
2755 5979
2755 7671
2755 7864
2755 8757
2756 3658
2756 5212
2756 5964
2756 6884
2756 7651
2756 8634
2757 3023
2757 4213
2757 4490
2757 4698
2757 6765
2757 7547
2757 7956
2758 3333
2758 3854
2758 4804
2758 5192
2758 5917
2758 6837
2758 7692
2758 8042
2758 8297
2758 8395
2758 8851
2758 8930
2758 9132
2759 2908
2759 3756
2759 4317
2759 4350
2759 6734
2759 8603
2760 3094
2760 4624
2760 6774
2760 7513
2760 8481
2760 9448
2761 2985
2761 3883
2761 4112
2761 6446
2761 6675
2761 7883
2761 8795
2761 9487
2762 3384
2762 5861
2762 6399
2762 6408
2762 6429
2762 6797
2762 8678
2762 8897
2762 9542
2762 9592
2763 5907
2763 7120
2763 8209
2764 3161
2764 3270
2764 4633
2764 5211
2764 5494
2764 5856
2764 7012
2764 8823
2765 2890
2765 2971
2765 3532
2765 3997
2765 4885
2765 5468
2765 6629
2765 7333
2765 7503
2765 7997
2765 9173
2766 3773
2766 5890
2766 6798
2766 7645
2766 8044
2766 9429
2766 9650
2767 2966
2767 3550
2767 7041
2767 7150
2767 7961
2768 3642
2768 4104
2768 4269
2768 4688
2768 4702
2768 4713
2768 6346
2768 8025
2768 9249
2769 3632
2769 5076
2769 6535
2769 6634
2769 7026
2769 7886
2769 8456
2769 8601
2769 9413
2769 9721
2770 5089
2770 5214
2770 6189
2770 6395
2770 8149
2770 9964
2771 3397
2771 3560
2771 4315
2771 4817
2771 6788
2771 9163
2772 2904
2772 3113
2772 4841
2772 5752
2772 5904
2772 7267
2772 9504
2773 3939
2773 4627
2773 6076
2773 7740
2773 9157
2774 3240
2774 4766
2774 5356
2774 7032
2774 8836
2774 9476
2775 2985
2775 5774
2775 6300
2775 7298
2776 4195
2776 4774
2776 6249
2776 6438
2776 6781
2776 6903
2776 7863
2776 8850
2776 9381
2777 4924
2777 7135
2777 8149
2777 9035
2777 9437
2778 3448
2778 3615
2778 6974
2778 7335
2778 8714
2779 3454
2779 4053
2779 4375
2779 7111
2779 7265
2779 8281
2779 8289
2779 8394
2779 8515
2780 2906
2780 3962
2780 4056
2780 7878
2780 9220
2781 3736
2781 3933
2781 4223
2781 4668
2781 7890
2781 8642
2781 8758
2781 8852
2781 9042
2782 3618
2782 3908
2782 4391
2782 4586
2782 5447
2782 5846
2783 3294
2783 3716
2783 4520
2783 5441
2783 6605
2783 6646
2783 6794
2783 6981
2783 7259
2783 8764
2783 9458
2784 4902
2784 5348
2784 5388
2784 7618
2784 9472
2785 3486
2785 5398
2785 8570
2785 9592
2786 2873
2786 4515
2786 8528
2786 9373
2787 3291
2787 3811
2787 4003
2787 5583
2787 6015
2787 6189
2787 6355
2787 6746
2787 7941
2787 9944
2788 3880
2788 4998
2788 7416
2789 4067
2789 6322
2789 7895
2789 7932
2789 8200
2789 8406
2789 8535
2790 3650
2790 3936
2790 5780
2790 6089
2790 6546
2790 8233
2790 9153
2790 9433
2791 4453
2791 4516
2791 5663
2791 5852
2791 8071
2791 8914
2791 9145
2791 9173
2792 4018
2792 5237
2792 6387
2792 7219
2792 7226
2792 7838
2792 8649
2793 3431
2793 7313
2793 7565
2793 8254
2793 8333
2793 9871
2794 2997
2794 5421
2794 5707
2794 7162
2794 8096
2795 8558
2795 8599
2795 8900
2795 9684
2796 3937
2796 5764
2796 6727
2796 8167
2796 8383
2796 8437
2796 9063
2797 5485
2797 5537
2797 6322
2797 7153
2797 8098
2797 8638
2798 4802
2798 5435
2798 5573
2798 9468
2798 9495
2798 9853
2799 3448
2799 4394
2799 7837
2799 9547
2800 2854
2800 3051
2800 7500
2800 8212
2800 8244
2801 3186
2801 5632
2801 6804
2802 2905
2802 2958
2802 4733
2802 5843
2802 7305
2802 9508
2803 2866
2803 2980
2803 3314
2803 3712
2803 3909
2803 4755
2803 4914
2803 5115
2803 6140
2803 7412
2803 8072
2803 9156
2803 9338
2804 3270
2804 5868
2804 6775
2804 7821
2804 8170
2804 9257
2804 9793
2805 3819
2805 6037
2805 8043
2805 8677
2805 8754
2805 9447
2806 2985
2806 3902
2806 4519
2806 6188
2806 6518
2806 6888
2806 8329
2806 8950
2807 3338
2807 5242
2807 5379
2807 7166
2807 7327
2807 9416
2808 2932
2808 2948
2808 3714
2808 4172
2808 5615
2808 5709
2808 5868
2808 6520
2808 7793
2808 7826
2808 8180
2808 9769
2808 9863
2809 3894
2809 4422
2809 5207
2809 6040
2809 6576
2809 7113
2809 8122
2809 8976
2809 9526
2810 2856
2810 3074
2810 3746
2810 6284
2810 6864
2810 7689
2810 9603
2810 9721
2811 5333
2811 5852
2811 5930
2811 6357
2811 8370
2812 5608
2812 6119
2812 6209
2812 7542
2812 7551
2812 9571
2813 4118
2813 4510
2813 6198
2813 6484
2813 7852
2814 3277
2814 4073
2814 5254
2814 7027
2814 7983
2814 8294
2814 8579
2814 8797
2814 9546
2815 4016
2815 9823
2816 7893
2817 3018
2817 3088
2817 6138
2817 6383
2817 6707
2817 9523
2818 2912
2818 3271
2818 3981
2818 4350
2818 4914
2818 9358
2818 9943
2819 3623
2819 4580
2819 4737
2819 5175
2819 6069
2819 7592
2819 8875
2819 9505
2820 3018
2820 5506
2820 6293
2820 6457
2820 7579
2820 9989
2821 3226
2821 3461
2821 3647
2821 5677
2821 7438
2821 7622
2821 7695
2821 7738
2821 8852
2822 3351
2822 4139
2822 5650
2822 7606
2823 2865
2823 3589
2823 5028
2823 6358
2823 6481
2823 8341
2823 9332
2823 9444
2823 9743
2823 9873
2824 4040
2824 4609
2824 5223
2824 9807
2825 3501
2825 4579
2825 4858
2825 5621
2825 5728
2825 6476
2825 6715
2825 7076
2825 9415
2826 3250
2826 4013
2826 4328
2826 5148
2826 5366
2826 5751
2826 6431
2826 6631
2826 8044
2826 8064
2826 8321
2826 8345
2826 9292
2827 3104
2827 3705
2827 4176
2827 5405
2827 6239
2827 6652
2827 8217
2827 8987
2828 3006
2828 4547
2828 5463
2828 6461
2828 9287
2828 9353
2829 3670
2829 3873
2829 4000
2829 4296
2829 4978
2829 5712
2829 6379
2829 7907
2829 7982
2829 8346
2829 8623
2829 9849
2830 2862
2830 3608
2830 6143
2830 6346
2830 7090
2830 7917
2830 9930
2831 2978
2831 5856
2831 9470
2832 3608
2832 5768
2832 5815
2832 6328
2832 6985
2832 7073
2832 7848
2832 9027
2833 3279
2833 3518
2833 4444
2833 5113
2833 5154
2833 8587
2833 8738
2833 8862
2833 9391
2834 2960
2834 3525
2834 5649
2834 5795
2834 6813
2834 6936
2834 7316
2834 7960
2835 3137
2835 4034
2835 4117
2835 4690
2835 5085
2835 5244
2835 6674
2835 8846
2835 8993
2835 9407
2836 5946
2836 9995
2837 4081
2837 5555
2837 6851
2837 8471
2838 3531
2838 4970
2838 7277
2838 7880
2839 3342
2839 3909
2839 5971
2839 6014
2839 6972
2839 7044
2839 7312
2839 8505
2839 9082
2840 4448
2840 4514
2840 5435
2840 6244
2840 6555
2840 7866
2840 7932
2840 8338
2840 8362
2840 8951
2840 9000
2840 9240
2841 5857
2841 8829
2842 3432
2842 3552
2842 9150
2843 3096
2843 4810
2843 5788
2843 7513
2843 9232
2843 9360
2844 4102
2844 4178
2844 4246
2844 4562
2844 6595
2844 7479
2844 8334
2844 8390
2845 6827
2845 7239
2845 9959
2846 3258
2846 4573
2846 8895
2846 9097
2846 9489
2847 4933
2847 5420
2847 5761
2847 5931
2847 7584
2847 7605
2848 4525
2848 8861
2848 8876
2849 3191
2849 3261
2849 3324
2849 4418
2849 8424
2850 3725
2850 4145
2850 4265
2850 7948
2850 8481
2850 8493
2850 9519
2851 3298
2851 3514
2851 3766
2851 4165
2851 4668
2851 4775
2851 5275
2851 5936
2851 5987
2851 6342
2851 7024
2851 8196
2851 9317
2852 4377
2852 4904
2852 6749
2852 6782
2852 7331
2853 4711
2853 5111
2853 8235
2853 8932
2853 9156
2853 9685
2854 3750
2854 6766
2854 6974
2854 9388
2854 9391
2854 9515
2855 3233
2855 3988
2855 4170
2855 4239
2855 4805
2855 7129
2855 7606
2855 8630
2856 3018
2856 5090
2856 6589
2856 6972
2856 7271
2856 8554
2856 9577
2857 2971
2857 3488
2857 4301
2857 5753
2857 6849
2857 7069
2857 7112
2857 9337
2858 2924
2858 6450
2858 8279
2858 9614
2859 2963
2859 3277
2859 4461
2859 8391
2859 8618
2860 4727
2860 6440
2860 9925
2861 6003
2861 7384
2861 7720
2861 9110
2861 9195
2861 9932
2861 9966
2862 3915
2862 4090
2862 4565
2862 5477
2862 6389
2862 8843
2863 3191
2863 3671
2863 5610
2863 6462
2863 8360
2863 9348
2864 3294
2864 4347
2864 4668
2864 4685
2864 6672
2864 7733
2864 7803
2864 7936
2864 8339
2864 9067
2864 9104
2865 2934
2865 3054
2865 4005
2865 4358
2865 5543
2865 7100
2865 7558
2865 9095
2865 9789
2866 4234
2866 4973
2866 5824
2866 7560
2866 8601
2866 9574
2867 5746
2867 6482
2867 6579
2867 8615
2867 9152
2867 9987
2868 2987
2868 3447
2868 3906
2868 6706
2868 7057
2868 8412
2868 8861
2868 8987
2869 3230
2869 3538
2869 5957
2869 8341
2869 8377
2869 8614
2869 9430
2869 9626
2869 9803
2869 9945
2869 9947
2870 3697
2870 3795
2870 3907
2870 3972
2870 4363
2870 5827
2870 7055
2870 8971
2870 9181
2870 9988
2871 2914
2871 5587
2871 5647
2871 6229
2871 7253
2871 8134
2871 8292
2871 8330
2871 8345
2871 8689
2871 9296
2872 4788
2872 5208
2872 6313
2872 7165
2872 7824
2872 8045
2872 9420
2873 3330
2873 3844
2873 4455
2873 5456
2873 5829
2873 7072
2873 7306
2873 8141
2873 9534
2873 9623
2874 4113
2874 6678
2874 7684
2874 7889
2874 7964
2874 8550
2874 9941
2875 3386
2875 4004
2875 4048
2875 4319
2875 8419
2875 8573
2875 9313
2875 9510
2875 9625
2875 9970
2876 3312
2876 3957
2876 4914
2876 5377
2876 5502
2876 6461
2876 7041
2876 7298
2877 4190
2877 6698
2877 7577
2878 3232
2878 3572
2878 4073
2878 5849
2878 6162
2878 6460
2878 6725
2878 7648
2878 9276
2879 3436
2879 4061
2879 4619
2879 4629
2879 5659
2879 7329
2879 8646
2880 7220
2880 7223
2880 8828
2880 9711
2881 3054
2881 5593
2881 6965
2881 7291
2881 7343
2881 7865
2881 8745
2881 9372
2882 3352
2882 3516
2882 5012
2882 8078
2882 9336
2883 4429
2883 4945
2883 5925
2883 6128
2883 6159
2883 6779
2883 8295
2883 8858
2883 8934
2883 9529
2883 9830
2884 4508
2884 4520
2884 4854
2885 3093
2885 3126
2885 4137
2885 7032
2885 8679
2885 9017
2885 9313
2885 9666
2886 3223
2886 7601
2886 8859
2887 3397
2887 4022
2887 4668
2887 4695
2887 6211
2887 6222
2887 6465
2887 7345
2887 8836
2888 3036
2888 4350
2888 5213
2888 5515
2888 7538
2888 7709
2888 7959
2888 8332
2888 8788
2888 9082
2889 3859
2889 4190
2889 5293
2889 6800
2889 9864
2890 3759
2890 4021
2890 5682
2890 6125
2890 6312
2890 9360
2890 9912
2891 3736
2891 6139
2891 7160
2891 8013
2891 8061
2891 8386
2891 9104
2892 5078
2892 5980
2892 7450
2892 8194
2892 8672
2893 3512
2893 7178
2894 2970
2894 3881
2894 4696
2894 5230
2894 5870
2894 6109
2894 6920
2895 4049
2895 4524
2895 4611
2895 4881
2895 5638
2895 8361
2895 8945
2895 9519
2895 9642
2895 9918
2896 3448
2896 4239
2896 5806
2896 6799
2896 9065
2896 9166
2897 3646
2897 4200
2897 5730
2897 6300
2897 6518
2897 7701
2898 4011
2898 4514
2898 4840
2898 6945
2898 7064
2898 7251
2898 7312
2898 8758
2898 9019
2898 9675
2899 4522
2899 5189
2899 5832
2899 6157
2899 6175
2899 7620
2899 8782
2899 9072
2900 4021
2900 5389
2900 5580
2900 7226
2900 7475
2900 7795
2900 9891
2901 3515
2901 4602
2901 5650
2901 6018
2901 6251
2901 6339
2901 6863
2901 8034
2902 2951
2902 3179
2902 3833
2902 5284
2902 7725
2902 9835
2903 4711
2903 4779
2903 5703
2903 5705
2903 7671
2903 8059
2903 8280
2903 8701
2903 9461
2904 2929
2904 3416
2904 5281
2904 7230
2904 7881
2905 3905
2905 5050
2905 5218
2905 7794
2905 8815
2905 8974
2905 9600
2906 3234
2906 4634
2906 5297
2906 6376
2906 6869
2906 7120
2906 8178
2906 8533
2906 8964
2907 4880
2907 5657
2907 5787
2907 6802
2907 8094
2907 8108
2908 3206
2908 3724
2908 5463
2908 5474
2908 5571
2908 6173
2908 6806
2908 7763
2908 8070
2908 8511
2908 8720
2908 9360
2908 9830
2909 3576
2909 4287
2909 5276
2909 7359
2909 8281
2909 8350
2909 8433
2910 2920
2910 4289
2910 4490
2910 4964
2910 6609
2911 3229
2911 4027
2911 5120
2911 6324
2911 7838
2912 5372
2912 8726
2913 4488
2913 4880
2913 5169
2913 6298
2913 6463
2913 7076
2913 7988
2913 8070
2913 8490
2913 9616
2914 5248
2914 7294
2914 8040
2914 9102
2915 3134
2915 6349
2915 7974
2915 8987
2916 4107
2916 4484
2916 4554
2916 6839
2916 6859
2916 7520
2916 8192
2916 8340
2916 8394
2916 8842
2916 9173
2917 2965
2917 3671
2917 4136
2917 6522
2917 6904
2917 9659
2918 3471
2918 4754
2918 5755
2918 6077
2918 7521
2918 8053
2918 8216
2918 8323
2918 8726
2918 8882
2919 3493
2919 4584
2919 7266
2919 7504
2919 7949
2919 8363
2919 9849
2920 3261
2920 3597
2920 3691
2920 4775
2920 7139
2920 8358
2920 8568
2920 8979
2921 4157
2921 4595
2921 4630
2921 5010
2921 5353
2921 6344
2921 9781
2922 3384
2922 4747
2922 5394
2923 3894
2923 4242
2923 4374
2923 5608
2923 5645
2923 8730
2923 9085
2923 9505
2924 3318
2924 4661
2924 6918
2924 7398
2924 9400
2925 3295
2925 4611
2925 7382
2925 8540
2926 3295
2926 3337
2926 3838
2926 6013
2926 6652
2926 7763
2926 9807
2927 3245
2927 3764
2927 3926
2927 4234
2927 5592
2927 5783
2927 7112
2927 7472
2927 7854
2927 9300
2928 3125
2928 3604
2928 5265
2928 5597
2928 5935
2928 6774
2928 7189
2928 7622
2929 5170
2929 5767
2929 6820
2929 7235
2929 7827
2929 8895
2929 9461
2930 3774
2930 4095
2930 5720
2930 6197
2930 9055
2931 5224
2931 7513
2931 7545
2931 8118
2931 8615
2931 9705
2932 3382
2932 5261
2932 5502
2932 6507
2932 7098
2932 7561
2932 7605
2933 3440
2933 4251
2933 7237
2933 7268
2933 7466
2933 7706
2933 9185
2933 9355
2933 9364
2934 3364
2934 3546
2934 4140
2934 4840
2934 5015
2934 6799
2934 7638
2934 8884
2935 2946
2935 4221
2935 6071
2935 7632
2936 4511
2936 5473
2936 6050
2936 6063
2936 6074
2936 6546
2936 7351
2936 7515
2936 8179
2936 8203
2936 8633
2937 3905
2937 4559
2937 4738
2937 6831
2937 6978
2937 7455
2937 8533
2937 9890
2938 2961
2938 6123
2938 8775
2939 4202
2939 6101
2939 9191
2939 9758
2940 4145
2940 5836
2940 6498
2940 7254
2940 8487
2940 8663
2941 4020
2941 5018
2941 6743
2941 7545
2941 9006
2941 9553
2942 2990
2942 3033
2942 3584
2942 5128
2942 5440
2942 5534
2942 8055
2942 8335
2942 8760
2942 9102
2943 4111
2943 5451
2943 6799
2943 6827
2943 9844
2944 3389
2944 4421
2944 5121
2944 5369
2944 5783
2944 6684
2944 6700
2944 6945
2944 7225
2944 7754
2944 9005
2944 9519
2945 4539
2945 6236
2945 6396
2945 6559
2945 8476
2945 8681
2946 6396
2946 7584
2946 9372
2946 9632
2947 3265
2947 4512
2947 6787
2947 7825
2947 8715
2947 9738
2948 4126
2948 4145
2948 4729
2948 5272
2948 6833
2948 6943
2948 9306
2948 9609
2948 9674
2949 3923
2949 5522
2949 5915
2949 6144
2949 6744
2949 7807
2949 8874
2949 9223
2950 3569
2950 7076
2950 7349
2950 7396
2950 9254
2951 3473
2951 3775
2951 4273
2951 5521
2951 7168
2952 3172
2952 4904
2952 5792
2952 6364
2952 9512
2952 9719
2952 9953
2953 5023
2953 5268
2953 5336
2953 5398
2953 5427
2953 5634
2953 5787
2953 5887
2953 5927
2953 6236
2953 8566
2953 8570
2954 3135
2954 4809
2954 7066
2954 7892
2954 8136
2955 4840
2955 5749
2955 8739
2956 3231
2956 5041
2956 6179
2956 9160
2956 9731
2957 3161
2957 4063
2957 4266
2957 5144
2957 7099
2958 3107
2958 3635
2958 3696
2958 7795
2958 8620
2959 3455
2959 4410
2959 5257
2959 6604
2959 8181
2959 8281
2959 8732
2959 8765
2959 8933
2959 9136
2960 3780
2960 4244
2960 4379
2960 5561
2960 7688
2960 8082
2960 8427
2960 8889
2961 5183
2961 5557
2961 9874
2962 3318
2962 5124
2962 5240
2962 7081
2962 7365
2962 8747
2962 9781
2963 3295
2963 5391
2963 5995
2963 6183
2963 8651
2964 4391
2964 4971
2964 5552
2964 6448
2964 7235
2964 8393
2965 9859
2966 5325
2966 5968
2966 6682
2966 7126
2966 7237
2966 8712
2966 9628
2966 9768
2967 3110
2967 3306
2967 4059
2967 4667
2967 6976
2967 7920
2967 8299
2967 9345
2968 6050
2968 6628
2968 7501
2968 8110
2968 9043
2968 9853
2969 4151
2969 4539
2969 5230
2969 5331
2969 5406
2969 6074
2969 6231
2969 6274
2969 6423
2969 7190
2969 7386
2969 9551
2969 9649
2970 3524
2970 4488
2970 5896
2970 8168
2970 9316
2970 9520
2971 3384
2971 3745
2971 4366
2971 6473
2971 7619
2971 8185
2971 8736
2971 9109
2971 9653
2972 3732
2972 4040
2972 5770
2972 6047
2972 6086
2972 6520
2972 6765
2972 8099
2972 8459
2972 9564
2972 9917
2973 3031
2973 3153
2973 3626
2973 5993
2973 8135
2973 8453
2973 9353
2973 9746
2973 9830
2974 3671
2974 4198
2974 4924
2974 5884
2974 7135
2974 7392
2974 9256
2975 4211
2975 7037
2975 7737
2975 8208
2975 8513
2976 4055
2976 5466
2976 5990
2976 7041
2976 9148
2976 9806
2977 3339
2977 4175
2977 5919
2977 7142
2978 3285
2978 3602
2978 4418
2978 5391
2978 7099
2979 3625
2979 4728
2979 8598
2980 3222
2980 4969
2980 5233
2980 5434
2980 7121
2980 7206
2980 7391
2980 8209
2981 3850
2981 4694
2981 5190
2981 7284
2981 8178
2981 8331
2981 9284
2982 4251
2982 4516
2982 5612
2982 6862
2982 9079
2982 9904
2983 3497
2983 4492
2983 5875
2983 5980
2983 6534
2983 9461
2984 3072
2984 3218
2984 5119
2984 5500
2984 5531
2984 5825
2984 5951
2984 7607
2984 7618
2984 8027
2984 8469
2984 9271
2985 4034
2985 6570
2985 7442
2985 7576
2985 7627
2985 7657
2985 8205
2985 8840
2985 9592
2986 3503
2986 3815
2986 4149
2986 6041
2986 6454
2986 7241
2987 3489
2987 4514
2987 8177
2987 8186
2987 8364
2987 8492
2988 3899
2988 6376
2988 6741
2988 7334
2988 8494
2989 3042
2989 3281
2989 3807
2989 4877
2989 5191
2989 6044
2989 7863
2989 8410
2990 3859
2990 5056
2990 5169
2990 5715
2990 5945
2990 6254
2990 8401
2990 9771
2991 3083
2991 3496
2991 3574
2991 3725
2991 5087
2991 5151
2991 7573
2991 8703
2991 9784
2992 3520
2992 3651
2992 4985
2992 5638
2992 5976
2992 6099
2992 7184
2992 9780
2993 3572
2993 3743
2993 5425
2993 6163
2993 6375
2993 6860
2993 7907
2993 9624
2993 9738
2994 3658
2994 3814
2994 4473
2994 5300
2994 5874
2994 6618
2994 6886
2994 6973
2994 7359
2994 7571
2994 7861
2994 8628
2994 9612
2994 9956
2995 3345
2995 4262
2995 4871
2995 5093
2995 5729
2995 6512
2995 8125
2995 8698
2995 9339
2996 3922
2996 5912
2996 6241
2996 6247
2996 6373
2996 6889
2996 8214
2996 9233
2997 6266
2997 7293
2997 9423
2997 9820
2998 3093
2998 4130
2998 7540
2998 8042
2998 8126
2998 9464
2999 3051
2999 4016
2999 4443
2999 5593
2999 7289
2999 8408
2999 8797
3000 3095
3000 3348
3000 4303
3000 4541
3000 4845
3000 4931
3000 6575
3000 6991
3000 8808
3000 9495
3001 3057
3001 3474
3001 4655
3001 5362
3001 8150
3001 8357
3001 8658
3001 8863
3001 9321
3001 9447
3002 3919
3002 8254
3002 9107
3002 9128
3002 9151
3002 9899
3003 4742
3003 5609
3003 5893
3003 6149
3003 6343
3003 6723
3003 8102
3003 8583
3004 3684
3004 3710
3004 4021
3004 4101
3004 6229
3004 7385
3004 7555
3004 7803
3004 8230
3004 8679
3004 8720
3004 9224
3005 3381
3005 8573
3005 8767
3005 8783
3005 9172
3005 9486
3005 9743
3005 9750
3006 5451
3006 6380
3006 6889
3006 7244
3006 7724
3006 8226
3006 8681
3006 9155
3006 9251
3007 3340
3007 3851
3007 4176
3007 5273
3007 5550
3007 7653
3008 6242
3008 7305
3008 7760
3008 9850
3009 3891
3009 4378
3009 4453
3009 4766
3009 4956
3009 5713
3009 6212
3009 7209
3009 7460
3009 7740
3009 8446
3009 8758
3009 9772
3010 4989
3010 5232
3010 5616
3010 5840
3010 7925
3011 3160
3011 8551
3012 4591
3012 4613
3012 5767
3012 6238
3012 6461
3012 7692
3012 7762
3012 9082
3013 3629
3013 5752
3013 5934
3013 6462
3013 9104
3013 9796
3013 9815
3013 9989
3014 3039
3014 3817
3014 4025
3014 6347
3014 7750
3014 9432
3015 3247
3015 3613
3015 4484
3015 5548
3015 6487
3015 6873
3015 7933
3015 8226
3015 8943
3015 8947
3015 9473
3015 9728
3016 3174
3016 3932
3016 4416
3016 4953
3016 5490
3016 6366
3016 8197
3016 8850
3017 3242
3017 3945
3017 4180
3017 4931
3017 5364
3017 5547
3017 5844
3017 8771
3017 9169
3017 9533
3017 9711
3018 3773
3018 4011
3018 4934
3018 5211
3018 6751
3018 7553
3018 8453
3018 8932
3019 3727
3019 4800
3019 8116
3019 8773
3019 9594
3020 3410
3020 4339
3020 4393
3020 4556
3020 4567
3020 4577
3020 5273
3020 5839
3020 6049
3020 6260
3020 6491
3020 7424
3020 9999
3021 5241
3021 6974
3021 7291
3021 9161
3021 9307
3022 4181
3022 6910
3022 9751
3023 4226
3023 4685
3023 4852
3023 4918
3023 8433
3023 8522
3023 9077
3023 9418
3023 9798
3024 3148
3024 3411
3024 4337
3024 5525
3024 5854
3024 6288
3024 8323
3024 8718
3024 9694
3025 4678
3025 7034
3025 9505
3026 3481
3026 4587
3026 5102
3026 5647
3026 7771
3026 7832
3026 7906
3026 9619
3027 3732
3027 4965
3027 6354
3027 6671
3027 8727
3028 3040
3028 3097
3028 3655
3028 4046
3028 4783
3028 5991
3028 6425
3028 8204
3028 8241
3028 8917
3028 9900
3029 6170
3029 6329
3029 6900
3029 7134
3029 9289
3030 3576
3030 5754
3030 6345
3030 6736
3030 6777
3030 7084
3030 8231
3030 9428
3031 3076
3031 3092
3031 4748
3031 6127
3031 6291
3031 6878
3031 6908
3032 4476
3032 5720
3032 6183
3032 7927
3033 3176
3033 5619
3033 7859
3033 9578
3033 9956
3034 3672
3034 5592
3034 5955
3034 7831
3034 8345
3034 8642
3034 8919
3035 3893
3035 4681
3035 5447
3035 5828
3035 8018
3035 8320
3035 8433
3035 8777
3036 3582
3036 3598
3036 3706
3036 4695
3036 5243
3036 6487
3036 6970
3037 3432
3037 3666
3037 4980
3037 5999
3037 7501
3037 7679
3037 9191
3038 3851
3038 3937
3038 5551
3038 5619
3038 6587
3038 6605
3038 7507
3038 7558
3038 9084
3039 3250
3039 3373
3039 4430
3039 5199
3039 6546
3039 7256
3039 7346
3039 8199
3039 8203
3040 5029
3040 7888
3040 8977
3041 4256
3041 7209
3041 9545
3041 9805
3042 3407
3042 3936
3042 4776
3042 7382
3042 8275
3042 9074
3042 9513
3042 9962
3043 4159
3043 8196
3043 8212
3044 4491
3044 4492
3044 5129
3044 5702
3044 6111
3044 6930
3044 7147
3044 7576
3044 8982
3044 9255
3044 9920
3045 3049
3045 3440
3045 4482
3045 5806
3045 6558
3045 7027
3045 7207
3046 3350
3046 5552
3046 6178
3046 6798
3046 6978
3046 7463
3046 9111
3046 9190
3047 3458
3047 3593
3047 5548
3047 6277
3047 6400
3047 8905
3048 3457
3048 5515
3048 7014
3048 7026
3048 8395
3048 8570
3048 8968
3048 9120
3048 9985
3049 3507
3049 4146
3049 4400
3049 5904
3049 6154
3049 6422
3049 7388
3049 8892
3049 8940
3049 9372
3050 4171
3050 5690
3050 7078
3050 7159
3050 7357
3051 3062
3051 3558
3051 4194
3051 4798
3051 6566
3051 6731
3051 8928
3051 8930
3051 9326
3051 9986
3052 4605
3052 4905
3052 5000
3052 5913
3052 8753
3053 3414
3053 3571
3053 4012
3053 4284
3053 4466
3053 4603
3053 5023
3053 5240
3053 6977
3053 7607
3053 8632
3054 4402
3054 5094
3054 6487
3054 6529
3054 8419
3054 9320
3055 5331
3055 7703
3055 8855
3055 9629
3056 3245
3056 3349
3056 7304
3056 7565
3056 7729
3056 8879
3056 9217
3056 9818
3056 9876
3057 3241
3057 3422
3057 3486
3057 4598
3057 5345
3057 6108
3057 6825
3057 7632
3057 8605
3058 4196
3058 4380
3058 4942
3058 5453
3058 5860
3058 7961
3058 9899
3059 3076
3059 4690
3059 4709
3059 6316
3059 7037
3059 7094
3059 8728
3059 9741
3060 6906
3060 9324
3061 4116
3061 4270
3061 6029
3061 6264
3061 6910
3061 9651
3062 4011
3062 5187
3062 5202
3062 6755
3062 6973
3062 9451
3062 9564
3062 9936
3063 3253
3063 4101
3063 4690
3063 4709
3063 4743
3063 6022
3063 9995
3064 4960
3064 5428
3064 7473
3064 8217
3064 8712
3064 9574
3064 9654
3065 3293
3065 3989
3065 3999
3065 4165
3065 4652
3065 4835
3065 4886
3065 5117
3065 7197
3065 7368
3065 8079
3065 9309
3066 4137
3066 4348
3066 5291
3066 6575
3066 6680
3066 7482
3066 7938
3066 9486
3067 3861
3067 7482
3067 8182
3067 8942
3067 9636
3068 3311
3068 4014
3068 4615
3068 4632
3068 6066
3068 6576
3068 7713
3068 7854
3068 9236
3068 9295
3069 4543
3069 4660
3069 4793
3069 5563
3069 6909
3069 7456
3069 8305
3069 9583
3070 3866
3070 5154
3070 5570
3070 6272
3070 9210
3070 9962
3071 4442
3071 5904
3071 6010
3071 7069
3071 8129
3071 8523
3071 8629
3072 5026
3072 5615
3072 6556
3072 6979
3072 7281
3072 7407
3072 7670
3072 8854
3072 9400
3072 9889
3073 3160
3073 3616
3073 5062
3073 7227
3073 7761
3073 8547
3074 3210
3074 3789
3074 3857
3074 5573
3074 5798
3074 9896
3075 4166
3075 5018
3075 6459
3075 6799
3075 7519
3075 8559
3075 9098
3076 4574
3076 5278
3076 6232
3076 6396
3076 7764
3076 8314
3077 5319
3077 8035
3078 3088
3078 3928
3078 4094
3078 5248
3078 6228
3078 7468
3078 7951
3078 7980
3078 8203
3079 3833
3079 4623
3079 5453
3079 6108
3079 6587
3079 6916
3079 7599
3079 7810
3079 8333
3079 8895
3079 9616
3079 9866
3080 4356
3080 5781
3080 6775
3080 7601
3080 9448
3080 9875
3081 3253
3081 4595
3081 4700
3081 5532
3081 5952
3081 6474
3081 8232
3081 8510
3082 3492
3082 3618
3082 4080
3082 4135
3082 4353
3082 4535
3082 4638
3082 5241
3082 5429
3082 6103
3082 7670
3082 8368
3082 8488
3082 8515
3082 9261
3082 9530
3082 9986
3083 4324
3083 5442
3083 5708
3083 6913
3084 3724
3084 3888
3084 5125
3084 5693
3084 8230
3084 8278
3084 9335
3084 9421
3084 9822
3085 5409
3085 5546
3085 8939
3086 3233
3086 3801
3086 7003
3086 8247
3086 8483
3086 8733
3086 8758
3086 9395
3087 4018
3087 4543
3087 4784
3087 7412
3087 7552
3087 8099
3087 8603
3087 9634
3088 3878
3088 5411
3088 5802
3088 6809
3088 7436
3088 7762
3088 8595
3088 9544
3089 5328
3089 8473
3090 8023
3090 8419
3090 9018
3090 9504
3091 3889
3091 4236
3091 9247
3092 4802
3092 5110
3092 6556
3092 6967
3092 6987
3092 9230
3093 4875
3093 6472
3093 7238
3093 8244
3093 8851
3094 3173
3094 3310
3094 3690
3094 3852
3094 4027
3094 4144
3094 6633
3094 6798
3094 7386
3094 7420
3094 8665
3094 8723
3094 8777
3094 9087
3094 9775
3095 5463
3095 6058
3095 6392
3095 7515
3095 9949
3096 3806
3096 3887
3096 4378
3096 5458
3096 6572
3096 8628
3097 3274
3097 3640
3097 4318
3097 4499
3097 5369
3097 5537
3097 5706
3097 6660
3097 6681
3097 8148
3097 9463
3097 9548
3098 3280
3098 3444
3098 4057
3098 5203
3098 5488
3098 9324
3098 9559
3099 3393
3099 4548
3099 5367
3099 5500
3099 8305
3099 9044
3099 9224
3099 9664
3100 4161
3100 4738
3100 6430
3100 6463
3100 7692
3100 7823
3100 7961
3100 8963
3100 9382
3100 9830
3101 3585
3101 4338
3101 4477
3101 4807
3101 5158
3101 5785
3101 6795
3101 7295
3101 7542
3101 8969
3101 9534
3102 3739
3102 3769
3102 5119
3102 5908
3102 6750
3102 7121
3102 7551
3102 7637
3102 7801
3102 8040
3102 8933
3102 9478
3102 9889
3103 3906
3103 5872
3103 7229
3103 8916
3103 9998
3104 3852
3104 4180
3104 4411
3104 4915
3104 6128
3104 6198
3105 3395
3105 3926
3105 5911
3105 7222
3105 7721
3106 3229
3106 4950
3106 5185
3106 6326
3106 7562
3106 7802
3106 8461
3106 9089
3106 9326
3107 3237
3107 4515
3107 5093
3107 5778
3107 7206
3107 7226
3107 8212
3107 9356
3108 3241
3108 3574
3108 5953
3108 8425
3108 8625
3108 9180
3108 9566
3108 9570
3109 5632
3109 7168
3109 8075
3109 8385
3109 9062
3109 9367
3110 6381
3110 7261
3110 9965
3111 4481
3111 5211
3111 6138
3111 6547
3111 6774
3111 7365
3111 8838
3111 8978
3111 9364
3111 9877
3112 5465
3112 5776
3112 7936
3112 8964
3112 9341
3113 3530
3113 5179
3113 5383
3113 5388
3113 7312
3113 8382
3113 9057
3113 9297
3113 9436
3114 3885
3114 4744
3114 4771
3114 6038
3114 6282
3114 7788
3114 8437
3114 8883
3114 9084
3114 9147
3114 9332
3115 3345
3115 5044
3115 5823
3115 5874
3115 6814
3115 8088
3115 8090
3116 3185
3116 4955
3116 5979
3116 6188
3116 6671
3116 7073
3116 7360
3116 8993
3116 9239
3116 9651
3116 9744
3116 9984
3117 3132
3117 3265
3117 3903
3117 4193
3118 3573
3118 4236
3118 5010
3118 5397
3118 5786
3118 6050
3118 6868
3118 6884
3118 7123
3118 8470
3118 8650
3119 3697
3119 4437
3119 6645
3119 7700
3119 9595
3119 9989
3120 3822
3120 5166
3120 5926
3120 7226
3120 8175
3120 9956
3121 4158
3121 4857
3121 5028
3121 5273
3121 5943
3121 7020
3121 7801
3121 8555
3121 9856
3122 3142
3122 3554
3122 4100
3122 5062
3122 8241
3122 8273
3122 8419
3122 8489
3123 3784
3123 3976
3123 4808
3123 5251
3123 8310
3123 8865
3123 9285
3124 3147
3124 3849
3124 3994
3124 4173
3124 5473
3124 6619
3124 8487
3124 9190
3124 9390
3125 3128
3125 4124
3125 4184
3125 5592
3125 6210
3125 6468
3125 6493
3125 7663
3125 7726
3125 7737
3125 8690
3125 9484
3125 9797
3126 3918
3126 4305
3126 4539
3126 4833
3126 4845
3126 6356
3127 3189
3127 3360
3127 4291
3127 6277
3127 6726
3127 7517
3127 7718
3127 8559
3127 8625
3127 9009
3127 9130
3127 9319
3127 9444
3128 3751
3128 4122
3128 6411
3128 6628
3128 7400
3128 8428
3128 9126
3128 9866
3129 3581
3129 4030
3129 5073
3129 8514
3129 9811
3130 4889
3130 5200
3130 6758
3130 9526
3131 4457
3131 5647
3131 6255
3131 6451
3131 7544
3132 3342
3132 4737
3132 5107
3132 5370
3132 6378
3132 8547
3132 8553
3132 8583
3132 8809
3132 9291
3132 9446
3132 9631
3132 9968
3133 3874
3133 7251
3133 9834
3134 6520
3134 7026
3134 7310
3134 8575
3134 8883
3134 9907
3135 6242
3135 9107
3135 9355
3136 3813
3136 4166
3136 8744
3136 9097
3136 9181
3136 9635
3137 4055
3137 4382
3137 5102
3137 6018
3137 6037
3137 7592
3137 8292
3137 8842
3137 9499
3137 9640
3138 4430
3138 4676
3138 8318
3138 9768
3139 5350
3139 6584
3139 8665
3140 3229
3140 4706
3140 5551
3140 5857
3140 6599
3140 6829
3140 8736
3140 9013
3140 9649
3140 9858
3141 4230
3141 5803
3141 6749
3141 6766
3141 8477
3141 9043
3141 9539
3141 9615
3142 3283
3142 3893
3142 7936
3142 9653
3143 5279
3143 6892
3143 7259
3143 7770
3143 8043
3144 3887
3144 4034
3144 4269
3144 5550
3144 6374
3144 6388
3145 5718
3145 7475
3145 8951
3145 9392
3146 3906
3146 5496
3146 5873
3146 5976
3146 8201
3146 8792
3147 3332
3147 3805
3147 3878
3147 4451
3147 5420
3147 5441
3147 5897
3147 5909
3147 6116
3147 6796
3147 8507
3147 9481
3147 9895
3148 3675
3148 4342
3148 5461
3148 6070
3148 6502
3148 6540
3148 8625
3148 9593
3149 8489
3149 9545
3149 9952
3150 3304
3150 3812
3150 4650
3150 5126
3150 7450
3150 8132
3150 8469
3150 9718
3151 5271
3151 5556
3151 6144
3151 9736
3152 3606
3152 3742
3152 5427
3152 6404
3152 6686
3152 7457
3152 7506
3153 4235
3153 4759
3153 5694
3153 5835
3153 6283
3153 8533
3154 3702
3154 3792
3154 4960
3154 5716
3154 8019
3154 9807
3154 9810
3155 3278
3155 5652
3155 7443
3155 8005
3155 8798
3155 8897
3156 3347
3156 4516
3156 4711
3156 7184
3156 7461
3156 7524
3156 8801
3157 3607
3157 4184
3157 5544
3157 5712
3157 6692
3157 6772
3157 8058
3157 9416
3158 4431
3158 8440
3158 8674
3158 8839
3158 9732
3159 4795
3159 4874
3159 5329
3159 5492
3159 5955
3159 6548
3159 9341
3160 7079
3160 7992
3160 8414
3160 8454
3160 9291
3161 5617
3161 5721
3161 5733
3161 6604
3161 6924
3161 7002
3161 7012
3161 7381
3161 8767
3162 3967
3162 5109
3162 6258
3162 6733
3162 9077
3163 3698
3163 4060
3163 4520
3163 4814
3163 6026
3163 6835
3163 6867
3164 4378
3164 5259
3164 6939
3164 7762
3164 9732
3164 9990
3165 3335
3165 3453
3165 4021
3165 4939
3165 5518
3165 6816
3165 7014
3165 9020
3165 9303
3166 4990
3166 5608
3166 5795
3166 5825
3167 4570
3167 5261
3167 5557
3167 6656
3167 7214
3167 9493
3167 9769
3168 4013
3168 5080
3168 5305
3168 9303
3168 9307
3169 5772
3169 7359
3169 9309
3169 9539
3170 3371
3170 3971
3170 4137
3170 4595
3170 4891
3170 4902
3170 5746
3170 5969
3170 6325
3170 6766
3170 7559
3170 8418
3170 8788
3170 8958
3170 9624
3171 3553
3171 3559
3171 4647
3171 5750
3171 6429
3171 7216
3171 7587
3171 8030
3171 8068
3171 8686
3171 9031
3171 9220
3171 9764
3172 5667
3172 5910
3172 8236
3172 9214
3173 3774
3173 4831
3173 5015
3173 5194
3173 8094
3173 9648
3174 5110
3174 5540
3174 5553
3174 8537
3174 8632
3175 3797
3175 7053
3175 9863
3176 4775
3176 5056
3176 7422
3176 9335
3177 6537
3177 7662
3177 8609
3177 9140
3178 3632
3178 3659
3178 4663
3178 4981
3178 6635
3178 7069
3178 8255
3178 9061
3179 3859
3179 4327
3179 4772
3179 5202
3179 6790
3179 7347
3179 7839
3179 8025
3179 9588
3180 5725
3180 6418
3180 7220
3180 7408
3181 3611
3181 5180
3181 7513
3181 9587
3182 4090
3182 4667
3182 5462
3182 6287
3182 8038
3182 9541
3182 9646
3183 3660
3183 4592
3183 5228
3183 6411
3183 7499
3183 9498
3184 3399
3184 3466
3184 4546
3184 4627
3184 4707
3184 5847
3184 6048
3184 6228
3184 8418
3184 8696
3184 8852
3184 9867
3185 4444
3185 7229
3185 7430
3185 7963
3186 5213
3186 6636
3186 6829
3186 6860
3186 7099
3186 7135
3186 9247
3186 9834
3187 5087
3187 5412
3187 8015
3187 8684
3187 8966
3188 4984
3188 5233
3188 6180
3188 7143
3188 7897
3188 8043
3188 9724
3189 5934
3189 6678
3189 7469
3189 8559
3190 4694
3190 5040
3190 6069
3190 6252
3190 7258
3190 9573
3191 3709
3191 5315
3191 6128
3191 6690
3191 6870
3191 6927
3191 7370
3191 7733
3191 8424
3191 9791
3192 4037
3192 6113
3192 7246
3193 3686
3193 3755
3193 4602
3193 4651
3193 8673
3193 9996
3194 3328
3194 3528
3194 5917
3194 6194
3194 6238
3194 6513
3194 9075
3194 9274
3195 3807
3195 4298
3195 5592
3195 5640
3195 9466
3196 3199
3196 3393
3196 4993
3196 6029
3196 6831
3196 8920
3197 3396
3197 7242
3197 7340
3197 9775
3197 9970
3198 4817
3198 5273
3198 6350
3198 6748
3198 8368
3198 8776
3199 3211
3199 6610
3199 7287
3199 7918
3199 8025
3199 8960
3199 9750
3200 3435
3200 5901
3200 5921
3200 6961
3200 8937
3200 9579
3201 4175
3201 4806
3201 5209
3201 6445
3201 6814
3201 7261
3201 8285
3202 4407
3202 4874
3202 5679
3202 6412
3202 7671
3202 9770
3203 3370
3203 4100
3203 6523
3203 6867
3203 7536
3203 7818
3204 3531
3204 5592
3204 6243
3204 6791
3204 7931
3204 8436
3204 9461
3205 3373
3205 4731
3205 5763
3205 6448
3205 9490
3205 9633
3206 6998
3206 7220
3206 7609
3206 9573
3206 9864
3206 9909
3207 3722
3207 4427
3207 4551
3207 5201
3207 5586
3207 8619
3207 9871
3208 3369
3208 4954
3208 5131
3208 8412
3208 8524
3208 8957
3209 4652
3209 4753
3209 5832
3209 6034
3209 6393
3209 8290
3209 9271
3210 3469
3210 3535
3210 3939
3210 4149
3210 4217
3210 6697
3210 6833
3210 6965
3210 7878
3210 8031
3210 9012
3210 9330
3211 3473
3211 4181
3211 4259
3212 3292
3212 3805
3212 4884
3212 6755
3213 6199
3213 6785
3213 6801
3213 7653
3213 8185
3213 8479
3213 8655
3214 3389
3214 3780
3214 5731
3214 6343
3214 7022
3214 7373
3214 9457
3215 3484
3215 3638
3215 4837
3215 5024
3215 5155
3215 6369
3215 8880
3215 8960
3215 9451
3216 3277
3216 4311
3216 4687
3216 6625
3216 6843
3216 9362
3216 9781
3217 3279
3217 3316
3217 3416
3217 3637
3217 3957
3217 5791
3217 7562
3217 7684
3217 8603
3217 8612
3217 8657
3217 9243
3217 9742
3218 3887
3218 4487
3218 5854
3218 6241
3218 6362
3218 7179
3218 8107
3218 9765
3218 9822
3219 5077
3219 5619
3219 5962
3219 6266
3219 6744
3219 9158
3219 9809
3219 9980
3220 3712
3220 5601
3220 6192
3220 9703
3221 4903
3221 6840
3221 7745
3221 8377
3221 9184
3221 9415
3221 9723
3222 4415
3222 6180
3222 7464
3222 9920
3223 3388
3223 6150
3223 6478
3223 7055
3223 8173
3223 8343
3223 9873
3223 9987
3224 3984
3224 4082
3224 4272
3224 7042
3224 7782
3224 8117
3224 9075
3225 6560
3225 6978
3225 9620
3225 9973
3226 4377
3226 4554
3226 5873
3226 7401
3226 8047
3227 3922
3227 4046
3227 4178
3227 4317
3227 5310
3227 6656
3227 8006
3227 8340
3227 9617
3227 9821
3228 3871
3228 3993
3228 5867
3228 7005
3228 9679
3229 4041
3229 5345
3229 8764
3229 9379
3230 3959
3230 4289
3230 5014
3230 6250
3230 6997
3230 8048
3230 9132
3230 9134
3230 9341
3230 9956
3231 5483
3231 5932
3231 7144
3231 8786
3232 5512
3232 5684
3232 7113
3232 7188
3232 7480
3232 7609
3232 8955
3233 3957
3233 4441
3233 7784
3233 8053
3233 8894
3233 8897
3234 3239
3234 4004
3234 4541
3234 5180
3234 9970
3235 3403
3235 4047
3235 4278
3235 4821
3235 5071
3235 5535
3235 5658
3235 6992
3235 7993
3235 8283
3235 8763
3236 5201
3237 3902
3237 5952
3237 8950
3237 9782
3237 9926
3238 4222
3238 4776
3238 5869
3238 6365
3238 6664
3238 6668
3238 7724
3238 9027
3239 3351
3239 3598
3239 4150
3239 4590
3239 6578
3239 7053
3239 9911
3240 5540
3240 6200
3240 6627
3240 7461
3240 8640
3241 5408
3241 8660
3241 9218
3241 9243
3242 6789
3242 8259
3242 9722
3243 7281
3243 7556
3243 7779
3243 8381
3243 9677
3244 5397
3244 6334
3244 6711
3244 8557
3244 9895
3245 3958
3245 4177
3245 5335
3245 5364
3245 6455
3246 5854
3246 6278
3246 6669
3246 9521
3246 9771
3247 6028
3247 6421
3247 6946
3247 7310
3247 7454
3247 7497
3247 7661
3247 7662
3247 7738
3247 8030
3247 8298
3247 9941
3248 3611
3248 5405
3248 7256
3248 7549
3248 7889
3248 9443
3249 3521
3249 3662
3249 4298
3249 4355
3249 5111
3249 5590
3249 6160
3250 4246
3250 4787
3250 8054
3251 3421
3251 4385
3251 5713
3251 6661
3251 6848
3251 8167
3251 8803
3251 9334
3251 9999
3252 3813
3252 4059
3252 4472
3252 4835
3252 5998
3252 6239
3252 7180
3252 7944
3253 4868
3253 5829
3253 7797
3253 7889
3254 3444
3254 3518
3254 3841
3254 5584
3254 5980
3254 6066
3254 8478
3254 8909
3255 5223
3255 6666
3255 6996
3255 7026
3255 7324
3255 7686
3255 8508
3256 3427
3256 5982
3256 6534
3256 6956
3256 7923
3256 8237
3256 8598
3256 9700
3257 4385
3257 5661
3257 6193
3257 7989
3257 9134
3257 9566
3259 3724
3259 5087
3259 6388
3259 7403
3259 8536
3260 5260
3260 5701
3260 6749
3260 9213
3261 3362
3261 3519
3261 3686
3261 4255
3261 4662
3261 5078
3261 6773
3261 7727
3262 3892
3262 3981
3262 4635
3262 5465
3262 5844
3262 5962
3262 6048
3262 6281
3262 7174
3262 7889
3262 9143
3263 4300
3263 5370
3263 5831
3263 7188
3263 7227
3263 7312
3263 9282
3263 9385
3264 4215
3264 5295
3264 6098
3264 6235
3264 8520
3265 4146
3265 4379
3265 5766
3265 7352
3265 7712
3265 8959
3266 3735
3266 4521
3266 4654
3266 6941
3266 6991
3266 8060
3266 8825
3266 9573
3266 9575
3267 3550
3267 5003
3267 6795
3267 7074
3267 7582
3267 9499
3267 9683
3268 3721
3268 3953
3268 4085
3268 6528
3268 7059
3268 8473
3269 3312
3269 4132
3269 4380
3269 5142
3269 5805
3269 5874
3269 6609
3269 6633
3270 3694
3270 4003
3270 5032
3270 5523
3270 6068
3271 5476
3271 5685
3271 6921
3271 7537
3271 7690
3271 7744
3272 4062
3272 7992
3272 8558
3272 8588
3273 4273
3273 4775
3273 6306
3273 6448
3273 7752
3273 8684
3273 9285
3274 5881
3274 7889
3274 8746
3274 9128
3274 9644
3275 3446
3275 3921
3275 5709
3275 8323
3276 3911
3276 6116
3276 6282
3276 7631
3276 9853
3277 3541
3277 4865
3277 5945
3277 7695
3277 7808
3277 8685
3278 3751
3278 4317
3278 4450
3278 4690
3278 6364
3278 6635
3278 6660
3278 7144
3278 9910
3279 6255
3279 6434
3279 8017
3279 8226
3279 9170
3279 9192
3279 9630
3280 5763
3280 6067
3280 6129
3280 7005
3280 8146
3280 9607
3280 9996
3281 3482
3281 3992
3281 4930
3281 5984
3281 9648
3282 3412
3282 3430
3282 6938
3282 7710
3282 8264
3282 8914
3282 9058
3283 4354
3283 5119
3283 5284
3283 5815
3283 7777
3283 9910
3283 9977
3284 3418
3284 3773
3284 5957
3284 6464
3284 7211
3284 8252
3284 8415
3285 5858
3285 6761
3285 8452
3285 9946
3286 3733
3286 3935
3286 3981
3286 4990
3286 5914
3286 7921
3286 8034
3286 8265
3286 9063
3286 9274
3287 4418
3287 5456
3287 7869
3287 8448
3287 8696
3288 5474
3288 6790
3288 8402
3288 8753
3288 9309
3288 9505
3289 3829
3289 3864
3289 4626
3289 4946
3289 5735
3289 6143
3289 8142
3289 8349
3290 4043
3290 4050
3290 4257
3290 4480
3290 5236
3290 6119
3290 8086
3290 9436
3290 9620
3291 3659
3291 4296
3291 4349
3291 4408
3291 5397
3291 5414
3291 5831
3291 7862
3291 7867
3291 9773
3292 3884
3292 6494
3292 8239
3292 8322
3292 8334
3292 9921
3293 3295
3293 3416
3293 3617
3293 3740
3293 5446
3293 6422
3293 6547
3293 8619
3294 5358
3294 6532
3294 7488
3294 8206
3294 9639
3295 3507
3295 6647
3295 6986
3295 7005
3295 7612
3295 8011
3295 8397
3295 8706
3296 5243
3296 7200
3296 7978
3296 8710
3296 8789
3297 6960
3297 9492
3298 4030
3298 4374
3298 8535
3298 9503
3298 9792
3298 9932
3299 4538
3299 5999
3299 7224
3299 9101
3300 5677
3300 5777
3300 6675
3300 9420
3301 3544
3301 4350
3301 4730
3301 5893
3301 6810
3301 6898
3301 6998
3301 7441
3302 6375
3302 6830
3302 8072
3302 8112
3302 8255
3302 9141
3302 9612
3303 3769
3303 4219
3303 6317
3303 7282
3303 7921
3303 9946
3304 4435
3304 4665
3304 5063
3304 6171
3304 8342
3304 8390
3305 3524
3305 6553
3305 6573
3305 7699
3305 7759
3305 8801
3305 9710
3305 9744
3306 3536
3306 4394
3306 6700
3306 7545
3306 7728
3306 8448
3306 8575
3307 3802
3307 3953
3307 4607
3307 5450
3307 8792
3308 4824
3308 7404
3308 9702
3309 5748
3309 6035
3309 6453
3309 8103
3309 8214
3309 8453
3309 9406
3310 6059
3310 7707
3310 8024
3310 8214
3310 8667
3310 9450
3310 9692
3311 4247
3311 4639
3311 5452
3311 8065
3311 8793
3311 9527
3311 9627
3312 4358
3312 5003
3312 5291
3312 6963
3313 4011
3313 4263
3313 4334
3313 4758
3313 5445
3313 5612
3313 7244
3313 7876
3313 8349
3313 8549
3314 6146
3314 6256
3314 8193
3315 7025
3315 7784
3315 7848
3315 9372
3315 9525
3316 4740
3316 5233
3316 5864
3316 7674
3316 8195
3316 8842
3316 9702
3316 9771
3317 4155
3317 4243
3317 5587
3317 5603
3317 5788
3317 7247
3317 7657
3317 9032
3317 9218
3318 3688
3318 4553
3318 5158
3318 5539
3319 3782
3319 3877
3319 4317
3319 4436
3319 7711
3319 7830
3319 8971
3320 4375
3320 6493
3320 7563
3320 7877
3320 8482
3320 9418
3320 9543
3321 3710
3321 3949
3321 4296
3321 4614
3321 5186
3321 8443
3321 9694
3322 3358
3322 3624
3322 3785
3322 3999
3322 4123
3322 4492
3322 7062
3322 7404
3322 7462
3322 8334
3322 8641
3323 4204
3323 4326
3323 4376
3323 4801
3323 5693
3323 6436
3323 6523
3323 6701
3323 7278
3323 7820
3323 8245
3324 4161
3324 5374
3324 6698
3324 8848
3324 8959
3325 3384
3325 5432
3325 6753
3325 8171
3325 8487
3325 9156
3325 9660
3326 3654
3326 5391
3326 7584
3326 8198
3326 8805
3326 9409
3326 9559
3327 3725
3327 4026
3327 7082
3327 7121
3327 8148
3327 9192
3328 7829
3328 8489
3328 9922
3329 4001
3329 4489
3329 6185
3329 8236
3330 3845
3330 4137
3330 4566
3330 6819
3330 7294
3330 7655
3330 8725
3331 3366
3331 3663
3331 5866
3331 6174
3331 8006
3331 8610
3331 8790
3331 9946
3332 4954
3332 5947
3332 6403
3332 6405
3332 6798
3332 6888
3332 6975
3332 8240
3332 9718
3333 3392
3333 4106
3333 4358
3333 5733
3333 6585
3333 7015
3333 7344
3333 7467
3333 8184
3333 8232
3333 9410
3333 9802
3334 3936
3334 4123
3334 4643
3334 5070
3334 5325
3334 9160
3334 9262
3334 9912
3335 7231
3335 8728
3335 8945
3335 9516
3336 3590
3336 3863
3336 5496
3336 7578
3337 4658
3337 8676
3337 9577
3338 4229
3338 5903
3339 4090
3339 4721
3339 4724
3339 5587
3339 6445
3339 6534
3339 6611
3339 7520
3340 3341
3340 3765
3340 6327
3341 4472
3341 4905
3341 5456
3341 6143
3341 8106
3341 8522
3342 3911
3342 7292
3342 9005
3342 9765
3343 3993
3343 4200
3343 4549
3343 4808
3343 4873
3343 5483
3343 5796
3343 6257
3343 8021
3343 8224
3343 8300
3343 9101
3344 8150
3344 9046
3344 9111
3345 4136
3345 4259
3345 4299
3345 4637
3345 4665
3345 5903
3345 7489
3345 7626
3345 7803
3346 5059
3346 5468
3346 6574
3346 7421
3346 9719
3347 4487
3347 5181
3347 7119
3347 7379
3347 7711
3347 8110
3347 8728
3347 9124
3347 9134
3347 9590
3348 4827
3348 5399
3348 5707
3348 5973
3349 4201
3349 4965
3349 5202
3349 5848
3349 7500
3349 7601
3349 7685
3349 8600
3349 8611
3349 8666
3349 8768
3349 9011
3349 9690
3350 4230
3350 7595
3350 7724
3350 8965
3350 9340
3351 3649
3351 4687
3351 4721
3351 5253
3351 6634
3351 7239
3351 7366
3351 8385
3351 8401
3351 9691
3351 9710
3352 3418
3352 3675
3352 4388
3352 5463
3352 5558
3352 7308
3352 7779
3352 8568
3352 8675
3352 8832
3352 9794
3352 9951
3353 3627
3353 4943
3353 4945
3353 6236
3353 6582
3353 6937
3353 7331
3353 9274
3353 9305
3353 9982
3354 5510
3354 5877
3354 5974
3354 9636
3354 9850
3355 3561
3355 3689
3355 4209
3355 4425
3355 4693
3355 6053
3355 7245
3355 7419
3355 8812
3355 8839
3356 3834
3356 4118
3356 4556
3356 4959
3356 6272
3356 6912
3356 8232
3357 5313
3357 6860
3357 7017
3357 8381
3357 8520
3357 8544
3358 5470
3358 5704
3358 6499
3358 8649
3358 9347
3358 9427
3358 9834
3359 4727
3359 7430
3359 9172
3359 9646
3360 4956
3360 5189
3360 7411
3360 8498
3360 9641
3361 3826
3361 4203
3361 5807
3361 6753
3361 7737
3361 8948
3361 9469
3362 4665
3362 6039
3362 6754
3362 8259
3363 3445
3363 3792
3363 4779
3363 5024
3363 5472
3363 6335
3363 6906
3363 8658
3363 9554
3363 9713
3364 4918
3364 6085
3364 6761
3364 7576
3364 8508
3364 9664
3365 4856
3365 5166
3365 5361
3365 6343
3365 9249
3365 9961
3366 6227
3366 8520
3366 8583
3366 8827
3366 9817
3367 4413
3367 4560
3367 6892
3367 7705
3367 7968
3367 9465
3368 4812
3368 4878
3368 7433
3368 8757
3368 9376
3369 3817
3369 4070
3369 5766
3369 5786
3369 7982
3369 8987
3369 9354
3371 3497
3371 3633
3371 4680
3371 7523
3371 7908
3371 9927
3372 4462
3372 5041
3372 5586
3372 7940
3372 9601
3373 3671
3373 5293
3373 5336
3373 6537
3373 6684
3373 7829
3373 8916
3373 9584
3373 9664
3374 3564
3374 3701
3374 4667
3374 4727
3374 4979
3374 5187
3374 6361
3374 8221
3374 8238
3374 8273
3374 8997
3374 9487
3375 4447
3375 5994
3375 8090
3375 9138
3375 9299
3375 9522
3375 9992
3376 6988
3376 7718
3376 8401
3376 8593
3376 9942
3377 4247
3377 4396
3377 5589
3377 7517
3377 8169
3377 8329
3377 8826
3377 8869
3377 9393
3377 9974
3378 3446
3378 3728
3378 4454
3378 5588
3378 5676
3378 6488
3378 7243
3378 7797
3378 9642
3379 3897
3379 8171
3379 8478
3379 8784
3379 8793
3379 8883
3380 4797
3380 5221
3380 8133
3380 8625
3381 4256
3381 9501
3382 4783
3382 4840
3382 4873
3382 7917
3382 8955
3383 3397
3383 3485
3383 5734
3383 6669
3383 8898
3383 9050
3383 9990
3384 4230
3384 4397
3384 4453
3384 5210
3384 8170
3385 3391
3385 3499
3385 4611
3385 6097
3385 7297
3385 7481
3385 9178
3385 9855
3385 9881
3386 4329
3386 5298
3386 5878
3386 6256
3386 6784
3386 9203
3386 9744
3387 4529
3387 5682
3387 6752
3387 8027
3387 8538
3387 9697
3388 3432
3388 4424
3388 5020
3389 4439
3389 5647
3389 5705
3389 6453
3389 6515
3389 7045
3389 7048
3389 8382
3389 8425
3389 9972
3390 6986
3390 7881
3390 8513
3390 9406
3390 9862
3391 3415
3391 5927
3391 7442
3391 8632
3392 4069
3392 5644
3392 7231
3392 8267
3392 8943
3393 3675
3393 5548
3393 6024
3393 6505
3394 3599
3394 4112
3394 4418
3394 5040
3394 5214
3394 6181
3394 6948
3394 7689
3394 9138
3395 3913
3395 4285
3395 8058
3395 8076
3396 3608
3396 3812
3396 4218
3396 5368
3396 5523
3396 5556
3396 5792
3396 6051
3396 7381
3396 8131
3396 9280
3396 9913
3397 4415
3397 6205
3397 6861
3397 7583
3397 7753
3398 4998
3398 5572
3398 6042
3398 6240
3398 6764
3398 6781
3398 7766
3398 9533
3399 4021
3399 4095
3399 7529
3399 7755
3399 7766
3399 8698
3399 9093
3399 9232
3400 9706
3401 5886
3401 6507
3401 8396
3401 9482
3402 5802
3402 6069
3402 6418
3402 7620
3402 7740
3402 8968
3402 9525
3403 4155
3403 6366
3403 6496
3403 6604
3403 7288
3403 9072
3403 9223
3404 3708
3404 3966
3404 3967
3404 4598
3404 5163
3404 5190
3404 8321
3405 3862
3405 5561
3405 7560
3405 8845
3405 9125
3405 9626
3406 3825
3406 3902
3406 4798
3406 5600
3406 5721
3406 5829
3406 7614
3407 4481
3407 5277
3407 5481
3407 7695
3407 8927
3408 4614
3408 5484
3408 5690
3408 6694
3408 7028
3408 8038
3408 9015
3408 9488
3409 3524
3409 3838
3409 4040
3409 5841
3409 8039
3409 9672
3410 7080
3410 7619
3410 8157
3410 9315
3410 9826
3410 9923
3411 4678
3411 5443
3411 8489
3411 8841
3411 8942
3411 8975
3411 9451
3412 3494
3412 5985
3412 6511
3412 8209
3412 8731
3412 8753
3412 9193
3412 9367
3413 8645
3413 9089
3414 3773
3414 3796
3414 4913
3414 5098
3414 7487
3414 8160
3415 3527
3415 3819
3415 4028
3415 4229
3415 4552
3416 3516
3416 4061
3416 5311
3416 5879
3416 6904
3416 7003
3416 7130
3416 7191
3416 7917
3417 5597
3417 6000
3417 6081
3417 6261
3417 6389
3417 6625
3417 7036
3417 9052
3418 5681
3418 6012
3418 6158
3418 6298
3418 6560
3419 3964
3419 5865
3419 7549
3420 4799
3420 5268
3420 6105
3420 7809
3420 8722
3420 8835
3421 3917
3421 4182
3421 4903
3421 5296
3421 7358
3421 7785
3421 8998
3421 9754
3422 3646
3422 3885
3422 4133
3422 5554
3423 3963
3423 5687
3423 5882
3423 6648
3423 7083
3423 8222
3424 4149
3424 5731
3424 6703
3424 6807
3425 4348
3425 6592
3425 7025
3425 7960
3425 9788
3425 9961
3426 4096
3426 7739
3426 8121
3426 8214
3426 9770
3426 9877
3427 7006
3427 7103
3427 7735
3427 8169
3427 9192
3428 3768
3428 4655
3428 4727
3428 6058
3428 9274
3428 9832
3429 4496
3429 4657
3429 5177
3429 6649
3429 9063
3429 9394
3430 3537
3430 3611
3430 3644
3430 4528
3430 4704
3430 5161
3430 5262
3430 5483
3430 5878
3430 6128
3430 8728
3430 8729
3431 4356
3431 7279
3431 8849
3432 4237
3432 5121
3432 5388
3432 5571
3432 5817
3432 7994
3433 3898
3433 4147
3433 4453
3433 9413
3434 3917
3434 4646
3434 4842
3434 8880
3434 8971
3434 9350
3434 9640
3435 6583
3436 4297
3436 4640
3436 8678
3436 9794
3437 3986
3437 5451
3437 5480
3437 6455
3437 6478
3437 8180
3437 9281
3438 3739
3438 4014
3438 4302
3438 7121
3438 7150
3438 8489
3438 8670
3439 4150
3439 6062
3439 6852
3439 7616
3439 7806
3440 3727
3440 9128
3440 9790
3441 3722
3441 3750
3441 4987
3441 5440
3441 5550
3441 5642
3441 9169
3442 4713
3442 5631
3442 6468
3442 7360
3442 7566
3442 7664
3442 9429
3442 9841
3443 5288
3443 7157
3443 7717
3443 9445
3443 9586
3444 3497
3444 4177
3444 4878
3444 4913
3444 5307
3444 5344
3444 7579
3444 8820
3444 9776
3445 3508
3445 3753
3445 4097
3445 6330
3445 6456
3445 8415
3445 9416
3446 4659
3446 5285
3446 6088
3446 6205
3446 6353
3446 6482
3446 6772
3446 6863
3446 7640
3446 7787
3446 8062
3446 8322
3446 8824
3447 3537
3447 3778
3447 3879
3447 4820
3447 6546
3447 6844
3447 7666
3447 9670
3447 9913
3448 4124
3448 4758
3448 6627
3448 6738
3448 8281
3448 8305
3448 8749
3448 8859
3448 9262
3449 4512
3449 6335
3449 6661
3449 8408
3449 9960
3450 4311
3450 5321
3450 5402
3450 5597
3450 7606
3450 7958
3450 8282
3450 9917
3451 7332
3451 8232
3451 8645
3451 8682
3451 8729
3452 3557
3452 4087
3452 6381
3452 7006
3452 9729
3453 4684
3453 5800
3453 5870
3453 6010
3453 6293
3453 6383
3453 6757
3454 3478
3454 5924
3454 6395
3454 6854
3454 9622
3454 9770
3455 4047
3455 4159
3455 4213
3455 4512
3455 5153
3455 5418
3455 5818
3455 6219
3455 7275
3455 9750
3456 4076
3456 4268
3456 5646
3456 7877
3456 9196
3456 9946
3457 3532
3457 4799
3457 5234
3457 5900
3457 6304
3457 7673
3457 8388
3457 9671
3458 4546
3458 5043
3458 5385
3458 6269
3458 6659
3458 7070
3458 9216
3459 3928
3459 4152
3459 4572
3459 5006
3459 5118
3459 5985
3459 6635
3459 6906
3459 9267
3459 9759
3460 5852
3460 6277
3460 6765
3460 8690
3460 9030
3461 3703
3461 4233
3461 4280
3461 4456
3461 5085
3461 5343
3461 5636
3461 5657
3461 6541
3461 8062
3461 8467
3461 8497
3462 3610
3462 5382
3462 5541
3462 5582
3462 6530
3462 7090
3462 7425
3462 8196
3462 8603
3463 5253
3463 5847
3463 6060
3463 6970
3463 8846
3463 9282
3463 9634
3464 4478
3464 5830
3464 8571
3464 8856
3465 4243
3465 5076
3465 5429
3465 5586
3465 8201
3465 8795
3465 9870
3466 5672
3466 6858
3466 9340
3466 9735
3466 9823
3467 3527
3467 3542
3467 4149
3467 4403
3467 5677
3467 6034
3467 6887
3467 7596
3467 8046
3467 9147
3468 4586
3468 4750
3468 5858
3468 6423
3468 7042
3468 7342
3468 9307
3469 3627
3469 4142
3469 6079
3469 7044
3469 7105
3469 8798
3469 9252
3469 9875
3470 3496
3470 3841
3470 4794
3470 6254
3470 9586
3471 5026
3471 5778
3471 6113
3471 6695
3471 8640
3471 9035
3472 7210
3472 7638
3472 9333
3472 9788
3473 4811
3473 5723
3473 6742
3473 7453
3473 9064
3473 9353
3474 5015
3474 6109
3474 6333
3474 6513
3474 7701
3474 8719
3474 8986
3475 3719
3475 4195
3475 7519
3475 7545
3475 8754
3476 4364
3476 6137
3476 6605
3476 7019
3476 7706
3476 7980
3476 9471
3477 5364
3477 5640
3477 6274
3477 8596
3477 8624
3478 3547
3478 5152
3478 7008
3478 8115
3479 5324
3480 4050
3480 5805
3480 8411
3480 8450
3480 8596
3480 8619
3480 9017
3481 3533
3481 5686
3481 6020
3481 6688
3481 8052
3481 9015
3482 3624
3482 3915
3482 4161
3482 6198
3482 6299
3482 7676
3482 8449
3482 9067
3483 3808
3483 4891
3483 5168
3483 5315
3483 6198
3483 6491
3483 6788
3483 7408
3483 8289
3483 9901
3484 4838
3484 5527
3484 5717
3484 6320
3484 7750
3484 8324
3484 9278
3484 9502
3485 3699
3485 4165
3485 4347
3485 4708
3485 5777
3485 6018
3485 7239
3485 7905
3485 9167
3485 9234
3485 9851
3486 3894
3486 4815
3486 5086
3486 5710
3486 7124
3486 7839
3486 8378
3486 8601
3486 8668
3486 9330
3486 9465
3487 3929
3487 4333
3487 6891
3487 7711
3487 8018
3487 8392
3487 9076
3487 9684
3487 9720
3487 9804
3488 7156
3489 4453
3489 5167
3489 5532
3489 5867
3489 7646
3489 7942
3489 8101
3489 8371
3489 8399
3490 5444
3490 9621
3491 6257
3491 6651
3491 7103
3491 9118
3492 4064
3492 5051
3492 6265
3492 6374
3492 7174
3492 7770
3492 8368
3492 9898
3493 3559
3493 3754
3493 4878
3493 5655
3493 6462
3494 4857
3494 7040
3494 7518
3494 7607
3495 3616
3495 4108
3495 4886
3495 5799
3495 6526
3495 8133
3495 8194
3496 4797
3496 4978
3496 6219
3496 7068
3496 7667
3496 8175
3497 4141
3497 5433
3497 7951
3497 8312
3497 8826
3497 9382
3498 3567
3498 6688
3498 7268
3498 7675
3498 8446
3498 8710
3498 8781
3498 9222
3499 5511
3499 6229
3499 7420
3499 7950
3500 5335
3500 5444
3500 5833
3500 6063
3500 7288
3500 7289
3500 7742
3500 8496
3500 8940
3500 9533
3501 4573
3501 5675
3501 8458
3501 8781
3502 4845
3502 6229
3502 6699
3502 6777
3502 7393
3502 8825
3502 9747
3503 4014
3503 4753
3503 7631
3503 7662
3503 7943
3503 8315
3504 3773
3504 5009
3504 5614
3504 9027
3504 9225
3505 5960
3505 6415
3505 7400
3505 7909
3505 8329
3505 9251
3506 4192
3506 4361
3506 5052
3506 5928
3506 6672
3506 7088
3506 7778
3506 8729
3506 9071
3506 9244
3506 9786
3507 4070
3507 5113
3507 7545
3507 8051
3507 8581
3507 8646
3507 8688
3508 3693
3508 4077
3508 6265
3508 6732
3508 7677
3509 4365
3509 4882
3509 5471
3509 6736
3509 7704
3509 9153
3510 3613
3510 4654
3510 4740
3510 5536
3510 6324
3510 6648
3511 4406
3511 6251
3511 6514
3511 6972
3511 7987
3511 8420
3512 4547
3512 5281
3512 5756
3512 6850
3512 7115
3513 3822
3513 3852
3513 4871
3513 5809
3513 5900
3513 6459
3513 6634
3513 7860
3513 9550
3513 9972
3514 5170
3514 5704
3514 5743
3514 6765
3514 7483
3514 9441
3515 5308
3515 5783
3515 7878
3515 8339
3516 4609
3516 6187
3516 6497
3516 6636
3516 8312
3516 8456
3516 8513
3516 9880
3516 9979
3517 3744
3517 4099
3517 4533
3517 4825
3517 5593
3517 7993
3517 8365
3517 8947
3518 3877
3518 4516
3518 5365
3518 5901
3518 6974
3518 8099
3518 8183
3518 8437
3518 9369
3519 4223
3519 5984
3519 7739
3519 8555
3520 4182
3520 4222
3520 5928
3520 6087
3520 6092
3520 6732
3520 9816
3521 3937
3521 4023
3521 4463
3521 5164
3521 5746
3521 6469
3521 7825
3521 8278
3521 8907
3521 9396
3522 3585
3522 3743
3522 3836
3522 5695
3522 5832
3522 5866
3522 7996
3522 9381
3522 9957
3523 7315
3523 8034
3523 8380
3524 3625
3524 7074
3524 8132
3524 8325
3524 8930
3524 9360
3525 5247
3525 6423
3525 6738
3525 7174
3525 8181
3526 4057
3526 4213
3526 6084
3526 7659
3526 7830
3526 7934
3526 8057
3526 9344
3526 9636
3527 4291
3527 6459
3527 6768
3527 8919
3528 3542
3528 3633
3529 5437
3529 5539
3529 6306
3529 6753
3529 8452
3530 4555
3530 6260
3530 7693
3530 9430
3530 9529
3530 9546
3531 5015
3531 6599
3531 7387
3531 9278
3532 6765
3532 7377
3532 9698
3532 9923
3533 4031
3533 5043
3533 6472
3533 7531
3533 8173
3533 8504
3533 9346
3533 9926
3534 4465
3534 4729
3534 5731
3535 3922
3535 4017
3535 6532
3535 7780
3535 9108
3535 9346
3535 9899
3536 6415
3536 6881
3536 7342
3536 9611
3537 3876
3537 5378
3537 5980
3537 7082
3537 8760
3537 8879
3537 9388
3538 4055
3538 4182
3538 4358
3538 5558
3538 6323
3538 6670
3538 7083
3538 7652
3538 7752
3538 8568
3538 9187
3538 9581
3539 5039
3539 5209
3539 7794
3539 8429
3539 8613
3539 8644
3539 8760
3539 9973
3540 3711
3540 4910
3540 6175
3540 6749
3540 7780
3540 8245
3540 8360
3540 9007
3541 4581
3541 5012
3541 5669
3541 6502
3541 7371
3541 8643
3541 9303
3541 9341
3541 9746
3542 5064
3542 5493
3542 6110
3542 6201
3542 6806
3542 7338
3543 4590
3543 4638
3543 5073
3543 9982
3544 5230
3544 5792
3544 6919
3544 7546
3544 7813
3545 3608
3545 6775
3545 7142
3545 7428
3545 9323
3546 3620
3546 5819
3546 6915
3546 7123
3546 9561
3547 4026
3547 4297
3547 4531
3547 5024
3547 5875
3547 6208
3547 7148
3547 7451
3547 7637
3547 7852
3547 8701
3547 9229
3548 4047
3548 5085
3548 5518
3548 5658
3548 5779
3548 6038
3548 6058
3548 6421
3549 3583
3549 3656
3549 3813
3549 4101
3549 4555
3549 5145
3549 5276
3549 5393
3549 6731
3549 7757
3549 8675
3550 4956
3550 7215
3550 7934
3551 3681
3551 4240
3551 5575
3551 6100
3551 7544
3551 7580
3551 8329
3551 8607
3552 3984
3552 4065
3552 4201
3552 4841
3552 5525
3552 6008
3552 8873
3552 9461
3553 5306
3553 5741
3553 6709
3553 7275
3553 7504
3553 8657
3553 9413
3553 9808
3554 3560
3554 3633
3554 4006
3554 4828
3554 9122
3554 9168
3555 5884
3555 6540
3555 7088
3556 4330
3556 4877
3556 7726
3556 7899
3556 8077
3557 4322
3557 4383
3557 5340
3557 6116
3557 6299
3557 6534
3557 6768
3557 8085
3557 9197
3557 9489
3558 3760
3558 4961
3558 5052
3558 8616
3558 9724
3559 3611
3559 7539
3560 3589
3560 3803
3560 6033
3560 6695
3560 7404
3560 8236
3561 5195
3561 6642
3561 6954
3561 7385
3561 8029
3561 8110
3562 5065
3562 5198
3562 5969
3562 6148
3562 7108
3562 7485
3562 9149
3562 9633
3563 5560
3563 7812
3563 9816
3564 4334
3564 5658
3564 5859
3564 7367
3564 8934
3564 9165
3565 3996
3565 5386
3565 6555
3565 8834
3566 4642
3566 6338
3566 6617
3566 8077
3567 3697
3567 4563
3567 5344
3567 6117
3567 7953
3567 9625
3567 9856
3568 3886
3568 4471
3568 5128
3568 5792
3568 5955
3568 6617
3568 6634
3568 6760
3568 8547
3568 8581
3569 4093
3569 4332
3569 5386
3569 5719
3569 7949
3569 8315
3569 9945
3570 3992
3570 4633
3570 4881
3570 5628
3570 5692
3570 5904
3570 8065
3570 8616
3570 9296
3571 3594
3571 4484
3571 4697
3571 5876
3571 6949
3571 6970
3571 7280
3571 7890
3571 8243
3571 9611
3572 4598
3572 4749
3572 6220
3572 8288
3572 8530
3572 9104
3572 9967
3573 3866
3573 3986
3573 5211
3573 5322
3573 5692
3573 5909
3573 6418
3573 8862
3574 4668
3574 4726
3574 5214
3574 9406
3574 9700
3574 9871
3575 4203
3575 4915
3575 5392
3575 7742
3575 8442
3575 8599
3575 8930
3575 9020
3576 4981
3576 8739
3576 8859
3577 4085
3577 4478
3577 5307
3577 7744
3577 9907
3578 4845
3578 6566
3578 8597
3579 3748
3579 5138
3579 5491
3579 6237
3579 6882
3579 8280
3579 9145
3579 9457
3580 4853
3580 4974
3580 5213
3580 5866
3580 7077
3580 8778
3580 8968
3580 9239
3581 4935
3581 5384
3581 7341
3581 8389
3581 8889
3581 8899
3581 9495
3582 3635
3582 3936
3582 5203
3582 5667
3582 5770
3582 6103
3582 6498
3582 6811
3582 9715
3583 3605
3583 4018
3583 4552
3583 5380
3583 6430
3583 6600
3583 6890
3583 7083
3583 7805
3583 9861
3584 4686
3584 5381
3584 6369
3584 7459
3584 8690
3584 8927
3584 9022
3584 9240
3585 5252
3585 5312
3585 6679
3585 6876
3585 8736
3585 9197
3585 9807
3586 3641
3586 3665
3586 4565
3586 7983
3586 8092
3586 8452
3586 9343
3586 9393
3587 5069
3587 6102
3587 8199
3587 8260
3587 8717
3587 9771
3587 9783
3588 3888
3588 4778
3588 5545
3588 5750
3588 5808
3588 7188
3588 9309
3589 4229
3589 4796
3589 6415
3589 6943
3589 7291
3589 7524
3589 8328
3589 8841
3590 3770
3590 5226
3590 6314
3590 6454
3590 7103
3590 7903
3591 5796
3591 7122
3591 7430
3591 8113
3591 8256
3591 9301
3591 9555
3591 9842
3592 4495
3592 4765
3592 5283
3592 6607
3592 8109
3592 8522
3592 8700
3592 9712
3592 9804
3592 9999
3593 4742
3593 6320
3593 6647
3593 7047
3593 8374
3593 9292
3594 8560
3595 6556
3595 6812
3595 7108
3595 8328
3595 8865
3596 4352
3596 6404
3596 7267
3596 8453
3596 8957
3596 9766
3596 9890
3597 4288
3597 4856
3597 6341
3597 7479
3597 7931
3597 9995
3598 4373
3598 4878
3598 5777
3598 5894
3598 6262
3598 6270
3599 5127
3599 5715
3599 5900
3599 6648
3599 7517
3600 4191
3600 5201
3601 3839
3601 5744
3601 5961
3601 6023
3601 6491
3602 3923
3602 4206
3602 4329
3602 4559
3602 4720
3602 6714
3602 7748
3602 8096
3602 8764
3602 8921
3602 9670
3602 9870
3603 5692
3603 7139
3603 8742
3603 8794
3603 8865
3603 9140
3603 9209
3604 3727
3604 3748
3604 4330
3604 6571
3604 7019
3604 7509
3604 8169
3604 8961
3604 9784
3604 9937
3605 3874
3605 4780
3605 5094
3605 6726
3605 7169
3605 7232
3605 7587
3605 8571
3605 8993
3605 9226
3605 9265
3606 3670
3606 4258
3606 6529
3606 8275
3607 4811
3607 4857
3607 5051
3607 5287
3607 5942
3607 6065
3607 6070
3607 6504
3607 6650
3607 7450
3608 4320
3608 6807
3608 7170
3608 7448
3608 7694
3608 8793
3608 9126
3608 9771
3609 5791
3609 6250
3609 6664
3609 9040
3609 9299
3610 4224
3610 7593
3610 7794
3611 4730
3611 6541
3611 6587
3611 6844
3611 7019
3611 7309
3611 7383
3611 8025
3611 8112
3612 4766
3612 4774
3612 6613
3612 6676
3612 6905
3612 8377
3612 9250
3613 4358
3613 4814
3613 5395
3613 6075
3613 7294
3614 4629
3614 4819
3614 5046
3614 6865
3614 7702
3614 7751
3614 8690
3615 6059
3615 6835
3615 7112
3615 7206
3615 7290
3615 8184
3615 8193
3615 8771
3615 8845
3615 8899
3615 9363
3615 9706
3615 9718
3616 5925
3616 6448
3616 8636
3617 5447
3617 5551
3617 7001
3617 7189
3618 7511
3619 5410
3619 6195
3619 6414
3619 6483
3619 7102
3619 7616
3619 7736
3619 7946
3619 9039
3620 8753
3620 9216
3620 9235
3620 9291
3621 4467
3621 4925
3621 5031
3621 7158
3621 7743
3621 9358
3622 7378
3622 8068
3622 8096
3622 8547
3622 8567
3622 9105
3622 9275
3623 5106
3623 5310
3623 6037
3623 6329
3623 6543
3623 7858
3623 7956
3624 3768
3624 3938
3624 4313
3624 4406
3624 4926
3624 5243
3624 5616
3624 6699
3624 7712
3624 9595
3624 9794
3624 9798
3625 5856
3625 6459
3625 6660
3625 8227
3626 4881
3626 7013
3626 8385
3626 8964
3626 8972
3626 9342
3626 9664
3627 4382
3627 5768
3627 8204
3627 8573
3627 8920
3627 9538
3628 6353
3628 7718
3628 9584
3629 3679
3629 3885
3629 4064
3629 4485
3629 8004
3629 8655
3629 9535
3630 5767
3630 6317
3630 7964
3631 4285
3631 5448
3631 5621
3631 5963
3631 6223
3631 6403
3631 8761
3631 9557
3631 9749
3632 4119
3632 8774
3633 3882
3633 4317
3633 4625
3633 4746
3633 4889
3633 6731
3633 9126
3633 9903
3634 3962
3634 4316
3634 4745
3634 5909
3634 6617
3634 7086
3634 7292
3634 7927
3634 8484
3634 8668
3634 8702
3634 8776
3634 9993
3635 4631
3635 5272
3635 5467
3635 6979
3635 7190
3635 7536
3635 7795
3635 7887
3635 9426
3636 4201
3636 5459
3636 5592
3636 9080
3636 9212
3637 4182
3637 4739
3637 6844
3637 9616
3638 5911
3638 9138
3639 3852
3639 6041
3639 7382
3639 7907
3639 9273
3639 9304
3639 9729
3640 4986
3640 5978
3640 6448
3640 7622
3640 8293
3641 4327
3641 6295
3641 6426
3641 7141
3641 8984
3641 9371
3642 4373
3642 5030
3642 5581
3642 5806
3642 7631
3642 9982
3643 3834
3643 4425
3643 4433
3643 7462
3643 9389
3643 9623
3644 6092
3644 7399
3644 7694
3644 8635
3644 9064
3644 9351
3645 4124
3645 6011
3645 7055
3645 8811
3646 3695
3646 4334
3646 4776
3646 5639
3646 5785
3646 6537
3646 8996
3647 4435
3647 5544
3647 5881
3647 6045
3647 6419
3647 8154
3647 9002
3647 9010
3648 4594
3648 4607
3648 4682
3648 5066
3648 7133
3648 7234
3648 8237
3648 9764
3649 4624
3649 6570
3649 9526
3649 9736
3650 4888
3650 5362
3650 6210
3650 7291
3650 8309
3650 9038
3650 9476
3651 4179
3651 4403
3651 4496
3651 4846
3651 6945
3651 7965
3651 8454
3651 9428
3651 9789
3651 9913
3652 3883
3652 7703
3653 7015
3653 7948
3653 8620
3653 8660
3653 8897
3653 9507
3654 5015
3654 5623
3654 5865
3654 6762
3654 7107
3654 7881
3654 8750
3654 9823
3655 4754
3655 7378
3655 8573
3655 9816
3656 5844
3656 6438
3656 8601
3656 9260
3657 4818
3657 5341
3657 5611
3657 6056
3657 6869
3657 7386
3657 9711
3657 9721
3658 6732
3658 8864
3659 8236
3659 8892
3659 9643
3659 9832
3660 3711
3660 3861
3660 6168
3660 9083
3661 4315
3661 5292
3661 8365
3661 8486
3661 9059
3662 5900
3662 6703
3662 8208
3662 9519
3662 9586
3663 5163
3663 5302
3663 5921
3663 7207
3663 7954
3663 8392
3664 6162
3664 6943
3664 8705
3664 9685
3665 5203
3665 5477
3665 5591
3665 5668
3665 6175
3665 6498
3665 7636
3666 4396
3666 7719
3666 7893
3666 7995
3667 3931
3667 4549
3667 4593
3667 4640
3667 4985
3667 7274
3667 8597
3667 8845
3668 4450
3668 5895
3668 7215
3668 7533
3668 9017
3669 3843
3669 4785
3669 5031
3669 5820
3669 6229
3669 7047
3669 8061
3669 8667
3669 8941
3669 9163
3669 9713
3670 4908
3670 6371
3670 6849
3670 7009
3670 7085
3670 8116
3670 8668
3671 5494
3671 8441
3672 4783
3672 5442
3672 5756
3672 7398
3672 8182
3672 8584
3672 9002
3672 9008
3672 9192
3672 9401
3672 9848
3672 9864
3673 5045
3673 5310
3673 5872
3673 7153
3673 7846
3673 8532
3673 8836
3673 9038
3673 9248
3673 9438
3674 4960
3674 5627
3674 5901
3674 9021
3675 4471
3675 5233
3675 5303
3675 6420
3675 7113
3675 7712
3675 8880
3675 9449
3676 3827
3676 3861
3676 3996
3676 4459
3676 5009
3676 5473
3676 5960
3676 8296
3676 9077
3677 3787
3677 4050
3677 4809
3677 7428
3677 8569
3677 9305
3677 9389
3678 4554
3678 4884
3678 5074
3678 6029
3678 6410
3678 6437
3678 6484
3678 7012
3678 7233
3678 7258
3678 7707
3678 7883
3678 8235
3678 9228
3678 9341
3679 4069
3679 4560
3679 5186
3679 5810
3680 3972
3680 4765
3680 4903
3681 5690
3681 5733
3681 6688
3681 7844
3681 8877
3681 9650
3682 3973
3682 4737
3682 8515
3683 3930
3683 4722
3683 7538
3683 8134
3683 8421
3683 8473
3684 4098
3684 4500
3684 4618
3684 4893
3684 4914
3684 6599
3684 9948
3685 4350
3685 6834
3685 8314
3685 8925
3686 4274
3686 4384
3686 6356
3686 6584
3686 6630
3686 6760
3686 6769
3686 6885
3686 7433
3686 7547
3686 7556
3686 7717
3686 9108
3686 9568
3687 3912
3687 5867
3687 6499
3687 7101
3687 7201
3687 7710
3687 7738
3687 8161
3687 8852
3687 9757
3687 9987
3688 5171
3688 6216
3688 6449
3688 6872
3688 9064
3688 9105
3688 9759
3689 5677
3689 5935
3689 7943
3689 8154
3689 9429
3689 9815
3690 3888
3690 3933
3690 6734
3690 7346
3691 4883
3691 6000
3691 6406
3691 7538
3691 7812
3692 3714
3692 4384
3692 4908
3692 5306
3692 5638
3692 6740
3692 6831
3692 7527
3692 7946
3692 9097
3693 4119
3693 5020
3693 6148
3693 7912
3693 8241
3693 8853
3693 9841
3694 5465
3694 6185
3694 6672
3694 6695
3694 6811
3694 8098
3695 4293
3695 7283
3695 8323
3695 8442
3695 9522
3695 9785
3696 4845
3696 5221
3696 5229
3696 5719
3696 6057
3696 8195
3696 8678
3696 9789
3696 9924
3697 3827
3697 4315
3697 4936
3697 6975
3697 8106
3697 8586
3698 4391
3698 5726
3698 6488
3698 6863
3698 8293
3698 8709
3698 8900
3699 4140
3699 4392
3699 5305
3699 8064
3699 8418
3699 8654
3700 4040
3700 4617
3700 5077
3700 7489
3700 8446
3700 9987
3701 4197
3701 4767
3701 6864
3702 4453
3702 5730
3702 6549
3702 9370
3702 9900
3703 5464
3703 5751
3703 5890
3703 7364
3703 9785
3703 9875
3704 4147
3704 4833
3704 6895
3704 6993
3704 8805
3704 9141
3705 5383
3705 7594
3705 8471
3705 8606
3705 9205
3706 3972
3706 5572
3706 8430
3706 9391
3706 9469
3707 3806
3707 4688
3707 4710
3707 6168
3707 7040
3707 7313
3707 7921
3707 8595
3707 9999
3708 4741
3708 6395
3708 7077
3708 9171
3709 4325
3709 4335
3709 4599
3709 4748
3709 4769
3709 4810
3709 5080
3709 9331
3710 4776
3710 7648
3710 8128
3710 8484
3710 9872
3711 4049
3711 5857
3711 6259
3711 7054
3711 8972
3711 9177
3711 9267
3711 9565
3711 9903
3712 4505
3712 5616
3712 6050
3712 7327
3713 4285
3713 4372
3713 4388
3713 6487
3713 6914
3713 7834
3713 7947
3713 9324
3713 9662
3713 9711
3714 6401
3714 6746
3714 8038
3714 8799
3714 9068
3715 3808
3715 5250
3715 8143
3715 8580
3716 4046
3716 4206
3716 4322
3716 5553
3716 5929
3716 6961
3716 7564
3716 9222
3717 5808
3717 9186
3717 9522
3718 4113
3718 5204
3718 5684
3718 6340
3718 7366
3718 7968
3719 4078
3719 4556
3719 6074
3720 6668
3720 6924
3720 7263
3720 8306
3720 8463
3720 8940
3720 9554
3720 9948
3721 3761
3721 4227
3721 5128
3721 5997
3721 9880
3722 3897
3722 4209
3722 4951
3722 4961
3722 7477
3722 8081
3722 8340
3722 8554
3722 8856
3722 9744
3723 4719
3723 5243
3723 6421
3723 6943
3723 9414
3724 3766
3724 4328
3724 6596
3724 7810
3724 8784
3724 8987
3725 4404
3725 5057
3725 5681
3725 6758
3725 7021
3725 9832
3726 4919
3726 6516
3726 8240
3726 8369
3726 8491
3726 9873
3727 3834
3727 4040
3727 6080
3727 6798
3727 7167
3727 8762
3727 8773
3728 5170
3728 9306
3729 5282
3729 7543
3729 8670
3729 8930
3730 4524
3730 4783
3730 5001
3730 6061
3730 6260
3730 7409
3730 8037
3730 9367
3730 9525
3731 4108
3731 5710
3731 7363
3731 7757
3731 7987
3731 8920
3731 9140
3732 3941
3732 4142
3732 4694
3732 6423
3732 8297
3732 9225
3733 4970
3733 5272
3733 6940
3733 8122
3733 8859
3734 4578
3734 5455
3734 5998
3734 6926
3734 7701
3734 8106
3734 8114
3734 8204
3734 8553
3735 4841
3735 6630
3736 5565
3736 8289
3736 8878
3736 9076
3736 9473
3737 4756
3737 6250
3737 7252
3737 9572
3738 4031
3738 4256
3738 4279
3738 5375
3738 6373
3738 8417
3738 9389
3738 9392
3738 9533
3739 4955
3739 6676
3739 7926
3739 8172
3739 8667
3740 5921
3740 6938
3741 6631
3741 8484
3741 8761
3741 9089
3742 6770
3742 7415
3742 7461
3742 8281
3742 9802
3743 3784
3743 3903
3743 4828
3743 5187
3743 5216
3743 6141
3743 6231
3743 6312
3743 8556
3744 3786
3744 4355
3744 4959
3744 9534
3745 5460
3745 8714
3746 4364
3746 8537
3746 9053
3747 3975
3747 5101
3747 8806
3747 8979
3748 3801
3748 4001
3748 4599
3748 6346
3748 7401
3749 4860
3749 5647
3749 8286
3749 8832
3750 3959
3750 5029
3750 5240
3750 8408
3750 9149
3750 9256
3751 4770
3751 7415
3751 8632
3752 4453
3752 5008
3752 5785
3752 7133
3752 7423
3752 8726
3752 9595
3753 5217
3753 5265
3753 6971
3754 4325
3754 6856
3754 8346
3754 9014
3754 9249
3755 3892
3755 4655
3755 4962
3755 5245
3755 5703
3755 8416
3756 4262
3756 5679
3756 7375
3756 7392
3756 7825
3756 8104
3756 8524
3756 8835
3756 9917
3757 4650
3757 4918
3757 7074
3757 8714
3758 5356
3758 6155
3758 7348
3758 9497
3759 3892
3759 4287
3759 4783
3759 5216
3759 5272
3759 6373
3759 7011
3759 7356
3760 4585
3760 5231
3760 6007
3760 7126
3760 7356
3760 7500
3760 8723
3761 5934
3761 6114
3761 8432
3762 4287
3762 5028
3762 6496
3762 7347
3762 7500
3762 9145
3763 3960
3763 4912
3763 6335
3763 7378
3764 4118
3764 4725
3764 4849
3764 4984
3764 6895
3765 4096
3765 7152
3765 9218
3766 4211
3766 4357
3766 5011
3766 6023
3766 6327
3766 8344
3767 6518
3767 6595
3767 6892
3767 7865
3767 9665
3768 4545
3768 4611
3768 4741
3768 5804
3768 6206
3768 8049
3768 8632
3768 9153
3768 9174
3769 4661
3769 4997
3769 5097
3769 6228
3769 6275
3769 6543
3769 6754
3769 8035
3769 8669
3769 9520
3770 4398
3770 4841
3770 9296
3771 3799
3771 3812
3771 3866
3771 4046
3771 4401
3771 4726
3771 7595
3771 7972
3772 6079
3772 6723
3773 3918
3773 4256
3773 4862
3773 4974
3773 5355
3773 5556
3773 5755
3773 6205
3773 9943
3774 4257
3774 4558
3774 5773
3774 7234
3775 5000
3775 5021
3775 6299
3775 6982
3775 8314
3775 8683
3775 8829
3775 9096
3775 9518
3775 9758
3776 5949
3776 7260
3776 7483
3776 7750
3777 4281
3777 4624
3777 4825
3777 5635
3777 6723
3777 7466
3777 8087
3777 8300
3777 9490
3778 4562
3778 7041
3778 9176
3779 4460
3779 5266
3779 5270
3779 6368
3779 7276
3779 8109
3779 8679
3779 9547
3779 9771
3780 4447
3780 5944
3780 6887
3780 7462
3780 8222
3780 8650
3781 5266
3781 5855
3781 6048
3781 9260
3782 5941
3782 6386
3782 6868
3782 8089
3782 8482
3782 9382
3782 9766
3783 4234
3783 9459
3784 4270
3784 6224
3784 6591
3784 7636
3785 3955
3785 4626
3785 7204
3785 8667
3785 9190
3785 9633
3785 9722
3786 4691
3786 5081
3786 6040
3786 6294
3786 6392
3786 6417
3786 6702
3786 7402
3786 8248
3786 9428
3786 9715
3787 7114
3788 5536
3788 9257
3788 9567
3788 9599
3788 9616
3788 9939
3789 4468
3789 4681
3789 6234
3790 4882
3790 4989
3790 6066
3790 6317
3790 6423
3790 6847
3790 7416
3790 8347
3790 8602
3790 9238
3790 9349
3791 6219
3791 8315
3791 9471
3791 9931
3792 5325
3792 7462
3792 8297
3792 8935
3793 3972
3793 4792
3793 5175
3793 5732
3793 6853
3793 7011
3794 5424
3794 6878
3794 7122
3794 8005
3794 8385
3794 8847
3794 9146
3795 4417
3795 5102
3795 5392
3795 6878
3795 7331
3795 7532
3796 5407
3796 5557
3796 5598
3796 7799
3796 8303
3796 8534
3796 9199
3797 4425
3797 5388
3797 6584
3797 8501
3797 8830
3798 4145
3798 4622
3798 6364
3798 6912
3798 7385
3798 9799
3799 4456
3799 4654
3799 8223
3799 8349
3799 9645
3800 7397
3800 7437
3800 9417
3800 9423
3800 9784
3801 3846
3801 4013
3801 4165
3801 5862
3801 6224
3801 6789
3801 7010
3801 8013
3802 5101
3802 5331
3802 6678
3803 4329
3803 4652
3803 4698
3803 5296
3803 5356
3803 6589
3803 7197
3803 7514
3803 8005
3803 8019
3803 8313
3803 8639
3803 8944
3804 3950
3804 4395
3804 4736
3804 4846
3804 6154
3804 7515
3804 7988
3804 8271
3804 8876
3805 5754
3805 6096
3805 6253
3805 6374
3805 7090
3805 7881
3805 8738
3805 8818
3806 4746
3806 4860
3806 6689
3806 8074
3806 9134
3806 9391
3807 3944
3807 4112
3807 4344
3807 4730
3807 5313
3807 5403
3807 5556
3807 5731
3807 6302
3807 6493
3807 7355
3807 7634
3807 7866
3807 8976
3807 9882
3808 6941
3808 7847
3808 8856
3808 8862
3808 9012
3808 9563
3809 4770
3809 5752
3810 3921
3810 5150
3810 7920
3810 8149
3810 8396
3810 9469
3811 4782
3811 5250
3811 7807
3811 8559
3811 8697
3811 9510
3812 4143
3812 5707
3812 6075
3812 8329
3812 8536
3812 8645
3813 4056
3813 5227
3813 5308
3813 5991
3813 6318
3813 7047
3813 7145
3813 7483
3814 3839
3814 5247
3814 5652
3814 5960
3814 7797
3814 7960
3814 8737
3814 8790
3814 8942
3814 9649
3815 4130
3815 5118
3815 5468
3815 6253
3815 8276
3815 8789
3815 9356
3815 9691
3816 4042
3816 4076
3816 4415
3816 5093
3816 6010
3816 6025
3816 6688
3816 8081
3816 9155
3817 4199
3817 4967
3817 5113
3817 5322
3817 5374
3817 5953
3817 6623
3817 7064
3817 7119
3817 9165
3817 9518
3817 9546
3818 4406
3818 4463
3818 4575
3818 4889
3818 7819
3818 8141
3818 9287
3818 9511
3819 3831
3819 4158
3819 4410
3819 4870
3819 4922
3819 5498
3819 5611
3819 6029
3819 6818
3819 7205
3819 7346
3819 7997
3820 8570
3820 8702
3821 5449
3821 5560
3821 5603
3822 6031
3822 6534
3822 9324
3823 4624
3823 4951
3823 6396
3823 6733
3823 7148
3823 7880
3823 7940
3823 8698
3823 9324
3823 9981
3824 5961
3824 6779
3824 8894
3824 9694
3825 4084
3825 4700
3825 5402
3825 5534
3825 5904
3825 5917
3825 7655
3825 8140
3825 9650
3825 9734
3826 4894
3826 6369
3826 9778
3827 6162
3827 7783
3828 3842
3828 4292
3828 5117
3828 7126
3828 7232
3828 7739
3828 7779
3828 8666
3828 9232
3828 9502
3829 4283
3829 4946
3829 5826
3829 5872
3829 6079
3829 7271
3829 7976
3829 8412
3829 8424
3830 5011
3830 5564
3830 5629
3830 5641
3830 5793
3830 7005
3831 4016
3831 4726
3831 4777
3831 5198
3831 6599
3831 8509
3831 9897
3832 7561
3832 7770
3832 7859
3832 8605
3833 5011
3833 8020
3834 5429
3834 7948
3834 8294
3834 9453
3834 9887
3835 4547
3835 4864
3835 5119
3835 5602
3835 5970
3836 5629
3836 5674
3836 5807
3836 7190
3836 7654
3836 9110
3837 4121
3837 4371
3837 4585
3837 5353
3837 5953
3837 6363
3837 8393
3837 9993
3838 5323
3838 5883
3838 5975
3838 6156
3838 8543
3838 8953
3839 3884
3839 4203
3839 6924
3839 7612
3839 8551
3839 9926
3840 4136
3840 5691
3840 5796
3840 7896
3840 8401
3840 8636
3840 8655
3841 5336
3841 8380
3841 8866
3842 4026
3842 4497
3842 4861
3842 7324
3842 7682
3842 7799
3842 8119
3842 9803
3843 5460
3843 7557
3843 7683
3843 8828
3844 3998
3844 4410
3844 5392
3844 8558
3844 9851
3845 4159
3845 4339
3845 4416
3845 7285
3845 7818
3845 7944
3845 8411
3845 8780
3845 9338
3846 4587
3846 4908
3846 5080
3846 5248
3846 8629
3846 9549
3847 4831
3847 5981
3847 6329
3847 7642
3847 7646
3847 8419
3848 4100
3848 5268
3848 6900
3848 7845
3849 6701
3849 6726
3849 8286
3849 8307
3849 8435
3849 9608
3850 3916
3850 4132
3850 4182
3850 6133
3850 7260
3850 7653
3850 7684
3850 8401
3850 8458
3851 4819
3851 5700
3851 6596
3851 7542
3851 8212
3851 8975
3852 4173
3852 4533
3852 6140
3852 7284
3852 8073
3852 8809
3852 9057
3853 4046
3853 4092
3853 4847
3853 5992
3853 6196
3853 6345
3853 6947
3853 7051
3853 8513
3853 9058
3854 7434
3854 8327
3854 8340
3854 8558
3854 9192
3855 5081
3855 5696
3855 6017
3855 7141
3855 8049
3856 4994
3856 5671
3856 6181
3856 6487
3856 8296
3856 9231
3857 5006
3857 6823
3857 7132
3857 9566
3858 4088
3858 7765
3858 7932
3858 8160
3858 8406
3858 9048
3858 9191
3859 4160
3859 9151
3859 9817
3860 4845
3860 4939
3860 5186
3860 6451
3861 4928
3861 5030
3861 5336
3861 5479
3861 6343
3861 7128
3861 8138
3861 8943
3861 9635
3861 9923
3862 4218
3862 4287
3862 5118
3862 5347
3862 6045
3862 9048
3863 4691
3863 5551
3863 8623
3863 8814
3864 3880
3864 4272
3864 5217
3864 7360
3864 9438
3865 4725
3865 6919
3865 8555
3865 9101
3865 9676
3866 4708
3866 6300
3866 7038
3866 7343
3866 8291
3866 8321
3866 9975
3866 9987
3867 4153
3867 5368
3867 6478
3867 7400
3867 8165
3867 9632
3868 6986
3869 4855
3869 6964
3869 7955
3869 8868
3869 9188
3869 9243
3870 5184
3870 5875
3870 7605
3870 7622
3870 7938
3870 8017
3870 8220
3870 9900
3871 3911
3871 4648
3871 5380
3871 5387
3871 5409
3871 5410
3871 5821
3871 6276
3871 9597
3871 9610
3872 5024
3872 6030
3872 6088
3872 6508
3872 7497
3872 7575
3872 7692
3872 7910
3872 8838
3873 4502
3873 5286
3873 5699
3873 5916
3873 9671
3874 5044
3874 7981
3875 4745
3875 5536
3875 6828
3875 7523
3875 8127
3875 8610
3876 4288
3876 6550
3876 6973
3876 7760
3876 8144
3876 8931
3877 6075
3877 6856
3877 8490
3877 8985
3878 3946
3878 5433
3878 6093
3878 6321
3878 7611
3878 9305
3879 6099
3879 6541
3879 6709
3879 7688
3879 8696
3880 4104
3880 4118
3880 6488
3880 7578
3880 9614
3881 3936
3881 5538
3881 5721
3881 7063
3881 7747
3881 8077
3881 8136
3881 8834
3882 4801
3882 5474
3883 4551
3883 6422
3883 7779
3883 7825
3883 8026
3883 8577
3883 9336
3884 4905
3884 5457
3884 6467
3884 6923
3884 7769
3884 8718
3884 8811
3884 8999
3884 9213
3884 9690
3885 4450
3885 8853
3886 4449
3886 5901
3886 6163
3886 6270
3886 6503
3886 8364
3886 9190
3887 4597
3887 7344
3887 8828
3887 9267
3888 4445
3888 6484
3888 6597
3888 7528
3888 7654
3888 8698
3888 9632
3888 9849
3889 4535
3889 6199
3889 6568
3889 6663
3889 8351
3889 8477
3889 8819
3890 4303
3890 4519
3890 5426
3890 9387
3890 9501
3891 4097
3891 4321
3891 4491
3891 4658
3891 8606
3891 9172
3892 4022
3892 4859
3892 5947
3892 7158
3892 7583
3892 7608
3893 3931
3893 4241
3893 4751
3893 6087
3893 6641
3893 6795
3893 8226
3893 8603
3894 4709
3894 4726
3894 6249
3894 8564
3895 6582
3895 7262
3895 7934
3895 8079
3895 8101
3895 8703
3895 9374
3896 4350
3896 5549
3896 6396
3896 8559
3896 8624
3897 4627
3897 5218
3897 6754
3897 7027
3897 7097
3898 5130
3898 7052
3898 7569
3899 5767
3899 6182
3899 6798
3899 7652
3899 9551
3899 9918
3899 9974
3900 4480
3900 7455
3900 7597
3900 8789
3901 8018
3901 9852
3901 9951
3902 4155
3902 5950
3902 5982
3902 5997
3902 7276
3902 7644
3902 9347
3903 4930
3903 7066
3903 7758
3903 7972
3904 5238
3904 6752
3904 6878
3904 7385
3904 8472
3904 9420
3904 9869
3905 4029
3905 4151
3905 4806
3905 5067
3905 7284
3905 8070
3906 3911
3906 5745
3906 6572
3906 9377
3906 9603
3907 4806
3907 5075
3907 6015
3907 8174
3907 8503
3907 9949
3908 5020
3908 9860
3909 4289
3909 5003
3909 5979
3909 7304
3909 8862
3909 9095
3909 9528
3910 4708
3910 5362
3910 8424
3910 8653
3910 9781
3911 5754
3911 5862
3911 7432
3911 7933
3911 7938
3912 4300
3912 5653
3912 6133
3912 6674
3912 6936
3912 8715
3913 6107
3913 8719
3914 4097
3914 4791
3914 6575
3914 7670
3914 7938
3914 8553
3914 8891
3915 6209
3915 6438
3915 6803
3915 7946
3915 8623
3915 9588
3916 4119
3916 4611
3916 5467
3916 8200
3916 8819
3917 4959
3917 5902
3917 5909
3917 8020
3917 9576
3917 9901
3918 4160
3918 4469
3918 6506
3918 6673
3918 7443
3918 7751
3918 9124
3918 9466
3919 4048
3919 4801
3919 5222
3919 6695
3919 7520
3919 7605
3919 8724
3920 4695
3920 4980
3921 4914
3921 6190
3921 8543
3921 8798
3921 8969
3922 4407
3922 4550
3922 4825
3922 4881
3922 6295
3922 6873
3922 8421
3922 9148
3923 4007
3923 7462
3923 7789
3923 7977
3924 5104
3924 5604
3924 6072
3924 6716
3924 9266
3925 4313
3925 4544
3925 5477
3925 6156
3925 6680
3925 6992
3925 7056
3925 8166
3925 8496
3925 8688
3926 4473
3926 4595
3926 4767
3926 5455
3926 5496
3926 8044
3926 8294
3926 9626
3927 4213
3927 4339
3927 4794
3927 4886
3927 7456
3927 9253
3928 6088
3929 4091
3929 4498
3929 5467
3929 6620
3929 6738
3929 7809
3929 8243
3929 8557
3929 9362
3929 9799
3930 5743
3930 6956
3930 7980
3930 8215
3930 8226
3930 8345
3930 8800
3930 9285
3930 9668
3931 4498
3931 6312
3932 4436
3932 5143
3932 5788
3932 6175
3932 6698
3932 8264
3933 5515
3933 6263
3933 6583
3933 6801
3933 7006
3933 7288
3933 8320
3933 8588
3933 9251
3933 9633
3934 3948
3934 4202
3934 6782
3934 7762
3935 5310
3935 5365
3935 7559
3935 8262
3935 8409
3935 9385
3936 4399
3936 7669
3936 8180
3937 4852
3937 6426
3937 6665
3937 7313
3937 9744
3938 5925
3938 8991
3938 9109
3938 9296
3939 4241
3939 4724
3939 4901
3939 6104
3939 7646
3939 8119
3939 9295
3939 9660
3939 9674
3940 4206
3940 5081
3940 5550
3940 7660
3940 9583
3940 9994
3941 5285
3941 5450
3941 6075
3941 7397
3941 8113
3941 9353
3941 9663
3942 5513
3942 5537
3942 5723
3942 6878
3942 8476
3942 9140
3942 9353
3943 4025
3943 5760
3943 6305
3943 6961
3943 7513
3943 8039
3943 9400
3944 5516
3944 6174
3944 7446
3944 7706
3944 8812
3944 8903
3944 9391
3944 9396
3945 5045
3945 9562
3945 9609
3945 9876
3946 4625
3946 4832
3946 6014
3946 8362
3946 8403
3946 8988
3946 9455
3947 4191
3947 4269
3947 5516
3947 6948
3947 8694
3947 9659
3948 4910
3948 6188
3948 7427
3948 8028
3948 8923
3949 4055
3949 4875
3949 5110
3949 5269
3949 5351
3949 6287
3949 6963
3949 8052
3949 9295
3949 9913
3950 4977
3950 5781
3950 6052
3950 6872
3950 7023
3950 7312
3950 7773
3950 8480
3950 9332
3950 9711
3950 9789
3951 7002
3951 8178
3951 8703
3951 9046
3951 9646
3951 9676
3951 9758
3952 5276
3952 5462
3952 7149
3952 7782
3952 8284
3952 8719
3952 9766
3953 4106
3953 4305
3953 9088
3953 9927
3953 9944
3954 4523
3954 5894
3954 6157
3954 6551
3954 7145
3954 7357
3954 7460
3954 7495
3954 9171
3955 4086
3955 5556
3955 6155
3955 8676
3955 8735
3956 6339
3956 7222
3956 9352
3957 5125
3957 5507
3957 5618
3957 5622
3957 6564
3957 7247
3957 9040
3957 9774
3958 4568
3958 6321
3958 7984
3958 8152
3958 9750
3958 9868
3959 5986
3960 4196
3960 4470
3960 4989
3960 7055
3960 7639
3960 8699
3960 9108
3961 3990
3961 6236
3961 6694
3961 6993
3961 8765
3961 8803
3962 4170
3962 4714
3962 4721
3962 6052
3962 6317
3962 6640
3962 6771
3962 7147
3962 7383
3962 8440
3963 4046
3963 5188
3963 7039
3963 8007
3963 8367
3963 8807
3964 5078
3964 5673
3964 6411
3964 8663
3964 9939
3965 4642
3965 5379
3965 5454
3965 5735
3965 5995
3965 6613
3965 6762
3965 9968
3966 4468
3966 6178
3966 7997
3966 8976
3966 9007
3966 9482
3966 9615
3967 4937
3967 6642
3967 8635
3968 4321
3968 5162
3968 5280
3968 6113
3968 6222
3968 6660
3968 9441
3968 9626
3968 9825
3969 4760
3969 7564
3969 7735
3969 8081
3969 9216
3969 9267
3970 4741
3970 5212
3970 6084
3970 7216
3970 7275
3970 7668
3970 8789
3970 8871
3970 9582
3970 9806
3971 4114
3971 4571
3971 4806
3971 5625
3971 5914
3971 6935
3971 7035
3971 8350
3971 8638
3971 9683
3971 9884
3972 4824
3972 6297
3972 7598
3972 7730
3972 8708
3972 8891
3972 9043
3972 9803
3973 4228
3973 4329
3973 4976
3973 5431
3973 6075
3973 6315
3973 7574
3973 8012
3973 8520
3973 9878
3973 9971
3974 4186
3974 6725
3974 7932
3974 9032
3974 9993
3975 4667
3975 5246
3975 5631
3975 8461
3975 9826
3976 4946
3976 5033
3976 6041
3976 6293
3976 6445
3976 6909
3976 7102
3976 7626
3976 8245
3977 5557
3977 5591
3977 9020
3978 5293
3978 5932
3978 7597
3978 9126
3978 9322
3978 9402
3978 9671
3978 9968
3979 4278
3979 5266
3979 6149
3979 6503
3979 7129
3979 8546
3979 9952
3980 8488
3980 9053
3980 9540
3980 9880
3981 5591
3981 7063
3981 7459
3981 8328
3982 4302
3982 5429
3982 6981
3982 7486
3982 7666
3982 8352
3982 8878
3983 4282
3983 4733
3983 4887
3983 5818
3983 6531
3983 6606
3983 6692
3983 7125
3983 8549
3983 9789
3984 5769
3984 6186
3984 6223
3984 7013
3984 8826
3984 8991
3985 6795
3985 8586
3986 4808
3986 5077
3986 5191
3986 6693
3986 8266
3986 9276
3987 4722
3987 6194
3987 6410
3987 6958
3987 7108
3987 7555
3987 8522
3987 8578
3987 9214
3987 9938
3987 9975
3988 4716
3988 5905
3988 6454
3988 7329
3988 7602
3988 7890
3988 8099
3988 8861
3988 9769
3989 4431
3989 4783
3989 4800
3989 6055
3989 6322
3989 9881
3990 3996
3990 4781
3990 6316
3990 6659
3990 7233
3990 7859
3990 8315
3990 9282
3991 4624
3991 5556
3991 5820
3991 6106
3991 7433
3992 4501
3992 6030
3992 6174
3992 7784
3993 5470
3993 6752
3993 6867
3993 7315
3993 8707
3993 9048
3993 9733
3994 4131
3994 5078
3994 5979
3994 8086
3994 8504
3994 9903
3995 5148
3995 5857
3995 6266
3995 7329
3995 8292
3995 8818
3995 9034
3996 4707
3996 5497
3996 5863
3996 8772
3996 9192
3997 4039
3997 4261
3997 4945
3997 5056
3997 5750
3997 7573
3997 8204
3997 8383
3997 8681
3997 9266
3997 9525
3998 5572
3998 5581
3998 5800
3998 9236
3998 9501
3999 5880
3999 6368
3999 9470
4000 4747
4000 4983
4000 5890
4000 7000
4001 4061
4001 4837
4001 6295
4001 7270
4001 7329
4001 7455
4001 8160
4001 8412
4002 4376
4002 4867
4002 5094
4002 5414
4002 5943
4002 6282
4002 6324
4002 7290
4002 7410
4003 4353
4003 4529
4003 6209
4003 6783
4003 8671
4003 9768
4004 4170
4004 4827
4004 6251
4004 7655
4005 4061
4005 4444
4005 5097
4005 5191
4005 6945
4005 8612
4005 8703
4005 9244
4005 9510
4006 4251
4006 5196
4006 5689
4006 8259
4006 8657
4006 8932
4007 5421
4007 5445
4007 5586
4007 5684
4007 7349
4007 7424
4007 8190
4007 8692
4007 9423
4008 4618
4008 5113
4008 5116
4008 5888
4008 6803
4008 7660
4008 8419
4008 9106
4009 4042
4009 6944
4009 7165
4010 4019
4010 4945
4010 6108
4010 7851
4010 8915
4011 5121
4011 7091
4011 7408
4011 7439
4011 7701
4011 7898
4011 9337
4012 5331
4012 7617
4013 5233
4014 4309
4014 4394
4014 4901
4014 4936
4014 4979
4014 5861
4014 5960
4014 6541
4014 6854
4014 6922
4014 7107
4014 7491
4014 9960
4015 7898
4015 8447
4015 8520
4015 8532
4015 8658
4016 4638
4016 5640
4016 5643
4016 5783
4016 7882
4016 7930
4016 8903
4017 4251
4017 4450
4017 4458
4017 4915
4017 7403
4017 7982
4017 8088
4017 8726
4017 9823
4017 9940
4018 4174
4018 4800
4018 4839
4018 5056
4018 5747
4018 6074
4018 6484
4018 6504
4018 7305
4018 8235
4019 4939
4019 5818
4019 6092
4019 7058
4019 8386
4019 8674
4020 4346
4020 5575
4020 8653
4020 8822
4020 9103
4020 9750
4021 4368
4021 5321
4021 6573
4021 8774
4021 8917
4022 4201
4022 4213
4022 4398
4022 4434
4022 5209
4022 6530
4022 9166
4022 9569
4022 9596
4023 4939
4023 7461
4023 7738
4023 8500
4023 8647
4023 9142
4024 5044
4024 5566
4024 6002
4024 6392
4024 6766
4024 7102
4024 8922
4024 9347
4024 9448
4025 4571
4025 4776
4025 5083
4025 8447
4025 8836
4025 9296
4026 5173
4026 6828
4026 8275
4026 9525
4026 9574
4027 5754
4027 6647
4027 6662
4027 7292
4027 7523
4027 8031
4028 6672
4028 8874
4028 9021
4029 5272
4029 5540
4029 5624
4029 7931
4029 8473
4029 8531
4029 9526
4030 7656
4031 5184
4031 5720
4031 6565
4031 6940
4031 7129
4031 7705
4031 7955
4031 9788
4032 8264
4032 8654
4032 9123
4032 9928
4033 5758
4033 7098
4033 7587
4033 8160
4033 8646
4034 5612
4034 5783
4034 5858
4034 6596
4034 6759
4034 6944
4034 8262
4034 8406
4034 9930
4035 4509
4035 5498
4035 5731
4035 6315
4035 6988
4035 7131
4035 7860
4035 8364
4035 9036
4035 9680
4035 9992
4036 4109
4036 4273
4036 4274
4036 5180
4036 5195
4036 5423
4036 5436
4036 5502
4036 5898
4036 6526
4036 6593
4036 6821
4036 7631
4036 7748
4036 7980
4036 8517
4036 8835
4036 9015
4036 9575
4037 4387
4037 4701
4037 6190
4037 7381
4037 8185
4037 8401
4037 9706
4038 6490
4038 6782
4039 4416
4039 6014
4039 7965
4039 8774
4040 4642
4040 5254
4040 5641
4040 5899
4040 6852
4041 4444
4041 4703
4041 5069
4041 6989
4041 7392
4041 9961
4042 4970
4042 7574
4042 7593
4042 7685
4042 8088
4042 8517
4042 9939
4043 5564
4043 5575
4043 7998
4043 8517
4043 9148
4044 4871
4044 6872
4044 8448
4044 8648
4044 8656
4045 4690
4046 4886
4046 5413
4046 6478
4046 7329
4047 4521
4047 4721
4047 7197
4047 8445
4047 8488
4047 8724
4047 9129
4048 5078
4048 5626
4048 5984
4048 8730
4048 9391
4049 5288
4049 5605
4049 6090
4049 8078
4049 8929
4049 9527
4049 9977
4050 4127
4050 5343
4050 6620
4050 6658
4050 7952
4050 9599
4051 4841
4051 5538
4051 7845
4051 8119
4051 8192
4051 8342
4051 8604
4052 4123
4052 4795
4052 7736
4053 5248
4053 9505
4053 9762
4054 4165
4054 4178
4054 4257
4054 5157
4054 5427
4054 5945
4054 6392
4054 7603
4054 7651
4054 7841
4054 8342
4055 4711
4055 5277
4055 6178
4055 8598
4055 9068
4055 9738
4056 4295
4056 4427
4056 4548
4056 5117
4056 8199
4057 4342
4057 4637
4057 4775
4057 4823
4057 5899
4057 6149
4057 6816
4057 7835
4057 8545
4057 9994
4058 4436
4059 4160
4059 4625
4059 7268
4059 8403
4060 4331
4060 4451
4060 4730
4060 5827
4060 6373
4060 6963
4060 7018
4060 7296
4060 7682
4060 7721
4060 8098
4060 9979
4061 5429
4061 6987
4061 7021
4061 7112
4061 7831
4061 8403
4061 8768
4061 9558
4061 9845
4062 4549
4062 7880
4062 8266
4062 9235
4063 4616
4063 4973
4063 5343
4063 6681
4063 7237
4063 8274
4063 8571
4063 8986
4064 5725
4064 7294
4064 8545
4065 4574
4065 4835
4065 4845
4065 5041
4065 5949
4065 7346
4065 8749
4066 4079
4066 5384
4066 6119
4066 6339
4066 6532
4067 5042
4067 5151
4067 5928
4067 8312
4067 9264
4068 4194
4068 4316
4068 4335
4068 8107
4068 9806
4069 4242
4069 4292
4069 4687
4069 4866
4069 5224
4069 5596
4069 7082
4069 7286
4069 9338
4069 9980
4069 9999
4070 4533
4070 4855
4070 4879
4070 5492
4070 5506
4070 6275
4070 7069
4070 8352
4070 9468
4071 4466
4071 4491
4071 5243
4071 5735
4071 6551
4071 7302
4071 8490
4071 9788
4072 6118
4072 6549
4072 6667
4072 6761
4072 6948
4072 7575
4072 8472
4072 9965
4073 4134
4073 4268
4073 7087
4073 7536
4073 8059
4073 8122
4073 9365
4073 9500
4074 4125
4074 5979
4074 6060
4074 6067
4074 6687
4074 8210
4075 4474
4075 6005
4075 7185
4075 9109
4076 4136
4076 4708
4076 8185
4076 9625
4077 5252
4077 5897
4077 6666
4077 9235
4077 9672
4078 5321
4078 5644
4078 6100
4078 6542
4078 7436
4078 8131
4078 8324
4079 4462
4079 5247
4079 5761
4079 5862
4079 6893
4079 7141
4079 7236
4079 8669
4079 9084
4080 6605
4080 6719
4080 7432
4080 7674
4080 8213
4081 4106
4081 4634
4081 4976
4081 7044
4081 7665
4082 4162
4082 4930
4082 6406
4082 7127
4082 7289
4082 7655
4082 7809
4082 9198
4082 9710
4083 5617
4083 6355
4083 8959
4084 6384
4084 7998
4084 9927
4085 4773
4085 5241
4085 5682
4085 6225
4085 6276
4085 6661
4085 6763
4085 8853
4085 9058
4086 4867
4086 4972
4086 5246
4086 5523
4086 8639
4086 9425
4087 6091
4087 7415
4087 7775
4087 8412
4087 9261
4088 5574
4088 7481
4088 7765
4088 8382
4089 4877
4089 5146
4089 5679
4089 5714
4089 6230
4089 6744
4089 7344
4089 8486
4089 8635
4089 9462
4089 9956
4090 5272
4090 5959
4090 6333
4090 6965
4090 7329
4090 7347
4090 7401
4090 7792
4091 5521
4091 6313
4091 7295
4091 9142
4092 4201
4092 5380
4092 6191
4092 7060
4092 9504
4092 9551
4093 4506
4093 4525
4093 9234
4094 5302
4094 5589
4094 7007
4094 7085
4094 7480
4094 7952
4094 9560
4095 4514
4095 4529
4095 5523
4095 6003
4095 7098
4095 8843
4095 8927
4096 5848
4096 6099
4096 6206
4096 7477
4096 8924
4096 9848
4097 5477
4097 6186
4097 8067
4097 8069
4097 8241
4097 8515
4098 4359
4098 4424
4098 4524
4098 4851
4098 6095
4098 6240
4098 7484
4098 8480
4098 9565
4099 4305
4099 4999
4099 6829
4099 6857
4099 7894
4099 8296
4099 9330
4100 5348
4100 6071
4100 6575
4100 7875
4100 9324
4101 4116
4101 4722
4101 4861
4101 6124
4101 8229
4102 5193
4102 6126
4102 6957
4102 8482
4102 9619
4103 5012
4103 5324
4103 5951
4103 6639
4103 7025
4103 7235
4103 7238
4103 7321
4104 4265
4104 5240
4104 6127
4104 7416
4104 8684
4104 9121
4105 5796
4105 5995
4105 7007
4105 7203
4105 7205
4105 7340
4105 9348
4106 4742
4106 6123
4106 7177
4106 7412
4106 8098
4107 5793
4107 5908
4107 6993
4108 4602
4108 5279
4108 5413
4108 5748
4108 6711
4108 7311
4108 7442
4108 8869
4108 9712
4109 6069
4109 6219
4109 7961
4109 9109
4109 9147
4109 9598
4110 4245
4110 5103
4110 5542
4110 5548
4110 5660
4110 5847
4110 6425
4110 7391
4110 7598
4110 7616
4110 8078
4110 8333
4110 8844
4110 9619
4111 4809
4111 4982
4111 5252
4111 6597
4111 7485
4111 8716
4111 9231
4111 9531
4112 6049
4112 7765
4112 8231
4112 8905
4112 9361
4113 4996
4113 5197
4113 5730
4113 7621
4113 7674
4113 8678
4113 8698
4114 4487
4114 5079
4114 5696
4114 5758
4114 7709
4114 7765
4114 7985
4114 8937
4115 4524
4115 5325
4115 5357
4115 6119
4115 6975
4115 7403
4115 8302
4115 9340
4115 9698
4116 4330
4116 4515
4116 5420
4116 6704
4116 8899
4117 5187
4117 5373
4117 6754
4118 5376
4118 5842
4118 5909
4118 7898
4118 8007
4118 9537
4119 5101
4119 7076
4119 8300
4119 8498
4120 6167
4120 7803
4121 4506
4121 6622
4121 7086
4122 4616
4122 4684
4122 5116
4122 6927
4122 7801
4122 8169
4123 4559
4123 5800
4123 6856
4123 7474
4123 8161
4123 8453
4123 8670
4123 9331
4123 9791
4124 4523
4124 5150
4124 6733
4124 8266
4124 8656
4124 8657
4124 8844
4124 9973
4125 4314
4125 4848
4125 5315
4125 5517
4125 5713
4125 6250
4125 6598
4125 7182
4125 8342
4125 8395
4125 8511
4126 4406
4126 6312
4126 7616
4126 8140
4126 8511
4127 4845
4127 6326
4127 6353
4127 7805
4127 9268
4127 9554
4127 9919
4128 4153
4128 4399
4128 4442
4128 5007
4128 5022
4128 9448
4128 9629
4129 4143
4129 5645
4129 5898
4130 5971
4130 6924
4130 7971
4130 8112
4130 9364
4130 9401
4131 4318
4131 5027
4131 5611
4131 5633
4131 6235
4131 6484
4131 8864
4131 9122
4131 9170
4132 4268
4132 6805
4132 7273
4133 4226
4133 4235
4133 4242
4133 4312
4133 6150
4133 6566
4133 6761
4133 7188
4133 9193
4134 6797
4134 8097
4134 9125
4135 5095
4135 6238
4135 8744
4135 9628
4136 4551
4136 6061
4136 6521
4136 7144
4136 7258
4136 7546
4136 7761
4136 7849
4136 8251
4136 9555
4137 6239
4137 9136
4138 5641
4138 5862
4138 7884
4138 7992
4139 5586
4139 5847
4139 6484
4139 7010
4139 7130
4139 8048
4139 8310
4140 7873
4140 8921
4140 9686
4140 9977
4141 4358
4141 5333
4141 6742
4142 4812
4142 4999
4142 5052
4142 5441
4142 6399
4142 6505
4142 7736
4142 8124
4142 8324
4143 5403
4143 9358
4144 8371
4144 8587
4144 8920
4144 9321
4145 4814
4145 5247
4145 5262
4145 6678
4145 7254
4145 9518
4146 6016
4146 6960
4146 7548
4146 9570
4146 9571
4147 5603
4147 5787
4147 7935
4147 9182
4148 6009
4148 6790
4148 7594
4148 9695
4148 9772
4149 5342
4149 9534
4150 4326
4150 7378
4150 7849
4150 8158
4151 4486
4151 4603
4151 4732
4151 6713
4151 7805
4151 8058
4151 8942
4152 5013
4152 5653
4152 7763
4152 8628
4153 5281
4153 7821
4153 7969
4153 7971
4154 5854
4154 6843
4154 7302
4154 7656
4155 4165
4155 7281
4155 8558
4155 8581
4155 9377
4155 9633
4156 4670
4156 5156
4156 6960
4156 7136
4156 7278
4156 8647
4156 9041
4157 4718
4157 7719
4157 8852
4157 9779
4158 5807
4158 5883
4158 6464
4158 7341
4158 7449
4158 7545
4158 8081
4158 8931
4158 9155
4158 9818
4159 6359
4159 7461
4159 8667
4159 9694
4159 9794
4160 4527
4160 4639
4160 4794
4160 5540
4160 7805
4161 6985
4161 7001
4161 9184
4161 9738
4162 4250
4162 4854
4162 5648
4162 5879
4162 6606
4162 8192
4162 8722
4162 9803
4163 5943
4163 7565
4163 8120
4163 8392
4163 8464
4164 4263
4164 4498
4164 4676
4164 4914
4164 6064
4164 6731
4165 5449
4165 6370
4165 7786
4165 8716
4166 4710
4166 5300
4166 7225
4166 8288
4166 9533
4166 9732
4167 4612
4167 4652
4167 5833
4167 9114
4168 6176
4168 7013
4168 9709
4168 9889
4169 4563
4169 6155
4169 7634
4169 8770
4170 5985
4170 6875
4170 6945
4170 7399
4170 7543
4170 8094
4171 4587
4171 5156
4171 6610
4171 7108
4171 8794
4172 5337
4172 5478
4172 5926
4172 6479
4172 6746
4172 8159
4172 8224
4172 9248
4173 6083
4173 7429
4173 9643
4174 8760
4174 9181
4174 9636
4175 4539
4175 5686
4175 5798
4175 7520
4175 8019
4175 8163
4175 8594
4175 9763
4176 5681
4176 6494
4176 6739
4176 6899
4176 8392
4177 5688
4177 6075
4177 6980
4177 8993
4178 6094
4178 6506
4178 9113
4178 9598
4179 4525
4179 6401
4179 7918
4180 5950
4180 6528
4180 8488
4180 9416
4180 9690
4180 9927
4181 4596
4181 7912
4182 7787
4182 8617
4183 4372
4183 5502
4183 6135
4183 6185
4183 7509
4183 7722
4183 9232
4184 4622
4184 5378
4184 6383
4184 6743
4184 7742
4184 9039
4184 9130
4185 7290
4185 7557
4185 7828
4185 8078
4185 8364
4185 8644
4185 9898
4186 4581
4186 5073
4186 8347
4187 4591
4187 4983
4187 7991
4188 4294
4188 5756
4188 5902
4188 7887
4188 8466
4188 8735
4188 9441
4188 9863
4189 6390
4189 6871
4189 8888
4190 5855
4190 6351
4190 6598
4190 9356
4190 9861
4191 4373
4191 6186
4191 7082
4191 7788
4191 9241
4192 5082
4192 5184
4192 6042
4192 6237
4192 6620
4192 8834
4192 8849
4192 9075
4193 5797
4193 7039
4193 7328
4193 7496
4193 8793
4194 4306
4194 4592
4194 5257
4194 6216
4194 7052
4194 7673
4194 9584
4195 7032
4195 7051
4195 8368
4195 8519
4195 9158
4195 9566
4196 4542
4196 4651
4196 6931
4196 7011
4196 7348
4196 7549
4197 5062
4197 5175
4197 7960
4197 8987
4198 4562
4198 7990
4198 8794
4198 9293
4198 9983
4199 5729
4199 6085
4199 6677
4199 6963
4199 7350
4199 7764
4199 8090
4199 9161
4199 9749
4199 9953
4200 4818
4200 4960
4200 5794
4200 5941
4200 8172
4200 8979
4201 4417
4201 5433
4201 5705
4201 6808
4201 6883
4201 7101
4201 7234
4201 8553
4201 9018
4201 9561
4202 5170
4202 5322
4202 7114
4202 8622
4203 4705
4203 6347
4203 9790
4203 9948
4204 5320
4204 7264
4204 9902
4205 4878
4205 7593
4205 9852
4206 4647
4206 7000
4206 8433
4206 8524
4207 4335
4207 4642
4207 5001
4207 5690
4207 6282
4207 7444
4207 8194
4207 9541
4207 9784
4207 9999
4208 6046
4208 7035
4208 7920
4208 8914
4209 4881
4209 6773
4209 7119
4209 8229
4209 8729
4210 5946
4210 7168
4210 8423
4210 8487
4210 9462
4211 4450
4211 4781
4211 5043
4211 5173
4211 5294
4211 7870
4211 8958
4211 9729
4212 4290
4212 6586
4212 6958
4212 7958
4212 8568
4213 6387
4213 7346
4213 7780
4213 7859
4213 7904
4214 5020
4214 5471
4214 6253
4214 6268
4214 7365
4214 8354
4214 9993
4215 7769
4215 8555
4215 9132
4216 4379
4216 6097
4216 6635
4216 6841
4216 7295
4216 8347
4216 9685
4217 4758
4217 5380
4217 6501
4217 9059
4218 4242
4218 7309
4218 8648
4219 7156
4219 7334
4220 4568
4220 6377
4220 7097
4220 7742
4220 8748
4220 9245
4221 4954
4221 6000
4221 6764
4221 7092
4221 9083
4222 4711
4222 4936
4222 5394
4222 6963
4222 7196
4222 8510
4222 8552
4222 8898
4223 4297
4223 4574
4223 5954
4223 5994
4223 6672
4223 6776
4223 7687
4223 7740
4223 8137
4224 4661
4224 6298
4224 6864
4224 7877
4225 4339
4225 4367
4225 4662
4225 8717
4225 9486
4226 5602
4226 8077
4226 8412
4226 9251
4226 9737
4226 9997
4227 4526
4227 4637
4227 4863
4227 5535
4227 5751
4227 6006
4227 6064
4227 8996
4227 9674
4228 4422
4228 5713
4228 5770
4228 5788
4228 7494
4228 8892
4228 9082
4228 9169
4229 4313
4229 5153
4229 5446
4229 8332
4230 4797
4230 4970
4230 5076
4230 5995
4230 8688
4230 8725
4230 9214
4231 5665
4231 6429
4231 6905
4231 7221
4231 7671
4231 8631
4231 9262
4232 4919
4232 5353
4232 6852
4232 7175
4232 7492
4232 8607
4232 9437
4233 6451
4233 6722
4233 7487
4233 9095
4233 9848
4234 6030
4234 6628
4234 6741
4234 8676
4234 9991
4235 4364
4235 4530
4235 6475
4235 7369
4235 8257
4235 9004
4235 9533
4235 9760
4236 4588
4236 5171
4236 9527
4236 9637
4236 9721
4236 9829
4237 5090
4237 8597
4238 4454
4238 5077
4238 5134
4238 5197
4238 7932
4238 8113
4238 8783
4238 8957
4239 5922
4239 6963
4239 8262
4239 8277
4239 8465
4239 9923
4240 4362
4240 5063
4240 6305
4240 7514
4240 9248
4241 6130
4241 6939
4241 7744
4242 5164
4242 5393
4242 5559
4242 6685
4242 7758
4242 8643
4242 9615
4243 5178
4243 6215
4243 6966
4243 8094
4243 8890
4244 4373
4244 4582
4244 4746
4244 7084
4244 8691
4245 5307
4245 6195
4245 6394
4245 6415
4245 6858
4245 8016
4245 9741
4246 4437
4246 4875
4246 5156
4246 7922
4246 8469
4246 8526
4247 4599
4247 5719
4247 7087
4247 7375
4247 7669
4247 9277
4248 4381
4248 4823
4248 5001
4248 5683
4248 6401
4248 7802
4248 8506
4248 9720
4249 4288
4249 4891
4249 4978
4249 6586
4249 9434
4249 9742
4250 4639
4250 8777
4250 8896
4250 9259
4251 5592
4251 6508
4251 7495
4251 7941
4251 8048
4251 8245
4251 8495
4251 8644
4251 9487
4251 9598
4252 5249
4252 5782
4252 6334
4252 6656
4252 8149
4252 8468
4253 5550
4253 5553
4253 6188
4253 6417
4253 6654
4254 4937
4254 5960
4255 4755
4255 4918
4255 6746
4255 7713
4255 8451
4255 9976
4256 5883
4256 5933
4256 6775
4256 7254
4256 8217
4256 8699
4257 4514
4257 4628
4257 5291
4257 5707
4257 6266
4257 7400
4257 8471
4257 9051
4258 4613
4258 5016
4258 5502
4258 7677
4259 7069
4259 7154
4259 7281
4259 8217
4259 8786
4259 8851
4260 6044
4260 6757
4260 7628
4260 7917
4260 8880
4260 9208
4261 5417
4261 6048
4261 7090
4261 7094
4261 7878
4261 7915
4261 7945
4262 4611
4262 6649
4262 7839
4262 8310
4262 8591
4262 9621
4263 4903
4263 6228
4263 6638
4263 7554
4264 4479
4264 5392
4264 5749
4264 8750
4264 9073
4264 9152
4264 9225
4265 5187
4265 5428
4265 5547
4265 5646
4265 5983
4265 7139
4265 7494
4265 7900
4265 9234
4265 9338
4266 5534
4266 5539
4266 6671
4266 7079
4266 8032
4266 8505
4266 8840
4267 4404
4267 4866
4267 7692
4267 8449
4268 4661
4268 5325
4268 8161
4269 5264
4269 5409
4269 6618
4269 9284
4269 9381
4270 5631
4270 6361
4270 7773
4271 6454
4271 7779
4271 8752
4271 8787
4272 8015
4272 9092
4272 9466
4272 9467
4272 9828
4273 8359
4273 8886
4274 5617
4274 7068
4274 7324
4274 7431
4274 7517
4274 7572
4274 8292
4274 9043
4275 4443
4275 4575
4275 5863
4275 6696
4275 6772
4275 8504
4275 8934
4275 8936
4275 9240
4276 4789
4276 4953
4276 5862
4276 6166
4276 6369
4276 6784
4276 6955
4276 7021
4276 7120
4276 7204
4277 4377
4277 4865
4277 5833
4277 5947
4277 5955
4277 8954
4277 9173
4277 9746
4277 9777
4278 5297
4278 6272
4278 6853
4278 7806
4278 7943
4278 8023
4278 8670
4278 9514
4279 4805
4279 5041
4279 5798
4279 6661
4279 7636
4279 7703
4279 7895
4279 8935
4280 8375
4280 8906
4280 9911
4281 5210
4281 5449
4281 8016
4281 8055
4282 4541
4282 4581
4282 5430
4282 5636
4282 6975
4282 8582
4282 9285
4282 9333
4282 9355
4283 4807
4283 5810
4283 6099
4283 6228
4283 6619
4283 6704
4283 8985
4283 8998
4283 9069
4283 9707
4283 9993
4284 6035
4284 6387
4284 8281
4284 9229
4285 5774
4285 6575
4285 6840
4285 7893
4285 8472
4286 6731
4286 7290
4286 9519
4286 9949
4287 4327
4287 4507
4287 4616
4287 5165
4287 5655
4287 5729
4287 6756
4287 7001
4287 7201
4287 7706
4287 7975
4287 8531
4288 4813
4288 7823
4288 8415
4288 8781
4288 9014
4288 9857
4289 4618
4289 5739
4289 8379
4289 9223
4290 4401
4290 4890
4290 5111
4290 6445
4290 8415
4291 4453
4291 6001
4291 6165
4291 6761
4291 9562
4291 9601
4292 7677
4292 7692
4293 5137
4293 5419
4293 5672
4293 5946
4293 7154
4293 7252
4293 8799
4294 4564
4294 4971
4294 6158
4294 6400
4294 6860
4294 8150
4294 9515
4294 9527
4294 9893
4295 4657
4295 4671
4295 5068
4295 7371
4295 7539
4295 8182
4296 4304
4296 5066
4296 5741
4296 5764
4296 6153
4296 6333
4296 6710
4296 9493
4297 8093
4297 9866
4298 6884
4298 7645
4298 8945
4298 9957
4298 9991
4299 6831
4299 7408
4300 4459
4300 4854
4300 5712
4300 6486
4300 7559
4300 8758
4300 8969
4301 6535
4301 6679
4301 7222
4301 7695
4301 7878
4301 9337
4301 9576
4302 7208
4302 7577
4302 7898
4302 8000
4303 4602
4303 4863
4303 4909
4303 5576
4303 7532
4303 8415
4303 9225
4303 9656
4303 9997
4304 4500
4304 5110
4304 7023
4304 8391
4304 8854
4304 9697
4304 9989
4305 5017
4305 6005
4305 6261
4305 6918
4305 8176
4305 9767
4306 4601
4306 5084
4306 7787
4306 8510
4306 9266
4307 4628
4307 4811
4307 6185
4307 6840
4307 7132
4307 8038
4307 8089
4307 9394
4307 9750
4308 6012
4308 6206
4308 9175
4308 9230
4308 9897
4309 4324
4309 5058
4309 5232
4309 6375
4309 7070
4309 7726
4309 8790
4309 9103
4310 5010
4310 5941
4310 8942
4310 9508
4311 7794
4311 8866
4311 9696
4312 5439
4312 6263
4312 6379
4312 7009
4312 7148
4312 7294
4312 7382
4312 7727
4312 7796
4312 7878
4312 8023
4312 8105
4312 9188
4312 9910
4313 4685
4313 4850
4313 5393
4313 6551
4313 7611
4313 9305
4313 9404
4314 4583
4314 4604
4314 5875
4314 6543
4314 7060
4314 7813
4314 9854
4314 9985
4315 7178
4316 6355
4316 6515
4316 7937
4317 4388
4317 6709
4317 8518
4317 9085
4317 9427
4317 9753
4318 4971
4318 5096
4318 7671
4318 9432
4319 6242
4319 6698
4319 7611
4319 7967
4319 9046
4319 9106
4319 9111
4319 9445
4319 9467
4320 4777
4320 7293
4320 9556
4321 6011
4321 7528
4321 7990
4321 8138
4321 8220
4321 9558
4321 9582
4321 9685
4322 4689
4322 5353
4322 6902
4322 8683
4322 8945
4323 5557
4323 5609
4323 6181
4323 6730
4323 6823
4323 7104
4323 9424
4324 4449
4324 8627
4324 8781
4324 9654
4324 9705
4325 4555
4325 5258
4325 5292
4325 5388
4325 7462
4325 7499
4325 7519
4326 4471
4326 5741
4326 6143
4326 6258
4326 6508
4326 9528
4327 4525
4327 5120
4327 5278
4327 6724
4327 6817
4327 7629
4328 4876
4328 4920
4328 7310
4328 7503
4329 8176
4329 9502
4330 5553
4330 7624
4331 6165
4331 6857
4331 7123
4331 8870
4332 4356
4332 5043
4332 5358
4332 5775
4332 6025
4332 8631
4332 8952
4332 9203
4333 5592
4333 8747
4333 9509
4333 9528
4333 9657
4334 9564
4334 9951
4335 9450
4335 9787
4335 9847
4336 7407
4336 7460
4336 8894
4336 9982
4337 4406
4337 5445
4337 6606
4337 6720
4337 8258
4337 8535
4337 8694
4337 9022
4337 9200
4337 9624
4338 4791
4338 5146
4338 6360
4338 6780
4338 9772
4339 5441
4339 5999
4339 6294
4339 6312
4339 6680
4339 6718
4339 8945
4339 9121
4340 4540
4340 5775
4340 9049
4341 4878
4341 6047
4341 7507
4341 8668
4341 8692
4342 6172
4342 7188
4342 9613
4343 5912
4343 5971
4343 7579
4343 8178
4343 8696
4344 5017
4344 5465
4344 6389
4344 6934
4344 7559
4344 7825
4344 8486
4344 8671
4344 8766
4344 9225
4344 9383
4344 9588
4344 9656
4345 5540
4345 8457
4345 9332
4345 9680
4346 4626
4346 4786
4346 6175
4346 6322
4346 6826
4346 7574
4346 8986
4347 4522
4347 4668
4347 4708
4347 5404
4347 5655
4347 6313
4347 6874
4347 6972
4347 8694
4347 9746
4348 4374
4348 6061
4348 6369
4348 7432
4350 6554
4350 7531
4351 4946
4351 6160
4351 7177
4351 9335
4352 4724
4352 5824
4352 6143
4352 6543
4352 6700
4352 6852
4352 7323
4352 9000
4353 4357
4353 5241
4353 5789
4353 6711
4353 6741
4353 9530
4353 9737
4353 9918
4354 4476
4354 5179
4354 6708
4354 7555
4354 9686
4355 4627
4355 5827
4355 6567
4355 7002
4355 7255
4355 8614
4356 5050
4356 5115
4356 5189
4356 6450
4356 7685
4356 8037
4356 9191
4357 6310
4357 8978
4358 5997
4358 7146
4358 8128
4358 8477
4358 8709
4358 8970
4358 9443
4359 6676
4359 7247
4359 7312
4359 7496
4359 7720
4359 7974
4359 8075
4360 5260
4360 6573
4360 6694
4360 6702
4360 6933
4360 7041
4360 8024
4360 9934
4361 5484
4361 6399
4361 7902
4361 7940
4362 4775
4362 5347
4362 5595
4362 6646
4362 6847
4362 7913
4363 4995
4363 5080
4363 5867
4363 6790
4363 8721
4363 9177
4364 4570
4364 8968
4364 9280
4364 9539
4365 6402
4365 8213
4365 8254
4365 9729
4366 5390
4366 5601
4366 6634
4366 7590
4366 7699
4366 7933
4366 8746
4366 9856
4367 5770
4367 6004
4367 6341
4367 7462
4367 9340
4368 5967
4368 7057
4368 8092
4368 8699
4369 5330
4369 5857
4369 6398
4369 7768
4369 8210
4369 8947
4370 5383
4370 5670
4370 6091
4370 6330
4370 7886
4370 8255
4370 9630
4371 5221
4371 6356
4371 6568
4371 6804
4371 7439
4371 9250
4371 9756
4372 4571
4372 4972
4372 5618
4372 6153
4372 7758
4372 7854
4372 9374
4373 5879
4373 8171
4373 8422
4373 8653
4374 4654
4374 6860
4375 5977
4375 6276
4375 7253
4375 8014
4376 4862
4376 5223
4376 5412
4376 5857
4376 6769
4376 7281
4376 7360
4376 7590
4376 7835
4376 8482
4376 9771
4377 6441
4377 6504
4377 6842
4377 7106
4377 7514
4377 8271
4377 9863
4378 4624
4378 5736
4378 5778
4378 6037
4378 8104
4378 8608
4378 9317
4378 9851
4379 4664
4379 7219
4380 5991
4380 6403
4380 6759
4380 8901
4380 9217
4380 9415
4381 5016
4381 5312
4381 6797
4381 6918
4381 8573
4381 8733
4381 8878
4381 8908
4382 6561
4382 6618
4382 7091
4382 8919
4382 9230
4382 9816
4383 4426
4383 4582
4383 5153
4383 5413
4383 6385
4383 6681
4383 7223
4383 7377
4383 7525
4383 7865
4383 9263
4384 4754
4384 6833
4384 6858
4384 8973
4384 9579
4385 5320
4385 5574
4385 7029
4385 8512
4385 9875
4386 4756
4386 5004
4386 6630
4386 7967
4386 8884
4386 9005
4386 9924
4386 9973
4387 6141
4387 6870
4387 6876
4387 7049
4387 7686
4387 8362
4387 8516
4387 8852
4387 9859
4388 4502
4388 4787
4388 5118
4388 5479
4388 5546
4388 7349
4388 7513
4388 8911
4389 4955
4389 5442
4389 5588
4389 6767
4389 7995
4389 8998
4389 9127
4389 9193
4390 4847
4390 5029
4390 5661
4390 5829
4390 8953
4390 9654
4391 5508
4391 6245
4391 6474
4391 7538
4392 5349
4392 9121
4392 9937
4393 8462
4394 4689
4394 4805
4394 5770
4394 6376
4394 8183
4395 6210
4395 6705
4395 7403
4395 7473
4395 9378
4396 5393
4396 6839
4396 7548
4396 7842
4396 8004
4396 8347
4397 5308
4397 5688
4397 6572
4397 7384
4397 8665
4397 8995
4398 5574
4398 6710
4398 7373
4398 7704
4398 9475
4399 4559
4399 4856
4399 6734
4399 7122
4399 7471
4399 9441
4400 4480
4400 5051
4400 6102
4400 6665
4400 6978
4400 7163
4400 7494
4400 8038
4401 6967
4401 8073
4402 5998
4402 7226
4402 7415
4402 8477
4402 9590
4403 4660
4403 5837
4403 7199
4403 8662
4403 8995
4403 9002
4403 9794
4404 6240
4404 6538
4404 6937
4404 9545
4405 5146
4405 5879
4405 6013
4405 8481
4405 9270
4405 9313
4405 9858
4406 4456
4406 4626
4406 6579
4406 6725
4407 4715
4407 5538
4407 7312
4407 7370
4407 9732
4408 4780
4408 4833
4408 4960
4408 5780
4408 6158
4408 6279
4408 6293
4408 7490
4408 7700
4408 8488
4408 9155
4409 4695
4409 4951
4409 5492
4409 7526
4409 7555
4409 8519
4409 8894
4409 9591
4410 8492
4410 8993
4410 9288
4410 9310
4411 6191
4411 6876
4411 7793
4411 7875
4411 8399
4411 8535
4411 8898
4411 9402
4412 4764
4412 6788
4412 8735
4412 9204
4413 4710
4413 6012
4413 7892
4413 8086
4413 9207
4414 4652
4414 4914
4414 6098
4414 6603
4414 7160
4414 8223
4414 9671
4415 4819
4415 5173
4415 5887
4415 8223
4415 9401
4416 4850
4416 6826
4416 7223
4416 7944
4416 8842
4416 8985
4417 6239
4417 7505
4417 8375
4417 9303
4418 4659
4418 5675
4418 6670
4418 7395
4418 8642
4418 8714
4418 9179
4418 9587
4418 9591
4419 4814
4419 4913
4419 8196
4419 8582
4419 8734
4419 9336
4420 4603
4420 4894
4420 5031
4420 5160
4420 5295
4420 6893
4420 7091
4420 7122
4421 5911
4421 8356
4422 5440
4422 6550
4422 7690
4422 8102
4422 9130
4422 9789
4423 4648
4423 4998
4423 5590
4423 7215
4423 7236
4423 7242
4423 8667
4423 9816
4423 9892
4424 5066
4424 6173
4424 6184
4424 6614
4424 6843
4424 8942
4424 9604
4424 9866
4425 7558
4425 8186
4426 6115
4426 6427
4426 6613
4426 7995
4426 8583
4426 9233
4427 6095
4427 6502
4427 7821
4427 8880
4427 9919
4428 5375
4428 7363
4428 7412
4428 7676
4428 8449
4428 8601
4429 6666
4429 8731
4429 9166
4429 9597
4430 4671
4430 4964
4430 6199
4430 7717
4430 8415
4431 4609
4431 5873
4431 6236
4431 8613
4431 9369
4432 4697
4432 4768
4432 9941
4432 9950
4433 4583
4433 5528
4433 6265
4433 6442
4433 6544
4433 6563
4433 8187
4433 8411
4433 8994
4434 5153
4434 5523
4434 6050
4434 6563
4434 7034
4434 7526
4434 8653
4435 5880
4435 6908
4435 6938
4435 7288
4436 5565
4436 6346
4436 6807
4436 7058
4436 8001
4436 8867
4436 9447
4437 4653
4437 5727
4437 6760
4437 6813
4437 8990
4437 9454
4438 4744
4438 5405
4438 6688
4438 7378
4438 8730
4438 9012
4438 9606
4439 7029
4439 8680
4439 8742
4439 8743
4440 4897
4440 7346
4440 8343
4440 9377
4440 9836
4441 7022
4441 7557
4442 6679
4442 8686
4442 9178
4443 6351
4443 8092
4443 8390
4443 8875
4443 9451
4444 6339
4444 6599
4444 6630
4444 7060
4444 7367
4444 7650
4444 8226
4444 8520
4444 9827
4445 4779
4445 9241
4446 4512
4446 6416
4446 8352
4446 9339
4446 9380
4447 6917
4447 8766
4447 9352
4448 4613
4448 8766
4448 9353
4448 9939
4449 5265
4449 5434
4449 6142
4449 6535
4449 7270
4449 7563
4450 4510
4450 4832
4450 5360
4450 6541
4450 7770
4451 5512
4451 5939
4451 6473
4451 8701
4451 8893
4451 9574
4452 4722
4452 7031
4452 9545
4452 9693
4452 9696
4452 9869
4453 5115
4453 5281
4453 7101
4453 7385
4453 7990
4454 5674
4454 7751
4454 7765
4454 8239
4454 9054
4454 9136
4454 9722
4455 5891
4455 5932
4455 5934
4455 6457
4455 7784
4455 8023
4455 9762
4456 4995
4456 5543
4456 8416
4457 5922
4457 7529
4457 8392
4457 9273
4457 9814
4458 4762
4458 4840
4458 5357
4458 5724
4459 4838
4459 6215
4459 6861
4459 9218
4460 5186
4460 6288
4460 6941
4460 7188
4460 8127
4460 8190
4460 9670
4460 9901
4461 4861
4461 6613
4461 7150
4461 9691
4461 9847
4462 4691
4462 5478
4462 8038
4462 8676
4463 4544
4463 4687
4463 5551
4463 7403
4463 8503
4463 8543
4463 9259
4464 7546
4464 7812
4464 8226
4464 8848
4464 9530
4464 9716
4464 9742
4464 9817
4465 6157
4465 8474
4465 8484
4465 9218
4465 9617
4465 9835
4465 9845
4466 5349
4466 5542
4466 6053
4466 8570
4466 8710
4466 9633
4467 6549
4467 7995
4467 9053
4467 9685
4468 5513
4468 6276
4468 7642
4468 7913
4468 8277
4468 8360
4468 8474
4468 9520
4468 9571
4468 9739
4469 5021
4469 6718
4469 7825
4470 4537
4470 6164
4470 6175
4470 8418
4470 9324
4470 9424
4471 5861
4471 5971
4471 6243
4471 6431
4471 6591
4471 6848
4471 9893
4472 5547
4472 6143
4472 8120
4472 9644
4473 4540
4473 6543
4473 9043
4473 9408
4474 5676
4474 6111
4474 6636
4474 7534
4474 7774
4474 8877
4474 9852
4475 6227
4475 7173
4475 7222
4475 7468
4476 5354
4476 6043
4476 8152
4476 9151
4476 9283
4476 9496
4477 5472
4477 6316
4477 7462
4477 8200
4477 9353
4477 9699
4478 4517
4478 4827
4478 5253
4478 5472
4478 5909
4478 8468
4479 6832
4479 6916
4479 7572
4479 9200
4479 9273
4479 9362
4479 9579
4480 4825
4480 5941
4480 6354
4480 6604
4480 6918
4480 6993
4480 8288
4480 9067
4481 4965
4481 5575
4481 6610
4481 6798
4481 6988
4481 8347
4481 8357
4481 8864
4481 9580
4482 4498
4482 6637
4482 6816
4482 9557
4482 9717
4482 9978
4483 5104
4483 7542
4483 8060
4483 8287
4483 8835
4484 6993
4484 7019
4484 8449
4485 5336
4485 6252
4485 7794
4485 8108
4485 9940
4485 9992
4486 8176
4486 9175
4487 5437
4487 5977
4487 9333
4488 4582
4488 5294
4488 6630
4488 7116
4488 7637
4488 7703
4488 8406
4488 8670
4489 5238
4489 6109
4489 7416
4489 8943
4489 9450
4490 5154
4490 6576
4490 7515
4490 8155
4491 6013
4491 6465
4491 7630
4491 8952
4491 9581
4491 9766
4492 4827
4492 4840
4492 6033
4492 8812
4492 9209
4492 9648
4493 5090
4493 6282
4493 7315
4493 7547
4493 7575
4493 7579
4493 8129
4494 7162
4494 7982
4494 8002
4495 7048
4495 7731
4495 8115
4495 8119
4495 8239
4495 8402
4496 4547
4496 5565
4496 5835
4496 5847
4496 6789
4496 8282
4496 9054
4497 6687
4497 8272
4498 4945
4498 5158
4498 5759
4498 7789
4498 9522
4499 5004
4499 5264
4499 6269
4499 7101
4499 8799
4499 9537
4499 9608
4500 6297
4500 6433
4500 9395
4501 4663
4501 5792
4501 6167
4501 7086
4501 7291
4501 8320
4501 8495
4501 9164
4502 5271
4502 6463
4502 7310
4502 8056
4502 8896
4503 5419
4503 5507
4503 6173
4503 7275
4503 7770
4503 8753
4503 8924
4503 9629
4503 9703
4504 7225
4504 7488
4504 8958
4504 9187
4504 9215
4504 9400
4505 6159
4505 7698
4505 8771
4505 8968
4505 9292
4505 9748
4506 5202
4506 5558
4506 7657
4506 8149
4506 8152
4506 9106
4506 9904
4507 4538
4507 4628
4507 5001
4507 8189
4507 8486
4507 9238
4507 9747
4508 4538
4508 7376
4508 7906
4508 8471
4508 8599
4508 8693
4508 8881
4508 9597
4508 9747
4508 9884
4509 4993
4509 5534
4509 7036
4509 9546
4509 9929
4510 4659
4510 5117
4510 5562
4510 6404
4510 7023
4510 8380
4510 9360
4511 7719
4511 8024
4511 8680
4511 9821
4512 7056
4512 7503
4512 7566
4513 5068
4513 5298
4513 6119
4513 6556
4513 6570
4513 6574
4513 7347
4513 7397
4513 9659
4513 9854
4514 5024
4514 5475
4514 5500
4514 6064
4515 4578
4515 4686
4515 6648
4515 9307
4516 5708
4516 6541
4516 7915
4516 9686
4517 5490
4517 5964
4517 6452
4517 7449
4517 7776
4518 4891
4518 5099
4518 5676
4518 6098
4518 7662
4518 8286
4518 9193
4518 9865
4519 4710
4519 4860
4519 6685
4519 9206
4520 4840
4520 5713
4520 6853
4520 9350
4521 4912
4521 5665
4521 7297
4521 7669
4521 7840
4521 8588
4521 8649
4521 9974
4522 5938
4522 7216
4522 8024
4522 9529
4523 6525
4523 6606
4523 7519
4523 8700
4523 9601
4524 5846
4524 8056
4524 8345
4525 4703
4525 7608
4525 9667
4526 4617
4526 6756
4526 6791
4526 8865
4526 8932
4527 5090
4527 5396
4527 5416
4527 6065
4527 6378
4527 6795
4527 7122
4527 8711
4527 9860
4528 5404
4528 6004
4529 4678
4529 4687
4529 4844
4529 6073
4529 6084
4529 6289
4529 9229
4530 5327
4530 6049
4530 7868
4530 9596
4530 9966
4531 9984
4532 5351
4532 5856
4532 8833
4533 5702
4533 5933
4533 7148
4533 8109
4533 8362
4533 8750
4533 8789
4533 9198
4533 9821
4534 7292
4534 7867
4534 8822
4534 8906
4535 4608
4535 5149
4535 9742
4536 7843
4537 8846
4537 8896
4537 9775
4538 7571
4538 9585
4539 4829
4539 4880
4539 5978
4539 6099
4539 7517
4539 7616
4539 7976
4539 9374
4540 5866
4540 5873
4540 6041
4540 6525
4540 7280
4540 7356
4540 7433
4540 7776
4540 8728
4540 9027
4540 9516
4540 9598
4541 4857
4541 7813
4542 5679
4542 6078
4542 8381
4542 8920
4543 5123
4543 7717
4543 9278
4544 5403
4544 5630
4544 5793
4544 6658
4544 6670
4545 4878
4545 5588
4545 6034
4545 6923
4545 6994
4545 7156
4545 7783
4545 8152
4545 8490
4546 5324
4546 7088
4546 7209
4547 7113
4547 8412
4548 5329
4548 6062
4548 6559
4548 6584
4548 7174
4548 7446
4548 7594
4548 8819
4548 8861
4548 8881
4548 9605
4549 5654
4549 7195
4549 7344
4550 4647
4550 4967
4550 6465
4550 6534
4550 7696
4550 7941
4550 7944
4550 8820
4551 4625
4551 5005
4551 5876
4551 6929
4551 8673
4552 4906
4552 5670
4552 5904
4552 6395
4552 6485
4552 7037
4553 4594
4553 5113
4553 5897
4553 7131
4553 8750
4554 6367
4554 6684
4554 8684
4554 8847
4554 9985
4555 4860
4555 5090
4555 5804
4555 7490
4555 8336
4555 8437
4555 8883
4555 9766
4556 5637
4556 7474
4556 8196
4557 4825
4557 5606
4557 7159
4557 9455
4558 5263
4558 6146
4558 6815
4558 8024
4558 9412
4558 9776
4558 9938
4559 4748
4559 4855
4559 6074
4559 7283
4559 7508
4560 7685
4560 9452
4561 5346
4561 7946
4561 7954
4562 5846
4562 7510
4562 8628
4562 9238
4562 9335
4562 9932
4563 5160
4563 8936
4563 9724
4564 6800
4564 6917
4564 7288
4564 7959
4564 8290
4564 8377
4564 9000
4564 9084
4565 5186
4565 6120
4565 6259
4565 6346
4565 6943
4565 8124
4565 8599
4565 8862
4565 9849
4566 5113
4566 5270
4566 6616
4566 7040
4566 7618
4566 8638
4567 5745
4567 7620
4567 8569
4567 9326
4568 4810
4568 4962
4568 5241
4568 5578
4568 5861
4568 6891
4568 7804
4568 8477
4568 9539
4569 5381
4569 5801
4569 6041
4569 6567
4570 4834
4570 5361
4570 6198
4570 7039
4570 7240
4570 7429
4570 9280
4570 9342
4570 9649
4570 9742
4571 5370
4571 5580
4571 6160
4571 6571
4571 8871
4571 9003
4571 9549
4572 7024
4572 7418
4572 8520
4572 9238
4572 9603
4573 4662
4573 5622
4573 9085
4573 9662
4573 9778
4573 9936
4573 9985
4574 6634
4574 9222
4574 9534
4575 5477
4575 9414
4575 9646
4576 4591
4576 5661
4576 5671
4576 5914
4576 6299
4576 7459
4576 7579
4576 8048
4576 8735
4576 9300
4577 5319
4577 5841
4577 9977
4578 5269
4578 5915
4578 8357
4578 9190
4578 9622
4579 6198
4579 6559
4579 7689
4579 8469
4579 8741
4580 7685
4580 8824
4581 4706
4581 5289
4581 5461
4581 7120
4581 8363
4581 9439
4581 9801
4582 4714
4582 4792
4582 4796
4582 5486
4582 7272
4582 9790
4583 6275
4584 5229
4584 6614
4585 4651
4585 6409
4585 7522
4585 9389
4585 9453
4586 5978
4586 6421
4586 7232
4586 7806
4586 8063
4587 5255
4587 6098
4587 6116
4587 8586
4587 8920
4588 5699
4588 7517
4588 8131
4589 7708
4589 9179
4589 9298
4590 4908
4590 5357
4590 6209
4590 6287
4590 6498
4590 7026
4590 7125
4590 8251
4590 9509
4591 4945
4591 6969
4591 7632
4592 4819
4592 7226
4592 7390
4592 8137
4592 8618
4593 4695
4593 5392
4593 7633
4593 9058
4593 9277
4594 6678
4594 6868
4594 8226
4594 9871
4595 5673
4595 6933
4595 7644
4595 8543
4595 9035
4596 6998
4596 7362
4596 9733
4597 5494
4597 5675
4597 5685
4597 6239
4597 6640
4597 6934
4597 8023
4598 4898
4598 5311
4598 6655
4598 9503
4599 4877
4599 5512
4599 6042
4599 6159
4599 6385
4599 6676
4599 7740
4599 8163
4599 8247
4599 9844
4600 4870
4600 5249
4600 6057
4600 6153
4600 6509
4600 7042
4600 7319
4600 9069
4600 9703
4601 4704
4601 5046
4601 6096
4601 7330
4601 7904
4601 8251
4602 8386
4602 8539
4603 5817
4603 6652
4603 7216
4603 8510
4604 7569
4604 9229
4604 9685
4605 4977
4605 5537
4605 7838
4606 6203
4606 7686
4606 8572
4606 9457
4606 9800
4607 5069
4607 9728
4608 4647
4608 5106
4608 6600
4608 7484
4609 5481
4609 6753
4609 6818
4609 6855
4609 7463
4609 8204
4609 9035
4609 9643
4609 9822
4610 5052
4610 6491
4610 6604
4610 7716
4611 4911
4611 6434
4611 8814
4612 4958
4612 7470
4612 9368
4612 9757
4613 6285
4613 7168
4613 7183
4613 7970
4613 8709
4613 8782
4613 9182
4613 9213
4614 5283
4615 5411
4615 5710
4615 5717
4615 8414
4615 8837
4615 9925
4616 4992
4616 5800
4616 6204
4616 6260
4616 6717
4616 8646
4616 9044
4617 4840
4617 7030
4617 8387
4617 10000
4618 5309
4618 5679
4618 6948
4618 7998
4618 8455
4618 8672
4619 6044
4619 6267
4619 6357
4619 6502
4619 6637
4619 9074
4619 9438
4620 4678
4620 5004
4620 5809
4620 5838
4620 7641
4620 8734
4620 9966
4621 5207
4621 5426
4621 6985
4621 8519
4622 4824
4622 4975
4622 6413
4622 7113
4622 8545
4622 9192
4623 5993
4623 6676
4623 6905
4623 7237
4623 7879
4623 8252
4623 9262
4623 9784
4624 5856
4625 5406
4625 5840
4625 6259
4625 6665
4625 6781
4625 7245
4625 7680
4625 8643
4625 8790
4625 8849
4625 9446
4625 9599
4625 9772
4625 9917
4626 5238
4626 6202
4626 6378
4626 7043
4626 7525
4626 8594
4626 8729
4627 4908
4627 8845
4628 5462
4628 6080
4628 7131
4628 9356
4628 9946
4629 5341
4629 6167
4629 6802
4629 7797
4629 8207
4629 8439
4629 8697
4629 9357
4630 8067
4630 8479
4630 9262
4631 5362
4631 6372
4631 6477
4631 7221
4631 9179
4631 9563
4632 4751
4632 5465
4632 7451
4632 7677
4632 8370
4632 8585
4632 9980
4633 5836
4633 6184
4633 7291
4633 7833
4633 8582
4633 8836
4633 8917
4633 9378
4633 9527
4633 9870
4634 6199
4634 6344
4634 6360
4634 6698
4634 7351
4634 7370
4634 8540
4634 9742
4635 4820
4635 6662
4635 7426
4635 8948
4635 9181
4636 5062
4636 5127
4636 5215
4636 5938
4636 7247
4636 7745
4636 8402
4636 8873
4636 9361
4636 9472
4637 5080
4637 5658
4637 9465
4637 9680
4638 4879
4638 5119
4638 6134
4638 8752
4639 7173
4639 9272
4639 9452
4639 9811
4640 7071
4640 7853
4640 8644
4640 9419
4640 9848
4641 5868
4641 5880
4641 6367
4641 6625
4641 7205
4641 9547
4642 5951
4642 6417
4642 6459
4642 7421
4642 7675
4642 8367
4642 8428
4642 9604
4642 9913
4643 5992
4643 7610
4643 8342
4644 4681
4644 5031
4644 5867
4644 8157
4644 8833
4644 9876
4644 9900
4645 5399
4645 7343
4646 5194
4646 5257
4646 5927
4646 6051
4646 9901
4647 6632
4647 7501
4647 9521
4647 9646
4648 4720
4648 6897
4648 7864
4648 8221
4648 8647
4648 9081
4649 4950
4649 5528
4649 5746
4649 6849
4649 7318
4649 9277
4650 5335
4650 5793
4650 6781
4650 7642
4650 7912
4650 9712
4651 4703
4651 5829
4651 6462
4651 6514
4651 8060
4651 8522
4651 9947
4652 6536
4652 7372
4652 7668
4652 9492
4652 9524
4653 7312
4653 9830
4653 9880
4654 6069
4654 7842
4654 8525
4654 8832
4654 9795
4655 6278
4655 6470
4655 7228
4655 7456
4655 7558
4656 5362
4656 6767
4656 6802
4656 6849
4656 7580
4656 7971
4656 8874
4656 9303
4656 9836
4657 6404
4657 6918
4657 7465
4657 8316
4657 8412
4657 8494
4657 9060
4657 9790
4657 9893
4658 5541
4658 5544
4658 6404
4658 9465
4658 9701
4659 5286
4659 5756
4659 6994
4659 7571
4659 8370
4660 5261
4660 6289
4660 6802
4660 6982
4660 7899
4660 8206
4660 8319
4660 9702
4661 5129
4661 5471
4661 6121
4661 6596
4661 7279
4661 9358
4662 4770
4662 5248
4662 6392
4662 6507
4662 7988
4663 4731
4663 4739
4663 5198
4663 7406
4663 7620
4663 7743
4663 8245
4663 8290
4663 8992
4663 9739
4663 9861
4663 9926
4664 5296
4664 5726
4664 6367
4664 9929
4665 4742
4665 5190
4665 5524
4665 5877
4665 6464
4665 8977
4665 9858
4666 5820
4666 5928
4666 7974
4666 8048
4666 9206
4666 9420
4666 9590
4667 4907
4667 8573
4667 9096
4668 7750
4668 8738
4668 9459
4669 6739
4669 7027
4669 8647
4669 9400
4670 5090
4670 5562
4670 8978
4670 9021
4670 9188
4670 9490
4671 5884
4671 8438
4672 9115
4672 9634
4673 6158
4673 6226
4673 6724
4674 5099
4674 5341
4674 6099
4674 6495
4674 8477
4674 9238
4675 5207
4675 5422
4675 5748
4675 6673
4675 6740
4675 6796
4675 7848
4675 8569
4676 6047
4676 6291
4676 9188
4676 9438
4677 6381
4677 7130
4677 7626
4677 8145
4677 9479
4678 6458
4678 6609
4678 7219
4678 7890
4679 9256
4679 9574
4680 4770
4680 4951
4680 6129
4680 7389
4680 7396
4680 7832
4681 4736
4681 4889
4681 6158
4681 6517
4681 6996
4681 7350
4682 5444
4682 5447
4682 8236
4682 9092
4682 9934
4683 5119
4683 5769
4683 6142
4683 6398
4683 7374
4683 7903
4683 8548
4683 9298
4684 5039
4684 5109
4684 5152
4684 5779
4684 8029
4684 8692
4684 8887
4684 8976
4684 9089
4684 9503
4684 9944
4685 4873
4685 5077
4685 5762
4685 6107
4685 8643
4685 8814
4685 9748
4687 5069
4687 5568
4687 7156
4687 7357
4688 4940
4688 5439
4688 5683
4688 6056
4688 6092
4689 5538
4690 5208
4690 5257
4690 5741
4690 8933
4691 8418
4691 9056
4692 4995
4692 5391
4692 5867
4692 6203
4692 6739
4692 7117
4692 8661
4692 9852
4693 5950
4693 7864
4693 9022
4693 9744
4694 5065
4694 5574
4694 6099
4694 8160
4694 8590
4694 9803
4695 6306
4695 7349
4695 7713
4695 9393
4696 5785
4696 5850
4696 7023
4696 7400
4696 8311
4696 9821
4697 4958
4697 5349
4697 6401
4697 6533
4697 6766
4697 7572
4697 7754
4697 8336
4698 6055
4698 6879
4698 7268
4698 9473
4698 9539
4698 9997
4699 6005
4699 6055
4699 6276
4699 6692
4699 7392
4699 9376
4700 5152
4700 7327
4700 7696
4700 7703
4700 7827
4700 8364
4700 8904
4700 8924
4701 5250
4701 6950
4701 7905
4702 4811
4702 6014
4702 7369
4702 8965
4702 9396
4703 5280
4703 5990
4703 6765
4703 9276
4703 9817
4704 6227
4704 6307
4705 7439
4705 7676
4705 9667
4706 4924
4706 5922
4706 6709
4706 8643
4706 9160
4707 8210
4707 9596
4708 6887
4708 7354
4708 7361
4708 7574
4708 8154
4708 8810
4708 9157
4708 9473
4709 5881
4709 7568
4709 8772
4709 9895
4710 6758
4710 8731
4710 9806
4711 5168
4711 5485
4711 6428
4711 7198
4711 8621
4711 9045
4712 6450
4712 6882
4712 7678
4713 4755
4713 8169
4713 9191
4714 4973
4714 6285
4714 6842
4714 6966
4714 8128
4714 8933
4715 5582
4715 5782
4715 8659
4715 9004
4716 5356
4716 5678
4716 6723
4716 7350
4716 8312
4716 9652
4717 4788
4717 6530
4717 8383
4717 9523
4718 4770
4718 6299
4718 7972
4718 7991
4718 8591
4718 9785
4718 9898
4719 4963
4719 5184
4719 5299
4719 6996
4719 7973
4719 8135
4719 8431
4719 8981
4719 9840
4720 6521
4720 6883
4720 9026
4721 5326
4721 6984
4721 8567
4721 9377
4721 9549
4721 9784
4721 9805
4722 4757
4722 4914
4722 5064
4722 5245
4722 5249
4722 5656
4722 9934
4723 7794
4723 8011
4724 5790
4724 6399
4724 6777
4724 8378
4724 9374
4724 9449
4725 5501
4725 7677
4725 7855
4725 7924
4725 9124
4725 9316
4725 9526
4726 5115
4726 5733
4726 6223
4726 6690
4726 7734
4726 8588
4727 7895
4728 5205
4728 6504
4728 8733
4729 5868
4729 7309
4729 7583
4729 8170
4729 8545
4729 8669
4730 4987
4730 6234
4730 7784
4730 7898
4730 8134
4730 8843
4730 9122
4731 4851
4731 5717
4731 6296
4731 7703
4731 8079
4731 8080
4731 8646
4731 9387
4732 4748
4732 4963
4732 6098
4732 6952
4732 7849
4732 8173
4733 4749
4733 4800
4733 7627
4733 7868
4733 8515
4733 9252
4733 9496
4733 9840
4734 4805
4734 4952
4734 5123
4734 5702
4734 5927
4734 6404
4734 7523
4734 8014
4734 8420
4734 8795
4735 5759
4735 6151
4735 6826
4735 6876
4735 6928
4735 7199
4735 9404
4735 9569
4736 6586
4736 7258
4736 8361
4737 6730
4737 7182
4737 7358
4737 8253
4737 8463
4737 8778
4738 5171
4738 5267
4738 5990
4738 6552
4738 8401
4739 5250
4739 5900
4739 5920
4739 6707
4739 6761
4739 7354
4739 7739
4740 5472
4740 5486
4740 5936
4740 6429
4740 7858
4740 9451
4741 5157
4741 5411
4741 5811
4741 7469
4741 7762
4741 8565
4741 9682
4741 9713
4742 6247
4742 7032
4742 7266
4742 7829
4742 8642
4742 9092
4742 9236
4742 9614
4742 9773
4743 5094
4743 5158
4743 5613
4743 7194
4743 8091
4743 8967
4744 5775
4744 5869
4744 7063
4744 7756
4744 8496
4745 5660
4745 5850
4745 7265
4745 7326
4745 7749
4745 8256
4746 5585
4746 5830
4746 6570
4746 6818
4746 6951
4746 8143
4746 8216
4746 8267
4746 8767
4746 9207
4746 9466
4747 5274
4747 5723
4747 6695
4747 6886
4747 7365
4747 7569
4747 8980
4747 9537
4748 4989
4748 6449
4748 8803
4749 5164
4749 5560
4749 6030
4749 7431
4749 8076
4749 9613
4750 5703
4750 6173
4750 6422
4750 7472
4750 7586
4750 8740
4750 9379
4750 9615
4750 9844
4751 5215
4751 5600
4751 5768
4751 6671
4751 9613
4752 4897
4752 6167
4752 6948
4752 9383
4752 9858
4753 5693
4753 6148
4753 6859
4753 7393
4753 8883
4753 9384
4754 6356
4754 6621
4754 7157
4754 9575
4755 5366
4755 5503
4755 6215
4755 8050
4755 8804
4755 9850
4756 6321
4756 7098
4756 9751
4756 9906
4757 4828
4757 5587
4757 6413
4757 6974
4757 8731
4757 8918
4757 8971
4757 9968
4758 6512
4758 7447
4758 8124
4758 8351
4758 8373
4758 8414
4758 9042
4758 9121
4759 4897
4759 6406
4759 7779
4759 8495
4760 5815
4760 8927
4761 9551
4762 6683
4762 7310
4762 9470
4763 6221
4763 6356
4764 5266
4764 5934
4764 6817
4764 8447
4765 5098
4765 5913
4765 7161
4765 7603
4765 7901
4766 5133
4766 6439
4766 7764
4766 8219
4766 8736
4766 9195
4767 4893
4767 5172
4767 7299
4767 8914
4768 7209
4768 7347
4768 7376
4769 5168
4769 5949
4769 7758
4769 8100
4769 8864
4770 5224
4770 7268
4770 9751
4771 7394
4771 7647
4771 8151
4771 8621
4771 9309
4771 9899
4772 5321
4772 5912
4772 5940
4772 6758
4772 7756
4772 8678
4772 9072
4772 9424
4772 9635
4772 9831
4773 4842
4773 6278
4773 6712
4773 6832
4773 9034
4773 9343
4774 4943
4774 7155
4774 7641
4774 8882
4774 9027
4775 4782
4775 5857
4775 6410
4775 6518
4775 6683
4775 6901
4775 7033
4775 7388
4775 7509
4775 8064
4775 8682
4776 5484
4776 7703
4776 7810
4776 8506
4776 8828
4777 5452
4777 5926
4777 6411
4777 6429
4777 7741
4778 5536
4778 5895
4778 6226
4778 6570
4778 7454
4778 7860
4778 8607
4779 5799
4779 6068
4779 6607
4779 6798
4779 9068
4779 9135
4779 9361
4780 5037
4780 5598
4780 7950
4780 7994
4780 8046
4780 8977
4780 9095
4781 4939
4781 5964
4781 7770
4782 5112
4782 6442
4782 6563
4782 7118
4782 7936
4782 9862
4783 7134
4783 7407
4783 7587
4783 7726
4783 8124
4783 9214
4784 6584
4784 6585
4784 7116
4784 7119
4784 8069
4784 8860
4784 9994
4785 4859
4785 7457
4785 7929
4785 9999
4786 5148
4786 5207
4786 5314
4786 5493
4786 7295
4786 8221
4786 9583
4786 9614
4786 9655
4787 5056
4787 5146
4787 5221
4787 5545
4787 5840
4787 6336
4787 7197
4787 8273
4787 8471
4788 5082
4788 5501
4788 5990
4788 6560
4788 7071
4788 7246
4788 7580
4788 8582
4788 8585
4788 9440
4789 5750
4789 6644
4789 7985
4789 8273
4789 9522
4789 9611
4789 9949
4790 5317
4790 7568
4790 8613
4791 5342
4791 7977
4791 9574
4792 4834
4792 5299
4792 5442
4792 6029
4792 6319
4792 6688
4792 7145
4792 7993
4792 8397
4792 8755
4792 8787
4792 9071
4792 9454
4792 9613
4793 5365
4793 5867
4793 7464
4793 7934
4793 9624
4794 7104
4794 7784
4794 8448
4794 8477
4794 9328
4794 9618
4795 5324
4795 6033
4795 7542
4795 7580
4795 8506
4796 5369
4796 5446
4796 6583
4796 6955
4796 7846
4796 8506
4796 8676
4796 8765
4796 8948
4796 9094
4796 9227
4797 5093
4797 5128
4797 6320
4797 6541
4797 8365
4797 9183
4797 9454
4797 9672
4798 4945
4798 6731
4798 7365
4798 7581
4798 7813
4798 9608
4799 5405
4799 5639
4799 6089
4799 6825
4799 7397
4799 7645
4800 5444
4800 6400
4800 6725
4800 7268
4800 7780
4800 8064
4800 8879
4800 9178
4800 9713
4801 5184
4801 5497
4801 8025
4801 8304
4801 8330
4801 8598
4802 5614
4802 5692
4802 6175
4803 6319
4803 8246
4803 8311
4803 9530
4803 9995
4804 5035
4804 6578
4804 6791
4804 6955
4804 7206
4804 7321
4804 8856
4805 5543
4805 6839
4805 8484
4805 8675
4805 9287
4806 5181
4806 5674
4806 6563
4806 7085
4806 7165
4806 7669
4806 8522
4806 9001
4806 9600
4806 9841
4807 5113
4807 5700
4807 8598
4807 9302
4807 9616
4808 5935
4808 6127
4808 6559
4808 7396
4808 8441
4808 8504
4809 4918
4809 9785
4809 9907
4810 7647
4810 7716
4810 8003
4810 8125
4810 8552
4811 5349
4811 5590
4811 6456
4811 6912
4811 8084
4811 8350
4811 8716
4811 9054
4812 4952
4812 6804
4812 7582
4812 8570
4812 9270
4812 9620
4812 9979
4813 4881
4813 5059
4813 5282
4813 6186
4813 6330
4813 8126
4813 9310
4814 4910
4814 5439
4814 5550
4814 5924
4814 7728
4814 8237
4814 8390
4814 8973
4815 5715
4815 6368
4815 7938
4815 8203
4816 5009
4816 5745
4816 6120
4816 9328
4816 9668
4817 5238
4817 7086
4817 7493
4817 9469
4817 9912
4818 6706
4818 7167
4818 8367
4818 8805
4818 9622
4819 5228
4819 6592
4819 8424
4819 9157
4819 9672
4819 9898
4820 5837
4820 6092
4820 6422
4820 9253
4820 9978
4821 5795
4821 6745
4821 7018
4821 8536
4821 8954
4821 8995
4822 5274
4822 6320
4822 7520
4822 7823
4822 8072
4822 8427
4822 9552
4823 5557
4823 5800
4823 6048
4823 6906
4823 8079
4823 8652
4823 9808
4824 5124
4824 5430
4824 5746
4825 5369
4825 6443
4825 7446
4825 7935
4825 8380
4825 8502
4825 8910
4825 9164
4825 9427
4825 9786
4826 9757
4827 6304
4827 7554
4827 8758
4827 9282
4828 5385
4828 6715
4828 6753
4828 7877
4828 9684
4829 6255
4829 6463
4829 7531
4829 8054
4829 8277
4829 8298
4829 9931
4830 5640
4830 6097
4830 6401
4830 6630
4830 8280
4830 9675
4831 4844
4831 5391
4831 5457
4831 5850
4831 6687
4831 6886
4831 8464
4831 8657
4831 8744
4831 9612
4831 9655
4832 4964
4832 6696
4832 6899
4832 9963
4833 4922
4833 5698
4833 6428
4833 7677
4833 8561
4833 8819
4833 8820
4833 9421
4833 9742
4834 5195
4834 5916
4834 9018
4835 5335
4835 6406
4835 8801
4836 4885
4836 5913
4836 6525
4836 7727
4836 8768
4837 6805
4837 7210
4837 7497
4837 9861
4838 5010
4838 8065
4839 4869
4839 5801
4839 6429
4839 8839
4839 8854
4840 5683
4840 5903
4840 6995
4841 5161
4841 7634
4841 8166
4841 8520
4841 8592
4841 8633
4841 8749
4841 8896
4841 8925
4841 9091
4841 9701
4842 7278
4842 7683
4842 8059
4842 8212
4842 9835
4843 5149
4843 6540
4843 6613
4843 7202
4843 8199
4843 8280
4844 5104
4844 5273
4844 7305
4844 7715
4844 9259
4845 5139
4845 5658
4845 7019
4845 7764
4845 7963
4845 8038
4845 8874
4846 5647
4846 5679
4846 5711
4846 6007
4846 6058
4846 6161
4846 6443
4846 6908
4846 7260
4846 8810
4847 4930
4847 5920
4847 6424
4847 8135
4847 8826
4848 5160
4848 5200
4848 5840
4848 6318
4848 6777
4848 7975
4848 8351
4848 9091
4849 4906
4849 4948
4849 5782
4849 7128
4849 7138
4849 7564
4849 7680
4849 9972
4850 4867
4850 5263
4850 5466
4850 8150
4850 9281
4850 9735
4851 7650
4851 8539
4851 8557
4852 5207
4852 6107
4852 6685
4852 6760
4852 9882
4853 5526
4853 6999
4853 7191
4854 6068
4854 7303
4854 7872
4854 8282
4855 5333
4855 6067
4855 6431
4855 8661
4855 9173
4855 9924
4856 5633
4856 5756
4856 6233
4856 7140
4856 7318
4856 7693
4856 8524
4856 9759
4857 6835
4857 9334
4857 9338
4857 9566
4858 4892
4858 5048
4858 5284
4858 5389
4858 5719
4858 5791
4858 6079
4859 5531
4859 5559
4859 5673
4859 5787
4859 7051
4859 7643
4859 8886
4859 9635
4860 8164
4860 8503
4860 8717
4860 8999
4860 9045
4860 9472
4861 5680
4861 7613
4861 8318
4861 8863
4862 5606
4862 6661
4862 7357
4862 7383
4862 7647
4862 8053
4862 9013
4863 6549
4863 7972
4863 9143
4863 9399
4864 6817
4864 8478
4864 9554
4865 5234
4865 6659
4865 8315
4865 9628
4865 9833
4866 5530
4866 6022
4866 7162
4866 7975
4867 5325
4867 5388
4867 5773
4867 6307
4867 6482
4867 6607
4867 8068
4867 9139
4868 5931
4868 7014
4868 8019
4868 9688
4869 5289
4869 5714
4869 7575
4869 8477
4869 8804
4869 9382
4870 5430
4870 8153
4870 8699
4870 8838
4870 8973
4870 9127
4870 9768
4871 5520
4871 7123
4871 9980
4872 5545
4872 6051
4872 6718
4872 7853
4872 8090
4872 8100
4872 8568
4872 8595
4872 9736
4872 9818
4873 6013
4873 6094
4873 6743
4873 7228
4873 7355
4873 7512
4874 6612
4874 9474
4875 6519
4875 6937
4875 8184
4875 9250
4875 9915
4876 5058
4876 5357
4876 7441
4876 7728
4877 6258
4877 6456
4877 7082
4877 7719
4877 8785
4877 9514
4878 5125
4878 8300
4879 5010
4879 5626
4879 5839
4879 6002
4879 6163
4879 6939
4879 7873
4879 8578
4879 8797
4879 9034
4880 4986
4880 6183
4880 6258
4880 8657
4880 9352
4881 5944
4881 6905
4881 7690
4881 8739
4881 8918
4881 9152
4882 6495
4882 6537
4882 7561
4882 7813
4882 8009
4882 9065
4882 9331
4883 7249
4883 8757
4883 9356
4884 5485
4884 6336
4884 7334
4885 4982
4885 5017
4885 5608
4885 5696
4885 6779
4885 7776
4887 5610
4887 8373
4887 8620
4888 5405
4888 6409
4888 7844
4888 8579
4888 8604
4889 6348
4889 6384
4889 7146
4889 7149
4889 7586
4889 7899
4889 9207
4890 7761
4890 8553
4890 9436
4890 9530
4890 9938
4891 5782
4891 6865
4891 6910
4891 8284
4891 9171
4891 9276
4891 9529
4891 9731
4892 5065
4892 5419
4892 7097
4892 8819
4893 5071
4893 5561
4893 6114
4893 8922
4893 9918
4894 5413
4894 6811
4894 8970
4895 6890
4895 7589
4895 9165
4896 6041
4896 6833
4896 8330
4897 5754
4897 5814
4897 6555
4897 7553
4898 5884
4898 6012
4898 7819
4898 8309
4899 5574
4899 6348
4899 7240
4899 7647
4899 9960
4900 5355
4900 6528
4900 6637
4900 7654
4900 8239
4900 8385
4900 8699
4901 5802
4901 6388
4901 7568
4901 9272
4902 6173
4902 6742
4902 7867
4902 7870
4902 8592
4902 9358
4902 9375
4902 9706
4903 4984
4903 6468
4903 6792
4903 8103
4903 9614
4903 9924
4904 5637
4904 5896
4904 6198
4904 6704
4904 6868
4904 7566
4904 8101
4904 8437
4905 5257
4905 5535
4905 5889
4905 6274
4905 8516
4905 8772
4905 8812
4905 9586
4906 5905
4906 8595
4906 9182
4907 6601
4907 7297
4907 8608
4907 8705
4907 9347
4908 5000
4908 6757
4908 7737
4908 7758
4908 9812
4909 5331
4909 5476
4909 5724
4909 6564
4909 7033
4909 7764
4909 9678
4909 9910
4910 7141
4910 8380
4910 8858
4910 9120
4911 5604
4911 7426
4911 9737
4911 9995
4912 5079
4912 8341
4912 8570
4912 8849
4912 9109
4912 9186
4912 9270
4912 9663
4912 9767
4912 9809
4913 7014
4913 7446
4913 9235
4914 5724
4914 6481
4914 6565
4914 6988
4914 8751
4914 8806
4915 5841
4915 6940
4915 7168
4915 7709
4915 7737
4915 9728
4916 5431
4916 5635
4916 6507
4916 8412
4916 9143
4916 9321
4916 9610
4917 5905
4917 7898
4917 9878
4918 7798
4918 8711
4918 8861
4919 5631
4919 5699
4919 7407
4919 7422
4919 7538
4919 8239
4919 9328
4920 6253
4920 7001
4920 9495
4921 5931
4921 6058
4921 6344
4921 6577
4921 7030
4921 8311
4921 8706
4922 5643
4922 6884
4922 7502
4922 8318
4922 8504
4922 9070
4923 6160
4923 6352
4923 7283
4923 7415
4923 8859
4924 6336
4924 8316
4924 8648
4924 9065
4925 4961
4925 7404
4925 7534
4925 9795
4926 5804
4926 6427
4926 7104
4926 7240
4926 7307
4926 9595
4928 7847
4928 8079
4928 9788
4929 5325
4929 5506
4929 7686
4929 8574
4929 8775
4929 9905
4930 5182
4930 5271
4930 6188
4930 6323
4930 6528
4930 6606
4930 6985
4931 8431
4932 5187
4932 5492
4932 5517
4932 6480
4932 7031
4932 7734
4932 8186
4933 5109
4933 6847
4933 7088
4933 7103
4933 8849
4934 5103
4934 5552
4934 5873
4934 7788
4934 7792
4934 9795
4935 6147
4935 6623
4935 7545
4935 9728
4936 5555
4936 6421
4936 7140
4936 7908
4936 9409
4936 9488
4936 9731
4937 5223
4937 5420
4937 5640
4937 6857
4937 9665
4937 9896
4938 6728
4938 8478
4938 8622
4938 8741
4938 9177
4938 9588
4939 5934
4939 6978
4939 9725
4940 7452
4940 8492
4940 9215
4940 9368
4941 7151
4941 7727
4941 8895
4942 5392
4942 6446
4942 6612
4942 6635
4942 7156
4942 7802
4942 8009
4942 8189
4942 8431
4943 4959
4943 5720
4943 6028
4943 7145
4943 7660
4943 7664
4943 7915
4943 8944
4943 9904
4943 9922
4944 5861
4944 8531
4944 9254
4945 6271
4945 6862
4946 6089
4946 6632
4946 7188
4946 7331
4946 8269
4947 5057
4947 5308
4947 7997
4947 8270
4947 9435
4948 5964
4948 6544
4948 8041
4948 8423
4948 8732
4949 4963
4949 5050
4949 5418
4949 6609
4949 7995
4949 8006
4949 9248
4949 9505
4950 5019
4950 6096
4950 6435
4950 6883
4950 8451
4950 8681
4951 5581
4951 7209
4951 7807
4951 8089
4951 8528
4951 8986
4951 9216
4951 9388
4952 7172
4952 9168
4953 6201
4953 8741
4953 9207
4953 9541
4954 5302
4954 5337
4954 5418
4954 5675
4954 6128
4954 9344
4954 9459
4954 9738
4955 5576
4955 5737
4955 6803
4955 6876
4955 7111
4955 7399
4955 8712
4956 5350
4956 6980
4956 8954
4956 9798
4957 5838
4957 9880
4957 9906
4958 7518
4958 7901
4958 8502
4958 8746
4958 9106
4958 9321
4958 9851
4959 6925
4959 7796
4959 8385
4960 5748
4960 5751
4960 6237
4960 8675
4960 8975
4960 9808
4961 5364
4961 6631
4961 8199
4961 9447
4962 5060
4962 5891
4962 9161
4962 9769
4963 5433
4963 5509
4963 5526
4963 6149
4963 6216
4963 7020
4963 8513
4963 9405
4964 6708
4964 6906
4964 6916
4964 7859
4964 7860
4964 8648
4964 9048
4965 7257
4965 8942
4965 9063
4966 6583
4966 8158
4966 8738
4967 5448
4967 9021
4967 9253
4968 5546
4968 6240
4968 6300
4968 6751
4968 7551
4968 7877
4968 8736
4969 5242
4969 6016
4969 7414
4969 8158
4969 9686
4970 5001
4970 6786
4970 7396
4970 9868
4970 9941
4971 5154
4971 5963
4971 9841
4972 5095
4972 5390
4972 7376
4972 7443
4972 7893
4972 7966
4972 8009
4972 8774
4973 5802
4973 6654
4973 7503
4973 7627
4973 7801
4973 8487
4973 9934
4974 5834
4974 7533
4974 9206
4975 5089
4975 6623
4975 6690
4975 7086
4975 7243
4975 7446
4976 7949
4976 8411
4977 6349
4977 6429
4977 8007
4977 9471
4978 5730
4978 6585
4978 6825
4978 6990
4978 7209
4978 7742
4978 8167
4978 8320
4979 6159
4979 6364
4979 6397
4979 6535
4979 8803
4980 5423
4980 5505
4980 7819
4981 5047
4981 5675
4981 6017
4981 6284
4981 6906
4981 9142
4982 5678
4982 7403
4982 8288
4982 8410
4984 7303
4984 8338
4984 8824
4984 9465
4985 5354
4985 5499
4985 6177
4985 6328
4985 6333
4985 6638
4985 7291
4985 8275
4985 8856
4986 5317
4986 6746
4986 8527
4986 8722
4986 9889
4987 9201
4988 5110
4988 5581
4988 7071
4988 7277
4988 7563
4988 8634
4988 9234
4988 9400
4988 9803
4988 9858
4989 5993
4989 6636
4989 8872
4989 9509
4990 5717
4990 8295
4991 5719
4991 6954
4991 7306
4991 7592
4992 8763
4992 8960
4992 9207
4993 6851
4993 8356
4994 7787
4995 5173
4995 6394
4995 8150
4995 9547
4996 5423
4996 5840
4996 6679
4996 7452
4996 9690
4997 5577
4997 6328
4997 6488
4997 7306
4997 7750
4997 7834
4997 9372
4998 5201
4998 7682
4998 8244
4998 8479
4998 8502
4998 9601
4998 9668
4998 9706
4999 6172
4999 7293
4999 7649
4999 8290
4999 8352
4999 9660
5000 5582
5000 6098
5000 6144
5000 9336
5001 5396
5001 6060
5001 6125
5001 6206
5001 6695
5001 6900
5001 9565
5002 5128
5002 6368
5002 6947
5002 7716
5003 7341
5003 9985
5004 6051
5004 6164
5004 6889
5004 7552
5004 8313
5004 8654
5004 9127
5005 8212
5005 9032
5005 9284
5006 5730
5006 6402
5006 6730
5006 8165
5006 9081
5007 6962
5007 7702
5007 8076
5007 8256
5007 8918
5007 9382
5007 9497
5007 9750
5008 6699
5008 8053
5008 9263
5008 9516
5009 5368
5009 5914
5009 6597
5009 8875
5010 6509
5010 7961
5010 8033
5010 8155
5010 8548
5010 9329
5011 6527
5011 7839
5011 8685
5011 9864
5012 5021
5012 5736
5012 7151
5012 7694
5013 6147
5013 6510
5013 6934
5013 8404
5013 9867
5013 9889
5014 5719
5014 7932
5014 8306
5015 5804
5015 6692
5015 7336
5015 9098
5015 9886
5016 6603
5016 8620
5016 8925
5016 9589
5016 9992
5017 6205
5017 6760
5017 6787
5017 7137
5017 7191
5018 5184
5018 8330
5018 8436
5018 9172
5018 9455
5019 5373
5019 5384
5019 7162
5019 7562
5019 7840
5019 9827
5020 5712
5020 6140
5020 8164
5020 8394
5020 9407
5021 6189
5021 7096
5021 7683
5021 9624
5022 6403
5022 6752
5022 7269
5022 8591
5022 9369
5022 9629
5023 6307
5024 5506
5024 6612
5024 8852
5024 9714
5025 6257
5025 6791
5025 8586
5025 9720
5026 6123
5026 6175
5026 6968
5026 8884
5026 9147
5027 7907
5027 9214
5027 9610
5027 9707
5028 5602
5028 8529
5028 8850
5028 9113
5029 5079
5029 7107
5029 7829
5030 6935
5030 8156
5031 5385
5031 7897
5031 8754
5031 8791
5031 9242
5032 6026
5032 6149
5032 6393
5032 8014
5032 8540
5032 9311
5033 5848
5033 6038
5033 9305
5034 5912
5034 6692
5034 7915
5034 8296
5034 8960
5034 9398
5035 5747
5035 6293
5035 7259
5035 7547
5036 6084
5036 6128
5036 6247
5036 6850
5036 7324
5036 8209
5038 6235
5038 7304
5038 7656
5038 8396
5038 9238
5039 5541
5039 6610
5039 6613
5039 9232
5040 7497
5040 7786
5040 8608
5040 9171
5040 9515
5040 9776
5041 5065
5041 5421
5041 5995
5041 8276
5041 9877
5042 5380
5042 6197
5042 7085
5042 7440
5042 8133
5042 8667
5042 9413
5043 5045
5043 6709
5043 7688
5043 7893
5044 5837
5044 8606
5045 5722
5045 6147
5045 9776
5046 5221
5046 8120
5046 8722
5046 9787
5046 9866
5047 5971
5047 6922
5047 9884
5048 5406
5048 5464
5048 5921
5048 8078
5048 8614
5049 5140
5049 7888
5049 8507
5050 7002
5050 7597
5050 7816
5051 5644
5051 6265
5051 7807
5051 7817
5051 7982
5052 5224
5052 6304
5052 6890
5052 7879
5052 7913
5052 9281
5052 9412
5052 9593
5052 9846
5053 5095
5053 6878
5053 6982
5053 7166
5053 7201
5053 9588
5053 9939
5054 5670
5054 6716
5054 7227
5054 8071
5054 8503
5054 8698
5055 5264
5055 5355
5055 5664
5055 5726
5055 7329
5055 7403
5055 9849
5056 5796
5056 7313
5056 8978
5057 5767
5057 8105
5057 8702
5057 9788
5058 5286
5058 6440
5058 7476
5058 7549
5058 7684
5059 5697
5059 6045
5059 7603
5059 8084
5059 8959
5059 9558
5060 7102
5060 9061
5060 9175
5061 9409
5061 9680
5061 9848
5062 5104
5062 7778
5062 9808
5063 6437
5063 7024
5063 7790
5063 8884
5063 8942
5063 9161
5064 7857
5064 9770
5065 5938
5065 9609
5066 5159
5066 6218
5066 7700
5066 8258
5066 8584
5067 5976
5067 7667
5067 8621
5067 8800
5067 8806
5068 6259
5068 6623
5068 6940
5069 6297
5069 9404
5069 9525
5070 7600
5070 7623
5070 9033
5071 5875
5071 6432
5071 6483
5071 6622
5071 6732
5071 7055
5072 8469
5072 9474
5072 9850
5073 5190
5073 5264
5073 7335
5073 9910
5074 6067
5074 6352
5074 7918
5074 9215
5075 6027
5075 7566
5075 8289
5075 8610
5075 9075
5075 9539
5075 9679
5076 7172
5076 7635
5076 8966
5077 5767
5078 8095
5078 8547
5079 5663
5079 7312
5079 8081
5080 5275
5080 7368
5081 5600
5081 5799
5081 6195
5081 7925
5082 5338
5082 6371
5082 7688
5082 8135
5082 8239
5082 8832
5082 9046
5082 9141
5082 9709
5083 5246
5083 6650
5083 6816
5083 8133
5083 9665
5083 9753
5084 6108
5084 6361
5084 6537
5084 7152
5084 8001
5084 9886
5085 5347
5085 6437
5085 6897
5085 7425
5085 7928
5085 8564
5085 8836
5085 9936
5086 6719
5086 6794
5086 7033
5086 7410
5086 9028
5086 9457
5086 9677
5087 5473
5087 6479
5087 8359
5088 5972
5088 5991
5088 7005
5088 7981
5088 8760
5088 9211
5088 9307
5089 5844
5089 9561
5089 9795
5090 7083
5090 7093
5090 7469
5090 7579
5090 7795
5090 8015
5090 8295
5090 8310
5090 8716
5091 6165
5091 6578
5091 6901
5091 7072
5092 5633
5092 6877
5092 7366
5092 7434
5092 7914
5092 8589
5092 8875
5093 7380
5093 8765
5094 5379
5095 5415
5095 6333
5095 6522
5095 7958
5095 8137
5095 8726
5095 9411
5095 9681
5096 5193
5096 5617
5096 5792
5096 5991
5096 7891
5096 8769
5097 5174
5097 5696
5097 5870
5097 9404
5098 6083
5098 6488
5098 6972
5098 8719
5098 8995
5098 9330
5099 5439
5099 7287
5099 7617
5099 8118
5099 9271
5099 10000
5100 6041
5100 6741
5100 8546
5100 8570
5100 8612
5100 9741
5101 5122
5101 5217
5101 7657
5101 8640
5101 9270
5101 9927
5102 5437
5102 6692
5102 8770
5102 9239
5102 9349
5102 9827
5103 5288
5103 5701
5103 8610
5103 9464
5104 5289
5104 5707
5104 6983
5104 9828
5105 6005
5105 6449
5105 7862
5105 9345
5106 8719
5106 8865
5106 9409
5107 5355
5107 5792
5107 5831
5107 5912
5107 6843
5107 8059
5107 8624
5107 8634
5107 9412
5108 6033
5108 6079
5108 6084
5108 6346
5108 7369
5109 5200
5109 8123
5109 8326
5109 9526
5110 5509
5110 6146
5110 9778
5110 9810
5111 5149
5111 5883
5111 5913
5111 8832
5112 6024
5112 6940
5112 8154
5112 8233
5113 5878
5113 7199
5113 8541
5113 8756
5113 9083
5113 9835
5114 5274
5114 5513
5114 8333
5114 9243
5115 5323
5115 6047
5115 8326
5115 8823
5115 9140
5115 9965
5116 5143
5116 5847
5116 5872
5116 7425
5116 9065
5116 9962
5117 5275
5117 6016
5117 6105
5117 7261
5117 7830
5117 8289
5117 8380
5118 5907
5118 6736
5118 8312
5118 8956
5119 7213
5119 8542
5119 9054
5120 6534
5120 9122
5120 9482
5121 5323
5121 8033
5121 9014
5121 9410
5121 9962
5122 5171
5122 5549
5122 6145
5122 6829
5122 7418
5122 9763
5123 5388
5123 6215
5123 8687
5124 6118
5124 6586
5124 8453
5124 8844
5125 5403
5125 5612
5125 5693
5125 5954
5125 7512
5125 7539
5125 7630
5125 7744
5125 7908
5125 7923
5125 9438
5125 9670
5126 6549
5126 6606
5126 6654
5126 7293
5126 7310
5126 7552
5126 7895
5126 8398
5126 8684
5127 5194
5127 5819
5127 5889
5127 6350
5127 7274
5127 7864
5127 9321
5127 9594
5127 9739
5128 7647
5128 8057
5128 8544
5129 5228
5129 5670
5129 7570
5129 8927
5129 9449
5130 6326
5130 8862
5130 9089
5131 5628
5131 5794
5131 6382
5131 6484
5131 7297
5131 8388
5131 8422
5131 8793
5132 5351
5132 5716
5132 6135
5132 7053
5132 7314
5132 9322
5132 9603
5133 8378
5134 5770
5134 5990
5134 6329
5134 6554
5134 7027
5134 7222
5134 7506
5134 7917
5134 7951
5134 8531
5135 5230
5135 7409
5135 9485
5136 9932
5137 5293
5137 5765
5137 7204
5137 7944
5137 8021
5137 8945
5137 9030
5137 9576
5138 5624
5138 5648
5138 6446
5138 6477
5138 7101
5138 7971
5138 9037
5138 9182
5138 9649
5138 9904
5139 6233
5139 6434
5139 6571
5139 8593
5140 5371
5140 6498
5141 7131
5141 7899
5141 8359
5142 5207
5142 5898
5142 7039
5142 9105
5142 9304
5143 5243
5143 5832
5143 6174
5143 6578
5143 6776
5143 7857
5143 7958
5143 8609
5143 9469
5144 5912
5144 5992
5144 7311
5144 8124
5144 8450
5144 8601
5144 9697
5145 7658
5145 7957
5145 8082
5145 9732
5146 5302
5146 8657
5147 5371
5147 7128
5147 7628
5147 9221
5148 5243
5148 5970
5148 6543
5148 7049
5148 8007
5148 8676
5148 8946
5149 7479
5149 7843
5149 9373
5150 5351
5150 6476
5150 8805
5150 8975
5151 8893
5151 9032
5151 9151
5152 6274
5152 7589
5152 8383
5152 9515
5153 6328
5153 9898
5154 6997
5154 7571
5155 6341
5155 7374
5155 7804
5155 9662
5155 9735
5156 6073
5156 6267
5156 9191
5156 9532
5157 6706
5157 8572
5157 9131
5158 5301
5158 5846
5158 6569
5158 8924
5159 5161
5159 6116
5159 7559
5159 7800
5159 8589
5159 9119
5160 5178
5160 6416
5160 6981
5160 8050
5160 8897
5160 9874
5161 5385
5161 6142
5161 6978
5161 7065
5161 7219
5161 8795
5162 5392
5162 7828
5162 7962
5162 8590
5162 8637
5162 9631
5162 9942
5163 7458
5163 8400
5163 8446
5163 8848
5163 9229
5164 5462
5164 5909
5164 6374
5164 6596
5164 7470
5164 7635
5164 8676
5164 8982
5164 9904
5165 6261
5165 6504
5165 8523
5165 8612
5165 8670
5165 9845
5165 9971
5166 5173
5166 5333
5166 6811
5166 6977
5166 7845
5166 8073
5166 9175
5167 5442
5167 6551
5167 9327
5168 5871
5168 5913
5168 6603
5168 8000
5168 9142
5168 9704
5168 9832
5168 9868
5168 9938
5169 5329
5169 5953
5169 6876
5169 8161
5169 8477
5169 9654
5169 9685
5170 5950
5170 7216
5170 7635
5170 8081
5170 8128
5170 8345
5170 9830
5171 5390
5171 6445
5171 7286
5171 7692
5172 5176
5172 5602
5173 8170
5173 8189
5174 5878
5175 5575
5175 5850
5176 6358
5176 7040
5176 9415
5177 9843
5178 7904
5178 8550
5179 5416
5179 5817
5179 6138
5179 7594
5179 9679
5180 5273
5180 5801
5180 8311
5180 8422
5181 5770
5181 5798
5181 6135
5181 7449
5181 7780
5181 8508
5182 6102
5182 6769
5182 6831
5182 7805
5182 8273
5182 9415
5183 6129
5183 7857
5183 8111
5183 8221
5183 8526
5183 9848
5184 5681
5184 6313
5184 6829
5184 7481
5184 8291
5184 9120
5185 5190
5185 8938
5186 5356
5186 5935
5186 6114
5186 6271
5186 6529
5186 7275
5186 9230
5187 5354
5187 5769
5188 5761
5188 5866
5188 9107
5189 9614
5190 6311
5190 6975
5190 7715
5190 7834
5190 9893
5191 5907
5191 6194
5191 7323
5191 8014
5191 8634
5192 6043
5192 6998
5192 7555
5192 8716
5192 9112
5192 9356
5192 10000
5193 6769
5193 9445
5194 6904
5194 8371
5194 9134
5194 9461
5194 9817
5195 5289
5195 5631
5195 6671
5195 6985
5195 7705
5195 8279
5195 8489
5195 8653
5195 8887
5195 9832
5195 9846
5195 9866
5196 5212
5196 5579
5196 5605
5196 6272
5196 8777
5196 9135
5197 5596
5197 8644
5197 8739
5197 8796
5197 9342
5197 9753
5198 6414
5198 7011
5198 7326
5198 7342
5198 7919
5198 8854
5198 9101
5199 5281
5199 8633
5199 8751
5199 9976
5200 5674
5200 5970
5200 6914
5200 7177
5200 7901
5200 8132
5201 6067
5201 7256
5201 7647
5201 7662
5201 8134
5201 9319
5202 5840
5202 7654
5202 9514
5202 9847
5203 5656
5203 5953
5203 8204
5203 9552
5203 9655
5204 5399
5204 7016
5204 7092
5204 8156
5204 9126
5205 5670
5205 6169
5205 6632
5205 8649
5205 8702
5206 5484
5206 5973
5206 6178
5206 7885
5206 8155
5206 8624
5207 5224
5207 7417
5207 8148
5207 9490
5207 9513
5208 8920
5209 5823
5209 8769
5210 5575
5210 6549
5210 7331
5210 7695
5210 8946
5211 5226
5211 5876
5211 6074
5211 7015
5211 7738
5211 8792
5211 9000
5211 9979
5212 7023
5212 9048
5212 9111
5213 5353
5213 6109
5213 6147
5213 9692
5213 9906
5214 6496
5214 7097
5214 7711
5214 7757
5214 9077
5214 9604
5215 5318
5215 5475
5215 5650
5215 5791
5215 6459
5215 7101
5215 7629
5215 8808
5215 9351
5216 5335
5216 5630
5216 7174
5216 7196
5216 7713
5216 8861
5216 9674
5216 9961
5217 7031
5217 7971
5217 8318
5217 8983
5218 6890
5218 9346
5219 7126
5220 5595
5220 6297
5220 7380
5220 7399
5220 7724
5220 8637
5220 9635
5220 9675
5221 5786
5221 6250
5221 6857
5221 9479
5222 5474
5222 6136
5223 5326
5223 5390
5223 6144
5224 6463
5224 6987
5224 7528
5224 8289
5224 9246
5224 9533
5225 6628
5225 6704
5225 8007
5226 7074
5226 7363
5226 7958
5227 6614
5227 8835
5227 9485
5227 9605
5228 5707
5228 7848
5228 8188
5228 9630
5229 6422
5229 7146
5229 9360
5230 5360
5230 8117
5230 8296
5230 8819
5230 9751
5231 5274
5231 6220
5231 7311
5232 6317
5232 8843
5233 6335
5233 8672
5234 6469
5234 8469
5234 9621
5235 6071
5235 6888
5235 7877
5235 8090
5235 8430
5236 5930
5236 6735
5236 7296
5236 8092
5236 8930
5236 9558
5236 9827
5237 7951
5237 9847
5238 7116
5238 8875
5239 5640
5239 6870
5239 8397
5239 8698
5240 5942
5240 6341
5240 7559
5240 8929
5240 9101
5241 5954
5241 6971
5241 7086
5241 9171
5242 5523
5242 6093
5242 9787
5242 9990
5243 6435
5243 7235
5243 8436
5243 8445
5243 9513
5244 6201
5244 6305
5244 7826
5245 6480
5245 6623
5245 6724
5245 7659
5245 8346
5245 8880
5245 9206
5245 9260
5246 5358
5246 5974
5246 7511
5246 8317
5247 6596
5247 8497
5247 9545
5248 7014
5248 7649
5248 8116
5248 8479
5248 8978
5249 5719
5249 5801
5249 7002
5249 7839
5250 5892
5250 9225
5250 9852
5251 6237
5251 6605
5251 6837
5251 7857
5251 8003
5251 8482
5251 8546
5251 9543
5251 9612
5251 9788
5252 6147
5252 6625
5252 6750
5252 6832
5252 7835
5252 8171
5252 8453
5252 8458
5252 8558
5252 9078
5252 9311
5252 9948
5253 5605
5253 6707
5253 7765
5254 6171
5254 7084
5254 7140
5254 8016
5254 8894
5255 5380
5255 5664
5255 5781
5255 8263
5255 9882
5256 8274
5256 8426
5256 9098
5256 9892
5257 9313
5257 9680
5258 5758
5258 5887
5258 7425
5258 7560
5258 9028
5258 9206
5258 9332
5258 9367
5258 10000
5259 5305
5259 5747
5259 6175
5259 6609
5259 7406
5259 8526
5260 6609
5260 7523
5260 8158
5260 9078
5260 9490
5261 5316
5261 7112
5261 7591
5261 8943
5262 5664
5262 5804
5262 6053
5262 6304
5262 7120
5262 7876
5262 8153
5263 7537
5263 9354
5263 9376
5264 5754
5264 6944
5264 7183
5264 7936
5265 5433
5265 6235
5265 6880
5265 7150
5265 7165
5265 7252
5265 8187
5266 5482
5266 6644
5266 7054
5266 7944
5266 8598
5266 9854
5267 5522
5267 5712
5267 6257
5267 6629
5267 8337
5267 8408
5267 8448
5267 8504
5267 8631
5267 9770
5268 7696
5268 7861
5268 8064
5268 8473
5268 9591
5269 6413
5269 6414
5269 9109
5269 9503
5270 5339
5270 5483
5270 7519
5270 7848
5270 8011
5270 8431
5270 8694
5271 7640
5271 8634
5271 9511
5272 5284
5272 6564
5272 7107
5272 7657
5272 8758
5272 9568
5272 9575
5273 5278
5273 5740
5273 6008
5273 6427
5273 8739
5273 9139
5273 9658
5274 5626
5274 5914
5274 6113
5274 6971
5274 7381
5274 7566
5274 8202
5274 9130
5274 9223
5274 9397
5275 5967
5275 6816
5275 7129
5275 8272
5276 5873
5276 7107
5276 7535
5276 7823
5276 8035
5276 8415
5276 8772
5277 6193
5277 7880
5277 7975
5277 8426
5277 8745
5277 9062
5278 5511
5278 6767
5278 7295
5278 7392
5278 7602
5278 7738
5278 7980
5279 8385
5279 9679
5280 7060
5280 8061
5280 9331
5281 5319
5281 6888
5281 7403
5281 8015
5281 8891
5281 9932
5282 5355
5282 5857
5282 6341
5282 7456
5282 8424
5282 9522
5283 5466
5283 6261
5283 6373
5283 8166
5283 9246
5283 9306
5283 9601
5284 6180
5285 5576
5285 6658
5285 7555
5285 7580
5285 9040
5285 9514
5285 9665
5286 6345
5286 8338
5286 8612
5287 6736
5287 7302
5287 8728
5287 9324
5287 9730
5288 6835
5288 8612
5288 8830
5288 9723
5289 5526
5289 5739
5289 8036
5289 9220
5289 9573
5290 7220
5291 5843
5291 6087
5291 6547
5291 8139
5291 9382
5292 5573
5292 5939
5292 6980
5292 7032
5292 7571
5293 5856
5293 6118
5293 6345
5293 7071
5293 7323
5293 7326
5293 9037
5293 9251
5293 9418
5293 9457
5294 5619
5294 5870
5294 6406
5294 9155
5294 9791
5295 6991
5295 7630
5296 5717
5296 7678
5297 5999
5297 6118
5297 6327
5297 9221
5298 6046
5298 6152
5298 6395
5298 7133
5298 7616
5298 8061
5298 8116
5298 9365
5299 5345
5299 6089
5299 7127
5299 7793
5299 8034
5300 5925
5300 6801
5300 7705
5301 5552
5301 6502
5301 7359
5301 8473
5302 5562
5302 5899
5302 6285
5302 7944
5302 8045
5302 9844
5303 6583
5303 7606
5303 7829
5303 9417
5304 5526
5304 5620
5304 5876
5304 6546
5304 6997
5304 7051
5304 7837
5304 8206
5304 9253
5304 9745
5305 5857
5305 6527
5305 6822
5306 5356
5306 6457
5306 7118
5306 7125
5306 7515
5306 8382
5307 5456
5307 6595
5307 7233
5307 8953
5308 7110
5308 8253
5308 8552
5308 9661
5309 5379
5309 6048
5309 8784
5309 9088
5309 9180
5309 9790
5310 5724
5310 6369
5310 6437
5310 7044
5310 7821
5310 8840
5311 5480
5311 5488
5311 7061
5311 7686
5311 8413
5311 9324
5311 9669
5312 5725
5312 5808
5312 6442
5312 7186
5312 7469
5312 8011
5312 8779
5313 6827
5313 7209
5313 7410
5313 9304
5314 5854
5314 6252
5314 7233
5314 8019
5315 5360
5315 5388
5315 6225
5315 7469
5315 8305
5315 9399
5315 9711
5316 6505
5316 6758
5316 8231
5317 5913
5317 7041
5317 7571
5317 9614
5318 7257
5318 7884
5318 8648
5318 9513
5319 7286
5320 6308
5320 7905
5321 6689
5321 6802
5321 7258
5321 7877
5322 5479
5322 5813
5322 6116
5322 7313
5322 9035
5322 9121
5323 6177
5323 7471
5323 7490
5323 7530
5323 8459
5323 9204
5324 6586
5324 7003
5324 7441
5324 8321
5324 8743
5324 8857
5324 9811
5325 8035
5325 8355
5325 8600
5325 9101
5325 9349
5325 9545
5326 7968
5326 8179
5327 5553
5327 6045
5327 7758
5327 7971
5327 8594
5327 8640
5327 8845
5327 9281
5328 5778
5328 6396
5328 6900
5328 7616
5328 8017
5328 8023
5328 8175
5328 8435
5328 9364
5329 5974
5329 6654
5329 7001
5329 7231
5330 5398
5330 5925
5330 8151
5331 5418
5331 6351
5331 7041
5331 9039
5331 9641
5332 5823
5332 7149
5332 7152
5332 7244
5332 7255
5332 7833
5332 8600
5332 8835
5332 8857
5332 9384
5333 6013
5333 6326
5333 7708
5333 8355
5333 8420
5333 8746
5333 8853
5334 6253
5334 6647
5334 7301
5334 7499
5334 8111
5334 8860
5335 5435
5335 5660
5335 5670
5335 6574
5335 8163
5335 8206
5335 8302
5336 5466
5336 6624
5336 7939
5336 8586
5336 8964
5336 9985
5337 7094
5337 7511
5337 7870
5337 8116
5337 8795
5337 9758
5337 9857
5337 9952
5338 6463
5338 8165
5338 9525
5339 7331
5339 7963
5339 8536
5339 9566
5340 5573
5340 5574
5340 7343
5340 8788
5340 9969
5341 5503
5341 5584
5341 7332
5341 7563
5341 7713
5341 9121
5342 6162
5342 6465
5342 7499
5342 7583
5342 8729
5343 6217
5343 9529
5344 5906
5344 7264
5344 7664
5344 8557
5344 9106
5344 9195
5345 6314
5345 7521
5345 9085
5345 9417
5346 8530
5346 9353
5347 5826
5347 6159
5347 8056
5347 8643
5347 9951
5348 5371
5348 6047
5348 6065
5348 8939
5348 9037
5349 5575
5349 5583
5349 6115
5349 6520
5349 7142
5349 7238
5349 9125
5350 6065
5350 6413
5350 6732
5350 8006
5350 9075
5351 6565
5351 7634
5351 9051
5352 5674
5352 6676
5352 7081
5353 8069
5353 9180
5353 9539
5354 5534
5354 9119
5354 9888
5355 7852
5355 8470
5355 9552
5355 9829
5356 5680
5356 7040
5357 5430
5357 6926
5357 8175
5357 8705
5357 8809
5357 8989
5357 9977
5358 6645
5358 8202
5358 8916
5359 6571
5359 7618
5359 7695
5359 8526
5359 9595
5360 6762
5360 7246
5360 7513
5360 7609
5360 7761
5360 7950
5360 8004
5360 8122
5360 8897
5360 9403
5360 9412
5361 5529
5361 7279
5361 7467
5361 7585
5361 7925
5362 5376
5362 6061
5362 8022
5362 9979
5363 5754
5363 5922
5363 8220
5363 8634
5363 9282
5363 9953
5364 6017
5364 6571
5364 6932
5364 8253
5364 8576
5364 9486
5364 9585
5365 5587
5365 5885
5365 7193
5365 7357
5365 7609
5365 7836
5365 8875
5365 9298
5366 7010
5366 7226
5366 8411
5366 9627
5367 5590
5367 5810
5367 7697
5367 8541
5368 5379
5368 5626
5368 7010
5368 8568
5368 8783
5369 5421
5369 6447
5369 6635
5369 8495
5369 9832
5370 8371
5370 8410
5371 6422
5371 7849
5371 7858
5371 7943
5371 8191
5371 8757
5371 8909
5371 9321
5371 9476
5371 9571
5371 9930
5372 5977
5372 7089
5372 7106
5372 7580
5372 7947
5372 8421
5372 8654
5372 9348
5372 9525
5372 9526
5373 5684
5373 6674
5373 7911
5373 8235
5373 8818
5373 9605
5373 9692
5374 5386
5374 7343
5374 9148
5374 9418
5374 9508
5375 5470
5375 5671
5375 6034
5375 6916
5375 8018
5375 8414
5376 5491
5376 6768
5376 8213
5376 9051
5376 9108
5377 5875
5377 7439
5377 7441
5377 8359
5377 9320
5377 9769
5378 5672
5378 9597
5379 5549
5379 5873
5380 5732
5380 7639
5381 6117
5381 7745
5381 9492
5381 9998
5382 6482
5383 6153
5383 6464
5383 8540
5384 8583
5384 8624
5384 9293
5385 5445
5385 6400
5385 7175
5385 7495
5386 5538
5386 5729
5386 8076
5386 8477
5386 9832
5387 6545
5387 6597
5387 6799
5387 7417
5387 7713
5387 8005
5387 8668
5387 8739
5387 9367
5388 5584
5388 6779
5388 9060
5388 9288
5389 6341
5389 8048
5389 8590
5389 9870
5390 6025
5390 7335
5390 8800
5390 9042
5391 6219
5391 6614
5391 8993
5392 5410
5392 6522
5393 6054
5393 6135
5393 6268
5393 7116
5393 8332
5393 8368
5393 9042
5394 5395
5394 6286
5394 7508
5394 8059
5394 9576
5394 9978
5395 5644
5395 6555
5395 8163
5396 6100
5396 7228
5396 8194
5397 5836
5397 6011
5397 8659
5397 9674
5398 5508
5398 5820
5398 6005
5398 6083
5398 9810
5399 5569
5399 5936
5399 6010
5399 6329
5399 6454
5399 6620
5399 8866
5399 9706
5399 9975
5400 6669
5400 7895
5400 7955
5400 8095
5401 6232
5401 7349
5401 7734
5401 8508
5401 9451
5402 5755
5402 8318
5402 8476
5402 9161
5403 5742
5403 5984
5404 5504
5404 5586
5404 6394
5404 6544
5404 7135
5404 7329
5404 7403
5404 9139
5405 5428
5405 6237
5405 6303
5405 8620
5405 9279
5405 9830
5406 6327
5406 7081
5406 9148
5406 9431
5407 7836
5407 8143
5408 7543
5408 8339
5408 8398
5408 8919
5408 9627
5409 5631
5409 7232
5409 7990
5409 8126
5409 9720
5409 9901
5410 5784
5410 6694
5410 8158
5410 8915
5410 9797
5411 5442
5411 6353
5411 6357
5411 7118
5411 7142
5411 9900
5412 6919
5412 8109
5412 9265
5413 5972
5413 6949
5413 7189
5413 7706
5413 8741
5413 9397
5413 9707
5413 9716
5413 9828
5414 7351
5414 8467
5414 9990
5415 6334
5415 7356
5415 8211
5416 8737
5416 8770
5416 9275
5416 9885
5417 5476
5417 5959
5417 6312
5417 6631
5417 7144
5417 7218
5417 7418
5417 8028
5417 8877
5418 5846
5418 7354
5418 7428
5418 8497
5418 9480
5418 9779
5418 9888
5419 7939
5419 8587
5420 7856
5420 8270
5420 9228
5420 9864
5421 5477
5421 6556
5421 7023
5421 7041
5421 8221
5421 8508
5421 9329
5422 5561
5422 8164
5422 9964
5423 5857
5423 6632
5423 9785
5424 5786
5424 7683
5424 7964
5424 8115
5424 9516
5425 7922
5425 8222
5425 8425
5425 8736
5425 9415
5425 9791
5426 8321
5426 9774
5427 5513
5427 6078
5427 6500
5427 6502
5427 6683
5427 7338
5427 7533
5427 8406
5427 8678
5428 6301
5428 7100
5428 7732
5428 8695
5428 9305
5428 9467
5428 9486
5429 5482
5429 6000
5429 6928
5429 6997
5429 8584
5429 9178
5429 9694
5430 5985
5430 6207
5430 6597
5430 6640
5430 6855
5430 8823
5430 9771
5431 6239
5431 6319
5431 7362
5431 8701
5431 9159
5432 6360
5432 8053
5432 8848
5433 5620
5433 6623
5433 7449
5433 8342
5433 8492
5434 6319
5434 8257
5435 5639
5435 5768
5435 6176
5435 6460
5435 6753
5435 6852
5435 7048
5435 7219
5435 7295
5435 8502
5435 8663
5435 9452
5436 6527
5436 6610
5436 6784
5436 8282
5436 9965
5437 5776
5437 6100
5437 7541
5437 7820
5437 7963
5437 9062
5437 9098
5438 5521
5438 8551
5439 6429
5439 9797
5440 5828
5440 6195
5440 6946
5440 7266
5440 8126
5440 8213
5440 9692
5441 6945
5441 9395
5442 6215
5442 6227
5442 8590
5442 8600
5442 9274
5442 9857
5443 5620
5443 7216
5443 7944
5443 9145
5444 5986
5444 6718
5444 8404
5444 9847
5445 5561
5445 9295
5446 5891
5446 7707
5446 9288
5446 9871
5447 6697
5447 7073
5448 6373
5448 7739
5448 8556
5448 9510
5448 9896
5449 6251
5449 6278
5449 6597
5449 8162
5449 8218
5449 8912
5450 6389
5450 7740
5450 7948
5450 7978
5450 9391
5451 8490
5452 5815
5452 6363
5452 6503
5452 6661
5452 7297
5452 7345
5452 7442
5452 7672
5452 7820
5452 9936
5453 5465
5453 6043
5453 6125
5453 7235
5453 7593
5453 9857
5454 6466
5454 9504
5455 6584
5455 7353
5456 5628
5456 7677
5456 9126
5456 9278
5457 5680
5457 6319
5458 8080
5458 8258
5458 9950
5459 5868
5459 6927
5459 9011
5459 9487
5459 9929
5460 6413
5461 6171
5461 6701
5461 7133
5461 7666
5461 9517
5461 9940
5462 5877
5462 5883
5462 6194
5462 7104
5462 7721
5462 9582
5462 9999
5463 5915
5463 7084
5463 7986
5463 8251
5463 8468
5463 8491
5463 8951
5463 9765
5465 6334
5465 7362
5466 6372
5466 7555
5466 7927
5466 8758
5466 9437
5466 9860
5467 6067
5467 6125
5467 6348
5467 8298
5468 6899
5468 7323
5468 7891
5468 8240
5468 9629
5469 6244
5469 6582
5469 6708
5469 6845
5469 7413
5469 9406
5470 8966
5471 8763
5472 5880
5472 5998
5472 6045
5472 7578
5472 7897
5472 7936
5472 8770
5472 9671
5473 7045
5473 7578
5473 8373
5473 8936
5473 9350
5474 7164
5474 8077
5474 9925
5474 9994
5475 6809
5476 6771
5476 7062
5476 9218
5476 9309
5477 7228
5477 8870
5478 6005
5478 6419
5478 6505
5478 7219
5478 7840
5478 9099
5478 9140
5478 9487
5479 9051
5479 9345
5479 9824
5480 6020
5480 6194
5480 6218
5480 7663
5480 7705
5480 7720
5480 8009
5480 8885
5480 9009
5480 9428
5480 9569
5480 9932
5481 6652
5481 6828
5481 7695
5481 7738
5481 9143
5481 9318
5482 5524
5482 5668
5482 7039
5483 5695
5483 6803
5483 7265
5483 7365
5483 7780
5483 8378
5483 9150
5484 5585
5484 5770
5484 5920
5484 7666
5484 7911
5484 8237
5484 8489
5484 8620
5484 8800
5484 9786
5485 5640
5485 6090
5485 6293
5485 9622
5486 7675
5486 8327
5486 8611
5487 5992
5487 6591
5487 6993
5487 8087
5487 8141
5487 8883
5488 6019
5488 8206
5488 8706
5488 8873
5488 9469
5488 9697
5489 5903
5489 7618
5489 7847
5489 8284
5490 5854
5490 8512
5490 9236
5491 5925
5491 6082
5491 8363
5491 8688
5491 9065
5492 5610
5492 6181
5492 7220
5492 7362
5492 7469
5492 7873
5492 8103
5493 6135
5493 6947
5493 7671
5493 9175
5494 6917
5494 7470
5494 8804
5495 7472
5495 8159
5495 9100
5496 6009
5496 8565
5496 9294
5496 9403
5497 5568
5497 5932
5497 6095
5497 6222
5497 6227
5497 8417
5497 9560
5497 9725
5498 5531
5498 6806
5498 7943
5498 8231
5498 8273
5498 8716
5498 8786
5498 8968
5498 9693
5498 9934
5499 5663
5499 6840
5499 7102
5499 7894
5499 7933
5499 9257
5499 9646
5500 5883
5500 8559
5500 9599
5501 5620
5501 6754
5501 7843
5501 8051
5501 8850
5501 8878
5502 5518
5502 6337
5502 9135
5502 9138
5503 6951
5503 8804
5503 8975
5503 9782
5503 9898
5504 6915
5504 6920
5504 8988
5504 9896
5504 9907
5505 6284
5505 7541
5505 9069
5505 9291
5505 9855
5506 6600
5506 9584
5507 5744
5507 7270
5507 8495
5507 9276
5507 9421
5507 9909
5507 9935
5508 7235
5508 8495
5508 8816
5508 8859
5508 8864
5509 7039
5509 9968
5510 7483
5510 8568
5510 9242
5510 9458
5511 7567
5511 7659
5511 8652
5511 9355
5512 7420
5512 7829
5512 9785
5513 6196
5513 7247
5513 8711
5513 9654
5514 6793
5514 7686
5514 8221
5514 8384
5515 5926
5515 6710
5515 9038
5515 9372
5516 6454
5516 7323
5516 7342
5516 8651
5516 8908
5516 8990
5517 6780
5517 8443
5517 9303
5517 9395
5518 6415
5518 8975
5519 7639
5519 9794
5520 5569
5520 5943
5520 6059
5520 7708
5521 6640
5521 7613
5521 8527
5521 8917
5521 9411
5522 6467
5522 9183
5522 9636
5523 5528
5523 5949
5523 6454
5523 9254
5523 9294
5524 5999
5524 7874
5524 8552
5524 8836
5524 9514
5525 7247
5525 8089
5525 8525
5526 7718
5527 5666
5527 7121
5527 7852
5527 9040
5527 9549
5528 6505
5528 9140
5529 7186
5529 7654
5529 7926
5530 6487
5530 7817
5530 8666
5531 8146
5531 8236
5531 9130
5532 6636
5532 7182
5532 7780
5532 9080
5532 9144
5533 6032
5533 6403
5533 6656
5533 9311
5533 9627
5534 5773
5534 7398
5534 8306
5535 5711
5535 5921
5535 7293
5536 6006
5536 6645
5536 6813
5536 7846
5536 8314
5536 8702
5536 8754
5536 8791
5536 9016
5536 9086
5537 6320
5537 7675
5537 8875
5538 5949
5538 6524
5538 6589
5538 7783
5538 9035
5538 9194
5538 9465
5538 9756
5539 6128
5539 6342
5539 7615
5539 9323
5539 9386
5540 6636
5540 7175
5540 8907
5540 9056
5541 6054
5541 6648
5542 5837
5542 5994
5542 6572
5542 6922
5542 6967
5542 7124
5542 7871
5542 8100
5542 8553
5542 8675
5543 6768
5543 7680
5543 8027
5543 9307
5544 9711
5544 9994
5545 5731
5545 6212
5545 7250
5545 8265
5545 8967
5545 9536
5545 9900
5546 5672
5546 6042
5546 8976
5546 9338
5546 9623
5547 6484
5547 6979
5547 7268
5547 7817
5547 8222
5547 8896
5547 8999
5548 5756
5548 7065
5549 6088
5549 7153
5549 7690
5549 8035
5549 9572
5549 9865
5550 6402
5550 6816
5550 7163
5550 7307
5550 7879
5550 8461
5551 5698
5551 5803
5551 5922
5551 6166
5551 6661
5551 7526
5551 7839
5551 8272
5552 5718
5552 5886
5552 8186
5552 8651
5552 8945
5552 9717
5553 7204
5553 7234
5553 7286
5553 7612
5554 6084
5554 8156
5554 8228
5555 5674
5555 5732
5555 6003
5555 7538
5556 5762
5556 8354
5556 9616
5556 9798
5557 5603
5557 5646
5557 5649
5557 5867
5557 8021
5557 8080
5557 8451
5558 5650
5558 5657
5558 6432
5558 8120
5558 8871
5559 6257
5559 7059
5559 9666
5559 9816
5560 6163
5560 7782
5561 6103
5561 6375
5561 6526
5561 6896
5561 7173
5561 7666
5561 8611
5561 9464
5562 6554
5562 7554
5563 7672
5563 9317
5563 9713
5564 7458
5564 8999
5564 9183
5564 9593
5565 6449
5565 6671
5565 6705
5565 8034
5565 8629
5565 9492
5565 9973
5566 5959
5566 7275
5566 8107
5566 8196
5566 8992
5566 9318
5567 7326
5567 7857
5568 6942
5568 7202
5568 8286
5568 8297
5568 8388
5569 8731
5569 9593
5570 6258
5570 6684
5570 7158
5570 7633
5570 7825
5570 8544
5570 8601
5571 8986
5571 9542
5571 9804
5572 6128
5572 6448
5572 6613
5572 7750
5573 7263
5573 7945
5573 8739
5573 9364
5574 6730
5574 8776
5574 9386
5574 9569
5575 9412
5575 9503
5575 9628
5576 5664
5576 6875
5576 7837
5577 5714
5577 6326
5577 7006
5577 7736
5577 8398
5577 8991
5578 6612
5578 8567
5578 9040
5578 9525
5578 9663
5578 9698
5579 5754
5579 6200
5579 6497
5579 6676
5579 8341
5579 9808
5580 7259
5580 8181
5581 5645
5581 6016
5581 6434
5581 6647
5581 7396
5581 8997
5581 9221
5581 9443
5581 9825
5581 9931
5582 6713
5582 7417
5582 8404
5582 9997
5583 9582
5583 9983
5584 8006
5584 8465
5585 7679
5585 7925
5585 8332
5585 8801
5585 9464
5585 9821
5586 7038
5587 7178
5587 8303
5587 8960
5587 9867
5588 6520
5588 7980
5588 8229
5588 9375
5589 7136
5589 7153
5589 7374
5589 7779
5589 7942
5589 8452
5589 9033
5589 9343
5589 9661
5589 9677
5589 9823
5590 6782
5590 7068
5590 7693
5590 7992
5590 9286
5590 9944
5591 6435
5591 6654
5591 6682
5591 7724
5591 8569
5591 9358
5591 9610
5592 5775
5592 6660
5593 6294
5593 7056
5593 7421
5593 9135
5594 6914
5594 6976
5595 5678
5595 5997
5595 9313
5596 5682
5596 6307
5596 9554
5597 6068
5597 6783
5597 8495
5597 8807
5597 9828
5598 6444
5598 6727
5598 7334
5598 8052
5598 8231
5598 8722
5599 6704
5599 8219
5600 5753
5600 6245
5600 6445
5600 9292
5601 5796
5601 8230
5601 9016
5601 9208
5602 6496
5602 8741
5602 9299
5602 9635
5603 5743
5603 6844
5603 6882
5603 9936
5604 6828
5605 5829
5605 9224
5605 9474
5605 9905
5606 6190
5607 6626
5607 6631
5607 7692
5607 8963
5607 9061
5607 9818
5608 6785
5608 8160
5608 8749
5608 9633
5608 9898
5609 8337
5609 8427
5609 9068
5609 9567
5610 6745
5610 8388
5610 8833
5611 7465
5611 8192
5611 9151
5611 9538
5612 5687
5612 9135
5612 9494
5612 9513
5613 6933
5613 8061
5613 8979
5613 9553
5614 5844
5614 8610
5614 8805
5614 9754
5615 5757
5615 6684
5615 7397
5615 8341
5615 9256
5615 9751
5616 5947
5616 6634
5616 7281
5616 8912
5616 9203
5617 7453
5617 8832
5618 6262
5618 6884
5618 7280
5618 8404
5618 8987
5618 9191
5619 6201
5619 7113
5619 7162
5619 8857
5620 7094
5620 7138
5620 7207
5620 7839
5620 8197
5620 9970
5621 5912
5621 7857
5622 6039
5622 6102
5622 6891
5622 7489
5622 7722
5622 8549
5622 9389
5623 6048
5623 6283
5623 6907
5623 7133
5623 9371
5624 6243
5624 6398
5624 6821
5624 7828
5624 8749
5625 5786
5625 7374
5625 7833
5625 8088
5625 8137
5625 9953
5626 5786
5626 6393
5626 7109
5626 7643
5626 8213
5626 8912
5626 9054
5626 9320
5627 5790
5627 6147
5627 8544
5627 9203
5628 5706
5628 5963
5628 7003
5628 7308
5628 7449
5628 7569
5628 8222
5629 9784
5630 8961
5630 9246
5631 6972
5631 7718
5631 8462
5631 8475
5631 8762
5631 8833
5632 5675
5632 7532
5632 9448
5632 9803
5632 9913
5633 6611
5633 6907
5633 7818
5633 8260
5633 9732
5633 9833
5634 6374
5634 7187
5634 7600
5634 7864
5634 8585
5634 8838
5634 8895
5634 8950
5634 9375
5634 9476
5634 9889
5635 6189
5636 6398
5636 7766
5636 8465
5636 8972
5637 7792
5637 8047
5637 8529
5637 9125
5638 6811
5638 8374
5638 8895
5638 9395
5638 9626
5639 6268
5639 7022
5639 7890
5640 6469
5640 6853
5640 7053
5640 7156
5640 8094
5640 8342
5640 8520
5640 8787
5640 9044
5641 6067
5641 7036
5641 8736
5641 9303
5642 5895
5642 5917
5642 6113
5642 8363
5643 5915
5643 6434
5643 7053
5644 7424
5644 8209
5644 9059
5645 6126
5645 8856
5645 8912
5645 8947
5645 9088
5645 9714
5645 9995
5646 6304
5646 6719
5646 7809
5646 8350
5646 9020
5647 7999
5648 6390
5648 8315
5649 7828
5649 9712
5650 6132
5650 6763
5650 8737
5650 9069
5650 9339
5650 9632
5651 5693
5651 7219
5651 7445
5651 7669
5651 8014
5651 8789
5652 5660
5652 6123
5652 6172
5652 6673
5652 7408
5652 9892
5653 5805
5653 6190
5653 6726
5653 8126
5653 8572
5654 8876
5654 9274
5655 8552
5655 9173
5656 8254
5656 9446
5657 6178
5657 7895
5657 8639
5657 9303
5657 9488
5657 9948
5658 6044
5658 6543
5658 6608
5658 7516
5658 9042
5659 5890
5659 5978
5659 6869
5659 7444
5659 7452
5660 7158
5660 8903
5661 7681
5661 9886
5662 5736
5662 6091
5662 6744
5662 7818
5662 9142
5662 9200
5662 9567
5663 7043
5663 7120
5663 7332
5664 5907
5664 7840
5664 8434
5664 9331
5665 5968
5665 6493
5665 8996
5665 9130
5666 7662
5666 7847
5666 8336
5667 6078
5667 6885
5667 7507
5667 7810
5668 8827
5669 5812
5669 6929
5669 7177
5669 7244
5669 7788
5669 8306
5669 9434
5669 9439
5670 6205
5670 6791
5670 7520
5670 7989
5670 8226
5670 9386
5670 9712
5671 6153
5671 6490
5671 6705
5671 6999
5671 8510
5671 9877
5672 9836
5673 5817
5673 6211
5673 7888
5673 8924
5673 9713
5674 6125
5674 6419
5674 6641
5674 7002
5674 7028
5674 7888
5674 9330
5674 9991
5675 7710
5675 7860
5675 8010
5675 9704
5675 9803
5677 5707
5677 6546
5677 8573
5678 7066
5678 7363
5678 7650
5678 9701
5679 5839
5679 5866
5679 5980
5679 6961
5679 7142
5679 9613
5680 6680
5680 7014
5680 7497
5680 7527
5680 8101
5680 9058
5681 5733
5681 6087
5681 6319
5681 6550
5681 8234
5681 8963
5681 9031
5681 9745
5682 6284
5682 9476
5683 6575
5683 6698
5683 7886
5683 8653
5683 9811
5684 6063
5684 9449
5685 5980
5685 6162
5685 6342
5685 7179
5685 8730
5685 8937
5685 8975
5685 9168
5685 9517
5686 5780
5686 6235
5686 6810
5686 7654
5686 7705
5686 8593
5686 8793
5686 9509
5687 7815
5687 7975
5687 9173
5687 9803
5688 6212
5688 7088
5688 7366
5688 7801
5688 8564
5689 7297
5689 7839
5690 6022
5690 7455
5690 8369
5690 8383
5690 8389
5690 8519
5691 6700
5691 6775
5691 7032
5691 7185
5691 7644
5691 7782
5692 9494
5693 7163
5693 8799
5693 8807
5693 9008
5693 9769
5694 6511
5694 8450
5695 6791
5695 6919
5695 6995
5695 7232
5695 7417
5695 8165
5695 9408
5696 8218
5696 9072
5697 7000
5697 7621
5697 8816
5697 9373
5698 6127
5698 6816
5698 7727
5698 8273
5698 8754
5698 9573
5699 5803
5699 5805
5699 6835
5699 8253
5699 9395
5699 9497
5699 9530
5699 9574
5699 9990
5700 7641
5700 7927
5700 8909
5700 9588
5700 9960
5701 5793
5701 8956
5702 6061
5702 8091
5702 9217
5703 6618
5703 9254
5703 9935
5704 6045
5704 7063
5704 9116
5705 6569
5705 6888
5705 7608
5705 9295
5706 5817
5706 6341
5706 6532
5706 8899
5707 5797
5707 8022
5707 8646
5707 9525
5707 9885
5708 6035
5708 9265
5709 6402
5709 6408
5709 6700
5709 7220
5709 7355
5709 9282
5709 9988
5710 5936
5710 6309
5710 7503
5710 7574
5710 9177
5710 9302
5710 9335
5710 9787
5711 5806
5711 7131
5711 7837
5711 8795
5711 8893
5711 9982
5712 5879
5712 9058
5714 5866
5714 6506
5714 7791
5715 5727
5715 6956
5715 7871
5715 9791
5715 9885
5716 6152
5716 6803
5716 7886
5716 8512
5716 8816
5716 9120
5717 9475
5717 9779
5718 6136
5718 6448
5718 6524
5718 6617
5718 6804
5718 7213
5718 7842
5718 8246
5718 9033
5718 9041
5719 6944
5719 7568
5719 7775
5719 9362
5720 6830
5720 7779
5720 8312
5720 8349
5720 8974
5720 9865
5721 7748
5721 8236
5721 9430
5722 5905
5722 8394
5722 8465
5722 8920
5723 5841
5723 7724
5723 7798
5723 9282
5724 5979
5724 5984
5724 7095
5725 6024
5725 8897
5726 5817
5726 8614
5726 9837
5727 6148
5727 7992
5727 8492
5727 8523
5727 8748
5727 9746
5728 5796
5728 5938
5728 6307
5728 6732
5728 7241
5728 7812
5728 7943
5728 8366
5729 5894
5729 7423
5729 9218
5730 7409
5730 7935
5730 8983
5730 9203
5731 9123
5731 9392
5732 6006
5732 7941
5732 9188
5733 7784
5733 8938
5733 9708
5734 6410
5734 6498
5734 6950
5735 7474
5735 8491
5735 8542
5736 6037
5736 6135
5736 6489
5736 9393
5736 9492
5737 6014
5737 8962
5738 6347
5738 7826
5738 8371
5738 9532
5739 5909
5739 6328
5739 7563
5739 8187
5739 8546
5739 8547
5739 9120
5739 9546
5739 9805
5740 5956
5740 6565
5740 8371
5740 8976
5740 9560
5741 5838
5741 6550
5741 6714
5741 7943
5741 8361
5741 8647
5741 9110
5742 5800
5742 6334
5742 6766
5742 7971
5742 7974
5742 8727
5742 9718
5743 7908
5743 8127
5743 8213
5743 8498
5744 6135
5744 7078
5744 9377
5745 5778
5745 7550
5745 8667
5745 9231
5745 9359
5746 5768
5746 6372
5746 7300
5746 8872
5746 9270
5747 8861
5747 9344
5748 7072
5748 8355
5748 9199
5748 9944
5749 6809
5749 8176
5749 9386
5750 9151
5750 9875
5751 7483
5751 7779
5751 9523
5752 8443
5752 8858
5752 9066
5753 7124
5753 8119
5753 8469
5753 9012
5753 9525
5754 7106
5754 8725
5754 9348
5754 9600
5755 6589
5755 9358
5755 9719
5755 9876
5756 7403
5756 7799
5756 8240
5756 8695
5756 8818
5756 8908
5757 6161
5757 6336
5757 6727
5757 9292
5757 9308
5758 6199
5758 7732
5758 7946
5759 5799
5759 7006
5759 9777
5759 9863
5760 5858
5760 6508
5760 6733
5760 9130
5760 9548
5761 9063
5762 8524
5762 9590
5763 5926
5763 7003
5763 7648
5763 8878
5763 9066
5764 6437
5764 9450
5764 9602
5765 6389
5765 8108
5765 8623
5765 9095
5766 6548
5766 6901
5766 7417
5767 6741
5767 6874
5767 7366
5767 8978
5768 5927
5768 6429
5768 9251
5768 9693
5769 7007
5769 7047
5770 5971
5770 6517
5770 7388
5770 8539
5771 6055
5771 6677
5771 7031
5771 8964
5771 8969
5772 6222
5772 6334
5772 6516
5772 7195
5772 8646
5772 9031
5773 6791
5773 9028
5773 9662
5773 9781
5774 6087
5774 6244
5774 8675
5774 9849
5775 6185
5775 6235
5775 6567
5775 8434
5775 8704
5775 9588
5775 9642
5776 6384
5776 6949
5776 8972
5776 9101
5777 6235
5777 8012
5777 8220
5777 8704
5777 9591
5778 5868
5778 6048
5778 6699
5778 6819
5778 7155
5778 7418
5778 8259
5779 5791
5779 6212
5779 6358
5780 6534
5780 6744
5781 9174
5781 9610
5782 5790
5782 6174
5782 6374
5782 7252
5782 7680
5782 9545
5783 6197
5783 6267
5783 6432
5783 7134
5783 7881
5783 8512
5784 6681
5785 6612
5785 7355
5785 9237
5786 6332
5786 9741
5787 7425
5787 8986
5787 9838
5788 6048
5788 7484
5788 7790
5788 8232
5788 8686
5789 5821
5789 8206
5789 9156
5789 9713
5790 6292
5791 5909
5791 7539
5791 8350
5791 9590
5792 6482
5792 7630
5792 8068
5792 8112
5792 8551
5793 5826
5793 6505
5793 7093
5793 8197
5794 6252
5794 7635
5794 7795
5794 7999
5794 8444
5794 8924
5794 9853
5795 8301
5796 7099
5796 8341
5796 9145
5797 6662
5797 7105
5797 7918
5798 5821
5798 6206
5798 9179
5798 9848
5798 9882
5799 6080
5799 6454
5799 6681
5799 7034
5799 7128
5799 7959
5799 8257
5799 8319
5799 8802
5799 8973
5799 8997
5799 9182
5800 6470
5800 7108
5800 7113
5800 7895
5800 8373
5800 9375
5801 5988
5801 7294
5801 7436
5801 8639
5801 9121
5803 5873
5803 6942
5803 8368
5803 8819
5803 8838
5803 9134
5803 9466
5803 9502
5804 7192
5804 7448
5805 5924
5805 8161
5805 9474
5805 9984
5806 7751
5806 8053
5806 9439
5807 6509
5807 6518
5807 7981
5807 8515
5807 9479
5808 7728
5808 8253
5809 7015
5811 6050
5811 6374
5811 6890
5811 7239
5811 8010
5811 8255
5811 9515
5812 6406
5812 7927
5812 8594
5813 6573
5813 6885
5813 9281
5813 9505
5814 6002
5814 6128
5814 6279
5814 6884
5814 6887
5814 6938
5814 7271
5814 7364
5814 7457
5814 7519
5814 7702
5814 9132
5814 9407
5814 9542
5815 8407
5816 6127
5816 6135
5816 6351
5816 6762
5816 7315
5816 7753
5816 7960
5816 8606
5816 8938
5816 9637
5816 9645
5817 6435
5817 8026
5817 8700
5818 6336
5818 8301
5819 6417
5819 7203
5819 8626
5819 9423
5819 9725
5820 6424
5820 6451
5820 6941
5820 7480
5821 6340
5821 6502
5821 8383
5821 9099
5821 9131
5822 6993
5822 7092
5822 9311
5822 9858
5822 9951
5823 7079
5823 7387
5823 7650
5823 7895
5823 7937
5823 9799
5824 5888
5824 6927
5825 6596
5825 9309
5825 9677
5825 9874
5826 5863
5826 8095
5826 9124
5826 9731
5827 6740
5827 9081
5827 9721
5828 5864
5828 6059
5828 8961
5829 8811
5830 6182
5830 6670
5830 7062
5830 7538
5830 8406
5830 8773
5830 9657
5830 9967
5831 7675
5831 9784
5832 7585
5832 8341
5832 8854
5832 8930
5832 9160
5832 9724
5833 6126
5833 7501
5833 8962
5833 9169
5834 6938
5834 7670
5834 8342
5834 9051
5834 9582
5835 6597
5835 6636
5835 7642
5835 9471
5836 6283
5836 7690
5836 8186
5836 8982
5837 6033
5837 7245
5838 6115
5838 6468
5838 7670
5838 9605
5839 6784
5839 7409
5839 7413
5839 8877
5840 5845
5840 5910
5840 6478
5840 6899
5840 7205
5841 8032
5841 8789
5841 9459
5842 6062
5842 6543
5842 6599
5842 7016
5842 8226
5842 9208
5843 5910
5844 6220
5844 7435
5845 6194
5845 8307
5845 9975
5845 9982
5846 5905
5846 7558
5846 8663
5846 8886
5846 8983
5847 7664
5848 6719
5848 6783
5848 6987
5848 6991
5848 7995
5848 8885
5848 9750
5849 6572
5849 7095
5849 7759
5849 8684
5849 9452
5849 9703
5849 9767
5849 9939
5850 6195
5850 7043
5850 7540
5850 7832
5850 7916
5850 8885
5850 9277
5850 9458
5850 9568
5851 6385
5851 7302
5851 7304
5851 9002
5852 6710
5852 7484
5852 7501
5852 7893
5852 8265
5852 8281
5853 6372
5853 6521
5853 9274
5853 9482
5854 6924
5854 7009
5854 7495
5854 7699
5854 7922
5854 9097
5854 9324
5855 6874
5855 7238
5855 7596
5855 8344
5855 9692
5856 6858
5856 7246
5856 7442
5856 7898
5856 9363
5857 6339
5857 6477
5857 6762
5857 6834
5857 7522
5857 7969
5857 8242
5857 8420
5858 6275
5858 7059
5858 7660
5859 6092
5859 8866
5859 8948
5860 6453
5860 6504
5860 7100
5860 8167
5860 8452
5860 8610
5860 9900
5861 6961
5861 7942
5861 8842
5862 6101
5862 9032
5863 7463
5863 9664
5863 9999
5864 7553
5865 5875
5865 6364
5865 6398
5866 6290
5866 8505
5866 8949
5867 7187
5867 7257
5867 7403
5867 7430
5867 7455
5867 7877
5867 8041
5867 8516
5867 8978
5868 6320
5868 6507
5868 6999
5868 7296
5868 7493
5868 7811
5868 7941
5868 8389
5868 9244
5868 9362
5869 6751
5869 7008
5869 7427
5869 7531
5869 8247
5869 8269
5870 6143
5870 6841
5870 7157
5870 9718
5871 6456
5871 9614
5872 6060
5872 6695
5872 7069
5872 7311
5872 8130
5872 9096
5872 9744
5873 6151
5873 6796
5873 8530
5873 9148
5874 5953
5874 6128
5874 6787
5874 7441
5874 7697
5874 9081
5875 9953
5876 5953
5876 6267
5876 7763
5876 7850
5876 9393
5877 6770
5877 7029
5877 7197
5877 7410
5877 8464
5877 8910
5878 6158
5878 6400
5878 6590
5878 6646
5878 7260
5878 9489
5878 9604
5879 7148
5879 8895
5880 6052
5880 6184
5880 7962
5880 8545
5880 9392
5880 9594
5881 8134
5881 9407
5881 9610
5882 6156
5882 6276
5883 5917
5883 7535
5883 9286
5884 7448
5884 8085
5884 8656
5884 8716
5885 6237
5885 6670
5885 9352
5886 6087
5886 6671
5886 6786
5886 7796
5886 8236
5886 9252
5887 6159
5887 8514
5887 9105
5887 9934
5888 6225
5888 8185
5888 9678
5889 7081
5889 8225
5889 8897
5889 9829
5889 9843
5890 6539
5890 6722
5890 7880
5890 8742
5890 9573
5891 7076
5891 8405
5892 6225
5892 6634
5892 7215
5892 7437
5892 7658
5892 7909
5892 8801
5893 7956
5893 8044
5893 8436
5893 8773
5893 9662
5895 8312
5896 6794
5896 9073
5897 6144
5898 8248
5898 8381
5898 9252
5899 6902
5899 7949
5899 8406
5900 7606
5900 8915
5900 9863
5901 6991
5901 7545
5901 8203
5901 8230
5902 6132
5902 8007
5902 8447
5902 9660
5902 9757
5903 6686
5903 6966
5903 7550
5903 7854
5903 7908
5903 8187
5904 5947
5904 6574
5904 6763
5904 7045
5904 7138
5905 6952
5905 7156
5905 8306
5905 9783
5906 7341
5906 7417
5906 8015
5907 6144
5907 7142
5907 9690
5908 6498
5908 8717
5908 8977
5908 9041
5909 6603
5909 8772
5910 7220
5910 8342
5910 9351
5910 9658
5910 9880
5911 6349
5911 7995
5911 9172
5912 6285
5912 7717
5912 8499
5912 8911
5913 7675
5913 8529
5913 8835
5913 9024
5914 7185
5915 6219
5915 7245
5915 8885
5915 8970
5915 9466
5916 6295
5916 7017
5916 7741
5916 8586
5916 8660
5916 9122
5916 9173
5916 9332
5916 9489
5917 9261
5918 8171
5918 9028
5918 9116
5919 6461
5919 7852
5920 7706
5920 8488
5921 6394
5921 6814
5921 7582
5921 8941
5922 6160
5922 7536
5922 7707
5922 9781
5923 8168
5924 6789
5924 6905
5924 7574
5924 7734
5925 6420
5925 6627
5925 7161
5925 8788
5926 6122
5926 7632
5926 8732
5927 8458
5927 8916
5928 8199
5928 8573
5929 7488
5929 9666
5929 9680
5930 6483
5930 7894
5930 7968
5930 8469
5931 7294
5931 7617
5931 7640
5931 7906
5931 8400
5931 8845
5932 7095
5932 8755
5932 9105
5932 9714
5932 9759
5933 9149
5934 7133
5934 7417
5934 7494
5934 8597
5935 6492
5935 7595
5936 7095
5936 7789
5936 9577
5937 6983
5937 8940
5937 9023
5937 9474
5937 9948
5938 6137
5938 6326
5938 7195
5938 7203
5938 7305
5938 7522
5938 8491
5939 6134
5939 6161
5939 6885
5939 7178
5939 8297
5939 8504
5939 8650
5939 9068
5939 9627
5939 9669
5940 7005
5940 7471
5941 6131
5941 8005
5941 9416
5941 9478
5941 9614
5942 6123
5942 6501
5942 8056
5943 6508
5943 8288
5943 8559
5943 8566
5944 7609
5944 9648
5944 9830
5945 6031
5945 7697
5945 9176
5945 9558
5945 9688
5946 6325
5946 7927
5946 8245
5946 9982
5947 6941
5947 8016
5947 9663
5948 7736
5948 7802
5948 7947
5948 8022
5948 8800
5948 8896
5948 9421
5949 7515
5949 7582
5949 8354
5949 8424
5949 9116
5949 9262
5950 6772
5950 6970
5950 7583
5950 9164
5950 9210
5951 6964
5951 7705
5951 8619
5951 9480
5951 9698
5952 6277
5952 6363
5952 6906
5952 8096
5952 9884
5953 7344
5953 7369
5953 7633
5953 7737
5953 8882
5953 9182
5953 9914
5954 6237
5954 6679
5954 7164
5954 7636
5954 8985
5954 9779
5955 6741
5955 7245
5955 7957
5955 8405
5955 8754
5955 9009
5956 8026
5956 9396
5957 7022
5957 7216
5957 8164
5957 8912
5957 9530
5958 6471
5958 6752
5958 7017
5958 8040
5958 8554
5959 7335
5959 7971
5959 8199
5959 8295
5959 9145
5962 6030
5962 6438
5962 6750
5962 7767
5962 8100
5962 9143
5962 9188
5962 9766
5963 6211
5963 8525
5963 9215
5964 6028
5964 7622
5964 7691
5964 8556
5964 8923
5964 9817
5965 6574
5965 6859
5965 6889
5965 7340
5965 7411
5965 9309
5965 9858
5966 6810
5966 7413
5966 8729
5966 9059
5966 9496
5967 7318
5968 7801
5969 8278
5969 8815
5969 9755
5969 9790
5970 7705
5970 8656
5970 8723
5970 8903
5971 6380
5971 6420
5971 6460
5971 7873
5971 9018
5971 9680
5972 6335
5972 8799
5972 9003
5972 9284
5972 9566
5973 6880
5973 7644
5973 7677
5973 8210
5973 9505
5974 6830
5974 7916
5974 8462
5974 9457
5974 9918
5975 6283
5975 7256
5975 7602
5975 8005
5975 9927
5976 7805
5976 7843
5976 8187
5976 8913
5977 6630
5977 6709
5977 8953
5978 6849
5978 8230
5979 6693
5979 6831
5979 7071
5979 7308
5979 9765
5979 9995
5980 6072
5980 6554
5980 7598
5980 7679
5980 7751
5980 9318
5981 6031
5981 9421
5982 6083
5982 6436
5982 6895
5982 6929
5982 7880
5982 8671
5982 9209
5982 9915
5983 6677
5983 9029
5983 9650
5983 9719
5983 9880
5984 6048
5984 7369
5984 7472
5984 8144
5984 8454
5984 8990
5985 6066
5985 8964
5986 6510
5986 8403
5987 6899
5987 8027
5987 8990
5987 9239
5988 6721
5988 8720
5988 8811
5988 8914
5988 8937
5989 6459
5989 6970
5989 8309
5989 8955
5990 6234
5990 7476
5990 8078
5990 9036
5990 9383
5991 6004
5991 7399
5991 8726
5991 9058
5992 7987
5993 7823
5993 8151
5993 8264
5993 8676
5993 9460
5994 6943
5994 7867
5994 9749
5994 9780
5994 9965
5995 6005
5995 6068
5995 6588
5995 7692
5996 6452
5996 7627
5996 7745
5996 8282
5996 8570
5996 9977
5997 7195
5997 8568
5997 8733
5998 6644
5998 7438
5998 8701
5998 9655
5999 7072
5999 7871
5999 7998
5999 8927
5999 9465
6000 6644
6000 6702
6000 9280
6001 7486
6001 8711
6001 9121
6002 6325
6002 9957
6002 9991
6003 6828
6003 7885
6003 8283
6003 8535
6003 9389
6004 7531
6004 8861
6005 7792
6005 8131
6005 8467
6005 9040
6005 9336
6005 9491
6005 9593
6005 9676
6006 6326
6006 6919
6006 9859
6007 6385
6007 6490
6007 7945
6007 8783
6007 9125
6007 9220
6008 6902
6008 7265
6008 7628
6008 8261
6008 9415
6008 9994
6009 8138
6009 8964
6009 9051
6009 9854
6010 6484
6010 9204
6010 9334
6011 7614
6011 8904
6012 6036
6012 6826
6012 8283
6012 9825
6013 7642
6013 7650
6013 8464
6014 8693
6014 8913
6014 9662
6016 6353
6017 6168
6017 6297
6017 8195
6017 8344
6017 8587
6017 9362
6018 7542
6018 7712
6018 8256
6018 8388
6018 8551
6019 6236
6019 6376
6021 7219
6021 8893
6021 8998
6021 9967
6022 7013
6022 8656
6022 9194
6022 9647
6023 6217
6023 6262
6023 7195
6023 7546
6024 6442
6024 7581
6024 8171
6024 8947
6025 7275
6025 9961
6026 6598
6026 9124
6027 8725
6027 9692
6028 7423
6028 8100
6028 8143
6028 9168
6028 9553
6029 6763
6030 6909
6030 7096
6030 7650
6030 8659
6030 8730
6030 9814
6031 6187
6031 7092
6031 7243
6031 7809
6031 8768
6032 6436
6032 8340
6033 6472
6033 6734
6033 7196
6034 6900
6034 7155
6034 8738
6035 6646
6036 6391
6036 6994
6036 7159
6036 8373
6036 8642
6036 8994
6036 9389
6036 9399
6037 7803
6038 6242
6038 6704
6038 8268
6038 8599
6038 9082
6039 7627
6039 7819
6039 8143
6039 8535
6039 9866
6040 7274
6040 8447
6040 8709
6040 9110
6040 9232
6041 9999
6042 6395
6042 7153
6042 8252
6042 8848
6042 9052
6043 6436
6043 7828
6043 8405
6044 9147
6044 9414
6044 9834
6045 7320
6045 8008
6045 9208
6045 9325
6046 6066
6046 6827
6046 7631
6046 8418
6046 8931
6048 6708
6048 7245
6048 8685
6048 9275
6048 9827
6049 6393
6049 6530
6049 9874
6050 7247
6050 7324
6050 7771
6050 8892
6051 6672
6051 6897
6052 6146
6052 6327
6052 8782
6052 8893
6052 9401
6052 9484
6053 7016
6053 7273
6054 7018
6054 8803
6055 7566
6055 7954
6055 8375
6055 8644
6055 8913
6056 7315
6056 8502
6056 8587
6057 8298
6058 6128
6058 6346
6058 7251
6058 7406
6058 8800
6059 8395
6059 9032
6059 9371
6060 6114
6060 8345
6060 8860
6061 6705
6061 6926
6061 7599
6061 9071
6062 6646
6062 6882
6062 8850
6063 6359
6063 7618
6063 8603
6063 8948
6063 9359
6064 8783
6064 9428
6065 6368
6065 7570
6065 9500
6066 6752
6066 7641
6066 9842
6066 9990
6067 7765
6067 8734
6068 6271
6069 6814
6069 7448
6069 8755
6069 8787
6070 7907
6070 9119
6070 9726
6071 9129
6072 6178
6072 6726
6072 7795
6072 8826
6073 6219
6073 6669
6074 6331
6074 8933
6075 6215
6075 8805
6075 9446
6076 6922
6076 8572
6076 8719
6076 9151
6076 9494
6077 7504
6077 7545
6077 7558
6077 7789
6077 8771
6077 8912
6077 9028
6077 9882
6078 6299
6078 6954
6078 7898
6078 9154
6078 9987
6079 6296
6079 6421
6079 7722
6079 8453
6080 7090
6080 8155
6081 6435
6082 6969
6082 8030
6082 8651
6082 9221
6083 6090
6083 6230
6083 7591
6083 9127
6084 6381
6084 7229
6084 7653
6084 8369
6084 8840
6084 9223
6085 6134
6085 6307
6085 6800
6085 7555
6085 7579
6085 7885
6086 6386
6086 6899
6086 7025
6086 8144
6086 8567
6086 8587
6087 6272
6087 6677
6087 8907
6088 6206
6088 6214
6088 6830
6088 7014
6088 7508
6088 8006
6088 8316
6089 9724
6090 6481
6090 6596
6090 9460
6091 6802
6091 7237
6091 7983
6091 9810
6091 9880
6092 6749
6092 6942
6092 7743
6092 7885
6092 8326
6092 8500
6092 9240
6092 9948
6093 7207
6093 7566
6093 8376
6093 8708
6093 9442
6094 7828
6094 8203
6094 8248
6095 6303
6095 6328
6095 9502
6096 6573
6096 7456
6096 7895
6096 8433
6096 9061
6096 9198
6097 6178
6097 6728
6097 7046
6097 7797
6097 8615
6098 6128
6098 6881
6098 6926
6098 8933
6098 9725
6098 9888
6099 6336
6099 7355
6099 9594
6099 9932
6100 7404
6100 7770
6101 6109
6101 7804
6101 7930
6101 8308
6101 8708
6101 9374
6101 9442
6102 7254
6102 7694
6102 8057
6103 8736
6103 8870
6103 9667
6104 9843
6105 6141
6105 7148
6105 8205
6107 7600
6107 8408
6107 8656
6107 9012
6107 9400
6108 7699
6108 9042
6109 7745
6109 9376
6110 6721
6110 8208
6110 8522
6110 9845
6111 7797
6111 8771
6111 8830
6111 9346
6113 6321
6113 7159
6113 8868
6113 9000
6113 9599
6114 6141
6114 6213
6114 6614
6114 8646
6114 9496
6115 6842
6115 7385
6115 8273
6115 9129
6116 7303
6116 8054
6116 8660
6116 8723
6117 6175
6117 8503
6117 9289
6117 9777
6118 6220
6118 6610
6118 6728
6118 7058
6118 9070
6119 8255
6119 8924
6119 9438
6119 9643
6120 6393
6120 7283
6120 8951
6120 9538
6121 7952
6123 6871
6123 7216
6123 8779
6123 8922
6123 9626
6124 7659
6124 7810
6125 6649
6125 9101
6126 6223
6126 6893
6127 6204
6127 7354
6127 7665
6127 7981
6127 8355
6127 9425
6128 6716
6128 7745
6128 9300
6129 6867
6129 9271
6130 6392
6130 7590
6130 9948
6131 6893
6131 8027
6131 9038
6131 9324
6132 7965
6132 8170
6133 6793
6133 7481
6133 8255
6133 9754
6133 9801
6134 8046
6134 9631
6135 6171
6135 6272
6135 7244
6135 8016
6135 9868
6136 6834
6136 8561
6136 9229
6136 9868
6137 6630
6137 6774
6137 7006
6137 7878
6137 8238
6137 8458
6137 9395
6137 9627
6138 6222
6138 6909
6138 6952
6138 7007
6138 7183
6138 7277
6138 7529
6138 7560
6138 9340
6139 6442
6139 7413
6139 7858
6140 7098
6140 7443
6140 7695
6140 9371
6141 7782
6142 6759
6142 9318
6142 9738
6143 7795
6143 9301
6144 6511
6144 8052
6144 8169
6144 8211
6145 7738
6145 7742
6145 9699
6146 6437
6146 7120
6146 7319
6146 7669
6146 9071
6146 9910
6147 7208
6147 7654
6147 8314
6148 6592
6148 6629
6148 7265
6148 8427
6148 8835
6148 9063
6149 6706
6149 6952
6149 7876
6149 9297
6150 6168
6150 6179
6150 8196
6150 9027
6150 9857
6151 6460
6151 7514
6151 7592
6151 7626
6151 8614
6151 8860
6151 9431
6152 8066
6152 8258
6152 9672
6153 9634
6154 6490
6154 7861
6155 6442
6155 6652
6155 7503
6155 9296
6156 7486
6157 8992
6157 9720
6158 6171
6158 6259
6158 7010
6158 7546
6158 7674
6158 9150
6158 9679
6159 8515
6159 9349
6160 8059
6160 9451
6160 9540
6160 9691
6161 6475
6161 7801
6161 8138
6162 6804
6162 8154
6162 9072
6163 7031
6163 7555
6163 8781
6163 9464
6164 6842
6164 7946
6165 7879
6165 9283
6165 9593
6166 8372
6166 9172
6167 8353
6167 8677
6167 9450
6168 6536
6168 7796
6168 9742
6169 8699
6170 7978
6170 8187
6170 8485
6171 6682
6171 8150
6171 8274
6171 8376
6171 9301
6172 6399
6172 7066
6172 8116
6173 8152
6173 9103
6174 6588
6174 7506
6174 7666
6174 8541
6174 9146
6174 9153
6174 9479
6174 9823
6174 9884
6175 7323
6175 7624
6176 8332
6176 9238
6177 8838
6177 9093
6177 9141
6177 9199
6177 9214
6177 9505
6178 7040
6178 7137
6178 8411
6178 9289
6178 9797
6179 6749
6179 9960
6180 6766
6180 7035
6180 7896
6180 9373
6181 7003
6181 9308
6182 6371
6182 6543
6182 7647
6182 8089
6183 7389
6183 9627
6185 7422
6185 8778
6185 9182
6185 9360
6185 9800
6186 6812
6186 7887
6186 8003
6186 9571
6186 9630
6186 9696
6186 9966
6188 7242
6189 7906
6189 8035
6189 8648
6189 9375
6190 6649
6190 8277
6190 8486
6190 9346
6190 9949
6191 6773
6191 7664
6191 8355
6191 9484
6192 7479
6192 7745
6192 8041
6192 8241
6193 6685
6193 9410
6193 9729
6194 8168
6194 8400
6194 9132
6195 7288
6195 8383
6195 8808
6195 9909
6195 9940
6196 6449
6196 6855
6196 8781
6196 8878
6196 9536
6196 9802
6197 6406
6197 9122
6197 9222
6198 6324
6198 7675
6198 8693
6198 8848
6198 9686
6198 9693
6198 9861
6199 6919
6199 7397
6199 7799
6200 6359
6200 6476
6200 7917
6200 8646
6201 7184
6201 7457
6201 7740
6201 7992
6201 8476
6201 8510
6201 8751
6201 9283
6202 6430
6202 7176
6202 7220
6202 7454
6202 8081
6202 9336
6203 7067
6203 7160
6203 8751
6204 8270
6204 8829
6205 7532
6205 8270
6205 8776
6206 6493
6206 7745
6206 8624
6206 8706
6207 6301
6207 6633
6207 7446
6207 7787
6207 8136
6207 8975
6207 8993
6207 9037
6208 6539
6208 6687
6208 8875
6209 6405
6209 7455
6209 8987
6209 9810
6210 6735
6210 6934
6210 7804
6210 7893
6210 8028
6210 9093
6210 9650
6210 9652
6211 6730
6211 9561
6212 6751
6212 7313
6212 9763
6213 9806
6214 9028
6214 9811
6215 7625
6215 8348
6215 9890
6216 9200
6216 9434
6217 6433
6217 8633
6217 8787
6217 9354
6217 9938
6218 7773
6218 9084
6219 6633
6219 7110
6219 7736
6220 6512
6220 7567
6220 8474
6220 8751
6220 9288
6220 9509
6220 9735
6221 6243
6221 7430
6222 6419
6222 7091
6223 6329
6223 6760
6223 7281
6223 8057
6223 9602
6224 6898
6224 7466
6224 9134
6226 6257
6226 6766
6226 6796
6226 8113
6227 6559
6227 6809
6227 7363
6227 8880
6227 9086
6228 9282
6228 9636
6229 7199
6229 7802
6229 7832
6229 8283
6230 6327
6230 7404
6230 8472
6231 7327
6231 8167
6231 8353
6231 8692
6231 9528
6232 7293
6232 8200
6232 8486
6232 8779
6233 7685
6233 9774
6234 9583
6234 9688
6234 9981
6235 6799
6235 7001
6235 7627
6235 8112
6235 8220
6235 8677
6235 8719
6235 8815
6235 8980
6235 9498
6235 9541
6236 8825
6237 6352
6237 6413
6237 8002
6237 8561
6237 8992
6238 6654
6238 7892
6238 8213
6238 9660
6239 8500
6239 9707
6240 7124
6240 8382
6240 9908
6242 6852
6242 7089
6242 7235
6242 8381
6243 8007
6243 8703
6243 8973
6243 9289
6243 9376
6244 6533
6244 8081
6244 8231
6245 7023
6245 7066
6245 8047
6245 8552
6246 7114
6246 8670
6246 8852
6246 9265
6246 9915
6247 7340
6247 7945
6247 9559
6248 6537
6248 7458
6248 9610
6249 8455
6249 8897
6249 9115
6249 9503
6250 7788
6250 7817
6250 8840
6250 8892
6250 9051
6251 7970
6251 9199
6252 6278
6252 7309
6252 8686
6252 8811
6252 9850
6253 6472
6253 7340
6253 7865
6253 9112
6254 6333
6254 9328
6255 6960
6255 7615
6255 7747
6255 9508
6255 9630
6255 9753
6255 9842
6256 6281
6256 6677
6256 6681
6256 8340
6256 8755
6257 6771
6257 6796
6257 7315
6257 8353
6257 8764
6257 9288
6257 9847
6258 6839
6258 7460
6259 6967
6259 7573
6259 7729
6259 8229
6259 8667
6259 9818
6260 6709
6260 7404
6260 9005
6260 9486
6261 8007
6261 8192
6261 9934
6262 6449
6262 6541
6262 6901
6262 7252
6262 7748
6262 7883
6262 8122
6262 8152
6262 8815
6262 9930
6263 6758
6263 6801
6263 6971
6263 7587
6263 8098
6263 8743
6263 9453
6264 6356
6264 6936
6264 7060
6264 8094
6264 9611
6264 9896
6264 9966
6265 6342
6265 6524
6265 6679
6265 6929
6265 7379
6265 7785
6265 7874
6265 9090
6266 6444
6266 9370
6266 9506
6267 9124
6267 9278
6268 6441
6268 6489
6268 6996
6268 7398
6268 8542
6268 8782
6268 9630
6268 9932
6269 7009
6269 7574
6270 6396
6270 6980
6270 8485
6270 9690
6271 6692
6271 7337
6271 9004
6271 9973
6272 8367
6273 6563
6273 7799
6274 6320
6274 7048
6274 8766
6274 9386
6274 9687
6275 6992
6275 7031
6275 7597
6275 7695
6275 8446
6275 9151
6275 9393
6275 9629
6276 7002
6276 9721
6277 7155
6277 8140
6278 9778
6279 6418
6279 6767
6279 7722
6280 6670
6280 7225
6280 7486
6280 9204
6281 6447
6281 7248
6282 6446
6282 6564
6282 7705
6282 8456
6283 7286
6283 7541
6283 7731
6283 8131
6283 8208
6284 6935
6284 8648
6284 9730
6284 9745
6285 6585
6285 6820
6285 7418
6285 7823
6285 9349
6285 9956
6286 7492
6286 9904
6287 6733
6287 8395
6288 8347
6290 6877
6290 8289
6290 9473
6291 6389
6291 7854
6291 9925
6292 6863
6292 6899
6292 7293
6292 8515
6292 8767
6293 6513
6293 6819
6293 9494
6293 9529
6293 9673
6293 9806
6294 9275
6295 6779
6295 8246
6295 9134
6295 9234
6295 9934
6295 9940
6296 8182
6296 9319
6297 8550
6298 7339
6299 7009
6299 7716
6299 8451
6299 9610
6300 6554
6300 8202
6300 8446
6300 8501
6300 9202
6300 9536
6301 6994
6301 8562
6301 9819
6302 6308
6302 6765
6302 6924
6303 6885
6303 8004
6303 8193
6303 8508
6304 6686
6304 6700
6304 6800
6304 8491
6304 8959
6304 9301
6305 6646
6305 7456
6305 9712
6306 6624
6306 9540
6307 6573
6307 7012
6307 8301
6307 9739
6308 6823
6308 7294
6309 7203
6310 6503
6310 6545
6310 6714
6310 8668
6310 8708
6310 8859
6310 9018
6310 9603
6311 7276
6311 8227
6311 8611
6311 8754
6312 6429
6312 6522
6312 8229
6312 8969
6312 9502
6312 9932
6312 9988
6313 7062
6313 8722
6313 9587
6314 6680
6314 9266
6314 9542
6315 6385
6315 7755
6315 8151
6315 8621
6315 8779
6316 7640
6316 9263
6317 8817
6318 7813
6318 9145
6319 8601
6320 7237
6320 7267
6320 7437
6320 7886
6320 8930
6320 9003
6321 7367
6321 7934
6321 7997
6321 8014
6321 8154
6321 8198
6321 8896
6321 9508
6322 6419
6322 6439
6322 7805
6322 9091
6323 8469
6323 8843
6323 9867
6324 7229
6324 7601
6325 6362
6325 7169
6325 7461
6326 6363
6326 7230
6326 7942
6326 8394
6326 9799
6327 7000
6327 7488
6327 7923
6328 6721
6328 7008
6328 7020
6328 9132
6328 9397
6328 9693
6329 6765
6329 7987
6330 6670
6330 7232
6330 9273
6331 6747
6331 7045
6331 8520
6331 9416
6332 6409
6332 7779
6332 8165
6333 6577
6333 6644
6333 6905
6333 8450
6334 7136
6334 9270
6334 9541
6335 6500
6335 6929
6335 7460
6335 7705
6335 7919
6335 9765
6336 6595
6336 6639
6336 6922
6336 7651
6337 6647
6337 6990
6337 7070
6338 7324
6338 9645
6338 9838
6339 6699
6339 7291
6339 8136
6339 8309
6340 6638
6340 6748
6340 6854
6341 9405
6342 6357
6343 7999
6344 6962
6344 7601
6344 8000
6344 8556
6344 9344
6344 9388
6345 6771
6345 9001
6345 9642
6346 6742
6346 6760
6346 6815
6346 7350
6346 7505
6346 7980
6346 9718
6347 7625
6347 7933
6347 8343
6347 8822
6347 8987
6348 7267
6348 7696
6348 7948
6348 8303
6348 8939
6349 7171
6349 7799
6350 7244
6350 9502
6350 9535
6351 6596
6351 6896
6351 8999
6352 6790
6352 8378
6352 9074
6352 9691
6353 6561
6353 7051
6353 7305
6353 7658
6353 9754
6354 8163
6354 9151
6354 9532
6354 9851
6355 7424
6355 7601
6356 7018
6356 7458
6356 9734
6356 9901
6357 6799
6357 7441
6357 8917
6357 9189
6357 9600
6357 10000
6358 6438
6358 8792
6358 9128
6358 9212
6359 7867
6359 8156
6360 6572
6360 7298
6360 7465
6360 9561
6361 7217
6361 7978
6361 8079
6361 8828
6362 7538
6362 7893
6362 8930
6363 8205
6363 9704
6364 7103
6364 8394
6364 8548
6364 8560
6364 9051
6365 7032
6365 8480
6365 8660
6365 8801
6365 9789
6366 8069
6366 8143
6366 9530
6366 9821
6367 6883
6367 8255
6367 9779
6368 7618
6368 7731
6368 7891
6368 8224
6368 8889
6368 9106
6368 9677
6369 7135
6369 7508
6369 8462
6369 9357
6369 9389
6370 7606
6370 7662
6370 7664
6370 7911
6370 9143
6370 9474
6370 9729
6371 6458
6371 9343
6372 6962
6372 7381
6372 8558
6372 8764
6372 8955
6372 9112
6373 6472
6373 8066
6373 9382
6374 6606
6374 6667
6374 6934
6374 7188
6375 6540
6375 6965
6375 7905
6375 9101
6375 9777
6376 7124
6376 8637
6377 6675
6377 6870
6377 7432
6377 7773
6377 9640
6377 9939
6378 8492
6379 7138
6379 8402
6379 8940
6379 9331
6379 9388
6380 8936
6380 9377
6381 6495
6381 6894
6381 8743
6382 6620
6382 7495
6382 8814
6382 9114
6382 9551
6382 9594
6383 7342
6383 8523
6383 9883
6384 6449
6384 6641
6384 8281
6384 8761
6384 9934
6384 9957
6385 6850
6385 7332
6385 7370
6385 9101
6385 9739
6386 7215
6386 8733
6387 9329
6387 9515
6389 6438
6389 8462
6389 8887
6389 8918
6390 7668
6390 8619
6390 8804
6390 9672
6391 6546
6391 7032
6391 7964
6391 8246
6391 8510
6392 6700
6392 6744
6392 8717
6393 6616
6394 6809
6394 7628
6394 7664
6395 9144
6396 6663
6396 7114
6396 8263
6396 8570
6396 9702
6397 6686
6397 7190
6397 7541
6397 8957
6397 9325
6398 8859
6398 9759
6399 6505
6399 7685
6399 7964
6400 6941
6400 7514
6400 8444
6400 8632
6400 9278
6400 9968
6401 7549
6401 8382
6402 7010
6402 7913
6402 8483
6402 8518
6402 9471
6402 9661
6403 7545
6403 7737
6403 7822
6404 7392
6404 7676
6404 7811
6404 8937
6405 6497
6405 7937
6405 8663
6405 8962
6405 9202
6405 9651
6406 6924
6406 7407
6406 7635
6406 7812
6406 9112
6406 9170
6406 9809
6407 7830
6407 8110
6407 9077
6407 9924
6408 8900
6408 9211
6409 7226
6409 8856
6409 8981
6409 9384
6410 7136
6410 7149
6410 8943
6410 9992
6411 6522
6411 7102
6411 8184
6411 9211
6412 6671
6412 7240
6412 7908
6412 8140
6412 8842
6412 9520
6413 6528
6414 6540
6414 7794
6414 9948
6415 7107
6415 8065
6415 8254
6415 9051
6417 7719
6417 8645
6417 9166
6418 6626
6418 7504
6418 7543
6418 7664
6418 7796
6419 6536
6419 7865
6419 8355
6420 7656
6420 8324
6420 8637
6420 8693
6420 8871
6420 9612
6420 9935
6421 6471
6421 6633
6421 6783
6421 6937
6421 7515
6421 8147
6421 8886
6421 8966
6421 9635
6422 7048
6422 7660
6422 8162
6422 8430
6423 8134
6423 9116
6424 8142
6424 8187
6424 9803
6425 6729
6425 7060
6425 8889
6425 9331
6426 6677
6426 8048
6426 9486
6427 8260
6427 8813
6427 8852
6428 7408
6428 8542
6428 8962
6428 9689
6429 6591
6429 7540
6429 8488
6429 9138
6430 6844
6430 7507
6430 7670
6431 6773
6431 7818
6431 8499
6431 9046
6431 9963
6432 8913
6433 8186
6433 9075
6433 9642
6434 6941
6434 7059
6434 7572
6434 8981
6434 9305
6434 9974
6435 6521
6435 6593
6435 7489
6435 8289
6435 8937
6436 7647
6436 8226
6436 8318
6437 6830
6437 6868
6437 7743
6437 7909
6437 8238
6437 9889
6438 8310
6438 9550
6439 6568
6439 7911
6439 8827
6439 9455
6440 6679
6441 7016
6441 7189
6441 8750
6441 9319
6442 6792
6443 6484
6443 8683
6443 8924
6443 9155
6443 9423
6443 9709
6444 6850
6444 8431
6444 8905
6444 8952
6444 9146
6444 9334
6445 8186
6445 8806
6445 8859
6446 7154
6446 7294
6446 8349
6446 9849
6447 7431
6447 7515
6447 8227
6447 9151
6449 6810
6449 8444
6450 8454
6450 9463
6451 7585
6451 9117
6451 9426
6451 9775
6452 7138
6453 7065
6453 7481
6453 8182
6453 8495
6453 9791
6454 6789
6454 7063
6455 6529
6455 7115
6455 7621
6455 8174
6455 8377
6455 8560
6455 8594
6455 9468
6455 9958
6457 8213
6458 7398
6459 7116
6460 7459
6460 9665
6461 7339
6461 9127
6462 6985
6462 7405
6462 7547
6462 8104
6462 9023
6462 9033
6462 9195
6462 9431
6463 6467
6463 8112
6463 8206
6464 7340
6464 7492
6464 8012
6464 8410
6464 9943
6464 9970
6465 8574
6466 6926
6466 7148
6466 7535
6466 8027
6466 8080
6466 9037
6466 9372
6467 6886
6467 7755
6467 7785
6467 8701
6467 8806
6467 9867
6469 6558
6469 6601
6469 9004
6470 6628
6470 7935
6470 8873
6471 8235
6471 9127
6471 9573
6472 6962
6472 7008
6472 7075
6472 7371
6472 7877
6472 8915
6474 6719
6474 7050
6474 9163
6475 7061
6475 9969
6476 7384
6476 7518
6476 8268
6477 9204
6478 7765
6478 9472
6478 9811
6479 7413
6479 7897
6479 8042
6479 8118
6479 8793
6480 6481
6480 8667
6480 8873
6480 9244
6481 7756
6482 6993
6482 8416
6482 8694
6482 9259
6482 9287
6482 9425
6483 6596
6483 8198
6483 8241
6483 8938
6483 9230
6484 6608
6484 7084
6484 8587
6484 8710
6484 9135
6485 7138
6485 8697
6486 6562
6486 6767
6486 8677
6486 9166
6487 7407
6487 8060
6487 8185
6487 8218
6487 8797
6488 6493
6488 6925
6488 9868
6489 6966
6489 7537
6489 8594
6490 7157
6490 8373
6490 9307
6490 9838
6490 9947
6491 6915
6491 8246
6491 9888
6492 6767
6492 7340
6492 7505
6492 8664
6492 9369
6493 7171
6493 7674
6494 7598
6494 8409
6495 7181
6495 7634
6495 8034
6495 9426
6496 7371
6496 8524
6496 9764
6496 9840
6497 6926
6497 8376
6497 8867
6498 7150
6499 6540
6499 7151
6499 7562
6499 9189
6499 9712
6499 9988
6500 6958
6500 7319
6500 7700
6500 8637
6500 9107
6501 7105
6501 7528
6501 8125
6501 8433
6501 9540
6501 9649
6501 9695
6502 6505
6502 9094
6502 9198
6502 9677
6502 9922
6503 6988
6503 7953
6503 8485
6503 8818
6503 9994
6504 8161
6504 8656
6504 9186
6505 8711
6506 8575
6506 8790
6506 9196
6506 9685
6506 9762
6506 9808
6507 7122
6507 7151
6507 7991
6507 8042
6507 8779
6508 6788
6508 7983
6508 9377
6508 9515
6509 7660
6509 7874
6509 8100
6509 8398
6509 9046
6509 9067
6509 9297
6509 9373
6510 6742
6510 7524
6510 7894
6510 8367
6510 9466
6510 9843
6511 8271
6511 9736
6512 8186
6512 8723
6512 9889
6513 8807
6513 9247
6513 9979
6514 8026
6514 8097
6515 8332
6516 8367
6517 6778
6517 7448
6517 7683
6517 8086
6518 6519
6518 7296
6518 7520
6518 7845
6518 8131
6518 8754
6518 9446
6519 6876
6519 6877
6519 9705
6520 6757
6520 6998
6520 7202
6520 7275
6520 9339
6521 6897
6521 9198
6521 9390
6522 6743
6522 7281
6522 8793
6523 8128
6523 8755
6523 9349
6524 7810
6524 9921
6525 6904
6525 8494
6526 6877
6526 7520
6526 8449
6526 8522
6526 8637
6527 6689
6527 7400
6527 8402
6527 9538
6527 9990
6528 7811
6528 7893
6528 9209
6529 6982
6529 8238
6529 9356
6530 7059
6530 7541
6530 8044
6530 9730
6531 6745
6531 8027
6531 9102
6531 9338
6531 9384
6531 9494
6531 9521
6532 6911
6532 7535
6532 9291
6533 7079
6534 7644
6534 7785
6534 8105
6534 9007
6534 9854
6535 8487
6535 8669
6535 9008
6536 6787
6536 7817
6536 8299
6536 8878
6537 7123
6537 9760
6537 9991
6538 6616
6539 7936
6539 8168
6539 8480
6540 6787
6540 6879
6540 7499
6540 7967
6540 9485
6540 9516
6541 6629
6541 7080
6541 7789
6541 9271
6542 7150
6542 7691
6542 7939
6542 9005
6542 9419
6542 9622
6542 9656
6543 7078
6543 7813
6543 7840
6543 9248
6544 7190
6544 9437
6544 9467
6545 8196
6545 8688
6545 8951
6545 9152
6546 7769
6546 8980
6547 6894
6547 6900
6547 7390
6547 8679
6547 8827
6547 9568
6548 8776
6548 9271
6548 9485
6549 7593
6549 7839
6549 8409
6549 9080
6550 6718
6550 7223
6550 8850
6551 7041
6551 7595
6552 7188
6552 8575
6552 9145
6553 7687
6553 9280
6554 6576
6554 6808
6554 7545
6554 8094
6554 8922
6555 9073
6555 9117
6555 9767
6556 7102
6556 7679
6556 8429
6557 7261
6557 7764
6557 8339
6557 8448
6557 8741
6558 7297
6558 7552
6558 8600
6558 8767
6558 9096
6559 7077
6559 7398
6559 7425
6559 7797
6559 8389
6559 8525
6559 9872
6559 9950
6560 9274
6560 9741
6561 6760
6562 6882
6562 8061
6562 9924
6563 6922
6563 9841
6564 7007
6564 7514
6564 8053
6564 8272
6565 6847
6565 6906
6565 7380
6565 8451
6566 7123
6566 7240
6566 8377
6566 8400
6566 9014
6566 9492
6567 6769
6567 7645
6567 8235
6567 9470
6568 6704
6568 9199
6568 9264
6569 7708
6569 7944
6569 8758
6570 6976
6570 7264
6570 8294
6570 9422
6571 6822
6571 7134
6571 7950
6571 8014
6571 8068
6571 9313
6572 8414
6572 8941
6572 9109
6573 6579
6573 7443
6573 7729
6573 8159
6575 8801
6575 8806
6575 9150
6576 6604
6576 7823
6576 8813
6576 9538
6577 6769
6577 7242
6577 7520
6577 7560
6577 7573
6578 7164
6578 7775
6578 7794
6578 8434
6578 9828
6579 7624
6580 6582
6580 6604
6580 8069
6580 8174
6580 8845
6580 9620
6581 6689
6581 8630
6581 8675
6581 8762
6582 6920
6582 7692
6582 7773
6582 7800
6582 8359
6582 8407
6583 6803
6583 7143
6584 6764
6584 7847
6584 8911
6584 9382
6585 8387
6585 8805
6585 9155
6585 9390
6585 9443
6586 7877
6586 8461
6587 6864
6587 8074
6587 8771
6587 9194
6588 7472
6588 8028
6588 8402
6589 7591
6589 8438
6589 8758
6589 9140
6589 9511
6589 9831
6589 9984
6590 7753
6590 9216
6591 6799
6591 7233
6591 7492
6591 8057
6591 9212
6593 6850
6593 8437
6593 9686
6594 7110
6594 9653
6595 6976
6595 7949
6595 9899
6596 6932
6596 7339
6596 7691
6596 8831
6597 8336
6597 8449
6597 8695
6598 8801
6599 7091
6599 8654
6599 9546
6599 9934
6601 7701
6602 8187
6602 9550
6603 6665
6603 7831
6603 9232
6604 8317
6604 9264
6604 9367
6605 6943
6605 6975
6605 9420
6606 6987
6606 7012
6606 8484
6606 9196
6606 9996
6607 7091
6607 8509
6607 8637
6608 7025
6608 7621
6608 9339
6609 7448
6609 7872
6609 7899
6609 9012
6610 9116
6611 8703
6611 9189
6612 7069
6612 7421
6612 7723
6612 7765
6612 7916
6612 9563
6613 7242
6613 7823
6613 8760
6614 6766
6614 7874
6614 8822
6614 8887
6614 8928
6614 9176
6614 9519
6614 9701
6614 9752
6615 6951
6616 6672
6616 6678
6616 7444
6617 7583
6617 7638
6617 8122
6618 9051
6618 9057
6618 9510
6619 8937
6619 9637
6619 9786
6619 9792
6620 7189
6620 7998
6620 8389
6620 8918
6620 9548
6621 7254
6621 7629
6622 6809
6622 7202
6623 6830
6623 7623
6623 7629
6623 7880
6624 8336
6624 9588
6625 7366
6625 7490
6625 7882
6625 9524
6626 6937
6626 9646
6627 7100
6627 8463
6627 9517
6628 7171
6628 7389
6628 8545
6628 8931
6629 8747
6630 8366
6631 7696
6631 9070
6631 9470
6634 9615
6635 7121
6635 9851
6635 9949
6635 9995
6636 7371
6636 7717
6636 8603
6636 9150
6636 9540
6636 9555
6637 7095
6637 8025
6637 8198
6637 9947
6638 7971
6638 7979
6640 6750
6640 6837
6640 7413
6640 7506
6640 8683
6642 6764
6642 8359
6642 9262
6643 9048
6643 9183
6643 9715
6644 7658
6644 8118
6644 8681
6645 6703
6645 7655
6645 7769
6645 7803
6645 8440
6645 8688
6645 8714
6645 8844
6645 8922
6646 7104
6646 9010
6647 7967
6647 9512
6647 9926
6648 8474
6648 8824
6648 9106
6649 6837
6649 7132
6649 7903
6649 9005
6650 7122
6650 7195
6650 8599
6651 7073
6651 7980
6651 9315
6651 9525
6652 6658
6652 6811
6652 8202
6653 6918
6653 8864
6653 9724
6654 7261
6654 7663
6654 7857
6654 9884
6655 7687
6655 8170
6655 8573
6655 8710
6655 9210
6655 9261
6655 9832
6656 7305
6656 7677
6656 8854
6656 9648
6657 8795
6657 9335
6658 7668
6658 8339
6658 8838
6658 8869
6658 9274
6658 9459
6658 9536
6659 6826
6659 7610
6659 8458
6659 8659
6660 6828
6660 7506
6660 7749
6660 7817
6661 8369
6661 9081
6662 7760
6662 9676
6664 7109
6664 7512
6664 7684
6664 8041
6664 9103
6665 8889
6665 9220
6665 9841
6665 9968
6666 6960
6666 9302
6667 8435
6667 8917
6667 9189
6668 8584
6669 8158
6669 8551
6669 9961
6670 6840
6670 8189
6670 8673
6670 8798
6670 9812
6671 8280
6671 8486
6671 9516
6671 9916
6672 7455
6672 8848
6672 8923
6673 7703
6673 8163
6673 8576
6673 8806
6673 9067
6673 9554
6674 6939
6674 7310
6674 7687
6674 7882
6675 7340
6675 7965
6675 8098
6675 8616
6676 9611
6677 8333
6677 9752
6677 9948
6678 9167
6678 9943
6679 6880
6679 7060
6679 7740
6679 8259
6679 8761
6679 9688
6680 7769
6680 8311
6680 9364
6681 6946
6681 7386
6681 8492
6681 9294
6681 9401
6681 9882
6682 7547
6682 9032
6682 9487
6683 6972
6683 6981
6683 7140
6683 7206
6683 8345
6683 8706
6683 9962
6685 7361
6685 7574
6685 7894
6685 8860
6685 9310
6685 9517
6686 9764
6686 9989
6687 8278
6687 8320
6687 8540
6687 8654
6687 9241
6688 9425
6689 7272
6689 7763
6689 8401
6689 9391
6690 7744
6690 7841
6690 8270
6690 9458
6691 6784
6691 9553
6692 6802
6692 6806
6692 7131
6692 8425
6692 8627
6692 9158
6692 9381
6692 9661
6692 9956
6693 7503
6693 8340
6694 7478
6694 9418
6695 9411
6696 7828
6696 9045
6696 9433
6697 6874
6697 7875
6697 7938
6697 9241
6697 9293
6698 7208
6698 7879
6698 8770
6698 9054
6699 7205
6700 6917
6700 8132
6701 6878
6701 7377
6701 7719
6701 7832
6701 9322
6701 9454
6702 7093
6702 8716
6702 8720
6702 9736
6703 7153
6703 8663
6703 9959
6704 7534
6704 8660
6704 9659
6704 9944
6705 9811
6706 6802
6706 7057
6706 7411
6706 7946
6706 8212
6706 8799
6706 8948
6707 8495
6707 9023
6707 9168
6707 9315
6707 9413
6708 7169
6708 7853
6708 8068
6708 8836
6708 9581
6709 7246
6709 8928
6709 9036
6710 8857
6711 7434
6711 7704
6711 9114
6712 7235
6714 8303
6714 8596
6714 8848
6715 7562
6715 8481
6715 8656
6716 7366
6716 7965
6716 9873
6717 7912
6718 7496
6718 7829
6718 8396
6719 7559
6719 7993
6719 8611
6719 9303
6720 8057
6720 8912
6721 6968
6721 6969
6721 7064
6721 7592
6721 7770
6721 9898
6722 8153
6722 9290
6722 9666
6723 8916
6723 9545
6724 7124
6724 7145
6724 7164
6724 9313
6725 6964
6725 7643
6725 8594
6725 8681
6725 8807
6725 9131
6726 7270
6726 7524
6726 8530
6726 8920
6727 6933
6727 7936
6728 6805
6728 7166
6728 8372
6728 8516
6728 9179
6729 7665
6729 9401
6730 7279
6730 7827
6730 8714
6730 9424
6730 9713
6731 7361
6731 7374
6731 8351
6732 6775
6732 6899
6732 7189
6732 8107
6732 8536
6732 8851
6732 8861
6732 8992
6732 9293
6732 9830
6733 7145
6733 7380
6733 7431
6733 9594
6734 6783
6734 7849
6734 8530
6734 8858
6734 8996
6734 9455
6735 6968
6735 8313
6735 9812
6736 6848
6736 7144
6736 7548
6738 7563
6738 7707
6738 8371
6738 9691
6738 9915
6738 9934
6739 6802
6739 6890
6739 7438
6739 8444
6739 9758
6740 7041
6740 7987
6740 8129
6740 8867
6740 8937
6741 8378
6741 8903
6741 9447
6741 9908
6742 7027
6742 7564
6742 8836
6743 7093
6743 8898
6745 6889
6745 7230
6745 7407
6745 7823
6745 7865
6745 8460
6745 9819
6746 7147
6746 7416
6746 8021
6746 8705
6747 8788
6749 7201
6749 8465
6749 8705
6750 7243
6750 7868
6750 8076
6750 8642
6751 7121
6751 8307
6751 9416
6751 9619
6751 9981
6752 8965
6752 9110
6752 9150
6753 9868
6753 9907
6754 7287
6754 7578
6754 8710
6754 9291
6754 9791
6755 8149
6755 9847
6756 7987
6756 9539
6758 7986
6758 8690
6758 9425
6758 9939
6759 9526
6759 9954
6760 7326
6760 7888
6760 9074
6760 9510
6761 7106
6761 8077
6761 8296
6761 9761
6761 9832
6762 8749
6762 8874
6762 9482
6763 7916
6763 9047
6764 6935
6764 6945
6764 6981
6764 7544
6764 7910
6764 8513
6764 9281
6764 9722
6765 6876
6765 7928
6765 8453
6766 6998
6766 7873
6766 7921
6766 9653
6767 6971
6767 7470
6767 8892
6768 7428
6768 9901
6769 7474
6769 8503
6770 6862
6770 8130
6771 6906
6771 6993
6771 7130
6772 7041
6772 7509
6772 8240
6772 9949
6773 8461
6774 8555
6774 9104
6774 9486
6775 7555
6775 7637
6775 8025
6775 8670
6776 7221
6776 7230
6776 8115
6776 8195
6776 8234
6776 8964
6776 9454
6776 9656
6777 6874
6777 6981
6777 7272
6777 7980
6777 9739
6778 8250
6778 8643
6778 8967
6779 6874
6780 6912
6780 8757
6780 8912
6781 7356
6781 8997
6781 9525
6782 9639
6783 8608
6783 9562
6783 9924
6784 7964
6785 7744
6785 9459
6786 7037
6786 7185
6786 7313
6786 7624
6786 7769
6786 8820
6786 8960
6786 9387
6787 7803
6788 8227
6789 9341
6790 6967
6790 8414
6790 8601
6790 9598
6791 7654
6791 8671
6791 8732
6792 7991
6792 8653
6792 9351
6793 8111
6793 8250
6794 7581
6794 7745
6794 8520
6794 9022
6794 9148
6794 9783
6795 7700
6795 8816
6796 8421
6796 8930
6797 7524
6797 7697
6797 8369
6797 8824
6798 6973
6798 7355
6798 8670
6798 8977
6798 9659
6799 6932
6799 7991
6799 9466
6799 9618
6800 6997
6800 8628
6800 8711
6800 9758
6801 9851
6802 7590
6802 9217
6802 9603
6803 7247
6803 7295
6803 8070
6803 9646
6804 7396
6804 7947
6804 8328
6804 8529
6804 8742
6804 9651
6804 9669
6805 7618
6805 8444
6805 8683
6805 9444
6806 8926
6806 8935
6806 9446
6806 9972
6807 6858
6807 7161
6807 7921
6807 8630
6807 8999
6807 9429
6807 9517
6807 9639
6808 7192
6809 7998
6809 8285
6809 8343
6809 9848
6810 8409
6810 9068
6810 9833
6811 7223
6811 7360
6811 7676
6811 8726
6811 9224
6811 9414
6812 7123
6812 9189
6814 7181
6814 7776
6814 8785
6815 7384
6815 8202
6815 8524
6815 9461
6816 8554
6816 9625
6816 9768
6817 7890
6817 8906
6818 7302
6818 7769
6818 9013
6818 9150
6819 7120
6819 8975
6819 9401
6820 8592
6821 6872
6821 7141
6821 7737
6821 8123
6821 9896
6822 6833
6822 7922
6822 8551
6822 9200
6823 7354
6823 7655
6823 8691
6823 8787
6823 9778
6824 7287
6824 8605
6824 8776
6824 9292
6825 7383
6826 7743
6826 8004
6827 8037
6827 9395
6828 7748
6828 9371
6829 7558
6829 7659
6829 9190
6829 9903
6831 7984
6832 7916
6833 9991
6834 7449
6834 7921
6834 8730
6834 9298
6834 9480
6835 9260
6836 6912
6836 8604
6837 6888
6837 7771
6837 8737
6837 8829
6838 9059
6839 6923
6839 8848
6840 7272
6840 7436
6840 7597
6840 8207
6840 9295
6841 9108
6842 7071
6842 7159
6842 7337
6842 8196
6843 6974
6843 7156
6843 8220
6843 8609
6844 7110
6844 8014
6844 9584
6844 9736
6845 9102
6846 9922
6847 7245
6847 7298
6847 7785
6847 9171
6848 7069
6848 8585
6849 7301
6849 8296
6849 9434
6850 7402
6850 8088
6850 8996
6850 9327
6851 8697
6851 9871
6852 6890
6852 6910
6852 7021
6852 7040
6852 7191
6852 7950
6852 8303
6853 6917
6853 6986
6853 8321
6853 9794
6854 8119
6855 9746
6856 7875
6856 9220
6856 9735
6856 9945
6858 9499
6859 8286
6859 8943
6859 9366
6859 9937
6860 8028
6860 9250
6860 9644
6861 7240
6861 7455
6861 9881
6862 6951
6862 9269
6862 9893
6863 6980
6863 7741
6863 7989
6864 7612
6864 8299
6864 8441
6864 9613
6865 6973
6865 7288
6865 8449
6865 8906
6867 7573
6867 7756
6867 7997
6867 9172
6868 7070
6868 8335
6869 6919
6869 8482
6869 9262
6870 7547
6870 9151
6870 9612
6871 7305
6871 9250
6871 9467
6872 7659
6872 8774
6872 9322
6872 9433
6873 9632
6873 9698
6874 6997
6874 7140
6874 7200
6874 8504
6874 9141
6875 7912
6875 9376
6876 7453
6876 8628
6877 6971
6877 7502
6877 8274
6877 8934
6877 9042
6877 9345
6877 9595
6878 9548
6879 7981
6879 8622
6879 9313
6880 7824
6880 8975
6881 7682
6881 8617
6881 9135
6881 9211
6882 7000
6882 8201
6882 8324
6882 8653
6882 8859
6882 9854
6883 7699
6883 7921
6883 9329
6883 9978
6884 7376
6884 9313
6885 7727
6885 7998
6885 9647
6886 7505
6886 7830
6886 9713
6886 9851
6887 9308
6888 8718
6888 8938
6888 8999
6888 9227
6889 9435
6889 9655
6890 7455
6890 8938
6891 7091
6891 7660
6891 8943
6891 9475
6891 9933
6892 7564
6892 8093
6892 8378
6892 8821
6892 9117
6892 9964
6893 8663
6894 8111
6894 8199
6894 8642
6895 7337
6895 8556
6895 9349
6896 7278
6896 7603
6896 8986
6897 8755
6897 9008
6897 9821
6898 6926
6898 7069
6898 9307
6899 9628
6900 6985
6900 7030
6900 8108
6901 7240
6901 7349
6901 8079
6901 8569
6901 9764
6902 6909
6902 7501
6902 7534
6902 7954
6902 8208
6902 8289
6902 8421
6902 9411
6903 7637
6903 7699
6903 9273
6903 9286
6904 7170
6904 8349
6905 8003
6906 7062
6906 7600
6906 8672
6908 6967
6908 8201
6908 8380
6908 8989
6908 9321
6909 7151
6909 8529
6909 9457
6910 7095
6910 8064
6910 8259
6910 9955
6911 7347
6912 8218
6913 7422
6913 7633
6913 9408
6913 9643
6914 7534
6914 8328
6914 8494
6916 7198
6917 7096
6917 7653
6917 9324
6918 8014
6918 9288
6919 6940
6919 7882
6919 8534
6919 9494
6920 8858
6920 9488
6920 9670
6921 7658
6921 7717
6921 9255
6921 9740
6922 7420
6922 8433
6922 8636
6922 9277
6923 7531
6923 7913
6923 9539
6923 9841
6924 8413
6924 8837
6924 9858
6925 7098
6925 7152
6925 7473
6925 8722
6925 9354
6925 9779
6925 9959
6926 7261
6926 7602
6926 8372
6926 8954
6926 9122
6927 8055
6927 9279
6929 7486
6929 7644
6929 9026
6929 9534
6930 7143
6930 7355
6930 7551
6930 8174
6930 8410
6930 8482
6930 8566
6930 9901
6931 7626
6931 8245
6931 8253
6931 8656
6931 9801
6931 9819
6932 8248
6932 8693
6932 9709
6933 8464
6933 9476
6933 9826
6934 8785
6934 9700
6936 8653
6936 9032
6936 9637
6937 7290
6938 7160
6938 7440
6938 7461
6938 8750
6938 8795
6938 9598
6939 7259
6939 7870
6939 8582
6939 8685
6939 9634
6939 9879
6939 9985
6940 8091
6940 8152
6940 8667
6941 7675
6941 8042
6941 8473
6942 7618
6942 8614
6942 9089
6942 9490
6942 9509
6943 7551
6943 8367
6943 9412
6944 8155
6944 9309
6944 9934
6945 7595
6945 7634
6945 8825
6945 9289
6946 8807
6947 7593
6948 7790
6948 8351
6948 8504
6948 8788
6948 8981
6949 7115
6949 7591
6949 8243
6949 9688
6950 7478
6950 8055
6950 8230
6951 7452
6951 9407
6952 7498
6952 8087
6953 8417
6953 8494
6953 8893
6954 8391
6954 8546
6954 8884
6954 9282
6954 9448
6954 9783
6954 9935
6955 7328
6955 7804
6955 8184
6955 8251
6955 9153
6956 7298
6956 7485
6956 8004
6956 9420
6957 7579
6957 8335
6957 9539
6958 7555
6958 7937
6958 8226
6958 8325
6958 8825
6959 9420
6960 7559
6960 8740
6960 8932
6961 8142
6961 8905
6961 9001
6962 7809
6962 8096
6962 8391
6963 7405
6963 8084
6963 9319
6964 7099
6964 7120
6964 9080
6964 9892
6964 9907
6965 7487
6965 9853
6966 7184
6966 7332
6966 7922
6966 8027
6966 8222
6966 8349
6966 9980
6967 7906
6967 9028
6968 9682
6969 8246
6969 9074
6970 7151
6970 9481
6971 7422
6971 7491
6971 9581
6971 9672
6972 7627
6972 7940
6972 8694
6973 8187
6973 8507
6973 8774
6974 8135
6974 9014
6974 9432
6974 9985
6975 8381
6975 8783
6975 9197
6975 9938
6976 7397
6976 7710
6976 8161
6978 7419
6978 7427
6978 7526
6978 8729
6979 7190
6979 7789
6979 8583
6979 8625
6979 9071
6979 9651
6979 9891
6980 7586
6980 8349
6981 7049
6981 7116
6981 8187
6981 8751
6981 9317
6981 9387
6982 7121
6983 9121
6984 7584
6984 9367
6984 9830
6984 9864
6985 7070
6985 8258
6985 8879
6986 7023
6986 7692
6986 7963
6986 9626
6987 7148
6987 7935
6987 9225
6988 7862
6989 7074
6989 8172
6989 9055
6990 7693
6990 7744
6991 7406
6991 9535
6992 7115
6992 9762
6993 7184
6993 9546
6994 7075
6994 8148
6994 8786
6994 9468
6995 7083
6995 7089
6995 8502
6995 9727
6995 9843
6995 9874
6996 7383
6996 9380
6996 9932
6997 8133
6997 9319
6998 7015
6998 7729
6998 8825
6998 9132
6999 7701
6999 8001
6999 8918
6999 9765
7000 7190
7000 8119
7000 8574
7000 9693
7000 9817
7001 7017
7001 7831
7001 8122
7002 7749
7002 9408
7002 9712
7003 7425
7003 8158
7003 8593
7003 9438
7003 9905
7004 8300
7005 8045
7005 8814
7006 8604
7006 8901
7007 7226
7007 7631
7007 8944
7007 9245
7007 9882
7008 9491
7008 9617
7009 7694
7009 9839
7010 7151
7010 8357
7010 9080
7010 9368
7011 7836
7011 8476
7012 9804
7013 9927
7014 7728
7014 8169
7014 8499
7015 7702
7015 7889
7015 8036
7015 8571
7015 8611
7017 7326
7017 7405
7017 7997
7017 9022
7018 7380
7018 7502
7018 7655
7018 8139
7018 8604
7018 9614
7019 7239
7019 8438
7019 8747
7019 9692
7020 7890
7020 8155
7020 9431
7021 7103
7021 7235
7021 7307
7021 7475
7021 8323
7021 9035
7022 8622
7022 8727
7023 7145
7023 8556
7023 9596
7024 7183
7024 8378
7024 8649
7024 9087
7025 8374
7026 8055
7026 8479
7027 8559
7028 8596
7028 9640
7029 7431
7029 8036
7029 9153
7030 7456
7030 8431
7030 9608
7031 7386
7031 9306
7031 9650
7032 7301
7032 8690
7033 8007
7033 8583
7034 7860
7034 8035
7034 8106
7034 8651
7034 8783
7035 7211
7035 7812
7036 8340
7036 8876
7036 9408
7037 9504
7037 9807
7038 8540
7038 9398
7038 9432
7038 9851
7039 7830
7039 8298
7039 8299
7039 8365
7039 8762
7039 9357
7039 9481
7039 9616
7040 8257
7040 8841
7040 9763
7040 9943
7041 7499
7041 8595
7041 9621
7041 9877
7042 9063
7042 9904
7042 9942
7042 9980
7043 9404
7045 8013
7045 9565
7046 8489
7046 8649
7047 7152
7047 7326
7047 7328
7047 7562
7047 8742
7048 7525
7048 8036
7048 8438
7049 8105
7049 8339
7049 8347
7049 9793
7050 8577
7050 9267
7051 7746
7051 8641
7051 9935
7051 9985
7052 7618
7052 7815
7052 8562
7053 8746
7053 9540
7053 9650
7053 9743
7053 9890
7054 7810
7054 7977
7054 9663
7055 7140
7055 7189
7055 7612
7055 8270
7056 7389
7056 9289
7056 9419
7057 8112
7057 8834
7057 9650
7058 7133
7058 8744
7059 7597
7059 9181
7059 9286
7059 9985
7060 8751
7060 9767
7061 7464
7061 9578
7061 9749
7061 9800
7062 8620
7062 8714
7062 9096
7063 7583
7063 9174
7063 9653
7064 9438
7065 7809
7065 8928
7065 9224
7065 9398
7066 7610
7066 7948
7066 8097
7066 8269
7066 8402
7066 9879
7067 9153
7068 7402
7068 8220
7068 9399
7070 7310
7070 7927
7071 7298
7071 8004
7071 9427
7072 7157
7072 9424
7072 9658
7073 7536
7073 7820
7073 8601
7074 7146
7074 8237
7074 8878
7075 7147
7075 7238
7075 7430
7076 7571
7076 8531
7076 8972
7076 9843
7076 9873
7077 7498
7077 7515
7077 8905
7078 8871
7078 9107
7078 9883
7079 9484
7080 7642
7080 8877
7080 9470
7080 9648
7080 9906
7081 8299
7081 9971
7082 7301
7082 8709
7082 8748
7083 7258
7083 7410
7083 8286
7083 8836
7083 9024
7084 7505
7085 7343
7085 7648
7085 8295
7085 9146
7085 9165
7085 9337
7085 9589
7086 7621
7086 8736
7087 9455
7087 9733
7088 7540
7088 9075
7089 7309
7089 8201
7091 8008
7092 8866
7092 9781
7093 7542
7093 8129
7093 9974
7096 7786
7096 9126
7096 9498
7097 8004
7097 8913
7098 8195
7098 9357
7099 7801
7099 9381
7100 7316
7100 9676
7100 9776
7102 7708
7102 8948
7102 9399
7103 7783
7103 8023
7103 8747
7103 9105
7103 9334
7103 9553
7104 8153
7104 8218
7104 9832
7105 9341
7105 9481
7105 9717
7106 8478
7107 8259
7107 9282
7108 7894
7108 8319
7108 8406
7108 8789
7108 8982
7108 9330
7108 9401
7108 9420
7109 9963
7110 7428
7110 9801
7111 7211
7111 7561
7111 8330
7112 7271
7112 8375
7112 8686
7112 8918
7112 9516
7113 9870
7114 9562
7114 9668
7115 7178
7115 9147
7116 7656
7116 8146
7116 8392
7116 8732
7116 9480
7117 7833
7117 8623
7118 7479
7118 7669
7118 8652
7118 8849
7118 9207
7118 9405
7119 7149
7119 7592
7120 7734
7120 7759
7120 9565
7121 7269
7121 7494
7121 7755
7122 9284
7122 9624
7123 7842
7123 8994
7123 9768
7124 9852
7125 7578
7125 9811
7126 7772
7126 8224
7126 8860
7126 9747
7126 9988
7127 7710
7127 9963
7128 8295
7128 8675
7129 9529
7129 9838
7130 7783
7130 8367
7131 8591
7132 7309
7132 7898
7133 7409
7133 9486
7133 9956
7134 7868
7135 8551
7135 8585
7135 9076
7135 9915
7136 7688
7136 9250
7136 9372
7136 9543
7137 7515
7137 8064
7137 8127
7138 7558
7138 9369
7138 9979
7139 9071
7140 8698
7140 8815
7140 9748
7141 8932
7142 7704
7142 8351
7142 9177
7143 8722
7143 9225
7144 9287
7145 7686
7146 7630
7146 8478
7146 9380
7147 8202
7148 7262
7148 8803
7149 7435
7150 8553
7150 9910
7150 9916
7151 7763
7151 9814
7151 9838
7152 7751
7152 8671
7152 9866
7153 9501
7153 9606
7153 9711
7154 7683
7154 8467
7154 8506
7155 7352
7155 7823
7155 7956
7155 7981
7155 8161
7155 8551
7155 8844
7156 7394
7156 9193
7156 9474
7156 9687
7157 8881
7157 9207
7157 9685
7158 7902
7159 7637
7160 7830
7160 9164
7160 9943
7161 7222
7161 7612
7161 8636
7161 9834
7162 7704
7163 7765
7163 9926
7164 8436
7164 8984
7165 7376
7165 7424
7165 8051
7165 8527
7166 7194
7167 8400
7167 8532
7168 9408
7169 8906
7170 7367
7170 8058
7171 9006
7171 9854
7172 9150
7173 7291
7173 7406
7173 8564
7173 9655
7174 7920
7175 9030
7176 9329
7176 9860
7177 7826
7177 8611
7177 8922
7177 9125
7177 9463
7178 7261
7178 7995
7178 9772
7178 9862
7179 8231
7179 8500
7180 7224
7180 8656
7180 8958
7181 7667
7181 9522
7182 7417
7182 8257
7182 8348
7182 8860
7182 9147
7182 9782
7184 7477
7184 7871
7184 8887
7184 8892
7184 8937
7184 9335
7186 7396
7186 8165
7186 8350
7186 8827
7187 8679
7187 8749
7187 9896
7188 7260
7188 8473
7189 8343
7189 8551
7189 8579
7189 8621
7189 9074
7190 7808
7190 8191
7190 8519
7191 7572
7191 8012
7191 8445
7191 8741
7192 9970
7193 7555
7193 8763
7193 9231
7193 9408
7194 7424
7194 8242
7194 8647
7194 8754
7194 9790
7195 7435
7195 7866
7195 9266
7195 9496
7196 8539
7196 8619
7196 8698
7196 8835
7196 8859
7197 8697
7197 9956
7198 7756
7198 7964
7199 8155
7199 8249
7199 8331
7199 8775
7200 7218
7200 7283
7200 7544
7200 8484
7200 9383
7200 9915
7201 8311
7202 7621
7202 9703
7203 8476
7203 8638
7203 9194
7204 7727
7204 8332
7204 8599
7204 9003
7204 9240
7205 7779
7205 7881
7205 8787
7206 8143
7206 8216
7207 8402
7207 8625
7208 8630
7209 7466
7209 7687
7209 8070
7209 9362
7210 7465
7210 7670
7210 7752
7210 9257
7211 7350
7211 9720
7212 7473
7212 8751
7212 9193
7213 8215
7213 9698
7214 7788
7214 8021
7214 9213
7214 9477
7214 9575
7215 7493
7215 8586
7215 8922
7215 9557
7215 9665
7215 9791
7216 8194
7216 9772
7217 7905
7217 8379
7217 8829
7218 7605
7218 7996
7218 8520
7218 9717
7219 8506
7219 9234
7219 9266
7220 7638
7220 9276
7221 8727
7221 9301
7221 9636
7222 7669
7222 7917
7222 9433
7223 9240
7223 9914
7224 8509
7224 8672
7224 9087
7225 7933
7225 8168
7226 7716
7226 8769
7226 8871
7226 9416
7227 9381
7227 9950
7228 9905
7228 9949
7229 9303
7230 9170
7231 9213
7231 9923
7232 8001
7232 8528
7232 9559
7233 7245
7233 7484
7233 9093
7233 9120
7235 7583
7236 8942
7236 9152
7236 9359
7236 9429
7237 9377
7237 9960
7238 7485
7238 7945
7238 8048
7239 9115
7240 8385
7240 8459
7240 8844
7240 9290
7241 9979
7242 7458
7242 8806
7242 9430
7243 7292
7243 7352
7243 8643
7243 9940
7244 7304
7244 7495
7244 9374
7245 9266
7245 9391
7246 8697
7247 7380
7247 9408
7247 9765
7248 7540
7248 7800
7249 7278
7249 7466
7250 9773
7252 8109
7253 7293
7253 8361
7254 8393
7254 8507
7254 9309
7255 7387
7255 9865
7256 8911
7256 8944
7256 9883
7257 7604
7257 8680
7257 9914
7258 7310
7258 8346
7259 8753
7259 9204
7259 9906
7260 7317
7260 7927
7261 7717
7261 8296
7261 8461
7261 8984
7261 9374
7262 7576
7262 9441
7263 7369
7264 8313
7266 8867
7267 8373
7267 9381
7268 9781
7269 7641
7269 7670
7269 8746
7270 7581
7270 7906
7270 8467
7270 8644
7271 8207
7271 9426
7272 7940
7272 8725
7272 8920
7272 9086
7272 9882
7273 8481
7273 8953
7273 9637
7273 9996
7274 9516
7274 9649
7275 7778
7275 7978
7275 8607
7276 7511
7276 8757
7277 8642
7277 8707
7278 7448
7278 8833
7279 7461
7279 7700
7279 8282
7279 9278
7279 9603
7280 8503
7280 9977
7281 7926
7281 8982
7281 9013
7281 9519
7282 7904
7282 8637
7282 8691
7283 7850
7283 8084
7283 8795
7283 8957
7283 9921
7284 9798
7285 8823
7286 7461
7286 7636
7287 8718
7287 9755
7288 9518
7288 9944
7289 7575
7289 7651
7289 8229
7289 9367
7290 7428
7290 9546
7291 7610
7292 7298
7292 9448
7294 7413
7294 7622
7294 8181
7294 8665
7294 9827
7295 7756
7295 8482
7295 8631
7296 7371
7296 8268
7297 7413
7297 7517
7297 7578
7297 8032
7297 8207
7297 8432
7297 9355
7298 7630
7298 8910
7299 8252
7299 9385
7299 9926
7300 8045
7300 9186
7301 8214
7301 8387
7301 9203
7301 9445
7301 9536
7301 9945
7302 8649
7303 8518
7303 9249
7303 9284
7304 7511
7304 7707
7305 7564
7305 8818
7305 9057
7305 9630
7306 9510
7306 9766
7307 8094
7307 8805
7307 8906
7308 7880
7308 8105
7308 8469
7308 9018
7309 7334
7309 7516
7309 8661
7309 8726
7310 7821
7310 8022
7310 8062
7310 8681
7310 9741
7311 7932
7311 7995
7311 8359
7311 8945
7312 9479
7312 9608
7313 7495
7313 7517
7313 7829
7313 8529
7313 9750
7314 7370
7314 8431
7314 9698
7316 8620
7316 8920
7317 7681
7318 9680
7319 8268
7319 9268
7321 9025
7321 9993
7322 8541
7322 9560
7323 8203
7323 8325
7323 9297
7324 8195
7324 9283
7325 7831
7325 8513
7326 7430
7326 8286
7326 9974
7327 7471
7327 7480
7327 8129
7327 9246
7327 9252
7328 9487
7329 8702
7329 9477
7330 7356
7330 7899
7331 8141
7331 9270
7331 9487
7331 9734
7331 9909
7332 7789
7332 8780
7332 9015
7332 9071
7332 9199
7333 8002
7333 8527
7333 9163
7334 7387
7334 7452
7335 8056
7335 8409
7336 8359
7336 9828
7337 7874
7337 9167
7337 9888
7338 7433
7338 7544
7338 7660
7339 7370
7339 8109
7339 9108
7340 7382
7341 9643
7342 7625
7342 9568
7343 7846
7343 7911
7343 8073
7343 9877
7344 8232
7345 8566
7345 9749
7346 7499
7346 8156
7346 9241
7347 7568
7347 8808
7350 7812
7350 8542
7351 9375
7352 7485
7352 7973
7352 8528
7352 8977
7352 9725
7353 7669
7353 8270
7353 8623
7354 7615
7354 7782
7354 7850
7354 9717
7354 9749
7355 8805
7355 9997
7356 9509
7357 7966
7357 8576
7357 9082
7357 9475
7357 9481
7358 7899
7359 8340
7359 8821
7359 9066
7359 9429
7359 9537
7360 8420
7360 8970
7360 9325
7361 7542
7361 7558
7361 8472
7361 8481
7361 8707
7361 9435
7362 8328
7362 8638
7362 9189
7362 9226
7362 9703
7362 9893
7363 7685
7363 7885
7364 7444
7365 8731
7365 9804
7366 7386
7366 7937
7366 8526
7368 9426
7369 7998
7369 9271
7369 9293
7370 8289
7370 8690
7371 7922
7371 9235
7371 9957
7372 7526
7372 7627
7372 8123
7372 9206
7372 9661
7373 8807
7374 7780
7374 9853
7375 9484
7376 9217
7376 9259
7377 9309
7378 9617
7379 7848
7379 8045
7379 8242
7379 8328
7380 7733
7381 7594
7381 7792
7381 8282
7381 8857
7381 9666
7382 8035
7382 8366
7382 8868
7383 8676
7383 8813
7384 8348
7384 8573
7384 8844
7384 9302
7385 9030
7385 9414
7386 7530
7386 8781
7386 9782
7386 9790
7386 9810
7387 8033
7387 8118
7387 9329
7387 9862
7388 7778
7388 8684
7388 9661
7389 7924
7389 8249
7390 7393
7390 7969
7390 9411
7390 9857
7391 7529
7391 7902
7391 8314
7391 9256
7391 9656
7392 7808
7392 9117
7392 9613
7392 9794
7393 8048
7393 8471
7393 8564
7393 9270
7393 9644
7393 9904
7394 7667
7394 7760
7394 8260
7395 8724
7395 9987
7396 7461
7396 8582
7396 9137
7397 7471
7397 7637
7397 7913
7397 9071
7398 8282
7400 9602
7400 9618
7400 9958
7401 7620
7401 9157
7401 9279
7402 7930
7402 8741
7402 9551
7403 8023
7403 8623
7403 9062
7403 9108
7403 9416
7403 9891
7405 8193
7405 8670
7406 9369
7407 7546
7407 7792
7407 8965
7407 9022
7408 9404
7408 9932
7409 8081
7409 8443
7409 9512
7409 9948
7410 9426
7410 9468
7411 9103
7411 9137
7411 9752
7412 8300
7412 8689
7412 9488
7413 8334
7413 8526
7413 9009
7414 7927
7414 8849
7414 9826
7415 9013
7415 9289
7415 9803
7416 8420
7416 8724
7416 9035
7416 9353
7416 9735
7417 7688
7417 7840
7418 7825
7418 7894
7418 8385
7418 8861
7418 8991
7419 7891
7419 8067
7419 8961
7420 9217
7420 9336
7421 8351
7422 8673
7422 9088
7422 9348
7423 7464
7423 7969
7423 9110
7423 9939
7424 7448
7424 8816
7424 9750
7425 7467
7425 8843
7427 9296
7428 8216
7428 8367
7429 7532
7429 7849
7429 8361
7429 9610
7430 7684
7430 7855
7431 7974
7431 8537
7431 9222
7431 9570
7432 8268
7432 8459
7432 9236
7433 8289
7433 9188
7433 9876
7434 8464
7434 8751
7434 9129
7434 9609
7434 9926
7435 8953
7435 9102
7435 9881
7436 7980
7436 9456
7437 7981
7437 8419
7437 8554
7437 8808
7437 9035
7437 9566
7438 9574
7438 9724
7439 8125
7439 8141
7439 9472
7440 8130
7440 8343
7441 8924
7441 9497
7442 7679
7442 7794
7443 7585
7443 8062
7443 9460
7443 9856
7444 7671
7444 7920
7444 8143
7444 8345
7444 9141
7445 7949
7445 8236
7445 9250
7446 8166
7446 9663
7446 9862
7448 8509
7448 8643
7448 9318
7449 9562
7450 7603
7451 7706
7451 8923
7451 9312
7451 9671
7452 7953
7452 8455
7453 7518
7453 8023
7454 8015
7454 8245
7454 8453
7454 8568
7454 8900
7454 9175
7454 9902
7455 8617
7455 9376
7455 9808
7456 9064
7457 7670
7457 7917
7457 8140
7457 8179
7457 8637
7457 8872
7457 9872
7458 8850
7458 9434
7458 9643
7459 7882
7459 8236
7460 8450
7460 9631
7461 8765
7462 9169
7464 7536
7464 9002
7464 9498
7464 9683
7465 8001
7465 8811
7467 8697
7468 7900
7468 7953
7468 8157
7468 8781
7468 8828
7470 8666
7470 9606
7470 9833
7470 9840
7471 7719
7471 8640
7472 8891
7473 8489
7473 9291
7474 7742
7474 7755
7474 9314
7475 9298
7476 7901
7476 8234
7476 8972
7476 9803
7477 8846
7478 7936
7478 8823
7479 8727
7479 9079
7479 9107
7480 8475
7480 9296
7481 8551
7482 9797
7482 9890
7483 7704
7483 8220
7483 9254
7483 9823
7484 7862
7484 9589
7485 8404
7486 7557
7486 7627
7486 9227
7486 9357
7486 9500
7487 8944
7487 9433
7487 9763
7488 8260
7489 9701
7490 8028
7490 8755
7490 9791
7491 7862
7491 9005
7491 9931
7492 7944
7493 9616
7494 8969
7494 9698
7494 9906
7495 9981
7496 8752
7497 7784
7497 9276
7497 9585
7498 8038
7498 8141
7498 9521
7498 9538
7498 9553
7499 7951
7499 8914
7500 7803
7500 8142
7500 8555
7500 9324
7500 9967
7502 9886
7503 7614
7503 8358
7504 8032
7504 8525
7504 8850
7504 9719
7504 9985
7505 7996
7505 8129
7505 9188
7506 8165
7506 9223
7507 7716
7507 8526
7507 9027
7508 8801
7510 8282
7510 9077
7510 9229
7510 9252
7510 9456
7511 8154
7512 9411
7512 9781
7513 8906
7513 9407
7513 9649
7514 9481
7515 7606
7515 7891
7516 8923
7516 9045
7516 9313
7517 7556
7517 8571
7517 9976
7518 9078
7518 9717
7519 9022
7520 7724
7520 8394
7520 8840
7520 9474
7521 7935
7521 8005
7521 9988
7522 8474
7522 9567
7523 8271
7523 8479
7524 7658
7525 8394
7525 8776
7526 7828
7526 8137
7526 8236
7526 9586
7527 8729
7527 9995
7528 9271
7529 8922
7529 9063
7529 9285
7529 9586
7530 8290
7530 8866
7530 9990
7531 7535
7531 7681
7531 9112
7532 7695
7532 8402
7532 8928
7532 9186
7532 9824
7533 7697
7534 8469
7535 7986
7535 9001
7535 9180
7536 9415
7536 9868
7536 9886
7537 7924
7538 7986
7539 8560
7539 8677
7539 9162
7539 9445
7540 8191
7540 9433
7540 9781
7540 9976
7541 7605
7541 9746
7542 7958
7542 8744
7543 8097
7543 9641
7544 9063
7544 9241
7545 7824
7545 7915
7545 9483
7545 9623
7546 7803
7548 8852
7549 7855
7549 8454
7550 8649
7551 9116
7551 9368
7551 9562
7551 9563
7551 9841
7552 7998
7552 8350
7552 8673
7554 8684
7554 9293
7555 7856
7555 8257
7555 8300
7555 8392
7555 9378
7556 8278
7556 8634
7556 9830
7557 8225
7557 8438
7557 8881
7557 8979
7558 9468
7559 7687
7559 9162
7560 9497
7561 8380
7561 8524
7561 9678
7562 9785
7563 7906
7563 8591
7563 8910
7563 8922
7563 9398
7563 9963
7564 7939
7565 8549
7565 9323
7565 9601
7566 9648
7567 9345
7567 9568
7568 7791
7568 8040
7568 8986
7570 7715
7570 7895
7570 9894
7571 7618
7572 8394
7573 8496
7574 7674
7574 7692
7574 7882
7574 7985
7574 8080
7574 8389
7574 8769
7575 7894
7575 9106
7576 7892
7577 7920
7578 7734
7578 9391
7578 9807
7579 8175
7579 8496
7579 8858
7579 9934
7580 8557
7580 9310
7580 9853
7580 9866
7581 7703
7581 8698
7581 9108
7582 9290
7583 8176
7583 9581
7583 9809
7583 9825
7583 9910
7584 8366
7585 7610
7585 7988
7585 8811
7585 8877
7585 9170
7585 9330
7585 9535
7586 7721
7586 8184
7586 9045
7586 9640
7587 7937
7587 8006
7587 8545
7587 9073
7587 9184
7588 8967
7589 7644
7589 8727
7589 8958
7589 9036
7589 9340
7590 8395
7591 7996
7591 9137
7593 9661
7595 8534
7595 9322
7596 8554
7597 7602
7597 8452
7597 9448
7597 9693
7597 9962
7598 8446
7598 9282
7599 7743
7600 9130
7600 9963
7601 7707
7601 8601
7601 8606
7601 8783
7601 9602
7602 7737
7602 8063
7602 8536
7602 9078
7602 9548
7602 9587
7603 9823
7604 7805
7605 9064
7605 9831
7606 8255
7606 9847
7607 8129
7607 9241
7608 9460
7609 9977
7610 8842
7610 9163
7610 9410
7611 7632
7612 7782
7612 9179
7613 9092
7615 7843
7615 8155
7615 9580
7616 8663
7616 9005
7617 9420
7617 9505
7617 9622
7617 9825
7618 7848
7618 8065
7619 7660
7619 9421
7619 9449
7620 8077
7620 9780
7621 9773
7622 8238
7622 9334
7623 9878
7624 8370
7624 9011
7624 9503
7624 9951
7625 7726
7625 9592
7625 9613
7626 8154
7626 8664
7626 8711
7626 9912
7627 8068
7627 8882
7628 8596
7628 8849
7630 7749
7630 8004
7631 9567
7632 8127
7632 8488
7632 9395
7632 9469
7633 8454
7633 9896
7634 8459
7634 8734
7635 7852
7635 9308
7636 8139
7636 8806
7636 9594
7636 9966
7637 8036
7637 8288
7637 9404
7638 8196
7638 8675
7638 9729
7639 8235
7639 8253
7639 9985
7640 9716
7640 9912
7640 9941
7641 8349
7641 9428
7642 9418
7643 7873
7643 9349
7644 8432
7644 8705
7645 8003
7647 7921
7647 9426
7647 9800
7648 8942
7649 7906
7650 9368
7650 9391
7651 8628
7652 7861
7653 8728
7653 8741
7653 9095
7653 9849
7654 9224
7655 8701
7655 9039
7655 9459
7657 8080
7658 7687
7658 8590
7658 8805
7658 9583
7658 9826
7659 7742
7659 8394
7659 9099
7659 9627
7660 9926
7661 8107
7661 8553
7661 9689
7662 8469
7662 8792
7662 9008
7662 9364
7663 7685
7663 9993
7664 8313
7665 8120
7665 9390
7666 9864
7667 9203
7667 9646
7668 9540
7669 7717
7669 9419
7670 8132
7670 8185
7670 8938
7670 9244
7670 9769
7670 9790
7671 8911
7672 8168
7672 9030
7672 9282
7673 7786
7673 8329
7673 9887
7674 7950
7674 9087
7675 9567
7675 9786
7676 7938
7676 9297
7677 8458
7677 9033
7677 9486
7678 9215
7678 9840
7678 9982
7679 7863
7679 8897
7680 8289
7680 8423
7680 9067
7681 7712
7681 8066
7681 8592
7682 9361
7682 9463
7683 8470
7683 9075
7683 9161
7683 9531
7683 9854
7684 7800
7684 8502
7686 9533
7687 7957
7687 8007
7687 8134
7687 8543
7687 8832
7688 8824
7688 9624
7689 8812
7691 8285
7691 9153
7691 9400
7691 9482
7692 8730
7693 8123
7693 8134
7693 8540
7694 9103
7695 9103
7696 8448
7696 8694
7696 9266
7697 8471
7698 7756
7698 8273
7698 9183
7698 9653
7698 9904
7699 7769
7699 9191
7699 9323
7699 9395
7700 7714
7700 7787
7700 9244
7700 9588
7700 9705
7700 9803
7700 9824
7701 9478
7701 9971
7702 9281
7702 9412
7703 9084
7704 9179
7705 7731
7705 9190
7708 9193
7710 7835
7710 7892
7710 8304
7710 8489
7710 9504
7711 8801
7712 8914
7712 9426
7712 9562
7712 9719
7713 8420
7713 8478
7713 8569
7713 8845
7713 9512
7714 8898
7714 9911
7715 8344
7715 9583
7715 9639
7716 8072
7717 7733
7717 8666
7717 8688
7717 9641
7718 8020
7718 8354
7719 8154
7721 8491
7721 8889
7721 9178
7721 9866
7723 9131
7723 9670
7725 8577
7726 7999
7726 8821
7726 9109
7726 9581
7727 9210
7727 9873
7728 8983
7728 9390
7728 9939
7730 7881
7730 8387
7730 9234
7731 8042
7731 9724
7732 7885
7732 7943
7732 8673
7732 9332
7732 9354
7733 8138
7733 8555
7734 8110
7734 9359
7735 9248
7736 9725
7737 8883
7738 8608
7739 8557
7740 8280
7740 8843
7740 9842
7741 7982
7741 9095
7741 9993
7742 9682
7743 9188
7744 9233
7744 9773
7745 7940
7746 7865
7746 7956
7746 9002
7747 9774
7748 9815
7749 8320
7749 9273
7750 7856
7750 8856
7750 9123
7750 9513
7751 7943
7751 8014
7751 9890
7752 7921
7752 8307
7752 9796
7752 9808
7753 7910
7753 8100
7753 8237
7753 9008
7754 8365
7754 8817
7754 9776
7755 8317
7755 8515
7755 8560
7755 8586
7755 8636
7755 8694
7756 9143
7756 9256
7756 9638
7757 8395
7758 7952
7758 8473
7758 8978
7758 9115
7758 9953
7759 8694
7760 7923
7761 8391
7761 9118
7761 9120
7762 8313
7762 9245
7764 7926
7764 8571
7764 9413
7766 9500
7767 7865
7767 8179
7767 8470
7767 9392
7767 9608
7767 9808
7768 8058
7768 8882
7768 9167
7769 9259
7769 9910
7770 9397
7771 7796
7771 9106
7771 9136
7771 9976
7772 7828
7772 7966
7772 8531
7772 8910
7772 9254
7772 9737
7773 9517
7774 8331
7774 9826
7775 8482
7775 8979
7777 8314
7777 9117
7777 9174
7778 8250
7778 8372
7778 8944
7778 9882
7779 8725
7779 9560
7781 7994
7781 8002
7781 9245
7781 9646
7781 9726
7782 8790
7783 8729
7783 9833
7784 9736
7784 9921
7785 8653
7785 8770
7785 9208
7785 9543
7785 9788
7786 8361
7786 9690
7787 7817
7787 8068
7787 8549
7787 8785
7787 9630
7789 8238
7789 8608
7790 7986
7790 8111
7790 8609
7790 8887
7790 9235
7791 8684
7792 8756
7792 9674
7792 9918
7793 8318
7793 8571
7794 8052
7794 8530
7794 8643
7794 9439
7795 8166
7795 9020
7796 8441
7796 9384
7796 9391
7798 9583
7800 8034
7801 8571
7802 7805
7803 8035
7803 9294
7803 9669
7805 9673
7806 8028
7806 8057
7806 8430
7806 9271
7807 9407
7808 9738
7809 8349
7809 9269
7810 7830
7810 8396
7810 8409
7811 8071
7811 8185
7811 8640
7811 9212
7811 9260
7811 9890
7812 8396
7812 9595
7813 8219
7816 8015
7817 8403
7817 9637
7818 7876
7819 8081
7819 9021
7820 9216
7821 8065
7821 8177
7821 8629
7821 9481
7822 8505
7822 9594
7823 8663
7823 9699
7824 8780
7824 9328
7824 9391
7825 8250
7825 8667
7825 8703
7825 8997
7826 7969
7826 8268
7826 9504
7827 9387
7827 9850
7828 7930
7828 8108
7828 8439
7828 8765
7828 9922
7829 8116
7829 8459
7829 9240
7830 8662
7833 8181
7833 8400
7833 8620
7833 8948
7833 9056
7834 9316
7834 9368
7834 9409
7834 9694
7835 8192
7835 9848
7836 9812
7838 8243
7838 9714
7838 9771
7839 8167
7839 8174
7839 8885
7840 9725
7840 9883
7841 8192
7842 8260
7843 8816
7843 8956
7843 9325
7844 8112
7844 8531
7845 8477
7845 9801
7845 9971
7846 7939
7846 8623
7846 9018
7846 9328
7848 8066
7848 9204
7849 8042
7850 9741
7851 8292
7851 8814
7851 9477
7851 9689
7852 8102
7853 8063
7853 8664
7853 9847
7854 9088
7854 9524
7855 8254
7855 9393
7855 9615
7855 9802
7856 8100
7856 8334
7856 8519
7856 8560
7856 8763
7856 9760
7857 8076
7857 9143
7858 9200
7858 9561
7858 9765
7859 8063
7859 8497
7859 8967
7860 9682
7860 9805
7861 9308
7861 9888
7862 8106
7862 9020
7864 9267
7865 9265
7866 9076
7866 9520
7866 9597
7867 7958
7867 8120
7867 9421
7867 9767
7868 8294
7868 8552
7869 8340
7869 9206
7869 9527
7870 8898
7870 9320
7872 8832
7873 8013
7873 9365
7873 9941
7874 8083
7874 9343
7874 9598
7874 9681
7875 8938
7876 8141
7876 9268
7877 8957
7877 9964
7878 8059
7878 8593
7878 8698
7879 9512
7880 7883
7880 9045
7881 9395
7883 8052
7883 9352
7883 9697
7884 9664
7885 8720
7885 8910
7887 8036
7887 8868
7888 8076
7888 8866
7888 9395
7889 7952
7889 8311
7889 9008
7890 9357
7894 9662
7895 9278
7896 9212
7896 9908
7897 9409
7898 8736
7898 8811
7898 9371
7899 9733
7899 9814
7900 8362
7900 8893
7901 8176
7901 9858
7902 8192
7902 9358
7902 9711
7903 8018
7903 8286
7904 8589
7904 8944
7905 8656
7905 9745
7907 9549
7907 9772
7908 9304
7909 8151
7910 8554
7910 8800
7910 8913
7910 9166
7911 8238
7911 9318
7911 9815
7912 8428
7912 8688
7912 8918
7912 9201
7913 8652
7913 9576
7913 9636
7913 9796
7914 8344
7915 8685
7916 9639
7916 9802
7917 8189
7918 8201
7918 9152
7919 9694
7920 8284
7921 8259
7921 9063
7921 9425
7922 8281
7922 8491
7922 9640
7922 9944
7924 9627
7924 9773
7925 8446
7926 8410
7926 8466
7926 8847
7928 8687
7928 9384
7928 9528
7928 9865
7929 8185
7929 9246
7929 9411
7929 9785
7930 8926
7930 8971
7930 9054
7930 9490
7932 8249
7932 8545
7933 8123
7933 9323
7935 9174
7935 9307
7936 8173
7936 8312
7936 9233
7936 9436
7937 8207
7937 8660
7937 8959
7937 9016
7937 9631
7938 8619
7939 8492
7939 8609
7939 9701
7939 9824
7940 8188
7940 8750
7941 8031
7941 8674
7941 8698
7941 9059
7942 8361
7942 9501
7942 9518
7943 8675
7945 8491
7945 8733
7945 8815
7946 8334
7946 8600
7948 8139
7948 9489
7948 9514
7949 8297
7949 8310
7949 9800
7949 9946
7950 9246
7950 9328
7950 9996
7952 8763
7954 8046
7954 9145
7954 9159
7955 8925
7955 9186
7955 9580
7955 9911
7956 9222
7956 9437
7957 8542
7957 8751
7957 8865
7957 8906
7957 9843
7958 8340
7958 8449
7958 8479
7958 9293
7958 9921
7959 9399
7960 9597
7962 8939
7962 9851
7963 8917
7964 8208
7964 9490
7964 9569
7965 8867
7965 8887
7966 8603
7966 8621
7966 9145
7967 9344
7967 9554
7968 8079
7969 8409
7970 8654
7970 9363
7971 9139
7971 9216
7972 8114
7972 8404
7972 9716
7975 8292
7976 8408
7976 9203
7976 9205
7977 9146
7977 9631
7979 8536
7979 8537
7979 9841
7980 8153
7980 8206
7980 9107
7980 9343
7980 9449
7981 8874
7981 8879
7982 8076
7982 9932
7983 9087
7983 9336
7983 9428
7986 8878
7986 9628
7988 8269
7988 8673
7988 9142
7988 9267
7989 8947
7991 8319
7992 8132
7993 9093
7994 8371
7994 8830
7994 8891
7994 9907
7996 8833
7996 9001
7997 8542
7997 9701
7998 8069
7998 8355
7998 9120
7998 9968
7999 9115
7999 9226
8000 8085
8000 8533
8000 9550
8001 8645
8001 8811
8001 8898
8001 9451
8001 9882
8002 8184
8002 8396
8004 8623
8004 9675
8005 8147
8005 9458
8005 9679
8005 9995
8006 9037
8007 9262
8007 9489
8007 9671
8008 9038
8009 9512
8010 8306
8010 8909
8010 8996
8010 9248
8010 9264
8011 9794
8012 8593
8012 9720
8012 9807
8013 8456
8013 9722
8014 8930
8015 8356
8015 9463
8017 8134
8017 8260
8019 8347
8019 9305
8019 9486
8020 9188
8021 9451
8021 9519
8021 9632
8022 8485
8023 9030
8023 9529
8025 8542
8025 8741
8026 8550
8026 9361
8026 9866
8026 9950
8027 8332
8027 8478
8028 8262
8028 8571
8029 8455
8030 8600
8030 9477
8032 9932
8034 8548
8034 8726
8034 9581
8035 9395
8035 9832
8036 8220
8036 8536
8036 9335
8037 8045
8037 8588
8038 8198
8041 8164
8042 8534
8042 8865
8042 9483
8042 9544
8043 8649
8045 8160
8045 8273
8045 8296
8045 8811
8046 9302
8047 8493
8047 8850
8047 9447
8048 8106
8048 8919
8048 9409
8049 8374
8049 9426
8050 8633
8050 9054
8052 8512
8053 8676
8054 9305
8054 9591
8055 9091
8056 8345
8056 8577
8056 9731
8057 9434
8057 9440
8058 8718
8058 9718
8059 8711
8059 8822
8060 8254
8061 8114
8061 9376
8061 9570
8062 8346
8063 8765
8064 8068
8065 8116
8065 9751
8065 9982
8067 9631
8069 8646
8069 9792
8070 8632
8071 8340
8071 8361
8071 8431
8071 8699
8072 8104
8072 8243
8072 8577
8072 9068
8073 8265
8074 9015
8075 8079
8075 8351
8075 9012
8075 9032
8076 8908
8076 9425
8077 8141
8077 9162
8077 9204
8077 9338
8079 8199
8079 9036
8079 9986
8080 8867
8080 9405
8080 9677
8081 9208
8081 9500
8082 8546
8082 9994
8084 9472
8084 9766
8085 9458
8085 9989
8086 8596
8086 9184
8086 9870
8089 9994
8090 8880
8091 9582
8092 8687
8093 9165
8093 9691
8094 8968
8095 8740
8096 9882
8096 9917
8097 8897
8097 8902
8100 8156
8100 9088
8101 8218
8101 8630
8101 9378
8102 8657
8103 8419
8103 8500
8103 9208
8103 9488
8105 9231
8106 8170
8106 8469
8106 9229
8106 9748
8107 8778
8107 8962
8108 8872
8108 9389
8108 9436
8109 8213
8109 8646
8109 9529
8110 8980
8110 8981
8110 9686
8111 9769
8111 9974
8112 8259
8112 9872
8112 9880
8113 8580
8113 9217
8114 8239
8114 8662
8115 9540
8116 8388
8116 9470
8117 9093
8117 9287
8117 9589
8117 9948
8119 8734
8119 8904
8120 8679
8120 8867
8120 9810
8121 9843
8122 8216
8122 8416
8122 8742
8122 9919
8123 8251
8123 9042
8124 8584
8125 8693
8126 8541
8126 9410
8126 9568
8128 9913
8129 9473
8130 9897
8132 9437
8132 9693
8132 9857
8133 9205
8133 9473
8135 8144
8136 9440
8137 9231
8137 9863
8138 8340
8138 8553
8138 8612
8138 9063
8139 8223
8139 8307
8140 8549
8140 9199
8140 9701
8141 8398
8142 9734
8143 8340
8143 8504
8143 8949
8143 9106
8144 8621
8144 9307
8145 8542
8145 8602
8145 9491
8145 9570
8145 9827
8146 9162
8146 9196
8147 9967
8148 8845
8148 9591
8150 8790
8150 9336
8151 9620
8152 8278
8153 9590
8154 8266
8154 9911
8155 8245
8155 8376
8155 8465
8156 9795
8157 8543
8157 9066
8158 8923
8158 9243
8160 8310
8161 9784
8162 8444
8163 9193
8163 9547
8163 9610
8164 8304
8164 8919
8164 9906
8165 8519
8166 9136
8167 8707
8167 9293
8167 9900
8168 8931
8168 9675
8169 9661
8170 8289
8171 9130
8171 9525
8172 9051
8173 8356
8173 8595
8173 8962
8173 9723
8173 9746
8174 9189
8174 9392
8175 8892
8176 8982
8176 9090
8177 8751
8177 9034
8177 9052
8177 9055
8177 9728
8178 8185
8178 9327
8181 9029
8182 8419
8182 8444
8182 8949
8182 9936
8183 9152
8184 8832
8184 9383
8184 9388
8185 8425
8185 9364
8186 8582
8187 8999
8187 9508
8188 9052
8188 9587
8188 9708
8188 9926
8189 9246
8189 9611
8190 9676
8190 9870
8191 9393
8192 8254
8192 8697
8192 9737
8194 9327
8196 8205
8196 9246
8198 9831
8199 8725
8199 9673
8200 8684
8200 9435
8200 9447
8201 9138
8201 9214
8202 8408
8202 9800
8203 9826
8205 8690
8205 9839
8206 9473
8207 9057
8208 9395
8209 9381
8210 8931
8210 9238
8212 8537
8212 8622
8213 9237
8214 8589
8216 8818
8217 8574
8217 9945
8220 8418
8220 8823
8220 9219
8221 8502
8221 8817
8221 9162
8221 9318
8222 9120
8223 8407
8223 9330
8223 9565
8224 8300
8224 8825
8224 9746
8225 8597
8226 8296
8227 8380
8227 8610
8228 8762
8229 8312
8229 8595
8229 9900
8230 8623
8230 9468
8231 8756
8231 9588
8232 8699
8232 8902
8233 8507
8233 8909
8233 9058
8233 9689
8234 8441
8234 8988
8234 9801
8234 9895
8235 9916
8235 9987
8236 8996
8236 9311
8236 9920
8237 9177
8237 9503
8238 8773
8239 9196
8239 9200
8239 9596
8239 9775
8240 8248
8240 8489
8240 8615
8240 9125
8242 8270
8242 8378
8242 9360
8243 9915
8246 9491
8246 9843
8249 8338
8250 8947
8251 8439
8251 9719
8251 9930
8253 8760
8253 9572
8254 8426
8254 8500
8254 9886
8255 8698
8255 8962
8255 9831
8256 8940
8257 9318
8258 9136
8258 9189
8258 9210
8258 9407
8258 9995
8259 9851
8260 9294
8260 9785
8261 9032
8261 9708
8262 8656
8263 9257
8264 8357
8264 8748
8264 9499
8264 9599
8264 9705
8265 9023
8265 9880
8267 8470
8267 8656
8267 9199
8267 9750
8268 9098
8268 9646
8268 9847
8269 9023
8270 9094
8271 9955
8272 8815
8273 8856
8273 9394
8273 9743
8274 8408
8275 9825
8276 8825
8277 8465
8277 9009
8277 9184
8277 9612
8277 9964
8278 8659
8278 9032
8280 8710
8280 8720
8281 9803
8281 9884
8282 8960
8282 9312
8283 9575
8284 8443
8285 8573
8288 9504
8289 8717
8290 9705
8291 9345
8292 9719
8292 9883
8293 9400
8294 9427
8294 9634
8295 9148
8295 9149
8296 8887
8296 9161
8296 9440
8296 9757
8296 9813
8296 9996
8297 8397
8298 9054
8298 9137
8298 9659
8300 8350
8301 8559
8301 9015
8303 8925
8303 9482
8303 9791
8304 9909
8305 9778
8306 8548
8309 8405
8310 8630
8310 9448
8311 8356
8311 8496
8312 9888
8315 8867
8315 9042
8316 8580
8316 9276
8316 9754
8317 8469
8317 8503
8317 8625
8317 8754
8318 8436
8318 9816
8319 8677
8320 8510
8320 9345
8320 9713
8322 8416
8322 8483
8324 9692
8325 8433
8327 8714
8327 8723
8327 8791
8328 8375
8328 9800
8329 9023
8329 9378
8330 8398
8330 8486
8330 9654
8331 8913
8332 8513
8332 9310
8333 8409
8333 9372
8334 8679
8334 8708
8334 9761
8334 9762
8335 9935
8337 9957
8338 8486
8338 8561
8338 8645
8338 8897
8339 9517
8340 9121
8341 9292
8341 9766
8342 9352
8342 9777
8344 8583
8344 9162
8344 9182
8344 9888
8345 9579
8346 9945
8347 8977
8347 9159
8347 9526
8347 9925
8348 9731
8350 8623
8350 9687
8351 9677
8352 8618
8352 8842
8354 9290
8354 9713
8355 8908
8356 8603
8356 9610
8357 8591
8358 9226
8359 9818
8360 8389
8360 9780
8361 8876
8361 9499
8362 8753
8362 9012
8362 9156
8362 9838
8362 9918
8363 9187
8363 9531
8364 9925
8366 9881
8367 9559
8368 9128
8368 9951
8369 8953
8369 8962
8369 9085
8369 9320
8369 9660
8372 9008
8373 9942
8375 8641
8375 8689
8375 9634
8376 9501
8377 8952
8379 8527
8380 8726
8381 9259
8381 9304
8382 8806
8382 9454
8383 9297
8384 8788
8384 9181
8385 9817
8385 9831
8387 8942
8387 9602
8389 8788
8390 9293
8391 9709
8393 9068
8393 9198
8393 9348
8394 9404
8394 9528
8394 9665
8394 9940
8395 8761
8395 9139
8395 9994
8396 8973
8396 9884
8397 8446
8397 9782
8398 9038
8398 9199
8399 9784
8400 9050
8400 9829
8402 9807
8403 8450
8403 8640
8403 8788
8404 8522
8405 9849
8406 9009
8407 8664
8408 8484
8408 9346
8409 8663
8410 9685
8411 9208
8411 9695
8412 9442
8412 9719
8412 9844
8412 9913
8413 8572
8414 8662
8415 8459
8416 8596
8416 9472
8418 8601
8419 8725
8419 9315
8419 9340
8420 9071
8421 8441
8421 8482
8421 8729
8421 9939
8423 9063
8423 9533
8423 9955
8424 8468
8425 8859
8425 9310
8425 9972
8426 9578
8428 9012
8428 9475
8428 9933
8429 9459
8430 8895
8431 9873
8434 9103
8434 9791
8434 9910
8435 8691
8435 9414
8435 9899
8436 8679
8436 8730
8436 8782
8437 9864
8438 9076
8439 9332
8439 9593
8440 8716
8440 9761
8441 9074
8442 9783
8443 9420
8444 8739
8446 9247
8447 8575
8447 8884
8447 9645
8447 9776
8448 8843
8448 8849
8448 9090
8448 9126
8448 9203
8448 9227
8448 9526
8451 9428
8452 8471
8454 9058
8454 9298
8455 8510
8455 9173
8455 9831
8457 9562
8458 8793
8459 8723
8459 8830
8459 9290
8460 9709
8461 9693
8462 9535
8463 8556
8463 9111
8463 9588
8463 9925
8464 8598
8464 9624
8465 8726
8465 8775
8466 8695
8467 9264
8467 9306
8468 8899
8469 9079
8469 9177
8469 9424
8470 8677
8471 9085
8471 9620
8471 9835
8474 8781
8474 8795
8476 8655
8476 8764
8476 9381
8477 8972
8477 9742
8479 9652
8481 8707
8481 9015
8481 9479
8481 9620
8483 9453
8483 9778
8483 9814
8484 9225
8485 8951
8486 8685
8487 9776
8488 8719
8488 9200
8488 9636
8489 9052
8489 9778
8490 8852
8490 9758
8491 9393
8492 8725
8493 8613
8494 9591
8495 8804
8496 9448
8496 9827
8498 9029
8498 9108
8500 9417
8500 9911
8500 9995
8503 8836
8503 9458
8504 9867
8505 9092
8505 9323
8506 8513
8506 8828
8506 9781
8507 9463
8509 8831
8509 9310
8510 8573
8510 9452
8510 9959
8511 9004
8512 8544
8513 9027
8514 8668
8514 9242
8514 9923
8515 8747
8516 9460
8516 9846
8517 8734
8517 9228
8517 9407
8518 8757
8518 9592
8518 9942
8519 9245
8520 9285
8522 9294
8522 9585
8523 9834
8524 8747
8524 8878
8524 9569
8524 9694
8525 9113
8526 9385
8527 8792
8527 9042
8527 9329
8527 9782
8528 9254
8529 9176
8530 9213
8530 9840
8531 9028
8532 9250
8532 9929
8535 9249
8536 8675
8536 9451
8537 9266
8537 9996
8537 9998
8538 9893
8540 9147
8540 9534
8540 9612
8541 9075
8543 9720
8544 9695
8544 9721
8545 9315
8546 8753
8546 8894
8546 9598
8547 9254
8549 9016
8551 9101
8552 9692
8553 8789
8553 9607
8554 9259
8554 9928
8556 9198
8557 9279
8557 9799
8558 9006
8558 9043
8561 9557
8562 9003
8562 9415
8563 8815
8563 9300
8563 9776
8563 9848
8564 9589
8564 9880
8565 9779
8565 9919
8566 8955
8566 9671
8568 9665
8569 9560
8570 8864
8570 9649
8571 9831
8572 8802
8573 9069
8573 9226
8574 8776
8574 9399
8574 9946
8575 9287
8576 8600
8576 8649
8577 8856
8577 9823
8578 9422
8580 9369
8582 9697
8583 8956
8584 8911
8585 9099
8586 9356
8588 9281
8589 9191
8590 9036
8590 9591
8590 9642
8591 9915
8593 8946
8593 9513
8595 8729
8595 8983
8596 8953
8596 9105
8596 9850
8597 8765
8598 9534
8600 8827
8600 8854
8601 8661
8601 8802
8601 8836
8602 9409
8604 9711
8605 8861
8606 8838
8606 9049
8607 9149
8607 9346
8608 9096
8610 9628
8610 9698
8610 9856
8612 8713
8614 8802
8614 9625
8615 9114
8616 8689
8616 9344
8616 9641
8616 9883
8617 9088
8618 8925
8618 9537
8618 9980
8619 9087
8621 9472
8621 9544
8622 8677
8623 8771
8624 9649
8625 8697
8626 8722
8627 9701
8629 8868
8629 9120
8629 9367
8632 8691
8633 9874
8634 9030
8635 9805
8637 8844
8637 9374
8639 9369
8639 9541
8640 8831
8641 9225
8643 8885
8643 9521
8644 9805
8644 9969
8645 8669
8647 9957
8650 9208
8650 9729
8652 8787
8653 8813
8653 8868
8653 9212
8653 9356
8653 9983
8654 9588
8654 9890
8655 9290
8656 8852
8657 9160
8657 9405
8657 9823
8658 8716
8658 9832
8659 9228
8659 9739
8661 9334
8662 8810
8662 9300
8663 9643
8663 9947
8664 9171
8664 9221
8666 9756
8666 9900
8667 9715
8669 8776
8669 9098
8669 9549
8670 9939
8671 9412
8671 9496
8672 9529
8673 9260
8673 9961
8675 9308
8675 9878
8676 8877
8677 8703
8677 9030
8677 9255
8679 9768
8684 8921
8684 9172
8685 9894
8686 9402
8686 9420
8687 9325
8688 9006
8689 9359
8689 9731
8690 8953
8691 9122
8691 9502
8691 9997
8692 8752
8692 8757
8692 9077
8692 9346
8693 9416
8695 9680
8695 9787
8696 9088
8697 9409
8699 9291
8699 9370
8699 9455
8699 9634
8700 9219
8700 9938
8701 9153
8701 9291
8702 8718
8702 8964
8702 9255
8702 9306
8702 9535
8703 9170
8705 9496
8707 9045
8707 9084
8708 9405
8709 9137
8710 8954
8710 9640
8711 8890
8711 9441
8711 9748
8712 8884
8712 9836
8713 9521
8713 9739
8713 9940
8714 9394
8714 9983
8716 9820
8716 9977
8717 9046
8718 8795
8719 9722
8720 9351
8720 9676
8721 8923
8721 8972
8722 9268
8722 9911
8723 8728
8723 9085
8723 9292
8724 9513
8724 9626
8725 8733
8725 9161
8725 9252
8726 9493
8727 9468
8728 8731
8728 8879
8731 8984
8731 9062
8733 8990
8733 9730
8734 9668
8734 9991
8735 9286
8735 9942
8737 9878
8738 9854
8740 9062
8741 8912
8743 9359
8743 9716
8744 8832
8746 9650
8746 9860
8747 9052
8747 9183
8749 9156
8750 9403
8751 8916
8753 9361
8753 9555
8754 9431
8756 8937
8758 9500
8759 9469
8759 9768
8760 8786
8760 8891
8761 9237
8761 9446
8762 9012
8762 9195
8763 9279
8763 9395
8764 9044
8765 8864
8766 9071
8767 8881
8767 9522
8768 9109
8768 9214
8768 9901
8769 9189
8769 9269
8769 9621
8770 9920
8772 8838
8772 9376
8772 9491
8773 9230
8773 9683
8775 8883
8775 9235
8777 9923
8780 9035
8780 9247
8781 9747
8782 9087
8782 9552
8782 9775
8782 9846
8783 9503
8784 9598
8785 9074
8785 9263
8785 9454
8786 9981
8787 9623
8789 8809
8790 9762
8792 9812
8792 9814
8793 9034
8794 9110
8794 9912
8795 9000
8796 9550
8796 9712
8798 8843
8798 8918
8798 9120
8798 9382
8799 8853
8799 9215
8799 9513
8801 9418
8801 9759
8802 9135
8802 9504
8802 9973
8804 9320
8806 9329
8807 8939
8807 9045
8807 9539
8808 8949
8808 9654
8808 9793
8808 9897
8810 9060
8810 9571
8811 8878
8811 9505
8811 9853
8812 9572
8812 9777
8813 8934
8813 9010
8814 9426
8815 9191
8815 9337
8815 9985
8816 8994
8816 9173
8816 9252
8818 9029
8818 9519
8819 9029
8821 9444
8823 9012
8824 8889
8824 9630
8824 9973
8826 8962
8826 9142
8826 9400
8826 9746
8827 9517
8828 9321
8829 9429
8829 9654
8831 9852
8832 9391
8832 9629
8833 9706
8834 9143
8834 9559
8836 9065
8836 9936
8838 8936
8838 9730
8840 9220
8841 9232
8841 9264
8842 8941
8843 9310
8843 9381
8844 9350
8845 9312
8845 9425
8845 9977
8847 9713
8848 9520
8848 9718
8850 9674
8851 9572
8854 9009
8855 9143
8855 9217
8855 9633
8856 9376
8857 9495
8858 9495
8859 9007
8859 9446
8859 9581
8860 9151
8860 9350
8862 9067
8863 9022
8863 9482
8866 9272
8866 9522
8866 9842
8868 9288
8869 9339
8869 9795
8871 9078
8872 9740
8874 9878
8875 9150
8876 9004
8876 9617
8877 8879
8878 9448
8878 9973
8879 9235
8879 9805
8880 8911
8881 9062
8882 9260
8884 9500
8884 9548
8886 9391
8887 9413
8887 9464
8887 9911
8888 9667
8888 9906
8890 9310
8891 9586
8892 9550
8892 9748
8893 9188
8894 8923
8894 9083
8895 9754
8895 9918
8895 9946
8898 9577
8900 9350
8900 9890
8900 9970
8901 9982
8903 9081
8903 9500
8904 8924
8906 9211
8906 9960
8907 8927
8907 9556
8908 9204
8908 9432
8908 9838
8910 8996
8910 9679
8910 9826
8911 9834
8912 8939
8913 9914
8914 9287
8916 9924
8918 9281
8919 8946
8919 9480
8920 9260
8922 9399
8924 9777
8924 9905
8926 9802
8928 9000
8931 9522
8931 9904
8933 9375
8935 9547
8936 9658
8937 9575
8937 9870
8938 9056
8940 8999
8940 9545
8940 9934
8941 9975
8943 9186
8943 9253
8943 9468
8943 9495
8945 9368
8945 9420
8946 9060
8947 9703
8947 9808
8948 9525
8948 9909
8949 9512
8950 9121
8950 9165
8951 9096
8951 9438
8952 9118
8954 9099
8954 9285
8954 9687
8954 9764
8958 9162
8960 9166
8960 9221
8961 9447
8961 9929
8963 9114
8964 9236
8964 9561
8966 9174
8966 9339
8966 9397
8967 9531
8968 9362
8968 9460
8969 9863
8970 9097
8972 9211
8974 9044
8976 9092
8977 9109
8977 9387
8978 9204
8979 9841
8980 9579
8980 9654
8981 9419
8982 9034
8982 9581
8983 9165
8984 9135
8984 9504
8984 9658
8985 9216
8987 9101
8992 9057
8995 9936
8996 9538
8997 9403
8997 9797
8998 9105
8998 9707
8999 9969
9000 9394
9000 9682
9002 9509
9002 9747
9003 9091
9004 9675
9004 9729
9004 9784
9005 9443
9005 9709
9006 9093
9006 9915
9008 9087
9008 9748
9014 9757
9016 9696
9018 9111
9018 9336
9020 9129
9020 9933
9021 9186
9023 9486
9023 9809
9025 9594
9026 9206
9027 9908
9028 9247
9030 9418
9030 9441
9030 9527
9030 9929
9031 9247
9031 9380
9031 9759
9032 9998
9036 9171
9040 9415
9042 9623
9050 9468
9051 9372
9051 9461
9053 9361
9053 9588
9054 9663
9054 9675
9056 9481
9058 9813
9061 9073
9061 9078
9061 9306
9061 9723
9061 9730
9062 9937
9063 9349
9064 9773
9068 9222
9069 9880
9071 9554
9071 9683
9071 9814
9073 9301
9074 9129
9074 9228
9074 9458
9075 9561
9076 9543
9077 9737
9078 9371
9078 9615
9078 9759
9080 9561
9081 9083
9081 9195
9083 9228
9084 9251
9085 9892
9086 9871
9087 9407
9087 9489
9088 9308
9089 9090
9089 9139
9089 9525
9089 9895
9091 9213
9092 9284
9092 9576
9092 9985
9094 9221
9094 9897
9095 9586
9095 9709
9096 9103
9096 9241
9097 9267
9098 9145
9099 9636
9100 9127
9100 9553
9101 9365
9104 9853
9106 9793
9107 9419
9107 9528
9107 9725
9108 9162
9108 9405
9109 9596
9110 9868
9114 9211
9114 9299
9115 9425
9117 9415
9118 9667
9118 9669
9118 9911
9120 9751
9122 9353
9127 9428
9127 9572
9127 9613
9128 9140
9129 9658
9130 9775
9132 9540
9132 9778
9133 9366
9135 9538
9135 9721
9135 9843
9139 9800
9140 9503
9141 9154
9141 9311
9141 9850
9142 9315
9144 9780
9145 9208
9146 9316
9147 9945
9149 9590
9151 9990
9152 9254
9157 9720
9158 9678
9158 9684
9159 9310
9159 9550
9159 9911
9159 9976
9162 9388
9166 9589
9168 9862
9169 9369
9171 9446
9172 9886
9173 9797
9173 9971
9178 9750
9179 9426
9180 9664
9183 9193
9183 9859
9184 9284
9184 9311
9186 9521
9187 9774
9188 9306
9188 9967
9189 9545
9189 9575
9191 9719
9192 9962
9194 9645
9196 9203
9196 9790
9200 9478
9201 9378
9201 9471
9201 9496
9202 9532
9203 9272
9205 9428
9205 9453
9206 9280
9206 9606
9206 9642
9209 9210
9210 9871
9211 9743
9211 9808
9213 9729
9213 9920
9214 9257
9215 9723
9216 9553
9216 9684
9217 9251
9217 9383
9217 9907
9218 9805
9218 9808
9220 9640
9223 9857
9223 9944
9227 9797
9228 9802
9229 9377
9230 9305
9230 9644
9231 9883
9231 9952
9233 9300
9235 9668
9239 9960
9240 9752
9242 9558
9243 9645
9244 9808
9245 9426
9245 9482
9245 9624
9245 9809
9246 9258
9246 9387
9247 9252
9249 9381
9250 9512
9254 9330
9254 9852
9255 9482
9257 9366
9257 9665
9257 9966
9258 9380
9259 9559
9259 9595
9259 9717
9259 9807
9265 9639
9265 9748
9266 9491
9266 9559
9267 9729
9272 9868
9274 9953
9275 9476
9277 9879
9278 9597
9278 9868
9279 9365
9281 9744
9282 9933
9283 9512
9284 9524
9284 9618
9285 9812
9287 9535
9288 9529
9290 9397
9292 9358
9296 9620
9297 9341
9298 9533
9298 9600
9303 9395
9304 9469
9304 9486
9304 9626
9304 9915
9306 9674
9307 9673
9308 9940
9309 9322
9313 9597
9316 9979
9320 9676
9328 9758
9332 9455
9333 9457
9333 9494
9334 9695
9338 9578
9339 9472
9340 9891
9344 9999
9348 9794
9349 9626
9350 9817
9351 9490
9351 9984
9352 9511
9352 9931
9354 9562
9355 9627
9355 9945
9357 9943
9359 9888
9359 9909
9361 9566
9362 9782
9366 9927
9367 9642
9368 9691
9371 9943
9373 9598
9378 9598
9379 9612
9389 9643
9389 9912
9390 9509
9395 9908
9397 9972
9398 9495
9401 9549
9401 9838
9402 9449
9402 9714
9404 9909
9406 9666
9411 9615
9411 9861
9412 9849
9413 9636
9413 9686
9414 9592
9416 9966
9418 9545
9418 9857
9419 9438
9419 9495
9421 9848
9422 9880
9424 9557
9425 9625
9425 9890
9425 9894
9427 9896
9429 9545
9430 9466
9431 9966
9437 9579
9437 9821
9443 9567
9452 9855
9454 9538
9456 9848
9457 9710
9457 9945
9461 9706
9465 9701
9467 9864
9469 9708
9470 9617
9471 9915
9473 9671
9475 9993
9476 9542
9477 9781
9479 9684
9480 9957
9482 9865
9482 9945
9484 9880
9485 9967
9486 9636
9486 9906
9489 9971
9490 9634
9495 9678
9498 9877
9500 9601
9500 9734
9504 9917
9513 9851
9515 9898
9518 9807
9520 9982
9523 9960
9526 9745
9526 9788
9530 9745
9534 9540
9536 9888
9537 9986
9539 9731
9541 9743
9543 9898
9544 9999
9545 9669
9547 9767
9551 9681
9554 9599
9555 9914
9556 9832
9559 9738
9561 9586
9561 9696
9564 9970
9565 9673
9565 9716
9568 9681
9572 9770
9573 9900
9575 9593
9578 9988
9579 9584
9579 9677
9581 9887
9582 9732
9588 9868
9593 9811
9597 9837
9598 9724
9599 9914
9601 9670
9605 9887
9611 9701
9615 9967
9617 9952
9619 9956
9624 9930
9626 9672
9626 9969
9628 9638
9632 9701
9632 9972
9636 9692
9638 9719
9639 9867
9640 9845
9642 9911
9647 9931
9648 9715
9648 9901
9649 9771
9661 9759
9665 9740
9667 9729
9670 9931
9671 9684
9671 9946
9672 9865
9678 9977
9679 9745
9681 9707
9681 9795
9683 9698
9683 9915
9686 9849
9689 9923
9697 9897
9698 9738
9698 9818
9701 9824
9701 9946
9702 9972
9705 9754
9706 9774
9708 9735
9709 9820
9710 9804
9711 9777
9719 9729
9721 9904
9721 9954
9722 9958
9730 9817
9732 9781
9742 9895
9743 9924
9748 9876
9749 9926
9756 9933
9759 9769
9767 9805
9767 9904
9767 9960
9768 9991
9776 9881
9778 9848
9785 9849
9785 9985
9789 9799
9791 9883
9797 9837
9801 9993
9829 9944
9830 9916
9830 9935
9846 9990
9871 9972
9878 9896
9892 9893
9905 9913
9924 9997
9927 9932
9930 9949
9939 9983
9949 9976
