10000 25113
1 1699
1 2033
1 4439
1 5135
1 5202
1 5310
1 7701
1 7923
1 9201
1 9396
2 1486
2 2182
2 3462
2 6549
2 7662
3 124
3 2305
3 2322
3 8839
4 4766
4 6473
4 7153
4 9461
5 1366
5 3749
5 5739
6 210
6 708
6 1272
6 3443
6 6665
6 7133
6 9031
7 1419
7 3247
7 3428
8 606
8 1874
8 3517
8 4030
8 4231
8 5373
8 6560
8 9920
9 3642
9 5184
9 5366
10 2844
10 4093
10 4286
10 8623
11 3683
11 5727
11 7827
11 9189
11 9236
11 9808
12 1200
12 4831
12 5184
13 650
13 702
13 6547
13 9447
14 4268
14 8429
15 16
15 319
15 2180
15 3717
15 5337
15 7286
15 8630
16 3124
16 4257
16 4538
16 4869
16 7695
17 1637
17 7287
17 8922
18 1213
18 1605
18 3890
18 6400
18 6974
18 9507
19 1954
19 3324
19 5005
19 5828
19 7005
20 2798
20 3245
20 3314
20 7605
20 7843
21 27
21 729
21 3632
21 3885
21 5704
21 5731
21 6132
21 8077
22 171
22 186
22 2016
22 2787
22 3344
22 7326
22 9509
23 363
23 1917
23 5201
23 9325
23 9940
24 3114
24 4098
24 5172
24 6212
24 7464
24 9229
24 9351
25 171
25 4217
25 5432
25 5689
25 5716
25 7434
25 7878
25 9175
26 1453
26 6596
26 9487
28 1015
28 1158
28 2176
28 3566
28 7683
29 3894
29 4900
29 5289
29 6681
29 9104
30 4750
30 5952
31 2228
31 3161
31 3761
31 5393
31 5743
31 8981
32 6172
32 6997
32 8811
33 3394
33 6034
33 6706
33 9190
34 1107
34 1294
34 6067
34 8005
35 576
35 2562
35 2821
35 6185
35 6335
36 402
36 1279
36 1367
36 3859
36 4619
36 5456
36 6339
37 1809
37 1873
37 2040
37 2418
37 6308
38 1229
38 2183
38 3690
38 4358
38 4541
38 8726
39 1521
39 3326
39 3791
39 5327
39 6224
40 2903
40 6019
40 8865
40 8903
41 318
41 7205
41 9380
42 2771
42 3370
42 4134
42 4991
42 5645
42 7439
42 8751
42 8858
42 9499
43 835
43 849
43 2810
43 3415
43 6940
43 7791
43 9971
44 148
44 912
44 3562
44 4424
44 5042
45 2857
45 3078
45 3539
45 4341
45 5501
45 8323
45 9223
45 9348
46 4352
46 5679
46 6809
46 7860
47 851
47 1090
47 1386
47 6186
47 7194
47 9256
48 1222
48 4136
48 4580
48 4753
48 5182
48 5308
49 2136
49 2835
49 2973
49 2983
49 5152
49 5163
49 8112
49 9772
50 1551
50 5109
50 5200
50 5740
50 6885
50 7585
50 8115
50 9429
51 1453
51 2548
51 5599
51 5668
51 5855
51 6096
52 2353
52 2660
52 3693
52 3989
52 5703
52 6653
53 629
54 1758
54 3660
54 4087
54 4698
54 6235
54 6291
54 7311
54 8996
55 7489
56 1601
56 6445
56 9904
57 4129
58 398
58 1337
58 1674
58 6739
58 7119
59 648
59 2492
59 3565
59 3992
59 4920
59 5489
59 8250
59 9888
60 334
60 1469
60 7915
61 3170
61 6686
61 6693
62 2350
62 2368
62 7075
62 9314
62 9571
62 9977
63 3430
63 3680
63 6444
63 6906
64 2770
64 4758
64 4950
64 5763
64 8294
64 8698
65 2516
65 2565
65 4541
65 6548
66 5411
66 5997
66 8806
66 9060
66 9091
67 626
67 1594
67 3476
67 6692
68 3385
68 7635
69 1950
69 3226
69 3938
69 4038
69 4785
69 9071
69 9703
70 1836
70 3243
70 3442
71 3370
71 4911
71 7923
71 8891
71 8902
72 5446
72 7046
72 7374
73 1391
73 2607
73 5524
73 8715
73 9754
74 5907
74 7764
74 9743
75 491
75 1209
75 3502
75 3740
75 8744
75 8909
75 9342
76 2111
76 5745
76 5767
76 6773
76 9772
77 1115
77 1605
77 1930
77 2542
77 7546
77 9034
77 9420
78 6216
78 9587
78 9961
79 3764
79 5597
79 8345
79 9941
80 1057
80 6438
80 6570
80 7413
80 8664
80 8921
80 9238
80 9514
80 9860
81 3313
81 3699
81 7990
81 8244
81 9801
82 1312
82 3123
82 3717
82 5205
82 5464
82 6510
82 7425
82 9830
83 2831
83 4538
83 5219
83 9835
84 2043
84 5776
85 318
85 1785
85 2697
85 3262
85 5859
85 7578
85 7810
85 8443
85 8451
85 8817
85 9331
85 9868
86 4197
86 6558
86 8077
86 8990
87 1707
87 1875
87 4230
87 6069
87 6562
87 6949
88 1666
88 4228
88 5079
88 6521
88 9422
89 874
89 1938
89 7409
89 9137
89 9995
90 613
90 737
90 823
90 4928
90 6833
90 7195
90 7301
90 7312
90 7458
90 8922
91 738
91 1288
91 6991
92 1911
92 5992
92 9288
93 252
93 3078
93 3874
93 6224
94 6994
95 2630
95 5308
95 5739
96 1432
96 4367
96 5298
97 503
97 1429
97 3930
97 6170
97 6625
97 8040
97 8454
97 9870
98 2102
98 4456
98 7947
98 8082
98 8427
98 9021
99 4487
99 4699
100 469
100 1492
100 4639
100 4781
100 5382
101 107
101 1789
101 2029
101 5757
101 7375
101 7888
101 8501
101 9401
102 1563
102 5148
102 5598
102 5737
102 6810
102 7048
102 7376
103 1727
103 1795
103 3049
103 6125
103 8896
103 9201
104 4150
104 5201
104 5665
104 6363
104 6877
105 1140
105 2595
105 4648
105 5973
105 6757
105 8614
106 7346
106 9874
107 114
107 2139
107 4494
107 5818
107 6505
107 8562
107 9098
107 9999
108 169
108 208
108 717
108 868
108 2692
108 4757
108 5178
108 5544
108 9030
109 2051
109 2784
109 5494
110 3632
110 6642
110 9840
111 1202
111 1559
111 2617
111 6276
111 6646
111 8452
112 2450
112 9579
113 5029
113 8846
114 865
114 978
114 1772
114 5772
114 6194
114 6342
114 6641
115 2523
115 3278
115 3657
115 6236
115 6820
115 9022
116 2847
116 6273
116 7316
117 1645
117 2296
117 6166
117 7666
117 9584
118 649
118 665
118 2291
118 4379
118 6058
119 4172
120 5767
120 8781
120 9419
121 550
121 1642
121 1808
121 3558
121 5554
121 7219
121 7431
121 9077
122 501
122 580
122 1350
122 1750
122 8828
123 582
123 2405
123 2793
123 3495
123 3903
123 6944
123 7439
123 8022
124 1734
124 2245
124 4041
124 6783
124 7441
124 9187
124 9674
125 2151
125 3532
125 5168
125 6657
125 7345
125 7593
125 7597
126 1050
126 2816
126 3971
127 1133
127 1504
127 2716
127 3488
127 3514
127 8526
127 9720
128 581
128 946
128 1166
128 1670
128 2632
128 2647
128 3881
128 7135
128 9235
129 826
129 5092
130 4811
130 9831
131 1501
131 3158
131 5167
131 6635
132 2934
132 3021
132 9429
133 4104
134 3353
134 7720
135 2898
135 6210
136 472
136 8484
136 8804
137 1631
137 5990
137 8318
137 9580
138 2478
138 3637
138 3728
138 4468
138 5000
138 6126
138 6303
138 7507
138 8584
138 9100
138 9901
139 2496
139 2822
139 4064
139 4810
139 7096
139 7866
139 8548
139 9071
140 2675
140 8284
140 9916
141 637
141 1290
141 4248
141 4612
142 2670
142 2981
142 4473
142 4601
142 5127
142 7612
143 548
143 2925
143 3095
143 3778
143 7832
143 9991
144 640
144 4731
144 6072
144 6076
144 6455
144 6863
144 6958
144 7406
144 7804
144 9249
144 9433
144 9865
145 2469
145 3917
145 5010
145 7867
145 8864
146 1853
146 2944
146 6903
146 7586
146 7779
147 1497
147 4625
147 5127
147 6148
147 7361
147 7715
147 9699
148 4861
149 1049
149 2959
149 3764
149 3942
149 5005
149 5634
149 7834
149 8205
150 306
150 625
150 3751
150 3979
150 4488
150 5741
150 7398
151 4290
151 4954
152 1216
152 1602
153 2335
153 4505
153 6368
153 6854
153 7506
153 9492
154 1693
154 3726
154 3984
155 746
155 4829
155 6954
155 9718
156 2048
156 4073
156 4079
156 8280
156 8365
156 8889
157 1145
157 2979
157 6772
157 8380
157 9565
157 9839
157 9899
158 2750
158 3460
158 7261
159 294
159 2218
159 4196
159 4668
159 7196
159 7609
160 1342
160 2953
160 5526
160 6299
160 9383
160 9636
160 9943
160 9991
161 3767
161 3878
161 5964
161 6640
161 8013
161 9270
162 842
162 1615
162 4328
162 8650
162 9531
162 9656
162 9812
163 611
163 1398
163 1455
163 1906
163 3108
163 3682
163 4960
163 5212
163 6089
163 6761
163 9331
164 1557
164 1937
164 2690
164 4534
164 6341
164 7483
164 8764
165 3908
165 3984
165 8146
165 8332
166 510
166 1288
166 3037
166 3390
166 5338
166 5744
166 7240
166 8027
166 9380
167 9308
168 848
168 1116
168 3600
169 334
169 336
169 2402
169 2974
169 3547
169 5774
169 6166
169 8493
169 8888
169 9607
169 9835
170 8520
170 8795
171 202
171 1857
171 2071
171 2794
171 3459
171 3910
171 5144
171 5969
171 7428
172 231
172 3587
172 3590
172 4441
172 4977
172 5921
173 3131
173 4893
173 5716
173 9389
174 657
174 929
174 7163
174 7782
174 9864
175 1442
175 3002
175 4686
175 5267
175 8264
176 942
176 4584
176 8019
177 557
177 732
177 2150
177 4296
177 5784
177 7523
178 2746
178 3775
178 4620
178 5560
179 1583
179 4665
179 5328
179 7699
179 7899
180 5117
180 5429
180 6624
180 6756
180 9081
180 9734
180 9801
181 313
181 8850
181 9106
181 9786
182 1802
182 2092
182 2828
182 5366
182 9056
182 9449
183 561
183 1846
183 2779
183 4141
183 4375
183 7667
183 7843
183 9192
184 3307
184 6410
184 7339
184 9506
185 1541
185 2893
185 5777
186 4500
186 5643
186 7337
186 7709
187 396
187 1239
187 2966
187 3226
187 6079
187 6113
187 6464
187 7186
187 7343
188 2145
188 9074
188 9732
189 4326
189 5108
189 6441
189 7576
190 1298
190 1903
190 2347
190 6314
190 8907
190 9150
190 9359
190 9364
191 2526
191 5159
191 5991
191 7525
191 9189
193 773
193 4981
194 856
194 2625
194 4158
194 5134
194 6129
194 6629
194 8051
194 9281
195 2266
195 2953
195 3476
195 5058
195 5079
195 5388
195 5468
195 5554
195 9276
195 9564
196 820
196 4909
196 6246
196 8448
196 8547
197 1864
197 2097
197 2370
197 4056
197 4079
197 9711
198 867
198 3097
198 3406
198 6603
198 8421
198 8865
199 1198
199 2097
199 4782
199 6016
200 4336
200 5261
200 6158
200 7351
200 7891
200 8818
201 4378
202 2716
202 5580
202 6660
203 1345
203 2730
203 4366
203 7724
203 8262
203 8506
203 8583
204 2050
204 6106
205 2922
205 4302
205 4551
205 4956
205 8293
206 1248
206 1690
206 3846
206 4292
206 6719
206 6886
206 8417
206 8930
206 9349
206 9996
207 1326
207 1679
207 2905
207 2938
207 8116
207 9691
207 9748
208 779
208 5289
208 5567
208 7005
208 8005
208 8246
208 8257
209 1768
209 2100
209 8439
210 2289
210 3040
210 4311
210 7466
210 7727
210 8329
210 9171
211 6041
211 6396
211 9523
212 5071
212 6029
212 6646
212 7799
213 838
213 1123
213 3207
213 3326
213 4929
213 8063
214 350
214 6789
214 6904
214 7689
214 8491
214 8758
215 3229
215 5231
215 5457
215 6257
215 7007
216 3328
216 3701
216 4537
216 7360
216 9814
217 2251
217 5839
217 7572
217 8041
217 8576
218 4299
219 3250
219 3540
219 5020
219 5856
219 5935
220 674
220 1192
220 2926
220 2955
220 4788
220 6409
220 6928
221 7612
222 334
222 1112
222 6786
222 7473
222 8893
223 2215
223 3081
223 3159
223 3386
223 4643
223 5371
223 5873
223 6106
223 7562
223 8183
224 1026
224 1619
224 3393
224 8480
225 813
225 1706
225 3175
225 4543
225 8600
225 9953
226 1176
226 4790
226 6653
226 9232
227 330
227 1331
227 2916
227 5723
227 7599
227 7732
228 466
228 683
228 1145
228 8884
228 9773
229 2059
229 2492
229 3007
229 3452
229 4054
229 5433
229 5964
229 8309
229 9310
230 311
230 1509
230 3083
230 5287
230 8230
231 3308
231 3572
231 4125
231 5868
231 7594
231 8466
232 1662
232 4911
232 5844
233 1955
233 4043
233 4301
233 5211
233 6862
234 2269
234 2878
234 3251
234 4027
234 4082
234 7045
234 8009
234 8317
234 8415
235 3406
236 2628
236 8754
236 8790
237 1695
237 1959
237 1971
237 5814
237 9485
238 2533
238 4349
238 8195
238 9818
239 1100
239 3959
239 4844
239 5291
239 7736
239 8483
239 9588
240 603
240 1655
240 5386
241 913
241 1345
241 1983
241 2485
241 3934
241 4735
241 4791
241 5157
241 7154
241 8088
241 8721
241 9636
242 1923
242 8548
242 8711
243 2160
243 4539
243 4824
243 6722
243 7935
243 9945
244 1903
244 9589
245 2573
245 3682
245 4218
245 4786
245 7338
245 7988
246 2400
246 6307
246 9450
247 807
247 3510
247 4070
247 5982
247 6046
247 8942
248 763
248 3360
248 6518
248 7745
248 8059
248 9427
249 1335
249 1525
249 1565
249 1664
249 3719
249 9058
250 7161
251 919
251 1687
251 2962
251 5876
251 7039
251 7894
251 9977
252 1951
252 2772
252 8425
253 562
253 1576
253 2519
253 3061
253 3419
253 5211
253 9311
254 4965
254 7250
254 9701
255 1230
255 1511
255 1851
255 1908
255 3272
255 4425
255 8270
256 310
256 621
256 1725
256 2735
256 4520
256 4658
256 5579
256 7797
256 8391
256 8420
256 8510
257 4579
257 5120
257 6885
258 3261
258 7493
258 7494
258 9159
259 1141
259 1551
259 2286
259 2480
259 4062
259 6300
259 7540
259 9657
260 4470
260 7674
261 1419
261 1425
261 3626
261 4224
261 4754
261 7036
262 398
262 3327
262 3724
262 5272
262 5611
262 6018
262 7287
262 7534
262 9695
263 973
263 8290
264 404
264 1538
264 7713
264 7837
264 8035
265 1264
265 8015
265 8449
265 9600
265 9675
266 9965
267 3677
267 7666
268 272
268 468
268 1840
268 2822
268 3777
268 6446
268 7321
269 1712
269 4219
269 6859
269 8033
269 8964
269 9811
270 3948
271 6204
271 6491
272 603
272 1790
272 6450
272 7077
273 2046
273 2809
273 7025
274 834
274 1226
274 2234
274 3638
274 6781
274 8937
275 1003
275 2165
275 3200
275 4584
275 9454
276 1544
276 1706
276 2983
276 4510
276 4825
276 7286
276 7732
276 7903
276 9711
277 3398
277 4568
277 4870
277 9098
277 9709
278 1744
278 2810
278 4805
278 7834
278 8896
278 8993
278 9313
279 2344
279 2606
279 3563
279 3633
279 8296
279 9369
279 9935
280 4413
280 4965
280 7453
280 7803
280 9925
281 2694
281 3831
281 5544
281 5812
281 6330
281 6497
281 7505
281 8370
281 8763
282 1211
282 1686
282 2116
282 2907
282 6177
283 1369
283 4311
283 7491
283 9192
283 9860
284 1945
284 2230
284 3303
284 5092
284 9600
285 1566
285 3325
285 5021
285 8367
285 9661
286 1128
286 5465
286 5521
286 6107
286 6526
286 8371
287 479
287 760
287 5372
288 4729
288 4902
288 5119
288 8916
289 3540
289 7459
289 8286
290 2997
290 5135
290 5514
290 8016
291 5446
292 1088
292 5640
293 513
293 1205
293 3852
293 4361
293 7978
293 8951
294 1091
294 3299
294 5637
294 6249
294 7179
294 8250
294 9696
295 2115
295 7501
295 7964
295 9359
295 9876
296 1823
296 2980
296 3278
296 3559
296 3833
296 4433
297 1654
297 4341
297 4595
297 7324
297 9449
298 6339
298 7823
298 9371
299 1422
299 6663
299 8934
300 4153
300 6383
300 9377
300 9662
300 9729
301 728
301 1531
301 4059
301 4434
301 5877
301 7346
301 7469
301 9427
301 9665
301 9724
302 1486
302 1886
302 3319
302 3376
302 5918
302 5998
303 371
303 2049
303 4934
303 8032
304 3410
304 3973
304 4696
304 6357
304 9233
305 1499
305 2446
305 2978
305 7772
306 2510
306 7048
306 7551
306 7674
306 8566
306 9269
307 1439
307 2589
307 2750
307 6227
307 7548
307 7844
307 8014
307 9711
308 2544
308 3408
308 4742
308 7236
309 4562
309 8677
309 9437
310 1041
310 1178
310 1866
310 4061
310 7004
310 9099
311 596
311 987
311 2053
311 3525
311 3662
311 6793
311 9214
312 5598
312 7810
312 8703
313 1616
313 3847
313 4712
313 9597
314 1742
314 2321
314 8056
314 8388
314 9579
315 6214
316 641
316 1142
316 1853
316 5057
316 9247
317 998
317 1317
317 3858
317 7432
318 1327
318 1430
318 5253
318 5774
318 6255
318 7948
318 9968
319 2964
319 2993
319 7885
319 7907
320 2305
320 3132
320 4979
320 6806
321 592
321 1554
321 2590
321 5273
321 8808
321 9741
322 931
322 988
322 1518
322 3818
323 6289
323 6432
323 7888
323 9169
324 2232
324 2276
324 4833
324 7191
324 7597
324 8129
325 5431
325 6497
325 9111
326 2157
326 4530
326 5907
326 7013
326 8036
326 8223
327 914
327 4190
327 5037
327 9110
327 9111
328 1004
328 2796
328 3108
328 4396
329 4575
330 5009
330 8251
331 535
331 724
331 2681
331 4274
331 4326
331 8444
331 8507
331 9995
332 1290
332 1435
332 5054
334 792
334 1310
334 2424
334 5485
334 9166
335 653
335 1970
335 8087
335 8976
336 1450
336 2699
336 3055
336 5495
336 6994
336 8513
337 1634
337 2072
337 4479
337 4792
337 7294
338 437
338 3096
338 6499
338 9943
339 824
339 3500
339 7199
339 9627
340 1408
340 1520
340 4072
340 7180
341 639
341 760
341 2338
341 3617
342 1613
342 4185
342 7342
342 7462
342 8309
343 828
343 6972
343 8065
344 1416
344 3375
344 5747
344 6325
345 3349
345 7212
346 1681
346 5411
346 6202
346 7933
347 1182
347 1447
347 1701
347 2368
347 6888
348 4061
348 6345
349 3409
349 5785
350 4089
350 8075
350 8665
351 527
351 2202
351 3384
351 3699
351 4846
351 4912
351 5994
351 6775
351 8063
351 8428
351 9134
352 3315
352 4399
352 5858
353 1021
353 1498
353 4475
353 5928
353 5960
353 7433
353 8195
353 9332
354 1768
354 4793
354 5151
354 8453
355 1496
356 3749
356 4247
356 4496
356 5375
356 5446
356 6511
356 6827
357 3931
357 4056
357 6054
357 7382
357 7402
357 9491
357 9713
358 362
358 7402
358 9206
358 9378
359 402
359 3640
359 3933
359 4847
359 9900
360 560
360 7440
361 2438
361 5125
361 7886
362 606
362 1473
362 1803
362 9994
363 1901
363 2976
363 3368
363 4230
363 6507
364 807
364 1432
364 2627
364 2886
364 9757
364 9983
365 1187
365 1660
365 2428
365 3753
365 5531
365 6807
365 9856
365 9948
366 1705
366 3764
366 8794
366 9386
367 1687
367 4307
367 4694
367 9887
368 4862
368 6139
368 6804
368 8073
369 1892
369 3387
369 7749
370 625
370 2235
370 5158
370 9095
371 1947
371 2770
371 3981
371 6548
371 7868
371 7895
371 8166
371 8403
372 713
372 4950
372 5018
372 5738
372 7816
372 8428
372 8449
372 9313
372 9850
373 447
373 653
373 1422
374 6555
374 8883
375 962
375 3497
375 4720
375 5063
376 786
376 2270
376 7453
376 7531
377 2054
377 3887
377 9339
377 9735
378 422
378 2077
378 2723
378 5421
378 6238
378 8280
378 9756
379 1802
379 2377
379 7737
379 8081
379 9912
380 985
380 1357
380 1376
380 5361
380 7909
380 8266
380 9536
381 510
381 1100
381 1644
381 6524
381 7305
382 408
382 2789
382 2991
382 4024
382 6035
382 8608
382 9641
383 4663
383 6218
383 6994
384 3549
384 6800
384 9562
385 4042
385 4093
385 5363
385 6217
385 6581
385 9609
386 1383
386 1861
386 2472
386 3464
387 1258
387 3253
387 8308
388 895
388 2225
388 4089
388 6377
388 6841
388 7644
388 9594
389 3148
389 3856
389 5795
389 8507
389 9743
390 727
390 856
390 5152
390 7031
390 7693
390 8666
390 9647
391 2296
391 5158
391 6755
392 2630
392 2968
392 4625
392 8594
392 8847
393 1201
393 3467
393 5785
393 6700
394 577
394 608
394 645
394 713
394 1034
394 1398
394 1637
394 2912
394 3272
394 4693
394 5402
395 1959
395 3663
395 4942
395 7276
395 8037
395 9592
396 953
396 2417
396 2813
396 4022
396 6465
396 6644
396 7068
396 7429
396 7479
397 2950
397 4488
397 9325
398 2628
398 3439
398 5222
399 4092
400 3981
400 8365
400 9959
401 713
401 2686
401 2788
401 6013
401 6427
401 6634
401 8937
402 1524
402 3061
402 4001
402 7489
402 8266
403 1774
403 3321
403 3706
403 6606
403 8802
403 9364
404 2340
404 2701
404 9811
405 1055
405 2950
405 3799
405 8609
405 9266
405 9332
405 9745
406 886
406 1312
406 3493
406 3952
406 5405
406 7713
406 9381
407 1105
407 1192
407 1818
407 3088
407 4827
408 7034
408 7126
408 7661
408 9012
408 9349
409 2657
409 2699
409 3797
409 5420
409 5979
410 2011
410 2231
410 3700
410 4003
411 3187
411 3561
411 5056
411 6211
412 2690
412 4065
412 4872
412 8099
412 8634
412 9923
413 5259
413 7300
413 7987
413 9472
414 701
414 1066
414 5982
414 7285
414 9146
415 551
415 5634
416 1048
416 1721
416 3025
416 6737
416 7228
417 2593
417 6749
417 6792
417 8529
418 1232
418 3781
418 6669
418 9012
418 9819
419 3618
419 4537
419 6770
419 6933
419 9149
420 1416
420 7652
420 9832
421 5087
421 9386
422 5812
422 6453
423 1459
423 1782
423 3115
423 3151
423 6314
423 9841
424 1292
424 2132
424 2425
424 4985
425 918
425 2246
425 4660
425 5234
425 6010
425 7987
425 9213
426 4950
426 6110
426 6597
427 2928
427 7706
427 8757
427 9075
428 1411
428 5360
428 9002
429 3060
429 4722
429 9938
430 434
430 2622
430 4178
430 4572
430 7385
430 9104
431 3534
431 5101
431 6683
431 8031
432 2479
432 6601
432 7064
432 8792
433 3582
433 6193
433 7270
433 8749
434 5743
435 6402
436 656
436 3478
436 7406
436 8286
437 3293
437 3923
437 5389
437 5944
438 2073
438 4215
438 7355
438 9149
439 972
439 3567
439 4497
439 9764
439 9845
440 3075
440 4963
441 3477
441 3524
441 4271
441 5843
441 7627
442 4683
442 7914
443 4639
444 1295
444 5364
444 8237
445 559
445 703
445 1589
445 1772
445 3439
445 4462
445 5315
445 5856
445 9112
446 2438
446 4541
446 5212
446 7748
446 9866
447 889
447 5271
448 1969
448 2276
448 2283
448 2916
448 2940
448 3197
448 3539
448 6038
448 9502
448 9796
449 1929
449 3612
449 4614
449 4939
449 5376
449 6073
449 6519
449 6854
450 619
450 1819
450 2480
450 2822
450 3590
450 6349
450 8970
451 2634
451 2946
451 4726
451 5933
451 5979
451 7079
451 9358
451 9483
452 1377
452 3055
452 3385
452 9017
453 2008
453 3128
453 6087
453 7515
453 8692
454 3799
454 3856
454 8243
455 959
455 3293
455 7200
455 8606
455 9915
456 2216
456 3309
456 3958
457 666
457 1528
457 3100
457 3519
457 5849
457 6917
458 6611
458 7944
458 9475
459 2624
459 4168
459 4309
459 5577
460 4314
460 5621
460 7203
460 9644
461 2908
461 4754
461 7048
461 7492
461 7788
462 1370
462 1536
462 1985
462 4432
463 876
463 7548
463 7634
463 8743
463 9787
464 3365
464 6627
464 8407
465 2338
465 9693
466 1563
466 1793
466 3501
466 4997
467 725
467 1344
467 1481
467 1695
467 2655
467 3010
467 3403
467 5288
467 5490
467 6243
467 7532
467 7746
468 2471
468 5587
468 8448
469 6015
469 6519
469 8582
469 8743
469 8908
470 1327
470 2867
470 4930
470 5252
470 7636
470 8528
470 9370
470 9465
470 9826
471 910
471 5334
471 7081
471 8467
471 9360
472 1269
472 2613
472 2788
472 3134
472 7356
473 899
473 6287
473 7521
473 7672
474 2225
474 3195
474 3200
474 6504
474 6828
475 2588
475 7533
475 9764
475 9984
476 1921
476 2642
476 2836
476 2846
476 3610
476 8847
477 1384
477 2137
477 3856
477 3987
477 8177
478 774
478 2266
478 5137
478 7461
478 7646
479 5082
479 6100
479 6181
479 6516
479 8613
479 8828
480 986
480 3000
480 3786
480 5428
480 6015
481 762
481 1810
481 4212
481 6192
481 7335
482 6613
482 6933
482 9469
483 2428
483 3394
483 9166
483 9816
484 536
484 4531
484 5397
484 6122
484 8928
485 2584
485 4030
485 7288
486 4482
486 9354
487 853
487 916
487 2340
487 2503
487 3910
487 6126
487 7612
488 3721
488 5493
488 6837
488 9610
488 9886
489 1541
489 3233
489 3651
489 3787
489 4585
489 5364
489 5634
489 6328
489 7876
489 8909
489 9399
490 624
490 7595
491 1685
491 2107
491 3022
491 5966
492 2042
492 2945
492 4171
492 4308
492 4871
492 6999
492 7737
492 8256
492 8368
492 8935
492 9409
492 9599
493 1546
493 1787
493 2907
493 2950
493 4875
493 6815
493 7038
494 1377
494 3998
494 4035
494 7493
494 7654
494 9057
494 9510
495 1632
495 6472
495 7547
496 2444
496 2640
496 5279
496 5502
496 7298
497 1455
497 2742
497 3596
497 4473
497 4987
497 6783
497 8217
497 8581
497 9871
498 2185
498 2266
498 7796
499 1799
499 5939
499 6247
499 6729
499 8219
500 2019
501 1001
501 2025
501 3506
501 3608
501 7743
501 8320
502 2421
502 2654
502 3200
502 3492
502 9181
503 548
503 3794
503 4853
503 5259
503 6558
504 2158
504 2999
504 4566
504 5132
504 7120
504 8051
504 8830
504 9943
505 2052
505 3358
505 4729
505 7106
505 7358
505 9386
505 9981
506 1393
506 4036
506 6488
506 8429
506 8928
507 2901
507 4419
507 6330
507 6386
507 6475
507 7245
507 8557
508 4125
508 7848
508 8923
508 9829
509 4437
509 4969
509 6068
509 6761
509 9125
510 831
510 3121
510 3768
510 5607
511 2108
511 4824
511 7060
511 8448
511 8544
511 8814
512 4493
512 7346
512 9268
513 4275
513 4705
513 5706
513 7631
513 9055
513 9239
513 9418
513 9471
514 561
514 714
514 1225
514 4454
514 8618
515 3813
515 5408
515 6669
515 9376
516 6216
516 7468
516 8937
517 591
517 1080
517 1921
517 4985
517 5759
517 8267
518 3838
518 4033
518 5490
518 8074
518 8437
518 9166
518 9448
519 951
519 4125
520 3620
520 6138
520 7130
521 612
521 1146
521 4484
521 4539
521 5227
521 8118
521 9039
522 2509
522 7215
523 574
523 740
524 2573
524 5455
524 5740
524 6145
524 9673
524 9968
525 2258
525 8684
525 8992
526 1556
526 2838
526 3718
526 3727
526 5597
526 7469
526 8320
527 2630
527 3819
527 4032
527 4941
527 9007
527 9080
528 685
528 870
528 1981
528 2422
528 2963
528 8143
528 9018
529 1599
529 2329
529 3386
529 6877
529 9348
531 853
531 5059
531 5170
531 6079
531 8044
531 8518
531 8595
531 9451
531 9588
532 1536
532 4122
532 4515
532 6365
532 9182
533 2964
533 7796
534 1178
534 6449
535 3456
535 3740
535 7735
535 9773
535 9901
536 2895
536 3558
537 7566
540 681
540 1092
540 1589
540 3515
540 7267
540 7923
540 8993
541 2724
541 3324
541 7331
542 3368
542 3835
542 5932
543 791
543 1666
543 2575
543 9248
544 1610
544 2511
544 3345
544 5795
544 6366
544 7067
544 7311
545 821
545 1768
545 4976
545 5115
545 5983
546 4281
546 7291
546 7928
546 8305
547 2933
547 4050
547 5135
547 7692
547 8826
547 9833
548 790
548 958
548 2868
548 3237
548 4173
548 6718
548 6832
548 7053
548 7951
548 8016
549 1870
549 3705
549 6321
549 7274
549 8547
549 8587
550 1815
550 2097
550 3077
550 4469
550 4848
550 6454
550 6893
550 6903
550 7567
551 2099
551 2423
551 2914
551 3481
551 4134
551 4587
552 1834
552 4045
552 9300
553 1032
553 3329
553 5620
553 6824
553 6988
553 8585
553 9502
553 9815
554 1367
554 2749
554 2766
554 4301
554 5292
554 5863
554 7329
554 9609
555 2537
555 3776
555 4586
555 6098
555 7008
555 8230
556 3616
556 6500
556 6501
556 6844
556 9260
556 9488
557 770
557 773
557 2534
557 6195
557 7195
558 6758
558 9217
558 9900
559 1808
560 780
560 787
560 2513
560 3472
560 5484
560 5502
560 7494
560 9804
561 6167
561 8785
561 9040
561 9914
562 2559
562 5668
562 6455
562 9574
563 1017
563 1746
563 2896
563 7533
563 7579
563 8458
564 3102
564 5510
564 6668
564 6815
564 6867
564 7897
564 8427
565 991
565 3026
565 6834
565 6977
565 7532
566 1064
566 1180
566 7208
566 9125
567 4467
567 5576
568 3203
568 8465
568 8948
568 9862
569 2101
569 3638
569 6671
569 7297
569 7484
569 7685
569 8958
569 9531
569 9856
570 1284
570 1774
570 1807
570 4406
570 8581
570 8748
570 8761
571 3228
571 3624
571 4264
571 6292
572 5496
572 8186
572 9221
573 764
573 1510
573 2378
573 2475
573 6044
573 8428
574 2321
574 3065
574 3999
574 5049
574 7710
574 8424
574 9007
574 9552
575 1315
575 1545
575 2835
575 3606
575 6900
575 7577
576 1406
576 2943
576 3242
576 5118
576 5840
576 6957
577 1923
577 5152
577 5495
577 5763
578 1002
578 1112
578 2312
578 2896
578 4054
578 4653
579 3699
580 4571
581 2347
581 4782
581 5002
581 5279
581 7703
581 9316
581 9615
582 2029
582 5138
582 7123
582 8960
583 869
583 1261
583 9922
584 3102
584 6764
585 6059
585 6567
585 8618
585 9080
586 2008
586 2370
586 3920
586 4622
586 5291
586 7170
586 7484
587 2270
587 2809
587 3688
587 8919
587 9921
588 3040
588 3834
588 4076
588 4609
588 7010
588 7411
588 8662
588 8780
589 2220
589 2749
589 5216
589 5717
589 8391
589 8855
590 4169
590 9005
591 2500
591 3417
591 4035
591 6764
591 6888
591 9152
592 852
592 2849
592 6732
592 7228
592 8312
593 1294
593 4887
593 6226
593 9952
594 3629
594 3684
594 4068
594 5625
594 7688
594 8044
594 8943
594 9113
594 9392
595 635
595 1323
595 1340
595 1481
595 2015
595 2277
595 3588
595 3719
595 5667
595 5785
595 7153
596 1636
596 6278
596 8595
596 9540
597 3376
597 6703
597 8602
597 9662
598 979
598 2104
598 2649
598 6165
598 6655
599 1411
599 2480
600 1592
600 4549
600 6940
600 7425
600 9764
601 2182
601 3293
601 3750
601 5893
601 7424
601 7744
601 8115
602 1584
602 2488
602 5979
602 8432
603 1356
603 1686
603 4912
603 5387
603 6489
603 9778
604 1310
604 5893
604 7211
605 708
605 1809
605 2608
605 3949
605 4071
605 4549
606 730
606 3317
606 6629
606 6675
606 7756
606 9518
607 2582
607 3612
607 4034
607 6610
607 7485
607 9877
608 5954
608 8907
609 4210
609 7313
610 1013
610 1621
610 1814
610 5629
610 5941
610 6059
610 7947
610 9363
611 1726
611 1794
611 5142
611 8347
611 8464
612 1072
612 3123
612 4640
612 6508
612 9211
613 2774
613 4880
613 5710
613 7442
613 8035
614 2343
614 5252
614 8284
614 9964
615 1220
615 3033
615 3302
615 3529
615 4187
616 7758
616 8162
616 9620
617 765
617 2231
617 2399
617 4883
617 5633
617 8705
617 9075
617 9308
618 3758
618 3814
618 8595
619 729
619 1202
619 2033
619 2869
619 3348
619 3886
619 8331
619 9146
620 966
620 2425
620 2628
621 3567
621 4356
621 4838
621 5890
621 6577
621 6750
621 8036
621 8874
622 9906
623 1529
623 2385
623 3575
623 5020
623 5208
624 918
624 2423
624 4089
624 4608
624 9064
624 9155
624 9236
625 2249
625 3878
625 5753
625 6312
625 6931
626 1865
626 6053
626 9577
626 9985
627 807
627 7814
627 7836
627 9122
628 1450
628 3250
628 3613
628 6100
628 6936
628 8144
628 8549
628 8701
628 8867
628 9092
629 1723
629 4269
629 6693
629 9370
630 1094
630 2771
630 4697
630 6618
631 5776
631 9561
632 3189
632 5784
632 7166
632 7839
633 939
633 1758
633 5834
633 7262
634 5505
634 5990
634 6600
634 8797
635 2680
635 4147
635 4525
635 7319
636 1496
636 1690
636 3999
636 4831
636 6399
636 8275
636 8855
637 1177
637 2930
637 5627
637 5976
637 6694
637 7410
637 7820
637 9777
638 928
638 1789
638 4568
638 5176
638 8118
638 8583
639 3649
639 5928
639 6708
639 9378
640 1071
640 7761
640 8102
640 8563
641 2175
641 7359
641 7493
641 8581
642 1708
642 4014
642 9070
643 1540
643 1711
643 2108
643 7012
643 8460
644 813
644 7942
645 3017
645 8980
645 9017
645 9619
646 3260
646 8196
646 9405
647 770
647 4551
647 5337
647 8387
648 1581
648 2336
648 4146
648 4235
648 8127
649 2422
649 2955
649 3639
649 4728
649 4983
649 6029
649 8850
649 9788
649 9860
650 2328
650 3418
650 4085
650 5159
650 8549
651 714
651 3811
651 5827
652 2606
652 9371
653 1208
653 3799
653 6938
653 8794
654 5514
654 9455
654 9926
655 8140
655 8869
656 3940
656 7780
656 8808
657 1672
657 3521
657 5700
657 7023
657 7997
658 1344
658 2597
658 2889
658 3768
658 4447
658 5359
658 6766
658 6777
659 1187
659 1896
659 2436
659 4188
659 8110
659 8948
659 9315
660 1660
660 2582
660 4262
661 1730
661 2612
661 4929
661 8684
662 1600
662 4209
662 6858
662 7911
662 9162
662 9797
663 1358
663 4657
663 4817
663 5174
663 6681
663 6853
663 8079
663 9649
664 709
664 3986
664 6238
664 6979
665 1715
665 2484
666 5897
666 9073
666 9433
667 707
667 1929
667 3226
667 4841
667 5859
667 7872
667 8738
668 834
668 1453
668 3608
668 8184
669 3700
670 1527
670 3558
670 6219
671 2866
672 4581
672 6576
672 8466
673 675
673 3421
673 4332
673 6111
673 7269
673 7907
673 8544
673 8797
674 1549
674 1606
674 1659
674 2543
674 3336
674 6528
675 690
675 1786
675 4926
675 5249
675 8768
675 8914
675 8972
676 2797
676 5771
676 7077
676 7165
677 736
677 2231
677 5533
677 6661
677 7920
678 3198
678 3228
678 7042
678 7812
678 9471
679 1389
679 1628
679 2450
679 3244
679 3456
679 3802
679 5632
679 5886
679 7831
680 1520
680 2221
680 2933
680 3431
680 4395
680 4630
680 5931
680 8679
680 8779
681 1270
681 2071
681 2917
681 6639
681 6733
681 7392
681 7490
681 8194
681 8796
682 5989
682 6225
682 8039
683 2188
683 3396
683 6757
683 7147
683 8273
684 2165
684 5309
685 3870
685 7639
686 1034
686 2326
686 4120
686 4142
686 7845
686 9778
687 1052
687 1421
687 2001
687 8740
687 9642
687 9651
688 703
688 3608
688 3761
688 7128
688 7411
688 7944
688 8280
688 8384
689 2925
689 5631
689 6094
690 1676
690 6543
690 6591
691 1527
692 880
692 3097
692 3863
692 6961
693 2613
693 4012
693 4362
693 6229
693 8132
694 1476
694 4886
694 6291
694 6678
694 7256
694 7276
695 2008
695 2161
695 3281
695 4609
695 9187
695 9338
695 9446
696 1051
696 2389
696 4809
696 5067
696 7457
696 7957
696 8000
696 9259
697 2388
697 5186
697 5248
697 6959
698 4576
698 4826
698 5495
698 5932
698 7171
698 9532
699 3169
699 5065
699 5976
700 4139
700 7091
701 5058
701 6595
702 4562
702 5934
703 5433
703 7192
703 8539
704 1367
704 2961
704 5071
704 8404
704 8457
705 955
705 2513
705 4740
705 5393
705 8510
705 8965
706 2560
706 3255
706 6207
706 7189
706 9363
707 820
707 1176
707 4387
707 5565
707 6681
707 7300
707 8001
707 9006
707 9721
707 9941
708 1412
708 2497
708 3808
708 9199
708 9212
709 1455
709 1695
709 6804
709 8028
709 8816
710 1857
710 3609
710 4740
710 5590
710 9243
710 9399
711 1265
711 5992
712 2451
712 4541
712 6774
712 7704
713 1815
713 4627
713 5237
713 7289
713 7558
714 3248
714 4657
714 8875
714 9892
715 989
715 2776
715 4303
715 8557
715 8565
716 1798
716 5074
716 8622
717 1335
717 3910
717 4352
717 5185
717 5862
717 8767
717 8876
718 816
718 3108
718 4270
718 5063
718 7261
719 5434
719 8508
719 9701
720 930
720 3825
720 6786
720 6895
720 6975
720 8797
720 9663
721 2412
721 2608
721 5003
721 5160
721 8043
722 1334
722 2811
722 3257
722 7886
722 8857
722 9555
723 1402
723 7846
723 8842
723 9059
724 1736
724 3645
724 4698
724 5198
724 5595
724 6205
724 7273
724 7649
725 3326
725 5420
725 7109
725 9926
726 1041
726 1384
726 3580
726 5487
726 6999
726 8257
726 8934
726 9440
726 9691
727 1474
727 2047
727 4539
727 4551
727 9365
727 9592
728 5235
728 5399
729 745
729 1850
729 5663
730 7415
730 9071
730 9760
731 4091
731 6214
731 6386
731 7452
731 9549
732 3303
732 3351
732 4620
732 4652
732 6592
732 6886
732 8389
733 1195
733 9506
734 916
734 3563
734 5074
735 2960
735 4698
735 5634
735 8144
735 9415
736 2771
736 3122
736 3401
736 7369
736 8077
736 8243
736 8802
736 9707
737 859
737 1731
737 3602
737 7523
737 9497
738 4107
738 5331
738 6303
738 8338
739 1517
739 3368
739 3405
739 3504
739 4251
739 4682
739 4933
739 7085
739 9986
740 1710
740 4714
740 6960
740 7026
740 8203
741 5616
741 8706
741 8963
742 2404
742 6658
743 3087
743 7616
745 3462
745 7342
745 7715
745 8104
745 9484
746 2022
746 3558
746 4533
746 5272
747 4922
747 5519
747 5905
747 8985
747 9999
748 2428
748 2764
748 2802
748 3488
748 4452
748 5569
748 8007
748 8024
749 3112
749 3725
749 7810
749 9382
749 9407
750 3673
750 3762
750 6602
750 7179
751 1437
751 3414
751 5428
751 9087
751 9511
752 1662
752 3289
752 3878
752 4696
753 4107
753 4145
753 9718
753 9853
754 3497
754 3951
754 4759
755 3160
755 5783
755 8194
755 9540
755 9643
756 918
756 1206
756 1765
756 6086
756 7370
756 8401
757 3869
757 6562
757 6587
757 9188
758 1864
758 3343
758 3642
758 6004
758 8153
758 9439
759 1189
759 4002
759 8544
760 780
760 2190
760 2843
760 6072
760 6154
760 7623
760 7781
761 877
761 1542
761 2123
761 3686
761 4389
761 6475
762 6675
763 2784
763 9947
764 3402
764 3504
764 4549
764 4677
764 6317
764 7428
765 1079
765 1902
765 2803
765 7122
765 8112
766 1272
766 2555
766 6731
766 8986
767 4053
767 6803
767 6953
768 4611
768 5348
768 7077
769 2550
769 3543
769 4644
769 4693
770 2870
770 3150
770 3665
770 4286
770 5267
770 8021
770 9770
771 8916
772 798
772 1763
772 5513
772 9210
773 1592
773 4951
773 5660
773 6688
773 9730
774 6221
774 7331
775 1290
775 6444
775 7312
775 8984
776 4455
776 7750
776 8922
777 3964
777 9611
778 2750
778 2890
778 3523
778 4855
778 5022
778 5653
778 5803
778 5875
779 918
779 1326
779 3021
779 3457
779 3489
779 3649
779 4201
779 5585
779 5845
779 7022
779 7611
779 8457
780 831
780 2332
780 6074
781 4351
781 5105
782 3022
782 4961
782 5170
783 7428
784 2584
784 3266
784 9132
785 1032
785 1726
785 3184
785 5260
785 6388
785 6533
785 7225
785 9748
786 1843
786 3525
786 8086
786 8243
786 9732
787 1225
787 3845
787 7353
788 2026
788 3192
788 4543
788 9230
788 9493
789 1819
789 3663
789 4005
789 6344
790 7344
791 2874
791 3079
791 7507
792 833
792 1220
792 6014
792 9670
793 2140
793 2660
793 5407
793 8758
794 3208
794 3654
794 4085
794 5009
794 5431
794 6877
794 7249
794 9616
795 2605
795 2689
795 3791
795 6906
796 1397
796 1520
796 4714
796 5982
796 7730
797 3759
797 5427
797 6870
798 1215
798 4380
798 6697
798 8778
799 1639
799 5389
799 7651
799 8717
799 8908
800 1451
800 1616
800 7086
800 8339
800 8736
800 9659
801 8563
802 4458
802 4747
802 5008
802 5421
802 5469
802 7284
802 7519
803 1612
803 6041
803 9201
803 9894
804 2613
804 3772
804 4756
804 6641
804 7274
804 8174
804 9464
805 1579
805 1803
805 2892
805 7204
805 9024
806 1625
806 2130
806 3157
806 6054
806 8021
806 8056
806 8188
806 9926
807 4401
807 7179
807 9788
808 2004
808 2602
808 7640
808 7930
808 9125
809 1183
809 5357
809 8104
809 9419
810 1015
810 2288
810 2683
810 4194
810 5284
810 6988
810 8733
810 9663
811 3211
811 5002
811 5254
811 6431
811 8116
811 9490
812 1512
812 1792
813 6023
813 7567
813 7599
813 9454
814 2086
814 5909
814 8080
814 9330
815 3245
815 3649
815 6848
816 8651
817 3920
817 4076
817 4987
817 7159
817 8493
817 8976
818 846
818 3378
818 4361
818 6753
818 7518
818 8412
819 1061
819 1766
819 2144
819 4506
819 5142
819 5342
819 6965
819 7196
819 8686
819 8913
820 1897
820 2276
820 5933
820 6292
820 7676
820 8166
820 8635
820 8951
820 9317
820 9609
821 2003
821 2131
821 6754
821 7101
822 893
822 3624
822 4851
822 5539
822 7864
823 8633
823 9548
824 887
824 1726
824 2034
824 3148
824 6937
824 7722
824 8699
824 9193
825 1658
825 5162
825 5643
826 3015
826 3193
826 3393
826 7297
826 8462
826 9246
826 9510
827 6135
828 4865
828 4889
828 6049
828 6237
829 1158
829 4139
829 4297
829 8465
830 6255
830 8414
831 905
831 3986
831 4157
831 6997
832 1557
832 3998
832 8381
832 8698
832 8720
833 1678
834 1042
834 2232
834 3757
834 8190
836 5978
836 7755
836 9175
837 1124
837 3902
837 5104
837 7230
837 7763
837 9907
838 2742
838 7916
839 1047
839 2171
839 2520
839 5356
839 8505
839 8755
839 9783
840 1980
840 7263
841 1468
841 2939
841 3075
841 4720
841 9781
841 9799
842 2662
842 4574
842 8171
842 8744
843 1532
843 4279
843 4985
843 6881
843 8501
843 9070
844 5871
844 6738
844 8179
845 6072
846 5149
846 5803
846 8748
847 1967
847 2614
847 3065
847 4284
847 5397
847 5900
847 5959
847 6000
847 6778
848 5181
848 8406
849 4047
849 6156
849 7294
849 7518
849 7729
850 4237
850 6909
850 9327
851 2189
851 2399
851 4623
851 8147
851 8734
852 2109
852 2360
852 2365
852 4983
852 7293
853 1296
853 6256
853 8737
854 1592
854 1854
854 2812
854 3510
854 7986
854 9686
855 3007
855 3735
855 3974
855 4195
855 7229
856 987
856 2024
856 2640
856 2890
856 8724
856 9114
857 1991
857 5352
857 6935
857 8304
857 8973
857 9581
857 9893
858 3926
858 4173
858 9724
859 2056
859 7277
859 7448
860 6403
860 7470
860 9773
861 5236
861 5748
861 8718
862 1180
862 1908
862 3990
862 5102
862 7221
862 9134
862 9594
863 3625
863 3982
863 5471
863 5704
863 7584
863 8749
864 9590
864 9734
864 9832
865 1187
865 1888
865 4532
865 9602
866 1650
866 2894
866 2923
866 3525
866 5479
866 9263
867 1228
867 3459
867 3612
867 3690
867 3796
867 4824
867 5806
867 6294
867 6488
867 8298
868 1721
868 3170
868 4339
868 9317
869 2071
869 3618
869 4309
869 5008
869 7406
870 4011
870 4058
870 5163
870 5852
871 4989
871 6573
871 8208
871 8600
872 4892
872 5634
872 6614
872 7611
872 7890
872 8744
873 2039
873 6622
873 7001
873 7410
873 9551
874 3467
874 8094
875 2943
875 3688
875 3986
875 4994
875 6388
875 6711
876 1259
876 1455
876 2409
876 3963
876 6636
876 7714
876 7817
876 9152
876 9188
876 9440
877 3067
877 3158
877 9604
878 1962
878 6453
879 5164
879 5455
880 1333
880 2410
880 4568
880 4652
880 6237
880 7108
880 8446
881 2090
881 3176
881 3340
881 4703
881 6014
881 6673
881 7077
881 9902
882 7944
882 8200
883 2843
883 3710
883 4675
883 5699
883 6006
883 6198
884 2548
884 3945
884 7715
884 7803
885 1213
885 2437
885 5782
885 8959
885 9998
886 1089
886 1389
886 2520
886 6066
886 7096
886 9235
887 2108
887 4731
887 6507
887 6855
887 7559
887 7858
887 8750
887 8902
888 8145
888 9462
889 1578
889 4368
889 6637
889 8733
890 1500
890 1594
890 4278
890 5833
890 6356
890 7239
890 8059
891 4411
891 5097
891 8041
892 3394
892 7629
893 1295
893 1338
893 1965
894 4532
894 5793
894 7618
894 8707
894 8986
894 9825
895 1338
895 2917
896 1467
897 6087
897 8630
897 9805
898 2184
898 3271
898 5502
898 7000
899 1612
899 1661
899 2449
899 3117
899 4887
899 5481
900 8838
900 9154
901 7096
902 2804
902 4996
902 7245
902 9112
903 7851
904 3105
904 3161
904 4008
904 9523
905 6442
905 8447
906 8007
906 8796
907 5036
907 5247
907 5597
907 5727
907 9357
908 1513
908 3663
908 6627
908 7017
908 8506
909 1199
909 2644
909 3801
910 2596
910 6205
910 9693
911 2274
911 6326
911 7330
912 1127
912 3836
912 4422
912 7878
912 9394
913 7217
913 7813
913 7860
913 8709
913 9403
913 9917
914 1340
914 2471
914 5260
914 9900
915 1295
915 2869
915 4203
915 5653
915 6208
916 1075
916 5464
916 5709
916 6192
916 7218
917 4138
917 4338
917 5063
917 6661
917 6959
917 9887
918 3490
918 3884
918 4703
918 6124
918 8878
918 9095
919 1774
919 2839
919 3514
919 6266
920 2017
920 4947
920 6159
920 6810
920 6891
920 7854
920 9796
920 9880
921 4445
921 6973
922 1215
922 1773
922 2458
922 2884
922 8429
922 9761
923 3601
923 8274
923 8799
923 9838
924 1584
924 2182
924 2760
924 3932
924 5039
924 5493
924 7598
924 9077
925 1024
925 2875
925 2947
925 5068
925 5558
925 6104
925 6400
925 7343
925 7973
925 8939
926 1093
926 3566
927 2027
927 3650
927 4543
927 4902
927 8195
927 8841
927 9901
929 1016
929 6378
929 6475
929 6878
929 8058
929 8449
930 938
930 1771
931 2662
931 7039
931 8137
932 1218
932 1619
932 2053
932 2672
932 5343
932 8020
932 8284
933 2825
933 7629
933 8773
933 8996
933 9874
934 1543
934 2650
934 5262
934 5306
934 6392
935 4138
935 7980
935 8321
936 2154
936 9678
937 1404
937 2669
937 4286
937 6415
937 7241
938 2828
938 4342
938 5088
938 5777
938 6748
938 8983
939 1308
939 2775
939 6365
939 7268
939 7922
939 9840
940 2103
940 4387
940 5314
940 6848
941 1262
941 2932
941 3528
941 3967
941 4153
941 5738
941 9020
942 1093
942 1411
942 1586
942 4433
942 6027
942 6877
942 7559
942 8381
942 8474
942 8714
943 1785
943 2292
943 3847
943 3987
944 2440
944 4465
944 5653
945 8406
946 2388
946 2476
946 7592
946 7659
946 9493
946 9815
947 3263
947 7220
948 3688
948 4857
948 6060
948 7044
948 9817
949 1528
949 2982
949 9702
950 5036
950 7059
950 8088
950 8647
951 3278
951 5693
951 6277
951 6384
951 7160
952 2599
952 3760
952 5045
952 6176
952 6684
952 7399
952 8202
953 3363
953 3862
954 1821
954 2224
954 5454
954 8093
955 2343
955 4711
955 5848
955 6277
955 8915
955 9131
955 9215
956 1478
956 2342
956 4937
956 5768
956 8325
957 9742
958 4329
958 4892
958 7379
958 7777
958 8503
959 2643
960 1983
960 3856
960 7687
960 8319
960 8502
960 9216
960 9407
961 1206
961 1751
961 2705
961 5425
961 5950
961 8611
962 1073
962 2943
962 4701
962 7855
963 1625
963 1693
963 2187
963 2758
963 3699
963 7251
965 1286
965 3012
965 4460
965 6383
965 8084
966 2310
966 2720
966 6185
966 6779
966 7114
966 7601
967 1342
967 3433
967 4686
967 5588
967 5622
967 6668
967 9586
968 2009
968 2242
968 5209
968 5754
968 5769
968 7735
969 1405
969 3656
969 5525
969 8888
970 1130
970 2337
970 6982
970 7007
970 7757
970 9973
971 2257
971 3777
971 4458
971 5163
971 9751
972 4368
972 7105
972 8752
972 8930
973 1316
973 3008
973 3283
973 3802
973 4313
973 6604
973 8773
974 1154
974 2546
974 2602
974 4537
974 4760
974 6600
975 4339
975 5302
975 6188
975 8329
976 2192
976 7541
976 7615
977 1896
977 3850
977 4386
977 5623
977 6208
977 9612
978 2552
978 2671
978 4200
978 8597
979 1392
979 6467
979 6786
979 8888
980 1356
980 4650
980 7113
980 8003
981 1996
981 2884
981 5128
981 5931
981 8341
981 8974
981 9132
982 1593
982 9167
982 9814
982 9821
983 9729
984 1578
984 3043
984 4826
984 5806
984 7158
984 9569
985 4304
985 7567
985 8414
985 8548
986 2819
986 4317
986 4474
986 5001
986 7982
986 8992
987 2601
987 2760
987 5772
988 1071
988 1690
988 2491
988 3132
988 3582
988 4587
988 5178
988 8116
989 7836
989 9161
989 9728
990 3967
990 4567
990 4770
990 8419
991 3446
991 4031
991 9242
992 2632
992 5444
992 5953
992 6056
992 7804
992 7820
992 8474
993 4051
993 5909
993 7871
994 2252
994 3062
994 4370
994 6517
994 9155
995 2458
995 3222
995 8570
995 9914
996 6379
996 6388
996 6413
996 6888
996 8757
997 3197
997 3415
997 6839
997 7981
997 9816
998 1963
998 4545
998 9503
999 2697
999 4352
1000 2575
1000 3758
1000 4219
1000 7482
1000 8632
1001 1721
1001 1782
1001 8881
1002 4563
1002 4584
1002 6927
1002 8259
1003 3519
1003 3946
1003 5297
1004 2452
1004 2915
1004 4523
1004 4969
1004 8400
1005 3932
1005 5148
1005 9282
1006 4196
1006 6084
1006 6407
1006 9016
1007 1834
1007 4371
1007 4516
1007 7862
1008 2697
1008 4178
1008 7729
1008 8159
1008 8593
1008 9100
1009 1697
1009 1977
1009 2390
1009 2404
1009 2508
1009 6680
1009 7031
1010 1725
1010 2664
1010 5226
1010 6421
1010 6943
1010 7044
1010 8157
1010 8440
1010 9942
1011 2833
1011 3683
1011 4164
1011 6617
1012 5264
1012 8400
1013 1753
1013 2195
1013 2575
1013 2814
1013 9563
1014 3042
1014 3643
1014 4645
1014 7501
1014 8270
1014 8444
1014 9046
1015 1642
1015 4821
1015 4920
1015 5233
1015 7565
1015 8684
1015 9625
1016 2045
1016 3442
1016 9479
1017 1167
1017 1775
1017 5568
1017 5642
1018 1802
1018 6546
1018 6588
1018 7986
1019 1265
1019 2735
1019 5640
1019 6987
1019 7696
1020 2082
1020 5006
1020 5020
1020 9496
1021 2347
1021 6258
1021 7787
1022 1273
1022 2593
1022 2650
1022 2709
1023 1603
1023 2941
1023 4921
1023 6108
1023 7032
1023 7901
1024 1126
1024 3235
1024 4220
1024 5462
1024 6667
1024 7521
1024 9030
1025 3540
1025 3604
1025 4429
1025 5616
1025 6081
1025 8141
1025 8326
1025 9914
1026 4354
1026 6997
1026 8023
1026 8156
1026 8616
1027 4043
1027 8599
1028 4489
1028 4896
1028 6653
1028 7656
1029 1727
1029 1870
1029 2899
1030 5587
1030 6421
1030 7007
1031 4020
1031 5588
1031 6330
1031 7150
1032 4440
1032 6161
1033 1157
1033 3424
1033 4531
1033 5901
1033 7526
1034 2356
1034 4228
1034 4686
1034 5678
1034 8302
1034 9737
1035 3290
1035 4854
1035 4898
1035 6381
1035 7644
1035 7701
1036 1648
1036 1860
1036 2136
1036 3674
1036 3909
1036 9591
1037 1841
1037 3377
1037 7029
1038 1523
1038 3006
1038 3389
1038 6030
1038 7493
1038 9586
1039 1104
1039 4014
1039 5177
1039 9495
1040 3339
1040 7220
1040 7326
1040 8453
1041 2962
1041 3491
1041 4661
1041 6378
1041 7383
1041 9033
1041 9289
1041 9396
1042 1400
1042 2833
1042 5389
1042 5875
1042 6383
1042 7321
1042 9563
1043 2966
1043 5844
1043 9396
1044 1613
1044 6100
1044 6333
1044 7302
1044 9207
1045 1149
1045 4169
1046 2271
1046 2803
1046 7820
1046 9076
1046 9882
1047 4516
1047 4532
1047 7008
1047 9815
1048 2640
1048 2735
1048 2888
1048 4909
1048 7345
1048 8148
1049 3333
1049 3899
1049 8130
1050 1166
1050 2702
1050 3575
1050 3627
1050 7957
1051 3269
1051 4001
1051 4681
1051 5772
1051 7001
1051 9221
1052 5947
1052 6975
1053 2274
1053 3296
1053 4292
1053 4550
1053 5253
1053 7950
1053 8744
1053 9484
1054 1193
1054 1302
1054 4185
1054 4907
1054 5085
1054 6564
1054 7980
1055 2550
1055 3010
1055 3090
1055 4008
1055 9345
1056 1461
1056 2103
1056 2593
1056 2932
1056 3535
1056 3948
1056 5863
1057 3220
1057 3723
1057 8044
1058 5634
1058 7492
1058 8669
1059 5220
1059 6243
1059 8769
1059 9401
1060 2174
1060 3680
1060 5286
1060 6280
1060 9015
1060 9355
1060 9696
1061 1256
1061 1439
1061 1562
1061 3884
1061 7223
1061 7897
1061 8668
1062 1879
1062 7099
1062 7260
1062 9361
1063 2819
1063 3446
1063 5265
1064 3272
1064 3315
1064 7095
1064 9156
1065 1243
1065 3567
1066 3896
1066 4206
1066 5894
1066 9328
1067 3106
1067 3719
1067 4933
1067 5809
1067 6690
1067 7673
1067 8599
1068 1145
1068 2100
1068 4771
1068 4812
1068 8238
1068 8759
1068 8878
1068 9868
1069 2859
1069 3927
1069 6661
1069 9726
1070 6360
1070 9322
1071 2073
1071 2672
1071 3260
1071 3629
1071 3921
1071 6225
1071 6425
1071 6637
1071 8353
1071 9151
1072 3212
1072 3632
1072 7234
1072 7595
1073 3908
1073 4069
1073 6697
1074 3104
1074 4717
1074 8379
1075 1569
1075 7677
1076 1821
1076 3927
1076 4901
1077 6050
1077 6260
1077 9676
1078 2654
1078 7251
1078 7696
1079 3861
1079 5988
1079 6402
1079 7038
1080 4170
1080 4376
1080 4632
1080 5337
1080 5647
1080 8099
1080 8933
1080 9995
1081 1351
1081 3598
1081 3936
1081 7346
1081 9332
1082 4147
1082 6023
1082 6958
1082 9933
1083 2947
1083 3122
1083 4152
1083 4662
1083 5881
1083 6464
1083 7882
1085 4123
1085 5555
1085 5985
1085 9805
1086 3980
1086 7359
1087 1311
1087 1564
1087 3580
1087 3918
1087 4236
1087 8551
1087 9088
1087 9941
1088 7560
1089 1323
1089 1690
1089 1950
1089 3970
1089 4835
1089 5639
1089 6965
1089 8339
1090 3538
1090 3616
1090 5906
1090 7659
1090 8128
1091 1278
1091 4375
1091 5540
1091 7291
1091 8959
1092 1567
1092 3759
1092 5375
1092 7852
1092 7933
1092 8991
1092 9685
1092 9874
1093 3079
1093 4305
1093 4561
1093 5207
1093 5908
1094 5602
1094 5666
1094 7589
1095 1290
1095 1351
1095 2807
1095 6808
1095 7061
1095 9418
1095 9657
1096 1651
1096 1791
1096 2679
1096 4353
1096 5408
1096 5944
1096 6052
1096 6887
1097 7781
1098 1751
1098 2995
1098 3513
1098 6049
1098 9072
1099 2233
1099 3229
1099 6044
1099 7132
1099 7704
1099 8790
1099 9541
1099 9735
1100 3156
1100 3354
1100 4512
1101 5915
1101 6182
1101 7649
1101 9372
1101 9520
1102 7580
1103 3583
1103 7559
1103 9667
1104 7264
1105 1639
1105 2601
1105 4680
1105 6707
1105 7012
1106 1951
1106 2371
1106 3189
1106 4128
1106 4210
1106 6281
1106 7146
1107 1109
1107 5767
1107 6334
1107 8632
1107 9304
1107 9458
1108 1248
1108 3317
1108 5166
1108 5513
1109 3361
1109 3592
1109 6805
1109 6884
1109 9590
1110 1792
1110 2849
1110 3868
1110 5385
1110 6586
1111 2721
1111 4146
1111 7643
1111 8513
1112 1449
1112 2600
1112 2907
1112 6574
1112 8156
1113 2371
1113 2554
1113 3681
1113 7293
1114 2071
1114 2211
1114 5142
1115 2329
1115 3411
1116 8775
1116 8889
1117 1980
1117 2670
1117 3834
1117 6238
1117 8096
1117 9731
1118 1371
1118 4547
1119 1816
1119 3016
1119 3186
1119 3749
1119 6962
1120 5474
1120 7793
1120 8135
1121 1984
1121 2374
1121 4638
1121 4899
1121 6093
1121 6357
1121 6787
1121 8153
1122 2414
1122 4558
1122 9978
1123 1819
1123 2151
1123 6116
1123 6167
1124 3610
1124 5770
1124 6070
1125 5433
1125 7106
1125 7295
1125 8750
1126 2475
1126 2972
1126 5574
1127 3940
1127 5542
1127 5611
1127 7521
1128 4378
1128 5137
1128 5499
1128 7455
1129 2993
1129 5597
1129 6968
1129 8346
1129 8790
1130 5182
1130 5306
1130 6568
1130 6724
1130 6784
1130 7163
1130 8744
1130 9561
1131 1644
1131 3728
1131 7073
1132 1898
1132 4721
1132 5879
1132 5920
1132 7451
1132 8604
1132 9506
1133 4397
1134 3327
1134 4831
1134 7970
1135 1264
1135 4960
1135 4975
1135 6062
1135 6238
1135 6517
1135 8828
1136 3590
1136 3806
1136 4266
1136 5583
1136 9326
1137 7371
1137 7629
1137 8266
1138 1655
1138 3320
1138 5629
1138 6457
1138 6873
1139 5332
1140 4303
1140 4944
1140 7258
1140 7849
1141 2182
1141 2321
1141 2868
1141 7154
1141 7958
1141 8060
1142 1981
1142 2557
1142 2908
1142 3038
1142 5474
1142 5963
1142 6236
1142 7043
1142 8769
1143 6000
1143 7249
1143 7557
1143 8058
1143 8969
1143 9177
1143 9742
1144 1696
1144 2996
1144 5741
1144 7890
1144 9251
1145 1499
1145 3050
1145 5338
1145 7426
1145 9462
1146 2528
1146 3623
1146 3673
1146 4128
1146 8288
1146 8897
1147 3418
1147 4712
1147 5434
1147 8065
1147 8144
1147 9144
1147 9616
1147 9871
1148 1418
1148 1666
1148 1669
1148 2016
1148 2852
1148 3752
1148 9175
1149 1738
1149 2478
1149 2773
1149 4225
1149 4719
1149 6441
1149 8742
1149 9691
1150 1174
1150 2238
1150 3193
1150 3776
1150 3978
1150 8366
1151 1538
1151 4222
1152 2867
1152 2991
1152 3140
1152 4560
1152 4600
1152 6603
1153 1872
1153 3510
1153 3635
1153 5793
1153 9086
1154 3446
1154 4428
1154 4695
1154 8717
1154 9036
1155 3763
1155 4645
1155 6083
1155 9338
1156 1941
1156 4091
1156 6736
1156 7511
1156 7685
1156 8928
1157 5099
1157 5853
1158 7222
1159 1231
1159 4548
1159 5893
1159 6292
1159 9673
1159 9850
1159 9944
1160 3571
1160 4165
1160 6472
1161 1962
1161 5477
1161 8474
1162 4948
1162 5218
1163 3884
1163 4776
1164 5149
1165 2851
1165 7529
1165 9609
1166 1189
1166 3958
1166 4054
1166 5281
1166 8641
1166 9172
1166 9196
1166 9465
1167 2509
1167 3159
1167 8028
1167 8593
1167 8778
1167 9869
1168 2875
1168 3768
1168 3813
1168 5222
1168 8688
1168 9459
1169 3816
1169 4286
1169 5141
1170 2222
1170 2844
1170 4712
1170 6777
1170 7175
1170 7284
1170 7518
1170 7639
1170 8052
1170 8153
1171 3739
1171 4467
1171 4772
1171 9511
1171 9575
1171 9813
1172 2113
1172 5534
1172 5855
1172 6082
1172 6105
1172 6424
1172 8619
1172 9948
1173 3588
1173 6091
1173 6136
1173 6855
1173 8651
1174 7597
1174 8776
1175 1322
1175 2738
1175 5704
1175 6747
1175 8788
1175 8939
1176 3816
1176 5311
1176 7919
1176 9584
1177 1816
1177 3431
1177 3533
1177 8146
1177 9065
1178 2921
1178 6904
1178 7823
1178 8445
1179 3387
1179 3503
1179 5501
1179 9580
1180 1805
1180 2516
1180 4220
1180 7111
1180 8043
1181 1677
1181 2168
1181 3290
1181 3973
1181 5499
1181 6077
1181 6988
1181 8106
1181 9037
1182 1330
1182 1419
1182 4525
1182 5960
1182 6871
1182 7943
1183 1605
1183 2144
1183 2147
1183 2700
1183 6563
1183 7505
1184 3041
1184 3625
1184 4444
1184 7089
1184 7785
1184 7829
1184 7876
1184 9149
1184 9603
1185 1480
1185 2103
1185 6373
1185 8045
1185 8057
1185 8588
1185 9664
1186 2795
1186 4076
1186 6372
1186 6857
1186 9710
1187 3656
1187 5443
1187 8080
1187 8223
1188 5681
1188 8046
1188 8896
1189 5080
1189 5547
1189 5935
1189 8398
1189 8423
1189 9160
1190 2713
1190 3354
1190 6017
1190 6020
1190 8536
1190 8778
1190 8809
1191 4701
1191 5108
1191 6016
1192 1422
1192 3093
1192 3380
1192 3392
1192 5540
1192 7194
1192 7413
1192 9080
1194 3713
1194 4099
1194 4153
1194 5332
1194 5862
1194 8539
1195 2320
1195 2574
1195 3267
1195 3481
1195 3573
1195 5317
1195 6572
1195 8111
1196 5515
1196 6359
1196 8816
1196 9341
1196 9868
1197 3708
1197 8696
1198 6928
1198 9678
1199 3504
1199 5470
1199 6523
1199 7959
1199 8842
1199 9559
1199 9696
1200 7668
1200 8184
1201 2891
1202 4721
1202 5415
1202 5919
1202 8495
1203 1516
1203 2050
1203 2056
1203 2521
1203 4005
1203 5391
1203 8959
1204 2425
1204 5598
1204 6004
1204 8738
1205 2185
1205 3003
1205 3282
1205 3994
1205 6744
1205 8545
1206 1397
1206 4137
1206 4516
1206 7571
1206 8804
1206 9457
1207 1956
1207 2231
1207 3113
1207 4363
1207 5020
1207 9702
1208 1219
1208 1315
1208 2287
1208 3436
1208 4228
1208 6812
1208 8494
1208 8810
1209 2496
1209 3297
1209 3854
1209 4933
1209 6010
1209 8999
1209 9591
1210 1791
1210 3157
1210 3483
1210 4462
1210 4643
1210 5067
1211 3354
1211 3687
1211 4777
1211 4969
1211 5863
1211 7564
1211 9748
1211 9889
1212 4561
1212 7073
1213 1223
1213 3526
1213 3868
1213 4185
1213 5118
1214 7338
1214 7727
1214 8173
1214 8508
1214 9358
1215 1746
1215 2416
1215 2445
1215 2466
1215 6250
1215 8786
1216 1448
1216 3480
1217 4649
1217 4656
1217 4944
1217 5461
1217 5804
1217 9037
1217 9172
1218 1673
1218 2050
1218 2392
1218 3390
1218 3393
1218 6980
1218 9507
1218 9894
1219 2749
1219 3696
1219 6407
1219 7256
1219 8989
1219 9442
1220 5363
1220 6302
1220 6415
1220 7138
1220 9326
1220 9703
1220 9750
1220 9813
1221 1777
1221 2317
1221 5953
1221 6512
1221 7753
1221 8475
1221 9190
1222 2601
1222 3091
1222 3775
1222 4102
1222 5955
1222 6934
1223 2679
1224 2407
1224 2875
1224 4119
1224 7955
1225 1249
1225 2608
1225 3070
1225 3260
1225 6626
1225 9546
1226 3872
1226 5206
1226 6958
1226 8374
1226 8787
1227 2147
1227 4602
1227 5378
1227 6769
1227 7066
1228 1316
1228 2608
1228 2848
1228 3088
1228 5265
1229 6673
1229 8260
1230 1953
1230 8426
1230 9815
1231 4158
1232 3258
1232 4210
1232 5071
1232 6747
1232 7864
1232 9659
1233 5303
1233 5709
1233 5948
1233 8500
1234 1812
1234 2140
1234 3858
1234 4701
1234 9458
1235 1564
1235 2522
1235 3919
1235 7640
1236 2709
1236 4868
1236 6463
1236 8370
1236 8698
1236 8982
1237 1671
1237 7493
1237 9045
1238 5167
1238 8817
1238 9608
1239 1783
1239 3872
1239 9367
1240 3251
1240 4092
1240 4349
1240 5510
1240 5984
1240 7281
1240 8474
1241 1388
1241 4283
1241 4484
1241 6801
1242 1600
1242 3806
1242 8294
1242 8542
1243 2335
1243 4793
1243 5669
1243 7676
1244 1286
1244 4819
1244 7891
1244 8273
1244 8930
1245 5033
1245 6208
1245 6216
1245 6764
1245 9052
1245 9115
1245 9876
1245 9889
1246 5396
1246 6413
1247 3948
1247 7964
1248 3670
1248 4724
1248 6798
1248 8365
1249 3197
1249 4002
1249 4091
1249 6822
1249 7957
1250 2984
1250 3690
1250 6205
1250 8743
1251 1455
1251 2566
1251 7017
1251 7083
1251 8903
1251 9939
1252 6012
1252 6102
1252 6335
1252 6844
1253 1587
1253 4777
1253 6173
1253 8042
1253 8595
1253 9179
1253 9754
1254 3393
1254 5435
1254 7873
1254 8071
1254 8979
1255 4958
1255 7520
1255 9358
1255 9921
1256 6401
1257 1272
1257 3374
1257 7942
1257 8352
1258 2207
1258 3110
1258 4599
1258 6521
1258 8812
1259 2085
1259 2832
1259 3160
1259 4667
1259 5861
1259 6072
1259 7335
1259 7399
1259 8236
1259 8987
1259 9015
1260 1552
1260 2152
1260 2284
1260 2376
1260 2942
1260 3384
1260 5899
1260 6133
1260 6527
1260 7083
1261 2343
1261 4276
1261 4886
1262 1551
1262 2870
1262 8184
1262 8469
1263 4398
1263 4571
1263 7917
1263 7967
1264 1397
1264 2628
1264 4315
1264 5571
1264 8880
1265 6258
1266 1507
1266 3404
1266 4155
1266 4411
1266 6191
1267 1852
1267 3701
1267 4573
1268 4083
1268 5532
1269 1607
1269 3381
1269 3755
1269 7439
1269 7902
1269 8148
1269 8886
1269 9869
1270 5327
1270 6695
1271 2593
1271 4461
1271 6257
1271 6455
1272 1875
1272 3815
1272 5447
1272 7099
1272 7236
1272 9188
1273 1313
1273 1492
1273 1703
1273 4346
1273 4931
1273 7688
1274 2468
1274 5062
1274 5749
1274 7223
1275 1605
1275 2169
1275 6676
1276 1624
1276 2059
1276 2328
1276 5522
1276 9223
1277 3166
1277 3571
1277 5288
1277 5590
1278 2331
1278 2649
1278 4517
1279 1699
1279 5254
1279 8566
1279 9055
1280 4470
1280 5495
1280 5992
1280 7138
1280 8245
1280 8292
1280 9423
1281 1569
1281 2067
1281 7026
1281 9267
1282 2073
1282 4323
1282 5420
1282 6415
1282 7953
1282 8862
1283 2237
1283 2519
1283 9441
1284 3008
1284 3353
1284 3791
1284 3904
1284 4114
1284 4447
1284 6269
1284 7526
1284 8599
1285 3172
1285 3800
1285 6059
1286 2161
1286 3062
1286 5505
1286 9320
1286 9377
1287 1428
1287 3006
1287 5782
1288 5081
1288 5328
1289 3154
1289 4154
1289 4227
1289 5369
1290 7734
1290 9255
1291 3850
1291 4100
1291 4417
1291 7856
1291 8985
1292 2214
1292 3309
1293 4411
1293 5703
1293 6615
1293 6828
1294 2485
1294 6018
1294 6657
1294 9050
1294 9980
1295 1740
1295 1900
1295 2022
1295 8049
1296 3072
1296 6968
1296 7440
1296 8442
1297 1687
1297 3751
1297 3953
1298 5824
1298 7502
1298 8406
1299 3494
1299 4982
1299 5196
1299 9287
1299 9757
1300 1905
1300 6427
1300 9911
1301 1469
1301 2252
1301 3203
1301 6258
1301 9799
1302 2533
1302 5962
1302 9411
1303 3846
1303 4080
1303 4707
1303 4717
1303 5047
1303 6409
1303 8306
1303 9664
1304 2705
1304 3098
1304 3810
1304 6309
1304 7277
1304 9603
1304 9606
1304 9803
1305 2874
1305 5144
1305 5908
1306 1410
1306 3210
1306 4594
1306 4796
1306 5911
1306 6448
1306 7236
1306 7923
1306 8205
1306 8462
1307 1508
1307 3176
1307 5613
1307 5682
1307 7311
1307 8597
1307 8851
1307 9143
1307 9618
1308 3629
1308 5418
1308 7547
1308 9496
1309 2003
1309 2245
1309 3382
1309 5391
1309 6410
1309 9297
1310 4359
1310 5576
1310 5798
1310 6445
1310 8004
1310 9409
1311 2613
1311 3288
1311 5353
1311 5422
1311 5588
1311 7137
1311 7558
1312 4983
1312 8274
1312 8542
1312 8954
1312 9073
1313 3524
1313 4432
1313 4725
1313 5814
1313 7125
1313 8491
1313 9208
1314 4502
1314 5666
1314 7783
1314 9842
1315 1344
1315 4208
1315 4279
1316 3036
1316 3936
1316 4304
1316 4538
1316 6861
1316 7534
1316 8444
1316 8476
1316 8935
1317 1633
1317 5125
1317 7410
1318 1744
1318 3649
1318 7548
1318 9015
1318 9327
1319 5561
1319 5567
1319 6569
1319 6750
1319 8325
1319 9592
1320 2703
1320 4829
1320 5574
1320 7563
1320 8307
1320 9034
1321 1914
1321 2134
1321 2930
1321 4870
1321 9417
1322 4132
1322 4526
1322 8779
1322 9864
1323 3780
1323 4976
1323 6513
1323 7702
1323 8260
1323 9668
1324 2716
1324 3631
1324 5305
1324 8040
1324 9178
1325 6461
1325 6907
1325 7769
1325 8147
1326 1698
1326 2957
1327 3246
1327 5613
1328 2841
1328 3965
1329 1860
1329 2391
1329 3427
1329 3734
1329 5308
1329 5366
1329 9156
1329 9967
1330 3477
1330 5300
1330 9816
1331 1637
1331 3743
1331 5213
1331 7081
1331 7965
1331 8134
1331 8739
1332 3229
1332 3945
1332 7368
1333 2505
1333 4230
1333 6613
1333 6704
1333 7778
1333 8202
1333 9048
1333 9337
1334 3953
1334 6843
1334 6922
1334 9394
1336 4960
1336 5083
1336 5199
1336 7159
1337 4687
1337 6270
1337 8896
1338 6655
1338 7684
1338 8059
1338 8156
1339 4931
1339 8462
1339 8947
1340 1356
1340 1551
1340 2717
1340 5633
1340 6373
1340 7004
1341 1972
1341 3958
1341 6671
1341 7630
1342 2612
1342 5136
1342 5290
1342 5531
1342 8169
1343 2125
1343 2973
1343 5367
1343 7103
1343 7855
1344 5827
1344 6214
1344 7529
1344 9889
1345 5706
1345 6218
1345 6644
1345 8441
1346 1951
1346 4646
1346 9081
1346 9637
1347 3535
1347 3784
1347 8464
1348 3033
1348 5597
1349 6192
1349 6507
1349 7190
1349 8901
1349 9867
1350 1517
1350 3426
1351 7991
1352 3163
1352 4308
1352 4654
1352 5648
1352 8980
1353 5979
1353 6652
1353 7942
1354 4081
1354 8023
1355 3461
1355 4002
1355 5339
1355 5860
1355 6536
1355 9742
1356 4791
1356 5005
1356 6798
1356 9588
1357 5399
1357 5774
1357 7561
1357 8835
1358 1779
1358 6923
1358 8838
1358 9115
1359 8201
1360 1889
1360 4270
1360 5502
1360 8076
1361 2667
1361 4081
1361 4622
1361 7004
1361 7413
1361 7425
1361 8867
1363 2390
1363 4024
1363 5304
1363 7867
1363 9247
1364 5126
1364 6333
1364 8948
1365 1697
1365 2878
1365 3872
1365 4575
1365 4995
1365 6357
1365 8599
1366 4910
1366 6236
1366 8825
1367 2873
1367 3736
1367 4513
1367 6733
1368 2554
1368 3469
1368 6845
1368 7860
1368 8477
1369 3644
1369 4311
1369 5728
1370 4205
1370 4342
1370 5154
1370 5223
1370 6745
1370 8195
1370 8201
1370 9272
1371 3488
1371 3720
1371 5619
1371 7732
1371 8639
1371 8798
1372 1990
1372 3956
1372 4399
1372 4984
1372 8721
1373 7125
1373 7288
1373 8874
1374 4935
1374 8873
1375 2062
1375 7335
1375 9732
1375 9853
1376 1897
1376 2428
1377 3716
1377 4603
1377 5119
1377 5516
1377 6008
1377 7738
1377 7787
1377 9576
1378 3895
1378 5972
1379 4101
1379 4104
1379 4938
1379 8327
1379 8969
1380 4584
1380 5615
1380 5768
1380 5902
1380 7187
1381 1611
1381 1945
1381 3152
1381 6776
1381 7488
1381 8451
1382 5851
1382 8456
1382 8544
1383 2120
1383 2789
1383 4015
1383 4497
1383 4500
1383 5444
1383 6988
1383 8625
1383 9271
1384 3535
1385 3241
1385 3672
1385 5027
1385 6962
1385 7833
1386 3515
1386 5671
1386 6671
1386 8001
1387 1582
1387 6692
1387 8421
1387 9574
1388 3132
1388 5703
1388 8625
1388 9975
1389 4274
1389 7157
1389 8239
1390 4392
1390 6760
1390 8723
1391 3885
1391 3899
1391 5181
1391 5911
1391 7694
1391 8355
1391 9657
1392 1519
1392 3072
1392 3912
1392 5822
1392 9101
1393 1802
1393 2230
1393 4058
1393 5109
1393 5394
1393 8801
1393 9735
1394 3245
1394 3833
1394 4994
1394 5359
1394 5585
1394 5996
1394 6716
1394 6780
1395 2173
1395 3077
1395 5304
1395 6832
1395 8181
1396 3626
1396 4459
1396 5005
1396 9184
1397 2310
1397 3616
1397 4458
1397 5455
1397 5530
1397 8245
1397 8781
1397 9848
1398 1484
1398 2182
1398 3414
1398 3597
1398 4848
1399 1720
1399 4379
1399 5958
1399 9130
1400 2765
1400 4228
1400 5169
1400 8605
1400 9235
1400 9317
1400 9905
1401 1789
1401 3394
1401 7259
1401 8081
1402 1427
1402 2184
1402 3335
1402 4034
1402 5201
1402 8660
1402 9405
1403 5460
1403 7476
1403 8267
1404 3328
1404 3759
1404 3931
1404 9393
1405 2132
1405 2217
1405 5619
1405 6549
1405 7976
1405 9025
1406 4857
1406 7438
1406 8208
1407 1822
1407 2210
1407 3722
1407 4411
1407 5239
1407 5746
1407 6197
1407 6434
1408 2745
1408 3171
1408 4781
1408 5536
1408 5645
1408 5917
1408 8366
1408 8419
1408 8894
1409 3232
1409 7689
1410 6683
1411 4789
1411 4885
1411 5677
1411 5769
1411 7607
1412 2456
1412 3776
1412 4551
1412 5953
1412 8058
1412 8301
1413 1702
1413 1857
1413 3815
1413 5901
1414 1656
1414 2473
1414 5737
1414 7693
1415 3590
1415 6093
1415 7045
1416 5456
1416 7161
1416 7776
1416 7875
1416 8073
1416 9004
1417 2672
1417 4366
1417 4812
1417 5307
1417 5767
1417 6582
1418 4445
1418 4870
1418 5463
1418 8902
1419 7674
1419 9822
1420 1826
1420 2057
1420 4176
1420 4191
1420 6713
1420 7923
1421 9619
1422 1612
1422 2429
1422 5276
1423 2986
1423 3464
1423 3608
1423 6555
1423 8915
1424 3656
1424 6652
1425 2695
1425 2870
1425 3181
1425 5074
1426 3700
1426 5016
1426 8945
1426 9173
1426 9590
1427 2198
1427 2328
1427 4352
1427 4786
1427 6109
1427 6633
1427 6744
1427 8447
1427 8981
1428 2177
1428 6250
1428 8103
1429 3515
1429 7958
1429 8667
1430 1936
1430 5751
1430 6077
1430 9074
1431 1455
1431 1594
1431 3465
1431 4172
1431 6297
1431 7205
1432 5160
1432 5286
1432 9113
1433 2820
1433 4267
1433 5226
1433 9502
1434 2778
1434 4064
1434 4097
1434 5265
1434 5913
1434 7606
1435 1517
1435 3362
1435 3956
1435 8134
1435 9305
1436 6616
1436 6701
1436 6991
1436 7286
1436 9408
1437 7464
1437 8954
1438 2284
1438 2629
1438 3182
1438 3251
1438 3504
1438 7362
1439 1578
1439 2241
1439 4016
1439 5798
1439 7135
1439 8148
1439 8957
1439 9031
1440 2077
1440 7175
1440 9569
1441 1855
1441 2230
1441 3512
1441 6519
1441 7105
1442 2029
1442 4995
1442 8099
1442 8411
1443 1965
1443 6849
1443 7263
1444 6268
1444 8087
1445 4635
1445 4772
1445 4884
1445 7718
1446 3008
1446 4341
1446 7718
1446 9485
1446 9593
1447 1881
1447 3097
1447 3579
1447 9849
1447 9909
1448 4418
1448 6542
1448 7222
1448 8008
1449 2245
1449 6198
1449 8475
1450 4965
1450 5380
1450 7691
1450 9448
1451 3338
1451 3916
1451 5415
1451 6011
1451 6366
1452 3141
1452 4107
1452 6822
1452 9494
1453 9437
1454 2488
1454 2687
1454 3036
1454 5178
1454 6026
1454 8703
1454 8991
1454 9270
1454 9426
1454 9859
1455 3759
1455 7720
1455 8487
1456 2035
1456 9073
1456 9126
1456 9819
1456 9941
1457 1628
1457 2149
1457 2550
1457 5643
1457 7446
1457 7562
1457 7821
1457 9632
1458 2271
1458 6193
1458 7504
1458 9458
1458 9470
1458 9639
1459 3763
1459 5348
1459 5589
1459 9688
1460 3462
1461 1626
1461 3935
1461 6290
1462 2497
1462 2671
1462 2928
1462 3423
1462 3572
1462 6246
1462 6883
1463 1553
1463 3029
1464 7521
1465 2726
1465 3819
1465 8905
1465 9000
1466 2460
1466 3810
1466 6967
1466 9766
1466 9881
1467 4193
1467 7779
1467 9667
1468 4056
1468 5523
1468 6215
1468 7352
1468 8286
1468 9529
1469 2665
1469 2771
1469 6904
1471 2337
1471 5077
1471 8718
1472 7593
1472 9478
1473 4458
1473 4482
1473 4917
1473 5010
1473 8430
1474 1646
1474 6821
1474 9349
1474 9707
1475 1904
1475 1947
1475 3582
1475 6651
1475 7063
1475 7165
1475 7180
1475 8656
1475 9625
1476 3958
1477 2081
1477 2418
1477 4791
1477 6073
1477 7054
1477 8482
1477 8637
1477 9792
1478 1793
1478 2182
1478 5106
1478 6522
1478 7185
1479 2855
1479 5825
1479 6636
1480 4479
1480 5760
1480 6684
1480 7016
1481 7672
1482 4316
1482 5165
1482 5554
1482 6473
1482 7069
1482 7892
1482 8428
1483 3741
1483 5075
1483 5699
1483 7552
1484 1857
1484 7435
1484 8916
1485 3402
1485 4117
1485 4297
1485 7061
1485 8841
1486 3822
1486 5430
1486 6914
1486 7001
1486 7742
1487 3917
1487 5170
1487 6537
1487 6829
1487 8270
1488 1743
1488 1812
1488 2103
1488 5064
1489 1542
1489 2483
1489 5690
1489 7173
1489 8626
1490 3055
1490 3989
1490 4008
1490 4086
1490 4946
1490 7197
1491 7243
1491 8767
1492 1795
1492 8967
1493 1697
1493 4369
1493 6874
1494 2369
1494 5478
1494 7625
1494 7790
1494 9332
1494 9752
1495 2889
1495 2996
1495 5674
1495 7727
1495 9856
1496 2263
1496 4237
1496 4767
1496 9628
1496 9687
1497 1753
1497 4545
1497 6343
1497 6454
1497 7819
1498 3320
1498 3361
1498 9051
1498 9361
1499 2698
1499 4800
1499 6118
1500 2412
1500 7622
1500 9041
1500 9054
1501 2200
1501 8242
1501 9277
1502 2036
1502 6383
1502 7083
1502 8621
1502 9951
1503 7085
1504 2617
1504 4545
1504 8268
1505 3583
1505 4137
1505 4462
1505 6810
1505 7363
1505 7662
1505 9600
1506 9198
1507 2028
1507 2635
1507 9369
1508 2728
1508 4700
1508 5340
1508 5619
1508 6413
1509 1714
1509 8925
1510 1733
1510 2038
1510 2721
1511 2491
1511 3320
1511 4056
1511 4820
1511 6245
1511 8824
1512 3554
1512 4055
1512 5051
1512 8550
1512 9256
1513 5072
1513 5923
1513 7443
1513 8010
1513 8964
1513 9283
1513 9994
1514 3216
1514 3482
1514 5084
1514 8290
1515 3236
1515 5999
1515 7234
1516 1744
1516 5415
1516 6715
1516 7253
1516 7374
1516 7793
1518 1906
1518 3650
1518 6871
1519 4026
1519 4818
1519 5058
1519 6395
1520 6035
1520 9103
1520 9733
1521 3059
1521 3772
1521 4353
1521 4396
1521 5528
1521 6274
1521 6454
1521 6675
1521 6862
1521 8021
1521 8605
1522 1961
1522 4454
1522 4495
1522 4700
1522 4755
1522 5370
1522 7250
1523 4559
1523 7792
1523 9025
1524 2452
1524 5361
1524 9193
1525 1820
1525 4969
1526 5609
1526 8823
1526 9219
1527 1582
1527 1907
1527 5843
1527 8996
1527 9323
1528 4260
1528 4352
1528 5487
1528 7450
1529 4177
1529 4589
1529 7305
1529 7378
1530 3333
1530 4059
1530 4243
1531 2792
1531 5342
1531 7818
1531 8213
1532 4303
1532 5946
1532 8778
1533 2053
1533 4466
1533 8199
1533 8887
1534 6034
1535 2531
1535 3166
1535 5203
1535 5384
1535 7239
1535 7826
1535 9149
1536 2459
1536 7187
1536 9407
1537 6590
1537 7249
1538 2527
1538 5121
1538 5222
1539 1885
1539 2395
1539 4539
1539 4840
1539 6750
1539 7953
1539 9201
1540 5890
1540 6231
1541 2379
1541 4238
1541 7472
1542 3315
1542 6056
1542 7759
1542 8861
1542 9272
1543 4251
1543 5597
1543 5774
1543 8538
1544 2431
1544 5439
1544 6113
1544 6197
1544 9321
1545 3199
1545 8693
1546 2804
1546 8443
1546 9336
1547 1566
1548 4698
1548 5670
1548 5833
1548 6187
1548 7822
1549 6127
1550 2739
1550 3494
1550 3925
1550 4799
1550 6681
1550 7135
1550 7411
1550 7573
1550 8253
1550 8660
1551 3447
1551 8240
1552 6179
1552 6934
1552 8285
1552 9532
1553 5107
1553 5353
1553 9001
1554 2104
1554 2354
1554 2618
1554 6732
1556 1969
1556 3575
1556 5716
1557 1618
1557 3250
1557 4564
1557 5652
1557 5988
1557 6927
1557 8448
1557 9679
1558 3193
1558 5095
1558 7903
1558 9944
1559 2819
1559 4632
1559 6891
1559 9382
1560 2450
1560 2504
1560 4656
1560 5332
1560 6858
1561 1766
1561 3656
1561 4139
1561 5355
1561 5658
1561 6832
1561 8205
1561 9908
1562 4660
1562 4717
1562 5488
1562 6110
1562 7054
1562 8184
1563 2081
1563 2742
1563 3799
1563 5853
1563 5975
1563 6751
1563 7968
1564 8364
1565 3322
1565 4660
1565 5618
1565 5916
1565 6497
1565 6936
1565 7651
1565 9913
1566 1952
1566 2317
1566 2960
1566 6818
1566 7135
1566 7855
1566 8366
1566 9993
1567 5142
1567 9421
1568 3156
1568 6480
1568 9592
1569 1839
1569 5997
1569 7697
1569 7969
1570 1734
1570 1972
1570 2780
1570 3072
1570 7056
1570 7974
1570 8185
1570 8678
1570 8695
1571 2017
1571 2347
1571 2536
1571 6113
1571 6275
1571 6317
1571 8067
1571 9015
1571 9086
1572 6562
1572 7032
1572 7088
1572 7765
1572 8768
1572 9490
1573 3470
1573 7038
1573 8963
1573 9472
1574 5079
1574 7644
1575 2779
1575 4254
1575 5415
1575 6469
1575 6865
1575 7422
1576 2833
1577 7218
1577 7950
1577 8824
1577 9377
1578 5246
1578 7967
1578 8102
1578 8263
1579 2090
1579 2491
1579 3809
1579 8230
1580 5333
1580 8442
1580 8788
1581 3874
1581 4487
1582 4287
1582 4864
1582 7907
1582 8905
1583 2612
1583 5483
1583 6572
1583 7036
1583 8191
1583 9589
1584 2369
1584 2625
1584 3003
1584 8517
1585 1637
1585 3293
1585 5184
1585 5574
1586 3228
1586 3658
1586 3665
1586 6832
1587 4054
1587 4392
1587 5052
1587 7181
1587 9986
1588 2700
1588 9828
1588 9953
1588 9987
1589 1963
1589 5045
1589 7190
1589 7830
1589 8224
1589 8352
1590 4293
1590 8607
1590 8958
1591 2778
1591 3953
1591 3961
1591 5574
1591 5741
1591 6525
1591 7081
1591 8909
1591 9089
1592 3455
1592 3701
1592 6291
1592 8381
1592 8491
1592 9832
1593 5599
1593 8023
1593 8231
1593 9611
1594 2406
1594 2949
1594 4456
1594 6827
1595 3143
1595 5127
1596 3530
1596 4834
1596 5129
1596 6141
1596 6172
1596 8306
1596 8589
1597 2273
1597 6040
1598 3360
1598 3639
1598 4243
1598 7490
1598 8279
1599 3365
1599 5234
1599 6740
1600 4125
1600 4332
1600 5359
1600 6096
1600 6657
1600 6807
1600 9578
1601 2625
1601 4462
1601 5488
1601 7139
1601 7345
1601 9046
1601 9448
1601 9683
1602 3024
1602 4930
1602 8141
1602 9372
1603 5627
1603 6361
1605 1872
1605 2830
1605 7362
1606 5464
1606 6175
1607 3290
1607 6390
1608 2461
1608 2862
1608 3770
1608 5638
1608 7544
1609 4695
1609 5660
1609 6254
1610 2704
1610 5404
1610 6828
1610 7390
1610 7689
1611 3704
1612 1807
1612 2778
1612 5287
1613 3095
1613 5453
1613 6788
1614 2160
1614 4419
1614 8746
1615 7649
1615 9290
1615 9703
1616 1696
1616 2254
1616 2432
1616 5959
1616 7291
1616 9226
1617 5922
1617 6600
1617 6877
1617 7446
1617 7504
1617 8703
1617 9475
1618 1737
1618 2523
1618 2817
1618 5625
1618 6335
1618 7997
1618 9445
1618 9728
1619 6311
1619 7650
1619 7842
1620 2666
1620 5194
1620 5709
1620 6408
1620 7902
1620 9810
1621 3170
1621 8681
1622 2655
1622 6160
1622 6481
1622 6626
1622 6947
1623 4521
1623 7099
1624 1963
1625 3472
1625 6911
1626 5014
1626 5883
1626 6437
1627 1974
1627 2848
1627 5880
1627 6371
1627 9044
1628 2483
1628 2600
1628 4363
1629 1790
1629 2063
1629 2352
1629 4689
1630 3155
1631 7526
1631 7805
1631 8880
1631 9319
1631 9617
1632 3429
1632 5357
1632 6685
1632 7642
1633 4294
1633 9331
1633 9448
1633 9878
1634 1868
1634 8824
1634 8958
1634 9747
1635 3772
1635 3937
1635 6431
1635 7820
1635 8763
1636 1983
1636 2127
1636 3216
1636 4796
1636 5008
1636 7251
1637 3836
1637 5305
1637 7737
1637 8385
1638 2077
1638 3599
1638 5240
1638 9191
1639 2080
1639 5260
1639 5435
1639 6069
1639 9461
1640 3528
1641 9544
1642 2755
1642 4424
1642 6411
1642 8167
1642 9460
1643 3517
1643 6826
1644 1909
1644 5186
1644 6895
1644 8591
1645 7244
1646 2127
1646 6860
1646 8694
1647 3245
1647 6020
1647 9370
1648 2751
1648 7998
1649 5156
1649 7778
1649 9646
1650 5928
1650 6115
1650 7227
1650 8452
1651 3912
1651 5133
1651 5613
1651 7639
1651 8277
1651 9620
1652 2328
1652 6584
1652 7211
1652 7817
1652 9823
1653 2405
1653 2780
1653 4332
1654 2457
1654 3934
1654 5325
1654 8905
1654 9098
1655 4711
1655 5623
1655 6235
1655 7366
1655 8000
1655 8191
1655 8365
1655 9219
1655 9925
1656 2800
1656 9223
1656 9667
1657 2596
1657 4127
1657 8240
1657 8578
1658 1762
1658 7095
1659 4793
1659 5522
1659 5935
1659 6086
1660 3513
1660 4340
1660 4543
1660 5194
1660 7196
1660 8177
1660 8256
1661 1946
1661 1967
1661 4803
1661 6463
1661 6775
1661 7625
1661 8937
1662 3958
1662 6182
1662 9938
1663 3876
1663 8654
1663 8841
1664 2030
1664 2158
1664 4886
1664 6130
1664 6343
1664 7030
1664 7159
1665 4695
1665 6792
1665 7263
1665 9802
1666 1975
1666 3662
1666 3996
1666 5562
1666 8200
1667 2860
1667 3324
1667 7053
1667 7967
1667 9373
1668 5645
1668 6810
1669 4186
1669 9238
1669 9890
1670 2372
1670 8029
1671 3786
1671 3843
1671 4135
1671 8007
1672 7625
1673 1788
1673 1987
1673 5103
1673 5789
1673 6282
1673 8531
1673 8818
1674 5461
1674 7561
1674 9434
1675 5107
1675 6237
1675 7417
1676 4519
1676 4994
1676 7935
1676 8287
1676 8604
1676 9358
1677 4551
1677 5277
1677 6053
1677 8550
1678 5214
1678 5588
1678 6031
1678 8799
1679 3082
1679 4711
1679 5284
1680 1815
1680 6187
1680 7274
1680 7702
1680 8084
1680 9492
1681 4814
1681 5777
1681 8974
1682 3638
1682 4753
1683 1684
1683 2001
1683 2814
1683 3288
1683 3844
1683 8399
1683 9624
1684 2038
1684 6697
1684 7881
1685 1689
1685 5495
1685 7194
1685 8282
1686 2338
1686 3131
1686 4323
1686 4561
1686 5461
1686 8847
1686 9781
1687 4929
1687 5023
1687 8071
1687 8982
1688 4206
1688 5261
1688 6377
1689 3462
1689 7264
1690 2334
1690 6583
1690 6809
1690 7219
1690 9416
1691 1985
1691 2534
1691 4332
1691 6653
1691 7211
1692 3958
1692 4619
1692 5064
1692 6382
1693 2774
1693 5886
1693 7702
1693 8164
1694 9770
1695 2386
1695 3055
1695 5230
1695 9986
1696 4417
1696 7670
1696 8498
1697 2674
1697 3607
1697 6119
1697 8931
1698 2492
1698 5508
1698 5988
1698 8645
1699 5369
1699 6442
1699 6806
1699 8880
1699 9133
1699 9760
1700 4725
1700 4770
1700 6663
1700 8509
1701 3067
1701 4093
1701 6083
1701 6702
1702 4170
1703 3301
1703 3940
1703 4273
1703 6771
1703 6781
1703 7029
1703 9139
1703 9591
1704 2635
1704 4844
1704 5665
1704 6325
1704 6688
1704 7006
1704 7284
1705 3237
1705 7013
1705 7200
1706 8384
1706 8413
1706 9910
1707 3995
1707 7222
1707 7717
1708 4930
1708 5869
1708 7259
1708 8560
1708 8759
1708 9273
1708 9307
1708 9560
1708 9825
1709 3814
1709 6807
1709 6977
1709 7376
1709 7790
1709 8527
1710 1739
1710 2590
1710 4333
1710 5028
1710 6423
1710 7152
1710 7720
1710 8328
1710 8566
1710 9875
1711 2214
1711 2972
1711 4697
1711 7486
1711 9940
1712 3681
1712 4489
1712 8880
1712 9524
1713 6412
1713 6577
1714 3475
1714 6414
1714 7375
1714 8163
1715 3050
1715 6440
1715 6835
1715 9563
1715 9845
1716 2103
1716 2287
1716 5292
1716 5949
1716 6622
1716 7969
1716 8197
1716 8514
1716 8805
1716 9574
1717 3045
1717 3220
1717 4205
1717 6530
1718 4661
1718 8033
1718 9270
1718 9494
1718 9500
1719 6725
1719 8649
1719 8916
1719 9445
1720 5170
1720 7564
1720 9885
1721 5408
1721 6455
1721 6801
1721 8852
1722 2410
1722 4089
1722 4909
1722 8395
1722 8696
1723 4622
1723 8279
1724 2349
1724 4696
1724 5239
1724 7169
1724 8353
1724 8421
1725 4620
1725 5721
1725 7185
1726 2254
1726 3717
1726 4100
1726 4648
1726 4840
1726 4929
1726 5121
1726 7429
1726 7782
1727 2082
1727 4416
1727 7213
1728 3272
1728 3344
1728 4709
1728 5750
1728 7399
1728 8507
1728 8646
1729 2107
1729 2493
1729 2544
1729 3896
1729 5665
1729 7354
1729 7447
1729 7978
1730 2828
1730 3035
1730 4599
1730 6936
1730 7961
1731 2018
1731 2131
1731 2268
1731 3270
1731 4674
1731 6238
1731 8221
1731 9534
1731 9536
1732 2924
1732 5206
1732 6388
1732 7585
1732 9602
1733 2142
1733 3275
1733 4576
1733 6212
1733 6796
1733 7062
1733 7572
1733 9091
1733 9464
1734 2243
1734 4756
1734 5581
1734 5796
1734 5950
1734 8099
1734 9537
1735 4001
1735 5180
1735 7694
1736 2430
1736 3622
1736 4259
1736 5074
1736 6925
1737 3790
1737 6152
1737 7568
1737 9139
1738 1842
1738 2115
1738 3359
1739 1964
1739 3665
1739 5711
1740 1775
1740 3217
1740 3333
1740 5334
1740 6594
1740 8075
1740 8468
1740 8691
1740 9353
1741 1937
1741 4321
1741 4797
1741 7967
1742 4817
1742 6295
1743 2926
1743 4767
1743 6147
1743 7731
1743 7932
1744 2176
1744 4241
1744 6876
1745 3460
1745 5174
1745 5276
1745 5592
1745 8403
1745 9367
1746 2497
1746 3558
1746 4153
1746 8006
1746 8693
1746 9047
1746 9576
1747 6689
1747 7227
1747 8731
1748 1915
1748 3473
1748 4165
1748 4360
1748 7097
1748 7948
1748 9189
1748 9260
1748 9525
1749 2285
1749 3594
1749 4942
1750 2295
1750 3870
1750 4171
1752 5038
1752 5154
1752 7414
1753 3438
1753 7292
1753 7323
1753 8353
1754 1861
1754 2095
1754 3318
1754 5957
1754 6763
1755 2637
1755 5141
1755 8416
1756 2958
1756 3682
1756 6624
1756 7491
1756 9380
1756 9512
1756 9790
1757 9040
1758 2573
1758 3522
1758 5010
1758 8609
1759 4659
1759 6352
1759 7085
1759 7546
1759 9581
1760 6383
1760 8520
1760 8960
1760 9981
1761 3204
1761 4600
1761 6001
1761 7944
1761 8565
1762 3001
1762 4399
1762 5332
1762 5698
1762 9916
1763 5170
1763 8608
1764 3874
1764 7056
1764 8304
1764 8507
1764 9280
1765 5596
1765 6836
1765 8452
1766 2512
1766 4672
1766 9728
1767 1995
1767 5784
1767 7324
1767 9125
1768 5330
1768 6255
1768 7722
1768 8608
1769 3795
1769 4345
1769 4723
1769 6757
1769 7849
1769 9395
1770 5427
1770 6754
1770 6758
1770 7372
1770 8361
1770 9116
1771 3140
1771 3595
1771 8934
1772 3186
1772 3385
1772 4746
1773 3849
1773 4243
1773 4584
1774 2077
1774 2470
1774 3080
1774 5034
1774 9389
1775 4886
1775 6456
1775 6797
1775 7095
1775 7447
1775 8514
1775 9375
1776 4358
1776 6989
1776 8234
1777 1908
1777 3326
1777 5820
1777 7774
1777 8670
1778 2047
1778 2909
1778 5010
1778 5157
1778 8662
1779 3793
1779 9460
1780 2551
1780 4117
1780 7976
1781 4139
1781 5741
1781 6797
1781 8035
1782 4687
1783 4004
1783 7575
1783 8548
1784 4649
1784 5489
1784 6481
1784 8134
1784 8155
1784 9639
1785 2641
1785 2730
1785 3861
1785 7831
1786 3019
1786 3651
1787 1863
1787 3841
1787 7957
1788 2807
1788 4083
1788 6468
1788 6608
1788 8371
1788 8883
1788 9559
1789 2397
1789 9191
1789 9280
1790 5732
1790 6298
1790 8300
1790 8499
1790 9618
1791 3485
1791 6870
1791 8000
1791 9700
1792 2941
1792 3546
1792 4207
1792 5131
1792 5177
1792 8772
1792 9579
1793 2225
1793 3526
1793 5978
1793 8195
1794 5901
1794 8680
1795 3199
1795 4553
1795 6547
1796 6474
1796 7493
1796 7716
1797 2247
1797 7427
1797 9081
1797 9624
1798 5117
1798 5765
1799 7558
1799 7563
1799 8013
1799 8793
1800 2485
1800 8815
1801 4251
1801 4549
1801 5280
1801 5315
1802 3522
1802 6124
1804 3543
1804 4068
1804 5085
1804 5553
1804 5652
1804 6383
1804 9771
1804 9994
1805 3790
1805 5011
1805 8298
1806 1974
1806 4960
1806 7347
1806 9194
1806 9565
1806 9863
1807 6253
1807 6264
1807 6270
1807 8020
1808 4887
1808 5646
1809 3135
1809 3164
1809 3597
1809 4898
1809 5826
1809 6653
1810 8627
1810 8815
1810 8966
1811 6012
1811 7832
1811 8231
1811 9209
1812 4397
1812 4416
1812 4654
1812 5002
1812 8588
1812 8672
1812 9807
1813 2027
1813 7108
1813 7595
1813 7608
1814 2628
1814 4657
1814 6625
1814 6864
1814 7045
1814 7373
1814 9238
1815 2815
1816 2123
1816 5187
1816 6851
1817 3096
1817 3290
1817 3387
1817 3811
1817 5226
1817 9067
1818 4005
1818 9753
1819 2449
1819 2605
1819 6071
1819 6751
1819 8347
1820 2066
1820 4660
1820 5424
1820 6429
1821 3020
1821 6512
1821 8414
1821 8652
1821 9659
1822 3047
1822 3141
1822 5102
1822 5209
1822 6913
1822 9262
1823 4287
1823 4747
1823 5747
1824 1933
1824 2212
1824 2319
1824 4511
1824 4671
1824 5002
1824 5535
1824 6491
1824 9275
1824 9914
1825 4169
1825 4487
1825 6088
1825 8993
1825 9397
1826 3791
1826 4158
1826 5508
1826 7188
1826 7506
1826 8393
1826 9464
1827 2173
1827 8587
1828 2341
1828 4591
1828 6794
1828 7233
1829 3009
1829 3318
1829 3646
1829 4131
1829 7320
1829 8424
1829 8505
1829 8919
1829 9114
1829 9267
1829 9522
1830 3286
1830 5134
1830 6014
1830 6247
1830 8008
1831 2086
1831 2554
1831 2983
1831 6211
1832 7290
1832 9702
1833 2182
1833 5483
1834 2430
1834 2712
1834 4349
1834 6234
1834 8337
1835 6155
1835 6212
1835 7145
1835 8023
1836 2798
1836 3933
1836 7068
1836 9148
1837 9066
1837 9677
1838 2971
1838 4085
1838 8905
1838 9072
1839 2953
1839 3107
1839 5101
1839 5708
1839 6241
1839 7449
1839 7791
1839 9305
1840 3704
1840 3938
1840 5691
1840 9412
1840 9913
1841 3908
1841 5264
1841 5847
1841 7391
1841 7628
1841 8435
1841 8660
1841 9594
1841 9720
1842 3522
1842 5169
1842 5364
1842 7235
1842 8318
1842 9107
1843 2795
1843 2816
1843 5244
1844 2381
1844 4899
1844 6102
1844 6172
1844 6412
1844 9678
1845 3003
1845 3952
1845 5002
1845 5621
1845 7323
1845 9673
1846 4175
1847 1964
1847 3214
1847 3422
1847 6983
1848 5574
1848 6771
1848 6888
1848 8086
1849 4610
1849 4615
1849 6511
1849 8150
1849 8918
1850 4670
1850 8449
1851 5996
1851 6265
1851 7329
1851 8485
1851 8515
1851 8630
1851 9003
1852 2365
1852 4306
1853 3166
1853 3304
1853 3995
1853 4944
1853 5972
1853 7483
1853 8793
1854 9508
1855 1991
1855 4013
1856 2024
1856 2502
1856 4376
1856 7352
1857 8664
1858 2839
1858 3019
1858 5334
1858 6901
1858 9564
1859 2742
1859 6490
1859 8639
1859 9319
1860 3318
1860 5283
1860 6166
1860 6823
1860 6999
1860 8153
1861 2019
1861 2587
1861 6914
1861 7269
1862 3330
1862 4813
1863 2638
1863 6544
1863 8360
1863 8577
1863 9963
1864 2155
1864 4514
1864 5410
1864 6109
1864 6234
1864 7578
1864 8037
1865 2235
1865 3315
1865 3454
1865 3854
1865 6534
1865 9821
1866 2745
1866 4593
1866 5328
1866 5863
1866 6172
1866 6306
1866 8762
1867 2016
1867 2022
1867 2444
1867 7991
1867 8481
1868 2587
1868 4827
1868 5130
1868 5703
1868 7029
1869 2611
1869 4480
1869 5906
1869 8811
1869 8868
1869 8875
1870 6194
1870 7223
1870 8759
1871 3620
1871 4213
1871 4773
1871 7391
1871 9939
1872 4338
1873 2227
1873 4217
1873 4738
1873 4802
1873 5771
1873 7250
1873 9105
1874 2573
1874 5000
1875 5567
1875 8362
1876 2170
1876 2711
1876 2835
1876 5796
1876 6557
1876 8448
1877 5500
1877 9247
1878 5092
1878 5619
1879 4481
1880 2622
1880 8637
1880 9824
1881 5522
1881 8739
1881 9422
1882 2115
1882 6932
1882 7152
1882 7543
1882 8472
1883 4215
1883 5852
1883 8483
1884 5479
1884 6487
1884 7822
1885 6227
1885 6842
1885 8668
1885 9321
1886 2968
1886 3417
1886 4639
1886 4851
1886 7291
1886 7734
1887 2354
1887 3699
1887 4136
1887 5075
1887 7756
1887 9126
1888 5273
1889 4452
1889 6946
1889 8745
1890 2077
1890 2162
1890 3902
1890 5535
1890 5972
1890 6931
1890 7555
1890 8851
1891 2812
1891 4580
1891 7064
1891 7935
1891 8035
1891 9193
1892 3162
1892 4033
1892 8903
1892 9663
1893 2772
1893 2829
1893 5598
1893 6004
1893 7664
1894 2942
1894 5309
1894 6689
1894 8964
1894 9184
1895 5979
1895 7315
1896 3190
1896 5116
1896 6238
1897 4481
1897 6082
1898 7847
1898 8335
1898 9809
1899 3663
1899 7559
1899 9113
1899 9508
1900 2203
1900 2754
1900 5855
1901 3158
1901 3192
1901 7509
1901 8029
1901 8375
1901 8598
1902 1940
1902 2375
1902 2589
1902 6840
1902 6972
1902 6996
1902 7536
1902 8976
1903 3210
1903 4665
1903 8349
1903 9217
1904 1944
1904 2528
1904 3866
1904 5972
1905 6699
1905 9782
1906 2485
1906 2619
1906 8142
1906 8941
1907 2618
1907 3478
1907 7982
1908 3814
1908 5188
1908 5658
1908 7126
1908 8644
1908 9196
1909 3789
1909 4687
1909 8479
1909 9071
1909 9511
1910 2055
1910 6002
1911 3878
1911 7995
1912 2615
1912 2660
1912 3124
1913 4269
1913 5726
1913 5824
1913 6827
1913 6991
1913 7570
1914 3177
1914 4101
1914 4814
1914 5647
1914 5754
1914 9784
1915 6848
1915 9474
1916 6515
1917 2010
1917 3522
1917 5208
1917 5972
1917 8632
1917 9394
1918 5717
1918 7571
1918 9647
1919 7897
1919 8225
1919 8355
1919 8893
1920 1928
1920 1992
1920 4510
1920 5489
1920 5685
1920 8603
1920 9266
1921 1931
1921 7547
1921 8521
1921 8799
1921 9408
1922 2602
1922 6339
1922 7892
1922 8732
1922 9532
1922 9577
1923 4456
1923 6450
1924 2699
1925 2383
1925 3012
1925 3840
1925 9099
1926 5418
1926 5500
1926 9017
1927 2046
1928 1987
1928 4777
1928 5412
1928 5660
1928 6416
1928 8483
1929 3974
1929 6749
1929 9477
1930 2900
1930 4428
1930 4924
1930 5454
1930 6215
1930 8341
1931 2098
1931 4138
1931 4282
1931 4366
1931 4432
1931 6862
1932 3000
1932 3277
1932 8416
1933 2360
1933 3605
1933 6457
1933 7942
1934 3252
1934 8519
1934 9318
1934 9424
1934 9925
1935 2016
1935 2821
1935 3440
1935 3901
1935 3914
1935 7013
1935 8361
1935 8621
1936 2450
1936 2983
1936 3629
1936 3765
1936 4218
1936 5597
1936 7828
1936 8174
1936 8814
1936 9492
1937 6368
1937 7748
1938 2703
1938 4412
1938 6861
1938 8027
1938 9098
1939 3013
1939 3181
1939 5529
1939 7689
1939 8470
1939 9562
1940 3421
1940 5277
1940 7289
1941 7773
1941 9534
1942 4137
1942 6437
1942 8956
1942 9184
1943 2429
1943 4055
1943 6773
1944 3007
1944 4109
1944 5303
1944 5305
1945 4158
1945 8987
1946 2509
1946 2917
1946 4290
1946 8968
1947 2125
1947 3457
1947 6262
1947 9174
1948 3110
1948 8902
1948 8927
1948 9313
1948 9532
1949 2472
1949 5273
1949 5953
1949 7477
1949 7482
1949 7672
1949 9747
1950 5796
1950 5976
1950 8824
1951 3027
1951 4159
1951 5093
1951 6858
1951 7334
1951 8092
1951 8445
1952 2670
1952 3427
1952 4169
1952 5069
1952 5246
1952 5846
1952 6507
1952 7384
1953 6672
1953 6675
1954 2255
1954 2278
1954 2603
1954 3122
1954 3184
1954 4635
1954 5002
1954 5273
1954 5958
1954 7519
1955 3727
1955 6916
1955 8497
1955 9305
1955 9743
1956 2286
1956 2536
1956 2674
1956 2775
1956 4474
1956 5189
1956 8970
1957 2602
1957 3964
1957 4833
1957 5277
1957 6808
1958 3345
1958 6916
1959 3300
1959 5176
1959 6286
1959 7843
1959 9507
1959 9602
1960 4521
1960 5547
1960 5960
1960 9033
1960 9228
1961 2765
1961 2859
1962 2132
1962 5120
1963 5161
1963 8976
1963 9770
1963 10000
1964 5413
1964 7495
1964 8451
1964 9405
1965 2093
1965 3621
1965 5909
1965 7317
1966 2734
1966 6371
1966 6647
1966 7271
1966 9423
1967 6826
1967 8414
1968 2365
1968 2817
1968 3872
1968 4971
1968 6871
1969 5481
1969 5938
1969 9256
1970 2490
1970 2735
1970 4463
1970 6820
1971 2656
1971 3070
1971 3356
1971 3385
1971 7022
1971 8433
1972 2317
1972 6018
1972 6376
1973 3427
1973 6470
1973 7679
1973 8475
1973 8667
1974 2720
1974 5588
1974 6490
1974 7193
1974 9069
1975 2872
1975 5325
1975 6061
1975 9533
1976 3340
1976 3645
1976 3690
1976 4264
1976 4781
1976 4950
1976 7460
1976 7563
1977 3680
1977 5509
1977 8219
1978 3355
1978 4597
1978 8981
1978 9588
1979 3558
1979 5046
1979 5280
1979 5290
1979 6495
1979 7125
1979 8228
1979 8467
1980 3220
1980 4346
1980 5595
1980 5790
1980 6044
1980 6315
1980 6666
1981 4482
1981 6554
1981 6721
1981 7007
1981 7114
1981 7585
1981 7677
1981 7931
1982 5014
1982 6924
1982 8644
1983 2815
1983 3100
1983 3947
1983 6446
1983 8094
1983 8447
1984 4994
1986 3811
1987 2376
1987 2728
1987 3533
1987 4159
1987 4403
1988 6850
1989 2126
1989 5858
1989 7995
1989 9639
1990 3038
1990 5752
1990 8830
1990 9966
1991 2880
1991 2898
1991 4595
1991 7175
1993 5747
1993 7340
1994 2723
1994 4767
1994 5547
1994 6440
1994 6495
1994 6875
1994 6990
1994 8093
1995 2505
1995 3640
1995 3742
1995 5583
1995 5968
1995 7824
1996 2505
1996 4983
1996 5634
1996 6694
1996 7043
1996 7560
1997 5373
1997 7567
1997 9366
1998 3668
1998 4651
1998 6118
1998 8157
1998 8397
1998 8438
1998 8443
1999 3328
1999 3911
1999 4124
1999 8321
2000 2279
2000 4786
2000 5666
2000 7248
2000 7880
2000 8163
2000 9168
2000 9176
2001 6099
2001 8383
2002 2426
2002 4814
2002 7256
2003 2962
2003 2982
2003 5108
2003 5492
2003 5534
2003 9208
2003 9478
2004 4119
2004 5789
2004 8183
2005 4644
2005 6315
2005 7043
2005 7982
2005 9227
2006 2603
2006 9637
2007 4792
2008 7279
2008 7792
2009 6107
2009 6551
2009 8246
2010 2080
2010 2313
2010 4228
2010 4989
2010 6938
2011 3302
2011 3967
2011 8957
2012 2553
2012 7526
2012 9758
2013 2745
2013 6461
2013 7081
2013 8437
2013 9149
2013 9516
2014 4062
2014 9033
2014 9116
2015 2527
2015 3050
2015 4140
2015 8852
2015 9636
2016 5528
2016 7322
2016 7465
2016 8211
2016 9796
2017 4956
2017 5973
2017 6431
2017 9393
2018 2211
2018 4493
2018 5210
2019 4665
2019 8265
2019 9463
2019 9582
2020 3944
2020 5281
2020 5802
2020 5966
2020 7191
2020 9309
2021 2494
2021 4984
2021 6905
2022 2675
2022 8921
2023 7762
2023 9696
2024 6073
2024 6552
2025 2049
2025 7634
2025 8569
2026 2892
2026 2999
2026 6565
2026 8594
2026 9175
2026 9314
2027 4875
2027 5929
2027 7438
2027 8220
2029 3516
2029 6461
2029 7174
2029 8700
2030 2765
2030 5372
2030 7436
2030 7908
2030 9511
2031 2533
2031 3038
2031 4977
2031 4980
2031 7761
2032 3500
2032 3681
2032 4097
2032 5382
2032 5525
2032 5526
2032 6013
2032 6705
2032 8212
2032 9727
2033 3048
2033 4272
2033 7675
2034 2151
2034 2645
2034 3613
2034 3670
2034 6354
2034 6605
2034 6772
2034 7275
2034 7593
2034 7696
2035 2848
2035 6099
2036 4585
2037 2149
2037 4746
2037 6334
2039 2045
2041 2232
2041 3241
2041 4753
2041 5748
2042 5146
2042 5567
2042 5719
2043 4399
2043 4788
2043 6196
2043 6813
2044 2142
2044 2295
2044 2852
2044 5009
2044 8994
2044 9016
2045 2929
2045 4310
2045 5954
2045 8502
2045 8591
2046 6982
2046 7495
2047 2269
2047 5845
2048 3006
2048 3354
2048 6558
2048 8225
2048 9849
2049 2964
2049 7476
2050 5278
2050 8389
2051 3817
2051 4324
2052 4046
2052 4440
2052 4561
2052 8938
2053 3765
2053 6776
2053 7757
2054 2186
2054 3015
2054 5299
2054 5609
2054 8824
2054 9430
2055 2858
2055 8583
2055 9872
2056 2743
2056 4428
2056 4717
2056 6854
2056 7579
2056 9159
2057 2686
2057 4434
2058 9055
2059 3164
2059 4428
2059 4461
2059 4828
2059 5050
2059 6557
2059 7153
2060 5795
2060 6500
2060 7318
2061 4812
2061 8856
2062 2768
2062 5014
2062 5475
2062 5577
2063 2935
2063 4217
2063 4822
2064 2668
2064 4138
2064 5663
2064 5758
2064 6907
2065 2429
2065 4452
2065 4989
2066 2171
2066 4540
2066 5668
2066 6637
2066 8573
2067 2996
2067 9251
2067 9279
2068 5548
2068 5869
2068 9343
2068 9643
2068 9685
2069 5744
2069 8077
2070 2556
2070 3296
2070 3958
2070 6392
2070 6428
2070 8525
2070 9111
2071 2408
2071 7122
2071 7267
2071 7442
2072 4852
2072 5796
2072 6411
2072 7696
2073 3197
2073 3496
2073 7684
2073 9947
2074 2566
2074 3140
2074 6462
2074 7907
2075 3425
2075 5818
2075 7831
2075 8748
2076 3660
2076 4825
2076 6036
2076 9972
2077 9532
2077 9541
2077 9986
2078 3440
2078 3824
2078 8508
2078 9782
2079 5054
2079 6996
2079 8656
2079 9842
2080 3455
2080 7892
2080 9206
2082 3420
2082 3777
2082 7444
2082 7992
2082 8388
2082 9727
2082 9957
2083 4970
2083 5518
2084 2560
2084 3194
2084 3243
2084 3800
2084 4894
2084 5653
2084 6047
2084 8802
2084 9306
2085 6743
2085 7237
2086 2558
2086 4605
2086 5330
2086 6517
2086 6529
2086 9521
2086 9911
2087 2263
2087 2643
2087 6344
2087 7241
2087 7953
2087 8487
2087 8686
2087 9735
2088 2599
2088 3803
2088 4257
2088 5576
2088 6353
2088 8323
2088 8374
2088 9469
2089 2461
2089 9953
2090 5774
2090 6963
2090 7476
2090 8720
2091 3231
2091 7511
2091 7733
2091 8698
2092 2297
2092 2532
2092 2592
2092 8157
2092 9925
2093 6090
2094 2611
2094 6477
2094 9868
2095 2548
2095 3836
2095 8756
2096 4270
2096 5910
2096 6797
2097 4674
2097 7896
2097 8579
2097 8715
2098 3097
2098 4722
2098 5091
2098 5345
2098 8863
2099 2709
2099 2936
2099 3241
2099 5491
2100 4297
2100 5140
2100 5167
2101 6688
2101 7438
2101 7645
2102 4800
2102 5988
2102 6343
2102 6690
2102 8124
2102 8717
2102 9293
2103 2371
2103 6281
2103 8451
2103 9221
2103 9882
2104 4453
2104 4761
2104 9097
2105 3573
2105 5672
2105 5849
2105 6721
2106 4552
2106 5222
2106 5767
2107 3198
2107 4901
2107 5435
2107 6980
2107 7686
2107 8539
2107 9812
2108 2469
2108 2890
2108 5220
2108 8595
2109 2559
2109 5936
2109 7268
2109 9827
2110 4784
2110 5359
2110 5492
2110 6185
2110 6826
2110 8800
2110 8880
2111 4800
2111 8348
2112 3706
2112 4644
2112 4847
2112 6942
2112 7643
2112 8601
2113 3738
2113 7584
2114 2683
2114 3046
2114 6182
2114 7451
2114 7558
2114 9630
2115 5913
2115 7628
2115 9575
2116 2317
2116 3505
2116 5108
2117 5935
2117 8880
2117 9799
2117 9884
2118 8097
2118 8628
2118 9254
2119 3058
2119 4062
2119 6549
2119 6734
2120 7395
2120 9371
2121 3383
2121 7774
2122 3767
2122 3893
2122 7194
2122 7926
2122 8874
2123 2603
2123 6945
2124 3525
2124 6683
2125 2995
2125 5924
2125 6082
2125 6435
2125 6462
2125 7414
2125 8942
2125 9662
2126 2278
2126 3023
2126 3842
2126 5887
2126 7503
2126 7897
2126 8079
2127 3305
2127 8131
2127 9521
2128 6132
2128 7235
2129 3896
2129 7213
2130 2385
2130 7413
2130 8745
2131 2884
2131 3006
2131 3977
2131 6548
2131 7203
2131 7274
2132 4392
2132 4489
2132 5958
2132 7952
2132 8266
2132 8665
2132 8725
2133 2817
2133 4852
2133 5122
2134 2285
2134 4036
2134 5277
2134 5670
2134 6588
2134 7328
2135 4734
2135 7622
2135 7817
2135 9798
2136 2512
2136 5992
2136 6535
2136 7509
2137 6600
2137 7964
2138 2704
2138 4516
2138 7061
2138 7166
2138 8360
2139 5358
2139 8967
2140 3694
2140 4470
2140 4492
2140 6686
2140 6814
2140 7681
2141 2688
2141 3950
2141 8067
2142 2386
2142 3608
2142 7461
2142 8576
2143 2439
2143 5826
2143 9862
2144 4484
2144 5229
2144 7049
2145 3018
2145 3345
2145 6501
2145 7138
2145 8196
2145 8295
2145 9120
2146 4666
2146 7050
2146 7412
2147 4431
2147 5137
2147 5221
2147 7363
2147 8444
2148 2154
2148 3472
2148 4356
2148 5545
2148 6176
2148 6669
2148 7270
2149 2153
2149 5480
2149 8490
2149 8561
2149 9225
2150 2713
2150 2755
2150 2879
2150 3015
2150 3479
2150 3551
2150 6502
2151 2724
2151 4481
2152 2646
2152 2822
2152 5472
2152 5571
2152 9387
2153 2420
2153 2738
2153 4548
2153 5176
2153 5287
2153 5888
2153 7162
2153 9834
2154 4931
2154 4946
2154 5250
2154 5532
2154 6242
2155 6043
2155 9262
2155 9691
2156 4891
2156 4919
2156 6601
2156 9754
2157 2513
2157 4696
2157 5810
2157 8440
2157 9266
2158 2532
2158 2775
2158 3475
2158 8488
2159 5798
2159 7845
2159 8578
2160 5249
2160 6771
2160 6772
2160 7443
2160 8810
2160 9565
2161 3161
2161 3865
2161 5476
2161 5679
2161 6646
2162 2958
2162 4205
2162 5464
2162 6740
2162 7427
2163 5771
2163 9957
2164 2364
2164 7796
2164 8774
2164 9871
2165 3818
2165 6676
2165 6965
2165 7813
2166 2491
2166 3773
2167 4930
2167 8572
2168 5846
2169 7657
2169 8913
2169 9814
2169 9879
2169 9967
2170 2266
2170 2283
2170 2677
2170 6030
2171 4076
2171 8546
2171 9399
2172 3060
2172 6850
2172 8917
2173 3516
2173 3605
2173 5853
2173 6582
2173 9832
2174 3837
2174 5859
2174 6689
2174 9494
2175 2354
2175 5818
2175 7338
2175 7525
2176 4914
2176 6841
2176 7480
2177 3221
2177 4965
2177 5871
2178 2185
2178 4037
2178 5222
2178 6655
2179 2629
2179 3685
2179 4730
2179 8497
2179 9251
2180 3519
2180 7412
2180 8217
2180 9656
2181 3899
2181 6767
2181 6814
2181 7157
2181 7763
2181 7844
2181 9134
2182 2230
2182 3407
2182 4379
2182 5519
2182 5580
2182 6433
2182 7183
2183 2942
2184 2300
2184 4479
2184 8739
2185 2505
2185 3618
2185 4379
2185 7527
2186 8111
2186 8297
2186 8659
2186 9047
2187 2456
2187 6318
2187 6413
2187 6438
2187 6733
2187 8007
2187 9429
2188 5145
2188 9997
2189 3302
2189 3714
2189 4793
2189 5887
2189 7436
2189 8219
2190 2239
2190 9041
2191 3189
2191 9755
2192 2227
2192 4259
2192 7835
2193 5722
2193 6207
2193 9446
2194 4156
2194 9310
2194 9322
2194 9493
2195 3145
2195 3750
2196 3256
2196 3533
2196 5754
2197 2304
2197 2908
2197 7830
2197 8601
2197 9296
2198 2732
2198 9380
2199 4088
2199 4716
2199 5554
2199 8199
2199 8682
2200 2204
2200 4965
2200 8880
2201 4008
2201 5830
2202 3334
2202 4152
2202 4936
2202 6403
2203 2629
2203 2945
2203 6065
2203 6304
2203 7203
2203 8555
2204 9838
2205 6989
2205 9284
2206 2838
2206 4652
2206 6243
2206 9143
2206 9534
2207 3628
2207 5079
2207 5297
2207 6430
2207 6645
2207 9959
2208 2229
2208 3033
2208 5782
2209 5703
2209 7615
2209 7766
2211 2702
2211 2798
2211 3375
2211 3839
2211 9681
2212 3742
2212 8155
2213 4668
2213 7259
2214 3181
2214 5410
2214 8251
2214 9776
2215 2360
2215 5143
2215 7386
2215 9729
2216 5083
2217 7620
2217 8652
2218 3256
2218 5625
2218 5880
2218 7265
2218 8129
2219 3317
2219 4889
2219 6065
2219 6766
2220 3133
2220 7007
2221 2246
2221 6120
2221 8501
2221 9338
2222 3470
2223 2671
2223 3874
2223 6870
2224 3769
2224 7487
2225 4902
2225 6959
2225 7223
2225 9050
2226 3660
2226 4034
2226 6454
2226 6674
2226 7203
2227 2840
2227 3814
2227 3878
2227 3958
2227 4046
2227 4158
2227 4642
2227 6344
2227 7038
2227 7298
2227 7423
2228 2659
2228 4014
2228 4921
2228 6373
2228 6500
2228 7857
2229 2258
2229 3319
2229 4491
2229 6819
2229 7005
2229 7504
2229 7775
2229 8192
2229 9264
2230 6349
2230 8547
2230 8612
2231 7165
2231 7388
2232 3676
2232 4103
2232 4129
2232 4812
2232 5263
2232 7337
2232 8964
2232 8979
2233 4340
2233 4815
2233 5038
2233 5039
2234 3238
2234 3378
2234 4675
2234 5482
2234 5784
2234 6978
2234 7201
2234 7249
2234 7418
2234 8542
2235 5624
2235 6415
2235 7535
2235 8573
2235 9046
2236 2993
2236 3931
2236 4573
2236 4732
2237 3233
2237 5408
2237 5535
2237 6700
2237 7762
2237 9078
2238 7383
2238 9743
2239 8362
2239 8918
2240 3661
2240 3893
2241 6746
2241 7764
2241 8462
2242 2266
2242 2853
2242 4565
2242 4741
2242 4780
2242 9592
2243 4311
2243 6635
2243 7078
2243 7731
2243 8766
2243 8833
2244 2768
2244 4373
2244 6273
2244 7164
2245 3519
2245 4828
2245 5296
2245 6145
2245 6711
2245 8123
2245 8479
2246 7338
2247 3956
2248 6875
2249 3934
2249 5579
2249 7701
2250 2978
2250 3096
2250 4802
2250 6264
2250 7019
2250 8473
2251 3149
2252 2802
2252 2845
2252 4197
2252 6140
2252 6556
2252 6782
2252 9601
2253 3305
2253 3357
2253 3641
2253 6430
2253 7605
2253 9000
2253 9578
2253 9580
2254 2405
2254 7097
2255 2787
2255 4129
2255 4189
2255 9053
2255 9181
2256 5900
2257 2378
2257 3496
2257 9001
2257 9829
2258 2761
2258 5228
2258 7098
2259 3436
2259 3906
2259 5971
2259 9906
2260 4658
2260 9246
2261 3962
2261 4506
2261 5137
2261 5652
2261 7139
2261 7534
2262 2307
2262 2615
2262 3306
2262 3998
2262 5976
2262 7705
2262 8344
2263 2679
2263 4898
2263 4987
2263 6294
2263 6526
2263 7453
2263 8866
2264 5346
2264 6582
2264 7913
2264 8480
2264 8736
2265 7299
2265 9037
2266 4531
2266 5222
2266 5265
2266 5732
2266 8421
2266 8691
2267 4623
2267 5189
2267 6243
2267 7727
2267 8306
2267 8920
2267 9566
2268 3140
2268 3599
2268 6278
2268 9528
2268 9971
2269 2842
2269 4606
2269 6336
2270 2699
2270 5239
2270 6018
2270 9808
2271 4267
2272 2313
2272 2569
2272 3304
2272 3530
2272 3890
2272 7621
2272 8928
2273 5887
2273 6867
2274 7041
2274 7286
2275 5109
2275 5275
2275 5455
2275 5767
2275 5873
2275 6268
2275 6781
2275 8602
2276 2823
2276 3154
2276 3486
2276 5649
2276 7720
2276 8411
2277 3871
2277 9089
2278 7190
2278 7967
2278 8129
2279 7388
2279 8090
2280 3367
2280 4475
2280 8745
2281 3150
2281 4558
2281 8874
2282 3224
2282 5729
2282 7561
2282 8341
2282 8342
2283 3912
2284 5523
2284 9727
2285 9651
2285 9965
2286 2305
2286 2597
2286 2882
2286 3066
2286 3529
2286 3862
2286 4146
2286 5440
2286 7306
2287 6025
2287 7067
2287 9119
2288 2769
2288 7580
2289 3307
2289 3427
2289 8179
2289 8333
2289 8699
2289 8836
2289 9732
2289 9835
2290 5379
2290 7619
2291 9848
2292 2689
2292 3825
2292 5048
2292 5497
2292 9475
2293 7766
2293 8019
2293 9043
2294 4379
2294 5793
2294 6244
2295 3034
2295 4296
2295 4851
2295 7297
2296 2425
2296 3082
2296 4485
2296 5852
2296 8818
2297 2414
2297 2610
2297 5443
2297 5927
2297 8090
2297 9659
2297 9895
2299 2568
2299 3381
2299 4878
2299 6728
2299 7971
2300 3389
2300 5554
2300 7486
2301 3698
2301 4416
2301 6312
2302 2339
2302 6416
2302 7750
2303 7266
2303 7815
2304 3202
2304 3341
2304 6245
2305 2348
2305 3885
2305 5972
2305 6361
2306 2480
2306 2811
2306 3101
2306 4306
2306 5012
2306 6131
2307 5880
2307 6517
2308 3544
2308 3817
2308 4047
2308 4264
2308 6246
2308 6308
2308 7538
2309 2922
2309 5607
2309 6328
2309 9948
2310 3203
2310 6649
2310 6757
2310 9381
2311 4313
2311 5800
2312 5145
2313 4934
2313 8251
2314 3299
2314 6060
2314 6217
2314 6738
2314 7495
2314 7565
2314 7836
2314 8114
2314 9613
2315 2935
2315 4757
2315 8812
2316 5176
2316 6072
2316 6369
2316 7430
2316 9696
2317 4507
2317 5477
2317 6701
2317 6706
2318 6886
2318 8088
2318 8842
2318 9441
2319 5999
2320 4611
2320 7643
2320 8959
2320 9951
2321 2814
2321 3148
2321 3654
2321 5719
2321 7938
2321 9388
2322 3382
2322 3992
2322 4820
2322 6047
2322 6302
2322 6775
2322 7465
2323 2879
2323 3222
2324 5442
2325 6180
2325 7679
2326 3259
2326 3445
2326 7923
2326 8210
2326 9020
2327 4994
2327 5633
2327 6537
2327 9459
2328 6952
2328 7141
2328 7161
2329 9155
2329 9551
2330 3242
2330 3410
2330 5181
2330 6856
2330 6979
2330 7625
2330 7880
2330 7968
2330 8594
2330 9105
2330 9397
2331 4915
2331 5959
2331 9916
2332 7635
2332 7925
2333 6235
2333 9717
2333 9772
2334 2388
2334 5085
2334 7853
2335 5488
2336 5118
2337 2606
2337 3884
2337 9251
2338 5954
2338 6555
2338 7093
2339 6093
2340 2862
2340 4543
2340 5124
2340 5509
2340 5707
2340 9201
2341 2892
2341 7942
2342 7093
2342 8829
2343 3779
2343 4422
2343 5302
2343 6107
2344 3324
2344 3337
2344 4268
2344 4488
2344 5067
2344 9858
2345 3724
2345 6288
2345 7159
2345 9829
2346 2367
2347 3830
2347 4572
2347 5693
2347 9177
2348 2976
2348 5233
2349 4707
2349 7712
2349 8879
2350 5049
2350 8376
2350 9085
2351 5087
2351 6310
2351 7605
2351 8909
2352 4792
2352 9429
2353 3378
2353 4484
2353 9425
2354 3767
2354 5187
2354 7748
2355 4235
2355 4400
2355 4780
2355 6190
2355 6351
2355 7944
2355 9047
2356 3457
2356 7244
2356 7513
2356 9605
2357 4260
2357 4261
2357 6479
2357 8520
2358 2401
2358 7468
2358 8533
2359 3692
2359 6541
2359 7120
2359 7711
2359 9269
2360 3780
2360 7152
2360 7478
2360 9702
2361 5397
2361 9055
2361 9910
2362 7995
2362 8579
2364 7193
2364 9051
2364 9260
2364 9780
2365 2399
2365 9563
2366 2815
2366 2957
2366 4709
2366 5298
2366 8419
2366 9557
2366 9786
2367 3448
2367 6346
2367 7130
2367 7339
2368 7051
2369 4498
2370 2647
2370 5845
2370 7036
2370 9735
2371 2757
2371 5167
2372 3654
2372 6014
2372 6182
2372 6832
2372 7082
2372 8755
2373 2748
2373 3115
2373 3574
2373 4032
2373 4335
2373 5114
2373 5502
2373 6641
2373 6940
2373 7767
2373 9397
2373 9820
2374 7398
2374 8131
2374 9097
2375 5059
2375 5277
2375 7544
2376 6443
2376 6575
2376 7432
2376 8927
2377 3792
2377 4181
2377 4685
2377 6060
2377 7930
2377 8706
2377 9951
2378 4851
2378 8590
2379 5721
2379 8973
2380 3856
2380 9240
2380 9601
2381 2469
2381 5360
2381 6621
2381 6645
2381 8742
2382 4474
2382 9714
2383 2624
2383 2847
2383 3179
2384 4017
2384 4620
2384 5646
2384 6450
2384 9118
2385 9170
2385 9194
2385 9892
2386 2585
2386 2999
2386 4020
2386 4919
2386 9382
2387 7851
2387 8745
2387 9444
2388 9304
2389 4502
2389 6341
2389 7458
2390 2417
2390 2599
2390 5038
2390 5869
2390 6173
2390 7240
2390 9814
2391 3940
2391 9736
2392 3088
2392 4565
2392 6475
2392 6596
2393 6259
2394 9433
2395 7056
2395 7625
2395 7974
2395 9837
2396 9968
2397 7615
2397 7851
2397 8238
2397 9585
2398 3218
2399 4580
2399 5281
2400 5075
2400 5076
2400 7905
2401 2630
2401 5951
2401 6022
2401 6181
2402 2772
2402 2799
2402 6962
2402 8572
2403 3651
2403 3958
2403 8538
2403 8599
2403 9327
2404 3624
2404 6394
2404 6946
2405 8224
2406 6545
2406 7935
2406 9842
2406 9970
2407 3277
2407 3332
2407 4218
2407 5111
2407 6894
2408 2987
2408 7840
2408 9182
2409 6647
2409 9581
2409 9951
2410 2440
2410 6020
2410 6022
2410 8117
2410 8310
2411 2436
2411 7684
2411 8138
2411 9004
2412 7833
2413 2961
2413 4294
2413 9729
2414 7530
2414 7541
2415 4309
2415 7149
2416 3114
2416 3888
2416 5391
2416 8090
2417 4123
2417 4664
2417 6560
2417 8163
2417 9081
2419 5544
2419 8221
2420 4850
2420 6995
2420 8943
2420 9941
2421 5188
2421 7431
2422 4874
2422 6771
2422 8177
2422 8250
2422 9248
2422 9713
2423 2457
2423 5375
2423 6316
2423 9002
2424 3407
2424 3791
2424 3909
2424 4236
2424 5192
2424 9825
2424 9849
2425 6413
2425 7729
2425 8240
2426 4404
2426 6706
2426 7471
2427 6506
2427 9366
2427 9429
2428 2949
2428 7817
2429 2922
2429 7151
2429 9101
2430 3589
2430 4110
2430 4320
2430 6897
2430 7620
2430 8856
2431 4691
2431 5255
2431 6152
2431 8115
2431 9569
2433 6737
2433 7393
2434 4161
2434 6411
2434 8240
2435 2497
2435 6014
2436 6938
2436 9605
2437 5341
2437 8399
2437 9096
2438 2656
2438 5509
2438 6748
2438 6983
2438 7846
2438 8645
2438 8839
2439 2623
2439 2874
2439 3432
2439 6880
2439 9410
2440 6733
2440 7396
2440 7715
2440 9209
2440 9837
2441 2454
2441 3023
2441 4257
2441 5516
2441 5859
2441 7563
2441 8747
2442 2479
2442 3884
2442 3991
2442 4069
2442 4749
2442 6560
2442 8209
2443 8393
2443 9083
2444 3247
2444 8207
2444 9043
2445 3308
2445 6322
2445 6835
2445 6898
2445 7641
2445 8182
2445 8399
2445 8924
2446 5781
2446 8682
2446 9394
2447 2608
2447 5609
2447 5719
2447 9781
2448 6250
2449 4238
2449 4460
2449 7841
2450 4837
2450 6015
2451 3337
2451 3409
2451 7955
2452 4844
2452 6854
2452 7081
2452 7397
2452 8348
2453 7290
2453 9922
2454 4486
2454 4951
2454 7814
2455 3231
2455 4621
2455 5055
2455 5591
2455 6133
2455 9134
2455 9391
2455 9532
2456 2477
2456 7742
2456 7984
2457 3411
2457 4078
2457 5536
2457 6589
2457 9002
2458 3785
2458 4994
2459 6714
2459 6781
2459 8766
2460 5941
2460 7220
2461 6411
2461 7118
2461 7225
2461 7273
2462 4615
2462 5453
2463 3238
2463 6783
2463 6950
2464 6206
2464 6366
2464 6641
2464 7701
2464 8367
2464 9469
2465 6808
2465 7795
2465 8418
2466 5517
2467 2647
2467 3156
2467 8783
2468 3368
2468 4766
2468 5586
2468 7960
2468 8362
2469 2844
2469 5418
2469 8064
2470 2712
2470 4503
2470 5214
2470 6405
2470 6835
2470 8148
2470 8720
2471 3502
2471 5014
2471 7455
2471 8854
2472 3032
2472 5987
2473 2940
2473 4257
2473 4989
2473 5239
2473 9972
2474 5910
2475 2612
2475 3205
2475 4849
2475 6562
2476 5061
2476 8910
2477 6368
2477 6751
2477 8030
2477 9435
2478 2499
2478 3834
2478 5180
2478 6035
2478 8543
2478 8615
2478 9197
2479 3607
2479 5996
2479 7369
2479 7940
2479 9471
2480 3928
2480 6549
2480 9344
2480 9841
2481 4752
2482 3496
2482 3900
2482 5122
2482 5369
2482 5445
2482 6091
2482 6927
2482 7591
2483 3103
2484 2683
2484 3496
2484 3767
2484 6391
2484 6706
2484 9876
2485 4870
2485 7189
2485 9917
2486 6351
2486 9348
2486 9862
2486 9868
2487 2627
2487 8981
2488 3472
2488 4474
2488 4574
2488 5779
2488 8316
2488 9105
2489 3590
2489 3947
2489 8221
2490 4004
2490 4317
2490 4976
2490 6492
2490 6840
2490 9641
2491 3873
2491 5190
2491 6127
2491 6755
2492 2859
2492 2922
2492 4172
2492 4185
2492 6511
2492 7089
2493 2904
2493 6260
2493 8616
2494 3127
2494 3436
2494 4809
2494 6419
2494 8837
2494 9630
2495 2983
2495 6391
2495 7079
2495 7237
2495 8642
2495 9037
2496 5421
2496 5706
2496 9587
2497 6889
2497 9885
2498 3362
2498 3428
2498 4305
2498 7244
2499 7194
2499 8643
2500 2978
2500 3380
2500 5367
2500 8106
2501 5326
2501 8637
2503 2886
2503 3833
2503 7202
2503 8124
2503 8535
2503 9411
2504 3335
2504 3526
2504 5547
2504 6272
2505 7596
2506 2641
2506 2808
2506 3759
2506 6880
2506 7743
2506 7989
2506 8140
2507 4614
2507 5587
2507 5679
2507 6836
2507 7212
2507 9321
2508 2619
2508 3361
2508 4551
2508 6194
2508 6236
2508 9200
2509 4056
2509 6457
2509 8971
2509 9454
2510 3638
2510 4594
2510 5569
2510 5785
2510 6757
2510 8072
2510 8654
2510 9472
2511 5921
2511 6136
2511 6474
2511 7048
2511 9685
2511 9866
2512 3095
2512 7952
2512 8705
2513 3685
2513 6130
2513 8016
2513 8140
2514 3782
2514 4286
2514 5766
2514 5879
2514 6629
2514 6704
2514 7934
2514 9917
2515 8500
2515 9329
2516 2961
2516 8878
2517 4124
2517 4675
2518 3092
2519 2576
2519 2678
2519 2834
2519 4213
2519 4995
2520 2753
2520 2928
2520 3502
2520 3858
2520 4906
2520 5634
2520 6360
2520 9938
2521 3282
2521 3581
2521 4750
2521 7788
2521 9244
2521 9994
2522 4614
2522 5567
2522 8417
2523 3554
2523 4808
2523 4883
2523 6735
2524 3203
2524 5856
2524 6250
2524 6733
2524 7116
2524 7166
2524 7775
2524 9116
2525 3574
2525 5357
2525 6751
2525 8419
2526 5723
2526 6626
2526 7429
2527 2710
2527 3327
2527 4947
2527 4976
2527 8926
2528 3688
2528 5245
2528 7022
2528 9819
2529 5946
2529 5965
2529 6915
2529 7514
2529 7702
2529 9679
2530 8736
2531 7648
2531 8994
2532 4055
2532 5190
2532 5790
2532 6013
2532 6178
2533 3623
2533 3856
2533 4192
2533 6944
2534 4055
2534 5263
2534 5466
2534 6158
2535 3050
2535 5399
2535 6210
2535 7588
2535 7835
2535 8686
2536 6283
2537 4620
2537 5393
2537 6093
2537 6607
2537 6703
2537 7129
2537 7250
2537 7617
2538 3648
2538 4242
2538 9736
2539 2978
2539 4625
2539 6970
2540 3639
2540 4340
2540 4792
2540 9426
2541 3559
2541 5567
2541 6960
2542 2629
2542 2878
2542 3340
2542 8371
2543 4176
2543 6593
2543 7197
2543 7287
2543 9294
2544 3218
2544 4406
2544 4966
2544 8529
2545 3642
2545 3685
2545 6523
2545 9635
2546 4827
2546 9600
2547 3082
2547 3905
2547 7308
2547 9184
2547 9671
2547 9827
2548 4588
2548 5033
2548 5893
2548 8988
2549 4876
2549 6679
2549 8622
2549 8995
2550 6287
2550 7564
2550 7607
2550 9970
2551 5096
2551 7586
2552 4849
2552 6802
2552 8185
2552 9558
2553 4158
2553 5431
2553 5610
2553 7683
2553 9901
2553 9944
2554 9636
2555 3275
2555 6061
2555 7971
2555 8844
2555 9752
2556 3262
2556 4900
2556 5759
2557 3854
2557 5726
2557 6241
2557 7477
2558 6035
2558 8415
2558 8649
2559 3544
2559 4522
2559 7037
2559 9248
2560 2753
2560 4961
2560 5272
2560 5542
2560 5688
2560 7232
2560 9316
2560 9416
2561 4281
2561 4645
2561 9215
2562 5082
2562 5925
2563 6288
2563 6742
2563 7126
2563 8422
2564 2897
2564 3339
2564 3387
2564 4515
2564 7939
2564 9686
2565 2646
2565 2809
2565 2822
2565 3027
2565 4040
2565 4425
2565 8193
2565 8904
2566 5675
2566 9507
2567 3918
2567 8955
2568 6689
2568 7254
2568 7306
2568 8060
2568 9839
2569 3714
2569 5407
2569 7583
2569 8953
2570 7090
2571 4196
2571 4269
2571 4824
2571 6974
2572 3278
2572 4697
2573 5485
2573 9597
2574 3469
2574 4740
2574 5552
2574 7158
2574 7820
2574 9578
2574 9622
2575 3886
2575 6156
2576 3930
2576 4661
2576 5962
2576 7376
2576 8585
2576 8971
2576 9348
2577 4077
2577 5998
2577 6235
2577 9278
2578 3820
2578 5607
2578 6690
2579 4687
2579 5979
2581 6013
2581 7490
2581 8686
2582 3811
2582 5603
2582 5630
2582 5771
2583 6450
2583 6685
2583 7086
2583 7872
2584 3192
2584 4862
2584 5744
2584 6236
2585 8665
2585 9131
2586 3526
2586 3685
2586 4351
2586 7845
2586 8266
2586 9062
2587 3038
2587 6605
2588 2780
2588 3418
2588 6321
2588 7913
2589 3003
2589 3796
2589 4515
2589 6656
2589 8978
2590 5024
2590 5585
2590 5634
2590 5823
2590 9016
2591 3929
2591 4958
2591 7087
2591 7158
2591 7382
2591 9875
2592 6244
2592 7721
2593 3703
2593 4495
2593 7021
2593 9084
2594 8601
2595 6961
2596 3560
2596 3968
2596 5541
2596 5890
2596 9125
2597 2856
2597 5294
2597 8960
2598 4784
2598 7532
2598 7797
2598 8482
2598 9391
2599 2813
2599 3506
2599 4735
2599 5293
2599 5371
2599 6056
2599 6520
2599 6618
2599 6769
2599 8311
2600 9833
2601 5641
2601 6902
2602 3404
2602 3545
2602 7561
2602 7950
2602 8080
2603 2930
2603 3396
2603 5884
2603 6621
2603 9514
2604 8071
2604 9078
2605 4026
2605 9068
2606 5454
2606 5685
2606 5968
2606 6149
2606 6863
2606 8620
2606 8945
2608 4107
2608 5075
2608 6740
2608 6928
2608 7912
2608 8345
2608 9643
2610 5661
2610 6169
2610 7012
2610 8075
2610 9180
2610 9630
2610 9657
2612 4767
2612 4962
2612 6692
2613 4055
2613 5391
2613 6641
2613 7240
2613 8053
2613 9292
2614 3376
2614 3837
2614 4393
2614 8260
2615 4211
2615 4937
2615 5729
2615 9219
2616 8832
2617 7177
2617 8254
2618 2748
2618 3390
2619 5284
2619 6719
2620 2908
2620 2967
2620 4785
2620 6861
2620 8024
2620 9291
2620 9710
2621 2862
2621 3452
2621 7201
2621 9593
2622 3142
2622 4771
2622 6408
2622 8319
2622 9054
2623 4591
2623 6632
2623 8682
2623 8860
2624 6277
2624 7462
2624 8096
2624 9652
2625 5861
2625 6441
2625 6968
2626 4915
2626 6897
2626 6964
2628 6978
2628 7497
2628 8762
2629 3663
2629 7288
2629 8084
2630 3530
2630 7793
2630 9771
2631 3801
2631 5807
2631 7305
2631 9442
2632 4349
2632 5268
2632 6233
2633 4832
2633 5016
2634 3361
2634 4191
2634 4289
2635 3448
2635 4760
2635 5338
2635 7201
2635 8159
2636 7505
2636 8566
2637 5409
2637 6344
2637 6666
2637 6704
2637 9077
2638 4406
2638 7034
2638 8773
2639 6082
2639 6748
2640 2878
2640 3697
2640 5413
2640 5975
2640 9760
2641 5783
2641 7754
2641 9213
2642 2997
2642 5113
2642 5629
2642 6250
2642 7375
2642 8796
2642 9609
2643 4483
2643 5160
2643 5240
2643 7893
2643 8270
2643 9216
2644 6359
2645 3373
2645 5477
2645 8673
2645 9035
2646 5070
2646 6273
2646 6488
2646 6708
2646 7681
2647 5585
2647 8932
2648 6521
2648 8271
2648 8898
2649 2668
2649 4621
2649 5843
2650 2891
2650 3130
2650 3261
2650 6133
2650 9061
2650 9930
2651 4454
2651 4559
2651 6496
2651 7118
2652 3354
2652 4686
2652 9031
2652 9907
2653 3856
2653 6667
2653 7315
2653 7650
2654 7205
2654 8016
2654 9002
2655 3726
2655 4259
2655 7970
2655 7972
2656 3801
2656 4038
2656 5209
2656 5389
2656 5803
2656 5817
2656 6851
2656 8406
2656 9375
2657 3823
2657 6032
2657 7768
2657 8162
2657 8255
2657 9405
2658 4747
2658 7589
2658 8755
2658 9804
2659 6579
2659 7145
2660 4664
2660 4876
2660 6669
2660 6803
2660 7127
2661 6409
2661 8957
2662 3371
2662 9290
2663 3409
2663 4095
2663 4664
2663 7065
2663 8413
2663 9377
2663 9568
2664 6344
2664 6958
2664 7509
2664 8337
2665 3205
2665 6167
2665 6685
2666 7311
2666 7719
2666 9023
2666 9864
2667 3072
2667 4673
2667 5590
2667 6225
2667 8006
2668 2821
2668 5338
2668 6888
2668 7250
2668 7402
2668 8341
2669 3728
2669 3802
2670 2985
2670 3286
2670 3471
2670 3980
2670 5884
2670 6659
2671 4821
2671 9057
2671 9455
2672 2838
2672 4370
2672 5079
2672 9611
2673 4020
2673 4907
2673 6443
2673 7666
2673 9099
2674 8762
2675 3195
2675 5617
2675 6108
2675 7740
2675 8231
2675 9064
2676 3373
2676 8926
2676 8940
2676 9064
2676 9379
2676 9785
2677 5978
2677 8947
2678 3260
2678 4880
2679 4953
2679 5058
2679 7566
2679 9308
2679 9477
2680 3356
2680 4462
2680 6794
2680 7203
2680 7938
2681 4694
2681 5266
2681 5283
2681 9638
2681 9890
2682 3011
2682 6708
2682 6768
2682 7946
2682 9634
2683 6314
2684 3191
2685 3259
2685 5973
2685 7415
2685 8451
2685 8627
2686 7855
2686 8524
2686 9602
2687 3199
2687 4114
2687 6211
2687 7986
2687 8283
2687 9444
2688 4068
2688 6838
2688 8150
2688 9782
2689 3573
2689 4188
2689 4287
2689 5011
2689 7272
2689 8452
2690 4870
2690 9861
2691 3398
2691 8011
2691 8083
2691 8891
2692 3061
2692 3508
2692 4303
2693 5193
2693 8135
2693 9121
2693 9231
2693 9968
2694 5472
2694 6525
2694 7571
2694 9530
2695 6846
2695 7532
2696 5102
2697 3089
2697 7081
2697 8008
2697 8009
2698 5069
2698 5677
2698 6317
2698 6510
2698 8042
2699 3614
2699 6440
2699 9920
2700 3454
2700 4701
2700 5445
2700 6202
2700 7052
2701 4196
2701 4881
2701 4971
2701 7235
2701 8661
2701 9905
2702 3228
2703 3367
2703 3712
2703 6595
2703 9006
2703 9065
2704 2824
2704 4885
2704 6318
2704 6762
2704 7268
2704 9704
2704 9877
2705 8102
2705 9729
2706 7126
2706 7147
2707 4877
2707 6922
2707 9196
2708 3192
2708 3275
2708 3912
2708 5924
2708 7538
2709 3563
2709 4772
2709 5603
2710 7131
2710 7206
2710 7843
2710 8260
2710 9526
2710 9597
2711 3630
2711 3888
2711 5564
2711 6872
2712 2735
2712 2843
2712 4480
2712 7458
2712 8809
2713 7153
2713 8679
2714 6521
2714 7768
2715 4803
2715 9445
2716 2758
2716 4348
2716 8534
2716 9536
2716 9618
2717 5186
2717 5643
2717 5727
2717 9820
2718 5382
2718 7384
2718 7963
2718 8555
2719 5030
2719 8280
2719 9491
2720 4783
2720 5851
2720 7983
2720 8744
2720 9207
2721 4609
2721 9626
2722 6579
2722 8822
2723 5919
2723 6382
2723 7671
2723 8349
2723 8406
2723 9784
2724 5318
2724 8597
2725 3598
2725 5994
2725 6581
2725 7999
2726 3148
2726 3680
2726 4410
2726 8756
2727 7835
2727 7973
2727 8739
2728 3961
2728 8358
2729 9297
2730 2733
2730 4904
2730 5400
2730 6951
2731 3739
2731 6286
2732 7306
2732 8586
2732 8739
2733 6091
2733 6109
2733 7051
2733 9600
2734 2824
2734 5611
2734 6985
2734 7600
2734 9135
2734 9578
2734 9820
2735 4179
2735 4621
2735 5862
2735 6021
2735 8201
2736 3007
2736 3281
2736 5145
2736 5555
2736 8484
2737 9285
2738 3191
2738 3216
2738 5556
2739 8278
2739 8774
2740 2843
2740 4589
2740 5868
2741 7613
2742 6329
2743 3041
2744 3193
2744 3201
2744 4071
2744 5975
2744 7382
2744 7691
2744 8996
2745 3758
2745 4045
2745 4700
2745 7685
2746 3345
2746 4417
2746 8850
2747 3509
2747 7922
2747 8272
2747 8439
2748 2792
2748 6999
2749 5068
2749 7826
2749 8502
2749 9839
2750 6793
2750 7433
2751 4671
2751 5325
2751 7547
2751 8012
2752 4431
2752 8867
2753 6358
2753 7222
2753 7884
2753 9337
2753 9991
2754 4517
2754 4682
2754 6900
2754 8859
2754 9377
2755 3259
2755 4604
2755 6927
2756 5421
2756 8668
2757 3643
2757 5911
2757 8274
2758 2971
2758 3299
2758 3731
2758 6506
2758 6514
2758 7285
2759 3576
2759 4521
2759 6144
2759 6691
2759 8602
2759 8795
2760 6982
2760 8104
2761 3393
2761 4556
2761 6679
2761 8929
2762 3740
2762 3959
2762 4199
2762 4245
2762 4676
2762 7220
2762 8522
2762 8861
2763 3709
2763 4510
2763 6885
2763 7299
2763 7721
2764 4982
2765 4229
2765 5932
2765 7780
2765 9284
2765 9613
2765 9946
2766 3175
2766 3497
2766 5388
2766 6099
2766 7264
2767 3746
2767 5354
2767 5932
2767 6940
2768 3804
2768 4418
2768 5731
2768 6885
2768 8487
2768 9267
2768 9963
2769 3311
2769 8506
2770 6578
2771 3206
2771 5158
2772 6472
2773 9519
2774 5612
2774 8177
2775 3495
2775 3813
2775 3861
2775 4463
2775 5067
2775 7853
2775 7877
2775 8369
2775 9233
2775 9391
2776 4948
2776 7760
2776 8216
2776 9013
2776 9038
2777 3335
2777 4903
2777 5089
2777 5518
2778 3906
2778 3994
2778 4726
2778 7996
2778 8897
2778 9242
2779 6918
2779 8500
2779 9449
2779 9793
2780 5652
2780 7704
2781 2889
2781 6524
2781 6855
2781 7590
2782 5647
2782 6519
2782 7679
2782 8514
2782 8579
2782 9150
2783 3764
2783 7372
2783 7409
2784 2881
2784 3766
2784 5696
2784 7445
2784 8752
2784 8863
2785 2838
2785 6635
2785 7328
2786 4208
2786 4991
2786 9214
2787 3042
2787 3748
2787 3858
2787 4131
2787 4874
2787 9503
2788 3829
2788 6887
2788 7678
2788 7985
2788 8149
2789 3708
2789 5312
2790 4144
2790 5215
2790 7501
2791 4212
2791 5643
2791 7194
2791 7554
2791 8599
2792 9362
2793 3671
2793 4724
2793 4965
2793 5031
2794 4235
2794 5411
2794 5996
2794 9593
2795 5168
2795 6180
2795 9259
2796 8998
2797 2876
2797 4364
2797 5157
2797 6412
2797 6665
2797 7001
2797 8234
2798 3724
2798 4664
2798 4970
2800 5615
2800 8588
2800 9864
2801 3752
2801 6010
2801 7867
2801 8833
2801 9565
2802 4370
2802 5985
2802 7866
2803 2991
2803 6898
2803 9409
2804 3052
2804 5544
2804 8770
2804 9463
2805 4711
2805 4882
2805 9994
2806 5478
2806 6497
2806 9543
2807 3616
2807 6023
2807 8879
2808 7438
2809 4804
2809 5377
2809 6135
2809 8294
2809 8919
2810 3544
2810 5791
2810 8929
2811 9399
2812 4049
2812 7044
2812 7900
2812 8905
2813 3053
2813 4958
2814 3425
2814 6884
2814 8272
2815 2916
2815 5750
2815 7198
2816 5779
2816 7337
2817 4637
2817 5169
2817 7094
2817 8263
2817 8738
2817 8867
2817 9608
2818 3612
2818 5233
2818 7771
2818 8135
2818 8138
2818 8508
2818 9020
2819 5931
2819 5954
2819 8305
2820 8877
2821 3173
2821 3815
2821 4546
2821 5169
2821 8396
2822 6806
2823 6895
2823 9572
2825 4113
2825 7098
2825 8810
2825 9097
2826 5562
2826 5980
2826 8167
2826 8926
2826 9740
2827 7623
2828 5351
2828 5507
2828 7387
2828 9357
2829 3110
2829 5160
2829 6945
2830 2949
2830 3890
2830 4253
2830 4657
2830 7409
2830 8090
2830 8310
2831 2914
2831 5974
2831 9568
2832 4802
2832 5264
2832 9221
2833 3129
2833 4427
2833 5643
2833 8352
2834 4057
2835 2987
2835 3831
2835 4162
2836 3553
2836 4405
2836 4648
2836 5520
2836 7923
2837 3088
2837 4047
2837 4442
2837 5398
2837 6569
2837 7418
2837 8093
2837 8361
2837 8751
2838 2892
2838 4438
2838 4870
2838 5040
2838 5426
2838 9076
2838 9771
2839 2880
2839 3903
2839 3990
2839 5330
2839 8948
2839 9029
2840 4903
2840 7215
2841 3156
2841 3219
2841 7656
2842 4298
2842 7056
2842 8357
2843 4596
2843 4839
2843 6071
2843 6966
2843 7269
2843 7376
2844 4441
2844 8338
2845 4233
2845 5297
2845 5922
2846 4042
2846 5397
2846 6601
2846 8540
2846 8810
2847 4480
2847 4973
2847 5558
2847 6762
2847 8199
2848 3116
2848 5862
2848 8003
2849 5031
2849 6248
2849 6924
2850 3560
2850 5024
2850 7216
2850 9044
2851 4603
2851 6390
2851 8031
2851 8575
2853 3627
2853 6995
2854 8188
2854 8669
2854 9360
2855 6404
2856 3302
2856 4659
2856 4725
2856 4759
2856 5489
2857 2884
2857 3639
2857 5412
2857 8411
2858 3993
2858 4522
2858 5732
2858 9784
2859 5464
2859 5663
2859 8823
2860 3166
2860 3345
2860 3764
2860 6248
2860 7234
2860 7614
2860 9557
2861 4712
2861 4796
2861 6133
2861 6266
2861 6366
2861 7235
2861 9675
2862 3163
2862 4362
2862 7362
2862 7925
2862 8251
2862 9298
2863 2977
2863 7170
2863 9470
2864 4650
2864 4972
2864 5498
2864 7157
2865 5896
2865 8974
2865 9795
2866 6515
2867 4515
2867 4944
2867 6583
2867 6830
2867 7706
2867 9673
2868 4025
2868 5524
2868 8530
2869 7688
2869 8292
2870 8947
2871 8054
2871 8967
2872 4840
2872 7574
2872 7995
2872 9842
2872 9897
2872 9941
2873 6170
2873 6267
2873 6734
2873 6812
2873 7221
2874 5351
2874 6147
2875 4619
2876 3233
2876 3880
2876 5238
2876 5936
2877 3764
2877 3894
2877 4109
2877 5849
2878 3482
2879 3252
2879 3751
2879 6098
2880 3289
2880 3587
2880 7265
2880 9214
2880 9723
2881 3734
2881 3983
2881 6581
2881 8870
2882 4812
2882 5347
2882 8846
2884 5624
2884 5878
2884 6748
2884 6875
2884 8483
2884 8773
2884 9103
2884 9361
2885 3300
2885 6543
2885 7662
2886 3468
2886 7321
2886 7612
2886 9768
2886 9989
2887 3035
2887 3298
2887 4497
2887 5026
2887 5768
2887 8176
2887 9722
2888 9342
2889 3841
2889 4158
2889 4529
2889 7920
2889 8150
2889 9417
2889 9584
2890 3612
2890 4972
2890 5021
2890 5374
2890 5446
2890 8883
2891 3030
2892 3492
2892 3589
2892 6983
2892 7165
2892 7848
2892 9218
2892 9943
2893 4012
2893 4823
2893 9040
2893 9261
2896 4146
2896 4858
2896 9044
2896 9927
2897 3953
2897 7978
2898 3398
2898 7663
2898 8518
2898 9257
2899 4269
2899 6402
2899 6916
2899 6989
2900 3673
2900 5559
2900 9248
2901 3574
2901 4219
2901 7242
2901 8867
2902 3959
2902 5316
2902 9626
2903 4767
2903 7726
2903 7774
2903 7910
2904 3820
2904 6784
2904 7801
2905 6504
2905 9547
2905 9672
2906 3674
2906 3686
2906 5609
2906 7529
2906 7694
2906 8068
2906 8876
2906 8924
2907 3415
2908 4633
2908 5917
2908 9600
2909 3182
2909 4295
2909 5619
2909 9722
2910 5522
2910 7010
2910 9087
2910 9653
2911 3326
2911 5066
2911 5257
2911 6140
2911 6612
2911 6817
2911 6975
2912 3607
2912 9160
2913 3139
2913 3486
2913 3812
2913 7634
2913 8378
2913 9381
2913 9481
2914 3113
2914 3678
2914 3981
2914 4478
2914 8452
2916 3086
2916 4280
2916 7320
2916 9999
2917 7361
2917 7711
2917 8032
2917 8089
2917 8600
2917 9445
2917 9834
2918 4380
2918 4559
2918 6194
2918 6455
2918 9305
2919 3089
2919 4005
2919 5889
2919 7125
2919 7472
2919 9647
2920 3331
2920 8555
2920 8585
2920 9889
2921 6094
2921 6478
2921 6973
2921 7185
2921 7486
2922 3210
2922 5177
2922 7580
2922 7667
2922 8082
2922 8969
2923 3277
2923 3278
2923 4736
2923 6553
2924 6365
2924 6446
2924 6614
2924 7340
2924 9649
2925 5251
2925 5846
2926 3847
2926 4431
2926 4635
2926 6036
2926 8364
2926 8999
2927 2961
2927 4136
2927 7106
2927 8013
2928 7348
2928 8511
2929 5412
2929 5754
2930 4480
2930 6698
2930 6879
2930 7992
2930 8405
2930 8703
2930 9404
2931 4598
2932 3107
2932 4187
2932 6534
2932 6811
2933 5008
2933 6779
2933 7415
2934 8946
2935 3027
2935 4995
2936 3431
2936 8826
2936 9288
2937 3253
2937 6219
2937 7272
2937 7876
2938 3519
2938 8964
2939 3818
2939 5585
2939 8527
2939 8923
2940 7641
2941 3103
2941 4638
2941 6114
2941 7136
2941 7996
2941 8847
2941 8934
2941 9187
2942 3185
2942 3847
2942 4947
2942 5613
2942 7091
2942 9717
2943 5793
2944 3984
2944 6040
2945 3236
2945 4392
2945 8272
2946 3901
2946 6212
2946 9839
2947 6810
2949 3497
2949 9396
2950 3565
2950 4847
2950 7511
2951 8043
2951 8955
2952 3137
2952 4653
2952 6482
2952 6609
2952 8838
2953 3595
2953 9491
2954 5410
2954 5546
2954 6821
2955 4485
2955 5405
2955 7011
2955 7742
2955 8582
2955 8620
2956 4593
2956 6366
2956 6717
2956 7357
2957 3291
2957 5725
2958 8340
2958 8409
2958 9767
2959 5413
2959 7727
2959 8421
2960 8490
2960 9320
2961 5884
2962 6874
2963 3154
2963 3856
2963 8164
2963 9317
2964 4633
2964 5636
2964 5744
2964 7820
2964 8873
2964 8937
2964 9268
2964 9964
2965 7525
2965 9257
2966 2990
2966 4405
2966 7793
2966 9342
2967 3310
2968 3263
2968 4278
2968 4737
2968 4867
2968 6343
2968 6363
2968 6429
2968 6452
2968 7163
2968 8456
2968 8734
2969 3102
2969 3844
2969 6784
2969 7821
2969 8851
2969 9715
2970 7164
2970 9094
2971 4044
2971 5334
2971 7929
2971 9915
2972 7046
2972 7163
2973 3623
2973 5188
2973 8242
2974 4592
2975 5493
2975 7673
2976 3299
2977 3042
2977 5941
2977 6781
2977 7096
2977 7743
2977 8034
2977 8198
2978 5142
2978 6979
2978 8325
2979 5909
2979 6497
2979 6748
2979 6983
2979 9058
2980 3852
2980 5751
2980 7766
2981 3196
2981 3497
2981 6725
2981 9991
2982 4079
2982 5287
2982 5807
2982 9506
2983 3020
2983 3512
2983 5669
2983 7215
2983 8494
2984 3454
2984 4832
2984 7306
2984 8627
2985 3560
2985 5240
2985 6068
2986 8263
2986 9864
2987 4592
2987 5099
2987 5117
2987 7143
2987 7935
2988 3991
2988 4744
2989 7128
2990 3766
2990 4455
2990 6656
2990 7333
2991 3115
2991 5548
2991 6436
2991 7406
2993 3380
2993 7328
2994 3441
2994 7386
2994 9124
2995 3100
2995 3612
2995 6933
2995 8650
2996 4246
2997 8919
2998 9079
2999 3418
2999 7167
2999 7398
3000 7694
3000 8096
3001 4304
3001 4373
3001 8603
3002 3146
3002 5366
3002 8471
3003 6329
3003 6891
3003 7672
3003 8171
3003 9905
3004 5787
3004 6691
3007 6268
3008 3789
3008 4059
3008 5714
3008 5864
3008 6618
3008 6865
3009 5283
3009 9506
3010 6210
3010 6372
3010 7449
3011 5757
3012 6732
3013 4218
3013 6678
3013 7488
3014 6295
3014 7464
3015 6558
3015 7670
3015 7915
3015 8239
3016 3066
3016 3708
3016 5022
3016 8760
3017 4715
3017 8126
3017 8210
3018 3866
3018 5520
3018 5575
3019 5056
3019 5232
3019 8402
3020 4791
3020 8008
3020 9091
3021 3132
3021 3772
3021 8400
3021 8549
3021 9360
3022 3067
3022 3850
3022 6219
3022 6600
3022 7308
3023 3170
3023 3334
3023 4026
3023 5934
3023 6104
3023 6482
3023 9165
3024 3342
3024 3452
3024 5008
3024 8266
3024 8843
3025 5607
3025 7685
3025 9181
3026 4590
3026 4925
3026 5023
3026 9271
3027 5614
3028 5932
3028 7604
3028 8986
3029 5154
3029 8280
3030 4246
3030 7261
3030 7336
3030 8449
3030 8931
3031 5170
3031 5722
3031 6148
3032 7756
3032 9204
3033 3597
3033 4765
3034 3303
3034 3670
3034 5303
3034 5339
3035 6085
3035 6483
3035 8533
3036 3622
3036 6674
3036 9820
3037 4870
3038 6769
3038 7815
3039 3305
3039 8649
3040 6160
3040 7978
3041 6857
3041 8371
3041 9627
3041 9964
3042 3106
3042 6304
3042 8584
3042 8757
3043 7026
3044 4722
3044 7569
3045 3908
3045 4387
3045 8208
3045 8950
3046 3596
3046 7363
3046 7879
3047 4020
3047 6770
3048 4136
3048 4875
3048 6684
3048 7448
3050 3527
3050 4928
3051 5512
3051 5646
3051 7925
3051 9352
3052 5761
3052 8216
3052 8769
3052 9834
3052 9964
3053 4325
3053 4557
3053 5621
3053 6435
3053 9485
3054 5037
3054 6589
3054 7031
3054 8157
3054 8495
3054 8906
3055 6096
3055 7784
3055 8390
3056 3704
3056 4816
3056 5640
3056 6018
3057 4219
3057 5024
3057 6409
3057 6667
3058 3320
3058 4037
3058 5061
3058 7447
3058 8236
3058 9649
3059 3501
3059 6158
3059 6466
3059 8082
3059 9933
3060 5059
3060 6386
3060 7322
3060 7627
3060 8717
3060 9176
3060 9529
3061 3215
3061 8415
3061 8520
3061 8522
3062 3905
3062 4579
3062 7113
3062 8095
3063 6139
3063 8415
3063 8471
3063 8476
3063 9062
3064 3475
3064 7480
3065 4689
3065 5612
3065 5685
3065 8241
3065 8610
3066 3235
3066 6607
3066 8672
3066 8770
3067 3367
3067 4511
3067 4669
3067 9323
3068 5689
3068 8388
3068 9179
3069 7187
3070 3466
3070 6135
3070 8287
3070 9414
3071 4329
3071 9073
3071 9422
3072 3286
3072 3359
3073 3243
3073 3544
3073 6242
3073 6662
3073 7544
3073 8797
3074 4310
3074 8076
3075 5396
3075 5573
3075 5844
3076 3474
3076 5288
3076 6325
3076 9651
3077 9000
3077 9750
3078 5102
3078 6512
3078 8184
3078 9042
3078 9052
3078 9639
3079 3227
3080 9132
3080 9474
3081 3713
3081 5262
3081 7467
3082 4504
3082 8669
3082 8752
3083 6768
3083 7039
3083 9417
3084 3680
3085 3226
3085 3672
3085 3940
3085 4067
3085 9232
3086 6303
3086 6333
3086 8192
3087 8091
3087 9504
3087 9594
3088 7462
3089 3545
3089 5039
3089 6575
3090 3204
3090 3324
3090 7446
3090 7737
3090 9969
3091 3232
3091 3612
3091 3815
3091 4558
3091 8906
3092 3093
3092 5285
3092 6738
3092 7231
3092 7683
3092 9521
3093 3256
3093 3305
3093 3657
3093 4390
3093 7171
3093 7663
3093 8162
3094 4108
3094 6219
3095 3330
3095 3704
3095 6158
3096 8304
3096 8495
3096 9055
3096 9666
3097 5810
3098 9205
3098 9239
3099 4668
3099 6086
3099 8299
3099 9608
3100 4679
3100 5276
3100 8905
3100 9008
3102 5158
3102 5987
3102 7146
3102 9684
3103 4009
3103 4145
3103 4406
3103 5442
3103 8980
3105 3400
3105 4196
3105 6601
3106 4744
3106 5654
3106 9604
3107 3364
3107 7427
3107 8819
3108 4834
3108 8559
3108 9062
3108 9137
3108 9864
3109 4234
3109 4327
3109 7614
3110 3228
3110 3573
3110 6185
3110 9024
3111 5676
3111 5962
3111 6822
3111 7772
3111 9439
3112 3643
3112 7641
3113 8229
3114 3243
3114 5521
3114 7719
3114 9405
3115 4229
3115 9350
3116 4693
3116 5414
3116 8454
3117 6364
3117 6556
3118 5861
3118 7867
3119 7300
3119 7435
3119 7951
3119 9208
3119 9958
3120 3466
3120 3628
3120 8777
3121 5587
3121 6561
3121 8242
3121 9425
3122 5098
3122 9386
3122 9683
3123 5887
3123 6259
3123 6363
3124 3447
3124 5763
3124 6923
3124 8622
3125 5180
3125 5370
3125 9622
3126 7660
3127 5628
3127 9459
3128 5881
3128 8418
3128 9896
3129 6164
3129 8239
3129 8891
3130 4916
3130 6773
3130 7992
3130 8385
3131 3998
3131 5961
3131 7178
3131 9136
3131 9259
3132 4676
3132 8400
3133 4403
3133 5280
3133 5808
3133 7108
3133 8136
3134 5062
3134 5403
3134 5419
3134 8256
3135 5072
3135 5636
3135 5730
3135 7768
3136 5482
3136 7264
3136 8639
3136 9004
3136 9370
3137 4427
3137 7517
3138 5981
3138 6430
3138 7624
3138 8913
3139 7435
3139 7877
3139 8504
3139 8843
3139 9198
3139 9428
3140 4173
3140 4954
3140 6794
3140 9675
3141 3536
3141 6303
3141 7043
3142 5901
3142 6413
3142 7495
3142 9870
3143 4103
3143 4992
3143 8137
3143 9630
3144 3844
3144 6997
3144 7319
3145 5395
3145 8547
3146 3728
3146 4440
3146 5944
3146 6306
3146 6766
3146 7733
3146 8273
3146 9968
3147 7899
3147 8059
3147 9649
3148 5192
3148 5513
3148 9108
3149 3412
3149 3614
3149 3881
3149 4356
3149 4638
3149 4900
3149 7370
3149 7788
3149 9552
3149 9626
3150 9075
3151 4347
3151 4479
3151 5951
3151 6400
3151 6969
3151 8478
3151 8851
3151 9954
3152 4597
3152 5287
3152 5440
3152 8305
3152 8555
3152 8660
3153 4106
3153 4712
3154 6312
3154 9025
3155 5711
3155 6470
3155 6472
3155 9793
3156 4891
3156 6856
3157 3384
3157 3620
3157 3718
3157 4574
3157 5931
3157 7879
3157 8164
3157 9186
3158 4893
3158 5688
3158 7400
3159 4254
3159 4793
3159 5527
3159 5695
3159 7838
3160 3399
3160 3946
3160 4571
3160 5451
3160 6021
3160 6924
3161 5291
3161 5388
3161 6983
3161 7920
3161 8959
3162 3679
3162 4911
3162 4967
3162 6514
3162 6941
3163 4374
3163 7085
3163 8587
3164 4508
3164 5875
3165 5636
3165 6463
3166 3367
3166 4891
3166 7009
3166 7246
3166 7275
3167 7477
3167 7839
3167 8260
3167 8594
3167 8879
3167 9315
3167 9436
3167 9924
3168 3248
3168 4587
3168 5553
3168 6285
3168 7112
3168 8234
3168 9780
3169 3494
3169 4822
3169 7338
3170 5062
3170 5164
3170 6334
3170 6375
3170 8399
3170 9231
3170 9705
3171 6652
3172 5337
3172 7252
3172 7348
3173 6078
3173 8116
3173 9564
3174 9200
3175 4236
3175 6754
3175 7351
3175 9550
3176 5506
3176 7740
3176 9840
3177 4851
3177 4957
3177 6595
3177 6853
3177 9535
3177 9653
3178 3958
3178 4378
3178 5497
3178 5817
3178 6277
3178 8334
3178 9531
3178 9810
3179 3191
3179 3456
3179 5448
3179 6943
3180 5327
3181 5064
3181 8479
3182 6318
3182 7030
3182 8648
3183 5384
3183 5649
3183 5947
3183 8233
3183 8620
3183 9467
3184 5500
3184 7024
3184 9727
3185 5985
3185 7056
3185 8618
3186 3844
3186 8946
3186 9681
3187 4540
3187 5237
3187 8618
3188 3574
3188 3846
3188 4672
3188 5623
3188 5699
3188 6211
3188 7446
3188 7969
3189 3277
3189 4094
3189 7406
3189 7714
3190 3602
3190 8469
3190 9125
3191 6205
3191 8366
3191 9982
3192 3422
3192 5209
3192 9853
3193 3455
3193 9628
3194 4911
3194 6137
3194 8600
3194 9177
3194 9564
3194 9914
3195 4966
3195 5873
3195 8868
3196 7143
3197 5184
3197 6004
3197 7087
3197 8633
3198 7472
3198 7626
3198 8078
3198 9727
3198 9730
3199 7070
3199 8014
3200 5194
3200 5292
3201 3229
3201 3462
3201 7599
3201 8784
3201 9941
3202 4319
3202 5966
3202 6321
3202 6668
3202 7844
3202 9277
3203 5987
3204 4850
3204 8644
3205 4746
3206 7307
3207 5275
3208 4837
3208 7070
3208 7221
3209 3462
3209 7487
3210 3926
3210 7859
3210 8294
3212 4496
3212 6510
3212 8741
3213 8781
3213 9787
3214 7960
3214 8444
3215 4610
3215 6794
3215 8559
3215 8680
3218 6017
3218 6800
3219 4602
3219 5643
3219 5886
3219 7718
3219 7915
3219 9059
3220 3541
3220 3930
3220 7298
3220 8953
3221 6663
3221 7503
3222 4759
3222 5984
3222 8320
3222 9119
3223 3941
3223 5432
3223 7154
3223 7703
3223 7793
3223 8762
3224 6614
3224 7328
3224 7808
3225 4073
3225 5721
3226 6591
3226 6820
3227 7056
3227 8521
3228 4147
3228 5407
3228 9241
3229 4625
3229 4650
3229 6681
3229 7820
3229 9935
3231 4052
3231 5800
3231 6063
3231 6510
3232 5460
3232 6440
3232 8133
3232 8641
3232 9627
3233 5804
3234 3305
3234 7281
3234 7332
3234 7988
3234 8118
3234 8796
3234 9433
3235 9159
3235 9389
3236 5214
3236 7363
3237 5695
3237 6887
3237 8287
3237 8906
3238 3852
3238 3941
3238 4108
3238 4142
3238 9411
3239 3363
3239 3875
3239 4801
3239 5835
3239 6023
3239 7376
3240 4655
3240 5161
3240 6022
3240 7418
3240 8016
3240 8413
3240 8869
3241 3385
3241 8172
3242 8004
3242 8495
3242 9225
3243 6085
3243 8376
3243 8500
3243 9491
3244 6545
3244 8548
3244 8587
3244 9260
3245 7728
3246 4244
3246 4346
3246 4947
3246 7730
3246 8499
3246 9237
3247 3388
3247 4353
3247 5147
3247 5507
3247 6218
3247 9912
3248 5145
3248 8728
3249 4530
3249 5516
3249 7223
3249 7975
3249 8935
3250 4156
3250 4294
3250 6037
3250 8743
3250 9594
3251 7235
3251 7955
3252 3278
3252 3853
3252 3902
3252 4299
3252 4991
3252 9282
3253 3364
3253 6555
3254 4494
3254 7124
3255 7936
3255 9439
3256 5426
3256 6424
3256 9452
3257 3833
3257 9542
3258 4054
3259 3558
3259 4528
3259 5846
3260 3597
3260 4805
3260 6414
3260 7294
3260 7403
3260 7572
3260 9159
3260 9720
3261 5513
3262 3272
3262 4281
3262 4397
3262 5293
3262 5637
3262 6338
3262 6437
3262 6755
3262 8343
3262 8663
3262 9082
3263 3574
3263 4640
3263 5012
3263 9721
3264 3795
3264 4339
3265 6934
3265 7664
3265 9083
3266 4309
3266 7783
3266 8365
3266 9848
3267 6956
3267 7255
3267 7799
3268 3823
3268 4740
3268 4849
3268 5188
3268 6410
3268 9288
3269 4161
3269 4639
3269 4986
3269 8466
3269 8542
3270 4424
3270 8069
3271 4652
3271 6873
3271 9636
3272 7807
3272 8932
3272 9330
3272 9770
3273 4501
3273 4634
3273 7574
3273 8313
3273 9465
3274 4335
3274 5482
3275 4095
3275 9087
3275 9617
3276 4132
3276 6171
3276 7543
3276 9868
3276 9967
3277 9007
3277 9188
3278 3404
3278 4211
3278 4488
3278 4620
3278 5547
3278 6193
3278 6681
3278 6684
3278 8504
3278 8714
3278 8776
3278 9497
3279 5383
3279 5594
3279 6513
3279 7537
3280 6367
3280 6577
3280 7288
3280 7804
3280 8958
3280 9260
3280 9521
3281 4263
3281 6409
3281 9381
3282 3434
3282 5692
3282 6305
3283 5109
3283 5606
3283 5946
3283 6630
3283 8951
3284 5917
3285 6536
3287 4382
3287 5130
3287 5844
3287 5909
3287 6824
3287 7126
3287 7374
3287 9389
3287 9852
3288 5494
3288 6174
3288 6447
3289 6623
3289 6896
3290 3658
3290 4534
3290 4802
3290 5737
3290 6706
3290 7262
3290 7872
3290 7905
3290 9988
3291 4468
3291 9584
3292 4201
3292 5672
3292 7496
3293 3989
3293 6200
3293 6690
3294 4331
3294 4885
3294 5230
3294 5657
3294 9489
3295 3849
3295 7023
3295 7557
3295 7619
3295 9216
3295 9795
3296 5319
3296 8660
3297 3847
3297 5178
3297 6012
3297 6133
3297 6323
3297 6753
3298 4691
3298 5394
3298 7915
3298 8757
3299 5638
3299 6530
3299 8417
3300 9362
3300 9408
3301 6202
3301 8557
3301 8817
3302 4757
3303 4102
3303 7005
3303 7414
3304 5019
3304 5136
3304 5389
3304 7429
3305 4077
3305 4568
3305 7975
3305 9739
3306 3667
3307 3916
3307 7691
3308 6697
3308 7774
3309 6065
3309 6392
3309 6632
3309 7309
3310 4057
3310 7623
3310 7689
3311 5002
3311 5072
3311 5916
3311 6164
3311 8046
3313 4137
3313 4312
3313 5117
3313 5675
3313 9008
3314 3805
3314 5453
3315 3853
3315 4652
3315 5563
3315 5692
3316 3988
3316 4849
3316 5918
3316 8328
3317 4559
3317 6471
3317 6758
3318 3951
3318 4191
3318 4759
3318 6192
3319 3357
3319 3843
3319 7223
3319 7842
3320 5167
3320 9004
3321 3739
3321 3815
3321 4971
3321 6966
3321 8273
3321 9345
3322 7549
3322 9727
3323 5429
3323 5674
3323 8788
3323 9410
3324 3374
3324 7810
3324 7854
3324 7908
3325 5008
3325 5038
3325 6868
3326 4939
3326 8728
3327 4075
3327 6479
3327 7406
3327 8199
3327 9735
3328 3756
3328 3811
3328 6623
3328 7242
3328 7953
3328 8945
3328 9117
3329 7140
3329 7637
3330 5872
3330 6907
3330 9457
3331 6446
3331 6470
3331 6555
3331 8127
3331 9582
3332 4754
3332 4792
3332 6159
3332 8762
3332 9753
3333 9760
3334 5161
3335 3720
3335 4185
3335 4288
3335 4393
3335 5694
3335 5835
3335 8439
3335 8955
3336 6757
3338 4335
3338 5373
3338 5609
3338 6925
3338 8123
3338 8509
3338 8897
3339 5635
3339 6857
3340 9805
3340 9849
3341 5352
3341 5997
3341 6125
3342 4369
3342 7382
3343 8965
3344 5024
3344 6670
3344 8196
3344 8502
3345 3367
3345 6506
3345 8919
3346 4464
3346 5402
3346 5879
3346 6232
3346 6831
3346 9418
3347 8432
3348 5034
3348 5140
3348 7863
3348 8861
3348 9245
3349 4187
3349 4529
3349 5600
3350 5430
3350 8494
3350 9637
3351 5404
3351 7384
3352 4763
3352 4797
3352 8241
3353 3879
3353 4148
3353 7957
3354 3468
3354 4072
3354 6237
3354 9363
3355 7083
3355 8565
3356 5142
3356 6189
3356 9010
3357 6995
3357 9901
3358 6489
3358 7307
3359 4613
3360 4555
3360 6696
3360 9140
3361 7796
3362 3786
3362 3792
3362 3834
3363 6104
3363 7482
3363 8520
3364 4484
3364 6180
3365 3600
3365 6540
3365 7281
3365 7560
3365 8269
3366 7024
3366 7579
3367 5396
3367 5480
3367 7249
3367 7308
3367 9186
3367 9452
3367 9559
3368 4383
3368 5422
3368 6057
3368 6692
3368 8259
3368 8375
3368 9874
3369 4333
3369 7498
3369 8892
3370 3725
3370 3869
3370 6005
3370 8309
3370 9438
3371 5124
3371 6723
3372 7607
3373 5029
3373 7004
3373 9131
3373 9497
3374 5101
3374 9827
3374 9828
3375 7848
3375 8609
3376 5599
3377 3397
3377 5301
3377 5339
3377 6466
3378 8559
3378 9082
3379 3868
3379 7107
3379 7236
3379 7628
3379 8065
3379 9636
3379 9830
3380 5058
3380 6068
3381 8779
3382 6369
3382 6800
3383 4319
3383 4837
3383 5569
3383 9435
3384 4028
3384 4544
3385 7180
3386 3558
3386 4236
3386 9139
3387 4201
3387 7077
3387 7367
3388 5046
3388 8544
3389 8108
3389 9153
3390 5195
3390 9147
3390 9582
3391 6577
3391 7044
3391 7195
3392 5395
3392 6540
3393 4791
3393 7729
3393 7810
3393 8652
3394 5152
3394 6275
3394 7129
3395 4752
3395 5120
3395 8010
3396 3638
3396 4904
3396 6506
3396 9441
3397 3899
3397 5745
3397 8986
3397 9225
3398 5644
3398 7968
3399 3870
3399 4667
3400 5035
3400 6302
3400 8743
3401 3729
3401 4236
3401 6995
3402 6305
3403 4392
3403 4889
3403 6307
3403 6347
3403 7954
3403 9022
3404 3886
3404 4611
3404 4786
3404 5154
3404 5918
3404 7377
3404 8103
3404 8312
3405 4043
3405 8713
3406 9078
3407 4573
3407 8720
3407 8881
3407 8914
3408 6510
3408 7220
3408 8274
3409 5278
3409 6546
3409 6781
3409 8294
3409 8815
3409 9972
3410 3621
3410 4041
3410 5107
3410 6131
3410 6838
3411 5139
3411 7028
3411 8520
3413 4342
3413 5235
3413 5911
3413 9861
3414 5274
3414 8602
3414 9096
3414 9777
3415 4609
3415 6503
3415 7543
3415 8060
3416 3846
3417 3703
3417 5859
3417 9024
3417 9433
3418 9072
3418 9735
3419 5656
3419 6012
3419 6460
3419 6802
3419 7666
3419 8419
3420 3440
3420 3652
3420 7154
3420 8850
3421 4608
3421 4789
3421 6763
3422 4382
3422 4417
3422 4455
3422 9310
3423 3981
3423 4818
3423 8159
3423 9400
3424 3983
3424 4231
3424 7097
3424 7488
3424 7666
3424 9001
3424 9418
3424 9858
3425 5696
3425 7553
3425 9110
3425 9738
3426 5006
3426 7761
3426 7975
3426 8208
3427 3836
3427 3861
3427 8816
3428 5121
3428 5443
3428 6546
3428 7813
3428 9597
3430 5986
3430 6546
3430 7630
3430 9124
3430 9475
3430 9678
3431 5118
3431 7577
3432 5200
3432 5976
3433 6778
3433 8165
3433 8242
3433 8400
3433 9337
3433 9694
3434 5937
3434 6051
3434 6155
3434 7534
3435 6637
3435 9958
3436 3499
3436 5285
3436 5686
3436 6901
3436 7146
3436 9004
3436 9637
3436 9723
3437 3455
3437 7041
3438 4585
3438 5276
3438 9295
3438 9470
3439 4205
3439 4572
3439 4854
3439 6067
3439 7496
3439 8775
3439 9813
3440 5764
3440 9966
3441 4452
3441 9159
3442 3785
3442 4681
3442 5201
3442 6157
3442 7911
3442 8704
3443 4537
3443 5327
3443 5474
3444 5938
3444 6054
3444 8639
3444 8987
3445 6620
3445 8063
3446 4763
3446 5359
3446 5741
3446 8388
3446 8651
3447 3470
3447 4482
3447 8425
3448 4207
3448 6945
3448 9907
3449 6656
3449 7398
3451 7319
3451 8234
3451 8711
3451 9172
3451 9888
3452 5260
3452 5375
3452 8110
3452 8648
3452 9810
3453 4691
3453 5841
3453 7245
3453 7336
3453 8833
3453 9552
3454 3797
3454 4610
3454 4867
3454 5277
3455 4428
3455 7959
3457 5743
3458 3571
3458 4656
3458 6737
3459 3555
3459 5263
3459 8214
3460 7305
3460 8440
3460 8784
3461 4341
3462 3614
3462 6400
3462 6682
3462 7169
3462 7198
3462 8385
3462 8969
3463 5817
3463 7444
3463 8659
3464 3588
3464 5934
3464 8254
3464 8373
3465 8249
3465 9865
3466 4181
3466 4246
3466 6443
3466 7734
3466 7885
3466 8981
3467 4475
3467 4765
3467 5103
3467 8239
3467 8346
3468 8341
3469 4677
3469 5343
3470 5856
3470 6182
3470 9092
3471 3750
3471 4014
3471 4895
3471 4939
3471 9495
3472 5025
3472 5559
3472 6485
3472 9116
3472 9602
3472 9717
3473 6101
3473 8759
3473 9024
3474 6123
3474 6537
3474 7558
3474 9426
3474 9496
3475 3941
3475 4373
3475 5380
3475 5510
3475 6583
3475 7446
3475 8721
3475 8953
3476 5397
3476 9239
3476 9371
3477 4751
3477 5174
3477 5521
3477 9173
3478 5661
3478 6678
3478 8316
3478 8694
3479 8215
3479 9134
3479 9960
3480 6253
3480 9687
3481 7162
3482 4674
3482 5551
3482 6870
3483 5771
3483 6632
3483 6859
3483 8427
3483 8585
3483 9323
3484 3938
3484 5230
3484 6415
3484 8948
3484 9401
3485 3800
3485 4056
3485 9635
3486 4254
3486 4986
3486 5811
3486 8564
3487 4063
3487 5245
3487 6445
3487 6984
3489 3646
3489 4502
3489 4825
3489 8170
3490 4046
3490 7092
3490 7493
3491 6589
3491 6974
3491 8292
3492 8455
3492 8716
3493 5167
3493 7340
3493 7674
3493 7977
3494 5652
3494 6692
3494 7137
3494 7308
3494 7796
3494 7826
3494 9966
3494 9980
3495 7749
3495 8554
3496 6785
3496 8638
3496 9091
3497 3895
3497 8179
3497 9571
3498 4435
3498 6488
3498 7164
3499 4852
3499 7731
3499 8912
3500 5770
3501 4213
3501 5094
3501 5790
3501 5951
3501 9856
3502 4073
3502 6829
3502 7134
3502 9796
3503 5336
3503 9738
3504 4544
3504 6002
3505 4733
3505 5052
3505 6155
3505 6660
3506 4303
3506 4505
3506 8489
3507 5691
3507 6335
3508 7801
3508 7839
3509 5047
3509 5392
3509 7827
3509 9520
3510 7902
3510 9258
3511 9273
3512 7707
3512 8102
3512 8798
3512 8989
3513 4580
3513 4908
3513 7353
3513 9092
3513 9664
3514 4277
3514 6316
3514 6568
3514 6638
3514 8065
3514 9314
3514 9383
3515 5935
3515 7630
3516 3854
3516 3967
3516 3998
3516 4691
3516 6207
3516 6373
3516 7266
3516 7367
3516 8280
3516 9126
3517 3963
3517 5659
3517 6580
3517 8527
3517 9173
3518 3653
3518 6221
3518 6652
3518 7670
3518 7820
3519 4187
3519 5414
3519 9116
3520 4464
3520 5238
3520 7905
3521 3824
3521 4022
3522 4821
3522 6987
3522 8473
3522 9730
3523 4113
3523 5435
3523 7395
3523 7734
3523 8082
3524 3730
3524 6078
3524 7105
3524 8415
3524 9268
3525 7564
3525 9931
3526 4745
3526 4943
3526 5429
3526 5852
3526 7164
3526 8490
3527 5014
3527 9478
3528 4591
3528 7492
3529 3619
3530 4351
3530 4823
3530 7348
3530 8771
3530 8854
3530 9666
3531 6302
3533 3670
3533 4067
3533 7289
3534 6071
3534 9120
3535 3803
3535 5477
3535 6518
3535 7131
3536 8601
3537 4372
3537 4446
3537 5958
3537 6736
3537 6918
3537 7261
3537 8938
3538 8398
3538 8404
3538 8951
3538 9757
3539 8451
3540 5455
3542 5113
3542 5576
3542 5767
3542 7115
3542 8114
3543 3674
3543 6700
3543 7789
3543 9079
3544 5174
3544 8596
3545 4026
3545 7425
3545 7874
3545 9091
3546 6002
3546 8768
3547 6800
3548 3657
3548 4979
3549 3595
3549 9872
3550 6468
3550 6798
3550 6954
3550 9459
3550 9794
3551 4035
3551 5124
3551 7904
3551 7976
3551 9891
3552 4662
3552 5331
3552 5504
3552 8703
3552 9757
3552 9872
3553 4629
3553 7428
3554 7305
3554 8874
3555 4042
3555 4416
3555 5209
3555 9183
3557 8091
3557 8167
3558 5894
3558 8768
3559 4508
3559 5564
3559 6132
3559 6399
3559 8152
3559 9104
3559 9179
3560 4367
3560 6423
3560 6746
3561 8135
3561 8658
3562 5584
3562 7691
3563 4674
3563 5488
3564 4128
3564 7011
3564 8117
3564 8624
3565 4916
3565 4952
3566 4891
3566 6282
3566 7101
3566 7760
3566 7804
3566 8150
3566 9657
3567 7542
3567 8732
3567 8803
3567 8924
3568 5212
3568 5441
3568 7178
3569 8520
3569 9382
3570 5060
3571 3688
3571 5105
3571 5730
3571 8341
3572 4112
3572 6906
3572 7308
3573 8654
3574 7213
3575 4308
3575 5297
3575 8542
3575 8662
3576 4358
3576 5543
3577 7932
3578 3598
3578 3963
3578 6290
3578 7242
3579 8619
3580 4512
3580 4859
3580 5034
3580 5258
3580 5605
3580 6199
3580 7415
3580 7858
3580 9617
3581 5858
3581 6982
3581 9702
3582 4348
3582 4583
3582 4775
3582 5772
3582 6407
3582 7147
3582 9830
3583 4769
3583 6278
3584 6060
3584 6668
3585 6461
3585 8059
3586 3876
3586 4297
3586 5259
3586 5818
3587 3961
3587 6692
3587 7146
3587 8463
3588 7757
3588 9196
3589 6299
3589 6580
3589 6697
3589 7220
3589 7706
3589 9541
3590 4034
3590 4692
3590 5682
3590 6655
3590 7349
3590 8971
3592 4299
3592 5731
3592 8853
3593 7796
3594 4741
3594 4881
3594 6792
3596 4140
3596 5421
3596 6638
3596 9110
3597 4580
3597 5460
3597 9401
3598 4187
3598 5684
3598 6520
3598 9082
3598 9701
3599 9937
3600 4803
3600 6579
3600 6599
3600 6658
3600 7251
3600 9221
3600 9261
3601 4323
3601 4401
3601 8736
3601 9904
3602 4936
3602 6070
3602 8831
3602 8833
3603 4339
3603 4959
3603 8361
3603 9364
3604 6444
3604 7545
3604 7857
3605 5932
3605 6303
3605 7380
3606 5969
3606 6872
3606 7798
3606 9699
3607 7025
3608 5637
3608 5696
3608 8829
3608 8962
3609 7888
3609 8645
3610 8623
3610 8734
3610 9739
3611 3707
3611 3868
3611 8027
3611 8038
3611 8570
3611 8976
3612 6705
3613 5546
3613 7212
3613 8629
3614 7022
3614 9874
3614 9922
3615 4942
3615 7967
3615 9294
3616 4352
3616 5485
3616 5565
3616 6563
3616 6895
3616 8205
3616 9276
3617 3713
3617 6503
3617 6591
3617 6682
3618 4963
3618 5224
3618 9469
3619 4020
3619 4704
3619 6411
3619 6838
3619 7199
3619 9282
3619 9285
3619 9536
3619 9879
3620 5291
3620 5563
3620 9942
3621 6167
3622 6945
3622 7173
3623 6933
3623 9279
3624 3816
3624 4112
3624 4816
3624 8852
3625 8675
3626 4080
3627 5206
3627 5531
3628 4570
3628 7251
3629 4685
3629 8110
3629 9784
3630 5557
3630 6502
3630 6734
3630 8833
3630 8996
3631 8355
3632 3761
3632 4774
3633 7107
3633 7246
3634 7182
3635 6466
3635 9544
3636 4513
3636 8655
3637 5257
3637 5827
3637 8652
3637 8668
3637 9715
3638 5109
3638 8397
3638 9936
3640 6218
3640 8148
3640 8987
3640 9862
3641 7899
3642 3815
3642 3855
3642 5204
3643 3823
3643 5300
3644 8870
3644 9664
3645 4811
3645 5289
3645 8447
3645 9011
3646 4580
3646 6928
3646 7389
3646 8365
3646 8768
3647 4297
3647 5145
3647 5359
3647 7898
3647 7991
3648 7271
3648 9917
3649 5147
3649 7676
3649 7759
3649 7903
3650 5749
3650 6363
3650 9066
3650 9858
3651 4700
3651 5381
3651 8085
3652 5743
3652 6457
3652 8141
3653 4777
3653 5476
3653 6248
3653 6460
3653 6780
3653 7374
3654 5000
3654 9076
3654 9320
3655 4589
3655 7607
3655 9174
3656 4940
3656 5715
3656 6731
3656 8881
3656 9505
3657 4832
3657 6583
3657 9921
3658 4108
3658 4216
3658 5297
3658 5728
3658 6283
3658 7858
3659 4511
3659 5683
3659 5771
3659 7827
3659 9311
3659 9872
3660 4645
3660 6143
3660 8379
3661 4686
3661 8136
3661 9542
3661 9840
3662 6505
3662 6811
3662 9742
3663 4083
3664 5562
3665 4994
3665 9404
3666 4676
3666 5638
3666 5673
3666 6762
3666 9752
3667 3859
3667 4375
3667 7020
3667 7714
3668 6303
3669 5765
3669 8699
3670 9482
3671 3802
3671 4152
3672 3875
3672 4658
3672 8743
3673 7567
3674 6569
3675 3722
3675 5603
3675 5847
3675 8313
3675 8792
3676 4398
3676 4844
3676 7212
3677 6712
3677 8335
3677 8569
3677 9030
3677 9438
3678 7679
3678 8601
3678 8730
3678 9540
3679 3874
3679 4809
3679 8044
3680 4222
3680 8432
3680 9092
3680 9832
3681 6907
3681 8596
3681 9224
3682 3927
3682 4561
3682 5076
3682 6351
3682 9224
3682 9855
3683 4810
3683 8904
3684 4141
3684 4768
3684 6799
3684 8569
3684 9527
3685 6939
3685 8192
3685 8468
3686 4960
3686 5671
3686 8759
3687 5478
3687 5918
3687 6133
3687 6896
3687 8062
3689 4669
3689 6996
3689 9515
3690 6355
3690 6639
3690 9624
3691 4530
3691 9534
3691 9887
3692 7359
3692 7996
3692 8409
3692 9031
3693 4246
3693 5552
3694 9015
3695 4038
3695 4514
3695 6712
3696 4729
3696 6161
3696 6316
3696 7432
3696 8400
3696 9318
3696 9561
3697 3996
3697 5189
3697 7171
3697 7901
3697 8576
3697 9824
3698 4969
3698 7386
3698 9359
3698 9433
3701 4897
3701 5419
3701 6509
3701 7800
3701 7992
3701 8326
3701 9681
3702 7075
3702 7076
3703 4999
3703 7349
3704 7338
3705 4024
3705 5027
3705 8172
3705 9211
3705 9581
3706 4395
3706 5534
3706 5914
3707 8128
3708 5934
3709 7822
3709 9353
3709 9675
3710 4048
3710 4067
3710 4340
3710 8211
3710 8861
3710 9302
3710 9384
3711 3835
3711 4681
3711 9167
3712 8316
3712 9357
3712 9882
3712 9893
3713 4473
3713 6560
3713 6879
3713 8452
3713 8737
3714 4022
3714 6102
3714 6694
3714 8259
3714 9653
3714 9749
3715 5598
3715 6527
3715 9186
3715 9381
3716 3983
3716 4377
3716 9897
3717 4066
3718 6046
3718 8541
3718 9965
3719 8592
3719 8852
3719 9206
3720 6022
3720 7739
3720 8425
3720 9099
3720 9685
3721 8076
3721 8730
3722 4687
3722 5468
3722 5658
3722 6430
3722 8170
3723 4562
3723 8681
3723 8823
3724 5041
3724 8470
3725 5090
3725 5161
3725 9765
3726 4434
3726 4927
3726 9062
3726 9285
3726 9437
3727 5330
3727 5702
3727 7190
3727 7782
3727 9688
3728 3959
3728 6533
3728 8916
3728 9595
3729 5424
3729 6202
3729 7867
3730 6631
3730 6978
3731 5185
3731 5400
3732 6354
3732 7267
3732 7982
3733 4360
3733 4858
3733 5474
3733 5496
3733 5703
3733 8531
3733 9593
3733 9636
3734 4679
3734 8442
3735 5583
3735 5861
3735 6881
3735 7084
3735 7891
3736 3822
3736 6862
3736 9358
3736 9763
3737 4767
3737 8047
3738 3875
3738 4715
3738 5241
3738 5960
3738 6692
3738 9233
3739 7135
3739 8974
3740 3789
3740 5588
3740 6551
3740 6924
3741 9142
3743 5913
3743 7811
3743 8213
3744 5606
3744 6960
3744 7864
3744 8913
3744 9065
3745 6574
3746 4980
3746 6052
3746 7221
3746 9322
3747 6616
3747 6814
3747 6949
3747 7065
3747 7968
3747 9517
3748 7362
3748 8314
3748 9571
3749 3914
3749 4272
3749 4595
3749 8575
3749 8819
3749 8917
3750 4567
3750 6829
3750 7873
3750 9679
3751 3936
3751 4230
3751 4774
3751 4946
3751 5664
3751 7285
3753 7316
3753 7894
3753 8998
3754 6328
3755 6091
3755 9661
3756 8864
3757 5814
3757 8117
3758 5368
3758 6136
3758 7725
3759 3949
3759 6614
3760 4335
3760 5766
3761 5150
3761 7732
3762 4572
3762 5635
3763 4262
3763 7607
3763 8317
3763 8812
3763 9216
3764 4397
3764 5444
3764 7898
3764 7972
3764 9863
3765 6861
3765 7487
3765 8667
3765 8901
3766 3989
3766 4981
3766 7249
3766 7617
3767 7298
3768 4768
3768 4971
3769 8329
3770 7088
3771 5118
3772 6770
3772 7538
3772 7763
3773 4152
3773 4166
3773 6207
3773 8165
3774 4534
3774 5808
3774 6005
3774 6925
3774 7210
3775 4152
3775 5230
3775 7932
3776 4804
3776 4864
3776 6033
3776 7963
3776 9895
3777 4987
3777 6214
3777 8352
3777 8801
3777 9781
3777 9964
3778 3811
3778 5200
3778 5999
3778 9530
3779 4219
3779 5083
3779 7170
3779 7871
3780 6087
3780 6819
3780 8792
3781 5684
3781 6622
3781 7076
3781 7646
3783 5439
3783 6579
3783 8426
3783 8740
3783 9031
3784 6132
3785 4070
3785 4993
3785 5578
3785 5687
3786 3817
3786 4513
3786 5433
3786 7070
3786 8545
3786 9600
3787 5342
3787 5395
3787 5979
3788 5160
3788 6153
3788 7776
3789 5237
3789 5658
3789 9746
3790 6764
3790 7137
3791 3845
3791 3869
3791 3939
3791 7963
3792 4642
3792 5640
3792 6759
3792 7932
3792 8401
3792 8423
3793 4643
3793 7290
3793 7662
3793 7861
3793 8632
3793 9206
3793 9969
3794 4861
3794 7986
3794 8219
3794 9089
3795 4112
3795 5555
3795 6170
3796 7971
3796 8469
3797 6317
3797 9106
3798 4295
3798 4890
3798 6963
3798 8569
3799 4566
3799 9316
3800 5893
3800 8171
3800 8758
3800 9303
3801 4097
3801 8217
3802 4973
3802 6244
3802 7261
3802 9096
3803 4281
3803 4693
3803 5250
3803 5583
3803 7629
3803 9545
3804 7887
3804 8488
3805 6285
3805 9209
3806 6406
3806 6617
3806 6881
3806 7861
3807 7106
3808 4529
3808 8293
3808 9357
3808 9719
3809 8021
3809 8489
3810 5024
3810 5654
3810 6255
3810 7849
3810 8543
3810 8919
3810 9544
3811 4133
3811 5914
3812 3907
3812 4294
3812 5510
3812 5893
3812 7384
3812 8583
3813 4343
3813 5681
3813 6591
3813 8502
3815 4986
3815 5394
3815 5633
3815 5693
3815 7554
3815 8318
3816 4958
3816 5631
3816 6518
3817 6102
3817 7337
3818 4249
3818 5421
3818 6039
3818 9621
3819 4177
3819 6994
3819 7471
3819 7961
3819 8781
3821 4678
3821 6987
3821 7889
3821 8820
3822 4770
3822 6367
3822 8236
3823 4277
3823 9590
3824 8476
3824 9115
3824 9719
3825 4301
3825 4897
3825 5398
3825 5444
3825 5630
3825 7400
3826 4602
3826 7266
3826 8178
3826 8873
3827 4175
3827 4388
3827 7100
3827 7305
3827 8535
3828 5171
3828 6742
3828 8996
3830 4125
3830 4400
3830 6917
3830 9968
3831 7384
3831 8038
3831 9262
3832 5998
3832 9923
3833 4318
3833 5698
3833 5719
3833 7519
3833 7540
3833 9451
3834 8199
3835 5713
3835 8597
3835 8822
3835 9318
3836 7324
3836 8195
3836 8436
3836 8657
3838 6760
3838 7581
3838 8003
3838 8419
3838 8652
3838 9553
3839 4538
3839 8267
3839 8500
3839 8508
3839 9571
3840 9447
3841 5237
3841 5878
3841 6400
3841 6823
3841 6954
3841 8380
3843 4807
3843 5558
3843 7058
3844 4385
3844 8160
3844 8380
3845 4154
3845 5395
3845 8313
3845 8996
3846 5896
3846 6646
3846 7080
3846 7528
3846 9309
3847 5406
3847 6038
3847 6733
3847 8021
3847 9323
3848 5696
3849 5861
3849 7434
3849 9330
3850 4419
3850 6175
3850 6429
3851 4568
3851 5107
3851 5269
3851 5490
3851 8166
3852 7776
3852 8129
3852 9223
3853 6516
3853 7183
3854 4214
3854 6328
3854 7448
3854 8952
3855 5834
3855 8338
3855 9041
3856 8276
3856 9741
3857 6021
3857 7814
3857 8051
3857 8327
3857 9364
3857 9831
3858 5302
3858 5863
3858 6552
3859 4475
3859 6395
3860 4533
3860 6050
3860 7783
3861 4249
3861 4662
3861 5712
3861 7085
3861 9834
3861 9836
3862 3986
3862 4156
3862 4538
3862 6671
3862 8676
3863 3981
3863 8222
3863 8469
3864 4018
3864 4076
3864 5993
3864 6812
3864 7365
3865 5901
3865 6317
3865 6369
3865 6962
3865 7755
3865 8845
3865 9123
3865 9751
3866 6252
3866 8665
3867 7531
3867 9195
3868 6357
3868 6843
3869 3962
3869 5556
3869 5624
3869 6410
3869 6978
3869 8607
3869 9406
3869 9805
3871 3962
3872 4339
3872 4492
3872 8647
3872 9511
3873 7224
3873 8398
3873 9155
3873 9221
3874 6385
3874 6679
3874 6931
3874 9800
3874 9999
3875 4971
3875 6575
3875 9555
3876 5675
3877 5071
3877 9468
3878 6790
3879 5409
3880 6490
3880 6820
3881 6464
3882 8420
3883 4844
3883 9734
3884 6644
3884 6680
3884 8828
3884 9455
3884 9865
3885 7094
3886 7006
3886 7683
3887 6162
3887 6266
3887 7437
3888 4215
3888 6003
3888 8358
3889 5861
3889 7860
3889 8448
3889 9408
3890 4048
3890 8854
3891 6278
3891 7089
3891 7626
3891 7627
3891 8699
3892 4419
3892 5804
3892 9423
3893 7712
3894 4408
3894 6673
3895 4486
3895 5872
3895 8654
3896 4292
3896 5826
3896 6376
3896 6490
3896 6516
3897 5368
3897 7565
3897 8136
3897 8346
3897 8498
3898 7117
3899 4424
3900 5866
3900 7013
3900 7418
3901 4225
3901 5197
3901 7045
3901 9656
3901 9746
3902 5472
3902 9016
3903 4008
3904 5538
3904 5672
3904 6683
3904 7389
3904 8731
3905 8706
3905 8945
3905 9679
3906 5172
3906 6346
3906 7995
3907 4814
3907 6079
3907 9522
3908 4981
3908 5566
3908 6799
3908 6838
3908 7104
3908 8917
3908 9333
3909 4650
3909 5111
3909 6125
3909 7403
3909 7680
3909 7694
3909 7988
3909 8211
3909 8219
3910 5232
3910 5377
3910 5535
3910 7715
3911 4064
3911 4572
3911 4743
3911 5134
3911 6449
3911 6619
3911 6681
3912 5034
3913 4896
3913 5328
3913 7968
3913 9847
3914 5292
3914 5377
3914 6153
3914 6606
3914 8899
3915 9258
3917 5759
3918 6390
3918 8458
3919 4142
3919 5242
3919 6352
3919 9171
3920 4417
3920 6015
3920 7304
3920 7964
3920 9015
3920 9590
3921 4269
3921 7203
3922 4671
3922 9939
3923 5371
3924 7807
3924 9062
3925 4832
3925 8577
3925 9277
3927 5953
3927 6127
3927 7798
3927 9363
3928 4584
3928 4696
3928 6293
3928 7043
3928 7588
3929 4607
3929 6665
3929 9056
3930 4427
3930 5516
3930 6746
3930 6863
3930 7427
3931 5060
3931 5593
3931 5949
3931 5955
3931 6972
3931 7711
3932 5453
3932 6293
3932 8078
3932 9295
3933 6721
3934 5679
3934 6425
3935 6015
3936 5525
3936 6991
3936 9052
3937 4157
3937 6119
3937 6344
3937 7824
3937 9243
3937 9339
3938 4734
3938 6846
3939 6656
3939 7887
3940 4306
3941 5100
3941 6130
3942 4737
3943 4791
3943 5372
3943 5987
3943 7671
3944 6050
3944 6452
3944 9403
3945 7423
3945 7784
3946 8205
3947 5109
3947 6422
3947 6943
3947 8897
3947 8923
3948 4525
3949 4184
3949 5228
3949 8955
3949 9293
3949 9844
3950 4509
3950 6812
3950 7111
3951 4686
3951 4739
3951 9421
3952 5221
3952 7217
3952 9636
3953 4959
3953 6530
3953 6842
3953 8885
3954 4594
3954 8079
3955 4466
3955 7386
3955 7856
3956 4149
3956 4840
3956 7670
3957 5994
3957 6501
3957 9215
3958 6405
3958 8808
3959 6400
3959 9184
3961 6058
3961 7424
3962 4624
3962 6680
3962 7306
3963 6424
3963 9701
3964 4768
3964 5176
3964 5361
3964 6216
3964 7319
3964 8539
3965 4047
3965 4140
3965 5617
3965 6713
3965 7543
3965 8771
3965 9668
3966 6327
3966 9859
3967 4728
3967 5548
3968 6108
3968 7341
3968 7656
3969 4109
3969 4668
3969 7772
3969 8393
3970 6528
3971 4234
3971 7726
3971 9084
3971 9751
3972 5860
3973 5654
3973 6391
3973 6407
3973 7422
3973 8047
3974 4680
3974 7586
3974 8032
3975 4046
3975 6742
3976 8564
3978 5015
3978 5048
3979 4475
3979 5896
3979 9472
3979 9696
3980 4909
3981 4347
3981 4402
3981 4938
3981 6952
3981 7536
3981 7551
3981 8800
3982 6244
3982 6656
3982 6972
3982 7940
3982 8328
3982 9065
3982 9216
3982 9973
3983 5844
3983 6198
3983 7095
3983 7871
3983 7913
3984 5441
3984 5765
3984 6525
3984 9611
3985 6695
3985 7468
3985 8427
3985 8773
3986 5570
3987 4289
3987 4397
3987 6462
3987 7547
3987 8649
3988 6605
3988 9935
3989 8234
3989 8757
3989 8994
3990 4387
3990 6240
3990 9060
3990 9578
3991 4191
3991 5132
3991 7767
3992 5768
3992 5992
3993 4130
3993 5733
3993 9181
3994 4228
3994 6801
3994 7714
3995 6750
3995 9823
3996 4044
3996 4459
3996 6601
3997 4204
3997 4837
3998 4853
3998 9322
3999 5299
3999 7118
3999 7264
3999 7643
4000 8424
4001 4193
4001 4368
4001 6244
4001 6420
4001 6421
4001 9664
4002 4503
4002 9107
4003 5041
4003 5055
4003 6687
4003 8286
4003 9003
4003 9059
4004 4562
4005 7959
4005 8594
4005 8734
4006 4682
4006 5260
4006 6336
4006 6512
4006 6603
4006 9822
4007 4490
4007 6246
4007 6486
4007 7947
4008 5592
4008 6852
4009 4057
4009 4224
4010 5294
4010 6694
4010 7634
4010 8002
4010 8716
4010 9757
4011 5523
4012 7835
4012 8794
4012 8814
4013 5222
4013 7294
4013 8539
4013 9239
4014 4594
4014 6498
4014 7141
4014 8631
4015 5554
4015 6856
4015 9348
4016 7161
4016 7477
4016 8493
4017 5068
4017 5414
4017 5760
4017 8226
4018 4475
4018 5316
4018 5367
4019 4654
4019 6421
4020 6110
4020 6341
4020 6665
4020 7067
4020 8576
4021 4090
4021 4123
4021 6635
4021 8121
4021 9290
4022 5562
4022 5640
4022 7220
4022 8708
4023 5368
4023 7740
4024 4222
4024 4489
4024 5024
4024 7609
4025 9818
4026 4028
4026 8079
4027 4414
4027 5793
4027 7273
4027 7999
4027 8305
4028 4146
4028 5888
4028 6759
4028 7228
4028 7622
4028 9310
4029 7175
4030 4365
4030 6956
4030 9550
4031 5272
4031 6174
4031 7152
4031 9749
4032 4589
4032 5327
4032 5627
4032 6118
4033 4458
4033 9156
4033 9233
4034 4728
4034 7064
4034 9317
4034 9551
4034 9932
4035 4375
4035 4448
4035 5856
4035 7326
4035 8105
4036 4814
4036 4938
4036 6274
4036 9827
4037 4556
4037 6068
4037 8608
4039 7175
4039 7932
4040 4893
4040 6857
4040 8382
4040 8477
4040 9502
4041 4264
4041 7691
4041 8230
4041 8254
4042 6473
4042 8878
4042 9784
4044 4694
4044 6068
4044 6613
4044 6870
4045 6325
4045 8507
4045 9193
4046 5043
4046 6046
4046 6048
4046 9977
4047 6197
4047 8200
4047 8616
4048 4591
4048 7123
4048 8727
4049 6615
4049 7188
4050 6383
4050 6466
4050 8026
4050 9386
4051 5601
4051 5896
4052 4074
4052 4396
4052 6977
4052 9181
4052 9905
4053 5734
4053 6087
4053 6135
4053 7149
4053 7230
4053 7525
4054 6755
4054 8178
4055 4649
4055 5453
4055 5897
4055 6003
4055 7560
4055 8514
4055 9194
4056 5664
4056 5673
4056 7326
4057 9355
4058 5474
4058 7189
4058 7698
4058 7983
4058 8985
4059 4670
4060 5426
4060 7071
4060 7449
4061 5134
4061 8430
4062 6844
4063 9336
4064 6953
4065 5280
4065 5632
4065 9239
4066 7561
4066 9397
4067 6546
4068 5691
4068 9927
4069 6317
4069 9638
4069 9994
4070 7027
4070 9495
4071 4610
4071 6351
4072 7613
4072 8527
4072 8613
4072 8778
4073 4745
4073 5633
4073 8572
4074 9560
4075 5001
4075 8221
4075 9883
4076 4230
4076 6278
4077 5629
4077 8500
4077 9649
4078 4267
4078 5083
4078 9879
4078 9893
4079 5049
4079 5708
4079 6701
4081 5083
4081 6418
4081 7526
4082 4348
4082 4783
4082 5126
4082 5149
4082 5179
4082 6265
4082 7116
4082 7547
4083 4628
4083 9325
4085 9852
4086 8394
4087 5662
4087 7146
4088 4873
4088 5274
4088 8203
4088 8927
4089 6221
4089 6936
4089 7762
4089 8175
4089 9657
4090 5283
4091 4579
4091 4919
4091 9425
4091 9989
4092 9415
4093 4256
4093 7831
4093 7839
4093 8431
4093 8964
4094 7490
4094 8466
4094 8509
4094 8712
4095 4736
4095 8230
4096 7507
4097 5391
4097 9686
4098 4632
4098 5545
4098 5690
4099 4141
4100 8500
4100 8705
4100 9419
4101 6030
4101 7184
4101 8939
4101 9944
4102 4431
4102 7302
4102 7738
4102 9701
4103 8996
4103 9273
4105 4970
4105 6038
4105 7648
4106 4198
4107 7282
4107 9188
4108 5315
4108 7109
4108 7310
4109 8646
4110 4192
4111 5398
4111 7943
4111 9325
4112 8209
4112 9257
4112 9431
4113 4660
4113 5733
4113 5984
4113 6471
4113 8551
4115 6450
4115 7157
4115 8117
4115 9066
4115 9785
4116 5020
4116 6760
4116 9295
4116 9553
4117 4905
4117 5116
4117 9051
4118 7715
4118 8669
4119 5170
4119 7121
4120 4472
4120 7832
4121 7147
4121 8329
4121 9673
4122 4589
4122 6118
4122 6536
4122 6733
4122 6766
4122 7741
4122 7928
4122 8419
4122 9455
4124 4322
4125 4401
4125 5776
4125 6268
4125 6984
4126 4211
4126 7303
4126 9828
4127 4391
4129 5115
4129 7774
4129 8918
4129 9552
4130 5151
4130 5251
4130 5997
4131 6029
4131 9957
4132 4504
4132 5761
4132 7670
4132 9897
4133 7675
4133 7716
4134 4732
4135 6309
4135 9302
4136 4559
4136 4985
4136 7825
4136 9913
4137 6656
4137 9127
4137 9526
4138 6220
4138 6587
4138 7591
4138 8350
4139 5238
4139 5603
4140 4738
4140 5319
4140 9893
4141 7664
4141 7781
4141 8711
4143 5659
4143 9230
4144 6014
4144 6579
4144 7509
4144 8795
4144 9250
4144 9766
4145 4821
4145 6155
4147 5811
4147 5877
4148 6136
4148 6408
4149 4252
4149 4627
4151 5355
4151 7907
4152 4365
4152 8323
4152 9964
4153 6434
4153 7356
4153 8041
4153 8606
4154 8544
4155 5856
4155 5963
4156 4527
4157 5755
4157 7761
4157 8311
4157 9333
4158 4574
4158 5228
4158 5298
4158 5855
4158 8844
4159 5418
4159 6661
4160 5218
4160 7083
4161 5077
4161 9536
4161 9862
4162 6598
4162 9587
4164 4218
4164 5105
4164 5212
4164 5237
4164 6567
4164 7238
4164 7259
4164 8331
4165 4456
4165 6440
4165 6599
4165 7069
4165 7249
4166 4774
4166 8188
4166 8857
4167 5260
4168 7076
4168 7830
4168 8517
4169 7981
4169 8603
4170 5157
4170 7985
4171 7455
4171 9290
4172 4269
4172 4291
4172 6028
4172 6381
4172 7594
4172 9407
4173 7215
4174 9692
4175 5058
4175 7192
4176 4983
4176 6256
4176 6278
4176 6664
4176 8012
4176 8490
4176 9889
4177 6598
4177 9952
4178 4376
4178 6762
4178 7713
4179 9530
4179 9943
4180 5138
4181 4345
4181 4997
4181 8771
4181 9010
4181 9502
4182 7981
4182 8734
4182 9812
4182 9880
4183 4977
4183 6910
4183 7597
4183 8204
4184 4496
4184 6411
4184 6789
4185 7739
4186 8173
4187 6556
4187 7594
4187 8601
4187 9013
4188 6408
4189 4323
4189 5016
4189 5964
4189 8221
4189 9655
4190 8279
4191 7263
4191 7392
4192 8471
4192 9347
4193 4821
4194 4909
4194 6877
4194 9438
4194 9454
4195 5244
4195 6576
4195 8691
4196 4636
4196 6389
4196 8006
4197 5993
4197 6821
4197 6831
4197 7992
4198 5736
4198 6033
4198 9988
4199 6141
4199 6888
4199 7814
4199 9020
4199 9577
4200 4490
4200 4936
4200 8401
4200 9134
4201 7068
4201 9819
4202 4341
4202 7759
4202 8880
4203 5191
4203 6141
4203 7309
4203 7968
4203 8051
4203 8795
4204 5148
4204 5555
4204 6601
4204 7568
4204 8110
4205 4928
4205 5901
4205 6462
4205 9129
4206 4572
4206 6171
4206 9323
4207 5766
4207 6687
4208 5936
4208 6047
4209 5458
4209 6685
4209 6993
4209 8722
4210 8287
4210 9773
4211 4569
4211 5399
4211 6247
4211 7272
4211 7301
4212 4601
4212 6004
4212 6318
4213 5606
4213 6685
4213 9085
4214 5152
4214 6059
4216 8844
4217 6293
4217 6669
4217 9716
4218 4443
4218 5645
4218 6309
4218 8981
4218 9272
4218 9749
4219 8239
4219 9754
4220 4559
4220 5183
4220 5237
4220 5762
4220 6468
4220 8716
4221 4690
4221 5204
4221 8579
4221 8764
4223 7004
4224 8053
4225 4307
4225 4586
4225 5125
4225 5531
4225 9356
4226 4865
4226 5953
4226 6776
4226 8014
4227 5997
4227 8513
4228 5516
4228 5916
4228 8553
4228 8827
4229 5029
4229 5529
4229 7615
4229 9026
4230 8555
4231 7104
4231 9164
4232 5945
4232 8190
4232 9335
4233 6249
4234 7587
4234 8224
4235 6800
4235 7129
4235 8131
4235 8580
4235 9852
4236 6432
4236 6783
4237 6700
4237 6806
4237 7867
4237 8757
4237 9141
4238 5546
4238 9207
4239 8881
4240 6454
4240 7422
4240 9475
4241 6831
4241 6929
4241 9864
4242 6250
4242 6599
4242 8379
4243 7547
4243 8492
4243 9868
4244 6293
4244 6394
4244 7585
4244 9821
4245 4363
4245 4572
4245 7641
4246 8028
4247 7449
4247 8191
4247 8249
4248 6221
4248 8255
4249 6884
4249 9831
4250 4831
4250 4972
4250 5303
4250 9633
4251 5698
4251 6172
4251 6632
4251 7030
4251 8558
4251 9642
4252 5606
4252 8739
4252 8772
4253 5001
4253 9574
4253 9580
4254 5837
4254 8525
4255 4582
4255 6685
4256 5113
4256 6794
4256 6837
4256 8435
4257 4602
4257 5486
4257 8328
4258 9728
4259 5232
4259 5318
4259 7706
4259 8674
4260 4913
4260 5683
4260 6297
4260 7595
4262 4488
4262 5248
4263 4705
4263 4760
4263 4828
4263 6991
4263 7015
4263 9093
4263 9244
4263 9809
4264 5574
4264 6927
4264 9919
4265 4795
4265 6606
4265 8316
4266 5768
4266 7412
4266 7435
4266 9800
4267 5598
4267 6720
4267 6972
4267 7044
4267 9672
4268 6585
4268 7509
4268 8079
4268 9588
4269 4777
4269 5880
4270 4432
4270 4575
4270 8519
4270 8722
4271 6030
4271 6982
4273 5226
4273 7056
4273 8743
4274 4695
4274 5134
4274 9378
4275 7273
4275 7304
4275 7355
4275 8549
4276 5363
4276 5538
4276 9835
4279 5868
4279 6978
4281 5181
4281 6784
4281 7612
4281 9223
4282 4555
4282 5045
4282 8369
4283 4611
4283 5002
4283 7234
4283 7837
4283 9372
4284 7756
4284 9144
4285 4460
4285 4920
4286 9757
4287 5272
4288 6365
4288 9365
4289 5716
4289 6287
4289 7825
4290 8493
4290 8779
4291 4640
4291 9180
4292 7778
4292 7993
4293 7997
4293 8901
4294 4980
4294 5111
4295 4988
4295 6467
4296 6990
4296 8524
4297 4425
4297 5522
4297 8610
4297 8968
4297 9777
4298 5462
4298 7104
4299 4514
4299 5053
4299 6903
4299 8471
4299 9647
4300 5066
4300 9035
4301 4504
4301 5106
4301 8647
4302 4327
4302 5327
4302 5601
4302 6102
4302 8986
4302 9505
4303 6116
4303 6215
4303 8049
4303 8760
4303 9417
4303 9867
4304 5379
4304 5899
4305 7890
4305 8763
4305 8994
4305 9374
4306 7080
4306 8715
4306 9309
4307 4560
4307 7511
4307 9373
4308 4916
4308 5553
4308 6575
4308 7596
4309 8377
4309 8580
4309 9956
4310 5147
4310 6729
4310 7873
4310 7997
4310 9218
4311 6024
4311 7075
4312 5409
4312 7274
4312 7939
4313 4645
4314 4526
4314 5369
4314 8909
4314 8940
4314 9567
4315 7474
4315 7926
4316 5065
4316 7708
4316 7925
4316 9511
4317 7205
4317 9708
4318 6403
4318 7772
4318 8768
4318 9270
4319 4807
4319 5136
4320 7950
4320 8906
4320 9788
4321 8969
4321 9880
4321 9902
4322 4485
4322 5159
4322 6881
4322 7186
4322 7913
4322 8775
4324 6833
4324 7598
4324 8017
4324 9905
4325 5098
4325 8021
4325 8881
4326 4885
4326 4948
4326 5542
4326 6642
4326 7160
4326 7793
4326 9027
4326 9492
4327 5710
4327 7721
4327 8052
4328 5345
4329 6326
4330 5700
4330 5889
4331 7587
4331 8856
4332 4772
4332 8843
4333 4425
4333 5831
4333 7580
4333 7686
4334 5035
4334 7833
4335 4554
4335 6753
4335 8302
4335 9851
4336 6227
4336 9814
4337 4894
4337 4938
4337 7704
4337 8623
4338 7991
4338 9407
4338 9593
4339 5565
4339 9190
4340 5158
4340 6228
4341 5761
4341 7089
4341 7841
4341 9149
4341 9610
4342 5138
4342 6783
4342 7237
4342 7929
4342 9152
4343 4589
4343 6079
4343 7685
4344 5727
4344 6287
4344 6818
4344 6976
4344 9208
4344 9276
4344 9509
4345 5942
4345 7853
4345 8016
4345 9808
4346 8293
4347 4386
4347 5618
4347 5662
4347 7108
4347 7758
4348 8838
4349 6855
4349 7490
4350 4468
4350 5176
4350 7081
4350 7314
4350 7870
4350 9684
4351 4987
4351 6193
4351 6294
4351 6966
4351 8623
4351 9060
4351 9505
4352 4460
4352 5124
4352 8016
4353 5644
4353 7042
4354 4620
4354 6940
4356 4803
4356 6673
4357 5623
4357 7812
4357 8681
4357 9938
4358 4765
4358 5858
4358 8295
4358 8421
4359 6119
4360 8076
4362 4858
4363 5643
4363 5875
4363 8537
4363 9793
4364 8576
4364 9097
4365 9987
4366 5301
4367 8786
4368 5218
4368 5259
4368 6434
4368 8305
4369 4732
4369 8258
4370 9453
4371 7771
4371 9218
4372 4921
4372 5792
4373 4507
4373 7271
4374 5904
4374 6735
4374 6958
4374 8980
4375 4431
4375 4721
4375 4791
4375 5222
4375 6541
4375 6980
4376 6956
4376 7172
4376 7191
4376 9288
4376 9674
4377 5171
4377 5831
4378 9358
4379 4826
4379 6215
4379 7147
4380 6520
4380 8280
4381 5134
4381 6067
4381 7047
4381 7839
4382 5354
4382 8084
4382 8638
4383 8366
4383 8447
4383 8543
4383 9842
4384 6440
4385 5543
4385 6553
4386 4591
4386 5007
4386 9245
4386 9448
4386 9789
4387 5389
4387 6903
4387 7480
4387 8068
4388 6645
4388 7014
4389 5641
4389 6678
4389 6795
4389 7056
4389 7339
4389 8695
4390 5128
4391 4620
4391 6009
4391 7485
4391 7682
4392 4511
4392 5027
4392 6722
4393 7416
4393 8258
4393 8969
4394 5979
4394 7078
4394 7157
4395 5793
4395 6311
4395 7362
4396 4441
4396 6957
4397 7468
4397 7950
4397 8010
4397 9405
4397 9477
4397 9959
4398 5742
4398 5810
4398 8837
4398 9203
4400 6913
4400 6990
4400 7474
4401 7085
4401 7123
4402 4624
4402 6021
4402 6314
4402 6560
4402 8867
4403 8240
4404 5991
4404 7252
4404 7669
4404 8018
4404 8473
4405 5669
4405 6331
4405 6812
4405 7171
4405 7502
4405 8384
4405 8636
4406 8491
4406 9994
4407 5757
4408 5335
4409 4521
4409 4727
4409 6635
4409 7412
4410 5818
4410 8481
4410 8797
4411 5782
4411 7804
4411 7931
4412 6434
4412 9196
4414 4576
4414 8929
4415 8222
4415 8792
4415 9498
4416 9000
4416 9143
4416 9659
4417 5455
4417 7682
4417 8966
4417 9647
4418 5109
4418 5666
4419 8214
4419 8829
4420 4638
4420 7354
4420 9674
4421 6647
4421 6792
4421 7382
4421 9816
4422 6897
4422 7242
4423 4856
4423 8741
4424 8691
4424 9506
4425 8081
4426 5356
4426 5361
4426 6274
4426 6406
4426 7528
4426 7989
4426 8767
4426 9641
4427 4760
4427 6753
4428 7427
4428 9105
4428 9946
4429 5102
4429 5236
4429 9117
4430 9923
4431 4744
4431 6401
4431 8363
4431 8429
4432 4483
4433 9507
4434 6866
4434 9401
4435 6017
4435 6439
4435 8163
4436 9167
4437 7603
4437 9184
4438 4682
4438 5263
4440 8068
4441 5892
4441 6435
4442 8435
4442 9085
4443 6046
4443 9341
4444 5221
4444 5249
4444 7522
4444 9855
4444 9933
4445 7692
4445 7861
4446 5066
4446 8149
4448 6458
4448 9038
4448 9326
4449 8824
4450 7825
4450 7944
4450 8819
4450 8868
4450 9526
4451 5578
4451 5605
4451 6772
4451 8124
4452 5301
4452 5654
4452 9393
4453 4900
4453 5950
4454 5576
4454 6794
4455 4528
4455 7250
4455 9474
4456 4909
4456 5416
4456 7712
4456 8245
4457 5637
4457 5860
4457 5876
4457 5928
4457 8725
4457 8943
4457 9228
4457 9913
4458 5973
4458 6595
4459 4952
4459 6801
4459 7650
4459 8064
4459 9643
4460 7122
4460 9236
4460 9608
4460 9928
4461 7420
4461 8117
4461 8756
4462 5989
4462 7323
4462 9048
4463 4896
4463 6511
4463 8022
4463 9170
4463 9618
4464 6696
4464 8716
4465 5853
4466 9207
4466 9292
4467 4477
4467 7864
4469 4645
4469 9767
4469 9812
4471 6256
4471 7738
4472 7230
4472 8020
4472 8981
4472 9703
4473 9649
4474 8950
4474 9912
4475 9311
4475 9733
4476 6525
4476 7452
4476 8534
4477 5332
4477 6750
4477 7190
4477 8185
4477 9577
4478 7240
4478 8624
4479 4741
4479 6294
4480 5780
4480 7342
4481 8442
4481 9979
4482 8011
4483 6089
4483 7284
4483 8838
4484 6492
4484 8375
4485 6125
4485 8555
4485 8822
4486 5028
4486 5084
4486 7892
4486 8270
4486 8592
4487 7854
4487 7930
4487 8727
4488 5601
4488 8431
4488 9729
4489 6720
4490 6034
4490 6593
4490 7997
4490 8904
4491 5153
4491 6756
4491 8612
4491 8984
4492 6865
4492 7806
4492 8312
4492 8540
4494 6909
4495 6608
4495 6796
4495 6992
4495 9394
4496 4727
4496 7651
4497 4722
4497 5997
4498 7288
4498 8550
4498 8616
4499 5616
4499 6723
4499 9815
4500 5495
4500 7466
4501 5723
4501 7338
4501 7989
4502 4512
4502 5935
4502 9317
4503 5905
4503 5987
4503 7993
4503 9899
4504 5084
4504 6711
4504 6854
4504 6935
4504 7971
4504 8485
4505 7423
4505 8298
4507 5976
4507 6060
4507 7756
4507 9430
4508 5275
4509 4540
4509 6570
4509 7223
4509 8174
4509 8677
4510 7652
4511 7804
4511 9195
4511 9502
4512 6492
4512 6904
4512 9647
4513 7434
4513 8204
4513 9068
4513 9421
4514 4559
4514 6041
4514 6557
4514 7715
4516 5773
4516 6665
4516 7115
4518 8788
4518 9839
4519 5201
4519 9056
4519 9345
4519 9409
4519 9962
4520 9624
4521 5480
4521 7275
4522 4558
4522 5830
4522 9881
4523 7786
4523 9470
4524 6510
4524 9666
4525 7333
4525 9171
4526 4761
4526 5608
4526 7802
4526 9529
4526 9654
4527 7939
4528 7624
4528 9959
4529 6630
4529 7399
4529 9432
4529 9462
4529 9468
4530 5873
4530 6880
4530 7807
4531 5032
4531 7031
4531 7519
4531 7934
4531 8407
4531 9343
4531 9461
4532 6901
4533 5921
4534 4790
4534 5048
4534 5558
4534 7539
4535 4560
4535 4640
4535 5178
4536 5644
4536 8437
4536 8723
4537 5535
4537 9920
4538 4656
4538 8547
4539 9612
4540 4732
4540 8083
4541 4702
4541 4887
4541 5412
4541 5821
4541 6551
4541 9755
4542 5388
4542 5427
4542 6096
4542 6739
4542 9143
4543 5475
4543 9829
4543 9903
4544 5244
4544 6244
4544 7750
4544 8468
4544 9873
4545 6084
4545 6409
4545 8455
4546 9382
4547 4733
4547 7367
4548 6701
4549 5336
4549 7810
4550 6519
4552 6957
4552 8628
4553 6774
4553 7614
4554 6848
4554 7867
4554 7975
4554 8623
4557 5913
4557 9337
4557 9376
4557 9716
4557 9907
4558 4836
4558 4923
4558 7035
4558 7948
4558 8616
4558 9714
4559 5238
4559 6148
4559 7148
4559 8461
4559 8847
4560 5455
4560 7736
4560 7902
4560 8593
4560 8604
4560 9226
4561 5035
4561 5350
4561 6405
4561 7931
4561 9708
4562 5441
4562 5465
4562 5750
4563 6939
4563 7506
4563 8217
4564 5698
4564 6499
4564 6774
4565 6862
4565 7121
4565 7824
4565 8129
4565 8577
4566 8058
4566 9931
4567 5566
4567 5617
4567 6423
4567 6481
4567 6887
4567 8285
4567 8867
4567 9528
4567 9729
4568 7348
4568 8719
4569 7443
4569 8505
4569 9097
4570 7412
4570 7612
4570 8217
4570 9365
4571 6549
4571 9182
4572 7434
4573 8816
4575 6654
4576 5882
4576 7896
4576 9200
4577 7744
4578 8137
4580 8909
4581 4748
4581 6533
4581 8612
4582 7163
4583 9155
4584 5469
4584 8927
4585 4756
4585 5418
4585 5633
4585 5801
4585 7095
4585 7139
4585 9632
4586 4648
4586 5681
4586 6799
4586 8164
4586 9363
4587 8402
4588 6197
4588 9123
4589 4822
4589 6693
4590 4808
4590 5934
4590 6127
4590 8101
4591 5634
4591 5748
4591 7680
4592 4902
4593 5196
4593 5531
4593 5778
4593 6808
4593 8118
4593 9338
4594 5489
4594 6758
4594 7426
4594 7621
4596 7866
4596 8074
4596 9667
4597 6272
4598 6158
4598 9297
4599 7553
4599 7787
4599 8415
4600 5187
4600 6377
4600 9036
4601 6718
4601 8198
4602 4788
4602 6754
4602 7403
4602 8814
4603 9098
4603 9108
4604 5077
4604 6015
4604 6992
4605 6133
4605 7422
4605 7989
4605 8630
4606 5254
4606 5725
4606 5836
4606 6716
4606 6920
4606 8428
4606 9341
4607 5568
4607 6671
4607 8607
4607 8745
4607 9112
4608 4700
4610 4815
4610 5076
4610 7838
4610 8044
4610 8541
4610 9518
4611 5951
4611 6026
4611 6423
4611 8143
4611 8332
4611 9547
4612 6469
4612 6742
4612 9457
4613 4962
4613 9912
4614 5261
4614 8448
4615 5502
4616 5504
4616 5712
4616 9531
4617 5428
4617 8267
4617 9392
4618 9344
4619 5455
4619 5699
4619 7620
4620 5930
4620 7298
4620 9566
4621 6310
4621 7815
4622 7562
4622 8571
4623 7317
4623 8658
4623 9924
4624 9179
4625 5938
4625 6697
4626 4963
4626 7058
4626 9582
4627 4692
4627 6824
4627 6845
4628 4995
4628 6681
4628 7358
4628 8313
4629 5274
4629 5929
4629 7534
4629 8903
4629 9201
4630 4710
4630 4961
4630 6209
4630 6752
4630 9959
4631 5242
4631 7876
4631 8185
4632 5716
4632 6986
4633 7887
4634 7886
4635 5405
4636 6510
4636 8355
4636 8887
4636 8986
4636 9430
4636 9576
4636 9666
4636 9961
4637 5269
4637 8002
4637 9199
4638 5687
4638 5734
4638 7189
4639 7295
4639 8006
4640 5466
4640 9095
4641 4644
4641 6197
4641 9092
4642 4808
4642 5803
4642 7860
4643 4761
4643 8020
4643 8513
4644 7700
4645 4916
4645 5392
4645 6245
4647 4744
4647 7142
4647 7866
4647 8134
4647 8220
4647 9473
4647 9720
4648 4849
4648 5056
4648 8493
4649 9120
4649 9675
4649 9890
4650 4854
4650 6246
4650 7583
4651 6055
4651 6574
4651 9532
4652 5088
4652 7355
4652 7446
4653 5660
4653 7193
4653 8369
4654 5445
4654 6491
4654 8876
4654 8912
4654 8922
4655 4709
4655 6740
4655 8048
4655 9740
4656 5356
4656 5528
4656 6106
4656 7833
4656 9002
4657 6501
4657 7191
4657 7648
4657 8220
4657 9207
4658 8291
4658 8842
4659 5586
4660 6171
4660 7396
4660 9956
4662 5260
4662 6273
4662 6728
4662 7840
4663 7963
4663 8654
4664 5106
4664 6970
4665 7160
4665 8955
4666 4703
4666 6734
4667 6031
4667 9172
4668 8695
4669 4995
4669 7096
4669 8000
4669 9808
4669 9942
4670 6088
4670 9864
4671 5702
4671 7094
4671 7286
4671 7865
4671 9125
4671 9167
4671 9613
4672 7885
4674 6309
4674 6699
4674 7170
4674 7747
4675 8993
4675 9503
4676 7666
4677 5089
4677 9848
4678 5979
4678 8851
4678 8894
4679 5194
4679 7829
4680 7209
4680 8495
4681 4765
4681 5017
4681 6950
4681 8317
4681 8447
4682 7571
4682 8576
4683 5789
4684 5560
4684 6076
4684 6585
4684 7836
4684 9886
4685 5307
4685 5588
4685 7462
4685 7601
4685 9119
4686 5769
4687 5749
4688 8100
4688 8965
4689 6042
4690 5770
4690 6635
4690 8616
4690 9709
4691 4758
4691 5754
4691 6238
4691 8481
4692 4843
4692 5154
4692 6095
4692 6104
4692 6577
4692 7463
4692 8274
4692 9537
4693 5527
4693 6729
4693 7339
4693 7807
4694 5809
4694 8314
4695 9802
4696 5002
4696 6814
4696 8887
4697 5869
4697 8402
4698 5419
4698 6056
4698 7430
4698 7447
4698 7977
4699 9253
4699 9254
4700 5965
4700 6817
4701 6429
4701 6781
4701 8880
4701 9982
4702 4740
4702 5962
4702 6140
4703 5928
4703 8412
4704 8928
4705 5105
4705 7088
4705 9871
4705 9920
4706 9538
4707 6380
4708 4992
4708 5597
4708 5637
4708 6266
4708 6483
4708 8363
4709 6089
4709 9330
4710 6557
4710 9382
4711 5431
4711 8019
4712 6055
4712 6383
4712 6395
4714 5411
4714 5719
4714 6424
4715 5761
4715 8062
4716 4897
4716 5152
4716 7381
4716 9515
4717 5350
4718 6794
4718 8637
4719 5128
4719 5244
4719 6330
4719 7838
4719 8376
4719 9290
4719 9686
4720 5434
4720 5719
4720 6731
4721 7891
4721 8203
4721 8272
4721 9289
4722 5672
4724 5625
4724 6898
4724 7797
4724 8789
4725 9744
4726 5211
4727 6168
4727 9031
4727 9608
4728 4968
4728 7779
4728 8047
4729 5186
4729 7392
4729 8843
4730 8078
4730 8626
4732 8873
4732 9390
4733 4800
4733 9137
4735 4883
4735 7318
4735 8322
4735 8684
4735 8954
4736 7902
4736 8339
4736 8999
4738 9446
4739 7346
4740 5725
4740 6626
4741 7005
4741 7691
4741 8606
4742 6278
4742 7933
4742 8662
4742 9685
4743 4937
4743 9016
4744 6525
4744 8610
4745 5400
4745 5945
4745 8724
4746 7597
4746 7936
4747 7876
4748 6362
4748 9096
4749 5523
4749 7233
4750 5001
4750 5427
4750 6674
4751 5947
4751 7112
4751 7608
4751 8015
4751 8069
4751 9893
4752 5747
4752 6879
4752 8259
4752 9056
4753 7069
4753 8407
4753 9707
4755 8487
4755 9234
4756 4839
4756 8143
4757 6462
4757 7111
4757 7317
4758 7087
4758 8490
4758 9694
4758 9717
4759 5662
4759 6461
4759 7556
4760 5022
4760 5283
4760 6845
4760 9322
4760 9564
4761 4952
4761 8688
4762 5076
4762 5594
4762 6325
4762 8404
4762 8858
4763 7259
4764 6711
4764 7007
4764 8383
4764 9412
4765 6597
4765 8571
4766 6569
4766 9893
4767 5044
4767 5329
4767 7440
4767 9326
4767 9583
4768 6166
4768 7572
4768 8252
4768 9195
4770 5570
4770 7423
4770 7784
4771 9455
4772 5957
4772 6918
4772 7678
4773 5975
4773 7577
4774 5324
4774 6594
4774 6706
4774 6844
4774 7159
4774 7638
4774 9120
4775 8180
4776 9620
4777 6088
4777 7563
4777 7934
4779 6852
4779 8725
4779 8890
4779 9138
4780 4817
4780 6309
4780 7559
4780 8100
4781 5424
4781 5497
4783 5535
4783 8353
4784 6427
4784 8078
4784 8246
4784 8414
4785 7017
4785 7608
4785 9390
4786 6218
4786 6603
4787 5222
4787 5240
4789 9054
4789 9622
4789 9645
4790 9445
4790 9703
4791 7604
4792 7383
4792 7950
4792 9749
4793 5657
4793 6091
4793 7765
4793 9736
4794 7620
4795 5154
4795 6187
4795 6472
4795 7445
4796 5027
4796 7771
4796 8005
4797 6934
4797 8596
4799 8305
4800 5837
4800 6661
4801 5191
4801 7377
4801 7556
4802 5999
4802 6537
4802 9127
4802 9216
4803 6148
4804 5011
4804 5118
4805 4885
4805 5738
4805 5845
4805 6236
4805 8220
4806 5817
4806 8652
4806 9219
4807 7811
4808 7025
4808 8428
4808 9395
4809 6705
4809 8084
4809 8299
4810 4968
4811 5561
4811 6206
4811 8808
4811 9966
4812 6239
4812 8758
4813 8011
4814 5013
4814 7406
4814 8876
4814 9111
4815 6774
4815 7861
4815 9402
4815 9716
4816 8073
4817 6869
4817 7367
4817 7845
4818 7696
4818 9047
4819 7912
4820 5711
4820 7532
4821 5041
4823 4888
4823 9108
4824 8469
4824 8488
4825 8829
4825 8919
4825 9443
4827 6527
4827 8130
4827 9867
4828 5515
4829 4967
4829 5899
4829 7903
4829 9294
4829 9334
4830 5395
4830 5887
4830 6310
4831 9755
4832 6624
4833 4953
4833 8597
4834 8559
4835 6467
4836 7944
4837 5400
4837 6091
4837 9038
4838 5821
4838 6603
4839 5711
4839 9066
4839 9282
4840 4895
4840 5262
4840 6319
4840 6815
4840 7088
4840 7617
4840 8858
4841 5610
4841 7636
4842 5274
4842 5836
4842 7784
4842 8984
4843 5620
4843 6284
4843 8926
4844 6341
4844 6381
4844 6680
4844 9169
4845 4854
4845 5234
4845 5533
4846 7148
4846 8622
4846 8721
4846 9483
4848 5809
4849 8778
4850 4882
4850 5727
4850 5814
4850 7146
4850 9625
4851 6680
4851 6841
4852 5562
4852 5791
4852 5978
4852 7365
4853 5855
4853 6997
4854 7466
4854 7878
4854 8790
4855 5958
4855 6392
4855 7699
4855 9620
4855 9957
4856 8389
4856 9221
4857 4980
4857 9347
4858 7318
4858 8565
4858 9026
4858 9180
4859 7987
4859 8233
4860 5584
4860 8224
4860 8593
4860 9010
4861 6381
4861 8804
4861 9984
4862 4902
4862 7717
4862 9882
4863 6556
4863 7435
4863 9531
4864 9086
4865 9149
4865 9793
4866 7050
4867 5830
4867 6655
4868 4958
4868 5676
4868 6316
4869 5499
4869 5922
4869 7610
4870 6210
4870 8582
4870 9151
4871 5410
4871 5820
4871 9477
4873 7200
4873 8010
4874 7117
4875 8288
4876 6339
4876 8941
4876 9277
4877 7783
4878 5215
4878 5819
4878 6996
4878 8954
4879 4944
4879 5327
4879 6751
4879 7997
4880 4899
4880 5002
4880 5892
4880 9427
4880 9493
4880 9655
4880 9770
4881 9003
4882 8323
4883 5057
4883 6192
4883 7556
4883 7781
4883 8910
4884 8424
4885 9975
4886 6312
4886 6338
4886 7663
4886 8502
4886 9932
4887 6798
4887 7502
4887 7726
4887 8881
4887 9102
4887 9241
4887 9246
4888 5568
4888 7336
4889 6268
4889 6349
4889 6360
4889 6499
4889 7879
4889 8761
4890 7732
4890 9906
4892 5887
4893 6889
4893 9826
4895 6282
4896 5222
4897 7974
4897 9414
4898 5974
4898 8201
4898 8887
4899 5447
4899 5745
4899 7522
4899 8762
4899 9879
4900 5307
4900 7739
4900 7815
4900 9827
4901 7306
4902 7205
4902 7524
4902 7929
4903 9079
4904 5486
4904 9514
4905 6489
4905 9680
4906 7069
4906 7513
4907 8028
4907 8351
4907 9907
4908 5589
4908 9280
4909 7518
4910 5153
4910 5863
4910 6240
4910 8294
4911 6682
4912 5843
4912 8620
4913 7218
4913 9257
4914 7909
4914 8622
4915 5116
4915 9671
4916 7079
4917 5444
4917 6787
4917 7998
4918 5214
4919 5555
4919 5567
4919 5636
4919 6309
4919 7740
4919 7742
4919 9844
4919 9868
4920 7842
4921 7531
4922 9806
4923 5928
4924 5912
4924 7479
4924 9545
4924 9726
4924 9753
4925 7363
4926 6462
4927 5919
4927 7405
4927 7556
4927 9735
4928 7948
4928 9630
4929 5974
4929 6183
4929 7188
4930 5147
4930 5200
4930 7810
4931 6102
4932 8302
4933 5654
4933 5982
4933 7726
4934 6637
4935 6325
4935 6652
4935 8012
4936 8466
4936 9307
4937 8475
4938 5058
4938 9751
4939 5211
4939 6598
4939 8789
4940 6041
4940 9036
4941 7999
4941 8851
4942 8632
4942 9878
4943 8624
4943 8767
4945 5588
4945 5782
4945 6581
4946 6446
4946 7982
4946 8257
4948 6408
4948 7102
4948 8705
4948 9493
4949 7442
4949 8830
4950 5096
4950 9330
4952 6666
4952 6715
4952 6857
4952 9956
4953 6718
4955 5008
4955 7993
4956 5783
4956 7009
4956 7354
4956 8581
4957 5995
4957 7163
4958 8334
4959 7427
4959 9665
4960 5194
4960 6093
4960 6749
4960 7329
4960 9833
4961 6730
4962 7554
4962 8565
4962 8908
4962 9198
4962 9997
4963 8680
4964 8574
4964 8711
4965 7527
4965 9186
4968 5547
4968 7635
4968 7847
4968 8026
4969 7918
4969 8896
4970 6334
4970 6670
4970 9350
4970 9602
4971 5029
4972 7087
4972 8770
4973 5614
4973 7410
4975 7458
4975 7479
4975 8416
4976 5832
4976 7585
4976 7926
4976 9859
4977 5725
4977 6958
4979 6501
4980 6499
4980 6614
4981 6664
4981 8604
4983 6613
4983 8894
4984 5009
4984 5141
4984 7459
4985 6670
4986 5153
4986 5537
4986 6254
4987 5160
4987 5193
4987 6453
4987 8838
4987 9778
4988 5342
4988 6655
4988 6870
4988 7728
4989 5903
4989 7832
4989 7976
4990 6033
4991 6455
4991 7868
4991 8815
4991 9172
4991 9680
4992 6258
4992 6879
4992 7088
4993 5785
4993 7774
4994 7179
4994 8807
4995 5295
4995 8125
4996 5760
4996 8145
4996 8485
4996 9386
4997 7278
4997 8466
4998 7161
4998 9552
4999 7353
4999 8107
5000 7170
5001 5115
5001 5416
5001 5659
5001 6031
5002 5845
5002 5897
5002 8267
5002 9852
5003 8091
5003 9529
5004 7527
5005 7088
5005 7833
5005 8391
5006 6521
5006 7733
5006 8647
5006 9183
5007 5853
5007 6724
5007 7814
5007 8713
5007 9955
5008 5284
5008 9078
5009 5148
5009 5234
5009 6544
5009 7133
5009 7186
5009 8229
5010 7536
5010 8452
5012 6279
5012 7132
5012 8681
5012 9790
5014 8661
5015 5133
5015 8197
5016 8610
5016 9683
5017 7009
5017 9442
5018 5090
5018 5824
5018 6424
5018 6764
5019 7266
5019 7907
5021 5135
5021 6580
5021 6773
5022 8487
5025 5385
5025 7481
5026 5233
5026 5250
5026 5692
5026 8944
5027 6310
5027 9132
5028 5949
5028 6914
5028 7092
5028 8182
5028 9689
5028 9716
5029 5996
5029 6702
5029 7644
5030 5142
5030 5226
5030 6441
5030 9599
5030 9694
5031 9815
5032 5664
5032 7056
5033 5941
5033 8031
5033 8659
5034 6389
5034 7114
5034 7283
5034 9387
5035 5378
5035 6429
5035 6655
5035 6841
5035 6852
5035 7009
5035 9899
5036 5861
5036 6254
5036 9767
5037 5536
5037 7845
5038 6575
5038 7975
5038 8170
5038 9689
5038 9721
5039 8440
5039 9025
5039 9289
5040 7777
5040 8883
5041 6497
5041 8378
5042 7489
5042 8004
5042 8907
5042 9239
5043 5404
5043 5574
5043 8607
5044 5394
5044 6494
5044 7351
5044 8864
5045 6291
5045 7654
5045 9145
5045 9399
5046 7505
5046 9901
5047 6005
5047 8645
5049 5926
5049 6152
5049 7288
5049 7564
5049 7902
5049 8716
5049 9674
5050 5920
5050 6693
5050 8802
5051 8687
5051 9512
5052 5741
5052 5842
5052 7694
5053 7065
5054 5910
5054 6900
5054 8362
5054 9873
5055 6674
5055 6755
5056 7596
5056 8605
5056 9609
5056 9845
5057 8294
5057 9398
5057 9479
5059 5695
5059 5951
5059 6530
5059 6735
5059 7118
5059 7415
5060 6887
5060 7810
5061 7899
5061 9459
5062 5811
5062 7335
5063 5576
5063 5926
5063 6285
5063 7587
5063 8203
5063 8716
5064 5615
5064 7236
5064 8443
5064 9365
5064 9544
5065 7861
5067 5205
5067 6157
5067 6433
5067 7016
5067 9002
5068 6411
5068 8499
5069 5356
5070 6968
5070 9590
5071 5320
5071 5435
5071 7925
5071 8672
5072 5198
5072 6042
5072 6518
5072 7733
5072 8865
5073 5639
5073 8565
5073 9567
5074 5648
5074 6067
5074 8455
5074 9022
5074 9038
5076 5834
5077 5692
5077 5958
5077 6736
5077 7150
5077 8760
5078 6226
5078 7419
5078 8566
5078 8567
5078 9341
5078 9702
5079 6075
5079 8754
5079 9165
5079 9698
5081 5809
5081 6136
5081 6809
5081 6834
5081 8628
5082 6612
5082 8325
5082 9844
5083 7009
5084 5546
5084 5575
5085 6497
5085 7271
5087 6548
5087 7060
5087 8524
5088 5522
5088 6488
5089 5316
5089 5731
5089 6007
5090 8530
5091 5341
5091 5929
5091 8149
5092 5499
5092 7564
5093 5129
5094 7704
5094 9606
5095 6175
5095 6803
5095 8185
5096 5671
5096 5802
5096 6083
5096 6765
5097 8091
5097 8690
5098 6687
5098 6929
5099 5186
5099 5941
5099 6863
5100 9446
5101 5555
5101 6823
5101 8436
5102 7466
5103 5670
5103 6582
5103 8465
5103 8501
5104 6380
5104 7508
5104 7875
5104 7909
5104 9685
5105 8156
5105 8760
5106 5593
5106 8325
5106 8687
5106 8809
5107 6296
5107 6519
5107 7011
5107 7323
5108 9908
5109 7797
5109 8705
5109 9666
5110 6558
5110 8425
5112 5643
5112 7001
5112 7435
5112 8478
5112 8648
5113 5919
5113 8661
5114 5957
5114 6802
5114 9428
5115 5212
5115 6040
5116 5370
5116 5419
5116 5549
5116 5600
5116 7571
5116 7651
5117 5730
5117 6092
5117 7694
5117 7900
5118 9246
5118 9914
5119 6722
5119 6756
5119 7241
5120 5878
5120 7394
5120 9703
5121 5505
5121 7736
5121 7996
5121 9112
5121 9489
5122 7262
5122 8488
5122 9456
5122 9800
5123 8424
5124 5336
5124 6534
5124 7016
5125 5712
5125 6440
5125 9058
5126 9111
5127 5411
5127 5696
5127 5793
5127 9885
5128 6309
5128 7802
5128 8463
5128 8951
5129 7023
5129 7347
5129 7884
5129 9377
5130 5138
5130 5364
5130 6835
5130 9207
5132 6666
5133 5282
5133 5726
5133 6329
5133 7313
5134 5989
5134 9059
5135 6117
5135 7559
5136 6370
5136 7525
5136 8809
5136 9780
5137 8944
5138 6337
5138 8090
5138 8138
5139 9353
5139 9755
5141 7443
5141 8389
5142 5938
5142 8458
5143 5542
5143 6394
5143 6487
5145 6612
5145 7628
5145 8337
5145 8847
5145 9318
5145 9464
5146 5262
5146 6654
5146 7001
5146 7012
5146 7424
5146 8692
5146 9448
5147 7877
5147 8302
5148 5325
5148 5443
5149 7567
5149 9857
5150 6157
5150 7790
5150 8978
5150 9266
5150 9691
5151 5292
5151 5333
5151 6461
5151 6706
5151 6810
5151 7249
5151 7656
5152 7300
5154 8671
5154 8807
5155 6430
5155 6677
5155 8182
5156 5787
5156 7645
5156 8371
5156 9171
5156 9396
5158 9158
5159 6598
5159 8063
5159 8374
5160 6444
5160 8280
5161 7991
5161 9136
5161 9689
5164 5369
5164 6263
5164 6637
5164 7480
5164 7962
5165 7845
5166 5226
5166 6055
5166 8487
5166 9180
5167 5504
5167 7282
5167 8664
5167 9313
5167 9657
5169 6727
5169 7033
5169 8567
5169 9960
5170 5216
5170 5932
5170 9352
5171 5400
5171 5540
5171 7900
5171 8380
5171 9723
5172 7549
5172 9760
5173 5953
5173 6233
5173 6527
5173 8591
5174 5202
5174 5774
5174 8573
5174 9418
5175 7223
5175 8363
5175 8688
5175 8922
5175 9012
5175 9622
5177 6917
5177 8177
5177 8997
5177 9571
5178 7977
5178 8363
5178 9515
5179 6573
5179 7803
5180 7875
5180 9051
5181 5604
5181 6050
5182 6253
5182 6374
5182 6532
5182 6780
5182 7777
5183 5443
5183 5891
5183 6636
5183 7048
5183 8441
5183 9142
5184 5487
5184 7724
5185 5728
5185 9790
5186 5601
5186 5708
5187 7034
5187 7961
5187 8415
5187 9661
5187 9751
5187 9911
5188 5944
5188 8551
5188 9123
5188 9312
5189 9902
5190 9124
5190 9383
5191 8945
5192 6202
5192 6435
5193 8655
5193 8851
5193 9652
5194 5296
5194 5908
5194 6850
5194 7879
5194 9250
5194 9391
5195 7365
5195 8274
5196 6727
5196 7224
5197 6935
5197 9289
5198 5941
5198 6749
5198 7005
5198 8768
5198 8979
5199 8966
5199 9373
5199 9581
5200 6618
5200 9428
5201 8897
5201 9124
5202 8724
5202 8982
5203 6758
5204 5759
5204 6978
5204 8592
5205 5773
5205 6691
5206 5647
5206 6046
5206 8033
5206 9936
5208 8585
5208 8812
5210 7123
5210 9487
5210 9632
5211 7290
5211 7532
5211 7555
5211 9799
5211 9977
5212 9002
5212 9114
5213 5943
5213 8784
5213 9211
5214 5662
5214 5958
5214 6539
5215 5660
5215 6364
5215 6615
5215 6983
5215 7582
5216 6261
5216 7429
5217 5629
5217 9576
5218 9204
5219 7006
5220 6400
5220 6567
5220 7957
5220 8925
5221 6096
5221 6409
5221 8717
5222 6375
5222 6511
5222 9879
5223 6231
5223 7294
5223 7446
5223 8061
5224 7357
5224 8132
5224 8152
5226 6121
5226 6803
5227 8054
5227 9300
5227 9698
5228 9975
5229 6150
5229 7921
5229 9743
5229 9758
5230 8614
5230 8696
5230 9835
5231 5577
5231 9100
5232 5278
5232 6828
5232 8914
5233 5338
5233 6999
5233 7823
5234 5413
5234 8240
5234 9083
5234 9216
5234 9404
5235 5633
5236 8515
5237 5437
5237 7829
5237 8877
5238 6029
5238 6939
5238 6961
5238 8455
5238 8522
5239 9509
5240 8192
5240 9689
5241 6074
5241 8333
5243 5507
5243 7607
5243 8365
5243 9268
5244 5353
5244 5678
5244 6785
5244 9009
5245 6882
5245 7365
5246 9053
5247 9051
5247 9999
5248 6655
5248 7796
5248 9263
5249 6492
5249 6505
5249 6638
5249 7555
5249 8022
5249 8725
5249 9147
5249 9876
5250 5770
5250 8927
5250 9673
5251 5341
5251 8676
5251 9127
5252 5374
5252 6515
5252 8130
5253 6352
5253 6513
5253 7924
5253 8179
5253 8613
5254 5499
5254 9712
5255 5583
5255 7521
5256 6667
5256 6929
5257 5358
5258 7593
5258 9293
5259 6363
5260 6642
5260 9385
5261 8045
5262 7595
5263 8603
5264 6034
5265 5836
5265 5877
5265 6520
5265 6670
5265 8010
5265 8403
5265 8641
5265 8870
5267 6580
5267 6646
5267 7533
5268 6157
5268 6434
5268 8972
5269 5337
5269 7299
5269 7521
5270 6064
5270 7938
5270 8124
5270 8423
5270 9792
5271 6181
5273 6187
5273 7974
5274 5477
5275 7911
5275 8322
5275 9111
5276 6724
5276 6730
5276 8844
5277 6252
5277 6407
5277 6510
5277 8058
5278 6465
5278 7117
5278 7542
5278 9548
5279 5616
5279 9558
5279 9961
5280 7345
5280 7685
5280 7773
5280 8082
5280 8623
5280 9081
5281 7115
5281 8035
5281 8616
5281 9351
5282 7600
5283 5859
5283 8856
5283 9350
5284 5789
5284 9417
5286 6947
5286 7634
5286 8373
5287 6085
5287 6461
5287 6604
5287 8430
5287 9785
5287 9915
5288 6362
5288 6691
5289 5363
5289 5816
5289 6918
5290 5846
5291 6447
5291 7942
5292 6712
5292 8082
5292 8206
5292 9894
5293 5306
5293 5774
5293 5956
5293 7126
5293 8094
5293 8467
5293 9696
5294 6430
5294 7897
5294 8696
5294 9256
5295 6710
5295 8060
5296 7105
5297 9398
5298 5920
5298 5972
5298 6344
5298 6428
5298 8298
5299 7078
5299 7630
5299 8445
5300 8982
5301 8331
5301 8641
5302 7141
5303 5650
5303 8235
5303 8273
5303 8773
5303 9443
5304 6198
5304 7922
5304 9133
5305 6067
5305 7548
5306 5834
5306 8488
5306 9560
5307 6547
5307 7530
5307 7808
5307 8058
5307 9933
5308 6538
5308 7056
5309 6455
5309 7221
5309 9458
5310 6093
5310 7354
5310 7692
5311 5848
5311 6690
5311 7538
5311 8133
5312 6321
5312 7165
5312 7656
5312 8336
5312 9216
5312 9645
5313 7101
5313 7876
5313 8428
5314 6600
5314 8413
5315 6798
5316 5831
5316 6558
5316 9401
5317 7120
5317 8799
5317 9227
5318 5435
5318 7702
5319 7539
5319 8097
5319 9013
5320 5389
5320 5768
5320 9667
5321 8033
5322 6506
5322 6958
5322 8938
5322 9286
5323 5805
5323 6274
5324 8248
5325 7046
5326 7208
5326 8309
5326 9291
5326 9872
5327 5690
5327 5753
5327 6666
5327 6969
5328 5821
5328 7517
5329 5351
5329 8486
5330 5807
5330 7799
5331 5939
5331 7955
5331 9838
5332 8429
5332 9446
5333 5903
5333 6609
5333 7469
5333 7800
5333 8095
5333 9135
5333 9557
5334 8237
5334 9024
5335 7143
5335 9990
5336 5953
5336 5987
5336 6605
5337 6131
5338 5896
5338 7348
5338 7874
5338 8016
5338 8379
5339 8682
5339 9781
5340 5586
5340 7149
5340 8696
5341 6853
5341 7500
5341 8018
5342 7146
5342 9100
5343 7210
5344 5612
5344 6247
5344 8702
5344 9568
5346 7030
5346 8517
5347 5379
5347 6775
5347 9221
5348 9719
5349 6154
5349 6200
5349 6828
5349 7232
5350 6346
5350 9694
5351 7993
5351 8799
5351 9544
5352 7347
5352 7925
5352 8293
5353 5676
5353 6050
5353 7245
5353 8872
5354 9736
5355 6111
5355 7125
5355 7494
5355 9987
5357 5934
5357 6276
5358 6587
5358 8636
5358 9511
5359 5476
5359 7286
5359 7337
5359 8138
5360 8905
5361 6794
5361 7677
5362 5675
5362 8355
5364 7870
5364 9463
5366 5630
5366 5651
5366 7436
5367 7463
5367 8027
5367 8039
5367 8332
5368 7125
5368 8250
5368 8551
5368 9256
5368 9597
5369 5884
5369 8254
5370 6095
5370 7865
5371 6745
5371 8614
5372 7315
5373 5728
5373 8921
5374 6181
5374 6426
5374 7688
5374 8296
5375 6788
5375 8068
5375 8621
5375 9765
5376 5679
5376 8530
5376 9348
5376 9478
5378 8289
5379 8226
5379 8320
5380 6063
5380 9742
5381 9898
5382 9597
5383 5467
5383 6137
5383 9694
5385 6455
5385 6543
5385 9107
5386 6508
5386 7462
5386 8380
5386 8749
5387 6821
5387 7013
5387 8001
5388 8436
5389 5961
5389 6626
5389 8102
5389 9547
5389 9718
5391 5489
5392 8397
5392 8527
5393 6344
5393 9255
5394 6512
5394 6928
5396 6009
5396 6023
5396 7383
5396 8475
5396 9227
5397 6426
5397 7308
5397 7963
5397 8048
5398 5990
5398 7022
5398 8038
5398 9849
5399 5474
5399 6501
5399 9785
5400 6660
5400 7764
5400 7844
5400 9018
5401 7810
5401 8458
5401 9143
5401 9207
5401 9553
5402 5719
5402 8067
5402 8290
5402 9346
5403 6543
5403 9235
5404 8044
5405 5806
5405 7455
5405 9409
5406 6141
5406 9578
5407 6191
5407 7576
5408 5565
5408 9331
5409 5923
5409 8064
5409 8229
5409 8708
5410 9247
5411 6994
5411 7489
5411 7586
5411 9408
5412 8667
5412 8810
5413 6893
5413 6924
5413 7529
5414 7641
5415 7168
5415 8448
5415 9261
5415 9473
5417 7233
5417 8155
5417 9346
5418 9743
5419 7580
5419 9675
5419 9936
5419 9943
5420 6086
5420 6127
5420 6863
5420 7656
5420 7950
5420 9730
5421 5498
5421 5688
5421 9331
5422 6439
5422 8045
5423 8163
5423 9853
5424 7133
5424 7166
5424 9109
5424 9399
5425 9583
5425 9598
5426 6139
5426 7072
5427 7404
5427 7918
5428 9183
5428 9209
5430 7703
5430 8584
5430 8692
5431 6497
5431 7294
5431 7800
5431 9829
5432 6480
5433 7224
5434 6717
5435 7260
5435 8918
5435 8974
5436 5949
5436 7573
5437 9382
5438 5990
5438 7795
5438 7947
5438 8842
5439 5847
5439 6609
5439 6675
5439 7674
5440 6107
5440 7265
5441 7596
5441 8008
5442 5875
5442 5927
5442 5958
5442 7386
5442 8408
5442 8569
5444 6530
5444 7035
5445 7541
5445 9899
5446 7897
5447 6594
5447 7199
5447 8148
5448 8815
5448 8990
5448 9897
5451 7689
5452 5544
5452 7155
5452 7678
5452 7928
5452 9918
5453 8002
5453 9114
5454 6139
5454 7347
5454 9491
5455 7889
5456 5760
5456 7836
5457 9827
5458 6437
5458 6979
5458 8438
5459 7317
5460 6973
5460 7339
5461 7702
5464 6488
5464 8892
5465 6791
5465 8065
5465 8828
5465 9918
5466 5542
5466 8440
5469 6562
5469 8614
5470 6731
5471 5525
5471 6673
5472 8864
5472 9307
5473 5884
5473 6142
5473 7518
5473 7573
5473 7755
5474 6417
5474 7247
5474 7991
5475 8319
5476 6697
5476 8355
5477 6685
5477 7655
5477 7773
5479 5640
5480 6334
5480 9265
5481 6974
5482 5499
5483 5579
5483 6415
5483 7528
5484 7260
5484 9858
5485 5517
5485 9627
5486 6082
5486 6312
5486 7410
5486 8169
5487 5571
5487 9338
5487 9754
5488 8010
5488 9958
5491 7033
5492 5725
5492 8439
5492 9230
5492 9341
5493 6249
5495 5626
5495 5746
5495 6638
5496 6075
5496 8199
5496 8270
5497 8284
5498 6516
5498 8215
5499 7966
5499 8192
5499 9797
5499 9997
5500 5595
5500 7634
5500 9149
5500 9171
5502 6048
5502 7195
5503 5703
5503 7459
5503 8238
5503 9102
5503 9432
5504 7517
5505 9503
5506 7266
5506 8433
5507 7412
5508 6297
5508 6499
5508 7907
5508 9113
5509 6269
5509 7042
5510 8021
5511 5630
5511 7328
5512 6918
5512 7467
5512 8230
5513 5922
5514 5708
5514 6317
5514 9353
5514 9538
5514 9614
5515 6669
5515 7995
5515 8577
5516 7943
5516 8260
5516 9754
5517 8377
5517 8488
5518 5604
5518 6861
5518 7826
5518 8364
5519 6095
5519 6407
5520 7199
5520 7985
5521 7916
5522 5633
5522 7004
5522 7700
5523 5682
5523 5698
5523 6668
5523 7722
5523 9865
5524 6698
5524 9472
5525 9670
5526 5777
5526 8504
5526 9294
5527 8296
5527 9505
5528 9605
5529 6167
5529 7984
5529 9879
5530 6372
5530 7654
5530 8078
5531 8881
5532 7054
5532 7109
5532 7338
5532 8939
5532 9757
5532 9789
5533 6770
5533 7247
5533 7765
5533 9335
5534 6339
5534 7169
5535 5971
5535 6026
5535 6194
5535 6328
5535 6906
5535 7279
5535 7340
5535 8295
5535 8858
5536 8064
5536 8482
5537 6639
5537 8883
5537 9334
5538 6119
5539 8151
5539 8343
5539 9524
5539 9730
5540 6515
5540 8402
5541 6731
5541 8616
5542 9667
5543 7288
5543 9691
5543 9768
5544 5645
5544 9732
5545 6520
5545 6789
5545 8132
5545 9093
5545 9937
5546 5583
5546 8137
5546 9364
5547 5802
5547 7638
5547 8277
5547 8342
5547 8361
5548 6381
5548 6796
5548 7989
5548 8679
5549 9159
5549 9297
5550 7681
5551 6061
5551 8272
5551 8916
5552 5633
5552 6419
5553 6493
5553 8427
5554 7128
5554 8670
5555 6742
5555 7771
5555 8855
5556 8077
5556 8293
5557 6937
5557 7974
5559 5733
5559 6136
5559 6162
5559 7920
5560 6506
5560 8302
5560 8375
5560 9729
5561 9377
5562 5813
5562 6839
5562 9642
5563 7813
5564 8696
5564 9586
5564 9610
5564 9825
5566 9211
5566 9473
5567 8548
5568 6123
5568 9368
5569 7784
5569 9421
5570 5725
5570 6242
5570 6546
5570 7847
5570 9358
5572 5773
5572 8118
5572 9705
5573 6115
5573 7405
5574 6380
5574 6824
5574 7041
5575 6638
5575 8998
5576 6414
5576 7991
5577 6340
5577 8571
5578 9061
5579 6661
5579 8036
5579 8300
5579 8666
5579 9274
5581 6335
5581 6895
5581 8981
5581 9778
5582 5831
5582 6905
5582 9134
5583 5820
5583 6765
5584 6988
5584 9448
5585 5986
5585 8769
5585 9297
5586 9217
5587 5969
5587 7907
5587 8234
5588 8846
5590 5777
5592 7957
5593 6023
5593 7486
5593 8532
5593 9120
5595 6623
5596 6630
5596 8884
5597 5981
5597 8171
5597 8678
5597 8791
5598 5923
5598 8359
5598 8373
5598 9209
5600 6873
5600 7312
5600 9164
5601 5676
5601 8009
5602 6955
5603 6518
5603 8643
5604 6776
5604 6996
5604 8731
5605 7562
5605 7568
5605 9388
5606 9564
5607 5998
5607 6836
5607 8121
5607 8434
5607 9864
5608 6323
5608 8863
5608 9338
5609 7724
5609 8362
5610 6759
5610 7875
5610 8058
5611 7706
5611 9369
5613 9405
5614 6447
5614 7200
5614 8880
5614 9370
5615 6610
5615 6803
5616 5809
5616 9828
5616 9989
5617 6583
5617 7521
5618 6521
5618 7180
5618 8460
5618 8533
5619 7553
5619 7755
5619 9471
5620 6024
5620 9931
5621 6409
5622 6191
5622 7205
5622 7731
5623 7669
5623 7912
5624 6909
5625 6502
5625 7058
5625 9537
5625 9746
5626 9908
5628 6145
5628 7429
5628 9386
5630 8803
5631 9405
5632 7524
5633 7653
5633 9426
5634 6682
5634 6724
5635 9252
5636 5995
5636 7372
5636 9588
5637 6117
5637 7524
5637 8068
5639 5765
5639 5817
5639 8536
5640 6864
5641 8910
5641 9587
5642 7418
5642 7604
5642 8005
5642 9870
5643 7505
5643 8445
5644 6397
5644 7923
5644 8227
5644 8785
5644 9169
5645 7229
5645 9495
5646 9536
5647 6348
5647 9412
5648 9036
5649 8773
5650 5742
5650 6394
5650 6453
5651 8949
5653 6095
5653 7005
5653 7370
5653 8144
5653 8941
5653 9982
5654 8670
5654 9175
5655 6501
5656 7871
5658 7311
5658 7757
5658 8309
5658 8777
5659 6353
5659 7021
5660 5786
5661 9750
5662 7733
5662 8167
5662 9576
5663 5907
5663 9445
5663 9992
5664 6712
5664 8125
5665 6471
5665 8118
5665 8328
5666 6630
5666 8829
5666 8905
5667 6943
5667 7210
5667 7948
5668 5803
5668 5985
5668 6668
5668 7770
5668 8726
5669 5831
5669 6367
5669 6949
5670 7274
5670 7391
5670 7516
5670 8177
5670 9987
5671 6475
5671 8942
5673 9286
5674 7000
5674 8206
5675 9627
5675 9890
5676 7838
5677 8342
5678 6942
5678 9981
5679 7761
5679 8416
5679 8463
5680 8639
5681 7235
5681 9165
5682 6673
5682 9522
5683 6421
5683 7628
5683 9355
5684 8616
5684 9159
5684 9415
5685 6720
5686 6750
5686 8175
5687 7531
5687 8003
5687 8228
5688 5734
5688 9816
5689 5789
5690 5904
5690 6168
5690 8172
5690 9506
5691 6846
5691 6848
5691 7033
5691 7795
5691 8249
5691 8385
5691 9689
5693 6554
5694 6602
5694 8545
5694 9613
5695 7091
5695 7311
5699 6836
5700 6396
5701 6873
5702 8233
5703 5727
5703 5925
5703 8543
5704 6512
5704 6685
5704 7854
5705 5722
5705 5893
5705 7287
5705 7623
5705 9719
5706 7108
5706 8053
5707 6677
5707 8622
5707 9636
5708 7878
5710 7313
5711 6312
5711 6703
5711 8748
5711 8761
5712 7674
5712 9589
5713 9376
5714 8705
5714 9672
5715 6692
5715 6892
5715 7005
5715 7258
5715 9391
5716 7464
5716 8618
5716 8846
5718 6236
5718 6258
5719 6311
5719 9080
5719 9821
5720 6212
5720 6418
5720 7641
5720 9013
5721 7211
5721 9695
5722 6615
5723 6169
5723 8530
5723 9221
5724 6420
5724 8386
5725 6397
5725 6608
5725 9388
5725 9822
5726 9340
5726 9896
5727 8975
5727 9273
5729 6667
5731 6715
5731 6721
5731 7554
5731 7586
5732 6912
5732 7212
5732 9037
5733 8359
5733 8716
5734 7021
5734 8881
5735 7630
5735 7820
5735 9930
5736 8165
5736 8351
5737 6822
5737 8203
5737 9022
5737 9857
5738 8406
5739 6648
5740 6170
5740 6682
5740 8792
5741 6435
5741 7739
5741 7912
5741 8843
5742 7582
5742 9426
5742 9863
5742 9925
5743 8517
5743 9826
5744 7492
5744 7751
5747 6129
5748 6126
5748 8259
5749 6359
5749 6723
5750 7123
5750 9529
5751 7931
5752 6466
5752 6773
5752 9736
5753 6633
5754 7428
5758 6338
5760 8249
5762 5795
5762 6464
5762 8165
5763 7242
5763 7737
5763 9118
5763 9816
5764 5795
5764 6079
5764 6339
5764 7013
5764 7255
5764 8495
5764 9071
5764 9149
5765 6172
5765 6215
5765 7517
5765 8705
5766 5958
5767 8364
5768 7199
5769 7172
5769 9047
5769 9537
5770 7058
5770 7208
5771 7566
5771 9826
5772 6810
5772 7092
5772 7231
5772 8262
5773 6352
5773 9411
5773 9954
5773 9969
5774 5909
5774 8495
5774 8596
5775 6661
5775 8255
5775 8846
5775 9336
5776 6520
5776 7670
5776 9121
5776 9757
5777 7116
5778 6716
5779 5870
5779 7771
5780 6140
5780 6244
5780 6321
5780 8649
5780 9719
5781 6405
5781 8975
5781 9544
5782 6159
5783 5967
5783 7393
5783 7469
5783 8671
5784 7346
5784 8701
5784 9377
5786 7880
5787 7334
5789 7364
5790 6187
5790 9625
5790 9683
5790 9684
5791 6809
5791 7028
5791 7144
5793 7399
5793 8393
5793 8994
5795 5983
5795 9583
5796 6211
5796 7361
5796 8007
5796 9110
5797 7261
5797 7964
5797 8167
5798 6095
5799 7439
5800 6096
5800 7736
5800 8229
5801 9431
5802 7150
5802 7390
5802 8768
5803 7289
5804 6874
5804 7189
5805 6163
5805 6695
5805 6878
5805 6978
5805 9946
5806 6648
5806 8533
5806 9455
5807 8164
5807 8680
5808 6775
5808 7479
5808 7688
5808 9465
5809 9061
5810 9975
5811 8478
5812 7894
5813 6084
5813 6830
5813 9098
5814 7147
5814 9638
5816 6196
5817 7909
5818 7005
5819 6464
5819 9679
5820 6496
5820 7054
5820 9145
5824 9008
5825 7131
5825 7283
5825 7782
5825 9167
5826 8314
5826 9422
5826 9467
5827 7164
5827 8140
5828 5993
5829 7033
5829 7617
5829 8059
5829 8565
5829 9482
5831 6126
5831 6437
5831 7403
5831 9303
5832 8665
5832 9558
5832 9922
5833 7482
5833 7736
5834 6139
5834 6315
5834 8985
5835 8424
5835 8529
5837 6055
5837 7731
5837 8762
5837 9398
5838 6692
5838 6894
5838 9655
5839 6620
5839 8154
5840 5896
5840 7155
5840 9173
5841 7498
5841 7731
5841 7850
5842 7450
5843 6847
5843 9359
5843 9625
5844 7589
5844 9703
5845 6807
5845 9167
5845 9284
5845 9754
5846 6546
5846 9552
5847 7796
5847 7895
5847 8046
5847 8850
5847 9720
5848 7419
5848 8029
5848 8407
5849 6630
5849 7618
5849 7692
5849 9437
5849 9537
5850 6647
5850 9286
5852 8438
5853 8992
5854 7727
5854 7800
5855 9882
5856 6876
5856 8046
5857 6460
5857 7005
5857 8207
5857 9085
5858 6344
5859 6876
5859 9693
5860 7307
5860 8259
5860 8524
5860 9688
5861 7413
5861 7511
5861 7552
5862 6234
5862 6411
5862 9259
5863 6693
5863 7114
5863 7550
5863 7837
5863 9760
5864 7030
5864 9263
5865 6470
5865 7571
5865 8334
5865 9758
5866 7244
5866 7386
5866 9720
5867 6689
5868 8479
5869 8527
5869 9598
5869 9657
5869 9749
5870 9252
5871 7236
5871 8163
5871 9283
5871 9478
5872 6509
5872 7766
5872 9401
5873 6474
5874 6087
5874 6540
5875 5952
5875 6077
5875 7017
5875 8311
5875 8748
5876 7455
5876 9973
5877 6609
5877 6961
5877 8616
5877 8791
5877 9992
5878 6925
5878 7970
5879 6982
5879 9170
5880 9457
5881 6038
5881 7017
5881 9925
5882 8192
5883 6737
5883 6785
5883 9226
5884 8323
5885 6986
5886 9127
5886 9350
5887 7608
5888 6339
5888 7056
5888 7614
5888 9040
5889 6572
5889 6812
5889 9090
5891 7091
5891 8246
5891 8411
5892 7626
5892 9553
5892 9656
5893 5939
5894 9507
5895 6118
5895 6140
5895 6232
5895 8463
5895 9149
5896 9918
5897 6551
5897 7049
5897 7530
5899 6812
5899 8137
5900 6515
5901 6336
5901 8550
5901 9399
5902 6328
5902 7744
5903 6794
5903 6829
5903 6963
5903 7484
5903 8422
5904 6290
5904 7325
5904 9176
5904 9900
5905 9155
5906 6608
5906 6821
5906 7301
5907 7581
5907 7878
5907 8746
5907 8758
5907 9998
5908 6946
5908 7391
5908 8728
5910 6089
5910 7401
5910 9790
5911 7373
5911 7390
5911 8682
5911 8742
5912 9150
5912 9753
5913 8900
5914 9199
5915 9703
5916 7576
5917 6578
5917 6835
5918 6188
5918 6695
5918 6742
5918 6769
5918 8625
5918 9266
5918 9324
5919 6563
5919 7611
5919 8100
5919 9390
5920 7179
5920 9440
5920 9547
5921 6194
5921 7543
5921 8419
5923 8058
5923 8910
5923 9760
5924 8329
5924 9172
5925 6115
5925 7039
5925 8053
5925 8093
5925 9260
5925 9550
5926 6859
5926 7332
5926 9527
5926 9560
5927 6038
5927 7692
5927 7986
5927 8061
5927 8865
5927 9918
5928 7352
5928 8340
5928 9459
5929 6220
5929 7388
5929 9230
5929 9863
5931 7294
5931 7413
5931 7615
5931 7671
5933 6511
5933 9964
5934 6577
5934 8588
5936 8109
5936 8163
5936 8264
5937 7175
5937 7552
5937 7962
5937 8198
5937 9127
5937 9410
5937 9462
5938 8894
5939 8038
5939 8843
5940 6063
5940 7026
5940 8594
5940 8604
5940 9479
5941 6000
5941 6805
5941 8222
5942 6112
5943 7425
5943 9284
5944 6924
5944 7763
5945 6198
5945 8080
5945 9140
5946 7612
5946 8485
5946 8663
5946 9216
5947 5950
5947 7260
5947 8468
5947 9002
5947 9714
5948 9303
5950 6253
5950 6730
5950 7517
5951 9359
5952 6975
5953 9621
5955 6022
5955 7726
5955 7769
5955 8792
5958 6731
5958 6968
5958 7004
5958 7752
5958 7990
5958 8643
5958 8781
5959 7029
5959 7862
5960 9344
5961 8145
5961 9548
5962 6575
5962 7057
5962 7602
5962 8566
5963 6474
5963 7197
5963 8622
5964 9145
5965 7693
5965 8126
5967 6463
5968 6986
5968 8182
5969 6507
5969 6947
5969 8593
5970 9896
5971 6343
5971 8008
5971 8317
5971 9206
5972 6001
5972 9271
5973 7768
5973 8975
5974 7105
5974 7248
5975 7900
5975 8953
5976 7937
5976 7967
5976 9140
5976 9339
5978 6788
5978 7051
5978 7118
5979 6030
5979 8249
5979 8443
5980 6292
5980 7763
5980 8348
5980 9779
5981 6203
5981 8717
5982 7617
5983 6005
5983 7873
5983 8455
5983 9780
5984 9539
5984 9810
5985 8394
5987 8319
5987 8419
5987 8556
5987 8761
5987 9483
5988 6448
5988 7234
5988 7284
5988 9467
5988 9710
5989 7117
5990 7077
5990 7829
5990 8757
5990 9861
5993 7254
5993 9515
5994 8262
5994 8624
5994 8698
5995 9916
5996 6326
5996 7294
5996 9514
5996 9715
5997 6836
5997 7806
5998 6562
5998 8847
5999 7647
5999 8439
5999 9835
6000 6340
6000 8060
6002 7684
6004 6492
6005 8844
6006 7315
6006 9878
6008 7209
6008 7365
6011 9247
6012 7644
6012 8631
6013 6223
6013 6689
6013 7682
6013 9847
6014 8127
6014 8601
6014 9124
6014 9953
6015 6883
6015 9029
6016 6130
6016 6212
6018 9875
6019 6672
6019 8920
6019 9947
6020 7165
6020 9928
6020 9947
6021 6393
6021 9593
6022 6462
6022 8378
6023 8343
6023 8601
6023 8780
6023 9308
6024 8004
6024 8025
6024 9983
6025 8089
6025 8670
6026 6569
6026 7165
6026 7669
6028 7629
6028 7655
6028 9129
6029 9846
6030 9885
6031 8498
6031 9713
6032 6444
6033 8617
6034 6514
6035 7096
6035 7709
6036 6064
6036 7249
6036 7966
6036 9760
6037 6503
6037 7393
6038 6881
6038 7648
6038 7748
6039 7226
6040 9121
6041 6382
6041 7277
6041 8217
6042 7274
6043 6249
6043 8160
6043 8376
6043 9264
6044 7419
6045 9820
6046 7880
6046 8690
6047 9133
6047 9407
6048 8379
6049 8507
6049 9821
6050 6705
6051 6918
6051 8506
6051 9222
6052 6241
6053 7230
6053 8747
6053 9006
6053 9436
6054 7599
6055 7574
6055 7941
6056 6435
6056 7767
6056 7868
6056 9300
6058 7557
6058 7974
6058 7987
6058 9709
6059 6234
6060 7517
6060 8533
6064 8334
6064 8874
6065 7280
6065 7987
6065 9984
6067 9987
6068 7756
6068 8753
6069 8973
6070 6847
6070 7258
6071 7362
6071 8041
6071 8050
6072 6598
6072 7600
6072 8184
6072 8496
6072 8607
6072 9650
6074 8538
6074 8942
6074 9360
6074 9816
6077 6727
6077 7587
6077 9513
6078 7613
6078 8154
6078 8757
6078 9320
6079 8972
6080 7910
6081 6218
6082 8417
6084 6772
6084 6782
6084 9166
6084 9852
6085 9885
6086 6431
6086 7454
6086 8116
6086 9342
6088 8563
6088 8566
6089 7838
6092 8630
6092 9114
6093 9141
6095 6592
6095 7198
6095 7840
6095 8942
6097 8735
6098 6750
6099 6398
6099 7960
6100 6916
6100 7364
6100 7522
6100 9341
6100 9464
6101 6127
6101 7791
6102 6159
6103 8834
6104 7558
6104 8495
6104 8556
6105 9317
6107 9960
6108 7014
6108 7513
6108 7916
6108 9617
6109 9524
6110 7758
6111 7683
6111 7968
6111 8441
6111 9281
6112 7863
6112 8937
6113 6954
6113 7096
6114 6115
6114 9652
6115 6180
6115 6246
6115 6884
6115 7147
6115 9077
6116 9871
6119 8670
6119 8976
6119 9135
6120 9055
6121 6459
6121 7950
6122 6683
6122 9170
6123 6474
6123 9182
6124 8573
6124 8711
6124 9236
6125 6204
6126 9473
6127 6732
6128 6843
6128 8405
6128 8700
6128 9682
6129 9742
6130 9087
6130 9638
6131 6958
6131 7624
6131 9668
6131 9770
6133 7670
6134 6480
6134 7660
6134 7866
6134 8304
6134 9977
6135 6233
6137 7877
6138 6207
6138 8001
6139 7963
6139 8481
6140 6629
6140 8565
6141 7337
6141 8792
6142 6558
6142 8387
6143 9636
6144 8814
6144 9089
6145 6201
6145 7790
6145 9614
6146 7198
6146 7680
6146 8790
6147 7579
6147 9356
6148 7782
6148 8912
6148 9578
6148 9714
6149 7977
6149 8047
6149 8171
6149 8423
6150 9434
6150 9618
6151 7068
6151 7604
6151 7823
6152 8197
6153 7267
6153 7866
6153 7884
6153 8409
6153 8486
6154 6774
6154 8409
6155 6594
6156 6325
6156 9345
6158 9795
6159 6757
6159 9200
6160 6441
6161 6958
6162 9155
6163 6884
6163 7404
6163 7570
6164 8793
6165 6196
6166 6185
6166 6640
6166 7469
6166 9956
6167 8114
6168 7827
6169 6981
6169 8206
6169 8888
6170 7513
6171 9816
6172 6455
6172 7687
6173 7299
6173 7507
6173 8360
6174 7263
6175 6975
6176 9422
6177 7160
6178 7210
6179 6255
6179 6463
6179 7742
6179 8685
6179 9728
6179 9796
6180 9355
6181 6516
6181 8211
6181 9504
6183 8846
6184 7220
6184 8804
6186 7682
6186 8621
6187 6225
6187 9718
6189 9168
6190 7659
6190 9366
6190 9939
6191 6452
6191 7152
6191 8474
6191 9630
6192 6718
6192 7119
6192 8202
6192 8780
6192 9023
6193 8770
6193 9354
6195 9321
6196 6576
6196 8090
6196 9900
6197 6269
6197 7105
6197 8366
6197 9754
6198 7605
6198 7980
6198 8998
6199 8447
6199 9047
6200 9986
6201 6469
6201 9163
6201 9394
6201 9418
6202 6389
6202 7580
6203 8519
6204 9037
6205 9098
6206 6322
6206 8197
6207 6476
6207 8493
6207 9517
6209 9539
6210 6832
6210 7562
6210 9705
6211 8733
6211 9538
6211 9800
6213 8059
6213 9986
6214 7393
6214 8076
6215 6746
6218 6364
6218 7355
6219 7229
6219 8939
6220 7979
6220 8706
6222 8407
6222 8654
6222 8839
6224 8401
6224 9226
6225 7947
6225 9967
6226 6671
6227 9533
6228 7865
6228 7976
6228 8487
6229 7410
6230 7351
6230 7951
6230 8648
6231 9667
6231 9743
6232 8943
6233 8005
6234 7838
6235 8040
6235 9022
6235 9709
6236 9174
6238 6514
6238 9870
6239 6472
6240 7944
6242 7864
6242 7958
6242 8632
6242 8931
6242 9086
6242 9848
6243 6780
6244 9076
6246 6690
6246 9025
6247 6479
6247 8304
6248 7813
6248 9726
6248 9959
6250 7512
6251 6895
6253 6524
6253 6827
6253 9206
6255 7955
6255 8377
6256 9439
6257 9704
6261 7577
6261 8135
6262 6851
6263 8294
6264 7913
6265 7426
6265 7937
6266 7749
6266 9145
6267 8635
6268 8331
6268 8721
6268 9799
6269 7904
6269 9323
6271 6360
6271 7886
6272 6564
6272 9328
6273 8431
6273 9549
6274 9108
6274 9439
6274 9912
6275 7818
6275 8861
6275 9279
6276 7037
6276 7409
6276 9090
6276 9734
6277 7250
6277 9581
6278 8593
6279 8464
6279 9748
6280 6949
6280 8893
6281 6432
6281 6656
6283 7557
6283 8453
6283 8522
6283 9012
6286 7099
6286 8671
6286 9302
6286 9791
6288 9562
6288 9824
6289 7230
6289 7954
6291 6691
6292 6492
6292 7627
6293 6893
6293 7808
6293 8598
6294 6363
6294 7345
6294 7451
6295 6794
6295 9388
6296 8606
6297 7796
6298 8972
6299 6775
6299 7531
6299 9444
6301 6352
6301 7339
6301 7971
6302 8427
6302 9091
6304 6509
6304 6618
6304 7817
6304 9721
6305 8231
6305 8652
6306 9942
6307 7901
6307 8038
6307 8401
6308 9836
6308 9997
6309 7518
6310 6846
6310 7287
6310 9903
6311 9679
6312 8915
6314 9825
6315 8949
6316 7354
6317 7733
6318 7001
6319 7233
6319 7500
6320 7837
6320 7891
6322 7665
6322 8279
6323 6612
6323 6637
6324 6899
6324 7230
6324 9348
6325 6444
6325 8732
6325 8968
6326 7732
6327 6344
6327 6652
6327 7410
6328 9016
6329 9788
6330 7447
6330 7873
6330 8038
6331 9338
6332 7335
6332 8589
6333 7191
6333 8333
6333 8525
6333 8536
6334 6824
6334 6849
6334 7200
6335 9363
6337 8137
6337 8619
6337 9772
6338 8125
6338 9345
6340 7021
6340 9251
6340 9388
6341 6405
6341 8313
6341 8754
6341 9700
6342 7617
6342 8893
6342 9874
6343 6697
6343 6944
6344 8594
6344 8896
6344 9725
6346 6595
6346 7591
6346 7740
6346 9140
6347 6556
6347 6723
6347 6745
6347 8546
6349 7385
6349 8792
6351 9540
6352 7405
6352 9605
6353 6478
6353 6765
6353 8816
6354 7773
6355 8844
6356 7401
6356 9134
6356 9918
6357 8838
6358 8854
6358 9059
6359 6642
6359 6656
6359 7224
6360 6754
6360 8976
6360 9070
6360 9867
6361 8294
6361 8551
6362 8661
6362 9164
6362 9654
6363 6405
6363 6703
6363 6954
6363 8247
6364 7982
6364 8820
6364 9642
6365 6573
6365 7214
6365 8779
6366 9099
6367 7069
6367 7138
6367 7539
6367 9951
6368 7544
6369 8569
6369 9646
6370 7737
6370 8689
6370 8961
6370 9999
6371 6870
6371 7147
6371 8143
6372 6717
6372 8781
6372 9300
6372 9755
6372 9899
6373 6927
6373 7028
6373 8880
6374 7270
6375 6922
6376 7082
6376 7644
6377 7035
6377 9078
6377 9739
6378 9096
6381 6536
6381 6988
6381 9295
6381 9718
6382 6580
6383 9963
6384 7366
6385 9690
6386 6574
6386 7512
6386 7876
6387 6423
6387 6744
6387 8511
6387 8967
6387 9270
6388 7808
6388 8549
6390 8280
6391 8400
6391 9127
6391 9569
6393 6587
6393 9413
6394 9016
6394 9296
6395 6742
6395 6966
6395 9045
6395 9437
6396 6677
6397 6789
6397 7637
6398 6838
6398 9417
6399 7408
6399 8851
6400 7719
6400 9236
6400 9440
6402 6436
6402 6462
6402 8036
6402 9582
6403 7598
6403 8520
6404 6552
6406 7831
6406 9013
6408 7346
6408 7667
6408 9795
6410 8581
6410 8945
6410 9463
6411 7745
6411 8901
6411 9637
6412 9194
6414 7673
6414 7810
6416 6950
6417 8692
6417 9895
6418 8067
6418 8361
6418 9635
6419 7862
6419 8443
6420 7580
6420 9279
6421 6644
6422 7718
6422 9016
6423 6867
6423 7326
6423 7901
6425 6931
6425 9440
6426 8151
6427 8038
6428 8786
6430 6641
6430 9885
6430 9937
6431 7551
6431 8863
6431 9614
6432 7286
6432 7348
6432 9331
6433 7148
6433 9183
6433 9359
6435 6650
6435 6879
6435 9153
6436 7490
6436 7877
6436 9703
6437 8382
6438 6795
6438 7912
6439 8624
6439 8997
6439 9685
6440 6973
6440 8629
6441 6604
6441 7162
6441 8401
6442 7828
6443 9459
6443 9997
6444 7265
6444 7729
6445 7542
6445 9834
6446 6471
6448 7688
6449 7351
6449 8728
6449 9855
6450 6523
6450 7058
6450 7623
6451 7510
6451 9153
6453 7560
6453 7865
6453 8641
6454 7318
6454 9538
6455 7834
6455 9403
6456 6836
6456 9410
6458 7615
6459 9010
6459 9963
6461 7832
6461 8583
6463 6820
6463 7723
6463 7907
6463 9966
6464 6891
6465 7018
6465 7637
6466 7766
6467 8530
6467 9196
6467 9728
6468 9437
6470 7312
6470 9061
6470 9344
6470 9726
6471 6740
6471 9637
6472 8901
6472 9024
6472 9110
6473 7402
6475 9006
6475 9246
6475 9699
6476 6498
6476 8052
6477 6688
6477 7216
6477 9869
6478 7807
6478 8623
6479 7979
6480 6549
6480 9770
6481 8221
6482 7509
6483 6857
6483 8722
6483 9997
6485 8728
6485 8820
6486 8307
6487 7487
6487 7811
6487 8374
6487 9031
6488 7113
6488 8056
6489 7235
6489 7377
6489 8061
6489 9785
6491 6653
6492 7904
6492 8068
6493 6533
6493 9094
6493 9406
6493 9913
6494 8285
6494 8912
6495 6905
6495 7820
6495 8184
6495 8398
6495 8979
6496 6764
6496 7578
6496 7591
6496 9361
6496 9436
6497 9067
6499 9314
6499 9517
6501 7755
6502 6625
6503 7219
6503 9280
6505 6598
6505 6740
6505 7030
6505 8875
6506 6860
6507 7917
6508 7177
6508 8364
6509 9794
6510 8505
6511 6851
6511 7773
6512 8960
6515 7327
6515 8486
6516 7215
6517 9448
6518 9051
6519 7763
6519 9075
6520 9806
6522 7443
6523 6626
6524 6629
6524 9249
6524 9502
6526 9476
6527 8053
6528 9664
6529 6590
6529 8215
6529 8628
6530 7508
6530 8653
6530 9027
6531 6655
6531 7626
6531 8286
6531 8366
6531 9170
6534 7828
6534 9796
6535 7046
6535 8818
6535 9438
6536 8554
6537 7205
6537 9928
6537 9935
6538 7119
6539 8940
6540 6759
6541 7211
6541 7784
6541 8974
6543 7510
6544 6722
6544 6799
6544 8567
6545 7043
6545 8800
6545 9188
6546 7660
6547 7278
6547 9860
6548 6860
6548 7800
6548 8267
6548 9157
6548 9440
6551 9876
6552 7866
6552 8009
6553 6799
6553 7165
6553 8138
6553 8807
6553 9441
6555 7651
6555 9877
6556 7417
6559 7093
6559 7495
6560 6827
6560 7231
6560 7678
6560 8470
6561 7488
6562 7042
6564 6938
6564 7642
6565 9014
6566 8296
6566 8954
6566 9634
6567 6989
6567 9867
6567 9961
6568 9047
6568 9539
6568 9573
6568 9733
6570 6892
6571 7563
6571 8873
6574 7133
6574 9296
6574 9706
6575 7764
6576 9015
6579 7399
6579 9769
6580 6915
6580 8016
6580 9247
6580 9761
6581 7790
6581 9889
6582 7118
6582 7178
6583 8032
6583 8332
6583 9071
6583 9961
6584 8630
6586 7839
6586 9561
6587 8444
6587 8530
6587 8922
6588 8448
6588 8602
6589 6918
6590 6892
6591 7722
6592 6857
6592 7467
6593 8148
6593 9276
6595 6707
6596 9393
6597 7631
6598 9251
6598 9941
6599 9345
6600 7984
6600 8278
6600 9376
6601 6741
6601 6760
6601 7157
6601 8850
6601 8876
6602 6855
6602 8179
6602 8442
6602 8522
6604 7332
6605 8625
6606 6925
6606 7441
6606 9825
6608 7089
6608 8935
6608 9130
6608 9360
6609 6796
6610 8911
6610 9489
6611 8751
6611 9795
6612 8278
6612 9917
6614 6656
6614 7339
6614 7624
6614 8431
6614 8986
6615 7117
6616 6926
6616 7534
6616 8072
6617 7386
6618 8896
6618 9321
6618 9963
6619 7051
6619 7339
6619 9636
6620 8264
6620 8572
6623 7057
6623 7553
6623 7924
6623 8822
6623 9946
6626 8026
6627 7490
6627 9394
6628 7570
6629 9889
6630 8434
6630 8685
6631 6666
6631 9891
6633 8190
6633 9084
6634 8452
6635 9356
6636 6862
6636 7662
6636 9066
6636 9832
6637 7335
6637 7714
6637 7953
6638 7158
6639 6970
6639 8664
6640 6712
6640 6861
6640 8006
6640 9124
6640 9633
6641 9147
6641 9901
6642 8493
6643 7656
6643 7994
6643 8659
6643 9960
6644 7074
6644 7632
6644 9694
6645 7065
6645 8849
6647 8691
6647 9024
6648 8438
6648 8926
6648 9595
6649 6851
6650 8029
6651 7032
6651 7474
6651 8065
6651 9819
6653 8290
6653 8370
6653 9926
6655 8974
6655 9968
6656 7270
6658 7668
6659 9279
6659 9944
6660 7688
6660 9263
6661 7159
6663 7137
6663 7522
6665 8365
6666 7654
6668 9905
6669 7848
6670 7024
6670 7409
6671 7029
6671 7863
6671 8548
6671 8778
6671 9105
6672 7273
6673 7098
6673 7495
6673 8764
6674 8730
6676 6709
6676 6728
6676 9028
6677 9434
6677 9441
6679 6955
6680 8390
6680 9971
6681 7580
6681 8189
6681 8588
6682 9222
6682 9713
6684 8280
6685 8657
6687 8302
6687 9244
6687 9638
6688 9871
6689 8964
6690 6845
6691 9766
6692 8880
6694 7437
6694 8553
6694 9661
6695 6768
6695 8002
6695 8527
6695 9136
6697 6886
6697 6991
6697 7111
6697 8388
6697 8728
6699 7216
6700 8889
6700 8986
6700 9982
6702 7134
6702 7236
6702 8593
6703 8153
6703 9421
6705 8570
6706 7349
6706 8040
6707 8089
6708 9534
6710 6823
6710 7571
6713 7237
6713 8516
6713 9123
6715 7825
6715 9056
6716 8310
6716 8960
6717 6930
6717 9608
6719 7331
6721 8058
6721 8230
6722 6738
6722 8344
6722 9336
6723 8387
6723 8978
6723 9797
6725 7891
6725 9876
6726 8496
6727 9398
6728 7831
6728 8460
6729 9018
6731 7891
6732 7976
6732 9109
6734 7714
6734 8627
6734 9134
6736 7735
6736 8330
6737 7583
6737 8231
6737 9006
6739 9107
6740 7040
6740 9668
6741 6772
6741 7987
6742 7980
6743 6940
6743 8050
6743 9075
6743 9893
6744 8608
6744 9988
6745 7883
6745 8895
6746 8090
6746 8285
6746 8665
6749 9812
6750 7582
6750 8368
6750 9951
6751 8417
6752 7945
6752 8226
6752 9808
6754 9514
6755 9618
6756 8009
6756 8037
6756 9075
6759 7592
6759 7826
6760 7492
6760 8300
6761 8886
6763 8345
6764 6897
6765 7177
6765 8461
6765 8524
6766 9409
6767 6845
6768 7190
6768 7513
6768 7612
6768 9601
6769 8053
6769 9344
6770 8233
6770 8765
6771 7555
6771 7787
6772 6833
6772 7172
6772 8855
6772 9912
6773 9107
6774 8569
6774 9534
6775 8531
6776 7734
6776 8701
6777 7212
6777 9179
6778 8085
6779 8630
6779 9785
6780 7871
6780 9570
6781 7834
6781 8476
6782 8595
6783 7139
6783 7282
6783 7697
6785 7515
6785 7745
6785 8150
6785 9523
6785 9708
6786 7390
6786 7689
6786 8582
6786 8935
6787 7512
6787 8237
6787 9631
6789 7796
6789 9931
6790 8587
6791 8620
6791 9346
6793 9094
6794 6854
6794 7038
6794 8304
6794 8424
6794 8653
6794 9113
6795 6821
6795 6891
6795 8376
6795 8737
6795 9247
6795 9978
6796 7458
6796 7592
6797 9488
6799 7656
6800 9878
6800 9934
6801 7097
6801 8029
6801 8702
6801 9422
6802 9084
6802 9853
6803 7198
6803 8112
6804 6809
6804 8561
6804 8597
6805 9226
6806 9204
6807 6900
6807 7413
6807 7909
6807 9299
6808 9875
6809 8658
6810 7122
6810 8207
6810 8369
6811 7513
6812 7677
6813 8669
6814 7867
6814 8547
6815 6818
6815 9163
6816 7197
6816 9850
6817 7342
6817 8259
6817 9051
6818 6826
6819 7601
6819 8622
6820 9913
6821 8580
6822 9439
6822 9755
6823 8099
6823 8685
6824 8507
6824 8872
6825 7490
6826 7690
6826 9217
6827 7986
6827 7995
6828 9712
6828 9925
6829 8450
6830 9707
6831 6982
6831 8018
6832 9547
6833 8656
6835 8146
6835 8871
6836 9359
6836 9681
6837 9102
6838 7699
6838 7912
6838 9246
6839 8322
6839 9630
6840 7755
6840 7878
6840 9492
6841 9414
6844 7326
6844 9099
6844 9687
6846 8467
6847 7291
6847 8484
6848 9163
6848 9558
6849 7772
6850 6914
6850 9491
6851 7642
6851 7782
6853 8836
6853 8949
6853 9086
6854 9974
6855 8845
6855 9464
6856 7011
6856 9856
6857 7849
6857 7914
6857 9802
6858 7375
6858 7409
6858 8810
6858 9181
6859 9138
6859 9616
6860 8946
6862 7966
6862 8611
6863 8846
6864 7971
6865 8877
6866 8205
6868 9445
6869 8292
6870 9096
6871 7196
6871 9093
6871 9350
6871 9812
6872 7019
6872 9872
6877 8234
6878 7073
6878 7235
6878 8534
6878 8625
6878 9151
6878 9299
6879 7476
6879 8545
6882 9860
6883 9203
6883 9943
6884 7523
6884 9013
6884 9043
6886 7709
6887 7841
6887 8224
6887 9349
6887 9568
6891 7908
6892 9832
6895 9748
6896 9000
6896 9892
6897 7317
6898 7727
6899 8467
6905 9454
6906 9101
6908 8840
6909 7886
6912 8057
6912 9796
6913 7597
6913 9100
6913 9160
6913 9562
6913 9618
6914 8489
6915 8650
6916 8789
6916 8863
6916 8895
6917 7759
6918 8885
6919 9010
6920 9626
6920 9886
6924 7754
6925 7844
6925 9609
6926 9181
6928 8500
6928 9036
6928 9186
6928 9568
6929 8167
6929 8572
6930 6933
6930 8519
6930 9500
6931 9052
6931 9501
6932 7279
6933 7749
6933 8355
6934 8559
6934 9197
6935 7044
6935 7410
6935 9547
6936 9512
6936 9661
6937 7962
6938 7604
6938 8628
6939 7055
6939 9275
6939 9979
6940 9586
6940 9635
6942 8522
6942 8864
6942 9106
6943 8397
6944 7057
6944 7873
6945 7252
6947 7292
6947 8446
6947 8769
6948 9774
6949 7399
6949 8418
6949 9503
6950 7748
6951 9690
6953 8312
6953 8808
6953 9915
6954 9928
6956 8016
6956 8748
6956 8785
6957 7874
6957 9227
6958 9225
6958 9817
6960 8355
6960 9183
6961 9279
6962 7359
6962 7912
6963 7354
6963 8158
6963 9418
6963 9761
6964 9810
6968 8109
6971 7670
6973 7628
6973 9698
6974 7242
6974 9741
6976 6993
6976 8017
6977 8679
6979 8031
6979 8082
6979 8233
6979 8293
6980 9758
6981 9105
6981 9949
6982 7482
6983 8151
6983 9844
6983 9951
6984 7236
6984 8236
6984 8781
6985 8694
6987 9560
6988 9531
6989 7260
6989 8241
6990 7099
6991 7893
6991 8090
6993 7029
6993 7104
6993 8247
6993 8322
6995 7684
6995 9420
6996 8168
6997 8449
6997 8707
6997 8807
6998 7222
6998 9698
6999 8201
7000 7245
7000 8480
7000 8739
7000 8856
7001 7704
7003 7200
7003 9636
7004 8457
7004 8759
7005 8632
7005 9146
7006 8112
7007 7097
7007 7988
7008 7052
7010 9349
7011 9727
7011 9970
7012 8227
7014 7762
7014 9171
7015 7494
7015 8965
7016 8462
7016 8720
7016 9531
7018 7964
7019 8489
7019 9611
7020 8563
7020 9653
7021 9439
7023 8419
7023 9833
7024 7265
7024 8037
7027 7609
7027 9494
7028 7779
7028 8023
7030 8331
7030 8975
7031 8338
7031 8490
7032 7906
7032 9452
7033 7515
7034 7443
7035 8305
7036 7753
7037 7530
7037 8655
7039 7822
7039 7895
7040 8473
7040 8502
7041 9991
7042 8127
7043 8562
7043 8583
7043 9882
7044 8744
7044 9879
7045 7688
7045 9609
7046 8355
7046 9362
7048 9315
7048 9971
7049 9044
7049 9500
7050 8657
7051 8222
7054 8329
7054 9831
7055 9516
7056 7803
7058 7270
7058 7639
7058 8139
7058 9713
7059 7389
7059 8168
7059 9381
7061 7373
7061 8644
7063 7165
7063 8282
7064 9014
7065 9243
7066 8214
7066 8627
7066 9602
7067 7534
7067 9694
7067 9844
7067 9986
7068 8794
7068 9485
7069 8094
7069 8206
7069 8555
7073 8016
7074 7670
7074 7840
7076 7867
7078 8412
7078 9764
7079 8721
7080 8422
7080 9675
7081 7895
7082 8199
7082 8210
7082 8787
7082 8806
7082 8974
7083 7092
7083 7621
7083 8633
7084 8428
7084 9044
7087 8467
7087 9550
7088 8348
7090 7288
7090 7364
7091 7808
7091 8075
7091 9200
7091 9531
7092 8397
7092 8503
7093 7213
7093 7279
7093 7773
7093 7982
7093 8066
7093 8392
7094 7175
7095 8390
7096 8090
7096 8557
7096 9168
7097 7962
7097 8607
7098 7707
7098 8392
7099 8003
7099 8738
7099 9324
7102 7410
7102 7658
7102 8532
7103 9160
7104 8207
7104 9303
7105 9880
7106 7984
7106 8133
7107 8316
7108 8213
7109 9666
7110 7850
7110 8849
7110 9691
7111 7259
7111 7393
7111 7940
7111 9884
7113 7334
7113 7933
7114 8507
7116 8208
7117 7265
7117 9564
7117 9771
7117 9965
7118 7884
7119 8308
7119 8645
7121 7962
7122 8158
7122 9120
7123 7588
7123 9093
7123 9201
7124 7389
7124 8480
7124 8893
7125 7482
7126 9829
7128 7633
7128 9097
7129 7452
7129 8620
7131 7400
7131 9276
7133 8249
7134 7394
7134 8337
7134 9803
7135 9883
7136 7168
7136 9459
7137 8490
7137 9326
7138 7837
7138 8956
7139 8982
7140 8171
7140 9618
7142 7875
7142 8142
7142 8497
7142 9604
7144 8567
7145 8253
7146 9715
7147 7795
7147 9223
7149 8760
7149 8773
7149 9188
7152 7324
7152 7889
7154 8036
7154 8119
7154 8563
7154 9012
7154 9492
7155 7319
7155 7468
7155 8010
7156 9766
7157 8584
7158 7381
7158 8488
7158 8781
7158 9873
7160 7805
7160 7860
7160 9139
7163 7353
7163 7552
7163 8794
7164 7208
7165 7619
7167 7221
7169 9499
7170 9794
7172 8128
7173 8702
7175 9338
7175 9344
7176 8377
7177 9811
7180 9855
7181 7427
7182 7252
7182 7956
7183 7187
7183 8327
7184 7201
7184 8360
7184 8726
7184 9370
7184 9960
7185 8958
7186 9696
7187 7529
7187 9883
7188 9988
7189 7484
7189 7972
7189 8440
7190 8552
7193 8010
7194 9176
7195 7763
7195 8228
7196 7307
7196 7655
7196 8696
7198 8334
7199 8223
7199 9681
7200 8515
7200 9814
7201 9686
7203 7575
7203 7581
7203 9417
7204 7526
7204 8981
7205 7898
7205 8122
7205 8953
7206 7294
7207 7886
7208 7314
7208 9110
7208 9797
7209 8544
7210 8522
7210 8736
7212 8838
7212 8924
7213 8099
7214 7288
7215 8099
7215 9936
7216 9753
7217 7379
7217 7999
7217 8862
7217 9985
7218 9504
7219 7861
7219 7939
7219 9938
7220 7833
7220 9228
7220 9852
7221 7491
7222 7441
7222 8346
7222 9971
7223 8731
7223 8960
7224 7677
7224 7860
7224 8014
7224 8399
7224 9293
7225 9847
7226 7868
7227 9284
7229 7549
7229 8960
7230 7253
7230 8388
7231 8580
7231 9570
7232 8123
7232 9517
7235 7610
7236 9502
7239 7929
7239 8119
7241 7913
7241 8735
7242 7547
7242 9962
7243 8190
7243 8410
7245 9603
7248 9337
7249 9720
7249 9959
7250 9634
7251 7527
7251 7715
7252 9426
7253 7943
7255 9747
7255 9956
7257 7908
7257 9649
7259 8588
7260 9312
7261 7988
7262 8044
7263 8533
7263 9002
7263 9055
7263 9603
7263 9986
7264 7307
7265 8085
7265 8732
7265 8740
7265 9272
7266 9516
7266 9782
7266 9945
7267 7785
7267 9506
7267 9509
7267 9549
7267 9879
7268 9333
7269 8084
7271 8469
7271 9164
7271 9173
7272 7525
7273 7339
7273 7969
7273 8901
7274 8132
7274 9285
7275 8418
7276 9283
7277 9535
7278 8743
7278 8925
7279 8608
7279 8699
7280 7713
7281 7816
7281 9557
7282 7518
7283 8130
7283 9512
7284 7863
7284 8979
7286 9825
7287 8826
7288 9875
7288 9913
7289 9619
7289 9761
7291 8170
7291 9784
7293 8285
7294 7578
7296 9210
7297 8427
7298 7353
7299 8409
7299 8414
7300 7732
7300 9906
7301 7335
7301 8538
7301 8918
7301 9349
7301 9532
7301 9755
7302 8381
7303 8759
7305 8201
7306 7543
7307 8693
7307 8825
7308 7487
7308 8314
7310 8130
7310 9020
7312 9623
7314 7850
7314 9525
7315 7791
7315 9247
7315 9339
7316 7347
7316 8137
7316 8995
7317 9702
7318 8390
7319 8128
7319 8641
7319 9968
7321 9332
7321 9764
7323 7704
7324 8016
7324 8321
7326 9575
7328 9102
7329 7666
7330 7389
7330 7562
7330 7852
7330 7884
7330 9705
7331 7575
7331 9045
7331 9961
7332 7822
7332 8457
7332 9384
7333 9786
7334 7819
7334 9408
7334 9906
7335 9561
7337 7747
7341 8645
7342 9747
7343 7550
7343 9858
7344 9240
7345 7756
7345 8814
7345 9579
7347 8585
7349 7357
7349 9221
7350 7701
7350 8702
7351 7837
7351 9648
7352 8463
7353 8953
7354 9697
7355 7374
7356 7959
7356 8347
7358 7511
7358 9529
7359 7906
7359 8880
7362 8414
7363 7433
7364 9098
7364 9164
7364 9537
7365 8502
7366 7897
7366 8312
7366 8662
7367 8967
7368 9236
7368 9375
7368 9992
7370 9846
7371 8192
7373 7675
7373 8643
7373 8901
7376 7803
7377 7541
7377 9851
7377 9999
7378 8070
7378 8832
7379 7977
7380 8358
7380 9028
7381 9269
7382 9519
7383 8974
7383 9579
7383 9791
7384 7810
7386 8056
7387 8187
7388 9236
7388 9245
7389 8589
7391 9222
7392 7632
7392 9087
7392 9920
7393 8996
7393 9216
7394 7657
7394 7957
7395 9636
7397 8230
7398 7896
7400 7625
7400 8685
7402 8842
7402 9046
7403 8031
7403 9385
7404 7487
7404 8924
7405 7630
7405 9023
7405 9617
7405 9883
7406 7508
7406 9002
7406 9408
7407 7536
7408 8257
7408 8681
7409 8404
7409 9745
7410 7628
7410 9270
7413 7754
7413 8602
7414 8236
7414 8804
7415 7868
7415 7913
7415 8981
7416 7774
7416 8264
7416 8663
7416 9517
7418 7819
7418 7838
7418 8266
7418 8413
7418 9642
7419 8170
7419 8989
7419 8999
7421 9226
7421 9585
7421 9592
7422 9042
7424 9355
7426 7696
7426 8083
7428 9265
7430 8131
7430 8512
7430 8757
7431 8333
7433 8116
7433 8517
7433 9525
7434 7680
7434 8517
7435 9195
7436 7515
7436 7711
7436 9033
7437 8139
7438 8626
7439 9909
7440 8875
7441 7567
7441 7659
7442 8542
7443 8253
7443 8288
7443 9176
7444 9046
7444 9474
7444 9790
7445 8943
7445 9877
7446 8167
7447 8308
7447 8380
7449 8710
7450 9731
7450 9780
7451 7457
7451 7930
7453 8207
7453 9760
7454 9865
7455 7715
7455 8189
7455 9013
7455 9193
7456 7669
7456 9223
7457 8537
7457 9151
7457 9954
7459 8381
7460 7874
7461 8135
7463 8606
7463 9465
7465 9793
7466 7914
7466 7983
7466 9357
7467 7471
7467 8494
7467 8571
7467 9117
7467 9201
7468 7639
7468 7843
7468 8490
7468 9246
7469 8489
7470 9037
7470 9706
7471 7880
7473 8087
7473 9388
7474 9796
7476 8377
7478 8125
7479 9013
7480 9275
7481 7575
7481 8762
7481 8797
7482 9305
7483 9888
7486 9543
7487 8919
7488 9407
7490 8682
7490 9768
7490 9922
7490 9935
7492 9569
7492 9742
7492 9785
7493 8929
7494 8443
7495 7909
7495 9125
7497 7939
7497 9037
7497 9080
7498 7551
7498 8211
7498 8265
7498 9800
7500 8609
7501 8812
7501 9216
7504 7654
7508 7719
7508 8866
7511 9447
7514 8801
7514 9262
7515 7839
7515 9127
7515 9441
7516 7903
7516 8384
7517 8571
7517 8607
7520 9526
7523 9069
7523 9214
7523 9444
7524 8041
7524 8173
7526 7754
7527 7544
7527 7835
7529 9132
7530 8633
7530 9536
7532 7942
7533 7934
7534 8161
7537 9306
7538 8103
7539 7986
7539 8188
7540 7647
7540 7946
7540 9237
7540 9517
7540 9981
7541 8094
7541 9213
7542 8446
7543 9708
7544 7655
7545 9366
7546 9201
7546 9938
7547 9873
7549 8365
7549 8830
7549 9333
7550 8074
7550 9269
7550 9795
7551 9845
7553 8677
7554 7702
7554 8162
7555 8912
7556 9175
7558 9006
7558 9734
7560 9896
7561 8050
7562 9042
7566 8903
7566 9784
7567 9217
7568 8687
7571 9603
7572 7623
7573 7706
7573 9229
7574 8314
7575 7791
7575 7889
7575 9288
7576 7968
7576 8734
7576 9766
7577 9236
7577 9338
7580 7772
7580 9209
7582 8976
7582 9628
7583 8451
7584 7945
7585 7932
7585 8150
7585 8679
7585 9092
7585 9274
7586 8235
7586 8333
7588 9964
7589 8784
7591 9306
7592 9902
7594 8142
7594 8145
7595 7938
7597 7660
7597 8796
7598 8262
7601 8866
7603 7866
7603 9374
7604 8706
7605 7912
7605 8563
7606 8251
7606 9133
7606 9369
7607 8761
7607 9328
7608 8112
7610 8481
7611 8099
7611 9758
7612 9253
7613 8288
7614 8084
7614 9124
7614 9284
7614 9768
7614 9897
7615 9317
7616 8597
7616 9442
7616 9716
7618 8401
7618 9116
7619 8387
7620 9918
7621 7777
7624 8120
7624 9004
7627 8404
7628 9080
7629 8081
7629 9013
7631 9512
7632 8462
7633 8250
7633 9163
7636 9897
7637 8731
7638 8375
7638 8762
7638 9017
7639 8579
7639 9585
7641 7808
7641 7982
7642 8174
7642 9220
7643 7763
7644 7742
7644 8790
7646 8482
7646 9683
7648 8825
7648 9054
7648 9224
7648 9836
7650 7943
7650 9710
7651 8116
7652 9777
7654 8325
7655 8754
7655 9056
7655 9610
7655 9657
7656 9842
7658 8156
7658 9027
7658 9241
7658 9445
7659 8305
7660 9447
7661 9968
7663 8722
7664 9628
7665 9623
7665 9765
7666 9682
7667 8959
7668 8886
7669 7725
7669 8150
7669 8428
7670 8039
7671 8252
7671 8312
7671 9883
7672 7912
7672 8735
7672 9955
7673 8136
7674 8090
7674 8328
7674 8559
7674 9915
7675 7862
7675 9513
7675 9628
7676 8294
7677 9657
7679 9063
7679 9862
7680 9867
7680 9960
7681 7992
7683 7857
7684 9446
7686 9951
7687 7896
7687 8175
7687 8474
7687 9745
7688 8634
7688 9172
7689 8905
7691 8441
7692 9163
7693 8268
7693 8665
7695 8782
7695 9167
7695 9423
7698 9267
7699 8931
7699 9989
7700 8840
7700 9941
7701 9547
7702 9805
7704 8685
7707 9050
7709 8326
7711 7967
7711 8750
7711 8767
7711 9090
7712 8392
7712 9255
7713 8133
7713 8204
7716 7804
7716 8074
7716 8623
7717 7833
7717 8828
7719 7757
7719 8456
7719 9312
7723 7962
7724 7982
7724 8710
7725 8400
7725 8970
7725 9377
7726 7771
7727 8792
7727 9712
7728 8402
7728 8776
7731 8143
7731 9131
7732 8949
7733 8390
7735 7954
7736 9375
7737 8823
7739 8366
7739 9994
7742 9826
7743 7916
7743 8783
7744 9911
7745 8675
7745 9350
7746 8466
7746 8765
7746 9025
7747 8571
7747 8602
7747 9617
7748 8105
7750 8343
7751 8164
7751 8769
7752 7887
7752 8125
7752 9502
7753 8496
7753 9645
7754 7798
7754 8615
7755 7804
7755 7810
7756 7823
7756 8189
7756 8690
7756 8790
7756 9203
7756 9854
7757 8750
7759 9465
7760 9790
7763 8581
7764 8978
7764 8992
7765 9126
7765 9959
7766 9310
7767 7874
7767 8435
7769 8142
7769 9928
7771 8495
7773 8034
7773 9643
7777 8220
7779 8700
7779 8898
7779 9349
7779 9772
7780 8363
7781 8519
7781 8815
7782 7946
7783 8560
7786 8100
7788 9740
7789 9666
7792 8326
7793 8347
7793 8655
7793 8756
7794 8064
7794 9465
7796 8723
7796 9901
7797 8194
7797 8453
7798 8938
7799 8916
7800 9580
7801 8675
7801 8866
7804 7831
7804 8967
7805 9266
7805 9954
7806 8021
7810 8257
7811 8014
7811 8882
7812 9954
7814 9011
7817 8104
7818 8477
7818 9757
7820 8736
7822 8551
7823 9112
7825 9353
7826 8423
7827 8264
7828 8478
7828 8653
7831 9134
7832 9511
7835 9133
7835 9941
7836 8684
7836 8992
7836 9499
7839 8492
7839 9941
7840 8008
7841 8171
7841 9583
7841 9996
7842 9532
7842 9837
7845 7968
7845 9945
7848 8503
7849 8765
7851 8521
7853 9224
7853 9748
7854 9910
7855 8417
7858 8589
7858 9022
7858 9617
7859 9486
7860 9084
7863 8073
7863 8792
7863 9434
7863 9993
7864 8374
7865 8302
7869 9589
7870 9855
7874 9608
7878 8532
7878 8904
7879 9061
7880 8966
7881 8035
7881 8591
7881 9513
7881 9694
7882 9879
7885 8147
7885 8554
7887 8978
7887 9061
7887 9851
7888 9761
7889 8945
7889 9881
7890 9768
7891 8816
7897 8655
7897 8975
7897 9067
7898 9592
7899 8496
7900 9363
7901 8326
7901 8846
7901 9404
7902 7931
7902 8634
7902 8785
7903 9455
7903 9515
7903 9859
7904 9239
7908 8718
7909 8773
7910 7928
7910 8250
7910 9941
7911 8214
7911 9103
7911 9632
7911 9935
7913 8750
7915 8329
7917 8118
7918 8240
7918 8897
7919 8957
7920 8906
7921 9646
7922 9448
7923 8031
7923 8606
7924 9644
7924 9924
7927 8128
7928 8596
7930 8015
7930 8822
7930 9004
7931 9466
7933 9163
7936 9154
7938 9735
7942 9244
7942 9838
7943 9065
7945 8100
7945 9386
7949 9522
7951 8213
7951 9654
7953 8696
7953 8715
7953 9165
7954 7998
7955 9746
7956 7988
7956 9567
7957 9506
7958 8152
7958 8768
7960 8474
7960 8783
7960 9143
7961 8396
7962 8680
7964 8126
7964 8807
7964 9276
7966 8332
7966 9456
7966 9849
7967 9185
7967 9764
7968 8465
7973 9979
7974 8105
7977 8960
7979 8684
7981 8508
7982 8024
7982 9019
7982 9075
7982 9904
7985 8798
7985 8930
7986 8716
7987 8389
7987 9989
7990 8690
7990 9780
7991 8067
7991 9023
7992 8545
7993 8664
7994 8615
7996 8222
7997 9242
8001 8088
8003 8573
8003 9306
8003 9903
8004 8148
8004 9080
8005 8173
8005 8861
8005 9369
8006 9396
8006 9911
8008 9148
8008 9748
8009 8329
8009 9779
8010 9364
8012 8405
8012 8420
8012 9329
8013 8020
8014 8932
8014 9031
8015 8452
8015 8498
8015 9060
8015 9421
8016 8184
8016 8930
8018 9238
8019 8890
8019 9658
8020 8557
8020 8743
8022 8487
8022 9338
8027 8403
8027 9296
8029 8479
8031 8053
8033 8532
8033 9441
8034 8277
8034 9606
8036 8410
8036 9233
8036 9676
8037 8121
8039 9520
8040 8137
8040 8817
8040 9382
8041 8745
8042 9418
8042 9940
8043 8204
8043 9000
8043 9462
8044 8173
8046 8912
8047 9482
8048 8964
8050 8184
8051 8497
8051 9008
8056 9895
8058 9000
8058 9728
8059 9518
8061 9891
8063 8668
8065 9292
8066 8694
8067 8795
8067 9892
8070 8680
8071 8986
8072 8096
8073 8388
8073 9580
8074 9022
8075 9265
8075 9433
8077 8393
8078 8855
8078 9192
8078 9901
8079 9646
8079 9921
8081 8223
8081 9690
8081 9993
8082 9457
8083 8618
8087 8748
8088 9500
8092 9478
8092 9560
8093 8443
8093 8859
8093 9276
8093 9847
8096 9436
8096 9694
8097 8478
8097 9506
8097 9691
8098 8563
8098 9915
8100 8398
8101 9808
8102 8415
8105 8562
8106 9996
8107 8231
8109 8245
8109 9249
8110 9319
8110 9609
8111 8860
8112 8510
8113 9849
8114 8717
8115 9760
8116 8420
8116 9834
8117 9597
8119 9121
8119 9595
8121 8517
8121 9755
8122 9361
8122 9672
8124 8641
8125 8407
8126 8248
8129 8466
8132 9629
8133 8320
8134 9069
8134 9943
8135 9478
8137 9671
8138 8530
8139 9874
8140 8320
8141 8470
8141 8487
8142 8499
8145 8172
8145 8283
8145 8383
8146 8698
8146 8893
8146 9087
8149 8407
8149 8724
8151 8352
8151 8515
8152 9707
8154 9660
8155 8695
8156 9369
8157 9709
8158 8937
8158 9883
8159 9850
8160 8584
8161 9749
8163 8196
8163 9137
8163 9655
8166 9045
8166 9490
8169 8638
8169 8848
8169 9959
8170 8508
8171 9223
8172 9677
8174 8243
8174 9343
8175 8403
8175 9069
8175 9581
8176 9647
8178 9966
8179 9536
8181 8721
8181 9082
8182 8749
8182 9852
8183 8430
8184 8579
8184 8760
8186 8957
8186 9139
8187 9416
8188 8525
8189 9828
8189 9844
8191 8564
8193 9453
8193 9504
8195 9830
8197 8331
8197 9057
8197 9648
8198 8259
8198 8325
8198 8454
8198 9013
8199 9280
8200 9445
8202 9608
8204 8964
8205 9943
8206 8899
8207 9288
8208 9095
8209 8287
8209 9367
8210 9445
8211 9354
8213 8909
8215 9349
8215 9597
8216 9575
8217 8871
8218 9283
8219 9794
8219 9806
8220 8616
8225 9295
8226 9588
8227 9465
8229 9258
8230 9388
8231 9573
8231 9678
8232 9091
8233 8265
8233 8585
8233 9384
8234 9016
8236 8653
8238 9851
8239 8990
8239 9858
8240 8544
8241 8480
8243 9801
8244 9448
8246 9188
8246 9787
8249 8588
8249 8777
8250 8485
8251 9451
8253 9533
8254 9128
8254 9932
8255 8988
8256 9343
8257 8471
8258 8992
8258 9409
8259 8661
8260 9551
8263 8562
8263 9919
8269 8523
8269 8660
8269 9751
8271 8739
8273 9032
8275 9255
8275 9301
8276 9862
8280 8282
8284 9408
8286 9052
8286 9148
8288 9208
8290 9757
8291 8802
8291 9479
8292 8878
8292 9215
8293 9042
8293 9711
8294 9606
8297 9775
8297 9996
8300 9672
8303 9060
8306 9140
8306 9240
8306 9743
8308 9668
8309 8317
8309 8669
8310 8405
8310 9318
8311 9491
8311 9824
8312 9013
8315 9415
8321 9116
8322 9217
8323 9826
8325 8555
8325 9550
8326 8387
8326 8740
8328 8394
8328 9127
8328 9447
8331 8926
8331 9058
8331 9321
8333 9455
8335 8770
8335 9199
8335 9826
8336 9106
8336 9218
8337 9615
8338 9786
8339 9435
8340 9565
8341 8736
8341 9120
8341 9608
8343 8616
8343 9392
8348 8367
8349 8482
8349 9554
8350 8702
8350 9264
8351 8846
8352 8981
8355 9153
8356 8974
8356 9820
8358 8826
8361 8496
8361 9794
8362 8615
8362 9278
8363 9286
8364 9543
8365 9034
8366 9956
8370 9163
8373 8773
8380 9721
8381 8590
8381 9567
8382 8578
8383 9205
8389 8700
8392 8738
8392 9589
8394 8645
8396 9208
8401 8816
8401 9227
8402 8690
8404 9057
8405 8657
8405 9532
8406 8760
8407 9938
8408 9058
8408 9469
8410 9518
8411 8669
8412 9373
8412 9530
8413 8688
8417 9106
8422 8717
8423 9219
8424 9015
8427 8937
8428 9887
8429 9981
8430 9322
8430 9402
8431 9302
8431 9714
8435 9577
8435 9615
8436 9026
8438 9895
8441 9359
8441 9712
8442 9380
8445 8474
8445 9496
8446 8974
8446 9261
8447 9091
8448 9120
8448 9515
8449 9220
8449 9587
8450 9285
8450 9721
8452 9782
8454 9762
8455 9388
8457 9144
8457 9964
8459 9818
8460 9908
8461 9478
8461 9610
8462 8596
8463 9768
8465 8542
8466 8741
8466 9705
8468 9215
8468 9634
8469 8875
8470 8949
8471 9661
8472 8531
8473 9535
8475 9927
8477 9635
8478 8536
8481 9076
8482 8489
8483 9994
8484 9061
8484 9223
8485 9985
8487 8513
8487 8950
8487 9069
8487 9155
8488 9348
8488 9675
8489 9459
8490 8717
8490 9313
8491 9883
8495 9167
8496 9129
8498 8576
8499 9512
8503 8872
8503 9126
8503 9143
8503 9257
8506 9803
8506 9942
8508 8575
8508 8788
8508 9654
8511 9258
8512 8780
8513 9438
8513 9901
8514 9283
8514 9823
8517 9590
8518 9548
8518 9799
8519 8844
8520 9630
8521 9308
8522 8932
8522 9205
8522 9273
8523 9689
8524 9086
8529 9510
8531 8655
8532 8683
8532 8905
8533 9479
8535 8738
8536 8933
8536 9987
8537 8747
8540 9734
8541 9851
8542 8590
8544 8670
8546 9192
8546 9678
8549 8608
8550 8900
8550 9911
8551 9882
8551 9893
8552 8862
8553 8555
8556 8713
8556 9886
8561 9036
8563 8943
8564 9078
8564 9189
8566 9139
8568 9834
8572 8718
8573 9798
8573 9956
8576 9052
8576 9327
8580 8636
8580 9249
8585 9913
8587 9945
8589 9286
8589 9468
8590 8724
8590 9102
8590 9295
8590 9378
8590 9616
8591 9084
8593 9040
8593 9412
8594 8618
8596 9667
8599 8842
8599 8918
8600 8775
8600 9062
8601 8863
8603 8920
8603 9122
8605 9114
8605 9422
8608 9711
8610 8725
8610 8925
8610 9815
8612 9372
8612 9488
8612 9928
8614 9037
8615 9568
8618 9972
8620 8975
8622 9327
8623 8771
8624 8913
8624 9915
8626 8705
8626 8977
8626 9024
8627 9729
8628 9042
8632 9833
8633 9571
8634 9774
8639 8904
8641 9620
8642 9089
8642 9233
8643 8966
8648 9180
8648 9574
8649 9985
8652 8765
8653 9146
8656 8941
8657 9387
8657 9854
8659 9508
8659 9705
8660 9893
8661 9727
8662 9091
8666 9648
8668 9345
8668 9532
8669 9098
8669 9701
8672 9352
8674 9170
8674 9456
8676 9372
8680 9341
8681 9374
8681 9616
8682 9393
8683 9116
8683 9490
8683 9557
8685 8807
8688 9788
8692 9867
8693 9802
8694 9737
8694 9882
8695 9696
8696 9833
8697 8968
8699 9581
8703 9146
8703 9363
8703 9967
8704 10000
8705 8955
8707 9535
8715 8786
8718 9810
8720 8849
8722 8879
8724 9362
8724 9441
8724 9841
8725 9424
8727 9675
8729 9441
8730 9521
8731 8893
8734 8743
8734 9878
8737 9074
8738 8995
8740 8803
8740 9726
8751 9319
8753 8896
8754 8987
8756 9563
8757 9122
8759 8951
8761 9353
8766 9574
8766 9985
8768 9617
8769 9213
8772 9343
8772 9671
8775 9571
8775 9839
8776 9985
8781 9137
8783 9190
8783 9776
8786 9384
8787 8865
8787 9502
8787 9980
8788 9119
8789 9588
8791 9443
8792 9637
8793 9107
8794 8964
8795 9223
8797 9116
8799 9660
8799 9963
8800 9948
8801 9584
8801 9733
8802 9530
8805 9285
8806 9425
8808 9267
8808 9561
8812 9835
8815 9201
8816 9183
8817 8881
8818 9088
8821 9533
8822 9169
8823 9562
8823 9603
8824 9864
8828 9135
8828 9283
8828 9842
8829 9453
8829 9492
8833 9238
8841 9817
8843 9911
8849 9380
8850 9503
8853 9133
8854 9655
8856 9537
8857 9290
8858 9544
8860 8862
8860 9905
8861 9296
8862 9226
8862 9555
8862 9850
8863 9828
8865 9023
8866 9316
8873 9014
8874 9287
8880 8960
8880 8994
8880 9582
8880 9899
8881 9368
8882 9892
8885 9336
8886 9249
8890 9788
8894 9430
8898 9649
8898 9721
8900 8954
8901 9964
8902 9173
8908 8979
8909 8935
8910 9738
8911 9509
8917 8950
8917 9226
8920 9105
8926 9710
8928 9326
8933 9255
8935 9016
8938 9176
8938 9823
8943 9152
8945 9059
8947 9525
8948 9012
8951 9930
8955 9779
8955 9820
8957 9485
8959 9496
8960 9461
8966 9248
8966 9758
8966 9804
8972 9605
8974 9427
8977 9618
8982 9642
8998 9686
9000 9188
9000 9207
9002 9542
9007 9223
9007 9996
9015 9275
9017 9810
9020 9048
9021 9436
9021 9579
9021 9804
9023 9695
9024 9768
9028 9586
9028 9786
9035 9436
9038 9178
9039 9395
9044 9519
9052 9945
9057 9208
9059 9519
9059 9930
9060 9084
9060 9152
9066 9196
9066 9417
9066 9444
9066 9676
9066 9855
9069 9254
9072 9111
9076 9347
9078 9105
9096 9648
9097 9356
9098 9232
9098 9535
9099 9119
9100 9973
9101 9218
9103 9804
9104 9269
9112 9482
9120 9188
9120 9890
9124 9533
9124 9795
9126 9563
9126 9810
9128 9181
9130 9518
9132 9322
9136 9679
9137 9430
9137 9718
9138 9719
9140 9891
9148 9570
9149 9884
9153 9610
9155 9604
9158 9895
9161 9309
9164 9279
9167 9770
9168 9621
9169 9711
9174 9760
9175 9660
9185 9551
9186 9786
9192 9682
9194 9453
9195 9268
9195 9317
9196 9549
9196 9801
9201 9974
9203 9289
9205 9385
9207 9457
9207 9508
9211 9713
9214 9988
9215 9776
9216 9246
9218 9481
9221 9422
9222 9533
9224 9497
9225 9956
9226 9476
9227 9532
9227 9577
9227 9652
9231 9349
9233 9630
9235 9934
9242 9895
9250 9652
9254 9422
9256 9361
9258 9861
9259 9406
9259 9441
9270 9722
9270 9751
9274 9956
9275 9788
9277 9972
9283 9474
9285 9482
9287 9628
9287 9803
9290 9654
9291 9677
9298 9386
9300 9769
9300 9944
9310 9848
9311 9459
9313 9385
9314 9957
9315 9930
9322 9468
9323 9627
9323 9671
9324 9866
9325 9922
9326 9698
9328 9632
9331 9636
9334 9830
9335 9584
9336 9750
9338 9475
9340 9736
9341 9436
9341 9609
9342 9793
9343 9619
9345 9516
9347 9566
9348 9745
9353 9458
9353 9495
9356 9870
9362 9664
9364 9521
9366 9904
9373 9767
9376 9586
9381 9634
9383 9923
9387 9628
9388 9668
9393 9398
9394 9635
9397 9522
9412 9669
9418 9611
9421 9989
9422 9610
9425 9472
9425 9502
9435 9830
9440 9978
9441 9777
9441 9874
9445 9941
9446 9908
9449 9534
9449 9977
9454 9833
9454 9885
9460 9736
9463 9992
9465 9844
9468 9504
9469 9628
9470 9582
9471 9673
9475 9592
9482 9483
9482 9980
9486 9590
9487 9773
9489 9756
9501 9545
9501 9937
9517 9750
9521 9835
9522 9881
9526 9831
9526 9921
9529 9998
9532 9936
9533 9861
9539 9641
9543 9980
9547 9762
9554 9596
9554 9973
9564 9866
9567 9763
9578 9699
9584 9947
9586 9697
9589 9627
9590 9598
9596 9895
9597 9953
9605 9618
9606 9611
9606 9745
9608 9902
9609 9731
9611 9933
9614 9840
9626 9973
9631 9715
9631 9740
9634 9971
9646 9692
9653 9883
9664 9941
9675 9874
9681 9722
9681 9744
9681 9947
9682 9686
9685 9747
9688 9893
9689 9814
9693 9757
9693 9777
9699 9754
9700 9847
9705 9833
9720 9782
9728 9996
9731 9786
9731 9941
9744 9761
9751 9941
9759 9787
9760 9993
9782 9928
9783 9881
9792 9883
9795 9933
9799 9810
9804 9910
9804 9945
9826 9875
9830 9972
9841 9941
9869 9894
9872 9981
9920 9921
9926 9973
9932 9948
9936 9965
9962 9972
