5000 12677
1 362
1 650
1 2187
1 3390
1 3594
1 4600
2 1672
2 2332
2 2746
2 3371
3 1623
3 1944
3 2966
3 3825
3 3897
3 4536
4 165
4 740
4 1249
4 1449
4 3178
4 4565
4 4860
5 285
6 441
6 771
6 1268
7 559
7 812
7 1370
7 1889
7 2460
7 3470
7 3913
7 4836
8 638
8 2706
8 3784
8 4665
8 4786
9 501
9 1995
9 2790
9 2898
9 3031
9 4372
10 461
10 1483
10 2815
10 4169
11 1033
11 1689
11 3112
11 4178
11 4213
12 369
12 770
12 2397
12 4654
13 112
13 672
13 2044
13 2947
13 3681
13 3844
14 62
14 357
14 3336
15 369
15 424
15 931
15 1280
15 1958
15 2517
15 2679
16 3163
16 3206
16 3309
16 3673
16 4605
17 647
18 258
18 3645
18 4877
19 2168
19 2260
19 2309
19 2363
19 2851
19 4074
19 4462
19 4778
20 627
21 925
21 4349
21 4362
22 1747
22 2063
22 2439
22 3905
23 357
23 1433
23 1940
23 3673
23 4855
24 4069
25 805
25 993
25 1153
25 1353
25 3205
25 4998
26 1055
26 3515
26 4697
26 4706
26 4727
27 1059
27 3216
27 3397
28 596
28 1015
28 1324
28 2485
28 2854
28 3293
28 3385
28 3598
29 469
29 533
29 856
29 1305
29 2573
29 3357
29 3360
29 4480
29 4768
30 399
30 1400
30 1602
30 4356
30 4909
31 916
31 1131
31 2513
31 2521
31 2922
31 3676
31 4796
32 673
32 1543
32 4348
33 248
33 610
34 194
34 436
34 1216
34 2836
34 2965
34 4329
34 4389
34 4887
35 723
35 4044
35 4842
36 973
36 1041
36 1789
36 2115
36 2438
36 3732
36 3834
36 4144
37 1133
37 3476
37 3864
37 4034
38 69
38 774
38 1483
38 4636
39 500
39 831
39 899
39 1809
39 4249
40 2817
40 2999
40 3545
41 592
41 858
41 1076
41 2082
41 4293
42 1543
42 2387
42 3550
42 4039
42 4617
43 112
43 214
43 1764
43 2264
43 3458
43 3632
43 3993
44 1573
44 3222
44 4541
45 451
45 1380
45 2848
45 2936
45 4324
45 4895
46 910
46 975
46 3479
46 3816
47 1553
47 3909
47 4549
48 412
48 964
48 1572
48 2352
48 3413
48 3930
49 71
49 1006
49 2279
49 2455
49 2722
49 2730
49 2936
50 553
50 1382
50 3393
50 3634
51 1182
51 1273
51 2244
51 4349
51 4906
52 1205
52 1368
52 1371
52 1503
52 2032
52 2538
52 3757
52 4335
52 4565
52 4611
53 249
53 1190
53 1513
53 4097
53 4442
54 1239
54 1457
54 1546
54 1547
55 652
55 2122
55 2405
55 2570
55 3643
55 4502
56 552
56 754
56 1352
56 1422
56 3483
56 4510
57 352
57 824
57 911
57 1933
57 2767
57 3143
57 3745
58 1355
58 1479
58 1549
58 2245
58 4303
58 4309
59 806
59 3482
59 4122
60 2000
60 3416
60 3480
60 4406
61 2639
61 3844
61 4306
62 548
62 717
62 3211
62 3619
62 3903
62 4308
62 4681
63 203
63 1449
63 2923
63 3179
63 3452
63 3867
63 4887
64 1198
64 2170
64 2804
64 3991
64 4307
65 514
65 1062
65 1386
65 1500
65 1751
65 2655
65 4004
65 4972
66 390
66 698
66 1003
66 2800
67 853
67 1306
67 1312
67 2792
68 447
68 2832
68 3244
68 3315
68 4061
69 2768
69 2903
70 451
70 1085
70 3653
70 4528
71 658
71 1726
71 2892
71 4282
71 4547
72 1028
72 1332
72 2167
72 2457
72 3326
72 4393
73 627
73 1068
73 1825
73 2324
73 3133
74 2651
74 4221
74 4239
75 333
75 3089
75 4269
75 4690
76 688
76 879
76 1804
76 4180
77 269
77 814
77 1316
77 3273
77 3616
78 123
78 449
78 1247
78 1406
78 2777
78 3125
78 3666
78 4338
79 1933
79 4132
79 4489
80 537
80 612
80 2515
80 2699
80 3635
80 4715
80 4790
81 1689
81 1702
81 1783
81 3485
81 3681
81 3866
82 1090
82 2675
82 3390
82 4570
82 4808
83 4461
84 2227
84 2449
84 2790
84 3332
84 3566
84 4170
84 4537
85 1344
85 1600
85 3112
85 4759
86 1358
86 2658
86 4788
87 1256
87 2639
87 3157
87 4309
88 105
88 144
88 492
88 1911
88 2952
88 3013
88 3957
88 4664
89 3482
89 4412
89 4666
90 258
90 414
90 2282
90 2801
90 4029
91 1710
91 2448
91 3156
91 3466
91 3813
91 4312
92 178
92 315
92 486
92 680
92 3527
92 3810
92 4794
92 4924
93 737
93 963
93 995
93 1712
93 4745
94 832
94 1452
95 2264
95 3514
96 263
96 657
96 2995
96 3747
96 3982
97 288
97 705
97 1295
97 1361
97 2343
97 2925
97 3082
97 3260
97 3639
97 3811
98 345
98 4189
98 4661
99 711
99 738
99 1811
99 2031
99 3748
99 4287
99 4459
99 4881
99 4956
100 2263
100 3988
101 1066
101 1160
101 1508
101 1543
101 3175
101 3209
101 4659
102 1067
102 1626
102 3018
102 4527
103 1045
103 1203
103 2041
103 2406
103 3707
104 622
104 806
104 2359
104 2791
104 3590
104 4323
105 1528
105 1607
105 3001
105 3279
105 3368
105 3684
105 4719
106 179
106 370
106 775
106 2273
106 2981
106 3614
106 4187
107 287
107 480
107 648
107 868
107 1090
107 4936
107 4942
108 372
108 738
108 1247
108 2491
109 761
109 1882
109 3263
109 3623
109 4020
110 252
110 680
110 1385
110 2390
110 2653
110 2812
110 4936
111 1267
111 1333
111 1375
111 1383
111 2826
111 3086
111 4849
111 4896
113 2312
113 3613
113 3648
114 1084
114 3463
114 4668
115 661
115 2642
115 4250
116 438
116 754
116 2011
116 2915
117 2214
117 2562
117 3579
117 4882
118 2314
118 3227
118 4231
119 1178
119 1757
119 1992
119 2028
119 2444
119 2622
119 3725
119 4197
119 4278
120 1134
120 1146
120 3466
120 3481
120 4150
121 528
121 1771
121 2796
121 3209
121 3699
122 973
122 1097
122 2544
122 3845
123 801
123 1217
123 2189
123 3490
123 3686
123 3843
124 234
124 1128
124 2171
124 2179
124 4099
124 4127
125 269
125 4748
126 279
126 1671
126 3278
126 3436
126 3897
127 951
127 1236
127 1349
127 1582
127 2057
127 2250
127 2298
127 2397
127 3216
127 3400
127 4975
128 1866
128 3779
129 651
129 4486
129 4491
129 4867
130 594
130 1674
130 2154
131 380
131 790
131 833
131 2118
131 3989
132 1087
132 1407
132 1735
132 2372
132 2838
132 2978
132 3158
132 4441
132 4783
133 162
133 230
133 598
133 1375
133 1615
133 3605
133 3612
133 4296
133 4713
134 3486
134 4748
135 1050
135 1690
135 2050
135 2141
135 3589
135 3683
135 4201
135 4223
136 229
136 1792
136 4795
137 966
137 2521
137 2564
137 3374
138 1467
138 1509
138 1597
138 2122
138 3222
138 3418
138 3473
138 4014
138 4223
138 4391
139 182
139 641
139 1021
139 1630
139 2356
139 3518
139 3867
139 4274
140 1840
140 2205
140 2737
140 3528
140 4548
141 1010
141 4820
142 1253
142 1965
142 2106
142 2482
142 3256
142 3679
142 4706
142 4793
143 1785
143 3646
143 3992
143 4924
144 1325
144 4728
145 684
145 1272
145 2054
145 4888
146 1233
146 1361
146 1476
146 1621
146 4230
147 1253
147 1876
147 1988
147 2103
147 2247
147 2549
147 2828
148 2586
148 3080
148 3186
148 3553
149 404
149 541
149 1058
149 2065
149 3412
149 3659
149 4099
149 4711
149 4779
150 481
150 3259
150 3456
150 3890
150 3922
151 274
151 1191
151 2657
151 3203
151 3566
151 4395
151 4897
152 526
152 4151
153 1225
153 1632
153 4278
153 4457
153 4894
154 533
154 1323
154 1610
154 2203
154 2254
154 3051
154 3863
154 4807
155 822
155 1058
155 2698
155 2939
155 3013
155 3429
155 4012
155 4761
156 1569
156 1867
156 2539
156 2966
156 4052
156 4463
157 212
157 273
157 2267
157 2791
157 3001
157 3230
158 1571
158 1635
158 1755
158 2035
158 3541
158 3624
159 1659
159 3221
159 3292
160 3294
160 3716
160 3945
160 4290
160 4319
161 1071
161 1335
161 1922
161 2879
161 4290
161 4803
162 1104
162 1159
162 3535
162 4036
162 4650
163 440
163 857
163 3465
163 4403
163 4826
164 458
164 683
164 904
164 1640
164 1758
164 2400
164 3556
164 4150
165 1800
165 4721
165 4955
166 180
166 418
167 1761
167 2454
167 3114
168 1000
168 1950
168 2519
168 3864
169 337
169 382
169 1526
169 3293
169 3584
169 4130
169 4294
170 1803
170 2926
170 3314
171 1725
171 2325
171 2536
171 3817
171 3981
171 4353
171 4514
171 4595
171 4825
172 3944
172 4320
173 289
173 299
173 1687
173 2088
173 2494
174 1174
174 2420
174 3495
174 3721
174 4472
175 1633
175 3015
175 4271
175 4369
175 4808
175 4864
176 337
176 3149
176 3297
176 3658
176 4466
176 4881
177 1015
177 2821
177 2957
177 3481
177 3909
177 4022
178 753
178 1957
178 2113
178 2628
178 2723
178 2830
178 3464
178 4567
179 2485
179 4080
180 536
180 1289
180 2614
180 3061
180 3772
180 4014
180 4533
181 1311
181 1673
181 2780
181 2974
181 4233
182 1612
182 4091
182 4104
182 4464
183 3477
183 4084
183 4678
184 371
184 3293
184 3515
184 3786
184 4012
185 1171
185 1915
185 2247
185 2390
185 3864
186 459
186 708
186 3017
186 3487
186 3558
186 4796
187 711
187 1070
187 1895
187 4043
188 2152
188 3346
188 3422
189 1915
189 2553
189 3076
189 4869
190 1569
190 3112
191 267
191 542
191 1051
191 1629
191 1792
191 2099
191 3082
191 3189
191 3847
191 4020
191 4306
191 4815
191 4924
192 2654
192 2784
192 3049
192 4238
193 264
193 596
193 817
193 1637
193 2183
193 3447
193 3559
193 3798
194 1271
194 1649
194 2315
194 2743
195 1959
195 2635
195 2943
195 4425
196 1021
196 1690
196 1861
196 3693
196 3788
196 4537
197 338
197 2350
197 3111
197 4735
197 4875
198 397
198 713
198 1576
198 2230
198 2836
198 4026
198 4693
198 4815
198 4833
199 1249
199 2587
200 461
200 1669
200 2335
200 2442
200 2458
200 3257
200 3910
201 656
201 684
201 1338
202 944
202 2346
203 1605
203 2585
203 3357
203 3444
203 4718
204 236
204 591
204 668
204 912
204 2356
204 2882
205 686
205 1442
205 4536
206 646
206 1813
206 2274
206 2541
206 4808
207 763
207 2622
207 4818
208 1315
208 1385
208 1865
208 2670
208 2712
208 3927
209 464
209 1825
209 2625
209 4388
209 4457
209 4702
210 2026
210 2969
210 3600
210 3794
210 4347
211 506
211 702
211 1420
211 4671
212 931
212 2314
212 3513
212 4138
212 4761
212 4786
213 1059
213 2685
214 546
214 602
214 3288
214 3350
214 3421
214 4266
215 330
215 834
215 957
215 1659
215 1713
215 2917
215 3931
215 4317
216 876
216 2270
216 2437
216 3045
216 3316
216 3473
216 3568
216 3813
217 834
217 2822
217 4586
218 1474
218 2186
218 2639
218 2800
218 3868
218 4012
218 4799
219 479
219 2513
219 2919
220 1779
220 2947
220 4236
220 4388
221 320
221 2107
221 2936
221 3314
221 4192
222 2009
222 3358
222 3526
222 4297
223 555
223 620
223 2708
223 3971
224 410
224 3723
224 4451
225 625
225 2559
225 3615
226 1639
226 1680
226 3904
226 4096
227 3146
227 3283
227 3500
227 3862
227 4034
227 4500
228 1111
228 1161
228 2934
228 3098
228 4057
229 385
229 935
229 2190
230 599
230 2451
231 1696
231 1935
231 4805
231 4872
232 992
232 1117
232 3737
232 4981
233 546
233 1013
233 1528
233 2836
233 3867
233 4179
234 441
234 1885
234 2879
234 4115
234 4369
235 245
235 1244
235 1473
235 2228
235 2268
236 864
236 884
236 902
236 1045
236 1745
236 2417
236 2608
236 3028
237 861
237 1994
237 2334
237 3352
237 3764
237 4476
237 4999
238 670
238 1085
238 4241
238 4886
239 505
239 1850
239 2254
239 2611
239 2670
239 2773
239 3048
239 4339
240 983
240 2247
241 500
241 2842
241 2854
242 777
242 1544
242 2712
242 3426
242 4641
243 1729
243 1783
243 2186
243 2747
243 3090
243 3234
243 3581
243 4059
243 4445
243 4916
244 431
244 663
244 1530
244 1846
244 2219
244 2921
244 2925
244 3297
244 4200
245 278
245 455
245 719
245 2121
245 2853
245 3915
246 1306
246 3268
246 3927
247 487
247 2334
247 2910
247 2937
247 3895
248 674
248 1661
248 2777
248 4440
248 4578
249 2082
250 577
250 1640
250 1872
250 2376
250 2989
250 3144
250 4085
251 848
251 1891
251 4431
252 991
252 1277
252 1339
252 1483
252 2737
252 2970
253 1254
253 1968
253 4677
254 1020
255 603
255 1895
255 3504
255 3824
255 4151
255 4962
256 3308
256 3622
256 4086
256 4177
256 4453
256 4920
257 275
257 2147
257 3093
257 3438
257 4130
257 4218
258 678
258 760
258 1349
258 1741
258 2161
258 4385
259 815
259 3038
259 3110
259 3376
259 4205
260 762
260 3439
260 3462
260 3951
261 525
261 2753
261 4261
261 4694
262 1099
262 1195
262 2213
262 2386
262 3830
262 4468
263 2569
263 3577
263 4439
264 1088
264 1850
264 1980
264 2042
264 2768
264 3617
264 3919
264 3934
264 4721
265 443
265 980
265 1042
265 3038
265 3114
265 3434
265 4079
265 4406
266 1069
266 1135
266 1819
266 3203
267 542
267 670
267 1078
268 3318
268 3783
268 4166
269 1224
269 2847
269 3995
269 4206
269 4589
270 487
270 677
270 2623
271 1565
271 3023
271 3235
271 3416
271 4358
271 4414
272 386
272 1428
272 2197
272 2290
273 1137
273 1357
273 2219
273 2527
273 3148
273 3415
273 4123
274 453
274 1810
274 1964
275 2669
275 3373
275 3827
275 3839
275 3876
275 4923
276 1108
276 2296
276 2957
276 4376
277 2515
277 2715
277 3255
277 3526
278 4462
279 1328
279 1688
279 4100
279 4291
280 3462
280 4146
280 4952
281 1077
281 2636
281 4343
282 452
282 488
282 623
282 1297
282 3122
283 1541
283 3516
283 3606
283 4091
284 2673
284 3220
284 3988
284 4301
285 1502
285 2377
285 2965
285 3549
285 4268
286 2190
286 2338
286 4171
286 4635
286 4655
287 311
287 2127
287 2210
287 3383
287 3474
287 4681
288 1086
288 1383
288 1491
288 1577
288 2039
288 2466
288 2673
288 3871
288 4093
289 927
289 1691
289 2963
289 3531
289 3733
289 4897
290 533
290 597
290 1233
290 2652
290 2964
290 3169
290 4396
291 330
291 1180
291 1806
292 527
292 3372
292 3619
292 3968
293 2442
293 2540
293 3883
293 4044
293 4623
294 1707
294 3191
295 3118
295 4492
296 802
296 2449
296 3403
296 4346
297 844
297 1557
297 2878
297 3507
297 4946
298 615
298 1381
298 2979
298 3563
298 4417
299 802
299 2606
299 2937
299 4190
300 712
300 1608
300 1893
300 2957
300 3068
301 511
301 2461
301 2582
301 3523
303 1532
303 1950
303 3543
303 4189
303 4612
304 1801
304 2177
304 2661
304 3327
304 3373
304 4764
304 4838
305 435
305 514
305 1268
305 3157
305 4140
306 2453
306 2456
306 3665
306 3957
306 4333
307 580
307 673
307 1240
307 3835
307 4129
307 4925
308 671
308 718
308 965
308 1316
309 1643
309 2722
310 935
311 1473
311 1694
311 1851
311 2369
311 4155
311 4744
312 2765
312 3722
312 4565
312 4656
312 4905
313 338
313 757
313 1268
313 3605
313 4461
314 1329
314 1605
314 2481
314 3464
315 774
315 1068
315 2155
316 1220
316 1508
316 1605
316 2794
317 3052
317 3630
318 735
318 1207
318 3280
318 3512
318 3591
318 3941
318 4030
318 4135
319 2149
319 2462
319 2870
320 1822
320 3732
320 3772
320 4436
321 792
321 1088
321 2631
321 2860
321 3292
321 4111
321 4635
322 1891
322 3093
322 4087
322 4415
322 4507
323 1637
323 1931
323 3957
323 4030
323 4732
323 4899
324 704
324 4940
325 520
325 2825
326 542
326 2250
326 3087
326 3569
326 3677
326 4790
327 858
327 2194
327 2719
327 3481
327 4150
327 4709
328 2807
328 3059
328 3873
329 423
329 456
329 489
329 1892
329 2764
329 3323
329 3449
329 4094
330 347
330 2428
330 3905
331 584
332 2864
333 3225
333 3420
333 4471
334 2861
334 3432
335 3222
335 3324
335 4345
335 4519
336 1130
336 1804
336 2421
336 2875
337 780
337 3157
337 3608
338 802
338 2188
338 4646
339 560
339 707
339 2140
339 2254
339 2696
339 2902
339 3875
339 4138
339 4162
339 4590
340 1097
340 1227
340 2584
340 4157
340 4866
341 1392
341 4219
341 4741
341 4827
342 558
342 1452
342 1484
342 1919
342 3259
342 3490
342 4516
343 750
343 1112
343 1130
343 3913
343 4786
344 348
344 451
344 2470
344 3959
344 4634
345 2560
345 4580
346 1331
346 2184
346 2286
346 3546
346 3727
346 4001
347 992
347 2600
347 3530
347 3870
347 4202
347 4288
348 2129
348 2263
348 3239
348 3404
348 4331
349 1528
349 3654
349 3699
349 4359
350 459
350 1546
350 3193
350 3674
350 3865
350 3907
351 1023
351 1849
351 3337
351 3749
351 4650
352 1159
352 1549
352 1888
352 2101
352 4045
352 4287
352 4895
353 3692
354 4190
355 4151
356 674
356 1409
356 1825
356 2770
356 2904
356 2949
356 3587
356 3890
356 4799
356 4825
356 4915
357 1876
357 2595
357 3155
358 867
358 1651
358 3267
358 4310
358 4571
358 4947
359 564
359 3195
359 4376
360 843
360 1390
360 1477
360 1626
360 1973
360 2953
360 3185
361 402
361 1390
361 1443
361 1868
361 2262
361 3152
361 4245
362 1870
362 3525
362 3918
362 3931
363 859
363 1444
363 1797
363 2688
363 3320
363 4407
363 4989
364 1151
364 1426
364 1672
364 3047
365 1382
365 2352
365 2540
365 2946
366 379
366 616
366 780
366 795
366 1110
366 1738
366 2044
366 3280
366 3440
366 4293
367 1840
367 2783
367 3657
367 4247
367 4313
368 464
368 2887
368 3768
369 1867
369 2184
369 2279
369 2880
369 4706
370 1655
370 2178
370 2303
371 1403
371 2482
371 3619
372 1054
372 4318
372 4830
373 2575
373 3479
373 3528
373 4936
374 818
374 1930
374 2554
374 2893
374 3360
374 4237
374 4568
375 1300
375 1408
375 2235
375 3228
375 3974
375 4403
376 1365
376 1635
376 1673
376 1819
376 4359
377 1807
377 3054
377 4110
378 2326
378 4236
378 4276
378 4663
378 4997
379 955
379 1043
379 1673
379 1932
379 2773
379 2884
380 1507
380 1565
380 1821
380 4217
381 1153
381 2059
381 2280
381 4969
382 1332
382 4134
383 901
383 2316
383 4568
384 499
384 1347
384 3874
384 4533
384 4547
385 398
385 1971
385 3748
386 2110
386 2168
386 2383
386 2737
386 2780
386 3307
386 4419
386 4758
387 534
387 1232
387 1646
387 3623
387 4307
388 576
388 1087
388 1183
388 3762
388 4490
388 4650
388 4675
389 496
389 2744
389 2901
389 4450
389 4493
390 1193
390 1372
390 3918
390 4833
391 1152
391 3011
391 3085
391 4321
391 4493
391 4836
392 496
392 1710
392 1877
392 3296
392 3587
392 3787
392 4849
393 593
393 954
394 804
394 1476
394 1597
394 1830
394 1970
394 2683
394 3964
394 4561
394 4722
394 4982
395 1274
395 1326
395 1730
395 3040
395 3937
396 1520
396 2881
397 401
397 2004
397 2024
397 3712
398 1334
398 2431
398 3945
398 4725
399 789
399 984
399 1997
399 3344
399 3373
399 3388
399 4523
399 4756
399 4979
400 948
400 2147
401 429
401 838
401 3734
401 4018
401 4502
402 4402
402 4443
403 744
403 2044
403 4004
404 522
404 916
404 2189
404 4428
404 4532
405 2011
405 2288
405 2633
406 534
406 563
406 2837
406 3439
406 3917
406 4602
407 3840
408 1209
408 2020
408 2111
408 2851
408 2922
408 3645
408 3756
408 4949
409 786
409 1991
409 2107
409 2651
409 4897
410 2354
410 4549
410 4887
410 4942
411 1949
411 2990
412 1123
412 1553
412 2516
412 3220
412 3783
413 3626
414 1387
414 2500
414 2743
414 3018
415 3421
415 4923
416 2765
416 3146
416 4711
417 1380
417 1975
417 2887
417 3066
417 3624
417 4416
418 1219
418 1266
418 1291
418 1762
418 2347
418 4072
419 1842
419 2204
420 769
420 1118
420 1175
420 3645
420 3948
420 4428
421 477
421 648
421 1186
421 1745
421 2069
421 3691
421 4798
422 4606
422 4859
423 1055
423 2106
423 3122
423 4230
423 4674
424 709
424 732
424 910
424 1409
424 2217
424 2448
424 4683
425 657
425 1335
425 1436
425 3232
425 3539
425 4006
426 2282
426 2372
426 2969
426 3097
427 1647
427 1913
428 618
428 661
428 734
428 2159
429 2576
429 3086
430 1663
430 2243
430 2640
430 3392
431 497
431 1251
431 1620
431 1690
431 2702
431 3567
431 4729
431 4929
432 568
432 684
432 1715
432 2260
432 2850
432 3853
432 4482
432 4616
433 508
433 694
433 1329
433 2472
433 3581
433 4281
433 4642
434 1057
434 4405
435 1674
435 2599
435 3678
435 4691
435 4915
436 1762
436 1912
436 1955
436 2919
436 3658
437 1805
437 2703
437 2841
437 4701
437 4718
438 542
438 2268
438 3669
439 1219
439 2145
439 2784
439 3211
439 3375
439 3482
439 3872
439 3937
439 4274
440 801
440 1440
440 2718
440 3023
440 3615
440 4243
440 4264
440 4348
441 539
441 1145
441 1587
441 2251
441 3314
441 3931
441 4042
441 4750
441 4988
442 790
442 1647
442 3022
442 4430
443 907
443 1132
443 3040
443 3110
444 981
444 1703
444 2242
444 2751
444 3725
444 3831
444 4622
445 2679
445 2830
446 1432
446 1720
446 1899
446 2519
446 3572
446 4303
447 1274
447 1978
447 2061
448 1098
448 1713
448 2348
448 4553
449 715
449 2670
449 3380
450 3377
450 3609
451 1392
451 2354
451 3232
451 3636
451 3717
452 834
452 2389
452 2670
452 3707
452 4721
452 4730
452 4997
453 697
453 1263
453 1402
453 3546
453 3753
453 4737
454 1880
454 4288
455 557
455 889
456 1398
456 1696
456 1793
456 2770
456 2898
456 3175
456 4962
457 492
457 522
457 2520
457 2827
458 751
458 3600
458 3805
458 3811
458 4234
458 4947
459 2290
459 4112
459 4996
460 1534
460 2068
460 2231
460 3191
460 4347
460 4395
461 487
461 4583
462 712
462 2820
462 3188
462 4327
462 4893
463 920
463 963
463 1025
463 1701
463 2333
463 4358
463 4825
463 4875
464 672
464 688
464 2756
464 2955
465 4838
466 587
466 612
466 1272
466 2211
466 2691
466 3557
466 3804
466 3925
466 4925
467 1500
467 2051
467 2550
467 3765
468 1335
468 2601
468 3636
469 1138
469 1293
469 3787
469 4456
470 1304
470 1926
470 2539
470 2769
470 3927
471 1381
471 1786
471 2985
471 3394
472 560
472 1167
472 1173
472 1505
472 1526
472 2079
472 3134
472 4249
472 4745
472 4785
473 681
473 1909
473 1920
473 4399
474 1930
474 2857
474 3014
475 1310
475 2639
475 3127
475 3623
475 3642
475 4797
475 4986
476 1988
476 2507
476 2684
476 2780
477 2161
477 2824
477 3036
477 4785
478 950
478 1271
478 1949
478 2070
478 3073
478 3664
478 4203
479 480
479 1511
479 1902
479 1950
479 3068
480 583
480 824
480 3392
480 4064
480 4544
480 4708
481 1067
481 1239
481 1552
481 2524
481 3100
481 4007
482 866
482 2125
483 858
483 2098
483 3052
483 3327
483 3776
484 2149
484 4241
485 1924
485 2081
485 2096
485 2192
485 2795
485 4720
486 555
486 2562
486 3218
486 3708
486 4013
486 4218
486 4526
486 4597
486 4942
487 2830
487 2858
487 2922
488 1902
488 3016
488 3351
488 3564
488 4305
489 1055
489 2399
489 4063
489 4071
490 1283
490 1849
490 1922
490 2064
490 2720
490 3344
490 3803
491 1529
491 3629
492 1333
492 3278
492 3328
492 4435
492 4580
493 682
493 1755
493 2844
493 2981
493 4929
494 588
494 1032
494 2424
494 2614
494 2920
494 4157
494 4917
495 1193
495 3664
496 689
496 700
496 1133
496 1517
496 2343
496 2386
496 3075
496 3381
497 853
497 959
497 2132
497 2459
498 1352
498 2663
498 3779
498 4198
498 4701
499 1558
499 1594
499 2574
499 3174
499 3457
500 1360
500 1380
500 3009
500 3962
501 569
501 1656
501 2227
501 2315
501 3414
501 4474
502 661
502 898
502 1367
502 2126
502 2316
502 2447
502 4756
502 4790
503 645
503 683
503 1922
503 2095
504 1997
504 2716
505 867
505 3965
506 1721
506 1924
506 1955
506 2623
506 4955
507 2221
507 2354
507 2919
507 3200
507 3363
507 3795
508 989
508 1579
508 1737
508 2447
508 3208
508 3632
508 3821
508 4927
509 1319
509 2165
509 2656
509 3555
509 3790
509 3956
510 2537
510 2978
510 3732
511 849
511 2898
511 3771
512 786
512 1827
512 2338
512 2536
512 3922
512 4043
512 4397
513 734
513 1460
513 4705
514 3039
514 3671
514 4572
514 4664
515 2106
515 2321
515 3997
515 4864
516 1281
516 1631
516 1975
516 3018
517 1452
517 1566
517 2308
517 3444
517 3555
517 4391
518 1387
518 1504
518 1840
518 2252
518 3553
518 4029
519 704
519 954
519 1881
519 2100
519 2220
519 3448
519 4208
519 4957
520 1052
520 1455
520 2229
520 2878
521 753
521 1519
521 1717
521 2219
521 2573
521 2601
521 2628
521 3436
521 4346
521 4404
522 765
522 770
522 2933
522 3219
522 4071
522 4406
522 4722
522 4872
523 1133
523 2203
524 2444
524 2500
525 2026
525 2032
525 3797
526 649
526 1650
526 1734
526 2352
526 2499
527 1058
527 2446
527 2686
527 3951
527 4008
527 4755
528 1001
528 1868
528 2869
528 3185
528 3631
529 695
529 1480
529 3016
529 3289
529 3945
529 4800
530 2502
530 4202
530 4950
531 661
531 1993
531 2636
531 3003
531 3719
531 4710
532 783
532 1227
532 2251
532 3046
532 3300
532 4024
532 4140
532 4587
532 4752
533 2293
533 4194
533 4279
534 568
534 3426
534 4479
535 2193
535 2300
535 2754
535 2907
535 3489
535 4354
535 4482
536 1009
536 2815
536 4996
537 926
537 1731
537 2063
538 4113
538 4700
539 889
539 966
539 1132
539 2188
539 2237
539 3862
540 584
540 1109
540 1145
540 1857
540 2852
540 3869
540 4076
541 3593
541 3980
541 4539
541 4835
542 811
542 1327
542 1828
542 3289
542 4547
543 810
543 1217
543 3782
544 1186
544 2215
544 2871
545 557
545 573
545 666
545 2699
545 4296
545 4509
546 963
546 2459
546 2687
546 2847
546 2928
546 4862
547 2120
547 2694
548 1458
549 866
549 1892
549 3038
549 3830
550 667
550 741
550 814
550 1164
550 1645
550 1959
550 3090
550 3196
550 3915
550 4242
550 4249
550 4545
551 2219
551 2446
551 2994
551 3846
551 3953
552 2549
552 2898
552 4240
553 1902
553 2414
554 673
554 2099
554 3185
554 3188
554 3434
554 3443
554 3612
554 3668
554 3914
554 4039
555 890
555 1244
555 2968
555 4504
555 4636
556 1041
556 2518
556 3515
556 3918
557 881
557 1215
557 2878
557 4022
557 4875
558 3769
558 4763
559 2817
559 2889
559 3249
559 3595
560 1328
560 2194
560 2997
560 3265
561 757
561 2773
561 2887
562 972
562 4019
563 1092
563 2567
563 3328
563 3541
563 3788
564 1624
564 1669
564 2348
564 2696
564 2925
564 3184
565 1007
566 1310
566 2292
566 2759
566 3484
567 2134
567 3362
567 3950
569 1218
569 1280
569 3610
569 3713
570 994
570 1035
570 4705
570 4850
571 727
571 1690
571 2475
571 4381
572 1894
572 2156
573 785
573 1494
573 1983
573 2188
573 4538
574 720
574 1909
574 4379
574 4633
575 717
575 3131
575 3719
575 4415
576 1407
576 1881
576 2180
576 2187
576 4125
577 1238
577 4201
577 4473
577 4519
578 1194
578 2921
578 3156
578 3199
578 4283
578 4652
578 4702
579 1920
579 2561
579 3015
579 3542
579 3563
579 3574
580 2389
580 2701
581 868
581 2035
581 3296
581 4147
581 4534
581 4570
582 669
582 892
582 1538
582 1555
582 2816
582 3776
582 4089
583 657
583 2844
583 2884
584 932
585 1090
585 1301
585 1415
585 2107
585 3680
586 1579
586 1769
586 2507
586 2707
586 3794
588 4901
589 1312
589 1548
589 2910
589 3490
590 882
590 3008
590 3022
590 3323
590 3419
590 3632
591 920
591 1636
591 2177
591 2203
591 4156
592 1415
592 2169
592 3625
592 3919
593 954
593 3520
593 4211
593 4562
594 1607
594 1646
594 2064
594 2198
594 2263
594 4090
594 4493
595 596
595 1919
595 2286
596 787
596 1208
596 1257
596 1642
596 2823
596 2994
596 3508
596 4345
596 4370
597 973
597 3891
597 4508
598 1183
598 1820
598 2047
598 2348
598 2357
598 3589
599 975
599 1439
599 1509
599 1897
599 1900
599 2214
599 4231
600 1663
600 1897
600 2214
600 3019
600 3305
600 3587
601 788
601 1335
601 1695
601 4490
602 760
602 1326
602 1644
602 2522
602 3090
602 4990
603 646
603 1632
603 2499
603 3319
603 4157
603 4744
604 3545
604 4412
605 1727
605 2181
605 2819
605 4640
606 960
606 1672
606 2994
606 4242
606 4338
607 2394
607 4205
607 4749
607 4904
608 1287
608 3930
608 4392
609 824
609 1372
609 1577
609 1969
609 3316
610 999
610 1781
610 4273
610 4657
611 994
611 1815
611 1969
611 2398
611 2807
611 3129
611 4290
612 1376
612 1393
612 1481
612 1905
612 4239
612 4450
613 657
613 1941
613 2944
614 2943
614 3567
615 2102
615 2350
615 3750
615 4262
615 4347
616 735
616 1514
616 1901
616 2790
616 3434
616 3837
617 1615
617 2146
617 3069
617 3189
618 724
618 3027
618 3542
618 4440
619 1084
619 2925
619 3396
620 2078
620 2549
620 4880
621 1133
621 1984
621 2307
621 4154
622 3550
623 883
623 3967
623 4058
623 4745
624 1266
624 2156
624 2483
624 2851
624 3595
624 4198
625 799
625 1216
625 3323
625 3436
625 4003
625 4187
625 4557
626 2326
626 3660
626 4228
627 634
627 1664
627 2029
627 2594
627 2661
627 3896
627 4035
628 845
628 2686
628 3592
628 4341
628 4478
628 4678
629 1597
629 1990
629 2790
629 4266
630 805
630 2051
630 2701
630 3401
630 3405
631 962
631 1438
631 1884
631 2777
631 4094
631 4783
632 2132
633 807
633 2710
633 3379
633 4293
633 4505
634 738
634 1138
634 2590
634 3050
634 3247
634 3505
634 3523
634 3774
635 837
635 2866
635 2983
635 3026
635 3443
635 3933
635 4972
635 4977
636 1091
636 1770
636 2687
636 2899
636 3057
636 3546
636 3714
637 2104
637 2392
637 2534
637 4085
637 4441
637 4854
638 1119
638 2240
638 3052
638 3220
638 4057
639 1032
639 1818
639 3311
639 3879
640 902
640 1588
640 2608
640 3203
640 4270
640 4929
641 2310
641 4248
641 4941
642 1751
642 2835
642 2974
643 982
643 1301
643 2470
644 779
644 3651
644 4480
644 4647
644 4876
645 2118
645 3166
645 4002
645 4792
646 928
646 1653
646 4439
647 871
647 2142
647 2695
647 4217
647 4813
648 923
648 2590
648 4628
649 2245
649 2888
649 3208
649 4971
650 880
650 1396
650 1506
650 3589
650 4950
651 4642
651 4978
652 2467
652 3967
652 4165
652 4197
652 4540
653 1824
653 1969
653 2900
653 4126
654 658
654 2042
654 2083
655 1042
655 2387
656 2441
656 3243
656 4171
657 953
657 4026
657 4492
658 886
658 2492
658 2918
658 2961
658 3273
658 4665
658 4966
659 2003
659 2432
659 4279
660 1417
660 2142
660 2252
660 3002
660 3483
660 4300
661 1191
661 2296
661 4622
661 4693
661 4790
662 1820
662 1914
662 2249
662 2522
662 3569
662 3626
662 3674
662 3946
663 1732
663 2102
663 2646
663 2954
664 839
664 3299
664 3615
664 3878
664 4659
664 4677
664 4880
665 4874
666 3270
666 3462
666 4058
667 711
667 805
667 2343
667 3695
667 3811
668 931
668 2309
668 3419
668 3721
668 4615
668 4918
669 1902
670 770
670 958
670 3919
670 4643
671 1538
671 2763
671 4504
671 4821
672 715
672 1687
672 2301
672 3103
672 3715
672 3793
673 678
673 797
673 1817
673 3014
673 4062
673 4862
673 4923
673 4961
674 985
674 1752
675 1772
675 2764
676 4131
677 1771
677 1898
677 3492
678 765
678 1644
678 2235
678 4867
678 4907
679 1491
679 2576
679 2978
679 3763
680 3148
680 4226
680 4908
681 952
681 4911
682 1010
682 1471
682 1646
682 2518
682 2808
682 3088
682 3624
682 3972
682 4162
683 1445
683 1448
683 3954
684 1184
684 3928
684 4961
685 2905
685 2971
685 3942
685 4348
686 806
686 1226
686 1752
686 2145
686 3164
686 3471
686 3489
686 3623
686 4374
686 4597
687 936
687 1201
687 2288
687 3430
687 4113
688 2567
688 2863
688 3077
688 4196
689 925
689 3332
689 3919
690 708
690 1137
690 1769
690 3692
690 4091
691 1522
691 3195
691 3869
691 4444
692 927
692 2495
693 1078
693 1257
693 1322
693 1964
693 2133
693 3719
693 4605
694 877
694 1334
694 1589
694 1981
694 2040
694 2232
694 2323
694 2331
694 3412
695 1271
695 1919
695 2441
695 3705
695 4552
696 819
696 1378
696 1733
696 2379
696 2631
696 3648
696 4778
697 1383
697 3079
697 4618
697 4768
697 4924
698 2814
698 2862
698 3838
699 828
699 1043
699 2506
699 3266
699 3831
700 1913
700 2918
700 2998
700 3974
700 4423
700 4902
701 1732
701 2032
701 2754
701 3332
701 3438
701 3590
702 2586
702 3116
702 3181
702 3265
702 3326
702 3693
702 3737
702 4426
703 948
703 1143
704 1235
704 3281
704 3502
704 3898
704 3911
705 2172
705 3871
705 4316
706 1133
706 1624
706 2692
706 3121
706 3608
707 798
707 2685
707 2818
707 3155
707 4056
708 960
708 1229
708 3013
708 3647
708 4263
709 3867
709 4425
709 4701
710 2615
711 2440
711 3805
711 3887
711 3973
711 4225
711 4854
712 1239
712 1681
712 1982
712 4718
713 1161
713 1556
713 1925
713 2147
713 2226
713 2491
713 3378
713 4474
714 2966
714 3794
714 4510
715 1456
715 2094
715 2253
715 2441
715 2764
715 3860
715 4192
715 4230
715 4993
716 1431
716 2706
716 4976
717 1744
717 2291
717 2804
718 1149
718 1677
718 2968
718 3682
718 3992
718 4767
719 738
719 1851
719 2474
719 2714
719 3527
719 3584
719 4753
720 1551
720 3284
720 4737
721 1446
722 762
722 1162
722 1782
722 3204
722 4067
722 4112
722 4589
723 2182
723 2633
723 3312
724 1319
724 4486
725 3234
725 4026
726 856
726 1436
726 2831
726 4024
726 4045
727 823
727 862
727 2617
727 2704
727 3507
727 3724
728 859
728 2374
728 4366
728 4451
728 4906
729 1346
729 2270
729 2815
729 3727
729 3752
730 2657
730 3914
731 1889
731 2959
731 3477
731 4967
732 818
732 943
732 1047
732 2218
732 2884
732 3720
733 2622
733 4463
734 3292
734 3661
735 903
735 2246
735 2348
735 3160
735 3403
735 4312
736 925
736 1849
738 1577
738 2166
738 2730
738 3311
738 3486
738 3985
738 4680
739 1125
739 2129
739 3854
739 4107
740 3109
741 1673
741 2068
741 2249
741 3020
742 964
742 2716
742 3488
742 3643
742 3739
742 4946
743 2721
743 3381
743 3973
744 1259
744 1984
744 2404
744 2431
744 2664
744 3266
745 1432
745 3475
745 4014
745 4069
745 4420
746 1266
746 2487
746 3413
746 4610
747 1948
747 2871
747 3716
748 1219
748 3943
748 4120
748 4603
749 1253
749 2911
749 2993
750 1788
750 1934
750 1991
750 2419
750 3740
750 4998
751 1667
751 2104
751 2475
751 2808
751 3088
751 3366
752 1314
752 3222
752 4745
753 2778
753 3442
753 4670
753 4936
754 1207
754 1562
754 3801
754 4786
755 2830
755 4227
756 1123
756 2132
756 2163
756 3643
756 4465
757 1279
757 1550
757 3306
757 3870
757 3953
758 2873
758 3608
758 4918
759 773
759 1841
759 3915
760 804
760 1059
760 1984
760 3491
760 4944
761 3245
762 1203
762 1502
762 2306
762 2505
762 4303
763 955
763 1980
763 2142
763 4206
763 4467
763 4694
764 776
764 1466
764 1506
764 2641
764 3685
764 3897
765 1645
765 2161
765 3623
765 4255
766 2109
766 2196
766 2939
766 2970
766 3178
766 3585
766 4251
766 4490
767 1363
767 1497
767 1771
767 3680
768 3466
769 2818
769 3935
769 4343
770 2247
770 2275
770 3922
770 4070
770 4075
770 4898
771 1486
771 2856
771 2871
771 3173
771 3862
772 1098
772 1314
772 1956
772 2098
772 2322
772 3076
772 4780
773 1051
773 2601
773 4201
773 4759
774 1089
774 1675
774 2148
774 3051
774 4425
774 4709
774 4859
775 3054
776 1182
776 2139
776 2149
776 3169
776 4211
777 3256
777 4278
777 4368
777 4412
778 1141
778 1481
778 2573
778 2716
778 4384
778 4470
779 858
779 1366
779 2272
779 2398
779 4466
780 2808
780 2950
780 4660
781 1065
781 1927
781 2062
781 2544
782 1737
782 2885
782 4012
782 4276
782 4511
782 4636
783 809
783 810
783 2173
783 3265
784 2307
784 2875
784 2912
784 3488
784 3777
785 1224
785 1409
785 1782
785 1795
785 2691
785 3908
785 4818
785 4957
786 1433
786 3336
786 3832
786 4072
786 4283
787 2128
787 2741
788 3372
788 4272
788 4867
789 915
789 1175
789 1724
789 2132
789 3046
789 4241
790 2197
790 2523
790 2879
790 3391
790 4666
790 4875
791 1672
791 2013
791 3229
791 4132
791 4144
791 4677
792 865
792 1322
792 2430
793 1315
793 2462
793 4305
794 1545
794 1831
794 2443
794 3594
794 3907
795 1834
795 2020
795 2964
795 3855
795 4072
796 1219
796 1421
796 1586
796 2055
796 3203
796 3299
796 3839
796 3894
796 4101
797 2642
797 4530
798 1140
798 2251
798 2309
798 2378
798 3133
798 3668
798 4726
799 1378
799 1850
799 3703
799 4541
800 1270
800 1274
800 1623
800 3148
800 4751
801 3159
801 3331
801 4546
801 4908
801 4988
802 865
802 3764
802 4440
803 2315
803 3404
803 4706
804 2907
804 3553
804 3714
805 2773
805 3955
805 4547
806 1445
806 1674
807 1298
807 1416
807 3374
807 4781
808 4175
809 1137
809 1240
809 3068
809 3292
809 4809
810 1086
810 1592
810 2246
810 2657
810 3009
810 3583
810 3669
810 4066
811 912
811 1592
811 1815
811 4766
813 3028
813 3102
813 4936
814 3156
814 4973
815 1691
816 1084
816 2426
816 3379
817 2123
817 4549
817 4858
818 2479
818 4921
819 3179
819 3916
819 4767
820 4535
821 1016
821 1439
821 2498
821 2590
821 4549
821 4942
822 1638
822 1737
822 2813
822 3015
822 4663
823 2014
823 4384
823 4645
823 4659
824 1673
824 2801
824 3376
824 4161
824 4634
825 3398
825 4365
826 1157
826 1770
826 3329
826 3845
826 4102
827 987
827 1131
828 1263
828 1797
828 2355
828 2473
828 2488
828 3497
829 2048
829 2747
829 2846
829 4006
829 4674
830 907
830 4008
830 4849
831 941
831 3314
831 4341
831 4997
832 3903
833 3173
833 3296
833 4741
834 889
834 1656
834 2295
834 3010
834 3315
834 4033
835 1005
835 2251
835 2546
835 2700
835 2936
835 4387
835 4608
836 1128
836 1245
836 3140
836 4981
837 1428
837 4589
838 1420
838 1453
838 2826
838 3489
839 1808
839 2888
839 3270
840 1091
840 1100
840 3919
840 3962
840 4005
840 4846
840 4951
841 1000
841 1578
841 1613
841 1771
841 3421
841 3429
841 4100
842 1136
842 2952
842 3038
842 3352
842 3797
842 4325
842 4639
842 4780
843 2190
843 2690
843 4287
843 4496
844 1203
844 1414
844 1826
844 1881
844 3911
844 4850
845 1495
845 2392
845 2610
845 3326
845 3478
845 3502
845 4975
846 2065
846 3100
846 4081
846 4307
846 4775
847 2521
847 2985
847 3049
847 3879
847 4291
847 4403
848 1548
848 2579
848 2633
848 4101
848 4790
849 1949
849 2526
849 2621
850 3530
851 1187
851 1718
851 3777
852 1691
852 2374
852 2546
852 2600
852 4065
852 4745
852 4767
853 1046
853 2320
853 2635
853 2788
853 3343
853 3782
853 4107
853 4432
854 947
854 1231
854 2035
854 2099
854 2224
854 2813
854 3803
854 4743
855 1904
855 2470
855 4133
855 4786
856 3214
857 959
857 2344
857 2449
857 2893
857 4380
857 4534
857 4644
857 4785
858 1975
858 3077
858 3121
858 3367
858 4862
859 1090
859 1236
859 1330
859 4098
859 4103
859 4340
859 4480
860 2476
860 3291
860 3973
860 4399
860 4415
860 4848
861 1328
861 3214
861 3292
861 4726
862 1443
862 1998
862 2190
862 3272
862 4614
863 4068
864 1807
864 4519
864 4653
864 4775
865 1235
865 2029
865 2314
865 2781
865 4231
865 4454
866 1363
866 2839
866 3514
866 3676
867 2027
867 3413
867 3824
867 4166
868 1169
868 1319
868 2419
868 4344
869 1396
869 1499
869 2336
869 2881
869 3797
870 2779
871 1385
871 1397
871 2518
871 3942
871 4858
872 2358
872 3039
872 3055
872 3710
873 969
873 1720
873 2281
873 3053
873 3662
874 1324
874 1912
874 1926
874 3529
875 885
875 3654
875 3757
875 3859
875 3951
876 948
876 1370
876 1981
876 3343
876 4160
877 1096
877 4783
877 4873
878 1955
878 2672
878 2995
878 4877
879 1288
880 1050
880 1208
880 2351
880 2462
880 4157
880 4293
880 4486
881 4619
882 1007
882 1622
882 2287
882 2337
882 2862
882 3121
882 4896
883 2717
883 4066
884 2537
884 3028
884 3078
884 3333
884 4057
885 1079
885 4685
885 4813
886 1298
886 1886
886 2361
886 2998
886 3098
886 4124
887 2415
887 2748
887 2949
887 4964
888 2635
888 4316
889 1924
889 2753
889 3051
889 3127
889 3523
889 4553
889 4874
890 2606
890 3460
890 4354
891 3253
891 3979
892 2114
892 2217
892 2610
892 3888
893 2097
893 2551
893 2846
893 4620
894 1954
894 2913
894 3584
895 1036
895 1510
895 1737
895 2030
895 3164
895 3247
895 3552
896 923
896 1457
897 4730
898 1249
898 2409
898 3002
898 3329
898 4662
898 4866
899 2171
899 2272
899 2408
899 2856
899 3050
899 3832
899 4296
900 3500
901 1163
901 1986
901 2534
902 1621
902 2223
902 2942
902 3486
902 4757
902 4894
903 1386
903 1482
903 2496
903 3070
903 4699
904 4463
905 1543
905 3188
906 946
906 1125
906 4492
907 1716
907 1849
907 2601
907 2936
907 4108
908 2669
908 3700
909 1034
909 4232
910 1209
910 2167
910 2270
910 3497
910 3958
910 4539
910 4669
910 4932
911 3208
912 1140
912 1623
912 2500
912 2516
912 3414
912 4622
912 4832
912 4854
913 1884
913 3007
913 3678
914 1795
914 2499
914 3294
914 3595
914 4679
914 4919
915 3783
915 4173
916 2635
916 2946
916 3297
918 2220
919 2210
919 3100
919 3155
919 3864
919 4060
919 4068
920 1946
920 2228
920 2363
920 2465
920 3229
920 3353
920 3956
920 4167
920 4343
921 3995
921 4203
921 4328
921 4376
922 1412
922 2916
922 3802
922 4274
922 4355
922 4494
923 1620
923 3909
923 4409
924 2021
924 3578
924 4904
925 1194
925 1281
925 2268
925 3414
925 3493
926 1094
926 2459
927 2780
927 4804
928 1386
928 3068
928 4669
928 4749
928 4947
929 4227
930 1114
930 1355
930 2739
930 3078
930 3222
931 933
931 1224
931 1849
931 1939
931 2193
931 2846
931 3450
931 3560
931 3903
931 4944
932 2386
932 2886
932 3187
932 4916
933 940
933 3301
934 939
934 4023
935 2887
935 2896
935 3044
935 3263
935 3458
935 3876
935 4423
935 4657
935 4988
936 2063
936 2489
936 4955
937 1947
937 3011
937 3997
938 1016
938 2771
938 3910
938 4132
938 4246
938 4981
939 2450
939 2648
939 2986
939 4761
940 1367
940 1612
940 2277
940 2769
940 4007
941 1417
941 3130
941 3783
941 4908
942 2401
942 2646
942 2880
942 4061
943 1526
943 1704
943 2091
943 3298
943 3627
944 2048
944 3198
945 1151
945 1170
945 2338
945 2600
945 3520
945 4398
946 1862
946 3304
946 4553
946 4572
947 2760
947 4455
947 4937
948 2527
948 2533
948 3043
948 3766
949 1569
949 1906
949 2396
949 4562
949 4840
949 5000
950 1275
950 1335
950 1941
950 2343
950 3581
950 4672
951 1248
951 3267
951 4976
952 2008
952 2279
952 2303
952 3027
952 4591
952 4808
953 1319
953 1807
953 1980
953 2085
954 2639
954 4042
955 1264
955 2422
955 4695
956 1058
956 1989
956 2968
956 3830
956 4417
957 2177
957 4637
957 4798
957 4829
958 1579
958 3145
958 4003
958 4041
959 1424
959 2472
959 3592
959 3938
959 4134
960 2613
960 2687
960 2834
961 2229
961 2507
961 2713
961 3181
961 3402
961 4850
962 1564
962 2594
963 1743
963 1817
963 3517
963 4359
963 4457
964 1066
964 2631
964 3443
964 3766
964 4593
965 1152
965 2973
965 3986
965 4170
965 4926
966 1349
966 1732
966 3034
967 2493
967 2844
967 3369
967 3463
967 3542
967 4533
968 3141
968 3467
968 3632
968 4547
969 1230
969 1758
969 3969
970 1274
970 2172
970 2707
971 1166
971 1229
971 1543
971 3240
971 3604
971 4092
971 4115
971 4267
971 4709
972 1139
972 1253
972 1976
972 3211
972 3931
972 3963
972 4209
973 1142
973 2026
973 3080
973 3952
973 4762
974 2531
974 2576
974 2630
975 3811
976 2441
976 2831
977 1841
977 1984
977 2154
977 2428
977 2723
977 2761
978 1179
978 3564
978 4042
979 1458
979 3214
979 3440
979 3703
979 4986
980 1778
980 2598
980 3318
981 2229
982 1315
982 1375
982 1389
982 2819
982 4680
983 1094
983 2379
983 4451
983 4623
983 4726
984 3477
984 4305
985 1064
985 1520
985 1539
985 2534
985 2669
985 3015
985 3265
985 3979
985 4090
986 1912
986 1998
986 4147
987 1228
987 1720
987 4337
987 4923
988 1021
988 1369
988 2163
988 2455
988 3220
988 4558
989 1449
989 1623
989 4073
989 4557
990 2064
990 3880
990 3980
990 4858
991 1182
991 1421
991 2063
991 2191
991 3679
992 1221
992 3815
992 4077
992 4820
993 1357
993 1436
993 2201
993 3081
993 4780
994 3073
994 3868
995 4089
995 4372
996 1556
996 4688
996 4765
996 4831
997 2165
997 3741
997 4059
998 1079
998 1209
998 1699
998 2055
998 2748
998 4482
999 1016
999 4708
1000 1134
1000 4165
1001 3474
1001 4115
1001 4798
1003 2734
1004 1038
1004 3544
1004 4707
1005 1622
1005 2637
1005 3241
1005 4375
1005 4555
1006 1175
1006 2126
1006 3141
1006 4407
1007 1375
1007 1608
1007 1902
1007 4522
1007 4963
1008 3029
1008 4934
1009 2523
1009 3138
1009 4587
1010 2678
1010 3378
1010 3509
1010 3814
1010 3822
1010 4360
1010 4992
1011 1219
1011 3974
1012 1080
1012 2220
1012 2316
1012 2771
1012 3133
1012 4519
1013 1388
1013 2752
1013 3477
1013 3527
1013 3905
1013 4096
1014 1158
1014 1374
1014 2545
1014 3271
1014 3611
1014 4451
1015 3096
1015 3492
1016 1707
1016 4001
1016 4629
1017 1114
1017 2876
1017 3067
1017 3389
1017 4058
1018 2722
1018 4407
1019 2301
1019 3124
1019 4900
1020 3046
1020 3856
1020 3969
1020 4604
1021 2402
1021 3845
1021 4373
1021 4787
1022 1333
1022 2078
1022 2208
1023 3151
1023 3594
1024 1032
1024 2768
1024 2931
1025 1419
1025 1511
1025 3232
1025 4483
1026 1738
1026 2262
1026 3460
1026 3538
1026 3693
1027 1529
1027 1735
1027 4060
1027 4251
1027 4409
1028 1097
1028 1151
1028 1160
1028 2022
1028 3523
1028 4461
1028 4467
1029 2147
1029 2283
1029 3180
1029 3548
1029 4197
1030 1592
1030 3026
1030 3701
1030 3880
1030 4600
1031 1742
1031 3945
1032 1100
1032 2177
1032 2945
1032 3409
1032 3760
1032 4138
1032 4184
1033 1045
1033 1248
1033 2241
1033 2796
1033 3026
1033 4070
1034 3232
1034 4504
1034 4596
1035 1042
1035 1112
1035 1717
1035 4088
1035 4102
1036 1503
1036 3061
1036 4742
1037 2105
1037 3977
1037 4090
1038 1239
1038 1873
1038 1934
1038 3131
1038 3438
1038 3805
1038 4879
1039 1572
1039 1583
1039 1773
1039 1795
1039 3749
1039 4289
1040 2418
1040 2872
1041 1585
1041 1615
1041 3011
1041 4724
1041 4923
1042 1236
1042 1461
1042 1579
1042 3283
1043 2115
1043 2211
1043 2276
1043 2868
1043 3032
1043 3747
1043 3816
1044 1420
1044 2410
1045 3243
1045 4011
1045 4286
1045 4347
1045 4692
1046 2099
1046 2213
1046 2442
1046 2771
1047 1838
1047 2288
1047 2567
1047 4988
1048 1403
1048 1545
1048 1597
1048 2841
1048 3079
1049 4276
1050 2233
1050 3920
1051 2405
1051 4058
1052 2559
1052 2952
1052 3638
1052 3811
1052 4694
1053 1586
1053 2495
1053 3360
1053 3451
1053 4432
1054 1408
1054 2826
1054 4856
1055 1136
1055 1518
1055 4851
1056 1759
1056 2929
1056 3070
1056 4010
1057 1273
1057 1390
1057 1531
1057 1782
1057 3007
1057 3616
1058 1577
1058 2480
1058 2762
1059 1355
1059 3490
1059 4462
1060 3566
1060 3715
1060 4057
1061 1619
1061 2174
1061 2187
1061 2745
1061 3305
1061 3753
1062 2463
1063 1629
1063 1658
1063 2246
1063 3059
1063 3402
1063 4840
1064 3434
1064 4968
1065 1088
1066 2818
1066 3876
1067 1181
1067 3504
1067 3663
1067 4263
1068 1075
1068 1472
1068 3292
1068 4781
1069 2722
1069 2905
1069 4107
1069 4613
1069 4836
1070 3742
1070 4818
1070 4972
1071 2001
1071 3398
1071 4305
1071 4883
1071 4959
1072 2098
1072 2252
1072 3001
1072 3027
1072 3350
1072 4125
1072 4436
1073 3525
1074 1559
1074 1924
1074 2950
1074 4833
1075 3871
1075 4484
1075 4667
1076 1931
1076 2186
1076 4159
1077 1666
1077 1906
1077 2976
1077 3116
1077 3231
1077 3379
1077 3810
1077 4326
1078 1158
1078 1939
1078 2383
1078 3854
1079 1265
1079 2947
1079 3507
1079 4005
1080 3187
1080 3994
1080 4493
1080 4864
1081 2285
1081 3441
1081 4054
1082 2706
1082 3498
1083 2033
1083 3852
1083 4218
1083 4582
1083 4753
1083 4755
1083 4927
1084 1127
1084 2478
1084 4810
1085 1125
1085 1164
1085 2570
1085 2748
1085 2874
1085 3571
1085 3701
1085 3767
1086 4908
1087 1551
1087 2829
1087 3294
1087 3692
1087 3803
1087 4949
1088 1447
1088 1750
1088 2380
1088 2507
1088 3918
1088 4520
1089 1378
1089 2288
1089 2578
1089 3260
1089 4464
1090 1313
1090 1765
1090 1775
1090 1851
1090 2775
1090 2779
1090 4400
1090 4919
1091 1115
1091 1678
1091 2289
1091 3377
1091 3855
1092 1531
1092 2711
1092 3404
1092 3511
1092 3939
1093 1552
1093 1902
1093 2874
1094 2488
1094 3238
1094 3440
1094 4591
1095 1326
1095 1640
1095 2296
1095 3035
1095 3310
1096 1201
1096 2068
1096 3298
1097 1805
1097 3944
1097 4391
1098 1214
1098 2797
1098 3022
1098 3495
1098 4035
1099 1416
1099 2850
1099 3042
1099 4900
1100 1188
1100 1521
1100 1839
1100 1894
1100 2827
1100 2920
1100 3423
1101 1509
1101 2139
1101 2898
1101 3106
1101 3682
1101 4830
1101 4874
1102 1552
1102 3393
1102 3871
1102 4375
1103 3741
1103 3956
1104 2940
1104 3082
1104 4979
1105 1857
1105 2377
1105 2965
1105 3035
1105 3983
1105 4618
1106 1945
1106 3948
1106 4239
1106 4894
1107 1253
1107 2048
1107 2331
1107 3204
1107 4602
1107 4690
1108 1170
1108 2619
1108 2734
1108 3517
1109 1596
1109 2602
1109 2876
1109 3861
1109 4711
1110 1319
1110 1677
1110 2104
1110 2338
1110 2571
1110 4734
1111 3246
1111 4565
1112 1473
1112 1520
1112 3294
1112 4003
1113 1987
1113 3120
1113 4387
1113 4669
1114 1961
1114 2476
1114 4277
1115 2187
1115 2630
1115 4159
1115 4521
1116 2025
1116 2274
1116 2686
1116 2909
1116 3505
1116 3541
1117 1513
1117 3691
1117 4698
1118 1177
1118 1941
1118 3486
1118 4514
1118 4613
1119 1324
1119 1374
1119 1883
1119 2834
1119 4111
1120 1996
1120 2116
1120 2987
1120 3085
1120 3269
1120 3391
1120 3771
1120 4786
1121 1539
1121 2603
1121 3476
1121 4313
1121 4347
1122 1950
1122 2826
1122 4091
1123 1401
1123 1456
1123 2127
1123 2132
1124 2666
1124 4610
1125 2960
1125 3121
1125 3537
1125 3841
1126 3106
1126 4246
1126 4615
1127 2411
1127 2489
1127 2502
1128 4000
1128 4403
1128 4500
1129 1796
1129 3249
1129 3729
1129 4451
1129 4965
1130 1819
1130 2240
1130 2241
1130 2368
1130 3624
1130 4566
1130 4899
1130 4907
1131 1140
1131 1337
1131 1475
1131 1685
1131 3038
1131 3371
1131 4311
1131 4735
1132 1966
1132 2285
1132 4825
1133 3926
1133 4451
1134 1416
1134 1459
1134 1883
1134 2762
1134 3845
1134 4370
1134 4716
1135 1705
1135 3511
1135 3603
1135 3703
1136 1966
1136 2975
1136 4224
1137 2009
1137 3052
1137 4504
1138 1419
1138 3651
1138 3820
1139 2083
1139 2199
1139 3107
1140 2195
1140 2627
1140 3474
1140 4205
1141 2887
1141 3710
1141 4004
1142 1495
1142 2152
1142 2208
1142 2346
1142 4154
1143 1552
1143 3854
1144 1691
1144 1848
1144 3287
1145 2354
1145 4055
1146 3192
1147 1697
1147 2859
1147 4258
1148 2296
1148 3390
1148 3404
1148 4756
1148 4773
1149 2152
1149 3120
1149 4233
1150 2400
1150 3107
1150 3320
1150 4436
1151 2144
1151 2322
1151 2698
1151 3322
1151 4482
1152 1494
1152 2977
1152 3074
1152 4358
1152 4587
1153 4388
1154 1304
1154 3065
1154 3707
1155 1450
1155 3584
1155 3666
1155 4941
1156 2439
1156 2442
1156 3014
1156 4720
1157 1523
1157 1634
1157 1937
1157 2002
1157 2413
1157 3727
1158 1650
1158 1867
1158 1882
1158 3016
1158 3020
1158 4122
1158 4351
1159 2025
1159 2278
1160 3889
1160 4742
1161 4855
1161 4950
1162 1736
1162 1788
1162 2473
1162 2507
1162 3011
1162 3329
1162 4051
1162 4418
1163 1285
1163 1435
1163 3161
1163 3541
1163 3925
1163 4664
1164 1885
1164 1955
1164 2842
1164 3286
1164 3952
1164 4589
1165 2131
1165 2344
1165 2779
1165 2994
1165 3924
1166 1488
1167 1239
1167 1623
1167 2298
1167 2791
1167 4624
1167 4780
1167 4876
1168 4255
1168 4348
1168 4386
1168 4430
1169 1255
1169 1720
1170 1938
1170 2050
1170 2052
1170 3496
1170 4036
1171 3338
1171 4220
1171 4677
1172 2903
1172 2931
1172 4292
1173 2134
1173 3039
1173 4339
1174 2362
1174 4483
1175 1654
1175 4554
1175 4908
1176 1512
1176 1675
1176 3011
1176 3109
1176 4012
1176 4026
1176 4247
1176 4937
1177 1217
1177 3703
1177 3881
1178 2988
1179 1459
1179 1767
1179 2238
1179 3432
1179 3521
1180 1492
1180 4135
1181 1468
1181 2548
1181 2850
1181 3642
1181 4956
1182 1986
1182 1992
1182 2168
1182 2307
1182 2642
1182 3065
1182 3971
1182 4301
1183 1286
1183 1835
1183 2926
1183 4259
1184 3966
1184 4728
1184 4845
1185 1966
1185 2283
1185 2984
1185 3347
1185 4155
1186 3399
1186 3518
1187 2988
1187 3509
1187 3663
1187 4215
1187 4418
1188 1738
1188 2133
1188 2966
1188 3004
1188 3872
1188 4404
1189 1266
1189 2012
1189 3886
1189 4730
1190 1366
1190 1414
1190 2876
1191 1623
1191 1633
1191 4078
1191 4848
1192 2639
1193 1380
1193 3358
1193 3948
1194 1615
1194 3500
1194 4694
1195 1255
1195 1537
1195 3592
1195 4267
1195 4371
1195 4437
1196 1747
1196 3932
1197 2488
1197 2989
1197 3367
1197 3772
1197 3885
1197 3934
1197 4883
1198 2320
1198 3666
1198 4836
1199 1808
1199 1821
1199 4858
1200 2046
1200 2143
1200 3594
1201 1651
1201 1821
1201 3893
1201 4118
1202 1555
1202 3536
1203 2123
1203 2789
1203 3071
1203 3357
1203 3908
1203 4367
1204 1814
1204 2488
1205 1427
1205 2654
1206 3443
1206 3930
1207 1366
1207 2545
1207 2917
1207 3024
1207 4037
1208 2164
1208 3341
1209 1973
1209 2138
1209 2498
1209 2618
1209 2880
1209 3775
1209 4251
1210 1371
1210 1581
1210 2294
1210 2348
1210 2934
1210 3236
1211 2048
1211 4091
1211 4487
1211 4501
1211 4593
1212 1614
1212 1712
1212 2600
1212 2871
1213 3585
1213 3850
1214 2693
1215 1526
1215 2010
1215 2184
1215 3269
1215 4315
1215 4443
1215 4710
1216 4712
1217 1844
1217 2229
1217 3639
1217 3731
1217 3800
1217 4599
1218 1502
1218 3214
1218 4017
1219 2386
1219 3172
1219 4652
1220 1943
1221 2099
1221 2304
1221 2854
1221 3068
1221 3673
1221 4372
1221 4849
1222 3115
1222 3207
1222 4970
1223 2745
1224 1521
1224 3270
1224 3373
1224 4510
1225 2259
1225 2593
1225 3916
1225 3968
1226 2558
1226 3986
1226 4603
1227 3507
1227 4727
1228 1248
1228 2087
1228 2237
1228 3753
1228 4683
1229 1466
1230 1349
1230 1431
1230 1926
1230 3533
1230 4675
1231 1910
1231 2930
1231 3486
1231 4072
1232 2908
1232 3552
1232 3982
1232 4383
1232 4534
1233 1679
1233 1788
1233 3834
1233 4051
1234 1423
1234 3435
1234 3705
1234 4668
1235 2632
1235 3150
1235 3293
1235 4009
1236 2327
1236 4588
1237 1333
1237 1546
1237 1567
1237 1966
1237 2118
1237 3568
1238 2208
1238 3783
1238 4437
1238 4899
1239 2292
1239 4281
1240 2336
1240 2398
1240 3509
1240 4573
1240 4930
1241 1652
1241 3774
1241 4478
1242 1888
1242 2436
1242 4006
1242 4737
1242 4895
1243 1789
1243 2364
1243 3417
1243 4321
1244 2364
1244 4418
1245 2193
1245 4413
1246 2100
1247 4361
1248 1492
1248 2974
1248 2998
1249 1320
1249 1866
1249 2221
1249 2761
1249 2766
1250 1898
1251 1507
1251 1599
1251 2865
1251 3609
1252 1285
1252 2713
1252 4505
1252 4784
1253 3472
1253 3676
1254 3661
1255 3276
1255 3390
1255 4528
1256 2509
1256 3725
1256 4118
1256 4865
1257 2606
1257 2706
1257 3399
1257 4268
1258 3378
1258 3619
1258 4085
1259 1562
1259 3844
1261 2339
1261 2762
1261 3131
1261 3844
1262 2151
1262 2156
1262 2876
1262 4536
1263 1346
1263 1847
1263 1956
1263 2394
1263 3988
1264 1842
1264 3970
1264 4162
1265 1819
1265 1832
1265 4789
1265 4949
1266 1873
1266 2499
1266 3102
1267 2601
1267 3692
1268 1708
1268 2118
1268 2907
1269 1332
1269 2968
1270 1667
1270 1826
1270 2091
1270 2511
1270 3674
1270 4825
1271 2079
1272 2551
1272 3342
1272 4609
1272 4858
1273 3046
1273 3506
1273 4018
1273 4420
1273 4944
1274 1597
1275 2751
1275 2988
1275 4392
1276 1374
1276 1563
1276 1604
1276 1810
1276 2031
1276 2896
1276 3023
1276 3112
1277 1811
1277 2570
1277 4435
1278 1687
1278 3325
1278 4177
1279 1845
1279 2263
1279 4137
1280 1383
1280 3339
1280 4059
1281 1694
1281 1940
1281 2770
1281 3471
1281 4522
1282 1610
1283 3838
1283 4050
1284 3640
1284 4077
1284 4429
1285 1451
1285 1750
1285 2376
1285 2500
1285 2869
1285 3829
1285 4410
1286 2037
1287 1330
1287 1961
1288 1897
1288 2870
1288 3923
1288 4011
1288 4374
1288 4433
1288 4954
1289 1566
1289 1843
1289 1928
1289 2289
1289 3009
1289 3289
1289 4940
1290 2038
1290 2246
1290 2252
1290 2669
1291 1384
1291 2631
1291 2783
1291 4409
1291 4467
1291 4651
1291 4857
1291 4909
1292 1688
1292 2566
1292 4310
1292 4638
1293 1375
1293 3000
1293 3276
1294 1484
1294 4028
1294 4448
1295 3388
1295 3644
1295 3648
1296 3014
1297 2166
1297 2631
1297 3350
1298 1664
1299 1674
1299 2955
1299 3841
1300 3717
1300 4174
1301 1769
1301 2448
1301 3325
1301 3483
1302 2383
1302 3562
1302 4063
1302 4084
1303 1520
1303 4294
1304 1819
1304 2234
1304 2473
1304 2928
1304 3598
1305 1808
1305 2874
1305 3642
1306 2245
1306 3048
1307 1646
1307 1786
1307 2128
1307 2255
1307 4500
1308 1472
1308 1567
1308 1638
1308 2338
1308 3328
1308 4155
1308 4972
1309 2245
1309 3590
1310 2010
1310 3602
1310 4330
1311 1402
1311 2306
1311 2607
1311 3078
1311 4138
1311 4720
1311 4980
1312 1640
1312 2597
1312 4416
1313 2095
1313 3365
1313 4956
1314 2716
1314 3151
1314 4159
1314 4515
1315 1682
1315 3409
1316 2463
1317 2025
1317 3097
1318 1949
1318 2067
1318 3062
1318 3479
1318 4198
1318 4800
1318 4873
1319 2786
1320 1829
1320 2924
1320 2967
1320 3016
1320 4840
1321 1980
1321 2326
1321 2896
1321 3061
1321 3980
1322 1354
1322 3657
1322 4077
1322 4259
1323 2205
1323 4976
1324 2307
1324 2701
1324 3640
1324 3997
1325 1552
1325 3977
1325 4320
1326 1443
1326 1940
1326 3856
1326 4718
1327 1478
1327 3471
1327 4063
1327 4725
1328 2420
1328 2630
1328 4692
1329 1599
1329 2082
1329 2504
1329 4655
1330 1966
1330 3867
1330 4232
1330 4334
1331 4414
1331 4580
1331 4826
1331 4911
1332 1486
1332 1562
1332 2451
1332 3252
1332 3513
1332 4827
1333 2579
1333 3355
1333 3409
1333 4349
1334 3500
1334 4085
1335 2609
1335 4820
1335 4852
1336 1362
1336 1709
1336 1851
1336 1947
1336 2404
1336 2460
1336 3116
1336 3800
1336 4153
1337 1585
1337 2279
1337 3572
1337 3889
1338 1782
1338 1966
1338 1999
1338 2266
1338 3068
1338 4074
1338 4504
1338 4949
1339 1828
1339 2155
1339 2782
1339 4212
1339 4770
1340 2023
1340 2226
1340 3228
1340 3432
1340 3586
1340 4861
1340 4941
1341 1509
1341 1964
1341 3225
1342 2022
1342 2530
1342 2546
1342 3969
1342 4811
1343 1787
1343 2937
1343 3362
1343 4602
1344 2627
1344 4933
1345 1849
1345 2613
1345 2827
1346 1421
1346 2829
1346 2867
1347 3704
1347 3858
1347 4801
1348 2034
1348 3149
1348 3443
1348 4045
1348 4484
1349 2715
1349 2778
1349 4051
1349 4462
1350 1584
1350 1634
1350 4221
1350 4723
1351 1841
1351 2083
1351 2530
1351 3084
1351 3456
1352 4146
1353 2261
1353 2812
1353 3554
1353 4040
1354 1897
1355 2114
1355 2279
1355 4703
1356 3927
1356 4198
1356 4249
1356 4314
1356 4657
1357 2312
1357 4156
1357 4383
1357 4989
1358 3932
1358 4025
1359 2420
1359 3336
1360 2642
1360 3978
1361 4903
1362 1367
1362 4149
1362 4752
1362 4770
1363 2401
1363 2955
1363 3019
1363 3581
1364 3109
1364 3306
1364 3362
1364 3658
1364 4965
1365 1585
1365 2442
1365 3043
1365 3723
1365 4221
1366 2658
1366 3285
1366 3383
1366 4713
1367 2066
1367 2552
1367 2976
1367 3089
1367 3649
1367 3857
1367 4126
1367 4341
1367 4923
1368 1568
1369 1542
1369 2093
1369 3039
1369 4897
1369 4906
1370 1619
1370 1624
1370 2219
1370 2386
1370 3944
1371 3129
1371 4457
1372 1838
1372 2434
1372 3870
1372 4261
1372 4349
1373 1467
1374 1920
1374 1922
1374 2781
1374 2971
1375 3363
1375 3769
1376 1591
1376 2446
1376 3881
1377 3370
1377 3789
1377 4136
1377 4583
1378 3119
1378 4838
1378 4861
1379 1846
1379 2746
1379 3049
1379 3732
1379 4745
1380 1504
1380 2520
1380 2525
1380 2607
1381 2059
1381 3171
1382 1402
1382 3474
1382 4073
1383 1594
1383 1764
1383 3494
1383 4366
1384 2319
1384 4818
1385 2199
1385 4567
1385 4579
1385 4594
1386 1422
1386 1450
1386 2195
1386 2569
1386 2786
1386 2793
1386 2952
1386 3456
1386 3913
1387 1648
1387 2104
1387 2704
1387 2843
1387 4571
1388 3243
1388 3850
1388 3963
1388 4872
1388 4976
1389 2708
1389 3008
1389 3764
1390 4582
1391 1821
1391 1970
1391 4096
1391 4142
1391 4164
1392 4868
1393 2112
1393 3864
1393 4457
1393 4735
1394 1868
1394 2280
1394 4295
1394 4785
1394 4885
1395 1602
1395 2257
1395 2374
1395 2783
1395 3129
1395 3455
1396 2184
1396 2253
1396 2552
1396 2718
1396 2910
1397 1538
1397 3627
1397 4324
1397 4444
1398 1695
1399 2103
1399 3551
1399 4274
1399 4920
1401 1673
1401 1813
1401 3332
1402 2294
1402 3297
1402 3475
1402 3942
1402 4213
1403 2462
1403 3912
1403 4200
1404 2624
1404 2666
1404 3538
1404 3731
1404 4021
1405 1927
1405 2786
1405 3120
1405 3608
1405 4573
1406 2051
1406 3075
1406 3499
1406 3518
1406 3994
1407 2502
1407 3175
1407 3518
1407 3956
1407 4344
1408 1651
1408 4640
1408 4977
1409 2313
1409 2915
1409 4128
1409 4621
1410 1634
1410 2853
1410 4233
1410 4418
1410 4851
1411 1574
1411 2226
1411 3031
1411 4145
1411 4189
1412 1666
1412 1927
1412 3059
1412 3724
1412 3966
1412 4601
1412 4701
1412 4960
1413 4529
1414 1686
1414 2832
1414 3419
1414 4644
1414 4839
1415 1859
1415 2328
1416 1429
1416 2259
1417 1757
1417 2210
1417 2423
1417 2855
1417 3116
1417 4199
1417 4672
1418 2074
1418 2598
1418 2807
1418 3035
1418 3360
1418 3851
1418 3940
1418 3951
1418 3981
1418 4852
1419 2467
1419 2941
1419 3063
1419 3761
1420 2920
1420 4953
1421 4607
1422 1581
1422 2002
1422 4879
1423 3004
1423 4828
1423 4984
1424 3988
1424 4833
1425 4060
1425 4244
1425 4948
1426 3215
1426 4630
1427 1550
1427 1631
1427 3387
1427 4835
1428 1448
1428 2439
1428 3516
1428 3673
1428 4996
1429 2313
1429 2458
1429 3606
1430 1485
1430 3142
1431 2422
1431 2992
1431 4498
1433 2179
1433 2363
1433 3444
1433 3682
1433 4042
1433 4447
1434 2730
1434 4417
1435 1708
1435 1791
1435 1829
1435 3997
1436 1966
1436 2663
1436 3519
1436 4500
1437 1497
1437 2833
1437 4850
1438 4192
1439 4568
1440 2234
1440 2356
1440 3430
1440 3532
1440 4082
1440 4358
1440 4905
1441 2166
1441 2349
1441 2405
1441 2696
1441 3230
1441 3264
1442 1809
1442 3091
1442 3768
1442 3888
1442 3935
1443 2282
1443 2303
1443 2372
1443 4746
1444 1544
1444 3258
1444 3476
1444 4835
1445 1511
1445 2283
1446 2189
1446 2431
1446 3222
1446 3377
1446 3444
1446 4433
1446 4656
1447 2423
1447 2704
1447 4121
1447 4920
1448 1594
1448 3132
1448 4705
1448 4755
1448 4828
1449 1607
1449 2986
1449 3168
1449 3478
1449 3941
1450 1757
1450 3488
1450 4112
1450 4243
1450 4891
1451 2775
1451 2811
1452 2638
1452 4564
1453 1979
1453 2059
1453 4033
1453 4257
1453 4738
1453 4868
1455 1790
1455 2366
1455 2436
1455 2707
1455 3552
1455 3800
1456 4943
1457 1588
1457 1754
1457 2197
1457 2356
1457 3051
1457 3090
1457 3445
1457 3660
1457 4150
1457 4702
1458 1940
1459 2228
1459 3495
1459 4654
1460 2628
1460 4622
1461 2032
1461 3905
1461 4506
1462 3363
1462 3418
1462 3641
1462 3897
1462 4125
1462 4513
1463 4456
1464 1819
1464 1962
1464 2765
1464 3635
1465 1589
1465 2244
1465 2695
1465 3165
1465 3736
1465 4825
1466 3682
1466 4094
1466 4115
1467 2418
1467 3595
1467 4694
1468 2550
1468 3061
1468 3996
1469 2472
1469 2593
1469 2932
1469 3186
1470 1920
1470 4351
1470 4430
1470 4539
1471 1623
1471 4678
1472 1652
1472 3018
1472 3080
1472 3625
1472 3827
1472 4169
1472 4979
1473 2360
1473 2807
1473 2809
1473 3925
1473 4583
1474 2314
1474 2535
1474 3393
1474 3938
1474 3984
1474 4046
1475 1500
1475 2691
1475 4437
1475 4483
1476 2437
1476 2668
1476 2868
1476 2899
1476 3472
1476 3955
1476 4644
1477 1848
1477 2517
1477 2901
1477 3689
1477 3763
1478 1486
1478 1579
1478 2646
1478 3696
1478 3930
1479 3946
1479 4840
1480 2753
1481 1973
1481 2608
1481 3464
1481 3631
1481 3969
1482 1721
1482 4158
1482 4354
1483 1615
1483 2731
1483 4364
1484 3017
1484 3468
1484 4557
1485 1671
1485 1768
1485 2014
1485 4235
1486 1584
1486 2476
1486 2536
1486 3494
1486 4245
1487 1969
1487 3956
1488 2806
1488 3402
1488 3810
1488 4642
1489 2383
1489 2640
1489 3966
1489 4032
1489 4678
1490 1830
1490 1988
1490 2115
1490 2486
1490 4056
1490 4604
1490 4812
1491 4576
1492 1741
1492 4159
1493 4259
1493 4778
1494 1962
1494 2478
1494 2738
1494 3478
1494 3730
1494 4379
1495 4442
1495 4916
1496 4661
1497 1781
1497 2420
1497 3011
1497 3821
1497 4526
1497 4870
1498 1831
1498 4225
1499 1712
1499 1917
1499 1953
1499 2406
1499 2516
1501 1615
1501 2705
1501 3016
1501 4314
1502 2689
1502 3277
1502 3478
1503 1929
1503 2137
1503 3225
1504 3970
1504 4513
1504 4694
1505 2581
1505 4406
1505 4820
1505 4826
1506 3545
1506 4320
1507 2033
1507 4617
1507 4830
1508 4470
1508 4631
1508 4781
1509 3356
1509 3432
1509 3693
1510 1608
1510 2336
1510 2369
1510 2445
1511 1796
1511 2097
1511 2478
1511 3701
1511 3944
1511 4541
1512 3438
1512 3450
1512 3903
1512 4740
1513 2036
1513 3563
1513 3760
1513 4166
1513 4705
1514 1584
1514 2302
1514 2399
1514 2997
1514 3610
1515 1565
1515 3944
1515 4595
1516 3756
1517 1572
1517 1706
1517 2462
1517 2624
1517 4706
1518 1758
1518 2885
1518 3391
1518 3669
1518 4400
1518 4439
1518 4493
1518 4754
1519 2621
1519 4423
1519 4709
1521 1623
1521 1671
1521 2071
1521 2144
1521 4148
1522 1662
1522 1891
1522 1981
1522 2454
1522 3550
1522 4058
1522 4470
1522 4866
1523 1921
1523 2200
1523 4041
1524 2298
1524 3177
1524 4313
1524 4319
1525 2393
1525 3259
1526 1561
1526 3555
1526 4701
1526 4707
1527 3585
1527 4291
1528 1635
1528 2343
1528 2764
1528 2975
1528 3434
1528 3516
1528 3762
1528 4259
1529 3172
1529 3207
1529 3492
1529 3704
1529 4599
1529 4630
1530 2559
1530 3484
1530 4078
1530 4691
1531 1611
1531 2345
1531 2882
1531 3582
1531 4459
1531 4937
1531 4949
1532 2435
1532 2654
1533 1644
1533 1996
1533 3562
1533 3648
1533 4952
1534 1812
1535 3256
1535 4732
1536 1776
1536 3468
1536 3652
1536 4024
1536 4288
1536 4507
1537 4095
1538 2963
1538 3513
1538 4362
1539 2752
1539 3749
1539 4784
1540 2161
1540 2651
1540 3273
1541 1631
1541 1638
1541 2305
1541 4021
1541 4079
1541 4111
1541 4152
1541 4502
1541 4705
1542 2655
1543 2284
1543 3767
1543 4660
1543 4885
1544 1742
1544 3275
1544 4168
1544 4631
1545 4815
1546 4241
1547 1797
1547 4003
1547 4051
1547 4674
1547 4721
1547 4978
1548 3248
1548 3374
1548 3903
1548 3970
1548 4561
1550 2697
1550 3487
1550 4093
1550 4796
1551 3588
1552 3134
1552 4859
1553 2086
1553 3818
1553 4015
1554 4232
1555 2032
1555 3526
1555 3966
1556 2368
1556 2466
1556 2703
1556 3372
1556 4834
1557 1581
1557 3575
1558 1691
1558 3134
1558 4049
1559 4034
1559 4491
1560 1934
1561 1722
1561 2089
1561 2744
1561 3154
1561 3748
1561 4661
1561 4906
1562 1672
1562 2604
1562 3439
1562 4295
1562 4766
1563 2873
1563 3542
1563 4119
1563 4970
1564 2730
1564 2887
1564 3194
1564 3426
1564 4132
1564 4385
1565 2527
1565 3403
1565 3907
1566 2122
1567 2920
1567 3194
1567 4854
1568 2596
1568 3138
1568 4730
1569 2416
1569 3091
1569 3477
1569 4810
1569 4842
1570 1769
1571 1857
1571 2651
1571 3024
1572 4605
1573 2012
1573 2356
1573 3529
1574 4638
1575 2747
1575 4951
1576 4740
1578 1775
1578 3085
1578 3088
1579 3817
1579 3899
1579 4868
1580 2616
1580 2625
1581 1703
1581 1768
1581 3240
1583 1622
1583 2082
1583 3273
1583 4577
1583 4665
1584 1636
1584 4019
1585 2710
1585 3315
1585 4280
1586 2563
1586 2852
1586 4543
1587 3494
1587 4837
1588 4395
1588 4939
1589 1994
1589 2086
1589 2221
1589 3432
1589 3756
1589 4032
1589 4516
1589 4781
1589 4839
1590 1762
1591 3779
1592 2137
1592 2599
1592 3494
1592 3593
1592 3707
1592 4773
1593 2281
1593 2702
1593 2925
1594 1795
1594 3983
1594 4796
1595 1768
1595 2280
1595 2579
1595 3888
1596 2707
1596 2937
1597 1832
1597 2142
1597 3784
1597 4124
1597 4705
1598 2393
1598 4706
1599 2782
1599 3528
1600 2459
1600 4510
1600 4892
1601 1781
1601 2483
1601 3531
1602 2845
1602 4162
1603 2096
1603 2522
1603 3378
1603 3405
1604 1783
1604 3025
1604 3237
1605 4640
1606 2946
1606 3286
1606 4905
1607 3899
1608 2676
1608 3016
1608 4308
1608 4597
1608 4750
1609 2069
1609 4009
1610 2201
1610 4657
1611 1653
1611 2379
1611 3682
1611 4230
1612 2775
1612 3294
1612 3720
1612 4141
1612 4594
1613 3312
1613 3962
1614 2090
1614 3108
1615 2747
1615 2783
1615 2906
1615 3101
1616 1984
1616 2013
1616 2113
1616 2996
1616 4224
1617 2366
1617 2923
1618 2226
1618 4699
1619 2015
1619 3495
1619 4983
1620 2105
1620 2544
1620 4552
1620 4672
1621 1833
1621 2143
1621 3937
1621 4080
1622 4071
1623 2358
1623 3378
1624 2698
1624 3381
1625 1878
1625 2797
1625 3834
1626 2051
1626 3499
1627 1872
1627 2009
1627 2189
1627 3028
1627 4813
1628 1736
1628 2777
1628 4351
1628 4683
1629 1964
1629 3287
1629 4038
1629 4670
1630 1709
1630 1770
1630 2822
1630 3850
1630 4122
1630 4715
1630 4913
1630 4979
1631 1832
1631 2551
1632 2552
1632 3179
1633 2213
1633 3043
1633 3523
1634 4649
1634 4725
1635 3262
1635 3269
1635 3734
1636 3698
1637 2712
1637 3308
1637 3350
1637 3429
1638 1745
1638 3065
1638 4214
1638 4561
1638 4914
1639 2757
1640 2399
1640 4268
1641 1865
1641 3399
1641 3583
1641 3935
1642 1974
1642 2697
1643 2064
1643 3712
1643 4774
1644 2981
1644 3069
1644 4379
1644 4470
1644 4555
1645 1756
1645 2914
1645 4070
1645 4589
1646 3439
1646 4764
1647 3405
1647 4478
1648 1882
1648 2291
1648 2820
1649 1650
1649 2538
1649 2573
1649 3389
1649 3397
1649 3748
1650 1809
1650 1998
1650 2338
1650 2744
1650 3118
1650 3641
1650 4355
1650 4375
1651 2226
1651 2975
1651 3730
1651 4346
1652 2595
1652 2700
1652 2957
1652 4151
1652 4920
1653 3167
1653 3375
1653 3433
1654 2212
1654 4116
1655 1941
1655 3579
1655 3866
1655 4302
1656 4206
1656 4394
1657 1854
1657 3874
1658 3874
1658 4960
1660 2388
1660 4272
1660 4365
1661 2637
1661 2799
1662 3231
1662 4471
1662 4611
1662 4619
1662 4876
1663 2218
1663 2467
1663 2742
1663 2957
1663 3867
1664 3063
1664 3191
1665 3394
1665 4511
1665 4981
1666 1697
1666 2088
1666 3103
1666 3427
1666 3840
1667 3529
1667 3832
1667 3958
1668 3918
1668 3935
1668 4671
1669 2298
1669 3586
1669 4316
1670 1824
1670 1881
1670 1959
1670 2095
1670 3477
1671 2338
1671 2455
1671 3345
1671 4085
1672 1755
1672 1870
1672 2184
1672 2220
1672 2247
1672 3182
1673 3961
1673 4054
1674 2506
1674 3143
1674 3689
1674 3774
1675 2658
1675 2811
1675 2928
1675 3246
1675 3495
1676 2344
1677 2431
1677 4852
1678 2034
1678 2098
1678 2231
1678 4151
1679 1984
1679 2201
1679 2691
1680 2605
1680 2712
1680 2894
1680 4680
1681 2637
1681 3378
1681 3710
1682 2468
1683 3503
1683 4578
1683 4752
1684 1720
1684 2708
1684 4675
1685 2399
1686 2495
1686 3053
1686 4602
1687 2071
1687 2242
1687 2386
1687 3157
1688 2743
1688 3700
1688 3917
1689 1842
1689 2975
1689 4139
1689 4181
1689 4368
1689 4447
1690 2059
1690 2568
1690 3586
1690 4042
1690 4858
1691 2440
1691 2791
1691 2906
1691 3785
1691 4068
1691 4608
1692 1759
1692 3363
1692 4228
1693 3087
1693 3868
1693 4444
1694 1876
1694 3079
1694 3126
1694 4166
1695 2224
1695 2424
1695 4193
1695 4629
1696 1815
1696 3381
1696 3579
1696 3833
1696 4087
1696 4518
1696 4625
1697 2916
1697 4649
1698 2072
1698 2753
1698 2856
1698 3339
1699 3121
1699 3275
1699 3939
1699 4216
1699 4805
1700 2017
1700 2028
1700 2191
1700 2282
1700 2393
1700 3240
1701 2616
1701 4027
1703 3300
1703 3670
1703 4005
1703 4183
1704 2281
1704 3929
1705 1838
1705 1938
1705 2128
1705 2409
1705 3208
1705 3925
1705 4157
1706 2567
1706 3546
1706 4893
1706 4987
1707 1926
1707 2886
1707 3472
1707 3608
1707 4568
1708 1854
1708 2999
1708 3055
1708 3844
1709 2900
1709 3160
1709 3423
1709 3881
1709 4869
1710 1879
1710 3335
1710 4203
1710 4571
1711 1719
1711 3093
1711 3322
1711 4824
1712 4731
1713 2008
1713 2088
1713 4930
1714 4449
1715 2682
1715 3674
1715 3818
1715 4604
1715 4715
1716 1844
1716 2051
1716 2508
1716 3696
1716 3903
1717 1903
1717 1926
1717 2082
1717 2127
1717 3419
1718 3139
1718 3849
1718 4572
1719 2481
1720 2784
1720 2871
1720 4000
1720 4850
1721 1976
1721 4437
1722 2691
1722 3164
1722 4904
1723 2150
1723 4427
1724 3512
1724 4682
1725 1828
1725 1871
1725 3010
1725 3086
1725 3950
1725 4398
1725 4595
1725 4943
1726 2619
1726 3048
1726 3201
1726 3620
1726 4101
1726 4265
1726 4518
1727 4131
1727 4265
1728 2764
1728 2977
1728 3110
1728 3767
1728 3912
1729 2384
1729 4517
1730 1933
1730 3147
1730 4539
1731 3520
1731 4011
1733 3993
1733 4966
1734 2604
1734 2767
1734 3475
1734 3671
1734 4135
1735 3290
1736 2888
1736 3751
1736 4162
1736 4628
1736 4870
1736 4959
1737 3531
1738 4235
1738 4250
1739 2662
1739 3672
1739 4430
1740 2602
1740 2969
1740 3523
1740 3647
1740 4064
1741 4990
1742 1988
1742 4632
1742 4821
1743 4965
1744 3754
1745 2470
1745 4555
1746 4724
1747 2323
1747 2653
1747 3273
1747 3346
1747 4092
1747 4779
1748 1814
1748 3124
1748 3412
1748 3452
1748 3476
1749 3696
1749 4451
1749 4603
1750 2037
1750 2485
1750 2825
1750 3235
1750 3975
1750 4986
1751 4367
1752 2386
1752 3459
1753 2279
1753 3542
1754 1944
1754 3329
1755 2229
1755 3383
1755 3595
1755 4388
1755 4583
1755 4952
1756 2187
1756 2406
1756 3180
1756 4883
1756 5000
1757 1929
1757 2005
1757 2211
1757 2316
1757 2612
1758 1901
1758 2141
1758 2400
1758 2481
1758 4271
1758 4362
1759 1955
1759 2759
1759 2798
1759 4130
1759 4879
1760 2013
1760 3303
1760 4285
1760 4801
1761 2511
1761 3649
1761 3731
1762 2741
1762 2932
1762 4079
1763 2023
1763 4110
1763 4626
1763 4715
1763 4836
1764 3323
1764 3957
1765 2244
1765 2709
1766 2335
1766 3471
1766 4728
1766 4857
1767 1925
1767 2411
1767 3561
1767 4131
1767 4350
1767 4568
1768 3585
1768 4057
1768 4298
1769 2421
1769 3181
1770 1939
1770 2724
1772 2463
1772 3832
1772 4072
1773 2522
1773 2555
1773 4082
1774 1839
1774 2214
1774 3830
1775 1813
1775 3226
1775 3342
1776 2252
1776 3815
1776 3879
1776 3891
1777 2230
1778 1942
1778 2875
1778 2968
1778 3996
1780 2131
1780 2871
1780 3614
1781 4684
1782 4185
1782 4899
1783 2100
1783 3148
1784 2054
1784 2093
1784 2536
1785 1962
1785 2526
1786 2831
1786 4837
1787 2761
1788 2307
1788 2624
1788 2801
1788 3211
1788 3604
1788 4241
1789 2419
1790 2697
1790 3073
1790 4071
1791 2814
1791 4738
1793 3169
1793 4328
1794 2411
1794 3226
1794 3234
1794 4620
1794 4807
1795 2230
1795 2621
1795 4556
1796 2685
1796 4600
1797 4334
1798 4388
1798 4507
1799 1938
1799 3023
1799 3329
1799 4820
1800 1949
1800 2286
1800 2723
1800 3745
1801 2530
1801 3754
1801 3986
1802 2111
1802 3174
1802 4434
1802 4860
1803 1990
1803 2771
1803 2812
1804 1895
1804 2780
1804 3645
1804 4271
1804 4627
1804 4794
1805 3416
1805 3537
1805 4025
1806 2396
1806 2890
1806 3337
1806 3618
1806 3676
1806 4042
1806 4687
1806 4752
1807 2343
1807 2794
1807 4509
1808 2263
1808 2679
1808 2717
1808 2740
1808 3160
1808 3292
1808 4033
1808 4147
1808 4514
1809 3249
1809 3939
1810 2287
1810 2604
1810 2609
1810 2856
1810 2864
1810 3004
1810 3455
1810 3490
1810 3701
1810 3740
1811 2923
1811 3328
1812 2237
1812 2456
1812 2655
1812 4489
1813 2087
1813 3175
1814 2531
1814 4221
1814 4840
1815 2383
1815 2868
1816 4545
1817 2238
1817 3440
1817 4883
1818 1942
1818 2060
1818 2314
1818 3910
1818 4934
1819 2427
1819 4942
1820 1990
1820 2451
1820 2562
1820 3301
1820 4242
1821 2254
1821 2420
1821 3501
1821 3529
1821 4823
1822 2619
1822 4730
1822 4772
1823 2514
1824 2690
1824 3508
1824 4844
1825 2472
1825 3133
1825 4799
1826 2867
1826 3263
1826 3366
1826 3665
1827 2471
1827 2673
1827 2890
1827 3617
1827 3808
1827 3968
1828 2657
1828 4532
1829 3490
1829 4054
1830 2095
1830 3262
1830 3326
1830 3441
1830 3837
1830 4595
1830 4669
1831 2774
1831 4450
1831 4777
1832 2221
1832 2811
1832 4052
1832 4853
1833 3016
1833 3426
1833 3778
1833 4418
1833 4678
1834 2029
1834 2366
1834 2624
1834 3131
1834 3220
1834 3256
1834 4990
1835 1935
1835 2855
1835 4710
1836 2055
1836 2310
1836 3583
1836 4964
1837 3063
1837 3742
1838 4103
1839 1840
1839 2733
1839 2998
1839 3224
1839 3658
1839 4611
1840 1933
1840 2311
1840 2452
1840 4385
1841 2027
1841 2038
1841 2489
1841 3815
1841 3904
1842 4078
1842 4837
1842 4962
1843 4751
1843 4809
1844 3169
1844 4073
1845 2906
1845 3007
1845 3490
1845 3549
1846 2070
1846 3011
1846 4643
1847 2018
1847 2038
1847 2317
1847 2388
1847 2400
1847 2512
1847 3116
1847 4839
1848 2143
1848 2894
1848 3061
1848 3756
1848 3826
1848 4081
1848 4417
1849 4112
1850 2166
1850 3237
1850 3418
1850 4902
1851 2797
1851 4215
1852 3304
1852 4598
1852 4882
1853 2212
1853 3575
1853 3865
1853 4457
1854 3151
1855 2924
1855 3383
1855 4175
1857 3977
1858 2420
1858 3376
1858 3481
1858 3545
1859 2545
1859 4197
1859 4968
1860 1949
1860 3923
1861 2963
1861 3618
1862 4966
1863 2155
1863 2419
1863 3169
1863 4008
1864 3179
1864 4879
1865 3414
1865 3910
1866 4978
1867 2881
1867 2923
1867 4323
1867 4751
1868 1879
1868 2126
1868 2463
1868 4015
1868 4235
1868 4435
1868 5000
1869 2274
1869 3548
1869 3735
1869 4874
1870 1962
1870 2933
1870 2953
1870 3099
1870 4255
1871 2559
1871 2760
1871 3397
1871 4173
1872 2708
1872 3659
1872 4767
1873 2943
1873 3069
1874 2280
1874 3573
1874 4113
1875 4666
1876 3289
1877 2349
1877 2467
1877 3820
1877 4129
1877 4774
1878 2114
1878 3309
1879 2194
1879 2748
1879 2838
1879 3232
1879 3358
1879 3593
1879 4088
1880 4155
1881 2906
1881 3370
1881 4535
1881 4631
1882 2188
1882 2892
1882 4493
1882 4973
1883 3749
1883 3860
1883 4178
1883 4460
1884 4338
1885 3440
1885 3996
1886 2735
1886 3005
1886 4216
1886 4289
1886 4404
1886 4585
1887 2137
1887 3324
1887 3556
1888 2951
1888 3157
1888 3986
1888 4304
1889 2578
1889 4191
1890 3046
1891 4180
1892 2431
1892 2828
1892 2862
1893 1915
1893 2758
1893 3697
1893 4045
1894 2446
1894 4363
1895 2581
1895 2932
1895 3276
1895 3506
1895 3940
1896 4595
1897 2724
1897 4209
1898 2565
1898 3077
1898 3276
1899 2599
1900 3536
1900 3751
1900 4383
1901 3220
1901 3848
1901 4464
1902 2072
1902 2147
1904 4551
1905 2482
1905 3472
1905 3919
1905 4835
1906 4674
1907 1984
1907 2034
1908 2158
1908 2495
1908 3269
1908 3577
1908 3803
1909 2492
1909 2751
1909 2928
1909 3067
1909 4693
1910 3834
1910 4094
1910 4284
1911 2831
1911 4274
1911 4577
1911 4973
1912 3038
1912 3303
1912 3528
1912 4102
1912 4608
1913 4534
1913 4746
1915 2133
1915 2799
1915 4248
1915 4299
1916 4202
1917 1991
1917 2028
1917 3116
1917 3689
1917 4324
1918 2118
1918 2721
1918 4028
1918 4741
1919 2681
1919 2791
1919 4632
1919 4720
1922 2101
1923 1982
1923 4055
1923 4722
1924 2461
1924 4472
1924 4549
1924 4803
1924 4964
1925 2000
1925 2639
1925 2921
1925 3979
1926 1971
1926 2099
1926 3296
1926 3544
1927 2715
1927 4231
1928 3000
1928 3033
1928 3434
1928 3698
1928 3816
1928 4673
1929 3413
1929 4260
1930 2352
1930 2572
1930 2896
1930 2977
1930 3577
1930 3695
1930 3786
1930 4705
1931 2537
1932 3080
1932 4343
1933 3571
1933 3778
1933 4082
1933 4231
1933 4841
1934 3398
1934 4817
1934 4947
1935 2722
1935 4910
1936 2020
1936 2718
1936 4072
1936 4342
1937 2801
1937 3132
1937 3267
1937 3388
1937 4342
1938 2426
1938 2835
1938 3403
1938 3724
1939 4605
1940 2387
1940 3054
1940 4271
1941 3696
1941 4014
1942 2317
1942 3233
1942 4265
1943 4898
1944 2178
1944 2387
1944 2544
1944 2599
1944 3363
1944 4267
1945 1978
1945 2930
1945 4355
1945 4911
1947 4526
1947 4899
1948 2809
1948 3256
1948 4176
1948 4710
1949 2134
1949 2780
1949 3559
1949 4568
1950 2656
1950 3685
1950 3893
1951 2633
1951 2861
1951 4155
1952 2484
1952 2700
1952 3138
1953 2789
1953 3172
1953 4412
1953 4545
1953 4569
1953 4973
1954 2049
1954 2241
1954 3043
1954 4963
1955 2748
1955 3992
1956 3903
1956 4394
1957 2218
1957 2805
1957 3203
1958 3169
1958 3452
1958 3468
1958 4504
1959 2045
1959 2404
1960 4593
1960 4843
1961 3096
1961 3427
1961 4222
1962 2536
1962 3745
1962 4975
1963 2554
1963 4041
1964 2085
1964 3890
1965 4248
1966 3340
1966 3573
1966 3929
1966 4560
1967 4320
1967 4726
1968 4660
1968 4866
1969 2409
1969 4597
1970 2456
1970 2871
1971 1989
1971 2050
1971 4280
1971 4621
1972 2013
1972 2397
1972 4066
1973 2291
1973 4482
1973 4622
1974 2727
1974 4258
1974 4574
1975 2045
1975 2610
1975 3774
1976 3153
1977 4333
1977 4519
1978 2556
1978 3047
1979 2421
1979 3318
1979 3650
1979 3867
1979 4652
1981 2350
1981 3173
1981 3319
1981 3906
1981 4416
1982 2154
1982 3074
1982 4903
1983 2369
1983 3155
1984 2716
1984 2794
1984 3786
1984 4396
1985 2422
1985 3143
1985 4176
1985 4936
1985 4947
1986 2408
1986 2440
1986 3735
1987 2206
1987 4351
1987 4968
1988 2119
1988 2297
1988 2920
1988 3258
1988 3966
1988 4209
1989 2976
1989 3283
1989 4061
1989 4295
1989 4575
1989 4905
1990 2467
1990 4043
1990 4524
1991 2099
1991 2534
1992 2830
1992 2854
1992 3160
1992 3351
1992 4981
1993 2767
1995 2258
1995 2753
1995 4275
1997 2081
1997 2147
1997 2787
1997 3402
1997 4035
1998 2208
1998 2813
1998 3286
1998 3287
1999 2033
1999 2190
1999 2824
1999 3427
1999 4835
2000 2326
2000 3202
2000 3399
2000 3905
2001 4060
2002 2607
2002 3210
2003 4379
2004 2242
2004 3706
2004 4209
2004 4440
2005 2072
2005 2608
2005 3756
2006 3022
2006 3679
2007 2435
2008 4343
2009 2369
2009 3515
2009 3652
2010 2343
2010 3856
2010 3899
2011 3661
2012 2027
2012 3144
2012 3248
2012 3821
2013 2467
2013 3365
2014 2359
2014 3012
2015 3264
2015 3377
2015 4846
2016 3401
2017 2901
2017 3391
2017 3972
2018 3155
2018 3260
2018 4021
2019 2283
2019 3646
2019 3887
2019 4511
2021 2233
2021 2255
2021 3268
2021 4170
2022 2748
2022 2887
2022 3405
2022 3918
2022 4425
2023 3535
2024 2491
2024 2718
2024 4202
2025 2560
2025 3028
2025 3830
2026 4154
2026 4805
2027 2414
2027 2792
2027 3697
2027 4066
2027 4597
2027 4684
2028 2137
2028 3038
2028 3269
2028 3617
2028 3915
2028 4686
2029 3929
2029 4200
2029 4828
2030 2204
2030 2389
2030 3278
2030 3835
2030 4085
2030 4615
2031 2241
2031 3870
2032 2073
2032 2287
2032 4740
2033 2930
2033 3130
2033 3231
2033 3304
2033 3621
2034 2865
2034 3039
2034 3401
2034 3565
2035 2643
2035 3048
2036 2132
2036 2289
2036 2336
2036 2528
2036 2846
2036 3029
2036 4920
2037 2789
2037 3939
2037 4624
2038 2424
2038 2849
2038 2974
2038 3402
2038 3607
2039 2644
2039 2794
2039 3784
2039 4308
2040 3617
2041 2091
2041 2454
2041 4192
2042 4619
2042 4681
2043 2682
2043 3070
2044 2049
2044 3377
2044 4528
2045 2676
2045 3839
2045 4230
2046 4110
2047 2049
2047 2195
2047 2495
2047 4737
2048 3069
2048 3717
2049 3017
2049 4210
2049 4281
2049 4793
2049 4896
2050 2252
2050 2302
2050 3037
2050 4769
2051 2703
2051 3211
2052 2155
2052 2744
2052 4478
2052 4982
2053 2278
2053 2637
2053 2872
2053 3341
2053 3883
2054 2901
2054 3236
2054 4402
2055 3143
2055 3326
2055 3962
2056 2219
2056 2616
2056 3544
2057 2683
2058 3288
2059 2817
2059 4162
2060 2132
2060 2542
2060 4033
2060 4923
2061 2220
2061 4655
2063 2880
2063 3104
2063 4769
2064 2119
2064 2125
2064 2632
2064 3837
2064 4043
2064 4927
2065 2657
2065 4544
2066 3267
2066 4285
2067 2234
2067 4362
2067 4506
2068 2719
2068 3419
2068 3677
2068 3901
2069 3109
2070 2116
2070 3284
2070 4030
2071 2122
2071 4155
2072 2948
2073 3519
2073 3552
2073 4401
2074 2485
2074 3821
2074 4329
2074 4373
2074 4430
2074 4646
2075 2467
2075 4286
2076 2651
2076 3671
2076 4097
2076 4223
2077 2308
2077 2553
2077 4495
2078 2619
2078 3726
2078 4498
2079 2385
2079 4031
2079 4351
2079 4799
2080 2303
2080 3143
2080 3496
2081 2840
2081 3305
2081 4795
2081 4859
2082 4064
2082 4276
2082 4676
2083 2953
2083 3779
2083 4336
2084 2134
2084 2523
2084 2679
2084 2692
2084 3098
2084 3133
2085 2697
2085 4018
2085 4452
2087 2238
2087 3459
2087 4137
2088 3460
2088 4745
2088 4804
2089 3992
2089 4965
2090 3925
2091 2715
2091 3274
2091 3401
2091 4841
2092 3252
2093 3483
2093 3983
2093 4135
2094 2998
2095 2937
2095 3721
2096 2448
2096 3425
2096 4046
2096 4153
2096 4469
2098 2797
2098 2922
2098 4224
2099 2728
2099 4152
2099 4774
2100 3536
2100 3972
2100 3992
2101 3778
2101 4325
2102 2623
2102 4647
2103 2842
2103 3508
2103 3528
2103 4736
2104 2343
2104 2519
2104 2723
2105 2344
2105 3704
2105 4673
2105 4905
2106 3063
2106 3199
2106 4014
2106 4325
2106 4632
2107 4257
2108 2635
2108 3084
2109 2496
2109 2746
2109 2990
2109 4013
2109 4057
2110 2558
2110 2764
2110 2775
2110 3536
2110 4572
2110 4654
2110 4670
2111 3232
2111 4848
2112 2315
2112 3381
2112 3900
2113 2155
2113 2198
2114 4549
2114 4692
2114 4793
2115 2974
2116 2536
2116 4491
2117 2686
2117 3391
2117 3556
2117 3700
2118 3323
2118 4083
2119 2718
2119 3364
2119 3887
2119 4234
2119 4330
2119 4779
2120 2914
2120 3781
2120 3910
2121 2702
2121 2964
2121 3176
2121 4237
2122 2123
2122 2599
2122 3015
2122 3051
2122 3912
2122 4936
2123 3047
2123 4340
2123 4486
2124 2224
2124 2629
2124 2757
2124 4263
2125 4505
2125 4522
2126 2749
2126 3721
2126 4504
2127 2395
2127 3651
2127 3905
2128 3532
2128 4082
2128 4159
2128 4453
2128 4599
2128 4654
2129 2388
2129 2682
2129 2956
2130 2214
2130 2242
2130 2816
2130 3247
2131 4165
2132 3992
2132 4309
2133 2403
2133 2734
2133 2856
2133 4519
2133 4533
2134 3129
2134 4091
2135 2837
2135 2894
2135 3100
2135 3396
2135 3737
2135 4022
2135 4706
2136 2258
2136 3461
2136 4524
2137 2272
2137 3290
2137 3736
2138 2814
2138 4143
2138 4757
2138 4987
2139 2977
2139 4044
2140 2225
2140 3282
2140 3577
2140 4002
2141 2305
2141 2945
2141 3016
2141 3495
2141 3523
2142 2169
2142 4680
2143 2190
2143 3881
2143 4189
2143 4844
2144 2161
2144 3046
2144 3419
2145 4012
2146 4261
2147 2726
2147 2960
2147 3288
2147 3460
2148 3131
2148 4244
2148 4620
2149 2176
2149 2937
2149 4169
2150 2651
2150 2743
2150 3263
2150 4847
2151 3952
2151 3955
2152 4243
2152 4270
2153 2155
2153 4345
2155 3526
2155 3669
2155 4237
2155 4910
2156 4697
2157 2926
2157 3160
2157 4100
2157 4130
2157 4915
2158 3218
2158 3664
2158 4228
2160 3180
2160 3294
2160 4134
2160 4515
2160 4777
2161 2746
2161 4207
2161 4360
2161 4599
2161 4955
2162 2995
2162 3217
2162 3347
2162 4479
2164 2465
2164 4614
2165 2380
2165 2506
2165 2845
2165 2990
2165 3292
2165 3583
2165 4131
2165 4745
2166 2741
2166 4214
2167 3813
2168 2432
2168 3484
2168 4057
2169 2756
2169 3085
2169 4096
2169 4899
2171 2488
2171 3952
2173 2434
2173 3602
2173 4348
2173 4767
2174 3196
2174 4744
2174 4913
2175 2351
2175 2541
2175 3295
2175 4794
2176 2456
2176 3009
2176 3123
2176 3614
2176 4859
2177 2249
2177 4157
2178 2242
2178 3080
2178 3736
2178 4773
2179 2863
2179 3073
2179 3111
2179 3208
2179 4679
2180 2278
2180 3202
2180 3507
2180 4361
2180 4902
2181 2891
2181 3132
2181 3924
2181 4576
2182 3152
2182 3264
2182 3398
2183 2414
2184 2719
2184 3097
2184 3539
2185 2646
2186 2382
2187 3190
2188 2591
2188 2725
2188 2750
2188 3207
2188 3226
2188 3368
2188 3799
2188 3945
2188 4502
2189 2214
2189 3030
2189 3422
2189 4070
2190 2344
2190 3252
2190 3423
2190 4448
2191 2445
2192 2780
2192 4463
2193 3761
2194 2329
2194 3179
2194 3490
2194 3894
2195 3715
2196 3550
2197 2428
2197 3038
2197 4412
2197 4595
2198 3551
2198 3859
2200 2336
2200 2512
2200 2557
2200 3376
2200 4038
2200 4227
2201 2421
2201 3265
2201 3974
2202 3346
2203 2239
2203 4354
2203 4488
2203 4888
2204 2695
2204 4879
2206 2262
2206 2490
2206 3013
2206 4617
2207 2757
2207 2889
2208 2846
2208 4545
2208 4881
2209 3338
2209 3540
2209 3932
2210 3466
2211 3065
2212 4242
2212 4289
2213 4850
2214 2925
2214 3798
2214 3943
2215 2380
2215 3389
2215 4301
2215 4902
2215 4972
2216 3772
2217 2385
2217 2482
2217 2760
2217 3432
2217 4027
2217 4609
2218 3669
2218 4350
2219 2235
2219 2740
2219 4536
2220 3426
2220 4623
2220 4890
2221 2232
2221 3472
2221 3744
2221 3897
2221 4469
2222 2688
2222 3491
2222 3724
2222 4018
2223 3455
2223 4087
2223 4188
2223 4633
2224 2561
2224 2722
2224 3277
2224 3749
2224 3933
2224 4720
2224 4935
2225 2242
2226 3280
2226 3593
2226 4949
2227 3198
2227 3226
2228 2514
2228 2542
2228 2662
2228 2776
2228 3875
2229 2716
2229 3844
2229 4707
2230 2466
2230 3528
2230 3778
2230 4393
2230 4590
2231 3019
2231 3136
2231 3937
2231 4337
2232 3140
2232 3507
2232 4399
2232 4437
2232 4512
2232 4574
2233 4069
2234 3833
2234 4522
2234 4680
2236 2365
2236 3162
2236 3811
2236 4540
2237 4510
2238 2435
2238 3983
2238 4295
2238 4322
2238 4361
2238 4601
2239 4289
2239 4545
2239 4731
2240 4024
2240 4930
2241 4333
2243 2660
2243 3201
2243 3765
2243 4172
2243 4874
2243 4910
2244 2293
2244 3661
2244 3713
2244 4790
2244 4930
2245 2848
2245 3976
2245 4283
2246 3163
2246 4446
2247 3260
2247 4203
2247 4244
2247 4315
2248 2379
2248 3054
2248 4708
2249 2713
2249 3649
2249 4298
2249 4321
2250 4437
2250 4865
2250 4903
2251 3640
2251 4552
2253 2713
2253 3389
2254 2711
2254 2980
2254 3391
2254 4197
2255 4556
2256 2660
2256 3172
2256 4579
2257 3159
2257 3675
2257 3857
2257 4049
2257 4717
2258 3515
2258 3717
2258 4049
2259 4892
2260 2639
2260 4668
2260 4815
2260 4985
2261 3139
2261 4238
2263 2615
2263 3854
2263 4046
2263 4093
2263 4381
2264 2643
2264 3452
2265 2981
2265 3462
2265 3565
2265 4373
2265 4902
2266 2414
2266 3938
2266 4750
2266 4839
2267 2902
2267 3262
2268 2300
2268 4342
2269 3205
2269 3252
2269 3466
2270 4545
2271 3876
2271 4353
2272 3169
2272 3577
2272 3853
2272 4988
2273 2429
2275 3258
2275 3301
2275 3444
2276 4510
2277 3081
2278 2778
2278 2797
2278 3555
2278 3918
2278 4078
2278 4820
2279 2789
2279 4041
2280 4060
2280 4155
2281 2800
2281 4210
2282 3396
2282 3483
2282 3917
2283 2587
2283 2709
2283 4451
2283 4948
2284 3056
2284 3452
2284 3809
2284 4076
2285 2872
2285 4270
2285 4272
2286 2552
2286 3465
2286 4912
2287 2775
2287 4817
2288 2290
2288 3316
2289 2336
2289 3031
2289 3963
2290 4941
2291 2526
2291 2770
2291 3082
2292 2859
2292 3369
2292 4772
2292 4975
2293 3403
2293 3602
2294 4435
2294 4627
2294 4726
2295 2670
2295 3649
2295 4812
2295 4940
2296 2767
2296 4541
2296 4695
2296 4980
2297 2393
2297 3430
2298 3628
2298 4429
2299 4410
2300 2677
2300 4032
2300 4128
2301 2315
2301 3084
2301 3522
2301 3527
2301 4884
2303 2304
2303 2626
2303 2670
2303 3617
2303 4913
2305 3369
2305 4533
2305 4625
2306 3536
2306 4416
2306 4851
2307 2524
2307 2649
2307 3648
2307 4029
2308 2592
2309 3022
2309 3949
2309 4185
2309 4865
2310 3003
2310 3164
2310 3398
2310 3512
2311 2744
2311 3867
2311 4212
2311 4565
2312 3029
2312 3280
2312 3742
2312 3910
2312 4297
2312 4501
2313 2557
2313 4027
2313 4145
2313 4401
2314 2370
2315 2544
2315 4390
2316 3040
2316 3759
2316 3838
2316 4031
2316 4195
2316 4332
2317 4791
2318 2605
2318 3604
2318 4012
2318 4300
2319 2826
2319 3389
2320 4331
2321 3374
2321 3749
2321 3857
2321 4276
2321 4728
2322 3491
2323 3379
2323 3474
2324 2333
2324 3181
2324 3551
2325 2823
2325 3044
2325 3825
2325 4339
2326 3365
2326 3938
2327 2447
2327 3115
2328 2751
2328 3236
2328 4118
2329 2411
2329 2440
2329 2971
2329 3424
2329 3739
2329 4370
2330 2746
2330 4511
2330 4802
2331 2639
2331 2913
2331 3374
2331 4383
2331 4644
2331 4682
2332 2441
2332 4196
2333 3472
2333 3771
2333 4963
2334 2636
2334 4218
2334 4516
2335 2836
2335 2920
2335 2965
2335 3760
2335 4716
2336 2379
2336 4866
2337 3853
2338 3545
2338 4013
2338 4069
2339 3894
2339 4856
2340 3443
2341 2564
2341 2737
2341 4143
2342 2365
2342 4029
2342 4469
2342 4997
2343 3593
2343 3672
2343 4933
2344 2454
2344 3492
2344 3581
2345 2410
2345 3594
2346 3988
2347 4377
2348 2484
2348 3060
2349 3143
2350 2418
2350 2559
2351 2763
2351 3835
2351 4193
2352 3184
2352 3334
2352 3754
2352 3870
2353 2359
2353 2550
2353 2991
2353 3396
2353 3560
2353 3948
2353 4415
2354 3711
2354 3820
2354 4628
2355 3937
2355 4578
2355 4752
2355 4914
2356 3060
2356 3804
2356 4648
2357 3371
2357 4339
2357 4352
2358 4314
2359 3058
2359 4165
2359 4252
2359 4398
2359 4539
2360 2757
2360 3033
2360 3392
2360 4057
2360 4744
2361 2500
2361 3164
2361 4576
2361 4813
2362 2671
2362 3580
2362 3615
2362 3912
2363 2684
2363 2685
2363 3358
2363 4445
2364 2871
2364 3377
2364 4037
2365 4070
2366 4803
2367 2817
2367 4163
2367 4199
2369 2400
2369 2755
2369 3829
2369 3935
2369 4174
2369 4941
2370 4011
2370 4387
2370 4508
2370 4533
2370 4769
2371 2397
2371 2528
2371 2681
2371 3259
2371 3812
2371 3816
2371 3843
2372 2666
2372 3018
2372 3934
2372 4672
2373 2624
2373 3197
2373 3603
2373 3625
2373 4165
2373 4684
2374 3682
2374 3870
2374 4547
2375 4400
2375 4555
2376 2469
2377 4451
2377 4614
2378 3180
2378 4085
2379 2380
2379 4041
2379 4106
2380 2677
2380 2783
2380 3138
2380 3183
2380 4077
2381 2744
2381 2964
2381 3225
2381 3329
2381 4973
2382 2672
2382 2715
2383 2472
2384 3402
2384 3956
2384 4172
2385 2473
2385 4628
2386 3987
2389 2541
2389 2836
2389 4663
2390 3262
2390 3646
2390 3821
2390 4307
2390 4883
2391 2484
2391 2692
2391 4850
2393 2984
2394 4707
2395 2831
2395 4202
2395 4377
2395 4542
2395 4658
2396 4133
2396 4211
2397 4123
2397 4580
2398 2618
2398 3300
2398 3703
2398 4372
2400 2671
2400 3223
2400 4627
2401 3140
2401 4352
2402 2559
2402 3774
2403 3070
2403 3466
2403 4301
2404 2463
2404 3547
2404 4702
2406 3003
2407 2823
2408 2501
2408 2796
2408 3715
2408 4184
2408 4488
2408 4801
2409 2473
2409 2529
2409 2571
2409 4625
2410 4579
2411 3074
2411 4088
2412 2605
2412 4079
2412 4293
2412 4676
2413 3890
2413 4417
2414 3527
2414 3860
2414 4166
2415 2611
2415 3528
2415 4847
2416 4072
2416 4502
2417 2622
2417 2685
2417 2734
2417 3166
2417 3250
2417 3383
2417 3761
2417 4898
2418 4077
2418 4144
2418 4770
2419 2502
2419 3030
2420 4155
2420 4885
2421 2445
2421 2686
2421 2785
2422 2841
2422 3442
2422 3717
2422 4209
2423 3131
2423 3534
2424 3055
2424 3445
2424 3960
2424 4655
2425 3415
2425 4462
2426 3471
2426 3754
2426 4291
2426 4714
2427 3494
2427 3855
2428 2851
2429 3879
2430 2792
2430 3587
2430 3876
2430 4688
2431 3659
2431 4545
2431 4629
2432 3132
2432 4471
2432 4497
2432 4762
2433 2962
2433 3387
2433 4722
2434 2982
2434 4085
2434 4232
2435 2824
2436 2624
2436 3128
2436 3458
2436 3582
2436 3585
2436 4310
2436 4629
2436 4661
2439 2906
2439 3017
2439 3529
2439 4277
2441 2794
2441 3260
2441 3399
2441 3839
2442 3380
2442 4451
2443 2748
2443 2767
2443 4810
2443 4882
2444 2465
2444 2845
2444 3481
2445 2822
2445 3402
2445 4340
2446 2703
2447 3435
2448 2732
2448 3720
2448 4252
2448 4268
2449 3008
2449 3106
2449 3901
2449 4173
2449 4268
2450 2818
2450 4082
2450 4779
2450 4978
2451 3725
2451 3815
2451 3820
2451 4250
2452 3474
2452 3821
2452 4241
2452 4458
2453 3041
2453 3140
2453 3609
2453 4769
2454 4518
2454 4673
2454 4734
2455 3484
2456 4311
2457 3850
2457 4537
2457 4800
2458 3734
2458 3937
2458 3948
2460 3971
2460 4431
2461 3675
2461 3882
2461 4464
2462 3511
2462 4015
2463 3350
2463 3454
2464 3558
2464 4132
2464 4344
2465 2562
2465 3269
2465 4177
2465 4632
2466 4730
2468 3777
2469 3403
2469 3610
2470 3245
2470 3577
2471 3234
2471 4430
2472 2833
2472 4034
2472 4908
2473 2665
2473 2955
2473 4651
2474 3506
2474 3928
2474 4154
2474 4490
2474 4777
2475 3596
2475 4918
2476 2700
2476 2790
2476 3697
2477 3029
2477 3879
2477 4572
2478 3154
2478 3269
2478 3451
2478 3503
2479 2820
2479 2830
2479 3386
2479 3468
2479 3930
2480 2686
2480 3377
2480 3747
2481 4651
2482 2760
2482 3302
2482 3888
2482 4253
2483 3744
2484 2877
2484 3121
2484 3725
2484 3810
2484 4303
2485 3263
2485 3823
2485 4841
2486 2689
2486 2730
2486 3325
2486 3660
2486 4310
2487 2889
2487 4484
2487 4891
2488 3143
2488 3675
2488 4040
2488 4283
2489 3290
2489 4540
2490 2957
2490 3161
2490 3548
2491 2983
2491 3747
2491 3898
2491 4214
2491 4966
2492 4664
2492 4684
2493 2614
2493 3067
2493 4483
2493 4791
2494 2997
2494 4059
2494 4296
2495 2609
2495 4783
2496 2779
2496 3950
2496 4096
2496 4483
2497 3223
2497 4705
2499 4057
2499 4229
2500 3077
2500 4172
2500 4754
2501 3708
2501 4313
2502 3477
2502 3997
2502 4233
2503 3409
2504 3677
2504 4580
2505 2733
2505 3080
2505 3956
2506 2742
2506 2897
2506 3977
2506 4886
2507 2918
2507 4607
2507 4654
2507 4718
2508 4763
2509 3579
2509 3814
2509 4200
2510 3020
2510 3626
2510 3997
2510 4541
2511 3904
2511 4537
2511 4626
2512 3121
2512 3262
2512 3908
2512 3915
2512 4530
2512 4755
2513 3135
2514 3163
2514 3209
2514 4516
2515 2657
2515 3388
2515 3875
2515 4831
2516 3186
2516 3205
2516 3220
2516 3849
2516 4834
2518 3208
2518 4887
2519 3238
2519 4858
2520 2661
2520 3622
2520 3770
2520 4881
2521 3232
2521 3848
2521 4052
2521 4934
2522 3982
2522 4002
2523 3231
2523 3649
2524 2847
2524 4398
2525 2603
2525 3711
2526 2576
2526 2818
2526 3189
2526 3342
2526 3932
2526 4444
2527 3107
2527 3527
2528 2566
2528 3630
2528 4157
2528 4760
2529 2542
2529 3501
2530 2640
2532 2780
2532 2839
2532 4780
2533 2904
2533 2937
2533 4275
2533 4467
2534 2982
2534 3461
2534 4144
2535 3887
2536 2990
2536 4476
2536 4698
2537 3519
2537 3613
2537 3761
2538 3219
2538 4810
2538 4992
2540 3828
2541 2668
2541 2926
2541 3628
2542 2636
2543 4375
2543 4641
2544 3330
2544 4803
2544 4924
2545 2627
2545 2635
2545 3141
2545 4202
2546 3378
2546 4952
2547 2708
2547 4716
2548 3358
2548 4891
2549 4702
2550 2999
2550 3765
2551 2578
2551 2602
2551 3270
2551 4453
2552 3587
2553 2606
2554 2719
2554 3980
2554 4075
2555 3321
2555 3552
2555 4151
2557 3460
2557 3480
2557 3650
2557 4006
2557 4605
2558 2627
2558 2805
2558 3750
2558 4192
2558 4239
2558 4399
2558 4486
2559 3295
2559 4066
2559 4669
2559 4783
2560 2563
2560 2919
2560 3372
2560 3539
2561 3426
2561 4631
2562 2872
2562 3041
2562 3527
2562 3734
2562 4551
2563 2619
2563 3401
2563 3635
2563 4379
2564 3222
2564 3302
2565 3090
2565 3223
2565 3586
2565 4087
2565 4194
2566 4769
2567 3766
2568 3190
2568 4020
2568 4192
2568 4949
2569 2668
2569 3369
2569 3452
2569 4088
2569 4683
2570 4773
2571 3071
2571 4207
2571 4664
2572 3324
2573 4571
2574 3809
2574 3814
2574 4144
2575 3129
2575 3367
2575 3902
2575 4415
2576 3625
2576 3659
2576 4043
2576 4543
2577 2672
2578 3515
2578 3556
2578 3668
2579 2961
2579 3495
2579 4012
2580 2616
2580 3347
2580 3532
2580 4387
2581 3496
2581 3793
2581 4196
2582 4120
2582 4527
2583 3253
2583 3623
2584 2750
2584 3814
2584 4184
2585 2683
2585 3020
2585 4628
2586 2597
2586 3465
2586 4936
2587 2819
2587 3320
2587 4566
2587 4589
2588 2830
2588 3215
2588 3600
2588 4922
2589 2813
2589 3256
2589 3395
2590 3773
2590 3856
2590 4049
2590 4125
2591 2929
2591 3387
2591 4699
2592 3088
2592 3257
2593 3073
2593 4745
2594 2640
2594 3611
2594 3766
2595 2783
2595 3058
2595 3571
2595 3859
2595 3861
2596 2903
2596 4272
2597 3783
2597 3983
2598 2618
2598 2780
2598 2999
2598 4320
2599 3193
2599 3258
2599 3490
2599 3698
2599 4019
2600 4292
2601 3042
2601 3449
2603 3221
2603 4743
2604 2898
2604 3588
2604 3675
2605 2909
2605 3913
2605 4230
2605 4741
2606 3025
2607 4993
2608 2787
2608 3181
2608 3457
2608 3608
2609 2673
2609 3812
2609 4760
2610 2673
2610 3342
2611 2623
2611 3503
2612 2738
2613 2896
2613 3395
2614 3029
2615 3141
2616 3445
2616 4819
2617 3606
2617 3909
2617 4549
2618 2958
2618 4041
2618 4893
2619 3457
2619 4600
2620 3560
2621 3379
2621 3820
2622 3054
2622 4011
2623 2708
2624 3245
2624 4460
2624 4818
2625 2947
2625 4373
2626 3014
2626 3317
2626 3930
2626 4191
2627 4126
2627 4363
2628 3453
2628 4373
2630 3340
2630 3682
2630 4328
2631 2644
2631 4251
2631 4480
2632 4323
2633 2818
2633 4001
2633 4743
2634 2977
2635 3791
2635 4305
2636 2705
2636 2726
2636 3031
2636 3318
2637 4328
2637 4854
2638 3786
2639 4827
2640 2780
2640 3157
2640 3964
2640 4923
2641 2661
2641 2760
2641 2814
2641 3842
2641 3853
2642 2896
2642 3029
2642 4561
2643 3350
2643 4462
2643 4937
2644 4851
2645 3227
2647 3995
2648 2895
2648 3045
2648 3696
2649 3529
2650 3388
2650 4959
2651 3233
2651 3576
2651 3601
2652 3661
2652 3777
2652 3934
2652 4017
2652 4077
2652 4210
2652 4580
2653 3524
2653 4696
2654 2870
2654 4410
2655 3901
2655 4434
2656 2942
2656 3564
2656 3769
2657 3093
2657 4430
2658 4665
2659 3059
2659 3086
2659 4399
2659 4986
2661 2999
2661 4284
2661 4866
2662 3412
2662 3518
2662 4211
2664 2773
2664 3247
2664 3530
2664 3908
2664 4309
2665 4179
2665 4815
2667 3394
2667 3947
2667 4009
2668 3268
2669 3792
2671 3305
2671 4028
2672 3343
2672 4723
2673 3584
2673 3877
2677 4792
2677 4892
2678 3688
2679 3354
2679 3997
2679 4881
2680 4175
2680 4426
2681 2947
2681 3440
2681 4319
2681 4339
2682 4563
2685 3092
2686 2844
2686 2854
2686 3345
2687 3363
2687 3482
2688 3666
2688 3748
2688 4743
2688 4858
2689 4078
2689 4496
2689 4878
2690 3846
2691 3790
2691 4840
2692 3983
2692 4235
2692 4485
2693 4320
2693 4720
2694 3703
2695 3199
2695 3797
2696 2748
2696 3113
2696 3456
2696 4548
2698 4860
2699 3521
2699 4599
2700 3609
2701 3482
2702 3874
2702 4305
2703 2844
2703 3081
2703 3224
2703 4205
2703 4829
2703 4888
2704 4405
2704 4659
2705 3154
2705 3233
2705 3447
2705 4494
2705 4894
2706 2999
2706 3734
2706 4047
2706 4956
2707 2775
2707 2788
2707 2849
2707 3429
2707 3445
2707 3718
2707 4050
2708 3079
2708 3776
2709 3545
2709 3673
2709 4143
2710 4949
2712 4298
2713 3171
2713 3683
2713 4281
2713 4741
2713 4963
2714 3326
2714 4211
2714 4408
2715 2957
2715 4001
2715 4046
2715 4688
2716 3170
2716 3762
2716 4174
2716 4679
2716 4793
2717 3124
2717 3937
2717 4527
2718 2761
2718 2968
2718 3138
2718 3340
2719 4014
2719 4619
2719 4734
2720 3485
2720 4343
2721 3142
2721 3586
2722 2814
2722 3050
2722 3562
2722 4955
2723 3908
2723 4907
2724 4050
2724 4254
2725 3326
2725 4659
2726 4098
2726 4122
2726 4658
2727 3941
2727 4976
2728 4373
2729 4298
2729 4508
2729 4853
2730 3182
2730 3426
2730 3523
2730 4273
2731 4550
2732 3331
2732 3378
2732 3779
2732 4242
2733 3088
2733 3461
2733 3867
2733 4042
2733 4809
2733 4994
2735 4395
2735 4557
2736 4506
2737 4299
2737 4362
2738 2972
2739 2823
2740 3158
2740 3771
2740 4063
2740 4766
2741 3256
2741 3456
2742 4008
2742 4151
2743 3464
2743 4576
2743 4830
2744 3275
2744 4345
2745 3624
2746 4676
2747 3016
2747 3783
2747 4767
2748 3243
2748 3790
2748 3816
2749 3741
2749 3950
2749 4871
2750 2854
2751 3967
2752 3199
2753 4067
2753 4273
2753 4778
2754 3839
2754 4983
2757 2871
2757 3343
2757 3346
2757 3710
2758 3569
2759 2846
2759 3092
2759 3803
2759 4193
2759 4876
2760 3752
2760 3922
2761 3230
2761 3248
2761 3492
2762 4001
2762 4377
2763 3342
2763 3371
2763 3702
2763 4429
2764 3382
2764 3486
2764 4310
2765 2852
2765 3047
2765 3296
2765 4366
2765 4530
2766 3508
2766 3619
2766 4511
2767 4293
2767 4392
2768 2886
2768 3081
2768 4367
2768 4962
2769 3596
2770 3147
2770 4208
2771 4415
2771 4639
2772 3555
2772 4444
2772 4445
2773 2793
2773 4203
2774 4996
2775 3617
2776 4433
2776 4920
2777 3596
2777 4469
2777 4844
2778 3873
2778 3983
2778 4566
2779 3212
2779 4378
2779 4845
2780 3054
2780 3318
2782 4963
2783 4079
2784 3590
2784 4029
2784 4133
2786 3378
2786 4084
2787 3466
2787 3828
2787 4885
2789 2899
2789 4643
2790 3697
2790 3996
2790 4208
2790 4826
2791 3132
2791 4177
2792 3965
2793 2838
2793 3611
2793 4432
2794 2944
2794 2956
2794 4199
2795 3953
2796 3997
2796 4497
2797 3817
2797 4972
2798 3672
2798 4472
2799 3260
2799 3978
2799 4685
2800 3185
2800 3428
2802 4082
2802 4092
2803 3055
2803 3292
2803 4732
2804 4001
2804 4720
2805 4346
2806 3794
2806 4542
2807 3100
2807 3129
2807 3249
2809 3640
2809 3851
2809 4038
2810 4665
2811 3558
2811 3718
2811 4498
2812 3966
2813 3209
2813 4719
2815 3213
2816 3799
2817 3298
2818 3016
2818 3362
2818 3787
2819 3709
2819 4160
2820 3466
2821 4272
2822 3842
2822 4010
2822 4085
2822 4330
2823 3819
2824 3188
2824 4351
2825 4757
2826 3601
2826 4157
2826 4824
2827 4155
2827 4622
2828 3082
2828 3880
2828 4412
2828 4581
2828 4767
2830 3841
2831 2930
2832 3155
2832 4249
2833 4224
2833 4240
2834 3366
2834 3367
2834 4012
2834 4189
2836 2916
2836 3185
2836 3851
2836 4917
2837 2914
2837 4054
2837 4745
2838 3969
2839 3297
2840 3768
2841 2999
2841 4309
2841 4327
2841 4853
2842 4405
2843 3109
2843 4470
2844 3504
2844 3894
2845 4035
2845 4472
2845 4491
2845 4834
2846 3751
2847 3063
2847 3546
2847 4591
2848 3222
2848 3442
2848 4913
2849 3979
2849 4011
2849 4533
2850 4890
2852 2853
2852 3289
2852 4775
2853 3421
2853 3476
2854 3250
2854 3857
2854 4652
2855 3014
2855 4682
2856 3751
2856 4885
2857 2866
2857 3528
2857 4402
2858 3201
2858 4495
2858 4730
2859 3989
2859 4112
2859 4676
2860 3744
2860 4103
2860 4895
2860 4919
2860 4963
2861 2878
2861 3221
2861 3594
2861 3719
2861 3849
2861 4813
2862 3756
2862 3919
2862 4395
2862 4932
2864 4080
2865 3029
2867 4061
2867 4383
2868 3259
2868 4273
2869 3782
2869 4089
2869 4798
2870 3118
2870 3487
2870 4201
2870 4685
2871 3458
2871 4553
2873 3087
2873 4527
2873 4728
2874 3292
2874 3799
2875 4520
2876 3444
2876 4332
2877 4316
2877 4401
2877 4911
2878 3044
2879 2907
2880 3473
2880 4896
2881 3045
2881 4852
2882 3483
2882 3894
2882 4091
2882 4283
2882 4413
2883 4158
2883 4395
2883 4616
2883 4620
2885 3446
2885 3900
2886 2920
2886 3155
2886 3756
2886 4451
2886 4479
2886 4565
2886 4638
2886 4906
2889 2920
2889 3398
2889 3648
2889 4657
2890 3547
2890 4124
2890 4846
2891 4462
2892 3003
2892 3058
2892 3230
2892 4318
2892 4502
2892 4780
2893 3094
2893 3985
2893 4960
2893 4998
2894 4876
2895 3153
2895 3156
2895 3515
2896 3254
2897 3043
2898 3927
2898 4327
2898 4655
2898 4914
2899 3229
2899 3979
2900 3969
2900 4130
2900 4516
2900 4990
2901 3057
2902 3572
2902 3846
2903 3472
2903 4105
2904 3831
2904 4037
2904 4049
2904 4536
2904 4940
2906 3065
2906 3119
2906 4695
2907 3110
2907 3136
2907 3456
2908 3707
2909 2921
2909 3683
2909 3795
2909 4166
2909 4220
2910 3044
2910 4350
2912 3062
2912 4138
2912 4305
2912 4413
2913 2922
2913 4040
2913 4056
2913 4700
2914 3257
2915 3892
2915 4081
2916 3317
2916 3360
2916 3582
2916 3911
2917 3746
2917 3867
2917 3898
2917 4208
2917 4770
2918 3537
2918 3620
2918 3828
2918 4739
2919 2978
2920 3438
2921 3498
2922 3100
2923 4800
2924 3362
2924 3393
2924 4597
2925 3831
2926 3408
2927 2936
2927 3330
2927 4257
2927 4352
2928 3459
2928 4924
2929 3218
2929 3907
2930 4210
2930 4839
2931 3957
2933 3966
2934 2968
2934 3585
2934 4090
2934 4285
2935 3070
2935 3074
2935 3328
2935 3885
2935 4523
2936 4338
2937 3198
2937 4021
2938 3422
2938 3953
2938 4156
2938 4618
2938 4640
2939 3408
2939 3554
2939 4431
2939 4563
2940 3077
2940 4817
2940 4820
2940 4880
2941 3783
2941 3954
2941 4264
2942 3271
2942 3924
2942 4728
2943 3847
2945 2999
2945 3630
2946 3357
2946 4375
2946 4966
2947 3141
2947 4572
2948 3595
2948 3601
2948 3800
2948 4106
2949 3371
2950 3548
2950 4671
2951 3166
2951 4560
2952 4692
2953 3179
2954 4052
2954 4299
2954 4469
2954 4616
2955 3994
2955 4723
2956 3196
2956 3857
2956 4473
2957 3433
2957 3730
2958 4410
2958 4650
2959 2969
2959 3641
2959 4162
2961 4072
2961 4264
2961 4524
2962 3286
2962 4192
2962 4421
2962 4443
2963 3406
2963 3535
2963 3826
2963 4588
2963 4694
2963 4953
2964 3504
2965 3285
2965 3956
2965 4690
2966 3106
2966 3273
2967 4618
2968 3244
2968 4425
2968 4661
2969 3251
2969 4105
2969 4276
2969 4871
2970 3111
2970 3678
2970 4206
2974 4125
2974 4536
2974 4812
2975 3215
2976 3672
2976 3943
2977 4570
2978 4419
2979 3281
2979 3784
2980 4377
2981 3662
2981 4525
2982 3645
2982 4158
2982 4319
2982 4744
2982 4830
2982 4876
2982 4949
2983 3918
2983 4579
2985 3369
2985 4004
2985 4151
2985 4664
2986 4884
2987 3105
2987 4273
2987 4487
2987 4971
2988 3242
2988 4982
2990 3679
2991 3423
2991 4509
2992 3892
2993 3853
2993 4236
2994 4388
2994 4615
2995 3977
2995 4706
2996 3368
2996 3733
2997 3022
2997 3582
2997 3905
2998 3555
2998 3675
2998 3757
2998 4543
2999 3773
2999 4004
2999 4201
3000 3212
3000 4195
3002 3295
3002 4843
3003 3239
3003 3922
3003 4843
3004 3479
3004 4596
3005 4577
3005 4741
3006 3352
3006 3472
3007 3926
3007 4421
3008 3295
3008 3907
3008 4191
3009 3309
3009 3610
3009 4157
3009 4843
3010 3158
3010 3171
3010 3466
3010 4348
3010 4933
3011 4557
3013 4465
3014 3737
3014 4475
3014 4577
3014 4882
3015 3075
3015 3639
3015 3830
3015 4056
3015 4079
3015 4999
3016 3140
3016 3572
3016 4092
3016 4437
3016 4758
3016 4774
3016 4827
3017 4854
3017 4882
3018 3267
3018 4674
3020 4814
3020 4823
3021 3041
3021 3208
3023 4263
3024 3799
3025 3347
3025 3555
3025 3601
3027 4044
3027 4684
3027 4765
3028 3537
3030 4680
3031 3579
3031 4307
3032 3233
3032 4010
3033 3055
3033 3282
3033 3301
3033 4290
3034 3666
3034 4058
3034 4423
3034 4539
3035 3169
3035 3176
3035 3291
3036 3222
3036 3578
3037 3266
3037 3447
3037 3982
3039 3789
3039 4331
3039 4503
3040 3737
3040 3998
3040 4276
3041 3297
3042 3228
3042 4221
3042 4927
3043 3063
3043 3888
3044 4460
3044 4973
3045 4181
3045 4618
3046 3364
3046 3448
3048 4158
3049 4971
3050 3094
3050 4640
3050 4890
3051 4953
3052 3755
3052 4279
3052 4470
3055 3704
3055 3818
3055 4193
3057 3090
3058 3399
3059 3097
3059 3884
3059 4408
3059 4626
3060 4845
3061 3754
3061 4926
3062 4960
3063 3979
3064 3941
3065 3792
3065 3846
3066 4525
3066 4906
3067 3401
3067 3917
3067 4297
3067 4354
3069 3205
3070 3733
3070 4284
3071 3077
3071 3217
3072 3808
3072 4089
3073 3548
3074 3939
3074 4736
3075 3557
3076 3491
3076 3742
3076 4084
3077 3401
3077 4105
3078 3664
3079 3259
3080 3442
3080 4379
3081 3157
3081 3307
3081 3313
3081 4283
3083 3718
3083 4461
3084 3203
3084 4754
3084 4786
3085 4459
3085 4593
3085 4992
3086 4576
3086 4664
3087 3981
3087 4056
3087 4655
3089 3209
3089 3814
3089 4153
3090 3337
3091 4505
3092 3189
3092 3351
3092 3527
3092 4610
3093 3936
3093 4206
3093 4362
3094 4377
3095 4431
3095 4595
3096 3542
3097 3822
3097 4365
3098 4194
3099 3143
3099 3806
3099 3956
3099 4191
3101 4739
3102 3136
3102 4193
3103 4469
3104 3202
3104 4166
3104 4296
3104 4723
3105 4189
3105 4831
3106 3137
3106 4523
3107 3231
3108 4093
3108 4470
3109 3277
3110 3156
3110 3407
3110 4079
3110 4760
3111 4526
3112 3565
3112 4621
3113 3458
3113 4662
3114 3661
3114 4966
3115 3423
3115 3963
3115 4407
3116 3135
3116 3348
3116 4831
3116 4893
3118 3202
3118 3967
3119 3123
3120 3327
3120 4451
3120 4927
3121 4109
3121 4899
3122 4502
3123 3404
3123 4296
3123 4896
3124 4531
3124 4917
3124 4999
3125 3129
3125 3710
3125 3930
3125 4417
3126 3205
3126 3343
3126 3630
3126 4267
3126 4290
3127 3183
3127 3750
3127 4009
3128 4282
3129 3316
3129 4068
3130 3137
3130 3664
3130 4427
3130 4611
3131 3790
3131 4551
3132 3396
3132 4122
3132 4565
3132 4575
3133 4888
3135 4382
3136 3560
3136 4154
3136 4190
3136 4848
3137 3663
3137 4807
3137 4857
3138 3738
3138 4274
3139 4707
3140 3936
3140 4915
3140 4943
3142 3893
3143 3717
3143 4053
3144 3307
3144 4049
3145 3612
3145 4098
3146 4980
3148 4551
3149 3497
3149 3904
3150 4432
3152 3175
3153 4527
3154 3887
3154 4224
3156 4058
3156 4121
3156 4197
3156 4383
3156 4405
3156 4624
3157 4075
3157 4494
3157 4955
3158 3258
3160 3243
3160 3310
3160 4724
3160 4988
3163 3238
3163 3533
3164 4262
3164 4605
3165 3288
3165 3670
3165 4200
3166 3521
3166 3712
3166 4900
3167 3213
3167 4817
3167 4854
3168 3358
3168 4793
3169 3839
3169 4037
3170 4090
3170 4713
3171 4229
3172 3627
3173 3629
3173 3953
3173 4970
3174 3765
3175 3193
3176 3762
3178 3383
3179 3540
3179 4865
3180 3475
3180 4814
3181 3786
3181 3856
3182 4261
3182 4289
3183 4057
3183 4908
3184 3452
3184 4614
3185 3518
3185 3958
3189 3753
3191 3737
3191 4902
3192 4995
3193 3474
3193 3715
3193 4257
3194 3687
3194 3963
3194 4012
3194 4170
3194 4812
3195 4184
3195 4497
3196 4018
3196 4657
3196 4886
3197 3808
3197 3819
3197 4385
3198 3235
3199 3595
3200 3386
3200 4836
3200 4906
3201 4376
3202 3470
3202 4725
3203 4365
3203 4975
3204 3258
3204 3576
3204 3869
3204 4708
3205 3464
3205 3999
3205 4935
3206 3991
3206 4514
3208 3420
3208 3978
3208 4453
3209 3754
3211 4949
3212 3229
3212 3620
3212 3993
3212 4035
3213 4712
3214 3915
3214 4249
3215 3378
3215 4204
3215 4532
3216 4520
3217 3741
3217 3860
3218 3618
3219 3360
3219 3560
3219 4449
3221 3344
3221 3375
3222 3485
3222 4916
3223 4032
3223 4774
3223 4879
3224 3582
3225 4370
3227 3435
3227 4371
3227 4707
3227 4869
3229 4217
3230 3870
3230 4587
3231 3584
3231 4403
3232 3569
3233 3565
3233 4202
3233 4326
3233 4403
3234 3543
3235 3561
3235 3846
3235 4766
3236 3889
3236 4960
3237 4853
3238 3505
3238 3594
3238 4197
3238 4625
3239 4923
3240 3770
3240 4904
3241 4306
3241 4405
3241 4615
3241 4950
3242 4048
3242 4522
3242 4798
3243 3291
3243 3300
3244 4193
3245 3429
3245 3677
3246 3393
3247 3429
3247 4513
3251 4886
3252 4946
3253 3260
3253 3339
3253 4814
3254 3595
3254 4083
3254 4501
3254 4771
3254 4797
3255 4857
3255 4883
3256 3717
3256 4097
3256 4290
3256 4465
3256 4772
3256 4997
3257 3326
3257 3913
3258 3272
3258 3865
3258 4285
3259 4200
3259 4520
3259 4850
3260 3306
3261 3697
3262 3712
3262 3880
3262 4583
3263 3305
3263 4489
3263 4945
3264 4188
3264 4863
3266 3739
3266 3966
3266 4254
3267 3948
3268 4411
3269 4743
3271 3901
3272 3782
3272 3861
3272 4630
3273 4462
3273 4725
3274 4504
3275 3940
3275 4774
3275 4890
3277 3853
3277 4151
3278 3951
3278 4812
3279 4112
3280 3281
3281 4862
3282 3344
3283 3564
3284 4420
3284 4479
3285 3651
3285 4031
3285 4089
3286 3866
3286 4161
3287 4299
3287 4459
3289 3606
3289 4285
3289 4339
3289 4488
3292 3336
3293 3745
3293 4216
3294 3426
3295 3332
3295 3672
3295 4980
3297 3450
3298 4060
3299 4808
3300 3625
3301 3557
3301 3778
3301 3864
3301 4797
3301 4967
3302 3517
3302 4039
3302 4373
3302 4901
3303 4052
3305 4968
3307 4473
3307 4478
3308 3699
3310 3577
3311 3580
3311 4162
3311 4435
3311 4537
3312 4243
3312 4553
3314 4283
3314 4379
3314 4972
3315 4235
3315 4403
3315 4757
3316 4608
3317 3491
3317 3608
3317 4178
3318 3343
3318 4189
3318 4210
3319 3845
3320 3560
3320 4969
3322 4875
3324 4655
3326 4106
3326 4514
3326 4646
3327 3485
3327 4203
3327 4710
3328 4056
3329 3459
3329 4776
3330 3384
3330 3709
3330 3958
3330 4494
3331 3354
3331 4558
3332 4404
3332 4586
3332 4630
3333 3639
3333 4074
3334 3987
3334 4018
3334 4266
3334 4792
3335 3487
3335 4583
3335 4678
3335 4915
3337 3782
3337 4101
3337 4269
3339 3518
3339 3730
3339 3950
3339 4443
3340 3447
3340 3756
3340 3959
3341 4258
3342 4663
3342 4943
3343 4861
3344 4366
3344 4891
3345 3870
3346 4549
3347 4013
3348 4116
3348 4573
3349 3779
3349 4276
3349 4881
3351 3619
3351 3863
3351 4954
3352 4009
3352 4901
3353 4391
3356 3442
3356 4321
3356 4776
3356 4977
3357 4099
3360 4353
3360 4716
3361 4382
3361 4518
3362 3808
3362 4203
3362 4368
3362 4619
3364 4168
3364 4662
3365 3439
3365 3453
3365 3894
3365 4062
3367 4907
3368 3519
3368 3773
3368 3856
3369 3422
3369 4193
3369 4490
3371 3386
3373 3844
3374 3640
3374 3832
3375 4316
3375 4632
3375 4753
3376 3681
3376 3760
3376 3936
3376 4781
3377 3718
3377 4508
3378 3623
3379 4958
3380 3632
3380 3636
3380 3996
3380 4917
3381 3818
3381 4995
3382 3698
3382 4210
3383 3401
3383 3935
3383 3945
3383 4427
3383 4546
3384 3609
3384 4427
3385 4060
3385 4661
3387 4277
3387 4706
3387 4830
3388 3899
3388 3905
3389 3631
3389 3889
3390 3452
3390 4255
3390 4599
3390 4915
3391 4346
3391 4509
3391 4620
3392 3694
3393 4120
3394 4185
3394 4869
3395 4948
3395 4965
3396 4692
3397 4142
3397 4425
3398 3744
3398 3775
3398 3844
3399 3520
3399 4263
3401 4079
3401 4174
3401 4795
3402 4080
3402 4274
3403 3683
3403 4790
3405 4341
3405 4776
3405 4865
3406 3852
3406 4068
3406 4329
3406 4443
3406 4606
3407 3770
3407 4515
3408 3498
3408 4525
3409 3967
3410 3483
3410 4248
3413 3523
3413 3555
3413 4380
3414 4119
3416 3559
3416 4606
3418 4223
3418 4298
3419 3643
3419 3726
3420 3744
3422 3542
3422 4355
3422 4930
3422 4973
3424 3755
3425 4365
3425 4480
3427 3748
3428 4173
3429 4266
3429 4565
3431 3905
3431 4434
3432 4546
3433 3600
3433 3961
3434 4063
3435 3490
3435 3505
3435 3648
3435 3768
3435 3975
3435 4305
3436 4980
3437 4681
3437 4929
3438 3547
3438 4375
3439 3529
3439 4371
3439 4880
3439 4956
3440 3895
3440 4332
3440 4893
3441 3750
3441 4901
3442 4598
3444 4022
3444 4141
3445 3811
3446 3586
3446 4788
3447 4019
3448 4111
3449 4030
3449 4298
3449 4326
3449 4430
3449 4442
3449 4847
3449 4879
3450 4700
3451 3781
3451 4763
3452 4510
3453 4378
3454 3927
3455 3471
3455 4123
3455 4402
3455 4987
3456 3592
3456 3883
3457 3979
3457 4657
3458 3933
3458 4591
3458 4946
3459 4293
3459 4853
3460 4476
3462 3892
3462 3963
3463 3650
3463 3890
3464 3900
3464 3989
3464 4731
3465 3840
3466 3865
3466 4557
3466 4735
3467 3488
3467 4262
3468 4554
3469 3703
3469 3905
3469 4164
3469 4536
3469 4639
3470 3967
3470 4350
3470 4446
3471 3546
3472 4245
3472 4861
3473 4505
3474 3666
3474 4239
3474 4568
3474 4842
3475 4294
3475 4713
3476 3898
3476 3949
3477 3699
3478 3688
3478 3693
3478 4050
3478 4877
3479 4838
3480 3848
3480 4895
3481 3707
3481 3744
3483 3814
3483 4907
3484 4572
3488 4599
3489 3839
3489 4075
3489 4689
3490 3799
3491 3883
3491 4033
3492 3595
3492 3747
3492 3915
3493 3732
3493 4287
3493 4749
3495 3547
3495 3934
3497 4823
3497 4870
3499 4354
3499 4547
3500 3651
3500 3768
3500 4652
3501 3733
3501 4875
3501 4928
3502 4223
3502 4657
3502 4786
3502 4928
3503 4746
3504 3509
3505 3901
3505 3922
3505 4562
3506 3943
3506 3989
3507 3617
3507 4295
3507 4732
3508 4507
3509 4194
3511 4282
3512 3642
3514 4228
3514 4300
3514 4419
3516 3681
3516 4485
3518 3619
3518 4720
3519 4307
3519 4329
3520 3685
3520 4767
3522 4431
3523 3653
3523 4538
3523 4818
3524 3590
3524 3621
3525 4879
3526 4427
3527 4736
3528 3764
3529 3538
3529 4707
3530 3876
3530 4168
3530 4363
3530 4446
3530 4512
3530 4525
3530 4665
3532 4312
3532 4702
3533 3671
3533 3734
3533 4404
3534 4093
3535 3620
3535 3635
3536 3900
3536 4510
3536 4906
3538 4545
3540 4970
3541 4365
3541 4387
3542 3742
3542 3777
3543 4829
3544 3971
3544 4038
3544 4766
3545 3580
3545 4820
3546 3770
3546 4094
3546 4283
3546 4296
3546 4301
3546 4516
3547 3975
3547 4631
3548 4611
3549 3714
3550 4983
3552 4339
3553 4340
3554 4822
3555 3857
3555 4427
3556 3948
3557 4357
3557 4669
3558 3717
3558 4189
3562 3741
3563 4240
3564 3795
3565 4507
3566 4869
3567 4892
3568 4483
3568 4834
3570 4865
3571 4947
3572 3882
3572 4085
3573 3658
3574 4678
3575 3962
3575 4734
3576 4055
3577 3800
3577 4174
3577 4745
3578 4135
3578 4499
3578 4768
3580 3929
3580 3994
3580 4554
3581 4603
3582 4959
3583 4965
3584 4768
3585 3751
3585 4321
3586 3839
3586 4004
3586 4450
3587 4599
3589 4235
3590 4630
3592 3715
3592 4967
3593 4217
3596 3826
3596 4783
3597 3612
3597 4819
3599 4770
3601 3941
3601 4032
3601 4278
3601 4624
3601 4886
3602 4736
3603 3675
3604 3740
3605 3776
3606 3979
3606 4296
3606 4346
3606 4578
3607 4596
3608 3951
3608 4642
3609 3926
3609 4185
3609 4339
3611 4597
3611 4847
3613 4991
3614 4238
3614 4583
3616 4225
3617 3709
3619 4928
3620 4288
3621 3837
3621 4748
3621 4869
3621 4991
3622 4052
3623 4638
3623 4686
3624 4190
3624 4616
3624 4748
3626 3772
3626 4635
3629 4251
3631 3727
3632 3654
3632 3953
3632 4260
3632 4507
3634 4014
3635 4954
3637 3684
3638 3757
3638 3780
3638 4947
3639 3752
3640 4340
3641 4591
3641 4992
3642 3800
3642 4033
3642 4488
3642 4908
3643 4858
3644 3795
3644 5000
3646 4228
3646 4599
3646 4952
3647 4788
3648 3823
3649 4185
3650 4326
3652 4789
3653 3723
3653 3782
3654 3977
3655 4420
3657 3900
3658 3919
3658 3944
3658 4840
3660 4157
3660 4975
3661 4847
3662 4174
3663 3680
3664 3672
3664 3935
3664 4362
3666 4257
3667 3817
3668 4185
3671 3840
3671 4158
3672 3843
3672 4532
3672 4768
3673 4168
3674 3891
3675 4160
3675 4185
3676 4018
3677 4434
3677 4484
3678 3736
3679 4228
3680 4073
3680 4194
3680 4806
3682 3692
3682 4070
3682 4785
3683 4519
3683 4755
3684 4686
3684 4916
3684 4951
3685 4461
3685 4940
3686 4377
3688 3934
3688 4190
3688 4705
3690 4217
3691 3822
3692 4692
3694 4014
3694 4586
3694 4691
3695 4968
3697 3705
3697 4014
3700 4318
3700 4742
3701 4686
3702 4308
3703 4131
3706 4191
3706 4906
3708 4725
3711 4612
3711 4786
3712 4517
3713 4237
3719 4147
3719 4649
3719 4913
3720 3864
3720 3993
3723 4029
3723 4109
3723 4309
3724 4618
3725 4097
3726 4022
3726 4318
3726 4655
3727 4890
3728 3889
3728 3921
3728 3968
3728 4066
3729 3843
3729 4307
3729 4962
3730 4548
3731 4998
3733 3736
3733 4034
3733 4092
3733 4244
3735 3777
3737 3747
3737 4533
3738 4307
3738 4395
3739 4776
3739 4847
3740 3785
3740 3814
3740 3901
3740 4313
3740 4814
3741 4078
3742 4094
3742 4913
3743 4121
3744 4374
3744 4960
3747 3971
3749 4512
3750 3799
3750 3910
3752 4547
3752 4584
3753 4271
3753 4637
3754 4960
3755 4224
3757 4812
3758 4757
3762 4549
3763 4328
3765 3813
3765 4846
3766 3790
3766 4502
3767 4018
3767 4706
3767 4948
3768 4569
3768 4715
3769 4606
3769 4704
3770 4244
3771 3961
3771 4543
3771 4980
3772 4047
3772 4107
3773 3916
3777 4549
3777 4783
3778 3929
3779 3940
3779 4769
3780 3872
3780 4406
3781 4901
3782 4175
3782 4202
3782 4248
3783 4807
3784 3833
3784 4859
3785 4108
3785 4352
3787 4712
3790 4317
3791 4110
3791 4129
3791 4771
3792 4044
3793 4295
3794 3921
3794 4108
3794 4738
3795 4709
3796 4328
3796 4585
3798 4223
3798 4511
3798 4688
3799 4654
3801 3894
3803 4115
3803 4767
3804 3855
3804 4398
3805 3854
3805 4200
3805 4257
3806 4460
3806 4638
3807 4037
3807 4495
3808 4660
3808 4955
3809 3867
3810 3951
3812 3835
3812 3933
3812 4365
3812 4738
3814 4174
3815 4039
3815 4120
3815 4141
3815 4423
3816 4095
3816 4986
3817 3829
3817 4470
3819 4678
3820 4630
3820 4642
3822 4322
3822 4912
3823 3860
3823 4042
3823 4782
3824 4591
3826 3915
3830 4726
3832 4095
3832 4341
3833 3862
3833 4120
3833 4317
3833 4359
3834 4501
3835 4667
3836 4154
3836 4389
3836 4550
3836 4831
3837 4154
3838 4258
3839 4381
3840 4321
3841 4992
3842 4223
3842 4858
3843 4119
3845 4486
3845 4563
3846 4157
3847 4854
3848 4789
3848 4951
3849 4379
3849 4612
3849 4631
3850 4466
3850 4894
3851 4998
3852 4061
3856 4136
3857 3875
3857 4084
3857 4468
3859 4818
3862 4188
3863 4115
3863 4600
3864 4691
3865 4835
3866 4046
3866 4146
3866 4360
3866 4944
3867 3929
3867 4798
3868 4179
3868 4875
3871 4270
3872 4307
3872 4761
3876 4236
3876 4711
3877 4128
3878 4675
3878 4820
3879 4316
3881 4625
3883 4249
3883 4362
3883 4898
3884 4177
3884 4276
3884 4420
3885 3975
3885 4488
3888 4281
3888 4525
3889 4956
3890 4697
3892 4354
3893 4149
3893 4331
3893 4490
3894 4126
3894 4501
3895 3899
3895 4292
3895 4374
3895 4739
3896 3989
3896 4872
3897 4984
3899 4384
3900 4752
3900 4923
3903 3936
3903 4109
3904 4503
3905 4678
3905 4960
3909 4597
3910 4960
3911 4138
3911 4433
3912 4017
3912 4198
3912 4371
3914 4442
3916 4566
3918 4364
3918 4649
3920 4970
3923 4695
3923 4741
3924 4218
3924 4479
3925 4097
3927 4825
3928 4005
3930 4382
3931 4029
3931 4421
3931 4579
3934 4007
3934 4629
3936 4153
3936 4758
3939 4901
3940 4136
3940 4453
3941 4212
3941 4392
3941 4736
3943 3954
3943 4451
3945 4293
3946 4286
3946 4355
3946 4435
3947 4513
3948 4104
3953 3974
3953 4337
3953 4672
3954 3959
3959 3980
3959 4707
3960 4138
3960 4364
3960 4383
3960 4439
3960 4624
3960 4950
3961 4373
3961 4991
3962 4696
3962 4816
3963 4680
3964 3985
3964 4297
3964 4694
3964 4776
3964 4857
3965 4444
3965 4867
3966 4179
3966 4787
3967 4029
3969 4053
3970 4179
3970 4494
3970 4738
3972 4446
3972 4741
3972 4952
3973 4539
3975 4110
3975 4933
3976 4112
3976 4530
3977 4538
3980 4896
3981 4654
3982 4476
3984 4280
3984 4741
3985 4993
3986 4540
3987 4014
3987 4936
3988 4468
3990 4116
3991 4358
3992 4207
3993 4668
3994 4262
3995 4068
3995 4930
3996 4193
3996 4872
3999 4509
3999 4648
4000 4499
4000 4864
4001 4442
4001 4787
4003 4234
4006 4061
4007 4206
4008 4297
4009 4143
4010 4258
4010 4358
4013 4667
4014 4576
4015 4237
4015 4509
4016 4112
4016 4957
4017 4053
4017 4205
4017 4394
4017 4797
4020 4319
4020 4958
4021 4759
4022 4666
4022 4970
4023 4247
4023 4588
4026 4047
4026 4301
4026 4839
4026 4897
4026 4924
4028 4736
4029 4323
4031 4086
4032 4781
4032 4901
4033 4394
4033 4893
4034 4515
4035 4587
4036 4349
4037 4272
4037 4612
4038 4560
4042 4517
4042 4999
4043 4909
4045 4475
4045 4625
4045 4917
4048 4532
4051 4759
4053 4390
4057 4118
4058 4495
4058 4974
4059 4319
4060 4743
4062 4168
4067 4700
4068 4093
4071 4245
4071 4547
4072 4208
4072 4716
4073 4524
4073 4813
4075 4831
4076 4107
4077 4503
4078 4563
4079 4404
4079 4527
4080 4208
4080 4280
4080 4792
4081 4490
4081 4897
4082 4803
4083 4413
4083 4595
4083 4673
4089 4297
4090 4481
4092 4104
4093 4814
4094 4791
4095 4598
4097 4712
4098 4274
4098 4703
4099 4929
4101 4258
4105 4531
4105 4623
4106 4373
4111 4583
4111 4698
4112 4350
4112 4921
4114 4245
4116 4722
4116 4915
4118 4894
4119 4438
4119 4560
4122 4748
4122 4808
4122 4909
4123 4272
4126 4390
4127 4809
4129 4492
4131 4656
4132 4729
4137 4643
4138 4685
4138 4716
4138 4918
4138 4979
4139 4893
4140 4384
4141 4764
4143 4317
4143 4955
4147 4670
4151 4631
4151 4681
4154 4522
4156 4629
4157 4929
4158 4551
4161 4228
4164 4985
4165 4218
4165 4334
4168 4780
4168 4902
4170 4786
4171 4234
4171 4895
4173 4614
4173 4919
4175 4212
4175 4414
4175 4673
4175 4696
4176 4264
4177 4245
4177 4788
4177 4880
4178 4319
4180 4336
4180 4535
4180 4892
4182 4267
4182 4920
4183 4676
4185 4229
4185 4295
4185 4471
4186 4318
4186 4323
4186 4356
4186 4929
4190 4491
4190 4757
4191 4614
4193 4913
4196 4392
4197 4329
4198 4950
4201 4620
4204 4989
4205 4387
4207 4367
4211 4255
4214 4326
4214 4333
4214 4720
4219 4555
4219 4955
4220 4376
4220 4407
4220 4721
4222 4311
4222 4422
4222 4492
4223 4625
4225 4629
4227 4500
4229 4416
4230 4234
4231 4372
4232 4388
4232 4429
4234 4618
4234 4941
4235 4520
4238 4247
4238 4628
4240 4965
4241 4638
4241 4753
4244 4336
4246 4336
4246 4657
4246 4821
4247 4299
4247 4362
4247 4969
4248 4797
4249 4563
4254 4503
4256 4454
4256 4855
4257 4778
4258 4976
4259 4394
4259 4659
4260 4754
4265 4479
4265 4680
4265 4822
4267 4529
4269 4280
4271 4986
4273 4452
4274 4392
4274 4781
4275 4749
4276 4338
4277 4727
4281 4514
4281 4753
4282 4921
4283 4524
4284 4408
4285 4646
4288 4411
4289 4379
4290 4304
4293 4400
4293 4503
4293 4912
4297 4581
4298 4545
4299 4332
4299 4460
4299 4737
4301 4349
4304 4366
4304 4381
4304 4558
4304 4637
4307 4702
4308 4342
4312 4377
4316 4656
4319 4592
4319 4779
4319 4907
4321 4496
4322 4582
4322 4959
4324 4426
4324 4526
4325 4877
4326 4500
4327 4385
4327 4614
4329 4633
4329 4920
4330 4529
4330 4562
4331 4913
4332 4984
4336 4446
4339 4945
4341 4910
4343 4759
4348 4352
4348 4874
4349 4595
4352 4383
4353 4674
4353 4821
4354 4680
4355 4932
4356 4369
4357 4711
4357 4835
4361 4915
4364 4682
4365 4463
4366 4600
4367 4500
4368 4739
4370 4745
4373 4767
4375 4385
4375 4980
4376 4957
4379 4478
4379 4988
4381 4590
4382 4938
4383 4448
4383 4750
4389 4766
4396 4960
4397 4884
4398 4643
4399 4757
4402 4485
4403 4626
4403 4684
4404 4441
4404 4923
4408 4756
4411 4481
4411 4575
4413 4446
4413 4516
4418 4817
4420 4545
4420 4979
4421 4534
4422 4954
4422 4986
4424 4517
4424 4993
4427 4608
4427 4773
4429 4642
4429 4922
4430 4617
4432 4642
4436 4904
4438 5000
4439 4783
4442 4581
4443 4840
4445 4641
4445 4929
4454 4723
4455 4760
4456 4765
4459 4486
4459 4928
4460 4648
4461 4808
4463 4465
4463 4949
4464 4517
4465 4499
4469 4679
4473 4561
4473 4839
4476 4618
4477 4538
4481 4844
4482 4608
4483 4821
4483 4836
4484 4557
4488 4749
4488 4888
4489 4632
4489 4760
4491 4573
4492 4800
4494 4951
4497 4804
4502 4918
4505 4577
4508 4825
4513 4561
4515 4971
4517 4648
4519 4750
4520 4712
4523 4623
4524 4879
4530 4818
4531 4749
4535 4651
4538 4995
4540 4609
4540 4674
4544 4586
4545 4886
4548 4864
4550 4641
4551 4990
4553 4648
4554 4782
4559 4808
4559 4986
4560 4724
4562 4704
4570 4930
4576 4912
4580 4780
4581 4680
4582 4788
4585 4644
4585 4719
4589 4691
4593 4805
4597 4666
4598 4877
4599 4946
4602 4782
4605 4870
4614 4974
4616 4751
4619 4872
4620 4899
4623 4930
4629 4689
4629 4882
4630 4849
4630 4997
4633 4980
4635 4863
4636 4821
4636 4947
4640 4721
4641 4766
4646 4669
4649 4799
4649 4966
4650 4935
4656 4984
4657 4671
4657 4779
4663 4679
4681 4749
4683 4728
4690 4843
4691 4865
4694 4881
4695 4829
4698 4877
4704 4826
4707 4798
4710 4757
4716 4722
4716 4868
4717 4894
4726 4849
4727 4844
4734 4905
4738 4814
4739 4887
4739 4942
4743 4963
4745 4954
4753 4822
4758 4925
4764 4795
4767 4974
4767 4989
4772 4972
4775 4859
4780 4947
4784 4796
4789 4802
4792 4830
4797 4977
4798 4962
4807 4989
4810 4812
4814 4831
4815 4870
4826 4908
4828 4896
4834 4855
4839 4846
4843 4884
4850 4973
4853 4869
4855 4979
4856 4923
4871 4921
4879 4916
4883 4999
4888 4915
4894 4956
4904 4930
4904 4999
4905 4975
4939 4988
4971 4980
