5000 37087
1 229
1 381
1 854
1 868
1 1012
1 1164
1 1196
1 1199
1 1736
1 1789
1 1979
1 2912
1 3055
1 3222
1 3500
1 4176
2 744
2 1093
2 1199
2 1370
2 2688
2 3389
2 3825
2 4039
2 4212
2 4820
2 4916
2 4998
3 1289
3 1711
3 2041
3 2588
3 2604
3 2918
3 3059
3 3099
3 3342
3 3396
3 3788
3 3921
3 3953
3 4352
4 275
4 291
4 293
4 693
4 1117
4 1584
4 1610
4 2314
4 2409
4 2682
4 2915
4 3057
4 3422
4 3541
4 3739
4 3772
4 3926
4 4149
4 4749
4 4857
5 394
5 1481
5 1492
5 1577
5 1857
5 1975
5 2004
5 2201
5 2225
5 3317
5 3579
5 3840
5 3959
5 4027
5 4526
5 4684
5 4786
5 4937
6 65
6 455
6 548
6 751
6 2303
6 2308
6 3644
6 3961
6 3972
6 4043
6 4321
6 4525
6 4574
6 4586
6 4904
7 681
7 879
7 1162
7 1380
7 1638
7 1781
7 1785
7 2006
7 2244
7 2418
7 2557
7 2704
7 2788
7 3311
7 4249
7 4254
7 4744
7 4772
8 725
8 1370
8 1502
8 1891
8 2259
8 2498
8 2645
8 4317
8 4812
8 4840
9 121
9 320
9 519
9 530
9 598
9 763
9 1007
9 1198
9 1205
9 1322
9 1383
9 1470
9 2269
9 3229
9 3474
9 3771
9 3786
9 4130
9 4390
9 4935
10 272
10 312
10 580
10 738
10 935
10 950
10 960
10 974
10 1122
10 1194
10 1274
10 1720
10 1731
10 2237
10 2260
10 2285
10 3472
10 3522
10 3699
10 3963
10 4071
10 4243
10 4247
10 4382
11 94
11 203
11 459
11 1012
11 1355
11 1375
11 1426
11 1677
11 1725
11 1783
11 1924
11 2301
11 2939
11 3344
11 3491
11 3573
11 3804
11 4031
11 4058
11 4773
12 301
12 745
12 772
12 1075
12 1628
12 1652
12 1848
12 2099
12 2510
12 3506
12 3590
12 3848
12 3891
12 4314
12 4332
12 4478
12 4601
12 4602
12 4826
13 78
13 377
13 1195
13 2443
13 2448
13 3484
13 3683
13 4236
13 4259
13 4401
13 4496
13 4723
13 4767
14 79
14 244
14 647
14 856
14 1136
14 1426
14 1461
14 1527
14 1834
14 1868
14 2159
14 2599
14 4052
14 4489
15 462
15 534
15 1837
15 2778
15 3037
15 3046
15 3211
15 3239
15 3594
15 3720
15 3755
15 3777
15 4301
15 4831
16 264
16 311
16 433
16 440
16 703
16 1170
16 1256
16 1373
16 1602
16 1656
16 1892
16 2366
16 2717
16 3007
16 3758
16 3850
16 4213
16 4285
16 4579
16 4999
17 161
17 217
17 339
17 837
17 923
17 1321
17 2940
17 3307
17 3888
17 4056
18 95
18 144
18 458
18 722
18 836
18 854
18 1737
18 1830
18 2146
18 2396
18 2541
18 2998
18 3466
18 3855
18 4309
18 4376
18 4707
19 65
19 749
19 1318
19 1561
19 1805
19 1869
19 2114
19 2817
19 3384
19 4613
19 4710
20 134
20 406
20 553
20 955
20 985
20 1187
20 2139
20 2461
20 2586
20 2728
20 2780
20 3250
20 3833
20 4309
20 4472
20 4494
20 4671
20 4756
20 4811
20 4836
20 4879
20 4981
21 405
21 525
21 548
21 795
21 1188
21 2602
21 3172
21 3448
21 3914
21 4032
21 4401
21 4769
21 4930
22 230
22 977
22 1029
22 1334
22 2160
22 2218
22 2221
22 3697
22 3846
22 4133
22 4334
22 4381
22 4653
23 38
23 151
23 550
23 630
23 1278
23 2205
23 2234
23 2889
23 3234
23 3422
23 3435
23 3671
23 3761
23 3957
23 4103
23 4583
24 83
24 293
24 297
24 699
24 874
24 1392
24 2139
24 2340
24 2376
24 3055
24 3162
24 3576
24 4500
24 4750
25 1113
25 1123
25 1181
25 1364
25 1866
25 2080
25 2119
25 2216
25 2282
25 3355
25 3390
25 3610
25 3719
25 3782
25 4052
25 4607
26 532
26 1021
26 1129
26 1322
26 1350
26 1614
26 2863
26 2880
26 2918
26 2942
26 3933
26 4080
26 4532
27 113
27 498
27 768
27 806
27 1048
27 1175
27 1575
27 2378
27 2427
27 2636
27 2653
27 3263
27 4350
27 4477
27 4626
27 4836
28 113
28 485
28 897
28 1421
28 1714
28 1763
28 1779
28 1826
28 2127
28 2549
28 2759
28 4268
29 504
29 1271
29 1379
29 1723
29 1937
29 2434
29 2436
29 3290
29 4073
29 4103
29 4292
29 4623
29 4745
29 4989
30 113
30 1038
30 1659
30 2046
30 3087
30 3914
30 4091
30 4377
30 4542
30 4560
31 652
31 805
31 2295
31 2897
31 3411
31 3846
31 4856
32 42
32 339
32 502
32 937
32 1141
32 2860
32 2898
32 3166
32 3751
32 3776
32 4102
32 4727
32 4743
32 4942
33 153
33 582
33 670
33 881
33 1145
33 1248
33 1533
33 1552
33 1619
33 1894
33 2008
33 2060
33 2172
33 2189
33 2430
33 2475
33 2678
33 2791
33 2991
33 3558
33 3596
33 3604
33 4137
33 4406
34 58
34 136
34 207
34 806
34 829
34 2855
34 3115
34 3734
34 4223
35 259
35 465
35 660
35 1073
35 1206
35 1324
35 1431
35 1791
35 1896
35 2447
35 2572
35 2846
35 3352
35 3553
35 3938
35 4266
35 4329
35 4424
35 4599
36 465
36 775
36 1226
36 1246
36 1467
36 1845
36 2557
36 2722
36 2898
36 3098
36 3101
36 3444
36 3732
36 3948
36 4143
36 4585
36 4597
36 4623
36 4828
37 123
37 265
37 344
37 813
37 1751
37 1778
37 1905
37 1950
37 2763
37 3531
37 3681
37 4371
38 462
38 687
38 749
38 861
38 1350
38 1395
38 1398
38 1689
38 1729
38 1836
38 2591
38 3103
38 3764
38 4975
39 242
39 401
39 440
39 519
39 973
39 1149
39 1262
39 1274
39 1940
39 3987
39 4485
39 4540
39 4845
39 4970
40 500
40 723
40 1653
40 1673
40 1861
40 2260
40 2364
40 3294
40 3342
40 3435
40 3529
40 3669
40 3756
40 3834
40 4000
40 4272
40 4296
40 4315
40 4805
41 185
41 222
41 250
41 310
41 922
41 1239
41 2295
41 2865
41 3060
41 3074
41 3112
41 3434
41 4115
41 4222
41 4387
41 4554
41 4638
41 4657
41 4773
41 4864
41 4940
42 731
42 1114
42 1474
42 1508
42 2654
42 3373
42 3909
42 4212
42 4213
42 4231
42 4702
42 4924
43 486
43 752
43 1062
43 1107
43 1544
43 1564
43 1804
43 2023
43 2969
43 3388
43 3749
43 4204
43 4518
43 4609
43 4628
43 4913
44 320
44 387
44 732
44 937
44 1132
44 1155
44 1258
44 1915
44 2046
44 2134
44 2283
44 3627
44 3891
44 4707
44 4730
45 308
45 741
45 836
45 891
45 978
45 1133
45 1539
45 1701
45 1967
45 2774
45 2995
45 4234
45 4567
45 4848
46 426
46 826
46 960
46 1027
46 1173
46 1437
46 1962
46 2409
46 2768
46 2982
46 3375
46 3630
46 3868
46 4373
46 4477
46 4490
47 1087
47 1150
47 1221
47 1292
47 1426
47 1885
47 4137
47 4712
47 4935
48 334
48 446
48 612
48 1092
48 1174
48 1316
48 2371
48 2824
48 3064
48 3223
48 3314
48 3707
48 4690
48 4802
48 4896
49 157
49 589
49 593
49 783
49 963
49 1080
49 1253
49 1296
49 1330
49 1449
49 1641
49 1696
49 2130
49 2207
49 2256
49 2429
49 2478
49 3188
49 3295
49 3783
49 4117
49 4326
49 4402
49 4434
49 4572
49 4684
50 453
50 494
50 553
50 878
50 1372
50 1790
50 1863
50 2783
50 4300
50 4943
51 199
51 991
51 1019
51 1239
51 1494
51 2286
51 2290
51 2480
51 2906
51 3166
51 3554
51 3770
51 4348
51 4651
52 185
52 578
52 659
52 1405
52 1483
52 1520
52 2466
52 2478
52 2915
52 3192
52 3388
52 3659
52 4041
52 4683
53 752
53 794
53 1026
53 1298
53 1878
53 2035
53 2879
53 3025
53 3244
53 3379
53 3718
53 4228
53 4706
54 101
54 364
54 499
54 778
54 897
54 1776
54 1875
54 2572
54 2702
54 2788
54 3260
54 3456
54 3901
54 4111
54 4570
54 4946
55 72
55 507
55 656
55 710
55 1111
55 1677
55 1678
55 1694
55 1907
55 2493
55 2712
55 2739
55 3295
55 3705
55 4741
55 4921
56 163
56 354
56 676
56 809
56 840
56 1029
56 1065
56 1660
56 1676
56 1739
56 1758
56 1884
56 2127
56 2648
56 3455
56 3735
56 3869
56 4175
56 4519
57 570
57 970
57 1137
57 1323
57 1419
57 1694
57 2635
57 3535
57 3589
57 3656
57 3814
57 3939
57 3973
57 4143
57 4438
57 4827
57 4829
57 4977
58 82
58 557
58 852
58 963
58 1236
58 1499
58 2223
58 2350
58 3283
58 3456
58 3596
58 3598
58 4120
58 4962
59 436
59 858
59 946
59 1291
59 1320
59 1773
59 1832
59 2135
59 2378
59 2407
59 2974
59 3166
59 3396
59 3647
59 4102
59 4367
59 4371
59 4396
60 485
60 787
60 1718
60 1783
60 1786
60 2464
60 2504
60 2618
60 3194
60 3581
60 3625
60 4704
60 4725
61 185
61 489
61 741
61 1218
61 1724
61 1759
61 2159
61 2397
61 2439
61 3073
61 3085
61 3371
61 3569
61 3832
61 3999
61 4184
62 476
62 756
62 1615
62 1747
62 2937
62 3638
62 3918
62 4761
63 137
63 510
63 637
63 1540
63 1843
63 1880
63 2291
63 2562
63 2902
63 3916
63 4190
63 4964
64 233
64 511
64 578
64 631
64 753
64 1056
64 1730
64 1764
64 2116
64 2273
64 3024
64 3167
64 3423
64 3612
64 3754
64 4453
64 4781
65 312
65 965
65 1212
65 2383
65 2558
65 3059
65 3307
65 3984
65 4044
65 4171
65 4243
65 4298
65 4957
66 169
66 252
66 520
66 901
66 944
66 1209
66 1339
66 1814
66 3163
66 3228
66 3651
66 3956
66 4849
67 587
67 898
67 1443
67 1476
67 2222
67 2703
67 2715
67 3984
67 4049
68 822
68 1267
68 1595
68 1608
68 1752
68 2204
68 2608
68 2889
68 3443
68 3775
68 3797
68 3961
68 4317
69 177
69 190
69 2103
69 2181
69 2278
69 2310
69 3588
69 3654
69 3681
69 3699
69 4327
69 4389
69 4559
70 284
70 473
70 677
70 946
70 997
70 1039
70 1648
70 2050
70 2140
70 3569
70 4141
70 4450
70 4592
70 4786
71 247
71 305
71 328
71 879
71 901
71 1064
71 1207
71 1693
71 2004
71 2499
71 3017
71 3201
71 3368
71 3969
71 4260
71 4600
72 614
72 953
72 972
72 1196
72 1624
72 2178
72 2359
72 2403
72 2904
72 2952
72 3489
72 3682
72 4064
72 4286
72 4290
72 4853
73 107
73 118
73 313
73 478
73 521
73 669
73 728
73 1143
73 1984
73 2482
73 2782
73 2998
73 3252
73 3344
73 3505
73 3724
73 3797
73 3939
73 4705
73 4758
74 298
74 1109
74 1564
74 1876
74 2129
74 2373
74 2405
74 2632
74 2763
74 3255
74 3742
75 162
75 191
75 231
75 429
75 1800
75 2064
75 2731
75 3615
75 3864
75 4017
75 4115
75 4135
75 4182
75 4219
75 4246
75 4510
75 4826
76 186
76 550
76 830
76 1170
76 1449
76 2015
76 2130
76 2821
76 3422
76 3927
76 4607
77 247
77 298
77 808
77 1355
77 1501
77 1984
77 2649
77 3417
77 3420
77 3585
77 3698
77 3880
77 4654
77 4805
77 4927
78 176
78 968
78 1097
78 1746
78 2118
78 2209
78 2582
78 2882
78 3637
78 3925
78 4826
78 4885
78 4973
78 4997
79 83
79 495
79 626
79 1425
79 1863
79 2511
79 2774
79 2806
79 3148
79 3240
79 3273
79 3308
79 4004
79 4398
79 4824
80 151
80 507
80 664
80 821
80 1194
80 1370
80 1432
80 1680
80 2076
80 3988
80 4018
80 4118
80 4202
81 145
81 348
81 376
81 512
81 766
81 1032
81 1622
81 1628
81 1728
81 2036
81 2162
81 2378
81 2691
81 3003
81 3127
81 3293
81 3380
81 4377
81 4431
81 4590
81 4890
81 4949
82 219
82 892
82 1198
82 1469
82 1717
82 1745
82 1869
82 2571
82 2645
82 2701
82 3041
82 3132
82 3282
82 3706
82 4079
82 4179
82 4189
82 4326
82 4555
83 251
83 1671
83 2710
83 3208
83 4062
84 107
84 1106
84 1503
84 2308
84 2951
84 3000
84 3063
84 3068
84 3496
84 3746
84 3815
84 3828
85 499
85 792
85 1081
85 1324
85 1995
85 2095
85 2262
85 3566
85 4086
85 4808
85 4830
85 4907
86 683
86 727
86 790
86 1073
86 1209
86 1500
86 2189
86 2636
86 3033
86 3708
86 4210
86 4472
86 4950
87 364
87 767
87 789
87 966
87 1731
87 2983
87 3327
87 3380
87 3471
87 3652
87 3660
87 3854
87 3917
87 4013
87 4544
87 4892
88 269
88 548
88 585
88 629
88 714
88 1038
88 1044
88 1159
88 1204
88 1250
88 1310
88 1334
88 2700
88 3298
88 3905
88 4117
88 4635
89 769
89 990
89 1473
89 1484
89 1982
89 2529
89 2670
89 2915
89 3219
89 3280
89 3543
89 3690
89 3727
89 3981
89 4109
89 4249
89 4689
89 4759
89 4880
90 765
90 1364
90 1468
90 1599
90 1621
90 1647
90 2035
90 2455
90 2523
90 2655
90 2958
90 4079
90 4218
91 611
91 1474
91 1510
91 2052
91 2396
91 2840
91 2945
91 3019
91 3395
91 3592
91 4047
91 4180
91 4349
91 4351
91 4458
91 4992
92 1527
92 1612
92 1791
92 1857
92 1892
92 2182
92 2309
92 2637
92 3071
92 3202
92 3388
92 3479
92 3544
92 3892
92 4523
92 4631
93 507
93 1363
93 1696
93 1843
93 1920
93 2029
93 2201
93 3869
93 4221
93 4264
93 4272
93 4488
93 4515
93 4764
94 559
94 1436
94 1621
94 1842
94 1864
94 2202
94 2641
94 2852
94 2906
94 3720
94 4759
95 388
95 603
95 1307
95 1606
95 2852
95 2905
95 3037
95 3651
95 4606
95 4926
96 335
96 698
96 1217
96 2093
96 2900
96 2991
96 3968
96 4046
96 4191
96 4777
97 214
97 262
97 279
97 285
97 744
97 1635
97 1656
97 2040
97 2772
97 3002
97 4731
97 4812
98 100
98 395
98 902
98 1823
98 2447
98 2661
98 2724
98 2926
98 3007
98 3365
98 3467
98 3662
98 4462
99 341
99 777
99 904
99 931
99 1582
99 1662
99 1790
99 2403
99 2640
99 2716
99 2802
99 3021
99 3246
99 3694
99 4005
99 4036
99 4171
99 4281
99 4423
99 4706
100 800
100 872
100 1099
100 1170
100 1303
100 1335
100 1556
100 2746
100 2758
100 2915
100 2990
100 3046
100 3377
100 4966
101 469
101 1327
101 2689
101 3346
101 3429
101 4220
101 4496
101 4764
101 4789
101 4862
102 607
102 904
102 1470
102 2008
102 2090
102 2436
102 3343
102 3785
102 3979
102 4021
102 4055
102 4431
102 4782
102 4791
103 465
103 711
103 809
103 1172
103 1561
103 1571
103 1779
103 2165
103 3204
103 3786
103 4121
103 4183
103 4306
103 4404
103 4792
104 231
104 658
104 821
104 1039
104 1639
104 1724
104 2131
104 2170
104 2407
104 2787
104 3233
104 4560
105 385
105 408
105 1102
105 1550
105 1602
105 1922
105 2573
105 3015
105 3227
105 3436
105 3492
105 4159
105 4305
105 4441
105 4675
106 548
106 1315
106 1535
106 1877
106 2336
106 2509
106 2795
106 3345
106 3452
106 3914
106 4018
106 4109
107 816
107 884
107 1125
107 1156
107 1782
107 1994
107 2223
107 3117
107 3850
107 4208
107 4425
107 4646
107 4811
107 4922
107 4927
107 4943
108 118
108 179
108 658
108 718
108 805
108 1318
108 1666
108 1939
108 1966
108 2939
108 3676
108 3821
108 4121
108 4286
108 4306
109 324
109 1179
109 1797
109 2233
109 2987
109 3694
109 4171
109 4173
109 4971
110 337
110 992
110 1558
110 1609
110 3528
110 3584
110 3729
110 3995
110 4296
110 4390
110 4521
110 4524
110 4611
110 4903
111 129
111 549
111 662
111 929
111 1054
111 1074
111 1459
111 1974
111 2308
111 2501
111 3110
111 3177
111 3928
111 4160
111 4188
111 4784
111 4861
112 882
112 1112
112 2134
112 2704
112 2974
112 3386
112 3805
112 3897
112 4042
112 4282
113 334
113 405
113 417
113 482
113 1133
113 1432
113 1793
113 2139
113 2172
113 2486
113 2699
113 3326
113 3488
113 4103
114 249
114 377
114 519
114 713
114 1062
114 1516
114 1600
114 1653
114 2958
114 3089
114 3173
114 3316
114 4123
114 4325
114 4829
115 631
115 692
115 1502
115 1904
115 2072
115 3231
115 3496
115 4056
115 4068
116 384
116 701
116 795
116 1561
116 1800
116 2041
116 2201
116 3096
116 3284
116 3892
116 3928
116 4371
116 4646
116 4783
117 147
117 497
117 1093
117 1286
117 1873
117 2072
117 2128
117 2174
117 2187
117 2380
117 2635
117 3098
117 3345
117 4373
117 4396
117 4684
117 4697
117 4957
117 5000
118 134
118 581
118 915
118 1028
118 1092
118 1536
118 3120
118 3271
118 3560
118 3688
118 3850
118 4222
118 4536
118 4708
119 229
119 417
119 619
119 643
119 702
119 1109
119 1622
119 1628
119 1738
119 1824
119 2826
119 2916
119 3330
119 3734
119 3778
119 4296
119 4526
119 4719
119 4841
120 290
120 560
120 919
120 1462
120 1940
120 2501
120 2705
120 3006
120 3298
120 3740
120 3977
120 4364
120 4914
121 133
121 1286
121 2225
121 2248
121 2951
121 3086
121 3674
121 3873
121 4715
121 4744
121 4888
122 129
122 186
122 208
122 367
122 375
122 709
122 756
122 835
122 1896
122 2012
122 2041
122 3474
122 3973
122 4486
123 870
123 916
123 1902
123 2032
123 2175
123 2298
123 2699
123 2852
123 4210
123 4320
123 4534
123 4676
124 392
124 680
124 916
124 1058
124 1143
124 1240
124 1555
124 1867
124 2154
124 2566
124 2571
124 2680
124 2719
124 3086
124 3100
124 3199
124 3506
124 3640
124 3877
124 3913
124 4482
124 4528
124 4586
124 4672
124 4709
124 4837
125 379
125 445
125 507
125 793
125 1188
125 1581
125 1805
125 2450
125 2477
125 2606
125 3593
125 3711
125 3880
125 4013
125 4807
126 671
126 862
126 1372
126 1691
126 2162
126 2255
126 2504
126 2521
126 2531
126 2541
126 2582
126 2909
126 2945
126 3304
126 3388
126 3544
126 3881
126 4353
127 648
127 954
127 1268
127 1686
127 2353
127 2402
127 2638
127 2656
127 3058
127 3135
127 3179
127 3246
127 3512
127 3567
127 3602
128 891
128 2151
128 2181
128 2404
128 2507
128 2707
128 2750
128 3227
128 3291
128 3943
128 4224
129 997
129 2358
129 2494
129 2727
129 3243
129 3382
129 3387
129 3553
129 4097
129 4474
129 4501
129 4507
129 4786
129 4836
129 4896
130 181
130 346
130 837
130 1103
130 1128
130 1278
130 2088
130 2289
130 2579
130 3224
130 4048
130 4328
130 4573
130 4775
131 505
131 691
131 738
131 2172
131 2434
131 3286
131 3583
131 3865
131 4204
131 4226
131 4408
132 213
132 1458
132 2196
132 2787
132 2937
132 2948
132 3467
132 3774
132 4017
133 580
133 1839
133 1969
133 2048
133 2221
133 2401
133 2679
133 2683
133 3731
133 4021
133 4199
134 167
134 1065
134 1265
134 1598
134 1914
134 2260
134 2528
134 2839
134 3020
134 3957
134 4003
134 4256
134 4663
134 4919
135 720
135 793
135 802
135 1362
135 1419
135 1605
135 1839
135 3190
135 3567
135 3709
135 3920
135 4428
135 4562
135 4816
136 2445
136 2681
136 3344
136 3465
136 4285
136 4752
137 280
137 726
137 2772
137 3386
137 3773
137 4203
137 4473
138 397
138 462
138 689
138 749
138 750
138 1138
138 1348
138 1777
138 2193
138 2337
138 2578
138 2635
138 3243
138 3544
138 3806
138 4092
138 4644
138 4813
138 4897
138 4927
139 235
139 824
139 1613
139 2534
139 3129
139 3573
139 3665
139 3728
139 3897
139 4034
139 4323
139 4625
139 4790
140 359
140 493
140 551
140 952
140 1770
140 1889
140 1949
140 2338
140 2425
140 2689
140 2848
140 3227
140 3255
140 3393
140 4191
140 4544
140 4743
141 566
141 590
141 933
141 1359
141 2131
141 2386
141 2638
141 2691
141 2727
141 2792
141 3435
141 3456
141 3824
141 4193
141 4467
141 4650
141 4758
142 352
142 1239
142 1357
142 1694
142 1936
142 2578
142 2973
142 3916
142 4576
142 4577
143 164
143 176
143 267
143 319
143 611
143 724
143 1160
143 1466
143 1622
143 2297
143 2994
143 3312
143 3466
143 3474
143 4031
143 4063
143 4150
143 4342
143 4520
143 4823
143 4853
144 329
144 1680
144 2078
144 2457
144 2619
144 2636
144 3150
144 3307
144 3508
144 4273
144 4690
144 4766
144 4787
144 4919
144 4962
145 607
145 1370
145 2859
145 3654
145 3775
145 3823
145 4344
145 4768
146 285
146 466
146 1371
146 1384
146 1640
146 1642
146 2786
146 3721
146 3997
146 4853
147 307
147 402
147 696
147 1067
147 1230
147 1694
147 1826
147 2045
147 2087
147 2228
147 2535
147 3149
147 4608
147 4697
148 1279
148 2753
148 2818
148 3195
148 3211
148 3229
149 252
149 371
149 508
149 748
149 1851
149 2056
149 2618
149 2802
149 2944
149 3071
149 3633
149 3978
149 4074
149 4262
149 4935
150 419
150 887
150 1224
150 1540
150 1949
150 2076
150 2693
150 3028
150 3157
150 3290
150 3388
150 4049
150 4246
150 4408
150 4610
150 4640
150 4701
151 249
151 439
151 937
151 1113
151 1116
151 1390
151 1562
151 1692
151 1718
151 2012
151 2034
151 2136
151 2320
151 2532
151 2542
151 2675
151 4092
151 4917
152 682
152 757
152 1001
152 1280
152 1554
152 1805
152 1999
152 2018
152 2059
152 3607
152 3866
152 3945
152 4709
152 4752
152 4939
153 659
153 1155
153 1265
153 3788
153 3878
153 3975
153 4230
153 4455
153 4489
153 4841
154 668
154 1409
154 1472
154 2472
154 2965
154 2985
154 2994
154 3411
154 3716
154 4291
154 4951
155 170
155 407
155 939
155 1561
155 1760
155 2421
155 3279
155 3473
155 3588
155 3667
155 3935
155 3964
155 4153
155 4692
156 724
156 972
156 993
156 1475
156 1540
156 2062
156 2194
156 3798
156 3845
156 4449
156 4614
156 4723
156 4824
157 363
157 592
157 884
157 1080
157 1085
157 1712
157 1820
157 2139
157 2496
157 3449
157 3451
157 4416
157 4800
157 4803
157 4804
157 4979
158 732
158 1080
158 1277
158 1472
158 2067
158 2890
158 2981
158 3250
158 3258
158 3267
158 4818
158 4859
159 684
159 688
159 824
159 907
159 1557
159 1991
159 2194
159 2540
159 2682
159 3452
159 3872
159 4387
159 4543
159 4583
159 4748
160 229
160 480
160 1522
160 1553
160 1719
160 2069
160 2133
160 2239
160 2573
160 2602
160 2665
160 3993
160 4281
160 4584
161 1990
161 2954
161 3413
161 3416
161 3516
161 3586
161 3932
161 3972
161 3994
161 4758
161 4801
161 4989
162 382
162 399
162 416
162 663
162 672
162 855
162 1304
162 1400
162 1584
162 2026
162 3627
162 3691
162 3813
162 4109
162 4114
162 4152
162 4465
162 4873
163 489
163 779
163 1045
163 1128
163 1522
163 1697
163 1732
163 1900
163 2477
163 2627
163 3173
163 3434
163 4373
163 4559
163 4968
164 985
164 1109
164 1193
164 1605
164 1972
164 2031
164 3163
164 3210
164 3821
164 3907
164 4100
164 4251
164 4272
164 4528
164 4622
164 4747
164 4977
165 1283
165 1849
165 1886
165 2125
165 2343
165 2664
165 2682
165 2744
165 3259
165 3293
165 3729
165 3804
165 4912
166 318
166 1029
166 1076
166 1154
166 1159
166 1398
166 1714
166 1781
166 2016
166 2920
166 3237
166 3353
166 3376
166 3787
166 4120
167 407
167 1387
167 1511
167 1597
167 1672
167 1948
167 2040
167 2348
167 2712
167 2956
167 3327
167 3590
167 3620
167 3639
167 4459
167 4556
168 607
168 938
168 1576
168 1678
168 1764
168 2155
168 2163
168 2319
168 2513
168 2567
168 3063
168 3133
168 3478
168 3663
168 4254
168 4823
169 390
169 429
169 531
169 538
169 792
169 1028
169 1116
169 1262
169 1530
169 1648
169 2323
169 2358
169 2522
169 2794
169 2918
169 3288
169 3333
169 3668
169 3835
169 3925
169 4136
169 4215
169 4266
169 4809
169 4953
170 314
170 628
170 776
170 1240
170 1454
170 1822
170 2064
170 2212
170 2643
170 2736
170 2884
170 3332
170 3366
170 4051
170 4175
170 4768
171 295
171 302
171 641
171 1085
171 1382
171 2420
171 2540
171 2791
171 3643
171 3654
171 4035
171 4069
171 4173
171 4875
171 4981
172 273
172 392
172 1167
172 1219
172 1324
172 2385
172 2503
172 2536
172 4014
172 4133
172 4154
172 4413
173 660
173 1288
173 1363
173 1740
173 1930
173 2065
173 2562
173 2632
173 3077
173 3631
174 1673
174 2182
174 2284
174 2832
174 3624
174 3912
174 4024
174 4219
174 4276
174 4528
175 395
175 1428
175 2622
175 2936
175 3248
175 3721
175 3876
175 3937
175 4179
175 4182
175 4491
175 4820
175 4887
176 369
176 411
176 431
176 455
176 602
176 843
176 1912
176 2214
176 2615
176 2962
176 3115
176 3411
176 3911
176 4027
176 4337
176 4376
176 4509
176 4536
176 4646
176 4821
176 4895
177 901
177 1919
177 2082
177 2221
177 2540
177 2696
177 3965
177 4252
177 4297
177 4431
177 4860
178 264
178 326
178 1679
178 3379
178 3434
178 4330
178 4631
178 4712
179 269
179 952
179 1593
179 3027
179 3369
179 4156
179 4516
179 4616
180 425
180 608
180 675
180 919
180 1553
180 1608
180 1765
180 1887
180 2017
180 2448
180 4440
180 4680
180 4714
180 4723
180 4836
180 4902
181 1784
181 1919
181 2409
181 2804
181 2914
181 3242
181 3409
181 3458
181 3520
181 3682
181 3699
181 3770
181 4164
181 4654
182 1207
182 1249
182 1369
182 2084
182 3165
182 3816
183 358
183 1455
183 1542
183 2086
183 3988
183 4235
183 4916
184 224
184 303
184 728
184 1072
184 1388
184 1539
184 1866
184 2596
184 4130
185 292
185 455
185 612
185 737
185 1053
185 1352
185 1402
185 1705
185 2548
185 3004
185 3321
185 4433
185 4557
185 4683
186 536
186 752
186 1128
186 1141
186 1266
186 1845
186 2188
186 2631
186 3207
186 3397
186 3620
186 3648
186 3748
186 3756
186 3882
186 3920
186 4045
187 428
187 968
187 1276
187 1461
187 1516
187 1536
187 1600
187 1610
187 1823
187 1976
187 2430
187 3733
187 3760
187 3796
187 4606
187 4860
188 277
188 504
188 1154
188 1193
188 1658
188 1955
188 2112
188 2118
188 2332
188 2754
188 3077
188 3310
188 3537
188 4998
189 253
189 496
189 1118
189 1128
189 1182
189 1927
189 2297
189 2563
189 2584
189 2643
189 2653
189 2678
189 3289
189 3394
189 3845
189 3885
189 4239
190 521
190 611
190 843
190 1467
190 1564
190 1897
190 2231
190 2544
190 2832
190 2926
190 2981
190 3122
190 3367
190 3984
190 4081
190 4408
190 4767
190 4843
190 4864
191 1114
191 1226
191 1383
191 2181
191 2990
191 3237
191 3913
191 4599
191 4818
192 798
192 2150
192 2610
192 2659
192 3256
192 3548
192 4063
193 1106
193 1112
193 1178
193 1310
193 1412
193 1969
193 2240
193 2276
193 2518
193 2917
193 3990
193 4280
193 4328
193 4519
193 4535
193 4975
194 344
194 1569
194 1667
194 1677
194 1750
194 1914
194 2605
194 3404
194 3628
194 4232
194 4444
195 477
195 715
195 856
195 1745
195 2312
195 2537
195 2903
195 3284
195 3603
195 3858
195 3936
195 4103
195 4128
195 4919
196 216
196 301
196 573
196 767
196 855
196 868
196 1058
196 1079
196 1285
196 1646
196 1805
196 2059
196 2107
196 2286
196 2693
196 2984
196 3207
196 3787
197 1438
197 1850
197 2125
197 2911
197 3486
197 4274
197 4555
197 4726
197 4914
198 213
198 269
198 611
198 621
198 1182
198 1215
198 1317
198 1415
198 1509
198 1521
198 1933
198 2642
198 3149
198 3174
198 3696
198 3775
198 3793
198 3905
198 3925
198 4439
198 4537
199 236
199 239
199 263
199 354
199 570
199 595
199 835
199 1027
199 1986
199 2465
199 2926
199 2935
199 3108
199 3366
199 3767
199 4194
199 4409
199 4662
199 4713
199 4762
200 260
200 475
200 1008
200 1622
200 1961
200 2184
200 2236
200 2958
200 3408
200 3522
200 3631
200 3925
200 4288
201 484
201 799
201 1476
201 2226
201 2624
201 2778
201 2789
201 2830
201 3047
201 3779
201 4516
201 4591
201 4786
202 291
202 482
202 627
202 884
202 1378
202 1395
202 1467
202 1711
202 1823
202 2253
202 2823
202 3640
202 3894
202 4110
202 4464
202 4700
202 4847
203 423
203 474
203 526
203 803
203 854
203 1255
203 1723
203 2342
203 2875
203 2969
203 3015
203 3211
203 3399
203 4165
203 4383
204 246
204 629
204 809
204 846
204 1239
204 1245
204 1300
204 1668
204 1848
204 2770
204 3457
204 3684
204 4130
204 4950
204 5000
205 252
205 539
205 1594
205 1756
205 2036
205 2128
205 2385
205 2766
205 2984
205 3030
205 3362
205 4231
205 4482
205 4534
205 4802
206 494
206 642
206 863
206 1229
206 1271
206 1407
206 2473
206 2545
206 2594
206 3117
206 3315
206 4164
206 4864
207 329
207 1868
207 2001
207 3094
207 3142
207 4101
207 4154
207 4308
207 4396
207 4512
207 4866
208 850
208 1140
208 1287
208 1426
208 1773
208 2604
208 2897
208 3337
208 3577
208 4131
209 358
209 592
209 729
209 1038
209 2253
209 2418
209 2526
209 3340
209 3507
210 271
210 313
210 460
210 586
210 604
210 817
210 894
210 967
210 998
210 1095
210 1543
210 1660
210 1682
210 2286
210 2337
210 2423
210 2939
210 3049
210 3375
210 3390
210 3485
210 3679
210 3940
210 4293
210 4786
211 311
211 392
211 498
211 640
211 722
211 2223
211 2473
211 2512
211 2603
211 3047
211 3104
211 3235
211 3273
211 4434
211 4607
211 4821
212 239
212 318
212 376
212 517
212 551
212 726
212 1096
212 1259
212 2351
212 2917
212 3067
212 3251
212 3563
212 4002
212 4526
213 533
213 654
213 696
213 718
213 1142
213 1330
213 2242
213 2261
213 2332
213 2882
213 2998
213 3173
213 3543
213 3647
213 3773
214 495
214 627
214 878
214 1173
214 1894
214 2184
214 2663
214 2854
214 2951
214 2953
214 3232
214 4163
214 4351
214 4359
215 428
215 515
215 604
215 1591
215 2213
215 2456
215 2697
215 3277
215 3380
215 3933
215 4001
215 4273
215 4339
215 4749
216 882
216 1192
216 1292
216 1630
216 2284
216 2681
216 2740
216 2754
216 3854
216 4484
216 4532
216 4712
216 4904
217 932
217 1145
217 1313
217 1468
217 2071
217 2303
217 2536
217 2790
217 3026
217 3280
217 3342
217 3375
217 3507
217 3565
217 3921
217 4087
217 4311
217 4395
217 4477
217 4763
218 362
218 551
218 653
218 1354
218 2458
218 3229
218 3354
218 3569
218 4003
218 4211
218 4778
219 1084
219 1233
219 1571
219 1974
219 2536
219 3668
219 3770
219 3796
219 3808
219 3938
219 4100
219 4384
219 4730
219 4888
219 4952
219 4999
220 574
220 1302
220 2101
220 2445
220 2576
220 3030
220 3264
220 3297
220 3811
220 4423
220 4499
221 1565
221 1614
221 1950
221 2183
221 2293
221 2437
221 3029
221 3045
221 3881
221 4079
221 4226
221 4346
222 802
222 924
222 1303
222 1440
222 3347
222 3548
222 3742
222 3973
222 4310
222 4414
222 4436
222 4442
222 4624
222 4978
223 334
223 722
223 1168
223 1191
223 1708
223 2164
223 2459
223 2886
223 3123
223 3340
223 3434
223 3669
223 4632
224 857
224 1099
224 1453
224 1563
224 1664
224 1942
224 2412
224 2446
224 2917
224 3011
224 3494
224 3784
225 414
225 1630
225 1755
225 2014
225 2043
225 2254
225 2650
225 2819
225 2852
225 3057
225 3121
225 3733
225 4884
226 426
226 778
226 2075
226 2155
226 2939
226 3013
226 3208
226 3336
226 3485
226 3738
226 3861
226 4131
226 4473
226 4750
226 4882
227 770
227 1011
227 1601
227 1634
227 2261
227 3130
227 3148
227 3978
228 328
228 352
228 359
228 935
228 1296
228 1474
228 2753
228 3044
228 4064
228 4879
229 424
229 1312
229 1450
229 1656
229 1788
229 1849
229 1946
229 2030
229 2145
229 2549
229 3553
229 3733
229 3998
229 4006
229 4354
229 4551
229 4926
230 426
230 897
230 1557
230 1778
230 1783
230 2477
230 2613
230 3007
230 3461
230 4891
230 4900
230 4934
231 1412
231 2122
231 2269
231 2857
231 3318
231 3714
231 4101
232 423
232 656
232 1271
232 1360
232 1751
232 1970
232 2218
232 3701
232 4455
232 4992
233 356
233 1218
233 1489
233 1798
233 1859
233 2185
233 2349
233 2679
233 2825
233 3189
233 3494
233 3799
233 4236
233 4669
234 280
234 627
234 1149
234 1195
234 1581
234 1707
234 1962
234 2258
234 2845
234 3403
234 3832
234 3887
234 4191
234 4615
234 4829
235 249
235 278
235 717
235 793
235 1015
235 1358
235 1729
235 1822
235 2237
235 2697
235 2897
235 3308
235 3372
235 3555
235 4005
235 4086
235 4890
236 660
236 1000
236 1252
236 1285
236 1427
236 1438
236 1585
236 1629
236 1765
236 2176
236 2692
236 2925
236 3081
236 3109
236 3406
236 3873
236 3922
236 4156
237 321
237 781
237 1147
237 1460
237 1463
237 1560
237 1701
237 2415
237 2511
237 3246
237 4675
238 499
238 561
238 618
238 718
238 822
238 1364
238 1518
238 2191
238 2215
238 2729
238 2982
238 3904
238 4226
238 4268
238 4485
238 4643
238 4774
238 4828
239 878
239 1974
239 2171
239 3165
239 3951
239 4070
239 4260
239 4282
240 834
240 916
240 1111
240 1135
240 1300
240 1380
240 1793
240 1957
240 2022
240 2260
240 2416
240 3324
240 3533
240 4321
240 4526
240 4845
241 1088
241 1250
241 1437
241 1570
241 1906
241 2979
241 3005
241 3007
241 3072
241 3249
241 3543
241 3619
241 4021
241 4216
241 4333
241 4508
241 4691
241 4994
242 416
242 446
242 774
242 1274
242 1290
242 1320
242 2496
242 2565
242 2961
242 2962
242 3158
242 3404
242 4008
242 4062
242 4348
242 4368
242 4425
243 421
243 699
243 912
243 1266
243 1316
243 1586
243 1715
243 1953
243 2196
243 2234
243 2970
243 3220
243 3324
243 3737
243 3914
243 3987
243 4427
244 386
244 479
244 847
244 1140
244 3195
244 3635
244 3744
244 4113
244 4159
244 4500
244 4515
245 306
245 347
245 551
245 613
245 1169
245 1978
245 2114
245 2128
245 3002
245 3188
245 3477
245 3891
246 401
246 578
246 598
246 904
246 1415
246 1439
246 2428
246 3549
246 4463
246 4576
246 4661
246 4988
247 326
247 612
247 1071
247 1290
247 1615
247 1775
247 1989
247 2126
247 2659
247 3921
247 4448
247 4709
248 261
248 329
248 1404
248 1468
248 1540
248 1907
248 1956
248 2125
248 2353
248 2682
248 3068
248 3310
248 3345
248 3466
248 4375
248 4411
249 678
249 681
249 756
249 856
249 891
249 1518
249 1579
249 1639
249 2744
249 3742
249 4766
250 582
250 879
250 1788
250 2702
250 2788
250 2920
250 3406
250 4400
251 505
251 657
251 677
251 1857
251 1882
251 3346
251 3680
251 3701
251 4287
251 4374
251 4636
251 4792
251 4975
252 460
252 584
252 961
252 1218
252 1427
252 1649
252 2356
252 2410
252 2466
252 2491
252 2813
252 3273
252 3930
252 4969
253 438
253 841
253 891
253 1079
253 1262
253 1675
253 2042
253 2117
253 2507
253 3445
253 4005
253 4177
253 4378
253 4465
253 4525
253 4634
254 278
254 500
254 1023
254 1150
254 1779
254 1807
254 2610
254 2800
254 3117
254 3453
254 3702
254 4200
254 4561
254 4893
255 267
255 436
255 965
255 1166
255 1333
255 2199
255 2250
255 2616
255 3004
255 3097
255 3191
255 3326
255 3482
255 3648
255 4069
255 4229
255 4416
255 4589
255 4816
256 539
256 554
256 750
256 818
256 1489
256 1640
256 1679
256 1817
256 1819
256 2453
256 3209
256 3352
256 4285
256 4378
256 4785
256 4841
257 398
257 1131
257 1286
257 2087
257 2464
257 2887
257 3045
257 3121
257 3596
257 3880
257 4032
257 4172
257 4538
257 4703
257 4716
258 738
258 1317
258 1341
258 1391
258 1688
258 1967
258 2069
258 2223
258 2230
258 2839
258 3062
258 3575
258 4366
258 4860
259 1155
259 1308
259 1821
259 1832
259 1839
259 1981
259 2347
259 2946
259 3074
259 3123
259 3561
259 4197
259 4201
259 4486
259 4641
259 4679
259 4686
260 1072
260 1392
260 1869
260 1967
260 2078
260 2853
260 2863
260 3139
260 3490
260 4139
260 4331
260 4726
260 4781
261 1338
261 1863
261 2322
261 3281
261 3999
261 4042
261 4124
261 4560
262 338
262 496
262 778
262 1994
262 2271
262 3584
262 4082
262 4621
262 4721
263 302
263 630
263 1223
263 2421
263 3076
263 3718
263 3733
263 4158
263 4219
263 4466
263 4486
263 4704
263 4808
263 4847
264 783
264 1380
264 1757
264 2353
264 2447
264 2605
264 2707
264 3057
264 3340
264 3805
264 3888
264 4105
264 4129
264 4724
264 4856
265 281
265 576
265 830
265 905
265 1346
265 1618
265 1823
265 2443
265 3072
265 3290
265 3544
265 3713
265 3720
265 3942
265 4143
265 4251
266 661
266 774
266 1669
266 2656
266 2746
266 2794
266 2836
266 3258
266 3376
266 3766
266 3927
266 4282
266 4520
266 4598
267 334
267 1004
267 1576
267 1800
267 1897
267 2019
267 2131
267 2579
267 3363
267 4421
267 4461
268 552
268 1058
268 1176
268 1327
268 1631
268 2099
268 2429
268 2526
268 3043
268 3306
268 3450
268 3730
268 3748
268 4870
269 490
269 1825
269 2946
269 3079
269 3355
269 3402
269 3684
269 3953
269 3991
269 4157
269 4199
269 4699
269 4852
270 539
270 576
270 669
270 765
270 1100
270 1333
270 1529
270 1637
270 1936
270 2312
270 2374
270 3694
270 4078
270 4177
271 300
271 358
271 514
271 594
271 607
271 815
271 970
271 1309
271 1627
271 1874
271 2082
271 2531
271 3795
271 3885
271 4620
271 4999
272 288
272 570
272 610
272 671
272 1907
272 1929
272 2233
272 2299
272 2478
272 2615
272 2617
272 2767
272 2890
272 3290
272 3333
272 3760
272 4015
272 4972
273 377
273 514
273 867
273 1057
273 2044
273 2132
273 2267
273 2752
273 2860
273 3112
273 3662
273 3689
273 3871
273 3959
273 4232
273 4243
273 4268
274 1171
274 1546
274 1671
274 1767
274 1775
274 2360
274 2726
274 2736
274 3064
274 3200
274 4539
274 4664
274 4875
275 1010
275 1067
275 1091
275 1493
275 1536
275 1733
275 1796
275 2535
275 2725
275 3369
275 3596
275 3784
275 3903
275 4402
275 4647
275 4968
276 1000
276 2239
276 2269
276 2803
276 2838
276 3427
276 3453
276 3692
276 4697
277 323
277 598
277 1316
277 1820
277 1839
277 2107
277 2199
277 2636
277 2710
277 2778
277 2827
277 3105
277 3109
277 3393
277 3477
277 3555
277 3758
277 3766
277 4253
277 4931
277 4991
278 1105
278 1185
278 1715
278 2278
278 2734
278 2807
278 2999
278 3116
278 3865
278 3867
278 4217
278 4274
278 4395
278 4411
279 853
279 1844
279 2581
279 3229
279 3455
279 3673
279 3873
279 4403
279 4604
280 1107
280 1200
280 1291
280 1292
280 2082
280 2262
280 2420
280 2601
280 3201
280 3260
280 3337
280 3709
280 3819
280 4022
280 4206
280 4369
280 4382
280 4468
280 4619
280 4835
280 4971
281 352
281 389
281 678
281 714
281 752
281 1254
281 2477
281 2670
281 3037
281 3045
281 3323
281 3640
281 3642
281 3652
281 3983
281 4098
281 4328
281 4336
281 4771
282 441
282 609
282 686
282 947
282 978
282 1419
282 1463
282 1839
282 2574
282 2829
282 3094
282 3299
282 3349
282 3881
282 3895
282 4507
282 4514
282 4597
282 4598
283 585
283 986
283 1006
283 1833
283 2354
283 2556
283 3195
283 3475
283 3494
283 3685
283 4458
283 4768
283 4898
284 795
284 1662
284 2097
284 3103
284 3390
284 4107
284 4251
284 4483
284 4556
284 4691
285 692
285 1133
285 1545
285 1691
285 1822
285 2455
285 2833
285 3128
285 3373
285 3480
285 4157
285 4883
286 1674
286 1744
286 1871
286 2685
286 3016
286 3049
286 3418
286 3581
286 4493
287 345
287 512
287 710
287 904
287 918
287 933
287 1856
287 2245
287 3953
287 4098
287 4251
287 4571
287 4619
287 4904
287 4938
288 835
288 1976
288 2193
288 2246
288 2796
288 3234
288 3409
288 3505
288 3539
288 3980
288 4131
288 4547
288 4833
288 4901
289 325
289 349
289 371
289 429
289 1104
289 1307
289 1643
289 1651
289 1809
289 1947
289 2088
289 2917
289 2970
289 3134
289 3348
289 4556
289 4771
290 371
290 651
290 847
290 931
290 997
290 1558
290 1591
290 1671
290 1721
290 1777
290 2191
290 2347
290 3413
290 4927
291 826
291 1149
291 1203
291 1465
291 1550
291 1794
291 2537
291 2578
291 2713
291 2762
291 2945
291 3132
291 3604
291 3962
291 4288
291 4691
291 4807
291 4885
292 309
292 423
292 494
292 536
292 929
292 996
292 1591
292 1924
292 2106
292 2702
292 2972
292 3388
292 3567
292 3765
292 3835
292 3994
292 4140
292 4403
292 4633
292 4649
292 4778
293 861
293 1806
293 2091
293 2186
293 2768
293 2951
293 3430
293 3509
293 3768
293 3833
293 4040
293 4120
293 4727
293 4837
293 4954
294 860
294 1462
294 1667
294 1801
294 1913
294 1936
294 1975
294 2148
294 2238
294 2338
294 2521
294 3704
294 3874
294 3888
294 4463
294 4627
295 359
295 1668
295 1736
295 2253
295 2311
295 3170
295 3462
295 4233
295 4269
295 4636
295 4725
295 4965
296 993
296 1409
296 1809
296 1929
296 1968
296 2228
296 3346
296 3429
296 3687
296 3986
296 4229
296 4521
296 4738
296 4741
296 4920
296 4935
296 4989
297 1478
297 1486
297 1590
297 1918
297 2423
297 2721
297 2987
297 3105
297 3177
297 4230
297 4992
298 387
298 588
298 668
298 990
298 1117
298 1787
298 2059
298 2118
298 2246
298 3566
298 3684
298 4487
298 4968
299 633
299 884
299 893
299 1358
299 1530
299 1900
299 2050
299 2144
299 2151
299 2169
299 2589
299 2645
299 2708
299 3481
299 4138
299 4180
299 4367
299 4432
299 4803
300 825
300 894
300 1059
300 1158
300 2092
300 2581
300 2753
300 3522
300 3526
300 3603
300 4071
300 4279
300 4494
300 4547
300 4580
300 4955
301 483
301 913
301 1369
301 1814
301 2375
301 3798
301 3911
301 4893
302 955
302 1019
302 1096
302 1237
302 2039
302 2151
302 2226
302 2274
302 2609
302 2926
302 3294
302 3590
302 3761
302 3825
302 4163
302 4180
302 4273
302 4628
302 4680
302 4857
303 360
303 473
303 1298
303 1513
303 2087
303 2422
303 2590
303 2730
303 3299
303 3339
303 3660
303 3720
303 4125
303 4130
303 4198
303 4508
303 4533
303 4776
304 654
304 916
304 973
304 1005
304 1047
304 1225
304 1380
304 1515
304 1924
304 2121
304 2618
304 2696
304 2987
304 3029
304 3376
304 3672
304 3947
304 4055
304 4665
304 4673
304 4693
304 4776
304 4901
305 1461
305 1659
305 4400
305 4770
306 374
306 648
306 1123
306 2222
306 2382
306 2985
306 3331
306 4728
307 1180
307 2077
307 2721
307 3049
307 3315
307 3521
307 3600
307 3696
307 3973
307 4132
307 4392
307 4415
307 4528
308 569
308 617
308 889
308 901
308 1125
308 2308
308 2718
308 2797
308 3041
308 3051
308 3517
308 3607
308 3819
308 3854
308 4375
308 4738
309 497
309 658
309 1235
309 1576
309 2426
309 3155
309 3810
309 4145
309 4360
310 316
310 990
310 1055
310 1394
310 1465
310 1751
310 1944
310 2029
310 2138
310 2775
310 2984
310 3296
310 3373
310 3650
310 3922
310 4330
310 4397
310 4908
311 372
311 1755
311 2387
311 2586
311 3090
311 3270
311 3608
311 3648
311 3888
311 4278
311 4809
312 879
312 1022
312 1500
312 1741
312 1838
312 1857
312 1989
312 2461
312 2831
312 2852
312 3535
312 3631
312 3777
312 3831
312 3947
312 4158
312 4337
312 4736
313 754
313 1210
313 1574
313 1991
313 2475
313 2984
313 3506
313 3584
313 3653
313 3788
313 3938
313 4392
313 4767
313 4876
314 990
314 1337
314 1407
314 1410
314 1519
314 1562
314 1629
314 1819
314 2386
314 2473
314 2956
314 4099
314 4167
314 4527
314 4533
314 4904
315 1397
315 2160
315 2358
315 2723
315 2788
315 2842
315 2908
315 3669
315 4218
315 4753
316 533
316 576
316 1377
316 1536
316 1580
316 1626
316 1658
316 1852
316 1855
316 2080
316 2109
316 2397
316 3086
316 3097
316 3996
316 4117
317 888
317 942
317 1256
317 1484
317 1546
317 1635
317 1839
317 2470
317 2565
317 2830
317 3619
317 4245
317 4390
317 4614
317 4914
317 4993
318 432
318 613
318 1250
318 1352
318 1725
318 1852
318 1915
318 2122
318 2453
318 2456
318 2566
318 3458
318 3464
318 4405
318 4540
318 4575
318 4660
318 4878
318 4923
319 488
319 535
319 1460
319 1483
319 1535
319 2031
319 2244
319 2305
319 2510
319 2666
319 2865
319 3643
319 3658
319 4626
320 454
320 493
320 523
320 901
320 1157
320 1492
320 1623
320 1908
320 2272
320 2345
320 2549
320 3612
320 3658
321 737
321 1253
321 1576
321 1678
321 1783
321 2445
321 2488
321 2765
321 2826
321 3243
321 3325
321 3678
321 3968
321 4176
321 4881
322 429
322 766
322 1136
322 1451
322 1490
322 2423
322 3503
322 4341
322 4613
322 4877
322 4884
323 324
323 468
323 760
323 1285
323 1295
323 1774
323 1991
323 2400
323 2632
323 3055
323 3084
323 3568
323 4340
323 4763
324 346
324 620
324 858
324 913
324 1925
324 3506
324 3759
324 4135
324 4734
324 4989
325 413
325 439
325 665
325 699
325 1277
325 1326
325 1333
325 2100
325 2341
325 2350
325 3077
325 3362
325 3521
325 3620
325 3898
325 3987
325 4077
325 4447
325 4452
325 4544
325 4816
326 757
326 760
326 887
326 1025
326 1159
326 1633
326 1953
326 2052
326 2271
326 2486
326 3180
326 3242
326 4815
327 447
327 574
327 1471
327 1821
327 1911
327 1986
327 2814
327 3142
327 3174
327 3739
327 4237
327 4403
327 4475
327 4739
328 571
328 1288
328 1398
328 1593
328 2979
328 4315
328 4410
328 4631
329 712
329 720
329 1113
329 1133
329 1526
329 1774
329 1950
329 2339
329 3195
329 3237
329 3311
329 3891
329 3990
329 4068
329 4529
329 4635
329 4837
329 4852
329 4893
330 545
330 741
330 748
330 793
330 1047
330 1510
330 2625
330 3113
330 3146
330 3268
330 3422
330 3484
330 4279
330 4708
330 4960
331 476
331 602
331 1377
331 2075
331 2254
331 2300
331 2626
331 2914
331 3111
331 4124
331 4330
331 4429
331 4937
332 508
332 833
332 1342
332 1458
332 1850
332 1880
332 2460
332 2864
332 3111
332 3138
332 3766
332 4697
332 4953
333 552
333 1157
333 1268
333 1286
333 1430
333 1994
333 2086
333 2486
333 3064
333 3118
333 3458
333 4827
334 1032
334 1356
334 1566
334 1772
334 1934
334 2421
334 2458
334 2578
334 4044
334 4227
334 4550
334 4967
335 914
335 1285
335 2581
335 2811
335 3257
335 3314
335 3566
335 3966
335 4527
335 4865
335 4921
335 4945
335 4981
336 456
336 466
336 525
336 667
336 1439
336 1508
336 1719
336 2225
336 2707
336 3116
336 3141
336 3494
336 3648
336 4436
336 4594
336 4598
336 4813
336 4821
337 1247
337 1254
337 1272
337 1541
337 1795
337 3225
337 4416
337 4505
337 4817
338 1328
338 1457
338 1611
338 1704
338 1707
338 1895
338 2026
338 2270
338 2334
338 2565
338 2665
338 2728
338 3231
338 3401
338 3988
338 4417
338 4701
339 535
339 641
339 654
339 1396
339 1905
339 1959
339 2021
339 2203
339 2430
339 3301
339 3821
339 4480
339 4826
340 1556
340 2361
340 2602
340 3446
340 3914
340 3916
340 4269
340 4733
341 448
341 595
341 810
341 1132
341 1252
341 1323
341 1325
341 1848
341 1885
341 2178
341 2190
341 2471
341 2542
341 3116
341 3604
341 3668
341 3857
341 4210
341 4402
341 4667
341 4688
341 4954
342 1152
342 1644
342 1965
342 3307
342 3658
342 3865
342 4058
342 4131
342 4159
342 4160
342 4863
343 1368
343 1479
343 1491
343 1729
343 1758
343 2189
343 2391
343 2397
343 3078
343 3206
343 3215
343 3670
344 400
344 653
344 1354
344 1772
344 1873
344 1987
344 2699
344 2787
344 4151
344 4253
344 4954
345 491
345 995
345 1123
345 1550
345 2070
345 2073
345 2733
345 3550
345 3757
345 4284
345 4492
345 4579
345 4810
345 4886
346 1115
346 2500
346 2572
346 2882
346 2987
346 3092
346 3143
346 3359
346 3467
346 3930
346 4072
346 4949
347 599
347 700
347 2022
347 2217
347 2364
347 3184
347 3862
347 4454
347 4995
348 793
348 1268
348 1443
348 1485
348 1692
348 1914
348 2050
348 2083
348 2970
348 3052
348 3074
348 3311
348 4376
348 4733
349 1517
349 4137
349 4579
349 4721
350 428
350 1009
350 1038
350 1750
350 3127
350 3666
350 3944
350 4083
351 856
351 870
351 1692
351 1840
351 1980
351 2003
351 2044
351 2069
351 2204
351 2690
351 2781
351 3971
351 4380
351 4387
351 4447
351 4736
351 4951
352 645
352 1348
352 1831
352 2105
352 2677
352 2735
352 2864
352 2990
352 3201
352 3265
352 3663
352 4645
352 5000
353 959
353 960
353 1190
353 1357
353 1451
353 1790
353 1910
353 2226
353 3135
353 3232
353 4206
353 4537
353 4871
353 4954
353 4969
354 411
354 798
354 1586
354 1623
354 1911
354 2825
354 2906
354 3504
354 4231
354 4532
355 657
355 904
355 1118
355 1271
355 1325
355 1350
355 2149
355 2379
355 2952
355 3920
355 4173
355 4316
355 4395
355 4456
355 4690
355 4691
356 804
356 1061
356 1353
356 2135
356 2147
356 2189
356 2340
356 2461
356 3420
356 3889
356 3990
356 4044
356 4056
356 4604
357 358
357 639
357 749
357 1628
357 1766
357 1815
357 2335
357 2455
357 2636
357 2787
357 3110
357 3303
357 3478
357 4089
357 4158
357 4483
358 590
358 1774
358 2066
358 2103
358 2826
358 3070
358 3309
358 3841
358 3982
358 4221
358 4457
358 4552
358 4556
358 4594
358 4644
358 4748
358 4939
359 372
359 440
359 478
359 945
359 1367
359 1670
359 2043
359 2830
359 3819
359 3832
359 3988
359 4805
359 4871
359 4929
360 668
360 799
360 972
360 1167
360 1293
360 1657
360 2154
360 2857
360 3437
360 3642
360 3686
361 487
361 864
361 1096
361 1180
361 1618
361 2781
361 3378
361 4008
361 4127
361 4149
361 4189
361 4228
361 4399
361 4525
362 382
362 997
362 1157
362 1722
362 1801
362 2324
362 2358
362 2537
362 2828
362 3426
362 3658
362 4394
363 512
363 829
363 960
363 1378
363 1638
363 2039
363 2043
363 2348
363 2590
363 2824
363 2892
363 3142
363 3294
363 3309
363 3573
363 3650
363 4398
364 530
364 565
364 912
364 1673
364 2423
364 2899
364 3381
364 3546
364 3582
364 3821
364 4011
364 4573
364 4809
364 4843
365 485
365 1269
365 1539
365 2060
365 2764
365 3250
365 4223
365 4580
365 4806
365 4876
366 588
366 1020
366 1341
366 1753
366 2233
366 2722
366 3330
366 3331
366 3760
366 3848
366 3910
366 4621
367 2279
367 2414
367 2633
367 3048
367 3229
367 4182
367 4193
367 4356
367 4370
367 4501
367 4626
368 452
368 825
368 961
368 1004
368 1125
368 1381
368 1489
368 1903
368 2261
368 2529
368 2648
368 2758
368 3538
368 4006
368 4030
368 4528
368 4892
368 4919
369 463
369 587
369 589
369 890
369 1134
369 1529
369 1853
369 2264
369 2634
369 2772
369 3164
369 3255
369 4537
369 4620
369 4765
369 4925
369 4938
370 451
370 1138
370 1466
370 1665
370 1940
370 2006
370 2399
370 3105
370 3166
370 3856
370 4492
370 4808
370 4862
371 763
371 1766
371 1790
371 2173
371 2895
371 3201
371 3307
371 4383
372 535
372 605
372 616
372 1049
372 1507
372 1567
372 1829
372 2318
372 2385
372 2559
372 2667
372 2947
372 4340
373 585
373 914
373 1150
373 2893
373 3133
373 3790
373 4432
373 4679
373 4745
374 1402
374 1498
374 1638
374 1773
374 1822
374 1904
374 2379
374 3677
374 4170
374 4379
375 704
375 705
375 735
375 1910
375 2156
375 2395
375 3084
375 3404
375 3571
375 4518
375 4636
375 4667
375 4717
375 4831
376 431
376 503
376 702
376 1003
376 1194
376 1304
376 1478
376 1787
376 2069
376 2381
376 2896
376 2994
376 3344
376 4160
376 4678
376 4755
376 4927
376 4944
377 679
377 1085
377 1184
377 2028
377 2361
377 2759
377 2888
377 3692
377 3842
377 4015
377 4170
378 1423
378 1557
378 1726
378 2496
378 3902
378 3991
378 4292
378 4362
379 435
379 758
379 1609
379 1819
379 2006
379 2018
379 2191
379 2366
379 2482
379 3513
379 3707
379 4528
379 4731
379 4858
380 544
380 778
380 935
380 1095
380 1266
380 1835
380 2260
380 2343
380 2551
380 2589
380 2627
380 2845
380 2939
380 3195
380 3216
380 4188
380 4504
380 4639
381 682
381 1150
381 1221
381 1355
381 1796
381 1852
381 2146
381 2624
381 3390
381 3833
381 4882
381 4974
382 508
382 1771
382 3705
382 3714
382 4493
382 4869
383 396
383 718
383 741
383 1383
383 1516
383 1594
383 1794
383 1879
383 1943
383 1968
383 2624
383 3533
383 4057
383 4088
383 4205
383 4693
384 1460
384 1719
384 2228
384 2461
384 2616
384 3060
384 3856
384 4056
384 4820
385 1148
385 1355
385 1752
385 1914
385 2432
385 2803
385 2849
385 3066
385 3260
385 3405
385 3525
385 3549
385 3700
385 4025
385 4438
385 4680
386 587
386 745
386 895
386 1083
386 1247
386 1527
386 1803
386 1844
386 2013
386 2807
386 3019
386 3305
386 3876
386 4417
386 4429
387 966
387 1380
387 2009
387 2042
387 3256
387 3438
388 651
388 696
388 719
388 830
388 1422
388 2001
388 2151
388 2874
388 3082
388 4499
388 4672
389 983
389 1340
389 1536
389 1899
389 2469
389 2921
389 3768
389 4518
390 486
390 496
390 1112
390 1405
390 1453
390 1756
390 1810
390 2747
390 2768
390 3207
390 3464
390 3478
390 4414
390 4580
390 4966
391 434
391 1095
391 1637
391 1851
391 1986
391 2494
391 2539
391 3116
391 3842
391 3986
391 4057
391 4261
391 4472
392 1106
392 1296
392 1435
392 1702
392 1719
392 1955
392 2080
392 2307
392 2337
392 2643
392 2728
392 2939
392 4008
392 4018
392 4399
392 4527
393 666
393 772
393 866
393 968
393 1086
393 1567
393 1688
393 1935
393 2250
393 2314
393 2473
393 2531
393 2600
393 2828
393 3460
393 3462
393 3674
393 4226
393 4289
393 4296
393 4765
393 4784
393 4933
394 960
394 1188
394 1813
394 2212
394 2950
394 3232
394 3272
394 4008
394 4354
394 4806
394 4831
395 762
395 1028
395 1978
395 1987
395 2383
395 2528
395 2646
395 3802
395 4346
395 4721
395 4975
396 645
396 1215
396 2051
396 2133
396 2615
396 2752
396 3414
396 3487
396 3581
396 4139
396 4255
396 4278
396 4297
396 4317
396 4638
396 4685
397 746
397 947
397 1844
397 2186
397 2362
397 2708
397 3027
397 3035
397 3175
397 3244
397 3539
397 3733
397 3958
397 4127
397 4157
397 4196
397 4723
398 735
398 988
398 1597
398 1907
398 2061
398 2202
398 3668
398 3769
398 4456
399 465
399 1587
399 2661
399 2731
399 2835
399 3984
399 4261
400 482
400 590
400 725
400 1889
400 2275
400 2564
400 2674
400 2743
400 2909
400 2930
400 3450
400 3608
400 3881
400 3982
400 4411
400 4674
400 4892
401 774
401 870
401 980
401 1300
401 2538
401 2934
401 3083
401 3128
401 3631
401 3642
401 4060
401 4355
402 1699
402 2431
402 3486
402 3603
402 3673
402 3768
402 3821
402 3963
402 4489
402 4873
402 4896
403 680
403 720
403 809
403 919
403 945
403 1275
403 1632
403 1783
403 1835
403 2421
403 2532
403 2765
403 3094
403 3537
403 3815
403 4020
403 4063
403 4169
404 575
404 709
404 739
404 1312
404 2078
404 2183
404 2429
404 3341
404 3506
404 3723
404 3758
404 4121
404 4495
404 4557
404 4999
405 952
405 2045
405 2101
405 2204
405 2397
405 2529
405 2888
405 2912
405 3814
405 4153
405 4631
405 4925
406 876
406 878
406 1139
406 1419
406 2032
406 2209
406 2220
406 2821
406 3276
406 3404
406 4426
406 4571
406 4813
406 4939
407 475
407 594
407 632
407 1138
407 1284
407 1633
407 2131
407 2248
407 2289
407 2486
407 2552
407 2641
407 2677
407 3493
407 3780
407 3879
407 4250
407 4261
407 4556
408 791
408 1117
408 1250
408 1829
408 2148
408 2288
408 3035
408 3674
408 3731
408 3862
408 4075
408 4228
408 4289
408 4435
408 4976
409 805
409 1337
409 1545
409 2052
409 2559
409 3433
409 3753
409 4414
409 4431
409 4717
409 4836
410 595
410 788
410 902
410 1089
410 1406
410 1886
410 1910
410 2227
410 4535
410 4903
411 1106
411 1274
411 1392
411 1424
411 3101
411 3415
411 3497
411 3852
411 4116
411 4119
411 4180
411 4795
411 4799
412 1159
412 1458
412 2399
412 2410
412 2434
412 2442
412 2683
412 2880
412 3114
412 3433
412 3562
412 3607
412 3836
412 4037
412 4829
413 434
413 1211
413 1552
413 1567
413 1614
413 1616
413 1670
413 1992
413 2390
413 2534
413 2823
413 3033
413 3317
413 4385
413 4549
413 4660
413 4748
413 4857
413 4996
414 1124
414 1230
414 1600
414 1688
414 2103
414 2370
414 2623
414 2658
414 2950
414 3141
414 3388
414 3589
414 3661
414 3943
414 3994
414 4005
414 4012
414 4176
414 5000
415 512
415 635
415 846
415 1289
415 1383
415 1512
415 1590
415 1768
415 2591
415 2618
415 2669
415 3441
415 3561
415 3901
415 4167
415 4580
415 4599
415 4947
416 782
416 803
416 2087
416 2399
416 2695
416 3018
416 3029
416 3185
416 3196
416 3434
416 4204
416 4250
416 4274
416 4281
416 4519
416 4757
416 4847
416 4896
417 493
417 624
417 915
417 1602
417 2182
417 2266
417 2814
417 2899
417 2971
417 3099
417 3744
417 3829
417 3976
417 4692
417 4770
418 807
418 820
418 1880
418 2516
418 3263
418 3418
418 3872
418 4361
418 4664
418 4733
419 516
419 861
419 1339
419 1681
419 1770
419 1911
419 2080
419 2211
419 2306
419 2624
419 2760
419 3569
419 3688
419 3845
419 3995
419 4056
419 4139
419 4232
419 4368
419 4589
419 4644
419 4853
420 998
420 1055
420 1325
420 1509
420 1709
420 2178
420 4377
420 4648
420 4702
420 4865
421 878
421 943
421 1174
421 1835
421 1879
421 2196
421 2243
421 3198
421 3485
421 4678
421 4708
422 439
422 590
422 1061
422 1359
422 2700
422 2798
422 3068
422 3514
423 437
423 1258
423 1265
423 1441
423 1492
423 2711
423 2975
423 3321
423 3484
423 4342
423 4826
424 558
424 644
424 1119
424 2232
424 2693
424 3608
424 3911
424 4660
425 466
425 572
425 811
425 1105
425 1475
425 1642
425 1805
425 2033
425 2184
425 2375
425 2609
425 3291
425 3540
425 3629
425 4197
425 4453
425 4862
425 4987
425 4994
426 704
426 1565
426 1712
426 1865
426 2385
426 2579
426 3353
426 3485
426 3562
426 3611
426 4160
427 663
427 990
427 1113
427 1634
427 1801
427 1845
427 1895
427 2371
427 2636
427 4178
427 4517
427 4527
427 4725
427 4732
428 1977
428 2139
428 2956
428 3068
428 3407
428 3977
428 4477
428 4667
429 719
429 923
429 1823
429 2320
429 2785
429 2795
429 3661
429 3853
429 3883
429 4375
429 4823
429 4996
430 1353
430 1695
430 1853
430 2595
430 2747
430 3666
430 3837
430 3850
430 4038
430 4080
430 4155
430 4246
430 4506
430 4694
430 4698
430 4947
431 587
431 775
431 1004
431 2296
431 2528
431 2547
431 2725
431 2934
431 3068
431 3132
431 3159
431 3350
431 4854
432 644
432 1512
432 1760
432 1850
432 1926
432 2123
432 2394
432 3266
432 3424
432 3890
432 4116
432 4302
432 4997
433 679
433 1622
433 2234
433 2299
433 2579
433 2747
433 4062
433 4998
434 536
434 1014
434 1310
434 1604
434 1854
434 1863
434 2127
434 2159
434 2673
434 2956
434 3238
434 3641
434 3692
434 3955
434 3960
434 4537
434 4956
435 441
435 786
435 789
435 1058
435 1416
435 1536
435 2175
435 2212
435 2898
435 3316
435 3552
435 3977
435 4893
435 4906
436 721
436 1380
436 1481
436 1565
436 1775
436 2690
436 3913
436 3943
437 471
437 1919
437 2615
437 3140
437 3551
437 3962
437 4788
438 1456
438 1787
438 1955
438 2928
438 3777
438 4360
438 4740
439 2664
439 2772
439 2836
439 3028
439 4959
439 4974
440 556
440 960
440 1472
440 1483
440 1971
440 2536
440 3876
440 4150
440 4199
440 4413
441 924
441 1360
441 1615
441 1705
441 1979
441 2072
441 2087
441 2771
441 3141
441 3261
441 3286
441 3856
441 4296
441 4535
441 4889
442 504
442 798
442 931
442 2024
442 2066
442 2224
442 2422
442 2463
442 2596
442 2866
442 3605
442 4099
442 4301
442 4482
442 4648
442 4710
443 455
443 645
443 674
443 806
443 926
443 2384
443 2406
443 2696
443 2833
443 3497
443 4352
443 4740
443 4798
443 4875
443 4895
444 533
444 1079
444 2162
444 2318
444 2387
444 2703
444 3273
444 3472
444 3816
444 3990
444 4219
444 4520
444 4678
444 4845
444 4964
444 4975
445 879
445 1110
445 1309
445 1362
445 1675
445 1680
445 2020
445 3018
445 3057
445 3959
445 4881
446 572
446 975
446 1107
446 1170
446 1347
446 1359
446 1817
446 1905
446 2124
446 2300
446 2317
446 2647
446 2787
446 2928
446 3011
446 3362
446 3545
446 3871
446 4658
447 507
447 840
447 897
447 1115
447 1177
447 1385
447 1615
447 1799
447 2060
447 2319
447 2328
447 2543
447 4625
447 4717
447 4821
447 4993
448 513
448 1635
448 1921
448 2063
448 3029
448 3258
448 3547
448 3830
448 4330
448 4441
448 4509
448 4521
448 4812
449 664
449 665
449 858
449 886
449 1148
449 1622
449 1732
449 2000
449 2364
449 2387
449 2909
449 3916
450 869
450 1051
450 1185
450 1295
450 1705
450 2372
450 2516
450 2713
450 2978
450 3255
450 4366
450 4437
450 4862
451 567
451 615
451 622
451 949
451 1425
451 1584
451 1875
451 2351
451 2377
451 2432
451 2732
451 3102
451 3455
451 3798
451 3949
451 3998
451 4814
452 533
452 767
452 935
452 1342
452 1387
452 1395
452 1516
452 1695
452 2258
452 2447
452 2691
452 2877
452 2959
452 2963
452 3027
452 3371
452 3580
452 3670
452 3763
452 4254
452 4580
452 4994
453 644
453 948
453 970
453 1266
453 1661
453 2288
453 2309
453 2360
453 2416
453 2875
453 2902
453 3001
453 3597
453 3796
453 4381
453 4667
454 702
454 873
454 991
454 1528
454 1543
454 1593
454 1818
454 1896
454 2315
454 2551
454 2559
454 3088
454 3300
454 3548
454 3668
454 3962
454 4479
454 4501
454 4524
454 4575
454 4623
454 4838
455 569
455 656
455 1650
455 2017
455 2351
455 2651
455 2720
455 2730
455 3198
455 4368
455 4675
455 4705
455 4889
456 685
456 1020
456 1336
456 1423
456 1706
456 1982
456 2192
456 2302
456 2328
456 2335
456 2526
456 2722
456 2765
456 3003
456 3387
456 4449
456 4959
457 599
457 605
457 690
457 709
457 876
457 961
457 1201
457 1841
457 2995
457 3105
457 3215
457 3961
457 4371
457 4409
458 768
458 857
458 1971
458 2337
458 2500
458 2506
458 2619
458 2628
458 3536
458 3789
458 4246
458 4280
458 4425
459 513
459 543
459 655
459 931
459 1104
459 1619
459 1907
459 3137
459 3423
459 3605
459 3927
459 4078
459 4366
459 4839
460 630
460 1081
460 1485
460 3491
460 3526
460 3845
460 4257
460 4689
461 495
461 710
461 1278
461 1337
461 2302
461 2901
461 3140
461 3228
461 3230
461 3950
461 4084
461 4263
461 4499
461 4872
462 918
462 1165
462 1541
462 2215
462 2251
462 2420
462 2484
462 2600
462 2744
462 2948
462 3697
462 3702
462 4088
463 494
463 660
463 663
463 1288
463 1716
463 1723
463 1976
463 2552
463 3235
463 3311
463 3407
463 3412
463 3441
463 3907
463 4000
463 4026
463 4798
464 1106
464 1241
464 2028
464 2050
464 2469
464 3291
464 3349
464 3527
464 4092
464 4944
465 484
465 1026
465 1034
465 1270
465 1595
465 2335
465 2719
465 2835
465 2963
465 3044
465 3062
465 3791
465 4553
465 4910
465 4985
466 801
466 1224
466 1649
466 1718
466 2751
466 3551
466 4493
466 4986
467 481
467 578
467 626
467 698
467 1237
467 1337
467 1849
467 2099
467 2195
467 2863
467 3079
467 3266
467 3594
467 3689
467 3723
467 3935
467 4250
467 4380
467 4403
467 4464
467 4559
467 4872
468 678
468 1562
468 1583
468 1741
468 2229
468 2352
468 2796
468 2911
468 2921
468 3395
468 3899
468 4161
468 4163
468 4689
468 4869
469 913
469 923
469 1019
469 1448
469 1672
469 1779
469 2068
469 2132
469 2499
469 2890
469 3450
469 3733
469 3743
469 4342
469 4408
470 732
470 993
470 1833
470 1899
470 2006
470 2163
470 2171
470 2368
470 2451
470 2716
470 3116
470 3173
470 3813
470 4120
470 4162
470 4164
470 4291
470 4315
470 4402
471 491
471 1976
471 2297
471 2315
471 2507
471 2809
471 2828
471 2956
471 3811
472 488
472 654
472 851
472 989
472 1015
472 1084
472 1450
472 2187
472 3258
472 3631
472 3893
472 3982
472 4014
472 4065
472 4431
473 516
473 584
473 724
473 864
473 925
473 1330
473 1760
473 1874
473 2256
473 2710
473 3025
473 3122
473 3240
473 3878
473 3974
473 4018
473 4747
473 4821
474 820
474 2206
474 2427
474 2680
474 3168
474 3334
474 3833
474 4018
474 4055
474 4308
474 4754
474 4943
475 589
475 717
475 1590
475 2321
475 2633
475 3317
475 3553
475 3853
475 4105
475 4443
475 4582
476 857
476 1187
476 1345
476 1401
476 1950
476 2461
476 2705
476 3216
476 3404
476 3924
476 4475
476 4512
476 4936
477 1132
477 1352
477 1564
477 1879
477 2139
477 2203
477 2731
477 3127
477 3443
477 3653
477 4155
477 4211
477 4396
478 664
478 1181
478 1273
478 1382
478 1391
478 1409
478 1559
478 1676
478 1877
478 2661
478 3359
478 3491
478 3650
478 4263
479 1071
479 1534
479 2007
479 2244
479 2337
479 3558
479 4028
479 4497
480 801
480 1084
480 1136
480 1440
480 1658
480 1884
480 2168
480 2198
480 2635
480 2841
480 3181
480 3419
480 3669
480 4303
480 4536
480 4651
481 517
481 647
481 1247
481 1356
481 1514
481 1815
481 2366
481 2647
481 2986
481 3026
481 3048
481 3405
481 3640
481 3682
481 3840
481 3865
481 4309
481 4456
482 675
482 1826
482 1939
482 2807
482 3408
482 3607
482 3704
482 4078
482 4535
482 4621
482 4831
483 1020
483 1132
483 1350
483 1455
483 1824
483 2017
483 2694
483 3024
483 3140
483 3683
484 904
484 2754
484 2877
484 3207
484 3276
484 4077
484 4243
484 4262
484 4266
484 4469
484 4480
484 4683
485 997
485 1286
485 1670
485 1769
485 2220
485 3134
485 4295
485 4603
485 4984
486 1242
486 1312
486 2122
486 2955
486 3059
486 3604
486 4202
486 4265
487 850
487 1038
487 1164
487 1663
487 1742
487 1844
487 2377
487 2515
487 2845
487 3257
487 4107
487 4348
487 4571
487 4783
487 4987
488 742
488 1218
488 1237
488 1365
488 1631
488 1745
488 2553
488 3283
488 3339
488 3353
488 3387
488 3554
488 3579
488 3735
488 3844
488 4583
488 4658
489 571
489 1066
489 1079
489 1390
489 2196
489 2828
489 2850
489 3339
489 3428
489 3541
489 3599
489 4369
489 4838
490 1560
490 2270
490 2465
490 3006
490 3348
490 3776
490 4036
490 4122
490 4497
490 4590
491 1974
491 2271
491 2413
491 2767
491 2857
491 2950
491 3140
491 3412
491 4654
491 4897
492 503
492 574
492 1185
492 1241
492 1350
492 1400
492 2027
492 2085
492 2604
492 2997
492 3329
492 3608
492 3749
492 4543
492 4556
493 622
493 877
493 1436
493 1543
493 1848
493 2191
493 2207
493 2808
493 2814
493 3063
493 3824
493 4129
493 4758
493 4895
494 1507
494 1604
494 2015
494 2661
494 3244
494 4974
495 628
495 755
495 826
495 2177
495 2249
495 2473
495 2800
495 3297
495 3551
495 3880
495 4159
495 4225
495 4256
495 4269
496 616
496 890
496 2036
496 2189
496 2552
496 3460
497 594
497 853
497 1064
497 1614
497 2349
497 2633
497 2680
497 2980
497 2995
497 3038
497 3595
497 3596
497 4470
497 4825
498 1327
498 1710
498 1780
498 1811
498 1814
498 1860
498 2020
498 2312
498 2604
498 2721
498 2817
498 3107
498 3815
498 4206
498 4581
498 4906
499 603
499 636
499 771
499 1314
499 1341
499 1487
499 2423
499 2584
499 2598
499 2920
499 3559
499 3643
499 3814
499 3886
499 3908
499 3958
499 4159
499 4161
500 588
500 668
500 840
500 953
500 1095
500 1706
500 1734
500 1766
500 1889
500 1904
500 2003
500 2760
500 2954
500 3107
500 3401
500 3680
500 3681
500 3976
500 4112
500 4381
500 4748
501 531
501 1346
501 1541
501 2353
501 2369
501 2527
501 2725
501 3488
501 3982
501 4505
501 4748
501 4776
501 4896
502 918
502 990
502 1714
502 2455
502 2674
502 2728
502 2735
502 2906
502 3189
503 522
503 646
503 710
503 825
503 1002
503 1127
503 1344
503 1497
503 1817
503 2001
503 2318
503 3523
503 4148
503 4364
504 755
504 986
504 1655
504 2267
504 2501
504 2929
504 3011
504 3130
504 3400
504 3628
504 3691
504 3798
504 4249
504 4908
505 926
505 1293
505 1358
505 2126
505 2189
505 2210
505 3639
505 3787
505 4887
505 4993
506 795
506 904
506 1363
506 2198
506 2201
506 2335
506 2405
506 3584
506 4093
506 4292
506 4444
506 4647
506 4783
507 515
507 732
507 845
507 1417
507 2103
507 2221
507 2238
507 2316
507 2509
507 2568
507 2617
507 2806
507 3925
507 3986
507 4446
507 4469
507 4836
508 682
508 943
508 998
508 1625
508 1994
508 2336
508 2873
508 2876
508 3075
508 3387
508 3530
508 3665
508 3830
508 3992
508 3993
508 4033
508 4095
508 4254
508 4397
508 4597
508 4837
509 572
509 611
509 950
509 1145
509 1307
509 1345
509 1412
509 1511
509 1556
509 2088
509 2309
509 2623
509 3051
509 3182
509 4235
509 4590
509 4763
510 742
510 798
510 1371
510 1536
510 1564
510 1862
510 2126
510 2314
510 3364
510 4160
510 4270
510 4952
511 937
511 1499
511 1903
511 1912
511 2137
511 2529
511 3408
511 3774
511 4147
511 4968
512 805
512 1480
512 1738
512 2160
512 2751
512 2883
512 3279
512 4167
512 4563
513 654
513 989
513 1167
513 1218
513 1342
513 1573
513 1967
513 2451
513 2633
513 2854
513 3594
513 3632
513 3750
513 3885
513 3901
513 4027
513 4056
514 760
514 1557
514 1656
514 1670
514 2347
514 2360
514 2651
514 3022
514 3445
514 3485
514 3493
514 3667
514 4440
514 4567
514 4841
514 4874
515 540
515 759
515 849
515 1087
515 1472
515 2022
515 2193
515 2399
515 2668
515 3299
515 3327
515 3330
515 4163
515 4276
515 4775
516 702
516 1063
516 1336
516 1967
516 2072
516 2132
516 2153
516 2280
516 2292
516 2335
516 2591
516 3001
516 3242
516 3243
516 3300
516 3789
516 4570
516 4663
516 4765
517 918
517 1229
517 1337
517 1949
517 2121
517 2136
517 2510
517 2519
517 2751
517 2877
517 2982
517 3279
517 3408
517 3454
517 3554
517 3731
517 4277
517 4440
517 4524
517 4573
517 4798
518 522
518 940
518 1578
518 1663
518 1709
518 2312
518 2956
518 3120
518 3336
518 3407
518 4554
518 4649
518 4670
518 4833
519 855
519 936
519 1246
519 1376
519 2432
519 2948
519 3004
519 3074
519 4420
519 4496
519 4677
519 4920
520 925
520 1249
520 1485
520 3030
520 3090
520 3104
520 3117
520 3879
520 3994
520 4450
520 4633
520 4798
521 1351
521 1450
521 2764
521 2794
521 2808
521 2893
521 3064
521 3226
521 3378
521 3941
521 4686
522 547
522 761
522 1561
522 1596
522 2060
522 2704
522 2776
522 2870
522 2957
522 3844
522 4604
522 4779
523 785
523 1088
523 1118
523 1309
523 1347
523 1703
523 2089
523 2397
523 2439
523 3433
523 3514
523 4107
523 4243
523 4626
524 564
524 613
524 699
524 1004
524 1008
524 1132
524 1516
524 1618
524 1884
524 1987
524 2168
524 2203
524 2232
524 2299
524 2706
524 2813
524 3288
524 3308
524 3470
524 4310
524 4365
524 4510
525 540
525 1052
525 1184
525 1573
525 1619
525 1641
525 1798
525 2232
525 3102
525 3687
525 3782
525 3969
525 4096
525 4346
526 546
526 1120
526 1457
526 1487
526 2048
526 2160
526 2171
526 2254
526 2580
526 2732
526 2876
526 2973
526 3669
526 3830
526 4892
527 1392
527 1465
527 1912
527 1938
527 2967
527 3090
527 3098
527 3112
527 3307
527 3661
527 3729
527 3794
527 3916
527 4087
528 1055
528 1324
528 2488
528 2666
528 2925
528 3529
528 3766
528 3852
528 4267
528 4889
528 4897
529 626
529 683
529 1257
529 1260
529 1466
529 1808
529 2538
529 3234
529 3783
529 3789
529 3883
529 3903
529 4766
529 4970
530 871
530 1235
530 1810
530 1870
530 1935
530 2198
530 2752
530 2974
530 2983
530 2985
530 3042
530 3194
530 3249
530 3365
530 3559
530 4048
530 4107
530 4258
530 4335
530 4591
530 4781
530 4798
531 761
531 1010
531 1048
531 1783
531 2414
531 3081
531 3357
531 3996
531 4048
531 4454
531 4610
531 4638
531 4650
532 585
532 1075
532 1452
532 1465
532 1543
532 1736
532 1758
532 2928
532 3071
532 3766
532 4103
532 4492
532 4621
532 4644
533 751
533 818
533 1204
533 1953
533 1962
533 2649
533 2733
533 3019
533 3597
533 4036
533 4474
533 4652
534 748
534 967
534 1190
534 2820
534 2923
534 3132
534 3968
534 4182
534 4573
535 1899
535 2791
535 2882
535 3208
535 4101
535 4102
535 4467
535 4558
536 1694
536 1716
536 1767
536 3371
536 3534
536 3771
536 4474
536 4577
536 4991
537 619
537 1138
537 1687
537 1703
537 1924
537 2001
537 2731
537 2762
537 3209
537 3293
537 3543
537 3672
537 3803
537 4340
537 4495
537 4640
538 1801
538 2176
538 2892
538 3385
538 3748
538 3839
538 4267
538 4694
539 669
539 892
539 1600
539 2058
539 2198
539 2945
539 3195
539 3537
539 3840
539 4070
539 4285
539 4396
539 4464
540 675
540 790
540 951
540 1159
540 1235
540 1813
540 1929
540 2813
540 2835
540 2882
540 3060
540 3717
540 4626
540 4821
541 674
541 988
541 1588
541 2235
541 2528
541 2731
541 3417
541 3516
541 4266
541 4731
541 4880
542 558
542 571
542 981
542 1043
542 1888
542 2141
542 2288
542 3105
542 3128
542 3648
542 3671
542 3706
542 3991
542 4455
542 4491
542 4610
542 4875
543 646
543 1131
543 1637
543 1915
543 1925
543 2128
543 3109
543 3148
543 3270
543 3301
543 3471
543 3756
543 4053
543 4148
543 4242
543 4503
543 4535
543 4590
543 4662
544 1567
544 2103
544 3576
544 3780
544 3802
544 3984
544 4399
544 4459
544 4755
545 651
545 1217
545 1492
545 2141
545 2185
545 2353
545 2366
545 2526
545 2690
545 3249
545 3308
545 4056
545 4409
545 4899
546 1207
546 1598
546 1855
546 1903
546 2228
546 2294
546 2657
546 2698
546 2727
546 2843
546 3320
546 3371
546 3535
546 3641
546 4445
546 4765
546 4906
547 1228
547 1496
547 2011
547 2833
547 3014
547 3124
547 4313
547 4561
547 4693
547 4826
547 4992
548 654
548 1021
548 1339
548 1400
548 1650
548 2379
548 2398
548 2434
548 2531
548 2995
548 3312
548 3773
548 3873
548 3998
548 4063
548 4149
548 4313
548 4615
548 4716
548 4774
548 4836
549 704
549 1174
549 1421
549 1775
549 2568
549 3074
549 3684
549 4101
550 1217
550 1481
550 1817
550 2001
550 2023
550 2533
550 2711
550 3936
550 4127
550 4720
550 4947
551 1472
551 1480
551 1604
551 2014
551 2248
551 2297
551 2496
551 2609
551 2834
551 4270
551 4605
551 4782
552 651
552 938
552 1202
552 1349
552 1399
552 2009
552 2276
552 2350
552 2655
552 3654
552 3906
552 4388
552 4442
553 1595
553 1625
553 1773
553 1836
553 3781
553 4314
553 4442
553 4619
553 4843
553 4985
554 685
554 913
554 1219
554 1376
554 1685
554 1829
554 2064
554 2915
554 3859
554 4070
554 4117
554 4584
554 4773
555 582
555 1555
555 3101
555 3572
555 3597
556 736
556 789
556 960
556 1059
556 1902
556 2348
556 2593
556 3187
556 4100
556 4299
556 4496
556 4544
557 684
557 1383
557 1946
557 2227
557 2247
557 2635
557 2879
557 3194
557 3898
557 3969
557 4280
557 4284
558 943
558 1172
558 1284
558 1860
558 2363
558 2399
558 2403
558 2423
558 2537
558 3098
558 3555
558 3616
558 4231
558 4821
559 1534
559 1792
559 1912
559 2255
559 2413
559 2489
559 3093
559 3203
559 3348
559 3603
559 3680
559 4239
559 4240
559 4699
559 4727
560 1212
560 1468
560 2008
560 2084
560 2761
560 3130
560 3524
560 3823
560 4217
560 4258
560 4750
561 913
561 1246
561 1363
561 1754
561 2280
561 2379
561 2453
561 2517
561 2916
561 3073
561 3635
561 3674
561 4007
561 4415
561 4448
561 4490
561 4524
562 675
562 1494
562 1634
562 1850
562 2303
562 2512
562 2608
562 2796
562 3403
562 3897
562 4570
563 1456
563 1992
563 2246
563 2276
563 2370
563 2457
563 2684
563 3178
563 3523
563 4307
563 4783
563 4831
564 1165
564 1243
564 2137
564 2304
564 2347
564 2431
564 2505
564 3195
564 3307
564 3533
564 4172
564 4367
564 4381
564 4763
565 691
565 848
565 1429
565 1665
565 1674
565 1839
565 2015
565 2759
565 2807
565 3210
565 3234
565 3267
565 3331
565 3529
565 3630
565 3840
565 3881
565 3892
565 4351
565 4438
565 4773
566 593
566 936
566 1264
566 1518
566 2168
566 2450
566 2653
566 3349
566 3536
566 3853
566 3911
566 4233
566 4639
566 4802
567 1243
567 1861
567 2259
567 2346
567 2515
567 3172
567 3621
567 3859
567 4606
567 4651
567 4733
568 2469
568 2706
568 3648
568 3991
568 4767
568 4849
569 650
569 924
569 1519
569 2646
569 2876
569 3331
569 3885
569 4153
569 4345
569 4656
570 636
570 1118
570 1628
570 1692
570 2115
570 2255
570 2495
570 2672
570 2752
570 2830
570 3163
570 3350
570 3620
570 3649
570 4083
570 4394
570 4403
570 4422
571 950
571 963
571 1938
571 2250
571 3416
571 3425
571 3849
571 3865
571 4103
571 4260
571 4796
571 4881
572 814
572 1456
572 2087
572 2137
572 2500
572 2873
572 3009
572 3316
572 3668
572 4592
572 4671
573 1582
573 2400
573 2918
573 3339
573 4045
573 4052
573 4990
574 587
574 625
574 843
574 1330
574 1344
574 1492
574 1498
574 1798
574 1817
574 2778
574 3100
574 3450
574 3824
574 4372
574 4401
575 643
575 720
575 1298
575 2183
575 2393
575 2448
575 3244
575 3756
575 3777
575 4637
576 1110
576 2528
576 2873
576 3696
576 3797
576 4237
576 4244
577 694
577 757
577 1487
577 1737
577 2034
577 2227
577 2642
577 3237
577 3360
577 3596
577 4053
577 4304
577 4383
577 4419
577 4535
577 4562
577 4701
578 580
578 897
578 962
578 1336
578 1364
578 2430
578 2747
578 3081
578 3122
578 3197
578 3708
578 4628
578 4674
579 763
579 941
579 1129
579 1224
579 1503
579 2110
579 2535
579 3028
579 3918
579 4232
579 4732
579 4851
579 4869
580 762
580 945
580 1014
580 1044
580 1096
580 1571
580 1741
580 1792
580 2249
580 2287
580 2357
580 2570
580 2869
580 3188
580 3341
580 4172
581 1021
581 1027
581 1646
581 1761
581 1832
581 1899
581 2170
581 2363
581 2726
581 2801
581 2879
581 2939
581 3520
581 3913
581 3952
582 664
582 1222
582 1678
582 1699
582 1759
582 1772
582 2438
582 2903
582 3407
582 3711
582 3923
582 4447
582 4576
582 4921
582 4933
583 1029
583 1326
583 1866
583 1908
583 2834
583 3480
583 3637
583 3835
583 3927
583 4306
583 4426
583 4473
583 4692
583 4742
584 1021
584 1072
584 1333
584 1736
584 2128
584 2262
584 2540
584 2555
584 2685
584 2747
584 2804
584 3006
584 3466
584 3588
584 3912
584 4002
584 4461
584 4843
585 701
585 703
585 765
585 1055
585 1948
585 2025
585 2309
585 2490
585 3685
585 4319
585 4339
585 4353
586 901
586 1247
586 1609
586 1968
586 2309
586 2512
586 3786
586 4849
587 684
587 836
587 1000
587 1103
587 1505
587 1515
587 1603
587 1970
587 2458
587 3058
587 4019
588 1929
588 3430
588 3502
588 3671
588 4815
588 4829
588 4898
589 1109
589 1237
589 1401
589 1878
589 2257
589 2501
589 2665
589 2803
589 3008
589 3457
589 3511
589 3581
589 3655
589 4661
590 958
590 1546
590 1802
590 2527
590 2588
590 2611
590 2855
590 2891
590 3020
590 3415
590 3482
590 3621
590 3624
590 3839
590 3972
590 4265
590 4792
590 4799
591 694
591 786
591 1647
591 1942
591 2180
591 2959
591 3840
591 4084
591 4188
592 776
592 1202
592 1315
592 1724
592 2236
592 2418
592 2630
592 3056
592 3370
592 3497
592 3745
592 4572
592 4709
592 4942
593 658
593 833
593 838
593 868
593 1084
593 1296
593 1339
593 1400
593 1613
593 2055
593 2726
593 2763
593 2818
593 2998
593 3708
593 3872
593 4138
593 4399
593 4859
594 1156
594 1936
594 2057
594 2072
594 2393
594 2419
594 4266
594 4857
595 817
595 1421
595 1483
595 2045
595 2083
595 2223
595 2509
595 2526
595 2649
595 2769
595 3127
595 3629
595 3737
595 3965
595 4319
595 4478
595 4615
596 1262
596 1351
596 1512
596 2106
596 2856
596 3070
596 3108
596 3160
596 3466
596 3522
597 1049
597 1550
597 1786
597 1891
597 1940
597 1964
597 2041
597 2403
597 2617
597 2937
597 2971
597 4080
597 4300
597 4587
597 4688
598 765
598 824
598 1050
598 1071
598 1105
598 1112
598 1346
598 1564
598 1817
598 1990
598 2010
598 2020
598 2331
598 2469
598 2582
598 2587
598 2677
598 2893
598 3765
598 4279
598 4469
598 4754
598 4777
599 641
599 1009
599 1055
599 1566
599 1684
599 2040
599 2048
599 2064
599 2700
599 2932
599 3666
599 4046
599 4594
599 4642
599 4959
600 1207
600 1394
600 1600
600 1939
600 3212
601 1003
601 1562
601 1653
601 1894
601 2023
601 2214
601 2504
601 2518
601 3120
601 3163
601 3704
601 4222
601 4521
602 613
602 614
602 835
602 885
602 1211
602 1507
602 1523
602 1537
602 1683
602 2571
602 2658
602 2661
602 2752
602 2796
602 3207
602 3225
602 3589
602 4266
602 4292
602 4489
602 4509
603 609
603 745
603 2073
603 2610
603 2728
603 2799
603 2861
603 2874
603 3720
603 3913
603 4007
603 4104
603 4377
603 4534
604 770
604 926
604 1011
604 1029
604 1034
604 1191
604 1350
604 1953
604 2309
604 3069
604 3080
604 3284
604 3326
604 3717
604 3970
604 4068
604 4218
604 4843
604 4970
605 942
605 1810
605 1993
605 2912
605 2937
605 3998
605 4236
605 4521
606 874
606 914
606 1230
606 1231
606 1833
606 1887
606 2972
606 3209
606 3317
606 3332
606 3618
606 4027
606 4312
607 683
607 1022
607 1203
607 1219
607 1296
607 2190
607 2449
607 2486
607 3113
607 3389
607 3685
607 3723
607 3881
607 4417
607 4426
607 4527
607 4651
607 4793
607 4854
608 947
608 2668
608 2705
608 2755
608 3276
608 3603
608 3649
608 4992
609 626
609 940
609 1798
609 1930
609 2133
609 2223
609 2584
609 2627
609 3037
609 3321
609 3633
609 4007
609 4103
609 4114
609 4220
609 4465
609 4709
610 916
610 1072
610 1360
610 1835
610 2108
610 2405
610 2439
610 2451
610 2639
610 2811
610 3211
610 4286
610 4515
610 4660
611 825
611 1430
611 1608
611 1784
611 1817
611 2005
611 2470
611 2711
611 2732
611 3060
611 3659
611 3872
611 3881
611 4789
612 757
612 781
612 1032
612 1110
612 1465
612 1518
612 2492
612 2738
612 2825
612 2913
612 2973
612 3430
612 3804
612 4140
612 4200
612 4576
612 4639
613 722
613 749
613 993
613 1978
613 2289
613 2480
613 2643
613 2826
613 3433
613 3613
613 3639
613 3791
613 3869
613 3932
613 3942
613 4409
613 4652
613 4754
614 929
614 1595
614 1870
614 2196
614 2203
614 2456
614 2632
614 3052
614 3104
614 3309
614 3397
614 4334
614 4389
614 4612
614 4891
615 806
615 948
615 1156
615 1288
615 1572
615 1757
615 1923
615 2510
615 2840
615 3228
615 3959
615 3966
615 4230
615 4378
616 678
616 875
616 885
616 979
616 1211
616 1392
616 1883
616 1914
616 1938
616 3200
616 3497
616 4773
616 4871
616 4935
617 936
617 954
617 967
617 1453
617 1546
617 1558
617 1629
617 1633
617 1740
617 1909
617 2031
617 2122
617 2328
617 2554
617 2625
617 2768
617 2857
617 2908
617 3097
617 3234
617 3621
618 679
618 927
618 1792
618 2990
618 3090
618 3619
618 4332
619 774
619 857
619 1339
619 1355
619 1487
619 1783
619 1990
619 2104
619 2112
619 2239
619 2414
619 2669
619 3907
619 4119
619 4204
620 663
620 757
620 1638
620 2163
620 3159
620 3229
620 3755
620 3886
620 4161
620 4175
620 4335
620 4451
620 4535
620 4537
620 4726
620 4823
620 4849
620 4953
621 766
621 1134
621 1425
621 2221
621 2819
621 3608
621 3702
621 3784
621 3799
621 4456
621 4694
621 4754
621 4829
621 4928
621 4931
622 1211
622 1540
622 1794
622 3140
622 3179
622 3544
622 4563
622 4655
623 960
623 2285
623 2853
623 3256
623 3690
623 3831
623 4251
624 654
624 775
624 893
624 1394
624 1722
624 1892
624 3084
624 3545
624 3648
624 4030
624 4686
625 1212
625 1313
625 1458
625 1907
625 1932
625 2029
625 2343
625 2517
625 2877
625 2895
625 2997
625 3084
625 3435
625 3746
625 4808
626 1108
626 1352
626 1489
626 1582
626 1967
626 2262
626 2484
626 2666
626 2779
626 3082
626 3727
626 4230
627 882
627 939
627 1161
627 1264
627 1510
627 1758
627 2383
627 3138
627 3178
627 3389
627 3952
627 3979
627 4137
627 4347
628 1323
628 1512
628 1646
628 1651
628 1738
628 1790
628 1897
628 2010
628 2289
628 2740
628 2803
628 3168
628 3233
628 3292
628 3697
628 4084
628 4132
628 4451
628 4952
629 1249
629 1366
629 1871
629 2063
629 2101
629 2260
629 3048
629 3191
629 3292
629 3353
629 3692
629 3809
629 4110
629 4232
629 4427
629 4635
630 1579
630 2354
630 2914
630 4187
630 4206
630 4293
631 708
631 828
631 934
631 1238
631 1600
631 2033
631 2329
631 2852
631 4273
631 4687
631 4814
631 4993
632 959
632 2072
632 2239
632 2276
632 2859
632 3174
632 3283
632 3528
632 3706
632 4033
632 4077
632 4530
633 741
633 964
633 1573
633 1673
633 1908
633 2432
633 2570
633 2600
633 2730
633 2798
633 3082
633 3390
633 3526
633 3582
633 4146
634 697
634 1557
634 2009
634 2052
634 2647
634 2830
634 3117
634 3850
634 4436
635 1292
635 3182
635 3344
635 4462
635 4954
636 715
636 820
636 1057
636 1313
636 1578
636 1587
636 1979
636 2771
636 3258
636 3602
636 3638
636 3642
636 3853
636 4603
636 4865
637 812
637 1220
637 1238
637 1303
637 1326
637 1399
637 1522
637 1756
637 2081
637 2095
637 2466
637 2513
637 3068
637 3188
637 3726
637 3856
637 4074
637 4441
637 4571
638 864
638 2741
638 3551
638 3794
638 4897
639 1132
639 1408
639 1632
639 1945
639 2062
639 2881
639 3202
639 3282
639 3311
639 3532
639 3564
639 3740
639 4844
640 1177
640 1296
640 1481
640 1879
640 2243
640 2376
640 2411
640 2487
640 3603
640 3975
640 4197
640 4265
640 4329
640 4463
640 4617
640 4946
641 993
641 1080
641 1455
641 2218
641 2344
641 3349
641 3411
641 3570
641 4111
641 4334
641 4651
641 4735
641 4833
642 941
642 984
642 1431
642 4151
642 4427
642 4577
642 4678
642 4983
643 1336
643 1948
643 2188
643 2253
643 2314
643 3033
643 3052
643 3230
643 3504
643 3898
643 4351
643 4736
644 2639
644 3061
644 3361
644 3653
644 3676
644 4005
644 4032
644 4115
645 675
645 932
645 1023
645 1102
645 1197
645 1411
645 1709
645 2150
645 2347
645 2402
645 2825
645 2839
645 3492
645 3770
645 4124
645 4342
645 4494
645 4623
645 4788
646 939
646 1058
646 1394
646 1897
646 2212
646 2652
646 3106
646 3167
646 3548
647 1241
647 1324
647 1352
647 2006
647 2418
647 2853
647 2911
647 3170
647 3322
647 4280
647 4809
647 4816
648 1034
648 1387
648 1922
648 2138
648 2685
648 2754
648 3043
648 3224
648 4703
648 4763
648 4846
649 1520
649 1559
649 2534
649 2634
649 3589
649 3643
649 3706
649 3766
649 4585
649 4769
649 4948
650 834
650 1100
650 1727
650 1893
650 1975
650 2001
650 2689
650 2733
650 2755
650 3203
650 3745
650 4022
650 4446
650 4630
651 672
651 831
651 1386
651 1416
651 1818
651 1981
651 2117
651 2570
651 2746
651 3973
651 4468
651 4597
652 694
652 853
652 1234
652 1688
652 1742
652 2197
652 3454
652 4534
652 4705
653 964
653 1043
653 1267
653 1626
653 2339
653 2366
653 2461
653 3542
653 3892
653 4093
653 4130
653 4618
654 758
654 1205
654 1484
654 1761
654 1922
654 2070
654 2601
654 2927
654 3324
654 3668
654 3851
654 4359
654 4380
655 694
655 705
655 793
655 853
655 1032
655 1606
655 2356
655 2808
655 3541
655 3649
655 3700
655 3707
655 3730
655 3843
655 4029
655 4978
656 827
656 926
656 1084
656 1487
656 1686
656 1712
656 1754
656 2602
656 2624
656 2782
656 3584
656 3856
656 3898
656 4263
656 4527
656 4603
656 4727
656 4740
656 4813
656 4832
657 774
657 903
657 1235
657 1359
657 2183
657 3181
657 3970
657 4209
657 4773
657 4801
657 4834
657 4995
658 745
658 1261
658 1885
658 2902
658 3018
658 3302
658 3524
658 4849
658 4863
659 887
659 1043
659 1180
659 1215
659 1421
659 1489
659 1496
659 2290
659 2434
659 2441
659 2561
659 2939
659 3381
659 3599
659 3721
659 4089
659 4132
659 4241
659 4450
660 1089
660 1254
660 1539
660 2130
660 2620
660 2992
660 3292
660 3533
660 3871
660 3978
660 4221
661 1088
661 1196
661 2172
661 3035
661 3222
661 3321
661 3568
661 4137
661 4334
661 4384
661 4925
661 4940
662 877
662 1032
662 1383
662 1593
662 2054
662 2094
662 2584
662 2633
662 3545
662 3676
662 3862
662 4236
662 4481
662 4822
663 761
663 1083
663 1396
663 1495
663 1980
663 1987
663 2093
663 2396
663 2512
663 2613
663 2952
663 3455
663 4055
664 1047
664 1540
664 1734
664 2296
664 2500
664 2915
664 3692
664 3899
664 4339
665 1082
665 1320
665 2656
665 2795
665 2995
665 3021
665 3328
665 3760
665 3855
665 4049
665 4888
666 1793
666 2248
666 2290
666 2317
666 2952
666 2982
666 3268
666 4092
666 4421
666 4425
667 1553
667 2166
667 2708
667 2814
667 3305
667 3534
667 3768
667 4215
668 1212
668 1363
668 1738
668 1991
668 3126
668 3707
668 3792
668 4841
669 730
669 1288
669 1389
669 1556
669 2127
669 2607
669 2730
669 2811
669 2814
669 2883
669 3190
669 4267
669 4272
669 4525
670 998
670 1073
670 1711
670 1862
670 2081
670 2237
670 2925
670 3535
670 4651
670 4972
670 4994
671 975
671 1072
671 1408
671 1634
671 1723
671 1760
671 1854
671 2005
671 2667
671 2673
671 4259
671 4735
672 1192
672 1781
672 2003
672 2027
672 2131
672 2232
672 2248
672 2260
672 2547
672 2640
672 2994
672 3262
672 3532
672 3784
672 3972
672 4084
672 4435
673 1593
673 1727
673 1861
673 1991
673 2013
673 3100
673 3230
673 3320
673 3676
674 820
674 1588
674 1836
674 2006
674 2376
674 2495
674 2535
674 3535
674 4030
675 1227
675 1702
675 1706
675 1879
675 1988
675 2319
675 2534
675 2553
675 3308
675 3507
675 3509
675 3843
675 4121
675 4237
676 868
676 1628
676 1760
676 3269
676 3334
676 4115
676 4294
676 4535
676 4975
677 1438
677 1816
677 2337
677 2377
677 3241
677 3408
677 3949
677 4122
677 4150
677 4998
678 1096
678 1232
678 1335
678 2127
678 2596
678 2999
678 3075
678 3440
678 3690
678 3698
678 4198
678 4252
678 4408
678 4823
678 4853
679 1231
679 1236
679 1916
679 2022
679 2144
679 2255
679 2259
679 2741
679 2794
679 3000
679 3098
679 3583
679 3972
679 4265
679 4323
679 4688
679 4953
680 1240
680 1328
680 1790
680 2001
680 2220
680 2360
680 2867
680 3231
680 3482
680 3771
680 3884
680 4088
680 4569
681 1106
681 1304
681 1329
681 1581
681 2279
681 3184
681 3662
681 4157
681 4274
681 4573
681 4780
681 4907
681 4918
682 875
682 902
682 983
682 2019
682 2109
682 2183
682 2438
682 4064
682 4104
682 4145
682 4227
682 4541
682 4606
682 4825
682 4905
683 2012
683 2020
683 2143
683 2645
683 3081
683 3092
683 3159
683 3373
683 3433
683 4085
683 4170
683 4211
683 4298
683 4381
683 4465
683 4483
683 4690
683 4776
683 4899
684 1095
684 1374
684 1663
684 1695
684 3622
684 3928
684 3983
684 4775
684 4782
685 1141
685 1142
685 1326
685 1620
685 1760
685 1834
685 1845
685 2022
685 2039
685 2082
685 2269
685 2321
685 2703
685 3033
685 3451
686 874
686 924
686 1261
686 1422
686 1449
686 1500
686 1792
686 1849
686 2283
686 2581
686 2708
686 3066
686 3419
686 3839
686 3945
686 4474
686 4601
686 4653
686 4737
687 755
687 884
687 1576
687 1812
687 1861
687 2795
687 3033
687 3527
687 3553
687 3836
687 4083
687 4410
688 927
688 1150
688 1739
688 2034
688 2354
688 3321
688 3331
688 3336
688 3460
688 3524
688 3527
688 3911
688 3952
688 4332
688 4563
688 4574
688 4775
688 4806
688 4813
689 791
689 1273
689 2727
689 3683
689 4205
689 4554
689 4718
689 4868
689 4930
690 1262
690 1373
690 1786
690 1837
690 2022
690 3560
690 4418
690 4458
690 4460
691 784
691 1665
691 2375
691 3057
691 3220
691 3646
691 3683
691 4200
691 4711
692 1223
692 1285
692 1389
692 1724
692 2268
692 2714
692 2922
692 3259
692 3381
692 4571
692 4745
692 4813
692 4906
693 1029
693 2043
693 2173
693 2319
693 2651
693 2859
693 3161
693 3189
693 3939
693 4160
693 4323
693 4945
694 928
694 1201
694 1244
694 1678
694 1947
694 2022
694 3031
694 3193
694 3285
694 4379
694 4682
695 950
695 1431
695 1469
695 1510
695 2067
695 2411
695 2567
695 2878
695 3423
695 3593
695 3742
696 1356
696 1436
696 1520
696 1524
696 2017
696 2030
696 2666
696 2694
696 3412
696 3661
696 4126
696 4298
696 4338
696 4390
696 4547
696 4949
697 926
697 1250
697 1561
697 3182
697 3312
697 3462
697 3654
697 3679
697 3851
697 4164
697 4218
697 4406
697 4593
697 4924
698 1175
698 1617
698 2452
698 2522
698 2682
698 3537
698 3681
698 3878
698 3917
698 4849
699 727
699 897
699 1947
699 2667
699 3456
699 3676
699 4623
699 4687
699 4899
700 839
700 875
700 905
700 928
700 1707
700 2691
700 3245
700 3615
700 3748
700 4570
700 4619
700 4828
701 779
701 1385
701 1664
701 1708
701 1742
701 1745
701 2205
701 2602
701 2725
701 3186
701 4003
701 4343
701 4867
702 753
702 974
702 1668
702 2764
702 3923
702 4191
702 4765
702 4872
703 769
703 1152
703 1580
703 1647
703 2129
703 2457
703 2458
703 2507
703 2792
703 3001
703 3012
703 3376
703 3659
703 4828
704 1098
704 1476
704 1683
704 1799
704 2533
704 2619
704 2697
704 2840
704 2948
704 3166
704 3189
704 3290
704 4993
705 1385
705 1416
705 1527
705 1530
705 1909
705 2197
705 3284
705 3293
705 4051
705 4083
705 4093
705 4220
705 4335
705 4669
705 4699
705 4747
705 4774
706 1552
706 1768
706 2060
706 2113
706 2641
706 2695
706 3330
706 3805
707 956
707 1334
707 1343
707 1920
707 2044
707 4457
707 4683
708 2731
708 2743
708 3086
708 3726
708 4363
708 4439
709 1134
709 1249
709 1602
709 2163
709 2730
709 2780
709 3518
709 3826
709 4080
709 4181
709 4235
709 4454
709 4499
709 4538
709 4798
709 5000
710 853
710 1143
710 2615
710 3042
710 3086
710 3736
710 4410
710 4498
711 766
711 1097
711 1466
711 1470
711 2090
711 3314
711 3459
711 3512
711 4068
711 4208
711 4544
711 4682
711 4926
712 717
712 731
712 985
712 1174
712 2149
712 2254
712 2815
712 3051
712 3357
712 3387
712 3880
712 4176
712 4772
713 738
713 891
713 1125
713 1181
713 1823
713 2232
713 2674
713 3694
713 3828
713 4299
714 1067
714 1185
714 1226
714 1313
714 1320
714 1329
714 1738
714 1998
714 2261
714 2600
714 2831
714 3029
714 3592
714 3943
714 4183
714 4873
715 1654
715 1988
715 2040
715 2332
715 2352
715 2864
715 3921
715 4370
715 4557
716 736
716 1117
716 1314
716 1433
716 1889
716 3247
716 3552
716 3588
716 3733
716 4097
716 4494
717 721
717 733
717 854
717 1169
717 1339
717 2071
717 2549
717 2808
717 3390
717 3731
717 3897
717 4022
717 4226
717 4657
717 4955
718 826
718 1370
718 1800
718 1850
718 2048
718 3270
718 3526
718 3646
718 3930
718 4389
718 4474
719 813
719 981
719 1300
719 2510
719 2642
719 3072
719 3695
719 4121
719 4132
719 4822
719 4855
720 1194
720 1315
720 1458
720 2079
720 2154
720 2756
720 2826
720 3457
720 3575
720 3749
720 4172
720 4233
720 4464
720 4470
720 4565
720 4640
721 2620
721 2702
721 2894
721 3057
721 3650
721 4486
721 4494
721 4581
721 4706
722 1047
722 1502
722 1689
722 1881
722 1975
722 2257
722 2679
722 2825
722 2930
722 3127
722 3325
722 3671
722 4197
722 4211
722 4216
722 4362
722 4819
722 4925
723 1324
723 1420
723 1590
723 1639
723 1720
723 2136
723 3186
723 3809
723 4001
723 4960
724 793
724 810
724 1048
724 1780
724 1904
724 1912
724 2108
724 3282
724 4023
724 4069
724 4978
725 895
725 1184
725 1466
725 1609
725 1838
725 2563
725 2602
725 3284
725 4193
725 4595
726 750
726 1049
726 1169
726 1789
726 1857
726 2975
726 3025
726 3085
726 3262
726 4464
726 4499
726 4722
727 740
727 1408
727 1448
727 1554
727 1969
727 2212
727 2633
727 3585
727 3826
727 4007
727 4131
727 4260
727 4323
727 4365
727 4937
728 773
728 961
728 1623
728 1721
728 1970
728 2581
728 2978
728 3550
728 3737
728 4022
728 4028
728 4306
728 4429
728 4501
728 4787
728 4897
729 1029
729 1455
729 2604
729 2877
729 2897
729 3124
729 3183
729 3499
729 4914
729 4959
730 877
730 1003
730 1512
730 2434
730 2440
730 2708
730 2844
730 2874
730 2979
730 3211
730 3298
730 3729
730 3984
730 4079
730 4552
730 4597
731 763
731 1005
731 1044
731 1769
731 1823
731 2658
731 3244
731 3588
731 3615
731 3838
731 4040
731 4207
731 4236
731 4975
732 894
732 1177
732 1232
732 1348
732 1539
732 1800
732 2686
732 3471
732 3620
732 3635
732 4126
733 787
733 837
733 941
733 1131
733 1169
733 1230
733 1254
733 1332
733 1408
733 1439
733 1634
733 1703
733 1892
733 2468
733 2686
733 3510
733 4533
733 4543
733 4685
733 4708
733 4781
733 4796
733 4906
734 1478
734 1601
734 1608
734 1621
734 1680
734 1728
734 2003
734 2326
734 2536
734 2685
734 3014
734 3300
734 3324
734 3384
734 3734
734 3781
734 3882
734 4150
734 4311
734 4408
734 4504
734 4535
734 4731
734 4843
735 947
735 1260
735 1537
735 1757
735 2080
735 2879
735 2898
735 3222
735 3471
735 3650
735 3974
735 3993
735 4524
735 4589
735 4850
736 841
736 863
736 1110
736 1275
736 1649
736 1786
736 1841
736 2797
736 2864
736 2927
736 3300
736 3448
736 3477
736 3525
736 3791
736 4145
736 4915
736 4976
737 1458
737 1604
737 1696
737 2260
737 2360
737 2362
737 2387
737 2509
737 2667
737 3064
737 3336
737 3973
737 4520
737 4542
737 4569
738 987
738 1445
738 1485
738 1525
738 2101
738 2297
738 2404
738 3225
738 4678
738 4705
738 4888
738 5000
739 887
739 953
739 1312
739 2235
739 2501
739 2602
739 2778
739 2898
739 2954
739 3143
739 3415
739 3896
739 4429
740 1838
740 3437
740 4319
740 4677
740 4908
740 4924
741 818
741 952
741 1080
741 1417
741 1827
741 2343
741 2542
741 3223
741 3350
741 3451
741 4329
741 4371
741 4751
742 1855
742 2137
742 2620
742 2723
742 2962
742 3068
742 4479
742 4737
743 1612
743 1629
743 1753
743 2298
743 2617
743 2716
743 3122
743 3230
743 3713
743 3993
743 4320
743 4719
743 4822
743 4860
744 940
744 943
744 1098
744 1354
744 2159
744 2272
744 2950
744 3027
744 3448
744 3639
744 3787
744 4078
744 4462
744 4671
744 4811
745 872
745 1058
745 1067
745 1647
745 2312
745 2492
745 2627
745 3554
745 4023
745 4073
745 4174
745 4288
746 1237
746 1927
746 2343
746 2450
746 2506
746 2644
746 3163
746 3234
746 3572
746 3747
746 4098
746 4147
746 4318
746 4509
747 899
747 955
747 1001
747 1294
747 2178
747 2887
747 2969
747 3041
747 3464
747 4131
747 4181
747 4197
747 4212
747 4388
747 4788
748 1468
748 1784
748 2078
748 2096
748 2246
748 2273
748 3045
748 3262
748 3468
748 3485
748 3577
748 3779
748 4298
749 1182
749 1614
749 1933
749 1989
749 2328
749 2512
749 2819
749 3134
749 3346
749 4079
749 4369
749 4413
749 4448
749 4774
749 4889
749 4999
750 1356
750 1412
750 1876
750 2558
750 2642
750 2813
750 3141
750 3237
750 3687
750 3713
750 3811
750 3822
750 3836
750 4791
751 1077
751 1759
751 1779
751 2190
751 2229
751 3436
751 3504
751 4301
752 1423
752 1487
752 1601
752 1954
752 2182
752 2900
752 3022
752 3476
752 4344
752 4422
752 4513
752 4640
752 4780
753 846
753 975
753 1547
753 1683
753 2051
753 2188
753 2230
753 2800
753 2997
753 3151
753 3191
753 3360
753 3428
753 3615
753 3666
753 4219
753 4229
753 4460
753 4660
753 4709
754 804
754 1109
754 1318
754 1457
754 1919
754 2019
754 2366
754 2967
754 3033
754 3243
754 3947
754 4270
755 824
755 843
755 893
755 1938
755 2180
755 2593
755 3500
755 4046
755 4321
755 4459
755 4541
756 1230
756 1512
756 1538
756 1958
756 2046
756 2200
756 2304
756 2503
756 2647
756 2944
756 3005
756 3093
756 3145
756 3189
756 3322
756 3447
756 3468
756 3947
756 4037
756 4123
756 4852
757 1031
757 1806
757 2117
757 2789
757 2930
757 3180
757 3456
757 3534
757 3830
757 3989
757 4506
757 4571
757 4683
757 4876
757 4883
757 4909
758 1162
758 1203
758 1211
758 1445
758 1907
758 2241
758 2861
758 3064
758 3363
758 3661
758 4399
759 801
759 1220
759 1339
759 1993
759 2333
759 2510
759 3334
759 3476
759 3634
759 3690
759 3722
759 3820
759 4835
760 764
760 1203
760 1936
760 1973
760 2736
760 2825
760 2984
760 3375
760 4289
760 4328
760 4852
760 4936
761 1067
761 1182
761 1193
761 1408
761 2013
761 2015
761 2056
761 3212
761 3491
761 3610
761 4100
761 4590
761 4993
762 1299
762 1618
762 2119
762 2192
762 2488
762 4081
762 4452
762 4648
762 4728
763 916
763 1018
763 1389
763 1942
763 2767
763 2849
763 3674
763 3868
763 3897
763 4248
763 4720
764 821
764 897
764 946
764 1003
764 1483
764 1509
764 1541
764 2173
764 2294
764 4673
765 802
765 985
765 1101
765 1136
765 1903
765 2415
765 3082
765 3680
765 3840
765 4068
765 4258
765 4483
766 1513
766 1875
766 2226
766 3091
766 3648
766 4842
766 4991
767 1376
767 1708
767 1880
767 2844
767 2933
767 3052
767 3850
767 3953
767 4619
767 4770
767 4867
768 926
768 1148
768 1479
768 1502
768 2197
768 2503
768 2955
768 3048
768 3361
768 3450
768 3587
768 4108
769 1040
769 1482
769 1494
769 1629
769 1735
769 2753
769 3014
769 3754
769 4215
769 4251
770 967
770 1376
770 2040
770 2114
770 2588
770 2705
770 2818
770 3146
770 3256
770 3315
770 3663
770 3764
770 3965
770 4324
770 4937
771 822
771 1291
771 1429
771 2918
771 3208
771 3516
771 3931
771 4350
771 4676
771 4724
771 4903
772 1119
772 1590
772 1798
772 2494
772 3105
772 3789
772 4667
772 4914
773 2154
773 2825
773 2850
773 3171
773 3200
773 3263
773 3324
773 3353
773 4664
773 4765
774 1411
774 2046
774 2154
774 2267
774 2557
774 2565
774 2633
774 2866
774 3085
774 3566
774 3951
774 4702
775 871
775 1851
775 1899
775 2051
775 2531
775 2709
775 2816
775 2956
775 3182
775 3304
775 4208
775 4213
775 4261
775 4958
776 904
776 1548
776 1692
776 1851
776 2155
776 2393
776 2686
776 3042
776 3532
776 3734
776 3835
776 4078
776 4774
776 4810
776 4870
777 1679
777 2012
777 2046
777 2103
777 2668
777 3106
777 3312
777 3682
777 3831
777 4171
777 4389
777 4529
777 4646
777 4874
777 4921
778 2760
778 2887
778 2918
778 3734
778 3975
778 4924
779 1676
779 2008
779 2334
779 2707
779 3296
779 4039
779 4507
779 4596
779 4606
779 4929
780 928
780 2426
780 2512
780 2737
780 3466
780 3677
780 3899
780 4096
780 4284
780 4782
780 4808
781 2475
781 2553
781 2629
781 2810
781 2828
781 2952
781 2962
781 3476
781 3641
781 4737
782 1507
782 1959
782 2096
782 2540
782 2737
782 2981
782 3325
782 3722
782 4030
782 4354
782 4397
782 4957
783 890
783 1005
783 1616
783 2067
783 2598
783 2937
783 2969
783 3047
783 3141
783 3584
783 3656
783 4069
783 4657
784 790
784 2305
784 2330
784 2334
784 2403
784 2579
784 3407
784 3883
784 4311
784 4520
784 4791
784 4955
785 1225
785 1347
785 1925
785 2295
785 2463
785 2612
785 3216
785 3375
785 4062
785 4146
785 4705
785 4828
786 1216
786 1691
786 2182
786 2813
786 2859
786 3478
786 3969
786 4175
787 815
787 1056
787 1431
787 1916
787 2047
787 2164
787 2540
787 2705
787 3010
787 3288
787 3972
787 4024
788 918
788 1033
788 1607
788 1778
788 1874
788 1876
788 2033
788 2453
788 2543
788 2894
788 3583
789 1035
789 1118
789 1721
789 2543
789 2931
789 3441
789 3580
789 4089
789 4102
789 4536
790 819
790 875
790 1296
790 2281
790 2401
790 3115
790 3288
790 3484
790 3922
790 4348
791 802
791 937
791 1112
791 1333
791 1621
791 2623
791 2727
791 3118
791 3246
791 3558
791 3733
791 4527
791 4613
791 4728
792 895
792 1112
792 1175
792 1208
792 1237
792 1405
792 1970
792 2022
792 2157
792 2562
792 3010
792 3211
792 3361
792 3950
792 4110
792 4145
792 4235
792 4788
792 4985
793 1123
793 1940
793 2153
793 2247
793 2620
793 2834
793 2857
793 3003
793 3328
793 3396
793 3576
793 4182
793 4861
794 842
794 844
794 1263
794 1389
794 1733
794 2472
794 2473
794 2490
794 2935
794 3097
794 3458
794 3539
794 3935
794 4379
794 4588
795 884
795 1681
795 2187
795 2839
795 3175
795 3300
795 3468
795 3783
795 4355
796 929
796 1255
796 1300
796 1720
796 1834
796 1871
796 2587
796 3577
796 3587
796 3621
796 4010
796 4155
796 4328
796 4958
797 1132
797 1508
797 1515
797 2321
797 2597
797 3358
797 4500
797 4575
797 4625
797 4872
798 830
798 929
798 1552
798 1984
798 2379
798 2643
798 2781
798 2935
798 3039
798 3246
798 4339
798 4404
798 4611
799 862
799 1341
799 1500
799 1528
799 1577
799 1675
799 1749
799 1760
799 2187
799 2250
799 2366
799 2586
799 3247
799 3556
799 3657
799 3967
799 4196
799 4729
800 1313
800 1379
800 1518
800 1786
800 1987
800 2192
800 2230
800 2275
800 2732
800 2795
800 2971
800 3077
800 3195
800 3385
800 3464
800 3549
800 3964
800 4022
800 4065
801 826
801 1160
801 1194
801 1213
801 1691
801 1886
801 3369
801 3969
801 4354
801 4585
801 4760
801 4974
802 1130
802 1165
802 1310
802 1840
802 2846
802 2927
802 2947
802 3112
802 4159
802 4285
802 4361
802 4698
802 4987
803 1733
803 1764
803 1820
803 1893
803 1928
803 1933
803 2035
803 3337
803 4088
803 4953
804 835
804 1432
804 2422
804 2872
804 3232
804 3356
804 3371
804 3446
804 4052
804 4301
804 4551
804 4858
805 2114
805 2167
805 2383
805 2582
805 2626
805 2627
805 2679
805 3307
805 3703
805 3747
805 3905
805 4045
805 4628
806 906
806 1004
806 1195
806 1339
806 1366
806 1631
806 1676
806 2520
806 3238
806 3341
806 3618
806 3812
806 4319
806 4497
806 4914
807 1041
807 1417
807 1520
807 1996
807 2328
807 2526
807 2698
807 2842
807 3654
807 3901
807 4103
807 4406
807 4614
807 4773
808 874
808 1133
808 1930
808 2140
808 2477
808 2595
808 3405
808 3615
808 3728
808 3832
808 4158
808 4426
808 4465
808 4878
809 1199
809 1258
809 1393
809 1491
809 1511
809 1648
809 1842
809 2504
809 2545
809 2578
809 2940
809 3202
809 3251
809 3280
809 4073
809 4170
809 4243
809 4300
809 4404
809 4527
809 4861
809 4906
809 4984
810 1004
810 1217
810 1717
810 2779
810 3006
810 3012
810 3594
810 3693
810 3737
810 3892
810 3949
810 4167
811 896
811 1025
811 1242
811 1326
811 1766
811 2736
811 2786
811 2950
811 3191
811 3623
811 3983
811 4366
811 4726
811 4837
812 1050
812 1287
812 1893
812 1931
812 2154
812 2219
812 2741
812 2742
812 2994
812 3201
812 3288
812 3780
812 4897
813 828
813 917
813 918
813 1237
813 1767
813 1882
813 2245
813 2616
813 3060
813 3791
814 1450
814 1623
814 1924
814 2047
814 2089
814 2346
814 2446
814 2838
814 2899
814 3363
814 3460
814 3517
814 3581
814 4370
814 4934
815 989
815 1051
815 1978
815 2095
815 2097
815 2410
815 3143
815 3404
815 3678
815 3699
815 3738
815 4105
816 1109
816 1257
816 1365
816 1615
816 2369
816 2441
816 2478
816 2754
816 2850
816 2943
816 3379
816 3510
816 3542
816 3943
816 4071
816 4329
816 4658
816 4797
817 1696
817 2111
817 2776
817 2874
817 2911
817 3250
817 4878
818 1731
818 2345
818 2553
818 3106
818 3868
818 4271
818 4510
818 4939
819 1137
819 1167
819 1695
819 2467
819 2735
819 2756
819 2973
819 3001
819 3928
819 4147
819 4152
819 4588
820 990
820 1099
820 1852
820 1943
820 2760
820 3042
820 3120
820 3556
820 3786
820 4214
820 4315
820 4507
820 4934
820 4949
821 1631
821 2530
821 2571
821 2575
821 3006
821 3241
821 3249
821 3269
821 3366
821 3425
821 3681
821 4370
821 4381
821 4627
821 4730
822 843
822 875
822 2606
822 2607
822 3060
822 3652
822 4070
822 4221
822 4460
822 4680
822 4984
823 854
823 898
823 1262
823 1381
823 1397
823 2360
823 2782
823 3253
823 3372
823 4611
824 1036
824 1484
824 1747
824 2140
824 2322
824 2831
824 3071
824 3357
824 3832
824 4728
824 4736
824 4953
825 1263
825 1332
825 1988
825 2284
825 2290
825 3116
825 3159
825 3298
825 3472
825 3919
825 3985
825 4774
826 1238
826 1517
826 2048
826 2555
826 2655
826 2714
826 2844
826 3043
826 3884
826 4639
827 1252
827 1602
827 3009
827 3058
827 3143
827 3573
827 4475
827 4494
827 4617
827 4707
827 4944
828 964
828 981
828 1342
828 1479
828 1636
828 2064
828 2122
828 2136
828 2272
828 3028
828 4301
828 4690
828 4841
828 4871
829 952
829 1100
829 1608
829 2338
829 3104
829 3334
829 3348
829 3784
829 4703
830 1485
830 1948
830 2015
830 2566
830 3810
830 4257
830 4625
830 4748
830 4806
830 4977
831 859
831 1010
831 1877
831 2835
831 3037
831 3116
831 3369
831 3759
831 4184
831 4289
832 933
832 1117
832 1705
832 1849
832 1971
832 3065
832 3713
832 3875
832 4145
833 1105
833 1532
833 2693
833 2950
833 3192
833 3621
833 3757
833 3801
833 3982
833 4101
833 4482
833 4540
834 881
834 1050
834 1348
834 1645
834 2086
834 2279
834 3580
834 3716
834 4654
834 4694
834 4779
835 918
835 941
835 1317
835 1951
835 2070
835 2235
835 2452
835 2497
835 2630
835 2708
835 3352
835 4108
836 990
836 1314
836 1532
836 1775
836 2947
836 3380
836 3764
836 4108
836 4324
836 4478
836 4520
837 868
837 1139
837 1953
837 1985
837 2264
837 2402
837 2536
837 2775
837 2893
837 3680
837 4031
837 4835
837 4923
837 4931
838 881
838 949
838 1124
838 1487
838 1578
838 1795
838 2916
838 2944
838 3698
838 4358
838 4651
838 4931
839 859
839 919
839 955
839 1010
839 1857
839 3169
839 3291
839 3355
839 3604
839 3630
839 3635
839 3679
839 3791
839 3908
840 885
840 1485
840 1653
840 2398
840 2437
840 2609
840 2817
840 2915
840 3186
840 3242
840 3344
840 3612
840 3700
840 4741
840 4819
841 885
841 1932
841 2700
841 3436
841 3612
841 4091
841 4181
841 4714
841 4843
842 849
842 1908
842 2326
842 2929
842 3166
842 3180
842 3422
842 3474
842 3751
842 4387
842 4857
843 905
843 1103
843 1434
843 1651
843 1697
843 2411
843 2590
843 3096
843 3306
843 3397
843 3471
843 4775
844 1213
844 1529
844 1673
844 1889
844 2287
844 2357
844 2402
844 3144
844 3234
844 3443
844 3710
844 3787
844 4358
844 4430
845 2054
845 2725
845 3054
845 3193
845 3259
845 3405
845 3446
845 4555
846 1496
846 1647
846 1760
846 2188
846 2326
846 2599
846 2719
846 2819
846 2986
846 3000
846 3049
846 3696
846 3707
846 3905
846 4046
846 4792
846 4857
847 1382
847 1588
847 1926
847 2644
847 2955
847 2963
847 3574
847 4109
847 4135
847 4568
847 4658
847 4844
847 4851
848 850
848 1470
848 3364
848 3711
848 4119
848 4759
849 1235
849 1773
849 1855
849 3211
849 3450
849 3755
849 4161
849 4780
849 4867
850 1791
850 1895
850 1931
850 2012
850 2987
850 3583
850 3716
850 3791
850 3840
850 4186
850 4522
850 4594
850 4651
850 4940
851 1303
851 1471
851 1668
851 2640
851 3813
851 4004
851 4537
852 900
852 1287
852 1382
852 2069
852 2157
852 2170
852 2519
852 3507
852 3725
852 3880
852 4227
852 4828
852 4974
853 929
853 1870
853 2144
853 2155
853 2542
853 2805
853 2882
853 3077
853 3118
853 3206
853 3371
853 3799
853 3921
853 3966
853 4094
853 4343
853 4388
853 4499
853 4571
853 4656
854 1125
854 1635
854 1879
854 1951
854 2691
854 3231
854 4094
854 4131
854 4606
855 992
855 1566
855 1586
855 3060
855 3440
855 3944
855 4281
855 4948
856 1948
856 3308
856 3860
856 3993
856 4001
856 4118
856 4790
857 950
857 1211
857 2030
857 2133
857 2162
857 2711
857 2890
857 2924
857 3128
857 3503
857 3650
857 3730
857 4014
857 4165
857 4592
858 885
858 1497
858 2141
858 2225
858 2344
858 2784
858 3389
858 3408
858 3950
858 4505
858 4796
859 1078
859 2352
859 2683
859 2756
859 4489
859 4862
860 1291
860 1292
860 1531
860 1775
860 2145
860 2756
860 2881
860 3249
860 3276
860 4198
860 4424
861 1016
861 1229
861 1352
861 1626
861 1858
861 1888
861 2194
861 2319
861 2466
861 2631
861 3033
861 3299
861 3394
861 3467
861 3720
861 3849
861 4591
861 4607
861 4992
862 1154
862 1221
862 1389
862 1446
862 1469
862 1535
862 1766
862 1989
862 2267
862 2529
862 2594
862 3256
862 3950
862 4322
862 4333
862 4729
863 1204
863 1568
863 1577
863 1836
863 1988
863 2211
863 2419
863 2426
863 2466
863 2994
863 3429
863 3910
863 3984
863 4238
863 4446
863 4468
863 4777
864 2296
864 2576
864 2762
864 2869
864 4297
864 4498
864 4842
865 1281
865 1507
865 1905
865 1952
865 2109
865 2560
865 2873
865 3159
865 3560
865 3650
865 3890
865 4000
865 4384
865 4439
865 4461
865 4618
865 4708
866 897
866 962
866 1071
866 1117
866 1239
866 1679
866 1850
866 1888
866 2117
866 3509
866 3983
867 942
867 1134
867 1530
867 1874
867 2392
867 3351
867 3855
867 4154
867 4363
868 1090
868 1268
868 1767
868 1861
868 1907
868 2018
868 2019
868 2587
868 2811
868 3020
868 3083
868 3550
868 3807
868 3812
868 4378
868 4496
868 4759
868 4918
869 1267
869 1299
869 2134
869 2315
869 3894
869 4063
869 4102
869 4166
870 1066
870 1256
870 1480
870 1708
870 1748
870 1751
870 1973
870 2019
870 2184
870 2612
870 4442
870 4863
871 1013
871 1109
871 1367
871 2443
871 2625
871 3010
871 3733
871 3783
871 3832
871 3879
871 4407
871 4501
871 4522
871 4581
872 1846
872 2062
872 2189
872 2519
872 2582
872 2759
872 3189
872 3269
872 3306
872 3527
872 3681
872 4693
872 4796
872 4965
873 971
873 2600
873 3229
873 3247
873 3844
873 4141
874 1001
874 1401
874 2195
874 2267
874 2964
874 3280
874 3306
874 3428
874 3492
874 3894
874 4196
874 4274
874 4475
874 4490
875 1261
875 1444
875 1987
875 2209
875 2278
875 2562
875 2880
875 3006
875 3036
875 3501
875 3685
875 3822
875 3849
875 4372
875 4409
875 4942
876 902
876 1426
876 1469
876 1492
876 1841
876 3216
876 3374
876 4127
876 4501
876 4659
876 4711
876 4745
877 1840
877 1965
877 2678
877 3538
877 4122
877 4425
877 4873
878 1471
878 2072
878 2108
878 2437
878 2470
878 3116
878 3407
878 3411
878 3459
878 3483
878 3867
878 3992
878 4204
878 4501
878 4541
879 927
879 999
879 1249
879 1702
879 2302
879 2389
879 2409
879 2532
879 2761
879 2795
879 4164
879 4242
879 4394
879 4908
880 1933
880 1982
880 2140
880 2459
880 3007
880 3318
880 3482
880 3622
880 3669
880 4485
880 4728
881 1264
881 1389
881 1615
881 1751
881 1943
881 2217
881 2408
881 2758
881 3056
881 3107
881 3393
881 3566
881 3777
881 3933
881 4088
881 4150
881 4367
881 4571
881 4675
881 4965
882 947
882 958
882 1177
882 1432
882 1558
882 1775
882 1922
882 2072
882 2096
882 2145
882 3632
882 4453
882 4582
882 4878
882 4963
883 1293
883 2333
883 2555
883 2589
883 2718
883 3342
883 3394
883 4089
883 4163
883 4927
884 1107
884 1331
884 1585
884 1650
884 1749
884 1764
884 1876
884 1920
884 2280
884 2797
884 3253
884 3600
884 3630
884 3659
884 4022
884 4857
884 4997
885 1434
885 2029
885 2411
885 2734
885 2753
885 3191
885 4113
885 4863
886 887
886 1052
886 1307
886 1330
886 1331
886 1465
886 1643
886 2465
886 2721
886 2954
886 3045
886 3177
886 3937
886 4184
886 4674
886 4831
887 1059
887 1188
887 1810
887 1824
887 2007
887 2233
887 2318
887 2489
887 3117
887 3164
887 4228
887 4364
887 4481
887 4608
887 4802
888 1228
888 1563
888 1710
888 1966
888 2582
888 2995
888 3194
888 3423
888 3439
888 3451
888 3537
888 3585
888 4058
888 4210
888 4555
889 1059
889 1420
889 1997
889 2041
889 2244
889 2280
889 3429
889 3445
889 3835
889 3909
889 4445
889 4680
889 4694
889 4983
890 1004
890 1374
890 1698
890 1724
890 2021
890 2391
890 2482
890 3305
890 3505
890 3562
890 3700
890 3713
890 4153
890 4401
890 4615
891 1050
891 1323
891 1439
891 1579
891 1615
891 1851
891 2096
891 2259
891 2434
891 2475
891 2893
891 3542
891 3701
891 3993
891 4493
891 4642
891 4682
891 4874
892 946
892 1913
892 2482
892 2709
892 3124
892 3183
892 3199
892 3573
892 3737
892 4049
892 4208
892 4801
892 4826
893 931
893 1659
893 1993
893 2008
893 2475
893 2566
893 3140
893 3531
893 3697
893 3847
893 4120
893 4141
893 4300
894 1052
894 1083
894 1241
894 1494
894 1870
894 2086
894 2520
894 2721
894 3043
894 3493
894 3502
894 3533
894 4838
894 4991
895 1076
895 1114
895 1333
895 2552
895 3494
895 3788
895 3826
895 4183
895 4618
896 1157
896 1537
896 1784
896 2009
896 2376
896 3357
896 3973
896 4104
896 4314
896 4563
896 4574
896 4931
897 901
897 1138
897 2307
897 2613
897 2770
897 3222
897 3243
897 3868
897 4612
897 4631
897 4694
898 982
898 1026
898 1100
898 2116
898 2222
898 2413
898 2610
898 2664
898 3125
898 3249
898 3394
898 3964
898 4084
898 4231
898 4605
899 1162
899 1180
899 1364
899 1498
899 1534
899 1897
899 2608
899 2751
899 3482
899 3622
899 3666
899 4773
900 941
900 1659
900 1831
900 2246
900 2702
900 3576
900 4474
900 4609
901 1065
901 1067
901 1149
901 1271
901 1458
901 1556
901 1808
901 2069
901 3353
901 3735
901 3792
901 3893
902 1066
902 1141
902 1357
902 1626
902 2151
902 2350
902 2455
902 2696
902 3489
902 3494
902 3911
902 4309
902 4849
902 4914
903 991
903 1673
903 1849
903 2548
904 1857
904 2026
904 2457
904 3429
904 3434
904 3715
905 951
905 1436
905 1705
905 1898
905 2946
905 3559
905 3664
905 4116
906 1080
906 1376
906 1533
906 1543
906 1762
906 2529
906 2697
906 2717
906 3334
906 3615
906 4352
906 4479
906 4704
907 1037
907 1048
907 1503
907 1786
907 2118
907 2252
907 3037
907 3147
907 3289
907 3605
907 4170
907 4379
907 4539
907 4625
907 4859
908 1179
908 1184
908 1447
908 1522
908 2155
908 2697
908 3267
908 3657
908 4257
909 1709
909 1812
909 1941
909 1981
909 2094
909 2305
909 3180
909 3379
909 3476
909 3778
909 4191
909 4604
909 4793
910 1058
910 1344
910 1500
910 1534
910 1975
910 2427
910 3478
910 4886
911 1146
911 1365
911 2339
911 2962
911 3138
911 3158
911 3339
911 3534
911 3843
911 3993
911 4111
911 4176
911 4264
911 4336
911 4550
912 1086
912 1154
912 1159
912 1369
912 2124
912 2197
912 2300
912 2483
912 3216
912 3373
912 3716
912 3963
912 4143
912 4839
913 1366
913 1889
913 2567
913 2681
913 3546
913 3601
913 3663
913 3793
913 4954
914 978
914 2288
914 2942
914 3015
914 3146
914 3679
914 3880
914 4317
914 4569
914 4704
914 4761
915 1253
915 2111
915 2963
915 3049
915 3889
915 4025
915 4362
915 4461
915 4822
916 1100
916 1267
916 1591
916 2863
916 2872
916 2908
916 3035
916 3243
916 3845
916 3886
916 3930
916 4377
916 4829
917 1373
917 1409
917 1933
917 1934
917 2057
917 2338
917 3051
917 3057
917 3421
917 3434
917 3848
917 4009
917 4061
917 4152
917 4419
917 4889
918 1248
918 1407
918 1506
918 1729
918 1802
918 2429
918 2506
918 3015
918 3125
918 3459
918 3650
918 3720
918 3742
918 4093
918 4103
918 4284
918 4580
918 4721
918 4991
918 4996
919 1228
919 2536
919 2784
919 3353
919 3602
919 3771
919 3872
919 4557
919 4688
919 4724
919 4866
920 1423
920 1783
920 1795
920 2168
920 2688
920 2950
920 3254
920 3457
920 3771
920 3993
920 4219
920 4323
920 4408
920 4626
920 4704
920 4829
921 1161
921 1256
921 1275
921 1555
921 1580
921 1907
921 2223
921 2577
921 2809
921 3315
921 3487
921 4140
921 4381
921 4382
921 4929
922 1185
922 1346
922 1403
922 1769
922 1825
922 1927
922 1959
922 1988
922 2466
922 3303
922 3467
922 3488
922 3506
922 4620
922 4843
923 1040
923 1782
923 2143
923 2197
923 2483
923 2528
923 3186
923 3658
923 3967
923 4025
923 4275
923 4582
924 949
924 1995
924 2016
924 2177
924 2189
924 2294
924 2336
924 2548
924 2621
924 2651
924 2870
924 4298
924 4396
924 4428
925 990
925 1248
925 2122
925 2582
925 2706
925 2847
925 3057
925 3374
925 3999
925 4152
925 4650
925 4976
926 1255
926 1751
926 1814
926 2226
926 2251
926 2444
926 2473
926 2527
926 3140
926 4435
926 4994
927 935
927 1165
927 1459
927 1525
927 1632
927 1929
927 2157
927 2648
927 2900
927 2999
927 3057
927 3164
927 4430
927 4649
927 4829
927 4833
927 4878
928 2252
928 3178
928 3434
928 3965
928 4276
928 4373
929 1595
929 2292
929 2619
929 2665
929 2690
929 2709
929 3019
929 3031
929 3171
929 4117
929 4275
929 4773
929 4860
929 4944
930 1814
930 2389
930 2560
930 2706
930 3257
930 3281
930 3400
930 3450
930 3456
930 3508
930 4232
930 4565
930 4820
930 4833
930 4852
931 1090
931 1354
931 1533
931 1702
931 1806
931 1955
931 2551
931 2734
931 3490
931 3596
931 3903
931 4371
931 4880
931 4909
931 4955
932 986
932 1190
932 1729
932 1825
932 2383
932 2683
932 2723
932 3065
932 3565
932 4063
932 4064
932 4079
932 4090
932 4861
933 974
933 1423
933 1739
933 2544
933 2727
933 3380
933 3474
933 3515
933 3640
933 4021
933 4024
933 4116
933 4241
933 4251
934 1228
934 1242
934 1270
934 1304
934 1691
934 1695
934 1953
934 2009
934 2282
934 2860
934 3301
934 3440
934 3799
934 3907
934 3909
935 1368
935 1748
935 2929
935 3059
935 3320
935 3580
935 4858
936 1027
936 1060
936 1560
936 2033
936 2737
936 2787
936 3060
936 3099
936 3242
936 3491
936 3584
936 4130
936 4719
936 4946
937 1002
937 1112
937 1509
937 1973
937 2761
937 3496
937 4820
937 4983
938 1951
938 2405
938 3051
938 3400
938 3494
938 3498
938 3807
938 4875
939 1151
939 1321
939 1521
939 1629
939 1655
939 2255
939 2319
939 2436
939 3188
939 3278
939 3428
939 3634
939 4211
939 4500
939 4668
940 1515
940 1545
940 1948
940 2295
940 2575
940 2820
940 3296
940 3669
940 4419
940 4532
940 4767
940 4848
940 4922
941 1228
941 1378
941 1647
941 1674
941 1724
941 1733
941 2565
941 2993
941 3131
941 3367
941 3627
941 4022
941 4733
942 1011
942 1107
942 1473
942 1523
942 1638
942 1947
942 2111
942 2142
942 2315
942 2398
942 2872
942 3566
942 3620
942 4582
942 4583
943 978
943 1137
943 1650
943 1737
943 2009
943 2446
943 2486
943 2646
943 2716
943 2780
943 2914
943 4215
943 4655
943 4786
943 4902
944 1048
944 1102
944 1432
944 1555
944 1683
944 2529
944 2687
944 2837
944 2943
944 3287
944 3308
944 3408
944 3770
944 4129
944 4366
944 4371
944 4527
944 4748
945 1388
945 1528
945 1539
945 1881
945 1979
945 2107
945 2435
945 2489
945 2654
945 2791
945 3236
945 3330
945 3663
945 3711
945 4836
945 4919
946 1201
946 1780
946 2066
946 2211
946 2411
946 2422
946 2555
946 3461
946 4186
946 4420
946 4833
947 1003
947 1014
947 1025
947 2018
947 2100
947 2184
947 2503
947 2523
947 2770
947 3375
947 3521
947 3909
947 4146
947 4157
947 4183
948 1639
948 2353
948 2489
948 2554
948 3534
948 3546
948 3653
948 4033
948 4078
948 4310
948 4436
949 1358
949 1412
949 1780
949 1834
949 2367
949 2444
949 2491
949 2738
949 2813
949 3451
949 3701
949 3880
949 3929
949 4446
949 4792
950 1653
950 1679
950 1858
950 1974
950 1982
950 2104
950 2401
950 2730
950 2909
950 3040
950 3151
950 3354
950 3407
950 3783
950 4162
950 4176
950 4551
951 1641
951 2054
951 2372
951 2825
951 3110
951 3369
951 3418
951 3691
951 4479
951 4511
951 4533
952 1140
952 1514
952 1565
952 1591
952 1896
952 2035
952 2739
952 3194
952 3628
952 3715
952 3744
952 4426
952 4685
952 4723
953 1936
953 2559
953 3692
953 4490
953 4676
953 4947
954 1196
954 2368
954 2428
954 2735
954 3630
954 3752
954 4609
954 4699
955 2323
955 2602
955 2705
955 2806
955 3172
955 3886
955 4264
955 4343
956 968
956 1733
956 1886
956 1958
956 1978
956 2349
956 2576
956 2803
956 3147
956 3152
956 3198
956 3410
956 4872
957 1072
957 1085
957 1220
957 1261
957 1485
957 1526
957 2010
957 2443
957 2804
957 2863
957 2938
957 3143
957 3193
957 3270
957 3301
957 3462
957 3517
957 4012
957 4025
957 4377
958 1179
958 1312
958 1420
958 1651
958 1779
958 2168
958 3017
958 3236
958 3356
958 3954
958 4115
958 4293
958 4662
958 4684
958 4858
958 4861
959 1287
959 1362
959 1593
959 2591
959 3206
959 4171
959 4747
960 1014
960 1524
960 1686
960 1931
960 2045
960 2848
960 3733
960 4390
960 4629
960 4783
960 4857
960 4908
961 1395
961 3304
961 4091
962 1023
962 1094
962 1332
962 1581
962 1702
962 2013
962 2866
962 3064
962 3564
962 3666
962 3726
962 3964
962 4595
962 4786
962 4926
963 1069
963 1763
963 1819
963 1882
963 2423
963 3031
963 3281
963 3637
963 4229
963 4245
963 4904
963 4937
964 1586
964 1669
964 2190
964 2786
964 2966
964 3022
964 3400
965 1489
965 2037
965 2435
965 2549
965 2623
965 3419
965 3514
965 3961
965 4514
965 4865
966 1132
966 1214
966 2026
966 2299
966 2487
966 2524
966 2651
966 3591
966 3615
966 3751
966 4239
967 1031
967 2017
967 2632
967 2968
967 3555
967 4097
967 4321
967 4747
968 1158
968 1856
968 2037
968 2807
968 2850
968 3075
968 3105
968 3329
968 3359
968 3689
968 3824
968 4676
968 4789
968 4956
969 2050
969 2092
969 2405
969 2985
969 3010
969 3265
969 3483
969 4597
969 4691
970 1165
970 1184
970 1269
970 2400
970 2411
970 2481
970 2752
970 4263
970 4338
970 4473
970 4800
970 4848
971 990
971 1500
971 1679
971 2030
971 3028
971 3090
971 3410
971 3516
971 3715
971 4377
971 4600
971 4781
972 1052
972 1395
972 1411
972 2201
972 2679
972 3135
972 3343
972 3423
972 3462
972 3839
972 4337
972 4375
972 4531
972 4571
972 4614
972 4706
972 4955
973 1286
973 1352
973 1366
973 1687
973 2015
973 2174
973 2592
973 3768
973 4190
973 4205
973 4265
973 4506
973 4791
974 2022
974 2294
974 2662
974 2760
974 2823
974 3032
974 3163
974 3756
974 3830
974 3936
974 3953
974 4533
974 4624
974 4890
974 4949
975 994
975 1009
975 1015
975 1131
975 1797
975 1873
975 2045
975 2835
975 3033
975 3082
975 3498
975 3625
975 4187
975 4214
975 4242
975 4340
976 1028
976 1370
976 1683
976 1941
976 2331
976 2795
976 2987
976 3720
976 3972
976 4098
976 4282
976 4450
976 4659
976 4884
977 987
977 1272
977 1493
977 1804
977 1818
977 2554
977 2755
977 2968
977 4120
977 4160
977 4416
977 4770
977 4928
978 1598
978 1641
978 1755
978 1914
978 2028
978 2312
978 2423
978 2883
978 3046
978 3209
978 3277
978 3423
978 3531
978 3616
978 4017
978 4734
978 4831
979 1238
979 1612
979 1701
979 2756
979 3091
979 3115
979 3696
979 4027
979 4029
979 4092
979 4192
979 4281
979 4679
980 1054
980 1795
980 1950
980 2434
980 3768
980 3854
980 4100
980 4711
981 1041
981 1147
981 1677
981 1736
981 1956
981 2152
981 2198
981 2340
981 2407
981 2597
981 2720
981 3660
981 3908
981 4038
981 4546
981 4903
982 1560
982 2139
982 2408
982 3183
982 3268
982 3652
982 3955
982 4170
982 4316
982 4716
982 4782
982 4876
983 997
983 1171
983 1223
983 1971
983 2015
983 2228
983 2394
983 2682
983 4128
983 4162
983 4258
983 4848
984 1097
984 1273
984 1855
984 1907
984 1909
984 2017
984 2430
984 2636
984 2818
984 3582
984 3602
984 4103
984 4180
984 4577
984 4646
984 4826
985 1116
985 1224
985 2206
985 2597
985 2784
985 2936
985 2966
985 3034
985 3539
985 3709
985 3851
985 3959
985 4030
985 4662
986 1095
986 1612
986 1740
986 1772
986 2250
986 2559
986 2675
986 2965
986 3812
986 4072
986 4343
986 4704
986 4743
986 4794
987 1328
987 1331
987 1797
987 2239
987 2407
987 3156
987 3576
987 3726
987 4559
988 1377
988 1656
988 2465
988 2617
988 2724
988 2742
988 2991
988 3701
988 4013
988 4069
989 1122
989 1195
989 1198
989 2693
989 2695
989 3347
989 3372
989 3634
989 4059
989 4101
989 4148
989 4681
989 4713
990 1046
990 1372
990 2968
990 3138
990 3277
990 3760
990 3776
990 4510
990 4704
990 4960
991 1239
991 1396
991 1424
991 1707
991 1998
991 2263
991 2738
991 2818
991 2924
991 3509
991 3575
991 4067
991 4162
991 4704
992 1406
992 2034
992 2151
992 2215
992 2317
992 3045
992 3356
992 3435
992 3517
992 3911
992 3916
992 4310
992 4575
993 1422
993 3166
993 3498
993 3687
993 4605
993 4829
993 4879
993 4906
994 1209
994 1242
994 1350
994 1558
994 1756
994 1757
994 1849
994 1897
994 1989
994 2413
994 2707
994 2741
994 3090
994 3654
994 3977
994 3980
994 4133
994 4137
994 4246
994 4474
994 4610
995 1894
995 1937
995 2173
995 2251
995 2515
995 3045
995 3491
995 3843
995 4337
996 1132
996 1783
996 2190
996 2678
996 3055
996 3754
996 4404
996 4980
997 1533
997 1674
997 1689
997 1766
997 1806
997 2623
997 2786
997 3080
997 3173
997 3223
997 3366
997 3526
997 4013
997 4171
997 4204
997 4403
998 1123
998 1606
998 1856
998 2332
998 2457
998 2486
998 3240
998 3401
998 3634
998 4058
998 4288
998 4804
999 1064
999 1077
999 1417
999 1803
999 1967
999 2218
999 2747
999 2857
999 3549
999 4056
999 4094
999 4155
999 4278
999 4387
999 4401
999 4525
999 4679
999 4875
1000 1256
1000 1801
1000 2511
1000 2675
1000 2883
1000 3168
1000 3271
1000 3403
1000 3408
1000 3430
1000 3452
1000 3609
1000 3757
1000 3824
1000 4674
1001 1095
1001 1436
1001 1522
1001 1559
1001 1674
1001 1845
1001 2565
1001 2848
1001 3074
1001 3509
1001 3642
1001 4634
1001 4642
1001 4835
1001 4922
1002 1148
1002 1240
1002 2901
1002 3097
1002 3869
1002 4230
1002 4852
1003 1232
1003 3351
1003 3649
1003 3973
1003 4373
1003 4644
1003 4920
1004 1174
1004 1180
1004 1185
1004 1757
1004 1808
1004 2032
1004 2499
1004 2538
1004 2644
1004 3340
1004 3817
1004 3844
1004 3952
1004 4318
1004 4385
1004 4597
1005 1372
1005 1541
1005 1908
1005 2108
1005 2127
1005 2359
1005 2536
1005 3070
1005 3097
1005 3332
1005 3754
1005 3889
1006 1405
1006 1857
1006 2127
1006 2243
1006 2783
1006 2980
1006 3511
1006 3822
1006 4131
1006 4345
1006 4530
1006 4764
1007 1021
1007 1492
1007 2020
1007 2047
1007 2990
1007 3761
1007 4282
1007 4492
1007 4822
1008 1294
1008 1311
1008 1585
1008 1777
1008 2117
1008 2559
1008 2648
1008 2690
1008 3799
1008 4001
1008 4462
1008 4971
1009 1745
1009 2259
1009 2276
1009 2294
1009 2569
1009 2848
1009 3117
1009 3121
1009 3361
1009 3961
1009 4015
1009 4103
1010 1026
1010 1206
1010 1352
1010 1638
1010 1976
1010 2271
1010 2348
1010 2901
1010 2925
1010 3185
1010 3212
1010 4328
1010 4447
1010 4847
1010 4929
1011 1534
1011 2129
1011 2333
1011 2691
1011 3641
1011 3947
1012 1335
1012 1463
1012 1559
1012 2277
1012 2706
1012 2749
1012 3063
1012 3196
1012 3237
1012 3670
1012 3863
1012 3935
1012 4068
1012 4118
1012 4203
1012 4254
1012 4948
1013 1093
1013 1292
1013 1630
1013 1937
1013 2051
1013 2132
1013 2526
1013 2558
1013 4421
1014 1089
1014 1233
1014 1571
1014 2156
1014 2273
1014 2955
1014 3018
1014 3645
1014 4261
1014 4441
1014 4474
1014 4478
1014 4958
1015 1115
1015 1145
1015 1244
1015 2841
1015 2866
1015 2944
1015 3052
1015 3222
1015 3277
1015 3472
1015 3575
1015 3660
1015 4271
1015 4404
1015 4619
1015 4716
1015 4951
1016 1634
1016 2462
1016 3322
1016 3803
1016 3843
1016 4066
1016 4127
1016 4329
1016 4649
1016 4760
1016 4808
1016 4827
1017 1334
1017 2129
1017 2518
1017 2656
1017 2828
1017 3038
1017 3208
1017 3561
1017 4234
1017 4274
1017 4511
1017 4574
1018 1215
1018 1246
1018 2229
1018 2336
1018 2361
1018 3325
1018 3521
1018 3610
1018 4095
1018 4149
1018 4304
1018 4887
1019 1141
1019 2058
1019 2261
1019 2337
1019 2810
1019 3039
1019 3361
1019 3421
1019 3844
1019 4120
1019 4864
1019 4902
1020 1266
1020 1450
1020 1777
1020 3950
1020 4104
1020 4263
1020 4795
1021 1117
1021 1765
1021 2313
1021 2423
1021 2555
1021 2585
1021 2591
1021 2608
1021 2886
1021 3034
1021 3587
1022 1052
1022 1535
1022 1620
1022 1759
1022 1885
1022 2233
1022 2310
1022 2413
1022 2881
1022 4328
1022 4862
1023 1046
1023 1119
1023 1123
1023 1279
1023 1519
1023 3141
1023 4215
1023 4482
1023 4919
1024 1338
1024 1642
1024 2251
1024 2552
1024 2869
1024 3055
1024 3229
1024 3479
1024 4388
1024 4671
1024 4767
1024 4775
1024 4786
1024 4907
1025 1241
1025 2020
1025 2172
1025 2201
1025 2602
1025 2685
1025 3571
1025 4046
1025 4206
1025 4379
1025 4427
1025 4978
1025 4997
1026 1166
1026 1586
1026 1763
1026 2591
1026 2920
1026 3125
1026 3163
1026 3245
1026 3330
1026 4100
1026 4801
1026 4868
1027 1586
1027 1623
1027 1718
1027 2882
1027 2997
1027 3106
1027 3325
1027 3541
1027 3887
1027 3901
1027 4831
1028 1399
1028 1412
1028 1461
1028 1702
1028 2087
1028 2138
1028 2712
1028 2902
1028 3273
1028 3308
1028 3312
1028 3422
1028 3458
1028 3567
1028 3963
1028 4164
1028 4259
1029 1036
1029 1143
1029 1237
1029 1460
1029 1743
1029 1885
1029 1941
1029 2070
1029 2215
1029 2514
1029 2583
1029 2791
1029 2874
1029 2895
1029 3011
1029 3897
1029 4064
1029 4172
1029 4410
1029 4415
1029 4661
1029 4961
1030 1106
1030 1358
1030 1970
1030 2301
1030 2520
1030 2671
1030 2678
1030 3542
1030 3684
1030 3845
1030 4298
1031 1267
1031 1382
1031 1441
1031 1547
1031 2455
1031 3919
1031 3964
1031 4082
1031 4436
1032 1164
1032 1332
1032 1512
1032 1798
1032 1973
1032 1989
1032 2315
1032 2723
1032 2781
1032 2828
1032 2865
1032 3166
1032 3441
1032 3906
1032 4176
1032 4564
1032 4756
1032 4778
1032 4873
1032 4893
1033 1564
1033 1951
1033 2684
1033 3008
1033 3196
1033 3931
1034 1408
1034 1665
1034 2300
1034 2669
1034 2746
1034 2829
1034 2858
1034 3161
1034 3299
1034 3394
1034 3562
1034 3880
1034 4176
1034 4372
1034 4917
1034 4946
1035 1635
1035 1880
1035 2418
1035 2457
1035 2505
1035 2593
1035 2618
1035 3336
1035 3509
1035 3524
1035 3923
1035 4318
1035 4575
1035 4778
1035 4870
1036 1045
1036 1640
1036 1695
1036 1762
1036 1795
1036 1849
1036 1917
1036 2077
1036 2136
1036 3558
1036 3707
1036 3830
1036 3910
1036 4007
1036 4422
1036 4647
1037 1624
1037 1983
1037 2533
1037 2601
1037 2610
1037 2739
1037 3269
1037 4095
1037 4135
1037 4270
1037 4613
1038 1291
1038 1618
1038 1708
1038 1836
1038 2381
1038 2562
1038 2779
1038 4080
1038 4548
1039 1263
1039 1789
1039 2101
1039 2312
1039 3077
1039 3461
1039 3763
1039 4576
1040 1236
1040 1319
1040 2570
1040 2986
1040 3414
1040 3583
1040 3669
1040 4055
1040 4206
1040 4267
1040 4906
1041 1348
1041 1400
1041 1752
1041 1905
1041 2846
1041 3065
1041 4359
1041 4603
1041 4807
1042 1551
1042 1747
1042 2053
1042 2545
1042 2551
1042 2869
1042 3706
1042 4215
1042 4291
1042 4823
1043 1664
1043 2184
1043 2249
1043 2877
1043 4323
1043 4697
1044 1248
1044 1937
1044 1985
1044 2050
1044 2186
1044 2727
1044 3056
1044 3261
1044 3314
1044 3347
1044 3612
1044 3616
1044 3741
1044 4032
1044 4090
1045 1329
1045 1630
1045 1634
1045 1834
1045 1914
1045 2090
1045 2121
1045 2714
1045 3324
1045 3445
1045 3806
1045 3909
1045 3997
1045 4815
1046 2057
1046 2158
1046 2337
1046 2392
1046 2834
1046 2850
1046 3850
1046 3896
1046 4085
1047 1142
1047 1316
1047 1838
1047 2208
1047 2709
1047 3431
1047 3514
1047 3687
1047 3764
1047 3964
1047 4533
1047 4597
1048 1052
1048 1719
1048 1862
1048 1886
1048 2019
1048 2089
1048 3041
1048 3574
1048 3610
1048 3640
1048 3831
1048 4336
1048 4998
1049 1235
1049 2333
1049 3042
1049 3262
1049 3549
1049 3574
1049 4511
1049 4765
1050 1108
1050 1734
1050 2695
1050 4197
1050 4513
1050 4812
1050 4894
1051 2215
1051 2229
1051 2624
1051 3549
1051 3693
1051 4834
1051 4966
1052 1108
1052 1491
1052 1757
1052 1891
1052 2137
1052 2311
1052 2971
1052 3474
1052 3809
1052 4013
1052 4080
1052 4389
1052 4588
1052 4638
1052 4777
1053 1412
1053 1654
1053 1921
1053 3017
1053 3461
1053 3513
1053 3701
1053 3856
1053 4132
1053 4141
1053 4950
1053 4996
1054 1069
1054 1244
1054 1285
1054 1448
1054 2233
1054 3239
1054 3354
1054 3359
1054 3889
1054 4024
1054 4169
1054 4590
1055 2730
1055 2971
1055 3267
1055 4456
1055 4569
1055 4750
1055 4878
1056 1311
1056 1726
1056 2162
1056 2211
1056 2281
1056 3073
1056 3076
1056 3128
1056 3348
1056 3419
1056 3573
1056 3625
1056 3997
1056 4328
1056 4344
1056 4823
1056 4951
1057 1488
1057 2033
1057 2540
1057 2982
1057 3777
1057 3841
1057 4611
1058 1356
1058 1398
1058 1478
1058 1481
1058 1572
1058 1594
1058 1911
1058 2092
1058 2193
1058 2341
1058 2421
1058 2827
1058 2886
1058 2942
1058 3412
1058 3567
1058 3971
1058 4208
1058 4902
1059 1579
1059 1813
1059 1842
1059 1910
1059 1982
1059 2017
1059 2232
1059 3027
1059 3445
1059 3677
1059 4531
1060 1064
1060 1846
1060 2614
1060 2723
1060 2854
1060 3072
1060 3372
1060 3620
1060 3763
1060 4026
1060 4378
1060 4383
1060 4641
1060 4824
1061 1688
1061 2023
1061 2181
1061 2299
1061 3220
1061 3289
1061 3353
1061 3415
1061 4126
1061 4291
1061 4716
1061 4778
1062 1179
1062 1376
1062 1601
1062 1872
1062 2125
1062 2322
1062 2331
1062 2367
1062 3108
1062 4578
1062 4596
1063 2565
1063 2582
1063 2783
1063 3046
1063 3091
1063 3125
1063 3289
1063 3389
1063 3732
1063 4014
1063 4151
1063 4883
1064 1166
1064 1339
1064 1525
1064 2278
1064 2353
1064 2491
1064 2536
1064 2878
1064 3102
1064 3721
1064 3821
1064 4167
1064 4565
1064 4757
1064 4860
1065 1253
1065 1793
1065 1872
1065 2211
1065 2389
1065 2487
1065 4896
1066 1795
1066 1864
1066 2300
1066 2624
1066 3576
1066 3865
1066 4218
1066 4367
1066 4556
1066 4711
1066 4890
1066 4988
1067 1356
1067 1439
1067 1475
1067 1545
1067 1612
1067 1708
1067 2461
1067 2564
1067 2615
1067 2881
1067 3494
1067 4302
1067 4412
1067 4923
1068 1798
1068 2809
1068 2916
1068 3236
1068 3513
1068 3635
1068 3674
1068 3970
1068 4867
1069 1117
1069 1992
1069 3108
1069 3147
1069 3157
1069 3218
1069 3396
1069 3499
1069 3729
1069 4220
1069 4448
1069 4512
1069 4631
1069 4680
1069 4890
1070 1786
1070 2371
1070 2963
1070 3475
1070 3544
1070 3545
1070 4176
1070 4180
1070 4259
1070 4502
1070 4837
1071 1293
1071 1963
1071 2500
1071 3116
1071 3880
1071 4417
1072 1173
1072 1517
1072 1603
1072 2094
1072 2371
1072 2905
1072 3011
1072 3270
1072 3607
1072 3683
1072 3929
1072 4235
1073 1085
1073 1235
1073 1289
1073 1933
1073 2104
1073 2236
1073 2566
1073 2819
1073 3178
1073 4291
1074 1092
1074 1210
1074 1287
1074 1612
1074 2022
1074 2476
1074 2975
1074 3419
1074 3886
1074 4524
1074 4738
1075 1140
1075 1571
1075 1906
1075 2976
1075 3065
1075 3316
1075 4419
1075 4522
1075 4580
1075 4774
1076 1200
1076 1585
1076 2082
1076 2396
1076 2702
1076 2735
1076 3134
1076 3218
1076 3327
1076 3399
1076 3525
1076 4032
1076 4153
1076 4225
1076 4486
1076 4805
1076 4956
1077 1463
1077 1936
1077 2557
1077 2724
1077 2822
1077 2828
1077 3555
1077 4116
1077 4201
1077 4396
1077 4527
1077 4816
1077 4974
1078 1189
1078 1316
1078 1548
1078 1859
1078 2079
1078 2242
1078 2334
1078 2638
1078 3143
1078 3230
1078 4188
1078 4377
1078 4583
1078 4909
1078 4976
1079 2311
1079 2330
1079 2973
1079 4563
1079 4600
1079 4748
1079 4918
1079 4973
1080 1626
1080 2447
1080 2612
1080 3667
1080 3812
1080 4054
1080 4133
1080 4468
1080 4865
1081 1712
1081 2545
1081 2919
1081 4208
1081 4562
1081 4989
1082 1378
1082 1593
1082 1618
1082 3278
1082 3462
1082 3576
1082 3863
1082 4544
1082 4818
1082 4843
1083 1602
1083 2563
1083 2773
1083 2945
1083 3007
1083 3484
1083 3990
1083 4273
1083 4408
1083 4674
1084 2028
1084 2068
1084 2253
1084 2287
1084 2404
1084 2550
1084 2554
1084 2561
1084 2754
1084 2885
1084 2898
1084 3175
1084 3476
1084 3480
1084 3662
1084 3807
1084 3852
1084 4411
1084 4739
1085 1705
1085 1762
1085 1922
1085 2086
1085 2412
1085 2433
1085 2816
1085 2914
1085 2950
1085 3701
1085 3828
1085 3961
1085 3984
1085 4248
1085 4416
1086 1320
1086 1385
1086 1770
1086 2117
1086 2263
1086 2536
1086 2911
1086 2939
1086 3328
1086 4278
1086 4957
1087 1531
1087 2920
1087 2956
1087 2991
1087 3245
1087 3991
1087 4160
1087 4215
1087 4243
1087 4260
1087 4742
1088 1320
1088 1351
1088 1599
1088 1663
1088 2310
1088 2561
1088 3485
1088 3805
1088 4383
1088 4706
1088 4828
1089 1116
1089 1546
1089 2415
1089 3232
1089 3784
1089 3840
1089 4046
1089 4286
1089 4698
1090 1113
1090 2555
1090 2923
1090 3348
1090 3580
1090 3767
1090 3777
1090 4300
1090 4721
1091 1264
1091 1460
1091 1690
1091 1820
1091 2923
1091 3186
1091 3767
1091 3939
1091 4831
1091 4948
1092 1370
1092 1469
1092 1578
1092 1783
1092 2387
1092 2403
1092 2748
1092 3068
1092 3410
1092 3468
1092 3479
1092 3490
1092 4318
1092 4487
1092 4522
1092 4745
1093 1126
1093 1443
1093 2373
1093 2640
1093 2844
1093 3353
1093 3696
1093 4089
1093 4094
1094 2030
1094 2215
1094 2722
1094 2781
1094 2821
1094 3291
1094 3653
1094 3665
1094 4759
1095 1300
1095 1455
1095 2104
1095 2124
1095 2855
1095 3237
1095 4429
1096 1174
1096 1305
1096 2103
1096 2619
1096 2694
1096 2914
1096 3505
1096 4439
1096 4848
1096 4943
1096 4974
1097 1329
1097 1848
1097 1915
1097 1988
1097 2392
1097 2852
1097 3011
1097 3086
1097 3317
1097 3429
1097 4074
1097 4262
1097 4726
1098 1596
1098 1699
1098 2158
1098 2943
1098 3053
1098 4347
1098 4705
1098 4771
1099 1260
1099 1263
1099 1583
1099 1609
1099 1734
1099 1875
1099 2384
1099 3266
1099 3841
1099 4503
1099 4923
1100 1587
1100 2465
1100 2576
1100 2995
1100 3037
1100 3826
1100 4257
1100 4902
1100 4989
1101 1290
1101 1961
1101 2049
1101 2218
1101 2446
1101 2490
1101 2705
1101 3310
1101 4132
1101 4272
1101 4387
1101 4593
1101 4719
1102 1986
1102 2104
1102 2312
1102 2876
1102 3061
1102 3188
1102 3190
1102 3851
1102 3854
1102 4043
1102 4169
1102 4496
1102 4536
1103 2240
1103 2400
1103 2485
1103 2533
1103 2586
1103 3305
1103 3602
1103 3659
1103 3683
1103 4023
1103 4744
1104 1190
1104 1578
1104 1619
1104 2261
1104 2295
1104 2465
1104 2644
1104 2715
1104 2858
1104 3021
1104 3164
1104 3315
1104 3999
1104 4413
1104 4628
1104 4714
1104 4752
1105 1162
1105 1459
1105 1597
1105 1618
1105 1668
1105 1700
1105 1853
1105 1985
1105 2149
1105 2347
1105 2980
1105 3047
1105 3645
1105 3661
1105 3701
1105 3751
1105 4154
1105 4180
1105 4191
1106 1752
1106 1953
1106 2404
1106 2696
1106 2769
1106 2794
1106 3153
1106 3528
1106 3685
1106 3761
1106 4012
1106 4414
1107 1210
1107 1256
1107 1279
1107 1387
1107 1459
1107 1547
1107 1673
1107 1772
1107 2191
1107 2377
1107 3415
1107 3419
1107 4133
1107 4759
1108 2015
1108 2354
1108 2438
1108 2943
1108 3733
1108 4686
1108 4787
1108 4982
1109 1429
1109 1545
1109 1889
1109 2298
1109 2723
1109 2858
1109 3064
1109 3255
1109 3611
1109 3874
1109 3908
1109 3965
1109 3978
1109 4331
1109 4356
1109 4677
1110 1193
1110 1289
1110 1657
1110 2166
1110 2176
1110 2286
1110 2505
1110 2912
1110 3260
1110 3458
1110 3543
1110 3796
1110 4000
1110 4013
1110 4775
1110 4892
1111 1335
1111 2470
1111 2592
1111 2690
1111 3744
1111 4013
1111 4391
1111 4711
1112 1767
1112 1838
1112 2993
1112 3457
1112 3765
1112 4119
1112 4209
1113 1304
1113 1305
1113 1393
1113 1719
1113 2204
1113 2263
1113 2471
1113 2584
1113 2721
1113 3405
1113 3807
1113 4681
1114 1319
1114 1356
1114 1869
1114 1931
1114 1984
1114 2674
1114 3069
1114 3071
1114 3168
1114 3417
1114 3556
1114 3675
1114 4173
1114 4316
1114 4518
1114 4521
1114 4567
1115 1506
1115 1830
1115 2032
1115 2455
1115 2678
1115 2832
1115 3210
1115 3474
1115 3559
1115 4173
1115 4471
1115 4498
1115 4760
1115 4792
1116 1633
1116 2243
1116 2509
1116 3116
1116 3292
1116 4040
1116 4571
1117 1128
1117 1228
1117 1532
1117 1610
1117 2278
1117 2558
1117 2702
1117 3004
1117 3185
1117 3327
1117 3350
1117 3783
1117 4391
1117 4648
1118 1135
1118 1240
1118 1269
1118 1572
1118 1612
1118 2220
1118 2706
1118 2820
1118 3386
1118 3830
1118 4693
1118 4975
1119 1167
1119 1375
1119 1877
1119 1944
1119 2013
1119 2637
1119 2761
1119 3192
1119 3286
1119 3399
1119 3769
1119 4828
1120 1227
1120 1259
1120 1279
1120 1510
1120 1561
1120 3061
1120 3094
1120 3486
1120 3974
1120 4295
1120 4619
1120 4715
1121 1208
1121 1327
1121 2068
1121 2098
1121 2442
1121 2763
1121 2768
1121 3237
1121 4040
1121 4592
1122 1597
1122 1969
1122 2237
1122 2751
1122 2809
1122 3876
1122 4747
1122 4914
1123 1648
1123 2427
1123 2456
1123 2654
1123 2766
1123 2817
1123 3529
1123 3778
1123 4031
1123 4128
1123 4554
1123 4637
1123 4680
1124 1544
1124 1707
1124 1777
1124 2229
1124 2398
1124 2534
1124 2753
1124 2790
1124 2861
1124 3058
1124 3213
1124 3305
1124 3416
1124 3491
1124 3563
1124 3916
1124 3950
1124 4472
1124 4597
1124 4774
1125 1874
1125 1981
1125 2254
1125 2824
1125 2929
1125 3528
1125 3902
1125 4050
1125 4186
1125 4297
1125 4417
1125 4432
1125 4691
1125 4786
1125 4849
1125 4895
1125 4907
1126 1192
1126 1510
1126 1551
1126 1860
1126 2153
1126 2217
1126 2556
1126 2826
1126 2848
1126 2959
1126 3032
1126 3104
1126 3463
1126 3540
1126 4530
1127 1483
1127 1574
1127 1587
1127 1700
1127 1728
1127 1766
1127 1818
1127 1864
1127 2401
1127 2553
1127 2656
1127 2788
1127 3239
1127 3434
1127 3915
1127 4238
1128 1804
1128 1825
1128 1905
1128 2036
1128 2625
1128 2785
1128 3733
1128 3832
1128 3858
1128 4050
1128 4239
1128 4351
1128 4362
1128 4501
1128 4504
1128 4670
1129 1991
1129 2522
1129 2732
1129 3034
1129 3163
1129 4479
1129 4595
1129 4656
1129 4732
1129 4957
1129 4994
1130 1136
1130 1847
1130 2039
1130 2194
1130 2590
1130 3027
1130 3855
1130 3958
1130 3988
1130 4184
1130 4433
1130 4499
1130 4688
1130 4902
1131 1232
1131 2254
1131 2465
1131 3500
1131 3503
1131 3556
1131 4221
1131 4292
1131 4413
1132 1226
1132 1414
1132 1509
1132 1599
1132 2966
1132 2994
1132 3274
1132 3863
1132 4030
1132 4404
1132 4487
1132 4577
1132 4595
1132 4802
1132 4936
1133 1489
1133 2987
1133 3245
1133 4384
1133 4475
1133 4721
1133 4829
1134 1323
1134 2046
1134 2359
1134 2535
1134 3038
1134 3067
1134 3590
1134 3940
1134 4204
1134 4760
1134 4831
1135 1601
1135 2287
1135 3122
1135 3263
1135 3322
1135 3431
1135 3779
1135 3857
1135 3954
1135 4611
1135 4978
1136 1641
1136 1986
1136 2804
1136 3172
1136 3222
1136 3487
1136 3997
1136 4031
1137 1722
1137 2312
1137 2377
1137 2475
1137 2615
1137 2734
1137 3004
1137 3618
1137 3775
1137 4328
1137 4796
1137 4845
1138 1432
1138 2133
1138 3186
1138 3189
1138 3500
1138 3778
1138 3902
1138 4094
1138 4463
1138 4523
1138 4957
1139 1552
1139 2093
1139 2438
1139 3029
1139 3618
1139 4294
1139 4552
1140 1324
1140 1515
1140 1958
1140 2121
1140 2762
1140 3645
1140 3847
1140 4523
1140 4610
1141 1472
1141 1691
1141 1977
1141 2087
1141 2520
1141 2883
1141 2902
1141 3302
1141 3623
1141 4238
1141 4583
1141 4676
1142 1942
1142 2774
1142 3024
1142 3674
1142 4051
1142 4268
1142 4314
1142 4471
1142 4878
1142 4879
1143 1481
1143 1903
1143 1947
1143 2035
1143 2850
1143 3197
1143 3388
1143 3748
1143 4018
1143 4086
1143 4718
1143 4720
1143 4839
1144 1337
1144 1673
1144 1758
1144 1787
1144 2052
1144 2564
1144 2617
1144 2646
1144 3100
1144 3293
1144 3332
1144 3555
1144 3853
1144 4053
1144 4229
1144 4396
1145 1521
1145 2068
1145 2084
1145 2124
1145 2654
1145 2744
1145 3502
1145 3598
1145 3921
1145 4125
1146 1242
1146 1260
1146 1458
1146 1660
1146 1878
1146 2040
1146 2447
1146 2567
1146 2697
1146 3452
1146 3627
1146 3747
1146 3827
1146 4184
1146 4591
1147 1256
1147 1647
1147 2009
1147 2273
1147 2489
1147 3420
1147 4128
1147 4457
1147 4555
1147 4681
1148 1719
1148 2127
1148 2177
1148 2901
1148 3262
1148 3428
1148 3598
1148 3641
1148 3726
1148 3810
1148 4005
1148 4224
1148 4603
1149 1627
1149 1964
1149 2095
1149 2309
1149 2325
1149 2373
1149 2921
1149 3145
1149 3182
1149 3241
1149 3568
1149 3993
1149 4380
1149 4587
1150 1157
1150 2026
1150 2817
1150 3682
1150 4213
1150 4970
1151 1336
1151 1492
1151 2788
1151 3119
1151 3268
1151 3782
1151 3790
1151 3849
1151 4632
1151 4785
1151 4834
1152 1357
1152 1456
1152 1948
1152 1955
1152 1956
1152 2226
1152 2394
1152 2426
1152 2489
1152 2888
1152 3030
1152 3415
1152 4057
1152 4324
1152 4662
1153 1425
1153 1994
1153 2555
1153 2639
1153 3048
1153 3843
1153 3924
1153 4121
1153 4491
1153 4622
1153 4657
1153 4854
1154 1318
1154 1830
1154 1864
1154 2228
1154 2240
1154 2418
1154 2716
1154 2798
1154 3069
1154 3474
1154 3543
1154 3671
1154 3679
1154 3701
1154 3786
1154 4141
1154 4330
1154 4418
1154 4920
1155 1373
1155 1445
1155 1866
1155 2133
1155 2167
1155 2193
1155 2312
1155 2694
1155 2724
1155 2737
1155 2979
1155 3227
1155 3830
1155 4538
1155 4818
1156 1792
1156 1894
1156 2285
1156 2364
1156 2826
1156 2854
1156 3833
1156 4105
1156 4197
1156 4301
1157 1716
1157 2015
1157 3800
1157 3841
1157 3983
1157 4065
1157 4129
1157 4613
1157 4809
1158 1419
1158 1804
1158 1988
1158 2072
1158 2088
1158 2320
1158 2484
1158 3278
1158 3383
1158 3697
1158 3894
1158 3908
1158 4925
1159 1182
1159 3377
1159 4023
1159 4491
1159 4971
1160 1412
1160 1760
1160 2241
1160 2287
1160 2320
1160 2452
1160 2944
1160 2991
1160 3052
1160 4648
1160 4667
1161 1607
1161 1670
1161 1802
1161 1972
1161 2639
1161 2825
1161 2892
1161 2989
1161 3293
1161 3295
1161 3592
1161 3796
1161 4026
1161 4355
1161 4552
1162 1272
1162 1651
1162 1889
1162 2250
1162 2554
1162 2637
1162 3840
1162 4174
1162 4452
1162 4703
1163 2165
1163 2957
1163 3239
1163 3638
1163 4539
1164 2465
1164 3291
1164 3770
1164 4148
1164 4221
1165 1342
1165 1950
1165 3011
1165 4113
1165 4241
1165 4332
1165 4888
1166 1677
1166 2097
1166 2214
1166 2533
1166 3937
1166 4119
1166 4904
1167 1869
1167 2248
1167 2312
1167 2991
1167 3599
1167 3685
1167 4792
1168 1254
1168 1328
1168 1691
1168 1746
1168 1996
1168 3309
1168 3342
1168 4016
1168 4468
1168 4650
1169 1486
1169 1533
1169 1820
1169 2483
1169 2984
1169 3179
1169 3305
1169 3352
1169 3613
1169 3717
1169 3985
1169 4283
1169 4330
1169 4959
1170 1342
1170 1448
1170 1597
1170 2166
1170 2977
1170 3336
1170 3676
1170 4168
1170 4365
1170 4465
1170 4515
1171 2470
1171 2922
1171 2997
1171 3595
1171 3708
1171 3989
1171 4121
1171 4343
1171 4384
1171 4458
1172 2884
1172 2964
1172 3084
1172 3844
1172 4182
1172 4475
1172 4925
1173 1252
1173 1390
1173 1639
1173 1937
1173 2440
1173 2630
1173 3010
1173 3221
1173 3418
1173 3516
1173 4266
1173 4392
1173 4448
1174 1200
1174 1854
1174 1855
1174 2476
1174 2794
1174 3122
1174 3345
1174 3356
1174 3727
1174 4024
1174 4458
1174 4636
1174 4891
1175 1498
1175 1551
1175 1676
1175 1887
1175 2202
1175 2447
1175 3053
1175 3073
1175 3180
1175 3207
1175 3388
1175 3417
1175 4738
1176 1247
1176 1304
1176 2126
1176 2493
1176 2660
1176 2911
1176 3062
1176 3150
1176 3513
1176 3662
1176 3736
1176 3845
1176 3888
1176 4080
1176 4452
1176 4613
1176 4721
1177 1291
1177 2083
1177 2697
1177 2762
1177 2819
1177 3015
1177 3178
1177 3263
1177 3789
1177 3817
1177 4409
1178 1544
1178 1636
1178 1642
1178 1734
1178 2198
1178 3059
1178 3136
1178 3174
1178 3342
1178 3407
1178 3435
1178 3453
1178 3556
1178 3739
1178 4290
1178 4297
1178 4409
1178 4756
1178 4915
1178 4979
1179 2203
1179 2340
1179 2418
1179 2995
1179 3216
1179 3276
1179 3381
1179 3939
1179 4023
1179 4130
1179 4226
1179 4248
1179 4536
1179 4868
1179 4921
1180 1414
1180 1419
1180 1420
1180 1808
1180 2149
1180 2416
1180 2430
1180 2990
1180 3104
1180 3250
1180 3782
1180 4221
1180 4291
1181 1218
1181 1452
1181 1769
1181 2017
1181 3158
1181 3816
1181 3822
1181 4776
1182 1193
1182 1684
1182 1742
1182 1861
1182 1930
1182 1961
1182 2477
1182 2844
1182 3105
1182 3273
1182 3431
1182 3657
1182 4049
1182 4275
1182 4797
1183 1447
1183 1834
1183 2376
1183 2459
1183 3184
1183 3292
1183 3700
1184 3056
1184 3082
1184 3107
1184 3126
1184 3552
1184 3712
1184 3777
1184 4250
1184 4398
1184 4957
1184 4993
1185 1187
1185 1547
1185 1556
1185 1729
1185 1989
1185 3455
1185 3713
1185 4658
1185 4900
1186 1514
1186 1586
1186 1697
1186 2450
1186 2502
1186 2980
1186 3872
1186 4158
1186 4225
1186 4248
1186 4258
1186 4463
1187 1557
1187 2016
1187 2269
1187 2401
1187 2592
1187 2663
1187 2698
1187 2883
1187 3133
1187 3523
1187 3597
1187 3788
1187 4390
1187 4391
1187 4401
1187 4699
1187 4756
1187 4898
1188 1268
1188 1621
1188 1661
1188 1743
1188 1825
1188 3222
1188 3308
1188 3403
1188 4056
1188 4201
1188 4444
1188 4679
1188 4690
1188 4710
1188 4734
1188 4940
1189 1619
1189 1721
1189 2059
1189 3236
1189 3385
1189 3510
1189 3655
1189 3692
1189 3860
1189 3915
1189 4019
1189 4603
1189 4791
1190 1842
1190 2019
1190 3160
1190 3273
1190 3712
1190 4153
1190 4389
1190 4565
1190 4595
1191 1201
1191 1297
1191 1474
1191 1959
1191 2183
1191 2510
1191 2787
1191 2887
1191 3900
1191 4039
1191 4893
1191 4909
1192 1406
1192 2688
1192 2720
1192 2757
1192 2861
1192 2885
1192 3117
1192 3523
1192 3921
1192 4360
1192 4428
1192 4792
1192 4972
1193 1572
1193 1939
1193 3450
1193 3451
1193 3491
1193 4453
1193 4779
1194 1205
1194 2669
1194 2677
1194 2916
1194 3102
1194 3126
1194 3382
1194 3568
1194 3789
1194 3882
1194 4152
1194 4447
1194 4463
1194 4684
1194 4827
1195 1882
1195 2024
1195 2113
1195 2300
1195 2484
1195 2851
1195 3516
1195 3721
1195 3866
1195 4194
1196 1567
1196 3393
1196 3426
1196 3559
1196 3758
1196 4138
1197 2064
1197 2355
1197 3139
1197 3396
1197 3735
1197 3853
1197 4195
1197 4254
1197 4343
1197 4393
1197 4535
1198 1406
1198 1735
1198 1763
1198 2053
1198 2365
1198 2381
1198 2552
1198 2620
1198 2658
1198 3058
1198 3085
1198 3158
1198 3160
1198 3298
1198 3307
1198 3318
1198 3518
1198 4022
1198 4128
1198 4261
1198 4774
1198 4818
1198 4938
1199 1400
1199 2055
1199 2278
1199 2321
1199 2381
1199 2481
1199 3581
1199 3966
1199 4292
1199 4495
1199 4985
1200 1379
1200 1578
1200 1801
1200 1903
1200 3183
1200 3245
1200 3676
1200 3771
1201 1522
1201 1552
1201 3038
1201 3200
1201 3362
1201 3378
1201 3926
1201 4492
1202 1233
1202 1340
1202 1351
1202 2056
1202 2068
1202 2456
1202 2469
1202 2868
1202 2870
1202 3144
1202 3183
1202 3574
1202 4798
1203 1256
1203 1523
1203 1679
1203 2848
1203 2950
1203 3478
1203 3915
1203 4328
1203 4640
1204 1488
1204 1567
1204 1760
1204 1785
1204 1967
1204 2025
1204 2100
1204 2118
1204 2157
1204 2401
1204 2752
1204 2815
1204 3042
1204 3063
1204 3215
1204 3230
1204 3438
1204 3511
1204 4012
1204 4192
1204 4462
1204 4698
1204 4948
1205 1678
1205 2275
1205 2556
1205 2708
1205 2842
1205 3252
1205 3323
1205 3946
1205 4014
1205 4132
1205 4208
1205 4233
1205 4944
1206 1381
1206 1752
1206 2073
1206 2981
1206 3556
1206 4612
1206 4845
1207 1524
1207 1563
1207 1854
1207 2228
1207 2500
1207 2974
1207 3957
1207 4919
1208 1624
1208 1733
1208 1741
1208 2310
1208 2633
1208 2745
1208 2827
1208 3797
1208 3855
1208 3866
1208 4043
1208 4115
1208 4724
1208 4897
1209 1356
1209 2146
1209 2438
1209 2547
1209 2811
1209 4751
1210 1781
1210 2052
1210 3006
1210 3164
1210 3687
1211 1786
1211 2507
1211 2559
1211 2792
1211 2996
1211 4423
1211 4554
1212 1961
1212 2980
1212 3132
1212 3306
1212 3519
1212 3723
1212 4615
1212 4708
1212 4998
1213 1656
1213 1800
1213 2002
1213 2322
1213 2645
1213 2660
1213 2752
1213 2809
1213 3085
1213 3095
1213 3626
1213 3801
1213 3915
1213 4470
1213 4623
1213 4703
1214 1396
1214 2362
1214 2379
1214 2572
1214 3011
1214 3150
1214 3383
1214 4005
1214 4412
1214 4554
1214 4944
1214 4983
1215 1305
1215 1382
1215 2447
1215 3012
1215 3095
1215 4104
1216 1844
1216 2018
1216 2813
1216 3027
1216 3247
1216 3288
1216 3302
1216 4034
1216 4142
1216 4159
1216 4752
1216 4839
1217 1369
1217 1467
1217 1568
1217 2510
1217 3072
1217 3319
1217 3519
1217 3681
1218 2189
1218 3219
1218 3742
1218 3751
1218 3881
1218 4025
1218 4505
1219 1669
1219 1968
1219 2548
1219 2732
1219 3371
1219 3579
1219 4237
1219 4385
1219 4922
1220 1283
1220 1761
1220 3017
1220 3366
1220 3386
1220 3687
1220 4507
1220 4848
1221 2018
1221 2466
1221 3001
1221 3349
1221 3745
1221 3919
1221 4445
1221 4621
1222 1310
1222 1400
1222 1988
1222 2073
1222 2079
1222 2298
1222 2561
1222 2772
1222 3031
1222 3103
1222 3191
1222 3857
1222 3939
1222 4472
1222 4777
1223 1637
1223 2265
1223 2676
1223 2790
1223 3249
1223 3940
1223 3995
1223 4033
1223 4480
1223 4509
1223 4556
1223 4824
1224 1310
1224 1899
1224 2028
1224 2251
1224 2507
1224 2872
1224 3222
1224 3583
1224 3598
1224 3690
1224 4104
1224 4239
1224 4494
1224 4880
1225 1276
1225 2040
1225 2067
1225 2076
1225 2115
1225 2126
1225 4440
1225 4737
1225 4858
1226 1966
1226 2046
1226 2107
1226 2132
1226 2478
1226 2943
1226 3303
1226 3600
1226 4133
1226 4281
1226 4291
1227 1769
1227 1805
1227 3053
1227 3465
1227 4897
1228 1617
1228 1912
1228 2053
1228 2542
1228 2551
1228 2817
1228 4098
1228 4363
1229 1282
1229 1547
1229 1946
1229 1979
1229 2258
1229 2754
1229 2816
1229 3263
1229 3510
1229 3815
1229 4022
1229 4722
1229 4792
1230 1530
1230 2192
1230 2227
1230 2332
1230 2757
1230 2979
1230 3133
1230 3898
1230 4477
1231 1772
1231 1983
1231 2139
1231 3106
1231 3799
1231 4446
1231 4781
1232 1777
1232 2166
1232 2497
1232 2964
1232 3144
1232 4290
1232 4960
1233 1404
1233 1615
1233 1707
1233 1866
1233 2227
1233 2617
1233 2643
1233 3705
1233 3917
1233 4302
1233 4309
1233 4538
1233 4678
1234 1479
1234 1538
1234 2352
1234 2540
1234 2589
1234 2710
1234 3457
1234 3596
1234 3684
1234 3883
1234 4064
1234 4313
1234 4566
1234 4976
1235 1865
1235 2000
1235 2066
1235 2251
1235 2449
1235 2761
1235 3045
1235 3499
1235 3609
1235 3760
1235 4220
1235 4609
1236 2013
1236 2856
1236 3112
1236 3279
1236 4467
1236 4686
1236 4977
1237 1464
1237 1615
1237 1642
1237 3289
1237 3572
1237 3825
1237 4232
1237 4589
1237 4871
1237 4895
1238 1328
1238 2129
1238 2310
1238 2355
1238 2613
1238 3730
1238 4268
1239 1329
1239 1452
1239 1512
1239 1670
1239 1894
1239 2868
1239 3094
1239 3855
1239 4594
1240 1267
1240 1589
1240 1764
1240 1887
1240 1889
1240 2261
1240 2402
1240 2492
1240 2827
1240 2865
1240 2916
1240 2987
1240 3083
1240 3478
1240 3750
1240 3939
1240 4279
1241 1349
1241 1511
1241 1930
1241 1979
1241 3026
1241 3085
1241 3760
1241 4756
1242 1357
1242 1442
1242 2078
1242 2534
1242 2664
1242 3285
1242 3458
1242 3493
1242 3579
1242 3680
1242 3740
1242 3867
1242 4167
1242 4800
1243 1332
1243 1353
1243 1401
1243 1426
1243 1658
1243 1902
1243 2152
1243 2494
1243 3001
1243 3455
1243 3665
1243 3668
1243 4237
1243 4247
1243 4385
1243 4504
1243 4510
1244 1341
1244 1421
1244 1711
1244 1737
1244 1962
1244 2028
1244 2290
1244 2546
1244 2894
1244 3065
1244 3408
1244 3595
1244 4337
1244 4339
1244 4702
1244 4901
1245 1289
1245 1523
1245 1590
1245 2660
1245 2760
1245 3606
1245 4021
1245 4300
1246 1711
1246 2562
1246 2582
1246 2757
1246 2796
1246 3014
1246 3535
1246 3538
1246 3983
1246 4671
1246 4824
1246 4920
1247 1700
1247 1921
1247 2359
1247 2719
1247 3763
1247 3801
1247 3885
1247 4080
1247 4114
1247 4239
1247 4794
1248 1349
1248 1461
1248 2613
1248 2655
1248 2809
1248 2878
1248 3043
1248 3199
1248 3402
1248 3833
1248 4149
1248 4246
1248 4453
1248 4790
1248 4945
1249 1400
1249 1512
1249 1631
1249 1883
1249 1984
1249 2132
1249 2330
1249 2358
1249 2437
1249 2747
1249 3325
1249 3422
1249 3989
1249 4143
1249 4514
1249 4598
1249 4682
1249 4940
1250 1420
1250 1629
1250 1854
1250 2370
1250 3031
1250 3187
1250 3249
1250 3630
1250 3738
1250 3842
1250 4501
1251 1931
1251 2040
1251 3003
1251 3313
1251 3676
1251 3908
1251 4715
1251 4961
1252 1277
1252 1676
1252 1946
1252 2174
1252 2794
1252 3040
1252 3248
1252 3386
1252 3436
1252 3536
1252 3679
1252 3865
1252 4140
1252 4480
1252 4493
1253 2016
1253 2256
1253 2310
1253 2400
1253 2510
1253 2829
1253 3428
1253 3717
1253 3915
1253 4409
1253 4484
1254 1418
1254 1819
1254 1827
1254 2490
1254 2491
1254 2533
1254 4013
1254 4779
1255 1653
1255 2203
1255 2253
1255 2922
1255 3362
1255 4745
1255 4790
1255 4952
1256 1293
1256 1472
1256 1490
1256 1632
1256 1636
1256 1680
1256 1787
1256 1957
1256 2311
1256 3319
1256 3431
1256 3611
1256 4501
1256 4775
1256 4960
1257 1343
1257 1474
1257 1568
1257 1629
1257 1837
1257 1851
1257 1907
1257 1917
1257 2127
1257 2683
1257 3056
1257 3385
1257 3910
1257 3992
1257 4132
1257 4686
1257 4704
1258 1618
1258 3428
1258 3807
1258 3952
1258 4068
1258 4260
1259 1417
1259 1710
1259 1932
1259 2066
1259 2165
1259 2214
1259 2389
1259 2426
1259 2481
1259 2557
1259 2909
1259 2966
1259 3128
1259 3362
1259 3491
1259 3625
1259 3665
1259 3788
1260 1498
1260 2360
1260 2442
1260 2614
1260 2982
1260 3062
1260 3167
1260 3450
1260 3784
1260 3805
1260 3863
1260 4116
1260 4733
1261 1652
1261 2025
1261 2131
1261 2494
1261 2503
1261 2800
1261 3525
1261 3868
1262 2217
1262 2484
1262 3182
1262 3274
1262 3521
1262 3812
1262 4269
1262 4531
1262 4962
1263 2517
1263 2602
1263 2647
1263 2829
1263 3199
1263 3220
1263 3622
1263 3832
1263 4307
1263 4849
1264 1349
1264 1689
1264 1692
1264 1809
1264 2041
1264 2155
1264 2573
1264 2926
1264 3230
1264 3244
1264 3410
1264 3566
1264 4614
1264 4652
1264 4748
1265 1309
1265 1376
1265 1515
1265 1579
1265 1712
1265 1770
1265 3098
1265 3506
1265 4124
1265 4274
1265 4415
1265 4980
1266 1329
1266 1476
1266 1503
1266 1810
1266 1813
1266 1976
1266 2265
1266 2316
1266 2914
1266 3079
1266 3202
1266 3685
1266 4424
1266 4524
1266 4834
1267 1717
1267 2527
1267 2742
1267 3007
1267 3394
1267 3406
1267 3739
1267 3943
1267 4280
1267 4303
1267 4377
1267 4541
1267 4558
1268 2230
1268 2684
1268 3059
1268 3138
1268 3278
1268 3559
1268 3711
1268 3877
1268 4298
1268 4717
1268 4821
1269 1446
1269 1522
1269 1661
1269 2010
1269 2363
1269 2723
1269 3009
1269 3140
1269 3640
1269 4110
1269 4440
1269 4551
1269 4843
1270 1587
1270 2071
1270 2291
1270 2451
1270 3174
1270 3284
1270 3552
1270 3582
1270 3706
1270 4158
1270 4627
1270 4699
1271 1603
1271 2203
1271 2256
1271 2498
1271 2666
1271 2730
1271 2853
1271 2928
1271 3217
1271 3332
1271 3742
1271 3778
1271 4365
1272 2751
1272 4582
1273 1516
1273 1564
1273 2041
1273 2182
1273 2314
1273 2444
1273 2611
1273 2814
1273 3004
1273 4206
1273 4957
1273 4976
1274 1584
1274 1684
1274 1749
1274 2071
1274 2666
1274 3057
1274 3251
1274 3539
1274 3936
1274 3964
1274 4108
1274 4164
1274 4449
1275 1652
1275 1897
1275 2165
1275 2362
1275 2617
1275 2834
1275 3104
1275 3401
1275 3432
1275 4762
1276 1836
1276 1944
1276 2070
1276 2700
1276 2917
1276 4124
1276 4494
1276 4603
1276 4979
1277 1342
1277 1390
1277 1820
1277 1822
1277 2705
1277 3181
1277 3678
1278 1537
1278 1633
1278 1913
1278 2714
1278 2797
1278 2802
1278 3011
1278 3385
1278 3448
1278 4257
1278 4329
1278 4474
1278 4634
1279 1446
1279 2143
1279 2224
1279 2435
1279 2732
1279 3102
1279 3403
1279 3701
1279 4218
1279 4307
1279 4468
1279 4825
1279 4850
1280 1732
1280 1796
1280 2712
1280 2797
1280 2948
1280 3071
1280 3380
1280 3536
1280 3574
1280 3850
1280 4476
1280 4639
1280 4673
1280 4678
1280 4884
1280 4984
1281 1657
1281 1875
1281 2039
1281 2348
1281 2603
1281 3688
1281 4152
1281 4268
1281 4420
1281 4427
1281 4477
1281 4693
1281 4773
1282 1747
1282 1766
1282 2086
1282 2339
1282 2460
1282 3321
1282 3693
1282 3959
1282 4427
1283 1609
1283 2153
1283 2543
1283 2802
1283 2931
1283 3202
1283 3217
1283 3560
1283 3607
1283 3914
1283 4201
1283 4562
1283 4706
1283 4995
1284 1992
1284 2091
1284 2334
1284 2646
1284 2864
1284 3679
1284 3785
1284 4836
1284 4999
1285 2443
1285 3096
1285 4103
1285 4122
1285 4263
1285 4870
1285 4909
1286 1970
1286 2582
1286 2808
1286 3180
1286 4140
1286 4670
1286 4962
1287 1567
1287 2088
1287 2437
1287 2529
1287 2610
1287 3261
1287 3467
1287 4013
1287 4107
1288 1683
1288 2322
1288 2505
1288 4315
1289 1307
1289 1451
1289 1985
1289 2038
1289 2523
1289 2687
1289 2729
1289 2884
1289 3526
1289 3641
1289 3700
1289 3738
1289 4228
1290 1306
1290 1649
1290 2100
1290 2588
1290 2695
1290 2844
1290 2909
1290 3037
1290 3505
1290 3589
1290 4071
1291 1352
1291 1646
1291 2255
1291 2403
1291 2609
1291 2825
1291 2854
1291 3498
1291 4075
1291 4108
1291 4894
1292 1385
1292 1418
1292 1456
1292 2149
1292 2479
1292 2571
1292 2971
1292 3217
1292 3667
1292 3931
1292 4205
1292 4298
1292 4597
1292 4845
1293 1481
1293 1550
1293 1613
1293 3996
1293 4683
1293 4741
1294 2683
1294 2730
1294 2850
1294 3016
1294 3152
1294 3567
1294 3712
1294 3854
1294 4323
1294 4502
1294 4856
1294 4880
1294 4953
1295 1326
1295 1375
1295 1962
1295 2098
1295 2340
1295 3135
1295 3361
1295 3818
1295 3879
1295 3921
1295 3931
1296 1385
1296 1396
1296 2300
1296 2977
1296 4014
1296 4089
1296 4327
1296 4403
1296 4773
1296 4827
1297 1921
1297 2888
1297 3041
1297 3304
1297 3345
1297 3862
1297 4408
1297 4650
1298 1561
1298 1928
1298 1999
1298 2257
1298 2317
1298 2568
1298 3312
1298 3475
1298 3536
1298 3799
1298 4961
1299 1414
1299 2182
1299 2319
1299 3676
1299 4186
1300 2834
1300 2852
1300 2883
1300 2886
1300 3831
1300 3966
1300 4761
1301 1517
1301 2470
1301 2663
1301 3021
1301 3109
1301 3749
1301 3918
1301 3955
1301 4122
1301 4192
1301 4598
1301 4695
1301 4976
1302 1898
1302 2236
1302 2387
1302 2627
1302 3579
1302 3640
1302 4100
1302 4335
1302 4349
1302 4357
1302 4882
1303 1669
1303 2420
1303 2927
1303 3013
1303 3212
1303 3225
1303 3310
1303 3400
1303 3570
1303 3820
1303 4013
1303 4066
1303 4084
1304 1450
1304 1508
1304 1957
1304 2157
1304 2639
1304 2727
1304 2820
1304 3691
1304 3717
1304 3773
1304 4457
1304 4482
1304 4495
1304 4696
1304 4972
1305 2526
1305 4156
1305 4333
1305 4566
1305 4839
1305 4869
1306 1613
1306 1958
1306 2128
1306 2133
1306 2282
1306 3094
1306 3468
1306 3843
1306 3927
1307 1434
1307 1485
1307 1689
1307 2136
1307 3155
1307 3191
1307 3753
1308 1322
1308 2440
1308 2696
1308 3231
1308 3459
1308 3912
1308 4360
1308 4652
1309 1325
1309 1586
1309 1740
1309 2068
1309 2440
1309 2460
1309 2634
1309 2685
1309 2874
1309 3900
1309 4178
1309 4581
1309 4650
1309 4667
1309 4918
1309 4996
1310 1351
1310 1776
1310 2382
1310 2473
1310 2593
1310 2807
1310 3040
1310 3818
1310 3823
1310 4086
1310 4798
1311 1527
1311 1751
1311 2229
1311 2675
1311 3219
1311 3373
1311 3406
1311 3637
1311 3987
1311 4357
1311 4556
1312 1546
1312 1629
1312 2071
1312 2929
1312 2939
1312 3205
1312 3904
1312 4167
1312 4264
1312 4290
1312 4464
1313 1811
1313 2230
1313 2273
1313 3053
1313 3093
1313 3124
1313 4136
1313 4338
1313 4417
1313 4956
1314 1382
1314 1506
1314 2269
1314 2364
1314 3334
1314 3625
1314 4207
1314 4398
1314 4480
1314 4842
1315 1671
1315 1738
1315 1924
1315 2154
1315 2343
1315 2585
1315 2666
1315 3119
1315 3915
1315 4066
1315 4424
1315 4464
1316 1442
1316 2090
1316 2669
1316 2709
1316 2864
1316 3237
1316 3953
1316 4241
1316 4320
1316 4717
1317 2640
1317 2698
1317 3058
1317 3250
1317 4375
1317 4596
1318 1320
1318 1544
1318 2227
1318 2376
1318 2590
1318 2710
1318 3427
1318 3763
1318 4413
1318 4873
1319 1600
1319 2273
1319 2726
1319 2893
1319 3025
1319 3522
1319 3538
1319 3772
1319 3897
1319 4211
1319 4765
1319 4895
1320 1353
1320 1678
1320 1842
1320 1864
1320 2015
1320 2319
1320 2511
1320 2749
1320 3257
1320 3588
1320 3771
1320 3923
1320 3979
1320 4002
1321 1349
1321 1891
1321 2051
1321 2899
1321 3516
1321 3983
1321 4100
1321 4404
1321 4428
1321 4451
1321 4675
1321 4790
1322 1627
1322 2144
1322 2374
1322 2591
1322 2598
1322 2698
1322 2823
1322 3016
1322 3315
1322 3713
1322 4459
1322 4546
1322 4692
1323 1467
1323 1731
1323 2807
1323 2989
1323 3437
1323 3944
1323 4005
1323 4026
1323 4517
1323 4559
1323 4807
1324 2016
1324 2435
1324 2716
1324 2725
1324 2929
1324 3592
1324 4168
1324 4515
1324 4669
1324 4737
1325 2106
1325 2584
1325 2845
1325 2905
1325 3333
1325 3839
1325 4183
1325 4473
1325 4610
1325 4701
1325 4983
1326 1466
1326 1662
1326 1828
1326 2040
1326 3079
1326 3199
1326 3662
1326 3701
1326 4469
1326 4819
1326 4961
1326 4971
1327 1649
1327 2343
1327 3329
1327 3525
1327 3533
1327 3813
1328 2014
1328 2034
1328 2070
1328 2228
1328 2485
1328 3185
1328 3413
1328 3860
1329 1604
1329 1902
1329 1977
1329 2134
1329 2399
1329 2883
1329 3286
1329 3430
1329 3461
1329 3878
1329 3989
1329 4591
1329 4709
1329 4868
1329 4933
1330 1345
1330 1700
1330 1762
1330 2370
1330 2669
1330 2733
1330 3122
1330 3128
1330 3242
1330 4800
1330 4828
1330 4854
1330 4871
1331 1413
1331 1612
1331 1883
1331 2049
1331 3005
1331 3193
1331 3395
1331 3531
1331 3571
1331 3761
1331 3862
1331 4002
1331 4067
1331 4072
1331 4330
1331 4785
1332 1606
1332 1984
1332 2321
1332 3011
1332 3304
1332 3385
1332 4617
1332 4777
1332 4941
1333 1465
1333 1488
1333 1802
1333 2346
1333 2573
1333 2574
1333 2614
1333 3540
1333 4862
1334 1391
1334 1679
1334 1895
1334 2141
1334 2786
1334 3171
1334 3307
1334 3925
1334 4547
1335 1780
1335 2280
1335 2510
1335 2677
1335 2701
1335 2824
1335 2895
1335 3143
1335 3215
1335 3342
1335 3503
1335 3864
1335 4679
1336 1338
1336 1371
1336 1659
1336 1984
1336 2317
1336 2614
1336 2662
1336 2714
1336 3796
1336 4638
1337 2002
1337 2138
1337 2625
1337 2732
1337 2848
1337 3113
1337 3608
1337 4006
1337 4217
1338 1405
1338 1537
1338 1912
1338 2162
1338 2239
1338 2453
1338 2797
1338 3100
1338 3569
1338 3741
1338 3746
1338 4893
1338 4900
1339 1822
1339 1917
1339 1983
1339 1984
1339 2059
1339 2577
1339 2585
1339 2699
1339 2714
1339 2997
1339 3268
1339 3801
1339 3910
1339 4746
1340 1439
1340 2310
1340 2544
1340 2584
1340 3459
1340 3613
1340 3989
1340 4296
1340 4386
1340 4424
1341 1858
1341 2089
1341 2492
1341 2788
1341 3079
1341 3084
1341 3339
1341 3392
1341 3688
1341 3729
1341 4339
1341 4941
1342 1406
1342 1507
1342 1742
1342 1918
1342 1922
1342 2124
1342 2150
1342 4505
1342 4645
1343 1605
1343 1812
1343 2837
1343 2883
1343 3060
1343 3319
1343 3414
1343 4002
1343 4136
1343 4300
1343 4929
1344 1834
1344 2416
1344 2901
1344 2949
1344 3214
1344 3703
1344 3780
1344 3887
1344 4051
1344 4648
1344 4650
1344 4841
1345 1882
1345 2052
1345 2060
1345 2064
1345 4107
1345 4815
1346 1655
1346 1711
1346 1729
1346 2518
1346 2819
1346 2932
1346 3149
1346 3591
1346 3882
1346 3909
1346 4395
1347 2112
1347 2715
1347 2799
1347 3134
1347 3316
1347 3458
1347 4364
1348 2033
1348 2510
1348 2549
1348 3000
1348 3616
1348 3962
1348 3968
1349 1358
1349 1360
1349 1752
1349 1765
1349 1894
1349 1942
1349 2253
1349 3367
1349 3770
1349 4862
1350 2231
1350 2235
1350 2897
1350 3294
1350 3854
1350 3863
1350 3997
1350 4025
1350 4163
1350 4189
1350 4227
1350 4265
1350 4888
1351 1432
1351 1558
1351 1569
1351 1652
1351 2144
1351 3156
1351 3215
1351 4507
1351 4774
1351 4965
1352 1950
1352 2214
1352 2232
1352 2545
1352 3281
1352 3778
1352 4603
1352 4976
1353 1428
1353 1431
1353 1574
1353 1992
1353 2202
1353 2515
1353 2938
1353 3072
1353 4528
1353 4546
1353 4644
1353 4957
1354 1595
1354 1958
1354 2083
1354 2209
1354 2339
1354 3344
1354 3345
1354 3515
1354 3603
1354 4029
1354 4145
1354 4237
1354 4351
1354 4580
1355 1504
1355 2790
1355 3573
1356 1467
1356 1818
1356 1996
1356 2238
1356 2390
1356 3028
1356 3104
1356 3107
1356 3203
1356 3326
1356 3666
1356 3682
1356 3770
1356 3965
1356 4174
1356 4192
1356 4719
1357 1423
1357 2021
1357 2271
1357 2861
1357 3322
1357 3465
1357 3578
1357 3824
1357 3898
1357 3991
1357 4571
1357 4847
1358 1759
1358 2053
1358 2090
1358 2404
1358 2554
1358 2910
1358 2993
1358 3008
1358 3410
1358 3436
1358 3500
1358 3711
1358 4382
1358 4432
1359 1373
1359 2182
1359 2382
1359 2762
1359 3140
1359 3151
1359 4348
1359 4379
1359 4529
1359 4907
1360 1636
1360 2581
1360 2698
1360 3406
1360 4197
1360 4508
1360 4554
1360 4710
1360 4762
1361 1944
1361 2391
1361 2949
1361 3303
1361 3956
1361 4122
1361 4146
1361 4174
1361 4936
1361 4960
1362 1464
1362 1768
1362 1917
1362 2318
1362 2546
1362 2616
1362 2752
1362 2861
1362 3254
1362 3499
1362 3582
1362 4071
1362 4433
1363 1371
1363 1634
1363 1982
1363 2027
1363 2366
1363 2542
1363 2908
1363 3035
1363 4217
1363 4375
1363 4436
1364 1607
1364 1721
1364 1740
1364 2471
1364 2822
1364 2913
1364 3036
1364 3345
1364 3379
1364 3475
1364 3699
1364 3982
1364 4338
1364 4446
1364 4607
1364 4741
1365 1802
1365 2139
1365 2250
1365 2253
1365 2346
1365 2732
1365 2758
1365 2913
1365 3213
1365 3569
1365 4081
1365 4210
1365 4418
1365 4420
1365 4993
1366 1938
1366 2043
1366 2588
1366 2852
1366 2977
1366 3639
1366 4150
1366 4516
1366 4587
1367 1770
1367 1844
1367 1884
1367 2309
1367 2398
1367 2713
1367 3025
1367 3433
1367 3644
1367 3746
1367 3985
1367 4181
1367 4277
1367 4338
1367 4913
1367 4997
1368 1438
1368 1883
1368 1890
1368 2679
1368 2738
1368 3211
1368 3455
1368 3603
1368 3768
1368 4096
1368 4122
1369 1612
1369 1868
1369 2362
1369 2913
1369 2917
1369 3656
1369 3872
1369 4453
1369 4634
1370 1520
1370 1561
1370 1688
1370 2163
1370 2294
1370 2361
1370 3220
1370 3896
1370 4190
1370 4446
1370 4811
1371 1471
1371 1979
1371 2454
1371 2515
1371 2541
1371 2562
1371 2676
1371 2697
1371 2776
1371 2945
1371 2976
1371 3310
1371 3577
1371 3837
1371 3929
1371 4076
1371 4402
1371 4915
1372 1832
1372 2421
1372 2423
1372 2849
1372 3281
1372 3369
1372 3801
1372 3980
1372 4484
1372 4553
1372 4581
1372 4888
1373 1540
1373 1798
1373 2356
1373 2386
1373 2430
1373 2723
1373 2773
1373 3438
1373 3474
1373 3614
1373 3723
1373 4118
1373 4671
1373 4901
1374 1784
1374 1855
1374 3612
1374 3865
1374 3978
1374 4592
1374 4869
1375 1732
1375 1955
1375 2710
1375 2720
1375 2743
1375 2752
1375 3240
1375 3922
1375 4689
1376 2754
1376 2833
1376 2908
1376 4268
1376 4890
1376 4922
1377 1784
1377 1819
1377 1859
1377 1901
1377 2297
1377 2361
1377 3452
1377 3875
1377 4733
1377 4829
1378 1663
1378 2079
1378 4247
1378 4416
1378 4711
1379 1577
1379 2064
1379 2084
1379 3117
1379 3775
1379 4211
1379 4381
1379 4501
1379 4655
1379 4853
1379 4962
1380 1934
1380 2049
1380 2403
1380 2622
1380 2742
1380 2910
1380 2990
1380 3377
1380 3442
1380 3697
1380 3716
1380 4447
1380 4600
1381 1427
1381 1506
1381 1608
1381 2094
1381 2613
1381 3069
1381 3297
1381 3335
1381 3567
1381 3708
1381 4312
1381 4633
1381 4727
1381 4883
1382 1721
1382 1952
1382 3392
1382 3410
1382 4327
1382 4716
1383 1719
1383 2882
1383 2948
1383 3175
1383 3254
1383 3528
1383 4092
1383 4495
1383 4622
1383 4946
1384 1409
1384 1578
1384 1927
1384 2109
1384 2398
1384 2407
1384 3206
1384 3355
1384 3521
1384 3947
1384 3948
1384 4084
1384 4497
1384 4917
1385 1898
1385 1958
1385 2157
1385 2609
1385 2783
1385 3221
1385 3464
1386 1476
1386 2148
1386 2579
1386 2651
1386 2947
1386 3113
1386 3355
1387 1559
1387 1954
1387 2214
1387 2639
1387 3230
1387 3308
1387 3615
1387 3640
1387 3763
1387 3814
1387 4102
1388 2089
1388 2429
1388 2473
1388 2614
1388 2941
1388 3517
1388 3685
1388 4180
1388 4538
1389 1510
1389 1601
1389 1799
1389 1881
1389 2286
1389 2645
1389 3835
1389 3851
1389 4525
1389 4733
1389 4892
1389 4951
1389 4964
1390 1712
1390 1820
1390 3465
1390 3628
1390 3797
1390 4252
1390 4426
1390 4510
1390 4533
1390 4750
1390 4767
1391 1615
1391 1753
1391 1887
1391 2178
1391 2185
1391 2371
1391 2503
1391 2619
1391 2761
1391 3023
1391 3692
1391 4030
1391 4684
1391 4753
1392 1885
1392 1924
1392 2165
1392 2367
1392 2734
1392 2757
1392 3317
1392 3447
1392 3509
1392 3601
1392 3618
1392 3932
1392 4683
1393 1999
1393 2800
1393 3264
1393 3427
1393 3577
1393 3654
1393 4358
1393 4590
1393 4869
1393 4893
1394 1524
1394 1777
1394 1903
1394 2290
1394 2446
1394 3411
1394 3883
1394 4061
1394 4404
1394 4695
1395 1493
1395 1748
1395 1764
1395 1812
1395 2030
1395 2736
1395 3262
1395 3372
1395 3488
1395 4024
1395 4567
1395 4763
1396 1642
1396 2029
1396 2086
1396 3129
1396 3676
1396 4043
1396 4268
1397 2179
1397 2806
1397 3181
1397 3911
1397 4669
1397 4970
1398 1631
1398 2222
1398 2256
1398 2720
1398 3590
1398 3711
1398 4126
1398 4534
1398 4614
1398 4831
1399 2182
1399 2666
1399 2971
1399 3311
1399 3403
1399 3444
1399 3543
1399 3799
1399 4560
1400 1484
1400 1741
1400 1899
1400 2676
1400 2718
1400 3538
1400 4009
1400 4235
1400 4767
1400 4986
1401 1440
1401 1444
1401 2597
1401 2803
1401 2965
1401 3231
1401 3660
1401 3966
1401 4267
1401 4761
1402 1438
1402 1733
1402 2551
1402 2916
1402 3233
1402 3475
1402 3542
1402 3643
1402 4465
1402 4550
1403 1443
1403 1769
1403 2146
1403 2147
1403 2176
1403 2244
1403 2379
1403 2808
1403 3830
1403 4274
1403 4479
1403 4693
1404 1480
1404 1513
1404 1611
1404 2053
1404 2346
1404 3001
1404 3071
1404 3119
1404 3951
1404 4532
1404 4552
1404 4876
1405 2030
1405 2197
1405 2254
1405 2379
1405 2491
1405 2648
1405 2726
1405 2803
1405 2918
1405 3429
1405 4010
1405 4631
1406 1904
1406 2003
1406 2574
1406 2841
1406 3989
1406 4560
1406 4758
1406 4884
1406 4987
1407 1686
1407 2010
1407 2048
1407 2441
1407 2491
1407 2771
1407 2895
1407 3121
1407 3218
1407 3268
1407 3374
1407 3545
1407 3754
1407 3977
1407 4134
1407 4467
1407 4619
1407 4783
1407 4919
1408 1469
1408 1750
1408 1823
1408 2080
1408 2341
1408 2546
1408 3007
1408 3075
1408 3435
1408 3486
1408 3569
1408 4097
1408 4574
1408 4732
1408 4737
1409 1840
1409 2084
1409 2817
1409 3305
1409 3440
1409 3911
1409 3929
1409 4044
1410 3114
1410 3500
1411 1955
1411 3507
1411 4208
1411 4480
1411 4579
1411 4865
1411 4893
1412 1554
1412 1589
1412 2105
1412 2331
1412 2350
1412 2597
1412 2659
1412 3293
1412 3749
1412 3952
1412 4260
1412 4504
1412 4639
1412 4888
1413 1779
1413 1887
1413 2099
1413 2308
1413 2813
1413 2924
1413 3001
1413 3286
1413 3775
1413 3940
1413 4245
1413 4374
1413 4419
1413 4583
1413 4888
1414 1489
1414 1648
1414 2115
1414 2374
1414 2508
1414 2532
1414 2580
1414 2731
1414 3771
1414 3948
1414 4068
1414 4424
1414 4559
1414 4564
1414 4573
1414 4725
1415 2239
1415 2580
1415 2721
1415 2811
1415 2970
1415 3023
1415 3564
1415 4606
1415 4630
1415 4987
1416 1729
1416 2592
1416 3363
1416 3448
1416 3490
1416 3698
1416 3702
1416 3859
1416 4015
1416 4430
1416 4609
1416 4624
1417 1777
1417 2052
1417 2065
1417 2175
1417 2300
1417 2773
1417 2990
1417 3188
1417 3709
1417 4470
1417 4628
1417 4663
1417 4805
1418 1477
1418 1715
1418 1851
1418 2010
1418 2079
1418 2285
1418 2353
1418 2560
1418 2719
1418 2882
1418 2952
1418 3002
1418 3131
1418 3568
1418 3638
1418 3816
1418 3995
1419 1701
1419 2142
1419 2440
1419 2452
1419 2611
1419 3166
1419 3866
1419 4178
1419 4317
1419 4491
1419 4890
1419 4978
1420 2057
1420 2404
1420 2621
1420 3683
1420 3767
1420 3962
1420 4930
1421 2127
1421 2532
1421 2552
1421 3465
1421 3549
1421 3555
1421 3733
1421 4006
1421 4574
1421 4916
1422 2245
1422 2602
1422 3032
1422 3153
1422 3284
1422 3335
1422 3346
1422 3601
1422 3701
1422 4429
1422 4612
1423 1905
1423 2073
1423 2623
1423 2673
1423 2770
1423 3284
1423 3429
1423 3818
1423 3930
1423 4190
1423 4316
1423 4671
1423 4700
1423 4724
1423 4869
1424 1498
1424 1734
1424 3194
1424 3297
1424 3319
1424 3365
1424 3380
1424 3698
1424 4343
1425 1457
1425 1579
1425 1867
1425 2850
1425 2892
1425 3101
1425 3241
1425 3370
1425 3377
1425 3494
1425 3592
1425 3699
1425 4018
1425 4409
1425 4824
1425 4929
1426 2137
1426 2833
1426 2836
1426 3019
1426 3191
1426 3477
1426 3761
1427 1450
1427 1605
1427 2286
1427 2387
1427 2481
1427 2642
1427 3299
1427 3305
1427 3463
1427 3493
1427 4310
1427 4366
1427 4448
1427 4452
1427 4610
1427 4709
1428 1782
1428 2782
1428 3853
1428 4690
1428 4782
1428 4803
1428 4954
1428 4956
1428 4977
1429 1436
1429 1613
1429 1985
1429 2961
1429 3187
1429 3254
1429 3433
1429 3589
1429 4539
1429 4641
1429 4648
1430 1457
1430 2397
1430 2476
1430 2961
1430 3468
1430 4478
1430 4576
1430 4692
1430 4865
1431 1472
1431 1479
1431 1768
1431 2045
1431 2423
1431 2463
1431 2466
1431 3433
1431 3944
1431 4116
1431 4507
1432 1969
1432 2151
1432 2488
1432 2541
1432 3471
1432 4169
1432 4336
1432 4499
1432 4784
1432 4951
1433 1501
1433 1825
1433 2454
1433 2557
1433 2768
1433 3030
1433 3233
1434 1949
1434 2118
1434 2210
1434 2889
1434 3202
1434 4100
1435 1533
1435 1799
1435 1899
1435 2083
1435 2196
1435 2406
1435 2446
1435 2533
1435 2858
1435 2944
1435 3263
1435 4357
1435 4559
1435 4629
1435 4926
1436 1690
1436 1776
1436 2235
1436 2879
1436 4492
1436 4621
1437 1742
1437 1863
1437 2112
1437 2208
1437 2392
1437 2539
1437 2827
1437 3192
1437 4029
1437 4476
1437 4773
1438 1488
1438 1588
1438 1612
1438 2082
1438 2557
1438 2805
1438 2851
1438 3321
1438 3383
1438 3663
1438 3966
1438 4402
1438 4706
1438 4852
1439 1787
1439 2165
1439 2292
1439 2363
1439 2892
1439 2913
1439 3555
1439 3657
1439 4104
1439 4231
1439 4327
1439 4366
1439 4732
1439 4895
1440 2494
1440 2729
1440 3181
1440 3281
1440 3368
1440 4317
1440 4468
1440 4694
1441 2276
1441 2484
1441 2643
1441 2976
1441 3225
1441 3328
1441 3518
1441 3859
1441 3902
1441 4181
1441 4241
1441 4242
1441 4663
1442 1568
1442 1914
1442 2230
1442 2920
1442 3189
1442 4336
1442 4862
1443 2088
1443 2312
1443 2699
1443 2738
1443 2943
1443 3792
1443 3843
1443 4275
1443 4342
1443 4343
1443 4608
1443 4638
1443 4677
1444 1526
1444 1548
1444 1742
1444 2148
1444 2213
1444 2406
1444 4269
1444 4926
1445 1468
1445 1686
1445 1815
1445 1982
1445 2019
1445 2513
1445 2609
1445 3438
1445 3750
1445 3806
1445 3958
1445 4216
1445 4450
1446 1465
1446 1591
1446 1994
1446 2320
1446 3097
1446 3739
1446 3817
1446 4396
1446 4745
1446 4852
1447 2116
1447 2241
1447 2486
1447 2554
1447 2833
1447 2961
1447 3286
1447 3616
1447 3658
1447 4818
1447 4862
1448 1603
1448 2047
1448 2223
1448 2611
1448 2660
1448 3288
1448 3793
1448 3814
1448 3984
1448 4091
1448 4523
1448 4573
1448 4633
1448 4733
1448 4970
1449 2017
1449 2018
1449 2732
1449 2733
1449 3598
1449 3733
1449 4700
1449 4736
1449 4783
1450 2078
1450 2135
1450 2369
1450 2472
1450 2964
1450 3480
1450 3638
1450 3777
1450 4179
1450 4290
1450 4327
1451 1463
1451 1615
1451 2261
1451 2390
1451 2800
1451 3047
1451 3182
1451 3442
1451 3559
1451 3743
1451 4274
1451 4310
1452 2018
1452 2386
1452 2601
1452 2611
1452 3007
1452 3023
1452 3374
1452 3431
1452 4078
1453 1524
1453 1662
1453 1787
1453 2013
1453 2204
1453 2838
1453 2934
1453 3086
1453 3115
1453 3470
1453 3554
1453 4451
1453 4609
1454 1749
1454 2100
1454 2219
1454 3151
1454 3396
1454 3927
1454 3987
1454 4448
1454 4969
1455 1482
1455 1530
1455 1779
1455 1991
1455 2276
1455 2507
1455 2653
1455 2753
1455 3465
1455 3776
1455 3778
1455 3992
1455 4134
1456 1636
1456 1797
1456 2260
1456 2410
1456 2467
1456 2943
1456 3459
1456 3680
1456 4246
1456 4396
1456 4516
1456 4659
1456 4879
1457 1585
1457 3576
1457 3698
1457 3794
1457 4359
1457 4420
1458 1994
1458 2058
1458 2099
1458 2475
1458 2582
1458 3316
1458 3388
1458 3828
1458 3948
1458 4553
1458 4587
1458 4774
1459 1740
1459 1755
1459 1827
1459 2749
1459 2957
1459 2997
1459 3164
1459 3176
1459 4255
1459 4407
1459 4419
1459 4684
1459 4766
1459 4795
1460 2186
1460 2211
1460 2324
1460 2518
1460 2658
1460 3039
1460 3175
1460 3540
1460 3690
1460 4551
1460 4616
1460 4731
1460 4757
1460 4959
1461 1508
1461 1847
1461 3082
1461 3552
1461 4610
1461 4725
1462 1957
1462 2230
1462 2584
1462 2875
1462 2976
1462 3004
1462 3068
1462 3260
1462 3456
1462 3685
1462 3990
1462 4112
1462 4406
1462 4895
1463 1765
1463 1995
1463 2017
1463 2094
1463 2149
1463 2320
1463 2944
1463 2957
1463 3172
1463 3344
1463 3393
1463 3941
1463 4756
1463 4771
1463 4945
1464 1471
1464 1531
1464 2071
1464 2360
1464 2558
1464 3221
1464 3545
1464 3959
1464 4147
1464 4575
1465 1688
1465 1731
1465 2046
1465 2296
1465 2984
1465 3272
1465 4018
1465 4061
1465 4368
1465 4789
1465 4954
1466 2205
1466 2227
1466 3763
1467 1620
1467 1728
1467 1917
1467 2005
1467 2361
1467 2615
1467 2716
1467 2813
1467 3526
1467 3868
1467 3882
1467 3982
1467 3991
1467 4889
1468 1643
1468 2021
1468 2106
1468 2184
1468 2653
1468 2665
1468 3576
1468 3746
1468 3810
1468 4043
1468 4349
1468 4507
1468 4977
1469 1823
1469 2293
1469 2309
1469 2663
1469 2685
1469 2846
1469 2976
1469 3488
1469 3530
1469 4333
1469 4737
1470 1609
1470 1801
1470 1842
1470 2043
1470 2244
1470 2363
1470 2877
1470 3030
1470 3430
1470 3867
1470 4077
1471 1549
1471 1593
1471 1680
1471 2237
1471 3056
1471 3417
1471 3433
1471 3453
1471 4025
1471 4757
1471 4782
1472 1859
1472 1868
1472 1885
1472 2005
1472 2039
1472 2618
1472 3071
1472 3858
1473 1649
1473 1926
1473 2047
1473 2322
1473 3230
1473 3256
1473 4192
1473 4362
1473 4534
1473 4822
1474 1627
1474 1768
1474 2094
1474 2182
1474 3011
1474 3286
1474 3321
1474 3635
1474 3936
1474 4109
1474 4527
1474 4680
1475 2151
1475 2608
1475 2794
1475 3774
1475 3953
1475 4152
1476 2388
1476 2483
1476 2491
1476 2589
1476 3832
1476 3893
1476 4748
1476 4843
1477 2235
1477 2293
1477 2633
1477 2666
1477 3827
1477 4305
1477 4678
1477 4987
1478 1554
1478 1557
1478 2377
1478 2533
1478 3295
1478 3566
1478 4095
1478 4339
1478 4945
1479 1486
1479 2240
1479 2280
1479 2364
1479 2466
1479 2496
1479 2538
1479 2557
1479 3013
1479 3516
1479 3706
1479 4180
1479 4440
1480 1509
1480 1755
1480 1769
1480 2031
1480 2256
1480 2477
1480 3004
1480 3024
1480 3130
1480 3344
1480 3630
1480 3783
1480 3858
1480 4172
1480 4444
1480 4546
1480 4776
1481 1526
1481 1857
1481 2125
1481 2673
1481 2800
1481 2886
1481 3058
1481 3079
1481 4532
1481 4677
1481 4866
1482 1683
1482 1702
1482 1730
1482 2172
1482 2348
1482 2450
1482 3087
1482 3470
1482 3904
1482 4427
1482 4564
1483 1579
1483 2474
1483 3179
1483 4812
1484 1708
1484 1712
1484 1789
1484 1829
1484 2172
1484 2211
1484 2754
1484 3544
1484 3574
1484 3690
1484 4294
1484 4638
1484 4661
1484 4788
1485 1763
1485 1823
1485 1893
1485 1905
1485 2258
1485 2740
1485 2750
1485 3009
1485 3040
1485 3370
1485 3475
1485 3695
1485 3994
1485 4104
1485 4144
1485 4521
1485 4828
1485 4969
1486 1558
1486 1670
1486 2120
1486 2318
1486 2363
1486 2904
1486 3042
1486 3050
1486 3053
1486 3330
1486 3984
1486 4051
1486 4065
1486 4287
1486 4727
1486 4833
1487 1629
1487 1636
1487 2125
1487 2547
1487 2956
1487 3120
1487 3937
1487 4348
1487 4532
1487 4911
1488 2439
1488 2466
1488 2955
1488 3169
1488 3175
1488 3744
1488 4377
1488 4647
1489 2548
1489 2620
1489 2838
1489 3023
1489 3416
1489 3559
1489 4265
1489 4310
1489 4808
1489 4884
1490 1717
1490 2090
1490 2111
1490 2187
1490 2281
1490 2592
1490 3063
1490 3752
1490 4142
1490 4168
1490 4937
1491 1527
1491 1592
1491 1630
1491 2038
1491 2094
1491 2485
1491 2713
1491 3188
1491 3308
1491 4245
1491 4301
1491 4463
1491 4503
1492 1886
1492 2064
1492 2397
1492 2466
1492 3222
1492 3496
1492 3559
1492 3840
1492 4258
1492 4518
1492 4888
1493 1592
1493 2145
1493 2911
1493 3100
1493 3920
1494 1597
1494 1761
1494 1798
1494 2311
1494 3426
1494 3497
1494 3598
1494 4090
1494 4275
1494 4532
1494 4665
1495 1730
1495 2358
1495 2364
1495 2398
1495 3880
1495 3949
1495 4107
1495 4268
1495 4333
1495 4384
1495 4424
1495 4629
1496 1849
1496 1955
1496 1981
1496 2241
1496 2374
1496 2788
1496 2798
1496 4821
1496 4823
1497 1498
1497 2310
1497 2333
1497 2444
1497 2856
1497 2928
1497 3327
1497 3549
1497 3664
1497 3672
1497 4486
1497 4757
1497 4832
1497 4988
1498 1576
1498 2135
1498 3155
1498 3333
1498 3368
1498 3466
1498 3660
1498 4005
1498 4054
1498 4226
1498 4309
1498 4721
1499 1977
1499 2420
1499 2920
1499 3104
1499 3194
1499 4449
1500 1665
1500 1706
1500 1776
1500 1800
1500 2191
1500 2736
1500 2852
1500 3657
1500 4053
1500 4359
1500 4461
1500 4558
1500 4590
1500 4723
1500 4806
1500 4896
1500 4994
1501 1535
1501 1810
1501 1980
1501 2071
1501 2212
1501 2800
1501 2853
1501 2918
1501 3016
1501 3080
1501 3808
1501 3851
1501 4099
1501 4746
1501 4976
1502 1848
1502 2072
1502 2087
1502 2296
1502 2392
1502 2671
1502 2881
1502 2965
1502 3445
1502 3847
1502 3865
1502 4648
1502 4823
1503 2209
1503 2390
1503 3051
1503 3324
1503 4513
1503 4537
1504 1567
1504 1823
1504 3197
1504 3536
1504 4041
1504 4112
1505 1665
1505 1874
1505 1953
1505 2064
1505 2268
1505 3138
1505 3161
1505 3214
1505 4739
1506 1684
1506 2348
1506 2573
1506 2867
1506 2907
1506 3243
1506 3310
1506 3446
1506 3622
1506 3938
1506 4078
1506 4470
1506 4619
1507 2484
1507 2528
1507 2672
1507 3129
1507 3802
1507 4845
1507 4993
1508 1820
1508 1824
1508 1946
1508 2036
1508 2191
1508 2417
1508 2572
1508 3029
1508 3558
1508 4224
1508 4351
1508 4527
1508 4641
1509 1860
1509 3354
1509 4038
1509 4143
1509 4273
1509 4337
1510 1703
1510 1782
1510 2533
1510 2858
1510 3130
1510 3190
1510 3463
1510 3855
1510 4117
1510 4227
1510 4230
1510 4515
1510 4917
1511 1774
1511 1797
1511 2226
1511 2235
1511 2495
1511 2498
1511 2767
1511 3002
1511 3269
1511 3463
1511 4018
1511 4221
1511 4341
1511 4437
1512 2088
1512 2526
1512 2853
1512 3409
1512 3609
1512 3715
1512 4052
1512 4745
1512 4788
1513 1785
1513 2097
1513 2232
1513 2902
1513 2967
1513 4111
1513 4405
1513 4733
1514 1543
1514 1927
1514 1973
1514 2027
1514 2273
1514 2637
1514 3255
1514 3421
1514 3737
1514 3863
1514 4148
1514 4180
1514 4408
1514 4522
1515 1526
1515 1747
1515 2523
1515 2555
1515 2611
1515 2772
1515 3379
1515 3596
1515 3783
1515 3847
1515 4366
1515 4644
1515 4880
1516 1883
1516 1939
1516 2135
1516 2394
1516 2618
1516 3243
1516 3941
1516 3980
1516 4309
1516 4475
1517 1973
1517 2294
1517 2472
1517 2543
1517 3071
1517 3308
1517 3537
1517 4486
1517 4546
1518 1545
1518 1546
1518 1795
1518 1968
1518 2373
1518 2493
1518 2683
1518 2923
1518 3068
1518 3388
1518 3490
1518 3506
1518 3549
1518 3726
1518 3746
1518 3877
1518 4611
1519 1612
1519 1680
1519 1692
1519 1720
1519 1754
1519 2707
1519 2934
1519 3380
1519 3528
1519 3612
1519 4821
1519 4856
1520 2061
1520 2529
1520 2943
1520 3302
1520 3683
1520 3981
1520 4126
1520 4142
1520 4184
1521 2204
1521 2624
1521 2717
1521 3379
1521 3686
1521 3717
1521 4090
1521 4134
1521 4317
1521 4481
1521 4920
1522 1994
1522 2508
1522 2764
1522 3176
1522 3222
1522 3425
1522 3751
1522 3839
1522 4368
1522 4395
1522 4858
1523 2138
1523 2315
1523 3427
1523 3643
1523 3800
1523 4238
1523 4673
1524 2133
1524 2430
1524 2557
1524 2807
1524 3080
1524 3157
1524 3231
1524 3850
1524 3888
1524 4120
1524 4211
1524 4514
1524 4617
1524 4939
1524 4990
1525 1531
1525 2267
1525 3024
1525 3121
1525 3181
1525 3538
1525 4121
1525 4339
1525 4399
1525 4535
1525 4979
1526 2145
1526 2257
1526 2628
1526 3008
1526 3354
1526 3542
1526 3644
1526 4194
1526 4329
1526 4567
1526 4799
1527 1679
1527 1826
1527 2016
1527 2063
1527 2087
1527 2881
1527 2912
1527 3116
1527 3339
1527 3509
1527 3588
1527 3603
1527 4319
1527 4614
1527 4790
1528 1576
1528 1782
1528 1899
1528 2203
1528 2315
1528 2592
1528 4470
1529 1723
1529 1894
1529 2272
1529 2761
1529 3213
1529 3514
1529 3531
1529 3593
1529 3606
1529 4100
1529 4191
1529 4333
1529 4386
1529 4718
1529 4972
1529 4974
1530 1653
1530 1968
1530 2238
1530 3014
1530 3027
1530 3225
1530 3713
1530 3730
1530 4260
1530 4542
1530 4791
1531 2504
1531 2994
1531 3062
1531 3422
1531 3614
1531 3749
1531 4610
1532 2125
1532 2887
1532 2908
1532 3401
1532 3940
1532 4616
1532 4651
1533 1778
1533 1989
1533 2044
1533 2420
1533 2514
1533 3915
1533 4033
1533 4154
1533 4245
1533 4419
1533 4669
1533 4813
1533 4819
1533 4852
1533 4921
1534 1741
1534 2843
1534 3417
1534 3449
1534 4427
1534 4897
1535 1878
1535 1903
1535 2162
1535 2562
1535 2897
1535 3266
1535 3610
1535 3664
1535 3897
1536 2173
1536 2360
1536 3328
1536 3336
1536 3688
1536 4121
1536 4541
1537 1621
1537 1707
1537 1916
1537 2462
1537 2726
1537 2815
1537 3514
1537 3572
1537 3665
1537 3832
1537 3836
1537 3872
1537 4028
1537 4274
1537 4312
1537 4725
1538 1548
1538 1699
1538 1848
1538 2455
1538 2694
1538 2881
1538 3010
1538 3201
1538 3325
1538 3458
1538 4340
1538 4352
1539 1646
1539 2255
1539 2351
1539 2364
1539 2536
1539 3058
1539 3089
1539 4312
1539 4363
1539 4920
1539 5000
1540 2496
1540 2871
1540 2930
1540 3334
1540 3346
1540 3613
1540 3944
1540 4059
1540 4170
1540 4190
1540 4222
1540 4519
1540 4770
1540 4916
1541 2021
1541 2430
1541 3259
1541 4130
1541 4591
1542 1594
1542 1928
1542 2594
1542 2616
1542 2655
1542 3223
1542 3239
1542 3732
1542 3744
1542 4315
1542 4409
1542 4411
1542 4736
1542 4749
1543 2323
1543 2496
1543 2809
1543 3071
1543 3365
1543 3447
1543 3623
1543 4626
1543 4852
1544 1717
1544 1731
1544 1785
1544 2784
1544 2995
1544 3229
1544 3363
1544 3669
1544 3872
1544 4083
1544 4166
1544 4325
1544 4352
1545 2009
1545 2794
1545 2981
1545 3225
1545 3365
1545 3456
1545 3885
1546 1914
1546 2642
1546 2653
1546 3044
1546 3101
1546 3323
1546 3375
1546 3384
1546 3634
1546 3836
1546 3903
1546 3995
1546 4214
1546 4311
1546 4465
1546 4653
1547 2123
1547 2131
1547 3155
1547 3208
1547 3989
1547 4720
1547 4956
1548 1842
1548 2394
1548 3085
1548 3353
1548 3355
1548 3543
1548 4263
1548 4705
1548 4778
1549 1579
1549 1999
1549 2051
1549 2439
1549 2512
1549 2580
1549 2776
1549 3156
1549 3258
1549 3822
1549 3870
1549 4448
1549 4513
1549 4600
1549 4783
1550 1642
1550 2559
1550 2677
1550 2876
1550 3056
1550 3060
1550 3238
1550 3242
1550 3552
1550 3826
1550 3904
1550 4284
1550 4776
1551 1608
1551 1830
1551 2041
1551 2193
1551 2236
1551 2308
1551 2651
1551 3315
1551 3771
1552 1680
1552 2000
1552 2377
1552 3054
1552 3254
1552 3399
1552 3582
1552 3851
1552 4027
1552 4330
1552 4385
1552 4455
1552 4652
1553 1847
1553 1919
1553 2753
1553 2780
1553 3011
1553 4055
1553 4318
1553 4491
1553 4830
1554 2238
1554 2269
1554 3916
1555 1879
1555 1946
1555 1992
1555 2014
1555 2261
1555 2383
1555 2894
1555 3422
1555 3669
1555 3734
1555 4566
1556 1863
1556 2363
1556 2766
1556 3334
1556 3490
1556 3567
1556 3811
1556 3827
1556 4489
1556 4533
1556 4610
1556 4729
1556 4824
1557 1632
1557 1777
1557 1907
1557 2220
1557 2397
1557 2845
1557 3429
1557 3716
1557 3926
1557 3947
1557 4202
1557 4490
1557 4639
1558 1606
1558 1647
1558 1980
1558 3165
1558 3405
1558 3473
1558 3562
1558 3724
1558 4109
1558 4128
1558 4563
1559 1743
1559 1998
1559 2153
1559 4100
1559 4390
1559 4433
1559 4986
1560 2091
1560 2484
1560 2511
1560 2909
1560 2977
1560 3144
1560 3494
1560 3961
1560 4249
1560 4571
1560 4791
1560 4909
1561 1803
1561 2064
1561 2164
1561 2290
1561 2700
1561 2945
1561 3207
1561 3216
1561 3404
1561 3453
1561 3498
1561 3790
1561 4503
1561 4892
1561 4988
1562 2853
1562 3236
1562 3597
1562 4107
1562 4722
1562 4829
1562 4852
1563 1737
1563 2061
1563 2335
1563 2379
1563 2559
1563 2566
1563 2587
1563 3079
1563 3138
1563 3190
1563 3250
1563 3695
1563 3730
1563 3766
1564 1836
1564 2059
1564 2448
1564 2556
1564 2624
1564 3037
1564 3074
1564 3439
1564 3748
1564 4102
1564 4116
1564 4249
1564 4910
1565 1629
1565 2072
1565 2551
1565 3033
1565 3124
1565 3222
1565 3546
1565 3718
1565 3945
1565 4516
1565 4714
1566 1652
1566 2427
1566 2464
1566 2501
1566 2588
1566 2992
1566 3502
1566 3847
1566 4185
1566 4854
1567 1667
1567 1896
1567 1899
1567 2077
1567 2080
1567 2718
1567 2880
1567 3108
1567 3628
1567 3701
1567 3767
1567 4321
1567 4395
1568 1591
1568 1634
1568 1731
1568 1848
1568 1886
1568 1967
1568 2104
1568 2242
1568 2659
1568 2885
1568 2986
1568 3001
1568 3069
1568 3725
1568 4663
1569 2910
1569 3711
1569 3955
1569 4022
1569 4106
1569 4263
1569 4593
1569 4938
1570 2463
1570 2771
1570 2982
1570 3956
1570 4337
1570 4529
1570 4915
1571 3193
1571 3323
1571 3452
1571 4432
1571 4649
1571 4672
1572 2272
1572 2864
1572 2889
1572 2990
1572 3014
1572 3119
1572 3617
1572 3658
1572 3781
1572 3928
1572 3930
1572 4389
1573 1577
1573 1608
1573 2200
1573 2271
1573 2408
1573 2456
1573 2656
1573 2746
1573 2791
1573 3302
1573 4033
1573 4204
1573 4280
1573 4731
1573 4766
1573 4802
1574 1674
1574 1708
1574 2008
1574 2024
1574 2175
1574 2239
1574 2384
1574 2786
1574 2855
1574 3291
1574 3364
1574 3714
1574 3951
1575 2029
1575 2297
1575 2591
1575 4352
1575 4884
1576 2214
1576 2237
1576 2560
1576 2768
1576 2870
1577 2649
1577 4286
1577 4679
1578 2197
1578 2320
1578 2340
1578 2785
1578 3131
1578 3144
1578 3358
1578 3923
1579 2012
1579 2155
1579 2433
1579 2685
1579 2968
1579 3880
1579 4064
1579 4331
1579 4464
1579 4486
1580 1639
1580 1641
1580 1648
1580 1968
1580 2103
1580 2385
1580 2794
1580 2938
1580 3079
1580 3220
1580 3573
1580 4943
1581 1686
1581 2150
1581 2374
1581 2600
1581 2857
1581 3343
1581 4147
1581 4545
1581 4740
1582 2039
1582 2143
1582 2558
1582 3267
1582 3718
1582 4501
1582 4546
1583 2080
1583 2410
1583 2538
1583 2910
1583 3203
1583 3428
1583 3744
1583 3962
1583 4478
1583 4507
1583 4679
1584 1625
1584 1665
1584 2214
1584 2718
1584 2775
1584 2829
1584 3270
1584 3367
1584 3377
1584 3530
1584 3606
1584 3801
1584 4221
1584 4316
1584 4469
1584 4696
1584 4843
1584 4945
1585 1700
1585 1755
1585 1805
1585 1899
1585 2397
1585 2669
1585 2717
1585 2743
1585 2837
1585 2977
1585 3048
1585 3220
1585 3340
1585 4103
1585 4275
1585 4386
1585 4544
1586 1608
1586 1750
1586 2063
1586 2187
1586 2581
1586 2666
1586 2866
1586 2992
1586 4840
1586 4932
1587 2020
1587 3365
1587 3500
1587 3732
1587 4038
1587 4322
1587 4964
1588 1700
1588 2395
1588 2438
1588 3090
1588 3613
1588 3958
1588 4505
1588 4724
1588 4757
1589 1920
1589 2566
1589 2645
1589 2923
1589 3031
1589 3196
1589 3480
1589 3558
1589 4367
1589 4686
1590 2224
1590 2369
1590 2459
1590 2582
1590 2640
1590 2655
1590 3099
1590 3154
1590 3182
1590 3441
1590 3597
1590 3625
1590 4253
1590 4259
1590 4666
1591 1920
1591 2463
1591 2743
1591 3029
1591 3310
1591 3505
1591 3581
1591 4457
1591 4857
1592 1649
1592 1819
1592 2022
1592 2244
1592 2395
1592 2846
1592 3055
1592 3840
1592 4036
1592 4332
1592 4575
1592 4647
1593 1771
1593 2299
1593 2444
1593 2725
1593 3467
1593 3942
1593 4082
1593 4583
1593 4704
1594 1828
1594 2419
1594 3794
1594 4640
1594 4687
1594 4709
1594 4729
1595 1877
1595 2487
1595 2519
1595 2526
1595 2543
1595 2899
1595 3613
1595 3723
1595 4404
1595 4466
1595 4685
1595 4830
1595 4837
1595 4958
1596 2155
1596 2672
1596 3842
1596 4506
1597 1778
1597 1843
1597 1940
1597 2003
1597 2123
1597 2145
1597 2502
1597 2506
1597 2527
1597 2604
1597 2768
1597 2958
1597 3117
1597 4008
1597 4751
1597 4911
1598 2095
1598 3072
1598 3286
1598 3373
1598 3406
1598 3491
1598 3771
1598 4125
1598 4197
1598 4339
1599 1624
1599 2144
1599 2419
1599 2658
1599 2673
1599 3355
1599 3550
1599 4401
1599 4589
1599 4838
1599 4918
1600 1811
1600 2315
1600 3094
1600 3702
1600 4249
1600 4541
1600 4565
1600 4948
1600 4993
1601 1685
1601 2011
1601 2095
1601 2647
1601 3043
1601 3504
1601 3854
1601 3879
1601 4072
1601 4119
1601 4328
1601 4436
1601 4477
1601 4658
1601 4661
1602 1944
1602 2760
1602 3150
1603 1811
1603 2157
1603 3025
1603 3500
1603 4366
1603 4587
1603 4732
1604 1684
1604 2001
1604 2029
1604 2235
1604 3309
1604 4310
1605 1628
1605 2379
1605 2423
1605 2447
1605 2484
1605 2870
1605 3148
1605 3167
1605 3428
1605 4269
1605 4391
1605 4751
1605 4911
1606 1763
1606 2151
1606 2711
1606 2741
1606 2822
1606 2824
1606 3245
1606 4339
1606 4653
1606 4690
1607 1704
1607 1737
1607 2017
1607 2970
1607 3124
1607 3813
1607 3838
1607 3937
1607 4162
1608 2486
1608 2820
1608 3032
1608 3147
1608 4118
1609 1736
1609 2189
1609 2715
1609 2842
1609 3234
1609 3645
1609 3735
1609 3858
1609 4125
1609 4278
1610 1909
1610 2589
1610 2745
1610 2766
1610 2980
1610 3103
1610 3222
1610 4146
1610 4499
1610 4565
1611 2331
1611 2767
1611 3027
1611 3321
1611 3694
1611 3909
1611 4153
1612 1954
1612 1975
1612 2039
1612 2101
1612 2236
1612 2920
1612 3063
1612 3355
1612 3367
1612 3864
1612 4062
1612 4187
1612 4481
1612 4557
1612 4595
1612 4968
1613 1717
1613 2270
1613 2863
1613 3170
1613 3936
1613 4285
1614 1636
1614 1929
1614 1939
1614 2027
1614 2038
1614 2093
1614 2252
1614 2295
1614 2454
1614 3415
1614 3818
1614 4322
1614 4711
1615 1893
1615 2363
1615 2382
1615 2495
1615 2670
1615 2677
1615 2877
1615 3051
1615 3640
1615 3916
1615 3927
1615 4273
1615 4313
1615 4451
1615 4735
1616 1738
1616 3233
1616 3363
1616 3611
1616 3635
1616 3778
1616 4599
1616 4666
1616 4963
1617 1827
1617 1888
1617 2206
1617 2274
1617 2625
1617 2809
1617 2901
1617 3751
1617 4023
1617 4802
1618 2567
1618 3140
1618 3173
1618 3309
1618 4446
1618 4942
1619 1671
1619 2761
1619 3479
1619 3676
1619 3703
1619 3927
1619 3959
1619 3972
1619 4575
1620 1783
1620 1852
1620 2134
1620 2192
1620 2254
1620 2723
1620 2853
1620 3206
1620 3483
1620 3914
1620 3918
1620 4206
1620 4309
1620 4356
1620 4783
1620 4951
1621 1668
1621 2376
1621 2680
1621 2804
1621 3512
1621 3676
1621 3933
1621 4351
1621 4839
1621 4962
1622 1860
1622 1958
1622 2394
1622 2725
1622 3278
1622 4009
1623 1634
1623 1726
1623 1925
1623 2262
1623 2733
1623 3402
1623 3799
1623 4410
1623 4638
1623 4639
1624 1721
1624 1980
1624 2266
1624 2688
1624 2696
1624 2918
1624 3422
1624 4360
1624 4469
1625 2094
1625 2219
1625 2421
1625 2434
1625 2779
1625 2926
1625 2980
1625 3407
1625 3520
1625 3795
1625 3802
1625 4091
1625 4109
1625 4373
1626 1917
1626 2202
1626 2465
1626 2629
1626 2951
1626 3013
1626 3410
1626 3549
1626 3644
1626 3727
1626 3995
1626 4036
1626 4353
1626 4722
1626 4819
1627 1807
1627 2030
1627 2169
1627 2535
1627 2610
1627 2825
1627 2872
1627 2983
1627 3366
1627 3443
1627 4241
1627 4451
1627 4831
1627 4833
1628 1683
1628 1837
1628 1878
1628 1936
1628 2009
1628 2607
1628 2872
1628 3331
1628 3569
1628 4058
1628 4467
1628 4473
1628 4935
1629 2220
1629 2251
1629 2428
1629 2554
1629 2720
1629 2835
1629 3284
1629 3377
1629 3918
1629 3938
1629 4221
1629 4456
1630 1784
1630 1936
1630 2079
1630 2381
1630 3803
1630 4361
1630 4648
1631 1908
1631 2265
1631 2775
1631 2897
1631 2912
1631 3198
1631 3218
1631 4021
1631 4404
1631 4552
1631 4703
1632 2461
1632 2534
1632 2817
1632 3383
1632 4132
1632 4362
1632 4467
1632 4539
1632 4605
1632 4613
1632 4905
1633 1712
1633 1798
1633 2236
1633 2434
1633 3089
1633 3423
1633 3895
1633 4382
1634 2444
1634 2470
1634 2807
1634 3181
1634 3972
1634 4002
1634 4275
1634 4532
1634 4622
1634 4953
1635 1889
1635 2071
1635 2086
1635 2220
1635 2311
1635 2642
1635 2663
1635 3848
1635 4338
1635 4374
1635 4551
1635 4583
1635 4647
1635 4805
1636 1707
1636 1724
1636 2167
1636 2866
1636 3273
1636 3355
1636 4364
1636 4367
1636 4827
1636 4844
1637 1891
1637 2138
1637 2467
1637 2602
1637 2987
1637 2992
1637 3693
1637 3937
1637 4725
1638 1801
1638 2289
1638 2605
1638 3579
1638 3867
1638 4970
1639 1819
1639 1846
1639 2515
1639 2743
1639 2834
1639 3466
1640 2162
1640 2252
1640 2253
1640 2563
1640 2687
1640 2719
1640 2727
1640 2756
1640 2940
1640 3457
1640 3636
1640 4071
1640 4417
1640 4499
1640 4630
1640 4807
1641 2264
1641 2390
1641 4019
1641 4946
1642 2088
1642 2300
1642 2327
1642 2506
1642 2710
1642 3305
1642 4807
1642 4920
1642 4994
1643 1851
1643 2013
1643 2313
1643 2630
1643 2731
1643 3227
1643 3284
1643 4089
1644 1922
1644 3146
1644 3792
1644 4798
1645 2049
1645 2231
1645 2262
1645 2665
1645 2817
1645 3034
1645 3248
1645 3875
1645 3885
1646 1787
1646 1824
1646 2128
1646 2229
1646 2496
1646 2602
1646 2765
1646 3360
1646 3533
1646 3553
1646 4320
1647 2009
1647 2423
1647 2428
1647 2468
1647 2679
1647 2689
1647 2747
1647 3225
1647 4087
1647 4103
1647 4170
1648 1991
1648 2526
1648 2527
1648 2899
1648 2940
1648 3151
1648 3826
1648 4512
1648 4698
1649 1896
1649 2184
1649 2292
1649 2331
1649 2563
1649 2576
1649 2727
1649 3018
1649 3107
1649 3200
1649 3214
1649 3533
1649 3561
1649 4263
1649 4683
1649 4780
1650 2573
1650 2903
1650 2921
1650 3371
1650 3452
1650 3836
1650 4642
1650 4946
1651 1688
1651 1768
1651 1808
1651 2007
1651 2351
1651 3128
1651 3320
1651 4069
1651 4306
1652 1669
1652 1810
1652 2540
1652 2791
1652 3512
1652 3671
1652 3788
1652 4405
1652 4638
1652 4732
1652 4828
1652 4925
1653 1703
1653 1704
1653 1897
1653 2286
1653 2897
1653 3900
1653 4229
1653 4461
1653 4474
1653 4657
1654 1861
1654 2310
1654 2552
1654 2700
1654 2821
1654 3540
1654 3642
1654 3816
1654 4044
1654 4203
1654 4322
1654 4471
1654 4689
1654 4882
1655 1961
1655 2066
1655 2080
1655 2269
1655 2587
1655 3064
1655 3537
1655 3691
1655 4732
1655 4820
1656 1661
1656 1971
1656 2320
1656 2356
1656 2411
1656 2699
1656 3057
1656 3459
1656 3692
1656 4033
1656 4863
1657 2722
1657 2885
1657 2970
1657 3364
1657 3672
1657 3729
1657 4925
1657 4988
1658 1738
1658 1838
1658 1993
1658 2024
1658 2093
1658 2206
1658 2457
1658 2464
1658 2586
1658 3332
1658 3525
1659 1668
1659 2020
1659 2086
1659 2156
1659 2350
1659 2599
1659 2705
1659 2749
1659 3473
1659 3479
1659 3889
1659 4059
1659 4557
1659 4595
1660 3195
1660 3393
1660 3967
1660 4122
1660 4306
1660 4350
1660 4645
1660 4764
1660 4974
1660 4995
1661 1726
1661 1927
1661 2089
1661 2197
1661 2432
1661 3374
1661 3728
1661 4626
1661 4681
1661 4782
1662 1746
1662 2288
1662 2512
1662 2943
1662 3403
1662 3661
1662 3847
1662 4137
1662 4833
1663 1913
1663 2144
1663 2438
1663 3046
1663 3114
1663 3513
1663 3666
1663 4134
1663 4600
1663 4711
1664 1738
1664 1865
1664 2156
1664 2376
1664 2438
1664 2840
1664 3630
1664 4045
1664 4065
1664 4877
1665 1706
1665 1739
1665 2099
1665 2716
1665 3063
1665 3619
1665 4112
1665 4238
1666 1807
1666 1901
1666 2164
1666 2793
1666 3198
1666 3439
1666 3848
1666 3875
1666 3925
1666 4146
1666 4370
1666 4501
1666 4622
1666 4639
1666 4755
1667 1834
1667 1991
1667 2010
1667 2067
1667 2432
1667 2578
1667 3406
1667 3591
1667 3598
1667 3761
1667 4386
1668 1871
1668 2175
1668 2718
1668 3066
1668 3128
1668 3577
1668 3852
1668 3939
1668 3942
1668 4104
1668 5000
1669 1673
1669 2872
1669 2924
1669 3214
1669 3242
1669 3365
1669 3961
1669 4091
1669 4701
1669 4725
1669 4786
1669 4823
1670 1849
1670 1958
1670 2174
1670 2483
1670 2662
1670 3039
1670 3207
1670 3732
1670 3774
1670 3810
1670 3889
1670 3916
1670 3921
1671 2172
1671 3396
1671 3559
1671 3757
1671 3854
1671 3868
1671 4632
1672 1705
1672 1721
1672 2221
1672 2720
1672 2794
1672 2915
1672 2921
1672 3233
1672 3311
1672 3433
1672 3463
1672 4046
1672 4351
1672 4362
1672 4623
1673 1778
1673 1883
1673 2097
1673 2195
1673 2253
1673 2716
1673 3104
1673 3581
1673 4079
1673 4171
1673 4181
1673 4262
1673 4323
1673 4454
1673 4829
1674 2145
1674 2570
1674 2638
1674 3443
1674 4128
1674 4193
1674 4637
1675 2113
1675 2173
1675 2205
1675 2356
1675 2436
1675 2517
1675 2999
1675 3060
1675 3466
1675 3491
1675 4357
1675 4600
1676 2253
1676 2437
1676 3157
1676 3529
1676 3986
1676 4042
1676 4488
1676 4536
1677 3015
1677 3067
1677 3332
1677 3572
1677 4031
1678 2467
1678 2666
1678 2769
1678 3798
1678 4055
1678 4700
1679 1765
1679 1854
1679 2249
1679 2573
1679 2581
1679 2659
1679 2902
1679 3419
1679 4047
1679 4200
1679 4301
1679 4481
1679 4810
1680 2089
1680 2219
1680 2850
1680 2863
1680 3609
1680 3719
1680 4103
1680 4655
1681 1818
1681 1932
1681 1947
1681 2266
1681 3103
1681 3625
1681 4231
1681 4256
1681 4345
1681 4450
1681 4689
1681 4881
1682 1936
1682 2210
1682 2284
1682 2415
1682 2904
1682 3160
1682 3754
1682 4157
1682 4684
1682 4753
1683 2061
1683 2080
1683 2117
1683 3928
1683 3944
1683 3965
1683 3976
1684 1828
1684 2537
1684 2582
1684 3385
1684 3441
1684 3719
1684 3780
1684 3927
1684 4321
1684 4633
1685 1687
1685 2546
1685 2711
1685 2983
1685 3408
1685 3491
1685 3501
1685 3544
1685 4075
1685 4115
1685 4496
1686 1930
1686 2269
1686 2364
1686 2407
1686 2425
1686 2596
1686 3463
1686 3901
1686 4004
1686 4155
1686 4547
1686 4728
1687 1926
1687 4428
1687 4895
1688 1784
1688 1800
1688 2204
1688 2479
1688 2754
1688 2839
1688 3593
1688 3813
1688 4434
1688 4753
1688 4940
1689 2260
1689 2619
1689 2858
1689 3168
1689 3467
1689 4127
1689 4652
1690 2000
1690 2077
1690 2333
1690 2906
1690 2944
1690 2999
1690 3476
1690 3752
1690 3886
1690 4699
1690 4979
1691 1706
1691 1734
1691 1805
1691 2078
1691 2104
1691 2453
1691 3072
1691 3681
1691 4443
1691 4466
1691 4722
1692 1907
1692 2073
1692 2105
1692 2288
1692 2706
1692 2709
1692 2890
1692 3121
1692 3190
1692 3199
1692 3677
1692 3804
1692 3848
1692 3879
1692 3902
1692 4291
1692 4817
1693 1708
1693 1906
1693 2224
1693 2395
1693 2414
1693 2639
1693 4212
1693 4775
1693 4877
1694 1823
1694 1945
1694 2540
1694 2894
1694 3089
1694 3241
1694 3478
1694 3617
1694 3982
1694 4004
1694 4084
1694 4433
1695 2173
1695 2457
1695 3515
1695 4038
1695 4492
1696 1956
1696 1971
1696 2324
1696 2428
1696 2574
1696 2908
1696 2943
1696 2973
1696 3037
1696 3663
1696 3830
1696 3965
1696 4458
1696 4802
1696 4907
1697 2789
1697 3240
1697 3491
1697 3685
1697 3766
1697 4145
1697 4190
1698 2360
1698 2363
1698 2642
1698 2725
1698 3095
1698 3324
1698 3522
1698 4536
1698 4824
1699 1819
1699 1919
1699 2017
1699 2233
1699 2395
1699 2472
1699 2650
1699 2848
1699 2882
1699 3332
1699 3347
1699 3354
1699 3715
1699 3847
1699 3924
1699 3963
1700 2537
1700 3178
1700 3278
1700 3338
1700 3602
1700 4350
1700 4597
1700 4746
1700 4761
1700 4969
1701 2030
1701 3359
1701 3708
1701 4312
1701 4570
1702 1710
1702 2075
1702 2146
1702 2413
1702 2623
1702 2834
1702 3546
1702 3703
1702 3773
1702 3991
1702 4423
1702 4866
1703 1705
1703 1881
1703 2317
1703 2393
1703 2781
1703 2952
1703 3189
1703 3237
1703 3484
1703 3737
1703 4060
1703 4339
1703 4593
1703 4882
1703 4902
1704 1758
1704 1995
1704 1996
1704 2147
1704 3121
1704 4289
1704 4516
1704 4640
1704 4810
1705 1863
1705 2871
1705 3170
1705 3300
1705 3310
1705 3341
1705 3777
1705 3798
1705 3805
1705 3937
1705 4793
1706 3225
1706 3400
1706 3777
1706 3847
1706 4748
1706 4947
1707 1760
1707 2274
1707 2375
1707 2813
1707 3306
1707 3570
1707 4602
1707 4681
1708 1874
1708 2173
1708 2450
1708 3409
1708 3651
1708 4170
1708 4632
1708 4844
1709 1965
1709 2425
1709 2835
1709 3145
1709 3463
1709 3492
1709 3982
1709 4578
1709 4767
1710 1818
1710 1907
1710 2019
1710 2318
1710 2394
1710 3181
1710 3495
1710 3833
1710 4229
1710 4832
1711 2149
1711 2373
1711 2911
1711 4915
1712 2539
1712 2922
1712 2963
1712 3040
1712 3122
1712 3289
1712 3688
1712 3737
1712 3816
1712 3935
1712 4604
1712 4654
1713 1887
1713 1933
1713 1995
1713 2266
1713 2487
1713 2535
1713 2795
1713 2863
1713 3175
1713 3253
1713 3297
1713 3334
1713 3546
1713 3753
1713 3871
1713 4097
1713 4455
1713 4866
1714 2916
1714 2946
1714 3447
1714 3512
1714 3989
1714 4251
1714 4296
1714 4428
1714 4589
1714 4753
1714 4860
1715 1868
1715 2854
1715 3674
1715 4314
1715 4390
1715 4658
1715 4675
1716 2161
1716 2221
1716 3227
1716 3254
1716 4057
1716 4533
1716 4849
1716 4888
1717 2798
1717 3000
1717 3048
1717 3182
1717 3797
1718 2703
1718 3279
1718 3282
1718 3642
1718 4518
1718 4587
1718 4658
1718 4679
1718 4735
1718 4911
1719 1764
1719 2325
1719 2452
1719 2634
1719 2650
1719 2834
1719 3024
1719 3550
1719 3561
1719 3863
1719 3991
1719 4478
1719 4616
1719 4895
1720 1762
1720 2286
1720 2351
1720 3054
1720 3133
1720 3463
1720 4535
1720 4961
1721 1783
1721 1804
1721 1856
1721 2358
1721 2500
1721 2656
1721 2920
1721 3840
1721 3915
1721 3945
1721 4194
1721 4476
1722 2253
1722 2820
1722 2984
1722 3054
1722 3354
1722 3667
1722 3669
1722 3730
1722 3882
1722 4396
1722 4976
1723 1851
1723 2527
1723 2711
1723 2909
1723 2977
1723 3520
1723 4754
1724 1892
1724 2565
1724 2624
1724 3763
1724 3803
1724 3905
1724 3916
1724 4146
1724 4714
1724 4910
1725 1788
1725 1801
1725 2178
1725 2189
1725 2224
1725 2707
1725 2832
1725 3175
1725 3280
1725 3498
1725 3552
1725 4273
1725 4433
1725 4948
1726 1780
1726 1978
1726 2307
1726 2657
1726 2879
1726 3478
1726 4046
1726 4864
1727 2040
1727 2101
1727 2371
1727 3291
1727 4136
1727 4604
1728 1743
1728 1877
1728 2263
1728 2499
1728 2739
1728 3341
1728 3436
1728 3703
1728 4062
1728 4357
1728 4437
1729 1773
1729 2165
1729 3144
1729 3194
1729 3351
1729 3876
1729 3932
1729 3970
1729 4708
1729 4858
1730 1953
1730 2630
1730 2699
1730 3178
1730 3312
1730 3894
1730 4054
1730 4321
1730 4769
1731 1791
1731 1796
1731 1830
1731 2255
1731 2617
1731 2658
1731 2666
1731 2862
1731 2892
1731 2935
1731 3785
1731 4331
1732 1764
1732 2336
1732 2634
1732 2878
1732 3034
1732 3058
1732 3775
1732 4226
1732 4421
1732 4960
1733 2094
1733 2394
1733 2537
1733 3347
1733 3468
1733 3588
1733 4009
1733 4375
1733 4858
1734 3453
1734 3666
1734 3713
1734 4359
1734 4493
1734 4696
1734 4900
1734 4957
1735 1932
1735 2172
1735 2338
1735 2435
1735 2738
1735 2985
1735 3875
1735 4090
1735 4614
1735 4841
1736 1885
1736 1922
1736 2673
1736 2823
1736 3120
1736 4146
1736 4266
1736 4325
1736 4680
1737 1839
1737 1863
1737 1897
1737 2511
1737 2837
1737 2845
1737 3403
1737 3504
1737 3540
1737 3545
1737 3710
1737 4327
1737 4338
1737 4808
1738 1761
1738 2177
1738 2625
1738 2660
1738 2722
1738 3438
1738 3577
1738 3713
1738 3978
1738 4320
1738 4429
1738 4751
1739 2530
1739 2934
1739 3847
1739 3996
1739 4091
1739 4302
1739 4425
1739 4535
1739 4584
1739 4665
1740 2199
1740 2465
1740 2677
1740 2888
1740 3179
1740 3511
1740 3571
1740 3626
1740 3676
1740 4596
1740 4690
1741 2350
1741 2491
1741 2820
1741 2936
1741 3242
1741 3490
1741 3541
1741 3613
1741 3932
1741 4000
1741 4578
1741 4818
1742 1798
1742 2186
1742 2311
1742 2664
1742 3230
1742 3562
1742 4372
1742 4530
1743 2216
1743 2591
1743 2888
1743 3728
1743 3904
1743 4163
1743 4171
1743 4281
1743 4507
1743 4675
1743 4739
1744 2131
1744 2347
1744 3170
1744 3221
1744 3481
1744 3505
1744 3817
1744 4004
1744 4242
1744 4381
1745 2440
1745 2784
1745 2785
1745 3135
1745 3352
1745 3449
1745 3800
1745 3904
1745 4420
1745 4659
1745 4711
1745 4936
1746 2145
1746 2280
1746 2628
1746 3135
1746 3787
1746 4051
1746 4433
1746 4495
1746 4575
1746 4882
1747 1982
1747 2436
1747 2473
1747 2679
1747 2861
1747 3266
1747 3385
1747 3406
1747 4427
1747 4783
1747 4800
1747 4842
1747 4873
1748 2076
1748 2143
1748 2301
1748 2995
1748 3969
1748 4136
1748 4300
1748 4318
1748 4765
1749 1998
1749 2753
1749 2894
1749 3428
1749 3903
1749 4117
1749 4287
1749 4833
1750 1792
1750 1999
1750 2606
1750 2616
1750 2804
1750 3179
1750 3349
1750 3513
1750 3794
1750 3933
1750 4020
1750 4356
1750 4411
1750 4420
1750 4480
1751 2656
1751 3769
1751 4321
1751 4330
1751 4356
1751 4738
1751 4865
1752 2039
1752 2620
1752 2748
1752 3161
1752 3437
1752 3587
1752 3937
1752 4185
1752 4332
1752 4432
1752 4544
1752 4631
1753 2077
1753 2397
1753 2749
1753 3023
1753 3665
1753 3869
1753 3875
1753 3905
1753 3988
1753 4442
1754 1756
1754 2347
1754 2549
1754 2691
1754 3325
1754 3796
1754 4777
1755 2538
1755 3056
1755 3074
1755 3079
1755 3297
1755 3796
1755 4024
1755 4064
1755 4199
1755 4583
1755 4836
1756 2334
1756 2671
1756 2917
1756 3257
1756 3372
1756 3840
1756 4463
1756 4696
1756 4780
1757 1971
1757 2110
1757 2489
1757 2573
1757 3416
1757 3556
1757 3583
1757 4231
1757 4584
1758 2321
1758 2569
1758 2949
1758 3079
1758 3718
1758 3788
1758 3874
1758 4341
1759 1873
1759 2043
1759 2534
1759 2719
1759 3326
1759 3339
1759 3633
1759 3916
1759 4053
1759 4862
1760 1782
1760 2031
1760 2961
1760 3026
1760 3219
1760 3751
1760 4951
1761 1871
1761 2117
1761 2422
1761 3446
1761 4809
1761 4831
1762 2054
1762 2206
1762 2817
1762 2964
1762 3454
1762 3538
1762 3951
1763 1985
1763 2019
1763 2078
1763 2095
1763 2259
1763 2641
1763 3056
1763 3722
1763 3730
1763 4401
1763 4508
1763 4813
1764 2110
1764 2500
1764 2501
1764 2737
1764 3186
1764 3302
1764 4176
1765 1851
1765 1980
1765 2071
1765 2811
1765 2824
1765 3026
1765 3863
1765 4271
1765 4426
1766 2288
1766 2351
1766 3203
1766 3566
1766 3677
1766 3742
1766 4536
1766 4539
1766 4652
1767 1923
1767 2162
1767 2624
1767 2682
1767 2863
1767 3447
1767 4223
1767 4257
1767 4678
1767 4686
1768 1891
1768 1892
1768 2141
1768 2631
1768 3269
1768 3716
1768 3773
1768 3775
1768 4462
1768 4795
1768 4994
1769 2143
1769 2261
1769 2274
1769 2648
1769 3041
1769 4069
1769 4160
1769 4225
1769 4234
1769 4235
1769 4246
1769 4864
1770 1924
1770 2045
1770 2471
1770 2710
1770 2778
1770 2983
1770 3027
1770 3386
1770 3812
1770 4375
1771 1772
1771 3151
1771 3298
1771 3516
1771 3788
1771 4057
1771 4200
1771 4281
1771 4450
1771 4632
1771 4865
1771 4953
1771 4983
1772 3301
1772 3619
1772 4085
1772 4316
1772 4517
1773 2071
1773 2103
1773 2143
1773 2562
1773 2737
1773 2956
1773 3152
1773 3279
1773 3405
1773 3417
1773 3922
1773 4512
1773 4592
1773 4678
1773 4712
1774 2779
1774 2791
1774 2877
1774 3020
1774 3052
1774 3235
1774 3399
1774 3702
1774 4237
1774 4662
1775 2443
1775 2942
1775 3168
1775 3917
1775 4609
1775 4737
1775 4849
1775 4862
1776 2096
1776 2866
1776 2947
1776 3285
1776 3698
1776 4109
1776 4270
1777 2572
1777 2894
1777 3005
1777 3235
1777 3568
1777 3574
1777 3600
1777 4642
1778 1969
1778 2774
1778 4214
1778 4921
1779 1840
1779 2080
1779 2278
1779 2594
1779 3027
1779 3228
1779 3270
1779 3923
1779 4171
1779 4439
1779 4694
1779 4809
1780 1956
1780 2697
1780 3281
1780 3323
1780 3370
1780 4371
1780 4708
1780 4784
1781 2263
1781 2610
1781 3102
1781 3193
1781 3382
1781 3550
1781 3809
1781 4478
1782 1786
1782 1845
1782 1912
1782 2340
1782 2500
1782 2570
1782 2634
1782 2649
1782 2941
1782 3939
1782 4257
1782 4618
1782 4625
1783 2169
1783 2473
1783 2490
1783 2700
1783 2728
1783 2766
1783 3299
1783 3640
1784 1824
1784 1896
1784 1966
1784 2112
1784 2386
1784 3145
1784 3213
1784 3682
1784 4562
1784 4584
1784 4772
1784 4857
1785 2008
1785 2244
1785 2724
1785 3498
1785 3632
1785 4101
1786 2064
1786 2194
1786 2363
1786 3603
1786 4300
1786 4967
1786 4989
1787 2246
1787 2800
1787 2849
1787 2921
1787 3058
1787 3670
1787 3728
1787 3959
1787 4162
1787 4490
1787 4672
1788 2236
1788 2629
1788 2836
1788 3239
1788 3303
1788 3612
1788 3718
1788 3798
1789 1915
1789 2230
1789 2738
1789 3232
1789 4780
1790 3264
1790 4420
1790 4532
1790 4671
1791 1792
1791 1813
1791 1905
1791 2572
1791 2865
1791 2969
1791 3153
1791 3516
1791 3604
1791 3823
1791 4905
1791 4906
1792 1853
1792 1895
1792 2096
1792 2111
1792 3063
1792 3166
1792 3535
1792 4013
1793 1977
1793 2627
1793 2754
1793 3336
1793 3750
1793 4519
1794 2312
1794 2518
1794 2851
1794 2949
1794 2950
1794 3045
1794 3152
1794 3918
1794 4170
1794 4323
1794 4872
1794 4959
1795 2087
1795 2839
1795 3083
1795 4144
1795 4192
1795 4292
1795 4706
1795 4936
1795 4970
1795 4975
1796 1913
1796 1979
1796 2169
1796 2382
1796 2536
1796 2813
1796 2938
1796 3087
1796 3140
1796 3254
1796 3367
1796 4292
1796 4900
1797 1925
1797 2270
1797 2455
1797 3435
1797 3738
1797 4026
1797 4230
1797 4435
1798 1854
1798 2211
1798 3306
1798 4123
1798 4126
1798 4346
1798 4776
1799 2177
1799 2186
1799 2588
1799 2741
1799 2823
1799 2991
1799 3307
1799 3472
1799 4775
1800 2021
1800 2024
1800 2700
1800 2744
1800 3036
1800 3112
1800 3356
1800 3576
1800 3634
1800 3997
1800 4406
1800 4854
1801 3030
1801 3801
1802 2169
1802 2218
1802 3197
1802 3886
1802 4026
1802 4035
1802 4497
1802 4671
1802 4820
1802 4981
1803 2375
1803 2511
1803 2725
1803 2803
1803 3099
1803 3667
1803 4484
1803 4650
1803 4958
1804 1823
1804 2034
1804 2163
1804 2578
1804 2654
1804 2814
1804 2863
1804 3083
1804 3559
1804 3606
1804 3658
1804 3820
1804 4673
1804 4684
1804 4890
1804 4903
1805 2508
1805 2705
1805 2774
1805 3226
1805 3680
1805 3879
1805 3962
1805 3991
1805 4000
1805 4493
1805 4536
1806 1945
1806 2051
1806 2204
1806 2229
1806 4560
1806 4811
1806 4858
1807 2064
1807 2186
1807 2714
1807 2938
1807 3192
1807 3490
1807 3665
1807 3804
1807 3842
1807 4293
1807 4466
1807 4687
1807 4937
1808 2047
1808 2073
1808 2324
1808 2750
1808 2948
1808 3020
1808 3449
1808 3636
1808 3699
1808 3754
1808 4475
1808 4608
1808 4654
1808 4666
1808 4985
1809 2565
1809 2920
1809 3002
1809 4249
1810 1828
1810 1996
1810 2088
1810 2408
1810 2689
1810 3879
1810 4821
1811 2020
1811 2404
1811 2731
1811 3281
1811 3844
1811 4467
1811 4510
1811 4592
1812 3161
1812 3471
1812 4072
1812 4282
1812 4318
1812 4344
1812 4406
1812 4570
1812 4964
1813 2014
1813 2057
1813 2410
1813 2827
1813 2942
1813 3326
1814 2280
1814 2307
1814 2442
1814 2443
1814 2458
1814 2486
1814 3093
1814 3305
1814 3727
1814 3736
1814 3803
1814 3897
1814 4029
1814 4731
1814 4835
1815 1915
1815 1930
1815 2030
1815 2110
1815 2546
1815 2584
1815 2739
1815 3273
1815 3762
1815 4233
1815 4250
1815 4269
1815 4291
1815 4404
1815 4410
1816 2128
1816 3321
1816 4376
1816 4412
1817 2266
1817 2335
1817 2349
1817 2814
1817 2942
1817 3054
1817 3514
1817 4367
1817 4565
1817 4845
1818 2228
1818 2397
1818 2442
1818 2876
1818 2968
1818 3592
1818 3768
1818 4269
1819 1924
1819 2332
1819 3188
1819 3489
1819 3916
1819 4107
1819 4389
1819 4750
1819 4954
1820 1967
1820 2207
1820 2495
1820 2913
1820 3222
1820 3626
1820 3842
1820 4217
1821 2401
1821 2739
1821 3142
1821 3628
1821 3776
1821 3782
1821 4098
1821 4310
1821 4758
1821 4843
1822 2365
1822 2732
1822 3893
1822 4894
1823 1835
1823 2136
1823 2824
1823 3493
1823 3726
1823 3774
1823 3942
1823 3968
1823 4643
1823 4757
1824 2579
1824 2673
1824 2875
1824 2924
1824 3096
1824 3264
1824 3340
1824 3416
1824 4444
1824 4586
1824 4734
1825 2047
1825 2259
1825 2262
1825 2369
1825 2460
1825 2713
1825 2932
1825 2977
1825 3028
1825 3959
1825 3973
1825 4007
1825 4329
1826 2854
1826 3168
1826 3350
1826 3418
1826 3665
1826 3745
1826 4049
1826 4506
1826 4527
1826 4936
1827 2643
1827 3353
1827 4043
1827 4716
1828 1929
1828 2207
1828 2505
1828 2648
1828 2727
1828 2769
1828 2913
1828 2991
1828 3117
1828 3255
1828 3263
1828 3910
1828 4704
1828 4753
1829 1888
1829 1961
1829 2167
1829 2391
1829 2586
1829 2588
1829 2920
1829 2953
1829 3482
1829 3998
1829 4546
1829 4572
1830 1835
1830 2884
1830 3476
1830 3759
1831 1910
1831 1975
1831 2380
1831 2402
1831 3234
1831 3389
1831 3920
1831 3949
1831 4603
1831 4606
1831 4912
1832 2131
1832 2183
1832 2193
1832 2783
1832 2837
1832 2843
1832 3128
1832 3274
1832 3664
1832 3899
1832 3981
1832 4118
1833 2195
1833 2270
1833 2486
1833 2805
1833 2847
1833 3119
1833 3358
1833 4009
1833 4365
1834 1857
1834 2000
1834 2071
1834 2633
1834 3048
1834 3055
1834 3119
1834 3462
1834 4217
1835 1841
1835 1885
1835 3567
1835 4407
1835 4639
1835 4656
1836 1865
1836 3211
1836 3290
1836 3934
1836 4190
1836 4336
1836 4535
1836 4817
1837 2253
1837 2326
1837 2489
1837 2962
1837 3330
1837 3415
1837 3609
1837 4236
1837 4300
1837 4448
1837 4753
1837 4791
1838 2315
1838 2985
1838 3387
1838 3483
1838 3612
1838 4020
1839 1951
1839 2696
1839 3544
1839 4033
1839 4104
1839 4221
1839 4267
1839 4593
1840 2005
1840 2922
1840 3133
1840 3274
1840 4063
1840 4137
1840 4252
1840 4632
1841 2903
1841 3077
1841 3276
1841 4448
1841 4472
1841 4594
1841 4603
1841 4624
1841 4665
1841 4917
1842 2000
1842 2055
1842 2155
1842 2177
1842 2277
1842 3246
1842 3328
1842 3649
1842 4052
1842 4321
1842 4624
1842 4733
1842 4852
1843 2055
1843 2077
1843 3146
1843 3216
1843 3370
1843 3792
1843 3825
1843 3831
1843 3938
1844 1964
1844 2085
1844 2312
1844 2532
1844 2656
1844 2990
1844 3046
1844 3075
1844 3271
1844 3448
1844 3605
1844 3716
1844 3875
1844 3901
1844 3963
1844 4156
1844 4261
1844 4642
1845 2029
1845 3064
1845 3317
1845 3521
1846 2130
1846 2635
1846 2826
1846 2911
1846 3777
1846 4140
1847 1915
1847 1969
1847 2690
1847 3091
1847 3119
1847 3572
1847 4055
1847 4235
1847 4619
1847 4903
1848 2856
1848 2939
1848 3522
1848 4030
1848 4938
1849 2262
1849 2374
1849 3086
1849 3139
1849 3364
1849 3678
1849 3707
1849 3886
1849 4241
1850 2052
1850 2453
1850 2501
1850 2903
1850 3086
1850 3533
1850 3657
1850 4151
1850 4266
1850 4311
1850 4371
1850 4396
1851 1866
1851 2124
1851 2143
1851 2261
1851 2502
1851 2721
1851 3609
1851 4049
1851 4169
1851 4366
1851 4387
1851 4470
1851 4474
1852 2174
1852 2194
1852 2280
1852 2794
1852 2967
1852 3673
1852 4027
1852 4340
1852 4568
1853 2101
1853 2210
1853 2236
1853 2266
1853 2294
1853 2548
1853 2604
1853 2644
1853 3112
1853 3606
1853 4479
1853 4648
1853 4739
1853 4767
1853 4929
1854 2636
1854 2807
1854 3341
1854 3512
1854 3628
1854 4048
1854 4269
1855 1876
1855 2048
1855 2110
1855 2256
1855 2591
1855 3530
1855 3580
1855 4428
1855 4535
1856 2056
1856 2074
1856 2457
1856 2693
1856 3675
1856 3981
1856 4380
1856 4635
1856 4661
1856 4888
1857 1998
1857 2010
1857 2922
1857 2938
1857 3230
1857 3541
1857 3824
1857 4067
1858 1893
1858 1938
1858 2309
1858 2478
1858 3443
1858 3539
1858 4166
1858 4892
1859 2179
1859 2320
1859 2345
1859 2801
1859 3150
1859 3331
1859 3421
1859 3533
1859 4536
1859 4828
1859 4829
1859 4842
1860 2129
1860 2196
1860 2294
1860 2523
1860 3049
1860 3258
1860 4078
1860 4257
1860 4573
1860 4582
1860 4799
1861 2041
1861 2326
1861 2487
1861 3055
1861 4053
1861 4147
1861 4607
1861 4876
1862 2352
1862 2375
1862 2981
1862 3153
1862 3290
1862 3326
1862 3505
1862 3825
1862 3896
1862 4573
1862 4581
1862 4945
1863 2010
1863 2047
1863 2816
1863 3695
1863 3722
1863 3916
1863 3950
1863 4097
1863 4359
1863 4958
1864 2041
1864 2129
1864 2678
1864 2700
1864 2939
1864 3413
1864 3860
1864 4495
1864 4791
1865 2132
1865 2251
1865 2266
1865 2535
1865 2681
1865 2772
1865 3143
1865 3738
1865 3782
1865 4015
1865 4751
1866 2392
1866 2541
1866 2656
1866 3265
1866 4046
1866 4496
1866 4591
1866 4734
1866 4745
1866 4989
1867 2062
1867 2115
1867 2191
1867 2735
1867 2908
1867 3394
1867 3457
1867 3481
1867 3805
1867 4315
1867 4419
1867 4490
1867 4696
1868 2058
1868 2285
1868 2299
1868 2509
1868 2851
1868 3260
1868 3623
1868 3660
1868 3801
1868 4389
1868 4942
1869 2265
1869 2290
1869 3353
1869 3372
1869 3412
1869 3742
1869 4033
1869 4712
1869 4750
1869 4833
1870 2167
1870 2862
1870 3346
1870 3422
1870 3965
1871 1969
1871 2388
1871 2504
1871 2847
1871 2880
1871 3004
1871 3678
1871 3973
1871 4598
1871 4709
1872 2376
1872 2626
1872 2783
1872 2892
1872 3198
1872 3268
1872 3346
1872 3490
1872 3671
1872 3815
1872 4143
1872 4283
1872 4536
1872 4957
1873 2032
1873 2302
1873 2648
1873 2833
1873 4521
1873 4655
1874 2320
1874 2371
1874 2947
1874 3204
1874 3801
1874 3826
1874 4135
1874 4563
1874 4615
1874 4660
1874 4952
1875 2050
1875 2947
1875 3116
1875 3503
1875 4201
1875 4496
1875 4619
1876 2940
1876 3127
1876 3935
1876 3937
1876 4035
1876 4883
1876 4907
1877 2076
1877 2551
1877 2569
1877 2834
1877 3248
1877 3376
1877 4441
1878 2183
1878 2187
1878 2420
1878 2610
1878 2841
1878 2963
1878 3706
1878 4141
1879 2117
1879 2240
1879 3304
1879 3597
1879 4205
1879 4395
1880 3569
1880 3595
1880 3597
1880 3639
1880 3695
1881 1888
1881 2004
1881 2225
1881 2580
1881 2603
1881 3020
1881 4443
1881 4469
1881 4772
1882 2162
1882 2400
1882 2723
1882 2871
1882 3124
1882 3321
1882 3506
1882 4105
1882 4150
1882 4260
1883 1934
1883 2189
1883 2227
1883 2230
1883 4273
1883 4624
1883 4729
1884 2434
1884 2747
1884 3237
1884 3575
1884 3588
1884 4067
1884 4089
1884 4655
1885 2095
1885 2097
1885 2530
1885 2630
1885 2718
1885 2760
1885 2991
1885 3624
1885 3729
1885 3861
1885 3896
1885 3977
1885 4573
1885 4737
1886 1999
1886 3010
1886 3803
1886 4120
1886 4229
1886 4449
1886 4488
1886 4892
1886 4985
1887 2489
1887 3640
1887 3655
1887 4174
1887 4853
1888 2122
1888 2928
1888 2962
1888 2997
1888 3191
1888 4012
1888 4109
1888 4247
1888 4947
1889 2154
1889 3218
1889 4070
1889 4234
1889 4248
1889 4416
1889 4520
1889 4529
1889 4970
1890 2131
1890 2444
1890 3299
1890 3417
1890 3472
1890 3809
1890 3857
1890 4085
1890 4478
1890 4642
1890 4662
1891 2079
1891 2240
1891 2834
1891 3297
1891 3739
1891 4830
1892 1941
1892 2048
1892 2151
1892 2808
1892 2810
1892 2973
1892 3044
1892 3077
1892 3125
1892 3295
1892 4523
1893 3101
1893 3290
1893 3515
1893 3951
1893 4190
1893 4301
1893 4727
1893 4751
1893 4769
1893 4795
1893 4960
1894 2122
1894 2912
1894 3248
1894 3437
1894 3577
1894 3615
1894 4404
1894 4438
1894 4481
1894 4816
1894 4988
1894 4993
1895 1944
1895 2350
1895 3368
1895 3480
1895 3567
1895 3580
1895 3854
1895 3904
1895 4410
1895 4699
1896 3040
1896 3148
1896 3275
1896 3742
1896 4008
1896 4086
1896 4189
1896 4286
1896 4293
1897 1983
1897 2030
1897 2844
1897 3012
1897 3200
1897 3427
1897 4332
1897 4761
1898 2220
1898 2363
1898 2661
1898 3094
1898 3240
1898 3544
1898 4456
1899 1958
1899 2045
1899 3215
1899 3333
1899 3347
1899 3385
1899 4062
1899 4249
1899 4569
1900 2147
1900 2183
1900 2219
1900 2368
1900 2390
1900 3545
1900 4170
1900 4976
1901 1908
1901 2254
1901 2586
1901 2868
1901 2900
1901 3298
1901 3774
1901 4282
1902 1939
1902 2051
1902 2225
1902 2401
1902 2609
1902 2821
1902 3051
1902 3491
1902 4053
1902 4509
1902 4907
1902 4922
1903 1915
1903 2290
1903 2436
1903 3359
1903 3488
1903 3598
1903 3689
1903 3903
1903 4067
1904 1978
1904 2704
1904 3767
1904 3770
1904 3974
1904 4138
1904 4394
1904 4435
1904 4568
1905 2492
1905 3737
1905 4930
1906 2199
1906 2202
1906 2594
1906 3274
1906 3592
1906 3945
1906 4189
1906 4302
1906 4389
1906 4909
1906 4990
1907 2239
1907 2415
1907 2933
1907 3856
1907 3973
1907 4038
1908 2152
1908 2531
1908 2635
1908 2861
1908 2989
1908 3147
1908 3756
1908 3931
1908 4349
1908 4390
1908 4445
1908 4600
1908 4989
1909 2557
1909 2802
1909 2805
1909 3225
1909 3764
1909 4020
1909 4056
1909 4353
1909 4446
1909 4694
1910 2071
1910 2311
1910 2555
1910 2809
1910 2892
1910 2974
1910 3390
1910 3995
1910 4262
1910 4588
1910 4752
1911 2098
1911 2241
1911 2400
1911 3662
1911 3914
1911 4507
1912 2453
1912 2817
1912 2847
1912 2962
1912 3334
1912 3375
1912 3719
1912 3969
1912 4005
1912 4334
1912 4385
1912 4389
1912 4523
1913 1955
1913 2084
1913 2195
1913 2587
1913 3046
1913 3400
1913 3524
1913 3624
1913 3630
1913 3824
1913 4032
1913 4097
1914 3124
1914 3638
1914 3751
1914 3981
1914 4037
1914 4422
1914 4555
1914 4736
1914 4783
1914 4939
1915 2731
1915 3863
1915 4097
1915 4128
1915 4677
1916 2154
1916 2572
1916 2802
1916 2921
1916 2959
1916 4761
1916 4839
1916 4852
1916 4873
1916 4888
1917 2189
1917 2302
1917 2395
1917 2639
1917 3106
1917 3358
1917 3560
1917 3995
1917 4380
1917 4516
1917 4534
1917 4586
1917 4855
1918 2047
1918 2252
1918 2739
1918 2899
1918 3127
1918 3227
1918 3563
1918 3833
1918 4337
1918 4996
1919 2213
1919 2772
1919 2861
1919 3879
1919 4237
1919 4483
1919 4939
1920 2087
1920 2241
1920 2484
1920 3175
1921 2527
1921 3270
1921 3427
1921 3569
1921 3942
1922 3108
1922 3424
1922 3666
1922 3955
1922 4182
1922 4637
1923 2582
1923 2583
1923 3230
1923 3450
1923 3516
1923 3716
1923 4137
1924 2131
1924 2423
1924 2455
1924 2723
1924 2766
1924 4044
1924 4239
1924 4421
1924 4475
1924 4806
1924 4976
1925 2227
1925 2571
1925 2608
1925 3304
1925 3805
1925 3870
1925 3876
1925 4069
1925 4083
1925 4107
1926 2555
1926 2630
1926 3208
1926 3337
1926 3588
1926 3813
1926 4837
1926 4918
1927 2529
1927 3035
1928 1941
1928 2078
1928 2689
1928 2783
1928 2905
1928 3155
1928 3354
1928 3456
1928 3592
1928 3778
1928 4165
1928 4513
1928 4858
1929 2338
1929 2414
1929 3076
1929 3117
1929 3229
1929 3391
1929 3393
1929 3594
1929 4023
1929 4489
1929 4755
1929 4936
1930 2757
1930 3178
1930 3482
1930 4007
1930 4076
1930 4428
1930 4570
1930 4731
1931 2124
1931 2455
1931 2720
1931 3044
1931 3208
1931 3852
1931 3969
1931 4706
1931 4834
1932 2357
1932 2464
1932 2617
1932 2709
1932 3977
1932 4152
1932 4249
1932 4309
1933 1971
1933 2039
1933 2204
1933 2390
1933 2405
1933 2757
1933 2889
1933 3119
1933 3171
1933 3241
1933 3713
1933 3719
1934 2391
1934 3217
1934 3450
1934 4198
1934 4216
1934 4709
1935 2661
1935 3103
1935 3123
1935 3488
1935 4507
1935 4664
1935 4762
1936 2198
1936 2415
1936 2499
1936 3218
1936 3328
1936 3509
1936 3621
1936 3927
1936 4697
1936 4944
1937 1974
1937 2216
1937 2606
1937 2965
1937 3198
1937 3867
1937 4340
1937 4734
1937 4777
1938 2411
1938 2428
1938 3572
1938 4127
1938 4160
1938 4371
1938 4491
1938 4533
1939 2884
1939 3476
1939 3927
1939 4006
1939 4027
1939 4033
1939 4035
1939 4085
1939 4651
1940 1952
1940 2469
1940 2582
1940 2713
1940 2721
1940 3202
1940 3299
1940 3360
1940 3688
1940 4246
1940 4277
1940 4629
1940 4801
1940 4806
1941 2148
1941 2936
1941 3096
1941 3413
1941 3461
1941 3478
1941 4133
1941 4177
1941 4631
1941 4842
1941 4994
1942 2172
1942 2189
1942 2440
1942 3269
1942 3293
1942 3567
1942 3664
1942 4433
1942 4625
1943 2370
1943 2449
1943 2590
1943 2667
1943 2852
1943 4770
1944 2554
1944 2591
1944 2980
1944 2982
1944 3070
1944 4496
1945 2094
1945 2119
1945 2306
1945 2355
1945 2573
1945 2720
1945 2978
1945 3246
1945 3801
1945 3886
1945 4125
1945 4585
1945 4689
1945 4883
1945 4915
1946 2172
1946 2403
1946 2589
1946 3153
1946 3187
1946 3269
1946 3545
1946 3835
1946 3965
1946 4065
1946 4195
1947 2422
1947 3411
1947 3803
1947 4086
1947 4591
1947 4656
1947 4771
1947 4982
1948 2002
1948 2379
1948 2571
1948 2631
1948 3521
1948 3679
1948 3794
1948 3905
1949 2096
1949 2995
1949 3224
1949 4440
1949 4528
1950 1973
1950 2280
1950 2485
1950 2625
1950 2691
1950 3014
1950 3941
1950 4054
1950 4100
1950 4333
1951 1968
1951 2067
1951 2532
1951 3081
1951 3131
1951 3590
1951 3602
1951 4589
1951 4640
1951 4783
1951 4802
1952 2131
1952 2637
1952 3103
1952 3607
1952 4072
1953 3058
1953 4166
1953 4239
1953 4243
1953 4449
1953 4926
1954 3422
1954 3683
1954 3721
1954 4091
1954 4265
1954 4830
1955 2813
1955 3068
1955 3403
1955 3640
1955 3644
1955 3894
1955 4060
1955 4366
1955 4516
1956 2150
1956 2178
1956 2368
1956 2523
1956 2924
1956 3420
1956 3465
1956 3521
1956 3690
1956 4039
1956 4125
1956 4289
1956 4935
1957 2345
1957 2448
1957 2565
1957 2740
1957 2939
1957 3449
1957 4497
1957 4569
1957 4590
1957 4607
1957 4743
1958 2121
1958 2302
1958 2875
1958 3099
1958 3277
1958 3417
1958 3503
1958 4005
1958 4019
1958 4232
1958 4785
1959 2078
1959 2516
1959 3323
1959 3544
1959 3714
1959 3911
1959 4787
1959 4805
1959 4924
1960 2619
1960 4600
1961 2262
1961 2383
1961 2585
1961 2802
1961 2840
1961 3116
1961 3548
1961 3741
1961 3756
1961 3873
1961 4077
1961 4880
1961 4956
1962 2044
1962 2789
1962 3669
1962 3815
1962 4185
1962 4736
1962 4864
1963 2930
1963 3007
1963 3298
1963 4031
1963 4572
1964 2123
1964 2524
1964 2846
1964 2956
1964 3592
1964 4094
1964 4235
1964 4451
1964 4752
1965 2359
1965 3179
1965 3329
1965 3416
1965 4407
1966 2308
1966 2787
1966 2837
1966 2903
1966 3096
1966 3200
1966 3411
1966 3873
1967 2556
1967 2811
1967 2912
1967 3259
1967 3408
1967 3721
1967 3857
1967 4240
1967 4333
1967 4479
1968 2002
1968 2379
1968 2704
1968 3253
1968 3409
1968 3617
1968 3774
1968 3974
1968 4016
1968 4162
1968 4490
1968 4895
1968 4916
1969 1988
1969 2027
1969 2850
1969 2931
1969 2981
1969 3155
1969 3159
1969 4276
1969 4699
1969 4759
1969 4827
1969 4950
1969 4971
1970 2391
1970 3026
1970 3186
1970 3956
1970 4449
1970 4641
1970 4643
1970 4658
1970 4661
1970 4963
1971 2010
1971 2433
1971 2576
1971 2732
1971 3524
1971 3614
1971 3694
1971 3705
1971 4090
1971 4235
1971 4702
1971 4737
1972 2779
1972 3227
1972 3545
1972 3837
1972 4143
1972 4792
1973 1983
1973 2100
1973 2559
1973 2862
1973 3111
1973 3221
1973 4459
1973 4541
1973 4632
1973 4661
1974 2213
1974 2227
1974 2265
1974 2706
1974 2825
1974 3984
1974 4007
1974 5000
1975 2028
1975 2110
1975 2372
1975 2588
1975 2648
1975 2737
1975 2857
1975 2865
1975 3052
1975 3157
1975 3385
1975 3419
1975 3529
1975 3630
1975 4387
1975 4486
1975 4835
1975 4928
1976 2412
1976 2532
1976 2726
1976 2736
1976 2935
1976 3037
1976 3219
1976 3644
1976 3911
1976 4107
1976 4394
1976 4647
1977 2122
1977 2512
1977 2545
1977 2833
1977 2860
1977 3134
1977 3314
1977 3427
1977 3635
1977 3879
1977 4118
1977 4226
1977 4385
1977 4452
1977 4883
1978 2037
1978 2424
1978 3043
1978 3639
1978 3713
1978 4211
1978 4384
1978 4909
1979 2008
1979 2216
1979 2433
1979 2445
1979 2831
1979 2838
1979 3633
1979 3697
1979 4050
1979 4091
1979 4322
1979 4462
1979 4500
1980 2803
1980 2861
1980 3111
1980 3140
1980 3293
1980 3957
1980 4224
1980 4379
1980 4433
1980 4466
1980 4743
1980 4843
1981 2116
1981 2190
1981 2333
1981 2425
1981 2654
1981 2732
1981 3018
1981 3149
1981 3668
1981 3720
1981 3774
1981 4031
1981 4180
1981 4714
1982 2103
1982 2379
1982 3186
1982 3518
1982 3591
1982 4342
1982 4438
1982 4513
1982 4582
1982 4795
1983 2019
1983 2378
1983 2506
1983 2606
1983 2787
1983 3015
1983 3795
1983 4078
1983 4175
1983 4297
1983 4358
1983 4453
1983 4466
1983 4902
1984 2652
1984 2954
1984 3598
1984 3729
1984 4393
1984 4782
1985 2077
1985 2918
1985 3271
1985 3351
1985 3571
1985 3590
1985 3955
1985 4486
1985 4642
1986 2597
1986 2913
1986 3101
1986 3393
1986 4171
1987 2125
1987 2162
1987 2419
1987 2535
1987 2688
1987 2701
1987 2890
1987 2992
1987 3957
1988 2602
1988 3134
1988 3137
1988 4131
1988 4393
1988 4676
1989 2081
1989 2354
1989 2777
1989 2781
1989 2917
1989 3220
1989 4165
1989 4221
1990 2547
1990 2555
1990 2611
1990 2939
1990 3267
1990 3597
1990 4047
1990 4125
1990 4531
1991 2655
1991 3102
1991 3137
1991 3167
1991 3891
1991 4182
1991 4500
1991 4958
1992 2383
1992 2869
1992 3192
1992 3927
1992 4046
1992 4476
1992 4607
1992 4665
1993 2051
1993 2097
1993 2525
1993 3306
1993 3725
1993 3784
1993 3991
1993 4410
1993 4615
1993 4649
1993 4834
1993 4899
1993 4930
1994 2167
1994 2566
1994 2845
1994 3156
1994 3660
1994 4052
1994 4654
1995 2437
1995 3310
1995 3383
1995 3429
1995 4356
1995 4363
1996 2105
1996 3395
1996 3404
1996 3877
1996 3975
1996 4107
1996 4673
1996 4792
1996 4853
1997 2786
1997 3258
1997 3558
1997 3569
1997 3585
1997 4532
1997 4735
1998 2182
1998 2859
1998 2871
1998 3123
1998 3128
1998 3440
1999 2042
1999 2158
1999 2252
1999 2488
1999 2970
1999 3013
1999 3038
1999 3321
1999 3644
1999 4020
1999 4116
1999 4258
1999 4461
1999 4788
2000 2068
2000 3640
2000 4021
2000 4238
2001 2109
2001 2247
2001 2308
2001 2939
2001 3426
2001 3610
2001 3832
2001 4378
2001 4877
2001 4915
2001 4926
2002 2228
2002 2281
2002 2942
2002 3071
2002 3508
2002 3552
2002 3789
2002 4488
2002 4519
2002 4735
2002 4774
2002 4809
2003 2512
2003 2678
2003 3979
2003 4346
2003 4864
2004 2496
2004 3182
2004 3645
2004 4212
2004 4317
2004 4713
2005 2029
2005 3271
2005 3831
2005 3856
2005 4352
2005 4438
2006 2271
2006 2415
2006 2552
2006 2710
2006 3044
2006 3328
2006 4119
2006 4524
2007 2819
2007 3405
2007 3551
2007 3748
2007 4311
2007 4417
2008 2179
2008 2185
2008 3454
2008 4007
2008 4055
2008 4340
2008 4556
2009 3249
2009 3337
2009 3687
2009 4261
2009 4478
2009 4629
2009 4900
2010 2144
2010 2214
2010 2276
2010 2598
2010 2936
2010 3304
2010 3406
2010 3422
2010 3725
2010 4709
2010 4853
2010 4898
2011 2032
2011 2371
2011 2490
2011 2506
2011 2691
2011 3481
2011 3933
2011 4948
2012 2129
2012 2372
2012 2647
2012 2911
2012 3070
2012 3153
2012 3234
2012 3441
2012 3503
2012 3848
2012 4358
2012 4932
2013 2509
2013 2518
2013 2940
2013 3234
2013 3489
2013 3638
2013 4516
2013 4938
2014 2170
2014 2496
2014 2639
2014 2729
2014 2814
2014 2871
2014 2900
2014 3058
2014 3310
2014 3334
2014 3979
2014 4039
2014 4253
2014 4832
2015 2382
2015 2523
2015 2707
2015 2838
2015 3213
2015 3304
2015 3424
2015 3493
2015 4494
2015 4845
2015 4933
2016 2206
2016 2297
2016 2323
2016 2344
2016 2650
2016 2674
2016 3375
2016 3392
2016 3618
2016 4294
2016 4365
2016 4607
2017 2212
2017 2690
2017 3378
2017 3549
2017 3902
2017 4604
2018 2522
2018 2840
2018 3255
2018 4013
2018 4533
2018 4709
2018 4793
2018 4815
2019 2591
2019 2748
2019 2774
2019 2862
2019 4404
2020 2028
2020 2301
2020 2577
2020 3126
2020 3197
2020 3359
2020 3491
2020 3919
2020 4227
2021 2153
2021 2287
2021 2447
2021 2725
2021 2884
2021 3449
2021 3538
2021 3562
2021 4117
2021 4560
2022 2066
2022 2604
2022 2694
2022 2745
2022 2860
2022 3540
2022 3640
2022 4019
2022 4358
2022 4603
2022 4720
2023 2231
2023 3079
2023 3265
2023 3490
2023 3621
2023 4711
2024 2050
2024 2097
2024 2144
2024 3954
2024 4135
2024 4305
2024 4372
2025 2425
2025 2752
2025 2863
2025 3051
2025 3215
2025 3961
2025 4040
2025 4137
2025 4344
2025 4729
2025 4830
2025 4906
2025 4951
2026 3818
2026 3837
2026 4033
2026 4075
2027 2242
2027 2900
2027 3177
2027 3360
2027 3740
2027 3762
2027 3813
2027 3938
2027 4097
2027 4963
2028 2658
2028 2809
2028 2862
2028 3173
2028 3475
2028 3691
2028 3984
2028 4739
2028 4864
2029 2403
2029 2579
2029 2802
2029 2985
2029 3460
2029 4348
2029 4538
2029 4629
2029 4913
2030 2089
2030 2365
2030 2833
2030 2884
2030 3072
2030 3262
2030 3599
2030 4248
2030 4438
2030 4541
2030 4774
2030 4953
2030 5000
2031 2442
2031 2449
2031 2543
2031 2656
2031 2714
2031 2817
2031 3174
2031 3267
2031 3634
2031 3749
2031 4664
2032 2503
2032 2555
2032 2741
2032 2810
2032 3255
2032 3528
2032 3701
2032 4188
2032 4229
2033 2865
2033 3390
2033 3503
2033 3899
2034 2318
2034 2692
2034 2792
2034 2853
2034 3562
2034 3629
2034 3728
2034 4394
2035 2038
2035 2272
2035 2944
2035 3115
2035 3457
2035 3825
2035 3925
2035 3969
2035 4029
2035 4051
2035 4143
2035 4917
2036 2467
2036 2490
2036 4125
2036 4174
2036 4369
2036 4384
2036 4565
2036 4684
2037 2215
2037 2342
2037 2370
2037 2399
2037 2517
2037 2718
2037 2802
2037 2944
2037 3005
2037 3423
2037 4242
2037 4717
2037 4759
2037 4814
2037 4874
2037 5000
2038 2139
2038 2238
2038 3465
2038 3952
2038 4212
2038 4702
2039 2100
2039 2287
2039 2494
2039 3418
2039 3892
2039 4076
2039 4337
2039 4465
2039 4711
2039 4773
2040 2133
2040 2614
2040 3425
2040 3631
2040 4743
2041 2062
2041 2966
2041 2973
2041 3281
2041 3956
2042 2557
2042 2805
2042 3310
2042 3458
2042 3564
2042 3685
2042 3903
2042 4224
2042 4410
2042 4613
2042 4837
2043 2237
2043 2562
2043 3908
2043 4092
2043 4250
2043 4651
2043 4764
2043 4871
2044 2175
2044 2232
2044 2239
2044 2386
2044 2403
2044 2821
2044 3132
2044 3529
2044 3873
2044 3943
2044 4077
2044 4360
2044 4497
2044 5000
2045 2646
2045 3118
2045 3129
2045 3592
2045 3940
2045 4160
2045 4248
2045 4497
2045 4704
2046 2085
2046 2197
2046 2446
2046 3444
2046 3810
2046 3885
2046 4042
2046 4859
2046 4910
2047 2214
2047 3219
2047 4452
2047 4463
2047 4504
2047 4834
2048 2123
2048 2150
2048 2576
2048 3192
2048 3412
2048 3717
2048 4606
2048 4810
2049 2834
2049 3461
2049 3981
2049 4624
2049 4681
2050 2891
2050 3186
2050 3222
2050 3240
2050 3333
2050 3416
2050 3726
2050 4165
2050 4210
2051 2868
2051 3385
2051 4789
2052 2636
2052 2638
2052 2725
2052 2835
2052 2867
2052 3303
2052 3497
2052 4224
2052 4401
2052 4606
2053 2118
2053 3352
2053 3455
2053 3660
2053 4163
2053 4238
2053 4297
2054 2372
2054 2770
2054 3439
2054 3758
2054 4712
2054 4987
2055 2335
2055 2409
2055 2520
2055 2608
2055 3268
2055 3330
2055 4058
2055 4269
2055 4381
2055 4469
2055 4768
2056 3039
2056 3426
2056 3465
2056 3499
2056 4108
2056 4192
2056 4238
2056 4937
2057 2250
2057 2476
2057 3289
2057 3355
2057 3361
2057 4868
2058 3156
2058 3269
2058 3292
2058 4143
2058 4731
2059 2153
2059 2212
2059 2252
2059 3445
2059 3963
2059 3998
2059 4107
2059 4299
2059 4515
2060 2293
2060 2322
2060 2912
2060 3075
2060 3155
2060 3561
2060 3702
2060 3877
2060 3911
2060 4220
2060 4378
2060 4667
2060 4742
2061 2874
2061 3556
2061 3744
2061 4083
2061 4247
2061 4331
2061 4365
2062 2158
2062 2467
2062 2563
2062 2792
2062 3523
2062 3694
2062 3700
2062 3747
2062 3924
2062 4137
2062 4869
2063 2099
2063 2254
2063 2268
2063 2439
2063 2591
2063 3113
2063 3396
2063 3867
2063 4917
2064 2516
2064 2829
2064 2948
2064 3061
2064 4119
2064 4266
2064 4307
2064 4722
2064 4799
2065 2247
2065 3708
2065 4061
2065 4380
2065 4887
2066 3504
2066 3876
2066 4191
2066 4335
2067 2103
2067 2157
2067 2422
2067 3065
2067 3379
2067 3499
2067 4256
2067 4304
2067 4753
2067 4820
2068 2131
2068 2156
2068 2250
2068 2771
2068 3286
2068 3694
2068 3853
2068 4426
2068 4667
2068 4766
2068 4812
2069 2800
2069 3150
2069 3422
2069 4099
2069 4203
2069 4208
2070 2198
2070 3026
2070 3137
2070 3782
2070 3901
2070 4381
2070 4537
2070 4843
2070 4959
2071 2397
2071 2705
2071 2890
2071 2943
2071 3118
2071 3133
2071 3243
2071 3553
2071 4378
2072 2194
2072 2264
2072 2372
2072 2885
2072 3479
2072 3554
2072 4323
2072 4396
2072 4436
2072 4944
2073 2287
2073 2563
2073 2743
2073 2773
2073 2995
2073 3022
2073 3495
2073 3606
2073 3709
2073 3815
2073 4044
2073 4469
2073 4491
2073 4532
2073 4601
2073 4690
2073 4753
2073 4833
2073 4997
2074 2325
2074 2420
2074 2451
2074 2458
2074 2639
2074 2785
2074 3757
2074 4197
2074 4350
2074 4957
2075 2481
2075 2790
2075 3218
2075 3230
2075 4968
2076 2467
2076 2636
2076 3042
2076 3655
2076 3842
2076 4810
2077 2369
2077 2555
2077 2624
2077 2806
2077 2994
2077 3225
2077 3429
2077 3911
2077 3914
2077 4325
2077 4508
2077 4515
2077 4745
2078 4094
2078 4309
2078 4322
2078 4435
2079 2109
2079 2173
2079 2323
2079 2743
2079 2774
2079 2946
2079 3427
2079 3664
2079 3729
2079 4300
2079 4331
2079 4382
2079 4384
2079 4971
2080 2369
2080 3188
2080 3249
2080 3432
2080 4701
2081 2195
2081 2197
2081 2425
2081 3651
2081 4028
2081 4271
2081 4314
2081 4958
2082 3129
2082 3258
2082 4251
2082 4485
2082 4692
2083 2197
2083 2452
2083 2642
2083 2804
2083 3142
2083 3287
2083 3401
2083 3430
2083 3678
2083 4023
2083 4038
2083 4777
2084 2694
2084 2929
2084 4221
2084 4231
2084 4468
2084 4564
2084 4635
2084 4707
2084 4887
2084 4950
2085 2179
2085 2209
2085 2211
2085 2238
2085 2533
2085 2943
2085 3633
2085 4101
2085 4183
2086 2115
2086 2136
2086 2746
2086 2901
2086 3475
2086 3505
2086 4058
2086 4343
2087 2272
2087 2369
2087 2423
2087 2997
2087 3433
2087 3486
2087 3671
2087 3803
2087 3992
2087 4184
2087 4637
2087 4992
2088 2402
2088 2462
2088 2466
2088 2479
2088 2698
2088 2872
2088 3299
2088 3406
2088 3698
2088 3733
2088 4255
2088 4652
2088 4737
2089 2354
2089 2499
2089 2524
2089 3081
2089 3730
2089 3770
2089 3831
2089 3838
2089 4105
2089 4622
2089 4668
2089 4723
2089 4960
2090 2218
2090 3406
2090 3620
2090 3800
2090 4047
2090 4469
2090 4500
2090 4548
2090 4650
2091 3161
2091 3458
2091 4493
2091 4600
2091 4866
2092 2099
2092 2793
2092 2912
2092 3436
2092 4054
2092 4266
2092 4641
2092 4772
2092 4846
2093 2098
2093 2556
2093 3217
2093 3425
2093 4052
2093 4057
2093 4152
2093 4261
2093 4278
2093 4302
2093 4308
2093 4768
2093 4907
2093 4997
2094 2096
2094 2212
2094 2358
2094 2443
2094 2581
2094 2628
2094 2861
2094 4083
2094 4203
2094 4320
2094 4998
2095 2521
2095 3379
2095 3545
2095 4148
2095 4208
2095 4365
2095 4510
2095 5000
2096 2265
2096 2873
2096 3112
2096 3380
2096 3537
2096 4069
2096 4453
2096 4704
2097 2337
2097 2530
2097 2699
2097 2955
2097 3272
2097 4172
2098 2242
2098 2461
2098 2699
2098 2796
2098 3070
2098 3468
2098 4138
2098 4349
2098 4464
2098 4753
2098 4918
2099 2410
2099 2456
2099 2568
2099 2599
2099 3168
2099 3239
2099 3294
2099 3642
2099 3688
2099 3705
2099 4072
2099 4142
2099 4488
2099 4737
2100 2180
2100 2710
2100 2905
2100 2910
2100 2946
2100 3095
2100 3607
2100 3847
2100 4292
2100 4856
2101 2558
2101 2742
2101 3304
2101 3414
2101 4073
2101 4618
2101 4778
2101 4995
2102 2371
2102 2383
2102 2745
2102 3667
2102 4143
2102 4490
2102 4851
2103 2141
2103 2340
2103 2743
2103 2777
2103 2846
2103 2868
2103 3255
2103 3357
2103 3699
2103 3763
2103 4083
2103 4117
2103 4286
2103 4318
2103 4684
2104 2200
2104 2380
2104 2628
2104 2803
2104 2841
2104 3479
2104 4710
2104 4742
2104 4750
2104 4807
2105 2774
2105 2810
2105 3183
2105 3244
2105 3520
2105 3636
2105 3648
2105 3968
2105 4127
2106 2520
2106 2525
2106 2567
2106 2596
2106 3224
2106 4599
2106 4668
2106 4897
2107 2434
2107 2563
2107 3207
2107 3250
2107 3292
2107 3406
2107 3700
2107 3861
2107 4334
2107 4535
2108 2471
2108 2706
2108 2998
2108 3803
2108 4410
2109 2183
2109 2497
2109 2517
2109 3319
2109 3368
2109 3371
2109 3844
2109 4142
2109 4235
2110 2178
2110 2236
2110 2508
2110 2552
2110 3267
2110 3573
2110 3910
2110 4103
2110 4659
2110 4839
2111 2684
2111 2734
2111 2972
2111 3193
2111 3342
2111 3806
2111 4103
2111 4368
2112 2464
2112 3187
2112 3390
2112 4943
2113 2299
2113 2412
2113 2447
2113 2739
2113 3313
2113 3488
2113 3525
2113 4272
2113 4329
2113 4757
2114 3113
2114 3241
2114 3427
2114 3773
2114 3981
2114 4849
2115 2222
2115 2858
2115 3331
2115 3604
2115 3748
2115 3791
2115 3878
2115 3944
2115 4251
2115 4569
2115 4578
2115 4841
2116 2206
2116 2719
2116 2721
2116 2851
2116 3630
2116 3717
2116 3767
2116 3839
2116 4653
2116 4762
2117 2491
2117 2822
2117 3728
2117 3932
2117 4733
2117 4925
2118 2236
2118 2441
2118 2772
2118 2967
2118 3049
2118 3060
2118 3893
2118 4033
2119 2232
2119 2236
2119 2479
2119 2807
2119 3136
2119 3253
2119 4147
2119 4209
2119 4663
2120 2199
2120 2859
2120 3002
2120 3484
2120 4629
2120 4804
2121 2479
2121 2961
2121 3195
2121 3655
2121 3843
2121 3890
2121 4609
2121 4621
2121 4678
2121 4939
2122 2194
2122 2499
2122 2756
2122 3053
2122 3071
2122 3121
2122 3703
2122 3997
2122 4774
2123 2127
2123 2879
2123 3286
2123 3491
2123 3577
2123 3613
2123 4433
2123 4746
2123 4795
2124 2447
2124 2657
2124 2673
2124 2731
2124 2853
2124 3058
2124 3122
2124 3220
2124 3246
2124 3556
2124 3652
2124 4936
2125 2652
2125 3139
2125 3450
2125 3497
2125 4296
2125 4902
2126 2129
2126 3150
2126 3380
2126 3579
2126 3649
2126 4220
2126 4256
2126 4733
2127 3588
2127 3721
2127 4818
2128 2493
2128 3457
2128 3713
2128 3995
2128 4002
2128 4218
2128 4340
2129 2766
2129 3218
2129 4048
2129 4229
2129 4537
2129 4687
2130 4125
2130 4222
2130 4533
2131 2364
2131 2579
2131 3101
2131 3133
2131 3209
2131 3357
2131 3427
2131 3444
2131 3735
2131 3965
2131 4484
2131 4801
2131 4890
2131 4981
2132 2198
2132 3114
2132 3182
2132 3405
2132 3617
2132 3811
2132 4291
2132 4373
2132 4622
2133 2209
2133 2313
2133 2394
2133 2586
2133 3350
2133 3945
2133 3962
2133 4218
2133 4624
2133 4831
2133 4959
2134 2155
2134 2229
2134 2790
2134 3417
2134 3686
2134 4675
2134 4785
2135 2195
2135 2343
2135 2679
2135 3094
2135 3419
2135 3640
2135 3859
2135 3887
2135 4028
2135 4340
2135 4395
2135 4580
2135 4835
2136 2346
2136 2405
2136 2592
2136 2596
2136 2621
2136 2720
2136 3139
2136 3376
2136 3930
2136 3946
2136 4377
2136 4765
2137 2267
2137 2458
2137 2692
2137 2898
2137 3347
2137 3391
2137 3399
2137 3720
2137 3752
2137 3982
2137 4368
2138 2883
2138 3086
2138 3443
2138 3562
2138 4546
2138 4703
2138 4746
2138 4820
2138 4961
2139 2352
2139 2938
2139 3395
2139 3610
2139 4191
2139 4454
2140 2981
2140 3313
2140 4372
2140 4487
2140 4753
2141 2317
2141 2364
2141 2629
2141 2756
2141 2816
2141 2931
2141 3211
2141 3289
2141 3542
2141 3817
2141 3973
2141 4444
2142 2143
2142 2172
2142 2452
2142 2493
2142 3136
2142 3942
2142 4759
2143 2748
2143 2863
2143 2883
2143 2906
2143 2989
2143 3017
2143 3096
2143 3115
2143 3284
2143 3386
2143 3557
2143 3682
2143 3886
2143 4186
2143 4411
2143 4700
2144 2271
2144 3198
2145 2451
2145 3795
2145 3859
2145 4182
2145 4510
2145 4758
2146 2521
2146 2810
2146 3793
2146 4061
2147 2584
2147 2784
2147 2808
2147 2994
2147 3051
2147 3313
2147 3535
2148 2970
2148 4342
2148 4999
2149 3089
2149 3169
2149 3242
2149 3304
2149 3325
2149 3611
2149 3624
2149 4142
2149 4173
2149 4233
2149 4400
2149 4598
2149 4875
2150 2616
2150 2745
2150 2868
2150 3453
2150 3530
2150 4111
2150 4606
2150 4772
2151 2384
2151 2407
2151 2899
2151 3155
2151 3845
2151 3857
2151 3983
2151 4544
2152 2952
2152 2989
2152 2999
2152 3422
2152 3557
2152 4227
2152 4312
2152 4962
2153 2188
2153 3085
2153 3784
2153 3839
2153 4216
2153 4750
2153 4863
2154 2195
2154 2357
2154 2791
2154 3645
2154 3691
2154 4011
2154 4156
2154 4986
2155 2284
2155 2689
2155 2813
2155 2892
2155 3045
2155 3394
2155 4483
2155 4963
2156 2227
2156 2420
2156 2530
2156 2958
2156 3241
2156 3674
2156 3928
2156 4086
2156 4136
2157 2463
2157 2782
2157 3175
2157 3221
2157 3266
2157 3374
2157 4294
2157 4365
2157 4371
2157 4719
2158 2678
2158 2732
2158 2834
2158 2926
2158 3072
2158 3229
2158 3336
2158 3365
2158 3680
2158 4098
2158 4567
2158 4599
2159 3255
2159 3287
2159 3454
2159 3784
2159 3946
2159 4166
2159 4596
2159 4678
2159 4737
2160 3708
2160 3874
2160 4479
2160 4712
2160 4820
2161 2729
2161 3052
2161 3096
2161 3115
2161 4030
2161 4309
2161 4359
2161 4582
2161 4971
2162 2515
2162 2543
2162 2687
2162 2816
2162 2941
2162 3374
2162 3617
2162 3716
2162 4012
2162 4248
2162 4274
2162 4290
2162 4608
2162 4666
2163 2314
2163 2326
2163 2495
2163 2542
2163 2585
2163 2876
2163 3055
2163 3428
2163 4648
2164 2496
2164 2625
2164 3115
2164 3625
2164 3647
2164 3921
2164 4300
2164 4441
2164 4526
2164 4841
2165 2166
2165 2983
2165 2992
2165 3250
2165 3313
2165 3751
2165 4406
2165 4581
2165 4743
2165 4747
2165 4881
2166 2379
2166 3043
2166 3326
2166 3410
2166 3507
2166 3907
2166 4554
2166 4774
2166 4929
2167 2652
2167 3049
2167 3390
2167 3834
2167 3982
2167 4084
2167 4714
2167 4749
2167 4925
2168 2887
2168 3197
2168 3467
2168 4027
2168 4099
2168 4172
2168 4361
2168 4992
2169 2414
2169 3313
2169 3499
2169 3951
2169 4117
2169 4489
2169 4546
2169 4572
2170 2349
2170 2581
2170 2717
2170 3617
2170 4779
2171 2185
2171 2782
2171 2908
2171 3027
2171 3291
2171 3346
2171 3938
2171 3999
2171 4347
2171 4603
2171 4646
2171 4660
2171 4666
2171 4670
2172 2527
2172 2794
2172 3343
2172 3346
2172 3641
2172 4241
2172 4504
2173 2307
2173 2621
2173 2961
2173 3856
2173 4055
2173 4431
2173 4959
2174 3128
2174 3163
2174 3571
2174 3965
2174 4333
2174 4435
2175 2859
2175 3420
2175 4282
2175 4451
2175 4533
2175 4625
2175 4785
2175 4812
2175 4817
2175 4998
2176 2225
2176 2318
2176 2469
2176 2888
2176 3713
2176 4057
2176 4120
2176 4356
2176 4713
2176 4726
2176 4981
2176 4991
2177 2928
2177 3348
2177 3698
2177 3727
2177 4443
2177 4566
2177 4977
2178 2302
2178 2458
2178 2683
2178 3172
2178 3508
2178 4073
2178 4165
2178 4258
2178 4317
2179 2518
2179 3258
2179 3400
2179 3996
2179 4150
2179 4834
2180 2762
2180 2846
2180 2906
2180 2969
2180 3385
2180 3592
2180 3635
2180 3638
2180 3785
2180 4251
2180 4831
2181 2338
2181 2901
2181 3083
2181 3261
2181 3333
2181 3355
2181 3624
2181 4241
2181 4259
2181 4844
2182 2441
2182 2446
2182 2649
2182 2915
2182 3267
2182 3345
2182 4066
2182 4079
2182 4208
2182 4330
2182 4551
2183 2215
2183 2324
2183 2735
2183 2830
2183 2884
2183 3072
2183 3151
2183 3345
2183 4533
2183 4616
2184 2233
2184 2261
2184 3320
2184 3871
2184 4112
2184 4342
2184 4343
2184 4498
2184 4527
2184 4658
2184 4971
2185 2311
2185 2326
2185 2413
2185 3153
2185 3254
2185 3319
2185 3933
2185 3978
2185 4240
2185 4938
2185 4945
2186 2304
2186 3017
2186 3165
2186 3455
2186 3462
2186 3468
2186 3629
2186 3635
2186 4075
2186 4587
2186 4611
2186 4953
2187 2515
2187 2934
2187 3011
2187 3130
2187 3295
2187 3355
2187 4054
2187 4081
2187 4232
2187 4801
2188 2248
2188 2783
2188 2827
2188 3357
2188 3396
2189 2362
2189 2488
2189 2720
2189 2722
2189 3014
2189 3713
2189 4483
2189 4561
2189 4686
2190 2451
2190 2682
2190 2885
2190 3430
2190 3555
2190 3779
2190 4141
2190 4262
2190 4364
2190 4751
2191 2327
2191 2391
2191 2792
2191 3009
2191 3026
2191 3739
2191 4720
2191 4903
2192 2499
2192 2762
2192 2984
2192 3122
2192 4031
2192 4549
2192 4631
2193 2349
2193 2671
2193 2773
2193 2955
2193 4028
2193 4616
2193 4786
2193 4799
2193 4974
2194 2236
2194 2326
2194 3007
2194 3813
2194 4162
2194 4557
2194 4731
2195 2331
2195 2639
2195 2908
2195 2947
2195 3074
2195 3752
2195 3896
2195 3995
2196 2947
2196 2997
2196 3168
2196 3289
2196 3971
2196 4141
2196 4342
2196 4868
2197 2287
2197 2492
2197 3057
2197 3163
2197 3216
2197 3862
2197 4234
2197 4512
2197 4952
2198 2218
2198 2312
2198 3113
2198 3591
2198 4811
2198 4882
2199 2238
2199 2607
2199 2702
2199 2737
2199 2800
2199 3240
2199 3420
2199 3465
2199 3574
2199 4787
2199 4788
2200 2451
2200 2648
2200 3426
2200 3592
2200 3746
2200 3942
2200 4336
2200 4986
2201 2210
2201 2920
2201 3020
2201 3029
2201 4830
2202 2244
2202 2282
2202 2553
2202 2916
2202 3457
2202 3622
2202 4211
2202 4297
2202 4369
2202 4428
2203 2606
2203 2663
2203 2709
2203 3776
2203 4121
2203 4358
2203 4667
2203 4841
2203 4849
2204 2397
2204 2675
2204 3358
2204 3444
2204 3564
2204 4686
2204 4712
2205 2271
2205 2711
2205 3310
2205 3532
2205 4013
2205 4090
2205 4219
2205 4771
2205 4841
2206 2345
2206 3087
2206 3929
2206 4381
2206 4408
2206 4673
2206 4918
2207 2972
2207 3004
2207 3145
2207 3340
2207 3348
2207 3575
2207 4414
2207 4847
2208 2552
2208 3068
2208 3239
2208 3346
2208 3904
2208 4112
2208 4377
2208 4387
2208 4443
2208 4472
2208 4552
2209 2717
2209 2861
2209 3517
2209 3562
2209 3615
2209 3627
2209 3772
2209 3919
2209 4157
2210 2838
2210 2986
2210 3177
2210 3213
2210 3384
2210 3431
2211 2782
2211 2806
2211 2819
2211 3025
2211 3183
2211 3689
2211 3845
2211 4796
2212 2270
2212 3501
2212 3925
2212 4219
2212 4335
2212 4461
2212 4573
2212 4628
2212 4870
2212 4993
2213 2231
2213 2402
2213 3127
2213 3140
2213 3220
2213 3294
2213 3302
2213 3685
2213 4024
2213 4651
2214 3102
2214 3870
2214 4270
2214 4609
2214 4713
2215 2347
2215 2600
2215 4650
2215 4963
2216 2361
2216 2616
2216 2881
2216 2891
2216 4454
2216 4604
2217 2534
2217 2544
2217 3017
2217 3369
2217 3580
2217 3645
2217 4240
2217 4277
2217 4678
2217 4692
2217 4953
2218 2281
2218 2638
2218 3358
2218 3401
2218 3483
2218 3598
2218 4831
2218 4870
2219 2225
2219 2272
2219 2303
2219 3012
2219 3307
2219 3434
2219 3785
2219 4736
2219 4794
2220 2692
2220 2933
2220 2947
2220 2963
2220 3160
2220 3950
2220 4307
2220 4544
2220 4585
2221 2370
2221 2527
2221 3426
2221 3878
2221 3948
2221 3996
2221 4098
2221 4128
2221 4802
2221 4885
2222 2367
2222 3030
2222 3033
2222 3506
2222 3634
2222 4116
2222 4689
2222 4903
2223 2339
2223 2500
2223 2668
2223 2796
2223 2980
2223 3113
2223 4464
2223 4603
2224 2465
2224 2804
2224 3896
2224 3918
2224 4172
2224 4705
2225 2379
2225 2956
2225 3095
2225 3270
2225 3495
2225 3592
2225 3653
2225 3924
2225 4141
2225 4289
2225 4587
2225 4760
2226 2891
2226 3343
2226 4188
2226 4751
2226 4885
2226 4982
2227 2704
2227 2850
2227 3254
2227 4052
2227 4364
2227 4596
2227 4892
2227 4994
2228 2321
2228 3468
2228 3721
2228 3754
2228 3855
2228 3874
2228 4693
2229 2618
2229 2855
2229 2894
2229 3285
2229 3307
2229 3771
2229 4366
2229 4398
2229 4771
2230 3062
2230 3124
2230 3668
2230 4192
2230 4666
2230 4711
2230 4725
2230 4977
2231 2518
2231 2598
2231 2876
2231 2882
2231 2883
2231 2938
2231 3275
2231 3374
2231 3767
2231 3900
2231 4062
2231 4642
2231 4926
2232 2312
2232 2611
2232 2730
2232 3983
2232 4128
2232 4402
2232 4408
2232 4477
2233 2250
2233 2271
2233 2564
2233 2886
2233 3112
2233 3962
2233 4113
2234 2393
2234 2490
2234 2519
2234 2763
2234 3007
2234 3025
2234 3964
2234 4089
2234 4430
2234 4877
2234 4931
2235 2250
2235 2894
2235 3085
2235 3176
2235 3356
2235 3617
2235 4022
2235 4531
2235 4817
2236 2444
2236 2697
2236 3052
2236 3076
2236 3429
2236 3506
2236 3799
2236 3917
2236 3978
2236 4577
2236 4752
2237 2369
2237 2426
2237 2608
2237 2854
2237 2860
2237 2995
2237 3419
2237 3899
2237 4090
2237 4155
2237 4252
2237 4731
2238 3055
2238 3271
2238 3482
2238 3969
2238 4884
2238 4888
2238 4980
2239 3194
2239 3470
2239 3535
2239 3564
2239 3702
2239 4675
2239 4804
2240 2750
2240 3362
2240 3939
2240 4307
2241 3154
2241 3553
2241 4552
2242 2243
2242 2719
2242 3250
2242 3988
2242 4027
2242 4286
2242 4431
2242 4781
2243 2577
2243 2672
2243 2952
2243 3242
2243 3943
2243 4278
2243 4760
2244 2446
2244 2858
2244 3002
2244 3500
2244 4073
2244 4494
2244 4637
2244 4820
2245 2628
2245 2699
2245 3574
2245 3615
2245 3650
2245 3786
2245 3880
2245 3882
2245 4112
2246 2501
2246 2636
2246 2638
2246 2952
2246 3189
2246 3282
2246 3344
2246 3608
2246 3988
2246 4729
2246 4838
2246 4926
2247 2260
2247 2808
2247 3172
2247 3315
2247 3543
2247 3757
2247 3875
2247 3949
2247 4309
2247 4382
2247 4840
2248 2647
2248 2935
2248 4328
2248 4795
2249 2513
2249 2674
2249 3005
2249 3015
2249 3034
2249 3609
2249 3704
2249 4339
2249 4583
2250 2440
2250 3448
2250 3471
2250 3806
2250 3994
2250 4014
2250 4157
2250 4527
2251 2602
2251 3160
2251 4208
2251 4264
2251 4422
2251 4476
2251 4817
2251 4945
2252 3104
2252 3735
2252 4394
2252 4406
2252 4542
2252 4657
2252 4716
2252 4751
2252 4944
2253 2437
2253 2618
2253 2768
2253 3343
2253 4429
2254 3034
2254 3126
2254 3268
2254 3679
2254 4019
2254 4517
2254 4969
2255 3164
2255 3839
2255 4230
2255 4430
2255 4513
2256 2479
2256 2604
2256 3719
2256 3993
2256 4364
2256 4424
2256 4907
2257 2301
2257 2388
2257 2885
2257 3014
2257 3397
2257 4254
2257 4689
2257 4871
2258 2404
2258 2741
2258 2744
2258 3020
2258 4424
2258 4481
2258 4482
2258 4518
2258 4652
2258 4911
2259 2506
2259 2601
2259 2886
2259 3151
2259 3158
2259 4017
2259 4236
2260 2337
2260 2619
2260 3245
2260 3453
2260 3708
2260 3790
2260 3868
2261 2373
2261 2398
2261 2904
2261 3237
2261 3328
2261 3554
2261 4017
2261 4935
2262 2466
2262 2721
2262 3297
2262 4291
2262 4623
2262 4812
2262 4872
2262 4946
2263 2353
2263 3317
2263 3519
2263 3746
2263 4554
2263 4738
2264 2818
2264 3043
2264 3995
2264 4131
2264 4692
2265 2272
2265 2332
2265 2688
2265 3196
2265 3622
2265 4051
2265 4057
2265 4222
2265 4232
2266 2592
2266 2789
2266 2875
2266 3187
2266 3556
2266 3726
2266 3811
2266 4340
2266 4505
2266 4638
2266 4657
2266 4805
2266 4890
2267 3079
2267 3363
2267 3439
2267 3518
2267 4299
2267 4366
2267 4651
2267 4815
2268 2322
2268 2556
2268 2878
2268 3279
2268 4028
2268 4262
2268 4277
2269 3158
2269 3302
2269 3812
2269 3918
2269 4300
2270 2607
2270 3103
2270 3491
2270 4092
2270 4711
2270 4783
2270 4901
2270 4961
2271 2417
2271 2835
2271 3267
2271 3473
2271 3967
2271 4159
2271 4252
2271 4630
2272 3004
2272 3313
2272 3512
2272 3658
2272 3836
2272 4256
2272 4324
2272 4331
2272 4332
2272 4391
2272 4528
2272 4992
2273 2742
2273 3094
2273 3681
2273 4174
2273 4258
2274 2346
2274 3126
2274 3286
2274 3544
2274 3627
2274 4092
2274 4188
2274 4359
2274 4430
2275 2772
2275 2898
2275 2966
2275 3492
2275 3952
2275 4027
2275 4104
2275 4192
2275 4269
2275 4341
2275 4478
2275 4725
2276 3896
2276 4939
2276 4965
2277 2409
2277 2527
2277 2977
2277 3621
2277 3785
2277 3960
2277 3971
2277 4255
2277 4320
2277 4959
2278 2993
2278 3778
2278 3927
2278 4351
2278 4916
2279 2365
2279 2534
2279 2672
2279 3416
2279 3661
2279 3773
2279 3880
2279 3939
2279 4668
2279 4881
2280 2563
2280 2602
2280 2647
2280 2721
2280 3488
2280 3520
2280 4148
2280 4197
2280 4431
2280 4529
2280 4573
2280 4850
2281 2399
2281 2578
2281 2608
2281 2853
2281 3108
2281 3899
2281 4097
2281 4278
2281 4690
2281 4863
2281 4945
2282 2844
2282 2851
2282 3133
2282 3451
2282 3475
2282 3681
2282 3803
2282 3970
2282 4431
2282 4954
2283 2317
2283 2335
2283 2621
2283 2775
2283 2811
2283 3459
2283 4672
2284 2745
2284 2893
2284 3622
2284 4002
2284 4062
2284 4214
2284 4357
2284 5000
2285 2381
2285 2636
2285 2698
2285 2796
2285 3077
2285 3425
2285 3767
2286 2636
2286 2679
2286 2839
2286 3524
2286 4064
2286 4099
2286 4302
2286 4632
2287 2559
2287 2952
2287 3091
2287 3344
2287 4163
2288 2773
2288 2874
2288 3254
2288 3559
2288 4218
2289 2599
2289 2875
2289 2893
2289 3261
2289 3558
2289 3649
2289 4050
2289 4420
2289 4966
2290 2548
2290 2573
2290 2625
2290 3055
2290 3370
2290 3451
2290 3569
2290 3800
2290 4448
2290 4753
2291 2492
2291 3443
2291 3706
2291 4014
2291 4109
2291 4164
2291 4550
2291 4930
2292 2392
2292 2622
2292 2658
2292 2852
2292 2855
2292 2908
2292 3121
2292 3591
2292 3706
2292 3977
2292 4078
2292 4157
2292 4449
2292 4639
2292 4827
2292 4884
2292 4961
2293 2715
2293 3938
2293 4593
2294 2535
2294 3012
2294 3442
2294 3456
2294 4176
2294 4656
2295 2494
2295 2996
2295 3137
2295 3566
2295 3635
2295 3774
2295 4113
2295 4966
2296 2694
2296 3824
2296 4050
2296 4392
2296 4644
2296 4667
2297 2338
2297 2536
2297 2676
2297 3374
2297 3637
2297 4184
2297 4453
2298 2400
2298 2775
2298 2928
2298 3700
2298 3703
2298 3825
2298 4470
2298 4624
2298 4919
2299 2861
2299 2867
2299 3162
2299 3493
2299 3507
2300 2886
2300 3104
2300 3194
2300 3659
2300 3980
2300 4808
2301 2730
2301 3358
2301 3519
2301 3720
2301 3725
2301 3866
2301 3933
2301 4214
2301 4469
2301 4479
2301 4876
2302 2736
2302 2739
2302 3267
2302 3377
2302 3991
2302 4023
2302 4267
2302 4465
2302 4483
2302 4507
2302 4679
2302 4865
2302 4877
2303 2330
2303 2435
2303 3079
2303 3132
2304 2995
2304 3032
2304 3196
2304 3455
2304 3667
2304 3938
2304 4073
2304 4215
2304 4406
2304 4545
2304 4740
2305 2593
2305 3309
2305 3560
2305 3970
2305 4093
2305 4365
2305 4829
2305 4946
2305 4952
2306 2617
2306 3519
2306 3667
2306 4123
2306 4454
2306 4693
2306 4837
2307 2602
2307 2917
2307 3058
2307 3392
2307 3660
2307 4523
2307 4673
2307 4997
2308 2554
2308 2662
2308 3105
2308 3272
2308 3458
2308 3590
2308 3794
2308 3932
2308 3969
2308 4198
2308 4415
2309 2344
2309 2462
2309 3015
2309 4141
2310 2723
2310 2843
2310 3127
2310 3248
2310 3269
2310 3838
2310 4091
2310 4994
2311 2363
2311 2725
2311 3787
2311 3825
2311 3951
2311 4134
2311 4515
2311 4966
2312 2372
2312 3010
2312 3810
2312 4331
2312 4564
2312 4607
2312 4976
2313 2797
2313 3248
2313 3383
2313 3428
2313 3489
2313 3786
2313 3882
2313 4474
2313 4754
2314 2917
2314 3311
2314 3854
2314 3918
2315 2915
2315 2981
2315 3000
2315 3590
2315 3733
2315 4676
2315 4782
2316 2498
2316 2632
2316 2678
2316 2723
2316 2858
2316 2944
2316 3016
2316 3210
2316 3211
2316 3663
2316 4073
2317 2840
2317 3311
2317 4493
2317 4762
2317 4780
2318 2563
2318 3033
2318 3624
2318 3632
2318 4186
2318 4866
2319 2894
2319 3153
2319 3155
2319 3743
2319 3878
2319 3897
2319 3913
2319 4114
2319 4147
2320 2490
2320 3043
2320 3334
2320 3474
2320 3724
2320 3853
2320 4211
2320 4877
2321 2783
2321 3087
2321 4319
2321 4333
2321 4491
2321 4568
2321 4747
2321 4866
2321 4898
2322 2428
2322 2448
2322 2452
2322 2784
2322 3671
2322 4468
2322 4514
2322 4812
2323 2995
2323 3174
2323 3327
2323 3536
2323 3912
2323 4102
2323 4581
2323 4966
2324 2393
2324 2418
2324 2838
2324 3204
2324 3742
2324 4003
2324 4749
2324 4822
2325 2360
2325 2382
2325 2586
2325 3038
2325 3739
2326 2694
2326 2954
2326 3024
2326 3291
2326 3597
2326 4113
2326 4179
2326 4438
2326 4779
2327 2437
2327 3661
2327 3872
2327 3903
2327 4687
2328 2768
2328 3117
2328 3220
2328 3630
2328 4844
2328 4933
2329 2593
2329 2797
2329 3309
2329 3528
2329 3783
2329 4180
2329 4519
2329 4572
2330 2442
2330 2625
2330 2857
2330 2860
2330 3247
2330 3645
2330 4094
2330 4612
2330 4984
2331 2391
2331 2599
2331 2732
2331 3091
2331 3883
2331 3887
2332 3052
2332 3691
2332 3765
2332 4768
2332 4797
2332 4889
2333 3947
2333 4722
2333 4749
2333 4774
2334 2563
2334 2748
2334 3039
2334 3081
2334 3259
2334 3357
2334 3568
2334 3957
2334 4310
2334 4633
2334 4648
2334 4828
2334 4969
2335 3711
2335 3762
2335 4022
2335 4559
2335 4870
2336 2532
2336 2643
2336 2838
2336 3124
2336 3254
2336 3471
2336 3532
2336 3728
2336 4169
2336 4243
2336 4357
2337 2494
2337 2538
2337 2666
2337 2874
2337 3352
2337 3374
2337 3547
2337 4027
2337 4049
2337 4604
2337 4813
2337 4825
2338 2503
2338 2583
2338 3628
2338 3649
2338 3712
2338 4705
2338 4724
2339 2367
2339 2396
2339 2576
2339 2590
2339 2653
2339 2764
2339 3002
2339 3158
2339 3618
2339 3737
2339 3800
2339 3982
2339 4415
2339 4524
2339 4648
2340 3235
2340 3310
2340 3905
2340 4358
2340 4626
2340 4959
2340 4982
2341 2549
2341 2787
2341 3878
2342 3084
2342 3109
2342 3984
2342 4203
2342 4615
2343 2645
2343 3106
2343 3621
2343 3663
2343 4690
2344 3286
2344 3364
2344 3502
2344 3546
2344 3692
2344 4001
2344 4209
2344 4526
2345 2576
2345 3213
2345 3321
2345 3404
2345 3450
2345 3888
2345 3966
2345 4086
2345 4097
2345 4356
2345 4738
2345 4753
2345 4863
2346 2692
2346 2894
2346 3045
2346 3142
2346 3143
2346 3148
2346 3585
2346 3769
2346 4701
2346 4892
2347 2414
2347 2745
2347 3096
2347 3225
2347 3585
2347 3710
2347 3790
2347 4534
2347 4575
2347 4786
2347 4865
2348 3112
2348 3324
2348 4159
2348 4570
2349 2389
2349 2703
2349 3126
2349 3162
2349 3445
2349 4114
2349 4249
2349 4303
2349 4821
2350 3547
2350 4005
2350 4021
2350 4142
2350 4407
2350 4602
2350 4791
2350 5000
2351 2577
2351 2630
2351 3061
2351 3437
2351 3498
2351 3599
2351 3606
2351 3686
2351 4055
2351 4218
2351 4545
2352 3640
2352 4143
2352 4249
2352 4732
2353 2870
2353 3198
2353 3452
2353 3496
2353 3773
2353 3799
2353 3802
2353 4049
2353 4089
2353 4292
2353 4603
2353 4861
2353 4943
2354 2742
2354 2930
2354 3126
2354 3646
2354 3731
2354 3912
2354 3915
2354 4486
2355 2505
2355 2558
2355 2727
2355 4772
2356 2494
2356 2750
2356 3166
2356 3255
2356 3387
2356 3953
2356 4723
2356 4983
2357 2670
2357 2950
2357 3189
2357 3311
2357 3312
2357 3619
2357 3702
2358 2406
2358 2498
2358 2701
2358 2969
2358 3190
2358 3267
2358 3724
2358 3985
2358 4150
2358 4550
2358 4697
2358 4710
2358 4725
2358 4742
2358 4988
2359 2367
2359 2493
2359 2541
2359 2656
2359 2843
2359 3520
2359 3905
2359 4346
2360 2363
2360 2783
2360 2834
2360 2922
2360 3091
2360 3162
2360 3201
2360 3216
2360 3347
2360 4227
2360 4417
2360 4471
2360 4586
2360 4977
2361 2535
2361 2987
2361 3575
2361 4003
2361 4281
2361 4375
2362 2477
2362 2873
2362 3291
2362 3997
2363 2776
2363 4231
2363 4340
2363 4632
2363 4846
2363 4929
2364 2452
2364 2537
2364 2559
2364 2695
2364 2810
2364 3059
2364 4327
2364 4686
2364 4874
2364 4932
2364 4959
2365 2405
2365 2482
2365 2576
2365 2640
2365 2762
2365 3291
2365 3446
2365 3997
2365 4311
2365 4743
2365 4778
2365 4857
2366 2424
2366 2707
2366 2870
2366 3682
2366 4369
2366 4686
2367 3450
2367 3967
2367 4358
2367 4484
2367 4522
2367 4804
2368 2378
2368 3145
2368 3242
2368 3305
2368 3496
2368 4204
2368 4254
2368 4303
2368 4558
2368 4733
2368 4795
2368 4965
2369 2560
2369 2583
2369 2670
2369 2945
2369 3452
2369 4207
2369 4533
2370 2633
2370 2773
2370 3909
2370 4677
2370 4894
2371 2663
2371 2704
2371 2755
2371 3024
2371 3538
2371 3640
2371 4233
2371 4380
2372 2419
2372 2953
2372 3182
2372 3602
2372 4052
2372 4166
2372 4313
2372 4412
2372 4664
2372 4771
2372 4882
2373 3014
2373 3307
2373 3598
2373 3797
2373 4077
2373 4227
2374 2856
2374 3003
2374 3422
2374 4594
2374 4803
2375 2511
2375 2528
2375 3009
2375 3459
2375 3766
2375 4128
2375 4172
2375 4497
2376 2567
2376 2775
2376 3077
2376 3612
2377 2421
2377 2499
2377 2861
2377 2947
2377 3247
2377 3297
2377 3550
2377 3922
2377 4132
2377 4677
2377 4800
2378 2663
2378 2909
2378 3736
2378 3857
2378 4006
2378 4799
2378 4880
2379 2510
2379 3054
2379 3171
2379 3784
2379 4596
2379 4629
2380 2562
2380 3652
2380 4407
2380 4570
2380 4651
2380 4829
2380 4986
2381 2969
2381 3539
2381 4530
2381 4999
2382 2497
2382 3017
2382 4044
2382 4070
2382 4838
2382 4878
2383 2604
2383 2606
2383 2730
2383 2815
2383 2975
2383 3024
2383 3478
2383 3521
2383 3940
2383 4124
2383 4464
2384 2436
2384 2943
2384 3468
2384 3925
2384 4266
2384 4448
2384 4585
2384 4601
2385 2718
2385 2743
2385 2856
2385 3576
2385 4046
2385 4538
2385 4690
2386 2886
2386 3030
2386 3590
2386 3718
2386 4441
2386 4478
2386 4698
2386 4704
2387 2572
2387 2687
2387 2814
2387 2842
2387 3307
2387 3709
2387 4196
2387 4359
2387 4501
2388 2420
2388 2450
2388 2564
2388 2947
2388 3180
2388 3386
2388 3411
2388 3697
2388 4528
2388 4812
2388 4859
2388 4921
2389 2774
2389 3419
2389 3646
2389 3650
2389 3823
2389 3838
2389 4686
2389 4689
2389 4732
2390 2414
2390 3079
2390 3365
2390 3847
2390 4113
2390 4573
2390 4583
2390 4724
2391 2476
2391 2892
2391 2893
2391 3012
2391 3173
2391 3617
2391 3925
2391 4531
2391 4716
2392 2530
2392 3631
2392 4468
2392 4594
2393 2438
2393 2804
2393 3307
2393 3502
2393 3633
2393 3987
2393 4376
2393 4537
2393 4551
2393 4947
2394 2442
2394 2631
2394 2941
2394 3464
2394 3786
2394 3793
2394 4186
2394 4242
2394 4300
2394 4794
2395 2829
2395 3824
2395 3964
2395 4077
2395 4095
2396 3393
2396 3632
2396 4095
2396 4962
2397 2520
2397 2619
2397 2646
2397 2801
2397 2888
2397 2934
2397 2948
2397 3042
2397 3074
2397 3419
2397 3482
2397 3609
2397 3946
2397 4284
2397 4320
2397 4393
2397 4633
2397 4818
2397 4826
2397 4834
2398 2406
2398 4670
2399 2632
2399 2882
2399 3149
2399 3517
2400 2735
2400 3248
2400 3740
2400 3752
2400 3777
2400 3824
2400 3858
2400 3875
2400 4397
2400 4737
2401 2938
2401 4305
2401 4643
2402 3094
2402 3209
2402 3640
2402 3975
2402 4103
2403 2630
2403 2650
2403 2827
2403 2830
2403 3040
2403 3707
2403 3747
2403 4121
2403 4260
2403 4777
2404 2535
2404 2674
2404 2812
2404 3391
2404 3602
2404 3702
2404 4180
2404 4232
2404 4712
2404 4730
2404 4755
2404 4930
2405 3250
2405 3394
2405 3637
2405 4094
2405 4346
2405 4687
2405 4718
2406 2571
2406 2921
2406 3603
2406 3965
2406 4140
2406 4866
2407 2535
2407 2868
2407 3039
2407 3198
2407 3704
2407 3854
2407 4001
2407 4118
2407 4154
2407 4537
2407 4956
2408 2848
2408 3057
2408 3109
2408 3390
2408 3412
2408 4154
2409 2516
2409 2574
2409 3065
2409 3075
2409 3107
2409 3346
2409 3417
2409 3443
2409 3757
2409 3932
2409 4797
2409 4962
2409 4976
2410 2484
2410 3320
2410 3365
2410 3384
2410 3386
2410 3451
2410 3660
2410 4106
2410 4359
2410 4392
2411 3023
2411 3381
2411 4174
2412 3234
2412 3285
2412 3538
2412 3585
2412 3699
2412 3776
2412 4132
2412 4534
2412 4698
2413 2938
2413 3417
2413 3504
2413 3557
2413 3963
2413 4553
2413 4943
2414 2995
2414 3701
2414 3918
2414 4309
2415 2689
2415 2702
2415 4958
2415 4997
2416 2550
2416 4096
2417 2452
2417 2965
2417 3031
2417 3316
2417 3420
2417 3452
2417 3736
2417 3848
2417 4115
2418 2842
2418 2945
2418 3264
2418 4120
2418 4372
2419 2553
2419 2572
2419 3161
2419 3316
2419 3328
2419 3787
2419 4232
2419 4517
2419 4706
2420 2665
2420 2670
2420 2877
2420 2947
2420 3732
2420 4088
2420 4299
2420 4829
2421 2453
2421 2685
2421 2885
2421 3521
2421 3557
2421 3636
2421 4449
2422 2848
2422 3905
2422 4052
2422 4131
2422 4180
2422 4292
2422 4319
2422 4384
2422 4515
2422 4785
2422 4789
2423 2468
2423 2613
2423 2778
2423 2899
2423 3069
2423 3248
2423 3258
2423 3523
2423 4062
2423 4170
2424 2899
2424 3242
2424 3337
2424 3410
2424 3619
2424 4693
2424 4711
2425 2552
2425 2653
2425 3442
2425 3853
2425 3920
2425 4328
2425 4514
2425 4599
2426 2463
2426 2484
2426 2618
2426 3153
2426 4450
2426 4465
2426 4841
2427 2569
2427 2978
2427 2996
2427 3018
2427 3354
2427 3928
2427 4001
2427 4215
2427 4238
2427 4503
2428 3236
2428 3433
2428 3988
2428 4463
2428 4789
2428 4872
2429 3635
2429 3957
2429 4953
2430 2522
2430 2766
2430 3226
2430 3412
2430 3883
2430 4614
2430 4657
2430 4999
2431 3263
2431 3603
2431 3689
2431 3805
2431 3918
2431 4197
2431 4487
2431 4867
2432 2563
2432 3060
2432 3284
2432 3377
2432 4792
2433 2498
2433 2562
2433 2589
2433 2936
2433 3430
2433 4362
2433 4457
2434 2617
2434 3415
2434 4016
2434 4166
2434 4340
2434 4526
2435 3301
2435 3344
2435 3622
2435 4112
2435 4369
2435 4385
2435 4492
2435 4903
2436 2513
2436 2606
2436 2660
2436 3099
2436 3542
2436 3846
2436 3878
2436 4168
2436 4227
2436 4276
2436 4408
2436 4470
2436 4691
2437 3587
2437 3822
2437 3935
2437 3936
2437 4220
2437 4839
2437 4901
2438 2850
2438 2877
2438 3034
2438 3381
2438 4061
2438 4109
2438 4476
2438 4602
2439 2557
2439 2582
2439 2658
2439 2702
2439 2862
2439 2906
2439 2956
2439 3356
2439 3565
2439 3623
2439 4520
2440 2658
2440 2901
2440 3036
2440 3067
2440 3354
2440 3416
2440 3478
2440 3560
2440 4139
2440 4364
2440 4942
2441 2668
2441 2863
2441 2978
2441 3168
2441 3287
2441 3348
2441 3515
2441 4350
2442 2941
2442 3172
2442 3295
2442 3430
2442 3497
2442 3682
2442 3862
2442 4349
2442 4364
2442 4759
2442 4918
2442 4972
2443 2579
2443 2628
2443 2680
2443 3278
2443 3482
2443 3664
2444 3077
2444 3434
2444 4476
2445 3770
2445 4122
2445 4336
2445 4666
2446 2702
2446 3570
2446 3580
2446 4138
2446 4346
2446 4364
2446 4756
2447 2908
2447 2929
2447 4154
2447 4369
2447 4487
2447 4960
2448 2678
2448 3065
2448 3211
2448 4108
2448 4215
2449 2492
2449 3321
2449 4037
2449 4174
2449 4459
2449 4779
2449 4835
2449 4849
2450 2506
2450 2521
2450 2994
2450 3392
2450 3466
2450 4252
2450 4340
2450 4442
2450 4563
2450 4571
2450 4575
2451 3287
2451 3305
2451 3387
2451 3607
2451 3900
2451 4343
2451 4400
2451 4423
2451 4768
2451 4975
2452 2926
2452 2986
2452 3018
2452 3264
2452 3383
2452 3555
2452 3623
2452 3762
2452 4078
2452 4396
2452 4606
2452 4687
2452 4911
2453 2555
2453 2872
2453 3181
2453 3678
2453 3989
2454 2859
2454 3165
2454 3294
2454 3755
2454 4055
2454 4158
2454 4510
2454 4522
2454 4590
2455 2476
2455 3700
2455 4625
2456 2493
2456 2763
2456 3294
2456 3448
2456 3914
2456 4459
2456 4607
2456 4715
2456 4901
2457 3070
2457 3108
2457 3273
2457 3840
2457 4134
2457 4439
2457 4450
2457 4721
2458 2782
2458 3184
2458 3199
2458 3258
2458 3422
2458 3748
2458 4697
2459 2535
2459 2900
2459 3259
2459 3333
2459 4570
2460 3081
2460 3388
2460 3436
2460 3515
2460 3707
2460 3930
2460 4212
2461 4811
2461 4970
2462 2657
2462 3171
2462 3590
2462 3709
2462 4501
2462 4896
2463 2749
2463 3147
2463 3361
2463 3852
2463 3861
2463 4533
2464 2711
2464 2774
2464 3066
2464 3153
2464 3308
2464 3337
2464 4076
2464 4092
2464 4403
2465 2689
2465 2997
2465 3006
2465 3098
2465 3407
2465 3450
2465 3804
2465 3923
2466 2698
2466 2831
2466 2953
2466 4295
2466 4423
2466 4721
2466 4888
2467 2824
2467 2883
2467 3287
2467 4802
2467 4867
2468 2472
2468 2781
2468 2859
2468 3309
2468 3472
2468 3713
2468 4032
2468 4987
2469 2884
2469 4564
2470 2881
2470 2907
2470 3099
2470 4172
2470 4376
2470 4432
2470 4557
2470 4587
2471 2636
2471 2764
2471 3108
2471 3652
2471 4621
2472 2603
2472 2692
2472 2997
2472 4522
2472 4629
2473 3366
2473 3369
2473 3381
2473 3549
2473 3664
2473 3751
2473 3759
2473 3761
2473 3808
2473 3892
2473 4068
2473 4527
2473 4822
2473 4994
2474 2936
2474 3580
2474 3963
2474 4146
2474 4215
2474 4329
2475 2880
2475 3304
2475 3430
2475 3995
2475 4098
2475 4144
2475 4516
2475 4956
2476 2583
2476 2625
2476 2700
2476 2753
2476 2755
2476 3683
2476 3854
2476 4583
2477 2766
2477 2810
2477 3268
2477 3637
2477 3698
2477 3765
2477 4692
2477 4756
2478 3805
2478 3901
2478 4421
2478 4429
2478 4633
2478 4903
2478 4984
2479 2593
2479 2835
2479 2921
2479 3536
2479 4049
2479 4212
2479 4362
2479 4998
2480 3243
2480 3325
2480 3442
2480 4090
2480 4174
2480 4205
2480 4224
2480 4617
2480 4965
2481 2760
2481 2798
2481 2837
2481 2918
2481 2973
2481 2990
2481 3038
2481 3288
2481 3411
2481 4767
2481 4867
2481 4960
2482 2902
2482 3347
2482 3517
2482 4312
2482 4501
2483 2952
2483 3295
2483 3307
2483 3322
2483 4194
2483 4486
2483 4712
2483 4849
2484 3856
2484 3930
2484 3997
2484 4110
2484 4331
2484 4345
2484 4885
2485 2574
2485 2742
2485 3207
2485 3333
2485 4393
2485 4979
2486 3106
2486 3151
2486 3548
2486 4979
2487 2535
2487 2567
2487 3522
2487 3617
2487 4271
2487 4351
2488 3151
2488 3661
2488 3844
2488 4324
2488 4700
2489 2785
2489 2867
2489 3249
2489 3926
2489 4071
2489 4296
2489 4811
2490 3204
2490 3511
2490 3721
2490 4268
2491 3017
2491 3052
2491 3384
2491 3404
2491 3424
2491 3543
2491 4616
2491 4770
2491 4809
2492 3315
2492 3382
2492 3898
2492 4509
2492 4790
2492 4815
2492 4974
2493 2663
2493 3216
2493 3364
2493 4827
2493 4965
2494 3308
2494 4699
2494 4998
2495 2905
2495 3530
2495 3581
2495 3646
2495 3803
2495 4357
2495 4455
2495 4730
2495 4795
2495 4924
2496 2904
2496 4358
2496 4510
2496 4776
2496 4803
2497 2554
2497 2727
2497 2900
2497 3022
2497 3757
2497 4300
2497 4498
2497 4551
2498 2500
2498 3176
2498 3973
2498 4208
2498 4763
2498 4927
2499 3429
2499 3750
2499 4032
2499 4227
2500 2655
2500 3138
2500 3436
2501 2584
2501 2751
2501 2996
2501 3086
2501 3325
2501 3396
2501 3816
2501 4180
2501 4958
2502 2523
2502 2586
2502 3171
2502 3184
2502 3314
2502 4078
2502 4191
2502 4222
2502 4520
2502 4557
2503 2635
2503 2688
2503 3445
2503 4068
2503 4332
2503 4674
2504 2593
2504 3079
2504 4084
2505 2848
2505 2946
2505 3335
2505 3677
2506 3410
2506 3725
2506 3982
2506 4622
2506 4811
2507 2651
2507 2652
2507 2663
2507 4025
2507 4638
2507 4693
2508 2983
2508 3114
2508 3593
2508 4702
2508 4857
2509 2739
2509 2877
2509 3148
2509 3442
2509 3617
2509 3749
2509 4068
2509 4337
2509 4645
2509 4667
2509 4941
2510 2995
2510 3045
2510 3424
2510 3806
2510 4297
2510 4321
2510 4480
2510 4807
2511 2654
2511 3954
2511 4217
2511 4228
2511 4254
2511 4339
2511 4472
2512 3665
2512 3951
2512 4290
2512 4434
2512 4931
2513 3152
2513 3406
2513 3608
2513 3989
2513 4088
2513 4246
2513 4276
2513 4322
2513 4343
2513 4394
2513 4636
2514 2646
2514 3018
2514 3266
2514 3647
2514 3761
2514 4069
2514 4840
2515 2810
2515 3289
2515 3533
2515 4913
2515 4925
2516 2805
2516 2855
2516 2942
2516 3043
2516 3471
2516 3658
2516 3744
2516 4019
2516 4167
2516 4181
2516 4444
2516 4476
2516 4869
2517 3684
2517 3763
2517 3890
2517 4085
2517 4847
2518 2691
2518 2832
2518 2966
2518 3725
2518 3779
2518 4521
2518 4822
2518 4827
2519 2999
2519 3167
2519 4036
2519 4584
2519 4770
2519 4959
2520 2685
2520 2800
2520 3996
2520 4357
2520 4849
2521 2614
2521 2916
2521 3105
2522 3304
2522 3330
2522 3348
2522 3742
2522 4125
2522 4632
2522 4772
2523 2790
2523 2872
2523 3233
2523 3425
2523 3651
2523 3710
2523 3759
2523 3842
2523 3869
2524 2818
2524 2879
2524 3063
2524 3214
2524 3252
2524 4157
2524 4424
2524 4719
2525 2719
2525 2731
2525 3442
2525 3595
2525 3757
2525 3804
2525 3946
2525 4874
2526 2556
2526 3238
2526 3366
2526 4094
2526 4150
2526 4217
2526 4570
2526 4764
2527 3097
2527 3106
2527 3336
2527 3490
2527 3973
2527 4832
2528 2691
2528 2770
2528 2989
2528 3563
2528 3581
2528 3655
2528 3737
2528 3875
2528 3891
2528 4439
2528 4703
2528 4716
2528 4879
2529 2687
2529 2741
2529 3439
2529 3659
2529 4723
2529 4753
2530 2691
2530 3018
2530 3036
2530 3212
2530 3312
2530 3929
2530 4083
2531 2830
2531 3049
2531 3232
2531 3501
2531 3633
2531 3652
2531 4111
2531 4547
2531 4628
2531 4777
2531 4815
2532 3028
2532 3432
2532 3575
2532 3584
2532 3788
2532 4369
2532 4884
2533 2771
2533 2913
2533 3444
2533 3668
2533 3894
2533 4420
2533 4421
2533 4678
2534 2646
2534 2669
2534 3079
2534 3258
2534 3560
2535 2779
2535 2782
2535 3023
2535 4742
2535 4824
2536 2624
2536 2778
2536 2842
2536 3078
2536 3176
2536 3397
2536 4622
2536 4849
2536 4853
2536 4928
2537 2848
2537 3065
2537 3544
2537 4038
2537 4326
2537 4401
2538 2914
2538 3036
2538 3481
2538 3504
2538 3529
2538 3661
2538 3749
2538 4278
2538 4339
2538 4403
2539 3045
2539 3317
2539 3429
2539 3889
2539 3951
2539 3970
2539 4543
2539 4779
2539 4859
2540 3922
2540 4094
2540 4122
2540 4136
2540 4575
2540 4716
2540 4800
2540 4867
2540 4996
2541 2850
2541 3138
2541 3418
2541 3522
2541 3571
2541 3866
2541 3905
2541 4187
2541 4759
2541 4836
2541 4949
2542 3256
2542 3396
2542 3528
2542 3875
2542 4162
2542 4291
2542 4480
2542 4964
2542 4970
2543 2578
2543 2598
2543 2671
2543 2888
2543 3338
2543 3410
2543 3796
2543 4742
2544 2556
2544 2865
2544 3061
2544 3063
2544 3148
2544 3246
2544 3523
2544 3632
2544 3661
2544 3880
2544 3937
2544 4233
2544 4438
2545 2588
2545 3011
2545 3445
2545 3703
2545 4472
2545 4622
2546 3418
2546 3932
2546 4108
2546 4310
2546 4756
2547 3511
2547 3679
2547 3879
2547 4013
2547 4730
2547 4861
2548 3021
2548 3283
2548 3297
2548 3493
2549 2838
2549 3183
2549 3822
2549 4642
2549 4714
2550 2747
2550 2832
2550 3062
2550 3082
2550 3153
2550 3819
2550 3853
2550 3981
2550 3986
2550 4235
2550 4587
2550 4788
2550 4968
2551 2770
2551 3396
2551 3612
2551 3736
2551 4142
2551 4154
2551 4608
2552 2947
2552 3243
2552 3250
2552 3284
2552 4215
2552 4350
2552 4989
2553 2807
2553 2902
2553 3228
2553 3254
2553 3709
2553 3720
2553 3795
2553 3928
2553 4185
2553 4225
2553 4248
2553 4497
2554 2964
2554 3310
2554 3668
2554 4167
2554 4494
2554 4861
2554 4938
2555 3214
2555 3993
2555 4841
2556 3261
2556 3536
2556 4371
2556 4376
2556 4420
2556 4486
2556 4842
2557 3183
2557 3539
2557 3669
2557 4027
2557 4802
2558 2829
2558 3087
2558 3092
2558 4136
2558 4241
2559 3023
2559 3338
2559 3424
2559 4090
2559 4330
2559 4661
2559 4663
2559 4746
2560 2677
2560 2990
2560 3367
2560 4151
2561 2591
2561 2658
2561 2724
2561 3051
2561 3118
2561 3257
2561 3367
2561 3438
2561 3744
2561 3832
2561 4000
2561 4178
2561 4579
2561 4631
2562 3964
2562 4022
2562 4797
2563 2622
2563 2750
2563 2876
2563 2990
2563 3295
2563 4699
2564 2800
2564 2962
2564 3138
2564 3203
2564 3566
2564 3707
2564 3972
2564 4136
2564 4617
2565 3137
2565 3206
2565 3258
2565 3572
2565 3776
2565 4114
2565 4236
2565 4290
2565 4705
2565 4776
2565 4825
2565 4942
2566 3052
2566 3437
2566 3672
2566 3820
2566 3896
2567 2606
2567 3584
2567 3934
2567 4798
2568 4905
2568 4927
2569 3276
2569 3360
2569 3474
2569 3589
2569 4155
2569 4219
2569 4241
2569 4365
2569 4478
2569 4536
2569 4545
2569 4870
2569 4888
2570 2603
2570 3179
2570 3499
2570 3693
2570 3887
2570 4079
2570 4210
2570 4741
2570 4777
2570 4915
2571 3682
2571 4009
2571 4201
2571 4328
2571 4447
2572 2795
2572 2824
2572 3796
2572 3994
2572 4064
2572 4257
2572 4472
2573 2607
2573 2645
2573 3102
2573 3116
2573 3803
2573 4038
2573 4475
2573 4806
2574 2743
2574 3235
2574 3569
2574 4126
2574 4405
2574 4409
2574 4525
2574 4587
2574 4658
2575 2698
2575 3072
2575 3165
2575 4161
2575 4598
2575 4879
2576 3059
2576 3112
2576 3212
2576 3378
2576 3879
2576 4034
2576 4067
2576 4651
2577 2750
2577 2989
2577 3600
2577 4032
2577 4212
2577 4815
2578 2606
2578 2696
2578 2845
2578 3030
2578 3712
2578 4159
2578 4229
2579 2721
2579 3328
2579 3394
2579 3672
2579 4270
2579 4545
2579 4637
2580 2588
2580 3517
2580 4529
2581 3016
2581 3737
2581 3997
2581 4165
2581 4456
2581 4572
2581 4930
2582 2583
2582 2688
2582 2763
2582 2976
2582 3818
2582 4091
2582 4287
2582 4434
2582 4740
2582 4796
2583 3274
2583 3452
2583 4354
2583 4971
2584 2752
2584 2936
2584 3079
2584 3169
2584 3420
2584 3953
2584 4004
2584 4338
2584 4411
2584 4413
2584 4464
2584 4612
2584 4796
2584 4876
2584 4949
2585 2907
2585 3288
2585 3318
2585 3909
2585 3992
2585 4394
2585 4482
2585 4585
2585 4695
2585 4877
2586 4037
2586 4108
2586 4359
2586 4568
2586 4975
2587 2628
2587 3231
2587 3351
2587 3821
2587 3880
2587 4804
2588 2738
2588 2874
2588 2911
2588 3166
2588 3242
2588 3442
2588 3556
2588 3779
2588 3827
2588 3909
2588 4211
2588 4669
2589 4742
2589 4776
2590 2796
2590 2984
2590 3015
2590 3130
2590 3620
2590 3858
2590 4131
2590 4163
2590 4168
2590 4571
2590 4670
2590 4677
2591 2859
2591 3539
2591 3705
2591 4006
2592 2658
2592 3075
2592 3665
2592 3772
2592 4150
2592 4465
2592 4685
2592 4933
2592 4948
2592 4950
2593 2680
2593 3092
2593 3251
2593 3274
2593 3701
2593 3971
2593 4629
2593 4671
2593 4716
2594 2804
2594 3166
2594 3404
2594 3786
2594 4043
2595 3118
2595 3198
2595 3386
2595 3406
2595 4147
2595 4230
2596 2875
2596 3001
2596 3459
2596 4335
2596 4427
2596 4494
2596 4599
2596 4751
2597 2826
2597 3484
2597 3888
2597 3986
2597 4089
2598 3019
2598 3079
2598 3839
2599 2873
2599 3240
2599 3328
2599 3428
2599 3684
2599 3731
2599 4045
2599 4330
2600 3363
2600 3837
2600 4522
2600 4631
2601 2603
2601 3070
2601 3489
2601 3665
2601 3670
2601 3816
2601 4404
2601 4493
2601 4894
2602 2709
2602 2908
2602 2922
2602 2945
2602 3035
2602 3243
2602 3348
2602 3445
2602 3570
2602 4606
2602 4660
2603 3254
2603 3268
2603 3909
2603 3994
2603 4112
2604 2803
2604 2939
2604 3021
2604 3093
2604 3218
2604 3238
2604 3435
2604 3517
2604 3877
2604 4000
2604 4083
2604 4497
2604 4775
2605 2830
2605 3038
2605 3047
2605 3116
2605 3194
2605 3497
2605 3828
2605 4135
2605 4855
2606 3254
2606 3338
2606 3676
2606 4036
2606 4367
2606 4557
2606 4797
2607 2789
2607 3518
2607 3547
2607 4182
2607 4455
2607 4569
2607 4651
2607 4759
2607 4802
2607 4828
2608 2681
2608 3078
2608 3308
2608 3612
2608 4156
2608 4424
2608 4572
2609 2980
2609 3156
2609 3227
2609 3419
2609 4376
2609 4597
2610 2717
2610 3374
2610 3529
2610 3552
2610 3568
2610 3823
2610 4111
2610 4134
2610 4188
2610 4562
2610 4721
2611 3265
2611 3487
2611 4902
2611 4919
2612 2762
2612 3014
2612 3134
2612 3490
2612 3746
2612 4066
2612 4318
2612 4460
2612 4966
2613 2985
2613 3257
2613 3329
2613 3390
2613 3752
2613 3855
2613 4121
2613 4151
2613 4237
2613 4246
2613 4565
2614 2753
2614 2924
2614 3268
2614 4642
2614 4764
2615 2679
2615 2888
2615 2927
2615 2976
2615 3251
2615 3455
2615 4337
2615 4546
2615 4596
2615 4701
2616 2729
2616 2951
2616 3013
2616 3094
2616 3340
2616 3394
2616 3473
2616 3508
2616 3637
2616 3754
2616 4083
2616 4554
2616 4876
2617 2843
2617 3098
2617 3269
2617 3987
2617 4366
2617 4581
2617 4716
2618 2660
2618 2697
2618 3129
2618 3482
2618 4076
2618 4478
2618 4480
2618 4896
2619 2731
2619 2756
2619 3119
2619 3137
2619 3710
2619 3910
2620 2913
2620 3176
2620 3802
2620 4213
2620 4547
2621 4224
2622 2673
2622 3034
2622 4264
2623 3440
2623 3533
2623 3625
2623 3660
2623 3947
2623 4102
2623 4635
2623 4785
2623 4850
2623 4949
2624 2698
2624 2709
2624 2931
2624 3181
2624 3420
2624 3500
2624 3563
2624 3720
2624 3780
2624 3969
2624 3975
2624 4502
2624 4578
2624 4790
2625 2803
2625 2943
2625 3083
2625 3470
2625 3970
2625 4091
2625 4207
2625 4494
2625 4736
2625 4758
2625 4922
2626 3114
2626 3124
2626 3575
2626 4528
2626 4813
2627 2874
2627 3189
2627 3418
2627 4343
2627 4573
2628 4057
2628 4212
2628 4447
2629 3399
2629 3625
2629 3691
2630 2651
2630 3010
2630 3097
2630 3466
2630 4044
2630 4072
2630 4460
2630 4556
2630 4566
2630 4825
2630 4852
2631 2881
2631 2984
2631 3104
2631 3537
2631 3884
2631 4133
2631 4429
2631 4718
2632 3060
2632 3143
2632 3180
2632 3224
2632 3534
2632 4058
2632 4149
2632 4177
2633 3206
2633 3638
2633 4335
2633 4971
2634 3236
2634 3284
2634 3443
2634 4198
2634 4302
2634 4427
2634 4528
2634 4951
2635 3062
2635 3276
2635 3318
2635 3368
2635 3453
2635 3858
2635 3964
2635 4254
2635 4307
2635 4733
2635 4782
2635 4850
2635 4889
2635 4949
2636 2661
2636 2667
2636 2687
2636 2795
2636 3836
2636 4115
2636 4883
2637 3073
2637 3634
2637 4559
2637 4606
2637 4841
2638 2894
2638 3207
2638 3261
2638 3602
2638 3837
2638 3930
2638 4274
2638 4650
2638 4759
2638 4790
2639 2877
2639 3003
2639 3299
2639 3455
2639 3625
2639 4025
2639 4764
2639 4789
2639 4832
2640 4051
2640 4428
2641 3340
2641 3495
2641 3573
2641 4642
2641 4997
2642 2685
2642 3304
2642 3368
2642 3515
2642 4047
2642 4354
2642 4615
2642 4997
2643 2726
2643 3295
2643 3456
2643 4253
2643 4438
2643 4505
2643 4969
2644 2873
2644 4684
2645 2901
2645 3011
2645 3416
2645 3759
2645 4043
2645 4047
2645 4395
2646 3045
2646 3347
2646 3486
2646 3645
2646 3891
2646 4125
2646 4274
2647 2979
2647 3272
2647 3429
2647 4051
2647 4436
2647 4558
2647 4564
2647 4570
2648 2714
2648 2899
2648 3091
2648 3912
2648 3979
2648 3981
2648 4345
2648 4776
2649 2717
2649 2778
2649 2955
2649 2977
2649 3242
2649 3667
2649 3753
2649 3925
2649 4462
2649 4533
2650 2728
2650 2925
2650 3308
2650 3370
2650 3418
2650 3792
2650 4817
2650 4875
2650 4937
2651 2795
2651 3394
2651 3588
2651 3697
2651 4091
2652 2820
2652 3081
2652 3163
2652 3495
2652 3866
2652 4082
2652 4226
2652 4290
2652 4611
2652 4906
2653 3007
2653 3038
2653 3166
2653 3274
2653 3664
2653 3734
2653 4856
2653 4949
2654 2875
2654 2960
2654 2994
2654 3650
2654 3911
2654 4473
2654 4941
2654 4982
2655 2804
2655 3036
2655 3343
2655 3580
2655 3604
2655 3761
2655 4163
2655 4529
2655 4876
2655 4897
2656 3073
2656 4333
2656 4738
2656 4754
2657 3240
2657 3775
2657 3934
2657 4198
2657 4419
2657 4450
2658 3136
2658 3191
2658 4788
2658 4983
2659 2893
2659 2913
2659 3080
2659 3213
2659 3559
2659 3870
2659 3938
2659 4152
2659 4224
2659 4428
2659 4851
2660 3277
2660 3291
2660 3376
2660 4244
2660 4945
2661 2735
2661 3218
2661 3372
2661 3892
2661 4252
2661 4588
2662 2778
2662 3206
2662 3997
2662 4680
2662 4895
2663 2777
2663 2817
2663 2855
2663 3068
2663 4000
2663 4650
2663 4784
2663 4816
2664 3208
2664 3266
2664 3510
2664 3990
2664 4113
2664 4966
2664 4973
2665 3077
2665 3323
2665 3474
2665 3801
2665 3968
2665 4567
2665 4846
2666 2773
2666 3211
2666 3276
2666 3678
2666 4328
2667 2783
2667 2995
2667 3587
2667 3779
2667 3861
2667 3908
2667 4254
2667 4880
2667 4925
2668 3124
2668 3251
2668 3265
2668 3388
2668 3459
2668 3571
2668 3646
2668 3744
2668 3959
2668 4510
2669 3128
2669 3374
2669 3407
2669 3461
2669 3472
2669 3578
2669 3643
2669 4625
2669 4786
2670 3425
2670 3543
2670 3675
2670 4573
2670 4630
2670 4678
2671 2758
2671 3080
2671 3092
2671 3244
2671 3377
2671 3407
2671 3442
2671 3881
2671 4273
2671 4969
2672 2680
2672 2782
2672 2889
2672 3231
2672 3413
2672 3711
2672 3718
2672 3774
2672 3813
2672 4013
2672 4062
2672 4063
2672 4459
2673 3361
2673 3541
2673 3809
2673 3929
2673 4340
2674 2827
2674 2999
2674 3019
2674 3045
2674 3241
2674 3264
2674 3295
2674 3633
2674 4203
2674 4250
2674 4427
2674 4764
2675 2869
2675 3149
2675 3467
2675 4010
2675 4036
2675 4454
2675 4746
2675 4811
2676 3005
2676 3176
2676 3194
2676 3671
2676 3851
2676 4075
2676 4117
2677 3312
2677 4164
2677 4310
2677 4648
2677 4725
2677 4806
2677 4968
2678 2884
2678 3011
2678 3605
2678 3852
2678 4461
2678 4728
2678 4769
2678 4814
2678 4978
2679 2682
2679 2945
2679 3805
2679 4143
2679 4883
2680 3057
2680 3275
2680 3278
2680 4154
2680 4345
2680 4695
2680 4751
2680 4804
2680 4891
2681 4017
2681 4313
2681 4331
2682 2854
2682 2917
2682 2973
2682 3082
2682 3356
2682 3415
2682 3634
2682 3679
2682 3932
2682 4377
2682 4475
2682 4790
2682 4813
2682 4816
2683 2778
2683 2822
2683 2824
2683 2837
2683 2876
2683 3222
2683 3402
2683 4100
2683 4392
2683 4788
2684 2712
2684 3573
2684 4122
2684 4206
2684 4620
2685 3565
2685 4007
2685 4095
2685 4127
2685 4886
2685 4961
2686 2842
2686 3006
2686 3059
2686 3508
2686 3697
2686 4025
2686 4247
2686 4762
2687 2826
2687 3036
2687 3096
2687 3146
2687 3693
2687 3749
2687 3823
2687 3952
2687 4404
2687 4582
2687 4887
2688 2763
2688 4588
2689 3024
2689 3062
2689 3471
2689 3672
2689 4016
2689 4054
2689 4248
2689 4525
2690 2808
2690 3669
2690 3685
2690 3901
2690 4532
2691 3412
2691 3529
2691 3861
2691 4722
2691 4897
2691 4933
2692 3288
2692 3385
2692 3677
2692 3679
2692 3942
2692 4088
2692 4460
2692 4737
2692 4870
2693 2731
2693 3395
2693 3712
2693 3953
2693 4409
2693 4550
2693 4565
2693 4892
2694 3018
2694 3117
2694 3308
2694 3551
2695 2726
2695 2768
2695 3220
2695 3435
2695 3537
2695 3752
2695 3793
2695 4723
2696 2912
2696 3268
2696 3345
2696 3760
2696 4602
2696 4991
2697 3373
2698 2785
2698 2957
2698 3463
2698 4089
2698 4498
2698 4757
2699 2919
2699 3148
2699 3276
2699 3438
2699 3532
2699 4015
2699 4076
2699 4299
2699 4470
2699 4620
2699 4921
2699 5000
2700 2886
2700 3161
2700 3789
2701 3030
2701 3044
2701 3380
2701 4183
2701 4239
2701 4828
2702 2848
2702 3100
2702 3369
2702 3471
2702 3766
2702 3775
2702 4015
2702 4030
2702 4060
2703 2909
2703 4497
2703 4796
2703 4857
2703 4998
2704 2721
2704 2943
2704 3177
2704 3830
2704 3941
2704 4063
2704 4090
2705 2728
2705 3112
2705 3119
2705 3544
2705 3551
2705 3635
2705 3903
2705 4060
2705 4209
2705 4227
2705 4298
2705 4395
2705 4631
2705 4694
2705 4899
2706 2870
2706 3018
2706 3435
2706 3868
2706 4543
2706 4651
2707 3570
2708 3527
2708 3810
2708 3822
2708 3904
2708 4795
2708 4900
2709 3201
2709 3470
2709 3807
2709 4784
2710 2841
2710 3831
2710 3883
2710 3906
2710 4287
2711 3810
2711 3827
2711 3940
2711 4202
2711 4591
2712 3198
2712 3709
2712 3917
2712 3995
2712 4190
2712 4195
2712 4989
2713 3900
2713 4815
2714 3750
2714 4270
2714 4323
2714 4596
2714 4704
2715 2919
2715 3505
2715 3581
2715 3611
2715 3675
2715 4341
2715 4914
2716 3267
2716 3616
2716 4507
2716 4577
2717 2820
2717 2859
2717 3264
2717 3797
2717 3859
2717 3896
2717 3972
2717 4347
2717 4483
2717 4710
2718 2994
2718 3472
2718 4255
2718 4438
2718 4722
2718 4729
2718 4783
2718 4931
2719 2851
2719 2941
2719 3013
2719 3041
2719 3216
2719 4164
2719 4177
2719 4799
2719 4990
2720 3211
2720 3884
2720 4053
2720 4110
2720 4597
2720 4777
2721 2779
2721 3149
2721 3370
2721 3475
2721 3673
2721 3930
2721 4495
2721 4635
2721 4685
2722 3044
2722 3070
2722 3207
2722 3551
2722 3969
2722 4118
2722 4387
2723 2986
2723 3122
2723 3293
2723 3369
2723 3761
2723 3925
2723 3956
2723 4750
2723 4999
2724 3434
2724 3562
2724 4130
2724 4390
2724 4583
2725 3412
2725 4019
2725 4598
2725 4984
2726 3123
2726 3284
2726 3520
2726 3948
2726 4626
2727 2876
2727 2934
2727 3572
2727 3583
2727 3611
2727 4993
2728 2811
2728 3397
2728 3591
2728 3952
2728 4194
2728 4237
2728 4335
2728 4353
2728 4743
2728 4866
2729 2851
2729 3102
2729 3548
2729 3929
2729 4042
2729 4570
2730 2857
2730 3720
2730 3802
2730 3908
2730 4112
2730 4216
2730 4292
2730 4421
2731 3229
2731 3316
2731 3670
2731 3707
2731 4913
2732 2787
2732 3017
2732 3129
2732 3387
2732 3672
2732 3814
2732 3900
2733 2749
2733 3363
2733 3410
2733 3494
2733 3610
2733 3822
2733 3938
2733 4246
2734 2873
2734 3765
2734 4338
2734 4358
2734 4391
2734 4697
2734 4902
2735 2750
2735 3297
2735 3894
2735 4103
2735 4985
2736 3222
2736 3732
2736 4178
2736 4988
2737 2898
2737 2987
2737 3529
2737 4493
2737 4651
2738 3003
2738 3599
2738 3657
2738 4557
2738 4662
2738 4809
2739 2829
2739 3019
2739 3062
2739 3095
2739 3339
2739 3366
2739 3553
2739 3923
2739 4356
2739 4387
2739 4787
2739 4877
2740 2944
2740 3015
2740 3261
2740 3486
2740 3612
2740 3961
2740 4432
2740 4526
2740 4994
2741 2760
2741 2887
2741 2978
2741 3042
2741 3085
2741 4279
2741 4429
2741 4654
2742 3266
2742 3656
2742 3842
2742 3845
2742 4176
2742 4444
2742 4897
2743 2948
2743 3298
2743 3310
2743 3501
2743 3689
2743 3915
2743 3958
2743 4239
2743 4616
2744 3360
2744 3509
2744 3573
2744 3594
2744 3717
2744 3823
2744 3863
2744 4020
2744 4202
2744 4404
2744 4513
2744 4614
2744 4665
2744 4678
2744 4861
2745 2943
2745 3027
2745 3207
2745 4773
2745 4952
2746 3473
2746 3501
2746 3755
2746 4158
2746 4659
2747 2897
2747 3275
2747 3332
2747 3626
2747 4879
2748 3431
2748 3640
2748 4143
2748 4467
2748 4557
2748 4941
2749 3051
2749 3272
2749 3316
2749 3455
2749 3607
2749 3892
2749 4182
2749 4540
2749 4691
2750 2784
2750 3709
2750 3723
2750 3778
2750 3877
2751 2961
2751 3125
2751 3175
2751 3950
2751 4450
2751 4778
2752 3015
2752 3376
2752 3442
2752 3480
2752 4084
2752 4529
2752 4702
2752 4716
2753 3201
2753 3594
2753 3651
2753 4001
2753 4116
2753 4168
2753 4632
2753 4653
2754 3591
2754 3887
2754 3933
2754 4495
2755 3126
2755 3167
2755 3334
2755 3549
2755 3570
2755 4610
2755 4648
2755 4675
2755 4683
2755 4713
2756 2985
2756 3126
2756 3674
2756 3721
2756 3732
2756 4173
2756 4201
2756 4917
2757 3039
2757 3326
2757 3992
2757 4136
2757 4729
2757 4941
2758 2833
2758 3449
2758 3477
2758 3616
2758 3656
2758 3955
2758 4097
2758 4180
2758 4694
2759 2968
2759 3231
2759 3598
2759 3636
2759 3725
2759 4192
2759 4546
2759 4913
2760 4128
2760 4386
2760 4988
2761 3311
2761 3796
2761 3802
2761 4516
2761 4834
2761 4882
2762 2810
2762 2993
2762 3108
2762 3114
2762 3879
2762 3927
2762 4572
2762 4596
2763 2849
2763 3202
2763 3258
2763 3434
2763 4193
2764 2943
2764 3218
2764 3411
2764 4015
2764 4048
2764 4710
2765 3813
2765 4041
2765 4507
2765 4786
2766 2857
2766 2909
2766 3250
2766 3437
2766 3773
2766 3895
2766 4154
2766 4163
2767 2958
2767 3007
2767 3046
2767 4095
2767 4480
2767 4981
2768 4355
2768 4731
2768 4769
2769 2848
2769 3189
2769 3902
2769 4314
2769 4434
2770 2814
2770 3043
2770 3609
2770 3658
2770 3717
2770 3778
2770 4412
2770 4903
2771 3095
2771 3344
2771 4048
2771 4353
2771 4411
2771 4895
2772 3127
2772 3227
2772 3364
2772 3667
2772 3693
2772 3931
2772 4229
2772 4491
2773 2798
2773 3610
2773 3768
2773 3853
2773 3882
2773 4352
2773 4888
2774 3136
2774 3172
2774 3581
2774 3711
2774 4162
2774 4440
2774 4502
2774 4519
2775 2810
2775 3169
2775 4285
2775 4906
2776 3645
2776 3971
2776 4463
2776 4485
2777 2998
2777 3009
2777 3124
2777 3287
2777 3613
2777 3616
2777 3641
2777 3839
2777 4032
2777 4054
2777 4596
2777 4654
2777 4694
2778 3586
2778 3617
2778 3762
2778 3956
2778 3965
2778 4579
2778 4641
2778 4798
2778 4802
2779 3216
2779 3386
2779 3652
2779 4034
2779 4259
2779 4705
2779 4958
2780 2995
2780 3560
2780 3594
2780 3987
2780 4287
2780 4514
2780 4558
2780 4956
2781 3045
2782 2878
2782 3142
2782 3421
2782 3876
2782 3923
2782 4279
2782 4495
2782 4672
2783 2896
2783 3311
2783 3678
2783 3961
2783 4286
2783 4499
2784 4506
2784 4953
2785 3619
2785 3661
2786 3121
2786 3565
2786 3715
2786 3830
2786 4154
2786 4264
2786 4313
2786 4731
2787 2813
2787 3475
2787 3523
2787 3601
2787 3722
2787 4055
2787 4377
2787 4710
2787 4926
2788 3851
2788 3907
2788 4083
2788 4317
2788 4368
2788 4921
2789 2934
2789 3079
2789 3127
2789 3167
2789 3269
2789 3578
2789 4099
2789 4164
2789 4342
2789 4400
2789 4536
2790 3192
2790 3588
2790 4102
2790 4611
2790 4908
2790 4945
2791 2937
2791 3007
2791 3240
2791 3386
2791 3772
2791 4053
2791 4263
2791 4311
2791 4486
2792 2925
2792 3037
2792 3272
2792 3467
2792 3552
2792 4298
2793 2901
2793 3444
2793 3721
2793 3881
2793 4080
2793 4672
2793 4962
2794 3108
2794 3132
2794 4139
2794 4261
2795 2857
2795 2866
2795 3056
2795 3390
2795 3817
2795 4068
2795 4660
2796 2858
2796 3039
2796 3113
2796 3158
2796 3233
2796 3344
2796 3355
2796 3390
2796 3652
2796 3756
2796 3774
2796 4978
2797 3182
2797 4098
2797 4219
2797 4343
2797 4464
2797 4545
2797 4618
2797 4817
2798 2968
2798 3250
2798 3397
2798 3489
2798 3490
2798 3624
2798 3820
2798 3847
2798 3874
2798 4073
2798 4280
2798 4619
2799 3194
2799 4193
2800 2885
2800 3955
2800 4443
2800 4517
2800 4590
2800 4990
2801 3062
2801 3249
2801 3277
2801 3475
2801 3752
2801 4373
2801 4667
2801 4695
2801 4937
2802 2853
2802 3360
2802 3479
2802 3504
2802 3685
2802 4496
2802 4594
2803 3135
2803 3155
2803 3710
2803 4003
2803 4050
2803 4066
2803 4320
2804 2866
2804 3450
2804 3676
2804 3731
2804 4035
2804 4839
2804 4848
2804 4906
2804 4957
2805 3409
2805 3994
2805 4403
2805 4513
2805 4608
2805 4739
2805 4787
2806 3186
2806 3333
2806 3485
2806 3733
2806 4312
2806 4374
2806 4671
2806 4696
2806 4971
2807 2964
2807 3682
2808 3178
2808 4230
2808 4242
2808 4269
2808 4635
2809 2827
2809 3111
2809 3471
2809 3931
2810 3468
2810 3566
2810 3896
2810 4132
2810 4258
2810 4775
2811 3307
2811 3309
2811 4712
2812 2995
2812 3033
2812 3279
2812 3494
2812 3690
2812 3888
2812 4747
2812 4784
2813 2876
2813 3560
2813 3710
2813 3880
2813 4013
2813 4161
2813 4629
2813 4831
2813 4855
2814 2881
2814 2947
2814 3075
2814 3103
2814 3632
2814 3641
2814 3657
2814 4062
2814 4470
2815 3328
2815 3427
2815 4273
2815 4527
2815 4592
2815 4659
2816 3280
2816 3328
2816 3508
2817 2991
2817 3087
2817 3761
2817 3808
2817 4202
2817 4354
2817 4480
2817 4681
2817 4993
2818 2968
2818 3196
2818 3573
2818 4220
2818 4298
2818 4512
2818 4705
2818 4722
2818 4796
2818 4972
2819 2824
2819 2942
2819 3153
2819 4870
2820 3133
2820 3424
2820 4286
2820 4313
2820 4432
2820 4529
2820 4852
2821 3258
2821 3409
2821 3630
2821 3824
2821 3944
2821 4363
2821 4647
2822 3117
2822 3926
2822 4157
2822 4346
2822 4469
2823 2976
2823 3145
2823 3246
2823 3557
2823 3785
2823 3830
2823 3923
2823 4131
2823 4777
2823 4923
2824 3287
2824 3781
2824 3828
2824 3959
2824 4081
2824 4169
2824 4804
2825 3436
2825 3601
2825 3784
2825 4298
2825 4434
2825 4460
2826 2930
2826 3077
2826 3711
2826 4144
2826 4172
2826 4436
2826 4724
2826 4863
2827 2828
2827 3085
2827 3096
2827 3105
2827 3265
2827 3500
2827 4190
2827 4391
2827 4393
2827 4610
2828 3046
2828 3458
2828 3660
2828 3684
2828 3961
2828 4516
2828 4911
2828 4923
2828 4984
2829 3144
2829 3474
2829 4551
2829 4861
2829 4876
2830 2944
2830 3838
2830 4062
2830 4926
2831 2921
2831 2972
2831 3595
2831 3938
2831 4107
2832 3168
2832 3606
2832 4330
2832 4406
2832 4967
2833 3106
2833 3150
2833 3755
2833 4488
2834 3636
2835 3389
2835 3715
2835 4120
2835 4688
2835 4862
2836 3066
2836 3568
2836 3863
2836 4303
2836 4653
2836 4817
2837 2854
2837 3834
2837 4410
2838 3030
2838 3591
2838 3794
2838 4649
2838 4873
2839 2852
2839 2930
2839 3076
2839 3152
2839 3263
2839 3572
2839 4085
2839 4378
2839 4853
2840 2902
2840 3237
2840 3444
2840 3680
2840 4031
2840 4385
2840 4679
2841 3307
2841 3590
2841 3720
2841 3751
2841 3878
2841 4422
2841 4926
2842 2847
2842 2936
2842 3065
2842 3178
2842 3468
2842 3481
2842 3515
2843 2886
2843 2937
2843 3556
2843 3956
2843 4194
2843 4195
2843 4565
2843 4718
2843 4764
2843 4795
2843 4916
2844 2938
2844 3227
2844 3293
2844 3362
2844 3436
2844 4436
2844 4570
2844 4769
2845 3782
2845 3875
2845 4012
2845 4078
2845 4087
2845 4468
2845 4663
2845 4743
2845 4823
2845 4953
2846 4080
2846 4137
2846 4517
2846 4606
2846 4677
2846 4728
2846 4752
2847 3207
2847 3581
2847 3896
2847 3987
2847 4435
2848 3159
2848 3428
2848 3735
2848 4441
2848 4779
2849 3326
2849 3617
2849 3677
2849 3758
2849 3918
2849 4042
2849 4356
2849 4440
2849 4512
2850 3349
2850 3428
2850 3429
2850 3643
2850 3672
2850 4132
2850 4192
2850 4447
2850 4977
2851 3286
2851 3318
2851 3522
2851 3813
2851 3943
2851 4050
2851 4194
2851 4369
2851 4464
2851 4603
2852 3215
2852 3420
2852 3727
2852 4589
2852 4746
2852 4863
2853 2907
2853 3021
2853 3074
2853 3778
2853 3792
2853 4041
2853 4443
2854 3011
2854 3255
2854 3387
2854 3645
2854 3800
2854 3985
2854 4192
2854 4324
2855 3081
2855 3125
2856 3222
2856 3556
2856 4557
2856 4804
2856 4948
2857 3504
2857 3623
2857 4399
2857 4775
2858 3282
2858 3476
2858 4953
2859 2860
2859 3078
2859 3482
2859 3647
2859 4133
2859 4512
2859 4686
2860 3325
2860 3579
2860 3986
2860 4101
2860 4321
2861 3240
2861 3325
2861 3668
2861 3783
2861 4696
2862 3031
2862 3529
2862 3559
2862 3674
2862 3733
2862 4369
2862 4513
2862 4728
2863 3370
2863 3582
2863 3658
2863 4465
2863 4490
2864 2914
2864 4030
2864 4205
2864 4244
2864 4303
2865 3215
2865 3598
2865 3710
2865 4044
2865 4551
2866 3888
2866 4132
2866 4341
2866 4362
2866 4589
2867 2973
2867 3040
2867 3776
2867 4869
2867 4900
2868 2877
2868 3233
2868 3381
2868 3757
2868 4126
2868 4720
2869 2872
2869 3157
2869 3504
2869 3750
2869 4051
2869 4090
2870 2933
2870 3286
2870 3464
2870 4089
2871 2946
2871 3074
2871 3418
2871 3794
2871 3924
2871 4003
2871 4052
2871 4107
2871 4651
2871 4714
2871 4739
2871 4976
2872 3599
2872 3847
2872 4341
2872 4577
2872 4733
2872 4755
2873 2962
2873 3086
2873 3236
2874 3964
2874 4130
2874 4137
2874 4505
2875 3272
2875 3323
2875 3793
2875 3887
2875 4773
2876 2971
2876 3080
2876 4432
2876 4468
2876 4573
2877 3344
2877 3366
2877 3673
2877 3964
2877 4032
2877 4035
2877 4373
2877 4483
2878 3116
2878 3725
2878 3840
2878 4029
2878 4234
2878 4530
2879 3328
2879 3766
2879 3993
2879 4104
2879 4443
2879 4447
2879 4683
2879 4784
2880 3322
2880 4172
2880 4533
2880 4652
2881 3298
2881 3502
2881 3573
2881 3911
2881 4637
2882 3124
2882 3205
2882 3338
2882 3620
2882 3634
2882 4009
2882 4012
2882 4629
2883 3411
2883 3626
2883 3664
2883 4671
2884 3863
2884 3948
2885 3133
2885 3198
2885 3320
2885 3557
2885 3868
2885 3874
2885 3888
2885 4546
2885 4969
2885 4992
2886 3085
2886 3146
2886 3241
2886 3559
2886 3614
2886 4256
2886 4508
2886 4741
2886 4932
2887 3864
2887 3915
2887 4343
2887 4458
2887 4938
2887 4965
2888 3040
2888 3145
2888 3174
2888 3392
2888 4485
2888 4996
2889 3067
2889 3191
2889 3389
2889 4444
2889 4447
2889 4590
2889 4736
2890 3023
2890 3388
2890 3531
2890 3703
2890 3773
2890 3947
2890 3957
2890 4201
2890 4325
2890 4488
2890 4533
2890 4602
2890 4610
2891 3865
2891 4836
2891 4974
2892 3310
2892 3553
2892 3732
2892 4005
2892 4994
2893 2982
2893 3652
2893 3714
2893 3922
2893 4120
2893 4176
2894 2990
2894 3014
2894 3340
2894 3538
2894 3869
2894 4917
2894 4936
2895 2940
2895 2997
2895 3283
2895 3639
2895 4661
2895 4747
2895 4927
2896 3007
2896 3384
2897 2962
2897 3146
2897 3201
2897 3361
2897 3617
2897 4472
2898 3156
2898 4405
2898 4499
2899 2980
2899 4324
2899 4395
2899 4703
2899 4770
2899 4820
2899 4953
2900 3645
2900 3730
2900 4198
2900 4241
2900 4601
2900 4740
2901 3054
2901 3289
2901 4059
2901 4275
2901 4554
2901 4577
2901 4735
2902 3251
2902 4110
2902 4313
2902 4555
2902 4662
2902 4728
2903 2979
2903 3216
2903 4392
2903 4487
2903 4523
2903 4609
2903 4677
2903 4770
2903 4837
2904 2929
2904 3024
2904 3236
2904 4055
2904 4111
2904 4141
2904 4347
2904 4670
2904 4883
2904 4905
2905 2965
2905 3289
2905 3411
2905 4600
2906 2938
2906 3132
2906 3199
2906 3524
2906 3866
2906 3932
2907 3328
2907 3585
2907 3905
2907 4105
2907 4185
2907 4280
2907 4314
2907 4496
2907 4592
2907 4901
2908 3176
2908 3334
2908 3345
2908 3578
2908 3599
2908 3648
2908 4051
2908 4570
2909 3047
2909 3146
2909 3243
2909 3383
2909 3478
2909 3540
2909 3668
2909 3699
2909 3703
2909 3778
2909 3869
2909 4311
2909 4789
2910 3003
2910 3164
2910 3487
2910 3546
2910 3565
2910 3895
2910 4057
2910 4091
2910 4281
2910 4504
2910 4857
2911 3010
2911 3155
2911 3712
2911 4004
2911 4089
2911 4127
2911 4439
2911 4465
2912 2960
2912 3058
2912 3071
2912 3139
2912 3367
2912 3549
2912 4021
2912 4107
2912 4162
2912 4428
2912 4473
2912 4661
2913 2942
2913 3209
2913 3461
2913 4974
2914 3040
2914 3184
2914 3390
2914 3445
2914 3722
2914 4449
2914 4575
2915 3429
2915 3707
2915 3747
2915 3912
2915 4035
2915 4255
2915 4373
2915 4417
2915 4543
2915 4714
2915 4803
2916 3312
2916 4289
2916 4761
2916 4939
2917 3778
2917 4073
2917 4278
2917 4664
2917 4696
2917 4802
2917 4869
2917 4889
2917 4991
2918 3023
2918 3612
2918 3664
2918 3913
2918 4742
2919 3094
2919 3168
2919 3387
2919 3501
2919 3631
2919 4664
2919 4945
2920 3336
2920 3639
2920 4485
2921 3397
2921 3425
2921 3517
2921 3521
2921 3619
2921 3621
2921 4076
2921 4123
2921 4207
2922 3783
2922 3989
2922 4346
2923 3141
2923 3307
2923 3319
2923 3515
2923 3666
2924 3081
2924 4072
2924 4545
2924 4992
2925 3447
2925 3941
2925 4581
2926 3190
2926 3567
2926 3608
2926 3829
2926 4339
2927 3073
2927 3431
2927 3528
2927 3740
2927 4012
2927 4487
2927 4750
2927 4798
2928 3211
2928 3219
2928 3619
2928 4287
2928 4819
2929 3156
2929 3726
2929 3873
2929 4066
2929 4478
2929 4738
2929 4956
2930 3035
2930 3558
2930 3764
2930 3960
2930 4163
2930 4430
2930 4435
2930 4488
2931 2960
2931 2979
2931 3889
2931 3899
2931 4091
2931 4250
2931 4467
2931 4547
2931 4574
2931 4754
2932 2935
2932 3395
2932 3688
2932 4036
2932 4311
2932 4572
2932 4745
2933 3138
2933 3221
2933 3351
2933 3470
2933 3663
2933 3824
2933 4114
2933 4199
2933 4468
2934 3470
2934 3959
2934 4347
2934 4737
2934 4799
2934 4851
2935 2997
2935 3445
2935 3584
2936 3424
2936 3891
2936 4533
2937 3167
2937 3370
2937 3512
2937 3845
2937 4450
2937 4480
2937 4613
2937 4949
2938 3157
2938 3160
2938 3248
2938 4124
2938 4856
2939 3399
2939 4232
2939 4286
2939 4663
2939 4706
2939 4925
2940 3417
2940 3626
2940 3770
2940 3898
2941 3118
2941 3499
2941 3792
2941 4207
2941 4710
2942 3064
2942 3311
2942 3513
2942 3806
2942 4478
2942 4792
2943 3246
2943 3617
2943 3772
2943 3985
2943 4289
2943 4417
2943 4458
2943 4795
2944 3946
2944 4495
2945 3093
2945 3284
2946 3081
2946 3367
2946 3521
2946 3541
2946 3571
2946 3719
2946 4173
2946 4275
2946 4703
2947 3346
2947 3382
2947 4087
2947 4421
2947 4658
2947 4669
2947 4891
2948 4236
2948 4490
2948 4973
2949 3445
2949 3540
2949 3543
2949 3676
2949 3702
2949 4079
2949 4223
2950 3582
2950 3665
2950 3964
2950 4557
2950 4839
2951 3092
2951 3289
2951 3571
2951 3977
2951 4182
2951 4478
2951 4493
2951 4726
2952 3356
2952 3628
2952 3632
2952 3655
2952 3696
2953 3210
2953 3377
2953 3559
2953 4141
2953 4772
2953 4920
2954 3807
2954 4031
2954 4071
2954 4237
2954 4778
2955 3015
2955 3256
2955 3470
2955 4038
2955 4409
2956 3089
2956 3962
2956 4020
2956 4442
2957 3331
2957 3566
2957 3732
2957 3965
2957 4533
2957 4886
2958 3441
2958 3452
2958 3840
2958 4067
2959 3340
2959 3547
2959 3687
2959 3728
2959 3938
2959 4311
2959 4586
2959 4732
2960 3740
2960 3903
2960 4300
2960 4318
2960 4515
2960 4942
2961 2980
2961 3125
2961 3216
2961 3441
2961 3566
2961 3769
2961 3963
2961 4153
2961 4577
2962 2963
2962 3289
2962 3411
2962 3853
2962 4031
2962 4108
2962 4139
2962 4198
2962 4654
2962 4735
2962 4940
2963 2980
2963 3190
2963 3871
2963 4666
2964 3189
2964 3914
2964 3945
2964 4083
2964 4425
2965 3145
2965 4334
2965 4616
2965 4843
2965 4930
2966 3059
2966 3400
2966 4462
2966 4772
2967 3025
2967 3133
2967 3357
2967 3512
2967 3691
2967 4104
2967 4153
2967 4885
2968 3150
2968 4233
2968 4310
2968 4705
2968 4784
2968 4790
2968 4886
2969 3342
2969 4077
2969 4154
2969 4155
2969 4242
2970 3694
2970 3700
2970 4218
2970 4229
2970 4269
2970 4397
2970 4623
2971 3285
2971 3525
2971 4086
2971 4101
2971 4123
2971 4300
2971 4382
2972 3261
2972 3948
2972 4146
2972 4210
2973 3277
2973 4462
2973 4640
2973 4657
2973 4708
2974 3064
2974 3149
2974 3532
2974 3783
2974 4287
2974 4294
2975 2998
2975 3048
2975 3428
2975 3685
2975 4352
2975 4624
2976 3135
2976 3457
2976 3464
2976 3799
2976 4941
2977 3064
2977 3830
2977 4217
2977 4271
2978 3359
2978 3853
2978 3888
2978 4621
2978 4668
2978 4673
2979 3220
2979 3331
2979 3427
2979 3461
2979 4049
2979 4397
2979 4846
2979 4968
2980 3019
2980 3097
2980 3326
2981 3052
2981 3189
2981 3273
2981 3375
2981 3551
2981 3688
2981 4419
2981 4422
2981 4937
2982 3119
2982 4228
2983 3050
2983 3918
2983 3952
2983 4341
2983 4412
2984 3103
2984 3243
2984 3254
2984 3439
2984 3633
2984 3658
2984 4865
2984 4896
2985 3029
2985 4159
2985 4456
2985 4617
2985 4745
2986 3068
2986 3443
2986 3538
2986 4032
2986 4130
2986 4882
2987 3025
2987 3776
2987 4180
2987 4746
2988 4445
2988 4601
2988 4819
2988 4836
2989 3270
2989 3372
2989 3711
2989 3934
2989 4428
2989 4514
2989 4864
2990 3093
2990 3110
2990 3390
2990 3502
2990 3723
2990 3956
2991 3272
2991 3540
2991 3767
2991 4146
2992 3314
2992 3943
2992 4021
2992 4587
2992 4980
2993 3339
2993 4314
2993 4490
2994 3290
2994 3446
2994 4181
2994 4257
2994 4300
2994 4427
2995 4711
2995 4871
2996 3090
2996 3178
2996 3595
2996 3956
2996 4805
2996 4988
2997 3618
2997 3770
2997 4119
2997 4208
2997 4473
2998 3295
2998 3629
2998 3677
2998 3862
2998 4243
2998 4737
2999 3087
3000 4991
3001 3820
3001 4248
3001 4341
3001 4412
3002 3164
3002 3375
3002 3697
3002 4118
3002 4569
3002 4650
3003 3114
3003 3773
3003 4971
3004 3920
3004 4153
3004 4288
3004 4961
3005 3277
3005 3714
3005 3838
3005 4101
3005 4131
3005 4465
3005 4561
3005 4943
3006 3658
3006 3917
3006 4126
3006 4705
3007 3162
3007 3633
3007 3733
3007 4366
3007 4370
3007 4417
3007 4877
3008 3199
3008 3343
3008 3420
3008 3727
3008 3949
3008 4358
3008 4644
3008 4658
3008 4667
3008 4760
3009 3704
3009 4188
3009 4231
3009 4394
3009 4474
3010 3016
3010 4007
3010 4403
3010 4607
3010 4742
3010 4986
3011 3092
3011 3463
3011 4009
3011 4095
3011 4226
3011 4838
3012 3224
3012 3675
3012 3927
3012 4324
3012 4486
3012 4569
3013 3462
3013 3569
3013 3662
3013 3994
3013 4047
3013 4257
3013 4291
3013 4403
3013 4862
3013 4887
3014 3479
3014 3612
3014 3857
3014 3970
3014 4010
3014 4153
3014 4166
3014 4629
3015 3143
3015 3180
3015 3372
3015 4367
3015 4581
3015 4857
3016 3430
3016 3477
3016 3709
3016 4346
3016 4388
3016 4429
3016 4537
3017 3085
3017 3285
3017 3597
3017 3923
3017 4303
3017 4483
3017 4507
3018 3470
3018 3563
3018 3706
3019 3533
3019 3802
3019 3921
3019 4029
3019 4045
3019 4128
3019 4762
3019 4996
3020 3654
3020 4088
3020 4233
3021 3036
3021 3952
3021 3979
3021 3992
3021 4279
3021 4388
3022 3094
3022 3127
3022 3164
3022 3581
3022 3968
3022 4040
3022 4115
3022 4187
3022 4245
3022 4264
3022 4612
3022 4633
3022 4669
3023 3127
3023 3447
3023 3567
3023 3987
3024 3186
3024 3230
3024 3361
3024 3505
3024 3971
3024 4021
3024 4460
3024 4753
3025 3528
3025 4314
3025 4516
3025 4522
3025 4642
3025 4766
3026 3624
3026 4623
3026 4709
3027 3660
3027 3999
3027 4001
3027 4052
3027 4531
3028 3035
3028 3148
3028 3391
3028 3479
3028 3535
3028 3777
3028 4122
3029 3268
3029 3964
3029 4866
3030 3102
3030 3147
3031 3855
3031 3953
3031 4032
3033 3218
3033 4305
3033 4378
3034 3099
3034 3350
3034 3392
3034 3805
3034 4705
3035 3843
3035 4115
3035 4308
3035 4552
3036 3537
3036 4040
3036 4204
3036 4426
3036 4880
3037 3330
3037 4399
3038 3062
3038 3382
3038 4447
3038 4561
3039 3101
3039 3391
3039 3747
3039 3826
3039 4393
3039 5000
3040 3543
3040 3581
3040 3967
3040 3976
3040 3999
3040 4518
3041 3378
3041 3624
3041 3733
3041 3761
3041 4685
3041 4847
3042 3153
3042 3648
3042 3659
3042 4117
3042 4202
3042 4289
3042 4393
3042 4784
3043 3891
3043 4175
3044 3102
3044 3364
3044 3720
3044 3875
3044 4231
3044 4935
3045 3152
3045 3205
3045 4391
3045 4605
3046 3618
3046 3682
3046 3702
3046 4166
3046 4400
3046 4540
3047 3133
3047 3658
3047 3789
3047 4897
3047 4936
3048 3111
3048 3284
3048 3763
3048 3933
3048 4225
3048 4681
3048 4684
3048 4877
3048 4956
3049 3180
3049 3279
3049 4090
3049 4121
3049 4473
3049 4985
3050 3504
3050 3581
3050 4168
3050 4601
3050 4698
3050 4918
3050 4965
3051 3437
3051 3469
3051 3698
3051 3836
3051 3933
3051 4078
3051 4549
3051 4643
3051 4699
3052 3213
3052 3987
3052 4029
3052 4170
3052 4332
3052 4566
3053 3191
3053 3950
3053 3997
3053 4538
3053 4605
3054 3096
3054 3608
3054 3651
3054 3749
3054 3771
3054 4573
3054 4652
3055 3312
3055 3316
3055 3548
3055 3801
3055 3826
3055 4015
3055 4068
3055 4212
3055 4234
3055 4637
3055 4826
3056 3217
3056 3446
3056 4125
3056 4231
3056 4807
3056 4917
3057 3496
3057 3554
3057 3912
3057 4190
3057 4647
3057 4715
3057 4770
3058 3194
3058 3471
3058 3864
3058 4001
3058 4010
3058 4354
3059 3351
3059 3563
3059 3965
3059 4139
3059 4626
3060 3141
3060 3306
3060 3595
3060 3736
3060 4047
3060 4191
3060 4339
3060 4791
3060 4890
3061 3768
3061 4065
3061 4169
3061 4908
3062 3743
3062 3867
3062 3972
3062 4116
3062 4384
3063 3729
3063 3984
3063 4729
3063 4840
3064 3235
3064 3424
3064 4175
3064 4617
3065 3128
3065 3251
3065 4124
3065 4449
3065 4615
3065 4638
3066 3251
3066 3272
3066 3590
3066 4776
3067 3312
3067 3764
3067 3855
3067 3928
3067 4305
3067 4527
3067 4780
3068 3107
3068 3166
3068 3721
3068 3743
3068 3918
3068 4114
3068 4316
3069 3399
3069 3880
3069 4382
3069 4902
3070 3118
3070 3131
3070 3173
3070 3265
3070 3441
3070 3700
3070 3839
3070 3854
3071 3714
3071 3816
3071 3950
3071 4266
3071 4335
3071 4447
3071 4534
3072 3816
3072 4000
3072 4840
3072 4956
3072 4982
3073 3442
3073 3599
3073 3622
3073 4223
3073 4355
3073 4511
3073 4697
3073 4900
3074 3091
3074 3363
3074 3605
3074 3637
3074 3838
3074 4024
3074 4251
3074 4640
3074 4790
3074 4813
3074 4844
3075 3164
3075 3450
3075 3507
3075 3964
3075 4051
3075 4317
3075 4816
3076 3326
3076 3460
3076 3476
3076 3644
3076 4261
3076 4616
3076 4778
3077 3335
3077 3804
3077 4040
3077 4105
3077 4217
3077 4352
3078 3861
3078 4306
3078 4451
3078 4678
3079 3109
3079 3380
3079 4511
3079 4828
3080 3201
3080 3403
3080 3848
3080 4068
3080 4285
3080 4343
3080 4355
3080 4425
3080 4501
3080 4617
3081 3127
3081 3446
3081 3517
3081 3834
3081 4288
3081 4323
3081 4471
3081 4794
3082 3123
3082 3244
3082 3703
3082 3784
3082 3897
3082 4042
3082 4500
3082 4622
3082 4706
3083 3378
3083 3879
3083 4025
3083 4141
3083 4156
3083 4852
3083 4992
3084 3270
3084 3747
3084 4092
3084 4429
3085 3242
3085 3251
3085 3320
3085 3794
3085 4070
3085 4217
3085 4219
3085 4734
3086 4234
3086 4940
3087 3625
3087 3805
3087 4012
3087 4357
3087 4525
3087 4844
3088 3252
3088 3593
3088 3753
3088 4044
3088 4061
3088 4104
3089 3328
3089 3487
3089 4358
3089 4377
3089 4607
3089 4661
3089 4818
3089 4819
3090 3100
3090 3303
3090 4041
3090 4786
3090 4940
3091 3220
3091 3573
3091 3896
3091 4003
3091 4020
3091 4215
3091 4644
3092 3652
3092 4576
3093 3685
3093 4136
3093 4338
3093 4388
3093 4497
3093 4610
3093 4710
3093 4951
3094 3384
3094 4313
3094 4394
3094 4942
3095 3200
3095 3238
3095 3616
3095 3901
3095 4117
3095 4694
3095 4807
3096 3751
3096 3960
3096 3963
3096 4092
3096 4186
3096 4333
3097 3303
3097 3543
3097 4186
3097 4187
3097 4516
3097 4962
3098 3411
3098 3475
3098 3603
3098 3812
3098 3959
3098 4017
3098 4185
3098 4423
3098 4850
3098 4994
3099 3228
3099 3230
3099 3415
3099 3452
3099 3457
3099 3663
3099 3665
3099 4337
3099 4858
3100 3462
3100 3506
3100 3679
3100 3810
3100 4290
3100 4461
3100 4491
3100 4646
3100 4720
3101 3590
3101 3794
3101 3903
3101 3930
3101 4033
3102 3688
3102 4034
3102 4186
3103 3536
3103 3542
3103 3598
3103 4105
3103 4186
3103 4447
3104 3457
3104 3632
3104 4000
3104 4096
3104 4477
3104 4774
3104 4918
3104 4946
3104 4992
3105 3201
3105 4967
3106 3487
3106 4148
3106 4456
3106 4971
3107 3127
3107 3204
3107 3381
3107 3396
3107 3425
3107 3514
3107 4013
3107 4461
3107 4490
3107 4655
3107 4709
3107 4842
3107 4844
3108 3132
3108 3156
3108 4325
3108 4982
3109 3145
3109 3186
3109 3616
3109 3732
3109 3921
3109 3956
3109 4138
3109 4195
3109 4988
3110 3216
3110 4356
3111 3113
3111 3179
3111 4221
3111 4624
3112 3278
3112 3358
3112 4060
3113 3678
3113 4587
3113 4749
3114 3501
3114 3958
3114 4193
3114 4439
3114 4865
3115 3557
3115 4257
3115 4283
3115 4787
3115 4827
3116 3217
3116 3333
3116 3743
3116 4122
3116 4236
3117 3302
3117 3351
3117 4052
3117 4100
3117 4392
3117 4664
3117 4761
3117 4841
3117 4998
3118 3155
3118 3278
3118 3411
3118 3534
3118 3746
3118 4059
3118 4421
3118 4700
3118 4804
3119 3181
3119 3449
3119 4558
3120 3731
3120 3881
3120 3882
3121 3374
3121 4501
3121 4797
3121 4827
3121 4993
3122 3153
3122 3543
3122 3835
3122 4442
3122 4498
3122 4953
3123 3502
3123 4757
3123 4826
3124 3917
3124 3939
3124 4189
3124 4249
3124 4336
3124 4410
3124 4777
3124 4957
3124 4961
3124 4963
3125 3679
3125 3734
3125 4237
3125 4597
3125 4849
3125 4866
3126 3207
3126 3219
3126 4394
3127 3266
3127 3595
3127 3643
3127 3985
3127 4965
3127 5000
3128 3140
3128 3853
3128 3869
3128 4797
3129 3317
3129 4327
3129 4346
3129 4848
3130 3137
3130 4034
3130 4336
3130 4930
3131 3140
3131 3230
3131 3256
3131 3360
3131 3786
3131 3885
3131 3967
3131 4023
3131 4179
3131 4198
3131 4634
3131 4737
3131 4843
3131 4944
3132 3859
3132 3940
3132 4525
3132 4533
3132 4696
3132 4793
3133 3338
3133 3734
3133 4163
3133 4337
3133 4451
3133 4496
3133 4716
3133 4879
3134 3357
3134 3721
3134 4510
3134 4797
3134 4817
3135 3754
3135 3784
3135 3838
3135 3983
3135 4183
3136 3227
3136 3546
3136 3693
3136 3907
3136 4776
3136 4941
3137 3200
3137 3271
3137 3368
3137 3648
3137 3669
3137 3698
3137 3918
3137 3994
3137 4524
3137 4771
3138 3162
3138 3568
3138 3868
3138 4055
3138 4473
3139 3183
3139 3633
3139 4066
3139 4426
3139 4494
3139 4565
3139 4754
3140 3157
3140 3383
3140 3639
3140 3957
3140 4154
3140 4200
3140 4237
3140 4539
3140 4632
3140 4837
3141 3177
3141 3341
3141 3467
3141 3651
3141 4393
3142 4580
3142 4710
3142 4769
3142 4908
3143 3960
3143 4475
3143 4697
3143 4741
3144 3420
3144 3449
3144 3472
3144 3490
3144 3637
3144 4055
3144 4117
3144 4449
3145 3766
3145 3767
3145 4492
3145 4761
3145 4771
3145 4813
3146 3274
3146 4901
3147 4511
3147 4603
3148 3456
3148 3816
3148 4176
3148 4307
3148 4455
3148 4606
3149 3395
3149 3402
3149 3565
3149 3647
3149 3691
3149 3864
3149 3891
3149 4036
3149 4127
3150 3352
3150 4254
3150 4755
3150 4832
3150 4852
3150 4883
3151 3206
3151 4408
3151 4445
3152 4883
3153 3929
3153 4216
3153 4436
3153 4556
3153 4613
3154 3296
3154 3326
3154 3354
3154 3376
3154 3580
3154 3639
3154 4846
3154 4877
3155 3216
3155 3245
3155 3722
3155 3765
3155 3811
3155 3993
3155 4381
3155 4662
3155 4864
3156 3370
3156 4549
3156 4571
3156 4605
3157 3370
3157 3671
3157 3689
3157 4803
3157 4812
3157 4823
3157 4944
3158 3214
3158 3689
3158 3888
3158 3929
3158 4074
3158 4419
3158 4566
3158 4589
3159 3679
3159 3754
3159 3983
3159 4424
3159 4874
3160 3495
3160 3644
3160 3704
3160 3821
3160 4546
3161 3418
3161 3643
3161 3901
3161 4064
3161 4590
3161 4643
3161 4870
3162 3214
3162 3419
3162 3615
3162 3762
3162 3951
3162 4447
3162 4821
3162 4912
3162 4926
3162 4991
3163 3332
3163 3713
3163 3742
3163 3743
3163 3876
3163 4029
3163 4594
3163 4629
3163 4719
3164 3359
3164 3397
3164 4289
3164 4530
3164 4641
3164 4809
3164 4948
3165 3342
3165 3726
3165 3741
3165 3899
3165 4933
3166 3437
3166 3501
3166 3581
3166 3762
3166 3924
3166 4090
3167 3401
3167 4031
3167 4581
3167 4915
3167 4970
3168 3679
3168 3726
3168 3786
3168 4138
3168 4203
3168 4410
3168 4413
3168 4535
3168 4581
3168 4626
3169 3765
3169 4007
3169 4219
3169 4600
3169 4922
3170 4326
3171 3218
3171 4402
3171 4630
3172 3575
3172 3875
3172 4098
3172 4528
3172 4799
3172 4852
3173 3541
3173 3688
3173 3916
3173 4230
3174 3189
3174 3851
3174 4066
3174 4076
3174 4506
3174 4811
3174 4928
3175 3384
3175 3435
3175 4187
3175 4837
3176 3587
3176 4103
3176 4152
3176 4342
3176 4677
3176 4725
3176 4967
3177 3464
3177 3547
3177 4949
3177 4962
3178 3219
3178 3790
3178 4077
3178 4477
3178 4605
3178 4754
3179 4390
3180 3182
3180 3764
3180 3864
3180 4220
3180 4352
3180 4579
3180 4813
3181 3923
3181 4242
3181 4418
3182 3242
3182 3674
3182 4131
3182 4623
3183 3293
3183 3518
3183 3777
3183 3895
3183 4043
3183 4172
3184 3254
3184 3327
3184 4477
3184 4649
3184 4827
3185 3584
3185 3995
3185 4405
3185 4516
3185 4660
3185 4843
3186 3636
3186 4050
3186 4466
3186 4587
3186 4915
3187 3566
3187 3657
3187 3832
3187 3916
3187 4221
3187 4249
3187 4386
3188 3223
3188 4318
3188 4427
3188 4807
3188 4846
3189 3481
3189 3736
3189 4248
3189 4885
3190 3457
3190 3667
3190 3837
3190 3842
3190 4478
3191 3305
3192 3432
3192 3455
3192 3509
3192 3658
3192 3663
3192 3904
3192 3980
3192 4800
3193 3881
3193 4572
3193 4625
3194 4187
3195 3387
3195 3458
3195 3769
3195 4118
3195 4491
3195 4797
3195 4981
3196 4105
3196 4308
3196 4358
3196 4465
3196 4634
3197 3253
3197 3582
3197 3734
3197 3743
3197 4228
3197 4548
3197 4844
3198 3246
3198 3657
3198 4044
3198 4441
3198 4507
3198 4636
3198 4652
3198 4752
3198 4901
3199 3223
3199 3375
3199 3901
3200 3229
3200 3754
3200 3867
3200 4030
3200 4113
3201 3595
3201 3684
3201 3912
3201 4723
3202 3797
3202 4420
3202 4490
3202 4773
3203 3627
3203 3656
3203 4035
3203 4065
3203 4193
3203 4674
3204 3747
3204 3862
3204 3881
3204 4182
3204 4338
3204 4466
3204 4754
3204 4911
3205 3523
3205 4190
3205 4517
3205 4589
3206 3569
3206 4106
3206 4239
3206 4721
3207 3378
3207 4488
3207 4807
3207 4904
3208 3383
3208 3414
3208 3625
3208 3626
3208 4545
3209 3213
3209 3347
3209 3628
3209 4190
3209 4372
3209 4524
3209 4598
3209 4717
3209 4927
3210 3683
3210 4078
3211 3349
3211 3902
3211 3950
3212 3282
3212 3412
3212 3783
3212 3896
3212 3986
3212 4287
3212 4602
3212 4701
3213 4147
3213 4293
3213 4996
3214 3867
3214 4301
3215 3755
3215 4064
3215 4562
3215 4746
3216 3384
3216 3928
3216 4571
3216 4631
3216 4810
3217 3463
3217 3728
3217 3993
3217 4107
3217 4393
3217 4919
3218 3459
3218 4019
3218 4456
3218 4792
3218 4895
3219 3493
3219 4466
3219 4627
3220 3871
3220 3913
3220 4192
3220 4271
3220 4544
3220 4557
3220 4614
3220 4983
3221 3756
3221 3854
3221 4424
3221 4611
3221 4785
3221 4994
3222 3723
3222 4120
3222 4815
3222 4823
3223 3224
3223 3290
3223 4563
3223 4652
3223 4724
3223 4940
3223 4957
3224 3534
3224 3627
3224 4779
3225 3602
3225 4184
3226 3531
3226 3746
3226 4471
3226 4498
3227 4560
3227 4858
3227 4958
3228 3505
3228 3907
3228 4040
3228 4994
3229 3712
3229 4117
3229 4296
3229 4631
3229 4938
3230 3259
3230 3266
3230 3717
3230 4122
3230 4383
3230 4582
3230 4783
3231 3937
3231 4052
3231 4217
3232 3236
3232 4216
3232 4260
3232 4392
3232 4919
3233 3816
3233 3846
3233 4099
3233 4175
3234 3622
3234 3802
3234 3820
3234 4066
3234 4658
3235 3362
3235 4334
3236 3316
3236 4006
3237 3259
3237 3325
3237 4198
3237 4785
3239 3735
3239 3743
3239 3886
3239 4625
3239 4671
3239 4698
3240 3469
3240 3894
3240 4220
3240 4435
3240 4747
3241 3739
3241 3923
3241 4964
3242 4525
3242 4725
3242 4867
3243 4122
3243 4320
3243 4399
3243 4613
3243 4653
3244 3420
3244 3803
3244 4853
3244 4968
3245 3408
3245 4011
3245 4292
3245 4380
3245 4602
3245 4623
3246 3460
3246 3506
3246 3796
3246 4305
3246 4565
3246 4816
3247 3795
3247 4029
3247 4075
3247 4509
3247 4931
3247 4996
3247 5000
3248 3318
3248 3861
3248 4029
3248 4177
3248 4836
3249 3307
3249 3325
3249 3794
3249 3826
3249 3919
3249 4149
3249 4200
3249 4297
3249 4389
3250 3617
3250 3667
3250 3927
3250 4141
3251 3278
3251 3539
3251 3843
3251 4346
3252 3277
3252 3448
3252 3772
3252 4440
3252 4489
3252 4547
3252 4668
3252 4917
3252 4975
3253 3356
3253 3747
3253 3841
3253 4439
3253 4578
3253 4626
3253 4717
3254 3485
3254 3610
3254 3684
3254 3965
3254 4004
3254 4469
3254 4663
3255 3263
3255 3403
3255 3454
3255 3841
3255 4194
3255 4287
3255 4616
3255 4756
3255 4850
3255 4866
3255 4900
3256 3491
3256 4069
3256 4089
3256 4298
3256 4510
3256 4559
3257 3297
3257 3484
3257 3643
3257 3739
3257 3756
3257 3846
3257 4320
3258 3344
3258 3910
3258 4266
3258 4378
3258 4545
3258 4815
3259 3448
3259 4345
3259 4597
3259 4732
3259 4822
3260 3479
3260 3680
3260 3700
3260 3894
3260 4240
3260 4440
3260 4771
3261 3422
3261 4193
3261 4422
3261 4428
3261 4523
3261 4711
3261 4851
3262 4227
3262 4414
3262 4654
3262 4886
3262 4947
3263 4622
3263 4646
3263 4651
3263 4888
3263 4941
3263 4956
3264 4148
3266 4135
3266 4213
3266 4425
3266 4629
3266 4679
3266 4903
3267 3669
3267 3870
3267 4348
3268 3335
3268 3371
3269 3678
3269 4808
3269 4823
3269 4918
3270 3310
3270 3332
3270 3508
3270 3745
3270 4093
3270 4329
3270 4460
3270 4596
3270 4965
3271 3835
3271 3876
3271 4821
3271 4844
3272 3748
3272 4029
3272 4140
3272 4684
3272 4803
3272 4865
3273 3877
3273 4499
3273 4866
3274 3313
3274 3391
3274 3476
3274 3990
3274 4514
3274 4742
3275 3314
3275 3403
3275 3577
3275 4521
3275 4538
3276 3287
3276 3999
3276 4038
3276 4144
3276 4190
3276 4321
3276 4782
3277 3507
3277 3564
3277 3714
3277 4327
3278 3430
3278 3783
3278 4339
3278 4668
3278 4914
3279 3691
3279 3771
3279 3775
3279 3909
3279 4151
3279 4947
3280 3631
3280 4467
3280 4539
3280 4663
3281 3518
3281 3896
3281 4200
3281 4263
3281 4326
3281 4334
3281 4654
3282 3311
3282 3408
3282 3419
3282 3424
3282 3455
3282 3869
3282 4084
3282 4820
3282 4889
3283 3344
3283 3527
3283 4663
3284 4031
3284 4216
3284 4618
3284 4631
3284 4710
3284 4733
3285 3368
3285 3491
3285 3814
3285 3846
3285 4009
3285 4057
3285 4620
3285 4681
3285 4809
3285 4961
3286 4149
3287 3559
3287 3928
3287 4254
3288 3312
3288 3874
3288 4005
3288 4351
3288 4360
3288 4599
3288 4717
3288 4960
3289 3578
3289 3969
3290 3550
3290 3565
3290 4135
3290 4378
3291 3310
3291 3418
3291 3894
3291 4215
3291 4472
3291 4530
3291 4971
3292 3348
3292 3602
3292 3693
3292 3789
3292 4691
3293 3361
3293 3721
3293 4198
3293 4339
3293 4557
3293 4737
3294 3541
3294 3633
3294 3888
3294 4818
3295 4177
3295 4596
3295 4626
3295 4643
3295 4689
3296 3503
3296 3553
3296 3879
3296 4346
3296 4351
3296 4805
3297 3715
3297 3749
3297 3843
3297 4025
3297 4032
3297 4410
3297 4457
3297 4792
3297 4972
3298 3332
3298 3590
3298 4084
3298 4231
3298 4533
3298 4963
3299 3537
3299 3960
3299 4118
3299 4147
3299 4816
3299 4854
3299 4903
3300 3968
3300 4061
3300 4374
3301 3673
3301 4230
3301 4326
3301 4499
3301 4612
3302 3831
3302 4428
3302 4503
3302 4512
3302 4822
3302 4824
3303 3403
3303 4286
3303 4598
3303 4762
3304 3981
3304 4704
3304 4707
3304 4954
3305 3900
3305 4520
3305 4975
3306 4069
3306 4240
3306 4523
3306 4799
3307 3971
3307 4153
3307 4373
3307 4726
3308 3334
3308 3505
3308 4156
3308 4421
3308 4434
3308 4942
3309 4782
3309 4827
3309 4905
3310 3471
3310 3761
3310 3968
3310 4094
3310 4166
3310 4558
3310 4791
3310 4922
3311 3822
3311 4066
3311 4095
3311 4544
3311 4680
3311 4736
3311 4737
3311 4780
3313 3916
3313 3968
3313 4069
3313 4460
3313 4475
3313 4498
3314 3487
3314 3753
3314 4320
3314 4513
3314 4606
3314 4705
3314 4750
3315 3756
3315 3983
3315 4309
3315 4609
3315 4778
3316 3428
3316 3528
3316 3550
3316 3854
3316 4072
3316 4240
3316 4241
3316 4280
3316 4547
3316 4616
3316 4704
3317 3461
3317 3957
3317 4006
3317 4749
3317 4961
3318 3346
3318 3487
3318 3695
3318 3937
3318 4068
3318 4170
3318 4503
3318 4515
3318 4535
3319 4306
3319 4591
3319 4692
3319 4730
3319 4791
3319 4797
3320 4102
3320 4222
3320 4314
3320 4456
3320 4831
3321 4180
3322 3645
3322 3875
3322 4479
3322 4484
3322 4633
3322 4637
3322 4756
3323 3424
3323 3925
3323 4821
3324 3343
3324 3678
3324 4567
3324 4745
3324 4850
3325 4190
3325 4367
3325 4379
3325 4950
3326 3727
3326 3787
3326 4418
3326 4880
3326 4890
3327 3411
3327 3785
3327 4320
3327 4786
3328 3690
3328 4129
3328 4353
3328 4575
3329 3670
3329 3760
3329 3913
3329 3962
3329 4358
3329 4738
3330 3952
3330 3997
3330 4339
3330 4395
3330 4901
3330 4964
3331 3443
3331 3936
3331 4198
3331 4509
3331 4514
3332 4386
3332 4420
3332 4994
3333 4117
3334 3419
3334 3473
3334 3487
3334 3834
3334 4005
3334 4219
3334 4394
3334 4474
3334 4622
3335 3877
3335 3880
3335 4243
3336 3351
3336 3432
3336 3631
3336 3805
3336 4138
3337 3706
3337 4101
3337 4326
3337 4469
3337 4485
3338 3378
3338 4124
3339 4416
3339 4488
3339 4575
3340 3417
3340 3718
3340 4049
3340 4355
3340 4357
3340 4845
3340 4876
3341 4314
3341 4684
3341 4879
3341 4903
3342 3431
3343 3550
3343 4036
3343 4552
3343 4674
3343 4873
3344 3994
3344 4540
3344 4724
3345 4052
3345 4081
3345 4101
3345 4484
3345 4689
3345 4789
3346 3786
3346 3976
3346 4258
3346 4495
3346 4751
3347 3651
3347 3996
3348 3828
3348 4273
3349 3440
3349 3910
3349 4172
3349 4737
3349 4871
3350 3513
3350 3568
3350 3615
3350 3930
3350 3990
3350 4157
3350 4928
3351 3480
3351 4501
3351 4940
3352 4547
3353 3510
3353 3576
3353 4434
3353 4587
3353 4814
3353 4825
3355 4241
3355 4888
3356 3685
3356 4903
3357 3415
3357 3865
3357 3895
3357 3921
3357 4366
3357 4422
3357 4702
3357 4721
3358 3612
3358 4300
3358 4365
3358 4697
3359 3372
3359 3725
3359 4554
3359 4830
3359 4900
3360 4115
3360 4579
3360 4868
3361 3389
3361 3408
3361 3753
3361 3929
3361 4533
3364 3515
3364 3647
3364 3669
3364 4691
3364 4760
3365 3722
3365 3926
3365 4649
3365 4747
3366 4479
3366 4560
3366 4857
3367 3467
3367 3755
3367 4265
3367 4393
3367 4584
3367 4600
3367 4622
3368 3529
3368 3624
3368 4821
3368 4880
3369 3540
3369 3732
3369 4073
3369 4103
3369 4999
3370 3471
3370 3657
3370 3810
3370 3966
3370 4621
3370 4853
3371 3478
3371 3815
3371 3873
3371 4400
3371 4451
3371 4681
3372 3464
3372 3636
3372 3904
3372 4202
3372 4843
3372 4876
3373 3489
3373 3894
3373 4189
3373 4796
3374 3388
3374 3464
3374 3790
3374 4174
3374 4442
3374 4620
3374 4969
3375 3741
3375 4437
3375 4519
3375 4652
3376 3518
3376 3544
3376 4018
3376 4036
3376 4227
3377 4055
3377 4145
3377 4229
3377 4370
3377 4690
3377 4835
3377 4926
3378 4325
3378 4505
3379 4029
3379 4307
3379 4322
3379 4519
3380 3599
3380 3629
3380 4597
3381 3571
3381 4026
3381 4264
3381 4478
3382 3604
3382 4137
3382 4236
3382 4637
3382 4669
3383 3977
3383 4291
3383 4686
3384 3478
3384 3638
3384 3875
3384 4668
3384 4804
3384 4817
3384 4878
3385 3657
3385 3702
3385 3970
3385 4337
3385 4379
3385 4539
3386 3801
3386 3906
3386 4125
3386 4385
3386 4534
3386 4729
3386 4762
3386 4921
3387 3748
3387 3802
3387 4144
3388 3785
3388 4263
3388 4499
3388 4676
3389 3832
3389 3912
3389 4303
3390 4028
3390 4127
3390 4816
3391 4186
3391 4525
3391 4791
3391 4810
3391 4855
3392 3680
3392 3994
3392 4192
3392 4237
3392 4821
3393 3523
3393 3632
3393 3982
3394 4221
3394 4318
3395 3825
3395 3836
3395 4539
3395 4697
3396 3554
3396 3599
3396 4924
3397 3593
3397 3980
3397 4742
3398 3919
3398 4184
3398 4536
3398 4910
3399 3517
3399 3758
3399 4036
3399 4469
3399 4994
3400 3421
3400 3955
3400 4016
3400 4166
3400 4735
3400 4960
3401 3530
3401 3616
3401 3833
3401 4218
3401 4449
3402 3491
3402 3618
3402 3767
3402 3968
3402 4158
3402 4461
3403 3473
3404 3515
3404 3848
3404 3932
3404 4205
3404 4402
3405 3413
3405 4629
3405 4733
3406 3490
3406 3993
3406 4830
3406 4858
3407 3441
3407 3819
3407 3924
3407 4220
3407 4339
3407 4437
3407 4439
3407 4650
3407 4801
3407 4987
3408 3787
3408 4192
3408 4410
3408 4547
3409 4135
3409 4457
3409 4527
3409 4725
3410 3458
3410 3558
3410 3894
3410 3921
3410 3989
3410 4475
3410 4868
3411 3438
3411 3811
3411 4028
3411 4401
3411 4837
3412 3507
3412 3802
3412 3998
3412 4153
3412 4379
3412 4625
3412 4760
3412 4863
3413 4636
3414 3599
3414 3785
3414 3797
3414 4528
3415 3938
3415 4393
3415 4535
3415 4870
3416 3454
3416 3785
3416 4384
3416 4506
3416 4673
3417 3640
3417 3699
3417 3757
3417 4761
3418 4022
3418 4655
3418 4780
3419 3527
3419 3551
3419 4134
3419 4373
3419 4422
3420 3512
3420 3704
3420 3815
3420 4493
3420 4534
3421 3555
3422 3752
3422 3754
3422 4317
3422 4735
3423 3500
3423 3548
3423 3752
3423 4388
3423 4644
3424 3447
3424 3740
3424 3860
3424 4116
3424 4387
3424 4729
3425 3497
3425 3936
3425 4562
3425 4677
3425 4786
3425 4951
3426 3570
3426 3621
3426 3735
3426 3800
3426 4257
3427 3661
3427 3749
3427 3760
3427 4135
3427 4256
3427 4756
3428 3777
3428 3790
3428 3875
3428 4078
3428 4536
3428 4685
3428 4791
3429 3657
3429 3739
3429 3751
3429 3784
3429 4859
3430 3435
3430 3588
3430 3789
3430 3811
3430 3814
3430 4092
3430 4490
3431 3481
3431 3744
3431 4056
3431 4469
3432 4560
3432 4624
3432 4738
3433 4145
3433 4185
3433 4263
3433 4394
3433 4549
3434 3460
3434 3714
3434 3893
3434 3959
3434 4111
3434 4281
3434 4428
3434 4787
3434 4986
3435 4052
3435 4680
3435 4919
3435 4979
3436 3556
3436 3661
3436 3852
3436 4285
3437 3490
3437 3612
3437 3659
3437 3890
3438 4156
3438 4331
3438 4350
3439 3868
3439 4009
3439 4895
3440 4755
3441 3513
3442 4059
3442 4875
3443 3570
3443 3999
3443 4096
3443 4152
3443 4916
3444 4130
3444 4548
3445 3565
3445 3688
3445 3897
3445 4734
3446 3965
3446 4288
3446 4439
3446 4766
3447 3972
3447 4638
3447 4665
3447 4727
3447 4934
3448 3496
3448 3584
3448 3656
3448 3801
3448 4244
3448 4408
3448 4672
3448 4918
3449 3827
3449 4265
3449 4625
3449 4676
3449 4716
3450 3551
3450 3711
3450 4745
3451 3596
3451 3873
3451 4022
3451 4199
3451 4316
3452 3494
3452 3747
3452 4317
3452 4336
3452 4575
3452 4643
3453 3577
3453 3861
3453 4003
3453 4244
3453 4319
3453 4482
3453 4541
3453 4906
3453 5000
3454 3511
3454 3552
3454 4058
3454 4427
3454 4489
3454 4506
3455 4026
3455 4127
3455 4226
3455 4760
3455 4812
3456 3634
3456 4184
3456 4240
3456 4434
3456 4914
3457 3573
3457 3708
3457 4259
3457 4556
3457 4883
3458 3470
3458 3700
3458 3922
3458 4300
3458 4462
3458 4843
3459 3478
3459 4187
3459 4979
3460 3917
3460 4007
3460 4259
3460 4295
3460 4337
3460 4680
3461 3718
3461 4056
3461 4166
3461 4559
3461 4753
3463 3534
3463 4632
3464 3900
3464 3992
3464 4020
3464 4681
3465 3685
3465 3796
3465 3824
3465 3831
3465 4090
3465 4115
3465 4350
3465 4726
3466 3821
3466 3858
3466 4275
3466 4446
3466 4673
3467 3657
3467 3980
3467 4055
3467 4612
3467 4659
3468 3596
3468 3612
3468 3832
3468 3985
3468 4243
3468 4548
3468 4891
3468 4962
3469 3511
3469 3530
3469 4412
3469 4563
3469 4801
3469 4823
3469 4863
3470 3507
3470 3585
3470 3661
3470 3965
3470 4187
3470 4411
3470 4556
3471 4209
3471 4305
3471 4718
3472 3502
3472 3533
3472 4091
3472 4505
3472 4786
3473 3861
3473 4038
3473 4770
3474 3753
3474 4201
3474 4886
3475 4096
3475 4184
3475 4331
3475 4781
3476 3558
3476 3613
3476 3821
3476 3914
3476 4056
3476 4145
3476 4884
3477 3631
3477 4179
3477 4246
3478 3602
3478 3709
3478 4214
3478 4731
3479 3578
3479 3925
3480 3825
3480 4444
3480 4628
3481 3558
3481 3998
3481 4467
3481 4629
3481 4878
3482 3623
3482 4828
3483 4001
3483 4482
3483 4708
3483 4844
3483 4908
3484 4377
3484 4845
3485 4347
3485 4854
3485 4948
3486 3549
3486 3617
3486 4068
3486 4597
3486 4721
3487 3751
3487 4277
3487 4316
3487 4820
3487 4862
3487 4980
3488 3609
3488 3816
3488 4324
3488 4386
3488 4907
3489 3673
3489 4164
3489 4181
3489 4269
3489 4821
3490 3528
3490 3789
3490 4264
3490 4725
3490 4766
3491 3675
3491 3719
3491 3993
3491 4239
3491 4328
3491 4788
3492 4234
3492 4589
3492 4896
3493 3970
3493 3985
3493 4100
3493 4463
3493 4603
3493 4723
3493 4831
3493 4833
3494 3691
3494 3756
3494 3887
3494 3967
3494 4985
3495 4149
3495 4294
3495 4782
3496 3576
3496 4139
3496 4185
3496 4198
3496 4976
3497 3686
3497 4225
3497 4912
3498 4197
3498 4906
3499 3710
3499 4081
3499 4351
3499 4616
3499 4867
3500 4085
3500 4230
3500 4248
3500 4493
3500 4540
3500 4605
3500 4933
3501 3675
3501 3770
3501 3850
3501 4385
3502 3819
3502 4804
3502 4847
3502 4859
3504 3763
3504 4063
3504 4294
3504 4604
3504 4687
3505 3655
3505 3755
3505 4000
3505 4192
3505 4452
3505 4469
3506 3780
3506 3802
3506 3803
3506 4197
3506 4321
3506 4338
3506 4408
3506 4984
3507 4701
3507 4800
3507 4949
3508 3729
3508 4475
3508 4722
3509 3947
3509 4031
3509 4218
3509 4467
3509 4515
3510 3915
3510 4103
3510 4341
3511 4096
3511 4735
3512 3541
3512 3597
3512 3801
3512 4252
3512 4456
3512 4969
3513 4517
3513 4811
3513 4826
3514 3857
3514 3862
3514 4062
3514 4259
3514 4262
3514 4417
3514 4594
3514 4750
3514 4783
3515 3903
3515 4297
3516 3824
3516 3846
3516 4230
3516 4238
3516 4404
3516 4557
3516 4794
3517 3903
3517 3966
3517 4123
3517 4281
3517 4318
3517 4450
3517 4550
3517 4834
3517 4983
3518 3806
3518 4289
3518 4320
3518 4496
3518 4788
3519 3697
3519 3774
3519 4002
3519 4216
3519 4288
3519 4577
3519 4904
3519 4915
3520 3731
3520 3803
3520 4127
3520 4255
3520 4633
3520 4689
3520 4906
3520 4999
3521 4076
3521 4405
3521 4875
3522 3692
3522 4400
3522 4534
3522 4880
3523 4921
3524 3745
3524 4228
3524 4511
3524 4707
3525 3532
3525 3798
3525 3835
3525 4449
3525 4764
3526 3976
3526 4516
3526 4567
3527 4069
3527 4248
3527 4749
3527 4813
3528 4121
3528 4461
3528 4611
3529 3685
3529 3835
3529 3895
3529 3922
3529 4594
3529 4954
3531 3797
3531 4158
3531 4340
3532 4625
3532 4663
3533 3594
3533 3910
3533 4022
3533 4226
3533 4272
3533 4559
3534 4116
3534 4816
3535 3630
3535 3637
3535 3899
3535 4250
3535 4615
3535 4918
3536 4284
3536 4603
3537 3576
3537 4296
3537 4421
3537 4761
3538 3647
3538 4077
3538 4095
3538 4660
3538 4810
3538 4811
3538 4993
3539 3896
3539 4678
3540 3811
3540 3876
3540 4049
3540 4115
3540 4155
3540 4412
3540 4415
3540 4482
3540 4515
3540 4612
3540 4718
3541 3678
3541 4179
3541 4206
3541 4351
3541 4353
3541 4391
3541 4513
3541 4552
3541 4695
3541 4736
3541 4875
3541 4912
3541 4922
3541 4957
3542 3737
3542 4530
3542 4796
3542 4945
3543 3948
3543 3981
3544 3730
3544 3755
3544 3805
3544 3971
3544 4602
3544 4942
3545 3884
3545 4021
3545 4066
3545 4210
3545 4667
3545 4959
3546 3760
3546 3873
3546 3989
3546 4495
3546 4547
3546 4655
3546 4665
3546 4827
3546 4857
3547 3639
3547 4458
3548 3629
3548 3774
3548 4737
3548 4912
3549 3620
3549 3873
3549 4123
3549 4774
3550 4197
3550 4611
3551 4995
3552 4095
3552 4157
3552 4856
3553 3802
3553 3863
3553 4216
3553 4378
3553 4776
3554 3803
3554 3839
3554 3885
3554 4969
3555 3632
3555 4133
3555 4811
3556 3779
3556 4029
3556 4192
3556 4420
3556 4495
3556 4528
3556 4784
3557 4359
3557 4386
3557 4549
3557 4634
3557 4719
3557 4784
3557 4859
3558 3689
3558 3880
3558 3926
3558 4174
3558 4565
3558 4753
3558 4765
3558 4851
3558 4957
3559 3683
3559 4202
3559 4491
3559 4581
3559 4781
3560 3883
3560 4124
3561 3963
3561 4002
3561 4242
3561 4379
3561 4606
3561 4796
3561 4942
3562 3651
3562 4212
3562 4987
3562 4992
3563 3755
3563 4729
3563 4731
3564 3688
3564 3888
3564 3934
3564 4215
3564 4257
3564 4317
3564 4449
3565 3714
3565 4069
3565 4206
3565 4411
3565 4501
3565 4716
3565 4735
3566 3679
3566 3715
3566 3738
3566 4177
3566 4284
3566 4448
3567 3672
3567 4320
3567 4479
3567 4668
3568 3747
3568 4304
3568 4369
3569 3823
3569 4205
3569 4208
3569 4276
3569 4664
3570 4308
3570 4456
3571 4474
3571 4534
3572 4408
3572 4608
3572 4818
3572 4970
3573 3582
3573 3788
3573 3993
3573 4625
3573 4981
3574 3607
3574 3623
3574 4118
3574 4327
3574 4635
3574 4826
3575 3707
3575 4619
3575 4772
3576 3595
3576 3974
3576 4070
3576 4174
3576 4290
3576 4517
3576 4581
3576 4596
3577 3700
3577 3916
3577 4015
3577 4158
3577 4519
3578 4277
3578 4435
3579 4020
3580 3761
3580 3834
3580 4257
3580 4864
3580 4921
3581 3781
3582 3663
3582 3899
3582 4351
3582 4522
3582 4667
3582 4734
3582 4826
3583 4099
3583 4608
3583 4727
3585 3656
3585 3802
3585 4813
3585 4931
3586 3725
3586 3965
3586 4384
3586 4428
3587 4679
3588 3729
3588 3977
3588 4233
3589 3657
3589 4067
3589 4189
3589 4949
3590 3778
3590 4881
3591 3997
3591 4663
3591 4676
3592 3772
3592 3921
3592 4398
3592 4473
3593 4161
3594 4076
3594 4259
3594 4287
3594 4827
3595 3978
3595 4011
3595 4367
3595 4766
3596 3967
3596 4016
3596 4463
3597 3641
3597 4795
3597 4986
3598 3932
3598 4172
3598 4493
3599 4386
3599 4388
3599 4825
3600 4539
3600 4749
3601 4317
3601 4653
3602 3652
3602 3896
3602 4052
3602 4674
3602 4796
3603 3721
3603 4246
3604 3778
3604 4000
3604 4006
3605 3769
3605 3974
3605 3983
3605 4108
3605 4490
3605 4809
3606 3772
3606 3903
3606 4538
3606 4575
3606 4781
3607 3629
3607 4120
3607 4682
3607 4718
3607 4821
3607 4991
3608 4449
3608 4871
3609 3665
3609 3675
3609 4171
3609 4267
3609 4449
3609 4549
3610 4362
3610 4592
3610 4677
3610 4852
3610 4964
3610 4976
3610 4998
3611 3644
3611 3768
3611 3927
3611 4270
3611 4330
3611 4898
3612 3686
3612 4192
3613 3685
3613 4045
3613 4801
3613 4905
3614 4178
3614 4327
3614 4538
3615 3688
3615 3948
3615 4051
3616 4007
3616 4149
3616 4262
3616 4457
3617 3798
3617 4901
3618 3692
3618 4229
3618 4548
3618 4843
3619 3880
3619 4191
3619 4321
3620 4637
3621 4057
3621 4240
3621 4338
3621 4465
3622 3763
3622 4034
3622 4407
3622 4890
3623 4058
3623 4148
3624 4491
3625 3644
3625 3771
3625 4182
3625 4343
3625 4596
3626 3824
3626 3874
3626 3975
3627 4483
3628 3859
3628 4000
3628 4387
3628 4713
3628 4752
3628 4912
3629 3922
3629 4072
3629 4177
3629 4418
3629 4548
3629 4894
3630 3922
3630 3974
3630 3993
3630 4169
3630 4509
3630 4640
3630 4674
3631 4483
3631 4516
3631 4978
3632 4062
3632 4228
3632 4756
3633 3954
3633 4242
3633 4582
3633 4757
3633 4762
3633 4817
3634 4125
3634 4300
3634 4418
3634 4700
3634 4947
3635 3641
3635 3657
3635 3967
3635 3983
3635 4143
3635 4377
3636 3741
3636 3809
3636 3879
3636 4375
3636 4416
3636 4571
3636 4745
3637 4190
3637 4307
3637 4783
3637 4925
3638 3747
3638 3780
3638 4206
3638 4408
3638 4694
3638 4935
3639 4728
3639 4860
3640 4414
3640 4470
3641 3834
3641 4132
3641 4434
3642 3650
3642 3757
3642 4773
3643 4657
3643 4974
3644 4180
3644 4509
3644 4921
3645 4313
3645 4785
3645 4871
3646 3657
3646 4568
3647 3730
3647 3891
3647 4469
3647 4959
3648 3852
3648 4887
3649 4128
3649 4362
3649 4447
3649 4454
3649 4516
3649 4775
3650 3661
3650 3773
3650 4483
3650 4860
3651 4439
3651 4488
3652 3728
3652 4250
3652 4558
3652 4715
3652 4844
3652 4858
3653 3783
3653 3945
3653 4374
3653 4506
3654 3856
3654 3947
3654 3972
3654 4665
3655 4272
3655 4836
3655 4859
3655 4916
3656 4092
3656 4380
3656 4799
3656 4917
3656 4943
3657 4276
3657 4446
3658 3693
3658 3929
3658 3997
3658 4379
3658 4529
3658 4531
3658 4625
3658 4833
3659 3905
3659 4291
3659 4804
3659 4963
3660 3817
3660 4224
3660 4938
3661 3817
3661 4041
3661 4184
3661 4581
3661 4647
3661 4805
3662 4104
3662 4182
3662 4187
3662 4258
3662 4283
3662 4525
3662 4608
3664 4106
3664 4659
3664 4836
3664 4860
3665 3773
3665 4648
3665 4753
3665 4834
3665 4950
3666 3878
3666 4135
3666 4442
3666 4545
3666 4605
3666 4959
3667 4244
3667 4349
3667 4692
3668 3669
3668 4140
3668 4477
3668 4563
3668 4841
3669 3910
3669 4374
3669 4506
3670 3772
3670 3822
3670 3893
3670 3993
3670 4072
3670 4702
3671 4198
3671 4237
3671 4260
3671 4435
3671 4461
3671 4522
3672 3934
3672 4155
3672 4687
3672 4860
3673 4448
3673 4603
3673 4989
3675 4046
3675 4564
3675 4710
3676 4390
3676 4561
3676 4808
3677 3799
3677 3836
3677 3924
3677 3934
3677 4053
3677 4255
3677 4286
3677 4463
3677 4634
3677 4873
3678 3878
3678 4803
3679 3941
3679 4581
3679 4600
3679 4678
3679 4888
3679 4980
3680 3747
3680 3887
3680 4155
3680 4587
3680 4622
3680 4634
3680 4890
3681 3843
3681 4284
3681 4586
3681 4645
3682 3946
3682 4817
3682 4851
3683 3708
3683 4253
3683 4552
3683 4692
3684 3999
3684 4005
3685 3695
3685 4338
3685 4424
3685 4553
3685 4590
3685 4883
3686 4685
3687 3814
3687 4380
3687 4531
3688 4501
3688 4921
3689 4011
3689 4466
3689 4598
3690 4155
3690 4246
3690 4779
3690 4894
3690 4977
3691 3882
3691 3958
3691 4296
3691 4384
3691 4545
3692 3736
3692 4074
3692 4306
3692 4327
3692 4415
3692 4482
3692 4706
3693 3709
3693 4054
3693 4057
3693 4243
3694 3796
3694 4197
3695 3709
3696 3772
3696 4028
3696 4107
3696 4232
3696 4840
3696 4978
3697 3906
3697 4444
3697 4745
3697 4902
3697 4957
3698 4070
3698 4669
3698 4740
3698 4755
3699 3941
3699 4193
3699 4808
3700 4212
3700 4241
3701 3837
3701 3998
3701 4180
3701 4628
3701 4650
3701 4665
3701 4667
3701 4712
3702 4140
3702 4664
3702 4912
3703 3768
3703 3822
3703 4574
3703 4651
3703 4697
3704 3767
3704 3796
3704 3884
3705 3953
3707 4070
3707 4242
3707 4743
3707 4768
3707 4936
3707 4958
3708 3870
3709 4276
3709 4538
3709 4631
3709 4655
3709 4893
3710 3739
3710 3807
3710 3849
3710 3961
3710 4246
3710 4691
3710 4948
3711 4165
3711 4500
3712 3941
3712 4595
3712 4639
3712 4867
3713 3831
3713 3894
3713 4202
3713 4357
3713 4650
3714 4017
3715 3998
3715 4713
3715 4789
3716 3831
3716 4357
3716 4852
3717 4788
3718 4199
3718 4626
3718 4979
3719 4900
3720 4433
3720 4565
3720 4922
3721 4671
3721 4840
3722 4166
3722 4180
3722 4293
3722 4681
3723 4336
3723 4455
3723 4747
3724 3986
3724 4088
3724 4301
3724 4409
3724 4941
3725 3964
3726 4202
3726 4383
3726 4426
3726 4611
3726 4617
3727 4170
3727 4622
3727 4765
3727 4864
3727 4936
3727 4947
3728 3841
3728 4045
3728 4293
3728 4940
3729 3892
3729 3937
3729 4130
3729 4167
3729 4227
3729 4489
3730 4284
3731 4530
3731 4829
3732 3827
3732 4451
3732 4472
3732 4619
3732 4676
3732 4960
3733 3927
3733 3941
3733 4713
3733 4888
3734 3874
3734 3995
3734 4045
3734 4236
3734 4605
3734 4701
3735 4274
3735 4494
3735 4495
3735 4624
3736 3787
3736 4976
3737 3827
3737 4345
3737 4475
3737 4817
3738 3939
3738 4034
3738 4452
3738 4557
3738 4853
3738 4934
3739 4357
3739 4508
3740 3970
3740 4056
3740 4392
3740 4747
3741 3918
3741 4116
3742 3965
3742 3996
3742 4564
3742 4822
3743 3864
3743 4020
3743 4200
3743 4259
3743 4301
3743 4325
3743 4547
3743 4553
3743 4680
3744 3924
3744 4031
3744 4430
3744 4917
3745 3857
3745 3937
3745 4261
3745 4341
3745 4939
3746 3770
3746 3902
3746 4530
3746 4564
3746 4658
3747 3785
3747 3934
3747 4281
3747 4712
3748 3918
3748 4112
3748 4269
3749 3779
3749 4233
3750 3808
3750 4377
3751 3814
3751 3910
3751 4381
3751 4526
3751 4697
3752 3930
3752 4063
3752 4456
3752 4825
3752 4916
3753 3798
3753 4020
3753 4176
3753 4258
3753 4304
3753 4477
3753 4783
3753 4790
3753 4945
3754 4566
3754 4678
3755 3916
3755 4593
3755 4783
3755 4871
3756 4280
3756 4483
3756 4999
3757 3783
3757 3890
3757 3992
3757 4191
3757 4237
3757 4713
3757 4920
3758 3806
3758 3985
3758 4118
3758 4299
3758 4827
3759 3861
3759 4475
3759 4720
3760 4014
3760 4120
3760 4185
3760 4788
3761 3917
3762 3981
3762 4180
3762 4235
3762 4498
3762 4730
3763 3804
3763 3943
3763 4202
3763 4678
3764 3897
3764 3911
3764 4035
3764 4579
3765 3947
3765 4248
3766 4234
3766 4391
3766 4522
3767 3830
3767 4511
3767 4744
3768 4831
3769 4603
3769 4678
3769 4890
3770 4055
3770 4255
3771 4041
3772 4059
3772 4603
3772 4742
3773 4195
3773 4274
3773 4484
3773 4536
3773 4735
3774 4002
3774 4021
3774 4423
3774 4632
3775 3919
3775 3951
3775 4152
3775 4331
3776 4208
3776 4614
3776 4663
3777 4629
3778 3900
3778 4094
3778 4221
3778 4568
3778 4672
3778 4746
3779 3892
3779 4871
3780 4173
3780 4368
3780 4894
3781 3980
3781 4810
3782 3887
3782 3958
3782 4175
3782 4279
3782 4609
3782 4916
3783 4079
3783 4122
3783 4257
3783 4949
3784 4055
3784 4806
3784 4945
3785 3955
3785 4608
3785 4915
3786 4247
3786 4566
3786 4895
3786 4923
3787 3911
3788 4298
3788 4461
3788 4983
3789 3816
3789 3982
3789 4867
3790 3975
3790 4180
3790 4393
3790 4431
3790 4514
3791 3977
3791 4201
3791 4355
3791 4491
3791 4762
3791 4949
3792 4139
3792 4390
3793 4573
3793 4955
3794 4012
3794 4215
3794 4316
3794 4530
3794 4649
3794 4726
3794 4785
3795 3983
3795 4151
3795 4603
3795 4673
3795 4730
3795 4856
3795 4971
3796 4333
3797 4618
3797 4877
3797 4976
3798 4411
3798 4669
3798 4793
3798 4886
3798 4961
3798 4989
3799 4112
3799 4153
3799 4626
3800 3952
3800 4138
3800 4896
3801 3853
3801 3952
3802 4204
3802 4272
3802 4291
3802 4860
3803 4064
3803 4295
3803 4305
3803 4693
3804 3826
3804 4155
3804 4609
3805 4381
3805 4617
3805 4683
3805 4693
3805 4884
3806 4902
3807 4150
3808 3862
3808 4058
3808 4183
3808 4665
3808 4869
3809 3955
3809 4621
3809 4876
3810 4034
3810 4384
3810 4588
3811 3920
3811 4570
3812 4105
3812 4588
3812 4758
3812 4933
3813 3837
3813 4265
3813 4383
3813 4556
3813 4977
3814 3837
3814 4165
3815 3854
3815 3877
3815 4042
3815 4594
3815 4831
3816 4890
3817 4186
3817 4626
3817 4693
3817 4752
3817 4815
3817 4833
3818 4330
3819 3884
3819 3901
3819 4114
3819 4192
3819 4442
3819 4472
3819 4667
3820 3920
3820 4084
3820 4239
3821 4565
3822 3930
3823 3833
3823 4260
3823 4464
3823 4740
3824 3958
3824 4016
3824 4028
3824 4277
3824 4311
3824 4799
3825 3910
3825 3999
3825 4014
3825 4016
3825 4032
3825 4511
3826 4833
3827 4777
3827 4923
3828 3902
3828 4001
3828 4449
3828 4694
3829 4188
3829 4320
3829 4521
3829 4895
3830 3950
3830 4054
3830 4099
3831 4619
3831 4622
3831 4708
3831 4913
3831 4982
3832 4057
3832 4629
3833 4263
3834 4022
3836 4694
3836 4793
3837 4055
3837 4158
3837 4476
3837 4516
3837 4628
3837 4700
3837 4707
3837 4779
3837 4815
3838 4375
3838 4855
3839 4009
3839 4097
3839 4701
3839 4895
3840 3888
3840 4224
3840 4443
3840 4524
3840 4595
3841 3907
3841 3969
3841 4028
3841 4036
3841 4290
3842 4061
3842 4385
3842 4852
3843 4467
3843 4739
3843 4740
3844 3919
3844 4693
3845 4317
3845 4411
3845 4597
3845 4844
3846 4137
3846 4607
3847 3877
3847 4082
3848 3862
3848 4500
3848 4512
3849 3870
3849 3895
3849 4094
3850 4167
3850 4816
3850 4833
3850 4990
3851 4267
3851 4587
3851 4640
3851 4847
3851 4877
3852 4207
3852 4354
3853 3949
3853 3963
3853 4123
3853 4629
3853 4879
3854 4823
3855 3997
3855 4116
3855 4247
3855 4285
3855 4533
3855 4643
3855 4747
3856 3938
3856 4564
3856 4725
3856 4741
3857 3915
3857 3984
3857 4331
3857 4365
3857 4456
3857 4811
3858 4632
3858 4792
3859 3972
3859 4626
3859 4639
3860 3866
3860 3902
3860 4004
3860 4148
3860 4804
3862 4200
3862 4243
3862 4550
3862 4607
3863 3929
3863 4081
3863 4229
3863 4444
3863 4492
3864 3901
3864 4138
3864 4479
3865 4142
3865 4233
3865 4845
3865 4931
3866 3994
3866 4129
3866 4628
3866 4848
3867 4758
3867 4820
3867 4896
3868 3879
3868 3910
3868 4784
3869 4118
3869 4839
3870 4945
3871 4317
3871 4437
3871 4615
3872 4854
3873 3966
3873 4195
3873 4370
3873 4647
3874 3955
3874 4021
3874 4295
3874 4299
3875 4021
3875 4280
3875 4407
3875 4647
3876 4009
3876 4865
3876 4992
3877 4319
3877 4372
3878 3922
3878 4219
3878 4694
3879 3974
3879 4134
3879 4663
3880 4079
3880 4929
3880 4955
3881 4239
3881 4244
3881 4949
3882 3884
3883 4708
3884 4054
3884 4135
3884 4153
3884 4426
3884 4654
3884 4884
3885 4178
3885 4718
3885 4917
3886 3904
3886 3978
3886 4196
3886 4844
3887 4232
3888 3992
3888 4172
3888 4369
3888 4758
3889 3980
3889 4810
3889 4954
3890 4956
3891 4056
3891 4486
3892 4061
3892 4326
3892 4475
3893 3926
3893 4126
3893 4136
3893 4462
3893 4611
3893 4729
3893 4996
3894 4190
3894 4356
3895 3952
3895 3994
3895 4047
3895 4756
3896 3979
3896 4064
3896 4283
3896 4315
3896 4426
3896 4604
3896 4633
3896 4870
3897 3905
3898 4130
3898 4346
3898 4635
3899 4283
3899 4372
3899 4621
3899 4690
3899 4724
3899 4978
3900 3910
3900 4342
3900 4572
3900 4951
3901 4242
3901 4436
3901 4569
3902 4928
3903 4089
3903 4264
3904 3909
3904 4304
3904 4753
3905 4306
3906 4256
3906 4587
3906 4802
3907 4305
3907 4932
3907 4972
3908 3989
3908 4279
3908 4340
3908 4714
3909 3944
3909 4097
3909 4935
3910 3915
3911 4043
3911 4046
3911 4154
3912 4351
3913 3998
3913 4241
3913 4327
3913 4565
3913 4648
3913 4761
3913 4952
3914 4152
3914 4256
3914 4853
3914 4907
3914 4967
3915 3973
3915 4509
3915 4638
3916 4225
3916 4810
3917 4142
3917 4618
3917 4797
3918 4077
3918 4139
3918 4433
3918 4780
3918 4982
3919 4065
3919 4606
3920 4263
3920 4441
3920 4970
3921 4801
3923 4083
3923 4911
3924 4263
3925 4102
3925 4261
3926 3987
3926 4280
3926 4921
3927 4114
3927 4354
3927 4464
3927 4741
3927 4930
3928 4740
3928 4831
3928 4872
3929 4393
3929 4491
3929 4658
3929 4713
3929 4900
3930 4438
3931 4328
3931 4428
3931 4445
3931 4778
3931 4933
3932 4073
3932 4478
3932 4669
3932 4932
3933 4998
3934 4680
3935 4721
3936 4193
3936 4521
3937 4071
3937 4509
3937 4610
3937 4617
3937 4867
3937 4884
3938 4136
3938 4334
3938 4536
3938 4667
3938 4805
3938 4828
3939 4763
3939 4924
3940 4515
3941 4337
3941 4926
3942 4176
3942 4803
3943 4487
3943 4948
3944 4540
3944 4962
3945 4261
3945 4291
3945 4506
3945 4635
3945 4695
3946 4011
3946 4278
3947 3956
3947 4266
3947 4665
3947 4897
3948 4325
3948 4985
3949 4061
3950 4451
3950 4553
3951 4176
3951 4177
3951 4191
3952 4620
3952 4723
3952 4806
3953 4293
3953 4567
3953 4575
3953 4784
3954 3990
3954 4422
3955 4063
3955 4478
3955 4996
3956 3970
3956 4161
3956 4319
3956 4542
3956 4670
3956 4878
3958 4221
3958 4504
3958 4595
3958 4642
3958 4947
3959 4232
3959 4297
3960 4046
3960 4385
3960 4754
3960 4876
3960 4999
3961 3996
3961 4210
3961 4341
3962 4583
3962 4613
3963 4113
3963 4462
3964 4232
3965 4196
3965 4972
3965 4976
3966 4569
3967 4361
3967 4593
3967 4640
3967 4731
3967 4886
3968 4138
3968 4437
3969 3992
3969 4214
3969 4808
3970 4093
3970 4202
3970 4243
3970 4244
3970 4406
3971 4584
3971 4758
3971 4897
3971 4970
3972 3981
3972 4015
3972 4105
3972 4471
3972 4514
3972 4561
3972 4734
3973 4306
3973 4547
3973 4874
3974 4440
3974 4465
3974 4772
3974 4811
3975 4072
3976 4022
3976 4536
3977 4873
3978 4405
3978 4781
3979 4827
3980 4317
3980 4416
3980 4441
3980 4464
3980 4611
3980 4675
3981 4108
3981 4919
3982 4340
3982 4381
3982 4824
3982 4837
3982 4844
3983 4149
3983 4403
3983 4848
3983 4913
3984 4740
3984 4753
3985 4137
3985 4196
3986 4278
3986 4415
3986 4613
3986 4922
3986 4951
3987 4128
3987 4297
3987 4484
3988 4145
3988 4312
3989 4012
3989 4329
3989 4614
3989 4776
3989 4916
3990 4150
3990 4210
3990 4705
3990 4741
3990 4797
3990 4864
3991 4632
3991 4996
3992 4785
3992 4934
3993 4408
3994 4140
3994 4282
3994 4311
3994 4658
3994 4790
3995 4358
3995 4985
3996 4557
3996 4769
3997 4890
3998 4041
3998 4696
3998 4831
3999 4558
3999 4650
4000 4681
4000 4719
4000 4951
4001 4167
4001 4567
4003 4135
4003 4773
4004 4068
4004 4690
4004 4846
4004 4908
4005 4176
4005 4808
4006 4026
4006 4651
4006 4854
4007 4562
4007 4631
4007 4821
4008 4183
4008 4621
4008 4791
4009 4214
4009 4273
4009 4693
4010 4016
4010 4396
4010 4732
4010 4748
4011 4233
4011 4894
4012 4106
4012 4170
4012 4494
4012 4521
4012 4744
4013 4421
4013 4454
4013 4498
4013 4520
4013 4584
4013 4692
4014 4590
4015 4372
4015 4733
4015 4740
4015 4811
4015 4858
4016 4473
4017 4227
4018 4269
4018 4407
4018 4912
4019 4580
4019 4910
4020 4248
4020 4544
4020 4649
4020 4836
4021 4080
4021 4773
4021 4896
4022 4142
4024 4084
4024 4121
4024 4418
4024 4891
4024 4945
4024 4991
4025 4693
4025 4928
4026 4077
4026 4158
4026 4484
4026 4519
4027 4067
4027 4125
4027 4143
4027 4675
4027 4718
4027 4766
4029 4043
4029 4496
4029 4666
4029 4765
4029 4820
4029 4954
4030 4403
4030 4481
4030 4513
4030 4521
4030 4577
4030 4586
4030 4607
4030 4860
4030 4887
4032 4177
4032 4423
4032 4437
4032 4652
4032 4665
4033 4075
4033 4185
4033 4635
4033 4671
4034 4452
4034 4687
4035 4109
4035 4181
4035 4414
4035 4737
4035 4939
4036 4222
4037 4991
4038 4380
4038 4393
4038 4492
4038 4923
4038 4931
4039 4213
4039 4657
4040 4108
4040 4523
4041 4421
4041 4620
4041 4776
4041 4888
4041 4968
4042 4066
4042 4243
4042 4359
4042 4367
4043 4197
4043 4433
4044 4054
4044 4323
4044 4585
4044 4674
4045 4268
4045 4311
4045 4900
4046 4308
4046 4328
4046 4885
4047 4172
4047 4394
4047 4410
4048 4439
4048 4458
4048 4544
4049 4680
4049 4895
4049 4980
4050 4285
4050 4679
4050 4982
4051 4549
4051 4909
4052 4180
4052 4834
4052 4926
4053 4071
4054 4219
4054 4708
4054 4769
4055 4339
4056 4341
4056 4600
4056 4888
4057 4074
4057 4280
4057 4667
4057 4841
4057 4943
4058 4950
4059 4210
4059 4258
4059 4307
4059 4707
4059 4756
4059 4797
4060 4218
4060 4764
4061 4085
4061 4233
4062 4561
4062 4697
4062 4785
4062 4876
4063 4583
4063 4599
4063 4993
4064 4558
4065 4367
4065 4399
4066 4276
4066 4637
4067 4371
4067 4716
4068 4105
4068 4179
4068 4982
4069 4070
4069 4145
4069 4440
4069 4443
4069 4476
4069 4761
4070 4745
4070 4984
4071 4213
4071 4668
4071 4776
4071 4829
4071 4849
4072 4308
4072 4374
4072 4921
4072 4977
4073 4305
4073 4641
4073 4795
4073 4838
4074 4205
4074 4425
4074 4695
4074 4758
4074 4825
4075 4111
4075 4402
4075 4611
4075 4692
4076 4275
4076 4302
4076 4887
4077 4528
4078 4139
4078 4530
4078 4718
4079 4357
4079 4651
4079 4716
4079 4749
4080 4085
4080 4305
4080 4545
4080 4868
4080 4874
4081 4133
4081 4621
4081 4649
4081 4893
4081 4910
4082 4125
4082 4786
4083 4141
4083 4185
4083 4574
4083 4682
4083 4899
4084 4513
4084 4878
4085 4545
4085 4940
4086 4220
4086 4249
4086 4458
4086 4739
4087 4412
4087 4624
4088 4619
4089 4093
4089 4149
4089 4262
4089 4483
4089 4525
4090 4738
4091 4181
4091 4590
4091 4772
4091 4811
4091 4982
4091 4998
4092 4117
4092 4767
4093 4392
4093 4726
4093 4770
4094 4170
4094 4939
4095 4226
4095 4462
4095 4619
4095 4623
4096 4113
4096 4150
4096 4381
4096 4639
4097 4827
4098 4698
4098 4731
4099 4328
4099 4612
4101 4130
4101 4866
4101 4945
4102 4741
4103 4911
4104 4119
4104 4187
4105 4141
4105 4520
4106 4770
4107 4430
4107 4585
4108 4575
4108 4986
4110 4127
4110 4439
4110 4709
4110 4907
4111 4448
4111 4966
4112 4333
4112 4680
4113 4273
4113 4410
4113 4464
4113 4512
4113 4650
4113 4888
4113 4893
4113 4963
4114 4200
4114 4310
4114 4566
4114 4625
4115 4337
4116 4193
4117 4336
4117 4350
4117 4631
4117 4842
4117 4882
4118 4231
4118 4303
4118 4564
4119 4345
4119 4346
4119 4720
4120 4312
4120 4936
4122 4471
4122 4899
4123 4351
4123 4886
4125 4309
4125 4497
4125 4768
4125 4802
4125 4832
4125 4956
4125 4962
4126 4347
4126 4932
4126 4968
4127 4754
4127 4789
4127 4808
4128 4310
4128 4618
4129 4351
4129 4917
4130 4374
4130 4534
4130 4597
4130 4737
4131 4441
4131 4456
4131 4755
4132 4332
4132 4347
4132 4988
4133 4264
4133 4492
4133 4781
4135 4279
4135 4381
4136 4443
4136 4467
4136 4509
4136 4638
4136 4665
4137 4140
4138 4402
4139 4161
4139 4556
4139 4857
4140 4177
4140 4386
4140 4764
4141 4260
4141 4904
4141 4967
4142 4235
4142 4610
4142 4714
4142 4827
4142 4837
4143 4379
4143 4643
4143 4664
4143 4884
4144 4273
4145 4316
4145 4569
4145 4711
4145 4857
4146 4339
4147 4416
4147 4426
4147 4917
4149 4174
4149 4707
4149 4861
4150 4218
4150 4420
4150 4478
4150 4557
4151 4430
4151 4808
4151 4816
4152 4708
4153 4444
4153 4776
4154 4394
4154 4609
4154 4666
4154 4873
4154 4997
4155 4168
4155 4172
4155 4930
4156 4193
4157 4209
4157 4333
4157 4355
4157 4646
4157 4681
4157 4950
4158 4323
4159 4424
4159 4686
4159 4866
4160 4269
4160 4922
4160 4970
4161 4279
4161 4352
4161 4421
4161 4734
4161 4745
4162 4543
4162 4618
4162 4636
4162 4718
4162 4998
4163 4474
4164 4706
4166 4248
4166 4589
4166 4664
4166 4806
4166 4888
4167 4409
4167 4410
4167 4704
4167 4719
4167 4742
4168 4306
4168 4625
4168 4905
4169 4344
4169 4522
4169 4533
4169 4942
4171 4438
4171 4699
4172 4807
4172 4949
4172 4980
4173 4466
4173 4540
4173 4634
4173 4881
4174 4733
4174 4817
4175 4206
4175 4233
4175 4584
4176 4531
4176 4841
4177 4273
4177 4293
4177 4504
4177 4574
4177 4594
4177 4934
4178 4296
4178 4457
4179 4554
4179 4938
4180 4493
4180 4683
4180 4777
4181 4391
4181 4632
4181 4681
4181 4819
4182 4189
4182 4521
4183 4390
4183 4435
4183 4732
4183 4777
4184 4423
4185 4326
4185 4364
4186 4225
4188 4485
4188 4861
4188 4896
4189 4216
4190 4521
4190 4728
4190 4853
4191 4669
4191 4873
4191 4910
4192 4520
4192 4976
4193 4246
4193 4886
4193 4993
4194 4570
4195 4740
4195 4770
4195 4897
4196 4411
4197 4706
4197 4734
4197 4845
4198 4372
4198 4636
4199 4224
4199 4252
4199 4266
4199 4503
4200 4259
4200 4309
4200 4782
4200 4951
4201 4605
4201 4960
4202 4319
4202 4339
4202 4413
4202 4653
4203 4625
4203 4809
4204 4603
4205 4987
4206 4290
4206 4474
4206 4927
4207 4375
4207 4393
4209 4211
4209 4702
4209 4992
4210 4250
4211 4330
4211 4541
4211 4868
4212 4426
4212 4495
4212 4504
4212 4535
4212 4909
4213 4427
4214 4788
4215 4483
4215 4540
4216 4409
4216 4842
4216 4997
4217 4575
4217 4610
4217 4668
4217 4821
4217 4846
4217 4890
4218 4702
4218 4777
4218 4793
4218 4829
4219 4369
4219 4370
4219 4460
4219 4576
4220 4325
4220 4647
4221 4235
4222 4505
4222 4856
4223 4352
4223 4498
4223 4545
4224 4330
4224 4917
4224 4998
4225 4304
4225 4470
4225 4692
4225 4704
4226 4262
4226 4387
4226 4695
4226 4922
4227 4307
4227 4447
4227 4477
4227 4490
4227 4501
4228 4441
4228 4546
4228 4590
4228 4713
4228 4734
4228 4826
4229 4298
4230 4388
4230 4580
4231 4727
4231 4840
4231 4856
4233 4237
4233 4459
4233 4997
4234 4351
4234 4539
4234 4571
4235 4533
4235 4724
4236 4386
4236 4403
4236 4510
4236 4824
4236 4929
4237 4444
4237 4491
4237 4699
4237 4854
4237 4970
4238 4530
4238 4760
4239 4381
4239 4799
4239 4960
4240 4324
4242 4576
4242 4596
4243 4651
4244 4397
4245 4304
4245 4673
4246 4304
4246 4596
4246 5000
4247 4478
4247 4711
4248 4381
4248 4432
4248 4528
4249 4377
4249 4434
4250 4606
4250 4975
4251 4834
4252 4269
4253 4384
4253 4577
4254 4350
4254 4759
4255 4482
4255 4498
4256 4388
4257 4522
4257 4951
4258 4996
4259 4351
4259 4968
4260 4332
4260 4488
4260 4583
4260 4765
4260 4820
4260 4879
4261 4857
4261 4938
4262 4662
4262 4787
4263 4449
4264 4476
4265 4676
4265 4727
4265 4874
4266 4272
4266 4446
4266 4849
4267 4761
4268 4826
4269 4440
4269 4706
4269 4752
4269 4995
4270 4505
4270 4726
4270 4736
4270 4958
4271 4343
4271 4454
4271 4691
4273 4700
4273 4856
4274 4600
4274 4715
4275 4557
4275 4778
4276 4313
4276 4880
4279 4405
4279 4520
4279 4774
4280 4391
4280 4490
4280 4664
4281 4752
4281 4793
4283 4632
4283 4867
4284 4481
4284 4621
4284 4717
4284 4734
4284 4975
4285 4763
4285 4907
4285 4993
4286 4345
4287 4536
4289 4645
4290 4719
4290 4809
4291 4535
4291 4608
4292 4801
4292 4981
4293 4656
4294 4558
4294 4619
4294 4760
4295 4300
4296 4403
4297 4609
4297 4619
4297 4873
4297 4894
4298 4333
4298 4931
4298 4971
4299 4879
4300 4429
4300 4580
4300 4752
4300 4863
4301 4446
4301 4511
4301 4799
4302 4405
4302 4491
4303 4585
4303 4827
4304 4389
4304 4685
4305 4899
4305 4949
4306 4970
4308 4450
4308 4475
4308 4636
4308 4729
4309 4595
4309 4654
4310 4520
4310 4634
4310 4926
4310 4986
4311 4851
4311 4878
4311 4970
4312 4429
4312 4449
4313 4625
4313 4711
4314 4386
4314 4451
4315 4433
4315 4967
4316 4556
4316 4886
4316 4992
4317 4609
4317 4710
4318 4649
4319 4663
4320 4872
4321 4807
4321 4986
4322 4348
4322 4769
4322 4977
4324 4956
4325 4469
4325 4626
4326 4431
4326 4510
4326 4512
4326 4588
4326 4598
4326 4993
4327 4677
4327 4850
4328 4365
4328 4955
4329 4416
4329 4424
4329 4489
4330 4414
4330 4431
4330 4609
4330 4668
4330 4919
4331 4674
4332 4403
4333 4357
4333 4836
4333 4886
4333 4904
4334 4341
4334 4375
4334 4469
4334 4695
4334 4744
4335 4965
4336 4428
4336 4443
4336 4601
4336 4936
4337 4440
4337 4473
4338 4474
4338 4538
4339 4557
4339 4580
4339 4610
4340 4668
4341 4607
4341 4833
4342 4519
4342 4931
4343 4372
4344 4450
4344 4597
4345 4376
4345 4520
4345 4551
4345 4948
4347 4465
4348 4564
4349 4385
4349 4837
4350 4724
4350 4900
4351 4562
4351 4928
4355 4444
4356 4523
4356 4916
4356 4993
4357 4358
4357 4481
4357 4569
4357 4921
4357 4953
4358 4366
4358 4537
4358 4974
4359 4764
4359 4872
4360 5000
4361 4480
4361 4903
4362 4501
4362 4537
4362 4980
4363 4792
4363 4994
4364 4430
4364 4489
4365 4388
4365 4673
4366 4393
4366 4563
4366 4612
4367 4424
4368 4457
4370 4529
4371 4660
4371 4787
4371 4893
4372 4717
4372 4840
4372 4926
4373 4473
4373 4562
4373 4602
4374 4670
4374 4832
4374 4914
4375 4747
4376 4429
4376 4461
4376 4857
4377 4502
4377 4723
4378 4385
4378 4807
4378 4907
4379 4637
4379 4776
4381 4636
4382 4803
4383 4782
4383 4945
4383 4959
4384 4587
4384 4605
4385 4551
4385 4658
4386 4675
4386 4849
4386 4861
4386 4994
4387 4446
4387 4521
4387 4993
4388 4473
4390 4556
4390 4800
4391 4525
4391 4615
4391 4632
4391 4718
4392 4987
4394 4534
4394 4637
4394 4765
4394 4950
4395 4916
4397 4974
4398 4473
4400 4771
4401 4613
4402 4608
4403 4985
4404 4797
4404 4841
4405 4497
4405 4560
4405 4640
4405 4885
4405 4887
4406 4570
4407 4753
4409 4604
4409 4881
4409 4930
4411 4566
4411 4672
4411 4695
4412 4568
4412 4944
4413 4419
4413 4596
4413 4705
4413 4812
4413 4939
4413 4966
4413 4979
4414 4822
4415 4957
4416 4622
4416 4731
4417 4567
4417 4603
4418 4627
4418 4738
4418 4807
4418 4827
4419 4965
4420 4961
4421 4483
4421 4670
4422 4945
4422 5000
4423 4967
4426 4604
4426 4610
4426 4822
4427 4474
4429 4733
4430 4448
4431 4551
4431 4686
4432 4531
4432 4616
4433 4482
4433 4622
4434 4466
4434 4496
4434 4546
4435 4639
4435 4728
4435 4787
4435 4940
4436 4593
4436 4839
4437 4739
4437 4775
4437 4901
4438 4614
4440 4474
4441 4471
4442 4551
4442 4559
4443 4666
4443 4797
4443 4977
4444 4634
4444 4657
4444 4883
4445 4848
4445 4871
4446 4736
4446 4926
4448 4739
4448 4827
4449 4742
4450 4647
4450 4934
4451 4507
4451 4604
4451 4834
4451 4877
4452 4527
4452 4776
4452 4944
4453 4567
4453 4718
4453 4751
4453 4789
4454 4547
4454 4614
4454 4652
4454 4721
4454 4867
4455 4577
4455 4795
4455 4884
4455 4968
4456 4496
4456 4558
4456 4643
4456 4668
4456 4921
4457 4671
4457 4674
4457 4727
4458 4555
4459 4597
4459 4636
4459 4989
4460 4732
4461 4523
4461 4536
4461 4869
4462 4684
4462 4707
4463 4556
4463 4645
4463 4695
4463 4721
4463 4795
4463 4896
4464 4681
4466 4871
4466 4890
4467 4640
4467 4728
4468 4871
4469 4723
4469 4772
4470 4568
4471 4498
4471 4685
4471 4751
4472 4522
4472 4551
4472 4884
4473 4680
4473 4826
4475 4619
4475 4659
4475 4708
4477 4556
4477 4589
4478 4607
4478 4631
4479 4656
4480 4776
4481 4849
4482 4994
4484 4716
4484 4999
4486 4661
4487 4656
4488 4676
4488 4794
4489 4887
4491 4564
4491 4602
4491 4717
4491 4843
4491 4990
4493 4555
4493 4565
4493 4761
4494 4810
4495 4638
4496 4592
4496 4621
4497 4691
4497 4943
4498 4606
4498 4658
4499 4653
4499 4849
4499 4927
4500 4585
4500 4608
4501 4512
4502 4686
4502 4827
4503 4554
4503 4812
4504 4561
4504 4999
4506 4623
4506 4839
4507 4735
4507 4810
4508 4910
4510 4565
4510 4647
4511 4546
4511 4866
4513 4661
4513 4765
4513 4984
4514 4592
4514 4631
4514 4822
4514 4858
4515 4543
4515 4548
4516 4559
4516 4658
4517 4568
4518 4837
4519 4520
4520 4667
4521 4541
4521 4609
4522 4684
4522 4909
4523 4985
4524 4579
4525 4578
4525 4844
4525 4887
4526 4633
4527 4604
4527 4628
4527 4737
4527 4900
4529 4557
4529 4641
4530 4738
4530 4806
4534 4567
4534 4692
4534 4749
4534 4878
4535 4551
4535 4757
4535 4801
4536 4550
4537 4773
4538 4681
4538 4950
4539 4587
4539 4689
4539 4801
4540 4547
4540 4687
4540 4973
4547 4580
4547 4868
4548 4756
4548 4990
4549 4594
4549 4596
4549 4844
4550 4790
4553 4853
4555 4615
4555 4886
4556 4991
4559 4621
4560 4731
4560 4851
4560 4859
4560 4929
4562 4695
4563 4961
4563 4984
4564 4680
4565 4762
4565 4782
4565 4790
4565 4891
4567 4595
4567 4634
4568 4664
4568 4919
4568 4922
4570 4698
4570 4872
4571 4731
4571 4759
4572 4949
4573 4897
4574 4681
4574 4747
4574 4886
4574 4958
4575 4586
4575 4655
4575 4657
4575 4736
4576 4927
4577 4874
4578 4900
4579 4832
4580 4916
4581 4813
4581 4968
4582 4890
4583 4721
4583 4918
4584 4972
4584 4997
4586 4811
4587 4697
4589 4832
4590 4686
4590 4717
4593 4779
4593 4920
4593 4930
4594 4734
4597 4602
4597 4737
4597 4969
4598 4734
4598 4897
4599 4756
4600 4754
4600 4934
4601 4709
4601 4734
4601 4957
4602 4954
4603 4621
4604 4822
4606 4713
4606 4818
4607 4979
4608 4723
4609 4837
4609 4864
4610 4706
4611 4618
4613 4685
4613 4834
4614 4668
4614 4783
4614 4815
4615 4632
4615 4802
4615 4842
4617 4927
4617 4962
4618 4648
4618 4691
4619 4961
4620 4663
4621 4644
4624 4888
4625 4712
4625 4773
4626 4970
4627 4781
4629 4721
4630 4986
4631 4738
4632 4980
4634 4947
4635 4715
4638 4844
4638 4932
4639 4784
4639 4947
4640 4779
4640 4899
4640 4965
4641 4647
4641 4909
4641 4985
4642 4689
4642 4952
4643 4733
4643 4745
4644 4908
4646 4812
4646 4905
4646 4960
4647 4746
4648 4708
4648 4806
4649 4945
4649 4995
4650 4923
4652 4851
4653 4748
4653 4855
4654 4830
4656 4789
4656 4993
4657 4711
4658 4884
4661 4702
4661 4888
4663 4737
4663 4751
4665 4882
4667 4966
4671 4696
4671 4760
4671 4778
4672 4674
4672 4756
4674 4857
4675 4794
4676 4925
4678 4909
4678 4974
4679 4910
4681 4849
4681 4970
4682 4950
4684 4866
4684 4946
4684 4969
4685 4724
4685 4741
4685 4995
4687 4884
4688 4774
4689 4773
4689 4864
4690 4734
4690 4774
4691 4845
4692 4911
4693 4841
4693 5000
4694 4861
4696 4747
4698 4919
4700 4746
4700 4809
4701 4945
4704 4709
4704 5000
4705 4734
4705 4809
4710 4925
4711 4889
4711 4911
4712 4945
4713 4979
4714 4726
4715 4997
4716 4822
4716 4986
4722 4727
4722 4752
4724 4957
4726 4945
4728 4923
4729 4895
4729 4942
4730 4807
4730 4946
4732 4927
4733 4925
4735 4750
4736 4995
4737 4875
4737 4929
4738 4947
4740 4835
4741 4764
4743 4840
4745 4877
4747 4796
4748 4803
4749 4776
4751 4949
4752 4865
4752 4987
4753 4757
4753 4961
4754 4929
4754 4941
4755 4915
4763 4913
4764 4771
4765 4978
4765 4991
4768 4866
4773 4795
4776 4815
4778 4836
4779 4887
4780 4791
4781 4866
4782 4847
4787 4812
4787 4964
4788 4822
4794 4905
4796 4840
4796 4891
4797 4856
4800 4949
4804 4837
4804 4965
4804 4993
4805 4931
4805 4984
4807 4990
4808 4905
4811 4873
4811 4983
4812 4938
4814 4985
4818 4982
4820 4892
4821 4986
4822 4929
4832 4833
4835 4849
4836 4859
4836 4981
4838 4886
4838 4939
4841 4969
4844 4858
4844 4983
4850 4948
4852 4877
4852 4984
4855 4991
4858 4897
4859 4911
4859 4964
4860 4865
4860 4923
4863 4981
4864 4916
4872 4931
4876 4942
4878 4950
4879 4994
4888 4922
4894 4903
4909 4956
4919 4982
4938 4982
4939 4981
4950 4983
4965 4993
