5000 19980
1 5
1 6
1 7
1 8
1 12
1 17
1 24
1 32
1 52
1 66
1 80
1 97
1 103
1 110
1 125
1 134
1 155
1 161
1 191
1 212
1 234
1 260
1 279
1 285
1 291
1 299
1 300
1 336
1 345
1 370
1 538
1 543
1 564
1 566
1 614
1 625
1 657
1 724
1 953
1 961
1 1150
1 1156
1 1188
1 1273
1 1362
1 1373
1 1434
1 1451
1 1456
1 1484
1 1486
1 1622
1 1660
1 1680
1 1716
1 1851
1 1894
1 1954
1 2049
1 2055
1 2097
1 2136
1 2150
1 2484
1 2702
1 2725
1 2899
1 3005
1 3031
1 3056
1 3061
1 3163
1 3175
1 3270
1 3323
1 3361
1 3426
1 3561
1 3610
1 3725
1 3773
1 3808
1 3947
1 3950
1 4146
1 4346
1 4433
1 4586
1 4598
1 4670
1 4699
1 4826
1 4834
1 4958
2 5
2 6
2 9
2 10
2 11
2 16
2 21
2 23
2 29
2 35
2 44
2 53
2 57
2 58
2 69
2 93
2 94
2 98
2 100
2 127
2 132
2 143
2 159
2 164
2 169
2 177
2 178
2 208
2 225
2 260
2 298
2 359
2 374
2 391
2 402
2 459
2 469
2 491
2 522
2 525
2 536
2 547
2 558
2 564
2 565
2 626
2 629
2 697
2 703
2 733
2 744
2 753
2 792
2 804
2 867
2 905
2 941
2 950
2 995
2 1044
2 1057
2 1075
2 1097
2 1105
2 1152
2 1176
2 1214
2 1253
2 1256
2 1292
2 1317
2 1339
2 1342
2 1348
2 1350
2 1460
2 1537
2 1630
2 1635
2 1640
2 1675
2 1690
2 1703
2 1706
2 1714
2 1733
2 1745
2 1759
2 1761
2 1792
2 1803
2 1818
2 1844
2 1853
2 1893
2 1929
2 1939
2 1972
2 2013
2 2096
2 2098
2 2121
2 2123
2 2129
2 2198
2 2219
2 2236
2 2265
2 2319
2 2323
2 2324
2 2373
2 2389
2 2392
2 2621
2 2659
2 2686
2 2695
2 2745
2 2836
2 2846
2 2884
2 3056
2 3092
2 3097
2 3109
2 3142
2 3189
2 3260
2 3266
2 3321
2 3372
2 3588
2 3611
2 3631
2 3647
2 3691
2 3763
2 3795
2 3930
2 3996
2 4101
2 4187
2 4193
2 4338
2 4537
2 4569
2 4603
2 4694
3 5
3 6
3 7
3 8
3 9
3 10
3 11
3 12
3 13
3 14
3 16
3 17
3 19
3 20
3 22
3 24
3 26
3 27
3 30
3 39
3 41
3 47
3 49
3 50
3 56
3 61
3 69
3 74
3 93
3 106
3 117
3 118
3 121
3 122
3 123
3 125
3 127
3 128
3 131
3 141
3 146
3 152
3 154
3 171
3 176
3 181
3 193
3 217
3 230
3 233
3 247
3 300
3 314
3 319
3 328
3 335
3 357
3 361
3 362
3 372
3 405
3 408
3 409
3 413
3 415
3 428
3 448
3 466
3 483
3 508
3 518
3 519
3 524
3 530
3 537
3 539
3 552
3 577
3 624
3 625
3 672
3 673
3 693
3 705
3 738
3 743
3 745
3 749
3 760
3 764
3 776
3 785
3 809
3 817
3 833
3 836
3 894
3 914
3 927
3 928
3 936
3 946
3 952
3 953
3 983
3 1010
3 1025
3 1028
3 1063
3 1067
3 1074
3 1108
3 1117
3 1118
3 1142
3 1152
3 1157
3 1164
3 1180
3 1182
3 1188
3 1190
3 1219
3 1233
3 1274
3 1278
3 1285
3 1344
3 1345
3 1381
3 1449
3 1459
3 1475
3 1514
3 1517
3 1540
3 1552
3 1585
3 1589
3 1594
3 1604
3 1645
3 1683
3 1684
3 1685
3 1689
3 1704
3 1711
3 1717
3 1808
3 1815
3 1818
3 1819
3 1877
3 1920
3 1928
3 1929
3 1974
3 2047
3 2074
3 2124
3 2189
3 2288
3 2366
3 2370
3 2404
3 2407
3 2432
3 2437
3 2506
3 2539
3 2541
3 2609
3 2631
3 2632
3 2635
3 2645
3 2651
3 2664
3 2699
3 2742
3 2763
3 2777
3 2799
3 2806
3 2807
3 2837
3 2866
3 2990
3 2999
3 3018
3 3023
3 3081
3 3100
3 3124
3 3128
3 3135
3 3147
3 3204
3 3215
3 3365
3 3367
3 3403
3 3485
3 3548
3 3553
3 3559
3 3567
3 3610
3 3619
3 3691
3 3709
3 3741
3 3770
3 3775
3 3783
3 3965
3 3997
3 4003
3 4062
3 4073
3 4092
3 4108
3 4157
3 4176
3 4182
3 4183
3 4208
3 4211
3 4229
3 4303
3 4306
3 4369
3 4414
3 4420
3 4435
3 4446
3 4482
3 4503
3 4586
3 4591
3 4668
3 4713
3 4772
3 4810
3 4883
3 4890
3 4903
3 4913
3 4976
3 4986
4 5
4 7
4 10
4 15
4 19
4 26
4 27
4 30
4 35
4 36
4 46
4 62
4 64
4 84
4 86
4 92
4 114
4 164
4 168
4 249
4 253
4 254
4 305
4 317
4 347
4 371
4 382
4 397
4 399
4 454
4 469
4 488
4 550
4 555
4 560
4 587
4 601
4 603
4 678
4 788
4 807
4 851
4 861
4 935
4 1004
4 1005
4 1173
4 1189
4 1205
4 1223
4 1244
4 1343
4 1472
4 1489
4 1494
4 1520
4 1607
4 1616
4 1664
4 1729
4 1759
4 2017
4 2068
4 2079
4 2145
4 2176
4 2223
4 2231
4 2272
4 2321
4 2423
4 2513
4 2520
4 2552
4 2601
4 2610
4 2614
4 2625
4 2656
4 2679
4 2722
4 2766
4 2789
4 2930
4 2935
4 2954
4 2982
4 3066
4 3067
4 3241
4 3292
4 3369
4 3427
4 3531
4 3535
4 3555
4 3726
4 3825
4 3919
4 4011
4 4118
4 4214
4 4255
4 4353
4 4373
4 4547
4 4690
4 4707
4 4795
4 4870
4 4874
4 4892
4 4938
5 6
5 7
5 8
5 9
5 11
5 14
5 16
5 18
5 21
5 23
5 25
5 27
5 31
5 33
5 36
5 40
5 45
5 54
5 55
5 56
5 57
5 76
5 92
5 99
5 108
5 109
5 119
5 129
5 147
5 166
5 200
5 234
5 255
5 257
5 260
5 264
5 271
5 288
5 309
5 317
5 334
5 340
5 362
5 406
5 407
5 504
5 510
5 520
5 572
5 593
5 605
5 608
5 639
5 645
5 680
5 696
5 735
5 766
5 786
5 802
5 806
5 822
5 826
5 827
5 829
5 839
5 845
5 885
5 903
5 946
5 966
5 1017
5 1045
5 1129
5 1150
5 1191
5 1227
5 1231
5 1245
5 1300
5 1324
5 1341
5 1365
5 1366
5 1398
5 1402
5 1432
5 1442
5 1449
5 1450
5 1479
5 1501
5 1571
5 1602
5 1682
5 1712
5 1839
5 1863
5 1874
5 1897
5 1907
5 1912
5 1915
5 1934
5 1957
5 1966
5 2014
5 2033
5 2062
5 2073
5 2087
5 2127
5 2129
5 2196
5 2394
5 2441
5 2521
5 2565
5 2591
5 2676
5 2755
5 2832
5 2881
5 2925
5 3126
5 3206
5 3293
5 3303
5 3361
5 3457
5 3460
5 3514
5 3628
5 3672
5 3723
5 3761
5 3781
5 3794
5 3811
5 3821
5 3847
5 3855
5 3941
5 3967
5 4020
5 4047
5 4088
5 4115
5 4131
5 4184
5 4242
5 4278
5 4297
5 4343
5 4349
5 4355
5 4356
5 4357
5 4447
5 4553
5 4578
5 4614
5 4921
5 4990
6 8
6 9
6 10
6 11
6 13
6 14
6 17
6 18
6 20
6 21
6 28
6 38
6 42
6 55
6 61
6 62
6 66
6 67
6 68
6 72
6 85
6 90
6 100
6 105
6 107
6 108
6 111
6 112
6 117
6 124
6 142
6 150
6 151
6 158
6 172
6 186
6 187
6 192
6 209
6 210
6 217
6 218
6 220
6 222
6 235
6 249
6 251
6 263
6 265
6 272
6 274
6 283
6 306
6 331
6 354
6 394
6 398
6 409
6 411
6 449
6 491
6 499
6 516
6 520
6 535
6 569
6 574
6 593
6 613
6 646
6 651
6 695
6 706
6 708
6 745
6 780
6 801
6 818
6 860
6 890
6 906
6 912
6 930
6 937
6 939
6 950
6 1036
6 1076
6 1108
6 1130
6 1155
6 1156
6 1159
6 1177
6 1191
6 1216
6 1220
6 1229
6 1261
6 1286
6 1320
6 1447
6 1465
6 1519
6 1535
6 1536
6 1567
6 1716
6 1749
6 1811
6 1825
6 1834
6 1872
6 1876
6 1968
6 1983
6 1987
6 2014
6 2045
6 2082
6 2134
6 2153
6 2258
6 2277
6 2300
6 2306
6 2316
6 2348
6 2462
6 2652
6 2778
6 2814
6 2897
6 2973
6 3014
6 3061
6 3071
6 3194
6 3205
6 3244
6 3261
6 3294
6 3363
6 3412
6 3447
6 3625
6 3671
6 3698
6 3747
6 3755
6 3782
6 3854
6 3872
6 3907
6 3909
6 3933
6 3976
6 4063
6 4141
6 4240
6 4262
6 4306
6 4309
6 4361
6 4417
6 4447
6 4548
6 4580
6 4596
6 4650
6 4684
6 4686
6 4749
6 4774
6 4851
7 42
7 45
7 102
7 107
7 114
7 179
7 186
7 233
7 252
7 594
7 987
7 1170
7 1382
7 1410
7 1535
7 2132
7 2402
7 2485
7 2562
7 3371
7 3851
7 4177
7 4468
8 52
8 65
8 265
8 407
8 777
8 782
8 851
8 1042
8 1241
8 1797
8 2280
8 2695
8 2826
8 4232
8 4971
9 12
9 17
9 20
9 22
9 24
9 44
9 45
9 78
9 81
9 88
9 90
9 96
9 118
9 122
9 138
9 141
9 143
9 145
9 167
9 185
9 195
9 207
9 219
9 220
9 229
9 232
9 236
9 239
9 246
9 255
9 257
9 266
9 287
9 299
9 302
9 321
9 329
9 339
9 345
9 352
9 379
9 401
9 402
9 416
9 417
9 418
9 426
9 431
9 434
9 457
9 493
9 519
9 572
9 580
9 637
9 658
9 685
9 780
9 796
9 879
9 891
9 936
9 957
9 969
9 1112
9 1138
9 1197
9 1220
9 1250
9 1291
9 1297
9 1316
9 1336
9 1337
9 1345
9 1355
9 1378
9 1396
9 1425
9 1451
9 1522
9 1562
9 1580
9 1636
9 1639
9 1652
9 1658
9 1661
9 1693
9 1784
9 1816
9 1820
9 1822
9 1873
9 1908
9 1934
9 1993
9 1996
9 2009
9 2046
9 2087
9 2142
9 2148
9 2154
9 2189
9 2200
9 2308
9 2435
9 2505
9 2524
9 2582
9 2591
9 2594
9 2663
9 2685
9 2746
9 2759
9 2829
9 2833
9 2839
9 2882
9 2946
9 3001
9 3062
9 3090
9 3169
9 3234
9 3252
9 3254
9 3277
9 3406
9 3417
9 3438
9 3487
9 3567
9 3570
9 3913
9 3945
9 4001
9 4005
9 4066
9 4120
9 4157
9 4163
9 4202
9 4308
9 4316
9 4366
9 4385
9 4391
9 4404
9 4461
9 4491
9 4507
9 4570
9 4739
9 4842
9 4879
9 4934
10 13
10 15
10 16
10 25
10 26
10 32
10 43
10 46
10 52
10 57
10 58
10 63
10 65
10 71
10 76
10 81
10 83
10 85
10 86
10 88
10 91
10 98
10 112
10 113
10 118
10 127
10 133
10 155
10 165
10 172
10 177
10 178
10 185
10 196
10 200
10 208
10 212
10 223
10 238
10 245
10 262
10 273
10 293
10 302
10 313
10 327
10 329
10 345
10 346
10 401
10 420
10 454
10 460
10 462
10 464
10 468
10 475
10 476
10 495
10 500
10 516
10 533
10 576
10 590
10 591
10 618
10 640
10 650
10 668
10 675
10 692
10 697
10 706
10 715
10 732
10 742
10 750
10 781
10 791
10 810
10 814
10 817
10 818
10 836
10 848
10 887
10 911
10 933
10 939
10 942
10 959
10 973
10 979
10 983
10 990
10 1000
10 1003
10 1018
10 1039
10 1054
10 1078
10 1079
10 1085
10 1141
10 1146
10 1170
10 1179
10 1201
10 1205
10 1247
10 1273
10 1278
10 1280
10 1292
10 1311
10 1322
10 1331
10 1364
10 1387
10 1413
10 1427
10 1438
10 1440
10 1468
10 1476
10 1539
10 1564
10 1568
10 1581
10 1625
10 1644
10 1659
10 1677
10 1736
10 1737
10 1752
10 1760
10 1780
10 1817
10 1858
10 1869
10 1874
10 1906
10 1907
10 1931
10 1946
10 1950
10 1951
10 1983
10 1987
10 2032
10 2058
10 2115
10 2124
10 2143
10 2180
10 2188
10 2204
10 2238
10 2244
10 2249
10 2264
10 2283
10 2284
10 2290
10 2307
10 2329
10 2337
10 2433
10 2464
10 2475
10 2489
10 2492
10 2494
10 2502
10 2517
10 2549
10 2567
10 2579
10 2580
10 2581
10 2585
10 2599
10 2650
10 2655
10 2694
10 2719
10 2764
10 2784
10 2804
10 2822
10 2826
10 2839
10 2861
10 2899
10 2926
10 2994
10 3003
10 3015
10 3057
10 3120
10 3160
10 3165
10 3205
10 3225
10 3247
10 3292
10 3319
10 3429
10 3450
10 3460
10 3482
10 3491
10 3494
10 3502
10 3546
10 3569
10 3570
10 3608
10 3621
10 3657
10 3690
10 3701
10 3764
10 3789
10 3793
10 3806
10 3877
10 4032
10 4075
10 4081
10 4110
10 4123
10 4126
10 4163
10 4199
10 4200
10 4262
10 4264
10 4342
10 4412
10 4430
10 4436
10 4480
10 4553
10 4624
10 4728
10 4821
10 4855
10 4909
10 4952
10 4971
10 4995
11 12
11 13
11 14
11 15
11 24
11 25
11 26
11 29
11 34
11 35
11 37
11 47
11 63
11 64
11 96
11 112
11 128
11 129
11 131
11 135
11 137
11 142
11 158
11 168
11 184
11 193
11 216
11 241
11 244
11 267
11 268
11 274
11 282
11 286
11 292
11 293
11 296
11 316
11 335
11 358
11 363
11 373
11 376
11 381
11 428
11 429
11 446
11 485
11 486
11 509
11 542
11 569
11 607
11 617
11 619
11 643
11 649
11 655
11 656
11 703
11 708
11 712
11 735
11 737
11 754
11 761
11 797
11 835
11 882
11 933
11 985
11 1016
11 1017
11 1025
11 1054
11 1061
11 1085
11 1091
11 1100
11 1118
11 1161
11 1174
11 1211
11 1295
11 1325
11 1356
11 1380
11 1382
11 1420
11 1429
11 1447
11 1464
11 1511
11 1554
11 1555
11 1613
11 1633
11 1648
11 1707
11 1719
11 1736
11 1747
11 1770
11 1771
11 1772
11 1793
11 1851
11 1883
11 1918
11 2001
11 2005
11 2018
11 2043
11 2076
11 2078
11 2146
11 2166
11 2242
11 2293
11 2333
11 2386
11 2394
11 2405
11 2423
11 2571
11 2608
11 2625
11 2667
11 2672
11 2679
11 2698
11 2867
11 2971
11 3048
11 3059
11 3108
11 3116
11 3122
11 3136
11 3229
11 3233
11 3246
11 3287
11 3312
11 3318
11 3389
11 3420
11 3424
11 3479
11 3490
11 3673
11 3693
11 3784
11 3787
11 3866
11 3915
11 3942
11 3953
11 3978
11 3991
11 4001
11 4068
11 4099
11 4194
11 4240
11 4276
11 4283
11 4338
11 4359
11 4540
11 4603
11 4622
11 4694
11 4710
11 4750
11 4763
11 4773
11 4775
11 4831
11 4955
11 4968
11 4976
12 15
12 19
12 20
12 34
12 39
12 41
12 52
12 64
12 76
12 79
12 91
12 136
12 161
12 167
12 196
12 249
12 269
12 292
12 308
12 320
12 337
12 391
12 396
12 409
12 412
12 421
12 434
12 441
12 442
12 458
12 466
12 501
12 515
12 527
12 532
12 533
12 555
12 600
12 640
12 660
12 686
12 694
12 780
12 796
12 840
12 902
12 936
12 969
12 978
12 1046
12 1088
12 1098
12 1134
12 1148
12 1178
12 1359
12 1486
12 1501
12 1534
12 1548
12 1698
12 1724
12 1753
12 1910
12 1937
12 1941
12 2020
12 2024
12 2069
12 2136
12 2147
12 2222
12 2227
12 2262
12 2305
12 2348
12 2493
12 2523
12 2538
12 2554
12 2583
12 2614
12 2754
12 2796
12 2877
12 2900
12 2936
12 2942
12 2988
12 3105
12 3143
12 3162
12 3168
12 3176
12 3216
12 3254
12 3283
12 3324
12 3342
12 3363
12 3376
12 3405
12 3492
12 3499
12 3509
12 3511
12 3525
12 3586
12 3614
12 3774
12 3796
12 4029
12 4201
12 4316
12 4457
12 4493
12 4573
12 4601
12 4636
12 4687
12 4703
12 4704
12 4791
12 4823
12 4994
13 18
13 28
13 29
13 30
13 40
13 42
13 60
13 61
13 68
13 70
13 74
13 77
13 79
13 91
13 97
13 142
13 144
13 170
13 175
13 183
13 188
13 192
13 212
13 230
13 265
13 313
13 349
13 350
13 374
13 383
13 433
13 443
13 457
13 464
13 510
13 602
13 662
13 713
13 731
13 755
13 792
13 795
13 802
13 841
13 908
13 926
13 980
13 1023
13 1074
13 1097
13 1127
13 1147
13 1194
13 1274
13 1317
13 1330
13 1344
13 1408
13 1497
13 1667
13 1708
13 1728
13 1803
13 1814
13 2007
13 2109
13 2140
13 2179
13 2220
13 2324
13 2431
13 2455
13 2470
13 2507
13 2617
13 2635
13 2652
13 2660
13 2684
13 2812
13 2815
13 2828
13 2921
13 3001
13 3115
13 3731
13 3838
13 3848
13 3983
13 4229
13 4270
13 4305
13 4396
13 4497
13 4819
13 4974
13 4983
14 21
14 31
14 33
14 34
14 36
14 43
14 47
14 77
14 81
14 96
14 128
14 326
14 337
14 339
14 342
14 350
14 446
14 560
14 813
14 892
14 907
14 946
14 1005
14 1031
14 1140
14 1193
14 1230
14 1436
14 1485
14 1553
14 2076
14 2229
14 2254
14 2368
14 2375
14 2565
14 2786
14 2798
14 2867
14 2871
14 2881
14 2947
14 3111
14 3119
14 3138
14 3243
14 3248
14 3354
14 3595
14 3815
14 4098
14 4423
14 4516
14 4747
14 4830
14 4873
14 4920
15 19
15 59
15 84
15 85
15 134
15 140
15 250
15 331
15 351
15 423
15 469
15 678
15 706
15 710
15 923
15 955
15 1033
15 1185
15 1277
15 1302
15 1565
15 1773
15 2040
15 2078
15 2116
15 2483
15 2727
15 3072
15 3414
15 4022
15 4373
15 4482
15 4983
16 38
16 87
16 99
16 221
16 293
16 470
16 486
16 715
16 829
16 932
16 1331
16 1349
16 1443
16 1558
16 1734
16 1785
16 1853
16 2094
16 2166
16 2321
16 2327
16 2960
16 3161
16 3656
16 4365
16 4407
17 18
17 22
17 23
17 28
17 44
17 51
17 58
17 59
17 65
17 66
17 87
17 90
17 111
17 125
17 130
17 132
17 138
17 146
17 149
17 152
17 167
17 173
17 178
17 182
17 201
17 204
17 221
17 237
17 239
17 248
17 261
17 354
17 361
17 373
17 388
17 425
17 431
17 434
17 461
17 504
17 534
17 540
17 592
17 596
17 599
17 643
17 646
17 695
17 750
17 808
17 853
17 855
17 858
17 913
17 919
17 931
17 960
17 989
17 1031
17 1072
17 1097
17 1105
17 1168
17 1217
17 1427
17 1502
17 1505
17 1532
17 1556
17 1582
17 1607
17 1651
17 1722
17 1750
17 1751
17 1845
17 1854
17 1880
17 1894
17 2111
17 2300
17 2305
17 2332
17 2344
17 2351
17 2418
17 2436
17 2477
17 2512
17 2572
17 2596
17 2612
17 2728
17 2734
17 2816
17 2823
17 2866
17 2918
17 2921
17 2953
17 2969
17 3148
17 3160
17 3165
17 3246
17 3253
17 3260
17 3296
17 3330
17 3332
17 3353
17 3416
17 3433
17 3464
17 3620
17 3678
17 3699
17 3931
17 3933
17 3964
17 4076
17 4084
17 4138
17 4166
17 4175
17 4288
17 4344
17 4437
17 4494
17 4701
17 4757
17 4765
17 4846
17 4906
17 4927
17 4992
18 33
18 41
18 44
18 61
18 125
18 131
18 203
18 238
18 271
18 321
18 343
18 381
18 416
18 611
18 634
18 855
18 900
18 922
18 948
18 1069
18 1120
18 1127
18 1147
18 1155
18 1193
18 1225
18 1237
18 1256
18 1293
18 1301
18 1311
18 1448
18 1466
18 1515
18 1538
18 1587
18 1755
18 1778
18 1913
18 2063
18 2414
18 2569
18 2647
18 2720
18 2782
18 2794
18 2826
18 2903
18 3008
18 3285
18 3357
18 3531
18 3556
18 3683
18 3747
18 3822
18 3831
18 4155
18 4174
18 4476
18 4514
18 4717
18 4738
18 4746
18 4791
18 4847
18 4968
19 30
19 47
19 92
19 106
19 140
19 150
19 237
19 269
19 285
19 295
19 332
19 337
19 417
19 432
19 459
19 544
19 588
19 614
19 654
19 755
19 776
19 923
19 927
19 1068
19 1081
19 1194
19 1299
19 1385
19 1404
19 1420
19 1445
19 1470
19 1522
19 1932
19 1965
19 2044
19 2175
19 2181
19 2278
19 2429
19 2542
19 2581
19 2980
19 3143
19 3215
19 3219
19 3697
19 3841
19 4127
19 4193
19 4420
19 4527
19 4582
19 4917
19 4924
20 27
20 31
20 32
20 41
20 42
20 54
20 65
20 70
20 78
20 80
20 82
20 93
20 99
20 108
20 109
20 111
20 122
20 126
20 132
20 145
20 148
20 150
20 159
20 165
20 175
20 181
20 197
20 205
20 215
20 221
20 223
20 258
20 274
20 308
20 320
20 323
20 334
20 369
20 370
20 386
20 400
20 409
20 466
20 479
20 496
20 511
20 519
20 568
20 625
20 652
20 656
20 671
20 701
20 703
20 724
20 740
20 760
20 761
20 769
20 839
20 864
20 916
20 926
20 949
20 957
20 1008
20 1096
20 1253
20 1297
20 1302
20 1358
20 1360
20 1375
20 1412
20 1425
20 1495
20 1514
20 1528
20 1617
20 1672
20 1730
20 1879
20 1901
20 2004
20 2066
20 2132
20 2201
20 2260
20 2285
20 2347
20 2353
20 2398
20 2471
20 2528
20 2662
20 3029
20 3049
20 3129
20 3374
20 3478
20 3520
20 3556
20 3708
20 3731
20 3982
20 4020
20 4142
20 4195
20 4399
20 4426
20 4467
20 4519
20 4665
20 4675
20 4760
20 4865
20 4882
20 4913
20 4984
21 23
21 25
21 28
21 48
21 54
21 75
21 103
21 136
21 139
21 144
21 169
21 189
21 191
21 193
21 300
21 318
21 343
21 375
21 405
21 554
21 632
21 680
21 749
21 782
21 796
21 859
21 888
21 889
21 993
21 1014
21 1047
21 1100
21 1103
21 1160
21 1176
21 1314
21 1320
21 1399
21 1618
21 1809
21 1843
21 1878
21 1915
21 1921
21 1926
21 1931
21 1934
21 1976
21 1989
21 2144
21 2241
21 2318
21 2321
21 2548
21 2550
21 2696
21 2727
21 2772
21 2785
21 2973
21 2994
21 3073
21 3080
21 3084
21 3101
21 3113
21 3411
21 3595
21 3651
21 3713
21 4029
21 4044
21 4220
21 4246
21 4279
21 4402
21 4455
21 4459
21 4586
21 4860
22 36
22 37
22 70
22 75
22 128
22 176
22 249
22 310
22 373
22 387
22 413
22 477
22 481
22 484
22 527
22 579
22 597
22 786
22 809
22 1028
22 1030
22 1047
22 1103
22 1124
22 1244
22 1439
22 1604
22 1659
22 1810
22 1857
22 2014
22 2091
22 2122
22 2147
22 2315
22 2390
22 2532
22 2578
22 2700
22 2732
22 3303
22 3424
22 3495
22 3612
22 3706
22 3918
23 33
23 45
23 67
23 77
23 79
23 82
23 87
23 90
23 138
23 156
23 180
23 273
23 455
23 460
23 660
23 787
23 837
23 848
23 930
23 1032
23 1089
23 1135
23 1291
23 1320
23 1570
23 1571
23 1670
23 2072
23 2186
23 2196
23 2318
23 2327
23 2449
23 2744
23 2780
23 2807
23 2878
23 2935
23 3504
23 4034
23 4078
23 4107
23 4239
23 4378
23 4411
23 4544
24 29
24 43
24 69
24 73
24 95
24 135
24 297
24 390
24 462
24 754
24 843
24 867
24 902
24 1146
24 1529
24 1661
24 2384
24 2831
24 3122
24 3349
24 3430
24 3554
24 3686
24 4374
24 4656
24 4810
24 4888
25 31
25 32
25 89
25 103
25 117
25 119
25 135
25 175
25 197
25 224
25 253
25 260
25 276
25 278
25 356
25 390
25 410
25 421
25 526
25 692
25 696
25 741
25 759
25 973
25 1034
25 1090
25 1179
25 1199
25 1249
25 1251
25 1257
25 1324
25 1647
25 1656
25 1677
25 1795
25 1881
25 1912
25 1985
25 1989
25 2036
25 2171
25 2374
25 2385
25 2583
25 2729
25 2987
25 3001
25 3180
25 3225
25 3274
25 3303
25 3367
25 3376
25 3480
25 3650
25 3681
25 4058
25 4486
25 4675
25 4823
26 70
26 80
26 86
26 160
26 238
26 264
26 355
26 430
26 588
26 599
26 670
26 763
26 812
26 1134
26 1203
26 1513
26 1623
26 1660
26 1719
26 1758
26 1882
26 1982
26 1992
26 2076
26 2522
26 2606
26 2848
26 3295
26 3536
26 3547
26 3850
26 4103
26 4126
26 4621
26 4664
27 35
27 38
27 39
27 40
27 48
27 49
27 51
27 55
27 71
27 96
27 111
27 121
27 126
27 127
27 129
27 135
27 153
27 160
27 171
27 174
27 199
27 213
27 235
27 237
27 248
27 269
27 290
27 297
27 327
27 366
27 420
27 441
27 456
27 459
27 474
27 482
27 483
27 503
27 564
27 571
27 577
27 605
27 622
27 650
27 665
27 674
27 701
27 709
27 712
27 722
27 723
27 729
27 743
27 768
27 792
27 821
27 838
27 857
27 882
27 889
27 924
27 984
27 996
27 1131
27 1132
27 1133
27 1147
27 1161
27 1182
27 1196
27 1202
27 1222
27 1236
27 1238
27 1253
27 1284
27 1304
27 1313
27 1327
27 1339
27 1495
27 1497
27 1622
27 1788
27 1798
27 1809
27 1812
27 1868
27 1989
27 1996
27 2022
27 2028
27 2099
27 2155
27 2213
27 2295
27 2313
27 2341
27 2345
27 2349
27 2375
27 2385
27 2415
27 2421
27 2496
27 2506
27 2523
27 2537
27 2592
27 2595
27 2642
27 2723
27 2724
27 2767
27 2796
27 2868
27 2959
27 2968
27 3040
27 3093
27 3137
27 3193
27 3334
27 3338
27 3343
27 3360
27 3394
27 3411
27 3422
27 3433
27 3478
27 3646
27 3670
27 3671
27 3737
27 3748
27 3767
27 3795
27 3838
27 3878
27 3956
27 3965
27 3972
27 4010
27 4028
27 4050
27 4085
27 4140
27 4162
27 4198
27 4314
27 4401
27 4413
27 4573
27 4587
27 4589
27 4679
27 4716
27 4767
27 4818
27 4887
27 4902
27 4959
27 4961
28 34
28 40
28 43
28 46
28 48
28 49
28 50
28 51
28 53
28 57
28 60
28 68
28 83
28 91
28 98
28 110
28 116
28 117
28 119
28 124
28 144
28 148
28 154
28 160
28 164
28 173
28 177
28 179
28 190
28 195
28 197
28 201
28 208
28 211
28 219
28 220
28 246
28 255
28 256
28 268
28 273
28 284
28 290
28 319
28 349
28 382
28 404
28 430
28 436
28 480
28 500
28 520
28 530
28 531
28 545
28 558
28 567
28 578
28 580
28 600
28 609
28 618
28 644
28 684
28 686
28 701
28 704
28 705
28 714
28 770
28 794
28 834
28 840
28 876
28 887
28 891
28 903
28 906
28 974
28 1012
28 1022
28 1035
28 1039
28 1053
28 1079
28 1093
28 1110
28 1126
28 1152
28 1167
28 1179
28 1218
28 1240
28 1259
28 1263
28 1305
28 1335
28 1351
28 1362
28 1377
28 1387
28 1408
28 1421
28 1523
28 1524
28 1531
28 1532
28 1534
28 1542
28 1557
28 1563
28 1572
28 1645
28 1722
28 1726
28 1781
28 1811
28 1828
28 1838
28 1896
28 1897
28 1956
28 1994
28 1996
28 2081
28 2096
28 2118
28 2245
28 2298
28 2361
28 2374
28 2394
28 2436
28 2450
28 2454
28 2455
28 2509
28 2587
28 2613
28 2614
28 2637
28 2667
28 2684
28 2706
28 2733
28 2753
28 2754
28 2756
28 2789
28 2863
28 2886
28 2894
28 2944
28 2962
28 2970
28 2973
28 2978
28 3010
28 3091
28 3112
28 3117
28 3151
28 3185
28 3235
28 3274
28 3347
28 3404
28 3412
28 3433
28 3434
28 3470
28 3527
28 3546
28 3551
28 3636
28 3749
28 3878
28 3900
28 3902
28 3907
28 3939
28 4003
28 4006
28 4109
28 4112
28 4113
28 4119
28 4178
28 4233
28 4242
28 4299
28 4328
28 4515
28 4538
28 4548
28 4563
28 4606
28 4622
28 4632
28 4704
28 4787
28 4833
28 4858
28 4880
28 4913
29 48
29 49
29 73
29 126
29 130
29 152
29 165
29 169
29 216
29 224
29 250
29 308
29 340
29 368
29 442
29 478
29 502
29 514
29 574
29 726
29 762
29 773
29 833
29 1365
29 1504
29 1569
29 1578
29 1579
29 1614
29 1708
29 1728
29 1815
29 1855
29 1903
29 1951
29 2063
29 2153
29 2214
29 2307
29 2440
29 2486
29 2677
29 2864
29 3079
29 3313
29 3386
29 3539
29 3562
29 4395
29 4539
29 4771
30 92
30 138
30 188
30 198
30 214
30 231
30 292
30 328
30 354
30 364
30 544
30 549
30 617
30 634
30 737
30 755
30 996
30 1175
30 1217
30 1378
30 1397
30 1529
30 1541
30 1835
30 2052
30 2151
30 2406
30 2459
30 3318
30 3434
30 3465
30 3565
30 3571
30 3977
30 4085
30 4181
30 4261
30 4322
30 4367
30 4481
30 4716
30 4732
31 72
31 108
31 225
31 389
31 746
31 1086
31 3334
31 4585
31 4617
32 38
32 126
32 306
32 356
32 437
32 480
32 740
32 905
32 978
32 1480
32 1721
32 2981
33 55
33 94
33 114
33 115
33 116
33 227
33 228
33 361
33 363
33 453
33 510
33 575
33 1049
33 1074
33 1549
33 1554
33 1587
33 1726
33 2131
33 2375
33 2410
33 2508
33 2575
33 2597
33 2661
33 2798
33 2856
33 3024
33 3118
33 3192
33 3359
33 3557
33 3683
33 3687
33 3850
33 4004
33 4041
33 4100
33 4107
33 4639
33 4808
33 4855
34 63
34 64
34 73
34 89
34 177
34 189
34 247
34 267
34 288
34 315
34 368
34 377
34 388
34 410
34 422
34 467
34 657
34 658
34 690
34 694
34 759
34 834
34 1189
34 1221
34 1740
34 1760
34 1823
34 1979
34 2172
34 2361
34 2484
34 2665
34 2944
34 2980
34 3514
34 3587
34 3906
34 4138
34 4285
34 4369
34 4567
34 4673
34 4798
34 4853
35 37
35 50
35 53
35 56
35 58
35 67
35 75
35 78
35 85
35 87
35 89
35 104
35 105
35 115
35 147
35 151
35 158
35 201
35 231
35 262
35 278
35 284
35 318
35 344
35 442
35 462
35 465
35 468
35 489
35 490
35 518
35 541
35 549
35 628
35 632
35 666
35 729
35 845
35 853
35 910
35 924
35 974
35 993
35 1023
35 1029
35 1046
35 1100
35 1121
35 1122
35 1163
35 1252
35 1324
35 1439
35 1473
35 1482
35 1695
35 1702
35 1826
35 1944
35 1956
35 1979
35 2026
35 2172
35 2179
35 2185
35 2192
35 2446
35 2474
35 2555
35 2713
35 2745
35 2747
35 2768
35 2836
35 2901
35 2956
35 3138
35 3171
35 3293
35 3377
35 3397
35 3448
35 3539
35 3543
35 3561
35 3618
35 3695
35 3792
35 3888
35 3910
35 3926
35 3977
35 4006
35 4035
35 4079
35 4124
35 4217
35 4235
35 4314
35 4447
35 4457
35 4516
35 4581
35 4642
35 4669
35 4687
35 4732
35 4733
35 4774
35 4850
35 4938
36 46
36 54
36 71
36 88
36 101
36 109
36 120
36 194
36 206
36 259
36 291
36 296
36 425
36 426
36 473
36 583
36 816
36 1103
36 1181
36 1356
36 1524
36 1553
36 1711
36 1870
36 2033
36 2199
36 2476
36 2850
36 2882
36 2889
36 3340
36 3639
36 3740
36 3988
36 3997
36 4098
36 4103
36 4254
36 4758
37 56
37 67
37 89
37 94
37 97
37 102
37 104
37 106
37 137
37 153
37 188
37 202
37 244
37 261
37 282
37 295
37 304
37 347
37 366
37 385
37 397
37 424
37 440
37 458
37 460
37 490
37 494
37 500
37 609
37 639
37 650
37 700
37 767
37 961
37 998
37 1007
37 1069
37 1107
37 1112
37 1183
37 1199
37 1239
37 1289
37 1326
37 1388
37 1503
37 1588
37 1659
37 1745
37 1843
37 1925
37 1975
37 1981
37 2030
37 2034
37 2125
37 2176
37 2230
37 2243
37 2287
37 2315
37 2355
37 2369
37 2442
37 2539
37 2607
37 2612
37 2705
37 2711
37 2786
37 2828
37 2882
37 3039
37 3262
37 3279
37 3343
37 3456
37 4094
37 4297
37 4371
37 4391
37 4622
37 4745
37 4857
37 4950
37 4965
38 39
38 200
38 319
38 430
38 484
38 525
38 799
38 1507
38 2993
38 3150
38 3464
38 4460
38 4771
39 50
39 62
39 133
39 134
39 142
39 163
39 182
39 250
39 271
39 288
39 333
39 338
39 372
39 412
39 520
39 557
39 598
39 630
39 743
39 798
39 918
39 942
39 976
39 1206
39 1228
39 1555
39 1665
39 1738
39 1774
39 1790
39 2488
39 2500
39 4106
39 4542
39 4659
40 63
40 72
40 79
40 123
40 124
40 186
40 203
40 223
40 225
40 326
40 364
40 384
40 424
40 433
40 764
40 765
40 864
40 874
40 947
40 1026
40 1079
40 1348
40 1531
40 1543
40 1654
40 1658
40 1763
40 1985
40 2108
40 2197
40 2208
40 2465
40 2466
40 2619
40 3469
40 3555
40 3613
40 3684
40 3814
40 4313
40 4545
40 4662
40 4711
41 51
41 323
41 337
41 507
41 517
41 532
41 597
41 618
41 656
41 712
41 778
41 789
41 793
41 803
41 844
41 856
41 862
41 992
41 1120
41 1542
41 1801
41 1817
41 1914
41 1987
41 2267
41 2386
41 2526
41 2531
41 3147
41 3462
41 3778
41 3979
41 4128
41 4418
41 4431
41 4536
41 4706
41 4822
42 59
42 66
42 148
42 159
42 183
42 230
42 258
42 464
42 965
42 1065
42 1104
42 1917
42 2211
42 2587
42 2726
42 2963
42 2976
42 2997
42 3961
42 4265
42 4276
42 4594
42 4595
42 4690
42 4917
42 4938
43 68
43 81
43 107
43 156
43 185
43 222
43 228
43 336
43 342
43 348
43 438
43 458
43 515
43 573
43 752
43 790
43 803
43 807
43 845
43 931
43 1007
43 1426
43 1540
43 1603
43 1794
43 1936
43 1996
43 2309
43 2374
43 2528
43 2600
43 2811
43 2866
43 2886
43 3178
43 3984
43 3985
43 4172
43 4322
43 4352
43 4363
43 4479
43 4696
43 4761
44 69
44 78
44 93
44 132
44 145
44 157
44 252
44 280
44 309
44 377
44 378
44 398
44 470
44 503
44 521
44 546
44 552
44 565
44 623
44 682
44 707
44 726
44 767
44 779
44 821
44 865
44 887
44 896
44 1073
44 1089
44 1138
44 1139
44 1144
44 1154
44 1229
44 1271
44 1411
44 1479
44 1490
44 1675
44 1718
44 1751
44 1878
44 1962
44 2022
44 2031
44 2138
44 2357
44 2418
44 2481
44 2502
44 2647
44 2651
44 2704
44 2752
44 2784
44 2803
44 2813
44 2844
44 3000
44 3137
44 3206
44 3369
44 3487
44 3541
44 3594
44 3686
44 3758
44 3765
44 3814
44 3899
44 3939
44 4060
44 4290
44 4352
44 4422
44 4489
44 4497
44 4643
44 4767
45 53
45 206
45 250
45 263
45 368
45 398
45 406
45 513
45 799
45 826
45 841
45 1186
45 1231
45 1254
45 1302
45 1438
45 1446
45 1599
45 1792
45 1992
45 2069
45 2078
45 2089
45 2293
45 2606
45 2649
45 2928
45 3011
45 3281
45 3450
45 3772
45 4234
45 4379
46 86
46 253
46 272
46 291
46 312
46 325
46 578
46 753
46 831
46 866
46 1053
46 1125
46 1235
46 1374
46 2056
46 2118
46 2258
46 2292
46 3385
46 3801
46 4002
46 4226
46 4610
47 106
47 118
47 120
47 143
47 246
47 448
47 738
47 769
47 835
47 869
47 1064
47 1077
47 1128
47 1255
47 1266
47 1371
47 1375
47 1779
47 2095
47 2106
47 2190
47 2355
47 2404
47 2527
47 2536
47 2724
47 2775
47 2979
47 3527
47 4133
47 4234
47 4289
47 4307
47 4338
48 60
48 95
48 133
48 140
48 386
48 570
48 842
48 843
48 1169
48 2036
48 3101
48 4809
49 171
49 530
49 765
49 1025
49 1280
49 1402
49 1564
49 1995
49 2017
49 2177
49 2616
49 2669
49 2691
49 2779
49 2905
49 3914
49 4563
50 62
50 82
50 101
50 102
50 161
50 176
50 192
50 204
50 219
50 242
50 247
50 314
50 364
50 372
50 407
50 410
50 411
50 488
50 589
50 595
50 601
50 691
50 716
50 775
50 783
50 798
50 823
50 832
50 876
50 970
50 1015
50 1046
50 1066
50 1094
50 1163
50 1177
50 1181
50 1220
50 1376
50 1392
50 1526
50 1527
50 1688
50 1766
50 2098
50 2226
50 2255
50 2279
50 2341
50 2371
50 2377
50 2436
50 2460
50 2759
50 2763
50 2860
50 2881
50 2933
50 3007
50 3022
50 3167
50 3378
50 3664
50 3765
50 3768
50 3981
50 4008
50 4021
50 4190
50 4206
50 4331
50 4452
50 4534
50 4568
50 4709
50 4825
50 4983
51 101
51 104
51 144
51 166
51 190
51 256
51 278
51 289
51 298
51 403
51 463
51 472
51 517
51 560
51 620
51 663
51 671
51 704
51 768
51 846
51 862
51 875
51 913
51 1015
51 1099
51 1400
51 1470
51 1607
51 1667
51 1858
51 2267
51 2298
51 2373
51 2407
51 2500
51 2658
51 3020
51 3171
51 3960
51 4008
51 4071
51 4225
51 4320
51 4564
51 4712
52 184
52 193
52 243
52 289
52 353
52 414
52 453
52 541
52 698
52 933
52 962
52 966
52 1026
52 1347
52 1379
52 1382
52 1749
52 1770
52 2037
52 2120
52 2364
52 2508
52 2570
52 2663
52 2672
52 2969
52 3066
52 3208
52 3227
52 3245
52 3256
52 3301
52 3328
52 3673
52 3708
52 4047
52 4087
52 4149
52 4304
52 4363
52 4522
52 4658
52 4742
52 4811
53 59
53 60
53 95
53 113
53 139
53 140
53 153
53 160
53 187
53 189
53 210
53 275
53 283
53 303
53 306
53 339
53 359
53 383
53 447
53 452
53 587
53 645
53 663
53 718
53 779
53 864
53 899
53 931
53 947
53 968
53 969
53 989
53 992
53 1022
53 1080
53 1135
53 1159
53 1232
53 1275
53 1313
53 1330
53 1403
53 1411
53 1414
53 1485
53 1592
53 1593
53 1697
53 1806
53 1830
53 1911
53 2088
53 2131
53 2378
53 2475
53 2692
53 2729
53 2764
53 2772
53 2817
53 2838
53 2850
53 2941
53 3038
53 3149
53 3175
53 3335
53 3402
53 3410
53 3480
53 3785
53 3793
53 3816
53 3920
53 4104
53 4230
53 4256
53 4448
53 4581
53 4647
53 4658
53 4914
54 175
54 229
54 262
54 318
54 632
54 961
54 2125
54 4203
55 77
55 115
55 150
55 215
55 295
55 452
55 460
55 639
55 1037
55 1075
55 1470
55 1666
55 1718
55 1910
55 2138
55 2182
55 2294
55 3154
55 3358
55 3366
55 4159
55 4455
55 4853
56 317
56 474
56 1263
56 1748
56 3074
57 83
57 105
57 133
57 136
57 155
57 159
57 303
57 305
57 405
57 421
57 423
57 482
57 499
57 559
57 562
57 582
57 694
57 754
57 816
57 830
57 845
57 884
57 928
57 943
57 1050
57 1090
57 1119
57 1441
57 1490
57 1516
57 1620
57 1698
57 1701
57 1712
57 1787
57 1852
57 1909
57 2058
57 2155
57 2194
57 2210
57 2281
57 2347
57 2435
57 2456
57 2474
57 2491
57 2542
57 2695
57 2699
57 2992
57 3038
57 3047
57 3069
57 3255
57 3372
57 3714
57 3810
57 3870
57 3896
57 4184
57 4283
57 4406
57 4426
57 4474
57 4647
57 4960
58 71
58 80
58 95
58 236
58 378
58 418
58 426
58 594
58 770
58 792
58 892
58 910
58 937
58 945
58 1010
58 1027
58 1132
58 1725
58 1743
58 1800
58 1847
58 1990
58 2137
58 2197
58 2382
58 2428
58 2643
58 2841
58 2914
58 2972
58 3041
58 3042
58 3139
58 3277
58 3346
58 3354
58 3401
58 3642
58 3975
58 3990
58 4089
58 4877
58 4919
59 163
59 226
59 264
59 293
59 393
59 762
59 805
59 808
59 1041
59 1146
59 1231
59 1416
59 1455
59 1489
59 1504
59 1530
59 1535
59 1557
59 1722
59 1922
59 2165
59 2350
59 2423
59 2482
59 2573
59 2592
59 2637
59 2664
59 3342
59 3399
59 3501
59 3818
59 3856
59 4000
59 4168
59 4219
59 4257
59 4392
59 4592
59 4657
59 4878
60 88
60 153
60 161
60 163
60 281
60 374
60 435
60 626
60 963
60 997
60 1000
60 1005
60 1296
60 1330
60 1365
60 1390
60 1479
60 2324
60 2349
60 2759
60 3078
60 3221
60 3278
60 4004
60 4416
60 4590
60 4635
61 100
61 199
61 217
61 311
61 352
61 546
61 809
61 820
61 855
61 863
61 1037
61 1055
61 1179
61 1272
61 1492
61 1617
61 1734
61 1835
61 1868
61 2344
61 2617
61 2834
61 2847
61 2885
61 3595
61 3803
61 4510
61 4890
61 4895
62 172
62 286
62 324
62 333
62 347
62 412
62 596
62 634
62 860
62 1076
62 1222
62 1261
62 1444
62 1544
62 1834
62 1991
62 2017
62 2260
62 2295
62 2316
62 2543
62 2650
62 2957
62 3101
62 3158
62 4057
62 4109
62 4849
63 73
63 76
63 94
63 256
63 267
63 309
63 384
63 403
63 451
63 528
63 570
63 657
63 922
63 1096
63 1137
63 1471
63 1505
63 1560
63 1883
63 1939
63 2120
63 2882
63 3379
63 3733
63 4357
64 178
64 239
64 503
64 545
64 1178
64 1469
64 1544
64 1861
64 2146
64 2316
64 2421
64 2570
64 2771
64 3537
64 3687
65 115
65 198
65 301
65 448
65 514
65 623
65 745
65 908
65 927
65 1406
65 2222
65 2396
65 3625
65 3968
65 4537
66 83
66 97
66 102
66 197
66 200
66 227
66 255
66 279
66 573
66 603
66 752
66 756
66 909
66 911
66 1211
66 1241
66 1488
66 1513
66 1643
66 1980
66 2239
66 2289
66 2424
66 2989
66 3018
66 3201
66 3237
66 3285
66 3425
66 3728
66 3819
66 4191
66 4396
66 4464
66 4662
66 4879
66 4880
66 4900
67 105
67 282
67 439
67 440
67 494
67 848
67 1795
67 3240
68 75
68 110
68 165
68 170
68 429
68 456
68 573
68 581
68 665
68 691
68 702
68 979
68 1004
68 1090
68 1108
68 1164
68 1423
68 1720
68 1927
68 1928
68 2056
68 2300
68 2308
68 2359
68 2618
68 3200
68 3531
68 3774
68 3792
68 3842
68 3957
68 4048
68 4434
68 4534
68 4829
69 169
69 203
69 242
69 548
69 610
69 804
69 823
69 1125
69 1508
69 1537
69 1955
69 2279
69 2447
69 3279
69 3321
69 3792
69 3892
69 3939
69 4190
69 4227
69 4324
69 4458
69 4703
69 4828
70 72
70 74
70 82
70 107
70 280
70 322
70 395
70 488
70 493
70 534
70 568
70 622
70 649
70 1052
70 1062
70 1158
70 1322
70 1360
70 1415
70 1454
70 1549
70 1670
70 1799
70 1849
70 1903
70 2027
70 2322
70 2471
70 2610
70 2613
70 3046
70 3280
70 3558
70 3794
70 3867
70 4390
70 4596
70 4631
71 179
71 186
71 206
71 215
71 258
71 434
71 475
71 484
71 614
71 650
71 757
71 781
71 987
71 1020
71 1401
71 2608
71 3172
71 3389
71 3413
71 3898
71 4082
71 4537
71 4875
72 74
72 207
72 321
72 487
72 659
72 1096
72 1294
72 1415
72 1422
72 2135
72 2157
72 2270
73 145
73 196
73 227
73 315
73 446
73 449
73 505
73 528
73 585
73 621
73 847
73 1071
73 1114
73 1131
73 1198
73 1242
73 1307
73 1312
73 1329
73 1361
73 1419
73 1764
73 1773
73 1820
73 1865
73 1962
73 2057
73 2133
73 2360
73 2656
73 2694
73 2751
73 2911
73 2916
73 3107
73 3181
73 3376
73 3569
73 3629
73 3720
73 3823
73 3845
73 3919
73 4136
73 4179
73 4228
73 4343
73 4365
73 4456
73 4532
73 4560
73 4874
73 4898
73 4972
74 109
74 137
74 171
74 252
74 534
74 540
74 630
74 743
74 915
74 921
74 968
74 973
74 1056
74 1160
74 1248
74 1320
74 1425
74 1571
74 1692
74 1898
74 1997
74 2223
74 2270
74 2582
74 2797
74 3159
74 3179
74 3337
74 3490
74 3506
74 3577
74 3771
74 3804
74 3948
74 3983
74 4215
75 110
75 188
75 227
75 229
75 270
75 429
75 548
75 597
75 654
75 880
75 986
75 1030
75 1410
75 1533
75 1578
75 1775
75 1953
75 2185
75 2630
75 2747
75 2770
75 3066
75 3231
75 3397
75 3637
75 4206
75 4801
76 84
76 189
76 208
76 294
76 306
76 349
76 404
76 447
76 454
76 585
76 586
76 681
76 728
76 921
76 1235
76 1260
76 1277
76 1400
76 1498
76 1523
76 1573
76 1735
76 1742
76 1786
76 1837
76 1872
76 1900
76 2041
76 2254
76 2339
76 2396
76 2425
76 2559
76 2578
76 2593
76 2922
76 2992
76 3177
76 3178
76 3746
76 3981
76 4281
76 4409
76 4619
77 101
77 239
77 365
77 661
77 702
77 874
77 909
77 1340
77 1496
77 1568
77 1693
77 1950
77 2577
77 3439
77 3805
77 3967
77 4517
77 4893
77 4940
78 99
78 112
78 116
78 149
78 183
78 236
78 259
78 266
78 363
78 417
78 428
78 446
78 453
78 476
78 492
78 525
78 529
78 561
78 606
78 613
78 783
78 784
78 812
78 843
78 872
78 1051
78 1084
78 1162
78 1213
78 1370
78 1374
78 1419
78 1440
78 1456
78 1545
78 1576
78 1580
78 1586
78 1611
78 1632
78 1714
78 1762
78 1807
78 1893
78 2019
78 2064
78 2084
78 2095
78 2115
78 2154
78 2186
78 2348
78 2361
78 2420
78 2492
78 2542
78 2662
78 2673
78 2868
78 2892
78 2974
78 3116
78 3252
78 3292
78 3310
78 3374
78 3458
78 3459
78 3527
78 3554
78 3668
78 3881
78 3897
78 4078
78 4389
78 4462
78 4604
78 4874
78 4976
79 84
79 121
79 154
79 174
79 194
79 245
79 264
79 347
79 427
79 468
79 1020
79 1246
79 1289
79 1754
79 1761
79 1916
79 2833
79 3131
79 3176
79 3484
79 3739
79 3936
79 4335
79 4649
79 4671
80 300
80 432
80 600
80 753
80 898
80 2745
80 2944
80 3376
80 3945
80 4887
81 240
81 245
81 466
81 515
81 781
81 837
81 941
81 972
81 1076
81 1122
81 1195
81 1273
81 1518
81 2126
81 2964
81 3138
81 3213
81 3311
81 3571
81 4440
81 4577
81 4666
82 113
82 205
82 211
82 309
82 340
82 357
82 360
82 445
82 488
82 495
82 559
82 595
82 651
82 728
82 744
82 916
82 1030
82 1158
82 1165
82 1534
82 1566
82 1711
82 2083
82 2276
82 2313
82 2320
82 2322
82 2389
82 2412
82 2413
82 2467
82 2566
82 2685
82 2719
82 2804
82 2923
82 3051
82 3225
82 3378
82 3428
82 3469
82 3522
82 3813
82 4064
82 4289
82 4346
82 4349
82 4421
82 4633
82 4696
82 4940
83 179
83 211
83 241
83 353
83 426
83 472
83 481
83 547
83 567
83 644
83 734
83 748
83 1050
83 1230
83 1237
83 1288
83 1318
83 1858
83 1988
83 2338
83 2894
83 3255
83 3344
83 3598
83 4440
83 4725
83 4755
84 134
84 139
84 149
84 156
84 180
84 213
84 214
84 229
84 247
84 287
84 316
84 351
84 370
84 422
84 423
84 587
84 597
84 646
84 681
84 725
84 760
84 854
84 872
84 977
84 1166
84 1180
84 1242
84 1252
84 1310
84 1352
84 1422
84 1538
84 1539
84 1648
84 1709
84 1713
84 1727
84 1772
84 1972
84 2231
84 2331
84 2383
84 2482
84 2676
84 2738
84 2750
84 2910
84 2993
84 3071
84 3150
84 3272
84 3289
84 3371
84 3461
84 3684
84 3899
84 4160
84 4478
84 4739
84 4780
84 4955
85 119
85 198
85 567
85 641
85 660
85 789
85 821
85 1005
85 1128
85 1229
85 1260
85 1572
85 1629
85 1631
85 1717
85 2461
85 2883
85 3072
85 3412
85 3725
85 4096
85 4158
85 4490
85 4813
85 4852
86 103
86 198
86 218
86 301
86 325
86 500
86 574
86 742
86 783
86 1326
86 3109
86 3356
86 3961
86 4693
87 104
87 245
87 499
87 502
87 556
87 606
87 651
87 1082
87 1161
87 1673
87 1954
87 3447
87 4461
88 246
88 299
88 551
88 604
88 764
88 2026
88 2206
88 3417
88 3861
88 4525
89 191
89 194
89 268
89 278
89 286
89 313
89 381
89 397
89 570
89 777
89 819
89 850
89 901
89 1065
89 1215
89 1343
89 1518
89 1647
89 1654
89 1927
89 1929
89 2067
89 2124
89 2133
89 2230
89 2478
89 2607
89 2619
89 2646
89 2659
89 2846
89 3016
89 3282
89 3485
89 3659
89 3673
89 3836
89 3905
89 3951
89 4135
89 4233
89 4341
89 4646
89 4822
89 4928
90 123
90 236
90 348
90 402
90 404
90 552
90 719
90 902
90 1031
90 1078
90 1786
90 2287
90 2544
90 2757
90 3050
90 4060
90 4495
90 4582
91 100
91 185
91 329
91 472
91 479
91 480
91 605
91 663
91 698
91 818
91 1233
91 1321
91 1356
91 1533
91 2027
91 2080
91 2174
91 2498
91 4075
91 4114
92 147
92 168
92 173
92 231
92 393
92 402
92 529
92 621
92 654
92 658
92 711
92 714
92 836
92 867
92 868
92 881
92 958
92 1010
92 1070
92 1148
92 1369
92 1370
92 1417
92 1446
92 1632
92 1639
92 1653
92 1655
92 1767
92 1784
92 1895
92 1998
92 2111
92 2129
92 2320
92 2347
92 2388
92 2416
92 2529
92 2618
92 2624
92 2731
92 2942
92 3194
92 3241
92 3369
92 3452
92 3784
92 3855
92 3897
92 3946
92 4125
92 4196
92 4268
92 4388
92 4401
92 4735
93 98
93 209
93 216
93 241
93 254
93 392
93 416
93 424
93 490
93 507
93 584
93 600
93 770
93 771
93 1043
93 1062
93 1405
93 1406
93 1458
93 1676
93 1898
93 2250
93 2556
93 2738
93 3037
93 3337
93 3386
93 3485
93 3544
93 3663
93 3896
93 4109
93 4122
93 4134
93 4195
93 4326
94 130
94 139
94 436
94 1231
94 2029
94 2802
94 3118
94 3519
94 4218
95 181
95 352
95 465
95 689
95 807
95 1650
95 1697
95 2167
95 3324
96 141
96 297
96 302
96 774
96 943
96 1086
96 1088
96 1515
96 3302
97 226
97 269
97 344
97 424
97 522
97 556
97 607
97 756
97 825
97 901
97 973
97 1016
97 1073
97 1093
97 1136
97 1251
97 1264
97 1348
97 1776
97 1988
97 2012
97 2331
97 2467
97 2545
97 3043
97 3045
97 3155
97 3164
97 3530
97 3767
97 3799
97 4303
98 194
98 232
98 393
98 475
98 587
98 615
98 647
98 764
98 952
98 989
98 1621
98 1822
98 1834
98 1856
98 2059
98 2204
98 2776
98 3181
98 3231
98 3249
98 3309
98 3345
98 4400
98 4457
99 137
99 392
99 470
99 962
99 1741
99 2447
99 3470
99 4097
99 4336
99 4353
100 1182
100 1230
100 1511
100 1861
100 2125
100 2163
100 2599
100 3082
100 3493
100 4871
101 183
101 298
101 311
101 366
101 456
101 509
101 594
101 698
101 719
101 765
101 768
101 791
101 918
101 1156
101 1161
101 1185
101 1327
101 1584
101 1676
101 1681
101 1906
101 1927
101 2206
101 2283
101 2534
101 2873
101 2924
101 2927
101 3400
101 3472
101 3608
101 3712
101 3829
101 3868
101 3922
101 3933
101 4043
101 4461
101 4612
101 4772
102 116
102 120
102 556
102 1361
102 1392
102 2266
102 2935
102 3201
102 3212
102 4057
103 163
103 205
103 367
103 475
103 543
103 548
103 662
103 842
103 1259
103 1743
103 2550
103 2551
103 2665
103 2771
103 3241
103 3453
103 3722
103 4051
104 130
104 166
104 362
104 917
104 1004
104 3332
104 4721
105 157
105 187
105 216
105 240
105 307
105 380
105 439
105 463
105 482
105 538
105 652
105 820
105 829
105 874
105 886
105 951
105 1038
105 1061
105 1221
105 1408
105 1438
105 1464
105 1574
105 1695
105 1807
105 1854
105 1874
105 2408
105 2454
105 2680
105 2766
105 3112
105 3179
105 3259
105 3406
105 3585
105 3739
105 3917
105 3934
105 4393
105 4666
105 4697
105 4754
106 113
106 122
106 162
106 215
106 261
106 496
106 540
106 588
106 733
106 769
106 842
106 1081
106 1121
106 1306
106 1587
106 1626
106 1673
106 2390
106 2407
106 2509
106 2641
106 2728
106 3455
106 3672
106 3872
106 3949
106 4134
106 4305
106 4413
106 4551
106 4570
106 4717
106 4873
106 4919
107 158
107 233
107 243
107 277
107 395
107 417
107 746
107 1012
107 1069
107 1142
107 1183
107 1228
107 1360
107 1369
107 1377
107 1380
107 1671
107 1685
107 1819
107 2349
107 2552
107 2711
107 2721
107 3195
107 3558
107 3720
107 3751
107 3876
107 3930
107 4111
107 4221
107 4651
107 4765
108 136
108 146
108 170
108 234
108 384
108 629
108 828
108 992
108 1520
108 1583
108 1600
108 2598
108 2889
108 3497
108 3649
108 3704
108 4077
108 4165
108 4475
108 4536
108 4585
108 4901
109 387
109 456
109 856
109 1711
109 2074
109 2120
109 3003
109 3431
109 3707
109 4143
109 4254
109 4349
109 4509
110 242
110 342
110 374
110 665
110 668
110 977
110 2352
110 2450
110 2760
110 2792
110 3364
111 631
111 730
111 892
111 1001
111 1234
111 1754
111 1974
111 2086
111 2363
111 2634
111 3699
112 569
112 958
112 2574
112 2673
113 114
113 121
113 123
113 256
113 301
113 383
113 405
113 795
113 894
113 898
113 982
113 1020
113 1142
113 1283
113 1371
113 1430
113 1751
113 1796
113 1914
113 2077
113 2083
113 2377
113 2580
113 2604
113 3273
113 3432
113 3584
113 3863
113 3941
113 4485
113 4642
113 4875
114 180
114 213
114 360
114 363
114 382
114 430
114 720
114 751
114 856
114 956
114 1797
114 1897
114 1904
114 2380
114 2458
114 2631
114 3108
114 3275
114 3771
114 4733
115 224
115 452
115 623
115 1249
115 1641
115 1950
115 2480
115 2516
115 3494
115 3820
115 3877
115 4004
115 4139
115 4986
116 149
116 156
116 357
116 369
116 562
116 654
116 669
116 725
116 766
116 1049
116 1105
116 1169
116 1359
116 1370
116 1602
116 1657
116 1687
116 1723
116 1750
116 1859
116 1887
116 2018
116 2467
116 2622
116 3733
116 4351
116 4544
116 4905
117 124
117 182
117 184
117 222
117 240
117 292
117 314
117 378
117 379
117 581
117 629
117 642
117 680
117 723
117 947
117 1228
117 1309
117 1398
117 1731
117 1866
117 1916
117 2071
117 2331
117 2480
117 2730
117 2822
117 2902
117 2995
117 3201
117 3393
117 3545
117 3592
117 3712
117 3755
117 4450
117 4546
117 4669
117 4995
118 120
118 129
118 162
118 265
118 312
118 396
118 451
118 479
118 497
118 507
118 539
118 633
118 687
118 731
118 810
118 841
118 858
118 901
118 1091
118 1124
118 1186
118 1210
118 1355
118 1421
118 1487
118 1563
118 1667
118 1732
118 1884
118 2204
118 2216
118 2365
118 2388
118 2398
118 2406
118 2572
118 2638
118 2714
118 2904
118 2931
118 3052
118 3340
118 3409
118 3534
118 3567
118 3572
118 4058
118 4156
118 4466
118 4571
118 4606
118 4660
118 4681
118 4773
119 688
119 877
119 1392
119 1631
119 2000
119 2501
119 3218
119 4012
120 131
120 151
120 233
120 294
120 312
120 389
120 432
120 734
120 950
120 1170
120 1428
120 1560
120 2069
120 2367
120 2502
120 2741
120 2997
120 4654
120 4807
121 147
121 174
121 411
121 467
121 705
121 1452
121 1585
121 1623
121 1890
121 1936
121 2187
121 2471
121 2626
121 2869
121 3037
121 3436
121 3561
121 3901
121 4026
121 4115
121 4169
121 4298
121 4383
121 4642
121 4886
122 266
122 290
122 307
122 329
122 330
122 414
122 612
122 852
122 924
122 1060
122 1080
122 1267
122 1573
122 1771
122 1781
122 2096
122 3152
122 3236
122 3254
122 3824
122 4238
122 4855
122 4979
123 228
123 291
123 397
123 421
123 559
123 733
123 893
123 939
123 959
123 999
123 1139
123 1766
123 2549
123 2586
123 2681
123 2690
123 2891
123 4260
123 4435
123 4811
124 148
124 157
124 322
124 326
124 343
124 346
124 394
124 403
124 441
124 457
124 463
124 550
124 1053
124 1168
124 1239
124 1267
124 1297
124 1342
124 1547
124 1655
124 1674
124 1730
124 1891
124 1951
124 2015
124 2072
124 2546
124 2843
124 2995
124 3229
124 3262
124 3276
124 3429
124 3876
124 3946
124 4135
124 4147
124 4453
124 4625
124 4627
124 4838
125 154
125 167
125 219
125 221
125 339
125 379
125 727
125 869
125 1051
125 1108
125 1196
125 1225
125 1390
125 1640
125 1655
125 1833
125 1888
125 2042
125 2111
125 2180
125 2234
125 2519
125 2639
125 2675
125 4075
125 4123
125 4402
125 4586
125 4611
125 4706
125 4756
125 4757
125 4849
125 4900
125 4947
126 152
126 214
126 252
126 288
126 333
126 359
126 393
126 433
126 494
126 531
126 740
126 766
126 905
126 917
126 1310
126 1365
126 1597
126 1853
126 1922
126 2016
126 2050
126 2302
126 2689
126 2750
126 3186
126 3209
126 3217
126 3294
126 3562
126 3637
126 4383
126 4577
126 4750
127 435
127 474
127 625
127 2123
127 2323
127 2688
127 2734
127 3232
128 289
128 884
128 1255
128 2796
128 4694
129 174
129 199
129 218
129 235
129 242
129 251
129 526
129 538
129 549
129 557
129 627
129 800
129 1410
129 1857
129 1971
129 2117
129 2175
129 2425
129 2445
129 2825
129 2991
129 3035
129 3727
129 4474
129 4502
129 4961
130 162
130 207
130 336
130 360
130 473
130 487
130 653
130 738
130 835
130 854
130 948
130 1014
130 1168
130 1173
130 1279
130 1315
130 1357
130 1362
130 1380
130 1383
130 1432
130 1462
130 1551
130 1634
130 1815
130 1832
130 1873
130 1911
130 1938
130 2319
130 2588
130 2722
130 2743
130 2802
130 2981
130 3245
130 3383
130 3583
130 3618
130 3725
130 3958
130 4315
130 4428
130 4503
130 4597
130 4958
130 4988
131 143
131 251
131 349
131 554
131 1380
131 1686
131 1961
131 3577
131 3636
131 4203
131 4705
131 4906
132 157
132 261
132 438
132 445
132 471
132 517
132 569
132 676
132 683
132 696
132 704
132 857
132 1184
132 1258
132 1391
132 1634
132 1827
132 1894
132 1930
132 2158
132 2160
132 2198
132 2250
132 2296
132 2514
132 2589
132 2626
132 2891
132 2955
132 2963
132 3289
132 3357
132 4039
132 4237
132 4265
132 4494
133 1151
133 1265
133 1347
133 1559
133 1650
133 1852
133 2037
133 2152
133 2543
133 2556
133 2747
133 2984
133 3439
133 3909
133 4851
134 182
134 427
134 438
134 875
134 942
134 1066
134 1493
134 1610
134 2213
134 2561
134 3080
134 3125
134 3284
134 3640
134 3929
134 4699
134 4961
135 276
135 557
135 720
135 918
135 1153
135 1249
135 1618
135 2021
135 2237
135 2408
135 2624
135 3295
135 3660
135 3766
136 204
136 831
136 2099
137 251
137 253
137 450
137 808
137 915
137 1319
137 1510
137 1976
137 2061
137 2105
137 2202
137 2243
137 2701
137 3075
137 3250
137 3570
137 3572
137 4013
137 4207
137 4282
137 4783
138 141
138 166
138 184
138 399
138 479
138 549
138 565
138 787
138 869
138 1122
138 1135
138 1176
138 1766
138 1796
138 1953
138 1971
138 1979
138 2052
138 2136
138 3585
138 3657
138 3737
138 3759
138 3938
138 4368
138 4436
138 4645
138 4753
138 4858
138 4978
139 176
139 180
139 243
139 277
139 355
139 372
139 399
139 422
139 461
139 630
139 739
139 909
139 1211
139 1322
139 1486
139 1661
139 1907
139 1999
139 2297
139 2563
139 2911
139 2957
139 3121
139 3842
139 3858
139 4081
139 4483
139 4732
139 4763
140 191
140 335
140 418
140 667
140 701
140 1194
140 1328
140 1593
140 1676
140 1757
140 2113
140 2456
140 2876
140 3566
140 3695
140 4006
140 4513
141 367
141 713
141 778
141 1036
141 1135
141 1279
141 1481
141 1554
141 1601
141 1648
141 1877
141 1949
141 2427
141 2460
141 2526
141 2562
141 4001
141 4322
141 4528
142 151
142 155
142 210
142 276
142 467
142 900
142 903
142 1049
142 1259
142 1562
142 1647
142 1946
142 2014
142 2738
142 2765
142 2926
142 3063
142 3172
142 3180
142 3460
142 4160
142 4241
142 4714
142 4982
143 209
143 316
143 526
143 628
143 820
143 869
143 1515
143 1715
143 1758
143 1948
143 2721
143 3022
143 3387
143 3688
144 146
144 232
144 263
144 390
144 401
144 465
144 666
144 693
144 975
144 1045
144 2605
144 2797
144 3143
144 3235
144 3253
144 3734
144 4073
145 195
145 294
145 375
145 545
145 688
145 779
145 852
145 1002
145 1138
145 1139
145 1820
145 3763
145 3959
145 4273
145 4289
145 4814
145 4901
145 4945
146 170
146 295
146 469
146 567
146 621
146 673
146 681
146 706
146 812
146 819
146 830
146 873
146 942
146 1111
146 1271
146 1390
146 1415
146 1576
146 1609
146 1699
146 1721
146 1783
146 1840
146 1855
146 1918
146 1946
146 2271
146 2422
146 2476
146 2490
146 2507
146 2705
146 2850
146 2934
146 3082
146 3253
146 3453
146 3745
146 3764
146 4056
146 4172
146 4179
146 4257
146 4911
147 173
147 187
147 259
147 271
147 296
147 344
147 442
147 497
147 584
147 616
147 697
147 935
147 1067
147 1292
147 1543
147 1829
147 2207
147 2224
147 2238
147 2696
147 2731
147 2948
147 3090
147 3113
147 3347
147 3573
147 4124
147 4209
147 4863
148 230
148 257
148 258
148 408
148 639
148 965
148 1744
148 2330
148 3730
148 4169
148 4399
148 4463
148 4595
149 205
149 321
149 486
149 504
149 677
149 700
149 707
149 1434
149 1702
149 1710
149 1734
149 1838
149 1975
149 2215
149 2348
149 2383
149 2500
149 2623
149 2765
149 3251
149 3283
149 3351
149 3704
149 3983
149 4575
149 4736
150 237
150 371
150 613
150 1094
150 1106
150 1418
150 1617
150 1920
150 2204
150 2233
150 2453
150 2516
150 2646
150 3204
150 3658
150 4135
150 4770
150 4924
151 210
151 314
151 464
151 467
151 681
151 900
151 1014
151 1224
151 1605
151 1628
151 2397
151 2498
151 2550
151 2917
151 2953
151 3126
151 3142
151 4762
151 4779
152 209
152 274
152 311
152 340
152 359
152 370
152 511
152 583
152 598
152 936
152 964
152 1216
152 1933
152 2298
152 3843
152 3903
153 164
153 225
153 485
153 546
153 547
153 596
153 993
153 1171
153 1450
153 1631
153 2172
153 2305
153 3670
153 4092
153 4601
154 789
154 849
154 1846
154 1944
154 2074
154 2195
154 2294
154 2847
154 4077
155 196
155 204
155 276
155 285
155 303
155 332
155 392
155 449
155 499
155 524
155 682
155 709
155 734
155 857
155 1039
155 1049
155 1095
155 1175
155 1420
155 1481
155 1584
155 1754
155 1782
155 1803
155 1969
155 2150
155 2152
155 2194
155 2244
155 2424
155 2793
155 2919
155 3178
155 3267
155 3678
155 3773
155 3854
155 4092
155 4189
155 4218
155 4249
155 4387
155 4715
155 4818
156 162
156 228
156 234
156 352
156 594
156 613
156 647
156 710
156 1153
156 1208
156 1277
156 1349
156 1350
156 2169
156 2514
156 3037
156 3617
156 3656
156 4205
156 4648
157 275
157 346
157 385
157 665
157 676
157 767
157 1338
157 1547
157 1729
157 2611
157 2948
157 3429
157 3760
157 3946
158 287
158 523
158 660
158 741
158 1113
158 2026
158 2984
158 3083
158 3828
158 3882
158 4060
158 4177
159 181
159 1350
159 2122
159 2935
159 3033
159 3714
159 3765
159 3904
159 4998
160 312
160 3275
160 4398
161 199
161 279
161 805
161 823
161 1067
161 1150
161 1209
161 1526
161 1527
161 2000
161 2198
161 2226
161 2615
161 2892
161 3255
161 3381
161 3990
161 4009
161 4231
161 4588
161 4607
161 4826
162 172
162 202
162 212
162 259
162 395
162 860
162 944
162 986
162 1197
162 1458
162 1478
162 1487
162 2547
162 2728
162 3131
162 3184
162 3586
162 3590
162 3639
162 3660
162 3764
162 3980
162 4054
162 4072
162 4225
162 4623
162 4656
163 367
163 383
163 420
163 1747
163 1829
163 1901
163 2245
163 2521
163 2620
163 2664
163 2676
163 3402
163 3709
163 3750
163 4060
163 4205
163 4977
164 307
164 371
164 627
164 782
164 994
164 1002
164 1631
164 1682
164 1782
164 2045
164 2089
164 2587
164 3599
164 3805
164 4382
164 4540
165 476
165 620
165 1126
165 1164
165 1448
165 1510
165 1728
165 1826
165 2038
165 2149
165 2214
165 2277
165 3028
165 3573
165 3632
166 267
166 298
166 351
166 509
166 584
166 914
166 1024
166 1915
166 2025
166 2753
166 2971
166 3322
166 3692
166 3706
167 168
167 723
167 772
167 1471
167 1474
167 1582
167 1833
167 2042
167 2761
167 2951
167 4037
167 4224
167 4725
168 190
168 357
168 1075
168 1770
168 2079
168 2765
168 4036
169 254
169 598
169 882
169 2166
169 2447
169 2962
169 3333
170 581
170 722
170 1354
170 1628
170 1928
170 2828
170 3702
170 3957
170 4051
171 195
171 248
171 389
171 445
171 534
171 583
171 805
171 940
171 946
171 1257
171 1649
171 1798
171 2010
171 2011
171 2346
171 2493
171 2497
171 2620
171 2777
171 2923
171 2977
171 3074
171 3133
171 3157
171 3214
171 3649
171 3667
171 4116
171 4170
171 4641
171 4801
171 4885
172 206
172 304
172 590
172 717
172 824
172 1197
172 1296
172 1793
172 2256
172 2261
172 2304
172 2439
172 2705
172 3110
172 3379
172 3413
172 4333
172 4425
173 341
173 591
173 1004
173 1151
173 1185
173 1765
173 2112
173 3956
173 4494
174 538
174 734
174 1971
174 2178
174 3035
174 3557
174 4314
174 4671
175 302
175 692
175 802
175 1288
175 1333
175 1492
175 2285
175 2716
175 2855
175 3191
175 3306
175 4922
175 4933
175 4950
176 311
176 348
176 389
176 392
176 624
176 791
176 1459
176 1661
176 1725
176 1839
176 2160
176 3025
176 3762
176 3871
176 4844
177 322
177 377
177 508
177 1083
177 1625
177 1703
177 2373
177 2999
177 3119
177 3903
177 4481
177 4603
177 4655
178 201
178 218
178 248
178 280
178 310
178 1044
178 1391
178 1416
178 1469
178 1581
178 1620
178 1808
178 3846
178 4377
179 211
179 223
179 277
179 328
179 454
179 535
179 626
179 1057
179 1546
179 1833
179 2006
179 2085
179 2088
179 2252
179 2405
179 2468
179 2917
179 3028
179 3141
179 3158
179 3371
179 3428
179 3498
179 3994
179 4345
179 4352
179 4701
180 213
180 360
180 919
180 1352
180 1769
180 1897
180 2551
180 3157
180 3278
180 4893
181 294
181 635
181 940
181 1399
181 1603
181 2428
181 2583
181 3223
181 3462
181 3821
181 3834
181 4196
181 4923
181 4979
182 412
182 806
182 838
182 1335
182 2259
182 2322
182 2806
182 3120
183 240
183 799
183 1156
183 1185
183 1205
183 1213
183 1917
183 1984
183 2725
183 2931
184 399
184 1309
184 2041
184 2070
184 3377
184 4119
184 4454
184 4713
184 4996
185 244
185 310
185 341
185 353
185 485
185 516
185 518
185 562
185 592
185 612
185 648
185 663
185 790
185 950
185 1081
185 1085
185 1115
185 1483
185 1541
185 1935
185 2127
185 2174
185 2203
185 2264
185 2345
185 2439
185 2697
185 2723
185 3232
185 3317
185 3345
185 3488
185 3553
185 3705
185 3802
185 3891
185 3925
185 3970
185 4127
185 4532
185 4810
185 4956
185 4960
186 190
186 192
186 203
186 207
186 226
186 532
186 904
186 1585
186 1755
186 3330
186 4393
187 226
187 472
187 574
187 580
187 616
187 624
187 688
187 906
187 922
187 967
187 992
187 1646
187 2035
187 2211
187 2538
187 3051
187 3187
187 3755
187 3992
187 4126
187 4454
187 4835
188 202
188 270
188 322
188 505
188 747
188 851
188 991
188 1048
188 1145
188 1187
188 1463
188 1892
188 2108
188 2269
188 2933
188 3163
188 3362
188 3517
188 3538
188 3860
188 4507
188 4626
189 315
189 376
189 610
189 683
189 782
189 888
189 889
189 1089
189 1174
189 1225
189 1457
189 1503
189 1560
189 1807
189 2093
189 2352
189 2700
189 2772
189 2787
189 2912
189 2950
189 2958
189 3002
189 3065
189 3314
189 3581
189 4269
189 4309
189 4310
189 4347
189 4628
189 4760
190 659
190 732
190 828
190 1545
190 1637
190 1801
190 1863
190 2209
190 2501
190 2557
190 2762
190 2768
190 3131
190 3155
190 3227
190 3649
190 3807
190 3985
190 4312
190 4320
190 4453
191 336
191 482
191 667
191 739
191 940
191 1236
191 1446
191 1474
191 1902
191 1952
191 2282
191 3952
191 4058
191 4969
192 307
192 345
192 425
192 450
192 637
192 2304
192 2580
192 2933
192 3413
192 3925
192 4277
192 4330
193 241
193 330
193 344
193 415
193 429
193 493
193 554
193 565
193 736
193 766
193 951
193 983
193 988
193 1088
193 1107
193 1228
193 1298
193 1702
193 1997
193 2263
193 2356
193 2386
193 2483
193 2508
193 2575
193 2663
193 2672
193 2773
193 3123
193 3168
193 3548
193 3577
193 3685
193 4150
193 4154
193 4362
193 4449
193 4510
194 432
194 704
194 1065
194 1423
194 1451
194 1775
194 2275
194 2355
194 2776
194 3217
194 4114
194 4821
195 244
195 355
195 356
195 492
195 688
195 751
195 1006
195 1892
195 2764
195 3962
195 4083
195 4195
195 4781
195 4806
195 4814
196 332
196 396
196 413
196 444
196 501
196 850
196 955
196 1280
196 1293
196 2150
196 2244
196 2706
196 2797
196 3759
196 4323
196 4470
196 4864
196 4941
197 268
197 325
197 476
197 752
197 1686
197 1957
197 3129
197 3574
197 4258
197 4980
198 301
198 326
198 358
198 513
198 523
198 775
198 879
198 889
198 1086
198 1268
198 1481
198 1867
198 2171
198 3003
198 3476
198 3718
198 3861
198 4219
198 4339
198 4380
198 4490
198 4587
198 4815
198 4883
199 290
199 331
199 444
199 564
199 605
199 823
199 963
199 1290
199 1947
199 3471
199 3650
199 4369
199 4455
199 4597
200 202
200 319
200 615
200 911
200 1160
200 1291
200 1765
200 2491
200 3203
200 3209
201 217
201 571
201 1160
201 1215
201 1286
201 1956
201 2099
201 2282
201 2333
201 2403
201 2895
201 2918
201 2967
201 3012
201 3338
201 3403
201 3911
201 4953
202 243
202 284
202 395
202 415
202 440
202 615
202 628
202 698
202 772
202 870
202 1064
202 1248
202 1308
202 1899
202 2278
202 2940
202 3317
202 3575
202 3641
202 3796
202 3860
202 3940
202 4205
202 4549
202 4618
202 4859
203 666
203 2671
203 2940
204 507
204 674
204 1642
204 1902
204 2332
204 3451
204 3542
204 4512
205 865
205 1525
205 1918
205 2504
205 2801
205 3724
205 3798
205 3825
205 3909
205 4293
205 4931
206 386
206 416
206 539
206 761
206 2188
206 2557
206 2737
206 4309
207 214
207 431
207 532
207 1315
207 1551
207 1601
207 1826
207 1832
207 1937
207 2463
207 2778
207 2941
208 222
208 320
208 327
208 498
208 522
208 777
208 1094
208 1127
208 1369
208 2598
208 2619
209 419
209 689
209 1058
209 1063
209 1147
209 1184
209 1570
209 1627
209 1666
209 2113
209 2558
209 3004
209 3467
209 3679
209 3688
209 3776
210 452
210 779
210 945
210 999
210 1020
210 1301
210 1523
210 1536
210 1598
210 1935
210 2248
210 2288
210 2810
210 2953
210 3020
210 3128
210 3172
210 3419
210 3748
210 3835
210 3949
210 4059
210 4153
210 4390
210 4615
210 4779
211 272
211 338
211 523
211 644
211 960
211 1202
211 1218
211 1237
211 2405
211 2545
211 3166
211 3818
211 4317
211 4609
212 257
212 325
212 590
212 602
212 871
212 1269
212 1283
212 1564
212 2712
212 4070
213 318
213 487
213 856
213 1222
213 1590
213 1791
213 2028
213 2380
213 2965
213 3230
213 3275
213 3542
213 3694
213 4424
213 4900
214 231
214 262
214 711
214 863
214 994
214 1634
214 2442
214 3589
214 3934
214 4329
214 4483
214 4640
214 4825
215 224
215 369
215 736
215 861
215 884
215 2114
215 2806
215 3019
215 4327
215 4551
215 4946
216 254
216 281
216 356
216 498
216 533
216 808
216 886
216 1121
216 1382
216 1453
216 1464
216 2094
216 2975
216 3297
216 4484
217 486
217 1023
217 1130
217 1527
217 2502
217 2564
217 3698
218 235
218 912
218 1264
218 1581
218 1663
218 1779
218 2184
218 2469
218 3202
218 3350
218 3391
218 4346
218 4442
218 4600
218 4717
218 4735
219 220
219 266
219 283
219 483
219 577
219 589
219 664
219 1256
219 1362
219 1640
219 2055
219 2402
219 2929
219 4002
219 4144
219 4341
219 4991
220 232
220 270
220 350
220 375
220 491
220 495
220 506
220 551
220 566
220 684
220 788
220 813
220 1029
220 1162
220 1332
220 1355
220 1483
220 1629
220 1662
220 2155
220 2190
220 2208
220 2402
220 2404
220 2736
220 2752
220 3256
220 3387
220 3619
220 3783
220 4138
220 4170
220 4372
220 4569
221 2166
221 2917
221 4973
222 308
222 458
222 627
222 680
222 752
222 945
222 1043
222 1110
222 1317
222 1594
222 1651
222 1706
222 1740
222 1981
222 2151
222 2163
222 2613
222 2898
222 2952
222 3582
222 3906
222 4267
222 4816
222 4966
223 272
223 273
223 280
223 542
223 545
223 2725
223 2767
223 3104
223 3141
223 3393
223 4358
224 4466
225 737
225 746
225 1434
225 1444
225 1450
225 1734
225 2372
225 2660
225 3273
225 3539
225 3549
225 3785
226 1300
226 2423
226 2898
226 3017
226 3817
226 4680
227 575
227 615
227 793
227 1074
227 1162
227 1970
227 2597
227 2675
227 2720
227 2970
227 3125
227 3152
227 3924
227 4017
227 4082
228 270
228 279
228 380
228 390
228 559
228 661
228 738
228 751
228 780
228 790
228 832
228 1194
228 1198
228 1216
228 1219
228 1316
228 1359
228 1461
228 1691
228 2245
228 2383
228 2410
228 3007
228 3120
228 3690
228 3824
228 3911
228 3912
228 4177
228 4253
228 4589
229 2010
230 367
230 443
230 544
230 623
230 731
230 897
230 1033
230 1568
230 1754
230 4802
231 238
231 571
231 592
231 659
231 668
231 679
231 867
231 987
231 1055
231 1649
231 1685
231 1906
231 1951
231 2447
231 2501
231 2784
231 2805
231 3019
231 3027
231 3672
231 4248
231 4531
231 4680
231 4730
231 4850
232 375
232 749
232 1107
232 1595
232 1812
232 4801
232 4921
233 328
233 431
233 616
233 1063
233 1068
233 1183
233 1321
233 1423
233 1437
233 1598
233 1704
233 1980
233 2156
233 2303
233 2903
233 3380
233 3472
233 3502
233 3558
233 3636
233 3772
233 3858
233 3921
233 4098
233 4270
233 4614
233 4742
233 4917
234 575
234 748
234 1285
234 1295
234 3532
234 4308
235 1052
235 1145
235 3811
235 4346
235 4963
236 362
236 716
236 801
236 1585
236 1616
236 1635
236 1694
236 1699
236 1743
236 2007
236 2022
236 2330
236 2766
236 3024
236 3161
236 3601
236 3827
237 324
237 800
237 853
237 1116
237 2215
237 2314
237 2327
237 2499
237 2835
237 3232
238 419
238 435
238 511
238 560
238 629
238 732
238 735
238 772
238 923
238 929
238 938
238 1093
238 1323
238 1633
238 2343
238 2809
238 2936
238 3129
238 3483
238 3541
238 4248
238 4411
238 4991
239 283
239 304
239 376
239 646
239 661
239 727
239 859
239 1305
239 2161
239 2835
239 3100
239 3317
239 3777
239 4150
239 4813
239 4955
240 1739
240 2229
240 2275
240 2594
241 712
241 765
241 797
241 1455
241 1459
241 1460
241 2106
241 3730
241 3968
241 4279
242 427
242 568
242 721
242 1506
242 1590
242 1592
242 1635
242 2086
242 2110
242 2232
242 2289
242 2443
242 2575
242 3958
242 4136
243 277
243 284
243 289
243 333
243 380
243 419
243 453
243 708
243 771
243 935
243 1358
243 1829
243 2093
243 2305
243 2462
243 2660
243 2938
243 3024
243 3192
243 3195
243 3518
243 3820
243 4304
243 4868
244 320
244 355
244 358
244 365
244 366
244 391
244 435
244 481
244 554
244 677
244 678
244 984
244 997
244 1027
244 1051
244 1076
244 1092
244 1215
244 1583
244 1683
244 1856
244 2048
244 2109
244 2345
244 2425
244 3183
244 3702
244 3954
244 4148
244 4261
244 4898
245 502
245 781
245 1018
245 1042
245 1181
245 1815
245 2191
245 2717
245 2874
245 2951
245 3915
245 4008
245 4419
245 4530
245 4555
246 411
246 537
246 1305
246 2095
246 3112
246 4133
247 330
247 369
247 619
247 696
247 1021
247 1647
247 1700
247 1777
247 1841
247 1877
247 1949
247 2251
247 2321
248 423
248 871
248 4175
249 287
249 297
249 552
249 576
249 582
249 584
249 599
249 677
249 684
249 846
249 890
249 1001
249 1137
249 1282
249 1354
249 1375
249 1698
249 1748
249 1810
249 1938
249 2596
249 2683
249 2739
249 3146
249 3257
249 3344
249 3479
249 4397
249 4409
249 4425
249 4522
249 4525
249 4891
250 368
250 444
250 773
250 814
250 1008
250 3714
250 3915
250 4395
250 4869
251 551
251 1473
251 2334
251 3223
251 3453
251 3898
252 275
252 378
252 531
252 582
252 763
252 912
252 1367
252 1532
252 1629
252 2389
252 2710
252 3602
252 4162
253 793
253 1043
253 1282
253 1411
253 1426
253 1514
253 2061
253 2380
253 2930
253 3201
253 4002
253 4185
253 4282
253 4379
253 4423
253 4783
254 351
254 729
254 898
254 1213
254 3869
254 3891
254 3950
254 4271
255 798
255 852
255 974
255 1066
255 1117
255 1652
255 2168
256 707
256 1364
256 3498
257 281
257 305
257 408
257 490
257 591
257 1306
257 1408
257 1463
257 2085
257 2226
257 2827
257 3496
257 3513
257 3709
257 4250
257 4428
257 4709
257 4718
258 346
258 965
258 1266
258 4116
259 296
259 365
259 477
259 1060
259 1224
259 1703
259 1718
259 1974
259 2262
259 2415
259 2536
259 2893
259 3943
259 4350
259 4464
260 386
260 394
260 497
260 551
260 609
260 648
260 758
260 849
260 934
260 1015
260 1054
260 1131
260 1494
260 1572
260 1709
260 1716
260 1736
260 2823
260 2855
260 2910
260 3017
260 3280
260 3353
260 3370
260 3430
260 4079
260 4105
260 4167
260 4210
260 4290
260 4634
260 4672
260 4896
261 275
261 438
261 521
261 757
261 838
261 1071
261 1266
261 1303
261 1333
261 1354
261 1417
261 1920
261 1943
261 2128
261 2225
261 2514
261 2521
261 4056
261 4323
261 4379
261 4564
261 4854
261 4888
262 263
262 342
262 939
262 1431
262 1617
262 1704
262 2170
262 4443
262 4640
263 592
263 937
263 1888
263 2797
263 4325
263 4792
264 407
264 762
264 1498
264 2234
264 2539
264 3393
264 3430
264 3757
264 3782
264 4635
265 1006
265 1352
265 1744
265 2719
265 3626
265 4220
265 4974
266 1474
266 1506
266 2443
266 2756
266 3561
266 4326
267 341
267 661
267 721
267 988
267 1105
267 1148
267 1239
267 1293
267 1741
267 2219
267 3444
267 3944
267 4030
267 4316
268 286
268 315
268 382
268 388
268 914
268 2402
268 2558
268 2579
268 2679
268 2800
268 3179
268 3208
268 3644
268 4101
268 4872
269 281
269 404
269 510
269 607
269 641
269 756
269 818
269 1102
269 1392
269 1461
269 1656
269 1887
269 2342
269 2913
269 3156
269 3226
269 3654
269 3902
269 4225
269 4316
269 4527
269 4554
269 4806
269 4949
270 1481
270 1614
270 2540
270 2833
270 3135
270 3332
270 3590
270 4040
270 4462
271 343
271 626
271 825
271 1084
271 1255
271 1737
271 1916
271 3318
272 1173
272 1621
272 2681
272 3026
272 4530
273 348
273 814
273 819
273 1018
273 1303
273 1700
273 1802
273 1917
273 2140
273 2379
273 2426
273 2680
273 2789
273 2962
273 3404
273 3435
273 3482
273 3568
273 3648
273 3893
273 3987
273 4738
273 4766
274 384
274 439
274 455
274 804
274 1151
274 2048
274 2356
274 2812
274 3057
274 4045
274 4574
274 4975
275 676
275 872
275 1109
275 1133
275 2156
275 3711
275 4362
276 450
276 689
276 759
276 822
276 904
276 1832
276 1921
276 2055
276 2393
276 2526
276 2678
276 3010
276 3274
276 3650
276 4177
276 4981
277 536
277 790
277 926
277 1169
277 1640
277 2299
277 3058
277 3483
277 3842
277 4446
277 4993
278 303
278 323
278 381
278 403
278 683
278 711
278 1042
278 1178
278 1200
278 1400
278 1521
278 1543
278 1665
278 1909
278 1941
278 2025
278 2520
278 2991
278 3097
278 3104
278 4184
278 4357
278 4785
279 285
279 1188
279 1611
279 2606
279 3300
279 3803
279 4036
279 4074
279 4464
279 4669
279 4699
279 4857
280 310
280 593
280 702
280 717
280 788
280 1144
280 1171
280 1270
280 1798
280 3865
281 305
281 338
281 449
281 583
281 586
281 602
281 652
281 707
281 839
281 994
281 1087
281 1287
281 1395
281 1614
281 1634
281 1739
281 1816
281 2146
281 2602
281 2825
281 3238
281 3667
281 3940
281 4042
281 4086
281 4250
281 4285
281 4756
282 471
282 494
282 513
282 719
282 1202
282 1269
282 1609
282 1908
282 1991
282 2598
282 2638
283 299
283 324
283 327
283 377
283 380
283 657
283 1062
283 1144
283 1467
283 1695
283 1779
283 2135
283 3499
283 3516
283 3777
283 4173
284 401
284 433
284 440
284 451
284 543
284 628
284 804
284 832
284 1098
284 1168
284 1265
284 1344
284 1656
284 1854
284 1870
284 2110
284 2217
284 2452
284 2497
284 2517
284 2678
284 2774
284 3118
284 3710
284 4630
284 4950
285 733
285 1175
285 1205
285 1347
285 1385
285 1703
285 3242
285 3749
286 313
286 491
286 527
286 528
286 882
286 1041
286 1118
286 1136
286 2505
286 2674
286 4293
287 422
287 2084
287 3060
287 3083
288 439
288 842
288 1967
288 3570
288 4281
289 304
289 331
289 436
289 455
289 579
289 674
289 675
289 686
289 705
289 763
289 771
289 794
289 844
289 913
289 974
289 1575
289 1683
289 1705
289 1781
289 1901
289 2051
289 2203
289 2421
289 3076
289 4306
289 4307
289 4500
289 4576
289 4661
289 4724
289 4894
290 330
290 332
290 535
290 563
290 620
290 635
290 686
290 934
290 996
290 1102
290 1104
290 1150
290 1218
290 1246
290 1501
290 1517
290 2875
290 2946
290 2988
290 3463
290 3819
290 3991
290 4214
290 4284
290 4721
291 514
291 578
291 641
291 788
291 815
291 840
291 873
291 883
291 899
291 971
291 1155
291 1224
291 1298
291 1318
291 1366
291 1443
291 1520
291 1600
291 1772
291 2161
291 2335
291 2353
291 2504
291 2586
291 2749
291 2924
291 3170
291 3738
291 3756
291 3800
291 4144
291 4636
291 4837
292 335
292 617
292 723
292 737
292 1243
292 1673
292 2074
292 2090
292 2290
292 3564
292 4121
292 4367
293 1913
293 2123
293 2461
293 2573
293 3182
293 3662
293 4407
294 334
294 447
294 480
294 622
294 859
294 915
294 1070
294 1603
294 2130
294 2416
294 2642
294 2880
294 2968
294 3040
294 3312
294 3323
294 4521
294 4619
294 4877
295 316
295 614
295 2253
295 2292
295 2597
295 3956
296 354
296 1217
296 1223
296 1875
296 2754
297 550
297 576
297 582
297 611
297 670
297 1304
297 1330
297 1363
297 1405
297 1466
297 1532
297 1846
297 2384
297 2812
297 2871
297 3045
297 3060
297 3132
297 3587
297 3742
297 3778
297 3873
298 589
298 612
298 689
298 885
298 1512
298 1535
298 1710
298 1765
298 2161
298 2693
298 3629
298 3679
298 4099
298 4204
298 4741
298 4878
299 324
299 636
299 651
299 944
299 1087
299 1092
299 1095
299 1111
299 1311
299 1407
299 1749
299 1836
299 1886
299 1926
299 2135
299 2648
299 2721
299 2929
299 3091
299 3895
299 3924
299 4239
299 4473
299 4628
299 4937
299 4957
300 563
300 1645
300 4552
301 883
301 1017
301 1846
301 2103
301 2213
301 2700
301 3002
301 3171
301 3286
301 3362
302 474
302 685
302 941
302 948
302 1009
302 1132
302 1388
302 1543
302 1679
302 1790
302 1836
302 2148
302 2237
302 2296
302 2339
302 3284
302 3889
302 3916
302 4005
302 4851
303 1055
303 1173
303 1450
303 1592
303 1739
303 2039
303 2438
303 2824
303 3733
303 4525
304 323
304 376
304 465
304 631
304 1767
304 1879
304 2368
304 2666
304 3908
305 436
305 653
305 774
305 1613
305 2654
306 425
306 633
306 1045
306 1411
306 1447
306 1455
306 1465
306 1598
306 1794
306 1888
306 2241
306 2259
306 2329
306 2786
306 3654
306 3689
306 3789
306 4533
307 415
307 437
307 443
307 468
307 575
307 659
307 662
307 1254
307 1589
307 1800
307 2227
307 3150
307 3202
307 3402
307 3450
307 4171
307 4330
307 4466
307 4484
308 819
308 986
308 1110
308 1315
308 2693
308 3540
308 4256
308 4520
309 410
309 824
309 876
309 1256
309 1396
309 1566
309 1911
309 2958
309 3373
309 4848
310 447
310 485
310 553
310 631
310 671
310 697
310 757
310 1033
310 1964
310 2016
310 2034
310 2091
310 2127
310 2168
310 2205
310 2225
310 2391
310 2557
310 2970
310 3005
310 3107
310 3172
310 3368
310 3398
310 4482
310 4526
310 4869
311 317
311 695
311 721
311 925
311 1141
311 2847
311 3271
311 4277
311 4488
312 3052
312 3894
312 4492
313 365
313 515
313 561
313 958
313 1072
313 1133
313 1316
313 1448
313 1775
313 1963
313 2467
313 2510
313 2674
313 2802
313 3090
313 3808
313 3824
313 4142
313 4579
314 1190
314 1526
314 2763
315 361
315 461
315 610
315 960
315 1071
315 1087
315 1312
315 1994
315 2109
315 2230
315 2517
315 2617
315 3066
315 3226
315 3382
315 3675
315 3724
315 3841
315 3859
315 4087
315 4241
315 4267
316 371
316 509
316 714
316 1948
316 2338
316 2710
316 3236
316 3412
316 3505
316 3602
316 3754
316 4380
316 4398
316 4823
317 516
317 572
317 724
317 861
317 1101
317 1184
317 1234
317 1824
317 2102
317 3124
317 3202
317 4575
317 4607
317 4812
318 1905
318 2493
318 2503
318 3230
318 3335
318 3633
318 3792
319 794
319 961
320 400
320 428
320 492
320 496
320 498
320 518
320 835
320 925
320 1264
320 1368
320 1433
320 1788
320 1827
320 1901
320 1923
320 2058
320 2576
320 3077
320 3279
320 3290
320 4354
320 4536
320 4885
321 700
321 1048
321 1294
321 1381
321 1821
321 2500
321 3251
321 3719
321 4259
322 457
322 747
322 904
322 1270
322 1276
322 1428
322 1463
322 1843
322 1932
322 2053
322 2075
322 2162
322 2229
322 2391
322 2871
322 3211
322 3352
322 4276
322 4505
322 4578
323 334
323 418
323 536
323 778
323 793
323 1421
323 1495
323 2066
323 2505
323 2909
323 2918
323 3029
323 3159
323 3623
323 3674
323 3767
323 4298
324 461
324 501
324 571
324 655
324 679
324 822
324 894
324 931
324 980
324 1385
324 1565
324 1714
324 1774
324 2034
324 2044
324 2112
324 2503
324 2795
324 2979
324 3233
324 3330
324 3346
324 3769
324 3986
324 4003
324 4019
324 4865
325 353
325 727
325 758
325 1159
325 1229
325 1513
325 1720
325 1842
325 1853
325 1977
325 2424
325 2907
325 3037
325 3146
325 3744
325 3951
326 350
326 816
326 1986
326 2535
326 3034
326 4678
327 641
327 678
327 1490
327 1721
327 4233
328 387
328 1222
329 338
329 512
329 640
329 967
329 1281
329 1352
329 1567
329 1783
329 1841
329 2092
329 2444
329 2798
329 3691
329 4090
329 4855
329 4907
330 878
330 996
330 1080
330 1220
330 1236
330 1460
330 2019
330 2070
330 2511
330 3047
330 3359
330 3808
330 4703
331 477
331 776
331 1276
331 1612
331 1837
332 341
332 506
332 508
332 535
332 716
332 1075
332 1574
332 1696
332 1793
332 1805
332 2104
332 2134
332 2141
332 2252
332 2456
332 2469
332 2907
332 2946
332 3208
332 3593
332 4097
332 4371
332 4656
332 4748
333 2733
333 3601
333 3955
334 400
334 741
334 949
334 1013
334 1186
334 1705
334 1828
334 1862
334 1961
334 1978
334 2030
334 2342
334 2422
334 2909
334 3390
334 3810
334 4398
335 619
335 735
335 907
335 997
335 1214
335 1271
335 2218
335 2253
335 2357
335 2363
335 4014
335 4190
335 4252
336 455
336 1691
336 1721
336 2388
336 3005
336 3373
337 676
337 771
337 789
337 1077
337 1314
337 1430
337 2000
337 2003
337 2400
337 2476
337 3091
337 3164
337 3596
337 3885
337 3890
337 4612
337 4788
338 387
338 542
338 546
338 638
338 644
338 826
338 909
338 919
338 1061
338 1238
338 1240
338 1281
338 1440
338 1545
338 1706
338 1864
338 2310
338 2354
338 2432
338 2486
338 2510
338 2553
338 2658
338 3031
338 3653
338 3674
338 4039
338 4368
338 4516
338 4639
338 4803
338 4903
338 4907
339 512
339 595
339 863
339 1455
339 1681
339 2370
339 3162
339 4153
340 2355
340 2548
340 2685
340 2731
340 3504
340 3750
341 478
341 608
341 611
341 716
341 907
341 932
341 1082
341 1310
341 1434
341 1771
341 1805
341 2024
341 2260
341 2733
341 2769
341 3159
341 3401
342 967
342 1230
342 2364
342 2760
342 3182
342 3492
343 394
343 505
343 1165
343 1300
343 1802
343 1916
343 1921
343 2087
343 2365
343 2379
343 2413
343 2506
343 4130
343 4686
344 1008
344 1295
344 1643
345 630
345 637
345 1063
345 1101
345 1115
345 1397
345 2009
345 2097
345 2173
345 2259
345 2551
345 3100
345 3551
345 4090
345 4462
345 4992
346 970
346 2611
346 2739
346 2993
346 3250
346 3545
346 4627
347 385
347 419
347 1123
347 1471
347 1759
347 1960
347 2287
347 2512
347 2650
347 3275
347 3289
347 4059
347 4581
348 604
348 608
348 749
348 827
348 964
348 1198
348 1619
348 1668
348 1672
348 1700
348 1731
348 1873
348 2073
348 2349
348 2462
348 2487
348 2489
348 2811
348 2819
348 2967
348 3363
348 3603
348 3721
348 3774
348 4345
349 2622
349 2798
350 506
350 635
350 813
350 862
350 972
350 1193
350 1277
350 1986
350 2408
350 2765
350 2853
350 3100
350 3591
350 4519
350 4661
350 4923
351 748
351 1028
351 1313
351 2017
351 3268
351 3943
352 398
352 462
352 536
352 2308
352 2780
352 3054
352 3457
353 496
353 541
353 547
353 739
353 747
353 930
353 934
353 1072
353 1373
353 1493
353 1729
353 1764
353 2442
353 2513
353 2697
353 2996
353 3372
353 3508
353 3658
353 3665
353 3904
353 4046
353 4113
353 4235
353 4638
353 4716
353 4755
354 373
354 501
354 553
354 836
354 868
354 944
354 1217
354 1312
354 1591
354 2005
354 2832
354 3156
354 4207
355 358
355 1006
355 1111
355 1246
355 1374
355 1429
355 1638
355 1663
355 1770
355 2228
355 2473
355 2860
355 3954
355 3985
355 4722
356 2580
357 364
357 508
357 1158
357 2755
357 3522
357 3960
357 4176
357 4698
357 4857
358 542
358 745
358 816
358 1019
358 1192
358 1472
358 1496
358 1567
358 2535
358 2749
358 2858
358 2870
358 3063
358 3501
358 3528
358 3719
358 4296
358 4650
358 4929
359 519
359 1106
359 1287
359 1467
359 1491
359 1732
359 2403
359 2726
360 391
360 443
360 445
360 537
360 693
360 699
360 1545
360 1831
360 1936
360 1974
360 2106
360 3366
360 4860
361 408
361 493
361 558
361 599
361 604
361 778
361 1071
361 1427
361 1644
361 1931
361 2011
361 2115
361 2977
361 3060
361 3276
361 3724
361 3991
362 619
362 928
362 1525
362 1559
362 1616
362 2640
362 3148
362 3423
362 4557
362 4988
363 784
363 920
363 926
363 956
363 1565
363 1704
363 1860
363 2410
363 2465
363 2808
363 3145
363 3736
363 4172
363 4223
364 1128
364 1286
364 1449
364 1692
364 1946
364 2187
364 2581
364 2704
364 3263
364 4080
364 4310
364 4527
365 473
365 477
365 561
365 643
365 984
365 1497
365 1799
365 1886
365 3441
365 3510
365 4294
365 4423
365 4729
365 4867
365 4932
366 448
366 2552
366 4318
366 4502
367 505
367 824
367 874
367 1021
367 1109
367 1552
367 1977
367 2527
367 3709
367 4123
368 379
368 2603
369 1412
369 1510
369 1777
369 1924
369 2448
369 4307
369 4865
369 4948
370 511
370 566
370 606
370 761
370 800
370 4209
371 406
371 478
371 918
371 976
371 1310
371 1729
371 1745
371 1844
371 2809
371 3669
371 4691
372 503
372 524
372 603
372 638
372 758
372 1034
372 1115
372 1635
372 2009
372 2082
372 2358
372 2896
372 3098
372 3455
372 3845
372 4998
373 388
373 413
373 414
373 631
373 854
373 1012
373 1046
373 1192
373 1290
373 1334
373 1743
373 1781
373 1827
373 1837
373 2240
373 2261
373 2724
373 2951
373 3132
373 3232
373 3520
373 3676
373 4015
373 4319
373 4405
373 4644
374 385
374 578
374 807
374 908
374 1370
374 1479
374 1569
374 1900
374 2820
374 3054
374 3078
374 3156
374 4418
374 4904
375 495
375 610
375 1047
375 1139
375 4391
376 525
376 1091
376 2183
376 2698
376 2937
376 3853
377 420
377 865
377 1790
377 1902
377 2954
377 3112
377 3163
377 3487
377 3516
377 4264
377 4928
378 770
378 1531
378 1863
378 1919
378 1959
378 2001
378 2844
378 2914
378 4470
379 1425
379 1433
379 1697
379 2009
379 2046
379 2960
379 3786
380 563
380 2445
380 4253
381 850
381 985
381 1099
381 1538
381 1646
381 2065
381 2168
381 2380
381 2565
381 2657
381 2758
381 4975
382 616
382 1019
382 1040
382 1086
382 1536
382 1940
382 2433
382 2679
382 2923
382 3649
382 3988
382 4202
382 4452
383 437
383 523
383 795
383 797
383 1119
383 1225
383 1359
383 1747
383 1923
383 2998
383 3205
383 3316
383 3436
383 3729
384 585
384 1284
384 1361
384 1624
384 2048
384 3497
384 4821
385 513
385 634
385 813
385 981
385 1452
385 1485
385 1905
385 2084
385 2741
385 3528
385 3578
385 3944
385 4157
386 406
386 690
386 1385
386 1470
386 1841
386 2537
386 2715
386 2795
386 3350
386 3388
386 3564
386 3639
386 3857
386 4266
386 4513
386 4931
387 527
387 652
387 2401
388 914
388 1321
388 1372
388 1413
388 1601
388 1643
388 2465
388 2582
388 3064
388 3246
388 3510
388 3916
388 4100
388 4221
388 4785
389 444
389 459
389 489
389 624
389 798
389 805
389 959
389 1072
389 1249
389 1357
389 1584
389 2273
389 2620
389 3468
389 3686
389 3699
389 4055
389 4406
389 4735
390 2608
390 2876
390 2987
390 3694
391 1813
391 2392
391 2976
391 3416
391 4518
392 653
392 857
392 1000
392 1394
392 1741
392 1782
392 2114
392 4253
392 4611
392 4688
393 396
393 531
393 672
393 714
393 747
393 949
393 1055
393 1597
393 1684
393 1689
393 1940
393 1944
393 2482
393 2501
393 2573
393 2843
393 3410
393 3477
393 3852
393 3990
393 4507
393 4615
393 4756
393 4798
394 517
394 621
394 671
394 742
394 811
394 862
394 935
394 988
394 1165
394 1441
394 1456
394 1472
394 1630
394 1822
394 2041
394 2254
394 2910
394 3297
394 3406
394 3508
394 3533
394 3552
394 4041
394 4095
395 568
395 774
395 1017
395 1029
395 1270
395 1372
395 2102
395 2432
395 2682
395 2934
395 2976
395 3400
395 3647
395 3796
395 4093
396 627
396 901
396 2470
396 3442
396 3586
396 3700
396 4736
397 544
397 607
397 1343
397 1353
397 1856
397 2515
397 2977
397 3456
397 3579
397 3923
397 4224
397 4805
398 521
398 795
398 1099
398 1157
398 1937
398 2158
398 2404
398 3032
398 3604
398 3832
398 4028
398 4108
399 400
399 537
399 553
399 1859
399 2028
399 4245
399 4999
400 667
400 1058
400 1186
400 1510
400 3271
400 3810
401 1671
401 2452
401 3010
401 3153
401 3169
401 4773
402 658
402 891
402 2002
402 4645
403 463
403 481
403 550
403 719
403 838
403 981
403 1000
403 1247
403 1488
403 1642
403 1848
403 1957
403 2412
403 2991
403 3659
403 3668
403 3992
403 4335
403 4576
403 4618
403 4677
403 4973
404 1022
404 1464
404 1549
404 3070
405 830
405 943
405 1502
405 2077
405 2503
405 2727
405 3911
405 4749
406 478
406 1013
406 1143
406 1377
406 1384
406 1498
406 1500
406 2037
406 2311
406 3388
406 3821
406 4081
406 4600
406 4881
407 586
407 2377
407 4939
408 1001
408 1404
408 2291
408 2465
409 695
409 833
409 1968
409 3313
409 3752
409 3862
409 4216
410 526
410 539
410 687
410 1120
410 1199
410 1342
410 1379
410 1630
410 2029
410 2375
410 2486
410 2584
410 2929
410 3265
410 3515
410 4164
410 4504
410 4705
410 4787
411 953
411 1313
411 1665
411 1917
411 2336
411 2362
411 3698
411 3703
411 4452
411 4817
412 484
412 633
412 1038
412 1860
412 1862
412 2160
412 2308
412 2326
412 2543
412 2614
412 3067
412 4480
413 414
413 522
413 541
413 786
413 794
413 811
413 907
413 971
413 998
413 1800
413 1821
413 1891
413 1993
413 2105
413 2334
413 2419
413 2448
413 2525
413 2714
413 2946
413 4691
414 1060
414 2646
414 2653
415 437
415 470
415 473
415 512
415 834
415 1289
415 2126
415 2310
415 2575
415 3236
415 3758
415 4134
415 4325
415 4863
416 1016
416 1396
416 2757
416 3339
416 3421
416 4137
417 427
417 566
417 664
417 854
417 1068
417 1112
417 2064
417 3817
417 4052
417 4069
418 579
418 1200
418 1290
418 1645
418 1844
418 3029
419 645
419 669
419 685
419 772
419 873
419 920
419 1009
419 1130
419 1210
419 1577
419 1998
419 2271
419 2558
419 2633
419 2677
419 2687
419 3351
419 4259
420 441
420 709
420 1247
420 1591
420 1806
420 2268
420 2281
420 2913
420 3595
420 3670
420 3833
420 3872
420 4045
421 572
421 908
421 912
421 1203
421 1307
421 1787
421 2151
421 2181
421 2292
421 2658
421 3069
421 3349
421 4784
422 724
422 948
422 1188
422 1483
422 1909
422 2075
422 3029
422 3341
422 3526
422 4343
422 4459
423 591
423 2040
423 4456
424 725
424 1431
424 2547
424 3719
424 4628
425 633
425 965
425 3488
425 3831
425 3925
426 489
426 498
426 611
426 741
426 1091
426 1800
426 2590
426 3548
426 3831
426 4656
426 4892
427 648
427 887
427 1426
427 1707
427 2289
427 2791
427 2943
427 3265
427 3552
427 3895
427 4308
427 4615
428 492
428 596
428 753
428 1530
428 1855
428 2053
428 3054
428 3145
428 3352
428 4035
428 4786
428 4790
429 736
429 1248
429 1341
429 1775
429 2431
429 4325
429 4777
430 713
430 1013
430 1223
430 1298
430 2193
430 2359
430 2645
430 3309
430 4942
431 643
431 2503
431 2572
431 4981
432 1406
432 1965
432 2109
432 4114
433 451
433 506
433 1098
433 1881
433 2020
433 2470
433 2723
433 3036
433 3684
433 3921
434 1375
434 2920
434 3377
434 3972
435 450
435 868
435 881
435 4287
436 1079
436 1469
436 2203
436 3173
437 471
437 502
437 1344
437 2157
437 2584
437 2705
437 3505
438 471
438 497
438 521
438 2534
438 3655
439 847
439 848
439 3638
440 1723
440 2141
440 3645
440 4180
441 709
441 1209
441 1726
441 2136
441 2722
441 4438
441 4564
442 653
442 840
442 1022
442 2603
442 2702
442 3197
442 3267
442 3347
442 3718
442 4396
443 533
443 975
443 982
443 1027
443 1628
443 2003
443 2169
443 2301
443 2675
443 2922
443 3700
443 3730
443 4683
444 555
444 685
444 850
444 1095
444 1576
444 1845
444 2621
444 3226
444 4178
444 4617
445 728
445 878
445 954
445 1212
445 1453
445 2092
445 2909
445 3008
445 3170
445 3444
445 3535
445 3667
445 4130
445 4403
445 4517
445 4867
446 966
446 2656
446 2665
446 3107
447 2062
447 3983
448 557
448 679
448 1114
448 2235
448 2274
448 2546
448 2848
448 4374
449 593
449 1087
449 1242
449 1599
449 1695
449 2212
449 2694
449 3680
449 4262
449 4832
450 530
450 837
450 881
450 904
450 1258
450 1516
450 1544
450 2097
450 2678
450 2874
450 3395
450 4911
451 756
451 1499
451 1884
451 1931
451 1949
451 2012
451 2038
451 2198
451 2266
451 2524
451 2681
451 2832
451 3638
451 3838
451 3923
451 4050
451 4644
451 4712
452 588
452 746
452 945
452 1070
452 1376
452 1591
452 1960
452 2182
452 2288
452 2294
452 2448
452 2906
452 2913
452 3287
452 3757
452 4090
452 4159
452 4268
452 4357
453 702
453 928
453 1246
453 1749
453 1813
453 2093
453 2965
453 3840
453 4064
453 4979
454 586
454 598
454 618
454 648
454 784
454 829
454 1727
454 2035
454 2434
454 2859
454 3543
454 3574
455 529
455 674
455 1760
455 3096
455 3437
455 4500
456 1431
456 2438
456 2534
456 3646
456 3707
457 642
457 669
457 1006
457 1140
457 1166
457 1463
457 1636
457 1932
457 2118
457 2488
457 2496
457 2653
457 2961
457 3284
457 3533
457 3815
457 4998
458 879
458 1095
458 1252
458 1941
458 2151
458 2586
458 3114
458 4319
459 489
459 727
459 916
459 1209
459 1527
459 1571
459 2428
459 2655
459 3495
459 3948
459 4778
459 4795
459 4803
460 487
460 1666
460 1975
460 1995
460 2661
460 3988
461 483
461 739
461 1935
461 1989
461 2696
461 2949
461 3044
461 3176
461 3355
461 3552
461 4145
461 4850
462 514
462 561
462 606
462 715
462 895
462 1752
462 2185
462 2776
462 2777
462 3005
462 3179
463 711
463 846
463 1242
463 2409
463 3109
463 4339
463 4693
463 4972
464 1851
464 2187
464 3520
464 4659
465 666
465 775
465 1650
465 1900
465 2378
465 3617
465 4024
465 4172
465 4414
465 4706
466 573
466 1195
466 1912
466 3661
467 1304
467 2839
467 3802
467 4315
468 675
468 885
468 1453
468 1817
468 2499
469 601
469 985
469 1529
469 1986
469 3117
469 3205
469 4685
469 4949
471 1700
471 2602
471 3847
472 620
472 932
472 1031
472 1094
472 1233
472 1646
472 1653
472 1713
472 2645
472 3381
472 3489
472 4416
473 512
473 668
473 860
473 1462
473 1524
473 1677
473 1958
473 2310
473 2420
473 2904
473 3104
473 3321
473 3327
473 3629
473 3679
473 3714
473 3958
473 4590
473 4866
474 4762
474 4857
475 590
475 801
475 915
475 1009
475 1058
475 1386
475 1401
475 1860
475 2591
475 3313
475 3328
475 3783
475 4220
475 4973
476 991
476 1164
476 1273
476 1346
476 1387
476 2810
476 3529
476 4039
476 4431
476 4484
476 4843
477 767
477 806
477 895
477 1497
477 1706
477 1895
477 3227
477 3528
477 3674
477 3762
477 4017
477 4350
477 4370
477 4456
477 4936
478 1081
478 4167
479 601
479 1159
479 1321
479 1393
479 1468
479 2010
479 2748
479 3095
479 3374
479 3407
479 4080
479 4565
480 609
480 682
480 740
480 1237
480 1395
480 2104
480 2860
480 2880
480 4244
480 4891
481 981
481 997
481 4786
482 809
482 951
482 1489
482 2432
482 2595
482 4201
482 4567
483 577
483 664
483 785
483 1241
483 1356
483 2149
483 2333
483 2346
483 2956
483 3002
483 4413
483 4460
483 4504
483 4551
483 4696
483 4760
483 4815
484 524
484 957
484 1499
484 1561
484 2004
484 2732
484 2883
484 3053
484 3800
485 562
485 1876
485 2480
485 2697
485 2742
485 4588
485 4891
486 1187
486 1221
486 1250
486 1653
486 1666
486 1905
486 2853
486 2959
486 3103
486 3477
486 3642
486 3993
486 4013
486 4734
487 718
487 839
487 884
487 963
487 1119
487 1209
487 1416
487 1435
487 2131
487 2607
487 3361
487 3546
487 4466
487 4487
488 4775
489 632
489 1024
489 1104
489 1394
489 1678
489 1813
489 2655
489 2862
489 3114
489 3468
489 3645
489 3708
489 3742
489 3886
489 4053
489 4729
490 673
490 1437
490 2840
491 777
491 1044
491 2205
491 3315
491 3610
492 529
492 684
492 690
492 775
492 843
492 925
492 1084
492 1226
492 1324
492 1744
492 1763
492 1958
492 1962
492 1988
492 2635
492 2661
492 2851
492 3261
492 3420
492 3829
492 3859
492 4938
493 540
493 754
493 1769
493 1812
493 2663
493 3167
493 3588
493 3989
493 4663
493 4672
493 4705
493 4956
494 897
494 903
494 1639
494 2016
494 3776
495 595
495 722
495 827
495 1061
495 2021
495 2709
495 3399
495 3619
496 2184
496 2879
497 504
497 976
497 1268
497 1299
497 1984
497 2534
497 3090
497 3325
497 3655
497 3874
497 4311
499 694
499 957
499 1044
499 1146
499 1335
499 1613
499 2182
499 3251
499 3802
499 4249
500 1879
500 1891
500 1981
500 2485
500 2574
500 2581
500 2742
500 2854
500 3284
500 3512
500 3880
500 4043
500 4348
500 4356
500 4553
500 4744
501 833
501 954
501 955
501 1212
501 1810
501 1834
501 2626
501 2715
501 3224
501 4059
501 4186
501 4616
501 4680
502 636
502 750
502 995
502 1057
502 2049
502 2269
502 2872
502 3982
502 4227
502 4579
503 861
503 1334
504 579
504 730
504 4407
505 899
505 1041
505 1214
505 1802
505 2350
505 2379
505 2516
505 2696
505 2933
505 3494
505 3532
505 3707
506 718
506 742
506 1016
506 1162
506 1278
506 1586
506 1824
506 2937
506 4408
506 4820
507 638
507 675
507 810
507 999
507 1037
507 1163
507 1353
507 1738
507 2386
507 2861
507 3015
507 4005
508 984
508 1068
508 1136
508 2184
508 2752
508 3082
508 3559
508 4447
508 4574
508 4698
509 555
509 1015
509 1118
509 1121
509 1355
509 1850
509 3098
509 3219
509 3295
509 3887
509 3971
509 4155
509 4261
509 4432
510 768
510 1508
510 1582
510 2829
510 3049
511 1386
511 1790
511 2387
511 2540
512 1190
512 1462
513 796
513 883
513 922
513 981
513 1269
513 1306
513 1509
513 1574
513 2142
513 2690
513 2969
513 3358
513 3476
513 3784
513 4350
513 4442
514 726
514 762
514 1216
514 2397
514 2407
514 2478
514 2624
514 2863
514 2939
514 3070
514 3110
514 3682
514 4287
514 4300
515 2408
515 2974
515 3001
516 563
516 1059
516 1172
516 1311
516 1322
516 1480
516 1657
516 1696
516 2802
516 4389
516 4702
516 4812
517 548
517 693
517 1456
517 1730
517 1894
517 2234
517 2775
517 3702
517 3993
517 4438
518 1232
518 1580
518 3149
518 3177
518 4401
518 4504
519 1478
520 553
520 893
520 1679
520 2144
520 2878
520 3583
520 3952
521 972
521 1129
521 1191
521 1332
521 1538
521 1983
521 2059
521 2279
521 2813
521 3038
521 4344
521 4417
521 4523
521 4936
522 892
522 923
522 1533
522 1938
522 2113
522 2484
522 3363
522 3396
522 3643
522 4304
523 580
523 636
523 1281
523 1295
523 2040
523 2297
523 2998
523 3130
523 3439
523 3887
523 4170
523 4317
523 4674
523 4883
523 4935
523 4958
524 528
524 672
524 763
524 1201
524 1669
524 2497
524 2676
524 2794
524 2853
524 2919
524 3299
524 4485
525 832
525 1309
525 1587
525 1848
525 2192
525 2202
525 3237
525 4817
526 692
526 866
526 2852
527 877
527 1136
527 1828
527 2224
527 2409
527 3307
528 1157
528 1686
528 2158
528 2461
528 2779
528 2989
528 3189
528 3314
529 736
529 1109
529 2371
529 2528
529 2635
529 3042
529 3339
529 3946
530 581
530 713
530 1172
530 1516
530 2644
530 2691
530 3361
530 3397
530 3483
530 3503
530 3735
530 4194
531 670
531 751
531 949
531 1381
531 1554
531 1578
531 1885
531 3196
531 4555
531 4566
532 556
532 797
532 830
532 990
532 1050
532 1204
532 1328
532 1542
532 1605
532 1896
532 1942
532 2573
532 2931
532 3340
532 3391
532 3703
532 4183
532 4502
532 4625
532 4722
532 4861
532 4929
533 982
533 2003
533 3087
533 3167
533 4967
534 1625
534 1831
534 1924
534 2226
534 4910
535 1224
535 2134
535 3356
535 4030
536 1192
536 1336
536 2094
536 2326
536 3437
536 3484
537 683
537 1660
537 1680
537 2030
538 543
538 750
538 800
538 929
538 1454
538 1861
538 1883
538 2253
538 3461
538 3974
538 4050
538 4277
538 4576
539 604
539 687
539 801
539 834
539 1177
539 1262
539 1669
539 1768
539 2401
539 2453
539 2783
539 3071
539 3126
539 3853
540 585
540 690
540 1371
540 1664
540 3014
540 3740
541 966
541 971
541 1409
541 2803
541 2884
541 4691
542 570
542 718
542 1035
542 1240
542 1628
542 2566
542 3309
542 4237
542 4799
543 815
543 824
543 1898
543 2110
543 2885
543 3241
543 3291
543 3535
543 3621
543 4187
544 635
544 699
544 849
544 1317
544 1337
544 1468
544 2400
544 2605
544 2875
544 3002
544 3446
545 640
545 4640
545 4814
546 638
546 1073
546 1116
546 1340
546 1886
546 2091
546 2336
546 2819
546 3166
546 3326
546 3613
546 3742
546 4067
546 4193
546 4368
546 4510
546 4511
546 4569
546 4639
547 558
547 1248
547 1491
547 2338
547 2498
547 2559
547 2811
547 3344
547 3372
547 4025
547 4038
547 4638
548 787
548 930
548 938
548 1018
548 1124
548 1134
548 1221
548 1323
548 1881
548 2391
548 4404
548 4792
548 4804
549 755
549 787
549 910
549 989
549 1140
549 1328
549 1378
549 2351
549 2442
549 2481
549 3124
549 3161
549 4803
550 985
550 1405
550 1889
550 2290
550 2722
550 3427
550 3659
550 4232
551 1007
551 1056
551 1791
551 1922
553 876
553 902
553 947
553 952
553 1748
553 1969
553 2325
553 2343
553 2370
553 3184
553 3292
553 3471
553 3870
553 4070
554 728
554 2311
555 2554
555 3004
555 3720
555 3903
556 1641
556 4625
557 2263
558 2011
558 2034
558 2815
558 3316
558 3875
558 4196
559 642
559 744
559 863
559 2210
559 2258
559 2788
559 3128
559 3305
559 3419
559 4737
560 645
560 864
560 1129
560 2838
560 4213
560 4479
560 4951
561 1007
561 1047
561 1269
561 1742
561 2776
561 3717
561 4332
561 4683
561 4932
562 817
562 1281
562 1746
562 2368
562 2567
562 2697
562 3480
562 4389
563 699
563 1059
563 1564
563 2445
563 3991
563 4577
563 4780
564 785
564 1238
564 1859
564 1947
564 2186
564 2317
564 3690
564 3838
564 3922
565 655
565 1176
565 1291
565 1420
565 1606
565 1654
565 2071
565 3358
565 4091
565 4129
566 576
566 710
566 720
566 773
566 776
566 815
566 858
566 870
566 893
566 995
566 998
566 1218
566 1326
566 1742
566 1902
566 2515
566 2531
566 2621
566 2879
566 3000
566 3247
566 3390
566 3536
566 3646
566 4162
566 4311
566 4506
567 748
567 868
567 1500
567 1604
567 1663
567 2095
567 2507
567 3023
567 3441
567 4982
568 721
568 1097
568 1590
568 2023
568 2394
568 3238
568 3622
568 4578
569 1203
569 2027
570 880
570 1211
570 3910
571 679
571 822
571 1368
571 1433
571 3257
571 4033
571 4278
572 920
572 2137
573 1169
573 1507
573 1797
573 2247
573 2289
573 2313
573 2876
573 2879
573 3930
573 3976
573 4009
573 4986
574 656
574 784
574 894
574 1578
574 2277
575 1970
576 870
576 1718
576 2054
576 2070
576 3511
576 3807
577 589
577 1202
577 1988
577 3260
577 3264
577 3753
577 4848
577 4977
578 831
578 1372
578 1530
578 2164
578 2820
578 2908
578 2965
578 4053
578 4796
579 622
579 4407
580 916
580 2040
580 2683
580 3550
581 2691
582 1300
582 1304
582 1336
582 1363
582 1557
582 1701
582 2494
582 4781
583 925
583 1569
583 1780
583 1789
583 4185
584 1255
584 1890
585 617
585 699
585 726
585 730
585 1284
585 1343
585 1361
585 1462
585 1664
585 1910
585 2406
585 2530
585 2938
585 3683
585 3886
585 3980
585 4026
585 4372
586 885
586 1003
586 1357
586 1786
586 4334
586 4560
586 4562
586 4996
587 647
587 1523
587 2088
587 4922
588 954
588 1070
588 1212
588 2174
588 2252
588 2255
588 2495
588 2784
588 2855
588 2920
588 3712
588 3719
588 3769
588 4159
588 4778
588 4833
589 612
589 913
589 1765
589 3158
589 3717
590 1113
590 1243
590 1626
590 3634
590 4907
591 806
591 1235
591 1831
591 1960
591 2827
591 3575
592 803
592 1502
592 1649
592 1869
592 2556
592 3830
592 4590
592 4740
593 642
593 649
593 717
593 979
593 1011
593 1037
593 1178
593 1261
593 1559
593 1818
593 2236
593 2477
593 2863
593 3456
593 4800
594 703
594 878
594 1308
594 1550
594 1731
594 1864
594 2337
594 2340
594 2438
594 3244
594 3278
594 3410
594 3658
594 3866
594 4030
594 4058
594 4572
594 4697
594 4800
595 1681
595 3538
595 4268
596 1444
596 3101
596 3238
596 3799
596 4208
597 1477
597 1691
597 2021
597 2714
597 3532
597 3655
597 3779
597 4589
598 1665
598 2340
598 4742
599 667
599 677
599 831
599 883
599 1052
599 1119
599 1177
599 1579
599 1685
599 1992
599 2489
599 2618
599 2716
599 2900
599 3211
599 3594
599 3699
599 4306
599 4992
600 1980
600 2395
600 2872
601 603
601 1227
601 1358
601 1475
601 1548
601 1972
601 2015
601 2137
601 2214
601 2332
601 2341
601 2358
601 2781
601 3041
601 3220
601 3591
601 3973
601 4015
601 4194
601 4315
601 4321
601 4415
602 871
602 895
602 905
602 1383
602 1519
602 1551
602 1622
602 1838
602 2199
602 2284
602 2768
602 2869
603 1653
603 1885
603 2001
603 2214
603 2327
603 2332
603 2358
603 2542
603 2703
603 3028
603 3199
603 3883
603 4061
603 4493
604 608
604 682
604 687
604 827
604 1301
604 1603
604 1619
604 1644
604 1655
604 1939
604 2183
604 2325
604 3895
604 4036
605 828
605 1197
605 1219
605 1338
605 3463
605 3597
605 3614
605 3938
605 4074
605 4399
605 4773
605 4813
605 4934
606 769
606 1208
606 1840
606 2434
606 2740
606 3662
608 1088
608 1805
608 2564
608 3927
609 1378
609 1524
609 1709
609 2070
609 2554
609 2860
609 4006
610 2671
610 3196
611 670
611 691
611 744
611 1069
611 1102
611 1257
611 1492
611 1847
611 2336
611 2461
611 2590
611 3917
611 4426
612 759
612 846
612 1338
612 1383
612 1710
612 3607
613 647
613 1174
613 1597
613 4923
614 964
614 1021
614 2266
614 2597
614 2609
614 4133
614 4227
614 4269
614 4425
614 4478
615 815
615 1302
615 2267
616 1422
616 3814
617 1851
617 2422
618 1279
619 655
619 2286
619 3423
619 4057
619 4252
620 1050
620 1293
620 2038
620 4399
620 4681
621 1412
621 2858
621 3061
623 1768
623 1889
623 2526
623 2651
623 3475
623 4418
623 4802
624 732
624 2126
624 2257
624 2989
624 4495
625 636
625 715
625 1154
625 1595
625 2622
625 2904
625 3230
625 3708
626 649
626 799
626 900
626 1090
626 1107
626 1204
626 1336
626 1369
626 1421
626 1546
626 1705
626 2207
626 2427
626 2870
626 3993
626 3994
626 4603
627 1052
627 1250
627 2902
627 4267
628 774
628 814
628 877
628 962
628 1502
628 2058
628 2081
628 2131
628 2286
628 2533
628 2682
628 2901
628 3194
628 3435
628 4204
628 4368
628 4641
628 4667
628 4686
629 980
629 1345
629 1424
629 1739
629 1930
629 2122
629 2530
629 2642
629 2660
629 3012
629 3330
629 4208
629 4776
630 637
630 722
630 1767
630 1927
630 2041
630 2173
630 2270
630 2694
631 662
631 730
631 899
631 1468
631 1512
631 1864
631 2054
631 2774
631 4708
631 4981
632 725
633 979
633 1272
633 1307
633 3518
633 4033
633 4055
634 1521
634 1691
634 1735
634 3120
634 3124
635 967
635 1337
635 3465
635 4156
636 2357
636 2872
636 3230
636 4524
637 4037
637 4671
638 978
638 1064
638 4510
639 1149
639 1206
639 1263
639 1825
639 3127
639 3392
639 4169
640 1677
641 1490
641 1980
641 3111
641 4691
642 717
642 825
642 866
642 970
642 1397
642 1596
642 1636
642 1776
642 1829
642 1831
642 1899
642 1969
642 2611
642 3122
642 3325
642 3419
642 3630
642 3999
642 4486
643 1978
643 2589
643 3067
643 3193
643 3433
643 4274
644 1082
644 1521
644 1573
644 1811
644 1977
644 2530
644 2545
644 2816
644 2919
644 3018
644 3345
644 3563
644 3961
644 4700
645 664
645 669
645 1547
645 1577
645 1756
645 1843
645 2838
645 3013
645 4914
646 2158
646 4427
647 3384
647 3875
648 758
648 975
648 1500
648 1562
648 1966
648 2256
648 3017
649 878
649 968
649 1011
649 1114
649 1158
649 1406
649 1674
649 3176
649 3411
649 3448
649 3888
649 4523
649 4631
650 968
650 2193
650 2238
650 3174
650 4871
651 2923
651 4802
652 1040
652 1593
652 2206
652 2369
652 3777
652 4223
652 4404
653 1239
653 1808
653 1932
653 2654
653 3267
653 3338
654 1030
654 1624
654 2852
654 3582
654 3729
654 4241
654 4728
654 4946
655 700
655 1792
655 2571
656 844
656 1189
656 1626
656 2178
656 2300
656 3579
656 3734
657 1624
657 2476
657 3156
658 1021
658 3901
658 4987
659 1384
659 1637
659 2269
659 2359
659 3131
659 3264
660 1128
660 1486
660 3839
661 2703
661 3621
661 3911
661 4387
661 4876
662 3103
662 3950
664 2838
664 3463
665 691
665 978
665 1045
665 1923
665 1954
665 2220
665 2450
665 2618
665 2688
665 2792
665 2964
665 3011
665 3660
665 4596
666 924
666 1138
666 1558
666 2362
666 2669
666 3425
666 3816
666 3830
666 4013
666 4744
667 672
667 783
667 921
667 1106
667 1203
667 1811
667 2090
667 2169
667 2489
667 2490
667 2560
667 2824
667 4280
667 4477
667 4498
667 4912
667 4999
668 673
668 1132
668 1394
668 1401
668 1958
668 2192
668 2472
668 2761
668 2893
668 3465
668 4730
668 4866
669 1166
669 1657
669 3407
669 4762
670 1008
670 1036
670 1275
670 3026
671 803
671 841
671 1117
671 1167
671 1346
671 1391
671 2193
671 2984
671 3190
671 3797
671 4873
672 921
672 1453
672 3788
673 1449
673 3247
674 2008
674 2209
674 4861
675 810
675 875
675 1082
675 1083
675 1254
675 1294
675 1467
675 1586
675 1705
675 1857
675 2495
675 2799
675 3804
675 4073
675 4080
675 4149
675 4257
676 1109
676 1475
676 1789
676 2162
676 3034
676 4924
677 956
677 1035
677 2464
677 2983
677 3360
678 1759
678 2188
678 2272
678 2670
678 2954
678 3258
679 980
679 1888
679 2730
679 2749
679 3302
679 3452
679 3710
679 3852
680 1825
680 3127
680 3271
681 786
681 990
681 1563
681 3544
681 4492
682 821
682 2037
682 2240
682 2246
682 2793
682 3174
682 3635
682 3965
682 3967
683 1258
683 2294
683 3846
683 3889
684 890
684 1001
684 1232
684 1755
684 1797
684 1810
684 2382
684 2414
684 2661
684 3671
684 4007
685 817
685 1207
685 1389
685 1588
685 1933
685 2164
685 2221
685 4341
686 1399
687 858
687 1040
687 1301
687 1436
687 1832
687 3677
688 1002
688 1043
688 1252
688 2393
688 3019
688 3221
688 3931
688 4759
688 4814
689 1059
689 1123
689 1274
689 2585
689 4888
689 4967
690 1952
690 2259
690 2504
690 3027
690 3388
691 929
691 975
691 1528
691 2371
691 2590
691 3261
691 3822
691 4545
692 2027
692 3367
693 708
693 731
693 933
693 1048
693 1098
693 2234
693 2539
693 3110
693 3634
693 4559
694 773
694 2735
694 2886
694 4742
695 970
695 987
695 2481
695 2854
695 4359
695 4830
696 1404
696 1766
696 1868
696 3599
696 4094
696 4683
696 4921
697 1292
697 1690
697 1696
697 2140
697 3763
699 964
699 1027
699 1034
699 1059
699 1284
699 1936
699 1963
699 1987
699 2068
699 2417
699 2586
699 2938
699 3134
699 3336
699 3367
699 3395
699 3483
699 3835
699 4166
699 4513
699 4860
699 4987
700 1840
700 1879
700 2143
700 2224
700 3030
700 3644
700 3923
700 4925
702 3169
703 1528
703 1926
703 2329
703 2396
703 3652
703 4266
704 2221
705 720
705 729
705 1151
705 1452
705 1581
705 1701
705 2273
705 2518
705 3166
705 4195
705 4347
705 4706
706 910
706 1103
706 1783
706 2081
706 2466
706 2720
706 3073
706 4959
707 1201
707 1364
707 2789
707 2844
708 710
708 1276
708 2121
708 2418
708 2682
709 1247
709 2548
709 3389
709 4541
710 2682
710 4696
711 1148
711 1429
711 1788
711 2416
711 4916
712 4265
713 2644
713 3868
713 4022
714 897
714 2967
714 4356
714 4538
714 4627
715 877
715 911
715 932
715 1154
715 1539
715 2205
715 2893
715 3332
715 4769
715 4772
716 1141
716 3060
716 3830
716 3833
716 4837
717 866
717 1171
717 2683
718 811
718 844
718 1032
718 1035
718 1278
718 1435
718 1558
718 2057
718 2233
718 2276
718 3884
718 4888
721 1506
721 2443
721 2455
721 2569
721 2762
721 3423
721 4381
721 4571
722 1167
722 1198
722 2065
722 2629
722 4031
723 1294
723 1474
723 2393
723 2899
723 3422
723 4430
723 4714
724 1945
725 1687
725 2716
726 2396
726 2522
726 3541
726 4300
726 4836
728 1078
728 2685
728 4495
728 4878
729 812
729 940
729 1245
729 2518
729 2916
729 3214
729 3521
729 3833
730 757
730 941
730 1391
730 1409
730 1458
730 2112
730 2280
730 2299
730 2744
730 2809
730 2854
730 3102
730 3130
730 3600
730 3936
730 4161
730 4954
731 1732
731 1881
731 2272
731 4020
731 4313
732 929
732 1145
732 1262
732 1600
732 1686
732 2399
732 2890
732 4267
732 4723
732 4928
734 1584
734 2830
735 855
735 1525
735 1999
735 2936
735 3728
735 3866
736 859
737 1025
737 1288
737 1541
737 1690
737 2177
737 2733
737 3200
737 3204
738 1432
738 4585
739 3079
739 3507
740 2002
740 2328
740 2875
742 1822
742 2560
742 4556
742 4653
742 4856
742 4927
743 1439
743 4660
744 2116
744 2552
744 4918
745 1472
745 3501
746 802
746 1038
746 1187
746 1395
746 2372
746 2709
746 2978
746 3218
746 4415
747 873
747 971
747 983
747 991
747 1733
747 2353
747 2629
747 3013
747 3471
747 3882
747 4110
747 4694
747 4766
747 4889
748 1028
748 1518
748 1575
748 4010
748 4429
749 760
749 956
749 1580
749 1809
749 2462
749 3435
749 3476
749 3590
749 3818
749 4394
749 4431
750 943
750 1034
750 1558
750 3543
750 3882
751 875
751 2277
751 2686
752 1410
752 1594
752 2463
752 2942
752 3134
752 3198
752 4432
753 1512
753 1803
753 2067
753 2513
753 3035
753 3422
753 4718
753 4719
753 4790
753 4999
754 1679
754 4672
755 917
755 927
755 1668
755 1992
755 3473
756 785
756 847
756 1073
756 1116
756 1403
756 1448
756 1698
756 1785
756 1865
756 2215
756 2439
756 3819
756 3887
756 4185
756 4359
757 847
757 888
757 1024
757 1040
757 1204
757 1208
757 1353
757 1487
757 2054
757 2605
757 3523
757 4926
758 849
758 990
758 1638
758 1651
758 1842
758 1856
758 1914
758 2609
758 2706
758 2796
758 3057
758 3669
758 3820
758 3826
758 3839
758 4218
758 4489
758 4833
759 1182
759 1428
759 1555
759 1895
759 2168
759 2199
759 4288
760 886
760 953
760 1019
760 1083
760 1725
760 1737
760 1819
760 2532
760 3394
761 1120
761 1491
761 1725
761 1928
761 2433
761 2910
761 3745
761 3904
761 4106
762 1504
762 1752
762 1836
762 2781
762 2925
762 3313
762 3382
762 3552
762 4118
763 1575
763 2409
764 1137
764 2293
764 2974
764 3697
765 1267
765 1280
765 1436
765 1599
765 1995
765 2153
765 2689
765 3182
765 3186
765 3841
765 4385
765 4506
766 1687
766 2263
766 2975
766 3320
766 4033
766 4689
767 1484
767 1910
767 2560
767 2647
767 3070
767 3155
767 3217
767 3682
767 4086
767 4726
768 938
768 1323
768 1652
768 2736
768 3472
768 4225
768 4489
768 4892
769 865
769 1002
769 2100
769 2116
769 2509
769 3522
769 4415
770 880
770 890
770 1102
770 2383
770 4089
770 4317
771 2016
771 2577
771 2941
771 3416
771 3663
771 4275
771 4818
772 791
772 828
772 837
772 870
772 1013
772 1101
772 1143
772 1210
772 1234
772 1279
772 1612
772 1632
772 1684
772 1696
772 1930
772 1953
772 2052
772 2145
772 2342
772 2553
772 2687
772 3380
772 3405
772 3737
772 4549
772 4692
772 4858
772 4943
773 1602
773 1680
773 2152
773 4374
774 960
774 2176
774 4408
775 820
775 2378
775 4091
776 1026
776 1299
776 1522
776 1549
776 1596
776 1933
776 2089
776 3242
777 995
777 1235
777 1337
777 1366
777 1466
777 1520
777 2242
777 2478
777 2576
777 3045
777 3133
777 3773
777 3941
777 4071
778 1134
778 1191
778 1210
778 3811
779 2862
779 3128
780 3007
780 3780
781 852
781 1195
781 1398
781 1871
781 2191
781 2458
781 3072
781 3258
781 4014
781 4296
781 4584
782 825
782 2101
782 3411
783 1226
783 1594
783 1715
783 2176
783 2221
783 2578
783 3914
784 920
784 1206
785 1865
786 1145
786 1393
786 1641
786 1675
786 1821
786 2082
786 2555
786 2845
786 3215
786 3676
786 4388
787 1137
787 1207
787 1341
787 1559
787 2108
787 2250
787 2566
787 2996
787 3187
787 3263
787 3481
787 3554
787 3576
787 3592
787 3619
787 3693
787 3862
788 1099
788 1318
788 1368
788 1442
788 1494
788 1752
788 2644
789 1484
789 1588
789 2080
789 2950
789 3418
789 3874
789 3890
789 4648
789 4962
790 2264
790 3058
790 3824
790 4993
792 1152
792 2511
792 3505
793 1236
793 1318
793 1426
793 2351
793 3623
793 4211
793 4614
793 4740
794 811
794 1054
794 1805
794 2894
795 3432
796 1574
796 2735
796 2815
796 3859
797 2998
798 1636
798 3298
798 3786
799 1507
799 1898
799 2036
799 2114
799 3006
799 3337
799 3644
799 4524
800 853
800 1409
800 2851
800 3693
800 4297
801 1699
801 1814
801 2022
801 2368
801 3328
801 3409
801 3847
801 4331
802 896
802 1288
802 1492
802 1715
802 1758
802 1973
802 2179
803 994
803 1660
803 2182
803 2707
803 3025
803 3142
803 3581
803 4052
803 4137
803 4654
803 4831
804 1855
804 3784
805 959
805 1204
805 1485
805 2033
805 2139
805 2381
805 2493
805 2525
805 2640
805 2948
805 3097
805 3924
805 4645
806 895
806 1032
806 1303
806 4846
807 2145
807 2216
807 2859
807 3935
808 2431
809 2762
809 3026
809 3074
809 3981
810 999
810 1057
810 1254
810 1401
810 1658
810 1722
810 1876
810 1959
810 2167
810 2568
810 2940
811 988
811 1260
811 2342
811 2894
811 3995
811 4120
811 4824
812 879
812 1251
812 1519
812 1643
812 1823
812 2329
812 2490
812 2743
812 3064
812 3105
812 4135
812 4243
812 4737
812 4881
813 851
813 1012
813 1417
813 1827
813 2157
813 2986
813 3229
813 3528
813 3591
813 3900
813 4246
813 4295
813 4568
814 1275
814 3435
814 3525
814 4869
815 1200
815 1477
815 1601
815 2741
815 2924
815 3115
815 3264
815 3472
816 1516
816 1737
816 1823
816 2452
816 2535
817 826
817 1207
817 1477
817 1999
817 2039
817 2567
817 2861
817 3288
817 3803
817 4320
817 4342
818 3315
819 871
819 1609
819 1961
819 2219
819 2985
819 3441
820 2239
820 2704
820 4021
821 955
821 1106
821 1287
821 1290
821 1493
821 1842
821 1878
821 2212
821 3624
821 3984
821 4239
821 4576
822 1957
822 3088
822 4390
822 4607
823 1181
823 1376
823 2284
823 2393
823 2873
823 2966
823 4384
823 4557
824 4187
825 1125
825 1776
825 2101
825 2285
825 3607
826 958
826 1402
826 1446
826 1457
826 2039
826 2310
826 2390
826 2681
826 3375
826 3488
826 4274
826 4282
826 4881
827 1351
827 1799
827 2020
828 893
828 1219
828 1583
828 1632
828 1801
828 2209
828 2562
828 2805
828 3058
828 3491
828 3849
829 1129
829 1244
829 1431
829 2790
830 1852
830 3297
830 4173
830 4952
831 982
831 1347
831 3195
831 4868
832 1184
832 1658
832 1848
832 2119
832 2255
833 1589
833 2427
833 2781
833 2955
833 4216
834 1496
834 1947
835 872
835 969
835 2775
835 2951
835 3117
836 944
836 1093
836 1153
836 1296
836 1346
836 1384
836 1482
836 3197
836 3486
836 3515
836 4157
836 4427
836 4690
837 1195
837 1861
837 2944
837 4659
837 4897
838 2059
838 3998
839 2240
839 4286
839 4343
840 1171
840 1379
840 2859
840 3258
840 4034
841 1346
841 1413
841 2082
841 2283
841 3126
841 3318
841 3534
841 4674
842 2376
842 2662
842 2684
842 3836
843 1245
843 2047
843 2670
843 2688
843 4561
844 1552
844 1625
844 2191
844 3303
844 4030
845 1243
845 1794
845 1868
845 3566
845 3797
845 4204
845 4552
846 963
846 1115
846 1354
846 1396
846 1482
846 1642
846 1744
846 2286
846 2446
846 2449
847 917
847 1032
847 1077
847 1784
847 2654
847 2829
847 3631
847 3638
847 4305
847 4652
849 1036
849 1065
849 1717
849 1846
849 2195
849 3754
849 4077
849 4899
850 1445
850 1627
850 3099
850 3516
850 3627
850 3688
850 4496
850 4835
850 4941
851 2496
851 4246
851 4408
852 1117
852 1771
853 976
853 993
853 1409
853 1993
853 2005
853 2499
853 3734
854 1422
854 1726
854 1966
854 2826
854 3524
854 3806
856 1042
856 1172
856 2360
856 3308
856 4254
857 2589
857 3727
857 4300
857 4382
857 4643
858 1011
858 1678
858 2753
858 3113
858 3269
858 3647
858 3748
858 4156
858 4475
859 4302
860 986
860 3096
860 3158
860 4682
861 1207
861 2673
861 3370
861 3498
861 3690
862 1023
862 1084
862 1858
862 3447
862 4845
863 938
863 3951
864 952
864 1334
864 2634
865 886
865 1297
865 1350
865 1720
865 3163
865 3401
865 3696
865 4470
865 4921
865 4928
866 1085
866 1333
866 2429
866 2596
866 4120
866 4543
866 4970
867 2556
867 3550
868 881
868 934
868 1407
868 1572
868 1623
868 1715
868 1731
868 1762
868 2107
868 2129
868 2217
868 2479
868 2554
868 3217
868 3652
868 4448
868 4535
868 4663
868 4782
869 1371
869 1596
869 1796
869 2173
869 2392
869 2668
869 3151
870 1083
870 1308
870 1550
870 1579
870 1742
870 1813
870 2006
870 2808
870 4571
871 1961
871 4252
872 3199
873 919
873 1011
873 1488
873 2271
873 2604
873 2633
873 2651
873 2800
873 3913
873 4244
873 4471
873 4911
874 1804
874 2930
874 4711
874 4978
875 1014
875 1787
875 4618
876 906
876 1131
876 2970
876 3014
876 3266
876 3620
876 4546
876 4637
876 4848
877 951
877 962
877 2901
877 3338
877 4679
878 880
878 954
878 3613
879 891
879 896
879 1671
879 3845
880 898
880 2053
880 2477
880 2713
880 2836
880 3910
880 4752
880 4805
881 998
881 1010
881 1066
881 1618
881 2261
881 2436
881 2816
882 1041
882 2459
882 2805
882 2962
882 3233
882 4222
883 888
883 1756
883 1959
883 3642
884 1282
884 3019
885 1340
885 3929
886 897
886 3407
886 3840
887 1471
887 1850
887 2880
887 3224
887 3999
888 1024
888 1208
888 1316
888 2086
888 2641
888 3492
888 4965
889 1213
889 1341
889 1457
889 1503
889 1934
889 2024
889 2236
889 3003
889 3106
889 3510
889 3767
889 4055
890 1157
890 2077
890 2739
890 3175
890 3544
890 4317
891 896
891 1187
891 1259
891 2454
891 2756
891 3752
891 4528
892 1053
892 1056
892 2411
892 4044
893 1019
893 1283
893 1679
893 1748
893 2331
893 2690
893 2840
893 4011
893 4117
893 4738
894 1522
894 3063
894 3559
894 4291
894 4755
894 4811
895 1303
895 1833
895 2042
895 2291
895 3085
895 3286
895 3973
895 4294
895 4947
896 1671
896 2815
897 1067
897 1214
897 1367
897 1639
897 2877
897 3298
897 3628
897 4538
898 1149
898 1266
898 1389
898 1430
898 2792
898 4529
898 4870
899 1078
899 1440
899 2420
899 3089
899 3175
899 3571
899 4541
899 4602
900 1480
900 1786
901 1215
901 3210
901 3329
901 3794
901 4051
901 4197
902 1457
902 2566
902 3657
902 4974
903 1245
903 1789
904 1745
904 2950
904 3054
904 4451
904 4737
905 977
905 2032
905 2750
905 2821
905 2990
905 3109
905 4862
906 2783
906 2842
906 3312
906 3603
906 4743
907 937
907 1271
907 1389
907 1857
907 2334
907 2890
907 3929
907 4310
908 1206
908 1444
908 1476
908 3384
908 4204
909 972
909 1513
909 4605
909 4698
909 4879
910 1196
910 1461
910 1990
911 1089
911 1693
911 1768
912 3350
913 991
913 1582
913 1761
913 1789
913 2276
913 2312
913 3053
913 3261
913 3277
913 3980
913 4936
914 1003
914 1189
914 1262
914 1332
914 1746
914 2302
914 2519
915 1379
915 2243
915 2507
915 2642
915 2673
915 3110
915 3282
915 3368
915 4104
915 4295
916 2247
916 4467
916 4469
916 4904
917 3904
917 4652
918 1153
918 1723
918 2990
918 2996
918 3741
918 3766
918 4946
919 1240
919 1488
919 1784
919 3809
919 4513
920 1200
920 4223
920 4678
921 1306
921 2050
921 2062
921 2090
921 2691
921 2868
921 3418
921 3663
921 4070
921 4468
921 4734
921 4827
923 1170
923 1299
923 2075
923 2643
923 3727
924 1029
924 2592
924 2669
924 3331
924 3456
925 1141
925 1190
925 1929
925 1997
925 2578
925 2763
925 3214
925 3837
925 3862
925 4514
925 5000
926 1149
926 2993
927 1100
927 2391
927 2672
928 1111
928 2302
928 3036
928 3717
928 4988
929 1096
929 3386
930 1009
930 1499
930 4804
931 3035
931 4471
931 4748
932 1435
932 1785
932 1885
932 2627
932 3139
932 3140
932 4428
933 1335
933 1669
933 2280
933 2646
933 3634
933 3984
933 4098
933 4149
933 4909
934 1140
934 3370
934 4638
935 1274
935 1657
935 1783
935 2183
935 2414
935 2818
935 3228
935 4351
936 1048
936 1693
936 1724
936 1867
936 2043
936 2799
936 3173
936 3215
936 3452
937 1389
937 2674
937 3795
937 4942
938 1199
938 1323
938 1668
938 1689
938 2199
938 2231
938 3409
938 4043
939 2606
939 2949
940 1124
940 2583
941 1773
941 1891
941 1904
941 1962
941 2262
941 2686
941 2690
941 4095
942 2934
942 3675
943 1038
943 1110
943 1701
943 3537
943 3612
943 4891
944 1384
945 1172
945 1935
945 2248
945 2625
946 4981
947 2343
947 2399
947 2960
948 1388
948 1589
948 1681
948 1836
948 1909
948 2063
948 4802
949 1155
949 1363
949 1386
949 1476
949 2743
949 2900
949 2909
949 3075
949 3180
949 3791
949 4144
949 4154
950 1114
950 1261
950 1674
950 2475
950 2887
950 2889
950 3099
951 1329
951 1511
952 1518
952 2015
953 1026
953 2320
953 2426
953 3751
953 4452
953 4751
954 1212
954 3484
954 3769
954 3885
954 4688
955 1536
955 2224
955 3437
956 1174
956 1609
956 2870
956 3030
956 4280
956 4287
957 1473
957 3440
958 1349
958 1517
958 1804
958 4556
959 1180
960 1682
960 2441
960 2449
960 2545
960 2972
960 3857
962 1605
962 2144
962 2242
962 2418
962 2459
962 3723
962 4121
963 1402
964 1123
964 2080
964 3134
964 4437
965 3304
965 3643
965 3730
965 4143
967 1003
967 1377
967 1613
967 1733
967 1866
967 2048
967 2269
967 2631
967 4776
968 2430
968 4548
969 1080
969 1258
969 1478
969 1592
969 2718
969 2775
969 2983
969 4463
969 4647
969 4820
970 977
970 1414
970 1918
970 2878
970 3069
970 3538
970 3545
970 3848
970 4945
971 1791
971 2052
971 2803
971 4872
972 1077
972 1122
973 1251
973 1692
973 3294
973 3806
973 4782
974 4724
974 4960
977 1688
977 2990
977 4528
978 1606
978 1954
978 2178
978 2251
978 4029
978 4323
978 4629
979 1058
979 1126
979 1849
979 2282
979 2533
979 2717
979 2863
979 4251
980 1227
980 1424
980 1556
980 1952
980 2085
980 2235
980 2490
980 2864
980 3637
980 4611
981 1991
981 2284
981 3813
981 3944
982 1372
982 3167
982 3640
983 1338
983 1467
983 1817
983 2395
983 2457
983 3981
983 4249
983 4880
983 4887
983 4978
984 1253
984 3631
985 1325
985 1415
985 1682
985 3050
985 3088
986 2364
986 2770
986 3704
987 1441
988 1039
988 1165
988 1260
988 1491
988 2309
988 2544
988 4587
990 1447
990 1943
990 4502
991 3031
991 3529
991 3860
992 1905
992 2451
992 3051
992 3065
993 1226
993 1314
993 1723
993 2629
993 3445
993 3891
993 4016
994 1127
994 2089
994 4245
995 1366
995 1403
995 2272
995 2726
995 3192
995 3430
995 3959
996 3819
997 1051
997 1517
997 1547
997 1875
997 2291
998 1373
998 1620
998 2616
998 2667
998 3262
998 4047
999 1925
999 1959
999 2568
999 2628
999 2837
999 4661
999 4679
1000 1383
1000 1419
1000 1505
1000 3288
1000 3947
1000 4075
1001 1193
1001 2851
1001 4224
1002 2201
1002 2604
1002 2958
1003 1180
1003 1183
1003 1262
1003 1557
1003 1598
1003 1638
1003 1733
1003 1965
1003 2133
1003 2170
1003 2494
1003 2939
1003 2943
1003 3384
1003 3832
1003 4893
1004 1238
1004 1268
1004 1285
1004 1477
1004 1867
1004 2435
1004 2577
1004 2746
1004 3016
1004 3222
1004 3223
1004 3272
1004 4096
1004 4393
1004 4721
1005 1125
1005 1624
1005 1985
1005 2711
1005 4643
1006 1525
1006 1847
1006 1850
1006 2748
1006 3666
1006 3962
1006 4297
1007 2316
1007 3039
1008 4027
1009 1577
1009 1756
1009 2479
1009 2630
1009 2779
1009 2926
1009 3351
1009 4804
1009 4940
1010 1123
1010 1345
1010 2816
1010 2864
1010 3257
1010 3609
1010 4591
1010 4957
1011 3113
1011 3334
1011 3664
1011 3928
1012 1351
1012 1871
1012 1968
1012 2600
1012 3442
1012 4632
1013 1143
1013 1591
1013 1875
1013 2430
1013 2558
1014 2387
1014 2474
1015 1608
1015 2206
1015 2830
1016 2012
1016 4381
1017 2757
1017 3673
1017 4129
1017 4612
1017 4710
1018 1331
1018 3987
1018 4183
1019 1417
1019 1496
1019 1900
1019 2078
1019 2232
1019 2979
1019 3059
1019 3517
1020 1325
1020 2876
1020 3450
1021 1830
1021 1841
1021 3516
1022 1896
1023 1232
1024 1064
1024 3692
1025 1149
1025 1154
1025 1884
1025 2060
1025 2177
1025 2790
1025 3473
1025 3754
1025 4505
1025 4547
1025 4890
1026 2426
1026 2518
1026 3242
1026 4313
1027 1033
1027 1056
1027 1060
1027 1283
1027 1642
1027 3139
1028 2574
1028 2602
1028 2973
1028 3550
1029 1877
1029 2312
1029 3057
1031 1264
1031 1553
1031 2395
1031 2737
1031 2791
1031 2986
1031 3855
1031 4560
1032 2092
1032 3408
1032 4132
1033 1806
1033 2225
1033 2449
1033 2920
1033 3032
1033 3251
1033 3505
1033 3568
1033 3703
1034 1437
1035 2613
1035 2983
1035 4954
1036 1519
1036 1717
1038 1442
1038 1561
1038 2978
1038 3458
1039 1427
1039 2285
1039 4110
1039 4951
1040 1113
1041 1489
1041 1719
1041 3612
1041 3627
1042 1595
1042 3296
1042 4139
1042 4535
1043 1305
1043 1801
1043 2698
1043 3992
1044 1604
1044 2043
1044 3315
1044 3670
1044 4545
1044 4748
1045 1227
1045 2023
1045 2875
1045 3009
1045 3377
1045 4131
1045 4519
1045 4533
1045 4594
1045 4744
1045 4991
1046 1282
1046 1504
1046 1990
1046 4584
1047 1498
1047 3945
1047 4332
1047 4333
1048 3339
1048 4259
1050 3255
1051 1848
1051 2194
1051 2585
1051 2939
1051 3015
1051 3349
1052 3969
1053 1368
1053 1373
1053 1612
1053 1678
1053 1994
1053 2229
1053 2367
1053 2450
1053 2612
1053 2756
1053 4439
1054 1387
1055 1650
1055 2401
1056 3701
1057 2568
1057 2647
1057 4048
1057 4113
1058 1126
1058 1325
1058 1544
1058 1975
1058 2533
1059 1143
1059 1328
1059 1724
1059 2822
1059 3119
1059 4774
1060 2827
1060 4147
1061 1062
1061 2658
1061 4478
1062 1542
1062 1750
1062 1903
1062 3046
1062 3777
1062 4989
1063 1101
1063 1546
1063 2336
1063 3169
1064 3924
1064 4084
1065 1423
1065 1622
1065 2067
1065 2195
1065 3905
1065 4838
1066 1092
1066 1112
1066 1407
1066 1795
1066 2862
1066 3856
1066 3879
1066 3969
1066 4051
1066 4111
1066 4136
1067 1309
1067 4303
1067 4363
1068 1275
1068 1778
1068 2440
1068 3772
1069 1142
1069 1289
1069 1925
1069 2299
1069 3415
1069 4371
1070 4133
1071 1104
1071 1312
1071 1329
1071 1360
1071 1633
1071 1669
1072 1133
1072 1757
1072 1845
1072 3665
1072 4076
1073 1116
1073 2228
1073 2541
1073 2819
1073 3299
1073 3513
1073 3625
1073 3899
1073 4511
1073 4966
1074 1113
1074 1144
1074 2979
1075 1192
1076 1092
1076 1694
1076 2241
1076 2307
1076 3616
1077 1430
1077 2555
1077 3890
1077 3932
1077 4076
1077 4367
1077 4725
1078 2664
1078 3316
1079 1334
1079 1404
1079 1747
1079 3259
1079 3436
1079 3685
1079 4507
1079 4616
1080 2218
1080 2718
1081 4127
1081 4667
1082 1998
1083 1196
1083 1964
1083 2808
1083 4105
1083 4234
1084 1561
1084 2004
1085 3437
1085 3849
1085 4758
1086 1904
1086 4889
1087 1506
1087 3551
1087 4086
1087 4663
1088 2030
1088 2530
1088 3536
1088 3653
1088 3743
1089 1348
1089 1419
1089 2483
1089 3395
1089 4741
1090 1852
1090 2170
1090 2491
1090 3145
1090 3521
1091 2595
1091 3177
1091 4345
1092 1257
1092 1407
1092 1583
1092 1795
1092 2143
1092 2312
1092 3879
1092 4256
1093 1367
1093 2031
1094 1418
1094 1512
1094 1684
1094 1753
1094 2013
1094 2593
1094 4482
1095 1567
1095 1576
1095 1967
1095 3010
1095 4889
1096 2290
1096 4142
1097 1612
1097 1943
1097 2540
1097 2921
1097 3622
1098 1130
1098 1265
1098 2035
1098 2793
1099 1166
1099 1339
1099 1400
1099 3143
1099 3612
1100 3171
1100 4331
1100 4778
1101 1234
1101 1546
1102 3226
1103 1250
1103 1296
1103 1839
1103 2235
1103 2807
1103 2942
1103 4886
1104 3742
1105 1615
1105 1912
1105 3142
1105 4432
1106 1287
1106 2112
1106 3931
1106 3984
1106 4450
1107 3481
1107 3798
1108 2273
1108 2381
1108 2519
1108 3316
1108 4876
1109 1329
1109 1475
1109 2157
1109 2162
1109 2452
1109 3191
1109 3285
1109 4063
1110 1233
1110 3243
1110 4701
1111 2013
1111 4236
1111 4497
1111 4898
1113 1501
1113 3866
1113 4001
1114 1674
1114 2119
1114 2546
1114 3629
1114 4000
1114 4242
1115 1175
1115 1394
1116 1596
1116 2215
1116 2439
1116 2819
1116 3869
1116 4559
1117 1319
1117 1414
1117 2018
1117 2024
1117 2045
1117 2147
1117 2627
1117 2677
1117 3025
1117 3033
1117 3140
1117 3280
1117 4181
1117 4378
1117 4477
1117 4852
1117 4953
1119 3870
1120 2029
1121 1395
1121 1588
1121 2142
1121 2509
1121 3086
1121 3943
1121 4450
1122 2563
1122 3695
1122 4727
1122 4749
1123 2287
1123 2487
1123 2528
1123 2585
1123 2719
1123 4796
1123 4967
1124 1569
1124 1764
1124 2258
1124 2788
1124 4176
1125 1285
1125 1508
1125 1521
1125 1735
1125 1955
1125 2932
1125 4226
1126 1272
1126 1774
1126 1947
1126 2025
1126 2207
1126 2717
1126 3043
1128 2032
1128 4198
1128 4338
1129 1244
1129 1724
1129 2790
1129 4344
1129 4566
1130 1995
1130 2687
1130 3698
1130 4032
1131 4532
1131 4637
1132 1243
1132 1390
1132 1944
1132 2750
1132 2767
1132 2893
1132 4290
1132 4377
1133 1607
1133 1757
1133 2150
1133 2337
1133 2740
1133 2896
1133 3021
1133 3056
1133 3613
1133 3867
1133 3948
1133 4445
1133 4912
1134 1842
1134 3368
1134 4251
1134 4312
1134 4703
1136 3801
1136 3902
1137 1939
1137 2149
1137 2468
1137 2945
1137 3400
1137 3500
1137 3823
1137 4409
1138 1435
1138 2186
1138 2988
1138 3816
1138 4260
1139 2210
1139 2315
1139 2666
1139 4412
1140 1500
1140 3718
1140 3815
1141 1738
1141 3999
1141 5000
1142 1539
1142 2377
1143 1930
1143 2627
1143 4842
1144 1764
1144 1779
1144 2138
1144 4148
1145 1331
1145 1821
1145 1889
1145 2243
1145 2296
1145 2303
1145 2547
1145 4949
1146 1270
1146 1785
1146 1880
1146 2101
1146 2237
1146 2360
1146 4084
1146 4327
1146 4859
1147 1529
1147 1593
1147 2031
1147 3809
1148 4285
1148 4597
1151 1167
1151 1575
1151 3739
1152 1860
1152 3731
1153 3766
1153 4910
1154 1326
1154 3296
1154 4207
1154 4228
1155 1163
1155 1340
1155 1439
1155 2770
1155 3048
1155 4568
1156 2033
1156 2139
1156 4834
1158 1487
1158 2159
1158 4514
1159 1393
1159 1568
1159 2955
1159 3942
1159 4180
1159 4321
1160 3809
1161 1667
1162 1418
1162 1438
1162 1586
1162 1662
1162 1994
1162 2155
1162 2303
1162 3077
1162 4146
1162 4539
1162 4622
1163 1353
1163 1494
1163 2159
1163 2255
1163 2768
1163 3078
1163 3481
1163 3489
1163 3816
1164 1428
1164 2090
1164 3256
1164 3771
1164 4034
1164 4377
1164 4594
1164 4915
1165 1441
1165 1889
1165 2216
1165 2222
1165 2309
1165 2365
1165 2413
1165 2842
1165 3193
1165 3551
1165 4892
1166 2120
1166 2169
1167 4029
1168 2551
1168 2843
1170 2097
1170 2367
1170 2788
1170 2927
1170 3239
1170 3474
1170 4089
1170 4797
1170 4971
1171 1878
1171 2399
1172 2820
1172 4262
1173 1315
1173 1357
1173 1424
1173 1540
1173 2306
1173 3072
1173 3346
1173 3556
1173 4074
1175 1531
1175 1762
1175 1835
1175 3326
1175 3749
1176 1979
1176 4326
1177 1241
1177 2160
1177 4512
1178 4216
1179 1429
1179 2096
1179 2100
1179 2247
1179 2464
1179 2623
1179 3008
1179 4019
1180 1433
1180 1465
1180 1840
1180 1965
1180 2411
1180 3021
1180 4120
1180 4142
1181 2710
1181 4008
1182 1605
1182 2187
1182 2268
1182 2787
1182 4275
1183 1201
1183 1437
1183 1826
1183 2278
1183 2353
1183 2912
1183 3813
1183 4395
1184 1627
1184 2484
1185 1327
1185 3778
1186 2248
1186 3281
1186 3319
1186 3420
1186 3534
1187 2853
1187 2932
1187 3752
1188 1483
1188 3479
1188 3803
1188 4052
1188 4504
1188 4758
1189 1870
1189 2178
1189 3231
1189 3716
1190 1495
1190 1741
1190 1920
1190 1997
1190 2649
1190 3244
1190 3305
1191 1757
1191 2561
1192 4296
1193 1223
1193 1780
1193 2265
1193 2881
1193 3526
1193 4113
1193 4186
1193 4700
1193 4873
1194 1595
1194 1646
1194 1676
1194 1814
1194 1948
1194 3533
1194 3695
1194 4433
1194 4582
1195 1699
1195 1871
1195 2144
1195 2302
1195 2350
1195 2376
1195 3872
1196 1990
1196 2180
1196 4105
1196 4916
1197 1342
1197 1454
1197 4570
1198 3039
1198 3845
1198 3920
1200 1887
1201 1364
1201 4485
1202 1955
1202 2282
1202 2968
1202 3753
1203 1307
1203 1556
1203 2053
1203 2665
1203 2841
1203 3721
1203 3791
1204 2713
1204 3605
1205 1556
1205 1652
1205 1778
1205 1791
1205 3021
1205 3589
1205 3899
1206 1509
1206 2835
1207 1626
1207 1816
1207 3596
1208 4163
1209 2984
1209 4370
1210 1577
1210 2246
1210 2553
1210 2895
1210 3744
1210 4659
1211 2639
1211 3099
1211 3207
1213 1386
1213 2982
1213 3536
1214 1413
1214 1649
1214 1882
1214 1982
1214 3190
1214 3298
1214 3616
1214 3987
1215 1286
1216 1226
1216 2292
1217 3511
1217 3977
1217 4673
1218 1351
1218 2531
1218 2718
1218 4018
1218 4311
1218 4498
1220 1563
1220 2173
1220 3682
1220 4759
1221 1807
1221 2240
1221 2427
1221 2842
1221 3250
1221 3917
1223 1298
1223 1507
1223 1778
1223 3204
1223 3881
1223 4441
1223 4693
1223 4936
1224 1670
1224 2221
1224 2335
1224 2755
1224 2874
1225 2093
1225 2352
1225 3333
1225 3357
1226 1265
1226 1308
1226 2118
1226 2414
1226 2419
1226 3017
1226 3747
1226 4087
1227 1358
1227 1424
1227 1451
1227 1541
1227 1847
1227 2202
1227 2344
1227 2444
1227 2544
1227 2546
1227 2590
1227 2867
1227 3123
1227 3348
1227 3686
1227 3694
1227 4278
1227 4323
1227 4899
1228 1573
1228 2002
1228 2464
1228 3405
1228 3443
1228 3745
1228 4702
1229 1515
1229 1608
1229 1621
1229 4781
1230 1263
1230 1738
1230 2902
1230 3461
1230 4381
1230 4619
1231 1606
1231 2529
1231 4583
1232 3560
1232 3651
1233 1579
1233 2274
1233 2473
1233 2487
1233 2498
1233 3331
1233 3689
1233 4206
1234 1442
1234 1707
1234 1838
1234 2051
1234 2145
1234 2692
1234 3971
1234 4148
1234 4393
1234 4812
1235 1436
1235 1615
1235 1960
1235 2274
1235 4158
1235 4886
1236 1388
1236 1526
1236 1908
1236 3047
1236 4048
1236 4813
1238 1314
1238 2746
1238 4067
1239 1319
1239 3993
1240 1616
1240 1804
1241 1393
1241 2965
1241 3203
1241 4232
1241 4512
1241 4815
1242 1712
1242 1820
1242 3585
1242 4251
1243 2874
1244 2986
1244 3445
1244 3446
1244 4364
1244 4439
1244 4649
1245 3293
1245 4460
1246 2228
1246 3894
1246 3961
1246 4763
1247 3726
1247 4034
1249 1618
1249 1641
1249 1950
1249 2511
1249 3832
1249 3877
1249 4627
1250 1460
1250 1561
1250 1919
1250 2475
1250 2567
1250 3385
1250 4786
1251 1570
1251 2099
1251 2415
1251 2968
1251 3168
1252 1268
1252 1772
1252 2270
1252 2633
1252 2657
1252 3102
1252 3221
1252 3538
1252 4025
1252 4832
1252 4872
1252 4959
1253 1363
1253 1412
1253 1688
1253 1862
1253 2325
1253 2840
1253 2936
1253 3248
1253 4047
1254 1792
1254 1937
1254 2381
1254 3701
1255 1267
1255 1374
1255 2945
1256 2692
1257 1272
1257 1333
1257 2529
1257 4426
1257 4930
1258 1319
1258 1970
1258 2777
1258 3282
1258 3846
1258 3897
1258 4931
1259 4178
1259 4982
1260 2031
1260 2429
1260 2472
1260 2751
1260 3519
1260 3827
1260 4784
1261 1465
1261 2939
1262 1332
1263 3081
1263 3850
1263 3892
1263 4619
1265 1769
1265 4140
1265 4808
1266 1416
1266 1712
1266 2225
1266 2527
1266 2653
1266 2724
1266 2833
1266 3400
1266 3451
1266 4564
1267 1610
1267 1925
1267 2598
1267 4373
1267 4550
1268 1599
1268 1867
1268 1882
1268 1890
1268 1984
1268 3692
1268 4626
1269 1672
1269 2915
1270 1276
1270 1880
1270 1933
1270 2869
1270 2908
1270 3162
1270 3906
1270 4736
1272 1399
1272 2717
1272 4930
1273 1746
1273 2175
1273 3283
1273 4408
1274 1689
1274 2818
1274 3320
1275 2039
1275 2760
1275 4558
1276 3162
1277 2181
1277 4908
1278 1476
1278 1824
1278 2065
1278 2363
1278 2392
1278 2702
1278 3088
1278 3305
1278 4997
1279 1892
1279 4897
1280 2008
1280 2047
1280 2153
1280 2754
1280 3222
1280 3759
1280 4623
1281 1505
1281 1746
1281 1938
1281 2101
1281 3755
1283 1708
1283 4337
1284 1339
1284 1818
1284 2223
1284 3683
1285 2103
1285 3223
1285 4054
1285 4097
1285 4285
1285 4439
1285 4730
1286 1692
1286 3194
1288 2247
1288 2492
1289 1376
1289 2543
1289 2981
1290 3457
1290 4011
1290 4608
1291 4286
1291 4966
1292 2656
1293 1816
1293 2919
1293 3841
1293 3894
1293 3935
1293 4573
1294 4236
1294 4673
1294 4845
1297 1509
1297 3040
1297 3696
1297 4077
1297 4223
1298 1956
1298 2790
1298 3123
1298 3615
1298 4007
1298 4161
1298 4199
1298 4469
1298 4595
1299 2075
1299 2304
1299 2466
1299 2615
1299 3598
1299 3710
1300 1454
1300 1537
1300 2072
1300 2087
1300 3199
1300 3210
1300 3325
1300 3642
1300 4115
1300 4210
1301 2047
1301 2782
1301 4739
1302 1466
1302 3408
1302 3424
1303 1552
1303 1662
1303 2073
1303 2548
1303 2906
1303 3853
1303 4171
1303 4488
1304 1664
1304 2015
1304 2830
1304 4366
1305 2023
1305 2767
1305 3228
1305 3306
1305 3334
1305 3750
1305 3757
1305 3945
1305 4150
1305 4328
1306 2515
1306 3240
1306 4215
1306 4727
1307 1533
1307 1727
1307 2267
1307 2922
1307 3228
1307 3518
1307 3617
1307 4702
1308 1327
1308 1550
1308 3747
1308 4375
1309 1694
1309 1991
1309 4096
1309 4471
1309 4655
1311 1869
1311 2794
1311 4124
1311 4702
1313 2537
1313 4448
1314 3065
1314 3091
1314 3661
1315 1540
1315 1597
1315 2319
1315 2453
1315 2778
1315 2877
1316 2295
1317 1740
1317 4863
1318 1830
1319 1970
1319 3055
1319 4941
1320 1730
1320 2195
1320 4413
1321 2256
1321 2762
1323 3487
1324 1478
1324 2711
1324 2865
1324 3622
1325 2488
1326 2739
1326 3390
1326 3883
1326 4829
1327 1550
1327 1874
1327 1986
1327 4784
1328 2113
1328 3119
1328 4769
1329 1432
1329 1511
1329 1633
1329 2202
1329 2382
1329 2403
1329 3183
1329 3347
1329 3468
1329 4419
1329 4629
1329 4889
1329 4972
1330 1405
1330 1776
1330 1913
1330 2916
1330 4104
1331 1367
1331 1763
1331 2249
1332 1763
1332 1854
1332 2137
1332 2141
1332 3519
1332 4179
1332 4968
1333 2165
1333 2211
1333 2532
1333 2639
1333 3135
1334 1403
1334 3259
1335 1619
1335 2069
1335 2961
1335 3734
1335 3997
1336 2094
1336 2494
1336 2718
1337 3839
1337 3966
1338 1924
1338 2781
1338 4376
1339 1398
1339 1610
1339 1611
1340 2817
1340 2953
1340 3266
1340 3439
1340 4591
1341 1443
1341 1503
1341 2002
1341 3974
1341 4508
1341 4543
1342 1630
1342 2738
1342 3414
1342 3448
1342 3524
1342 3530
1342 3876
1343 1719
1343 3923
1343 3937
1343 3951
1344 2793
1344 4459
1345 1381
1345 1761
1345 1872
1345 2013
1345 2188
1345 2820
1345 2961
1346 1904
1346 2130
1347 2841
1347 3245
1347 3301
1347 3495
1347 3849
1348 1349
1348 1802
1348 3837
1348 3843
1348 4397
1349 1850
1349 1870
1349 3637
1349 3712
1350 1418
1351 1555
1351 2906
1351 4080
1352 1921
1352 2280
1353 2159
1353 2203
1353 2977
1353 4954
1354 2514
1354 2987
1354 3249
1354 3913
1355 1548
1355 1619
1355 1662
1355 2880
1355 3653
1355 3887
1355 4261
1356 2210
1356 2693
1356 3578
1356 4933
1358 2654
1359 2103
1359 2366
1359 3975
1359 4314
1360 1769
1363 2248
1364 2307
1364 3036
1365 1614
1365 1615
1365 2897
1365 4670
1366 1452
1366 1480
1366 2952
1367 2036
1368 1678
1368 2376
1368 3147
1368 4146
1368 4567
1369 2207
1369 2246
1369 2376
1369 3382
1369 3513
1369 4025
1370 3243
1370 3479
1371 1796
1371 1955
1371 2898
1371 3464
1371 3633
1371 4665
1372 1459
1372 2066
1372 2102
1372 2908
1372 3562
1372 4117
1373 2164
1373 2367
1373 2513
1373 3812
1373 4027
1375 1798
1375 2216
1375 3248
1375 3446
1376 3415
1376 4066
1376 4476
1378 3761
1378 4131
1379 2238
1379 2648
1379 3154
1380 3383
1380 4226
1381 1548
1381 1973
1381 3693
1382 1499
1382 1602
1382 2200
1382 2266
1382 2371
1382 2959
1382 3346
1382 3781
1382 4104
1383 1873
1383 2301
1383 3245
1383 3996
1384 1397
1384 1672
1384 3782
1384 4270
1384 4518
1384 4809
1385 1528
1385 1553
1385 2044
1385 2400
1385 2474
1385 2537
1385 3307
1385 3634
1385 4086
1385 4283
1386 1620
1386 1973
1386 2148
1386 4163
1387 1484
1387 1825
1387 2029
1387 2049
1387 2636
1387 2713
1387 3856
1387 4431
1388 1473
1388 2459
1389 2890
1390 1782
1390 2381
1390 2670
1390 2850
1390 3509
1390 4463
1390 4652
1391 1458
1391 1864
1391 2193
1391 2972
1391 3214
1391 3431
1391 3449
1391 4250
1392 1461
1392 2023
1392 4124
1392 4681
1392 4704
1393 1670
1393 1675
1393 2571
1393 2652
1393 2845
1393 2899
1393 4280
1394 2021
1394 2671
1395 2104
1395 2906
1395 3788
1396 1482
1396 1566
1396 2947
1396 3164
1397 3438
1397 4270
1397 4322
1398 1871
1398 2306
1398 3206
1398 4584
1400 3104
1400 3507
1401 1443
1401 2018
1401 2472
1401 2531
1401 2591
1401 2595
1401 3225
1401 3840
1401 4909
1403 1414
1403 3050
1403 3507
1403 4634
1404 1788
1405 2278
1405 2356
1406 1740
1406 2265
1406 2929
1406 3173
1406 3287
1406 3540
1406 4523
1407 1964
1407 2107
1408 2455
1408 3465
1409 2314
1409 3234
1410 2132
1410 2220
1410 2782
1410 2865
1410 4754
1411 3469
1411 4609
1412 3371
1412 3738
1412 4279
1413 1590
1413 2723
1413 3154
1413 3331
1413 3426
1413 4613
1413 4980
1414 2197
1415 4056
1416 1530
1416 2834
1417 1509
1417 1886
1417 1998
1417 2205
1417 2232
1417 2416
1417 2959
1417 3058
1417 3184
1417 3207
1417 3229
1417 3868
1417 3900
1417 4127
1417 4386
1417 4807
1418 3178
1418 3335
1419 1865
1419 2339
1419 2692
1419 2817
1419 3458
1419 4695
1419 4785
1420 1445
1420 1606
1420 2181
1420 2712
1420 2849
1420 3108
1420 3854
1420 3964
1421 4347
1421 4539
1422 2135
1422 2778
1422 3524
1423 3645
1423 3858
1424 3502
1424 4859
1425 2117
1425 3234
1426 1514
1426 1812
1426 2510
1426 3265
1426 3425
1426 4296
1426 4453
1427 1445
1427 1651
1427 2440
1427 2458
1427 2588
1427 3152
1427 3565
1427 3806
1427 4444
1428 3211
1428 4519
1428 4544
1428 4616
1429 2698
1429 2938
1429 3246
1429 3336
1429 3432
1429 3823
1429 4916
1430 4646
1430 4875
1432 1967
1432 2011
1432 2019
1432 2257
1433 3661
1434 3283
1434 3779
1435 1880
1435 4554
1436 1615
1436 3907
1438 1945
1438 2180
1438 2212
1438 2233
1438 2645
1438 3144
1438 3864
1438 3947
1438 4069
1438 4078
1438 4236
1439 1610
1439 1762
1439 1773
1439 4188
1439 4376
1441 3508
1442 1707
1442 2384
1442 3493
1442 3606
1442 4565
1443 1884
1443 2257
1443 2463
1443 2831
1443 4046
1443 4165
1444 2372
1444 2905
1445 1637
1445 2335
1445 3530
1445 4284
1445 4366
1445 4799
1446 4294
1447 4348
1448 1469
1448 2008
1448 3302
1450 2372
1451 1751
1451 2525
1451 2620
1451 2867
1451 3426
1451 3609
1451 4100
1451 4102
1452 3578
1452 4569
1452 4946
1453 3705
1454 1537
1454 2228
1454 2782
1454 2858
1454 2873
1455 1750
1455 2592
1455 4468
1455 4500
1456 1714
1456 2720
1456 2884
1456 3726
1457 2668
1458 2527
1458 2728
1458 2891
1458 2945
1458 3242
1458 3431
1458 4579
1458 4793
1459 1656
1459 1673
1459 2952
1461 2898
1462 1551
1463 1565
1463 4558
1464 2060
1465 1828
1465 1837
1465 2088
1465 2359
1465 2411
1465 2912
1465 3789
1465 4021
1466 1562
1466 1866
1466 1977
1466 3045
1466 3654
1466 3715
1467 2314
1467 3967
1467 4106
1467 4212
1467 4421
1468 2748
1469 1659
1469 3598
1471 2108
1471 2650
1471 4037
1473 2334
1473 3365
1473 4114
1473 4751
1475 2806
1475 3041
1475 4284
1477 1862
1477 2746
1477 2861
1477 4211
1478 3385
1478 4526
1479 2759
1479 4213
1480 2988
1480 3689
1480 4939
1481 1687
1481 1969
1482 2286
1482 2395
1483 4381
1483 4689
1484 1493
1485 2084
1485 2200
1485 2306
1486 2185
1487 1508
1487 1768
1487 1777
1487 1830
1487 2253
1487 3578
1487 3705
1487 4148
1487 4154
1488 3353
1489 2441
1489 4201
1490 2544
1490 2832
1490 3666
1490 4107
1490 4309
1491 2668
1491 2924
1491 3341
1491 4793
1492 2879
1492 3094
1492 3306
1493 3016
1493 3125
1493 3249
1493 3740
1495 2066
1495 3374
1495 3484
1496 3614
1497 1713
1497 3515
1497 3641
1497 3680
1497 4064
1498 2254
1499 2200
1500 1560
1500 1919
1501 2921
1502 2239
1502 2549
1502 3576
1503 4055
1504 1774
1504 2771
1504 3844
1504 4592
1505 1883
1505 2671
1505 2966
1505 3009
1505 3731
1505 3921
1506 2443
1506 2469
1506 4435
1507 1683
1507 2132
1507 3064
1507 4693
1508 2279
1508 3092
1508 3414
1508 3442
1509 2142
1509 2972
1509 4459
1510 2061
1510 2328
1510 2915
1510 3048
1510 3390
1510 4477
1510 4865
1511 2106
1511 2301
1511 4217
1512 1753
1512 1967
1512 2067
1512 2115
1512 4111
1513 1623
1513 1720
1513 2424
1513 2522
1513 3285
1513 4605
1514 2167
1514 3446
1515 1608
1515 3564
1516 1823
1516 2098
1516 2812
1516 3503
1516 4442
1517 2708
1517 3644
1518 1697
1518 3062
1519 3397
1520 1600
1520 2895
1520 3773
1521 1735
1521 3061
1521 3291
1521 4272
1522 2163
1522 2365
1522 2693
1522 3151
1522 4045
1522 4291
1523 1534
1523 1787
1523 2232
1523 2667
1523 3466
1523 3468
1523 4405
1524 1566
1524 1942
1524 2337
1524 4794
1524 4885
1525 1981
1525 2801
1525 4557
1525 4931
1526 2887
1526 3155
1526 3717
1526 3765
1526 3834
1527 2263
1527 2564
1527 4327
1527 4709
1528 2400
1529 2212
1530 1629
1530 3913
1530 4071
1530 4411
1531 4563
1532 2061
1532 2105
1532 2354
1532 2896
1532 3541
1532 3736
1532 3954
1532 4359
1532 4836
1532 4853
1532 4904
1533 1727
1533 2559
1533 3434
1533 3617
1533 4085
1534 1638
1534 2201
1534 2412
1534 2473
1534 3632
1534 3903
1534 4791
1534 4862
1535 1663
1535 2366
1535 4456
1537 2003
1537 3266
1537 3325
1537 4190
1537 4533
1538 2060
1538 2795
1538 3184
1538 3685
1539 1713
1539 3220
1539 4340
1539 4384
1539 4811
1540 2541
1540 3801
1540 4630
1540 4866
1541 4532
1542 3462
1543 1919
1543 3788
1544 3355
1545 1732
1545 3116
1545 3444
1545 3565
1545 3586
1545 4040
1546 4210
1547 2588
1547 2883
1547 3509
1547 3651
1548 4315
1549 2438
1549 2849
1549 3237
1549 3553
1550 2460
1550 3500
1550 4375
1550 4388
1551 3936
1552 1570
1553 2699
1553 2737
1553 4301
1554 1885
1554 4015
1554 4566
1555 2000
1555 2233
1555 2325
1555 3138
1555 4072
1555 4831
1556 1952
1556 2577
1556 3721
1557 2637
1557 4808
1558 4804
1559 2769
1561 2004
1561 2077
1561 3239
1561 4441
1563 1654
1563 2638
1564 2190
1564 2905
1564 4070
1564 4263
1565 1710
1565 2468
1565 2734
1565 2911
1565 2930
1565 2947
1565 3790
1566 2454
1566 3164
1566 4246
1567 3209
1567 3518
1569 1941
1569 3539
1570 2318
1570 2431
1570 3501
1570 3594
1571 2655
1571 3957
1571 4111
1571 4180
1572 1611
1572 1892
1572 3018
1573 3152
1573 3681
1573 4700
1574 1688
1574 1893
1574 2795
1574 3153
1576 1845
1576 2116
1576 2401
1577 1756
1577 2317
1577 2917
1578 1708
1578 2384
1579 1728
1580 1893
1580 1982
1580 4401
1581 2165
1581 2246
1581 2669
1581 2824
1581 4289
1581 4517
1582 2761
1582 3417
1583 2209
1583 2926
1583 4403
1584 4387
1585 1694
1585 1966
1585 3055
1586 1637
1586 3640
1587 3359
1587 3575
1587 4639
1588 2080
1588 2510
1588 4450
1589 2211
1589 3183
1589 4650
1589 4729
1590 3282
1591 1608
1591 2448
1591 3287
1592 2955
1592 3364
1593 2621
1593 3576
1593 3606
1593 3718
1594 4361
1595 1906
1595 2114
1595 2271
1595 2444
1595 3533
1596 3982
1598 2119
1598 3013
1598 3263
1598 3873
1598 3998
1599 1804
1599 1943
1600 4038
1601 1627
1601 2721
1602 2437
1602 3252
1602 3756
1602 3781
1603 1644
1603 2130
1603 4310
1604 1702
1604 1808
1604 2051
1604 2570
1604 2915
1604 3049
1604 3382
1604 4117
1604 4370
1604 4789
1604 4846
1606 3146
1606 4641
1607 4068
1607 4198
1608 1890
1608 2197
1608 3918
1608 4018
1608 4609
1609 2422
1610 2702
1611 2807
1611 2878
1611 3000
1611 3540
1611 4339
1611 4816
1612 1621
1612 2555
1612 3326
1612 3378
1613 2251
1613 2357
1613 2398
1614 3557
1616 2020
1616 2068
1616 2479
1616 2601
1617 1709
1617 2050
1617 2296
1617 2453
1617 2745
1617 3084
1617 3771
1618 2451
1618 3224
1618 3615
1618 3723
1618 4044
1619 1648
1619 1806
1619 2128
1619 3978
1620 2616
1620 3715
1622 2735
1623 2328
1623 2630
1623 3301
1623 3311
1623 3547
1623 4219
1623 4420
1623 4768
1624 2140
1624 4821
1625 1777
1625 2117
1625 2264
1625 3188
1626 1911
1626 3315
1626 4330
1626 4429
1627 2659
1627 3679
1628 1875
1628 3257
1628 3700
1628 4438
1630 3448
1630 4460
1630 4817
1631 3447
1632 2974
1633 2309
1633 2605
1633 3399
1633 3972
1634 3291
1634 3527
1634 3766
1634 4319
1634 4925
1635 1760
1635 2766
1635 2852
1635 2896
1635 3098
1635 3839
1635 4649
1635 4789
1636 1690
1636 1945
1636 3657
1636 4094
1637 4005
1638 2050
1638 2707
1638 3631
1640 1924
1640 3160
1641 4388
1641 4837
1642 2001
1642 2845
1642 3139
1642 4547
1642 4929
1642 4985
1643 2239
1643 2604
1644 1753
1644 1908
1644 2421
1645 4009
1646 1814
1646 2612
1646 3187
1646 3992
1646 4294
1646 4488
1650 2152
1650 3276
1650 3626
1650 4718
1651 2835
1651 2857
1651 2887
1651 3514
1651 3668
1651 3826
1651 3870
1653 1942
1653 2245
1654 3571
1654 4220
1655 2103
1655 2333
1655 3604
1655 4764
1657 3947
1657 4175
1657 4351
1657 4530
1658 3235
1658 3897
1658 4231
1659 2143
1659 2147
1659 3327
1659 4035
1660 1680
1660 2630
1660 3460
1660 3545
1660 4137
1661 1863
1661 1907
1661 2156
1661 2617
1661 2840
1661 3461
1661 3577
1661 4018
1662 1866
1662 2163
1663 2366
1663 3818
1663 4600
1664 1953
1664 2045
1664 2213
1664 2237
1664 3658
1664 4593
1665 1940
1665 2362
1665 2804
1665 3798
1666 3004
1666 3240
1666 3743
1667 1668
1667 1849
1667 4054
1668 2073
1668 3473
1668 3523
1668 4877
1669 2783
1669 3069
1669 3414
1669 4149
1670 1839
1670 3943
1670 4139
1670 4782
1671 1819
1671 2609
1671 4027
1671 4677
1672 2576
1672 3049
1672 3481
1672 3971
1673 3908
1673 4090
1673 4159
1674 2831
1674 3938
1674 4561
1675 2460
1675 3467
1675 3573
1675 4280
1675 4913
1676 1716
1676 2800
1676 2960
1676 3348
1676 3544
1677 4247
1678 1945
1678 2304
1678 3193
1678 4053
1678 4729
1682 1780
1682 2441
1682 2472
1682 3050
1682 3097
1682 3170
1682 3392
1682 3857
1683 3064
1683 4617
1685 4678
1685 4765
1686 2262
1686 2399
1686 4203
1686 4653
1686 4723
1686 4746
1686 4906
1687 3320
1688 3333
1688 3394
1688 4476
1689 2482
1689 2818
1689 3976
1689 4272
1690 2495
1691 3593
1691 3779
1691 4093
1691 4139
1691 4589
1691 4620
1692 2525
1692 4932
1693 2046
1694 2007
1694 2330
1694 4031
1695 1964
1695 2079
1695 2126
1695 4178
1696 1942
1696 3096
1696 3380
1696 3727
1697 2191
1697 4238
1698 1793
1698 2218
1698 2538
1698 2640
1698 4743
1699 1824
1699 2701
1699 2794
1699 3328
1699 3329
1699 3406
1699 4197
1699 4340
1700 3081
1700 3259
1700 3404
1700 4708
1701 1985
1701 3385
1701 3602
1701 3908
1702 2179
1702 2570
1702 2999
1702 4307
1703 2311
1703 2385
1703 2971
1703 3240
1703 4143
1704 2071
1704 2351
1705 2010
1705 3994
1705 4340
1706 1882
1706 2256
1706 2324
1706 2389
1706 3674
1706 4023
1706 4243
1706 4301
1706 4799
1707 1736
1707 3837
1708 1859
1708 2060
1708 2398
1708 2600
1708 2689
1708 3186
1708 3356
1708 4166
1708 4918
1709 2149
1709 2897
1709 3295
1709 3589
1709 4324
1709 4419
1710 2434
1711 2130
1712 2217
1712 2927
1712 3451
1712 3898
1712 3927
1712 4263
1713 2406
1713 3220
1713 3515
1713 3680
1714 2561
1714 2785
1714 3620
1714 4174
1715 1758
1716 3348
1716 4475
1717 2674
1717 2932
1717 4990
1718 2505
1718 3574
1720 3715
1720 4326
1721 2171
1721 3144
1721 3775
1722 1876
1722 2350
1722 2426
1722 2568
1724 4389
1724 4759
1725 2218
1725 2273
1725 3079
1725 4662
1726 3122
1727 2128
1727 3434
1727 4942
1728 3844
1728 3884
1729 3726
1730 1767
1730 3854
1731 1899
1731 1976
1731 2463
1731 3542
1731 3721
1731 4107
1732 2071
1732 2249
1732 2576
1732 3121
1732 3191
1732 3271
1732 4173
1732 4897
1733 2629
1733 4766
1734 2311
1734 4895
1735 2403
1735 2849
1735 3641
1735 3715
1735 4841
1736 1844
1736 2025
1736 3081
1736 3588
1736 3764
1736 4654
1737 2828
1738 3380
1739 2275
1740 1755
1740 4152
1741 2051
1741 3478
1742 1849
1742 4552
1743 2495
1744 2740
1745 3809
1746 2175
1746 3480
1747 1922
1747 2892
1747 3436
1749 1914
1749 2007
1749 2883
1749 4414
1750 1887
1750 2811
1751 2356
1751 2957
1751 3529
1751 3560
1751 4100
1751 4344
1751 4449
1751 4485
1751 4731
1752 4678
1753 1963
1753 3722
1753 4648
1754 4353
1755 2156
1755 2786
1756 3454
1757 2485
1757 2561
1757 2689
1758 2572
1758 2792
1758 2870
1758 3216
1758 4885
1761 2317
1761 2397
1761 3092
1761 3455
1761 4088
1762 2937
1762 3326
1762 4895
1763 2065
1763 2249
1763 2700
1763 4990
1764 2057
1764 2387
1764 2496
1764 3219
1765 2732
1765 3033
1765 3306
1765 3360
1765 3560
1765 3580
1765 4118
1765 4676
1767 2347
1767 2434
1767 2918
1767 3396
1767 3585
1767 3782
1768 2119
1770 2064
1770 3322
1770 3427
1770 3520
1770 4521
1771 2038
1771 2405
1771 3304
1771 3963
1771 4441
1772 3888
1772 4719
1773 2373
1773 4859
1774 2339
1774 2488
1775 2770
1775 3500
1775 4274
1776 1899
1777 1794
1777 3039
1777 4653
1777 4883
1778 2715
1778 4101
1780 1896
1780 2701
1780 4325
1781 2411
1781 2574
1781 4556
1782 1835
1782 2281
1782 2964
1782 2971
1782 3198
1782 3391
1782 3624
1782 3884
1782 3928
1782 4999
1783 1963
1783 2056
1783 2235
1783 2444
1783 3073
1783 3396
1783 3453
1783 3864
1785 3323
1786 4562
1788 1809
1788 2632
1789 2162
1789 2628
1789 3034
1789 3676
1789 4943
1790 3738
1791 4778
1792 1799
1792 1913
1792 1972
1792 3068
1792 3384
1793 2346
1793 2758
1793 3769
1794 2803
1794 3566
1795 2611
1795 3311
1795 4675
1796 2295
1796 3593
1796 3844
1797 1915
1797 2799
1797 3052
1797 3149
1797 3339
1798 4719
1800 3354
1800 3831
1801 4720
1802 2379
1802 2506
1802 3532
1802 3568
1802 3593
1802 3808
1802 4093
1802 4168
1802 4937
1803 1895
1803 2244
1803 2410
1804 1971
1804 2603
1804 2732
1804 3264
1804 3666
1804 4199
1804 4807
1805 2055
1805 2104
1805 2323
1805 2907
1806 3068
1807 3482
1808 4213
1808 4354
1809 2028
1809 2083
1809 2341
1809 2632
1811 2098
1811 2183
1811 2709
1811 3383
1813 4068
1814 2122
1815 1903
1815 2632
1815 2708
1815 3267
1815 4902
1816 2468
1816 2712
1817 2354
1817 3342
1817 4202
1818 1968
1818 2086
1818 3647
1818 4130
1818 4345
1819 4221
1820 3763
1820 4800
1821 2303
1821 3227
1823 2008
1823 3941
1825 3012
1825 3127
1825 3856
1825 3994
1825 4122
1826 2912
1827 2261
1827 4494
1828 2481
1829 2072
1829 3989
1829 3997
1829 4365
1831 2054
1831 2956
1831 3630
1833 2042
1833 3286
1833 3828
1833 4668
1834 1872
1834 3270
1834 4038
1835 2281
1838 1948
1839 4721
1840 1999
1840 3662
1840 4411
1841 2068
1841 2107
1842 2364
1842 2706
1842 4355
1843 4237
1844 2859
1845 3027
1845 3475
1846 2871
1847 1958
1847 2344
1847 2748
1847 2818
1847 4685
1848 1926
1849 2997
1851 1869
1851 1940
1852 3523
1853 3046
1853 3666
1854 2019
1854 3449
1854 4663
1855 4035
1857 2117
1857 2445
1857 3381
1857 3706
1857 4292
1857 4644
1857 4792
1858 4228
1858 4582
1859 2236
1859 3464
1860 3134
1860 4692
1860 4761
1861 4378
1862 1978
1863 1984
1863 2557
1863 2624
1863 4470
1863 4714
1864 3157
1865 3427
1865 3891
1865 4048
1866 1978
1866 2740
1866 2902
1866 3654
1866 4514
1866 4776
1867 2043
1867 3077
1867 3893
1870 4499
1872 3270
1873 3111
1873 3652
1874 2529
1875 3080
1875 3873
1875 4233
1875 4606
1876 2512
1876 2747
1876 3477
1877 2866
1877 2885
1877 3014
1877 3474
1877 3895
1878 2727
1878 4643
1878 4907
1881 2712
1881 3728
1881 4404
1881 4605
1882 1982
1882 2148
1882 3190
1882 3506
1883 2107
1883 2227
1883 2773
1883 2950
1883 3921
1883 4023
1883 4271
1884 3197
1885 3093
1890 2297
1890 3141
1890 3272
1891 2390
1891 3174
1891 3373
1891 4095
1891 4229
1892 2943
1892 3188
1892 3942
1892 4362
1892 4935
1894 1923
1894 2064
1894 2208
1894 2457
1894 3148
1894 3296
1894 4334
1895 2633
1896 2032
1896 4260
1897 2458
1897 3830
1898 3337
1899 2801
1899 2814
1900 2644
1900 2931
1900 3127
1900 4331
1900 4491
1901 2006
1901 2110
1901 2121
1901 2521
1901 4842
1902 2079
1903 4771
1903 4953
1905 2046
1905 2451
1906 2283
1906 4612
1907 2159
1907 2241
1907 3618
1907 4021
1908 4119
1909 2091
1910 3352
1910 4215
1911 4330
1912 3312
1912 4066
1913 2268
1913 2369
1913 4743
1914 4367
1915 2063
1915 2100
1915 3559
1916 2035
1916 2139
1916 2730
1916 2992
1916 4130
1916 4568
1916 4671
1917 3987
1917 4276
1918 2326
1918 2504
1920 2649
1920 3797
1920 4319
1920 4770
1921 1949
1921 1976
1921 2643
1921 3459
1921 3684
1921 4192
1921 4238
1921 4251
1921 4386
1921 4867
1922 2006
1922 2378
1922 2678
1922 2890
1922 3713
1923 2457
1923 2986
1923 3269
1924 2057
1924 3980
1924 4948
1925 4151
1926 2666
1926 3496
1927 2250
1927 3398
1927 4425
1929 2846
1929 3553
1929 4184
1929 4360
1930 2437
1930 2600
1931 2012
1931 2124
1931 2772
1931 3966
1932 1983
1932 3482
1932 4109
1932 4420
1933 3086
1933 3094
1933 3273
1933 3624
1933 4332
1933 4768
1933 4876
1934 3106
1934 4013
1935 2520
1936 2102
1936 2886
1936 4207
1937 3032
1937 3762
1937 3979
1937 3986
1939 3691
1940 2362
1940 3607
1940 4336
1941 3234
1941 3973
1942 2928
1942 3418
1942 3926
1943 2315
1943 3800
1944 1973
1944 3211
1945 2125
1945 4373
1946 4412
1946 4714
1947 2076
1947 2317
1948 2538
1949 2222
1949 3459
1949 4528
1950 2428
1950 3832
1950 3867
1950 3877
1952 2085
1952 3852
1953 1993
1953 3308
1953 3580
1953 4910
1954 2599
1954 3861
1954 3965
1954 4596
1955 2593
1955 2641
1955 3077
1955 3506
1955 3753
1956 2956
1957 3144
1957 4062
1957 4584
1958 3189
1958 4479
1959 4986
1960 2174
1960 2288
1960 3931
1960 4726
1961 2219
1961 2369
1961 4151
1961 4189
1961 4252
1961 4366
1962 2138
1963 4926
1964 2608
1964 3549
1965 2127
1965 4518
1965 4712
1967 2092
1967 2627
1967 4496
1968 3862
1968 4416
1970 2165
1970 3438
1970 3966
1971 4474
1972 3590
1974 3912
1974 4745
1975 3770
1977 3141
1977 3572
1977 4628
1978 2056
1978 2843
1978 4540
1979 3300
1979 3922
1979 3959
1979 4844
1980 3111
1980 4268
1980 4364
1980 4929
1980 4956
1981 2831
1981 3906
1982 2487
1982 4530
1982 4637
1983 2059
1984 2385
1985 2670
1985 3087
1985 3094
1985 3580
1985 3879
1985 4427
1986 2709
1986 4685
1987 3310
1987 3934
1988 2338
1988 3829
1989 2194
1989 2827
1989 2987
1989 4191
1989 4237
1989 4939
1991 4471
1992 3547
1992 4753
1992 4990
1993 2005
1993 4486
1995 2177
1995 2940
1996 2571
1996 2992
1997 2223
1997 2242
1998 2141
1998 2276
1998 3336
2000 3890
2003 2154
2003 2189
2003 2451
2003 2675
2003 3076
2003 3546
2003 4817
2004 4777
2005 4771
2007 2049
2007 2330
2009 4308
2010 2858
2010 3095
2011 2146
2011 2764
2011 3276
2011 3860
2012 2908
2012 3173
2012 4050
2013 2318
2014 2196
2014 2413
2014 3007
2014 3093
2014 4176
2014 4501
2014 4926
2015 2220
2015 2430
2015 3220
2015 4141
2016 2133
2016 2492
2016 3776
2017 2260
2017 2985
2017 3298
2017 3998
2017 4312
2017 4698
2018 3321
2018 3364
2018 3912
2018 4181
2018 4968
2019 2026
2019 2044
2019 2154
2019 3301
2019 4375
2019 4988
2020 2227
2020 2470
2020 3055
2021 3319
2021 3861
2023 2785
2023 3751
2023 4150
2024 2560
2024 2975
2024 3137
2025 2814
2025 2925
2025 3043
2025 3358
2025 4212
2025 4604
2026 2083
2026 2335
2026 2412
2026 2914
2026 3153
2026 3268
2026 3648
2026 4400
2027 2322
2027 4487
2028 2313
2028 2532
2028 3291
2028 4189
2029 2486
2029 2584
2029 3092
2029 3136
2029 3270
2030 2430
2031 4358
2033 2139
2033 2299
2033 3286
2033 3304
2033 3379
2033 4088
2033 4221
2033 4508
2033 4730
2033 4828
2034 4632
2035 2081
2036 2628
2036 4277
2037 2743
2037 3085
2037 4483
2040 2297
2040 3030
2040 4083
2041 4828
2042 3802
2042 4756
2043 3059
2043 3926
2043 4125
2044 2980
2045 2550
2045 3183
2045 4629
2046 2716
2047 2128
2047 2907
2049 2480
2049 2636
2049 3815
2050 2062
2050 2868
2050 2905
2050 2943
2050 3055
2050 3663
2050 4066
2050 4292
2050 4808
2051 2662
2051 3477
2051 4434
2052 3737
2052 3768
2052 3780
2052 4658
2053 3352
2054 3082
2055 4542
2056 2847
2056 4240
2057 2751
2057 3963
2058 2533
2059 2774
2059 2884
2059 3294
2059 4247
2059 4259
2060 2387
2060 3020
2060 3269
2060 4547
2061 2105
2061 2293
2061 2328
2061 2589
2061 3569
2061 3768
2061 4593
2065 2363
2065 3920
2065 4613
2066 2515
2066 2751
2066 3623
2067 2111
2067 2121
2067 2230
2067 2354
2067 4110
2067 4610
2068 2417
2068 3075
2068 4083
2068 4191
2069 2707
2069 3216
2070 4713
2070 4941
2072 2471
2072 4218
2072 4468
2073 2164
2073 2184
2073 2196
2073 2388
2073 2622
2073 3041
2073 3817
2075 2123
2076 2457
2076 2848
2077 2610
2077 3355
2077 3863
2077 3974
2077 4046
2078 2625
2078 2982
2080 3210
2081 2361
2081 2466
2081 2708
2081 2744
2081 2958
2081 3130
2081 3154
2081 3555
2081 3600
2081 3627
2081 3787
2081 3970
2081 4272
2082 2134
2082 2433
2082 3098
2082 3534
2082 3962
2082 4718
2082 4747
2084 2892
2084 3021
2085 2851
2085 3474
2085 3486
2086 3116
2087 3070
2087 4115
2088 3222
2088 4717
2090 3564
2090 3597
2091 3237
2092 2855
2093 3079
2093 3087
2093 3799
2093 4064
2093 4446
2093 4809
2095 2171
2095 2192
2095 2857
2095 3189
2095 3415
2095 4527
2096 2100
2097 2172
2097 3239
2097 4302
2097 4911
2098 2312
2098 4789
2099 2345
2099 2415
2099 3012
2099 3475
2099 4063
2099 4210
2100 2623
2101 4084
2102 2934
2104 2252
2104 2834
2104 2920
2104 3250
2104 3618
2105 3569
2105 3900
2105 4282
2106 3195
2107 2864
2108 3467
2108 3576
2108 4275
2110 2821
2110 3393
2110 4669
2111 2320
2111 4747
2112 3392
2112 4918
2113 2352
2113 4769
2114 3293
2114 4688
2114 4915
2115 2634
2115 3085
2115 3302
2115 3459
2115 4624
2116 3096
2116 4145
2116 4844
2116 4849
2118 2540
2118 3314
2120 4557
2121 3979
2122 3975
2123 4241
2123 4728
2124 2274
2124 2291
2125 2409
2125 2952
2125 3725
2125 4871
2126 2257
2127 3828
2128 3149
2129 3700
2129 4508
2130 3383
2130 4099
2130 4731
2131 4214
2132 2161
2133 2170
2134 2753
2134 3322
2134 3675
2134 4335
2134 4465
2135 2483
2135 3909
2135 4189
2135 4624
2137 3153
2137 3354
2137 4464
2138 2519
2138 3200
2138 3522
2138 3793
2138 3886
2138 4271
2139 2916
2139 3379
2139 4599
2139 4692
2139 4772
2139 4834
2140 2217
2140 3848
2140 4188
2141 3013
2141 3053
2141 3953
2142 2167
2142 2736
2142 2895
2142 4654
2142 4724
2143 3327
2147 3033
2147 3879
2147 4476
2148 3443
2148 3623
2148 4391
2150 3290
2150 3948
2150 4660
2150 4741
2152 2547
2153 3423
2154 2189
2154 4394
2155 2508
2155 2804
2155 3648
2155 4283
2157 3009
2157 3341
2158 2326
2158 4028
2158 4850
2159 4590
2159 4920
2160 3025
2160 4822
2162 3034
2163 4045
2163 4763
2164 2301
2164 2601
2164 2829
2164 4096
2165 3438
2165 3537
2165 4856
2166 3847
2167 2497
2167 3677
2167 3912
2167 4897
2168 2565
2168 4508
2168 4521
2169 3075
2169 4496
2170 4578
2170 4893
2171 2857
2171 3775
2171 4339
2172 4179
2173 2668
2173 2967
2173 3056
2173 3151
2176 2588
2176 2785
2176 3489
2176 3624
2177 3200
2177 4801
2178 2251
2178 4796
2179 3807
2179 4559
2179 4876
2180 2915
2180 3681
2180 4465
2180 4630
2181 2323
2181 2686
2181 4128
2182 3307
2183 4472
2186 2707
2186 2744
2186 2824
2186 3942
2186 4529
2187 2190
2187 2268
2187 2626
2187 3445
2188 4615
2189 2888
2189 3140
2189 4304
2189 4602
2189 4825
2189 4901
2190 2752
2191 2265
2191 3263
2191 3355
2191 3499
2191 4919
2193 2783
2193 3309
2193 4376
2194 2456
2194 2963
2194 4123
2195 2201
2195 2703
2195 4740
2197 2469
2197 2587
2197 3350
2201 3407
2201 3596
2202 2382
2202 2901
2202 2994
2202 3086
2202 3591
2202 4824
2202 4987
2203 2208
2203 4621
2204 2397
2204 3986
2204 4571
2204 4994
2205 3368
2205 3748
2208 3304
2208 4334
2208 4503
2209 4861
2211 3834
2211 4126
2212 3444
2212 4134
2212 4653
2213 3568
2214 2927
2214 3706
2215 2314
2215 3938
2217 2517
2217 2638
2217 2848
2217 3898
2217 4078
2217 4417
2217 4630
2217 4746
2217 4952
2218 2640
2218 4083
2218 4299
2218 4492
2219 2954
2220 3955
2221 3813
2221 4352
2222 3071
2223 3105
2224 3488
2225 2231
2225 3117
2225 4007
2226 2562
2226 3310
2227 2419
2227 2523
2228 2873
2228 4248
2229 2275
2229 2631
2229 2808
2229 4480
2230 2769
2231 2429
2231 4371
2234 3454
2235 3105
2236 2801
2236 4194
2237 2360
2237 2419
2237 2536
2237 2736
2237 3073
2238 3174
2238 3268
2238 3650
2238 4451
2239 3413
2239 3976
2241 3616
2241 4081
2243 4949
2244 4864
2245 3632
2245 4400
2247 2830
2247 3825
2248 2559
2248 3238
2252 2370
2252 2844
2252 3028
2252 3218
2252 3794
2254 2947
2254 3875
2254 4011
2254 4390
2255 2512
2255 3078
2255 3664
2255 3901
2255 4777
2256 2541
2257 2862
2257 4046
2258 2788
2258 4069
2258 4491
2258 4915
2259 2813
2259 3362
2261 2948
2261 3087
2261 4356
2261 4488
2261 4840
2263 2773
2264 2298
2264 2563
2264 3256
2264 3956
2265 2420
2265 2603
2265 3089
2265 4292
2265 4657
2266 2949
2267 2340
2267 3844
2267 4720
2268 2787
2268 4474
2268 4553
2268 4872
2270 2657
2270 4232
2270 4552
2271 2687
2271 2729
2271 2856
2271 4900
2272 3525
2273 2343
2273 3133
2275 2346
2275 2563
2275 2594
2275 2975
2278 3026
2279 4443
2281 2435
2281 2491
2281 3928
2281 4610
2281 4862
2283 2553
2283 2749
2283 4273
2284 2966
2284 3807
2285 4933
2286 2446
2286 3850
2286 4217
2287 3244
2288 3020
2288 3329
2289 2319
2289 3108
2289 3121
2290 2701
2292 2417
2292 3889
2292 4042
2292 4337
2297 3563
2297 3746
2298 4192
2298 4715
2299 2425
2299 2564
2299 4954
2300 3274
2300 3579
2300 3977
2301 2601
2302 2641
2302 2989
2304 3042
2304 4186
2305 2729
2305 4554
2305 4884
2306 2602
2306 3556
2306 4451
2307 4543
2309 2593
2309 3741
2310 2904
2310 3375
2310 3638
2310 4903
2313 3735
2314 2499
2315 2437
2315 2615
2315 3800
2317 3455
2317 3989
2317 3990
2317 4383
2318 4523
2321 2688
2321 3161
2321 4397
2323 4524
2324 2659
2324 2708
2324 3908
2325 4061
2325 4914
2326 3562
2326 4701
2327 2358
2329 2761
2329 4410
2330 2760
2330 3333
2331 2779
2331 2822
2331 3170
2331 3512
2331 4995
2332 4321
2333 2998
2333 4944
2335 2623
2335 2888
2336 2714
2337 2340
2337 2479
2337 2516
2337 2834
2338 3114
2338 3344
2338 3829
2338 4380
2339 3928
2340 3882
2341 3044
2341 4385
2344 4458
2344 4942
2345 4197
2345 4208
2345 4812
2346 2594
2346 2758
2346 3604
2347 2511
2350 2520
2351 2440
2351 2636
2352 2703
2352 2757
2352 4269
2352 4769
2353 3031
2353 3351
2353 3471
2353 3798
2353 4158
2353 4472
2354 2477
2354 3366
2354 4588
2354 4620
2355 2536
2356 3548
2356 4613
2357 2769
2357 2978
2357 3365
2357 3369
2357 4712
2359 4200
2362 2417
2362 2780
2362 3062
2362 4117
2362 4336
2362 4489
2365 2842
2365 2903
2365 4324
2365 4664
2368 3474
2368 3486
2369 2374
2369 3166
2369 4151
2370 4920
2372 4637
2374 3922
2375 3248
2375 4022
2375 4750
2377 4291
2377 4998
2379 3159
2379 4651
2380 3869
2381 3739
2382 4089
2384 2634
2385 3805
2385 3952
2385 4382
2386 3341
2386 3711
2386 4400
2388 3198
2389 2734
2389 2771
2389 3357
2389 3687
2389 4056
2389 4082
2389 4445
2390 3588
2390 4152
2390 4620
2391 3157
2392 2976
2393 3115
2394 3628
2395 2725
2395 4797
2396 2522
2396 3652
2396 3689
2396 3910
2396 4597
2399 3327
2399 3491
2399 3796
2399 4236
2400 4245
2401 3525
2402 2579
2402 2731
2402 2865
2402 2985
2402 3260
2402 3540
2403 2726
2403 3920
2403 4676
2404 3032
2404 3594
2405 2569
2405 2730
2405 3732
2405 4023
2405 4293
2406 4481
2407 3208
2407 3978
2408 2814
2408 3048
2408 3300
2408 4222
2410 4041
2411 2791
2411 3805
2413 3324
2413 4451
2414 2928
2414 3671
2414 3762
2414 4847
2416 2710
2416 3492
2417 3006
2417 4337
2418 3114
2418 3519
2420 3083
2420 3089
2420 3136
2420 3443
2421 3475
2422 2755
2423 3604
2423 3817
2425 2991
2425 3016
2425 3702
2425 4053
2425 4437
2425 4473
2425 4737
2425 4752
2426 2518
2426 2680
2426 4410
2427 2478
2427 3919
2427 4424
2427 4969
2428 2616
2428 3063
2429 2596
2429 4815
2430 2823
2432 2485
2432 4951
2433 3620
2435 2648
2435 3497
2436 2584
2437 3790
2437 4102
2437 4734
2438 4722
2438 4757
2440 2888
2440 4602
2442 3934
2443 2569
2443 2610
2445 2446
2445 2937
2445 4266
2445 4311
2445 4533
2445 4829
2447 4227
2447 4531
2450 2473
2450 2524
2450 3440
2450 4498
2451 3044
2451 3356
2451 3615
2451 4044
2452 2535
2452 2774
2452 3855
2453 3115
2453 4823
2457 4868
2458 3197
2459 4699
2461 2523
2462 3236
2462 3625
2464 2791
2464 3745
2464 4019
2465 2582
2465 2888
2465 3051
2465 3145
2465 3504
2465 3804
2465 4824
2466 2615
2466 3555
2466 4720
2467 2994
2467 3632
2467 4788
2468 3772
2468 4082
2469 2823
2470 2607
2470 2857
2471 3478
2472 2957
2472 4000
2473 2524
2473 3331
2473 3954
2473 4685
2473 4710
2473 4916
2474 4019
2474 4235
2477 3692
2478 2787
2478 3566
2478 3836
2480 2636
2480 2643
2480 3758
2482 4392
2483 2666
2483 2995
2483 3188
2483 4624
2483 4825
2486 2549
2486 2677
2486 3364
2486 4843
2487 4796
2489 4214
2489 4386
2490 4477
2490 4912
2491 4610
2493 3212
2493 3633
2493 4198
2494 2599
2494 4506
2495 3288
2497 3677
2497 4116
2499 4644
2500 3490
2500 4745
2502 4226
2509 2911
2509 3046
2509 3086
2510 3249
2510 4067
2510 4247
2510 4301
2512 4032
2512 4385
2512 4487
2513 2969
2513 4550
2514 2810
2514 2856
2515 3187
2515 4141
2515 4727
2516 3107
2516 3494
2516 3582
2516 4618
2517 3118
2517 4948
2518 3185
2518 3833
2518 4347
2518 4898
2519 3886
2519 4231
2520 3875
2520 5000
2521 3429
2522 2695
2523 3889
2524 2913
2524 4299
2526 2837
2526 2885
2527 2945
2528 3362
2528 3851
2528 4256
2531 3000
2532 2639
2532 2704
2532 3125
2532 3359
2534 4016
2535 4621
2536 3320
2536 4257
2537 2649
2538 3254
2538 4405
2538 4697
2539 3403
2540 3756
2542 3023
2542 3697
2542 3937
2544 4725
2545 3579
2547 4501
2548 4764
2550 4496
2551 2813
2551 3454
2551 3646
2554 2741
2554 3720
2555 2780
2556 3509
2556 4874
2558 2579
2559 2922
2559 3489
2559 3894
2560 3228
2560 3565
2560 3843
2561 3062
2561 4961
2562 3554
2562 4975
2563 4292
2563 4727
2564 4481
2565 4521
2567 3023
2568 2628
2568 2652
2568 3603
2570 2999
2571 2845
2572 4300
2573 3196
2573 3662
2573 4827
2574 3550
2574 4348
2575 3192
2575 3373
2575 4402
2575 4647
2577 2897
2577 4670
2578 3182
2578 3711
2578 4348
2579 2800
2579 2865
2579 3529
2580 3080
2580 3584
2580 3826
2580 3995
2582 3560
2582 3916
2585 3015
2585 4493
2587 4937
2591 4708
2592 3535
2593 3004
2593 3746
2593 4975
2596 2637
2596 3165
2596 3780
2596 4264
2597 3701
2597 4312
2597 4484
2597 4563
2597 4780
2600 4695
2601 4353
2602 2825
2602 2966
2602 3940
2602 4042
2602 4583
2603 2648
2604 4040
2605 4926
2606 3403
2606 4379
2607 3863
2608 3136
2608 4273
2609 2900
2609 3135
2609 4182
2610 3083
2610 3635
2610 4183
2612 4609
2613 2619
2613 3513
2613 3584
2613 3896
2614 4820
2615 2683
2615 3177
2618 3774
2618 4799
2619 2887
2619 3165
2619 4646
2620 3133
2620 3609
2620 3661
2620 3750
2621 2737
2621 3247
2622 4905
2623 3008
2623 4155
2625 2982
2625 3797
2625 4065
2625 4707
2626 2715
2626 3901
2628 4565
2629 3121
2630 4186
2633 4216
2634 4432
2636 3567
2638 2805
2639 4505
2639 4810
2640 3308
2640 4722
2642 2680
2642 3027
2642 3040
2642 3786
2642 3795
2642 4405
2642 4506
2642 4526
2643 4192
2644 2657
2644 3206
2644 3504
2644 3837
2644 4781
2644 4839
2645 4128
2645 4608
2646 2653
2646 3485
2646 4562
2649 3011
2649 3493
2649 3848
2649 4174
2649 4544
2649 4965
2650 4631
2653 3451
2655 3957
2656 2699
2656 2849
2658 4927
2660 3024
2660 4890
2661 3846
2662 2684
2663 3272
2663 4191
2664 2809
2665 3022
2665 3076
2665 4392
2666 2995
2666 3496
2666 3500
2666 4467
2666 4661
2667 3088
2668 4894
2669 4017
2670 3006
2671 2852
2671 3196
2671 4112
2672 4845
2673 4174
2674 2914
2674 2932
2674 3262
2674 4293
2674 4517
2674 4750
2678 3865
2678 4168
2680 2773
2680 2996
2680 4410
2682 3059
2682 3323
2682 3517
2682 3753
2682 4467
2683 3449
2684 3836
2684 3935
2686 4095
2688 2964
2688 4840
2689 3186
2690 3094
2690 3123
2690 3949
2691 2928
2692 2817
2692 3779
2692 4463
2692 4572
2693 3103
2693 3703
2695 4439
2697 2742
2698 3432
2699 3047
2699 3299
2699 4301
2699 4440
2703 3883
2704 3676
2704 3716
2704 4444
2705 3253
2705 3883
2705 4258
2706 2869
2706 3370
2707 2810
2707 3710
2710 2735
2710 3053
2710 3573
2711 3630
2711 4535
2712 3277
2712 3964
2713 2836
2713 3440
2713 3605
2715 3723
2715 4091
2717 2837
2718 3810
2718 3896
2721 3305
2721 3473
2722 2981
2722 4255
2723 3030
2723 3785
2723 4902
2726 3405
2726 3735
2728 2891
2728 4072
2729 4230
2730 4383
2730 4572
2731 2872
2733 3680
2733 3744
2735 3129
2735 4516
2737 4636
2738 3093
2740 3537
2740 3988
2741 3279
2741 3927
2742 2821
2742 2854
2742 2941
2742 3512
2742 4298
2744 3130
2744 3600
2744 3787
2745 3084
2745 4014
2746 3452
2746 3608
2746 4067
2746 4211
2750 2821
2751 4033
2753 3322
2753 3389
2753 4465
2754 4601
2755 3311
2755 4715
2757 2758
2757 3962
2760 2839
2761 4224
2762 4434
2765 3512
2765 4878
2766 3466
2767 4863
2768 4320
2769 3268
2769 3365
2769 3375
2770 3640
2771 3687
2771 3751
2773 4023
2774 3281
2774 4708
2775 2949
2775 2963
2775 4454
2775 4626
2775 4829
2776 3181
2776 4332
2776 4443
2777 3511
2779 3044
2779 3314
2779 3375
2779 3428
2779 3770
2779 4864
2780 3743
2780 4848
2781 4529
2783 3733
2783 4792
2785 4806
2785 4875
2786 3203
2786 3531
2787 3643
2790 3319
2791 3265
2791 4731
2792 3563
2792 4509
2793 3297
2793 3635
2793 4092
2793 4623
2793 4816
2794 3299
2794 4243
2796 3581
2796 3653
2796 4022
2797 3616
2797 4260
2797 4635
2798 3656
2800 4655
2803 2980
2803 3523
2803 4422
2806 3462
2806 3914
2806 4652
2806 4904
2809 2841
2809 2877
2809 3102
2809 3760
2809 3851
2809 4153
2809 4930
2810 4687
2812 2825
2812 3665
2813 3106
2813 3758
2815 3859
2817 4217
2817 4374
2817 4515
2817 4879
2818 4272
2820 4546
2822 4995
2823 3273
2824 3907
2825 2889
2825 3940
2825 4337
2825 4538
2825 4962
2827 3849
2829 3185
2830 3549
2830 3944
2831 2856
2831 3224
2831 3387
2832 4794
2835 3925
2836 3583
2836 3605
2836 4358
2836 4382
2836 4581
2836 4752
2837 3074
2837 3611
2837 4003
2837 4380
2838 3463
2840 3526
2841 3495
2841 4187
2842 2846
2842 2903
2842 2985
2842 3191
2842 3469
2842 3917
2842 4164
2842 4743
2843 3410
2845 3233
2845 3348
2845 3761
2845 4985
2846 4914
2848 3147
2849 3587
2849 3596
2849 3964
2849 3978
2850 3776
2851 4153
2852 2925
2852 3746
2854 4161
2855 4079
2855 4983
2856 3203
2856 4418
2857 3775
2858 3095
2858 4071
2859 3398
2861 3288
2861 4473
2865 3212
2865 3840
2866 3148
2866 4880
2867 3609
2867 4540
2868 3982
2870 3036
2870 3043
2870 3239
2870 4287
2870 4490
2870 4617
2873 3022
2873 3095
2875 3009
2875 3343
2876 2983
2878 4606
2878 4924
2879 3168
2881 3881
2883 3366
2883 4158
2883 4980
2884 4249
2884 4608
2884 4657
2885 3621
2886 4167
2887 3514
2887 3826
2888 3137
2889 3415
2889 3704
2890 3659
2891 3431
2891 3524
2891 4987
2892 4170
2892 4342
2894 3995
2896 3574
2896 3736
2897 4670
2899 3783
2900 4182
2900 4529
2901 3417
2901 4641
2901 4674
2901 4824
2902 4279
2906 4895
2907 3146
2909 3441
2909 4144
2911 3756
2912 3789
2913 3470
2913 4028
2914 3353
2914 3871
2915 3598
2918 3857
2919 3011
2919 4169
2920 2961
2920 3418
2920 3549
2920 4018
2920 4361
2925 3749
2925 4212
2926 3213
2926 4785
2927 3052
2929 4372
2931 3340
2931 3466
2931 3476
2935 3132
2935 3937
2936 3645
2936 3893
2937 3557
2937 4964
2938 3336
2938 3592
2938 4430
2938 4852
2938 4860
2939 4483
2940 3084
2940 3317
2940 3575
2941 4041
2942 4886
2943 4137
2943 4757
2944 3735
2945 3422
2946 3068
2947 3790
2948 3678
2952 4542
2953 4387
2953 4779
2953 4906
2956 3099
2956 3542
2957 4000
2957 4165
2959 3391
2959 3969
2962 3210
2962 4119
2962 4281
2962 4410
2963 3498
2963 4181
2963 4222
2964 3660
2967 4997
2969 4550
2974 3668
2974 3697
2974 4465
2974 4854
2976 2997
2976 3065
2976 4479
2976 4599
2977 4487
2978 3458
2981 3252
2981 4349
2982 4065
2984 3190
2984 3421
2985 3038
2985 3491
2986 3269
2986 3445
2986 3592
2986 4240
2986 4398
2987 3180
2987 3584
2989 3408
2989 4012
2990 3741
2992 3985
2993 3150
2993 3440
2994 4234
2994 4788
2995 3188
2995 3732
2996 3006
2996 3589
2996 3606
2998 4302
2999 3342
3001 3681
3002 4156
3002 4760
3003 3106
3003 3510
3003 4258
3003 4271
3003 4839
3004 3068
3004 3804
3004 3933
3004 4132
3004 4971
3006 3207
3006 4724
3007 4501
3009 3343
3011 3381
3011 3493
3012 3222
3012 4766
3014 3728
3015 4493
3016 4473
3017 3858
3018 3669
3019 3788
3019 3918
3021 3605
3022 3076
3023 3880
3025 3218
3025 3835
3025 3885
3026 4358
3027 3042
3027 3181
3027 3672
3028 4020
3030 3278
3031 3185
3031 3308
3032 3067
3033 3360
3034 3507
3034 3655
3034 4827
3038 3853
3039 4429
3040 3636
3040 3881
3041 4108
3041 4648
3041 4787
3042 3627
3042 3902
3042 4384
3044 3144
3044 3722
3044 4978
3049 4327
3049 4665
3052 3216
3054 3914
3055 3102
3056 3599
3056 4598
3057 3820
3057 4574
3058 3207
3059 3517
3060 3199
3064 3085
3064 4881
3065 4599
3067 4575
3069 3209
3069 4784
3069 4843
3070 3682
3070 4155
3072 3140
3074 3678
3077 3290
3077 4558
3078 3793
3079 3989
3082 4531
3083 3089
3085 3790
3087 3580
3087 4188
3087 4593
3087 4967
3090 3281
3091 3103
3091 3547
3091 4140
3092 3442
3092 3865
3092 4896
3097 3160
3097 3335
3097 3582
3097 4645
3098 3503
3098 4616
3098 4933
3100 3626
3100 4132
3100 4711
3101 3386
3101 3799
3102 3221
3102 3724
3102 4682
3106 4335
3108 3696
3110 4076
3110 4583
3111 3132
3111 3396
3111 3892
3111 4469
3111 4541
3111 4580
3111 4761
3111 4969
3112 3212
3113 3664
3113 4819
3115 4844
3116 3426
3116 4976
3119 3243
3119 4145
3119 4658
3120 3280
3120 4054
3123 4199
3124 3202
3124 4776
3128 4274
3129 3416
3129 3622
3129 4676
3130 3600
3130 3963
3130 3970
3130 4042
3130 4935
3132 4469
3132 4793
3132 4965
3134 3778
3134 4243
3134 4572
3135 3258
3135 4182
3135 4723
3137 3736
3138 3213
3139 4985
3140 4428
3140 4972
3142 3581
3142 3939
3142 4043
3143 3607
3144 3290
3144 3868
3144 3885
3144 4069
3144 4437
3146 3744
3147 3454
3147 3641
3147 3864
3148 3935
3148 4161
3149 4012
3150 3402
3150 4341
3152 3630
3154 3787
3154 4853
3156 3496
3156 4303
3157 4164
3157 4302
3157 4748
3158 3398
3158 3791
3160 4591
3161 3757
3163 4244
3163 4601
3164 3602
3164 4329
3166 3927
3167 4956
3168 3999
3170 4012
3171 3543
3172 3213
3174 3198
3176 3289
3176 4145
3178 4363
3179 3490
3180 3626
3181 3231
3181 3508
3181 5000
3182 3307
3183 4560
3186 3235
3188 3732
3189 3394
3190 3421
3190 4794
3191 4164
3191 4681
3192 4768
3193 3219
3195 4868
3198 3960
3198 4458
3200 3470
3203 4419
3206 4290
3206 4767
3207 3968
3209 4887
3211 4448
3214 4461
3215 3785
3215 4202
3215 4593
3216 3324
3216 3420
3218 4588
3220 4141
3220 4384
3222 4094
3223 4997
3226 4299
3228 3667
3228 4403
3229 4185
3230 3633
3230 4108
3230 4970
3231 3780
3231 4651
3232 3932
3233 4229
3234 3378
3234 3419
3234 3608
3234 4922
3236 3754
3236 3952
3238 3851
3238 4525
3238 4633
3238 4764
3239 4797
3241 4427
3242 3497
3243 4024
3244 3349
3245 4486
3246 3823
3247 4031
3247 4951
3249 3740
3249 3953
3250 4165
3251 4230
3251 4977
3252 3781
3255 3499
3258 3392
3258 4138
3259 4666
3260 3610
3262 4062
3262 4444
3263 4112
3263 4922
3265 3425
3266 4908
3267 4902
3268 3926
3270 3716
3270 4826
3275 3404
3275 4794
3278 4068
3279 3601
3279 4555
3283 4554
3283 4598
3285 3628
3286 3583
3286 4360
3286 4668
3287 3300
3288 4342
3290 4449
3290 4598
3290 4660
3290 4684
3292 3919
3295 4136
3296 4458
3297 3635
3297 4173
3298 3786
3299 3310
3299 3873
3300 3959
3300 4535
3302 3506
3302 4947
3303 3424
3303 4087
3304 3643
3304 4334
3305 3409
3305 3812
3306 3688
3306 4079
3306 4950
3307 3399
3309 3503
3309 4318
3309 4882
3310 4193
3314 4168
3314 4684
3316 4196
3318 4674
3319 3457
3320 3345
3320 4984
3322 3878
3323 4180
3324 4102
3325 3880
3325 4636
3327 4632
3328 3329
3328 4340
3329 3521
3329 4197
3330 4849
3331 4613
3332 4751
3333 3677
3334 4328
3336 3395
3338 3387
3339 3421
3342 4024
3343 3975
3345 4298
3346 3955
3348 4032
3348 4475
3348 4499
3348 4503
3349 3597
3350 3449
3351 3760
3351 3834
3352 4790
3353 3871
3354 4125
3354 4604
3355 3974
3355 4682
3358 4129
3358 4716
3359 3408
3359 4734
3361 4074
3361 4719
3362 3732
3362 4430
3363 4623
3365 4354
3366 4980
3369 4795
3370 4152
3371 3738
3374 3601
3375 3428
3376 3711
3377 3863
3377 4775
3379 3936
3380 3388
3381 3401
3381 3822
3381 4004
3381 4255
3382 3587
3383 4690
3384 3937
3384 4548
3385 3827
3385 4049
3385 4761
3388 3821
3390 3599
3393 3558
3393 3611
3393 4635
3394 4573
3396 3722
3398 3791
3401 3696
3401 3822
3403 4675
3405 3443
3405 3603
3410 4697
3411 3656
3411 4143
3412 3871
3415 4038
3416 4818
3421 3713
3421 4862
3421 4945
3422 3466
3423 4025
3425 3918
3425 4453
3425 4531
3427 3825
3427 4790
3430 4762
3431 3526
3431 4254
3433 3968
3434 4085
3436 3685
3436 3729
3437 3843
3437 4336
3438 3966
3438 4940
3439 4997
3441 4423
3442 4736
3443 4689
3445 4160
3445 4360
3446 4364
3448 3530
3448 4454
3448 4733
3449 4250
3450 4445
3451 4845
3453 3864
3453 4049
3453 4333
3454 4122
3456 3467
3457 3930
3459 4192
3460 4362
3461 4602
3463 3597
3464 3869
3466 3502
3466 4896
3468 4409
3468 4580
3469 3572
3469 3969
3469 4171
3469 4444
3470 4324
3471 3760
3474 3486
3474 3827
3477 4386
3478 4753
3481 3971
3484 4871
3485 4856
3492 4097
3494 3970
3494 3995
3496 3996
3496 4128
3496 4286
3499 4695
3500 3998
3503 4318
3504 4031
3506 4947
3509 3651
3509 3905
3509 4375
3509 4841
3510 3932
3515 3521
3515 3614
3516 4835
3517 3814
3517 4235
3519 4783
3522 4421
3522 4607
3529 4151
3530 4434
3531 4106
3531 4275
3532 4959
3534 4288
3535 3752
3535 4754
3536 3563
3538 4964
3540 4594
3541 4836
3542 3729
3545 4288
3546 3606
3546 4239
3547 4140
3547 4963
3550 4017
3552 4984
3556 3716
3556 4746
3557 4964
3558 4943
3559 3669
3559 4673
3560 4962
3561 3615
3561 4774
3563 4245
3565 3743
3565 4265
3567 4002
3570 4122
3572 4171
3574 4258
3577 4882
3578 3876
3578 4838
3582 4816
3583 3611
3583 4360
3583 4958
3587 4704
3588 3828
3589 3973
3589 4550
3590 3639
3591 3675
3591 4010
3593 4093
3594 3835
3597 4364
3598 4667
3600 4629
3601 4555
3602 4230
3602 4501
3602 4854
3603 4711
3605 4036
3609 4646
3609 4925
3610 3874
3612 4009
3612 4269
3613 3801
3613 4511
3617 3707
3617 4061
3618 3958
3621 4948
3622 4676
3622 4905
3625 4146
3625 4273
3625 4655
3628 4253
3628 4355
3631 4203
3631 4213
3635 4649
3636 3867
3637 3694
3637 4255
3638 4903
3645 3893
3646 3648
3646 3713
3646 4162
3647 4720
3648 4819
3651 3905
3651 4770
3651 4851
3655 4472
3655 4839
3656 4205
3657 3759
3657 4974
3658 3665
3659 3770
3659 4014
3663 4037
3663 4248
3665 4209
3666 4996
3667 4403
3671 3972
3671 3986
3672 4121
3673 4099
3673 4129
3674 4370
3676 4015
3677 4116
3677 4741
3678 4057
3678 4131
3679 4103
3681 4313
3684 3705
3687 4445
3692 4692
3692 4709
3692 4767
3693 4049
3694 4147
3698 4264
3699 4160
3701 4200
3707 4061
3707 4522
3707 4740
3708 3812
3708 4566
3709 4026
3710 3761
3711 4007
3713 3812
3714 3949
3715 4238
3717 3950
3718 4062
3719 4577
3719 4768
3719 4822
3728 3811
3734 4329
3737 3768
3737 4858
3740 3953
3740 4925
3741 4927
3744 4052
3747 4201
3751 4215
3752 4842
3755 4666
3755 4705
3755 4723
3760 3955
3763 3996
3766 3842
3767 4318
3768 4152
3768 4206
3768 4333
3770 4505
3772 4422
3775 4633
3776 4026
3777 4989
3778 3979
3782 4361
3783 3852
3783 4372
3784 4350
3784 4446
3785 4770
3785 4884
3786 4024
3788 4231
3790 4102
3792 3888
3793 4412
3795 3915
3797 4065
3804 4747
3805 3880
3805 4040
3805 4072
3805 4188
3807 4511
3807 4559
3808 4826
3813 4281
3813 4665
3813 4726
3819 3874
3819 3916
3819 4396
3821 4154
3821 4263
3826 4650
3827 4049
3827 4244
3828 4832
3829 4515
3830 3878
3830 4820
3832 4039
3833 4667
3834 3929
3834 4923
3836 4996
3837 4422
3837 4839
3839 4789
3841 4132
3843 4397
3843 4683
3845 4016
3845 4121
3845 4472
3847 4112
3849 3932
3849 4758
3850 3892
3851 4930
3852 4242
3853 3963
3856 4592
3861 3865
3861 4599
3861 4994
3862 4101
3863 4284
3863 4455
3866 4416
3866 4495
3866 4642
3866 4672
3868 4063
3868 4406
3869 4351
3871 4626
3871 4682
3873 4147
3876 4838
3879 4700
3880 4920
3881 4549
3882 3884
3882 4365
3882 4841
3884 4118
3885 4520
3891 4016
3891 4570
3892 4065
3892 4828
3894 4392
3894 4492
3897 4125
3900 3960
3900 4295
3901 4595
3909 4166
3912 4497
3917 4583
3919 4424
3920 4587
3923 4415
3923 4969
3925 4953
3926 4305
3926 4457
3941 4263
3942 4321
3943 4884
3944 4105
3944 4247
3945 4088
3948 4278
3953 4222
3953 4631
3954 4561
3960 4295
3961 4798
3962 4943
3971 4620
3971 4664
3974 4543
3977 4732
3977 4864
3978 4512
3980 4091
3982 4010
3986 4536
3988 4103
3989 4286
3990 4059
3992 4402
3993 4679
3999 4209
3999 4731
4001 4027
4007 4797
4008 4534
4010 4429
4010 4695
4010 4989
4014 4787
4017 4073
4017 4830
4018 4212
4018 4406
4018 4944
4018 4993
4019 4634
4021 4369
4023 4200
4026 4329
4026 4585
4027 4167
4027 4433
4027 4677
4032 4499
4033 4689
4042 4935
4048 4534
4052 4219
4056 4854
4058 4435
4063 4417
4066 4638
4066 4909
4066 4939
4067 4834
4069 4491
4070 4291
4074 4882
4074 4934
4076 4912
4079 4884
4080 4565
4088 4856
4089 4908
4090 4992
4100 4228
4100 4449
4107 4726
4111 4651
4111 4869
4124 4744
4125 4604
4131 4175
4131 4991
4135 4877
4137 4394
4137 4421
4145 4919
4146 4608
4149 4522
4150 4328
4152 4376
4157 4739
4165 4957
4167 4677
4168 4480
4168 4684
4168 4830
4168 4937
4174 4910
4176 4509
4177 4549
4180 4394
4181 4788
4182 4354
4183 4440
4183 4443
4183 4861
4184 4526
4188 4545
4188 4963
4189 4266
4189 4575
4189 4707
4190 4688
4202 4982
4207 4962
4209 4715
4211 4713
4211 4843
4212 4944
4217 4395
4222 4518
4222 4934
4227 4478
4231 4424
4231 4657
4235 4600
4235 4827
4238 4633
4238 4867
4239 4973
4241 4728
4242 4462
4243 4984
4248 4894
4250 4567
4251 4378
4251 4803
4251 4807
4253 4355
4253 4515
4253 4551
4253 4840
4260 4777
4262 4509
4268 4539
4273 4994
4286 4775
4289 4945
4290 4377
4290 4896
4295 4831
4307 4433
4307 4436
4311 4498
4317 4963
4319 4800
4325 4414
4325 4499
4326 4966
4328 4441
4334 4989
4337 4541
4346 4442
4346 4520
4346 4735
4366 4805
4369 4918
4382 4752
4382 4791
4387 4779
4391 4614
4391 4668
4392 4592
4394 4546
4395 4786
4404 4662
4419 4782
4423 4490
4427 4438
4428 4640
4428 4841
4430 4436
4430 4870
4433 4634
4436 4870
4437 4751
4442 4520
4445 4847
4446 4809
4447 4574
4448 4783
4449 4621
4449 4993
4451 4805
4459 4556
4468 4500
4469 4580
4475 4625
4476 4537
4482 4611
4484 4977
4488 4894
4491 4915
4492 4944
4496 4686
4496 4835
4502 4561
4505 4759
4505 4847
4513 4793
4517 4524
4517 4579
4517 4960
4525 4764
4530 4558
4537 4745
4539 4542
4542 4749
4543 4680
4543 4970
4545 4836
4551 4840
4560 4562
4570 4605
4573 4765
4577 4780
4582 4979
4585 4754
4595 4917
4601 4687
4610 4833
4616 4707
4616 4798
4621 4664
4621 4932
4630 4753
4641 4970
4643 4955
4647 4899
4656 4957
4671 4795
4676 4905
4685 4710
4686 4738
4695 4852
4716 4755
4719 4819
4725 4733
4763 4964
4765 4846
4772 4866
4781 4806
4782 4837
4787 4899
4800 4832
4825 4901
4852 4908
4927 4952
4947 4985
