Node,InDegree,OutDegree,TotalDegree
9863,0,3,3
9349,0,3,3
9956,0,3,3
8850,0,3,3
7727,0,3,3
7740,3,3,6
8482,0,3,3
8910,0,3,3
8696,0,3,3
9715,0,3,3
9367,0,3,3
7249,1,3,4
9507,0,3,3
7793,0,3,3
9438,0,3,3
8844,0,3,3
7652,0,3,3
9277,0,3,3
8734,1,3,4
9371,1,3,4
8165,0,3,3
8501,1,3,4
8369,0,3,3
9346,0,3,3
9764,0,3,3
6358,0,3,3
9775,0,3,3
8177,0,3,3
6226,3,3,6
9873,0,3,3
9824,0,3,3
7754,0,3,3
9967,0,3,3
9914,0,3,3
9513,1,3,4
9905,0,3,3
9310,0,3,3
8731,0,3,3
8841,0,3,3
9317,0,3,3
8944,0,3,3
9609,0,3,3
6811,0,3,3
9062,0,3,3
8354,0,3,3
9147,0,3,3
8446,0,3,3
9922,0,3,3
8196,0,3,3
9763,0,3,3
8604,2,3,5
8957,0,3,3
6519,0,3,3
9434,0,3,3
9640,0,3,3
9473,0,3,3
5129,0,3,3
9815,0,3,3
6215,2,3,5
6733,5,3,8
6453,3,3,6
9279,0,3,3
7853,1,3,4
9467,0,3,3
9893,0,3,3
6982,2,3,5
9586,0,3,3
8344,0,3,3
8340,2,3,5
8710,0,3,3
9952,0,3,3
9086,0,3,3
7664,0,3,3
7519,0,3,3
8456,2,3,5
8279,1,3,4
5989,2,3,5
8716,0,3,3
9221,1,3,4
8530,0,3,3
8309,1,3,4
9305,0,3,3
6879,0,3,3
7744,1,3,4
8905,0,3,3
8341,0,3,3
6823,1,3,4
7638,0,3,3
8488,0,3,3
9691,0,3,3
5987,2,3,5
7491,4,3,7
7719,1,3,4
6820,0,3,3
5626,0,3,3
8186,0,3,3
9894,0,3,3
9238,0,3,3
8461,0,3,3
8750,0,3,3
9659,0,3,3
6205,2,3,5
9897,0,3,3
7518,0,3,3
9919,0,3,3
8642,0,3,3
8814,0,3,3
7619,0,3,3
8312,0,3,3
8099,0,3,3
7222,2,3,5
9183,0,3,3
9148,1,3,4
8622,0,3,3
8972,0,3,3
8112,1,3,4
6332,0,3,3
9064,1,3,4
9418,0,3,3
7635,1,3,4
4992,3,3,6
9791,0,3,3
8318,0,3,3
6054,2,3,5
6787,0,3,3
6772,0,3,3
6433,1,3,4
5875,0,3,3
9247,0,3,3
8246,0,3,3
6734,0,3,3
5339,1,3,4
9195,0,3,3
9168,0,3,3
8213,0,3,3
7906,0,3,3
9485,0,3,3
7809,0,3,3
7909,0,3,3
8348,0,3,3
7094,0,3,3
6881,3,3,6
4806,0,3,3
9009,0,3,3
9233,0,3,3
6921,1,3,4
9482,1,3,4
9454,0,3,3
8788,0,3,3
8618,0,3,3
8621,1,3,4
6709,0,3,3
9055,0,3,3
8419,1,3,4
5643,2,3,5
6214,1,3,4
9423,0,3,3
9832,0,3,3
8876,0,3,3
6964,0,3,3
8090,0,3,3
7766,2,3,5
8942,1,3,4
9851,0,3,3
9024,0,3,3
8941,0,3,3
8785,0,3,3
5816,0,3,3
5302,0,3,3
8436,0,3,3
9270,0,3,3
8738,0,3,3
8423,0,3,3
9218,0,3,3
8515,0,3,3
6690,3,3,6
7860,0,3,3
5714,1,3,4
8990,0,3,3
8674,0,3,3
8252,0,3,3
9444,0,3,3
9089,0,3,3
8718,0,3,3
4463,1,3,4
9977,0,3,3
8476,3,3,6
9267,0,3,3
8581,0,3,3
8200,0,3,3
5474,1,3,4
7498,0,3,3
8194,1,3,4
7901,0,3,3
7817,0,3,3
8393,0,3,3
8122,1,3,4
8827,0,3,3
7975,1,3,4
9692,0,3,3
8826,0,3,3
8934,0,3,3
5763,0,3,3
6788,3,3,6
5745,1,3,4
5198,2,3,5
9901,0,3,3
7949,0,3,3
7554,1,3,4
5136,1,3,4
9389,0,3,3
7626,2,3,5
7907,0,3,3
7882,0,3,3
8774,0,3,3
7522,1,3,4
7879,0,3,3
8705,0,3,3
9316,1,3,4
6032,0,3,3
8500,0,3,3
5585,0,3,3
9603,0,3,3
6040,0,3,3
5027,1,3,4
4797,2,3,5
7890,2,3,5
9711,1,3,4
8069,0,3,3
6909,0,3,3
5428,3,3,6
8802,0,3,3
4235,1,3,4
9727,0,3,3
9456,0,3,3
9156,1,3,4
5376,1,3,4
9943,0,3,3
8629,0,3,3
5158,0,3,3
8022,0,3,3
5375,0,3,3
8387,1,3,4
5028,1,3,4
9597,0,3,3
6379,1,3,4
8767,0,3,3
9671,0,3,3
9378,0,3,3
6804,1,3,4
8768,0,3,3
6557,1,3,4
5840,2,3,5
9203,0,3,3
8861,1,3,4
9580,0,3,3
8818,0,3,3
7878,0,3,3
4977,1,3,4
9503,0,3,3
9904,0,3,3
9085,0,3,3
6677,0,3,3
6320,0,3,3
7013,1,3,4
7650,0,3,3
7477,0,3,3
7978,1,3,4
5580,1,3,4
7011,0,3,3
6011,1,3,4
9930,0,3,3
9206,0,3,3
6720,1,3,4
6752,0,3,3
9882,0,3,3
9722,0,3,3
6242,0,3,3
9694,0,3,3
8218,0,3,3
5832,1,3,4
8475,0,3,3
9645,0,3,3
7217,0,3,3
9057,1,3,4
5880,0,3,3
8945,0,3,3
8969,1,3,4
7830,0,3,3
6121,1,3,4
8367,1,3,4
6558,2,3,5
8527,1,3,4
7054,1,3,4
9850,0,3,3
9492,0,3,3
6616,0,3,3
8920,1,3,4
8869,0,3,3
6064,0,3,3
5007,2,3,5
9700,0,3,3
8525,0,3,3
9383,0,3,3
4495,3,3,6
4945,0,3,3
9818,0,3,3
9425,0,3,3
9341,0,3,3
7563,0,3,3
6161,3,3,6
6962,0,3,3
9595,0,3,3
4630,2,3,5
8983,0,3,3
8757,0,3,3
8646,0,3,3
8779,0,3,3
6185,2,3,5
5812,2,3,5
4064,3,3,6
9340,1,3,4
6937,0,3,3
6995,1,3,4
4892,0,3,3
9417,0,3,3
8995,1,3,4
4241,4,3,7
7090,0,3,3
8466,0,3,3
9757,0,3,3
8543,0,3,3
7580,0,3,3
5718,2,3,5
9962,0,3,3
5359,2,3,5
7095,0,3,3
8189,0,3,3
7539,1,3,4
9663,0,3,3
8709,0,3,3
3995,2,3,5
4543,2,3,5
4805,1,3,4
4744,2,3,5
8986,1,3,4
9675,0,3,3
8849,0,3,3
9358,0,3,3
7097,0,3,3
7894,0,3,3
6452,0,3,3
9474,0,3,3
7807,0,3,3
4026,1,3,4
9669,0,3,3
6019,0,3,3
7971,2,3,5
8133,0,3,3
5039,3,3,6
7620,1,3,4
8916,0,3,3
9702,0,3,3
9699,0,3,3
6642,0,3,3
4038,0,3,3
9575,0,3,3
5852,2,3,5
9265,0,3,3
3760,1,3,4
5828,0,3,3
9047,0,3,3
7394,0,3,3
9289,0,3,3
8072,0,3,3
6771,0,3,3
9561,0,3,3
9963,0,3,3
9067,0,3,3
6955,0,3,3
6938,0,3,3
4694,1,3,4
5544,2,3,5
9859,0,3,3
8820,0,3,3
6868,1,3,4
9197,0,3,3
6900,0,3,3
4575,0,3,3
9796,0,3,3
5399,0,3,3
5128,0,3,3
5377,1,3,4
6384,1,3,4
9652,0,3,3
9193,0,3,3
6441,2,3,5
4807,1,3,4
7611,0,3,3
7159,1,3,4
6001,1,3,4
9044,0,3,3
7644,0,3,3
9403,0,3,3
3744,2,3,5
9171,0,3,3
8382,0,3,3
7561,2,3,5
6989,0,3,3
9732,0,3,3
7333,1,3,4
5584,0,3,3
7874,0,3,3
8506,0,3,3
6241,0,3,3
6154,2,3,5
4540,1,3,4
7002,1,3,4
9315,0,3,3
8184,0,3,3
9902,0,3,3
5243,3,3,6
5321,0,3,3
8426,1,3,4
8191,0,3,3
3446,3,3,6
5519,1,3,4
4425,3,3,6
6246,1,3,4
7319,1,3,4
9353,1,3,4
8534,1,3,4
7186,0,3,3
5141,0,3,3
7326,0,3,3
8076,0,3,3
8825,0,3,3
8056,0,3,3
7810,0,3,3
5514,0,3,3
6682,1,3,4
8623,0,3,3
6216,4,3,7
8402,0,3,3
5638,2,3,5
2913,2,3,5
6065,2,3,5
8286,0,3,3
6147,0,3,3
5850,0,3,3
9771,0,3,3
7411,0,3,3
4972,0,3,3
9123,0,3,3
9871,0,3,3
9728,0,3,3
7195,1,3,4
9787,0,3,3
7692,0,3,3
5810,1,3,4
7880,0,3,3
4626,0,3,3
9601,0,3,3
8953,0,3,3
4793,0,3,3
7628,0,3,3
4936,2,3,5
8487,0,3,3
9646,0,3,3
7329,2,3,5
6213,0,3,3
3792,1,3,4
8477,0,3,3
9758,0,3,3
6498,1,3,4
7123,2,3,5
9284,0,3,3
9942,0,3,3
8715,0,3,3
5820,4,3,7
8454,1,3,4
9227,1,3,4
4100,0,3,3
7367,0,3,3
7174,1,3,4
6457,0,3,3
7459,0,3,3
5748,1,3,4
6904,1,3,4
3929,1,3,4
8094,1,3,4
8201,0,3,3
7135,0,3,3
8950,0,3,3
9354,0,3,3
6256,1,3,4
7598,1,3,4
6381,0,3,3
5250,3,3,6
7078,0,3,3
8594,0,3,3
7359,0,3,3
5438,1,3,4
4532,3,3,6
5220,1,3,4
5207,1,3,4
3861,1,3,4
7363,1,3,4
9399,0,3,3
9393,0,3,3
8450,0,3,3
9377,0,3,3
8088,0,3,3
5056,0,3,3
3467,0,3,3
9046,0,3,3
3602,2,3,5
8486,0,3,3
8974,0,3,3
6620,0,3,3
6440,1,3,4
6760,0,3,3
5479,2,3,5
6109,1,3,4
5085,0,3,3
6446,0,3,3
5629,0,3,3
8521,0,3,3
9268,1,3,4
6874,1,3,4
3665,6,3,9
5920,2,3,5
4996,2,3,5
9572,0,3,3
4329,5,3,8
9368,0,3,3
5680,1,3,4
9610,0,3,3
9605,0,3,3
8102,0,3,3
3064,1,3,4
2618,7,3,10
8651,1,3,4
8155,0,3,3
7961,0,3,3
9173,0,3,3
8285,0,3,3
5233,0,3,3
6739,0,3,3
3513,3,3,6
8447,1,3,4
9544,0,3,3
7811,0,3,3
9242,0,3,3
8290,0,3,3
8433,0,3,3
2530,4,3,7
7957,0,3,3
7738,0,3,3
4496,5,3,8
2968,2,3,5
4738,1,3,4
5262,2,3,5
9212,0,3,3
5721,0,3,3
9312,0,3,3
8302,1,3,4
3014,0,3,3
5482,2,3,5
9950,0,3,3
6945,1,3,4
8413,0,3,3
9633,0,3,3
8492,1,3,4
8396,0,3,3
8529,1,3,4
7948,0,3,3
6053,1,3,4
6398,0,3,3
7960,1,3,4
6501,1,3,4
2743,0,3,3
6077,1,3,4
3923,3,3,6
6127,0,3,3
5363,0,3,3
6155,2,3,5
7125,1,3,4
9982,0,3,3
9900,0,3,3
8808,0,3,3
6020,1,3,4
7056,0,3,3
8748,0,3,3
9614,0,3,3
7989,0,3,3
5351,0,3,3
7892,0,3,3
6290,2,3,5
8959,0,3,3
9382,0,3,3
7453,0,3,3
2654,5,3,8
9455,0,3,3
2613,0,3,3
7349,0,3,3
6968,2,3,5
8968,0,3,3
8555,0,3,3
9010,0,3,3
8878,1,3,4
9278,0,3,3
6912,1,3,4
3547,4,3,7
5817,0,3,3
3944,5,3,8
4758,4,3,7
6774,1,3,4
6822,1,3,4
4862,2,3,5
7500,0,3,3
4931,0,3,3
6664,0,3,3
9256,0,3,3
9844,0,3,3
5150,4,3,7
5535,0,3,3
8029,1,3,4
5885,0,3,3
9054,1,3,4
8714,0,3,3
6269,2,3,5
4271,1,3,4
5548,2,3,5
8217,1,3,4
5586,3,3,6
7039,0,3,3
9619,0,3,3
8508,0,3,3
9021,0,3,3
6672,2,3,5
7390,0,3,3
7914,0,3,3
4766,0,3,3
8639,0,3,3
6180,1,3,4
7840,0,3,3
7285,1,3,4
6791,2,3,5
9362,0,3,3
4949,3,3,6
9976,0,3,3
7741,0,3,3
6084,4,3,7
6232,1,3,4
5009,1,3,4
9533,1,3,4
5287,0,3,3
9469,0,3,3
8472,0,3,3
6797,0,3,3
2592,5,3,8
6139,0,3,3
7193,0,3,3
5183,2,3,5
9452,0,3,3
6432,1,3,4
7386,0,3,3
4830,1,3,4
5540,1,3,4
8592,0,3,3
3537,3,3,6
9397,0,3,3
3982,0,3,3
3314,2,3,5
8580,0,3,3
7252,0,3,3
6919,0,3,3
6667,0,3,3
6723,0,3,3
9923,0,3,3
8933,0,3,3
5719,0,3,3
5407,1,3,4
6947,0,3,3
5297,4,3,7
7511,1,3,4
7204,1,3,4
8375,1,3,4
6517,0,3,3
6234,2,3,5
9118,0,3,3
3029,2,3,5
8467,0,3,3
8024,0,3,3
7795,1,3,4
6645,0,3,3
9330,0,3,3
8284,0,3,3
6117,3,3,6
9716,0,3,3
8747,1,3,4
7348,0,3,3
6639,1,3,4
8597,0,3,3
5212,2,3,5
9159,0,3,3
9651,0,3,3
8497,0,3,3
7194,1,3,4
9542,0,3,3
9053,0,3,3
8784,0,3,3
7743,0,3,3
2966,1,3,4
8464,0,3,3
4609,1,3,4
7416,0,3,3
7029,0,3,3
8863,0,3,3
6367,0,3,3
8672,0,3,3
7369,0,3,3
3975,0,3,3
8380,0,3,3
8923,0,3,3
8458,0,3,3
7398,0,3,3
5078,1,3,4
9124,0,3,3
8859,2,3,5
6504,2,3,5
7502,2,3,5
9275,0,3,3
8804,0,3,3
9997,0,3,3
8689,0,3,3
7850,0,3,3
8330,2,3,5
9840,0,3,3
5583,0,3,3
6277,0,3,3
3889,2,3,5
5930,5,3,8
5546,1,3,4
5231,1,3,4
3740,0,3,3
9826,0,3,3
8540,0,3,3
6754,0,3,3
4472,2,3,5
9566,0,3,3
8211,0,3,3
6113,0,3,3
8845,0,3,3
8824,0,3,3
9461,0,3,3
8126,1,3,4
8997,0,3,3
5076,0,3,3
3361,5,3,8
6114,1,3,4
9081,0,3,3
8965,1,3,4
3271,1,3,4
5703,0,3,3
9290,0,3,3
4346,2,3,5
9751,0,3,3
6056,1,3,4
8399,0,3,3
7354,1,3,4
9048,0,3,3
8766,0,3,3
9993,0,3,3
8260,1,3,4
2825,6,3,9
6911,1,3,4
6777,2,3,5
8984,0,3,3
8161,0,3,3
7495,1,3,4
9489,0,3,3
7833,0,3,3
7576,2,3,5
4344,2,3,5
6893,0,3,3
6088,0,3,3
5330,0,3,3
4511,4,3,7
8453,0,3,3
7057,0,3,3
4349,3,3,6
4261,0,3,3
8328,0,3,3
5348,0,3,3
4206,3,3,6
8654,0,3,3
4358,0,3,3
5593,0,3,3
7016,0,3,3
7718,0,3,3
5245,0,3,3
6087,0,3,3
7278,0,3,3
8706,0,3,3
4967,1,3,4
6473,3,3,6
9453,0,3,3
8777,0,3,3
5012,1,3,4
8074,1,3,4
4867,0,3,3
6189,2,3,5
5437,0,3,3
7985,0,3,3
3216,2,3,5
5190,0,3,3
8541,0,3,3
8092,0,3,3
7410,0,3,3
9501,0,3,3
3465,0,3,3
7926,0,3,3
5582,2,3,5
8295,0,3,3
7113,1,3,4
4418,0,3,3
9636,0,3,3
9003,0,3,3
2448,4,3,7
4933,1,3,4
3276,4,3,7
8631,1,3,4
9038,1,3,4
8550,0,3,3
8778,1,3,4
6103,1,3,4
4774,1,3,4
7711,1,3,4
8664,0,3,3
3059,1,3,4
6766,4,3,7
9621,0,3,3
8896,0,3,3
8013,0,3,3
7176,0,3,3
6735,1,3,4
6266,0,3,3
7283,0,3,3
6554,0,3,3
4232,1,3,4
7760,0,3,3
6920,2,3,5
5717,1,3,4
8376,0,3,3
7385,0,3,3
6038,1,3,4
5294,1,3,4
2593,2,3,5
8946,0,3,3
6167,0,3,3
9534,0,3,3
7264,0,3,3
9697,0,3,3
7568,0,3,3
6799,0,3,3
5077,1,3,4
8345,0,3,3
7900,0,3,3
7467,0,3,3
3224,3,3,6
8040,0,3,3
7131,1,3,4
2005,1,3,4
8308,0,3,3
6994,1,3,4
2651,7,3,10
2793,5,3,8
4538,1,3,4
9546,1,3,4
7413,0,3,3
6957,0,3,3
4549,1,3,4
6396,1,3,4
2965,4,3,7
5090,0,3,3
8062,0,3,3
4332,1,3,4
9439,0,3,3
4420,2,3,5
8209,0,3,3
4348,2,3,5
5414,0,3,3
7947,0,3,3
6582,1,3,4
8432,1,3,4
7934,0,3,3
5813,0,3,3
8346,0,3,3
7250,0,3,3
9506,0,3,3
2626,3,3,6
8437,0,3,3
6063,3,3,6
7798,0,3,3
6468,0,3,3
2440,3,3,6
8031,0,3,3
5950,1,3,4
2438,2,3,5
4488,1,3,4
8480,0,3,3
9190,0,3,3
8372,0,3,3
4132,0,3,3
8579,0,3,3
5393,0,3,3
3495,1,3,4
9145,0,3,3
5966,2,3,5
5781,0,3,3
6990,0,3,3
3729,5,3,8
3380,0,3,3
9380,1,3,4
5939,1,3,4
4638,4,3,7
4579,2,3,5
5782,0,3,3
6250,0,3,3
3805,0,3,3
7637,0,3,3
7816,2,3,5
8256,0,3,3
9200,0,3,3
5353,1,3,4
6081,0,3,3
1950,0,3,3
8528,0,3,3
4684,0,3,3
3780,1,3,4
8329,0,3,3
6689,2,3,5
6447,0,3,3
4017,0,3,3
9215,0,3,3
7059,1,3,4
6387,1,3,4
9759,0,3,3
7679,0,3,3
4654,2,3,5
8904,0,3,3
7162,1,3,4
8513,0,3,3
8070,0,3,3
5163,1,3,4
3145,4,3,7
7058,0,3,3
8725,2,3,5
5689,1,3,4
5277,1,3,4
5570,1,3,4
8752,0,3,3
8160,0,3,3
7447,0,3,3
5337,0,3,3
7400,1,3,4
3030,1,3,4
6603,0,3,3
9710,0,3,3
9931,0,3,3
3060,2,3,5
9552,0,3,3
9736,0,3,3
7570,0,3,3
9345,1,3,4
6802,0,3,3
9874,0,3,3
9479,0,3,3
8736,0,3,3
3001,1,3,4
2428,3,3,6
7338,1,3,4
5015,3,3,6
5509,1,3,4
7737,0,3,3
5645,0,3,3
9401,0,3,3
5699,1,3,4
5059,0,3,3
4403,0,3,3
7921,0,3,3
3533,1,3,4
3200,3,3,6
7418,0,3,3
3915,2,3,5
6100,0,3,3
5869,2,3,5
5326,2,3,5
4715,5,3,8
9693,0,3,3
8829,0,3,3
3512,0,3,3
8975,0,3,3
8843,0,3,3
7483,2,3,5
7010,1,3,4
6380,2,3,5
5577,2,3,5
9842,0,3,3
8007,1,3,4
4753,3,3,6
6082,1,3,4
6013,1,3,4
7305,0,3,3
9686,0,3,3
8898,0,3,3
6805,0,3,3
2652,2,3,5
5120,0,3,3
2349,2,3,5
4383,3,3,6
8699,0,3,3
6015,0,3,3
7689,1,3,4
6612,0,3,3
7913,1,3,4
5346,1,3,4
8272,0,3,3
3686,1,3,4
3634,2,3,5
7383,0,3,3
9615,0,3,3
6743,0,3,3
4464,2,3,5
1864,1,3,4
8921,0,3,3
8066,0,3,3
9450,0,3,3
6494,2,3,5
5953,0,3,3
5617,1,3,4
4362,2,3,5
4716,0,3,3
8961,0,3,3
8805,0,3,3
5525,0,3,3
8365,0,3,3
6976,0,3,3
6275,2,3,5
6166,0,3,3
9846,0,3,3
5423,1,3,4
9725,0,3,3
4835,0,3,3
8051,0,3,3
5671,1,3,4
4962,2,3,5
3407,1,3,4
5022,0,3,3
9158,0,3,3
1848,6,3,9
8045,0,3,3
8801,1,3,4
8627,0,3,3
4417,5,3,8
8644,0,3,3
7770,0,3,3
5713,4,3,7
9052,0,3,3
5956,2,3,5
9753,0,3,3
7299,2,3,5
8643,0,3,3
2366,4,3,7
7996,0,3,3
6482,0,3,3
3167,5,3,8
2941,4,3,7
6834,0,3,3
7108,0,3,3
6963,1,3,4
9000,0,3,3
6502,0,3,3
3328,9,3,12
2658,2,3,5
5086,1,3,4
8190,0,3,3
6753,1,3,4
5740,0,3,3
3897,1,3,4
5098,1,3,4
3223,0,3,3
9035,1,3,4
7157,0,3,3
5365,0,3,3
3305,1,3,4
2337,6,3,9
7198,0,3,3
5180,1,3,4
8793,0,3,3
6157,0,3,3
6765,0,3,3
9234,0,3,3
8078,0,3,3
3752,2,3,5
7955,0,3,3
6979,0,3,3
9670,0,3,3
5957,1,3,4
6023,0,3,3
5841,1,3,4
3233,1,3,4
8374,2,3,5
5455,4,3,7
5265,2,3,5
7460,0,3,3
3172,3,3,6
4815,0,3,3
6300,0,3,3
8228,0,3,3
7127,0,3,3
3341,2,3,5
5826,1,3,4
5331,1,3,4
5251,1,3,4
9841,0,3,3
5587,0,3,3
8243,0,3,3
7141,0,3,3
7074,0,3,3
6459,2,3,5
6553,1,3,4
4819,0,3,3
6151,0,3,3
4785,0,3,3
8219,0,3,3
5701,3,3,6
5491,3,3,6
9262,0,3,3
4226,0,3,3
9949,0,3,3
5115,2,3,5
4052,1,3,4
3607,2,3,5
2548,4,3,7
9117,0,3,3
5784,1,3,4
5611,0,3,3
8337,0,3,3
9746,0,3,3
5603,1,3,4
8679,0,3,3
6431,0,3,3
7144,0,3,3
5235,0,3,3
7341,2,3,5
7218,2,3,5
3546,0,3,3
2413,0,3,3
9078,0,3,3
6747,2,3,5
5102,1,3,4
9328,0,3,3
5909,1,3,4
9662,0,3,3
7514,0,3,3
7300,0,3,3
5971,1,3,4
5907,0,3,3
9286,1,3,4
6548,1,3,4
7726,0,3,3
9782,0,3,3
5483,1,3,4
5099,1,3,4
8632,0,3,3
5260,1,3,4
3134,3,3,6
4066,2,3,5
8925,0,3,3
6021,1,3,4
4391,1,3,4
6815,0,3,3
5795,1,3,4
4673,4,3,7
5796,1,3,4
5600,3,3,6
1978,3,3,6
6973,0,3,3
7855,1,3,4
7105,0,3,3
4440,0,3,3
5918,1,3,4
5317,1,3,4
6394,1,3,4
7818,0,3,3
8169,0,3,3
7919,0,3,3
7231,0,3,3
6427,0,3,3
3108,0,3,3
8015,1,3,4
6951,2,3,5
8192,1,3,4
9999,0,3,3
8759,0,3,3
8753,0,3,3
8411,0,3,3
5505,1,3,4
9629,0,3,3
8132,1,3,4
8982,0,3,3
5882,3,3,6
4354,0,3,3
4161,0,3,3
1873,7,3,10
7531,0,3,3
6965,0,3,3
9706,0,3,3
5109,2,3,5
4676,1,3,4
2937,0,3,3
9714,0,3,3
6496,1,3,4
5667,1,3,4
7365,0,3,3
8418,1,3,4
6118,1,3,4
7965,1,3,4
7423,0,3,3
8097,0,3,3
7943,0,3,3
5777,1,3,4
2180,8,3,11
4896,2,3,5
3901,2,3,5
3066,2,3,5
7472,2,3,5
3981,1,3,4
9066,0,3,3
8551,0,3,3
8181,0,3,3
9607,0,3,3
5802,0,3,3
5694,0,3,3
8180,0,3,3
6022,0,3,3
9856,0,3,3
8535,0,3,3
8249,3,3,6
8105,0,3,3
6392,1,3,4
7003,0,3,3
5338,0,3,3
3148,1,3,4
4215,6,3,9
2712,4,3,7
9672,0,3,3
7267,2,3,5
5559,2,3,5
5412,3,3,6
4576,1,3,4
9236,0,3,3
9149,0,3,3
8391,1,3,4
7101,0,3,3
6149,1,3,4
8026,0,3,3
7548,0,3,3
3994,0,3,3
9548,0,3,3
5238,1,3,4
3640,3,3,6
3187,1,3,4
3045,12,3,15
6146,0,3,3
9896,0,3,3
5454,0,3,3
9921,0,3,3
5962,0,3,3
3366,0,3,3
3122,3,3,6
6224,0,3,3
4449,2,3,5
5952,0,3,3
9886,0,3,3
8081,0,3,3
7908,2,3,5
7787,3,3,6
6854,0,3,3
5884,1,3,4
9191,0,3,3
3795,1,3,4
8394,0,3,3
3581,3,3,6
8625,0,3,3
4976,0,3,3
5766,0,3,3
6401,1,3,4
9820,0,3,3
8634,0,3,3
3567,2,3,5
5263,0,3,3
4571,0,3,3
8176,0,3,3
4964,0,3,3
7062,0,3,3
6179,3,3,6
5798,2,3,5
6809,0,3,3
5105,2,3,5
4492,1,3,4
3178,2,3,5
7192,0,3,3
6093,1,3,4
3043,3,3,6
7687,1,3,4
5976,2,3,5
4500,2,3,5
9017,0,3,3
4289,1,3,4
8758,1,3,4
4480,2,3,5
3898,1,3,4
5194,1,3,4
2644,1,3,4
6107,0,3,3
9880,0,3,3
8522,0,3,3
7979,1,3,4
7803,1,3,4
5767,2,3,5
4765,0,3,3
7000,0,3,3
6839,0,3,3
3199,0,3,3
7345,1,3,4
4045,1,3,4
9915,0,3,3
9643,0,3,3
7591,1,3,4
7424,1,3,4
7314,1,3,4
6039,2,3,5
9729,0,3,3
9591,0,3,3
5943,2,3,5
9899,0,3,3
7449,1,3,4
6339,1,3,4
8207,0,3,3
2834,2,3,5
5687,0,3,3
2250,1,3,4
1572,5,3,8
7655,0,3,3
2432,7,3,10
9627,0,3,3
8342,0,3,3
4317,2,3,5
1532,15,3,18
3725,0,3,3
4122,0,3,3
9260,0,3,3
2670,0,3,3
8918,0,3,3
5919,1,3,4
5458,1,3,4
6487,1,3,4
6175,2,3,5
5340,0,3,3
4147,1,3,4
9102,0,3,3
6483,3,3,6
1454,3,3,6
4871,1,3,4
8636,0,3,3
5001,0,3,3
5674,0,3,3
7152,0,3,3
4290,0,3,3
4005,1,3,4
2479,10,3,13
6310,0,3,3
3453,0,3,3
9352,1,3,4
5785,0,3,3
2894,3,3,6
9472,0,3,3
2423,2,3,5
6061,0,3,3
5818,3,3,6
3676,2,3,5
9357,0,3,3
5533,0,3,3
9264,0,3,3
7944,0,3,3
7902,0,3,3
8157,0,3,3
7662,1,3,4
6936,1,3,4
3229,3,3,6
6644,0,3,3
7633,0,3,3
9741,0,3,3
7087,0,3,3
3175,1,3,4
2830,3,3,6
5662,0,3,3
4368,2,3,5
7028,0,3,3
7331,0,3,3
5094,3,3,6
6388,0,3,3
9424,0,3,3
3121,2,3,5
4256,1,3,4
4350,1,3,4
3860,0,3,3
9789,0,3,3
9369,0,3,3
3810,4,3,7
2378,7,3,10
8409,1,3,4
8281,0,3,3
4570,0,3,3
5942,4,3,7
4751,1,3,4
3766,3,3,6
2468,11,3,14
9136,0,3,3
8727,0,3,3
2454,5,3,8
2451,2,3,5
8954,0,3,3
8764,0,3,3
4127,1,3,4
2689,2,3,5
8134,1,3,4
5609,0,3,3
8992,0,3,3
9322,0,3,3
4632,0,3,3
3284,2,3,5
1936,1,3,4
9868,1,3,4
1918,7,3,10
3888,1,3,4
9829,0,3,3
9798,0,3,3
9684,0,3,3
5275,0,3,3
4816,0,3,3
4728,0,3,3
4090,3,3,6
3352,1,3,4
3021,2,3,5
2583,5,3,8
2314,6,3,9
8694,1,3,4
4970,4,3,7
3614,1,3,4
9885,0,3,3
8291,0,3,3
7648,0,3,3
6991,0,3,3
5574,1,3,4
3584,1,3,4
3103,1,3,4
2659,1,3,4
9538,0,3,3
9953,0,3,3
6372,0,3,3
5902,1,3,4
8430,0,3,3
4696,1,3,4
8018,2,3,5
6969,0,3,3
9426,0,3,3
9175,1,3,4
9016,2,3,5
7556,0,3,3
8012,0,3,3
6607,1,3,4
3811,0,3,3
9178,0,3,3
7959,0,3,3
4644,0,3,3
8408,0,3,3
6363,0,3,3
2574,1,3,4
6584,1,3,4
4303,0,3,3
4155,1,3,4
8970,0,3,3
5605,3,3,6
5567,0,3,3
5088,2,3,5
5815,1,3,4
5041,2,3,5
1720,7,3,10
7409,0,3,3
8322,0,3,3
8060,0,3,3
8847,0,3,3
6728,0,3,3
4596,1,3,4
8605,0,3,3
8587,1,3,4
8410,0,3,3
4371,2,3,5
3809,0,3,3
2735,0,3,3
2952,3,3,6
7258,0,3,3
7110,1,3,4
4869,1,3,4
3116,2,3,5
9743,0,3,3
3900,5,3,8
5792,3,3,6
1481,2,3,5
7542,2,3,5
7713,0,3,3
9095,0,3,3
5895,1,3,4
4462,0,3,3
9940,0,3,3
1816,5,3,8
8428,0,3,3
7851,0,3,3
4876,0,3,3
4211,5,3,8
8471,0,3,3
6543,0,3,3
7337,0,3,3
2304,3,3,6
6365,1,3,4
8791,0,3,3
5529,0,3,3
4458,0,3,3
8244,0,3,3
6296,0,3,3
4560,0,3,3
2044,0,3,3
6348,3,3,6
9140,0,3,3
5446,0,3,3
5592,0,3,3
4748,1,3,4
6465,1,3,4
6442,0,3,3
3381,4,3,7
9504,0,3,3
8888,0,3,3
6827,1,3,4
7027,2,3,5
4926,1,3,4
9553,0,3,3
8684,0,3,3
9442,0,3,3
8571,1,3,4
6361,0,3,3
6693,0,3,3
3335,0,3,3
9491,0,3,3
6715,1,3,4
5029,1,3,4
3295,0,3,3
7952,0,3,3
6421,0,3,3
5478,0,3,3
2991,6,3,9
9451,0,3,3
7898,0,3,3
6366,0,3,3
6286,0,3,3
5515,0,3,3
9429,0,3,3
6943,0,3,3
5864,1,3,4
4985,0,3,3
2799,4,3,7
8093,0,3,3
7287,0,3,3
4151,4,3,7
4518,4,3,7
7728,0,3,3
4430,2,3,5
9769,0,3,3
9737,0,3,3
4608,3,3,6
7381,0,3,3
6091,0,3,3
5054,3,3,6
2918,5,3,8
7485,0,3,3
7478,0,3,3
9726,0,3,3
8524,0,3,3
4205,0,3,3
8150,1,3,4
4001,1,3,4
7933,1,3,4
4207,0,3,3
3587,0,3,3
8239,0,3,3
1483,4,3,7
7071,0,3,3
6586,2,3,5
6134,0,3,3
7181,0,3,3
6942,0,3,3
5899,0,3,3
9867,0,3,3
1821,3,3,6
8210,0,3,3
6059,2,3,5
2911,4,3,7
8981,0,3,3
4320,2,3,5
3342,6,3,9
2951,3,3,6
1746,0,3,3
8653,0,3,3
6759,0,3,3
2470,1,3,4
9803,0,3,3
8880,0,3,3
7912,0,3,3
6475,2,3,5
9084,0,3,3
8842,0,3,3
4782,6,3,9
3946,0,3,3
9240,0,3,3
7302,1,3,4
8867,0,3,3
8266,0,3,3
7089,0,3,3
8061,1,3,4
5746,0,3,3
7792,0,3,3
4198,3,3,6
3401,4,3,7
2716,3,3,6
9213,0,3,3
4680,5,3,8
4437,1,3,4
4432,1,3,4
7722,0,3,3
9989,0,3,3
8135,0,3,3
8047,0,3,3
4379,0,3,3
2919,2,3,5
4428,3,3,6
8900,0,3,3
9122,0,3,3
6910,3,3,6
5831,0,3,3
5608,0,3,3
4521,2,3,5
1524,1,3,4
6326,3,3,6
3203,1,3,4
9705,1,3,4
9664,0,3,3
6562,0,3,3
3228,3,3,6
9964,0,3,3
1525,6,3,9
8222,0,3,3
9908,0,3,3
9344,0,3,3
5783,1,3,4
6397,0,3,3
7864,2,3,5
7559,0,3,3
5072,0,3,3
8544,1,3,4
8584,0,3,3
5021,3,3,6
8909,0,3,3
5157,1,3,4
3389,1,3,4
9890,0,3,3
5055,1,3,4
8324,1,3,4
9014,0,3,3
7456,1,3,4
7707,0,3,3
4186,2,3,5
8912,0,3,3
8084,1,3,4
7717,0,3,3
5648,1,3,4
4386,3,3,6
3596,2,3,5
1546,2,3,5
6414,1,3,4
5309,1,3,4
5025,0,3,3
1861,0,3,3
5649,3,3,6
4061,1,3,4
2607,6,3,9
4422,3,3,6
8455,0,3,3
6610,0,3,3
9854,0,3,3
7239,0,3,3
3903,0,3,3
7640,0,3,3
7041,0,3,3
2450,0,3,3
2078,4,3,7
9527,0,3,3
9326,0,3,3
3307,0,3,3
2575,3,3,6
8712,0,3,3
6762,1,3,4
4109,0,3,3
7482,2,3,5
4517,1,3,4
2755,7,3,10
2003,6,3,9
8875,0,3,3
4921,2,3,5
4467,1,3,4
2418,3,3,6
7257,0,3,3
6924,1,3,4
8951,1,3,4
3068,3,3,6
2176,2,3,5
1981,2,3,5
1868,5,3,8
2796,2,3,5
8806,0,3,3
6142,4,3,7
2999,4,3,7
2253,4,3,7
8111,0,3,3
7470,0,3,3
8927,0,3,3
8068,0,3,3
7778,0,3,3
6749,2,3,5
6530,1,3,4
9665,0,3,3
4759,1,3,4
9065,0,3,3
8838,0,3,3
8967,0,3,3
7680,0,3,3
2826,3,3,6
8230,0,3,3
6614,1,3,4
8914,0,3,3
8866,0,3,3
6336,0,3,3
4868,1,3,4
4598,1,3,4
4548,5,3,8
3671,7,3,10
9176,0,3,3
4121,0,3,3
8144,0,3,3
2155,1,3,4
9738,0,3,3
9395,0,3,3
7262,0,3,3
6886,1,3,4
5984,2,3,5
5809,1,3,4
3739,2,3,5
8449,1,3,4
3935,6,3,9
3750,2,3,5
9407,0,3,3
9388,0,3,3
8395,0,3,3
5652,3,3,6
5367,1,3,4
3803,4,3,7
8321,0,3,3
9266,0,3,3
9096,0,3,3
8010,0,3,3
7915,0,3,3
4247,0,3,3
7968,0,3,3
2837,2,3,5
3675,3,3,6
9249,0,3,3
8671,0,3,3
8386,0,3,3
6454,1,3,4
5655,2,3,5
3580,1,3,4
9459,0,3,3
3365,0,3,3
6092,2,3,5
6270,0,3,3
5650,0,3,3
4981,4,3,7
3373,1,3,4
9008,0,3,3
8313,0,3,3
5405,1,3,4
7615,0,3,3
7501,0,3,3
6385,1,3,4
5257,0,3,3
9167,0,3,3
8835,0,3,3
5944,0,3,3
5165,1,3,4
3825,2,3,5
1202,10,3,13
8101,1,3,4
6538,0,3,3
5252,0,3,3
7325,0,3,3
7270,2,3,5
2681,1,3,4
2657,1,3,4
5320,1,3,4
6133,0,3,3
6183,1,3,4
5372,4,3,7
8556,1,3,4
7866,0,3,3
4006,4,3,7
5878,1,3,4
5732,2,3,5
3836,0,3,3
9644,1,3,4
4319,2,3,5
2426,2,3,5
7014,0,3,3
3232,1,3,4
2509,1,3,4
8655,0,3,3
3455,0,3,3
9153,0,3,3
1529,13,3,16
8873,0,3,3
7537,2,3,5
6162,2,3,5
7685,0,3,3
2164,1,3,4
8357,0,3,3
5244,0,3,3
3079,1,3,4
2169,12,3,15
9165,0,3,3
2049,6,3,9
9573,0,3,3
9412,0,3,3
4643,0,3,3
8397,0,3,3
8148,0,3,3
7228,0,3,3
6484,0,3,3
6191,0,3,3
4310,0,3,3
1144,4,3,7
6593,1,3,4
6437,0,3,3
6322,1,3,4
7733,0,3,3
5404,2,3,5
9658,0,3,3
4259,0,3,3
9130,0,3,3
7227,0,3,3
4513,0,3,3
3354,3,3,6
9519,0,3,3
4284,1,3,4
6571,2,3,5
8149,2,3,5
7160,0,3,3
9696,0,3,3
9978,0,3,3
9398,0,3,3
8899,0,3,3
7881,0,3,3
7084,1,3,4
1470,3,3,6
8897,1,3,4
4886,2,3,5
3106,0,3,3
2559,3,3,6
2811,4,3,7
9126,1,3,4
7004,0,3,3
9463,0,3,3
7436,1,3,4
7247,1,3,4
3781,1,3,4
3728,6,3,9
9703,0,3,3
7185,0,3,3
7202,1,3,4
4013,0,3,3
5208,0,3,3
6855,0,3,3
5494,0,3,3
3585,0,3,3
8874,0,3,3
5420,1,3,4
3868,2,3,5
2416,3,3,6
8034,0,3,3
2295,1,3,4
9502,0,3,3
7805,3,3,6
5125,0,3,3
4421,1,3,4
4387,2,3,5
2036,6,3,9
9883,0,3,3
9611,1,3,4
8786,0,3,3
8733,0,3,3
7639,0,3,3
7609,0,3,3
6714,0,3,3
5837,1,3,4
5819,0,3,3
5738,2,3,5
7476,0,3,3
4857,3,3,6
3906,4,3,7
6826,0,3,3
6980,3,3,6
8980,1,3,4
3306,1,3,4
1644,2,3,5
5117,0,3,3
4381,1,3,4
1260,6,3,9
8270,0,3,3
8172,0,3,3
8151,0,3,3
5876,1,3,4
5839,0,3,3
9150,0,3,3
4477,0,3,3
9050,0,3,3
8221,1,3,4
9765,1,3,4
3359,3,3,6
2316,0,3,3
8523,0,3,3
5361,1,3,4
3669,2,3,5
7847,0,3,3
2998,2,3,5
8175,1,3,4
7366,0,3,3
1663,4,3,7
7690,1,3,4
8039,1,3,4
9440,0,3,3
9244,0,3,3
8424,0,3,3
5308,1,3,4
6748,0,3,3
8891,0,3,3
8585,0,3,3
6145,0,3,3
5861,2,3,5
4359,1,3,4
3679,2,3,5
9500,0,3,3
8894,2,3,5
8414,1,3,4
6551,1,3,4
5530,0,3,3
8657,0,3,3
9877,0,3,3
2836,0,3,3
6680,1,3,4
4404,0,3,3
3544,2,3,5
1626,2,3,5
2891,3,3,6
7910,0,3,3
3127,0,3,3
3163,0,3,3
3891,0,3,3
2452,3,3,6
2039,2,3,5
1327,7,3,10
6929,1,3,4
6706,1,3,4
5004,0,3,3
3818,1,3,4
9524,0,3,3
9211,0,3,3
5484,0,3,3
4352,1,3,4
2395,4,3,7
9767,0,3,3
9250,0,3,3
7055,0,3,3
6522,2,3,5
4770,1,3,4
2865,1,3,4
2302,6,3,9
8032,0,3,3
6057,0,3,3
5932,1,3,4
5743,4,3,7
5147,1,3,4
4584,1,3,4
4574,0,3,3
2606,3,3,6
9630,0,3,3
9228,1,3,4
8846,0,3,3
5779,1,3,4
4811,0,3,3
4809,0,3,3
6426,0,3,3
6415,0,3,3
4706,2,3,5
7256,0,3,3
4073,0,3,3
3807,0,3,3
1659,4,3,7
9570,0,3,3
4893,1,3,4
1852,6,3,9
8463,0,3,3
9302,0,3,3
8343,1,3,4
1747,0,3,3
9023,0,3,3
4505,7,3,10
6316,1,3,4
2276,1,3,4
9526,0,3,3
9217,0,3,3
7253,0,3,3
6798,0,3,3
6188,0,3,3
5516,1,3,4
5222,0,3,3
4813,0,3,3
3015,4,3,7
2969,2,3,5
2587,2,3,5
1586,3,3,6
9865,0,3,3
9802,0,3,3
8234,0,3,3
8185,0,3,3
7371,0,3,3
6321,0,3,3
5973,2,3,5
5847,0,3,3
5551,1,3,4
5417,0,3,3
4367,3,3,6
2971,2,3,5
1834,6,3,9
1693,7,3,10
7777,0,3,3
5067,2,3,5
3290,0,3,3
9577,0,3,3
8831,0,3,3
5264,0,3,3
9478,0,3,3
7124,0,3,3
4322,1,3,4
9755,0,3,3
8848,0,3,3
8326,0,3,3
8248,0,3,3
6814,0,3,3
5857,1,3,4
3773,2,3,5
7669,0,3,3
7489,1,3,4
7190,0,3,3
5202,1,3,4
3592,1,3,4
3185,8,3,11
7254,2,3,5
6926,0,3,3
2771,3,3,6
9848,0,3,3
6778,0,3,3
9823,0,3,3
2841,2,3,5
8206,0,3,3
6231,0,3,3
3892,0,3,3
3129,4,3,7
6284,0,3,3
5735,2,3,5
5425,2,3,5
3260,1,3,4
5568,1,3,4
4022,3,3,6
3400,0,3,3
3364,0,3,3
2925,1,3,4
8478,0,3,3
8087,0,3,3
7932,0,3,3
6828,1,3,4
6116,0,3,3
5267,0,3,3
4199,1,3,4
4912,2,3,5
4405,2,3,5
8663,0,3,3
3139,3,3,6
2761,2,3,5
7419,0,3,3
5799,0,3,3
3360,5,3,8
2195,6,3,9
8140,0,3,3
7992,1,3,4
7983,1,3,4
6807,0,3,3
5970,2,3,5
3859,2,3,5
2732,4,3,7
1213,6,3,9
9721,0,3,3
5760,1,3,4
5024,0,3,3
4493,1,3,4
4202,0,3,3
3963,2,3,5
3796,2,3,5
3268,0,3,3
2532,5,3,8
2377,0,3,3
1906,1,3,4
1393,2,3,5
8259,0,3,3
7442,1,3,4
6681,3,3,6
5156,2,3,5
4899,0,3,3
4889,0,3,3
1736,1,3,4
3904,4,3,7
7595,0,3,3
7303,0,3,3
2940,5,3,8
2783,3,3,6
9754,0,3,3
9194,0,3,3
2298,1,3,4
2079,1,3,4
8037,1,3,4
1799,2,3,5
3871,1,3,4
4999,0,3,3
9724,0,3,3
8937,0,3,3
6106,2,3,5
5042,0,3,3
3826,0,3,3
3012,2,3,5
2338,7,3,10
6758,0,3,3
8796,0,3,3
2926,7,3,10
6418,2,3,5
2857,8,3,11
3974,2,3,5
4478,1,3,4
9106,1,3,4
9028,0,3,3
8616,0,3,3
8473,0,3,3
7494,0,3,3
7488,0,3,3
4416,1,3,4
7274,0,3,3
6514,1,3,4
5557,1,3,4
9733,0,3,3
8658,0,3,3
1161,15,3,18
8404,0,3,3
8035,0,3,3
6656,1,3,4
4784,0,3,3
2324,3,3,6
7974,2,3,5
8999,0,3,3
6177,0,3,3
8561,0,3,3
7585,0,3,3
6552,0,3,3
5064,3,3,6
3487,2,3,5
9910,0,3,3
8930,1,3,4
8373,0,3,3
5461,0,3,3
4557,0,3,3
3895,2,3,5
3053,1,3,4
3119,3,3,6
7086,4,3,7
6444,0,3,3
4224,1,3,4
3302,0,3,3
9059,0,3,3
8469,0,3,3
9625,0,3,3
9396,0,3,3
9385,0,3,3
8379,0,3,3
8131,0,3,3
7435,0,3,3
4650,8,3,11
4642,2,3,5
4390,0,3,3
3922,1,3,4
7815,0,3,3
5490,0,3,3
3970,3,3,6
4864,2,3,5
3595,4,3,7
2747,3,3,6
6445,0,3,3
4616,1,3,4
6648,2,3,5
8854,0,3,3
4223,3,3,6
2639,3,3,6
1960,9,3,12
9464,0,3,3
8390,0,3,3
8320,0,3,3
5433,2,3,5
9040,0,3,3
2080,0,3,3
1892,1,3,4
7723,1,3,4
5322,0,3,3
4377,0,3,3
1490,4,3,7
9343,1,3,4
8065,2,3,5
4709,1,3,4
3112,1,3,4
5011,1,3,4
3430,0,3,3
3309,2,3,5
9581,0,3,3
3774,0,3,3
3131,0,3,3
2917,5,3,8
9650,0,3,3
5921,0,3,3
5573,1,3,4
4704,0,3,3
2874,1,3,4
9458,0,3,3
4054,2,3,5
2524,1,3,4
9530,0,3,3
4097,2,3,5
2921,7,3,10
5791,4,3,7
4592,4,3,7
7068,1,3,4
6606,0,3,3
8490,0,3,3
4253,1,3,4
5381,0,3,3
9688,0,3,3
9433,0,3,3
7567,0,3,3
6190,2,3,5
5173,3,3,6
3470,2,3,5
2624,1,3,4
1633,9,3,12
5282,4,3,7
1920,4,3,7
1740,5,3,8
1733,5,3,8
5913,0,3,3
4282,3,3,6
3207,4,3,7
1814,9,3,12
9039,0,3,3
8720,0,3,3
3449,2,3,5
3441,0,3,3
9781,0,3,3
5838,0,3,3
3855,0,3,3
2759,2,3,5
1386,9,3,12
1300,8,3,11
9889,0,3,3
9027,0,3,3
4535,0,3,3
4236,3,3,6
8117,0,3,3
7916,0,3,3
4917,1,3,4
8238,0,3,3
5658,2,3,5
1753,3,3,6
7070,1,3,4
6987,0,3,3
6783,0,3,3
6265,0,3,3
4668,1,3,4
3072,4,3,7
6835,2,3,5
3732,2,3,5
1316,2,3,5
7293,0,3,3
2931,0,3,3
1167,15,3,18
9849,0,3,3
6997,0,3,3
5974,1,3,4
4174,4,3,7
2497,2,3,5
9187,1,3,4
8235,0,3,3
7649,0,3,3
4559,1,3,4
3798,3,3,6
2533,5,3,8
3205,0,3,3
9569,0,3,3
5289,0,3,3
5116,0,3,3
9001,0,3,3
6768,1,3,4
4789,0,3,3
9402,0,3,3
6638,0,3,3
5456,1,3,4
5014,2,3,5
4839,0,3,3
3869,0,3,3
6899,1,3,4
5925,0,3,3
9945,0,3,3
7945,0,3,3
7773,0,3,3
7443,0,3,3
5790,1,3,4
2042,1,3,4
9466,0,3,3
5912,2,3,5
3857,0,3,3
3485,2,3,5
1667,7,3,10
7461,1,3,4
4588,4,3,7
9984,0,3,3
8730,0,3,3
7749,0,3,3
7497,0,3,3
4385,0,3,3
2645,0,3,3
2224,3,3,6
8803,0,3,3
8575,0,3,3
8356,0,3,3
5579,1,3,4
5562,2,3,5
9666,0,3,3
4928,1,3,4
2007,4,3,7
6199,0,3,3
5688,1,3,4
5470,0,3,3
3578,0,3,3
3141,2,3,5
2886,6,3,9
2560,4,3,7
4308,0,3,3
1138,1,3,4
8552,0,3,3
7966,0,3,3
7036,0,3,3
3758,3,3,6
2550,4,3,7
7310,1,3,4
5851,1,3,4
1835,6,3,9
6306,0,3,3
9936,0,3,3
8406,0,3,3
4355,4,3,7
9161,0,3,3
1896,5,3,8
2472,1,3,4
6925,0,3,3
4529,3,3,6
3600,1,3,4
8612,0,3,3
6303,2,3,5
4524,3,3,6
3917,1,3,4
3881,1,3,4
3767,0,3,3
7374,1,3,4
9719,0,3,3
9080,0,3,3
8929,0,3,3
6400,0,3,3
5661,1,3,4
5360,0,3,3
2318,8,3,11
2756,3,3,6
9443,0,3,3
8919,0,3,3
8666,0,3,3
6646,0,3,3
5705,1,3,4
1321,3,3,6
5061,1,3,4
2443,3,3,6
6079,1,3,4
9496,0,3,3
5364,2,3,5
2873,3,3,6
8695,0,3,3
7082,0,3,3
1511,0,3,3
7375,0,3,3
5281,0,3,3
4301,1,3,4
4131,5,3,8
4124,4,3,7
4092,3,3,6
3666,1,3,4
2348,4,3,7
1836,7,3,10
1026,17,3,20
9029,0,3,3
8075,2,3,5
7405,1,3,4
5867,0,3,3
2884,1,3,4
2855,5,3,8
9876,0,3,3
6043,3,3,6
4295,1,3,4
5323,2,3,5
4718,2,3,5
6070,0,3,3
5547,2,3,5
4120,0,3,3
3194,0,3,3
947,7,3,10
7824,0,3,3
5093,1,3,4
1405,1,3,4
6304,1,3,4
5945,1,3,4
4074,0,3,3
3084,1,3,4
6120,0,3,3
5874,1,3,4
4882,1,3,4
4563,1,3,4
3509,2,3,5
9588,0,3,3
7260,1,3,4
6078,0,3,3
3653,1,3,4
1408,3,3,6
7100,0,3,3
5660,2,3,5
4248,0,3,3
2916,4,3,7
3499,4,3,7
2555,2,3,5
8583,0,3,3
8014,1,3,4
7767,1,3,4
7661,0,3,3
7602,1,3,4
4156,2,3,5
9594,0,3,3
8124,0,3,3
6654,1,3,4
6090,1,3,4
1419,6,3,9
8755,0,3,3
4602,1,3,4
3931,2,3,5
9287,0,3,3
7517,0,3,3
7263,1,3,4
6298,1,3,4
8813,1,3,4
6961,0,3,3
2553,1,3,4
9987,0,3,3
9514,0,3,3
6602,0,3,3
6080,0,3,3
6034,2,3,5
3701,1,3,4
3424,1,3,4
1589,3,3,6
1585,3,3,6
6844,1,3,4
5312,0,3,3
8794,1,3,4
7165,1,3,4
9364,0,3,3
1200,23,3,26
5528,0,3,3
9762,0,3,3
7346,3,3,6
4398,1,3,4
4380,2,3,5
7342,2,3,5
3571,2,3,5
7764,0,3,3
7530,0,3,3
4923,0,3,3
4670,1,3,4
2262,3,3,6
2105,0,3,3
1998,4,3,7
9475,1,3,4
5272,1,3,4
6002,0,3,3
4507,0,3,3
8510,0,3,3
3787,0,3,3
4902,2,3,5
4178,0,3,3
1093,10,3,13
9740,0,3,3
2866,4,3,7
2748,6,3,9
9778,0,3,3
9414,1,3,4
7211,2,3,5
6750,0,3,3
5298,5,3,8
5187,0,3,3
4037,4,3,7
2959,1,3,4
2271,5,3,8
1394,4,3,7
1254,2,3,5
7924,0,3,3
5982,0,3,3
5266,0,3,3
5255,1,3,4
9111,0,3,3
7804,0,3,3
6293,1,3,4
6007,4,3,7
4971,0,3,3
4028,3,3,6
5181,0,3,3
9045,0,3,3
4082,2,3,5
1758,7,3,10
6567,0,3,3
2510,0,3,3
1368,8,3,11
9280,0,3,3
8273,0,3,3
5492,0,3,3
4217,0,3,3
5849,2,3,5
5822,0,3,3
6168,0,3,3
4258,4,3,7
2430,2,3,5
9617,0,3,3
4504,0,3,3
1923,2,3,5
1686,13,3,16
6362,1,3,4
1428,3,3,6
8303,0,3,3
9622,0,3,3
7273,0,3,3
5406,0,3,3
5161,1,3,4
3460,1,3,4
2706,0,3,3
9813,0,3,3
4441,0,3,3
4306,0,3,3
8939,0,3,3
8680,1,3,4
7643,0,3,3
4339,0,3,3
4184,0,3,3
1190,1,3,4
6337,1,3,4
6174,0,3,3
2283,2,3,5
6944,1,3,4
2680,0,3,3
8668,0,3,3
7318,0,3,3
6152,1,3,4
4087,0,3,3
1705,3,3,6
1235,9,3,12
4679,2,3,5
3609,1,3,4
8812,1,3,4
8171,0,3,3
2687,1,3,4
2424,1,3,4
8325,0,3,3
7604,0,3,3
4669,1,3,4
1295,0,3,3
8868,0,3,3
7704,0,3,3
7167,1,3,4
6883,0,3,3
6301,3,3,6
6208,0,3,3
5563,1,3,4
4300,1,3,4
4077,1,3,4
2839,2,3,5
2265,3,3,6
9731,0,3,3
5965,0,3,3
4682,0,3,3
3989,0,3,3
3315,3,3,6
2632,2,3,5
9996,0,3,3
9587,0,3,3
9457,0,3,3
5665,0,3,3
3642,4,3,7
9332,0,3,3
8761,0,3,3
7677,0,3,3
1825,4,3,7
1447,1,3,4
1095,9,3,12
4396,0,3,3
8928,0,3,3
8509,0,3,3
5500,1,3,4
5188,1,3,4
4720,1,3,4
3100,6,3,9
2270,7,3,10
8125,0,3,3
4172,3,3,6
4169,2,3,5
3943,2,3,5
1438,2,3,5
7779,0,3,3
8545,0,3,3
6111,0,3,3
4392,1,3,4
3372,1,3,4
2725,1,3,4
7889,1,3,4
7232,0,3,3
7112,0,3,3
5536,0,3,3
3964,0,3,3
3524,5,3,8
3421,0,3,3
2710,5,3,8
2209,0,3,3
1278,1,3,4
7544,0,3,3
7240,0,3,3
5682,2,3,5
3143,5,3,8
2603,3,3,6
2505,1,3,4
2272,2,3,5
1021,3,3,6
8872,1,3,4
8042,0,3,3
3973,3,3,6
995,2,3,5
9372,1,3,4
4953,5,3,8
8229,0,3,3
5750,0,3,3
3577,2,3,5
2029,1,3,4
1292,6,3,9
7312,2,3,5
6197,0,3,3
3259,2,3,5
9258,0,3,3
4801,1,3,4
4170,1,3,4
8608,1,3,4
4366,0,3,3
2299,1,3,4
9680,0,3,3
9143,0,3,3
4932,0,3,3
4157,0,3,3
1603,6,3,9
7991,0,3,3
7448,1,3,4
5254,1,3,4
3047,0,3,3
7923,0,3,3
7486,0,3,3
3745,2,3,5
7130,0,3,3
6066,2,3,5
3511,2,3,5
3005,2,3,5
2516,6,3,9
9484,0,3,3
5447,2,3,5
2120,3,3,6
1797,6,3,9
8976,0,3,3
7752,0,3,3
9654,0,3,3
8607,0,3,3
4895,2,3,5
3151,0,3,3
2070,5,3,8
1673,10,3,13
7769,1,3,4
3102,3,3,6
2546,6,3,9
2342,0,3,3
2234,2,3,5
1498,5,3,8
1035,1,3,4
8598,0,3,3
8474,0,3,3
5754,0,3,3
4208,2,3,5
2152,8,3,11
9812,0,3,3
9245,0,3,3
8797,0,3,3
8481,1,3,4
8336,0,3,3
6972,0,3,3
5401,0,3,3
3554,1,3,4
2205,4,3,7
2741,4,3,7
9966,0,3,3
2534,1,3,4
9355,0,3,3
6913,0,3,3
7861,0,3,3
7166,0,3,3
6074,2,3,5
9487,0,3,3
9232,1,3,4
5999,0,3,3
4690,0,3,3
3816,0,3,3
3503,0,3,3
4974,1,3,4
4965,2,3,5
2269,5,3,8
9160,0,3,3
8881,0,3,3
5759,2,3,5
1751,4,3,7
8533,0,3,3
7836,0,3,3
7782,0,3,3
6658,2,3,5
5246,3,3,6
4742,2,3,5
4106,1,3,4
1961,2,3,5
1728,4,3,7
9400,0,3,3
3646,0,3,3
2015,3,3,6
4439,4,3,7
3374,2,3,5
1591,0,3,3
9872,0,3,3
7304,0,3,3
6918,0,3,3
6006,0,3,3
4821,0,3,3
4011,4,3,7
1794,5,3,8
5062,2,3,5
9946,0,3,3
4927,2,3,5
3727,2,3,5
1628,9,3,12
7675,0,3,3
1362,2,3,5
8790,0,3,3
8398,0,3,3
8267,1,3,4
7521,0,3,3
7147,2,3,5
7064,2,3,5
6060,0,3,3
5481,2,3,5
9273,1,3,4
4003,3,3,6
1601,1,3,4
9254,0,3,3
8836,0,3,3
6624,1,3,4
6391,1,3,4
5486,0,3,3
4222,4,3,7
1399,1,3,4
9041,1,3,4
6880,1,3,4
5996,0,3,3
9860,0,3,3
7886,0,3,3
4072,1,3,4
3932,3,3,6
2692,0,3,3
2368,2,3,5
6565,0,3,3
5599,0,3,3
7031,0,3,3
5824,2,3,5
3325,4,3,7
7440,2,3,5
7116,0,3,3
3541,0,3,3
1748,6,3,9
1322,7,3,10
8870,0,3,3
7885,1,3,4
7350,0,3,3
6897,0,3,3
3920,2,3,5
3586,2,3,5
8518,1,3,4
8116,0,3,3
6481,2,3,5
1340,2,3,5
888,12,3,15
6491,2,3,5
7834,0,3,3
2297,5,3,8
2275,6,3,9
7781,0,3,3
3396,0,3,3
1937,10,3,13
8638,0,3,3
7508,1,3,4
3198,2,3,5
2216,2,3,5
1306,3,3,6
7373,1,3,4
6876,2,3,5
2970,1,3,4
2485,0,3,3
8966,0,3,3
7785,0,3,3
5887,5,3,8
1385,8,3,11
7426,0,3,3
6717,0,3,3
3730,2,3,5
3279,3,3,6
9773,0,3,3
4537,0,3,3
3017,4,3,7
1343,2,3,5
4724,1,3,4
3440,6,3,9
2928,7,3,10
8358,0,3,3
5182,3,3,6
3431,2,3,5
8526,0,3,3
7765,3,3,6
6781,0,3,3
4840,1,3,4
3837,4,3,7
7172,0,3,3
6047,1,3,4
3573,5,3,8
2881,2,3,5
6346,1,3,4
3893,1,3,4
1215,4,3,7
9077,1,3,4
7708,0,3,3
7020,0,3,3
4196,2,3,5
6740,1,3,4
5786,0,3,3
4297,3,3,6
3039,2,3,5
2260,0,3,3
9797,0,3,3
9576,0,3,3
9554,0,3,3
8443,1,3,4
8388,1,3,4
5369,3,3,6
2598,0,3,3
9166,0,3,3
8815,0,3,3
7920,0,3,3
7703,0,3,3
6999,0,3,3
6164,0,3,3
5139,1,3,4
4393,4,3,7
3061,5,3,8
1430,7,3,10
4328,3,3,6
2487,1,3,4
9564,0,3,3
7870,1,3,4
6862,0,3,3
5205,1,3,4
4406,2,3,5
2869,4,3,7
7104,0,3,3
6684,0,3,3
2520,4,3,7
5122,1,3,4
8860,0,3,3
7942,0,3,3
7512,1,3,4
2923,5,3,8
1331,6,3,9
9760,0,3,3
5924,0,3,3
2254,2,3,5
7647,0,3,3
7545,0,3,3
6042,2,3,5
1642,5,3,8
4108,3,3,6
3749,2,3,5
3532,0,3,3
3435,2,3,5
3317,3,3,6
2206,3,3,6
1184,8,3,11
8673,0,3,3
7549,0,3,3
4915,1,3,4
4482,0,3,3
1972,0,3,3
7115,0,3,3
6033,2,3,5
5487,1,3,4
2945,4,3,7
2108,6,3,9
9334,0,3,3
8403,0,3,3
7499,0,3,3
7431,0,3,3
6469,0,3,3
1536,13,3,16
2849,3,3,6
1141,4,3,7
8665,0,3,3
7471,1,3,4
7389,0,3,3
8649,0,3,3
7854,0,3,3
3794,1,3,4
8630,0,3,3
7819,0,3,3
7698,0,3,3
7571,0,3,3
7450,0,3,3
6355,0,3,3
5485,0,3,3
4276,0,3,3
3865,2,3,5
3643,3,3,6
2936,0,3,3
2249,2,3,5
1723,7,3,10
9991,0,3,3
7417,0,3,3
6302,0,3,3
4888,0,3,3
3330,0,3,3
7550,1,3,4
6776,0,3,3
6618,1,3,4
6329,0,3,3
5473,0,3,3
9013,0,3,3
8743,1,3,4
8468,0,3,3
7317,0,3,3
4591,5,3,8
9531,0,3,3
6260,0,3,3
6126,2,3,5
1297,4,3,7
9329,0,3,3
8282,1,3,4
2852,1,3,4
2403,1,3,4
1049,2,3,5
9568,0,3,3
8542,0,3,3
6196,1,3,4
2764,2,3,5
2204,4,3,7
5988,0,3,3
5678,0,3,3
2895,2,3,5
9673,0,3,3
7701,0,3,3
7672,0,3,3
5706,3,3,6
5058,0,3,3
8564,0,3,3
7163,1,3,4
6751,0,3,3
6605,3,3,6
6244,0,3,3
8421,0,3,3
5452,0,3,3
5079,0,3,3
7994,0,3,3
9208,0,3,3
9986,0,3,3
9133,1,3,4
8082,0,3,3
6841,0,3,3
4101,1,3,4
2441,4,3,7
1965,1,3,4
9223,0,3,3
7466,0,3,3
1859,5,3,8
5439,1,3,4
5432,1,3,4
3197,2,3,5
9623,0,3,3
7883,0,3,3
6887,1,3,4
5612,3,3,6
5523,0,3,3
4842,1,3,4
4231,3,3,6
3648,1,3,4
3261,2,3,5
2814,3,3,6
7155,0,3,3
7134,1,3,4
5597,2,3,5
5558,0,3,3
1197,10,3,13
8713,0,3,3
5164,1,3,4
3004,3,3,6
8353,0,3,3
4951,0,3,3
4502,2,3,5
2303,4,3,7
6386,1,3,4
4913,1,3,4
3999,3,3,6
1037,3,3,6
9373,0,3,3
3565,2,3,5
2089,5,3,8
6311,0,3,3
8940,0,3,3
4415,0,3,3
3434,1,3,4
3273,5,3,8
8828,0,3,3
8435,0,3,3
6858,0,3,3
6832,0,3,3
5097,4,3,7
4573,3,3,6
3057,4,3,7
1680,3,3,6
1665,5,3,8
1664,5,3,8
8749,0,3,3
5569,1,3,4
5193,1,3,4
3993,1,3,4
3146,1,3,4
2002,8,3,11
5736,2,3,5
3823,0,3,3
3820,4,3,7
3753,3,3,6
3708,2,3,5
3548,3,3,6
3032,3,3,6
2642,1,3,4
2585,2,3,5
2491,0,3,3
2173,1,3,4
2154,1,3,4
1186,5,3,8
7214,0,3,3
9744,0,3,3
9071,0,3,3
5695,0,3,3
5607,0,3,3
5283,2,3,5
2517,3,3,6
1909,6,3,9
7896,0,3,3
4267,0,3,3
8675,0,3,3
9959,0,3,3
8963,1,3,4
6508,0,3,3
4848,1,3,4
4498,1,3,4
4361,0,3,3
3191,3,3,6
2612,0,3,3
7990,0,3,3
7706,1,3,4
7355,0,3,3
6816,0,3,3
6281,1,3,4
3718,2,3,5
723,9,3,12
6746,2,3,5
5502,1,3,4
7884,0,3,3
6212,0,3,3
7826,0,3,3
7729,1,3,4
6262,0,3,3
6138,0,3,3
5768,1,3,4
2343,1,3,4
1875,1,3,4
2696,3,3,6
2287,2,3,5
9750,0,3,3
7756,0,3,3
7700,0,3,3
3505,2,3,5
2504,2,3,5
9785,0,3,3
8578,0,3,3
6299,0,3,3
6200,1,3,4
3521,2,3,5
9386,0,3,3
6352,2,3,5
4863,2,3,5
3933,0,3,3
2273,0,3,3
1246,9,3,12
6478,0,3,3
7784,0,3,3
9864,0,3,3
8889,0,3,3
8856,0,3,3
4210,1,3,4
3492,0,3,3
3377,2,3,5
1955,0,3,3
928,10,3,13
9405,0,3,3
7353,1,3,4
6545,1,3,4
6096,0,3,3
5991,0,3,3
5967,0,3,3
4943,1,3,4
2102,0,3,3
9913,0,3,3
9321,0,3,3
6744,0,3,3
5178,1,3,4
4836,2,3,5
2717,2,3,5
9667,1,3,4
9138,0,3,3
7246,0,3,3
2995,3,3,6
1795,0,3,3
1672,0,3,3
1607,0,3,3
1209,10,3,13
8220,0,3,3
7076,1,3,4
4552,3,3,6
3949,3,3,6
1424,7,3,10
9720,0,3,3
8690,0,3,3
2806,3,3,6
4695,1,3,4
1296,6,3,9
5441,0,3,3
3952,2,3,5
3884,5,3,8
8901,0,3,3
8233,1,3,4
8005,0,3,3
6687,0,3,3
4331,3,3,6
2758,1,3,4
2740,3,3,6
8852,0,3,3
6757,0,3,3
6633,0,3,3
5985,0,3,3
5501,1,3,4
4833,2,3,5
4561,0,3,3
2887,1,3,4
2749,0,3,3
1101,5,3,8
9416,0,3,3
4582,0,3,3
4030,1,3,4
2813,0,3,3
2192,8,3,11
1886,10,3,13
9319,0,3,3
8596,0,3,3
7332,1,3,4
6252,5,3,8
2332,0,3,3
9113,1,3,4
7543,0,3,3
6110,1,3,4
5316,0,3,3
5068,6,3,9
4940,1,3,4
3613,0,3,3
3071,0,3,3
9884,0,3,3
8355,0,3,3
7393,0,3,3
7315,1,3,4
6998,0,3,3
6915,0,3,3
6718,0,3,3
6026,0,3,3
5033,2,3,5
4176,5,3,8
3821,2,3,5
3019,3,3,6
1627,3,3,6
9135,0,3,3
8153,0,3,3
2385,5,3,8
9253,0,3,3
8781,1,3,4
8700,0,3,3
6587,0,3,3
6287,1,3,4
5734,0,3,3
5218,2,3,5
2236,2,3,5
2020,5,3,8
1970,11,3,14
1699,4,3,7
442,20,3,23
9957,0,3,3
7572,0,3,3
6668,1,3,4
5389,3,3,6
4708,0,3,3
3910,1,3,4
2554,3,3,6
2341,3,3,6
8776,0,3,3
8250,0,3,3
8225,1,3,4
7877,0,3,3
7327,0,3,3
5737,1,3,4
824,4,3,7
9408,0,3,3
6420,1,3,4
5896,2,3,5
5224,2,3,5
4012,0,3,3
2762,2,3,5
1248,7,3,10
9648,0,3,3
8723,0,3,3
7118,1,3,4
1273,6,3,9
9761,0,3,3
8503,0,3,3
7562,1,3,4
4060,2,3,5
3214,3,3,6
2241,3,3,6
3947,3,3,6
3588,4,3,7
6727,1,3,4
6583,0,3,3
6471,0,3,3
4213,1,3,4
2308,6,3,9
1566,2,3,5
9390,0,3,3
5352,1,3,4
9235,0,3,3
3972,0,3,3
2978,0,3,3
2974,1,3,4
9422,0,3,3
9285,0,3,3
9129,0,3,3
7376,0,3,3
6095,0,3,3
5700,1,3,4
5392,5,3,8
4997,1,3,4
3833,2,3,5
2828,0,3,3
1945,2,3,5
9637,0,3,3
6731,0,3,3
6916,4,3,7
8335,0,3,3
7893,1,3,4
6467,0,3,3
6328,2,3,5
5729,2,3,5
4353,0,3,3
4337,2,3,5
2682,2,3,5
2679,2,3,5
1612,3,3,6
1003,0,3,3
5342,5,3,8
4973,0,3,3
4779,3,3,6
6580,1,3,4
1314,1,3,4
8091,0,3,3
2804,2,3,5
2672,0,3,3
1418,4,3,7
5758,2,3,5
4615,4,3,7
7699,2,3,5
6575,0,3,3
5032,0,3,3
5868,0,3,3
4750,1,3,4
1898,5,3,8
1786,1,3,4
1697,0,3,3
9994,0,3,3
9209,0,3,3
7763,0,3,3
1159,5,3,8
6327,0,3,3
6062,0,3,3
5204,1,3,4
4768,1,3,4
3737,0,3,3
2614,3,3,6
2411,6,3,9
7631,0,3,3
9641,0,3,3
6412,0,3,3
2724,1,3,4
8973,1,3,4
8444,0,3,3
7981,0,3,3
7268,2,3,5
6220,1,3,4
4459,0,3,3
3338,1,3,4
8952,1,3,4
7846,0,3,3
692,9,3,12
9734,0,3,3
8457,0,3,3
7581,1,3,4
6831,0,3,3
6598,0,3,3
6403,1,3,4
5463,1,3,4
5373,1,3,4
5118,0,3,3
4699,1,3,4
4190,2,3,5
3980,2,3,5
3733,0,3,3
3243,3,3,6
2277,7,3,10
1865,1,3,4
1377,1,3,4
1293,13,3,16
727,36,3,39
9618,0,3,3
8121,0,3,3
7210,1,3,4
5604,0,3,3
5571,2,3,5
5285,1,3,4
4519,2,3,5
4141,1,3,4
3939,0,3,3
1696,5,3,8
9934,0,3,3
9225,0,3,3
9162,0,3,3
8729,0,3,3
8494,0,3,3
5550,1,3,4
2139,2,3,5
3651,6,3,9
2700,3,3,6
8305,1,3,4
5324,3,3,6
5075,0,3,3
2128,5,3,8
8862,0,3,3
5387,2,3,5
5132,2,3,5
4798,0,3,3
3526,2,3,5
1170,7,3,10
9780,0,3,3
9004,0,3,3
8902,2,3,5
8289,1,3,4
6003,0,3,3
5797,0,3,3
4990,1,3,4
3863,0,3,3
3790,2,3,5
3491,0,3,3
3378,5,3,8
2032,8,3,11
1639,7,3,10
1489,5,3,8
7683,0,3,3
7255,1,3,4
7109,1,3,4
6670,1,3,4
6171,2,3,5
4719,3,3,6
9308,0,3,3
8417,0,3,3
6276,2,3,5
5938,0,3,3
5356,2,3,5
4897,1,3,4
3979,1,3,4
3246,2,3,5
3196,2,3,5
2381,16,3,19
2313,4,3,7
2018,3,3,6
1893,2,3,5
839,23,3,26
8624,0,3,3
7555,1,3,4
6489,0,3,3
4963,2,3,5
4342,2,3,5
3113,2,3,5
2994,2,3,5
2526,2,3,5
7590,1,3,4
7384,1,3,4
6123,1,3,4
4594,1,3,4
3104,2,3,5
2175,0,3,3
1988,5,3,8
1465,9,3,12
701,9,3,12
9852,0,3,3
8439,2,3,5
5179,3,3,6
4470,1,3,4
1450,13,3,16
9891,0,3,3
9833,0,3,3
6170,1,3,4
3344,0,3,3
6830,0,3,3
6374,1,3,4
6071,1,3,4
3384,4,3,7
2877,6,3,9
1974,5,3,8
1853,4,3,7
4822,3,3,6
4489,0,3,3
3159,2,3,5
2702,2,3,5
1527,7,3,10
4950,2,3,5
4338,1,3,4
3095,0,3,3
2835,3,3,6
1860,3,3,6
8948,0,3,3
3638,7,3,10
1956,0,3,3
1302,12,3,15
6089,3,3,6
5416,0,3,3
8853,0,3,3
6928,0,3,3
6536,0,3,3
2594,1,3,4
466,8,3,11
9318,0,3,3
6333,0,3,3
5862,0,3,3
5436,3,3,6
5074,0,3,3
2153,4,3,7
1737,7,3,10
1048,6,3,9
7295,0,3,3
6272,0,3,3
5775,0,3,3
5185,0,3,3
2512,3,3,6
1866,3,3,6
1463,0,3,3
9556,0,3,3
8962,0,3,3
7021,0,3,3
3483,1,3,4
2540,2,3,5
1324,3,3,6
9584,0,3,3
5610,0,3,3
5293,0,3,3
4910,1,3,4
1307,7,3,10
8268,0,3,3
6842,1,3,4
1649,6,3,9
7188,0,3,3
6411,0,3,3
5926,0,3,3
2021,0,3,3
9917,0,3,3
9777,0,3,3
8877,0,3,3
3297,3,3,6
3097,11,3,14
8366,0,3,3
8280,0,3,3
7079,0,3,3
6561,1,3,4
6449,1,3,4
6255,2,3,5
5130,2,3,5
3779,5,3,8
3269,4,3,7
3235,3,3,6
2903,6,3,9
2713,2,3,5
1722,2,3,5
1553,3,3,6
1473,6,3,9
841,9,3,12
9366,1,3,4
8615,0,3,3
6643,2,3,5
5696,1,3,4
4732,3,3,6
2305,6,3,9
1957,15,3,18
5214,2,3,5
4316,5,3,8
4291,0,3,3
3531,0,3,3
1768,0,3,3
1010,8,3,11
8885,0,3,3
2498,5,3,8
6413,3,3,6
9351,0,3,3
8491,0,3,3
8283,1,3,4
7927,1,3,4
6952,0,3,3
6877,1,3,4
3854,1,3,4
3655,3,3,6
749,9,3,12
9657,0,3,3
9590,0,3,3
8352,0,3,3
7666,0,3,3
6685,0,3,3
6313,2,3,5
4436,1,3,4
3274,0,3,3
2750,0,3,3
787,4,3,7
8224,0,3,3
7730,0,3,3
6416,1,3,4
5409,0,3,3
4558,1,3,4
8559,0,3,3
6939,0,3,3
5724,1,3,4
5223,1,3,4
4114,2,3,5
7688,0,3,3
7668,0,3,3
7627,1,3,4
7271,0,3,3
4743,1,3,4
3801,1,3,4
3545,0,3,3
3387,3,3,6
3183,0,3,3
2765,0,3,3
3144,5,3,8
1417,3,3,6
1179,10,3,13
9276,0,3,3
8333,0,3,3
5358,0,3,3
9449,0,3,3
9182,0,3,3
8085,0,3,3
7533,2,3,5
7340,0,3,3
7248,2,3,5
7151,0,3,3
7042,0,3,3
5972,1,3,4
4351,2,3,5
1883,3,3,6
1812,7,3,10
1432,2,3,5
7636,0,3,3
4939,1,3,4
4452,2,3,5
4228,3,3,6
4023,1,3,4
1022,9,3,12
9772,0,3,3
3177,1,3,4
2738,2,3,5
2476,1,3,4
1272,2,3,5
688,6,3,9
8539,0,3,3
6382,0,3,3
4139,4,3,7
3660,2,3,5
9119,1,3,4
7757,0,3,3
6967,0,3,3
6221,0,3,3
5753,0,3,3
5133,0,3,3
4445,0,3,3
3206,1,3,4
2815,4,3,7
2231,0,3,3
1744,3,3,6
8978,0,3,3
7748,0,3,3
6806,0,3,3
6160,0,3,3
4188,2,3,5
8019,0,3,3
6556,1,3,4
3700,1,3,4
1181,13,3,16
5883,4,3,7
1111,3,3,6
6247,1,3,4
3013,7,3,10
2093,10,3,13
1564,1,3,4
9468,0,3,3
9177,0,3,3
9058,0,3,3
7414,1,3,4
6903,2,3,5
4677,1,3,4
3829,1,3,4
3560,3,3,6
3447,3,3,6
1966,1,3,4
1139,9,3,12
518,31,3,34
9620,0,3,3
7156,0,3,3
6153,0,3,3
5159,0,3,3
4808,0,3,3
2457,7,3,10
1540,1,3,4
8046,0,3,3
7356,2,3,5
6371,3,3,6
5866,1,3,4
5681,3,3,6
5532,1,3,4
5249,0,3,3
4365,0,3,3
3912,2,3,5
2629,0,3,3
1718,1,3,4
1634,3,3,6
9061,0,3,3
7243,1,3,4
6729,0,3,3
5590,1,3,4
3508,2,3,5
2494,1,3,4
1846,1,3,4
8205,3,3,6
5300,0,3,3
2159,5,3,8
1648,3,3,6
9370,0,3,3
9019,0,3,3
6712,0,3,3
4723,4,3,7
3277,0,3,3
8371,0,3,3
7261,0,3,3
5725,0,3,3
5080,0,3,3
3256,7,3,10
2207,2,3,5
1515,6,3,9
8762,0,3,3
7077,0,3,3
6859,1,3,4
6283,2,3,5
6067,0,3,3
3404,3,3,6
2048,1,3,4
1587,8,3,11
4727,1,3,4
3582,1,3,4
2356,2,3,5
1660,6,3,9
9980,0,3,3
8701,0,3,3
7284,0,3,3
6399,1,3,4
4631,0,3,3
2331,6,3,9
3152,4,3,7
3031,3,3,6
2636,0,3,3
1350,3,3,6
8389,0,3,3
5780,1,3,4
5524,1,3,4
4924,2,3,5
4214,2,3,5
4116,1,3,4
3735,1,3,4
2063,2,3,5
607,10,3,13
9836,0,3,3
9090,1,3,4
7380,0,3,3
4094,2,3,5
3761,3,3,6
662,3,3,6
7565,1,3,4
5239,0,3,3
3478,0,3,3
3452,3,3,6
2229,3,3,6
7950,1,3,4
7237,1,3,4
5467,0,3,3
4249,2,3,5
3479,0,3,3
2905,2,3,5
2245,3,3,6
588,4,3,7
9676,0,3,3
753,1,3,4
5477,0,3,3
9410,0,3,3
6512,2,3,5
4203,0,3,3
4152,1,3,4
2399,2,3,5
876,4,3,7
3099,1,3,4
2350,9,3,12
9974,0,3,3
9170,0,3,3
8837,0,3,3
8236,0,3,3
6871,2,3,5
6665,1,3,4
6334,0,3,3
5499,1,3,4
5318,0,3,3
4627,4,3,7
4356,0,3,3
3937,3,3,6
3870,1,3,4
3250,0,3,3
2734,4,3,7
1895,5,3,8
1787,5,3,8
9220,0,3,3
8609,0,3,3
6024,0,3,3
3784,0,3,3
8991,0,3,3
7843,0,3,3
6663,0,3,3
5286,2,3,5
4911,0,3,3
2776,3,3,6
2676,0,3,3
1369,7,3,10
792,2,3,5
9032,0,3,3
8498,0,3,3
7984,1,3,4
7579,2,3,5
7474,2,3,5
7362,0,3,3
7153,1,3,4
6954,1,3,4
6864,0,3,3
6818,1,3,4
6323,1,3,4
4604,1,3,4
4544,0,3,3
3678,3,3,6
3406,2,3,5
2885,1,3,4
2619,0,3,3
2558,2,3,5
2124,13,3,16
2019,6,3,9
1872,1,3,4
1371,8,3,11
8772,0,3,3
7936,1,3,4
6673,0,3,3
5776,1,3,4
5459,0,3,3
5100,0,3,3
4929,2,3,5
4903,0,3,3
3186,1,3,4
2983,6,3,9
2569,0,3,3
2408,2,3,5
1133,3,3,6
9488,0,3,3
5155,0,3,3
3504,0,3,3
2944,2,3,5
9088,1,3,4
8247,1,3,4
9701,0,3,3
9508,0,3,3
9120,0,3,3
8798,0,3,3
8483,1,3,4
8452,0,3,3
8113,0,3,3
7929,0,3,3
7600,1,3,4
7347,4,3,7
7322,0,3,3
5905,1,3,4
5845,0,3,3
5710,0,3,3
4580,1,3,4
4113,2,3,5
3804,4,3,7
3594,2,3,5
3589,1,3,4
3336,3,3,6
3322,0,3,3
3086,3,3,6
1819,3,3,6
1676,4,3,7
1619,1,3,4
1616,1,3,4
1000,3,3,6
867,9,3,12
9547,0,3,3
8821,1,3,4
7026,0,3,3
5834,0,3,3
4881,0,3,3
4469,1,3,4
3842,0,3,3
3623,3,3,6
8769,0,3,3
8517,0,3,3
6725,4,3,7
6245,2,3,5
5232,2,3,5
4788,2,3,5
4578,2,3,5
4225,0,3,3
3990,4,3,7
3549,1,3,4
2584,2,3,5
8470,0,3,3
6761,0,3,3
6597,1,3,4
3797,3,3,6
2461,0,3,3
1252,3,3,6
7289,0,3,3
7075,0,3,3
5772,2,3,5
5453,2,3,5
5073,1,3,4
4442,1,3,4
3574,2,3,5
952,4,3,7
8591,0,3,3
8006,0,3,3
7624,0,3,3
7396,0,3,3
5726,1,3,4
4079,3,3,6
3645,0,3,3
3156,4,3,7
3077,4,3,7
2731,1,3,4
2601,3,3,6
1707,3,3,6
6713,0,3,3
4468,0,3,3
8926,0,3,3
6563,4,3,7
5894,1,3,4
5211,0,3,3
4700,1,3,4
3265,4,3,7
983,11,3,14
9653,0,3,3
6368,3,3,6
6345,1,3,4
5341,0,3,3
5280,0,3,3
3195,2,3,5
2091,1,3,4
8922,0,3,3
7736,1,3,4
2246,5,3,8
9944,0,3,3
9638,0,3,3
8886,1,3,4
7279,2,3,5
5347,0,3,3
955,14,3,17
7484,2,3,5
4252,6,3,9
3557,2,3,5
2544,1,3,4
1646,4,3,7
1592,2,3,5
9497,0,3,3
5686,0,3,3
1446,2,3,5
486,10,3,13
9551,0,3,3
7827,0,3,3
7072,0,3,3
4894,0,3,3
2697,1,3,4
8601,0,3,3
5469,0,3,3
5065,0,3,3
3736,2,3,5
3647,4,3,7
2751,4,3,7
6295,0,3,3
4763,0,3,3
4734,0,3,3
3423,1,3,4
3301,4,3,7
1888,4,3,7
9677,0,3,3
7552,0,3,3
7528,1,3,4
6678,0,3,3
6193,0,3,3
3412,2,3,5
2922,6,3,9
2146,9,3,12
2014,3,3,6
9037,0,3,3
8883,0,3,3
8811,0,3,3
8044,0,3,3
7997,0,3,3
7938,0,3,3
7032,0,3,3
5657,1,3,4
5335,2,3,5
2948,6,3,9
1441,3,3,6
9049,0,3,3
4993,1,3,4
4872,1,3,4
1291,3,3,6
9033,1,3,4
4041,2,3,5
2854,8,3,11
8178,0,3,3
6506,2,3,5
4307,1,3,4
3155,4,3,7
8120,1,3,4
7806,0,3,3
5291,1,3,4
2462,4,3,7
9888,0,3,3
9108,1,3,4
8154,0,3,3
6140,1,3,4
5112,1,3,4
4824,1,3,4
4589,2,3,5
4363,0,3,3
3887,1,3,4
3872,1,3,4
3281,0,3,3
3258,0,3,3
3133,7,3,10
2711,3,3,6
2421,2,3,5
2388,0,3,3
1752,1,3,4
1172,5,3,8
9112,0,3,3
8589,0,3,3
6251,0,3,3
5644,1,3,4
5261,2,3,5
4714,0,3,3
4034,0,3,3
2306,0,3,3
7607,1,3,4
6794,0,3,3
5871,0,3,3
4920,4,3,7
4140,4,3,7
3953,0,3,3
2490,0,3,3
1512,0,3,3
780,7,3,10
4446,2,3,5
9139,0,3,3
8782,0,3,3
7306,0,3,3
5923,3,3,6
2739,1,3,4
2628,4,3,7
1798,8,3,11
7645,0,3,3
7102,0,3,3
2850,0,3,3
2833,1,3,4
2309,4,3,7
8911,0,3,3
8516,1,3,4
8327,0,3,3
7606,0,3,3
7025,1,3,4
5026,2,3,5
4755,2,3,5
4245,0,3,3
2296,1,3,4
2109,2,3,5
1282,4,3,7
996,3,3,6
9806,0,3,3
8138,0,3,3
6273,1,3,4
4360,2,3,5
2745,9,3,12
1480,9,3,12
7813,1,3,4
7789,0,3,3
6622,1,3,4
6532,2,3,5
4413,1,3,4
4410,0,3,3
3410,1,3,4
3092,0,3,3
3080,1,3,4
2113,2,3,5
2107,2,3,5
1880,1,3,4
1702,1,3,4
1116,8,3,11
7415,1,3,4
6288,3,3,6
4834,0,3,3
4166,1,3,4
1323,2,3,5
8830,0,3,3
7838,0,3,3
6450,0,3,3
5066,3,3,6
4794,1,3,4
4726,1,3,4
3713,0,3,3
3323,1,3,4
3111,5,3,8
2907,4,3,7
2684,2,3,5
1147,5,3,8
451,0,3,3
7493,0,3,3
8728,0,3,3
7066,0,3,3
4047,3,3,6
4031,2,3,5
3627,1,3,4
3158,1,3,4
2760,6,3,9
2367,3,3,6
9296,0,3,3
8451,0,3,3
6803,0,3,3
5355,2,3,5
4944,2,3,5
4506,2,3,5
3201,1,3,4
2630,1,3,4
1645,7,3,10
994,3,3,6
832,0,3,3
8384,0,3,3
7808,0,3,3
7551,1,3,4
6531,0,3,3
4313,2,3,5
3907,3,3,6
3496,1,3,4
1785,7,3,10
7357,3,3,6
4610,1,3,4
4288,0,3,3
3853,4,3,7
2718,1,3,4
2609,2,3,5
1544,4,3,7
6342,0,3,3
5427,0,3,3
4733,3,3,6
4149,1,3,4
4055,2,3,5
1808,1,3,4
1390,1,3,4
1266,1,3,4
9730,0,3,3
8834,1,3,4
8614,0,3,3
7875,2,3,5
7825,1,3,4
5388,1,3,4
4515,0,3,3
3925,1,3,4
2568,1,3,4
2142,1,3,4
1890,2,3,5
1712,5,3,8
9592,0,3,3
8740,1,3,4
8420,0,3,3
6845,1,3,4
4771,3,3,6
4739,1,3,4
1632,10,3,13
7758,2,3,5
7428,1,3,4
7203,1,3,4
6956,1,3,4
5332,0,3,3
4040,3,3,6
3346,4,3,7
2317,2,3,5
3466,1,3,4
9929,0,3,3
9828,0,3,3
9774,0,3,3
8600,0,3,3
7693,0,3,3
7220,0,3,3
6511,0,3,3
6072,1,3,4
5731,0,3,3
5171,5,3,8
4878,0,3,3
4160,2,3,5
4027,3,3,6
3468,0,3,3
2542,0,3,3
2334,4,3,7
2074,2,3,5
1962,4,3,7
1226,8,3,11
4119,2,3,5
2103,8,3,11
1811,4,3,7
1500,2,3,5
9430,0,3,3
6518,1,3,4
4233,4,3,7
3630,3,3,6
2445,0,3,3
9606,0,3,3
9263,0,3,3
8020,0,3,3
6217,1,3,4
5576,0,3,3
8932,0,3,3
8565,0,3,3
7286,1,3,4
7017,0,3,3
5036,1,3,4
2563,1,3,4
2188,4,3,7
2151,0,3,3
8083,0,3,3
3157,2,3,5
7958,2,3,5
5344,0,3,3
4590,0,3,3
3650,1,3,4
1773,3,3,6
1742,4,3,7
974,7,3,10
4937,0,3,3
4453,0,3,3
4134,0,3,3
4014,2,3,5
2949,2,3,5
2436,10,3,13
1907,2,3,5
8511,0,3,3
8064,0,3,3
6176,4,3,7
4471,2,3,5
3189,1,3,4
2997,3,3,6
2829,2,3,5
1776,4,3,7
814,6,3,9
390,9,3,12
8895,0,3,3
1979,1,3,4
9776,0,3,3
9199,0,3,3
7869,0,3,3
6843,1,3,4
3673,0,3,3
2664,5,3,8
7275,0,3,3
4942,2,3,5
3193,0,3,3
2927,3,3,6
972,3,3,6
9678,0,3,3
8641,0,3,3
8199,0,3,3
8159,1,3,4
8128,1,3,4
7918,1,3,4
7905,0,3,3
7454,0,3,3
7422,0,3,3
7184,3,3,6
7142,0,3,3
6914,0,3,3
6882,0,3,3
6297,0,3,3
6049,0,3,3
5666,0,3,3
5545,0,3,3
5476,2,3,5
5242,0,3,3
4633,1,3,4
4479,1,3,4
4076,7,3,10
4044,3,3,6
3938,0,3,3
3542,4,3,7
2347,3,3,6
2218,0,3,3
1257,2,3,5
543,10,3,13
6675,1,3,4
6621,0,3,3
6235,3,3,6
4372,3,3,6
4009,2,3,5
3610,0,3,3
1476,1,3,4
4773,4,3,7
4143,2,3,5
3867,0,3,3
6661,0,3,3
4713,0,3,3
7379,2,3,5
5702,1,3,4
7922,1,3,4
7671,0,3,3
4411,0,3,3
3169,0,3,3
1598,6,3,9
9779,0,3,3
9626,0,3,3
7771,0,3,3
6716,0,3,3
4745,1,3,4
3329,3,3,6
3150,3,3,6
2099,5,3,8
9811,0,3,3
9421,1,3,4
9189,0,3,3
9184,0,3,3
8294,0,3,3
7148,1,3,4
6849,0,3,3
6035,1,3,4
5522,0,3,3
5095,1,3,4
3664,1,3,4
3020,4,3,7
2466,8,3,11
9961,0,3,3
9647,0,3,3
9480,1,3,4
9437,0,3,3
8857,0,3,3
8293,0,3,3
8089,0,3,3
7676,1,3,4
7107,0,3,3
6971,0,3,3
6885,0,3,3
6711,0,3,3
6330,0,3,3
6315,1,3,4
6291,2,3,5
6267,0,3,3
5757,0,3,3
5465,1,3,4
5206,6,3,9
4938,2,3,5
4757,0,3,3
4229,3,3,6
4136,1,3,4
3831,3,3,6
3619,1,3,4
3463,2,3,5
3388,2,3,5
3176,1,3,4
2900,1,3,4
2691,3,3,6
2278,5,3,8
2047,7,3,10
1719,2,3,5
1666,3,3,6
1467,4,3,7
1404,2,3,5
1117,3,3,6
937,5,3,8
560,12,3,15
7931,1,3,4
4569,0,3,3
3382,4,3,7
2092,5,3,8
473,10,3,13
9476,0,3,3
8989,1,3,4
7658,0,3,3
7251,0,3,3
6697,0,3,3
6549,1,3,4
6258,3,3,6
4601,1,3,4
3313,0,3,3
1994,1,3,4
1554,8,3,11
951,3,3,6
8746,0,3,3
8554,0,3,3
8265,0,3,3
6594,0,3,3
5830,1,3,4
4998,0,3,3
4952,3,3,6
3976,1,3,4
3469,0,3,3
1658,3,3,6
1484,1,3,4
580,0,3,3
5166,2,3,5
4162,6,3,9
3978,2,3,5
3437,3,3,6
3140,3,3,6
1482,6,3,9
1311,3,3,6
1127,0,3,3
548,12,3,15
472,7,3,10
9827,0,3,3
8107,0,3,3
7794,0,3,3
7183,1,3,4
6892,1,3,4
4692,2,3,5
3958,2,3,5
2975,3,3,6
2523,2,3,5
2414,1,3,4
2321,2,3,5
2263,8,3,11
1269,3,3,6
1249,4,3,7
9682,0,3,3
7451,0,3,3
4736,0,3,3
9540,0,3,3
9320,0,3,3
7324,1,3,4
7045,0,3,3
6045,1,3,4
4663,0,3,3
2456,3,3,6
1519,9,3,12
1263,3,3,6
1063,9,3,12
767,1,3,4
9596,0,3,3
8735,0,3,3
6131,0,3,3
5174,1,3,4
5053,0,3,3
4330,0,3,3
2009,1,3,4
8096,0,3,3
8985,0,3,3
7504,1,3,4
6578,0,3,3
6529,0,3,3
6373,0,3,3
4810,0,3,3
3575,1,3,4
2892,1,3,4
2409,1,3,4
1051,7,3,10
697,10,3,13
9937,0,3,3
9861,0,3,3
8360,1,3,4
7939,0,3,3
7049,0,3,3
6784,1,3,4
6657,0,3,3
5383,1,3,4
4333,3,3,6
3188,5,3,8
3109,0,3,3
3041,4,3,7
2420,2,3,5
9521,0,3,3
7558,1,3,4
6239,0,3,3
5177,0,3,3
4852,1,3,4
4475,2,3,5
7133,1,3,4
6730,0,3,3
5060,2,3,5
3899,2,3,5
2812,1,3,4
1593,6,3,9
1502,4,3,7
620,23,3,26
9105,2,3,5
8692,1,3,4
8489,0,3,3
7641,1,3,4
7535,0,3,3
7406,0,3,3
7063,0,3,3
6495,0,3,3
5936,0,3,3
5900,3,3,6
5471,0,3,3
5160,0,3,3
5131,4,3,7
5047,1,3,4
4975,3,3,6
4783,2,3,5
4577,1,3,4
4555,5,3,8
4270,3,3,6
4137,3,3,6
4056,1,3,4
3126,0,3,3
3003,2,3,5
2883,1,3,4
2757,0,3,3
2663,3,3,6
2279,0,3,3
2233,5,3,8
2181,2,3,5
2116,8,3,11
2052,1,3,4
2035,6,3,9
1717,3,3,6
1684,5,3,8
1683,5,3,8
1421,3,3,6
980,9,3,12
9179,0,3,3
7446,1,3,4
2867,2,3,5
8633,0,3,3
7868,0,3,3
7209,1,3,4
6135,0,3,3
4369,0,3,3
4335,2,3,5
4159,3,3,6
3552,2,3,5
2562,3,3,6
2030,3,3,6
966,8,3,11
844,8,3,11
733,12,3,15
623,4,3,7
9074,0,3,3
7788,1,3,4
5443,1,3,4
4804,0,3,3
3984,4,3,7
3135,1,3,4
2714,7,3,10
2467,4,3,7
2017,1,3,4
1919,0,3,3
1631,3,3,6
831,4,3,7
9766,0,3,3
9602,0,3,3
9460,0,3,3
9283,0,3,3
8907,0,3,3
7560,0,3,3
7455,0,3,3
6977,0,3,3
6894,2,3,5
6488,2,3,5
6460,0,3,3
6410,0,3,3
5804,0,3,3
5096,0,3,3
4565,3,3,6
4251,1,3,4
3961,5,3,8
3553,3,3,6
3363,2,3,5
3248,2,3,5
3179,5,3,8
3065,2,3,5
2737,12,3,15
2511,3,3,6
2046,3,3,6
1916,8,3,11
1912,3,3,6
1778,2,3,5
1617,1,3,4
1395,9,3,12
1192,1,3,4
425,18,3,21
9805,0,3,3
9376,1,3,4
6935,0,3,3
4767,0,3,3
4501,3,3,6
3936,3,3,6
3759,0,3,3
2675,4,3,7
2242,0,3,3
1444,2,3,5
1277,3,3,6
9768,0,3,3
9307,0,3,3
8163,1,3,4
7541,1,3,4
6637,4,3,7
4183,2,3,5
2372,2,3,5
1779,3,3,6
8879,0,3,3
6182,1,3,4
3443,1,3,4
3192,3,3,6
1791,3,3,6
931,10,3,13
541,13,3,16
9483,0,3,3
9274,0,3,3
8717,0,3,3
8261,1,3,4
8028,0,3,3
7657,0,3,3
7532,1,3,4
5709,0,3,3
5229,4,3,7
4930,0,3,3
4138,2,3,5
3916,3,3,6
3748,3,3,6
3408,12,3,15
3009,1,3,4
2798,2,3,5
2715,9,3,12
2354,6,3,9
2163,3,3,6
2060,0,3,3
2024,3,3,6
1378,11,3,14
837,5,3,8
4656,5,3,8
2984,3,3,6
2635,3,3,6
9574,0,3,3
9229,0,3,3
9214,0,3,3
9015,0,3,3
6041,2,3,5
5827,0,3,3
4854,2,3,5
4522,0,3,3
1099,2,3,5
9157,0,3,3
8816,0,3,3
8025,0,3,3
7935,0,3,3
6455,1,3,4
5716,1,3,4
4341,2,3,5
2721,2,3,5
2222,0,3,3
1561,8,3,11
8351,1,3,4
6144,0,3,3
5803,1,3,4
5368,0,3,3
5319,1,3,4
4851,3,3,6
4279,1,3,4
4175,1,3,4
3849,0,3,3
2932,0,3,3
2405,5,3,8
1357,5,3,8
1074,2,3,5
636,4,3,7
9051,0,3,3
8245,0,3,3
5362,1,3,4
4994,1,3,4
4435,3,3,6
3927,2,3,5
2149,5,3,8
1689,5,3,8
9600,0,3,3
9342,1,3,4
9092,0,3,3
8110,0,3,3
7654,0,3,3
7024,1,3,4
6619,1,3,4
6173,1,3,4
4900,0,3,3
3514,2,3,5
2398,2,3,5
1822,9,3,12
1247,11,3,14
789,5,3,8
785,21,3,24
9983,0,3,3
9164,0,3,3
8307,0,3,3
8241,0,3,3
7126,1,3,4
6988,0,3,3
6922,1,3,4
6851,0,3,3
6640,1,3,4
6611,2,3,5
6480,0,3,3
6187,1,3,4
5941,2,3,5
5727,0,3,3
5616,1,3,4
5023,0,3,3
4497,3,3,6
3856,0,3,3
3303,2,3,5
3247,1,3,4
3231,3,3,6
2950,5,3,8
2933,1,3,4
2851,3,3,6
2693,3,3,6
2647,3,3,6
2557,2,3,5
2447,2,3,5
2373,1,3,4
2225,1,3,4
2156,2,3,5
1570,5,3,8
1494,2,3,5
312,2,3,5
8943,0,3,3
6318,0,3,3
6119,1,3,4
5566,4,3,7
5488,2,3,5
4427,2,3,5
3988,3,3,6
3769,1,3,4
7437,1,3,4
5200,0,3,3
3042,5,3,8
1176,18,3,21
846,8,3,11
493,7,3,10
8304,0,3,3
7714,3,3,6
7382,0,3,3
6627,1,3,4
5403,2,3,5
3608,3,3,6
2955,3,3,6
2896,2,3,5
8732,1,3,4
2846,5,3,8
896,2,3,5
419,5,3,8
8586,0,3,3
8400,0,3,3
7351,2,3,5
6307,1,3,4
5903,1,3,4
4621,2,3,5
1537,7,3,10
803,1,3,4
9127,0,3,3
9026,0,3,3
8434,0,3,3
8254,0,3,3
5531,0,3,3
3543,2,3,5
2763,5,3,8
2415,9,3,12
2043,12,3,15
1820,1,3,4
687,6,3,9
9557,1,3,4
9093,0,3,3
8656,1,3,4
8054,0,3,3
7695,1,3,4
5217,0,3,3
4033,1,3,4
3956,5,3,8
3489,2,3,5
3332,2,3,5
3089,0,3,3
2954,4,3,7
2259,6,3,9
1947,3,3,6
1374,14,3,17
8262,1,3,4
7145,0,3,3
5189,3,3,6
922,8,3,11
9862,0,3,3
9375,0,3,3
9248,0,3,3
8839,0,3,3
8323,0,3,3
4450,2,3,5
4395,1,3,4
3318,0,3,3
3056,1,3,4
2985,3,3,6
2774,1,3,4
2729,10,3,13
2182,4,3,7
2086,1,3,4
1571,2,3,5
577,13,3,16
507,4,3,7
9954,0,3,3
9708,0,3,3
9528,1,3,4
8683,0,3,3
8431,0,3,3
8392,1,3,4
8339,0,3,3
8106,0,3,3
7844,1,3,4
7735,0,3,3
7007,1,3,4
6889,2,3,5
6528,0,3,3
6028,3,3,6
6025,1,3,4
5990,0,3,3
5891,1,3,4
5081,1,3,4
4613,0,3,3
4148,0,3,3
4135,0,3,3
4007,2,3,5
3516,1,3,4
3343,3,3,6
3300,1,3,4
3221,1,3,4
2938,4,3,7
2824,0,3,3
2744,1,3,4
2690,0,3,3
2547,9,3,12
1963,1,3,4
1789,0,3,3
1411,5,3,8
1330,9,3,12
894,4,3,7
842,5,3,8
546,7,3,10
429,12,3,15
281,19,3,22
8606,0,3,3
7496,1,3,4
7136,0,3,3
7052,0,3,3
6946,2,3,5
5669,0,3,3
2379,3,3,6
2365,1,3,4
9172,0,3,3
7747,0,3,3
7510,0,3,3
7170,0,3,3
6906,0,3,3
6719,2,3,5
5575,0,3,3
3222,2,3,5
3063,1,3,4
2963,3,3,6
8050,0,3,3
2705,1,3,4
2665,1,3,4
2135,11,3,14
2127,6,3,9
1845,1,3,4
6932,1,3,4
1828,9,3,12
1823,4,3,7
1452,8,3,11
6539,1,3,4
1402,11,3,14
1287,1,3,4
902,4,3,7
848,15,3,18
5935,0,3,3
781,1,3,4
737,17,3,20
646,22,3,25
5733,0,3,3
431,4,3,7
5518,0,3,3
318,11,3,14
149,5,3,8
5236,1,3,4
9875,0,3,3
2198,2,3,5
9269,0,3,3
4182,1,3,4
9241,0,3,3
4154,1,3,4
9151,0,3,3
8892,0,3,3
8603,0,3,3
7724,0,3,3
2637,0,3,3
6048,0,3,3
961,1,3,4
5739,1,3,4
652,11,3,14
4168,1,3,4
9255,0,3,3
3997,1,3,4
2722,3,3,6
1762,5,3,8
1690,7,3,10
1668,8,3,11
6755,0,3,3
778,1,3,4
5865,1,3,4
534,9,3,12
5621,0,3,3
342,11,3,14
5429,1,3,4
110,19,3,22
5197,2,3,5
2333,4,3,7
7420,0,3,3
9404,0,3,3
8840,0,3,3
8504,0,3,3
3417,1,3,4
1228,9,3,12
8299,0,3,3
3212,4,3,7
7370,1,3,4
7308,0,3,3
2221,4,3,7
7173,0,3,3
6419,1,3,4
1332,7,3,10
6044,0,3,3
957,2,3,5
5998,0,3,3
911,13,3,16
5788,2,3,5
5778,1,3,4
691,12,3,15
5114,1,3,4
27,55,3,58
4593,0,3,3
4312,0,3,3
4053,2,3,5
863,13,3,16
3220,2,3,5
2213,3,3,6
2034,2,3,5
7121,0,3,3
2031,1,3,4
2001,1,3,4
7088,1,3,4
1884,2,3,5
1840,2,3,5
6927,0,3,3
1805,3,3,6
1654,4,3,7
6741,1,3,4
1583,4,3,7
1464,6,3,9
1274,5,3,8
1258,10,3,13
1034,3,3,6
1002,0,3,3
920,7,3,10
797,10,3,13
761,12,3,15
5848,0,3,3
745,1,3,4
591,9,3,12
427,9,3,12
377,23,3,26
5464,0,3,3
301,12,3,15
298,21,3,24
5385,3,3,6
69,36,3,39
9916,0,3,3
4829,1,3,4
9115,0,3,3
8058,1,3,4
7904,1,3,4
2817,0,3,3
7774,1,3,4
6763,0,3,3
6692,0,3,3
1605,7,3,10
6509,0,3,3
1422,1,3,4
5890,1,3,4
5640,1,3,4
553,8,3,11
5140,2,3,5
53,43,3,46
4586,0,3,3
4246,2,3,5
9333,0,3,3
4187,3,3,6
3986,1,3,4
9073,0,3,3
3882,1,3,4
3776,2,3,5
3688,1,3,4
8775,0,3,3
1271,7,3,10
3628,2,3,5
3598,1,3,4
8685,0,3,3
3236,7,3,10
2987,1,3,4
2935,3,3,6
5110,1,3,4
23,68,3,71
2753,5,3,8
2489,0,3,3
2117,0,3,3
2068,3,3,6
1980,3,3,6
7067,0,3,3
6652,0,3,3
1565,0,3,3
1938,1,3,4
1924,0,3,3
1854,3,3,6
6941,0,3,3
1688,5,3,8
6775,0,3,3
3685,0,3,3
1328,7,3,10
1256,6,3,9
6343,1,3,4
1189,2,3,5
5888,0,3,3
801,1,3,4
1174,5,3,8
6261,3,3,6
1126,1,3,4
1023,3,3,6
973,4,3,7
959,7,3,10
6046,0,3,3
916,9,3,12
836,1,3,4
794,5,3,8
5881,3,3,6
456,5,3,8
5543,2,3,5
343,19,3,22
5430,5,3,8
339,12,3,15
5426,2,3,5
7368,0,3,3
2281,5,3,8
297,19,3,22
5384,0,3,3
2478,9,3,12
121,39,3,42
9002,0,3,3
7858,0,3,3
6930,1,3,4
1843,4,3,7
6707,1,3,4
1620,7,3,10
5493,1,3,4
406,3,3,6
4193,6,3,9
2910,6,3,9
2882,1,3,4
7969,0,3,3
1039,13,3,16
880,13,3,16
3105,4,3,7
748,8,3,11
5835,1,3,4
621,2,3,5
5708,1,3,4
597,8,3,11
5684,0,3,3
403,4,3,7
9955,0,3,3
9927,0,3,3
295,7,3,10
5382,0,3,3
9723,0,3,3
4636,0,3,3
9639,0,3,3
9565,0,3,3
9309,0,3,3
9152,0,3,3
4065,2,3,5
8661,0,3,3
8613,1,3,4
7614,0,3,3
2527,6,3,9
7061,2,3,5
7035,0,3,3
1948,1,3,4
6852,0,3,3
1765,6,3,9
6650,0,3,3
1563,8,3,11
6534,0,3,3
6436,0,3,3
1349,13,3,16
6282,2,3,5
1195,9,3,12
6207,2,3,5
1120,13,3,16
6030,1,3,4
943,9,3,12
1142,3,3,6
6229,0,3,3
5856,1,3,4
769,2,3,5
5457,0,3,3
370,19,3,22
5395,0,3,3
308,22,3,25
4526,7,3,10
9613,0,3,3
4378,1,3,4
9465,0,3,3
4370,0,3,3
4032,4,3,7
3930,1,3,4
5929,0,3,3
3572,2,3,5
8659,0,3,3
3527,1,3,4
3124,9,3,12
379,7,3,10
5466,0,3,3
2736,2,3,5
7823,0,3,3
2357,4,3,7
7444,0,3,3
2084,5,3,8
7171,1,3,4
6779,1,3,4
1692,4,3,7
2065,3,3,6
1800,5,3,8
1741,4,3,7
1653,15,3,18
1613,4,3,7
6700,2,3,5
1523,2,3,5
1376,9,3,12
6463,2,3,5
1344,4,3,7
3683,1,3,4
8770,1,3,4
1326,2,3,5
1160,9,3,12
1123,11,3,14
6210,2,3,5
1088,13,3,16
981,9,3,12
6068,0,3,3
895,12,3,15
827,11,3,14
5914,1,3,4
800,5,3,8
773,15,3,18
5860,0,3,3
768,10,3,13
5855,4,3,7
742,12,3,15
5829,0,3,3
685,6,3,9
648,2,3,5
474,6,3,9
5561,1,3,4
444,3,3,6
315,15,3,18
5402,1,3,4
256,8,3,11
5343,1,3,4
235,26,3,29
207,1,3,4
86,18,3,21
74,26,3,29
49,12,3,15
2071,4,3,7
7158,0,3,3
9142,0,3,3
9068,1,3,4
8751,0,3,3
8677,1,3,4
3590,0,3,3
8114,0,3,3
3027,0,3,3
7982,0,3,3
7917,0,3,3
7557,0,3,3
7119,0,3,3
4628,1,3,4
4125,0,3,3
3886,1,3,4
3789,1,3,4
3397,4,3,7
8484,0,3,3
2199,4,3,7
2141,3,3,6
2112,2,3,5
7199,0,3,3
1891,1,3,4
6978,1,3,4
6406,0,3,3
1319,3,3,6
1638,7,3,10
1412,2,3,5
6499,1,3,4
1312,4,3,7
1251,4,3,7
6338,0,3,3
5659,1,3,4
572,13,3,16
945,3,3,6
941,9,3,12
835,4,3,7
5922,5,3,8
793,3,3,6
699,13,3,16
592,17,3,20
5679,2,3,5
457,20,3,23
2800,1,3,4
7887,0,3,3
443,8,3,11
258,12,3,15
5345,0,3,3
9559,1,3,4
131,25,3,28
2435,4,3,7
78,45,3,48
9379,0,3,3
4292,1,3,4
8361,0,3,3
6651,1,3,4
2168,2,3,5
4525,0,3,3
9612,0,3,3
4336,2,3,5
4129,0,3,3
9216,0,3,3
4070,0,3,3
1325,8,3,11
3682,3,3,6
3654,0,3,3
8741,0,3,3
3535,1,3,4
3484,1,3,4
3383,0,3,3
3018,2,3,5
2876,8,3,11
7963,1,3,4
2319,3,3,6
4491,2,3,5
9578,0,3,3
6848,0,3,3
1761,9,3,12
2134,4,3,7
7221,0,3,3
1774,8,3,11
6861,0,3,3
6422,1,3,4
1335,4,3,7
1708,7,3,10
6795,1,3,4
1622,7,3,10
1559,2,3,5
1401,4,3,7
1375,3,3,6
6462,0,3,3
1148,3,3,6
1121,13,3,16
890,13,3,16
5977,0,3,3
798,2,3,5
642,3,3,6
615,11,3,14
583,15,3,18
5670,0,3,3
574,5,3,8
307,12,3,15
5394,1,3,4
4843,5,3,8
129,25,3,28
5216,2,3,5
119,7,3,10
98,15,3,18
9988,0,3,3
4901,2,3,5
2967,2,3,5
7681,0,3,3
5821,1,3,4
734,7,3,10
526,12,3,15
5613,2,3,5
5240,2,3,5
153,26,3,29
9668,0,3,3
4581,2,3,5
240,8,3,11
5327,1,3,4
4954,0,3,3
4374,2,3,5
6223,1,3,4
1136,0,3,3
3866,1,3,4
3819,0,3,3
8906,3,3,6
8173,0,3,3
3459,6,3,9
8546,0,3,3
2237,1,3,4
2094,4,3,7
1944,3,3,6
1309,11,3,14
929,6,3,9
6016,2,3,5
899,6,3,9
5986,2,3,5
3208,5,3,8
851,16,3,19
598,2,3,5
5685,0,3,3
517,0,3,3
5126,1,3,4
39,13,3,16
412,8,3,11
215,14,3,17
7272,0,3,3
2185,3,3,6
201,71,3,74
5288,1,3,4
87,38,3,41
41,41,3,44
9907,0,3,3
4820,0,3,3
4551,2,3,5
6908,1,3,4
6425,0,3,3
1338,4,3,7
6360,1,3,4
6278,3,3,6
1191,3,3,6
4635,4,3,7
4299,2,3,5
3304,5,3,8
5537,0,3,3
450,2,3,5
823,15,3,18
5910,1,3,4
3180,1,3,4
5517,0,3,3
430,8,3,11
3160,2,3,5
1223,6,3,9
5769,0,3,3
682,6,3,9
1055,2,3,5
261,16,3,19
77,37,3,40
9679,0,3,3
6902,0,3,3
1815,8,3,11
9259,0,3,3
9069,1,3,4
8215,0,3,3
3128,1,3,4
268,31,3,34
7339,3,3,6
2252,0,3,3
6724,0,3,3
1637,8,3,11
6505,0,3,3
4283,0,3,3
1870,4,3,7
4227,1,3,4
9314,0,3,3
1488,8,3,11
3845,2,3,5
1313,2,3,5
327,10,3,13
302,33,3,36
150,12,3,15
5237,1,3,4
8832,1,3,4
7993,1,3,4
2906,1,3,4
7673,0,3,3
2586,3,3,6
7651,1,3,4
2564,4,3,7
7388,1,3,4
2301,1,3,4
7244,0,3,3
2157,2,3,5
6377,1,3,4
1290,4,3,7
6238,1,3,4
1151,2,3,5
5800,0,3,3
713,1,3,4
5765,1,3,4
678,10,3,13
5386,0,3,3
299,9,3,12
368,22,3,25
5082,3,3,6
7316,0,3,3
4959,2,3,5
4707,1,3,4
9794,0,3,3
4662,0,3,3
9749,0,3,3
4456,1,3,4
9543,0,3,3
4454,0,3,3
9541,0,3,3
3715,1,3,4
3558,0,3,3
8645,0,3,3
1124,11,3,14
6211,0,3,3
3481,1,3,4
8568,0,3,3
3436,4,3,7
3415,1,3,4
8502,1,3,4
3327,3,3,6
3217,0,3,3
3173,1,3,4
3165,5,3,8
2701,0,3,3
2561,5,3,8
127,15,3,18
9555,0,3,3
2484,4,3,7
7187,1,3,4
2100,2,3,5
2473,0,3,3
2210,7,3,10
7297,0,3,3
4408,4,3,7
9495,0,3,3
2051,3,3,6
7138,2,3,5
1838,1,3,4
1818,2,3,5
6905,0,3,3
1704,7,3,10
1685,4,3,7
1533,11,3,14
1128,8,3,11
965,10,3,13
6052,0,3,3
870,15,3,18
790,3,3,6
5877,2,3,5
711,6,3,9
704,33,3,36
658,13,3,16
617,5,3,8
5704,1,3,4
566,27,3,30
5653,1,3,4
490,9,3,12
2773,2,3,5
416,8,3,11
5503,2,3,5
385,25,3,28
5472,0,3,3
167,12,3,15
9845,0,3,3
8924,0,3,3
8536,0,3,3
8442,0,3,3
3355,2,3,5
7956,0,3,3
7862,1,3,4
2775,3,3,6
3142,2,3,5
7856,1,3,4
2769,2,3,5
705,21,3,24
7776,1,3,4
7425,0,3,3
7046,0,3,3
1959,2,3,5
2143,1,3,4
7230,1,3,4
6857,0,3,3
1770,2,3,5
3522,1,3,4
5879,0,3,3
5787,0,3,3
700,8,3,11
5764,2,3,5
677,9,3,12
3037,4,3,7
622,9,3,12
5336,1,3,4
249,18,3,21
4671,2,3,5
4666,3,3,6
4661,3,3,6
9748,0,3,3
4597,0,3,3
4483,0,3,3
4399,0,3,3
9486,0,3,3
9006,0,3,3
3919,2,3,5
4018,4,3,7
3743,0,3,3
3710,3,3,6
1059,6,3,9
8130,0,3,3
3416,0,3,3
3399,0,3,3
1033,8,3,11
3390,2,3,5
7976,0,3,3
2889,3,3,6
3262,0,3,3
8349,0,3,3
2312,4,3,7
7399,1,3,4
2056,2,3,5
7143,0,3,3
2025,0,3,3
1989,2,3,5
4204,4,3,7
9291,0,3,3
1847,5,3,8
6934,0,3,3
1510,4,3,7
6136,0,3,3
1193,11,3,14
6280,0,3,3
1188,9,3,12
1145,7,3,10
1130,12,3,15
3257,3,3,6
900,13,3,16
754,2,3,5
752,13,3,16
2992,0,3,3
8079,0,3,3
635,5,3,8
5722,1,3,4
575,15,3,18
478,15,3,18
5565,0,3,3
435,34,3,37
355,6,3,9
5442,1,3,4
160,19,3,22
5247,2,3,5
1229,15,3,18
8300,0,3,3
3213,3,3,6
7940,1,3,4
2853,2,3,5
4278,3,3,6
9365,0,3,3
6635,0,3,3
1548,3,3,6
6158,1,3,4
1071,1,3,4
1250,0,3,3
5964,0,3,3
877,7,3,10
5578,1,3,4
491,7,3,10
4057,2,3,5
9144,0,3,3
3637,2,3,5
8724,0,3,3
964,4,3,7
6051,1,3,4
3321,0,3,3
5646,1,3,4
559,6,3,9
932,4,3,7
3289,4,3,7
3081,6,3,9
8168,0,3,3
162,34,3,37
2519,1,3,4
2327,5,3,8
1824,4,3,7
1558,6,3,9
1521,4,3,7
6608,0,3,3
1445,0,3,3
1016,11,3,14
903,6,3,9
802,11,3,14
5889,1,3,4
634,6,3,9
535,11,3,14
5622,0,3,3
183,56,3,59
5270,0,3,3
9809,0,3,3
4722,5,3,8
9747,0,3,3
4660,0,3,3
4617,0,3,3
9704,0,3,3
9331,0,3,3
4244,2,3,5
8789,0,3,3
3702,0,3,3
8686,0,3,3
3599,0,3,3
8670,0,3,3
3583,1,3,4
7721,0,3,3
2634,5,3,8
7490,0,3,3
7404,1,3,4
6800,0,3,3
1713,6,3,9
6492,2,3,5
5949,0,3,3
862,5,3,8
5137,0,3,3
50,29,3,32
275,13,3,16
4989,1,3,4
176,19,3,22
4890,2,3,5
4553,1,3,4
4400,0,3,3
4384,1,3,4
9471,0,3,3
1877,3,3,6
4234,1,3,4
1641,5,3,8
3998,3,3,6
3764,2,3,5
8851,0,3,3
3569,2,3,5
3534,0,3,3
3393,7,3,10
3078,5,3,8
2698,6,3,9
9394,0,3,3
2323,1,3,4
4112,1,3,4
1755,4,3,7
3800,0,3,3
8887,1,3,4
1443,12,3,15
1440,7,3,10
6527,0,3,3
1367,4,3,7
1286,2,3,5
1205,6,3,9
6292,1,3,4
8086,0,3,3
1015,3,3,6
6102,0,3,3
975,5,3,8
3326,4,3,7
969,6,3,9
908,10,3,13
5995,0,3,3
783,11,3,14
5870,0,3,3
7734,0,3,3
663,4,3,7
7667,0,3,3
2580,4,3,7
596,10,3,13
5683,2,3,5
550,25,3,28
5637,2,3,5
401,2,3,5
329,18,3,21
311,1,3,4
5398,0,3,3
234,16,3,19
4885,3,3,6
9972,0,3,3
171,16,3,19
5258,1,3,4
117,27,3,30
4802,7,3,10
88,28,3,31
5175,2,3,5
70,66,3,69
9413,0,3,3
4326,2,3,5
8519,0,3,3
3432,1,3,4
8441,0,3,3
8278,1,3,4
6824,0,3,3
1894,2,3,5
6981,0,3,3
1771,7,3,10
6485,0,3,3
1398,5,3,8
6228,4,3,7
6184,1,3,4
1097,7,3,10
5997,0,3,3
910,0,3,3
5963,0,3,3
5906,0,3,3
819,7,3,10
270,15,3,18
5357,1,3,4
4984,0,3,3
4966,0,3,3
2541,2,3,5
184,26,3,29
5271,3,3,6
4898,0,3,3
9985,0,3,3
4891,2,3,5
4620,3,3,6
9707,0,3,3
2228,7,3,10
4585,2,3,5
4564,7,3,10
4547,0,3,3
9634,0,3,3
4414,4,3,7
1726,4,3,7
6813,0,3,3
4083,0,3,3
1602,0,3,3
3959,0,3,3
3684,1,3,4
8771,1,3,4
3639,1,3,4
8726,1,3,4
3096,1,3,4
8183,0,3,3
85,12,3,15
5172,1,3,4
2442,2,3,5
7529,0,3,3
2251,5,3,8
2096,3,3,6
1922,4,3,7
7009,1,3,4
1651,1,3,4
6738,0,3,3
1547,8,3,11
6634,1,3,4
1468,6,3,9
6555,1,3,4
1413,13,3,16
6500,0,3,3
1361,4,3,7
6448,0,3,3
1109,7,3,10
5618,1,3,4
531,17,3,20
904,6,3,9
7835,0,3,3
764,3,3,6
654,5,3,8
5741,5,3,8
628,0,3,3
5715,1,3,4
5191,0,3,3
104,39,3,42
477,8,3,11
5564,0,3,3
391,2,3,5
7445,2,3,5
2358,5,3,8
374,27,3,30
2605,1,3,4
248,42,3,45
243,35,3,38
200,8,3,11
9563,0,3,3
4476,2,3,5
9030,0,3,3
4257,1,3,4
8971,0,3,3
8660,0,3,3
8334,1,3,4
8298,0,3,3
3211,0,3,3
2915,3,3,6
8002,0,3,3
7629,0,3,3
7573,1,3,4
2486,2,3,5
7536,0,3,3
2449,0,3,3
7492,1,3,4
408,14,3,17
5495,1,3,4
7479,0,3,3
2392,2,3,5
9830,0,3,3
7473,0,3,3
2386,1,3,4
9298,0,3,3
2227,2,3,5
4550,2,3,5
2193,1,3,4
7280,0,3,3
6907,0,3,3
2136,0,3,3
7223,0,3,3
6850,0,3,3
1763,2,3,5
6790,1,3,4
1703,5,3,8
6617,0,3,3
1530,10,3,13
8903,0,3,3
6546,0,3,3
1459,17,3,20
6523,1,3,4
1436,1,3,4
6254,0,3,3
6194,2,3,5
1107,15,3,18
6141,0,3,3
1054,3,3,6
6012,3,3,6
925,4,3,7
707,1,3,4
5794,0,3,3
5421,0,3,3
334,45,3,48
4983,3,3,6
4499,2,3,5
4426,1,3,4
1958,4,3,7
4315,0,3,3
4099,1,3,4
9186,0,3,3
3858,2,3,5
3839,4,3,7
1471,15,3,18
3828,1,3,4
8915,0,3,3
3667,1,3,4
8754,0,3,3
3254,5,3,8
3052,2,3,5
8139,0,3,3
5228,3,3,6
141,9,3,12
2871,2,3,5
5176,0,3,3
89,29,3,32
2819,3,3,6
434,12,3,15
5521,0,3,3
2791,3,3,6
2787,1,3,4
223,3,3,6
5310,2,3,5
2293,4,3,7
2095,4,3,7
7182,0,3,3
2082,0,3,3
7169,0,3,3
6773,0,3,3
2059,7,3,10
7146,1,3,4
4407,0,3,3
9494,0,3,3
2050,2,3,5
7137,0,3,3
9075,1,3,4
2004,3,3,6
7091,1,3,4
1932,4,3,7
7019,0,3,3
1904,1,3,4
1534,2,3,5
1507,0,3,3
1373,14,3,17
1279,9,3,12
3622,3,3,6
1265,3,3,6
1224,5,3,8
1217,10,3,13
3523,0,3,3
8610,0,3,3
1166,10,3,13
6253,0,3,3
1110,8,3,11
5805,2,3,5
718,10,3,13
3448,2,3,5
1091,4,3,7
6178,0,3,3
1041,2,3,5
6128,1,3,4
944,11,3,14
6031,3,3,6
626,1,3,4
625,8,3,11
5712,0,3,3
2858,2,3,5
501,9,3,12
5588,0,3,3
497,4,3,7
9892,0,3,3
2821,0,3,3
464,11,3,14
2779,2,3,5
422,4,3,7
7480,0,3,3
2393,3,3,6
5123,3,3,6
36,83,3,86
409,20,3,23
5496,0,3,3
383,9,3,12
5089,3,3,6
2,324,1,325
375,14,3,17
5462,3,3,6
304,11,3,14
5391,0,3,3
2590,0,3,3
4947,0,3,3
9661,0,3,3
233,22,3,25
218,16,3,19
5305,0,3,3
195,8,3,11
182,26,3,29
5269,1,3,4
152,14,3,17
138,10,3,13
5225,3,3,6
83,33,3,36
5170,2,3,5
4796,2,3,5
82,35,3,38
5169,2,3,5
4781,0,3,3
67,17,3,20
5154,1,3,4
2410,2,3,5
29,29,3,32
24,160,3,163
5111,2,3,5
484,8,3,11
9912,0,3,3
4825,1,3,4
8617,0,3,3
3530,1,3,4
8023,2,3,5
7632,0,3,3
2545,2,3,5
2688,0,3,3
7775,0,3,3
331,12,3,15
5418,0,3,3
7402,1,3,4
2315,3,3,6
5020,0,3,3
7377,0,3,3
2290,11,3,14
3747,0,3,3
6104,0,3,3
1017,11,3,14
5728,4,3,7
641,7,3,10
5697,0,3,3
610,12,3,15
5664,4,3,7
4612,0,3,3
3824,1,3,4
3716,1,3,4
3376,4,3,7
3234,2,3,5
639,17,3,20
2996,2,3,5
2650,0,3,3
1842,2,3,5
6309,3,3,6
1222,4,3,7
1595,4,3,7
1426,3,3,6
6513,1,3,4
1104,3,3,6
1078,2,3,5
6165,0,3,3
1006,2,3,5
3267,5,3,8
571,2,3,5
538,4,3,7
5625,0,3,3
509,3,3,6
5596,2,3,5
395,11,3,14
285,16,3,19
280,14,3,17
212,16,3,19
5299,0,3,3
189,17,3,20
5276,0,3,3
64,31,3,34
5151,0,3,3
9928,0,3,3
4841,3,3,6
372,12,3,15
9800,0,3,3
94,57,3,60
9522,0,3,3
9374,0,3,3
4287,0,3,3
9107,0,3,3
4020,0,3,3
4179,1,3,4
8893,1,3,4
3806,4,3,7
8707,0,3,3
3620,4,3,7
8547,0,3,3
6150,0,3,3
8507,1,3,4
3420,2,3,5
8448,0,3,3
8445,0,3,3
3358,5,3,8
6083,2,3,5
8440,0,3,3
3353,0,3,3
1267,9,3,12
6354,1,3,4
8338,0,3,3
3251,4,3,7
551,7,3,10
7622,1,3,4
2535,2,3,5
5,111,3,114
5092,1,3,4
1114,6,3,9
6201,2,3,5
684,17,3,20
5771,1,3,4
8864,0,3,3
3777,0,3,3
1793,4,3,7
6507,1,3,4
1420,4,3,7
3851,0,3,3
8938,0,3,3
6867,0,3,3
1780,1,3,4
2570,0,3,3
213,8,3,11
6676,0,3,3
22,110,3,113
6274,3,3,6
1187,8,3,11
7800,0,3,3
729,18,3,21
6268,0,3,3
7129,0,3,3
4772,1,3,4
58,4,3,7
5145,2,3,5
3841,0,3,3
6198,3,3,6
8416,0,3,3
97,14,3,17
5184,0,3,3
9525,0,3,3
4438,0,3,3
5980,1,3,4
893,14,3,17
5916,0,3,3
829,5,3,8
2728,7,3,10
371,33,3,36
5552,0,3,3
465,15,3,18
5539,4,3,7
452,18,3,21
640,8,3,11
5354,6,3,9
267,9,3,12
3275,2,3,5
8362,1,3,4
918,10,3,13
6005,1,3,4
5168,1,3,4
81,8,3,11
732,4,3,7
2770,4,3,7
7857,1,3,4
413,15,3,18
5127,2,3,5
40,31,3,34
3048,0,3,3
5104,1,3,4
17,89,3,92
5448,0,3,3
361,15,3,18
2121,9,3,12
7208,1,3,4
133,46,3,49
4847,3,3,6
2351,0,3,3
7438,1,3,4
7065,1,3,4
2243,6,3,9
7330,0,3,3
4600,2,3,5
9687,0,3,3
2040,10,3,13
4397,1,3,4
1901,5,3,8
6615,0,3,3
1528,4,3,7
3288,3,3,6
9103,0,3,3
4016,7,3,10
4389,1,3,4
2087,4,3,7
5904,1,3,4
817,16,3,19
4254,1,3,4
5641,0,3,3
554,3,3,6
927,1,3,4
6014,0,3,3
4221,0,3,3
5707,0,3,3
1727,2,3,5
4084,1,3,4
3987,1,3,4
3941,1,3,4
8377,2,3,5
1614,2,3,5
6701,0,3,3
1429,1,3,4
6516,0,3,3
6143,0,3,3
1056,12,3,15
3786,2,3,5
9887,0,3,3
4800,0,3,3
459,8,3,11
3348,1,3,4
6953,0,3,3
2239,4,3,7
7092,0,3,3
21,122,3,125
5108,1,3,4
4457,2,3,5
856,10,3,13
4461,1,3,4
2104,3,3,6
7191,2,3,5
3171,4,3,7
8258,2,3,5
8994,0,3,3
4280,1,3,4
2062,1,3,4
7149,1,3,4
3120,2,3,5
2011,5,3,8
7098,2,3,5
4711,5,3,8
731,3,3,6
7802,0,3,3
3088,6,3,9
809,5,3,8
253,7,3,10
9681,0,3,3
407,45,3,48
5121,0,3,3
34,50,3,53
600,4,3,7
5314,1,3,4
227,16,3,19
2957,10,3,13
8425,1,3,4
461,6,3,9
2818,2,3,5
528,6,3,9
5615,0,3,3
2611,5,3,8
393,4,3,7
5480,0,3,3
5872,2,3,5
8008,0,3,3
3294,2,3,5
8381,0,3,3
9196,0,3,3
2125,1,3,4
7212,0,3,3
1425,1,3,4
2101,4,3,7
992,8,3,11
3210,4,3,7
8297,0,3,3
9079,0,3,3
3992,6,3,9
2008,9,3,12
1913,3,3,6
7458,0,3,3
2371,2,3,5
1833,2,3,5
3008,3,3,6
8095,2,3,5
651,1,3,4
1731,11,3,14
8385,0,3,3
3298,2,3,5
3962,0,3,3
1578,7,3,10
4905,1,3,4
9992,0,3,3
6289,0,3,3
1575,0,3,3
6662,0,3,3
3694,1,3,4
9293,0,3,3
3681,1,3,4
1996,1,3,4
7083,0,3,3
346,18,3,21
8109,0,3,3
3022,0,3,3
1580,1,3,4
6294,0,3,3
1207,5,3,8
8512,0,3,3
3425,0,3,3
1409,1,3,4
300,13,3,16
7848,0,3,3
1356,8,3,11
6443,1,3,4
1030,6,3,9
1020,2,3,5
5595,1,3,4
508,7,3,10
3238,2,3,5
1552,8,3,11
1011,5,3,8
6098,0,3,3
930,5,3,8
6017,1,3,4
5606,0,3,3
519,10,3,13
892,10,3,13
5979,2,3,5
810,4,3,7
5897,0,3,3
771,12,3,15
5858,0,3,3
1869,4,3,7
694,1,3,4
1218,3,3,6
6305,3,3,6
618,13,3,16
587,8,3,11
557,12,3,15
533,8,3,11
5620,0,3,3
1574,2,3,5
492,8,3,11
1152,6,3,9
8223,0,3,3
3136,4,3,7
5146,3,3,6
59,63,3,66
432,8,3,11
428,15,3,18
9070,0,3,3
3983,1,3,4
1999,10,3,13
2723,2,3,5
366,11,3,14
3832,3,3,6
1475,2,3,5
3693,4,3,7
8780,0,3,3
7043,2,3,5
4686,2,3,5
2499,0,3,3
7586,2,3,5
335,9,3,12
5422,3,3,6
324,8,3,11
5411,2,3,5
2579,2,3,5
222,31,3,34
9094,0,3,3
4658,0,3,3
9745,0,3,3
7988,0,3,3
2901,6,3,9
917,11,3,14
6004,1,3,4
5631,1,3,4
544,13,3,16
762,13,3,16
1732,5,3,8
6819,0,3,3
4089,1,3,4
6875,0,3,3
1788,1,3,4
4657,0,3,3
4542,1,3,4
7177,0,3,3
2090,8,3,11
106,37,3,40
1076,1,3,4
6163,1,3,4
8147,1,3,4
3433,1,3,4
8520,0,3,3
8908,0,3,3
4194,1,3,4
9281,0,3,3
1837,4,3,7
2571,4,3,7
9642,0,3,3
214,21,3,24
5301,0,3,3
901,5,3,8
7972,3,3,6
4904,2,3,5
190,26,3,29
151,8,3,11
148,17,3,20
134,17,3,20
5221,1,3,4
2352,9,3,12
7439,1,3,4
1210,3,3,6
2458,6,3,9
101,36,3,39
8142,0,3,3
3055,3,3,6
3428,1,3,4
128,76,3,79
5215,1,3,4
2481,2,3,5
124,18,3,21
111,27,3,30
5513,2,3,5
426,12,3,15
2460,3,3,6
7547,0,3,3
103,34,3,37
73,26,3,29
68,35,3,38
760,8,3,11
7831,2,3,5
57,36,3,39
5144,2,3,5
44,52,3,55
1984,7,3,10
6698,2,3,5
1611,1,3,4
1149,9,3,12
6236,0,3,3
6691,3,3,6
1604,1,3,4
5572,2,3,5
485,23,3,26
7986,1,3,4
2899,0,3,3
3272,1,3,4
8359,0,3,3
567,14,3,17
5654,1,3,4
26,70,3,73
5113,2,3,5
1135,3,3,6
6222,0,3,3
20,35,3,38
5107,1,3,4
7967,0,3,3
2880,1,3,4
3253,4,3,7
382,11,3,14
9810,0,3,3
5374,1,3,4
287,9,3,12
7352,0,3,3
9709,0,3,3
4622,1,3,4
1749,3,3,6
6836,0,3,3
9879,0,3,3
4792,0,3,3
2808,0,3,3
7895,0,3,3
163,9,3,12
1458,1,3,4
3815,2,3,5
9347,2,3,5
4260,0,3,3
2832,6,3,9
9903,0,3,3
475,2,3,5
9295,0,3,3
5201,2,3,5
114,17,3,20
8988,0,3,3
1225,4,3,7
6312,2,3,5
3280,2,3,5
923,11,3,14
6010,2,3,5
7320,1,3,4
4264,2,3,5
3101,0,3,3
8188,1,3,4
1714,3,3,6
6801,1,3,4
6428,1,3,4
1341,5,3,8
883,8,3,11
5806,3,3,6
719,8,3,11
565,9,3,12
1647,3,3,6
2912,2,3,5
7999,0,3,3
555,6,3,9
5642,2,3,5
4423,1,3,4
9510,0,3,3
1096,3,3,6
9292,0,3,3
2777,2,3,5
420,13,3,16
5507,2,3,5
95,27,3,30
1204,2,3,5
54,29,3,32
9087,0,3,3
4000,1,3,4
2016,3,3,6
7103,0,3,3
629,14,3,17
3908,0,3,3
1551,16,3,19
4935,0,3,3
221,8,3,11
2578,0,3,3
7665,1,3,4
8123,0,3,3
3036,2,3,5
1355,3,3,6
938,1,3,4
8009,0,3,3
6833,1,3,4
7111,0,3,3
2397,6,3,9
6705,0,3,3
1618,12,3,15
1991,5,3,8
5948,2,3,5
861,0,3,3
1234,8,3,11
3174,3,3,6
7888,1,3,4
2801,2,3,5
657,6,3,9
5744,3,3,6
522,21,3,24
1384,4,3,7
3741,2,3,5
1952,1,3,4
4309,3,3,6
1674,2,3,5
8745,0,3,3
3658,2,3,5
460,11,3,14
1569,3,3,6
8640,0,3,3
3926,4,3,7
112,34,3,37
5199,0,3,3
2330,1,3,4
3351,0,3,3
8438,0,3,3
105,13,3,16
5192,0,3,3
4263,2,3,5
9350,0,3,3
8977,0,3,3
3890,2,3,5
4514,0,3,3
4375,1,3,4
9462,0,3,3
6732,1,3,4
7899,0,3,3
5542,2,3,5
455,13,3,16
967,2,3,5
3324,0,3,3
2215,4,3,7
673,9,3,12
6218,0,3,3
1131,7,3,10
2375,2,3,5
7462,0,3,3
18,68,3,71
7603,3,3,6
532,10,3,13
5619,0,3,3
5711,1,3,4
624,3,3,6
997,6,3,9
4324,1,3,4
9411,0,3,3
1538,2,3,5
6625,1,3,4
510,10,3,13
3356,5,3,8
999,16,3,19
6086,0,3,3
7897,1,3,4
2810,4,3,7
826,9,3,12
1678,4,3,7
569,11,3,14
5656,0,3,3
2412,5,3,8
55,29,3,32
5142,1,3,4
4980,2,3,5
266,4,3,7
4702,1,3,4
3164,1,3,4
8251,0,3,3
807,3,3,6
8570,0,3,3
4173,1,3,4
290,21,3,24
7361,0,3,3
2274,3,3,6
9718,0,3,3
909,7,3,10
7534,3,3,6
463,10,3,13
6008,2,3,5
921,17,3,20
2471,4,3,7
655,10,3,13
5742,2,3,5
1764,4,3,7
5397,3,3,6
310,1,3,4
1029,3,3,6
8100,0,3,3
576,10,3,13
5663,1,3,4
3115,8,3,11
8202,0,3,3
7481,0,3,3
2394,6,3,9
410,8,3,11
5497,4,3,7
5124,3,3,6
37,49,3,52
2767,5,3,8
549,9,3,12
5636,3,3,6
1380,1,3,4
6094,1,3,4
1007,7,3,10
7582,0,3,3
2495,2,3,5
4255,1,3,4
2037,2,3,5
9436,0,3,3
8,164,3,167
2878,2,3,5
521,13,3,16
9532,0,3,3
7175,4,3,7
2088,2,3,5
4710,1,3,4
2353,5,3,8
3462,4,3,7
8549,0,3,3
7553,0,3,3
482,10,3,13
225,19,3,22
2026,4,3,7
9097,1,3,4
4010,1,3,4
7678,0,3,3
2591,6,3,9
1024,9,3,12
3529,1,3,4
188,11,3,14
9616,0,3,3
605,10,3,13
5692,0,3,3
2962,1,3,4
8049,0,3,3
6370,4,3,7
1283,5,3,8
2041,3,3,6
7128,0,3,3
6477,0,3,3
418,5,3,8
1194,5,3,8
3551,0,3,3
224,18,3,21
5311,5,3,8
1928,8,3,11
7015,0,3,3
4146,0,3,3
1387,5,3,8
6474,0,3,3
278,19,3,22
3605,3,3,6
4158,1,3,4
3049,0,3,3
8136,0,3,3
912,1,3,4
5209,0,3,3
122,57,3,60
7566,0,3,3
3969,1,3,4
9056,0,3,3
4051,0,3,3
1694,4,3,7
6130,1,3,4
1043,12,3,15
71,35,3,38
4907,2,3,5
193,13,3,16
2898,3,3,6
6225,1,3,4
3311,1,3,4
954,9,3,12
6,209,3,212
7759,0,3,3
813,2,3,5
5527,0,3,3
440,15,3,18
1199,3,3,6
1625,4,3,7
56,49,3,52
5143,0,3,3
746,9,3,12
5833,2,3,5
2247,2,3,5
7334,0,3,3
6683,2,3,5
1596,0,3,3
4063,3,3,6
1706,2,3,5
6793,0,3,3
3924,0,3,3
9011,0,3,3
9131,0,3,3
445,7,3,10
2802,4,3,7
584,7,3,10
3633,1,3,4
1276,6,3,9
8347,0,3,3
6589,0,3,3
9313,0,3,3
1550,0,3,3
8204,0,3,3
3117,0,3,3
3555,3,3,6
1198,2,3,5
6285,1,3,4
231,20,3,23
4667,1,3,4
8647,0,3,3
1576,4,3,7
2268,7,3,10
9339,0,3,3
52,49,3,52
6742,0,3,3
1655,5,3,8
2028,1,3,4
5278,0,3,3
191,20,3,23
564,5,3,8
5651,1,3,4
2380,1,3,4
3418,3,3,6
8505,0,3,3
7050,0,3,3
4693,0,3,3
2336,5,3,8
6417,0,3,3
594,11,3,14
3519,1,3,4
1162,7,3,10
6249,1,3,4
19,154,3,157
5106,0,3,3
1517,3,3,6
6604,1,3,4
3874,1,3,4
722,18,3,21
181,16,3,19
5268,1,3,4
2289,5,3,8
9360,0,3,3
4273,4,3,7
4646,0,3,3
7281,0,3,3
2194,4,3,7
2567,1,3,4
210,49,3,52
264,20,3,23
666,11,3,14
3023,4,3,7
805,3,3,6
5892,0,3,3
9690,0,3,3
4603,1,3,4
262,15,3,18
5349,0,3,3
7538,1,3,4
328,9,3,12
5415,0,3,3
9756,0,3,3
1046,6,3,9
3,189,1,190
1862,5,3,8
6949,0,3,3
5050,2,3,5
336,5,3,8
7407,0,3,3
2320,1,3,4
3566,1,3,4
5893,0,3,3
806,5,3,8
209,10,3,13
5296,0,3,3
2566,4,3,7
7653,1,3,4
1,272,0,272
1455,5,3,8
6542,0,3,3
6169,0,3,3
1082,6,3,9
2359,1,3,4
7812,0,3,3
2943,1,3,4
8030,1,3,4
2364,4,3,7
7,53,3,56
9435,1,3,4
563,5,3,8
3751,1,3,4
6108,0,3,3
238,21,3,24
5325,1,3,4
8682,1,3,4
6325,0,3,3
1238,11,3,14
1539,7,3,10
6626,0,3,3
363,3,3,6
5450,1,3,4
7434,2,3,5
2720,3,3,6
556,9,3,12
2361,1,3,4
4,107,1,108
5091,1,3,4
1113,4,3,7
6451,0,3,3
1364,4,3,7
3955,4,3,7
9042,0,3,3
8669,0,3,3
1075,21,3,24
5789,2,3,5
702,7,3,10
9116,0,3,3
4029,1,3,4
244,9,3,12
7845,0,3,3
2022,4,3,7
6736,1,3,4
2374,5,3,8
2433,3,3,6
7520,1,3,4
4790,2,3,5
76,61,3,64
907,16,3,19
5994,1,3,4
3264,1,3,4
9202,0,3,3
4115,0,3,3
3657,1,3,4
8744,0,3,3
1760,4,3,7
6847,1,3,4
4117,4,3,7
9204,0,3,3
6335,0,3,3
10,94,3,97
8274,1,3,4
1203,8,3,11
4530,0,3,3
9257,0,3,3
60,84,3,87
6679,1,3,4
1134,2,3,5
7096,0,3,3
25,24,3,27
187,74,3,77
5274,1,3,4
166,25,3,28
5253,1,3,4
4880,1,3,4
11,54,3,57
1766,2,3,5
6853,0,3,3
4123,0,3,3
9210,0,3,3
4262,2,3,5
1905,1,3,4
6992,1,3,4
3788,3,3,6
1431,13,3,16
3649,0,3,3
349,1,3,4
6395,2,3,5
1308,15,3,18
850,10,3,13
5937,4,3,7
7863,0,3,3
3149,1,3,4
3690,2,3,5
5959,1,3,4
872,2,3,5
8316,0,3,3
1662,9,3,12
6812,0,3,3
1725,0,3,3
2515,3,3,6
158,33,3,36
9975,0,3,3
547,4,3,7
5634,0,3,3
2904,0,3,3
199,26,3,29
1243,10,3,13
8314,1,3,4
3227,4,3,7
4987,2,3,5
99,7,3,10
5186,1,3,4
2929,4,3,7
8016,0,3,3
10000,1,3,4
5008,2,3,5
31,3,3,6
9415,0,3,3
2344,2,3,5
7197,1,3,4
2110,0,3,3
126,35,3,38
5213,1,3,4
75,53,3,56
5162,1,3,4
217,9,3,12
5304,0,3,3
5762,0,3,3
675,5,3,8
4653,0,3,3
536,24,3,27
5623,0,3,3
5534,1,3,4
447,5,3,8
7891,1,3,4
820,2,3,5
279,9,3,12
5366,0,3,3
1388,2,3,5
376,9,3,12
2733,5,3,8
7820,0,3,3
9387,0,3,3
28,40,3,43
3913,3,3,6
3635,1,3,4
8722,0,3,3
5992,3,3,6
905,9,3,12
1695,6,3,9
6782,0,3,3
2660,8,3,11
303,5,3,8
5390,0,3,3
7235,1,3,4
2148,3,3,6
164,22,3,25
2521,1,3,4
7608,0,3,3
186,7,3,10
5273,4,3,7
2930,1,3,4
8017,0,3,3
573,10,3,13
4746,1,3,4
32,39,3,42
5119,1,3,4
9043,0,3,3
6686,0,3,3
1599,0,3,3
3482,2,3,5
8569,0,3,3
1125,2,3,5
16,51,3,54
5103,0,3,3
3204,2,3,5
43,44,3,47
2400,3,3,6
7487,3,3,6
9445,0,3,3
29991,0,1,1
4556,0,3,3
3375,0,3,3
8462,2,3,5
1157,4,3,7
236,11,3,14
4672,3,3,6
399,14,3,17
260,28,3,31
2617,2,3,5
7432,3,3,6
2345,3,3,6
1887,5,3,8
6974,1,3,4
886,6,3,9
7540,0,3,3
2453,1,3,4
1360,1,3,4
9361,0,3,3
4274,0,3,3
4647,0,3,3
3538,1,3,4
1320,1,3,4
6407,0,3,3
72,15,3,18
2429,2,3,5
7516,1,3,4
1365,7,3,10
2640,0,3,3
283,20,3,23
5370,1,3,4
8947,1,3,4
1876,6,3,9
8949,0,3,3
3862,5,3,8
1878,4,3,7
4823,2,3,5
9537,0,3,3
109,22,3,25
5196,0,3,3
7180,0,3,3
282,11,3,14
2085,14,3,17
3333,0,3,3
976,4,3,7
154,26,3,29
5241,0,3,3
7225,1,3,4
2138,4,3,7
2150,2,3,5
6099,1,3,4
1012,7,3,10
1068,4,3,7
3312,0,3,3
4587,2,3,5
9674,0,3,3
9301,0,3,3
2230,1,3,4
2369,3,3,6
12,127,3,130
8884,0,3,3
982,4,3,7
6069,0,3,3
8053,0,3,3
3339,4,3,7
3840,1,3,4
5227,0,3,3
140,49,3,52
7584,0,3,3
513,16,3,19
208,13,3,16
5295,0,3,3
4922,4,3,7
347,6,3,9
5434,0,3,3
2704,4,3,7
7791,0,3,3
7343,1,3,4
2256,1,3,4
229,11,3,14
6721,0,3,3
1839,6,3,9
1457,5,3,8
6544,1,3,4
3814,0,3,3
7006,0,3,3
1461,3,3,6
9660,0,3,3
232,5,3,8
2396,3,3,6
2257,0,3,3
7344,0,3,3
4614,1,3,4
6458,4,3,7
314,11,3,14
9742,0,3,3
4655,1,3,4
2671,7,3,10
6526,0,3,3
1439,8,3,11
6970,4,3,7
38,28,3,31
2797,0,3,3
579,3,3,6
202,24,3,27
4916,0,3,3
480,14,3,17
2404,2,3,5
47,57,3,60
5134,3,3,6
8703,0,3,3
3616,0,3,3
968,7,3,10
6055,3,3,6
196,23,3,26
9624,0,3,3
5489,1,3,4
402,2,3,5
3132,6,3,9
358,26,3,29
5445,0,3,3
9786,0,3,3
1118,11,3,14
9,78,3,81
5749,1,3,4
3392,1,3,4
8479,0,3,3
2422,1,3,4
7509,0,3,3
65,54,3,57
5152,0,3,3
757,2,3,5
5844,0,3,3
7828,0,3,3
220,8,3,11
5307,1,3,4
4934,2,3,5
5811,3,3,6
724,2,3,5
3454,3,3,6
3593,6,3,9
1236,13,3,16
958,9,3,12
5672,2,3,5
585,11,3,14
4220,3,3,6
1863,2,3,5
6950,0,3,3
3486,3,3,6
8573,1,3,4
9031,0,3,3
1153,1,3,4
6240,0,3,3
3510,1,3,4
7946,1,3,4
2859,4,3,7
3934,1,3,4
1577,3,3,6
468,10,3,13
5555,1,3,4
4325,0,3,3
2129,0,3,3
7216,1,3,4
4486,3,3,6
4347,1,3,4
6704,0,3,3
8460,0,3,3
3746,0,3,3
8833,0,3,3
63,24,3,27
3765,0,3,3
6122,1,3,4
1535,14,3,17
8537,0,3,3
3450,1,3,4
1466,3,3,6
6359,1,3,4
7387,1,3,4
2300,3,3,6
4167,0,3,3
1949,3,3,6
9808,0,3,3
4721,0,3,3
380,5,3,8
6872,0,3,3
4884,0,3,3
9971,0,3,3
9598,0,3,3
170,12,3,15
3497,2,3,5
6866,0,3,3
6923,1,3,4
2709,2,3,5
7796,0,3,3
6314,3,3,6
1227,5,3,8
1600,6,3,9
6983,0,3,3
4487,1,3,4
9201,0,3,3
5396,0,3,3
309,21,3,24
7753,0,3,3
2666,0,3,3
5975,0,3,3
1261,2,3,5
4855,1,3,4
7358,0,3,3
250,17,3,20
7321,1,3,4
2939,4,3,7
3225,1,3,4
5234,1,3,4
147,24,3,27
520,5,3,8
512,7,3,10
5226,1,3,4
139,17,3,20
7583,0,3,3
2496,0,3,3
8599,0,3,3
8127,0,3,3
3040,3,3,6
3218,1,3,4
8628,1,3,4
4250,0,3,3
9337,0,3,3
8964,0,3,3
3877,0,3,3
92,17,3,20
8166,0,3,3
1244,2,3,5
6331,0,3,3
8315,0,3,3
6097,0,3,3
8412,0,3,3
6206,2,3,5
1119,6,3,9
8563,0,3,3
3476,0,3,3
8590,0,3,3
8687,0,3,3
6423,0,3,3
1336,4,3,7
9909,0,3,3
8822,0,3,3
4192,1,3,4
9091,0,3,3
4004,1,3,4
80,33,3,36
5167,0,3,3
2437,3,3,6
7524,1,3,4
4490,0,3,3
4568,1,3,4
9655,0,3,3
2211,3,3,6
7298,2,3,5
9282,1,3,4
4195,4,3,7
90,129,3,132
9518,0,3,3
4431,1,3,4
155,24,3,27
9583,0,3,3
9656,0,3,3
4111,3,3,6
9198,0,3,3
364,10,3,13
5451,3,3,6
9792,0,3,3
4705,1,3,4
389,12,3,15
2746,3,3,6
9817,0,3,3
4730,0,3,3
9843,0,3,3
4756,7,3,10
5210,2,3,5
123,26,3,29
9924,0,3,3
4837,2,3,5
2902,0,3,3
7616,0,3,3
2529,0,3,3
9973,0,3,3
13,106,3,109
5836,0,3,3
1122,3,3,6
6209,4,3,7
42,31,3,34
3369,2,3,5
45,30,3,33
9512,0,3,3
84,24,3,27
6599,0,3,3
8956,0,3,3
96,7,3,10
788,1,3,4
7859,0,3,3
2772,5,3,8
7179,0,3,3
2465,0,3,3
108,34,3,37
5195,0,3,3
939,11,3,14
3296,0,3,3
8383,1,3,4
130,18,3,21
7215,0,3,3
2501,7,3,10
7588,0,3,3
4858,1,3,4
144,16,3,19
978,5,3,8
185,26,3,29
197,18,3,21
5284,2,3,5
7269,0,3,3
198,27,3,30
2730,4,3,7
373,22,3,25
5460,1,3,4
7463,0,3,3
2376,0,3,3
392,15,3,18
397,2,3,5
476,15,3,18
9348,0,3,3
337,1,3,4
5424,0,3,3
5051,1,3,4
2694,3,3,6
537,6,3,9
5624,1,3,4
9409,0,3,3
120,53,3,56
2477,8,3,11
7564,0,3,3
9998,0,3,3
570,3,3,6
637,6,3,9
3026,0,3,3
669,2,3,5
5756,1,3,4
693,7,3,10
1802,3,3,6
3067,2,3,5
710,10,3,13
712,16,3,19
714,13,3,16
5801,1,3,4
7822,0,3,3
751,3,3,6
834,7,3,10
5691,0,3,3
604,8,3,11
977,4,3,7
9018,0,3,3
4304,0,3,3
9391,0,3,3
3362,3,3,6
1005,3,3,6
1008,4,3,7
730,3,3,6
5444,0,3,3
357,7,3,10
1028,35,3,38
6115,2,3,5
4216,0,3,3
9303,0,3,3
6573,0,3,3
1486,3,3,6
1085,12,3,15
6172,0,3,3
3025,0,3,3
668,2,3,5
5755,1,3,4
7739,1,3,4
1196,8,3,11
3414,2,3,5
1275,4,3,7
3696,1,3,4
8783,0,3,3
1339,5,3,8
3699,1,3,4
1342,7,3,10
6429,0,3,3
1346,2,3,5
4534,1,3,4
2177,1,3,4
6891,0,3,3
1804,6,3,9
1351,4,3,7
6438,0,3,3
6896,1,3,4
1809,3,3,6
3843,6,3,9
247,12,3,15
5334,0,3,3
2604,3,3,6
7691,1,3,4
2326,11,3,14
7040,0,3,3
1953,3,3,6
1739,2,3,5
4164,2,3,5
9251,0,3,3
6521,1,3,4
1434,3,3,6
1807,0,3,3
1986,0,3,3
7073,2,3,5
7392,0,3,3
321,17,3,20
5408,0,3,3
2678,3,3,6
2067,4,3,7
7154,0,3,3
8721,0,3,3
4523,3,3,6
2166,0,3,3
62,20,3,23
5149,1,3,4
2419,2,3,5
7506,0,3,3
8242,1,3,4
1171,8,3,11
3528,2,3,5
118,83,3,86
2475,5,3,8
1366,5,3,8
257,8,3,11
35,9,3,12
4749,0,3,3
239,22,3,25
2596,1,3,4
277,3,3,6
504,17,3,20
5591,0,3,3
2861,3,3,6
5219,0,3,3
132,17,3,20
9933,0,3,3
4846,2,3,5
2862,1,3,4
3034,10,3,13
3093,0,3,3
804,3,3,6
3161,1,3,4
882,6,3,9
5969,0,3,3
3239,3,3,6
906,15,3,18
5993,0,3,3
3263,1,3,4
8350,0,3,3
8158,0,3,3
3444,5,3,8
8531,1,3,4
3612,1,3,4
146,12,3,15
2503,0,3,3
3625,0,3,3
3695,4,3,7
3775,2,3,5
448,13,3,16
3846,1,3,4
8697,0,3,3
1734,10,3,13
6821,0,3,3
4091,1,3,4
4165,0,3,3
9252,0,3,3
6383,0,3,3
2077,6,3,9
7164,0,3,3
4434,1,3,4
9338,0,3,3
2267,4,3,7
4624,2,3,5
113,21,3,24
4827,0,3,3
288,11,3,14
5002,4,3,7
7441,2,3,5
5084,0,3,3
5138,1,3,4
51,47,3,50
2977,0,3,3
898,3,3,6
7768,0,3,3
4302,0,3,3
5633,0,3,3
5825,1,3,4
738,5,3,8
1219,6,3,9
5933,0,3,3
1497,8,3,11
8795,0,3,3
6632,0,3,3
1545,2,3,5
7313,1,3,4
2226,1,3,4
359,6,3,9
7430,0,3,3
776,13,3,16
5863,1,3,4
7457,0,3,3
2370,4,3,7
7746,0,3,3
940,8,3,11
6027,0,3,3
8011,0,3,3
2924,1,3,4
1478,3,3,6
8702,0,3,3
3615,0,3,3
1867,6,3,9
66,65,3,68
5153,0,3,3
9219,1,3,4
259,8,3,11
453,20,3,23
9881,0,3,3
14,37,3,40
5101,3,3,6
79,28,3,31
9509,0,3,3
4795,0,3,3
4814,0,3,3
100,20,3,23
971,17,3,20
6058,0,3,3
255,11,3,14
351,16,3,19
437,7,3,10
7790,0,3,3
2703,5,3,8
843,1,3,4
845,19,3,22
3282,1,3,4
6470,0,3,3
1383,2,3,5
4409,5,3,8
2191,0,3,3
1270,3,3,6
6357,0,3,3
4875,2,3,5
9589,0,3,3
161,73,3,76
5248,1,3,4
1437,6,3,9
6524,0,3,3
5873,0,3,3
786,11,3,14
350,17,3,20
6230,0,3,3
1143,9,3,12
1516,7,3,10
3945,1,3,4
1588,6,3,9
1449,2,3,5
3977,4,3,7
1910,3,3,6
9012,0,3,3
1941,3,3,6
4305,0,3,3
9392,0,3,3
2061,7,3,10
4685,0,3,3
2328,0,3,3
2189,5,3,8
7276,2,3,5
4546,1,3,4
2339,10,3,13
8301,0,3,3
1230,4,3,7
6317,0,3,3
411,6,3,9
5498,1,3,4
9839,0,3,3
4752,2,3,5
2768,3,3,6
2807,3,3,6
3046,0,3,3
936,4,3,7
3293,2,3,5
8164,2,3,5
1406,2,3,5
6493,1,3,4
3763,2,3,5
7507,1,3,4
436,10,3,13
3834,1,3,4
1729,6,3,9
8800,0,3,3
4086,7,3,10
759,3,3,6
5846,1,3,4
4230,6,3,9
3951,0,3,3
1594,6,3,9
6308,2,3,5
1221,0,3,3
7799,3,3,6
3085,6,3,9
8317,0,3,3
3230,0,3,3
5960,1,3,4
873,2,3,5
6825,0,3,3
1738,3,3,6
125,12,3,15
2482,3,3,6
7569,1,3,4
7196,0,3,3
8103,1,3,4
3016,5,3,8
340,10,3,13
3494,2,3,5
8208,0,3,3
1415,9,3,12
3772,4,3,7
1522,3,3,6
6609,0,3,3
3879,0,3,3
8593,0,3,3
3506,2,3,5
8667,0,3,3
1992,4,3,7
9063,0,3,3
4760,1,3,4
9847,0,3,3
46,7,3,10
93,13,3,16
7178,0,3,3
107,13,3,16
8979,0,3,3
115,12,3,15
2648,2,3,5
291,13,3,16
5378,4,3,7
2653,3,3,6
296,6,3,9
449,13,3,16
3107,1,3,4
7821,0,3,3
750,11,3,14
988,3,3,6
6075,2,3,5
8652,0,3,3
1581,10,3,13
2072,3,3,6
2140,4,3,7
2217,3,3,6
1115,9,3,12
6202,2,3,5
194,21,3,24
2551,2,3,5
599,3,3,6
7670,0,3,3
2956,0,3,3
8043,0,3,3
811,6,3,9
5898,2,3,5
3168,1,3,4
8255,1,3,4
5602,2,3,5
515,6,3,9
3245,7,3,10
8332,0,3,3
3477,0,3,3
5808,1,3,4
721,7,3,10
2203,0,3,3
7290,0,3,3
6917,0,3,3
1830,2,3,5
3680,4,3,7
3830,0,3,3
8917,0,3,3
6472,0,3,3
15,42,3,45
4729,1,3,4
9816,0,3,3
265,54,3,57
2622,1,3,4
7709,2,3,5
4979,4,3,7
326,9,3,12
5413,2,3,5
5040,1,3,4
5431,2,3,5
344,39,3,42
3074,0,3,3
717,5,3,8
696,14,3,17
5410,1,3,4
323,18,3,21
5940,2,3,5
853,4,3,7
5951,0,3,3
864,9,3,12
8311,0,3,3
5954,0,3,3
6570,2,3,5
6600,0,3,3
1513,15,3,18
174,17,3,20
2531,1,3,4
7618,0,3,3
7245,0,3,3
2158,3,3,6
289,23,3,26
2646,1,3,4
7360,0,3,3
8033,0,3,3
2946,1,3,4
8057,0,3,3
1009,15,3,18
8080,0,3,3
2993,1,3,4
8152,0,3,3
1132,6,3,9
6219,0,3,3
8203,0,3,3
8620,0,3,3
1549,1,3,4
6636,1,3,4
9174,0,3,3
9608,0,3,3
458,10,3,13
246,4,3,7
5333,0,3,3
438,6,3,9
2795,3,3,6
9866,0,3,3
2864,0,3,3
7951,2,3,5
7578,0,3,3
9935,0,3,3
30,43,3,46
7122,0,3,3
7132,1,3,4
2045,3,3,6
4775,2,3,5
61,9,3,12
5148,3,3,6
4850,2,3,5
136,40,3,43
2502,8,3,11
7589,0,3,3
145,23,3,26
4870,4,3,7
2513,1,3,4
156,23,3,26
2525,3,3,6
7612,0,3,3
168,10,3,13
2549,2,3,5
192,4,3,7
5279,3,3,6
216,9,3,12
5303,0,3,3
4988,0,3,3
274,4,3,7
286,14,3,17
2649,3,3,6
292,25,3,28
5379,3,3,6
5019,3,3,6
305,20,3,23
5037,0,3,3
345,7,3,10
405,16,3,19
2809,3,3,6
483,9,3,12
619,8,3,11
633,13,3,16
5720,2,3,5
7716,0,3,3
3002,5,3,8
645,1,3,4
647,4,3,7
5083,1,3,4
7742,0,3,3
2655,5,3,8
671,3,3,6
7786,0,3,3
2699,8,3,11
715,10,3,13
866,4,3,7
985,9,3,12
990,4,3,7
1053,1,3,4
1183,5,3,8
3689,1,3,4
1382,2,3,5
8576,1,3,4
1505,0,3,3
6592,0,3,3
1555,3,3,6
4078,1,3,4
1721,2,3,5
6808,0,3,3
1796,1,3,4
1817,6,3,9
1951,5,3,8
7038,0,3,3
2122,4,3,7
2187,6,3,9
33,73,3,76
2390,2,3,5
2407,0,3,3
9593,0,3,3
2522,1,3,4
2827,1,3,4
7702,1,3,4
2615,1,3,4
631,1,3,4
2988,3,3,6
716,11,3,14
3073,5,3,8
3090,3,3,6
796,6,3,9
5510,2,3,5
423,8,3,11
7867,0,3,3
2780,4,3,7
3153,6,3,9
8240,1,3,4
3292,6,3,9
8558,1,3,4
3471,0,3,3
3844,1,3,4
8931,0,3,3
6424,0,3,3
1337,9,3,12
4067,0,3,3
9154,0,3,3
4212,2,3,5
9299,0,3,3
6595,0,3,3
1508,2,3,5
1881,4,3,7
4238,2,3,5
9325,1,3,4
4640,2,3,5
4651,5,3,8
2307,4,3,7
4664,1,3,4
4712,0,3,3
9799,0,3,3
9784,0,3,3
4697,0,3,3
5070,3,3,6
539,10,3,13
7610,0,3,3
7656,0,3,3
2942,2,3,5
8227,0,3,3
3852,1,3,4
1495,2,3,5
6279,1,3,4
3967,2,3,5
8681,0,3,3
1610,4,3,7
6324,2,3,5
1237,3,3,6
6353,0,3,3
2012,4,3,7
7099,0,3,3
6726,1,3,4
6895,0,3,3
206,4,3,7
7277,0,3,3
2190,3,3,6
330,10,3,13
7401,0,3,3
3278,6,3,9
3488,1,3,4
3525,1,3,4
3641,2,3,5
3672,0,3,3
3697,6,3,9
3714,2,3,5
3724,2,3,5
3873,2,3,5
8960,0,3,3
3905,2,3,5
4133,0,3,3
4200,1,3,4
4201,2,3,5
9288,0,3,3
4419,1,3,4
4566,4,3,7
4611,0,3,3
9698,0,3,3
4818,1,3,4
4960,0,3,3
5010,2,3,5
5135,2,3,5
48,27,3,30
5256,0,3,3
169,14,3,17
5554,0,3,3
467,10,3,13
5690,2,3,5
603,2,3,5
5908,2,3,5
821,7,3,10
5917,0,3,3
830,3,3,6
5928,1,3,4
5934,0,3,3
847,10,3,13
6156,0,3,3
1069,12,3,15
6257,4,3,7
6630,0,3,3
1543,10,3,13
6666,0,3,3
1579,9,3,12
6703,1,3,4
6722,1,3,4
1635,6,3,9
6901,0,3,3
7030,0,3,3
1943,3,3,6
7093,0,3,3
2006,1,3,4
7291,0,3,3
7523,1,3,4
7593,1,3,4
2506,2,3,5
7601,2,3,5
2514,2,3,5
7674,0,3,3
7686,1,3,4
2599,5,3,8
7745,0,3,3
7814,0,3,3
2727,2,3,5
7841,1,3,4
2754,4,3,7
7911,1,3,4
7928,0,3,3
7964,0,3,3
8264,0,3,3
8363,1,3,4
8595,0,3,3
8676,0,3,3
8809,0,3,3
3722,3,3,6
8958,1,3,4
8998,0,3,3
3911,1,3,4
9076,1,3,4
9083,0,3,3
3996,0,3,3
9188,0,3,3
9243,0,3,3
9441,0,3,3
9446,0,3,3
9739,0,3,3
4652,1,3,4
9965,0,3,3
1080,3,3,6
2803,1,3,4
3219,3,3,6
8306,0,3,3
3720,3,3,6
8807,0,3,3
3731,7,3,10
6148,0,3,3
1061,5,3,8
6344,0,3,3
6375,1,3,4
1288,1,3,4
6993,0,3,3
8739,0,3,3
3652,3,3,6
9562,0,3,3
9906,0,3,3
319,6,3,9
354,7,3,10
487,9,3,12
542,1,3,4
582,4,3,7
601,10,3,13
643,4,3,7
5730,0,3,3
879,9,3,12
1038,9,3,12
6125,1,3,4
1281,4,3,7
1299,2,3,5
1304,3,3,6
1921,2,3,5
7008,0,3,3
1925,7,3,10
7012,2,3,5
2258,3,3,6
2310,3,3,6
7397,0,3,3
2322,0,3,3
2668,2,3,5
7755,1,3,4
3181,2,3,5
3331,8,3,11
3402,2,3,5
3405,5,3,8
3419,0,3,3
3726,2,3,5
3942,3,3,6
4481,2,3,5
4510,1,3,4
4698,2,3,5
4777,2,3,5
4948,3,3,6
5306,0,3,3
219,13,3,16
5751,2,3,5
664,3,3,6
6129,2,3,5
1042,1,3,4
6960,2,3,5
7106,0,3,3
7465,1,3,4
8890,0,3,3
8955,0,3,3
8993,0,3,3
9207,0,3,3
9261,0,3,3
9822,0,3,3
4735,0,3,3
9870,0,3,3
9995,0,3,3
4908,2,3,5
226,26,3,29
5313,1,3,4
690,3,3,6
840,8,3,11
5927,0,3,3
942,5,3,8
6029,0,3,3
956,6,3,9
1255,6,3,9
1400,1,3,4
1462,5,3,8
1993,4,3,7
7080,0,3,3
2119,1,3,4
7206,1,3,4
2459,5,3,8
7546,0,3,3
2788,2,3,5
3603,0,3,3
3632,2,3,5
8719,1,3,4
3954,2,3,5
4035,2,3,5
4879,1,3,4
5400,2,3,5
313,4,3,7
5947,0,3,3
860,2,3,5
6101,1,3,4
1014,8,3,11
6520,1,3,4
1433,12,3,15
6572,0,3,3
1485,3,3,6
7018,1,3,4
1931,6,3,9
7213,1,3,4
2126,5,3,8
7660,1,3,4
2573,1,3,4
7873,0,3,3
2786,2,3,5
8602,0,3,3
3515,2,3,5
9306,0,3,3
4219,1,3,4
9420,0,3,3
9834,0,3,3
4747,0,3,3
9918,0,3,3
4831,2,3,5
441,7,3,10
602,15,3,18
1496,0,3,3
2184,1,3,4
2208,1,3,4
2536,3,3,6
7623,0,3,3
3138,4,3,7
3190,1,3,4
8277,0,3,3
3308,3,3,6
3427,1,3,4
8514,0,3,3
3474,2,3,5
3539,0,3,3
8626,0,3,3
3636,4,3,7
3659,0,3,3
4104,0,3,3
5556,0,3,3
469,1,3,4
5915,1,3,4
828,10,3,13
7663,1,3,4
2576,0,3,3
7682,0,3,3
2595,5,3,8
7762,0,3,3
7970,1,3,4
9335,0,3,3
852,0,3,3
1560,7,3,10
6647,1,3,4
1927,9,3,12
3091,2,3,5
4024,3,3,6
4048,3,3,6
5639,1,3,4
552,9,3,12
5676,0,3,3
589,8,3,11
6105,0,3,3
1018,3,3,6
7433,1,3,4
2346,1,3,4
7705,0,3,3
9231,0,3,3
4144,0,3,3
142,15,3,18
143,38,3,41
5230,0,3,3
725,9,3,12
736,9,3,12
5823,1,3,4
765,1,3,4
993,9,3,12
1070,7,3,10
1410,16,3,19
6497,3,3,6
1700,2,3,5
1775,5,3,8
1858,3,3,6
2165,10,3,13
2264,3,3,6
4545,0,3,3
9632,0,3,3
4845,0,3,3
9932,0,3,3
4968,2,3,5
5371,3,3,6
284,7,3,10
5475,0,3,3
388,4,3,7
6018,0,3,3
6085,1,3,4
998,5,3,8
6351,0,3,3
1264,3,3,6
6568,0,3,3
7408,2,3,5
8331,0,3,3
3244,0,3,3
8635,0,3,3
9146,0,3,3
4059,0,3,3
9192,0,3,3
4105,0,3,3
9628,0,3,3
4541,0,3,3
9631,0,3,3
9649,0,3,3
4562,0,3,3
9735,1,3,4
4648,1,3,4
254,13,3,16
608,14,3,17
2847,0,3,3
135,34,3,37
499,15,3,18
919,10,3,13
1582,2,3,5
6669,1,3,4
1711,6,3,9
2778,2,3,5
7865,0,3,3
2845,3,3,6
2908,1,3,4
7995,0,3,3
3357,0,3,3
4451,6,3,9
4474,1,3,4
4645,2,3,5
4791,0,3,3
9878,0,3,3
4859,0,3,3
6264,2,3,5
1177,3,3,6
6767,0,3,3
7617,0,3,3
8216,1,3,4
8288,0,3,3
8996,0,3,3
3909,2,3,5
9007,0,3,3
9406,0,3,3
116,23,3,26
5203,2,3,5
271,5,3,8
325,5,3,8
471,13,3,16
720,23,3,26
5807,0,3,3
1031,10,3,13
1066,17,3,20
1090,5,3,8
1150,5,3,8
6237,0,3,3
1216,1,3,4
1294,10,3,13
1310,1,3,4
1317,8,3,11
6404,0,3,3
1590,5,3,8
1946,0,3,3
7033,0,3,3
2066,0,3,3
2556,1,3,4
2661,2,3,5
3110,4,3,7
8197,0,3,3
3123,1,3,4
3742,3,3,6
4683,1,3,4
9770,0,3,3
4786,2,3,5
4909,3,3,6
5628,3,3,6
5630,4,3,7
7642,2,3,5
7720,1,3,4
2633,4,3,7
7750,0,3,3
7973,0,3,3
8000,1,3,4
8118,0,3,3
8662,1,3,4
9098,0,3,3
9237,0,3,3
4150,2,3,5
9511,0,3,3
4424,1,3,4
9523,0,3,3
241,15,3,18
5328,0,3,3
352,14,3,17
381,7,3,10
5468,1,3,4
433,9,3,12
5520,0,3,3
667,1,3,4
1086,7,3,10
1358,6,3,9
1813,5,3,8
1874,4,3,7
1933,10,3,13
3249,1,3,4
3738,0,3,3
3914,0,3,3
4740,1,3,4
4874,1,3,4
7241,2,3,5
7452,0,3,3
7613,0,3,3
7621,0,3,3
9246,0,3,3
9304,0,3,3
245,8,3,11
489,21,3,24
1329,4,3,7
2439,3,3,6
7526,0,3,3
9121,0,3,3
9311,0,3,3
165,0,3,3
228,18,3,21
5315,2,3,5
320,14,3,17
341,8,3,11
365,9,3,12
384,16,3,19
593,3,3,6
674,28,3,31
5761,0,3,3
735,10,3,13
878,8,3,11
889,1,3,4
924,10,3,13
1027,17,3,20
1057,8,3,11
1067,10,3,13
1163,6,3,9
1208,5,3,8
1448,7,3,10
6535,0,3,3
1715,7,3,10
1806,2,3,5
1967,1,3,4
2114,7,3,10
7201,0,3,3
2707,3,3,6
2805,1,3,4
2958,0,3,3
2964,7,3,10
3316,1,3,4
3394,2,3,5
3403,2,3,5
3556,2,3,5
3601,9,3,12
8688,0,3,3
3928,1,3,4
4323,0,3,3
4861,0,3,3
9948,0,3,3
4982,0,3,3
5854,1,3,4
6577,0,3,3
6688,0,3,3
6958,1,3,4
1871,2,3,5
7023,0,3,3
7596,0,3,3
8276,0,3,3
9185,0,3,3
4098,0,3,3
9717,0,3,3
400,16,3,19
706,10,3,13
5793,0,3,3
953,2,3,5
1253,5,3,8
6340,0,3,3
1460,10,3,13
6547,1,3,4
1562,4,3,7
6649,0,3,3
1757,8,3,11
2098,0,3,3
2610,2,3,5
7697,0,3,3
3154,2,3,5
3371,0,3,3
3379,3,3,6
3705,1,3,4
8792,0,3,3
4062,2,3,5
4163,3,3,6
4218,2,3,5
4281,0,3,3
4725,0,3,3
4956,2,3,5
5006,2,3,5
5506,0,3,3
6389,0,3,3
6550,1,3,4
7053,0,3,3
7403,3,3,6
7930,0,3,3
2843,0,3,3
7977,0,3,3
2890,0,3,3
8287,0,3,3
8415,1,3,4
9448,0,3,3
293,2,3,5
5380,0,3,3
524,10,3,13
1100,5,3,8
1108,11,3,14
6195,1,3,4
1850,14,3,17
1914,6,3,9
7001,2,3,5
1929,6,3,9
2054,4,3,7
3762,1,3,4
4081,2,3,5
7712,2,3,5
2625,4,3,7
338,29,3,32
523,2,3,5
1301,2,3,5
3058,4,3,7
8145,0,3,3
3507,3,3,6
4069,0,3,3
5038,1,3,4
204,6,3,9
276,3,3,6
1239,6,3,9
1698,1,3,4
6785,0,3,3
1730,4,3,7
6817,2,3,5
1997,7,3,10
2794,5,3,8
3668,0,3,3
4272,1,3,4
9359,0,3,3
5440,0,3,3
353,17,3,20
6349,1,3,4
1262,5,3,8
8553,0,3,3
273,43,3,46
703,19,3,22
708,7,3,10
963,1,3,4
6050,3,3,6
986,3,3,6
6073,0,3,3
1004,15,3,18
1509,10,3,13
6596,1,3,4
1767,6,3,9
2842,3,3,6
3691,2,3,5
3770,1,3,4
4042,4,3,7
4503,1,3,4
4531,0,3,3
4769,3,3,6
4957,3,3,6
6461,1,3,4
6655,0,3,3
1568,4,3,7
7266,1,3,4
2179,0,3,3
7301,0,3,3
2214,9,3,12
7731,0,3,3
7761,0,3,3
2674,1,3,4
9911,0,3,3
421,1,3,4
5508,1,3,4
630,12,3,15
670,9,3,12
689,12,3,15
1935,5,3,8
7022,1,3,4
2076,2,3,5
2183,3,3,6
3182,1,3,4
8269,0,3,3
3286,2,3,5
4340,5,3,8
9427,0,3,3
5046,1,3,4
5978,0,3,3
891,5,3,8
6112,2,3,5
1025,5,3,8
6745,0,3,3
6985,0,3,3
7205,1,3,4
2118,5,3,8
7335,0,3,3
2248,4,3,7
8098,1,3,4
3011,2,3,5
8855,0,3,3
3768,0,3,3
9101,0,3,3
179,47,3,50
237,22,3,25
500,21,3,24
791,9,3,12
1333,2,3,5
1661,4,3,7
1784,6,3,9
2023,0,3,3
2255,1,3,4
2455,0,3,3
2469,4,3,7
2507,2,3,5
7594,0,3,3
3035,4,3,7
3319,3,3,6
3561,4,3,7
8648,0,3,3
3621,2,3,5
8708,0,3,3
4599,0,3,3
4731,2,3,5
5526,2,3,5
439,16,3,19
7048,0,3,3
7429,0,3,3
7839,0,3,3
2752,4,3,7
8195,2,3,5
8567,0,3,3
3480,2,3,5
9025,0,3,3
157,11,3,14
404,5,3,8
681,5,3,8
770,11,3,14
782,11,3,14
1044,11,3,14
1280,12,3,15
1370,2,3,5
1976,3,3,6
2111,6,3,9
2144,6,3,9
2223,5,3,8
2539,3,3,6
2552,6,3,9
2790,1,3,4
2863,1,3,4
3721,0,3,3
6259,0,3,3
6369,2,3,5
7219,3,3,6
2132,1,3,4
8378,0,3,3
3291,2,3,5
8538,2,3,5
3451,0,3,3
9163,0,3,3
9239,1,3,4
9419,0,3,3
9516,0,3,3
4429,0,3,3
9838,0,3,3
9968,0,3,3
987,10,3,13
1363,8,3,11
1456,6,3,9
2033,1,3,4
7120,0,3,3
2953,1,3,4
3270,1,3,4
4080,0,3,3
5005,0,3,3
5946,2,3,5
859,8,3,11
8214,0,3,3
9432,0,3,3
4345,3,3,6
1487,2,3,5
6574,0,3,3
7659,0,3,3
2572,4,3,7
7987,0,3,3
102,37,3,40
915,2,3,5
1206,6,3,9
1934,0,3,3
2073,2,3,5
2097,0,3,3
2286,4,3,7
2588,1,3,4
2641,1,3,4
2816,4,3,7
7903,1,3,4
3170,0,3,3
8257,0,3,3
3367,0,3,3
3370,0,3,3
3597,5,3,8
3624,0,3,3
8711,0,3,3
4382,1,3,4
5017,0,3,3
5290,6,3,9
203,14,3,17
6347,1,3,4
6699,0,3,3
8004,0,3,3
8071,1,3,4
9226,0,3,3
9230,0,3,3
9539,0,3,3
9783,0,3,3
9853,0,3,3
91,26,3,29
137,19,3,22
3082,4,3,7
3461,0,3,3
8548,0,3,3
3663,0,3,3
3921,3,3,6
5052,1,3,4
6865,1,3,4
8187,0,3,3
8292,0,3,3
9294,0,3,3
9695,0,3,3
367,9,3,12
1899,1,3,4
6986,1,3,4
3340,1,3,4
8427,0,3,3
3965,2,3,5
4142,0,3,3
9939,0,3,3
177,21,3,24
333,25,3,28
514,6,3,9
5601,1,3,4
1137,4,3,7
1827,9,3,12
2123,1,3,4
2667,9,3,12
2972,4,3,7
8059,0,3,3
3033,4,3,7
3062,5,3,8
5045,4,3,7
6036,0,3,3
949,8,3,11
6540,0,3,3
1453,1,3,4
6863,0,3,3
8459,0,3,3
8678,0,3,3
3591,4,3,7
1289,10,3,13
6376,1,3,4
1435,13,3,16
1541,5,3,8
6628,0,3,3
2232,2,3,5
2284,0,3,3
2508,1,3,4
3550,1,3,4
8637,0,3,3
3559,3,3,6
3677,0,3,3
3802,1,3,4
3985,1,3,4
9072,0,3,3
4595,1,3,4
7307,0,3,3
2220,9,3,12
8574,1,3,4
9831,0,3,3
180,22,3,25
242,19,3,22
5329,0,3,3
525,9,3,12
728,1,3,4
775,4,3,7
1045,8,3,11
6132,1,3,4
1087,8,3,11
1102,17,3,20
1212,2,3,5
1503,4,3,7
6590,0,3,3
2013,3,3,6
2427,9,3,12
2726,3,3,6
2893,4,3,7
7980,1,3,4
4049,1,3,4
4494,2,3,5
4691,0,3,3
4762,3,3,6
4958,3,3,6
5668,0,3,3
581,21,3,24
6466,0,3,3
1379,5,3,8
6789,2,3,5
7294,0,3,3
7852,2,3,5
8179,0,3,3
9114,0,3,3
9363,0,3,3
356,8,3,11
1154,7,3,10
1182,3,3,6
1520,3,3,6
2058,2,3,5
2870,1,3,4
4095,0,3,3
4128,1,3,4
4444,2,3,5
4741,0,3,3
8650,0,3,3
3563,4,3,7
8882,0,3,3
9571,0,3,3
4484,1,3,4
9579,0,3,3
9793,0,3,3
586,20,3,23
5673,1,3,4
1001,2,3,5
1743,3,3,6
2285,4,3,7
7372,0,3,3
6840,0,3,3
6933,0,3,3
7876,0,3,3
2789,2,3,5
415,6,3,9
1493,7,3,10
3438,1,3,4
3704,3,3,6
3991,0,3,3
6009,1,3,4
6186,2,3,5
7469,0,3,3
2382,1,3,4
9134,0,3,3
9981,0,3,3
545,14,3,17
5632,0,3,3
613,21,3,24
934,17,3,20
1352,10,3,13
6439,0,3,3
1629,4,3,7
1831,0,3,3
1879,5,3,8
6966,3,3,6
2434,2,3,5
2582,1,3,4
2719,1,3,4
2848,2,3,5
3310,4,3,7
3707,3,3,6
4046,3,3,6
4126,2,3,5
4266,2,3,5
4388,3,3,6
4618,5,3,8
4877,0,3,3
6364,1,3,4
6486,0,3,3
6533,2,3,5
6694,4,3,7
6780,0,3,3
8496,0,3,3
3409,0,3,3
540,5,3,8
5627,0,3,3
818,12,3,15
2656,7,3,10
2979,2,3,5
3656,1,3,4
5538,0,3,3
5958,0,3,3
871,4,3,7
7282,0,3,3
8036,0,3,3
8763,0,3,3
8819,0,3,3
6674,1,3,4
269,45,3,48
462,2,3,5
5549,1,3,4
488,15,3,18
558,7,3,10
612,8,3,11
869,6,3,9
1092,6,3,9
1442,1,3,4
1640,7,3,10
1677,13,3,16
6764,0,3,3
1829,3,3,6
1903,1,3,4
1939,3,3,6
2027,0,3,3
7114,0,3,3
2064,1,3,4
2137,3,3,6
7224,0,3,3
2383,1,3,4
3252,1,3,4
3255,3,3,6
3350,1,3,4
4906,0,3,3
6435,3,3,6
1348,2,3,5
6576,1,3,4
7233,0,3,3
7732,0,3,3
7937,0,3,3
8067,1,3,4
2980,7,3,10
8119,0,3,3
8493,0,3,3
9036,0,3,3
9181,0,3,3
9205,0,3,3
4118,2,3,5
9869,0,3,3
527,26,3,29
5614,0,3,3
679,22,3,25
741,15,3,18
854,4,3,7
1479,10,3,13
6566,0,3,3
1491,2,3,5
1584,3,3,6
6671,0,3,3
1606,17,3,20
1630,1,3,4
1756,1,3,4
1849,2,3,5
2197,2,3,5
2294,4,3,7
2362,6,3,9
2387,5,3,8
2673,4,3,7
3038,0,3,3
3147,1,3,4
3241,0,3,3
3778,2,3,5
8865,0,3,3
3783,2,3,5
3822,5,3,8
3827,0,3,3
3966,1,3,4
4265,2,3,5
4485,2,3,5
4528,2,3,5
4701,2,3,5
9788,0,3,3
4761,4,3,7
4866,1,3,4
6378,0,3,3
6537,1,3,4
6996,1,3,4
7234,1,3,4
2147,4,3,7
7236,1,3,4
7288,0,3,3
2201,7,3,10
7475,0,3,3
7515,1,3,4
9082,0,3,3
9300,0,3,3
9515,0,3,3
9970,0,3,3
4883,0,3,3
609,7,3,10
833,9,3,12
1608,1,3,4
6695,2,3,5
8041,1,3,4
1531,3,3,6
1643,10,3,13
1856,4,3,7
1908,7,3,10
2493,2,3,5
4071,2,3,5
4812,1,3,4
5449,1,3,4
362,8,3,11
6710,1,3,4
1623,6,3,9
9356,0,3,3
4269,1,3,4
503,15,3,18
1392,6,3,9
6479,0,3,3
1403,0,3,3
6490,0,3,3
1889,5,3,8
2934,4,3,7
8021,0,3,3
3000,0,3,3
3698,3,3,6
3703,2,3,5
6559,3,3,6
1472,8,3,11
6890,1,3,4
1803,2,3,5
8562,0,3,3
3475,4,3,7
8773,0,3,3
989,2,3,5
6076,0,3,3
1345,15,3,18
3606,0,3,3
8693,0,3,3
3847,2,3,5
4177,7,3,10
4314,2,3,5
4838,0,3,3
9925,0,3,3
5292,0,3,3
205,3,3,6
6243,0,3,3
1156,3,3,6
784,1,3,4
1232,1,3,4
6319,0,3,3
1514,1,3,4
6601,1,3,4
1691,5,3,8
2053,2,3,5
7140,0,3,3
2057,8,3,11
2200,0,3,3
2444,3,3,6
2483,2,3,5
2488,2,3,5
7575,1,3,4
2500,5,3,8
7587,0,3,3
3094,2,3,5
3662,1,3,4
3876,0,3,3
3880,1,3,4
3950,1,3,4
4357,2,3,5
4780,1,3,4
4961,1,3,4
5057,0,3,3
7161,0,3,3
7592,0,3,3
8038,1,3,4
8193,1,3,4
8231,1,3,4
332,17,3,20
5419,0,3,3
1094,1,3,4
6181,3,3,6
1781,8,3,11
2162,4,3,7
2212,0,3,3
2537,6,3,9
2683,5,3,8
2860,4,3,7
2973,1,3,4
2982,3,3,6
3024,1,3,4
3902,8,3,11
4088,2,3,5
4153,0,3,3
4181,2,3,5
4286,1,3,4
4583,1,3,4
4629,0,3,3
4918,0,3,3
5016,2,3,5
5853,0,3,3
766,3,3,6
6786,1,3,4
7391,0,3,3
8129,1,3,4
8237,1,3,4
8319,0,3,3
9431,0,3,3
9477,0,3,3
9858,0,3,3
9926,0,3,3
360,14,3,17
2820,3,3,6
3114,3,3,6
6434,1,3,4
1347,3,3,6
6948,1,3,4
8310,0,3,3
8364,0,3,3
578,14,3,17
2335,4,3,7
2464,2,3,5
2589,15,3,18
2638,2,3,5
7725,0,3,3
3473,1,3,4
8560,0,3,3
3570,3,3,6
3896,0,3,3
4296,1,3,4
4298,0,3,3
4787,1,3,4
7962,0,3,3
2875,7,3,10
8063,1,3,4
2976,1,3,4
8137,1,3,4
3050,1,3,4
8370,0,3,3
3283,3,3,6
9447,0,3,3
9807,0,3,3
9821,0,3,3
424,3,3,6
5511,0,3,3
511,12,3,15
5598,1,3,4
638,10,3,13
739,18,3,21
1019,9,3,12
1233,2,3,5
2115,1,3,4
3118,2,3,5
3439,4,3,7
3644,1,3,4
4025,2,3,5
4294,3,3,6
9381,0,3,3
4554,5,3,8
4776,1,3,4
6350,0,3,3
6660,2,3,5
1573,2,3,5
7200,0,3,3
9327,1,3,4
4240,0,3,3
9470,0,3,3
178,6,3,9
481,17,3,20
815,9,3,12
875,8,3,11
1052,7,3,10
1214,3,3,6
1242,4,3,7
1396,4,3,7
1656,8,3,11
1750,9,3,12
6837,0,3,3
1782,5,3,8
6869,1,3,4
1851,3,3,6
3540,4,3,7
4527,1,3,4
4659,1,3,4
5435,1,3,4
348,5,3,8
6631,2,3,5
6756,1,3,4
1669,6,3,9
7168,2,3,5
2081,3,3,6
7226,0,3,3
7503,0,3,3
7646,2,3,5
8485,0,3,3
3398,2,3,5
8799,0,3,3
3712,4,3,7
8810,0,3,3
3723,2,3,5
8935,0,3,3
3848,2,3,5
9969,0,3,3
1072,11,3,14
6159,0,3,3
1077,2,3,5
1259,7,3,10
1636,0,3,3
1942,6,3,9
2329,2,3,5
2446,3,3,6
2623,4,3,7
7710,0,3,3
3184,2,3,5
8271,0,3,3
3411,3,3,6
3808,2,3,5
6393,1,3,4
8765,0,3,3
887,10,3,13
2543,2,3,5
7630,1,3,4
2879,4,3,7
2888,4,3,7
3395,5,3,8
3940,1,3,4
4572,3,3,6
7871,0,3,3
2784,4,3,7
9819,0,3,3
709,7,3,10
1173,2,3,5
1284,0,3,3
2781,2,3,5
3413,2,3,5
3568,2,3,5
3957,0,3,3
7311,0,3,3
650,10,3,13
743,8,3,11
960,3,3,6
1681,7,3,10
1977,1,3,4
3579,2,3,5
3687,0,3,3
4394,2,3,5
9481,1,3,4
6124,3,3,6
6629,1,3,4
1542,9,3,12
7772,0,3,3
2685,1,3,4
7872,0,3,3
2785,0,3,3
8115,0,3,3
3028,2,3,5
230,28,3,31
676,9,3,12
1372,9,3,12
1451,10,3,13
1679,10,3,13
1682,2,3,5
6769,1,3,4
2325,7,3,10
7412,0,3,3
2401,2,3,5
3076,2,3,5
3426,3,3,6
3429,3,3,6
3785,0,3,3
3885,2,3,5
4520,4,3,7
4717,5,3,8
9804,0,3,3
4865,2,3,5
5723,1,3,4
7829,0,3,3
2742,4,3,7
7837,0,3,3
7954,0,3,3
7998,0,3,3
211,22,3,25
263,23,3,26
5350,2,3,5
446,17,3,20
1084,5,3,8
1098,13,3,16
1389,5,3,8
6476,0,3,3
1469,4,3,7
1940,1,3,4
2130,4,3,7
3445,1,3,4
8532,0,3,3
3812,0,3,3
3838,0,3,3
3850,1,3,4
4539,1,3,4
4995,2,3,5
5647,0,3,3
6341,1,3,4
6456,0,3,3
6560,0,3,3
6581,1,3,4
6591,0,3,3
1504,3,3,6
8146,2,3,5
9169,0,3,3
9752,0,3,3
4665,2,3,5
9790,0,3,3
4703,1,3,4
529,9,3,12
1911,4,3,7
1995,2,3,5
2131,0,3,3
3098,3,3,6
3285,2,3,5
3498,1,3,4
4285,1,3,4
4327,0,3,3
4641,2,3,5
4832,1,3,4
5541,2,3,5
454,12,3,15
6959,1,3,4
9034,0,3,3
506,13,3,16
772,12,3,15
5859,2,3,5
885,1,3,4
935,5,3,8
1062,8,3,11
1165,6,3,9
1211,1,3,4
1983,2,3,5
3075,4,3,7
8162,0,3,3
3709,1,3,4
3711,4,3,7
3918,2,3,5
9005,0,3,3
4002,3,3,6
4237,3,3,6
9324,0,3,3
4826,1,3,4
6263,0,3,3
6623,0,3,3
7005,0,3,3
7292,0,3,3
7328,0,3,3
1716,5,3,8
1926,4,3,7
2261,4,3,7
3010,2,3,5
3087,0,3,3
8174,2,3,5
3226,3,3,6
3472,4,3,7
3706,0,3,3
5087,1,3,4
6541,2,3,5
7044,2,3,5
9137,0,3,3
4050,1,3,4
9713,0,3,3
660,5,3,8
5747,2,3,5
695,10,3,13
779,8,3,11
799,10,3,13
5886,0,3,3
2219,4,3,7
2282,4,3,7
3756,0,3,3
4376,4,3,7
4778,1,3,4
6037,1,3,4
950,12,3,15
7051,0,3,3
1964,1,3,4
7323,1,3,4
8756,0,3,3
9582,0,3,3
3518,0,3,3
9155,0,3,3
4068,2,3,5
317,13,3,16
884,8,3,11
1621,6,3,9
6708,0,3,3
1783,8,3,11
6870,0,3,3
1801,1,3,4
6888,0,3,3
2083,4,3,7
4447,0,3,3
4688,0,3,3
7468,1,3,4
8141,0,3,3
3054,0,3,3
9517,0,3,3
1103,8,3,11
2167,2,3,5
3391,1,3,4
3517,3,3,6
3734,2,3,5
4180,1,3,4
5049,0,3,3
5560,7,3,10
5675,1,3,4
5842,0,3,3
755,13,3,16
6430,0,3,3
8787,1,3,4
8987,1,3,4
9549,0,3,3
1240,7,3,10
2038,2,3,5
2417,1,3,4
3799,1,3,4
4606,0,3,3
9022,0,3,3
1567,5,3,8
2171,7,3,10
3626,5,3,8
7238,0,3,3
8253,1,3,4
3166,2,3,5
2133,0,3,3
5504,4,3,7
417,22,3,25
6464,0,3,3
7634,0,3,3
9099,0,3,3
414,10,3,13
494,10,3,13
5581,0,3,3
808,6,3,9
857,2,3,5
2695,0,3,3
3386,4,3,7
4145,0,3,3
4509,1,3,4
4873,1,3,4
9960,0,3,3
4986,1,3,4
4991,0,3,3
7034,2,3,5
8582,0,3,3
659,3,3,6
3266,0,3,3
3791,2,3,5
3883,0,3,3
6884,0,3,3
7941,0,3,3
8465,1,3,4
9271,0,3,3
173,23,3,26
394,1,3,4
611,7,3,10
5698,0,3,3
1064,5,3,8
2000,3,3,6
2363,3,3,6
2708,0,3,3
4189,8,3,11
4433,4,3,7
9520,0,3,3
6227,0,3,3
1140,5,3,8
6975,1,3,4
8156,0,3,3
3069,2,3,5
8429,0,3,3
9938,0,3,3
172,65,3,68
5259,0,3,3
495,8,3,11
614,6,3,9
744,11,3,14
777,4,3,7
822,5,3,8
897,11,3,14
1305,4,3,7
1334,9,3,12
1416,8,3,11
6503,0,3,3
1855,1,3,4
1985,0,3,3
2010,2,3,5
2106,5,3,8
2170,8,3,11
2174,1,3,4
2389,4,3,7
2406,0,3,3
3125,3,3,6
8212,0,3,3
3209,1,3,4
8296,1,3,4
3490,0,3,3
8577,0,3,3
3631,0,3,3
3793,1,3,4
3948,2,3,5
4239,5,3,8
4460,0,3,3
4516,4,3,7
4674,1,3,4
5043,1,3,4
5553,1,3,4
5911,1,3,4
5931,0,3,3
6659,1,3,4
7037,0,3,3
7265,0,3,3
2178,2,3,5
7296,1,3,4
7378,0,3,3
2291,1,3,4
7427,0,3,3
2340,1,3,4
7525,0,3,3
7625,0,3,3
2538,4,3,7
7684,0,3,3
2597,0,3,3
7801,2,3,5
8742,0,3,3
9545,0,3,3
9685,0,3,3
9835,0,3,3
9958,0,3,3
316,43,3,46
606,15,3,18
5693,1,3,4
962,10,3,13
1556,0,3,3
1597,3,3,6
1987,7,3,10
2160,2,3,5
4455,1,3,4
4605,0,3,3
7599,1,3,4
8003,0,3,3
9801,0,3,3
4567,1,3,4
5030,1,3,4
7060,0,3,3
1973,10,3,13
9855,0,3,3
1268,2,3,5
2360,1,3,4
4675,0,3,3
590,2,3,5
5677,1,3,4
616,7,3,10
644,8,3,11
948,8,3,11
1129,1,3,4
1492,6,3,9
6579,0,3,3
1969,3,3,6
2069,5,3,8
3457,4,3,7
3493,8,3,11
3501,1,3,4
8588,0,3,3
3576,3,3,6
3754,1,3,4
4623,1,3,4
4941,0,3,3
5512,0,3,3
6702,0,3,3
1615,5,3,8
7189,0,3,3
8407,0,3,3
3320,1,3,4
8572,0,3,3
9336,0,3,3
627,18,3,21
849,2,3,5
1073,6,3,9
1105,6,3,9
6192,0,3,3
1245,12,3,15
1354,5,3,8
1414,4,3,7
4103,3,3,6
4828,0,3,3
6408,0,3,3
6588,2,3,5
1501,4,3,7
7849,0,3,3
9222,0,3,3
2947,1,3,4
4649,3,3,6
7783,0,3,3
8368,0,3,3
1359,3,3,6
7696,0,3,3
1178,5,3,8
1759,5,3,8
6846,1,3,4
3692,0,3,3
3875,0,3,3
4401,2,3,5
9272,0,3,3
4185,1,3,4
398,7,3,10
774,13,3,16
2981,6,3,9
3520,6,3,9
9947,0,3,3
4860,2,3,5
159,44,3,47
698,3,3,6
758,14,3,17
1185,1,3,4
2792,2,3,5
3611,0,3,3
8698,0,3,3
5034,2,3,5
5071,1,3,4
6137,0,3,3
1050,9,3,12
6796,0,3,3
1709,8,3,11
496,5,3,8
1499,4,3,7
1670,9,3,12
2186,0,3,3
2581,3,3,6
2838,10,3,13
7925,0,3,3
2844,2,3,5
3007,2,3,5
4043,7,3,10
4919,2,3,5
6204,1,3,4
6233,1,3,4
1146,13,3,16
7085,0,3,3
8108,0,3,3
8182,2,3,5
9180,0,3,3
4093,3,3,6
1968,0,3,3
2292,3,3,6
2492,1,3,4
3500,1,3,4
4096,0,3,3
4364,1,3,4
4473,0,3,3
9560,0,3,3
4925,0,3,3
5000,0,3,3
5955,1,3,4
868,3,3,6
5961,2,3,5
874,6,3,9
6653,0,3,3
6838,0,3,3
7364,0,3,3
7715,0,3,3
7953,0,3,3
8422,0,3,3
9104,0,3,3
9125,0,3,3
9529,0,3,3
9535,0,3,3
4448,3,3,6
9604,0,3,3
322,21,3,24
1657,8,3,11
2782,0,3,3
4637,1,3,4
7421,0,3,3
8104,0,3,3
8232,0,3,3
8823,0,3,3
9384,0,3,3
858,10,3,13
984,7,3,10
1036,6,3,9
1112,4,3,7
1318,5,3,8
6405,1,3,4
1518,6,3,9
1687,0,3,3
2840,2,3,5
3337,1,3,4
3442,2,3,5
3817,4,3,7
6203,0,3,3
6409,0,3,3
6873,0,3,3
7751,2,3,5
8001,0,3,3
2914,5,3,8
9550,0,3,3
272,13,3,16
1353,4,3,7
2431,1,3,4
2989,0,3,3
530,8,3,11
1474,8,3,11
1526,6,3,9
6613,1,3,4
1735,5,3,8
3070,2,3,5
4373,4,3,7
7069,2,3,5
1982,5,3,8
7081,0,3,3
8275,0,3,3
8405,0,3,3
8817,0,3,3
9814,0,3,3
9837,0,3,3
1882,3,3,6
2391,0,3,3
3968,2,3,5
4039,0,3,3
5752,1,3,4
665,9,3,12
6248,1,3,4
1040,3,3,6
1381,15,3,18
2425,4,3,7
2577,0,3,3
2986,2,3,5
8073,1,3,4
3237,3,3,6
3385,3,3,6
4969,0,3,3
5968,0,3,3
881,11,3,14
7336,0,3,3
7605,1,3,4
2518,6,3,9
251,9,3,12
683,11,3,14
5770,0,3,3
2677,7,3,10
2909,1,3,4
2920,3,3,6
4019,3,3,6
4275,0,3,3
4914,3,3,6
9558,0,3,3
740,10,3,13
747,2,3,5
1710,2,3,5
1792,4,3,7
3422,4,3,7
3960,0,3,3
4130,2,3,5
1158,18,3,21
1652,2,3,5
4689,2,3,5
7797,0,3,3
9493,0,3,3
562,6,3,9
763,14,3,17
1013,4,3,7
1180,2,3,5
1391,5,3,8
1769,3,3,6
6856,1,3,4
1777,6,3,9
2831,3,3,6
3162,3,3,6
3502,0,3,3
3536,0,3,3
4754,1,3,4
6000,0,3,3
913,6,3,9
7780,1,3,4
9505,0,3,3
369,12,3,15
2311,0,3,3
3051,3,3,6
3757,1,3,4
8566,0,3,3
9895,0,3,3
756,3,3,6
5843,0,3,3
816,8,3,11
1106,2,3,5
1506,2,3,5
4171,2,3,5
653,16,3,19
2608,10,3,13
1407,4,3,7
2196,2,3,5
3661,2,3,5
4191,3,3,6
8913,0,3,3
1724,0,3,3
2161,2,3,5
4015,1,3,4
5013,0,3,3
7117,0,3,3
8048,0,3,3
2961,4,3,7
386,17,3,20
387,6,3,9
498,26,3,29
865,12,3,15
946,13,3,16
1058,3,3,6
1397,10,3,13
1841,4,3,7
1975,0,3,3
2075,4,3,7
2172,3,3,6
7259,1,3,4
2643,3,3,6
2872,2,3,5
3083,2,3,5
8170,1,3,4
3130,1,3,4
3456,0,3,3
3604,6,3,9
8691,0,3,3
3755,2,3,5
4508,0,3,3
4619,1,3,4
4844,6,3,9
4853,1,3,4
5031,1,3,4
6569,0,3,3
6878,1,3,4
7832,0,3,3
9599,0,3,3
4512,0,3,3
2565,3,3,6
2662,2,3,5
3562,1,3,4
661,2,3,5
680,12,3,15
726,9,3,12
933,5,3,8
1857,0,3,3
1897,4,3,7
6984,1,3,4
1930,1,3,4
2402,4,3,7
3240,5,3,8
3347,0,3,3
3782,0,3,3
4243,1,3,4
4678,1,3,4
4764,1,3,4
5901,1,3,4
6510,0,3,3
1423,3,3,6
7464,0,3,3
9132,0,3,3
9795,0,3,3
378,26,3,29
396,3,3,6
1477,1,3,4
6564,1,3,4
2631,0,3,3
3458,5,3,8
4817,2,3,5
6810,1,3,4
8263,0,3,3
252,11,3,14
306,11,3,14
795,14,3,17
914,21,3,24
1065,0,3,3
1081,6,3,9
1900,1,3,4
2355,0,3,3
2616,5,3,8
2766,3,3,6
2868,1,3,4
2897,6,3,9
3202,0,3,3
3334,1,3,4
4277,1,3,4
4681,0,3,3
5594,1,3,4
7505,1,3,4
8611,1,3,4
8760,0,3,3
8936,0,3,3
9683,0,3,3
812,12,3,15
970,7,3,10
1810,6,3,9
2621,7,3,10
3618,3,3,6
4268,0,3,3
4533,0,3,3
4849,2,3,5
4856,2,3,5
9920,0,3,3
2384,4,3,7
3670,3,3,6
3894,0,3,3
175,33,3,36
649,5,3,8
1083,6,3,9
1155,6,3,9
1701,5,3,8
1826,3,3,6
5044,0,3,3
6390,2,3,5
1303,5,3,8
9224,0,3,3
9536,0,3,3
656,14,3,17
1917,2,3,5
2480,8,3,11
6737,1,3,4
1650,0,3,3
9979,0,3,3
1169,9,3,12
1285,1,3,4
1427,2,3,5
1624,0,3,3
1990,4,3,7
2528,4,3,7
4085,1,3,4
4102,2,3,5
4110,2,3,5
4293,0,3,3
4687,0,3,3
4803,1,3,4
4887,2,3,5
5018,1,3,4
5589,3,3,6
502,4,3,7
5773,2,3,5
686,16,3,19
5983,0,3,3
6515,1,3,4
6525,0,3,3
6898,0,3,3
7242,0,3,3
470,13,3,16
1164,2,3,5
1675,1,3,4
2627,2,3,5
4625,1,3,4
9712,0,3,3
5035,2,3,5
5814,0,3,3
6356,3,3,6
8077,2,3,5
2990,4,3,7
9635,0,3,3
1220,4,3,7
4318,0,3,3
4799,1,3,4
5048,2,3,5
6696,1,3,4
1609,2,3,5
8737,0,3,3
1089,1,3,4
1231,3,3,6
7139,0,3,3
8198,0,3,3
8499,3,3,6
9990,0,3,3
4412,2,3,5
9499,0,3,3
7395,0,3,3
7574,0,3,3
8704,0,3,3
3617,3,3,6
632,7,3,10
825,11,3,14
1060,1,3,4
1902,7,3,10
2235,4,3,7
2244,2,3,5
4607,2,3,5
4639,0,3,3
4978,1,3,4
9109,0,3,3
9689,0,3,3
294,12,3,15
4209,3,3,6
4402,3,3,6
7047,1,3,4
7207,0,3,3
1954,1,3,4
2238,1,3,4
2669,1,3,4
2856,2,3,5
5069,5,3,8
6402,0,3,3
1315,2,3,5
7150,0,3,3
7229,0,3,3
8167,1,3,4
672,3,3,6
3564,0,3,3
9110,0,3,3
9141,0,3,3
1241,6,3,9
2288,3,3,6
4946,0,3,3
3674,0,3,3
9567,0,3,3
3287,2,3,5
4242,2,3,5
4311,0,3,3
4955,0,3,3
505,6,3,9
855,2,3,5
1971,0,3,3
2055,0,3,3
3368,4,3,7
3464,4,3,7
4008,5,3,8
4634,0,3,3
4737,3,3,6
5635,2,3,5
7597,1,3,4
8055,0,3,3
8495,1,3,4
8871,0,3,3
9585,0,3,3
9857,0,3,3
6770,0,3,3
561,6,3,9
2280,1,3,4
3044,1,3,4
3345,0,3,3
4197,1,3,4
6271,1,3,4
6641,0,3,3
1047,4,3,7
1201,10,3,13
1844,0,3,3
6931,0,3,3
2266,4,3,7
2463,3,3,6
2474,3,3,6
2620,3,3,6
3629,1,3,4
7577,0,3,3
3813,6,3,9
4443,0,3,3
8401,0,3,3
1790,4,3,7
2240,9,3,12
5774,3,3,6
6940,0,3,3
9428,0,3,3
1772,1,3,4
3299,3,3,6
7513,1,3,4
7694,0,3,3
8027,2,3,5
9490,0,3,3
9825,0,3,3
479,4,3,7
1298,6,3,9
3349,1,3,4
3971,0,3,3
4343,5,3,8
9323,0,3,3
9941,0,3,3
9951,0,3,3
595,1,3,4
3771,2,3,5
8858,1,3,4
4466,0,3,3
6792,2,3,5
7842,0,3,3
9498,0,3,3
3864,4,3,7
9128,0,3,3
3717,2,3,5
568,12,3,15
1745,2,3,5
2600,3,3,6
1915,1,3,4
4536,4,3,7
7527,2,3,5
8143,0,3,3
9020,0,3,3
9060,0,3,3
838,13,3,16
2602,1,3,4
3137,1,3,4
3215,1,3,4
6585,0,3,3
9100,0,3,3
9898,0,3,3
926,6,3,9
1885,4,3,7
3719,2,3,5
4036,2,3,5
4465,1,3,4
5063,4,3,7
5981,1,3,4
6829,0,3,3
8226,0,3,3
9297,0,3,3
1032,18,3,21
2686,1,3,4
2822,1,3,4
3242,0,3,3
3835,0,3,3
3878,0,3,3
8052,0,3,3
8619,0,3,3
1168,1,3,4
1557,6,3,9
1754,6,3,9
4321,4,3,7
6860,0,3,3
516,22,3,25
1079,7,3,10
2145,4,3,7
3006,3,3,6
4021,2,3,5
4058,3,3,6
4075,2,3,5
4334,2,3,5
5003,1,3,4
7309,0,3,3
8557,0,3,3
979,5,3,8
991,11,3,14
1175,4,3,7
1671,6,3,9
1832,4,3,7
2202,1,3,4
2823,1,3,4
2960,2,3,5
4107,0,3,3
