Node,InDegree,OutDegree,TotalDegree
27705,0,1,1
27038,0,1,1
26999,1,0,1
26998,1,0,1
26956,0,1,1
26536,1,0,1
26545,1,2,3
26361,0,1,1
27576,0,1,1
26147,1,0,1
27211,0,1,1
26534,0,2,2
26088,1,0,1
26029,1,0,1
26018,1,0,1
27459,0,1,1
26674,0,1,1
25891,3,0,3
25875,1,0,1
25740,1,0,1
26010,1,3,4
25940,0,2,2
25586,1,1,2
25578,2,0,2
26532,0,3,3
27578,3,4,7
27004,0,1,1
25414,0,1,1
25264,1,0,1
26760,0,2,2
25259,1,0,1
25470,1,1,2
26235,0,1,1
25229,1,0,1
26212,0,1,1
25063,0,1,1
26636,0,2,2
24980,0,1,1
24949,1,0,1
26108,2,3,5
26342,0,1,1
26832,0,8,8
25833,0,1,1
24842,1,0,1
26739,0,3,3
26533,0,2,2
24736,1,0,1
27511,0,2,2
26188,2,1,3
24667,1,0,1
24655,1,0,1
27598,0,6,6
26202,0,1,1
27410,1,3,4
25339,0,1,1
24354,1,0,1
24350,1,0,1
24346,1,0,1
24648,0,3,3
24304,1,0,1
25050,1,3,4
25042,1,2,3
24551,2,1,3
24276,3,0,3
24263,1,0,1
26526,0,1,1
24238,3,0,3
24537,0,1,1
26856,0,4,4
27104,0,2,2
24523,0,2,2
23858,1,0,1
23829,2,0,2
23828,3,0,3
23827,3,0,3
25065,0,1,1
25268,0,1,1
23772,1,0,1
24322,1,1,2
27343,0,1,1
24694,0,1,1
23629,1,0,1
23527,1,0,1
23747,0,2,2
23746,1,1,2
23454,3,0,3
24420,1,1,2
24945,1,1,2
24431,0,1,1
23250,1,0,1
25902,0,1,1
23194,1,0,1
23151,1,0,1
24202,6,2,8
24976,0,1,1
25718,0,2,2
23023,5,0,5
23001,1,0,1
26817,0,11,11
25044,0,1,1
27474,0,2,2
26199,0,2,2
25493,1,1,2
22803,2,0,2
22764,1,0,1
24442,0,1,1
22712,2,0,2
22681,1,0,1
25282,0,2,2
23550,0,8,8
22968,3,4,7
27136,0,6,6
24161,1,1,2
22629,2,0,2
26537,1,1,2
26272,0,1,1
22618,1,0,1
22698,0,1,1
22567,2,0,2
22533,2,0,2
24687,0,1,1
22451,1,1,2
25236,2,4,6
23558,0,2,2
24030,1,2,3
24599,0,1,1
23284,1,2,3
22258,2,0,2
22255,1,0,1
24185,1,4,5
24028,2,3,5
26330,0,1,1
24245,0,2,2
24967,1,1,2
27437,0,14,14
26275,1,9,10
26106,0,5,5
25977,2,32,34
25947,1,18,19
25826,0,2,2
24915,2,6,8
24201,0,6,6
23602,1,2,3
24320,1,2,3
23816,0,2,2
23365,2,1,3
22142,4,0,4
22141,1,0,1
25444,0,1,1
22101,1,0,1
25819,0,2,2
22020,1,0,1
21996,1,0,1
21981,1,0,1
21977,2,0,2
25423,0,2,2
21926,1,0,1
26587,1,5,6
23623,8,6,14
21866,1,0,1
22848,0,3,3
21845,3,0,3
24767,1,2,3
27597,0,3,3
21769,2,0,2
21767,1,0,1
24306,0,1,1
23703,2,3,5
21701,3,0,3
22577,1,1,2
24257,0,3,3
25970,1,2,3
27121,0,5,5
26969,0,7,7
21591,2,0,2
21873,1,1,2
21568,2,0,2
21557,1,0,1
21771,0,1,1
22368,0,2,2
21607,1,1,2
21549,2,0,2
21502,1,0,1
24328,0,2,2
21484,1,0,1
21480,0,1,1
24521,0,1,1
22602,1,1,2
26616,0,2,2
23975,1,5,6
27591,0,4,4
25807,3,3,6
21392,0,1,1
21389,1,0,1
22704,0,1,1
24423,0,2,2
24127,1,2,3
21890,0,1,1
21326,1,0,1
21295,2,0,2
21263,2,0,2
22660,0,2,2
27762,0,8,8
21232,1,0,1
21200,1,0,1
21196,1,0,1
27026,0,3,3
21185,1,0,1
24502,0,1,1
21134,1,0,1
21133,2,0,2
21124,1,0,1
21069,1,0,1
21420,0,2,2
24113,0,1,1
21003,1,0,1
27044,2,4,6
24278,1,25,26
26668,0,5,5
25184,1,4,5
21555,1,2,3
21648,0,1,1
20904,1,0,1
20888,1,0,1
20877,1,0,1
21829,0,1,1
21063,0,1,1
20856,1,0,1
22009,4,1,5
21917,0,1,1
21877,1,2,3
21825,0,2,2
20781,2,1,3
26670,2,9,11
20725,2,0,2
21880,2,4,6
24262,0,1,1
26859,0,7,7
25219,0,1,1
22572,4,1,5
22563,3,2,5
25210,2,2,4
20621,1,0,1
22434,0,1,1
22763,0,2,2
23309,2,1,3
20602,2,0,2
24746,0,2,2
20554,1,0,1
26278,0,3,3
25898,1,3,4
21831,0,1,1
20519,1,0,1
20501,1,0,1
20497,2,0,2
25507,1,15,16
22018,15,4,19
20494,1,0,1
21490,0,2,2
21057,0,3,3
24768,2,2,4
25694,1,1,2
20370,1,0,1
25322,1,23,24
25678,0,1,1
25434,0,14,14
23521,0,1,1
27480,0,10,10
21797,0,1,1
20292,1,0,1
20286,1,0,1
23212,0,4,4
24588,0,2,2
20237,1,0,1
24556,0,2,2
23621,1,1,2
20267,2,1,3
24436,2,3,5
21165,1,1,2
20150,2,0,2
20149,2,0,2
21028,6,2,8
22130,0,1,1
20232,0,1,1
23221,14,17,31
20077,1,0,1
27381,0,5,5
26468,0,4,4
23939,0,1,1
20050,1,0,1
23767,1,1,2
20041,1,0,1
20040,1,0,1
23350,1,2,3
22694,2,2,4
24620,0,1,1
19953,1,0,1
22151,1,1,2
19948,1,0,1
27174,0,6,6
25715,1,1,2
23484,0,3,3
22739,2,1,3
21794,3,1,4
21620,1,1,2
19870,1,0,1
19866,1,0,1
22148,1,1,2
25982,0,2,2
24040,1,2,3
25765,0,5,5
20220,2,2,4
20209,2,2,4
20127,3,1,4
19777,4,0,4
25954,0,4,4
22675,0,10,10
22613,1,5,6
22015,0,1,1
21517,0,3,3
21239,1,3,4
20521,2,1,3
19734,3,0,3
19713,4,0,4
19710,2,0,2
19709,1,0,1
24290,6,14,20
19697,2,0,2
27239,0,4,4
26823,2,3,5
25776,0,13,13
21018,1,1,2
23837,0,2,2
21090,0,2,2
22388,0,1,1
19573,1,0,1
27230,1,1,2
21694,0,3,3
19887,0,2,2
19822,2,1,3
22234,4,12,16
19548,2,0,2
19514,1,0,1
23841,0,3,3
22863,0,1,1
24923,0,3,3
22732,3,4,7
22277,4,1,5
22855,0,1,1
19478,1,0,1
23559,0,1,1
27524,0,6,6
26829,1,8,9
26007,0,6,6
23150,7,12,19
27363,0,2,2
22260,3,2,5
19764,3,1,4
23812,0,5,5
21973,1,7,8
21686,2,3,5
27570,0,8,8
19372,1,0,1
19360,1,0,1
19356,2,0,2
26603,1,10,11
23035,0,2,2
23942,1,2,3
25019,0,3,3
26896,0,4,4
24983,0,4,4
23863,0,4,4
21195,0,2,2
27236,0,5,5
26082,0,2,2
22596,3,2,5
20756,1,1,2
21632,2,1,3
19274,1,0,1
21687,0,1,1
21670,0,1,1
19238,1,0,1
19217,2,0,2
25508,0,2,2
26190,0,1,1
21539,0,1,1
22305,0,1,1
19182,1,0,1
21755,1,2,3
21654,2,1,3
19160,3,0,3
27190,0,8,8
26424,1,12,13
26378,0,28,28
25935,3,32,35
25203,4,22,26
24410,0,5,5
23700,0,17,17
22554,1,12,13
22210,1,11,12
21745,3,14,17
20502,7,20,27
23255,1,2,3
26914,0,1,1
24705,0,1,1
22224,0,4,4
21922,0,4,4
21428,2,2,4
19127,1,0,1
27531,0,5,5
19107,2,0,2
21016,0,2,2
24725,2,5,7
25641,1,4,5
25473,2,4,6
19782,1,1,2
19052,2,0,2
22556,1,12,13
21216,2,1,3
19009,1,0,1
26643,0,6,6
24045,0,2,2
18991,1,0,1
20867,0,1,1
18973,1,0,1
26746,0,5,5
23919,0,3,3
27212,2,3,5
25624,3,2,5
21506,2,1,3
18921,4,0,4
23177,0,2,2
23141,1,1,2
18895,3,0,3
24224,0,1,1
21802,2,5,7
23974,1,13,14
18864,5,0,5
22173,1,2,3
20039,0,3,3
18862,3,0,3
25793,0,7,7
19059,1,1,2
21352,0,1,1
21269,0,2,2
18809,3,0,3
25587,0,1,1
24479,0,2,2
26942,0,3,3
20694,0,7,7
19409,0,2,2
20399,0,1,1
21901,0,2,2
18766,1,0,1
22775,0,1,1
18750,4,0,4
20699,3,3,6
18738,1,0,1
18725,1,0,1
25986,0,3,3
23760,0,3,3
19648,0,1,1
18698,2,0,2
19387,0,1,1
18683,1,0,1
18670,5,0,5
18669,5,0,5
26328,0,3,3
20214,0,1,1
18666,2,0,2
25025,1,2,3
19996,0,2,2
18663,5,0,5
18657,1,0,1
23631,6,7,13
20119,0,2,2
24326,0,2,2
22005,1,1,2
19124,0,1,1
18627,1,0,1
24974,1,2,3
18611,2,0,2
21183,0,3,3
19204,1,2,3
24644,0,1,1
18710,0,1,1
19724,0,1,1
20829,1,2,3
20911,1,1,2
26755,0,3,3
18939,1,1,2
18536,1,0,1
20594,1,2,3
20452,2,1,3
18653,0,1,1
24824,0,4,4
18522,3,0,3
18510,1,0,1
18509,2,0,2
23713,0,2,2
18508,1,0,1
20646,3,1,4
26637,1,3,4
24480,0,2,2
21723,6,1,7
20791,2,2,4
22405,0,3,3
18708,5,1,6
21733,0,1,1
20328,1,1,2
27595,2,5,7
23555,4,2,6
18377,11,0,11
22370,1,2,3
22521,1,2,3
18590,2,1,3
23815,0,1,1
22507,0,1,1
21804,1,2,3
18355,6,0,6
18759,0,1,1
20794,2,1,3
18326,3,0,3
25772,1,1,2
26876,0,2,2
18320,1,0,1
27172,0,6,6
24001,0,6,6
22424,6,4,10
20304,8,1,9
23482,3,1,4
18259,4,0,4
24395,0,1,1
21391,1,1,2
18561,2,1,3
26162,1,5,6
23927,0,5,5
19303,0,2,2
19398,0,1,1
18224,2,0,2
18258,0,1,1
18205,1,0,1
21131,1,1,2
24022,0,1,1
19757,0,2,2
19683,6,1,7
24360,1,4,5
19851,4,1,5
18123,6,0,6
21437,0,3,3
18119,3,0,3
18111,5,0,5
20827,0,4,4
25566,0,5,5
18065,1,0,1
21217,0,2,2
18061,2,0,2
24261,1,3,4
19606,0,2,2
22656,0,1,1
21844,2,1,3
18156,0,1,1
18014,1,0,1
24724,3,12,15
23274,3,6,9
22292,1,8,9
19593,11,8,19
22769,0,3,3
22728,2,1,3
21795,0,1,1
18004,1,0,1
24799,0,1,1
20234,0,1,1
20407,0,1,1
22625,0,1,1
17970,3,0,3
17966,1,0,1
17961,2,0,2
23196,0,4,4
20537,0,1,1
19080,0,1,1
17932,1,0,1
23473,3,5,8
26239,2,14,16
17922,2,0,2
22516,1,4,5
17919,1,0,1
18295,0,3,3
18257,1,2,3
17915,2,0,2
27614,0,2,2
26438,0,3,3
22731,0,4,4
17885,1,0,1
21272,0,1,1
23031,0,4,4
23664,0,6,6
22867,2,3,5
26808,0,4,4
26490,0,3,3
21645,0,2,2
17807,1,0,1
20869,1,1,2
24074,4,4,8
19183,0,2,2
20003,0,1,1
17762,2,0,2
18086,2,2,4
26310,1,2,3
17977,0,1,1
17733,1,0,1
21402,0,8,8
21122,4,6,10
20748,0,1,1
24144,0,10,10
23823,0,13,13
21457,0,5,5
20152,1,2,3
19991,0,3,3
19186,0,3,3
18073,0,2,2
17718,19,0,19
23191,6,43,49
19540,0,1,1
19800,0,2,2
18139,2,1,3
17699,6,0,6
21758,0,4,4
23671,0,3,3
22964,9,44,53
19585,0,1,1
23407,1,1,2
18760,0,1,1
21086,0,4,4
20204,2,2,4
20175,3,1,4
17592,4,0,4
22160,0,3,3
26064,0,2,2
17579,1,0,1
25391,1,18,19
23241,0,7,7
22461,0,5,5
26764,0,14,14
23044,0,3,3
18944,3,4,7
24035,0,2,2
22473,0,1,1
22359,1,3,4
19554,0,1,1
17570,8,0,8
22027,14,10,24
23928,0,2,2
18988,0,1,1
17568,4,0,4
17553,5,0,5
26788,0,3,3
22693,6,10,16
21907,0,3,3
24186,1,16,17
18822,0,1,1
18233,0,1,1
17535,2,0,2
20074,0,3,3
17812,1,1,2
21235,6,23,29
20113,28,22,50
25405,0,14,14
26929,1,2,3
25946,0,7,7
25122,2,6,8
24307,0,5,5
20721,1,2,3
19797,4,1,5
19785,2,1,3
18525,0,1,1
17703,1,1,2
17492,3,0,3
17488,1,0,1
17483,5,0,5
27618,0,1,1
17480,1,0,1
17464,1,0,1
19223,0,1,1
20801,1,2,3
19000,2,1,3
17458,2,0,2
22597,0,2,2
20148,0,1,1
18908,1,1,2
20536,0,2,2
18911,1,1,2
24469,0,3,3
19289,0,1,1
17392,1,0,1
25358,1,30,31
20693,2,14,16
17376,1,0,1
19239,0,4,4
18741,0,2,2
23868,3,3,6
23770,5,34,39
23787,0,3,3
17391,1,1,2
22325,2,4,6
25058,2,30,32
18641,0,2,2
20258,0,2,2
20466,0,1,1
17315,2,0,2
17780,0,1,1
17307,1,0,1
18383,0,2,2
17303,2,0,2
17285,2,0,2
21206,1,3,4
18867,0,1,1
17258,1,0,1
27017,0,2,2
22040,5,2,7
17246,4,0,4
18788,0,1,1
17236,1,0,1
21725,0,4,4
22376,1,5,6
17219,3,0,3
25909,0,8,8
22079,1,12,13
20679,0,2,2
17183,2,0,2
17170,4,0,4
21846,3,1,4
20054,3,1,4
17155,4,0,4
23728,0,3,3
17946,0,2,2
17138,1,0,1
17134,1,0,1
25938,1,5,6
25576,1,4,5
18423,0,1,1
18554,2,1,3
17104,1,0,1
24926,1,15,16
19885,1,2,3
25481,0,3,3
22538,0,2,2
17066,1,0,1
17446,4,2,6
18855,0,1,1
20379,3,2,5
17035,2,0,2
24804,0,9,9
19041,5,2,7
19040,3,2,5
18830,1,3,4
21186,2,1,3
17025,1,0,1
17022,1,0,1
24203,0,5,5
17011,1,0,1
23097,0,4,4
24371,0,2,2
17889,1,2,3
24791,0,5,5
22034,0,3,3
20800,0,1,1
17479,0,1,1
26335,1,12,13
16975,2,0,2
16968,1,0,1
16965,4,0,4
23817,0,4,4
21934,2,21,23
19068,0,1,1
16960,2,0,2
22398,4,3,7
18189,5,1,6
24580,0,1,1
22515,0,10,10
20364,16,15,31
19208,1,1,2
17379,3,1,4
27278,0,5,5
18176,6,1,7
27189,0,9,9
24783,1,3,4
22060,5,18,23
24312,0,4,4
26592,1,5,6
17688,2,1,3
24091,0,2,2
26573,1,2,3
18869,1,2,3
22992,1,3,4
19236,0,2,2
17306,0,1,1
19423,1,1,2
20322,12,16,28
25366,0,7,7
27299,0,7,7
18948,1,2,3
23311,0,3,3
20208,4,1,5
19555,4,5,9
27235,2,15,17
26597,0,8,8
25951,1,8,9
25525,3,22,25
22902,0,10,10
21535,1,17,18
20695,0,15,15
19703,7,11,18
16825,7,0,7
24739,0,2,2
20137,2,1,3
21803,1,1,2
16814,1,0,1
16793,2,0,2
27234,0,1,1
22413,2,6,8
16778,1,0,1
22021,0,1,1
20625,1,1,2
16773,4,0,4
19927,1,4,5
16771,2,1,3
16762,1,0,1
17808,0,1,1
16761,1,0,1
16758,1,0,1
16757,1,0,1
21494,1,6,7
19680,0,1,1
16752,2,0,2
19131,6,1,7
26398,0,2,2
19930,2,1,3
16728,2,0,2
27736,0,6,6
26723,0,12,12
26629,0,13,13
26575,2,23,25
26379,0,5,5
25110,0,5,5
24998,1,18,19
24376,0,29,29
24188,0,17,17
23900,0,14,14
23870,0,15,15
23239,0,7,7
22746,0,15,15
22497,5,17,22
22476,0,11,11
22443,1,4,5
22315,1,17,18
21774,0,14,14
21505,1,22,23
20352,1,3,4
19821,7,24,31
18705,5,5,10
17178,12,2,14
17205,1,1,2
24578,2,1,3
17752,0,1,1
19484,0,5,5
16948,1,1,2
16694,1,0,1
23479,0,6,6
16689,3,0,3
19490,0,3,3
19371,1,1,2
16683,2,0,2
17146,5,3,8
20427,0,15,15
19633,1,11,12
18408,2,1,3
17276,0,1,1
16670,2,0,2
21622,0,1,1
21863,0,9,9
16633,14,0,14
16632,4,0,4
16614,2,0,2
21419,6,2,8
21360,2,2,4
20917,1,3,4
16587,1,0,1
19750,0,1,1
16580,1,0,1
16579,1,0,1
16572,3,0,3
26762,0,2,2
22294,0,24,24
25836,2,7,9
16545,1,0,1
22655,0,2,2
19300,3,1,4
16544,2,0,2
20006,0,1,1
16537,1,0,1
23991,2,5,7
20742,0,6,6
19458,0,2,2
27049,0,29,29
24341,0,23,23
20331,7,12,19
23996,1,3,4
19184,0,1,1
16872,1,1,2
19603,0,1,1
27394,0,2,2
16649,2,1,3
16482,1,0,1
18671,1,3,4
16464,1,0,1
24458,3,7,10
20715,8,23,31
21485,0,1,1
16453,1,0,1
23252,5,14,19
24038,0,1,1
16450,1,0,1
19224,0,2,2
17461,2,1,3
16437,2,0,2
16422,1,0,1
17356,2,2,4
16641,0,1,1
16390,1,0,1
21340,3,5,8
16389,6,0,6
27232,1,11,12
18192,3,5,8
23702,1,4,5
20311,0,1,1
18389,4,18,22
16370,4,0,4
21403,0,6,6
24936,1,7,8
22106,0,3,3
18549,0,1,1
16350,4,0,4
25069,0,3,3
23231,0,3,3
19917,0,2,2
16349,4,0,4
16343,1,0,1
24999,0,10,10
22513,0,25,25
21381,3,11,14
23964,2,9,11
21573,2,5,7
21324,0,9,9
19533,3,2,5
16326,1,0,1
16306,1,0,1
17884,0,4,4
16606,3,1,4
25829,0,2,2
24272,0,5,5
16295,1,0,1
20605,2,6,8
20211,6,20,26
20261,0,2,2
18827,1,1,2
16271,2,0,2
18266,0,1,1
16269,2,0,2
27114,0,1,1
23158,0,2,2
18826,1,1,2
26837,0,1,1
16256,3,0,3
23680,2,32,34
20011,0,1,1
20381,1,2,3
21344,2,4,6
20614,0,1,1
17971,0,1,1
16232,2,0,2
17790,2,3,5
16229,1,0,1
16224,6,0,6
23347,0,4,4
21327,0,4,4
19190,5,2,7
18387,1,2,3
25174,0,4,4
20217,1,2,3
19167,5,3,8
22384,1,24,25
18338,0,1,1
20895,1,7,8
22589,1,4,5
17742,1,1,2
26562,0,6,6
24253,0,2,2
26290,1,14,15
24031,0,2,2
26986,0,3,3
22959,1,3,4
17732,0,1,1
21956,10,42,52
27596,0,1,1
17491,1,2,3
18347,5,16,21
22496,1,4,5
21223,0,3,3
19022,2,3,5
16086,2,0,2
16085,1,0,1
24514,0,1,1
20598,3,5,8
25617,0,4,4
16074,3,0,3
27238,0,11,11
24335,1,5,6
23291,0,7,7
22892,1,9,10
23885,0,6,6
20179,1,4,5
19609,1,2,3
18324,2,2,4
27063,0,1,1
18595,1,1,2
20661,1,1,2
17224,1,1,2
25904,0,8,8
16049,7,0,7
27252,0,5,5
20838,0,7,7
20819,1,3,4
19950,1,10,11
18245,1,3,4
17810,2,5,7
16030,1,0,1
16029,1,0,1
26206,0,6,6
16028,4,0,4
16026,2,0,2
21399,3,3,6
18094,0,1,1
17070,0,2,2
16862,1,1,2
22474,0,2,2
16185,2,1,3
26626,0,7,7
24617,1,5,6
16811,1,1,2
17179,2,2,4
18401,0,1,1
24634,0,16,16
22744,3,55,58
21736,9,30,39
22310,1,2,3
17983,3,1,4
18614,7,2,9
15937,16,0,16
23801,0,1,1
22652,4,3,7
17405,2,2,4
15921,2,0,2
22335,0,33,33
26174,2,7,9
26720,0,6,6
25078,2,29,31
21772,5,22,27
26868,0,16,16
21840,3,9,12
19714,1,34,35
16934,0,1,1
16304,0,1,1
23073,0,19,19
26972,0,4,4
24205,1,3,4
21770,0,2,2
15892,3,0,3
20402,0,4,4
15882,2,0,2
17936,0,2,2
15878,2,0,2
15876,1,0,1
20744,0,3,3
19525,1,2,3
17121,1,1,2
19631,1,3,4
22192,0,3,3
19340,2,3,5
18673,2,1,3
20863,8,10,18
23802,1,17,18
21203,6,17,23
19791,3,4,7
16933,4,3,7
16567,1,1,2
23524,0,2,2
17058,0,2,2
15827,5,0,5
22247,0,2,2
19477,0,2,2
15820,2,0,2
15819,3,0,3
18758,2,2,4
17266,0,2,2
15809,1,0,1
15806,1,0,1
16693,1,1,2
15803,1,0,1
26660,0,3,3
17989,1,5,6
21692,8,17,25
17456,18,8,26
15790,2,0,2
27237,0,11,11
21824,3,32,35
15766,1,0,1
18348,0,3,3
16892,4,3,7
19826,0,2,2
15750,2,1,3
23237,0,3,3
21550,0,3,3
21473,1,2,3
21454,2,2,4
15733,5,0,5
24311,0,1,1
24153,2,3,5
18656,6,2,8
26679,0,4,4
15711,1,0,1
15706,4,0,4
24677,1,2,3
15693,3,0,3
20007,0,1,1
15691,1,0,1
22590,1,10,11
19332,1,2,3
15667,2,0,2
15661,1,0,1
17448,1,2,3
23082,6,27,33
22559,8,25,33
21985,13,30,43
16740,0,1,1
27436,0,32,32
24353,0,5,5
15653,4,0,4
15650,1,0,1
15645,1,0,1
15627,4,0,4
24955,0,3,3
19162,2,6,8
16624,4,3,7
16767,1,1,2
15607,1,0,1
17679,0,1,1
27669,0,5,5
25751,1,10,11
23443,0,7,7
22638,1,7,8
22307,9,19,28
22169,3,40,43
22149,4,14,18
21947,2,14,16
21898,7,19,26
21742,6,6,12
21587,3,10,13
21008,5,12,17
20755,20,32,52
20736,18,27,45
18914,0,13,13
20424,0,4,4
15590,3,0,3
20268,2,3,5
24255,1,2,3
23505,1,3,4
17510,1,1,2
17413,5,2,7
15571,3,0,3
15563,4,0,4
19880,0,3,3
19431,2,1,3
17864,6,2,8
16338,1,2,3
18053,0,2,2
15559,2,1,3
23026,0,6,6
20380,3,1,4
20126,0,1,1
20036,4,1,5
18045,9,23,32
15542,2,0,2
17967,0,1,1
21584,2,1,3
24316,0,15,15
18426,2,9,11
18106,6,3,9
22429,15,31,46
18652,0,3,3
18950,0,1,1
15505,2,0,2
19739,0,1,1
15964,1,1,2
24076,0,2,2
24073,1,1,2
15488,5,0,5
17995,3,5,8
15866,1,1,2
15482,1,0,1
15479,1,0,1
16916,1,1,2
18068,0,1,1
24192,1,6,7
17725,6,5,11
17614,1,1,2
15460,3,0,3
24688,0,2,2
24179,2,5,7
23667,0,14,14
18459,5,6,11
18424,3,7,10
18136,0,3,3
18105,0,3,3
16425,1,1,2
21002,1,8,9
24638,0,2,2
15409,5,0,5
19558,6,12,18
19461,6,6,12
15390,1,0,1
20766,0,22,22
15383,2,0,2
15381,1,0,1
20757,0,4,4
16062,2,2,4
15375,1,0,1
22355,1,11,12
27411,0,8,8
23009,1,1,2
15355,5,0,5
27419,0,12,12
18080,1,2,3
16654,2,2,4
16348,0,4,4
20688,3,8,11
18504,0,4,4
18202,5,2,7
21361,0,1,1
15329,1,0,1
18964,0,1,1
23782,0,1,1
18572,1,2,3
15315,1,0,1
15306,1,0,1
18373,0,2,2
15291,2,0,2
15289,1,0,1
19760,0,2,2
15287,6,0,6
27065,2,3,5
27191,0,6,6
27483,0,18,18
26359,1,3,4
26186,0,26,26
25283,0,6,6
24641,3,4,7
23587,1,14,15
23562,0,10,10
22673,5,50,55
21211,1,24,25
20969,0,9,9
20218,15,31,46
18938,3,7,10
17992,0,9,9
17868,9,11,20
22327,0,4,4
17049,0,4,4
16969,0,3,3
16116,5,4,9
15266,4,0,4
27711,0,7,7
26506,2,5,7
24776,0,3,3
21808,3,4,7
21427,4,2,6
15984,4,1,5
22562,1,13,14
21118,2,1,3
19445,3,1,4
18606,1,2,3
17622,2,2,4
21827,0,2,2
15245,3,0,3
21712,0,1,1
19504,2,1,3
17426,5,22,27
16309,0,1,1
15232,1,0,1
25704,3,9,12
21628,0,2,2
22159,0,3,3
22118,1,3,4
19891,0,1,1
15209,1,0,1
15643,0,1,1
15205,1,0,1
27111,0,5,5
15200,1,0,1
19503,2,3,5
15199,5,0,5
15197,1,0,1
27728,0,6,6
19847,2,2,4
18034,4,2,6
21765,2,5,7
17050,1,2,3
25582,0,3,3
23282,2,2,4
18782,2,6,8
15176,4,0,4
15165,2,0,2
18575,5,6,11
27539,0,4,4
25516,0,17,17
25351,0,20,20
23805,1,10,11
23638,3,3,6
23267,0,7,7
22103,0,5,5
21896,5,9,14
21721,6,25,31
19819,1,15,16
19154,0,18,18
18949,11,23,34
18358,1,7,8
15150,1,0,1
24481,1,1,2
20291,3,3,6
19447,1,5,6
15879,5,5,10
15220,11,1,12
15129,1,0,1
19929,2,1,3
15121,1,0,1
19889,0,1,1
17735,3,2,5
24088,0,3,3
27207,0,6,6
15107,1,0,1
18707,0,1,1
18582,1,1,2
27696,1,8,9
19827,0,5,5
18462,0,1,1
15084,1,0,1
24092,1,4,5
15077,1,0,1
15076,2,0,2
15073,1,0,1
16261,2,4,6
15070,1,0,1
15069,2,0,2
24605,0,2,2
15066,2,0,2
21357,0,6,6
15990,0,1,1
26384,2,2,4
22639,0,1,1
18608,0,1,1
18787,0,1,1
15047,1,0,1
15043,1,0,1
15075,0,2,2
15036,2,0,2
17288,0,2,2
16692,1,1,2
26120,0,2,2
21823,2,2,4
21822,0,2,2
15030,4,0,4
19233,0,3,3
15029,1,0,1
15022,1,0,1
27628,0,3,3
14998,1,0,1
21855,0,3,3
20366,0,3,3
18256,3,2,5
16164,3,1,4
14992,4,0,4
21544,0,1,1
18556,0,1,1
14988,2,0,2
16597,0,1,1
25921,0,1,1
24236,1,4,5
26259,0,2,2
22750,0,1,1
15544,2,1,3
15158,0,1,1
19069,0,2,2
14975,1,0,1
20079,4,19,23
17013,0,1,1
24475,4,8,12
19320,0,2,2
14947,1,0,1
17495,5,1,6
14944,1,0,1
17165,0,4,4
17081,0,1,1
21105,0,3,3
16789,2,2,4
16353,2,1,3
14927,1,0,1
14914,1,0,1
24338,1,6,7
23915,0,17,17
23533,0,13,13
23297,0,19,19
23148,5,27,32
21168,0,29,29
20787,1,16,17
20730,26,31,57
20632,23,25,48
20478,29,19,48
20172,18,21,39
20064,7,20,27
19105,4,12,16
15622,2,1,3
19434,0,1,1
19079,0,2,2
18154,0,2,2
17319,2,1,3
14901,2,0,2
17257,6,9,15
17144,5,6,11
14894,2,0,2
15025,0,2,2
23451,0,4,4
14884,1,0,1
18198,0,1,1
19380,1,1,2
15365,0,1,1
15188,0,1,1
17720,4,8,12
15012,0,1,1
16733,0,1,1
15968,0,1,1
27031,0,3,3
23129,0,3,3
17624,2,1,3
15865,2,1,3
14861,5,0,5
18668,5,1,6
14859,1,0,1
16523,1,1,2
20647,2,4,6
16667,0,1,1
14845,6,0,6
20422,0,3,3
14843,1,0,1
16668,1,3,4
19462,1,2,3
18213,3,2,5
15023,2,1,3
15483,4,1,5
19143,1,11,12
18839,0,8,8
18840,0,7,7
14787,2,0,2
15169,0,1,1
14786,2,0,2
26751,0,3,3
14860,2,1,3
20515,0,1,1
14778,4,0,4
17443,1,3,4
14774,2,0,2
15709,4,2,6
14766,4,0,4
14760,1,0,1
18615,11,6,17
15748,1,4,5
15215,3,2,5
14745,2,0,2
14903,4,1,5
14738,3,0,3
16487,1,3,4
14729,2,0,2
25948,2,25,27
25828,0,28,28
22988,3,25,28
22916,3,41,44
22768,1,26,27
22691,4,29,33
22489,6,11,17
22322,4,30,34
22298,1,12,13
21851,1,21,22
21727,2,27,29
21102,3,9,12
19185,19,41,60
19055,4,6,10
18820,1,14,15
18442,27,30,57
18357,3,9,12
18126,3,25,28
15528,7,2,9
14710,3,0,3
15717,0,2,2
14704,1,0,1
23658,0,3,3
22811,3,5,8
14693,1,0,1
26129,0,3,3
20075,0,1,1
14691,1,0,1
14690,2,0,2
14686,5,0,5
21491,1,4,5
14685,2,0,2
23042,2,3,5
19646,4,6,10
18314,2,2,4
14677,2,0,2
14839,0,1,1
14675,2,0,2
23697,2,24,26
22830,0,3,3
14661,2,0,2
14659,1,0,1
14658,7,0,7
14656,1,0,1
14980,2,1,3
14647,1,0,1
26621,0,12,12
14642,3,0,3
14640,1,0,1
27616,0,4,4
14636,1,0,1
14632,2,0,2
14631,2,0,2
14630,2,0,2
14629,3,0,3
15372,0,6,6
15078,1,1,2
14755,0,5,5
14628,3,0,3
22663,2,5,7
15969,3,3,6
24538,3,5,8
24941,0,17,17
21514,14,35,49
17598,1,6,7
14620,4,0,4
14610,1,0,1
19229,1,1,2
17422,0,2,2
14599,2,0,2
20131,0,2,2
16630,1,1,2
14576,5,0,5
14575,1,0,1
17424,4,1,5
14569,12,0,12
15568,3,1,4
24334,0,8,8
22140,1,4,5
14564,2,0,2
14561,1,0,1
14556,1,0,1
16037,0,1,1
14554,1,0,1
17584,2,3,5
14537,8,0,8
14535,1,1,2
14534,2,0,2
17964,0,4,4
17164,10,1,11
14523,3,0,3
26615,0,5,5
24167,0,7,7
19033,4,4,8
19032,2,6,8
16656,0,1,1
20894,0,2,2
14506,1,0,1
21878,0,4,4
19395,1,6,7
17955,3,1,4
24979,1,9,10
18906,0,12,12
17309,5,8,13
15675,2,6,8
15449,3,4,7
15426,10,4,14
14870,11,1,12
21356,1,13,14
27420,0,12,12
26619,1,8,9
26456,5,20,25
24882,0,11,11
23931,3,10,13
21462,1,7,8
20941,2,10,12
24204,0,5,5
19977,5,3,8
14483,1,0,1
14482,1,0,1
14478,1,0,1
23886,2,3,5
14470,1,0,1
14459,1,0,1
14453,7,0,7
20122,1,3,4
14445,2,0,2
14432,2,0,2
22592,1,3,4
24225,0,3,3
16126,0,1,1
14419,1,0,1
14417,10,0,10
14408,1,0,1
18392,0,5,5
22267,0,1,1
25720,0,7,7
24012,1,5,6
23853,1,7,8
17213,5,1,6
16330,4,1,5
14391,1,0,1
14387,5,0,5
18852,0,1,1
14372,1,0,1
22385,0,3,3
20859,0,26,26
18499,0,1,1
14742,1,1,2
14356,1,0,1
17935,0,2,2
14355,1,0,1
23940,0,2,2
27279,0,47,47
24888,4,24,28
24286,4,14,18
23793,0,9,9
21768,2,34,36
16932,0,2,2
16751,2,3,5
14346,3,0,3
23663,1,1,2
25135,1,18,19
22980,0,5,5
22640,3,2,5
21940,5,2,7
21411,0,6,6
20326,1,3,4
26847,0,5,5
23096,0,19,19
20503,20,30,50
20449,12,25,37
19756,0,1,1
18369,0,12,12
15714,4,3,7
27193,0,8,8
26880,0,3,3
26777,0,5,5
14326,2,0,2
20133,0,1,1
22678,0,2,2
22677,3,2,5
14309,1,0,1
14302,1,0,1
14301,7,0,7
21939,2,4,6
15410,1,1,2
24275,0,7,7
17207,2,2,4
15687,1,3,4
14291,4,0,4
14878,1,1,2
20246,2,2,4
16635,0,2,2
16763,0,1,1
25202,0,2,2
20068,0,3,3
17040,0,3,3
14272,2,0,2
14270,1,0,1
19118,0,3,3
24684,1,8,9
22723,4,12,16
14251,13,0,13
15473,1,1,2
15095,0,1,1
14240,3,0,3
18147,0,2,2
14236,2,0,2
26119,0,4,4
24452,1,11,12
21164,1,2,3
20314,0,4,4
19077,2,4,6
18107,6,3,9
21353,2,2,4
18067,0,2,2
14224,2,0,2
15945,0,2,2
21380,3,7,10
19779,6,3,9
14221,2,0,2
17485,2,2,4
14218,2,0,2
17817,0,3,3
15837,5,2,7
14212,5,0,5
14210,1,0,1
26774,0,4,4
24966,1,4,5
23951,0,1,1
14205,2,0,2
19956,2,8,10
18829,4,5,9
16842,2,6,8
16275,7,1,8
15707,7,3,10
14488,0,3,3
14191,1,0,1
23864,0,24,24
22375,1,12,13
16031,3,1,4
14164,2,0,2
21233,1,2,3
14160,1,0,1
27195,1,28,29
26813,0,8,8
26445,1,2,3
26184,0,5,5
26149,1,9,10
25584,0,5,5
24679,0,3,3
24639,0,1,1
24446,4,19,23
24308,1,8,9
24121,0,8,8
24106,0,7,7
23952,2,22,24
23490,0,4,4
23354,1,25,26
23137,3,52,55
23091,9,43,52
22922,1,4,5
22888,0,8,8
22749,1,3,4
22748,1,14,15
22689,1,10,11
22607,0,4,4
22438,3,18,21
22422,1,6,7
22323,2,28,30
22304,0,13,13
22209,6,30,36
22095,0,3,3
22031,1,10,11
22029,3,13,16
21869,0,29,29
21783,7,24,31
21707,0,2,2
21688,5,17,22
21571,0,6,6
21525,0,2,2
21472,0,6,6
21405,4,24,28
21138,2,5,7
20978,4,13,17
20789,4,70,74
20601,0,6,6
20479,1,1,2
20420,1,7,8
20376,17,42,59
20368,1,18,19
19947,5,25,30
19678,2,21,23
19580,0,2,2
19334,0,1,1
19177,4,10,14
19042,0,1,1
18893,5,7,12
18841,30,8,38
18828,7,4,11
18819,0,3,3
18644,0,9,9
18409,6,9,15
17984,2,11,13
17873,2,30,32
17816,2,10,12
17767,1,21,22
17498,0,10,10
17460,4,9,13
17209,4,26,30
16539,10,8,18
16517,7,5,12
16339,0,3,3
16246,6,18,24
16218,0,4,4
16087,0,2,2
15847,3,4,7
15527,0,3,3
15502,17,1,18
15419,1,1,2
16278,3,1,4
14153,7,0,7
18070,7,1,8
27055,0,6,6
18847,1,1,2
18422,0,1,1
26761,0,1,1
17566,0,1,1
14136,5,0,5
25749,2,11,13
14720,2,1,3
14133,2,0,2
14129,1,0,1
26518,1,5,6
21881,0,3,3
19738,3,4,7
19671,3,5,8
17336,1,1,2
21834,6,6,12
21655,1,5,6
21601,3,15,18
20002,5,20,25
18783,4,3,7
25589,1,62,63
17670,3,2,5
20534,1,8,9
14081,1,0,1
26750,0,1,1
14585,1,1,2
20193,2,5,7
18723,7,3,10
18036,5,2,7
14041,4,0,4
21728,0,1,1
19565,0,1,1
17750,4,6,10
16103,0,1,1
18560,1,4,5
17856,0,1,1
16265,4,2,6
15186,1,1,2
14029,6,0,6
14026,1,0,1
14371,0,1,1
14024,1,0,1
14022,1,0,1
17451,2,3,5
14003,1,0,1
26579,2,14,16
20147,6,2,8
23070,0,3,3
13990,1,0,1
24347,2,4,6
23504,0,4,4
22188,5,7,12
20350,0,9,9
20142,0,2,2
19026,8,1,9
19310,3,5,8
24710,0,5,5
13965,2,0,2
16897,0,3,3
13951,1,0,1
13949,3,0,3
21554,0,5,5
24613,2,6,8
18041,0,5,5
17689,2,6,8
16904,4,6,10
16623,3,1,4
16621,7,3,10
13942,9,0,9
13937,1,0,1
13936,1,0,1
26489,0,7,7
13927,4,0,4
13923,2,0,2
21117,0,3,3
15602,0,1,1
15760,6,5,11
20641,6,18,24
18861,0,2,2
21729,0,18,18
13908,1,0,1
22207,0,2,2
21461,0,2,2
17277,0,1,1
19909,0,2,2
13893,1,0,1
24055,0,3,3
19492,5,5,10
17757,0,2,2
16849,1,2,3
16200,3,1,4
18335,0,11,11
24151,0,1,1
13882,1,0,1
16424,0,1,1
13881,1,0,1
17452,5,4,9
21307,3,5,8
19475,3,1,4
21019,1,11,12
14999,2,1,3
17988,0,1,1
16502,0,1,1
16501,0,1,1
16499,0,1,1
13860,6,0,6
13858,1,0,1
13850,5,0,5
17958,4,3,7
27716,0,17,17
23034,2,3,5
16958,3,1,4
17636,2,4,6
20493,0,13,13
18054,0,2,2
15965,1,1,2
13836,4,0,4
20477,0,1,1
15484,0,1,1
20788,9,27,36
13829,2,0,2
18801,4,9,13
16780,0,10,10
25878,0,2,2
21675,2,1,3
19406,2,5,7
23187,0,2,2
13818,2,0,2
17107,1,1,2
13816,1,0,1
13814,1,0,1
21659,0,3,3
17253,7,3,10
26936,0,2,2
13790,3,0,3
15344,0,1,1
13786,2,0,2
13771,2,0,2
16541,1,3,4
15915,0,2,2
14990,0,3,3
13849,6,1,7
21612,0,1,1
16927,1,1,2
16372,2,1,3
16367,0,1,1
24668,0,7,7
24109,1,18,19
24006,2,4,6
23607,1,17,18
17573,7,2,9
18713,1,3,4
23431,0,2,2
20008,0,2,2
25987,0,5,5
26209,0,2,2
17235,1,3,4
15466,1,2,3
18813,5,11,16
16564,0,3,3
19607,0,2,2
16496,1,2,3
13740,17,1,18
17368,4,7,11
16105,0,3,3
13720,4,0,4
14536,0,3,3
13769,0,1,1
13717,2,0,2
23382,0,3,3
19375,1,4,5
18859,2,3,5
17133,5,4,9
13707,1,0,1
13704,1,0,1
14584,0,3,3
13698,2,0,2
13696,1,0,1
21838,5,28,33
17528,8,8,16
13694,6,0,6
13690,2,0,2
22465,0,3,3
25703,0,12,12
24124,1,3,4
20700,1,9,10
20250,4,5,9
19286,0,13,13
14916,0,1,1
19313,0,1,1
19147,0,1,1
16443,1,1,2
17310,0,2,2
13662,5,0,5
19129,0,3,3
15832,2,1,3
23184,0,2,2
17047,0,1,1
20457,0,2,2
18374,1,2,3
13654,2,0,2
25045,1,7,8
13641,1,0,1
13640,1,0,1
19016,0,1,1
15754,3,2,5
15753,1,2,3
15752,0,2,2
13633,9,0,9
13630,2,0,2
26367,3,19,22
13629,1,1,2
13626,2,0,2
21530,2,6,8
13613,2,0,2
20667,0,2,2
16404,5,2,7
16090,0,3,3
16263,0,1,1
13608,1,0,1
16554,3,5,8
13605,1,0,1
17793,1,3,4
14064,0,1,1
13595,2,0,2
13765,0,1,1
13667,0,1,1
13581,2,0,2
13580,1,0,1
20970,1,2,3
16741,0,1,1
19900,1,2,3
13568,2,0,2
18254,1,5,6
14920,0,1,1
27058,0,8,8
25037,1,2,3
20257,2,10,12
17171,4,5,9
15177,1,4,5
24808,0,7,7
24657,0,2,2
24522,0,7,7
24000,1,8,9
13552,1,0,1
14511,0,3,3
14989,0,1,1
18239,1,3,4
14904,3,3,6
13767,0,1,1
13542,4,0,4
17802,1,2,3
26665,0,5,5
20233,0,2,2
14477,0,1,1
13523,2,0,2
18602,1,5,6
20982,7,15,22
16089,1,4,5
22783,0,4,4
13502,2,0,2
13497,1,0,1
13493,1,0,1
18453,1,2,3
13489,1,0,1
19152,5,3,8
13486,2,0,2
13484,1,0,1
13482,2,0,2
19628,0,1,1
15498,0,1,1
13480,11,0,11
15470,4,2,6
13472,6,0,6
23437,0,1,1
13456,1,0,1
13732,2,1,3
24826,0,4,4
20964,0,1,1
17096,3,2,5
14122,0,2,2
24369,0,14,14
13438,4,0,4
24810,3,21,24
22985,1,9,10
20335,2,23,25
18825,2,22,24
16013,0,3,3
26715,0,3,3
26303,1,5,6
24466,2,19,21
16082,0,4,4
24377,1,1,2
16609,0,1,1
13429,2,0,2
27494,0,10,10
23349,4,9,13
14652,5,1,6
19815,0,6,6
18745,0,6,6
13415,4,0,4
13403,1,0,1
23921,7,33,40
15443,8,4,12
14443,0,2,2
20619,11,27,38
15193,5,2,7
26382,0,7,7
14697,2,2,4
13822,2,1,3
13379,1,0,1
13373,2,0,2
13372,6,0,6
22074,0,1,1
22073,0,1,1
24676,0,7,7
20229,3,18,21
13356,2,0,2
18989,1,4,5
15999,7,1,8
17662,1,9,10
15980,3,1,4
13346,1,0,1
13343,1,0,1
23642,0,2,2
17562,0,3,3
17350,0,2,2
17349,3,2,5
13334,3,0,3
21440,0,6,6
24184,0,4,4
20991,0,4,4
23675,0,5,5
20439,0,5,5
19121,2,7,9
17695,4,5,9
15302,3,1,4
13315,1,0,1
22379,0,2,2
13313,3,0,3
13312,1,0,1
13307,3,0,3
26640,0,8,8
26953,0,14,14
25932,0,6,6
25402,0,7,7
24671,3,33,36
24557,1,5,6
24287,0,37,37
23997,3,13,16
23685,0,16,16
23660,4,23,27
23599,0,14,14
23536,0,15,15
23302,0,11,11
23015,2,18,20
22934,4,18,22
22770,2,11,13
22695,0,15,15
22621,3,15,18
22501,3,8,11
22414,3,7,10
22319,2,19,21
21919,5,38,43
21839,8,6,14
21579,7,16,23
21442,7,16,23
21300,1,6,7
21273,2,17,19
21155,3,39,42
21150,3,24,27
20933,5,6,11
20410,7,16,23
19973,6,28,34
19634,0,4,4
19064,7,10,17
18853,8,15,23
18754,12,10,22
18507,18,10,28
18491,2,4,6
15988,10,11,21
15938,23,3,26
13299,1,0,1
14407,11,1,12
26654,1,10,11
22184,0,3,3
21219,1,4,5
20483,0,9,9
19696,1,3,4
18440,4,23,27
18394,0,13,13
18148,9,13,22
17821,6,19,25
17475,1,9,10
22199,0,4,4
19066,5,2,7
17773,5,2,7
16561,0,2,2
23753,4,12,16
21151,5,8,13
20777,4,5,9
20117,6,4,10
18378,9,1,10
21078,0,9,9
18341,1,11,12
14882,4,1,5
27433,0,1,1
13547,4,1,5
13279,2,0,2
14157,3,2,5
13700,3,2,5
20805,2,10,12
17086,1,2,3
16041,3,3,6
16040,5,2,7
18181,19,12,31
17157,1,12,13
17014,0,10,10
16727,1,8,9
23495,2,19,21
22343,0,3,3
22341,0,3,3
21995,5,32,37
17312,0,7,7
16955,0,7,7
16057,4,4,8
16051,0,2,2
13268,1,0,1
13266,2,0,2
13259,30,0,30
13255,2,0,2
17567,2,5,7
25803,0,6,6
24883,4,7,11
24250,1,9,10
23734,5,8,13
23554,6,1,7
21230,0,2,2
21066,2,3,5
21005,1,1,2
20914,0,5,5
20912,3,8,11
20649,11,6,17
17187,0,1,1
16943,5,3,8
14792,2,2,4
14782,0,1,1
13251,1,0,1
13250,2,0,2
14363,3,1,4
14070,0,1,1
17809,0,6,6
17370,0,1,1
13243,1,0,1
26920,0,11,11
26607,0,63,63
26403,1,12,13
25925,0,3,3
25561,0,6,6
25031,3,11,14
24228,1,2,3
23887,2,26,28
23756,1,7,8
22288,0,13,13
21471,0,11,11
21281,3,45,48
21021,5,13,18
19265,0,9,9
19119,2,45,47
18191,5,11,16
18103,4,29,33
21385,1,2,3
20687,4,10,14
20088,1,12,13
18821,0,13,13
17746,4,6,10
17672,1,7,8
17630,5,7,12
13234,8,0,8
22632,0,3,3
19666,1,5,6
26252,0,4,4
13218,1,0,1
20389,3,7,10
20089,1,4,5
22838,1,9,10
18765,2,8,10
18364,0,8,8
17027,10,4,14
15666,8,6,14
13210,3,0,3
16038,7,4,11
16661,0,1,1
20763,1,3,4
16133,2,3,5
13193,1,0,1
15208,1,2,3
13191,5,0,5
15765,0,1,1
13190,1,0,1
14965,0,2,2
13188,1,0,1
13186,4,0,4
26487,1,8,9
24632,0,12,12
15182,1,1,2
13683,0,1,1
13178,1,0,1
16310,4,3,7
13174,1,0,1
17719,0,1,1
14718,0,1,1
13165,2,0,2
13163,1,0,1
13157,3,0,3
17256,1,2,3
13154,2,0,2
21943,0,4,4
20992,0,5,5
19978,0,12,12
16848,2,3,5
16223,1,4,5
16157,0,2,2
16785,3,12,15
25657,5,35,40
16866,2,1,3
24937,4,1,5
24123,1,2,3
22882,2,1,3
15218,1,1,2
15217,3,1,4
13136,1,0,1
17106,1,1,2
18661,11,17,28
14533,0,1,1
21810,1,14,15
14261,0,1,1
13928,4,1,5
13128,16,0,16
18956,0,5,5
17833,1,4,5
17509,3,2,5
16493,2,2,4
13111,8,0,8
13109,1,0,1
14208,0,1,1
13108,1,0,1
16601,1,2,3
20691,4,25,29
13083,1,0,1
22490,0,4,4
14780,3,3,6
13074,1,0,1
15074,0,1,1
13533,3,1,4
16715,1,5,6
13061,1,0,1
13058,0,1,1
26846,0,1,1
21249,0,7,7
20516,1,5,6
19269,2,4,6
15695,0,1,1
13055,2,0,2
13054,2,0,2
24796,0,2,2
14985,1,1,2
13053,2,0,2
24755,0,4,4
14557,0,1,1
13036,4,0,4
15947,1,2,3
13835,0,2,2
13034,4,0,4
13781,0,4,4
13030,3,0,3
22679,0,4,4
13026,1,0,1
13025,9,0,9
13024,1,0,1
13023,1,0,1
20848,0,4,4
13010,3,0,3
13006,1,0,1
13005,5,0,5
24802,0,6,6
12992,1,0,1
13505,0,1,1
12983,2,0,2
12979,2,0,2
12978,2,0,2
12974,1,0,1
12969,3,0,3
14131,7,1,8
24409,0,4,4
15872,2,2,4
12964,6,0,6
12963,2,0,2
19081,1,5,6
17940,4,6,10
14450,14,2,16
26128,0,6,6
16964,1,6,7
14910,1,2,3
15046,0,2,2
12933,2,0,2
20415,0,3,3
24413,0,3,3
22157,0,7,7
12923,1,0,1
20640,0,14,14
14413,0,1,1
12910,3,0,3
12909,1,0,1
18150,2,3,5
12907,5,0,5
17869,0,9,9
17583,6,11,17
16631,7,7,14
13526,0,1,1
12905,1,0,1
12904,2,0,2
25916,0,5,5
14545,1,1,2
24473,0,2,2
17664,0,2,2
17663,0,2,2
17654,0,1,1
17653,4,1,5
12900,8,0,8
12897,8,0,8
22791,0,2,2
17525,1,1,2
12889,1,0,1
13919,9,2,11
17082,2,3,5
12886,4,0,4
23089,2,4,6
15949,1,3,4
13799,3,1,4
12865,1,0,1
18619,0,3,3
18574,3,12,15
19266,0,2,2
14228,1,1,2
19278,1,1,2
26961,0,5,5
26141,2,5,7
25014,2,4,6
15782,1,2,3
19168,2,4,6
15979,1,7,8
24398,0,5,5
13262,0,1,1
12849,5,0,5
25597,0,7,7
12848,7,0,7
16322,0,5,5
14689,0,1,1
13388,1,1,2
18043,1,6,7
16734,0,2,2
12831,2,0,2
12830,2,0,2
14398,0,1,1
12822,4,0,4
18856,2,4,6
15927,3,4,7
26038,0,19,19
22635,0,4,4
21376,0,1,1
12802,1,0,1
12796,4,0,4
22134,0,3,3
24390,0,2,2
23235,0,3,3
16410,0,2,2
12782,4,0,4
12781,4,0,4
19087,2,9,11
18773,1,8,9
18441,1,7,8
15802,5,9,14
14909,4,3,7
14269,5,4,9
13471,7,6,13
12805,29,1,30
19599,0,5,5
15325,1,2,3
12766,2,0,2
16451,0,4,4
12765,3,0,3
16865,0,3,3
17680,2,5,7
12761,1,0,1
18124,7,1,8
18289,2,23,25
12744,4,0,4
14752,0,2,2
21311,0,1,1
26411,0,11,11
23744,0,6,6
20207,0,10,10
18131,1,9,10
17825,2,6,8
16659,2,6,8
24155,1,7,8
20315,0,4,4
19049,0,8,8
17722,0,2,2
14496,0,4,4
24564,0,12,12
24621,0,4,4
24249,4,6,10
14305,4,5,9
21076,1,6,7
23910,0,2,2
12725,2,0,2
12723,1,0,1
16800,3,1,4
19951,0,3,3
19163,6,3,9
12718,2,0,2
14627,6,1,7
12715,7,0,7
12712,3,0,3
17272,7,2,9
12707,1,0,1
18351,1,5,6
13511,2,1,3
12702,1,0,1
14907,0,1,1
14389,0,1,1
14299,6,1,7
12691,4,0,4
14021,0,1,1
12689,1,0,1
12688,2,0,2
14676,0,1,1
12684,1,0,1
15730,1,5,6
14171,3,2,5
12671,1,0,1
27145,0,6,6
16282,4,3,7
15852,8,6,14
19249,2,6,8
12665,1,0,1
23472,4,16,20
21631,10,52,62
19817,0,2,2
20151,0,5,5
14307,0,1,1
24066,1,5,6
19025,2,6,8
16211,5,2,7
25827,3,11,14
25300,0,1,1
24364,0,5,5
24433,0,2,2
21892,0,3,3
19319,0,1,1
15749,2,2,4
12650,2,0,2
16876,1,4,5
16366,1,2,3
16365,2,2,4
13538,0,1,1
12640,2,0,2
14144,0,1,1
18307,0,3,3
12634,5,0,5
16724,0,2,2
19312,1,1,2
12629,1,0,1
12628,2,0,2
21865,0,2,2
13316,1,1,2
13008,0,1,1
17063,0,4,4
22970,0,16,16
22479,0,22,22
20905,3,37,40
20731,7,52,59
13913,3,2,5
16069,2,2,4
14923,1,3,4
23112,1,39,40
22504,1,2,3
18711,0,4,4
18637,1,3,4
16586,1,4,5
16191,6,4,10
13903,2,2,4
13995,0,2,2
24583,1,3,4
18195,1,3,4
17716,3,1,4
16967,1,1,2
15908,1,1,2
13609,0,1,1
13328,1,1,2
12605,6,0,6
25603,0,10,10
15435,9,1,10
16677,0,2,2
15185,0,4,4
14657,1,3,4
14002,2,2,4
13934,0,1,1
13885,0,3,3
13676,1,1,2
14281,0,4,4
12589,1,0,1
14571,1,4,5
14225,2,3,5
12588,2,0,2
23127,1,10,11
17410,4,18,22
15926,4,4,8
17371,6,7,13
12581,4,0,4
19651,0,5,5
12573,1,0,1
12568,1,0,1
16058,5,2,7
12565,4,0,4
20158,0,7,7
18581,6,10,16
19270,1,1,2
12555,1,0,1
12799,3,1,4
21661,0,1,1
12544,2,0,2
12543,2,0,2
16179,2,2,4
13773,0,3,3
22268,0,3,3
20096,1,1,2
19394,0,12,12
19290,0,2,2
15934,8,2,10
26894,0,7,7
17177,1,1,2
13319,0,1,1
12536,2,0,2
14143,17,2,19
23230,2,6,8
21899,1,10,11
17220,0,1,1
16035,2,3,5
15124,0,2,2
13426,11,1,12
20027,0,4,4
19746,3,6,9
14871,16,2,18
23452,1,6,7
23028,0,4,4
18912,1,2,3
17074,2,4,6
21067,6,9,15
19658,5,10,15
19331,3,6,9
17803,5,7,12
17643,10,7,17
15310,1,1,2
12518,1,0,1
17998,0,4,4
16115,0,6,6
14842,4,2,6
14750,7,2,9
12516,1,0,1
21081,2,17,19
13996,3,1,4
24414,1,5,6
15119,5,1,6
12507,4,0,4
12504,4,0,4
23233,0,3,3
21304,1,2,3
17412,3,5,8
16563,2,19,21
16909,1,3,4
14917,0,2,2
14849,0,2,2
14848,1,2,3
14846,1,1,2
14547,5,5,10
13994,3,7,10
13993,3,3,6
13465,4,1,5
13534,0,1,1
12486,4,0,4
19752,0,8,8
12682,0,1,1
12479,4,0,4
17640,2,4,6
12478,4,0,4
26003,0,4,4
18101,3,3,6
12476,1,0,1
16657,2,7,9
14994,3,8,11
12473,1,0,1
12472,9,0,9
12471,3,0,3
14781,1,2,3
23594,0,8,8
22484,1,7,8
21315,2,12,14
19211,2,6,8
18376,15,30,45
15407,6,6,12
23224,0,4,4
20696,7,17,24
19913,2,23,25
19771,4,27,31
18886,0,5,5
12459,1,0,1
15206,1,4,5
15769,0,1,1
12457,1,0,1
24798,1,26,27
23923,1,17,18
23731,0,4,4
23384,6,5,11
18804,1,3,4
18650,2,5,7
18597,3,4,7
17421,3,3,6
16888,8,2,10
14538,9,1,10
12456,20,0,20
14609,8,2,10
12451,2,0,2
15162,0,1,1
23877,0,22,22
21046,0,13,13
20323,1,12,13
20287,0,4,4
19285,5,9,14
18501,8,7,15
17502,0,1,1
12439,1,0,1
12432,2,0,2
23119,4,9,13
21101,1,50,51
19707,3,24,27
18691,3,23,26
17753,0,23,23
16784,6,29,35
16061,15,13,28
14359,0,1,1
12428,1,0,1
16615,2,6,8
13722,2,1,3
22030,1,4,5
12424,2,0,2
15444,0,1,1
12421,1,0,1
12419,2,0,2
16558,1,2,3
16197,0,2,2
16065,0,2,2
12417,2,0,2
22550,6,29,35
14646,1,2,3
19255,4,8,12
19156,4,7,11
15204,4,2,6
15175,5,1,6
26793,0,8,8
24770,1,7,8
23405,3,16,19
23288,0,11,11
19796,3,4,7
18262,4,6,10
14634,15,1,16
14393,3,1,4
14254,2,1,3
12401,2,0,2
14723,1,2,3
16542,0,1,1
12392,2,0,2
14238,0,2,2
14237,0,1,1
14231,0,1,1
12836,0,1,1
12388,4,0,4
16809,1,1,2
25981,0,3,3
24751,0,6,6
21798,1,8,9
20377,1,6,7
20069,2,2,4
19748,3,2,5
19159,0,4,4
16015,2,1,3
15818,3,2,5
12384,18,0,18
14699,0,1,1
13674,0,1,1
12676,0,1,1
22077,1,6,7
14580,0,2,2
27499,0,2,2
16806,0,2,2
12374,2,0,2
14770,1,2,3
13741,3,1,4
13453,0,1,1
18794,0,2,2
19093,0,6,6
20550,7,5,12
19920,2,8,10
19805,2,7,9
15616,1,3,4
14785,1,2,3
18579,0,2,2
12360,1,0,1
13873,0,1,1
12357,2,0,2
27340,0,7,7
19546,5,3,8
15610,0,1,1
15433,11,8,19
16942,2,5,7
12354,2,0,2
17705,0,5,5
14892,7,1,8
19705,0,5,5
16781,1,9,10
24002,1,12,13
22252,0,2,2
21676,0,4,4
15316,2,2,4
15153,4,2,6
14977,3,3,6
21751,1,18,19
18339,2,16,18
13562,4,1,5
23722,0,3,3
14532,2,2,4
12336,4,0,4
14293,1,5,6
19457,4,8,12
12334,6,0,6
18959,0,5,5
12319,1,0,1
12317,1,0,1
17839,1,1,2
12314,6,0,6
13785,0,1,1
12312,1,0,1
20266,3,13,16
12301,9,0,9
12300,2,0,2
24069,0,11,11
21616,0,11,11
21615,0,9,9
15904,1,8,9
14166,2,1,3
13652,5,2,7
12299,13,0,13
12295,1,0,1
12294,1,0,1
18188,1,3,4
13545,0,1,1
23056,1,6,7
20183,0,3,3
19636,1,5,6
24362,0,3,3
21424,1,3,4
21229,0,5,5
21020,0,5,5
19574,0,1,1
17602,0,2,2
12434,0,1,1
12279,2,0,2
12278,1,0,1
15678,2,4,6
12271,3,0,3
12554,0,2,2
12269,1,0,1
12266,2,0,2
12259,1,0,1
17430,1,2,3
12257,2,0,2
27448,0,9,9
15791,5,2,7
12251,1,0,1
12246,1,0,1
25637,4,18,22
25451,1,14,15
25290,4,20,24
25017,0,11,11
24933,0,8,8
22266,1,12,13
21754,1,6,7
18516,0,4,4
12238,1,0,1
21366,1,14,15
12233,13,0,13
16913,9,6,15
12225,1,0,1
14500,6,2,8
12644,1,1,2
12217,2,0,2
20340,1,8,9
15018,5,1,6
14995,1,1,2
17619,0,3,3
17543,1,6,7
14226,3,1,4
23825,3,4,7
20648,2,3,5
13093,0,1,1
12207,1,0,1
12791,6,1,7
23322,0,23,23
21805,2,12,14
15216,0,1,1
12204,5,0,5
12674,0,1,1
24951,0,7,7
24269,3,4,7
12827,3,2,5
19012,2,3,5
18502,0,4,4
19895,1,5,6
16974,2,4,6
16525,15,3,18
12195,9,0,9
15551,0,3,3
14668,0,1,1
12193,6,0,6
27746,0,1,1
24116,0,11,11
23705,0,5,5
21157,0,13,13
20358,0,2,2
19067,1,3,4
18932,2,1,3
16067,6,1,7
15722,8,3,11
12190,2,0,2
13464,0,3,3
12187,1,0,1
17124,0,4,4
15954,2,3,5
14092,1,2,3
20522,0,5,5
12182,1,0,1
12181,2,0,2
12178,3,0,3
12177,3,0,3
17255,2,12,14
16941,1,3,4
16190,3,2,5
15416,2,3,5
15415,5,2,7
18274,3,5,8
15118,2,3,5
13203,1,1,2
12172,8,0,8
16400,1,2,3
17943,3,29,32
27048,0,3,3
14784,0,2,2
23911,0,4,4
12162,2,0,2
19202,0,6,6
18019,1,1,2
12161,2,0,2
22290,0,3,3
21731,2,5,7
14800,7,2,9
12155,11,0,11
24879,1,17,18
19048,0,3,3
18553,1,11,12
12152,2,0,2
16066,1,1,2
15114,4,7,11
13325,1,2,3
20566,1,5,6
17438,0,9,9
15489,0,4,4
23573,0,6,6
18514,13,5,18
12222,2,1,3
16266,1,4,5
12142,3,0,3
26617,0,13,13
23506,4,11,15
22418,0,5,5
12141,5,0,5
16342,0,3,3
12135,1,0,1
20047,0,3,3
18567,1,5,6
17880,0,3,3
17684,1,2,3
15718,3,3,6
23520,1,6,7
22432,3,5,8
26478,1,4,5
12122,3,0,3
25484,0,6,6
23276,1,21,22
20738,0,6,6
18513,1,1,2
18470,0,3,3
16819,1,8,9
13711,5,7,12
13651,1,2,3
24553,0,2,2
12119,4,0,4
25385,0,2,2
23315,0,10,10
18947,1,5,6
18734,2,7,9
17756,10,3,13
16043,3,2,5
14899,4,1,5
13872,15,1,16
12118,15,0,15
19030,0,10,10
17381,0,1,1
14579,0,8,8
12367,3,1,4
18952,1,3,4
13069,1,1,2
12114,2,0,2
25425,1,14,15
23346,1,21,22
21359,0,8,8
20793,1,13,14
15682,2,4,6
15145,0,1,1
12108,1,0,1
12107,4,0,4
16346,0,5,5
20711,2,5,7
19407,0,6,6
12103,5,0,5
26406,0,3,3
19905,1,5,6
18225,3,2,5
17819,0,2,2
15705,1,2,3
12094,2,0,2
14790,3,4,7
12089,2,0,2
25375,0,1,1
14919,0,1,1
24309,1,19,20
20130,0,2,2
19761,0,14,14
19742,0,6,6
18917,1,8,9
17340,0,3,3
17338,5,3,8
16990,7,5,12
15916,20,2,22
15591,0,3,3
15122,5,4,9
14966,3,2,5
13167,15,1,16
22251,2,4,6
15110,0,1,1
14705,1,1,2
12075,5,0,5
27002,0,26,26
23478,3,18,21
21759,0,7,7
15751,1,2,3
15253,5,3,8
14279,0,6,6
23516,1,18,19
21667,0,6,6
20330,2,6,8
20253,4,7,11
20129,1,16,17
20084,0,5,5
19259,3,3,6
18928,3,8,11
18496,1,5,6
18323,5,3,8
18319,1,3,4
18134,2,4,6
16604,3,4,7
12068,25,0,25
23972,0,5,5
23958,0,5,5
19820,5,5,10
19626,0,3,3
26240,0,5,5
24141,0,3,3
21474,2,5,7
21006,1,4,5
19841,0,4,4
17910,1,3,4
17233,2,10,12
16509,0,3,3
16102,2,5,7
14493,2,2,4
26638,0,5,5
19998,0,6,6
17837,3,8,11
12062,4,0,4
21619,0,14,14
19426,0,15,15
17954,14,29,43
16477,2,17,19
14868,0,1,1
12060,1,0,1
12058,1,0,1
14474,0,1,1
24297,1,2,3
12055,1,0,1
23665,1,6,7
23198,1,3,4
16075,0,1,1
15895,2,3,5
14339,2,1,3
14155,0,1,1
12051,1,0,1
16534,0,1,1
15795,1,3,4
12390,0,1,1
18983,0,4,4
23037,2,4,6
13535,3,2,5
12041,2,0,2
12040,2,0,2
12038,1,0,1
14838,0,3,3
12035,1,0,1
12033,1,0,1
16719,1,4,5
14726,0,4,4
12031,7,0,7
12030,1,0,1
17517,6,28,34
16878,5,13,18
24486,0,23,23
13894,1,2,3
22754,0,1,1
19560,1,1,2
17465,1,2,3
16755,0,2,2
16754,0,2,2
16411,1,2,3
24207,1,8,9
22939,3,5,8
15155,0,1,1
14906,2,2,4
14277,0,1,1
13891,0,1,1
13728,0,1,1
12010,2,0,2
15836,0,2,2
15250,0,1,1
12002,2,0,2
19198,1,6,7
12894,1,1,2
15397,1,1,2
11997,1,0,1
15420,0,3,3
13945,2,3,5
11993,1,0,1
11992,2,0,2
25230,0,1,1
11991,1,0,1
19021,2,3,5
20993,0,2,2
11988,2,0,2
11980,15,0,15
14108,0,1,1
11976,1,0,1
19497,2,7,9
12821,5,2,7
12820,0,1,1
11970,2,0,2
11968,6,0,6
12935,2,2,4
11967,4,0,4
22179,3,26,29
20198,1,14,15
19362,2,17,19
18887,2,16,18
17212,2,17,19
13437,2,1,3
21144,0,7,7
11958,3,0,3
13114,0,3,3
17072,0,1,1
24021,0,13,13
11952,3,0,3
19327,2,3,5
17361,3,9,12
20418,0,5,5
18247,0,3,3
13281,1,1,2
14357,1,2,3
21935,1,4,5
16009,3,3,6
14946,0,2,2
14095,3,5,8
26978,0,2,2
25074,1,10,11
23848,0,5,5
21137,2,2,4
14605,3,1,4
14447,1,1,2
17846,1,2,3
18592,6,18,24
12027,1,1,2
19005,5,8,13
17734,2,4,6
14340,4,1,5
12921,0,2,2
19803,1,20,21
26875,1,15,16
13901,0,1,1
11924,3,0,3
14684,1,3,4
11922,6,0,6
20104,2,1,3
14120,8,1,9
27553,0,2,2
23238,0,1,1
20507,0,7,7
18487,1,2,3
16592,0,2,2
18097,2,15,17
23321,1,12,13
27540,0,7,7
27390,0,13,13
26146,0,12,12
24859,0,15,15
23492,1,12,13
23394,0,8,8
21775,3,15,18
21681,0,9,9
21478,5,17,22
21386,1,10,11
21347,1,7,8
19835,9,18,27
17798,0,16,16
16034,33,8,41
15601,0,9,9
14949,0,1,1
14397,0,1,1
14074,3,1,4
13081,0,1,1
12880,3,1,4
11900,5,0,5
15668,0,1,1
11898,1,0,1
11897,2,0,2
11896,1,0,1
14615,0,2,2
13152,0,1,1
11948,0,1,1
11895,5,0,5
17799,5,14,19
16775,2,7,9
11893,1,0,1
12940,3,3,6
18577,0,2,2
18576,0,2,2
16817,0,2,2
18331,4,20,24
14604,0,3,3
12170,1,1,2
23876,9,28,37
13237,7,3,10
27439,0,7,7
14663,1,2,3
11878,5,0,5
25558,0,3,3
24007,1,6,7
13032,0,1,1
11867,1,0,1
25879,0,7,7
20403,17,19,36
17331,1,4,5
15093,7,4,11
14273,0,3,3
11921,9,1,10
11864,6,0,6
16807,4,15,19
12976,0,2,2
11861,3,0,3
11859,2,0,2
19884,1,1,2
22611,0,3,3
15889,0,6,6
15780,2,2,4
13231,2,1,3
11853,9,0,9
18774,0,1,1
17120,3,1,4
14467,0,3,3
18017,1,2,3
14421,2,1,3
11851,6,0,6
11850,1,0,1
16556,2,5,7
13974,5,2,7
26446,0,6,6
11846,2,0,2
14250,0,1,1
11844,1,0,1
15061,0,1,1
11842,2,0,2
18417,5,5,10
16186,0,5,5
20464,0,3,3
16109,2,6,8
13420,1,2,3
11820,1,0,1
27550,0,4,4
20317,0,10,10
16874,2,2,4
11811,3,0,3
14045,1,7,8
20406,22,37,59
17343,1,5,6
17727,0,1,1
23254,1,6,7
17534,5,4,9
16748,1,5,6
15654,8,2,10
11804,5,0,5
16893,1,10,11
16887,3,15,18
13285,0,1,1
25397,0,4,4
15647,1,6,7
15626,4,4,8
23099,0,3,3
18704,1,6,7
18573,4,6,10
18566,4,6,10
16080,4,6,10
11797,2,0,2
11796,5,0,5
13655,1,4,5
19488,0,1,1
19963,0,3,3
15869,7,3,10
11791,2,0,2
26747,0,1,1
23808,0,3,3
22358,0,4,4
19529,2,9,11
15856,0,1,1
11785,1,0,1
11783,2,0,2
26995,0,7,7
22519,5,5,10
20243,1,12,13
18550,1,5,6
14401,0,1,1
14395,1,1,2
12947,1,1,2
18996,0,2,2
16234,1,6,7
11779,2,0,2
26773,1,1,2
26724,1,1,2
13871,2,2,4
17278,0,3,3
11767,2,0,2
11985,2,1,3
11766,3,0,3
14641,1,1,2
13350,0,1,1
11763,3,0,3
19359,1,3,4
14814,2,1,3
11757,6,0,6
17023,1,4,5
26684,1,6,7
18264,0,3,3
21908,0,2,2
20139,2,1,3
14158,0,1,1
11753,3,0,3
22684,2,8,10
11750,1,0,1
15000,2,3,5
14986,0,3,3
11749,3,0,3
14374,3,4,7
11747,11,0,11
26767,0,12,12
15040,0,5,5
13957,0,4,4
11744,3,0,3
11736,3,0,3
22096,2,10,12
19814,1,6,7
17200,2,2,4
14043,0,2,2
13504,2,1,3
11734,2,0,2
19099,1,2,3
13635,1,2,3
22419,0,3,3
21581,1,3,4
14771,1,1,2
14748,2,1,3
14731,2,1,3
21422,5,33,38
19205,1,5,6
18404,4,6,10
12994,0,1,1
11713,3,0,3
18635,14,17,31
25728,0,5,5
25117,3,3,6
23735,0,2,2
23656,0,2,2
18807,2,2,4
12837,0,3,3
11708,3,0,3
13600,4,1,5
11707,4,0,4
25371,0,12,12
19302,2,8,10
16397,4,3,7
14592,4,3,7
15985,1,2,3
15072,0,2,2
11700,2,0,2
11699,2,0,2
11698,1,0,1
19611,3,5,8
17378,0,5,5
16054,4,5,9
13810,0,2,2
13691,3,4,7
11695,10,0,10
13756,0,2,2
11690,6,0,6
26655,0,3,3
14942,1,1,2
11684,2,0,2
11680,3,0,3
11677,1,0,1
21482,2,23,25
23568,2,3,5
11671,5,0,5
21660,0,14,14
19918,3,14,17
19196,1,11,12
16858,8,8,16
15975,1,9,10
15770,7,16,23
14645,0,1,1
14071,2,7,9
13887,2,7,9
13227,42,1,43
23266,0,3,3
17110,3,3,6
16701,0,4,4
15359,0,2,2
13636,3,2,5
23131,1,4,5
19020,1,4,5
18120,1,2,3
17740,0,2,2
14683,0,1,1
23757,3,2,5
20610,1,9,10
19385,0,4,4
15050,2,3,5
14867,0,7,7
11661,2,0,2
19718,1,10,11
16578,3,1,4
11653,2,0,2
18265,1,7,8
11648,1,0,1
11646,1,0,1
16522,2,3,5
15537,0,4,4
12675,7,1,8
11636,1,0,1
16446,0,3,3
15434,3,3,6
16962,3,6,9
13590,0,1,1
20709,0,1,1
19175,0,14,14
18458,1,1,2
17934,5,1,6
11626,1,0,1
11625,1,0,1
27424,1,10,11
19859,0,3,3
17953,3,14,17
16628,0,9,9
15797,5,11,16
15662,7,7,14
15183,6,6,12
15094,7,5,12
14137,7,4,11
12717,10,1,11
17978,1,10,11
14733,0,2,2
20144,3,14,17
16000,3,6,9
14649,3,1,4
25307,0,21,21
24658,1,4,5
23652,1,5,6
20161,9,3,12
17862,6,7,13
14819,2,3,5
23167,0,1,1
17477,0,3,3
26000,0,6,6
25817,0,7,7
25234,1,4,5
15437,2,6,8
21885,1,17,18
11604,2,0,2
19932,0,4,4
16347,0,2,2
15924,0,1,1
12596,0,1,1
17108,0,2,2
19588,5,14,19
19510,4,23,27
18391,9,15,24
16890,2,17,19
12857,2,1,3
11598,2,0,2
16189,0,1,1
11596,1,0,1
22894,0,3,3
21543,0,6,6
19720,1,2,3
13467,6,1,7
13236,2,1,3
12902,10,2,12
12073,5,1,6
17334,0,2,2
16915,1,8,9
12887,7,1,8
11591,2,0,2
18142,0,6,6
16645,3,8,11
14950,0,2,2
11990,0,2,2
19264,0,3,3
14823,3,3,6
11581,1,0,1
17280,0,3,3
17069,3,2,5
13479,2,2,4
12803,10,3,13
13357,0,3,3
11579,2,0,2
14321,21,7,28
11576,12,0,12
14816,0,1,1
16827,3,3,6
22215,0,10,10
20814,1,1,2
20016,2,7,9
19487,1,7,8
18488,1,3,4
17857,4,6,10
17634,6,5,11
17459,0,3,3
14678,3,2,5
14602,0,2,2
12877,8,2,10
23248,5,29,34
18878,4,11,15
11565,1,0,1
13992,0,2,2
11562,3,0,3
14952,0,3,3
14055,1,2,3
12778,1,2,3
11561,7,0,7
11560,6,0,6
18272,0,2,2
15897,1,4,5
13638,2,5,7
12755,2,2,4
22181,4,3,7
26091,0,3,3
13368,8,1,9
13301,21,1,22
13878,5,3,8
12846,0,1,1
22462,3,6,9
19242,5,3,8
17647,4,6,10
22962,0,6,6
11549,1,0,1
27000,0,2,2
13271,1,1,2
11547,1,0,1
13207,0,3,3
11546,1,0,1
16070,1,3,4
13775,0,3,3
17267,2,10,12
16988,2,12,14
14788,13,3,16
13336,7,2,9
13406,0,3,3
12070,1,4,5
18160,0,9,9
14573,0,2,2
13637,1,1,2
18946,15,33,48
12054,2,1,3
11768,0,1,1
11529,1,0,1
15288,0,1,1
13864,1,2,3
12413,1,1,2
27651,0,36,36
25523,1,12,13
22564,1,5,6
17657,2,7,9
14887,0,5,5
13631,4,2,6
13305,12,2,14
13205,20,2,22
18175,8,3,11
11521,3,0,3
11701,2,1,3
11519,4,0,4
11513,1,0,1
14736,1,1,2
13195,1,1,2
11508,4,0,4
14140,7,10,17
11502,1,0,1
26020,1,20,21
24373,0,10,10
23339,0,6,6
20769,4,15,19
19907,8,2,10
17565,0,7,7
17470,7,25,32
16320,1,7,8
16285,1,2,3
14038,6,4,10
12569,1,2,3
12329,2,3,5
24190,0,4,4
23569,2,24,26
20247,0,14,14
19569,0,5,5
18270,0,4,4
11889,1,2,3
11495,2,0,2
11493,2,0,2
26878,0,11,11
24862,1,8,9
12776,4,2,6
26410,1,9,10
24527,0,14,14
23095,2,9,11
23083,3,6,9
22161,0,6,6
21900,1,4,5
14563,4,4,8
14546,0,4,4
13230,2,3,5
13381,5,2,7
11605,9,1,10
27254,0,6,6
12559,0,1,1
11484,1,0,1
11483,3,0,3
12553,0,1,1
11482,5,0,5
19493,0,3,3
11954,1,1,2
11480,1,0,1
11477,5,0,5
11475,2,0,2
11468,3,0,3
11467,3,0,3
22013,1,5,6
21292,0,7,7
16910,0,5,5
15004,0,2,2
13671,4,1,5
12377,1,3,4
11459,2,0,2
11457,2,0,2
12872,1,2,3
12579,1,2,3
16506,1,3,4
16305,0,1,1
13414,0,2,2
11451,4,0,4
15146,3,5,8
14513,0,2,2
14347,6,3,9
12567,3,1,4
11449,4,0,4
20337,0,5,5
26148,1,76,77
11466,1,1,2
11446,1,0,1
11537,2,1,3
11444,6,0,6
15450,6,7,13
15290,6,4,10
15171,4,9,13
11441,2,0,2
14943,5,6,11
14514,2,5,7
14040,1,2,3
12663,3,1,4
25522,0,4,4
25410,2,13,15
25055,0,11,11
22762,0,14,14
21698,3,19,22
21274,5,28,33
20832,9,27,36
20796,3,45,48
20197,8,24,32
19965,18,29,47
19643,1,15,16
19520,8,17,25
18022,7,13,20
16192,1,5,6
15312,19,7,26
14489,0,1,1
14369,4,5,9
13413,0,1,1
13232,2,1,3
12578,1,2,3
11438,3,0,3
11437,8,0,8
18739,1,20,21
24214,0,22,22
22814,1,6,7
21906,0,6,6
20596,1,7,8
20024,4,16,20
17004,0,4,4
14337,2,1,3
13884,4,3,7
12881,5,2,7
11433,2,0,2
18473,3,1,4
16454,2,1,3
11429,1,0,1
11427,6,0,6
21760,0,4,4
20733,0,6,6
20548,1,9,10
20545,1,10,11
20094,0,6,6
22108,1,1,2
21507,0,10,10
17715,2,2,4
23666,1,5,6
19838,4,11,15
17694,10,5,15
11413,1,0,1
21225,1,1,2
15685,2,14,16
11402,2,0,2
17605,0,9,9
17526,1,9,10
16529,0,9,9
15776,7,8,15
19089,3,11,14
20802,2,5,7
15573,3,6,9
11398,2,0,2
24199,0,9,9
23061,0,9,9
20990,0,8,8
20404,4,39,43
19725,0,15,15
19539,0,12,12
19253,1,3,4
18485,5,8,13
15713,2,9,11
15503,0,6,6
14905,3,5,8
14777,3,9,12
14654,3,8,11
14386,0,7,7
14198,18,7,25
14193,3,2,5
13693,1,13,14
13213,2,3,5
12724,4,5,9
12157,3,4,7
11395,3,0,3
21250,1,7,8
18780,0,6,6
16478,1,2,3
16382,2,2,4
16212,10,1,11
15228,2,2,4
13798,2,1,3
11390,1,0,1
26675,0,7,7
11388,8,0,8
15747,1,1,2
11383,3,0,3
13589,0,1,1
11828,0,1,1
11382,2,0,2
11381,1,0,1
12710,0,2,2
11379,1,0,1
11378,5,0,5
16498,1,4,5
15485,0,4,4
12102,0,1,1
17506,4,4,8
19655,3,5,8
18868,1,3,4
11364,2,0,2
14590,2,9,11
16782,2,3,5
11361,2,0,2
21390,0,2,2
11358,4,0,4
12779,1,1,2
11355,8,0,8
18172,0,8,8
17462,2,20,22
15536,0,17,17
15509,5,21,26
15301,5,18,23
14364,9,12,21
13183,5,4,9
12862,4,4,8
12014,1,1,2
23769,1,17,18
23674,0,5,5
13738,2,2,4
15280,3,9,12
14818,0,2,2
22886,0,12,12
13705,1,2,3
26219,0,3,3
15244,4,2,6
15032,2,2,4
14717,0,1,1
13764,0,1,1
11345,11,0,11
21487,0,7,7
18995,4,5,9
11342,8,0,8
25177,2,10,12
20583,9,23,32
17468,0,5,5
15428,8,6,14
15323,0,6,6
15128,2,8,10
21289,0,3,3
17143,3,9,12
17098,2,7,9
14822,2,1,3
20029,1,1,2
19054,2,3,5
15387,1,2,3
15082,0,2,2
13579,0,2,2
15812,1,4,5
25666,0,7,7
17017,0,2,2
15725,0,3,3
15137,3,2,5
14935,2,1,3
11327,3,0,3
13975,0,1,1
11325,6,0,6
19419,0,5,5
14406,1,1,2
14197,0,2,2
13985,0,6,6
13097,0,2,2
11324,5,0,5
16294,0,2,2
15871,0,10,10
15821,1,3,4
15744,1,2,3
15525,1,4,5
15264,5,3,8
15067,1,2,3
14616,1,2,3
14385,0,2,2
14384,1,1,2
14215,3,1,4
12986,0,1,1
12823,4,2,6
11323,17,0,17
15173,2,3,5
19225,0,22,22
11960,4,1,5
13137,6,2,8
11317,4,0,4
11316,2,0,2
11315,1,0,1
20095,0,4,4
16128,5,4,9
14118,0,1,1
26360,1,14,15
15477,2,1,3
22233,2,4,6
17447,5,16,21
18449,1,2,3
17883,2,4,6
18038,3,7,10
11301,12,0,12
13702,0,1,1
11300,1,0,1
12967,16,8,24
11298,8,0,8
11297,8,0,8
11295,6,0,6
16427,4,9,13
23677,2,9,11
22994,5,14,19
21220,3,3,6
19649,10,13,23
18770,0,7,7
17918,3,11,14
17887,4,5,9
17345,3,5,8
16682,8,14,22
15378,0,2,2
13809,1,1,2
20020,0,3,3
20849,1,7,8
16651,1,5,6
15211,4,3,7
12496,0,1,1
15455,0,3,3
15401,2,1,3
11283,4,0,4
19989,0,8,8
13865,3,1,4
11276,1,0,1
13425,0,1,1
13135,2,2,4
11274,1,0,1
11273,1,0,1
12649,6,3,9
18537,1,18,19
11269,9,0,9
18203,0,4,4
17903,0,14,14
15090,1,1,2
11687,3,2,5
11263,3,0,3
14817,1,1,2
11275,4,1,5
11259,6,0,6
16644,1,9,10
11258,9,0,9
13410,0,3,3
13391,0,4,4
11257,2,0,2
22840,0,9,9
20434,0,10,10
19627,3,15,18
16490,0,7,7
15778,2,8,10
15234,8,5,13
15034,5,9,14
14382,13,5,18
12748,1,2,3
26042,0,1,1
19892,0,3,3
18538,1,5,6
17367,0,2,2
13468,1,1,2
11252,2,0,2
24056,1,43,44
16414,0,8,8
14033,3,1,4
20622,1,7,8
20395,0,12,12
15011,1,2,3
16714,10,10,20
11244,4,0,4
14499,2,2,4
11241,1,0,1
11240,4,0,4
16725,3,8,11
20597,0,6,6
11238,6,0,6
11234,2,0,2
25228,0,9,9
21254,2,2,4
11229,3,0,3
14492,10,1,11
14345,0,3,3
14061,1,1,2
13080,6,1,7
24172,3,22,25
14618,4,1,5
11516,3,1,4
11224,1,0,1
13682,5,4,9
11220,6,0,6
19623,1,8,9
18585,2,9,11
17330,11,14,25
16481,2,8,10
11216,14,0,14
18283,16,20,36
22493,0,6,6
20765,3,9,12
19355,2,5,7
11212,9,0,9
18420,0,21,21
14566,1,1,2
12653,7,2,9
11206,6,0,6
19923,4,10,14
19280,2,2,4
14203,0,2,2
17111,0,11,11
15424,0,5,5
14674,1,8,9
14292,13,8,21
13677,1,6,7
13226,8,2,10
12548,0,1,1
12677,1,2,3
25962,0,3,3
24905,0,3,3
21371,0,6,6
14954,13,3,16
13721,0,4,4
25727,0,8,8
25296,0,23,23
23078,6,8,14
15330,7,24,31
14607,5,3,8
14256,11,4,15
11397,3,3,6
14314,1,1,2
11196,5,0,5
18873,0,5,5
13938,1,1,2
13874,1,1,2
11193,3,0,3
11192,4,0,4
19189,0,7,7
11773,1,1,2
11189,2,0,2
27219,0,7,7
27091,0,31,31
23989,0,7,7
22810,0,2,2
22415,3,19,22
20465,2,7,9
20264,0,4,4
19571,6,12,18
18416,0,11,11
18040,2,8,10
17239,5,8,13
16736,6,8,14
16666,2,8,10
16170,2,4,6
15462,4,3,7
14054,0,3,3
11185,1,0,1
12873,3,1,4
11233,2,1,3
11184,6,0,6
21348,2,6,8
19444,3,14,17
16634,3,4,7
13181,1,2,3
11182,3,0,3
11178,6,0,6
21672,1,2,3
18902,4,16,20
14567,11,3,14
15037,0,1,1
11176,1,0,1
23803,0,10,10
15178,1,4,5
11195,0,1,1
11174,1,0,1
11172,1,0,1
16474,1,1,2
14424,0,1,1
14180,3,17,20
11171,15,0,15
11170,1,0,1
11169,5,0,5
11164,5,0,5
15774,0,2,2
11163,1,0,1
11162,1,0,1
15115,3,1,4
14820,0,6,6
11160,1,0,1
13476,2,1,3
13658,6,2,8
24118,2,16,18
22456,0,4,4
20628,9,9,18
18744,12,7,19
11157,6,0,6
11156,1,0,1
19451,1,7,8
16160,1,4,5
13150,0,2,2
11155,3,0,3
11154,1,0,1
11153,2,0,2
20348,0,8,8
18206,1,5,6
15038,3,2,5
14791,0,5,5
13062,1,2,3
11151,2,0,2
11150,1,0,1
13553,2,13,15
12572,4,4,8
11149,11,0,11
27272,1,6,7
20708,0,2,2
13184,0,1,1
11147,5,0,5
12991,18,7,25
11903,6,5,11
11146,7,0,7
24559,1,3,4
23439,2,6,8
16867,1,9,10
16864,0,1,1
13290,1,1,2
24157,0,14,14
23509,1,13,14
21288,3,41,44
21126,4,31,35
20031,2,15,17
19195,0,33,33
18009,11,31,42
11143,5,0,5
21566,3,4,7
26741,0,6,6
15292,3,25,28
17085,8,24,32
13968,8,2,10
11136,2,0,2
15133,1,7,8
13404,0,1,1
11135,8,0,8
11132,2,0,2
17425,0,1,1
17523,3,10,13
13445,0,5,5
11126,2,0,2
22069,0,18,18
19201,3,9,12
14746,0,1,1
11124,3,0,3
14127,1,6,7
13530,1,1,2
13224,2,3,5
13115,3,3,6
11764,0,1,1
11121,2,0,2
20408,3,7,10
17739,5,11,16
17314,5,4,9
16803,2,4,6
16747,2,5,7
15620,5,7,12
14201,6,3,9
11118,2,0,2
11117,2,0,2
20555,2,7,9
20157,2,8,10
17897,1,7,8
11114,1,0,1
14808,4,5,9
11111,1,0,1
11110,1,0,1
14079,6,8,14
14900,2,3,5
11105,4,0,4
11492,0,3,3
11101,3,0,3
17877,0,1,1
18712,1,8,9
13645,9,1,10
12941,3,1,4
11099,9,0,9
21623,4,40,44
18214,2,4,6
18207,4,5,9
12440,0,2,2
11095,3,0,3
15274,2,5,7
11090,1,0,1
11089,2,0,2
11088,1,0,1
11087,3,0,3
17139,0,1,1
15322,1,6,7
14517,1,3,4
13604,1,4,5
11086,13,0,13
13748,2,5,7
11085,1,0,1
17301,11,13,24
25843,1,15,16
18854,3,7,10
18360,1,5,6
26511,0,11,11
22056,1,6,7
19057,3,6,9
11079,1,0,1
15092,0,4,4
11078,7,0,7
16939,0,2,2
13360,7,3,10
13212,6,3,9
14996,0,2,2
11076,18,0,18
25472,0,3,3
11074,1,0,1
16954,1,7,8
15453,3,4,7
15339,5,4,9
11071,15,0,15
11068,2,0,2
20189,2,9,11
11067,2,0,2
22412,3,3,6
12426,2,1,3
11066,4,0,4
11065,3,0,3
12414,0,1,1
12325,0,1,1
11064,18,0,18
27126,0,11,11
25479,1,39,40
24241,1,2,3
23871,0,1,1
22998,3,7,10
11063,6,0,6
23133,0,11,11
19410,2,15,17
18149,1,18,19
17952,0,3,3
17824,1,2,3
17486,0,7,7
16476,0,11,11
16249,10,7,17
18796,1,5,6
15254,0,7,7
14964,1,4,5
12528,0,1,1
18277,0,9,9
16584,12,12,24
14065,3,4,7
12547,8,3,11
11875,13,2,15
11570,3,1,4
26260,0,9,9
24513,0,4,4
24191,1,6,7
22306,0,3,3
21115,0,9,9
20975,0,4,4
19008,2,1,3
18640,1,8,9
17351,0,6,6
16590,1,3,4
16505,0,5,5
15732,0,12,12
15640,0,8,8
15639,1,8,9
15598,6,7,13
14925,11,5,16
14725,0,6,6
13907,14,1,15
13828,0,2,2
13321,4,1,5
12359,9,5,14
12112,1,8,9
12083,2,1,3
11882,18,3,21
18055,0,28,28
19751,1,19,20
16297,4,28,32
15016,20,19,39
11052,6,0,6
11050,1,0,1
17572,1,3,4
16500,0,2,2
12662,0,1,1
11048,5,0,5
17400,2,6,8
15214,2,2,4
12956,16,3,19
11696,1,1,2
17185,1,5,6
21468,5,10,15
12965,3,7,10
12078,7,4,11
11035,3,0,3
26853,0,10,10
25143,5,10,15
16774,9,7,16
16412,0,9,9
14734,1,3,4
14730,2,1,3
12968,0,1,1
21656,0,4,4
20174,1,1,2
19568,0,4,4
11023,1,0,1
25361,0,2,2
22017,0,12,12
18795,4,2,6
16713,6,2,8
14807,1,2,3
11017,3,0,3
11016,2,0,2
24019,1,3,4
19301,7,6,13
18386,1,5,6
17357,0,1,1
16005,0,7,7
15002,0,3,3
18169,0,5,5
25884,0,2,2
17881,0,1,1
16024,3,4,7
11011,6,0,6
13338,0,3,3
17076,0,1,1
11009,1,0,1
11006,5,0,5
11005,1,0,1
12854,0,1,1
11061,1,1,2
11004,4,0,4
11002,1,0,1
11001,2,0,2
11000,2,0,2
24393,0,2,2
21282,0,4,4
20549,26,27,53
13623,0,2,2
10998,3,0,3
21734,1,17,18
13745,1,5,6
12226,4,1,5
14885,2,9,11
14706,2,2,4
13516,0,2,2
12406,0,1,1
18623,6,15,21
26471,0,22,22
23077,3,4,7
21224,1,17,18
21038,0,23,23
20654,0,5,5
20624,2,7,9
19831,0,7,7
19613,5,22,27
19581,0,20,20
16808,8,8,16
16722,5,6,11
16341,1,7,8
15522,6,23,29
13941,5,6,11
12972,6,5,11
12936,4,4,8
10992,2,0,2
17172,6,11,17
12681,4,5,9
12350,2,9,11
12275,4,7,11
11303,14,2,16
11294,10,1,11
10991,8,0,8
14142,0,3,3
14052,5,2,7
26234,0,3,3
23030,1,19,20
20818,1,4,5
19430,1,3,4
18871,2,10,12
15628,1,1,2
15584,1,5,6
15356,1,4,5
14890,3,1,4
14687,0,5,5
14655,2,8,10
13684,13,1,14
12859,0,1,1
15099,0,3,3
16706,14,22,36
14466,7,3,10
14465,0,6,6
11228,2,1,3
10985,3,0,3
12113,0,1,1
11556,0,1,1
10984,2,0,2
19728,1,8,9
18808,2,1,3
10983,3,0,3
12918,8,2,10
10979,2,0,2
24953,2,24,26
21594,8,26,34
20811,25,43,68
19279,0,15,15
19231,38,33,71
18609,6,10,16
15672,1,4,5
12590,0,1,1
14475,1,5,6
13071,1,2,3
10977,4,0,4
12997,9,9,18
10975,7,0,7
19100,2,2,4
10974,4,0,4
19306,0,1,1
10972,1,0,1
18763,3,7,10
10971,18,0,18
15293,1,8,9
13980,4,7,11
13678,4,14,18
15609,0,18,18
25474,1,20,21
25311,2,20,22
25277,3,25,28
10964,4,0,4
10963,7,0,7
22431,0,4,4
14713,0,2,2
14202,1,3,4
10960,9,0,9
18814,3,13,16
15225,6,15,21
14101,6,5,11
19559,2,5,7
18095,0,1,1
12598,8,2,10
27068,3,10,13
14664,0,2,2
13106,9,3,12
13963,0,1,1
10953,1,0,1
20416,1,15,16
15663,2,6,8
14412,5,3,8
10950,7,0,7
12552,1,1,2
26625,1,10,11
23518,0,6,6
24950,0,8,8
14376,0,6,6
13817,1,1,2
13718,1,6,7
10943,6,0,6
10942,7,0,7
15651,3,11,14
14934,0,2,2
13000,1,1,2
12281,1,1,2
10937,31,0,31
10936,4,0,4
18306,0,4,4
16723,2,7,9
17241,0,1,1
10931,1,0,1
24451,0,5,5
22043,2,5,7
17067,3,5,8
13142,0,1,1
13068,1,1,2
12250,0,1,1
15972,0,1,1
14751,10,9,19
10929,13,0,13
26891,0,12,12
17148,0,7,7
10928,21,0,21
10927,3,0,3
19218,0,7,7
13647,1,2,3
11965,29,2,31
12430,0,2,2
10923,3,0,3
12308,0,1,1
10922,1,0,1
10921,2,0,2
10920,7,0,7
16228,0,1,1
15469,8,4,12
13022,9,3,12
10917,12,0,12
10914,6,0,6
24981,0,15,15
21970,2,14,16
18696,0,5,5
16208,3,9,12
15761,1,7,8
14442,1,6,7
10912,8,0,8
10911,3,0,3
10910,5,0,5
11296,1,1,2
18405,1,5,6
19897,1,8,9
18434,1,6,7
16361,0,2,2
12441,2,2,4
11664,4,1,5
15393,1,8,9
14715,2,9,11
14608,10,8,18
18613,1,9,10
15539,1,2,3
15371,2,5,7
25206,2,41,43
24586,1,7,8
20451,2,22,24
17332,0,10,10
16953,0,24,24
16384,2,9,11
15756,7,7,14
14936,1,8,9
13879,0,4,4
18776,0,4,4
10901,6,0,6
26375,0,20,20
16617,1,6,7
15987,4,5,9
13846,1,8,9
16046,15,2,17
10892,1,0,1
12348,18,1,19
10890,2,0,2
10889,2,0,2
10887,2,0,2
10886,13,0,13
10885,10,0,10
10883,2,0,2
18665,0,2,2
13284,1,1,2
17531,1,7,8
16524,0,4,4
14214,0,1,1
13843,1,2,3
13795,1,3,4
13789,13,5,18
13586,2,1,3
13374,5,2,7
13139,1,1,2
12952,0,2,2
14612,0,2,2
14524,0,3,3
14460,0,5,5
14181,0,4,4
14057,0,7,7
14046,1,1,2
14034,0,5,5
13289,1,5,6
13063,0,4,4
12896,0,5,5
12482,4,2,6
12422,0,2,2
10879,27,0,27
15126,2,4,6
14461,0,5,5
10878,4,0,4
13038,2,1,3
10877,3,0,3
19309,0,8,8
11741,0,3,3
11404,0,1,1
23488,0,6,6
12203,0,2,2
11109,1,1,2
11108,3,1,4
13507,0,5,5
10872,1,0,1
26863,0,5,5
24689,1,1,2
24562,1,2,3
24542,1,4,5
24430,1,2,3
21720,2,2,4
20191,0,7,7
16552,1,3,4
15335,0,1,1
14418,0,2,2
15065,0,3,3
10869,1,0,1
17774,2,8,10
13715,2,3,5
10867,1,0,1
17109,4,4,8
10865,6,0,6
10864,2,0,2
10862,1,0,1
24669,1,19,20
19363,1,10,11
17554,3,9,12
13973,0,4,4
24984,1,8,9
23032,3,8,11
17263,0,6,6
17262,4,5,9
16777,1,13,14
16766,1,14,15
14430,10,8,18
13599,8,8,16
13411,6,7,13
12989,2,2,4
18261,0,9,9
10858,1,0,1
10857,15,0,15
17012,0,10,10
11743,6,4,10
11573,6,1,7
19336,0,10,10
17532,7,17,24
25735,0,3,3
17333,0,3,3
14666,2,8,10
14544,5,4,9
14283,1,3,4
12694,0,4,4
12833,0,2,2
10850,1,0,1
25668,0,3,3
10849,1,0,1
11471,0,2,2
11458,0,2,2
11339,7,1,8
15112,4,1,5
13389,1,3,4
13324,1,5,6
12928,1,1,2
12845,2,3,5
23938,0,15,15
12962,2,1,3
10844,2,0,2
16466,3,13,16
10843,4,0,4
14776,2,6,8
10839,2,0,2
16163,5,25,30
12687,2,3,5
11689,2,2,4
17429,5,5,10
14961,1,6,7
13028,12,3,15
11877,2,3,5
13408,3,2,5
10832,1,0,1
15633,1,13,14
15632,1,10,11
15440,4,11,15
14915,4,14,18
14769,0,6,6
14568,3,11,14
12454,8,6,14
12084,3,3,6
15887,1,5,6
13335,2,2,4
12576,3,1,4
12137,3,1,4
11691,5,1,6
10830,7,0,7
20673,2,11,13
20306,0,15,15
17252,11,5,16
16675,10,9,19
13616,8,6,14
12244,0,4,4
10826,1,0,1
14344,11,10,21
13192,1,3,4
11847,3,3,6
27290,0,24,24
23108,1,30,31
19566,0,16,16
18311,0,5,5
10822,2,0,2
10821,3,0,3
10820,2,0,2
21182,0,2,2
14541,0,2,2
16473,1,7,8
16293,5,16,21
15511,8,11,19
15392,33,20,53
14639,1,4,5
14560,2,5,7
16375,0,4,4
13706,0,1,1
10813,1,0,1
18035,2,7,9
22303,0,15,15
18654,0,10,10
10809,3,0,3
19151,2,9,11
15942,4,6,10
12958,14,4,18
10802,2,0,2
11326,0,1,1
11024,0,2,2
10915,0,2,2
10801,3,0,3
17513,2,6,8
16406,0,4,4
15320,3,1,4
12323,4,2,6
10798,1,0,1
10797,5,0,5
25040,0,6,6
14558,0,3,3
15398,0,2,2
10795,1,0,1
11849,6,2,8
10794,2,0,2
20737,0,15,15
14146,3,5,8
13031,6,1,7
22378,0,8,8
10791,5,0,5
21110,2,5,7
20922,0,11,11
20318,0,3,3
16091,0,2,2
14244,0,1,1
26754,0,90,90
26023,0,6,6
24443,1,15,16
23712,2,11,13
23008,1,9,10
22517,0,12,12
22107,1,58,59
21682,0,7,7
20644,9,17,26
19802,0,7,7
19712,2,10,12
19471,2,9,11
19324,3,13,16
19158,3,25,28
18732,4,26,30
18151,5,15,20
17806,0,20,20
17593,14,15,29
17329,18,22,40
16684,4,20,24
16442,6,10,16
15451,6,10,16
15201,1,10,11
11884,0,8,8
15281,2,1,3
10788,8,0,8
16772,4,9,13
10787,1,0,1
14963,0,4,4
13269,11,2,13
26058,2,16,18
19315,0,4,4
19065,1,3,4
27461,0,7,7
12464,5,2,7
11738,0,1,1
19784,2,15,17
19053,1,4,5
13897,1,7,8
13692,0,2,2
11772,0,1,1
22256,3,21,24
20078,1,12,13
19647,0,11,11
19150,4,14,18
16983,0,9,9
16982,9,11,20
16607,0,6,6
16001,1,11,12
15170,7,7,14
13854,12,12,24
13793,2,3,5
13774,4,16,20
13766,2,6,8
12698,9,2,11
12446,1,1,2
12199,6,1,7
12096,0,1,1
21583,0,6,6
10777,2,0,2
17075,1,4,5
24351,1,2,3
20920,2,3,5
19293,0,2,2
10773,4,0,4
10771,4,0,4
22792,1,13,14
15894,0,12,12
13258,0,7,7
19516,0,3,3
17673,0,5,5
14289,2,10,12
14265,2,1,3
13845,7,7,14
12339,13,2,15
10767,3,0,3
19790,1,5,6
12049,1,1,2
10765,8,0,8
17623,0,8,8
10764,7,0,7
10763,2,0,2
10762,11,0,11
15914,2,5,7
12091,18,10,28
23736,3,14,17
22171,0,4,4
17453,1,4,5
12562,1,3,4
11800,2,1,3
17594,2,12,14
16129,1,17,18
15683,7,10,17
14515,0,4,4
12993,12,7,19
10786,1,1,2
10759,32,0,32
11911,0,2,2
11694,1,4,5
11656,1,2,3
10758,12,0,12
27259,2,9,11
20939,2,5,7
10757,4,0,4
14959,0,3,3
10755,5,0,5
19614,1,1,2
19063,2,10,12
13916,0,3,3
12044,0,3,3
10754,5,0,5
10751,2,0,2
22940,0,27,27
21621,1,8,9
21111,0,8,8
20984,2,7,9
19758,2,5,7
19098,4,4,8
16270,5,4,9
15814,1,8,9
15703,2,13,15
15284,0,5,5
14673,1,2,3
14206,1,12,13
13922,4,4,8
13876,2,3,5
13772,1,3,4
13746,6,11,17
13522,0,1,1
12615,2,2,4
12335,5,5,10
11995,1,2,3
11994,0,3,3
20057,0,13,13
17420,0,8,8
16039,4,3,7
15986,3,12,15
15828,0,3,3
15361,0,4,4
14375,2,10,12
14006,3,6,9
13308,1,2,3
12949,22,3,25
12311,0,1,1
18330,1,2,3
16003,2,8,10
10743,14,0,14
13011,0,2,2
12444,5,2,7
12443,0,1,1
11020,0,1,1
26462,0,5,5
15799,0,4,4
11874,0,1,1
10853,0,1,1
10740,2,0,2
19567,1,15,16
15992,9,5,14
13681,5,11,16
12121,0,1,1
11815,0,1,1
11620,7,3,10
11373,3,1,4
16507,1,3,4
10737,3,0,3
10735,2,0,2
14775,0,2,2
10734,2,0,2
10733,22,0,22
10732,1,0,1
26758,2,10,12
12132,0,2,2
11759,1,1,2
10729,2,0,2
18542,0,2,2
11472,2,1,3
10725,2,0,2
20973,0,5,5
18451,1,3,4
15163,0,4,4
25398,1,8,9
10721,7,0,7
20926,0,5,5
13355,2,1,3
27466,0,7,7
16463,3,7,10
16296,7,6,13
15788,4,5,9
15374,0,4,4
14526,17,7,24
13687,0,4,4
11375,0,1,1
10894,0,1,1
17214,5,13,18
15918,1,3,4
17595,1,8,9
16750,0,3,3
12966,0,2,2
12800,3,2,5
10716,9,0,9
12261,0,2,2
11729,1,1,2
10714,6,0,6
10713,4,0,4
18990,0,7,7
16242,5,5,10
15187,5,4,9
14113,0,3,3
14058,0,5,5
13041,0,1,1
10710,14,0,14
15240,3,7,10
16729,0,6,6
25639,0,23,23
24765,2,8,10
21531,8,19,27
14542,0,10,10
14030,1,7,8
11854,4,3,7
11778,1,1,2
15588,1,8,9
14053,10,6,16
13003,4,1,5
22321,1,7,8
17818,1,6,7
16415,0,5,5
14042,0,1,1
12643,6,5,11
12158,7,3,10
17472,4,4,8
11512,3,1,4
18934,2,7,9
16618,5,8,13
11363,11,1,12
10702,3,0,3
17830,3,7,10
14858,1,6,7
14695,1,3,4
14410,0,2,2
13625,1,5,6
13382,0,4,4
13252,1,5,6
13242,1,2,3
13051,2,1,3
13015,0,2,2
13012,1,2,3
12899,4,2,6
12885,0,1,1
12324,0,1,1
12080,0,1,1
12007,0,1,1
11354,1,1,2
25235,0,7,7
17721,6,3,9
17656,0,5,5
17304,0,10,10
16329,7,7,14
16180,1,9,10
14832,11,16,27
14259,14,13,27
13811,8,9,17
13643,0,4,4
13603,3,10,13
13421,2,5,7
13119,10,3,13
25900,3,13,16
23369,2,16,18
13572,2,1,3
10697,11,0,11
10696,3,0,3
10695,1,0,1
21328,1,10,11
10691,2,0,2
10690,1,0,1
19944,0,5,5
14622,1,10,11
14105,9,9,18
13624,2,7,9
12169,6,3,9
26584,0,6,6
20339,1,13,14
18500,2,10,12
17006,0,4,4
15936,1,1,2
15262,0,5,5
15241,6,15,21
14850,0,5,5
13800,7,10,17
13648,2,3,5
12095,9,9,18
18211,1,6,7
15459,2,6,8
11943,5,1,6
12977,1,4,5
10686,4,0,4
10685,3,0,3
22231,0,15,15
19502,0,3,3
18966,7,9,16
17972,3,4,7
12534,2,2,4
12082,1,1,2
11131,0,1,1
25824,0,2,2
20082,0,7,7
10681,3,0,3
25354,0,19,19
23740,2,17,19
22399,1,19,20
19612,2,16,18
12942,3,2,5
12759,5,1,6
10677,1,0,1
11448,8,1,9
10676,3,0,3
10675,10,0,10
23214,4,7,11
10673,5,0,5
12915,0,3,3
11577,2,2,4
10672,10,0,10
18985,0,2,2
10671,1,0,1
15838,1,6,7
22578,1,7,8
16254,0,4,4
16196,2,4,6
10668,8,0,8
14633,4,4,8
27572,0,14,14
17618,3,12,15
17393,9,5,14
17382,4,21,25
14939,0,5,5
14416,0,8,8
14075,0,10,10
13661,2,8,10
13528,0,11,11
13527,1,2,3
13317,3,10,13
13229,4,4,8
12458,4,4,8
11891,1,1,2
11511,1,1,2
20367,0,15,15
17204,2,4,6
16440,1,14,15
16083,1,6,7
12773,3,4,7
10663,2,0,2
22502,0,1,1
17939,2,11,13
13245,1,4,5
11217,0,1,1
10662,4,0,4
14050,2,9,11
10660,2,0,2
10659,1,0,1
13988,0,4,4
10658,3,0,3
10657,6,0,6
11881,7,2,9
10655,5,0,5
21930,0,7,7
17290,0,1,1
17020,1,3,4
14311,0,3,3
10653,10,0,10
12545,3,1,4
11588,2,2,4
21010,3,16,19
20530,3,21,24
18625,3,17,20
17950,1,12,13
13214,0,3,3
26306,1,14,15
24772,2,6,8
23204,3,17,20
19085,3,10,13
16547,3,13,16
15326,0,2,2
14876,0,6,6
12365,3,6,9
21032,1,15,16
12404,0,3,3
11563,2,1,3
10649,5,0,5
22761,1,11,12
11306,0,1,1
10647,14,0,14
15834,1,6,7
14229,1,13,14
13932,0,5,5
13909,3,3,6
13113,1,2,3
12165,9,2,11
10646,19,0,19
13986,5,10,15
20525,1,61,62
17136,7,37,44
16957,1,8,9
16647,15,67,82
16027,2,7,9
14767,0,3,3
14758,3,6,9
14509,0,2,2
12953,14,3,17
26818,0,6,6
14763,1,3,4
10642,6,0,6
17217,1,9,10
16730,3,7,10
14528,0,3,3
12711,0,2,2
10641,7,0,7
22206,2,10,12
12700,2,3,5
21574,0,8,8
20979,0,5,5
19577,1,5,6
15490,1,6,7
15021,1,1,2
12912,5,1,6
12289,8,3,11
11857,0,1,1
18395,6,13,19
16652,3,16,19
14100,3,9,12
12267,5,8,13
21436,0,12,12
21271,1,18,19
20773,4,36,40
19813,1,3,4
19373,1,8,9
18924,8,13,21
18064,4,11,15
17582,1,4,5
16798,8,8,16
16551,2,2,4
16457,14,6,20
15049,0,4,4
14972,0,1,1
14411,0,6,6
13342,0,1,1
12607,20,1,21
10656,15,1,16
16308,3,7,10
12265,1,2,3
10634,2,0,2
16188,2,6,8
14415,5,4,9
13448,0,2,2
12563,4,6,10
12171,5,1,6
11739,0,1,1
10633,13,0,13
21820,0,4,4
21515,1,5,6
20023,1,1,2
19480,0,2,2
18466,6,5,11
18013,4,10,14
15670,5,7,12
15235,13,13,26
15139,8,9,17
13187,10,2,12
16081,0,12,12
10628,4,0,4
15331,9,4,13
11838,0,2,2
14388,0,5,5
12449,1,3,4
11675,1,2,3
20116,0,6,6
12213,0,2,2
10624,8,0,8
22058,1,3,4
12808,0,3,3
10622,1,0,1
11309,16,1,17
16802,14,18,32
15123,0,4,4
11979,0,4,4
11599,0,4,4
11542,36,4,40
11432,9,3,12
11307,3,2,5
10618,1,0,1
23580,1,112,113
19583,2,16,18
15764,6,10,16
15619,8,9,17
15468,2,8,10
15346,19,11,30
14318,0,6,6
10615,1,0,1
21221,3,20,23
21116,0,7,7
18779,1,6,7
17102,0,4,4
11730,0,2,2
27296,0,3,3
13309,1,4,5
12522,3,4,7
15028,0,14,14
14967,1,6,7
14865,3,21,24
11106,1,3,4
10898,1,3,4
10874,10,1,11
10745,1,3,4
10736,1,2,3
20290,0,8,8
18971,4,22,26
18444,1,6,7
17394,2,10,12
17269,6,10,16
15641,0,9,9
15141,0,6,6
14330,11,5,16
10606,2,0,2
10605,1,0,1
14156,0,2,2
10602,1,0,1
14089,4,5,9
13802,10,13,23
12917,0,5,5
12243,1,11,12
22347,0,19,19
20994,0,3,3
20720,3,24,27
20166,3,46,49
19971,0,14,14
19530,1,17,18
17957,2,9,11
17674,0,29,29
17366,1,11,12
17041,14,16,30
16643,12,16,28
15518,14,8,22
15296,1,2,3
14464,17,13,30
13571,5,4,9
13001,10,2,12
12906,60,7,67
12143,4,1,5
12136,4,2,6
11165,0,1,1
10599,1,0,1
24753,0,10,10
10598,5,0,5
21496,0,8,8
10596,2,0,2
12867,0,2,2
11961,0,2,2
11866,0,2,2
10593,3,0,3
17947,3,11,14
16006,9,14,23
12216,3,1,4
14060,3,6,9
13247,3,6,9
19164,1,3,4
15723,2,7,9
15463,1,5,6
14352,3,7,10
14063,4,5,9
13621,8,1,9
13584,5,8,13
13463,6,2,8
13399,8,4,12
13396,2,1,3
12380,11,3,14
12050,7,1,8
11919,0,2,2
24754,0,12,12
16721,0,9,9
16136,1,9,10
15194,2,7,9
14797,4,6,10
14288,9,13,22
10588,1,0,1
12537,13,3,16
13955,0,1,1
19984,16,20,36
14182,38,7,45
13685,4,9,13
12549,5,12,17
10583,4,0,4
27020,0,2,2
14744,0,7,7
14653,0,6,6
12868,8,4,12
12613,2,2,4
12129,3,3,6
10581,1,0,1
16335,0,3,3
14520,0,3,3
14454,0,1,1
14449,0,4,4
14360,0,1,1
14260,3,6,9
13592,2,1,3
13428,3,1,4
11242,0,1,1
10578,1,0,1
11704,2,2,4
11166,1,2,3
10577,2,0,2
16402,0,3,3
20698,0,27,27
20195,2,4,6
17293,0,16,16
16491,1,7,8
14835,0,7,7
14365,4,7,11
14115,6,2,8
12493,0,1,1
10573,5,0,5
27495,0,31,31
27256,0,9,9
27251,0,8,8
26860,1,2,3
26649,1,26,27
26513,0,12,12
26512,1,11,12
26180,0,30,30
25646,1,14,15
25628,2,17,19
25297,3,7,10
25250,1,1,2
25113,1,11,12
24886,1,4,5
24714,8,18,26
24616,5,61,66
24608,1,17,18
24399,0,28,28
24389,2,9,11
24356,0,3,3
24246,1,9,10
23741,2,7,9
23528,3,24,27
23427,5,26,31
23206,26,21,47
23179,6,29,35
23049,1,10,11
22876,5,12,17
22546,8,16,24
22469,1,5,6
22464,7,23,30
21674,0,4,4
21257,5,3,8
20871,0,1,1
20690,1,4,5
19526,2,8,10
19438,0,2,2
18980,0,2,2
17764,2,13,15
17114,2,5,7
16292,5,23,28
15499,3,3,6
14456,4,1,5
14285,0,4,4
13792,4,3,7
13272,22,4,26
12508,0,5,5
12620,1,3,4
10571,4,0,4
27105,0,18,18
22795,2,13,15
12395,2,3,5
22817,2,7,9
22815,4,5,9
19672,0,8,8
19018,3,8,11
18858,2,4,6
17115,3,11,14
16417,5,11,16
16333,9,6,15
15286,1,4,5
14220,3,5,8
13160,5,3,8
10569,33,0,33
13029,4,5,9
12919,0,12,12
11826,15,11,26
10567,1,0,1
14945,0,5,5
12540,0,6,6
10566,5,0,5
23639,1,22,23
23117,6,9,15
22857,11,25,36
13059,0,1,1
20712,0,2,2
20595,1,2,3
13615,1,2,3
11247,13,1,14
19731,1,12,13
17173,4,12,16
15226,2,10,12
15096,0,2,2
14651,11,6,17
11289,2,2,4
10563,10,0,10
15515,0,1,1
12731,1,15,16
12632,2,2,4
10562,3,0,3
10561,11,0,11
10560,8,0,8
26280,0,18,18
26074,0,8,8
25201,0,14,14
22773,0,14,14
22650,0,13,13
21193,0,2,2
20216,1,9,10
19780,0,5,5
18082,0,7,7
17908,2,5,7
17161,0,17,17
17123,2,6,8
16857,3,27,30
16856,7,25,32
16769,1,7,8
15710,5,10,15
15589,7,12,19
15524,3,12,15
14582,2,10,12
14525,3,5,8
14186,1,1,2
14123,6,6,12
14116,4,6,10
14000,2,4,6
13387,0,1,1
13383,0,1,1
13078,2,4,6
12925,5,6,11
12855,7,9,16
12753,8,3,11
12638,2,1,3
12469,4,2,6
12396,1,4,5
11971,6,2,8
14017,1,4,5
13265,1,3,4
12306,1,1,2
11408,4,1,5
10557,1,0,1
10556,1,0,1
10555,5,0,5
10554,1,0,1
16187,2,4,6
12356,13,1,14
13510,1,1,2
19173,1,2,3
18716,2,1,3
17292,5,9,14
17073,1,5,6
16267,3,8,11
13107,11,11,22
18982,1,15,16
24910,1,4,5
18693,0,9,9
12604,3,3,6
11129,4,1,5
10548,4,0,4
16591,3,2,5
10547,2,0,2
15621,0,5,5
13679,0,5,5
13470,2,3,5
10546,3,0,3
21267,0,13,13
20826,0,11,11
19622,3,12,15
17831,3,8,11
16562,4,10,14
15144,3,2,5
14681,0,3,3
13806,0,5,5
13392,1,1,2
13261,9,4,13
12160,0,2,2
10545,19,0,19
26072,0,12,12
24171,0,8,8
23893,1,5,6
20944,1,3,4
20562,2,6,8
20443,0,12,12
20324,3,9,12
20035,1,4,5
18300,0,13,13
18196,0,3,3
17242,1,9,10
16222,0,4,4
16113,1,1,2
15939,5,11,16
15775,0,11,11
15759,6,8,14
15334,2,2,4
15314,1,4,5
15278,0,7,7
14960,0,3,3
14756,1,1,2
14596,0,4,4
14539,3,5,8
14479,0,19,19
14377,0,5,5
14141,0,5,5
14020,0,3,3
14012,2,2,4
13852,0,3,3
13768,1,6,7
13585,0,3,3
13064,1,4,5
13020,1,1,2
12727,0,2,2
12709,1,3,4
12397,0,3,3
12364,1,2,3
12310,0,2,2
12309,0,2,2
12305,0,2,2
12206,0,6,6
12032,7,2,9
12023,2,1,3
12015,1,3,4
11926,3,2,5
10544,85,0,85
14938,1,4,5
14883,5,3,8
10543,6,0,6
20378,2,48,50
19479,3,14,17
19299,19,55,74
18974,5,35,40
17282,16,27,43
16792,0,5,5
16323,1,1,2
13485,1,1,2
10540,3,0,3
10666,0,1,1
10539,2,0,2
23850,0,19,19
18321,1,2,3
14825,1,1,2
12790,0,1,1
12726,0,1,1
11168,1,1,2
10533,2,0,2
11803,5,1,6
10532,4,0,4
10531,3,0,3
13256,0,2,2
25245,0,12,12
24119,3,2,5
10529,3,0,3
23092,0,10,10
22576,0,2,2
18342,1,17,18
17933,5,2,7
16511,2,26,28
15135,14,16,30
11236,0,3,3
13164,2,1,3
25868,1,4,5
24930,1,3,4
23661,0,5,5
19365,2,10,12
19200,5,6,11
19114,1,6,7
18527,5,4,9
15370,8,8,16
13129,2,3,5
12729,4,2,6
12587,1,3,4
10525,2,0,2
15159,5,17,22
13394,12,11,23
10524,13,0,13
26132,0,16,16
12125,1,1,2
15364,0,3,3
10521,2,0,2
23773,0,3,3
14614,13,4,17
13332,0,3,3
12022,2,1,3
25734,0,11,11
23761,0,44,44
17283,15,26,41
16886,7,15,22
13787,1,5,6
13660,5,10,15
12104,0,1,1
12079,0,1,1
15863,0,1,1
11693,1,1,2
10517,2,0,2
14495,3,10,13
21974,2,21,23
17137,1,31,32
12373,0,7,7
11870,0,4,4
10513,2,0,2
16832,1,3,4
16828,2,4,6
16826,1,3,4
12869,6,4,10
12673,6,2,8
12627,0,2,2
17769,0,1,1
10511,2,0,2
21498,1,23,24
10510,14,0,14
15995,3,6,9
14334,3,9,12
11972,7,1,8
11959,2,1,3
11809,3,1,4
10509,12,0,12
10823,0,1,1
10508,1,0,1
20553,1,1,2
13209,2,1,3
11503,2,2,4
11284,6,1,7
21832,0,10,10
20541,0,13,13
19071,7,9,16
15902,4,11,15
15839,14,11,25
15787,16,8,24
15739,9,14,23
15535,0,14,14
14827,0,7,7
14722,1,8,9
14714,0,11,11
14516,1,7,8
14306,8,6,14
13825,8,6,14
12214,1,3,4
11916,28,1,29
11251,0,1,1
10506,33,0,33
18730,1,10,11
14425,10,14,24
14232,2,3,5
14117,0,12,12
13713,8,7,15
13244,3,7,10
12876,0,7,7
12751,6,6,12
12497,0,5,5
12408,0,5,5
12327,6,6,12
12297,10,7,17
12255,1,6,7
12245,3,9,12
11945,10,3,13
11748,9,5,14
11715,16,2,18
11703,9,5,14
10969,19,2,21
10903,22,1,23
10505,28,0,28
27176,0,6,6
22551,0,2,2
20897,0,2,2
18253,1,4,5
18235,3,5,8
16445,0,3,3
15959,3,4,7
15933,1,2,3
12752,0,10,10
10504,17,0,17
21313,0,25,25
13397,1,2,3
11966,0,2,2
10503,4,0,4
10502,1,0,1
14018,0,11,11
17057,3,16,19
16546,4,5,9
12841,2,5,7
12189,1,2,3
10643,5,2,7
10499,14,0,14
19329,0,1,1
10498,3,0,3
23978,4,13,17
18232,0,9,9
15044,8,7,15
24675,0,1,1
17363,0,3,3
15585,5,27,32
14553,3,5,8
14512,3,6,9
13807,4,8,12
13666,5,11,16
12438,0,8,8
10495,9,0,9
19047,1,9,10
17668,3,11,14
12842,4,3,7
11806,7,2,9
27308,0,2,2
26277,1,8,9
24996,2,6,8
18368,0,9,9
18190,0,14,14
17476,6,9,15
15566,2,9,11
18494,0,7,7
17313,1,7,8
16052,0,2,2
15767,4,6,10
15013,1,3,4
12523,0,1,1
12950,0,1,1
26611,1,9,10
22261,0,12,12
22539,1,8,9
22421,1,6,7
21248,5,23,28
19587,0,7,7
18031,2,7,9
14168,1,1,2
23209,0,8,8
14913,6,3,9
13110,3,8,11
12810,0,5,5
12280,3,6,9
11702,2,2,4
11658,4,2,6
24839,0,12,12
14971,2,9,11
14968,5,3,8
12970,5,4,9
24071,0,6,6
19466,1,11,12
14873,1,3,4
12345,12,4,16
12228,17,2,19
10484,3,0,3
23980,3,14,17
21077,3,19,22
19743,3,7,10
16640,6,5,11
15210,2,4,6
13672,5,7,12
11587,9,4,13
11225,3,3,6
11043,13,1,14
21343,1,90,91
17184,3,11,14
16566,8,29,37
15427,0,2,2
21546,2,5,7
21234,4,14,18
18090,1,15,16
16834,3,7,10
16426,5,8,13
15973,3,3,6
15826,6,6,12
10478,0,1,1
15311,0,12,12
14056,3,5,8
13221,4,3,7
12737,0,2,2
12371,0,1,1
11933,7,1,8
11674,5,2,7
10475,15,0,15
14294,12,10,22
11107,0,4,4
11069,9,1,10
10474,8,0,8
15031,1,5,6
15020,0,8,8
14211,9,13,22
13948,5,13,18
12797,0,4,4
12697,1,4,5
17649,0,10,10
17648,0,7,7
12531,1,3,4
10470,1,0,1
19382,0,2,2
19241,1,1,2
27551,0,8,8
27146,0,11,11
22345,2,19,21
20768,8,7,15
20656,8,8,16
20578,3,8,11
19470,0,6,6
19378,0,7,7
18757,1,9,10
17926,3,14,17
17711,6,6,12
16345,2,6,8
15958,0,9,9
15481,0,12,12
14875,2,7,9
13582,2,3,5
13380,0,6,6
12980,2,2,4
12560,0,3,3
12382,1,5,6
11706,0,2,2
17714,0,21,21
11937,8,4,12
11318,0,1,1
10467,46,0,46
13726,17,5,22
12499,0,9,9
15276,0,4,4
13796,1,10,11
20758,1,2,3
19855,3,16,19
16407,0,2,2
19023,1,22,23
20889,1,2,3
19877,0,7,7
18943,1,7,8
15963,1,6,7
15413,2,2,4
12315,6,2,8
12127,1,3,4
17087,0,1,1
14431,0,4,4
14423,0,3,3
16408,6,9,15
10459,2,0,2
19668,0,3,3
16154,2,10,12
15396,0,5,5
10456,4,0,4
16448,4,4,8
15238,1,4,5
12657,1,3,4
11575,1,5,6
11356,1,4,5
12175,4,1,5
10454,7,0,7
11845,0,1,1
10453,1,0,1
21383,0,8,8
10452,3,0,3
14741,1,3,4
12285,0,2,2
11603,6,1,7
11223,0,1,1
10451,9,0,9
14712,0,2,2
10450,2,0,2
25792,0,13,13
22245,1,41,42
18942,11,10,21
18051,2,5,7
15688,1,6,7
14243,2,3,5
10448,1,0,1
20825,4,13,17
17959,0,17,17
17898,4,6,10
17556,1,16,17
16906,4,8,12
16898,7,28,35
16059,7,8,15
15059,1,5,6
14721,7,6,13
19252,0,3,3
15405,1,7,8
15394,0,10,10
14162,3,2,5
13870,2,5,7
11026,0,1,1
10445,7,0,7
10444,2,0,2
18775,2,36,38
18382,0,6,6
16336,0,2,2
15010,2,5,7
23930,1,46,47
22146,0,8,8
21321,2,21,23
17300,6,9,15
14035,0,1,1
10982,22,1,23
10441,3,0,3
23706,0,12,12
15903,1,7,8
15671,0,4,4
12453,0,3,3
11498,0,2,2
10439,3,0,3
12179,2,2,4
10438,1,0,1
14957,5,4,9
13257,0,3,3
10437,9,0,9
20159,1,24,25
14851,3,7,10
13277,0,2,2
24014,0,2,2
19044,0,4,4
13060,0,2,2
15478,1,11,12
10434,1,0,1
14481,1,10,11
11515,0,1,1
13918,1,12,13
13898,7,9,16
11328,9,3,12
10431,12,0,12
19222,3,5,8
10430,1,0,1
10429,1,0,1
24345,0,24,24
15657,2,3,5
15317,2,5,7
12646,1,6,7
10427,9,0,9
10424,3,0,3
25671,0,106,106
20134,0,10,10
18564,1,6,7
17872,13,28,41
17706,1,8,9
14361,1,16,17
12527,6,7,13
11799,3,4,7
11790,1,11,12
11559,4,2,6
11649,0,1,1
11647,2,1,3
10422,2,0,2
10419,3,0,3
15550,1,8,9
12832,1,1,2
12592,2,1,3
10417,2,0,2
10415,1,0,1
15027,0,7,7
10414,2,0,2
23247,2,3,5
10413,3,0,3
10871,1,1,2
10728,1,1,2
10412,2,0,2
17059,3,17,20
23130,0,6,6
16195,4,78,82
15944,1,22,23
15850,2,31,33
14274,1,1,2
13398,3,2,5
13200,0,6,6
12878,2,3,5
11940,1,3,4
11981,1,3,4
10934,2,1,3
10409,5,0,5
15597,3,4,7
20181,0,6,6
13531,2,5,7
11391,6,4,10
16788,4,6,10
10405,1,0,1
17508,1,4,5
10404,1,0,1
17785,2,8,10
14589,1,7,8
12393,5,3,8
12180,5,5,10
12159,0,2,2
10403,12,0,12
24387,0,8,8
11917,0,1,1
10402,9,0,9
20223,0,6,6
14434,6,5,11
13112,0,2,2
12235,5,2,7
11033,2,4,6
12237,9,6,15
10399,7,0,7
19442,0,16,16
19411,1,18,19
19199,4,18,22
16952,1,6,7
16177,0,5,5
18199,5,8,13
16394,7,19,26
12130,4,2,6
11014,8,4,12
23003,0,4,4
19916,1,11,12
19823,0,4,4
18955,2,11,13
18563,4,10,14
18518,2,4,6
18435,14,2,16
18143,2,9,11
17991,0,4,4
17744,0,3,3
17188,3,7,10
16938,4,6,10
16302,0,3,3
15929,2,5,7
15874,2,6,8
15552,0,4,4
15230,1,2,3
15190,1,5,6
15166,1,2,3
14540,0,2,2
14178,0,4,4
13972,0,5,5
13939,0,4,4
13602,0,5,5
13280,0,3,3
13116,2,4,6
12891,2,5,7
12817,0,1,1
12741,4,3,7
12722,2,1,3
12648,8,2,10
12597,0,4,4
19103,0,4,4
16653,1,6,7
14743,2,2,4
12636,1,3,4
11953,0,2,2
10806,0,1,1
13583,0,3,3
11781,2,2,4
10609,0,2,2
21034,1,4,5
17772,3,7,10
17414,3,4,7
12539,1,3,4
11425,1,4,5
26609,0,28,28
11776,2,1,3
11130,0,1,1
13043,1,2,3
10391,2,0,2
14267,5,5,10
14230,1,4,5
12660,5,3,8
12647,1,2,3
12633,1,3,4
11018,3,1,4
10990,10,1,11
10390,8,0,8
18329,3,13,16
16977,1,3,4
16364,0,5,5
13956,0,1,1
13815,1,5,6
13386,4,1,5
13156,9,1,10
12176,0,1,1
11931,0,1,1
11719,1,1,2
11623,0,1,1
26703,1,32,33
24292,0,7,7
24099,3,16,19
20401,3,51,54
18479,2,13,15
17655,0,13,13
16327,0,12,12
16202,12,13,25
15168,8,9,17
15086,0,8,8
15064,1,7,8
14806,2,11,13
14594,0,3,3
13900,3,4,7
13833,3,4,7
13175,0,2,2
13049,6,2,8
13016,4,5,9
12938,0,6,6
12652,2,2,4
12551,2,2,4
12418,13,4,17
12342,2,2,4
11835,0,3,3
11631,0,3,3
11430,4,4,8
11350,3,1,4
11261,0,4,4
12812,8,1,9
19624,0,3,3
12378,1,4,5
11659,3,2,5
11200,1,6,7
10948,5,1,6
10939,1,1,2
13146,12,2,14
10384,12,0,12
10383,1,0,1
11716,3,4,7
14027,4,3,7
13206,3,3,6
10380,9,0,9
21017,0,8,8
17377,4,9,13
10378,2,0,2
19433,7,6,13
12069,3,7,10
10377,7,0,7
17203,5,2,7
12153,0,4,4
11499,5,2,7
24574,0,3,3
10372,1,0,1
10371,2,0,2
19193,0,8,8
12642,0,7,7
12580,1,9,10
14956,6,7,13
11476,17,1,18
13050,0,1,1
10368,1,0,1
17685,4,3,7
13708,1,2,3
13405,0,5,5
13166,2,3,5
12610,2,4,6
12349,0,2,2
11949,7,3,10
11386,3,1,4
10367,13,0,13
10366,1,0,1
21416,0,5,5
18446,7,10,17
24591,1,20,21
23190,0,5,5
23005,1,27,28
22710,0,7,7
22048,2,32,34
20613,6,18,24
20051,27,26,53
18752,0,22,22
17691,6,52,58
17344,0,10,10
17281,2,11,13
16830,0,5,5
16829,0,3,3
16822,0,4,4
16642,2,6,8
16416,0,8,8
14586,4,20,24
14336,1,2,3
14253,1,6,7
14239,6,12,18
14005,2,4,6
13395,1,6,7
13013,0,2,2
12784,5,2,7
12063,3,2,5
11564,1,2,3
18026,1,4,5
11950,6,1,7
11632,0,1,1
18530,1,6,7
16357,0,4,4
15385,0,14,14
14856,1,8,9
14463,0,3,3
13196,0,2,2
12922,1,5,6
17533,2,5,7
16946,1,3,4
15108,0,9,9
14549,2,9,11
14530,6,5,11
13094,0,2,2
12893,0,1,1
12147,1,1,2
12012,0,7,7
11585,2,1,3
11518,5,3,8
10837,14,1,15
13432,1,2,3
13007,1,2,3
12786,1,2,3
10360,3,0,3
11810,6,1,7
10359,8,0,8
10358,5,0,5
12100,11,6,17
10357,13,0,13
18970,0,13,13
12757,0,4,4
11769,2,4,6
20018,0,2,2
18805,0,2,2
11082,1,2,3
10811,1,1,2
24569,0,9,9
17867,1,8,9
10353,11,0,11
16764,6,8,14
18057,9,11,20
17240,3,16,19
17227,11,15,26
12824,1,8,9
12772,2,4,6
12746,2,6,8
12194,2,8,10
11569,6,3,9
10348,1,0,1
18445,2,24,26
15446,8,4,12
15161,0,19,19
12316,3,7,10
12133,2,2,4
11630,1,3,4
11524,0,3,3
11044,18,1,19
10935,5,1,6
10346,14,0,14
12525,1,7,8
11627,0,5,5
10345,10,0,10
25549,0,15,15
11311,1,1,2
10343,2,0,2
17627,1,12,13
12287,0,2,2
11343,0,1,1
10342,3,0,3
23918,0,7,7
22102,0,28,28
21129,0,6,6
20265,2,12,14
20194,5,17,22
18140,2,21,23
17317,5,18,23
16396,0,7,7
15991,6,9,15
14929,17,20,37
14147,2,12,14
14067,4,1,5
13902,2,7,9
13622,10,8,18
13532,1,2,3
11907,8,3,11
11606,4,1,5
11197,1,3,4
10340,1,0,1
10339,1,0,1
10338,9,0,9
16824,0,3,3
10336,2,0,2
22172,4,23,27
16471,3,13,16
15596,4,8,12
15447,5,11,16
14448,1,16,17
13761,1,5,6
13632,0,8,8
13515,0,14,14
13361,0,1,1
13233,11,9,20
13208,7,26,33
12985,1,9,10
12767,6,7,13
12612,0,7,7
12351,1,6,7
12145,3,14,17
12134,9,18,27
12098,4,30,34
12045,3,5,8
11639,2,4,6
11628,7,7,14
11593,1,6,7
11534,1,7,8
11526,1,1,2
11452,3,7,10
11420,4,2,6
11387,0,5,5
11287,0,10,10
11173,0,2,2
11122,0,6,6
11113,0,1,1
10952,0,5,5
10805,25,1,26
10769,20,1,21
10726,15,1,16
26635,0,14,14
23830,1,14,15
23246,0,7,7
23200,2,24,26
20629,1,3,4
19939,0,27,27
19291,0,9,9
18976,18,50,68
17433,0,6,6
16290,4,6,10
15861,1,23,24
15674,8,4,12
15414,2,5,7
14895,0,6,6
12769,2,11,13
12448,0,1,1
24198,0,14,14
18910,0,4,4
18193,2,3,5
17906,0,4,4
14970,0,4,4
13519,0,2,2
13440,0,2,2
13127,6,2,8
12056,1,1,2
10333,19,0,19
20254,0,19,19
19368,0,21,21
18039,1,13,14
17973,0,9,9
17882,1,7,8
17189,0,15,15
17182,2,6,8
17037,6,5,11
16996,10,17,27
16673,0,13,13
16665,0,11,11
16660,0,11,11
16504,1,5,6
16284,0,3,3
15646,4,15,19
15520,0,3,3
15243,3,6,9
14010,3,6,9
13801,0,8,8
13709,5,5,10
13575,5,5,10
13499,2,3,5
13131,13,7,20
13105,2,7,9
12943,0,1,1
12416,5,12,17
12407,1,1,2
11765,6,3,9
11622,3,3,6
11597,0,2,2
11536,13,2,15
11422,0,3,3
11211,0,1,1
11036,19,1,20
10980,7,1,8
10951,3,5,8
25291,5,24,29
16096,3,6,9
14213,0,3,3
13228,1,3,4
12585,0,6,6
11357,3,1,4
11246,1,2,3
10968,3,1,4
12490,1,6,7
10329,2,0,2
27590,0,5,5
12990,2,8,10
18046,12,19,31
14583,8,15,23
13888,0,2,2
13264,1,13,14
13100,6,13,19
12874,9,13,22
12600,5,14,19
11987,3,11,14
11876,15,7,22
11673,9,2,11
11583,16,5,21
11487,19,7,26
11372,13,4,17
11299,10,2,12
10327,18,0,18
23195,0,9,9
20533,3,21,24
17196,2,11,13
15033,1,10,11
14922,7,6,13
14304,1,2,3
13377,3,3,6
11505,7,1,8
10325,12,0,12
18454,0,10,10
16731,3,13,16
15058,6,5,11
14491,0,19,19
13760,4,3,7
10323,1,0,1
18129,3,8,11
12870,3,3,6
10873,8,1,9
10776,7,1,8
10322,8,0,8
10800,7,1,8
10582,8,1,9
10321,2,0,2
21704,0,17,17
19146,1,12,13
18687,2,9,11
18153,4,19,23
17026,13,28,41
13866,0,8,8
12218,1,2,3
14390,1,7,8
12429,0,12,12
11969,5,10,15
11914,5,9,14
11906,15,6,21
11370,1,5,6
11335,2,2,4
10317,3,0,3
20468,2,10,12
16239,2,10,12
15510,6,8,14
12699,0,6,6
12346,6,6,12
12262,1,2,3
13803,0,2,2
12984,0,2,2
12788,0,5,5
12057,3,6,9
10314,4,0,4
21354,1,13,14
19111,0,14,14
17348,3,15,18
10893,7,2,9
12498,1,3,4
11873,5,2,7
10310,1,0,1
24054,0,13,13
22520,0,35,35
22499,0,40,40
22470,3,22,25
21663,0,99,99
21493,1,93,94
19980,4,30,34
19220,4,12,16
16146,23,26,49
16100,7,36,43
11514,6,3,9
10308,2,0,2
24017,1,11,12
20450,0,17,17
19733,2,15,17
14169,1,6,7
13201,3,2,5
13125,2,3,5
13057,1,1,2
10307,15,0,15
19811,2,25,27
18109,0,21,21
17337,1,4,5
16123,2,3,5
15712,1,4,5
15638,0,6,6
14937,3,8,11
14437,3,1,4
14324,0,6,6
14300,0,1,1
13856,9,1,10
13144,0,2,2
12988,4,1,5
12939,6,2,8
12738,5,2,7
12734,0,4,4
12533,1,3,4
12526,8,8,16
12212,5,9,14
12037,3,1,4
11887,1,1,2
10954,4,4,8
13450,2,8,10
11496,0,2,2
11034,0,1,1
10305,6,0,6
13066,4,14,18
12322,6,11,17
12288,9,3,12
12254,0,5,5
11904,8,4,12
11667,2,4,6
11615,7,2,9
11344,2,3,5
10304,12,0,12
20589,3,12,15
16611,0,9,9
16610,0,13,13
15796,1,23,24
15219,0,7,7
15192,3,34,37
14383,1,10,11
14121,5,7,12
13451,0,3,3
13351,1,9,10
12768,4,21,25
12330,0,10,10
12318,0,19,19
11912,2,2,4
11787,1,13,14
11038,13,17,30
23227,0,22,22
21189,6,49,55
20485,1,5,6
17249,5,10,15
17215,2,11,13
14125,3,4,7
12785,3,4,7
24488,1,2,3
19740,0,17,17
11824,0,1,1
11770,2,1,3
11092,4,1,5
10748,4,1,5
10661,5,1,6
16978,5,12,17
12115,4,4,8
11181,0,1,1
15080,0,1,1
15015,0,5,5
14821,2,12,14
14290,1,10,11
11910,5,2,7
11179,1,3,4
10909,8,1,9
10299,12,0,12
16233,3,13,16
15648,1,39,40
13442,4,22,26
11567,4,5,9
11510,0,15,15
11203,7,2,9
11084,14,6,20
11008,1,2,3
10630,8,2,10
10298,14,0,14
19809,1,25,26
16299,2,7,9
15608,1,9,10
14708,0,5,5
13940,4,5,9
13910,7,22,29
13804,6,13,19
12911,3,3,6
11643,3,4,7
19342,18,43,61
16312,1,1,2
14469,2,6,8
11102,4,1,5
11097,2,6,8
10925,1,3,4
17401,3,18,21
13673,1,11,12
12513,4,4,8
10895,1,2,3
10730,9,1,10
14997,6,9,15
12879,4,7,11
12798,0,17,17
11028,2,1,3
10957,18,2,20
10293,3,0,3
15556,5,1,6
13430,2,3,5
10292,7,0,7
24646,0,86,86
16444,41,35,76
13099,1,12,13
12945,1,9,10
12074,1,5,6
11051,0,2,2
20294,0,15,15
17671,0,15,15
16574,1,19,20
14798,0,7,7
13842,2,12,14
13777,0,12,12
13047,0,2,2
11531,3,9,12
11330,0,2,2
10981,3,3,6
10841,4,2,6
10827,0,2,2
10687,6,1,7
10632,7,1,8
10594,3,1,4
10535,1,1,2
10534,11,1,12
10289,30,0,30
22416,2,10,12
12156,0,3,3
11190,12,1,13
19243,0,5,5
19060,0,7,7
16929,1,26,27
13506,2,11,13
12858,3,7,10
11360,1,5,6
14016,0,1,1
12901,5,4,9
11232,0,3,3
10536,4,2,6
24749,1,17,18
23636,0,29,29
20642,6,17,23
17760,0,7,7
17053,0,8,8
16553,1,9,10
15242,3,17,20
15147,4,1,5
14308,0,1,1
12296,5,5,10
12253,8,4,12
11928,0,5,5
10285,30,0,30
11245,19,1,20
14422,3,1,4
22917,1,4,5
26170,0,3,3
22302,4,58,62
20141,2,3,5
22951,1,5,6
10261,1,0,1
19287,2,6,8
10258,3,0,3
12853,12,15,27
11409,12,3,15
11115,13,2,15
16273,4,12,16
14551,10,8,18
13401,19,12,31
10501,3,1,4
22274,8,2,10
25600,0,27,27
10229,5,0,5
19564,4,1,5
27202,0,15,15
12506,1,1,2
10205,5,0,5
16823,6,3,9
18875,1,3,4
15792,3,8,11
13339,7,3,10
10856,10,1,11
10756,3,1,4
10195,1,0,1
21143,1,3,4
20643,5,2,7
19481,5,12,17
13697,3,1,4
27070,1,7,8
10191,5,0,5
10186,5,0,5
21685,0,2,2
20030,3,1,4
23098,1,12,13
18292,4,1,5
16250,16,4,20
10171,4,0,4
20190,0,7,7
19467,4,9,13
21465,0,15,15
27089,0,9,9
25788,1,8,9
12411,2,1,3
26385,0,2,2
10150,1,0,1
24622,1,1,2
20391,6,32,38
26053,0,12,12
23159,0,14,14
10130,3,0,3
11205,7,1,8
10129,3,0,3
12403,6,1,7
14428,1,5,6
15794,8,6,14
11723,7,6,13
10376,0,1,1
24258,1,5,6
24097,0,3,3
10083,1,0,1
19070,1,9,10
22396,1,3,4
10055,4,0,4
12514,10,8,18
20717,3,18,21
27159,0,8,8
19625,1,25,26
15203,4,8,12
10014,1,0,1
21662,5,21,26
18528,0,11,11
16944,1,5,6
15024,2,2,4
25161,0,5,5
14138,2,5,7
9984,1,0,1
15547,4,3,7
18620,2,2,4
9973,5,0,5
17990,0,1,1
9959,1,0,1
12117,10,2,12
9948,1,0,1
13434,10,1,11
21609,6,38,44
20653,5,23,28
22828,2,3,5
9939,2,0,2
20283,1,11,12
18085,3,9,12
9929,1,0,1
19207,3,5,8
23337,4,8,12
20170,3,6,9
18465,8,8,16
17845,9,4,13
14059,3,1,4
9907,9,0,9
12375,1,2,3
14993,10,3,13
26820,0,1,1
16207,2,4,6
14749,4,6,10
13751,3,2,5
11908,3,1,4
9886,3,0,3
15779,1,7,8
23913,3,20,23
16110,35,32,67
18682,30,23,53
12376,3,1,4
9863,5,0,5
24713,0,8,8
21255,0,2,2
17968,0,3,3
17899,1,7,8
15529,11,7,18
10313,14,1,15
9840,6,0,6
17511,1,18,19
18735,11,9,20
13978,10,4,14
25047,4,10,14
25591,0,6,6
22409,1,2,3
20843,0,6,6
9823,6,0,6
21163,0,1,1
13983,5,2,7
23164,1,27,28
9810,3,0,3
13225,3,1,4
18184,1,9,10
11558,6,3,9
20907,3,7,10
24222,2,1,3
14132,0,3,3
11389,12,2,14
11320,4,1,5
16600,3,3,6
27216,0,13,13
27069,0,1,1
9785,1,0,1
15475,6,6,12
12792,5,3,8
16663,0,13,13
9826,0,1,1
22482,1,17,18
17844,39,12,51
17698,23,5,28
17238,0,3,3
25695,1,5,6
25155,0,7,7
24295,1,6,7
22977,1,4,5
18937,0,2,2
16536,2,1,3
14480,7,1,8
13906,7,2,9
22400,1,1,2
9745,1,0,1
16101,13,12,25
23553,7,21,28
21746,10,20,30
21504,8,7,15
21112,5,9,14
9737,2,0,2
23843,0,6,6
16855,3,5,8
19323,2,2,4
12227,3,3,6
15014,11,11,22
14014,1,5,6
9714,2,0,2
18612,6,10,16
15997,7,11,18
9712,17,0,17
14194,2,1,3
21171,0,10,10
16151,1,2,3
9679,1,0,1
25543,1,7,8
14707,5,7,12
20313,1,13,14
17909,2,12,14
9770,0,1,1
19416,2,11,13
24370,12,19,31
27281,0,9,9
24774,3,11,14
15981,8,14,22
9642,1,0,1
20923,0,1,1
9641,0,1,1
9640,2,0,2
9621,1,0,1
19417,0,3,3
12019,13,3,16
9634,0,1,1
9606,2,0,2
11868,2,1,3
10944,0,2,2
9593,3,0,3
9588,1,0,1
23012,1,4,5
9577,2,0,2
20480,2,5,7
20329,4,2,6
25546,1,11,12
22752,1,3,4
15581,0,2,2
10746,8,1,9
18084,1,1,2
27339,0,1,1
9856,0,2,2
12053,3,2,5
9550,1,0,1
9542,14,0,14
21536,2,22,24
13176,4,1,5
9537,1,0,1
13808,2,4,6
11112,5,2,7
22788,2,31,33
9525,2,0,2
9513,2,0,2
20090,9,43,52
19281,0,11,11
18690,0,2,2
16629,3,6,9
11522,38,2,40
10860,34,1,35
26109,1,1,2
9503,1,0,1
10711,2,1,3
9497,1,0,1
9516,0,1,1
9494,1,0,1
12470,11,3,14
19934,0,6,6
18414,6,15,21
18240,9,7,16
17036,16,3,19
13639,4,1,5
12025,1,4,5
18287,15,5,20
9794,2,1,3
14366,0,1,1
9471,2,0,2
27402,0,7,7
20010,3,4,7
18913,2,3,5
12521,8,1,9
9467,5,0,5
9461,1,0,1
15297,1,2,3
21246,3,3,6
9452,4,0,4
9824,2,1,3
10906,0,2,2
20878,0,1,1
9446,1,0,1
19807,7,7,14
10706,32,1,33
10012,0,1,1
9433,2,0,2
17000,8,6,14
12981,1,6,7
9420,1,0,1
26036,0,1,1
22971,0,7,7
9802,5,6,11
18460,7,27,34
9392,6,0,6
18346,4,5,9
12188,10,1,11
9384,5,0,5
9383,1,0,1
25786,2,32,34
22609,2,52,54
12631,2,2,4
18328,2,2,4
17374,0,38,38
15669,0,1,1
12185,27,8,35
9359,1,0,1
9358,1,0,1
15634,1,3,4
13033,0,1,1
9339,6,0,6
24154,0,6,6
26065,0,2,2
24464,1,2,3
9325,4,0,4
22212,5,13,18
23859,4,12,16
19674,0,1,1
19871,1,3,4
10640,6,1,7
9294,5,0,5
15327,1,2,3
9275,2,0,2
13223,4,20,24
22357,12,26,38
1604,37,11,48
19915,10,5,15
16914,6,6,12
9845,1,11,12
9699,17,24,41
5147,16,7,23
5087,9,3,12
25840,1,2,3
4742,34,31,65
25495,9,32,41
3863,48,20,68
19772,2,16,18
901,14,0,14
25846,1,22,23
5093,11,9,20
24517,2,16,18
3764,46,3,49
23356,6,44,50
2603,29,2,31
17539,2,5,7
4102,6,2,8
24855,2,58,60
26273,0,2,2
5520,21,4,25
25990,0,4,4
5237,3,1,4
25535,1,2,3
4782,16,11,27
24873,0,8,8
4120,29,8,37
17748,2,2,4
17606,2,6,8
9564,6,1,7
15309,4,3,7
25427,1,12,13
4674,12,9,21
894,4,0,4
21647,3,4,7
893,4,0,4
21646,5,7,12
23634,6,48,54
2881,10,6,16
4205,9,1,10
24958,6,36,42
9992,2,15,17
9988,9,17,26
9796,4,20,24
8851,15,8,23
8356,14,16,30
8066,5,8,13
2741,18,3,21
23494,0,2,2
9037,9,16,25
8707,5,11,16
8632,1,5,6
7739,8,11,19
27303,1,25,26
6550,28,12,40
27154,1,18,19
6401,8,18,26
25849,5,13,18
5096,4,2,6
25286,4,14,18
4533,19,14,33
16581,2,4,6
1054,14,1,15
21807,5,5,10
26904,0,16,16
6151,7,13,20
24382,1,6,7
3629,44,19,63
8620,0,6,6
3962,10,3,13
24715,2,6,8
4058,43,21,64
24811,1,4,5
27228,0,18,18
6475,3,3,6
6603,3,13,16
27356,0,24,24
1948,17,1,18
22701,5,6,11
24603,1,17,18
3850,32,21,53
24552,3,13,16
3799,43,2,45
25714,3,32,35
4961,40,5,45
23399,15,27,42
2646,22,14,36
21605,22,43,65
852,73,5,78
19491,9,3,12
873,11,0,11
21626,1,3,4
23584,2,16,18
2831,19,10,29
2942,9,1,10
23695,19,75,94
3891,8,13,21
7941,5,4,9
18800,4,36,40
9227,13,2,15
8196,7,11,18
7667,9,7,16
3854,14,6,20
24607,10,24,34
2972,7,4,11
23725,3,16,19
865,1,0,1
21618,6,54,60
9680,7,13,20
9193,12,14,26
7350,14,7,21
5839,18,10,28
4517,4,6,10
25270,2,3,5
3546,11,3,14
24299,8,57,65
3138,28,10,38
23891,3,32,35
905,3,1,4
21658,3,6,9
862,14,0,14
25816,7,38,45
5063,7,4,11
4785,11,7,18
25538,1,50,51
20390,8,16,24
9790,21,53,74
8595,34,18,52
2405,41,2,43
2487,18,1,19
23240,4,3,7
24505,11,13,24
3752,19,19,38
9917,14,15,29
8722,14,23,37
8312,9,12,21
8187,17,25,42
7593,21,10,31
2082,47,2,49
22835,0,10,10
8409,19,9,28
1410,25,1,26
22163,9,82,91
18594,4,2,6
854,9,0,9
24959,7,59,66
4206,3,1,4
19908,56,54,110
19213,56,58,114
3193,7,5,12
23946,51,66,117
15257,10,9,19
2920,8,2,10
23673,14,58,72
27331,0,24,24
6578,9,4,13
19704,52,39,91
22143,2,4,6
1390,47,13,60
846,4,0,4
21599,2,6,8
9167,7,6,13
7276,8,4,12
6329,11,5,16
27082,1,7,8
5942,11,7,18
26695,1,2,3
2456,19,3,22
1917,27,4,31
22670,26,34,60
27349,0,34,34
6596,78,14,92
26836,0,39,39
6083,2,0,2
19446,9,12,21
18628,13,27,40
17980,0,11,11
17745,20,34,54
10173,15,5,20
8664,48,15,63
20072,12,12,24
17813,118,50,168
841,17,0,17
26519,3,25,28
5766,10,18,28
8627,0,2,2
6823,13,5,18
6504,12,4,16
27257,2,75,77
25003,2,58,60
4250,13,9,22
4457,1,3,4
4110,3,1,4
24863,7,20,27
3486,2,1,3
24239,15,22,37
4539,3,3,6
25292,23,39,62
4309,34,13,47
25062,20,33,53
2794,36,3,39
23547,1,11,12
839,14,1,15
21592,16,54,70
15660,1,1,2
837,4,0,4
21590,7,8,15
24300,6,14,20
3547,49,23,72
22051,13,25,38
1298,48,0,48
21828,12,23,35
1075,32,4,36
2554,27,5,32
23307,0,41,41
1520,6,2,8
22273,1,10,11
18535,16,12,28
24567,0,24,24
3814,21,27,48
19456,3,15,18
18520,11,13,24
17588,7,6,13
9068,14,3,17
25149,4,20,24
4396,5,1,6
22022,28,36,64
1269,2,0,2
2982,21,5,26
5388,8,1,9
23236,3,14,17
2483,2,3,5
2690,15,2,17
25399,5,57,62
4646,8,0,8
1306,35,1,36
22059,10,14,24
26371,1,43,44
5618,26,24,50
21690,3,2,5
937,64,32,96
15931,7,30,37
10218,1,3,4
10165,2,5,7
8628,8,6,14
8380,11,22,33
3576,9,9,18
24329,9,34,43
2371,12,5,17
23124,6,6,12
1640,27,21,48
22393,0,2,2
998,168,2,170
974,110,1,111
830,18,1,19
25386,3,13,16
4633,12,2,14
25238,3,15,18
4485,22,19,41
19468,8,30,38
2439,13,2,15
23192,2,12,14
828,25,0,25
20256,24,29,53
5937,17,10,27
26690,1,10,11
18667,6,18,24
824,3,0,3
21577,10,9,19
25119,1,10,11
4366,18,4,22
24422,1,10,11
3669,2,1,3
23080,18,55,73
2327,2,0,2
6883,10,7,17
27636,0,41,41
7287,2,10,12
2334,19,12,31
23087,3,24,27
26510,0,18,18
5757,23,2,25
23424,4,17,21
2671,19,20,39
20526,4,16,20
19194,8,48,56
17325,3,19,22
13920,34,8,42
27242,0,5,5
6489,24,18,42
1518,5,1,6
22271,46,85,131
7357,5,1,6
10149,2,7,9
9665,7,41,48
9156,11,12,23
7281,13,2,15
7629,7,15,22
9014,2,7,9
8951,7,17,24
5730,16,2,18
26483,0,24,24
26463,1,3,4
5710,1,1,2
2333,0,2,2
23086,7,9,16
1714,1,1,2
22467,22,25,47
815,4,0,4
8739,0,2,2
814,4,0,4
21567,14,23,37
6412,4,8,12
27165,0,37,37
813,2,0,2
19172,2,7,9
9449,13,21,34
9316,17,29,46
7998,17,27,44
7262,26,15,41
5983,22,42,64
26736,1,15,16
3397,53,11,64
24150,1,6,7
19732,1,2,3
810,4,0,4
21563,7,44,51
22954,7,12,19
2201,35,13,48
18294,28,30,58
4864,2,2,4
809,8,0,8
21562,1,23,24
24052,1,9,10
3299,2,3,5
22112,23,26,49
1359,7,0,7
5393,18,3,21
26079,1,8,9
5326,1,4,5
23154,0,7,7
2401,12,3,15
8471,11,9,20
805,3,0,3
21558,2,3,5
27535,0,22,22
6782,34,10,44
984,74,1,75
21737,7,24,31
25227,8,62,70
4474,44,17,61
24740,0,17,17
3987,5,2,7
19465,7,1,8
19464,5,1,6
19463,6,3,9
18226,8,10,18
2584,12,1,13
802,1,0,1
27678,0,8,8
6925,5,2,7
27677,0,8,8
6924,27,17,44
27380,0,3,3
6627,4,18,22
27379,0,5,5
6626,6,2,8
20222,12,10,22
801,11,0,11
19401,1,18,19
4761,9,2,11
25514,1,11,12
800,7,0,7
21553,4,12,16
20021,136,34,170
9748,0,7,7
4498,0,1,1
25251,16,21,37
4719,19,4,23
25265,0,10,10
4512,10,0,10
19428,6,13,19
834,1,1,2
798,12,0,12
21551,44,39,83
24964,0,23,23
4211,34,10,44
24718,14,61,75
3965,13,17,30
23228,27,47,74
2475,16,4,20
26263,2,28,30
5510,58,16,74
26034,9,34,43
5281,9,5,14
25763,4,14,18
5010,12,4,16
10159,31,14,45
8724,19,8,27
9361,21,19,40
7776,8,29,37
18049,54,41,95
17237,48,26,74
16997,0,8,8
794,31,0,31
21547,19,26,45
21960,50,28,78
1207,6,4,10
10152,4,2,6
8175,11,6,17
7383,11,9,20
21338,2,18,20
585,49,7,56
792,2,0,2
21545,0,8,8
18455,0,1,1
8144,2,1,3
6397,5,7,12
27150,0,3,3
3509,7,4,11
1465,13,1,14
22218,25,28,53
18074,9,9,18
5884,28,13,41
3654,37,9,46
24407,1,3,4
6766,10,8,18
27519,0,14,14
24795,1,10,11
4042,17,15,32
7921,9,3,12
25428,1,7,8
4675,11,2,13
4882,19,8,27
25635,10,26,36
4870,17,4,21
25623,5,66,71
2788,8,2,10
23541,4,10,14
787,22,0,22
21540,7,11,18
23646,6,9,15
2893,16,1,17
19842,6,5,11
26882,0,29,29
6129,50,8,58
783,11,0,11
7616,1,5,6
17613,9,26,35
16991,9,13,22
3352,12,3,15
24105,2,38,40
9078,2,2,4
778,3,0,3
11194,35,10,45
8552,0,1,1
24115,0,3,3
3362,23,17,40
9473,10,25,35
9469,4,7,11
5703,7,2,9
3531,6,2,8
24284,3,9,12
26708,4,34,38
5955,8,0,8
2051,27,16,43
22804,1,2,3
23493,11,20,31
2740,23,1,24
18353,1,2,3
2817,0,1,1
23570,9,32,41
13090,1,1,2
7957,24,31,55
3318,27,14,41
26590,0,8,8
5837,22,10,32
25869,0,7,7
5116,3,1,4
19596,2,16,18
19354,5,5,10
19234,8,8,16
8742,4,5,9
19015,19,11,30
18649,24,10,34
18010,16,8,24
9922,7,5,12
2958,15,3,18
23711,8,37,45
1240,7,2,9
21993,6,15,21
908,5,1,6
26544,1,31,32
5791,8,1,9
25409,10,70,80
4656,27,16,43
9969,9,10,19
1199,43,1,44
21952,9,19,28
769,43,0,43
21522,8,16,24
19685,1,4,5
19684,3,5,8
19097,53,49,102
6307,15,4,19
27060,1,5,6
3298,12,5,17
24051,15,33,48
766,10,0,10
21519,0,5,5
8212,9,15,24
6469,22,11,33
27222,3,27,30
4493,13,16,29
25246,3,15,18
21541,29,22,51
788,32,9,41
11268,1,4,5
7611,21,19,40
3016,46,4,50
27605,0,31,31
6852,3,0,3
20453,5,8,13
18098,24,20,44
7407,8,29,37
1588,10,2,12
3741,7,1,8
24494,1,10,11
761,11,0,11
10233,6,9,15
8049,4,4,8
3406,16,17,33
24159,1,8,9
24912,2,23,25
4159,31,9,40
11888,9,7,16
9208,12,8,20
6210,32,8,40
26963,5,62,67
26982,1,10,11
6229,10,6,16
25060,3,7,10
4307,7,2,9
9780,3,3,6
18182,8,11,19
7909,8,4,12
6684,2,1,3
26688,1,7,8
5935,33,2,35
11293,44,8,52
26819,2,41,43
6066,23,25,48
9574,5,20,25
9268,14,15,29
7977,11,18,29
7224,10,4,14
6864,13,8,21
27617,0,10,10
1097,16,1,17
21850,28,24,52
7397,7,11,18
754,23,0,23
1762,2,1,3
753,2,0,2
11497,21,10,31
26849,2,29,31
6096,36,7,43
23820,9,28,37
3067,8,0,8
19881,17,20,37
7966,17,8,25
6400,7,3,10
27153,2,87,89
3852,10,4,14
2040,24,2,26
22793,12,34,46
1850,18,2,20
22603,9,13,22
1779,24,1,25
22532,5,7,12
19169,2,21,23
8896,16,14,30
5905,25,3,28
26658,4,15,19
5241,23,6,29
25994,1,6,7
1823,23,1,24
23784,0,4,4
3031,31,1,32
22242,7,15,22
1489,47,6,53
20067,1,1,2
748,16,0,16
21501,37,31,68
14351,2,2,4
747,1,0,1
21500,9,30,39
9971,11,12,23
9169,3,8,11
8833,15,13,28
7637,30,15,45
5969,32,30,62
26722,0,20,20
22428,4,25,29
1675,17,1,18
20371,2,25,27
18909,4,6,10
26834,0,35,35
6081,2,1,3
26080,9,18,27
5327,3,4,7
25911,9,42,51
5158,6,8,14
8695,17,45,62
18968,53,20,73
18815,59,23,82
3795,19,3,22
24548,14,35,49
1815,3,1,4
22568,1,4,5
743,2,0,2
744,41,0,41
21497,14,73,87
21290,18,18,36
537,46,5,51
18639,33,33,66
10239,0,23,23
27409,0,25,25
6656,8,13,21
6863,18,2,20
6519,9,5,14
1555,19,1,20
22308,5,17,22
27702,0,24,24
6949,0,1,1
26725,2,15,17
5972,2,3,5
2652,13,6,19
1017,2,1,3
21285,2,33,35
532,16,1,17
739,1,0,1
21492,8,8,16
10228,4,18,22
13776,0,4,4
9553,3,5,8
6812,4,4,8
27565,0,36,36
3843,15,5,20
24596,9,17,26
2773,6,2,8
23526,23,44,67
3361,13,1,14
24114,3,12,15
736,12,0,12
21489,0,30,30
6166,13,8,21
26919,2,3,5
26712,1,11,12
5959,18,10,28
735,11,0,11
21488,1,13,14
6594,5,5,10
27347,1,32,33
10026,18,3,21
9549,4,5,9
3004,21,4,25
25781,5,29,34
5028,17,5,22
18676,67,36,103
14830,10,12,22
5516,27,3,30
26269,11,22,33
4734,12,5,17
25487,16,115,131
8718,10,9,19
731,17,0,17
21538,2,4,6
785,15,0,15
14457,2,6,8
14263,2,3,5
23314,4,10,14
2561,14,4,18
1925,5,1,6
26663,0,33,33
5910,13,7,20
11272,33,2,35
26858,2,37,39
6105,2,0,2
16585,10,6,16
13199,4,11,15
12264,6,3,9
728,14,0,14
21481,2,19,21
727,7,0,7
726,1,0,1
21479,4,5,9
8761,18,6,24
5057,30,4,34
25810,5,23,28
3160,21,2,23
1881,26,1,27
22634,22,12,34
725,28,0,28
20295,0,11,11
16111,8,31,39
15561,18,22,40
3934,34,3,37
9184,9,11,20
8016,18,7,25
1547,29,1,30
22300,10,11,21
19390,17,29,46
6773,11,4,15
27526,0,12,12
27319,0,49,49
6566,22,15,37
23993,7,53,60
3240,30,5,35
3278,9,2,11
23824,13,66,79
3071,13,1,14
23047,21,55,76
2294,13,0,13
22883,23,45,68
2130,31,8,39
12026,39,12,51
9652,4,12,16
9464,3,8,11
9389,12,12,24
7719,4,4,8
3454,0,1,1
26432,0,5,5
5679,3,1,4
23985,2,6,8
3232,18,2,20
15831,19,14,33
2120,8,2,10
22873,9,23,32
718,2,0,2
26905,1,5,6
6152,5,2,7
25716,5,5,10
4963,28,7,35
23413,3,12,15
2660,5,0,5
13140,6,2,8
1622,5,1,6
717,6,0,6
21470,18,31,49
26657,1,24,25
5904,5,1,6
7914,11,11,22
1402,22,1,23
22155,29,18,47
24366,1,4,5
3613,5,21,26
12013,5,25,30
22286,0,7,7
1533,16,8,24
11607,34,12,46
714,3,0,3
21467,6,6,12
2360,1,2,3
23113,12,60,72
1653,1,1,2
22406,14,53,67
713,7,0,7
21466,13,21,34
9563,2,3,5
7239,4,1,5
712,9,0,9
25160,0,4,4
4407,60,4,64
24696,0,3,3
3943,8,3,11
19076,2,7,9
18672,4,6,10
27201,0,75,75
6448,0,1,1
23590,11,28,39
2837,18,1,19
9458,2,7,9
8075,13,9,22
7758,6,7,13
6433,13,5,18
27186,0,53,53
6348,6,4,10
27101,1,28,29
5812,6,1,7
26565,1,8,9
3283,14,2,16
24036,3,1,4
1013,19,1,20
21766,2,23,25
709,27,0,27
7775,11,26,37
4270,4,5,9
25023,16,50,66
4049,19,3,22
20099,2,5,7
9894,4,4,8
9892,5,3,8
4283,6,1,7
25036,11,31,42
706,14,0,14
21459,14,50,64
23469,6,80,86
2716,3,1,4
23304,7,6,13
2551,4,1,5
19976,10,7,17
18706,38,20,58
9217,57,54,111
23281,2,9,11
2528,40,8,48
9999,4,6,10
8025,8,3,11
6447,6,7,13
27200,0,3,3
4363,6,3,9
25116,2,12,14
703,17,0,17
21456,18,52,70
8233,17,7,24
27663,0,29,29
6910,1,2,3
20269,4,20,24
24581,13,51,64
3828,5,3,8
7588,14,8,22
17861,19,14,33
9906,3,4,7
7832,3,2,5
4104,5,1,6
24857,5,44,49
699,7,0,7
21452,13,35,48
698,1,0,1
21451,18,51,69
7258,1,4,5
3883,23,21,44
24636,3,24,27
3457,22,2,24
24210,10,66,76
2638,14,3,17
23391,2,8,10
2370,8,7,15
23123,2,10,12
4860,13,11,24
25613,7,69,76
796,33,1,34
22957,44,62,106
2204,27,2,29
23654,2,14,16
2901,4,6,10
26017,6,21,27
5264,5,0,5
25438,3,33,36
4685,21,5,26
23043,1,16,17
2290,85,7,92
22781,5,13,18
2028,7,0,7
10966,1,1,2
693,16,0,16
21446,24,25,49
8638,14,7,21
6999,12,5,17
27752,0,6,6
6267,16,9,25
2829,17,6,23
23582,38,38,76
1954,15,5,20
22707,2,22,24
26845,1,36,37
6092,18,4,22
6486,48,28,76
16759,28,16,44
8515,13,5,18
10032,1,10,11
4053,2,3,5
24806,21,36,57
1971,4,2,6
22724,56,19,75
843,5,1,6
21596,12,42,54
688,9,0,9
21441,4,37,41
26031,3,18,21
5278,7,22,29
24474,4,19,23
3721,41,26,67
3928,26,7,33
24681,3,15,18
685,10,0,10
21438,9,18,27
3633,11,2,13
24386,9,73,82
684,7,0,7
25665,2,14,16
4912,26,21,47
26396,4,58,62
5643,25,7,32
25960,3,28,31
5207,10,2,12
25537,3,25,28
4784,14,15,29
8192,16,22,38
4463,7,3,10
25216,0,1,1
25009,7,16,23
4256,49,17,66
23259,7,15,22
2506,21,2,23
12609,8,4,12
8023,8,2,10
4160,28,1,29
24913,5,15,20
677,22,0,22
21430,6,7,13
8750,7,22,29
13989,6,2,8
23847,2,7,9
3094,14,6,20
13574,9,5,14
20017,12,15,27
17848,0,3,3
21218,17,22,39
465,12,4,16
672,2,0,2
21425,2,18,20
23811,1,16,17
3058,53,12,65
17811,49,27,76
14773,31,24,55
9839,21,9,30
27185,0,12,12
6432,2,0,2
27033,3,19,22
6280,1,0,1
26392,3,16,19
5639,22,8,30
20486,1,8,9
19305,6,7,13
17625,7,7,14
14179,8,6,14
12220,12,3,15
742,4,0,4
21495,17,29,46
11015,29,14,43
8845,12,5,17
5522,11,4,15
15554,5,5,10
23414,16,35,51
2661,38,13,51
2868,0,5,5
670,16,0,16
21423,3,21,24
27328,0,33,33
6575,19,15,34
669,4,0,4
27405,0,24,24
6652,26,5,31
25447,3,26,29
4694,0,1,1
25316,6,26,32
4563,16,8,24
12409,10,9,19
22682,4,19,23
1929,9,2,11
22457,8,12,20
1704,2,2,4
816,22,0,22
21569,1,36,37
21362,6,6,12
609,20,11,31
694,19,0,19
21447,52,68,120
21240,7,20,27
487,63,2,65
20460,58,38,96
20413,58,32,90
9016,12,3,15
7328,7,10,17
5673,25,13,38
26426,6,64,70
25448,7,36,43
4695,17,1,18
4902,13,11,24
25655,7,21,28
4875,8,7,15
4264,24,13,37
3981,24,11,35
24734,0,4,4
3118,14,2,16
2242,16,2,18
22995,14,38,52
1111,13,1,14
21864,7,24,31
6284,6,7,13
27037,4,45,49
3825,5,3,8
1262,20,2,22
2207,26,1,27
22960,15,26,41
9139,14,6,20
4526,31,14,45
25279,38,68,106
19212,7,9,16
662,2,0,2
21415,10,18,28
20271,39,51,90
20251,62,16,78
18919,16,13,29
18851,18,16,34
17151,13,39,52
15658,30,8,38
9814,15,34,49
9710,20,32,52
9536,29,40,69
9472,13,27,40
9444,22,25,47
9430,31,7,38
9241,18,27,45
9219,21,17,38
8872,29,34,63
8808,19,15,34
8794,37,32,69
8083,35,3,38
7831,5,2,7
7631,32,23,55
7411,58,6,64
7080,34,22,56
6797,27,19,46
6767,22,6,28
27520,1,33,34
6033,13,14,27
26786,1,38,39
5962,6,9,15
5733,50,43,93
26486,0,19,19
5398,44,25,69
26151,0,11,11
3536,139,7,146
24289,4,8,12
2981,94,9,103
1229,56,3,59
21982,17,55,72
8780,5,11,16
7880,19,6,25
7693,8,14,22
21969,10,12,22
1216,8,0,8
1423,31,2,33
22176,1,11,12
18953,4,8,12
15495,26,36,62
9792,1,2,3
9631,2,2,4
5950,2,1,3
12146,6,2,8
9158,3,1,4
655,9,0,9
21408,4,8,12
1763,24,1,25
22309,2,16,18
1556,11,0,11
654,8,1,9
21407,6,20,26
21199,30,51,81
446,21,0,21
653,24,0,24
21406,14,15,29
8244,6,4,10
652,13,0,13
27275,0,6,6
6522,38,2,40
27139,0,48,48
6386,350,12,362
26732,0,6,6
5979,34,24,58
26140,0,19,19
5387,8,1,9
25750,0,14,14
4997,11,9,20
24489,2,3,5
3736,4,0,4
24065,1,6,7
3312,7,1,8
23578,5,11,16
2825,3,0,3
20192,4,46,50
19922,3,6,9
19557,17,28,45
19178,6,7,13
18920,3,23,26
17929,3,31,34
17600,17,9,26
17536,27,20,47
17521,36,31,67
16875,8,18,26
16470,34,14,48
16209,5,5,10
15699,21,38,59
14252,4,6,10
3949,2,1,3
24702,1,15,16
14222,7,4,11
13724,5,18,23
23936,4,20,24
3183,10,1,11
13663,21,13,34
23620,4,10,14
2867,11,0,11
13347,4,1,5
13298,16,5,21
2587,20,2,22
23340,4,21,25
12860,4,1,5
12721,6,2,8
12340,8,4,12
1151,14,3,17
21904,7,69,76
11424,8,2,10
11340,27,2,29
780,5,0,5
21533,10,32,42
11053,8,8,16
26765,0,3,3
6012,17,5,22
26238,1,1,2
5485,1,1,2
26237,1,1,2
5484,13,1,14
7415,0,3,3
650,6,0,6
5988,3,3,6
5800,26,12,38
26553,5,38,43
5351,7,4,11
26104,0,33,33
5190,6,4,10
25943,2,18,20
22071,7,16,23
1318,8,0,8
1525,15,1,16
22278,6,15,21
663,9,1,10
649,33,0,33
22594,6,49,55
1841,51,10,61
17522,5,22,27
16877,6,11,17
16298,17,28,45
4837,17,11,28
25590,5,5,10
4112,5,3,8
24865,0,117,117
3631,19,3,22
24384,4,36,40
1226,24,1,25
21979,0,10,10
18135,1,1,2
647,4,0,4
21400,5,3,8
18721,26,39,65
17558,63,31,94
15830,31,28,59
14759,27,10,37
8166,21,14,35
27528,0,13,13
6775,1,0,1
6982,18,3,21
27735,0,15,15
27398,0,38,38
6645,1,6,7
25569,4,82,86
4816,16,4,20
25308,1,20,21
4555,15,2,17
24090,2,56,58
3337,113,58,171
22702,3,22,25
1949,7,1,8
21953,5,38,43
1200,139,4,143
18531,2,12,14
18400,27,46,73
27742,0,53,53
6989,13,5,18
7781,15,27,42
14082,13,7,20
3809,6,2,8
24355,1,11,12
3602,25,5,30
16917,14,11,25
642,3,0,3
21395,25,62,87
25437,2,13,15
4684,6,2,8
24085,2,6,8
3332,23,31,54
23085,6,10,16
2332,4,0,4
9562,8,3,11
1326,4,1,5
21872,7,58,65
1119,26,3,29
19138,10,58,68
15698,22,15,37
12488,53,19,72
11660,30,7,37
20346,5,9,14
10073,8,5,13
3725,13,2,15
24478,2,19,21
3566,7,1,8
24319,0,5,5
639,16,1,17
21184,4,22,26
431,20,1,21
638,33,0,33
9827,4,2,6
20100,1,1,2
16134,47,22,69
5257,10,2,12
636,36,0,36
2550,10,2,12
23303,5,15,20
2176,7,1,8
22929,28,51,79
633,2,0,2
21518,7,24,31
765,50,4,54
27160,1,17,18
6407,11,7,18
12740,17,4,21
631,7,0,7
21384,1,18,19
27691,0,23,23
6938,5,4,9
23205,4,37,41
2452,19,5,24
1232,16,1,17
21778,12,12,24
1025,33,2,35
19860,78,68,146
19415,61,30,91
18415,38,22,60
3649,9,4,13
24402,6,7,13
4462,16,4,20
25215,10,30,40
14735,2,7,9
625,7,0,7
21378,1,5,6
24853,8,16,24
4100,10,1,11
25435,2,26,28
4682,30,14,44
24454,17,23,40
3701,2,0,2
23967,16,25,41
3214,3,0,3
7833,12,8,20
7625,11,6,17
9854,7,13,20
9853,1,8,9
9424,8,22,30
9353,3,11,14
19134,9,7,16
8861,6,24,30
18731,4,7,11
8458,1,20,21
8406,3,14,17
8285,11,47,58
7810,13,21,34
7686,7,22,29
7453,1,32,33
7360,3,8,11
7014,12,28,40
27767,0,6,6
6928,2,13,15
27681,1,99,100
27374,2,29,31
6621,1,2,3
6828,5,25,30
27581,0,18,18
6750,14,32,46
27503,6,107,113
6692,14,13,27
27445,0,16,16
5648,7,10,17
26401,0,3,3
5542,3,3,6
26295,2,14,16
5405,9,13,22
26158,3,30,33
5223,5,6,11
25976,8,38,46
5169,19,27,46
25922,6,12,18
25239,4,45,49
4486,7,5,12
4693,9,18,27
25446,9,20,29
4641,7,9,16
25394,21,50,71
14879,26,14,40
4606,12,5,17
25359,9,35,44
24870,4,30,34
4117,0,4,4
4324,26,19,45
25077,1,15,16
4171,6,13,19
24924,0,1,1
4168,12,13,25
24921,0,11,11
4138,6,25,31
24891,16,54,70
4000,16,14,30
3867,39,23,62
3819,9,37,46
24572,0,8,8
3616,41,11,52
24027,0,6,6
3274,22,5,27
3481,4,3,7
24234,3,11,14
3095,1,4,5
2685,11,5,16
23438,1,5,6
2684,15,13,28
2619,16,12,28
23372,13,18,31
2617,23,6,29
23370,3,39,42
2580,44,15,59
23333,6,12,18
23059,12,70,82
2306,30,5,35
2513,4,5,9
12542,0,1,1
2269,12,4,16
23022,32,89,121
2233,44,9,53
22986,10,12,22
22459,9,28,37
1706,67,0,67
1913,62,11,73
22666,1,3,4
1908,14,9,23
22661,0,3,3
1782,20,6,26
22535,13,33,46
1712,22,7,29
1648,9,3,12
22401,129,83,212
1582,25,9,34
22067,12,42,54
1314,13,1,14
1521,94,7,101
1236,27,1,28
21989,4,10,14
7910,5,2,7
18183,9,10,19
24378,12,16,28
3625,25,1,26
619,7,0,7
21372,16,29,45
24885,6,25,31
4132,8,4,12
17586,21,21,42
27621,0,8,8
6868,6,3,9
26962,1,22,23
6209,31,17,48
3688,35,3,38
24441,9,22,31
22395,0,9,9
1642,319,22,341
895,6,0,6
5633,29,19,48
26386,2,5,7
15906,34,20,54
624,21,0,21
21377,25,68,93
10897,20,8,28
8037,40,17,57
8629,9,2,11
18838,0,10,10
18066,2,11,13
17564,1,5,6
14709,5,3,8
13650,12,8,20
5561,6,7,13
26314,6,60,66
3732,8,3,11
24485,20,43,63
615,13,0,13
21368,2,10,12
26869,0,8,8
6116,1,1,2
26110,1,9,10
5357,14,8,22
19120,3,7,10
1346,17,1,18
22099,14,14,28
614,17,0,17
21367,11,29,40
25978,6,31,37
5225,13,1,14
25567,9,24,33
4814,6,2,8
25461,10,32,42
4708,8,1,9
22703,21,28,49
1950,126,12,138
19642,6,16,22
18647,13,6,19
3119,22,2,24
23872,0,3,3
613,27,0,27
7284,46,33,79
628,2,1,3
610,3,0,3
21363,0,20,20
27686,0,43,43
6933,8,11,19
8378,10,10,20
6456,45,17,62
27209,0,3,3
12851,0,4,4
2578,21,2,23
23331,9,13,22
17574,8,4,12
25073,4,21,25
4320,9,7,16
695,24,0,24
21448,41,28,69
21241,11,25,36
488,81,3,84
19166,0,6,6
9054,3,8,11
8931,4,5,9
7756,10,7,17
6244,20,8,28
26997,0,5,5
6057,10,2,12
26810,13,153,166
5990,7,6,13
26743,2,18,20
5114,10,7,17
25867,1,8,9
5112,7,2,9
25865,3,11,14
5009,3,3,6
25762,2,6,8
3479,11,3,14
24232,20,43,63
2751,7,4,11
2441,6,2,8
2255,19,2,21
1660,17,1,18
605,26,0,26
21358,13,20,33
26417,1,17,18
5664,60,53,113
4169,16,5,21
24922,17,28,45
24575,13,37,50
3822,16,1,17
21891,2,6,8
1138,33,13,46
616,10,0,10
21369,19,30,49
21162,13,28,41
409,3,0,3
18778,17,38,55
9492,4,6,10
8665,10,7,17
2630,16,1,17
23383,12,47,59
806,12,1,13
21559,6,18,24
604,17,0,17
9460,8,17,25
8763,48,19,67
7253,15,8,23
6368,26,5,31
5688,4,3,7
26441,7,50,57
603,22,0,22
13354,4,3,7
6388,10,3,13
27141,2,6,8
602,12,0,12
21355,13,27,40
24995,3,7,10
4242,14,2,16
20520,84,65,149
10247,2,12,14
10221,21,18,39
9375,3,2,5
9220,16,16,32
9105,1,8,9
8180,5,7,12
18173,7,7,14
7900,19,6,25
7518,7,4,11
6851,14,7,21
27604,1,62,63
5669,39,7,46
26422,1,20,21
3563,27,3,30
3326,9,2,11
24079,0,4,4
3013,1,1,2
23766,7,39,46
1401,14,1,15
22154,24,97,121
6540,14,4,18
27293,5,191,196
27086,0,11,11
6333,11,4,15
19050,6,26,32
19452,30,15,45
9179,2,7,9
8912,4,7,11
8214,0,1,1
2459,8,3,11
599,11,0,11
27227,0,20,20
6474,3,7,10
26974,0,24,24
6221,15,3,18
22931,8,39,47
2178,33,15,48
831,27,1,28
9297,4,7,11
19570,30,49,79
10144,17,14,31
9954,6,5,11
9295,6,10,16
8830,15,11,26
8829,9,28,37
8721,14,7,21
8639,16,25,41
8342,14,9,23
7819,6,17,23
6877,22,2,24
27630,0,26,26
6479,24,12,36
6038,20,20,40
26791,3,29,32
5240,42,4,46
25993,0,5,5
4747,136,30,166
25500,17,64,81
24986,1,36,37
4233,28,7,35
4440,6,18,24
25193,2,37,39
4244,24,4,28
24997,1,2,3
4153,7,1,8
24906,0,7,7
4032,11,8,19
24785,1,5,6
3761,23,3,26
3099,19,9,28
23852,4,20,24
2721,11,3,14
23474,4,29,33
2672,82,10,92
23425,9,18,27
2101,23,2,25
22854,40,60,100
11644,51,15,66
1371,40,2,42
22124,3,6,9
1117,26,3,29
21870,8,10,18
21443,0,6,6
690,41,4,45
897,32,1,33
21650,0,2,2
1339,19,5,24
22092,104,64,168
11612,10,4,14
7864,0,2,2
1475,7,1,8
22228,49,15,64
16011,36,29,65
15811,0,10,10
15249,1,15,16
21139,4,19,23
386,40,1,41
593,4,0,4
21346,20,22,42
24333,4,6,10
3580,32,20,52
14973,4,12,16
15569,15,11,26
25842,8,45,53
5089,10,7,17
25349,1,18,19
4596,24,16,40
6423,20,21,41
16696,3,7,10
12173,24,4,28
10044,3,6,9
9205,7,12,19
8269,19,9,28
16371,27,12,39
6098,10,6,16
26851,2,40,42
5816,10,3,13
26569,0,10,10
1156,6,1,7
21909,5,16,21
589,22,0,22
21342,5,39,44
755,22,0,22
21508,0,8,8
21301,3,8,11
548,54,0,54
19644,4,7,11
588,7,0,7
21341,4,10,14
17612,8,5,13
586,4,0,4
21339,134,83,217
9972,16,39,55
5197,9,24,33
25950,2,11,13
4115,47,15,62
24868,0,6,6
24661,4,10,14
3908,7,1,8
19374,23,37,60
8657,9,4,13
18930,3,3,6
10069,7,23,30
10042,6,16,22
4490,36,14,50
25243,7,20,27
26975,0,61,61
6222,13,3,16
22133,12,51,63
1380,5,0,5
19693,11,33,44
10212,11,20,31
10161,6,27,33
20270,1,10,11
9997,9,46,55
9900,21,27,48
9355,15,53,68
8497,1,13,14
7935,29,20,49
7869,22,17,39
7649,22,24,46
7183,44,25,69
27717,0,25,25
6964,1,0,1
17444,53,23,76
7171,42,28,70
7033,47,19,66
2702,13,14,27
23455,2,8,10
26812,2,47,49
6059,26,0,26
6163,16,5,21
26916,0,11,11
26709,0,29,29
5956,13,17,30
8528,7,13,20
5226,16,10,26
25979,1,22,23
3627,30,12,42
24380,3,20,23
2654,36,6,42
26055,4,6,10
5302,19,2,21
10128,5,6,11
10119,5,4,9
5755,2,5,7
26508,1,19,20
5030,15,6,21
25783,4,14,18
4377,9,6,15
25130,0,1,1
4361,16,5,21
25114,0,6,6
1088,8,2,10
21841,17,31,48
26308,2,27,29
5555,18,25,43
26142,0,18,18
5389,8,4,12
9100,7,5,12
18308,4,8,12
8035,18,17,35
8014,3,2,5
7442,12,3,15
7439,8,5,13
6737,10,3,13
27490,0,5,5
13460,31,18,49
23733,8,43,51
2980,7,1,8
3187,19,4,23
3028,7,2,9
23781,3,7,10
21365,1,3,4
612,34,1,35
819,4,1,5
21572,3,4,7
20489,1,9,10
10216,6,8,14
9985,0,11,11
9728,3,19,22
9030,21,14,35
8713,10,9,19
7983,5,12,17
7418,6,13,19
6835,13,10,23
27588,1,44,45
25688,2,20,22
4935,5,12,17
5142,2,7,9
25895,9,28,37
4845,33,5,38
25598,1,6,7
4543,26,16,42
14621,4,14,18
4348,18,9,27
25101,2,6,8
2932,14,4,18
8667,12,3,15
7780,9,7,16
576,28,0,28
21329,2,16,18
7432,1,3,4
24744,4,45,49
3991,2,0,2
4198,22,3,25
3122,9,1,10
23875,1,13,14
3083,2,3,5
23836,7,36,43
1406,2,2,4
19472,15,30,45
7784,6,13,19
27434,3,28,31
6681,2,1,3
6888,0,26,26
27641,1,66,67
4479,16,15,31
25232,6,16,22
2986,57,19,76
23739,6,37,43
23515,5,30,35
2762,23,1,24
2969,19,13,32
8609,53,118,171
18882,7,11,18
2240,3,2,5
22993,5,10,15
1202,2,1,3
21955,10,18,28
607,15,1,16
26763,1,9,10
6010,9,8,17
15492,8,1,9
3090,8,1,9
572,6,0,6
21325,14,19,33
2802,15,1,16
23348,0,19,19
2595,28,9,37
5770,7,5,12
26523,9,59,68
13749,5,4,9
3476,28,6,34
24229,8,29,37
17849,1,8,9
4459,4,3,7
25212,0,18,18
14732,5,5,10
12541,6,6,12
12017,3,11,14
12016,8,13,21
9857,12,4,16
24547,22,41,63
3794,21,2,23
4001,15,1,16
1486,11,1,12
22239,6,13,19
10842,1,4,5
569,10,0,10
21322,40,53,93
8509,0,2,2
568,2,0,2
27158,0,25,25
6405,11,4,15
6468,6,10,16
27221,1,36,37
27014,0,4,4
6261,18,6,24
24101,2,10,12
3348,10,2,12
22444,7,30,37
1691,8,1,9
566,1,0,1
21319,24,27,51
7533,22,53,75
22864,1,24,25
2111,55,21,76
2318,29,1,30
23071,5,17,22
5195,19,3,22
25741,3,44,47
4988,7,0,7
6431,12,5,17
27184,1,18,19
26977,0,26,26
6224,18,22,40
23857,1,23,24
3104,20,4,24
12389,3,6,9
22662,4,23,27
1909,57,4,61
10066,10,34,44
9800,15,73,88
9212,21,15,36
9186,0,6,6
9181,14,42,56
8445,7,14,21
8352,18,37,55
7516,9,12,21
7245,9,23,32
6135,14,24,38
26888,2,34,36
16287,8,9,17
26560,0,45,45
5807,2,2,4
6014,23,16,39
5252,13,22,35
26005,1,29,30
4670,9,35,44
14338,15,12,27
4065,19,24,43
24818,12,23,35
3824,17,8,25
24577,13,29,42
3823,29,19,48
24576,3,8,11
23616,39,100,139
2863,6,1,7
3070,15,4,19
2919,18,5,23
23672,37,35,72
23404,15,39,54
2651,65,4,69
2858,11,2,13
23611,3,24,27
23132,3,16,19
2379,20,12,32
2586,7,4,11
23064,23,27,50
2311,8,3,11
2518,80,10,90
23271,2,2,4
2069,9,4,13
22822,1,14,15
1758,20,1,21
22511,0,10,10
2393,26,4,30
23146,21,38,59
12608,6,6,12
22881,5,30,35
2128,18,2,20
2335,2,1,3
23088,70,43,113
2325,32,2,34
19899,10,51,61
26139,1,6,7
5386,7,22,29
9772,14,7,21
5818,4,2,6
26571,1,36,37
3269,16,3,19
559,10,0,10
21312,2,15,17
9290,34,18,52
1335,20,3,23
22088,0,7,7
24137,3,9,12
3384,50,6,56
22920,7,3,10
2167,38,31,69
556,1,0,1
21309,5,24,29
9477,11,27,38
8913,2,11,13
18823,52,28,80
8550,5,13,18
8272,10,20,30
8246,7,12,19
6390,12,8,20
27143,1,38,39
25724,2,52,54
4971,28,7,35
5178,15,10,25
25931,0,2,2
4071,21,17,38
1809,54,8,62
21905,2,12,14
1152,27,0,27
734,1,0,1
21280,9,14,23
527,20,0,20
8852,10,3,13
970,16,1,17
554,9,0,9
20273,1,2,3
12603,24,2,26
553,4,0,4
21306,0,11,11
27476,0,32,32
6723,5,1,6
26189,4,43,47
5436,5,5,10
25863,1,8,9
5110,5,0,5
5317,4,1,5
26070,4,60,64
21096,29,22,51
343,8,0,8
550,7,0,7
21303,0,4,4
27452,0,14,14
6699,75,14,89
27354,0,30,30
6601,0,3,3
27305,1,55,56
6552,27,38,65
27261,2,72,74
6508,6,3,9
25449,1,22,23
4696,23,10,33
19795,18,32,50
14380,4,14,18
10184,10,6,16
5502,25,6,31
26255,2,30,32
15504,7,9,16
5231,21,4,25
25984,33,147,180
4020,54,9,63
24773,16,9,25
2166,27,7,34
22919,32,33,65
2134,16,1,17
22887,2,8,10
2039,35,5,40
1968,21,11,32
22721,1,6,7
1727,29,1,30
22480,2,7,9
11923,3,2,5
1650,7,1,8
22403,46,220,266
1165,45,3,48
21918,8,34,42
986,35,1,36
21739,22,22,44
27749,0,19,19
6996,22,18,40
27351,0,42,42
6598,8,25,33
26135,4,48,52
5382,42,15,57
26117,3,45,48
5364,8,2,10
25466,4,38,42
4713,27,12,39
4261,6,3,9
24807,7,24,31
4054,63,21,84
24733,17,33,50
3980,37,2,39
9463,12,23,35
9261,6,8,14
8922,34,34,68
8892,36,32,68
8863,2,6,8
8358,14,19,33
7670,32,21,53
5131,49,6,55
15395,9,7,16
5122,38,5,43
4199,20,11,31
24952,1,7,8
1645,45,2,47
1120,28,1,29
20341,0,7,7
20101,3,3,6
17874,1,2,3
17838,3,9,12
887,3,1,4
21640,1,5,6
547,10,0,10
26256,0,28,28
5503,27,2,29
22070,6,23,29
1317,2,2,4
16272,13,12,25
22719,2,14,16
1966,15,1,16
10123,6,6,12
9659,5,5,10
545,6,0,6
21298,30,54,84
25076,2,6,8
4323,38,12,50
17650,10,9,19
2284,19,3,22
12557,41,42,83
6855,1,4,5
27608,0,12,12
27269,0,1,1
6516,101,11,112
14864,8,12,20
25137,0,1,1
4384,8,12,20
21089,7,41,48
336,22,0,22
543,2,0,2
21296,24,21,45
26559,1,31,32
5806,4,2,6
6013,0,1,1
26766,14,32,46
542,3,0,3
5704,13,3,16
26457,0,43,43
26250,5,28,33
5497,1,1,2
22150,21,45,66
1397,12,0,12
19090,13,10,23
541,27,0,27
21294,0,4,4
3429,4,2,6
24182,1,2,3
7740,28,37,65
17042,4,9,13
10053,22,13,35
10031,21,21,42
9943,7,20,27
9425,9,19,28
9221,5,13,18
9214,14,12,26
9133,5,14,19
8975,16,13,29
8843,13,10,23
8736,27,35,62
8723,18,30,48
18756,4,6,10
8483,22,10,32
8440,6,6,12
7989,9,7,16
7932,5,7,12
7861,8,6,14
18108,30,52,82
7835,16,11,27
7761,17,11,28
7638,21,27,48
7364,29,16,45
7329,29,21,50
7267,55,13,68
27676,0,3,3
6923,17,4,21
7130,19,6,25
6791,76,24,100
27544,0,7,7
6509,29,9,38
27262,0,34,34
5745,13,6,19
26498,2,22,24
5732,20,9,29
26485,2,40,42
4540,13,15,28
25293,0,25,25
4011,76,10,86
24764,2,9,11
24540,5,3,8
3787,5,2,7
3994,32,21,53
24747,4,17,21
3740,18,9,27
24493,77,281,358
3151,31,8,39
23904,24,26,50
22935,4,9,13
2182,23,2,25
2389,16,5,21
23142,3,4,7
2364,30,7,37
2357,24,11,35
23110,2,26,28
1912,48,8,56
22665,5,36,41
1896,20,18,38
22649,50,50,100
1805,37,5,42
22558,8,20,28
1264,35,7,42
1221,26,4,30
3279,7,5,12
24032,2,8,10
11654,5,7,12
2010,3,1,4
536,9,0,9
27309,0,1,1
6556,20,11,31
6763,24,12,36
27516,0,12,12
1974,36,3,39
22727,7,70,77
7753,12,35,47
17084,10,12,22
15487,13,8,21
9511,5,2,7
25690,1,29,30
4937,24,8,32
22488,12,54,66
1735,65,3,68
25812,4,35,39
5059,17,7,24
25273,2,17,19
4520,8,7,15
24158,20,32,52
3405,30,11,41
20176,6,11,17
20436,13,5,18
10163,8,26,34
10061,5,26,31
9059,26,25,51
25153,11,14,25
4400,23,2,25
4607,8,3,11
25360,7,39,46
14174,1,4,5
24447,2,3,5
3694,5,0,5
3901,23,22,45
24654,9,60,69
19109,2,20,22
25098,4,28,32
4345,270,125,395
4552,9,5,14
25305,10,41,51
26232,1,14,15
5479,13,0,13
23971,2,17,19
3218,20,9,29
15353,7,4,11
643,6,0,6
21396,11,16,27
10916,7,10,17
9798,17,36,53
8924,34,15,49
7617,34,17,51
3049,49,4,53
26200,2,26,28
5447,28,14,42
14362,27,18,45
4089,1,5,6
24635,0,11,11
3882,38,6,44
24509,9,32,41
3756,6,1,7
19598,16,44,60
11310,34,16,50
9597,13,14,27
9504,10,32,42
8789,17,12,29
18975,3,2,5
8702,11,8,19
8205,7,4,11
4310,34,8,42
3775,28,3,31
24528,3,17,20
2787,10,2,12
23540,0,4,4
526,46,0,46
21279,2,72,74
25956,2,11,13
5203,24,1,25
525,5,0,5
21278,11,44,55
10059,2,4,6
9111,2,5,7
7584,11,8,19
3898,9,5,14
24651,2,28,30
2132,10,2,12
22885,4,33,37
764,19,2,21
523,6,0,6
21276,12,40,52
26887,0,14,14
6134,5,6,11
17628,3,9,12
11595,20,4,24
8387,12,4,16
22249,1,34,35
1496,207,12,219
1703,5,1,6
521,14,0,14
4754,27,3,30
4570,3,2,5
25323,11,52,63
24267,1,15,16
3514,12,3,15
12463,2,5,7
11455,3,5,8
6178,28,9,37
26931,0,3,3
5859,15,17,32
26612,1,27,28
2761,5,5,10
23514,10,30,40
12249,5,7,12
1976,17,2,19
22729,2,12,14
1439,17,3,20
519,49,0,49
10049,31,28,59
9487,15,36,51
9258,6,15,21
9174,18,40,58
8917,6,5,11
8641,10,9,19
18899,12,11,23
8626,21,10,31
18777,10,16,26
8504,14,5,19
7152,85,31,116
5852,22,14,36
26605,3,37,40
5011,15,7,22
25764,4,29,33
25147,4,4,8
4394,12,2,14
4601,15,5,20
4360,6,2,8
4154,35,6,41
24907,2,10,12
3254,18,2,20
18430,29,37,66
26806,1,27,28
6053,6,3,9
9466,10,18,28
8401,13,16,29
8372,11,17,28
8266,7,12,19
7170,10,30,40
7046,26,21,47
7041,4,7,11
15454,46,39,85
5181,19,16,35
25934,1,11,12
4852,10,16,26
25605,0,7,7
2814,33,16,49
23567,11,33,44
1247,44,6,50
22000,0,6,6
1146,12,3,15
24023,18,76,94
3270,36,0,36
14317,2,5,7
9734,15,6,21
6635,9,5,14
27388,1,29,30
25592,16,22,38
4839,12,1,13
3709,16,3,19
24462,6,17,23
7933,8,4,12
6167,7,8,15
26713,2,9,11
5960,21,13,34
25599,1,7,8
4846,17,1,18
9231,10,9,19
4301,3,2,5
25054,13,40,53
13847,5,2,7
3574,0,5,5
24327,12,49,61
23103,2,23,25
2350,6,5,11
2557,4,3,7
23310,2,2,4
1109,2,1,3
21862,11,20,31
969,8,1,9
21722,21,58,79
9872,18,10,28
20145,0,9,9
18664,2,23,25
510,13,0,13
5913,16,27,43
26666,3,40,43
5345,39,19,58
26098,7,18,25
4480,22,11,33
25233,4,18,22
25026,3,31,34
4273,20,9,29
18618,12,11,23
507,9,0,9
21260,4,21,25
27465,0,12,12
6712,34,12,46
6045,17,4,21
26798,0,5,5
26591,2,23,25
5838,19,24,43
25378,3,14,17
4625,0,4,4
3758,17,4,21
24511,36,79,115
18138,28,34,62
8710,8,5,13
6000,15,6,21
26753,1,20,21
26546,0,17,17
5793,73,21,94
719,6,0,6
21265,11,24,35
512,8,1,9
503,4,0,4
21256,26,19,45
24712,0,4,4
3959,65,4,69
21048,4,3,7
295,32,1,33
502,3,0,3
24871,15,62,77
4118,0,2,2
19721,17,38,55
10037,4,11,15
9989,10,10,20
9495,3,4,7
9397,6,7,13
9165,10,15,25
8732,6,12,18
8634,77,31,108
8616,24,21,45
7997,4,6,10
7628,10,9,19
7425,14,3,17
17455,53,18,71
7182,11,16,27
6777,6,10,16
27530,0,77,77
6677,14,14,28
27430,0,33,33
6187,13,8,21
26940,2,31,33
5923,14,15,29
26676,0,4,4
5919,21,14,35
26672,1,27,28
5464,35,16,51
26217,0,3,3
5294,9,11,20
26047,1,7,8
4833,13,11,24
4092,13,9,22
24845,5,15,20
3808,40,14,54
24561,4,15,19
23982,3,10,13
3229,56,22,78
3436,8,8,16
24189,15,28,43
3241,48,34,82
23994,0,8,8
2369,20,11,31
23122,11,22,33
1742,40,18,58
22495,3,4,7
1643,38,7,45
1627,21,5,26
22380,0,3,3
1614,23,5,28
22367,1,3,4
1375,42,5,47
22128,1,1,2
1353,40,3,43
1197,30,4,34
21950,4,13,17
896,56,6,62
21649,0,1,1
634,31,2,33
21387,4,11,15
9047,6,4,10
7805,9,4,13
18078,44,39,83
8944,51,45,96
497,3,0,3
17298,19,71,90
7025,40,36,76
27571,0,35,35
6818,4,1,5
26435,1,10,11
5682,2,3,5
26311,5,51,56
5558,10,8,18
4843,35,19,54
25596,14,77,91
27407,0,43,43
6654,1,4,5
26176,4,18,22
5423,15,11,26
25106,16,24,40
4353,4,3,7
24240,7,25,32
3487,6,5,11
23010,8,46,54
2257,5,0,5
22674,11,29,40
1921,22,2,24
4007,39,13,52
24760,4,29,33
22045,16,20,36
1292,23,12,35
1499,27,1,28
797,33,1,34
1344,16,7,23
22097,33,67,100
26776,0,39,39
6023,6,7,13
10007,19,19,38
9678,15,9,24
8708,12,14,26
8428,8,8,16
8161,15,15,30
17914,3,3,6
7641,11,9,20
7045,5,12,17
26444,0,6,6
5691,2,1,3
5898,5,3,8
26651,5,46,51
493,13,0,13
27623,0,25,25
6870,1,1,2
3791,5,1,6
24544,1,31,32
24337,2,10,12
3584,83,13,96
19508,9,42,51
8159,11,2,13
18432,9,42,51
7947,14,16,30
18220,24,41,65
17912,17,26,43
17894,12,13,25
16852,15,30,45
15681,32,23,55
9636,10,9,19
9618,37,31,68
8989,9,9,18
8286,11,5,16
7252,40,24,64
16462,4,27,31
6189,22,7,29
16131,44,19,63
26404,4,12,16
5651,9,4,13
5858,42,15,57
26369,6,95,101
5616,3,1,4
5823,42,11,53
26576,6,53,59
25266,9,70,79
4513,12,6,18
4720,13,1,14
4109,21,7,28
4034,43,4,47
24787,0,2,2
3533,49,9,58
2918,13,5,18
645,69,1,70
21398,16,34,50
492,49,0,49
21245,3,5,8
21534,18,8,26
781,13,3,16
491,2,0,2
21244,4,8,12
17692,1,14,15
15057,3,16,19
14889,6,9,15
11464,3,4,7
21537,4,9,13
784,20,3,23
991,3,2,5
21744,1,3,4
11264,10,9,19
4349,11,2,13
25102,3,18,21
490,17,0,17
21243,1,2,3
21035,0,12,12
282,66,1,67
489,17,0,17
21242,10,54,64
7079,139,40,179
27625,1,41,42
6872,17,7,24
27582,1,25,26
6829,13,0,13
25648,7,54,61
4895,15,1,16
24102,6,42,48
3349,2,2,4
23682,5,25,30
2929,5,2,7
22426,27,36,63
1673,19,3,22
19759,23,22,45
7683,7,3,10
17956,37,29,66
17707,58,45,103
17355,140,44,184
17335,79,40,119
10024,17,8,25
9782,12,46,58
9527,14,5,19
8213,31,14,45
17641,2,10,12
7368,17,16,33
6452,38,7,45
27205,4,83,87
6172,10,7,17
26925,1,21,22
6128,60,16,76
26881,0,16,16
26124,1,18,19
5371,7,14,21
15851,27,43,70
5578,31,14,45
26331,13,52,65
5486,34,9,43
23902,2,7,9
3149,13,0,13
3356,29,3,32
1058,7,2,9
21811,23,22,45
906,26,3,29
847,28,1,29
21600,5,2,7
27240,1,41,42
6487,23,25,48
6382,1,6,7
27135,0,6,6
26928,2,22,24
6175,34,15,49
9757,32,32,64
9036,5,26,31
8753,30,45,75
8526,13,13,26
6722,99,23,122
27475,0,36,36
6389,28,22,50
27142,0,23,23
5865,15,17,32
26618,7,62,69
4662,49,16,65
25415,9,22,31
2396,46,4,50
23149,1,8,9
1599,30,3,33
22352,29,51,80
22174,10,28,38
1421,43,2,45
486,8,0,8
20044,20,32,52
22036,12,40,52
1283,31,8,39
1490,34,5,39
22243,1,5,6
17608,11,8,19
23881,2,27,29
3128,9,14,23
518,48,1,49
21064,8,42,50
311,60,1,61
19824,7,6,13
17610,13,12,25
13216,1,6,7
9658,5,3,8
7721,2,3,5
481,11,0,11
25753,6,15,21
5000,1,0,1
479,4,0,4
478,2,0,2
21231,2,9,11
17546,10,23,33
7273,6,9,15
4437,8,3,11
25190,16,47,63
26822,5,36,41
6069,17,2,19
16549,2,9,11
4494,0,2,2
25247,1,21,22
1904,3,1,4
22657,1,4,5
476,6,0,6
25732,4,25,29
4979,55,18,73
24942,0,41,41
4189,16,4,20
2410,0,1,1
23163,0,9,9
22956,28,45,73
2203,2,2,4
3663,31,28,59
24416,6,35,41
12594,6,2,8
2321,38,6,44
23074,2,17,19
475,37,0,37
21228,2,14,16
25717,2,2,4
4964,12,2,14
5171,3,1,4
25924,1,13,14
4430,2,1,3
25183,2,27,29
2202,7,2,9
22955,2,5,7
1983,14,3,17
22736,3,21,24
1374,15,3,18
22127,2,4,6
10747,31,6,37
474,9,0,9
21227,11,24,35
9746,2,3,5
9505,6,2,8
8508,1,2,3
8311,5,1,6
473,7,0,7
21226,26,27,53
15285,7,10,17
14863,3,1,4
3437,3,3,6
8132,11,33,44
17761,17,26,43
7488,9,15,24
5242,34,31,65
25995,3,87,90
3396,18,33,51
24149,1,14,15
3280,24,20,44
24033,1,5,6
3034,23,25,48
8279,3,3,6
4818,8,13,21
25571,1,29,30
3802,13,18,31
24555,10,35,45
3030,11,13,24
23783,2,26,28
2571,7,13,20
23324,0,5,5
22230,18,35,53
1477,3,1,4
1684,36,11,47
22437,1,4,5
1600,17,7,24
22353,11,40,51
9091,9,8,17
4567,15,12,27
25320,2,19,21
4091,8,4,12
24844,2,31,33
3940,6,2,8
24693,21,41,62
24352,10,32,42
3599,1,1,2
3806,7,2,9
1611,11,1,12
22364,18,37,55
9977,32,10,42
9719,2,2,4
9436,2,7,9
7351,4,2,6
6661,10,4,14
27414,0,5,5
1484,0,3,3
22237,10,29,39
21887,3,23,26
1134,11,0,11
1341,3,2,5
22094,5,8,13
5635,25,4,29
26388,1,20,21
26181,0,19,19
5428,13,1,14
466,8,0,8
25560,2,20,22
4807,16,1,17
22953,26,51,77
2200,84,19,103
12680,7,3,10
9768,0,3,3
23257,10,30,40
2504,43,4,47
2711,6,2,8
23464,9,21,30
464,9,0,9
463,1,0,1
19157,14,31,45
17530,100,61,161
17505,72,36,108
462,15,0,15
21215,9,5,14
5260,13,4,17
26013,1,12,13
15533,32,21,53
25806,10,44,54
5053,1,0,1
24140,33,52,85
3387,32,13,45
19304,5,21,26
8165,18,20,38
7290,9,14,23
26981,1,11,12
6228,10,12,22
6435,21,4,25
27188,0,14,14
24645,7,36,43
3892,23,14,37
4099,25,8,33
24852,37,64,101
3325,21,9,30
24078,14,40,54
2457,11,5,16
23210,8,39,47
2140,14,4,18
22893,1,6,7
22348,7,33,40
1595,18,3,21
1802,42,3,45
22555,3,14,17
1132,30,2,32
461,29,0,29
21214,3,8,11
460,17,0,17
21213,37,30,67
2899,2,3,5
7773,4,3,7
1488,1,2,3
22241,12,7,19
457,5,0,5
21210,5,20,25
7857,8,14,22
18130,30,36,66
25685,9,42,51
4932,52,17,69
24757,26,27,53
4004,27,1,28
454,3,0,3
21207,1,3,4
21633,2,4,6
880,59,19,78
19019,3,9,12
18593,11,10,21
17380,7,10,17
16608,8,7,15
3369,20,3,23
24122,23,28,51
13642,9,3,12
13564,16,3,19
20999,25,37,62
246,28,0,28
453,14,0,14
27506,2,20,22
6753,2,1,3
17056,3,4,7
27329,0,18,18
6576,12,2,14
27182,2,18,20
6429,15,4,19
24939,3,20,23
4186,42,0,42
24780,1,12,13
4027,21,2,23
23718,1,17,18
2965,20,5,25
22823,6,21,27
2070,1,0,1
22717,5,17,22
1964,13,7,20
22279,4,21,25
1526,58,6,64
20048,2,13,15
19072,12,31,43
18933,7,16,23
18472,17,30,47
17913,13,25,38
27167,1,26,27
6414,15,2,17
16894,2,16,18
16583,10,21,31
16023,22,24,46
15745,3,9,12
15421,1,3,4
4466,29,6,35
14739,4,3,7
4446,54,16,70
25199,2,3,5
14719,9,10,19
14199,5,4,9
12307,6,6,12
808,4,0,4
21561,21,17,38
11081,7,5,12
20178,66,29,95
9905,2,2,4
9847,2,2,4
9842,9,10,19
9585,10,12,22
9508,8,2,10
9367,10,13,23
9345,5,3,8
9148,3,4,7
8849,22,13,35
8848,6,3,9
8701,3,12,15
8661,19,21,40
8467,6,14,20
7577,19,5,24
6250,19,8,27
27003,0,40,40
6235,10,5,15
26988,0,73,73
5282,14,4,18
26035,5,42,47
3998,16,1,17
3777,33,4,37
24530,22,25,47
3579,23,4,27
24332,5,27,32
23979,23,31,54
3226,15,12,27
3433,7,2,9
23922,15,35,50
3169,11,5,16
3376,19,7,26
24129,0,3,3
2836,20,3,23
23589,10,38,48
2601,26,3,29
2089,23,3,26
22842,4,11,15
1373,3,1,4
22126,1,7,8
671,44,1,45
21142,7,18,25
389,28,2,30
596,11,1,12
21349,25,34,59
7091,14,4,18
27637,0,41,41
6884,87,13,100
27321,1,20,21
6568,7,2,9
22862,2,30,32
2109,14,1,15
790,4,0,4
21336,13,45,58
583,117,5,122
752,7,0,7
20405,92,40,132
16378,52,48,100
15912,104,38,142
24609,3,23,26
3856,20,9,29
4063,34,8,42
24816,1,8,9
23040,65,53,118
2287,11,1,12
2494,30,3,33
1114,27,2,29
21867,1,11,12
4124,30,14,44
24877,1,27,28
24670,6,2,8
3917,15,4,19
13877,6,2,8
6295,8,4,12
23716,5,44,49
2963,45,20,65
22561,10,35,45
1808,50,12,62
27074,1,30,31
6321,8,4,12
16801,80,49,129
26586,1,19,20
5833,1,0,1
6040,18,23,41
16313,132,46,178
12240,143,31,174
767,2,0,2
21520,10,7,17
11040,38,11,49
8916,3,2,5
6208,12,5,17
5189,9,4,13
25942,1,12,13
4820,9,3,12
25573,6,45,51
1100,15,2,17
21853,14,28,42
618,13,1,14
3382,29,6,35
24135,62,111,173
447,13,0,13
19260,20,14,34
17153,18,12,30
11208,16,8,24
9953,24,34,58
452,10,1,11
21205,46,84,130
26325,1,27,28
5572,27,42,69
24305,5,16,21
3552,8,3,11
22122,6,16,22
1369,3,1,4
9598,11,11,22
16582,4,9,13
6309,8,4,12
27062,2,29,31
22254,0,4,4
1501,36,6,42
1708,17,1,18
1594,10,1,11
3746,19,22,41
24499,4,12,16
14019,5,1,6
978,5,1,6
444,4,0,4
21197,21,24,45
9688,4,37,41
9033,22,38,60
19095,36,41,77
8822,9,32,41
8121,6,6,12
8058,7,6,13
7899,9,5,14
7348,10,17,27
6865,6,18,24
26738,1,24,25
5985,2,2,4
6192,24,28,52
26945,0,26,26
5663,35,10,45
26416,4,41,45
5641,45,26,71
26394,0,10,10
4643,3,20,23
25396,9,41,50
4333,68,19,87
25086,1,2,3
4245,17,8,25
4084,33,15,48
24837,44,140,184
2046,25,11,36
22799,6,53,59
8809,23,40,63
19082,8,15,23
8820,10,26,36
5628,11,8,19
26381,1,10,11
5134,4,7,11
25887,27,95,122
1833,9,5,14
22586,0,20,20
21330,26,17,43
577,40,5,45
27360,1,31,32
6607,16,11,27
25860,9,41,50
5107,10,26,36
25540,16,43,59
4787,4,3,7
4219,32,16,48
24972,0,6,6
441,18,0,18
21194,4,31,35
26248,0,17,17
5495,16,3,19
25848,1,2,3
5095,1,0,1
5821,22,7,29
26574,1,26,27
2493,12,1,13
5261,19,7,26
26014,1,9,10
15534,1,13,14
10230,3,11,14
20033,1,15,16
9760,6,16,22
8810,3,3,6
8501,1,6,7
8298,6,11,17
18393,6,10,16
8120,4,18,22
7754,8,7,15
7714,4,7,11
6820,15,27,42
27573,3,49,52
6109,15,12,27
26862,2,38,40
4434,7,6,13
25187,1,5,6
4385,34,5,39
25138,13,33,46
7238,4,4,8
23226,17,46,63
2473,75,6,81
10038,11,8,19
9924,8,3,11
9209,39,16,55
7879,48,49,97
6887,108,46,154
27640,1,79,80
4743,24,3,27
25496,2,30,32
4443,62,6,68
25196,1,23,24
2908,14,4,18
2339,22,1,23
4259,8,5,13
25012,0,1,1
24805,3,24,27
4052,7,1,8
17682,10,28,38
10252,24,11,35
26011,2,15,17
5258,8,16,24
5465,39,9,48
26218,0,8,8
4925,32,8,40
8918,3,2,5
433,6,0,6
27603,0,13,13
6850,3,0,3
6849,9,7,16
27602,1,43,44
27395,1,20,21
6642,3,1,4
26752,2,27,29
5999,9,6,15
5874,5,8,13
26627,0,4,4
26420,3,33,36
5667,25,8,33
3126,18,2,20
23879,5,18,23
23265,14,23,37
2512,16,2,18
1449,30,5,35
22202,21,50,71
27451,0,19,19
6698,3,0,3
26828,1,20,21
6075,4,0,4
19727,2,13,15
18144,12,14,26
17471,6,26,32
16245,29,24,53
2472,13,6,19
23225,25,42,67
12745,20,4,24
5714,9,2,11
26467,2,20,22
20976,15,28,43
223,53,0,53
430,1,0,1
3288,25,2,27
24041,12,26,38
23834,18,31,49
3081,9,2,11
10196,8,67,75
9932,20,79,99
9822,35,43,78
9382,16,47,63
9154,30,28,58
8362,21,32,53
18529,17,24,41
8256,44,55,99
8170,30,62,92
8006,31,33,64
17876,8,24,32
7603,24,35,59
7001,6,25,31
27754,0,7,7
27518,0,2,2
6765,9,22,31
6972,94,30,124
27725,0,221,221
23789,3,49,52
3036,7,9,16
3243,9,6,15
2262,27,11,38
591,9,1,10
27455,0,8,8
6702,16,10,26
4917,32,24,56
25670,1,21,22
25463,3,52,55
4710,82,20,102
19403,2,8,10
18291,8,17,25
17129,4,6,10
16488,17,17,34
25780,5,55,60
5027,14,1,15
15507,11,25,36
15202,39,43,82
13037,25,15,40
20300,18,29,47
10027,7,4,11
9899,7,19,26
9897,31,37,68
9394,8,15,23
9029,12,26,38
8910,24,22,46
8790,40,18,58
8678,2,15,17
8271,23,7,30
7954,22,35,57
7917,44,10,54
7750,17,14,31
7742,106,18,124
7708,14,10,24
7661,16,4,20
7651,22,11,33
7555,22,23,45
7544,24,22,46
7502,10,12,22
7310,23,20,43
7226,20,16,36
27113,2,40,42
6360,19,2,21
6567,30,13,43
27320,3,39,42
5684,34,14,48
26437,1,23,24
5625,46,11,57
5055,45,23,68
25808,4,54,58
4208,53,18,71
24961,1,11,12
4033,61,16,77
24786,18,107,125
3583,21,10,31
24336,0,4,4
3303,44,5,49
2414,35,5,40
4362,10,6,16
25115,1,3,4
24908,3,14,17
4155,0,1,1
23851,4,14,18
3098,5,2,7
22291,4,16,20
1538,41,3,44
21884,5,11,16
1131,18,16,34
26161,8,33,41
5408,2,2,4
15888,20,7,27
15422,3,3,6
14151,13,6,19
10700,7,3,10
427,8,0,8
21180,2,6,8
23640,1,2,3
2887,59,3,62
13367,5,6,11
3068,24,5,29
23821,21,91,112
13341,11,12,23
14637,10,10,20
4364,22,5,27
20972,1,21,22
219,34,0,34
426,4,0,4
21179,10,11,21
19620,4,5,9
2466,15,4,19
23219,4,18,22
12739,21,11,32
5220,49,6,55
25973,0,6,6
25766,3,8,11
5013,19,2,21
21963,0,15,15
1210,15,0,15
424,6,0,6
21177,1,5,6
22439,5,13,18
1686,25,2,27
20140,8,17,25
19318,5,17,22
18688,9,21,30
11460,15,13,28
9224,17,2,19
617,18,1,19
21370,36,52,88
423,18,0,18
21176,7,10,17
26454,3,36,39
5701,24,6,30
24215,3,32,35
3462,1,0,1
25814,1,41,42
5061,14,9,23
4624,31,8,39
25377,0,1,1
25170,1,32,33
4417,3,0,3
4618,6,2,8
25164,3,45,48
4411,56,24,80
24649,3,35,38
3896,12,0,12
23954,6,36,42
3201,16,3,19
19524,14,35,49
1078,23,2,25
11834,37,17,54
9300,11,5,16
20965,8,14,22
212,9,0,9
419,16,0,16
21172,89,60,149
26967,0,8,8
6214,7,1,8
3911,30,5,35
24664,2,6,8
24457,2,22,24
3704,152,19,171
22137,5,33,38
1384,9,0,9
19997,1,1,2
5402,7,12,19
26155,9,34,43
17976,103,66,169
14429,9,7,16
20275,11,27,38
10002,7,20,27
9026,6,51,57
7926,9,36,45
6559,24,32,56
27312,0,1,1
5764,28,30,58
26517,10,74,84
5545,49,12,61
26298,3,19,22
4767,12,35,47
25520,2,15,17
3888,23,17,40
3450,25,16,41
3432,38,19,57
3027,22,9,31
23780,12,34,46
2990,27,14,41
23743,2,3,5
2978,115,31,146
12234,3,6,9
1961,37,8,45
22714,1,4,5
1603,20,8,28
22356,5,15,20
1060,27,2,29
21813,3,16,19
6695,31,13,44
27241,0,12,12
6488,2,1,3
6527,38,16,54
27280,0,13,13
27073,1,10,11
6320,27,13,40
14962,46,84,130
23428,8,10,18
2675,10,3,13
13155,5,12,17
12492,4,2,6
9202,6,4,10
24233,4,11,15
3480,65,13,78
3687,15,1,16
24440,0,3,3
414,4,0,4
21167,0,3,3
19641,5,18,23
413,5,0,5
21166,26,49,75
412,2,0,2
22180,8,19,27
1427,16,0,16
1176,32,1,33
21929,10,28,38
13446,7,9,16
9956,15,36,51
26797,2,11,13
6044,6,15,21
6251,11,11,22
26402,1,25,26
5649,26,11,37
5856,30,7,37
4972,13,12,25
25725,0,6,6
3252,4,2,6
24005,2,23,25
10683,56,10,66
410,17,0,17
24503,2,28,30
3750,32,30,62
415,21,0,21
10688,42,3,45
7174,95,44,139
27720,0,34,34
6967,9,33,42
20954,9,50,59
201,6,0,6
408,22,0,22
21161,4,3,7
407,2,0,2
21160,3,17,20
27028,0,48,48
6275,20,7,27
22720,7,30,37
1967,45,3,48
10115,5,5,10
20388,2,13,15
6506,11,8,19
16779,32,22,54
27052,0,33,33
6299,2,3,5
25850,7,25,32
5097,0,1,1
22983,15,44,59
2230,25,3,28
405,19,0,19
21158,83,56,139
27383,0,66,66
6630,9,0,9
1571,40,5,45
22324,9,43,52
22117,13,24,37
1364,22,2,24
6328,24,10,34
27081,2,76,78
5601,15,18,33
26354,1,26,27
22430,16,39,55
1677,3,0,3
1884,21,11,32
22637,24,41,65
11955,11,14,25
1682,44,21,65
22435,2,8,10
18810,1,3,4
5696,2,1,3
26449,6,36,42
18000,7,23,30
7356,15,21,36
17629,14,33,47
17507,6,18,24
9914,2,8,10
4426,20,2,22
25179,1,2,3
2838,14,1,15
23591,2,4,6
402,19,0,19
16896,6,5,11
3642,8,1,9
13915,3,11,14
23116,0,11,11
2363,10,1,11
2570,113,5,118
23323,8,35,43
12843,3,2,5
1035,1,2,3
21788,0,19,19
3788,38,4,42
24541,6,27,33
2606,101,12,113
23359,88,109,197
20155,53,21,74
9882,2,18,20
9510,4,30,34
19112,18,42,60
8839,4,19,23
8735,12,36,48
7395,17,24,41
5054,7,1,8
4819,39,59,98
25572,14,50,64
12110,9,5,14
1837,1,7,8
1147,25,7,32
555,36,2,38
21308,7,39,46
399,23,0,23
21152,8,12,20
7856,5,17,22
17859,9,8,17
7586,27,19,46
7438,56,33,89
7426,42,17,59
4329,15,6,21
25082,10,62,72
3501,29,5,34
24254,36,114,150
1783,20,7,27
22536,42,47,89
16889,0,9,9
27162,0,26,26
6409,17,26,43
1820,25,2,27
22573,6,53,59
22366,6,37,43
1613,50,15,65
620,18,0,18
21373,53,43,96
19773,25,32,57
19652,20,23,43
19511,20,21,41
9216,13,20,33
19489,20,24,44
18767,41,23,64
7796,11,14,25
18069,76,30,106
17754,127,33,160
17635,67,33,100
16863,115,72,187
6926,24,5,29
27679,0,23,23
6643,52,1,53
27396,2,185,187
6613,22,5,27
27366,0,8,8
5906,24,25,49
26659,1,35,36
2970,24,3,27
23723,6,10,16
4745,13,7,20
25498,2,36,38
13092,15,4,19
2819,25,15,40
23572,2,30,32
2384,40,6,46
25458,10,35,45
4705,2,4,6
13791,21,11,32
10176,14,12,26
9960,7,15,22
8503,29,13,42
7367,6,28,34
26667,4,27,31
5914,5,1,6
6121,23,8,31
26874,1,4,5
3712,42,3,45
24465,7,20,27
26198,0,36,36
5445,26,6,32
4619,24,12,36
25372,18,70,88
25165,10,27,37
4412,4,1,5
403,5,0,5
21156,3,3,6
20949,7,26,33
196,33,0,33
22631,4,8,12
1878,14,0,14
12358,9,5,14
1139,34,2,36
11412,1,6,7
509,9,0,9
21262,2,25,27
10782,12,5,17
6844,21,9,30
498,16,1,17
21251,12,30,42
13943,18,13,31
3670,20,16,36
24216,22,18,40
3463,1,0,1
19896,7,16,23
5537,21,9,30
15810,30,9,39
5271,32,29,61
26024,1,33,34
393,33,0,33
21146,0,3,3
9993,10,19,29
9968,11,12,23
9931,8,9,17
9795,4,13,17
9230,4,6,10
8920,24,21,45
7744,9,12,21
15855,3,7,10
5582,9,9,18
25480,5,2,7
4727,9,1,10
4934,8,7,15
25687,2,7,9
4471,14,17,31
25224,0,8,8
4304,5,7,12
25057,0,4,4
24838,15,36,51
4085,4,0,4
4292,10,7,17
24084,0,4,4
3331,19,4,23
3538,51,19,70
24291,1,18,19
2738,4,7,11
23491,5,38,43
1825,24,9,33
1310,19,4,23
22063,35,47,82
11527,2,2,4
1254,25,10,35
22007,9,10,19
25542,2,18,20
4789,6,3,9
2254,12,3,15
23007,10,30,40
22800,8,18,26
2047,3,2,5
16099,11,39,50
26372,3,27,30
5619,5,5,10
25570,8,34,42
4817,1,0,1
23400,2,29,31
2647,7,0,7
2822,67,3,70
23575,2,3,5
23368,4,44,48
2615,4,0,4
1403,10,1,11
22156,10,40,50
21949,10,28,38
1196,5,0,5
701,20,0,20
21247,18,28,46
494,101,5,106
10138,2,5,7
20411,38,42,80
20056,16,23,39
19890,54,29,83
19629,46,36,82
9201,15,23,38
19474,33,39,72
19277,94,58,152
18923,129,44,173
18702,121,118,239
18299,89,49,138
7743,42,42,84
18016,28,22,50
17928,123,43,166
17797,135,45,180
27289,1,7,8
6536,13,9,22
6743,6,7,13
27496,1,23,24
17016,70,20,90
16961,74,12,86
27199,0,18,18
6446,38,15,53
16926,63,16,79
15848,127,43,170
15604,4,14,18
19250,3,19,22
8977,20,17,37
7883,51,14,65
5003,23,3,26
25756,2,18,20
2763,10,3,13
853,30,2,32
21606,1,2,3
390,83,0,83
26363,1,12,13
5610,14,6,20
26268,5,22,27
5515,8,3,11
26251,2,9,11
5498,3,4,7
2826,12,2,14
23579,9,19,28
7847,23,29,52
6193,12,11,23
26946,0,4,4
24211,1,15,16
3458,13,15,28
3665,19,10,29
24418,2,3,5
3497,17,2,19
22969,2,10,12
2216,59,7,66
8003,5,5,10
5205,6,4,10
25958,3,27,30
2072,5,3,8
22825,0,1,1
388,5,0,5
21141,2,16,18
1931,8,4,12
1883,11,3,14
22636,8,79,87
387,4,0,4
21140,22,26,48
22530,18,30,48
1777,4,0,4
22312,5,30,35
1559,33,4,37
22183,6,40,46
1430,51,7,58
875,21,2,23
21421,13,26,39
668,77,1,78
9962,15,27,42
7959,15,14,29
7660,7,9,16
4998,30,9,39
4359,21,6,27
25112,0,9,9
4023,37,4,41
3484,27,7,34
24237,18,35,53
3341,63,13,76
24094,3,11,14
3223,29,7,36
23976,8,57,65
12777,1,8,9
23050,2,22,24
2297,21,2,23
2351,25,5,30
23104,9,45,54
11578,25,11,36
1305,23,2,25
9501,0,6,6
4218,11,5,16
24971,1,2,3
3884,3,5,8
24637,4,28,32
16104,2,7,9
5456,20,16,36
15729,9,3,12
384,3,0,3
25650,2,28,30
4897,16,5,21
20929,9,4,13
176,33,0,33
383,3,0,3
21136,2,3,5
13563,72,17,89
9576,21,24,45
4773,28,6,34
25526,4,18,22
19868,1,10,11
9595,17,14,31
9555,7,43,50
23649,5,8,13
2896,2,0,2
3103,11,17,28
23856,2,18,20
2519,17,5,22
23272,5,16,21
1749,42,16,58
24374,0,10,10
3621,41,8,49
2478,26,5,31
23024,2,11,13
2271,13,2,15
12641,2,6,8
2368,23,9,32
23121,10,23,33
22914,3,9,12
2161,10,11,21
18332,9,33,42
25729,3,12,15
4976,20,1,21
5183,4,5,9
25936,3,26,29
2666,23,7,30
23419,2,5,7
1641,29,1,30
22394,3,1,4
20925,10,22,32
172,1,0,1
379,11,0,11
21132,0,5,5
5159,7,22,29
25912,4,17,21
25705,8,15,23
4952,24,3,27
11717,12,6,18
21990,26,52,78
1237,3,0,3
16236,5,28,33
5963,40,16,56
26716,9,67,76
21719,1,1,2
966,138,5,143
1173,32,5,37
27652,0,5,5
6899,25,14,39
27019,0,24,24
6266,7,1,8
15523,8,5,13
25796,6,30,36
5043,6,11,17
7401,17,19,36
15728,23,22,45
5455,9,6,15
26208,0,11,11
3475,9,2,11
1110,10,3,13
26288,10,82,92
5535,34,2,36
26201,6,34,40
5448,41,14,55
5132,33,7,40
25885,3,44,47
3993,26,18,44
16891,5,2,7
6618,10,9,19
27371,0,66,66
27164,0,48,48
6411,8,29,37
25197,1,19,20
4444,3,4,7
24683,12,111,123
3930,20,7,27
3747,4,2,6
24500,10,53,63
24293,17,48,65
3540,18,13,31
3343,7,8,15
24096,6,35,41
23889,5,15,20
3136,10,0,10
12794,9,13,22
23067,5,32,37
2314,27,4,31
22620,9,47,56
1867,30,0,30
21732,5,12,17
979,10,0,10
8530,2,1,3
18803,83,40,123
26704,1,40,41
5951,12,11,23
16431,4,23,27
3120,32,17,49
23873,14,35,49
13393,40,5,45
375,35,0,35
21128,8,33,41
24748,2,8,10
3995,12,18,30
19787,7,14,21
374,2,0,2
21127,3,12,15
26927,0,7,7
6174,1,0,1
23441,5,19,24
2688,7,0,7
9147,9,17,26
19420,3,5,8
17176,5,4,9
14176,9,7,16
11368,7,3,10
5835,9,3,12
26588,0,6,6
971,7,1,8
21724,31,28,59
892,9,2,11
682,7,1,8
21435,8,2,10
373,12,0,12
26865,1,32,33
6112,9,12,21
5475,6,4,10
26228,2,29,31
26021,3,47,50
5268,3,0,3
2253,12,1,13
23006,27,49,76
19794,56,33,89
18511,57,37,94
17879,73,27,100
7561,11,5,16
17834,41,28,69
17591,114,33,147
17544,47,29,76
27454,1,2,3
6701,2,10,12
17181,153,57,210
9625,5,6,11
1529,14,2,16
22282,1,5,6
22075,4,10,14
1322,62,8,70
19687,8,16,24
371,29,0,29
14981,7,1,8
3338,77,4,81
23270,4,10,14
2517,64,0,64
2724,27,13,40
23477,24,16,40
25552,0,15,15
4799,4,1,5
25091,15,42,57
4338,19,12,31
24831,10,34,44
4078,0,2,2
3984,9,5,14
24737,1,6,7
23888,19,15,34
3135,67,9,76
19719,93,73,166
10043,21,14,35
9308,11,12,23
8459,18,24,42
7715,17,20,37
7491,18,11,29
6691,80,63,143
27444,0,12,12
5243,23,22,45
25996,1,14,15
24763,4,24,28
4010,4,1,5
4217,27,15,42
24970,8,47,55
3065,14,6,20
23818,1,6,7
3008,11,1,12
2949,19,13,32
22853,32,32,64
2100,16,1,17
2307,43,5,48
23060,1,17,18
2114,18,4,22
1799,87,8,95
22552,3,30,33
1720,159,4,163
21297,30,25,55
544,11,2,13
751,9,2,11
17060,42,41,83
6787,6,52,58
27333,4,127,131
6580,8,2,10
27102,3,43,46
6349,179,86,265
9920,18,45,63
9646,3,13,16
9568,13,24,37
19834,15,25,40
9561,41,22,63
9423,12,36,48
8832,10,18,28
18817,5,10,15
8544,219,74,293
7571,12,14,26
7546,14,57,71
7464,27,27,54
7374,48,24,72
7237,35,21,56
6857,29,17,46
27610,0,7,7
6793,18,16,34
27546,0,5,5
6545,95,16,111
27298,3,19,22
6437,14,14,28
5987,28,28,56
26740,0,8,8
5887,51,43,94
5699,21,21,42
26452,0,13,13
5653,23,18,41
5592,10,17,27
26345,2,40,42
26039,2,26,28
5286,10,2,12
5493,12,20,32
26246,1,24,25
5390,45,19,64
26143,12,90,102
5333,56,30,86
26086,0,36,36
5032,38,25,63
25785,19,50,69
25478,7,34,41
4725,18,3,21
4851,23,25,48
25604,0,8,8
25099,0,4,4
4346,1,2,3
4553,18,11,29
25306,9,51,60
4337,68,20,88
25090,1,4,5
24858,3,40,43
4105,3,2,5
4312,71,19,90
4083,121,14,135
24836,1,5,6
4082,32,17,49
24835,0,5,5
24344,2,19,21
3591,8,1,9
3798,12,10,22
3766,85,11,96
24519,25,43,68
24180,26,27,53
3427,34,11,45
3634,73,24,97
13896,41,34,75
3623,55,14,69
3443,45,15,60
24196,0,15,15
3365,31,8,39
23807,19,13,32
3054,40,16,56
3261,26,14,40
3129,31,15,46
23882,4,25,29
23626,17,58,75
2873,68,5,73
3080,39,20,59
23833,28,79,107
23351,16,18,34
2598,31,6,37
2805,41,8,49
23328,7,18,25
2575,37,37,74
2782,60,14,74
23535,4,13,17
2756,23,9,32
2683,30,5,35
23436,7,44,51
2658,20,5,25
23411,21,33,54
12898,7,6,13
2625,40,18,58
23378,30,92,122
2526,39,17,56
23279,1,12,13
2509,65,7,72
23262,3,8,11
22836,0,5,5
2083,20,12,32
1715,35,15,50
22468,5,13,18
711,18,4,22
21464,0,14,14
10639,17,2,19
366,154,0,154
21119,3,2,5
20456,16,17,33
8754,3,12,15
8251,12,14,26
7549,4,8,12
7468,22,6,28
6716,22,20,42
27469,0,9,9
14955,11,8,19
4039,21,7,28
24792,4,7,11
3659,38,8,46
24412,19,64,83
3246,18,4,22
23999,20,91,111
23485,59,49,108
2732,51,7,58
2939,22,13,35
23692,3,7,10
2824,54,14,68
23577,16,75,91
22996,14,8,22
2243,2,0,2
2450,43,18,61
23203,1,11,12
22644,3,36,39
1891,9,0,9
2098,92,26,118
22851,8,36,44
1857,42,9,51
22610,3,34,37
1732,126,9,135
22485,13,37,50
1500,24,7,31
22253,4,6,10
11788,80,52,132
22061,12,49,61
1308,22,4,26
9895,7,25,32
20168,3,6,9
10005,5,17,22
6934,30,25,55
27687,1,71,72
16174,1,9,10
26447,1,34,35
5694,4,4,8
5901,29,9,38
25430,2,21,23
4677,12,9,21
4884,30,13,43
1986,6,1,7
27378,0,4,4
6625,8,7,15
25926,2,33,35
5173,12,1,13
25682,6,37,43
4929,14,1,15
435,10,0,10
21188,2,9,11
20981,9,23,32
228,156,0,156
20359,1,5,6
18929,2,7,9
18617,4,5,9
17431,3,24,27
14245,1,5,6
11771,17,3,20
1275,37,1,38
22028,11,37,48
11548,6,5,11
24820,10,40,50
4067,11,1,12
4274,0,1,1
25027,2,32,34
26257,1,17,18
5504,8,4,12
15783,19,17,36
26056,6,25,31
5303,15,8,23
9607,16,16,32
8581,13,3,16
4781,44,23,67
25534,0,2,2
1537,38,6,44
1065,7,3,10
21818,14,29,43
678,49,5,54
21431,20,30,50
4868,19,4,23
25621,5,44,49
360,3,0,3
21113,1,8,9
27726,0,51,51
6973,54,13,67
27134,3,56,59
6381,1,2,3
359,19,0,19
629,24,1,25
21382,15,52,67
21175,0,1,1
422,9,3,12
10670,3,3,6
397,61,0,61
20943,0,1,1
190,33,0,33
1848,4,1,5
22601,11,20,31
358,3,0,3
20955,22,39,61
202,24,4,28
20353,14,42,56
9406,13,30,43
19679,31,54,85
18483,63,37,100
1048,31,1,32
21801,2,9,11
27589,1,36,37
6836,20,8,28
24874,20,57,77
4121,43,9,52
9976,26,1,27
20249,10,23,33
19600,4,47,51
9327,13,8,21
6751,28,10,38
27504,1,47,48
3137,19,4,23
23890,25,51,76
2555,127,13,140
23308,4,5,9
2532,76,7,83
23285,3,4,7
513,52,3,55
21266,19,22,41
18305,9,18,27
1255,11,1,12
22008,53,43,96
11528,34,24,58
520,64,1,65
10793,9,7,16
9010,11,10,21
4592,3,22,25
25345,3,11,14
27695,0,51,51
6942,8,0,8
27425,2,32,34
6672,9,3,12
9781,22,56,78
8473,34,56,90
7431,97,80,177
6484,42,25,67
1273,66,5,71
22026,1,5,6
353,22,0,22
21106,23,47,70
24008,6,18,24
3255,17,5,22
20374,14,18,32
18583,16,27,43
15506,33,18,51
13513,24,38,62
13487,27,11,38
13182,61,8,69
23453,4,14,18
2700,6,7,13
13180,124,27,151
10234,14,26,40
9743,14,2,16
9558,5,47,52
8343,11,13,24
7326,21,50,71
6891,12,14,26
27644,0,161,161
6650,25,27,52
27403,0,4,4
6063,64,47,111
26816,20,113,133
26604,1,26,27
5851,3,3,6
6058,78,38,116
26811,7,26,33
26400,1,25,26
5647,1,3,4
5854,28,17,45
25957,3,7,10
5204,0,1,1
15684,38,18,56
5411,10,5,15
26164,1,23,24
5293,104,26,130
26046,3,7,10
4711,40,3,43
25464,4,33,37
4640,43,17,60
25393,0,8,8
4535,89,12,101
25288,2,3,5
4408,207,7,214
3920,27,3,30
24673,1,19,20
3638,101,11,112
24391,10,30,40
3418,30,3,33
3207,21,1,22
23960,1,7,8
3107,62,9,71
23860,43,56,99
1776,25,4,29
22529,1,5,6
352,65,0,65
9475,2,24,26
7403,12,10,22
7144,3,16,19
15540,3,4,7
5267,11,11,22
25315,1,18,19
4562,14,4,18
15042,14,13,27
4769,18,17,35
20988,14,29,43
235,6,0,6
10715,33,16,49
442,27,3,30
416,38,2,40
21169,7,59,66
10225,5,15,20
20498,6,15,21
19273,16,47,63
22035,8,30,38
1282,4,0,4
11762,61,56,117
1399,10,1,11
22152,0,11,11
11672,9,7,16
7817,8,11,19
17271,53,36,89
6998,27,15,42
27751,0,87,87
27529,0,2,2
6776,14,1,15
6983,15,10,25
15083,21,24,45
4810,57,25,82
25563,13,28,41
22423,24,31,55
1670,31,3,34
1877,27,3,30
22630,20,29,49
349,18,0,18
22794,102,46,148
2041,2,0,2
7811,8,64,72
348,18,0,18
27532,0,19,19
6779,13,9,22
25731,8,61,69
4978,7,2,9
24914,0,25,25
4161,17,1,18
3797,38,7,45
24550,2,1,3
24343,11,21,32
3590,1,0,1
24147,8,34,42
3394,18,2,20
2996,20,2,22
23749,1,34,35
23542,8,30,38
2789,10,3,13
22978,14,35,49
2225,2,0,2
1536,18,1,19
22289,3,9,12
22082,10,20,30
1329,3,0,3
10198,11,18,29
20471,22,31,53
20321,23,17,40
9987,7,6,13
20260,28,34,62
18021,59,31,90
17575,101,24,125
7929,16,9,25
27204,0,32,32
6451,4,1,5
6658,14,9,23
24864,3,21,24
4111,15,4,19
4318,25,14,39
25071,11,16,27
3859,26,9,35
24612,9,18,27
3511,23,5,28
24264,8,16,24
12149,9,3,12
1876,45,4,49
845,29,2,31
21598,0,4,4
347,41,0,41
21100,5,15,20
20531,1,9,10
17079,2,14,16
12277,5,2,7
3281,10,4,14
24034,9,35,44
1724,8,1,9
22477,3,18,21
346,10,0,10
21099,1,3,4
7168,21,8,29
27714,0,22,22
6961,4,0,4
27654,0,14,14
6901,15,1,16
5976,12,11,23
26729,2,5,7
26522,4,31,35
5769,1,0,1
18603,2,5,7
8330,3,2,5
4926,14,8,22
25679,11,25,36
4880,9,3,12
25633,2,25,27
23052,5,10,15
2299,8,0,8
19325,9,10,19
26213,0,7,7
5460,6,5,11
15940,11,9,20
15702,11,12,23
1830,6,2,8
22583,4,4,8
1416,5,1,6
344,10,0,10
21097,36,39,75
5707,12,25,37
26460,1,16,17
26253,10,57,67
5500,7,1,8
7166,19,18,37
27712,0,25,25
6959,16,12,28
26473,5,17,22
5720,28,19,47
13890,18,20,38
3617,12,4,16
7608,5,4,9
5441,10,15,25
26194,1,12,13
23635,6,37,43
2882,5,0,5
372,26,0,26
21125,0,14,14
20918,8,17,25
165,8,0,8
1630,39,2,41
22383,1,11,12
26730,7,17,24
5977,6,8,14
15298,41,17,58
25799,0,32,32
5046,16,10,26
23470,0,16,16
2717,26,11,37
23312,10,21,31
2559,1,1,2
22875,20,35,55
2122,30,12,42
22023,1,12,13
1270,38,14,52
11942,4,6,10
1669,20,2,22
27041,0,57,57
6288,11,1,12
26939,1,22,23
6186,1,2,3
4505,13,3,16
25258,0,9,9
25051,2,12,14
4298,17,0,17
2234,3,1,4
22987,7,36,43
22780,19,9,28
2027,13,5,18
7457,18,18,36
20881,8,4,12
128,11,0,11
335,24,0,24
21088,1,10,11
27210,0,11,11
6457,2,1,3
23290,37,33,70
2537,10,7,17
881,67,2,69
21634,1,1,2
19367,11,14,25
9094,20,35,55
7147,18,13,31
1203,29,3,32
16216,1,2,3
445,22,0,22
21198,2,31,33
10718,31,4,35
8477,0,3,3
22016,0,15,15
1263,67,10,77
1470,5,1,6
22223,9,17,26
332,8,0,8
21085,6,9,15
27427,0,15,15
6674,24,15,39
25492,1,6,7
4739,43,9,52
19874,4,40,44
9601,14,4,18
331,5,0,5
21084,1,6,7
17369,53,27,80
7096,10,8,18
22973,2,36,38
2220,39,6,45
581,28,1,29
21334,7,46,53
10854,33,93,126
7400,25,31,56
5329,13,26,39
1839,19,8,27
16940,12,3,15
27213,0,39,39
6460,10,10,20
6173,15,6,21
26926,0,1,1
26719,4,69,73
5966,22,6,28
26497,3,16,19
5744,19,20,39
5675,17,3,20
26428,3,40,43
26221,7,40,47
5468,2,2,4
26105,3,36,39
5352,16,10,26
25548,3,50,53
4795,13,14,27
4958,24,13,37
25711,1,27,28
25504,4,19,23
4751,13,2,15
25489,1,18,19
4736,135,36,171
25380,2,32,34
4627,13,5,18
4281,12,2,14
25034,17,25,42
24827,0,26,26
4074,3,4,7
4210,39,26,65
24963,3,15,18
24756,5,18,23
4003,2,8,10
3559,52,11,63
23583,3,39,42
2830,30,1,31
23253,21,49,70
2500,9,1,10
22604,36,46,82
1851,9,1,10
22542,7,22,29
1789,26,0,26
22472,11,43,54
1719,30,12,42
22331,14,18,32
1578,2,0,2
22301,6,71,77
1548,2,0,2
22225,27,19,46
1472,11,0,11
21972,6,21,27
1219,13,0,13
3114,24,2,26
23867,10,177,187
1585,37,3,40
22338,7,18,25
1268,63,3,66
9399,29,67,96
8163,10,13,23
18397,6,6,12
8124,25,32,57
7792,39,50,89
6255,17,32,49
27008,3,41,44
6011,34,39,73
5700,79,44,123
26453,7,45,52
4308,83,55,138
25061,4,36,40
4140,14,15,29
24893,18,24,42
24647,2,7,9
3894,21,0,21
4101,30,40,70
24854,1,39,40
14223,35,13,48
3950,16,13,29
24703,2,13,15
3372,103,27,130
24125,1,1,2
3158,16,14,30
2560,53,10,63
23313,11,26,37
22925,8,19,27
2172,2,0,2
2227,34,12,46
2145,74,15,89
22898,5,10,15
2103,206,8,214
22856,5,13,18
1923,19,6,25
22676,44,21,65
22265,5,18,23
1512,6,0,6
1692,65,13,78
22445,1,23,24
1155,12,5,17
27753,0,13,13
7000,8,3,11
27332,0,41,41
6579,1,0,1
6354,20,19,39
27107,0,15,15
26900,3,9,12
6147,16,11,27
26727,2,107,109
5974,23,4,27
26101,10,80,90
5348,7,5,12
26012,8,41,49
5259,9,10,19
5315,50,25,75
26068,1,9,10
25861,9,30,39
5108,27,15,42
25417,5,10,15
4664,9,1,10
25231,13,33,46
4478,16,12,28
24570,5,50,55
3817,21,5,26
4015,15,3,18
24268,8,29,37
3515,3,1,4
23896,18,18,36
3143,17,10,27
3267,8,3,11
24020,13,24,37
23813,36,22,58
3060,16,2,18
2954,20,5,25
23707,2,7,9
23500,9,43,52
2747,52,14,66
2567,49,7,56
23320,6,20,26
18112,48,88,136
11890,22,19,41
2928,10,1,11
23681,2,31,33
2005,13,6,19
22758,1,2,3
325,71,0,71
13729,3,3,6
22738,1,8,9
1985,16,3,19
12465,3,2,5
7199,9,8,17
27745,0,15,15
6992,25,30,55
25172,1,7,8
4419,18,17,35
2006,3,3,6
22759,4,7,11
884,6,0,6
21637,3,9,12
17865,1,8,9
14933,4,3,7
660,15,0,15
21413,5,12,17
10933,6,1,7
20022,71,33,104
9749,13,2,15
8693,5,16,21
323,13,0,13
449,5,0,5
21202,36,55,91
20995,5,11,16
242,14,0,14
6253,6,1,7
27006,5,59,64
26799,1,27,28
6046,20,11,31
16526,0,3,3
321,4,0,4
21074,0,7,7
26731,3,66,69
5978,13,9,22
26102,3,48,51
5349,26,15,41
25918,7,43,50
5165,9,5,14
24813,10,52,62
4060,4,0,4
3400,12,6,18
10166,14,14,28
8885,18,30,48
7962,17,6,23
3697,29,2,31
24450,1,50,51
3414,55,5,60
3224,31,4,35
23977,3,25,28
320,31,0,31
21073,4,3,7
18463,11,22,33
8009,12,5,17
18282,42,25,67
15595,90,30,120
20091,2,11,13
9818,5,7,12
9727,63,29,92
24904,5,9,14
4151,99,38,137
4358,46,20,66
25111,0,37,37
4342,50,3,53
25095,0,54,54
3711,31,2,33
1934,20,2,22
22687,0,1,1
803,18,2,20
21556,29,70,99
732,37,1,38
20865,3,11,14
112,2,0,2
319,21,0,21
21072,6,8,14
318,1,0,1
21071,17,33,50
23336,0,10,10
2583,36,10,46
22098,7,4,11
1345,2,0,2
18790,7,6,13
18157,3,4,7
5208,2,1,3
25961,9,70,79
3545,2,1,3
24298,11,26,37
1993,0,2,2
7097,21,28,49
27643,0,7,7
6890,11,5,16
5949,23,10,33
26702,4,33,37
26495,3,29,32
5742,8,0,8
23295,5,16,21
2542,4,2,6
7583,22,5,27
7436,16,2,18
1461,22,2,24
22214,16,33,49
20862,9,48,57
109,1,0,1
10589,15,4,19
316,19,0,19
7882,4,2,6
15746,1,7,8
5473,41,2,43
26226,1,17,18
5039,5,2,7
1127,15,1,16
939,22,2,24
21001,14,36,50
248,24,0,24
455,11,2,13
21208,6,20,26
20861,12,48,60
108,2,0,2
315,27,0,27
21068,2,4,6
22907,1,2,3
2154,1,0,1
7560,2,1,3
20860,4,23,27
107,22,0,22
314,5,0,5
4822,6,5,11
25575,0,10,10
25368,3,32,35
4615,2,1,3
22832,55,41,96
2079,4,0,4
564,18,2,20
21317,5,17,22
26427,1,81,82
5674,5,5,10
468,17,0,17
21014,19,50,69
261,20,0,20
19532,14,104,118
7118,15,6,21
1562,31,1,32
6427,30,25,55
27180,1,12,13
26973,3,47,50
6220,8,1,9
4503,29,37,66
25256,5,28,33
25049,0,14,14
4296,17,18,35
24940,0,37,37
4187,76,10,86
23435,1,25,26
2682,1,2,3
21671,19,60,79
918,2,0,2
534,16,0,16
21287,5,11,16
21080,8,28,36
327,104,0,104
20544,9,27,36
19769,28,9,37
19630,61,36,97
19153,31,33,64
19058,55,60,115
18824,96,92,188
18600,14,37,51
18533,59,52,111
18316,5,22,27
17396,120,44,164
13270,249,47,296
9236,9,4,13
7824,58,3,61
23556,19,63,82
2803,17,1,18
6380,15,45,60
27133,9,179,188
4749,7,19,26
25502,12,58,70
15436,0,11,11
25709,5,19,24
4956,30,15,45
25696,7,21,28
4943,21,18,39
776,2,0,2
21529,13,33,46
626,6,0,6
21379,23,50,73
12144,25,9,34
20184,2,9,11
9911,18,20,38
18033,23,20,43
7760,41,34,75
6061,17,17,34
26814,0,22,22
5855,6,8,14
26608,1,13,14
5587,20,23,43
26340,1,31,32
14613,11,27,38
4340,16,16,32
25093,1,20,21
2801,23,7,30
2194,18,3,21
22947,3,4,7
4829,26,12,38
2718,20,5,25
23471,7,38,45
21695,2,2,4
942,45,7,52
1149,4,2,6
21902,4,3,7
398,39,1,40
5187,19,14,33
25733,8,7,15
4980,9,3,12
18234,2,5,7
19084,27,31,58
8811,12,5,17
8571,4,4,8
6501,2,1,3
6237,5,2,7
26990,7,38,45
3735,0,1,1
351,2,1,3
21104,19,10,29
23294,5,45,50
2541,18,27,45
21463,35,41,76
710,5,0,5
18816,28,31,59
17644,101,39,140
306,15,0,15
21059,8,42,50
26642,2,30,32
5889,10,6,16
25574,0,2,2
4821,4,1,5
19353,6,16,22
1609,4,1,5
22362,58,33,91
305,6,0,6
21058,4,34,38
20850,8,19,27
97,63,0,63
304,1,0,1
6606,12,19,31
27359,1,45,46
27152,0,39,39
6399,2,0,2
6036,35,32,67
26789,2,10,12
26582,0,33,33
5829,8,10,18
5809,3,10,13
26355,6,43,49
5602,4,1,5
5565,9,20,29
26318,4,44,48
26111,3,37,40
5358,2,1,3
15512,27,38,65
15101,8,16,24
25374,20,35,55
4621,17,3,20
25192,16,62,78
4439,31,14,45
24642,19,59,78
3889,2,0,2
2266,28,12,40
23019,0,13,13
22812,5,16,21
2059,185,5,190
22276,1,8,9
1523,3,0,3
21895,17,30,47
1142,13,0,13
21785,1,10,11
1032,49,1,50
833,19,0,19
21586,8,10,18
20049,30,46,76
19964,5,11,16
19906,14,18,32
19903,25,41,66
19389,40,32,72
19350,23,25,48
19339,37,59,96
19271,27,27,54
8942,33,28,61
19215,40,34,74
18241,31,18,49
17620,13,12,25
17611,27,14,41
17609,5,14,19
1661,239,3,242
11934,36,19,55
10255,6,33,39
9447,6,49,55
8653,21,22,43
8597,15,2,17
8491,10,38,48
7741,65,84,149
7700,11,3,14
17804,77,34,111
7531,7,24,31
7505,6,16,22
7186,45,22,67
27053,2,39,41
6300,8,1,9
6507,41,30,71
27260,0,8,8
26685,0,6,6
5932,8,5,13
6139,37,5,42
26892,0,46,46
26633,3,29,32
5880,23,6,29
6087,28,12,40
26840,3,38,41
4501,38,7,45
25254,9,58,67
3564,29,6,35
24317,14,37,51
2474,30,3,33
1780,34,3,37
303,108,0,108
21056,3,15,18
27443,0,19,19
6690,8,8,16
5607,7,6,13
26153,1,35,36
5400,18,8,26
23496,9,22,31
2743,26,5,31
21597,9,12,21
844,25,1,26
898,10,1,11
21651,9,18,27
21444,3,22,25
691,42,3,45
19816,0,20,20
9386,16,51,67
19659,17,19,36
18495,17,13,30
18484,7,17,24
14625,28,12,40
23596,5,21,26
2843,14,3,17
13323,15,5,20
12584,20,12,32
22566,2,30,32
1813,31,1,32
2020,14,1,15
12293,49,17,66
2482,8,1,9
1887,5,1,6
786,15,1,16
10575,51,20,71
302,25,0,25
21055,1,7,8
25261,20,46,66
4508,20,6,26
10263,13,23,36
9759,14,16,30
9707,15,16,31
9589,3,6,9
19349,46,55,101
9076,4,8,12
9061,3,3,6
19261,37,29,66
8988,4,8,12
8886,9,18,27
8642,8,11,19
8454,5,3,8
8431,10,6,16
8186,17,19,36
18162,38,49,87
7889,16,10,26
17226,89,33,122
6953,14,10,24
27706,0,16,16
6106,31,47,78
16198,12,5,17
5925,27,14,41
26678,0,28,28
5631,36,14,50
5514,16,21,37
26267,0,31,31
4962,3,3,6
4945,19,6,25
25698,0,19,19
4944,19,11,30
25697,3,15,18
4900,15,11,26
25653,0,1,1
15085,1,8,9
4812,18,9,27
25565,2,10,12
24643,3,11,14
3890,2,3,5
4097,42,7,49
24850,6,12,18
13077,6,5,11
2804,39,7,46
23557,0,6,6
2663,8,1,9
23416,70,106,176
2609,6,4,10
23362,6,8,14
12410,3,4,7
22683,3,6,9
1930,39,1,40
2137,33,7,40
22890,16,18,34
2022,5,3,8
2021,6,4,10
22774,180,138,318
2014,15,4,19
22767,5,8,13
21967,9,27,36
1214,9,0,9
1179,9,1,10
21932,31,25,56
697,71,4,75
21450,0,1,1
560,7,1,8
10011,46,91,137
6027,2,17,19
26780,7,62,69
4794,11,20,31
25547,3,21,24
3655,41,21,62
24408,1,15,16
2445,38,16,54
2292,97,8,105
23045,2,15,17
1671,68,5,73
22039,7,33,40
1286,23,8,31
1493,17,12,29
22246,1,3,4
394,28,0,28
21147,45,84,129
20940,80,58,138
187,4,0,4
298,5,0,5
21051,22,29,51
8444,12,19,31
18717,2,8,10
5221,32,1,33
25974,6,59,65
15494,6,3,9
2106,3,1,4
22859,2,25,27
26254,0,35,35
5501,1,1,2
5449,36,30,66
20114,31,64,95
7975,9,7,16
18248,12,12,24
24061,9,36,45
3308,37,4,41
13788,0,4,4
27675,0,4,4
6922,189,89,278
7129,7,4,11
6827,25,40,65
27580,0,4,4
27373,3,42,45
6620,14,2,16
3069,11,2,13
23822,1,11,12
23615,15,25,40
2862,29,20,49
20400,19,45,64
6610,7,2,9
27156,1,11,12
6403,6,21,27
25627,3,18,21
4874,32,7,39
506,10,0,10
21259,3,11,14
21052,1,29,30
299,47,2,49
18334,3,5,8
294,10,0,10
21047,52,35,87
27024,0,16,16
6271,22,25,47
16079,4,8,12
26352,6,27,33
5599,36,24,60
25757,2,8,10
5004,1,0,1
25387,2,18,20
4634,27,4,31
25124,11,26,37
4371,10,7,17
24762,8,43,51
4009,1,0,1
10065,2,27,29
9620,10,11,21
7562,2,10,12
7191,14,16,30
7065,13,21,34
3517,3,5,8
24270,25,37,62
2796,30,9,39
23549,9,23,32
23292,2,9,11
2539,1,0,1
2746,4,1,5
23499,8,22,30
418,12,2,14
27330,0,6,6
6577,2,1,3
292,2,0,2
21045,4,19,23
26647,2,24,26
5894,23,28,51
7704,7,6,13
27765,0,5,5
7012,48,10,58
7219,6,5,11
6617,15,11,26
27370,0,10,10
6296,13,4,17
5590,14,9,23
26343,2,40,42
5394,36,6,42
1003,23,2,25
21756,5,19,24
291,15,0,15
21044,0,6,6
26028,0,10,10
5275,84,15,99
25253,1,13,14
4500,8,5,13
3378,4,1,5
24131,9,13,22
23924,4,14,18
3171,7,2,9
1771,25,3,28
22524,18,32,50
22317,3,10,13
1564,53,15,68
741,32,0,32
355,9,0,9
21108,1,5,6
20901,8,9,17
148,21,0,21
19863,12,21,33
17686,2,8,10
27689,0,19,19
6936,6,4,10
17416,16,8,24
11478,14,5,19
11369,18,7,25
11202,75,11,86
297,11,0,11
21050,17,34,51
10570,19,2,21
290,17,0,17
21043,1,10,11
27593,0,6,6
6840,90,28,118
20228,13,24,37
15340,32,45,77
562,48,1,49
10835,9,1,10
289,5,0,5
21042,5,16,21
20834,16,20,36
81,5,0,5
288,1,0,1
21041,22,26,48
17244,5,2,7
27517,0,11,11
6764,33,21,54
24692,5,29,34
3939,36,26,62
3720,13,4,17
24266,3,27,30
3513,10,2,12
17232,8,7,15
14276,22,14,36
8963,4,2,6
6671,11,2,13
26693,0,13,13
5940,31,4,35
20058,2,14,16
9305,11,8,19
22436,26,48,74
1683,8,0,8
1890,22,2,24
22643,3,5,8
26414,1,13,14
5661,16,8,24
5868,20,21,41
5298,2,5,7
26051,7,71,78
4433,31,20,51
25186,1,7,8
3935,23,8,31
3846,18,10,28
1888,35,10,45
22641,3,23,26
10107,8,21,29
9715,10,18,28
9404,12,23,35
9222,9,23,32
19216,7,27,34
8943,17,29,46
8866,5,18,23
8802,17,18,35
8716,6,4,10
8580,6,4,10
8432,0,13,13
8383,11,21,32
8282,22,43,65
8201,9,11,20
7530,14,11,25
7405,14,16,30
7342,15,6,21
7289,16,10,26
27724,1,14,15
6971,3,0,3
7178,12,6,18
6871,6,22,28
27624,0,34,34
27412,0,16,16
6659,11,7,18
6866,11,16,27
27619,0,13,13
6730,13,32,45
6377,15,28,43
27130,0,44,44
16513,21,7,28
6240,25,27,52
26993,1,12,13
6086,23,14,37
26839,10,28,38
6017,10,35,45
26770,1,7,8
5567,25,25,50
26320,3,34,37
25805,14,32,46
5052,20,13,33
4987,13,21,34
4678,27,21,48
25431,0,21,21
24975,4,19,23
4222,5,9,14
4429,10,12,22
25182,1,22,23
14688,6,6,12
4415,21,15,36
25168,12,52,64
24784,2,6,8
4031,16,0,16
4238,24,27,51
24991,9,103,112
24750,12,50,62
3997,4,2,6
4204,10,14,24
24957,20,28,48
4170,21,10,31
3821,34,6,40
3607,18,21,39
3353,26,15,41
3307,35,8,43
24060,31,104,135
23775,0,5,5
3022,15,2,17
2940,35,10,45
23693,11,28,39
2834,26,11,37
2799,11,2,13
23552,40,55,95
2780,40,26,66
2720,48,19,67
2697,36,10,46
23450,6,28,34
23166,6,37,43
2413,5,0,5
2620,30,23,53
23373,9,34,43
2520,11,3,14
23273,0,2,2
2469,30,19,49
23222,25,53,78
2185,16,4,20
22938,0,14,14
2054,24,11,35
22807,28,11,39
22570,20,17,37
1817,15,1,16
2024,27,2,29
22777,6,19,25
22377,6,41,47
1624,2,0,2
1831,24,9,33
22584,0,1,1
1794,75,5,80
22547,13,20,33
22248,0,2,2
1495,20,0,20
1702,65,4,69
22455,15,47,62
1350,33,7,40
1324,19,3,22
1016,29,7,36
538,130,2,132
21291,15,28,43
4760,5,4,9
25513,0,27,27
17095,3,2,5
8301,70,27,97
25100,7,106,113
4347,27,4,31
4554,24,8,32
8337,17,17,34
18427,16,42,58
8154,9,23,32
7903,4,11,15
7843,5,11,16
7767,7,17,24
7726,21,15,36
7587,43,39,82
7321,18,8,26
27533,0,34,34
6780,12,10,22
6987,43,37,80
27740,0,14,14
6281,30,13,43
27034,0,35,35
16050,64,38,102
26323,5,42,47
5570,1,0,1
5777,43,23,66
26530,10,26,36
5774,48,12,60
26527,5,61,66
4888,12,10,22
14680,3,2,5
3835,15,3,18
2808,37,4,41
23561,65,137,202
1541,27,3,30
10243,0,9,9
9888,3,10,13
9320,0,4,4
9188,6,14,20
9122,0,21,21
8425,4,12,16
7650,7,8,15
12621,3,2,5
2348,5,1,6
23101,0,6,6
2150,35,14,49
22903,30,36,66
22696,2,10,12
1943,8,0,8
7435,10,23,33
22860,36,60,96
2107,42,2,44
2127,14,9,23
22880,7,18,25
2115,28,14,42
22868,0,2,2
2031,23,7,30
22784,0,14,14
12286,1,6,7
2013,27,18,45
22766,14,33,47
11786,4,4,8
1479,14,23,37
22232,28,37,65
26092,14,44,58
5339,1,3,4
570,21,4,25
21323,34,16,50
471,5,0,5
10744,48,30,78
21083,3,22,25
330,51,4,55
524,48,3,51
21277,0,6,6
25959,2,15,17
5206,4,8,12
23256,3,16,19
2503,89,12,101
21595,42,40,82
842,44,1,45
1049,14,3,17
11322,38,20,58
19575,3,2,5
9302,8,27,35
7594,27,17,44
7272,25,16,41
17347,37,30,67
27620,0,60,60
6867,52,32,84
5934,7,6,13
26687,7,91,98
26480,7,102,109
5727,16,2,18
1045,60,3,63
2591,31,10,41
23344,27,62,89
7579,21,20,41
17852,234,249,483
105,24,0,24
20858,15,28,43
27441,4,61,65
6688,7,4,11
4470,15,38,53
25223,0,6,6
25016,47,228,275
4263,31,12,43
9670,22,22,44
19943,105,124,229
9287,29,16,45
4200,18,9,27
859,32,10,42
16219,1,3,4
26492,5,48,53
5739,3,0,3
5946,29,26,55
26699,92,1126,1218
400,33,2,35
21153,2,8,10
17411,2,18,20
27684,0,23,23
6931,13,2,15
2249,25,19,44
23002,2,5,7
16918,10,3,13
11930,7,3,10
1657,5,7,12
22410,20,32,52
6089,26,17,43
26842,2,13,15
25862,3,38,41
5109,3,10,13
10365,7,13,20
92,13,0,13
20845,2,8,10
10266,13,9,22
25505,2,30,32
4752,4,1,5
10244,12,10,22
24761,6,43,49
4008,10,0,10
13294,208,36,244
1717,38,4,42
20473,11,19,30
2904,36,1,37
23657,0,14,14
13170,33,29,62
2358,1,1,2
23111,132,174,306
22904,4,11,15
2151,14,1,15
2556,36,5,41
5725,19,16,35
26271,0,13,13
5518,213,2,215
22591,3,17,20
1838,63,4,67
17504,10,25,35
18967,26,25,51
8694,4,2,6
101,7,0,7
20854,4,19,23
4990,40,10,50
25743,1,19,20
25536,9,42,51
4783,19,4,23
26096,9,59,68
5343,2,0,2
661,47,14,61
21414,24,39,63
26294,26,139,165
5541,28,3,31
5748,22,14,36
26501,0,2,2
10297,24,2,26
24,47,0,47
4886,4,2,6
25432,5,38,43
4679,4,0,4
3217,25,11,36
23970,19,24,43
2992,7,1,8
23745,19,21,40
23538,10,19,29
2785,9,4,13
8277,36,52,88
3190,11,5,16
23943,3,2,5
22588,14,21,35
1835,2,3,5
22582,14,41,55
1829,70,13,83
11416,32,10,42
21689,23,21,44
936,11,0,11
385,5,0,5
20931,119,34,153
178,3,0,3
9541,25,6,31
3159,315,19,334
23912,1,8,9
23507,0,4,4
2754,19,2,21
99,26,0,26
20852,2,1,3
27522,2,41,43
6769,11,34,45
27322,0,30,30
6569,99,9,108
1689,11,7,18
22442,9,38,47
22235,8,10,18
1482,1,0,1
6717,4,4,8
27470,3,33,36
27263,2,18,20
6510,26,40,66
98,15,0,15
20851,2,4,6
10272,11,35,46
26321,9,45,54
5568,10,3,13
886,25,3,28
21639,2,6,8
26116,5,72,77
5363,9,2,11
681,98,4,102
21434,13,49,62
5350,33,3,36
26103,2,19,21
25896,6,52,58
5143,21,8,29
362,29,0,29
10635,139,28,167
5548,123,8,131
26301,0,24,24
9528,6,10,16
19801,21,29,50
635,12,8,20
21388,17,45,62
11594,112,22,134
1420,26,14,40
19432,1,1,2
9159,22,22,44
2418,39,37,76
23171,24,46,70
18897,39,30,69
8624,46,15,61
18798,13,21,34
8234,52,8,60
3147,59,7,66
2866,9,11,20
23619,10,16,26
7854,3,1,4
18127,1,11,12
1854,33,18,51
1558,24,17,41
22311,9,33,42
378,59,3,62
25894,0,1,1
5141,9,1,10
459,7,1,8
21212,19,24,43
10270,14,23,37
287,15,1,16
21040,4,18,22
15548,2,6,8
24024,15,90,105
3271,47,19,66
3676,29,12,41
24429,1,12,13
23510,30,176,206
2757,2,0,2
9708,8,32,40
19981,65,43,108
24960,8,36,44
4207,7,2,9
4414,60,36,96
25167,4,45,49
95,18,0,18
26431,4,28,32
5678,8,14,22
5885,23,20,43
600,29,0,29
94,5,0,5
20847,21,21,42
10268,11,20,31
21627,0,7,7
874,31,4,35
1081,48,17,65
11255,7,9,16
883,6,1,7
21636,4,5,9
21429,3,4,7
676,36,8,44
16392,31,16,47
6119,22,17,39
26872,2,24,26
20874,2,7,9
121,14,0,14
10601,32,1,33
328,48,4,52
19656,107,93,200
4395,20,30,50
25148,50,49,99
1786,32,7,39
6873,13,5,18
27626,0,31,31
20639,42,80,122
93,25,0,25
20846,18,29,47
10267,5,8,13
11670,70,15,85
13469,6,3,9
3295,13,4,17
24048,12,13,25
6009,9,5,14
1302,51,1,52
22055,6,12,18
10363,9,1,10
90,1,0,1
3442,30,11,41
24195,0,5,5
23988,2,19,21
3235,10,10,20
21806,3,11,14
1053,31,2,33
16620,51,16,67
26893,16,82,98
6140,17,10,27
22004,1,17,18
1251,41,0,41
1458,21,1,22
22211,4,10,14
125,49,0,49
20671,2,11,13
5212,2,9,11
25965,11,49,60
25758,16,49,65
5005,30,6,36
26366,3,20,23
5613,7,3,10
6018,23,12,35
26771,0,13,13
25094,5,20,25
4341,35,9,44
4548,11,12,23
25301,4,39,43
13130,55,15,70
23403,47,92,139
2650,16,2,18
3055,12,3,15
9571,4,2,6
19844,34,47,81
13348,13,2,15
3075,29,20,49
8162,6,11,17
13249,8,4,12
7547,30,18,48
17820,60,94,154
7646,5,32,37
258,13,1,14
21011,13,22,35
8457,8,13,21
23916,22,21,43
3163,6,3,9
3370,45,6,51
24789,11,31,42
4036,62,33,95
4441,58,13,71
25194,13,33,46
8290,15,22,37
23551,10,33,43
2798,1,1,2
8191,7,3,10
18464,11,14,25
27655,0,35,35
6902,2,0,2
17481,4,24,28
16648,41,30,71
6375,7,5,12
27128,0,33,33
1288,50,6,56
22041,0,20,20
1136,77,4,81
21889,15,21,36
26307,3,12,15
5554,15,8,23
26341,3,29,32
5588,33,18,51
16068,9,18,27
4237,33,25,58
24990,1,12,13
24455,9,22,31
3702,20,4,24
3909,20,17,37
24662,0,12,12
8996,5,5,10
1376,37,8,45
22129,0,17,17
6159,35,8,43
26912,0,23,23
26705,1,41,42
5952,2,14,16
689,6,0,6
10962,78,14,92
590,17,1,18
87,54,0,54
20840,6,23,29
232,41,0,41
20985,10,6,16
715,22,0,22
21261,12,21,33
508,36,6,42
26348,7,23,30
5595,15,3,18
167,14,0,14
15574,14,13,27
25847,1,15,16
5094,57,15,72
23140,2,16,18
2387,28,3,31
10232,8,22,30
20505,96,70,166
157,23,4,27
20910,47,40,87
14088,29,18,47
8897,20,7,27
8114,10,3,13
23655,40,207,247
2902,18,0,18
8295,16,14,30
18568,18,18,36
85,14,0,14
16703,38,43,81
26976,9,106,115
6223,33,17,50
3978,14,3,17
24731,0,1,1
24524,22,56,78
3771,12,14,26
9263,2,1,3
856,42,6,48
5928,10,6,16
26681,1,14,15
914,82,3,85
5902,23,4,27
26448,3,41,44
5695,8,1,9
16175,8,11,19
13544,5,6,11
18532,54,32,86
2129,22,2,24
12303,6,3,9
2097,32,24,56
22850,0,10,10
22525,5,14,19
1772,61,13,74
1979,32,10,42
11601,8,10,18
21874,8,39,47
1121,19,18,37
1328,60,9,69
22081,10,34,44
84,43,0,43
20837,8,3,11
25519,1,11,12
4766,20,1,21
9149,15,9,24
19422,32,43,75
4062,25,9,34
24815,2,11,13
14335,67,42,109
3695,29,9,38
24448,1,4,5
5629,13,8,21
26175,1,7,8
5422,8,11,19
740,63,3,66
5827,5,2,7
26580,5,40,45
82,2,0,2
20835,0,4,4
21763,8,14,22
1010,60,6,66
1415,18,3,21
22168,8,30,38
16577,8,11,19
26850,0,21,21
6097,10,4,14
12733,2,6,8
9009,4,6,10
24468,1,22,23
3715,3,3,6
3922,35,49,84
13997,3,4,7
16383,16,22,38
26656,0,10,10
5903,26,5,31
20635,12,28,40
89,13,0,13
20842,139,99,238
10164,0,11,11
20437,77,50,127
25722,6,49,55
4969,31,7,38
5176,4,2,6
25929,10,36,46
15350,13,18,31
16472,47,30,77
26745,4,55,59
5992,22,16,38
20034,6,19,25
9120,3,4,7
18237,2,8,10
7964,10,24,34
7344,5,16,21
12431,89,19,108
22605,86,35,121
1852,12,0,12
27692,0,9,9
6939,14,2,16
16959,12,12,24
6686,19,17,36
16122,13,10,23
5849,11,4,15
26602,9,55,64
1162,57,1,58
21915,2,7,9
7155,9,13,22
17428,18,8,26
7254,5,8,13
27601,2,25,27
6848,8,7,15
25529,0,26,26
4776,6,3,9
4983,11,8,19
25736,3,9,12
19970,14,49,63
9697,13,21,34
25156,6,21,27
4403,15,2,17
4610,23,11,34
25363,4,36,40
8051,69,82,151
27274,0,11,11
6521,1,2,3
17001,9,20,29
6728,43,19,62
27481,0,26,26
27175,3,44,47
6422,4,1,5
16902,80,40,120
5773,100,142,242
686,30,2,32
21439,5,9,14
5247,35,57,92
160,23,0,23
20913,6,10,16
24833,30,43,73
4080,28,23,51
24948,11,20,31
4195,25,3,28
4402,21,23,44
9489,9,19,28
9376,16,5,21
19550,152,48,200
4213,33,8,41
14320,13,8,21
24593,5,36,41
3840,9,0,9
4047,82,79,161
24800,4,41,45
9134,5,4,9
3572,29,32,61
24325,4,44,48
13619,4,12,16
3346,103,75,178
26902,5,36,41
6149,2,2,4
11740,27,11,38
1467,122,11,133
22220,0,2,2
21815,8,13,21
1062,7,0,7
17474,10,15,25
7300,12,21,33
2213,19,4,23
22966,9,28,37
9421,2,19,21
19694,134,117,251
3195,41,26,67
23948,0,9,9
23586,8,36,44
2833,2,4,6
3040,13,19,32
2842,13,18,31
23595,5,10,15
23388,12,59,71
2635,111,14,125
23251,8,64,72
2498,6,2,8
2705,59,34,93
23458,7,32,39
12780,72,23,95
23053,39,61,100
2300,15,5,20
7685,4,1,5
86,5,0,5
20839,5,3,8
25521,5,58,63
4768,10,15,25
2443,27,23,50
2206,19,31,50
7293,10,6,16
2143,42,32,74
22896,3,12,15
2061,45,19,64
7148,16,19,35
1995,64,36,100
22318,16,24,40
1565,110,8,118
1701,27,15,42
22454,10,24,34
1503,2,1,3
22049,49,30,79
1296,22,6,28
1309,111,10,121
22062,40,46,86
16669,12,26,38
6396,8,9,17
27149,0,9,9
13297,19,11,30
3024,10,2,12
23777,5,19,24
1040,22,10,32
21793,3,8,11
861,62,6,68
21614,3,16,19
563,125,6,131
21316,36,86,122
26196,2,37,39
5443,14,11,25
5650,21,28,49
296,31,3,34
21049,14,28,42
5581,6,9,15
26334,2,16,18
443,152,5,157
417,158,4,162
21170,11,20,31
25852,1,7,8
5099,22,7,29
687,41,8,49
26050,3,41,44
5297,2,2,4
1951,14,9,23
7038,7,7,14
25401,6,13,19
4648,10,10,20
15227,52,32,84
4661,23,3,26
25207,5,24,29
4454,4,6,10
20219,2,5,7
9946,6,29,35
22581,83,174,257
1828,10,4,14
27668,0,27,27
6915,6,7,13
4392,11,5,16
25145,1,16,17
24938,6,31,37
4185,4,1,5
22909,22,37,59
2156,174,1,175
83,3,0,3
20836,2,9,11
750,24,0,24
21503,11,17,28
26383,3,13,16
5630,1,2,3
659,102,1,103
21412,1,19,20
26292,24,130,154
5539,52,13,65
857,41,4,45
21610,2,4,6
5199,31,4,35
25952,2,9,11
15472,31,29,60
211,1,0,1
19553,22,26,48
19338,32,45,77
24623,3,25,28
3870,37,2,39
14350,784,229,1013
4077,20,18,38
24830,1,43,44
3951,21,27,48
24704,23,44,67
15736,128,34,162
5562,8,19,27
26315,0,21,21
15270,301,90,391
9,2,0,2
20762,21,44,65
3606,11,5,16
24359,2,17,19
24152,39,262,301
3399,40,0,40
14077,23,13,36
3804,12,1,13
4451,48,18,66
25204,21,89,110
14724,630,143,773
580,39,2,41
21333,3,36,39
15841,18,15,33
25622,0,9,9
4869,18,3,21
15349,11,21,32
5912,23,3,26
825,32,2,34
21578,5,9,14
26691,32,149,181
5938,29,20,49
1256,13,3,16
5478,51,4,55
26231,4,16,20
5379,12,14,26
15652,117,39,156
25309,11,200,211
4556,10,21,31
4289,17,47,64
14562,9,26,35
420,16,1,17
21173,10,10,20
5507,6,3,9
26645,6,86,92
5892,51,47,98
702,52,3,55
21455,4,8,12
421,15,0,15
21174,0,20,20
20967,133,110,243
214,5,0,5
15781,4,7,11
26054,12,87,99
5301,3,2,5
7386,39,14,53
17659,129,60,189
17758,2,2,4
7485,20,12,32
597,253,8,261
21350,3,16,19
20298,4,54,58
10025,7,28,35
20872,31,16,47
119,30,0,30
326,120,3,123
21079,17,32,49
25761,9,112,121
5008,32,9,41
9754,26,20,46
25015,9,40,49
4262,7,1,8
9403,3,27,30
4316,16,10,26
5124,36,15,51
25877,0,15,15
37,54,0,54
20790,0,17,17
20385,6,22,28
19912,88,81,169
3413,16,16,32
24166,2,27,29
2921,19,7,26
2465,28,8,36
23218,19,17,36
2366,51,3,54
22912,5,35,40
2159,12,2,14
12639,24,8,32
7552,6,3,9
24315,3,18,21
3562,27,0,27
19228,1,5,6
8737,6,9,15
19010,72,52,124
3749,6,2,8
2553,8,3,11
23306,0,1,1
22901,39,60,99
2148,21,6,27
3220,12,2,14
23973,5,8,13
863,7,0,7
21409,3,15,18
656,7,1,8
2221,33,4,37
22974,9,6,15
17581,1,6,7
7308,2,2,4
22569,3,13,16
1816,9,0,9
19257,8,68,76
6726,37,23,60
27479,0,46,46
1705,28,18,46
22458,4,11,15
27632,0,110,110
6879,6,2,8
15613,12,12,24
25886,4,20,24
5133,36,12,48
76,14,0,14
16786,2,10,12
27059,1,12,13
6306,33,55,88
483,68,12,80
21236,34,51,85
18362,1,2,3
23647,6,24,30
2894,9,1,10
3101,8,4,12
23854,4,13,17
23449,20,43,63
2696,52,3,55
6772,125,47,172
27525,0,23,23
27318,5,98,103
6565,12,3,15
952,86,8,94
21705,7,9,16
6039,39,21,60
26792,1,25,26
26879,2,25,27
6126,3,2,5
6035,1,1,2
26581,19,105,124
5828,15,22,37
724,14,2,16
21477,1,8,9
1442,37,15,52
22195,16,17,33
26877,3,33,36
6124,10,6,16
21790,2,13,15
1037,22,0,22
4800,11,8,19
25553,8,33,41
20061,10,15,25
27314,0,10,10
6561,8,8,16
22227,96,62,158
1474,39,8,47
4609,43,17,60
25362,16,38,54
4373,20,17,37
25126,38,36,74
24919,22,70,92
4166,15,0,15
4571,9,7,16
25324,35,137,172
3708,29,1,30
24461,3,12,15
11100,2,8,10
827,48,2,50
21580,6,6,12
20097,28,77,105
9682,3,13,16
19955,71,58,129
18461,76,63,139
3200,4,2,6
23953,1,8,9
27549,1,31,32
6796,22,6,28
18121,10,47,57
13133,20,1,21
2860,19,16,35
23613,3,13,16
15679,38,54,92
74,65,0,65
5161,16,12,28
25914,7,32,39
20015,78,51,129
20230,242,128,370
10056,1,34,35
994,115,11,126
21747,4,14,18
19850,149,54,203
4589,16,5,21
25342,1,1,2
73,16,0,16
5160,69,41,110
25913,11,34,45
72,2,0,2
5060,29,16,45
25813,0,41,41
15333,11,6,17
25892,5,26,31
5139,4,1,5
23353,12,33,45
2600,21,20,41
10088,5,19,24
20361,0,5,5
20559,62,40,102
13,25,2,27
8576,2,4,6
4180,7,2,9
9168,5,4,9
19441,5,12,17
3412,12,4,16
24165,3,34,37
10344,4,4,8
71,10,0,10
20824,0,7,7
15332,14,20,34
6631,24,28,52
27384,1,13,14
27177,2,48,50
6424,3,9,12
11801,30,13,43
1528,34,23,57
22281,6,10,16
2576,89,38,127
23329,22,60,82
22924,2,20,22
2171,17,2,19
1157,113,9,122
21910,1,4,5
10400,13,1,14
127,26,1,27
20880,7,11,18
10202,12,26,38
20475,5,19,24
2426,10,1,11
7414,20,24,44
17687,50,30,80
69,7,0,7
20822,74,58,132
27536,0,25,25
6783,9,0,9
6966,15,8,23
27719,0,21,21
27512,0,53,53
6759,21,11,32
1879,50,1,51
22425,51,25,76
1672,31,15,46
27010,5,43,48
6257,2,11,13
11848,4,7,11
1575,26,10,36
22328,5,9,14
20952,8,15,23
199,18,0,18
406,10,0,10
21159,2,15,17
10679,15,7,22
10778,44,3,47
505,20,4,24
21258,16,21,37
20107,41,53,94
579,43,1,44
21332,6,19,25
10852,31,18,49
592,43,14,57
21345,13,23,36
26027,1,20,21
5274,85,16,101
10020,35,25,60
8978,18,24,42
8826,22,19,41
18336,41,31,72
8063,13,12,25
7967,6,6,12
1807,65,33,98
22560,7,28,35
6364,18,16,34
27117,0,18,18
21625,1,5,6
872,13,7,20
11550,21,6,27
1277,30,2,32
5338,220,87,307
251,3,0,3
21004,11,27,38
4529,46,22,68
2404,22,6,28
23157,7,12,19
22950,1,9,10
2197,17,1,18
24640,2,28,30
3887,26,1,27
4094,24,10,34
24847,0,16,16
1480,8,11,19
6369,25,20,45
27122,8,50,58
26915,2,18,20
6162,38,23,61
24331,3,8,11
3578,9,2,11
3785,54,19,73
3587,12,1,13
24340,10,14,24
24133,3,9,12
3380,52,10,62
3699,45,4,49
3242,25,25,50
23995,3,5,8
13318,4,6,10
3045,27,8,35
23798,4,12,16
23393,19,32,51
2640,7,1,8
2342,19,17,36
2144,19,4,23
22897,1,8,9
22690,3,23,26
1937,7,0,7
7330,3,13,16
17603,62,26,88
2141,28,3,31
7228,31,15,46
2016,27,25,52
22068,8,19,27
1315,11,0,11
11795,3,2,5
1522,121,9,130
22275,1,15,16
11443,40,9,49
21716,15,24,39
963,38,0,38
1170,59,20,79
21923,48,40,88
7937,13,6,19
23396,8,17,25
2643,9,1,10
2850,61,29,90
23603,19,147,166
866,102,8,110
26775,6,34,40
6022,1,3,4
21394,0,7,7
641,89,13,102
848,64,4,68
696,51,3,54
21449,7,23,30
26505,29,124,153
5752,1,2,3
21418,24,31,55
665,38,1,39
1070,24,2,26
578,67,3,70
21331,29,33,62
6476,4,6,10
27229,2,26,28
27022,0,15,15
6269,32,19,51
2470,3,2,5
23223,32,50,82
23016,6,4,10
2263,33,13,46
286,17,0,17
21039,2,10,12
10559,107,26,133
19987,16,7,23
14234,35,8,43
17250,1,4,5
13365,19,53,72
3092,11,5,16
23845,5,14,19
26662,16,197,213
5909,2,1,3
6314,19,18,37
27067,1,38,39
1128,32,2,34
11401,11,7,18
18236,16,16,32
7963,128,21,149
3916,10,4,14
24460,15,38,53
3707,24,1,25
3683,17,4,21
2669,52,11,63
23422,5,7,12
23215,8,34,42
2462,17,1,18
7855,10,15,25
18128,64,44,108
20333,14,81,95
23063,14,31,45
2310,141,20,161
301,4,0,4
21054,5,20,25
499,13,3,16
21252,4,13,17
9862,3,7,10
20135,57,35,92
25222,13,28,41
4469,19,5,24
9961,11,31,42
25420,5,25,30
4667,4,1,5
26500,1,17,18
5747,50,11,61
16227,18,17,35
768,2,0,2
21521,10,24,34
21314,14,17,31
561,20,2,22
5798,0,2,2
26551,3,11,14
26344,1,17,18
5591,10,2,12
16071,62,42,104
10067,30,24,54
25328,34,45,79
4575,6,4,10
22487,3,18,21
1734,95,8,103
1941,21,4,25
17202,39,22,61
9012,16,10,26
24471,2,7,9
3718,1,0,1
3925,12,7,19
24678,0,17,17
25652,5,49,54
4899,2,1,3
217,35,1,36
27342,1,20,21
6589,33,12,45
1709,48,8,56
22057,8,94,102
1304,81,16,97
6562,12,5,17
27315,0,5,5
1846,20,17,37
22599,0,16,16
16833,74,31,105
6560,19,8,27
27313,0,5,5
22019,1,2,3
1266,15,0,15
1473,45,7,52
22226,28,67,95
26908,0,22,22
6155,3,10,13
3225,22,6,28
1697,42,4,46
22450,2,7,9
27132,2,18,20
6379,0,1,1
18836,15,22,37
1218,29,2,31
21971,3,10,13
26653,5,42,47
5900,19,12,31
1080,19,2,21
21833,32,43,75
342,13,1,14
21095,5,23,28
15603,901,223,1124
25791,1,19,20
5038,10,9,19
356,41,1,42
21109,1,2,3
22737,2,31,33
1984,6,0,6
7476,2,2,4
27733,0,69,69
6980,3,7,10
5401,19,14,33
26154,1,1,2
9637,9,7,16
19910,6,21,27
17090,76,91,167
26145,0,81,81
5392,30,7,37
611,3,0,3
21364,19,12,31
10884,7,12,19
5332,19,6,25
26085,31,166,197
15605,3,2,5
3194,40,6,46
23947,56,84,140
22895,25,42,67
2142,23,1,24
12622,15,8,23
5753,2,3,5
26299,14,166,180
5546,5,2,7
3221,8,2,10
18482,3,12,15
587,1,1,2
26022,1,66,67
5269,2,2,4
7076,7,8,15
27622,0,19,19
6869,4,1,5
1989,20,16,36
22742,3,1,4
27226,0,57,57
6473,138,7,145
15773,18,6,24
5665,4,13,17
26418,0,18,18
26211,4,50,54
5458,3,2,5
26409,1,34,35
5656,48,17,65
5863,25,15,40
3165,16,4,20
13537,4,6,10
8351,3,12,15
18624,5,6,11
2476,32,9,41
23229,8,2,10
19699,64,79,143
18457,74,39,113
2998,16,1,17
23751,2,17,19
23544,62,192,254
2791,3,0,3
1864,54,42,96
22617,3,8,11
3148,19,4,23
23901,1,23,24
17717,1,3,4
7444,22,5,27
2730,45,10,55
23483,23,48,71
7751,19,15,34
5191,11,9,20
25944,8,53,61
15464,18,8,26
25737,17,31,48
4984,3,2,5
401,6,0,6
21154,8,74,82
20947,48,43,91
194,101,1,102
2091,56,8,64
22844,64,56,120
679,52,5,57
21432,0,3,3
4788,23,13,36
25541,0,6,6
25334,17,79,96
4581,23,24,47
15259,12,19,31
25532,11,95,106
4779,5,1,6
4986,18,11,29
25739,15,45,60
25217,8,21,29
4464,5,4,9
18812,21,22,43
23724,2,12,14
2971,9,12,21
3178,36,16,52
891,29,1,30
21644,3,7,10
2677,4,2,6
23430,8,57,65
2875,12,5,17
23628,24,15,39
3374,74,16,90
822,54,2,56
21575,3,17,20
3568,40,8,48
24321,1,10,11
13742,12,14,26
7437,3,13,16
17710,8,18,26
18675,209,106,315
10465,42,11,53
192,80,1,81
20945,29,33,62
5279,34,10,44
26032,1,1,2
11977,5,7,12
12076,10,4,14
1803,27,3,30
4322,6,4,10
25075,0,4,4
18145,2,4,6
61,15,0,15
4950,55,12,67
20409,21,25,46
284,190,0,190
21037,0,5,5
20830,11,33,44
77,74,1,75
482,30,1,31
24872,1,46,47
4119,28,0,28
9611,10,6,16
14219,12,15,27
24492,1,21,22
3739,6,4,10
4144,28,46,74
24897,7,22,29
19405,3,7,10
4907,92,11,103
25660,0,5,5
15180,41,24,65
13734,22,16,38
2884,21,1,22
23637,16,24,40
11645,48,16,64
26906,0,16,16
6153,0,1,1
6558,17,3,20
27311,1,6,7
7501,34,30,64
277,3,2,5
21030,6,3,9
19690,9,20,29
14504,41,16,57
24777,16,42,58
4024,24,9,33
18118,1,42,43
16409,21,20,41
26682,5,38,43
5929,17,9,26
6981,7,8,15
27734,0,29,29
17254,3,6,9
14701,20,11,31
9614,17,16,33
20509,16,17,33
10236,7,8,15
20608,7,13,20
62,21,0,21
20815,30,42,72
4726,11,7,18
25272,18,27,45
4519,16,19,35
4924,12,4,16
25677,5,22,27
4825,10,5,15
15098,6,2,8
20185,172,66,238
6225,15,6,21
14435,73,42,115
24708,54,50,104
3955,13,7,20
14399,82,26,108
24672,42,68,110
3919,4,0,4
24039,28,29,57
3286,25,14,39
58,3,0,3
15418,0,14,14
5145,11,7,18
3132,46,15,61
24741,11,24,35
3988,4,3,7
24543,8,34,42
3790,12,3,15
9282,16,6,22
7790,1,5,6
2703,8,2,10
23456,0,10,10
4191,61,13,74
24944,0,6,6
18333,70,57,127
2760,55,37,92
23513,3,9,12
22933,25,64,89
2180,29,9,38
56,29,0,29
20809,2,20,22
21023,3,8,11
270,31,0,31
477,8,0,8
10750,102,42,144
2018,80,16,96
22771,3,24,27
4375,23,18,41
25128,0,1,1
24723,18,37,55
3970,8,0,8
4253,21,4,25
25006,2,8,10
19562,16,79,95
3063,33,19,52
2910,57,12,69
23041,14,17,31
2288,24,2,26
2495,54,11,65
4321,23,21,44
21951,9,36,45
1198,28,1,29
1405,53,8,61
22158,39,46,85
6070,27,28,55
11629,19,4,23
1356,29,5,34
22109,4,34,38
1233,31,5,36
21986,5,30,35
12583,37,8,45
1072,17,3,20
26938,1,35,36
6185,2,0,2
1011,36,3,39
21764,7,20,27
19424,19,20,39
14436,8,4,12
4163,5,15,20
24916,1,8,9
941,67,14,81
19619,5,20,25
9445,7,61,68
763,31,9,40
21516,0,47,47
5048,33,5,38
25801,4,46,50
334,34,2,36
21087,1,15,16
184,34,1,35
20937,24,28,52
26339,7,128,135
5586,3,2,5
16165,17,16,33
11177,10,5,15
904,39,2,41
21657,2,7,9
27635,0,40,40
6882,25,22,47
5224,2,2,4
25770,10,22,32
5017,2,0,2
24565,32,72,104
3812,11,1,12
67,12,0,12
20820,4,13,17
13364,6,6,12
23835,1,20,21
3082,8,10,18
3289,5,1,6
24042,10,31,41
9244,15,37,52
23386,44,55,99
2633,18,1,19
3525,19,15,34
3327,5,10,15
24080,3,63,66
22381,36,95,131
1628,18,0,18
15680,5,20,25
5308,20,4,24
26061,0,2,2
25854,13,70,83
5101,8,29,37
24911,2,29,31
4158,30,14,44
4365,11,42,53
25118,0,6,6
9079,14,30,44
8569,60,26,86
104,37,0,37
20857,36,18,54
7175,14,10,24
2088,17,13,30
22841,5,32,37
5462,24,18,42
26215,1,3,4
1189,20,1,21
21942,0,15,15
11462,3,3,6
21735,5,14,19
982,4,0,4
2879,21,8,29
23632,0,22,22
5236,11,13,24
25989,1,3,4
149,10,0,10
20902,1,2,3
4212,42,25,67
24965,2,28,30
24560,3,15,18
3807,29,3,32
8263,5,8,13
2820,26,11,37
7808,7,10,17
18081,38,31,69
23217,96,50,146
2464,31,0,31
23376,77,66,143
2623,7,13,20
12337,2,8,10
12081,27,4,31
4048,12,4,16
24801,2,10,12
24594,68,96,164
3841,2,0,2
19507,109,106,215
4246,22,6,28
1024,152,5,157
21777,6,9,15
10585,37,5,42
312,45,3,48
21065,5,41,46
191,65,1,66
20600,13,34,47
54,59,0,59
20807,1,4,5
22078,21,38,59
1325,37,1,38
5971,24,12,36
983,65,4,69
11256,8,9,17
21284,33,30,63
531,26,1,27
738,51,10,61
64,11,0,11
20817,3,17,20
10238,11,25,36
20412,38,94,132
25991,154,1214,1368
5238,7,0,7
18860,4,14,18
22645,173,173,346
1892,3,0,3
22843,4,23,27
2090,18,1,19
1649,87,27,114
22402,2,14,16
19576,300,158,458
19538,70,186,256
9364,19,18,37
17941,97,52,149
13991,85,11,96
14836,197,73,270
25010,1,12,13
4257,19,9,28
21222,43,36,79
469,41,1,42
2188,33,3,36
22941,0,4,4
12461,54,24,78
27722,0,14,14
6969,48,9,57
6843,68,11,79
17116,6,5,11
27389,1,28,29
6636,13,0,13
3502,37,7,44
8589,8,24,32
1497,34,6,40
22250,0,6,6
1005,49,4,53
5897,22,26,48
26650,3,21,24
26443,1,17,18
5690,28,10,38
21062,13,27,40
309,51,1,52
10789,173,46,219
516,25,2,27
20599,18,40,58
53,53,0,53
20806,8,7,15
17484,9,10,19
2223,52,11,63
22976,7,17,24
27674,0,3,3
6921,12,5,17
7128,15,26,41
57,9,0,9
20810,6,3,9
549,124,15,139
21302,34,60,94
5084,2,8,10
25837,1,10,11
15357,6,5,11
25630,34,115,149
4877,54,36,90
96,2,0,2
10369,23,3,26
25625,26,78,104
4872,8,6,14
14603,10,2,12
24876,34,81,115
4123,11,11,22
4528,4,10,14
25281,0,2,2
6984,17,22,39
27737,0,15,15
1897,55,10,65
2937,8,1,9
23690,20,26,46
1860,14,1,15
4559,5,1,6
25312,0,9,9
25105,22,26,48
4352,39,28,67
5404,26,3,29
26157,1,10,11
15677,29,38,67
317,9,0,9
21070,11,13,24
10590,33,8,41
24584,14,35,49
3831,9,0,9
4038,18,3,21
10185,7,38,45
10284,27,31,58
20557,38,37,75
11,24,0,24
20764,1,2,3
15272,1,16,17
10033,8,9,17
15120,10,32,42
4748,27,17,44
25501,0,36,36
25294,0,5,5
4541,3,1,4
9980,40,37,77
25795,4,76,80
5042,19,31,50
9296,4,5,9
4399,14,6,20
25152,5,39,44
9387,4,7,11
19660,18,28,46
9113,11,27,38
4026,88,22,110
24779,15,46,61
9057,19,8,27
8971,15,18,33
8633,1,8,9
20111,22,45,67
8326,27,17,44
8070,17,21,38
7920,28,23,51
9418,3,3,6
19691,7,9,16
7906,23,20,43
7558,21,13,34
7511,30,17,47
7473,15,8,23
27564,0,43,43
6811,15,5,20
7018,59,11,70
17113,9,19,28
27386,0,22,22
6633,21,7,28
1885,48,5,53
6599,68,14,82
27352,0,55,55
16664,5,4,9
26937,9,90,99
6184,6,1,7
1502,131,10,141
27092,0,8,8
6339,31,8,39
6546,62,15,77
11633,6,21,27
1459,56,14,70
14111,14,5,19
19297,28,39,67
5528,23,8,31
26281,0,6,6
25497,6,62,68
4744,5,6,11
4951,13,3,16
15026,0,5,5
25299,19,35,54
4546,26,7,33
25249,13,51,64
4496,41,9,50
4703,17,3,20
25456,2,30,32
2165,77,9,86
22918,15,36,51
25068,21,55,76
4315,14,4,18
4522,31,24,55
25275,1,18,19
14696,29,10,39
4423,30,14,44
25176,3,16,19
8947,23,6,29
3924,38,12,50
15471,11,10,21
210,13,0,13
20963,5,23,28
25645,5,37,42
4892,1,0,1
3686,51,12,63
24439,1,2,3
24168,6,24,30
3415,41,8,49
13895,9,6,15
3622,44,2,46
24375,1,18,19
24059,10,23,33
3306,35,4,39
3434,15,11,26
24187,0,18,18
18695,54,44,98
8039,16,21,37
2886,39,10,49
19361,6,19,25
14373,5,10,15
2664,21,4,25
23417,15,86,101
2530,17,3,20
23283,29,82,111
17358,8,15,23
27631,1,76,77
6878,17,4,21
2052,52,7,59
22805,13,13,26
27487,7,170,177
6734,6,1,7
27484,0,60,60
6731,28,28,56
17211,267,87,354
10516,17,4,21
243,17,0,17
20996,11,14,25
12008,8,3,11
1485,63,4,67
22238,31,44,75
1140,19,1,20
21893,4,7,11
11314,26,2,28
1106,34,5,39
21859,13,16,29
16268,18,19,37
26541,2,43,45
5788,3,2,5
1022,48,3,51
5213,36,12,48
25966,2,5,7
20474,15,21,36
16812,7,16,23
1551,51,14,65
313,29,1,30
52,127,0,127
10226,13,10,23
15313,51,43,94
23289,2,5,7
2536,3,1,4
51,2,0,2
20804,6,33,39
26639,0,23,23
5886,8,1,9
21750,24,30,54
997,5,0,5
1204,29,3,32
21957,79,76,155
15348,20,11,31
20732,11,13,24
186,7,0,7
18755,25,16,41
13569,31,12,43
23842,3,25,28
3089,10,0,10
8071,12,15,27
18344,55,22,77
18267,108,48,156
8093,19,14,33
6324,18,10,28
27077,8,58,66
26870,2,32,34
6117,41,28,69
9526,9,22,31
19799,30,49,79
14811,41,69,110
25084,4,10,14
4331,78,22,100
4538,5,1,6
13573,10,51,61
3300,16,2,18
24053,11,27,38
1935,39,4,43
22688,27,56,83
12208,41,28,69
50,26,0,26
20803,0,8,8
10224,9,5,14
25683,1,41,42
4930,8,1,9
5137,31,30,61
25890,1,6,7
20308,46,54,100
10035,17,4,21
7134,9,8,17
17034,60,39,99
6761,4,5,9
27514,0,12,12
6218,5,2,7
26971,3,9,12
3366,16,1,17
1821,7,1,8
22574,1,35,36
4043,10,7,17
3845,1,2,3
24598,1,6,7
24490,14,21,35
3737,5,0,5
3944,7,6,13
24697,3,34,37
14217,21,15,36
2406,5,11,16
49,8,0,8
16821,38,19,57
27094,3,72,75
6341,11,6,17
11833,7,6,13
1183,39,18,57
21936,41,108,149
26578,2,27,29
5825,12,1,13
3675,27,3,30
24428,0,1,1
24221,41,74,115
3468,16,4,20
8960,4,3,7
4482,34,3,37
2792,5,5,10
23545,1,5,6
23338,15,35,50
2585,4,1,5
18251,17,16,33
18350,14,38,52
8077,2,3,5
9127,13,6,19
19400,510,262,772
3941,13,2,15
24487,1,4,5
3734,69,1,70
18834,14,34,48
3573,10,4,14
6703,23,7,30
27456,0,51,51
27249,0,58,58
6496,6,15,21
16976,173,58,231
4890,7,2,9
25643,4,32,36
25436,22,76,98
4683,25,6,31
10274,3,24,27
1,93,0,93
20754,55,143,198
8937,24,10,34
24396,2,11,13
3643,2,0,2
27566,0,16,16
6813,8,0,8
7020,26,16,42
17194,0,3,3
26220,3,7,10
5467,47,5,52
5007,16,8,24
25760,2,26,28
2936,17,2,19
23689,3,8,11
1774,15,7,22
22527,0,33,33
22320,6,30,36
1567,6,2,8
1107,40,10,50
21860,3,48,51
7567,49,27,76
2381,14,5,19
23134,69,75,144
12654,15,11,26
2480,10,5,15
496,56,4,60
48,39,0,39
3586,12,12,24
24339,13,34,47
24132,0,5,5
3379,24,2,26
8871,22,56,78
8510,3,2,5
18684,4,15,19
3895,16,5,21
14805,38,19,57
817,19,4,23
21570,12,14,26
5805,2,2,4
26558,1,5,6
16078,9,7,16
46,12,0,12
20799,14,10,24
5034,15,15,30
25787,5,31,36
15307,15,9,24
26521,3,20,23
5768,7,1,8
5975,15,8,23
26728,1,9,10
16248,45,20,65
26182,0,4,4
5429,1,2,3
15592,1,3,4
5319,15,17,32
16033,56,27,83
8284,7,12,19
3197,22,13,35
23950,46,41,87
3570,33,5,38
24323,5,11,16
6514,7,5,12
27267,2,108,110
1939,50,13,63
22692,7,17,24
7026,11,21,32
16716,8,14,22
6443,2,5,7
27196,1,38,39
26989,0,32,32
6236,31,39,70
6542,13,20,33
27295,5,51,56
27088,0,8,8
6335,10,1,11
16815,12,2,14
23021,43,98,141
2268,10,1,11
2673,14,2,16
23426,15,43,58
25577,2,26,28
4824,3,2,5
5031,20,3,23
25784,0,14,14
14328,210,89,299
2543,27,7,34
23296,8,52,60
11415,7,1,8
2419,34,8,42
23172,4,6,10
25318,8,49,57
4565,10,1,11
20231,88,41,129
920,87,7,94
21673,2,7,9
5620,14,8,22
26373,0,8,8
23809,8,22,30
3056,15,5,20
13536,4,7,11
3263,32,7,39
24016,1,6,7
22119,139,324,463
1366,4,1,5
890,10,1,11
21643,3,2,5
7788,10,7,17
2701,21,5,26
3691,2,4,6
24444,6,44,50
14809,26,8,34
6048,7,7,14
26801,0,13,13
26594,6,120,126
5841,20,26,46
1159,15,15,30
21912,39,72,111
8224,63,7,70
18398,9,5,14
6534,9,18,27
27287,2,45,47
27080,6,36,42
6327,1,6,7
11819,9,4,13
19317,1,3,4
3858,13,3,16
24611,1,19,20
24404,10,24,34
3651,6,18,24
1354,5,2,7
26071,17,44,61
5318,41,21,62
18433,93,156,249
3155,42,2,44
23908,4,6,10
13329,39,24,63
2957,19,1,20
23710,1,18,19
23503,25,42,67
2750,9,0,9
8242,3,2,5
17297,36,15,51
27471,2,63,65
6718,19,9,28
1711,5,7,12
22257,10,21,31
1504,14,1,15
17071,14,19,33
27344,0,11,11
6591,27,4,31
708,33,4,37
2573,14,4,18
23326,0,6,6
20440,23,19,42
10167,4,7,11
8176,4,2,6
8022,17,23,40
2737,19,5,24
2000,9,7,16
22753,4,4,8
21975,2,7,9
1222,11,0,11
22240,21,41,62
1487,28,1,29
6047,25,2,27
26800,0,1,1
960,23,13,36
21713,17,13,30
762,23,8,31
2209,16,8,24
22755,22,35,57
2002,11,3,14
7494,5,12,17
3760,92,31,123
24108,19,35,54
3355,21,2,23
2121,20,1,21
22874,2,16,18
1655,30,5,35
22408,14,30,44
80,20,0,20
20833,2,18,20
25515,19,106,125
4762,1,0,1
7151,10,13,23
648,133,13,146
21401,31,18,49
5362,14,8,22
26115,1,21,22
926,14,1,15
21679,0,14,14
6196,21,12,33
26949,2,19,21
26742,18,50,68
5989,47,22,69
1307,26,9,35
18879,44,65,109
3420,10,6,16
24173,2,2,4
23966,50,46,96
3213,16,3,19
23,15,0,15
20776,8,6,14
1572,49,9,58
12512,13,7,20
2239,35,20,55
22785,15,29,44
2032,14,0,14
2823,27,4,31
23576,3,40,43
22548,45,36,81
1795,6,0,6
19993,1,19,20
9819,7,19,26
25080,4,20,24
4327,6,5,11
11737,15,2,17
22010,28,40,68
1257,14,2,16
26861,5,40,45
6108,6,0,6
11207,1,1,2
934,9,1,10
20,1,0,1
20467,1,14,15
10194,47,22,69
15380,14,6,20
1223,30,2,32
21976,1,7,8
6154,16,18,34
26907,0,16,16
595,4,0,4
10868,13,5,18
5035,8,4,12
8674,71,123,194
18102,14,25,39
23189,24,20,44
2436,75,43,118
551,2,0,2
10824,48,6,54
749,49,1,50
16010,4,4,8
4598,11,3,14
5123,52,20,72
25876,3,11,14
25669,2,3,5
4916,12,11,23
234,56,0,56
20987,6,29,35
4579,6,3,9
25332,1,12,13
8096,27,39,66
2811,69,5,74
23564,0,6,6
23357,7,21,28
2604,11,0,11
17112,12,24,36
6740,8,16,24
27493,0,7,7
27286,5,99,104
6533,24,21,45
6738,16,22,38
27491,0,3,3
27284,2,73,75
6531,23,8,31
22197,8,13,21
1444,10,0,10
1357,27,2,29
22110,14,60,74
16519,14,12,26
17221,10,21,31
20816,22,28,50
63,47,0,47
23174,21,65,86
2421,3,0,3
7306,26,30,56
19936,6,16,22
9663,61,61,122
19091,60,35,95
3830,21,24,45
3632,24,6,30
24385,4,20,24
24178,16,29,45
3425,16,3,19
17843,15,7,22
2582,22,24,46
23335,1,5,6
9927,2,12,14
20200,66,52,118
27488,1,24,25
6735,4,0,4
1855,162,10,172
22608,3,13,16
18060,123,47,170
17398,215,122,337
899,7,4,11
21652,9,64,73
26634,26,95,121
5881,4,0,4
24722,1,8,9
3969,1,1,2
6592,5,11,16
27345,0,3,3
27317,2,41,43
6564,8,5,13
4066,1,2,3
24819,22,51,73
1323,19,2,21
22076,3,8,11
16135,126,40,166
26408,8,27,35
5655,2,0,2
973,31,6,37
21726,196,87,283
75,11,0,11
20828,24,33,57
18931,11,18,29
1590,19,3,22
11863,37,9,46
78,75,1,76
20831,2,41,43
20426,28,41,69
5248,22,4,26
26001,1,26,27
161,39,0,39
126,15,1,16
20879,5,20,25
20672,54,44,98
24426,30,64,94
3673,13,5,18
3880,19,9,28
24633,2,8,10
27450,0,22,22
6697,15,4,19
27648,0,37,37
6895,17,6,23
7102,36,19,55
24435,44,146,190
3682,0,1,1
16226,14,39,53
21511,4,17,21
758,52,2,54
965,36,2,38
21718,15,16,31
5,22,0,22
22185,64,91,155
1432,69,9,78
2704,41,8,49
23457,45,38,83
7791,1,7,8
21560,28,112,140
807,28,0,28
3371,20,1,21
23917,17,75,92
3164,6,0,6
103,23,0,23
9531,9,18,27
18288,20,27,47
8015,26,18,44
26871,1,46,47
6118,19,21,40
5632,18,19,37
26178,1,47,48
5425,5,2,7
26376,1,9,10
5623,6,5,11
5830,4,4,8
26583,3,58,61
7322,9,12,21
17397,28,26,54
7124,23,41,64
27670,0,24,24
6917,61,14,75
4965,42,4,46
11461,130,21,151
1287,62,8,70
1089,42,4,46
21842,5,5,10
21635,5,3,8
882,7,1,8
16449,40,49,89
6176,16,29,45
2579,13,5,18
23332,1,8,9
19078,3,12,15
2698,13,7,20
18058,8,17,25
7785,11,15,26
480,25,2,27
381,40,0,40
10654,9,6,15
1666,20,3,23
6555,10,4,14
16900,13,21,34
27173,1,19,20
6420,23,13,36
12011,1,2,3
1738,27,11,38
22491,8,44,52
26933,6,122,128
6180,216,6,222
4311,25,12,37
25064,27,46,73
17786,51,83,134
2525,24,7,31
23278,7,29,36
867,21,5,26
5756,42,20,62
26509,2,27,29
26302,15,30,45
5549,2,0,2
26794,7,93,100
6041,20,11,31
23906,1,5,6
3153,22,1,23
3558,39,18,57
23699,5,20,25
2946,7,0,7
14,11,0,11
20767,0,7,7
12502,27,7,34
2229,27,16,43
22982,4,20,24
2948,67,38,105
23701,2,17,19
7936,149,56,205
18209,75,51,126
2849,41,21,62
13122,6,17,23
27346,1,20,21
6593,22,1,23
22259,5,52,57
1506,12,0,12
6293,18,48,66
27046,1,5,6
6491,33,10,43
27244,2,43,45
24843,7,39,46
4090,8,4,12
14570,41,48,89
4297,29,40,69
27586,0,12,12
6833,17,1,18
17596,164,179,343
8168,4,6,10
26698,13,106,119
5945,19,11,30
25853,1,28,29
5100,9,3,12
15580,15,63,78
1773,68,16,84
22526,9,27,36
27700,0,18,18
6947,5,0,5
10082,5,6,11
2080,7,2,9
22833,8,16,24
27515,0,32,32
6762,38,10,48
26966,7,115,122
6213,11,0,11
1531,26,15,41
22284,8,9,17
25120,7,21,28
4367,11,4,15
14847,5,10,15
25021,12,48,60
4268,28,4,32
27376,1,59,60
6623,11,3,14
6830,6,15,21
27583,1,3,4
16905,8,14,22
27178,1,38,39
6425,8,6,14
9465,36,31,67
4378,43,13,56
25131,0,19,19
2394,58,11,69
23147,17,46,63
2196,68,15,83
22949,0,3,3
16698,160,58,218
21983,6,20,26
1230,27,0,27
1437,60,28,88
22190,3,27,30
20188,10,21,31
2815,5,4,9
23361,161,140,301
2608,64,5,69
9257,16,14,30
7164,26,27,53
17437,25,24,49
1978,18,2,20
26439,0,30,30
5686,2,0,2
16166,31,54,85
5794,5,13,18
26547,25,88,113
707,6,0,6
21460,1,11,12
21253,9,40,49
500,132,2,134
16172,54,38,92
6825,18,21,39
1936,54,22,76
9979,4,17,21
9344,20,15,35
25185,7,18,25
4432,3,2,5
4639,13,4,17
25392,1,6,7
8522,27,6,33
3237,18,7,25
23990,0,2,2
1451,68,4,72
22204,10,47,57
27084,2,47,49
6331,3,1,4
6538,122,14,136
27291,0,5,5
9160,4,2,6
2736,19,7,26
23489,1,21,22
25088,4,11,15
4335,36,9,45
4542,21,13,34
25295,1,3,4
27144,1,28,29
6391,19,1,20
451,108,1,109
21204,3,12,15
20997,42,33,75
244,9,0,9
10724,16,11,27
1141,0,1,1
21894,0,6,6
11414,10,2,12
1042,72,8,80
21588,66,35,101
835,46,10,56
584,21,0,21
21337,39,38,77
21130,2,15,17
377,83,7,90
683,23,1,24
10956,19,8,27
6029,29,16,45
26782,0,9,9
1593,60,16,76
22346,9,26,35
11668,112,14,126
1395,17,4,21
21941,12,13,25
1188,12,3,15
6581,23,15,38
27334,0,25,25
27127,3,37,40
6374,32,32,64
16854,2,5,7
1445,20,1,21
22198,13,27,40
21991,5,26,31
1238,6,0,6
181,31,1,32
20934,6,8,14
25616,10,98,108
4863,10,0,10
20529,37,71,108
3403,15,5,20
24156,0,21,21
919,58,5,63
820,3,0,3
11093,12,1,13
3234,2,1,3
23987,27,49,76
15586,14,15,29
5313,5,5,10
26066,3,9,12
25859,1,15,16
5106,0,1,1
9360,5,4,9
16088,49,11,60
4303,38,15,53
25056,9,26,35
19663,70,34,104
9390,6,14,20
3185,29,2,31
7037,1,1,2
7235,9,19,28
11133,24,13,37
860,5,2,7
21613,18,38,56
27243,2,27,29
6490,7,2,9
1610,20,2,22
22363,0,12,12
6499,15,20,35
27045,1,53,54
6292,15,13,28
21684,37,37,74
931,9,0,9
11411,3,1,4
26844,8,55,63
6091,34,23,57
622,29,1,30
21375,48,55,103
1289,27,2,29
22042,6,20,26
21835,15,44,59
1082,16,0,16
22033,34,95,129
1280,3,1,4
26549,14,53,67
5796,13,5,18
6201,4,6,10
26954,0,32,32
23778,86,170,256
3025,3,0,3
2009,10,2,12
1910,19,2,21
12183,15,13,28
2874,12,16,28
23627,2,23,25
27646,0,7,7
6893,1,0,1
17571,47,71,118
7298,14,27,41
22757,5,16,21
2004,41,2,43
2211,24,4,28
23094,1,19,20
2341,0,2,2
7734,14,5,19
18007,4,22,26
6156,9,6,15
26909,0,40,40
16429,70,23,93
775,58,3,61
21528,21,17,38
5997,41,17,58
910,31,5,36
27563,1,40,41
6810,19,1,20
27662,0,26,26
6909,9,2,11
17389,472,206,678
2029,32,10,42
22782,10,14,24
12302,4,14,18
2695,7,2,9
23448,7,31,38
10611,6,4,10
338,83,15,98
21091,12,29,41
26265,3,16,19
5512,3,0,3
11031,16,5,21
1840,26,19,45
22593,1,24,25
17223,13,5,18
21937,113,141,254
1184,3,0,3
20238,36,25,61
10549,4,1,5
276,80,4,84
21029,2,6,8
16820,2,6,8
6547,13,15,28
27300,0,13,13
9415,14,4,18
19688,152,180,332
24973,3,24,27
4220,27,24,51
14700,11,14,25
4427,5,6,11
25180,10,41,51
26883,0,26,26
6130,3,2,5
15793,272,69,341
129,28,0,28
20882,3,15,18
24139,10,30,40
3386,7,1,8
3593,66,24,90
7710,19,6,25
266,23,4,27
25899,6,37,43
5146,2,1,3
5353,15,10,25
4668,25,3,28
25421,5,5,10
25214,8,46,54
4461,48,7,55
869,39,23,62
16130,0,2,2
17229,49,25,74
3087,2,6,8
23840,0,3,3
23316,34,38,72
2563,1,0,1
2968,26,4,30
23721,14,14,28
17578,361,96,457
2119,11,3,14
22872,3,8,11
27,74,0,74
20780,2,15,17
1676,66,24,90
8788,5,14,19
18962,60,36,96
8593,26,1,27
18866,45,60,105
3605,23,9,32
24358,2,16,18
10283,6,43,49
20556,20,60,80
10,17,0,17
5152,21,14,35
25905,4,22,26
9493,11,5,16
621,265,11,276
21374,14,37,51
723,79,6,85
21476,123,124,247
6675,17,74,91
27428,1,27,28
6477,29,6,35
27023,4,74,78
6270,20,27,47
6366,15,20,35
27119,3,39,42
4483,32,2,34
25029,7,20,27
4276,34,7,41
1598,32,6,38
22351,9,14,23
4622,7,6,13
5552,5,6,11
26305,2,53,55
171,26,1,27
20924,1,14,15
4885,7,5,12
25638,3,23,26
16,27,0,27
2759,46,28,74
23512,1,2,3
23305,9,21,30
2552,15,0,15
18218,20,11,31
14159,971,337,1308
8973,18,12,30
19246,56,70,126
15179,8,4,12
25452,11,40,51
4699,9,13,22
1790,4,1,5
22543,11,20,31
22336,34,64,98
1583,2,1,3
19979,83,55,138
15068,12,11,23
25341,2,22,24
4588,14,2,16
3730,9,12,21
24483,3,10,13
16543,2,2,4
8783,17,30,47
19056,29,35,64
25460,4,46,50
4707,2,3,5
4914,8,4,12
25667,0,4,4
20746,15,18,33
200,34,3,37
20953,6,25,31
20891,5,16,21
138,1,0,1
345,34,6,40
21098,10,52,62
6554,15,11,26
27307,0,4,4
27100,1,34,35
6347,7,2,9
18089,38,37,75
10627,10,3,13
354,36,8,44
21107,8,9,17
7563,8,14,22
17836,119,55,174
2377,45,4,49
22923,249,283,532
2170,7,0,7
7662,14,7,21
7648,10,11,21
17921,182,80,262
7747,19,15,34
10882,5,1,6
27225,3,33,36
6472,12,11,23
6778,26,6,32
17051,6,18,24
17814,131,31,162
7541,6,14,20
22802,6,24,30
2049,8,0,8
2827,8,4,12
2425,3,5,8
23178,2,5,7
10341,56,17,73
68,113,2,115
20821,0,2,2
25503,14,45,59
4750,25,16,41
7073,10,6,16
6875,20,12,32
27421,0,58,58
6668,93,46,139
10275,7,16,23
2,79,0,79
7745,15,4,19
18018,19,6,25
7844,34,24,58
6344,22,10,32
27097,1,17,18
26890,4,27,31
6137,51,21,72
16139,41,54,95
26412,7,69,76
5659,0,1,1
11250,51,31,82
977,6,1,7
21730,50,39,89
27416,4,46,50
6663,1,0,1
24884,1,41,42
4131,4,2,6
7081,0,1,1
27627,1,59,60
6874,3,1,4
2093,34,2,36
22846,52,31,83
12366,16,4,20
26897,21,237,258
6144,1,0,1
3773,24,14,38
24526,0,8,8
26903,3,35,38
6150,0,6,6
2163,29,5,34
22709,735,918,1653
1956,51,4,55
27170,1,36,37
6417,5,5,10
6624,27,10,37
27377,0,4,4
23968,2,15,17
3215,4,3,7
13695,71,8,79
2438,16,6,22
22984,53,124,177
2231,31,11,42
15913,44,29,73
4717,18,20,38
25263,19,40,59
4510,14,4,18
16680,32,28,60
22549,1,12,13
1796,4,0,4
2003,8,1,9
22756,6,59,65
16145,170,36,206
11058,27,10,37
340,39,9,48
21093,16,37,53
5427,15,13,28
582,22,0,22
21335,8,17,25
6127,7,8,15
26673,21,60,81
5920,4,7,11
6002,30,8,38
16922,142,55,197
6748,64,21,85
27501,0,19,19
27096,0,21,21
6343,16,31,47
17842,15,18,33
7569,7,4,11
17550,414,131,545
2289,28,3,31
20363,299,147,446
20561,18,37,55
15,1,0,1
25450,3,9,12
4697,3,1,4
4087,29,9,38
24840,28,67,95
16717,3,18,21
19513,26,42,68
9240,26,26,52
6021,36,16,52
26567,0,38,38
5814,0,1,1
11279,12,2,14
21552,24,31,55
799,6,1,7
1006,166,9,175
1752,50,29,79
22505,0,6,6
1554,76,7,83
11827,44,50,94
22100,7,17,24
1347,22,4,26
8823,6,8,14
533,16,0,16
21286,0,7,7
632,14,1,15
10905,17,1,18
22911,30,34,64
2158,2,0,2
2365,15,4,19
23118,5,21,26
10281,10,24,34
8,8,0,8
20761,24,25,49
24848,4,42,46
4095,8,1,9
4302,32,14,46
6453,13,6,19
27206,0,13,13
16726,794,371,1165
11473,35,21,56
26833,18,126,144
6080,6,0,6
6287,10,19,29
27040,5,423,428
21548,4,8,12
795,60,10,70
25564,0,36,36
4811,12,5,17
5018,8,8,16
25771,3,18,21
23207,34,47,81
2454,10,0,10
1281,32,8,40
26167,68,969,1037
5414,19,5,24
5560,28,35,63
26313,5,41,46
275,43,0,43
15734,6,12,18
22365,20,69,89
1612,2,1,3
1819,44,21,65
27079,3,55,58
6326,1,0,1
20281,29,50,79
5020,33,6,39
25773,2,14,16
27372,0,78,78
6619,11,49,60
17099,74,37,111
6826,35,29,64
27579,0,27,27
11540,19,4,23
3561,7,3,10
24314,2,14,16
3363,17,3,20
23909,1,13,14
3156,19,9,28
9409,34,22,56
19682,32,30,62
4421,42,69,111
1012,47,6,53
24582,9,43,52
3829,32,4,36
19594,9,12,21
9321,4,8,12
17208,242,105,347
7034,4,11,15
10137,19,20,39
10568,19,5,24
20841,28,67,95
88,32,0,32
879,51,8,59
7733,16,13,29
5642,11,13,24
26395,1,16,17
23831,7,32,39
3078,4,2,6
3285,36,37,73
9110,14,9,23
3551,16,4,20
13824,20,44,64
3650,34,7,41
24403,5,23,28
24902,0,5,5
4149,33,29,62
4356,8,4,12
25109,1,5,6
9443,7,7,14
4229,29,11,40
24982,1,14,15
380,43,6,49
1960,17,5,22
22713,2,22,24
22506,1,15,16
1753,6,1,7
16947,0,3,3
27220,0,15,15
6467,0,2,2
27288,5,94,99
6535,17,21,38
18005,16,27,43
9825,12,50,62
20098,45,54,99
17482,6,18,24
27755,0,72,72
7002,0,7,7
2320,13,4,17
2967,112,24,136
23720,0,1,1
13240,325,136,461
8690,22,31,53
18963,48,47,95
26312,7,45,52
5559,2,0,2
877,12,1,13
21630,6,35,41
7456,132,30,162
4254,26,7,33
25007,8,42,50
14527,14,16,30
25629,3,19,22
4876,13,0,13
10269,19,24,43
20542,37,43,80
4638,11,13,24
257,20,1,21
25692,6,29,35
4939,1,1,2
19113,94,92,186
7223,7,3,10
17496,29,25,54
27769,1,27,28
7016,47,7,54
7421,1,2,3
17289,24,28,52
44,3,0,3
20797,20,29,49
878,26,3,29
17180,10,9,19
27453,3,42,45
6700,10,2,12
6907,31,14,45
27660,0,61,61
2193,17,3,20
22946,16,12,28
7280,61,61,122
2258,52,48,100
23011,3,12,15
20586,7,24,31
40,2,0,2
13276,23,8,31
6171,8,2,10
26924,1,59,60
26717,0,12,12
5964,3,1,4
25647,9,31,40
4894,12,5,17
10485,39,3,42
21512,51,36,87
759,17,8,25
26599,7,22,29
5846,108,1,109
19155,773,445,1218
22389,11,19,30
1636,6,0,6
1843,44,22,66
15600,79,69,148
27464,2,30,32
6711,17,1,18
6918,16,9,25
27671,0,8,8
6720,7,10,17
27473,2,31,33
27266,0,48,48
6513,2,0,2
17577,185,34,219
7304,15,7,22
12292,0,1,1
22565,20,26,46
1812,6,0,6
27118,1,6,7
6365,5,18,23
6572,9,16,25
27325,0,31,31
16845,31,32,63
1584,51,13,64
22337,40,140,180
26785,0,23,23
6032,11,3,14
858,82,6,88
21611,20,16,36
21876,1,14,15
1123,35,6,41
1330,21,7,28
22083,0,6,6
1822,25,3,28
22575,1,9,10
22170,17,26,43
1417,6,0,6
7556,36,29,65
17829,208,290,498
11592,8,10,18
27051,3,52,55
6298,7,2,9
6505,7,4,11
27258,2,2,4
1418,49,8,57
25067,9,64,73
4314,20,3,23
4521,6,7,13
25274,1,8,9
16963,245,105,350
3287,17,3,20
13659,48,17,65
263,44,4,48
65,45,0,45
20611,29,33,62
25441,10,79,89
4688,39,13,52
20354,17,33,50
14051,6,11,17
3778,21,13,34
24531,19,58,77
17920,169,104,273
25562,1,10,11
4809,7,9,16
5016,95,7,102
25769,0,3,3
2068,41,17,58
22821,49,38,87
25146,10,26,36
4393,3,0,3
9885,7,15,22
26884,6,75,81
6131,7,5,12
8031,27,18,45
26898,0,7,7
6145,9,0,9
16625,51,47,98
793,14,0,14
16153,31,42,73
7098,12,5,17
2011,42,1,43
22557,13,20,33
1804,22,11,33
27075,1,34,35
6322,17,17,34
10482,0,1,1
209,12,3,15
20962,0,1,1
5098,27,14,41
25851,0,24,24
25644,18,90,108
4891,10,1,11
704,7,1,8
26631,0,8,8
5878,14,12,26
6283,12,18,30
27036,0,20,20
4135,17,26,43
15920,115,73,188
20565,61,95,156
19,15,0,15
20772,1,7,8
16804,4,3,7
8296,26,17,43
4550,8,11,19
25303,3,14,17
25096,0,17,17
4343,18,16,34
22072,10,23,33
1319,1,0,1
6815,46,24,70
27568,1,55,56
2063,30,10,40
22816,60,48,108
17423,4,12,16
7150,15,10,25
3575,25,17,42
13848,21,10,31
13947,56,27,83
3674,5,5,10
24427,2,22,24
8662,8,8,16
18935,1,21,22
4227,16,28,44
9314,8,3,11
26285,1,9,10
5532,21,4,25
16012,177,53,230
3553,13,3,16
24766,9,73,82
4013,2,0,2
5082,23,23,46
25835,1,6,7
368,67,2,69
21121,31,30,61
10443,16,3,19
170,19,1,20
20716,93,32,125
22002,11,14,25
1249,40,4,44
3146,31,5,36
23899,2,16,18
18407,9,16,25
2400,13,10,23
23153,0,8,8
7388,17,19,36
17661,35,15,50
7896,6,4,10
250,68,7,75
25883,7,25,32
5130,4,1,5
5337,20,9,29
26090,3,22,25
16593,4,18,22
26866,8,46,54
6113,5,4,9
1431,48,7,55
21871,2,12,14
1118,19,0,19
15236,118,35,153
8360,151,51,202
657,5,1,6
21410,7,23,30
10930,29,10,39
3176,24,18,42
23929,3,34,37
13449,22,18,40
3275,14,2,16
1664,149,4,153
22417,1,6,7
1466,28,8,36
22219,7,17,24
22012,12,22,34
1259,32,1,33
27099,0,5,5
6346,2,2,4
24230,11,24,35
3477,6,3,9
5120,11,5,16
25873,0,23,23
26805,0,5,5
6052,14,4,18
16532,168,77,245
1172,23,1,24
21925,14,13,27
11445,2,5,7
26706,0,11,11
5953,32,5,37
21817,2,15,17
1064,5,0,5
1271,2,1,3
22024,4,72,76
1300,117,13,130
22053,17,25,42
8371,81,103,184
10328,5,1,6
55,35,0,35
20808,5,3,8
22,4,0,4
20775,3,11,14
10848,7,1,8
575,15,1,16
773,65,16,81
21526,97,89,186
674,9,0,9
10947,18,4,22
10125,6,28,34
15212,13,13,26
216,11,0,11
20652,11,42,53
106,148,0,148
5193,41,17,58
2989,19,13,32
23742,1,4,5
31,8,0,8
20784,2,2,4
20623,6,3,9
25512,5,52,57
4759,29,16,45
25710,2,41,43
4957,16,2,18
5164,18,3,21
25917,5,27,32
27277,0,6,6
6524,11,11,22
1446,77,9,86
21992,56,23,79
1239,6,0,6
20729,10,5,15
183,100,3,103
20936,2,10,12
5072,5,2,7
25825,3,19,22
25618,4,27,31
4865,0,1,1
4746,18,22,40
25499,14,34,48
18888,27,20,47
32,42,0,42
20785,68,62,130
25467,6,23,29
4714,102,10,112
4175,21,6,27
24928,2,8,10
15960,292,56,348
26134,11,69,80
5381,18,0,18
18317,90,34,124
14248,47,26,73
3975,19,17,36
24728,10,41,51
25611,37,231,268
4858,12,3,15
25809,2,42,44
5056,15,12,27
5263,21,9,30
26016,1,16,17
10538,0,23,23
265,25,2,27
15625,8,11,19
5154,7,6,13
25907,0,13,13
25700,1,13,14
4947,10,3,13
22837,37,43,80
2084,11,1,12
2489,5,38,43
23242,16,35,51
26932,0,13,13
6179,10,4,14
11374,2,1,3
1101,52,4,56
21854,18,33,51
27599,5,108,113
6846,28,38,66
12338,46,23,69
26159,21,77,98
5406,41,11,52
15886,28,16,44
19865,7,12,19
9592,5,3,8
5811,29,13,42
26564,0,135,135
26357,2,24,26
5604,30,6,36
16084,36,20,56
823,48,7,55
21576,1,13,14
24631,11,29,40
3878,14,3,17
8407,17,11,28
18680,93,45,138
8506,2,11,13
27552,2,38,40
6799,20,5,25
1792,53,11,64
22545,7,89,96
12065,0,2,2
3392,12,5,17
24145,22,36,58
8479,20,13,33
8460,43,40,83
18733,298,136,434
3472,20,6,26
23447,5,26,31
2694,19,2,21
16376,208,109,317
24554,8,18,26
3801,13,1,14
16638,3,11,14
26911,0,34,34
6158,7,1,8
9428,18,5,23
19701,67,115,182
7916,19,54,73
3391,15,11,26
23937,56,33,89
3184,28,5,33
2900,43,7,50
23653,21,28,49
13173,17,7,24
2999,4,13,17
23752,0,6,6
1388,15,6,21
2138,16,13,29
22891,2,3,5
1940,72,9,81
22486,0,8,8
1733,6,0,6
16280,137,42,179
821,15,0,15
27245,2,30,32
6492,10,1,11
3956,13,2,15
24709,1,10,11
10276,23,28,51
3,16,0,16
1248,40,6,46
22001,8,18,26
7474,21,4,25
17747,54,38,92
22834,6,34,40
2081,16,0,16
2486,20,3,23
19551,69,107,176
3052,34,24,58
26622,12,74,86
5869,6,8,14
6274,15,43,58
27027,4,40,44
2499,23,3,26
27759,0,15,15
7006,1,0,1
7213,67,27,94
7015,30,8,38
27768,0,17,17
27561,0,40,40
6808,24,0,24
2126,60,6,66
22879,30,39,69
3324,18,40,58
24077,8,21,29
967,41,15,56
868,16,1,17
11141,11,8,19
17466,70,64,134
7292,10,20,30
2007,36,1,37
22760,21,67,88
22553,4,30,34
1800,18,2,20
16548,5,5,10
26821,26,106,132
6068,7,2,9
3297,44,10,54
24050,9,13,22
1607,8,1,9
22360,0,14,14
22153,1049,1419,2468
1400,8,2,10
11213,34,11,45
940,42,2,44
21693,0,8,8
13292,18,7,25
23565,40,35,75
2812,46,22,68
3019,141,43,184
10364,92,12,104
91,3,0,3
20844,4,15,19
20637,3,6,9
19638,33,27,60
9365,10,18,28
25864,0,13,13
5111,2,2,4
429,97,2,99
8520,14,14,28
18793,22,16,38
23880,12,35,47
3127,4,4,8
27665,0,38,38
6912,33,44,77
20156,28,65,93
9883,14,15,29
23358,1,14,15
2605,1,2,3
9865,9,8,17
20138,81,40,121
15817,3,19,22
5544,2,13,15
26297,1,18,19
3076,27,12,39
18337,3,13,16
17218,11,6,17
6190,18,19,37
26943,0,10,10
26538,6,41,47
5785,10,4,14
17975,42,101,143
20196,33,57,90
19397,57,73,130
9223,4,7,11
2898,37,27,64
23651,18,61,79
7985,14,3,17
23480,58,54,112
2727,18,0,18
2934,43,29,72
23687,2,15,17
20160,5,9,14
20259,31,63,94
9986,4,2,6
3786,21,11,32
24539,1,8,9
5921,19,4,23
16095,3,11,14
5723,60,21,81
26476,0,7,7
15996,4,5,9
2094,27,3,30
22847,26,47,73
25357,28,38,66
4604,34,11,45
23617,6,13,19
2864,8,1,9
47,6,0,6
4936,10,1,11
25689,41,231,272
25482,0,15,15
4729,23,2,25
11832,10,8,18
16919,54,42,96
7396,9,10,19
601,7,1,8
14076,67,26,93
3902,24,2,26
19486,97,107,204
4225,11,4,15
24978,11,54,65
2479,28,5,33
23232,13,47,60
23025,49,199,248
2272,26,3,29
18037,87,45,132
7764,23,8,31
18340,68,56,124
13253,69,20,89
24128,9,20,29
3375,2,0,2
9711,2,16,18
27685,0,59,59
6932,15,0,15
22796,150,112,262
2043,16,17,33
2250,23,7,30
2979,19,10,29
23732,63,77,140
23525,7,29,36
2772,1,0,1
3177,16,6,22
5672,15,5,20
26425,1,21,22
254,53,0,53
21007,7,40,47
22668,94,284,378
1915,3,1,4
27656,1,16,17
6903,54,6,60
17383,29,25,54
3912,18,13,31
24665,1,15,16
14185,15,28,43
43,19,0,19
14902,0,3,3
25175,33,121,154
4422,26,13,39
20609,41,45,86
1007,87,7,94
8770,12,29,41
25893,16,214,230
5140,6,0,6
8855,8,29,37
19128,1,4,5
658,46,5,51
5547,4,11,15
26300,15,74,89
26093,2,20,22
5340,25,4,29
15919,29,39,68
1767,32,9,41
22115,68,31,99
1362,1,0,1
6520,6,4,10
27273,0,20,20
27066,6,43,49
6313,1,0,1
1631,60,21,81
7365,8,4,12
17638,218,69,287
1133,22,2,24
21886,52,36,88
11406,10,9,19
367,169,3,172
21120,25,19,44
13518,20,22,42
11721,26,10,36
3541,0,2,2
24294,17,44,61
339,23,1,24
21092,13,18,31
10612,31,3,34
438,6,1,7
21191,3,3,6
9049,35,15,50
24310,4,65,69
3557,15,10,25
8204,24,43,67
18477,19,7,26
23762,3,12,15
3009,6,3,9
3216,6,10,16
23969,16,35,51
6587,59,15,74
1791,26,13,39
22544,1,5,6
12064,114,76,190
3947,17,15,32
24700,0,3,3
27198,10,210,220
6445,25,23,48
1413,3,1,4
22166,8,10,18
21761,41,390,431
1008,1,0,1
26848,9,43,52
6095,9,0,9
6951,14,18,32
27704,0,34,34
27497,7,148,155
6744,10,0,10
12236,38,3,41
2062,68,7,75
17323,27,21,48
18877,11,20,31
20567,9,8,17
21,17,0,17
20774,21,35,56
1658,12,1,13
22411,0,2,2
23696,6,14,20
2943,8,2,10
22743,796,1001,1797
1990,6,0,6
17755,125,53,178
7482,15,19,34
7066,18,11,29
27612,0,89,89
6859,64,10,74
2177,22,1,23
22930,7,19,26
26503,2,32,34
5750,14,7,21
2514,30,46,76
25139,3,13,16
4386,4,0,4
4593,6,1,7
25346,0,2,2
539,72,18,90
26172,0,22,22
5419,0,3,3
15899,5,14,19
5626,11,3,14
341,14,0,14
21094,11,25,36
20887,6,14,20
134,54,0,54
3585,34,7,41
1621,13,3,16
22374,15,34,49
11894,42,32,74
19547,10,25,35
9274,48,54,102
3989,39,6,45
24742,15,73,88
24535,12,22,34
3782,2,0,2
23691,9,32,41
2938,23,15,38
18703,3,22,25
8430,1,5,6
3244,9,10,19
13517,24,39,63
22619,11,19,30
1866,2,0,2
2073,15,19,34
22826,11,14,25
27508,0,11,11
6755,6,3,9
7160,51,34,85
11440,51,18,69
26701,12,83,95
5948,2,0,2
25955,23,51,74
5202,3,2,5
7172,11,23,34
27718,0,28,28
6965,6,17,23
4,2,0,2
11816,13,4,17
1543,52,11,63
22296,12,21,33
7769,17,7,24
18042,6,2,8
18141,21,28,49
7868,37,34,71
17197,8,13,21
7,4,0,4
20760,5,23,28
15268,22,24,46
24379,8,24,32
3626,8,8,16
34,3,1,4
5121,6,3,9
25874,8,39,47
24296,6,34,40
3543,15,11,26
3948,34,38,72
24701,11,20,31
19209,18,12,30
7797,24,6,30
12951,29,24,53
26338,0,3,3
5585,0,1,1
22116,190,616,806
1363,4,0,4
7115,11,7,18
27661,0,28,28
6908,5,4,9
3023,6,12,18
23776,7,13,20
8110,31,10,41
666,18,1,19
12,47,0,47
24691,24,58,82
3938,35,19,54
18,28,0,28
20771,12,18,30
20564,1,4,5
10291,33,50,83
4190,25,15,40
24943,2,35,37
17779,112,65,177
24183,8,35,43
3430,35,10,45
3637,85,16,101
310,25,2,27
20658,49,47,96
13002,13,43,56
23275,3,10,13
2522,21,8,29
2927,50,12,62
20968,71,128,199
215,30,0,30
25335,8,60,68
4582,2,0,2
3294,11,28,39
24047,3,14,17
21483,7,26,33
730,13,0,13
26041,4,11,15
5288,27,16,43
2168,17,6,23
22921,2,6,8
26598,5,135,140
5845,0,3,3
6378,22,11,33
27131,0,17,17
11663,8,3,11
10170,20,8,28
7236,12,13,25
7736,8,2,10
2649,21,22,43
23402,51,77,128
2451,9,3,12
22997,2,8,10
2244,22,2,24
7169,32,21,53
27715,0,40,40
6962,5,5,10
2280,39,1,40
23033,3,15,18
17195,20,40,60
27468,2,24,26
6715,1,0,1
12481,6,6,12
2208,37,7,44
22961,47,53,100
7295,3,10,13
9140,11,8,19
19413,52,40,92
557,6,1,7
21310,1,8,9
23460,15,39,54
2707,3,2,5
2914,113,7,120
10373,4,3,7
100,26,2,28
20853,59,35,94
10175,2,5,7
20448,63,27,90
1209,26,8,34
21962,1,32,33
1419,46,2,48
21965,6,38,44
1212,31,0,31
11692,3,3,6
2264,124,37,161
23017,11,32,43
7153,51,51,102
27699,0,29,29
6946,8,8,16
7809,35,25,60
6004,18,10,28
26757,3,9,12
16277,6,19,25
382,47,2,49
21135,0,11,11
26015,8,41,49
5262,21,1,22
5469,19,25,44
26222,0,4,4
3438,10,3,13
23984,4,4,8
3231,20,4,24
7185,52,29,81
27731,0,28,28
6978,10,15,25
22350,15,26,41
1597,29,0,29
10994,55,15,70
721,45,2,47
16247,102,55,157
26421,7,21,28
5668,10,9,19
2331,6,2,8
23084,13,24,37
27766,0,17,17
7013,3,2,5
9260,17,6,23
27554,6,352,358
6801,15,8,23
7206,33,22,55
1769,40,8,48
22522,4,23,27
27029,0,43,43
6276,15,2,17
6483,11,9,20
1050,30,1,31
5939,41,13,54
26692,4,59,63
26683,7,43,50
5930,12,23,35
13594,18,17,35
3321,20,5,25
18681,5,5,10
8408,25,5,30
27129,1,22,23
6376,11,5,16
12614,123,90,213
2440,32,21,53
23193,7,18,25
1066,50,7,57
21819,20,40,60
11899,11,7,18
1626,61,17,78
3152,44,11,55
23905,1,11,12
23945,30,53,83
3192,17,13,30
8684,16,25,41
24143,0,4,4
3390,3,0,3
3597,20,11,31
9082,60,18,78
1166,27,2,29
11439,203,141,344
3388,40,18,58
1998,9,2,11
22751,10,14,24
10406,12,2,14
133,39,0,39
20886,17,76,93
22928,56,50,106
2175,15,4,19
25,56,0,56
20778,9,12,21
20571,15,11,26
25856,0,4,4
5103,3,1,4
5310,40,14,54
26063,2,14,16
13500,15,23,38
8841,3,5,8
8468,14,11,25
18642,15,16,31
3381,18,19,37
24134,31,34,65
1959,100,19,119
27440,2,61,63
6687,4,10,14
6894,12,33,45
27647,0,136,136
17167,8,13,21
27341,3,36,39
6588,34,4,38
22452,7,15,22
1699,8,6,14
1906,4,7,11
22659,8,31,39
60,31,1,32
20813,23,18,41
18916,61,77,138
19753,8,35,43
11396,109,15,124
13753,36,4,40
26112,0,6,6
5359,12,2,14
23755,11,40,51
3002,89,24,113
3407,18,1,19
24160,0,1,1
3239,28,9,37
23992,2,14,16
23785,21,110,131
3032,11,0,11
25774,10,45,55
5021,7,6,13
5228,196,120,316
141,13,0,13
5810,16,3,19
26563,0,2,2
26356,8,31,39
5603,2,1,3
26554,2,7,9
5801,1,0,1
6008,14,11,25
26455,3,42,45
5702,8,1,9
16182,12,11,23
6146,9,2,11
26899,0,6,6
15368,23,26,49
1718,19,6,25
22471,7,26,33
6706,6,13,19
16979,5,17,22
19848,36,50,86
30,4,0,4
20783,43,15,58
25465,8,8,16
4712,11,2,13
20572,57,25,82
26,6,0,6
20779,6,13,19
14921,10,27,37
7572,10,13,23
9084,24,20,44
19357,18,19,37
208,14,1,15
20961,3,6,9
10481,65,7,72
10580,43,3,46
307,22,1,23
21060,1,4,5
4922,23,20,43
25675,2,11,13
15195,62,101,163
20282,1,2,3
365,84,1,85
25800,1,6,7
5047,28,7,35
25998,2,41,43
5245,13,5,18
5452,36,17,53
26205,1,22,23
3250,22,6,28
24003,22,44,66
23796,53,74,127
3043,10,0,10
12856,11,2,13
7019,13,17,30
20740,82,60,142
528,10,1,11
5417,27,24,51
15690,1,5,6
25963,2,20,22
5210,2,0,2
637,56,14,70
10712,12,2,14
439,29,0,29
21192,7,6,13
1746,32,5,37
2187,54,41,95
12460,98,24,122
675,81,13,94
3516,32,8,40
24062,61,195,256
3309,7,0,7
870,43,18,61
26317,10,54,64
5564,2,0,2
26389,7,31,38
5636,4,0,4
16064,59,19,78
26337,4,60,64
5584,3,0,3
12034,18,1,19
1761,85,17,102
22514,23,29,52
1914,79,25,104
22667,4,8,12
2941,23,2,25
23694,3,18,21
23487,30,32,62
2734,24,1,25
3139,16,10,26
23892,11,22,33
22820,12,25,37
2067,10,1,11
2274,29,10,39
23027,5,13,18
15786,32,8,40
26059,0,44,44
5306,16,8,24
9594,6,21,27
2523,25,4,29
5492,20,20,40
26245,0,11,11
2390,42,5,47
23143,45,86,131
22936,16,29,45
2183,17,0,17
7675,9,3,12
4687,30,40,70
25440,2,10,12
25035,16,89,105
4282,16,2,18
13851,10,8,18
26261,1,23,24
5508,34,32,66
5715,14,19,33
411,42,0,42
20957,20,65,85
204,73,0,73
10684,3,3,6
15870,85,18,103
5597,4,1,5
26350,7,71,78
17724,6,6,12
7451,10,19,29
12538,45,13,58
11818,31,18,49
1545,22,8,30
680,72,4,76
21433,4,9,13
26214,2,23,25
5461,22,0,22
352285,0,1,1
15941,7,5,12
2731,17,5,22
23277,74,87,161
2524,14,1,15
8333,29,32,61
4306,17,6,23
25059,14,72,86
19864,44,33,77
9591,0,2,2
18626,62,42,104
8353,19,17,36
15594,18,23,41
333,36,4,40
8523,51,42,93
18697,45,46,91
8586,29,36,65
6170,25,22,47
26923,0,1,1
1083,164,14,178
21836,10,39,49
17681,3,16,19
7408,5,9,14
2139,27,4,31
22685,23,56,79
1932,1,0,1
12511,77,17,94
11434,23,7,30
1161,104,20,124
21914,32,62,94
158,47,0,47
26994,9,165,174
6241,38,28,66
3705,14,11,25
5128,16,12,28
25881,0,19,19
25674,3,44,47
4921,7,0,7
41,78,0,78
20587,9,27,36
2596,67,18,85
2398,36,2,38
22944,1,18,19
2191,21,1,22
24719,18,37,55
3966,1,0,1
7731,8,16,24
3635,41,9,50
24388,51,167,218
24181,10,31,41
3428,17,6,23
10039,2,11,13
19519,0,16,16
9246,13,24,37
485,30,2,32
21238,28,51,79
21031,55,52,107
278,7,0,7
26118,8,38,46
5365,2,1,3
1069,35,12,47
27042,3,35,38
6289,6,1,7
15191,6,6,12
4465,23,8,31
25218,1,17,18
9453,7,12,19
19726,8,20,28
1192,56,9,65
21945,9,14,23
26825,7,130,137
6072,0,1,1
6279,15,14,29
27032,0,22,22
6573,18,6,24
27326,0,13,13
3549,56,17,73
24302,2,33,35
3351,13,3,16
24104,22,19,41
23897,29,21,50
3144,8,2,10
12574,100,44,144
2301,11,4,15
23054,10,56,66
19226,2,16,18
8953,3,9,12
14926,3,16,19
4653,93,27,120
25406,1,5,6
606,77,5,82
804,37,5,42
705,29,3,32
21458,6,13,19
10978,59,37,96
5891,257,5,262
26644,0,2,2
10062,2,3,5
25422,4,8,12
4669,12,3,15
15149,2,2,4
756,9,2,11
21509,12,31,43
11029,3,1,4
855,26,1,27
21608,1,51,52
16907,418,388,806
1646,43,2,45
7101,15,10,25
17473,46,21,67
7299,23,19,42
2212,48,9,57
22965,2,11,13
18219,175,74,249
18818,84,50,134
8827,10,9,19
26100,1,9,10
5347,42,16,58
467,19,1,20
840,36,23,59
21593,6,12,18
3423,9,23,32
24176,3,17,20
145,1,0,1
20898,0,7,7
9573,11,1,12
7771,22,18,40
18044,9,6,15
2783,9,1,10
7870,5,11,16
18761,38,40,78
24046,12,93,105
3293,19,1,20
3500,50,18,68
13202,22,4,26
23475,5,14,19
2722,14,1,15
8115,8,22,30
18388,1,11,12
19592,3,7,10
1797,29,3,32
25367,3,7,10
4614,3,0,3
9373,8,25,33
18498,40,32,72
8225,32,14,46
5926,23,11,34
26472,4,59,63
5719,10,1,11
1258,25,3,28
22011,3,15,18
5606,0,2,2
26152,7,32,39
5399,10,2,12
7859,2,11,13
18132,37,81,118
7958,10,14,24
1633,10,17,27
22386,1,5,6
9189,17,43,60
14177,48,25,73
22664,4,16,20
1911,7,0,7
2118,18,6,24
22871,1,34,35
19335,94,68,162
3660,4,7,11
24206,8,30,38
3453,8,2,10
23539,9,17,26
2786,3,3,6
2993,12,9,21
2795,41,41,82
23548,10,56,66
23341,5,9,14
2588,35,19,54
23754,6,26,32
3001,11,0,11
3208,17,23,40
23961,17,65,82
10262,1,21,22
20535,39,33,72
25820,2,5,7
5067,9,1,10
20634,1,4,5
10361,36,16,52
10460,11,2,13
15448,3,3,6
7060,7,30,37
27606,2,72,74
6853,0,1,1
7159,28,1,29
17432,4,19,23
27335,4,100,104
6582,11,11,22
3765,60,14,74
24518,1,17,18
14047,1,3,4
3774,37,18,55
25070,9,40,49
4317,46,1,47
4722,42,33,75
25475,3,20,23
3857,32,25,57
24610,13,18,31
5491,12,8,20
26244,5,202,207
26037,5,49,54
5284,18,15,33
24834,11,42,53
4081,27,7,34
4288,27,58,85
25041,1,6,7
4405,12,5,17
25158,2,11,13
79,99,0,99
15439,30,6,36
5166,19,35,54
25919,5,49,54
4793,11,10,21
5612,5,12,17
26365,3,48,51
20004,38,23,61
9731,11,28,39
623,18,12,30
10051,4,18,22
3542,5,2,7
21741,5,7,12
988,15,0,15
1195,47,12,59
21948,10,46,56
26630,13,97,110
5877,8,9,17
16456,125,54,179
285,42,3,45
1116,39,13,52
6104,4,14,18
26857,8,42,50
16377,9,5,14
774,81,4,85
21527,3,10,13
23714,18,80,98
2961,9,0,9
3168,40,18,58
18429,9,14,23
811,49,7,56
21564,2,7,9
8146,11,20,31
18419,72,63,135
1920,37,6,43
888,70,18,88
21641,0,3,3
2485,22,1,23
12758,30,8,38
12659,24,6,30
22932,39,49,88
2179,11,2,13
1023,26,14,40
21776,3,6,9
6615,116,40,156
27368,0,11,11
27161,1,10,11
6408,18,10,28
6714,13,15,28
27467,0,7,7
16987,1,2,3
21830,38,58,96
1077,40,1,41
1284,20,18,38
22037,6,57,63
15562,10,16,26
12086,21,9,30
871,7,0,7
21624,13,8,21
11144,110,49,159
772,8,1,9
21318,11,38,49
565,35,4,39
1716,14,5,19
12004,8,6,14
1731,25,15,40
27166,1,18,19
6413,2,6,8
1899,36,16,52
1952,10,8,18
22705,6,3,9
27585,0,44,44
6832,2,3,5
7039,6,7,13
23181,19,41,60
2428,42,13,55
23185,1,18,19
2432,3,0,3
2639,29,2,31
23392,47,25,72
9804,11,9,20
2733,16,11,27
23486,3,6,9
3550,11,21,32
24303,4,18,22
13823,61,48,109
13763,17,7,24
3490,47,31,78
24243,2,13,15
7379,51,45,96
25568,4,20,24
4815,20,5,25
5022,3,16,19
25775,3,16,19
4923,10,31,41
25676,1,8,9
25469,8,30,38
4716,8,2,10
15196,39,28,67
25370,7,28,35
4617,32,10,42
26873,4,90,94
6120,9,5,14
6525,6,5,11
1438,24,25,49
22191,2,6,8
5660,12,14,26
26413,0,13,13
26470,3,22,25
5717,5,0,5
5924,29,12,41
26677,1,29,30
7030,33,6,39
8421,20,25,45
6114,7,15,22
26867,2,15,17
26561,2,28,30
5808,7,1,8
6015,21,17,38
26768,2,14,16
16288,1,1,2
4659,19,19,38
25412,8,20,28
26697,1,17,18
5944,26,2,28
26772,0,17,17
6019,25,16,41
6226,8,8,16
26979,1,19,20
6028,26,15,41
26781,2,30,32
27575,2,118,120
6822,4,4,8
2315,40,15,55
23068,0,1,1
22861,46,35,81
2108,23,5,28
16873,36,11,47
6600,7,22,29
27353,2,218,220
26948,1,21,22
6195,5,1,6
21861,29,24,53
1108,12,0,12
6944,11,10,21
27697,0,4,4
16838,593,197,790
1478,55,12,67
11751,10,3,13
6466,19,24,43
27012,2,27,29
6259,3,2,5
17683,5,6,11
7410,12,23,35
16531,110,40,150
26804,10,65,75
6051,6,6,12
7948,6,27,33
2861,33,4,37
23614,1,13,14
7849,27,43,70
18122,3,15,18
24491,34,30,64
3738,14,7,21
19404,1,4,5
7992,10,25,35
989,202,12,214
124,61,1,62
20472,12,22,34
19414,3,1,4
9141,10,20,30
150,89,3,92
20903,1,9,10
9578,36,59,95
14764,12,7,19
4491,76,58,134
25244,1,22,23
16930,85,44,129
9859,7,9,16
6115,6,5,11
26661,14,31,45
5908,4,0,4
14754,29,11,40
4481,83,14,97
2402,67,18,85
23155,12,13,25
20591,53,36,89
45,13,0,13
20798,27,36,63
26293,4,51,55
5540,9,0,9
26960,7,75,82
6207,1,5,6
27116,7,88,95
6363,2,0,2
27157,3,97,100
6404,8,15,23
8390,35,55,90
23750,6,48,54
2997,5,0,5
13477,13,7,20
24889,1,17,18
4136,1,0,1
27246,1,10,11
6493,15,11,26
17127,21,18,39
27400,3,68,71
6647,58,12,70
13345,2,10,12
8687,9,31,40
27543,0,62,62
6790,0,1,1
22926,65,62,127
2173,23,0,23
27708,0,74,74
6955,16,2,18
2273,29,8,37
15659,1,3,4
10572,257,123,380
4193,24,13,37
24946,5,2,7
7217,15,8,23
27763,0,115,115
7010,10,2,12
10311,3,1,4
20584,62,56,118
38,3,0,3
4380,5,12,17
25133,5,13,18
20014,9,10,19
2392,22,4,26
23145,3,7,10
7479,13,8,21
20581,39,28,67
35,62,0,62
10110,25,9,34
20383,5,4,9
395,36,1,37
21148,0,8,8
197,174,1,175
20950,0,7,7
20743,34,49,83
3529,6,9,15
24282,0,15,15
925,26,1,27
21678,1,4,5
18252,117,53,170
1243,29,2,31
22404,7,6,13
1651,7,1,8
12131,30,4,34
1858,32,3,35
6747,7,10,17
27500,2,26,28
6819,12,17,29
27365,0,20,20
6612,2,1,3
12368,16,12,28
2095,90,9,99
9194,6,16,22
11551,40,30,70
22669,58,199,257
1916,2,0,2
2123,22,3,25
27558,0,31,31
6805,14,9,23
10332,1,3,4
59,19,0,19
20812,19,15,34
25494,13,38,51
4741,1,1,2
2416,3,2,5
23169,1,12,13
17677,27,33,60
18047,135,38,173
7774,8,19,27
13333,46,35,81
7496,24,33,57
644,70,6,76
21397,13,20,33
21190,3,10,13
437,22,1,23
26475,2,47,49
5722,38,9,47
3085,4,1,5
23838,6,10,16
6537,22,3,25
16810,34,25,59
20012,3,10,13
9739,11,20,31
25000,2,8,10
4247,4,1,5
11665,7,4,11
21938,10,11,21
1185,9,0,9
2278,24,2,26
22824,58,112,170
2071,4,1,5
3968,27,3,30
24721,3,34,37
9055,11,21,32
23794,7,46,53
3041,28,27,55
3446,32,17,49
27703,0,17,17
6950,3,7,10
2169,27,4,31
12442,26,16,42
4133,17,2,19
4658,23,37,60
25411,1,11,12
17231,1,9,10
25992,5,29,34
5239,27,8,35
5446,11,1,12
15430,5,1,6
169,36,0,36
25802,1,6,7
5049,10,0,10
5256,11,15,26
26009,2,37,39
16520,309,79,388
6247,17,11,28
7607,16,13,29
6067,22,9,31
16340,248,69,317
26514,1,21,22
5761,4,2,6
8004,24,6,30
1091,36,8,44
18468,4,3,7
8195,19,27,46
13282,21,6,27
9225,2,12,14
19549,26,24,50
9276,10,19,29
10493,30,3,33
220,43,2,45
9648,18,11,29
4561,29,5,34
25314,20,22,42
19946,15,41,56
9673,18,8,26
4388,14,4,18
25141,1,1,2
24934,37,161,198
4181,21,2,23
19957,62,25,87
9684,3,14,17
11610,9,7,16
1337,56,8,64
22090,4,7,11
21883,4,9,13
1130,30,2,32
16796,5,15,20
11808,10,5,15
1535,35,6,41
4756,21,6,27
25509,3,7,10
25302,32,75,107
4549,12,13,25
9837,25,17,42
36,27,0,27
25154,9,27,36
4401,0,1,1
4608,16,5,21
23935,11,26,37
3182,5,0,5
3389,16,8,24
24142,1,4,5
2104,10,2,12
2160,28,1,29
22913,6,4,10
7121,51,8,59
27667,0,71,71
6914,10,2,12
2891,33,2,35
23644,4,10,14
4525,7,7,14
25278,8,45,53
8129,20,18,38
8966,16,7,23
24227,5,12,17
3474,14,3,17
19542,3,9,12
14828,13,16,29
25200,5,13,18
4447,0,1,1
4654,8,4,12
25407,17,40,57
26614,29,169,198
5861,2,1,3
4655,13,7,20
25408,2,10,12
18110,9,45,54
7837,18,9,27
7738,7,15,22
18011,97,63,160
3123,16,3,19
8111,12,25,37
18384,41,26,67
14908,327,95,422
15932,160,59,219
26304,9,74,83
5551,27,14,41
5758,13,5,18
5729,17,20,37
26482,0,40,40
16002,140,54,194
26374,6,36,42
5621,3,2,5
17700,34,46,80
22787,6,14,20
2034,8,0,8
13275,21,11,32
6026,10,24,34
26779,0,2,2
26572,3,27,30
5819,26,8,34
17736,66,52,118
16423,8,12,20
26696,1,20,21
5943,23,10,33
571,51,5,56
27399,1,61,62
6646,8,1,9
17126,43,15,58
17225,277,117,394
27498,1,37,38
6745,2,2,4
6952,9,7,16
22213,4,1,5
1460,7,0,7
627,26,1,27
27478,1,40,41
6725,47,36,83
19247,4,8,12
8974,54,42,96
1903,43,14,57
3537,41,5,46
24083,27,39,66
3330,9,0,9
23173,13,57,70
2420,64,15,79
2627,54,14,68
23380,5,18,23
17888,23,17,40
5662,30,5,35
26415,2,63,65
15935,0,1,1
3610,24,18,42
24363,0,16,16
11230,2,9,11
11329,18,10,28
1056,24,4,28
21809,0,12,12
26864,10,76,86
6111,8,1,9
18410,59,106,165
16053,39,55,94
594,10,0,10
10919,38,8,46
646,37,1,38
15808,12,5,17
26081,0,30,30
5328,1,2,3
434,40,4,44
21187,0,10,10
24004,12,49,61
3251,9,1,10
8743,11,11,22
2832,54,25,79
23585,23,10,33
4075,19,28,47
24828,3,22,25
226,7,0,7
10312,11,2,13
39,7,0,7
20792,28,80,108
15300,31,27,58
746,67,3,70
21499,23,41,64
4595,4,2,6
25348,1,7,8
3483,23,2,25
1793,109,10,119
22339,6,12,18
1586,3,0,3
1112,21,1,22
247,69,0,69
21000,14,13,27
1514,55,2,57
26270,1,13,14
5517,16,4,20
66,0,1,1
25593,15,101,116
4840,12,0,12
4849,2,6,8
25602,25,70,95
25395,17,36,53
4642,1,0,1
24260,3,9,12
3507,9,1,10
14086,61,21,82
20513,17,42,59
2324,5,1,6
22870,39,44,83
2117,11,1,12
1028,49,2,51
21781,9,25,34
17776,149,50,199
7069,12,7,19
17342,5,18,23
27615,1,57,58
6862,5,0,5
22726,3,5,8
1973,42,11,53
1688,33,3,36
22441,2,1,3
27123,1,12,13
6370,1,0,1
13758,33,86,119
23186,4,8,12
2433,18,17,35
27408,0,36,36
6655,4,0,4
27507,0,38,38
6754,8,10,18
17234,9,24,33
22407,31,66,97
1654,22,0,22
5001,78,107,185
25754,4,25,29
7752,76,135,211
8437,14,42,56
8717,19,14,33
3630,61,26,87
24383,2,15,17
1076,21,1,22
11349,40,25,65
1175,34,1,35
21928,2,11,13
6064,6,6,12
26610,3,18,21
5857,13,4,17
11637,3,2,5
16252,30,15,45
26525,0,33,33
5772,8,13,21
1090,33,1,34
21843,25,33,58
6824,106,8,114
27577,0,15,15
17097,42,29,71
1836,36,4,40
598,47,7,54
21351,16,32,48
25013,12,25,37
4260,1,0,1
4467,21,28,49
25220,1,8,9
14740,1,7,8
42,14,0,14
20795,3,13,16
3066,100,8,108
23819,2,18,20
23612,43,67,110
2859,10,1,11
4690,8,5,13
25443,9,44,53
9777,5,29,34
16475,77,42,119
6301,56,38,94
27054,0,8,8
18832,27,25,52
18728,52,54,106
8455,11,8,19
9967,13,11,24
20240,116,81,197
17321,33,9,42
7048,2,4,6
27594,0,26,26
6841,5,5,10
20523,7,12,19
175,42,0,42
20928,0,8,8
7233,17,5,22
7035,41,36,77
2146,6,1,7
22899,8,32,40
23986,10,38,48
3233,7,5,12
4142,20,21,41
24895,6,40,46
9229,9,17,26
10301,14,2,16
20574,0,4,4
28,7,0,7
6340,15,3,18
27093,1,8,9
16613,5,7,12
26787,1,5,6
6034,22,17,39
114,53,1,54
20462,74,33,107
26664,1,17,18
5911,21,14,35
11714,19,6,25
1540,119,15,134
22293,0,42,42
1342,16,4,20
21888,11,26,37
1135,73,6,79
3862,23,4,27
24615,13,49,62
14135,19,5,24
3589,5,3,8
24342,10,37,47
2712,25,27,52
23465,0,35,35
26282,27,124,151
5529,12,5,17
23925,13,82,95
3172,10,2,12
7120,100,11,111
27666,0,62,62
6913,30,5,35
7189,35,13,48
25870,46,309,355
5117,17,2,19
17080,74,44,118
12191,62,55,117
1918,13,4,17
22671,0,7,7
2632,19,16,35
23385,1,3,4
23079,54,78,132
2326,1,1,2
12806,10,5,15
7620,7,12,19
17893,10,7,17
2800,11,21,32
23415,58,254,312
2662,6,1,7
2869,23,4,27
23622,1,4,5
23497,1,11,12
2744,2,0,2
2951,21,2,23
23704,3,10,13
2753,2,1,3
23299,14,33,47
2546,2,0,2
3033,17,24,41
23786,1,4,5
3057,9,5,14
23810,0,18,18
13369,20,16,36
3096,26,4,30
23849,1,18,19
23774,28,32,60
3021,3,0,3
3228,27,8,35
23981,3,19,22
3035,51,1,52
23788,27,29,56
23581,3,17,20
2828,18,4,22
23832,7,44,51
3079,29,17,46
8382,4,7,11
18655,1,4,5
24010,2,28,30
3257,16,4,20
13737,20,11,31
3464,22,57,79
24217,0,14,14
3504,5,3,8
14011,53,16,69
24504,5,24,29
3751,7,5,12
3958,3,2,5
24711,14,27,41
9070,4,12,16
4165,25,27,52
24918,9,28,37
14497,5,8,13
4224,23,9,32
24977,1,2,3
24782,4,8,12
4029,20,1,21
4236,24,24,48
24989,0,6,6
14698,45,28,73
4425,15,9,24
25178,0,2,2
19941,40,59,99
4791,8,4,12
25544,4,3,7
4801,17,19,36
25554,2,21,23
4831,16,7,23
25384,4,14,18
4631,0,2,2
4838,26,20,46
4940,4,7,11
25693,4,22,26
20201,64,23,87
25531,21,77,98
4778,9,3,12
4985,11,24,35
25738,1,30,31
5526,23,19,42
26279,2,24,26
26399,1,8,9
5646,2,0,2
5853,9,3,12
26606,0,7,7
5980,27,11,38
26733,0,1,1
21585,50,82,132
832,50,2,52
1039,19,2,21
21792,19,29,48
26952,3,11,14
6199,11,3,14
16679,30,17,47
6406,5,5,10
27103,2,24,26
6350,13,7,20
6557,27,33,60
27310,0,19,19
17494,6,10,16
7221,11,13,24
7392,11,12,23
7194,9,11,20
22653,56,238,294
1900,17,3,20
18079,24,23,47
7806,5,3,8
7952,13,5,18
23213,30,30,60
2460,16,0,16
8113,9,15,24
8131,8,2,10
8275,2,6,8
8602,36,31,67
9612,6,9,15
9758,8,17,25
9858,18,86,104
20277,32,21,53
10004,5,11,16
24081,2,11,13
3328,4,1,5
3535,20,3,23
24288,1,12,13
23883,2,9,11
3130,19,3,22
8011,16,4,20
13293,42,36,78
3256,3,1,4
24009,3,24,27
13529,60,22,82
14991,14,10,24
17713,5,10,15
12626,21,13,34
7539,15,18,33
10279,8,11,19
6,2,0,2
20759,9,4,13
20552,7,32,39
20750,18,13,31
484,5,0,5
21237,2,11,13
3419,5,12,17
23965,13,54,67
3212,9,1,10
4046,83,12,95
24592,7,27,34
3839,24,2,26
26225,0,11,11
5472,6,6,12
5196,18,19,37
25949,1,10,11
25018,0,1,1
4265,24,8,32
110,4,0,4
13455,10,7,17
16077,2,9,11
18412,1,7,8
111,13,0,13
20864,2,6,8
574,73,3,76
1029,78,6,84
21782,3,18,21
1721,33,13,46
23051,51,70,121
2298,22,1,23
2505,19,21,40
23258,14,24,38
864,47,4,51
21617,20,47,67
11137,38,18,56
26596,7,100,107
5843,50,16,66
6050,1,4,5
26803,0,15,15
20659,35,10,45
113,17,0,17
20866,7,7,14
2162,3,2,5
22915,13,22,35
12435,12,5,17
14394,7,8,15
18028,22,10,32
2767,22,9,31
18352,8,12,20
18791,10,17,27
19952,1,6,7
4691,55,11,66
25150,4,22,26
4397,7,1,8
25649,2,8,10
4896,18,6,24
5396,29,28,57
15970,6,12,18
26243,0,14,14
5490,18,10,28
16168,23,24,47
5895,15,12,27
26648,2,9,11
608,68,4,72
21696,4,64,68
943,9,0,9
1150,13,5,18
21903,6,3,9
22084,49,31,80
1331,19,0,19
11613,8,2,10
1340,62,10,72
22093,0,4,4
27171,1,40,41
6418,12,7,19
24231,4,9,13
3478,8,11,19
3685,29,19,48
24438,14,18,32
24743,11,34,45
3990,7,0,7
4197,38,26,64
7270,21,27,48
7545,12,5,17
22806,5,7,12
2053,1,2,3
9490,13,6,19
17009,82,48,130
1748,21,3,24
17658,137,65,202
19240,24,19,43
25609,13,43,56
4856,8,1,9
10447,14,3,17
174,43,0,43
20927,2,11,13
5415,17,14,31
26168,0,8,8
26075,5,45,50
5322,29,16,45
640,31,2,33
21393,13,14,27
26229,9,66,75
5476,1,1,2
16351,3,6,9
26624,2,20,22
5871,8,0,8
27285,3,45,48
6532,18,9,27
10388,80,12,92
115,32,0,32
20868,10,16,26
1982,29,4,33
22735,4,26,30
2057,43,17,60
27492,1,74,75
6739,11,12,23
2597,9,2,11
13179,25,16,41
2906,51,20,71
23659,0,9,9
22283,26,60,86
1530,38,12,50
501,34,0,34
10774,14,8,22
428,114,0,114
21181,12,20,32
20974,31,30,61
221,49,0,49
27218,0,15,15
6465,9,4,13
25551,6,40,46
4798,3,0,3
20563,2,3,5
17,15,0,15
20770,2,8,10
10290,2,3,5
259,17,1,18
21012,2,21,23
10817,3,3,6
15805,111,22,133
3653,14,4,18
24406,18,34,52
4050,56,9,65
24803,4,31,35
9298,7,11,18
11621,50,3,53
23268,44,41,85
2515,4,2,6
12995,33,7,40
13076,16,8,24
2966,2,2,4
23719,2,4,6
13239,12,10,22
18425,11,46,57
8152,4,2,6
15252,21,7,28
9372,7,29,36
19645,0,8,8
1957,76,2,78
22503,3,5,8
1750,39,1,40
17515,8,15,23
7242,30,17,47
2078,22,6,28
22831,3,18,21
22624,1,7,8
1871,1,0,1
23355,8,28,36
2602,19,2,21
18268,101,49,150
15411,62,30,92
5138,41,32,73
25684,2,12,14
4931,54,13,67
16152,9,5,14
990,90,8,98
21743,8,46,54
27743,0,14,14
6990,7,13,20
2308,15,3,18
7296,23,30,53
17569,285,85,370
8248,30,21,51
18521,3,12,15
3260,6,2,8
24013,2,6,8
19843,15,12,27
10302,31,10,41
29,40,0,40
20782,9,9,18
20575,4,19,23
10500,38,14,52
227,8,0,8
20980,1,15,16
10306,40,4,44
33,168,4,172
20786,49,46,95
20579,14,27,41
231,28,2,30
6231,10,26,36
26984,0,20,20
6132,77,16,93
26885,0,29,29
16405,25,20,45
27214,1,52,53
6461,2,4,6
11755,37,8,45
1581,37,16,53
22334,0,7,7
27016,3,19,22
6263,6,0,6
2184,5,2,7
22937,7,24,31
22730,8,37,45
1977,42,11,53
23625,4,18,22
2872,6,1,7
20664,16,41,57
118,34,0,34
10989,35,16,51
716,47,2,49
21469,4,16,20
11366,8,4,12
1093,27,7,34
5982,8,12,20
26735,0,6,6
26528,7,67,74
5775,54,9,63
1492,37,5,42
1901,50,9,59
22654,32,23,55
7672,15,24,39
17974,94,59,153
7701,17,6,23
17875,3,11,14
8635,9,17,26
3548,13,31,44
24301,8,36,44
19002,17,69,86
8729,5,4,9
9279,6,10,16
19552,18,47,65
23481,22,71,93
2728,10,3,13
3696,51,11,62
24449,0,10,10
3755,48,17,65
24508,4,19,23
3953,31,8,39
24706,2,6,8
9040,23,3,26
4139,107,21,128
24892,52,65,117
24685,9,31,40
3932,10,4,14
4730,51,15,66
25483,1,4,5
25276,14,112,126
4523,18,1,19
25631,11,133,144
4878,34,4,38
10469,7,3,10
20665,34,33,67
11951,67,14,81
1678,46,9,55
2566,12,2,14
23319,0,8,8
17827,35,42,77
24985,6,16,22
4232,16,4,20
18001,75,41,116
19347,102,69,171
19521,118,108,226
19967,115,72,187
9709,7,4,11
19982,110,84,194
2296,18,3,21
425,19,2,21
21178,22,45,67
2218,12,4,16
24070,39,103,142
3317,2,0,2
3524,24,5,29
24277,1,7,8
3717,9,4,13
24470,8,11,19
8804,3,8,11
8705,23,29,52
18978,25,31,56
8858,8,3,11
2412,36,19,55
23165,6,43,49
12685,7,10,17
16559,12,15,27
25221,4,32,36
4468,66,15,81
5276,16,14,30
25822,2,12,14
5069,29,2,31
6651,14,13,27
27404,3,65,68
16924,62,74,136
27197,1,33,34
6444,14,2,16
27673,0,38,38
6920,10,0,10
2270,1,1,2
3113,5,2,7
23866,0,19,19
26556,6,44,50
5803,9,11,20
8030,2,2,4
23390,17,22,39
2637,5,0,5
13117,26,16,42
7931,49,48,97
18204,50,27,77
8930,6,3,9
18403,8,8,16
1385,0,1,1
22138,3,17,20
21931,2,6,8
1178,35,0,35
3230,31,7,38
23983,19,26,45
20668,47,76,123
122,14,0,14
20875,15,9,24
337,10,1,11
123,47,0,47
20876,1,6,7
504,12,2,14
673,36,1,37
21426,0,9,9
23048,13,21,34
2295,26,26,52
2502,42,5,47
2765,44,10,54
3404,29,24,53
14660,13,15,28
4387,19,12,31
25140,8,32,40
8649,26,11,37
262,11,2,13
21015,4,8,12
22789,45,30,75
2036,3,0,3
17702,31,37,68
2851,2,15,17
23604,2,20,22
23397,22,17,39
2644,8,0,8
3964,15,10,25
24717,1,3,4
24510,0,17,17
3757,26,6,32
3986,5,1,6
24532,15,49,64
3779,34,8,42
9271,4,4,8
25195,14,56,70
4442,3,5,8
5074,36,15,51
25620,20,75,95
4867,12,0,12
185,17,0,17
20938,16,27,43
5126,47,16,63
25672,3,32,35
4919,6,2,8
237,11,0,11
2572,20,19,39
23325,7,29,36
13555,29,23,52
3282,33,15,48
8270,18,16,34
18543,30,16,46
25403,2,12,14
4650,9,10,19
15130,5,5,10
6831,32,36,68
27584,0,15,15
13478,22,18,40
13577,3,2,5
3304,95,17,112
24057,2,8,10
16137,14,11,25
876,18,1,19
21629,14,20,34
26156,6,17,23
5403,2,1,3
5511,10,4,14
26264,0,25,25
26057,4,46,50
5304,16,8,24
15784,149,92,241
23062,27,45,72
2309,19,1,20
2516,20,4,24
23269,68,197,265
3086,35,3,38
23839,3,3,6
23434,10,32,42
2681,21,1,22
13260,0,2,2
24235,2,29,31
3482,76,21,97
3689,46,12,58
3491,19,12,31
24244,0,9,9
24037,0,24,24
3284,22,7,29
3800,67,9,76
13875,40,11,51
24148,13,19,32
3395,4,0,4
8887,4,25,29
4572,30,14,44
25325,3,31,34
19833,30,16,46
15009,4,3,7
25404,11,55,66
4651,19,6,25
25866,0,14,14
5113,6,4,10
5320,29,5,34
26073,1,18,19
233,6,0,6
20986,5,27,32
6317,36,22,58
7192,17,9,26
8126,20,8,28
3039,28,15,43
23792,3,2,5
2841,87,6,93
23387,23,45,68
2634,6,1,7
19088,39,37,76
19187,19,25,44
8914,0,4,4
26749,2,42,44
5996,33,14,47
27301,0,13,13
6548,18,12,30
3666,17,11,28
24419,3,14,17
24212,3,42,45
3459,25,7,32
5167,21,6,27
25920,1,4,5
25713,5,20,25
4960,15,6,21
27521,0,24,24
6768,10,3,13
357,31,1,32
26126,10,105,115
5373,1,8,9
1294,26,9,35
22047,4,17,21
25418,6,61,67
4665,17,0,17
22052,35,44,79
1299,4,0,4
23211,24,53,77
2458,33,5,38
23220,27,44,71
2467,3,0,3
20674,80,62,142
20476,50,52,102
23643,2,25,27
2890,19,3,22
3097,11,4,15
27422,0,6,6
6669,17,4,21
6876,8,3,11
27629,0,5,5
249,26,0,26
22623,3,3,6
1870,15,0,15
22818,8,4,12
2065,12,1,13
3116,27,6,33
23869,12,74,86
23662,1,6,7
2909,9,1,10
179,29,1,30
20932,8,28,36
472,24,2,26
1033,18,5,23
21786,0,2,2
15429,16,19,35
21978,16,24,40
1225,66,18,84
130,60,0,60
20883,5,15,20
558,60,1,61
664,87,4,91
21417,24,50,74
3581,60,17,77
13755,16,15,31
3745,66,13,79
24498,1,4,5
4201,42,12,54
24954,2,29,31
24781,19,79,98
4028,9,0,9
4235,65,19,84
24988,4,33,37
14810,3,4,7
4537,37,9,46
4438,12,9,21
25191,1,16,17
14711,13,12,25
20421,19,29,48
10148,1,19,20
5787,42,12,54
26540,1,47,48
700,27,1,28
21453,0,7,7
26895,2,21,23
6142,9,4,13
7393,58,51,109
8292,15,56,71
8938,18,17,35
19425,29,29,58
12838,34,23,57
13459,0,1,1
13657,4,2,6
3249,72,17,89
23795,53,48,101
3042,3,0,3
24285,34,23,57
3532,15,2,17
24606,27,78,105
3853,0,1,1
4073,33,12,45
24619,6,52,58
3866,4,0,4
24707,13,12,25
3954,1,0,1
5090,20,5,25
25636,10,31,41
4883,18,7,25
102,27,0,27
20855,5,7,12
10375,3,2,5
25901,16,53,69
5148,1,0,1
5454,10,5,15
26207,2,20,22
15727,12,17,29
530,48,3,51
21283,18,21,39
2252,45,14,59
131,10,0,10
20884,7,31,38
14662,6,2,8
24935,6,12,18
4182,35,3,38
4389,15,6,21
25142,0,33,33
20678,16,39,55
132,4,0,4
20885,4,9,13
16193,14,36,50
26466,2,18,20
5713,1,0,1
26516,2,31,33
5763,12,22,34
5970,19,24,43
16243,99,29,128
6438,5,3,8
16711,81,37,118
7897,25,20,45
18170,39,21,60
9034,8,5,13
19307,22,24,46
20627,26,28,54
10552,9,2,11
279,34,0,34
522,25,2,27
21275,21,14,35
329,5,0,5
21082,6,25,31
10664,13,4,17
391,10,0,10
10665,24,4,28
392,149,5,154
21145,3,2,5
26223,0,5,5
5470,33,12,45
5677,28,11,39
26430,1,4,5
2618,44,10,54
23371,1,13,14
23502,1,16,17
2749,18,7,25
8241,27,12,39
23758,0,15,15
3005,16,5,21
3410,15,31,46
24163,1,12,13
24357,1,12,13
3604,16,0,16
10028,9,17,26
20301,60,17,77
26247,0,12,12
5494,3,3,6
812,27,11,38
21565,4,17,21
26784,4,28,32
6031,10,14,24
16671,64,63,127
26944,0,27,27
6191,9,2,11
21857,8,13,21
1104,4,0,4
10407,19,3,22
218,16,1,17
20971,2,1,3
5305,28,8,36
256,18,1,19
21009,8,43,51
25915,1,40,41
5162,6,5,11
5369,18,6,24
26122,4,168,172
2222,36,32,68
22975,3,15,18
23531,83,90,173
2778,18,15,33
2985,9,22,31
23738,0,4,4
3048,12,9,21
18309,16,12,28
3111,7,10,17
3614,20,3,23
24367,1,19,20
4226,32,15,47
27115,0,13,13
6362,11,29,40
6371,21,7,28
27124,0,4,4
26917,3,32,35
6164,4,0,4
13653,4,12,16
17503,127,74,201
10408,17,6,23
20681,34,35,69
135,32,0,32
5376,37,13,50
5728,21,12,33
26481,1,13,14
12298,4,3,7
2025,14,4,18
22778,3,24,27
27559,1,18,19
6806,17,3,20
17286,9,6,15
22373,3,17,20
1620,46,22,68
22725,5,19,24
1972,2,2,4
12452,37,14,51
1981,27,2,29
22734,1,7,8
17440,10,12,22
19669,45,40,85
9396,28,56,84
19392,210,77,287
1608,8,2,10
22361,1,6,7
25267,12,74,86
4514,1,3,4
5251,5,24,29
26004,0,16,16
25797,5,58,63
5044,1,1,2
20682,21,20,41
136,25,0,25
1619,113,1,114
22372,9,25,34
2446,86,2,88
23199,20,31,51
25937,3,43,46
5184,2,3,5
5391,136,28,164
26144,6,43,49
5292,30,8,38
26045,0,9,9
15565,14,15,29
16805,151,88,239
27078,14,129,143
6325,9,17,26
9766,17,20,37
14487,207,223,430
4313,32,9,41
25066,2,13,15
27248,1,55,56
6495,22,53,75
7288,28,30,58
12474,62,30,92
20683,53,48,101
137,2,0,2
20890,1,2,3
4599,21,16,37
25352,0,42,42
14872,96,31,127
20685,53,39,92
139,4,0,4
20892,7,26,33
18302,36,36,72
140,19,0,19
20893,1,8,9
5227,8,1,9
25980,0,18,18
12229,14,13,27
26552,0,36,36
5799,15,4,19
6006,18,8,26
26759,1,27,28
16279,125,43,168
19254,90,102,192
9672,2,2,4
19945,22,46,68
9085,8,18,26
19358,70,38,108
15971,16,16,32
5698,12,25,37
26451,0,23,23
16169,27,19,46
5896,5,5,10
142,11,0,11
2779,12,2,14
23532,12,27,39
14004,21,49,70
3731,21,3,24
24484,0,6,6
14831,9,7,16
4657,4,3,7
18367,9,7,16
8193,14,21,35
13491,6,11,17
143,2,0,2
20896,0,3,3
5230,13,4,17
25983,0,11,11
144,1,0,1
14036,10,5,15
3664,27,2,29
24417,2,18,20
23797,4,9,13
3044,5,0,5
146,2,0,2
20899,18,13,31
23534,2,2,4
2781,16,0,16
147,5,0,5
20900,2,44,46
10595,9,6,15
322,3,1,4
21075,25,42,67
7416,0,2,2
27764,0,34,34
7011,13,15,28
17590,151,64,215
4056,24,26,50
24809,1,7,8
24602,0,3,3
3849,21,7,28
20496,228,86,314
6182,10,3,13
26935,0,23,23
16455,10,20,30
21542,3,20,23
789,32,5,37
1194,17,1,18
19561,34,71,105
4300,12,20,32
25053,8,44,52
836,21,0,21
21589,1,4,5
15955,140,44,184
27147,1,21,22
6394,19,28,47
1246,18,12,30
21999,4,12,16
20662,5,21,26
116,32,0,32
10389,14,1,15
10488,19,14,33
13861,7,5,12
18771,7,11,18
9381,9,3,12
19654,9,16,25
903,64,9,73
26646,0,22,22
5893,4,6,10
1211,15,1,16
21964,13,10,23
151,4,0,4
4252,7,7,14
25005,1,14,15
8218,9,7,16
9180,8,13,21
10425,4,5,9
152,13,0,13
829,88,5,93
21582,2,4,6
11003,6,9,15
2430,2,1,3
23183,3,4,7
2232,8,12,20
12043,8,15,23
17031,51,23,74
27304,0,46,46
6551,14,1,15
12520,16,13,29
17607,49,26,75
12619,118,41,159
2346,18,2,20
15140,21,21,42
25329,20,51,71
4576,34,6,40
25527,1,9,10
4774,6,4,10
4981,43,15,58
6082,19,6,25
26835,2,63,65
26628,5,39,44
5875,7,6,13
17265,22,20,42
27538,0,37,37
6785,4,0,4
153,7,0,7
20906,39,49,88
10731,3,4,7
458,6,0,6
1886,22,2,24
4398,21,10,31
25151,1,20,21
14671,5,10,15
25459,9,34,43
4706,66,42,108
4913,1,11,12
15630,2,8,10
154,15,0,15
20701,53,25,78
155,15,1,16
20908,1,12,13
2689,2,1,3
23442,2,5,7
26262,19,117,136
5509,1,0,1
5716,12,6,18
26469,1,23,24
10600,174,17,191
26950,2,13,15
6197,10,5,15
16776,7,13,20
1875,15,3,18
22628,2,2,4
22003,7,14,21
1250,21,1,22
1457,9,2,11
6544,3,1,4
27297,1,3,4
20702,4,5,9
156,17,0,17
20909,26,72,98
8140,22,14,36
2362,22,10,32
23115,15,51,66
22908,36,100,136
2155,2,1,3
3672,11,17,28
24425,0,10,10
24218,2,7,9
3465,14,1,15
350,54,3,57
21103,1,3,4
10650,45,20,65
1629,23,4,27
22382,1,17,18
16791,26,22,48
27064,3,21,24
6311,29,13,42
1775,66,14,80
22528,6,56,62
1845,34,15,49
22598,1,7,8
22540,7,18,25
1787,2,0,2
1994,12,11,23
22747,2,5,7
2373,60,8,68
23126,3,16,19
3115,9,11,20
18475,119,68,187
8202,6,18,24
23463,7,26,33
2710,3,0,3
4628,28,24,52
25381,9,27,36
5015,9,7,16
25768,1,12,13
10003,7,6,13
20276,12,15,27
15615,11,3,14
5342,9,11,20
26095,2,11,13
10528,57,9,66
255,7,0,7
5680,8,14,22
26433,1,7,8
7417,3,10,13
8145,6,5,11
8797,3,14,17
9058,5,20,25
9533,8,34,42
4248,18,5,23
25001,3,2,5
24794,20,14,34
4041,6,0,6
25127,10,90,100
4374,3,0,3
159,49,0,49
15519,39,83,122
5246,3,12,15
25999,0,2,2
23170,12,18,30
2417,39,11,50
2624,20,3,23
23377,1,14,15
2676,195,5,200
23429,4,13,17
3974,9,4,13
24727,2,15,17
4686,30,7,37
25439,11,56,67
17555,5,13,18
7282,25,8,33
12369,4,1,5
8932,128,53,181
1469,22,3,25
22222,6,5,11
11742,23,16,39
1370,59,14,73
22123,4,9,13
21916,4,9,13
1163,49,3,52
22990,7,6,13
2237,8,0,8
2444,14,5,19
23197,5,3,8
4645,21,4,25
14918,11,7,18
25092,25,38,63
4339,8,3,11
26173,9,128,137
5420,4,0,4
15900,18,8,26
16921,41,32,73
27095,1,47,48
6342,2,3,5
7032,48,48,96
17305,78,47,125
17963,23,33,56
18062,5,15,20
7789,9,6,15
18588,54,34,88
9566,11,20,31
19839,33,33,66
363,20,0,20
1398,30,3,33
21944,26,40,66
1191,4,0,4
5786,17,9,26
26539,1,24,25
26332,4,59,63
5579,24,1,25
6439,21,15,36
27192,1,15,16
26985,3,41,44
6232,35,30,65
27183,2,44,46
6430,5,2,7
6637,17,4,21
3620,32,8,40
3658,32,11,43
24411,3,29,32
4088,24,12,36
24841,24,74,98
20916,7,25,32
163,18,0,18
370,59,4,63
21123,27,20,47
1723,32,2,34
22269,19,83,102
1516,4,0,4
2558,84,11,95
14124,9,6,15
24397,3,16,19
3644,40,3,43
15100,8,24,32
4827,13,9,22
25580,2,10,12
25373,2,20,22
4620,1,1,2
5029,21,10,31
25782,3,42,45
20546,28,33,61
198,7,0,7
20951,13,9,22
239,49,1,50
12517,19,11,30
22790,11,22,33
2037,4,0,4
2343,7,7,14
12616,32,17,49
4476,31,24,55
25022,5,28,33
4269,15,8,23
26955,0,16,16
6202,4,1,5
10435,13,7,20
162,5,0,5
20915,7,3,10
20510,7,14,21
3073,76,9,85
23826,1,3,4
7841,7,4,11
18114,15,6,21
9022,12,16,28
19295,20,49,69
10436,24,19,43
14188,19,18,37
4228,22,11,33
14501,10,11,21
7982,5,3,8
18255,11,13,24
9311,7,16,23
19584,18,29,47
19926,7,15,22
2818,11,2,13
23571,5,4,9
23364,3,19,22
2611,77,17,94
3310,2,1,3
24063,1,4,5
18769,27,39,66
26795,1,23,24
6042,7,0,7
27087,1,33,34
6334,2,2,4
11925,8,11,19
1652,27,6,33
20710,50,36,86
164,18,0,18
10462,16,3,19
189,33,1,34
20942,1,2,3
5496,30,6,36
26249,4,10,14
8050,35,18,53
19296,9,12,21
3837,12,13,25
24590,4,37,41
14110,4,15,19
19882,16,27,43
26067,0,7,7
5314,3,2,5
166,13,0,13
20919,2,9,11
20514,51,54,105
1592,18,3,21
16853,4,8,12
3609,9,3,12
7521,12,7,19
22967,8,14,22
2214,10,0,10
3768,16,5,21
26769,2,22,24
6016,8,3,11
7720,14,7,21
22981,1,44,45
2228,21,1,22
11188,133,66,199
10074,3,12,15
20347,34,22,56
25632,14,32,46
4879,18,10,28
5086,28,17,45
25839,0,7,7
117,30,0,30
20870,13,22,35
20663,29,24,53
529,10,1,11
22478,19,29,48
1725,27,2,29
12386,22,7,29
23686,18,42,60
2933,79,14,93
3142,23,22,45
23895,4,12,16
23688,3,14,17
2935,5,0,5
8328,7,22,29
18601,2,6,8
436,96,4,100
5424,28,30,58
26177,0,5,5
15697,14,8,22
3431,35,27,62
8203,38,41,79
18638,128,65,193
8365,41,18,59
20105,65,24,89
2952,43,23,66
23498,31,65,96
2745,5,0,5
24098,13,23,36
3345,16,1,17
10924,11,12,23
651,134,1,135
21404,1,4,5
22135,16,35,51
1382,9,0,9
514,36,1,37
1105,67,5,72
21858,14,39,53
907,17,2,19
11180,20,11,31
1122,19,2,21
21875,4,9,13
924,14,1,15
21677,2,16,18
11616,87,34,121
1343,27,2,29
26778,1,33,34
6025,6,2,8
7307,6,11,17
17580,3,8,11
4452,33,4,37
25205,1,5,6
23501,22,62,84
2748,5,0,5
3985,19,23,42
24738,0,19,19
9270,1,14,15
1924,9,3,12
27557,4,92,96
6804,6,5,11
12801,36,19,55
5600,10,7,17
26353,1,1,2
20080,133,66,199
14779,79,30,109
25052,4,32,36
4299,30,9,39
26052,3,38,41
5299,1,1,2
27555,0,48,48
6802,7,8,15
9764,15,2,17
14692,6,11,17
24866,18,39,57
4113,9,13,22
4518,17,4,21
25271,5,22,27
4492,16,4,20
14765,8,13,21
9118,6,35,41
19391,7,29,36
23418,0,11,11
2665,19,0,19
20718,13,31,44
20719,2,34,36
173,49,0,49
540,3,1,4
21293,49,35,84
692,32,3,35
21445,7,18,25
1206,28,3,31
21959,1,3,4
2569,58,20,78
4284,12,36,48
27001,5,50,55
6248,8,3,11
6455,6,6,12
27208,0,5,5
1368,41,2,43
22121,2,3,5
7412,15,11,26
7214,15,12,27
27760,0,27,27
7007,13,4,17
20430,23,25,48
10157,6,5,11
2510,30,6,36
23263,7,11,18
23081,10,32,42
2328,47,5,52
2535,20,2,22
3470,20,12,32
24223,4,10,14
25242,12,32,44
4489,9,5,14
17190,24,35,59
27463,0,28,28
6710,6,1,7
7261,36,29,65
9850,18,32,50
1086,6,3,9
11359,4,4,8
987,125,3,128
21740,6,12,18
6074,39,11,50
26827,1,13,14
26620,1,9,10
5867,1,1,2
13925,2,13,15
24463,26,70,96
3710,6,1,7
14420,3,5,8
4544,3,2,5
4733,35,9,44
25486,0,4,4
25477,8,18,26
4724,1,3,4
1043,29,2,31
21796,4,15,19
1073,15,2,17
21826,13,22,35
3018,29,3,32
23771,6,8,14
26195,0,9,9
5442,1,0,1
10637,17,9,26
364,25,0,25
8928,9,6,15
9255,16,16,32
9812,9,12,21
15637,76,77,153
376,51,3,54
7619,42,18,60
17892,57,45,102
7718,7,4,11
2631,41,7,48
18481,38,38,76
770,17,0,17
21523,4,2,6
12503,6,5,11
22776,23,46,69
2023,10,1,11
12701,14,3,17
17788,52,38,90
7515,0,5,5
2871,32,10,42
23624,1,20,21
16025,17,43,60
6640,22,3,25
27393,0,23,23
18883,1,2,3
8610,15,5,20
324,3,0,3
10597,3,10,13
535,25,0,25
10808,25,15,40
11266,4,11,15
1092,18,3,21
11821,10,6,16
22193,3,13,16
1440,17,0,17
1647,79,4,83
11822,14,5,19
13899,2,11,13
8812,19,16,35
14857,8,16,24
15127,12,17,29
4953,11,10,21
25706,3,14,17
10040,29,62,91
4755,38,18,56
18177,7,8,15
177,13,0,13
20930,27,37,64
15438,8,6,14
13302,208,49,257
8215,30,24,54
22809,138,102,240
2056,13,2,15
2323,50,23,73
23076,16,21,37
22869,81,66,147
2116,12,2,14
7509,18,9,27
17782,2,4,6
23004,45,91,136
2251,18,4,22
2656,29,6,35
23409,1,9,10
2492,32,19,51
23245,9,30,39
23038,42,28,70
2285,11,0,11
17951,52,55,107
2912,67,28,95
8197,9,6,15
5637,7,15,22
26390,1,6,7
26183,12,54,66
5430,7,2,9
26918,0,7,7
6165,1,0,1
4495,29,8,37
25248,0,4,4
26130,0,3,3
5377,10,7,17
26680,0,7,7
5927,14,0,14
24896,20,47,67
4143,40,8,48
14623,30,13,43
4350,13,5,18
25103,0,11,11
26807,1,10,11
6054,2,0,2
7072,17,5,22
11640,37,19,56
1618,36,11,47
22371,3,19,22
22164,11,21,32
1411,4,0,4
27350,0,35,35
6597,9,5,14
17077,9,9,18
20726,8,24,32
180,22,0,22
7244,30,19,49
18622,16,11,27
9064,21,10,31
19337,78,28,106
4076,48,5,53
24829,0,8,8
11175,9,4,13
902,141,20,161
22285,15,26,41
1532,5,0,5
23327,6,16,22
2574,49,2,51
2880,25,3,28
23633,3,13,16
13153,3,6,9
25845,6,30,36
5092,3,2,5
11418,18,8,26
1145,51,6,57
17982,6,6,12
7709,14,4,18
2622,9,5,14
23375,1,8,9
8223,5,6,11
18743,29,62,91
8470,22,8,30
3383,6,1,7
24136,2,7,9
667,14,0,14
5754,50,5,55
26507,2,7,9
955,16,4,20
21708,12,24,36
1736,3,1,4
7021,10,15,25
5384,8,6,14
26137,1,34,35
25930,4,14,18
5177,14,1,15
10768,30,7,37
495,73,1,74
27043,1,23,24
6290,7,3,10
10455,23,8,31
20728,56,43,99
182,3,0,3
20935,8,36,44
11624,30,5,35
21897,8,18,26
1144,7,0,7
1351,40,7,47
22104,10,17,27
16612,181,80,261
2210,31,21,52
22963,1,19,20
27645,0,56,56
6892,3,1,4
2403,32,13,45
23156,12,69,81
7490,11,8,19
4295,4,5,9
25048,9,16,25
4351,23,31,54
25104,3,29,32
25376,2,8,10
4623,14,2,16
4830,7,7,14
25583,1,33,34
5994,23,42,65
17927,56,33,89
7654,16,17,33
8484,2,23,25
8768,18,11,29
4277,7,20,27
25030,1,3,4
24823,10,25,35
4070,5,0,5
25166,4,24,28
4413,1,0,1
27513,0,22,22
6760,9,7,16
17243,2,4,6
11062,84,20,104
5876,7,18,25
2645,49,20,69
23398,7,22,29
27233,0,38,38
6480,1,0,1
22344,24,39,63
1591,16,0,16
1798,16,2,18
2962,32,8,40
23715,2,19,21
13235,37,6,43
14087,20,28,48
17159,43,22,65
16870,302,95,397
8219,3,15,18
18492,0,13,13
3611,13,6,19
17693,42,52,94
7420,7,5,12
7222,21,13,34
13971,3,3,6
14264,6,3,9
188,157,0,157
252,26,2,28
10738,112,14,126
11054,132,25,157
889,49,3,52
21642,0,1,1
961,19,11,30
21714,14,22,36
1201,21,6,27
21954,4,7,11
1453,26,14,40
1507,42,27,69
2131,46,16,62
22884,7,15,22
2153,35,18,53
22906,2,10,12
2322,14,9,23
23075,2,5,7
12618,1,5,6
2345,25,15,40
2529,18,8,26
2599,25,4,29
23352,50,28,78
13287,6,3,9
3014,6,5,11
3064,17,21,38
3385,11,4,15
24138,0,5,5
23998,16,29,45
3245,16,3,19
13725,4,7,11
3452,10,6,16
3467,9,11,20
24220,1,1,2
8554,20,43,63
14128,15,8,23
24401,8,26,34
3648,30,0,30
3855,13,6,19
3874,15,26,41
24627,2,5,7
24506,44,141,185
3753,2,0,2
3960,20,8,28
8948,17,46,63
19221,9,6,15
14772,3,25,28
4499,42,17,59
25252,0,16,16
9586,2,7,9
25355,10,44,54
4602,10,2,12
14983,25,8,33
25157,0,7,7
4404,156,7,163
5418,1,4,5
26171,0,16,16
26089,1,6,7
5336,6,0,6
15816,4,13,17
5543,7,8,15
26296,3,21,24
456,26,1,27
21209,7,17,24
27247,1,36,37
6494,8,2,10
7372,16,49,65
18113,104,104,208
7840,3,2,5
7891,3,4,7
18166,4,3,7
7893,2,7,9
8325,27,18,45
9667,4,8,12
9789,15,17,32
20344,29,23,52
10071,9,23,32
14114,116,29,145
16646,19,17,36
27018,2,44,46
6265,1,0,1
1102,23,6,29
1757,39,12,51
22510,5,14,19
25517,15,38,53
4764,9,2,11
8289,18,26,44
9753,10,4,14
9806,17,17,34
949,43,1,44
21702,4,18,22
11222,18,3,21
6234,17,7,24
26987,1,13,14
25169,5,59,64
4416,6,1,7
10761,18,3,21
1999,43,3,46
2544,64,13,77
8322,20,18,38
1760,37,11,48
7268,12,9,21
2181,17,2,19
17823,82,55,137
7550,27,11,38
12736,27,13,40
2463,34,6,40
23216,1,3,4
9689,4,14,18
13929,9,12,21
13830,51,4,55
24103,6,31,37
3350,20,0,20
546,7,0,7
21299,1,12,13
552,7,0,7
21305,1,4,5
1539,21,7,28
22085,13,19,32
1332,7,0,7
23511,5,17,22
2758,36,3,39
8250,29,32,61
4061,29,3,32
24814,2,42,44
9762,8,11,19
26852,1,48,49
6099,10,2,12
1818,50,11,61
22571,4,7,11
2388,37,18,55
2488,29,19,48
3441,20,17,37
24194,3,10,13
13827,21,15,36
3554,50,15,65
14440,2,1,3
4167,34,26,60
24920,1,15,16
24515,22,66,88
3762,4,3,7
7768,18,32,50
8532,32,30,62
18979,29,33,62
8706,14,76,90
19715,9,17,26
9442,6,21,27
4157,21,15,36
4355,27,13,40
25108,11,30,41
9713,1,10,11
7892,13,6,19
18165,4,28,32
120,24,0,24
20873,0,5,5
20666,6,42,48
27039,3,142,145
6286,4,3,7
20739,27,39,66
193,19,0,19
20946,0,5,5
23461,0,29,29
2708,4,1,5
2915,13,3,16
23668,0,16,16
4240,10,2,12
24993,1,33,34
5759,11,4,15
18180,10,4,14
19499,9,5,14
16616,13,35,48
26889,6,12,18
6136,16,2,18
7028,4,4,8
27574,0,21,21
6821,9,5,14
470,72,12,84
826,22,5,27
1113,47,7,54
12200,29,13,42
1927,2,1,3
22680,8,13,21
12328,5,17,22
2055,6,1,7
22808,8,24,32
2076,10,7,17
22829,2,9,11
27709,1,75,76
6956,2,2,4
7163,14,14,28
12706,11,2,13
12996,2,16,18
2723,27,18,45
23476,0,21,21
2846,13,8,21
23650,91,119,210
2897,37,3,40
23963,7,64,71
3210,13,2,15
3417,18,13,31
24170,66,77,143
3877,42,9,51
24630,0,6,6
4106,11,6,17
24720,5,42,47
3967,29,0,29
4174,17,9,26
24927,12,48,60
24778,0,15,15
4025,10,7,17
5395,16,32,48
308,26,2,28
21061,27,38,65
15896,144,72,216
6454,5,12,17
6666,24,19,43
11852,14,8,22
1579,17,2,19
22332,5,5,10
27537,0,3,3
6784,3,5,8
6991,4,5,9
27744,0,6,6
7179,5,4,9
2092,10,3,13
22845,1,7,8
17701,167,47,214
7428,5,15,20
8082,2,8,10
18385,18,26,44
8112,7,12,19
18578,23,23,46
8305,8,7,15
8370,9,17,26
8670,4,9,13
8816,4,4,8
9203,4,14,18
9538,11,7,18
19886,6,13,19
9613,5,13,18
9974,1,4,5
25433,5,29,34
4680,39,28,67
4887,43,25,68
25640,2,28,30
573,8,0,8
771,38,3,41
21524,5,22,27
1824,22,4,26
23014,14,34,48
2261,10,0,10
2468,32,2,34
2670,36,7,43
23423,11,7,18
23343,37,67,104
2590,22,8,30
2797,17,7,24
3527,24,7,31
24280,2,10,12
6450,10,3,13
27203,0,5,5
27061,2,42,44
6308,2,0,2
6515,36,17,53
27268,0,23,23
27600,0,15,15
6847,15,8,23
7054,64,9,73
7875,12,11,23
23136,123,123,246
2383,6,0,6
8230,11,13,24
13416,11,18,29
9945,66,54,120
24011,49,51,100
3258,12,2,14
3706,33,20,53
24459,20,24,44
24252,25,36,61
3499,52,0,52
26160,4,23,27
5407,33,10,43
4456,19,3,22
25209,4,21,25
9104,24,18,42
24563,16,23,39
3810,7,2,9
4017,8,1,9
9647,18,8,26
7712,3,6,9
17985,43,37,80
22229,15,22,37
1476,6,0,6
22900,5,60,65
2147,24,2,26
2845,41,2,43
23598,3,38,41
3323,6,8,14
7644,6,9,15
9092,4,8,12
18115,20,19,39
8623,67,18,85
18896,21,23,44
26380,4,44,48
5627,6,0,6
17268,16,34,50
27541,0,30,30
6788,12,0,12
20745,10,35,45
25634,15,33,48
4881,10,3,13
17855,52,51,103
7643,3,13,16
17916,92,39,131
18570,38,8,46
8994,7,12,19
19267,42,74,116
9166,18,6,24
19439,51,57,108
19653,9,9,18
20206,4,30,34
1394,12,2,14
22147,11,28,39
23517,1,43,44
2764,6,1,7
3713,20,6,26
8800,20,13,33
14855,1,6,7
8405,26,9,35
9020,2,2,4
26289,2,9,11
5536,18,0,18
16016,8,4,12
369,5,0,5
567,22,1,23
21320,4,5,9
13628,18,47,65
203,80,0,80
20956,0,5,5
13198,29,9,38
2925,84,12,96
23678,1,7,8
4737,45,18,63
25490,1,28,29
27271,1,18,19
6518,1,0,1
16899,63,30,93
20296,6,5,11
10023,17,20,37
18059,92,58,150
7804,10,11,21
18077,96,32,128
13089,35,51,86
2816,14,3,17
20066,20,34,54
14979,7,4,11
20164,20,28,48
23161,29,43,72
2408,2,0,2
23537,22,45,67
2784,13,9,22
23588,18,31,49
2835,3,0,3
23600,19,41,60
2847,19,2,21
13703,36,37,73
8715,11,4,15
24962,11,72,83
4209,8,3,11
19974,4,4,8
9701,14,4,18
25285,6,52,58
4532,8,2,10
15406,129,45,174
5368,6,8,14
26121,0,5,5
6141,14,16,30
7135,99,28,127
12420,2,9,11
404,37,1,38
10479,9,9,18
206,71,2,73
20959,0,11,11
20752,7,19,26
980,53,3,56
12105,11,3,14
1832,36,27,63
22585,1,1,2
4069,23,31,54
24822,4,27,31
7890,22,51,73
19522,36,74,110
9306,11,2,13
19579,24,33,57
19775,23,65,88
9520,5,16,21
19793,27,59,86
3842,17,11,28
24595,2,26,28
5783,6,14,20
16056,26,33,59
26329,1,17,18
5576,25,9,34
6024,9,3,12
26570,3,27,30
5817,29,3,32
6462,6,12,18
27215,4,28,32
6749,60,24,84
27502,0,7,7
17131,6,3,9
7056,27,8,35
17145,184,104,288
27418,2,25,27
6665,8,3,11
20751,36,48,84
205,17,0,17
20958,32,39,71
15367,11,14,25
14682,8,9,17
4409,22,4,26
25162,3,28,31
22162,55,110,165
1409,13,0,13
2592,53,11,64
23345,5,3,8
23138,8,28,36
2385,23,5,28
13950,38,17,55
3677,4,9,13
24695,2,13,15
3942,13,3,16
5255,22,15,37
26008,0,1,1
168,38,0,38
20921,2,16,18
20714,4,24,28
5453,19,1,20
293,81,1,82
1355,47,7,54
1801,25,11,36
26026,5,33,38
5273,5,1,6
5480,14,20,34
26233,1,9,10
195,54,0,54
20948,5,13,18
20741,7,23,30
16676,7,10,17
27076,4,61,65
6323,18,48,66
6530,14,31,45
27283,0,7,7
7725,7,33,40
8420,2,10,12
8859,2,20,22
3772,22,10,32
24525,0,8,8
17360,4,11,15
7087,41,29,70
27633,0,53,53
6880,30,12,42
17365,113,36,149
27638,1,22,23
6885,7,4,11
207,49,0,49
20960,3,8,11
10381,14,3,17
240,50,2,52
733,29,2,31
21486,11,30,41
17792,7,20,27
7519,27,9,36
20325,39,40,79
24682,9,17,26
3929,4,1,5
24793,7,35,42
4040,32,18,50
4507,21,16,37
25260,4,81,85
27534,0,12,12
6781,2,3,5
8465,10,21,31
6974,27,12,39
27727,0,4,4
12274,0,3,3
2391,10,2,12
23144,13,19,32
885,18,0,18
21638,13,55,68
11158,7,1,8
13780,0,5,5
18700,7,21,28
20319,3,22,25
17118,69,47,116
6845,4,4,8
15184,19,36,55
18892,4,11,15
9868,4,8,12
11662,39,8,47
1389,6,1,7
6278,32,11,43
26824,4,211,215
6071,27,0,27
4967,33,11,44
19512,81,7,88
24797,4,17,21
4044,14,2,16
4251,30,10,40
25004,2,14,16
20103,30,33,63
4644,29,11,40
25388,1,21,22
4635,3,7,10
4842,32,17,49
25595,0,3,3
24089,13,52,65
3336,2,2,4
5890,35,12,47
26436,0,34,34
5683,1,3,4
26484,2,38,40
5731,8,1,9
851,14,0,14
21604,54,23,77
6305,23,16,39
16837,70,41,111
27110,4,43,47
6357,1,4,5
16936,3,5,8
23057,3,5,8
2304,30,3,33
2709,25,10,35
23462,5,13,18
2995,6,2,8
23748,1,28,29
24256,2,9,11
3503,6,0,6
25344,3,16,19
4591,5,1,6
14503,17,15,32
21968,34,65,99
1215,21,0,21
26150,3,38,41
5397,24,9,33
11215,63,9,72
5888,19,5,24
26641,1,7,8
16161,9,11,20
5291,7,33,40
26044,0,5,5
25654,2,17,19
4901,12,0,12
448,54,2,56
21201,14,17,31
777,17,2,19
779,19,6,25
21532,5,46,51
791,22,1,23
19443,6,18,24
9170,16,5,21
9264,23,8,31
9540,10,7,17
9733,10,10,20
20199,54,51,105
9926,7,14,21
1938,3,1,4
12211,14,5,19
7359,3,19,22
17632,11,13,24
18677,5,13,18
3416,39,9,48
24169,0,12,12
515,128,4,132
21268,23,66,89
5334,7,2,9
26087,5,27,32
25880,5,24,29
5127,10,9,19
16257,41,52,93
16738,10,13,23
27011,3,25,28
6258,5,2,7
2593,20,5,25
7461,11,11,22
19449,62,43,105
4188,15,6,21
2911,9,15,24
3051,41,16,57
23804,3,10,13
23597,19,26,45
2844,42,2,44
24659,16,35,51
3906,2,0,2
4709,16,3,19
25462,2,19,21
25255,18,23,41
4502,27,8,35
4835,14,8,22
25588,5,19,24
16398,2,5,7
6125,10,23,33
26671,2,43,45
5918,21,2,23
10494,2,2,4
745,24,2,26
5832,5,2,7
26585,1,7,8
25284,8,35,43
4531,16,9,25
4738,9,7,16
25491,0,24,24
8956,19,13,32
9015,7,15,22
27253,0,31,31
6500,34,24,58
16980,7,17,24
440,8,1,9
5527,2,1,3
24111,3,27,30
3358,22,1,23
5135,24,13,37
25888,4,18,22
25681,1,8,9
4928,10,2,12
27306,3,101,104
6553,4,1,5
222,12,0,12
5993,20,10,30
8017,4,3,7
19001,14,19,33
8728,3,5,8
8864,18,7,25
19137,1,7,8
2726,33,3,36
4630,51,25,76
25383,1,29,30
13435,75,20,95
6609,15,10,25
27362,0,7,7
27155,4,72,76
6402,4,0,4
16882,142,93,235
7605,31,23,54
17878,52,67,119
16063,12,6,18
26336,3,12,15
5583,46,42,88
224,33,0,33
20977,4,13,17
13566,89,36,125
900,25,1,26
21653,2,14,16
225,5,0,5
5312,107,27,134
22132,7,10,17
1379,7,0,7
20093,17,22,39
25823,0,8,8
5070,43,30,73
722,25,3,28
21475,0,3,3
10995,27,17,44
27231,0,8,8
6478,4,5,9
10941,11,7,18
1099,83,3,86
21852,2,4,6
22523,8,44,52
1770,27,1,28
12617,23,5,28
2344,39,16,55
2549,19,6,25
22999,22,63,85
2246,29,2,31
2657,8,2,10
23410,0,6,6
2953,12,4,16
3105,26,5,31
3690,13,6,19
3726,11,2,13
15299,4,1,5
5026,29,9,38
25779,4,21,25
5450,10,23,33
26203,10,54,64
5958,18,15,33
26711,0,31,31
6133,6,3,9
26886,2,7,9
11319,49,12,61
1046,33,3,36
21799,10,54,64
9836,78,44,122
9991,7,20,27
26429,9,51,60
5676,1,2,3
16156,116,84,200
16790,208,47,255
26964,4,30,34
6211,8,9,17
17639,9,33,42
7465,22,25,47
850,24,5,29
21603,34,61,95
1071,6,5,11
16530,14,7,21
21709,159,91,250
956,1,0,1
11609,17,2,19
21882,52,23,75
1129,9,0,9
22080,6,5,11
1327,25,0,25
1534,33,5,38
22287,8,22,30
1806,27,12,39
12101,41,11,52
12847,21,21,42
23120,4,19,23
2367,13,1,14
23523,19,24,43
2770,3,0,3
23759,4,19,23
3006,35,2,37
24213,3,61,64
3460,86,1,87
8853,23,16,39
19126,18,22,40
14066,7,3,10
229,8,0,8
9755,7,8,15
20028,1,2,3
230,9,0,9
20983,51,36,87
3319,9,2,11
24072,0,12,12
23865,9,4,13
3112,19,0,19
2038,25,9,34
4568,19,30,49
25321,8,41,49
3727,22,4,26
11080,11,9,20
15255,12,1,13
7497,34,19,53
17770,124,31,155
7802,6,15,21
18075,18,38,56
913,22,9,31
21666,0,5,5
2293,49,5,54
23046,3,17,20
22839,5,14,19
2086,9,0,9
25790,1,11,12
5037,3,0,3
1872,0,2,2
1987,69,17,86
22740,7,37,44
3455,6,1,7
24208,11,41,52
13952,2,2,4
3679,3,3,6
24432,8,43,51
3783,32,10,42
24536,0,10,10
24769,9,32,41
4016,9,1,10
4223,34,27,61
4484,22,10,32
25237,2,17,19
14829,235,81,316
8341,10,21,31
8862,14,15,29
9622,10,9,19
24533,2,8,10
3780,1,0,1
24812,2,16,18
4059,3,1,4
236,20,0,20
20989,4,36,40
361,50,3,53
21114,5,7,12
12611,18,17,35
2338,66,10,76
6954,9,4,13
27707,0,38,38
6911,9,5,14
27664,1,31,32
27457,3,82,85
6704,13,0,13
2642,9,1,10
23395,2,12,14
21780,36,38,74
1027,8,0,8
1234,5,4,9
21987,9,20,29
11507,18,2,20
5451,59,9,68
26204,3,26,29
15724,8,4,12
238,30,0,30
1030,5,1,6
2312,12,10,22
23065,2,10,12
2699,22,6,28
17960,7,10,17
3897,34,18,52
24650,10,30,40
24467,3,44,47
3714,10,2,12
3921,1,1,2
24674,3,15,18
17847,232,74,306
7574,23,23,46
720,1,0,1
10993,0,3,3
10838,2,2,4
11091,7,1,8
818,80,5,85
26838,1,17,18
6085,15,3,18
16565,1,3,4
4037,50,15,65
24790,1,4,5
8439,13,24,37
737,18,0,18
5824,30,6,36
26577,11,73,84
26370,1,22,23
5617,3,1,4
2806,44,16,60
24368,27,28,55
3615,11,5,16
6683,21,5,26
27415,1,25,26
6662,16,9,25
1980,47,15,62
22733,0,1,1
11964,40,13,53
7260,3,4,7
18591,60,41,101
8386,16,25,41
18659,48,16,64
13618,7,6,13
4605,52,24,76
26450,1,19,20
5697,15,7,22
7137,31,6,37
27683,0,52,52
6930,13,3,16
241,38,0,38
12099,5,4,9
1826,6,1,7
22579,10,28,38
8868,38,137,175
20162,52,79,131
3860,78,4,82
10515,68,8,76
1868,13,1,14
11447,46,85,131
3624,18,9,27
16393,5,10,15
11905,196,42,238
1632,15,6,21
14255,73,78,151
3015,29,5,34
23768,30,41,71
4357,2,2,4
24903,9,32,41
4150,7,0,7
22448,10,32,42
1695,2,0,2
1902,12,5,17
245,123,0,123
20998,14,14,28
1601,5,1,6
22354,1,2,3
22612,31,97,128
1859,14,0,14
2066,30,2,32
22819,8,21,29
2302,20,3,23
23055,2,4,6
3222,12,1,13
3662,30,4,34
24415,1,9,10
8749,10,9,19
4594,18,8,26
25347,1,3,4
15156,334,128,462
15676,7,9,16
27072,0,45,45
6319,5,6,11
6526,10,10,20
7537,14,13,27
18363,13,9,22
8090,1,2,3
8118,9,3,12
8294,12,6,18
9763,3,4,7
21773,4,5,9
1020,14,0,14
1227,19,1,20
21980,4,12,16
11500,49,26,75
12344,48,16,64
2771,14,3,17
13044,42,20,62
3188,9,4,13
23941,0,4,4
13461,8,3,11
23814,5,26,31
3061,7,4,11
13541,14,5,19
3619,1,4,5
24372,5,17,22
13892,42,25,67
14886,26,29,55
15167,31,19,50
27327,0,56,56
6574,23,12,35
17054,9,12,21
7269,30,82,112
17542,11,15,26
17996,5,14,19
18071,0,7,7
8837,10,12,22
19110,2,3,5
19369,5,9,14
9115,10,15,25
19388,4,10,14
19853,11,21,32
20086,5,21,26
70,13,0,13
20823,4,20,24
20616,9,35,44
10541,36,5,41
268,1,1,2
2303,51,10,61
22849,5,24,29
2096,41,9,50
24117,5,35,40
3364,18,0,18
14341,12,10,22
4068,40,8,48
24821,0,2,2
24614,1,7,8
3861,1,0,1
4723,31,8,39
25476,1,13,14
25269,3,23,26
4516,15,1,16
6055,21,37,58
16328,7,19,26
26601,2,19,21
5848,2,1,3
14670,52,16,68
18789,10,10,20
22534,10,118,128
1781,8,1,9
23330,7,23,30
2577,9,0,9
3017,15,20,35
23563,12,40,52
2810,1,0,1
2848,33,11,44
23601,10,65,75
3770,16,7,23
3871,48,15,63
24624,3,14,17
4002,29,11,40
4051,17,11,28
4786,11,9,20
25539,1,10,11
5354,34,18,52
26107,0,4,4
267,6,0,6
6678,16,9,25
27431,0,9,9
7632,7,14,21
8293,24,10,34
10111,9,8,17
14107,8,7,15
3834,12,2,14
24587,7,33,40
3134,18,5,23
8314,5,6,11
838,11,1,12
26600,2,14,16
5847,7,4,11
23468,24,65,89
2715,32,4,36
2922,18,2,20
300,204,2,206
21053,5,8,13
21911,19,18,37
1158,23,0,23
1365,12,7,19
10526,25,5,30
253,38,0,38
757,13,1,14
21510,0,1,1
4637,5,2,7
25390,2,21,23
782,20,3,23
11055,21,2,23
16142,69,38,107
2686,19,8,27
12959,16,3,19
3166,11,2,13
13439,21,8,29
13617,8,4,12
15875,7,26,33
16045,1,11,12
18692,2,2,4
8463,9,15,24
18736,3,4,7
9599,10,19,29
19872,2,1,3
9833,3,9,12
20106,0,4,4
25226,1,6,7
4473,5,1,6
511,13,2,15
21264,28,27,55
22065,16,28,44
1312,3,0,3
1519,18,3,21
22272,9,25,34
2008,20,4,24
26227,2,21,23
5474,2,0,2
5681,6,9,15
26434,1,26,27
6037,11,6,17
26790,0,21,21
26991,0,62,62
6238,22,10,32
1358,31,6,37
22111,7,41,48
17141,9,11,20
7027,21,7,28
7161,34,5,39
19004,4,6,10
8731,3,1,4
19708,0,3,3
9435,7,4,11
10036,5,3,8
1847,14,11,25
22600,1,8,9
12120,81,85,166
1946,22,2,24
22699,4,71,75
3124,27,7,34
23670,11,31,42
2917,63,2,65
25123,27,30,57
4370,13,4,17
15005,3,4,7
2375,18,7,25
23128,5,31,36
19767,10,4,14
5216,24,15,39
25969,0,38,38
22390,74,21,95
1637,6,0,6
1844,9,2,11
11566,2,2,4
1293,25,3,28
22046,0,9,9
26040,7,53,60
5287,4,2,6
16258,8,15,23
26531,3,23,26
5778,3,1,4
4379,27,6,33
25132,12,28,40
25524,1,3,4
4771,4,2,6
26930,1,4,5
6177,3,2,5
6384,5,2,7
27137,1,14,15
1297,19,10,29
22050,1,6,7
260,4,0,4
21013,3,18,21
7084,4,2,6
213,14,0,14
20966,12,12,24
25923,2,9,11
5170,4,1,5
7955,6,7,13
22797,176,153,329
2044,4,0,4
12524,74,15,89
3600,10,6,16
24146,26,68,94
3393,7,0,7
24174,17,39,56
3421,8,1,9
3983,28,8,36
24529,16,22,38
3776,9,3,12
26843,0,18,18
6090,8,4,12
16120,12,9,21
26393,2,13,15
5640,22,0,22
760,53,0,53
21513,50,37,87
10723,6,10,16
450,50,4,54
4122,19,14,33
24875,8,109,117
4319,10,18,28
25072,0,3,3
14643,123,33,156
264,3,0,3
22943,2,8,10
2190,7,1,8
11399,22,3,25
1126,17,3,20
21879,10,11,21
10519,13,2,15
2319,35,5,40
23072,19,25,44
22865,11,128,139
2112,10,1,11
3495,14,4,18
24248,1,5,6
269,15,0,15
21022,3,3,6
630,54,1,55
1665,15,12,27
11938,13,2,15
13778,1,1,2
15655,42,22,64
17597,38,29,67
4585,16,7,23
25338,0,1,1
27548,1,21,22
6795,6,40,46
2110,5,9,14
15109,14,6,20
4836,30,11,41
25382,5,27,32
4629,7,1,8
15930,99,39,138
5657,26,9,35
271,11,0,11
21024,30,45,75
15087,26,9,35
18437,12,28,40
8164,6,6,12
3077,21,14,35
20213,7,8,15
9940,4,3,7
272,5,0,5
21025,10,9,19
283,13,1,14
21036,3,6,9
11371,6,2,8
273,2,0,2
21026,2,10,12
274,31,0,31
21027,20,20,40
24044,5,25,30
3291,9,1,10
3498,22,4,26
24251,0,10,10
25455,0,22,22
4702,9,3,12
4909,17,4,21
25662,1,10,11
12795,35,25,60
2621,43,10,53
23374,1,2,3
19108,6,19,25
9438,5,23,28
19711,9,38,47
10705,22,10,32
432,64,4,68
1700,41,11,52
22453,10,16,26
2075,15,2,17
12425,31,43,74
2152,28,2,30
22905,1,3,4
3121,19,1,20
23874,2,13,15
4239,50,21,71
24992,5,45,50
26542,9,27,36
5789,28,7,35
8319,24,25,49
9950,67,72,139
4012,51,36,87
24558,12,37,49
3805,16,1,17
2359,17,6,23
24890,9,30,39
4137,12,4,16
4344,16,11,27
25097,1,3,4
8027,7,14,21
9336,16,25,41
9429,7,14,21
1707,23,3,26
22460,0,11,11
8495,31,10,41
12029,6,5,11
849,12,3,15
21602,1,21,22
1778,8,2,10
22531,11,15,26
25343,1,10,11
4590,31,0,31
4797,19,6,25
25550,0,19,19
6709,23,4,27
27462,0,13,13
27387,1,32,33
6634,4,0,4
7445,10,17,27
7766,142,33,175
280,6,0,6
21033,6,2,8
5367,70,26,96
17186,8,12,20
23293,3,23,26
2540,18,3,21
26951,0,2,2
6198,1,1,2
281,111,0,111
396,79,2,81
21149,3,10,13
10790,19,5,24
517,49,6,55
21270,3,31,34
729,35,11,46
975,86,12,98
3093,6,15,21
23846,21,44,65
13924,8,8,16
14069,10,5,15
3796,9,10,19
24549,1,11,12
3923,13,9,22
15846,157,37,194
5573,5,17,22
26326,1,16,17
27611,1,39,40
6858,7,1,8
27748,0,54,54
6995,5,3,8
1744,4,2,6
15578,7,5,12
17969,13,12,25
20432,9,44,53
1690,2,1,3
17805,8,12,20
21748,8,16,24
995,9,0,9
22627,4,22,26
1874,6,0,6
25651,0,9,9
4898,4,0,4
26276,1,25,26
5523,26,0,26
909,15,0,15
1491,20,1,21
22244,9,16,25
1549,27,2,29
7197,17,9,26
10648,8,8,16
11403,5,6,11
12018,11,14,25
13019,0,6,6
17835,4,13,17
18478,3,11,14
19197,4,20,24
911,17,0,17
21664,5,7,12
5776,11,3,14
26529,0,11,11
9401,33,8,41
13556,17,10,27
14296,7,10,17
14565,20,6,26
15772,17,9,26
26123,0,17,17
5370,86,5,91
26669,0,15,15
5916,5,2,7
912,45,0,45
21665,3,14,17
1079,28,1,29
2099,14,2,16
22852,0,7,7
4243,6,2,8
4249,13,3,16
25002,0,2,2
5290,8,4,12
26043,3,37,40
7119,12,9,21
7143,19,7,26
7565,46,13,59
8366,6,6,12
8367,6,7,13
8835,11,13,24
9565,6,8,14
9704,6,17,23
17399,7,2,9
915,3,0,3
21668,5,10,15
6398,7,4,11
27151,0,3,3
9413,4,6,10
25208,0,9,9
4455,15,1,16
916,10,0,10
21669,5,17,22
9705,2,1,3
12163,20,1,21
13483,12,7,19
13646,11,6,17
14083,13,9,22
15521,8,3,11
16555,7,4,11
20289,5,5,10
917,18,0,18
2423,24,3,27
23176,23,56,79
4915,19,5,24
17065,7,3,10
17101,7,12,19
19665,12,4,16
20059,12,8,20
24394,4,15,19
3641,11,1,12
25612,2,11,13
4859,4,0,4
27047,6,10,16
6294,11,7,18
27449,0,23,23
6696,6,5,11
9624,4,4,8
2840,28,3,31
23593,14,29,43
4698,31,13,44
5746,60,27,87
26499,1,10,11
6807,20,26,46
27560,0,11,11
7229,43,20,63
7814,11,12,23
8307,23,26,49
9338,13,26,39
2885,7,15,22
4086,22,4,26
7825,2,8,10
8402,2,6,8
8476,3,2,5
9289,10,22,32
921,13,0,13
9861,6,1,7
922,11,0,11
12066,11,4,15
12372,4,1,5
13079,13,6,19
19345,4,4,8
19572,2,11,13
20396,6,3,9
24175,3,12,15
3422,16,1,17
26737,1,16,17
5984,15,3,18
923,2,0,2
11392,22,2,24
6352,17,9,26
7286,8,3,11
8321,26,8,34
10398,29,4,33
20109,8,26,34
23683,3,13,16
2930,4,0,4
26002,2,18,20
5249,25,0,25
11860,1,6,7
17192,13,21,34
18125,28,51,79
18171,5,3,8
18729,1,7,8
20026,4,9,13
927,6,0,6
21680,1,7,8
12793,13,1,14
18981,5,8,13
928,2,0,2
929,2,0,2
4989,3,2,5
25742,4,9,13
14471,5,12,17
930,4,0,4
21683,11,50,61
13701,4,5,9
17886,2,7,9
19086,0,6,6
6935,0,3,3
27688,0,9,9
8281,4,3,7
932,15,0,15
6707,16,12,28
27460,0,17,17
27057,0,25,25
6304,1,0,1
933,18,0,18
1574,21,1,22
24456,4,14,18
3703,5,0,5
7570,8,1,9
12223,6,3,9
13481,0,2,2
17449,18,13,31
935,17,0,17
7735,14,11,25
17055,8,7,15
25815,0,11,11
5062,13,0,13
938,12,0,12
21691,0,6,6
3544,13,2,15
5432,10,3,13
26185,0,12,12
6919,9,5,14
27672,0,19,19
12623,6,5,11
13855,2,6,8
15417,3,7,10
15842,3,9,12
2105,13,1,14
22858,2,25,27
17599,58,22,80
18557,45,21,66
18762,44,42,86
22316,11,19,30
1563,12,0,12
26084,4,25,29
5331,22,4,26
8591,3,8,11
8795,26,17,43
27642,0,30,30
6889,5,2,7
8278,14,2,16
944,4,0,4
21697,1,10,11
27729,0,4,4
6976,51,23,74
945,8,0,8
6794,8,2,10
27547,0,17,17
17094,5,10,15
946,4,0,4
21699,1,7,8
947,0,1,1
21700,7,28,35
4460,4,5,9
25213,0,16,16
4504,3,5,8
25257,0,7,7
26242,0,1,1
5489,5,0,5
948,25,0,25
1969,10,2,12
22722,0,5,5
3836,35,12,47
24589,1,7,8
5431,5,12,17
6277,7,7,14
27030,0,14,14
9341,11,30,41
25967,4,24,28
5214,16,2,18
1728,4,1,5
22481,33,20,53
4611,23,8,31
25364,1,22,23
5780,16,8,24
7970,16,7,23
8064,12,10,22
9099,0,14,14
9323,6,8,14
9801,5,19,24
17324,78,47,125
19046,50,26,76
950,38,0,38
21703,15,15,30
2905,35,6,41
6138,7,4,11
7370,45,14,59
11142,9,4,13
11367,14,4,18
12001,5,5,10
12914,12,20,32
13349,7,8,15
13496,5,22,27
15181,3,4,7
951,1,0,1
4291,11,2,13
17775,41,45,86
18372,6,6,12
20651,3,18,21
20753,48,46,94
21998,27,26,53
1245,14,1,15
953,23,0,23
21706,9,3,12
17088,29,25,54
27071,1,18,19
6318,26,4,30
954,3,0,3
20055,16,23,39
20517,2,7,9
957,9,0,9
21710,0,5,5
9567,4,1,5
10530,4,1,5
11920,28,6,34
12124,4,5,9
15369,7,8,15
958,26,0,26
21711,3,49,52
10331,106,12,118
16334,95,25,120
959,6,0,6
6079,2,1,3
6169,6,1,7
26922,0,6,6
14521,6,3,9
20336,4,10,14
23039,5,12,17
2286,21,0,21
26515,2,7,9
5762,3,0,3
4569,18,10,28
962,10,0,10
21715,2,13,15
9816,2,7,9
1061,19,1,20
21814,0,6,6
1424,38,1,39
22177,2,54,56
10147,4,1,5
10418,11,3,14
10766,8,1,9
17768,81,28,109
25181,11,76,87
4428,5,1,6
964,13,0,13
21717,4,12,16
3652,6,2,8
24405,1,13,14
4214,7,1,8
10965,74,2,76
14216,3,5,8
15442,17,5,22
9843,2,4,6
2589,14,9,23
23342,1,5,6
5718,38,13,51
968,24,0,24
8993,32,1,33
9198,26,14,40
14257,4,2,6
11929,11,10,21
4487,8,3,11
25240,0,7,7
16732,19,32,51
19975,3,5,8
20182,31,28,59
11784,7,3,10
12787,12,9,21
14455,1,10,11
15664,2,9,11
972,18,0,18
1004,47,1,48
21757,2,5,7
1253,41,5,46
22006,0,6,6
1452,24,13,37
22205,32,18,50
1462,26,9,35
1463,77,17,94
22216,8,21,29
2113,11,10,21
22866,1,2,3
3007,14,20,34
3347,2,6,8
24100,1,22,23
3618,8,9,17
3893,51,18,69
6084,6,6,12
7413,1,8,9
7470,5,19,24
7728,21,35,56
4848,18,14,32
25601,2,21,23
5736,11,9,20
6297,3,5,8
27050,0,9,9
6757,0,2,2
27510,1,19,20
8008,7,14,21
8078,0,8,8
8357,5,8,13
9069,3,7,10
9572,3,11,14
9879,4,7,11
10075,2,16,18
976,12,0,12
2245,5,1,6
2477,15,1,16
4179,8,2,10
24932,1,14,15
7139,4,4,8
25555,1,2,3
4802,16,16,32
25606,0,4,4
4853,18,0,18
3026,28,2,30
23779,0,4,4
9326,6,15,21
12399,17,8,25
18096,58,36,94
19348,14,24,38
25241,6,47,53
4488,1,0,1
25607,6,15,21
4854,3,0,3
981,3,0,3
17911,7,20,27
1348,80,8,88
1638,21,5,26
22391,4,28,32
2102,18,6,24
2136,54,27,81
22889,12,23,35
2628,24,5,29
23381,2,10,12
4266,35,19,54
5174,17,30,47
25927,0,6,6
5634,7,9,16
26387,1,5,6
6353,26,17,43
27106,0,9,9
8280,15,19,34
8345,5,12,17
9075,16,29,45
985,19,0,19
21738,2,3,5
1553,18,1,19
3211,10,1,11
3680,5,2,7
4689,5,1,6
25442,1,17,18
17930,24,22,46
25280,2,12,14
4527,5,1,6
26783,0,8,8
6030,7,23,30
3700,35,6,41
24453,3,17,20
7113,22,8,30
7389,36,1,37
9481,11,20,31
9544,28,9,37
9811,16,2,18
18586,22,32,54
19500,1,40,41
19940,7,7,14
27250,0,32,32
6497,14,10,24
2354,8,4,12
23107,1,1,2
2531,17,2,19
3900,16,14,30
24653,1,2,3
5477,54,30,84
26230,1,4,5
6436,15,7,22
8384,28,58,86
19735,60,28,88
20013,37,20,57
11313,5,2,7
13145,8,6,14
16220,2,6,8
17353,9,21,30
18469,3,1,4
19578,0,5,5
19986,6,8,14
20042,11,11,22
20551,2,9,11
1765,22,5,27
22518,8,31,39
1863,11,2,13
22616,15,12,27
9378,3,23,26
992,10,0,10
25798,1,11,12
5045,12,1,13
26488,0,12,12
5735,4,0,4
993,16,0,16
2336,15,1,16
10179,4,35,39
1084,26,1,27
21837,20,21,41
8173,10,5,15
10678,17,6,23
17251,7,27,34
18365,8,24,32
996,1,0,1
21749,29,20,49
2042,10,1,11
4560,4,3,7
25313,0,4,4
10352,1,7,8
23684,1,9,10
2931,7,0,7
1068,20,2,22
21821,0,16,16
1422,38,8,46
22175,13,43,56
1922,15,19,34
1975,12,4,16
2135,38,10,48
2538,7,9,16
2626,28,10,38
23379,5,8,13
5426,39,9,48
26179,3,22,25
7333,41,12,53
7338,12,23,35
8303,3,3,6
8310,8,18,26
8462,18,24,42
8592,13,26,39
8983,10,21,31
999,14,0,14
21752,1,1,2
1316,13,2,15
2533,13,4,17
23286,2,4,6
8453,2,11,13
10282,3,11,14
10698,42,14,56
15982,8,5,13
1000,4,0,4
21753,4,24,28
7257,14,6,20
19695,1,3,4
1001,2,0,2
14669,32,6,38
1002,22,0,22
1041,16,1,17
2355,19,3,22
2865,15,4,19
23618,8,27,35
15715,124,44,168
17287,24,8,32
19774,16,10,26
20274,19,19,38
22014,16,35,51
1261,1,0,1
23440,3,17,20
2687,21,0,21
24730,4,15,19
3977,1,1,2
7173,6,2,8
7277,15,13,28
7424,18,8,26
6355,7,9,16
27108,4,26,30
8427,17,32,49
9617,2,6,8
10300,15,5,20
10355,38,6,44
14644,5,8,13
25033,12,40,52
4280,11,5,16
26548,5,31,36
5795,18,6,24
3945,24,13,37
24698,5,11,16
7697,14,4,18
9696,10,27,37
9916,6,19,25
3000,9,2,11
9177,21,20,41
18587,30,12,42
18714,30,25,55
19263,16,66,82
19509,6,21,27
19766,7,26,33
19875,10,35,45
22541,2,9,11
1788,11,1,12
23018,5,24,29
2265,29,2,31
25304,4,28,32
4551,7,4,11
1009,12,0,12
21762,3,6,9
21920,7,10,17
1167,8,0,8
11094,1,1,2
20461,64,31,95
22131,6,15,21
1378,10,0,10
10296,40,9,49
10918,18,9,27
13123,6,6,12
14490,7,10,17
14572,4,7,11
15221,0,2,2
15425,11,34,45
21961,3,27,30
1208,8,0,8
24348,3,14,17
3595,3,1,4
26958,4,18,22
6205,9,11,20
12072,39,19,58
14468,16,24,40
1014,11,0,11
1015,1,0,1
8135,1,1,2
9928,3,11,14
13211,34,12,46
13543,29,5,34
1018,101,0,101
6549,49,12,61
27302,0,9,9
6729,69,15,84
27482,0,30,30
6838,33,30,63
7003,32,39,71
27756,0,20,20
7093,35,8,43
7107,26,25,51
7190,51,23,74
7216,40,51,91
7369,14,18,32
7375,15,25,40
7455,15,83,98
7463,38,12,50
7483,33,18,51
7487,19,51,70
7525,20,11,31
7585,8,17,25
7591,26,26,52
7692,20,12,32
7793,5,35,40
7826,12,19,31
7886,6,11,17
7944,20,30,50
7956,31,17,48
7986,15,29,44
8057,33,19,52
8067,12,7,19
8141,19,20,39
8179,16,20,36
8190,20,21,41
8217,11,24,35
8332,25,41,66
8348,7,20,27
8545,11,37,48
8615,18,22,40
8619,19,13,32
8691,18,18,36
8767,5,19,24
8782,8,14,22
8786,3,12,15
8828,4,17,21
8878,13,19,32
9027,10,20,30
9031,15,30,45
9103,17,37,54
9132,3,26,29
9309,10,15,25
9616,3,13,16
9807,2,21,23
9815,8,20,28
9820,15,20,35
9952,4,53,57
9970,9,13,22
9981,6,62,68
10046,12,37,49
10246,3,51,54
10250,7,16,23
12427,6,11,17
12730,47,51,98
12816,18,20,38
13143,36,9,45
13436,13,18,31
13620,21,73,94
15911,27,97,124
17524,6,22,28
19038,6,29,35
1019,9,0,9
1944,6,1,7
22697,1,7,8
23000,8,9,17
2247,9,0,9
3133,16,6,22
4057,12,2,14
10739,16,5,21
11282,11,13,24
12571,6,5,11
12840,7,5,12
14796,7,6,13
19494,5,14,19
1021,14,0,14
25087,1,13,14
4334,3,1,4
2074,26,1,27
22827,7,5,12
4183,28,8,36
11235,9,1,10
1429,33,1,34
22182,8,34,42
2045,35,2,37
22798,4,20,24
2766,26,2,28
23519,3,29,32
7024,13,9,22
7373,19,10,29
7480,19,26,45
7508,27,21,48
8062,11,20,31
8331,17,10,27
8537,20,14,34
8604,21,18,39
8612,12,15,27
9080,20,23,43
9143,31,31,62
9775,10,6,16
9887,3,29,32
9966,17,35,52
10271,10,35,45
17299,6,29,35
17766,17,85,102
18621,4,15,19
20045,44,29,73
2449,19,2,21
23202,2,8,10
3360,31,4,35
8054,17,7,24
16550,55,31,86
25173,5,31,36
4420,20,4,24
26474,3,63,66
5721,4,1,5
1026,2,0,2
21779,6,25,31
25336,0,2,2
4583,6,1,7
6001,11,2,13
12670,19,14,33
15391,0,1,1
17726,13,10,23
18551,41,19,60
11120,12,11,23
27098,2,19,21
6345,12,9,21
1031,16,0,16
21784,2,10,12
2527,16,1,17
23280,2,17,19
3088,10,2,12
5341,17,4,21
26094,2,19,21
15231,18,13,31
16395,3,12,15
20312,12,5,17
23401,1,18,19
2648,7,1,8
23433,2,19,21
2680,1,0,1
3793,30,1,31
24546,0,4,4
8998,25,30,55
9317,16,56,72
9830,18,21,39
15567,77,18,95
15868,79,23,102
16264,60,16,76
16710,125,45,170
18246,11,8,19
20697,8,22,30
22433,1,15,16
1680,26,1,27
1034,11,0,11
21787,0,9,9
7092,3,4,7
9437,2,2,4
17751,1,6,7
17993,2,5,7
23730,1,11,12
2977,2,0,2
26557,0,3,3
5804,2,0,2
1036,17,0,17
21789,4,2,6
10319,28,7,35
23765,5,8,13
3012,3,0,3
27730,1,38,39
6977,41,15,56
27750,0,41,41
6997,69,12,81
11998,28,10,38
25453,7,20,27
4700,30,2,32
1038,7,0,7
21791,1,6,7
5330,5,3,8
26083,0,9,9
22262,2,2,4
1509,21,0,21
25903,0,8,8
5150,18,9,27
1856,16,3,19
16998,4,11,15
18662,6,13,19
27505,0,12,12
6752,23,38,61
9813,9,6,15
7074,5,13,18
9619,5,8,13
13686,36,10,46
14078,23,10,33
15928,31,20,51
18747,27,28,55
1044,17,0,17
6470,4,2,6
27223,0,37,37
7630,2,4,6
9283,3,2,5
10913,13,6,19
11025,10,3,13
11405,13,6,19
12437,10,1,11
13159,11,2,13
14441,10,7,17
1450,18,2,20
22203,4,19,23
1882,17,3,20
2769,30,1,31
23522,10,10,20
5737,21,5,26
8480,8,7,15
8561,10,8,18
1047,3,0,3
21800,0,9,9
10689,42,3,45
16986,56,58,114
5792,10,1,11
7951,5,4,9
5219,5,3,8
25972,2,39,41
1051,12,0,12
11380,1,1,2
11697,4,3,7
11939,10,1,11
13124,1,2,3
15063,9,4,13
1052,5,0,5
15768,4,6,10
25163,1,19,20
4410,14,1,15
9315,2,40,42
19716,19,53,72
23560,26,33,59
2807,3,0,3
25789,2,27,29
5036,4,5,9
5670,11,6,17
26423,3,18,21
1055,9,0,9
3728,16,2,18
13086,17,5,22
14794,9,13,22
19117,5,15,20
19421,4,4,8
7622,3,18,21
1057,8,0,8
22877,14,4,18
2124,10,0,10
1059,2,0,2
21812,4,30,34
12742,4,5,9
9155,3,3,6
24752,1,10,11
3999,2,1,3
17018,11,6,17
21946,4,9,13
1193,1,0,1
27348,0,13,13
6595,6,0,6
1063,15,0,15
21816,18,42,60
7008,24,9,33
27761,0,12,12
7613,8,3,11
24861,12,44,56
4108,4,1,5
7112,15,8,23
20540,5,15,20
24994,4,72,76
4241,24,2,26
1067,6,0,6
1577,12,1,13
22330,5,57,62
2693,9,2,11
23446,4,5,9
27364,0,13,13
6611,18,7,25
27739,0,15,15
6986,21,17,38
10591,4,1,5
27435,1,70,71
6682,10,5,15
2198,47,2,49
2903,11,2,13
8381,7,7,14
8513,7,8,15
20392,11,6,17
9729,5,3,8
9093,3,3,6
1074,31,0,31
10587,6,3,9
14452,12,2,14
14862,8,2,10
15125,2,6,8
16516,12,4,16
16570,10,11,21
18406,0,9,9
19210,10,8,18
20165,18,39,57
5968,22,6,28
26721,1,34,35
7104,21,23,44
9368,12,10,22
17002,9,11,20
5383,9,2,11
26136,3,24,27
21921,7,49,56
1168,9,0,9
26397,3,23,26
5644,12,8,20
17621,37,30,67
18091,18,46,64
6203,8,12,20
11336,25,4,29
12501,7,8,15
13310,16,6,22
14163,1,15,16
14233,17,18,35
14761,2,5,7
17493,5,12,17
17538,1,9,10
18212,6,32,38
18243,0,2,2
18438,6,7,13
19092,3,4,7
2944,26,6,32
3815,9,16,25
24568,15,20,35
4584,5,11,16
25337,3,32,35
5995,22,6,28
26748,0,20,20
7275,10,9,19
7459,7,11,18
8883,6,8,14
9062,4,2,6
9411,10,17,27
10825,14,1,15
11348,28,6,34
16756,1,3,4
17949,11,10,21
18631,6,6,12
19171,5,13,18
1085,1,0,1
17142,4,4,8
1087,24,0,24
11555,10,3,13
13018,7,5,12
15006,10,9,19
15251,2,2,4
15319,2,2,4
16007,18,15,33
16465,11,7,18
18894,3,2,5
19074,5,9,14
8238,9,9,18
8874,15,7,22
4613,5,4,9
7877,5,16,21
8921,3,9,12
9374,4,8,12
24110,3,9,12
3357,6,1,7
23806,7,5,12
3053,3,1,4
1895,18,3,21
22648,3,10,13
1094,5,0,5
21847,0,3,3
15853,5,4,9
15854,10,3,13
1095,1,0,1
21848,1,10,11
15635,12,29,41
1096,14,0,14
21849,0,9,9
6440,14,5,19
9008,7,8,15
18993,21,8,29
7340,1,5,6
1098,14,0,14
2189,6,1,7
22942,0,13,13
12353,10,3,13
12558,4,1,5
12630,3,2,5
14096,1,1,2
16307,3,2,5
18100,1,4,5
19039,2,5,7
24788,0,4,4
4035,23,2,25
5692,26,7,33
6204,9,7,16
26957,2,38,40
7694,24,14,38
8579,22,6,28
23318,16,22,38
2565,5,0,5
26440,1,32,33
5687,3,1,4
17210,15,17,32
12436,2,2,4
1103,2,0,2
21856,6,8,14
18863,2,5,7
1387,2,1,3
4196,2,2,4
27270,0,2,2
6517,5,2,7
8119,0,1,1
5324,35,13,48
26077,1,6,7
7566,11,4,15
2277,9,2,11
4030,10,3,13
7132,6,5,11
8209,6,4,10
9643,5,14,19
8787,14,5,19
9756,10,4,14
17132,8,10,18
17708,11,9,20
18651,5,9,14
20386,11,16,27
23926,2,22,24
3173,1,2,3
3493,16,2,18
4450,11,6,17
6644,11,7,18
27397,0,3,3
6994,10,3,13
27747,0,134,134
7082,26,13,39
9056,31,5,36
16533,39,14,53
17891,3,12,15
18786,39,22,61
25661,2,7,9
4908,10,6,16
1115,14,0,14
21868,1,9,10
2199,10,1,11
22952,2,37,39
15555,6,13,19
12111,2,4,6
14893,0,12,12
25939,0,13,13
5186,2,0,2
2877,6,5,11
23630,5,31,36
8369,17,10,27
19605,2,16,18
22313,4,10,14
1560,1,0,1
23606,11,29,40
2853,9,0,9
20053,3,12,15
11635,46,18,64
11657,14,13,27
13664,23,39,62
15373,15,41,56
20425,77,29,106
1124,26,0,26
1681,13,1,14
7657,10,6,16
12184,11,12,23
13303,24,7,31
14161,15,7,22
16602,4,10,14
16945,8,6,14
18285,4,16,20
18304,1,16,17
23641,1,19,20
2888,0,1,1
24349,0,3,3
3596,9,0,9
1125,1,0,1
19590,1,1,2
10080,14,14,28
2813,12,1,13
23566,14,16,30
13587,2,2,4
14768,6,9,15
15363,9,17,26
17450,10,19,29
18273,3,6,9
15807,3,6,9
17417,61,39,100
17778,31,33,64
25767,2,9,11
5014,15,2,17
6539,11,16,27
27292,0,2,2
10078,19,38,57
18088,16,16,32
24618,3,17,20
3865,49,14,63
27509,0,15,15
6756,3,0,3
9096,9,6,15
18616,47,43,90
3565,3,2,5
24318,5,6,11
12903,2,6,8
7353,32,7,39
8315,4,6,10
8726,24,33,57
23508,2,10,12
2755,10,2,12
1137,10,0,10
7713,16,5,21
7878,20,28,48
16194,9,18,27
20299,21,23,44
2241,8,1,9
3636,34,5,39
7225,8,3,11
7999,11,5,16
8697,8,5,13
9238,13,6,19
13966,7,9,16
22626,1,6,7
1873,17,1,18
12447,24,11,35
13853,21,8,29
13904,6,5,11
18222,7,25,32
1143,4,0,4
4372,7,9,16
25125,4,27,31
18158,4,15,19
19418,1,19,20
24095,1,3,4
3342,5,1,6
23090,2,18,20
2337,1,0,1
26358,0,22,22
5605,14,2,16
4948,26,15,41
25701,1,15,16
10483,31,5,36
13027,5,2,7
13863,7,5,12
25136,7,22,29
4383,6,1,7
25225,0,2,2
4472,11,5,16
1148,3,0,3
1756,2,1,3
22509,5,10,15
25723,1,6,7
4970,17,1,18
3440,24,12,36
24193,0,3,3
7816,6,14,20
1153,1,0,1
1154,11,0,11
3302,16,1,17
18764,8,9,17
23125,3,9,12
2372,14,0,14
15833,4,4,8
16839,1,11,12
6676,21,11,32
27429,0,11,11
1160,3,0,3
21913,8,23,31
3769,0,1,1
3826,45,1,46
24579,3,98,101
4823,14,4,18
5019,7,5,12
5194,13,3,16
6254,47,12,59
27007,1,27,28
6285,16,7,23
6502,23,9,32
27255,0,1,1
6680,13,8,21
6941,17,12,29
27694,0,10,10
7044,10,5,15
7055,8,12,20
7303,21,48,69
7912,14,8,22
8072,28,43,71
8076,10,10,20
8361,20,17,37
8393,8,11,19
8449,10,25,35
8572,6,21,27
8584,16,27,43
8618,2,18,20
8700,7,25,32
8857,2,10,12
9000,1,4,5
9284,3,8,11
14650,1,4,5
16861,1,5,6
1524,25,1,26
3692,11,2,13
24445,6,34,40
5229,12,2,14
8551,2,9,11
8622,0,4,4
10153,1,13,14
10847,26,5,31
13095,7,12,19
13295,9,6,15
1164,29,0,29
6471,219,10,229
27224,0,8,8
27085,0,10,10
6332,3,14,17
6217,18,8,26
26970,0,46,46
7848,11,2,13
8097,10,5,15
8815,11,6,17
9119,9,10,19
9337,3,9,12
9656,6,15,21
9717,19,18,37
10169,15,6,21
10231,7,11,18
13344,0,7,7
17005,0,8,8
5025,4,2,6
25778,1,25,26
25945,0,5,5
5192,10,12,22
1367,3,1,4
22120,8,15,23
1434,1,1,2
22187,0,3,3
1169,1,0,1
1171,4,0,4
21924,10,47,57
7409,3,2,5
9007,0,1,1
7568,5,19,24
7737,19,8,27
18517,15,40,55
19364,32,30,62
20577,3,10,13
1174,20,0,20
21927,1,9,10
6541,6,1,7
27294,0,3,3
7200,5,2,7
9655,5,4,9
17359,13,8,21
24600,2,10,12
3847,5,0,5
6200,13,5,18
6948,16,11,27
27701,0,12,12
8762,17,29,46
9041,3,10,13
9417,6,4,10
9716,5,22,27
7472,62,7,69
25708,2,10,12
4955,5,7,12
1177,18,0,18
1220,3,1,4
8044,6,2,8
1408,23,2,25
3640,0,2,2
6330,2,2,4
27083,1,39,40
7512,2,2,4
7639,11,3,14
8171,2,3,5
8733,12,2,14
10926,30,3,33
14626,19,8,27
15267,27,12,39
15844,21,4,25
17866,10,9,19
18238,20,23,43
19498,10,28,38
3084,2,2,4
1180,5,0,5
21933,6,8,14
11125,4,16,20
15071,1,8,9
19763,9,93,102
1181,4,0,4
15962,0,11,11
1182,14,0,14
3072,20,3,23
10112,16,6,22
13570,5,15,20
1186,12,1,13
1187,10,2,12
1190,7,4,11
10393,14,8,22
15052,8,12,20
17463,0,10,10
23790,4,13,17
3037,5,0,5
4893,11,6,17
8101,4,10,14
17048,0,4,4
2679,6,2,8
23432,3,11,14
18201,3,6,9
18753,15,9,24
11032,15,2,17
25429,6,26,32
4676,17,2,19
6803,23,33,56
27556,1,9,10
6904,58,19,77
27657,0,42,42
7278,24,15,39
7980,23,7,30
18020,2,5,7
19938,3,33,36
3763,5,1,6
24516,2,10,12
8029,13,12,25
8123,11,16,27
2019,40,4,44
22772,0,5,5
2964,42,7,49
23717,0,3,3
19276,12,27,39
24660,2,42,44
3907,1,0,1
25331,8,26,34
4578,22,0,22
3456,27,7,34
24209,0,13,13
6774,10,7,17
27527,0,25,25
8646,17,42,59
9644,22,47,69
14379,2,15,17
20019,14,27,41
20342,9,20,29
7839,2,2,4
24566,18,27,45
3813,23,1,24
2205,9,1,10
22958,5,43,48
4910,15,5,20
25663,3,27,30
7798,6,11,17
7945,13,16,29
8055,12,11,23
1205,2,0,2
21958,21,31,52
8107,2,8,10
2889,2,3,5
3368,17,8,25
8777,3,3,6
7680,17,5,22
8699,5,3,8
9470,1,2,3
13495,10,3,13
13931,13,9,22
6361,23,7,30
7165,22,8,30
7949,7,7,14
8220,55,7,62
8546,8,4,12
8704,7,10,17
9645,12,14,26
10904,30,11,41
11705,18,13,31
11973,17,4,21
13147,27,11,38
13263,0,7,7
13558,13,13,26
13614,16,16,32
13736,11,12,23
13813,20,25,45
15976,7,20,27
16047,6,12,18
26910,0,21,21
6157,11,3,14
1213,2,0,2
21966,4,5,9
8512,5,2,7
13665,20,3,23
15673,18,8,26
15719,19,19,38
16538,8,15,23
18872,20,24,44
20110,9,27,36
24860,3,31,34
4107,29,1,30
26464,2,92,94
5711,8,0,8
4728,5,5,10
14331,15,10,25
14392,12,3,15
14414,12,4,16
15835,4,6,10
19028,4,8,12
1217,1,0,1
20435,7,22,29
7053,18,17,35
7540,17,17,34
5749,44,56,100
26502,0,10,10
5802,45,60,105
26555,0,6,6
14103,2,1,3
5840,20,10,30
26593,4,25,29
9691,4,2,6
8840,7,9,16
26076,0,4,4
5323,5,3,8
27148,0,13,13
6395,5,2,7
7036,7,3,10
7154,7,4,11
7674,9,7,16
8106,2,7,9
9253,9,12,21
9532,6,4,10
1224,26,0,26
20394,12,28,40
3265,29,6,35
24018,10,15,25
9226,3,10,13
3335,5,1,6
3539,3,1,4
10579,13,2,15
12088,5,5,10
16205,28,16,44
18167,34,25,59
1228,45,0,45
8779,29,3,32
15131,39,12,51
16497,36,10,46
19248,6,26,32
20669,3,22,25
22651,18,21,39
1898,1,0,1
24729,1,20,21
3976,7,1,8
3401,4,3,7
14969,7,7,14
1231,11,1,12
21984,6,27,33
4147,14,3,17
24900,7,48,55
5078,16,6,22
25831,1,3,4
7564,4,3,7
8245,11,5,16
10396,64,24,88
10720,46,15,61
11533,35,20,55
13512,0,1,1
15531,13,11,24
16138,10,5,15
24259,1,7,8
3506,11,3,14
24571,2,2,4
3818,14,2,16
27021,2,24,26
6268,14,6,20
11145,23,3,26
12150,7,5,12
12415,19,7,26
12519,11,7,18
19595,6,12,18
10294,15,2,17
11733,2,4,6
22642,6,40,46
1889,11,0,11
14312,0,1,1
1235,16,0,16
21988,6,4,10
19604,13,18,31
19037,3,18,21
15305,2,1,3
20707,0,2,2
16452,18,64,82
10392,4,2,6
26274,0,11,11
5521,10,3,13
18318,1,4,5
1241,6,0,6
21994,1,23,24
9488,12,30,42
1242,5,0,5
3311,4,1,5
24064,8,41,49
1244,14,0,14
21997,1,39,40
1550,12,2,14
17160,4,1,5
17384,0,3,3
18718,0,3,3
20052,6,20,26
11780,3,1,4
16492,1,8,9
16639,1,7,8
17033,1,12,13
8036,20,17,37
8486,13,6,19
9035,20,9,29
10264,3,13,16
16093,55,23,78
17731,60,31,91
22044,13,35,48
1291,22,0,22
23529,8,7,15
2776,3,1,4
7366,12,8,20
8991,12,4,16
9730,8,3,11
19968,6,7,13
20173,45,20,65
20236,2,11,13
22708,18,22,40
1955,2,0,2
1252,3,0,3
7250,2,2,4
10629,1,2,3
14189,37,14,51
25988,1,13,14
5235,1,0,1
27401,0,12,12
6648,10,12,22
3957,39,7,46
25777,9,16,25
5024,36,12,48
25794,7,39,46
5041,4,1,5
1260,11,0,11
9583,5,1,6
17858,2,8,10
18945,50,29,79
25310,5,32,37
4557,1,0,1
14112,2,2,4
24093,2,52,54
3340,21,0,21
26831,1,27,28
6078,1,3,4
19244,13,38,51
22475,20,55,75
1722,6,1,7
1265,10,0,10
1267,11,1,12
1278,6,2,8
4672,9,6,15
6426,11,21,32
27179,0,27,27
27375,1,18,19
6622,8,5,13
7795,14,4,18
9732,10,10,20
7123,5,5,10
10068,0,4,4
10209,5,5,10
2594,30,2,32
4982,15,4,19
5185,15,4,19
5922,5,6,11
9419,3,7,10
15822,18,8,26
16841,7,10,17
18174,35,31,66
19455,10,23,33
25024,1,30,31
4271,12,1,13
1285,0,1,1
22038,9,46,55
1272,8,0,8
22025,5,3,8
1274,14,0,14
6511,14,7,21
27264,0,20,20
7311,5,4,9
20357,8,17,25
1674,10,1,11
22427,4,16,20
2790,2,1,3
23543,0,26,26
4098,10,2,12
24851,1,7,8
9603,8,16,24
11021,12,5,17
11944,22,66,88
13189,4,7,11
15104,3,35,38
16813,12,19,31
18396,6,13,19
18632,5,10,15
20582,7,15,22
1276,16,0,16
4647,6,3,9
25400,2,15,17
6206,18,4,22
26959,0,20,20
6464,2,2,4
27217,0,3,3
7446,5,3,8
9519,1,3,4
10235,9,11,20
23066,4,14,18
2313,1,0,1
1747,27,1,28
22500,1,6,7
18589,6,6,12
23287,3,11,14
2534,12,0,12
1279,8,0,8
22032,4,27,31
3301,16,1,17
6463,5,8,13
12529,29,18,47
12957,11,13,24
14062,11,9,20
14833,4,9,13
26550,0,3,3
5797,3,2,5
19232,4,4,8
22979,3,37,40
2226,13,0,13
23914,3,23,26
3161,3,0,3
22326,2,3,5
1573,9,0,9
26224,0,16,16
5471,21,5,26
3667,6,3,9
2610,44,2,46
23363,2,14,16
3848,32,10,42
24601,2,31,33
4765,10,7,17
25518,5,63,68
1290,11,0,11
3473,24,4,28
24226,1,14,15
1295,14,1,15
2275,5,2,7
4146,20,3,23
24899,1,14,15
7520,6,7,13
8339,8,10,18
9319,8,10,18
17388,3,6,9
26006,3,16,19
5253,6,2,8
19786,16,31,47
26854,1,16,17
6101,8,1,9
26465,0,7,7
5712,24,3,27
9805,0,5,5
3567,27,6,33
4231,41,13,54
8012,23,6,29
25619,8,56,64
4866,15,0,15
26033,1,55,56
5280,4,2,6
6528,1,1,2
7371,13,11,24
7873,0,3,3
20115,31,18,49
20657,12,18,30
1301,17,0,17
22054,9,13,22
10644,74,3,77
15564,16,15,31
18678,6,10,16
18986,2,49,51
20073,3,11,14
3141,11,2,13
23894,0,40,40
3316,6,1,7
4545,11,5,16
25298,1,12,13
10001,5,2,7
17352,10,4,14
1303,9,0,9
10487,17,6,23
10490,17,5,22
10810,33,6,39
16380,2,8,10
19650,1,9,10
24656,0,7,7
3903,15,2,17
24735,2,8,10
3982,8,4,12
8261,3,12,15
7829,2,2,4
10351,22,8,30
12672,4,16,20
14246,7,5,12
15785,14,11,25
15829,19,9,28
17318,7,19,26
18727,5,15,20
5118,4,22,26
25871,1,13,14
6160,17,19,36
26913,2,32,34
8889,11,17,28
26458,1,37,38
5705,11,2,13
1311,2,0,2
22064,1,20,21
25085,2,5,7
4332,7,6,13
1313,7,0,7
22066,5,5,10
1544,8,4,12
22297,23,40,63
10210,6,19,25
1945,1,1,2
16576,14,11,25
17322,9,18,27
18751,6,10,16
20585,10,8,18
24732,2,12,14
3979,3,0,3
8995,0,2,2
11265,25,14,39
13752,8,5,13
14519,5,8,13
23764,3,17,20
3011,3,0,3
24247,3,16,19
3494,8,0,8
1320,1,0,1
1321,9,0,9
2195,3,2,5
22948,0,5,5
4600,3,1,4
25353,1,28,29
8945,2,2,4
7576,6,16,22
24573,14,44,58
3820,2,0,2
14928,5,1,6
17870,4,3,7
19321,0,2,2
1381,27,1,28
1570,14,2,16
2991,12,1,13
4215,8,2,10
24968,3,13,16
4871,8,5,13
8683,5,12,17
17354,2,13,15
1333,10,0,10
22086,7,25,32
1729,19,1,20
14165,1,1,2
27741,0,7,7
6988,1,9,10
1334,4,0,4
22087,5,10,15
23420,5,19,24
2667,11,1,12
25744,1,13,14
4991,5,1,6
1336,9,0,9
22089,7,10,17
12924,5,5,10
1338,19,0,19
22091,1,5,6
10324,11,2,13
15644,18,14,32
16021,22,18,40
23862,4,17,21
3109,19,0,19
11638,1,1,2
14485,0,2,2
7690,4,3,7
19617,0,2,2
19618,0,1,1
3879,13,4,17
6641,6,5,11
3296,2,1,3
24049,5,7,12
16686,3,2,5
25882,1,12,13
5129,7,0,7
26623,2,57,59
5870,0,1,1
27545,0,16,16
6792,4,2,6
1349,34,0,34
2017,39,1,40
2706,22,2,24
23459,1,9,10
10669,21,16,37
16699,94,18,112
17052,78,45,123
25755,9,55,64
5002,2,1,3
25933,9,49,58
5180,2,1,3
26099,7,76,83
5346,19,2,21
3439,38,9,47
9769,3,5,8
1352,8,0,8
22105,3,10,13
8206,4,4,8
14207,4,2,6
9067,11,6,17
12241,8,7,15
14200,5,6,11
3489,15,2,17
24242,0,30,30
8264,5,7,12
17403,5,7,12
4732,18,12,30
25485,0,7,7
10370,25,5,30
10900,38,142,180
11831,4,7,11
16230,4,9,13
3451,9,3,12
19075,10,4,14
1360,1,0,1
22113,1,7,8
25356,1,10,11
4603,3,0,3
1361,4,0,4
22114,4,25,29
3204,1,1,2
23957,3,13,16
9153,3,5,8
22340,11,18,29
1587,2,0,2
19730,129,61,190
26494,1,16,17
5741,4,1,5
22295,23,41,64
1542,11,1,12
24082,10,46,56
3329,1,0,1
25719,4,38,42
4966,3,0,3
27613,1,90,91
6860,43,26,69
1372,57,0,57
22125,0,8,8
1606,22,1,23
6957,21,3,24
27710,0,19,19
17765,26,37,63
18489,45,23,68
18547,43,16,59
18768,41,29,70
18936,55,60,115
18994,24,30,54
19006,32,37,69
19031,50,48,98
19043,24,10,34
19262,47,53,100
19314,6,16,22
19876,32,45,77
19985,17,28,45
20372,22,58,80
20382,17,24,41
20588,19,68,87
23175,16,21,37
2422,12,0,12
23201,12,64,76
2448,13,0,13
25171,7,20,27
4418,17,0,17
25746,6,66,72
4993,4,6,10
26131,4,66,70
5378,1,0,1
26700,2,13,15
5947,9,2,11
27005,2,20,22
6252,11,2,13
5163,16,7,23
9761,2,4,6
16681,11,9,20
5973,7,3,10
26726,0,5,5
7716,7,3,10
8854,8,11,19
1377,9,0,9
4757,14,5,19
25510,0,9,9
8692,11,5,16
8869,1,1,2
10277,2,2,4
2149,17,1,18
4959,18,4,22
25712,0,16,16
7207,8,2,10
19675,9,8,17
16540,3,11,14
17469,3,6,9
3202,18,4,22
23955,6,18,24
4221,4,3,7
9512,4,10,14
19170,3,3,6
25838,2,16,18
5085,1,0,1
1383,7,0,7
22136,0,12,12
4176,6,1,7
24929,0,5,5
5083,5,2,7
9937,6,4,10
5416,6,5,11
26169,0,3,3
7125,4,3,7
19832,0,4,4
27649,0,11,11
6896,9,0,9
1386,20,0,20
22139,1,5,6
4844,5,1,6
12239,13,2,15
12462,6,3,9
13422,21,6,27
13805,9,4,13
15813,2,7,9
16060,10,15,25
16573,6,5,11
16575,1,15,16
19861,0,1,1
3469,30,4,34
1391,7,0,7
22144,3,1,4
3277,11,1,12
10387,1,6,7
1392,9,0,9
22145,6,10,16
1393,20,1,21
3926,13,3,16
16674,5,8,13
17917,9,4,13
19639,6,9,15
10553,2,1,3
10807,6,2,8
12402,30,4,34
13352,22,6,28
15967,12,9,21
16494,8,6,14
1396,12,0,12
10880,34,7,41
11152,37,5,42
11574,21,3,24
13087,4,7,11
13296,8,8,16
13821,13,44,57
14462,2,5,7
16636,20,32,52
7211,6,4,10
3733,6,1,7
9918,5,3,8
10694,5,8,13
24472,2,8,10
3719,3,1,4
25673,1,6,7
4920,14,2,16
9451,21,4,25
10514,14,1,15
10781,12,4,16
1404,12,0,12
11288,17,2,19
12370,8,2,10
12494,9,7,16
12495,9,2,11
13867,1,4,5
18880,0,2,2
24434,2,9,11
3681,12,5,17
27758,0,4,4
7005,3,0,3
2641,4,2,6
1407,3,0,3
5530,2,2,4
26283,0,12,12
5234,25,9,34
6383,22,18,40
7334,25,25,50
13889,13,12,25
5265,9,3,12
18961,4,6,10
27738,0,15,15
6985,17,4,21
5437,9,3,12
14852,8,5,13
18519,5,16,21
1412,13,0,13
22165,3,10,13
1414,19,0,19
22167,13,9,22
10288,31,13,44
10907,30,8,38
11817,23,12,35
12232,15,8,23
12466,28,20,48
13550,6,16,22
15456,3,6,9
18984,6,16,22
14426,24,9,33
17697,12,38,50
16386,37,12,49
20356,4,21,25
15686,2,1,3
19543,8,21,29
25319,12,34,46
4566,4,3,7
20360,15,37,52
3729,3,4,7
24482,0,2,2
8799,6,2,8
10337,1,2,3
9071,12,8,20
15593,1,7,8
15743,98,22,120
20210,21,53,74
7500,29,14,43
1425,9,0,9
22178,15,17,32
1426,24,0,24
1905,19,1,20
22658,1,8,9
14275,51,18,69
17404,3,15,18
26069,0,10,10
5316,16,2,18
1428,3,0,3
10215,13,2,15
27458,2,13,15
6705,72,33,105
8109,7,7,14
3521,14,6,20
24274,1,31,32
3722,9,16,25
7062,4,9,13
7578,5,9,14
17375,46,34,80
17540,34,30,64
1433,1,0,1
22186,9,27,36
1435,9,0,9
1662,7,2,9
8091,5,6,11
1436,12,0,12
22189,3,15,18
3170,0,1,1
15587,11,23,34
17316,12,41,53
26324,1,7,8
5571,12,0,12
3971,0,2,2
5577,26,6,32
7711,14,13,27
8412,23,8,31
9706,8,6,14
9852,15,24,39
10094,4,16,20
10168,9,4,13
1687,4,1,5
22440,10,22,32
1441,5,0,5
22194,10,26,36
1464,6,1,7
22217,25,25,50
3684,4,2,6
24437,4,12,16
16019,5,1,6
19142,7,4,11
20463,5,8,13
1443,34,0,34
22196,0,2,2
3492,39,5,44
4671,34,11,45
25424,1,19,20
4911,9,1,10
25664,3,11,14
8899,13,11,24
9101,9,11,20
9234,6,15,21
16787,15,33,48
17763,3,14,17
18083,6,31,37
19408,4,7,11
27324,0,37,37
6571,19,2,21
6315,1,4,5
22615,8,62,70
1862,37,0,37
10784,20,6,26
10955,46,12,58
11308,6,5,11
12210,1,4,5
12515,13,6,19
13444,15,12,27
1447,5,0,5
22200,0,3,3
1448,2,1,3
22201,24,30,54
12061,163,21,184
17273,42,50,92
18709,3,19,22
20603,18,24,42
26694,1,26,27
5941,8,2,10
4435,19,17,36
25188,1,11,12
1454,14,0,14
1880,9,1,10
22633,16,11,27
7017,18,3,21
12669,19,10,29
16678,3,10,13
20136,9,21,30
1455,34,0,34
22208,1,10,11
11291,2,7,9
19960,9,30,39
1456,8,0,8
3530,14,2,16
24283,3,4,7
5879,8,3,11
26632,0,5,5
8527,4,6,10
16231,3,4,7
18231,2,6,8
7602,5,1,6
2839,10,1,11
23592,0,8,8
7503,9,3,12
4103,47,30,77
24856,1,4,5
4294,1,1,2
5444,3,2,5
26197,1,16,17
9363,2,3,5
11254,49,9,58
17777,3,16,19
7462,10,3,13
7827,1,7,8
19251,4,2,6
23861,3,5,8
3108,50,2,52
19083,3,19,22
17418,4,5,9
4673,29,15,44
25426,0,2,2
5481,20,12,32
5608,43,14,57
5658,29,19,48
6043,14,8,22
26796,0,24,24
6273,19,17,36
6638,9,15,24
27391,1,36,37
7599,7,24,31
8969,1,10,11
9385,4,10,14
9957,6,43,49
1468,3,0,3
22221,19,26,45
6673,5,4,9
27426,0,18,18
9721,2,2,4
1471,18,0,18
16971,10,10,20
19469,2,25,27
26980,1,36,37
6227,1,2,3
25608,0,7,7
4855,21,5,26
10866,3,3,6
11552,35,4,39
8842,2,1,3
14987,9,9,18
2613,0,2,2
23366,2,2,4
3320,0,2,2
7327,4,3,7
17646,2,5,7
20365,2,9,11
5594,3,5,8
26347,0,11,11
18565,5,20,25
22498,3,7,10
1745,8,0,8
1481,1,0,1
8502,1,1,2
1483,1,0,1
22236,1,7,8
5915,10,1,11
7177,23,8,31
9575,19,37,56
4275,20,4,24
25028,0,6,6
5179,15,3,18
8807,13,9,22
15497,20,13,33
17163,78,25,103
9600,3,4,7
11362,7,3,10
1494,7,0,7
2455,6,1,7
23208,2,7,9
20120,3,4,7
1513,39,1,40
2248,36,3,39
3904,77,5,82
4328,11,19,30
25081,5,9,14
4753,4,10,14
25506,0,2,2
4949,45,9,54
25702,3,44,47
5355,30,4,34
5372,27,8,35
26125,0,6,6
5790,9,21,30
26543,1,3,4
6543,20,22,42
7136,21,17,38
7142,4,4,8
7184,10,26,36
7202,17,14,31
7387,14,19,33
7763,21,36,57
8065,13,13,26
8603,19,36,55
8821,6,35,41
8893,5,47,52
8894,9,11,20
9107,5,15,20
9145,10,37,47
9182,5,5,10
9252,10,34,44
9254,3,4,7
9695,8,23,31
9860,7,4,11
9890,1,17,18
10101,5,13,18
10106,4,5,9
10193,1,7,8
1694,6,1,7
22447,0,4,4
24604,2,20,22
3851,0,1,1
1498,29,0,29
1527,25,1,26
22280,1,4,5
2434,24,1,25
3518,15,1,16
24271,6,20,26
3601,7,3,10
6906,3,2,5
27659,1,79,80
15151,13,5,18
18275,9,7,16
18298,12,8,20
18361,18,12,30
19476,6,19,25
19676,30,37,67
19789,9,21,30
20492,10,18,28
23249,2,26,28
2496,12,0,12
27757,0,15,15
7004,4,1,5
26983,3,21,24
6230,1,1,2
11798,19,2,21
13304,12,7,19
15189,1,7,8
2926,26,8,34
23679,1,4,5
7911,23,25,48
8338,6,8,14
8478,27,27,54
8784,6,21,27
9112,7,10,17
9556,23,19,42
9846,7,32,39
9955,4,32,36
10097,4,19,23
10251,10,17,27
13723,11,5,16
1505,5,0,5
22420,5,13,18
1667,6,0,6
7283,7,6,13
1508,32,0,32
7047,9,4,13
9137,5,17,22
4547,39,10,49
20633,14,5,19
23920,6,18,24
3167,17,0,17
1510,9,0,9
22263,11,29,40
2511,3,1,4
23264,25,33,58
8042,1,3,4
15762,6,2,8
16352,4,2,6
1511,9,0,9
22264,11,81,92
7313,4,10,14
10699,54,15,69
13475,0,3,3
13627,1,4,5
14196,1,5,6
18228,0,5,5
19528,4,10,14
19919,2,9,11
2380,22,2,24
3074,12,3,15
3273,32,5,37
24026,1,2,3
3931,15,2,17
4072,7,2,9
24825,1,4,5
6667,12,8,20
7247,15,15,30
9235,1,9,10
2777,2,2,4
23530,2,4,6
8026,41,15,56
10155,11,12,23
10326,3,2,5
13358,3,8,11
17633,0,6,6
24067,20,21,41
3314,5,0,5
1515,13,0,13
6719,18,3,21
27472,0,13,13
7231,7,13,20
10000,5,6,11
1517,11,0,11
22270,8,13,21
4763,15,1,16
8601,5,3,8
11262,9,6,15
5813,18,16,34
26566,2,29,31
5413,15,18,33
26166,0,8,8
7099,13,9,22
18558,39,14,53
8980,9,4,13
4431,28,9,37
7111,14,20,34
7924,0,9,9
8010,2,13,15
8434,5,18,23
3247,9,1,10
3767,9,2,11
24520,3,14,17
13161,8,3,11
15279,21,6,27
15338,23,7,30
16147,15,9,24
16700,7,8,15
19902,7,15,22
3918,8,2,10
10550,29,7,36
11758,21,13,34
12362,7,8,15
13546,6,9,15
16508,3,9,12
17274,4,6,10
18898,14,11,25
20351,5,13,18
22333,6,13,19
1580,13,0,13
27634,1,19,20
6881,1,0,1
4841,23,5,28
25594,0,3,3
5550,8,2,10
24029,0,1,1
3276,4,0,4
6498,13,5,18
8024,22,4,26
16184,82,13,95
16215,99,19,118
16521,24,21,45
17362,4,39,43
18524,34,33,67
2674,4,1,5
15883,4,6,10
1668,21,1,22
7083,22,6,28
7807,18,15,33
3724,9,3,12
24477,7,16,23
7972,10,8,18
19689,3,11,14
17730,2,5,7
5961,16,10,26
26714,0,8,8
8752,8,9,17
18476,0,1,1
1546,7,0,7
22299,4,13,17
3913,7,3,10
24666,0,3,3
15089,5,15,20
1552,22,0,22
3628,15,2,17
24381,2,8,10
6798,14,2,16
12661,18,4,22
16527,2,4,6
3205,20,6,26
13840,1,10,11
3179,2,1,3
23932,2,4,6
13905,1,2,3
13286,15,3,18
19377,4,10,14
1557,5,0,5
13917,8,4,12
18792,28,16,44
20121,5,8,13
6316,1,2,3
1561,19,0,19
22314,14,28,42
7061,38,56,94
9087,9,13,22
10682,63,5,68
11580,25,13,38
12771,21,27,48
18505,47,29,76
18607,12,18,30
19272,10,38,48
19326,6,15,21
20470,7,22,29
22972,2,11,13
2219,3,0,3
26241,1,12,13
5488,7,4,11
10077,3,16,19
7181,13,25,38
9077,11,9,20
17981,53,41,94
1566,1,0,1
1568,1,0,1
1569,9,0,9
12405,11,2,13
16467,5,6,11
14757,12,9,21
15618,3,11,14
18279,8,28,36
14974,7,7,14
19427,7,10,17
1766,10,2,12
1576,5,0,5
22329,10,38,48
12290,19,13,32
20469,17,33,50
8150,26,9,35
14049,0,4,4
19383,3,9,12
1764,13,1,14
7264,13,6,19
8825,13,6,19
15800,21,8,29
16695,21,10,31
26258,0,10,10
5505,1,1,2
12028,83,8,91
12109,89,18,107
13598,15,17,32
14068,39,27,66
15755,145,35,180
19459,3,43,46
27639,1,14,15
6886,6,2,8
17924,1,1,2
25642,0,1,1
4889,3,1,4
27361,0,20,20
6608,24,5,29
17904,1,3,4
1589,8,0,8
22342,1,4,5
11525,4,1,5
11530,2,1,3
11871,1,1,2
9017,2,4,6
10423,57,7,64
13040,16,4,20
2775,2,3,5
7067,2,2,4
7167,5,2,7
16460,0,4,4
18848,2,2,4
8160,6,1,7
12973,3,3,6
13091,1,5,6
1596,6,0,6
22349,0,1,1
2947,38,3,41
5862,18,10,28
15271,10,6,16
5064,31,4,35
16707,7,19,26
2397,2,1,3
1602,8,0,8
11057,18,4,22
12192,10,4,14
12743,7,1,8
15354,8,12,20
1605,3,0,3
4740,1,1,2
5998,0,2,2
11589,1,1,2
22512,11,17,28
1759,5,0,5
27357,0,3,3
6604,12,5,17
4255,5,4,9
25008,6,23,29
5410,8,4,12
26163,1,14,15
8952,3,2,5
8518,2,1,3
17781,2,8,10
26589,0,6,6
5836,26,5,31
9765,1,1,2
1615,20,0,20
3219,14,1,15
8053,6,28,34
11879,23,2,25
12412,13,11,24
1616,16,0,16
22369,1,17,18
1617,8,0,8
14284,1,9,10
3905,66,5,71
4005,8,9,17
24758,4,16,20
6065,35,44,79
7259,28,19,47
7510,1,3,4
7573,51,24,75
7695,6,13,19
7934,11,44,55
7961,3,4,7
8547,8,6,14
8573,15,31,46
8637,11,30,41
8909,13,10,23
9175,14,13,27
9462,28,19,47
9483,11,14,25
10090,13,41,54
2497,13,1,14
5965,4,2,6
26718,2,38,40
16672,23,15,38
26992,0,5,5
6239,1,0,1
1623,19,0,19
15106,10,7,17
15804,4,7,11
16201,10,14,24
16337,5,26,31
1625,10,0,10
12273,25,27,52
24087,0,12,12
3334,8,0,8
18540,49,46,95
1634,16,0,16
22387,17,19,36
4995,8,1,9
25748,0,2,2
23102,2,6,8
2349,17,2,19
1635,4,0,4
11488,15,5,20
11602,8,2,10
11869,2,1,3
16949,1,6,7
15054,2,5,7
1834,3,1,4
22587,2,1,3
12291,2,3,5
1639,2,0,2
22392,0,7,7
12042,37,7,44
14444,10,12,22
19928,6,19,25
6356,7,2,9
27109,1,20,21
7778,26,4,30
8727,5,6,11
9126,7,8,15
10105,9,5,14
10330,24,2,26
10620,39,2,41
17520,35,21,56
18467,37,32,69
18987,33,16,49
19192,57,57,114
19534,21,32,53
19937,17,5,22
20038,3,15,18
20252,37,28,65
23244,5,18,23
2491,3,0,3
1644,19,0,19
22397,2,10,12
13869,14,19,33
16244,5,19,24
20433,2,15,17
26686,0,36,36
5933,8,7,15
27138,1,44,45
6385,1,2,3
6062,30,4,34
26815,0,3,3
7309,20,7,27
7813,13,17,30
3933,13,1,14
24686,4,29,33
4718,13,4,17
25471,1,13,14
7538,12,2,14
7925,6,10,16
8236,6,12,18
15154,3,1,4
16403,1,4,5
19601,4,13,17
23708,4,12,16
2955,2,1,3
15113,5,5,10
16355,17,2,19
16650,15,6,21
19765,31,24,55
20680,29,21,50
20747,23,19,42
22672,13,25,38
1919,21,0,21
23445,7,16,23
2692,1,0,1
24628,1,3,4
3875,1,0,1
1656,11,0,11
8041,3,5,8
1659,10,0,10
11334,19,3,22
13964,2,4,6
16859,20,11,31
16984,6,5,11
17676,16,4,20
19116,8,6,14
20419,6,5,11
20713,11,21,32
23182,13,11,24
2429,36,0,36
7332,14,5,19
4127,5,2,7
24880,3,3,6
4453,23,22,45
5957,33,35,68
26710,2,15,17
6419,32,11,43
7294,12,9,21
7312,35,11,46
7681,11,7,18
7799,10,19,29
8403,25,6,31
8433,14,8,22
9479,9,29,38
9902,9,9,18
10140,6,18,24
23389,4,30,34
2636,2,0,2
12021,11,3,14
25159,3,8,11
4406,9,0,9
1663,4,0,4
13820,9,5,14
14204,16,7,23
14897,8,6,14
3827,20,1,21
12326,4,4,8
12331,64,22,86
12637,0,3,3
13273,48,17,65
16143,92,27,119
16560,36,20,56
16588,23,14,37
16685,24,19,43
16994,103,16,119
17193,15,30,45
17796,36,49,85
18168,34,33,67
18349,36,59,95
18658,15,47,62
18724,14,54,68
18806,32,35,67
18905,12,10,22
19333,18,14,32
20167,10,24,34
20511,9,52,61
24112,4,45,49
3359,18,1,19
24832,0,15,15
4079,26,15,41
10492,37,2,39
19783,1,5,6
2048,6,1,7
22801,6,24,30
7110,2,2,4
9723,3,4,7
23669,0,27,27
2916,1,1,2
8900,3,6,9
12809,3,4,7
15891,3,13,16
18179,2,9,11
18596,1,15,16
2012,10,1,11
22765,9,22,31
3645,22,2,24
7682,7,8,15
10542,5,2,7
6393,3,4,7
7443,5,14,19
18876,42,29,71
19483,22,29,51
9779,0,19,19
9028,16,16,32
1679,21,0,21
5144,18,24,42
25897,2,10,12
6628,23,5,28
9256,12,30,42
5580,7,3,10
26333,0,8,8
10616,4,1,5
1907,5,1,6
16303,3,1,4
17003,4,6,10
17822,3,7,10
1685,4,0,4
12635,9,5,14
2774,7,1,8
5781,3,4,7
5136,6,4,10
25889,2,2,4
4834,1,2,3
16173,0,5,5
17191,8,6,14
6076,4,7,11
1693,6,0,6
22446,3,9,12
7779,18,6,24
27592,0,16,16
6839,3,0,3
10727,10,3,13
26479,4,24,28
5726,2,6,8
1696,9,0,9
22449,1,8,9
3876,16,3,19
24629,0,7,7
16321,7,5,12
19921,5,14,19
25752,0,6,6
4999,12,0,12
7057,8,2,10
8776,4,3,7
9951,9,4,13
23959,1,9,10
3206,2,0,2
25691,4,50,54
4938,17,1,18
1698,2,0,2
1710,1,1,2
22463,19,29,48
1726,0,2,2
25340,11,15,26
4587,2,1,3
7447,8,1,9
15352,17,13,30
16119,16,17,33
16387,23,11,34
16439,4,14,18
16702,2,6,8
16995,22,22,44
17559,31,15,46
18186,26,21,47
18297,12,21,33
18322,0,10,10
18797,14,8,22
19482,10,8,18
20612,34,33,67
23152,8,10,18
2399,20,0,20
7765,11,5,16
1970,0,1,1
19661,23,44,67
25445,1,3,4
4692,20,1,21
1713,6,0,6
22466,18,75,93
12852,4,1,5
13770,2,2,4
23421,5,15,20
2668,8,0,8
4994,59,9,68
25747,1,1,2
6073,10,12,22
26826,1,11,12
9129,7,16,23
10217,12,7,19
4975,0,1,1
18845,0,2,2
10603,5,2,7
10812,10,5,15
11837,17,17,34
15798,39,16,55
18831,7,3,10
26941,2,24,26
6188,1,1,2
11134,1,4,5
12505,19,3,22
12695,13,8,21
12875,9,6,15
13045,13,5,18
13561,8,4,12
13926,12,8,20
15060,9,6,15
15303,13,15,28
15304,0,8,8
15384,1,4,5
15545,5,6,11
15716,2,14,16
15757,0,4,4
15801,0,10,10
15890,1,6,7
16008,0,6,6
16999,4,4,8
17222,3,15,18
17561,2,7,9
17743,6,12,18
18539,4,23,27
8418,3,8,11
9187,9,1,10
9786,10,2,12
3811,14,6,20
5198,8,5,13
7876,7,5,12
8108,10,6,16
25659,1,11,12
4906,4,0,4
1730,6,0,6
22483,3,12,15
8696,8,3,11
13783,7,6,13
15388,4,11,15
4770,22,8,30
4904,9,3,12
9395,16,33,49
9933,31,10,41
6161,15,18,33
10621,10,1,11
7707,9,21,30
26193,1,5,6
5440,8,0,8
1737,3,0,3
24775,1,1,2
4022,1,0,1
1739,18,0,18
22492,2,7,9
27382,0,20,20
6629,3,0,3
1740,1,0,1
3744,5,5,10
24497,1,14,15
1741,9,0,9
22494,6,44,50
4477,11,13,24
1743,1,0,1
17216,0,1,1
11285,4,2,6
11886,12,6,18
15105,9,7,16
5765,14,6,20
9524,4,24,28
3266,23,1,24
5782,54,10,64
26535,0,3,3
6616,17,20,37
27369,0,3,3
7212,27,23,50
7759,14,37,51
8334,13,26,39
8663,9,2,11
13739,4,9,13
25811,4,24,28
5058,8,3,11
8019,29,48,77
3100,18,1,19
9784,2,2,4
16503,6,10,16
1751,3,0,3
19621,1,4,5
1754,8,0,8
1965,10,1,11
22718,2,8,10
2852,5,2,7
23605,0,9,9
18402,13,6,19
1755,9,0,9
22508,9,15,24
11280,5,1,6
12714,7,6,13
13254,14,5,19
13610,31,10,41
14826,5,2,7
15386,1,3,4
3520,28,3,31
24273,2,9,11
14559,5,6,11
17965,9,13,22
25043,6,12,18
4290,7,0,7
25262,3,8,11
4509,1,0,1
26316,2,22,24
5563,15,5,20
9817,3,3,6
9393,9,3,12
15261,15,9,24
1768,7,0,7
7475,6,1,7
7517,2,3,5
18152,6,16,22
18418,1,3,4
8613,12,10,22
7246,17,3,20
9018,5,39,44
4861,8,1,9
25614,0,27,27
9422,10,28,38
14802,3,4,7
10060,5,9,14
10122,5,17,22
8630,2,2,4
9414,3,3,6
18242,3,23,26
4777,9,3,12
25530,0,7,7
16485,9,17,26
23168,5,15,20
2415,56,9,65
17175,20,16,36
4790,13,4,17
5075,7,2,9
9590,2,5,7
5860,6,6,12
26613,0,9,9
7423,9,85,94
8046,5,6,11
10680,10,8,18
1784,7,0,7
22537,7,36,43
17709,7,25,32
1785,15,0,15
6529,13,3,16
27282,0,38,38
10086,13,4,17
11407,34,4,38
14303,10,13,23
18370,4,9,13
18850,1,12,13
5157,10,1,11
25910,0,27,27
19893,6,11,17
24759,0,12,12
4006,18,0,18
6905,4,3,7
27658,0,12,12
7922,18,6,24
24909,1,7,8
4156,6,0,6
26322,2,14,16
5569,3,2,5
13509,16,14,30
7846,5,8,13
14241,9,4,13
14405,26,8,34
17149,7,8,15
24025,3,13,16
3272,10,0,10
7345,6,1,7
25908,0,7,7
5155,10,2,12
2164,19,1,20
5066,9,6,15
18694,10,21,31
24058,2,9,11
3305,24,1,25
26442,4,33,37
5689,6,5,11
23727,5,26,31
2974,1,0,1
6940,6,10,16
27693,0,11,11
19130,6,15,21
1810,12,0,12
26025,1,22,23
5272,1,2,3
1811,13,0,13
11454,8,6,14
12866,1,4,5
4326,7,1,8
25079,2,4,6
5533,6,2,8
26286,0,5,5
10092,0,4,4
8002,5,4,9
8172,3,1,4
9694,1,8,9
12126,12,3,15
12196,16,3,19
12895,7,5,12
15079,7,1,8
17905,2,15,17
20576,3,4,7
23234,2,10,12
2481,2,0,2
1814,5,0,5
24068,4,4,8
3315,5,0,5
25416,2,2,4
4663,19,2,21
27485,0,3,3
6732,8,1,9
9651,0,4,4
19901,16,19,35
24947,1,13,14
4194,11,0,11
26504,1,24,25
5751,1,1,2
16598,9,23,32
11249,29,9,38
16324,6,6,12
16325,10,9,19
23574,3,7,10
2821,23,1,24
16993,1,6,7
19027,3,4,7
19541,3,7,10
20676,1,4,5
23260,4,9,13
2507,18,1,19
27265,1,9,10
6512,95,7,102
8456,3,1,4
9352,4,3,7
23878,3,82,85
3125,12,0,12
4128,6,1,7
24881,9,67,76
1827,6,0,6
22580,1,32,33
2983,11,1,12
3936,17,6,23
2976,2,2,4
23729,2,19,21
10564,25,6,31
7232,12,9,21
8793,15,5,20
8985,6,18,24
9335,7,5,12
1842,16,0,16
22595,1,13,14
6428,8,2,10
27181,0,18,18
7210,1,2,3
8659,4,1,5
15575,4,7,11
15840,8,12,20
20518,4,14,18
26216,2,8,10
5463,6,0,6
4096,8,1,9
24849,14,8,22
20032,10,5,15
20539,0,2,2
1849,7,0,7
12381,27,11,38
15898,7,4,11
16881,5,8,13
2267,5,1,6
23020,2,10,12
6107,10,1,11
8935,5,2,7
17678,5,6,11
19104,3,14,17
26419,1,14,15
5666,8,0,8
1853,115,0,115
22606,9,72,81
3110,60,4,64
3117,54,6,60
3373,62,9,71
24126,0,3,3
3577,43,12,55
24330,1,5,6
4230,34,16,50
4382,44,13,57
4806,13,15,28
25559,2,30,32
5188,54,14,68
25941,1,26,27
6415,8,29,37
27168,1,26,27
6943,13,52,65
6970,5,5,10
27723,0,10,10
7355,2,3,5
7830,9,15,24
8350,11,2,13
8446,5,9,14
8656,20,27,47
8668,0,7,7
8682,12,5,17
9171,2,5,7
9379,10,10,20
9692,1,15,16
10054,9,26,35
10211,2,11,13
2735,119,3,122
3236,28,4,32
3248,14,5,19
5622,21,32,53
7645,111,12,123
7732,19,3,22
8099,7,30,37
8355,30,23,53
8524,66,11,77
8535,46,20,66
8673,50,15,65
8769,46,19,65
8775,43,15,58
8792,46,23,69
8814,56,27,83
8905,50,14,64
8929,39,10,49
8955,37,44,81
8970,34,30,64
8984,38,47,85
9048,20,43,63
9178,21,31,52
9191,29,25,54
9267,7,14,21
9312,34,10,44
9514,23,64,87
9523,14,59,73
9687,22,71,93
9828,11,11,22
9878,8,57,65
9965,16,31,47
15116,12,3,15
17406,4,5,9
17902,4,3,7
23160,1,3,4
2407,2,0,2
27015,0,8,8
6262,10,0,10
27442,1,5,6
6689,1,1,2
27446,0,13,13
6693,3,2,5
4458,14,5,19
25211,0,16,16
23317,10,21,31
2564,17,0,17
27567,0,17,17
6814,1,2,3
1861,6,0,6
22614,3,25,28
2340,6,1,7
23093,0,8,8
2883,9,1,10
11486,9,5,14
16879,3,8,11
17871,22,12,34
9638,9,9,18
7230,6,8,14
7821,3,4,7
1865,4,0,4
10334,44,3,47
24424,2,30,32
3671,19,2,21
1894,9,2,11
22647,0,2,2
1869,11,0,11
22622,2,12,14
8538,4,1,5
11710,9,10,19
15576,8,7,15
16114,10,6,16
20454,4,11,15
17549,9,12,21
20703,2,22,24
25365,3,22,25
4612,32,4,36
3963,1,1,2
24716,1,17,18
5524,13,3,16
3444,11,2,13
24197,3,10,13
8211,2,3,5
7103,13,3,16
18737,1,15,16
19770,1,7,8
20512,3,25,28
27721,0,8,8
6968,3,0,3
5671,6,1,7
8533,11,20,31
12884,3,1,4
16354,35,8,43
19115,2,8,10
3723,12,3,15
24476,1,21,22
24496,1,3,4
3743,4,0,4
14227,1,6,7
7858,20,14,34
8243,1,1,2
11777,1,1,2
14368,2,7,9
17589,7,4,11
19123,1,5,6
15966,4,4,8
23408,35,17,52
2655,15,0,15
14072,7,6,13
14812,2,6,8
14941,7,4,11
3196,12,1,13
23949,2,32,34
3344,9,2,11
17032,4,1,5
1893,1,0,1
22646,7,18,25
4558,12,2,14
5023,5,19,24
2490,11,1,12
23243,6,40,46
10772,8,2,10
11442,56,13,69
11902,15,8,23
13593,9,9,18
15360,15,15,30
19133,3,21,24
20169,3,7,10
7049,16,10,26
18785,15,24,39
12151,6,4,10
18643,1,25,26
5172,5,8,13
5553,12,9,21
7059,8,7,15
7996,2,7,9
8981,5,8,13
24931,7,17,24
4178,15,5,20
25454,5,14,19
4701,1,11,12
25975,0,20,20
5222,2,1,3
18833,28,14,42
1926,1,0,1
13886,2,5,7
1928,3,0,3
12009,0,2,2
18087,2,3,5
7382,6,5,11
11198,37,6,43
11641,23,8,31
12247,6,6,12
23944,3,15,18
3191,9,0,9
1933,12,0,12
22686,0,6,6
3264,16,2,18
8085,14,7,21
25528,3,43,46
4775,4,1,5
4616,6,4,10
25369,0,13,13
6441,20,20,40
27194,0,14,14
8606,8,28,36
8818,8,21,29
10187,8,21,29
3972,16,1,17
27120,0,9,9
6367,2,1,3
8347,19,19,38
8982,20,10,30
10143,6,5,11
1942,8,0,8
13118,5,2,7
3435,2,1,3
13168,9,3,12
15923,11,7,18
17275,1,8,9
19741,7,8,15
13727,10,20,30
14600,10,7,17
1947,6,0,6
22700,3,10,13
9627,12,30,42
27417,0,12,12
6664,5,0,5
27542,0,7,7
6789,73,22,95
3408,14,1,15
4573,9,5,14
25326,6,14,20
6337,22,6,28
27090,1,34,35
6351,9,1,10
6570,7,2,9
27323,0,25,25
14737,6,16,22
14940,105,41,146
15308,3,7,10
16221,39,36,75
16316,4,15,19
16596,15,26,41
1953,3,0,3
22706,1,1,2
14130,2,3,5
20362,5,9,14
10151,3,9,12
16687,50,23,73
20692,12,36,48
22745,8,16,24
1992,2,0,2
23608,0,25,25
2855,1,0,1
24817,1,12,13
4064,12,0,12
27587,0,35,35
6834,5,1,6
1958,11,0,11
22711,7,11,18
3519,6,1,7
4597,9,4,13
25350,0,8,8
7838,6,4,10
18660,4,4,8
6194,2,5,7
26947,0,27,27
6245,17,14,31
7979,5,18,23
8542,4,10,14
10029,1,27,28
1962,4,0,4
22715,71,12,83
5506,2,4,6
8798,1,3,4
1963,1,0,1
22716,3,6,9
15612,9,7,16
20620,2,12,14
8436,37,4,41
8128,0,2,2
8336,22,12,34
10009,25,9,34
13837,75,5,80
20263,0,14,14
10652,14,5,19
11913,4,3,7
18636,20,20,40
18900,1,7,8
5882,14,11,25
25844,3,26,29
5091,10,1,11
7043,3,4,7
8671,13,1,14
24917,6,9,15
4164,13,3,16
14327,11,5,16
19258,2,8,10
20143,2,3,5
1988,10,0,10
22741,8,26,34
2856,7,2,9
23609,3,3,6
7085,2,2,4
24313,5,10,15
3560,1,2,3
1991,4,0,4
8259,2,1,3
1996,23,0,23
8216,12,5,17
8320,9,4,13
9173,8,8,16
1997,2,0,2
2001,12,0,12
5611,1,1,2
26364,1,18,19
7635,1,3,4
23013,0,4,4
2260,7,0,7
24495,0,4,4
3742,1,0,1
27713,0,4,4
6960,2,1,3
2729,0,1,1
14531,0,1,1
15583,1,1,2
9204,9,8,17
23109,1,47,48
2356,5,0,5
17062,1,2,3
15003,1,9,10
15324,18,22,40
18977,7,28,35
13508,1,4,5
7106,14,10,24
9693,8,1,9
10104,8,5,13
18922,0,3,3
20675,4,9,13
8890,8,3,11
2015,1,0,1
13141,37,12,49
7755,38,21,59
7782,21,11,32
23763,4,22,26
3010,11,1,12
7885,1,3,4
9722,8,5,13
10096,0,5,5
16210,9,10,19
16690,44,22,66
18227,19,15,34
4330,15,19,34
25083,6,17,23
8654,6,20,26
9660,4,11,15
2026,1,0,1
22779,2,6,8
2714,13,1,14
23467,3,4,7
5125,3,1,4
7950,5,5,10
8079,0,3,3
16369,27,14,41
2030,8,0,8
2174,7,1,8
22927,2,13,15
4652,4,2,6
5645,2,2,4
7853,1,5,6
26030,1,6,7
5277,4,2,6
2033,12,0,12
22786,44,16,60
8516,16,19,35
26568,1,11,12
5815,4,0,4
2035,6,0,6
13935,1,2,3
18025,11,5,16
26965,0,7,7
6212,3,0,3
25658,2,5,7
4905,9,3,12
7905,5,3,8
8567,7,15,22
8258,6,4,10
12602,5,1,6
17900,11,27,38
16419,1,5,6
6336,3,2,5
7429,1,2,3
10052,2,2,4
11617,2,2,4
17652,0,9,9
18012,0,10,10
19846,6,2,8
2050,3,0,3
19341,3,16,19
13601,8,5,13
18229,0,10,10
14587,7,13,20
2058,12,0,12
8464,5,1,6
10102,3,2,5
10103,4,2,6
11077,11,1,12
11619,4,4,8
17497,1,3,4
3571,42,6,48
24324,0,6,6
4376,32,7,39
25129,0,1,1
4391,11,11,22
25144,0,2,2
5375,10,7,17
7204,46,27,73
7419,8,8,16
7495,21,23,44
7730,6,4,10
8177,14,22,36
8734,7,14,21
9480,7,22,29
10240,10,32,42
11096,13,129,142
11745,8,109,117
12946,3,90,93
2060,5,0,5
22813,9,28,37
9529,2,5,7
10257,0,3,3
10607,29,1,30
16204,13,6,19
2064,2,0,2
20660,0,3,3
7346,10,9,19
4636,21,10,31
25389,1,6,7
24690,0,8,8
3937,3,0,3
26113,1,1,2
5360,32,10,42
12304,8,12,20
27423,0,21,21
6670,9,3,12
13072,5,36,41
15039,10,8,18
2077,7,0,7
8047,10,12,22
8452,2,9,11
8747,8,13,21
24281,1,2,3
3528,5,0,5
4992,3,2,5
25745,0,21,21
8488,3,5,8
9666,1,10,11
12467,4,1,5
15295,6,3,9
16441,5,2,7
19686,4,6,10
7946,4,11,15
8368,20,6,26
5254,7,1,8
2085,3,0,3
14242,8,16,24
6358,4,2,6
8730,23,7,30
2087,19,0,19
17548,3,8,11
20459,6,37,43
11865,38,8,46
12599,14,6,20
9106,16,10,26
17938,59,48,107
26405,1,11,12
5652,9,3,12
8317,8,16,24
15207,4,12,16
7078,25,8,33
8870,17,25,42
11685,5,47,52
19245,25,30,55
19778,41,44,85
13375,13,4,17
8669,2,5,7
10614,18,8,26
11490,23,4,27
17390,8,5,13
18163,15,16,31
18281,5,7,12
19677,21,18,39
23610,10,17,27
2857,2,0,2
9738,14,4,18
12116,2,4,6
15400,15,11,26
16458,21,11,32
18523,13,13,26
20248,7,16,23
24625,0,21,21
3872,2,0,2
7022,12,5,17
26707,1,12,13
5954,5,0,5
12716,6,2,8
16847,7,10,17
4293,7,3,10
25046,1,44,45
5734,4,11,15
13246,9,7,16
26996,0,12,12
6243,8,0,8
8496,5,3,8
13457,19,11,30
19836,6,20,26
23884,3,6,9
3131,4,0,4
8268,2,3,5
2347,4,1,5
23100,2,7,9
19972,16,35,51
2125,1,0,1
22878,30,33,63
9013,6,4,10
10124,4,5,9
10779,13,5,18
19140,24,59,83
2133,9,0,9
15377,8,5,13
17487,0,3,3
19635,9,6,15
20070,7,12,19
16368,17,7,24
15336,4,5,9
7988,14,3,17
10986,29,2,31
11243,7,3,10
12093,19,8,27
12861,10,5,15
13169,5,11,16
14183,7,14,21
14354,9,14,23
15689,6,9,15
16637,5,12,17
18701,2,42,44
7398,7,2,9
7642,3,6,9
8229,1,7,8
8760,4,6,10
15318,1,8,9
16705,4,4,8
27523,0,6,6
6770,6,1,7
10303,48,5,53
10335,108,4,112
10347,76,3,79
10466,49,2,51
10512,20,1,21
10565,18,11,29
10636,70,2,72
10651,81,7,88
10840,11,2,13
10888,16,3,19
11042,18,5,23
11248,10,2,12
11494,6,10,16
11855,8,13,21
12839,6,5,11
13710,21,6,27
13784,3,7,10
13794,9,25,34
14094,16,8,24
15041,5,10,15
15222,2,25,27
15269,4,9,13
15273,36,60,96
15431,21,24,45
16619,12,4,16
17434,5,3,8
19737,30,34,64
25189,9,16,25
4436,12,3,15
26287,3,16,19
5534,30,4,34
26901,0,9,9
6148,9,1,10
2157,21,0,21
22910,4,8,12
2409,5,1,6
23162,51,47,98
14280,15,11,26
15777,5,4,9
15922,0,4,4
17395,6,4,10
11608,3,1,4
3698,11,2,13
7626,5,2,7
8766,5,3,8
10249,3,4,7
19854,3,6,9
26459,1,8,9
5706,50,7,57
9366,5,1,6
10775,10,5,15
10958,11,3,14
11214,17,11,28
11554,20,3,23
15873,15,18,33
16255,5,14,19
16421,9,11,20
16739,3,14,17
16956,0,8,8
8422,15,10,25
9052,8,4,12
10362,19,6,25
16436,8,24,32
16869,4,23,27
18200,8,16,24
17478,1,4,5
2186,7,0,7
7240,2,2,4
3555,43,5,48
9213,1,2,3
15001,4,3,7
17038,4,10,14
19505,0,4,4
2192,7,0,7
22945,3,6,9
10704,20,1,21
11377,9,2,11
11453,12,2,14
15277,29,30,59
15341,7,4,11
2256,15,1,16
10722,17,2,19
11450,1,6,7
12383,6,9,15
14834,7,11,18
20280,7,9,16
16468,0,4,4
7609,10,10,20
17386,3,8,11
26291,2,34,36
5538,7,2,9
2283,4,1,5
23036,2,14,16
7116,0,2,2
8677,4,4,8
9994,11,43,54
14648,2,3,5
16489,1,3,4
11941,9,2,11
12556,4,1,5
6614,16,8,24
27367,0,9,9
20532,3,10,13
9402,7,2,9
14505,39,10,49
2215,2,0,2
2217,1,0,1
24745,0,19,19
3992,1,0,1
26756,2,32,34
6003,3,2,5
8553,5,9,14
2224,1,0,1
2386,0,1,1
23139,1,3,4
11793,2,4,6
16568,6,12,18
18023,9,5,14
19292,4,7,11
20205,3,3,6
20429,1,8,9
26266,1,5,6
5513,0,1,1
8555,10,6,16
11312,8,8,16
16401,0,2,2
2235,2,0,2
2236,8,0,8
22989,0,11,11
6056,12,1,13
26809,0,10,10
7023,3,3,6
25089,3,9,12
4336,2,0,2
2994,16,1,17
2238,7,0,7
22991,1,7,8
13731,16,8,24
14898,5,5,10
15859,9,11,20
18325,5,13,18
27447,0,5,5
6694,2,1,3
12036,0,2,2
3426,2,1,3
6260,6,2,8
27013,0,4,4
8178,14,9,23
9161,3,1,4
10816,30,7,37
13085,21,7,28
13962,3,9,12
14039,0,13,13
9604,18,14,32
3914,10,1,11
20171,3,5,8
23188,2,7,9
2435,24,0,24
18301,2,38,40
2259,10,0,10
19181,4,3,7
19754,11,15,26
16931,4,4,8
18327,4,10,14
19749,4,3,7
20455,3,8,11
23105,1,4,5
2352,8,0,8
3512,4,2,6
24265,3,7,10
17512,2,2,4
8089,10,1,11
9821,5,5,10
12932,3,1,4
14013,2,3,5
15265,11,2,13
25686,4,9,13
4933,24,3,27
7086,21,43,64
7691,6,10,16
8309,3,4,7
2276,3,0,3
23029,15,24,39
4445,18,2,20
25198,3,26,29
5883,10,3,13
5917,32,11,43
7842,11,8,19
2279,14,0,14
14716,3,13,16
10079,28,16,44
10260,17,17,34
18951,30,31,61
19829,2,3,5
2281,8,0,8
9744,0,1,1
25511,0,15,15
4758,7,0,7
2282,7,0,7
23058,0,7,7
2305,24,0,24
7506,8,7,15
14924,4,7,11
16662,22,33,55
18244,32,19,51
2291,1,0,1
13490,17,4,21
15321,8,15,23
16022,1,13,14
11789,6,16,22
18048,1,11,12
10551,35,5,40
16831,3,5,8
17738,2,11,13
7158,7,5,12
24219,5,19,24
3466,7,1,8
7971,10,6,16
10645,3,1,4
18515,8,5,13
3180,24,1,25
23933,7,21,28
11337,4,1,5
11830,14,3,17
11984,15,4,19
2924,18,2,20
3646,46,8,54
4927,6,13,19
25680,3,11,14
8559,5,16,21
8847,8,21,29
10058,2,9,11
11007,4,1,5
8237,6,8,14
17364,2,5,7
12926,22,18,40
13096,2,4,6
13838,1,5,6
18312,0,8,8
9788,4,7,11
2316,4,0,4
23069,2,22,24
11862,1,3,4
17490,5,6,11
2317,22,0,22
15229,32,8,40
7702,23,13,36
12398,0,3,3
19969,28,16,44
19983,18,8,26
7582,12,6,18
2329,10,0,10
16315,7,17,24
2330,16,0,16
10045,0,1,1
15513,4,1,5
7336,1,1,2
9072,0,2,2
9003,6,4,10
10945,19,12,31
4286,46,3,49
25039,0,3,3
7363,26,11,37
12693,5,5,10
12586,47,17,64
12713,1,1,2
15577,0,2,2
19344,0,6,6
20631,14,46,60
16753,4,15,19
9371,6,8,14
26377,0,4,4
5624,14,32,46
2353,14,0,14
23106,8,10,18
5079,6,1,7
25832,0,11,11
25585,7,24,31
4832,36,1,37
8313,5,9,14
3639,3,3,6
24392,0,2,2
2361,4,0,4
23114,1,50,51
11123,6,1,7
11611,7,2,9
19282,0,11,11
19283,0,11,11
12347,8,6,14
16289,17,28,45
16510,23,8,31
8803,22,8,30
14799,7,4,11
2945,9,1,10
23698,0,10,10
8122,11,6,17
8961,10,7,17
7243,18,11,29
8648,5,9,14
6854,4,7,11
27607,0,2,2
7794,4,7,11
8764,9,15,24
8856,4,5,9
8880,0,6,6
9829,3,7,10
2374,9,0,9
4942,7,2,9
7208,5,3,8
7305,4,4,8
8745,4,4,8
9313,3,5,8
2376,2,0,2
17783,3,16,19
2378,11,0,11
18918,4,16,20
2382,12,0,12
23135,5,43,48
14837,3,3,6
18720,2,12,14
6060,5,10,15
11098,33,10,43
16697,25,47,72
18217,17,18,35
18526,8,23,31
10518,38,2,40
10613,0,1,1
2395,3,0,3
11918,4,4,8
8400,3,9,12
3203,9,1,10
23956,2,16,18
4141,1,1,2
24894,2,4,6
6945,6,8,14
27698,0,9,9
8675,1,5,6
8796,3,1,4
9196,2,2,4
9944,2,12,14
6898,6,3,9
7188,24,24,48
5296,3,2,5
26049,0,11,11
26968,0,2,2
6215,1,0,1
11709,7,3,10
2411,15,0,15
13056,8,3,11
18648,2,6,8
19230,1,9,10
17078,0,17,17
11253,4,3,7
3447,2,1,3
24200,1,23,24
24130,4,11,15
3377,1,0,1
26191,1,19,20
5438,2,4,6
2424,5,0,5
4826,6,2,8
25579,1,31,32
7800,4,3,7
15362,8,5,13
12732,5,2,7
14278,3,6,9
2427,1,0,1
23180,0,4,4
18006,6,18,24
4660,8,1,9
25413,2,18,20
17105,38,17,55
17158,35,16,51
18343,32,15,47
2431,3,0,3
10491,12,5,17
7234,2,1,3
10204,0,2,2
3062,11,1,12
10796,19,6,25
13987,29,13,42
15704,19,10,29
8785,8,5,13
10223,6,23,29
2437,27,0,27
27187,0,13,13
6434,10,3,13
24898,2,16,18
4145,11,0,11
14093,13,2,15
2442,9,0,9
14152,28,14,42
10828,9,7,16
11305,7,8,15
6272,32,23,55
27025,0,20,20
6916,29,33,62
7881,11,25,36
8288,4,7,11
9685,14,28,42
9799,20,37,57
10245,17,24,41
2447,10,0,10
8364,7,6,13
11119,8,5,13
13101,15,6,21
17667,6,1,7
14396,0,1,1
18293,4,2,6
19888,3,6,9
26097,1,14,15
5344,1,1,2
9380,7,5,12
2453,8,0,8
3259,3,1,4
4369,18,9,27
25997,2,23,25
5244,3,2,5
2461,6,0,6
14783,5,15,20
18689,6,7,13
18901,3,6,9
20309,1,11,12
20334,0,12,12
5033,9,4,13
14102,42,28,70
12818,11,7,18
15056,1,10,11
16989,17,24,41
17660,0,4,4
9629,4,4,8
25581,2,9,11
4828,8,0,8
12484,0,4,4
9431,14,5,19
2471,5,0,5
7380,6,2,8
19852,8,5,13
7965,8,9,17
8048,1,18,19
19294,6,3,9
8169,3,2,5
10139,1,3,4
11688,10,4,14
13494,9,4,13
17061,1,1,2
18063,9,6,15
20327,2,9,11
2484,4,0,4
8323,6,2,8
15560,8,1,9
16144,3,3,6
15496,1,2,3
5991,4,1,5
26744,0,20,20
10527,8,3,11
18345,5,3,8
20349,6,5,11
20442,6,14,20
3449,7,2,9
7105,6,4,10
8898,3,5,8
9668,5,6,11
4586,9,2,11
4325,26,3,29
7865,18,2,20
16836,4,7,11
19346,2,5,7
20293,4,10,14
20638,4,5,9
27680,0,18,18
6927,10,3,13
2501,2,0,2
9416,0,1,1
25488,12,35,47
4735,12,6,18
8448,1,4,5
7633,23,8,31
8184,2,5,7
9278,3,3,6
2508,2,0,2
23261,0,10,10
6649,79,17,96
7156,19,18,37
16241,12,4,16
18052,18,11,29
18269,17,31,48
18313,7,7,14
18598,6,3,9
18904,3,13,16
19219,19,21,40
19343,11,16,27
19453,5,13,18
20085,6,7,13
26855,1,13,14
6102,23,5,28
6459,12,11,23
2521,9,0,9
3145,5,3,8
23898,1,10,11
5115,2,1,3
8227,2,1,3
8772,2,3,5
10818,99,3,102
15351,13,18,31
11419,11,9,20
12749,8,7,15
9456,1,3,4
11722,1,1,2
12783,4,1,5
13557,1,3,4
2545,2,0,2
23298,0,6,6
2547,1,1,2
23300,7,84,91
24512,0,2,2
3759,1,0,1
2548,5,0,5
23301,1,6,7
16150,5,15,20
19024,4,9,13
2793,8,1,9
23546,8,9,17
5767,7,2,9
26520,0,2,2
14486,6,7,13
16300,11,8,19
16765,11,8,19
17130,12,12,24
2913,17,1,18
8647,10,16,26
18870,15,30,45
7536,17,5,22
9249,0,5,5
2562,15,0,15
13458,9,6,15
17100,5,3,8
9530,7,3,10
2568,1,0,1
18699,1,4,5
5218,74,5,79
25971,1,17,18
6485,11,5,16
6816,12,5,17
27569,1,60,61
6897,7,17,24
27650,1,6,7
7058,2,19,21
7266,24,12,36
7604,9,5,14
8208,0,3,3
8954,22,15,37
16883,98,49,147
20180,3,28,31
19563,70,22,92
5615,10,5,15
26368,0,7,7
27336,0,20,20
6583,2,0,2
7526,5,2,7
8391,3,6,9
12815,1,1,2
19435,1,8,9
25721,0,4,4
4968,10,0,10
8881,10,9,19
25610,2,7,9
4857,4,0,4
2581,4,0,4
23334,13,17,30
3668,1,1,2
24421,1,9,10
20123,1,5,6
20124,2,1,3
16276,10,19,29
17890,5,7,12
12819,44,9,53
12077,10,3,13
13103,4,16,20
13551,7,11,18
14472,5,18,23
17326,0,28,28
7176,7,5,12
8424,11,2,13
12197,13,8,21
19473,8,5,13
3510,29,1,30
9880,2,3,5
8688,6,9,15
9293,1,11,12
11027,15,7,22
24869,1,10,11
4116,0,2,2
2607,4,0,4
23360,3,23,26
4796,8,3,11
12625,7,4,11
9025,15,7,22
14109,15,29,44
16178,34,53,87
18223,45,49,94
2612,20,0,20
12085,16,4,20
13944,9,2,11
14316,7,5,12
14343,11,4,15
14841,12,6,18
14888,4,6,10
16127,3,8,11
19396,1,9,10
19755,5,12,17
2614,10,0,10
23367,0,44,44
17942,1,38,39
19958,11,9,20
11260,25,2,27
12844,2,3,5
20245,1,11,12
2616,14,0,14
15223,15,3,18
15989,11,5,16
16158,6,6,12
18544,21,14,35
4448,40,10,50
5740,4,2,6
26493,0,1,1
7149,11,6,17
7699,5,2,7
10099,0,4,4
3354,14,5,19
24107,1,29,30
3996,9,6,15
8570,12,9,21
8643,3,9,12
8873,0,11,11
9273,76,17,93
18722,2,12,14
12355,5,5,10
2629,1,0,1
15909,18,13,31
19702,0,3,3
20414,4,18,22
6817,59,28,87
8987,2,15,17
9877,1,6,7
10006,14,16,30
10131,5,46,51
10146,8,5,13
14617,17,20,37
8487,2,3,5
14037,2,1,3
2956,4,1,5
23709,4,17,21
11435,28,14,42
16840,7,18,25
20128,1,10,11
20630,0,5,5
7317,8,6,14
9280,2,3,5
9543,2,11,13
10133,0,9,9
2653,9,0,9
23406,0,10,10
8999,5,5,10
9936,2,5,7
9210,29,11,40
2870,8,1,9
14080,13,2,15
14323,17,7,24
14891,10,5,15
15008,24,6,30
15486,10,10,20
15742,15,19,34
17860,2,12,14
19637,4,16,20
2659,1,0,1
23412,2,1,3
12468,11,7,18
13548,31,24,55
8255,8,1,9
12764,20,24,44
13762,19,9,28
9348,4,4,8
15224,8,4,12
8043,11,7,18
8260,26,13,39
8415,17,5,22
9496,14,53,67
10458,20,4,24
12916,8,1,9
13138,22,5,27
13402,2,2,4
13539,5,4,9
14126,6,8,14
15631,33,23,56
15642,1,8,9
17372,6,26,32
17436,45,14,59
17863,4,11,15
18208,8,31,39
18260,9,7,16
19501,2,19,21
19808,21,28,49
2678,1,0,1
3174,4,1,5
18903,5,22,27
12480,2,5,7
14679,11,5,16
8557,3,4,7
13371,2,1,3
15546,7,4,11
16818,3,4,7
4715,27,4,31
25468,3,26,29
2691,1,0,1
23444,0,7,7
12202,2,1,3
12606,0,1,1
13314,25,9,34
17925,0,5,5
23903,0,7,7
3150,9,0,9
9176,17,19,36
26133,3,40,43
5380,4,2,6
20481,12,23,35
6007,12,4,16
9581,6,2,8
2713,9,0,9
23466,1,6,7
10309,36,7,43
24075,1,4,5
3322,13,0,13
24846,1,3,4
4093,4,1,5
11909,35,5,40
2719,62,0,62
5931,9,4,13
10780,19,5,24
11060,23,8,31
11237,12,8,20
11421,9,1,10
11426,5,6,11
11544,6,5,11
11634,21,2,23
11775,0,9,9
11814,4,3,7
12215,1,1,2
12333,6,6,12
12489,2,9,11
12811,21,8,29
13215,8,8,16
13498,16,23,39
13597,1,8,9
13606,2,7,9
13844,0,12,12
14175,7,7,14
15051,11,1,12
16928,3,6,9
18215,7,11,18
18428,9,8,17
26327,0,22,22
5574,7,9,16
8925,1,6,7
8349,16,26,42
2725,2,0,2
10638,16,7,23
11535,25,9,34
11545,1,8,9
12090,0,2,2
17787,4,32,36
27690,0,7,7
6937,2,2,4
2923,19,1,20
23676,2,14,16
4130,10,3,13
19330,1,14,15
11302,7,6,13
5981,24,10,34
26734,0,10,10
7440,8,4,12
9476,0,3,3
2739,8,0,8
10008,8,3,11
10141,3,12,15
15403,9,7,16
2742,4,0,4
14370,4,1,5
15007,2,2,4
17800,5,12,17
9206,11,22,33
16569,22,13,35
27140,0,17,17
6387,16,23,39
2752,1,0,1
11728,32,5,37
14932,7,23,30
17140,5,11,16
8038,23,9,32
9333,5,3,8
2768,1,0,1
11167,3,8,11
19351,0,8,8
19352,0,6,6
10586,8,10,18
11469,4,2,6
14597,2,5,7
8198,2,5,7
10085,1,7,8
15849,32,23,55
14793,2,2,4
7347,17,2,19
11883,28,6,34
27337,0,17,17
6584,3,11,14
4954,11,4,15
25707,1,3,4
9239,8,9,17
17826,1,7,8
19073,1,6,7
5743,7,2,9
26496,1,22,23
7215,10,4,14
7377,9,4,13
8773,8,5,13
11915,9,2,11
6302,22,8,30
11600,44,7,51
27009,0,21,21
6256,1,0,1
5149,15,6,21
8564,19,9,28
8748,16,1,17
2809,7,0,7
11978,2,1,3
3569,13,1,14
7597,17,7,24
14813,3,3,6
3020,11,1,12
9083,1,2,3
9587,1,3,4
4996,29,3,32
15258,8,11,19
18969,2,9,11
14446,15,4,19
13797,1,4,5
11128,12,10,22
15248,1,1,2
25830,0,9,9
5077,3,1,4
12332,1,3,4
4808,0,1,1
9001,1,3,4
9288,4,2,6
9457,1,8,9
9521,3,5,8
10182,2,7,9
11267,1,1,2
13039,7,5,12
13384,15,7,22
18835,0,4,4
6233,2,2,4
12975,2,6,8
13933,0,1,1
14209,0,2,2
15480,4,3,7
15741,1,9,10
16951,6,3,9
18443,5,6,11
18450,5,18,23
19141,0,2,2
24086,0,2,2
3333,1,0,1
25841,1,2,3
5088,30,4,34
19602,6,24,30
20636,1,12,13
4772,6,2,8
5065,16,2,18
25818,0,22,22
4192,8,4,12
4203,18,6,24
24956,1,9,10
4285,90,4,94
25038,2,5,7
5724,23,8,31
26477,0,2,2
8902,21,11,32
9130,5,3,8
9485,15,11,26
9560,12,6,18
9742,11,14,25
14869,20,51,71
16362,13,58,71
16461,18,21,39
16749,7,41,48
6742,9,4,13
9884,6,9,15
9941,8,5,13
18571,11,29,40
11553,17,4,21
19818,7,38,45
19898,6,16,22
27338,2,14,16
6585,6,9,15
11270,13,5,18
17901,14,12,26
17923,3,11,14
20025,5,22,27
20735,5,14,19
25964,3,4,7
5211,7,1,8
9307,6,2,8
15553,1,3,4
19825,2,3,5
20076,7,9,16
2854,18,0,18
3915,12,1,13
12020,8,4,12
13241,3,1,4
8933,4,2,6
9741,12,9,21
15956,5,5,10
9183,12,31,43
26236,1,21,22
5483,23,0,23
18915,14,6,20
18965,4,6,10
19536,2,34,36
8738,6,6,12
13977,16,9,25
16014,2,6,8
18941,9,11,20
2876,4,0,4
14378,7,1,8
2878,1,0,1
26187,1,17,18
5434,2,0,2
3838,5,2,7
14287,6,3,9
19007,2,10,12
6359,10,3,13
27112,0,10,10
9548,9,19,28
17419,25,19,44
2892,5,0,5
23645,3,9,12
2895,1,0,1
23648,1,2,3
8536,0,2,2
8774,7,5,12
10041,14,13,27
3448,15,1,16
4267,21,2,23
25020,0,2,2
9377,27,53,80
13120,8,5,13
26127,0,78,78
5374,3,3,6
5175,9,1,10
25928,10,22,32
8316,3,5,8
18032,0,6,6
26346,1,19,20
5593,5,0,5
7009,10,1,11
9039,30,38,68
2907,6,0,6
3290,13,1,14
24043,0,2,2
5421,11,3,14
10135,3,6,9
10265,9,2,11
10961,8,5,13
11227,41,3,44
11338,18,1,19
14588,2,5,7
8021,3,7,10
9893,3,11,14
6449,38,13,51
8240,8,4,12
7919,14,9,23
9455,9,4,13
12882,10,6,16
13065,4,7,11
12387,2,2,4
13400,4,3,7
7095,19,44,63
3059,10,1,11
19837,7,16,23
19942,1,8,9
8302,2,2,4
18194,6,12,18
9703,0,7,7
8541,5,2,7
3157,1,1,2
13503,5,5,10
26407,1,4,5
5654,2,0,2
4497,11,2,13
17228,15,10,25
2950,12,0,12
7703,5,1,6
8069,1,2,3
10592,19,9,28
15901,3,11,14
2959,8,0,8
10486,12,1,13
10741,13,1,14
17044,4,4,8
2960,7,0,7
26319,2,28,30
5566,9,2,11
2973,1,0,1
23726,2,5,7
16159,2,1,3
2975,1,0,1
8574,1,3,4
4278,5,1,6
6758,3,3,6
7448,3,3,6
15952,17,15,32
4162,5,2,7
8534,4,3,7
2984,13,0,13
23737,2,10,12
8102,1,4,5
8469,17,19,36
18278,7,16,23
2987,32,0,32
8340,9,3,12
10468,57,11,68
23799,1,17,18
3046,3,0,3
2988,16,0,16
5151,5,2,7
9632,7,6,13
10273,18,3,21
12003,25,14,39
12850,2,8,10
11333,0,3,3
14439,0,3,3
8575,4,5,9
9949,7,11,18
11829,1,3,4
12343,1,7,8
12550,0,3,3
12577,5,5,10
13067,5,11,16
19518,3,17,20
19966,3,12,15
11352,0,6,6
11618,9,7,16
18366,1,4,5
9874,14,4,18
7580,2,1,3
3003,5,0,5
3209,8,1,9
23962,1,16,17
5899,2,4,6
26652,2,13,15
8877,0,5,5
13841,4,2,6
26841,0,1,1
6088,1,1,2
6632,25,7,32
27385,0,25,25
7071,20,7,27
7673,5,6,11
7749,7,8,15
7976,1,5,6
8153,7,11,18
8262,10,13,23
8529,0,6,6
8751,4,14,18
8904,0,7,7
9664,4,5,9
10048,3,14,17
10118,3,10,13
9332,2,3,5
9913,3,29,32
17467,7,7,14
10280,9,5,14
4530,13,8,21
8926,11,49,60
9718,7,26,33
10174,0,18,18
10207,11,29,40
17851,0,2,2
12532,3,1,4
17147,0,6,6
12052,12,3,15
13052,4,6,10
3029,3,0,3
19806,26,37,63
20081,14,37,51
26362,1,45,46
5609,4,3,7
10192,5,3,8
12535,19,8,27
15572,0,5,5
19136,0,10,10
12221,11,3,14
8155,2,3,5
8992,7,3,10
3038,10,0,10
23791,8,16,24
3238,10,2,12
19776,6,8,14
10449,35,1,36
10219,9,2,11
11351,26,2,28
20338,1,11,12
7122,1,1,2
3047,5,0,5
23800,1,3,4
6523,2,1,3
27276,2,14,16
9038,1,2,3
8636,6,5,11
10473,7,8,15
11127,22,2,24
11138,24,4,28
11841,10,9,19
3050,4,0,4
7823,5,4,9
7968,6,8,14
9630,2,8,10
13969,8,3,11
16950,7,8,15
17907,5,11,16
12047,5,3,8
12475,4,4,8
25557,1,26,27
4804,5,1,6
4974,8,6,14
6727,13,2,15
7471,7,5,12
8450,2,11,13
9903,1,4,5
10222,0,11,11
7522,19,3,22
19747,19,10,29
15758,0,1,1
16720,6,6,12
18837,2,4,6
4021,8,1,9
4903,2,1,3
25656,0,11,11
8806,4,2,6
12683,6,3,9
10287,17,2,19
10018,2,5,7
11231,6,3,9
12186,4,2,6
12756,6,2,8
13634,3,1,4
14286,6,2,8
14518,1,7,8
14930,13,3,16
15457,25,4,29
16418,1,6,7
16512,8,7,15
16557,4,6,10
16744,20,7,27
18030,2,5,7
18881,5,3,8
19176,7,15,22
25011,0,22,22
4258,1,0,1
17541,7,9,16
24177,0,12,12
3424,6,0,6
9299,4,6,10
18997,4,11,15
19544,9,29,38
19924,2,8,10
11792,11,7,18
12595,26,12,38
7543,5,22,27
20225,0,9,9
3091,10,0,10
23844,1,6,7
4534,20,1,21
25287,1,6,7
9958,3,2,5
11116,10,2,12
12059,16,9,25
24663,0,16,16
3910,21,0,21
3102,8,0,8
23855,0,7,7
6100,5,3,8
18024,8,10,18
18399,3,9,12
24597,1,13,14
3844,5,0,5
20491,2,19,21
9998,2,1,3
3106,9,0,9
13433,26,4,30
13880,23,3,26
14433,35,5,40
15735,6,14,20
27392,0,21,21
6639,3,0,3
19328,16,11,27
11010,15,3,18
11056,17,5,22
11975,45,12,57
15055,3,9,12
15389,2,13,15
19227,3,6,9
7618,0,1,1
9486,2,2,4
10674,15,4,19
14635,7,9,16
19667,2,8,10
7126,9,3,12
9391,3,4,7
3832,13,1,14
24585,9,23,32
16237,4,2,6
9500,8,2,10
13961,4,1,5
18633,10,6,16
26349,0,4,4
5596,3,1,4
14023,9,4,13
15738,7,1,8
3140,7,0,7
14601,2,2,4
16319,1,2,3
19999,12,30,42
8100,3,1,4
7031,3,3,6
7042,5,11,16
13754,0,7,7
19003,4,16,20
5105,5,2,7
25858,0,7,7
12826,0,1,1
11041,1,3,4
3154,1,0,1
23907,1,33,34
5215,14,1,15
25968,0,10,10
7727,8,1,9
8273,7,6,13
8539,21,3,24
19717,12,11,23
20112,42,28,70
20239,29,21,50
20397,20,33,53
20734,15,26,41
3162,10,0,10
9534,2,2,4
10084,2,7,9
9535,8,1,9
20316,5,37,42
7477,11,4,15
7088,6,1,7
4792,8,2,10
25545,1,13,14
10707,2,4,6
3175,2,0,2
8587,0,1,1
15771,8,5,13
14097,1,2,3
16359,20,18,38
19670,8,38,46
3181,3,0,3
23934,2,12,14
8363,1,1,2
9310,0,2,2
16795,3,4,7
11278,8,4,12
16385,26,21,47
3186,7,0,7
3198,5,1,6
9190,1,3,4
19830,6,3,9
3189,2,0,2
27355,2,10,12
6602,2,1,3
27609,1,11,12
6856,1,0,1
9250,2,3,5
7075,20,11,31
18781,0,3,3
9121,0,1,1
3199,7,0,7
18999,1,4,5
19849,0,4,4
12960,6,6,12
11711,11,3,14
12828,14,10,24
14266,18,10,28
18630,2,8,10
5385,5,1,6
26138,1,10,11
8297,1,3,4
9869,2,1,3
19698,0,5,5
11584,3,2,5
7325,4,1,5
12668,21,6,27
7669,19,1,20
9357,4,3,7
13407,8,9,17
15117,12,11,23
14329,12,2,14
3227,2,0,2
16901,1,18,19
17741,2,2,4
26351,2,20,22
5598,2,1,3
9539,3,9,12
17259,4,6,10
20547,0,2,2
7659,17,22,39
13982,1,5,6
19191,2,11,13
11347,13,4,17
3253,8,0,8
9426,7,3,10
13162,1,2,3
16846,9,12,21
10428,13,4,17
20186,2,13,15
8103,4,3,7
15103,2,2,4
3445,1,1,2
14951,13,31,44
16712,8,12,20
3262,25,0,25
24015,1,1,2
5356,19,3,22
6093,2,7,9
7762,0,8,8
8417,8,9,17
9172,1,13,14
9915,3,9,12
8741,6,6,12
3268,1,0,1
9975,1,1,2
7316,4,2,6
9459,8,8,16
5820,3,3,6
9982,0,3,3
16199,2,2,4
17199,1,3,4
6242,15,2,17
12224,4,8,12
15142,1,11,12
7887,4,3,7
6312,9,1,10
13857,2,3,5
25857,2,7,9
5104,3,0,3
8681,9,5,14
7180,2,2,4
8299,1,1,2
14119,2,1,3
17576,1,5,6
3292,10,0,10
7430,1,1,2
11148,3,2,5
9752,8,1,9
3657,16,1,17
6442,10,3,13
15097,1,3,4
17631,4,15,19
18390,4,6,10
11049,7,1,8
18604,8,27,35
7993,17,20,37
8377,6,20,26
8962,15,4,19
8142,2,1,3
8558,1,8,9
9791,6,2,8
4114,11,1,12
24867,2,12,14
5771,5,2,7
26524,1,8,9
8617,1,5,6
8801,1,4,5
9898,1,3,4
7851,0,3,3
3313,21,0,21
4626,6,3,9
25379,1,9,10
10030,9,3,12
10089,4,6,10
12871,25,19,44
15983,1,24,25
12485,20,1,21
9292,1,8,9
18137,1,16,17
5873,4,3,7
13088,8,14,22
25134,3,27,30
4381,3,0,3
27682,0,22,22
6929,9,3,12
4803,2,1,3
25556,1,3,4
13220,2,1,3
15500,1,2,3
4524,2,1,3
7068,4,2,6
8562,0,2,2
10076,1,6,7
6771,0,4,4
6861,25,6,31
7489,4,3,7
7930,26,9,35
8972,24,31,55
9081,6,11,17
9408,4,5,9
9650,2,1,3
3339,11,0,11
10397,9,1,10
10783,7,3,10
11186,1,4,5
15530,6,17,23
17987,8,20,28
7486,3,4,7
12363,37,5,42
14173,3,2,5
16599,1,4,5
6993,21,11,32
7943,8,34,42
7320,26,3,29
11957,9,2,11
19615,5,9,14
7279,8,1,9
9002,11,9,20
20226,0,2,2
11989,19,4,23
19203,3,10,13
8505,6,5,11
10242,6,5,11
18874,1,9,10
3367,4,0,4
24120,2,17,19
10497,11,3,14
16331,28,21,49
16737,11,13,24
19429,13,12,25
20686,7,36,43
19995,0,3,3
20677,5,3,8
27406,0,5,5
6653,1,0,1
7614,17,16,33
11104,9,1,10
18159,33,16,49
20108,1,2,3
16036,17,6,23
18992,12,9,21
19165,16,40,56
20592,2,19,21
11927,0,1,1
10908,8,4,12
5693,8,6,14
11199,19,4,23
13447,15,2,17
3398,2,0,2
16709,4,6,10
10064,0,1,1
3402,1,0,1
7527,11,3,14
3505,14,1,15
3873,2,1,3
24626,2,11,13
26921,0,3,3
6168,2,0,2
3409,16,0,16
24162,1,5,6
19393,3,6,9
3411,6,0,6
24164,2,3,5
16746,2,6,8
10891,3,1,4
16251,9,3,12
14476,6,29,35
16480,5,12,17
5311,0,4,4
9626,7,7,14
9910,4,3,7
12692,10,5,15
12705,1,1,2
13363,1,2,3
17489,10,17,27
8521,23,12,35
12890,5,2,7
15247,5,7,12
6373,11,4,15
17135,9,11,20
11856,7,3,10
12804,17,2,19
14606,3,2,5
14976,4,2,6
16438,3,1,4
17518,0,3,3
17850,0,7,7
18104,3,9,12
19412,3,3,6
26210,1,10,11
5457,2,1,3
3461,3,0,3
11543,3,2,5
14073,17,25,42
8919,0,3,3
4173,7,1,8
9349,9,3,12
3471,3,0,3
9834,6,2,8
18645,3,11,14
20490,0,8,8
7209,2,1,3
14593,5,9,14
15102,2,3,5
15294,7,5,12
27489,1,6,7
6736,1,0,1
20626,7,14,21
3485,4,0,4
12391,10,4,14
3488,6,0,6
8411,6,2,8
8588,0,5,5
12000,2,5,7
7652,6,7,13
7717,1,3,4
8679,7,2,9
12645,6,2,8
18580,0,2,2
7337,4,2,6
13719,15,20,35
9045,2,1,3
9046,1,2,3
3496,1,0,1
27125,0,1,1
6372,8,2,10
7434,7,8,15
7772,12,9,21
9334,6,11,17
17737,1,11,12
10834,4,1,5
3508,1,0,1
6049,1,1,2
26802,1,7,8
11218,35,10,45
13070,10,11,21
15823,4,5,9
15824,4,3,7
16072,0,11,11
7263,0,3,3
7688,7,2,9
8045,2,3,5
9771,3,4,7
17064,4,9,13
3522,2,0,2
3716,1,1,2
6563,2,3,5
27316,0,6,6
3523,9,0,9
10831,31,1,32
3526,3,0,3
24279,1,18,19
12048,1,2,3
15948,10,25,35
17019,2,8,10
18447,2,23,25
3534,1,0,1
5760,0,3,3
8703,60,17,77
8860,83,13,96
8884,33,4,37
8940,45,23,68
9005,40,45,85
9050,18,30,48
9242,9,17,26
9440,16,53,69
9441,29,67,96
9774,10,22,32
9797,20,33,53
9838,10,19,29
10199,19,22,41
20118,2,11,13
7894,1,3,4
18715,6,5,11
10385,8,2,10
14619,2,2,4
3556,4,0,4
7901,1,3,4
5050,5,1,6
11022,11,1,12
14001,2,1,3
15862,5,9,14
17092,5,10,15
19235,1,12,13
27163,0,8,8
6410,8,0,8
4019,4,2,6
9304,5,9,14
9938,8,9,17
19933,10,17,27
8074,23,35,58
4632,4,1,5
11935,18,17,35
10126,3,5,8
13288,10,1,11
3582,3,0,3
4977,3,1,4
25730,0,5,5
11046,9,1,10
13353,13,3,16
14789,18,8,26
3588,2,0,2
10861,33,9,42
3592,12,0,12
9090,2,9,11
3594,2,0,2
5081,2,1,3
25834,0,9,9
11332,6,3,9
12656,1,1,2
15088,1,11,12
18276,3,10,13
3598,11,0,11
12477,13,1,14
13680,12,1,13
13779,9,1,10
16048,4,5,9
16203,11,2,13
16399,4,4,8
16605,7,4,11
17407,5,1,6
18099,6,4,10
3603,1,0,1
6503,14,2,16
8563,1,6,7
8817,1,9,10
9864,4,10,14
5531,2,1,3
26284,0,2,2
8232,2,2,4
8582,20,3,23
3608,5,0,5
24361,2,8,10
14727,2,4,6
15514,0,4,4
3612,10,0,10
24365,0,5,5
7615,8,4,12
10938,14,1,15
9726,9,3,12
17749,1,10,11
14315,13,9,22
19062,30,27,57
9109,8,8,16
12690,8,4,12
15172,24,25,49
8658,11,2,13
17030,10,7,17
16363,46,13,59
18958,15,22,37
19017,8,15,23
9675,7,2,9
9248,0,4,4
11481,2,1,3
11586,21,2,23
13612,1,5,6
16434,3,9,12
4234,11,3,14
24987,2,6,8
26060,0,12,12
5307,3,0,3
17261,5,14,19
13359,42,22,64
7557,15,3,18
16260,41,20,61
17119,5,13,18
8000,2,2,4
18421,1,2,3
10386,4,2,6
15951,3,3,6
8210,1,2,3
10717,20,7,27
11470,9,1,10
11474,2,3,5
14801,0,6,6
15517,3,6,9
3647,3,0,3
24400,0,2,2
20458,0,6,6
6746,8,1,9
17373,15,23,38
19366,27,23,50
27486,0,24,24
6733,11,7,18
4681,8,1,9
15441,7,6,13
19856,1,6,7
3656,3,0,3
9579,1,2,3
3661,4,0,4
7331,2,2,4
9835,0,1,1
10015,1,1,2
15246,4,6,10
18008,5,4,9
17294,4,8,12
9151,8,12,20
13883,0,3,3
18890,0,7,7
9322,6,4,10
3678,5,0,5
10349,9,2,11
9200,16,4,20
5439,14,2,16
26192,6,7,13
17642,29,20,49
3693,5,0,5
15160,3,5,8
7722,23,6,29
8941,2,2,4
15111,17,32,49
16528,2,20,22
8875,10,1,11
10117,4,7,11
16262,2,3,5
10177,1,1,2
10178,3,1,4
13222,0,4,4
14451,0,2,2
14502,0,2,2
5119,33,3,36
25872,1,5,6
6392,19,7,26
7050,9,12,21
7863,20,23,43
7913,4,11,15
7987,0,7,7
8040,0,4,4
8404,3,3,6
9498,8,7,15
9866,3,15,18
9873,3,5,8
9930,4,23,27
5519,8,1,9
12320,7,6,13
13366,9,9,18
15019,4,13,17
15974,0,11,11
19990,13,29,42
13979,3,1,4
14694,8,2,10
15665,0,4,4
16627,4,4,8
13337,5,5,10
15423,0,10,10
8805,10,8,18
9983,14,5,19
12655,14,13,27
16148,8,11,19
12242,5,1,6
7335,8,1,9
6708,6,3,9
13976,11,7,18
14552,7,8,15
7671,12,3,15
18371,5,11,16
13217,2,2,4
7678,6,2,8
8056,8,2,10
10017,11,2,13
11161,6,7,13
14085,6,7,13
16835,2,15,17
4731,5,1,6
5466,46,12,58
5826,5,2,7
6958,1,20,21
7404,25,80,105
8007,19,10,29
8032,4,9,13
8174,11,4,15
8231,0,2,2
8395,10,4,14
8396,8,4,12
8466,3,5,8
8676,21,7,28
9065,5,3,8
9066,16,4,20
9354,7,6,13
9515,5,5,10
9582,2,6,8
9649,3,7,10
9844,8,11,19
10021,0,9,9
4129,3,1,4
8376,2,2,4
10095,3,2,5
10623,6,2,8
14409,5,6,11
15045,0,9,9
9735,5,7,12
3748,1,0,1
24501,0,1,1
19608,1,8,9
8189,3,1,4
9128,0,1,1
3754,4,0,4
24507,0,5,5
10253,1,18,19
15611,8,6,14
14591,4,7,11
15893,12,6,18
17230,10,6,16
18310,12,36,48
18726,35,21,56
19692,17,22,39
20428,3,16,19
9700,14,4,18
9114,3,5,8
15943,41,24,65
10576,2,2,4
15408,23,11,34
19762,5,7,12
9356,1,5,6
13424,1,4,5
3781,2,0,2
24534,0,7,7
9506,7,2,9
6183,0,1,1
9803,0,1,1
3784,9,0,9
20202,16,3,19
20590,11,7,18
15726,2,7,9
17166,3,3,6
3789,1,0,1
3864,2,1,3
3792,3,0,3
24545,1,2,3
7938,28,3,31
10057,27,3,30
7138,16,7,23
8605,10,5,15
9776,7,4,11
18843,14,16,30
17626,34,34,68
13151,8,3,11
17545,4,6,10
3803,7,0,7
4721,56,1,57
4873,9,2,11
25626,1,2,3
5182,9,2,11
8188,8,2,10
9947,10,6,16
25985,1,11,12
5232,3,0,3
4506,0,3,3
10259,3,9,12
8714,17,4,21
8475,10,9,19
7271,2,2,4
16121,0,14,14
19961,15,19,34
3816,6,0,6
25699,0,4,4
4946,9,0,9
14172,8,2,10
10183,4,3,7
7077,13,4,17
8291,13,19,32
9720,1,9,10
15905,12,25,37
5285,4,2,6
20009,11,18,29
25457,1,5,6
4704,10,0,10
3833,1,0,1
7994,7,4,11
9004,4,5,9
10121,3,4,7
10181,1,3,4
10870,20,1,21
14031,15,3,18
14106,12,6,18
9247,7,1,8
10496,8,1,9
11946,10,5,15
13759,13,9,22
14149,0,4,4
20037,6,17,23
8020,6,9,15
20065,0,9,9
8451,11,4,15
10318,12,4,16
11541,11,8,19
12361,4,11,15
13958,42,33,75
6077,1,4,5
26830,0,7,7
3868,2,0,2
6291,0,1,1
15402,0,2,2
3869,1,0,1
9318,11,4,15
18216,11,11,22
6590,0,4,4
7860,2,3,5
9142,1,4,5
3881,1,0,1
8080,6,13,19
9207,2,3,5
9747,11,2,13
9909,2,3,5
11932,12,7,19
11947,26,4,30
17669,4,9,13
3885,4,0,4
3886,11,0,11
20615,2,6,8
4515,4,1,5
18185,20,21,41
7051,8,4,12
16149,1,7,8
17260,9,10,19
8608,6,3,9
3899,6,0,6
24652,0,3,3
10464,8,4,12
13492,2,3,5
14508,1,3,4
4202,13,1,14
13014,4,12,16
8426,1,5,6
6416,20,3,23
27169,0,2,2
11936,12,1,13
16970,7,23,30
17854,11,20,31
20060,9,13,22
8819,15,2,17
11652,5,1,6
12500,18,5,23
13549,10,5,15
13826,9,15,24
16259,3,9,12
19792,6,11,17
18569,3,11,14
5487,0,1,1
13735,4,1,5
8594,8,1,9
13104,26,12,38
14473,0,9,9
14896,5,6,11
14403,0,7,7
3927,6,0,6
24680,4,33,37
19275,10,33,43
12423,7,1,8
12999,2,2,4
8759,9,9,18
9635,11,2,13
6110,18,3,21
12138,12,5,17
13132,11,3,14
15017,0,1,1
15461,2,9,11
15978,4,9,13
16691,4,10,14
17415,2,20,22
19723,1,15,16
27413,0,11,11
6660,65,15,80
16770,0,1,1
19298,0,1,1
17499,14,6,20
17500,2,2,4
17501,13,3,16
17759,3,2,5
3946,1,0,1
24699,8,25,33
7898,9,5,14
12445,0,2,2
3952,6,0,6
20524,7,26,33
14458,0,1,1
5217,31,2,33
7928,16,9,25
16106,9,29,38
26689,0,16,16
5936,3,0,3
3961,8,0,8
4574,8,2,10
25327,0,2,2
7394,11,4,15
8156,6,6,12
8568,3,4,7
11346,0,1,1
11465,1,8,9
16107,4,2,6
16108,0,1,1
7227,1,1,2
7647,17,7,24
10278,0,2,2
7422,3,1,4
9546,4,3,7
9896,3,6,9
20617,2,2,4
3973,2,0,2
24726,0,10,10
19954,1,2,3
20606,2,16,18
6979,45,9,54
27732,0,7,7
7141,19,14,33
8607,2,7,9
7140,5,1,6
17895,1,3,4
18271,0,7,7
8720,5,1,6
7888,4,4,8
8846,3,3,6
9559,2,4,6
9507,0,3,3
12433,3,9,12
16181,17,24,41
17296,9,28,37
5864,9,2,11
7504,8,5,13
11754,5,1,6
8194,2,1,3
4014,2,0,2
7100,4,2,6
8778,3,2,5
26461,0,6,6
5708,2,0,2
4018,1,0,1
24771,1,3,4
7090,48,19,67
7939,20,22,42
9963,16,5,21
12106,4,5,9
13311,4,5,9
7376,21,54,75
9346,11,18,29
5589,6,1,7
12509,3,5,8
14325,2,5,7
25855,1,7,8
5102,4,0,4
15701,6,32,38
16884,7,7,14
16935,2,13,15
19515,2,8,10
20071,1,8,9
11506,1,2,3
12582,9,3,12
16486,1,7,8
17516,7,11,18
5499,5,1,6
10709,6,4,10
11666,13,5,18
7255,3,3,6
15864,1,3,4
4045,12,0,12
7063,6,3,9
7324,3,4,7
7427,4,4,8
7634,3,6,9
8494,1,7,8
9192,1,8,9
4055,4,0,4
18742,2,3,5
14702,8,15,23
14948,6,22,28
18927,4,10,14
16515,1,2,3
7114,1,1,2
11039,15,3,18
12148,2,2,4
17245,1,2,3
20504,1,4,5
7499,11,5,16
7723,9,1,10
10411,12,1,13
14912,0,19,19
8447,7,10,17
20655,5,14,19
4580,3,2,5
25333,0,9,9
7801,2,3,5
20302,6,7,13
6482,1,2,3
8950,1,2,3
8257,2,5,7
8344,4,2,6
9554,0,1,1
16603,2,3,5
7274,10,3,13
10189,4,7,11
4125,1,0,1
24878,1,1,2
4126,14,0,14
10584,15,4,19
13126,5,2,7
12593,0,2,2
4134,1,0,1
24887,3,7,10
16912,5,5,10
9478,4,5,9
15953,7,21,28
16379,2,6,8
9162,5,3,8
18290,24,23,47
18411,19,22,41
14190,2,4,6
4148,2,0,2
24901,0,6,6
11823,16,12,28
12046,1,7,8
4152,7,0,7
13121,6,13,19
6094,3,1,4
7581,2,2,4
7314,17,1,18
12205,2,5,7
12651,15,4,19
14381,4,9,13
16658,6,34,40
25289,1,3,4
4536,2,1,3
12252,8,4,12
12728,6,3,9
13998,7,8,15
20538,17,33,50
5822,9,1,10
9074,7,2,9
7478,11,3,14
15570,6,5,11
18187,3,3,6
19122,3,6,9
19517,4,12,16
4172,4,0,4
24925,1,1,2
14104,3,7,10
19586,0,1,1
17832,0,1,1
4177,22,0,22
13441,6,8,14
18885,34,25,59
19662,9,16,25
12591,8,18,26
4184,5,0,5
10203,6,10,16
9427,11,16,27
12005,16,5,21
12006,8,6,14
12927,3,8,11
15636,14,22,36
8744,9,2,11
18133,23,6,29
18250,25,9,34
6282,5,1,6
27035,1,24,25
4216,5,0,5
24969,4,9,13
8130,16,2,18
6249,8,1,9
16283,1,8,9
19962,10,16,26
20387,14,15,29
12719,0,1,1
7381,10,2,12
15993,1,13,14
19506,4,2,6
18857,30,59,89
9482,3,3,6
9736,7,4,11
11731,8,5,13
11485,32,11,43
8033,4,5,9
14148,5,2,7
10703,11,5,16
4272,2,0,2
7040,3,2,5
10091,6,8,14
13452,3,2,5
4279,46,0,46
25032,1,4,5
16274,0,2,2
17937,36,13,49
17945,31,13,44
18954,19,39,58
19161,10,35,45
12284,3,1,4
12998,8,1,9
15148,3,14,17
7193,15,53,68
7352,47,53,100
7595,24,15,39
7676,26,7,33
8105,16,20,36
8631,26,27,53
8906,11,37,48
9303,7,11,18
9809,1,15,16
7598,14,10,24
13473,10,3,13
14099,11,4,15
19149,11,26,37
4287,5,0,5
20417,4,15,19
20607,0,27,27
10350,8,2,10
10940,5,1,6
12092,11,5,16
16923,1,1,2
18286,11,12,23
20482,2,22,24
10093,0,1,1
10395,13,1,14
11290,5,3,8
4305,2,0,2
10382,8,1,9
20272,3,18,21
19284,7,15,22
18284,2,8,10
16098,0,12,12
11072,15,3,18
11456,7,1,8
12929,0,4,4
14550,3,4,7
17999,0,6,6
12167,11,8,19
16171,1,4,5
16176,65,24,89
8549,1,3,4
9215,0,4,4
9432,2,2,4
11683,3,2,5
12686,3,6,9
13431,3,5,8
13326,0,1,1
14008,2,4,6
4354,4,0,4
25107,0,28,28
14577,1,3,4
17616,0,1,1
11059,1,1,2
16238,4,18,22
7698,2,2,4
16055,4,4,8
5872,23,2,25
4368,12,0,12
25121,0,4,4
13042,11,1,12
14195,2,2,4
15445,17,8,25
15692,13,3,16
16018,2,3,5
17557,10,22,32
17291,7,18,25
20203,24,20,44
10446,24,4,28
10753,17,2,19
15260,8,17,25
17043,5,11,16
18093,2,9,11
7907,6,2,8
7984,9,3,12
11501,3,2,5
9011,4,1,5
17128,1,14,15
18686,0,8,8
4390,2,0,2
17168,13,22,35
10988,11,1,12
16973,1,5,6
8531,2,3,5
8712,8,13,21
8719,12,25,37
9144,2,5,7
9740,0,3,3
9042,15,5,20
16735,1,5,6
6458,14,10,24
7390,3,2,5
7450,33,12,45
7498,3,3,6
8013,28,8,36
8134,3,8,11
8254,13,10,23
8441,6,3,9
9152,17,8,25
9329,2,3,5
9400,22,10,32
9596,2,10,12
9677,12,18,30
9990,18,19,37
10047,1,7,8
7297,12,2,14
8725,4,12,16
9674,6,39,45
10881,8,2,10
11321,11,1,12
7812,11,2,13
9681,16,5,21
4424,1,0,1
6103,2,1,3
11805,2,4,6
12272,9,4,13
10156,2,4,6
5073,7,1,8
18534,14,45,59
8306,10,3,13
16704,3,2,5
16903,4,3,7
16332,36,36,72
16981,0,23,23
4449,7,0,7
12321,7,1,8
8968,10,34,44
20154,17,32,49
7850,11,1,12
10701,36,2,38
4475,13,0,13
8116,1,3,4
16291,11,12,23
7532,7,3,10
18436,7,25,32
19744,3,21,24
14984,16,6,22
7624,4,4,8
18072,10,17,27
19495,3,50,53
19237,18,5,23
4511,2,0,2
26114,1,4,5
5361,2,0,2
19537,14,28,42
20001,38,51,89
20618,10,28,38
9124,2,1,3
8621,3,3,6
16495,2,5,7
13862,0,1,1
14313,0,1,1
7872,12,3,15
8911,3,1,4
9053,4,3,7
13730,14,15,29
7406,8,3,11
10114,4,6,10
13669,2,4,6
12166,5,3,8
8614,15,30,45
4813,15,3,18
5168,3,9,12
16655,11,11,22
15557,14,3,17
10416,0,2,2
10477,4,3,7
10814,3,3,6
11843,2,4,6
4850,2,2,4
15649,0,6,6
7469,8,2,10
4564,4,0,4
25317,0,7,7
7460,0,2,2
4577,1,0,1
25330,0,3,3
7205,0,2,2
9653,0,3,3
7187,0,1,1
9291,3,2,5
12198,11,5,16
20373,2,4,6
11226,23,3,26
11655,26,4,30
13782,9,10,19
7162,17,5,22
9407,12,4,16
15508,5,9,14
10619,0,1,1
11840,4,2,6
19988,0,18,18
11187,0,1,1
15624,0,6,6
16076,1,7,8
16167,12,14,26
16535,9,13,22
7665,12,7,19
8500,2,6,8
9609,2,6,8
25419,0,1,1
4666,9,0,9
20242,0,2,2
13670,1,11,12
14400,5,2,7
18452,2,7,9
20444,4,11,15
14815,1,3,4
10708,11,1,12
10172,1,7,8
11012,2,3,5
13999,0,4,4
18610,2,2,4
12658,7,5,12
16373,5,8,13
16374,1,3,4
17028,4,12,16
4649,1,0,1
15035,3,2,5
15345,13,9,22
16432,15,16,31
17439,5,8,13
12087,2,7,9
8927,0,5,5
9146,1,5,6
10851,12,2,14
18629,0,3,3
19862,1,1,2
7362,2,1,3
15950,10,4,14
17435,7,6,13
19106,1,11,12
19148,9,9,18
20307,3,4,7
17601,6,6,12
8167,1,3,4
20570,29,29,58
17514,3,9,12
12678,1,2,3
9108,15,4,19
7248,13,2,15
8182,14,6,20
10959,33,6,39
11385,8,19,27
20645,3,13,16
18003,2,4,6
8086,5,7,12
19132,13,13,26
14048,13,6,19
15961,5,6,11
19781,2,5,7
15910,49,13,62
15925,33,17,50
16217,20,18,38
16253,44,20,64
16851,45,20,65
16925,36,22,58
17174,6,9,15
17563,11,13,24
17729,18,18,36
18474,18,16,34
18674,16,18,34
18784,10,4,14
19370,11,21,32
19437,15,22,37
19545,24,24,48
19845,4,14,18
19867,9,34,43
20005,6,31,37
20177,4,24,28
10973,6,1,7
12268,2,6,8
13194,5,7,12
13219,12,9,21
16094,2,13,15
20727,1,13,14
8672,8,4,12
8965,9,5,14
10804,25,5,30
12230,5,5,10
12394,9,8,17
15198,0,8,8
17150,6,17,23
19768,3,6,9
18117,1,1,2
16420,13,6,19
17560,14,14,28
19214,7,23,30
19878,8,12,20
19180,11,31,42
19523,7,28,35
8274,12,6,18
9570,4,4,8
5435,6,1,7
19736,8,4,12
17083,22,33,55
17093,4,12,16
17828,1,6,7
9136,16,3,19
12834,12,10,22
13578,22,6,28
13712,22,11,33
16413,7,8,15
19311,2,8,10
7729,8,4,12
15541,8,3,11
14258,12,4,16
13134,1,1,2
14881,6,5,11
20543,2,6,8
4780,2,0,2
25533,3,12,15
5080,20,2,22
26165,0,1,1
5412,13,0,13
13283,38,25,63
15342,16,17,33
15343,13,4,17
15543,38,37,75
16020,4,15,19
16073,10,25,35
16213,1,12,13
16225,2,16,18
16388,1,8,9
7241,5,1,6
7385,3,1,4
15917,7,1,8
4805,1,0,1
9657,3,3,6
18221,7,17,24
19788,1,8,9
10180,5,1,6
11463,7,3,10
14167,4,3,7
16124,0,28,28
13649,1,6,7
16017,2,10,12
17931,5,21,26
9262,4,7,11
14438,6,6,12
19454,5,14,19
10354,7,2,9
13185,9,4,13
16992,9,13,22
17853,4,5,9
20398,1,7,8
12483,0,1,1
16391,2,7,9
4847,1,0,1
13390,12,9,21
14803,7,2,9
17408,3,3,6
16794,12,4,16
8519,0,1,1
4862,2,0,2
25615,1,15,16
17308,5,10,15
18375,0,6,6
18685,2,13,15
15867,5,3,8
26595,1,6,7
5842,10,0,10
10134,7,7,14
8755,14,4,18
16042,13,16,29
19722,4,7,11
19994,6,11,17
10997,34,23,57
12763,5,12,17
8652,7,2,9
13576,7,13,20
15366,7,23,30
10237,2,4,6
11073,0,6,6
11271,8,4,12
11836,13,4,17
17156,0,2,2
19102,0,9,9
11557,1,4,5
13362,0,4,4
13750,0,4,4
6679,48,8,56
27432,0,15,15
8757,9,7,16
14854,9,3,12
4918,1,0,1
9522,1,1,2
5844,2,2,4
7323,6,1,7
9871,0,2,2
10410,19,2,21
20310,2,2,4
27438,0,21,21
6685,7,1,8
12097,17,3,20
14665,4,3,7
16004,2,2,4
17690,2,4,6
4941,10,0,10
10116,3,3,6
9266,3,8,11
20288,2,3,5
5850,4,5,9
8235,4,1,5
14667,0,5,5
7606,6,1,7
20125,0,13,13
15328,12,7,19
19061,7,6,13
11572,21,1,22
13082,15,2,17
16797,62,20,82
19840,35,28,63
7467,6,1,7
4973,9,0,9
25726,1,10,11
13554,34,10,44
17552,7,2,9
18940,6,3,9
20488,7,4,11
8200,23,9,32
9060,9,11,20
7220,19,2,21
16768,0,2,2
7845,12,1,13
8645,8,2,10
9019,7,3,10
5006,6,0,6
25759,0,9,9
15825,5,2,7
5012,38,0,38
10520,3,1,4
10815,12,4,16
11191,2,2,4
13274,13,2,15
18439,3,5,8
7361,33,11,44
8907,6,27,33
9876,12,11,23
7600,10,6,16
13172,9,5,14
13743,4,1,5
8249,15,4,19
11813,4,2,6
5040,5,0,5
10667,2,1,3
17529,1,1,2
10227,4,6,10
10749,3,6,9
11070,0,1,1
9702,7,10,17
13238,9,2,11
15157,17,5,22
15452,10,8,18
20580,0,7,7
5051,14,0,14
25804,0,18,18
6900,6,1,7
27653,0,12,12
18263,6,5,11
7663,13,5,18
7820,11,2,13
7818,0,1,1
8052,3,2,5
9683,21,22,43
14844,1,1,2
14877,4,2,6
5068,4,0,4
25821,0,2,2
11686,3,2,5
10967,5,2,7
12341,22,9,31
16920,10,14,24
16937,21,24,45
5071,1,0,1
11732,3,3,6
18749,7,15,22
20384,3,16,19
5076,4,0,4
8923,7,1,8
14358,8,6,14
16125,22,37,59
15358,0,4,4
8389,9,1,10
7867,4,2,6
18381,18,17,35
8185,1,3,4
13688,1,7,8
11892,2,1,3
10631,21,1,22
13466,4,1,5
7927,18,21,39
12231,21,2,23
16595,3,10,13
15263,7,3,10
11423,15,2,17
8481,8,19,27
17728,14,28,42
17801,27,30,57
18015,7,26,33
19386,5,33,38
5153,8,0,8
25906,0,4,4
13417,17,2,19
13812,13,20,33
13946,7,5,12
16742,12,5,17
16885,6,9,15
5156,1,0,1
6216,6,1,7
10440,7,2,9
10420,4,1,5
20684,29,13,42
16317,0,2,2
10142,9,11,20
8265,4,2,6
17997,6,9,15
6143,1,1,2
20423,7,5,12
5200,6,0,6
25953,0,27,27
7441,0,2,2
11782,27,1,28
5201,5,0,5
8443,0,2,2
10087,5,5,10
18605,23,20,43
19096,4,2,6
20043,0,4,4
5209,1,0,1
13689,2,2,4
10013,0,4,4
10208,0,4,4
16240,11,32,43
17427,2,9,11
19379,2,19,21
20046,2,14,16
16360,5,18,23
18559,20,27,47
20345,7,29,36
12762,4,1,5
13306,11,3,14
17784,12,14,26
19610,4,11,15
16843,10,1,11
5233,2,0,2
16097,4,2,6
18431,0,5,5
8385,8,5,13
20484,7,43,50
8758,1,1,2
13427,8,4,12
13462,4,11,15
13501,8,11,19
15763,11,4,15
5250,2,0,2
7052,5,2,7
18456,1,1,2
7301,3,1,4
10760,14,1,15
5266,1,0,1
26019,0,12,12
16895,1,1,2
5270,4,0,4
12039,15,1,16
12260,5,4,9
12987,2,5,7
13048,8,4,12
13744,19,4,23
14032,6,5,11
14192,1,7,8
16871,11,12,23
18960,5,5,10
18972,7,9,16
19673,1,5,6
19706,3,10,13
19857,4,7,11
19883,6,15,21
14507,7,2,9
16571,5,8,13
26391,0,5,5
5638,1,0,1
14548,6,2,8
5283,2,0,2
11417,12,1,13
14595,2,1,3
5289,2,0,2
5295,1,0,1
26048,0,3,3
5300,5,0,5
13757,22,3,25
15740,8,5,13
19597,4,12,16
8276,4,2,6
8018,6,3,9
19179,3,6,9
5309,16,0,16
26062,0,8,8
17302,7,3,10
9063,24,42,66
15815,28,18,46
18541,12,15,27
10785,0,2,2
16745,7,4,11
19308,15,41,56
5321,1,0,1
5325,2,0,2
26078,1,5,6
20500,2,3,5
16311,2,5,7
17794,12,26,38
5335,3,0,3
20279,2,2,4
13970,22,12,34
15458,17,9,26
16112,36,33,69
17270,6,17,23
17454,10,22,32
17585,3,10,13
19174,4,21,25
20705,30,70,100
8068,6,2,8
10108,0,3,3
14753,10,7,17
18740,3,4,7
20092,3,10,13
18027,1,6,7
9996,6,10,16
20568,1,8,9
5366,1,0,1
19188,9,32,41
9330,2,7,9
8081,4,1,5
14349,13,17,30
14762,10,13,23
6481,9,1,10
16092,0,5,5
7378,14,2,16
20303,2,5,7
10109,3,3,6
16799,1,15,16
17409,0,12,12
17327,14,32,46
8903,21,3,24
5409,1,0,1
7195,4,1,5
7666,12,2,14
20446,5,32,37
11400,6,4,10
11974,9,8,17
12400,2,3,5
8398,0,2,2
8865,2,1,3
5433,4,0,4
6303,2,2,4
27056,0,7,7
14332,7,5,12
12174,4,3,7
9557,2,1,3
12813,23,31,54
15081,1,8,9
20723,1,11,12
11727,15,5,20
16032,34,17,51
18002,1,10,11
15048,0,6,6
7969,0,1,1
11209,10,5,15
5459,4,0,4
12747,1,1,2
15379,2,1,3
15614,3,1,4
20297,17,32,49
20508,0,10,10
9331,7,1,8
7319,29,24,53
7612,33,19,52
8354,23,10,33
8598,16,7,23
8891,14,8,22
7942,9,1,10
5482,4,0,4
16381,14,20,34
18846,1,16,17
20499,6,9,15
17007,12,8,20
20262,21,19,40
16760,13,21,34
19051,17,34,51
6586,75,7,82
6809,64,19,83
27562,0,10,10
6837,31,27,58
6975,80,35,115
7029,20,17,37
7218,14,4,18
7339,22,54,76
7343,19,12,31
7384,47,66,113
7399,48,20,68
7452,56,19,75
7458,38,15,53
7559,24,27,51
7627,18,26,44
7679,19,64,83
7953,25,7,32
7978,16,16,32
8088,20,8,28
8117,28,25,53
8139,40,22,62
8148,14,22,36
8183,18,29,47
8324,19,11,30
8346,29,24,53
8394,10,12,22
8540,25,31,56
8990,5,18,23
9044,3,14,17
9150,10,20,30
9301,6,37,43
9545,8,42,50
9569,5,12,17
9605,5,34,39
9773,5,21,26
9783,5,14,19
9942,5,23,28
9995,7,23,30
10010,9,32,41
10197,6,10,16
10213,8,16,24
11103,3,2,5
5557,23,1,24
5614,11,3,14
9006,2,4,6
9157,8,6,14
9164,9,9,18
9185,8,10,18
9324,5,11,16
9912,5,11,16
11520,13,3,16
5525,10,0,10
19384,1,7,8
9676,5,3,8
8685,2,5,7
15432,11,8,19
17840,3,1,4
12774,1,1,2
10356,3,1,4
10608,43,2,45
10617,46,12,58
10719,34,3,37
10875,21,6,27
13073,1,14,15
19949,2,9,11
20560,2,9,11
27477,0,11,11
6724,0,1,1
5685,4,1,5
15491,3,2,5
17979,3,11,14
5784,10,1,11
7995,13,2,15
9509,10,1,11
16314,7,4,11
17795,4,3,7
17944,26,7,33
18155,43,23,66
18512,12,20,32
18802,12,30,42
19014,8,12,20
19101,11,31,42
19376,17,33,50
19632,2,3,5
19664,20,35,55
19911,11,30,41
19914,5,38,43
20083,16,39,55
20163,20,30,50
20215,11,16,27
20528,3,11,14
18249,6,1,7
18555,5,3,8
11872,5,1,6
15708,2,3,5
16860,3,4,7
19729,1,3,4
5556,5,0,5
26309,1,2,3
11571,9,2,11
14611,2,1,3
5575,15,0,15
7596,6,2,8
8287,12,24,36
9218,3,5,8
12930,20,8,28
13330,5,5,10
15134,9,12,21
19925,2,20,22
20593,1,4,5
14543,13,8,21
7668,5,1,6
11962,19,9,28
14298,30,17,47
10476,6,4,10
15957,5,8,13
8660,1,2,3
8666,1,1,2
11651,3,1,4
8199,4,4,8
8997,15,3,18
9021,4,4,8
9551,4,3,7
9102,0,1,1
18493,2,8,10
15994,0,3,3
17445,1,2,3
14824,0,1,1
9434,3,6,9
9098,1,1,2
9350,4,1,5
12888,4,1,5
12961,9,4,13
14044,0,1,1
17675,10,19,29
13376,1,1,2
6020,2,1,3
9265,4,2,6
12283,4,4,8
13035,15,1,16
14249,2,2,4
10401,4,1,5
8625,8,3,11
9328,8,2,10
8781,1,2,3
10190,0,4,4
5709,7,0,7
8650,5,1,6
15256,15,6,21
19045,17,15,32
16459,7,4,11
15579,2,2,4
8442,7,2,9
8474,2,4,6
8560,7,3,10
7354,32,1,33
15582,5,3,8
8834,2,2,4
11718,1,5,6
15623,3,1,4
9875,1,1,2
10256,0,2,2
5738,5,0,5
26491,0,5,5
15337,3,5,8
8253,6,3,9
7866,6,2,8
12209,8,3,11
16908,19,9,28
18161,1,3,4
5779,2,0,2
11986,20,2,22
12270,14,1,15
16880,9,2,11
8967,4,2,6
11479,2,1,3
7484,24,6,30
10792,13,2,15
10803,1,1,2
11726,1,2,3
14150,3,8,11
14574,3,4,7
18050,8,5,13
19798,6,15,21
12664,1,2,3
17604,2,9,11
20573,0,6,6
10480,23,2,25
16594,2,6,8
18998,0,3,3
19322,1,19,20
11286,2,3,5
13714,12,12,24
11614,18,7,25
17162,3,17,20
7836,8,2,10
8565,4,2,6
14624,2,10,12
15174,23,10,33
16484,5,5,10
7902,0,1,1
8388,0,1,1
5831,19,0,19
14598,3,2,5
5834,1,0,1
9925,6,5,11
8059,4,1,5
10829,15,4,19
8556,2,6,8
8585,2,8,10
18584,14,25,39
16626,5,5,10
16868,9,9,18
5866,3,0,3
5986,2,1,3
17206,2,4,6
13149,0,3,3
9787,3,1,4
10162,6,1,7
10574,3,1,4
19268,4,11,15
7256,39,13,52
7265,54,8,62
7291,45,34,79
7466,50,16,66
7524,20,19,39
7991,4,36,40
8087,52,27,79
8136,34,18,52
8137,26,23,49
8374,14,14,28
8756,1,2,3
8813,16,15,31
9023,3,12,15
9233,11,33,44
9259,11,14,25
9454,8,36,44
9518,2,18,20
10206,4,19,23
15694,3,26,29
19959,0,10,10
20569,0,1,1
9135,3,10,13
14484,9,2,11
20704,4,4,8
13560,20,10,30
15516,5,42,47
5907,2,0,2
12168,1,2,3
12570,5,4,9
6123,7,1,8
7974,9,3,12
8599,6,3,9
9584,5,4,9
10537,13,1,14
16518,1,8,9
19556,1,4,5
11376,2,2,4
11880,10,4,14
14268,3,8,11
15465,2,2,4
15467,1,2,3
15501,1,4,5
18471,6,5,11
19745,2,9,11
20224,2,10,12
20355,5,27,32
13967,6,2,8
17015,5,10,15
9251,0,2,2
20438,1,2,3
11669,7,1,8
8771,0,3,3
9841,0,3,3
14728,9,13,22
8060,8,3,11
5967,1,0,1
7653,0,2,2
12282,9,1,10
12455,12,5,17
15237,2,3,5
9163,0,3,3
11650,7,2,9
15474,5,10,15
16911,7,19,26
17248,1,12,13
19206,3,32,35
14139,5,1,6
6005,6,0,6
11292,18,4,22
11999,15,4,19
13423,3,1,4
9851,3,3,6
14342,6,1,7
10070,0,2,2
12313,3,3,6
10248,15,6,21
11139,34,9,43
14262,1,8,9
8867,6,2,8
13004,15,3,18
14145,12,3,15
14322,3,7,10
15382,1,4,5
16435,2,4,6
14703,7,6,13
7145,0,1,1
12696,1,2,3
8419,0,1,1
8028,1,2,3
9228,1,1,2
9547,4,3,7
9639,3,2,5
19316,4,3,7
9919,2,2,4
8247,12,1,13
9285,2,3,5
14795,0,2,2
10320,4,4,8
14310,12,8,20
19591,23,41,64
14427,2,3,5
8507,5,3,8
8765,2,2,4
12067,10,2,12
13521,13,4,17
19582,1,3,4
14025,3,3,6
15857,10,9,19
16118,12,9,21
19034,0,4,4
19035,0,4,4
10899,30,2,32
9343,2,3,5
16155,18,8,26
16972,3,4,7
12770,3,3,6
16117,0,1,1
11724,7,2,9
8490,8,1,9
7640,0,1,1
8239,9,3,12
6122,1,0,1
8959,0,2,2
14874,4,13,17
8125,0,2,2
19869,22,17,39
14402,22,12,34
26934,1,9,10
6181,1,0,1
18448,5,1,6
8413,2,3,5
10220,3,2,5
7852,7,1,8
7131,7,2,9
8318,13,3,16
19828,0,4,4
11642,13,10,23
11756,5,5,10
11858,0,4,4
13248,2,5,7
9901,14,8,22
16433,2,17,19
10188,2,14,16
8472,2,1,3
14028,1,2,3
15538,1,2,3
13525,0,4,4
13859,5,1,6
7523,3,2,5
13514,1,2,3
7553,64,3,67
13959,7,10,17
17010,3,11,14
9690,0,15,15
12814,31,23,54
14170,10,44,54
12948,16,11,27
16183,4,48,52
10692,3,2,5
10902,35,5,40
18379,7,14,21
19485,6,20,26
6219,2,0,2
17029,2,3,5
13930,5,4,9
17547,11,11,22
18546,9,15,24
20153,0,8,8
13300,5,5,10
13443,2,9,11
20284,1,10,11
17696,3,9,12
11075,14,5,19
6246,1,0,1
11436,1,2,3
18545,9,14,23
19029,0,6,6
16214,16,11,27
6264,4,0,4
10019,0,2,2
7391,2,1,3
12564,4,1,5
16816,1,2,3
11517,2,3,5
12140,9,2,11
13488,5,3,8
10836,4,1,5
10976,4,1,5
13158,12,3,15
8423,1,1,2
8482,0,2,2
15404,12,8,20
15696,4,1,5
15143,6,4,10
11353,1,1,2
6310,3,0,3
14911,3,5,8
19804,7,9,16
9405,5,2,7
20305,5,7,12
6338,3,0,3
19879,0,5,5
9281,5,1,6
19700,29,19,48
7874,1,2,3
15731,13,14,27
16206,8,20,28
7696,9,4,13
16344,6,4,10
7706,2,1,3
10457,40,1,41
10863,17,1,18
10999,26,7,33
15132,4,23,27
7481,5,1,6
10214,4,2,6
7990,9,6,15
8392,14,21,35
8492,25,27,52
8511,23,12,35
8888,17,16,33
8908,10,24,34
9086,9,19,28
9342,12,39,51
9608,6,33,39
9870,5,24,29
9921,4,3,7
9978,2,33,35
12955,4,19,23
9123,5,1,6
18230,1,4,5
19139,2,6,8
11083,8,1,9
11538,3,2,5
16356,3,4,7
10081,1,1,2
13567,3,2,5
14271,0,1,1
14672,0,2,2
18599,2,9,11
20487,1,9,10
7895,0,1,1
9340,3,2,5
12944,2,2,4
13412,4,3,7
18178,3,10,13
14958,28,12,40
16479,0,4,4
6421,10,0,10
17385,2,2,4
7923,4,2,6
10100,3,4,7
11582,4,1,5
8375,10,3,13
9388,1,2,3
9412,3,2,5
12954,1,4,5
10374,5,1,6
16044,21,2,23
16132,10,3,13
16844,16,5,21
17815,3,9,12
9750,2,2,4
12807,24,27,51
14866,1,10,11
7108,8,1,9
12864,8,5,13
12892,6,5,11
13454,4,10,14
13839,2,3,5
14348,1,8,9
11539,73,16,89
10949,35,1,36
16622,3,12,15
18925,0,3,3
14494,29,23,52
11678,1,10,11
11491,28,5,33
11839,1,1,2
19935,4,47,51
14522,20,3,23
7834,1,1,2
10970,35,15,50
13559,21,19,40
16162,3,2,5
8147,15,1,16
12139,0,2,2
12546,3,2,5
15053,8,16,24
16688,3,22,25
15877,3,7,10
7109,3,2,5
8689,2,2,4
8104,33,30,63
15629,7,9,16
18056,5,8,13
7285,6,1,7
18116,2,9,11
7575,4,1,5
7677,0,1,1
9272,8,4,12
17637,4,5,9
12566,9,1,10
15275,7,4,11
6605,2,0,2
27358,0,1,1
17311,3,1,4
19036,0,2,2
20343,17,52,69
20527,26,26,52
12263,4,14,18
9369,2,7,9
12735,2,6,8
14880,1,4,5
7590,5,1,6
6842,0,2,2
8327,1,1,2
9499,0,1,1
10379,5,2,7
15376,2,2,4
11183,29,7,36
17320,19,41,60
20332,15,24,39
7689,6,1,7
8498,2,1,3
8949,2,3,5
7610,2,1,3
6657,2,0,2
8939,7,1,8
9832,10,1,11
14235,10,4,14
14804,9,49,58
15599,0,3,3
17117,12,6,18
16301,8,3,11
10610,13,1,14
10996,18,2,20
11159,19,3,22
13327,6,8,14
7548,0,2,2
6713,4,1,5
9468,4,2,6
17994,8,29,37
14015,7,19,26
13021,2,1,3
15880,8,5,13
15998,1,35,36
13911,19,5,24
17089,1,5,6
6721,3,0,3
17091,1,2,3
12835,4,1,5
10987,7,1,8
13291,3,5,8
11384,6,2,8
12276,3,4,7
6741,1,0,1
9362,3,1,4
20393,27,9,36
9277,3,25,28
8596,5,1,6
12601,0,1,1
19402,0,9,9
8061,0,3,3
6786,1,0,1
19681,0,1,1
12487,47,2,49
13834,25,12,37
17896,1,5,6
18359,1,5,6
20722,0,8,8
6800,4,0,4
11394,2,1,3
17441,2,3,5
19531,0,2,2
7589,8,1,9
7664,0,1,1
9450,8,1,9
9908,1,3,4
8844,1,2,3
9439,0,3,3
9552,1,2,3
9808,2,4,6
10626,12,6,18
11219,22,15,37
12883,21,6,27
13098,17,14,31
13204,2,16,18
13370,19,23,42
13831,5,1,6
7493,15,10,25
9686,1,1,2
13197,8,1,9
13953,2,2,4
17666,5,28,33
13981,17,1,18
17279,12,11,23
17537,13,8,21
16783,2,1,3
20063,3,14,17
11047,2,3,5
9751,1,6,7
20062,3,3,6
16708,11,16,27
10896,6,5,11
10442,22,2,24
11239,4,3,7
17103,1,33,34
20102,1,43,44
20187,0,31,31
14510,18,12,30
16718,18,26,44
10254,2,2,4
15843,4,5,9
13331,8,2,10
15152,4,8,12
8698,1,1,2
16286,5,3,8
19011,4,33,37
7528,1,1,2
9232,0,1,1
6963,2,0,2
13418,1,1,2
12024,1,4,5
19460,11,17,28
10523,10,1,11
9793,3,1,4
10604,8,1,9
12164,4,1,5
14098,2,5,7
14319,1,1,2
16428,0,3,3
18356,8,8,16
18380,0,3,3
12704,2,1,3
15493,3,1,4
17046,2,2,4
20506,0,6,6
10472,21,1,22
8499,1,1,2
18296,27,8,35
8416,2,1,3
18146,5,4,9
20221,1,10,11
15164,2,8,10
20495,1,7,8
17789,4,15,19
17841,0,3,3
13644,36,21,57
8149,21,2,23
13520,4,4,8
10770,0,1,1
10426,0,1,1
14853,3,13,16
19450,10,6,16
14090,0,18,18
9881,0,1,1
7064,2,0,2
7705,2,1,3
7070,6,0,6
10693,42,1,43
10752,14,2,16
13148,19,2,21
13832,16,8,24
14581,4,5,9
15412,1,10,11
15558,3,1,4
15720,2,6,8
16850,5,4,9
17328,6,18,24
17519,5,13,18
17551,1,4,5
19381,0,3,3
20244,0,13,13
7089,27,0,27
14295,62,10,72
14931,28,19,47
17387,4,7,11
20320,0,11,11
19135,9,4,13
7094,6,0,6
10286,6,1,7
19436,0,2,2
19535,0,1,1
17651,0,7,7
7198,8,1,9
12679,1,1,2
10463,6,1,7
14333,15,2,17
15656,7,4,11
10522,3,1,4
17024,0,1,1
7117,2,0,2
7127,9,0,9
19440,0,4,4
7133,7,0,7
7687,0,1,1
9116,1,3,4
10050,0,2,2
10098,3,4,7
7146,106,0,106
14187,6,4,10
7157,3,0,3
12863,1,2,3
9211,0,2,2
7636,4,1,5
12071,2,5,7
11774,4,9,13
7196,1,0,1
12760,2,1,3
18280,9,8,17
7201,2,1,3
10201,0,3,3
10461,18,2,20
11752,10,2,12
12934,3,5,8
17125,6,10,16
7203,1,0,1
13607,1,1,2
15136,1,6,7
9654,6,1,7
9662,4,2,6
9923,4,2,6
12154,8,1,9
15233,3,3,6
20241,32,26,58
20375,9,32,41
10145,7,2,9
9580,1,2,3
8092,3,1,4
16483,3,2,5
12379,10,16,26
7249,3,0,3
7251,2,0,2
9633,0,1,1
12491,0,1,1
15239,1,2,3
17264,1,1,2
10132,15,3,18
11532,29,3,32
17402,0,11,11
12667,24,5,29
12775,14,4,18
8895,0,1,1
7302,1,0,1
13017,2,2,4
10113,9,1,10
8133,0,1,1
20650,40,18,58
12561,9,5,14
16140,1,3,4
16141,4,5,9
20227,4,13,17
7315,2,0,2
7318,4,0,4
8485,11,1,12
12530,13,1,14
10295,18,3,21
7341,3,0,3
8267,2,1,3
18884,2,4,6
7349,10,0,10
11210,1,1,2
20235,0,3,3
9610,6,1,7
7358,7,0,7
12258,0,1,1
15347,3,1,4
8711,69,3,72
8946,27,21,48
9197,12,50,62
9623,4,10,14
13914,12,1,13
9237,11,51,62
9904,7,61,68
17948,9,6,15
7918,3,1,4
12248,2,2,4
17712,3,2,5
11523,26,2,28
19894,3,14,17
7402,3,0,3
9502,16,44,60
11996,8,3,11
14638,2,8,10
7433,1,0,1
9043,1,2,3
7529,7,1,8
8831,8,2,10
7449,1,0,1
20441,2,4,6
7454,1,0,1
10932,1,1,2
11725,0,2,2
12510,15,2,17
7828,2,1,3
8138,5,2,7
8359,0,3,3
17704,3,4,7
19527,1,3,4
8034,2,1,3
8397,3,1,4
9698,0,1,1
12789,31,9,40
20749,0,12,12
7492,1,0,1
12920,22,4,26
12931,11,5,16
13102,22,7,29
13524,12,11,23
15860,1,17,18
17339,0,11,11
7507,7,0,7
7535,7,1,8
15721,4,6,10
7513,1,0,1
7514,3,0,3
7748,4,1,5
7534,3,0,3
7542,1,0,1
9491,1,1,2
7551,4,0,4
9410,37,4,41
7554,3,0,3
12908,3,6,9
14184,5,5,10
18497,1,3,4
17527,0,6,6
14247,3,5,8
13733,5,3,8
17154,1,3,4
19616,1,6,7
7592,5,0,5
9474,5,4,9
9615,1,4,5
11410,3,2,5
14578,2,3,5
7601,5,0,5
13320,1,1,2
17152,2,5,7
9934,2,2,4
10558,8,3,11
11201,1,1,2
17201,9,4,13
18907,3,17,20
19094,3,9,12
7621,2,0,2
7623,9,0,9
10946,4,3,7
18748,6,7,13
14353,6,5,11
17645,1,2,3
15549,2,5,7
9051,19,33,52
9089,17,26,43
9767,16,29,45
9867,9,14,23
10022,11,27,38
10136,4,30,34
10154,3,20,23
7655,1,0,1
17068,1,5,6
7656,2,0,2
7658,1,0,1
17617,2,2,4
11760,4,3,7
15977,13,18,31
16281,13,35,48
16589,3,13,16
18092,9,26,35
17962,12,22,34
13588,6,4,10
10859,7,3,10
19125,2,23,25
15476,5,2,7
7684,2,0,2
11676,52,12,64
20212,11,34,45
20285,6,8,14
18865,1,6,7
11681,0,1,1
16358,6,1,7
7724,2,0,2
19640,8,30,38
13419,2,1,3
12937,2,1,3
18413,6,7,13
16318,3,5,8
16469,13,7,20
18891,2,12,14
7746,2,0,2
7757,1,1,2
9117,3,2,5
13474,0,1,1
15737,8,1,9
18842,13,9,22
19858,5,11,16
7770,3,0,3
7915,1,1,2
7777,11,0,11
9286,14,1,15
13322,0,2,2
17169,0,5,5
18197,1,11,12
7783,2,0,2
7786,1,0,1
7787,23,0,23
7803,2,0,2
13540,1,1,2
10471,18,2,20
11802,12,15,27
12720,15,25,40
11281,5,5,10
13668,3,1,4
11140,3,1,4
14134,4,6,10
7815,1,0,1
7822,1,0,1
20000,12,43,55
9849,11,1,12
13046,26,6,32
11428,1,3,4
7862,2,1,3
14747,3,2,5
10063,1,1,2
11277,0,1,1
12754,3,2,5
13611,0,2,2
13984,0,2,2
15062,0,4,4
7871,7,0,7
11901,19,15,34
12971,3,7,10
12708,4,4,8
19589,5,31,36
7884,2,0,2
9724,1,1,2
20558,0,2,2
7904,8,0,8
7908,6,0,6
9855,5,1,6
15532,1,6,7
11590,11,2,13
15700,13,5,18
11682,1,3,4
17665,11,17,28
18486,3,19,22
18634,5,30,35
7940,5,0,5
9602,12,1,13
18562,6,15,21
7960,2,0,2
13656,0,5,5
8746,43,13,56
8879,36,20,56
8936,32,10,42
8958,18,29,47
9831,7,2,9
10241,3,7,10
7973,5,0,5
10034,1,1,2
7981,7,0,7
10127,6,2,8
17122,3,10,13
12982,1,6,7
12256,12,1,13
12750,5,2,7
8001,1,0,1
14953,0,7,7
8005,4,0,4
8379,2,1,3
9073,3,3,6
18889,0,3,3
13084,2,3,5
11331,4,1,5
11679,4,1,5
15881,32,6,38
17021,0,6,6
19812,1,6,7
19013,1,7,8
13177,7,3,10
11045,25,1,26
17442,2,3,5
14282,5,2,7
8073,1,0,1
17615,0,1,1
8084,14,0,14
8094,1,0,1
8095,8,0,8
11735,16,3,19
13378,6,4,10
18354,8,16,24
17341,16,39,55
8098,1,0,1
13591,2,2,4
18799,6,3,9
14084,13,10,23
15884,4,15,19
16235,1,13,14
18210,2,1,3
17045,5,10,15
8127,6,0,6
8740,0,1,1
8143,1,0,1
11812,7,4,11
12219,2,4,6
8151,12,0,12
13009,2,4,6
8157,2,0,2
8158,14,0,14
15617,8,2,10
18849,2,3,5
20278,3,1,4
8181,2,0,2
18552,4,4,8
11825,30,6,36
12352,8,1,9
14840,6,5,11
17346,2,7,9
8207,6,0,6
10072,2,2,4
11341,1,4,5
13716,1,1,2
10394,7,3,10
10433,2,2,4
13171,2,2,4
8221,2,0,2
8222,1,0,1
8226,4,0,4
10819,3,1,4
11030,4,1,5
8228,3,0,3
11393,6,3,9
8435,9,1,10
8838,11,1,12
13954,16,5,21
19873,0,7,7
12829,0,6,6
13819,4,2,6
9848,0,3,3
15845,0,6,6
18303,0,8,8
18679,0,6,6
8252,4,0,4
12385,0,1,1
11746,0,1,1
10421,2,1,3
11037,3,1,4
16447,2,8,10
8283,1,0,1
9484,2,2,4
20146,2,7,9
20255,4,4,8
8300,1,0,1
18646,4,7,11
20604,9,20,29
8304,9,0,9
13868,4,9,13
14555,0,6,6
8308,1,0,1
9935,0,2,2
8329,6,0,6
8335,1,0,1
8882,11,1,12
11885,2,1,3
12123,5,1,6
14367,4,8,12
17986,3,9,12
16966,2,4,6
8373,1,0,1
8438,9,1,10
14154,2,2,4
8399,2,0,2
15606,18,23,41
8410,1,0,1
9370,0,1,1
8414,19,0,19
15858,16,13,29
18029,3,18,21
18746,1,1,2
19288,1,1,2
19256,5,1,6
13596,2,5,7
8429,2,0,2
16430,6,15,21
17284,5,13,18
17771,4,21,25
12128,20,1,21
11568,6,7,13
13699,3,38,41
20132,0,2,2
8461,2,0,2
15091,22,15,37
10316,12,1,13
17587,3,28,31
8611,0,1,1
8489,2,0,2
8493,3,0,3
8514,6,0,6
12575,1,2,3
17039,0,1,1
8517,9,0,9
10489,11,2,13
10742,5,2,7
11204,0,1,1
8525,5,0,5
15907,6,16,22
18503,2,7,9
19657,0,6,6
9725,2,1,3
8543,1,0,1
17008,10,8,18
20706,8,34,42
8548,1,0,1
9398,7,1,8
19992,7,7,14
13912,5,3,8
15282,4,5,9
8566,1,0,1
10160,0,1,1
8577,1,0,1
8640,2,1,3
8578,4,0,4
8583,5,0,5
20445,3,2,5
8590,3,0,3
10016,1,1,2
10158,1,2,3
13278,6,4,10
8600,4,0,4
10833,5,2,7
10625,1,1,2
11365,3,3,6
10876,32,1,33
11982,6,6,12
11983,2,7,9
8644,1,0,1
8651,16,0,16
13267,10,2,12
13565,8,5,13
18926,2,5,7
8655,13,0,13
12201,2,4,6
8680,4,0,4
13921,6,2,8
14404,2,2,4
10507,10,1,11
12703,0,10,10
8686,1,0,1
17247,4,3,7
11489,1,1,2
20431,9,3,12
20447,8,2,10
11794,1,2,3
8709,3,0,3
12666,5,5,10
14007,28,6,34
8824,11,1,12
11761,15,6,21
18548,12,10,22
14009,3,2,5
16514,4,2,6
18076,2,2,4
9669,8,2,10
8791,1,0,1
13675,6,2,8
13340,6,1,7
14529,3,2,5
12825,10,12,22
13960,19,8,27
17457,0,8,8
20369,9,17,26
13385,1,1,2
8836,2,0,2
10846,0,1,1
10120,4,1,5
18480,7,3,10
14498,7,6,13
8850,2,0,2
15283,5,1,6
18164,13,19,32
13075,1,4,5
15213,2,29,31
8876,4,0,4
12913,6,4,10
18490,4,14,18
19145,1,20,21
10855,52,2,54
17295,0,3,3
8901,1,0,1
18506,24,22,46
15885,34,15,49
8979,2,1,3
9347,1,2,3
9671,1,3,4
8915,9,0,9
18315,6,11,17
11221,7,1,8
11963,5,4,9
9964,1,2,3
11013,6,2,8
11019,8,2,10
16985,33,17,50
17723,29,13,42
18811,8,52,60
8934,3,0,3
10799,3,1,4
13747,0,1,1
15399,38,25,63
16743,12,22,34
10432,3,1,4
11509,1,2,3
18772,7,4,11
9448,12,1,13
11304,2,2,4
8957,4,0,4
10315,2,1,3
12450,3,1,4
8964,4,0,4
8976,1,0,1
15946,13,20,33
8986,2,0,2
17198,0,1,1
11431,10,1,11
18844,6,2,8
19496,1,10,11
18957,20,18,38
19810,7,33,40
14982,3,11,14
19931,1,11,12
9024,3,0,3
9032,7,0,7
20724,2,8,10
9891,10,1,11
11807,1,2,3
19399,12,10,22
15789,8,4,12
18719,4,10,14
14978,7,1,8
15138,14,1,15
19144,4,6,10
11712,12,5,17
20087,21,44,65
9088,6,0,6
11504,16,4,20
12624,10,2,12
13409,9,1,10
9095,1,0,1
9097,2,0,2
9131,0,1,1
10200,0,1,1
19448,8,13,21
9125,1,0,1
9889,1,1,2
9517,4,1,5
9138,4,0,4
9628,1,1,2
9661,5,1,6
9778,3,2,5
10845,4,1,5
11720,4,13,17
15526,0,10,10
14091,6,40,46
11956,10,1,11
9195,4,0,4
9199,6,0,6
9351,3,1,4
19904,5,2,7
14297,12,24,36
17791,2,4,6
9243,1,0,1
9245,1,0,1
20670,0,1,1
20689,6,16,22
9269,1,0,1
