Node,InDegree,OutDegree,TotalDegree
12591,1,1,2
12590,1,0,1
12589,0,1,1
12588,1,0,1
12587,0,1,1
12586,1,0,1
12585,0,1,1
12584,1,0,1
12583,0,1,1
12582,1,0,1
12581,0,1,1
12580,1,0,1
12579,0,1,1
12578,1,0,1
12577,0,1,1
12576,1,0,1
12575,0,1,1
12574,1,0,1
12573,0,1,1
12572,1,0,1
12571,0,1,1
12570,1,0,1
12569,0,1,1
12568,1,0,1
12567,0,1,1
12566,1,0,1
12565,0,1,1
12564,1,0,1
12455,0,1,1
12454,0,1,1
12422,0,1,1
12414,0,1,1
12413,0,1,1
12412,0,1,1
12411,0,1,1
12410,0,1,1
12409,0,1,1
12408,0,1,1
12377,0,1,1
12317,0,1,1
12316,0,1,1
12315,0,1,1
12314,0,1,1
12313,0,1,1
12312,0,1,1
12311,0,1,1
12310,0,1,1
12309,0,1,1
12308,0,1,1
12307,0,1,1
12306,0,1,1
12305,0,1,1
12304,0,1,1
12284,0,1,1
12283,0,1,1
12282,0,1,1
12281,0,1,1
12280,0,1,1
12279,0,1,1
12278,0,1,1
12277,0,1,1
12276,0,1,1
12275,0,1,1
12274,0,1,1
12273,0,1,1
12272,0,1,1
12271,0,1,1
12270,0,1,1
12269,0,1,1
12268,0,1,1
12236,0,1,1
12235,0,1,1
12172,0,1,1
12171,0,1,1
12170,0,1,1
12168,0,1,1
12167,0,1,1
12166,0,1,1
12165,0,1,1
12127,0,1,1
12125,0,1,1
12123,0,1,1
12122,1,0,1
12120,0,1,1
12119,1,0,1
12118,0,1,1
12117,0,1,1
12116,0,1,1
12115,0,1,1
12113,0,1,1
12111,0,1,1
12110,0,1,1
12109,0,1,1
12108,0,1,1
12106,0,1,1
12105,0,1,1
12104,0,1,1
12103,0,1,1
12102,0,1,1
12101,0,1,1
12099,0,1,1
12098,0,1,1
12097,0,1,1
12096,0,1,1
12095,0,1,1
12094,0,1,1
12093,0,1,1
12092,0,1,1
12091,0,1,1
12090,0,1,1
12088,0,1,1
12087,0,1,1
12084,0,1,1
12083,1,0,1
12082,0,1,1
12081,0,1,1
12080,0,1,1
12079,0,1,1
12078,0,1,1
12077,0,1,1
12076,0,1,1
12075,0,1,1
12074,0,1,1
12073,0,1,1
12072,0,1,1
12071,0,1,1
12069,0,1,1
12068,0,1,1
12067,0,1,1
12066,0,1,1
12065,0,1,1
12063,0,1,1
12062,0,1,1
12061,0,1,1
12059,0,1,1
12058,0,1,1
12057,2,0,2
12056,0,1,1
12055,0,1,1
12054,0,1,1
12053,0,1,1
12052,0,1,1
12050,0,1,1
12049,0,1,1
12047,0,1,1
12046,0,1,1
12042,0,1,1
12040,1,1,2
12039,0,1,1
12038,0,1,1
12037,0,1,1
12036,0,1,1
12035,0,1,1
12034,0,1,1
12033,0,1,1
12031,0,1,1
12030,0,1,1
12029,0,1,1
12026,0,1,1
12023,0,1,1
12022,0,1,1
12021,0,1,1
12020,0,1,1
12019,0,1,1
12018,0,1,1
12017,0,1,1
12012,0,1,1
12011,0,1,1
12010,0,1,1
12009,0,1,1
12008,0,1,1
12007,0,1,1
12006,0,1,1
12005,0,1,1
12004,0,1,1
12003,0,1,1
12002,0,1,1
12001,0,1,1
12000,0,1,1
11999,0,1,1
11998,0,1,1
11997,0,1,1
11996,0,1,1
11995,0,1,1
11994,0,1,1
11993,0,1,1
11992,0,1,1
11991,0,1,1
11990,0,1,1
11989,0,1,1
11988,0,1,1
11987,0,1,1
11986,0,1,1
11985,0,1,1
11984,0,1,1
11982,0,1,1
11981,0,1,1
11980,0,1,1
11979,0,1,1
11978,0,1,1
11977,0,1,1
11976,0,1,1
11975,0,1,1
11973,0,1,1
11972,1,0,1
11971,0,1,1
11959,0,1,1
11958,0,1,1
11957,0,1,1
11956,0,1,1
11921,0,1,1
11920,0,1,1
11919,0,1,1
11918,0,1,1
11917,0,1,1
11916,0,1,1
11913,1,1,2
11912,0,1,1
11911,0,1,1
11910,0,1,1
11909,0,1,1
11908,0,1,1
11878,0,1,1
11877,0,1,1
11876,0,1,1
11875,0,1,1
11874,0,1,1
11871,0,1,1
11869,0,1,1
11868,0,1,1
11866,0,1,1
11865,0,1,1
11864,0,1,1
11863,0,1,1
11862,0,1,1
11861,0,1,1
11860,0,1,1
11859,0,1,1
11858,0,1,1
11857,0,1,1
11856,0,1,1
11855,0,1,1
11854,0,1,1
11853,0,1,1
11852,0,1,1
11851,0,1,1
11850,0,1,1
11849,0,1,1
11848,0,1,1
11847,0,1,1
11845,0,1,1
11844,0,1,1
11843,0,1,1
11842,0,1,1
11841,0,1,1
11840,0,1,1
11839,0,1,1
11838,0,1,1
11837,0,1,1
11836,0,1,1
11834,0,1,1
11833,0,1,1
11830,0,1,1
11828,0,1,1
11827,0,1,1
11826,0,1,1
11824,0,1,1
11823,0,1,1
11822,0,1,1
11821,0,1,1
11820,0,1,1
11819,0,1,1
11818,1,1,2
11805,0,1,1
11804,0,1,1
11803,0,1,1
11802,0,1,1
11795,0,1,1
11794,0,1,1
11793,0,1,1
11792,0,1,1
11791,0,1,1
11790,0,1,1
11789,0,1,1
11786,0,1,1
11784,0,1,1
11783,0,1,1
11782,0,1,1
11780,0,1,1
11779,0,1,1
11778,0,1,1
11777,0,1,1
11769,0,1,1
11765,1,1,2
11763,0,1,1
11762,0,1,1
11761,0,1,1
11760,0,1,1
11759,0,1,1
11758,0,1,1
11757,0,1,1
11756,0,1,1
11755,0,1,1
11754,0,1,1
11745,0,1,1
11744,0,1,1
11743,0,1,1
11742,0,1,1
11741,0,1,1
11740,0,1,1
11739,0,1,1
11737,0,1,1
11721,0,1,1
11719,0,1,1
11718,0,1,1
11717,0,1,1
11715,0,1,1
11713,0,1,1
11693,0,1,1
11690,0,1,1
11689,0,1,1
11687,0,1,1
11686,0,1,1
11684,0,1,1
11683,0,1,1
11681,0,1,1
11680,0,1,1
11679,0,1,1
11678,0,1,1
11677,0,1,1
11676,0,1,1
11672,0,1,1
11670,0,1,1
11669,1,1,2
11668,0,1,1
11667,0,1,1
11666,0,1,1
11665,0,1,1
11663,0,1,1
11662,0,1,1
11661,0,1,1
11660,0,1,1
11659,0,1,1
11658,0,1,1
11656,0,1,1
11655,0,1,1
11654,0,1,1
11653,0,1,1
11652,0,1,1
11969,0,1,1
11968,0,1,1
11967,0,1,1
11966,0,1,1
11965,0,1,1
11964,0,1,1
11963,0,1,1
11962,0,1,1
11961,0,1,1
11960,0,1,1
12240,0,1,1
11650,0,1,1
11649,0,1,1
11648,0,1,1
11646,1,1,2
11645,0,1,1
11644,0,1,1
11643,0,1,1
11640,0,1,1
11639,0,1,1
11638,0,1,1
11637,0,1,1
11623,0,1,1
11622,0,1,1
11728,0,1,1
11727,0,1,1
11726,0,1,1
11725,0,1,1
11724,0,1,1
11723,0,1,1
11620,0,1,1
11619,0,1,1
11618,0,1,1
11617,1,1,2
11616,0,1,1
11615,0,1,1
11614,0,1,1
11613,0,1,1
11611,0,1,1
11610,1,1,2
11601,1,1,2
11599,0,1,1
11598,0,1,1
11597,0,1,1
11596,0,1,1
11595,0,1,1
11594,0,1,1
11593,0,1,1
11591,0,1,1
11590,0,1,1
11589,0,1,1
11588,0,1,1
11587,0,1,1
11586,0,1,1
11585,0,1,1
11584,0,1,1
11583,0,1,1
11582,0,1,1
11580,0,1,1
11577,0,1,1
11576,0,1,1
11572,0,1,1
11554,0,1,1
11553,0,1,1
11551,0,1,1
11550,0,1,1
11549,0,1,1
11547,0,1,1
11546,0,1,1
11545,0,1,1
11544,0,1,1
11543,0,1,1
11542,0,1,1
11541,0,1,1
11538,0,1,1
11537,0,1,1
11535,0,1,1
11534,0,1,1
11533,0,1,1
11532,0,1,1
11531,0,1,1
11530,0,1,1
11529,0,1,1
11528,0,1,1
11524,0,1,1
11523,0,1,1
11522,0,1,1
11520,0,1,1
11519,0,1,1
11518,0,1,1
11517,0,1,1
11516,0,1,1
11515,0,1,1
11514,0,1,1
11513,0,1,1
11512,0,1,1
11511,0,1,1
11510,0,1,1
11509,0,1,1
11508,0,1,1
11506,0,1,1
11501,0,1,1
11498,0,1,1
11486,0,1,1
11485,0,1,1
11481,0,1,1
11480,0,1,1
11479,0,1,1
11478,0,1,1
11477,1,1,2
11476,0,1,1
11475,0,1,1
11463,0,1,1
11462,0,1,1
11461,0,1,1
11460,0,1,1
11459,0,1,1
11458,0,1,1
11457,0,1,1
11456,0,1,1
11455,0,1,1
11454,0,1,1
11453,0,1,1
11452,0,1,1
11451,0,1,1
11444,0,1,1
11443,1,0,1
11442,0,1,1
11441,0,1,1
11437,0,1,1
11434,0,1,1
11433,0,1,1
11425,0,1,1
11421,0,1,1
11417,0,1,1
11416,1,0,1
11415,0,1,1
11413,0,1,1
11411,0,1,1
11409,0,1,1
11408,2,1,3
11407,0,1,1
11404,0,1,1
11385,1,1,2
11381,0,1,1
11380,0,1,1
11379,0,1,1
11378,0,1,1
11377,0,1,1
11376,0,1,1
11373,0,1,1
11372,0,1,1
11371,0,1,1
11369,1,1,2
11368,0,1,1
11367,0,1,1
11366,0,1,1
11365,0,1,1
11364,0,1,1
11361,0,1,1
11360,0,1,1
11358,0,1,1
11356,0,1,1
11355,0,1,1
11354,0,1,1
11353,0,1,1
11351,0,1,1
11342,0,1,1
11341,0,1,1
11340,1,1,2
11339,0,1,1
11338,0,1,1
11337,0,1,1
11334,0,1,1
11322,0,1,1
11320,0,1,1
11319,0,1,1
11312,0,1,1
11311,0,1,1
11310,0,1,1
11308,0,1,1
11307,0,1,1
11306,0,1,1
11302,1,1,2
11301,0,1,1
11300,0,1,1
11299,0,1,1
11298,0,1,1
11297,0,1,1
11296,0,1,1
11294,0,1,1
11293,0,1,1
11292,0,1,1
11291,0,1,1
11290,0,1,1
11289,0,1,1
11286,1,1,2
11284,0,1,1
11283,0,1,1
11276,0,1,1
11275,0,1,1
11274,0,1,1
11273,0,1,1
11237,0,1,1
11236,0,1,1
11235,0,1,1
11234,0,1,1
11230,0,1,1
11223,1,1,2
11222,0,1,1
11194,0,1,1
11193,0,1,1
11192,1,1,2
11186,1,1,2
11185,0,1,1
11184,1,1,2
11183,1,1,2
11182,0,1,1
11181,0,1,1
11180,0,1,1
11179,1,1,2
11178,0,1,1
11176,0,1,1
11175,0,1,1
11158,0,1,1
11157,0,1,1
11154,0,1,1
11153,0,1,1
11152,0,1,1
11151,0,1,1
11150,0,1,1
11149,0,1,1
11148,0,1,1
11147,0,1,1
11145,0,1,1
11143,1,1,2
11142,0,1,1
11141,0,1,1
11139,0,1,1
11138,0,1,1
11137,0,1,1
11135,0,1,1
11132,0,1,1
11131,0,1,1
11130,0,1,1
11129,0,1,1
11128,0,1,1
11127,0,1,1
11125,0,1,1
11124,0,1,1
11123,0,1,1
11122,0,1,1
11121,0,1,1
11120,0,1,1
11119,0,1,1
11117,0,1,1
11116,0,1,1
11115,0,1,1
11114,0,1,1
11113,0,1,1
11108,0,1,1
11107,0,1,1
11105,0,1,1
11104,0,1,1
11103,0,1,1
11102,0,1,1
11101,1,1,2
11100,0,1,1
11099,0,1,1
11098,0,1,1
11097,0,1,1
11096,0,1,1
11095,0,1,1
11094,0,1,1
11084,1,1,2
11078,0,1,1
11077,1,1,2
11076,1,1,2
11075,0,1,1
11074,0,1,1
11073,0,1,1
11042,0,1,1
11041,0,1,1
11040,1,1,2
11039,0,1,1
11038,0,1,1
11037,0,1,1
11035,0,1,1
11034,0,1,1
11033,0,1,1
11032,0,1,1
11031,1,1,2
11028,0,1,1
11026,0,1,1
11024,0,1,1
11017,1,1,2
11006,0,1,1
11005,0,1,1
11004,0,1,1
11003,0,1,1
11002,0,1,1
11001,0,1,1
10999,0,1,1
10997,0,1,1
10996,0,1,1
10994,0,1,1
10992,0,1,1
10991,1,1,2
10989,0,1,1
10988,0,1,1
10981,0,1,1
10980,0,1,1
10979,0,1,1
10977,0,1,1
10975,0,1,1
10974,0,1,1
10971,0,1,1
10969,0,1,1
10968,0,1,1
10967,0,1,1
10966,0,1,1
10965,0,1,1
10964,0,1,1
10963,0,1,1
10962,0,1,1
10961,0,1,1
10960,0,1,1
10959,0,1,1
10957,0,1,1
10956,0,1,1
10955,1,1,2
10954,0,1,1
10953,0,1,1
10952,0,1,1
10950,0,1,1
10948,0,1,1
10947,0,1,1
10946,0,1,1
10945,0,1,1
10944,1,1,2
10943,0,1,1
10941,0,1,1
10938,0,1,1
10937,0,1,1
10935,0,1,1
10932,0,1,1
10931,0,1,1
10930,0,1,1
10928,0,1,1
10927,0,1,1
10926,1,1,2
10925,3,1,4
10922,0,1,1
10920,0,1,1
10867,0,1,1
10866,0,1,1
10865,0,1,1
10864,0,1,1
10863,0,1,1
10862,0,1,1
10861,0,1,1
10859,0,1,1
10857,0,1,1
10856,0,1,1
10855,0,1,1
10854,0,1,1
10853,0,1,1
10852,0,1,1
10851,0,1,1
10850,0,1,1
10849,0,1,1
10848,0,1,1
10847,0,1,1
10846,0,1,1
10845,0,1,1
10844,0,1,1
10842,0,1,1
10841,0,1,1
10840,0,1,1
10839,0,1,1
10838,0,1,1
10837,0,1,1
10835,0,1,1
10834,0,1,1
10833,0,1,1
10832,0,1,1
10831,0,1,1
10830,0,1,1
10829,0,1,1
10828,0,1,1
10827,0,1,1
10826,0,1,1
10825,0,1,1
10824,0,1,1
10823,0,1,1
10822,0,1,1
10821,0,1,1
10819,0,1,1
10818,0,1,1
10817,0,1,1
10816,0,1,1
10815,0,1,1
10814,0,1,1
10813,0,1,1
10812,0,1,1
10811,0,1,1
10810,0,1,1
10809,0,1,1
10808,0,1,1
10807,0,1,1
10806,0,1,1
10805,0,1,1
10804,0,1,1
10803,0,1,1
10802,0,1,1
10801,0,1,1
10800,1,1,2
10799,0,1,1
10798,0,1,1
10797,0,1,1
10796,0,1,1
10795,0,1,1
10794,0,1,1
10793,0,1,1
10792,0,1,1
10791,0,1,1
10790,0,1,1
10789,0,1,1
10788,0,1,1
10787,0,1,1
10785,0,1,1
10784,0,1,1
10783,0,1,1
10782,0,1,1
10781,0,1,1
10780,0,1,1
10779,0,1,1
10778,0,1,1
10777,0,1,1
10776,0,1,1
10775,0,1,1
10774,0,1,1
10773,0,1,1
10772,0,1,1
10771,1,1,2
10770,0,1,1
10769,0,1,1
10768,0,1,1
10767,0,1,1
10766,0,1,1
10765,0,1,1
10764,0,1,1
10763,0,1,1
10762,1,1,2
10761,0,1,1
10760,0,1,1
10759,1,1,2
10757,0,1,1
10756,0,1,1
10755,0,1,1
10754,0,1,1
10753,0,1,1
10752,0,1,1
10751,0,1,1
10750,0,1,1
10749,0,1,1
10748,0,1,1
10747,0,1,1
10746,1,1,2
10745,0,1,1
10744,0,1,1
10743,0,1,1
10742,0,1,1
10741,0,1,1
10740,0,1,1
10739,0,1,1
10738,0,1,1
10737,0,1,1
10736,0,1,1
10735,0,1,1
10734,0,1,1
10733,0,1,1
10732,1,1,2
10731,0,1,1
10730,0,1,1
10729,0,1,1
10728,0,1,1
10727,0,1,1
10725,0,1,1
10724,0,1,1
10723,0,1,1
10722,0,1,1
10721,0,1,1
10720,0,1,1
10719,0,1,1
10718,0,1,1
10717,0,1,1
10716,0,1,1
10715,0,1,1
10713,0,1,1
10712,0,1,1
10711,0,1,1
10710,0,1,1
10709,0,1,1
10708,0,1,1
10707,0,1,1
10706,0,1,1
10705,0,1,1
10704,0,1,1
10703,0,1,1
10701,0,1,1
10699,0,1,1
10698,0,1,1
10697,0,1,1
10696,0,1,1
10695,0,1,1
10694,0,1,1
10693,0,1,1
10692,0,1,1
10691,0,1,1
10690,0,1,1
10689,0,1,1
10688,0,1,1
10687,0,1,1
10686,0,1,1
10684,0,1,1
10652,0,1,1
10650,0,1,1
10648,0,1,1
10647,0,1,1
10646,0,1,1
10644,0,1,1
10643,0,1,1
10642,0,1,1
10641,0,1,1
10638,0,1,1
10637,0,1,1
10636,3,1,4
10635,0,1,1
10633,0,1,1
10632,1,1,2
10631,0,1,1
10629,0,1,1
10628,0,1,1
10627,0,1,1
10626,0,1,1
10625,1,1,2
10624,0,1,1
10623,0,1,1
10622,0,1,1
10621,1,1,2
10620,0,1,1
10619,0,1,1
10618,0,1,1
10617,0,1,1
10616,1,1,2
10615,0,1,1
10614,0,1,1
10613,0,1,1
10612,0,1,1
10611,1,1,2
10610,0,1,1
10609,0,1,1
10608,0,1,1
10607,0,1,1
10606,0,1,1
10605,1,1,2
10604,0,1,1
10603,0,1,1
10602,0,1,1
10601,0,1,1
10600,0,1,1
10599,0,1,1
10597,0,1,1
10596,1,1,2
10595,0,1,1
10594,0,1,1
10593,1,1,2
10592,1,1,2
10591,0,1,1
10590,0,1,1
10589,0,1,1
10588,0,1,1
10587,0,1,1
10586,0,1,1
10585,0,1,1
10584,0,1,1
10583,1,1,2
10582,1,1,2
10470,0,1,1
10469,0,1,1
10467,1,1,2
10463,0,1,1
10462,0,1,1
10458,0,1,1
10456,1,1,2
10454,0,1,1
10449,0,1,1
10448,0,1,1
10446,0,1,1
10445,0,1,1
10444,0,1,1
10442,0,1,1
10441,0,1,1
10440,0,1,1
10439,0,1,1
10436,0,1,1
10435,1,1,2
10427,0,1,1
10426,0,1,1
10424,0,1,1
10422,0,1,1
10420,0,1,1
10419,0,1,1
10418,0,1,1
10416,0,1,1
10414,0,1,1
10413,1,1,2
10412,0,1,1
10409,0,1,1
10408,0,1,1
10407,0,1,1
10406,0,1,1
10404,0,1,1
10401,0,1,1
10400,1,1,2
10395,0,1,1
10393,0,1,1
10391,0,1,1
10390,0,1,1
10389,0,1,1
10387,0,1,1
10386,0,1,1
10384,0,1,1
10383,0,1,1
10382,0,1,1
10379,0,1,1
10378,0,1,1
10377,0,1,1
10376,0,1,1
10430,0,1,1
10429,0,1,1
10428,0,1,1
10371,0,1,1
10370,0,1,1
10368,1,1,2
10366,0,1,1
10365,0,1,1
10364,0,1,1
10362,0,1,1
10360,0,1,1
10358,1,1,2
10357,0,1,1
10355,0,1,1
10354,1,1,2
10353,3,1,4
10352,0,1,1
10350,0,1,1
10347,0,1,1
10346,0,1,1
10345,0,1,1
10344,0,1,1
10343,0,1,1
10341,0,1,1
10339,0,1,1
10338,0,1,1
10331,0,1,1
10329,0,1,1
10327,0,1,1
10326,0,1,1
10325,0,1,1
10324,0,1,1
10323,0,1,1
10319,0,1,1
10318,0,1,1
10317,0,1,1
10316,0,1,1
10315,0,1,1
10314,0,1,1
10313,0,1,1
10312,0,1,1
10310,0,1,1
10308,0,1,1
10306,0,1,1
10302,0,1,1
10301,0,1,1
10299,1,1,2
10297,0,1,1
10296,0,1,1
10294,0,1,1
10291,0,1,1
10289,0,1,1
10288,0,1,1
10287,0,1,1
10286,0,1,1
10285,0,1,1
10284,0,1,1
10282,0,1,1
10281,0,1,1
10280,0,1,1
10277,0,1,1
10275,0,1,1
10274,2,1,3
10273,2,1,3
10247,0,1,1
10246,1,1,2
10244,0,1,1
10243,0,1,1
10242,1,1,2
10240,0,1,1
10239,0,1,1
10238,1,1,2
10237,0,1,1
10236,0,1,1
10235,0,1,1
10234,0,1,1
10233,0,1,1
10232,0,1,1
10229,1,1,2
10227,0,1,1
10226,1,1,2
10225,0,1,1
10224,0,1,1
10222,0,1,1
10221,0,1,1
10219,0,1,1
10218,0,1,1
10203,0,1,1
10202,0,1,1
10201,0,1,1
10200,0,1,1
10199,1,1,2
10197,1,1,2
10196,0,1,1
10195,1,1,2
10194,1,1,2
10193,0,1,1
10192,1,1,2
10191,0,1,1
10190,0,1,1
10189,0,1,1
10188,0,1,1
10186,0,1,1
10183,0,1,1
10182,0,1,1
10180,1,1,2
10179,1,0,1
10176,0,1,1
10175,0,1,1
10174,0,1,1
10173,0,1,1
10172,0,1,1
10170,0,1,1
10167,2,1,3
10163,0,1,1
10162,0,1,1
10161,0,1,1
10159,0,1,1
10158,0,1,1
10157,0,1,1
10155,0,1,1
10154,0,1,1
10153,0,1,1
10133,0,1,1
10132,0,1,1
10131,0,1,1
10130,0,1,1
10127,0,1,1
10123,0,1,1
10111,0,1,1
10110,0,1,1
10109,0,1,1
10108,0,1,1
10107,0,1,1
10106,0,1,1
10105,0,1,1
10104,0,1,1
10103,0,1,1
10101,1,1,2
10100,0,1,1
10099,0,1,1
10098,0,1,1
10097,0,1,1
10096,0,1,1
10095,0,1,1
10094,0,1,1
10093,2,1,3
10092,0,1,1
10091,0,1,1
10090,0,1,1
10078,0,1,1
10077,0,1,1
11906,0,1,1
11905,0,1,1
11904,0,1,1
11903,0,1,1
11902,0,1,1
11901,0,1,1
11900,0,1,1
11899,0,1,1
11898,0,1,1
11897,0,1,1
11896,0,1,1
11895,0,1,1
11894,0,1,1
11893,0,1,1
11892,0,1,1
11891,0,1,1
11890,0,1,1
11889,0,1,1
11888,0,1,1
11887,0,1,1
11886,0,1,1
11885,0,1,1
10072,0,1,1
10071,0,1,1
10069,0,1,1
10068,0,1,1
10067,0,1,1
10066,0,1,1
10065,1,1,2
10064,0,1,1
10063,0,1,1
10060,0,1,1
10059,0,1,1
10057,0,1,1
10056,0,1,1
11071,0,1,1
10204,0,1,1
10198,2,2,4
10041,0,1,1
10214,0,1,1
10206,1,2,3
10089,0,3,3
10023,0,1,1
10022,0,1,1
10020,0,1,1
10019,0,1,1
10013,0,1,1
10012,0,1,1
10011,1,1,2
10010,0,1,1
10009,0,1,1
10008,0,1,1
10007,0,1,1
10006,5,1,6
10005,0,1,1
10000,0,1,1
9999,2,1,3
9996,0,1,1
9995,0,1,1
9993,0,1,1
9992,0,1,1
9991,0,1,1
9990,0,1,1
9989,0,1,1
9988,0,1,1
9986,0,1,1
9985,0,1,1
9984,0,1,1
9983,0,1,1
9982,0,1,1
9981,0,1,1
11220,0,1,1
11219,0,1,1
11217,0,1,1
10820,0,2,2
10758,1,2,3
9976,0,1,1
9975,1,1,2
9974,0,1,1
9973,0,1,1
9972,0,1,1
9970,1,1,2
9969,0,1,1
9966,0,1,1
9962,0,1,1
9961,0,1,1
9960,0,1,1
9958,0,1,1
9957,0,1,1
9956,0,1,1
9955,0,1,1
9954,0,1,1
9953,1,1,2
9952,0,1,1
9950,0,1,1
9949,0,1,1
9948,1,1,2
9946,0,1,1
9945,0,1,1
9944,0,1,1
9942,0,1,1
9941,0,1,1
9940,0,1,1
9939,0,1,1
9938,1,1,2
9936,0,1,1
9932,0,1,1
9930,0,1,1
9929,1,1,2
9928,0,1,1
9927,5,0,5
9926,0,1,1
9925,0,1,1
9923,1,1,2
9922,0,1,1
9919,0,1,1
9918,0,1,1
9917,2,0,2
9897,0,1,1
9896,0,1,1
9895,0,1,1
9890,0,1,1
9889,0,1,1
9888,0,1,1
9887,0,1,1
9875,0,1,1
9859,0,1,1
9850,0,1,1
9849,2,0,2
9848,0,1,1
9847,0,1,1
9846,0,1,1
9844,0,1,1
9842,0,1,1
9841,0,1,1
11465,0,1,1
9820,0,1,1
9811,1,1,2
9810,2,0,2
9804,0,1,1
9803,0,1,1
9802,0,1,1
12528,0,1,1
12527,0,1,1
12526,0,1,1
12525,0,1,1
12524,0,1,1
12523,0,1,1
12522,0,1,1
12521,0,1,1
12520,0,1,1
12519,0,1,1
12518,0,1,1
12517,0,1,1
12516,0,1,1
12515,0,1,1
12514,0,1,1
12513,0,1,1
12512,0,1,1
9783,0,1,1
11268,0,1,1
11466,0,1,1
9775,0,1,1
9774,0,1,1
9773,0,1,1
9772,0,1,1
9770,0,1,1
9759,0,1,1
9757,0,1,1
9754,0,1,1
9753,2,1,3
9752,1,1,2
9751,0,1,1
9750,1,1,2
9749,0,1,1
9748,0,1,1
9747,0,1,1
9745,0,1,1
9737,0,1,1
9736,0,1,1
9735,0,1,1
9734,0,1,1
9719,0,1,1
9716,2,1,3
9715,0,1,1
9712,0,1,1
9709,0,1,1
9708,0,1,1
9707,0,1,1
9698,0,1,1
9697,1,0,1
9687,0,1,1
9686,0,1,1
9684,0,1,1
9683,1,0,1
9672,0,1,1
9661,0,1,1
12121,0,1,1
9659,1,1,2
9658,0,1,1
9656,0,1,1
9655,2,1,3
9652,0,1,1
9651,0,1,1
9649,0,1,1
9643,0,1,1
9642,0,1,1
9641,0,1,1
9640,0,1,1
9639,1,1,2
9637,0,1,1
9636,0,1,1
9634,0,1,1
9633,1,0,1
9629,0,1,1
9628,0,1,1
9625,0,1,1
11502,0,1,1
9693,1,2,3
9692,2,2,4
9610,1,1,2
9609,0,1,1
9608,2,1,3
9603,1,1,2
9602,0,1,1
9601,1,1,2
9600,1,1,2
9599,0,1,1
9598,0,1,1
9596,1,1,2
9595,1,1,2
9594,0,1,1
9593,0,1,1
9592,0,1,1
9587,1,1,2
12044,0,1,1
12043,0,1,1
9585,0,1,1
9583,0,2,2
9581,0,1,1
9580,0,1,1
9579,0,1,1
9578,0,1,1
9575,0,1,1
9573,0,1,1
11483,0,1,1
9565,0,1,1
9557,0,1,1
9556,1,1,2
9551,0,1,1
9549,0,1,1
9548,0,1,1
9905,1,1,2
9904,0,1,1
9546,0,1,1
9545,0,1,1
9543,0,1,1
9542,0,1,1
9541,0,1,1
9540,0,1,1
9536,0,1,1
9534,0,1,1
9533,0,1,1
9532,0,1,1
9531,2,1,3
9530,0,1,1
9521,0,1,1
9517,0,1,1
9516,0,1,1
9515,0,1,1
9514,0,1,1
9513,0,1,1
9511,0,1,1
9508,1,1,2
9505,0,1,1
9500,2,1,3
9498,0,1,1
9495,0,1,1
9481,0,1,1
9480,0,1,1
9479,0,1,1
9478,0,1,1
9476,0,1,1
9471,0,1,1
9469,0,1,1
9468,0,1,1
9466,0,1,1
9465,0,1,1
9464,0,1,1
9463,0,1,1
9462,0,1,1
9461,0,1,1
9460,0,1,1
9457,0,1,1
9450,0,1,1
9449,0,1,1
9431,2,1,3
9427,1,1,2
9426,0,1,1
9425,0,1,1
9424,0,1,1
9422,1,1,2
9421,0,1,1
9420,1,1,2
9419,0,1,1
9411,2,0,2
9409,0,1,1
9399,0,1,1
9398,0,1,1
9397,0,1,1
9396,0,1,1
9395,0,1,1
11482,0,1,1
9393,0,1,1
9388,0,1,1
9387,0,1,1
9386,0,1,1
9382,0,1,1
9381,0,1,1
9379,0,1,1
9378,0,1,1
9377,1,1,2
9376,0,1,1
9375,0,1,1
9374,0,1,1
9373,2,1,3
9372,1,1,2
9360,0,1,1
9355,0,1,1
9354,0,1,1
9352,0,1,1
9351,0,1,1
9350,0,1,1
9349,0,1,1
9347,0,1,1
11092,2,1,3
11091,1,1,2
11090,0,1,1
11089,0,1,1
11088,1,1,2
11087,0,1,1
11086,0,1,1
11085,0,1,1
10924,2,2,4
10923,0,2,2
9339,0,1,1
10120,0,1,1
10119,0,1,1
10118,0,1,1
10116,0,1,1
10115,0,1,1
10114,0,1,1
10113,0,1,1
10112,0,1,1
9328,0,1,1
9327,0,1,1
9325,0,1,1
9323,0,1,1
11504,0,1,1
9319,0,1,1
9318,0,1,1
9311,0,1,1
9307,0,1,1
9306,1,0,1
9304,0,1,1
9301,0,1,1
9300,0,1,1
9299,0,1,1
9291,0,1,1
9279,0,1,1
9262,0,1,1
9261,0,1,1
9260,0,1,1
9259,0,1,1
9258,0,1,1
9257,0,1,1
9871,0,1,1
9870,0,1,1
9255,0,2,2
9252,0,1,1
9250,0,1,1
9249,0,1,1
9248,0,1,1
9243,0,1,1
10399,0,2,2
9239,0,1,1
9238,0,1,1
9237,0,1,1
9230,0,1,1
9229,0,1,1
9228,0,1,1
9227,0,1,1
12126,1,1,2
9222,1,1,2
9221,0,1,1
9220,1,1,2
12135,0,1,1
12134,0,1,1
12133,0,1,1
12132,0,1,1
12131,0,1,1
12130,0,1,1
11712,0,2,2
10307,0,2,2
9214,1,2,3
9213,0,1,1
9212,0,1,1
9211,0,2,2
9210,0,1,1
9209,1,1,2
9208,0,1,1
9207,0,2,2
9205,0,1,1
9204,0,1,1
9202,0,1,1
9200,0,1,1
9196,1,1,2
9195,1,0,1
9194,0,1,1
9193,0,1,1
9192,2,0,2
9189,1,1,2
9188,1,1,2
9181,1,1,2
12407,7,4,11
9176,1,1,2
9173,0,1,1
9167,0,1,1
9166,0,1,1
9165,0,1,1
9163,0,1,1
9155,1,1,2
9153,0,1,1
9152,0,1,1
9149,0,1,1
9136,0,1,1
9133,1,1,2
9132,0,1,1
9123,0,1,1
9121,0,1,1
9120,0,1,1
9119,0,1,1
9118,1,1,2
11349,1,1,2
11348,0,1,1
11347,0,1,1
11346,0,1,1
11345,0,1,1
11344,0,1,1
11343,0,1,1
9116,0,2,2
9095,0,1,1
9094,0,1,1
9093,0,1,1
9092,0,1,1
9091,0,1,1
9090,0,1,1
9089,0,1,1
9088,1,1,2
9087,0,1,1
9086,0,1,1
9085,0,1,1
9084,1,1,2
9082,0,1,1
9080,0,1,1
9079,0,1,1
9077,0,1,1
9076,0,1,1
9075,0,1,1
9074,0,1,1
9073,0,1,1
9072,1,1,2
9071,0,1,1
9069,0,1,1
9068,0,1,1
9066,0,1,1
9065,0,1,1
9064,0,1,1
9063,0,1,1
9062,4,0,4
9061,0,1,1
9059,0,1,1
9053,0,1,1
9050,0,1,1
9049,0,1,1
9048,0,1,1
9047,0,1,1
9046,0,1,1
9045,0,1,1
9042,0,1,1
9041,0,1,1
9040,1,1,2
9039,0,1,1
9038,1,1,2
9037,0,1,1
11049,0,1,1
11048,0,1,1
11047,0,1,1
11046,0,1,1
11045,0,1,1
11044,0,1,1
11043,0,1,1
9035,0,1,1
9034,0,1,1
9032,0,1,1
9030,2,1,3
9029,0,1,1
9028,0,1,1
9007,0,1,1
9005,0,1,1
9004,0,1,1
11021,0,2,2
9002,0,1,1
9001,0,1,1
9000,0,1,1
8999,0,1,1
8998,0,1,1
8997,0,1,1
8996,0,1,1
8993,0,1,1
8992,1,1,2
8987,0,1,1
8980,0,1,1
8979,1,1,2
8978,0,1,1
8977,0,1,1
8967,0,1,1
8966,0,1,1
8965,0,1,1
8964,1,1,2
8963,0,1,1
8961,0,1,1
8960,0,1,1
8959,0,1,1
8958,0,1,1
8957,0,1,1
8955,0,1,1
8954,0,1,1
8953,0,1,1
8952,2,1,3
8950,0,1,1
8949,0,1,1
8948,0,1,1
8947,1,1,2
8946,0,1,1
8945,0,1,1
8944,0,1,1
8943,0,1,1
8939,0,1,1
8989,0,1,1
8988,0,1,1
8937,0,1,1
8936,0,1,1
8935,0,1,1
8932,0,1,1
8931,0,1,1
8922,0,1,1
8921,3,1,4
8920,0,1,1
8919,1,1,2
8917,0,1,1
8916,0,1,1
8915,0,1,1
8914,0,1,1
8913,0,1,1
8912,2,1,3
8911,3,1,4
8909,0,1,1
8908,0,1,1
8907,0,1,1
8906,0,1,1
8982,0,1,1
8981,0,1,1
8904,0,1,1
8903,0,1,1
8902,0,1,1
8901,0,1,1
8900,0,1,1
8899,0,1,1
8898,0,1,1
8897,0,1,1
8896,0,1,1
8894,0,1,1
8893,0,1,1
8892,0,1,1
8891,0,1,1
8890,0,1,1
8889,0,1,1
8888,0,1,1
8885,1,1,2
8884,0,1,1
8883,0,1,1
8875,0,1,1
8874,0,1,1
8870,1,1,2
8869,0,1,1
8868,0,1,1
8867,0,1,1
8866,0,1,1
8865,0,2,2
8863,1,1,2
8862,0,1,1
8856,0,1,1
8855,0,1,1
8850,0,1,1
8852,0,1,1
8851,1,1,2
9147,0,1,1
8836,0,1,1
8835,0,1,1
8834,0,1,1
8833,0,1,1
8832,1,1,2
8831,0,1,1
8830,0,1,1
8829,0,1,1
9725,0,1,1
9724,0,1,1
9723,0,1,1
9721,0,1,1
9129,0,1,1
9128,0,1,1
9127,2,1,3
9126,0,1,1
9125,0,1,1
8813,0,1,1
8812,0,1,1
8809,0,1,1
8808,0,1,1
8807,0,1,1
8802,0,1,1
8799,0,1,1
8798,0,1,1
8793,2,1,3
8820,1,1,2
8790,0,1,1
8789,0,2,2
8788,0,1,1
8787,0,1,1
8786,0,1,1
8784,0,1,1
8783,0,1,1
8782,0,1,1
8771,0,1,1
8770,0,1,1
11228,1,1,2
11227,0,1,1
11226,0,1,1
11225,0,1,1
11224,1,1,2
8768,0,1,1
8767,2,1,3
8765,0,1,1
8763,0,1,1
8761,1,1,2
8760,0,1,1
8759,1,1,2
8757,1,1,2
8756,0,1,1
8755,0,1,1
8754,0,1,1
8753,1,1,2
8752,0,1,1
8751,0,1,1
8749,0,1,1
8877,1,1,2
8742,0,1,1
8741,1,1,2
8736,1,1,2
8735,0,1,1
8734,0,1,1
8733,0,1,1
8732,0,1,1
8731,0,1,1
8730,0,1,1
8727,0,1,1
8726,1,0,1
8725,0,1,1
8721,1,1,2
8720,0,1,1
8719,1,1,2
8718,2,1,3
8716,0,1,1
8715,0,1,1
8714,0,1,1
8713,2,1,3
8712,0,1,1
11216,0,1,1
11215,0,1,1
11214,0,1,1
11213,0,1,1
11212,0,1,1
11211,0,1,1
11210,0,1,1
11209,0,1,1
11208,0,1,1
11207,0,1,1
10843,0,2,2
10171,1,2,3
9916,0,2,2
9866,0,1,1
8710,0,1,1
8709,0,1,1
8708,0,1,1
8706,0,1,1
8705,0,1,1
8704,0,1,1
8703,0,1,1
8702,0,1,1
8700,0,1,1
8696,0,1,1
8695,3,1,4
8693,0,1,1
8692,0,1,1
8691,0,1,1
11954,0,1,1
11953,0,1,1
11952,0,1,1
11951,0,1,1
11950,0,1,1
11949,0,1,1
11948,0,1,1
11947,0,1,1
11946,0,1,1
11945,0,1,1
11944,0,1,1
11943,0,1,1
11942,0,1,1
11941,0,1,1
11940,0,1,1
11939,0,1,1
11938,0,1,1
11937,0,1,1
11936,0,1,1
11935,0,1,1
11934,0,1,1
11933,0,1,1
11932,0,1,1
11931,0,1,1
11930,0,1,1
11929,0,1,1
11928,0,1,1
11927,0,1,1
11926,0,1,1
11925,0,1,1
11924,0,1,1
11923,0,1,1
11922,0,1,1
11126,0,2,2
9577,0,2,2
9576,0,2,2
9555,2,1,3
9348,0,2,2
9224,2,2,4
9219,0,2,2
8689,0,1,1
8688,0,1,1
8687,0,2,2
8686,0,1,1
8684,0,1,1
8682,2,1,3
8698,0,1,1
9025,0,1,1
9024,0,1,1
9022,0,1,1
9019,0,2,2
9018,0,1,1
9017,0,1,1
9015,0,1,1
9013,0,1,1
8678,0,1,1
8677,0,1,1
8676,0,1,1
8674,0,1,1
8673,0,1,1
8672,0,1,1
8671,0,1,1
8670,0,1,1
8669,0,1,1
8668,0,1,1
8665,0,1,1
8663,1,1,2
8662,2,1,3
8661,0,1,1
8660,0,1,1
8659,0,1,1
8658,0,1,1
8657,0,1,1
8656,1,1,2
8654,0,1,1
8646,0,1,1
8644,0,1,1
8641,0,1,1
8640,0,1,1
8639,0,1,1
8638,4,1,5
8632,0,1,1
8631,0,1,1
8630,0,1,1
8629,0,1,1
8628,0,1,1
8738,1,1,2
8737,1,2,3
8622,0,1,1
8621,0,1,1
8620,0,1,1
8617,0,1,1
8613,0,1,1
8612,0,1,1
8826,0,1,1
8825,0,1,1
8823,0,1,1
8609,1,1,2
8608,0,1,1
8636,0,1,1
8635,0,1,1
8634,0,1,1
11539,0,1,1
8606,0,1,1
8605,1,1,2
8604,1,1,2
8603,0,1,1
8601,0,1,1
8600,0,1,1
8598,1,1,2
8594,0,1,1
8593,0,1,1
8589,0,1,1
8588,0,1,1
8587,0,1,1
8581,0,1,1
8580,1,1,2
8573,0,1,1
8572,0,1,1
8569,0,1,1
8568,0,1,1
8567,1,1,2
8565,0,1,1
8564,0,1,1
8563,1,1,2
8562,2,1,3
8561,0,1,1
8560,0,1,1
8804,0,1,1
8803,0,1,1
8555,0,1,1
8553,0,1,1
8552,0,1,1
8551,0,1,1
8548,0,1,1
8547,0,1,1
8546,0,1,1
8545,0,1,1
8544,2,1,3
8543,0,1,1
8542,0,1,1
8971,0,1,1
8970,0,1,1
8969,0,1,1
8968,0,1,1
8540,2,1,3
8539,1,1,2
8538,1,1,2
8537,1,1,2
8536,0,1,1
8535,1,1,2
8534,0,1,1
8532,1,1,2
8531,1,1,2
8530,0,1,1
8527,0,1,1
8526,3,1,4
8525,1,1,2
8520,2,1,3
8519,1,1,2
8518,1,1,2
8618,0,1,1
8511,1,2,3
8508,1,1,2
8507,1,1,2
8504,2,1,3
8744,0,1,1
8502,0,1,1
8499,0,1,1
8498,1,0,1
8785,2,3,5
8492,0,1,1
8491,6,1,7
8489,0,1,1
8487,0,1,1
8486,0,1,1
8484,3,1,4
8483,1,1,2
8481,0,1,1
8585,0,1,1
8584,0,1,1
8583,0,1,1
8582,0,1,1
8475,0,1,1
8474,0,1,1
8985,0,1,1
8983,0,1,1
8779,1,2,3
8471,1,1,2
8470,2,1,3
8469,3,1,4
12563,0,1,1
12562,0,1,1
12561,0,1,1
12560,0,1,1
12559,0,1,1
12558,0,1,1
12557,0,1,1
12556,0,1,1
12555,0,1,1
12554,0,1,1
12553,0,1,1
12552,0,1,1
12551,0,1,1
11829,0,2,2
11022,0,2,2
10998,0,2,2
10321,4,2,6
8524,0,2,2
8482,0,2,2
8456,0,1,1
8454,0,1,1
8452,0,1,1
9263,0,1,1
8450,0,1,1
8448,0,1,1
8447,1,1,2
8446,0,1,1
8444,0,1,1
8443,0,1,1
8435,0,1,1
8433,0,1,1
8478,2,1,3
8844,1,1,2
8843,0,1,1
8842,0,1,1
8841,0,1,1
8840,0,1,1
8839,0,1,1
8429,0,1,1
8428,0,1,1
8426,1,1,2
8425,0,1,1
8424,0,1,1
8421,0,1,1
8420,0,1,1
8419,0,1,1
8418,0,1,1
8417,0,1,1
8416,0,1,1
8415,6,0,6
8414,0,1,1
8626,0,1,1
8624,0,1,1
8410,0,1,1
8409,1,1,2
8408,0,1,1
8406,2,1,3
8400,0,1,1
8397,3,1,4
8396,1,1,2
8395,0,1,1
8394,1,1,2
8392,1,1,2
8391,0,1,1
9026,0,1,1
8574,1,2,3
8578,1,1,2
8576,1,1,2
8575,0,1,1
8928,0,2,2
8801,2,2,4
8376,1,1,2
8375,0,1,1
8374,1,1,2
8373,0,1,1
8372,0,1,1
8371,0,1,1
8366,0,1,1
8364,0,1,1
8363,0,1,1
10029,0,1,1
10028,0,1,1
10026,0,1,1
10025,0,1,1
8360,0,1,1
8358,0,1,1
8356,0,1,1
8354,0,1,1
8353,0,1,1
8352,0,1,1
8351,0,1,1
8349,6,1,7
8348,0,1,1
8347,1,1,2
8346,4,1,5
8345,1,1,2
8411,1,2,3
8342,1,1,2
8340,0,1,1
8339,0,1,1
8330,0,1,1
8329,0,1,1
8328,1,1,2
8327,3,0,3
11162,0,1,1
11161,0,1,1
11160,0,1,1
9060,1,1,2
8322,0,1,1
8321,0,1,1
8319,2,1,3
8316,0,1,1
8315,2,1,3
8314,0,1,1
8313,0,1,1
8312,3,1,4
8311,2,1,3
8309,2,1,3
8308,0,1,1
8305,0,1,1
11752,0,1,1
11688,0,2,2
11685,0,2,2
8300,1,1,2
8299,0,1,1
8295,1,1,2
8294,0,1,1
8293,0,1,1
8292,0,1,1
8291,0,1,1
8290,1,1,2
8289,0,1,1
8288,0,1,1
8286,0,1,1
8285,0,1,1
8284,0,1,1
8283,0,1,1
8282,0,1,1
8281,1,1,2
8270,1,1,2
8268,0,1,1
8249,0,1,1
8248,0,1,1
8245,0,1,1
8240,0,1,1
8238,0,1,1
8237,0,1,1
8235,2,1,3
8227,0,1,1
8226,0,1,1
8222,0,1,1
8220,0,1,1
8219,0,1,1
8218,0,1,1
8216,0,1,1
8214,0,1,1
8213,1,1,2
8211,0,1,1
8210,0,1,1
8207,0,1,1
8206,0,1,1
8205,0,1,1
8203,3,1,4
8202,0,1,1
9762,0,1,1
12359,0,1,1
12358,0,1,1
12357,0,1,1
12356,0,1,1
12355,0,1,1
12354,0,1,1
12353,0,1,1
12352,0,1,1
12351,0,1,1
12350,0,1,1
12349,0,1,1
12348,0,1,1
12347,0,1,1
10976,0,2,2
10970,0,2,2
8192,0,1,1
8191,0,1,1
8187,0,1,1
8186,0,1,1
8171,0,1,1
8169,0,1,1
8168,0,1,1
8166,0,1,1
8165,1,1,2
8164,0,1,1
8163,0,1,1
8158,0,1,1
8144,0,1,1
8143,0,1,1
8142,0,1,1
8141,0,1,1
8139,0,1,1
8138,0,1,1
8137,0,1,1
8136,0,1,1
8131,0,1,1
8130,0,1,1
8121,0,1,1
8120,0,1,1
8117,1,1,2
8116,2,1,3
8114,0,1,1
8112,1,1,2
8111,0,1,1
8108,0,1,1
8091,0,1,1
8090,1,1,2
8087,0,1,1
8086,0,1,1
8085,0,1,1
11710,0,1,1
11709,0,1,1
11708,0,1,1
11707,0,1,1
11706,0,1,1
11705,0,1,1
11704,0,1,1
11703,0,1,1
11702,0,1,1
11701,0,1,1
11700,0,1,1
11699,0,1,1
11431,0,2,2
10040,0,2,2
9329,0,1,1
8080,1,1,2
8079,0,2,2
8078,2,1,3
8077,0,1,1
8073,1,1,2
8072,0,1,1
8071,0,1,1
8070,0,1,1
8069,0,1,1
8067,0,1,1
8066,1,1,2
8065,1,1,2
8064,0,1,1
8063,0,1,1
8061,0,1,1
8060,0,1,1
8059,0,1,1
8058,2,1,3
8056,0,1,1
8055,0,1,1
8054,0,1,1
8053,0,1,1
8052,0,1,1
8051,0,1,1
8050,0,1,1
8296,0,1,1
8046,0,1,1
8045,0,1,1
8043,0,1,1
8042,0,1,1
8031,1,1,2
8029,0,1,1
8028,0,1,1
8022,0,1,1
8021,0,1,1
8020,0,1,1
8010,1,1,2
8005,0,1,1
8004,0,1,1
8003,1,1,2
9795,1,1,2
8208,0,1,1
7988,1,1,2
2442,0,1,1
2743,4,3,7
9315,0,2,2
9805,0,2,2
1809,4,2,6
3736,0,1,1
3734,0,1,1
3733,0,1,1
3732,0,1,1
3730,1,1,2
2361,1,2,3
7764,8,15,23
4554,1,4,5
4365,5,6,11
3676,1,2,3
9353,2,6,8
2817,5,21,26
3757,6,3,9
3756,4,3,7
3755,2,2,4
3754,1,1,2
3753,1,2,3
3752,1,1,2
2024,18,4,22
12297,0,1,1
9470,3,14,17
9509,0,1,1
4808,4,7,11
2121,1,3,4
12394,0,1,1
817,5,1,6
812,18,3,21
809,12,3,15
11082,0,1,1
808,17,2,19
11081,0,1,1
801,4,1,5
797,17,1,18
11070,1,1,2
794,2,1,3
11067,0,1,1
792,23,1,24
11065,0,1,1
791,2,1,3
11064,0,1,1
2004,17,3,20
788,0,1,1
11061,0,1,1
782,3,1,4
11055,0,1,1
9499,1,4,5
8683,6,8,14
4231,4,7,11
7647,3,14,17
9418,9,16,25
7941,6,27,33
4428,16,11,27
2454,3,5,8
2054,5,2,7
12327,0,1,1
2052,14,1,15
12325,0,1,1
2051,27,3,30
12324,0,1,1
1870,6,2,8
12143,0,1,1
1245,15,4,19
2053,0,1,1
12326,0,1,1
7140,1,6,7
4137,3,4,7
3349,2,1,3
3121,8,3,11
2218,10,4,14
12491,0,1,1
4374,4,13,17
1555,35,5,40
779,3,1,4
11052,0,1,1
778,10,1,11
11051,0,1,1
777,3,2,5
11050,0,14,14
776,5,1,6
773,18,1,19
771,10,1,11
770,11,0,11
4208,0,1,1
4206,0,1,1
6676,0,2,2
4073,1,3,4
2538,7,2,9
3549,6,9,15
6652,3,1,4
2848,7,6,13
11696,0,3,3
1423,6,4,10
762,0,1,1
758,0,1,1
12452,0,1,1
2179,13,1,14
12446,0,1,1
2173,6,1,7
12445,0,1,1
2172,9,8,17
12444,0,1,1
2171,3,3,6
12442,0,1,1
2169,7,11,18
12439,0,1,1
2166,3,6,9
12435,0,1,1
2162,2,4,6
12432,0,1,1
2159,10,8,18
12431,0,1,1
2158,3,2,5
9909,0,2,2
9275,0,3,3
7694,1,2,3
6962,0,2,2
6593,0,2,2
6536,0,2,2
2123,4,3,7
12396,0,2,2
1893,2,3,5
4960,1,2,3
9635,8,8,16
3369,4,2,6
3367,0,1,1
3365,1,1,2
3363,0,2,2
3362,0,1,1
3361,1,1,2
6929,3,7,10
6892,4,8,12
8501,3,11,14
5836,4,13,17
749,0,1,1
748,1,1,2
9868,1,6,7
8806,4,9,13
8515,0,3,3
8514,0,1,1
8513,0,1,1
8438,1,3,4
4259,4,2,6
2880,3,2,5
2799,5,2,7
9862,0,2,2
1831,13,7,20
6918,2,5,7
5961,0,4,4
4950,7,4,11
4453,2,4,6
3772,8,2,10
2840,10,4,14
2500,7,2,9
1838,10,7,17
1801,10,4,14
5031,0,7,7
7540,1,4,5
11907,6,7,13
1634,3,3,6
693,0,1,1
688,0,1,1
687,11,1,12
685,0,1,1
10958,19,23,42
684,0,1,1
682,0,1,1
680,2,1,3
679,15,0,15
4464,1,3,4
4366,1,3,4
2241,12,4,16
1834,15,8,23
12107,6,18,24
4415,5,12,17
1351,13,5,18
11624,1,2,3
9756,3,19,22
6080,9,5,14
11025,5,10,15
752,23,12,35
2012,11,5,16
12285,0,1,1
834,3,2,5
3879,5,17,22
3376,14,12,26
671,11,1,12
668,0,1,1
3360,3,1,4
3493,2,1,3
2377,2,3,5
3748,4,2,6
2660,2,2,4
3747,4,7,11
5064,7,2,9
4571,2,1,3
4066,2,4,6
653,0,1,1
9921,2,9,11
4984,10,7,17
11420,2,7,9
1147,9,5,14
646,2,1,3
10919,1,3,4
645,5,1,6
10918,0,1,1
644,1,1,2
10917,0,1,1
2896,0,1,1
2893,0,1,1
2891,0,1,1
2598,10,2,12
3342,1,1,2
3341,0,1,1
3337,5,2,7
10084,1,1,2
10083,0,1,1
4994,3,3,6
10081,1,1,2
10080,0,1,1
10079,0,1,1
10018,0,3,3
2374,3,2,5
7461,1,3,4
10150,0,2,2
10149,0,1,1
10148,0,1,1
10145,0,2,2
10003,0,2,2
10002,0,2,2
10128,0,1,1
9670,0,2,2
9669,0,4,4
3340,4,6,10
12163,0,1,1
1890,19,20,39
12162,0,1,1
1889,66,16,82
12157,0,1,1
1884,4,2,6
12156,0,1,1
1883,7,3,10
12154,0,1,1
1881,2,1,3
12153,0,1,1
1880,10,4,14
12145,0,1,1
1872,12,6,18
1970,7,2,9
12243,0,1,1
12144,0,1,1
1871,6,9,15
12137,0,1,1
1864,6,10,16
12136,0,1,1
1863,4,1,5
4019,0,3,3
9106,0,3,3
5051,1,4,5
4857,1,2,3
4547,2,5,7
3404,3,3,6
3222,0,2,2
1836,1,3,4
1835,6,6,12
1676,1,2,3
1452,12,7,19
1338,4,3,7
11467,0,1,1
1194,6,10,16
9326,11,18,29
4613,0,2,2
4113,1,2,3
3256,13,15,28
10144,7,9,16
3813,0,1,1
3812,2,3,5
3811,0,1,1
3809,1,2,3
3808,0,1,1
3807,0,1,1
3806,0,1,1
961,5,2,7
641,0,1,1
10914,0,1,1
640,0,2,2
10913,0,1,1
639,0,2,2
10912,0,1,1
632,1,1,2
10905,0,1,1
629,0,1,1
10902,0,1,1
627,1,1,2
10900,1,2,3
626,2,1,3
10899,0,1,1
617,2,1,3
10890,0,1,1
615,6,1,7
10888,0,1,1
614,3,0,3
10887,0,1,1
11490,1,4,5
1217,10,2,12
3140,6,6,12
9814,0,1,1
12447,0,1,1
2174,1,1,2
2273,10,2,12
12546,0,1,1
4867,1,4,5
8278,0,1,1
7875,0,3,3
1944,9,4,13
12217,0,1,1
602,6,1,7
10875,0,1,1
601,6,1,7
10874,0,2,2
600,0,1,1
10873,0,2,2
599,11,1,12
10872,0,1,1
598,0,1,1
10871,0,1,1
9873,0,2,2
9872,0,2,2
6152,6,2,8
9910,0,2,2
4823,0,10,10
3452,4,6,10
2520,0,2,2
768,5,1,6
5855,3,2,5
1646,5,2,7
6628,0,7,7
4878,0,1,1
4877,1,1,2
4876,4,1,5
4875,5,2,7
4874,5,6,11
7008,0,19,19
1921,7,3,10
12194,0,1,1
2422,7,4,11
2066,8,7,15
12339,0,1,1
926,4,1,5
11199,0,1,1
924,0,2,2
11197,0,2,2
921,2,2,4
920,2,3,5
917,0,2,2
11190,0,2,2
916,0,1,1
11189,0,1,1
915,3,1,4
11188,0,2,2
2985,12,9,21
7128,4,2,6
3696,2,2,4
8645,1,4,5
4632,0,1,1
592,2,1,3
582,7,1,8
581,0,1,1
580,12,2,14
577,4,1,5
1848,13,5,18
4982,12,13,25
3735,0,2,2
800,1,2,3
2324,8,4,12
7149,1,4,5
2062,0,1,1
12335,0,1,1
7033,2,5,7
11363,6,16,22
1090,16,7,23
4141,0,3,3
3105,1,6,7
2834,6,2,8
11694,0,3,3
1421,6,4,10
1520,4,2,6
799,9,2,11
11072,6,25,31
4556,14,21,35
4125,7,16,23
7176,0,2,2
12263,1,1,2
1990,7,10,17
12258,1,1,2
1985,10,13,23
12252,0,1,1
1979,3,1,4
11159,0,2,2
886,9,4,13
9880,0,3,3
9638,0,2,2
9254,0,2,2
9178,3,2,5
9177,2,2,4
9104,0,2,2
3680,0,2,2
3330,4,5,9
2013,22,5,27
12286,0,1,1
7653,2,10,12
572,6,1,7
571,0,1,1
569,3,2,5
568,2,1,3
567,0,1,1
566,4,2,6
565,1,1,2
562,1,1,2
561,8,1,9
558,0,1,1
557,1,1,2
555,5,1,6
554,3,1,4
553,7,1,8
550,4,1,5
4226,11,5,16
9313,0,1,1
9271,0,1,1
9270,0,1,1
4975,1,2,3
4334,0,3,3
4332,3,2,5
3576,15,6,21
3146,26,9,35
12254,0,1,1
1981,6,16,22
2080,12,4,16
3141,12,5,17
547,0,1,1
546,0,1,1
541,0,1,1
540,7,1,8
537,0,1,1
5620,0,4,4
533,1,1,2
3501,5,5,10
2705,5,13,18
2702,21,7,28
928,21,2,23
11201,0,1,1
1996,0,3,3
529,2,1,3
525,1,1,2
523,5,1,6
522,1,1,2
4130,0,1,1
3906,13,10,23
3350,1,7,8
2413,6,8,14
4689,4,6,10
8026,0,2,2
2938,1,1,2
8025,6,14,20
7615,1,3,4
7544,5,4,9
6368,8,4,12
9253,1,2,3
4166,9,12,21
2952,1,3,4
2890,5,2,7
1026,7,3,10
588,3,1,4
5675,0,2,2
891,8,2,10
11164,0,1,1
8994,8,8,16
6321,1,2,3
4591,4,3,7
9675,0,5,5
4588,2,3,5
1498,6,3,9
11771,0,2,2
1497,5,2,7
11770,0,1,1
1496,1,2,3
1495,4,3,7
11768,1,22,23
1179,2,3,5
3645,10,5,15
7804,0,2,2
3654,4,6,10
510,2,1,3
509,0,1,1
10682,17,15,32
409,44,10,54
508,4,1,5
504,0,1,1
501,0,1,1
4840,6,8,14
3569,4,6,10
4190,1,1,2
1072,3,2,5
534,13,3,16
9370,1,1,2
9369,1,2,3
2368,0,2,2
12542,0,1,1
2269,8,6,14
12540,0,1,1
2267,11,9,20
12538,0,1,1
2265,13,1,14
1084,6,2,8
11357,1,26,27
11258,0,2,2
985,6,2,8
662,1,1,2
10836,0,2,2
563,26,3,29
10030,0,3,3
10027,0,2,2
8570,0,4,4
12450,0,1,1
2177,9,8,17
7363,0,4,4
12440,0,1,1
2167,1,1,2
7353,3,2,5
12438,0,1,1
2165,13,11,24
7351,0,2,2
12437,0,1,1
2164,2,1,3
7350,0,2,2
12436,0,1,1
2163,9,10,19
7349,0,2,2
12434,0,1,1
2161,2,3,5
7347,1,2,3
7336,2,3,5
7331,1,4,5
7326,5,4,9
7325,0,2,2
7098,4,7,11
1997,0,1,1
7084,2,7,9
12139,0,1,1
1866,3,2,5
7052,4,2,6
7038,5,4,9
3983,4,2,6
2044,2,2,4
1079,6,2,8
11352,4,21,25
1025,19,2,21
1024,1,2,3
497,18,4,22
496,9,3,12
495,0,1,1
493,4,1,5
489,3,1,4
5574,2,11,13
487,1,1,2
4192,5,6,11
531,20,1,21
4078,3,13,16
3255,7,17,24
12429,0,1,1
2156,14,10,24
2255,18,7,25
475,7,1,8
4359,4,3,7
4357,1,1,2
4107,0,1,1
4106,0,1,1
6827,2,3,5
1740,0,2,2
12013,0,1,1
9365,0,1,1
9186,0,2,2
4386,4,2,6
3245,5,3,8
3110,13,8,21
1678,15,4,19
1673,10,4,14
470,2,1,3
464,6,1,7
6029,0,1,1
677,21,4,25
5764,3,4,7
462,5,1,6
12210,0,1,1
1937,26,11,37
12209,0,1,1
1936,6,2,8
12208,0,1,1
1935,0,2,2
12205,0,1,1
1932,5,2,7
12202,0,2,2
1929,4,6,10
4217,0,2,2
8910,7,9,16
4841,2,3,5
2586,6,5,11
458,15,1,16
455,6,1,7
449,4,1,5
6045,2,4,6
4544,4,4,8
459,5,2,7
451,8,2,10
7338,1,4,5
4766,6,4,10
3034,0,1,1
2680,3,3,6
1276,1,5,6
11450,13,18,31
1177,15,14,29
9674,2,11,13
4616,7,11,18
3655,4,5,9
3438,16,14,30
3435,2,2,4
1371,16,10,26
536,17,3,20
9763,0,2,2
9761,0,2,2
9627,2,7,9
4390,3,3,6
9477,0,2,2
9232,0,2,2
4081,1,10,11
9168,0,3,3
9113,2,2,4
8326,1,3,4
8275,0,2,2
8246,0,2,2
8193,0,2,2
8107,2,14,16
8103,0,2,2
8101,0,2,2
8023,0,2,2
7815,1,2,3
7763,0,2,2
7728,1,3,4
7727,0,2,2
7631,2,4,6
7630,0,2,2
7628,0,2,2
7626,3,7,10
2439,2,1,3
7526,5,10,15
12448,0,1,1
2175,12,21,33
7361,0,3,3
6653,1,2,3
1563,19,11,30
6650,1,4,5
669,9,1,10
10942,0,2,2
5756,0,2,2
652,2,1,3
5739,7,2,9
642,5,3,8
10915,0,1,1
5729,2,7,9
619,0,1,1
10892,1,1,2
5706,2,4,6
593,1,1,2
5680,4,3,7
502,0,1,1
5589,0,3,3
10117,0,2,2
5030,0,2,2
4926,5,2,7
4434,1,2,3
4240,0,2,2
4207,1,3,4
9247,0,2,2
4160,1,3,4
4159,3,4,7
4158,0,2,2
4156,1,2,3
4151,6,2,8
4150,1,3,4
4148,0,2,2
9234,0,1,1
4147,1,3,4
3782,2,3,5
3781,2,5,7
3664,3,3,6
3281,4,3,7
3252,32,24,56
3216,0,2,2
3213,4,4,8
8280,15,2,17
3193,6,4,10
2726,6,7,13
2724,11,10,21
2722,15,7,22
2719,16,4,20
2644,4,2,6
2612,2,3,5
2605,8,2,10
2587,5,5,10
2530,6,3,9
2517,7,3,10
2433,6,2,8
2396,5,4,9
2384,0,2,2
2207,6,4,10
12480,0,1,1
2108,1,3,4
12381,0,1,1
2099,7,4,11
12372,0,1,1
2098,0,2,2
12371,0,1,1
2095,6,3,9
12368,0,1,1
1642,32,9,41
11915,6,41,47
1640,0,3,3
1639,4,3,7
1638,7,4,11
6719,0,2,2
1632,0,3,3
1631,4,3,7
1154,8,2,10
11427,0,2,2
1150,16,2,18
11423,2,5,7
1088,8,4,12
456,22,4,26
8244,2,14,16
6769,7,11,18
6695,2,11,13
1901,9,2,11
12174,0,2,2
441,83,1,84
10714,0,2,2
438,16,1,17
435,6,1,7
434,11,0,11
1672,10,4,14
11846,20,26,46
1573,2,1,3
3970,2,4,6
9057,2,8,10
8940,1,11,12
8930,2,3,5
8853,3,6,9
8814,1,10,11
8796,3,10,13
8743,4,11,15
8643,1,8,9
8614,1,16,17
8556,6,6,12
8554,1,7,8
3398,4,4,8
8485,2,4,6
3366,1,1,2
8453,1,2,3
8442,2,4,6
8412,3,9,12
6924,3,6,9
6911,3,5,8
574,0,1,1
5661,10,5,15
4817,7,11,18
4779,9,12,21
3750,3,11,14
3629,16,13,29
3487,7,7,14
960,17,5,22
11233,4,25,29
432,1,0,1
3710,6,7,13
3412,2,1,3
425,10,1,11
8258,0,1,1
9623,0,2,2
4536,6,11,17
4347,2,3,5
9818,0,2,2
11468,0,1,1
1195,16,10,26
9650,0,3,3
8465,2,4,6
2381,16,8,24
7468,0,3,3
586,3,1,4
5673,1,4,5
5076,1,4,5
2627,8,7,15
426,9,2,11
9413,1,30,31
3890,11,19,30
3154,8,7,15
8559,6,15,21
1999,5,5,10
1530,8,5,13
2201,2,3,5
12474,0,1,1
412,24,1,25
10685,0,2,2
4172,4,18,22
1479,7,9,16
1379,0,1,1
3272,1,2,3
686,0,1,1
10860,0,2,2
587,20,11,31
3702,1,2,3
3595,8,4,12
3273,0,2,2
2320,9,3,12
11014,0,11,11
741,8,5,13
9547,2,15,17
9187,3,10,13
8325,1,10,11
7794,0,12,12
7762,3,11,14
7434,5,5,10
1659,8,12,20
6746,1,11,12
6097,5,10,15
527,2,1,3
5614,0,6,6
5080,2,8,10
4629,3,3,6
4444,15,9,24
4193,4,4,8
3464,1,3,4
3287,3,16,19
3212,7,10,17
4569,0,4,4
5754,4,2,6
667,15,1,16
10940,11,28,39
12550,0,5,5
2277,12,7,19
12329,0,1,1
2056,6,5,11
2148,0,1,1
12421,1,6,7
12322,0,1,1
2049,14,10,24
2146,4,3,7
12419,0,3,3
12320,0,1,1
2047,17,14,31
9368,0,2,2
2554,4,4,8
7641,0,2,2
3206,7,5,12
2023,5,9,14
12296,0,1,1
2020,5,3,8
12293,0,1,1
10575,0,1,1
302,1,1,2
401,3,1,4
10674,0,2,2
10574,0,1,1
301,12,1,13
400,1,1,2
10673,0,1,1
5483,2,8,10
10570,0,2,2
297,34,4,38
396,8,1,9
10669,0,7,7
9371,8,7,15
2493,4,9,13
2492,7,8,15
1591,7,8,15
1582,7,7,14
2063,7,2,9
12336,0,1,1
980,6,7,13
11253,0,1,1
9971,5,6,11
9448,2,2,4
8558,2,13,15
2469,13,6,19
2038,6,6,12
976,13,3,16
11249,0,1,1
2021,1,8,9
12294,0,1,1
3357,7,7,14
3805,7,5,12
643,6,3,9
10916,0,1,1
10566,0,1,1
293,13,1,14
392,7,1,8
10665,0,1,1
10565,0,1,1
292,9,1,10
391,16,1,17
10664,0,1,1
10564,0,1,1
291,6,1,7
390,3,1,4
10663,0,1,1
10563,0,1,1
290,16,2,18
389,2,1,3
10662,0,1,1
10562,0,1,1
289,2,1,3
388,1,1,2
10661,0,1,1
10558,0,1,1
285,6,1,7
384,3,1,4
10657,0,1,1
1470,18,8,26
12344,0,1,1
2071,5,4,9
12342,0,2,2
2069,4,3,7
12341,0,2,2
2068,2,2,4
7251,0,2,2
12338,0,1,1
2065,5,1,6
12331,0,1,1
2058,0,2,2
9732,1,3,4
9731,1,3,4
9730,1,4,5
3246,17,10,27
8333,1,8,9
6987,2,6,8
4581,2,5,7
4300,1,2,3
4299,1,2,3
3535,3,4,7
3514,6,7,13
2904,1,2,3
2659,1,2,3
2067,3,6,9
12340,0,2,2
9309,0,1,1
9251,4,11,15
6172,1,10,11
3203,17,3,20
2862,4,9,13
2017,6,14,20
12290,0,1,1
2014,15,19,34
12287,0,1,1
6637,0,2,2
1550,11,6,17
943,18,5,23
5555,1,3,4
468,24,2,26
6060,1,6,7
2979,3,13,16
832,16,3,19
9744,1,34,35
3862,0,1,1
3861,0,4,4
3860,1,2,3
3859,3,13,16
3858,3,2,5
3814,2,25,27
3788,9,11,20
3678,3,5,8
3541,9,19,28
3513,3,7,10
2900,6,6,12
7105,3,4,7
2018,6,5,11
12291,0,1,1
1380,14,5,19
1313,5,4,9
847,19,10,29
845,26,5,31
11118,0,2,2
838,23,8,31
11111,0,1,1
607,26,4,30
10880,0,2,2
1735,41,13,54
10086,0,1,1
4999,2,13,15
4597,0,14,14
4596,6,14,20
9175,3,5,8
4088,5,7,12
3863,6,7,13
2105,8,15,23
12378,0,1,1
1484,14,10,24
6106,0,2,2
844,14,9,23
836,34,6,40
11109,0,1,1
7017,1,3,4
5974,5,7,12
4920,2,1,3
3584,8,9,17
1674,7,4,11
1667,12,5,17
10555,0,1,1
282,1,2,3
5468,4,5,9
381,27,3,30
10654,0,1,1
10554,0,1,1
281,4,1,5
380,1,1,2
10653,0,1,1
10553,0,1,1
280,1,2,3
379,0,2,2
10546,0,1,1
273,21,2,23
372,3,1,4
10645,7,8,15
10542,0,1,1
269,9,7,16
368,11,1,12
10540,0,3,3
267,8,1,9
366,16,0,16
10639,0,2,2
9836,0,4,4
9485,0,8,8
3779,2,2,4
2995,4,2,6
2681,2,2,4
9098,0,1,1
9097,0,1,1
9096,0,1,1
6679,0,2,2
10557,2,2,4
284,24,2,26
383,7,1,8
10656,1,1,2
5470,4,5,9
4409,1,2,3
981,6,3,9
11254,0,1,1
765,3,2,5
5703,6,6,12
616,2,2,4
10889,0,1,1
9115,8,15,23
4028,0,1,1
3347,3,5,8
6105,0,1,1
1018,7,2,9
8179,0,5,5
678,31,3,34
10951,0,2,2
5765,3,1,4
4008,5,16,21
3605,4,10,14
3548,2,10,12
6800,3,7,10
2402,2,6,8
2696,0,1,1
2692,0,1,1
2691,1,3,4
7402,1,5,6
2315,12,6,18
5045,1,5,6
3086,0,1,1
477,21,3,24
476,5,3,8
9858,1,6,7
498,8,2,10
5585,1,6,7
4049,6,6,12
2316,13,15,28
651,24,4,28
8586,3,2,5
7882,2,6,8
4923,6,9,15
4007,7,7,14
3204,9,3,12
12343,0,1,1
2070,10,14,24
9510,1,11,12
4494,1,1,2
2689,2,4,6
6012,0,2,2
925,14,4,18
11198,0,1,1
5973,0,2,2
10537,0,1,1
264,51,4,55
363,2,1,3
10534,0,1,1
261,82,5,87
360,2,2,4
9791,0,1,1
9790,0,1,1
9789,0,1,1
9788,0,1,1
421,5,3,8
8690,3,11,14
8653,10,4,14
3566,4,3,7
3565,1,1,2
3564,5,3,8
3563,1,1,2
415,5,3,8
11359,2,11,13
1086,2,1,3
9226,4,17,21
3323,6,10,16
12536,0,1,1
2263,0,1,1
2362,13,7,20
4343,4,1,5
9430,2,11,13
9256,6,7,13
4792,0,2,2
4716,3,10,13
9801,3,6,9
4714,10,11,21
9691,4,3,7
4604,4,13,17
8881,0,2,2
3794,10,13,23
3792,3,8,11
3673,18,16,34
3109,3,3,6
2818,10,4,14
2480,10,10,20
2475,17,12,29
1548,28,3,31
7441,1,3,4
2354,10,10,20
9718,1,5,6
3265,5,3,8
3264,0,1,1
2025,3,2,5
12298,0,1,1
1134,2,2,4
1128,23,6,29
11401,0,19,19
6200,3,11,14
1113,10,2,12
11386,0,2,2
850,7,2,9
4155,1,3,4
9242,1,13,14
4705,7,10,17
4608,7,7,14
4290,5,15,20
7435,0,2,2
2348,14,5,19
12441,0,1,1
2168,1,1,2
1450,7,3,10
11309,3,44,47
1036,4,1,5
1135,1,2,3
763,4,3,7
11036,6,10,16
2911,5,4,9
2910,2,3,5
7996,1,2,3
2909,4,6,10
2907,2,3,5
1145,0,3,3
11418,0,1,1
1142,3,3,6
1137,4,2,6
11410,1,5,6
855,18,3,21
11083,1,25,26
810,23,14,37
4567,5,12,17
9654,6,14,20
4476,0,2,2
9563,2,6,8
6204,3,11,14
1083,15,3,18
6170,4,12,16
10560,0,1,1
287,38,2,40
386,2,1,3
10659,0,1,1
5473,6,9,15
4895,0,10,10
4887,6,5,11
4318,2,7,9
3820,4,7,11
3597,8,14,22
3284,13,17,30
3253,14,24,38
1368,4,3,7
11641,0,2,2
1291,10,13,23
11564,0,1,1
1280,48,11,59
1106,9,4,13
1103,12,4,16
1070,8,7,15
10573,0,1,1
300,21,3,24
399,15,7,22
10672,1,5,6
9699,0,6,6
4890,1,8,9
9705,0,13,13
9529,5,10,15
8267,4,13,17
7459,0,1,1
7458,0,1,1
10576,0,1,1
303,17,3,20
402,19,8,27
10675,0,1,1
564,15,4,19
9148,1,7,8
648,13,1,14
10921,7,25,32
5735,1,8,9
4959,4,9,13
4502,16,29,45
4492,3,4,7
3816,3,8,11
3377,6,9,15
3266,8,12,20
3196,5,8,13
2411,8,13,21
6845,1,3,4
1758,2,5,7
1207,2,4,6
2486,1,1,2
7573,0,2,2
2484,3,2,5
7571,1,1,2
2483,5,10,15
7570,0,1,1
6167,0,2,2
1641,7,4,11
11914,0,3,3
6728,1,3,4
4803,2,2,4
3968,19,7,26
7314,1,1,2
7313,0,2,2
11540,11,8,19
1267,1,1,2
8261,0,10,10
7379,2,13,15
8024,0,15,15
3641,6,5,11
8324,0,7,7
2565,10,6,16
4223,2,5,7
9310,1,5,6
4585,0,1,1
1204,18,7,25
9554,0,1,1
4466,3,2,5
9553,0,2,2
6973,13,5,18
3537,7,6,13
2655,1,2,3
11156,3,40,43
883,8,2,10
1359,9,4,13
11632,0,1,1
6446,1,13,14
5999,3,5,8
478,3,3,6
5565,4,5,9
2245,5,7,12
12169,3,4,7
1896,21,5,26
1995,3,3,6
3835,18,10,28
295,7,1,8
10568,0,1,1
4917,1,2,3
10004,9,18,27
8473,3,6,9
7611,6,9,15
7151,6,2,8
923,0,3,3
11196,0,1,1
6010,4,23,27
447,13,2,15
10165,2,8,10
10039,4,7,11
4725,29,19,48
3339,8,9,17
10459,0,1,1
186,12,6,18
9392,1,18,19
5966,6,6,12
394,16,3,19
10667,1,2,3
9967,4,9,13
8523,18,16,34
4373,1,2,3
4372,3,5,8
3470,11,4,15
2965,7,6,13
1859,15,11,26
9947,3,5,8
9620,1,1,2
9619,0,1,1
2291,1,3,4
7378,3,9,12
3715,16,10,26
1039,4,1,5
1035,1,1,2
1034,2,1,3
1032,0,1,1
11305,3,22,25
1028,6,2,8
910,7,3,10
647,2,2,4
278,0,2,2
10551,0,1,1
10451,1,16,17
178,26,4,30
277,0,1,1
10550,0,2,2
5363,1,4,5
10450,0,7,7
177,27,6,33
276,6,2,8
10549,0,2,2
4356,6,4,10
1891,2,3,5
12164,4,1,5
7527,3,2,5
2440,3,3,6
922,17,3,20
11195,0,2,2
807,3,3,6
11080,0,1,1
9338,1,14,15
8701,2,12,14
8204,4,13,17
6535,11,15,26
9626,0,4,4
4539,3,12,15
4120,7,17,24
4119,9,9,18
2325,11,6,17
7560,2,13,15
6956,1,17,18
3660,2,14,16
2925,43,28,71
2119,11,7,18
12392,0,1,1
802,26,5,31
9559,0,1,1
4820,5,4,9
4515,3,3,6
3205,6,7,13
1759,0,3,3
12032,8,3,11
11335,0,9,9
1062,27,13,40
6182,1,3,4
11269,2,19,21
996,7,3,10
9782,1,7,8
9483,0,10,10
9154,1,22,23
7738,5,27,32
7734,6,17,23
1502,12,2,14
11775,0,1,1
6589,9,14,23
967,14,6,20
11240,0,1,1
6054,3,19,22
10552,0,1,1
279,14,2,16
378,1,1,2
10651,0,2,2
5465,3,13,16
10147,0,2,2
5060,4,16,20
10143,0,1,1
5056,8,13,21
4516,3,17,20
4133,3,19,22
3920,0,9,9
8962,5,12,17
3875,8,13,21
3868,9,12,21
3827,4,8,12
3819,10,9,19
3370,3,13,16
8189,18,19,37
3102,4,12,16
2812,6,19,25
2236,43,37,80
12509,0,1,1
1806,4,11,15
1790,20,10,30
6874,10,18,28
1787,14,8,22
12060,3,3,6
1719,28,11,39
1618,9,12,21
1617,24,10,34
1583,13,7,20
1356,10,4,14
11629,0,2,2
1002,21,6,27
994,15,8,23
11267,0,1,1
6077,2,23,25
990,11,6,17
11263,0,1,1
10984,0,3,3
711,5,1,6
803,10,10,20
5880,5,8,13
793,82,3,85
11066,0,1,1
789,29,11,40
11062,0,1,1
11136,3,22,25
863,0,1,1
407,7,1,8
10680,1,1,2
10581,48,13,61
308,28,5,33
4465,2,3,5
9552,0,3,3
8873,2,7,9
8602,3,9,12
7761,4,9,13
7643,9,25,34
7503,5,8,13
6883,5,5,10
6374,7,8,15
1166,6,4,10
11439,0,10,10
6253,3,14,17
786,1,1,2
11059,0,1,1
5873,2,2,4
532,0,1,1
5619,2,5,7
5028,0,6,6
4393,4,10,14
3996,9,8,17
3502,15,9,24
3094,7,5,12
2957,7,10,17
2723,5,5,10
2476,12,8,20
937,35,4,39
9617,3,10,13
8001,1,16,17
795,52,5,57
11068,0,1,1
5882,3,11,14
2617,6,5,11
5995,5,11,16
4364,6,14,20
8956,6,9,15
3869,8,22,30
2815,83,76,159
2441,3,14,17
1797,22,13,35
12070,12,7,19
798,25,8,33
268,4,2,6
10541,0,1,1
265,46,2,48
10538,0,1,1
5343,10,3,13
256,14,0,14
10529,1,1,2
6534,3,3,6
1447,3,2,5
11720,2,8,10
11621,2,20,22
1348,7,12,19
9504,1,12,13
3594,11,16,27
8681,2,8,10
8190,3,10,13
7812,6,7,13
2430,1,2,3
7517,3,10,13
2414,8,14,22
7501,1,14,15
12433,0,1,1
2160,16,19,35
2259,5,2,7
12532,0,1,1
7346,1,7,8
784,1,2,3
11057,0,1,1
5871,3,16,19
783,4,1,5
11056,0,1,1
5870,2,8,10
5029,1,8,9
4939,21,27,48
4925,0,9,9
9738,0,11,11
4651,2,9,11
4650,8,14,22
4623,1,4,5
9240,0,12,12
4153,9,10,19
4142,21,34,55
4034,3,11,14
9117,4,4,8
4030,9,12,21
3821,5,24,29
3780,6,16,22
3291,4,16,20
3277,6,3,9
3275,1,4,5
3116,4,18,22
2426,17,7,24
2100,8,6,14
12373,0,1,1
2061,19,11,30
12334,0,2,2
6717,1,4,5
1630,14,8,22
1445,7,17,24
1381,18,8,26
1321,12,13,25
1198,7,6,13
11471,0,1,1
1136,10,5,15
1071,2,3,5
761,5,6,11
446,4,4,8
4774,3,8,11
4649,0,2,2
4504,0,4,4
4345,0,2,2
3494,1,2,3
3391,4,4,8
255,2,1,3
10528,0,1,1
254,9,1,10
10527,0,2,2
253,3,1,4
10526,0,2,2
2310,1,3,4
2309,0,3,3
591,17,2,19
9886,4,11,15
6876,3,15,18
6875,9,21,30
9874,1,9,10
4787,1,8,9
1473,15,5,20
11746,0,1,1
11647,10,14,24
1374,6,6,12
1721,5,5,10
6808,2,17,19
6209,10,18,28
2526,11,9,20
2005,8,17,25
466,7,1,8
10640,4,5,9
367,28,2,30
8976,5,25,30
1001,22,11,33
6088,0,2,2
4678,9,14,23
4182,7,8,15
4176,13,11,24
2619,6,9,15
2001,14,11,25
1998,17,10,27
1695,2,6,8
270,18,3,21
10543,0,1,1
3030,3,8,11
1364,17,6,23
5048,0,1,1
5047,0,1,1
3430,8,8,16
8517,3,20,23
8221,1,8,9
3134,9,17,26
10417,3,7,10
144,131,11,142
5330,0,1,1
243,1,2,3
10516,0,2,2
1369,4,2,6
11642,1,6,7
234,5,1,6
10507,0,1,1
233,1,1,2
10506,0,2,2
10405,4,1,5
132,69,5,74
231,2,1,3
10504,1,1,2
5910,6,6,12
823,1,2,3
2828,10,5,15
8861,9,4,13
3840,3,11,14
8927,0,13,13
4523,8,12,20
11697,0,3,3
1424,0,2,2
1523,23,7,30
11796,0,1,1
940,35,6,41
7213,8,12,20
1120,19,4,23
11393,0,2,2
6899,3,10,13
11412,1,1,2
1139,22,15,37
6325,12,7,19
5993,2,3,5
906,7,4,11
12051,5,10,15
1778,2,1,3
3898,2,2,4
824,5,3,8
11781,4,25,29
1508,0,2,2
8776,0,24,24
8775,3,11,14
4083,3,15,18
4053,2,11,13
3978,2,6,8
1643,1,2,3
11817,7,18,25
1544,1,1,2
9987,6,17,23
1780,6,1,7
559,14,5,19
11432,2,10,12
1159,5,2,7
8642,0,2,2
8215,0,2,2
2695,13,7,20
7782,0,2,2
12303,14,21,35
2030,13,8,21
7216,1,3,4
2128,8,22,30
12401,0,1,1
7215,1,2,3
9560,0,2,2
4473,1,3,4
4214,1,3,4
3305,7,5,12
7512,0,2,2
2425,1,3,4
1118,3,2,5
11391,0,1,1
5700,1,3,4
613,30,7,37
10886,1,1,2
5329,1,1,2
242,25,3,28
10515,0,1,1
235,5,2,7
10508,0,2,2
9690,0,4,4
4054,2,3,5
1969,5,5,10
12242,0,1,1
1957,10,6,16
12230,0,1,1
11282,2,17,19
1009,13,12,25
6195,2,1,3
4524,15,19,34
2835,19,16,35
12141,0,1,1
1868,14,15,29
1967,8,10,18
12138,0,1,1
1865,6,6,12
1964,20,17,37
12237,0,1,1
1516,17,8,25
11955,5,23,28
1682,7,3,10
8611,2,11,13
3791,6,17,23
1615,16,6,22
818,7,6,13
359,26,2,28
10533,0,1,1
260,20,2,22
348,16,1,17
10522,0,1,1
249,136,6,142
347,1,1,2
10521,0,1,1
248,16,1,17
340,1,1,2
10514,0,1,1
241,9,1,10
339,12,1,13
10513,0,1,1
240,54,8,62
338,4,1,5
10512,0,1,1
239,0,1,1
5423,0,2,2
336,30,1,31
10510,0,1,1
237,16,5,21
335,9,0,9
10509,3,1,4
236,14,2,16
5421,0,2,2
334,37,6,43
333,23,5,28
5420,5,14,19
332,22,4,26
331,43,4,47
10505,0,1,1
232,7,7,14
329,61,1,62
10503,0,1,1
230,13,3,16
327,15,2,17
10501,0,1,1
228,11,9,20
5412,7,13,20
325,7,1,8
10598,0,2,2
10499,0,1,1
226,18,3,21
322,0,1,1
5409,1,1,2
10496,0,1,1
223,51,5,56
321,0,1,1
5408,0,1,1
10495,0,1,1
222,0,1,1
319,8,0,8
10493,1,1,2
220,2,1,3
310,4,1,5
10484,0,2,2
211,25,2,27
10475,0,1,1
202,27,0,27
299,8,1,9
10572,0,1,1
10473,1,1,2
200,49,3,52
4850,6,9,15
9937,0,2,2
9884,0,4,4
9767,0,2,2
3921,1,2,3
9008,1,2,3
3919,6,3,9
9006,0,2,2
8496,1,2,3
8320,2,2,4
8310,0,2,2
8306,2,2,4
3210,1,10,11
8297,2,3,5
8201,5,11,16
3080,7,4,11
8167,2,5,7
8156,1,2,3
8088,2,4,6
8057,0,3,3
7956,0,2,2
7942,1,13,14
7790,1,2,3
2693,0,1,1
7780,3,6,9
7754,0,2,2
2642,3,9,12
7729,4,18,22
7622,1,7,8
2527,9,7,16
7614,2,2,4
2496,9,15,24
7583,8,10,18
7547,2,3,5
7545,4,2,6
7543,2,3,5
7539,0,2,2
7536,1,3,4
2445,7,3,10
7532,1,5,6
7495,3,3,6
7487,0,4,4
2344,3,4,7
7431,3,2,5
7310,0,2,2
7268,1,2,3
12345,0,1,1
2072,35,22,57
7258,1,4,5
12323,0,1,1
2050,12,19,31
2149,5,4,9
7236,4,3,7
12249,0,1,1
1976,13,4,17
7162,1,2,3
12207,0,2,2
1934,2,2,4
7120,2,2,4
6826,3,5,8
6795,0,2,2
6794,6,5,11
6757,2,2,4
6737,0,2,2
6686,5,4,9
6644,1,2,3
11698,0,3,3
1425,6,3,9
6611,12,5,17
1492,1,2,3
6579,2,2,4
1491,3,4,7
11764,2,24,26
6578,3,3,6
6568,0,2,2
6561,3,14,17
6552,1,3,4
6498,1,2,3
6495,1,4,5
1386,9,9,18
6473,1,2,3
11552,2,19,21
1279,1,1,2
6465,6,5,11
6464,1,6,7
6445,4,3,7
11527,8,7,15
1254,9,5,14
1353,7,3,10
11626,0,1,1
6440,0,2,2
1335,4,4,8
11608,0,1,1
6422,0,3,3
11497,1,8,9
1224,16,14,30
6410,6,5,11
6406,0,2,2
1277,23,11,34
6364,1,2,3
1263,13,2,15
11536,2,7,9
6350,4,5,9
6344,3,5,8
1244,15,5,20
6331,5,2,7
6322,5,8,13
1140,1,3,4
6227,5,7,12
1069,4,2,6
6156,1,2,3
622,5,1,6
10895,0,1,1
5709,0,4,4
10477,0,1,1
204,0,1,1
5390,5,5,10
10433,3,11,14
160,8,3,11
259,8,1,9
10532,0,3,3
5346,0,2,2
4913,5,3,8
4871,7,3,10
4835,3,3,6
4595,2,3,5
4592,5,2,7
4493,0,2,2
4475,18,2,20
4407,6,2,8
4354,4,2,6
9358,0,11,11
4271,1,3,4
4213,2,4,6
4174,3,3,6
4168,9,4,13
4005,5,2,7
3966,6,4,10
3910,7,2,9
3697,0,2,2
3695,0,4,4
8780,0,4,4
3693,0,2,2
3652,0,3,3
8729,7,5,12
3642,21,5,26
3622,7,4,11
3553,7,2,9
3528,2,2,4
3458,11,5,16
3420,4,2,6
3228,4,5,9
3039,1,6,7
8110,8,19,27
3023,2,2,4
3011,7,3,10
7896,1,16,17
2809,3,2,5
2622,1,3,4
2482,9,6,15
7507,0,2,2
2420,10,2,12
2419,9,4,13
2248,18,2,20
12265,0,1,1
1992,3,1,4
2091,2,2,4
12364,0,1,1
12260,0,1,1
1987,5,5,10
2086,21,2,23
2006,12,5,17
2002,11,4,15
1849,24,3,27
1798,23,9,32
1772,15,3,18
12045,3,3,6
1768,11,5,16
12041,1,10,11
1767,11,3,14
6778,11,14,25
1691,12,9,21
1571,26,3,29
6600,0,2,2
1513,2,2,4
1500,38,14,52
11773,0,4,4
1494,5,6,11
11767,0,2,2
11505,15,12,27
1232,0,3,3
1331,2,2,4
11604,0,1,1
1175,5,3,8
11448,0,2,2
1173,4,2,6
11446,0,2,2
1169,31,5,36
11069,0,1,1
796,29,14,43
895,6,2,8
11168,0,2,2
787,35,8,43
11060,0,1,1
5712,3,11,14
625,26,2,28
10898,0,1,1
5697,8,5,13
610,5,3,8
10883,0,1,1
605,3,2,5
10878,0,1,1
579,10,2,12
573,22,4,26
5608,13,18,31
521,52,6,58
431,6,2,8
5503,3,12,15
416,9,6,15
10489,0,1,1
216,33,4,37
315,10,2,12
10483,0,1,1
210,9,1,10
309,13,2,15
10453,1,4,5
180,0,1,1
5366,2,14,16
5314,1,3,4
227,0,1,1
10500,0,2,2
5308,3,15,18
221,4,1,5
10494,0,2,2
10394,1,11,12
121,21,5,26
219,16,1,17
10492,0,5,5
5305,1,4,5
218,11,3,14
10491,0,1,1
215,7,1,8
10488,0,1,1
10388,5,18,23
115,25,6,31
214,1,1,2
10487,1,1,2
212,3,2,5
10485,0,1,1
209,0,2,2
10482,0,1,1
10380,0,5,5
107,291,18,309
5293,4,4,8
206,30,1,31
10479,0,1,1
9568,0,1,1
8298,3,6,9
3211,4,6,10
12321,0,1,1
2048,8,11,19
2147,5,4,9
12420,0,3,3
5081,8,11,19
10168,8,13,21
9660,3,9,12
9331,0,3,3
9321,1,8,9
9320,1,2,3
4962,0,7,7
3444,1,4,5
2397,26,5,31
2394,18,11,29
12443,0,1,1
2170,8,3,11
7356,0,2,2
2109,16,6,22
12382,0,1,1
2096,15,6,21
12369,0,1,1
10933,1,2,3
660,7,2,9
759,9,6,15
3630,10,6,16
8717,5,10,15
7619,6,26,32
1792,21,11,32
6879,13,8,21
7662,10,21,31
3598,5,9,14
8685,47,76,123
2055,6,15,21
12328,0,1,1
7142,6,4,10
583,23,3,26
4408,0,3,3
3509,3,10,13
3076,6,18,24
2843,6,4,10
7781,0,2,2
2694,0,4,4
6293,2,6,8
1206,0,2,2
1205,8,9,17
10524,0,1,1
251,1,1,2
350,55,3,58
3308,3,16,19
10372,3,10,13
99,19,4,23
198,0,1,1
10471,0,2,2
197,55,2,57
5282,9,6,15
10369,3,5,8
96,15,3,18
195,32,1,33
10468,2,4,6
5280,11,6,17
10367,1,7,8
94,37,3,40
193,14,1,15
10466,1,12,13
4447,1,2,3
4446,0,2,2
4445,1,1,2
1915,0,1,1
12188,0,2,2
1913,0,1,1
12186,0,1,1
12085,0,4,4
1812,1,2,3
1911,9,4,13
12184,0,1,1
1720,11,11,22
6807,0,1,1
1914,0,4,4
12187,0,1,1
8236,2,9,11
12544,0,1,1
2271,1,1,2
7457,1,10,11
7304,4,12,16
4869,10,4,14
7803,0,3,3
2716,8,15,23
2711,4,14,18
7807,5,12,17
2773,7,11,18
2613,10,18,28
1664,12,9,21
890,16,3,19
11163,0,2,2
1391,5,1,6
11664,8,22,30
6478,8,5,13
6349,0,2,2
4287,6,19,25
9303,1,15,16
7433,8,19,27
637,13,5,18
10910,0,1,1
5724,1,11,12
10634,5,9,14
361,46,13,59
460,7,1,8
5547,0,4,4
436,4,1,5
5523,11,9,20
8335,1,4,5
7621,3,16,19
7609,0,5,5
7546,10,26,36
7410,9,14,23
7303,0,2,2
6871,1,4,5
4474,9,11,20
1923,7,8,15
12196,0,1,1
188,13,3,16
10461,2,3,5
1894,7,7,14
440,22,2,24
5527,8,9,17
3317,8,10,18
2293,9,8,17
7928,4,8,12
661,5,1,6
10934,1,12,13
5748,0,2,2
6849,0,2,2
1762,12,6,18
10425,2,12,14
152,54,5,59
165,9,1,10
10438,4,9,13
164,2,1,3
10437,0,7,7
199,3,0,3
10472,0,2,2
10373,1,18,19
100,52,4,56
7720,2,13,15
3463,1,6,7
8224,1,8,9
3137,0,2,2
2009,11,4,15
6577,4,4,8
1490,12,5,17
1320,41,3,44
9406,0,1,1
3177,9,28,37
12150,0,1,1
1877,4,3,7
3504,8,15,23
7879,1,13,14
6022,2,7,9
935,2,3,5
4095,6,18,24
3164,1,3,4
3129,2,9,11
2463,8,4,12
633,12,10,22
10906,0,1,1
1933,12,3,15
12206,0,1,1
9717,1,13,14
7383,1,10,11
4578,9,7,16
4129,0,1,1
3071,8,11,19
968,38,8,46
11241,0,1,1
5770,6,8,14
683,18,2,20
2578,7,10,17
2576,2,9,11
939,10,9,19
161,11,5,16
10434,0,3,3
10334,1,8,9
61,212,3,215
2026,6,8,14
12299,0,1,1
3562,17,7,24
1799,16,6,22
5674,1,1,2
3731,1,1,2
8818,0,13,13
3274,0,2,2
8361,5,11,16
6103,1,9,10
975,16,7,23
11248,0,1,1
6062,1,10,11
857,19,5,24
5944,3,14,17
4250,1,7,8
3904,9,22,31
8986,1,2,3
3899,10,17,27
3517,5,4,9
2941,10,4,14
2844,6,3,9
2514,5,3,8
2060,11,5,16
12333,0,2,2
1529,26,9,35
953,10,2,12
811,12,10,22
262,117,3,120
10535,0,1,1
10415,1,9,10
142,16,8,24
5328,3,1,4
8781,9,4,13
4215,4,2,6
8847,5,10,15
3760,4,10,14
2518,12,14,26
1168,13,1,14
168,5,1,6
10342,5,17,22
69,69,1,70
8929,0,17,17
3789,5,10,15
8876,23,53,76
8791,2,6,8
8748,1,7,8
8625,4,15,19
8566,4,11,15
8549,7,12,19
8510,1,13,14
3408,5,9,14
8495,4,17,21
3368,4,3,7
8455,3,9,12
8407,8,20,28
8399,2,5,7
3263,8,12,20
8350,5,3,8
1942,7,3,10
12215,0,1,1
7029,3,7,10
6953,0,7,7
1860,14,2,16
6947,7,17,24
530,9,1,10
5617,1,6,7
10375,4,18,22
102,33,3,36
201,23,1,24
10474,0,1,1
5288,4,5,9
4837,3,16,19
4471,5,12,17
4276,4,2,6
3803,2,6,8
3244,10,9,19
7401,2,9,11
2314,2,7,9
1526,24,9,33
11799,0,1,1
1525,32,7,39
11798,0,1,1
1233,11,7,18
663,13,3,16
10936,3,2,5
5747,0,1,1
1148,10,2,12
6235,5,12,17
3961,0,2,2
3960,1,3,4
3958,3,1,4
3957,0,6,6
3955,2,3,5
3954,4,1,5
3953,0,1,1
3952,29,20,49
3951,1,4,5
3950,10,8,18
3948,1,3,4
3947,15,30,45
3945,1,7,8
3943,0,1,1
3942,1,1,2
3941,0,2,2
3939,3,3,6
3938,2,1,3
3937,0,2,2
3935,0,2,2
3933,0,1,1
3932,1,1,2
3930,4,3,7
3929,0,2,2
3928,1,2,3
3926,1,2,3
9012,7,9,16
3925,0,1,1
3924,0,1,1
9010,0,14,14
3923,0,1,1
9009,0,2,2
3922,0,3,3
3749,2,4,6
3638,5,5,10
3612,4,5,9
3093,2,5,7
2679,0,2,2
2678,0,2,2
2672,5,3,8
7758,3,8,11
2671,4,4,8
2663,7,6,13
2662,4,4,8
2661,5,7,12
2658,5,3,8
2657,1,4,5
111,28,3,31
9539,7,21,28
105,24,5,29
4819,4,13,17
7549,2,6,8
2462,10,6,16
5190,0,2,2
103,8,3,11
5187,1,3,4
92,20,3,23
4433,7,7,14
9520,1,14,15
5178,6,6,12
91,46,2,48
88,49,2,51
10361,1,13,14
1699,9,3,12
11873,5,26,31
1600,4,2,6
7462,3,6,9
12549,0,6,6
2276,2,1,3
764,25,17,42
11682,8,21,29
1409,0,2,2
12428,0,1,1
2155,3,1,4
7341,1,2,3
2254,13,6,19
1961,20,13,33
12234,2,3,5
5992,3,1,4
905,20,11,31
93,11,4,15
9894,3,13,16
4807,16,14,30
10074,0,14,14
10447,2,37,39
174,36,7,43
5360,4,24,28
3946,7,1,8
9033,7,17,24
8750,7,22,29
3336,8,2,10
8423,10,13,23
6439,2,2,4
1352,6,5,11
11625,0,1,1
3217,1,3,4
8304,20,88,108
1053,6,3,9
11326,0,1,1
8497,0,1,1
3410,3,2,5
7877,10,24,34
7670,3,7,10
7656,2,5,7
5672,0,1,1
585,10,3,13
10858,0,2,2
7534,2,10,12
463,11,3,14
2196,12,3,15
12469,0,1,1
7283,3,8,11
2513,10,10,20
4870,4,5,9
6909,8,23,31
4552,6,31,37
1703,13,8,21
6790,1,5,6
12250,0,1,1
1977,2,4,6
7163,3,21,24
2076,13,7,20
6632,4,10,14
1918,10,4,14
12191,0,1,1
1327,0,3,3
11600,1,32,33
6414,11,14,25
4057,4,17,21
6336,4,11,15
6323,14,3,17
3593,5,11,16
8680,4,8,12
719,0,1,1
10893,0,1,1
620,10,4,14
377,3,1,4
5464,0,2,2
750,35,10,45
11023,2,28,30
3107,9,5,14
3044,1,3,4
4236,15,24,39
3568,10,15,25
1211,1,3,4
11484,2,10,12
3081,12,18,30
8119,2,23,25
3032,14,13,27
675,19,5,24
10476,0,1,1
203,600,51,651
5389,5,13,18
3855,2,8,10
8942,9,28,37
1858,10,9,19
8675,5,25,30
821,10,2,12
10995,11,24,35
722,8,3,11
927,11,14,25
11200,0,1,1
575,22,3,25
2932,6,11,17
9933,1,7,8
414,44,11,55
272,22,3,25
10545,0,1,1
12430,0,1,1
2157,3,2,5
2256,6,12,18
12529,0,1,1
7343,2,2,4
10073,0,2,2
4986,10,10,20
213,7,5,12
10486,0,1,1
7918,0,1,1
1308,1,2,3
11581,10,32,42
3665,4,4,8
1850,10,5,15
6937,4,3,7
9915,1,14,15
9845,0,17,17
5504,0,2,2
417,8,11,19
9677,0,9,9
7320,43,68,111
9671,2,8,10
2600,4,11,15
4575,4,9,13
9662,1,14,15
9647,0,10,10
2203,3,2,5
12476,0,1,1
7290,3,13,16
9488,2,13,15
60,13,2,15
10333,0,3,3
3214,8,6,14
8301,4,7,11
1230,19,14,33
11503,0,13,13
9410,1,17,18
8317,9,14,23
7736,0,9,9
2446,3,6,9
7533,3,12,15
12247,0,1,1
1974,4,2,6
2340,8,4,12
7427,0,13,13
6251,1,13,14
11609,11,16,27
1336,2,3,5
1435,6,4,10
655,7,1,8
5742,4,22,26
8472,9,20,29
3385,12,10,22
590,0,1,1
5677,1,6,7
1793,18,14,32
6880,4,5,9
4662,5,13,18
6788,1,5,6
12248,0,1,1
1975,13,19,32
2074,7,17,24
4564,5,13,18
4103,3,26,29
6460,3,19,22
11174,2,41,43
901,11,11,22
4065,2,10,12
3795,5,15,20
11612,6,14,20
1339,3,3,6
1438,2,4,6
11711,2,7,9
3543,7,16,23
3296,2,12,14
3172,11,14,25
815,5,3,8
519,31,12,43
7590,7,22,29
9391,2,12,14
2737,4,9,13
64,9,2,11
10337,2,18,20
342,18,3,21
7777,5,13,18
2690,13,16,29
3053,15,10,25
8140,4,11,15
238,12,9,21
10511,1,7,8
2584,6,8,14
7295,0,13,13
2114,8,13,21
12387,0,1,1
6828,0,10,10
1770,20,8,28
7135,7,20,27
4405,9,8,17
12161,0,5,5
1888,1,1,2
6701,6,13,19
1953,33,27,60
12226,0,1,1
7018,0,2,2
1931,10,10,20
12204,0,2,2
1855,29,21,50
12128,0,1,1
6569,6,9,15
1819,16,13,29
6533,4,4,8
1766,14,7,21
6852,0,2,2
1765,16,11,27
62,693,16,709
10335,0,2,2
6675,0,2,2
1588,21,9,30
11016,4,31,35
743,6,1,7
8239,2,14,16
1585,29,11,40
6667,0,2,2
1580,16,7,23
1551,18,16,34
3626,10,6,16
1547,9,11,20
8848,0,4,4
3761,8,17,25
11578,0,11,11
1305,16,10,26
1404,3,3,6
1478,11,9,20
11751,0,1,1
1456,22,8,30
11729,0,1,1
710,5,1,6
10983,0,1,1
10884,0,1,1
611,10,10,20
1453,18,6,24
3810,37,10,47
707,7,1,8
10881,0,1,1
608,42,5,47
1357,34,11,45
11630,0,4,4
6071,8,21,29
1349,13,8,21
1099,35,15,50
3456,8,23,31
3447,7,6,13
3074,3,25,28
8161,0,6,6
5989,1,1,2
902,17,10,27
900,26,7,33
11173,0,1,1
7964,1,32,33
3250,12,16,28
11030,5,15,20
757,34,10,44
856,12,5,17
5940,13,4,17
853,22,9,31
5939,2,1,3
852,11,9,20
479,0,2,2
5566,2,6,8
3209,10,15,25
5746,1,1,2
659,15,5,20
5000,0,5,5
10087,1,27,28
10460,0,1,1
187,1,1,2
286,26,2,28
10559,0,1,1
5373,4,6,10
5491,0,2,2
10578,0,1,1
305,37,12,49
404,36,7,43
10677,0,1,1
375,99,6,105
7446,2,4,6
3700,7,20,27
1343,10,6,16
10547,0,1,1
274,11,8,19
373,56,6,62
7444,1,4,5
263,21,5,26
10536,0,2,2
159,34,12,46
10432,0,13,13
4873,8,12,20
10328,1,10,11
55,3,1,4
154,27,7,34
5239,1,12,13
7223,3,16,19
4866,10,21,31
7914,3,12,15
843,10,8,18
151,36,2,38
4865,12,24,36
150,17,1,18
10423,1,12,13
7221,0,6,6
76,22,4,26
10349,2,12,14
4790,3,15,18
75,49,3,52
10348,0,7,7
4789,2,17,19
73,34,4,38
3394,3,4,7
10465,0,15,15
192,57,6,63
1037,10,4,14
2285,4,11,15
5154,5,4,9
67,32,1,33
10340,1,12,13
8271,1,14,15
3557,23,21,44
7316,4,15,19
245,37,5,42
10518,0,1,1
2602,18,41,59
12262,0,1,1
1989,2,2,4
7175,5,11,16
12259,0,1,1
1986,7,12,19
2085,4,2,6
7172,8,10,18
4815,4,6,10
101,5,1,6
10374,1,2,3
1558,20,24,44
11831,0,30,30
3915,6,10,16
2016,15,8,23
12289,0,1,1
7103,5,11,16
32,8,1,9
10305,3,19,22
576,56,2,58
5663,10,15,25
3306,5,9,14
311,22,2,24
5398,3,9,12
2668,0,2,2
7755,4,13,17
8128,0,4,4
3041,4,4,8
1916,1,2,3
12189,0,2,2
1543,15,9,24
11816,0,1,1
6630,2,2,4
10330,1,8,9
57,57,3,60
156,21,8,29
5243,7,13,20
2886,0,13,13
4043,3,4,7
8159,4,3,7
3072,8,22,30
2699,19,11,30
7786,3,10,13
2894,6,13,19
2521,16,2,18
7608,4,15,19
2464,11,18,29
4448,2,3,5
9535,1,16,17
781,11,5,16
11054,0,1,1
609,30,8,38
10882,0,1,1
2966,13,6,19
4699,7,8,15
9786,0,3,3
5072,5,12,17
7429,0,3,3
2519,11,8,19
9590,2,3,5
4483,2,10,12
9570,3,7,10
9943,4,4,8
4856,4,7,11
5210,7,34,41
123,28,1,29
10396,0,1,1
816,0,1,1
10990,2,14,16
717,0,2,2
9881,1,4,5
7897,2,2,4
2810,7,2,9
6554,8,14,22
6553,0,4,4
1839,4,4,8
12112,0,4,4
9646,1,16,17
5861,5,12,17
774,34,4,38
3962,9,17,26
1821,10,14,24
5023,1,2,3
4411,6,17,23
6768,5,4,9
3302,3,8,11
945,7,4,11
11218,0,2,2
2247,9,7,16
2803,6,6,12
12264,0,1,1
1991,3,2,5
2090,7,7,14
12363,0,1,1
1717,11,8,19
6804,3,14,17
1575,46,27,73
1093,14,13,27
2595,12,13,25
7682,3,15,18
10519,0,1,1
246,17,1,18
345,41,5,46
10146,1,2,3
5059,8,4,12
3333,10,32,42
145,64,9,73
7589,6,11,17
2502,0,6,6
4859,8,37,45
2295,13,3,16
7382,7,10,17
9739,0,18,18
7381,4,5,9
10016,1,2,3
4929,18,18,36
9959,7,12,19
4872,6,19,25
9586,2,5,7
1922,17,3,20
12195,0,1,1
6636,1,2,3
9366,0,1,1
4279,3,15,18
7688,13,15,28
7267,1,21,22
6873,3,19,22
12251,0,1,1
1978,2,1,3
7164,9,26,35
2077,10,18,28
4280,9,8,17
3901,7,7,14
7036,0,9,9
2919,16,19,35
8006,1,16,17
636,31,12,43
10909,0,1,1
606,24,12,36
10879,0,1,1
1383,32,25,57
3740,3,4,7
11716,3,24,27
1443,5,1,6
12543,0,1,1
2270,7,2,9
2369,7,3,10
7456,5,16,21
7829,1,5,6
2742,8,8,16
1818,12,13,25
9164,3,14,17
8002,3,10,13
931,17,7,24
11204,0,1,1
6555,6,19,25
9285,1,8,9
4198,7,19,26
6462,4,4,8
4105,6,10,16
11430,1,2,3
1157,8,1,9
1256,7,2,9
6343,15,15,30
1629,18,8,26
6228,15,48,63
3969,14,14,28
862,11,7,18
858,17,6,23
8075,2,18,20
258,25,1,26
10531,0,1,1
631,8,3,11
10904,0,1,1
5718,3,3,6
6091,0,2,2
1004,7,7,14
11277,0,1,1
5399,6,24,30
312,10,4,14
4562,3,9,12
7889,5,11,16
4901,7,11,18
181,2,2,4
4609,1,15,16
9429,2,8,10
1,16,0,16
2358,59,53,112
7925,1,4,5
2838,10,19,29
3075,4,13,17
8162,7,9,16
3448,9,21,30
1091,12,4,16
1382,0,1,1
6469,1,3,4
4047,10,16,26
6476,17,35,52
1389,19,19,38
544,0,2,2
5631,4,4,8
630,218,36,254
10903,0,1,1
2614,15,11,26
7701,1,3,4
7421,3,5,8
12508,0,1,1
2235,13,12,25
720,5,1,6
10993,1,8,9
5807,0,5,5
10894,0,2,2
621,21,1,22
8723,0,4,4
8722,3,10,13
7442,2,10,12
11776,4,29,33
1503,6,5,11
7340,0,3,3
4964,0,11,11
10051,2,6,8
250,5,2,7
10523,0,1,1
5337,1,7,8
12332,0,1,1
2059,0,1,1
7245,1,16,17
2116,8,2,10
12389,0,1,1
7203,1,4,5
5219,3,12,15
7576,0,22,22
2489,4,5,9
3797,11,17,28
1440,13,7,20
694,3,1,4
10868,0,1,1
595,43,12,55
7124,4,3,7
2410,4,14,18
1756,11,5,16
6843,2,3,5
2591,0,2,2
7678,0,6,6
1298,1,2,3
11571,2,11,13
6385,11,4,15
6758,7,3,10
1671,12,17,29
11469,0,1,1
1196,1,1,2
6382,4,6,10
11146,8,6,14
873,3,2,5
6059,0,6,6
1345,3,4,7
535,0,1,1
5622,8,23,31
10556,0,1,1
283,8,3,11
382,11,0,11
10655,0,4,4
5469,11,8,19
2470,11,5,16
7557,4,11,15
486,59,18,77
252,0,1,1
10525,1,2,3
5339,8,8,16
10053,3,25,28
5984,2,14,16
897,37,10,47
11170,0,1,1
524,0,1,1
5611,4,12,16
9769,6,14,20
2698,4,5,9
5333,4,6,10
173,3,1,4
5260,3,18,21
10085,0,1,1
4998,8,6,14
4688,6,10,16
4399,1,5,6
2042,12,7,19
1669,4,2,6
6756,7,15,22
4045,1,4,5
4029,2,24,26
6386,8,19,27
3967,17,17,34
6697,1,11,12
1610,14,10,24
11883,0,1,1
1846,1,2,3
6933,10,9,19
4576,0,2,2
9290,1,15,16
3606,12,10,22
12539,0,1,1
2266,0,1,1
7452,6,4,10
2365,10,4,14
11007,0,31,31
734,1,1,2
2135,7,7,14
7179,0,2,2
2092,2,3,5
12365,0,1,1
4449,3,8,11
1761,13,15,28
1747,0,2,2
4801,6,4,10
11474,7,8,15
1201,2,1,3
7133,0,2,2
2046,14,12,26
12319,0,1,1
1493,5,3,8
11766,0,1,1
747,0,1,1
11020,2,18,20
5834,2,2,4
4765,0,16,16
5138,3,9,12
51,20,4,24
1437,1,3,4
1436,4,7,11
11606,0,1,1
1333,18,8,26
1432,3,5,8
8503,10,29,39
3649,9,13,22
11605,1,1,2
1332,27,13,40
1431,10,6,16
1430,0,3,3
6516,8,13,21
11603,0,1,1
1330,20,8,28
1429,7,5,12
8500,3,25,28
6514,1,3,4
1427,6,5,11
6969,22,40,62
867,4,5,9
11140,5,39,44
3224,7,14,21
772,2,1,3
5859,6,15,21
5401,0,2,2
314,14,5,19
7385,4,16,20
6510,2,2,4
1419,1,2,3
11692,1,1,2
1372,7,2,9
6459,10,17,27
6832,6,9,15
1745,14,4,18
1611,3,4,7
11884,0,1,1
11785,1,14,15
1512,1,1,2
6698,0,4,4
12158,0,1,1
1885,2,2,4
1984,1,4,5
12257,0,1,1
44,4,1,5
7488,0,3,3
2401,3,11,14
964,141,38,179
2531,4,3,7
7618,8,18,26
499,6,1,7
5586,2,28,30
10215,0,6,6
41,5,2,7
4755,13,7,20
5126,7,4,11
39,4,1,5
38,22,1,23
10311,8,11,19
7109,4,10,14
10209,0,6,6
35,15,2,17
5034,10,13,23
3495,13,10,23
3122,8,7,15
8209,8,14,22
1314,18,10,28
4666,7,8,15
4293,2,2,4
9380,2,6,8
1393,48,16,64
10014,10,39,49
8030,0,2,2
2943,9,9,18
8905,4,21,25
9278,1,9,10
4191,2,15,17
10207,0,1,1
33,7,1,8
356,18,6,24
10530,0,2,2
257,3,2,5
5443,1,9,10
2713,11,14,25
7800,0,6,6
275,28,4,32
10548,0,1,1
5362,5,6,11
10076,3,21,24
1384,2,1,3
11657,0,2,2
6471,17,8,25
4848,34,41,75
2118,9,3,12
12391,0,1,1
7205,1,17,18
2491,1,1,2
134,0,1,1
6684,5,18,23
30,13,1,14
10303,0,13,13
2194,14,5,19
12467,0,1,1
1776,6,13,19
2625,18,7,25
7712,3,5,8
1058,0,1,1
11331,0,1,1
9225,0,12,12
2154,6,6,12
12427,0,1,1
8049,12,14,26
1395,2,5,7
8466,3,13,16
1056,0,1,1
11329,1,1,2
3040,12,19,31
8127,0,2,2
2138,7,4,11
4495,10,11,21
3002,7,2,9
8089,3,14,17
6680,6,13,19
12140,0,1,1
1867,1,1,2
1966,15,16,31
12239,0,1,1
26,1,1,2
7277,0,2,2
2190,110,33,143
12463,0,1,1
9416,0,1,1
7432,0,2,2
2345,20,12,32
4298,1,2,3
9385,3,27,30
2243,10,12,22
25,32,1,33
10298,1,9,10
11449,0,10,10
1176,13,12,25
1275,17,3,20
11548,0,2,2
6362,6,15,21
4380,66,104,170
6328,11,24,35
1052,2,1,3
11325,0,1,1
318,2,2,4
691,0,1,1
5778,1,17,18
5598,1,7,8
511,36,10,46
5212,4,5,9
125,105,7,112
10398,3,14,17
989,15,1,16
11262,0,1,1
6076,8,19,27
12027,0,9,9
1754,17,18,35
2628,9,11,20
7715,15,19,34
271,12,2,14
10544,0,1,1
5358,5,6,11
1519,10,4,14
6606,5,15,20
1061,1,1,2
8132,0,2,2
410,12,3,15
10683,0,2,2
5497,5,7,12
166,6,1,7
3269,6,5,11
539,0,1,1
5626,5,3,8
9584,4,34,38
4497,6,15,21
7227,6,18,24
2140,12,8,20
3079,36,8,44
7420,0,2,2
12507,0,1,1
2234,1,3,4
9733,4,18,22
5392,2,9,11
6243,2,4,6
5601,3,15,18
514,7,4,11
3010,21,10,31
1250,20,5,25
11424,0,14,14
1151,10,3,13
6337,4,26,30
1049,3,1,4
676,42,6,48
10949,8,25,33
5763,0,4,4
6914,5,12,17
8854,0,10,10
2144,9,3,12
12417,0,1,1
12318,0,8,8
2045,3,6,9
7231,5,46,51
6558,3,8,11
4201,5,6,11
7885,1,1,2
2798,9,7,16
2899,8,18,26
6226,1,25,26
766,7,6,13
6983,11,7,18
190,12,6,18
2895,22,16,38
9838,1,17,18
2533,6,5,11
7620,9,31,40
2008,8,6,14
7095,14,28,42
24,43,0,43
1171,17,6,23
3497,3,7,10
6824,1,6,7
3000,10,3,13
40,1,1,2
11825,6,36,42
1552,1,1,2
3286,16,13,29
929,20,12,32
11202,0,1,1
556,2,1,3
5643,8,2,10
1362,3,3,6
11635,2,9,11
9179,2,13,15
5991,4,27,31
3634,8,15,23
2867,9,10,19
1567,16,9,25
6654,0,3,3
2645,9,9,18
1096,22,18,40
14,39,1,40
6179,3,11,14
1092,26,13,39
4131,0,1,1
9218,6,18,24
485,64,5,69
10381,3,5,8
108,48,5,53
207,30,8,38
10480,0,3,3
7278,4,11,15
6703,11,13,24
880,9,2,11
1158,42,7,49
9417,0,1,1
11177,10,16,26
904,3,2,5
6090,4,22,26
7850,10,13,23
2763,2,6,8
10580,0,1,1
307,11,1,12
406,17,11,28
10679,1,1,2
2918,5,8,13
163,5,0,5
450,26,9,35
2807,4,19,23
7521,4,10,14
1133,33,15,48
11406,3,13,16
387,2,1,3
10660,0,1,1
10561,0,2,2
288,2,1,3
437,22,2,24
7508,0,15,15
8679,16,49,65
3965,2,5,7
6780,8,24,32
1693,5,6,11
11867,2,32,34
1594,17,15,32
19,7,1,8
10292,0,13,13
1046,3,2,5
673,13,2,15
5760,2,10,12
4777,10,11,21
9864,0,31,31
2793,2,2,4
341,3,1,4
5428,7,26,33
10142,1,11,12
7322,0,2,2
8430,4,6,10
3343,8,15,23
6073,8,10,18
986,3,2,5
11259,0,1,1
5103,1,9,10
16,3,1,4
4730,74,43,117
2000,8,5,13
7087,10,19,29
1627,13,10,23
11801,4,22,26
1528,20,3,23
15,21,1,22
4424,8,8,16
6184,1,2,3
11271,1,24,25
998,1,1,2
1097,11,10,21
11370,3,7,10
351,0,1,1
13,16,0,16
12510,0,1,1
2237,2,1,3
3082,35,21,56
1420,0,2,2
3221,7,7,14
6872,8,19,27
4965,19,20,39
10052,3,19,22
8387,6,9,15
1540,15,5,20
11813,0,1,1
11714,1,31,32
1441,6,3,9
9308,1,2,3
4221,0,5,5
5981,2,5,7
894,9,9,18
11167,0,2,2
1604,34,25,59
6691,1,3,4
12151,0,1,1
1878,19,14,33
37,186,1,187
3283,5,11,16
6141,7,12,19
1054,16,6,22
11327,0,1,1
681,3,1,4
5768,6,5,11
10577,0,1,1
304,38,12,50
403,4,2,6
10676,0,1,1
5490,4,7,11
3133,8,15,23
1689,7,10,17
6776,3,20,23
7269,3,12,15
2182,7,3,10
3442,9,16,25
2751,22,13,35
3999,7,10,17
3631,8,5,13
443,20,8,28
2800,9,13,22
3992,9,8,17
1773,23,15,38
5751,4,4,8
664,16,6,22
3991,11,5,16
5872,1,3,4
785,3,2,5
11058,0,1,1
4570,2,25,27
9657,1,4,5
6927,1,12,13
12014,0,11,11
1741,2,5,7
3359,0,2,2
1060,19,5,24
11333,1,6,7
1906,13,9,22
12179,0,2,2
6993,8,30,38
4358,3,6,9
2585,4,18,22
7299,6,14,20
1517,4,2,6
11691,0,2,2
1418,6,9,15
6604,3,6,9
12064,5,13,18
1791,0,1,1
6977,1,10,11
8619,3,11,14
3532,7,14,21
11295,7,14,21
1022,2,2,4
8938,1,10,11
893,25,11,36
11166,0,1,1
5980,1,5,6
3623,7,13,20
7821,2,15,17
2734,9,9,18
2110,18,7,25
12383,0,1,1
7197,7,24,31
10300,2,18,20
27,4,1,5
126,24,2,26
170,99,11,110
10443,3,5,8
5257,3,19,22
2,17,1,18
5953,0,17,17
6250,1,2,3
1163,4,7,11
11436,1,4,5
3520,9,21,30
9566,0,3,3
4479,10,17,27
6836,1,4,5
10217,2,10,12
43,25,4,29
11133,2,15,17
860,9,5,14
1152,22,10,32
11607,0,1,1
1334,4,5,9
1433,0,2,2
11414,1,3,4
1141,4,1,5
1613,2,4,6
6700,4,4,8
12160,0,1,1
1887,1,1,2
594,11,8,19
2951,7,11,18
3218,8,20,28
5356,0,13,13
4983,4,8,12
10070,25,42,67
12203,0,1,1
1930,2,2,4
2029,10,23,33
12302,0,1,1
1656,5,4,9
6743,1,8,9
3057,14,16,30
12149,0,1,1
1876,9,8,17
7062,5,15,20
548,6,4,10
6965,8,19,27
769,18,14,32
17,3,1,4
10290,1,5,6
5104,10,7,17
2747,34,23,57
3995,12,8,20
1317,43,29,72
8388,4,8,12
208,46,8,54
10481,0,1,1
4893,2,9,11
9980,6,10,16
66,4,2,6
1633,8,6,14
6720,23,38,61
6497,4,7,11
1410,11,6,17
3466,12,12,24
6793,1,15,16
439,413,19,432
4,32,1,33
3052,13,8,21
3375,7,13,20
8462,27,71,98
492,21,12,33
6135,3,4,7
1048,1,1,2
11321,1,16,17
5594,2,16,18
507,15,3,18
20,6,1,7
10293,1,5,6
8529,2,2,4
124,59,1,60
10397,0,1,1
1051,4,2,6
11324,0,1,1
3796,6,30,36
5556,0,2,2
469,27,9,36
8232,3,57,60
3518,6,16,22
4659,3,12,15
9746,8,20,28
7389,1,12,13
2836,14,11,25
9171,2,19,21
4084,3,17,20
8062,5,14,19
2975,9,10,19
3699,25,35,60
1130,9,10,19
11403,2,1,3
3348,3,2,5
618,2,1,3
10891,0,1,1
5705,4,12,16
9544,3,10,13
4457,4,4,8
8157,2,5,7
3070,9,25,34
5108,0,18,18
21,1,1,2
2378,4,11,15
11602,0,1,1
1329,2,3,5
1428,11,6,17
36,74,1,75
10309,1,10,11
10359,1,11,12
86,6,2,8
185,25,15,40
7629,1,3,4
2542,6,3,9
6699,0,2,2
12159,0,1,1
1886,2,1,3
7072,7,16,23
45,47,2,49
2889,3,5,8
3998,5,9,14
1904,17,11,28
12177,0,3,3
5463,9,13,22
376,84,15,99
10649,0,4,4
7447,5,2,7
3703,6,20,26
1346,2,3,5
9131,3,9,12
4044,6,16,22
6913,0,15,15
1826,3,4,7
6496,9,7,16
3395,6,15,21
6125,1,12,13
1038,13,9,22
3022,3,2,5
8109,0,8,8
665,2,1,3
5752,1,14,15
12267,17,74,91
1994,8,7,15
482,17,6,23
12,3,1,4
9893,0,1,1
465,29,7,36
7158,4,10,14
12245,0,2,2
1972,14,12,26
2444,4,5,9
7531,3,5,8
87,106,10,116
5174,1,6,7
10220,2,4,6
46,0,1,1
6242,0,11,11
1155,34,6,40
11428,0,1,1
8188,4,8,12
7297,0,2,2
2210,4,10,14
12483,0,1,1
8864,1,6,7
3319,5,15,20
589,4,1,5
5676,5,10,15
5158,6,4,10
10245,2,6,8
71,29,2,31
9324,4,23,27
4610,19,21,40
452,16,6,22
505,16,4,20
5592,7,26,33
47,13,1,14
10320,1,7,8
2103,20,11,31
12376,1,4,5
6817,1,14,15
1488,8,3,11
742,9,2,11
11015,0,1,1
8279,0,1,1
3192,4,8,12
5079,1,3,4
10539,0,1,1
266,71,4,75
5452,3,5,8
365,12,9,21
1572,15,20,35
6659,0,7,7
5,4,1,5
10278,11,2,13
6,8,1,9
10279,2,2,4
12537,0,1,1
2264,0,1,1
2363,7,8,15
1590,3,5,8
9407,0,1,1
4478,30,27,57
7805,0,12,12
10177,0,18,18
3,1,1,2
10276,1,6,7
919,1,1,2
11093,12,28,40
820,56,16,72
6862,6,5,11
1775,13,11,24
12048,2,8,10
4132,5,17,22
3759,2,2,4
8846,0,17,17
3993,37,33,70
7482,4,10,14
10322,5,11,16
49,43,3,46
148,4,1,5
10421,1,9,10
5838,4,24,28
751,9,6,15
2969,12,9,21
5326,0,9,9
7683,1,31,32
4051,18,19,37
1694,5,11,16
1941,24,7,31
12214,0,1,1
859,7,6,13
1400,7,4,11
11673,0,18,18
5287,7,14,21
7271,3,16,19
4914,5,1,6
454,51,5,56
467,9,2,11
1342,5,3,8
6429,16,11,27
4072,4,31,35
884,15,14,29
3589,4,25,29
423,24,3,27
5510,11,31,42
2780,0,1,1
7867,0,14,14
2654,23,17,40
2665,3,4,7
6504,18,14,32
1417,0,2,2
6131,3,14,17
5135,0,2,2
48,9,2,11
7119,8,10,18
506,11,5,16
5593,5,10,15
5270,1,2,3
183,36,13,49
10208,0,1,1
34,26,1,27
6137,4,12,16
1050,0,1,1
11323,0,3,3
22,6,1,7
10295,2,20,22
7466,2,18,20
2379,12,24,36
4187,9,12,21
9274,1,4,5
2335,17,25,42
5259,2,1,3
172,41,9,50
10102,9,21,30
674,29,4,33
29,85,1,86
7473,0,12,12
2386,20,19,39
448,16,6,22
5225,13,19,32
138,159,11,170
10411,3,6,9
7209,3,5,8
7901,1,10,11
830,23,3,26
4085,10,19,29
9172,1,3,4
11,13,2,15
3338,24,39,63
184,54,11,65
10457,2,26,28
9612,1,4,5
11221,2,29,31
948,8,12,20
1047,5,1,6
3031,14,15,29
8118,0,12,12
12330,0,3,3
2057,0,2,2
4513,6,15,21
7025,3,16,19
2311,10,7,17
357,56,2,58
10630,4,11,15
7428,4,23,27
5071,0,1,1
9785,36,62,98
7390,3,5,8
11753,10,15,25
1480,1,2,3
1487,16,12,28
5828,5,4,9
2811,15,14,29
7898,2,15,17
6673,2,8,10
1406,3,10,13
1033,0,1,1
6120,1,9,10
3439,13,7,20
355,23,6,29
7426,2,24,26
5983,5,9,14
896,47,22,69
11169,0,2,2
7414,0,10,10
10517,0,1,1
244,23,2,25
343,28,9,37
2978,7,19,26
5335,1,18,19
5847,8,6,14
760,13,10,23
9607,4,10,14
4520,2,18,20
542,1,2,3
5629,10,10,20
5279,1,1,2
1301,23,12,35
11574,1,6,7
2762,10,7,17
10579,0,1,1
306,4,2,6
405,13,4,17
10678,0,1,1
1813,7,14,21
12086,2,5,7
4031,9,15,24
4545,6,7,13
28,8,1,9
7472,1,19,20
2385,7,3,10
9456,1,27,28
7791,2,10,12
3077,3,10,13
4327,8,7,15
9414,0,1,1
654,12,5,17
10571,0,1,1
298,1,1,2
397,163,11,174
10670,0,1,1
2754,3,7,10
6319,10,17,27
3643,3,10,13
6308,4,7,11
11395,1,14,15
1122,6,2,8
4463,4,3,7
11229,1,8,9
956,1,1,2
1055,0,1,1
11328,0,1,1
8124,2,7,9
3037,13,8,21
9233,1,1,2
4146,1,7,8
944,20,17,37
52,0,1,1
2409,9,16,25
7817,3,19,22
5141,1,5,6
54,8,1,9
9482,1,9,10
5682,0,10,10
2579,15,3,18
7666,0,2,2
513,12,14,26
10786,81,31,112
5600,0,3,3
5142,2,3,5
2412,20,14,34
56,25,4,29
59,4,1,5
10332,0,11,11
12152,0,1,1
1879,0,1,1
7065,0,2,2
3087,0,3,3
8174,0,32,32
6633,4,6,10
1919,25,8,33
12192,0,1,1
5150,14,15,29
63,40,3,43
10336,0,3,3
12541,0,1,1
2268,1,1,2
2367,1,2,3
7315,0,2,2
2228,16,11,27
12501,0,1,1
65,5,2,7
1312,101,22,123
3669,20,16,36
1302,26,17,43
11575,2,42,44
949,1,2,3
6036,6,2,8
1396,10,6,16
6483,6,12,18
1023,3,3,6
6144,4,29,33
1057,0,1,1
11330,0,1,1
6602,2,9,11
7015,2,15,17
1192,14,14,28
6829,1,9,10
5181,0,3,3
7538,6,11,17
2451,38,24,62
10075,0,7,7
512,15,14,29
12253,0,1,1
1980,0,1,1
7166,4,16,20
95,132,5,137
3364,2,4,6
8451,1,14,15
3737,2,16,18
5193,4,21,25
106,19,3,22
11238,0,21,21
965,10,2,12
1810,5,3,8
5042,1,7,8
10129,4,23,27
5137,7,12,19
50,1,1,2
11383,0,3,3
1110,1,1,2
1955,15,5,20
12228,0,1,1
4312,6,15,21
8707,14,53,67
3620,2,7,9
6489,1,12,13
1402,12,11,23
11675,6,32,38
848,23,11,34
2832,1,3,4
7919,0,1,1
767,21,12,33
4094,7,15,22
11000,1,5,6
727,2,2,4
5913,1,2,3
5262,14,6,20
175,0,1,1
11651,12,36,48
1378,0,2,2
1477,227,134,361
11750,0,1,1
731,13,2,15
1820,19,26,45
3964,1,3,4
9051,2,16,18
179,0,1,1
10452,0,4,4
12337,0,1,1
2064,2,1,3
7250,7,27,34
732,51,10,61
1297,22,7,29
11570,0,1,1
9412,2,16,18
3161,13,14,27
9357,0,5,5
4270,5,13,18
5988,0,14,14
528,24,2,26
10702,0,5,5
429,4,1,5
5615,2,12,14
7555,3,11,14
484,114,22,136
4909,1,7,8
7266,1,4,5
2552,9,7,16
473,33,14,47
4814,1,16,17
9901,1,3,4
9345,11,39,50
2102,17,10,27
12375,0,1,1
7189,2,16,18
118,36,11,47
7920,0,1,1
849,23,10,33
8123,0,8,8
3036,7,21,28
1927,11,11,22
12200,0,1,1
699,5,1,6
10972,0,2,2
5979,5,3,8
892,15,10,25
11165,0,1,1
7963,1,1,2
952,25,14,39
1648,19,11,30
6735,1,2,3
1190,7,7,14
5195,10,6,16
2465,6,4,10
656,11,2,13
10929,4,10,14
5743,2,21,23
1029,3,2,5
6394,1,8,9
1307,9,8,17
9317,0,12,12
2246,4,4,8
1554,20,14,34
6651,0,1,1
1564,3,7,10
1912,6,12,18
12185,0,1,1
1917,10,4,14
12190,0,1,1
1920,21,12,33
12193,0,1,1
4277,7,19,26
2382,8,10,18
7469,2,26,28
398,40,6,46
10671,0,1,1
7842,2,14,16
2755,6,5,11
8995,1,37,38
1178,2,2,4
3492,8,7,15
8579,2,12,14
7470,0,25,25
2756,25,33,58
1925,14,10,24
12198,0,1,1
2443,6,4,10
7530,2,15,17
12244,0,1,1
1971,3,2,5
225,1,2,3
10498,0,2,2
5312,2,9,11
876,15,6,21
8170,1,6,7
3083,7,12,19
428,4,1,5
5515,4,22,26
4406,8,17,25
1059,0,1,1
11332,0,1,1
143,86,2,88
4579,17,18,35
2887,3,5,8
157,32,8,40
5244,2,15,17
18,11,1,12
5105,2,7,9
2748,43,13,56
933,17,14,31
11206,0,1,1
560,4,2,6
5647,1,2,3
5369,3,19,22
7726,3,6,9
3012,4,2,6
5587,2,13,15
500,13,7,20
690,6,1,7
5777,5,11,16
2700,43,17,60
7787,0,2,2
692,0,1,1
5779,4,15,19
8509,6,28,34
3422,5,9,14
1451,20,12,32
705,0,1,1
10978,3,29,32
8951,4,3,7
3864,0,9,9
2104,0,2,2
7191,0,26,26
120,3,1,4
23,3,1,4
7467,0,4,4
2380,8,4,12
481,1,1,2
5568,1,6,7
804,5,3,8
5986,2,6,8
2286,8,4,12
7373,2,14,16
7443,5,12,17
951,17,6,23
58,223,4,227
3574,21,5,26
4961,1,5,6
2350,8,29,37
2808,5,3,8
7895,0,1,1
1210,3,7,10
11384,2,5,7
1111,17,10,27
4313,3,16,19
1956,7,6,13
12229,0,1,1
294,42,5,47
10567,0,2,2
5008,0,8,8
6490,11,12,23
1403,3,2,5
6563,8,5,13
1476,18,5,23
11749,0,1,1
730,1,1,2
689,5,1,6
5776,3,6,9
6149,2,10,12
6107,0,1,1
1020,8,7,15
11500,1,1,2
1227,5,7,12
6413,8,10,18
9150,3,14,17
4063,3,13,16
2307,8,14,22
4664,1,2,3
1225,26,8,34
74,46,4,50
938,19,5,24
6025,2,8,10
1311,28,9,37
8382,5,11,16
2120,15,11,26
12393,0,1,1
7207,1,18,19
136,1,1,2
4229,7,5,12
9316,3,10,13
1499,0,1,1
11772,0,1,1
444,16,8,24
1553,15,16,31
5144,1,3,4
10231,9,10,19
12449,0,1,1
2176,0,1,1
7362,1,2,3
2275,11,9,20
12548,0,2,2
3892,9,20,29
1535,13,3,16
11808,0,1,1
1187,21,13,34
814,27,10,37
5901,4,14,18
9287,0,7,7
4200,3,12,15
775,14,1,15
8592,2,17,19
317,0,1,1
5404,6,45,51
8134,5,4,9
3047,0,2,2
7237,4,9,13
11375,6,32,38
1102,5,3,8
1394,22,8,30
635,17,2,19
10908,0,1,1
5722,0,4,4
1008,8,3,11
11281,0,1,1
10351,4,5,9
78,1,2,3
5264,4,11,15
1415,7,7,14
4082,4,34,38
2806,7,5,12
85,34,13,47
127,15,2,17
2111,4,10,14
12384,0,1,1
7198,0,4,4
5228,5,7,12
141,64,3,67
9569,0,2,2
4858,5,19,24
146,100,15,115
5206,11,9,20
119,170,12,182
10392,0,2,2
9920,0,3,3
4833,4,25,29
6315,7,1,8
1228,4,4,8
882,16,16,32
11155,0,1,1
1045,2,7,9
11318,2,6,8
672,3,1,4
5759,2,2,4
411,2,1,3
5498,9,25,34
7716,3,15,18
3280,6,13,19
1066,54,19,73
5407,0,1,1
320,60,5,65
1390,21,16,37
8155,5,13,18
1501,14,10,24
11774,0,1,1
755,19,4,23
12147,0,1,1
1874,0,1,1
1973,33,25,58
12246,0,1,1
6314,0,2,2
11872,0,3,3
1599,7,2,9
1698,8,15,23
11499,0,1,1
1226,6,3,9
1325,3,3,6
6412,13,8,21
8769,3,10,13
7934,1,21,22
3220,8,12,20
490,15,3,18
5577,8,3,11
4607,0,2,2
5258,5,1,6
171,32,5,37
3498,1,3,4
649,2,1,3
5736,3,16,19
5278,3,2,5
191,6,7,13
10464,0,19,19
2548,16,16,32
4149,3,3,6
9236,3,14,17
8778,1,14,15
3691,10,12,22
6421,26,11,37
6941,1,8,9
1854,13,17,30
597,6,0,6
10870,0,1,1
5684,1,22,23
2954,7,6,13
8041,5,15,20
1077,13,2,15
11350,1,47,48
6164,6,12,18
704,4,0,4
1284,23,10,33
11557,0,1,1
6371,19,19,38
841,19,9,28
3198,12,13,25
8076,17,32,49
42,5,1,6
10216,0,11,11
8185,2,15,17
11288,6,26,32
1015,13,6,19
1114,15,4,19
11387,0,2,2
5509,7,15,22
422,19,5,24
7866,1,2,3
2779,0,1,1
5136,4,23,27
1531,25,18,43
229,10,3,13
10502,0,1,1
10403,1,10,11
130,26,1,27
10455,1,4,5
182,25,9,34
1027,10,7,17
176,5,3,8
7247,2,11,13
7460,1,1,2
2373,10,7,17
12547,0,5,5
2274,6,3,9
5183,5,6,11
6752,7,11,18
2774,2,17,19
7861,6,17,23
5877,0,7,7
790,33,7,40
11063,0,1,1
10272,4,11,15
98,54,3,57
2455,12,12,24
2349,22,52,74
5218,0,1,1
131,4,2,6
2488,2,4,6
2115,4,4,8
12388,0,1,1
7202,1,3,4
1213,35,7,42
3496,0,8,8
169,96,6,102
4883,14,23,37
430,39,6,45
2744,2,2,4
10700,85,228,313
427,0,1,1
526,20,4,24
2883,6,6,12
3038,20,15,35
3078,3,27,30
7419,0,2,2
12506,0,1,1
2233,11,3,14
1208,8,4,12
6295,20,40,60
11382,1,5,6
1109,0,1,1
1954,11,11,22
12227,0,1,1
3619,6,18,24
1401,2,4,6
11674,1,2,3
871,24,11,35
11144,0,3,3
4322,18,13,31
3949,1,1,2
9036,6,26,32
6499,7,6,13
1412,16,6,22
3769,2,11,13
11191,3,28,31
918,20,11,31
1017,10,6,16
1031,24,5,29
11304,0,2,2
1191,17,13,30
11464,0,4,4
6479,15,28,43
1392,52,22,74
3616,6,12,18
1259,7,1,8
1398,9,4,13
11671,0,2,2
6299,2,25,27
7045,1,16,17
1958,13,7,20
12231,0,1,1
296,23,2,25
10569,0,2,2
2653,29,12,41
6492,8,11,19
11579,1,11,12
1306,3,1,4
1405,48,12,60
1407,0,3,3
10478,0,1,1
205,31,1,32
6500,4,7,11
1413,9,4,13
2330,4,4,8
12504,0,1,1
2231,0,1,1
2981,9,2,11
8068,5,13,18
624,21,10,31
10897,0,1,1
5711,1,16,17
6501,10,10,20
1414,4,5,9
5394,3,2,5
2664,3,3,6
6503,5,3,8
1416,7,4,11
116,7,6,13
122,16,2,18
4836,12,12,24
155,41,7,48
5254,0,4,4
167,18,3,21
9644,1,5,6
2200,10,5,15
12473,0,1,1
7287,1,19,20
9685,2,15,17
2618,5,12,17
10520,0,2,2
247,15,4,19
346,38,4,42
349,12,2,14
364,13,2,15
370,24,2,26
374,51,7,58
395,90,8,98
10668,1,2,3
413,57,12,69
433,202,12,214
442,73,9,82
445,22,5,27
461,37,4,41
488,47,4,51
7559,2,4,6
7932,0,1,1
2845,27,11,38
5581,7,21,28
494,38,7,45
7565,3,4,7
503,22,7,29
516,36,13,49
2873,15,11,26
520,12,2,14
5690,4,11,15
603,9,5,14
10876,0,1,1
638,16,5,21
10911,0,1,1
323,2,1,3
10497,0,2,2
224,7,1,8
5410,1,4,5
371,2,2,4
5458,0,4,4
745,65,10,75
11018,0,2,2
753,34,7,41
5094,1,11,12
7,41,1,42
10181,3,7,10
5843,6,7,13
756,39,15,54
11029,0,2,2
10,3,1,4
10283,0,2,2
10184,2,10,12
822,39,15,54
3179,4,17,21
839,89,19,108
11112,20,9,29
870,0,2,2
881,79,11,90
950,16,11,27
6070,6,8,14
983,7,2,9
11256,0,1,1
1014,7,2,9
11287,0,1,1
1030,29,3,32
11303,1,36,37
3387,4,20,24
6129,3,4,7
1042,0,2,2
11315,0,1,1
1094,4,3,7
1172,20,7,27
11445,0,8,8
1193,4,6,10
5907,3,6,9
1197,17,9,26
11470,0,5,5
1202,8,6,14
1219,19,10,29
11492,0,3,3
6316,2,2,4
1229,26,10,36
1248,5,8,13
11521,3,17,20
1260,14,8,22
6431,1,2,3
1344,23,9,32
3701,3,3,6
6434,5,2,7
1347,5,5,10
6437,5,2,7
1350,6,2,8
6064,0,20,20
11592,7,22,29
1319,3,1,4
6505,2,15,17
3783,3,8,11
6521,11,14,25
1434,9,4,13
6546,2,2,4
1459,26,10,36
11732,0,1,1
713,2,1,3
10986,2,2,4
11634,2,9,11
1361,1,1,2
1460,22,10,32
11733,0,1,1
714,0,1,1
10987,2,15,17
5801,0,25,25
11636,14,24,38
1363,1,1,2
6549,15,17,32
1462,34,9,43
11735,0,1,1
716,0,1,1
6655,4,6,10
1568,6,6,12
11832,2,19,21
1559,5,1,6
1658,15,13,28
4015,6,12,18
1285,11,5,16
11558,0,1,1
6372,6,21,27
1660,7,2,9
1666,14,12,26
1685,12,4,16
1753,9,9,18
1764,7,4,11
1774,41,14,55
3758,2,6,8
8845,2,30,32
1808,1,3,4
6963,1,2,3
1897,19,11,30
1993,1,7,8
12266,0,1,1
6707,10,15,25
6708,11,25,36
2043,5,6,11
4027,0,1,1
9114,2,14,16
2097,13,9,22
12370,0,1,1
6811,7,5,12
2124,18,17,35
12397,0,1,1
6838,1,4,5
7289,2,8,10
2202,2,4,6
12475,0,1,1
7364,3,7,10
12451,0,1,1
2178,2,1,3
7374,3,15,18
2287,12,2,14
2289,9,12,21
7577,6,16,22
2490,2,8,10
133,12,2,14
7632,2,14,16
2545,5,9,14
2546,6,4,10
10363,3,13,16
90,22,1,23
189,28,8,36
7264,2,19,21
2577,19,23,42
4934,0,9,9
2593,9,7,16
2609,8,4,12
7702,9,4,13
2615,3,7,10
7784,0,2,2
2697,10,19,29
2749,19,13,32
2750,6,5,11
393,34,2,36
10666,0,1,1
7844,3,14,17
2757,18,14,32
2758,12,10,22
2759,1,5,6
2764,1,4,5
2786,7,7,14
9857,0,1,1
2879,11,7,18
2892,8,14,22
162,1,1,2
5249,5,2,7
8000,0,1,1
2913,8,4,12
3028,6,9,15
3029,4,11,15
3043,12,9,21
313,12,7,19
5400,7,2,9
7757,2,9,11
3111,5,3,8
3195,7,13,20
8357,8,12,20
3270,6,5,11
2897,0,1,1
7984,0,2,2
3322,2,2,4
3457,22,11,33
3482,5,8,13
3531,0,3,3
6261,8,14,22
1174,11,8,19
11447,0,2,2
3542,8,13,21
3567,7,10,17
3624,7,12,19
3628,4,9,13
3644,62,11,73
914,1,1,2
11187,0,19,19
6001,3,12,15
3646,28,14,42
3647,15,12,27
3650,8,3,11
3698,8,15,23
1341,11,4,15
3728,2,6,8
8816,6,19,25
3729,3,2,5
8828,8,3,11
3741,0,3,3
3839,9,14,23
736,1,1,2
11009,0,1,1
5823,12,15,27
6373,4,7,11
4033,8,5,13
4041,2,2,4
1684,14,13,27
4076,14,9,23
4144,1,4,5
4152,13,7,20
1422,4,6,10
11695,0,4,4
6509,6,3,9
9241,2,18,20
4154,4,4,8
4157,6,4,10
9314,2,2,4
4227,7,14,21
4362,0,3,3
4435,4,12,16
6792,0,11,11
4440,15,13,28
2083,15,4,19
4553,7,4,11
4577,6,6,12
4586,1,12,13
9714,0,20,20
4627,6,13,19
4635,0,3,3
4686,10,5,15
7416,4,10,14
12503,0,1,1
2230,4,2,6
2329,4,3,7
9777,2,10,12
4690,6,11,17
10160,3,11,14
5073,4,7,11
7430,4,4,8
4700,6,10,16
9787,0,3,3
8,26,2,28
5095,3,7,10
7825,15,11,26
2738,4,10,14
53,31,1,32
5140,3,3,6
2783,3,1,4
196,13,1,14
5283,2,2,4
7640,0,7,7
5292,5,4,9
5665,6,7,13
578,59,9,68
5311,1,7,8
2581,15,15,30
7668,1,2,3
5375,7,4,11
538,5,1,6
5625,1,4,5
911,13,6,19
543,20,6,26
5630,2,2,4
551,45,1,46
5638,0,3,3
2908,1,2,3
7995,1,10,11
552,30,1,31
5639,4,4,8
623,24,8,32
10896,0,1,1
5710,2,4,6
628,2,1,3
10901,0,1,1
5715,3,4,7
634,2,3,5
10907,0,1,1
5721,4,4,8
754,1,1,2
11027,0,2,2
5841,0,3,3
8571,4,22,26
3484,17,7,24
1127,17,2,19
11400,0,15,15
6023,4,8,12
5812,5,5,10
725,10,5,15
1144,5,3,8
6231,0,2,2
1252,7,5,12
11525,0,1,1
11426,0,4,4
1153,0,1,1
6339,4,6,10
6360,11,6,17
6370,12,27,39
6447,0,4,4
1439,4,2,6
6526,1,3,4
1814,8,8,16
6556,1,7,8
1475,20,19,39
11748,0,1,1
6562,14,23,37
6623,3,3,6
6711,7,4,11
6712,8,5,13
1626,21,3,24
11800,0,21,21
1527,0,1,1
6713,5,10,15
1662,34,17,51
6749,9,4,13
4392,5,16,21
1690,45,22,67
6777,0,5,5
6784,3,15,18
1702,51,8,59
6789,0,2,2
1709,7,8,15
6796,1,3,4
12256,1,1,2
1983,0,1,1
2082,1,3,4
6803,2,4,6
6821,2,9,11
1746,4,3,7
6833,3,2,5
6841,5,3,8
12155,0,2,2
1882,2,1,3
7068,3,4,7
7224,2,17,19
5240,9,18,27
153,31,4,35
7276,0,4,4
7280,1,4,5
7386,7,6,13
9743,0,17,17
2301,1,2,3
7388,4,20,24
12511,0,1,1
2238,0,1,1
7424,3,6,9
353,27,9,36
7438,1,5,6
5454,6,16,22
7502,0,4,4
2474,13,9,22
7561,1,2,3
7566,0,7,7
2549,8,4,12
7636,1,4,5
2606,9,6,15
7693,1,2,3
2611,12,3,15
7698,0,3,3
7802,0,8,8
7969,1,2,3
2994,25,7,32
8081,0,20,20
3019,15,2,17
8106,1,3,4
8479,5,7,12
3392,1,8,9
8177,0,2,2
8178,1,2,3
1107,4,2,6
3165,1,10,11
8252,2,3,5
8276,0,6,6
8724,0,3,3
1653,15,9,24
3705,10,7,17
8792,1,2,3
4296,6,7,13
9383,1,2,3
9537,0,5,5
2466,7,6,13
109,5,1,6
9885,0,5,5
457,36,7,43
9899,0,6,6
471,13,14,27
324,1,1,2
5411,2,2,4
5413,3,11,14
326,3,1,4
352,2,1,3
11272,5,29,34
999,22,13,35
6185,3,6,9
1098,11,11,22
3465,1,6,7
424,8,1,9
1170,8,4,12
708,0,1,1
5795,0,13,13
709,11,1,12
10982,0,1,1
6169,2,5,7
10885,0,1,1
612,30,10,40
712,27,6,33
10985,0,1,1
6545,11,15,26
1458,2,3,5
11731,0,1,1
5802,0,9,9
715,5,3,8
6548,0,2,2
1461,4,3,7
11734,0,1,1
1463,9,5,14
11736,1,22,23
718,11,2,13
6551,2,5,7
1464,2,6,8
721,29,3,32
5810,1,11,12
723,20,4,24
3826,2,8,10
5811,1,7,8
724,29,7,36
8541,7,17,24
726,47,6,53
728,5,3,8
5816,0,3,3
729,19,3,22
733,17,10,27
735,3,2,5
11008,0,1,1
5822,2,2,4
737,3,2,5
11010,0,1,1
738,8,1,9
11011,0,2,2
11285,1,23,24
1012,17,10,27
6198,8,22,30
739,3,1,4
11012,0,2,2
740,81,8,89
11013,0,1,1
744,1,2,3
932,8,2,10
11205,0,1,1
11106,2,24,26
833,3,1,4
12146,0,1,1
1873,0,1,1
7059,0,24,24
3956,0,1,1
9043,7,15,22
1013,22,17,39
11870,1,10,11
1597,0,1,1
1696,9,11,20
2550,1,3,4
7637,2,15,17
8009,4,16,20
6508,4,11,15
68,23,1,24
5156,6,2,8
70,54,2,56
4784,2,10,12
72,30,1,31
5164,3,2,5
77,16,3,19
5165,1,2,3
4419,6,10,16
9506,3,9,12
5166,1,1,2
79,26,4,30
5167,4,7,11
80,3,1,4
81,16,4,20
9882,0,7,7
4795,6,9,15
10257,0,2,2
83,29,4,33
10356,2,16,18
84,13,3,16
969,16,15,31
11242,1,1,2
971,18,16,34
11244,0,1,1
974,18,13,31
11247,0,1,1
10402,0,14,14
129,18,4,22
3331,3,7,10
6648,3,3,6
1561,33,12,45
3918,4,6,10
4498,20,24,44
4626,12,13,25
9713,4,13,17
5317,2,9,11
7301,1,15,16
5319,8,12,20
408,21,8,29
10681,0,2,2
217,1,1,2
10490,0,1,1
5304,3,21,24
5514,1,18,19
10431,0,16,16
158,9,6,15
8074,7,20,27
5567,2,3,5
480,42,6,48
2837,12,15,27
670,23,6,29
805,9,5,14
11389,0,2,2
1116,17,7,24
1215,3,3,6
11488,0,1,1
1310,19,9,28
3667,1,2,3
1596,4,5,9
1677,6,8,14
6818,10,48,58
1731,12,13,25
6864,3,14,17
1777,20,17,37
2019,8,15,23
12292,0,1,1
12346,0,2,2
2073,9,2,11
6513,4,2,6
1426,1,4,5
7572,1,2,3
2485,4,6,10
128,10,1,11
7574,1,1,2
2487,2,1,3
10304,0,6,6
31,4,1,5
7823,1,23,24
2736,9,21,30
8405,0,3,3
3318,5,8,13
3854,4,19,23
3856,5,12,17
4204,1,11,12
6934,3,10,13
1847,14,13,27
5347,5,13,18
5353,4,11,15
5354,3,6,9
2997,2,13,15
6035,0,10,10
10385,2,20,22
112,16,6,22
11438,0,7,7
1165,2,1,3
135,12,3,15
5327,0,1,1
418,26,13,39
5506,1,3,4
419,10,7,17
2206,10,11,21
12479,0,1,1
1833,2,3,5
6920,3,8,11
8247,2,5,7
3160,7,8,15
2787,2,2,4
7874,0,2,2
9475,6,12,18
4388,0,14,14
4455,6,21,27
11440,2,4,6
1167,2,1,3
6353,4,18,22
3130,7,9,16
8217,3,13,16
1146,14,2,16
11419,0,1,1
9298,4,16,20
9312,2,19,21
6348,1,4,5
11435,1,19,20
1162,36,9,45
6954,8,30,38
5441,8,7,15
354,24,9,33
6218,7,4,11
1131,1,2,3
6234,7,14,21
6472,6,20,26
1385,34,6,40
1388,9,6,15
2778,2,2,4
7492,0,9,9
2781,0,1,1
2782,2,1,3
2784,3,2,5
2785,2,1,3
9856,0,1,1
825,6,1,7
6656,1,2,3
1569,13,19,32
7384,3,22,25
2297,4,4,8
1924,6,12,18
12197,0,1,1
7011,8,18,26
9574,11,8,19
4487,2,21,23
5334,0,10,10
5707,4,3,7
6939,7,14,21
979,19,9,28
11252,0,1,1
1908,12,7,19
12181,0,3,3
2884,1,3,4
4633,1,8,9
9720,0,1,1
5695,1,11,12
5990,1,2,3
903,18,5,23
1011,6,2,8
1387,14,8,22
12255,0,1,1
1982,1,1,2
2081,20,7,27
8122,1,12,13
3035,6,6,12
4248,0,7,7
9335,0,4,4
4249,2,3,5
9336,0,1,1
4756,0,1,1
9843,0,6,6
2580,9,12,21
5507,4,4,8
420,15,4,19
1603,1,2,3
12142,0,1,1
1869,1,2,3
7055,2,6,8
1968,19,19,38
12241,0,4,4
9415,0,1,1
4328,2,2,4
4389,10,10,20
4016,0,3,3
9103,0,2,2
5496,0,20,20
966,20,5,25
11239,0,1,1
6053,3,5,8
6426,2,2,4
8838,1,14,15
149,49,10,59
4863,3,5,8
888,9,6,15
515,82,16,98
5602,2,15,17
4035,0,14,14
9122,3,10,13
3226,3,11,14
2312,0,3,3
7399,1,5,6
5415,0,2,2
328,10,1,11
7308,3,14,17
4537,10,14,24
7965,24,42,66
2878,4,3,7
2505,10,5,15
7592,1,20,21
9027,3,3,6
3940,3,2,5
3927,0,1,1
9014,0,2,2
3934,1,2,3
9021,0,2,2
9394,5,24,29
4307,3,7,10
9157,1,21,22
1399,12,9,21
11573,0,1,1
1300,2,1,3
7232,7,3,10
2145,6,6,12
12418,0,1,1
877,31,7,38
3500,1,9,10
3905,5,7,12
114,20,5,25
147,24,8,32
5683,1,8,9
596,10,5,15
10869,0,1,1
837,15,5,20
11110,0,1,1
6005,1,10,11
11388,0,5,5
1115,2,1,3
1214,9,5,14
11487,0,1,1
11392,0,5,5
1119,5,1,6
1218,7,6,13
11491,0,2,2
6341,9,14,23
11429,0,6,6
1156,6,1,7
1255,16,10,26
6411,10,7,17
1324,16,14,30
2885,7,14,21
3046,4,15,19
3738,5,6,11
3931,4,10,14
4058,7,8,15
9781,1,19,20
4694,3,11,14
4321,3,5,8
9408,1,12,13
947,17,3,20
6034,13,33,46
1794,14,12,26
6881,3,13,16
11974,38,25,63
1701,4,1,5
1800,1,3,4
6887,4,7,11
6974,1,5,6
2508,5,2,7
7595,4,9,13
9840,8,23,31
472,24,6,30
7368,4,2,6
2281,19,21,40
7876,5,16,21
2789,6,5,11
9860,0,1,1
3115,6,7,13
385,2,1,3
10658,0,1,1
5472,8,21,29
4505,14,24,38
4572,2,15,17
1129,35,3,38
11402,0,1,1
6976,3,5,8
1200,9,3,12
11473,0,1,1
6287,5,15,20
11374,0,3,3
1101,4,3,7
89,33,0,33
5177,0,2,2
97,1,1,2
110,34,7,41
113,6,1,7
117,4,1,5
806,7,4,11
11079,0,1,1
5893,3,9,12
1282,15,11,26
11555,0,1,1
6369,15,17,32
2523,16,5,21
7610,12,45,57
1328,22,16,38
6435,9,5,14
3739,5,17,22
11398,0,3,3
1125,11,2,13
6311,2,21,23
1622,11,12,23
6709,7,24,31
2209,8,15,23
12482,0,1,1
7296,0,11,11
8341,10,18,28
3627,6,8,14
4002,4,9,13
6359,2,13,15
4480,28,8,36
9567,0,12,12
139,2,1,3
1771,30,19,49
6858,1,2,3
7387,4,3,7
5403,5,13,18
316,5,3,8
3625,5,16,21
1661,17,3,20
11835,10,31,41
1562,5,1,6
6748,3,11,14
4391,2,6,8
4018,4,7,11
9105,0,2,2
6847,14,15,29
6856,1,12,13
2205,0,3,3
12478,0,1,1
7292,3,15,18
7697,12,40,52
10054,7,10,17
2666,2,2,4
7753,4,23,27
3073,19,53,72
8160,0,17,17
5449,1,6,7
362,25,10,35
5671,2,3,5
584,26,5,31
831,8,3,11
6419,1,5,6
3316,10,8,18
8403,10,12,22
6424,0,2,2
1337,6,15,21
1442,3,5,8
696,40,9,49
2933,5,5,10
8048,5,16,21
2961,7,10,17
604,14,1,15
10877,0,1,1
3381,10,12,22
3521,6,9,15
9139,0,1,1
4052,5,11,16
8766,5,21,26
4255,5,10,15
4268,9,11,20
4683,14,14,28
104,16,3,19
5191,1,3,4
369,0,2,2
5456,7,12,19
570,14,6,20
5657,1,9,10
780,22,2,24
11053,0,1,1
5867,0,4,4
5883,2,10,12
5952,8,11,19
1857,20,15,35
6944,6,10,16
7312,0,13,13
7801,1,15,16
8092,0,7,7
1021,12,6,18
3085,0,2,2
8172,0,12,12
3257,7,21,28
8344,5,8,13
8384,5,15,20
8390,2,21,23
8597,9,19,28
3883,7,11,18
8616,2,17,19
8800,2,9,11
8934,3,19,22
4220,8,6,14
11362,0,29,29
1089,5,1,6
6484,5,30,35
1397,6,4,10
6681,8,11,19
2906,3,3,6
7993,0,12,12
549,26,0,26
5636,3,6,9
1743,13,5,18
12016,7,16,23
3013,19,13,32
9497,1,16,17
4410,7,21,28
12592,1,1,2
2319,4,1,5
7505,1,10,11
6706,10,24,34
1340,9,9,18
3615,5,21,26
2331,5,3,8
12505,0,1,1
2232,4,4,8
7418,2,16,18
7564,3,13,16
7568,3,26,29
8104,0,17,17
3390,10,12,22
8105,0,6,6
9162,1,9,10
3024,6,10,16
6599,1,10,11
3959,2,5,7
4687,4,14,18
666,20,5,25
10939,0,2,2
1265,90,15,105
6423,3,5,8
963,1,2,3
6050,3,14,17
6528,2,3,5
695,0,2,2
3798,13,11,24
8512,6,10,16
1683,4,3,7
1895,11,5,16
1960,22,11,33
12233,0,1,1
3944,0,2,2
9031,4,8,12
7291,2,9,11
2204,1,4,5
12477,0,1,1
7840,3,15,18
2753,4,3,7
3207,2,4,6
3304,3,4,7
3346,5,5,10
8467,8,16,24
3380,13,12,25
8480,4,9,13
3393,1,11,12
3530,0,2,2
4093,12,17,29
4098,3,29,32
4339,0,2,2
4477,24,21,45
4521,2,7,9
4624,28,23,51
4685,7,17,24
4712,2,4,6
5245,4,5,9
1560,2,2,4
6647,3,4,7
6649,0,13,13
1752,5,6,11
12025,1,3,4
6839,6,19,25
6882,2,26,28
12148,0,1,1
1875,2,1,3
7061,0,3,3
7273,2,6,8
2752,17,9,26
7839,0,2,2
8599,6,28,34
3885,24,13,37
3936,2,4,6
9023,0,2,2
9755,0,3,3
9951,7,15,22
337,3,1,4
358,23,14,37
697,3,1,4
6531,3,7,10
1444,21,11,32
700,197,27,224
10973,0,2,2
5788,2,29,31
701,36,6,42
5789,4,4,8
702,45,11,56
5790,6,13,19
703,109,22,131
706,8,1,9
2874,8,5,13
7961,1,12,13
6416,11,30,41
2450,11,3,14
7537,1,23,24
194,10,3,13
6791,5,20,25
1704,8,11,19
1220,10,5,15
11493,0,1,1
11394,0,2,2
1121,4,1,5
6307,6,1,7
3579,2,11,13
8666,0,5,5
1755,10,13,23
12028,3,5,8
6842,7,10,17
9572,1,27,28
4485,1,8,9
4470,4,5,9
930,57,8,65
11203,0,1,1
6309,1,1,2
1222,13,7,20
11495,0,2,2
1315,24,14,38
6688,4,14,18
1601,14,11,25
2912,6,10,16
8694,2,11,13
3607,9,18,27
8810,5,8,13
3723,3,5,8
4004,1,11,12
9447,0,2,2
4360,5,9,14
4936,2,6,8
9,25,2,27
5096,1,10,11
453,43,7,50
10726,0,2,2
5540,3,6,9
746,7,2,9
11019,1,2,3
5833,2,12,14
11317,0,23,23
1044,0,1,1
6230,4,7,11
6246,2,3,5
6732,4,11,15
7317,18,16,34
2352,10,10,20
7439,1,14,15
2589,1,3,4
7676,1,2,3
8398,5,12,17
8431,7,10,17
3916,4,12,16
9003,6,9,15
7440,1,2,3
2353,1,2,3
6825,3,10,13
137,19,3,22
10410,0,10,10
5227,3,13,16
140,0,1,1
5001,1,3,4
10088,13,32,45
5374,8,4,12
1851,16,11,27
12124,1,5,6
2318,7,12,19
2898,8,15,23
6608,6,3,9
10017,1,12,13
10122,1,7,8
10205,1,15,16
5431,8,6,14
344,23,4,27
474,10,4,14
1231,10,7,17
6334,15,9,24
1247,10,10,20
1807,8,3,11
8027,1,2,3
2940,5,6,11
4253,19,25,44
1223,1,5,6
11496,0,11,11
6310,4,13,17
11397,0,5,5
1124,0,1,1
1802,2,2,4
6960,0,2,2
6961,0,2,2
518,7,4,11
7962,1,2,3
2875,0,2,2
8385,6,10,16
3298,16,16,32
3708,3,2,5
3335,8,7,15
8422,8,8,16
978,35,15,50
11251,0,1,1
6065,3,12,15
3984,5,4,9
330,38,4,42
4879,18,47,65
5516,4,12,16
6420,3,7,10
4648,3,5,8
10082,0,2,2
4995,15,17,32
6452,16,26,42
5578,1,8,9
491,19,4,23
5604,1,2,3
517,48,9,57
650,8,4,12
698,8,8,16
5039,6,10,16
10126,1,13,14
1078,7,6,13
2139,6,6,12
3148,8,15,23
4260,15,8,23
8355,5,13,18
4891,0,2,2
9978,9,38,47
9998,5,18,23
5269,10,18,28
12261,0,1,1
1988,0,1,1
2087,10,11,21
12360,0,1,1
8637,6,33,39
5323,1,4,5
813,37,16,53
5331,6,11,17
5570,2,3,5
483,25,3,28
828,47,4,51
889,6,3,9
2183,23,6,29
12456,0,2,2
3048,4,8,12
3383,1,2,3
9344,0,5,5
4257,4,13,17
4684,4,3,7
82,8,2,10
5169,1,2,3
5376,3,5,8
1926,10,12,22
12199,0,1,1
7013,2,2,4
8365,3,16,19
8590,1,17,18
8627,7,15,22
8764,3,3,6
3846,11,12,23
8933,4,14,18
4048,7,11,18
9135,1,12,13
5933,8,17,25
6409,4,3,7
6267,15,8,23
1180,9,2,11
7739,3,11,14
2652,14,7,21
8595,1,9,10
545,9,2,11
5744,0,2,2
657,10,4,14
5745,0,3,3
658,6,4,10
6249,3,13,16
11336,6,38,44
1063,16,2,18
1832,24,14,38
7181,7,22,29
2094,14,13,27
12367,0,1,1
2588,6,6,12
7679,2,8,10
2592,3,8,11
2656,7,4,11
819,13,1,14
2791,7,3,10
3690,0,3,3
12015,0,4,4
1742,0,3,3
7642,0,1,1
826,0,1,1
827,3,1,4
829,11,1,12
907,23,2,25
1670,8,4,12
3127,11,11,22
3183,4,1,5
3184,5,1,6
3185,7,1,8
3186,7,1,8
3187,2,2,4
3188,4,1,5
3189,3,1,4
3190,0,1,1
3191,4,1,5
3865,2,6,8
6403,6,7,13
6910,3,2,5
7002,1,1,2
7019,13,41,54
9199,15,15,30
4336,9,2,11
5655,3,1,4
5656,1,1,2
5658,0,1,1
5659,2,1,3
5660,1,1,2
9201,14,26,40
2403,5,2,7
6897,2,2,4
9454,0,1,1
9455,0,1,1
835,10,1,11
840,5,1,6
842,1,1,2
846,5,4,9
4706,1,1,2
1734,0,3,3
1817,3,2,5
2107,6,6,12
12380,0,1,1
2790,4,3,7
4304,0,1,1
4305,0,1,1
2543,4,2,6
2931,4,5,9
3751,1,7,8
3829,2,4,6
4809,1,7,8
5049,9,3,12
7474,7,1,8
8084,3,1,4
2942,0,1,1
2788,0,1,1
1065,3,2,5
1811,1,3,4
3786,1,2,3
3787,2,1,3
3878,2,2,4
4089,1,2,3
4239,1,3,4
5252,0,1,1
5253,0,3,3
5255,0,2,2
5256,0,2,2
851,4,1,5
854,4,1,5
3743,11,16,27
9333,0,7,7
9742,0,1,1
3581,9,9,18
861,1,1,2
11134,0,2,2
864,3,1,4
865,0,1,1
866,0,2,2
868,2,1,3
869,0,2,2
872,2,1,3
874,0,1,1
875,8,3,11
4593,0,3,3
6525,0,1,1
6527,0,1,1
6529,0,1,1
6530,0,1,1
7222,1,2,3
878,2,1,3
879,0,1,1
885,4,1,5
887,28,1,29
2682,7,2,9
8762,6,8,14
5648,1,3,4
9883,0,2,2
3662,4,9,13
2328,4,5,9
898,16,1,17
11171,0,1,1
899,12,1,13
11172,0,1,1
5271,3,2,5
5749,1,2,3
5750,0,2,2
4061,2,2,4
4062,1,2,3
4064,5,4,9
1697,1,1,2
11970,1,5,6
3480,2,2,4
5173,4,7,11
5315,2,8,10
1472,3,2,5
1589,9,2,11
8082,1,6,7
3963,3,2,5
5445,5,2,7
1652,1,1,2
1654,5,3,8
1655,1,3,4
1657,4,4,8
2604,0,3,3
6356,1,3,4
908,0,1,1
909,6,1,7
912,0,1,1
913,6,1,7
6968,9,5,14
6932,9,4,13
3017,28,6,34
4549,3,2,5
5775,1,2,3
8441,5,6,11
8457,3,4,7
8923,0,1,1
8924,1,1,2
8925,0,1,1
8926,0,2,2
5395,2,3,5
934,0,1,1
1729,17,4,21
6177,6,2,8
6332,7,3,10
6491,0,3,3
6493,1,3,4
7776,1,2,3
7904,0,2,2
8259,0,2,2
9439,0,2,2
9440,0,1,1
2011,14,4,18
2215,5,3,8
12488,0,1,1
9437,0,2,2
9438,1,1,2
6174,7,15,22
6494,0,2,2
6582,6,3,9
7376,7,6,13
7659,9,7,16
7663,1,3,4
7768,0,2,2
7848,2,8,10
7902,0,2,2
7903,0,1,1
7905,0,1,1
7906,0,1,1
8699,11,16,27
7809,4,3,7
7822,0,1,1
8445,5,2,7
1309,0,2,2
9611,0,1,1
936,10,0,10
941,3,1,4
942,7,3,10
972,6,8,14
11245,0,1,1
1586,2,1,3
1587,5,2,7
1592,1,1,2
1593,2,2,4
6395,8,6,14
10249,0,4,4
1712,4,2,6
2150,16,8,24
12423,0,1,1
5222,0,1,1
5223,0,2,2
5224,2,1,3
10241,3,5,8
1665,3,3,6
4101,1,2,3
5074,0,1,1
5075,6,1,7
5077,1,1,2
2467,2,1,3
946,4,1,5
3832,14,9,23
954,10,1,11
955,3,2,5
957,1,1,2
958,4,1,5
11231,0,1,1
959,2,1,3
11232,0,1,1
962,4,1,5
12129,0,2,2
1856,2,1,3
2136,0,1,1
2137,0,1,1
6903,4,2,6
1010,1,2,3
1489,2,2,4
1692,1,2,3
2007,14,2,16
2010,1,2,3
2833,0,2,2
3056,21,4,25
3123,2,2,4
3139,2,4,6
4261,13,2,15
4398,1,2,3
5368,1,2,3
5426,4,3,7
5612,3,3,6
5916,9,2,11
6211,4,2,6
6212,1,6,7
6213,0,2,2
6216,0,2,2
6481,3,2,5
6487,0,5,5
7134,5,5,10
7160,0,4,4
8370,1,3,4
9618,0,2,2
970,5,2,7
11243,0,1,1
973,0,1,1
11246,0,1,1
1824,2,4,6
3259,1,2,3
3582,3,3,6
4080,0,1,1
4538,0,2,2
10248,0,9,9
6805,1,2,3
3578,2,5,7
4628,3,4,7
2448,8,3,11
3763,0,3,3
4963,1,2,3
5089,0,1,1
5090,2,2,4
5091,2,3,5
5092,1,2,3
1000,7,3,10
5897,0,1,1
5898,0,1,1
5899,0,2,2
5900,0,1,1
977,1,1,2
11250,1,1,2
982,2,1,3
11255,0,1,1
984,1,1,2
11257,0,1,1
987,0,1,1
11260,0,1,1
988,1,1,2
11261,0,1,1
5134,4,1,5
6417,1,4,5
2914,4,2,6
5575,0,3,3
7066,4,1,5
991,8,2,10
11264,0,1,1
992,8,1,9
11265,0,1,1
993,8,2,10
11266,0,1,1
995,12,1,13
997,1,1,2
11270,1,2,3
1003,10,3,13
1714,11,3,14
1723,11,4,15
2130,4,2,6
12403,0,1,1
2132,1,2,3
12405,0,1,1
2133,2,3,5
12406,0,1,1
2131,1,2,3
12404,0,1,1
2134,0,1,1
1727,13,6,19
2391,3,5,8
4773,0,1,1
4775,2,2,4
2388,5,3,8
2760,0,1,1
2761,0,1,1
1246,2,3,5
2929,4,4,8
6705,0,1,1
9067,10,2,12
1095,13,3,16
4363,1,2,3
9823,0,2,2
9334,1,2,3
1715,7,1,8
1716,9,1,10
1718,4,2,6
1722,1,1,2
1724,2,1,3
1725,3,1,4
1726,6,2,8
1728,4,1,5
1730,5,1,6
1005,2,1,3
11278,0,1,1
1006,1,1,2
11279,0,1,1
1007,4,1,5
11280,0,3,3
1016,3,1,4
1019,1,1,2
7675,0,1,1
1040,0,1,1
11313,0,1,1
1041,0,1,1
11314,0,1,1
1043,0,1,1
11316,0,1,1
5805,1,7,8
4335,0,1,1
4337,0,1,1
4338,0,1,1
1804,0,2,2
5878,0,1,1
5879,2,2,4
6760,1,7,8
9994,3,6,9
7004,3,3,6
9244,0,2,2
6945,0,3,3
9494,1,4,5
6014,7,2,9
7192,4,1,5
1064,1,1,2
1067,3,1,4
1068,0,1,1
1073,3,1,4
1074,0,1,1
1075,2,1,3
1076,2,1,3
1080,1,1,2
1081,0,1,1
1082,16,1,17
1085,3,1,4
1087,1,1,2
3200,4,1,5
3201,1,1,2
3202,0,1,1
5926,2,7,9
6173,1,4,5
7102,0,4,4
10124,0,1,1
10125,0,1,1
4238,3,5,8
1100,4,1,5
4143,2,2,4
9616,0,1,1
3552,8,3,11
4046,3,4,7
6823,4,2,6
5176,0,1,1
10260,1,7,8
3415,2,3,5
1104,2,1,3
1105,0,1,1
1108,3,1,4
1112,1,1,2
9359,1,1,2
2516,5,2,7
4320,2,2,4
4442,2,1,3
4443,0,1,1
3656,1,2,3
3657,1,3,4
3658,0,2,2
3659,0,2,2
1271,3,2,5
2027,0,1,1
12300,0,1,1
2028,0,1,1
12301,0,1,1
3163,3,7,10
1117,2,1,3
11390,0,1,1
1123,0,2,2
11396,0,1,1
1126,11,1,12
11399,0,1,1
1744,10,4,14
2687,0,2,2
4707,0,2,2
4708,0,2,2
4709,3,1,4
4849,0,2,2
6692,0,1,1
6693,0,5,5
6694,0,1,1
7789,1,1,2
5068,1,4,5
1132,4,1,5
11405,0,2,2
1138,2,1,3
1143,0,2,2
3230,4,4,8
3242,3,2,5
3260,1,10,11
3544,2,2,4
3744,4,6,10
3746,1,3,4
5419,3,9,12
5825,0,4,4
9518,2,2,4
9519,0,2,2
3601,4,6,10
2078,6,1,7
2079,9,2,11
2084,0,1,1
1322,4,4,8
4087,0,2,2
4606,0,1,1
1757,1,1,2
11788,7,15,22
1515,0,1,1
6284,0,1,1
6285,1,1,2
6286,0,1,1
1149,1,1,2
11422,0,2,2
5904,2,8,10
9624,1,5,6
8241,0,1,1
2437,13,4,17
5488,7,6,13
6450,7,7,14
1160,20,1,21
1161,1,1,2
1164,0,1,1
3399,18,5,23
4348,0,1,1
6840,7,2,9
4001,1,2,3
4003,0,1,1
4006,2,2,4
4501,6,3,9
1181,2,1,3
1182,1,1,2
1183,6,1,7
1184,1,1,2
1185,0,1,1
1186,0,1,1
1188,1,1,2
1189,9,1,10
8887,2,4,6
4400,2,1,3
4401,0,2,2
4402,0,2,2
2537,1,2,3
2901,1,2,3
2902,1,2,3
4486,1,2,3
4488,0,1,1
1199,1,1,2
11472,0,1,1
1203,2,1,3
1209,1,1,2
1212,0,1,1
6643,3,5,8
6646,2,9,11
8337,5,2,7
1216,1,1,2
11489,0,1,1
1221,0,2,2
11494,0,2,2
3512,3,3,6
4496,0,4,4
1637,3,2,5
2934,5,2,7
6354,6,7,13
7810,0,1,1
7811,0,1,1
6662,5,6,11
6408,8,5,13
6715,4,3,7
7916,0,2,2
8044,0,2,2
9768,0,1,1
1751,18,3,21
12024,0,5,5
1803,3,2,5
3372,10,6,16
3373,2,1,3
3374,5,4,9
1234,9,0,9
11507,0,2,2
1235,2,1,3
1236,0,1,1
1237,0,1,1
1238,0,1,1
1239,0,1,1
1240,2,1,3
1241,0,1,1
1242,0,1,1
1243,0,1,1
1249,0,1,1
1251,3,2,5
1253,3,1,4
11526,0,1,1
1257,6,1,7
1258,3,1,4
5378,3,2,5
7051,2,2,4
8439,4,3,7
2304,3,2,5
3382,6,6,12
4776,1,1,2
4778,1,1,2
4780,0,1,1
4781,0,1,1
4782,1,1,2
4783,1,1,2
4785,3,3,6
4786,5,6,11
4852,3,13,16
5947,0,4,4
2515,0,1,1
8610,6,6,12
1261,3,1,4
1262,0,1,1
1264,1,1,2
1266,0,1,1
1268,2,1,3
1269,0,1,1
1270,22,1,23
1272,0,1,1
1273,0,1,1
1274,0,1,1
1532,8,1,9
3015,6,3,9
3021,3,3,6
3556,5,6,11
3635,1,3,4
3636,4,2,6
3640,3,3,6
4546,5,3,8
5067,1,2,3
6196,0,2,2
6995,1,2,3
6999,1,3,4
7114,4,4,8
7117,10,11,21
8440,2,9,11
8468,1,2,3
8739,0,4,4
8740,2,6,8
8797,1,4,5
8805,0,3,3
8821,0,2,2
8822,0,4,4
8824,5,6,11
9968,1,4,5
12426,0,1,1
2153,2,1,3
9302,0,4,4
2960,9,5,14
2964,12,3,15
5247,6,3,9
5281,2,2,4
5769,5,4,9
1278,0,1,1
1281,0,1,1
1283,2,1,3
11556,0,1,1
1286,7,1,8
11559,0,1,1
1287,0,1,1
11560,0,1,1
1288,4,1,5
11561,0,1,1
1289,3,1,4
11562,0,1,1
1290,0,1,1
11563,0,1,1
1292,0,2,2
11565,0,1,1
1293,0,1,1
11566,0,1,1
1294,1,1,2
11567,1,1,2
1295,1,1,2
11568,0,1,1
1296,1,1,2
11569,0,1,1
3151,21,3,24
3251,7,3,10
3332,5,5,10
5417,2,6,8
9861,0,1,1
1454,0,2,2
3857,0,2,2
4691,0,2,2
4692,1,2,3
3877,5,3,8
4660,2,3,5
4661,0,2,2
5539,3,2,5
6183,0,2,2
12201,0,1,1
1928,6,3,9
5109,16,2,18
5732,0,1,1
5733,0,1,1
5734,0,1,1
1299,1,1,2
1303,9,1,10
1304,1,1,2
2415,3,7,10
3084,7,1,8
3911,3,2,5
7454,5,7,12
7935,1,1,2
4404,4,1,5
1316,4,1,5
1318,12,1,13
1323,2,1,3
1326,3,1,4
2590,2,4,6
4145,2,2,4
4955,0,2,2
8225,3,8,11
2594,1,1,2
3132,6,2,8
2905,0,2,2
3243,15,5,20
3503,9,10,19
8393,6,9,15
5480,2,2,4
5521,2,2,4
5044,1,4,5
6338,3,4,7
6443,1,2,3
7010,0,4,4
4278,3,3,6
8331,0,3,3
8878,1,2,3
1354,2,1,3
11627,0,1,1
1355,0,1,1
11628,0,1,1
1358,0,1,1
11631,0,1,1
9264,0,1,1
9265,1,2,3
9266,0,1,1
9267,0,1,1
9268,0,1,1
2616,0,3,3
9102,0,3,3
1360,6,1,7
11633,0,3,3
1365,1,1,2
1366,2,1,3
1367,2,1,3
4799,1,4,5
1370,18,1,19
9197,0,1,1
2853,5,2,7
3153,6,2,8
3237,0,1,1
3238,5,1,6
3239,0,1,1
3240,6,4,10
3241,0,1,1
1373,1,1,2
1375,2,1,3
1376,0,2,2
1377,0,2,2
4793,1,2,3
5250,3,1,4
5251,4,1,5
4077,1,3,4
5803,1,1,2
5804,0,1,1
5972,1,3,4
3232,5,3,8
5948,3,3,6
8019,3,8,11
9245,10,5,15
9246,1,10,11
9631,0,1,1
9632,0,1,1
9784,0,2,2
3483,2,2,4
1408,0,1,1
1411,6,1,7
3416,8,3,11
8176,0,7,7
2794,2,2,4
8332,0,1,1
8334,0,1,1
3529,0,1,1
7234,4,5,9
3469,1,2,3
4383,0,1,1
1446,2,1,3
1448,12,1,13
1449,1,1,2
11722,0,2,2
1455,3,1,4
1457,0,1,1
11730,0,1,1
4242,7,4,11
1570,3,1,4
1574,3,1,4
1769,9,6,15
1465,4,0,4
11738,7,13,20
1466,5,1,6
1467,0,1,1
1468,0,1,1
1469,0,1,1
1471,4,1,5
1474,0,1,1
11747,1,1,2
1481,1,3,4
1482,1,2,3
1483,1,2,3
1485,4,2,6
1486,7,2,9
5440,1,4,5
7936,0,2,2
7939,0,2,2
7940,0,2,2
9694,0,1,1
9695,0,1,1
9696,0,1,1
1675,1,2,3
1816,10,3,13
12089,10,6,16
2117,2,4,6
12390,0,1,1
2924,1,2,3
2980,2,3,5
3114,8,3,11
3371,2,3,5
3506,0,2,2
3573,1,2,3
3767,1,2,3
4090,1,3,4
4096,1,2,3
4136,3,5,8
4412,0,4,4
4693,0,2,2
4695,0,4,4
5040,1,2,3
5093,0,2,2
5229,1,2,3
5309,0,2,2
5511,1,3,4
5781,1,2,3
5846,2,2,4
6576,2,2,4
8984,1,3,4
9269,0,3,3
9452,0,2,2
9472,0,3,3
9839,1,3,4
9963,0,3,3
9964,0,3,3
10156,2,3,5
12379,0,1,1
2106,0,1,1
12385,0,2,2
2112,0,1,1
12386,0,1,1
2113,1,1,2
12395,0,2,2
2122,5,1,6
2213,1,3,4
12486,0,1,1
2216,2,4,6
12489,0,1,1
2882,1,1,2
5549,0,2,2
5550,3,4,7
6078,0,2,2
1779,4,2,6
9198,0,1,1
9161,0,1,1
1504,1,1,2
1505,0,1,1
1506,0,2,2
1507,0,1,1
1509,0,1,1
1510,0,1,1
1511,0,1,1
1514,0,1,1
11787,0,1,1
1898,0,1,1
1899,0,1,1
1900,1,1,2
12173,0,2,2
1518,2,1,3
1521,4,1,5
1522,1,1,2
1524,1,1,2
11797,0,1,1
4292,5,9,14
1963,9,3,12
8359,1,2,3
8648,0,1,1
8649,0,1,1
8650,0,2,2
8651,0,3,3
8652,0,3,3
7071,1,3,4
6908,6,1,7
1959,1,1,2
12232,0,1,1
1962,0,1,1
1965,5,1,6
12238,0,1,1
5753,4,5,9
5844,0,1,1
5845,0,2,2
1533,1,1,2
11806,0,1,1
1534,4,1,5
11807,0,1,1
1536,3,1,4
11809,0,1,1
1537,5,1,6
11810,0,1,1
1538,1,1,2
11811,0,1,1
1539,1,1,2
11812,0,1,1
9924,2,6,8
5341,4,2,6
8381,4,3,7
8401,1,1,2
8402,3,1,4
8533,5,17,22
3026,10,5,15
1541,2,1,3
11814,0,1,1
1542,24,1,25
11815,0,1,1
1545,2,1,3
1546,0,1,1
1549,4,1,5
3358,5,2,7
3575,19,4,23
3577,3,2,5
3580,4,4,8
3583,3,4,7
3585,4,3,7
3586,8,7,15
3588,2,6,8
3591,3,2,5
3848,6,12,18
3851,1,11,12
3853,0,3,3
4178,2,3,5
4185,2,10,12
8343,0,8,8
9400,0,1,1
9401,0,1,1
9402,0,1,1
9403,0,2,2
9404,0,1,1
1663,12,3,15
2921,14,3,17
9361,1,3,4
1578,8,2,10
1581,11,2,13
2242,2,4,6
2495,3,4,7
4418,2,4,6
4533,1,7,8
5025,2,7,9
9206,1,3,4
9501,0,1,1
9502,0,1,1
9503,0,1,1
2279,1,4,5
4416,0,3,3
5046,1,2,3
5402,4,6,10
3894,5,2,7
7981,0,2,2
1556,7,1,8
1557,5,1,6
1565,2,1,3
1566,7,2,9
7740,8,14,22
2582,2,3,5
4500,1,2,3
8008,2,2,4
6449,1,2,3
7259,6,3,9
8488,4,2,6
1576,10,0,10
1577,4,1,5
1579,0,1,1
1584,8,2,10
1837,1,3,4
4698,1,1,2
2360,17,3,20
2472,23,2,25
2955,4,5,9
3425,0,1,1
3426,3,3,6
3427,1,1,2
3428,0,1,1
3429,1,1,2
4194,5,6,11
5085,0,3,3
4413,0,1,1
4414,1,2,3
4417,0,1,1
2626,8,3,11
1595,0,1,1
1598,0,1,1
1602,0,1,1
1605,1,1,2
1606,1,1,2
11879,0,1,1
1607,0,1,1
11880,0,1,1
1608,0,1,1
11881,0,1,1
1609,0,2,2
11882,0,1,1
5100,0,1,1
5101,0,2,2
5102,2,1,3
5616,1,2,3
5806,1,6,7
8655,2,2,4
8837,0,3,3
12415,0,1,1
2142,2,1,3
12416,0,1,1
2143,1,1,2
5265,0,3,3
5588,0,1,1
1612,0,1,1
1614,0,1,1
1616,1,1,2
1619,1,1,2
1620,1,1,2
1621,2,1,3
1623,0,1,1
1624,5,1,6
1625,0,1,1
1628,0,1,1
2814,6,5,11
5837,1,3,4
9282,1,1,2
9283,0,1,1
9284,0,1,1
9286,0,1,1
4508,1,4,5
5826,1,1,2
3907,7,4,11
6537,1,4,5
6955,3,2,5
9526,0,2,2
9528,0,2,2
9931,0,2,2
6540,1,5,6
9525,0,1,1
9527,0,1,1
4306,3,2,5
5580,3,4,7
1635,0,1,1
1636,2,1,3
1644,1,0,1
1645,0,1,1
1647,0,1,1
1649,2,1,3
1650,20,1,21
1651,1,1,2
3988,1,2,3
5696,1,3,4
7041,1,2,3
8664,1,1,2
8667,7,4,11
8758,3,3,6
6199,0,1,1
4667,0,1,1
4668,2,1,3
4669,0,1,1
4670,0,1,1
4671,1,1,2
4672,0,1,1
4673,1,1,2
4674,1,1,2
4675,3,1,4
4676,0,1,1
4677,0,1,1
1668,3,1,4
6980,3,7,10
3511,1,1,2
3515,0,1,1
3516,2,2,4
5651,3,5,8
8129,2,4,6
7075,0,2,2
6988,1,4,5
1679,2,0,2
1680,1,1,2
1681,0,1,1
1686,0,1,1
1687,0,1,1
1688,1,1,2
4163,3,1,4
4164,0,1,1
4165,0,1,1
4450,2,1,3
4451,5,1,6
4452,1,1,2
5302,1,2,3
5303,0,1,1
1700,8,1,9
1705,4,1,5
1706,0,1,1
1707,7,1,8
1708,1,1,2
6458,4,6,10
10062,11,9,20
9760,0,3,3
1710,0,1,1
11983,0,2,2
1711,0,1,1
1713,0,1,1
2390,1,3,4
2392,1,3,4
2387,1,1,2
2389,2,1,3
2393,5,1,6
9474,1,1,2
1732,0,1,1
1733,0,1,1
1736,0,2,2
1737,0,1,1
1738,1,1,2
1739,0,1,1
1946,5,2,7
12219,0,1,1
1949,0,2,2
12222,0,1,1
3973,1,3,4
3975,1,4,5
6094,2,5,7
6893,2,3,5
9432,0,2,2
9815,0,1,1
9816,0,1,1
9817,0,1,1
1748,0,1,1
1749,1,1,2
1750,0,1,1
3276,3,3,6
2343,12,3,15
6058,1,1,2
5078,0,2,2
1760,0,1,1
1763,0,1,1
1842,4,2,6
4294,3,11,14
9900,0,1,1
9589,0,1,1
1815,5,1,6
1781,0,1,1
1782,0,1,1
1783,3,1,4
1784,0,1,1
1785,2,1,3
1786,0,1,1
1788,0,1,1
1789,3,1,4
1795,4,1,5
1796,1,1,2
3104,1,2,3
4525,1,2,3
7286,1,2,3
7603,0,2,2
9934,0,2,2
2126,4,4,8
12399,0,1,1
2229,0,1,1
12502,0,1,1
4831,0,2,2
9484,0,2,2
5466,0,3,3
9891,1,2,3
9892,0,3,3
6069,1,3,4
2125,6,3,9
12398,0,2,2
2127,5,3,8
12400,0,1,1
2129,2,1,3
12402,0,1,1
1805,0,1,1
4710,0,1,1
4711,0,1,1
4713,0,1,1
4340,2,1,3
9384,0,1,1
2740,3,3,6
1822,2,1,3
1823,5,1,6
1825,13,1,14
1827,0,1,1
12100,6,4,10
1828,0,1,1
1829,1,1,2
1830,1,1,2
9124,0,2,2
8711,5,3,8
1840,0,1,1
1841,1,2,3
12114,4,2,6
6418,0,2,2
9107,0,1,1
9108,1,2,3
1843,4,1,5
1844,0,1,1
1845,5,1,6
3233,2,2,4
4645,2,3,5
7927,1,1,2
1852,0,1,1
1853,1,1,2
10187,17,7,24
2416,1,1,2
2417,1,1,2
2418,4,1,5
2421,0,1,1
2423,1,1,2
2424,2,1,3
4013,2,3,5
2449,4,2,6
1861,1,1,2
1862,11,1,12
5171,1,1,2
5780,8,11,19
9512,5,8,13
2976,12,4,16
2198,3,2,5
12471,0,1,1
2199,1,2,3
12472,0,1,1
2193,7,1,8
12466,0,1,1
2195,5,1,6
12468,0,1,1
2197,0,1,1
12470,0,1,1
7509,0,1,1
2948,0,2,2
5016,0,5,5
3637,5,2,7
8623,3,3,6
8941,0,2,2
9011,0,9,9
9056,0,2,2
12182,0,3,3
1909,0,1,1
12500,0,1,1
2227,1,1,2
1892,0,1,1
1902,0,1,1
12175,0,1,1
1903,0,1,1
12176,0,2,2
1905,0,1,1
12178,0,2,2
1907,0,2,2
12180,0,2,2
1910,0,1,1
12183,0,1,1
3180,1,2,3
3672,14,3,17
4818,2,4,6
4055,2,1,3
4134,0,3,3
4991,3,4,7
7182,1,3,4
9663,0,1,1
9664,0,1,1
9665,0,1,1
9666,0,1,1
9667,0,2,2
3174,0,1,1
3175,3,1,4
3176,0,1,1
3178,0,1,1
3181,0,1,1
3182,7,2,9
4384,0,1,1
4385,0,1,1
6342,3,5,8
6470,3,4,7
9898,0,1,1
1938,0,1,1
12211,0,1,1
1939,0,1,1
12212,0,1,1
1940,8,1,9
12213,0,1,1
1943,2,1,3
12216,0,1,1
2398,0,2,2
2400,4,2,6
3062,8,3,11
9605,0,1,1
2522,1,2,3
3293,2,2,4
3443,11,3,14
5738,1,3,4
6835,0,2,2
7900,0,2,2
1945,3,1,4
12218,0,1,1
1947,0,1,1
12220,0,1,1
1948,0,1,1
12221,0,1,1
1950,0,1,1
12223,0,1,1
1951,1,1,2
12224,0,1,1
1952,0,1,1
12225,0,1,1
7999,0,2,2
9305,0,2,2
12492,0,2,2
2219,0,1,1
4937,1,2,3
3467,0,1,1
3468,0,1,1
2383,1,2,3
9645,0,2,2
5107,1,5,6
6601,0,1,1
2003,4,1,5
6264,2,2,4
2015,5,1,6
12288,0,1,1
4432,0,2,2
9819,1,6,7
3051,0,1,1
2022,2,1,3
12295,0,1,1
2999,1,2,3
3477,0,2,2
3478,0,2,2
6031,0,2,2
8633,1,2,3
10151,0,1,1
10152,0,1,1
2031,1,1,2
2032,4,1,5
2033,2,1,3
2034,5,1,6
2035,3,1,4
2036,1,1,2
2037,4,1,5
2039,1,2,3
2040,1,1,2
2041,1,1,2
4794,0,1,1
3131,4,2,6
4316,2,2,4
9878,0,2,2
9879,0,1,1
5987,0,2,2
2597,1,2,3
4021,3,3,6
4022,3,2,5
4611,0,1,1
4612,1,2,3
4614,5,2,7
4615,0,1,1
2583,3,2,5
4910,0,1,1
4911,0,1,1
4912,0,1,1
5200,5,1,6
5151,6,3,9
5957,4,2,6
9558,0,1,1
2539,2,1,3
2540,0,2,2
2541,0,1,1
2621,1,2,3
5757,0,1,1
5758,0,1,1
2772,3,3,6
4652,5,2,7
4813,1,4,5
10228,1,2,3
9902,0,3,3
2075,1,1,2
2608,2,3,5
4491,0,1,1
6208,0,2,2
2088,2,1,3
12361,0,1,1
2089,0,1,1
12362,0,1,1
2093,0,1,1
12366,0,1,1
5455,2,3,5
9487,0,2,2
2101,0,1,1
12374,0,1,1
3294,3,11,14
9653,0,1,1
9604,0,1,1
5484,0,2,2
9821,0,1,1
9822,0,1,1
3661,0,3,3
5364,2,3,5
2141,1,1,2
4387,0,1,1
5618,3,3,6
6028,1,1,2
2151,12,1,13
12424,0,1,1
2152,0,1,1
12425,0,1,1
2568,2,2,4
8017,2,2,4
8032,1,1,2
8033,1,1,2
8034,1,2,3
8035,1,1,2
8036,2,2,4
3602,2,2,4
9792,0,1,1
5474,1,5,6
5479,1,4,5
9727,0,1,1
2926,1,3,4
4251,1,1,2
4252,1,1,2
4254,0,1,1
2741,0,2,2
9389,0,1,1
9390,0,1,1
2180,0,1,1
12453,2,2,4
2181,1,1,2
2184,2,1,3
12457,0,1,1
2185,3,2,5
12458,0,2,2
2186,3,1,4
12459,0,1,1
2187,0,1,1
12460,0,1,1
2188,2,1,3
12461,0,1,1
2189,0,1,1
12462,0,1,1
2191,0,1,1
12464,0,1,1
2192,1,1,2
12465,0,1,1
3558,6,3,9
6159,0,1,1
6160,0,1,1
6161,0,1,1
6162,0,1,1
9700,0,1,1
9701,1,1,2
9702,0,1,1
2570,21,3,24
2944,5,2,7
2962,1,2,3
3025,6,2,8
4117,3,4,7
4653,2,4,6
4656,2,5,7
5035,5,3,8
5773,1,3,4
5908,0,4,4
5959,0,3,3
6755,0,2,2
7016,0,3,3
8386,0,2,2
8528,0,3,3
8591,0,2,2
8615,1,3,4
8895,0,2,2
9020,0,3,3
9170,0,2,2
2208,0,1,1
12481,0,1,1
2211,1,1,2
12484,0,1,1
2212,0,1,1
12485,0,1,1
2214,2,1,3
12487,0,1,1
2217,3,1,4
12490,0,1,1
7520,1,2,3
8302,0,1,1
8303,0,1,1
2220,0,1,1
12493,0,1,1
2221,0,1,1
12494,0,1,1
2222,0,1,1
12495,0,1,1
2223,1,1,2
12496,0,1,1
2224,0,1,1
12497,0,1,1
2225,0,1,1
12498,0,1,1
2226,0,1,1
12499,0,1,1
3459,5,2,7
5233,3,6,9
5234,3,2,5
7633,0,5,5
7634,1,2,3
2239,1,1,2
2240,2,1,3
2244,2,2,4
2499,3,3,6
7841,0,2,2
7843,0,4,4
2261,1,2,3
12534,0,1,1
2356,4,2,6
4186,1,2,3
5307,1,3,4
9203,0,2,2
2498,1,3,4
9522,0,1,1
2257,0,1,1
12530,0,1,1
2258,0,1,1
12531,0,1,1
2249,2,1,3
2250,0,1,1
2251,1,1,2
2252,0,1,1
2253,0,1,1
5036,0,1,1
5037,0,1,1
5038,1,1,2
4647,0,3,3
4751,4,6,10
9137,0,2,2
9158,0,1,1
2922,1,2,3
3473,0,2,2
5147,0,1,1
2260,6,0,6
12533,0,1,1
2262,10,1,11
12535,0,1,1
6296,2,5,7
2272,3,1,4
12545,0,1,1
5226,4,2,6
3971,0,1,1
3972,0,2,2
3974,1,2,3
2278,4,1,5
2280,2,1,3
2282,5,1,6
2283,2,1,3
2284,1,1,2
9083,12,2,14
6415,6,5,11
6515,3,5,8
8880,0,1,1
4512,2,3,5
4514,4,3,7
6056,0,3,3
9799,0,2,2
9800,0,1,1
9081,1,1,2
3351,9,1,10
2288,2,1,3
2290,0,1,1
2292,1,1,2
2294,1,1,2
3068,7,2,9
3069,9,2,11
2296,0,1,1
2298,5,1,6
2299,0,1,1
2300,1,1,2
2302,1,1,2
2303,0,1,1
2305,0,1,1
2306,1,2,3
2308,2,1,3
3724,5,2,7
3522,2,2,4
2313,0,1,1
2317,1,1,2
3880,1,1,2
3389,2,1,3
2623,18,1,19
2321,1,1,2
2322,3,1,4
2323,3,1,4
2326,0,1,1
2327,0,1,1
4123,2,2,4
9362,0,1,1
9363,0,1,1
9364,0,1,1
4115,1,1,2
4116,2,1,3
4118,0,1,1
4121,0,2,2
4122,0,1,1
4124,1,1,2
5285,0,1,1
5286,4,1,5
2332,1,1,2
2333,1,1,2
2334,2,1,3
5032,4,3,7
2336,1,1,2
2337,3,1,4
2338,2,1,3
2339,1,1,2
2341,3,1,4
2342,2,1,3
2346,13,1,14
2347,3,1,4
2351,5,1,6
2571,1,2,3
6306,2,1,3
10223,6,9,15
3290,2,2,4
4421,0,2,2
6044,1,3,4
2355,0,1,1
2357,0,1,1
2359,4,1,5
3128,1,2,3
3902,0,2,2
3908,2,2,4
4135,0,2,2
4281,0,2,2
4697,4,3,7
6542,1,4,5
6543,0,4,4
6959,1,2,3
8095,0,5,5
9562,0,3,3
2364,3,1,4
2366,1,1,2
2370,2,1,3
2371,1,1,2
2372,2,1,3
3310,5,1,6
3311,0,1,1
3312,4,1,5
3313,0,1,1
3314,0,1,1
3315,0,1,1
2375,0,1,1
2376,3,1,4
2839,1,1,2
2841,0,1,1
2842,5,2,7
2395,12,1,13
2399,3,1,4
9613,0,1,1
9614,1,1,2
2524,12,3,15
2977,1,2,3
4617,2,4,6
4816,0,1,1
5876,0,1,1
2404,5,1,6
2405,0,1,1
2406,7,1,8
2407,11,1,12
2408,0,1,1
5842,0,1,1
5106,0,1,1
5573,0,2,2
9281,1,1,2
8991,2,6,8
2427,1,1,2
2428,1,1,2
2429,2,1,3
2431,6,1,7
2432,8,1,9
2434,3,1,4
2435,3,1,4
2436,0,1,1
2438,3,2,5
2551,3,2,5
5489,2,2,4
5493,0,2,2
5495,1,2,3
5508,0,1,1
4974,9,10,19
2447,0,1,1
2452,0,1,1
2453,0,1,1
2456,0,1,1
2457,0,1,1
2458,0,1,1
2459,4,2,6
2460,18,2,20
2461,0,1,1
3060,6,2,8
4898,2,2,4
4899,2,1,3
4900,0,1,1
9058,1,1,2
2468,1,0,1
2923,0,1,1
2927,1,1,2
2928,1,1,2
2930,0,1,1
2471,2,1,3
2473,9,1,10
2477,13,1,14
2478,11,3,14
2479,6,3,9
2481,0,1,1
4108,6,1,7
2956,8,4,12
8250,0,2,2
8251,1,2,3
9853,0,1,1
9854,0,1,1
9855,0,1,1
5002,0,1,1
5003,0,1,1
5004,0,2,2
5005,0,1,1
5006,0,1,1
5007,0,1,1
9648,4,2,6
2824,10,2,12
3793,8,3,11
4427,2,2,4
9110,3,1,4
9111,0,1,1
4403,5,5,10
2494,0,1,1
2497,2,2,4
5405,3,2,5
8135,1,2,3
2501,0,1,1
2503,0,1,1
2504,0,1,1
2506,0,1,1
2507,0,1,1
9935,7,4,11
2509,0,1,1
2510,0,1,1
2511,1,1,2
2512,1,1,2
9276,0,1,1
9277,0,1,1
5414,1,1,2
5416,0,2,2
2525,3,1,4
2528,6,1,7
2529,3,1,4
2532,0,1,1
2534,4,2,6
2535,5,2,7
2536,4,2,6
5486,0,2,2
5487,0,2,2
4079,3,2,5
5818,5,1,6
2544,0,1,1
2547,0,1,1
2553,1,1,2
2555,0,1,1
2556,0,1,1
2557,0,1,1
2558,0,1,1
2559,0,1,1
2560,0,1,1
2561,0,1,1
2562,0,1,1
2563,0,1,1
2564,0,1,1
2566,0,1,1
2567,1,1,2
2569,0,1,1
2572,3,1,4
2573,0,1,1
2574,1,1,2
2575,0,1,1
3534,5,3,8
2777,0,2,2
6355,0,1,1
6357,0,1,1
6358,1,1,2
6007,2,2,4
6677,1,2,3
9673,0,4,4
9703,0,2,2
9704,0,2,2
9550,1,2,3
9765,0,1,1
9766,0,1,1
2596,2,1,3
2599,2,1,3
2601,1,1,2
2603,10,1,11
3538,4,1,5
3539,0,1,1
3540,2,1,3
2607,1,1,2
2610,1,1,2
5824,0,2,2
6139,0,1,1
6140,0,1,1
3066,0,1,1
3067,4,1,5
2620,1,1,2
2624,0,1,1
2629,0,1,1
2630,0,1,1
2631,0,3,3
2632,0,1,1
2633,0,1,1
2634,0,1,1
2635,1,1,2
2636,0,2,2
2637,0,2,2
2638,0,1,1
2639,1,1,2
2640,0,1,1
2641,0,3,3
2701,10,3,13
4985,8,6,14
5115,1,2,3
6229,1,1,2
9159,0,2,2
9160,0,1,1
3352,0,3,3
4378,0,1,1
4379,0,1,1
4381,1,1,2
4382,0,1,1
2643,5,1,6
2646,1,1,2
2647,1,1,2
2648,0,1,1
2649,0,1,1
2650,0,1,1
2651,9,1,10
4851,0,1,1
8369,7,4,11
2667,0,1,1
2669,1,1,2
2670,0,1,1
2673,0,1,1
2674,0,1,1
2675,0,1,1
2676,0,1,1
2677,0,1,1
4325,36,12,48
4039,2,2,4
9851,0,4,4
9852,0,1,1
2683,3,1,4
2684,0,1,1
2685,0,1,1
2686,0,1,1
2688,0,1,1
2703,0,1,1
2704,7,1,8
2706,5,1,6
2707,6,1,7
2708,2,1,3
2709,6,1,7
2710,0,1,1
2712,2,1,3
2714,4,2,6
2715,0,1,1
2717,0,1,1
2718,0,2,2
3157,2,2,4
3159,8,3,11
3833,1,2,3
5829,3,2,5
6345,4,2,6
6346,1,2,3
6347,2,2,4
6405,7,2,9
6571,1,2,3
6612,3,3,6
6687,1,1,2
6689,0,1,1
6690,5,2,7
8918,4,4,8
3897,4,2,6
8307,1,2,3
3156,3,2,5
4429,0,1,1
4430,2,1,3
4431,2,1,3
5194,3,3,6
8777,1,2,3
9977,0,1,1
9979,1,2,3
2720,0,1,1
2721,2,1,3
2725,0,1,1
2727,0,1,1
2728,0,1,1
2729,0,1,1
2730,0,1,1
2731,0,1,1
2732,11,2,13
2733,1,1,2
2735,1,1,2
6220,3,2,5
7717,0,1,1
7718,0,2,2
7719,1,1,2
7721,0,1,1
7722,0,1,1
7723,0,1,1
7724,0,1,1
7725,1,1,2
2851,2,2,4
9726,0,1,1
3118,0,2,2
6127,0,1,1
6128,1,2,3
6254,1,2,3
6282,0,1,1
6283,0,1,1
2739,0,1,1
9433,1,1,2
4205,0,2,2
2745,0,1,1
2746,0,1,1
2765,0,1,1
2766,0,1,1
2767,0,1,1
2768,0,1,1
2769,1,1,2
2770,0,1,1
2771,4,1,5
2775,2,1,3
2776,0,1,1
4308,0,1,1
2792,0,1,1
2795,0,1,1
2796,0,1,1
2797,2,1,3
3344,5,3,8
2801,3,1,4
2802,0,1,1
2804,0,1,1
2805,0,1,1
3486,1,2,3
3490,0,2,2
4518,2,1,3
4519,0,1,1
2813,0,1,1
2816,2,1,3
3871,0,2,2
3872,1,2,3
3873,0,2,2
4696,1,2,3
5310,1,2,3
5693,0,3,3
6523,1,2,3
6957,0,3,3
6958,1,2,3
7600,0,3,3
7602,0,3,3
7605,0,2,2
8273,0,2,2
9758,0,3,3
2819,0,1,1
2820,0,1,1
2821,0,1,1
2822,0,1,1
2823,1,1,2
2825,0,1,1
2826,0,1,1
2827,0,1,1
2829,0,1,1
2830,2,1,3
2831,4,1,5
5268,1,2,3
6068,0,2,2
5365,1,1,2
4441,1,2,3
3639,8,4,12
4224,0,2,2
4861,0,2,2
9863,0,7,7
4126,3,1,4
2846,1,1,2
2847,1,1,2
2849,1,1,2
2850,1,1,2
2852,1,1,2
2854,1,1,2
2855,1,1,2
2856,1,1,2
2857,1,1,2
2858,4,1,5
2859,1,1,2
2860,1,1,2
2861,4,1,5
2863,1,1,2
2864,1,1,2
2865,1,1,2
2866,2,1,3
2868,1,1,2
2869,1,1,2
2870,1,1,2
2871,4,1,5
2872,1,1,2
5889,3,4,7
9706,6,12,18
4757,0,1,1
4758,0,1,1
4759,0,1,1
4760,0,2,2
4761,0,1,1
4762,0,1,1
4763,0,1,1
4764,0,1,1
2876,1,1,2
2877,0,1,1
2881,2,1,3
2990,0,1,1
2991,3,1,4
2992,2,1,3
2993,1,1,2
2996,5,1,6
2888,0,1,1
6392,2,2,4
10210,0,1,1
10211,0,1,1
10212,0,1,1
10213,0,1,1
3158,3,2,5
9776,0,2,2
10137,1,2,3
10164,1,1,2
2903,2,1,3
2915,0,1,1
2916,3,1,4
2917,0,1,1
2920,2,1,3
9837,0,1,1
5041,0,1,1
5406,0,2,2
3378,1,1,2
3802,0,2,2
4333,0,3,3
5536,0,2,2
5969,1,2,3
6197,1,3,4
8287,1,2,3
9184,0,2,2
2949,1,1,2
2950,0,1,1
2953,0,1,1
2935,1,1,2
2936,4,1,5
2937,2,1,3
2939,0,1,1
2945,0,1,1
2946,0,1,1
2947,1,1,2
5009,7,2,9
5027,0,1,1
2958,0,2,2
2959,4,2,6
4603,0,1,1
2963,0,1,1
2967,2,1,3
2968,2,1,3
6095,0,1,1
2970,0,1,1
2971,7,1,8
2972,2,1,3
2973,1,1,2
2974,1,1,2
2982,4,1,5
2983,1,1,2
2984,1,1,2
2986,0,1,1
2987,0,1,1
2988,1,1,2
2989,2,1,3
3491,0,2,2
4824,1,1,2
4825,1,1,2
4826,0,1,1
4827,0,1,1
4828,0,1,1
4829,0,1,1
4830,0,1,1
4832,1,1,2
3049,0,2,2
4949,1,2,3
4953,0,4,4
2998,0,1,1
3001,0,1,1
3003,3,1,4
3004,0,1,1
3005,1,1,2
3006,0,1,1
3007,0,1,1
3008,1,1,2
3009,1,1,2
3014,1,1,2
3016,0,1,1
3018,2,1,3
3020,1,1,2
3027,0,1,1
7300,1,5,6
9606,0,1,1
8607,3,4,7
5344,0,3,3
7261,2,4,6
8493,1,2,3
8494,0,2,2
3033,1,1,2
8323,0,2,2
3648,1,1,2
3651,2,1,3
3653,1,1,2
9223,1,2,3
9423,1,3,4
9489,0,1,1
9490,0,1,1
9491,1,1,2
9492,0,1,1
5584,0,2,2
7808,0,1,1
3042,1,1,2
3045,1,1,2
3050,0,1,1
3054,8,2,10
3055,0,1,1
3058,1,1,2
3059,2,1,3
3061,0,1,1
3063,3,1,4
3064,0,1,1
3065,16,1,17
3668,0,1,1
3670,0,1,1
3671,0,1,1
5324,5,4,9
4622,0,2,2
5211,3,2,5
5427,2,1,3
5429,3,2,5
5430,2,3,5
8233,0,3,3
10230,0,1,1
3307,3,1,4
3309,1,1,2
9524,2,1,3
6629,2,1,3
6631,5,1,6
5717,2,2,4
6351,1,2,3
6822,0,2,2
7167,2,6,8
7396,0,1,1
7397,1,2,3
7398,0,1,1
3088,4,0,4
3089,0,1,1
3090,0,1,1
3091,0,1,1
3092,0,1,1
3095,0,1,1
3096,0,1,1
3097,0,1,1
3098,0,1,1
3099,0,1,1
3100,0,1,1
3101,0,1,1
3103,0,1,1
3106,3,1,4
3108,2,1,3
3112,0,1,1
3113,0,1,1
3893,2,2,4
3979,3,1,4
4315,1,2,3
4423,0,2,2
5605,0,1,1
5606,0,1,1
5607,1,1,2
5609,1,1,2
5610,0,1,1
4930,0,1,1
4931,0,1,1
4932,0,1,1
4933,0,1,1
3117,2,1,3
3119,3,1,4
3120,2,1,3
3124,0,1,1
3125,0,2,2
3126,0,1,1
8404,1,2,3
6401,2,2,4
7606,0,1,1
7607,0,1,1
4323,2,2,4
4324,1,2,3
4326,1,2,3
3135,1,1,2
3136,3,1,4
3138,1,1,2
3142,0,1,1
3143,0,1,1
3144,0,1,1
3145,0,1,1
3147,0,1,1
3149,1,1,2
3150,0,1,1
3152,1,1,2
3297,6,1,7
3987,5,5,10
9293,0,1,1
5057,3,2,5
3155,0,1,1
3162,6,1,7
3166,1,1,2
3167,0,1,1
3168,2,1,3
3169,2,1,3
3170,0,1,1
3171,1,1,2
3173,0,1,1
3847,1,2,3
9778,2,2,4
9779,0,1,1
9780,1,1,2
6006,0,1,1
6008,0,1,1
6009,1,1,2
3194,2,1,3
3278,4,2,6
7635,0,1,1
3197,1,1,2
3199,1,1,2
3208,0,1,1
4209,3,1,4
4210,3,1,4
4211,1,1,2
4212,0,1,1
3215,0,1,1
3666,0,1,1
3219,0,1,1
3223,0,1,1
3225,5,1,6
3227,0,1,1
3229,0,1,1
3231,2,1,3
9582,1,3,4
3881,0,1,1
3882,1,1,2
3234,0,1,1
3235,0,1,1
3236,0,1,1
3985,6,5,11
3986,1,2,3
5714,1,2,3
9867,1,2,3
3247,4,1,5
3248,2,1,3
3249,0,1,1
3254,0,1,1
3258,0,1,1
3261,0,1,1
3262,0,1,1
5316,4,4,8
9151,0,4,4
9496,1,2,3
3590,2,2,4
3742,1,2,3
3745,1,2,3
5143,1,2,3
5551,2,2,4
10250,0,2,2
10264,0,3,3
4743,0,2,2
9141,0,1,1
9142,0,1,1
9143,0,1,1
9144,1,1,2
9145,1,1,2
9615,1,1,2
3267,0,1,1
3268,1,1,2
3271,0,1,1
3279,3,1,4
3282,1,1,2
3285,6,1,7
3288,1,1,2
3289,2,1,3
3292,1,1,2
3295,0,1,1
4462,0,1,1
5685,1,1,2
5686,1,1,2
5687,0,1,1
3299,4,2,6
3300,1,1,2
3301,5,2,7
3704,3,2,5
3706,0,2,2
3707,1,1,2
3709,2,1,3
3303,0,1,1
5563,0,3,3
4625,0,1,1
6281,0,1,1
3320,2,1,3
3321,0,2,2
3324,4,1,5
3325,0,1,1
3326,0,1,1
3327,1,1,2
3328,0,1,1
3329,1,1,2
3334,7,1,8
6930,1,2,3
9330,0,2,2
4489,4,1,5
4490,2,1,3
3989,1,3,4
6049,3,2,5
3895,8,3,11
4256,3,2,5
10050,0,1,1
3345,1,1,2
5196,0,2,2
5197,0,1,1
5198,0,1,1
5199,0,1,1
4067,4,1,5
3353,1,1,2
3354,1,1,2
3355,2,1,3
3356,4,1,5
4179,2,2,4
4189,0,4,4
5535,4,2,6
6085,8,4,12
4605,0,1,1
5332,1,1,2
3379,0,1,1
3384,1,1,2
3386,1,1,2
3388,1,1,2
5377,0,1,1
5379,0,1,1
3396,0,1,1
3397,0,1,1
3400,0,1,1
3401,2,1,3
3402,1,1,2
3403,1,1,2
3405,2,1,3
3406,2,1,3
3407,0,1,1
3409,3,1,4
3411,3,1,4
4555,4,1,5
3413,7,1,8
3414,0,1,1
9109,0,1,1
3417,0,1,1
3418,1,1,2
3419,0,1,1
3421,0,1,1
3423,0,1,1
3424,0,1,1
5817,0,1,1
3431,1,1,2
3432,0,1,1
3433,3,1,4
3434,0,1,1
3436,1,1,2
3437,0,1,1
5238,2,2,4
10262,0,1,1
6108,0,1,1
6109,0,1,1
6110,1,2,3
6111,0,1,1
6112,1,1,2
6113,6,1,7
6114,1,1,2
6115,1,1,2
6116,4,1,5
6117,0,1,1
6118,0,1,1
6119,0,1,1
3440,2,1,3
3441,8,1,9
3445,3,1,4
3446,2,1,3
3449,1,1,2
3450,3,1,4
3451,3,1,4
5513,0,2,2
6043,2,2,4
5221,1,4,5
6096,0,1,1
6098,4,2,6
6147,0,2,2
6300,1,2,3
3453,1,1,2
3454,0,1,1
3455,0,1,1
3460,0,1,1
3461,1,1,2
3462,0,1,1
9668,0,2,2
3471,0,1,1
3472,1,1,2
3474,2,1,3
3475,0,1,1
3476,0,1,1
3479,0,1,1
3481,0,1,1
3485,1,1,2
3488,1,1,2
3489,0,1,1
7060,5,3,8
8377,3,2,5
8378,2,2,4
8647,0,1,1
9099,0,1,1
9100,0,1,1
9101,0,1,1
7445,3,2,5
3499,0,1,1
4646,0,2,2
9138,0,1,1
3505,1,1,2
3507,0,1,1
3508,2,1,3
3510,0,1,1
3572,1,1,2
6257,3,2,5
3519,1,1,2
9235,0,1,1
3523,4,1,5
3524,2,1,3
3525,0,1,1
3526,0,1,1
3527,0,1,1
3533,1,1,2
3536,1,1,2
3545,1,1,2
3546,1,1,2
3547,1,1,2
9458,0,1,1
3550,12,1,13
3551,1,1,2
3554,2,1,3
3555,4,1,5
3559,1,1,2
3560,7,1,8
3561,3,1,4
5856,1,3,4
8990,0,2,2
9112,0,1,1
7950,0,2,2
7992,0,2,2
8194,1,1,2
8195,0,1,1
8196,0,1,1
8197,0,1,1
8198,0,1,1
8199,0,1,1
8200,0,1,1
3570,2,1,3
3571,0,1,1
3587,2,2,4
3592,1,1,2
5820,2,2,4
5819,0,1,1
5821,1,1,2
3599,0,1,1
3600,0,1,1
3603,1,2,3
3604,0,1,1
3852,0,2,2
4543,2,1,3
3596,3,1,4
3784,0,2,2
5868,0,1,1
5640,0,1,1
5641,0,1,1
5642,0,1,1
6130,0,1,1
3608,4,1,5
3609,0,1,1
3610,1,1,2
3611,1,1,2
3613,0,1,1
3614,0,1,1
3617,0,1,1
3618,0,1,1
3621,0,1,1
7417,0,1,1
3632,3,2,5
3633,1,1,2
5066,1,2,3
5669,8,2,10
8728,2,3,5
4952,1,3,4
6744,2,3,5
7471,1,3,4
7490,0,3,3
7952,0,2,2
7989,0,1,1
7990,1,1,2
7991,0,1,1
6366,0,2,2
7673,0,1,1
7674,1,1,2
3663,0,1,1
3674,4,1,5
3675,2,1,3
3677,2,1,3
3679,1,1,2
3681,0,1,1
3682,2,1,3
3683,0,1,1
3684,0,1,1
3685,0,1,1
3686,0,1,1
3687,1,1,2
3688,1,1,2
3689,0,1,1
3692,0,1,1
3694,2,1,3
4864,3,1,4
4868,1,1,2
5726,2,1,3
5727,0,1,1
5728,1,1,2
9710,0,2,2
9711,0,2,2
10263,0,1,1
10265,0,1,1
10266,0,1,1
10267,0,1,1
3711,0,1,1
3712,0,1,1
3713,2,1,3
3714,0,1,1
3716,0,1,1
3717,3,1,4
3718,0,1,1
3719,0,1,1
3720,0,1,1
3721,0,1,1
3722,1,1,2
3725,0,1,1
3726,0,1,1
3727,0,1,1
3990,0,1,1
8886,1,2,3
9621,0,1,1
9622,1,1,2
5145,0,1,1
5146,0,2,2
5869,0,1,1
8437,1,1,2
3762,0,1,1
3764,0,1,1
3765,0,1,1
3766,0,1,1
3768,1,1,2
3770,1,1,2
3771,0,1,1
3773,1,1,2
3774,1,1,2
3775,0,1,1
3776,1,1,2
3777,1,1,2
3778,1,1,2
4467,2,1,3
3785,3,1,4
6099,1,1,2
6100,0,1,1
6101,0,1,1
6102,0,2,2
3790,2,1,3
6030,1,1,2
6032,0,1,1
4422,0,1,1
4425,2,1,3
4426,0,1,1
4842,1,2,3
5175,0,1,1
3799,3,1,4
3800,1,1,2
3801,2,1,3
3804,1,1,2
3976,0,1,1
3977,2,1,3
4161,0,1,1
4162,0,1,1
3815,0,1,1
3817,4,1,5
3818,0,1,1
3822,2,2,4
3823,1,2,3
3824,1,2,3
3825,4,1,5
3828,3,1,4
4482,5,1,6
5932,0,1,1
5881,1,1,2
3830,0,1,1
3831,0,1,1
3834,0,1,1
3836,3,1,4
3837,4,1,5
3838,0,1,1
3841,0,1,1
3842,0,1,1
3843,1,2,3
3844,3,1,4
3845,0,1,1
5954,4,2,6
6004,0,2,2
6900,0,2,2
8234,1,3,4
9070,0,2,2
9997,1,2,3
9280,0,1,1
7262,0,2,2
3849,0,1,1
3850,0,1,1
5572,0,1,1
4370,3,2,5
4367,2,1,3
4368,0,1,1
4369,0,1,1
4371,2,1,3
3866,0,1,1
3867,0,1,1
3870,0,1,1
3874,0,1,1
3876,0,1,1
3884,0,1,1
3886,3,1,4
3887,0,1,1
3888,0,1,1
3889,0,2,2
4797,0,2,2
5650,1,3,4
6163,2,4,6
8255,2,2,4
8256,0,2,2
9825,0,1,1
9826,0,1,1
9827,0,1,1
9828,0,1,1
9829,1,1,2
9830,0,1,1
9831,0,1,1
9832,0,1,1
9833,0,1,1
9834,0,1,1
9835,0,1,1
3891,3,1,4
3896,0,1,1
4247,0,2,2
3900,0,1,1
3903,0,1,1
9740,0,1,1
9741,0,1,1
6340,5,4,9
9451,0,1,1
9453,0,1,1
7463,0,1,1
7464,0,1,1
3909,8,0,8
3912,0,1,1
3913,0,1,1
3914,0,1,1
3917,1,1,2
5098,0,1,1
5099,2,1,3
4036,0,1,1
4037,0,1,1
4038,0,1,1
4040,0,1,1
4042,0,1,1
4548,0,2,2
4551,0,2,2
4948,0,2,2
4954,0,2,2
5188,2,1,3
8477,4,3,7
9812,0,2,2
4361,0,1,1
4263,0,2,2
4589,0,2,2
4594,3,2,5
6638,0,1,1
6639,0,1,1
6640,0,1,1
6641,0,1,1
6642,0,1,1
4587,3,1,4
4590,8,1,9
3980,0,1,1
3981,0,1,1
3982,0,1,1
3994,1,2,3
3997,5,3,8
4000,3,2,5
4573,0,2,2
5320,1,2,3
5322,2,2,4
9356,1,2,3
5318,0,2,2
5755,3,1,4
7563,0,1,1
4009,0,1,1
4010,5,1,6
4011,2,2,4
4012,2,1,3
4014,2,1,3
6122,2,2,4
4017,0,1,1
4020,0,1,1
4023,1,1,2
4024,0,1,1
4025,1,0,1
4026,0,1,1
4032,1,1,2
8228,0,1,1
8229,0,1,1
8230,0,1,1
8231,0,1,1
8277,0,1,1
7887,0,1,1
7888,0,1,1
5263,3,2,5
5357,0,1,1
4050,1,1,2
4663,1,2,3
9813,0,1,1
5902,1,2,3
9182,0,1,1
9183,0,1,1
9185,0,1,1
4056,0,1,1
5450,1,1,2
5451,1,1,2
4059,1,1,2
4060,1,1,2
4935,1,2,3
4068,0,1,1
4069,0,1,1
4070,0,1,1
4071,0,1,1
4074,0,1,1
4075,4,1,5
5943,0,1,1
4086,0,1,1
4091,0,1,1
4092,0,1,1
4097,1,1,2
4099,0,1,1
4100,0,1,1
4102,0,1,1
4104,0,1,1
6603,1,4,5
7244,0,2,2
4109,4,1,5
4110,0,1,1
4111,0,1,1
4112,0,1,1
4114,0,1,1
9538,0,1,1
5385,1,2,3
9764,0,1,1
4127,0,1,1
4128,1,1,2
9130,0,1,1
4138,0,1,1
4139,0,1,1
4140,0,1,1
6869,0,2,2
8126,0,1,1
4167,0,1,1
4169,0,1,1
4170,1,1,2
4171,1,1,2
4173,0,1,1
4175,0,1,1
5461,0,1,1
5462,0,1,1
4177,0,1,1
4180,0,1,1
4181,1,1,2
4183,0,1,1
4184,0,1,1
4188,0,2,2
9436,0,2,2
9865,0,1,1
5884,0,1,1
5885,2,1,3
5886,0,1,1
5887,0,1,1
5888,0,1,1
4195,0,1,1
4196,0,1,1
4197,2,1,3
4199,0,1,1
5284,0,1,1
4202,0,1,1
4203,0,1,1
4216,0,1,1
4218,0,1,1
4219,1,1,2
4222,1,1,2
4225,1,1,2
4228,0,1,1
4230,2,1,3
4232,1,1,2
4233,0,1,1
4234,0,1,1
4235,0,1,1
4237,0,1,1
6766,1,1,2
6767,0,1,1
4531,3,2,5
4532,0,1,1
4534,0,1,1
4535,1,1,2
8449,0,2,2
8745,0,1,1
8746,0,1,1
8747,0,1,1
6448,2,1,3
4241,1,1,2
4243,0,1,1
4244,1,1,2
4245,4,1,5
4246,1,1,2
4522,0,2,2
4634,0,1,1
4636,0,1,1
4637,1,1,2
4638,4,1,5
4639,0,1,1
4640,3,1,4
4641,0,1,1
4642,0,1,1
4643,1,1,2
4644,1,1,2
4258,0,1,1
4262,1,1,2
4264,0,1,1
4265,3,1,4
4266,0,1,1
4267,2,1,3
4269,0,1,1
4272,1,1,2
4273,1,1,2
4274,1,1,2
4275,0,1,1
8436,0,1,1
5590,4,1,5
5591,6,1,7
5595,0,2,2
5596,1,1,2
5597,0,1,1
4282,0,1,1
4283,1,1,2
4284,0,1,1
4285,0,1,1
4286,0,1,1
4288,1,1,2
4289,0,1,1
9676,0,1,1
4291,5,1,6
4295,3,1,4
9272,0,2,2
9273,1,1,2
4297,0,1,1
4301,0,1,1
4302,2,0,2
4303,0,1,1
5982,1,2,3
4309,4,0,4
4310,0,1,1
4311,0,1,1
4314,1,1,2
4317,4,1,5
4319,2,1,3
9016,0,2,2
9728,0,2,2
5422,0,2,2
7504,2,3,5
8516,0,2,2
9729,1,2,3
4329,1,1,2
4330,1,1,2
4331,0,1,1
5929,3,2,5
4341,2,1,3
4342,0,1,1
4344,0,1,1
4346,0,1,1
4349,7,0,7
4350,0,1,1
4351,1,1,2
4352,2,1,3
4353,0,1,1
4355,0,1,1
6660,12,3,15
4394,1,1,2
4395,2,1,3
4396,0,1,1
4397,1,1,2
7058,0,1,1
4375,2,0,2
4376,1,1,2
4377,0,1,1
5052,1,2,3
5139,1,2,3
5351,0,3,3
6260,0,2,2
7225,0,2,2
7285,0,2,2
9965,1,2,3
10261,0,2,2
5716,1,1,2
5719,1,1,2
5720,1,1,2
6678,1,2,3
6716,0,2,2
6718,0,1,1
4420,0,1,1
7795,0,1,1
7796,0,1,1
7797,0,1,1
7798,0,1,1
7799,1,1,2
6404,0,1,1
6407,1,1,2
9346,6,5,11
4436,0,1,1
4437,0,1,1
4438,0,1,1
4439,0,1,1
5827,0,1,1
7437,1,3,4
9337,0,1,1
4454,0,1,1
4456,0,1,1
4458,0,1,1
4459,2,1,3
4460,0,1,1
4461,1,1,2
5355,4,2,6
9428,1,1,2
4468,0,1,1
4469,0,1,1
4472,1,1,2
4481,0,1,1
8336,0,1,1
7422,0,1,1
7423,1,3,4
7425,0,1,1
6063,1,2,3
4484,0,1,1
5017,0,1,1
5018,1,2,3
5019,0,1,1
5020,1,1,2
5021,0,1,1
5022,1,1,2
5024,1,1,2
4499,0,2,2
4503,1,1,2
4568,0,2,2
6042,0,2,2
9405,0,1,1
4742,0,2,2
7100,0,3,3
9564,0,2,2
4506,0,1,1
4507,1,1,2
4509,0,1,1
4510,0,1,1
4511,0,1,1
4517,0,1,1
9561,0,1,1
4526,0,2,2
4527,1,1,2
4528,2,1,3
4529,1,1,2
4530,0,1,1
5266,0,2,2
5935,1,2,3
9180,0,2,2
6806,1,2,3
6831,0,1,1
4540,0,1,1
4541,0,1,1
4542,0,1,1
4550,1,1,2
4557,0,1,1
4558,0,1,1
4559,0,1,1
4560,0,1,1
4561,0,1,1
4563,0,1,1
4565,0,1,1
4566,0,1,1
7937,0,1,1
7938,0,1,1
6770,0,2,2
4574,1,1,2
6868,2,1,3
4580,0,1,1
4582,0,1,1
4583,0,1,1
4584,0,1,1
5936,7,2,9
6727,0,2,2
6797,0,2,2
4598,0,1,1
4599,0,1,1
4600,2,1,3
4601,0,1,1
4602,0,1,1
5148,1,1,2
5149,0,1,1
6865,0,2,2
7415,0,1,1
5359,2,2,4
4618,0,1,1
4619,1,1,2
4620,0,1,1
4621,0,1,1
6970,5,3,8
6972,4,3,7
8432,1,2,3
8434,1,2,3
8458,3,3,6
8505,1,3,4
8506,2,3,5
8550,5,2,7
8772,0,1,1
8773,0,2,2
8774,0,3,3
4630,0,1,1
4631,0,1,1
5794,2,3,5
4654,0,1,1
4655,0,1,1
4657,0,1,1
4658,0,1,1
4665,1,1,2
6136,4,2,6
7974,0,2,2
9903,0,1,1
9078,2,2,4
4679,1,1,2
4680,1,1,2
4681,1,1,2
4682,1,1,2
4701,0,1,1
4702,0,2,2
4703,0,1,1
4704,0,1,1
9796,0,1,1
9797,0,1,1
9798,0,1,1
4888,2,2,4
9146,1,1,2
8413,0,2,2
4715,0,1,1
4717,0,1,1
4718,0,1,1
4719,0,1,1
4720,0,1,1
4721,0,1,1
4722,0,1,1
4723,0,1,1
4724,0,1,1
4726,2,1,3
4727,0,1,1
4728,0,1,1
4729,0,1,1
4731,0,1,1
4732,6,1,7
4733,0,1,1
4734,0,1,1
4735,1,1,2
4736,0,1,1
4737,0,2,2
4738,0,1,1
4739,0,1,1
4740,0,1,1
4741,0,1,1
4744,0,1,1
4745,3,1,4
4746,1,1,2
4747,0,1,1
4748,1,1,2
4749,3,2,5
4750,0,2,2
4752,0,1,1
4753,2,1,3
4754,0,2,2
5927,1,2,3
7321,1,2,3
7359,0,2,2
8596,0,2,2
9044,0,2,2
9507,0,2,2
10001,0,2,2
10021,0,2,2
10042,2,2,4
10043,2,2,4
10061,0,2,2
10166,0,2,2
10178,0,2,2
4767,1,1,2
4768,1,1,2
4769,1,1,2
4770,0,1,1
4771,0,1,1
4772,2,1,3
6967,0,2,2
6971,2,2,4
9322,1,2,3
8557,0,1,1
4788,0,1,1
4791,1,1,2
6557,1,1,2
4796,0,1,1
4798,0,1,1
4800,0,1,1
4802,0,1,1
4804,1,1,2
4805,1,1,2
4806,0,1,1
7639,1,5,6
7783,0,1,1
7785,0,1,1
4810,1,1,2
4811,0,1,1
4812,2,1,3
5424,3,2,5
5978,0,1,1
4821,0,1,1
4822,4,1,5
4834,1,1,2
4838,0,1,1
4839,2,1,3
4843,1,1,2
4844,0,1,1
4845,0,1,1
4846,0,1,1
4847,0,1,1
6033,0,1,1
10024,2,3,5
5457,4,2,6
8490,0,2,2
9824,0,1,1
4853,0,1,1
4854,0,1,1
4855,0,1,1
4860,0,1,1
4862,0,1,1
8817,0,1,1
8819,0,1,1
6474,0,2,2
10031,0,1,1
10032,0,1,1
10033,0,1,1
10034,0,1,1
10035,0,1,1
10036,0,1,1
10037,0,1,1
10038,0,1,1
7240,2,3,5
9806,0,1,1
9807,0,1,1
9808,0,1,1
9809,0,1,1
4880,0,1,1
4881,0,1,1
4882,0,1,1
4884,1,1,2
4885,0,1,1
4886,0,1,1
4889,0,1,1
4892,1,1,2
4894,0,1,1
4896,3,1,4
4897,0,1,1
10055,0,2,2
6867,1,3,4
6089,0,1,1
4902,0,1,1
4903,1,1,2
4904,0,1,1
4905,4,1,5
4906,0,1,1
4907,0,1,1
4908,0,1,1
4915,0,1,1
4916,0,1,1
4918,0,1,1
4919,0,1,1
4921,0,1,1
4922,0,1,1
4924,0,1,1
4927,0,1,1
4928,0,1,1
4938,0,1,1
6762,3,1,4
4940,0,1,1
4941,0,1,1
4942,0,1,1
4943,0,1,1
4944,0,1,1
4945,0,1,1
4946,0,1,1
4947,1,1,2
4951,2,1,3
4956,0,1,1
4957,0,1,1
4958,0,1,1
9294,1,2,3
9295,0,1,1
8182,0,1,1
8183,0,1,1
8184,0,1,1
4966,1,1,2
4967,2,1,3
4968,1,1,2
4969,0,1,1
4970,1,1,2
4971,1,1,2
4972,1,1,2
4973,2,1,3
4976,1,1,2
4977,1,1,2
4978,2,1,3
4979,1,1,2
4980,1,1,2
4981,4,1,5
5783,0,2,2
9441,0,1,1
9442,0,1,1
9443,1,1,2
9444,0,1,1
9445,0,1,1
9446,1,1,2
5380,0,1,1
5381,1,1,2
5382,0,1,1
5383,2,2,4
5384,1,2,3
5386,0,1,1
5387,0,1,1
5388,0,1,1
4987,1,1,2
4988,1,1,2
4989,0,1,1
4990,3,1,4
4992,1,1,2
4993,0,1,1
6206,2,2,4
7451,0,2,2
9288,0,1,1
9289,0,1,1
4996,0,1,1
4997,0,2,2
5552,0,1,1
5553,0,1,1
5554,1,1,2
5557,1,1,2
5558,0,1,1
5559,0,1,1
5560,0,1,1
5561,0,1,1
5562,0,1,1
5564,0,1,1
5010,0,1,1
5011,1,1,2
5012,0,1,1
5013,0,1,1
5014,0,1,1
5015,0,1,1
9292,0,1,1
5026,1,1,2
5033,0,1,1
7649,7,6,13
6241,0,1,1
5043,1,1,2
5050,1,1,2
5053,1,1,2
5054,0,1,1
5055,0,1,1
5058,0,1,1
5061,0,1,1
5062,0,1,1
5063,0,1,1
7510,0,1,1
7511,0,1,1
7513,0,1,1
7514,0,1,1
7515,0,1,1
7516,0,1,1
5065,0,1,1
5069,0,1,1
5070,0,1,1
5082,1,1,2
5083,2,1,3
5084,0,1,1
5086,1,1,2
5087,0,1,1
5088,1,1,2
5097,0,1,1
9493,0,1,1
5110,0,1,1
5111,0,1,1
5112,0,1,1
5113,1,1,2
5114,0,1,1
5116,0,1,1
5117,2,1,3
5118,0,1,1
5119,2,1,3
5120,0,1,1
5121,2,1,3
5122,0,1,1
5123,0,1,1
5124,0,1,1
5125,0,1,1
5127,1,1,2
5128,1,1,2
5129,1,1,2
5130,0,1,1
5131,1,1,2
5132,0,1,1
5133,0,1,1
5152,4,1,5
5153,4,1,5
5155,1,1,2
5157,0,1,1
5159,2,1,3
5160,0,1,1
5161,0,1,1
5162,0,1,1
5163,3,1,4
5168,0,1,1
5170,0,1,1
5172,0,1,1
5179,0,1,1
5180,1,1,2
5182,0,1,1
5184,0,1,1
5185,0,1,1
5186,2,1,3
5189,0,1,1
5192,0,1,1
7404,0,2,2
8125,1,2,3
8212,0,2,2
5201,0,1,1
5202,0,1,1
5203,5,1,6
5204,0,1,1
5205,0,1,1
5207,0,1,1
5208,0,1,1
5209,3,1,4
5213,1,1,2
5214,1,1,2
5215,0,1,1
5216,1,1,2
5217,0,1,1
5512,5,1,6
5220,3,1,4
5230,1,1,2
5231,0,1,1
5232,0,1,1
5235,0,1,1
5236,1,1,2
5237,1,1,2
5444,0,2,2
7394,0,1,1
7395,0,1,1
5241,0,1,1
5242,1,1,2
5246,5,1,6
5248,0,1,1
6192,0,1,1
6193,0,1,1
6194,0,2,2
5261,0,1,1
5267,0,1,1
5272,0,1,1
5273,0,1,1
5274,0,1,1
5275,0,1,1
5276,2,1,3
5277,1,1,2
7012,2,5,7
9473,0,3,3
10268,0,2,2
10269,0,2,2
10270,0,1,1
10271,0,2,2
5289,0,1,1
5290,0,1,1
5291,0,1,1
5294,2,1,3
5295,1,1,2
5296,0,1,1
5297,0,1,1
5298,3,0,3
5299,0,1,1
5300,0,1,1
5301,0,1,1
5306,0,1,1
5313,4,1,5
5321,1,1,2
5325,3,1,4
8318,1,2,3
9467,2,3,5
10058,0,2,2
8849,1,1,2
5336,2,1,3
5338,0,1,1
5340,0,1,1
5342,2,1,3
5345,1,1,2
8521,0,1,1
8522,1,2,3
5348,0,1,1
5349,0,1,1
5350,0,1,1
5352,0,1,1
5361,2,1,3
5367,0,1,1
5370,0,1,1
5371,0,1,1
5372,0,1,1
5941,0,1,1
5942,0,1,1
5391,0,1,1
5393,0,1,1
5396,0,1,1
5397,0,1,1
7997,0,1,1
7998,1,1,2
7894,0,2,2
5737,0,1,1
5740,0,1,1
5741,0,1,1
9169,0,1,1
5418,0,1,1
5425,1,1,2
5432,0,1,1
5433,0,1,1
5434,0,1,1
5435,0,1,1
5436,0,1,1
5437,0,1,1
5438,0,1,1
5439,0,1,1
5442,1,1,2
5446,0,1,1
5447,0,1,1
5448,0,1,1
9630,0,1,1
5453,1,1,2
6186,2,1,3
6187,0,1,1
6188,0,1,1
6189,0,1,1
5459,2,1,3
5460,0,1,1
8013,0,1,1
8014,1,1,2
8015,0,1,1
8016,1,1,2
8018,1,1,2
5467,1,1,2
5471,3,1,4
5475,0,1,1
5476,1,1,2
5477,0,1,1
5478,0,1,1
5481,0,1,1
5482,0,1,1
5485,0,1,1
5492,1,1,2
5494,0,1,1
5499,2,1,3
5500,0,1,1
5501,2,1,3
5502,0,2,2
5505,0,1,1
6041,2,1,3
6046,2,1,3
6047,0,1,1
6048,2,1,3
5517,0,1,1
5518,0,1,1
5519,0,1,1
5520,0,1,1
5522,0,1,1
5524,4,1,5
5525,2,1,3
5526,2,1,3
5528,0,1,1
5529,1,1,2
5530,1,2,3
5531,0,1,1
5532,2,2,4
5533,2,2,4
5534,3,1,4
5544,0,1,1
5545,0,1,1
5546,0,1,1
5548,1,1,2
5537,1,1,2
5538,0,1,1
5541,1,1,2
5542,0,1,1
5543,2,1,3
5569,1,1,2
5571,1,1,2
5576,0,1,1
5579,1,1,2
5582,0,1,1
5583,0,1,1
5723,0,2,2
8860,0,2,2
7183,1,2,3
7242,0,1,1
7243,0,1,1
5599,0,1,1
5603,0,1,1
7188,0,2,2
9591,12,4,16
9597,0,2,2
5613,1,1,2
5621,0,1,1
5623,3,1,4
5624,0,1,1
5627,0,1,1
5628,0,1,1
5632,0,1,1
5633,0,1,1
5634,0,1,1
5635,0,1,1
5637,0,1,1
5644,0,1,1
5645,0,1,1
5646,0,1,1
5649,1,1,2
5652,1,1,2
5653,2,1,3
5654,1,1,2
9367,0,1,1
5662,1,1,2
5664,1,1,2
5666,1,1,2
5667,2,1,3
5668,0,1,1
5670,0,1,1
8827,0,1,1
5857,0,1,1
5858,1,1,2
5860,0,1,1
5678,0,1,1
5679,0,1,1
5681,0,1,1
5688,1,0,1
5689,0,1,1
5691,0,1,1
5692,0,1,1
5694,0,1,1
5698,0,1,1
5699,0,1,1
5701,1,1,2
5702,1,1,2
5704,1,1,2
5798,2,2,4
9876,0,1,1
9877,1,2,3
6067,1,2,3
5708,0,1,1
5713,0,1,1
5725,2,1,3
5730,0,1,1
5731,0,1,1
5761,1,1,2
5762,1,1,2
5766,0,1,1
5767,0,1,1
5771,0,1,1
5772,2,1,3
5774,0,1,1
5796,0,1,1
5797,0,1,1
5799,0,1,1
5800,0,1,1
7493,0,1,1
5782,0,1,1
5784,1,1,2
5785,0,1,1
5786,1,1,2
5787,2,1,3
6298,3,2,5
5791,0,2,2
5792,0,1,1
5793,0,2,2
6624,0,1,1
6625,0,1,1
6626,1,1,2
6627,0,1,1
5808,1,0,1
5809,0,1,1
5813,0,1,1
5814,0,1,1
5815,1,1,2
10251,0,1,1
10252,0,1,1
10253,0,1,1
10254,0,1,1
10255,0,1,1
10256,0,1,1
10258,1,1,2
10259,0,1,1
5830,0,1,1
5831,0,1,1
5832,0,1,1
5835,1,1,2
5839,0,1,1
5840,0,1,1
6846,0,1,1
5848,0,1,1
5849,0,1,1
5850,1,1,2
5851,1,1,2
5852,0,1,1
5853,0,1,1
5854,0,1,1
8815,0,1,1
5862,0,1,1
5863,0,1,1
5864,1,1,2
5865,2,1,3
5866,1,1,2
5994,0,1,1
5874,0,1,1
5875,0,1,1
9190,0,1,1
9191,0,1,1
9332,0,1,1
5890,0,1,1
5891,1,1,2
5892,1,1,2
5894,2,1,3
5895,0,1,1
5896,1,1,2
5903,0,1,1
5905,1,1,2
5906,1,1,2
5909,0,1,1
5911,2,1,3
5912,1,1,2
5914,2,1,3
5915,1,1,2
5917,0,1,1
5918,0,1,1
5919,0,1,1
5920,0,1,1
5921,4,1,5
5922,0,1,1
5923,0,1,1
5924,0,1,1
5925,0,1,1
5928,0,1,1
5930,0,1,1
5931,0,1,1
5934,7,1,8
5937,0,1,1
5938,0,1,1
5945,0,1,1
5946,0,1,1
5949,0,1,1
5950,1,1,2
5951,1,1,2
5955,1,1,2
5956,2,1,3
5958,0,1,1
5960,0,1,1
5962,3,0,3
5963,0,1,1
5964,0,1,1
5965,0,1,1
5967,0,1,1
5968,3,1,4
5970,0,1,1
5971,0,1,1
9174,0,1,1
5975,1,1,2
5976,1,1,2
5977,1,1,2
5985,2,2,4
5996,0,1,1
5997,0,1,1
5998,0,1,1
6000,0,1,1
9140,0,1,1
6002,1,1,2
6003,2,1,3
6011,0,1,1
6013,1,1,2
6015,0,1,1
6016,0,1,1
6017,0,1,1
6018,0,1,1
6019,0,1,1
6020,0,1,1
6021,0,1,1
6024,0,1,1
7667,0,1,1
7669,0,1,1
6026,0,1,1
6027,1,1,2
6037,0,1,1
6038,0,1,1
6039,0,1,1
6040,1,1,2
6051,0,1,1
6052,2,1,3
6055,0,1,1
6057,0,1,1
6061,0,1,1
6066,0,1,1
6072,0,1,1
6074,0,1,1
6075,1,1,2
8577,0,3,3
6361,2,2,4
7494,2,1,3
7496,0,1,1
7497,1,1,2
7498,0,1,1
7499,1,1,2
7500,0,1,1
6079,0,1,1
6081,1,1,2
6082,1,1,2
6083,1,1,2
6084,1,1,2
6086,2,1,3
6087,0,1,1
8269,2,2,4
9678,1,1,2
9679,0,1,1
9680,0,1,1
9681,0,2,2
9682,0,1,1
6092,0,1,1
6093,0,1,1
9231,0,1,1
6104,0,1,1
6121,0,1,1
6123,1,1,2
6124,0,1,1
6126,0,1,1
6132,0,1,1
6133,1,1,2
6134,0,1,1
6138,1,1,2
6142,1,1,2
6143,0,1,1
6145,1,1,2
6146,1,1,2
6148,0,1,1
6150,0,1,1
6151,0,1,1
6153,0,1,1
6154,0,1,1
6155,0,1,1
6157,0,1,1
6158,0,1,1
6165,0,1,1
6166,1,1,2
6168,1,1,2
6171,3,1,4
6175,0,1,1
6176,1,1,2
6178,1,1,2
6180,1,1,2
6181,1,1,2
6190,1,0,1
6191,0,1,1
8427,2,3,5
8811,0,2,2
8857,0,1,1
8858,0,1,1
8859,0,1,1
6201,0,1,1
6202,1,1,2
6203,1,1,2
6205,0,1,1
6207,0,1,1
6210,3,1,4
6214,0,1,1
6215,0,1,1
6217,1,1,2
6219,0,1,1
6221,0,1,1
6222,0,1,1
6223,0,1,1
6224,0,1,1
6225,0,1,1
9434,0,2,2
9435,1,2,3
7579,1,3,4
9771,1,2,3
6232,0,1,1
6233,1,1,2
7899,0,2,2
8102,0,1,1
6236,0,1,1
6237,0,1,1
6238,1,1,2
6239,0,1,1
6240,0,1,1
6244,0,1,1
6245,1,1,2
6247,0,1,1
6248,0,1,1
6252,0,1,1
6255,0,1,1
6256,0,1,1
6258,0,1,1
6259,0,1,1
6262,0,1,1
6263,5,1,6
6265,0,1,1
6266,1,1,2
6268,1,1,2
6269,1,1,2
6270,1,1,2
6271,1,1,2
6272,0,1,1
6273,0,1,1
6274,1,1,2
6275,4,1,5
6276,1,1,2
6277,0,1,1
6278,1,1,2
6279,2,1,3
6280,0,1,1
6288,0,1,1
6289,0,1,1
6290,0,1,1
6291,0,1,1
6292,0,1,1
6294,0,1,1
7324,0,2,2
8362,0,2,2
6297,0,1,1
6301,0,1,1
6302,3,0,3
6303,1,1,2
6304,0,1,1
6305,1,1,2
6942,2,3,5
6312,0,1,1
6313,0,1,1
6317,0,1,1
6318,1,1,2
6320,0,1,1
49621,0,1,1
8115,1,2,3
8180,0,1,1
8181,0,1,1
8113,1,2,3
6324,0,1,1
6326,3,1,4
6327,1,1,2
6329,1,1,2
6330,7,2,9
6333,2,2,4
6335,1,1,2
6365,1,2,3
7375,0,1,1
7377,3,1,4
7380,2,1,3
7732,2,2,4
9793,0,1,1
9794,0,1,1
7409,0,1,1
7411,4,1,5
7412,2,1,3
7413,2,1,3
10185,1,5,6
7638,0,2,2
7926,0,1,1
6352,1,1,2
8007,0,3,3
6363,3,1,4
6367,0,1,1
6745,1,1,2
6375,0,1,1
6376,0,1,1
6377,0,1,1
6378,0,1,1
6379,0,1,1
6380,0,1,1
6381,0,1,1
6383,1,1,2
6384,0,1,1
6387,0,1,1
6388,1,1,2
6389,0,1,1
6390,0,1,1
6391,0,1,1
6393,1,1,2
6396,2,1,3
6397,0,1,1
6398,0,1,1
6399,0,1,1
6400,1,1,2
6402,0,1,1
6884,3,2,5
6886,4,2,6
6889,1,1,2
6890,1,1,2
6891,2,1,3
7489,0,1,1
7491,0,1,1
7604,0,2,2
6425,0,1,1
6427,0,1,1
6428,0,1,1
6430,1,1,2
6432,0,1,1
6433,3,1,4
6436,2,1,3
6438,1,1,2
6441,3,1,4
6442,0,1,1
6444,0,1,1
6451,0,1,1
6453,0,1,1
6454,1,1,2
6455,0,1,1
6456,0,1,1
6457,1,1,2
7436,0,2,2
7524,2,2,4
7623,0,1,1
7624,0,1,1
7625,0,1,1
7627,3,2,5
6461,0,1,1
6467,1,1,2
8262,0,1,1
8263,0,1,1
8264,0,1,1
8265,0,1,1
8266,0,1,1
6463,0,1,1
6466,3,1,4
7550,0,1,1
7551,0,1,1
7552,0,1,1
7553,0,1,1
7554,1,2,3
6468,0,1,1
6475,0,1,1
6477,0,1,1
6480,0,1,1
6482,0,1,1
6485,1,1,2
6486,2,1,3
6488,0,1,1
8367,2,2,4
8368,1,3,4
9052,0,2,2
8254,0,2,2
10169,0,2,2
6798,1,1,2
6799,0,1,1
8011,1,2,3
8012,0,2,2
9688,0,1,1
9689,0,1,1
6502,0,1,1
7765,0,2,2
7865,1,2,3
8260,2,1,3
6506,0,1,1
6507,0,1,1
6511,1,1,2
6512,0,1,1
6517,0,1,1
6518,1,1,2
6519,0,1,1
6520,0,1,1
6522,2,1,3
6524,0,1,1
7601,0,1,1
6532,1,1,2
6538,0,1,1
6539,0,1,1
6541,1,1,2
6544,0,1,1
6547,1,1,2
6550,3,1,4
7869,0,1,1
7870,0,1,1
7871,0,1,1
7872,0,1,1
7873,0,1,1
7886,0,2,2
7923,0,1,1
6559,0,1,1
6560,1,1,2
7819,1,2,3
6564,1,1,2
6565,1,1,2
6566,1,1,2
6567,1,1,2
6570,1,1,2
6572,1,1,2
6573,0,1,1
6574,0,1,1
6575,0,1,1
6580,0,1,1
6581,0,1,1
6583,0,1,1
6584,0,1,1
6585,0,1,1
6586,0,1,1
6587,0,1,1
6588,1,1,2
6590,0,1,1
6591,0,1,1
6592,0,1,1
6594,0,1,1
6595,0,1,1
6596,0,1,1
6597,1,1,2
6598,0,1,1
6605,0,1,1
6607,0,1,1
6609,0,1,1
6610,1,1,2
6613,4,2,6
6614,1,1,2
6615,3,1,4
6616,0,1,1
6617,0,1,1
6618,1,1,2
6619,0,1,1
6620,3,1,4
6621,0,1,1
6622,2,1,3
6634,0,1,1
6635,0,1,1
6645,2,1,3
6657,0,1,1
6658,0,1,1
6661,0,1,1
6663,0,2,2
6664,0,1,1
6665,0,1,1
6666,0,1,1
6668,1,1,2
6669,0,1,1
6670,0,1,1
6671,0,1,1
6672,0,1,1
7818,0,1,1
7820,0,1,1
6674,0,1,1
7171,0,1,1
6682,5,1,6
6683,2,1,3
6685,2,1,3
7911,0,1,1
7912,0,1,1
7913,0,1,1
7448,0,1,1
7449,1,1,2
7450,1,1,2
6696,2,1,3
6702,4,1,5
6704,0,1,1
9340,0,2,2
9341,0,1,1
9342,0,1,1
9343,0,1,1
6710,2,1,3
6714,5,2,7
7298,1,2,3
6853,2,2,4
6721,0,1,1
6722,0,1,1
6723,0,1,1
6724,1,1,2
6725,1,1,2
6726,0,1,1
6729,1,1,2
6730,1,1,2
6731,0,1,1
6733,0,1,1
6734,0,1,1
6736,0,1,1
6738,0,1,1
6739,1,1,2
6740,0,1,1
6741,0,1,1
6742,0,1,1
7806,0,1,1
6747,0,1,1
6750,0,1,1
6751,0,1,1
6753,0,1,1
6754,0,1,1
6759,0,1,1
7587,0,2,2
8972,0,1,1
8973,0,1,1
8974,0,1,1
8975,1,1,2
6761,0,1,1
6763,0,1,1
6764,0,1,1
6765,0,1,1
6771,1,1,2
6772,0,1,1
6773,0,1,1
6774,0,1,1
6775,1,1,2
6779,0,1,1
6781,0,1,1
6782,0,1,1
6783,3,1,4
6785,3,2,5
6786,0,1,1
6787,1,2,3
7685,3,2,5
7751,0,2,2
7933,1,1,2
8242,0,1,1
8243,0,1,1
6801,1,1,2
6802,0,1,1
6809,0,1,1
6810,0,1,1
6812,0,1,1
6813,0,1,1
6814,0,1,1
6815,0,1,1
6816,0,1,1
6819,3,1,4
6820,2,1,3
6830,0,1,1
6834,0,1,1
6837,0,1,1
6844,0,1,1
6848,1,1,2
6850,1,1,2
6851,0,1,1
6854,1,1,2
6855,0,1,1
6857,0,1,1
6859,0,1,1
6860,2,1,3
6861,2,1,3
7293,1,2,3
6863,1,1,2
6866,1,1,2
7465,0,1,1
6870,0,1,1
6877,0,1,1
6878,0,1,1
8272,0,1,1
7542,0,1,1
7548,0,1,1
8037,0,1,1
8038,0,1,1
8039,0,1,1
8040,0,1,1
7229,1,2,3
7616,0,2,2
7617,3,2,5
7773,0,3,3
7924,0,1,1
7233,0,2,2
6885,2,1,3
6888,1,1,2
6928,0,5,5
6894,1,1,2
6895,0,1,1
6896,1,1,2
6898,3,1,4
6901,1,1,2
6902,1,1,2
6904,0,1,1
6905,0,1,1
6906,2,1,3
6907,0,1,1
6912,1,1,2
7047,0,1,1
7048,0,1,1
7049,0,1,1
7050,0,1,1
7043,0,1,1
7044,0,1,1
7054,0,1,1
6915,0,1,1
6916,1,1,2
6917,0,1,1
6919,1,1,2
6921,0,1,1
6922,0,1,1
6923,0,1,1
6925,0,1,1
6926,0,1,1
6931,0,1,1
6935,0,1,1
6936,0,1,1
6938,2,1,3
6940,0,1,1
6943,0,1,1
6946,0,1,1
6948,2,2,4
7063,0,1,1
7064,0,1,1
6949,0,1,1
6950,0,1,1
6951,0,1,1
6952,2,1,3
6964,0,1,1
6966,1,1,2
6994,1,1,2
6996,0,1,1
6997,0,1,1
6998,1,1,2
7000,0,1,1
7001,1,1,2
9722,0,2,2
9869,0,2,2
8379,0,1,1
8380,3,1,4
8383,1,1,2
6975,0,1,1
6978,0,1,1
6979,0,1,1
9486,0,1,1
6981,0,1,1
6982,0,1,1
6984,1,1,2
6985,0,1,1
6986,0,1,1
6989,2,1,3
6990,0,1,1
6991,0,1,1
6992,0,1,1
7037,0,1,1
7009,0,1,1
7014,3,2,5
7003,0,1,1
7005,0,1,1
7006,1,1,2
7007,3,1,4
8871,0,1,1
8872,0,1,1
7020,0,1,1
7021,0,1,1
7022,2,1,3
7023,0,1,1
7024,0,1,1
7026,0,1,1
7027,0,1,1
7028,1,1,2
7030,0,1,1
7031,0,1,1
7032,0,1,1
7039,0,1,1
7040,0,2,2
7053,0,1,1
7034,0,1,1
7035,0,1,1
7042,0,1,1
7046,0,1,1
7056,0,1,1
7057,0,1,1
8879,0,1,1
7067,0,1,1
7069,0,1,1
7070,0,1,1
7073,0,1,1
7074,1,1,2
7076,0,1,1
7077,0,1,1
7078,0,1,1
7079,0,1,1
7080,3,0,3
7081,2,1,3
7082,1,1,2
7083,1,1,2
7085,0,1,1
7086,0,1,1
7088,1,1,2
7089,3,1,4
7090,0,1,1
7091,0,1,1
7092,0,1,1
7093,0,1,1
7094,0,1,1
7096,3,1,4
7097,0,1,1
8389,6,3,9
8697,0,2,2
7099,1,1,2
7101,1,1,2
7104,1,1,2
7106,0,1,1
7107,0,1,1
7108,0,1,1
7110,0,1,1
7111,0,1,1
7112,1,1,2
7113,1,1,2
7115,1,1,2
7116,2,1,3
7118,1,1,2
8459,1,1,2
8460,0,1,1
8461,1,1,2
8463,2,1,3
8464,0,1,1
7121,0,1,1
7122,0,1,1
7123,0,1,1
7125,0,1,1
7126,0,1,1
7127,0,1,1
7129,1,1,2
7130,1,1,2
7131,0,1,1
7132,0,2,2
7136,0,1,1
7137,0,1,1
7138,0,1,1
7139,0,1,1
7141,0,1,1
7143,0,1,1
7144,0,1,1
7145,0,1,1
7146,0,1,1
7147,0,1,1
7148,0,1,1
7150,0,1,1
7152,0,1,1
7153,0,1,1
7154,0,1,1
7155,0,1,1
7156,0,1,1
7157,0,1,1
7159,0,1,1
7161,0,1,1
7165,1,1,2
7263,4,2,6
7302,0,1,1
7168,1,1,2
7169,0,1,1
7170,1,1,2
7173,2,1,3
7174,0,1,1
7177,0,2,2
7178,1,1,2
7180,1,1,2
10134,0,1,1
7184,0,1,1
7185,0,1,1
7186,0,1,1
7187,0,1,1
7190,0,1,1
7193,0,1,1
7194,0,1,1
7195,0,1,1
7196,0,1,1
7199,1,1,2
7200,0,1,1
7201,0,1,1
7204,0,1,1
7206,0,1,1
7208,0,1,1
7210,0,1,1
7211,0,1,1
7212,0,1,1
7214,0,1,1
7217,1,1,2
7218,0,1,1
7219,0,1,1
7220,0,1,1
7226,0,1,1
7228,0,1,1
7230,0,1,1
7235,0,1,1
7238,0,1,1
7239,0,1,1
7241,0,1,1
7246,0,1,1
7248,0,1,1
7249,1,1,2
7252,2,1,3
7253,1,1,2
7254,1,1,2
7255,0,1,1
7256,0,1,1
7257,4,1,5
7260,0,1,1
7265,0,1,1
7270,0,1,1
7272,0,1,1
7327,0,2,2
7575,1,1,2
7274,1,1,2
7275,0,1,1
7279,0,1,1
7281,1,1,2
7282,0,1,1
7284,0,1,1
7288,1,1,2
7294,2,1,3
7567,0,1,1
7569,0,1,1
7305,0,1,1
7306,0,1,1
7307,0,1,1
7309,0,1,1
7311,0,1,1
7318,1,1,2
7319,0,1,1
8338,2,2,4
8882,0,2,2
9054,0,1,1
9055,0,1,1
7323,1,1,2
7328,0,1,1
7329,0,1,1
7330,0,1,1
7332,0,1,1
7333,0,1,1
7334,0,1,1
7335,0,1,1
7337,0,1,1
7339,0,1,1
7342,0,1,1
7344,0,1,1
7345,0,1,1
7348,1,1,2
7352,0,1,1
7354,0,1,1
7355,1,1,2
7357,0,1,1
7358,0,1,1
7360,0,1,1
8154,1,1,2
7365,0,1,1
7366,2,1,3
7367,0,1,1
7369,0,1,1
7370,2,1,3
7371,2,1,3
7372,0,1,1
9571,0,2,2
8223,0,1,1
7403,3,1,4
7405,0,1,1
7406,0,1,1
7407,0,1,1
7408,0,1,1
7485,2,2,4
7556,0,3,3
7453,3,2,5
9296,0,1,1
9297,0,1,1
7391,0,1,1
7392,0,1,1
7393,0,1,1
7400,0,1,1
7749,0,2,2
7750,0,1,1
7752,0,1,1
9523,0,1,1
7455,2,1,3
8133,0,1,1
7475,0,1,1
7476,0,1,1
7477,0,1,1
7478,0,1,1
7479,0,1,1
7480,0,1,1
7481,0,1,1
7483,5,1,6
7484,1,1,2
7486,0,1,1
7506,0,2,2
7518,0,1,1
7519,0,1,1
7522,0,1,1
7523,1,1,2
7525,0,1,1
7528,2,1,3
7529,1,1,2
7535,1,1,2
7558,0,1,1
8047,8,1,9
7541,0,1,1
8096,0,1,1
8097,0,1,1
8098,0,1,1
8099,0,1,1
8100,0,1,1
7859,0,2,2
7562,0,1,1
7578,2,1,3
7580,0,1,1
7581,0,1,1
7582,1,1,2
7584,0,1,1
7585,0,1,1
7586,2,1,3
7588,0,1,1
8794,0,1,1
8795,0,1,1
7591,0,1,1
7593,0,2,2
7594,1,1,2
7596,0,1,1
7597,0,1,1
7598,0,1,1
7599,0,1,1
9156,1,1,2
7612,0,1,1
7613,1,1,2
10015,0,2,2
10121,0,1,1
10135,0,1,1
10136,0,1,1
10138,0,1,1
10139,0,1,1
10140,0,1,1
10141,0,1,1
7832,0,2,2
8173,0,1,1
8175,0,1,1
8476,0,2,2
10044,0,1,1
10045,0,1,1
10046,0,1,1
10047,0,1,1
10048,0,1,1
10049,0,1,1
7994,0,1,1
8274,0,1,1
7644,3,1,4
7645,1,1,2
7646,1,1,2
7648,0,1,1
7650,0,1,1
7651,0,1,1
7652,0,1,1
7686,2,1,3
7687,1,1,2
8253,0,1,1
8257,0,1,1
7654,2,1,3
7655,1,1,2
7657,0,1,1
7658,0,1,1
7660,5,1,6
7661,0,1,1
7664,5,1,6
7665,0,1,1
7774,4,1,5
7775,1,1,2
7671,0,1,1
7672,0,1,1
7677,1,1,2
7680,0,1,1
7681,0,1,1
7684,1,1,2
7689,0,1,1
7690,0,1,1
7691,0,1,1
7692,0,1,1
7695,0,1,1
7696,0,1,1
7699,0,1,1
7700,0,1,1
9906,0,1,1
9907,0,1,1
9908,0,1,1
9911,0,1,1
9912,0,1,1
9913,0,1,1
9914,0,1,1
9459,7,1,8
7703,1,1,2
7704,2,1,3
7705,2,1,3
7706,0,1,1
7707,0,1,1
7708,0,1,1
7709,0,1,1
7710,1,1,2
7711,2,1,3
7713,0,1,1
7714,0,1,1
7915,0,2,2
7948,0,1,1
7949,0,1,1
7951,0,1,1
7953,0,1,1
7954,0,1,1
7955,0,1,1
7957,0,1,1
7958,0,1,1
7959,0,1,1
7960,0,1,1
7868,0,1,1
7730,1,1,2
7731,0,1,1
7733,0,1,1
7735,0,1,1
7737,0,1,1
9215,0,1,1
9216,0,1,1
9217,1,1,2
7741,1,1,2
7742,0,1,1
7743,1,1,2
7744,0,1,1
7745,1,1,2
7746,1,1,2
7747,0,1,1
7748,0,1,1
7756,1,1,2
7921,0,2,2
7922,0,1,1
7759,0,1,1
7760,0,1,1
7907,0,1,1
7908,0,1,1
7909,0,1,1
7910,0,1,1
7766,0,1,1
7767,0,1,1
7769,0,1,1
7770,0,1,1
7771,0,1,1
7772,0,1,1
7778,0,1,1
7779,0,1,1
7788,0,1,1
7792,0,1,1
7793,0,1,1
8083,0,2,2
8093,0,1,1
8094,0,1,1
7813,1,1,2
7814,1,1,2
7816,0,1,1
9134,0,1,1
7824,0,1,1
7826,0,1,1
7827,0,1,1
7828,0,1,1
7830,0,1,1
7831,0,1,1
7833,0,1,1
7834,2,1,3
7835,0,1,1
7836,1,1,2
7837,0,1,1
7838,0,1,1
9588,0,1,1
7845,2,1,3
7846,0,1,1
7847,0,1,1
7849,2,1,3
7851,0,1,1
7852,0,1,1
7853,0,1,1
7854,0,1,1
7855,0,1,1
7856,1,1,2
7857,1,1,2
7858,0,1,1
7860,2,1,3
7862,0,1,1
7863,2,1,3
7864,1,1,2
7878,0,1,1
7880,0,1,1
7881,0,1,1
8145,0,1,1
8146,0,1,1
8147,0,1,1
8148,0,1,1
8149,0,1,1
8150,0,1,1
8151,0,1,1
8152,0,1,1
8153,0,1,1
7883,0,1,1
7884,0,1,1
7890,0,1,1
7891,0,1,1
7892,0,1,1
7893,0,1,1
7917,0,1,1
7929,2,1,3
7930,2,1,3
7931,0,1,1
7943,0,1,1
7944,0,1,1
7945,1,1,2
7946,0,1,1
7947,1,1,2
7966,0,1,1
7967,0,1,1
7968,0,1,1
7970,0,1,1
7971,0,1,1
7972,0,1,1
7973,0,1,1
7975,0,1,1
7976,1,1,2
7977,0,1,1
7978,0,1,1
7979,0,1,1
7980,0,1,1
7982,0,1,1
7983,0,1,1
7985,0,1,1
7986,0,1,1
7987,0,1,1
