Node,InDegree,OutDegree,TotalDegree
9514,0,1,1
9059,0,4,4
8697,3,2,5
8723,0,4,4
8346,1,3,4
8445,1,2,3
9214,1,4,5
9340,0,2,2
7803,1,2,3
7750,0,3,3
9182,0,4,4
5931,3,0,3
7969,3,4,7
5831,8,0,8
9574,0,4,4
9270,0,8,8
5648,5,1,6
5579,4,1,5
7868,2,2,4
7093,2,4,6
6759,1,2,3
5621,4,1,5
5255,4,0,4
5234,4,1,5
7062,5,2,7
9613,0,6,6
9124,0,4,4
6450,4,2,6
9836,0,6,6
7900,5,4,9
6333,6,2,8
6179,5,2,7
6003,5,2,7
7756,3,5,8
8731,1,2,3
7453,3,4,7
5078,3,1,4
4706,10,0,10
8087,4,4,8
5669,5,3,8
8062,1,5,6
6207,4,1,5
6716,3,4,7
9900,0,3,3
8806,2,5,7
5465,5,2,7
4572,6,0,6
9959,0,10,10
8592,1,4,5
7181,4,5,9
7088,1,2,3
5002,6,1,7
8383,1,6,7
4482,4,0,4
4480,9,0,9
6777,2,4,6
8248,2,3,5
8670,0,3,3
5748,3,3,6
4430,5,0,5
4945,5,2,7
6389,4,5,9
4835,5,1,6
4391,6,0,6
4914,1,1,2
9015,1,5,6
7623,2,1,3
5208,5,1,6
7064,4,2,6
4306,5,0,5
8209,2,6,8
4533,6,2,8
9969,0,6,6
9958,0,5,5
6383,5,3,8
4365,5,1,6
5248,3,2,5
5036,2,1,3
9163,1,5,6
4566,10,1,11
5187,4,2,6
8309,1,6,7
6459,4,5,9
5287,4,1,5
5402,2,2,4
4779,10,2,12
5740,8,2,10
4199,6,0,6
8772,0,5,5
5938,3,2,5
9499,2,10,12
8508,0,6,6
8761,1,6,7
4106,10,0,10
9707,1,14,15
8950,1,2,3
8110,1,5,6
4075,5,0,5
8380,2,2,4
5370,4,1,5
5830,5,3,8
8484,1,4,5
6087,3,4,7
4100,11,1,12
8385,2,5,7
9725,1,6,7
7894,2,7,9
8094,2,8,10
3953,8,0,8
6412,3,2,5
9374,0,2,2
3913,8,0,8
6399,7,3,10
3896,4,0,4
5827,2,5,7
6549,3,4,7
7887,4,5,9
6577,1,2,3
6135,2,2,4
5483,2,3,5
3872,3,0,3
4010,5,1,6
8105,2,10,12
7825,1,5,6
8972,1,5,6
7642,0,6,6
6432,7,3,10
6623,3,3,6
8584,0,5,5
3838,5,0,5
3946,5,1,6
4808,12,2,14
5933,2,2,4
5534,8,2,10
5273,5,5,10
6763,2,4,6
3891,7,1,8
4310,3,1,4
7941,0,8,8
3741,7,0,7
7637,2,5,7
5644,2,4,6
7587,4,2,6
8272,4,9,13
7201,4,2,6
5098,0,4,4
5028,4,1,5
4582,5,2,7
7682,2,3,5
7594,2,2,4
3673,11,0,11
7904,2,6,8
9474,0,6,6
5442,2,6,8
6935,6,4,10
5251,6,3,9
9883,0,5,5
5210,3,2,5
3638,6,0,6
3632,4,0,4
9699,0,14,14
8347,2,7,9
9851,0,9,9
5723,7,2,9
3615,5,0,5
4383,7,1,8
5471,6,7,13
5461,6,2,8
6602,2,3,5
3589,6,0,6
3584,7,0,7
7256,6,4,10
6046,2,2,4
7830,0,7,7
8032,1,7,8
8424,0,8,8
8724,0,3,3
4189,7,1,8
9544,1,9,10
9367,0,7,7
5173,11,3,14
6393,6,4,10
6742,0,5,5
7399,1,3,4
3687,5,2,7
3534,3,0,3
4571,6,3,9
6638,3,6,9
3789,6,1,7
9450,1,8,9
4469,6,1,7
8497,1,6,7
3505,4,0,4
6481,8,7,15
8125,2,3,5
8059,1,1,2
4920,3,2,5
3490,12,0,12
6144,4,3,7
6696,1,3,4
4758,4,3,7
8039,1,6,7
5708,6,2,8
6501,3,6,9
9434,0,4,4
5840,5,7,12
9116,0,7,7
9104,4,3,7
4033,4,1,5
9634,1,8,9
6640,3,5,8
3785,6,2,8
5169,5,2,7
4047,8,1,9
8604,1,5,6
8379,0,2,2
7520,3,5,8
4839,6,3,9
8043,1,10,11
6928,2,2,4
3385,7,0,7
4848,4,1,5
4932,6,1,7
7410,1,4,5
7292,5,8,13
7930,6,7,13
7011,4,4,8
5993,3,3,6
5732,4,3,7
4436,7,1,8
3442,6,2,8
3346,4,0,4
4809,2,4,6
9978,0,10,10
8280,3,5,8
7462,1,5,6
5674,4,5,9
4822,8,5,13
3318,8,0,8
5526,4,5,9
9040,1,8,9
7340,2,5,7
8121,2,4,6
5790,3,2,5
3286,5,0,5
8794,0,4,4
8287,2,4,6
5547,5,6,11
3605,8,1,9
6576,1,8,9
7890,1,3,4
3672,8,1,9
5839,6,4,10
7341,3,8,11
7177,2,6,8
6341,4,4,8
5709,7,2,9
6738,2,7,9
6165,6,3,9
9971,0,10,10
7027,0,2,2
3223,7,0,7
4613,0,4,4
4921,2,2,4
9751,0,6,6
8946,0,7,7
9394,1,7,8
8067,2,6,8
7451,2,6,8
9254,0,7,7
6162,5,5,10
6355,2,5,7
7626,2,7,9
3364,7,1,8
8140,1,2,3
3822,8,1,9
8824,1,5,6
8514,3,6,9
6796,1,5,6
4120,6,2,8
3656,7,1,8
5902,2,2,4
9569,0,5,5
3353,2,1,3
3519,6,1,7
4230,3,1,4
3654,4,1,5
5270,6,3,9
8790,0,7,7
6247,1,10,11
8531,4,5,9
3142,6,0,6
6681,1,6,7
9451,0,8,8
5834,5,6,11
7844,1,5,6
5220,4,2,6
3132,10,0,10
8543,1,7,8
4833,1,2,3
3412,10,1,11
7396,4,2,6
7698,2,5,7
3108,5,0,5
5384,7,1,8
3309,5,1,6
5671,4,5,9
3421,7,2,9
5042,4,1,5
6074,4,5,9
9992,0,6,6
8614,3,8,11
9929,0,13,13
6609,3,2,5
3877,8,1,9
9462,1,8,9
8142,3,3,6
3069,8,0,8
5542,4,4,8
9888,1,10,11
5780,9,1,10
9156,0,5,5
9497,0,6,6
6503,2,1,3
3059,5,0,5
6515,3,2,5
4966,4,4,8
7544,2,4,6
6401,3,5,8
7975,3,3,6
3042,4,0,4
5000,5,2,7
7530,0,5,5
7384,2,4,6
6531,4,5,9
4154,5,3,8
7328,1,5,6
7817,4,5,9
6692,2,4,6
5787,4,3,7
5585,4,3,7
3018,5,0,5
9288,2,7,9
9640,1,7,8
9299,3,5,8
8729,4,4,8
8781,0,7,7
8443,1,3,4
3007,10,0,10
9520,0,4,4
3004,8,0,8
3370,8,1,9
6467,3,4,7
5730,2,5,7
2998,8,0,8
2996,5,0,5
3027,7,1,8
5449,7,5,12
9118,1,2,3
7075,6,3,9
9862,0,6,6
6295,3,7,10
6507,4,4,8
9313,0,12,12
5770,6,3,9
5033,5,3,8
9642,1,5,6
8666,2,6,8
4975,5,3,8
6632,2,6,8
3900,10,2,12
5200,5,2,7
9765,0,8,8
2957,8,0,8
8665,2,10,12
2953,6,0,6
5616,3,2,5
6781,2,7,9
8706,1,5,6
6284,5,5,10
4612,2,2,4
8012,3,3,6
7521,4,4,8
2935,8,0,8
4979,5,2,7
4373,6,3,9
5366,1,2,3
5976,5,1,6
3875,4,1,5
8305,3,4,7
7192,1,1,2
6936,2,6,8
7274,4,6,10
2910,6,0,6
9333,2,6,8
7254,2,5,7
3457,9,2,11
6859,5,3,8
4175,5,2,7
8816,3,9,12
5090,3,2,5
8829,3,5,8
9628,0,9,9
6573,5,3,8
3471,3,2,5
7526,0,3,3
5816,3,5,8
3200,7,1,8
2876,5,0,5
5565,3,5,8
2874,11,0,11
4227,4,2,6
3762,5,3,8
2860,10,0,10
9688,0,9,9
2859,9,0,9
5092,6,3,9
6505,2,2,4
7629,1,7,8
4500,3,6,9
9589,1,9,10
6841,4,5,9
4663,6,4,10
2840,6,0,6
6995,4,5,9
4457,7,1,8
7107,1,5,6
5137,1,4,5
6239,2,4,6
3308,9,1,10
2830,10,0,10
2829,4,0,4
3642,7,1,8
2825,13,0,13
2824,6,0,6
3829,8,1,9
6082,6,6,12
2819,5,0,5
7452,4,7,11
3961,5,2,7
8021,2,5,7
3661,7,2,9
8152,1,4,5
5592,6,6,12
2811,7,0,7
9847,1,9,10
2806,10,0,10
7762,1,3,4
6605,1,3,4
8056,2,5,7
2794,10,0,10
8846,2,7,9
2792,6,0,6
4360,7,4,11
2790,4,0,4
2855,6,1,7
3991,6,3,9
5329,6,4,10
2962,9,3,12
9323,1,11,12
7014,5,2,7
5443,5,5,10
7382,2,5,7
2772,8,0,8
8649,2,6,8
8153,2,5,7
2769,9,0,9
9034,3,4,7
2768,11,0,11
5494,5,6,11
3536,4,4,8
9658,0,13,13
8647,2,7,9
2760,10,0,10
2810,7,1,8
7700,4,3,7
9049,0,9,9
9516,1,5,6
9028,2,8,10
6550,4,5,9
3563,5,1,6
9123,1,8,9
5079,5,4,9
5960,4,4,8
6457,4,5,9
5630,4,3,7
6966,1,6,7
6571,3,6,9
7754,3,5,8
6105,4,3,7
8838,2,7,9
9515,1,12,13
3430,7,3,10
2721,8,0,8
7110,0,6,6
8399,0,8,8
4960,7,3,10
2706,7,0,7
6344,2,5,7
2705,11,0,11
9552,1,9,10
2701,6,0,6
4721,6,4,10
8963,1,4,5
4162,5,3,8
7149,2,4,6
9283,1,4,5
6078,5,4,9
9240,0,7,7
2692,7,0,7
2997,8,3,11
2690,7,0,7
3759,6,3,9
6873,5,4,9
7135,3,4,7
6980,10,5,15
6891,5,6,11
4928,8,3,11
3025,9,3,12
5256,1,4,5
3912,9,3,12
9310,1,12,13
2667,5,0,5
9771,0,12,12
9440,0,8,8
2664,8,0,8
2657,9,0,9
2655,11,0,11
7343,4,6,10
6813,7,2,9
4119,9,4,13
6313,5,4,9
9846,0,3,3
2646,15,0,15
2775,7,1,8
5991,2,2,4
7359,0,9,9
2638,8,0,8
5084,4,2,6
6411,2,3,5
7810,1,7,8
6747,3,8,11
6958,5,6,11
2886,9,1,10
5064,6,1,7
4679,4,3,7
4695,6,1,7
2973,8,3,11
2875,8,1,9
3038,7,1,8
2616,8,0,8
5645,1,3,4
2689,2,1,3
6508,0,5,5
7168,3,5,8
7731,1,6,7
5855,4,8,12
7401,1,3,4
5936,4,6,10
2601,6,0,6
2599,7,0,7
9251,2,7,9
3902,4,3,7
4539,1,1,2
5175,0,2,2
4410,12,3,15
6418,4,4,8
5522,3,2,5
4182,7,3,10
4098,4,1,5
2578,6,0,6
6538,1,4,5
6014,5,4,9
2573,7,0,7
7547,2,6,8
4449,7,3,10
3886,9,2,11
2650,7,1,8
2567,11,0,11
7618,1,9,10
2833,12,2,14
9513,0,7,7
9807,0,6,6
8390,1,9,10
2553,7,0,7
9626,0,8,8
6539,1,4,5
4129,5,3,8
9748,0,12,12
4036,6,6,12
7747,1,9,10
4645,4,1,5
9814,0,7,7
8049,1,5,6
6191,2,4,6
5146,3,4,7
2536,6,0,6
9025,0,9,9
5492,1,3,4
3249,7,1,8
7099,4,5,9
2531,11,0,11
4286,4,1,5
7213,3,3,6
5981,4,7,11
2528,6,0,6
6157,1,3,4
8022,0,3,3
6673,5,8,13
5558,4,3,7
2518,11,0,11
2517,4,0,4
2516,4,0,4
2513,5,0,5
9050,0,8,8
2506,6,0,6
3191,7,2,9
9366,0,8,8
6121,6,5,11
5759,5,5,10
5310,5,1,6
3138,12,3,15
7137,4,5,9
9734,1,9,10
5607,4,4,8
5477,7,5,12
4672,5,1,6
6660,0,7,7
8566,3,10,13
3748,6,1,7
3682,10,1,11
2678,11,2,13
4387,6,4,10
8678,3,7,10
6887,7,4,11
5971,5,6,11
8205,2,8,10
9826,1,6,7
9811,0,10,10
5604,8,4,12
4140,1,3,4
6425,6,9,15
4144,8,1,9
2845,9,1,10
6885,4,4,8
2462,7,0,7
4898,5,4,9
8911,1,8,9
4210,5,3,8
3227,5,1,6
2459,7,0,7
4023,4,2,6
3816,8,2,10
2455,9,0,9
5591,10,4,14
2454,8,0,8
2452,5,0,5
2451,5,0,5
5880,6,5,11
6547,5,6,11
5352,8,6,14
8009,2,8,10
6329,4,5,9
9151,1,5,6
5789,3,5,8
3218,7,2,9
3865,6,3,9
7224,2,4,6
6533,1,6,7
2798,5,1,6
9077,1,8,9
3362,6,3,9
9338,0,8,8
2926,6,2,8
7457,1,6,7
7133,2,6,8
4158,4,5,9
2416,7,0,7
7742,1,2,3
9968,0,7,7
2863,3,3,6
5168,6,2,8
9555,2,8,10
3860,7,5,12
2405,5,0,5
8124,0,4,4
5324,4,3,7
2398,7,0,7
4951,7,4,11
6337,5,1,6
5693,4,2,6
9257,2,7,9
5044,2,3,5
9461,2,6,8
5349,6,4,10
9554,0,8,8
8499,2,8,10
4505,7,3,10
5016,4,4,8
9616,0,6,6
4356,3,1,4
7503,1,5,6
3395,4,3,7
2376,12,0,12
7896,1,4,5
7657,1,10,11
7952,1,8,9
5823,5,4,9
8265,1,5,6
6853,5,8,13
2368,8,0,8
9239,1,8,9
4196,7,3,10
3467,4,2,6
8747,0,9,9
2912,6,1,7
8146,1,5,6
4484,8,4,12
8855,2,5,7
7509,2,4,6
2469,5,1,6
6758,1,8,9
4826,3,4,7
4806,3,3,6
2366,6,1,7
7987,3,3,6
7440,5,4,9
5373,3,2,5
2351,6,0,6
9522,0,6,6
5281,5,4,9
2586,4,1,5
2346,5,0,5
9412,1,11,12
6551,1,6,7
5107,6,2,8
3143,4,1,5
2342,6,0,6
2341,10,0,10
6588,2,6,8
2340,6,0,6
9127,0,12,12
5478,8,6,14
4362,7,2,9
2407,7,1,8
4753,4,2,6
2704,6,2,8
6391,3,6,9
3130,3,2,5
6672,5,9,14
5232,8,2,10
2823,9,1,10
8620,3,12,15
5772,4,4,8
7525,1,7,8
4790,9,3,12
2532,10,2,12
9508,0,6,6
3572,5,2,7
4389,4,2,6
2868,5,1,6
5416,3,4,7
3907,6,2,8
3344,6,1,7
8651,0,7,7
8469,2,4,6
6689,6,11,17
6328,3,3,6
3214,8,1,9
9122,2,5,7
6036,8,4,12
5318,4,4,8
6541,4,1,5
4745,1,3,4
6174,8,6,14
8831,0,10,10
2389,9,1,10
9222,0,10,10
5964,2,7,9
6293,4,4,8
2300,7,0,7
7804,0,6,6
2298,5,0,5
4882,6,7,13
2873,7,2,9
7006,2,4,6
4891,6,5,11
9973,0,9,9
8767,2,5,7
2287,6,0,6
7934,5,3,8
4200,5,4,9
2282,7,0,7
9207,0,11,11
7838,5,9,14
3935,4,2,6
5046,4,5,9
9383,1,5,6
9274,0,10,10
9155,2,11,13
2660,5,1,6
8891,1,6,7
5337,8,7,15
2275,5,0,5
6430,3,4,7
6146,3,6,9
6068,1,7,8
5593,3,5,8
5081,3,6,9
2270,11,0,11
8746,1,5,6
6926,2,5,7
5444,5,6,11
4546,4,1,5
7973,1,5,6
2267,7,0,7
9399,0,7,7
5062,8,6,14
2264,10,0,10
6051,4,5,9
5364,3,3,6
2328,5,1,6
2263,6,0,6
7169,5,6,11
3573,8,3,11
8992,1,6,7
2345,9,1,10
8151,1,9,10
7222,2,7,9
4250,9,1,10
2252,7,0,7
2249,4,0,4
7009,0,7,7
5620,4,4,8
4088,6,3,9
6152,5,5,10
5496,4,3,7
3730,11,5,16
3399,7,2,9
8120,1,6,7
7086,2,9,11
5446,5,4,9
4172,6,5,11
6719,1,10,11
7373,3,7,10
4273,4,3,7
4211,8,3,11
3212,6,1,7
5356,6,1,7
2534,11,1,12
6959,4,6,10
3159,7,2,9
3441,3,3,6
3593,4,3,7
2304,10,2,12
7102,6,3,9
6927,3,3,6
6415,1,8,9
5217,2,4,6
4485,4,6,10
6732,3,5,8
6950,1,6,7
9098,1,9,10
8204,1,7,8
2276,6,1,7
4511,8,2,10
3585,5,5,10
6583,6,7,13
4763,6,5,11
2211,6,0,6
5875,10,4,14
3145,7,1,8
6739,6,5,11
4798,5,6,11
2945,8,1,9
8040,4,2,6
3885,7,3,10
5735,2,6,8
3489,5,4,9
7012,3,5,8
8942,2,10,12
2947,8,2,10
9677,1,10,11
8409,1,4,5
2414,8,1,9
7151,2,1,3
7541,1,9,10
2193,6,0,6
3800,9,3,12
9417,0,9,9
7839,1,5,6
3715,4,3,7
5498,5,5,10
2184,3,0,3
8052,2,10,12
9286,0,8,8
6582,2,3,5
9588,3,7,10
8572,0,7,7
6172,2,11,13
2425,6,1,7
9046,2,8,10
3298,2,3,5
2179,4,0,4
9519,0,6,6
4110,3,4,7
9410,1,9,10
7312,7,8,15
6454,4,4,8
3144,7,3,10
2172,6,0,6
4950,4,6,10
5917,3,4,7
5266,6,2,8
3802,10,4,14
9839,0,9,9
9890,0,10,10
4094,6,4,10
5381,5,6,11
2164,5,0,5
7635,2,6,8
2728,13,1,14
7349,3,8,11
2160,1,0,1
3231,5,1,6
2156,7,0,7
6473,5,3,8
2155,9,0,9
3592,3,2,5
8881,2,6,8
9738,0,7,7
8137,2,5,7
7112,3,3,6
9372,2,11,13
6050,4,4,8
2931,4,2,6
2334,20,1,21
7053,2,4,6
2934,6,2,8
3205,6,3,9
8605,3,7,10
7571,2,4,6
5804,3,3,6
5505,2,3,5
4452,10,4,14
3576,9,3,12
7238,2,5,7
6822,7,5,12
2138,10,0,10
5174,6,7,13
4743,4,2,6
6480,1,6,7
3371,8,3,11
7003,1,5,6
2131,7,0,7
9918,0,6,6
9757,0,10,10
7329,2,9,11
6546,4,8,12
9942,1,11,12
5132,4,4,8
5450,4,9,13
2125,11,0,11
6294,8,6,14
2124,12,0,12
2121,6,0,6
8325,3,10,13
4267,7,2,9
5086,5,3,8
3794,8,2,10
9726,1,10,11
7495,4,7,11
6301,3,4,7
8141,0,7,7
5705,2,1,3
5689,6,4,10
8976,0,15,15
5379,0,7,7
2672,4,1,5
9185,1,9,10
2621,4,2,6
5436,3,3,6
6052,2,4,6
5153,6,3,9
2100,6,0,6
3000,9,3,12
2098,9,0,9
5982,7,5,12
4086,7,5,12
8553,2,7,9
5451,8,2,10
2096,10,0,10
4984,1,4,5
2095,8,0,8
5924,3,4,7
8400,1,7,8
7720,4,10,14
5532,4,3,7
4077,6,4,10
3884,9,1,10
2087,8,0,8
8780,1,6,7
2085,6,0,6
6704,3,4,7
2081,4,0,4
3154,3,1,4
2080,8,0,8
9017,3,4,7
6831,2,5,7
2078,3,0,3
6737,3,6,9
4827,3,5,8
9242,2,6,8
2971,8,2,10
7585,5,7,12
5228,6,5,11
4384,6,3,9
2781,13,1,14
8026,2,7,9
7094,3,4,7
6077,5,5,10
8396,1,6,7
9943,0,6,6
8041,2,10,12
2918,7,3,10
2956,6,1,7
6075,2,7,9
4900,3,3,6
9476,0,9,9
3484,8,1,9
7590,7,10,17
7772,1,7,8
6823,3,4,7
2052,9,0,9
2051,4,0,4
2611,16,2,18
2048,12,0,12
5665,6,4,10
8656,1,8,9
2538,4,2,6
4832,2,3,5
8185,1,5,6
5212,6,5,11
6594,4,8,12
3659,2,2,4
6776,4,3,7
5618,10,5,15
6562,8,5,13
7920,3,6,9
7022,5,2,7
5021,6,5,11
6268,5,3,8
2034,6,0,6
2031,7,0,7
8537,1,6,7
6455,5,9,14
5597,6,2,8
5219,1,4,5
8315,2,10,12
8255,2,4,6
7951,5,9,14
2028,4,0,4
9915,0,10,10
4004,4,2,6
6365,4,9,13
4478,8,4,12
8031,1,7,8
3859,5,3,8
2021,2,0,2
4537,6,2,8
2019,7,0,7
9307,2,9,11
8627,1,3,4
6373,1,3,4
2016,10,0,10
9226,2,3,5
9020,1,5,6
5165,5,5,10
3626,5,1,6
8635,2,7,9
8319,1,7,8
6953,4,4,8
6381,4,3,7
2888,8,2,10
2010,4,0,4
5783,3,7,10
3732,10,1,11
3636,6,3,9
7840,1,13,14
8701,3,7,10
6653,7,7,14
9902,1,12,13
7658,1,8,9
5264,5,4,9
4830,2,4,6
8084,1,5,6
2685,9,2,11
6182,4,8,12
2000,7,0,7
8785,1,8,9
8291,2,5,7
6224,4,3,7
3559,8,3,11
8263,1,5,6
2289,6,1,7
8907,0,11,11
5191,6,6,12
1994,6,0,6
8588,2,11,13
6735,2,6,8
5054,2,4,6
9159,0,11,11
8335,4,10,14
9100,1,6,7
5277,9,4,13
7592,1,2,3
6909,1,8,9
2362,6,1,7
9583,0,9,9
9570,0,5,5
9056,1,7,8
7645,1,6,7
2262,8,2,10
1987,10,0,10
9781,0,9,9
6246,4,7,11
3565,9,2,11
4013,5,2,7
3999,9,2,11
5246,7,5,12
7147,4,3,7
7308,3,2,5
4570,3,4,7
9580,0,9,9
6458,2,7,9
2744,9,1,10
2372,11,3,14
1973,9,0,9
8544,2,10,12
3523,10,3,13
6140,5,7,12
2413,11,1,12
1969,5,0,5
7078,1,11,12
5908,1,5,6
5470,6,3,9
7912,5,6,11
7371,4,5,9
9939,1,9,10
6854,5,10,15
5833,4,5,9
5140,2,1,3
3851,4,3,7
2916,3,1,4
7689,4,9,13
8304,1,9,10
6839,4,4,8
9084,1,12,13
4204,12,5,17
2568,5,2,7
1955,8,0,8
9721,0,5,5
6635,5,6,11
6500,2,7,9
5798,4,4,8
3644,8,3,11
7808,2,10,12
1949,7,0,7
7957,3,8,11
7540,0,4,4
7853,4,7,11
4049,7,3,10
3045,6,1,7
6063,6,3,9
1944,4,0,4
9437,0,7,7
7869,3,12,15
7760,2,7,9
9487,1,9,10
6930,3,8,11
5937,5,7,12
1938,10,0,10
7302,5,3,8
3652,9,1,10
3094,8,1,9
1936,7,0,7
3232,10,3,13
9887,0,6,6
4594,5,5,10
9844,0,10,10
6767,4,9,13
5746,4,4,8
4885,3,6,9
4662,5,7,12
9058,1,10,11
8504,0,12,12
9921,0,10,10
8076,4,8,12
6877,2,5,7
2612,7,1,8
4989,6,3,9
2483,10,1,11
7334,1,4,5
1926,7,0,7
5332,5,5,10
4442,6,4,10
1966,8,1,9
2974,5,1,6
8297,1,10,11
1920,6,0,6
5873,2,5,7
9191,0,6,6
9068,0,7,7
8688,2,7,9
3193,6,3,9
6628,5,3,8
2093,6,1,7
2969,11,2,13
1914,3,0,3
8176,1,5,6
4239,7,2,9
4190,8,3,11
3901,7,1,8
1912,9,0,9
2411,4,1,5
4159,2,3,5
7627,2,12,14
9647,0,6,6
9007,0,11,11
7850,2,5,7
5464,8,3,11
9990,0,18,18
7179,4,5,9
6634,6,5,11
4637,6,5,11
8300,3,6,9
8258,1,4,5
7348,1,5,6
2663,5,3,8
1894,8,0,8
1893,5,0,5
3590,6,1,7
8164,2,7,9
5613,2,5,7
5083,9,6,15
7511,0,8,8
2870,6,1,7
6516,1,9,10
6670,1,6,7
4496,6,4,10
1886,11,0,11
7084,0,8,8
6049,1,2,3
4445,9,1,10
4459,11,6,17
1883,12,0,12
2850,4,2,6
7097,3,8,11
2033,6,1,7
9597,1,8,9
7909,1,10,11
7581,3,10,13
7249,2,4,6
5280,5,3,8
8422,0,4,4
1873,9,0,9
7946,2,8,10
6124,4,8,12
4177,6,3,9
1871,8,0,8
8623,0,5,5
8123,3,8,11
2946,7,3,10
7527,5,7,12
3376,4,2,6
9172,1,6,7
1864,7,0,7
9774,0,5,5
6196,3,7,10
5213,5,6,11
3792,4,3,7
7793,1,7,8
5262,3,9,12
1855,7,0,7
9074,1,7,8
6348,5,5,10
8070,4,5,9
8042,1,5,6
1851,7,0,7
3208,7,2,9
5354,5,7,12
3793,8,2,10
1848,7,0,7
7427,1,10,11
3266,7,6,13
2332,8,1,9
1847,10,0,10
9649,1,7,8
6900,6,5,11
2077,9,1,10
8244,1,7,8
5423,7,4,11
2822,5,2,7
6302,7,7,14
3106,7,1,8
2737,5,2,7
7352,4,7,11
4524,6,2,8
9841,0,9,9
8870,1,8,9
3222,6,4,10
2191,4,3,7
5765,4,6,10
1839,8,0,8
5975,4,2,6
3773,6,3,9
7113,6,10,16
4750,3,4,7
2004,10,1,11
6788,2,8,10
2504,6,1,7
2981,9,2,11
1834,9,0,9
5791,8,6,14
2292,8,3,11
5325,4,3,7
9387,0,12,12
7323,4,4,8
9086,1,9,10
3846,6,4,10
7711,3,10,13
3823,5,5,10
6375,1,7,8
9179,3,6,9
2409,7,2,9
9926,0,8,8
4556,5,3,8
4114,7,5,12
1822,10,0,10
5954,11,8,19
1821,7,0,7
1854,6,1,7
5854,7,7,14
3115,10,2,12
7612,3,9,12
2524,7,1,8
6403,5,10,15
4996,5,3,8
4477,9,2,11
1815,10,0,10
9521,0,12,12
2084,8,1,9
9097,0,10,10
8889,1,10,11
8798,0,6,6
1810,7,0,7
8807,0,16,16
5738,7,8,15
6177,7,7,14
3407,5,4,9
1885,7,1,8
8240,1,10,11
3265,6,2,8
8600,2,9,11
7874,1,3,4
3210,8,5,13
8306,1,8,9
9306,1,7,8
1801,13,0,13
9442,0,9,9
2241,6,1,7
8854,1,5,6
9639,0,10,10
7524,3,9,12
6380,2,6,8
1975,10,1,11
1796,15,0,15
5573,3,4,7
3695,5,4,9
9875,0,8,8
6119,4,6,10
8212,1,6,7
9791,0,11,11
1791,6,0,6
4308,6,2,8
3539,3,3,6
2510,13,1,14
6984,7,3,10
8003,0,7,7
1788,16,0,16
5420,7,5,12
3253,8,2,10
9911,0,14,14
1785,7,0,7
7445,5,6,11
7167,2,6,8
8174,0,6,6
7297,1,6,7
2183,5,2,7
6390,2,7,9
8828,2,12,14
3075,8,3,11
4655,7,4,11
8340,3,6,9
2053,5,1,6
1777,7,0,7
5193,6,3,9
1776,12,0,12
5398,6,9,15
5184,6,4,10
7165,1,6,7
3414,6,2,8
9503,1,9,10
4844,10,5,15
7994,0,7,7
8952,1,9,10
7472,2,6,8
6569,3,6,9
6211,4,6,10
2765,8,3,11
2284,9,1,10
1767,10,0,10
2210,9,1,10
2261,5,1,6
7221,2,5,7
4650,5,6,11
2846,6,3,9
2038,8,1,9
5350,9,1,10
1761,9,0,9
9624,0,14,14
7085,1,3,4
6884,2,5,7
3628,4,3,7
1759,13,0,13
9082,1,12,13
7639,3,8,11
6836,5,5,10
6472,3,4,7
4223,5,5,10
3033,5,2,7
6359,4,3,7
3098,6,2,8
3760,4,4,8
9961,0,10,10
4559,4,3,7
7906,2,10,12
6968,4,8,12
2251,7,1,8
1750,16,0,16
9535,1,3,4
4032,5,4,9
2278,7,2,9
8374,1,11,12
3610,3,2,5
3566,9,6,15
7732,3,8,11
5031,3,4,7
3606,7,3,10
3971,6,3,9
2058,8,1,9
5932,1,6,7
4014,4,2,6
1743,10,0,10
8970,3,11,14
7415,2,7,9
4087,7,7,14
6985,6,5,11
4727,10,3,13
3103,4,2,6
2776,15,3,18
7600,5,5,10
7375,1,7,8
6047,3,6,9
3211,7,1,8
3068,6,2,8
7671,2,4,6
9938,0,8,8
5929,6,5,11
1734,6,0,6
3934,1,1,2
8020,2,4,6
8353,3,11,14
4648,6,4,10
3469,3,6,9
2435,11,1,12
9326,1,9,10
3613,7,4,11
3047,7,4,11
7367,2,3,5
4292,5,4,9
9009,1,6,7
9336,1,8,9
9235,0,12,12
5731,5,5,10
3678,6,1,7
8360,2,11,13
6753,2,6,8
2979,3,3,6
9538,2,9,11
6422,5,4,9
4752,2,4,6
6913,3,7,10
6089,2,4,6
8560,4,5,9
1713,7,0,7
4427,5,3,8
9356,0,8,8
5039,4,3,7
2629,6,1,7
1708,11,0,11
7997,2,10,12
8472,3,11,14
8398,1,10,11
7898,3,7,10
1725,7,1,8
7502,5,8,13
9590,0,10,10
5286,5,4,9
1880,5,1,6
5903,5,5,10
8235,1,3,4
7017,0,5,5
5479,2,4,6
6787,2,7,9
8554,2,6,8
7842,1,6,7
6021,5,5,10
5956,5,9,14
5685,4,7,11
1696,8,0,8
3268,4,2,6
9479,0,8,8
4894,4,3,7
8686,1,4,5
4031,7,1,8
1758,8,1,9
8498,1,8,9
2226,13,2,15
1691,5,0,5
9121,1,10,11
6563,3,10,13
9190,1,12,13
5326,6,2,8
5082,2,7,9
3813,3,3,6
7413,1,3,4
1688,10,0,10
9565,0,11,11
3526,8,4,12
3190,12,1,13
1687,11,0,11
8448,0,3,3
7486,1,8,9
7046,1,5,6
6413,2,8,10
9435,1,8,9
7314,0,2,2
6691,1,10,11
2827,7,3,10
7636,3,8,11
7622,3,9,12
6392,2,4,6
4576,4,2,6
4058,5,5,10
9430,1,10,11
8479,5,8,13
4632,2,6,8
6905,2,6,8
4349,1,5,6
5837,2,6,8
9823,0,9,9
7103,2,7,9
7820,2,8,10
7315,3,5,8
4289,8,7,15
4948,4,4,8
4454,8,3,11
8526,1,9,10
7799,0,5,5
6168,6,7,13
7735,2,9,11
7593,3,8,11
3562,7,1,8
6598,2,9,11
3012,7,3,10
4097,3,4,7
1669,8,0,8
3029,5,4,9
1837,4,2,6
8493,1,2,3
6720,2,7,9
4656,9,3,12
3646,7,2,9
8965,2,8,10
4102,5,1,6
3243,9,3,12
1754,3,1,4
8577,3,8,11
1800,5,1,6
4064,9,1,10
1661,8,0,8
5882,4,5,9
2159,3,1,4
3679,4,1,5
1748,6,1,7
9572,1,6,7
9308,0,6,6
4101,3,2,5
1657,11,0,11
8117,2,9,11
7289,2,7,9
6465,6,8,14
3445,7,4,11
9087,0,10,10
3050,8,1,9
8875,0,11,11
7386,3,4,7
1651,7,0,7
5930,4,5,9
1650,7,0,7
9033,0,10,10
6377,2,7,9
5088,2,3,5
5055,9,3,12
4147,5,2,7
9109,0,12,12
4837,1,6,7
9381,0,12,12
2625,4,4,8
6819,2,5,7
5389,6,3,9
7985,4,8,12
6243,0,1,1
3049,5,3,8
2134,9,1,10
8673,0,10,10
4734,5,4,9
4265,9,2,11
9350,0,13,13
8949,1,8,9
5870,5,4,9
4180,6,5,11
2640,7,2,9
8456,0,7,7
5408,7,5,12
7938,4,9,13
9955,0,6,6
9401,0,6,6
6278,5,7,12
7548,2,7,9
8293,3,7,10
6491,7,3,10
2597,6,1,7
8908,1,6,7
9654,1,13,14
9060,2,7,9
8599,2,7,9
4856,6,3,9
6002,1,8,9
9941,0,7,7
8910,1,9,10
7026,1,5,6
6799,2,2,4
1628,8,0,8
2580,11,1,12
7220,1,4,5
1626,10,0,10
7976,3,13,16
8397,0,8,8
5548,2,6,8
4919,3,6,9
3273,11,3,14
1624,9,0,9
7972,0,9,9
5814,1,6,7
5427,10,4,14
7354,1,9,10
5125,9,8,17
4601,2,3,5
2514,8,2,10
1647,4,1,5
5549,0,5,5
5180,3,3,6
6285,4,5,9
5462,5,2,7
1615,8,0,8
9954,0,9,9
7989,0,8,8
4887,8,6,14
4681,3,2,5
3899,9,3,12
1699,10,1,11
1833,8,1,9
9260,0,3,3
8549,0,11,11
5663,3,1,4
9817,0,7,7
9413,0,4,4
1608,9,0,9
8890,0,7,7
7327,2,2,4
5495,5,6,11
1606,8,0,8
5553,7,4,11
2796,5,1,6
4847,4,5,9
2017,9,1,10
4881,10,2,12
3052,8,4,12
3458,3,2,5
2743,8,1,9
4775,8,3,11
1850,7,2,9
4542,2,7,9
8407,1,7,8
7397,2,5,7
5777,4,10,14
2358,6,4,10
1597,15,0,15
5835,1,9,10
7307,3,10,13
6217,2,8,10
8047,0,5,5
1636,4,1,5
1594,7,0,7
5063,4,2,6
7815,4,15,19
3491,8,3,11
1592,10,0,10
5583,4,7,11
8556,1,5,6
5068,7,4,11
5721,5,5,10
3349,8,3,11
4009,4,2,6
1588,7,0,7
2203,10,1,11
1586,7,0,7
7954,2,5,7
4029,9,3,12
1585,9,0,9
8575,2,9,11
1584,9,0,9
6160,4,14,18
2387,5,1,6
9668,0,11,11
8481,2,9,11
6434,5,8,13
1581,9,0,9
2674,2,2,4
9819,0,8,8
9284,1,6,7
7435,4,9,13
5474,2,4,6
3923,6,3,9
9379,1,12,13
8690,3,8,11
7398,2,6,8
1576,5,0,5
5865,4,2,6
3275,9,5,14
4099,5,5,10
8869,3,6,9
8162,3,9,12
4301,6,8,14
1572,9,0,9
4726,6,6,12
7901,4,6,10
6888,4,4,8
2703,3,1,4
8639,4,7,11
2871,9,1,10
2766,8,2,10
7357,1,7,8
3116,7,2,9
1567,6,0,6
7578,4,6,10
2006,6,2,8
8786,2,13,15
6852,2,11,13
2559,4,3,7
6952,4,4,8
5614,2,5,7
4568,4,5,9
1562,5,0,5
7487,2,8,10
4450,2,3,5
1561,6,0,6
4368,4,3,7
2045,10,1,11
8375,1,14,15
5675,5,7,12
4707,3,5,8
4671,5,5,10
2308,8,2,10
1559,12,0,12
4393,7,4,11
4096,3,1,4
3180,9,3,12
3657,8,3,11
5784,8,5,13
9882,0,9,9
4982,7,8,15
5445,4,5,9
7245,2,4,6
5862,8,3,11
4862,7,8,15
6210,2,4,6
5269,5,6,11
3127,6,4,10
2036,5,1,6
5452,2,4,6
2396,9,2,11
2111,9,1,10
2145,9,2,11
9582,1,14,15
1831,5,2,7
1548,8,0,8
8038,0,7,7
1545,3,0,3
9061,3,12,15
8752,2,8,10
7372,4,4,8
1965,7,2,9
8999,3,13,16
5341,7,5,12
3357,10,4,14
1543,13,0,13
9146,1,4,5
5342,7,4,11
5972,9,6,15
3844,6,1,7
7733,1,8,9
6832,2,4,6
6220,4,7,11
2375,8,1,9
1536,10,0,10
8425,2,6,8
4375,5,4,9
3691,10,3,13
6537,4,6,10
5109,2,2,4
4591,6,5,11
4284,5,6,11
6721,6,9,15
6154,4,7,11
2943,9,2,11
6937,3,7,10
2315,4,1,5
8489,3,8,11
4132,6,3,9
8352,0,6,6
9985,0,9,9
5114,4,5,9
2113,7,1,8
8787,0,5,5
8317,1,8,9
7528,1,5,6
6427,4,6,10
1527,10,0,10
9005,1,8,9
3965,3,6,9
2924,11,1,12
1524,6,0,6
3067,5,2,7
6097,4,7,11
2295,9,2,11
1964,8,2,10
9746,0,15,15
8523,2,3,5
6835,9,8,17
9467,0,9,9
1519,11,0,11
8064,2,9,11
7466,2,6,8
7034,9,8,17
9960,0,7,7
2399,7,3,10
8966,1,14,15
7584,5,7,12
7202,2,4,6
5941,6,3,9
5069,7,4,11
5230,2,4,6
2675,10,6,16
2115,11,1,12
6468,0,4,4
2722,5,2,7
9500,1,8,9
3152,4,2,6
9591,0,11,11
8717,2,9,11
1990,12,1,13
9411,0,9,9
2020,5,1,6
3824,12,2,14
1504,5,0,5
3634,3,3,6
3079,10,2,12
9409,0,9,9
7134,5,4,9
1502,8,0,8
4944,8,6,14
2869,5,2,7
6661,4,4,8
2993,5,2,7
2068,10,1,11
1499,4,0,4
9224,1,6,7
6785,3,8,11
1497,8,0,8
5883,1,4,5
5306,4,3,7
1496,10,0,10
7206,3,8,11
2018,4,3,7
6088,5,7,12
4665,5,4,9
6475,3,10,13
2593,6,1,7
2397,6,1,7
2090,10,1,11
8521,3,5,8
7119,5,8,13
9432,1,8,9
8915,2,4,6
1490,6,0,6
3735,9,1,10
3702,10,3,13
2799,4,4,8
9648,0,9,9
2917,5,1,6
7157,5,6,11
6085,3,3,6
4698,6,4,10
5177,4,7,11
1484,8,0,8
9407,1,6,7
8247,2,5,7
5385,4,3,7
4700,5,5,10
4011,6,4,10
1482,9,0,9
9036,0,12,12
8249,2,9,11
7792,2,10,12
4285,4,5,9
2975,9,4,13
1704,6,1,7
8813,2,13,15
7229,1,10,11
8092,2,5,7
1478,5,0,5
8871,0,8,8
5258,4,6,10
3693,8,1,9
2727,8,1,9
1477,11,0,11
8675,3,8,11
6502,1,6,7
2764,6,2,8
2390,5,1,6
2182,8,1,9
9808,0,11,11
8993,2,9,11
4725,4,2,6
2725,6,2,8
1474,11,0,11
9924,0,16,16
7124,5,6,11
5612,6,4,10
1472,10,0,10
3150,9,3,12
2933,5,2,7
1591,9,1,10
9805,1,7,8
8391,1,7,8
1555,6,1,7
6363,3,6,9
8011,1,5,6
6043,4,4,8
9197,1,10,11
4699,1,5,6
8581,1,8,9
3394,9,2,11
1465,7,0,7
9164,0,13,13
4623,4,7,11
3724,4,1,5
3219,9,5,14
2176,6,1,7
8505,1,5,6
5411,4,4,8
5899,4,5,9
9002,0,11,11
6611,5,8,13
2557,9,4,13
6066,4,6,10
5800,5,4,9
2905,4,3,7
2643,5,4,9
2192,10,1,11
1459,8,0,8
8964,0,10,10
1458,9,0,9
3263,9,3,12
1457,5,0,5
9636,0,6,6
9559,1,14,15
8078,1,7,8
5512,4,3,7
4801,4,3,7
2547,6,2,8
3396,4,2,6
1454,4,0,4
9850,0,14,14
1714,5,1,6
9892,0,10,10
7500,3,4,7
5848,7,2,9
7876,2,8,10
5390,5,4,9
1993,5,2,7
9940,0,8,8
7332,1,8,9
4892,4,6,10
3895,4,3,7
9204,0,8,8
7074,6,7,13
4630,6,3,9
1449,10,0,10
8622,1,16,17
4828,6,3,9
9732,0,10,10
2942,2,2,4
1447,7,0,7
9279,0,7,7
7161,3,6,9
6213,2,4,6
2213,10,2,12
3541,6,6,12
9670,0,11,11
6649,5,5,10
1640,9,1,10
2736,5,3,8
8533,2,7,9
5150,6,6,12
1901,11,1,12
1439,6,0,6
9788,0,13,13
4169,3,4,7
5968,2,4,6
3168,6,2,8
9537,1,6,7
6534,4,6,10
1435,9,0,9
2009,9,1,10
1501,8,1,9
4597,4,4,8
1765,10,3,13
9664,0,9,9
9297,1,10,11
7765,4,7,11
7479,2,9,11
5691,3,7,10
3882,6,3,9
2954,4,2,6
8944,2,7,9
3858,9,2,11
9210,0,11,11
5290,4,3,7
4390,6,5,11
1685,8,3,11
1430,8,0,8
5706,2,2,4
3173,9,2,11
1429,7,0,7
8166,2,6,8
1428,6,0,6
3209,4,6,10
8030,1,6,7
5965,5,4,9
9869,0,11,11
8524,1,12,13
1814,9,1,10
3742,5,3,8
1422,12,0,12
6492,1,8,9
4358,7,3,10
9498,1,7,8
9001,0,11,11
7982,0,7,7
1523,5,2,7
1419,4,0,4
9067,1,10,11
1418,6,0,6
9930,0,8,8
9861,0,7,7
3747,9,2,11
1417,6,0,6
6862,1,9,10
9650,1,14,15
9599,1,6,7
6206,2,7,9
1415,13,0,13
8550,0,7,7
7847,3,6,9
5166,3,6,9
4976,4,3,7
1414,12,0,12
5237,5,3,8
4070,5,3,8
2770,8,2,10
2216,11,2,13
8539,2,7,9
2196,8,2,10
1793,10,1,11
4340,8,5,13
1411,14,0,14
8027,1,6,7
7763,2,6,8
5344,4,6,10
9825,0,9,9
1409,8,0,8
5680,3,4,7
3728,4,5,9
4472,7,4,11
9901,0,8,8
9289,3,11,14
6668,3,4,7
6235,2,6,8
3117,8,1,9
1404,9,0,9
7758,1,11,12
3366,13,2,15
9713,1,9,10
5275,5,3,8
1402,8,0,8
1400,3,0,3
2964,6,2,8
1941,13,1,14
1721,6,1,7
4270,13,4,17
1398,8,0,8
9761,0,13,13
8923,1,13,14
7893,1,5,6
4043,6,5,11
8641,1,4,5
6452,3,6,9
5736,7,9,16
1395,7,0,7
8730,2,7,9
2214,5,2,7
3868,4,2,6
2700,6,5,11
2595,6,2,8
9217,1,9,10
1827,8,2,10
1392,10,0,10
6857,5,5,10
2428,4,2,6
7250,0,4,4
2007,7,1,8
1390,11,0,11
7456,2,11,13
3704,11,2,13
1389,6,0,6
9922,0,12,12
8332,4,13,17
9965,0,7,7
6918,2,8,10
2386,5,1,6
8234,2,6,8
7829,1,8,9
5227,7,6,13
3282,5,2,7
2862,5,2,7
1989,6,1,7
2086,8,2,10
8329,4,6,10
4961,5,4,9
8002,3,7,10
7494,2,5,7
5853,3,3,6
3551,8,1,9
1890,4,1,5
1383,15,0,15
4649,3,5,8
4274,4,4,8
2696,11,3,14
1382,10,0,10
8482,0,10,10
6221,4,8,12
5503,3,3,6
9864,0,8,8
8267,1,9,10
6666,1,6,7
6626,1,4,5
5365,2,1,3
9099,2,11,13
6731,6,3,9
4799,4,6,10
4615,6,2,8
1379,11,0,11
8985,0,18,18
4419,6,3,9
3975,5,3,8
2363,7,1,8
5742,5,4,9
5670,4,3,7
4564,3,3,6
7049,3,3,6
1376,6,0,6
8206,2,5,7
8427,1,7,8
6665,1,8,9
1372,9,0,9
9395,1,6,7
8207,1,8,9
8171,1,8,9
3581,7,3,10
3194,3,4,7
1371,12,0,12
8369,2,15,17
4803,6,5,11
9349,0,10,10
7311,4,9,13
6331,4,6,10
2734,4,4,8
3455,8,5,13
1552,7,2,9
8585,3,6,9
4475,2,6,8
4217,8,1,9
2421,11,1,12
9352,0,4,4
5440,4,8,12
3240,6,2,8
1364,11,0,11
7059,3,7,10
6875,4,4,8
1363,7,0,7
8491,1,13,14
7268,2,5,7
3655,7,2,9
6572,3,3,6
4244,10,2,12
3454,8,6,14
7492,2,4,6
1359,6,0,6
9166,2,6,8
6817,1,7,8
1844,15,1,16
8888,0,8,8
9276,3,7,10
1356,6,0,6
5574,5,4,9
1355,5,0,5
5435,0,6,6
2948,8,4,12
4293,6,3,9
2777,7,4,11
1353,10,0,10
7567,2,7,9
4528,6,5,11
1351,6,0,6
9905,0,5,5
9779,0,10,10
6974,3,4,7
4490,3,4,7
2280,10,1,11
1838,14,1,15
1829,6,1,7
8268,2,6,8
5531,5,3,8
1349,6,0,6
7767,2,8,10
7425,3,3,6
4311,9,5,14
2594,3,2,5
2470,8,3,11
1348,15,0,15
7376,2,9,11
4479,5,3,8
1413,12,1,13
3077,7,4,11
7189,2,6,8
2899,8,3,11
5433,6,10,16
8546,2,7,9
3387,5,1,6
2317,8,2,10
9789,0,9,9
9265,1,5,6
6962,4,9,13
8324,4,8,12
4534,8,5,13
9845,0,10,10
5634,1,7,8
2761,7,4,11
6249,1,5,6
1337,5,0,5
6433,3,7,10
4491,5,3,8
7383,2,12,14
2856,13,3,16
1335,5,0,5
9797,0,4,4
8074,0,8,8
4116,10,3,13
2032,2,1,3
1333,7,0,7
5766,5,6,11
2708,6,2,8
2610,8,2,10
5304,11,7,18
4312,3,2,5
9357,1,10,11
7773,3,7,10
6715,5,4,9
5801,8,6,14
5321,2,3,5
4599,9,3,12
3591,5,3,8
7195,6,10,16
4347,7,2,9
1634,7,2,9
9408,3,12,15
3488,4,2,6
1328,9,0,9
9834,0,11,11
7761,2,6,8
4850,7,5,12
1327,11,0,11
9695,0,6,6
6388,6,8,14
4771,3,3,6
3931,8,7,15
2632,8,2,10
9525,0,11,11
6858,5,3,8
6109,5,7,12
1324,10,0,10
1323,6,0,6
4814,5,5,10
4220,3,2,5
8496,2,8,10
4080,9,1,10
2268,8,1,9
3837,4,5,9
1853,5,1,6
9264,0,9,9
1317,12,0,12
9311,0,8,8
6222,3,9,12
3527,4,4,8
1780,11,2,13
1316,7,0,7
4747,7,4,11
6838,1,4,5
1931,8,2,10
1866,12,2,14
9173,0,9,9
1312,5,0,5
4683,8,9,17
1311,7,0,7
2807,5,1,6
1310,11,0,11
8998,1,8,9
7721,1,5,6
4653,7,4,11
3478,9,4,13
5499,3,8,11
6587,3,8,11
2684,5,3,8
9983,0,15,15
9272,0,7,7
7515,1,9,10
3294,7,3,10
4015,5,2,7
9335,1,7,8
8283,4,7,11
5013,4,7,11
8535,1,6,7
7428,2,2,4
7263,3,3,6
7071,4,5,9
4510,7,3,10
9398,1,8,9
5430,5,3,8
3981,6,2,8
2666,8,3,11
1300,5,0,5
9809,0,10,10
8370,4,9,13
7925,2,9,11
1299,8,0,8
7158,1,8,9
2369,8,2,10
1881,8,3,11
3850,6,1,7
8330,2,7,9
5940,4,13,17
3383,4,2,6
9777,0,7,7
7505,1,6,7
9827,0,8,8
8034,0,7,7
7816,0,9,9
4231,5,4,9
1293,8,0,8
9722,1,15,16
7337,1,8,9
6619,8,12,20
1738,10,2,12
3697,1,1,2
6030,2,9,11
5792,6,6,12
1289,9,0,9
2909,8,4,12
2418,7,1,8
5910,6,3,9
3093,9,4,13
2291,8,1,9
5243,5,5,10
8874,0,14,14
6453,5,3,8
1377,10,1,11
1284,5,0,5
9376,1,13,14
6621,4,7,11
2323,11,3,14
8602,0,11,11
3185,7,2,9
2800,3,2,5
1282,7,0,7
8111,4,6,10
7286,3,13,16
5755,6,8,14
5699,7,6,13
7738,2,10,12
4134,2,3,5
4065,3,2,5
6800,1,11,12
5943,2,5,7
5501,1,6,7
8782,0,7,7
6134,1,2,3
2285,6,1,7
4488,6,6,12
2582,4,2,6
7992,1,10,11
8490,1,13,14
6327,3,7,10
9069,0,9,9
2319,13,2,15
2158,5,1,6
1273,9,0,9
7096,4,10,14
5821,4,8,12
1272,10,0,10
9438,0,10,10
5375,2,6,8
1547,7,1,8
1271,10,0,10
8564,1,10,11
4851,4,6,10
7628,1,5,6
6931,4,6,10
6746,6,8,14
6592,4,7,11
6347,4,7,11
3545,4,5,9
8810,1,12,13
6846,6,7,13
5896,1,6,7
4018,6,3,9
9300,1,6,7
1266,9,0,9
8542,0,8,8
8060,2,10,12
3744,6,2,8
3064,6,2,8
9562,0,10,10
6834,3,10,13
4703,9,4,13
9106,2,14,16
4618,6,6,12
4509,1,4,5
4082,8,1,9
7438,3,8,11
4225,7,3,10
4994,3,3,6
1895,9,3,12
9464,0,10,10
7659,2,10,12
6791,4,4,8
4769,9,8,17
8434,1,7,8
6701,4,2,6
6287,5,6,11
5268,4,2,6
3162,4,4,8
2401,7,1,8
5622,4,6,10
4635,8,3,11
4574,5,4,9
3986,4,5,9
3925,5,4,9
3167,6,3,9
1255,4,0,4
8150,3,6,9
4522,8,3,11
6326,1,1,2
1253,6,0,6
6678,4,6,10
5590,8,5,13
3623,10,8,18
1473,9,2,11
1251,13,0,13
8968,0,4,4
8906,0,7,7
5983,3,3,6
1250,8,0,8
8492,3,13,16
1249,2,0,2
9011,0,5,5
7063,3,3,6
1358,9,1,10
1285,8,1,9
1248,9,0,9
9070,0,7,7
7239,2,7,9
4628,4,4,8
3843,9,4,13
2439,3,2,5
2040,9,4,13
6882,8,9,17
2907,15,2,17
7318,2,14,16
5950,3,2,5
4737,3,4,7
3721,4,4,8
1315,4,1,5
3635,7,3,10
3518,6,2,8
1876,10,1,11
1535,10,1,11
9193,0,9,9
6394,3,4,7
6387,3,5,8
1240,9,0,9
7995,1,9,10
5291,3,3,6
3776,11,4,15
6423,3,5,8
2541,10,3,13
1238,10,0,10
7404,5,8,13
5775,6,5,11
9913,0,11,11
4643,6,4,10
2714,6,2,8
1236,8,0,8
4836,4,6,10
3580,7,5,12
9609,0,6,6
9370,1,9,10
5282,4,4,8
1234,9,0,9
8073,3,4,7
1232,8,0,8
2258,7,3,10
2064,6,2,8
3707,4,9,13
7261,1,9,10
6512,1,4,5
5963,5,3,8
3765,8,5,13
3378,7,3,10
2059,5,1,6
1686,10,1,11
1406,10,1,11
9512,1,13,14
5331,2,6,8
3779,3,5,8
1297,5,1,6
1227,7,0,7
7414,1,4,5
1525,7,1,8
9843,0,6,6
9157,1,10,11
8104,4,8,12
4019,7,4,11
3348,8,4,12
1891,13,1,14
1346,11,1,12
1225,15,0,15
8578,1,5,6
3296,8,5,13
7864,2,13,15
6311,2,8,10
1440,2,1,3
6695,2,8,10
3669,7,1,8
8956,1,10,11
4917,5,5,10
3146,9,1,10
9614,1,8,9
3696,3,1,4
1702,9,1,10
7858,2,6,8
7054,4,5,9
3997,5,7,12
3662,8,4,12
8411,4,3,7
8211,1,5,6
8851,0,9,9
6376,3,6,9
5802,5,9,14
3531,7,3,10
9796,1,9,10
7662,2,7,9
1832,2,1,3
6566,1,7,8
6494,3,4,7
3781,7,4,11
1214,7,0,7
8466,0,3,3
4843,3,7,10
1635,9,1,10
2990,8,1,9
1304,9,1,10
1212,14,0,14
4359,5,6,11
3719,6,3,9
2174,7,1,8
1211,6,0,6
7845,2,5,7
4038,6,2,8
5581,4,3,7
3956,5,4,9
3836,7,2,9
3448,11,3,14
1763,3,1,4
8213,2,6,8
7871,1,6,7
6325,3,6,9
5521,8,2,10
7814,3,14,17
7246,0,13,13
1206,7,0,7
6998,2,3,5
5209,6,4,10
3743,3,4,7
1204,2,0,2
7365,1,5,6
6499,3,5,8
1203,9,0,9
9877,0,11,11
7159,4,7,11
5484,5,2,7
9910,0,13,13
5962,5,8,13
5638,7,7,14
1728,14,1,15
1201,10,0,10
5407,3,6,9
5214,6,4,10
2834,7,2,9
2503,5,4,9
2061,7,3,10
3758,6,2,8
3710,3,1,4
1621,7,1,8
8912,1,9,10
8367,0,5,5
5118,4,3,7
3766,5,1,6
1262,8,1,9
1196,16,0,16
5635,3,6,9
9360,0,10,10
9177,1,6,7
7597,2,6,8
6186,3,3,6
1193,2,0,2
9566,0,13,13
3202,5,2,7
2676,10,3,13
1191,11,0,11
9227,1,11,12
5973,2,8,10
4330,6,3,9
1190,13,0,13
3749,7,1,8
2584,8,1,9
7121,1,4,5
9403,0,11,11
3290,3,4,7
8502,2,7,9
5894,6,3,9
1933,11,1,12
3650,9,3,12
4890,5,6,11
3723,7,5,12
1183,8,0,8
7846,3,12,15
7204,3,6,9
9619,0,6,6
6717,7,4,11
3616,8,5,13
2939,8,1,9
7490,1,4,5
3960,8,6,14
1179,6,0,6
4972,5,6,11
9821,1,5,6
6034,5,3,8
3578,5,3,8
1177,6,0,6
9271,0,13,13
6969,2,7,9
4388,5,5,10
9234,1,11,12
4030,6,3,9
7703,3,4,7
5895,2,10,12
5841,6,4,10
6797,4,7,11
3314,4,2,6
2697,5,1,6
1407,7,1,8
1172,9,0,9
7663,4,5,9
7050,2,3,5
8982,0,7,7
8180,3,8,11
9393,0,13,13
8172,2,8,10
6076,5,2,7
9477,0,9,9
8661,0,10,10
7668,0,7,7
7919,1,8,9
1995,8,1,9
9993,0,12,12
3973,5,3,8
6205,2,6,8
4693,10,3,13
3544,5,2,7
9130,1,9,10
4674,9,3,12
8709,2,9,11
3216,4,2,6
2180,8,1,9
6712,1,5,6
2677,4,2,6
4846,2,4,6
1160,7,0,7
3304,7,1,8
8691,4,6,10
6228,2,4,6
5244,5,3,8
1766,9,2,11
1158,14,0,14
2373,9,2,11
1157,4,0,4
7955,4,4,8
4889,6,10,16
4090,13,3,16
2588,9,2,11
2318,11,2,13
1188,4,2,6
9081,2,15,17
5957,5,5,10
4334,5,3,8
1155,12,0,12
9314,1,8,9
8822,2,13,15
4789,9,6,15
1154,7,0,7
7529,1,8,9
4240,3,3,6
3354,10,3,13
1849,9,2,11
8771,0,10,10
6488,4,7,11
3302,6,4,10
1602,6,1,7
1152,13,0,13
8866,1,14,15
1151,7,0,7
6765,4,5,9
6667,3,7,10
6321,5,3,8
9509,0,15,15
7699,5,11,16
5097,1,4,5
4955,4,3,7
6479,6,5,11
1528,11,2,13
9853,0,8,8
3109,4,4,8
8316,0,10,10
5131,4,9,13
9912,0,11,11
8029,2,4,6
4348,3,3,6
3073,9,2,11
1144,7,0,7
5369,5,7,12
4185,2,2,4
6281,3,8,11
3427,6,6,12
2951,6,3,9
4754,3,8,11
1140,5,0,5
5439,7,5,12
9351,0,6,6
9103,0,14,14
7065,0,11,11
6710,1,8,9
6012,3,9,12
3332,4,3,7
7746,3,11,14
6865,1,2,3
2343,3,3,6
8159,3,10,13
2380,4,3,7
1136,5,0,5
4060,5,2,7
9986,0,8,8
8048,2,11,13
9507,1,15,16
8922,1,9,10
8805,1,9,10
8418,0,7,7
6659,2,12,14
3826,8,5,13
3341,6,2,8
1670,11,1,12
1138,11,1,12
9243,1,10,11
5797,2,6,8
2283,7,3,10
2105,11,1,12
1629,5,1,6
8628,0,13,13
8402,3,6,9
5907,7,4,11
2522,4,1,5
1129,10,0,10
8574,2,16,18
8410,0,11,11
5076,5,3,8
2750,8,3,11
9802,0,10,10
9102,0,9,9
8883,2,8,10
8511,2,10,12
7057,4,9,13
6478,3,8,11
1940,6,2,8
1126,18,0,18
5909,2,5,7
1125,6,0,6
8808,2,9,11
7646,0,9,9
9511,0,7,7
4741,7,3,10
2190,4,4,8
1122,12,0,12
9471,1,10,11
1877,12,3,15
1121,8,0,8
9253,0,11,11
7807,0,13,13
6811,3,4,7
5037,7,5,12
4446,2,4,6
2814,6,4,10
5733,4,2,6
4157,5,2,7
6090,2,7,9
5523,4,9,13
1813,8,1,9
1689,7,3,10
1118,7,0,7
8322,0,9,9
5949,3,6,9
5754,6,8,14
1896,10,2,12
6631,3,2,5
2958,7,2,9
8934,2,10,12
8256,0,9,9
7652,2,4,6
3525,10,3,13
4464,3,4,7
8085,2,6,8
5335,5,8,13
4105,7,4,11
1113,13,0,13
5587,4,3,7
4213,5,5,10
8567,0,10,10
7248,5,6,11
4549,3,6,9
3164,11,6,17
3568,5,3,8
1110,6,0,6
2839,9,4,13
1551,8,1,9
3818,8,5,13
7126,2,8,10
3300,8,3,11
1932,13,3,16
8336,0,7,7
7848,1,7,8
5023,4,4,8
3291,8,4,12
1105,12,0,12
7999,2,10,12
6651,5,10,15
4811,8,2,10
2493,10,4,14
1698,10,2,12
8295,3,7,10
6948,2,5,7
6115,6,5,11
5353,4,5,9
7208,2,11,13
3405,6,2,8
2502,3,2,5
1102,8,0,8
8403,2,6,8
7943,1,6,7
3507,3,3,6
3184,4,3,7
8238,2,5,7
7518,3,6,9
7316,1,2,3
7182,5,8,13
2269,12,1,13
9866,0,7,7
8935,1,6,7
8711,4,8,12
2763,9,4,13
8918,0,12,12
8895,2,10,12
1915,12,2,14
9893,0,12,12
9245,1,7,8
6230,4,6,10
1783,8,1,9
5958,7,6,13
9125,0,11,11
5466,3,3,6
1841,9,1,10
1093,7,0,7
9000,0,8,8
2498,5,2,7
1899,6,1,7
7878,3,8,11
5195,8,4,12
1091,9,0,9
6195,4,4,8
5771,8,4,12
4959,9,6,15
3244,5,2,7
1090,10,0,10
6161,4,6,10
6025,3,2,5
4216,8,3,11
5506,5,6,11
5274,6,2,8
9304,1,9,10
6843,6,7,13
2835,5,2,7
2609,8,3,11
6674,6,7,13
5918,3,5,8
5196,6,4,10
3588,8,4,12
2709,5,4,9
6999,7,8,15
2347,5,3,8
1085,10,0,10
7786,2,5,7
2881,9,2,11
1434,10,1,11
6722,1,9,10
6277,0,2,2
3941,2,3,5
2901,7,4,11
5241,4,3,7
3157,5,4,9
2154,3,3,6
1082,7,0,7
1984,6,2,8
7885,3,7,10
5363,7,5,12
8467,2,10,12
7036,1,6,7
5897,2,8,10
4056,7,3,10
1079,8,0,8
8814,2,10,12
8791,0,10,10
8349,2,8,10
6360,5,6,11
4860,7,10,17
1078,7,0,7
5229,2,4,6
2230,10,4,14
9043,1,5,6
5727,2,7,9
3186,8,3,11
3326,4,2,6
3494,7,2,9
9697,0,8,8
9369,5,17,22
9229,0,7,7
1643,11,2,13
8839,1,11,12
7661,3,6,9
6685,6,3,9
5053,4,5,9
4756,4,4,8
1153,9,2,11
5851,3,1,4
4668,5,4,9
9093,2,9,11
7916,1,9,10
7154,1,5,6
1070,9,0,9
7801,4,12,16
5535,4,4,8
2150,5,1,6
7468,3,5,8
6133,4,5,9
4736,10,4,14
1707,5,1,6
8884,1,10,11
6906,1,3,4
6358,2,3,5
6007,8,2,10
4938,4,8,12
3521,7,2,9
9244,2,6,8
9115,1,12,13
1209,9,1,10
7614,4,7,11
6183,5,5,10
1064,11,0,11
3382,9,4,13
2576,6,4,10
1063,7,0,7
9651,0,14,14
7872,2,11,13
7552,7,7,14
1224,6,1,7
1061,5,0,5
2406,6,2,8
2250,7,1,8
1060,8,0,8
3963,7,4,11
2540,4,2,6
8503,2,8,10
6464,5,4,9
5856,6,5,11
1818,4,2,6
1541,0,1,1
7473,2,7,9
7160,4,8,12
1057,7,0,7
7905,2,5,7
7019,5,3,8
9533,0,10,10
7791,1,6,7
6961,2,8,10
6633,5,9,14
6324,5,3,8
6316,5,12,17
4849,9,6,15
1069,11,1,12
1053,6,0,6
9473,1,6,7
8239,4,8,12
7862,5,12,17
4562,4,4,8
2623,5,2,7
8260,1,8,9
3848,6,4,10
3352,6,2,8
6471,4,9,13
3335,9,1,10
1050,8,0,8
8401,1,11,12
4545,4,2,6
4473,3,3,6
4168,8,3,11
1049,9,0,9
6410,2,7,9
1048,5,0,5
2460,9,1,10
1047,5,0,5
6272,3,3,6
6237,4,5,9
9684,0,17,17
8183,0,7,7
7421,4,7,11
5045,4,6,10
1044,7,0,7
9972,1,13,14
6485,4,4,8
6156,6,7,13
2851,4,3,7
8929,1,8,9
6041,3,8,11
5728,4,6,10
3500,11,3,14
1042,12,0,12
9928,0,3,3
7125,3,4,7
6648,3,10,13
5601,1,10,11
3814,4,3,7
3470,5,2,7
2949,9,4,13
6419,6,7,13
4595,5,9,14
8366,3,9,12
8088,0,7,7
6724,3,10,13
6113,2,8,10
2181,11,1,12
1120,17,1,18
6027,3,7,10
2122,7,1,8
8570,0,5,5
8568,1,10,11
3139,11,1,12
2432,13,1,14
7142,2,8,10
6593,1,7,8
3177,5,3,8
1033,8,0,8
8687,1,10,11
7033,2,6,8
6334,4,4,8
6189,3,8,11
2826,4,4,8
9996,0,16,16
7718,1,6,7
6024,4,7,11
5989,2,6,8
5778,3,9,12
5877,2,5,7
4302,4,4,8
8113,3,5,8
7774,0,8,8
7433,2,6,8
6829,4,7,11
4941,4,4,8
4782,5,4,9
9365,1,5,6
7114,1,6,7
6938,4,4,8
5781,2,5,7
3101,5,3,8
1026,8,0,8
9767,1,11,12
8323,1,8,9
6101,3,4,7
6009,7,5,12
4489,9,11,20
3483,10,2,12
3100,11,4,15
2430,5,4,9
3763,8,3,11
3316,10,2,12
1340,7,2,9
6023,4,4,8
9263,0,6,6
3685,5,3,8
9275,0,12,12
7744,0,7,7
6679,3,7,10
1294,5,1,6
7067,2,6,8
5178,5,4,9
8732,2,6,8
6366,6,5,11
3001,10,3,13
8089,2,7,9
6274,0,11,11
5878,3,9,12
3820,4,1,5
3183,5,1,6
1215,13,1,14
9216,0,6,6
7715,4,8,12
9708,0,10,10
7753,3,4,7
6586,4,7,11
3916,8,3,11
2908,5,2,7
2371,15,2,17
9192,0,10,10
4834,6,6,12
4435,6,4,10
1168,4,1,5
8587,0,7,7
8439,0,8,8
8187,3,10,13
7176,3,4,7
1014,6,0,6
8609,2,6,8
7965,2,4,6
7412,8,12,20
6993,6,9,15
6016,3,4,7
1676,12,1,13
9425,0,4,4
3234,8,4,12
1012,8,0,8
7609,2,12,14
9358,1,8,9
8139,1,8,9
6880,2,3,5
4481,4,6,10
3126,6,5,11
2356,7,2,9
1961,4,1,5
8163,1,9,10
7575,3,8,11
6876,3,4,7
6289,7,3,10
4644,3,2,5
3847,7,5,12
3614,4,4,8
3564,3,2,5
2967,8,3,11
1596,3,1,4
2903,8,2,10
2352,18,2,20
1978,6,2,8
1007,10,0,10
2415,9,1,10
8716,5,13,18
8354,2,7,9
4678,4,9,13
1223,9,1,10
7854,1,3,4
5129,4,4,8
3675,7,2,9
3170,2,2,4
2904,10,1,11
2607,3,2,5
1826,10,3,13
1233,6,1,7
1004,11,0,11
4981,6,8,14
9287,1,16,17
7624,3,5,8
4059,6,5,11
3874,10,3,13
3013,8,3,11
2929,3,2,5
2702,7,2,9
6469,2,9,11
6240,2,5,7
6139,3,3,6
9701,0,12,12
2710,9,1,10
2627,11,2,13
6610,5,4,9
8948,0,7,7
3892,13,3,16
3384,5,7,12
2746,10,5,15
1550,9,1,10
1401,10,1,11
2239,7,5,12
7835,1,5,6
9659,0,11,11
5889,3,5,8
4784,7,5,12
3039,4,4,8
1958,14,5,19
995,7,0,7
6255,4,5,9
3174,7,1,8
2089,5,1,6
4569,2,5,7
9963,0,12,12
8115,0,10,10
4629,4,10,14
4425,9,3,12
9342,0,6,6
8954,0,14,14
7852,1,4,5
7198,3,10,13
991,9,0,9
8173,1,9,10
4907,10,4,14
4880,2,3,5
4659,4,4,8
3787,6,4,10
3082,6,1,7
2243,6,2,8
990,9,0,9
8681,1,3,4
3446,9,4,13
2837,5,2,7
1970,10,1,11
7561,2,12,14
6825,4,8,12
5026,4,5,9
1976,10,2,12
1247,11,1,12
6939,3,10,13
2984,13,3,16
2273,5,2,7
987,12,0,12
9048,1,7,8
4202,1,6,7
3217,3,4,7
2246,4,1,5
986,9,0,9
9492,2,14,16
8667,2,7,9
8339,1,7,8
2465,4,2,6
984,7,0,7
8464,1,6,7
4585,3,7,10
2779,4,2,6
983,6,0,6
6248,6,8,14
3452,10,2,12
2591,15,1,16
9632,2,14,16
8698,2,8,10
7089,1,6,7
5508,3,4,7
3835,8,2,10
2808,3,1,4
2025,7,1,8
9680,0,3,3
7729,4,3,7
1948,1,1,2
1462,9,2,11
3475,9,3,12
3342,8,5,13
2195,10,2,12
9480,1,11,12
8310,3,5,8
6892,5,5,10
8216,0,11,11
4433,5,3,8
2653,9,1,10
2357,8,2,10
976,7,0,7
5038,6,6,12
3771,4,7,11
3582,8,5,13
1016,12,1,13
7719,2,7,9
2449,10,2,12
7664,2,12,14
3165,5,3,8
3083,9,6,15
973,9,0,9
8455,4,12,16
6677,4,5,9
5293,5,5,10
5156,3,4,7
4904,1,3,4
972,8,0,8
7295,3,9,12
6564,3,10,13
6116,2,9,11
4415,10,5,15
1252,2,1,3
971,8,0,8
2575,9,3,12
970,8,0,8
6098,6,7,13
6233,1,5,6
1380,11,1,12
1101,13,1,14
968,5,0,5
8458,1,9,10
8109,3,10,13
5572,6,5,11
5401,5,2,7
3663,5,1,6
3003,7,2,9
967,11,0,11
9489,1,18,19
5552,1,6,7
2802,9,3,12
1511,6,4,10
1450,8,3,11
966,7,0,7
9252,1,11,12
9091,0,16,16
7420,1,6,7
4781,9,4,13
9799,0,14,14
9107,0,17,17
9085,0,7,7
6943,4,7,11
5687,5,2,7
3429,2,5,7
2143,8,1,9
1952,8,1,9
1237,11,2,13
5992,6,5,11
5915,4,4,8
4371,13,4,17
7484,3,7,10
6904,4,7,11
5207,6,6,12
4263,4,6,10
4048,10,3,13
1863,5,1,6
962,10,0,10
8850,0,13,13
7024,5,9,14
4968,4,3,7
4578,4,7,11
1658,8,1,9
7532,2,3,5
4257,3,6,9
2919,5,5,10
960,10,0,10
3893,6,4,10
9932,0,11,11
8231,5,8,13
3053,10,3,13
1811,13,2,15
9078,0,11,11
6018,7,5,12
5951,3,5,8
4402,3,4,7
4221,4,7,11
3105,4,5,9
9454,0,8,8
7218,3,6,9
6336,1,6,7
5582,4,5,9
9656,0,13,13
6351,8,6,14
3751,10,5,15
1900,5,2,7
7493,2,5,7
6428,2,7,9
6245,6,7,13
4541,5,2,7
4370,4,4,8
952,12,0,12
6203,3,8,11
951,6,0,6
9855,1,14,15
9088,0,8,8
5415,6,3,9
4929,2,3,5
4226,10,3,13
950,9,0,9
3689,5,5,10
949,6,0,6
6778,4,8,12
5059,2,6,8
4517,10,4,14
7821,3,6,9
4692,5,5,10
1946,7,1,8
947,10,0,10
9556,1,11,12
7959,1,8,9
6942,3,2,5
4451,7,3,10
2651,10,6,16
2301,8,3,11
946,10,0,10
9988,0,10,10
9236,1,7,8
8516,3,7,10
8182,2,6,8
7092,1,7,8
6155,6,4,10
5130,3,7,10
4467,2,3,5
945,15,0,15
9105,0,5,5
8684,2,7,9
8278,3,6,9
5058,5,5,10
4131,7,6,13
3801,7,1,8
2914,6,5,11
1697,7,2,9
944,13,0,13
7346,5,5,10
5520,5,8,13
9681,2,10,12
9076,2,13,15
4122,3,6,9
3481,5,2,7
2132,10,1,11
7108,4,5,9
6231,4,5,9
6091,2,3,5
3102,9,1,10
9529,0,6,6
9402,3,7,10
6126,2,8,10
4439,6,5,11
3597,10,6,16
2923,8,5,13
940,8,0,8
5734,3,5,8
4957,4,7,11
4483,7,4,11
1149,7,1,8
4770,6,6,12
4742,5,4,9
3677,7,4,11
2579,6,2,8
1916,8,4,12
938,11,0,11
6257,3,9,12
4046,2,2,4
3804,7,5,12
9008,2,9,11
6084,4,6,10
936,8,0,8
7860,3,8,11
7797,1,4,5
7749,4,13,17
5100,2,8,10
3406,1,2,3
934,12,0,12
8007,1,13,14
6816,2,2,4
5051,6,6,12
1471,8,1,9
933,11,0,11
9363,0,9,9
5502,3,5,8
3355,5,3,8
3754,6,3,9
2784,7,2,9
1515,5,2,7
1343,12,2,14
9979,0,7,7
9339,1,12,13
7013,3,6,9
9980,0,10,10
4135,5,5,10
3951,5,5,10
9362,1,12,13
8134,0,9,9
7225,2,5,7
4421,9,2,11
2507,8,3,11
2288,16,1,17
928,9,0,9
9769,0,11,11
5561,4,8,12
4543,4,3,7
4290,4,6,10
3881,8,5,13
1611,6,1,7
6345,6,4,10
6270,3,5,8
5515,4,3,7
5215,3,7,10
2574,8,2,10
926,9,0,9
9472,2,11,13
9027,1,6,7
8783,3,7,10
4670,6,4,10
3072,6,4,10
925,8,0,8
6000,7,5,12
4712,6,3,9
2429,5,2,7
2035,4,4,8
924,13,0,13
7929,4,10,14
7648,4,10,14
7118,3,8,11
4324,6,5,11
3841,3,4,7
3803,3,3,6
923,9,0,9
8364,2,8,10
4403,4,4,8
4600,6,3,9
3070,2,4,6
1887,7,2,9
9728,2,3,5
5939,1,9,10
920,7,0,7
7888,2,8,10
6963,2,4,6
6005,1,5,6
2512,12,2,14
919,11,0,11
7780,2,5,7
4355,2,8,10
1571,8,2,10
9904,1,15,16
5692,5,7,12
3511,8,2,10
917,9,0,9
8393,0,7,7
5694,4,5,9
3717,7,5,12
1485,8,1,9
9334,0,4,4
6520,2,6,8
1598,8,2,10
915,10,0,10
6081,4,7,11
2577,17,2,19
5456,4,8,12
4321,7,2,9
3270,4,2,6
913,4,0,4
5857,5,2,7
7960,0,8,8
3181,4,4,8
8440,2,4,6
7785,4,5,9
5347,10,7,17
3811,7,4,11
2248,10,2,12
8663,3,6,9
7519,2,16,18
5311,5,5,10
3176,9,1,10
2461,6,2,8
909,8,0,8
9133,2,7,9
4506,5,9,14
1878,8,1,9
908,6,0,6
9309,0,8,8
8718,2,5,7
8696,0,6,6
6580,6,5,11
3834,3,4,7
3716,10,7,17
2107,10,2,12
6400,5,4,9
6218,2,6,8
2583,11,3,14
906,5,0,5
9386,0,11,11
8138,2,9,11
7677,2,5,7
6579,4,9,13
4971,7,3,10
4345,6,5,11
4149,5,1,6
1903,6,2,8
930,10,1,11
6584,4,7,11
3197,13,2,15
1729,6,2,8
1480,8,2,10
1339,11,2,13
8294,2,9,11
2404,3,1,4
1974,6,2,8
8745,3,11,14
5010,7,4,11
3983,6,2,8
2920,4,2,6
2549,9,3,12
2197,2,1,3
4458,4,10,14
2740,4,4,8
2165,9,1,10
7429,5,8,13
5603,5,6,11
5489,4,5,9
5426,9,5,14
4207,8,4,12
8669,0,3,3
8116,0,7,7
1540,7,1,8
7576,0,7,7
7291,3,6,9
5034,7,5,12
2120,3,3,6
1578,7,1,8
1573,8,2,10
895,10,0,10
8072,2,4,6
7769,4,7,11
6416,2,5,7
3393,5,5,10
3005,5,1,6
6578,5,7,12
6406,1,7,8
4821,6,6,12
4242,7,3,10
1058,13,1,14
893,16,0,16
9786,1,10,11
8158,2,9,11
7194,3,9,12
5216,4,3,7
4338,7,5,12
3510,10,2,12
2652,4,2,6
1087,16,1,17
1032,5,1,6
2804,7,3,10
7717,0,7,7
4937,3,4,7
890,7,0,7
9364,4,5,9
7474,7,7,14
6657,2,9,11
5661,5,4,9
1601,6,2,8
6304,1,9,10
6279,3,4,7
5764,6,5,11
2079,7,2,9
1145,10,1,11
888,10,0,10
7724,2,10,12
6713,4,6,10
6273,4,7,11
5469,9,6,15
1719,9,1,10
887,9,0,9
7601,1,5,6
6830,2,8,10
5788,3,4,7
886,9,0,9
7917,2,5,7
5320,4,6,10
8861,1,6,7
2797,7,2,9
8559,1,9,10
7927,2,2,4
1067,9,1,10
882,17,0,17
6957,3,5,8
9211,1,12,13
8571,1,7,8
4688,7,6,13
3347,5,3,8
8847,1,4,5
7271,0,7,7
5500,10,2,12
5473,3,6,9
4876,4,11,15
2442,8,2,10
2419,10,3,13
1077,7,2,9
878,10,0,10
9581,0,9,9
5912,6,6,12
5729,6,6,12
5710,6,9,15
9897,0,8,8
8775,1,10,11
6556,2,7,9
876,3,0,3
9332,4,9,13
6889,2,9,11
6219,5,6,11
1321,9,2,11
7688,1,9,10
7595,1,11,12
6402,4,4,8
4872,7,5,12
874,9,0,9
7513,0,4,4
4970,6,5,11
1481,4,1,5
873,5,0,5
8640,0,11,11
7855,1,10,11
3987,8,4,12
2626,4,1,5
872,10,0,10
8863,1,14,15
6266,4,7,11
3827,12,3,15
1942,6,1,7
870,5,0,5
8132,2,6,8
5725,3,7,10
5677,6,3,9
5298,3,7,10
2489,9,4,13
869,8,0,8
5135,4,12,16
8098,1,7,8
7843,3,10,13
7120,5,6,11
5233,3,4,7
3938,3,3,6
3086,4,4,8
2838,3,6,9
867,11,0,11
9621,0,11,11
7937,0,8,8
7777,1,7,8
5463,7,3,10
3080,12,2,14
1516,9,2,11
1394,14,1,15
865,7,0,7
7350,2,4,6
7335,2,7,9
6833,3,10,13
5650,8,5,13
864,8,0,8
9096,0,11,11
8202,2,11,13
1774,8,2,10
1306,12,1,13
8229,0,11,11
2836,8,4,12
1681,11,2,13
8128,2,10,12
5378,4,6,10
4878,4,5,9
885,4,1,5
7264,3,9,12
6225,6,5,11
3670,5,6,11
1595,14,1,15
8984,1,11,12
8835,2,14,16
7073,5,10,15
4426,2,2,4
859,8,0,8
9856,2,12,14
5087,2,5,7
3778,7,5,12
2539,8,2,10
2985,6,2,8
1320,12,2,14
857,5,0,5
8725,0,5,5
6199,5,5,10
3598,9,3,12
856,9,0,9
6757,2,5,7
9792,0,10,10
8023,0,5,5
7837,3,11,14
7162,0,6,6
5355,4,7,11
854,14,0,14
7714,3,9,12
5805,3,7,10
5205,8,7,15
4922,7,6,13
4557,11,3,14
853,12,0,12
6658,2,9,11
5659,2,9,11
1542,6,1,7
8195,4,10,14
6916,6,8,14
3937,8,3,11
2395,10,3,13
2129,9,3,12
851,11,0,11
8487,1,11,12
5257,5,7,12
4343,4,5,9
4193,8,9,17
4051,6,7,13
850,13,0,13
9220,0,6,6
7562,4,7,11
6297,3,6,9
2991,10,3,13
1446,7,1,8
8459,0,14,14
848,11,0,11
8617,1,11,12
4952,6,3,9
3084,6,1,7
1553,7,1,8
847,6,0,6
7983,1,7,8
4184,6,3,9
3432,5,5,10
2354,9,5,14
2005,6,1,7
846,9,0,9
8348,1,12,13
3780,11,2,13
9894,1,11,12
9579,2,8,10
5115,10,7,17
4908,8,5,13
1532,11,2,13
7163,3,9,12
6574,5,10,15
5170,8,8,16
1862,7,1,8
9083,0,6,6
7356,1,12,13
4331,7,4,11
842,8,0,8
7523,2,11,13
2348,12,4,16
841,9,0,9
7598,1,7,8
6435,1,4,5
3535,5,3,8
3416,9,5,14
2818,9,2,11
2443,8,2,10
2209,12,1,13
840,11,0,11
9539,2,14,16
8660,4,8,12
7675,2,10,12
5467,3,8,11
1898,7,2,9
1094,7,1,8
839,13,0,13
9446,1,12,13
7186,1,8,9
5600,5,6,11
3250,7,2,9
1037,7,2,9
9012,1,10,11
8381,2,14,16
5977,3,8,11
4353,6,5,11
5253,4,6,10
2511,8,3,11
9418,0,10,10
8281,1,7,8
7388,3,3,6
7260,3,8,11
5811,6,9,15
3978,6,8,14
1408,10,1,11
5141,4,6,10
3245,7,2,9
7560,3,5,8
2738,3,2,5
1672,5,2,7
833,5,0,5
7219,0,5,5
832,11,0,11
9717,1,12,13
7620,0,11,11
6981,5,10,15
831,13,0,13
9162,0,6,6
7193,2,6,8
7174,3,5,8
5372,8,6,14
2069,9,1,10
3485,8,3,11
2656,4,2,6
9527,0,11,11
9169,3,14,17
8996,0,7,7
6647,2,5,7
4759,6,8,14
3549,12,3,15
2938,13,3,16
2467,4,3,7
9557,0,12,12
9278,0,14,14
8800,1,14,15
8792,2,8,10
8784,1,12,13
827,14,0,14
4152,4,2,6
9822,0,11,11
7040,4,9,13
6451,5,2,7
4792,5,2,7
9653,0,10,10
1875,9,2,11
824,5,0,5
8988,4,9,13
7857,2,8,10
4165,7,4,11
2921,8,5,13
8945,2,11,13
5824,6,7,13
2490,8,2,10
8668,0,10,10
8355,0,7,7
7122,4,12,16
4636,3,4,7
9907,0,10,10
8914,3,4,7
2344,9,1,10
8612,3,8,11
6600,5,10,15
5562,9,4,13
3499,13,4,17
1925,11,2,13
830,8,1,9
818,16,0,16
9749,0,15,15
6530,3,6,9
6414,4,6,10
6258,3,3,6
6128,6,3,9
8860,2,5,7
8534,2,12,14
7743,2,6,8
7591,3,6,9
2478,8,1,9
9237,0,9,9
5030,6,2,8
1456,11,2,13
815,7,0,7
5550,2,5,7
2699,6,4,10
904,12,1,13
9178,2,7,9
7886,2,8,10
4279,5,2,7
812,10,0,10
9787,1,8,9
5676,3,5,8
5302,4,4,8
3169,3,2,5
1644,2,2,4
1245,8,2,10
8610,2,6,8
5312,4,7,11
4901,3,4,7
4455,7,9,16
810,10,0,10
9490,0,7,7
7582,2,7,9
5530,3,6,9
3226,7,2,9
1309,9,2,11
809,9,0,9
7406,1,8,9
1116,9,1,10
9482,1,12,13
8913,2,6,8
7619,0,10,10
5906,5,4,9
5472,2,8,10
4040,8,4,12
3914,2,5,7
2050,14,3,17
1717,8,1,9
807,13,0,13
7482,3,9,12
7001,2,5,7
5292,9,9,18
2622,8,4,12
9660,0,10,10
3928,6,4,10
3241,5,5,10
1095,12,1,13
805,11,0,11
9148,0,3,3
8893,3,6,9
8826,1,9,10
8437,1,1,2
7856,1,6,7
7534,1,6,7
5806,2,5,7
3288,6,5,11
6417,4,7,11
6138,0,9,9
803,11,0,11
9824,0,8,8
7439,1,8,9
7191,3,12,15
4145,9,9,18
3381,7,2,9
2732,10,2,12
5285,3,5,8
4936,4,7,11
4903,6,4,10
9298,0,5,5
7690,0,8,8
5966,8,6,14
2590,7,6,13
2116,9,2,11
800,9,0,9
9945,0,14,14
4179,7,4,11
3720,6,2,8
3631,7,3,10
799,11,0,11
7485,5,12,17
4493,5,5,10
1928,8,4,12
1302,3,1,4
8392,2,6,8
8303,0,11,11
7044,2,10,12
6764,0,6,6
896,5,1,6
5609,3,9,12
5160,7,7,14
4499,10,2,12
4208,4,4,8
3254,13,3,16
2088,7,3,10
796,11,0,11
9837,1,13,14
9353,1,10,11
8642,1,10,11
6171,3,7,10
795,7,0,7
9740,0,8,8
7615,2,14,16
5657,1,6,7
7253,3,8,11
5893,3,7,10
4259,4,3,7
793,9,0,9
9530,0,19,19
6625,5,7,12
1808,14,2,16
1451,16,3,19
792,10,0,10
7947,0,11,11
5817,7,4,11
2329,10,2,12
1991,10,2,12
7394,3,8,11
6965,1,5,6
5519,2,11,13
2854,6,2,8
2224,13,3,16
1036,7,2,9
8548,2,10,12
7953,1,6,7
7424,1,6,7
6934,5,8,13
1218,8,2,10
789,9,0,9
6923,1,11,12
3056,11,4,15
1700,4,1,5
788,7,0,7
9989,0,7,7
8842,3,13,16
5751,5,11,16
5025,9,10,19
4654,5,3,8
2566,7,2,9
1996,11,3,14
9919,0,9,9
8192,2,9,11
5019,4,7,11
1468,6,1,7
1192,4,1,5
7353,3,9,12
6756,1,5,6
5807,6,6,12
4738,4,3,7
1874,7,1,8
1683,13,1,14
5944,1,5,6
2773,6,3,9
2381,10,4,14
9573,0,8,8
8061,0,8,8
1951,10,4,14
1733,7,2,9
783,9,0,9
8867,0,5,5
6828,3,9,12
782,7,0,7
6690,3,11,14
6687,2,5,7
4616,2,3,5
4432,5,2,7
4288,4,6,10
3317,8,4,12
780,12,0,12
7834,2,6,8
6726,4,4,8
5080,9,6,15
4138,7,5,12
3236,6,5,11
2202,10,2,12
2200,10,2,12
7895,4,13,17
2049,5,3,8
1217,6,1,7
6978,4,5,9
6703,2,5,7
6102,3,6,9
4322,5,6,11
2259,9,1,10
1031,9,2,11
7209,5,6,11
6881,3,7,10
6526,6,10,16
6044,1,3,4
2128,9,1,10
1749,14,2,16
776,11,0,11
7922,2,7,9
7737,6,6,12
6107,1,10,11
4746,4,3,7
2879,5,3,8
775,8,0,8
8321,1,14,15
7391,2,10,12
5681,3,3,6
4787,4,5,9
4531,7,5,12
4118,5,5,10
3280,14,1,15
774,11,0,11
8900,0,5,5
7444,4,6,10
4191,11,2,13
3627,4,2,6
3583,8,3,11
772,6,0,6
8645,4,7,11
6378,4,5,9
4701,7,11,18
3594,10,1,11
817,12,1,13
771,7,0,7
4103,4,2,6
1609,8,3,11
1330,10,1,11
770,8,0,8
8758,1,9,10
7866,2,6,8
6754,4,4,8
6636,2,7,9
6616,3,3,6
1760,8,2,10
769,11,0,11
7800,2,12,14
4553,4,5,9
3866,9,2,11
1291,6,1,7
1165,9,3,12
768,9,0,9
9541,2,14,16
8079,2,14,16
6805,2,6,8
3122,3,1,4
2614,7,3,10
767,10,0,10
9392,4,9,13
7841,4,9,13
6779,2,8,10
6727,2,6,8
6353,6,5,11
4141,1,6,7
4042,6,7,13
3107,3,2,5
8189,3,8,11
7757,0,7,7
6761,0,6,6
2060,14,1,15
1627,6,3,9
9052,0,10,10
7651,4,12,16
5695,8,5,13
4896,3,3,6
4547,6,2,8
4352,4,6,10
3919,7,4,11
764,9,0,9
6775,4,4,8
4713,7,7,14
4235,8,3,11
3649,9,2,11
1764,7,2,9
9801,0,11,11
7231,2,5,7
5267,6,5,11
4550,8,6,14
2316,7,4,11
6310,5,6,11
4657,5,7,12
3988,9,4,13
761,11,0,11
9455,1,9,10
8282,0,10,10
7616,3,7,10
6489,4,6,10
6262,2,4,6
5995,5,6,11
5343,6,7,13
760,10,0,10
8823,2,14,16
6332,2,8,10
4339,8,6,14
3022,10,4,14
1770,3,1,4
759,11,0,11
9673,0,9,9
8276,2,9,11
7935,2,8,10
6686,5,6,11
6613,6,8,14
3401,2,3,5
1959,8,3,11
6801,0,11,11
5623,2,7,9
6979,4,10,14
2360,5,1,6
2236,2,2,4
1216,10,2,12
756,11,0,11
9967,0,12,12
9531,0,12,12
6226,6,11,17
5818,4,5,9
3497,5,4,9
754,11,0,11
8764,0,8,8
7203,6,12,18
4933,3,9,12
3514,7,6,13
753,9,0,9
9696,0,5,5
9138,1,10,11
8830,1,8,9
5707,5,8,13
1637,7,1,8
752,9,0,9
8372,1,14,15
5235,1,9,10
3855,6,5,11
3622,4,4,8
751,13,0,13
9625,0,9,9
8253,0,12,12
7052,2,7,9
6595,4,8,12
5518,4,5,9
4395,3,5,8
9678,0,15,15
9558,0,7,7
8586,1,12,13
5919,11,6,17
1583,7,1,8
748,10,0,10
9316,1,9,10
7336,3,7,10
5649,3,6,9
5627,4,6,10
3609,11,6,17
948,9,3,12
747,9,0,9
9391,3,13,16
7081,0,7,7
6912,3,6,9
6864,5,8,13
6252,2,8,10
5074,6,5,11
2857,5,1,6
1684,11,1,12
746,11,0,11
9730,0,9,9
1566,3,1,4
745,7,0,7
9750,1,7,8
9132,1,10,11
7417,1,6,7
7247,6,7,13
2661,8,3,11
1775,12,1,13
9045,0,8,8
8184,2,3,5
7958,3,13,16
7104,3,12,15
4188,17,5,22
3791,13,3,16
743,7,0,7
6812,4,7,11
6751,2,7,9
1882,6,2,8
9838,0,6,6
8692,0,12,12
8208,4,4,8
6622,2,13,15
1378,9,1,10
741,10,0,10
8916,4,7,11
8522,2,13,15
6340,4,6,10
5852,6,7,13
3611,5,3,8
1646,6,3,9
9766,0,11,11
9384,0,13,13
9184,3,9,12
8598,4,4,8
7146,2,7,9
6664,3,9,12
5543,3,6,9
5022,5,6,11
1530,10,1,11
953,11,1,12
739,14,0,14
4772,3,4,7
3158,5,6,11
3037,10,3,13
2955,9,4,13
2508,9,2,11
738,7,0,7
6426,6,5,11
737,4,0,4
8894,1,11,12
8426,0,7,7
6971,1,5,6
6447,8,7,15
3949,8,1,9
3718,9,5,14
3558,7,1,8
2485,11,2,13
2170,10,3,13
736,13,0,13
7141,2,8,10
4513,5,6,11
735,9,0,9
9144,3,6,9
4796,3,4,7
2382,6,1,7
6718,1,8,9
4912,8,8,16
3806,8,5,13
3637,5,3,8
3351,7,4,11
3031,9,2,11
7106,4,6,10
6750,1,6,7
6596,7,5,12
6214,3,7,10
4783,4,2,6
731,12,0,12
3600,5,6,11
2097,10,2,12
1746,9,2,11
9975,0,11,11
8576,0,11,11
4104,3,5,8
3252,3,4,7
1943,11,1,12
1768,12,2,14
1288,7,1,8
8077,2,8,10
7535,2,4,6
7516,0,4,4
5139,1,4,5
4139,9,2,11
1086,13,1,14
6495,6,8,14
4589,11,2,13
4369,3,4,7
2151,10,1,11
727,9,0,9
9528,0,13,13
6871,4,13,17
5945,2,6,8
2206,7,4,11
726,9,0,9
9549,0,7,7
6837,3,9,12
5860,4,10,14
5067,0,7,7
3036,8,3,11
2668,2,1,3
725,10,0,10
5405,7,6,13
5289,2,6,8
3289,6,5,11
2410,5,1,6
1156,11,1,12
724,8,0,8
9141,1,8,9
6382,2,4,6
5974,2,3,5
5360,8,6,14
4985,12,7,19
2713,5,5,10
2480,11,3,14
1968,8,3,11
1720,4,1,5
8149,2,6,8
927,13,2,15
722,8,0,8
9460,0,12,12
8990,0,8,8
6011,3,4,7
5845,3,5,8
2073,6,2,8
954,6,1,7
721,14,0,14
8737,0,11,11
6782,4,9,13
5300,2,5,7
4840,6,6,12
4603,6,9,15
2889,4,3,7
1805,4,2,6
1391,13,1,14
720,17,0,17
9282,1,12,13
6762,3,7,10
5776,1,8,9
2748,5,3,8
719,10,0,10
8827,0,7,7
4722,6,3,9
1436,3,2,5
718,9,0,9
9953,0,8,8
8452,1,5,6
8075,4,7,11
7865,3,6,9
4398,3,4,7
3969,1,2,3
3932,7,5,12
3625,8,4,12
717,14,0,14
7625,2,15,17
5884,5,5,10
5664,4,9,13
8734,1,8,9
7270,2,12,14
3619,3,6,9
2515,6,3,9
715,9,0,9
9491,1,5,6
7993,1,7,8
4470,8,7,15
2247,14,2,16
2188,9,3,12
714,9,0,9
8653,3,9,12
993,6,3,9
713,9,0,9
7784,3,8,11
3111,6,2,8
998,10,1,11
712,8,0,8
8394,1,8,9
7811,3,9,12
7184,3,7,10
5696,8,4,12
4251,2,7,9
4248,1,2,3
711,14,0,14
8361,2,10,12
7430,5,10,15
6424,2,7,9
5296,4,3,7
5240,4,4,8
3897,7,3,10
3425,3,2,5
710,13,0,13
7812,2,10,12
5527,2,6,8
5393,3,5,8
4262,5,2,7
1556,9,2,11
8327,2,4,6
2305,9,1,10
1786,8,4,12
7942,2,9,11
6269,6,4,10
3078,6,3,9
2681,6,3,9
2434,6,2,8
922,5,1,6
9611,0,12,12
8621,1,15,16
7897,2,16,18
5093,3,4,7
4625,6,5,11
3189,6,2,8
706,11,0,11
9604,2,10,12
9062,1,7,8
7974,2,12,14
7363,2,2,4
7280,3,7,10
5112,7,3,10
3985,8,1,9
3922,5,5,10
2906,9,1,10
2867,9,2,11
7818,2,9,11
7079,6,6,12
6409,4,6,10
6323,8,6,14
5299,5,3,8
1971,11,1,12
704,10,0,10
9816,1,9,10
8634,2,7,9
2433,7,2,9
9896,0,11,11
6028,0,4,4
9378,0,8,8
5967,2,7,9
5202,5,8,13
5075,3,8,11
701,8,0,8
9916,0,13,13
9546,2,6,8
6973,5,5,10
6260,2,7,9
5722,1,7,8
5546,3,4,7
4532,5,4,9
2225,9,6,15
700,11,0,11
8749,2,9,11
8597,2,11,13
4192,1,2,3
3504,8,6,14
699,11,0,11
9550,0,8,8
9223,0,15,15
8066,2,10,12
4958,8,3,11
698,6,0,6
6783,3,8,11
4661,4,3,7
2477,7,5,12
1664,9,2,11
1513,12,1,13
9957,0,12,12
8878,0,15,15
7650,1,5,6
7514,1,8,9
6946,1,4,5
6612,2,8,10
6483,6,10,16
1794,10,1,11
956,9,1,10
696,17,0,17
9950,0,6,6
9532,1,8,9
5096,5,10,15
4580,2,7,9
695,10,0,10
9443,0,10,10
7381,3,8,11
7187,1,4,5
4873,4,8,12
1840,13,2,15
1804,2,1,3
1076,10,1,11
8412,2,6,8
8227,1,11,12
8155,1,13,14
4111,9,5,14
2809,6,2,8
1614,9,2,11
693,9,0,9
7488,1,5,6
5111,3,3,6
3097,11,3,14
1267,10,2,12
692,12,0,12
9593,0,12,12
6960,3,10,13
6215,3,13,16
5099,5,5,10
3769,3,6,9
691,16,0,16
8275,1,10,11
8210,3,5,8
7080,2,11,13
6202,3,6,9
5261,9,8,17
690,15,0,15
7981,0,16,16
5986,7,6,13
1962,5,3,8
689,9,0,9
7725,7,14,21
7164,1,5,6
4444,5,5,10
1590,9,1,10
1344,10,1,11
855,10,1,11
8699,1,4,5
8112,0,7,7
3870,6,3,9
1269,8,2,10
687,8,0,8
9876,0,8,8
6987,0,8,8
6253,3,5,8
5955,5,7,12
2858,9,4,13
2606,13,5,18
1518,14,2,16
686,15,0,15
9152,0,9,9
7228,4,4,8
4561,3,5,8
2385,10,1,11
732,5,1,6
685,12,0,12
6017,4,4,8
5869,2,3,5
1982,8,3,11
1264,8,1,9
914,11,1,12
684,7,0,7
4855,4,7,11
3774,3,3,6
1202,10,2,12
683,9,0,9
9615,1,15,16
8898,1,12,13
8856,2,9,11
7713,2,9,11
6929,2,7,9
6242,4,5,9
4640,5,3,8
9140,1,7,8
8054,0,9,9
6780,3,7,10
6474,1,3,4
5012,4,4,8
1164,10,2,12
9857,0,6,6
8967,0,10,10
4181,6,6,12
4115,4,3,7
9303,2,9,11
8525,3,9,12
3734,4,3,7
3586,10,7,17
2110,3,5,8
679,13,0,13
9657,0,11,11
7380,1,5,6
6372,2,11,13
6198,2,9,11
4965,2,3,5
4107,5,6,11
4076,10,6,16
678,10,0,10
8486,2,8,10
6303,4,5,9
5639,3,3,6
4869,6,6,12
4034,4,6,10
3508,9,2,11
1620,12,1,13
677,7,0,7
9445,1,12,13
1322,10,2,12
676,5,0,5
8165,1,12,13
2928,2,3,5
674,4,0,4
9198,1,9,10
8069,2,4,6
7745,3,8,11
6022,3,8,11
5008,5,6,11
1169,7,1,8
758,17,1,18
673,12,0,12
6617,3,4,7
4392,5,4,9
4252,11,3,14
2521,6,3,9
1568,8,1,9
9380,0,9,9
7638,3,5,8
7016,2,9,11
6977,7,8,15
6429,4,6,10
4471,6,3,9
3944,7,2,9
2841,5,3,8
8274,2,14,16
6446,5,11,16
5014,10,8,18
3879,5,2,7
1412,9,1,10
2313,11,1,12
1270,6,1,7
879,7,1,8
669,12,0,12
7393,4,8,12
7015,3,6,9
2494,6,7,13
9213,0,6,6
3017,4,4,8
667,8,0,8
9371,0,16,16
9504,0,14,14
9485,0,9,9
7395,5,8,13
4723,7,10,17
3340,10,4,14
7806,3,6,9
3664,4,4,8
2321,6,3,9
7069,3,7,10
5382,1,4,5
5328,4,6,10
2569,10,2,12
5252,3,8,11
1986,12,3,15
1546,9,4,13
1494,7,1,8
7956,2,13,15
7634,0,11,11
7196,5,6,11
5849,7,6,13
5101,6,5,11
3461,4,4,8
861,9,1,10
661,9,0,9
8997,3,8,11
7175,4,7,11
4910,8,3,11
4336,7,3,10
3472,3,3,6
2719,6,5,11
1739,11,3,14
660,10,0,10
7205,2,7,9
659,7,0,7
8018,0,5,5
4588,7,3,10
658,7,0,7
9935,0,10,10
7644,1,9,10
7320,4,6,10
5684,7,7,14
4560,4,6,10
2497,12,5,17
1246,16,2,18
657,9,0,9
4552,5,5,10
4266,7,3,10
4012,10,3,13
1538,8,2,10
1041,14,1,15
4372,4,5,9
1148,10,2,12
655,7,0,7
6922,5,9,14
4146,4,7,11
1744,9,1,10
9705,1,11,12
8451,1,6,7
6509,4,6,10
5996,1,5,6
5406,5,3,8
1619,13,3,16
653,10,0,10
8015,2,8,10
4664,6,7,13
4085,6,4,10
652,11,0,11
5284,2,5,7
5697,4,11,15
650,9,0,9
8036,2,7,9
6057,6,4,10
3699,8,6,14
649,7,0,7
8033,0,7,7
7512,5,8,13
5842,4,5,9
5236,2,8,10
8750,1,15,16
7303,2,4,6
3918,2,2,4
647,9,0,9
8759,2,11,13
7680,4,2,6
6709,7,10,17
5819,3,6,9
1945,11,3,14
244,8,0,8
9906,0,10,10
4819,5,3,8
6793,6,10,16
1706,7,2,9
6734,4,13,17
6407,4,9,13
4307,4,6,10
2220,9,2,11
961,12,1,13
6048,6,10,16
9854,0,7,7
4767,8,5,13
8517,1,14,15
7572,6,14,20
6441,5,7,12
1354,7,3,10
3462,7,4,11
829,8,2,10
5916,7,5,12
242,11,0,11
7321,1,9,10
2234,6,3,9
3261,4,3,7
702,12,2,14
8318,4,8,12
2217,6,3,9
7304,1,14,15
9341,1,15,16
4254,6,6,12
7055,4,10,14
6349,3,10,13
9951,0,10,10
4864,7,8,15
8607,3,9,12
3520,8,5,13
7967,3,13,16
2880,10,4,14
6911,3,9,12
1824,11,1,12
9016,3,6,9
3929,2,7,9
8331,1,8,9
6368,5,6,11
1281,8,2,10
5712,5,12,17
625,9,0,9
836,10,2,12
5923,3,7,10
237,13,1,14
236,9,0,9
5323,7,8,15
5330,8,1,9
243,11,0,11
3876,6,7,13
1923,7,5,12
7010,3,7,10
571,10,1,11
5658,4,7,11
6497,3,6,9
1410,11,1,12
2127,17,4,21
7214,3,7,10
1221,15,2,17
6308,5,8,13
7836,3,11,14
2749,8,4,12
9035,1,17,18
3948,4,4,8
1622,3,2,5
1336,10,1,11
288,11,1,12
7632,2,9,11
2545,4,3,7
785,10,1,11
5872,9,8,17
231,5,0,5
8446,3,8,11
3359,6,9,15
9974,0,18,18
229,7,0,7
5316,1,7,8
9428,0,10,10
4341,7,6,13
6031,5,9,14
5468,1,7,8
381,7,0,7
228,12,0,12
5315,2,10,12
8815,1,7,8
8368,0,8,8
3281,8,6,14
5507,3,9,12
420,11,0,11
1274,5,3,8
6361,4,5,9
2932,10,3,13
8019,1,13,14
1560,9,5,14
902,5,1,6
7005,2,7,9
1918,8,1,9
2878,7,1,8
1045,8,2,10
6132,3,6,9
8848,1,14,15
3761,4,6,10
8677,0,8,8
4363,5,4,9
3313,5,3,8
2011,12,2,14
7098,2,9,11
6964,4,14,18
9321,1,9,10
4234,1,2,3
2245,14,3,17
1507,12,2,14
221,8,0,8
5308,4,8,12
9063,2,6,8
3976,8,2,10
6261,3,9,12
1174,12,4,16
4408,2,3,5
9495,1,12,13
224,13,0,13
9652,0,7,7
4565,3,5,8
2739,3,4,7
7826,0,9,9
1384,7,1,8
219,11,0,11
9927,0,16,16
8763,0,8,8
3676,5,7,12
8147,2,8,10
3060,7,3,10
5221,4,6,10
134,10,0,10
7037,2,7,9
1950,7,1,8
4680,6,9,15
9914,0,17,17
6589,3,7,10
6264,4,9,13
8551,2,8,10
3464,8,3,11
6194,4,3,7
1107,7,1,8
5486,8,9,17
399,12,0,12
5049,6,6,12
3729,4,4,8
1852,6,1,7
9066,2,12,14
3979,9,3,12
7577,1,4,5
4197,3,8,11
1823,7,3,10
6910,3,5,8
4579,1,7,8
9666,0,9,9
9293,0,11,11
4206,8,5,13
8727,1,8,9
3640,7,4,11
5457,5,8,13
370,10,0,10
1668,9,2,11
6755,3,5,8
8485,2,9,11
3398,7,6,13
8296,1,7,8
6624,7,7,14
1537,11,1,12
9094,0,16,16
4007,7,3,10
7727,1,8,9
6029,4,4,8
942,10,3,13
4502,3,6,9
8722,1,7,8
8387,2,10,12
1929,4,3,7
813,9,1,10
5900,6,6,12
490,9,1,10
5577,3,9,12
9261,1,14,15
4174,5,3,8
636,14,2,16
7707,1,15,16
2620,7,5,12
5859,2,8,10
9675,0,10,10
2604,9,1,10
7691,1,11,12
2139,11,2,13
7226,3,8,11
1431,7,1,8
6518,3,8,11
9294,0,8,8
232,10,0,10
5319,8,4,12
4946,4,2,6
5066,4,4,8
9780,0,9,9
9032,0,7,7
3945,10,8,18
6675,5,9,14
2227,10,4,14
9110,2,12,14
2039,9,3,12
9772,1,12,13
4685,8,2,10
8186,0,12,12
3099,7,4,11
3854,6,4,10
8941,2,10,12
2821,9,2,11
7908,1,6,7
1466,7,1,8
6553,3,10,13
503,5,1,6
9931,0,7,7
7798,1,7,8
2711,7,4,11
4367,7,5,12
6772,5,4,9
6204,6,4,10
1117,6,2,8
4651,5,8,13
9633,0,8,8
205,10,0,10
9249,1,6,7
1068,7,1,8
8862,1,8,9
3775,7,6,13
6878,3,6,9
5803,3,11,14
716,5,3,8
3842,6,4,10
6972,4,6,10
3175,4,6,10
8262,0,5,5
4117,4,3,7
3933,6,3,9
8766,0,8,8
7058,4,11,15
8683,1,5,6
3596,13,2,15
1612,6,1,7
6699,0,8,8
200,8,0,8
9186,0,16,16
6039,3,7,10
5980,4,4,8
2911,9,1,10
7998,2,10,12
2281,5,2,7
7368,4,3,7
4913,6,7,13
10000,1,6,7
9627,0,11,11
4540,7,5,12
199,12,0,12
7531,4,11,15
2444,17,1,18
648,5,1,6
5362,6,6,12
275,9,0,9
1726,6,3,9
6532,2,7,9
1445,12,3,15
6158,5,3,8
1071,8,2,10
5666,4,4,8
579,6,0,6
5188,2,5,7
101,8,0,8
2114,12,3,15
4702,4,8,12
1564,6,2,8
280,8,1,9
5367,5,5,10
196,7,0,7
5283,5,4,9
8885,3,6,9
3798,8,4,12
8565,3,9,12
1114,10,2,12
6201,4,7,11
5828,3,7,10
3350,3,9,12
1185,3,3,6
7442,2,9,11
2355,6,4,10
3121,5,7,12
1835,11,4,15
8840,2,9,11
3753,10,3,13
1769,8,6,14
6856,1,5,6
1483,9,4,13
6570,3,8,11
1021,8,4,12
6108,2,4,6
4434,3,8,11
2613,8,4,12
2240,10,2,12
9225,1,9,10
7789,0,11,11
3621,3,4,7
8708,0,6,6
5978,3,9,12
891,7,1,8
3178,7,5,12
821,8,1,9
729,11,1,12
192,7,0,7
5279,9,7,16
6236,4,8,12
3501,6,5,11
3124,11,3,14
9709,0,10,10
4622,2,7,9
9305,2,13,15
4218,5,4,9
8638,0,11,11
4028,4,5,9
6385,3,4,7
1298,8,4,12
3984,4,4,8
9071,0,14,14
3026,11,6,17
206,5,0,5
2563,12,2,14
190,15,0,15
9317,0,8,8
1326,14,1,15
6040,5,4,9
189,6,0,6
5276,3,5,8
5686,7,7,14
599,8,0,8
4642,5,3,8
9729,0,12,12
1934,4,3,7
7021,2,5,7
4291,3,5,8
5654,5,5,10
567,9,3,12
3297,6,5,11
8384,1,11,12
763,12,1,13
5850,2,6,8
629,8,1,9
5716,3,9,12
188,8,0,8
7508,3,9,12
7389,1,8,9
2302,5,2,7
5032,6,4,10
1137,13,1,14
1040,10,1,11
6127,4,10,14
7362,1,7,8
9719,0,9,9
9004,1,7,8
3917,7,6,13
1231,13,2,15
6318,6,6,12
8302,2,11,13
3215,7,5,12
1131,9,2,11
3274,7,3,10
1694,9,1,10
391,6,2,8
2542,7,4,11
185,8,0,8
5272,7,3,10
1024,9,3,12
6111,2,6,8
184,5,0,5
5271,3,9,12
6548,3,10,13
1461,7,4,11
8905,1,13,14
1074,6,1,7
8145,4,9,13
3058,3,2,5
3426,1,3,4
8513,3,7,10
183,9,0,9
8983,1,14,15
1180,9,1,10
6267,1,6,7
182,7,0,7
912,4,2,6
5999,2,7,9
5626,3,10,13
539,12,1,13
5183,1,5,6
96,4,0,4
4021,4,5,9
9108,1,11,12
6436,2,6,8
4079,9,3,12
1722,8,3,11
6809,6,11,17
1135,6,1,7
340,10,1,11
4530,6,3,9
9617,0,12,12
4468,6,6,12
2204,9,3,12
6019,1,5,6
932,7,1,8
1305,9,3,12
180,10,0,10
7607,1,9,10
2520,7,3,10
9964,0,8,8
4877,7,3,10
9262,1,6,7
5143,1,6,7
56,13,0,13
4378,6,8,14
9465,2,15,17
4335,4,8,12
9422,2,8,10
6448,3,7,10
1361,5,2,7
4091,6,4,10
566,6,1,7
5653,3,6,9
218,11,1,12
5305,4,2,6
179,14,0,14
8768,2,12,14
3681,6,4,10
9246,1,5,6
9160,0,14,14
4073,3,10,13
6037,2,7,9
5586,2,7,9
499,10,0,10
3553,10,5,15
612,8,2,10
177,13,0,13
8939,0,14,14
3852,2,4,6
7962,5,8,13
7475,6,7,13
2388,6,2,8
3911,20,4,24
1488,7,2,9
6575,2,7,9
8447,1,15,16
3360,8,5,13
4677,4,10,14
9764,0,10,10
3972,2,5,7
6744,5,7,12
2030,7,5,12
7117,4,9,13
822,11,2,13
9685,0,7,7
4598,3,4,7
5510,4,7,11
423,6,0,6
7867,3,11,14
2780,5,4,9
173,9,0,9
5260,4,4,8
2603,10,4,14
9674,1,7,8
4587,8,5,13
8365,0,9,9
3278,7,2,9
7471,2,8,10
2384,12,2,14
6056,6,4,10
969,6,1,7
5826,4,11,15
5226,4,4,8
139,9,0,9
7678,3,4,7
607,10,1,11
172,11,0,11
5259,3,6,9
5575,2,5,7
488,5,0,5
7921,1,7,8
3207,11,8,19
1675,6,2,8
9782,1,9,10
8858,1,6,7
6397,2,3,5
6322,4,4,8
1235,6,1,7
3439,9,4,13
1388,10,5,15
5537,7,5,12
450,5,0,5
823,5,3,8
2600,4,4,8
7687,5,12,17
9671,1,8,9
4584,4,7,11
6955,3,10,13
1868,9,1,10
9312,0,6,6
8995,1,10,11
3908,5,5,10
6312,2,8,10
3752,6,4,10
2752,7,2,9
169,13,0,13
7325,2,11,13
2238,10,5,15
3942,5,5,10
9029,0,6,6
931,11,1,12
168,5,0,5
9269,1,13,14
8694,1,11,12
3607,5,2,7
5567,5,9,14
480,9,0,9
2336,11,2,13
7423,5,9,14
4278,2,6,8
1921,5,3,8
7008,4,10,14
1345,11,1,12
4487,4,5,9
9201,1,12,13
9228,0,12,12
4514,9,8,17
9601,0,11,11
1737,14,2,16
6824,2,4,6
5504,4,3,7
417,8,0,8
790,10,4,14
7861,1,11,12
2774,4,4,8
222,7,0,7
5309,4,4,8
7293,3,7,10
3554,8,7,15
1197,6,1,7
5911,7,9,16
773,5,1,6
5487,4,6,10
400,9,0,9
3898,7,5,12
3450,10,8,18
1275,4,3,7
6362,5,8,13
9195,1,10,11
4108,3,3,6
8228,0,9,9
3141,5,1,6
2940,3,6,9
7654,0,10,10
5925,4,4,8
838,9,1,10
3438,6,9,15
5795,4,6,10
708,5,1,6
4492,2,3,5
3873,5,4,9
8960,2,6,8
8071,5,7,12
6925,3,12,15
2201,5,5,10
7288,2,9,11
6915,3,6,9
1828,13,2,15
4357,4,5,9
9444,1,11,12
3051,3,3,6
2326,4,3,7
4236,4,4,8
1879,8,3,11
1820,4,1,5
6907,3,7,10
1043,10,1,11
6130,4,4,8
8320,2,8,10
3233,10,1,11
7978,1,13,14
2891,6,5,11
6990,3,10,13
4633,6,5,11
9720,0,6,6
4069,6,5,11
3667,5,2,7
8754,0,10,10
5380,6,9,15
293,14,0,14
3023,5,4,9
5683,4,7,11
596,14,1,15
639,14,2,16
5726,7,8,15
2519,4,3,7
7606,6,4,10
162,14,0,14
5249,3,9,12
8237,2,14,16
1385,11,2,13
6099,5,8,13
5779,4,7,11
3422,9,3,12
8509,2,10,12
3306,4,4,8
1604,6,3,9
491,4,1,5
5578,2,9,11
2848,8,3,11
346,9,1,10
160,9,0,9
5247,8,3,11
8836,1,9,10
8333,0,5,5
3246,9,2,11
723,14,1,15
5810,5,12,17
7794,4,7,11
2707,10,2,12
4027,3,4,7
9114,0,7,7
6384,3,5,8
5147,5,4,9
60,12,0,12
4621,8,8,16
3861,6,9,15
1054,11,1,12
6141,3,8,11
159,17,0,17
167,15,0,15
5254,8,3,11
9595,0,13,13
4508,9,7,16
8896,3,14,17
3809,6,2,8
1825,6,4,10
6151,1,9,10
1437,16,1,17
6524,0,7,7
8233,2,14,16
1162,8,2,10
158,9,0,9
5245,6,5,11
9714,0,14,14
4627,5,8,13
170,14,0,14
4884,3,7,10
9598,0,11,11
6991,2,8,10
1904,5,1,6
1529,8,1,9
6032,2,5,7
1318,9,2,11
6405,6,6,12
8389,0,7,7
7940,4,13,17
2853,5,6,11
3237,4,7,11
7771,2,8,10
3057,12,3,15
8144,2,8,10
4214,6,8,14
9301,1,10,11
1857,6,2,8
6944,3,7,10
156,12,0,12
6535,2,7,9
1448,6,5,11
6256,4,10,14
1544,14,1,15
155,4,0,4
5242,2,6,8
9898,0,9,9
8037,3,5,8
2950,5,3,8
1244,18,2,20
3601,5,2,7
2999,13,4,17
8086,0,7,7
193,9,0,9
2550,8,4,12
4868,4,7,11
154,14,0,14
6565,4,9,13
3149,5,3,8
8236,1,8,9
8795,2,12,14
3708,5,8,13
4081,6,6,12
9168,1,11,12
1724,6,2,8
1506,9,5,14
153,10,0,10
8270,2,5,7
8000,1,11,12
2913,12,2,14
9231,1,7,8
6874,1,5,6
1787,6,1,7
6821,2,7,9
5020,3,6,9
3920,3,3,6
1521,9,2,11
6608,1,7,8
9686,0,13,13
9344,0,13,13
9154,0,5,5
4067,5,3,8
7602,2,7,9
9176,0,7,7
4089,5,7,12
4462,9,3,12
3474,5,5,10
8561,1,12,13
675,7,1,8
5762,4,11,15
3032,6,5,11
8119,3,9,12
1503,12,4,16
6590,4,8,12
4865,3,10,13
9952,0,9,9
151,10,0,10
5238,7,6,13
3479,1,4,5
5836,1,4,5
749,8,1,9
8193,4,8,12
2218,8,3,11
7305,2,10,12
1755,14,4,18
6842,3,12,15
662,9,2,11
5749,1,10,11
8473,1,10,11
3386,8,3,11
8097,2,12,14
3010,3,5,8
6760,3,6,9
1673,6,4,10
5490,4,4,8
403,11,1,12
740,12,1,13
5454,2,7,9
367,8,0,8
7345,0,12,12
9702,1,14,15
9295,1,7,8
6083,3,8,11
996,2,3,5
5123,1,9,10
36,14,0,14
2349,4,3,7
7436,2,4,6
1280,5,2,7
6367,3,13,16
5994,2,8,10
907,16,2,18
5429,2,6,8
342,11,0,11
6976,4,11,15
1889,7,5,12
4619,7,13,20
9706,0,2,2
916,10,3,13
2152,7,1,8
1242,5,3,8
146,5,0,5
8082,0,3,3
2995,7,2,9
7459,1,8,9
6216,4,7,11
5868,5,11,16
781,8,1,9
3686,5,6,11
8773,0,9,9
2337,8,1,9
1616,8,5,13
8770,1,14,15
3683,6,2,8
4062,2,7,9
9149,1,8,9
3905,5,5,10
8063,3,10,13
2976,7,3,10
992,12,2,14
6079,6,8,14
5138,3,3,6
51,11,0,11
9852,0,15,15
4765,4,5,9
5194,5,10,15
107,7,0,7
7551,0,10,10
2464,7,5,12
8971,2,8,10
6614,4,9,13
3487,5,5,10
5844,3,3,6
757,6,1,7
1046,6,1,7
8290,4,10,14
3203,9,3,12
7980,4,9,13
2893,7,3,10
226,15,0,15
5313,6,8,14
4940,4,5,9
4379,6,5,11
9466,0,8,8
1736,7,1,8
4093,5,5,10
9180,0,11,11
3909,3,4,7
359,12,1,13
2499,10,4,14
7586,0,4,4
142,13,0,13
9205,0,16,16
8250,0,11,11
3163,4,1,5
7559,2,8,10
2472,8,2,10
2290,10,3,13
7377,5,4,9
7004,2,8,10
1917,11,2,13
4016,4,8,12
2815,10,3,13
7902,2,11,13
1745,2,1,3
3643,6,2,8
1286,11,1,12
1097,12,3,15
6184,5,7,12
9966,0,9,9
4879,5,8,13
8362,1,6,7
7823,2,11,13
8700,1,9,10
6343,1,5,6
1256,9,2,11
4253,7,6,13
1892,11,3,14
7692,0,9,9
2605,16,2,18
621,15,2,17
393,15,1,16
5480,5,8,13
446,7,1,8
5533,4,7,11
7517,3,10,13
8126,3,4,7
5769,4,10,14
682,12,2,14
1035,5,2,7
6122,6,7,13
8106,2,11,13
3019,9,6,15
5403,1,6,7
316,5,0,5
4212,7,7,14
1526,13,1,14
9318,1,8,9
4604,5,7,12
9691,0,11,11
4303,7,5,12
9390,1,5,6
3009,5,6,11
8096,1,5,6
1013,15,2,17
6100,7,8,15
138,10,0,10
5225,7,5,12
6315,1,10,11
1228,7,1,8
3958,7,12,19
6188,5,7,12
8545,1,7,8
3831,4,6,10
8284,3,5,8
3570,5,11,16
8657,1,14,15
2162,7,3,10
161,13,0,13
7232,4,8,12
6517,3,5,8
1803,4,4,8
6890,4,13,17
3777,6,4,10
8864,1,10,11
1420,8,4,12
1210,8,2,10
9563,0,17,17
4476,11,5,16
135,7,0,7
5222,5,4,9
9944,0,8,8
4857,8,6,14
9181,0,6,6
9022,2,8,10
7599,0,8,8
5346,7,6,13
259,13,1,14
2229,6,2,8
3784,4,3,7
1427,10,1,11
6514,2,6,8
412,10,3,13
8778,0,13,13
9578,0,7,7
150,7,0,7
2872,11,3,14
2279,12,3,15
7366,5,10,15
133,7,0,7
9676,0,17,17
9221,0,12,12
8655,1,14,15
7709,1,6,7
9776,0,5,5
4689,6,10,16
7419,2,10,12
6895,4,8,12
4332,10,2,12
9419,0,7,7
6581,1,8,9
1867,5,5,10
6954,5,8,13
364,5,1,6
132,12,0,12
8804,2,13,15
8200,2,9,11
3113,3,4,7
5843,5,3,8
7265,0,10,10
2178,3,1,4
194,14,0,14
2551,9,3,12
415,12,1,13
131,10,0,10
5218,8,3,11
6223,4,5,9
1509,6,5,11
8580,2,14,16
3493,7,4,11
8308,1,4,5
3221,7,3,10
140,14,0,14
7211,2,6,8
8788,1,6,7
3701,9,3,12
6431,4,13,17
5149,7,6,13
62,4,0,4
3339,4,9,13
3112,2,2,4
8199,0,13,13
493,10,1,11
5580,4,5,9
387,15,1,16
130,13,0,13
195,11,0,11
4909,3,8,11
2552,8,2,10
7266,3,7,10
8643,1,10,11
3556,5,1,6
6286,4,6,10
1199,10,1,11
4711,4,8,12
9798,0,10,10
4497,6,7,13
9584,0,9,9
1181,6,2,8
8252,0,6,6
3538,7,5,12
8625,0,12,12
3063,8,4,12
7200,8,8,16
129,11,0,11
203,6,0,6
9631,0,15,15
4544,4,3,7
3295,7,6,13
8382,2,9,11
3293,6,3,9
1909,6,3,9
6996,0,6,6
7914,1,9,10
843,11,1,12
2533,3,2,5
176,7,1,8
5263,4,10,14
5914,3,3,6
8713,3,6,9
6356,2,6,8
1642,8,3,11
6729,6,8,14
1510,3,1,4
6597,2,8,10
4841,7,4,11
127,7,0,7
148,10,0,10
9576,1,9,10
3943,4,5,9
9030,0,11,11
3443,7,8,15
8530,2,13,15
1985,5,5,10
7072,2,6,8
126,8,0,8
9870,0,15,15
149,10,0,10
9577,0,11,11
8947,2,13,15
4233,10,8,18
9320,0,12,12
4151,6,3,9
9238,0,7,7
4072,4,5,9
3703,3,4,7
2221,4,3,7
9872,0,8,8
4785,3,7,10
3737,2,4,6
6094,7,7,14
4624,3,2,5
9711,0,5,5
1277,9,1,10
6364,1,3,4
124,9,0,9
5211,5,8,13
5152,8,2,10
65,7,0,7
2795,12,2,14
7882,2,7,9
565,9,1,10
5652,6,5,11
517,9,2,11
123,8,0,8
4652,6,9,15
9739,0,12,12
4063,6,7,13
9150,0,11,11
2730,9,3,12
373,11,1,12
5460,5,5,10
2592,5,1,6
7679,2,11,13
7306,0,4,4
2219,12,1,13
235,12,1,13
5322,3,5,8
122,9,0,9
8286,1,11,12
3199,14,3,17
5339,4,5,9
252,10,0,10
7696,4,11,15
4512,4,3,7
3444,6,7,13
2816,6,2,8
7903,3,12,15
1674,9,2,11
1083,11,3,14
6170,5,5,10
121,12,0,12
6671,2,7,9
1630,7,2,9
9548,0,6,6
4461,6,6,12
120,7,0,7
3267,7,6,13
5624,5,4,9
537,11,0,11
2952,9,4,13
1469,7,2,9
9547,0,7,7
4460,5,8,13
119,11,0,11
5206,3,6,9
7374,6,10,16
9731,0,8,8
6053,3,10,13
5288,5,5,10
201,10,0,10
5029,3,2,5
1603,6,2,8
1134,5,1,6
2475,10,1,11
118,9,0,9
4418,4,2,6
9505,0,8,8
4045,4,5,9
3828,9,7,16
3333,3,4,7
8420,1,3,4
3085,7,3,10
4993,5,10,15
2636,13,4,17
7723,4,8,12
9089,1,6,7
4002,7,4,11
5629,2,7,9
542,12,0,12
1757,11,2,13
6844,2,6,8
116,7,0,7
5203,6,5,11
241,6,0,6
9669,0,7,7
5265,7,12,19
178,3,0,3
7670,1,10,11
5009,8,6,14
3711,7,4,11
5713,1,11,12
626,11,1,12
999,6,2,8
6086,1,5,6
9794,0,9,9
7437,1,7,8
2350,6,6,12
2353,7,2,9
1703,9,1,10
6790,0,5,5
1557,15,2,17
6644,3,8,11
113,9,0,9
8377,0,7,7
4573,3,4,7
8991,1,8,9
3904,7,2,9
4277,4,4,8
3515,6,5,11
3990,7,3,10
8704,2,9,11
3617,2,5,7
1633,7,1,8
7183,3,9,12
112,6,0,6
5199,5,5,10
9936,0,8,8
1939,3,1,4
9010,0,14,14
8852,1,14,15
8536,2,12,14
3449,6,3,9
5711,2,4,6
624,11,0,11
8068,4,7,11
5528,1,6,7
441,8,0,8
3171,7,2,9
3225,7,4,11
8312,1,8,9
868,6,2,8
245,13,1,14
111,9,0,9
5198,4,7,11
9806,0,12,12
4719,7,4,11
4381,3,5,8
9468,1,10,11
9095,1,9,10
4008,5,3,8
8637,3,16,19
3550,10,8,18
8191,1,13,14
3104,7,3,10
2608,10,4,14
7695,2,11,13
7322,1,8,9
2235,8,2,10
4092,6,8,14
6449,3,7,10
1362,9,3,12
3311,3,5,8
5668,8,4,12
581,11,0,11
3279,9,4,13
5636,3,10,13
549,8,0,8
110,9,0,9
5197,9,6,15
8442,0,4,4
230,6,0,6
5317,3,5,8
2587,4,4,8
7674,2,12,14
7301,1,10,11
7770,2,13,15
2683,7,2,9
5413,5,6,11
326,11,0,11
380,8,2,10
5094,6,2,8
7,8,0,8
7697,1,4,5
2983,10,5,15
1911,8,2,10
3065,9,2,11
4766,7,7,14
7123,5,9,14
52,13,0,13
3379,10,6,16
2118,6,3,9
9189,1,16,17
9606,0,7,7
4519,4,5,9
2535,8,4,12
8969,1,14,15
3424,11,3,14
97,17,0,17
4709,3,9,12
3555,4,8,12
1198,4,2,6
8528,0,14,14
6013,3,5,8
3795,7,8,15
8882,1,14,15
3460,8,7,15
8547,1,5,6
3035,5,5,10
8122,3,6,9
2618,15,5,20
7705,2,10,12
9689,0,12,12
4602,10,3,13
8886,2,15,17
3799,6,8,14
1988,9,2,11
2902,5,6,11
6229,0,12,12
1142,9,2,11
1981,8,2,10
7068,1,11,12
3090,4,5,9
8177,2,9,11
1954,6,3,9
7041,1,6,7
5559,3,10,13
472,15,0,15
845,9,1,10
49,10,0,10
5136,6,4,10
3277,9,6,15
7991,5,14,19
9404,1,12,13
4317,4,5,9
2333,9,5,14
4690,3,9,12
8017,1,9,10
2930,4,4,8
2936,6,2,8
1367,8,2,10
9174,2,11,13
994,4,3,7
8065,2,16,18
2978,8,1,9
8715,1,11,12
2501,8,6,14
7588,1,10,11
144,11,0,11
5231,1,3,4
7215,2,5,7
8463,2,6,8
6106,3,10,13
1019,14,3,17
4997,3,5,8
3030,5,5,10
3668,6,3,9
8755,2,9,11
7726,4,8,12
2639,7,3,10
6482,4,3,7
4125,4,5,9
9212,2,15,17
798,11,3,14
5885,5,8,13
959,5,3,8
7613,1,10,11
2526,13,1,14
3292,11,2,13
5371,4,4,8
284,13,0,13
7728,3,3,6
2641,4,2,6
227,10,0,10
5314,1,7,8
9655,0,7,7
6894,3,7,10
1807,8,5,13
7556,2,11,13
2842,12,3,15
2266,7,4,11
5485,5,3,8
398,9,0,9
117,9,0,9
5204,7,3,10
2474,8,5,13
2741,7,6,13
7828,1,4,5
7455,5,6,11
5399,4,4,8
312,7,1,8
5121,3,3,6
34,12,0,12
9835,0,9,9
4748,7,6,13
422,15,2,17
5509,3,8,11
6983,3,10,13
9120,1,6,7
5793,2,6,8
3757,6,4,10
8844,2,8,10
6114,4,15,19
1027,11,3,14
5144,5,4,9
57,14,0,14
2787,7,3,10
2331,11,3,14
7418,2,6,8
212,10,0,10
7283,6,5,11
4926,8,12,20
8494,0,9,9
1423,10,2,12
6510,1,9,10
3641,12,4,16
8728,0,6,6
3307,4,4,8
47,14,0,14
5134,6,4,10
4205,6,7,13
9292,0,8,8
8919,2,13,15
3832,6,3,9
3989,4,5,9
6346,3,9,12
1259,5,1,6
8703,1,8,9
820,7,2,9
6038,5,7,12
8395,1,5,6
3959,9,4,13
6567,3,10,13
7676,2,7,9
2589,3,1,4
3595,9,4,13
8682,2,9,11
3235,7,4,11
5453,3,4,7
366,12,0,12
3374,7,1,8
8461,4,10,14
1017,8,3,11
6104,2,8,10
42,11,0,11
9331,0,2,2
2260,1,3,4
7347,3,9,12
8359,2,10,12
3272,6,3,9
9641,0,10,10
4554,3,4,7
213,12,1,13
4927,7,6,13
2570,10,2,12
7284,4,15,19
3547,7,3,10
3327,7,5,12
8414,1,10,11
9981,0,14,14
4297,7,4,11
6654,2,6,8
3134,10,5,15
8221,0,7,7
5491,5,11,16
404,12,0,12
9230,0,11,11
4143,7,4,11
4516,7,2,9
9603,0,6,6
5625,2,8,10
538,5,0,5
6125,5,6,11
1038,8,3,11
3768,5,4,9
2659,3,4,7
163,18,0,18
5250,4,8,12
522,13,1,14
3709,4,5,9
8796,0,8,8
204,6,1,7
40,9,0,9
5127,5,5,10
9051,1,8,9
3964,7,5,12
6694,2,10,12
1607,12,4,16
8081,0,11,11
2994,9,2,11
3367,6,5,11
8454,0,8,8
9778,0,9,9
4691,4,6,10
2015,7,7,14
7002,1,5,6
3994,9,4,13
1498,9,3,12
6585,5,9,14
8569,5,7,12
3482,12,5,17
6212,1,7,8
214,15,0,15
5301,2,5,7
2571,7,5,12
7409,1,8,9
2322,15,3,18
2695,9,3,12
7782,6,9,15
4529,4,8,12
4807,4,2,6
93,11,0,11
8044,2,6,8
3330,7,7,14
8417,0,15,15
4412,5,11,16
3620,2,4,6
8707,0,10,10
6947,4,8,12
1860,4,1,5
37,7,0,7
5124,3,4,7
225,11,0,11
7296,2,11,13
4939,4,6,10
3830,6,7,13
8917,2,9,11
3552,8,4,12
8266,1,10,11
3179,10,3,13
9267,0,13,13
8436,0,8,8
3722,12,3,15
8809,3,10,13
6949,3,5,8
8058,1,14,15
2403,2,3,5
46,13,0,13
5133,6,6,12
4760,3,6,9
394,13,2,15
5481,5,4,9
7465,1,11,12
2378,9,6,15
1593,7,1,8
6680,2,8,10
6307,0,8,8
1220,10,2,12
3119,3,3,6
5476,3,4,7
389,11,1,12
762,7,1,8
9773,0,7,7
4686,5,10,15
7416,2,4,6
6069,3,5,8
982,9,2,11
9396,1,8,9
4309,5,5,10
1460,3,2,5
535,10,1,11
1366,6,2,8
6080,2,7,9
8298,3,9,12
8264,2,13,15
1399,9,2,11
6486,2,10,12
8470,2,13,15
7361,2,12,14
2274,12,4,16
2925,4,4,8
6847,3,8,11
3365,6,5,11
3284,4,4,8
8371,2,4,6
3172,5,4,9
8259,5,11,16
2063,11,1,12
7150,3,9,12
7608,1,9,10
5646,1,3,4
559,8,0,8
198,10,0,10
7269,2,6,8
8378,1,13,14
2941,4,3,7
8028,2,6,8
2392,6,4,10
4749,1,5,6
35,12,0,12
5122,5,3,8
2112,10,4,14
7199,7,6,13
9183,1,9,10
8101,5,10,15
3014,10,5,15
6093,3,6,9
1006,8,1,9
3736,9,8,17
9281,0,11,11
4194,8,5,13
6982,2,9,11
9200,1,7,8
4113,5,6,11
3206,11,3,14
4037,4,10,14
8751,0,9,9
9860,0,14,14
4773,3,8,11
1194,10,4,14
85,12,1,13
5172,8,4,12
1143,3,3,6
6688,2,6,8
8899,2,8,10
3812,1,6,7
2106,7,4,11
6820,0,5,5
4463,7,8,15
6398,6,11,17
8616,2,8,10
3529,9,5,14
8769,0,6,6
4333,5,5,10
9420,0,10,10
32,8,0,8
5119,11,6,17
3498,7,7,14
1141,15,2,17
7795,3,9,12
5539,11,6,17
452,6,1,7
3182,5,3,8
8269,1,14,15
7877,1,7,8
806,7,1,8
5103,6,6,12
16,13,0,13
7460,2,9,11
6490,5,8,13
1403,9,2,11
4133,9,5,14
33,8,0,8
5120,2,9,11
8629,5,11,16
3542,8,3,11
7432,2,11,13
8975,0,14,14
3888,6,3,9
239,10,1,11
9667,0,7,7
6773,2,8,10
5525,5,4,9
438,10,0,10
7257,2,9,11
186,12,1,13
1295,11,1,12
4256,5,6,11
9343,1,7,8
7309,4,7,11
2222,6,3,9
238,9,2,11
6065,6,6,12
978,7,1,8
609,8,1,9
4275,7,7,14
6493,3,5,8
4414,6,6,12
9501,2,16,18
2057,8,1,9
7144,1,7,8
6879,4,8,12
1792,9,2,11
3092,3,2,5
8179,2,12,14
215,8,1,9
31,13,0,13
862,7,1,8
5576,7,11,18
489,7,2,9
8903,0,8,8
8859,3,9,12
3772,9,3,12
8102,4,11,15
3015,6,1,7
3666,7,6,13
8753,3,6,9
191,8,0,8
5278,3,11,14
7262,2,8,10
2175,10,5,15
3151,2,5,7
9113,2,9,11
4026,8,3,11
4399,5,6,11
9486,0,9,9
2042,2,2,4
7129,1,11,12
2012,2,3,5
6748,4,9,13
94,8,0,8
5181,4,7,11
797,10,1,11
9054,1,11,12
3967,4,4,8
1983,4,1,5
7070,2,9,11
6697,1,7,8
1610,8,2,10
368,12,1,13
5455,6,1,7
608,14,1,15
105,9,1,10
5192,3,3,6
6620,2,7,9
1533,5,3,8
8977,2,9,11
3890,3,4,7
6795,3,8,11
141,17,2,19
4299,7,5,12
9013,2,8,10
3926,5,4,9
7330,4,8,12
4973,4,7,11
7469,2,9,11
2755,7,1,8
9039,0,7,7
3952,8,4,12
6682,3,9,12
9456,0,9,9
28,12,0,12
2161,6,3,9
4518,6,7,13
9605,3,9,12
3195,7,3,10
977,7,2,9
6064,2,5,7
8958,1,13,14
3871,8,2,10
4800,8,6,14
86,10,0,10
1301,10,1,11
6015,3,10,13
3770,4,11,15
8857,2,8,10
7236,0,6,6
2149,10,2,12
165,8,0,8
1023,8,1,9
6110,7,7,14
5737,4,8,12
3380,6,2,8
9481,0,10,10
4394,8,7,15
53,7,0,7
5598,6,8,14
511,16,0,16
8010,3,10,13
939,10,1,11
6026,4,8,12
1424,5,3,8
6511,3,6,9
2379,6,3,9
22,7,0,7
1341,10,1,11
3698,6,2,8
9382,1,9,10
4295,6,5,11
2311,13,6,19
7025,4,6,10
2762,9,6,15
7849,1,5,6
9833,0,15,15
2094,5,5,10
41,6,0,6
5128,5,3,8
9441,1,8,9
4354,9,2,11
13,11,0,11
7669,3,5,8
6845,1,11,12
2630,7,2,9
273,8,1,9
7344,4,9,13
2257,4,3,7
7923,1,5,6
852,7,1,8
7083,3,8,11
12,11,0,11
7775,3,14,17
2688,8,2,10
5864,6,3,9
777,9,1,10
7964,2,6,8
2877,7,4,11
4498,7,4,11
9585,0,7,7
6855,4,7,11
668,7,2,9
8431,2,7,9
9879,0,13,13
1625,4,1,5
3982,6,4,10
6200,3,7,10
5568,6,4,10
481,6,0,6
23,10,0,10
5110,3,8,11
4641,8,3,11
9355,0,7,7
4268,6,9,15
4667,5,8,13
9754,0,10,10
2310,5,3,8
5637,2,4,6
550,5,0,5
92,6,0,6
5179,8,8,16
6986,1,6,7
5554,4,6,10
467,10,1,11
7911,2,7,9
6802,3,10,13
1715,8,4,12
209,12,1,13
9637,0,6,6
4923,3,3,6
8196,3,6,9
9018,0,9,9
4304,5,4,9
1947,8,3,11
9145,1,9,10
2074,5,2,7
18,11,0,11
5105,3,5,8
5702,5,7,12
615,7,0,7
3345,8,7,15
8432,1,13,14
9161,0,9,9
4074,7,3,10
6804,4,7,11
7913,0,7,7
1935,10,4,14
6232,5,8,13
8589,0,4,4
3502,5,4,9
48,13,0,13
4762,7,7,14
9849,0,10,10
187,9,0,9
2544,10,2,12
7631,2,6,8
9457,0,11,11
29,8,0,8
5116,10,4,14
4187,3,7,10
8901,1,10,11
3468,4,3,7
8555,1,13,14
1111,8,2,10
2,7,0,7
5089,12,6,18
532,9,1,10
5619,2,6,8
7603,0,7,7
3337,5,7,12
980,7,1,8
6067,4,5,9
6386,8,8,16
8743,3,11,14
5006,1,7,8
6254,3,6,9
1167,6,4,10
8611,1,9,10
3524,6,5,11
4022,5,6,11
6379,5,14,19
1292,11,3,14
4161,11,2,13
9248,1,10,11
834,8,1,9
5921,3,11,14
3995,4,5,9
6352,2,5,7
1265,14,1,15
2446,9,1,10
7533,2,8,10
89,12,0,12
5176,8,1,9
9517,0,11,11
7716,3,10,13
645,11,2,13
10,9,0,9
2228,8,1,9
6444,3,9,12
1357,4,2,6
1730,10,1,11
8801,0,9,9
3714,9,4,13
8583,0,7,7
3496,8,11,19
1512,6,2,8
6599,5,3,8
6354,7,4,11
6639,2,4,6
4282,5,4,9
5881,3,10,13
794,11,1,12
197,9,1,10
6169,5,8,13
1455,6,3,9
6542,2,9,11
9635,0,12,12
4548,9,4,13
207,5,0,5
5294,4,6,10
7278,0,10,10
2564,6,4,10
2286,5,4,9
7000,0,8,8
1913,8,4,12
1902,7,6,13
6989,6,6,12
9804,0,9,9
4717,3,4,7
7447,1,10,11
1314,9,2,11
7968,1,7,8
2364,9,3,12
9692,1,16,17
4605,4,4,8
264,6,2,8
5351,2,9,11
125,8,0,8
2482,9,2,11
7569,2,6,8
7684,2,13,15
1109,4,3,7
3466,6,4,10
8876,1,8,9
5970,5,8,13
883,8,3,11
4305,7,3,10
9019,1,11,12
4583,6,7,13
8441,1,6,7
3727,5,4,9
4859,5,4,9
9946,0,16,16
145,12,0,12
7216,2,10,12
2758,4,6,10
9250,0,13,13
4163,5,4,9
9389,1,11,12
4675,3,3,6
9762,0,4,4
7032,6,7,13
8940,0,11,11
3853,11,6,17
1869,7,5,12
6956,3,9,12
6305,0,7,7
779,12,2,14
5866,0,7,7
5493,6,8,14
406,16,2,18
2166,7,5,12
6768,4,4,8
2054,11,4,15
4411,7,4,11
4272,6,5,11
9359,1,10,11
6629,1,9,10
1127,9,2,11
8198,2,13,15
157,10,0,10
4871,3,6,9
9280,2,12,14
1517,12,1,13
6604,2,9,11
9,10,0,10
8050,1,8,9
2963,8,4,12
3336,3,5,8
8423,4,6,10
1716,6,2,8
6803,2,11,13
6291,4,6,10
4376,9,5,14
9463,0,10,10
6733,4,3,7
79,8,0,8
3230,9,6,15
9884,0,9,9
4797,3,6,9
220,8,0,8
5307,6,6,12
4934,3,5,8
543,6,3,9
1652,8,4,12
7499,2,7,9
2412,8,4,12
428,6,1,7
5142,7,6,13
55,12,0,12
2189,3,5,8
7276,1,7,8
6903,3,8,11
1816,6,2,8
8430,3,10,13
3343,12,3,15
6073,6,7,13
4020,5,5,10
8873,1,10,11
3786,6,3,9
1802,5,2,7
6238,3,8,11
7554,3,6,9
1128,5,1,6
7961,1,9,10
3247,9,4,13
8334,2,10,12
1972,8,1,9
4329,5,2,7
9416,1,17,18
7028,3,7,10
2314,7,1,8
2453,5,2,7
6470,4,7,11
1756,9,1,10
1655,7,1,8
3532,3,2,5
8619,0,11,11
1175,6,2,8
1575,9,2,11
6662,4,5,9
9736,0,9,9
3437,3,4,7
5794,8,3,11
707,12,1,13
1080,8,1,9
6167,4,12,16
8843,1,12,13
3756,10,2,12
989,11,3,14
7643,3,11,14
2556,14,2,16
15,9,0,9
5102,1,4,5
7778,4,8,12
2691,2,3,5
6117,4,11,15
1030,9,2,11
8057,5,8,13
2970,11,8,19
2146,11,2,13
7233,3,11,14
2408,4,3,7
1133,19,1,20
24,6,0,6
2756,2,6,8
4974,3,3,6
4186,4,3,7
9273,0,11,11
6543,4,4,8
1015,10,6,16
3372,14,3,17
2402,6,3,9
7489,1,12,13
7116,1,6,7
2029,6,2,8
45,11,0,11
1258,12,1,13
1441,11,1,12
6528,2,13,15
4687,4,3,7
8014,3,6,9
2927,12,6,18
9733,0,9,9
4646,6,5,11
305,8,2,10
5392,5,4,9
5715,1,10,11
628,12,0,12
1467,12,2,14
6554,4,8,12
4327,4,4,8
9414,1,11,12
9041,2,9,11
3954,6,3,9
175,10,1,11
5720,3,8,11
633,6,0,6
2393,7,3,10
7480,3,6,9
631,12,1,13
5718,5,7,12
5774,7,9,16
3417,9,5,14
837,7,1,8
3503,7,1,8
8590,0,11,11
3966,10,4,14
9053,1,10,11
9917,1,8,9
7685,5,14,19
2598,9,1,10
266,9,1,10
9694,0,13,13
4607,7,6,13
4980,10,8,18
4246,4,2,6
6603,5,6,11
3276,7,5,12
8363,3,14,17
6062,5,8,13
975,10,1,11
4744,2,7,9
9831,0,9,9
30,7,0,7
5117,1,7,8
5386,7,4,11
299,8,0,8
552,12,2,14
11,8,0,8
3338,7,1,8
270,11,1,12
5357,3,5,8
1569,7,2,9
6656,4,6,10
6283,6,3,9
9567,0,9,9
2496,9,3,12
7583,6,7,13
2303,2,2,4
7390,5,9,14
4660,9,4,13
9747,1,16,17
1226,13,1,14
3305,3,6,9
5662,4,9,13
575,12,0,12
4417,5,6,11
8103,2,9,11
3016,7,3,10
3389,10,4,14
8476,1,10,11
4776,6,7,13
9863,1,13,14
7076,1,4,5
5,5,0,5
1025,11,1,12
6112,4,8,12
5739,4,2,6
8444,6,9,15
482,4,1,5
5569,5,5,10
9354,0,8,8
5163,1,7,8
76,7,0,7
7640,0,7,7
8974,0,4,4
50066,0,1,1
4283,4,10,14
2778,6,5,11
143,8,0,8
9571,1,12,13
2500,9,3,12
8601,0,8,8
3887,4,2,6
8644,0,10,10
3557,4,7,11
3930,5,9,14
637,12,4,16
5724,2,9,11
8834,1,8,9
6477,4,7,11
1956,7,5,12
7043,1,5,6
4313,5,7,12
9400,1,8,9
9375,1,14,15
7018,0,11,11
39,8,0,8
5126,5,4,9
5159,2,6,8
72,12,0,12
9873,0,15,15
4786,8,9,17
445,11,2,13
6357,2,7,9
4000,7,7,14
5756,5,3,8
9770,0,16,16
5056,1,4,5
3947,1,2,3
2693,11,7,18
5050,2,4,6
9903,0,4,4
4816,6,5,11
7546,4,6,10
2832,3,4,7
4895,4,11,15
9982,0,8,8
181,12,1,13
1290,3,1,4
6506,4,14,18
5397,5,5,10
310,11,1,12
3415,7,4,11
8129,6,9,15
2253,10,4,14
4610,5,5,10
1905,10,3,13
6992,3,11,14
2915,4,2,6
7768,2,7,9
697,10,1,11
5516,3,4,7
429,8,1,9
7873,4,13,17
2786,11,4,15
234,6,1,7
9662,0,15,15
4575,5,6,11
4422,3,5,8
4237,8,7,15
9324,0,14,14
9057,1,6,7
3970,5,6,11
3512,3,3,6
8802,3,10,13
6445,3,7,10
1731,5,3,8
6818,5,5,10
1453,3,1,4
6540,7,5,12
7087,2,5,7
8218,1,9,10
3131,8,1,9
38,12,0,12
7109,1,8,9
2022,4,4,8
5358,9,8,17
271,8,0,8
644,11,1,12
2044,4,2,6
7131,4,4,8
7558,3,7,10
2471,6,6,12
4057,5,4,9
174,12,0,12
4888,9,7,16
9602,0,12,12
4515,4,3,7
5599,4,6,10
512,8,1,9
4768,6,5,11
54,6,0,6
9878,0,8,8
4791,4,5,9
5164,6,4,10
77,10,0,10
7443,4,8,12
2729,5,6,11
233,9,0,9
9661,0,12,12
4947,2,3,5
6241,4,10,14
4611,2,6,8
9698,0,8,8
2254,7,3,10
9325,0,11,11
4238,10,3,13
2671,12,3,15
17,4,0,4
5104,5,5,10
9998,0,12,12
4911,4,5,9
6810,4,6,10
1723,12,2,14
9167,0,13,13
4453,6,6,12
9540,2,10,12
9783,0,8,8
4696,7,7,14
8001,4,11,15
99,8,1,9
5186,5,2,7
2456,3,3,6
7543,2,7,9
6919,1,8,9
1374,7,5,12
6461,7,13,20
2293,2,5,7
75,7,0,7
5162,4,6,10
1132,3,2,5
8203,3,9,12
1549,6,3,9
9302,1,11,12
4215,4,6,10
6945,2,12,14
1858,7,2,9
152,11,0,11
5239,0,7,7
2509,5,2,7
7596,4,15,19
4294,7,2,9
6404,2,12,14
171,15,0,15
7242,1,8,9
750,4,1,5
8552,3,14,17
3465,6,3,9
240,8,1,9
5327,8,6,14
4954,8,7,15
518,15,1,16
5605,2,5,7
2237,10,3,13
7324,1,8,9
6951,3,9,12
7077,6,4,10
6,9,0,9
4720,7,7,14
8507,1,7,8
3420,4,6,10
2731,9,6,15
26,17,0,17
5113,9,4,13
2244,10,1,11
7331,3,6,9
2071,7,1,8
9142,0,11,11
4055,3,6,9
4428,2,3,5
3410,9,3,12
5767,4,6,10
680,8,1,9
1331,6,1,7
3546,4,5,9
8633,2,14,16
80,8,0,8
5167,4,5,9
2437,5,3,8
3790,10,8,18
8877,1,9,10
9741,0,13,13
4441,3,6,9
6798,2,10,12
1711,10,2,12
4228,9,5,14
9315,1,5,6
4986,3,7,10
272,14,1,15
5359,1,6,7
7408,2,10,12
2153,8,2,10
7240,0,6,6
6867,6,6,12
9031,2,13,15
4774,6,5,11
9488,0,8,8
4401,5,6,11
6227,1,10,11
5879,4,10,14
3522,5,7,12
9345,1,5,6
4258,9,6,15
6988,0,5,5
4631,4,5,9
9718,1,10,11
7851,2,11,13
88,7,0,7
2377,10,2,12
7464,2,7,9
20,12,0,12
7091,1,7,8
58,13,1,14
5145,6,3,9
5990,5,3,8
903,5,2,7
1276,8,3,11
137,8,1,9
5224,4,11,15
8178,4,9,13
3091,10,4,14
9449,2,11,13
4735,7,8,15
21,9,0,9
5108,7,7,14
5545,3,10,13
458,13,2,15
3188,7,5,12
1662,4,4,8
6749,1,7,8
8733,0,13,13
1108,3,4,7
5822,10,7,17
416,16,1,17
7498,5,9,14
7776,0,9,9
705,16,2,18
3062,6,4,10
1953,8,3,11
9405,0,5,5
4318,8,4,12
9219,1,12,13
208,14,0,14
5295,4,6,10
2565,10,4,14
6901,4,7,11
3114,8,2,10
8201,2,5,7
44,12,0,12
875,16,1,17
5589,3,3,6
502,11,0,11
4024,7,5,12
9111,0,9,9
1667,6,1,7
6536,3,7,10
9820,0,15,15
4733,1,4,5
5106,10,7,17
19,5,0,5
7463,4,4,8
50,12,0,12
3516,13,7,20
8603,2,6,8
1159,8,4,12
9247,0,11,11
4160,7,5,12
7029,4,9,13
2365,10,3,13
8,10,0,10
5095,7,2,9
4684,1,5,6
1648,7,2,9
4739,6,5,11
25,9,0,9
4183,3,5,8
8897,1,8,9
3810,8,5,13
3495,6,6,12
8582,1,9,10
87,7,1,8
4245,4,11,15
8959,0,11,11
2027,10,3,13
6741,3,11,14
1654,8,3,11
7402,3,14,17
4156,9,7,16
2726,1,2,3
7813,3,7,10
369,6,2,8
7023,4,8,12
3257,9,1,10
8344,1,8,9
7971,2,10,12
2884,6,3,9
1479,6,3,9
4203,2,4,6
9290,1,12,13
1846,11,6,17
6933,7,5,12
8500,1,6,7
3413,12,4,16
603,7,1,8
5690,4,8,12
2960,6,4,10
7875,2,6,8
2788,6,3,9
3161,9,7,16
1432,15,2,17
6519,8,9,17
3434,7,6,13
1426,11,1,12
6513,5,5,10
3783,4,6,10
5161,6,5,11
74,7,0,7
1018,13,1,14
2075,11,4,15
3962,5,2,7
1605,6,2,8
8676,2,10,12
9785,0,17,17
2673,7,3,10
9744,0,9,9
7387,2,10,12
1679,5,1,6
6766,7,9,16
2142,5,5,10
1709,5,4,9
4066,5,5,10
9153,1,9,10
8506,1,8,9
3419,7,4,11
6149,7,6,13
1062,12,1,13
1520,10,1,11
6607,5,9,14
8591,3,16,19
6234,2,13,15
1147,8,2,10
164,9,0,9
9592,0,13,13
2959,8,2,10
8046,2,6,8
602,10,1,11
7673,1,11,12
9484,1,14,15
4397,5,5,10
5185,9,6,15
98,5,0,5
8167,5,12,17
3453,7,3,10
8540,0,8,8
3725,9,5,14
8812,3,17,20
8161,2,7,9
3074,2,4,6
3808,13,3,16
2423,9,7,16
7510,2,2,4
66,10,0,10
9494,0,10,10
4407,6,3,9
4780,6,6,12
9867,1,9,10
5148,6,3,9
61,7,0,7
5070,7,5,12
6175,1,6,7
1088,5,3,8
9891,0,15,15
4804,1,6,7
2820,12,8,20
7907,0,9,9
7611,4,7,11
2897,2,3,5
7984,1,7,8
1649,11,2,13
6736,5,5,10
8720,2,9,11
3633,7,3,10
4006,7,3,10
9690,0,12,12
2619,5,6,11
7706,1,2,3
7333,0,7,7
778,6,2,8
3135,4,4,8
8222,1,9,10
6092,6,11,17
1005,8,2,10
4983,2,8,10
6163,1,5,6
8055,1,4,5
2968,12,3,15
14,10,0,10
4728,4,5,9
9815,0,8,8
115,8,0,8
4829,6,2,8
9543,0,8,8
4456,5,6,11
3028,7,1,8
671,15,1,16
5758,2,3,5
9880,0,10,10
4793,6,3,9
1241,8,1,9
2104,12,3,15
9208,1,12,13
4121,4,5,9
4494,7,2,9
6851,4,10,14
2137,8,3,11
6552,1,6,7
4195,7,6,13
7272,2,9,11
2185,6,2,8
9629,0,7,7
2558,8,6,14
4915,7,5,12
1171,3,3,6
8242,2,10,12
3155,7,2,9
7918,2,10,12
2831,6,3,9
8630,2,8,10
3543,9,8,17
7130,6,10,16
2043,8,3,11
59,5,0,5
9209,0,12,12
4495,6,8,14
8931,0,10,10
4386,6,6,12
6743,3,11,14
1656,6,4,10
8961,1,3,4
4247,12,5,17
5047,2,6,8
5072,3,4,7
585,12,2,14
5672,9,10,19
27,5,0,5
3390,8,6,14
8477,3,6,9
2420,8,3,11
7507,3,8,11
4777,2,8,10
63,12,0,12
2256,6,2,8
6970,1,5,6
3782,1,3,4
1425,11,2,13
7355,1,10,11
9712,0,12,12
7132,3,11,14
7824,4,8,12
892,13,1,14
5979,1,5,6
5606,7,6,13
519,10,0,10
8563,1,13,14
3476,5,3,8
1492,11,3,14
2066,11,2,13
7153,3,10,13
3684,5,3,8
43,4,0,4
4757,8,7,15
6975,8,7,15
1888,12,3,15
3,10,0,10
9431,0,11,11
4344,7,6,13
9704,0,11,11
4617,7,4,11
2633,7,6,13
276,10,1,11
4990,3,9,12
9426,0,9,9
7446,3,14,17
2359,9,4,13
9803,0,12,12
4716,7,4,11
375,10,2,12
889,9,2,11
3187,3,6,9
1797,10,5,15
8868,0,8,8
9139,1,6,7
4052,9,3,12
4429,5,7,12
2072,7,4,11
9143,0,11,11
2082,6,4,10
166,9,0,9
7237,1,8,9
2523,7,5,12
7610,2,8,10
9594,0,6,6
4507,6,4,10
4778,4,8,12
9865,0,11,11
64,4,0,4
5151,7,10,17
4222,8,5,13
8936,2,9,11
3849,8,5,13
6899,0,8,8
1812,7,1,8
8289,1,12,13
7136,2,5,7
1350,15,4,19
6437,3,8,11
8421,3,9,12
3334,11,2,13
1514,6,1,7
6601,4,5,9
6770,4,7,11
2056,5,3,8
7143,5,12,17
7138,2,5,7
2424,4,3,7
67,14,0,14
5154,3,11,14
3996,8,2,10
1639,11,2,13
3998,8,7,15
8712,2,9,11
1641,15,3,18
6728,2,7,9
5628,1,4,5
541,12,0,12
3271,6,5,11
8358,4,10,14
4323,5,5,10
440,8,1,9
9868,0,10,10
6439,3,9,12
1352,7,4,11
2003,9,3,12
7090,4,7,11
6442,1,7,8
8799,0,16,16
3712,10,1,11
8819,0,12,12
68,12,0,12
5155,5,5,10
1747,6,4,10
4128,6,4,10
9215,0,8,8
1771,9,1,10
223,11,1,12
9630,0,15,15
202,12,0,12
7273,2,6,8
2186,8,6,14
4916,3,5,8
8254,2,10,12
2426,10,2,12
69,4,0,4
5892,1,3,4
1178,8,1,9
6265,1,3,4
6484,4,4,8
1397,9,1,10
4127,5,11,16
6794,3,9,12
70,15,0,15
5157,5,5,10
7734,5,11,16
2647,5,4,9
663,8,1,9
5750,7,5,12
6557,3,14,17
1470,6,1,7
1843,6,3,9
2987,6,2,8
3746,8,3,11
8833,0,13,13
7686,2,11,13
5984,5,8,13
897,9,3,12
8341,1,10,11
1,10,0,10
9429,0,11,11
4342,7,4,11
71,13,0,13
5158,5,5,10
2123,5,2,7
7210,1,13,14
7342,4,3,7
2255,4,3,7
2628,6,5,11
7461,3,9,12
2374,15,4,19
9818,0,11,11
4731,9,1,10
2747,4,6,10
3856,9,5,14
8943,0,12,12
3201,6,7,13
8288,3,6,9
2119,5,7,12
2391,7,1,8
7478,3,7,10
7105,4,12,16
635,8,1,9
3409,5,3,8
1052,10,1,11
5488,2,4,6
401,14,0,14
7928,1,5,6
1098,8,2,10
6185,5,6,11
8169,3,7,10
8277,1,8,9
9079,0,9,9
3992,6,3,9
4504,6,8,14
6861,1,8,9
454,6,3,9
5541,0,6,6
9510,0,7,7
4423,2,6,8
82,17,0,17
255,10,1,11
7326,2,7,9
7604,2,6,8
2890,11,8,19
7977,3,12,15
6698,4,10,14
9055,3,13,16
3968,5,3,8
6006,6,6,12
73,13,0,13
703,6,1,7
147,11,0,11
9575,0,8,8
249,16,1,17
5336,7,7,14
4963,4,6,10
9977,0,11,11
2767,9,5,14
7481,2,9,11
2394,9,4,13
620,11,3,14
2977,4,5,9
5334,6,10,16
247,7,0,7
898,6,2,8
5985,3,6,9
8257,4,9,13
8118,5,16,21
9735,1,13,14
7378,1,6,7
4788,4,6,10
9502,0,8,8
6487,6,6,12
4130,6,8,14
1861,10,2,12
8932,2,3,5
3845,10,8,18
9793,0,14,14
921,11,1,12
6008,2,8,10
6898,4,8,12
3571,2,4,6
8658,2,11,13
9388,0,11,11
7031,2,6,8
1059,10,3,13
3894,7,4,11
8981,3,7,10
6251,2,9,11
7148,5,9,14
3156,6,2,8
8243,3,5,8
5874,4,8,12
787,11,1,12
3517,2,6,8
9506,1,6,7
78,11,0,11
3706,5,4,9
8793,0,10,10
6350,4,7,11
1263,12,4,16
3993,7,7,14
9080,1,9,10
5808,2,7,9
8518,2,5,7
3431,2,3,5
1123,9,4,13
8194,1,11,12
3480,8,5,13
8880,1,10,11
6523,5,8,13
1809,11,3,14
6896,3,10,13
4166,6,5,11
2076,12,4,16
9147,0,15,15
6792,1,6,7
1705,13,2,15
2047,11,4,15
4404,8,3,11
5813,3,12,15
8170,2,8,10
7370,2,13,15
9727,0,8,8
4795,2,6,8
81,15,0,15
7281,0,7,7
2194,12,1,13
210,7,2,9
5297,9,5,14
439,13,1,14
6209,4,9,13
1495,8,4,12
6676,4,4,8
1589,8,4,12
4319,9,6,15
9406,0,9,9
5018,6,9,15
304,10,2,12
5391,4,7,11
1500,9,5,14
2793,7,1,8
7880,3,11,14
526,10,1,11
2883,9,2,11
7970,2,13,15
963,9,6,15
3320,8,4,12
5987,0,8,8
900,4,3,7
6460,2,10,12
1373,5,4,9
8817,4,6,10
83,5,0,5
136,7,0,7
5223,3,6,9
7207,2,7,9
7155,3,9,12
2441,8,7,15
84,9,0,9
5171,5,9,14
1072,13,2,15
6159,2,9,11
5786,1,3,4
5065,6,5,11
7422,2,11,13
2335,7,3,10
8156,0,8,8
7180,3,5,8
2466,7,2,9
7553,3,7,10
109,16,1,17
7787,3,8,11
1845,14,1,15
6932,3,9,12
2109,6,3,9
8350,2,10,12
282,13,1,14
4,10,0,10
5091,3,4,7
4718,3,4,7
4424,7,9,16
2067,9,6,15
6521,5,9,14
8135,0,14,14
3048,8,4,12
9427,0,8,8
4991,4,6,10
1967,7,3,10
3076,13,5,18
580,7,1,8
5667,5,6,11
2937,11,4,15
8024,3,8,11
6827,6,9,15
1740,12,1,13
7936,2,11,13
2849,3,4,7
1257,11,1,12
8328,2,5,7
3957,5,8,13
9044,2,10,12
8671,1,3,4
3312,13,3,16
6276,3,6,9
1189,11,1,12
2654,6,5,11
7741,3,8,11
5011,5,8,13
6120,3,10,13
9758,0,8,8
330,6,1,7
5417,7,5,12
360,8,2,10
5447,4,4,8
90,12,1,13
2447,8,2,10
3530,6,2,8
7434,4,10,14
7566,4,6,10
2479,9,3,12
8343,2,9,11
3256,9,3,12
9346,0,12,12
8314,2,9,11
1243,9,3,12
6330,2,9,11
3533,10,1,11
5890,5,8,13
8356,0,15,15
3269,5,2,7
2448,8,5,13
91,8,0,8
2635,5,4,9
7722,2,6,8
347,9,1,10
5434,3,3,6
5061,8,7,15
8415,2,8,10
3328,7,5,12
651,3,1,4
3008,10,8,18
8095,2,9,11
3315,6,3,9
7881,2,6,8
7694,4,10,14
623,7,1,8
8541,0,10,10
1617,8,5,13
211,13,0,13
4925,3,4,7
7282,4,10,14
217,16,0,16
9645,0,9,9
4558,16,4,20
4842,7,7,14
128,14,1,15
1489,5,2,7
8510,2,13,15
3423,8,7,15
2144,9,2,11
5946,4,8,12
7166,1,8,9
95,9,0,9
5182,5,6,11
1922,5,3,8
5969,5,4,9
8529,0,10,10
216,9,1,10
5303,6,8,14
7287,1,10,11
1464,10,1,11
6178,3,9,12
1100,10,1,11
6187,7,10,17
9962,0,12,12
4875,10,4,14
7605,2,8,10
3463,3,5,8
5820,6,10,16
733,7,1,8
2457,12,5,17
7171,3,5,8
100,7,0,7
4170,4,5,9
6914,5,11,16
905,17,2,19
114,7,0,7
5201,7,7,14
7185,4,12,16
2882,14,2,16
9859,0,14,14
102,17,0,17
5189,5,7,12
6466,2,6,8
1752,10,3,13
4109,6,4,10
9196,2,15,17
7405,1,8,9
8457,1,13,14
103,9,0,9
5190,5,5,10
6555,1,10,11
4198,8,5,13
9285,0,8,8
7568,0,8,8
2481,7,3,10
8342,4,15,19
3255,5,4,9
104,9,0,9
3325,7,5,12
8090,4,14,18
1587,14,3,17
6630,4,9,13
8987,4,6,10
3548,10,6,16
3660,3,4,7
6042,6,9,15
955,6,1,7
106,14,0,14
8013,3,12,15
3299,7,4,11
8386,2,10,12
3690,8,2,10
8777,3,8,11
3324,5,3,8
2215,9,2,11
4697,5,5,10
9784,0,7,7
108,14,0,14
2339,4,2,6
7426,4,10,14
3283,4,4,8
3310,5,4,9
6296,6,5,11
3939,4,9,13
9026,1,5,6
4287,8,5,13
9199,0,8,8
4112,6,6,12
2759,10,3,13
402,8,2,10
937,14,3,17
5424,5,3,8
337,6,0,6
7152,6,8,14
2065,6,3,9
9117,1,9,10
449,11,1,12
5536,3,3,6
4416,3,3,6
4883,2,9,11
9970,0,9,9
5673,4,5,9
586,14,1,15
6396,2,6,8
6443,4,6,10
6645,6,5,11
1558,12,3,15
6870,3,5,8
8520,1,7,8
3433,5,5,10
246,6,0,6
5333,6,5,11
2895,8,2,10
5678,4,6,10
591,11,0,11
8215,0,8,8
3128,5,2,7
2900,12,5,17
3569,6,3,9
5041,4,9,13
6197,3,13,16
6335,2,5,7
7285,0,5,5
2198,7,3,10
248,8,0,8
1268,12,1,13
1742,7,4,11
4866,5,4,9
9682,0,9,9
630,8,2,10
5717,5,6,11
1531,5,1,6
6618,3,10,13
2306,9,2,11
4320,8,6,14
5428,7,5,12
341,10,0,10
7369,1,9,10
7708,1,10,11
9072,0,10,10
9524,2,12,14
4437,5,5,10
250,10,0,10
1405,11,4,15
2989,3,5,8
3612,7,3,10
3658,9,4,13
7915,4,11,15
2828,8,4,12
8951,0,12,12
3864,6,6,12
251,7,0,7
5338,1,11,12
1319,3,5,8
1977,7,2,9
2187,10,2,12
4673,6,7,13
9760,0,12,12
4820,4,6,10
9646,0,7,7
2157,12,4,16
7244,4,6,10
4551,9,4,13
9638,0,11,11
6807,1,11,12
6897,4,6,10
7243,2,7,9
8930,1,7,8
253,11,0,11
5340,4,6,10
1539,6,1,7
2887,10,3,13
3081,8,4,12
8168,1,7,8
4296,5,3,8
5688,5,6,11
601,4,0,4
7338,0,11,11
8051,5,4,9
254,9,0,9
801,9,3,12
5888,6,4,10
1099,15,2,17
2171,7,1,8
7258,3,12,15
2431,10,5,15
4810,7,8,15
5799,4,9,13
9534,0,14,14
4447,8,7,15
7230,2,8,10
7966,1,14,15
9447,0,5,5
256,8,0,8
474,12,1,13
5514,9,4,13
427,6,1,7
6408,4,10,14
7542,2,11,13
257,6,0,6
2133,7,1,8
4400,7,4,11
4676,3,9,12
9763,0,7,7
5540,5,7,12
453,9,0,9
8762,0,4,4
258,18,0,18
5345,4,5,9
278,11,1,12
1096,13,2,15
2325,5,5,10
2585,5,4,9
7672,4,15,19
2694,10,4,14
7781,3,7,10
3148,9,5,14
5043,2,7,9
5815,5,9,14
728,10,2,12
8108,3,4,7
3021,5,2,7
525,13,1,14
2617,9,5,14
7704,1,6,7
2803,7,6,13
3096,5,3,8
3665,10,4,14
5679,1,5,6
592,14,1,15
260,8,0,8
5517,8,5,13
430,8,2,10
6250,5,8,13
1163,8,2,10
6700,6,11,17
1613,10,2,12
261,7,0,7
5348,5,5,10
3817,5,2,7
8904,2,11,13
3955,7,2,9
9042,1,11,12
7736,1,5,6
2649,11,1,12
9377,0,8,8
262,9,0,9
943,7,1,8
1997,7,4,11
5017,4,6,10
7766,0,10,10
2679,6,4,10
8471,2,6,8
8955,0,9,9
263,10,0,10
2070,15,2,17
2232,19,3,22
7319,4,11,15
4930,5,9,14
5608,5,8,13
521,6,1,7
6131,6,7,13
3883,5,4,9
4527,7,8,15
4682,9,6,15
5700,4,4,8
613,11,0,11
265,7,0,7
5942,3,3,6
8927,1,7,8
3840,8,4,12
455,9,1,10
5563,4,4,8
476,7,2,9
9203,2,14,16
267,11,0,11
536,11,1,12
814,4,1,5
5901,5,8,13
1762,9,2,11
6849,5,8,13
3120,8,3,11
3258,7,4,11
8345,1,8,9
3739,8,9,17
6808,7,7,14
7933,3,8,11
268,12,0,12
1370,9,2,11
2644,14,3,17
3147,10,4,14
3369,7,6,13
4366,4,4,8
9453,0,16,16
4377,8,6,14
9347,0,12,12
4260,9,5,14
269,11,0,11
1003,7,1,8
2083,11,3,14
7170,3,7,10
5988,5,10,15
901,4,1,5
6137,8,9,17
6525,6,5,11
1438,10,1,11
9458,0,9,9
9743,0,6,6
988,12,1,13
1239,10,2,12
1600,9,4,13
3040,3,4,7
8127,1,10,11
5538,3,5,8
451,10,0,10
7790,2,7,9
9703,0,14,14
9759,2,7,9
9828,0,9,9
4593,6,3,9
7759,1,12,13
8357,1,14,15
397,9,1,10
1789,10,1,11
3356,6,3,9
7701,4,5,9
8726,1,11,12
3639,6,3,9
1580,5,1,6
1751,10,1,11
6997,9,12,21
1910,8,2,10
7042,2,11,13
7056,4,8,12
274,12,0,12
5361,7,8,15
1254,8,1,9
2427,7,4,11
2525,2,6,8
3807,9,4,13
6784,4,11,15
7255,1,5,6
2168,8,1,9
1342,8,1,9
2529,7,4,11
8100,0,9,9
4280,11,5,16
4886,8,5,13
9587,1,13,14
277,6,0,6
844,10,1,11
1666,4,2,6
3731,9,5,14
8818,2,5,7
6815,5,9,14
1308,8,1,9
6395,2,6,8
5829,2,8,10
742,8,1,9
5891,9,7,16
804,14,1,15
8468,1,7,8
8735,1,6,7
3648,5,5,10
9112,0,15,15
4025,5,4,9
279,10,0,10
2463,8,2,10
7550,3,6,9
2669,4,3,7
6860,2,11,13
1773,12,2,14
8453,1,12,13
9933,0,12,12
2450,13,2,15
7537,1,5,6
2492,5,2,7
7579,4,10,14
4173,2,7,9
8811,2,7,9
9496,0,14,14
4409,3,5,8
9644,1,9,10
281,11,0,11
5368,4,10,14
1386,12,2,14
2026,10,3,13
6342,1,6,7
8197,1,13,14
3110,6,3,9
9436,0,6,6
1554,8,3,11
6641,6,6,12
2330,9,5,14
6438,3,10,13
8613,1,6,7
8779,1,8,9
3692,6,11,17
9752,0,12,12
9871,0,19,19
283,14,0,14
4964,4,7,11
5060,6,7,13
6374,6,11,17
1287,5,2,7
7580,0,8,8
8035,2,8,10
8232,3,9,12
9643,0,14,14
9812,0,12,12
985,10,2,12
6072,7,6,13
1001,11,1,12
3713,7,2,9
4967,7,3,10
6522,3,6,9
8742,1,12,13
285,9,0,9
1073,6,2,8
1693,9,2,11
6463,5,9,14
6663,2,7,9
8219,0,13,13
9523,1,12,13
286,10,0,10
2637,7,2,9
8626,1,7,8
9064,1,9,10
3977,5,6,11
287,9,0,9
5374,6,6,12
1493,8,2,10
2670,9,1,10
3624,4,5,9
3825,6,3,9
7035,4,4,8
7364,0,5,5
2277,8,2,10
363,11,1,12
2817,2,2,4
3574,6,4,10
6271,3,10,13
1184,8,2,10
7467,7,5,12
7892,2,9,11
2805,4,7,11
289,17,0,17
5376,4,6,10
303,10,1,11
547,6,1,7
941,7,3,10
1115,10,1,11
2554,11,2,13
7641,3,10,13
3603,4,7,11
3924,10,9,19
7267,2,6,8
8435,4,14,18
9710,0,11,11
9737,0,8,8
9795,0,8,8
4708,12,5,17
290,11,0,11
5377,8,2,10
808,4,2,6
1182,8,3,11
1205,8,3,11
6292,1,7,8
1782,9,5,14
6869,4,7,11
4054,9,7,16
5651,4,4,8
564,7,1,8
7990,4,7,11
291,9,0,9
2724,5,3,8
2861,10,5,15
7948,1,11,12
6143,5,9,14
1056,10,1,11
8928,0,12,12
292,12,0,12
610,17,1,18
1712,8,3,11
2231,7,3,10
3950,9,4,13
9037,0,10,10
8756,2,19,21
5744,6,5,11
6136,5,6,11
6173,2,4,6
6527,5,3,8
7665,5,4,9
8978,1,10,11
294,8,0,8
421,6,1,7
958,10,1,11
6045,6,7,13
2631,12,5,17
6180,2,6,8
7339,6,2,8
295,8,0,8
2581,8,3,11
4201,9,6,15
8114,0,8,8
296,11,0,11
5383,4,3,7
2634,8,3,11
2801,10,1,11
4870,6,2,8
6863,5,8,13
8495,1,5,6
3408,7,2,9
8920,0,7,7
3833,10,9,19
9003,1,5,6
297,7,0,7
1039,9,5,14
8953,1,7,8
9319,1,12,13
4232,6,5,11
298,14,0,14
335,10,1,11
5422,7,6,13
3011,4,3,7
3024,9,3,12
4956,3,7,10
5647,5,7,12
560,7,0,7
6319,4,3,7
8157,5,7,12
338,8,1,9
5425,6,2,8
2751,3,2,5
5782,6,6,12
5863,7,9,16
300,10,0,10
5387,5,4,9
3239,3,3,6
8326,2,13,15
3974,5,5,10
4638,9,5,14
9158,1,9,10
4071,6,3,9
301,8,0,8
5388,4,5,9
3331,8,3,11
4897,8,7,15
9984,0,7,7
4918,3,6,9
5952,4,11,15
5998,6,4,10
911,7,1,8
6740,6,8,14
1653,6,2,8
302,10,0,10
1022,7,2,9
5761,6,6,12
8107,1,5,6
3020,8,5,13
8702,2,6,8
9368,0,11,11
4281,7,4,11
501,11,1,12
5588,4,2,6
5040,9,3,12
6010,4,7,11
7870,3,9,12
2783,11,3,14
8130,1,10,11
3043,12,4,16
1112,9,2,11
1695,11,3,14
3587,6,10,16
8674,1,17,18
5595,4,6,10
508,10,0,10
7996,1,10,11
1416,7,1,8
2101,10,4,14
7188,3,8,11
2445,3,2,5
2812,4,2,6
7899,1,8,9
4577,10,5,15
6868,2,7,9
1781,11,2,13
306,9,0,9
1665,10,2,12
6752,2,5,7
2662,7,2,9
3927,9,3,12
9014,2,10,12
6208,8,6,14
7039,1,9,10
7863,0,10,10
8593,2,10,12
3506,8,8,16
307,11,0,11
5394,3,7,10
2140,8,2,10
7227,1,13,14
5027,2,5,7
5432,7,8,15
345,9,0,9
5714,4,6,10
627,13,0,13
6306,5,7,12
1219,10,2,12
8573,2,8,10
3486,7,4,11
9322,1,7,8
308,11,0,11
5395,3,6,9
4525,3,5,8
9612,0,8,8
5048,4,8,12
6769,5,10,15
1682,12,3,15
309,11,0,11
5396,3,4,7
1278,7,4,11
1347,10,3,13
5555,4,8,12
468,9,1,10
1393,7,1,8
3248,9,4,13
6924,5,6,11
8405,0,10,10
9421,1,8,9
311,7,0,7
1307,9,1,10
2720,6,3,9
3118,5,1,6
6723,0,10,10
1421,10,3,13
3509,4,5,9
8596,1,7,8
4730,3,7,10
4935,3,6,9
6059,3,4,7
313,9,0,9
5400,2,7,9
4538,6,4,10
5584,4,7,11
497,9,0,9
7358,2,14,16
2271,8,4,12
8251,3,6,9
314,10,0,10
1009,11,1,12
6096,3,10,13
1779,8,2,10
6866,4,9,13
5858,9,4,13
8462,0,9,9
3375,10,3,13
8789,1,6,7
315,7,0,7
5953,3,10,13
866,15,1,16
317,7,0,7
5404,6,8,14
3133,7,4,11
8220,0,10,10
4805,5,3,8
5005,5,7,12
5757,3,10,13
670,10,1,11
8849,1,9,10
318,9,0,9
1579,2,4,6
3671,7,4,11
4620,9,4,13
5997,10,6,16
910,7,1,8
7522,0,5,5
9135,0,13,13
9899,0,14,14
4812,7,4,11
319,7,0,7
2572,4,4,8
5898,4,11,15
811,12,1,13
320,5,0,5
2560,7,4,11
7647,1,6,7
9889,1,12,13
4802,4,6,10
321,8,0,8
1819,10,5,15
4639,3,6,9
5643,4,6,10
556,7,0,7
7145,3,5,8
7458,1,5,6
322,8,0,8
5409,3,6,9
2338,12,3,15
6001,2,7,9
7910,5,6,11
8307,3,13,16
3220,2,4,6
8376,1,10,11
323,10,0,10
5410,3,8,11
357,5,1,6
1200,5,1,6
1924,12,2,14
2148,8,2,10
7235,2,11,13
5763,4,7,11
9923,1,12,13
324,5,0,5
1055,4,2,6
6142,4,8,12
5085,4,5,9
6941,5,6,11
7178,3,9,12
2091,8,5,13
325,18,0,18
5412,3,7,10
4825,2,4,6
7066,4,7,11
1979,7,2,9
1491,7,3,10
2008,7,2,9
7095,1,7,8
4669,5,5,10
9756,0,8,8
8099,0,9,9
8413,2,10,12
8902,0,8,8
3815,12,7,19
327,4,0,4
5414,3,9,12
2092,7,7,14
6280,1,6,7
328,9,0,9
734,10,1,11
3034,4,3,7
6259,5,8,13
6420,5,8,13
329,7,0,7
4314,5,6,11
6840,5,6,11
1753,7,1,8
7259,0,8,8
8419,1,13,14
9848,0,8,8
4761,5,7,12
8760,1,8,9
331,10,0,10
5418,3,12,15
1139,7,2,9
7805,4,3,7
2718,10,4,14
9623,0,12,12
4536,4,5,9
332,8,0,8
5419,7,7,14
504,12,1,13
880,11,2,13
2135,8,4,12
9672,0,10,10
333,14,0,14
514,9,1,10
614,10,1,11
5701,3,5,8
2014,7,4,11
7101,5,4,9
3629,9,4,13
5905,2,8,10
7683,1,5,6
2596,8,5,13
9775,0,10,10
334,9,0,9
5421,4,5,9
681,9,3,12
5768,5,6,11
2265,10,4,14
8650,0,8,8
8887,0,7,7
9241,2,17,19
9397,1,10,11
4241,5,5,10
9328,1,9,10
5571,5,7,12
484,14,0,14
8825,1,9,10
3738,5,5,10
9277,0,14,14
336,7,0,7
744,9,1,10
7392,3,5,8
6148,3,10,13
6650,4,8,12
1563,11,2,13
7251,5,7,12
9134,2,12,14
3726,8,4,12
5052,6,6,12
6693,3,6,9
8273,2,10,12
9038,1,8,9
9561,0,5,5
4474,6,3,9
339,10,0,10
3137,4,3,7
8224,1,10,11
3740,6,5,11
4634,3,7,10
6705,1,5,6
1618,11,3,14
9348,0,9,9
4261,4,4,8
9885,0,18,18
3402,5,4,9
5594,1,5,6
507,8,0,8
6872,4,6,10
424,15,2,17
5511,5,6,11
4005,3,4,7
9092,1,6,7
4988,4,3,7
8480,1,9,10
1444,11,3,14
3473,5,3,8
4150,5,5,10
6456,3,9,12
1369,6,2,8
343,14,0,14
411,14,1,15
3329,6,3,9
8416,0,11,11
4053,3,5,8
5551,3,5,8
464,4,0,4
6058,2,9,11
8774,4,9,13
9810,0,8,8
344,13,0,13
5431,5,5,10
3400,6,4,10
4224,3,6,9
4581,5,5,10
5640,7,5,12
553,3,0,3
8872,1,10,11
1279,7,1,8
2024,5,2,7
7111,2,10,12
6103,5,10,15
6288,3,4,7
8246,1,8,9
1522,8,2,10
2473,10,5,15
3651,5,3,8
8738,1,7,8
3797,8,2,10
4764,7,5,12
5596,2,9,11
509,13,0,13
7360,1,7,8
348,3,0,3
349,7,0,7
2205,6,2,8
3645,9,3,12
7944,1,9,10
8404,3,12,15
350,8,0,8
5437,2,3,5
444,8,2,10
1836,9,1,10
3528,6,2,8
8615,1,9,10
8618,1,11,12
8679,1,5,6
351,10,0,10
5438,6,6,12
1960,13,3,16
7047,4,10,14
1992,16,5,21
3303,7,2,9
3361,9,4,13
6702,2,6,8
9858,1,12,13
352,11,0,11
1381,11,1,12
2167,7,2,9
3123,7,2,9
3153,6,5,11
8373,1,7,8
8832,2,13,15
3745,8,5,13
9568,0,16,16
353,11,0,11
3418,8,2,10
4264,10,5,15
4315,5,8,13
7809,2,6,8
9909,0,10,10
354,7,0,7
5441,1,6,7
877,12,2,14
1229,15,2,17
5920,6,7,13
6883,5,6,11
7310,2,4,6
2223,4,4,8
355,9,0,9
2436,10,2,12
4276,4,5,9
9470,1,6,7
356,11,0,11
496,9,1,10
2546,3,2,5
7633,2,7,9
6147,5,3,8
2117,7,4,11
6055,4,7,11
6123,4,15,19
7100,6,9,15
2013,8,1,9
358,8,0,8
442,10,1,11
5529,3,4,7
1338,10,2,12
5610,7,4,11
523,15,0,15
7702,4,9,13
2615,6,2,8
1161,9,2,11
1195,9,2,11
6282,3,2,5
4501,7,5,12
5812,7,3,10
6627,6,9,15
849,11,2,13
965,11,2,13
361,9,0,9
5448,8,8,16
1508,8,1,9
1732,10,1,11
2141,6,3,9
3224,9,3,12
8311,2,11,13
6684,5,4,9
8989,2,8,10
9920,0,10,10
362,13,0,13
1680,8,5,13
3259,6,1,7
7932,1,8,9
9424,0,13,13
4337,7,4,11
377,7,1,8
1173,3,1,4
1476,11,4,15
4061,6,4,10
3540,6,2,8
4853,5,7,12
365,11,0,11
530,7,1,8
5617,4,8,12
2208,5,4,9
2417,7,5,12
7504,3,12,15
4666,4,5,9
9753,0,10,10
8624,2,10,12
3537,7,4,11
2062,14,4,18
2103,11,3,14
7190,4,10,14
3301,9,3,12
8388,0,10,10
786,13,1,14
3242,7,4,11
9542,1,10,11
457,8,1,9
5544,4,12,16
1701,9,1,10
3358,7,5,12
4590,5,3,8
5656,3,4,7
569,12,1,13
7351,5,6,11
7653,3,7,10
8131,4,6,10
3044,16,5,21
8648,1,8,9
3561,5,2,7
1313,5,2,7
5867,4,10,14
6369,4,5,9
7501,1,9,10
9610,0,11,11
4523,6,3,9
2562,11,4,15
7649,8,8,16
4931,8,5,13
6192,4,7,11
371,10,0,10
5458,6,5,11
2272,9,1,10
3599,7,5,12
4596,6,8,14
9683,0,5,5
7197,2,12,14
7656,7,9,16
372,10,0,10
5459,13,6,19
5566,9,5,14
479,9,0,9
5876,4,11,15
7300,5,8,13
9330,1,7,8
4243,7,1,8
1487,4,3,7
2844,11,5,16
7931,5,12,17
3733,6,3,9
8820,2,8,10
5001,5,5,10
5927,9,8,17
6498,2,12,14
8853,1,6,7
9493,1,8,9
4406,4,4,8
374,11,0,11
2980,9,4,13
3229,7,6,13
9700,0,12,12
9813,0,13,13
894,13,2,15
6714,8,13,21
7317,2,9,11
8937,1,9,10
376,4,0,4
5947,4,5,9
860,5,1,6
6814,2,8,10
1727,9,1,10
8797,5,10,15
1146,9,3,12
1222,5,4,9
6309,3,2,5
4999,3,6,9
7950,3,14,17
378,4,0,4
2491,6,3,9
3857,4,2,6
379,9,0,9
8595,2,8,10
9874,0,10,10
9947,0,16,16
1735,8,3,11
8225,4,7,11
382,11,0,11
1000,11,1,12
1710,4,2,6
6606,3,9,12
6655,2,9,11
7298,2,6,8
7693,4,8,12
8450,2,11,13
3363,8,1,9
383,13,0,13
2296,10,8,18
2847,6,3,9
5961,6,4,10
6707,3,16,19
8986,2,13,15
384,7,0,7
1534,9,1,10
3373,6,4,10
8460,1,7,8
385,9,0,9
3767,9,4,13
4608,5,8,13
8994,1,4,5
9423,1,11,12
9586,0,7,7
386,12,0,12
4715,6,7,13
4813,5,6,11
8449,3,5,8
8739,3,8,11
1103,7,1,8
6190,4,11,15
3910,6,6,12
8488,0,10,10
9724,0,6,6
388,8,0,8
5475,4,3,7
755,6,2,8
9526,0,6,6
4001,6,3,9
5913,7,6,13
826,4,1,5
6071,1,6,7
6153,3,9,12
1066,11,2,13
6669,8,5,13
1582,7,2,9
7764,5,8,13
7939,5,4,9
2852,4,7,11
9745,1,13,14
4658,3,6,9
390,20,0,20
656,9,2,11
5743,4,5,9
1790,7,3,10
2735,4,4,8
7822,0,9,9
2896,6,5,11
3213,6,2,8
4083,5,5,10
9170,0,10,10
4361,6,5,11
9448,0,12,12
5886,7,8,15
5959,2,7,9
6095,3,7,10
1008,12,2,14
6275,3,10,13
9119,1,12,13
9768,0,8,8
9976,0,6,6
8721,0,6,6
9715,0,10,10
392,9,0,9
1375,9,2,11
6462,2,8,10
4874,8,6,14
2757,6,3,9
3136,10,2,12
8223,3,8,11
4794,3,6,9
9881,0,9,9
6054,3,11,14
6994,1,9,10
1907,14,4,18
8301,1,13,14
9908,0,9,9
918,6,1,7
1081,4,1,5
4249,6,3,9
6164,8,15,23
8973,1,5,6
9895,0,6,6
395,8,0,8
5482,5,7,12
1104,10,1,11
5922,4,8,12
835,10,1,11
9997,0,9,9
396,7,0,7
2242,5,1,6
7681,1,3,4
8292,1,9,10
9128,0,9,9
4041,5,3,8
1124,8,1,9
3089,10,3,13
3694,6,4,10
7796,6,8,14
8299,1,18,19
8744,0,7,7
8757,1,8,9
884,6,1,7
1119,5,1,6
6118,4,10,14
9995,0,13,13
2723,6,3,9
4861,4,10,14
9948,0,7,7
5682,3,3,6
595,6,0,6
6440,4,5,9
4405,6,10,16
4438,8,3,11
8245,2,10,12
8428,1,11,12
8478,0,6,6
3391,5,1,6
8672,3,7,10
2130,4,3,7
7217,4,7,11
2468,13,1,14
7555,1,8,9
5497,2,7,9
410,12,0,12
8515,2,6,8
3428,5,3,8
1631,4,1,5
2922,9,5,14
1678,7,2,9
2894,6,6,12
4555,4,6,10
6299,2,3,5
7497,0,6,6
405,7,0,7
1795,8,2,10
4724,7,5,12
7277,1,10,11
8558,1,12,13
9439,1,12,13
568,4,1,5
5655,8,5,13
1690,7,2,9
4374,6,6,12
4694,1,10,11
4854,7,7,14
5641,3,5,8
554,8,0,8
407,17,0,17
462,7,2,9
2561,12,2,14
3618,6,4,10
8705,0,4,4
4229,5,5,10
5642,3,5,8
555,7,0,7
6193,6,9,15
1106,6,2,8
7082,2,6,8
408,12,0,12
1505,6,2,8
6902,3,6,9
6920,0,8,8
9327,1,13,14
409,11,0,11
3066,7,3,10
4068,6,5,11
4503,4,5,9
4924,2,5,7
8241,3,13,16
2163,12,1,13
2965,9,5,14
9361,0,7,7
2986,3,5,8
3788,10,8,18
8501,1,12,13
8979,1,10,11
9202,1,10,11
1872,9,1,10
4271,8,6,14
413,5,0,5
8693,0,15,15
414,5,0,5
7115,5,5,10
1632,9,4,13
2002,3,4,7
2169,6,3,9
4535,4,3,7
9622,0,12,12
5796,2,7,9
709,11,1,12
9233,1,3,4
582,10,1,11
3451,6,3,9
8538,2,7,9
3889,6,3,9
540,6,1,7
2944,9,4,13
7963,3,5,8
8160,2,9,11
418,12,0,12
2126,10,2,12
3867,6,8,14
8429,1,11,12
9373,1,11,12
419,13,0,13
604,6,1,7
1443,5,3,8
1570,6,1,7
3436,6,2,8
8271,4,8,12
1283,10,1,11
6370,4,7,11
7859,4,5,9
7926,4,8,12
2712,8,5,13
3285,7,4,11
4380,9,9,18
1659,13,1,14
1998,5,3,8
3006,9,5,14
8093,0,5,5
4050,6,5,11
9137,0,4,4
4609,5,5,10
6176,3,6,9
1089,5,1,6
9545,0,7,7
2686,15,3,18
4385,2,7,9
2885,5,4,9
3287,4,5,9
3805,6,6,12
8892,1,7,8
5024,9,5,14
5861,7,5,12
425,9,0,9
1187,7,2,9
4382,8,6,14
9469,0,12,12
6637,6,10,16
426,8,0,8
5513,1,8,9
863,12,1,13
5809,2,8,10
7988,1,4,5
4647,6,5,11
3447,8,2,10
9483,0,14,14
4396,3,6,9
1365,10,3,13
2212,8,3,11
7299,2,8,10
2537,15,2,17
5564,8,10,18
477,4,0,4
9006,0,13,13
1065,9,1,10
2866,7,3,10
9073,0,11,11
431,9,0,9
6917,5,4,9
1830,5,1,6
8557,3,8,11
9842,0,16,16
4755,6,3,9
432,10,0,10
791,9,1,10
825,7,4,11
1671,10,2,12
4413,4,6,10
7879,4,5,9
433,3,0,3
2745,11,3,14
7832,3,6,9
3940,3,2,5
434,5,0,5
2458,6,2,8
7545,1,4,5
5838,3,6,9
435,18,0,18
2682,7,4,11
4171,2,8,10
9258,0,11,11
4563,7,1,8
6320,3,1,4
7891,3,7,10
8765,1,13,14
436,9,0,9
1980,7,3,10
4992,4,6,10
7589,1,11,12
7710,2,8,10
8474,1,8,9
9090,1,14,15
4003,3,6,9
437,7,0,7
5524,2,9,11
492,7,1,8
1452,11,2,13
2865,8,1,9
7945,1,6,7
8025,2,8,10
2099,8,4,12
7536,3,14,17
8879,2,4,6
9829,0,10,10
2041,6,2,8
7128,3,8,11
2046,1,3,4
4219,8,4,12
7173,4,5,9
9023,0,9,9
3936,7,4,11
1692,12,2,14
3796,4,2,6
7407,2,10,12
2320,9,3,12
1677,11,3,14
2530,5,1,6
7617,3,8,11
6300,4,6,10
1213,11,1,12
1010,6,2,8
3688,4,1,5
8154,0,10,10
443,8,0,8
2476,11,4,15
7563,0,9,9
3567,5,2,7
8654,2,11,13
5741,7,8,15
654,10,1,11
7949,3,13,16
4465,4,5,9
2687,6,2,8
3095,10,2,12
5004,2,3,5
5007,7,5,12
9101,0,7,7
9433,1,7,8
4346,6,6,12
3046,7,5,12
8133,5,9,14
5632,5,6,11
545,11,0,11
7403,3,7,10
447,19,0,19
505,4,1,5
3160,8,3,11
7450,3,9,12
448,11,0,11
2864,12,4,16
2892,8,9,17
7979,6,5,11
2988,5,2,7
7007,4,9,13
7294,1,9,10
2207,17,5,22
3906,4,3,7
6893,2,10,12
1806,13,2,15
2383,4,4,8
7470,2,6,8
4704,2,4,6
2789,10,2,12
5057,4,4,8
9296,1,13,14
4209,8,6,14
1486,7,1,8
4300,4,6,10
9991,0,6,6
1842,3,2,5
3880,3,7,10
5753,2,7,9
666,5,1,6
6774,3,7,10
7827,1,14,15
7491,6,5,11
9126,2,10,12
4039,10,3,13
9607,1,8,9
4520,3,6,9
1784,6,1,7
7454,1,9,10
2367,6,3,9
456,11,0,11
1130,3,1,4
1599,6,3,9
2733,9,1,10
3477,7,4,11
5760,8,5,13
6642,5,6,11
8680,3,12,15
3435,6,6,12
4858,5,4,9
8338,2,6,8
3251,8,4,12
8957,3,9,12
9291,1,9,10
459,2,0,2
4440,4,3,7
7573,2,7,9
2486,8,4,12
460,15,0,15
2440,4,2,6
4124,7,3,10
5904,4,5,9
6070,7,6,13
8226,1,13,14
8475,3,5,8
3388,4,2,6
461,7,0,7
979,9,1,10
2785,7,3,10
3440,1,3,4
8527,2,15,17
7476,1,3,4
7779,4,5,9
463,14,0,14
576,4,1,5
1329,8,2,10
2642,5,3,8
3411,5,4,9
7751,2,9,11
8214,3,9,12
8925,1,9,10
5934,7,9,16
9994,0,12,12
465,7,0,7
9536,2,13,15
466,7,0,7
3260,9,3,12
1741,8,2,10
5570,3,7,10
483,15,0,15
6166,2,9,11
9188,2,15,17
4431,6,1,7
9518,1,11,12
7477,3,11,14
8636,1,7,8
9385,0,8,8
4298,11,4,15
469,14,0,14
5556,3,14,17
3204,9,4,13
4153,5,10,15
4740,7,1,8
4824,6,6,12
5073,8,13,21
5832,2,5,7
6371,1,3,4
7275,7,7,14
7557,5,5,10
470,12,0,12
5557,6,7,13
9268,1,10,11
9663,2,9,11
471,15,0,15
1002,12,2,14
1075,8,1,9
2843,7,1,8
3980,7,6,13
7748,4,5,9
8695,0,9,9
3608,13,6,19
730,9,1,10
1325,9,2,11
3404,3,5,8
3459,4,5,9
6789,3,11,14
7060,4,8,12
7449,1,6,7
7752,7,4,11
2665,10,2,12
9723,0,15,15
473,9,0,9
5560,2,5,7
3088,11,4,15
8175,0,5,5
7048,2,7,9
7156,0,5,5
7755,1,11,12
2370,6,2,8
3061,10,5,15
8148,2,6,8
8083,1,10,11
475,9,0,9
6338,2,11,13
6545,3,5,8
6559,2,5,7
8845,2,5,7
2422,9,1,10
6496,4,7,11
8837,2,7,9
3750,4,3,7
9608,0,11,11
4521,5,7,12
478,5,0,5
9956,0,15,15
3755,10,1,11
7564,2,6,8
8351,1,10,11
3264,9,3,12
9136,0,6,6
858,6,2,8
7819,1,8,9
1368,6,1,7
3680,6,4,10
4035,5,8,13
9256,2,6,8
2199,6,2,8
8512,0,10,10
2543,9,4,13
7630,4,8,12
3579,3,4,7
5660,5,5,10
573,12,0,12
7538,1,5,6
4817,7,5,12
8465,2,9,11
485,11,0,11
2001,8,1,9
8230,0,8,8
486,5,0,5
1166,9,3,12
4084,10,7,17
9171,1,9,10
9742,0,11,11
487,7,0,7
1897,2,6,8
3700,5,2,7
4729,8,7,15
1870,7,2,9
9596,1,7,8
1799,8,2,10
6886,0,4,4
6745,3,10,13
9165,0,10,10
4078,6,2,8
9755,0,11,11
2487,4,1,5
7574,1,8,9
6706,4,7,11
6730,0,8,8
7730,2,9,11
1660,14,1,15
2966,11,2,13
8053,0,9,9
5077,1,6,7
5633,5,8,13
546,12,0,12
494,14,0,14
2307,13,1,14
2361,10,2,12
7448,3,7,10
4905,6,5,11
6504,3,8,11
6683,2,3,5
7441,2,9,11
8261,4,4,8
9925,0,10,10
4838,3,8,11
9934,0,15,15
495,11,0,11
1623,4,1,5
4148,5,8,13
8719,0,13,13
2102,6,2,8
2698,4,4,8
4017,8,4,12
6060,4,10,14
6615,2,10,12
8938,1,11,12
570,9,1,10
3577,6,5,11
8664,0,9,9
5887,5,7,12
8631,1,9,10
498,8,0,8
2299,9,5,14
3368,11,4,15
3674,12,6,18
9075,1,10,11
1963,11,3,14
2992,2,1,3
6561,1,7,8
6848,3,8,11
500,10,0,10
1029,9,1,10
3238,6,6,12
4178,6,5,11
6314,3,5,8
9800,1,8,9
3397,8,3,11
3819,6,3,9
5719,3,7,10
632,14,0,14
1577,13,2,15
1927,11,2,13
3055,8,3,11
9175,1,5,6
9665,0,3,3
1463,9,1,10
6646,1,8,9
1908,4,3,7
4592,8,4,12
9679,0,7,7
7139,2,8,10
7833,2,14,16
506,10,0,10
3863,11,6,17
6061,3,4,7
974,4,1,5
8980,0,11,11
9790,0,10,10
4962,3,4,7
8483,4,9,13
9065,1,10,11
1574,7,1,8
9560,0,9,9
802,7,1,8
4326,2,9,11
4987,7,6,13
5846,4,3,7
9832,0,11,11
510,7,0,7
1051,10,1,11
2488,11,2,13
4167,4,8,12
6150,2,6,8
7621,3,4,7
8921,0,9,9
9716,0,8,8
7496,3,7,10
513,9,0,9
765,9,1,10
1176,7,2,9
6263,0,5,5
1645,10,1,11
9024,0,6,6
957,11,1,12
4448,8,5,13
4893,8,6,14
7045,2,6,8
515,9,0,9
5602,5,5,10
2555,7,3,10
6317,6,3,9
1230,7,1,8
7549,1,7,8
516,5,0,5
2173,12,3,15
4714,2,6,8
8962,1,13,14
1150,10,4,14
6298,4,8,12
7400,3,9,12
6850,5,10,15
8579,1,6,7
3492,10,3,13
9459,0,14,14
1334,13,3,16
6421,3,6,9
1859,12,1,13
1865,14,4,18
2754,11,2,13
4269,7,5,12
520,13,0,13
1387,12,2,14
4176,6,4,10
6020,8,6,14
7411,1,10,11
2324,6,2,8
8562,3,4,7
8714,3,13,16
664,10,1,11
1433,9,2,11
8606,1,13,14
9830,1,9,10
2624,3,4,7
6921,3,8,11
7565,4,8,12
2658,17,4,21
2982,5,3,8
3041,8,2,10
4351,4,5,9
524,6,0,6
5611,2,1,3
618,8,1,9
3764,3,5,8
4626,3,4,7
4902,5,5,10
6908,3,11,14
981,12,1,13
2312,7,3,10
3915,4,3,7
6290,3,7,10
9131,1,9,10
4044,8,4,12
527,11,0,11
3192,7,4,11
8279,3,7,10
6771,3,5,8
7252,2,3,5
7431,3,4,7
7539,1,11,12
8646,1,6,7
528,11,0,11
5615,7,8,15
2108,7,1,8
2715,6,3,9
7802,2,7,9
4831,3,2,5
6033,5,4,9
529,15,0,15
622,5,1,6
828,14,1,15
1360,10,4,14
7290,0,14,14
531,12,0,12
784,7,1,8
5871,1,9,10
4155,7,2,9
6967,8,5,13
9255,0,4,4
1011,8,2,10
1930,1,2,3
3071,3,3,6
3604,5,6,11
4710,2,4,6
533,10,0,10
819,6,1,7
6560,3,7,10
534,8,0,8
7884,1,8,9
694,13,1,14
2527,12,3,15
3513,5,5,10
4443,3,4,7
7279,2,7,9
9693,0,10,10
4606,5,6,11
5745,4,9,13
6568,4,8,12
2813,7,1,8
2495,10,1,11
3054,5,2,7
3903,15,3,18
7655,1,10,11
4316,6,7,13
4466,9,5,14
9553,0,11,11
5704,3,6,9
617,10,0,10
5948,4,8,12
2602,6,4,10
6129,5,6,11
1170,3,1,4
1919,4,3,7
3002,9,5,14
4823,4,3,7
8841,2,6,8
544,7,0,7
5631,2,7,9
5825,5,8,13
6558,3,7,10
1906,7,3,10
2294,4,1,5
2782,11,2,13
7883,1,4,5
8933,1,15,16
816,8,2,10
4614,8,6,14
4867,6,7,13
7924,2,13,15
8080,3,5,8
8188,2,9,11
8689,5,14,19
3602,8,2,10
5752,5,6,11
665,8,1,9
7783,4,9,13
548,7,0,7
929,8,1,9
2898,7,2,9
3705,5,2,7
9266,2,9,11
935,3,2,5
1261,7,2,9
9021,0,12,12
4977,9,6,15
9452,1,12,13
551,12,0,12
3869,2,2,4
4142,6,5,11
6940,2,7,9
7172,2,9,11
7241,4,5,9
7712,2,9,11
9564,0,8,8
4732,4,7,11
6711,6,6,12
7030,3,7,10
7666,1,7,8
8652,1,12,13
9551,0,8,8
9987,0,13,13
899,11,1,12
881,8,1,9
1999,11,2,13
2055,7,4,11
4943,6,5,11
5773,4,9,13
557,13,0,13
3653,5,3,8
8740,2,6,8
4751,3,5,8
5703,5,3,8
616,5,0,5
558,13,0,13
1028,12,1,13
1442,3,2,5
6529,2,5,7
2023,8,3,11
6725,0,8,8
1638,12,2,14
9218,2,11,13
9129,3,9,12
672,10,1,11
3862,12,3,15
4255,5,6,11
4906,8,3,11
561,7,0,7
9600,0,13,13
562,12,0,12
4705,4,8,12
7223,4,6,10
2136,9,2,11
8004,0,6,6
8091,1,5,6
563,13,0,13
1092,10,1,11
3839,7,3,10
8926,0,6,6
8594,2,10,12
9206,0,9,9
9475,0,12,12
7570,1,6,7
1208,14,2,16
5747,4,5,9
5926,6,8,14
7313,3,7,10
6591,4,6,10
4420,7,8,15
1884,7,2,9
1937,12,2,14
3647,8,5,13
4863,6,3,9
5035,9,6,15
7739,1,8,9
8519,1,6,7
8748,0,10,10
2548,3,5,8
4137,11,6,17
4328,2,5,7
9415,1,8,9
6476,4,13,17
572,9,0,9
583,7,1,8
4136,9,2,11
9478,1,17,18
2438,11,3,14
4899,5,4,9
574,9,0,9
3560,6,4,10
6244,6,5,11
7788,2,11,13
8143,1,11,12
7038,6,3,9
7212,3,5,8
9886,0,4,4
9937,0,9,9
4567,6,4,10
9259,0,11,11
577,11,0,11
7020,6,9,15
9687,0,10,10
578,9,0,9
2645,5,6,11
3321,6,5,11
8408,3,8,11
3630,7,4,11
5785,4,3,7
6004,5,5,10
8710,1,10,11
1207,8,1,9
1332,13,1,14
3166,8,9,17
3322,7,5,12
3456,9,9,18
8741,1,8,9
1034,7,3,10
1260,5,2,7
6181,5,6,11
584,9,0,9
2717,6,3,9
7379,1,4,5
8337,0,8,8
2742,8,2,10
3129,10,4,14
5928,6,7,13
7051,2,7,9
8136,0,11,11
587,8,0,8
4845,8,6,14
588,6,0,6
1957,9,3,12
2961,10,3,13
589,5,0,5
997,5,1,6
2771,9,2,11
590,15,0,15
8659,0,14,14
8662,0,6,6
3575,6,3,9
9047,0,14,14
1798,9,3,12
2648,5,2,7
2680,13,1,14
3125,3,4,7
6786,4,10,14
9194,1,12,13
3198,10,5,15
8285,1,8,9
6544,2,6,8
7660,1,7,8
593,12,0,12
871,9,1,10
1475,10,1,11
4852,6,6,12
8632,1,12,13
594,5,0,5
8008,1,8,9
8406,0,7,7
3319,5,3,8
1663,6,1,7
6652,2,8,10
1565,10,2,12
1084,11,2,13
1778,4,1,5
2484,8,1,9
3087,6,1,7
8433,1,10,11
597,11,0,11
4126,5,6,11
4815,2,6,8
7667,5,9,14
598,5,0,5
8217,2,8,10
2037,9,1,10
4942,4,6,10
8006,3,11,14
600,11,0,11
4095,2,4,6
8821,0,5,5
2233,11,2,13
4123,11,5,16
6826,3,7,10
4164,9,6,15
8776,1,7,8
9999,0,12,12
605,17,0,17
4364,8,3,11
6035,4,6,10
606,7,0,7
1772,5,5,10
2972,5,3,8
4325,6,3,9
7127,6,12,18
7483,3,9,12
7889,5,6,11
1396,10,2,12
4526,5,4,9
5015,6,9,15
8016,3,8,11
8736,2,7,9
688,8,1,9
7140,4,10,14
8181,2,6,8
8438,1,6,7
8909,2,9,11
611,9,0,9
5698,3,2,5
3921,11,2,13
5935,9,5,14
9618,0,7,7
2400,5,3,8
3323,6,2,8
3821,7,6,13
3878,6,4,10
6708,1,5,6
2177,6,2,8
3392,8,7,15
1718,12,3,15
3140,4,3,7
4486,4,4,8
7234,0,8,8
2147,11,5,16
7740,3,10,13
619,9,0,9
2505,6,1,7
6145,2,8,10
8532,3,8,11
8608,4,13,17
9232,0,7,7
8865,1,10,11
2753,5,2,7
964,13,1,14
2716,6,4,10
4998,6,7,13
7986,2,6,8
4953,6,7,13
4978,5,7,12
6643,6,11,17
6339,4,6,10
3262,6,3,9
7061,7,5,12
1020,6,1,7
4969,5,5,10
9329,1,10,11
8685,2,7,9
9620,0,8,8
9949,0,13,13
3377,5,1,6
3403,2,3,5
4586,6,4,10
7506,3,8,11
9840,0,11,11
1296,5,3,8
634,6,0,6
1303,7,1,8
2327,7,1,8
4949,9,2,11
8005,0,13,13
7385,2,3,5
4350,6,3,9
7831,3,7,10
3228,7,4,11
638,14,0,14
766,11,1,12
3196,4,5,9
1856,6,3,9
2309,6,5,11
4818,3,3,6
5847,5,7,12
640,11,0,11
2297,9,3,12
2791,7,4,11
5071,6,2,8
8313,5,8,13
8803,0,11,11
8924,1,12,13
641,7,0,7
6806,6,8,14
642,10,0,10
8045,2,8,10
9337,0,12,12
643,9,0,9
1817,6,2,8
4995,3,6,9
5003,5,4,9
9187,0,5,5
1186,5,1,6
8190,2,10,12
646,12,0,12
