Node,Hub,Authority
10000,0.0000172573,0.0000000000
29991,0.0000000000,0.0000000000
1,0.0000000000,0.9566190420
2,0.0577872991,0.0363489860
3,0.0577872991,0.1631454199
4,0.0577872991,0.0000000000
5,0.0698383271,0.0452254997
6,0.0698383271,0.1123438974
7,0.0673057275,0.0853386050
8,0.0698383271,0.0329881236
9,0.0703745382,0.0239083116
12,0.0697288739,0.0359372689
16,0.0635396052,0.0051791363
17,0.0651133138,0.0132546819
26,0.0646934830,0.0224541972
28,0.0656743959,0.0061321202
30,0.0665664939,0.0069295547
40,0.0602099917,0.0002762404
42,0.0642190597,0.0098529279
65,0.0696476628,0.0211681218
67,0.0727976847,0.0056870309
68,0.0605692241,0.0084314139
69,0.0627141629,0.0006733386
75,0.0585880445,0.0062094056
76,0.0628255843,0.0017209439
84,0.0624124942,0.0004960889
105,0.0642788388,0.0047794098
107,0.0687122911,0.0045829355
108,0.0685827442,0.0062216648
115,0.0590791588,0.0010942018
116,0.0585313460,0.0048554502
118,0.0592972976,0.0021049270
121,0.0589610115,0.0001863004
133,0.0590796452,0.0006649625
149,0.0604534264,0.0010615982
152,0.0590460746,0.0066144023
176,0.0630537024,0.0001364107
180,0.0587084527,0.0050454287
206,0.0589424493,0.0011148003
208,0.0587319772,0.0021341212
214,0.0608758058,0.0013940313
218,0.0683358925,0.0009866667
233,0.0591725864,0.0000826831
234,0.0600374955,0.0045957335
244,0.0634954123,0.0017525478
255,0.0587088685,0.0003286021
276,0.0586307446,0.0004605982
285,0.0584492053,0.0004301919
286,0.0601267792,0.0002192567
288,0.0588027352,0.0001468352
290,0.0586265415,0.0003821812
303,0.0624586983,0.0011587096
312,0.0585736079,0.0001821612
314,0.0679529374,0.0004416683
344,0.0591210664,0.0005418718
359,0.0602227465,0.0002407317
402,0.0599832690,0.0002770515
405,0.0667446455,0.0000000179
407,0.0591436992,0.0002840186
460,0.0586736565,0.0001755646
488,0.0621356190,0.0037768773
544,0.0603875930,0.0000762376
561,0.0586020046,0.0001004583
578,0.0604356419,0.0003484927
633,0.0589053748,0.0000615041
659,0.0584962037,0.0000571811
664,0.0591860268,0.0005690497
681,0.0586586686,0.0002749573
746,0.0681428991,0.0002191128
760,0.0584342567,0.0004586742
779,0.0586017703,0.0000860970
803,0.0697288739,0.0002447153
809,0.0583487356,0.0000478786
819,0.0583909990,0.0001051324
843,0.0607381204,0.0000922560
847,0.0586070621,0.0000518342
858,0.0599460076,0.0000008281
876,0.0586823775,0.0000817677
884,0.0588130293,0.0000169541
901,0.0587001924,0.0000882633
904,0.0602130727,0.0006793680
923,0.0603494388,0.0009138827
948,0.0602316146,0.0000000000
1000,0.0584574289,0.0037464417
1002,0.0589702782,0.0009093958
1027,0.0602136418,0.0000185091
1056,0.0592129266,0.0002551751
1072,0.0592001922,0.0000946072
1073,0.0650764386,0.0000353023
1099,0.0592072960,0.0000257877
1104,0.0622528593,0.0007371004
1190,0.0587890898,0.0009107013
1236,0.0587849926,0.0000526831
1261,0.0583889688,0.0003318006
1274,0.0583539153,0.0036826178
1287,0.0585713603,0.0000021384
1310,0.0594398099,0.0000703197
1321,0.0601273844,0.0000084627
1330,0.0590404422,0.0004732187
1341,0.0582565169,0.0000196939
1392,0.0583627201,0.0001232221
1428,0.0586398012,0.0000051186
1429,0.0586193492,0.0002494300
1475,0.0583066840,0.0000560163
1604,0.0585773077,0.0001687461
1665,0.0593743869,0.0010185697
1700,0.0584926548,0.0001435965
1709,0.0587204930,0.0006000188
1716,0.0607537998,0.0004245024
1728,0.0590435786,0.0000970902
1742,0.0583203140,0.0000000000
1750,0.0586178834,0.0001444577
1762,0.0600195684,0.0006075598
1808,0.0583947429,0.0002327797
1821,0.0605088102,0.0008394818
1832,0.0583282655,0.0000001068
1855,0.0587799365,0.0007612069
1866,0.0678986723,0.0001427981
1938,0.0587228088,0.0000047225
1949,0.0584412494,0.0035875421
1970,0.0594454163,0.0000444566
1984,0.0585310086,0.0001443219
1995,0.0582787755,0.0000551193
2001,0.0583704224,0.0001313022
2008,0.0589203756,0.0001605960
2035,0.0582337550,0.0000493318
2042,0.0592678086,0.0009341558
2055,0.0584537610,0.0000000000
2119,0.0586590021,0.0002022609
2126,0.0582749908,0.0002813319
2154,0.0598247700,0.0000000000
2241,0.0582636285,0.0004291108
2274,0.0589615679,0.0000378109
2284,0.0583468443,0.0001143425
2361,0.0582251720,0.0006218632
2374,0.0585803708,0.0001634850
2484,0.0582678611,0.0002452041
2485,0.0585299615,0.0000422221
2554,0.0602717871,0.0001343162
2583,0.0582238172,0.0000039974
2677,0.0583173733,0.0003347296
2750,0.0585270850,0.0001494150
2755,0.0584106437,0.0000246553
2774,0.0582306878,0.0002482069
2822,0.0587217630,0.0001377866
2850,0.0587580967,0.0000000027
2944,0.0681693258,0.0000014038
2997,0.0653967227,0.0036227706
2999,0.0582491986,0.0000176671
3018,0.0582279846,0.0002168228
3037,0.0585288141,0.0004656485
3055,0.0582789510,0.0000090392
3072,0.0582204093,0.0000000000
3111,0.0582366934,0.0000657116
3118,0.0585829074,0.0000087848
3148,0.0594441418,0.0000000000
3152,0.0585695151,0.0004542670
3164,0.0582488644,0.0000101326
3191,0.0582893943,0.0000080229
3192,0.0582849917,0.0000000000
3207,0.0584556674,0.0000000000
3244,0.0582209612,0.0000264268
3297,0.0582146143,0.0000000906
3347,0.0582286714,0.0000000000
3363,0.0584929696,0.0000024637
3499,0.0582477043,0.0000269350
3531,0.0582276988,0.0001155276
3683,0.0585855133,0.0000020815
3823,0.0582223686,0.0000714188
3831,0.0585154566,0.0002182671
3845,0.0582564241,0.0000001432
3864,0.0582871272,0.0000208593
3902,0.0587126200,0.0000914761
3934,0.0594484827,0.0000215238
4061,0.0586059910,0.0000070361
4071,0.0584367184,0.0001512174
4371,0.0582710435,0.0000027070
4372,0.0585370175,0.0000196192
4387,0.0582611923,0.0000000000
4395,0.0582579837,0.0000000000
4498,0.0582741241,0.0000489895
4647,0.0589179052,0.0000000000
4680,0.0584459936,0.0000000551
4703,0.0582222172,0.0000013457
4724,0.0596612140,0.0000008035
4754,0.0582251285,0.0000020327
4800,0.0582846129,0.0001117448
4805,0.0590878618,0.0000088231
4858,0.0589697063,0.0000164673
4887,0.0585840927,0.0000000000
4971,0.0585770817,0.0000000000
5046,0.0582232542,0.0000301848
5108,0.0582702395,0.0000000000
5169,0.0587499986,0.0000000000
5182,0.0582982422,0.0000000000
5207,0.0586463388,0.0000085191
5307,0.0582563025,0.0000008346
5458,0.0591083291,0.0000000000
5464,0.0621905329,0.0002540308
5478,0.0582640799,0.0000000000
5488,0.0582265788,0.0000000000
5656,0.0583054736,0.0000572248
5705,0.0582141742,0.0000075002
5772,0.0582547397,0.0000353869
5958,0.0585889297,0.0000000000
6025,0.0582489466,0.0001335472
6173,0.0583944801,0.0000344314
6264,0.0582882618,0.0000017791
6361,0.0582231559,0.0000004588
6413,0.0583032772,0.0000017805
6424,0.0582269373,0.0000000000
6460,0.0583725747,0.0000900079
6536,0.0583683781,0.0000000000
6537,0.0582174058,0.0000000000
6603,0.0589188089,0.0000000000
6664,0.0586374200,0.0000000000
7085,0.0582405936,0.0000000000
7120,0.0584359169,0.0000011024
7246,0.0582369916,0.0000024321
7303,0.0591380017,0.0000041814
7350,0.0582235025,0.0000022133
7364,0.0582329677,0.0000014719
7369,0.0592862118,0.0000643687
7382,0.0582521427,0.0000002727
7451,0.0582930299,0.0000000000
7476,0.0585982140,0.0000000000
7482,0.0582273256,0.0000136007
7491,0.0585842445,0.0000000000
7582,0.0582187998,0.0000000000
7590,0.0582358953,0.0000000000
7602,0.0582197964,0.0000000000
7616,0.0585955871,0.0000000000
7640,0.0582459720,0.0000015958
7690,0.0582228718,0.0000000000
7713,0.0585201010,0.0000000000
7826,0.0582597333,0.0000000000
7880,0.0590734714,0.0000000000
7916,0.0585797982,0.0000000000
8017,0.0582596910,0.0000000000
8033,0.0583219817,0.0000879170
8040,0.0582545146,0.0000000000
8234,0.0586211565,0.0000008005
8282,0.0582406246,0.0000026876
8297,0.0582182041,0.0000000000
8335,0.0582577293,0.0000000000
8349,0.0588650925,0.0000000000
8638,0.0582762770,0.0000000000
8723,0.0583437430,0.0000000000
8735,0.0582833042,0.0000000000
8788,0.0582121438,0.0000000000
8795,0.0592037962,0.0000000000
9027,0.0582140793,0.0000000000
9095,0.0582756500,0.0000000000
9109,0.0582121438,0.0000000000
9111,0.0582178875,0.0000000000
9151,0.0591445789,0.0000000000
9283,0.0582190332,0.0000160087
9305,0.0678903021,0.0000000000
9312,0.0602027495,0.0000000000
9421,0.0582268991,0.0000000000
9551,0.0582379210,0.0000000000
9753,0.0582558345,0.0000001077
9757,0.0582650981,0.0000000000
9840,0.0582412264,0.0000000000
9841,0.0582288862,0.0000000000
9964,0.0600113868,0.0000000000
9969,0.0594206309,0.0000000000
9988,0.0588532462,0.0000000000
10,0.0063719889,0.0691004363
11,0.0109749589,0.0295553414
19,0.0138364027,0.0297651812
20,0.0050166031,0.0142488202
25,0.0070986324,0.0004645049
31,0.0045207664,0.0231742094
38,0.0045207664,0.0090647256
79,0.0038780733,0.0014222235
92,0.0040696790,0.0074290902
102,0.0051595100,0.0004319354
111,0.0034150504,0.0004387000
112,0.0043352254,0.0089629009
249,0.0026813393,0.0003382146
326,0.0028184216,0.0011901779
339,0.0045292078,0.0007441753
522,0.0023473031,0.0007388474
537,0.0030295325,0.0000093196
620,0.0025243620,0.0042304840
698,0.0028471548,0.0005635281
730,0.0090371942,0.0006564473
782,0.0122946880,0.0002692726
1062,0.0044968419,0.0000706965
1132,0.0023423887,0.0000203948
1501,0.0044325877,0.0003428638
1546,0.0039962857,0.0001560117
1876,0.0022526279,0.0002257030
1905,0.0022148510,0.0000818317
1924,0.0024532922,0.0000323414
2174,0.0022399845,0.0001407934
2730,0.0024340211,0.0002372490
2763,0.0079762358,0.0000203599
2873,0.0022716235,0.0000033335
3469,0.0025417604,0.0000415308
4400,0.0022152271,0.0000000000
5143,0.0024678662,0.0000190542
5385,0.0031346088,0.0000185581
5962,0.0024981875,0.0000000000
6265,0.0030695894,0.0000000000
6626,0.0041058555,0.0001073837
6661,0.0023015590,0.0000051664
6870,0.0022132266,0.0000028205
6873,0.0022303199,0.0000000000
6947,0.0022119071,0.0000000000
7235,0.0022165062,0.0000000000
7340,0.0022838635,0.0000000000
7935,0.0022891637,0.0000000000
8210,0.0040160161,0.0000000000
8516,0.0030687410,0.0000024529
8754,0.0022573517,0.0000000000
8825,0.0024711728,0.0000000000
9042,0.0024978925,0.0000000000
9422,0.0022923355,0.0000000000
9670,0.0022325612,0.0000000000
9820,0.0022305240,0.0000000000
9970,0.0023174926,0.0000000000
13,0.0217968388,0.0622363570
15,0.0193736924,0.0169313839
21,0.0164546353,0.0103521333
56,0.0139871433,0.0052929303
57,0.0104664046,0.0007473111
64,0.0175224699,0.0124595565
66,0.0114950391,0.0109081996
73,0.0170603167,0.0061841808
135,0.0119354856,0.0064767514
141,0.0100042456,0.0109817974
182,0.0136460562,0.0046076771
183,0.0170904926,0.0058394841
186,0.0157152364,0.0000792123
189,0.0121887077,0.0007683125
194,0.0217968388,0.0007200508
198,0.0138037783,0.0005357660
210,0.0107089840,0.0001608767
217,0.0124866060,0.0045030980
221,0.0113628511,0.0008124326
250,0.0168521295,0.0019763054
254,0.0121248508,0.0006194901
275,0.0125379729,0.0048181899
313,0.0111205620,0.0010117163
342,0.0110918227,0.0001227679
367,0.0101735549,0.0004713383
418,0.0103294984,0.0005768129
465,0.0101763471,0.0037598392
485,0.0100822976,0.0006108637
495,0.0100997586,0.0004301028
514,0.0104054470,0.0048542905
528,0.0167330951,0.0000176888
571,0.0101630498,0.0006930419
602,0.0127008880,0.0044398076
618,0.0102585788,0.0001352455
655,0.0100127193,0.0000494081
772,0.0168567053,0.0000478734
820,0.0104917721,0.0001175141
866,0.0123965853,0.0007429418
947,0.0104463083,0.0000315683
1024,0.0104077852,0.0002028415
1055,0.0099709936,0.0000246911
1081,0.0099656717,0.0005356163
1091,0.0099705189,0.0035591576
1151,0.0099481588,0.0000557269
1185,0.0099645856,0.0041055422
1203,0.0118333767,0.0001462647
1355,0.0102263360,0.0000817163
1454,0.0137450218,0.0003860091
1525,0.0100800602,0.0003131934
1616,0.0099640432,0.0000000000
1712,0.0100223844,0.0000371672
1753,0.0101976275,0.0000045292
1825,0.0104226402,0.0000764435
1962,0.0119702470,0.0002090075
2003,0.0104643498,0.0000272876
2004,0.0101722802,0.0000884441
2018,0.0099999101,0.0000540241
2033,0.0112700833,0.0000005503
2122,0.0111883987,0.0001754590
2224,0.0123017876,0.0001623523
2230,0.0104171855,0.0000080094
2258,0.0110342114,0.0000557667
2355,0.0102265813,0.0000864700
2377,0.0102840382,0.0000553732
2391,0.0104146092,0.0000899471
2395,0.0102238792,0.0000167888
2396,0.0101577340,0.0000020430
2426,0.0105666381,0.0001094153
2475,0.0110089881,0.0000003067
2544,0.0099381695,0.0001121308
2587,0.0113413547,0.0000442599
2729,0.0107337264,0.0000000000
2779,0.0099340242,0.0000231525
2827,0.0102751466,0.0000000900
2837,0.0099952113,0.0001322702
2911,0.0099797487,0.0000000000
3060,0.0109935054,0.0000538057
3075,0.0099623217,0.0001712628
3096,0.0099298750,0.0000069762
3146,0.0106028612,0.0000740526
3157,0.0110034083,0.0003773461
3183,0.0099632580,0.0000000000
3263,0.0101424080,0.0000010876
3321,0.0099820876,0.0000000643
3335,0.0099635283,0.0000194589
3383,0.0099759422,0.0000001053
3524,0.0099327705,0.0003052582
3746,0.0102848108,0.0000000000
3781,0.0099703807,0.0000005599
3924,0.0099497362,0.0000047729
4022,0.0105475658,0.0000024470
4035,0.0100042668,0.0000424614
4102,0.0100246254,0.0000000000
4269,0.0106081319,0.0000000000
4408,0.0099335942,0.0000004900
4433,0.0100220060,0.0000518158
4487,0.0099950002,0.0000004065
4741,0.0099583108,0.0000217201
4766,0.0100074874,0.0001633281
5023,0.0104652648,0.0000000000
5140,0.0099754961,0.0000544570
5235,0.0101119312,0.0000056471
5246,0.0099441580,0.0000011297
5394,0.0099500086,0.0000243209
5480,0.0099346049,0.0000000000
5618,0.0104848194,0.0000278550
5697,0.0118913987,0.0000636055
5740,0.0108470243,0.0000000000
5845,0.0099283532,0.0000002957
6035,0.0100171243,0.0000332696
6124,0.0104900671,0.0000167911
6157,0.0103134158,0.0000000000
6177,0.0101744231,0.0000539643
6246,0.0106628803,0.0000002454
6259,0.0104904749,0.0000000000
6285,0.0100177497,0.0000213072
6370,0.0140828180,0.0000000000
6450,0.0100207412,0.0000000000
6543,0.0104226476,0.0000000000
6680,0.0099370045,0.0000000000
6750,0.0102063765,0.0000000000
6798,0.0099419588,0.0000144765
6819,0.0104435117,0.0000000000
6906,0.0117465062,0.0003334982
6928,0.0109193699,0.0000000000
7041,0.0099320080,0.0000000000
7285,0.0099332648,0.0000000000
7311,0.0099563101,0.0000000000
7540,0.0099406271,0.0000000000
7541,0.0099784882,0.0000000000
7647,0.0099367485,0.0000000000
7659,0.0104209705,0.0000000000
7945,0.0099540017,0.0000000000
7947,0.0099309344,0.0000022317
7981,0.0099589483,0.0000000000
7992,0.0099350704,0.0000000000
8071,0.0101922040,0.0000000000
8364,0.0101530238,0.0000000000
8446,0.0099507491,0.0000000000
8566,0.0100307600,0.0000000000
8624,0.0099479957,0.0000000000
8738,0.0099318013,0.0000000000
8966,0.0105987910,0.0000000000
9003,0.0099431209,0.0000000000
9055,0.0101630373,0.0000000000
9161,0.0099373469,0.0000000000
9352,0.0099470775,0.0000000000
9498,0.0099289502,0.0000000000
9529,0.0099293946,0.0000000000
9538,0.0099365474,0.0000000000
9595,0.0107915463,0.0000000000
9656,0.0106270332,0.0000000000
9664,0.0119134352,0.0000000000
9819,0.0110307687,0.0000000000
14,0.0082769143,0.0145801029
29,0.0055326346,0.0014363609
47,0.0136926372,0.0096512956
58,0.0070936983,0.0180803414
82,0.0055060117,0.0114774728
97,0.0041272678,0.0019061602
132,0.0038613075,0.0007414251
140,0.0051005542,0.0065390960
201,0.0066187347,0.0011677376
202,0.0037588789,0.0002271602
235,0.0038481590,0.0004770412
348,0.0049683768,0.0010751897
431,0.0034380923,0.0007348638
523,0.0048233331,0.0003852809
640,0.0031131267,0.0041381533
721,0.0030487682,0.0038186766
769,0.0028022993,0.0001428799
792,0.0028065206,0.0003787405
835,0.0035201851,0.0000013474
844,0.0032647348,0.0000194345
919,0.0029904802,0.0003331574
979,0.0027811744,0.0000217644
1153,0.0027783050,0.0002458678
1199,0.0032460123,0.0036247512
1283,0.0030618471,0.0001556477
1331,0.0028196783,0.0000991149
1418,0.0041160925,0.0000715116
1420,0.0028587656,0.0000665921
1467,0.0028043504,0.0000781068
1661,0.0029294991,0.0006083620
1713,0.0050776063,0.0000365608
1740,0.0033173272,0.0003556272
1863,0.0095600453,0.0000000000
2038,0.0028189948,0.0002467911
2080,0.0039025860,0.0000866788
2096,0.0105574104,0.0000481117
2165,0.0031713044,0.0002361602
2285,0.0030310652,0.0000342495
2466,0.0027750836,0.0002174815
2534,0.0033292599,0.0000109520
2608,0.0027948656,0.0000008682
2635,0.0030304102,0.0000315597
2637,0.0028456429,0.0000973914
2640,0.0040008669,0.0008067789
2654,0.0029510605,0.0000080896
2714,0.0027547441,0.0002320880
2719,0.0036101644,0.0001205908
2782,0.0046440298,0.0001439276
2804,0.0052397148,0.0000036645
2895,0.0027898354,0.0001391854
3140,0.0030263763,0.0000522968
3145,0.0028444012,0.0000011515
3506,0.0027757617,0.0000000000
3665,0.0030384743,0.0001573479
3770,0.0027900384,0.0000045809
3886,0.0047566086,0.0000290012
4008,0.0027707918,0.0000357295
4043,0.0027574574,0.0000024149
4158,0.0053389184,0.0000000000
4226,0.0027779039,0.0000000000
4482,0.0027683922,0.0000000554
4536,0.0030372580,0.0000014111
4595,0.0057627678,0.0000201920
4713,0.0041925505,0.0000000000
4792,0.0029438669,0.0000000000
4956,0.0038983011,0.0000000000
4975,0.0028151027,0.0000004268
4992,0.0027570811,0.0001161118
5063,0.0027620764,0.0000000000
5225,0.0047420210,0.0000000000
5229,0.0030694777,0.0000000000
5462,0.0027974081,0.0000239207
5619,0.0027688287,0.0000008302
5679,0.0031169223,0.0000000000
5820,0.0028581950,0.0001133512
5961,0.0027525805,0.0000510889
6492,0.0027621376,0.0000000000
6608,0.0027613178,0.0000000000
6884,0.0027781220,0.0000022346
6932,0.0027586010,0.0000000000
7118,0.0031206979,0.0000001108
7275,0.0027818458,0.0000000000
7386,0.0027649775,0.0000000000
7760,0.0027533546,0.0000000000
7793,0.0047549034,0.0000015260
7892,0.0040722253,0.0000000000
7962,0.0027721850,0.0000086611
8007,0.0028057751,0.0000000000
8442,0.0031522043,0.0000000000
8633,0.0027680088,0.0000007285
8650,0.0027553313,0.0036251580
8782,0.0027821181,0.0000000000
8810,0.0027920213,0.0000000000
8864,0.0030285851,0.0000000000
9012,0.0028058451,0.0000000000
9043,0.0027903120,0.0000000000
9158,0.0031347362,0.0000000000
9169,0.0033696214,0.0000000000
9594,0.0027521256,0.0000000000
9730,0.0027825885,0.0000000000
33,0.0147202265,0.0088629727
34,0.0127460366,0.0042407498
45,0.0114960551,0.0155638900
53,0.0090036036,0.0070381099
61,0.0157011393,0.0018561701
62,0.0080657933,0.0144438815
72,0.0120303901,0.0071736820
81,0.0125628925,0.0068764679
86,0.0083447190,0.0035589427
104,0.0092135209,0.0046024802
109,0.0094650781,0.0075119718
124,0.0095969799,0.0033991465
134,0.0106690060,0.0086413865
145,0.0073261488,0.0024675312
162,0.0110814108,0.0007524328
164,0.0075441478,0.0012277238
178,0.0090048074,0.0060885388
190,0.0075892810,0.0002607070
238,0.0090809952,0.0005687956
259,0.0087450216,0.0011153391
262,0.0104004149,0.0008238513
293,0.0082297544,0.0003101896
301,0.0075672027,0.0007133453
305,0.0088617472,0.0003258506
315,0.0072343267,0.0010185662
320,0.0090623620,0.0095540494
345,0.0069677452,0.0002656930
366,0.0070840468,0.0002388150
368,0.0078433146,0.0003568566
398,0.0089994358,0.0000407868
434,0.0068946188,0.0006318422
443,0.0123440683,0.0008662646
449,0.0127587126,0.0002614100
545,0.0125317545,0.0002161257
551,0.0073477888,0.0000879472
579,0.0068643889,0.0002416508
586,0.0077267087,0.0000257900
610,0.0089691850,0.0007047622
624,0.0074419440,0.0000000000
627,0.0076022331,0.0004838029
669,0.0076223082,0.0004341059
747,0.0071683231,0.0000043805
748,0.0068971770,0.0001482588
751,0.0073587709,0.0001943572
762,0.0074960138,0.0001379446
899,0.0074405335,0.0000356176
912,0.0073295740,0.0006372406
965,0.0080434362,0.0009265748
1010,0.0126942299,0.0000835765
1011,0.0069938152,0.0001025254
1021,0.0082413529,0.0038592038
1031,0.0069415350,0.0000006094
1044,0.0073594077,0.0002573799
1053,0.0082898594,0.0000000000
1074,0.0075659482,0.0005026049
1156,0.0079584441,0.0001270924
1204,0.0075306948,0.0000229599
1258,0.0071568455,0.0002816567
1353,0.0069583202,0.0006527514
1580,0.0072449350,0.0000152175
1630,0.0069063594,0.0000516986
1838,0.0069565041,0.0035885948
1908,0.0068924251,0.0000793880
1964,0.0069049478,0.0002270389
1975,0.0082554184,0.0000291879
1998,0.0068527636,0.0000358545
2061,0.0090046548,0.0000615121
2099,0.0105846425,0.0000047783
2117,0.0072002642,0.0000000000
2187,0.0069723386,0.0000000000
2265,0.0079582987,0.0000869236
2297,0.0119864257,0.0000347194
2312,0.0068670149,0.0000000000
2366,0.0070784132,0.0000246507
2380,0.0086271046,0.0000059339
2464,0.0074105296,0.0000220148
2614,0.0069640604,0.0000000000
2644,0.0110142215,0.0000054624
2711,0.0068498834,0.0000000000
2727,0.0074083093,0.0000319189
2748,0.0080958802,0.0000178589
2854,0.0072099894,0.0000342410
2957,0.0069763203,0.0000116565
3156,0.0076550374,0.0000000000
3171,0.0089913743,0.0000000000
3293,0.0073246708,0.0001120581
3340,0.0077372221,0.0001737015
3353,0.0068745250,0.0000077212
3409,0.0079195626,0.0000007285
3797,0.0073927881,0.0000000000
3899,0.0068972740,0.0000034983
3975,0.0071685156,0.0000032109
4091,0.0069482434,0.0000389806
4151,0.0071305776,0.0000000000
4386,0.0069165057,0.0000220541
4460,0.0072335214,0.0000001192
4462,0.0068588623,0.0000000000
4613,0.0068563446,0.0000000000
4685,0.0068615077,0.0000000000
4742,0.0070937821,0.0000000000
4920,0.0068808421,0.0000037761
5186,0.0070906262,0.0001343888
5205,0.0072463573,0.0005346040
5271,0.0068403293,0.0000000000
5304,0.0068426533,0.0000000000
5377,0.0069280470,0.0000376274
5623,0.0068526242,0.0000078420
5711,0.0082611237,0.0000000000
5716,0.0076881819,0.0001558352
5750,0.0068515042,0.0000000000
6013,0.0068517408,0.0000016590
6098,0.0074492341,0.0000000000
6127,0.0068461267,0.0006059639
6134,0.0068478837,0.0000000000
6153,0.0068552451,0.0000000000
6357,0.0068398281,0.0000017598
6476,0.0068378052,0.0000013457
6498,0.0068733467,0.0002255211
6580,0.0068377138,0.0000000000
6636,0.0068439846,0.0000009194
6656,0.0068560961,0.0000086901
6810,0.0068610988,0.0000001700
6934,0.0068942220,0.0000189436
6959,0.0068451141,0.0000000000
7090,0.0068421215,0.0000000000
7165,0.0068857938,0.0000000000
7212,0.0069127109,0.0000000000
7229,0.0071124686,0.0000000000
7232,0.0143958769,0.0000000000
7407,0.0069535097,0.0000001028
7421,0.0068377705,0.0000000000
7449,0.0068384534,0.0000000000
7595,0.0068956158,0.0000000000
7803,0.0068822957,0.0000000000
7882,0.0068532524,0.0000010954
8022,0.0068966764,0.0000005602
8090,0.0068801786,0.0000000000
8266,0.0070604672,0.0000021098
8298,0.0068916720,0.0000000000
8338,0.0070665777,0.0000000000
8380,0.0068365718,0.0000047718
8397,0.0069041683,0.0000000000
8412,0.0087141552,0.0000000000
8618,0.0076381537,0.0000000044
8767,0.0068413066,0.0000001839
8820,0.0068516393,0.0000000000
8865,0.0069135121,0.0000000000
9115,0.0068594858,0.0000000000
9371,0.0068566499,0.0000000000
9423,0.0068797832,0.0000071653
9580,0.0073134771,0.0000002127
9609,0.0068366238,0.0000000000
9662,0.0075010871,0.0000000000
9759,0.0069009193,0.0000000000
9826,0.0069325355,0.0000000000
9847,0.0068364995,0.0000000000
27,0.0095536715,0.0099682177
32,0.0060933322,0.0142348967
48,0.0061515993,0.0313538373
52,0.0065834548,0.0060819698
59,0.0080209619,0.0032892958
74,0.0055131256,0.0062604584
88,0.0065483383,0.0171994527
131,0.0056256011,0.0036384934
136,0.0067209749,0.0007856765
150,0.0059063385,0.0064153293
177,0.0095280296,0.0021552390
188,0.0080326908,0.0045816569
246,0.0059379703,0.0000420895
272,0.0076961911,0.0016031072
337,0.0074205117,0.0010167053
358,0.0070311271,0.0001696774
362,0.0062741537,0.0000747167
388,0.0057838295,0.0002655955
474,0.0063824198,0.0005621584
510,0.0064514920,0.0001078209
518,0.0056417576,0.0000237740
548,0.0052425898,0.0001593362
575,0.0056192454,0.0000917942
648,0.0055354969,0.0006589299
733,0.0054627253,0.0039586826
862,0.0061871025,0.0000486353
900,0.0068574429,0.0006519057
958,0.0091296742,0.0003687373
960,0.0056014267,0.0003871650
989,0.0070975987,0.0001111488
1008,0.0052165556,0.0035464815
1016,0.0070120439,0.0005966755
1020,0.0057372466,0.0009792849
1050,0.0057312501,0.0000009566
1061,0.0063057150,0.0001078726
1142,0.0052348493,0.0000714555
1178,0.0056167238,0.0002243705
1340,0.0054404341,0.0001330061
1383,0.0053314414,0.0000183734
1396,0.0052746073,0.0001091753
1414,0.0092200326,0.0002419221
1446,0.0052974738,0.0000398713
1530,0.0053898648,0.0035179524
1557,0.0056955196,0.0006035739
1562,0.0052288788,0.0000907675
1623,0.0096632414,0.0001604629
1786,0.0054402256,0.0001056151
1813,0.0052319368,0.0000001635
1844,0.0060445211,0.0035669752
1966,0.0052103555,0.0000112246
2011,0.0054766332,0.0037567329
2074,0.0052805172,0.0000000000
2137,0.0054598894,0.0002549307
2282,0.0052385692,0.0000000000
2375,0.0052662013,0.0000915446
2389,0.0053278466,0.0000280585
2447,0.0052562593,0.0000000000
2460,0.0054785963,0.0000247219
2660,0.0052660691,0.0000821756
2689,0.0052648134,0.0004175412
2708,0.0051998553,0.0003438331
2737,0.0054760684,0.0000003262
2845,0.0052208551,0.0000000000
2921,0.0052673067,0.0000278586
3058,0.0052045324,0.0000176422
3092,0.0060481036,0.0000003798
3139,0.0054532894,0.0003382244
3204,0.0052143519,0.0001620115
3301,0.0055445015,0.0000000000
3322,0.0055523919,0.0000000000
3380,0.0108087040,0.0000422189
3490,0.0052476309,0.0000091320
3514,0.0056648250,0.0001414031
3517,0.0052633185,0.0000017900
3518,0.0052029525,0.0001789954
3537,0.0058032430,0.0000031018
3557,0.0093700053,0.0000328546
3605,0.0052756829,0.0000356687
3734,0.0052558397,0.0000327237
3795,0.0052336538,0.0003175645
3965,0.0057178038,0.0001276264
4084,0.0054228349,0.0000000000
4096,0.0051943352,0.0000049206
4170,0.0052011392,0.0000016398
4302,0.0052389640,0.0000000000
4307,0.0052399455,0.0001235132
4334,0.0069946672,0.0000000000
4553,0.0052110839,0.0000169693
4566,0.0054807885,0.0000000000
4573,0.0052134199,0.0001349564
4589,0.0060373349,0.0000031829
4789,0.0051973277,0.0035164694
4818,0.0071758511,0.0000000000
4838,0.0051933491,0.0000599184
4851,0.0054126159,0.0000000000
4894,0.0052038978,0.0001386007
4909,0.0052454231,0.0001336167
4998,0.0052651201,0.0001157158
5029,0.0055515409,0.0000000000
5095,0.0054131274,0.0002308666
5152,0.0052790617,0.0000042938
5320,0.0051933594,0.0000000000
5540,0.0052163299,0.0000000000
5632,0.0052175113,0.0000389242
5637,0.0052094063,0.0000018285
6461,0.0056095007,0.0000878909
6528,0.0052044367,0.0000002404
6575,0.0070770954,0.0000000000
6675,0.0052131914,0.0000000000
6764,0.0052301796,0.0000030631
6838,0.0054178045,0.0000000000
6935,0.0055189457,0.0000000000
7052,0.0051985669,0.0000666283
7065,0.0052205985,0.0000000000
7133,0.0051979051,0.0000000000
7193,0.0054046820,0.0000003236
7347,0.0056424816,0.0000000000
7457,0.0056959459,0.0000000991
7480,0.0052172558,0.0000000000
7834,0.0052355933,0.0000162071
7856,0.0052907660,0.0000000000
7879,0.0052307197,0.0000000000
8042,0.0052281634,0.0000000000
8142,0.0052259095,0.0000036442
8310,0.0051941656,0.0000000000
8391,0.0054117033,0.0000000000
8475,0.0052434903,0.0000033245
8692,0.0051967956,0.0000000000
8773,0.0051942219,0.0000000000
9493,0.0051960736,0.0000000000
9512,0.0052005145,0.0000000000
9834,0.0052578621,0.0000000000
9856,0.0058991176,0.0000000000
54,0.0048368954,0.0102853798
63,0.0040230587,0.0057781515
70,0.0034906155,0.0018533398
91,0.0044873636,0.0026099717
139,0.0039052703,0.0002191516
167,0.0023471350,0.0004849181
211,0.0031344873,0.0008303449
219,0.0039508884,0.0053371818
231,0.0029916214,0.0002863702
242,0.0031088157,0.0012452493
248,0.0032730561,0.0138981967
263,0.0026199047,0.0092000651
302,0.0029886489,0.0011730176
310,0.0022670095,0.0002630003
357,0.0031240063,0.0040919139
397,0.0020364128,0.0008802432
451,0.0022267599,0.0001524962
457,0.0040248746,0.0002239543
463,0.0029104091,0.0000734515
637,0.0020964453,0.0002462278
729,0.0020248759,0.0000061294
754,0.0020458589,0.0000019573
920,0.0022890333,0.0001287745
954,0.0030511955,0.0007623199
980,0.0029989754,0.0000308640
1035,0.0025673696,0.0000948488
1086,0.0021172027,0.0000330519
1113,0.0020509199,0.0013921175
1130,0.0028522143,0.0006069423
1131,0.0021494607,0.0003675612
1233,0.0020792550,0.0001654974
1245,0.0031299561,0.0000488601
1268,0.0033788554,0.0002464617
1305,0.0038640297,0.0000000000
1343,0.0021154177,0.0004349554
1399,0.0022294261,0.0000028795
1531,0.0029448963,0.0001117859
1549,0.0021335850,0.0000523402
1579,0.0020909275,0.0005491007
1692,0.0037544095,0.0005430683
1783,0.0020526964,0.0001942163
1810,0.0028980088,0.0000873836
1851,0.0036726001,0.0002925163
1852,0.0024800599,0.0000624535
1948,0.0020724326,0.0000348115
1955,0.0027665249,0.0035437017
1999,0.0031661744,0.0002080132
2039,0.0022610557,0.0004355193
2186,0.0020570706,0.0001263359
2350,0.0020114693,0.0000827220
2360,0.0020601414,0.0000177444
2401,0.0033039280,0.0001667757
2833,0.0020595670,0.0000319237
2955,0.0021634243,0.0000289074
3011,0.0020979477,0.0000000000
3119,0.0028910846,0.0000016085
3271,0.0020278856,0.0003150919
3285,0.0023431290,0.0001771480
3349,0.0020715891,0.0000000000
3509,0.0020700047,0.0000000000
3538,0.0022932097,0.0003684591
3869,0.0020497418,0.0000000000
3930,0.0020169001,0.0006911279
4063,0.0022593722,0.0000029531
4168,0.0022978146,0.0000000000
4266,0.0075503567,0.0001188585
4579,0.0020164327,0.0000000000
4811,0.0020082677,0.0000000000
4892,0.0034588910,0.0035649731
4897,0.0038266404,0.0000064618
5006,0.0026085828,0.0000043120
5022,0.0020287993,0.0000000000
5027,0.0027259322,0.0000000000
5068,0.0022738953,0.0000013008
5200,0.0023282250,0.0000000000
5230,0.0062259812,0.0000003131
5343,0.0020157574,0.0000000000
5485,0.0020993542,0.0000000000
5486,0.0020086774,0.0000000000
5581,0.0022693702,0.0000000000
5584,0.0021674856,0.0000065415
5832,0.0020894723,0.0000000000
5887,0.0024173148,0.0000000000
6057,0.0025803346,0.0000000695
6169,0.0061964063,0.0000000000
6175,0.0020313864,0.0000311864
6209,0.0020103156,0.0000000000
6330,0.0020617532,0.0000007294
6374,0.0020216264,0.0000000000
6423,0.0028505036,0.0000072117
6623,0.0025475406,0.0000000000
6800,0.0025776971,0.0000000319
6846,0.0020236147,0.0000198273
6848,0.0021341851,0.0000000000
6876,0.0020516276,0.0000000000
6904,0.0020075663,0.0000043312
6965,0.0021919623,0.0000000000
7134,0.0020076801,0.0000000000
7146,0.0026766176,0.0000000000
7194,0.0023300368,0.0000000000
7199,0.0061987390,0.0000000000
7264,0.0020671411,0.0000000000
7507,0.0020126606,0.0000000000
7529,0.0020241627,0.0000004221
7565,0.0021051260,0.0000000000
7612,0.0020652261,0.0000000000
7639,0.0020161167,0.0000000000
7755,0.0020383336,0.0000000000
8133,0.0024195300,0.0000000000
8261,0.0020074622,0.0000005413
8330,0.0020123022,0.0000014320
8968,0.0020356012,0.0000000000
9137,0.0020144713,0.0000000000
9200,0.0031582657,0.0000000000
9339,0.0020137730,0.0000000000
9545,0.0020433549,0.0000000000
9621,0.0022618129,0.0000000000
46,0.0052549615,0.0331927020
49,0.0029325772,0.0005595820
50,0.0046419827,0.0006674625
60,0.0042012102,0.0015884174
142,0.0031145445,0.0007646631
166,0.0028349267,0.0007878095
196,0.0019890514,0.0042608437
245,0.0015237974,0.0002674915
256,0.0022631165,0.0000970224
325,0.0022153178,0.0011294019
354,0.0021873528,0.0014875410
390,0.0070978321,0.0002547303
432,0.0020258345,0.0004058493
438,0.0059215737,0.0003150282
476,0.0027353730,0.0008032763
480,0.0015373626,0.0050417296
520,0.0024966335,0.0003338653
567,0.0017492698,0.0006625798
657,0.0020196588,0.0035663805
731,0.0024038501,0.0000044236
742,0.0021585355,0.0004519124
766,0.0030493538,0.0016304148
849,0.0017422537,0.0000289255
951,0.0020032575,0.0000192394
998,0.0018982806,0.0000057355
1046,0.0037276093,0.0000034897
1193,0.0015207570,0.0038606751
1232,0.0015141727,0.0004458595
1416,0.0019718708,0.0004627865
1470,0.0014587368,0.0000911382
1611,0.0014976465,0.0000485687
1642,0.0016827088,0.0001179859
1787,0.0020093850,0.0004209764
1856,0.0016728220,0.0000029699
1861,0.0014599430,0.0006907024
1972,0.0017193365,0.0000036749
2040,0.0024858183,0.0000067201
2134,0.0022005516,0.0000000000
2317,0.0017073344,0.0000046563
2345,0.0033786826,0.0000817847
2472,0.0017066472,0.0000752496
2605,0.0023196970,0.0000000000
2697,0.0016874136,0.0002864561
2733,0.0014725019,0.0001434847
2814,0.0015036501,0.0000000000
2866,0.0022169749,0.0000326406
2881,0.0021469262,0.0001248911
3184,0.0017424721,0.0000407490
3295,0.0020407725,0.0000288034
3359,0.0016159362,0.0000012499
3428,0.0017654193,0.0000189342
3497,0.0014724391,0.0000000000
3526,0.0014781308,0.0000343394
3597,0.0052260178,0.0000076301
3620,0.0021668797,0.0000370448
3662,0.0017400599,0.0005284254
3697,0.0037659304,0.0000000123
3723,0.0014693485,0.0000000000
3789,0.0018328676,0.0000000000
3836,0.0015178033,0.0000023089
3868,0.0015035028,0.0000003180
3888,0.0016026000,0.0001286008
4075,0.0020958232,0.0000000000
4315,0.0014614219,0.0035574259
4337,0.0016950362,0.0000006716
4483,0.0015784106,0.0000137706
4626,0.0014647123,0.0000000000
4712,0.0015439660,0.0001159552
4756,0.0023129589,0.0000000000
4776,0.0014559426,0.0000741749
4830,0.0021155605,0.0000000000
4861,0.0017335745,0.0000000000
4937,0.0015006793,0.0000000000
5026,0.0016016543,0.0000000000
5118,0.0014557332,0.0000000000
5181,0.0014865796,0.0000018244
5305,0.0021562036,0.0000212742
5309,0.0017067971,0.0000022498
5435,0.0023173440,0.0000039621
5512,0.0014697080,0.0000028059
5603,0.0020213221,0.0000033500
5665,0.0015512011,0.0000943477
5712,0.0014781894,0.0000046465
5722,0.0014576176,0.0000003552
5776,0.0017080519,0.0000710239
6125,0.0015278449,0.0000031799
6203,0.0022608498,0.0000000000
6506,0.0014635063,0.0000000000
6507,0.0014632234,0.0000000000
6521,0.0020076252,0.0000012966
6593,0.0036345466,0.0000388709
6891,0.0014843685,0.0000006070
7518,0.0015934347,0.0000000000
7864,0.0023342758,0.0000000000
7997,0.0014871103,0.0000000000
8184,0.0014553357,0.0000000000
8224,0.0014752919,0.0000000000
8447,0.0014549514,0.0000000000
8505,0.0023130468,0.0000014996
8532,0.0037126839,0.0000000000
8567,0.0014899957,0.0035868509
8587,0.0022541712,0.0000000000
8716,0.0021552991,0.0000000000
8719,0.0014681306,0.0000000000
8848,0.0019116428,0.0000000000
9048,0.0015168419,0.0000000000
9156,0.0017968101,0.0000000000
9205,0.0014552116,0.0000000000
9328,0.0014626850,0.0000000000
9521,0.0014553824,0.0000000000
9531,0.0035468603,0.0000000000
9592,0.0014640422,0.0000000000
9767,0.0025479256,0.0000000000
9954,0.0014548677,0.0000000000
18,0.0060777499,0.0037137745
23,0.0089565617,0.0046123081
35,0.0065617420,0.0177084281
37,0.0068203240,0.0097018415
39,0.0067729462,0.0035231117
77,0.0101913251,0.0005665373
78,0.0051462355,0.0087186368
90,0.0046645958,0.0006920241
94,0.0052082465,0.0069417451
106,0.0051917600,0.0004666118
127,0.0087936727,0.0004265715
148,0.0058565179,0.0021585989
200,0.0048764600,0.0040703354
230,0.0048669016,0.0000876021
232,0.0061258127,0.0050938850
267,0.0047622333,0.0003465204
291,0.0080710668,0.0012824551
318,0.0062491046,0.0011290262
380,0.0045433477,0.0006005796
410,0.0079755769,0.0002917187
487,0.0050442634,0.0001328537
516,0.0050554677,0.0001930780
555,0.0043066015,0.0002372343
600,0.0042742471,0.0074767203
632,0.0049931949,0.0001427285
635,0.0049566835,0.0010980722
798,0.0049696903,0.0040505470
804,0.0048832110,0.0000630775
841,0.0042945614,0.0037800247
873,0.0045287515,0.0002211663
961,0.0043067175,0.0000000000
969,0.0042805654,0.0003212136
988,0.0044918522,0.0003057918
1005,0.0043449683,0.0000150574
1166,0.0044898318,0.0000457054
1206,0.0042682221,0.0000661405
1226,0.0047363183,0.0000648028
1285,0.0047066489,0.0001215432
1328,0.0050164782,0.0001509103
1360,0.0042764237,0.0010634773
1372,0.0043410570,0.0086014415
1513,0.0065372673,0.0000345325
1702,0.0042498027,0.0000105408
1775,0.0043949253,0.0001659915
1791,0.0048633703,0.0004969614
1839,0.0044675581,0.0000558892
1847,0.0042825560,0.0000141383
1915,0.0061038363,0.0000360205
1927,0.0042266187,0.0044414924
2048,0.0047194466,0.0000208537
2092,0.0066844832,0.0000028302
2248,0.0045454282,0.0000515068
2281,0.0042576116,0.0003643009
2367,0.0079973191,0.0000389424
2505,0.0043443384,0.0000556416
2521,0.0042201391,0.0000161746
2609,0.0045795906,0.0000482087
2636,0.0060960803,0.0000226280
2650,0.0042986366,0.0000301369
2716,0.0042218752,0.0000989564
2764,0.0042677835,0.0000000000
2838,0.0065071639,0.0000665288
2900,0.0042284716,0.0001355598
2976,0.0050569826,0.0003410910
2982,0.0043520766,0.0001709230
3005,0.0046066091,0.0000082593
3033,0.0043141547,0.0000214851
3161,0.0048925502,0.0000017275
3208,0.0044987620,0.0000198005
3316,0.0044586341,0.0000032754
3370,0.0042210278,0.0000670030
3405,0.0045476763,0.0000000000
3432,0.0042358180,0.0000351232
3566,0.0042259761,0.0000000000
3684,0.0042233838,0.0000391194
3758,0.0042049678,0.0000000000
3903,0.0042481174,0.0003031728
3989,0.0042085567,0.0000000000
4003,0.0042133859,0.0000000000
4078,0.0047112071,0.0000389873
4144,0.0042163039,0.0000000000
4379,0.0042741233,0.0000319186
4397,0.0042059201,0.0000667231
4410,0.0047815060,0.0000000000
4471,0.0054960331,0.0006906740
4497,0.0042277888,0.0005730295
4524,0.0051152610,0.0000015606
4556,0.0045142293,0.0000000000
4657,0.0079746653,0.0000222466
4719,0.0042540328,0.0000076952
4780,0.0042230207,0.0001235080
5127,0.0042578126,0.0000000000
5222,0.0042081558,0.0000321238
5273,0.0042446883,0.0000001938
5302,0.0042235241,0.0000651794
5326,0.0051117140,0.0000000000
5328,0.0042294035,0.0000000000
5334,0.0042273269,0.0000000000
5386,0.0042447695,0.0000000000
5391,0.0042519829,0.0000000000
5466,0.0042078788,0.0000000000
5518,0.0042219093,0.0000000000
5557,0.0042785701,0.0000019036
5558,0.0068471533,0.0000007473
5693,0.0042201775,0.0000000000
5704,0.0042052423,0.0000000000
5734,0.0042158784,0.0000000000
5763,0.0042121209,0.0001212669
6233,0.0045946599,0.0000000000
6299,0.0042267554,0.0000020921
6306,0.0042112504,0.0000217213
6382,0.0042224070,0.0000025772
6425,0.0042108752,0.0000021793
6510,0.0050671152,0.0002748204
6706,0.0042394840,0.0001098398
6820,0.0044420685,0.0000534554
6995,0.0042160236,0.0000000002
7059,0.0042049771,0.0000000000
7104,0.0042076752,0.0000022817
7202,0.0042263321,0.0035650920
7203,0.0042642308,0.0000000000
7324,0.0059995160,0.0000000000
7484,0.0050533898,0.0000000000
7536,0.0042048971,0.0000000000
7633,0.0046996236,0.0000000000
7734,0.0042091612,0.0000000000
7790,0.0042198657,0.0000000000
8111,0.0044464664,0.0000000000
8157,0.0043743058,0.0000000000
8195,0.0042708590,0.0000000000
8355,0.0046916652,0.0000000000
8807,0.0042446792,0.0000000000
8953,0.0042413345,0.0000001262
9028,0.0053383960,0.0000000000
9108,0.0042153809,0.0000000000
9832,0.0042088228,0.0000000000
9925,0.0042475971,0.0000004268
9980,0.0042050326,0.0000000000
22,0.0038077663,0.0406288593
24,0.0048370204,0.0373718300
36,0.0042080673,0.0136003616
43,0.0026911959,0.0006313553
55,0.0051798578,0.0086805464
96,0.0038010290,0.0116681987
156,0.0030448359,0.0096775576
213,0.0041887161,0.0090236246
282,0.0024157202,0.0006967536
420,0.0020814045,0.0000000000
446,0.0030985781,0.0009271807
453,0.0019477824,0.0010959712
468,0.0024298569,0.0002514597
580,0.0018480177,0.0010979814
593,0.0032305405,0.0012994967
683,0.0027545304,0.0006889321
805,0.0019506233,0.0002462396
964,0.0025967318,0.0000136247
974,0.0024083430,0.0006278994
985,0.0020956256,0.0000931002
1030,0.0021871442,0.0002465690
1118,0.0021734885,0.0000027993
1342,0.0021836731,0.0001808857
1379,0.0026002621,0.0001320858
1527,0.0018183816,0.0000197165
1678,0.0018989783,0.0000623003
1774,0.0029004457,0.0001406432
1894,0.0028364088,0.0005997520
1942,0.0024463341,0.0000128564
2109,0.0018131328,0.0000154923
2178,0.0025094865,0.0000046750
2182,0.0018516213,0.0000226404
2209,0.0018438091,0.0004876186
2228,0.0026908116,0.0002547968
2305,0.0018006857,0.0000776898
2324,0.0018268079,0.0000000000
2427,0.0018249246,0.0001831407
2463,0.0018191711,0.0000020756
2497,0.0018221350,0.0000650560
2499,0.0019171810,0.0000241588
2540,0.0019217229,0.0001621025
2577,0.0038047403,0.0000672979
2688,0.0024624835,0.0000536469
2948,0.0018127448,0.0000000000
2967,0.0020944427,0.0036865863
3154,0.0018116932,0.0000173110
3372,0.0021221200,0.0000001034
3705,0.0020340965,0.0000142546
3819,0.0018268730,0.0001104629
3828,0.0027017587,0.0000152396
3847,0.0028389307,0.0000006986
3867,0.0018283804,0.0000041451
4132,0.0018696165,0.0000176231
4252,0.0019462077,0.0000438137
4352,0.0022538047,0.0000000000
4479,0.0018141404,0.0000166871
4481,0.0036941892,0.0000032278
4578,0.0029895254,0.0000008344
4619,0.0018898229,0.0000003521
4717,0.0018035608,0.0000000000
4883,0.0018327381,0.0000204329
5177,0.0018358552,0.0001153068
5188,0.0019563448,0.0000000000
5346,0.0018478321,0.0000000000
5438,0.0021607432,0.0000000000
5440,0.0026634906,0.0000000000
5447,0.0018151803,0.0000000000
5535,0.0038144102,0.0001657860
5556,0.0020640755,0.0000000000
5677,0.0021389094,0.0000633029
5731,0.0023431002,0.0000000000
5891,0.0019195333,0.0000000000
5948,0.0018764278,0.0000000000
6168,0.0018044649,0.0000063237
6303,0.0018079277,0.0000370307
6811,0.0021327151,0.0000000000
7306,0.0018955838,0.0000036127
7314,0.0018088134,0.0000600234
7388,0.0018072983,0.0000000212
7574,0.0018607434,0.0000000000
9281,0.0019012855,0.0000000000
9475,0.0018327319,0.0000000000
41,0.0041817673,0.0188817489
117,0.0032214003,0.0052771222
172,0.0041789271,0.0015191733
193,0.0024339674,0.0012875390
224,0.0033243306,0.0002360566
228,0.0025037981,0.0003325316
239,0.0028827999,0.0003797472
317,0.0027385612,0.0007794609
322,0.0034187849,0.0084790096
333,0.0023626730,0.0000638588
340,0.0029588196,0.0001561558
386,0.0030676846,0.0048603238
592,0.0032630487,0.0002441891
710,0.0030388076,0.0000155999
795,0.0022034863,0.0005056056
875,0.0022291228,0.0072952761
925,0.0028796103,0.0001331475
946,0.0024999580,0.0006696733
1018,0.0024448214,0.0000089342
1114,0.0024751103,0.0000000000
1222,0.0030531383,0.0002795517
1240,0.0022962324,0.0002266137
1506,0.0024601614,0.0000663150
1588,0.0030105467,0.0000019560
1730,0.0027442906,0.0002690068
1733,0.0022526565,0.0001605664
1830,0.0028780876,0.0000678469
1840,0.0029092272,0.0001041903
1892,0.0024126344,0.0000994386
2028,0.0023368666,0.0000001060
2071,0.0032178664,0.0001170693
2114,0.0022669113,0.0004042817
2155,0.0022776969,0.0000102139
2538,0.0046449375,0.0000779582
2661,0.0022054269,0.0036111627
2676,0.0022670666,0.0037431887
2705,0.0025818390,0.0004945263
2736,0.0028352747,0.0000086952
2836,0.0032524899,0.0002424093
2989,0.0022728692,0.0000000000
3073,0.0022759240,0.0005633025
3124,0.0022166183,0.0000014437
3268,0.0022668560,0.0000945414
3495,0.0025554762,0.0001621438
3946,0.0021938893,0.0000000000
3968,0.0024826791,0.0000000000
4049,0.0022668139,0.0000000000
4169,0.0028765597,0.0000195385
4415,0.0021939904,0.0000012342
4448,0.0022307763,0.0000229484
4534,0.0022069370,0.0000005358
4734,0.0026293926,0.0000015167
4958,0.0022521546,0.0000213135
5087,0.0031039459,0.0000566092
5136,0.0022047691,0.0000012017
5212,0.0022340817,0.0000138578
5694,0.0021890284,0.0000277918
5699,0.0022443839,0.0000000000
5744,0.0022205870,0.0000165058
6008,0.0021934141,0.0000000000
6090,0.0021938384,0.0000000000
6408,0.0035536413,0.0000000725
6572,0.0022232737,0.0000273089
6915,0.0027467057,0.0000000000
6938,0.0027900181,0.0000001708
6960,0.0022820892,0.0000000000
7280,0.0021874209,0.0000449539
7341,0.0022240098,0.0000000000
7533,0.0026138137,0.0000033315
7878,0.0021873456,0.0000000000
8087,0.0021938837,0.0000021789
8183,0.0029996279,0.0000000000
8199,0.0029527757,0.0000000000
8244,0.0021896133,0.0000170714
8271,0.0022246855,0.0000000000
8313,0.0024360228,0.0000000000
8510,0.0021959148,0.0000000000
8528,0.0024397373,0.0000008248
8550,0.0022705333,0.0000000000
8637,0.0022325125,0.0000000000
8663,0.0021959148,0.0000000000
8721,0.0021894809,0.0000000000
8915,0.0025553146,0.0000000000
8931,0.0039975647,0.0000007639
9051,0.0027763076,0.0000000000
9060,0.0022276460,0.0000000000
9080,0.0022366970,0.0000000000
9637,0.0022259664,0.0000000000
9828,0.0021958079,0.0000000000
9857,0.0026984975,0.0000000000
9904,0.0021894510,0.0000000000
51,0.0067874527,0.0187873219
165,0.0076586821,0.0011900086
185,0.0056243526,0.0045444385
187,0.0053129063,0.0005220474
203,0.0056435285,0.0041608615
204,0.0043992983,0.0005207537
227,0.0064542692,0.0017011957
277,0.0058022498,0.0004765168
365,0.0058645296,0.0003538797
394,0.0041148929,0.0011483241
416,0.0047213490,0.0002369753
441,0.0047771268,0.0016951476
458,0.0057752189,0.0004721802
533,0.0046115107,0.0000843996
565,0.0043723732,0.0003056819
626,0.0044836260,0.0009825947
652,0.0041424955,0.0038704439
663,0.0038725029,0.0000574596
679,0.0045129840,0.0000000000
685,0.0046624533,0.0016334391
771,0.0057016720,0.0000490402
808,0.0041129658,0.0000751235
874,0.0041676986,0.0000001828
888,0.0039969046,0.0000030490
922,0.0063167403,0.0006246934
943,0.0040801568,0.0037301375
1058,0.0039603782,0.0000275841
1127,0.0038325460,0.0004643097
1191,0.0038424330,0.0035303092
1196,0.0043248242,0.0002478200
1227,0.0051678856,0.0002615888
1358,0.0038287052,0.0002246707
1434,0.0042249753,0.0000346610
1450,0.0040324718,0.0001068480
1457,0.0043707162,0.0000523568
1509,0.0043238879,0.0004409068
1537,0.0043883212,0.0000963830
1582,0.0045960975,0.0000180246
1634,0.0041688157,0.0000168509
1680,0.0044470874,0.0000435014
1687,0.0040700558,0.0000325937
1694,0.0039872302,0.0003573104
1895,0.0038737571,0.0002217259
1909,0.0042411454,0.0004114865
1976,0.0038396600,0.0001933715
2076,0.0038419038,0.0003489123
2175,0.0038004377,0.0001333654
2465,0.0040036803,0.0000368472
2494,0.0038115887,0.0000033494
2531,0.0040113264,0.0000000000
2683,0.0038434074,0.0000762913
2734,0.0051191718,0.0001154402
2797,0.0038064719,0.0000206690
2813,0.0038035685,0.0000007808
3024,0.0038079138,0.0000057351
3041,0.0037920146,0.0000487235
3054,0.0038335646,0.0000000000
3083,0.0048018923,0.0000000000
3210,0.0045800960,0.0002175577
3267,0.0039149479,0.0000142034
3375,0.0038089194,0.0004166847
3688,0.0042762963,0.0000191467
3702,0.0038522132,0.0000156374
4065,0.0040117075,0.0000000000
4081,0.0038595645,0.0000659487
4128,0.0040754780,0.0000157916
4131,0.0048760875,0.0000141452
4157,0.0038106366,0.0000074497
4197,0.0038285548,0.0000000000
4297,0.0038414061,0.0000880151
4346,0.0038071440,0.0000032647
4360,0.0041029611,0.0000000000
4489,0.0041694842,0.0000013403
4493,0.0038036670,0.0001711145
4526,0.0038162801,0.0000000000
4571,0.0040127106,0.0000000000
4696,0.0038126197,0.0000000000
4699,0.0038349758,0.0001148375
4977,0.0038033785,0.0000005296
5003,0.0049148082,0.0000000000
5160,0.0046492336,0.0000014475
5179,0.0038145771,0.0000077962
5257,0.0037910226,0.0000000000
5272,0.0038168438,0.0000356782
5324,0.0041555798,0.0035699809
5399,0.0038995420,0.0000002623
5410,0.0037975927,0.0000000787
5507,0.0040669593,0.0000056461
5684,0.0038467663,0.0000028368
5816,0.0037886919,0.0000001058
5833,0.0040195077,0.0000000000
5871,0.0038294370,0.0000227950
5966,0.0037938461,0.0000000000
6354,0.0038043379,0.0000165555
6549,0.0045330971,0.0000000000
6682,0.0037948827,0.0000000000
6716,0.0038000716,0.0000000000
6839,0.0041903489,0.0000694838
7033,0.0037952737,0.0000000906
7049,0.0037892783,0.0000008151
7068,0.0037922813,0.0000000000
7082,0.0038453368,0.0000000000
7087,0.0037882823,0.0000000000
7395,0.0038165251,0.0000000000
7863,0.0038193902,0.0000000000
8003,0.0040279386,0.0000000000
8386,0.0046372997,0.0000004827
8413,0.0040322651,0.0000000000
8626,0.0037881952,0.0000000000
8657,0.0037883759,0.0000000000
8734,0.0037878515,0.0000000000
8885,0.0051745049,0.0000000000
8922,0.0038040412,0.0000000000
9001,0.0037942711,0.0000000000
120,0.0021857708,0.0116871518
174,0.0025376542,0.0053365396
212,0.0012919809,0.0011140956
252,0.0013476146,0.0043735774
279,0.0031626204,0.0044830109
284,0.0022727072,0.0039769781
296,0.0019599036,0.0002702810
356,0.0017168672,0.0009110763
371,0.0017063592,0.0005437828
378,0.0013010701,0.0004128332
401,0.0018088685,0.0003698834
412,0.0015237732,0.0003447635
440,0.0033223511,0.0005803111
566,0.0010918526,0.0000330706
605,0.0011906144,0.0002392087
630,0.0014372731,0.0007321106
693,0.0033810281,0.0009103147
694,0.0009852773,0.0001587749
735,0.0011620244,0.0003950160
1023,0.0009466659,0.0000914816
1093,0.0014722230,0.0036496940
1116,0.0016275174,0.0003029197
1154,0.0010373493,0.0003304686
1223,0.0009945461,0.0002716213
1320,0.0011667711,0.0000309098
1346,0.0014021768,0.0042354047
1348,0.0012292570,0.0003881317
1542,0.0008908420,0.0001992027
1576,0.0010857777,0.0002174050
1896,0.0013524609,0.0001356220
2193,0.0031623676,0.0000000000
2196,0.0012634763,0.0000234360
2515,0.0027061023,0.0000991122
2641,0.0011109031,0.0000000000
2815,0.0009056270,0.0000825403
2980,0.0018186797,0.0002480612
3038,0.0011601211,0.0000836145
3062,0.0009456979,0.0000048456
3074,0.0009006013,0.0001406375
3213,0.0009090828,0.0000267328
3374,0.0010273735,0.0037162566
3483,0.0011311149,0.0000551275
3767,0.0009620528,0.0000000000
3861,0.0017679027,0.0000331999
4306,0.0009400774,0.0000247182
4773,0.0011554718,0.0000028851
4868,0.0008881395,0.0000000000
4953,0.0022616834,0.0000156256
5001,0.0010094836,0.0000004060
5037,0.0013458288,0.0000000000
5189,0.0009014851,0.0000034736
5361,0.0013539464,0.0002166442
5683,0.0011449404,0.0000000000
5783,0.0009275686,0.0000266471
5793,0.0009060725,0.0000000000
6503,0.0009706231,0.0000086767
6620,0.0011467779,0.0000000000
6868,0.0009834088,0.0006006441
7115,0.0012736285,0.0000000000
7672,0.0015606409,0.0000000000
7741,0.0009393786,0.0000000000
7822,0.0010910440,0.0000000000
8035,0.0009025686,0.0000000000
8128,0.0009089500,0.0000137868
8236,0.0011165659,0.0000000000
8454,0.0010358349,0.0000000000
8770,0.0029123781,0.0000000000
8849,0.0027912694,0.0000000000
8854,0.0009053386,0.0000000000
8867,0.0011412176,0.0000145468
9235,0.0008889317,0.0000000000
9570,0.0008933293,0.0000000000
9606,0.0009255863,0.0000000000
9684,0.0009131021,0.0000000000
9918,0.0009227673,0.0000000000
9998,0.0010999649,0.0000000000
89,0.0030730317,0.0034831943
103,0.0031729809,0.0150946396
251,0.0034336799,0.0004839931
287,0.0011525483,0.0087110251
332,0.0011682005,0.0014904140
346,0.0019577434,0.0004272241
381,0.0011002052,0.0039315805
436,0.0014332293,0.0001491146
486,0.0011803987,0.0002236653
494,0.0014711285,0.0002123033
497,0.0016864765,0.0041393933
509,0.0016855810,0.0002780724
512,0.0021237645,0.0013448299
642,0.0014339009,0.0045671433
824,0.0015724320,0.0008438003
1080,0.0010569710,0.0003983440
1112,0.0019536416,0.0001047178
1182,0.0011715268,0.0000151272
1187,0.0013564134,0.0039155541
1239,0.0010979182,0.0001387880
1339,0.0011658565,0.0000018251
1352,0.0010603279,0.0000337847
1523,0.0010454421,0.0000101024
1607,0.0010907594,0.0037573263
1726,0.0010727532,0.0000031113
1823,0.0010738952,0.0000157158
1985,0.0011040311,0.0000000000
2066,0.0010948058,0.0001791113
2268,0.0016695564,0.0000429335
2483,0.0017731757,0.0000508985
2696,0.0016816969,0.0000058102
2927,0.0011185576,0.0000000000
3071,0.0011098824,0.0000157211
3088,0.0011830401,0.0001703450
3231,0.0018917986,0.0000000000
3404,0.0011171727,0.0000000000
3430,0.0010811501,0.0001668056
3565,0.0016502310,0.0004239292
3631,0.0011425145,0.0000323119
3764,0.0010739200,0.0000704961
3801,0.0020722446,0.0000033883
3844,0.0010760287,0.0000481699
4862,0.0032265875,0.0000000000
4973,0.0010333826,0.0035167873
5079,0.0010496604,0.0000396385
5238,0.0013452682,0.0000384310
5663,0.0010304450,0.0000004187
5698,0.0010305380,0.0000000000
6001,0.0010878820,0.0000321829
6033,0.0010313265,0.0000000000
6341,0.0021785734,0.0000014300
6349,0.0032912227,0.0000652031
6458,0.0011868349,0.0000000000
6741,0.0012559192,0.0000825403
6856,0.0017430306,0.0000000000
7102,0.0010805507,0.0035299870
7877,0.0010318967,0.0000000000
8524,0.0010536284,0.0000000000
8794,0.0013236236,0.0000000000
9072,0.0010329783,0.0000000000
9294,0.0019420664,0.0000000000
9677,0.0010725338,0.0000000000
9837,0.0010377011,0.0000000000
163,0.0011448234,0.0003330347
554,0.0006813495,0.0064779990
1009,0.0003664809,0.0000166329
1013,0.0008413400,0.0000148396
1519,0.0025078153,0.0000897403
1591,0.0003224993,0.0000434216
1977,0.0006706473,0.0000000000
2493,0.0003430573,0.0001381261
2817,0.0005754306,0.0000259230
4375,0.0003321310,0.0000000112
4581,0.0003366532,0.0000430434
4972,0.0030551940,0.0000595249
5886,0.0003660575,0.0000382680
5909,0.0003907191,0.0000000000
6249,0.0003598850,0.0000029513
6440,0.0003487496,0.0000000000
6942,0.0003153802,0.0000014569
7208,0.0003192293,0.0000000000
7825,0.0003199612,0.0000002634
7881,0.0003223202,0.0000000000
8549,0.0003234430,0.0000002689
138,0.0024249321,0.0004394301
298,0.0026815661,0.0009590132
329,0.0016388605,0.0011805568
369,0.0009160374,0.0050178126
389,0.0029519314,0.0005781696
409,0.0022893461,0.0007217966
411,0.0020757500,0.0043674123
421,0.0019404100,0.0015587765
475,0.0011081150,0.0001600309
647,0.0014462855,0.0003754813
726,0.0012987908,0.0009071011
758,0.0008520680,0.0002266654
765,0.0008477593,0.0000151178
986,0.0011018919,0.0011381952
1029,0.0021698666,0.0001749990
1040,0.0008251410,0.0003852565
1148,0.0010280333,0.0001063051
1159,0.0008588373,0.0000638072
1405,0.0013547487,0.0006538464
1426,0.0015962016,0.0000531985
1458,0.0012049148,0.0035362146
1543,0.0023598922,0.0001466379
1609,0.0009177380,0.0000187535
1626,0.0013377661,0.0001145940
1667,0.0019158948,0.0000034301
1679,0.0008169732,0.0003609400
1800,0.0009318458,0.0000840308
1848,0.0013310154,0.0000026351
1888,0.0015030264,0.0004910736
2012,0.0008161161,0.0000187606
2070,0.0017551449,0.0000650952
2139,0.0009256650,0.0000169560
2280,0.0010566288,0.0000142797
2344,0.0008278859,0.0000255769
2390,0.0008185832,0.0000010262
2392,0.0012692095,0.0001709459
2450,0.0011027338,0.0001072125
2491,0.0008942131,0.0000917894
2525,0.0011260249,0.0035354943
2560,0.0010357571,0.0001496936
2643,0.0008246705,0.0000158024
2744,0.0011080859,0.0000773484
2994,0.0008223712,0.0000018608
3613,0.0008194443,0.0002321261
3699,0.0010936587,0.0000343764
3722,0.0012992592,0.0000414454
3761,0.0013989985,0.0001569066
3799,0.0008167375,0.0000000000
3857,0.0018031719,0.0000006939
3862,0.0009494332,0.0000019411
3927,0.0011484488,0.0000000000
4275,0.0008089367,0.0000050478
4279,0.0008515664,0.0007068460
4466,0.0012207169,0.0000036490
4632,0.0008236369,0.0000190328
4765,0.0008070976,0.0000076640
5333,0.0008295429,0.0000000000
5392,0.0008088345,0.0000000000
5546,0.0011284101,0.0000000000
5667,0.0008065734,0.0000149670
6062,0.0008088827,0.0000000000
6674,0.0008334799,0.0000000000
6712,0.0008070888,0.0000000000
6802,0.0008172502,0.0000165277
6858,0.0013164869,0.0000000000
7204,0.0008163880,0.0000161829
7318,0.0008797202,0.0000557725
7409,0.0008461237,0.0000013160
7516,0.0008439186,0.0000137646
7628,0.0009023389,0.0000000000
8081,0.0008573090,0.0000000000
8122,0.0008107010,0.0000193145
8168,0.0010572595,0.0000000000
8320,0.0008488960,0.0000000000
8422,0.0008068568,0.0000000000
8603,0.0008065734,0.0000000000
8842,0.0010243776,0.0000000000
8887,0.0008747383,0.0000000000
8909,0.0009360220,0.0000000000
8939,0.0008175530,0.0000000000
9098,0.0008167373,0.0000000000
9583,0.0011358280,0.0000000000
9586,0.0008141742,0.0000002391
129,0.0007050691,0.0020769787
191,0.0006506143,0.0085563971
292,0.0008718615,0.0001742538
502,0.0005627987,0.0001453038
568,0.0011672715,0.0003866520
585,0.0005234347,0.0006883642
607,0.0011636194,0.0009617486
616,0.0011169803,0.0006308629
706,0.0011348048,0.0007528688
759,0.0003972741,0.0002486847
981,0.0002930959,0.0000172355
997,0.0003371390,0.0004671538
1510,0.0007501375,0.0000104313
1553,0.0002594344,0.0002471228
1663,0.0013654716,0.0000039759
1879,0.0008497670,0.0000011155
1959,0.0026944452,0.0000281083
1982,0.0005053418,0.0000000000
2052,0.0003395004,0.0000414469
2115,0.0011024289,0.0007198411
2422,0.0005488147,0.0001625210
2430,0.0002859345,0.0000152874
2564,0.0002491701,0.0000035535
3016,0.0002496819,0.0000618942
3125,0.0004946069,0.0000333772
3138,0.0006407447,0.0000000000
3278,0.0002927521,0.0000000000
3288,0.0002569222,0.0000110087
3336,0.0002572123,0.0000000000
3485,0.0002351232,0.0000141498
3572,0.0005173317,0.0000247585
3608,0.0010940130,0.0000071812
3691,0.0005002366,0.0000000000
3792,0.0004605892,0.0003154299
3856,0.0004988392,0.0035499578
4001,0.0002326556,0.0006792997
4080,0.0002756123,0.0000004037
4339,0.0005147250,0.0000000000
4529,0.0002540416,0.0000000000
4729,0.0002354904,0.0000000000
5381,0.0002497083,0.0001407271
6202,0.0016628744,0.0000000000
6215,0.0003087721,0.0001216879
6271,0.0002285237,0.0000455639
6371,0.0002962818,0.0000000718
7551,0.0002531188,0.0000000000
7975,0.0002260405,0.0000000000
9535,0.0002279593,0.0000000000
44,0.0026242508,0.0022609350
80,0.0032684260,0.0018874375
87,0.0032217778,0.0007453187
93,0.0026538425,0.0151720137
95,0.0042519257,0.0021798866
99,0.0028578168,0.0004020469
128,0.0029273829,0.0108867178
147,0.0038111802,0.0114764785
155,0.0047196591,0.0104987128
181,0.0039886060,0.0005478370
197,0.0021508788,0.0006944690
241,0.0024431946,0.0004610940
247,0.0020126848,0.0009734383
264,0.0029971340,0.0045852527
268,0.0022779554,0.0008173156
280,0.0031798796,0.0087201050
316,0.0022403835,0.0047797788
377,0.0019096558,0.0003660829
379,0.0021739564,0.0002760797
395,0.0027627497,0.0003016764
583,0.0023451071,0.0012981148
660,0.0037535413,0.0004742296
840,0.0031888354,0.0002980502
949,0.0021213445,0.0000655408
993,0.0019771124,0.0001131595
1140,0.0020628578,0.0000577428
1202,0.0025936915,0.0000238259
1410,0.0018243964,0.0000325650
1481,0.0020802420,0.0008332499
1691,0.0026579354,0.0001617730
1738,0.0023100769,0.0002142746
1794,0.0024984504,0.0003227391
1902,0.0029619270,0.0008830852
1926,0.0019157474,0.0000658353
2023,0.0019263804,0.0000000000
2152,0.0024089216,0.0002316635
2454,0.0021615773,0.0000036633
2581,0.0022867973,0.0001892293
2699,0.0018294769,0.0000049329
2710,0.0018363795,0.0000181109
2899,0.0018334283,0.0000211475
2903,0.0018227490,0.0000000000
2918,0.0018322166,0.0000702320
3015,0.0037601058,0.0000000000
3233,0.0018425105,0.0000346593
3556,0.0018367394,0.0000195519
3581,0.0018511438,0.0000000000
3786,0.0018190396,0.0001386056
4322,0.0019369262,0.0001565106
4457,0.0018286120,0.0000000730
4959,0.0018454905,0.0000151033
4963,0.0018247217,0.0000022829
4978,0.0020416679,0.0000006323
5005,0.0018586457,0.0000000000
5119,0.0018409827,0.0000359135
5299,0.0022432951,0.0000012553
5446,0.0019053967,0.0000544917
5541,0.0018498321,0.0000280465
5570,0.0018113241,0.0000000000
5588,0.0020951085,0.0000196669
5854,0.0021023630,0.0000000000
6067,0.0018180391,0.0000006882
6073,0.0018470246,0.0000000000
6089,0.0019364339,0.0000000000
6093,0.0020446473,0.0001301088
6147,0.0018112993,0.0000000000
6156,0.0018368390,0.0000000000
6236,0.0018173899,0.0000053517
6308,0.0018449468,0.0000000000
6355,0.0038273922,0.0001288251
6439,0.0018225866,0.0000139625
6670,0.0021739460,0.0000000000
6698,0.0021599838,0.0000000000
6835,0.0019144148,0.0000000000
6847,0.0018511899,0.0000000000
6963,0.0019252088,0.0000000000
7032,0.0018363124,0.0000000000
7363,0.0020772064,0.0000005685
7398,0.0025773175,0.0000000000
7429,0.0020921174,0.0001379614
7437,0.0018121436,0.0000000000
7563,0.0018352903,0.0000000000
7663,0.0018748874,0.0000000000
7750,0.0019978934,0.0000000000
7936,0.0018182968,0.0000000000
8100,0.0025629029,0.0000000000
8430,0.0018862682,0.0000000540
8595,0.0019486417,0.0000000000
8758,0.0018395153,0.0000000000
8834,0.0020880952,0.0000027451
9000,0.0018112697,0.0000000000
9056,0.0021092168,0.0000000000
9067,0.0018197900,0.0000000000
9134,0.0019202047,0.0000000000
9214,0.0020185311,0.0000000000
9289,0.0018532711,0.0000000000
9343,0.0018374489,0.0000000000
9394,0.0018115984,0.0000000000
9486,0.0018115062,0.0000000000
9556,0.0018160939,0.0000000000
98,0.0033303728,0.0031279025
209,0.0022576375,0.0043088823
236,0.0021543937,0.0083640788
281,0.0019334637,0.0004462373
308,0.0015659310,0.0007139858
414,0.0012647212,0.0004457676
442,0.0010047695,0.0000368167
450,0.0036949396,0.0002897830
473,0.0009273996,0.0007399098
539,0.0011508610,0.0003040337
601,0.0009767603,0.0002524262
603,0.0025300747,0.0008242989
639,0.0011179557,0.0002214967
673,0.0009082134,0.0000476504
701,0.0015122775,0.0042153219
745,0.0009119207,0.0001411113
750,0.0009432671,0.0006033179
752,0.0009382936,0.0004803591
886,0.0011742174,0.0011072410
902,0.0012479724,0.0000037563
916,0.0009377394,0.0003316008
921,0.0020621509,0.0002895770
927,0.0015378197,0.0036301008
929,0.0009789418,0.0003023173
1039,0.0041445610,0.0040405684
1100,0.0009889949,0.0001927938
1177,0.0017007814,0.0000161147
1267,0.0009820494,0.0004633492
1382,0.0029105229,0.0000020493
1388,0.0014811821,0.0001890914
1408,0.0017756693,0.0000000000
1436,0.0028085712,0.0005290685
1521,0.0019629257,0.0002271588
1615,0.0009297844,0.0006918101
1657,0.0010294122,0.0002743912
1695,0.0009319949,0.0001191671
1727,0.0012827947,0.0001383739
1785,0.0010906555,0.0001733904
1907,0.0008797612,0.0000171930
1969,0.0012001064,0.0036152443
2009,0.0009784764,0.0001682957
2084,0.0009118051,0.0000043660
2320,0.0009072082,0.0000000000
2382,0.0008810803,0.0001369304
2517,0.0011289037,0.0001814811
2806,0.0010338468,0.0000005741
2819,0.0022909514,0.0000000000
2988,0.0008940624,0.0000000145
3000,0.0012057376,0.0000329078
3027,0.0014672498,0.0000000000
3107,0.0009062385,0.0000000000
3127,0.0009051988,0.0000003543
3249,0.0016235346,0.0000026984
3366,0.0009176267,0.0000085290
3439,0.0010047296,0.0000031179
3588,0.0009352197,0.0000000000
3659,0.0008749380,0.0000010081
3904,0.0011830553,0.0000003765
4398,0.0020153589,0.0002499326
4472,0.0027648477,0.0000170914
4540,0.0008840666,0.0000464755
4541,0.0009096082,0.0000017255
4563,0.0015614122,0.0000054450
4593,0.0008690352,0.0001513356
4601,0.0008957159,0.0006451461
4631,0.0010883054,0.0000790498
4678,0.0008799903,0.0000000000
4901,0.0011142715,0.0000066045
4912,0.0009285617,0.0000000000
5080,0.0016295733,0.0000000000
5448,0.0010858645,0.0000184735
5648,0.0008791641,0.0000002824
5690,0.0033134901,0.0000000000
5897,0.0023498045,0.0000000000
5978,0.0008747042,0.0000137769
6270,0.0011381391,0.0000015289
6284,0.0014366793,0.0000019472
6557,0.0008674631,0.0000024467
6651,0.0009024626,0.0000000000
6865,0.0008847866,0.0000000000
7005,0.0033798732,0.0000000000
7066,0.0008724712,0.0000133247
7083,0.0008670844,0.0000024149
7564,0.0008675152,0.0000000000
7952,0.0008707037,0.0000000000
7990,0.0008728406,0.0000000000
8061,0.0008877076,0.0000000000
8225,0.0009451615,0.0000000000
8317,0.0011875076,0.0000513666
8409,0.0008849023,0.0000000000
8724,0.0008820055,0.0000000000
8798,0.0009155514,0.0000000000
8890,0.0009484119,0.0000000000
9174,0.0009000689,0.0000000000
9296,0.0009963182,0.0000000000
9804,0.0009168892,0.0000000000
169,0.0013474973,0.0092493218
269,0.0041718467,0.0047993656
271,0.0007031536,0.0006860976
323,0.0008702003,0.0043956852
452,0.0038323071,0.0000900740
959,0.0009910258,0.0002911929
1425,0.0007426027,0.0001885651
1517,0.0013213971,0.0001433476
1860,0.0006347235,0.0000993772
2240,0.0006524004,0.0000000000
2369,0.0006544584,0.0000000000
2370,0.0007755612,0.0000001815
3106,0.0012802653,0.0008851945
3126,0.0006463460,0.0000000000
3144,0.0011593072,0.0000000000
3406,0.0007283750,0.0000347407
3718,0.0010713225,0.0000866736
4012,0.0011988752,0.0002644946
4129,0.0006599091,0.0000000000
4373,0.0015085440,0.0000009723
4377,0.0006396645,0.0000000000
4654,0.0007203483,0.0000023180
4668,0.0012482236,0.0000000000
4686,0.0006545920,0.0000000000
4837,0.0008992679,0.0000144942
5010,0.0007315375,0.0000076525
5122,0.0006327280,0.0002834146
5627,0.0008992377,0.0000096744
5710,0.0007201978,0.0000000000
5951,0.0006374769,0.0000057846
6367,0.0006305696,0.0000093079
6538,0.0006403523,0.0000000000
6722,0.0006361329,0.0000002115
6974,0.0008464848,0.0000260760
7675,0.0006814343,0.0000000000
8086,0.0007077945,0.0000000000
8231,0.0006299821,0.0000000000
8806,0.0008790618,0.0000000000
8901,0.0006300650,0.0000000000
9457,0.0007440721,0.0000000000
9653,0.0006374939,0.0000000000
9944,0.0019180243,0.0000000000
83,0.0035372757,0.0014481571
114,0.0031017767,0.0003481433
119,0.0041970665,0.0016562632
125,0.0032501396,0.0022727774
168,0.0029284357,0.0000655526
220,0.0028947085,0.0008268760
229,0.0034612456,0.0051225198
258,0.0034063012,0.0000886108
309,0.0032201173,0.0043474711
353,0.0032667066,0.0006510410
364,0.0047697858,0.0004405374
373,0.0031680022,0.0005087434
374,0.0043531835,0.0036862373
413,0.0039692001,0.0000256004
490,0.0044815781,0.0004118751
492,0.0027848047,0.0004796506
546,0.0025364405,0.0041707309
574,0.0051329269,0.0005574863
670,0.0029611745,0.0000000000
688,0.0030897464,0.0000323900
777,0.0025282931,0.0002372490
806,0.0028591526,0.0000000000
836,0.0032132942,0.0000336506
869,0.0042333587,0.0000690348
885,0.0030272746,0.0000965560
893,0.0024851626,0.0008162381
930,0.0030563800,0.0000018522
1019,0.0030374291,0.0000170274
1064,0.0027616145,0.0006327390
1085,0.0029661485,0.0002993808
1144,0.0029544962,0.0000061000
1225,0.0025767487,0.0005412085
1393,0.0033829345,0.0000002773
1402,0.0027389401,0.0001310511
1448,0.0026683310,0.0000749545
1462,0.0028931087,0.0000044131
1617,0.0027446203,0.0003379049
1638,0.0030250807,0.0043302441
1812,0.0024800906,0.0001296744
1882,0.0028196665,0.0003395848
2029,0.0026308096,0.0000001216
2106,0.0031901488,0.0000000000
2132,0.0030498084,0.0000236096
2798,0.0027640611,0.0000721767
2979,0.0036781788,0.0000005843
3163,0.0027220909,0.0000000000
3312,0.0026099222,0.0000000000
3607,0.0026854241,0.0000000000
3617,0.0027429962,0.0008754498
3766,0.0024847640,0.0001673225
3853,0.0030480375,0.0001886055
3914,0.0030616396,0.0000982983
4185,0.0025110189,0.0000239254
4212,0.0024749783,0.0000015452
4241,0.0030919241,0.0000067095
4261,0.0035107267,0.0000417614
4286,0.0029216902,0.0000721644
4546,0.0024776011,0.0000018834
4761,0.0026497825,0.0000000000
4777,0.0025175187,0.0000000000
4850,0.0026887924,0.0000019659
4885,0.0024960461,0.0000000000
4893,0.0027871348,0.0000026997
5028,0.0024959765,0.0000024416
5088,0.0035388423,0.0000001693
5176,0.0024773989,0.0000238765
5233,0.0024930781,0.0000064499
5580,0.0028377426,0.0000005095
5605,0.0024781159,0.0000510889
5815,0.0025023654,0.0000000000
5929,0.0027438948,0.0000000000
6227,0.0024883962,0.0000000000
6448,0.0036297779,0.0000002029
6792,0.0028511518,0.0000227387
7236,0.0024729934,0.0000084430
7255,0.0024938711,0.0000000000
7428,0.0031016443,0.0000425858
7580,0.0025258580,0.0000000000
7583,0.0026693453,0.0000000000
7632,0.0024732135,0.0000665829
7691,0.0024932505,0.0000000000
7765,0.0026904523,0.0000000000
7791,0.0025093124,0.0035182262
7914,0.0024724041,0.0000000000
8208,0.0024769165,0.0001085115
8296,0.0024741224,0.0000000000
8978,0.0024856447,0.0000004670
9142,0.0024890028,0.0000000000
9199,0.0027037538,0.0000572970
9419,0.0024958478,0.0000000000
9813,0.0027280889,0.0000000000
9896,0.0029484833,0.0000000000
161,0.0003582240,0.0002962153
260,0.0017023468,0.0056755384
1022,0.0004087308,0.0000008677
1335,0.0003405492,0.0000650268
1374,0.0004056838,0.0004988073
1415,0.0014798535,0.0000321195
1422,0.0003443689,0.0005384581
1424,0.0006065058,0.0000609410
1772,0.0002966725,0.0000010079
1842,0.0003282869,0.0001819052
2047,0.0011265545,0.0000198987
2235,0.0003708248,0.0000091466
3176,0.0003016740,0.0000366459
3642,0.0008372968,0.0004834610
4113,0.0002817070,0.0000000000
4424,0.0006092337,0.0000000000
4438,0.0005754357,0.0000229142
5727,0.0002822470,0.0000000000
6385,0.0002815758,0.0000001178
7767,0.0002848501,0.0000000000
8961,0.0002854145,0.0000000000
9270,0.0002826015,0.0000000000
9445,0.0003120640,0.0000000000
9755,0.0002973267,0.0000000000
122,0.0031680418,0.0093472641
146,0.0028888979,0.0002235811
222,0.0038866509,0.0008319263
261,0.0029606479,0.0008696187
349,0.0029056447,0.0001913604
399,0.0030996544,0.0000057296
430,0.0023357710,0.0004155959
471,0.0029582389,0.0001571406
482,0.0027667458,0.0045227545
530,0.0024414560,0.0005351795
887,0.0024299670,0.0000000535
952,0.0023367735,0.0000127408
991,0.0028666688,0.0000491297
1175,0.0035599329,0.0000146274
1273,0.0023188538,0.0001177953
1281,0.0031383867,0.0001642047
1387,0.0029343865,0.0041993830
1404,0.0031790211,0.0002805572
1498,0.0023804029,0.0006393992
1512,0.0024924751,0.0000485496
1613,0.0035569228,0.0000000000
1659,0.0022928323,0.0000527789
1720,0.0025228393,0.0000404087
1781,0.0025484434,0.0000202843
1784,0.0026610995,0.0000741928
1797,0.0032532910,0.0000979326
1817,0.0027958312,0.0003325002
1862,0.0024991379,0.0000045507
2104,0.0026994843,0.0000000000
2207,0.0023439329,0.0001157825
2219,0.0025713413,0.0004947794
2236,0.0031708061,0.0035312093
2359,0.0024987236,0.0000004494
2539,0.0022809621,0.0000869259
2585,0.0023846192,0.0001456266
2894,0.0031429451,0.0000022357
3181,0.0023497395,0.0000000000
3317,0.0027254763,0.0000000719
3330,0.0023453693,0.0001897769
3437,0.0023418006,0.0000337488
3443,0.0022883304,0.0000083796
3452,0.0023629694,0.0000034324
3519,0.0022895953,0.0000006102
3637,0.0025315054,0.0000008625
3706,0.0024733034,0.0000000000
3817,0.0025661206,0.0000000000
3832,0.0022797377,0.0000000000
3961,0.0023329064,0.0000002296
4195,0.0022854043,0.0000059310
4231,0.0036872298,0.0000319092
4245,0.0025533150,0.0001387634
4276,0.0023176019,0.0000000000
4281,0.0023430138,0.0000020665
4345,0.0036272816,0.0000000000
4380,0.0023095665,0.0000000000
4428,0.0023373541,0.0001264209
4834,0.0023014108,0.0000000000
4876,0.0022913995,0.0000000000
5444,0.0022747394,0.0000000000
5481,0.0024881876,0.0000000000
5500,0.0026766194,0.0000000000
5555,0.0022770024,0.0036007841
5923,0.0023406179,0.0000016772
5973,0.0023286280,0.0001606173
6066,0.0022869086,0.0000132652
6141,0.0026408182,0.0001214393
6214,0.0022743523,0.0000000000
6692,0.0025782945,0.0000000163
7025,0.0025370088,0.0000000000
7029,0.0022964608,0.0000000000
7233,0.0022758460,0.0000000000
7345,0.0022772816,0.0000000000
7399,0.0022748060,0.0000000000
7593,0.0024371168,0.0000000000
7617,0.0022751140,0.0000000000
7641,0.0022794510,0.0000000000
7724,0.0022742682,0.0000000000
7950,0.0022775761,0.0000007628
8177,0.0023258209,0.0000000000
8241,0.0024740041,0.0000000000
8554,0.0031216958,0.0000000877
8632,0.0023038165,0.0000017301
8986,0.0022838935,0.0000002876
9242,0.0022857363,0.0000055632
9247,0.0022871234,0.0000000000
9254,0.0022984892,0.0000000000
9385,0.0022956656,0.0000000000
9678,0.0022742732,0.0000000000
9891,0.0022939126,0.0000000000
9927,0.0031154683,0.0000000000
619,0.0021219146,0.0004257731
1952,0.0002913715,0.0000000000
3227,0.0000359828,0.0000650952
3841,0.0009179268,0.0000000000
3892,0.0010743295,0.0000012512
4684,0.0000729591,0.0000000000
4828,0.0000744358,0.0000045376
4855,0.0005526825,0.0000000000
4895,0.0000827318,0.0000079018
5363,0.0001010535,0.0000212807
8402,0.0000283084,0.0000000000
113,0.0020491538,0.0054405895
137,0.0035602088,0.0042832320
143,0.0025497638,0.0005624859
173,0.0020207913,0.0052545849
192,0.0023367598,0.0003152669
274,0.0022366474,0.0004475117
330,0.0030816161,0.0002734341
334,0.0024633843,0.0005172835
385,0.0015553196,0.0015126829
427,0.0022884188,0.0002667234
525,0.0017478337,0.0000896295
665,0.0017050901,0.0046462359
691,0.0019213408,0.0001091633
723,0.0021438058,0.0000175474
825,0.0014605363,0.0000665488
864,0.0018165919,0.0036554799
1095,0.0016783659,0.0004742803
1489,0.0016417288,0.0000016095
1564,0.0014142211,0.0001098475
1573,0.0014832103,0.0000024309
1734,0.0014170633,0.0000835943
1759,0.0019750283,0.0036490543
2308,0.0022839070,0.0037797798
2568,0.0021212183,0.0000049180
2570,0.0014083101,0.0036271810
2896,0.0014423956,0.0000007333
2977,0.0014099173,0.0000008076
3053,0.0014930333,0.0002239909
3413,0.0014348992,0.0000014278
3550,0.0014104079,0.0002450260
3783,0.0019889305,0.0001456906
3890,0.0018687342,0.0002205006
3917,0.0015836381,0.0000006186
3937,0.0023434634,0.0000000000
4069,0.0014363165,0.0000009411
4178,0.0013681020,0.0000000000
4220,0.0013991830,0.0000011155
4378,0.0014364229,0.0000164274
4430,0.0014206141,0.0000021627
4609,0.0015893242,0.0000524019
4881,0.0013717611,0.0000487547
4943,0.0013786619,0.0001673608
5064,0.0014764779,0.0000023641
5325,0.0025061609,0.0000000000
5427,0.0013698775,0.0000025649
5544,0.0016809961,0.0000837564
5964,0.0013771696,0.0000000134
6037,0.0014033313,0.0000020161
6598,0.0019304762,0.0000000000
6704,0.0013722085,0.0000000000
6781,0.0013667139,0.0000019147
6910,0.0025875571,0.0000000000
7231,0.0013752479,0.0000000000
7338,0.0017838043,0.0000071793
7349,0.0013666477,0.0000000000
7926,0.0014783011,0.0000000000
8351,0.0032623323,0.0001379652
8378,0.0017130524,0.0000000000
8452,0.0019226588,0.0000000000
8725,0.0017963114,0.0000000000
8800,0.0014259938,0.0000000000
8881,0.0013663819,0.0004143697
9061,0.0013664083,0.0000000000
9379,0.0014492470,0.0000000000
9499,0.0015947465,0.0000000000
71,0.0024284599,0.0020359655
100,0.0024206622,0.0091070643
123,0.0018451106,0.0040335816
559,0.0013231216,0.0000457528
661,0.0007184709,0.0000018464
667,0.0007339650,0.0001862548
696,0.0007657700,0.0008592873
823,0.0012945628,0.0001236492
995,0.0008676407,0.0000019370
1088,0.0031369645,0.0004391103
1176,0.0011753603,0.0008083887
1365,0.0008622864,0.0000658845
1421,0.0007430816,0.0001069477
1566,0.0007542242,0.0002295238
1741,0.0020450243,0.0000475156
1841,0.0009268735,0.0000132294
1940,0.0008508388,0.0035811722
2171,0.0006153660,0.0000923746
2342,0.0006630452,0.0000880212
3501,0.0017453932,0.0000154327
3508,0.0015535129,0.0000036595
3585,0.0006287744,0.0000000000
3880,0.0008620487,0.0000000000
4317,0.0017148815,0.0000019641
4568,0.0006731432,0.0001201241
5826,0.0006457267,0.0000001595
5894,0.0011840780,0.0000298234
5989,0.0006370937,0.0000001238
6277,0.0008854621,0.0000000000
6363,0.0006129666,0.0000000383
6369,0.0006344883,0.0000000000
6612,0.0006091671,0.0000027402
7479,0.0006096354,0.0000000000
7697,0.0011897965,0.0000153027
7839,0.0010638358,0.0000032983
8051,0.0011905732,0.0000000000
8256,0.0006442628,0.0000000000
8713,0.0006241200,0.0000000000
8957,0.0007584749,0.0000000000
9166,0.0006284400,0.0000000000
9285,0.0006136168,0.0000000000
341,0.0018735030,0.0003189597
705,0.0003869949,0.0002998910
1686,0.0006503337,0.0000000000
1722,0.0003925412,0.0002021677
1768,0.0005838104,0.0000000000
2270,0.0004177299,0.0013939555
2489,0.0003934266,0.0001378556
2758,0.0004514043,0.0000000000
4146,0.0003981644,0.0000048650
4172,0.0003930087,0.0000197230
4510,0.0003800804,0.0000000000
5239,0.0004124958,0.0000232283
5347,0.0003751201,0.0000062871
6071,0.0003981908,0.0000883581
6666,0.0003732094,0.0000000000
6770,0.0004747123,0.0000000000
6813,0.0003942646,0.0000000000
8308,0.0006205785,0.0000000000
9311,0.0006276300,0.0000000000
936,0.0005361561,0.0000526359
1052,0.0001419226,0.0002702564
1059,0.0004187820,0.0001368236
1316,0.0001361244,0.0001727762
1651,0.0001937789,0.0000469917
1815,0.0001452830,0.0003653743
1881,0.0006723969,0.0000014971
2998,0.0004913343,0.0000045137
3216,0.0001672010,0.0006704586
3678,0.0001200426,0.0000000000
3685,0.0000887753,0.0000040691
4500,0.0004808607,0.0000551629
5268,0.0000956087,0.0000000000
6350,0.0001381500,0.0001336964
7145,0.0000895178,0.0000000000
7670,0.0000874256,0.0000018056
8614,0.0003747436,0.0000000000
8627,0.0002167264,0.0000000000
8629,0.0000883845,0.0000000000
101,0.0030059468,0.0123916899
144,0.0016623101,0.0055762039
327,0.0012596226,0.0002211496
435,0.0009769512,0.0003512258
536,0.0004949224,0.0002234405
720,0.0012412497,0.0006380451
968,0.0004687620,0.0002363426
1362,0.0004600893,0.0000019918
1693,0.0006893639,0.0000108825
1837,0.0008479351,0.0000921067
1967,0.0004973761,0.0002179883
2059,0.0004735078,0.0000674362
2110,0.0005403832,0.0000000000
2368,0.0007402931,0.0000184253
2778,0.0004599999,0.0000020876
2907,0.0004778117,0.0000018068
3076,0.0007337942,0.0004784700
3441,0.0004507681,0.0002454614
3708,0.0007629304,0.0000771766
3780,0.0010266746,0.0000027573
3825,0.0004549244,0.0000358183
3953,0.0007050264,0.0000000000
4101,0.0004264575,0.0000014117
4160,0.0006448168,0.0000003361
4715,0.0005704474,0.0000046788
4790,0.0004745911,0.0000000000
5134,0.0004271345,0.0000312302
5348,0.0006044524,0.0000024167
5406,0.0004500066,0.0000000000
5467,0.0004786304,0.0000887824
5714,0.0007438147,0.0000173591
5829,0.0004538870,0.0000000000
6178,0.0004228951,0.0000000000
6192,0.0004696853,0.0000242702
6241,0.0004421236,0.0000268012
6304,0.0015941952,0.0000000000
6307,0.0004261093,0.0000003005
6464,0.0004287783,0.0000000030
6703,0.0013183601,0.0000000000
6705,0.0004233318,0.0000000000
7022,0.0004300549,0.0000000000
7211,0.0004517954,0.0000021642
7266,0.0004503141,0.0000000000
7579,0.0004478819,0.0000000000
7620,0.0004216833,0.0000000000
7904,0.0004420689,0.0000003379
9903,0.0004344619,0.0000000000
300,0.0037787940,0.0097699167
477,0.0022882805,0.0000418451
489,0.0022188019,0.0081072179
527,0.0018284185,0.0008370459
608,0.0017083696,0.0007949859
1168,0.0017285674,0.0000000000
1194,0.0014437502,0.0036174347
1401,0.0017337344,0.0000486120
1461,0.0014880948,0.0000000000
1606,0.0014486837,0.0000017031
1676,0.0017926873,0.0003004724
1697,0.0017576195,0.0001159094
1758,0.0015011739,0.0000435620
1901,0.0016701404,0.0000255821
2226,0.0014862661,0.0000019064
2457,0.0017381767,0.0002895135
2772,0.0016493112,0.0000161236
3043,0.0014171574,0.0000469305
3065,0.0014258823,0.0000000000
3357,0.0014456223,0.0000743526
3446,0.0025536782,0.0000148411
3594,0.0017284102,0.0000000000
4021,0.0014118818,0.0000000000
4066,0.0014456805,0.0000001522
4162,0.0014225182,0.0002019150
4165,0.0016955006,0.0000072485
4180,0.0016085648,0.0000569580
4244,0.0020108540,0.0000081256
4310,0.0025032413,0.0000196932
4551,0.0014107069,0.0000004268
4886,0.0021476002,0.0000000000
5056,0.0014310682,0.0000000000
5720,0.0034176068,0.0000005843
6189,0.0016350169,0.0000000000
6338,0.0014197062,0.0000000000
7092,0.0014306433,0.0000667890
7178,0.0014315790,0.0000000000
7606,0.0015101183,0.0000000000
8030,0.0014324537,0.0000000000
9022,0.0019146412,0.0000000000
9231,0.0014198901,0.0000000000
9395,0.0014369071,0.0000000000
9473,0.0022354038,0.0000000000
9776,0.0014115251,0.0000000000
9961,0.0014136108,0.0000000000
243,0.0009207281,0.0010657620
622,0.0016969710,0.0000267246
649,0.0011384657,0.0000482521
650,0.0009370084,0.0002571245
704,0.0019463852,0.0005263931
928,0.0009307833,0.0000227119
1138,0.0038461119,0.0000406769
1162,0.0009107388,0.0001459009
1179,0.0009499439,0.0000229926
1197,0.0009158299,0.0000000000
1213,0.0010998259,0.0005891440
1238,0.0014901463,0.0000135396
1291,0.0009151405,0.0000915631
1297,0.0009693905,0.0000344088
1391,0.0010117369,0.0005978016
1463,0.0009180728,0.0000502388
1483,0.0009060360,0.0003065319
1614,0.0009119572,0.0006459165
1723,0.0017566954,0.0010438003
1893,0.0013289217,0.0000027522
2118,0.0017443723,0.0002032529
2181,0.0008936708,0.0001197212
2376,0.0011374230,0.0002678080
2416,0.0009089371,0.0001401960
2516,0.0008745133,0.0000400046
2642,0.0008805159,0.0000014651
2693,0.0008966045,0.0000181454
2826,0.0008999928,0.0000381083
2831,0.0010496406,0.0000000000
2842,0.0021380169,0.0000040247
2940,0.0008731997,0.0000005808
2941,0.0012861515,0.0037913136
3170,0.0009338118,0.0000000000
3179,0.0012032931,0.0000000000
3197,0.0008842904,0.0000011245
3284,0.0011804455,0.0000313012
3384,0.0009048959,0.0000000000
3444,0.0017866566,0.0001893458
3548,0.0009549348,0.0000169307
3549,0.0008665140,0.0001456785
3564,0.0014468727,0.0000000000
3711,0.0008730500,0.0000651153
3906,0.0008866642,0.0000001950
3941,0.0009148327,0.0000000000
4006,0.0008827351,0.0006200236
4032,0.0008821312,0.0000000000
4056,0.0009155499,0.0000051804
4145,0.0009254564,0.0000132039
4152,0.0008828733,0.0002591439
4407,0.0012747710,0.0000000000
4675,0.0008798462,0.0001720134
4697,0.0010309652,0.0000000000
4821,0.0014632113,0.0000000000
4985,0.0008719419,0.0000391875
5180,0.0008780778,0.0000877104
5354,0.0021464529,0.0000000000
5551,0.0009948341,0.0000000000
5718,0.0010076721,0.0000020952
5819,0.0008705175,0.0000000554
5916,0.0019102761,0.0000002023
6509,0.0024213983,0.0000000000
6522,0.0010820525,0.0000173571
6540,0.0009618994,0.0000193730
7045,0.0008692074,0.0000147225
7061,0.0009628014,0.0002035521
7376,0.0012606458,0.0000439034
7396,0.0008775083,0.0000012080
7657,0.0008735349,0.0000000000
8068,0.0019756104,0.0000000000
8486,0.0008858709,0.0000000000
8892,0.0008948413,0.0000000000
9020,0.0008792455,0.0000039497
9131,0.0011295553,0.0000000000
9218,0.0008722946,0.0001385705
9251,0.0009559870,0.0000000000
9831,0.0008764413,0.0000000000
9863,0.0008747710,0.0000000000
199,0.0009894654,0.0011882050
338,0.0010850632,0.0000851808
519,0.0014142401,0.0002197579
524,0.0010108568,0.0006613699
675,0.0012894972,0.0017029865
736,0.0008965208,0.0000000000
917,0.0008419395,0.0011303580
934,0.0014815790,0.0073158924
935,0.0026123787,0.0006598669
1063,0.0006547606,0.0002565064
1284,0.0006796506,0.0006394701
1300,0.0005932250,0.0001799079
1314,0.0013770986,0.0004211114
1319,0.0005904478,0.0005310348
1417,0.0006589888,0.0000000000
1520,0.0007784894,0.0002036321
1535,0.0005845803,0.0000019362
1798,0.0020030637,0.0000267441
1805,0.0006649560,0.0000185621
1919,0.0006078674,0.0002733142
2173,0.0005585432,0.0000005118
2238,0.0005502475,0.0006115722
2756,0.0005481962,0.0000375333
3261,0.0006438618,0.0002566698
3527,0.0005931143,0.0000332966
3562,0.0010031497,0.0001886285
3693,0.0005592822,0.0000778229
3703,0.0005867973,0.0000062838
4050,0.0005958872,0.0000063730
4515,0.0005418687,0.0000000000
4922,0.0008074213,0.0000132244
5112,0.0010601823,0.0000022358
5153,0.0005611130,0.0000000000
5283,0.0005424397,0.0000000000
5389,0.0006751756,0.0000278124
5673,0.0005567931,0.0000014322
5809,0.0011270333,0.0000000000
6081,0.0005635719,0.0000000000
7060,0.0005424807,0.0000000000
7218,0.0005447570,0.0000000708
7458,0.0013244933,0.0000000048
7831,0.0005555397,0.0000000000
8048,0.0006001636,0.0000041109
9059,0.0009159429,0.0000000000
9892,0.0005413548,0.0000000000
9895,0.0005402746,0.0000000000
205,0.0016238108,0.0004538630
393,0.0003015927,0.0002565938
556,0.0009200076,0.0005559881
776,0.0003199870,0.0000923561
833,0.0002834176,0.0005904095
1594,0.0005571940,0.0038786683
1705,0.0004889228,0.0000579737
1755,0.0002736286,0.0000162200
2064,0.0006559303,0.0001650443
2144,0.0003287182,0.0000889511
2425,0.0008109465,0.0000092440
2557,0.0006082854,0.0004460748
2917,0.0004892239,0.0000264335
3151,0.0008957869,0.0000257808
3251,0.0010911233,0.0000156868
3390,0.0003102301,0.0000000000
4097,0.0002653865,0.0000035171
4590,0.0002808812,0.0003221731
4952,0.0005434400,0.0000000000
5642,0.0002715288,0.0000016726
5905,0.0002670800,0.0000000000
6984,0.0006816137,0.0000000000
7186,0.0003715642,0.0000000088
7356,0.0007861316,0.0000000000
7613,0.0005328527,0.0000000000
7781,0.0002596256,0.0000005808
8771,0.0002929235,0.0000000000
130,0.0016486362,0.0004885592
158,0.0017679227,0.0013001240
360,0.0026947774,0.0002679600
496,0.0012092281,0.0006142602
867,0.0011024603,0.0000002364
889,0.0011419948,0.0000689207
892,0.0011481850,0.0003306314
957,0.0012000622,0.0000187607
970,0.0017279852,0.0001994439
1090,0.0014834581,0.0042372070
1292,0.0013977048,0.0000000000
1303,0.0014185184,0.0001080259
1307,0.0011930757,0.0000644874
1660,0.0012577665,0.0000516265
1664,0.0014147148,0.0001737905
1684,0.0011657738,0.0001555154
1685,0.0011023717,0.0001284432
1804,0.0011000644,0.0001391084
1971,0.0011229390,0.0000475221
2261,0.0011809431,0.0000864097
2597,0.0010998747,0.0000000000
2659,0.0011901898,0.0001542307
2767,0.0011084192,0.0000239948
2844,0.0010942076,0.0000140843
2864,0.0010810976,0.0000676544
2912,0.0011503343,0.0000395069
2925,0.0011077303,0.0000031367
3169,0.0014664011,0.0000530202
3545,0.0011140759,0.0000210017
3553,0.0010776245,0.0000000000
3921,0.0011137443,0.0000000000
3974,0.0030933447,0.0000000000
4107,0.0011882198,0.0004213050
4188,0.0011145253,0.0000000000
4700,0.0010775926,0.0000412010
4701,0.0022127694,0.0000014162
5110,0.0010975884,0.0000019120
5217,0.0013110128,0.0000008198
5240,0.0014286633,0.0000003857
5591,0.0010785667,0.0000034356
5972,0.0024031172,0.0000000000
6206,0.0010900357,0.0000256070
6207,0.0030862211,0.0000000000
6314,0.0011986141,0.0000000000
6399,0.0011600304,0.0000000000
6882,0.0010854809,0.0000000000
7296,0.0010793794,0.0002562435
7692,0.0011933966,0.0000000000
7895,0.0011926584,0.0000000119
8037,0.0011278889,0.0000000000
8230,0.0012978739,0.0000000000
8543,0.0010822947,0.0000000000
8777,0.0010904124,0.0000000000
9006,0.0010775926,0.0000000000
9581,0.0013788175,0.0000000000
9962,0.0011208788,0.0000000000
216,0.0014019771,0.0140758574
319,0.0011700885,0.0096093420
387,0.0009565594,0.0007582366
403,0.0009333769,0.0000270061
719,0.0010246842,0.0000617115
1152,0.0013053165,0.0002487928
1592,0.0008637894,0.0001814686
1598,0.0017112557,0.0007560974
1789,0.0029041387,0.0000457015
1833,0.0009304436,0.0000667899
1936,0.0009502656,0.0000172353
2002,0.0009009498,0.0001776260
2005,0.0009442452,0.0000026400
2031,0.0008851272,0.0001098660
2287,0.0014107969,0.0000000000
2549,0.0008923392,0.0000000000
2923,0.0008377802,0.0001141917
3007,0.0012023858,0.0000306378
3480,0.0008693388,0.0001209974
3707,0.0008686714,0.0000000000
3878,0.0008607760,0.0000051995
4090,0.0009661031,0.0000000000
4181,0.0008881838,0.0000000000
4240,0.0008566949,0.0000000000
5366,0.0014387332,0.0005999079
5542,0.0011697426,0.0000013424
5549,0.0008652207,0.0000101013
6083,0.0009661814,0.0000000000
6218,0.0009093661,0.0000460493
6977,0.0009573213,0.0002305489
7249,0.0009371155,0.0000029548
7393,0.0008355365,0.0000015028
7648,0.0008499659,0.0000000000
7743,0.0008462707,0.0000000000
7809,0.0008278329,0.0000000000
7827,0.0008590092,0.0000017728
7869,0.0008278356,0.0000000000
7873,0.0009401463,0.0000039201
8290,0.0008326392,0.0000000000
8615,0.0008572610,0.0000000000
9126,0.0016868970,0.0000000000
9908,0.0008420175,0.0000000000
126,0.0023372028,0.0037941240
278,0.0008792112,0.0003695108
404,0.0018769612,0.0005573812
408,0.0009091930,0.0002362348
429,0.0017189314,0.0000494828
587,0.0006715367,0.0006569575
767,0.0006201763,0.0000029306
856,0.0013589095,0.0046250784
994,0.0014858216,0.0035334886
1026,0.0009652452,0.0003056523
1078,0.0026090737,0.0007831507
1271,0.0006518936,0.0000426043
1368,0.0006603719,0.0000010305
1409,0.0007451517,0.0001611181
1625,0.0011139470,0.0000000000
1801,0.0006777939,0.0000885823
2146,0.0006181568,0.0002566371
2596,0.0006516924,0.0000026442
2626,0.0008166449,0.0000000000
2655,0.0006862611,0.0000402101
2715,0.0007964759,0.0000847416
2820,0.0005972809,0.0001464725
3440,0.0008940794,0.0000325920
3997,0.0006282282,0.0000026960
4027,0.0011250196,0.0000215190
4258,0.0005980072,0.0000000000
4416,0.0005904629,0.0000000000
4543,0.0009462009,0.0000002602
4746,0.0011158646,0.0000000000
4884,0.0006433012,0.0000052512
4889,0.0006352001,0.0000334664
5013,0.0005938467,0.0000000000
5461,0.0026722507,0.0000028897
5745,0.0006475870,0.0000000000
6890,0.0005924590,0.0000000000
7729,0.0005909552,0.0000968652
8004,0.0006799264,0.0000000000
8055,0.0005934864,0.0000022414
8772,0.0006132435,0.0000000000
8853,0.0005956461,0.0000000000
9036,0.0006146050,0.0000000000
9598,0.0005904740,0.0000000000
9699,0.0005906201,0.0000000000
9913,0.0008933209,0.0000000000
9917,0.0009831945,0.0000000000
9987,0.0006334929,0.0000000000
240,0.0006182107,0.0047681130
552,0.0008982846,0.0009745707
644,0.0011743126,0.0007610500
800,0.0014454784,0.0003483820
1028,0.0009778875,0.0000137642
1807,0.0005707221,0.0001529359
1921,0.0011906822,0.0000023317
1957,0.0007182692,0.0003162476
2252,0.0006816172,0.0000061685
2421,0.0008395816,0.0035915225
2665,0.0009613295,0.0001173553
2910,0.0009071976,0.0000000961
4205,0.0005848899,0.0000425019
4504,0.0006504386,0.0000000000
5902,0.0005525296,0.0000000000
5927,0.0009301588,0.0001373889
6079,0.0006220257,0.0000001117
6418,0.0006056990,0.0000000000
6452,0.0010733735,0.0003137729
6585,0.0005666414,0.0000181860
7511,0.0006879856,0.0000000000
7710,0.0010789870,0.0000031028
7712,0.0005545352,0.0000000000
8146,0.0008644459,0.0000000000
8198,0.0005556190,0.0000000000
8348,0.0005875459,0.0000000000
8434,0.0005735386,0.0000000000
9258,0.0006101182,0.0000000000
9693,0.0005591882,0.0000000000
9937,0.0006884807,0.0000000000
396,0.0005182149,0.0010981948
456,0.0002655961,0.0001891673
1635,0.0002642720,0.0002788565
1757,0.0002685534,0.0000511733
1858,0.0002519111,0.0001641314
1960,0.0005494910,0.0000000000
2351,0.0008342455,0.0000719475
2518,0.0003731380,0.0000031890
2520,0.0002301460,0.0036237038
2574,0.0005404658,0.0000013539
2618,0.0002253465,0.0000239419
2840,0.0002496058,0.0003273304
2888,0.0002894270,0.0000006412
3596,0.0007812938,0.0000258161
3820,0.0005412563,0.0000000000
4574,0.0006017898,0.0000024655
4687,0.0004927979,0.0000009387
4783,0.0002456800,0.0000000000
5109,0.0002572919,0.0000000000
5364,0.0002838514,0.0000000000
5582,0.0002974973,0.0002543711
5991,0.0002178513,0.0000059570
6142,0.0011572276,0.0000074949
6273,0.0002229505,0.0000000000
6331,0.0002936103,0.0000005226
6632,0.0002162984,0.0000258724
7011,0.0002147889,0.0000000000
7505,0.0006774973,0.0000178662
7586,0.0002418956,0.0000000000
7958,0.0002156605,0.0000000000
8131,0.0002303551,0.0000000000
8496,0.0002271797,0.0000000000
8686,0.0002150683,0.0000000000
8722,0.0002153982,0.0000000000
9255,0.0003074653,0.0000000000
9463,0.0008109771,0.0000000000
9685,0.0002412575,0.0000000000
9989,0.0002190002,0.0000000000
154,0.0020298168,0.0004468662
3850,0.0000308064,0.0000000000
5071,0.0000268310,0.0000287171
5411,0.0004862005,0.0000064906
5977,0.0003140107,0.0000000000
7846,0.0000241173,0.0000021944
151,0.0020726656,0.0061877741
306,0.0035797215,0.0014538071
439,0.0014578142,0.0000597099
1272,0.0011986306,0.0000086713
1603,0.0012631582,0.0000000000
2150,0.0015288166,0.0000072729
2991,0.0018831592,0.0000499956
3578,0.0011701615,0.0001221537
3782,0.0012061117,0.0000005576
4615,0.0012103292,0.0000308744
4778,0.0011865352,0.0000000000
5105,0.0013685366,0.0000000000
5192,0.0012469179,0.0000012807
5452,0.0011536512,0.0000189364
5577,0.0014458581,0.0000005775
6297,0.0011608861,0.0001699957
6937,0.0011514846,0.0000000000
8903,0.0011566983,0.0000044249
8990,0.0011502436,0.0000000000
171,0.0009462036,0.0047391975
265,0.0006554688,0.0005607875
625,0.0008102652,0.0001998620
1311,0.0008114967,0.0000551919
1329,0.0009132849,0.0000488462
1423,0.0011207240,0.0012457260
2386,0.0008570886,0.0000186837
2766,0.0018025358,0.0000365806
2809,0.0006714738,0.0000377310
3472,0.0006361225,0.0039352844
3558,0.0006080112,0.0000000000
3837,0.0008338866,0.0000000000
3933,0.0017021933,0.0000016754
3973,0.0006038791,0.0000149185
4193,0.0009020096,0.0000899048
6899,0.0006435673,0.0000000000
7474,0.0006123950,0.0000472718
7703,0.0008563535,0.0000000000
7758,0.0006070386,0.0000000000
7858,0.0006056821,0.0000243142
8759,0.0005998089,0.0000000000
9941,0.0006035222,0.0000000000
1038,0.0001058754,0.0000001572
1518,0.0006964045,0.0000384871
3028,0.0001119159,0.0001208149
3555,0.0001158344,0.0000403979
4253,0.0003072775,0.0000012404
5321,0.0000519980,0.0000000000
5336,0.0000783847,0.0000000000
8578,0.0000552597,0.0000000000
658,0.0005668275,0.0001221039
728,0.0002090004,0.0007424671
1237,0.0007714542,0.0001278113
1891,0.0001469198,0.0007183358
2087,0.0010371254,0.0000427905
2296,0.0001953931,0.0000351669
2371,0.0007110032,0.0005253624
2402,0.0025610139,0.0004815169
2702,0.0001985932,0.0072073233
2760,0.0001544930,0.0003299601
2776,0.0003434545,0.0003675253
3091,0.0001637207,0.0001288761
3346,0.0001392650,0.0000132557
4602,0.0004565147,0.0000151830
4788,0.0001492629,0.0000000000
4853,0.0002272265,0.0000000000
4981,0.0001819510,0.0000000000
5086,0.0001604081,0.0000412871
5428,0.0003773527,0.0000056512
6003,0.0010182242,0.0000033223
6151,0.0001964861,0.0000000000
6893,0.0004863240,0.0000000000
7624,0.0001772959,0.0000000000
8357,0.0001806316,0.0000000000
9894,0.0001387158,0.0000000000
541,0.0015252567,0.0002575423
611,0.0009911138,0.0001891049
641,0.0018156140,0.0002712533
855,0.0030261675,0.0008891133
984,0.0009834971,0.0001288738
1107,0.0029636452,0.0020689874
1367,0.0012400394,0.0002309877
1987,0.0012973453,0.0003735775
2584,0.0016401403,0.0000310282
2753,0.0015846959,0.0000873338
2947,0.0009565601,0.0006911887
2970,0.0014747800,0.0004804669
4291,0.0009597533,0.0001136665
4506,0.0011274493,0.0001522999
6332,0.0010414678,0.0001220726
6379,0.0009624612,0.0000038494
7108,0.0009697680,0.0000000000
7481,0.0009528641,0.0000000000
7649,0.0009697735,0.0000382475
7835,0.0009530539,0.0000010350
8703,0.0009513012,0.0000000000
8790,0.0029714926,0.0000000000
9076,0.0012102309,0.0000000000
9833,0.0009854994,0.0000000000
9982,0.0009485024,0.0000000000
110,0.0032511966,0.0019476081
153,0.0029467046,0.0042232082
157,0.0024078297,0.0009680465
170,0.0027250007,0.0006221961
179,0.0022487383,0.0006921800
195,0.0024512874,0.0013390086
237,0.0026279750,0.0038076094
253,0.0023414190,0.0038811307
257,0.0026667213,0.0002624252
321,0.0021482624,0.0043031042
352,0.0020866682,0.0007208864
392,0.0051778383,0.0000333577
433,0.0029066785,0.0001653847
529,0.0024216161,0.0002964275
666,0.0020466577,0.0000353871
865,0.0021388276,0.0004809939
973,0.0023256736,0.0003073289
1210,0.0023959718,0.0000010209
1249,0.0022892715,0.0003697532
1276,0.0026672920,0.0002362387
1395,0.0020458392,0.0037401585
1449,0.0020763331,0.0000891633
1599,0.0021042851,0.0000271508
1643,0.0020468089,0.0001107439
1711,0.0020668337,0.0003643196
1854,0.0040518362,0.0000000000
1883,0.0020863327,0.0000039065
2218,0.0020230975,0.0000000000
2307,0.0021115611,0.0000000000
2781,0.0020483365,0.0000015489
2956,0.0027012859,0.0000222639
3189,0.0021664694,0.0000000000
3342,0.0026045035,0.0000019449
3521,0.0020399030,0.0004157773
3542,0.0020317549,0.0000007179
3658,0.0026749717,0.0000230799
3812,0.0020200266,0.0001889855
3814,0.0020300713,0.0000000000
4176,0.0020546142,0.0000000000
4232,0.0020325412,0.0041804484
4429,0.0020822567,0.0000166069
4665,0.0020956314,0.0000000000
4786,0.0023742256,0.0000000000
4823,0.0020317286,0.0000000000
4994,0.0027996199,0.0001528998
5185,0.0020607030,0.0000000000
5578,0.0020574419,0.0001099041
5660,0.0020314540,0.0000000000
6019,0.0020676217,0.0000000000
6069,0.0022711702,0.0000000000
6181,0.0020966971,0.0000000000
6431,0.0020426607,0.0000000000
6718,0.0020262953,0.0000022029
7685,0.0039134512,0.0000000000
7942,0.0022689125,0.0000000000
8138,0.0026110942,0.0000000000
8274,0.0020309137,0.0000000000
8822,0.0020261571,0.0000000000
9412,0.0020214384,0.0000000000
9573,0.0020214793,0.0000000000
9597,0.0023627675,0.0000000000
9803,0.0020388380,0.0000000000
307,0.0006305394,0.0003068530
335,0.0006260329,0.0085522930
459,0.0008732682,0.0009100958
573,0.0006189255,0.0003263346
872,0.0010509384,0.0000185381
1051,0.0009538959,0.0000877053
1459,0.0020104697,0.0004847975
1632,0.0007594892,0.0002181440
2638,0.0007997686,0.0000000000
2913,0.0013113507,0.0004358946
3412,0.0008811580,0.0000212169
3492,0.0006725682,0.0001312800
3626,0.0007240911,0.0004162466
3672,0.0006914827,0.0000083179
4328,0.0006055093,0.0000234474
5024,0.0006222771,0.0000000000
5742,0.0008817862,0.0000000225
6244,0.0005947239,0.0000651491
7156,0.0005888891,0.0000000000
8342,0.0007049709,0.0000000000
8350,0.0005874062,0.0000080842
9427,0.0008078579,0.0000000000
9484,0.0005970298,0.0000000719
9613,0.0005945887,0.0000000000
9686,0.0008732744,0.0000000000
85,0.0025866049,0.0015003165
159,0.0026878010,0.0027279301
400,0.0019853735,0.0014692639
417,0.0020908726,0.0006895091
422,0.0027514828,0.0002357095
515,0.0026425536,0.0000647798
576,0.0024759634,0.0001978603
631,0.0019893642,0.0001719711
794,0.0020467828,0.0001020138
1015,0.0022122012,0.0005493827
1188,0.0022128981,0.0000225920
1304,0.0019924338,0.0006769321
1431,0.0019624464,0.0000806397
1584,0.0024426299,0.0002537150
1631,0.0022447397,0.0037192869
1793,0.0019379476,0.0006551469
1872,0.0020120452,0.0000537915
2234,0.0027926846,0.0000630423
2253,0.0019509359,0.0000087698
2468,0.0027486664,0.0001619168
2625,0.0020062049,0.0000019606
2713,0.0020528937,0.0000231560
2728,0.0022548657,0.0000366398
2745,0.0019148290,0.0007821064
2775,0.0022089376,0.0001160832
2920,0.0031971746,0.0001854569
2983,0.0024069256,0.0000000000
3014,0.0019412061,0.0001339402
3391,0.0019373913,0.0000845586
3468,0.0020116075,0.0000450186
3569,0.0019338138,0.0000816442
3681,0.0019124553,0.0000244514
3877,0.0019081062,0.0000065087
4017,0.0019710779,0.0000012518
4023,0.0019113294,0.0000000791
4323,0.0019382475,0.0000000000
4393,0.0019680702,0.0000000000
4592,0.0019490257,0.0000000000
4770,0.0019320877,0.0000038785
4857,0.0019302359,0.0000241139
4940,0.0022005557,0.0000421980
5362,0.0019840676,0.0000054681
5439,0.0022410741,0.0000002120
5501,0.0024048025,0.0000029026
5516,0.0019726399,0.0000000000
5691,0.0021288703,0.0000000000
5775,0.0019881431,0.0000000000
5935,0.0023514876,0.0000000000
6150,0.0019470965,0.0000000000
6225,0.0019162715,0.0002163642
6229,0.0019136712,0.0000000000
6609,0.0019087997,0.0000000000
6776,0.0019110078,0.0000000000
6976,0.0019594931,0.0000563562
7379,0.0024040534,0.0000000000
7394,0.0019344366,0.0000000000
7450,0.0019267844,0.0000015910
7492,0.0019224232,0.0000000000
7552,0.0019921732,0.0000000000
7752,0.0019245258,0.0000000000
7763,0.0023515507,0.0000000000
7998,0.0019291542,0.0000000000
8097,0.0019079944,0.0000054339
8765,0.0025034960,0.0000000000
8876,0.0022126465,0.0000000000
9522,0.0019088431,0.0000000000
9657,0.0019157251,0.0000000000
9712,0.0019694559,0.0000000000
9923,0.0019799065,0.0000000000
582,0.0004145947,0.0003581782
933,0.0000989813,0.0008521618
1577,0.0000818288,0.0000000000
2237,0.0000671724,0.0001212732
2378,0.0000831878,0.0000000000
3991,0.0000546719,0.0000000000
6627,0.0000661803,0.0000000000
6665,0.0000760011,0.0000000000
7820,0.0000343011,0.0000000000
8171,0.0000540125,0.0000000000
8288,0.0000390315,0.0000000000
8472,0.0000370836,0.0000000000
1123,0.0003694736,0.0000064247
2712,0.0000794068,0.0000079501
4682,0.0002796981,0.0000000000
5395,0.0006178047,0.0004129812
5796,0.0000478367,0.0001865579
595,0.0020423969,0.0000777832
617,0.0017101627,0.0004386106
680,0.0011947566,0.0000801082
708,0.0014085534,0.0000971989
1150,0.0014321175,0.0000408736
1336,0.0013724209,0.0000681338
1633,0.0020161382,0.0002310611
1654,0.0014747824,0.0036463457
1776,0.0012301802,0.0002943338
2072,0.0011592953,0.0000025369
2089,0.0015697496,0.0000528277
2221,0.0015907205,0.0000000000
2339,0.0017106220,0.0000155101
2639,0.0011560916,0.0000000000
2971,0.0017490150,0.0000044736
3026,0.0011706584,0.0000385782
3265,0.0016579178,0.0000003422
4079,0.0011928083,0.0000000000
4392,0.0011535928,0.0000000000
4604,0.0017939634,0.0000491409
4863,0.0013821367,0.0000000000
4904,0.0011623343,0.0003357790
5655,0.0012558425,0.0000000000
5937,0.0014936397,0.0000000000
6496,0.0011499141,0.0000000000
6772,0.0011494226,0.0000015277
7558,0.0011544566,0.0000000000
7665,0.0013936752,0.0000000000
8065,0.0015139552,0.0000000000
8560,0.0011596540,0.0000000000
8828,0.0011450923,0.0000000000
8952,0.0017430532,0.0000000000
8973,0.0012149768,0.0000000000
226,0.0011193697,0.0002880580
540,0.0011773710,0.0000072352
682,0.0011305800,0.0002026942
1219,0.0004087512,0.0001658129
1244,0.0014466895,0.0001170403
1265,0.0009029123,0.0002302046
1380,0.0004012638,0.0000989148
2176,0.0004063653,0.0000502712
2943,0.0004279141,0.0004269262
3034,0.0003782233,0.0000000000
3502,0.0003850779,0.0000025216
3838,0.0006064168,0.0000000000
3963,0.0004100425,0.0001152581
5154,0.0004124048,0.0001229021
5455,0.0005009995,0.0000730435
5696,0.0003879914,0.0000062715
5940,0.0003701829,0.0000669778
6512,0.0004254156,0.0000000000
6951,0.0004368131,0.0000000000
7043,0.0003739905,0.0000000000
8253,0.0005197097,0.0000000000
8639,0.0007153535,0.0000000000
9084,0.0007452673,0.0000000000
653,0.0005568415,0.0000243238
718,0.0008666703,0.0000443230
791,0.0006020868,0.0004176277
1128,0.0004342343,0.0000698072
1649,0.0008522177,0.0000000000
1923,0.0007688878,0.0000030284
2407,0.0004551549,0.0000204127
3194,0.0004318886,0.0000768610
3649,0.0006561140,0.0000000000
3721,0.0006934878,0.0036999193
3958,0.0007570159,0.0001118703
4092,0.0004658619,0.0000000000
4586,0.0011970551,0.0000012634
4824,0.0004292059,0.0000268037
5161,0.0005011149,0.0000003658
5723,0.0004541869,0.0000893459
7373,0.0006850731,0.0000000000
7401,0.0004282952,0.0000000000
7493,0.0004301432,0.0000000000
8960,0.0004360294,0.0000000000
508,0.0009487435,0.0003317749
732,0.0006749156,0.0005017014
756,0.0008458763,0.0001277618
1184,0.0015835209,0.0001976057
1669,0.0006300774,0.0001229057
1769,0.0006510363,0.0001361400
2300,0.0006538990,0.0000060384
2647,0.0006259267,0.0000283410
2945,0.0006884055,0.0003421289
2953,0.0009365353,0.0000299594
3644,0.0006557639,0.0000149315
3757,0.0009243864,0.0000788775
4235,0.0006711945,0.0000000000
4785,0.0006934025,0.0000352665
4867,0.0006305472,0.0000000000
5000,0.0006373950,0.0004713498
5218,0.0006406497,0.0000000000
5615,0.0006477310,0.0000000027
5879,0.0006283774,0.0000000000
5952,0.0006992612,0.0000000000
8072,0.0006276063,0.0000166286
8538,0.0006281012,0.0000004866
8628,0.0009664746,0.0000000000
8752,0.0006285211,0.0000000000
8776,0.0006265596,0.0000682342
363,0.0014423498,0.0003583877
1110,0.0013801180,0.0001474817
1278,0.0008407610,0.0036455115
1502,0.0006225868,0.0000746793
1507,0.0006159767,0.0009188036
1567,0.0008380979,0.0004093970
1869,0.0005528760,0.0001449453
1951,0.0008147863,0.0006267602
3002,0.0008508051,0.0000084000
3269,0.0005311355,0.0000000000
3280,0.0008139604,0.0000010629
3493,0.0008805401,0.0003149054
3599,0.0012919299,0.0000143125
3661,0.0007812705,0.0000000000
3851,0.0005285326,0.0000001003
3925,0.0005305158,0.0000014551
4093,0.0005285845,0.0000195462
4130,0.0005809170,0.0000606938
4624,0.0005906239,0.0001037201
4923,0.0012775906,0.0000603050
5092,0.0005451250,0.0000024051
5285,0.0005389653,0.0000490498
6179,0.0005329026,0.0000000000
6442,0.0005586565,0.0000000000
7138,0.0005327588,0.0000000000
7201,0.0005282572,0.0001099300
7375,0.0007667566,0.0001097067
7422,0.0009924860,0.0000682303
7837,0.0005539968,0.0000327178
8106,0.0006339079,0.0000000000
8417,0.0005282283,0.0000000000
8896,0.0005292999,0.0000000000
9019,0.0005321760,0.0000000000
9526,0.0008332043,0.0000000000
1857,0.0006500003,0.0003083114
2321,0.0004749765,0.0000000000
2547,0.0003592776,0.0000057453
3225,0.0003397951,0.0002913343
3292,0.0003368642,0.0006120658
6248,0.0003396024,0.0000000000
6372,0.0003254500,0.0000136836
6590,0.0003676400,0.0000011297
9316,0.0010205406,0.0000000000
703,0.0006575470,0.0002096464
871,0.0004511453,0.0007205340
1528,0.0002972998,0.0002228284
3306,0.0000924701,0.0000269310
3436,0.0004477343,0.0000035498
3655,0.0000598543,0.0001097850
5689,0.0001050209,0.0000000000
6014,0.0008398879,0.0000019371
6684,0.0001347020,0.0000027597
6905,0.0002753431,0.0000004913
7153,0.0003783403,0.0000000000
8057,0.0000455598,0.0000009777
207,0.0012505749,0.0002791963
324,0.0016374975,0.0008928238
447,0.0013987952,0.0004298292
531,0.0019656875,0.0002185782
594,0.0013834026,0.0000584943
781,0.0011326640,0.0002239040
1119,0.0015331807,0.0000183767
1189,0.0011579945,0.0004384508
1295,0.0011265395,0.0002519118
1937,0.0011384193,0.0001881410
2025,0.0013063997,0.0000000000
2263,0.0013984983,0.0000024538
2394,0.0012007547,0.0001730479
2510,0.0012381806,0.0000336318
2519,0.0012718782,0.0000886371
2992,0.0011490136,0.0002396648
3104,0.0011225762,0.0000048665
3195,0.0011542752,0.0004597534
3211,0.0011734826,0.0001465781
3532,0.0014203360,0.0000050648
3778,0.0011674082,0.0000005800
3962,0.0013530927,0.0000026435
4340,0.0011070172,0.0000472486
4666,0.0016905424,0.0000000000
5575,0.0012130558,0.0000000000
5685,0.0012479796,0.0000011583
5695,0.0011099799,0.0000236005
5990,0.0011064256,0.0000022136
6231,0.0014272089,0.0000006102
6499,0.0011015081,0.0000000000
6579,0.0011295709,0.0000000000
7419,0.0011056315,0.0000000000
7680,0.0016379076,0.0000000000
8012,0.0011018211,0.0000000000
8066,0.0011079823,0.0000001693
8083,0.0011029727,0.0000000000
8181,0.0011016481,0.0000000000
8803,0.0013647226,0.0000000000
8827,0.0011103110,0.0000000000
9018,0.0011224918,0.0000000000
9147,0.0012956217,0.0000000000
9835,0.0011238861,0.0000000000
9994,0.0011022198,0.0000000000
419,0.0002965592,0.0007396815
472,0.0012782681,0.0002226723
623,0.0002561334,0.0000703864
881,0.0007788767,0.0010554677
907,0.0002665793,0.0002861282
955,0.0007938626,0.0001450384
1106,0.0002144634,0.0000218183
1375,0.0004539033,0.0000381295
2013,0.0002484297,0.0000827296
2486,0.0015018418,0.0000064214
2496,0.0002259752,0.0004587077
3478,0.0009232767,0.0000000000
3647,0.0003039848,0.0001325285
3998,0.0002928767,0.0000002819
4222,0.0005210760,0.0003153306
4314,0.0002369861,0.0000852394
4964,0.0005289759,0.0000000000
5483,0.0002439811,0.0000008035
6041,0.0005379455,0.0000000000
6205,0.0002485990,0.0000265056
6454,0.0002473064,0.0000000000
6795,0.0003544592,0.0000000000
7003,0.0002063266,0.0000000000
7144,0.0009113787,0.0000004745
7600,0.0002480637,0.0000000000
8933,0.0002874330,0.0000000000
9009,0.0004644830,0.0000000719
9383,0.0003213058,0.0000000000
9550,0.0002381609,0.0000017414
9836,0.0002069502,0.0000000000
289,0.0004791267,0.0004633158
811,0.0007503261,0.0004712746
1452,0.0002018677,0.0000000000
1780,0.0005157856,0.0000006531
1991,0.0001554738,0.0000009767
2868,0.0001104303,0.0039493702
3188,0.0003800154,0.0000171384
3262,0.0007972569,0.0000298767
3364,0.0003913553,0.0000079226
3528,0.0001889993,0.0000023499
5373,0.0001490206,0.0000003740
5550,0.0001549262,0.0000000000
9872,0.0000966583,0.0000000000
557,0.0005372144,0.0000375212
643,0.0005072659,0.0006283979
692,0.0003812024,0.0009940645
739,0.0009554276,0.0001442538
763,0.0003853070,0.0000736458
797,0.0002115502,0.0036996664
1065,0.0007131066,0.0002501972
2014,0.0001398318,0.0000323968
3209,0.0001435239,0.0003233635
3589,0.0002011021,0.0001512541
4076,0.0001154852,0.0000000000
4088,0.0001263526,0.0000010305
4143,0.0001182991,0.0000071483
4268,0.0001257236,0.0000000000
4320,0.0003627769,0.0000045012
4627,0.0004014127,0.0000243995
4916,0.0001711501,0.0000480718
4990,0.0001871140,0.0000187962
5093,0.0004133562,0.0000000000
6477,0.0002002032,0.0000197921
6564,0.0001133124,0.0000000000
6775,0.0001726872,0.0000000000
7044,0.0001558783,0.0000006900
7237,0.0001583009,0.0000175273
7337,0.0001437589,0.0000017728
7443,0.0001317240,0.0000000000
7483,0.0006891460,0.0000000000
8077,0.0002698116,0.0000000000
8192,0.0001311079,0.0000004220
8669,0.0001138318,0.0000000000
8690,0.0006353954,0.0004132716
8783,0.0001446460,0.0000000000
8805,0.0001248008,0.0000360653
9087,0.0001131037,0.0000000000
9789,0.0010333201,0.0000000000
9976,0.0001298856,0.0000000000
160,0.0024938833,0.0091543014
621,0.0009078141,0.0001061850
724,0.0010133938,0.0000448052
778,0.0011794192,0.0001713783
838,0.0008910698,0.0008908229
939,0.0010312984,0.0000325721
1043,0.0012408661,0.0003937649
1103,0.0009840077,0.0000057837
1256,0.0010620356,0.0000966695
2078,0.0011082319,0.0000002744
2621,0.0011726142,0.0035301343
2862,0.0013185399,0.0000000030
3143,0.0009548381,0.0002342225
3399,0.0009099892,0.0001013911
3456,0.0013193129,0.0000046583
3716,0.0010603741,0.0000000000
3827,0.0009691334,0.0004776680
3876,0.0008817876,0.0000311699
4287,0.0009501552,0.0000025019
4944,0.0008901348,0.0000277076
5116,0.0010525556,0.0000000000
5209,0.0011402747,0.0000201548
5468,0.0008914200,0.0002597032
5561,0.0014335110,0.0000000000
5892,0.0008831272,0.0001007933
5987,0.0009542090,0.0000023536
6099,0.0008901036,0.0000006284
6193,0.0008789655,0.0000030905
6630,0.0015454336,0.0000000000
8025,0.0008911039,0.0000129941
9034,0.0008845007,0.0000000000
558,0.0005014582,0.0000422803
1547,0.0003791559,0.0000860183
2277,0.0007345557,0.0000000000
2303,0.0003595075,0.0000034378
2651,0.0003614953,0.0006178017
2882,0.0004065654,0.0000288295
3916,0.0003664464,0.0000745643
4474,0.0003550292,0.0000005081
4486,0.0004101076,0.0000000000
4832,0.0003638304,0.0000146772
4875,0.0003603492,0.0000336762
5038,0.0006239177,0.0000001342
5131,0.0003858643,0.0002592977
5317,0.0005854994,0.0000000000
6351,0.0003708303,0.0000000000
6594,0.0003571116,0.0000004511
6851,0.0004816397,0.0000232241
8610,0.0006224615,0.0000000000
8844,0.0006938650,0.0000000000
8971,0.0003526134,0.0000000000
8983,0.0003903957,0.0000000000
9548,0.0003798677,0.0000000000
9876,0.0003773506,0.0000000000
469,0.0017154363,0.0000167307
1230,0.0012578435,0.0000313712
1443,0.0008393961,0.0000553241
1526,0.0007815170,0.0009573202
1934,0.0008113312,0.0000410682
2169,0.0007747843,0.0002471095
2523,0.0008358223,0.0000027788
2548,0.0009983985,0.0002499474
2887,0.0007731303,0.0000376507
3641,0.0007755503,0.0000476864
4230,0.0007706807,0.0000051088
4547,0.0007698620,0.0000000000
5157,0.0007585460,0.0000000000
5934,0.0008215029,0.0000000000
7151,0.0008932080,0.0000128609
7957,0.0007586419,0.0000000000
8190,0.0007595037,0.0000025476
8243,0.0008164248,0.0000000000
8778,0.0010191412,0.0000000000
8804,0.0009010351,0.0000000000
9208,0.0007815303,0.0000000000
9574,0.0008377364,0.0000000000
9997,0.0007718802,0.0000000000
304,0.0014502382,0.0000939383
437,0.0013910650,0.0056246131
848,0.0022169419,0.0001166490
861,0.0016826346,0.0047461899
894,0.0021509651,0.0003040052
975,0.0013352464,0.0002069648
1066,0.0013065011,0.0003565738
1211,0.0013020248,0.0038139809
1532,0.0013682126,0.0000320593
1572,0.0014129243,0.0000726458
1612,0.0015072318,0.0000187398
1641,0.0013199666,0.0037233840
1843,0.0016374466,0.0000217015
1945,0.0015521314,0.0004131823
2542,0.0013456644,0.0005192752
2543,0.0017359844,0.0000397251
2892,0.0013666983,0.0000088307
3109,0.0012887680,0.0000760501
3471,0.0013045287,0.0000406083
3675,0.0015202297,0.0035896811
3713,0.0018077197,0.0000000000
3727,0.0013559171,0.0000068967
3788,0.0016197537,0.0000002471
3855,0.0012905288,0.0000036065
3952,0.0016848122,0.0001870470
3990,0.0013044749,0.0000195702
4293,0.0013348290,0.0000005819
4298,0.0013348406,0.0000000000
4326,0.0017720486,0.0000280421
4381,0.0017760680,0.0000031121
4411,0.0013189196,0.0000000000
4803,0.0013896000,0.0000240471
5178,0.0012960592,0.0000243142
5332,0.0012884753,0.0000078449
5725,0.0012882902,0.0000000000
6275,0.0014141151,0.0000048203
7024,0.0012980957,0.0000000000
7048,0.0013064069,0.0000000000
7079,0.0013438663,0.0000000000
7778,0.0012917459,0.0000000000
7986,0.0013579510,0.0000000000
8337,0.0013501751,0.0000000000
8622,0.0016774062,0.0000000000
8799,0.0012918963,0.0000000000
9801,0.0012978052,0.0000000000
9939,0.0012959726,0.0000000000
297,0.0014438221,0.0008527723
787,0.0009845979,0.0002113047
1301,0.0009323942,0.0002835578
1683,0.0009352933,0.0002719099
2016,0.0007190977,0.0000000000
2068,0.0007333651,0.0000075656
2801,0.0011738146,0.0000000000
3591,0.0006881551,0.0000034061
4161,0.0009062884,0.0000000000
4545,0.0006674069,0.0000002120
4673,0.0013613649,0.0000409910
5120,0.0006731878,0.0000000000
5124,0.0006833751,0.0000344121
5214,0.0007389830,0.0000134503
5295,0.0009414468,0.0000234130
5866,0.0006639855,0.0000000000
6162,0.0009345341,0.0000000000
6364,0.0006799318,0.0000011811
6946,0.0012283613,0.0001701600
6996,0.0006991558,0.0000000000
7312,0.0009364607,0.0000000000
8136,0.0007279280,0.0000001191
8370,0.0006690780,0.0000000000
8815,0.0006646911,0.0000000000
9114,0.0006638272,0.0000000000
9744,0.0007031435,0.0000000000
382,0.0007546381,0.0031811332
596,0.0005816161,0.0003462888
597,0.0004744796,0.0003571542
709,0.0008630894,0.0003864176
882,0.0009051770,0.0000897380
931,0.0006841636,0.0001929856
1077,0.0003517605,0.0007790472
1157,0.0003739346,0.0003304891
1799,0.0003746175,0.0001910368
2242,0.0003693309,0.0000178568
2347,0.0005793391,0.0001286402
2672,0.0010493647,0.0000093682
2825,0.0003500789,0.0000014236
3246,0.0003590955,0.0000003469
3671,0.0004066831,0.0000495459
3816,0.0003927000,0.0000191728
3866,0.0007383752,0.0000000000
4194,0.0010066903,0.0000773790
4384,0.0003645938,0.0000047968
5033,0.0005823712,0.0000048741
5090,0.0003767143,0.0000024153
5206,0.0003606760,0.0000010085
5242,0.0003460975,0.0000000000
5675,0.0009024930,0.0000317652
5801,0.0009002838,0.0000000000
6360,0.0003492967,0.0000000000
6673,0.0003527420,0.0000000000
6686,0.0004188319,0.0000000000
6936,0.0003588007,0.0000000000
6990,0.0007832517,0.0000000000
8697,0.0003589600,0.0000000000
8861,0.0003548020,0.0000000000
8895,0.0003873244,0.0000000000
9050,0.0005680115,0.0000000000
9219,0.0004283113,0.0000000000
9324,0.0003530074,0.0000000000
9697,0.0003710379,0.0000000000
350,0.0010847317,0.0002377634
1696,0.0005850962,0.0002470037
3240,0.0005296637,0.0000000000
3304,0.0005314943,0.0000018841
3942,0.0005511961,0.0000001309
4019,0.0005336176,0.0000013583
4736,0.0005135266,0.0000000642
4980,0.0005159915,0.0000000000
6368,0.0005729491,0.0000000000
6511,0.0005340283,0.0003143900
6601,0.0005225881,0.0000000000
8174,0.0005366639,0.0000000000
8648,0.0005623813,0.0000013758
5374,0.0003550358,0.0000035570
8307,0.0000944369,0.0000000000
215,0.0002616196,0.0018881855
294,0.0007488945,0.0051379802
425,0.0001986735,0.0037173994
589,0.0001996436,0.0001339846
1715,0.0001234656,0.0000147912
1725,0.0001506374,0.0001310373
2646,0.0001466156,0.0000066660
3427,0.0001977486,0.0000537693
3539,0.0001813733,0.0000235930
3805,0.0001990223,0.0000000134
4089,0.0007014786,0.0000515992
4139,0.0004359159,0.0000071421
4218,0.0001182301,0.0000526936
4749,0.0003877162,0.0000000572
5594,0.0001311690,0.0000049958
5631,0.0007273166,0.0000665332
5822,0.0001555981,0.0000000000
6250,0.0001259532,0.0000000000
6260,0.0001696112,0.0000367683
6930,0.0001967259,0.0000001178
8140,0.0001392111,0.0000000000
8276,0.0001241184,0.0000000000
9639,0.0001129262,0.0000000000
9770,0.0001360900,0.0000000000
9911,0.0001184998,0.0000000000
273,0.0006969031,0.0042743977
774,0.0008996160,0.0002658460
1098,0.0004103090,0.0005365861
1198,0.0001894397,0.0000383395
1779,0.0001565909,0.0000379381
2319,0.0002293519,0.0000775421
3628,0.0001707220,0.0000009586
4491,0.0001566587,0.0000045848
5824,0.0003979999,0.0035723986
5913,0.0001654364,0.0000000000
6667,0.0002538873,0.0035190289
7594,0.0001409546,0.0000000000
8251,0.0001706457,0.0000000000
9747,0.0004059114,0.0000000000
9821,0.0004933342,0.0000000000
223,0.0007226917,0.0049817521
581,0.0008009253,0.0001431298
908,0.0009863059,0.0007651805
1126,0.0011929428,0.0001694837
1323,0.0006416284,0.0000109479
1390,0.0005169987,0.0001796706
1658,0.0004885312,0.0000669669
1950,0.0004721367,0.0000967165
1961,0.0010047684,0.0001480843
1989,0.0005158947,0.0001625872
2251,0.0006651784,0.0003331488
2290,0.0004767937,0.0002247374
2718,0.0006589907,0.0000005218
2746,0.0004795740,0.0000587674
3602,0.0007140772,0.0000000000
4106,0.0004610893,0.0000005349
4215,0.0004483377,0.0000026763
4549,0.0009665573,0.0000011862
5786,0.0006006943,0.0000000000
6737,0.0004611220,0.0000041800
8205,0.0004806167,0.0000141359
8809,0.0004386436,0.0000000000
9162,0.0004365408,0.0000000000
926,0.0003864270,0.0006472657
940,0.0004591529,0.0004962403
1115,0.0004672597,0.0006716711
1217,0.0004493326,0.0002290006
1376,0.0005259760,0.0002714182
1992,0.0003944162,0.0001809552
2594,0.0004535903,0.0002634303
2880,0.0003930390,0.0000107779
3421,0.0006243264,0.0000044648
3533,0.0004071602,0.0000004330
6044,0.0003886478,0.0000000000
6745,0.0007796171,0.0000000000
7298,0.0004100886,0.0000000000
7499,0.0003798913,0.0000010190
7689,0.0004028669,0.0000048212
8237,0.0004471492,0.0000000000
8340,0.0003767984,0.0000000000
9046,0.0003775356,0.0000000000
9478,0.0005018722,0.0000000000
9898,0.0004430135,0.0000000000
175,0.0009642498,0.0000034436
355,0.0007827317,0.0006291293
560,0.0006803157,0.0004410305
722,0.0006546915,0.0000546090
966,0.0013382368,0.0000448291
1042,0.0005768019,0.0006341742
1067,0.0006659757,0.0000036052
1129,0.0009768644,0.0014780152
1216,0.0004308821,0.0001268221
1326,0.0012209884,0.0004868894
1427,0.0004332916,0.0000445011
1460,0.0011449598,0.0000802627
1504,0.0007017416,0.0001056837
1849,0.0003885983,0.0000164614
2077,0.0007062621,0.0004612120
2859,0.0004220469,0.0000081798
2865,0.0010173288,0.0000000000
3426,0.0009662426,0.0001206438
4427,0.0004542227,0.0000000000
4477,0.0005072189,0.0000042307
4484,0.0004590722,0.0000000000
4599,0.0003954881,0.0000567923
4870,0.0004225875,0.0000457510
5155,0.0009232414,0.0000000000
5221,0.0003857445,0.0000016383
5292,0.0004008905,0.0001103123
5825,0.0006582011,0.0000158123
6279,0.0003935290,0.0000873975
6430,0.0006858434,0.0000000000
6456,0.0007694289,0.0000038125
6767,0.0003905540,0.0000000000
7176,0.0003981408,0.0000000000
7334,0.0003831546,0.0000146774
8518,0.0004075013,0.0000068804
8908,0.0003844550,0.0000000000
9743,0.0003841445,0.0000000000
9870,0.0006329831,0.0000000000
713,0.0008983984,0.0036352267
829,0.0006967574,0.0001148845
911,0.0006541233,0.0002096830
944,0.0006750591,0.0036741687
1538,0.0006968946,0.0001575781
1928,0.0009987323,0.0000000000
1968,0.0004690660,0.0002822844
2058,0.0004297339,0.0036464084
2759,0.0004235505,0.0072705810
3226,0.0004802254,0.0000000000
3891,0.0004046443,0.0000175792
5350,0.0004150409,0.0000182965
5465,0.0003915792,0.0000000000
6000,0.0004780317,0.0000013976
6006,0.0003819792,0.0000000000
6352,0.0003915428,0.0000000000
6964,0.0003779317,0.0000000000
7374,0.0005260748,0.0000000572
7417,0.0006101864,0.0000000000
9257,0.0003935716,0.0000000000
184,0.0010172133,0.0003928859
311,0.0002086940,0.0006444853
613,0.0001468836,0.0007468212
1165,0.0001626734,0.0001654854
1257,0.0001396714,0.0001315334
2208,0.0001197182,0.0000972576
2616,0.0001164867,0.0000038482
2852,0.0001115711,0.0000451664
4409,0.0002390095,0.0000255906
4468,0.0004522679,0.0000003733
5044,0.0001999356,0.0000238113
5262,0.0001253485,0.0000000000
5882,0.0001097015,0.0000006082
6766,0.0001117460,0.0000000000
6784,0.0001238704,0.0000000000
7722,0.0001238723,0.0000000000
8704,0.0004291485,0.0000000000
9791,0.0006339252,0.0000000000
4350,0.0009835133,0.0000037938
498,0.0011430868,0.0005280532
511,0.0008367390,0.0003143701
572,0.0014325739,0.0043062165
2060,0.0005477512,0.0000202294
2233,0.0006322354,0.0000551087
3035,0.0008798476,0.0000128564
4324,0.0005822188,0.0000004079
4356,0.0008081038,0.0000000000
4359,0.0006292756,0.0000901689
4764,0.0005655527,0.0000000000
5323,0.0005808721,0.0004154913
5534,0.0005337968,0.0000000000
5747,0.0005578228,0.0000000000
7269,0.0005451140,0.0000000000
7815,0.0005413095,0.0000058445
8913,0.0005622718,0.0000000000
9479,0.0006104004,0.0000000000
553,0.0002066133,0.0003190000
2423,0.0003903312,0.0001905485
2575,0.0007982333,0.0000176846
2975,0.0001058748,0.0003514390
3277,0.0007202374,0.0004173878
4233,0.0001134577,0.0000169125
4442,0.0017037439,0.0000767688
5245,0.0004288979,0.0000002503
8371,0.0000957439,0.0000010521
697,0.0001962082,0.0001691879
953,0.0004186537,0.0000589876
963,0.0004621268,0.0000000000
1111,0.0002059221,0.0000725040
1139,0.0010371931,0.0012109892
2438,0.0001427919,0.0002450772
2885,0.0001876996,0.0000787203
3221,0.0001558748,0.0000003007
3328,0.0003575953,0.0000179933
3489,0.0006790635,0.0000000000
3967,0.0002641892,0.0000015538
6051,0.0006733917,0.0000000000
8445,0.0001156119,0.0002540181
9262,0.0001749859,0.0000000000
9481,0.0001934553,0.0000000000
976,0.0005357507,0.0002154668
1207,0.0008267354,0.0037462074
1288,0.0004334840,0.0000530848
1349,0.0005236801,0.0000282319
1721,0.0012008489,0.0006759093
2279,0.0004930319,0.0002201584
2316,0.0005504945,0.0000009808
2879,0.0004666950,0.0002210686
3050,0.0005130088,0.0000930734
3639,0.0004457851,0.0000018441
5397,0.0004789020,0.0000000000
6617,0.0004439761,0.0000000000
6748,0.0004352073,0.0000276709
7405,0.0004439461,0.0000009175
7455,0.0008115591,0.0000000000
7674,0.0004384840,0.0000001502
8314,0.0004329392,0.0000000000
8562,0.0004238379,0.0000016216
8883,0.0004617880,0.0000000000
9798,0.0004642354,0.0000000000
9942,0.0004634523,0.0000000000
351,0.0021052715,0.0008679878
428,0.0007488554,0.0000000000
454,0.0014111095,0.0019728318
684,0.0010648426,0.0008709198
1560,0.0009826376,0.0000000000
2024,0.0007063617,0.0000886497
2101,0.0007336125,0.0000070888
2149,0.0007452000,0.0000705154
2298,0.0007883146,0.0000680735
2299,0.0007000793,0.0000000000
2400,0.0007125921,0.0001082491
3047,0.0007083453,0.0000038180
3773,0.0007115875,0.0000048210
3873,0.0007181482,0.0000211003
4127,0.0009250099,0.0000000000
4174,0.0007585977,0.0000019814
4813,0.0007196080,0.0000317652
5146,0.0007000511,0.0000000000
5248,0.0007116486,0.0000000000
5672,0.0007215785,0.0000155285
5759,0.0007109019,0.0000000000
5811,0.0007006979,0.0000274233
6272,0.0007142587,0.0000000000
7009,0.0007585289,0.0000000000
8206,0.0006985511,0.0000000000
8789,0.0007328504,0.0000000000
9282,0.0007347264,0.0000000000
9689,0.0009930054,0.0000000000
9873,0.0006984785,0.0000000000
225,0.0003794226,0.0078061130
674,0.0005076638,0.0002392893
967,0.0001756959,0.0006270958
3089,0.0001189852,0.0000000000
9532,0.0001075565,0.0000005376
1228,0.0001326209,0.0000149955
1359,0.0000583019,0.0000674634
1587,0.0001064761,0.0000101699
2332,0.0003545849,0.0000379964
2408,0.0005805114,0.0000009595
3260,0.0000595564,0.0000038803
3339,0.0000592013,0.0000387045
5365,0.0000428542,0.0000614563
6077,0.0000325947,0.0000179698
6744,0.0001210665,0.0000467338
6909,0.0000624102,0.0000000000
7444,0.0000913282,0.0000000000
7849,0.0002700319,0.0000000000
8036,0.0000345174,0.0000018701
8635,0.0000536256,0.0000000000
8930,0.0000318454,0.0000000000
9041,0.0001147710,0.0000000000
9252,0.0001178206,0.0000000000
9275,0.0000918322,0.0000000000
9530,0.0000351490,0.0000000000
406,0.0003025048,0.0002308403
507,0.0002338637,0.0002774076
725,0.0003793575,0.0000031645
749,0.0005492530,0.0004276897
1137,0.0006516946,0.0002674261
2701,0.0003208613,0.0000461623
2762,0.0002066452,0.0004138958
3064,0.0000997940,0.0000010622
3196,0.0001435784,0.0000610625
3563,0.0001065963,0.0000000000
3648,0.0001259345,0.0000052393
3785,0.0001358229,0.0001786530
4260,0.0001233224,0.0000103011
4338,0.0001112516,0.0000000000
6010,0.0001584079,0.0000000000
7977,0.0000923352,0.0000008346
9671,0.0000932504,0.0000000000
801,0.0005874823,0.0001472812
1041,0.0005717555,0.0000358435
1220,0.0002752895,0.0000550799
1550,0.0007682959,0.0000000000
1637,0.0002819115,0.0000496350
2304,0.0002266906,0.0000000000
2414,0.0005363290,0.0000023142
3253,0.0006573893,0.0000303412
3741,0.0003459615,0.0000196192
4213,0.0002582041,0.0000000899
4469,0.0008079999,0.0000689823
4671,0.0002169019,0.0000000000
4728,0.0002204338,0.0002482192
4960,0.0002485213,0.0000000000
5261,0.0002310212,0.0000386692
6648,0.0002367918,0.0000000000
6808,0.0002278529,0.0000000000
6944,0.0002530686,0.0000000000
7673,0.0002363564,0.0000000000
7744,0.0002173886,0.0000000000
7903,0.0002682349,0.0000000000
8135,0.0002406513,0.0000000000
8448,0.0007740867,0.0000000000
8886,0.0002567552,0.0000000000
9364,0.0005428249,0.0000000000
9773,0.0002802180,0.0000000000
2958,0.0000552430,0.0000330875
3400,0.0001417835,0.0000336201
7453,0.0000826910,0.0000000000
8585,0.0000454536,0.0000000000
299,0.0019527325,0.0012199202
361,0.0010827544,0.0015266162
982,0.0016465773,0.0041732374
1350,0.0010722085,0.0000069668
1351,0.0010810606,0.0000610682
1622,0.0011939825,0.0003611984
1990,0.0010821547,0.0001396167
2272,0.0012913750,0.0001426509
2357,0.0013081975,0.0000000000
2901,0.0013032546,0.0000031967
3337,0.0010467213,0.0000004374
3351,0.0012807234,0.0000000000
3682,0.0012204542,0.0000000000
3882,0.0010561171,0.0001444604
4313,0.0010862741,0.0000000000
4607,0.0011497571,0.0000023149
4628,0.0010779709,0.0000869640
4939,0.0010664672,0.0000000000
6017,0.0010484726,0.0000000000
6060,0.0010754350,0.0000000000
6210,0.0011045419,0.0000000000
6556,0.0010732864,0.0000345730
6604,0.0010492324,0.0004305229
6742,0.0010548081,0.0000000000
6869,0.0011506261,0.0000000000
7057,0.0013519381,0.0000221420
7243,0.0010931294,0.0007590680
7566,0.0010479250,0.0000000000
7779,0.0010579295,0.0001493528
8262,0.0010587158,0.0000005355
8299,0.0010791947,0.0000144187
8421,0.0011047857,0.0000000000
9122,0.0010719733,0.0000011674
9559,0.0010510387,0.0000000000
9643,0.0012866446,0.0000000000
651,0.0002934751,0.0000050259
1003,0.0004264398,0.0000101083
2027,0.0005317516,0.0000026461
3078,0.0002563329,0.0002276685
4040,0.0005169541,0.0036676692
4112,0.0002266770,0.0000128505
4611,0.0007843850,0.0000000000
5303,0.0002125619,0.0000033270
7142,0.0002370300,0.0000027667
7343,0.0002137859,0.0000000000
7655,0.0002172361,0.0000000000
8148,0.0005356063,0.0000000000
8453,0.0002261322,0.0000000000
9905,0.0004040521,0.0000000000
1262,0.0001050469,0.0000071871
9426,0.0000474183,0.0000000000
424,0.0003023295,0.0048429793
504,0.0002449198,0.0007089560
599,0.0001956350,0.0002335460
700,0.0002957719,0.0037168112
945,0.0005043618,0.0004540374
1327,0.0001916440,0.0000540099
1373,0.0009214666,0.0000286943
1444,0.0003312126,0.0007698271
1590,0.0002056223,0.0004889227
1744,0.0008858581,0.0004911698
2017,0.0004525039,0.0009101648
3090,0.0001937474,0.0005833830
3803,0.0002531420,0.0000000000
3807,0.0001640233,0.0000091036
3874,0.0002473237,0.0000000000
3994,0.0002085973,0.0000000000
4086,0.0002049073,0.0005201837
4610,0.0004602835,0.0000000000
4740,0.0001864337,0.0000000000
5643,0.0003916095,0.0000000000
5996,0.0004520183,0.0000000000
6085,0.0001765395,0.0000000000
6256,0.0001590197,0.0000000000
6473,0.0002080984,0.0000000000
6475,0.0001670621,0.0000000000
7948,0.0003837018,0.0000000000
9500,0.0004239003,0.0000000000
9864,0.0008501013,0.0000000000
542,0.0005541348,0.0000619157
671,0.0013345716,0.0005788103
987,0.0005815450,0.0000319274
1455,0.0006695361,0.0005262331
1689,0.0009235888,0.0000442421
1835,0.0007377931,0.0000396887
2102,0.0004903132,0.0000087021
2536,0.0015496293,0.0000322904
2965,0.0007423589,0.0000133163
5308,0.0007796611,0.0000000000
5629,0.0005257717,0.0000018433
6568,0.0004603114,0.0000000000
6683,0.0004668787,0.0000000000
6773,0.0004553569,0.0000000000
6790,0.0008276329,0.0000000000
7244,0.0004520747,0.0000000000
7524,0.0005183973,0.0000000000
7796,0.0004904462,0.0000178025
9155,0.0004569882,0.0000000000
9269,0.0004633511,0.0000000000
9713,0.0012763475,0.0000000000
9745,0.0004895891,0.0000000000
266,0.0015752917,0.0023603822
770,0.0012659572,0.0000576745
832,0.0022847463,0.0002655600
941,0.0009512407,0.0001625631
1398,0.0009949834,0.0001682853
1492,0.0009577451,0.0001981712
1514,0.0012161301,0.0000153226
1675,0.0010697372,0.0002072763
2582,0.0009574110,0.0000191931
2986,0.0009528767,0.0000142487
3554,0.0015867382,0.0008537526
6955,0.0010054401,0.0000000000
7315,0.0011709914,0.0000000000
7469,0.0009232653,0.0000000000
8993,0.0009937720,0.0000000000
9741,0.0010633924,0.0000000000
915,0.0012680148,0.0000159518
1160,0.0010034526,0.0000461809
1205,0.0004996516,0.0000098940
1471,0.0004431539,0.0000591903
1516,0.0006860704,0.0000007723
1565,0.0007102194,0.0000427951
1871,0.0007322644,0.0000635227
2678,0.0004312282,0.0000042455
2793,0.0011863568,0.0000973635
3281,0.0004362708,0.0000004368
3311,0.0010569655,0.0000003363
4330,0.0008396543,0.0000000000
5371,0.0004316551,0.0000006185
5405,0.0004664745,0.0002540148
5453,0.0006717642,0.0000000000
5739,0.0004255833,0.0000000000
6833,0.0004494016,0.0000134861
9397,0.0006483038,0.0000000000
9438,0.0004392594,0.0000000000
9758,0.0004316742,0.0000000000
538,0.0008102559,0.0002655306
755,0.0002285542,0.0001478501
815,0.0001787473,0.0003853265
883,0.0001647713,0.0002400009
1474,0.0008880472,0.0000263328
1765,0.0005001393,0.0000060098
2094,0.0001667143,0.0000109049
2184,0.0013512276,0.0000003759
3158,0.0004581402,0.0000000424
3842,0.0003821220,0.0000674392
4134,0.0001612354,0.0001844562
4166,0.0008035403,0.0000000000
4877,0.0001725185,0.0000000000
5678,0.0001483849,0.0000911992
5856,0.0001520676,0.0000000000
6166,0.0001603152,0.0000000000
6337,0.0001345073,0.0000074978
7157,0.0001562068,0.0000188752
7320,0.0001379717,0.0000518310
7637,0.0001531747,0.0000000000
7915,0.0004378400,0.0000000000
8102,0.0004165123,0.0000188869
9129,0.0002608826,0.0000000000
9186,0.0001654560,0.0000000000
9645,0.0001817816,0.0000000000
543,0.0008054131,0.0004907682
727,0.0008583313,0.0006672773
1406,0.0007443710,0.0001349789
1597,0.0010038020,0.0002059962
1864,0.0009518830,0.0000369265
1946,0.0008176130,0.0000775963
2007,0.0010345364,0.0000193456
2247,0.0007273058,0.0000804545
2278,0.0007670365,0.0001066738
2579,0.0008114051,0.0000241653
2673,0.0007380672,0.0000197626
2807,0.0009481316,0.0000000000
3045,0.0011124579,0.0011762259
4635,0.0012391680,0.0035619305
4753,0.0007106257,0.0000000000
5748,0.0009427417,0.0000004109
5805,0.0007133115,0.0000000000
5960,0.0007392566,0.0000139874
7305,0.0007153123,0.0000000000
7666,0.0008748626,0.0000000000
7784,0.0007244055,0.0000005918
384,0.0004810126,0.0000031967
676,0.0008845766,0.0011526879
1147,0.0004637263,0.0039661321
1294,0.0002066807,0.0000000000
1515,0.0001990004,0.0038774027
1554,0.0004002139,0.0010424555
2032,0.0007727395,0.0000272301
2600,0.0011640369,0.0003601914
2630,0.0001303141,0.0000511435
3229,0.0001212117,0.0000094306
3309,0.0001425629,0.0000020912
3403,0.0001500769,0.0000831521
3448,0.0001254184,0.0000359565
3964,0.0001882630,0.0003052659
4312,0.0001234036,0.0000019187
4414,0.0002459659,0.0000003608
4570,0.0005445027,0.0000030368
5107,0.0001344663,0.0000000000
5596,0.0001704593,0.0000143428
6232,0.0001252422,0.0000000000
7510,0.0001227889,0.0000000000
9612,0.0001165809,0.0000000000
499,0.0004989932,0.0006869140
570,0.0007503352,0.0000588209
1646,0.0002895266,0.0001599041
1671,0.0007312736,0.0000181631
1748,0.0008865357,0.0000146266
2757,0.0002780563,0.0000536878
3110,0.0002591968,0.0000875990
3193,0.0002111258,0.0000741596
4273,0.0004127074,0.0000016858
4280,0.0002055619,0.0000003837
4807,0.0004945130,0.0000650952
4896,0.0003172967,0.0000000000
5015,0.0002031192,0.0000010614
5337,0.0002019313,0.0001319343
6841,0.0001915747,0.0000024297
7723,0.0001967962,0.0000137849
9539,0.0004255127,0.0000000000
3731,0.0005590556,0.0000005073
3901,0.0000611162,0.0000694342
7253,0.0003088101,0.0000000000
7368,0.0001442015,0.0000000000
8160,0.0000502708,0.0000000000
8858,0.0000581250,0.0000000000
1386,0.0010564102,0.0001116685
1472,0.0006488936,0.0003234566
3222,0.0006042111,0.0001269982
4037,0.0005693347,0.0000000000
4111,0.0005789847,0.0000000000
5668,0.0006097000,0.0000000000
6074,0.0006183805,0.0000000000
6807,0.0012694115,0.0000000598
7067,0.0005595784,0.0000008113
8367,0.0006013812,0.0000000000
8696,0.0006074530,0.0000000000
270,0.0015071209,0.0014445876
331,0.0009241586,0.0008080367
370,0.0009829109,0.0049029687
2424,0.0008404893,0.0000009766
2453,0.0010776202,0.0000229579
2735,0.0008087628,0.0001910603
2847,0.0015702124,0.0000000000
2985,0.0007738909,0.0000036803
3093,0.0008306582,0.0000257468
4603,0.0007621967,0.0000000000
4620,0.0007957035,0.0000341214
4702,0.0010539814,0.0000000000
4927,0.0008186282,0.0000002477
5707,0.0008465905,0.0000000000
5980,0.0009901665,0.0000000000
6228,0.0007762450,0.0000035260
6298,0.0007618488,0.0000000000
6434,0.0007542708,0.0000000000
6481,0.0008574721,0.0000100392
6725,0.0009691153,0.0000000000
7086,0.0007649541,0.0000182855
7209,0.0007920159,0.0000963747
7921,0.0009919272,0.0000000000
7965,0.0008060685,0.0000000000
8379,0.0007736363,0.0000142275
8731,0.0007544965,0.0000000000
8850,0.0007645902,0.0000000000
8898,0.0007651259,0.0000000000
9417,0.0007559372,0.0000000000
9444,0.0007702054,0.0000000000
9502,0.0009811460,0.0000000000
513,0.0010633928,0.0035814519
634,0.0012603347,0.0038641935
895,0.0003405831,0.0001271234
932,0.0000882119,0.0004692783
6255,0.0000418888,0.0000003931
343,0.0012796952,0.0006732482
375,0.0013626004,0.0011341829
445,0.0017185362,0.0000690051
828,0.0009803311,0.0000822689
962,0.0009548832,0.0000822843
1224,0.0012348670,0.0000581360
1478,0.0010537888,0.0037863214
1764,0.0012163714,0.0000000000
2085,0.0009325409,0.0000000000
2717,0.0009407923,0.0003428330
2773,0.0011748890,0.0000038222
2795,0.0009304149,0.0000178209
2869,0.0012210741,0.0000170801
3798,0.0009217365,0.0000079369
3887,0.0009349556,0.0000213442
4005,0.0009749696,0.0008256715
4588,0.0009405580,0.0000000000
4974,0.0014707213,0.0000934348
4984,0.0013100639,0.0000000000
5035,0.0009562035,0.0000000000
5100,0.0012598763,0.0000017826
5345,0.0009204713,0.0000000000
5802,0.0009370009,0.0000014565
6545,0.0009860109,0.0000001466
7897,0.0009285824,0.0000000000
8970,0.0009544770,0.0000031018
9380,0.0010826523,0.0000000000
9510,0.0009500601,0.0000000000
9579,0.0009677449,0.0000179609
391,0.0003792357,0.0013010059
1032,0.0005896179,0.0003910892
1048,0.0006449578,0.0004912001
1275,0.0003369966,0.0000260766
3477,0.0003610115,0.0000044820
3656,0.0003575136,0.0000000000
4189,0.0003587775,0.0000082321
5014,0.0005369393,0.0035164694
6012,0.0005840130,0.0000037436
6321,0.0003047492,0.0000022157
6485,0.0002916625,0.0000000000
6988,0.0007812127,0.0000000000
7109,0.0007345260,0.0000000000
7599,0.0005592615,0.0000089457
8113,0.0002812063,0.0000000000
8675,0.0002846888,0.0000000000
9101,0.0002876251,0.0000000000
9506,0.0003021982,0.0000000000
606,0.0003223467,0.0000707239
905,0.0003291251,0.0000668369
1109,0.0007885211,0.0001031124
1473,0.0004473647,0.0010744519
3612,0.0003283423,0.0000089230
3826,0.0003685586,0.0000000000
3852,0.0003090580,0.0000006629
4029,0.0009324198,0.0000000000
4618,0.0003147936,0.0000006016
6451,0.0002990627,0.0000471915
6681,0.0003121944,0.0000024459
7614,0.0002937404,0.0000379138
7705,0.0003040615,0.0000000000
8024,0.0002964977,0.0000000000
8039,0.0008448242,0.0000000000
1136,0.0003838489,0.0000000000
1263,0.0002219668,0.0004675398
1469,0.0000618700,0.0009039901
1853,0.0000768482,0.0000778870
2961,0.0000501267,0.0000308599
4082,0.0000701507,0.0000016022
5426,0.0000285973,0.0001882870
5532,0.0004189867,0.0000224582
6034,0.0000413677,0.0000000000
6080,0.0000324152,0.0000000000
6094,0.0004818450,0.0000025517
7795,0.0000412200,0.0000000000
9078,0.0000296131,0.0000018056
717,0.0008207285,0.0038170310
757,0.0005582355,0.0000856641
903,0.0005925055,0.0042448118
914,0.0003386687,0.0004130712
2036,0.0003528029,0.0000340102
2508,0.0007889348,0.0001623936
3234,0.0005095608,0.0004695365
3453,0.0004397415,0.0000004144
3457,0.0007605765,0.0001551712
3726,0.0003599985,0.0000000000
3735,0.0003059594,0.0000194747
4270,0.0003022436,0.0001269704
4903,0.0004329615,0.0000169424
5834,0.0003234917,0.0000030012
5997,0.0003774982,0.0001493884
6191,0.0003285449,0.0000000000
6353,0.0003459886,0.0000000000
6462,0.0002980918,0.0000013611
6526,0.0003941401,0.0000001135
6746,0.0003242284,0.0000000202
6778,0.0002956758,0.0000137953
8154,0.0003682217,0.0000000000
8392,0.0002989308,0.0000000000
8802,0.0002804801,0.0000000000
9518,0.0002883074,0.0000000000
9940,0.0005699817,0.0000000000
775,0.0009216262,0.0045866200
1548,0.0006547635,0.0000946962
1710,0.0004307109,0.0000334889
1828,0.0004220851,0.0010359781
3742,0.0006269906,0.0000000000
4831,0.0004492537,0.0001243922
5017,0.0005207975,0.0000200288
5193,0.0008843968,0.0000000000
5790,0.0004067280,0.0000000000
5835,0.0003832876,0.0000169202
6118,0.0009620787,0.0000000000
6992,0.0003810351,0.0000221980
7983,0.0003786687,0.0000000000
8112,0.0006582896,0.0000000000
9582,0.0003819247,0.0000000000
295,0.0010419027,0.0007401969
971,0.0005117793,0.0037986053
1290,0.0011254851,0.0003900110
1439,0.0005007530,0.0000255602
1674,0.0004932604,0.0000668432
1889,0.0007795776,0.0001206677
2069,0.0004738652,0.0000001480
2504,0.0006799874,0.0000244360
3324,0.0004695658,0.0000000000
4272,0.0005158081,0.0000221532
4505,0.0004663596,0.0000001301
5490,0.0013198378,0.0000134071
5548,0.0004948717,0.0000308795
6480,0.0004658335,0.0000000000
6788,0.0004593587,0.0001231620
6886,0.0010188076,0.0000017889
6926,0.0008683713,0.0000002918
7840,0.0004578334,0.0000000000
8322,0.0004880259,0.0000002652
8547,0.0004972834,0.0000000000
9590,0.0005267675,0.0000000000
347,0.0006417655,0.0003516252
1466,0.0001757849,0.0000247975
1707,0.0002011066,0.0000527662
2627,0.0001744938,0.0000876077
2919,0.0005387315,0.0000000000
3314,0.0001725562,0.0000542314
4246,0.0001387723,0.0000369707
4406,0.0001788688,0.0005576113
4860,0.0001694150,0.0000000000
6487,0.0005130597,0.0000025476
7160,0.0003882529,0.0000000000
7252,0.0004521948,0.0000040760
7871,0.0001550300,0.0000000000
8141,0.0001952394,0.0000000000
8746,0.0001267338,0.0000000000
8882,0.0001257919,0.0000000000
9429,0.0001186143,0.0000000000
9669,0.0007012343,0.0000000000
734,0.0003962317,0.0004175594
1816,0.0003268793,0.0000000000
2306,0.0000808925,0.0001435042
5864,0.0000563853,0.0000000000
7545,0.0000382869,0.0000000000
9958,0.0001111122,0.0000000000
1407,0.0011279366,0.0000526375
2593,0.0005469451,0.0000532747
3918,0.0005910986,0.0000000000
6274,0.0005502988,0.0000000000
9468,0.0005494260,0.0000000000
852,0.0004619624,0.0000340128
1688,0.0005884205,0.0037165249
2244,0.0006146356,0.0000095409
2387,0.0004000899,0.0000404155
2404,0.0003377611,0.0000592011
2623,0.0003969208,0.0001475165
2889,0.0003508794,0.0000000000
3057,0.0003456820,0.0000036919
4332,0.0008770383,0.0000000000
4652,0.0005717991,0.0000143318
5933,0.0003717932,0.0000017489
6917,0.0003522837,0.0000007877
8063,0.0003343838,0.0000000000
9234,0.0003324650,0.0000000000
526,0.0002099700,0.0005347912
1146,0.0003357193,0.0002030686
1534,0.0001217465,0.0001649228
4417,0.0000234012,0.0000000000
4640,0.0000755896,0.0000008610
6167,0.0000409086,0.0000000000
6921,0.0000393520,0.0000000000
7317,0.0000996025,0.0000000000
503,0.0003406326,0.0007197426
686,0.0000831997,0.0083215391
817,0.0001462883,0.0038066148
1234,0.0004174347,0.0001188789
1412,0.0003450765,0.0005052941
1495,0.0004347805,0.0002928706
2142,0.0001270402,0.0000028744
3223,0.0001812214,0.0001303232
4714,0.0001177851,0.0000335360
5139,0.0000911766,0.0000543456
6991,0.0001159524,0.0000017210
7737,0.0000781068,0.0000000000
9054,0.0002873645,0.0000064500
9795,0.0000851237,0.0000000000
842,0.0009479638,0.0002240319
1366,0.0004052259,0.0000848456
3510,0.0003003812,0.0000255306
3715,0.0003129481,0.0000214292
3981,0.0003136829,0.0000155688
9436,0.0003916841,0.0000000000
9814,0.0003665409,0.0000000000
423,0.0009005566,0.0004158272
461,0.0004034763,0.0009850180
1325,0.0004162510,0.0006101774
2135,0.0010001936,0.0000020665
2217,0.0003333762,0.0001679020
3305,0.0003556962,0.0000000000
3327,0.0004036254,0.0000000000
4150,0.0003239677,0.0000000000
4814,0.0003234720,0.0000029286
5002,0.0003412872,0.0000008181
5094,0.0003463248,0.0000000000
5459,0.0003912429,0.0000010614
5881,0.0006272889,0.0000021803
7103,0.0003822466,0.0000000000
7413,0.0003490979,0.0000000000
7631,0.0003424366,0.0000000000
8565,0.0003350257,0.0000005311
9004,0.0003518116,0.0000000000
9949,0.0003268796,0.0000000000
464,0.0007111550,0.0000676249
654,0.0001699248,0.0001458372
699,0.0001789363,0.0000326084
1057,0.0005117569,0.0001326314
1117,0.0002314103,0.0001455075
1174,0.0008818405,0.0003894269
1496,0.0006887240,0.0000738157
2456,0.0001725011,0.0000413458
2876,0.0004220811,0.0000102112
3242,0.0003950533,0.0001532510
3338,0.0006596949,0.0000000000
3484,0.0002281565,0.0036803760
3604,0.0002014018,0.0000144077
3969,0.0009471119,0.0000002618
3970,0.0001358665,0.0000000000
4123,0.0001679657,0.0000283471
4319,0.0001819051,0.0000000000
4651,0.0008501433,0.0000000000
4969,0.0001451766,0.0000134544
5224,0.0001368765,0.0000000000
5950,0.0001483475,0.0000005975
6171,0.0001515303,0.0006034690
6387,0.0001377032,0.0000009830
7197,0.0002034116,0.0000000000
7772,0.0001295333,0.0001348616
7775,0.0001383339,0.0000092529
8130,0.0001476421,0.0000000000
8221,0.0001320240,0.0000000000
8558,0.0001345113,0.0000000000
8598,0.0001289770,0.0000000000
9179,0.0001904695,0.0000000000
9267,0.0001293736,0.0000000000
9367,0.0001348573,0.0000000000
9461,0.0001308563,0.0000000000
9663,0.0001346396,0.0000000000
9855,0.0001427170,0.0000000000
9889,0.0001280889,0.0000000000
851,0.0005039610,0.0000741964
1195,0.0001186340,0.0000180658
1270,0.0001140291,0.0037591790
2266,0.0001321018,0.0000928915
2364,0.0004877065,0.0000042623
2723,0.0001092604,0.0000043750
3736,0.0001404784,0.0000648746
4672,0.0001873050,0.0038422660
5442,0.0001166627,0.0000013738
5625,0.0003896388,0.0000675809
6316,0.0001389157,0.0000000000
6533,0.0002500219,0.0000385098
6607,0.0001628464,0.0000000000
7463,0.0001358590,0.0000000000
9763,0.0001025559,0.0000252849
783,0.0013561234,0.0012526529
1269,0.0020837571,0.0000988981
1561,0.0007364806,0.0000000000
5158,0.0007158546,0.0000537228
5554,0.0009452999,0.0000000855
5901,0.0007335909,0.0000000396
7969,0.0009975204,0.0000000000
8333,0.0012783415,0.0000543716
372,0.0008150867,0.0098735729
1479,0.0000635781,0.0035566135
4473,0.0000115603,0.0000500077
8905,0.0000196847,0.0000000000
376,0.0006286467,0.0048505836
1158,0.0006167348,0.0000129088
1540,0.0005713313,0.0000023873
1602,0.0006360336,0.0000050488
2592,0.0012075466,0.0000000000
3039,0.0008657523,0.0000000000
4000,0.0005878392,0.0000034714
5021,0.0006109318,0.0000000000
5538,0.0005812253,0.0000139846
6398,0.0006196389,0.0000000000
6685,0.0008783207,0.0035164694
6957,0.0005723257,0.0000000000
7502,0.0012117829,0.0001449723
8869,0.0005699558,0.0000000000
9176,0.0006118191,0.0000000000
336,0.0011362416,0.0049945071
1361,0.0005624730,0.0036488245
1749,0.0005378848,0.0000174951
2037,0.0002667917,0.0000000000
3944,0.0002535676,0.0000000000
5170,0.0004687218,0.0000000000
6020,0.0002751948,0.0000000000
6409,0.0008810798,0.0001359385
6429,0.0002455677,0.0000000000
8501,0.0004753028,0.0000000000
9823,0.0002497504,0.0000000000
584,0.0006249287,0.0047105053
614,0.0002719895,0.0004013037
761,0.0002620216,0.0005019799
802,0.0003127630,0.0042198402
821,0.0002717890,0.0010807716
977,0.0002494242,0.0020878696
1145,0.0005326665,0.0000037760
1385,0.0002826201,0.0009969416
1441,0.0003419761,0.0000000000
1648,0.0002485836,0.0000460634
1820,0.0004485600,0.0001353633
2399,0.0004595554,0.0036947712
2586,0.0002252786,0.0000579654
2726,0.0008669780,0.0000025280
3625,0.0002174919,0.0001236066
3739,0.0002408656,0.0000064934
4121,0.0004443159,0.0000012393
4344,0.0002138899,0.0000040017
5243,0.0004966024,0.0000003397
5806,0.0002558488,0.0000000000
6140,0.0002226580,0.0000000000
6239,0.0004879669,0.0000000000
6541,0.0006431295,0.0000009194
6693,0.0002220239,0.0000000000
6759,0.0002539071,0.0000364077
7095,0.0003075486,0.0000000000
8180,0.0004257325,0.0000000000
9167,0.0002501031,0.0000000000
9365,0.0002086969,0.0000000000
9542,0.0003414056,0.0000000000
9649,0.0002150152,0.0000000000
9879,0.0002127276,0.0000000000
1134,0.0002539936,0.0000201438
1369,0.0004036932,0.0000865289
1397,0.0002187524,0.0000042933
1570,0.0001869739,0.0037605972
1731,0.0004069607,0.0000223954
1978,0.0001610733,0.0001331997
2177,0.0001666873,0.0001776403
3010,0.0001610170,0.0004283470
4426,0.0004421807,0.0000000000
5128,0.0001490610,0.0005208275
5275,0.0001460575,0.0000000042
6243,0.0001575810,0.0002540100
6426,0.0001391341,0.0000000000
6715,0.0001556602,0.0000000000
466,0.0006117889,0.0003526104
598,0.0003177502,0.0002760815
1419,0.0002695620,0.0000623189
2098,0.0003707106,0.0000309304
2458,0.0002430114,0.0000086767
2800,0.0002977920,0.0000028911
2812,0.0002370815,0.0005634702
2916,0.0011075351,0.0001001488
2981,0.0005355272,0.0000691775
3056,0.0002654841,0.0000001524
3121,0.0003570519,0.0013551131
3190,0.0002777877,0.0000007203
3633,0.0004731664,0.0000201942
4664,0.0002548485,0.0000000000
4762,0.0002359719,0.0000000000
5052,0.0005743706,0.0000531512
5791,0.0002343391,0.0000000000
5959,0.0002331631,0.0000036647
6059,0.0004469719,0.0000000000
6380,0.0002329683,0.0000000000
6435,0.0002330034,0.0000700604
6908,0.0003961470,0.0001348644
7461,0.0002553750,0.0000000000
7854,0.0002406959,0.0000000000
8092,0.0002785709,0.0000240374
8467,0.0002311369,0.0000000000
9335,0.0006310727,0.0000000000
9344,0.0004768150,0.0000000000
9393,0.0008119452,0.0000000000
711,0.0003048835,0.0043476217
2335,0.0005011564,0.0000032538
3451,0.0002887876,0.0000017031
5974,0.0000531585,0.0000000000
517,0.0007513930,0.0006601984
738,0.0009577523,0.0011036847
1246,0.0007481286,0.0005223181
1337,0.0009689765,0.0004327738
1389,0.0009188521,0.0005193059
1745,0.0007290740,0.0004464583
2222,0.0007431664,0.0003329061
2271,0.0007464626,0.0003601702
2383,0.0006744557,0.0000000000
3182,0.0007676212,0.0001267536
3369,0.0007143618,0.0000311252
3615,0.0007492541,0.0000000000
3813,0.0012181937,0.0000140199
3881,0.0006717127,0.0001670191
3957,0.0006830445,0.0000001570
3982,0.0006812899,0.0003195034
4329,0.0007187647,0.0000029528
4660,0.0006709725,0.0000000000
4704,0.0006678174,0.0000158746
4864,0.0009729913,0.0000148386
4926,0.0006646627,0.0000013585
4930,0.0009086218,0.0000000000
4995,0.0007143663,0.0000000000
5841,0.0012544310,0.0000077147
6823,0.0006749150,0.0000000000
7584,0.0006975803,0.0000000000
7970,0.0007441904,0.0000186386
8677,0.0006625001,0.0000000000
9030,0.0011924602,0.0000000000
9424,0.0006625417,0.0000000000
9771,0.0006643188,0.0000000000
444,0.0001785010,0.0005555287
562,0.0002195213,0.0003545536
741,0.0004928381,0.0000003325
1180,0.0008267831,0.0005959331
2492,0.0001323159,0.0009245900
2591,0.0002023395,0.0002589200
2724,0.0001936876,0.0000000000
3286,0.0007664236,0.0000000000
4799,0.0009793483,0.0000706935
4941,0.0003581043,0.0000186291
5133,0.0001295039,0.0000290773
5198,0.0001333532,0.0000000050
5318,0.0001579407,0.0000000070
7468,0.0001493707,0.0000075390
7525,0.0001443064,0.0000000000
7554,0.0003960626,0.0000022809
7999,0.0002526657,0.0000000000
8010,0.0001307736,0.0000000000
8302,0.0004052460,0.0000000000
8979,0.0001498699,0.0000000000
9337,0.0001504974,0.0000000000
695,0.0000740767,0.0000994036
1877,0.0000786613,0.0005719172
2480,0.0000577943,0.0000129887
2533,0.0001087452,0.0000000000
4133,0.0000575257,0.0000026502
4810,0.0000966961,0.0001335139
5781,0.0000331669,0.0000064227
7679,0.0000381131,0.0006402517
7700,0.0001565764,0.0000000000
8018,0.0000398193,0.0000000000
8162,0.0000936286,0.0000000000
501,0.0004855942,0.0001144696
3245,0.0002258857,0.0003830883
8914,0.0004745904,0.0000000000
913,0.0003446969,0.0000285162
1250,0.0001122695,0.0000302526
1486,0.0006437964,0.0000069594
2294,0.0000522140,0.0001607634
2500,0.0000694564,0.0000119294
2709,0.0006203467,0.0000240039
2811,0.0005324610,0.0000000000
3113,0.0000676681,0.0035911544
4919,0.0000810555,0.0000339433
5798,0.0000520958,0.0000000000
9578,0.0000454421,0.0000000000
484,0.0003575410,0.0003686498
996,0.0003307455,0.0002687972
1447,0.0000833416,0.0003625308
2164,0.0001061983,0.0006667822
2202,0.0002845692,0.0000000000
2338,0.0000629968,0.0000076075
2415,0.0000547213,0.0000026948
2851,0.0000485811,0.0000000000
3379,0.0000972192,0.0000011803
3752,0.0007214664,0.0000813820
4136,0.0000658173,0.0000848849
5223,0.0001207061,0.0000000000
5669,0.0000474470,0.0001511627
6653,0.0003376014,0.0000146772
7934,0.0000511765,0.0000000000
7980,0.0000466902,0.0000000000
8117,0.0000469077,0.0000000000
8248,0.0001325473,0.0000000000
8384,0.0000664195,0.0000000000
8557,0.0002777157,0.0000000000
8644,0.0006275555,0.0000000000
9201,0.0000474121,0.0000000000
283,0.0006080442,0.0003962379
910,0.0006361326,0.0001113025
2141,0.0005827548,0.0000002546
2309,0.0006315094,0.0000018467
3547,0.0005588972,0.0000318737
6139,0.0008982235,0.0000000181
6317,0.0005258453,0.0000000000
6393,0.0005276418,0.0000032015
6422,0.0005349611,0.0001970709
8067,0.0005500076,0.0000000000
8985,0.0005701802,0.0000000000
983,0.0010222256,0.0001039157
1345,0.0007199731,0.0000766621
1656,0.0004593779,0.0000000000
1988,0.0004547629,0.0001757262
3155,0.0004522577,0.0001695500
3500,0.0004321709,0.0000000000
3669,0.0004407834,0.0000336023
4485,0.0003967114,0.0000367211
4844,0.0003962207,0.0000637046
4951,0.0003964721,0.0000000000
6365,0.0004349228,0.0000000000
6660,0.0003941744,0.0001108664
9986,0.0004184476,0.0000000000
470,0.0007981122,0.0000811534
564,0.0000983241,0.0001254462
569,0.0001981027,0.0005291590
662,0.0001320428,0.0043817263
2124,0.0000906689,0.0006830359
2686,0.0003245742,0.0000000000
3166,0.0000704001,0.0002345961
3431,0.0000773897,0.0000434836
5034,0.0000974169,0.0000138952
6414,0.0001012014,0.0002253186
7546,0.0000651669,0.0000000000
9079,0.0000593923,0.0000000000
9165,0.0000480500,0.0000000000
455,0.0009610596,0.0002356213
547,0.0003281876,0.0000052269
2601,0.0003526694,0.0000214712
3150,0.0002650983,0.0000897904
4304,0.0002833417,0.0000000000
8928,0.0003149940,0.0000000000
481,0.0006420629,0.0006854600
796,0.0000704337,0.0006779815
1322,0.0001156788,0.0000013275
3296,0.0005771482,0.0000000000
6324,0.0000491272,0.0000000000
8609,0.0000542910,0.0000000000
8694,0.0003196050,0.0000000000
9458,0.0000770812,0.0000000000
9648,0.0000268442,0.0000000000
9808,0.0000544901,0.0000000000
1135,0.0003124969,0.0000025511
1670,0.0000479373,0.0036682936
4557,0.0003163381,0.0000078196
5553,0.0000806203,0.0000000000
448,0.0004624738,0.0008118420
636,0.0005060414,0.0001531532
712,0.0006087351,0.0000697145
1568,0.0004900515,0.0036262511
2514,0.0007646806,0.0000037844
2550,0.0004115793,0.0000925228
2667,0.0004330008,0.0039302197
2858,0.0004162706,0.0001886471
3160,0.0004012693,0.0000000000
4621,0.0005576360,0.0000000000
5194,0.0005230451,0.0000010563
5264,0.0004406268,0.0000000000
5931,0.0004098533,0.0000786897
5946,0.0006228191,0.0001754423
6138,0.0005350068,0.0000000832
6366,0.0004458271,0.0000000000
6470,0.0004021998,0.0000000000
6577,0.0004329486,0.0000000000
6596,0.0004068531,0.0000000000
7619,0.0008143477,0.0000000000
8094,0.0003983785,0.0000000000
8145,0.0006677681,0.0000000000
8185,0.0003992340,0.0000000000
8456,0.0004293848,0.0000005413
9406,0.0009053941,0.0000000000
9652,0.0003983880,0.0000000000
9818,0.0003979168,0.0000000000
328,0.0009885950,0.0003736886
744,0.0007641469,0.0000018993
1699,0.0007028272,0.0007937028
2292,0.0009313896,0.0036802901
3344,0.0006795282,0.0001066337
3889,0.0006884537,0.0000184093
4347,0.0006759117,0.0000000000
4369,0.0006816300,0.0000696896
4385,0.0006827447,0.0000037848
4517,0.0007317192,0.0000000000
5335,0.0007681186,0.0000000000
5590,0.0006943849,0.0000350000
5876,0.0006822622,0.0000315684
6088,0.0009585507,0.0000000000
6176,0.0006959988,0.0000216759
6295,0.0008069607,0.0000000000
6997,0.0007122139,0.0000000000
7860,0.0008872090,0.0000001824
8388,0.0007164372,0.0000171710
8741,0.0006683345,0.0000000000
9177,0.0009728371,0.0000003291
9524,0.0006776735,0.0000000000
383,0.0004742260,0.0002193491
588,0.0001019919,0.0044175291
793,0.0001031190,0.0001161295
1266,0.0006165228,0.0000668210
1563,0.0005970918,0.0000005470
4072,0.0001381086,0.0000000000
814,0.0003187801,0.0004283766
1378,0.0001181625,0.0039927685
3913,0.0003505031,0.0000140770
5920,0.0000840649,0.0000032683
7452,0.0002662385,0.0000296480
788,0.0004505458,0.0001973601
2065,0.0008736760,0.0000493130
2561,0.0003602945,0.0000000000
2578,0.0003889325,0.0000809538
2863,0.0005839126,0.0000009767
3571,0.0003481617,0.0000000000
4308,0.0003995681,0.0001181283
4856,0.0003618390,0.0000006926
5173,0.0003575903,0.0000009411
5436,0.0008304505,0.0001553806
5869,0.0005965450,0.0000441591
6771,0.0004309333,0.0000000000
7656,0.0003674736,0.0000000000
7687,0.0003516867,0.0000052415
8127,0.0003489117,0.0000000000
609,0.0001749013,0.0007946221
1916,0.0001790493,0.0003713544
2050,0.0004408262,0.0000382170
2133,0.0004026279,0.0000024365
2398,0.0007377900,0.0006046520
2467,0.0005700914,0.0002830471
2470,0.0005548181,0.0000189687
2908,0.0001615840,0.0000916200
3021,0.0002151304,0.0000025294
3433,0.0001747980,0.0000003116
3536,0.0001554685,0.0000003554
4376,0.0006567546,0.0000000000
5342,0.0001668570,0.0000180833
6039,0.0001634883,0.0000000000
6756,0.0001582483,0.0001094681
7152,0.0001601511,0.0000000000
7179,0.0001561148,0.0000102628
7538,0.0002292727,0.0000000000
9520,0.0001705252,0.0000000000
3048,0.0000255897,0.0001157367
9450,0.0000690880,0.0000028823
677,0.0007373469,0.0001728726
689,0.0014743413,0.0001419379
1089,0.0010539474,0.0000055706
1809,0.0007983237,0.0000016379
2127,0.0007607612,0.0000000000
2189,0.0007289042,0.0000000000
2604,0.0010018940,0.0000197449
3174,0.0007654448,0.0000240991
3354,0.0013201612,0.0000000000
3603,0.0007090796,0.0000180934
4514,0.0007708618,0.0000035250
5432,0.0007201837,0.0000000000
5569,0.0007143703,0.0000526979
5659,0.0012284992,0.0000000000
6028,0.0007187584,0.0000380560
6048,0.0009300909,0.0000043874
7366,0.0007821774,0.0000000000
7810,0.0009556052,0.0000000000
8275,0.0007186989,0.0001494566
8709,0.0006996218,0.0000000000
9100,0.0007146302,0.0000000000
9666,0.0007066666,0.0000000000
1161,0.0001978815,0.0000264935
1829,0.0004530140,0.0000245480
1878,0.0001580853,0.0011262994
2490,0.0001386769,0.0000098901
3737,0.0001636474,0.0000058292
4911,0.0003930332,0.0000000000
5232,0.0004221547,0.0000000000
5451,0.0002761955,0.0000000000
6555,0.0002024105,0.0001224676
1456,0.0003411765,0.0001131224
2167,0.0005611648,0.0002116019
2495,0.0001016246,0.0000131218
2526,0.0001418089,0.0042702480
2571,0.0000940425,0.0000653069
2829,0.0001091631,0.0000720931
3570,0.0003147187,0.0000020161
3730,0.0002941368,0.0000527548
4755,0.0006972389,0.0035343741
5288,0.0000758328,0.0000000000
6592,0.0000849524,0.0000011705
6903,0.0000803650,0.0000014162
7190,0.0000743977,0.0000000000
7440,0.0001101014,0.0000000000
8620,0.0001420871,0.0000000000
8812,0.0000766859,0.0000000000
740,0.0004489132,0.0007291394
1001,0.0004702574,0.0002731241
1092,0.0004577587,0.0008864890
1870,0.0004016146,0.0000564292
2559,0.0004644828,0.0000032776
2645,0.0004748709,0.0001132745
2691,0.0008054982,0.0000019483
2874,0.0004101723,0.0000004018
3051,0.0004518084,0.0000021459
3112,0.0007225684,0.0000645961
3663,0.0004397283,0.0000022274
4110,0.0004362840,0.0000013869
4461,0.0004091450,0.0000030589
4501,0.0004758120,0.0000000000
4667,0.0004226368,0.0000001216
4676,0.0004713351,0.0000027652
4907,0.0004298756,0.0000000000
4921,0.0004750123,0.0000000000
5102,0.0007980125,0.0000390414
6063,0.0004032840,0.0000000000
6111,0.0004309849,0.0000000000
6293,0.0004611150,0.0000003890
6655,0.0004168943,0.0000000000
6782,0.0003906861,0.0000001797
6840,0.0004242065,0.0000003806
7170,0.0004096749,0.0000000000
8103,0.0004295811,0.0000000000
8172,0.0003923835,0.0000000000
8323,0.0004078045,0.0000007247
8730,0.0004396559,0.0000000000
9306,0.0004674114,0.0000000000
9701,0.0006884071,0.0000000000
9977,0.0003925939,0.0000000000
1302,0.0004169978,0.0002768499
1771,0.0014914389,0.0004196220
3854,0.0006590332,0.0000061738
4119,0.0004330660,0.0000022276
4236,0.0007030989,0.0001055451
5204,0.0004261375,0.0000012975
5862,0.0004111724,0.0000000000
6114,0.0003841687,0.0000092345
6845,0.0003975386,0.0000461255
7988,0.0003999913,0.0000000000
8519,0.0003766800,0.0000000000
1445,0.0004772366,0.0002195066
2157,0.0007120064,0.0000172366
2172,0.0007015953,0.0000340285
3264,0.0004426395,0.0000000000
3696,0.0011491659,0.0035503598
3833,0.0004502173,0.0000223847
4475,0.0004025273,0.0000000000
4910,0.0004458853,0.0001248196
5277,0.0004311403,0.0000378492
5517,0.0004059895,0.0000029990
5647,0.0004098544,0.0000018520
5907,0.0004091769,0.0000003236
7384,0.0004063705,0.0000000000
7609,0.0009965878,0.0000458843
7875,0.0004204519,0.0000000000
8541,0.0004024993,0.0000000000
8824,0.0004912218,0.0000000000
9914,0.0004348056,0.0000000000
426,0.0006013441,0.0000082191
1317,0.0005948224,0.0000562051
1438,0.0003576735,0.0000000000
3907,0.0003262316,0.0000000000
3929,0.0003173887,0.0000098760
5250,0.0002735993,0.0000263705
5524,0.0002698471,0.0000000000
7112,0.0002934974,0.0000000000
7682,0.0002804669,0.0000000000
7816,0.0004838446,0.0000000000
1997,0.0001115409,0.0000085191
3610,0.0000440273,0.0000000000
8277,0.0000374560,0.0000000000
645,0.0007164756,0.0047627657
702,0.0009593027,0.0011575685
834,0.0006657845,0.0000995231
846,0.0007492441,0.0005865363
868,0.0009590649,0.0001543035
1047,0.0006895956,0.0000378822
1377,0.0007663647,0.0000415891
1403,0.0007039220,0.0000774791
1437,0.0010903112,0.0000292073
1544,0.0009170898,0.0000944917
1583,0.0009519522,0.0001347453
1593,0.0006803114,0.0010519478
1958,0.0006528794,0.0003693474
1994,0.0006548146,0.0002312440
2315,0.0006994920,0.0000146789
2341,0.0006579471,0.0000040563
2413,0.0009189180,0.0000618311
2777,0.0009406432,0.0000032218
2856,0.0008995571,0.0000153139
3108,0.0007198726,0.0000000000
4248,0.0006406965,0.0000000000
4630,0.0007066468,0.0000068217
5081,0.0008969524,0.0000000000
5104,0.0006758663,0.0000015549
5338,0.0008577663,0.0000058043
6417,0.0006425890,0.0000475629
6836,0.0006783521,0.0000059737
6889,0.0006762981,0.0000000000
7116,0.0006462959,0.0000000000
7371,0.0006421123,0.0000008681
7550,0.0008600799,0.0000000000
7615,0.0006455558,0.0000000000
7876,0.0006416915,0.0000000000
7944,0.0006519852,0.0000000000
8728,0.0010072986,0.0000000000
9106,0.0007166818,0.0000000000
1371,0.0006132941,0.0001887008
1836,0.0006021665,0.0000218005
1922,0.0006372167,0.0011341801
2313,0.0006209758,0.0000902693
3870,0.0006476391,0.0001094186
5331,0.0009070333,0.0000052471
6949,0.0005976590,0.0000000000
7390,0.0006160689,0.0000217127
8188,0.0006074970,0.0000022626
8846,0.0006357780,0.0000000000
506,0.0004320222,0.0008866309
924,0.0009792648,0.0000252213
3132,0.0002534316,0.0000000000
3895,0.0000706016,0.0000018145
4009,0.0003491938,0.0000002546
5813,0.0001310517,0.0000655989
6495,0.0003369292,0.0000000000
6732,0.0003034186,0.0000000000
7053,0.0000790369,0.0000000000
7874,0.0003096157,0.0000008770
8088,0.0000612106,0.0000000000
8840,0.0001123177,0.0000155934
9170,0.0000595105,0.0000000000
563,0.0001115301,0.0044505470
656,0.0005036332,0.0000000000
1212,0.0000908144,0.0000041228
1499,0.0001360823,0.0000405929
1644,0.0003709960,0.0000024936
1653,0.0000876367,0.0000544406
2088,0.0004065703,0.0000366690
2418,0.0001068964,0.0004685799
3115,0.0000827957,0.0000014036
3200,0.0000880769,0.0000129750
3355,0.0001049360,0.0000000000
6497,0.0000872407,0.0000008358
6699,0.0001274026,0.0000030194
7331,0.0005753121,0.0000000000
7623,0.0009304766,0.0000000000
8009,0.0000843797,0.0000000000
8078,0.0001072597,0.0000000000
8687,0.0000818198,0.0000000000
9148,0.0002944618,0.0000000000
9197,0.0000868601,0.0000000000
9300,0.0003148265,0.0000000000
737,0.0006706160,0.0002358217
1082,0.0003619886,0.0002588873
1201,0.0004098017,0.0000332495
1277,0.0002578608,0.0000867050
1370,0.0010082767,0.0000534341
1400,0.0001989951,0.0007111314
1476,0.0003163881,0.0035830484
1875,0.0004846481,0.0039263020
1918,0.0002202114,0.0002045057
1981,0.0002238852,0.0000179199
2210,0.0002970723,0.0000164770
2410,0.0004741927,0.0000030612
2951,0.0005256908,0.0000790393
3725,0.0002142418,0.0002083674
3829,0.0004147679,0.0001424108
4024,0.0001957270,0.0000001612
4720,0.0007124861,0.0000132617
4906,0.0001887002,0.0000000000
5141,0.0001814329,0.0000000000
5236,0.0001833343,0.0000184463
5878,0.0004771794,0.0000195591
6230,0.0002374317,0.0000540556
6605,0.0001836943,0.0000008274
6954,0.0001748226,0.0000000000
7279,0.0001913538,0.0000000000
9354,0.0001660110,0.0000000000
9409,0.0002152824,0.0000000000
9827,0.0004600689,0.0000000000
1096,0.0005732657,0.0003787014
1628,0.0006778876,0.0008441637
1873,0.0005855790,0.0000272035
3080,0.0005865365,0.0000042962
3201,0.0006447655,0.0000001949
3664,0.0008222900,0.0001089495
4333,0.0005963874,0.0000042803
4752,0.0014085756,0.0000111113
4967,0.0005600843,0.0000484561
5251,0.0005624703,0.0000000000
5652,0.0005643704,0.0002501117
7214,0.0005787967,0.0000000000
8425,0.0005570572,0.0000000000
9514,0.0005652979,0.0000000000
3036,0.0009019020,0.0000388114
6097,0.0000277233,0.0000000000
467,0.0001373950,0.0004965007
2269,0.0006010444,0.0001938365
2354,0.0000886023,0.0002980980
3486,0.0004000007,0.0000000000
3875,0.0000798330,0.0000000000
4492,0.0000605767,0.0000853932
6634,0.0000771402,0.0000003704
9845,0.0000462176,0.0000000000
714,0.0000710105,0.0000640522
1014,0.0004985462,0.0004988663
2049,0.0001371728,0.0006212382
2212,0.0000669516,0.0000005503
3462,0.0003240705,0.0000152219
415,0.0002497525,0.0046693395
491,0.0005078653,0.0044885623
764,0.0001506890,0.0006244686
859,0.0000910559,0.0000008858
1172,0.0001169577,0.0000852292
1280,0.0000907530,0.0000133463
1571,0.0000833000,0.0000000000
2448,0.0000951980,0.0000210706
2599,0.0003687988,0.0000568529
3358,0.0004166362,0.0000000000
3704,0.0003350135,0.0000733428
4250,0.0001177612,0.0000000000
6504,0.0000747195,0.0000000000
6760,0.0001269058,0.0002564131
7472,0.0007297620,0.0000040359
8166,0.0009374589,0.0000000000
8325,0.0001442016,0.0000000000
9732,0.0001067736,0.0000000000
1141,0.0003788296,0.0000516169
2041,0.0001161615,0.0000431929
2160,0.0000749554,0.0001029374
5567,0.0000898266,0.0000000000
6378,0.0001174934,0.0000001135
7143,0.0000901218,0.0000000000
7699,0.0000854425,0.0000000000
7862,0.0001141676,0.0000000970
8096,0.0001252017,0.0000000000
8115,0.0002926872,0.0000000000
478,0.0003863079,0.0004919202
822,0.0000976513,0.0039003011
1102,0.0001411142,0.0001474165
1242,0.0006194212,0.0007602231
2451,0.0000628806,0.0001117948
3313,0.0000859060,0.0000216938
4454,0.0000760638,0.0000005721
4519,0.0003385020,0.0000000000
5441,0.0004096820,0.0000011891
6638,0.0006085422,0.0000022872
8916,0.0000487763,0.0000000000
9107,0.0003063291,0.0000001301
9209,0.0000735645,0.0000000000
678,0.0000886570,0.0000991655
1260,0.0000647376,0.0000008711
1790,0.0000825241,0.0000000000
3601,0.0000843892,0.0000003033
5818,0.0000378277,0.0000173913
3250,0.0003162788,0.0000748793
942,0.0006000601,0.0045074814
1214,0.0006307998,0.0004928797
1363,0.0008617659,0.0001695708
2372,0.0005771458,0.0000154160
2617,0.0006537024,0.0000000000
3747,0.0005742244,0.0000174145
4431,0.0006045078,0.0000535395
4775,0.0009654591,0.0000643766
5121,0.0005801230,0.0000500250
5341,0.0005669449,0.0000000000
8750,0.0006081963,0.0000000000
549,0.0000759001,0.0004553914
1094,0.0001518122,0.0000336412
1440,0.0000449720,0.0000375863
1619,0.0001976134,0.0004568087
2835,0.0001007215,0.0000346314
3544,0.0001434744,0.0000028650
3959,0.0000922341,0.0000170499
4748,0.0000751682,0.0000000000
4768,0.0000390127,0.0001655298
4946,0.0000575983,0.0003776120
5099,0.0003228495,0.0000000000
5583,0.0003220366,0.0000000000
5628,0.0001022008,0.0000124379
5774,0.0001126643,0.0000000000
6574,0.0000381205,0.0000003643
6982,0.0001258242,0.0000000000
9943,0.0000378619,0.0000000000
854,0.0008704940,0.0000745325
1012,0.0003591646,0.0001442304
1075,0.0003315427,0.0014268050
1933,0.0003883712,0.0000879508
3001,0.0004821438,0.0000129956
4077,0.0003208420,0.0000000000
4247,0.0003685931,0.0000000000
4625,0.0003394820,0.0000000000
1087,0.0001261322,0.0003050074
4041,0.0001450100,0.0000000000
5301,0.0000990676,0.0000000000
8201,0.0003582801,0.0000661712
1493,0.0003411694,0.0000082032
1822,0.0005605953,0.0001700367
2034,0.0006893613,0.0000000000
2275,0.0005550119,0.0001880143
2334,0.0003337121,0.0001647174
5794,0.0003639757,0.0000000000
6587,0.0003309555,0.0000029343
7008,0.0005556733,0.0000000000
9029,0.0003372734,0.0000000138
9284,0.0003276402,0.0000019411
9386,0.0003320229,0.0000000000
9702,0.0003418455,0.0000000000
743,0.0003755185,0.0005374421
3743,0.0003533202,0.0000213914
4705,0.0003625837,0.0000000000
7676,0.0005793946,0.0000000000
9533,0.0000570061,0.0000000000
1315,0.0003030671,0.0002299540
1718,0.0000559450,0.0000633167
2015,0.0000314418,0.0001251610
1488,0.0001481597,0.0000183039
2140,0.0001720797,0.0000045217
2158,0.0002061217,0.0035623405
2680,0.0001568663,0.0000430398
4774,0.0004353788,0.0000000000
5400,0.0001547557,0.0000334984
6516,0.0001311505,0.0000005169
6999,0.0001478621,0.0000000000
7748,0.0001634105,0.0000000000
8513,0.0003527223,0.0000000000
8819,0.0003886539,0.0000000000
9695,0.0002127142,0.0000000000
590,0.0006230727,0.0043160280
1235,0.0004430472,0.0007111907
1574,0.0003896613,0.0001014063
2097,0.0004229666,0.0000358586
2100,0.0004219375,0.0000322098
2310,0.0004197622,0.0000734899
2384,0.0006067996,0.0000007666
2469,0.0003995909,0.0000005842
2501,0.0004245802,0.0000000000
2681,0.0004396408,0.0000006370
3030,0.0004328557,0.0001133735
3167,0.0006976857,0.0000505730
3614,0.0007357861,0.0000011748
3777,0.0004112828,0.0000000000
3794,0.0009066714,0.0000000000
4567,0.0006644250,0.0000000000
5256,0.0003821426,0.0000000000
5653,0.0004620525,0.0000057458
6621,0.0004055202,0.0000130662
7181,0.0004369125,0.0000000000
7770,0.0006441836,0.0000000000
9319,0.0003793247,0.0000000000
9984,0.0006717546,0.0000000000
1792,0.0003148460,0.0005243759
2203,0.0001029688,0.0006110951
4503,0.0003330295,0.0000000306
8601,0.0003956134,0.0000175273
9793,0.0000582084,0.0000000000
479,0.0003815528,0.0003793294
535,0.0008743749,0.0007630219
1101,0.0003298675,0.0041390163
1252,0.0004241697,0.0003123604
1624,0.0008684562,0.0000186952
1760,0.0003284779,0.0000188882
2871,0.0003506531,0.0000000000
3006,0.0008694721,0.0001313274
3467,0.0003293346,0.0000048103
3475,0.0006030386,0.0000408784
3574,0.0003399449,0.0000194219
3753,0.0003305945,0.0000054157
5322,0.0003139080,0.0000000000
5715,0.0003232763,0.0000000540
5849,0.0003214442,0.0000001801
5921,0.0003073605,0.0002068703
6290,0.0014262202,0.0000000000
8219,0.0003209365,0.0000000000
8702,0.0003172653,0.0000000000
9372,0.0003086499,0.0000000000
500,0.0001527301,0.0040649006
789,0.0001733147,0.0003087112
1394,0.0001115079,0.0001611766
2198,0.0002983809,0.0000000000
2928,0.0001185737,0.0002481539
4217,0.0003240262,0.0001466083
5174,0.0000563713,0.0000023118
6155,0.0001147507,0.0005997881
7012,0.0005353833,0.0000000000
7058,0.0000333537,0.0000047630
7225,0.0000443636,0.0000000000
8328,0.0000334832,0.0002546433
2558,0.0003202188,0.0000458759
2629,0.0004314100,0.0000000000
3824,0.0002875600,0.0000009716
4070,0.0005179302,0.0001665956
4147,0.0002823444,0.0003109523
4537,0.0003227890,0.0000170094
6924,0.0003211075,0.0000000000
8200,0.0003816055,0.0000000000
8433,0.0003174217,0.0000000000
8924,0.0005983898,0.0000000000
9039,0.0002814172,0.0000000000
1652,0.0007156411,0.0000945668
3350,0.0012510663,0.0035745506
3559,0.0003756866,0.0000268729
4059,0.0005815972,0.0000548360
4164,0.0003610701,0.0000188734
5936,0.0003942347,0.0000000000
6148,0.0003843285,0.0000000000
6199,0.0003588541,0.0000061834
6730,0.0003873712,0.0000000000
7326,0.0004122104,0.0000000000
8250,0.0003581497,0.0000000000
2022,0.0001032322,0.0000920893
4854,0.0008228216,0.0000018461
521,0.0004601151,0.0003376021
1979,0.0002969323,0.0036342379
2273,0.0002863242,0.0000553322
3134,0.0005904855,0.0000285952
3530,0.0002968984,0.0000249712
3915,0.0003363329,0.0000003278
4289,0.0005016349,0.0000027458
4389,0.0005351683,0.0000048182
5287,0.0002833424,0.0001494711
5746,0.0002838386,0.0000231456
9099,0.0002886488,0.0000084245
7290,0.0000500985,0.0000000000
1364,0.0000751184,0.0003616311
2156,0.0000963926,0.0002512770
2841,0.0000575551,0.0001139862
3429,0.0000785858,0.0000184378
5380,0.0000350256,0.0000155529
5751,0.0000551605,0.0000000000
5883,0.0000941667,0.0000056331
6204,0.0000454471,0.0000000000
6281,0.0000987770,0.0001322622
6315,0.0000608034,0.0000000000
6652,0.0000815237,0.0000000000
8153,0.0003059461,0.0000000050
8304,0.0000321597,0.0000000000
9279,0.0000320798,0.0000000000
9710,0.0000620438,0.0000000000
2694,0.0003674309,0.0000181602
2884,0.0003503965,0.0000005111
6918,0.0003459845,0.0001388138
8751,0.0005037479,0.0000000000
1229,0.0000862823,0.0042396686
1556,0.0001308346,0.0037388639
1867,0.0001134339,0.0002603335
2129,0.0000836813,0.0001100882
2843,0.0003588293,0.0000000000
4002,0.0000633873,0.0000656330
4116,0.0000741794,0.0000006628
4390,0.0000860109,0.0000000000
4399,0.0001503468,0.0000000000
4516,0.0000559839,0.0000585039
5047,0.0005160155,0.0000000000
6145,0.0000682469,0.0000280435
6883,0.0000785869,0.0000000000
7785,0.0000519792,0.0000000000
8872,0.0000775718,0.0000000000
9332,0.0000580340,0.0000000000
1097,0.0000523850,0.0003057998
1767,0.0003268760,0.0000598252
2179,0.0000349148,0.0005083148
5382,0.0002454111,0.0000097006
5823,0.0002865216,0.0000449936
6238,0.0000169872,0.0000000000
7241,0.0000455498,0.0000000000
9482,0.0002479482,0.0000000000
9496,0.0000409892,0.0000000000
534,0.0005668095,0.0076804457
1004,0.0007999408,0.0001429060
2692,0.0005417423,0.0000211407
3228,0.0007716835,0.0000554054
3535,0.0008184791,0.0000000000
3654,0.0005552071,0.0000002712
4382,0.0006153212,0.0000186596
7780,0.0005215504,0.0000003361
7946,0.0005213505,0.0000000000
9168,0.0005922802,0.0000000000
2161,0.0000861452,0.0000241881
2722,0.0000248113,0.0000000000
3252,0.0000464773,0.0000000754
8852,0.0000193258,0.0000000000
3162,0.0004406265,0.0000594327
3367,0.0000931550,0.0006607504
7124,0.0000817014,0.0000000000
9780,0.0000899524,0.0000000000
9931,0.0000867685,0.0000000000
1494,0.0000970210,0.0000041396
7553,0.0000507979,0.0000000000
8653,0.0003285348,0.0000000000
9453,0.0001728742,0.0000000000
812,0.0005978326,0.0001642849
1629,0.0001321582,0.0000000000
2478,0.0006614350,0.0000000153
2821,0.0004246041,0.0000000000
4208,0.0000861731,0.0000320740
4808,0.0001991498,0.0000000000
5471,0.0000913746,0.0000043088
7557,0.0003297316,0.0000677101
9764,0.0000961775,0.0000000000
612,0.0002832975,0.0000078065
1621,0.0002710242,0.0000690534
1777,0.0003176601,0.0000737625
1920,0.0005220100,0.0003018231
1956,0.0003095647,0.0000956245
3630,0.0003210152,0.0000351541
4706,0.0004984712,0.0000053610
8165,0.0002813171,0.0000000000
9589,0.0002633853,0.0000000000
816,0.0004077606,0.0002074303
909,0.0009069826,0.0012875083
3283,0.0001335821,0.0002446130
3381,0.0001836051,0.0004396348
3425,0.0000754497,0.0000405799
4512,0.0003065548,0.0000000000
7200,0.0001052408,0.0000000640
8791,0.0000624798,0.0000000000
9052,0.0000839888,0.0000000000
9411,0.0000744452,0.0000000000
9433,0.0000927835,0.0000000000
9714,0.0000588249,0.0000000000
1503,0.0000565390,0.0000539791
1690,0.0001369007,0.0003112150
4520,0.0000511216,0.0003407150
4564,0.0001177213,0.0000000000
6309,0.0001035311,0.0000173311
8726,0.0000863603,0.0000000000
799,0.0006688774,0.0000911442
2461,0.0001284394,0.0002533113
3031,0.0001061568,0.0001499340
3505,0.0000772805,0.0003817706
3561,0.0003864188,0.0000018058
3760,0.0000985919,0.0001503062
5782,0.0001060295,0.0002344100
6045,0.0001119011,0.0001482103
7526,0.0000745764,0.0000000000
9902,0.0000826716,0.0000000000
9996,0.0000734210,0.0000000000
1601,0.0005921387,0.0000955606
2000,0.0003204787,0.0006867474
2449,0.0002944064,0.0001056753
2488,0.0002603143,0.0000082048
3936,0.0002490521,0.0001122772
6136,0.0002570617,0.0000078249
8013,0.0002799025,0.0000000000
8093,0.0002477657,0.0000000000
9569,0.0002574899,0.0000000000
668,0.0006710333,0.0000754714
1169,0.0003042555,0.0036293440
1522,0.0002979110,0.0039014443
1610,0.0001118112,0.0000011578
4605,0.0005069764,0.0000000000
4902,0.0001225149,0.0000038289
6639,0.0000895355,0.0000000000
6787,0.0000727964,0.0000000000
6922,0.0001298176,0.0000000000
7217,0.0000913766,0.0000000000
9725,0.0003356087,0.0000000000
7344,0.0000150069,0.0000168612
8287,0.0000369438,0.0000000000
2333,0.0003539614,0.0000612166
2462,0.0002903061,0.0002912896
2747,0.0002745069,0.0000000000
4354,0.0003948969,0.0000226600
4403,0.0002831368,0.0000010414
5349,0.0002545554,0.0000335656
5942,0.0002661359,0.0000005218
6445,0.0003724481,0.0000000000
6783,0.0003259935,0.0000015775
8969,0.0002816287,0.0000000000
9237,0.0002617169,0.0000000000
906,0.0001859653,0.0000427366
1505,0.0003227872,0.0000000000
3791,0.0003220274,0.0000000000
4445,0.0000420021,0.0000000157
8280,0.0003221665,0.0000005471
1124,0.0001672392,0.0003916759
1208,0.0005697625,0.0000285237
4388,0.0000680381,0.0000004791
4441,0.0003073850,0.0000051813
4522,0.0000595337,0.0000000000
7503,0.0000277174,0.0000000000
550,0.0000924829,0.0002979219
3172,0.0000837266,0.0000017516
4342,0.0000764194,0.0000000000
6282,0.0000886388,0.0000047728
6547,0.0003244544,0.0000041235
6610,0.0000719705,0.0000000000
6789,0.0000835609,0.0000068479
7224,0.0001688973,0.0000000000
9790,0.0000691956,0.0000000000
5356,0.0000530920,0.0000341142
7308,0.0000593662,0.0000000000
7622,0.0000222556,0.0000000000
7959,0.0000194867,0.0000000000
9629,0.0002542475,0.0000000000
850,0.0002385290,0.0000000000
2435,0.0001695770,0.0000571529
3996,0.0001313467,0.0000016912
4617,0.0002146111,0.0000000000
6040,0.0001298655,0.0000000000
6152,0.0001725033,0.0000028081
7111,0.0001854246,0.0000012228
2794,0.0003535504,0.0000393404
3009,0.0002845968,0.0000000000
3294,0.0002955537,0.0000002137
3543,0.0002944897,0.0000027078
4336,0.0002711294,0.0000000000
6785,0.0002884222,0.0000000000
9303,0.0002626485,0.0000000000
9705,0.0005319004,0.0000000000
830,0.0000811154,0.0002499700
837,0.0002686265,0.0000297500
2147,0.0002978324,0.0000017538
4782,0.0000673970,0.0000836440
6980,0.0003661851,0.0002335025
7163,0.0000111740,0.0000000000
7271,0.0000207943,0.0000000000
898,0.0005744049,0.0005581391
1640,0.0001011604,0.0002992346
1681,0.0001853457,0.0001572861
5269,0.0000571737,0.0000058946
6713,0.0000642272,0.0000000000
7667,0.0001302282,0.0000000000
8743,0.0000646550,0.0000000000
4068,0.0001131271,0.0000435058
8260,0.0000698913,0.0000000000
1333,0.0006606536,0.0000380617
2020,0.0005707078,0.0000017291
2897,0.0005525936,0.0000544005
4986,0.0007796186,0.0000093368
5760,0.0005639666,0.0000219021
6165,0.0005970663,0.0000000000
6186,0.0005533057,0.0000030351
6474,0.0005626323,0.0000000000
7949,0.0005766117,0.0000297319
2107,0.0001311354,0.0000713502
2883,0.0001069396,0.0035432548
6801,0.0001212873,0.0000000000
7730,0.0001194864,0.0000000000
1931,0.0004597773,0.0001222111
2125,0.0003447490,0.0000829751
3692,0.0005438775,0.0000000000
3776,0.0001545476,0.0001580085
5300,0.0001182558,0.0001094352
6027,0.0001721379,0.0000045168
6546,0.0001785455,0.0000000000
7240,0.0002063326,0.0000243364
7300,0.0001367846,0.0000000000
7520,0.0001148998,0.0000000000
9495,0.0001242140,0.0000000000
1925,0.0016796074,0.0000196319
4355,0.0008727655,0.0001112879
4582,0.0008769922,0.0000024057
4716,0.0008915868,0.0000026148
5004,0.0009072627,0.0000000000
7325,0.0008924884,0.0000000000
7725,0.0008580172,0.0000000000
9727,0.0008570627,0.0000000000
9838,0.0008932445,0.0000000000
1122,0.0003786579,0.0004239719
1334,0.0005147780,0.0036934147
1917,0.0003207370,0.0001562977
4480,0.0003235523,0.0000095701
4866,0.0003166986,0.0000000000
4934,0.0003016904,0.0000064167
6026,0.0002986579,0.0000016744
7355,0.0003216505,0.0000000000
7501,0.0002869028,0.0000002554
8005,0.0002804620,0.0000000000
8331,0.0002740621,0.0000000000
8911,0.0002759535,0.0000000000
810,0.0001194976,0.0003954544
2754,0.0000706052,0.0000015454
3287,0.0003261647,0.0001961122
3386,0.0000866970,0.0001113100
3587,0.0001264023,0.0000005426
4639,0.0000904548,0.0006098804
5376,0.0006937801,0.0000021182
9700,0.0000732499,0.0000000000
1167,0.0003676714,0.0000184642
1411,0.0004224290,0.0002123647
2552,0.0006680157,0.0000000000
2613,0.0004139924,0.0004854119
2700,0.0005612348,0.0001595508
3573,0.0006280316,0.0000895277
3621,0.0003839786,0.0000429990
5778,0.0003813525,0.0000417931
6857,0.0003547544,0.0000000000
7184,0.0003247780,0.0000030581
9123,0.0003559263,0.0000000000
9124,0.0003247780,0.0000000000
9711,0.0007175210,0.0000000000
591,0.0003832952,0.0087317971
1209,0.0006068496,0.0001835488
2405,0.0001322312,0.0000023143
2628,0.0000667035,0.0000505929
2926,0.0000704418,0.0000021019
5009,0.0000737603,0.0000049265
5415,0.0000637610,0.0000005633
5521,0.0000605889,0.0000000000
5895,0.0003072157,0.0000000866
9971,0.0001191405,0.0000000000
2898,0.0006480971,0.0000230073
4223,0.0000663657,0.0000193090
4502,0.0003705017,0.0000217048
6551,0.0000945823,0.0000001693
7297,0.0000840654,0.0000000000
1586,0.0002758256,0.0041035345
1868,0.0000569487,0.0000135154
1983,0.0000988657,0.0001245656
2346,0.0000939827,0.0003904895
2420,0.0000907684,0.0001896874
5757,0.0000828183,0.0000000000
6444,0.0001200407,0.0006151023
8062,0.0000506276,0.0000000000
8369,0.0003525023,0.0000000000
8569,0.0000547077,0.0000000000
532,0.0003953386,0.0008422483
716,0.0003331948,0.0050214026
1605,0.0003374641,0.0001812850
2199,0.0005834066,0.0002815472
2816,0.0003126508,0.0000000000
5846,0.0003315588,0.0000000000
6043,0.0003057087,0.0000096843
6375,0.0003078465,0.0000086712
6826,0.0005430439,0.0000000000
7709,0.0003124616,0.0000000205
3447,0.0000160972,0.0000084860
7441,0.0000152033,0.0000004178
786,0.0004918658,0.0001365481
2529,0.0005157205,0.0000000000
3341,0.0007198512,0.0000174695
3416,0.0005350172,0.0004505529
5662,0.0005385443,0.0000000068
8500,0.0005222661,0.0000000000
9505,0.0004753873,0.0000000000
9611,0.0005194240,0.0000000000
2153,0.0001761896,0.0035348095
7597,0.0000597563,0.0000081333
8216,0.0000389610,0.0000000000
9315,0.0000603013,0.0000000000
629,0.0001533661,0.0000023842
870,0.0001502227,0.0000899119
1183,0.0006419556,0.0001010607
2327,0.0001139602,0.0004150926
2336,0.0001133573,0.0001748259
2365,0.0001515604,0.0000403727
4634,0.0001040008,0.0000000000
7608,0.0001050559,0.0035591983
7872,0.0005946752,0.0000000000
8326,0.0003217296,0.0000000000
8515,0.0001132477,0.0000017220
9090,0.0001327481,0.0000000000
9399,0.0001112442,0.0000046361
9620,0.0001853607,0.0000008039
3396,0.0000695704,0.0000118881
4815,0.0005597999,0.0000000000
4899,0.0000582631,0.0000000000
6552,0.0000605600,0.0000000000
7528,0.0000885420,0.0000000000
8459,0.0000994584,0.0000046257
604,0.0003208885,0.0008487376
1171,0.0003358731,0.0000019514
1912,0.0003741192,0.0001133679
2081,0.0008192444,0.0000000000
2130,0.0004371672,0.0001657940
2545,0.0004200264,0.0000028470
2595,0.0005394207,0.0002345347
2649,0.0003383620,0.0001113570
3465,0.0003251960,0.0000051083
4182,0.0003721346,0.0000000000
4641,0.0003777798,0.0000000000
4644,0.0003448800,0.0000018259
4690,0.0003921402,0.0000007203
4852,0.0003122149,0.0000000000
4865,0.0008281476,0.0000003085
5831,0.0003153587,0.0000000068
5851,0.0003644432,0.0000000156
6619,0.0005348965,0.0000000000
7661,0.0003891848,0.0000000000
8429,0.0003127166,0.0000000000
1974,0.0003750471,0.0000306066
2633,0.0002878891,0.0000275072
1356,0.0000787696,0.0001685436
2373,0.0003234230,0.0001502938
5768,0.0000314108,0.0000000000
6696,0.0000175836,0.0000030583
9017,0.0000227745,0.0000000000
9742,0.0000211206,0.0000000000
857,0.0005900842,0.0001364931
860,0.0003988990,0.0000456847
1347,0.0004132134,0.0003045988
2875,0.0003295306,0.0000068356
3012,0.0003235413,0.0003460273
8255,0.0005975998,0.0000000048
8597,0.0003100381,0.0000011389
1045,0.0002773959,0.0001095257
2787,0.0000111108,0.0000176422
4709,0.0000230794,0.0004434542
5943,0.0003057670,0.0000000000
1589,0.0005238079,0.0000075126
1818,0.0003095804,0.0000248428
1831,0.0003612442,0.0000344298
2057,0.0003001914,0.0000372776
3333,0.0005205839,0.0000060858
4925,0.0002844006,0.0000000951
6436,0.0002883010,0.0000000000
6513,0.0002832050,0.0000028641
7248,0.0002899117,0.0000005061
972,0.0000520021,0.0001273508
1076,0.0001608652,0.0007123845
1251,0.0000392636,0.0000595407
2436,0.0006117020,0.0004966886
3137,0.0004070805,0.0000221685
3438,0.0000635159,0.0000000000
5041,0.0000381145,0.0000000000
5545,0.0002581192,0.0000000000
7192,0.0000338377,0.0000000000
8613,0.0003081828,0.0000047718
8717,0.0000301690,0.0000000000
9897,0.0000301163,0.0000000000
1149,0.0005722168,0.0037324817
1192,0.0007731407,0.0001808648
2849,0.0005112419,0.0000022746
3186,0.0005110310,0.0003412463
4348,0.0005371494,0.0000037978
5613,0.0005143796,0.0000000000
6038,0.0007482453,0.0000069319
8468,0.0007639274,0.0000000000
2803,0.0005436602,0.0000977952
8053,0.0002637236,0.0000000000
9244,0.0002348014,0.0000000000
780,0.0000857189,0.0001376696
1627,0.0000675430,0.0004207718
1884,0.0003164178,0.0000187093
2442,0.0000838206,0.0000073222
2933,0.0001163784,0.0000025079
3308,0.0000427030,0.0002649714
3986,0.0005251268,0.0000837510
5982,0.0000563813,0.0000004744
6170,0.0000346171,0.0000000000
6576,0.0000347953,0.0000000133
7273,0.0000346321,0.0000019606
7454,0.0000472636,0.0000000000
7643,0.0001130282,0.0000000000
7788,0.0002916100,0.0035244190
1248,0.0002503733,0.0000090528
3567,0.0000692396,0.0000245809
4374,0.0003138800,0.0000000000
4725,0.0000715362,0.0000310708
8706,0.0000252807,0.0000000000
950,0.0003787379,0.0000865967
2749,0.0003957657,0.0000196388
2993,0.0003394309,0.0000260661
8273,0.0002985755,0.0000000000
8305,0.0002959928,0.0000000000
8935,0.0005304556,0.0000000000
9355,0.0002901490,0.0000000000
9968,0.0002901490,0.0000000000
2113,0.0000555256,0.0002201041
3117,0.0002583525,0.0035372821
8700,0.0003261279,0.0000000000
2163,0.0006329008,0.0000006000
4109,0.0001552465,0.0000241936
5123,0.0000993177,0.0000002602
7678,0.0006568488,0.0000009386
7829,0.0000784609,0.0000000000
9634,0.0000889309,0.0000000000
1432,0.0001002360,0.0004353451
1885,0.0001558667,0.0006915065
1935,0.0003444434,0.0000373191
2225,0.0001020582,0.0000000000
3434,0.0000797581,0.0000386223
4098,0.0000822415,0.0000085304
4608,0.0003761899,0.0000000000
8568,0.0001122008,0.0000000000
4945,0.0003346131,0.0000000000
5101,0.0001386675,0.0000487235
5533,0.0001396021,0.0000000000
7272,0.0001201973,0.0006027142
8358,0.0001202510,0.0000892667
9040,0.0001093564,0.0000001839
9483,0.0001077331,0.0000000000
9721,0.0001067724,0.0000000000
505,0.0001606482,0.0082826323
3243,0.0000218425,0.0000000000
5050,0.0005378298,0.0000013801
8104,0.0000308027,0.0000000000
4929,0.0000039821,0.0000799969
5353,0.0005682373,0.0000025509
6929,0.0000306342,0.0000000000
8937,0.0000939007,0.0000000000
687,0.0000709982,0.0001180012
1181,0.0003421014,0.0000222529
5599,0.0000726570,0.0000422039
6849,0.0001106117,0.0000000026
8511,0.0000645986,0.0000000000
9985,0.0003233713,0.0000000000
897,0.0008824611,0.0000698866
1164,0.0009466994,0.0000326166
1247,0.0009289053,0.0000296586
1308,0.0008933084,0.0008030350
1491,0.0008608711,0.0002001177
2056,0.0008689727,0.0001250491
2343,0.0008808001,0.0000060546
2532,0.0011289121,0.0000143674
3147,0.0014625272,0.0000058639
3254,0.0008552528,0.0000043700
4434,0.0013634840,0.0000683181
4826,0.0013748317,0.0000000866
5529,0.0009142300,0.0000000123
6301,0.0008629186,0.0000000000
6531,0.0009170353,0.0000000000
7282,0.0008478045,0.0000000000
7289,0.0008691110,0.0000000000
8292,0.0008541410,0.0000000000
9291,0.0008457325,0.0000000000
1773,0.0002543448,0.0003007413
2021,0.0000601933,0.0036426902
2932,0.0005622947,0.0009772047
2959,0.0000854598,0.0000035922
2963,0.0000806310,0.0000385678
5032,0.0000355890,0.0000000000
6901,0.0000398996,0.0000000000
9359,0.0000521733,0.0000000000
628,0.0007707235,0.0001277580
672,0.0004959016,0.0037224845
1453,0.0001889186,0.0000016024
2205,0.0001358650,0.0000381032
3808,0.0002191435,0.0002659471
4327,0.0001464710,0.0000699272
4465,0.0001303400,0.0000472027
4989,0.0004079964,0.0000000000
5368,0.0004799577,0.0000011674
5616,0.0001307472,0.0000005721
6103,0.0002251933,0.0000000000
9553,0.0001304595,0.0000000000
2930,0.0001000320,0.0000895201
7119,0.0000294519,0.0000000000
9082,0.0000786593,0.0000154692
9246,0.0000357553,0.0000000000
2128,0.0002853065,0.0001080215
2417,0.0002979806,0.0001938994
4622,0.0002724015,0.0000018855
1451,0.0002916712,0.0002746224
2848,0.0004684441,0.0000029653
2250,0.0000691550,0.0000124364
2790,0.0001259013,0.0005331136
2960,0.0000662266,0.0000000000
4026,0.0000945229,0.0000000000
4587,0.0000523092,0.0000150864
5419,0.0001267412,0.0000018701
6658,0.0000574892,0.0000000000
7162,0.0000538836,0.0000000000
7576,0.0001312937,0.0000000000
7841,0.0001136801,0.0000000000
8252,0.0000385947,0.0000000000
8621,0.0000377913,0.0000000000
8683,0.0000560905,0.0001427299
9340,0.0001074455,0.0000000000
9772,0.0000591661,0.0000000000
1108,0.0000672148,0.0001438042
4103,0.0000342084,0.0000041613
4449,0.0002649024,0.0000015756
5767,0.0000287739,0.0000003658
6311,0.0000299996,0.0000000545
9577,0.0000248603,0.0000000000
1558,0.0000135498,0.0001628562
9560,0.0000302956,0.0000000000
690,0.0003332380,0.0000660185
2388,0.0002844555,0.0000000000
7884,0.0000349775,0.0000000000
9859,0.0000402298,0.0000000000
2839,0.0000066002,0.0000310863
4968,0.0000333483,0.0000865954
918,0.0001443032,0.0000393051
1231,0.0000754230,0.0001478251
2954,0.0005036323,0.0000025664
3993,0.0002090016,0.0000360019
4135,0.0001034338,0.0002238864
4179,0.0001022998,0.0000000000
5147,0.0002948395,0.0000018365
6419,0.0000749117,0.0000000000
6687,0.0001876211,0.0000003987
7122,0.0002852349,0.0000000000
7359,0.0000707448,0.0000000000
2406,0.0003908865,0.0000000000
3389,0.0005805530,0.0000019659
4900,0.0003636685,0.0000000000
5536,0.0003568814,0.0000028742
5855,0.0008740906,0.0000000000
5967,0.0003558837,0.0000000000
6829,0.0003456629,0.0041011077
7159,0.0008754029,0.0000595319
7381,0.0003523782,0.0000000000
7402,0.0003582466,0.0000045434
7832,0.0003596412,0.0000000000
8498,0.0003749967,0.0000000000
9277,0.0003844651,0.0000030351
462,0.0004272286,0.0002140404
3097,0.0000529180,0.0006059881
3258,0.0000609240,0.0000888911
3378,0.0003344495,0.0000000000
3593,0.0000542212,0.0000000000
4353,0.0000555187,0.0000169883
5060,0.0001051815,0.0000024230
6872,0.0000746358,0.0000000000
8095,0.0000669444,0.0000000000
8874,0.0000717536,0.0000000000
8991,0.0000854435,0.0000650952
9673,0.0000555641,0.0000000000
2704,0.0000561352,0.0001325212
3084,0.0000600293,0.0000784946
3136,0.0001229615,0.0000070059
3976,0.0000693564,0.0003890719
4054,0.0001079070,0.0000018885
4211,0.0000550884,0.0000000000
4283,0.0000710714,0.0000040796
5968,0.0003072508,0.0000000000
753,0.0008422968,0.0001885291
1620,0.0005937785,0.0007052198
2846,0.0005763311,0.0001494250
3289,0.0005854832,0.0001132583
3560,0.0006084492,0.0000805281
6049,0.0009011967,0.0000000000
6287,0.0005615040,0.0001481662
7251,0.0008382188,0.0000000000
7592,0.0005666239,0.0000000000
7731,0.0006284903,0.0000000000
7923,0.0005784641,0.0000000000
8049,0.0006215556,0.0000000000
8085,0.0010859331,0.0000023220
1036,0.0006325195,0.0005752911
1218,0.0003878749,0.0000143159
1939,0.0003151026,0.0000744644
2823,0.0003019452,0.0004027376
3220,0.0008109501,0.0000043916
4580,0.0002806619,0.0006652039
5165,0.0003165199,0.0000000628
6569,0.0002836201,0.0000024484
6616,0.0002974746,0.0000541072
8289,0.0003064503,0.0000000000
8460,0.0005728943,0.0000000000
9288,0.0002842513,0.0000000000
9471,0.0002812536,0.0000000000
9774,0.0002812258,0.0000000000
1125,0.0001484196,0.0001964764
9271,0.0000369029,0.0000000000
1071,0.0005278185,0.0000175843
1173,0.0002036971,0.0005760069
1480,0.0001888569,0.0000000754
1704,0.0002556845,0.0001411461
2502,0.0001575474,0.0003337120
2740,0.0001439723,0.0001416154
2761,0.0004017180,0.0000033741
2792,0.0002219887,0.0001679415
2987,0.0004494833,0.0001483633
3673,0.0001583582,0.0000000000
6535,0.0001436339,0.0000021485
6822,0.0003896949,0.0000000000
6952,0.0001460020,0.0000000000
7063,0.0001540906,0.0000487235
8080,0.0001665557,0.0000000000
8315,0.0002228753,0.0000000000
8449,0.0001720335,0.0000000000
9366,0.0002027261,0.0000000000
9588,0.0001437301,0.0000000000
3473,0.0000316173,0.0000002034
3482,0.0000417722,0.0000419565
6755,0.0000840475,0.0003136399
7532,0.0000426632,0.0000000000
818,0.0008483525,0.0000865159
1121,0.0007755089,0.0000438957
3100,0.0002920508,0.0000707829
3651,0.0003396648,0.0002660333
4559,0.0003079308,0.0000205211
5543,0.0003213001,0.0000001108
6595,0.0002998104,0.0000000000
7117,0.0003345041,0.0000000000
7753,0.0003430010,0.0000000000
7972,0.0003002431,0.0000000000
7993,0.0002964564,0.0000000000
8904,0.0003194805,0.0000000000
8907,0.0003440635,0.0000320212
8955,0.0003310647,0.0000000000
938,0.0001620748,0.0000000000
1170,0.0001944088,0.0004561255
1763,0.0001137244,0.0001259582
1913,0.0003630073,0.0002025630
2170,0.0001363153,0.0001478693
2381,0.0001296612,0.0007454534
3606,0.0001063009,0.0000080785
4513,0.0000902122,0.0000012637
4750,0.0001103491,0.0000000000
5514,0.0001372888,0.0001447569
6740,0.0001615645,0.0000015670
7089,0.0001077240,0.0000000000
7180,0.0000905199,0.0000196192
7514,0.0003037456,0.0000024992
9544,0.0001025659,0.0000000000
4898,0.0003042463,0.0000030940
6530,0.0000554564,0.0000000000
7912,0.0000555931,0.0000000000
8232,0.0000489135,0.0000000000
9260,0.0000685218,0.0000000000
891,0.0003483621,0.0005337296
992,0.0001825351,0.0000087889
1672,0.0003297249,0.0006394722
1846,0.0001061913,0.0001567721
2227,0.0001261337,0.0004703919
3128,0.0001351153,0.0036784903
4508,0.0001040063,0.0000009446
6483,0.0001076665,0.0000000000
7284,0.0001006532,0.0000000000
8574,0.0001031269,0.0000000088
9071,0.0001017907,0.0000000000
483,0.0003172852,0.0038354553
879,0.0005900105,0.0000229621
1120,0.0003071702,0.0000079193
1354,0.0003218527,0.0003268169
4120,0.0003438687,0.0003149574
5255,0.0002701020,0.0000000000
5993,0.0004798195,0.0000003258
7056,0.0002671472,0.0000000000
7234,0.0002604905,0.0000092516
7238,0.0002627911,0.0000000000
8684,0.0002749352,0.0000000000
9081,0.0005325968,0.0000000000
9674,0.0003488389,0.0000000000
9708,0.0002602498,0.0000000000
2590,0.0002884974,0.0000000000
4835,0.0000848555,0.0000230255
4938,0.0000333872,0.0000030507
5025,0.0000306023,0.0004147434
5254,0.0000289236,0.0000000000
5645,0.0000425907,0.0000000000
3238,0.0002973421,0.0003839087
4014,0.0003040924,0.0000327333
4192,0.0003232806,0.0000003867
8526,0.0002963460,0.0000000000
8649,0.0003322935,0.0000003452
9465,0.0003154263,0.0000000000
6777,0.0000308148,0.0000000000
1133,0.0006737509,0.0001588823
5873,0.0000589387,0.0000025434
6400,0.0000370062,0.0000000000
6987,0.0000294751,0.0000013738
7084,0.0000304581,0.0003319352
8623,0.0000298271,0.0001749486
956,0.0000884529,0.0002126604
3410,0.0000544898,0.0000548303
3698,0.0001084681,0.0002320519
6356,0.0001098288,0.0000000899
6877,0.0000224855,0.0000000000
6975,0.0000518974,0.0000000000
7328,0.0000279063,0.0000046047
5166,0.0002925926,0.0000987051
7833,0.0002752542,0.0000077913
7886,0.0002765512,0.0000000000
839,0.0005638149,0.0000570405
6381,0.0005488105,0.0000133592
6830,0.0005309199,0.0000000000
6953,0.0005442418,0.0000000000
7205,0.0005940725,0.0002372806
8605,0.0005313525,0.0000022276
807,0.0003396666,0.0000000000
2969,0.0001278441,0.0000069553
8989,0.0002447342,0.0000000000
1751,0.0003147150,0.0000051218
3230,0.0000505638,0.0001440355
4594,0.0000469331,0.0000068143
4836,0.0001011206,0.0000000000
4888,0.0000500479,0.0000080632
6310,0.0000549975,0.0000000000
8756,0.0000549155,0.0000000000
8775,0.0000494685,0.0000000000
9104,0.0000241119,0.0000003790
2631,0.0002482982,0.0000379894
5409,0.0002492469,0.0000000000
7304,0.0002525292,0.0000000000
2340,0.0000788407,0.0000162461
2409,0.0002710631,0.0000003831
2083,0.0001162333,0.0000000000
2473,0.0000559039,0.0005035889
3529,0.0002859295,0.0000218115
3822,0.0000323980,0.0000000000
9511,0.0000403515,0.0000005776
2091,0.0005670038,0.0000374634
3763,0.0007970880,0.0000613385
4663,0.0005582281,0.0001230106
4693,0.0005877206,0.0000000000
5184,0.0005742374,0.0000004376
5859,0.0005885932,0.0000037335
6137,0.0005361883,0.0000000000
7131,0.0005415041,0.0000000000
8851,0.0005324330,0.0000000000
9278,0.0005300830,0.0000000000
9449,0.0005578815,0.0000000000
1324,0.0000479154,0.0001064319
6739,0.0000278500,0.0000000000
9160,0.0000339706,0.0000000000
2622,0.0001067381,0.0001890482
3745,0.0000353035,0.0000337214
3912,0.0000330696,0.0000468913
3922,0.0000281937,0.0000275419
4849,0.0000377794,0.0000625044
6940,0.0000491029,0.0000000000
9792,0.0000316932,0.0000000000
878,0.0000903846,0.0000386956
1069,0.0000576097,0.0003321486
5949,0.0000656025,0.0003450662
6728,0.0000305672,0.0000000000
7964,0.0000997601,0.0000000000
8435,0.0000271213,0.0000000000
9010,0.0000291089,0.0000000000
9596,0.0000725279,0.0000000000
9625,0.0002408104,0.0000000000
785,0.0001588561,0.0042311525
2112,0.0001059883,0.0000004470
3552,0.0001094207,0.0000052895
7456,0.0001459793,0.0000000000
9221,0.0000797958,0.0000055474
9916,0.0003394309,0.0000000000
9907,0.0000144868,0.0000000000
4535,0.0000302725,0.0000000000
6493,0.0000340028,0.0000000000
2108,0.0003340837,0.0001557266
2151,0.0003318245,0.0001226144
2433,0.0005756709,0.0001336167
2818,0.0003608086,0.0006608256
3326,0.0003241890,0.0000013174
3392,0.0005702399,0.0000002965
3839,0.0005709017,0.0000921844
5103,0.0003166430,0.0000000000
5571,0.0003781505,0.0001564095
5733,0.0007687538,0.0000030809
6226,0.0003667261,0.0000327703
6342,0.0005468668,0.0000000000
7076,0.0003423882,0.0000000000
8480,0.0003126562,0.0000000000
9880,0.0003185051,0.0000000000
896,0.0005684065,0.0003125145
2214,0.0001021403,0.0000000000
4177,0.0000568259,0.0000000000
4822,0.0000690658,0.0000000000
8238,0.0000539207,0.0000000000
1929,0.0000527686,0.0000135790
1963,0.0001179324,0.0000210456
4125,0.0000414564,0.0000230543
6927,0.0000223129,0.0000000000
9640,0.0002417240,0.0000000000
1575,0.0003199749,0.0003813228
1761,0.0000695414,0.0000071574
2166,0.0003115393,0.0002760040
2528,0.0000871100,0.0000031359
2602,0.0003459968,0.0000007463
3212,0.0001549855,0.0002815619
3257,0.0000535833,0.0000000000
3884,0.0000864807,0.0000665926
4965,0.0002955979,0.0000013969
6403,0.0000693601,0.0000076089
8688,0.0000621839,0.0000000000
8862,0.0000681662,0.0000000000
9477,0.0001019310,0.0000187324
9766,0.0000861723,0.0000000000
1296,0.0001468887,0.0006129358
3645,0.0001232925,0.0000004359
4413,0.0000804132,0.0035531701
5045,0.0000584983,0.0000181329
7530,0.0002850579,0.0000000000
4495,0.0001238938,0.0000373854
5456,0.0001187807,0.0000000000
7906,0.0000941957,0.0004168727
8423,0.0000797603,0.0000000000
8727,0.0002959429,0.0000017756
2565,0.0009887909,0.0000012810
6343,0.0008904292,0.0000000000
7185,0.0006374567,0.0000091089
8389,0.0006063557,0.0000000000
4229,0.0000520409,0.0000669084
853,0.0004146442,0.0001166009
2111,0.0006698468,0.0000077376
3239,0.0003288488,0.0000022292
4982,0.0000719613,0.0000000000
5051,0.0001376941,0.0000028467
7322,0.0003453295,0.0000000000
8760,0.0000713804,0.0000408363
8763,0.0001196600,0.0000000000
615,0.0006895057,0.0000634245
1729,0.0001653420,0.0002844187
2138,0.0003274354,0.0000461218
4419,0.0002959595,0.0000063020
4683,0.0001393305,0.0000157540
5258,0.0000989050,0.0000896693
6395,0.0000968345,0.0000004855
6817,0.0001316193,0.0000000000
7611,0.0002891930,0.0000011178
8817,0.0000727204,0.0000000000
1941,0.0005195588,0.0000000000
3498,0.0000260736,0.0000104567
4518,0.0001295707,0.0001634910
4751,0.0000706037,0.0000025865
4661,0.0000910417,0.0000020970
5651,0.0001366784,0.0000221100
5938,0.0000970711,0.0000000000
6989,0.0000952466,0.0035213556
7404,0.0001390813,0.0000010677
1293,0.0005166089,0.0004455167
1906,0.0000845089,0.0001364590
4394,0.0000470108,0.0000000000
5424,0.0002606678,0.0001238928
1719,0.0002680589,0.0000096383
3635,0.0003098975,0.0000673240
4948,0.0002998159,0.0000000000
6144,0.0003184969,0.0000000000
8050,0.0002667787,0.0000000000
8630,0.0003022185,0.0000000000
9825,0.0002799228,0.0000000000
1298,0.0000976760,0.0041979250
3668,0.0000630312,0.0000000721
4140,0.0000351311,0.0001249008
7213,0.0000542263,0.0000011423
8652,0.0002427689,0.0001540686
8831,0.0000281598,0.0000000000
3640,0.0000946244,0.0000528249
5945,0.0000445468,0.0000000000
6086,0.0000528028,0.0000000000
7130,0.0000407151,0.0000000000
1552,0.0000330326,0.0001232148
1703,0.0000723898,0.0000191277
3909,0.0000450829,0.0000857566
4738,0.0000497697,0.0003334556
1163,0.0003380288,0.0012702882
3694,0.0000671908,0.0001234939
4878,0.0001196999,0.0000032683
5784,0.0000699122,0.0000000000
6443,0.0000695734,0.0000016334
1500,0.0000421049,0.0002395260
1508,0.0000993219,0.0000052717
3232,0.0000803980,0.0000021158
4034,0.0000715494,0.0000000000
4149,0.0000348510,0.0000201824
5918,0.0000494537,0.0000000000
6566,0.0000426168,0.0000000000
7768,0.0000353592,0.0000000000
9263,0.0000420698,0.0000000000
9350,0.0000744779,0.0000000000
5168,0.0000679290,0.0000000000
5641,0.0000974841,0.0000087173
5903,0.0000646693,0.0000623348
8646,0.0000731606,0.0000000000
9357,0.0000662445,0.0000000000
813,0.0003638526,0.0000661749
1033,0.0005176235,0.0000600213
1299,0.0003655825,0.0037663868
1332,0.0003424744,0.0005762666
2145,0.0003454450,0.0000399210
2168,0.0005521074,0.0000849013
2566,0.0003192856,0.0001713900
4016,0.0005359473,0.0003204238
4983,0.0003263375,0.0000017702
5048,0.0004069022,0.0000011872
5096,0.0007434233,0.0000003010
5319,0.0002910077,0.0000000000
5522,0.0005791016,0.0000001693
6850,0.0003093215,0.0000009184
6853,0.0003318518,0.0000000000
8084,0.0003049761,0.0000000000
8458,0.0003135272,0.0000000000
646,0.0001483519,0.0013280516
1083,0.0000807336,0.0000490994
2267,0.0000680137,0.0035170779
3123,0.0001315320,0.0000442088
4004,0.0000730184,0.0000438993
4183,0.0001075360,0.0001609743
4658,0.0003296619,0.0000000000
4847,0.0006458838,0.0000000000
5650,0.0000776354,0.0000120469
5842,0.0000553092,0.0000000000
6319,0.0002404274,0.0000000908
6618,0.0000650154,0.0000000000
8368,0.0000511606,0.0000000000
8786,0.0000508485,0.0000268065
9991,0.0000622207,0.0000000000
6216,0.0000725635,0.0000001131
7210,0.0000936544,0.0000000000
7629,0.0001065634,0.0000506328
2739,0.0011903150,0.0000080556
3466,0.0008335638,0.0001077640
3690,0.0006213316,0.0000235482
4138,0.0005974442,0.0000593680
4351,0.0006286119,0.0000000000
5011,0.0006070233,0.0000422627
5944,0.0006268778,0.0000000000
6796,0.0005857998,0.0000268179
6824,0.0005995718,0.0000000000
6948,0.0006338435,0.0000000000
8306,0.0007105333,0.0000000000
1754,0.0006062271,0.0003554441
1756,0.0005865713,0.0002409893
2123,0.0008736607,0.0000536946
4432,0.0005958987,0.0000045113
5091,0.0007028080,0.0000000000
7416,0.0005844338,0.0000000000
8664,0.0005940389,0.0000000000
2656,0.0003302400,0.0000523444
8490,0.0002623578,0.0000031907
2216,0.0005817996,0.0004595680
2687,0.0006077540,0.0000211218
3094,0.0005225231,0.0000000000
5676,0.0005242835,0.0001229668
7939,0.0005381669,0.0000265770
9032,0.0005170479,0.0000000000
1007,0.0002904824,0.0002985831
1413,0.0003679900,0.0000046964
2537,0.0002814681,0.0006171258
3129,0.0003028037,0.0000000000
4825,0.0003291571,0.0000196192
7397,0.0002705107,0.0000000000
7522,0.0002959998,0.0000000000
9487,0.0002787134,0.0000175273
4074,0.0000926337,0.0000000000
5999,0.0001216772,0.0001584870
2572,0.0000801791,0.0000000977
2934,0.0001071756,0.0000000000
5054,0.0000745884,0.0000047750
5416,0.0000852628,0.0000062368
6252,0.0000943430,0.0000000000
6708,0.0000920311,0.0000000000
7681,0.0001068885,0.0000000000
9709,0.0000702786,0.0000000000
1357,0.0002252685,0.0001569506
1752,0.0001098828,0.0003838735
2663,0.0002403122,0.0006653653
6446,0.0001063221,0.0000023839
6969,0.0001317196,0.0000000000
7299,0.0000848406,0.0000000000
7446,0.0000726291,0.0000000000
7888,0.0000724247,0.0000000000
7908,0.0000902367,0.0000155848
9190,0.0000734172,0.0000000000
9750,0.0001185623,0.0000000000
5445,0.0000860695,0.0001369832
9953,0.0000412656,0.0000000000
2995,0.0000345469,0.0000292400
3849,0.0000343021,0.0000002715
5773,0.0000443114,0.0000000000
6107,0.0000860064,0.0000000000
8665,0.0002736012,0.0000021017
9852,0.0005290146,0.0000000000
9966,0.0000708557,0.0000000000
1433,0.0000999704,0.0000388407
1524,0.0001621655,0.0000881635
2348,0.0001271427,0.0000146799
6806,0.0001760556,0.0000403814
6941,0.0001039391,0.0000217541
6950,0.0000746593,0.0000000000
1143,0.0003038488,0.0000755164
1897,0.0003715369,0.0000000000
5724,0.0000193410,0.0000267592
6805,0.0000306440,0.0000000000
7097,0.0002353978,0.0000008437
7534,0.0000241285,0.0000000000
2180,0.0000660004,0.0000367540
2239,0.0002648841,0.0000000000
4263,0.0003508573,0.0000000000
6923,0.0000746212,0.0000000000
7172,0.0000568591,0.0000000000
715,0.0008085387,0.0004559547
4361,0.0001264751,0.0000136581
4999,0.0001163414,0.0000000000
5279,0.0001426397,0.0000000000
5531,0.0001014661,0.0001662778
6180,0.0001011925,0.0000000000
6527,0.0000958739,0.0000000000
6894,0.0001212060,0.0000000000
7408,0.0000909109,0.0000000000
8416,0.0001531729,0.0000000000
1037,0.0002937906,0.0000000000
3491,0.0000446882,0.0000205585
9415,0.0000050194,0.0000000000
1060,0.0001485789,0.0005333709
1662,0.0001250165,0.0000287174
3905,0.0000328615,0.0000000000
5359,0.0000761988,0.0000000000
6897,0.0000829387,0.0000000000
8821,0.0000463445,0.0000000000
9261,0.0000349260,0.0000000000
2580,0.0005553844,0.0000653807
4267,0.0005748959,0.0000000000
4463,0.0005376060,0.0000560937
4488,0.0007932758,0.0000280308
4935,0.0005370690,0.0000021027
5057,0.0005207387,0.0000000000
6302,0.0005207587,0.0000767032
9765,0.0005376228,0.0000000000
1215,0.0003645336,0.0001531117
1636,0.0004872141,0.0000023115
6159,0.0005488949,0.0000032577
9717,0.0003085869,0.0000000000
1084,0.0000903295,0.0004125034
1289,0.0000709039,0.0000952422
1497,0.0003862286,0.0000018251
1559,0.0001155142,0.0000026343
3101,0.0000837235,0.0003176173
4450,0.0000717458,0.0000282425
6247,0.0000661759,0.0000000000
6280,0.0002909762,0.0001503111
6931,0.0002841130,0.0000012382
9517,0.0001065066,0.0000000000
1668,0.0002763259,0.0004737956
2671,0.0000472366,0.0000468303
4038,0.0000741418,0.0000890188
9038,0.0000252894,0.0000000000
1533,0.0000847313,0.0005869638
2695,0.0001275873,0.0000764206
3302,0.0000694917,0.0000028375
4731,0.0002390087,0.0001429085
6855,0.0000601469,0.0000000000
7630,0.0000674749,0.0000000000
8814,0.0000881879,0.0000000000
5358,0.0002917765,0.0000000000
6463,0.0002510464,0.0002428951
6994,0.0000118721,0.0000000000
7141,0.0000444420,0.0000000000
7406,0.0000238550,0.0000018224
7539,0.0000184338,0.0000000000
9509,0.0000449727,0.0000000000
9890,0.0005143214,0.0000000000
577,0.0000555467,0.0003816092
2385,0.0000297717,0.0000000000
3291,0.0000341099,0.0000763812
3394,0.0000719741,0.0000000000
3879,0.0000509268,0.0000660336
4303,0.0000255792,0.0000000000
5327,0.0000462559,0.0000046109
5576,0.0000226879,0.0000000000
5634,0.0000267970,0.0000133652
9687,0.0000194728,0.0000000000
2325,0.0000724289,0.0002213661
2553,0.0000099332,0.0000016364
6402,0.0000256067,0.0000000000
7147,0.0000323826,0.0000000000
9815,0.0000121275,0.0000000000
4047,0.0002947351,0.0000144948
5069,0.0000429263,0.0000003554
5585,0.0000410066,0.0000173306
5755,0.0000816281,0.0000000000
7336,0.0000454021,0.0000000000
8520,0.0000669309,0.0000000000
9610,0.0000585698,0.0000000000
638,0.0000841973,0.0000819476
3248,0.0001274620,0.0000000962
5031,0.0000395566,0.0000011483
9159,0.0000349970,0.0000000000
9585,0.0002895240,0.0000000000
5036,0.0000500547,0.0000143945
5263,0.0000174857,0.0000303379
5872,0.0003190378,0.0000173592
5995,0.0000163104,0.0000012810
6695,0.0000161679,0.0000000000
3487,0.0002756300,0.0000021101
3923,0.0000361176,0.0000347974
6054,0.0001044500,0.0001176202
7548,0.0002602137,0.0000005851
8187,0.0000606256,0.0000007515
9293,0.0000274350,0.0000000000
3095,0.0001969980,0.0000341787
3954,0.0001470028,0.0001264495
4299,0.0007866902,0.0000334142
5164,0.0003073138,0.0000035949
8401,0.0000716984,0.0000000000
9128,0.0000692884,0.0000240374
4737,0.0000217083,0.0000000908
8972,0.0000119832,0.0000000000
2452,0.0000481364,0.0000004751
2938,0.0000836398,0.0000000000
3939,0.0000627391,0.0000051630
7819,0.0000284890,0.0000000000
9182,0.0000194830,0.0000000000
1980,0.0000666889,0.0036624676
3983,0.0002966538,0.0000401004
4924,0.0003483343,0.0000229075
7239,0.0000617844,0.0004282081
9420,0.0000528188,0.0000000000
2432,0.0002970082,0.0036335399
2482,0.0000581809,0.0001117917
2615,0.0000860308,0.0001790716
2886,0.0001231207,0.0000000000
3122,0.0001639976,0.0000000000
3187,0.0001178165,0.0000016085
3199,0.0001458097,0.0000155419
3977,0.0000527671,0.0001643293
5893,0.0000507685,0.0000172086
6726,0.0000578343,0.0000742685
7887,0.0000588040,0.0000000000
8360,0.0000615436,0.0000000000
8399,0.0002803423,0.0000000000
1698,0.0000465035,0.0000388518
2569,0.0002904181,0.0000470061
3744,0.0000566510,0.0000011946
4801,0.0000410165,0.0000572281
5114,0.0000581558,0.0000000000
5412,0.0000915125,0.0000017692
7430,0.0000484693,0.0000000000
9435,0.0000399618,0.0000000000
2670,0.0001219910,0.0000537712
4848,0.0000906229,0.0000000000
8041,0.0003078146,0.0000551587
8927,0.0001041898,0.0000000000
784,0.0000825666,0.0000640183
3046,0.0001175638,0.0000255727
5417,0.0000383725,0.0000000000
827,0.0004247995,0.0039961502
1435,0.0001038161,0.0000825604
1555,0.0001474118,0.0000150447
3729,0.0001294491,0.0000017172
5008,0.0000570566,0.0000000000
6701,0.0002796324,0.0000000000
6763,0.0000717776,0.0000000000
7392,0.0001201176,0.0000002048
9181,0.0000555406,0.0000000000
4288,0.0002540605,0.0001834805
4509,0.0000926391,0.0002522219
8229,0.0002790999,0.0000000000
1943,0.0000660047,0.0000413738
5519,0.0000391501,0.0004512097
8179,0.0000171076,0.0000000000
8405,0.0000656663,0.0000000000
8900,0.0000491538,0.0000000000
9680,0.0002162126,0.0000000000
1639,0.0003085912,0.0006869694
1706,0.0000769179,0.0035777102
2972,0.0000223050,0.0000015327
4206,0.0000891970,0.0000073307
7721,0.0000434280,0.0000000000
8523,0.0004534942,0.0000000000
9377,0.0000200150,0.0000000000
1384,0.0003876397,0.0007153659
1490,0.0002101622,0.0000542629
1811,0.0003472078,0.0001625416
3577,0.0001131332,0.0002477079
3787,0.0001071467,0.0002347648
3800,0.0001112428,0.0000172343
3947,0.0001040226,0.0000019832
3951,0.0001289825,0.0000316421
4300,0.0001004337,0.0000000000
5476,0.0001053123,0.0000612321
5661,0.0001023603,0.0000000000
6002,0.0001051356,0.0035171175
6296,0.0000935494,0.0000000000
6842,0.0001053840,0.0000000000
7188,0.0003205543,0.0000181337
7283,0.0001029889,0.0000000000
8222,0.0001027603,0.0000000000
8497,0.0001204297,0.0000000000
4739,0.0000720337,0.0000221959
7738,0.0002903766,0.0004807053
1221,0.0005293936,0.0000816289
4064,0.0000281498,0.0000000156
5770,0.0000347699,0.0000028010
9718,0.0000218086,0.0000000000
2444,0.0000736546,0.0000420365
3470,0.0002858597,0.0000003713
6472,0.0000577975,0.0000223914
6581,0.0000484270,0.0000825564
790,0.0000539849,0.0002537531
1070,0.0004343622,0.0013831625
6219,0.0000559444,0.0000000000
8321,0.0000261604,0.0000000000
8529,0.0000270387,0.0000000000
8530,0.0000243605,0.0000004389
9775,0.0000520259,0.0000000000
2555,0.0000705284,0.0000370970
2771,0.0000863381,0.0003155270
3419,0.0000313838,0.0000256011
3646,0.0000451375,0.0000190515
3755,0.0005438801,0.0000204655
5388,0.0000279472,0.0001100293
5457,0.0000452099,0.0000000000
5505,0.0000414665,0.0000000000
7747,0.0000177638,0.0000000000
8793,0.0000582233,0.0000023967
4833,0.0000397729,0.0000000535
7021,0.0000401567,0.0000000000
9563,0.0000288268,0.0000000000
9788,0.0002808861,0.0000000000
1282,0.0000706829,0.0000000000
1803,0.0003345665,0.0000531498
2379,0.0001326725,0.0000884401
4007,0.0000270893,0.0000370950
4013,0.0000426010,0.0000000000
4569,0.0000596799,0.0000000000
6588,0.0002762407,0.0000000000
7797,0.0000246740,0.0000156409
9321,0.0000229587,0.0000000000
2192,0.0003239785,0.0000362560
2541,0.0003076099,0.0000034725
5509,0.0003156322,0.0000000000
6591,0.0003879467,0.0000000000
1900,0.0004949375,0.0000000000
2551,0.0005491351,0.0000000000
3388,0.0003264354,0.0000036026
4108,0.0004134648,0.0000425773
4722,0.0003234095,0.0000007740
5265,0.0003053623,0.0000000000
6657,0.0003134763,0.0000000000
7728,0.0003062513,0.0001660763
8589,0.0004238610,0.0000000000
9783,0.0003275944,0.0000000000
9866,0.0002997469,0.0000000000
3701,0.0000490871,0.0001152649
4284,0.0000375172,0.0000000000
5274,0.0003158799,0.0000000000
5280,0.0000463998,0.0000242618
5870,0.0000537632,0.0000022638
6688,0.0000383204,0.0000000000
7050,0.0000439114,0.0000009072
9238,0.0000412245,0.0000000000
1068,0.0007397969,0.0000690831
1105,0.0006431408,0.0002073636
1953,0.0008840760,0.0000089347
2067,0.0006193396,0.0000167890
2073,0.0008566415,0.0000069409
2431,0.0008497735,0.0001257600
3611,0.0006384565,0.0000511944
4058,0.0006293619,0.0001190797
4062,0.0008374137,0.0000877423
4278,0.0006081226,0.0001600093
4499,0.0006383018,0.0000000000
5963,0.0008369945,0.0000139569
7173,0.0006308539,0.0000000000
7868,0.0006018860,0.0000000000
8469,0.0006130099,0.0000142275
9077,0.0006298489,0.0000000000
9950,0.0006021549,0.0000000000
1309,0.0000927673,0.0001475785
2288,0.0002534993,0.0000820456
2412,0.0002826575,0.0001362566
3066,0.0000514797,0.0000583433
7177,0.0002801677,0.0000000000
8489,0.0000309580,0.0000000000
8712,0.0000366972,0.0000000000
5708,0.0007286579,0.0000000000
1595,0.0001106644,0.0000794777
4757,0.0000851591,0.0000000000
4809,0.0001200681,0.0000000000
6615,0.0000743524,0.0000000000
7931,0.0001103342,0.0000000000
4550,0.0005788459,0.0000000000
1724,0.0000525931,0.0003189357
7006,0.0000222769,0.0000000000
7432,0.0000222772,0.0000000000
8479,0.0000245049,0.0000000000
9794,0.0000382931,0.0000000000
1911,0.0000849729,0.0000240553
2006,0.0000348905,0.0002130426
4931,0.0000300315,0.0000164493
9607,0.0000286396,0.0000000000
5067,0.0000448048,0.0001054964
1286,0.0000795891,0.0005516618
5030,0.0000434913,0.0000001145
5738,0.0000898558,0.0000084471
5754,0.0000429534,0.0000181568
6804,0.0002989514,0.0000000000
8947,0.0000366392,0.0000000000
9508,0.0000506247,0.0000035163
9935,0.0000415567,0.0000000000
1539,0.0005456342,0.0001959537
1890,0.0002446801,0.0002539290
3513,0.0002466762,0.0000239036
4993,0.0002421446,0.0000000000
6863,0.0002580711,0.0000202822
8052,0.0002424428,0.0000000000
3616,0.0001940035,0.0001969579
4256,0.0002864799,0.0000557246
4436,0.0004255670,0.0000035943
4633,0.0002247088,0.0000005355
4691,0.0004860245,0.0008419129
6292,0.0001961766,0.0000000000
7062,0.0002778972,0.0000005139
9362,0.0001937364,0.0000000000
2949,0.0000641393,0.0000017091
1737,0.0001200635,0.0000382999
2231,0.0001047585,0.0000000000
2256,0.0001385370,0.0000933898
3584,0.0001000015,0.0000000000
4094,0.0001167237,0.0000000000
5144,0.0001589062,0.0000000000
5612,0.0001118894,0.0000136602
6373,0.0001020504,0.0000000000
8855,0.0000949520,0.0000262451
9555,0.0000920938,0.0000000000
2105,0.0003428309,0.0005369857
3660,0.0005731311,0.0000618454
5061,0.0003161115,0.0000000000
8341,0.0002957602,0.0000017101
5752,0.0003247142,0.0000036647
9938,0.0003456942,0.0000000000
3241,0.0000299503,0.0000438597
4099,0.0000189871,0.0035389380
4698,0.0003101467,0.0000196597
5111,0.0000786715,0.0000497030
7604,0.0000175525,0.0000000000
8462,0.0000513763,0.0000000000
2183,0.0000704492,0.0000435178
3442,0.0000538915,0.0000817376
6488,0.0002993528,0.0000028032
2010,0.0000456761,0.0000170911
5151,0.0000373597,0.0000000000
6391,0.0000224297,0.0000007301
9023,0.0000166273,0.0000000000
9086,0.0000292197,0.0000000000
831,0.0005903156,0.0002072147
5252,0.0000798252,0.0000015291
8634,0.0004794143,0.0000039650
4435,0.0000160895,0.0000351799
4494,0.0000257820,0.0000412140
5259,0.0000043940,0.0000018673
6101,0.0000138164,0.0000377177
6128,0.0000104840,0.0000342404
7823,0.0000336107,0.0000000000
2331,0.0000531388,0.0002883235
3657,0.0000235665,0.0000000000
3979,0.0000244414,0.0001985177
4187,0.0000537466,0.0002456771
9900,0.0002386897,0.0000000000
845,0.0000789330,0.0002678940
1986,0.0000755533,0.0000626073
4806,0.0001132479,0.0000000000
8347,0.0000768040,0.0000000000
3377,0.0002558146,0.0000155544
9331,0.0000573990,0.0000000000
4797,0.0000828932,0.0000000201
3008,0.0002992171,0.0001716719
4114,0.0001101621,0.0003151133
4932,0.0001326421,0.0000066269
6268,0.0002776758,0.0000316459
7054,0.0000623861,0.0004595820
9348,0.0000597369,0.0000000000
1845,0.0000326871,0.0002000062
2607,0.0000869551,0.0000318386
5609,0.0001290585,0.0000285431
5785,0.0000083255,0.0000000037
5867,0.0000403338,0.0000042891
6482,0.0000471733,0.0000000000
7046,0.0000027592,0.0000000000
1743,0.0000115062,0.0000264796
3385,0.0000995985,0.0000190667
4156,0.0000971963,0.0000000000
6567,0.0001037953,0.0000052872
6945,0.0001058280,0.0000460513
8023,0.0003833152,0.0000000000
8733,0.0000896199,0.0000000000
2095,0.0000330629,0.0002954191
3666,0.0000336630,0.0000000000
5076,0.0000241379,0.0000000002
5454,0.0000239873,0.0001109968
5562,0.0002616443,0.0000000000
4036,0.0000243057,0.0000455004
5065,0.0000442370,0.0000814444
6697,0.0000209035,0.0000001191
9451,0.0000170990,0.0000000000
5472,0.0000479338,0.0000000000
7625,0.0000371900,0.0000000000
8283,0.0000411516,0.0000034181
8912,0.0000669769,0.0000000000
9351,0.0000381889,0.0000000000
9480,0.0000476602,0.0000186411
9736,0.0000002961,0.0000000000
2082,0.0000414152,0.0007030824
4200,0.0000141019,0.0000075947
6261,0.0000489607,0.0001325234
7913,0.0000142850,0.0000006307
7985,0.0000387017,0.0000004218
9462,0.0000520819,0.0000000000
4190,0.0000186147,0.0000011943
5955,0.0000210310,0.0000000000
8239,0.0000435854,0.0000000000
7439,0.0002310445,0.0000534336
3077,0.0000456788,0.0000012923
3086,0.0001287652,0.0000161357
4025,0.0000693457,0.0000883906
4239,0.0000726573,0.0000000000
4523,0.0000667637,0.0036360301
4890,0.0000622068,0.0000023884
6104,0.0000452222,0.0000000000
7581,0.0000488516,0.0000000000
7932,0.0000845472,0.0000000000
1827,0.0003196530,0.0002445683
3496,0.0002960972,0.0000106313
3754,0.0002675976,0.0000376016
5503,0.0005283846,0.0000000000
5721,0.0002667871,0.0000000000
6902,0.0002955766,0.0000000000
7423,0.0002889675,0.0000234743
8631,0.0002779272,0.0000000000
1655,0.0002711304,0.0000037271
2511,0.0000302606,0.0000147552
7459,0.0000119779,0.0000000000
3085,0.0000567813,0.0000000057
3217,0.0000449806,0.0000033870
3674,0.0000576184,0.0000000000
3079,0.0003452408,0.0035926379
5510,0.0003342623,0.0000508476
6221,0.0002843951,0.0000000000
6320,0.0003278898,0.0001893631
7019,0.0002959721,0.0000013432
7466,0.0005061213,0.0000000000
1802,0.0000349939,0.0000025183
3759,0.0000348909,0.0000167463
7182,0.0000144204,0.0000069409
8124,0.0000884446,0.0000000000
8695,0.0000145090,0.0000000000
3303,0.0000849232,0.0000046047
4575,0.0000594649,0.0000046696
8847,0.0000421034,0.0000000000
3003,0.0001119148,0.0002131744
4787,0.0000495166,0.0000034483
7323,0.0000353695,0.0000000000
9779,0.0000889420,0.0000000000
999,0.0001090899,0.0000613956
1025,0.0003660531,0.0000067410
2562,0.0000597530,0.0001198673
8156,0.0000536559,0.0000000000
8203,0.0000540129,0.0000000000
9232,0.0002996384,0.0000000000
9448,0.0000459161,0.0000000000
2652,0.0001163929,0.0000338737
3159,0.0001168535,0.0002217356
4234,0.0000949928,0.0000581065
5728,0.0001381925,0.0000000000
6943,0.0003544826,0.0000000000
7220,0.0001227962,0.0000000000
8044,0.0000948546,0.0000000000
8954,0.0001087316,0.0000000000
4118,0.0000704717,0.0000200244
8295,0.0000151475,0.0000000000
2195,0.0001384221,0.0000000000
2619,0.0000589430,0.0000107422
1186,0.0003860583,0.0042226398
1442,0.0003277872,0.0002507463
1701,0.0003394324,0.0000543540
1819,0.0003535846,0.0000362172
2190,0.0003438328,0.0000075644
3598,0.0003370784,0.0000396354
4207,0.0003023454,0.0000055878
4219,0.0005237848,0.0000166240
4285,0.0002988158,0.0000048372
4819,0.0003021948,0.0000016055
6466,0.0003001747,0.0000133592
7764,0.0002959940,0.0000000000
9760,0.0002947048,0.0000000000
2906,0.0002802855,0.0000155914
8860,0.0000325137,0.0000000000
9571,0.0000027102,0.0000000000
9749,0.0000447007,0.0000000000
2255,0.0002770218,0.0000009652
3769,0.0000757096,0.0000000000
5253,0.0000212174,0.0000001253
6154,0.0000299106,0.0000148528
6998,0.0000391588,0.0000000000
7361,0.0000273546,0.0000003145
7603,0.0000403995,0.0000000000
9464,0.0000173101,0.0000002296
5717,0.0000920186,0.0000620924
2481,0.0000574796,0.0000004168
5666,0.0000514609,0.0000000000
9249,0.0000990550,0.0000000000
1795,0.0001128830,0.0001496831
3995,0.0000663351,0.0000023128
5211,0.0005540072,0.0000075228
2446,0.0000641463,0.0000000000
6208,0.0005358194,0.0000224011
2046,0.0000573212,0.0001038347
3676,0.0000623063,0.0002609711
3896,0.0000415919,0.0000019719
7106,0.0000453468,0.0000000000
8158,0.0000539277,0.0000000000
2891,0.0000562017,0.0000014130
3320,0.0000517858,0.0000620428
6677,0.0002372511,0.0000176257
3356,0.0000142142,0.0003155446
9194,0.0000806032,0.0000000000
9404,0.0000133004,0.0000000000
1487,0.0005715453,0.0000467005
2459,0.0003439361,0.0000019066
3237,0.0003462392,0.0000486476
5074,0.0003738412,0.0000400288
5908,0.0003518229,0.0000007192
5969,0.0003530312,0.0000000000
6070,0.0003696213,0.0000000000
6105,0.0006180211,0.0000324080
6334,0.0003470004,0.0000000000
6734,0.0003743291,0.0000021045
8539,0.0003469868,0.0000000000
2966,0.0002831834,0.0001023793
6212,0.0000311774,0.0000000000
6469,0.0000191743,0.0000003306
8352,0.0000467945,0.0000000000
2503,0.0000842823,0.0001273936
4577,0.0000854189,0.0000018554
8888,0.0000068731,0.0000000000
1034,0.0000420042,0.0008497592
1708,0.0000818525,0.0003282538
2223,0.0000478872,0.0000394069
2506,0.0001097054,0.0000271385
3422,0.0003521177,0.0001074954
5431,0.0000444967,0.0000007463
8465,0.0000703749,0.0000000000
1947,0.0001192454,0.0000000000
3274,0.0001599456,0.0000764975
3858,0.0001187254,0.0000049785
4167,0.0001521179,0.0000283227
6907,0.0001611511,0.0000000000
7302,0.0001084468,0.0000000000
2323,0.0002837232,0.0006956200
6042,0.0000077222,0.0000000000
9425,0.0000044948,0.0000000000
3586,0.0000770885,0.0000000000
3774,0.0003060757,0.0000640282
4511,0.0000625287,0.0005999728
9456,0.0000527139,0.0000000000
9807,0.0000550336,0.0000000000
3131,0.0000622310,0.0001833813
5075,0.0000404790,0.0000239349
6862,0.0000622645,0.0001662504
2229,0.0000106211,0.0000000000
2588,0.0000170094,0.0003340554
3017,0.0000079978,0.0001225128
3360,0.0002837563,0.0000504103
3948,0.0002247020,0.0000002149
1673,0.0000746007,0.0002271582
2211,0.0000877055,0.0000327344
2220,0.0001185685,0.0000238630
2752,0.0004510937,0.0002560290
3219,0.0000866330,0.0000396884
3582,0.0000934795,0.0002412619
5414,0.0000615648,0.0000000000
5477,0.0000583523,0.0000000000
6340,0.0000942423,0.0000000000
6859,0.0000834212,0.0000007877
8502,0.0000565812,0.0000000000
6721,0.0003376483,0.0000000634
7380,0.0000289947,0.0000012228
493,0.0001144660,0.0001652799
1529,0.0000697419,0.0003326586
5779,0.0000950673,0.0000000000
5865,0.0000790459,0.0000000000
6672,0.0000549457,0.0036243185
2904,0.0002833474,0.0003178658
3885,0.0000177678,0.0000421254
6919,0.0000869454,0.0000031907
8258,0.0000160447,0.0000000000
3103,0.0000417314,0.0000451071
9459,0.0000209031,0.0000000000
2243,0.0000711403,0.0003843672
2632,0.0003091985,0.0000400068
3373,0.0000325344,0.0000006198
3748,0.0000206316,0.0001455875
3751,0.0002682253,0.0035988354
8123,0.0000096683,0.0000000000
9287,0.0000418235,0.0000000000
4539,0.0000149480,0.0000814869
8833,0.0000251246,0.0000000000
1666,0.0003315918,0.0000657211
1826,0.0001295604,0.0000096290
5106,0.0000893489,0.0004934791
5877,0.0000784703,0.0000000000
8134,0.0000733383,0.0000000000
8920,0.0000800693,0.0000000000
9116,0.0003025135,0.0000000000
9844,0.0000668099,0.0000000000
1054,0.0001538779,0.0000489271
1814,0.0001333163,0.0000253679
2026,0.0001479828,0.0000466458
2509,0.0001314876,0.0000012074
3256,0.0001966254,0.0000143304
5220,0.0001296699,0.0000000000
6599,0.0001290795,0.0036367177
8186,0.0001200787,0.0000000000
8570,0.0001325881,0.0000000000
9381,0.0001216667,0.0000000000
773,0.0000333071,0.0000000000
3540,0.0000463575,0.0000000000
6561,0.0000399832,0.0000000000
7245,0.0000235618,0.0000000000
8118,0.0000137105,0.0000000000
1484,0.0003598943,0.0000472713
4296,0.0000238512,0.0000000000
6441,0.0000162839,0.0000000000
9676,0.0000137434,0.0000000000
1344,0.0000658572,0.0002319650
2121,0.0000503583,0.0000784875
8031,0.0000976629,0.0000000000
2946,0.0002851005,0.0003367447
3202,0.0001038368,0.0000573969
6720,0.0000583695,0.0000000000
3638,0.0000127782,0.0000922532
7974,0.0000431198,0.0000000000
9138,0.0000120694,0.0000000000
9259,0.0002922971,0.0000000000
2120,0.0000242284,0.0000859970
6407,0.0002937080,0.0000000000
7718,0.0000210869,0.0000000000
9191,0.0000144828,0.0000000000
1788,0.0005559915,0.0000615070
4659,0.0000074276,0.0000187837
5148,0.0000342024,0.0000000000
6091,0.0000187533,0.0001430427
8204,0.0000592237,0.0000000000
2302,0.0002963456,0.0000004068
8636,0.0002706732,0.0000000000
8787,0.0002330099,0.0000000000
3105,0.0000450824,0.0000000000
5761,0.0000447614,0.0000000080
9057,0.0000338678,0.0000000000
9075,0.0000630116,0.0000000000
9691,0.0000842087,0.0000000000
1746,0.0000302130,0.0000779345
2950,0.0000446103,0.0000147019
3583,0.0000340065,0.0000363562
4251,0.0003150491,0.0000072613
6143,0.0000575014,0.0000000000
7007,0.0000302141,0.0000000000
9729,0.0000347132,0.0000000000
4598,0.0000188548,0.0000048741
4991,0.0000155390,0.0000011148
6663,0.0000308513,0.0000014664
8455,0.0000267570,0.0000000000
8863,0.0000011373,0.0000000000
5213,0.0000102577,0.0000003180
9604,0.0000470951,0.0000000000
3972,0.0002448533,0.0000001173
8403,0.0000120607,0.0000000000
1735,0.0000528825,0.0000595429
4254,0.0000430253,0.0000000000
1747,0.0000597166,0.0000768798
2063,0.0001188884,0.0000017271
2200,0.0000619172,0.0000005325
2952,0.0000703338,0.0000000000
3859,0.0001110679,0.0000000000
7782,0.0000462655,0.0000000000
7907,0.0000463210,0.0000000573
8540,0.0000489075,0.0000000000
9031,0.0000550185,0.0000000000
9045,0.0000630762,0.0000000000
1017,0.0000779747,0.0006409069
2556,0.0000941439,0.0000846440
4458,0.0000567359,0.0000000000
7438,0.0002513417,0.0000033173
4044,0.0000496331,0.0000003439
3165,0.0000503073,0.0001472571
3368,0.0000968886,0.0000017463
7287,0.0003283344,0.0000003016
7517,0.0001524050,0.0000000000
2878,0.0000617829,0.0000002192
4282,0.0000384033,0.0000000933
1465,0.0005306092,0.0013378533
3049,0.0005403370,0.0000049051
3235,0.0003502226,0.0000730594
3454,0.0003851637,0.0000152735
6018,0.0003143996,0.0000002332
7646,0.0003550119,0.0000000000
7668,0.0003082816,0.0000198913
7794,0.0003116140,0.0000000000
9388,0.0003072159,0.0000006189
9432,0.0003108003,0.0000000000
4688,0.0000839527,0.0000000000
8387,0.0002806808,0.0000011019
1739,0.0005625670,0.0004913033
3627,0.0002860796,0.0000000000
5975,0.0004018530,0.0000018964
1430,0.0005235872,0.0044390795
3541,0.0003777795,0.0000023028
3940,0.0002462548,0.0000390165
4305,0.0004662383,0.0000005497
7902,0.0000244016,0.0000000000
8268,0.0000255919,0.0000000000
9626,0.0000996112,0.0000000000
1944,0.0000565162,0.0000000862
5701,0.0000441084,0.0001341514
9806,0.0003335593,0.0000000000
2411,0.0000273757,0.0000063360
9149,0.0000267771,0.0000000000
6979,0.0000147938,0.0000000000
5228,0.0003119877,0.0000000000
768,0.0007851656,0.0000727228
1932,0.0005008056,0.0001766344
2964,0.0005302227,0.0000012278
6257,0.0005106760,0.0000237309
6345,0.0004938473,0.0000001483
6613,0.0005083345,0.0006071404
9093,0.0004950085,0.0000000000
2573,0.0000266431,0.0000179476
6825,0.0000287234,0.0000026304
7644,0.0000797757,0.0000142136
8499,0.0000328484,0.0000000000
2245,0.0002886386,0.0000033011
2675,0.0005027474,0.0000622880
3919,0.0002937958,0.0001259384
4928,0.0002804841,0.0000000000
5210,0.0003326644,0.0000000000
6146,0.0002917417,0.0000000000
8427,0.0002794901,0.0000000000
9975,0.0002732387,0.0000000000
3415,0.0000535445,0.0000006868
4259,0.0000708095,0.0000000617
4891,0.0000383531,0.0000148343
4954,0.0000306611,0.0000665483
6420,0.0000381182,0.0000007772
6709,0.0000701644,0.0000000000
9439,0.0000293940,0.0000000000
2653,0.0002917132,0.0004375629
2742,0.0000150158,0.0000519292
5552,0.0000164303,0.0000000000
9133,0.0000366436,0.0001428910
9485,0.0002560785,0.0000000000
9899,0.0000150505,0.0000000000
5276,0.0000278046,0.0000136007
5706,0.0000715719,0.0000000000
6115,0.0000232361,0.0000000000
8213,0.0000290626,0.0000000000
1578,0.0000732925,0.0007805064
3679,0.0000441817,0.0000000000
7433,0.0000479778,0.0000000000
1279,0.0005416635,0.0000738477
8396,0.0002552171,0.0000000000
8729,0.0002739204,0.0000000000
8940,0.0002533232,0.0000000000
9888,0.0002620271,0.0000000000
880,0.0000892141,0.0002938969
2780,0.0000410199,0.0000518711
3087,0.0000364983,0.0000000000
4616,0.0000334835,0.0000000000
6707,0.0000325783,0.0000000000
8300,0.0000483353,0.0000145739
9887,0.0000321331,0.0000000000
2213,0.0002952772,0.0000001680
2914,0.0000759405,0.0000063462
9924,0.0000834590,0.0000000000
4957,0.0002746116,0.0000000000
5313,0.0002614289,0.0000827515
5408,0.0004675297,0.0000354839
1200,0.0000532288,0.0011346941
1682,0.0000194377,0.0008508380
3423,0.0005328941,0.0000340752
5289,0.0000136041,0.0000034233
5904,0.0000082191,0.0000422283
6100,0.0000393980,0.0000000000
5607,0.0000128132,0.0000000000
6190,0.0000306067,0.0000000000
7016,0.0000720278,0.0000000000
1551,0.0003569351,0.0005054072
2206,0.0000754174,0.0000000000
3871,0.0001386136,0.0001003659
4175,0.0005816608,0.0000000000
4942,0.0000665025,0.0000000000
5885,0.0000590615,0.0000016863
6300,0.0001108122,0.0000000000
6662,0.0000483620,0.0000246746
7578,0.0000748243,0.0000000000
7696,0.0000769384,0.0000000000
7842,0.0000471770,0.0000000000
1313,0.0008275567,0.0000000000
4452,0.0005209847,0.0000232066
5520,0.0005050017,0.0000038027
6404,0.0005066647,0.0000000000
7635,0.0005258469,0.0000000000
3908,0.0000594477,0.0000039266
4224,0.0000582526,0.0000000000
4596,0.0001629788,0.0000014532
7979,0.0000622261,0.0000000000
9187,0.0000776835,0.0000000000
4045,0.0000450866,0.0000000000
8346,0.0000390003,0.0000001693
2768,0.0000518391,0.0000000000
3273,0.0000256338,0.0000619232
3712,0.0000572242,0.0000000000
3818,0.0003597869,0.0000155800
4743,0.0000221874,0.0000000000
5077,0.0000214598,0.0000589216
6095,0.0000547614,0.0000000000
6606,0.0000444439,0.0000000000
7175,0.0000232380,0.0001515823
7733,0.0000331399,0.0003368344
8105,0.0000234768,0.0000000000
3345,0.0000192693,0.0000137354
4163,0.0000592364,0.0001111216
4335,0.0000206617,0.0000000000
5215,0.0000742092,0.0000075721
8483,0.0000186653,0.0000000000
8531,0.0000343278,0.0000000000
877,0.0002270227,0.0038133230
2075,0.0000564244,0.0000175782
2283,0.0002328714,0.0000256916
8443,0.0000069454,0.0000034180
7850,0.0000352974,0.0000000000
3756,0.0001252211,0.0000000000
4597,0.0001052907,0.0000043378
5423,0.0001405394,0.0000238453
5508,0.0000848009,0.0000000000
7206,0.0000849939,0.0000086825
7292,0.0001042735,0.0000000000
7814,0.0000944360,0.0000000000
9390,0.0001051649,0.0000000000
9523,0.0000899527,0.0000000000
9768,0.0000821240,0.0000000000
1865,0.0003011997,0.0000000000
3135,0.0002685746,0.0001287551
2872,0.0004593129,0.0000045723
3070,0.0003844274,0.0000013507
5199,0.0002992789,0.0000136127
6694,0.0003109473,0.0000000000
9074,0.0002978775,0.0000000000
9893,0.0002956391,0.0000000000
9342,0.0000114653,0.0000000000
2131,0.0000739705,0.0006970627
2322,0.0000436209,0.0000351466
6223,0.0000118299,0.0000000000
9102,0.0000133552,0.0000000000
2860,0.0000581439,0.0001654525
6072,0.0001169519,0.0000000000
6283,0.0002636061,0.0000005218
6376,0.0000550758,0.0000000840
8835,0.0000404178,0.0000000000
1850,0.0000449734,0.0000715454
6213,0.0000910593,0.0000013271
7018,0.0000256233,0.0000000000
6130,0.0000735481,0.0000000000
7434,0.0000716299,0.0000549079
3424,0.0000206913,0.0000816334
3522,0.0000602448,0.0000000000
7378,0.0000217366,0.0000013129
7575,0.0000336987,0.0000000000
2434,0.0000594836,0.0001735149
2674,0.0002593246,0.0002883953
3898,0.0000593905,0.0000000000
5040,0.0000520533,0.0000546844
6326,0.0000607572,0.0000000000
9334,0.0000527550,0.0000000000
1264,0.0002568914,0.0000180590
2474,0.0000304834,0.0000163633
3768,0.0000348536,0.0000535387
3932,0.0000237509,0.0000065530
4204,0.0000336127,0.0000000000
5352,0.0000371383,0.0000000000
9410,0.0000300941,0.0000000000
4796,0.0001057893,0.0000039823
9272,0.0000566690,0.0000000000
8679,0.0000190093,0.0000007071
9715,0.0000122863,0.0000000000
1903,0.0000676397,0.0003910989
4689,0.0000432000,0.0000000000
5072,0.0000325431,0.0000006377
5078,0.0000348701,0.0000537084
5097,0.0000558355,0.0000189625
8868,0.0000542430,0.0001221109
2890,0.0000568867,0.0000065533
6565,0.0000710028,0.0000000000
2996,0.0000277341,0.0000009723
6852,0.0002506018,0.0000000000
1312,0.0000394684,0.0000421478
3848,0.0000303881,0.0000001460
4142,0.0000338675,0.0000218431
4629,0.0000251277,0.0000000000
8395,0.0003132578,0.0000000000
8545,0.0000296449,0.0000000000
9266,0.0000190691,0.0000000000
707,0.0003145572,0.0043592759
2870,0.0000997890,0.0000002779
4772,0.0000350243,0.0000000000
4997,0.0000335801,0.0000000000
7105,0.0000646877,0.0000000000
8441,0.0000629969,0.0000000000
1965,0.0002508803,0.0002887502
4905,0.0000616855,0.0036164259
7652,0.0000677638,0.0000018716
8281,0.0000133009,0.0000000000
4294,0.0000779764,0.0000000000
5316,0.0004599628,0.0000000774
5379,0.0000101957,0.0000005277
6123,0.0002293712,0.0000115593
5988,0.0007696890,0.0000007503
6467,0.0008275144,0.0000000000
7830,0.0005199043,0.0000000000
8580,0.0005515517,0.0000000000
9557,0.0005058877,0.0000000000
2194,0.0000798026,0.0000666804
6911,0.0000579009,0.0000182530
2443,0.0000488888,0.0000737007
5208,0.0000586174,0.0000000000
7735,0.0000861401,0.0000000000
7919,0.0002580610,0.0000000000
8604,0.0000138367,0.0000000000
8658,0.0000365365,0.0000000000
9317,0.0000274628,0.0000000000
3636,0.0000285365,0.0000212838
2603,0.0001706851,0.0000000000
4530,0.0000389870,0.0000000000
5919,0.0000307988,0.0000000000
6052,0.0000400804,0.0006002746
8708,0.0001056954,0.0000000000
4363,0.0000541332,0.0000000000
8718,0.0000199969,0.0000000000
1887,0.0000422831,0.0000031388
6030,0.0000774897,0.0000000000
4655,0.0000043341,0.0000201167
1545,0.0000497127,0.0001322873
2337,0.0001093585,0.0000040564
4521,0.0000917347,0.0006091634
8691,0.0000523155,0.0000017291
6986,0.0000189782,0.0000000000
4694,0.0000399547,0.0000000000
8579,0.0000205796,0.0000000000
937,0.0002628198,0.0000348411
2512,0.0002904806,0.0000617849
9233,0.0002623153,0.0000000000
2855,0.0000528843,0.0000628960
4679,0.0000216848,0.0000400479
5430,0.0000085883,0.0000002922
9276,0.0000033694,0.0000049610
4362,0.0000402286,0.0000000000
4648,0.0000187135,0.0000000000
2685,0.0000681853,0.0000017472
3168,0.0000459761,0.0000002584
3479,0.0000534976,0.0000020537
7694,0.0000520356,0.0000000000
9065,0.0000300185,0.0000000000
1874,0.0000494928,0.0002631723
1930,0.0000353281,0.0002275769
2429,0.0002481517,0.0001900639
3332,0.0000338981,0.0000102715
5130,0.0000943180,0.0000037564
5163,0.0000805444,0.0000167738
7716,0.0000334098,0.0000008765
8474,0.0001018741,0.0000000000
8878,0.0000958800,0.0000002780
9785,0.0000236723,0.0000000000
9810,0.0000182404,0.0000000000
8967,0.0000061800,0.0000000000
2185,0.0002897264,0.0001238297
2353,0.0000797564,0.0000000578
4759,0.0000597017,0.0000039811
6515,0.0002929595,0.0000000000
2143,0.0000439769,0.0000174419
2295,0.0007219294,0.0000000000
2349,0.0001107023,0.0000241684
4073,0.0000349418,0.0000000000
4794,0.0000437975,0.0000900233
5314,0.0001093326,0.0000003361
5434,0.0000373047,0.0000463182
6799,0.0000354328,0.0000358513
8272,0.0002513173,0.0000000000
8642,0.0000564218,0.0000243156
863,0.0004789969,0.0001331824
1006,0.0004099583,0.0002081146
2054,0.0006396114,0.0000484235
3020,0.0004112012,0.0000825419
4453,0.0004456510,0.0000346572
4936,0.0004069687,0.0000000000
5639,0.0003962220,0.0000000000
5797,0.0004069542,0.0000010549
5874,0.0004254377,0.0000000000
7471,0.0004069969,0.0000000000
7577,0.0003956826,0.0000235697
7968,0.0004360575,0.0000000000
8870,0.0004026113,0.0000000000
9672,0.0003949074,0.0000000000
9692,0.0004013134,0.0001194099
9860,0.0004185694,0.0000000000
1241,0.0000808582,0.0000573199
4257,0.0000203587,0.0000006498
4538,0.0000215578,0.0000000000
7164,0.0000240696,0.0000000000
8139,0.0000446291,0.0000000000
9163,0.0000531538,0.0000000000
9171,0.0000154154,0.0000000000
1253,0.0000683011,0.0006450478
2262,0.0000151927,0.0001739581
2877,0.0000708972,0.0000754647
3178,0.0002854173,0.0000000000
3343,0.0000045792,0.0000000000
7257,0.0000262675,0.0000129144
8674,0.0000043127,0.0000000000
2939,0.0000220789,0.0035551999
9389,0.0000065133,0.0000000000
9901,0.0000077314,0.0000000000
7494,0.0000448048,0.0000000000
1914,0.0001721692,0.0000943957
3215,0.0000571796,0.0000000000
3362,0.0005041196,0.0000033486
5941,0.0000309064,0.0000000000
7460,0.0000806641,0.0000000000
8343,0.0002852544,0.0000000000
9651,0.0000401277,0.0000000000
7038,0.0000086510,0.0000000000
2291,0.0000289846,0.0000000000
2657,0.0003071714,0.0003026661
3185,0.0000268395,0.0000135746
4358,0.0003031930,0.0000062948
5595,0.0000317389,0.0000000000
9121,0.0000384038,0.0000000000
2924,0.0005642069,0.0000400631
2935,0.0003332057,0.0000111003
3622,0.0002814383,0.0000223620
7905,0.0002971483,0.0000197461
8424,0.0002821079,0.0000000000
2136,0.0000280668,0.0003981811
4560,0.0000677656,0.0001241370
9576,0.0000078557,0.0000000000
7030,0.0002881564,0.0000000000
3042,0.0000092018,0.0000494909
8463,0.0000272182,0.0000000000
8641,0.0000048863,0.0000000000
3920,0.0000794844,0.0000000573
9341,0.0000421537,0.0000000000
2487,0.0002522598,0.0000000777
4802,0.0000242595,0.0035838587
5836,0.0000276696,0.0000000000
2201,0.0000460075,0.0001102577
3449,0.0002633700,0.0000242540
5737,0.0000046673,0.0000000000
8366,0.0003077313,0.0000000000
9407,0.0000421730,0.0000400227
1468,0.0003274085,0.0001490488
6109,0.0002623228,0.0000000000
4137,0.0000220423,0.0000447849
6016,0.0000246243,0.0000011300
6384,0.0000229494,0.0000001019
2079,0.0001109635,0.0000170447
4650,0.0001274801,0.0000000000
9368,0.0001008240,0.0001507690
4018,0.0002630703,0.0006321229
3299,0.0000499631,0.0000068369
7150,0.0000422416,0.0000065160
8495,0.0000258934,0.0000000000
3411,0.0000213935,0.0000000000
3576,0.0000767933,0.0000000000
4042,0.0000345579,0.0000012589
5633,0.0000282089,0.0001248730
6558,0.0000212065,0.0000000000
7448,0.0000464492,0.0000000000
7757,0.0000929085,0.0000000000
7783,0.0000286030,0.0000000000
8544,0.0000282459,0.0000000000
9733,0.0000398338,0.0000000000
9735,0.0000426307,0.0000000000
4052,0.0002408286,0.0000527046
8492,0.0000240877,0.0000000000
9152,0.0000223050,0.0000000000
1806,0.0001090597,0.0000966371
2093,0.0000838411,0.0000024449
2698,0.0003173054,0.0000662112
7014,0.0000765564,0.0000000000
3765,0.0002476738,0.0000283992
4591,0.0000421542,0.0000000000
8294,0.0000366787,0.0000000000
2259,0.0000847053,0.0000965298
4412,0.0000875554,0.0000000000
5150,0.0000948464,0.0000000037
6362,0.0000951844,0.0000000000
9374,0.0000789928,0.0000000000
2783,0.0003102810,0.0000699057
3019,0.0003135217,0.0039110638
3319,0.0002887363,0.0006721486
3710,0.0003031853,0.0000000000
4562,0.0002871625,0.0000735660
6050,0.0003227564,0.0003481738
6427,0.0003078884,0.0000000000
8020,0.0002966723,0.0000000000
8484,0.0002880070,0.0000000000
8976,0.0002923194,0.0000000000
9363,0.0003058133,0.0000000000
9382,0.0002878764,0.0000000000
2362,0.0000831920,0.0000205273
3407,0.0000565775,0.0000000000
4368,0.0000604578,0.0000000000
7263,0.0002973914,0.0000000000
9130,0.0000016407,0.0000000000
4020,0.0000994548,0.0000014999
8736,0.0000399772,0.0000000000
9682,0.0000475798,0.0000000000
9812,0.0000470998,0.0000000000
3067,0.0003134849,0.0003573763
5884,0.0002841017,0.0000018063
8745,0.0002754186,0.0000000000
9951,0.0005281779,0.0000000000
3772,0.0000412320,0.0001326508
8747,0.0000289090,0.0000000000
5702,0.0003255195,0.0000005035
7187,0.0002735818,0.0000000000
7470,0.0005638226,0.0000000000
7559,0.0002627276,0.0000013129
7740,0.0002644556,0.0000000000
8147,0.0003112997,0.0000000000
8508,0.0002677020,0.0000000000
9661,0.0002629011,0.0000000000
9930,0.0002681190,0.0000000000
3082,0.0005389618,0.0000061952
6158,0.0005318408,0.0000003001
6339,0.0008267405,0.0000000000
6390,0.0006025599,0.0000000000
7265,0.0005385387,0.0000000000
5732,0.0000790232,0.0000024459
7309,0.0000173916,0.0000000000
7771,0.0000160661,0.0000001347
7971,0.0000172051,0.0000000000
3218,0.0003959399,0.0000015281
3590,0.0000802139,0.0002943148
5284,0.0001312032,0.0000000000
8910,0.0000917183,0.0000517733
7535,0.0000371301,0.0000000000
9097,0.0000192318,0.0000000000
1477,0.0000867560,0.0001502194
1585,0.0000463161,0.0005784126
5992,0.0000485173,0.0000002391
6235,0.0000885758,0.0000000000
3520,0.0000496097,0.0000000000
890,0.0000392716,0.0003370571
3061,0.0000232394,0.0000000000
4846,0.0000293537,0.0000017326
4996,0.0000772915,0.0000000947
6758,0.0000285188,0.0000324099
8245,0.0000217335,0.0000009328
5777,0.0000680215,0.0000384119
5922,0.0000170593,0.0000025329
5487,0.0000218909,0.0000161155
6116,0.0000147077,0.0000005997
1079,0.0004823969,0.0000787565
1318,0.0004888251,0.0005325705
2311,0.0005076090,0.0000651180
7634,0.0006754125,0.0000000000
5674,0.0000582810,0.0000149957
6501,0.0002715241,0.0000000000
6875,0.0002755487,0.0000000000
8027,0.0002710177,0.0000000000
9615,0.0000714332,0.0000000000
2246,0.0001306912,0.0000470119
2589,0.0003061588,0.0000604061
7001,0.0000597710,0.0035343860
6490,0.0000669578,0.0000000000
8164,0.0000747722,0.0000000000
3393,0.0000467244,0.0000043691
5183,0.0000046007,0.0000341484
5559,0.0000384707,0.0000000000
6573,0.0000227787,0.0004417944
6586,0.0000166092,0.0002660842
8889,0.0000043604,0.0000000000
5939,0.0000649135,0.0000000000
2707,0.0000872878,0.0000553518
8420,0.0000603255,0.0000000000
9047,0.0000642353,0.0000000000
9318,0.0000485750,0.0000000000
6505,0.0000530919,0.0000017791
6736,0.0000726428,0.0000000000
7294,0.0000497273,0.0000002115
8470,0.0000769200,0.0000000000
8982,0.0000534761,0.0000000000
3634,0.0000562032,0.0000034568
5875,0.0000456436,0.0000030316
6920,0.0000440902,0.0000000000
7485,0.0000446571,0.0000000000
2419,0.0000262014,0.0000029396
2765,0.0000982638,0.0002693377
2824,0.0000541105,0.0000003151
4030,0.0002462806,0.0001163584
4528,0.0002317753,0.0000019335
7028,0.0000190793,0.0000000000
9330,0.0000140750,0.0000000000
3960,0.0000488802,0.0002576261
7126,0.0000401202,0.0000000000
1569,0.0001191927,0.0000653373
2684,0.0002780174,0.0000005772
3013,0.0000915709,0.0000071033
5828,0.0000587480,0.0000000000
9566,0.0000499355,0.0000000000
3740,0.0000347413,0.0000243158
4316,0.0000395211,0.0000000000
4396,0.0000805997,0.0000002042
3371,0.0000156107,0.0000000000
6534,0.0000240039,0.0000001894
7662,0.0000055643,0.0000000000
2853,0.0000778335,0.0000042552
3068,0.0000604416,0.0001146673
6733,0.0000795061,0.0000031400
7277,0.0002820254,0.0000000000
9608,0.0000392555,0.0000000000
2043,0.0000489106,0.0000611448
3081,0.0001119730,0.0002049186
5020,0.0000370254,0.0000000000
990,0.0000698638,0.0001030606
1824,0.0000720556,0.0006387348
6258,0.0000307484,0.0006558441
8047,0.0000321617,0.0000000000
3512,0.0002677164,0.0000000000
4366,0.0002588902,0.0000016747
4988,0.0002669129,0.0005730853
5957,0.0002765837,0.0000669310
6812,0.0002596817,0.0000023612
7504,0.0002606799,0.0000000000
8436,0.0002766521,0.0000000000
9883,0.0004774262,0.0000000000
2915,0.0000353778,0.0000000068
6172,0.0000102312,0.0000000000
1541,0.0000256075,0.0002777011
5994,0.0000234014,0.0000000000
6344,0.0000661017,0.0000000000
8345,0.0000137432,0.0000000000
2264,0.0003000368,0.0001746583
5126,0.0000957759,0.0035824114
5981,0.0000600536,0.0000000042
7357,0.0000631777,0.0000000000
7766,0.0000865071,0.0000000000
8512,0.0000706401,0.0000000000
8742,0.0001199141,0.0000000000
3835,0.0000743944,0.0000324676
8660,0.0000322149,0.0000000000
9703,0.0000268511,0.0000000000
5589,0.0000556596,0.0000000000
6291,0.0000887828,0.0000022521
9467,0.0000767467,0.0000000000
1536,0.0000899626,0.0000975296
5947,0.0000187165,0.0000000000
6754,0.0000233043,0.0000010070
7941,0.0002443571,0.0000041488
8837,0.0000349057,0.0000000000
1714,0.0000155863,0.0000920368
7254,0.0002600067,0.0000000000
7660,0.0005111843,0.0000000000
2260,0.0000948715,0.0037676808
3488,0.0001058206,0.0001638890
3686,0.0001003098,0.0000828653
3926,0.0001186051,0.0000298115
4421,0.0001010617,0.0000502342
5260,0.0000882631,0.0001415087
6837,0.0000868093,0.0000000000
8450,0.0000124200,0.0000000000
2679,0.0000248707,0.0000627617
4364,0.0000358684,0.0000005390
4955,0.0000272052,0.0000012716
8182,0.0000151890,0.0000000000
8757,0.0000151016,0.0000002922
4827,0.0000127328,0.0000006752
6689,0.0000438066,0.0000061963
1338,0.0000432049,0.0001613912
1677,0.0000351435,0.0000552157
3802,0.0000454252,0.0000000003
4104,0.0000272734,0.0000175306
4216,0.0000135988,0.0000028208
6519,0.0000135716,0.0000000000
7247,0.0000174627,0.0000524051
7291,0.0000373144,0.0000000000
7792,0.0000410027,0.0000000000
8945,0.0000269180,0.0000000000
2476,0.0002561312,0.0000208445
2598,0.0002522983,0.0000105020
5789,0.0002571012,0.0000000000
5917,0.0002570208,0.0000000000
9568,0.0002528401,0.0000000000
2191,0.0002967754,0.0004148246
5290,0.0000259744,0.0000000000
7984,0.0000499104,0.0000167120
9543,0.0002654114,0.0000000000
4196,0.0002816576,0.0000326370
7818,0.0002799129,0.0000000000
8517,0.0002986268,0.0000000000
9869,0.0002893461,0.0000000000
5795,0.0000818557,0.0001094171
8647,0.0000474281,0.0000000000
9322,0.0000780158,0.0000031843
2148,0.0006203984,0.0000064422
2441,0.0003090763,0.0001944212
4155,0.0005236353,0.0000208791
4404,0.0002933531,0.0000000000
4558,0.0002917354,0.0000043165
5664,0.0002926703,0.0000000000
7742,0.0003010401,0.0000000000
2356,0.0000989693,0.0001335960
3408,0.0003629800,0.0000508940
4033,0.0000983131,0.0003241681
4295,0.0003460118,0.0001513919
5597,0.0001118939,0.0000428410
6347,0.0003084709,0.0000000000
7219,0.0000843312,0.0000000000
7495,0.0001361919,0.0000000000
6196,0.0000312296,0.0000000000
8075,0.0000236360,0.0000000000
3398,0.0002646005,0.0000059257
4966,0.0004690213,0.0000367607
9347,0.0002355241,0.0000000000
3361,0.0000541424,0.0000532107
4464,0.0000025198,0.0000158685
9139,0.0000113178,0.0000000000
9716,0.0000127845,0.0000000000
2978,0.0000201534,0.0000147455
5680,0.0000162363,0.0000000319
5267,0.0000298435,0.0000356883
7074,0.0000077626,0.0000117032
8209,0.0000088695,0.0000000000
4237,0.0000169416,0.0000000000
7333,0.0000069516,0.0000000000
9094,0.0002185167,0.0000000000
2471,0.0000526071,0.0000364880
6323,0.0000492382,0.0001379659
9504,0.0000942783,0.0000000000
2902,0.0000066522,0.0000190037
3714,0.0000239130,0.0000050242
1732,0.0003043034,0.0035578876
7513,0.0002672219,0.0000001682
7572,0.0002698481,0.0000000000
9799,0.0002738689,0.0000000000
2257,0.0001084423,0.0000027665
3700,0.0000527942,0.0002089334
5058,0.0003782814,0.0000000000
5282,0.0000753625,0.0000831920
6056,0.0000479128,0.0000407877
6119,0.0000503827,0.0000017159
6815,0.0002891057,0.0000198731
7093,0.0000456609,0.0000027996
7523,0.0000415506,0.0000000000
3203,0.0002862142,0.0000042683
4391,0.0003640738,0.0000001110
9546,0.0002827326,0.0000000000
6288,0.0000053749,0.0000000000
9333,0.0000021534,0.0000000000
1886,0.0000795121,0.0000016070
4829,0.0000137957,0.0000000000
1254,0.0000717748,0.0004480525
1255,0.0000473502,0.0000548928
5511,0.0002970939,0.0000067447
6571,0.0000357064,0.0000001667
7478,0.0000328732,0.0000439417
8059,0.0000264162,0.0000487235
2030,0.0004483370,0.0000000000
5847,0.0002387953,0.0000000000
6532,0.0002267712,0.0000342224
9967,0.0002265205,0.0000000000
1645,0.0000101346,0.0002168951
6432,0.0000062779,0.0000037375
7654,0.0000153186,0.0000000000
8839,0.0000203470,0.0000000000
8879,0.0000248245,0.0000000000
978,0.0002435069,0.0002590933
2498,0.0000446058,0.0000227000
3775,0.0002647744,0.0000000000
7994,0.0000253091,0.0000003935
1859,0.0000178190,0.0000888532
6834,0.0000220622,0.0000015298
4915,0.0000052576,0.0000000000
9688,0.0000291375,0.0000000000
7961,0.0000341852,0.0000154765
8175,0.0000458007,0.0000000000
8958,0.0000460370,0.0000000000
9136,0.0000181328,0.0000000000
9302,0.0000244469,0.0000000000
4425,0.0003028452,0.0000000000
2293,0.0000707013,0.0001334044
2808,0.0000651345,0.0000181828
4265,0.0001016219,0.0000000000
4708,0.0001550419,0.0000000000
7930,0.0000529972,0.0000000000
9204,0.0000960968,0.0000000000
9547,0.0003366069,0.0000000000
3619,0.0001553648,0.0008974730
3632,0.0003436715,0.0000000000
3790,0.0001009629,0.0000024782
4723,0.0001125571,0.0000000000
4747,0.0003344481,0.0001027097
5062,0.0003288205,0.0000018973
6329,0.0001168108,0.0000052232
8101,0.0001089941,0.0000000000
2703,0.0005249516,0.0001296629
3793,0.0005716740,0.0005764632
4763,0.0005387740,0.0000000000
6525,0.0005143500,0.0000857726
3334,0.0000233145,0.0000000000
3771,0.0000492687,0.0000000003
4100,0.0000218049,0.0000760480
6529,0.0002312413,0.0000228301
8981,0.0000778897,0.0000000000
6539,0.0000086372,0.0000004268
5016,0.0000176128,0.0000000000
7155,0.0000322345,0.0000043750
1155,0.0002680607,0.0001574800
4527,0.0000098752,0.0000601856
4555,0.0000216438,0.0000000026
4970,0.0000505406,0.0000002494
5306,0.0000277135,0.0000000000
5499,0.0000228461,0.0000000000
8551,0.0000096859,0.0000310173
9248,0.0000067335,0.0000000000
3004,0.0001140599,0.0002449462
4318,0.0000690167,0.0000597975
5608,0.0000965819,0.0000569490
7996,0.0002880365,0.0000031868
2648,0.0001024468,0.0001098243
3971,0.0000643052,0.0000000000
6082,0.0000554329,0.0000096073
6797,0.0000624608,0.0000014861
7896,0.0000649353,0.0000000000
9999,0.0000554133,0.0000000000
5817,0.0000267233,0.0035834043
3568,0.0000595287,0.0000017138
5984,0.0000092325,0.0000000000
4917,0.0000788620,0.0000000000
5626,0.0001079384,0.0000000000
6305,0.0000919112,0.0000597425
7154,0.0000668798,0.0000001321
8481,0.0000958208,0.0000000000
2664,0.0000444435,0.0000056389
2786,0.0000542060,0.0000554349
8769,0.0000377364,0.0000000000
1647,0.0000405741,0.0000426845
3214,0.0002232557,0.0000246163
3609,0.0002204393,0.0000001460
6031,0.0000106688,0.0000000000
7023,0.0000027117,0.0000178662
6004,0.0002625485,0.0000106644
6584,0.0004415384,0.0000000000
8925,0.0002280648,0.0000000000
1243,0.0003636518,0.0002083739
3717,0.0003939044,0.0000011823
6749,0.0002565185,0.0000062076
9178,0.0003266455,0.0000000000
3846,0.0000705030,0.0000859899
4584,0.0000826727,0.0000000000
5167,0.0003014204,0.0000000000
5407,0.0000704403,0.0000004504
7348,0.0000788467,0.0000000000
8995,0.0001105421,0.0000000000
9083,0.0001166337,0.0000000000
3300,0.0002517122,0.0002797374
5658,0.0000370094,0.0000003422
6405,0.0000395963,0.0035335609
7684,0.0000336270,0.0000527268
9396,0.0000519606,0.0000000000
5574,0.0000196531,0.0003038716
8507,0.0000204538,0.0000000000
1736,0.0000579854,0.0000402243
3830,0.0001059306,0.0000004476
4859,0.0000572161,0.0000443833
8428,0.0003094645,0.0000000000
8602,0.0000497768,0.0000000000
3643,0.0002731994,0.0004238515
5681,0.0002748039,0.0000256044
2974,0.0000095031,0.0001293933
4874,0.0000129534,0.0000012893
2610,0.0000932430,0.0000733480
3175,0.0002950258,0.0001044951
3504,0.0000409120,0.0001656836
5844,0.0000356337,0.0000000000
5985,0.0000747612,0.0000000000
6022,0.0000264160,0.0000000000
7940,0.0000344569,0.0000000000
8043,0.0000371723,0.0000000000
8418,0.0000360772,0.0000027085
8781,0.0000237061,0.0000000000
8120,0.0000009493,0.0000000000
2785,0.0000718275,0.0000000000
3624,0.0000197250,0.0000450971
6346,0.0000205664,0.0000066409
9044,0.0000073344,0.0000000000
6389,0.0002214443,0.0006091926
1259,0.0000394405,0.0001599896
2455,0.0000354896,0.0000404176
2535,0.0000572412,0.0001527604
3525,0.0000652330,0.0000548943
4721,0.0000604695,0.0000000000
7415,0.0000669178,0.0000000000
7847,0.0000279965,0.0000000000
1996,0.0003218122,0.0001040100
4422,0.0003061903,0.0002838255
6416,0.0003173485,0.0000000000
6514,0.0006472154,0.0000000000
7562,0.0003134875,0.0000003809
9037,0.0003197351,0.0000000000
2522,0.0005085470,0.0000000000
7169,0.0002402245,0.0000000000
2044,0.0000479676,0.0000000000
9373,0.0000258337,0.0000000000
5568,0.0000079724,0.0000064973
4264,0.0000147545,0.0001475409
5137,0.0000316611,0.0000016640
9992,0.0000123147,0.0000000000
3464,0.0000817197,0.0000017376
4576,0.0000632037,0.0000066619
4949,0.0000555427,0.0000008681
5012,0.0000843097,0.0000363749
5195,0.0000673718,0.0000000000
9536,0.0000666426,0.0000000000
1650,0.0000676937,0.0039213837
3022,0.0002922528,0.0000298322
3255,0.0000758946,0.0000405744
4933,0.0000540860,0.0000006155
8411,0.0000444900,0.0000000000
8561,0.0000958670,0.0000000000
8564,0.0000410244,0.0000000000
8784,0.0000406051,0.0000000000
4440,0.0000456562,0.0000000000
1381,0.0003080249,0.0000210681
6702,0.0000419293,0.0000000000
8149,0.0000402206,0.0000188511
7618,0.0000002692,0.0000319092
2624,0.0000363311,0.0000003502
6217,0.0000305704,0.0000145636
6489,0.0000665785,0.0000008681
7587,0.0000325909,0.0000000000
1464,0.0001560465,0.0000439030
2743,0.0000555225,0.0000053812
3102,0.0002434720,0.0000147384
4210,0.0000592484,0.0000133204
4962,0.0000146638,0.0000000000
2479,0.0000731386,0.0000000000
5231,0.0000675393,0.0000005270
7198,0.0001021076,0.0000000000
7746,0.0002845545,0.0000000000
8218,0.0001072484,0.0000000000
6913,0.0000274894,0.0000000000
6478,0.0000055034,0.0000000000
2103,0.0000478157,0.0008785535
4202,0.0000475828,0.0000014549
5611,0.0000573484,0.0000000000
7473,0.0000363957,0.0000000000
8457,0.0000293464,0.0000000000
9175,0.0000376426,0.0000000000
9326,0.0000289514,0.0000000000
5604,0.0000644573,0.0000027493
6669,0.0000250197,0.0000000000
4325,0.0000160834,0.0000228745
7123,0.0000004190,0.0000000000
7316,0.0000315448,0.0002544341
7899,0.0000099631,0.0000000000
3401,0.0000343040,0.0000000000
2867,0.0000656986,0.0000000551
6110,0.0000381843,0.0000000000
8309,0.0000417955,0.0000379423
5970,0.0000721800,0.0000016824
9220,0.0002360182,0.0000000000
9728,0.0000231242,0.0000000000
2770,0.0000392619,0.0000001429
3724,0.0000354076,0.0000010350
5085,0.0002641049,0.0000003162
5351,0.0000382164,0.0006308716
7367,0.0000292874,0.0000000000
8830,0.0000625302,0.0000034873
9519,0.0000407563,0.0000000000
9587,0.0002764608,0.0000000000
6633,0.0000118848,0.0000011657
9008,0.0000765734,0.0000000000
4646,0.0000075120,0.0000069839
5620,0.0000213437,0.0000016894
6821,0.0000031732,0.0000314071
8163,0.0000003722,0.0000000000
9329,0.0000181334,0.0000000000
1770,0.0000211588,0.0003379565
7636,0.0000191942,0.0000000000
3130,0.0000599927,0.0000000000
4341,0.0000873089,0.0000000000
4947,0.0000539708,0.0004038690
9572,0.0000215491,0.0000000000
7073,0.0000054939,0.0000000000
1049,0.0000971395,0.0002548148
4681,0.0000864472,0.0000327772
7556,0.0000737589,0.0000000000
7719,0.0001656744,0.0002345381
9446,0.0000686796,0.0000000000
2832,0.0001623212,0.0000000000
3141,0.0001655608,0.0000138047
3670,0.0001437849,0.0002697837
5506,0.0001367252,0.0000209371
6645,0.0001523858,0.0000000000
8227,0.0001070018,0.0000000000
4544,0.0002441104,0.0000339193
6075,0.0000295164,0.0000000000
9349,0.0000035096,0.0000000000
6625,0.0000030351,0.0000000000
2045,0.0000211544,0.0000869845
5971,0.0000262626,0.0000030686
4087,0.0000173716,0.0000178978
4349,0.0000195902,0.0000155848
4606,0.0000299139,0.0000002501
826,0.0003586211,0.0013259362
1600,0.0003234670,0.0000228746
3259,0.0002867325,0.0000000000
6396,0.0002873656,0.0000000000
3098,0.0000120426,0.0006912842
7064,0.0000136963,0.0000143036
7346,0.0000064007,0.0000000000
7598,0.0000193770,0.0000000000
7801,0.0000621615,0.0000210770
8398,0.0000113599,0.0000000000
8732,0.0000061990,0.0000000000
1973,0.0000893691,0.0002604697
4274,0.0000758435,0.0000000000
4365,0.0000175784,0.0000000000
5860,0.0000184501,0.0000007222
9236,0.0000261014,0.0000000000
4745,0.0000353926,0.0002086298
9360,0.0000190630,0.0000000000
7857,0.0000762264,0.0000000000
9135,0.0000762264,0.0000008749
9738,0.0000791211,0.0000000000
7207,0.0000145876,0.0000000000
2725,0.0003186056,0.0000015089
3116,0.0000366166,0.0002564137
4845,0.0000219760,0.0000301145
6690,0.0000215743,0.0000000000
5449,0.0000443036,0.0000277008
5756,0.0000355227,0.0000000000
7956,0.0000826871,0.0000659930
1880,0.0000372187,0.0004487024
1899,0.0001007828,0.0000000000
1618,0.0000790120,0.0000004995
3435,0.0000458419,0.0000012566
4153,0.0000339074,0.0000000000
9619,0.0000243666,0.0000000000
6866,0.0000107808,0.0000001334
7885,0.0000063052,0.0000000000
8176,0.0000077073,0.0000000000
8193,0.0003022141,0.0000005113
9909,0.0000316968,0.0000000000
4238,0.0002506326,0.0000209607
4643,0.0002630238,0.0000057667
5976,0.0002569378,0.0000000000
6554,0.0002501527,0.0000000000
7222,0.0004649028,0.0000034674
2720,0.0000270473,0.0000009030
2929,0.0000303498,0.0000986539
3445,0.0000711141,0.0000135033
4447,0.0000437718,0.0001506016
4456,0.0000263166,0.0000015525
8823,0.0000215310,0.0000000000
5418,0.0002414818,0.0000014861
7107,0.0000113935,0.0000078461
9527,0.0000156847,0.0000000000
9575,0.0000137847,0.0000000000
2051,0.0002852293,0.0000665587
3503,0.0005358542,0.0000000000
6195,0.0002845258,0.0000000000
2666,0.0000165943,0.0002449700
9227,0.0000115226,0.0000000000
5315,0.0000290965,0.0000009065
6266,0.0000484334,0.0000000000
4744,0.0000094777,0.0000012952
8749,0.0000556057,0.0000000000
3695,0.0002664958,0.0001156819
6117,0.0000273146,0.0000493375
9089,0.0000246230,0.0000000000
4214,0.0000315984,0.0000000000
5827,0.0000534884,0.0000268203
3863,0.0000193588,0.0000002145
3834,0.0000247537,0.0000000000
4370,0.0003446641,0.0002307764
2769,0.0000323791,0.0002255642
3052,0.0000274241,0.0000000000
4735,0.0004771194,0.0000015907
4791,0.0000257010,0.0000003278
6631,0.0000332132,0.0000000000
4727,0.0000183960,0.0000295466
6743,0.0002392452,0.0000000000
2973,0.0002421782,0.0000196914
7573,0.0002365547,0.0000320212
6198,0.0000060435,0.0000000000
7387,0.0000052647,0.0000000000
7589,0.0000105570,0.0000023425
3653,0.0000216938,0.0000097696
5525,0.0000225758,0.0000000000
3044,0.0002937649,0.0000000000
3069,0.0000759099,0.0000000000
4585,0.0002415821,0.0000241498
7000,0.0000076169,0.0000691726
4277,0.0000847663,0.0000110846
9113,0.0000513469,0.0000000000
2732,0.0000132375,0.0000221587
7027,0.0000325502,0.0000000000
7928,0.0000067111,0.0000000000
8361,0.0000349459,0.0000000000
5203,0.0000806858,0.0000250499
5764,0.0000845159,0.0000002056
6437,0.0001900194,0.0000148813
4201,0.0002561317,0.0000415322
4842,0.0002530411,0.0000031096
3992,0.0001548665,0.0000002281
6174,0.0000075619,0.0000000000
2909,0.0000769125,0.0000027572
5425,0.0002812592,0.0000164274
8339,0.0000248289,0.0000000000
5367,0.0000590534,0.0000026767
2090,0.0000442474,0.0001361941
4423,0.0000476758,0.0000000000
7195,0.0000240459,0.0000000000
2197,0.0000489777,0.0001177400
2634,0.0001273901,0.0000227565
3667,0.0000445370,0.0000000000
4015,0.0000381000,0.0000000000
8655,0.0000533851,0.0000000000
5998,0.0000351720,0.0000000000
7569,0.0000154030,0.0000007581
9016,0.0000060562,0.0000000000
4542,0.0000082024,0.0006839740
2810,0.0000179607,0.0000458565
3206,0.0002816302,0.0000024033
3460,0.0000570332,0.0000000000
3476,0.0001006265,0.0000016415
3984,0.0002725447,0.0000763911
4767,0.0001209412,0.0000391212
3507,0.0000081693,0.0000253898
7088,0.0002357419,0.0000000000
1306,0.0000492397,0.0000187352
1511,0.0005470813,0.0000488409
4662,0.0000167437,0.0000647048
3307,0.0000948863,0.0000000000
5129,0.0000125098,0.0000000000
6029,0.0002266160,0.0000044925
8950,0.0000182908,0.0000000000
1954,0.0000223858,0.0000000000
5340,0.0000098803,0.0000010324
5743,0.0000058440,0.0000010958
8375,0.0000013099,0.0000000000
3323,0.0001180065,0.0000503578
5792,0.0000785356,0.0000031843
8056,0.0000338363,0.0000000000
9203,0.0000260931,0.0000000000
1766,0.0001035791,0.0001658314
7496,0.0000072444,0.0000057300
9929,0.0000359274,0.0000000000
8426,0.0000423140,0.0000000000
2204,0.0000621137,0.0004340272
3534,0.0000083240,0.0001249602
5098,0.0002765806,0.0000000000
7035,0.0000142070,0.0000000000
5330,0.0000960458,0.0000042552
6262,0.0000673240,0.0000033744
7596,0.0000541043,0.0000374878
8137,0.0000568207,0.0000000000
9223,0.0000565835,0.0000000000
9290,0.0002911145,0.0000000000
2788,0.0000101569,0.0000393931
4674,0.0000035511,0.0000221771
4614,0.0002971169,0.0000079001
6046,0.0002901463,0.0000008885
6962,0.0003039695,0.0000000000
8432,0.0002320846,0.0000000000
3821,0.0002444241,0.0002313864
8194,0.0000293463,0.0000000000
2527,0.0000688975,0.0004151824
4695,0.0002613657,0.0000202972
3402,0.0000016563,0.0000000000
6966,0.0000022573,0.0000011322
5482,0.0000132596,0.0000000000
6831,0.0000688460,0.0000000000
8336,0.0000042274,0.0000000000
3732,0.0000164698,0.0000018574
9616,0.0000477136,0.0000000000
4554,0.0000856321,0.0000000000
6276,0.0000448249,0.0000000000
7509,0.0000784226,0.0000000000
6970,0.0000093831,0.0000000000
4565,0.0000030254,0.0000325225
5682,0.0006676368,0.0001848185
2428,0.0000639515,0.0000539135
3618,0.0002714780,0.0001005716
3025,0.0000487987,0.0000000000
5906,0.0000295174,0.0003163999
7695,0.0002612172,0.0000000000
7933,0.0000042560,0.0000000000
8362,0.0000182494,0.0000000000
7098,0.0000726982,0.0000296269
8246,0.0002829336,0.0000000000
4225,0.0000397929,0.0000205646
4496,0.0000165240,0.0000000000
5649,0.0002259802,0.0000000000
3318,0.0000693684,0.0000600925
7843,0.0000168681,0.0000000000
9628,0.0000174171,0.0000000000
8617,0.0000120292,0.0000000000
9601,0.0000363266,0.0000000000
2276,0.0000976472,0.0000051300
4191,0.0000761105,0.0001719060
9403,0.0000008862,0.0000000000
6724,0.0000066879,0.0000000000
2612,0.0000339370,0.0002183890
5766,0.0000325497,0.0000000928
2289,0.0000570042,0.0002193688
3809,0.0000727403,0.0000030533
4812,0.0000526905,0.0000001778
5043,0.0003076747,0.0000188869
6328,0.0000841441,0.0000000163
6471,0.0003083890,0.0000000000
2053,0.0000542098,0.0000051581
7883,0.0000185046,0.0000000000
9724,0.0000242747,0.0000000000
7978,0.0000104707,0.0000000000
9358,0.0000474703,0.0000000000
9434,0.0000421738,0.0000000000
3133,0.0003030702,0.0006115226
5401,0.0000279995,0.0000002727
9304,0.0000064334,0.0000000000
3515,0.0001108746,0.0000248351
5018,0.0000443214,0.0000015958
7358,0.0000183878,0.0000158708
9025,0.0000437949,0.0000000000
5600,0.0000653897,0.0003159450
2286,0.0000182333,0.0000033645
8645,0.0000075290,0.0000000000
2330,0.0000658718,0.0000001357
2931,0.0000607293,0.0001057921
7571,0.0000784741,0.0000000000
3911,0.0000899048,0.0000011769
5370,0.0000809257,0.0000033551
5635,0.0002968616,0.0000058389
6916,0.0002982981,0.0000000000
9850,0.0000857275,0.0000000000
1910,0.0000223934,0.0006904299
2513,0.0002943712,0.0000000628
3815,0.0000390742,0.0000000000
4913,0.0000433282,0.0000000000
7250,0.0002934770,0.0000020561
7787,0.0000387773,0.0000000000
7910,0.0000587957,0.0000000000
8577,0.0000509882,0.0000000000
8659,0.0000390402,0.0000000000
5965,0.0000382700,0.0000051318
6548,0.0000388217,0.0000042736
4228,0.0000294423,0.0000000000
9846,0.0002346257,0.0000000000
8311,0.0000687845,0.0000000000
8374,0.0000694272,0.0000000000
8962,0.0000762625,0.0000000000
7549,0.0002802655,0.0000000000
3910,0.0002879944,0.0000900610
4733,0.0000264387,0.0000000000
8076,0.0000265966,0.0000000000
8701,0.0000256106,0.0000000000
9707,0.0000188053,0.0000000000
2086,0.0003190502,0.0000554962
4816,0.0002852283,0.0000000000
5979,0.0000438038,0.0000074127
6570,0.0000465353,0.0000000000
8576,0.0000393496,0.0035168856
1782,0.0002896522,0.0000181246
2620,0.0000971571,0.0000791266
3348,0.0000682400,0.0000651501
6183,0.0000598841,0.0000000000
5857,0.0000015744,0.0000000000
6121,0.0000334735,0.0000000000
9638,0.0000348377,0.0000003403
6786,0.0000120869,0.0000000000
5530,0.0000580797,0.0000000000
3298,0.0002260834,0.0001489959
9952,0.0002383676,0.0000000000
5281,0.0000394224,0.0000006837
5494,0.0000208796,0.0000009170
5565,0.0000234114,0.0000000205
5853,0.0000205335,0.0000264490
7568,0.0000186715,0.0000000000
5083,0.0000386931,0.0000022527
5420,0.0000464682,0.0000000000
9110,0.0002362848,0.0000000000
5396,0.0000519254,0.0000217387
8485,0.0001112961,0.0000000000
6700,0.0000794408,0.0000000000
8779,0.0000521829,0.0000000000
3236,0.0004909293,0.0000360958
8681,0.0004545046,0.0000001612
9646,0.0000464852,0.0000000000
7894,0.0000059732,0.0000000000
4638,0.0000203520,0.0001921075
8008,0.0000309766,0.0000000000
3397,0.0000616624,0.0000235823
4126,0.0000353994,0.0000523790
6881,0.0000143713,0.0000000000
3120,0.0002776637,0.0000966374
3652,0.0002945985,0.0000018191
6068,0.0002865750,0.0000131296
9325,0.0002743212,0.0000000000
7015,0.0002334938,0.0000000000
9391,0.0004455076,0.0000000000
7071,0.0002788412,0.0000000000
4203,0.0000427058,0.0000004689
4642,0.0000517474,0.0001392877
7372,0.0000622844,0.0000000000
8493,0.0000908125,0.0000000000
8625,0.0000483604,0.0000000000
4979,0.0000478603,0.0002290844
3945,0.0000862573,0.0001803014
2690,0.0000069109,0.0000012054
3032,0.0002767859,0.0004271058
5889,0.0000967379,0.0000003790
8897,0.0000488806,0.0000000000
9746,0.0000685417,0.0000000000
5686,0.0000193992,0.0000166808
7385,0.0000213327,0.0000000000
4367,0.0002862393,0.0000000000
9428,0.0002278605,0.0000000000
2893,0.0002528244,0.0000002494
6131,0.0002681098,0.0000152215
6958,0.0000675734,0.0000000000
6267,0.0000356854,0.0000000000
9525,0.0000724710,0.0000000000
5610,0.0000468583,0.0000000000
9245,0.0000256978,0.0000000000
7078,0.0000057313,0.0000000000
1482,0.0000182561,0.0000642836
2254,0.0000098699,0.0000007239
5848,0.0000617141,0.0000023829
9286,0.0000690589,0.0000000000
8247,0.0000028000,0.0000360997
3459,0.0000805295,0.0000643168
9308,0.0001185314,0.0000000000
2799,0.0000356845,0.0000000827
8070,0.0000171335,0.0000257176
7464,0.0002312219,0.0000000000
2215,0.0000584329,0.0000247753
8471,0.0000406694,0.0000000000
9885,0.0000187016,0.0000000000
4880,0.0000181987,0.0000153920
5115,0.0000494887,0.0000337274
6500,0.0000251817,0.0000000865
9491,0.0000134311,0.0000000000
3511,0.0001521796,0.0007184809
3806,0.0001372295,0.0000255791
8921,0.0001397667,0.0000000000
9440,0.0001738520,0.0000000000
5700,0.0002445920,0.0000074829
8381,0.0000261946,0.0000110539
3860,0.0000014893,0.0001379935
3579,0.0000279558,0.0000023410
8301,0.0000018781,0.0000025476
8880,0.0000042982,0.0000000000
5527,0.0000086102,0.0000000000
5911,0.0000056653,0.0006229417
6887,0.0000120880,0.0000671923
7031,0.0000076916,0.0000020209
1485,0.0000880099,0.0003391537
7544,0.0000885825,0.0000000000
9647,0.0000903114,0.0000000000
8592,0.0000052503,0.0000000000
8980,0.0000022256,0.0000000000
9217,0.0000035009,0.0000000000
9667,0.0000235149,0.0000000000
5197,0.0005282464,0.0000014740
5450,0.0000553099,0.0000018712
5890,0.0000078226,0.0000205043
6738,0.0000065597,0.0000000000
3376,0.0002419680,0.0000582086
9418,0.0002151057,0.0000000000
5422,0.0000320653,0.0000000000
4048,0.0000535194,0.0000000000
5384,0.0000835659,0.0000280838
7773,0.0000432858,0.0000057300
8211,0.0000284272,0.0000000000
7101,0.0000136584,0.0000046047
1778,0.0000355217,0.0000401509
7436,0.0000067543,0.0000054946
9026,0.0000682101,0.0000000000
4331,0.0003273655,0.0000012704
7442,0.0002550650,0.0000000384
8699,0.0004867665,0.0000000000
9928,0.0002283698,0.0000000000
6133,0.0000481282,0.0000149715
6972,0.0000178725,0.0000017172
2329,0.0000663130,0.0001010414
7191,0.0000766220,0.0000000000
9489,0.0001168908,0.0000000000
2314,0.0000740157,0.0001949225
9070,0.0000207543,0.0000000000
2249,0.0000328999,0.0000771973
6892,0.0002408228,0.0000000000
6286,0.0000216551,0.0000000000
8534,0.0000009163,0.0000000000
4171,0.0000490407,0.0000356065
5149,0.0000152542,0.0036070472
6468,0.0000282374,0.0000536918
4572,0.0000240841,0.0000083479
3417,0.0000573607,0.0000001920
3999,0.0000319873,0.0000013174
5117,0.0000092310,0.0000163009
6201,0.0000796005,0.0000003923
9452,0.0000009030,0.0000000000
2789,0.0000590370,0.0000723121
5630,0.0000304933,0.0000217598
8152,0.0002769542,0.0000008363
8316,0.0000482428,0.0000000000
9402,0.0002682939,0.0000000000
1581,0.0000644662,0.0000138059
2363,0.0000839047,0.0009182625
4046,0.0000703313,0.0000009828
5073,0.0000400236,0.0000083454
7414,0.0002691742,0.0000000000
4839,0.0000677880,0.0000028449
5803,0.0000506756,0.0000058438
6084,0.0000446792,0.0000000000
6628,0.0000165512,0.0000914412
5736,0.0000010646,0.0000048931
2188,0.0000752600,0.0000422886
7922,0.0000875238,0.0000000000
9584,0.0000670397,0.0000000000
8923,0.0002437181,0.0000000000
2318,0.0000143635,0.0000600088
5135,0.0000180533,0.0000001552
5286,0.0000055668,0.0000633819
9314,0.0000349868,0.0000000000
5433,0.0000148042,0.0000002295
7736,0.0000152546,0.0000000000
9472,0.0000123713,0.0000000000
9817,0.0000131118,0.0000000000
2658,0.0000350336,0.0007024632
6386,0.0000408141,0.0000054918
3650,0.0002436710,0.0002285857
7686,0.0000186398,0.0000000000
5808,0.0000110755,0.0000003258
4011,0.0000100882,0.0000622527
5473,0.0000907103,0.0000002629
7865,0.0000245263,0.0000000000
8575,0.0000261146,0.0000000000
8014,0.0000073815,0.0000000000
5602,0.0000081116,0.0000268143
9492,0.0000327978,0.0000000000
3804,0.0000424793,0.0000422160
4221,0.0000452079,0.0000000000
7307,0.0002714527,0.0000162672
7567,0.0000026016,0.0000000000
3677,0.0002521287,0.0000002596
5515,0.0002482126,0.0000001237
5688,0.0002867474,0.0000000000
6711,0.0002459450,0.0000000000
8974,0.0002488402,0.0000000000
3455,0.0000482670,0.0000151062
7683,0.0000234436,0.0000000380
8438,0.0000264403,0.0000000000
3680,0.0000327570,0.0000000000
4677,0.0000954208,0.0004130545
6983,0.0000624250,0.0000539569
5513,0.0000239617,0.0000000000
7259,0.0000435086,0.0000030173
3978,0.0002798954,0.0001564741
5413,0.0000422275,0.0000267615
3270,0.0000150625,0.0000000000
2721,0.0000396405,0.0000863678
5526,0.0000355041,0.0000023527
9143,0.0000298905,0.0000025607
7125,0.0000259399,0.0000342285
7091,0.0000158361,0.0000004588
7127,0.0000403189,0.0000000000
8045,0.0000263676,0.0000000000
7918,0.0000718470,0.0000000000
8941,0.0000207229,0.0000000000
4301,0.0000140242,0.0000000000
7216,0.0000129978,0.0000000000
9196,0.0000015025,0.0000000000
5838,0.0000328659,0.0000020545
4726,0.0000568394,0.0000000000
6449,0.0000253721,0.0000000000
4028,0.0000329718,0.0000000000
7966,0.0000324567,0.0000000000
8548,0.0000724617,0.0000130297
3387,0.0000111937,0.0000010086
3950,0.0000946150,0.0000000000
4478,0.0000175948,0.0000000000
9659,0.0000291681,0.0000000000
6978,0.0000243489,0.0000012356
1993,0.0001664662,0.0003325409
7855,0.0000386861,0.0000000000
8373,0.0000413717,0.0000000000
8439,0.0001087006,0.0000036310
6078,0.0000217061,0.0000000000
6583,0.0000214646,0.0000000000
6333,0.0000510625,0.0000000000
1796,0.0000468683,0.0004139932
5900,0.0000128126,0.0000000000
8099,0.0002374291,0.0000000000
8197,0.0000219087,0.0000000000
8259,0.0000361567,0.0000000000
4476,0.0001087132,0.0000222803
2922,0.0000873953,0.0000216359
3266,0.0000030042,0.0000276426
7789,0.0000071711,0.0000000000
3580,0.0000864528,0.0000000000
2706,0.0003156242,0.0000628618
6646,0.0001084067,0.0000000000
9915,0.0000999780,0.0000000000
5237,0.0000635542,0.0000000073
5741,0.0000449469,0.0001411135
7925,0.0000595009,0.0000001300
3720,0.0000484787,0.0000032467
6622,0.0000803690,0.0000027761
9069,0.0000477598,0.0000000000
9085,0.0000546427,0.0000000000
6968,0.0000745138,0.0035168715
7751,0.0000984637,0.0000000070
7069,0.0000088551,0.0000296907
8064,0.0000255575,0.0000000000
5297,0.0002832865,0.0000000000
5539,0.0000659268,0.0001589413
6791,0.0000416817,0.0000000000
7321,0.0000223733,0.0000208607
7527,0.0000040910,0.0000000000
6294,0.0000255842,0.0000000000
9778,0.0000277352,0.0000000000
5771,0.0000075173,0.0000000876
6654,0.0000351810,0.0000000000
1898,0.0000417838,0.0000821940
4186,0.0000497283,0.0000028351
5502,0.0000408181,0.0000644845
8801,0.0000003390,0.0000000000
5089,0.0005143350,0.0000168127
7475,0.0000647186,0.0000000000
3872,0.0002528282,0.0000000000
7427,0.0000020471,0.0000000000
7774,0.0000035016,0.0000000000
8001,0.0000020942,0.0000400202
9256,0.0000389791,0.0000000000
7870,0.0000362335,0.0000000000
9922,0.0000501253,0.0000000000
2530,0.0000278265,0.0001340860
5293,0.0002825007,0.0000878859
5311,0.0000262586,0.0000000000
5753,0.0000244014,0.0000000000
8129,0.0000772241,0.0000000000
4552,0.0000432206,0.0002676549
6132,0.0000478143,0.0000165712
9912,0.0000586659,0.0000000000
3810,0.0000068801,0.0001224195
4600,0.0000205364,0.0000141885
6327,0.0000251236,0.0000000000
7808,0.0000154154,0.0000000000
8478,0.0000139437,0.0000000000
3592,0.0002582610,0.0000009005
5850,0.0002543298,0.0000000000
8596,0.0002628391,0.0000000000
8744,0.0002561997,0.0000000000
9963,0.0002548011,0.0000000000
6102,0.0000530436,0.0000254731
3310,0.0000240898,0.0000000000
3897,0.0000126896,0.0000282128
9183,0.0000143930,0.0000000000
8808,0.0000069877,0.0000000000
2159,0.0001610195,0.0000516036
4532,0.0001263097,0.0000588832
5241,0.0001268368,0.0000136781
6854,0.0001268706,0.0000196425
9024,0.0001259580,0.0000000000
9660,0.0001397307,0.0000000000
6036,0.0000370263,0.0000000000
9189,0.0000064940,0.0000000000
9655,0.0000062746,0.0000000000
5007,0.0000362871,0.0000530965
2403,0.0000132317,0.0001515472
2942,0.0000304968,0.0000032043
3719,0.0000323941,0.0000000000
4645,0.0000901113,0.0000305737
4242,0.0000508221,0.0000201912
4670,0.0001092320,0.0002550376
5560,0.0000534780,0.0000000000
8178,0.0000503707,0.0000000000
8312,0.0000574342,0.0001127170
9007,0.0000482217,0.0000085280
4249,0.0002369582,0.0000029125
5398,0.0000392239,0.0000001789
9734,0.0000283464,0.0000000000
7828,0.0000448502,0.0000000000
2738,0.0000428995,0.0000516640
3023,0.0002431960,0.0000018516
6394,0.0000037988,0.0000203740
7890,0.0000334541,0.0000000000
3099,0.0000284362,0.0000519443
9644,0.0000239471,0.0000000000
1596,0.0000352594,0.0011227654
8582,0.0000546810,0.0000000000
2791,0.0000143253,0.0003524249
4420,0.0000095568,0.0000009154
8987,0.0000126454,0.0000000000
2805,0.0001060038,0.0000654234
5070,0.0001146011,0.0001496253
5606,0.0001371236,0.0000000000
6096,0.0003100372,0.0035306060
6240,0.0001140065,0.0000005089
6544,0.0003261517,0.0001375836
7196,0.0000957589,0.0000000000
9858,0.0001153650,0.0000000000
9955,0.0000967492,0.0000000000
5572,0.0000608056,0.0000172413
7727,0.0000457241,0.0000000000
5729,0.0000318799,0.0000718003
3985,0.0000300080,0.0000000000
4290,0.0000192891,0.0000000000
5375,0.0000138076,0.0006009386
5249,0.0000166230,0.0000000000
9737,0.0000000000,0.0000000000
4055,0.0000695728,0.0000114414
5191,0.0002333453,0.0000161713
7223,0.0000162734,0.0000000000
9754,0.0002402588,0.0000000000
9805,0.0000248772,0.0000000000
3762,0.0000364603,0.0000347962
1717,0.0001077316,0.0001474795
3865,0.0000842740,0.0000000000
5463,0.0000839376,0.0000439950
9650,0.0000747945,0.0000000000
9878,0.0000834871,0.0000000000
4710,0.0000050611,0.0000000000
6053,0.0000041008,0.0000000000
9934,0.0000400429,0.0000000000
4873,0.0002474353,0.0000000000
8482,0.0000235671,0.0000000000
9618,0.0000047835,0.0000000000
9884,0.0000275456,0.0000000000
9983,0.0000028033,0.0000000000
3040,0.0000337569,0.0006459485
5735,0.0004649580,0.0000000000
6278,0.0002930108,0.0001675376
9157,0.0000347917,0.0000144319
6973,0.0002296263,0.0000000000
4636,0.0000562038,0.0000000000
7256,0.0000053186,0.0000000000
2802,0.0000213973,0.0000223150
3142,0.0000346770,0.0000076620
9127,0.0000046028,0.0000000000
5247,0.0002603606,0.0000008887
2019,0.0000506064,0.0000036096
7560,0.0000136514,0.0000000000
9062,0.0000119972,0.0000000000
5622,0.0000238808,0.0000005951
8999,0.0000203838,0.0000000000
7383,0.0000146564,0.0000000000
2301,0.0000237625,0.0000283957
4031,0.0000062234,0.0000000000
6816,0.0000052654,0.0000000000
6560,0.0000219972,0.0000038798
6864,0.0000487904,0.0000000000
7389,0.0000017515,0.0000002402
7924,0.0000047132,0.0000000000
9947,0.0000034038,0.0000000000
7759,0.0002281526,0.0000002918
7909,0.0000909583,0.0000006404
8038,0.0001017780,0.0000000000
8132,0.0000864646,0.0000000000
7026,0.0000137121,0.0000000000
9173,0.0000046756,0.0000000000
3198,0.0000497555,0.0000286199
3275,0.0000166799,0.0000000000
5636,0.0000363694,0.0000000000
6322,0.0000192649,0.0000000000
7521,0.0000173561,0.0000002957
2990,0.0002854784,0.0036032592
7226,0.0002212487,0.0000000000
6135,0.0002478206,0.0000003319
6542,0.0000700063,0.0000000000
6747,0.0000323028,0.0000000000
2857,0.0000553872,0.0000000000
6005,0.0000315619,0.0000000000
7276,0.0000098650,0.0000000000
4841,0.0002818225,0.0000000000
8116,0.0000505333,0.0000000000
6871,0.0000158117,0.0000000000
2751,0.0000400693,0.0001009324
5201,0.0000249690,0.0000000000
9802,0.0002312425,0.0000000000
5339,0.0000642044,0.0000014466
9068,0.0000436193,0.0000000000
2440,0.0002311487,0.0001075581
8353,0.0002232504,0.0000000000
5861,0.0002649299,0.0000000000
4095,0.0002682899,0.0000000000
6985,0.0002627149,0.0000000000
5799,0.0000571035,0.0000075035
9405,0.0000282635,0.0000000000
7677,0.0000993049,0.0000007450
8994,0.0000111184,0.0000000000
2796,0.0004837890,0.0000000000
5863,0.0002850458,0.0000000000
9762,0.0002453947,0.0000000000
1904,0.0000255710,0.0004607586
6861,0.0000000000,0.0000000000
5125,0.0000036026,0.0000018134
6433,0.0002208662,0.0000025690
9658,0.0002206313,0.0000000000
6009,0.0000963701,0.0000017910
6447,0.0000706241,0.0000003001
9726,0.0000979770,0.0000000000
8710,0.0002340552,0.0000000000
7976,0.0002188344,0.0000000000
9549,0.0000150903,0.0000000000
3329,0.0002424549,0.0000212864
4548,0.0002554757,0.0000000000
5928,0.0000019489,0.0000000000
7425,0.0000102295,0.0000017257
7861,0.0000186089,0.0000000000
2611,0.0000168992,0.0002540142
9787,0.0002320882,0.0000000000
6961,0.0000298929,0.0001508925
7400,0.0000305004,0.0000000000
2784,0.0000403597,0.0000019349
5344,0.0000866078,0.0000003062
6253,0.0000413191,0.0000000000
6898,0.0000458022,0.0035456098
3796,0.0000343602,0.0001133642
4184,0.0000410385,0.0000015811
8571,0.0000371889,0.0000000000
8857,0.0000773013,0.0000017198
5898,0.0000151797,0.0000011519
6912,0.0000172337,0.0000000000
2445,0.0000589085,0.0004135075
3987,0.0000261715,0.0000051614
4914,0.0000180665,0.0000020418
7370,0.0000120864,0.0000000000
9631,0.0000142398,0.0000000000
4051,0.0002436222,0.0000424068
7813,0.0000049673,0.0000000000
4154,0.0000180072,0.0000655286
6021,0.0000102390,0.0000026448
8319,0.0000363576,0.0000000000
3325,0.0000409743,0.0003221711
2062,0.0000401693,0.0001327214
6582,0.0000452375,0.0000011255
6761,0.0000274870,0.0000002402
9862,0.0002646821,0.0000000000
8546,0.0000009125,0.0000000000
7754,0.0002598876,0.0000000000
9298,0.0002579921,0.0000000000
9474,0.0002650095,0.0000000000
8748,0.0000136539,0.0000000000
8286,0.0000144527,0.0000000000
7658,0.0000261186,0.0000000000
8893,0.0000082407,0.0000000000
5769,0.0000805346,0.0000183082
2326,0.0000219751,0.0000122182
8780,0.0000176005,0.0000000000
8894,0.0000158550,0.0000000000
9875,0.0000484798,0.0000000000
3173,0.0002439167,0.0000056706
5924,0.0000158689,0.0000000000
6637,0.0000213389,0.0000000000
8107,0.0000148962,0.0000000000
5858,0.0000366037,0.0000158464
6993,0.0000121397,0.0000000000
7040,0.0000073764,0.0000000000
7621,0.0000060306,0.0000008873
5821,0.0000496905,0.0000000000
8011,0.0000072162,0.0000000000
1608,0.0001061221,0.0001556454
3205,0.0002576571,0.0001350780
9172,0.0002816580,0.0000000000
2116,0.0000324163,0.0001786674
5190,0.0001100437,0.0000149467
9144,0.0000360936,0.0000000138
2828,0.0000049013,0.0007636269
2861,0.0002442908,0.0000087749
7313,0.0000257161,0.0000000000
4057,0.0000572468,0.0000000000
3516,0.0000294790,0.0000070545
8150,0.0000033909,0.0000000000
8267,0.0000033588,0.0000100284
9369,0.0000033485,0.0000000000
2162,0.0000151122,0.0001246081
5839,0.0000058825,0.0000194830
6751,0.0000162693,0.0000000000
8559,0.0000110118,0.0000005518
9694,0.0000108641,0.0000000000
6023,0.0000051592,0.0000587759
8170,0.0000036263,0.0000000000
5469,0.0000689065,0.0000000000
7017,0.0000375855,0.0000359231
9501,0.0000285062,0.0000000000
2232,0.0000116129,0.0002542310
8884,0.0000069861,0.0000000000
5812,0.0000158128,0.0000000000
6007,0.0000242688,0.0000000000
8705,0.0000172604,0.0000004389
7838,0.0000213866,0.0000000000
3365,0.0000188485,0.0000084509
3463,0.0000157990,0.0000348639
5369,0.0000160950,0.0000000000
6562,0.0002497580,0.0000000000
4533,0.0000625659,0.0000004109
2984,0.0002209369,0.0000000000
5640,0.0000401319,0.0000054858
7418,0.0000073999,0.0000000578
7445,0.0000394460,0.0000000000
8553,0.0000375140,0.0000000000
8525,0.0000344108,0.0000000000
3893,0.0000627584,0.0000001651
5899,0.0000422382,0.0000000000
3523,0.0000407837,0.0000322677
6182,0.0000271135,0.0000000383
6644,0.0000283344,0.0000000000
9476,0.0000563326,0.0000000000
7080,0.0004945733,0.0000000000
8676,0.0000153414,0.0000000000
8944,0.0002647085,0.0000169998
8073,0.0000107108,0.0000041551
8026,0.0002650071,0.0000425465
6843,0.0000198111,0.0000000000
8542,0.0000586341,0.0000000000
8693,0.0000371854,0.0000000000
5437,0.0000221609,0.0000000000
5624,0.0000217868,0.0000000000
9513,0.0000170397,0.0000000000
7669,0.0000027852,0.0000021966
9035,0.0000306475,0.0000356202
4085,0.0000500120,0.0000024394
8233,0.0000488852,0.0000000000
4976,0.0000101884,0.0000000000
6479,0.0000605588,0.0000000000
9740,0.0000088987,0.0000000000
3331,0.0000466095,0.0001179553
7351,0.0000313829,0.0000185000
8415,0.0000319288,0.0000000000
4869,0.0000207123,0.0035191369
6559,0.0000142524,0.0000000000
7004,0.0000188726,0.0000411546
2936,0.0000130263,0.0035515740
6064,0.0000241400,0.0000319109
5172,0.0000604636,0.0000000000
9226,0.0000423898,0.0000001974
7900,0.0000333737,0.0000000000
2731,0.0000556956,0.0002551760
3153,0.0000070748,0.0000158942
6410,0.0000365620,0.0000010197
4781,0.0000076065,0.0000020027
6112,0.0000300510,0.0000071971
6359,0.0000541337,0.0000000000
4105,0.0000771133,0.0000064690
7836,0.0000351476,0.0000000000
7929,0.0000458318,0.0000000000
3980,0.0003062107,0.0002288675
7435,0.0000287639,0.0002433199
7601,0.0000052069,0.0000000000
7720,0.0000214297,0.0000000000
9965,0.0000204244,0.0000000000
6727,0.0001023610,0.0000170988
8189,0.0000100487,0.0000000000
7267,0.0000078540,0.0000032412
9202,0.0000448373,0.0000000000
3029,0.0000795711,0.0000000000
5709,0.0002740768,0.0000009072
8672,0.0000211562,0.0000031523
5156,0.0000374798,0.0000000000
9558,0.0002546722,0.0000000000
7270,0.0002719419,0.0000005975
7335,0.0002932020,0.0000000000
7410,0.0002594726,0.0000000000
8651,0.0002579141,0.0000000000
8755,0.0002674175,0.0000000000
9228,0.0003349451,0.0000000000
7148,0.0000196121,0.0000000000
8119,0.0000285681,0.0000000000
3481,0.0000823473,0.0000077470
6348,0.0000040621,0.0000000000
8504,0.0005643956,0.0000000000
5646,0.0000270189,0.0000000000
7591,0.0000140337,0.0000022466
7859,0.0000109447,0.0000000000
9336,0.0000071392,0.0000000000
5537,0.0002299698,0.0000000000
6659,0.0000500373,0.0000000000
4612,0.0004657621,0.0000000000
9507,0.0000659234,0.0000000000
8975,0.0002529183,0.0000364575
3177,0.0000426810,0.0000438578
9627,0.0000188541,0.0000000000
5837,0.0000301562,0.0000000000
8000,0.0000158844,0.0000000000
3352,0.0001025481,0.0000029224
5925,0.0000161921,0.0000143567
8766,0.0000008661,0.0000000000
2968,0.0000342757,0.0000076568
4311,0.0000311407,0.0000604707
5564,0.0000475315,0.0000038925
5671,0.0000569745,0.0006547553
7096,0.0000118091,0.0000000000
9058,0.0000147125,0.0000000000
2669,0.0005622133,0.0000290635
5383,0.0005249238,0.0000000000
5587,0.0005274466,0.0000001238
5765,0.0005242391,0.0000317791
6602,0.0005334012,0.0000013006
5910,0.0000219096,0.0000058900
5234,0.0000402414,0.0000133367
9633,0.0000313844,0.0000000000
6377,0.0000627554,0.0001325281
8670,0.0000026401,0.0000000000
2682,0.0000477034,0.0000321014
6768,0.0000334143,0.0000591809
6888,0.0002502278,0.0000000000
7036,0.0002429678,0.0000000000
7168,0.0002815132,0.0000000000
8015,0.0002429719,0.0000000000
3149,0.0000211234,0.0000570581
9299,0.0000154581,0.0000000000
9593,0.0000154044,0.0000000000
7274,0.0000035451,0.0000000000
3420,0.0000339237,0.0000000000
4583,0.0000033674,0.0000377018
6457,0.0000091204,0.0000018908
9624,0.0000221561,0.0000030280
6453,0.0000521916,0.0000000000
6553,0.0000465520,0.0000528412
5810,0.0000871709,0.0000000000
6383,0.0000606659,0.0000025413
7917,0.0000815531,0.0000000000
9630,0.0000663729,0.0000000000
7588,0.0000071677,0.0000000000
8521,0.0002565831,0.0000000000
5670,0.0000370979,0.0000000000
6397,0.0002443456,0.0000585422
8382,0.0000937701,0.0000000000
8573,0.0000186850,0.0000004155
5266,0.0000414958,0.0000160969
3279,0.0000115948,0.0002560088
7174,0.0000080369,0.0000000000
3779,0.0000045910,0.0000000000
3894,0.0002315053,0.0000166702
2937,0.0002446512,0.0000000000
6024,0.0002277738,0.0000000000
8226,0.0002286530,0.0000000000
9722,0.0000476676,0.0000000000
3600,0.0000522471,0.0000560772
8533,0.0000035276,0.0000000000
8899,0.0000059371,0.0000000000
8764,0.0000085064,0.0000000000
5932,0.0000073736,0.0000000000
9972,0.0000427722,0.0000000000
2524,0.0002310106,0.0002103608
8753,0.0000082917,0.0000000000
4067,0.0000042778,0.0000017091
7424,0.0000108118,0.0000000000
2563,0.0000131931,0.0000397257
5654,0.0002302565,0.0000000000
6092,0.0000481088,0.0000000000
7070,0.0000321660,0.0000000000
4199,0.0000347544,0.0000158304
6335,0.0000343293,0.0000000000
7851,0.0000316508,0.0000000000
9011,0.0000463594,0.0000000000
9356,0.0000344001,0.0000000000
5202,0.0000314042,0.0000336835
6289,0.0000106788,0.0000000000
7075,0.0000127027,0.0000000000
8324,0.0000383472,0.0000000000
8552,0.0000338173,0.0000000000
9064,0.0000459686,0.0000000000
3382,0.0000799680,0.0003769590
5592,0.0000762044,0.0000000000
5638,0.0000929897,0.0000000000
9591,0.0000291842,0.0000000000
7955,0.0000172315,0.0000324766
7798,0.0000033799,0.0000022168
4418,0.0000016970,0.0001781728
6388,0.0000479178,0.0000000000
2546,0.0000091231,0.0001702657
4383,0.0000225857,0.0000002091
7353,0.0000155794,0.0000000000
8796,0.0000115159,0.0000000000
4760,0.0000271741,0.0000022588
6120,0.0000443536,0.0000009830
6126,0.0000566604,0.0000000000
6878,0.0000499837,0.0000000000
7498,0.0000025932,0.0000000000
6194,0.0000321965,0.0000000000
8761,0.0000048533,0.0000007318
9091,0.0000064442,0.0000000000
4882,0.0000647818,0.0000876196
4401,0.0000137230,0.0000003363
6880,0.0000373302,0.0000000000
9675,0.0000185556,0.0000000000
2830,0.0000071549,0.0000000000
5132,0.0000062154,0.0000000000
5470,0.0000057977,0.0000000000
2328,0.0000183349,0.0000398621
5484,0.0000299556,0.0000169421
3988,0.0000265254,0.0000000000
3494,0.0000269317,0.0000000000
3750,0.0000642499,0.0000042590
4209,0.0000295412,0.0000000000
5312,0.0000318853,0.0000000000
5780,0.0002722693,0.0000000000
7708,0.0000515673,0.0000000000
7995,0.0000242875,0.0000040323
8114,0.0000266025,0.0000000000
9564,0.0000249342,0.0000000000
9565,0.0000386685,0.0000000000
4455,0.0000553633,0.0000012963
6956,0.0000342083,0.0000000000
3474,0.0000330135,0.0000023945
5800,0.0000412241,0.0000005390
9338,0.0000153480,0.0000000000
3458,0.0000079413,0.0000000000
8215,0.0000197744,0.0000000000
3900,0.0000397196,0.0000383157
7489,0.0000538371,0.0000000000
8440,0.0000296309,0.0000079839
8606,0.0000315928,0.0000001003
2606,0.0000084558,0.0004205220
4159,0.0000014057,0.0003453343
8832,0.0000028275,0.0000014565
8079,0.0000149202,0.0000000000
6200,0.0000827830,0.0000000000
6895,0.0000957323,0.0000009150
9960,0.0000051833,0.0000000000
3938,0.0000796295,0.0000018606
5066,0.0003235156,0.0003737299
5360,0.0002800976,0.0000000000
8768,0.0000551830,0.0000000000
8917,0.0000579314,0.0000000000
5491,0.0000177485,0.0000174643
3059,0.0000731670,0.0000027330
7140,0.0000743527,0.0000140199
9053,0.0000663814,0.0000000000
9280,0.0000653834,0.0000000000
7129,0.0004499724,0.0000000000
7989,0.0002305456,0.0035457307
8144,0.0002352932,0.0000151099
9210,0.0002336371,0.0000000000
6624,0.0000012487,0.0000000000
3575,0.0000779101,0.0000452453
8279,0.0000553185,0.0000184139
9378,0.0000507073,0.0000000000
6222,0.0000236119,0.0000000000
9959,0.0000040436,0.0000000000
8054,0.0000541343,0.0000000000
7937,0.0000116405,0.0000000000
8932,0.0000007142,0.0000000000
5563,0.0000056998,0.0000000000
6122,0.0000110914,0.0000046047
6108,0.0000256409,0.0000000000
6731,0.0000010031,0.0000000000
5421,0.0000056365,0.0000005095
2668,0.0000939493,0.0000058118
6524,0.0000161668,0.0000000000
9063,0.0000120591,0.0000067121
7161,0.0000266720,0.0000461873
8254,0.0000022362,0.0000000000
7664,0.0000023054,0.0000481718
8408,0.0000046790,0.0000000000
7653,0.0000213356,0.0000006850
7228,0.0000037511,0.0000141286
6312,0.0000566149,0.0000000000
8891,0.0000288933,0.0000017584
2477,0.0000065539,0.0000000000
4439,0.0000175824,0.0000000000
8612,0.0000006348,0.0000000000
8737,0.0000268132,0.0000000000
1834,0.0000027062,0.0001349449
7963,0.0000440250,0.0000000000
6459,0.0000018957,0.0001687034
9117,0.0002501320,0.0000000000
8996,0.0000128660,0.0000000000
4987,0.0000245953,0.0000000000
8792,0.0000226365,0.0000000000
3883,0.0002439939,0.0000000000
5372,0.0002581024,0.0000008711
5404,0.0002377882,0.0000532242
6358,0.0000035572,0.0000000000
6061,0.0000093146,0.0000021703
8032,0.0000100675,0.0000000000
8303,0.0000077405,0.0000000000
6047,0.0000338193,0.0000000832
8992,0.0000011998,0.0000000000
2662,0.0000319461,0.0000037883
7893,0.0000202429,0.0000025197
7938,0.0000257213,0.0000000000
9353,0.0000204686,0.0000006284
9443,0.0002540490,0.0000000000
6234,0.0000068024,0.0000024189
9195,0.0000087916,0.0000000000
3687,0.0000089817,0.0000315961
8936,0.0000019509,0.0000000000
7812,0.0000834895,0.0000000000
6269,0.0000101436,0.0000038525
5726,0.0000136005,0.0000000000
5495,0.0000867134,0.0000036308
6971,0.0000058651,0.0000001585
4262,0.0000177806,0.0000026645
8593,0.0000119242,0.0000000000
9120,0.0000126824,0.0000000000
5291,0.0000646447,0.0036101626
7171,0.0000197402,0.0000000000
8715,0.0002289996,0.0000000000
2358,0.0000275794,0.0001332254
7805,0.0000772963,0.0000000000
8762,0.0000089232,0.0000000000
7845,0.0002253237,0.0000000000
4173,0.0000057424,0.0000230468
7310,0.0000229715,0.0000000000
6211,0.0000765773,0.0000000000
9769,0.0000370113,0.0000000000
3935,0.0000090545,0.0000000000
8344,0.0000073287,0.0000000000
4490,0.0000305928,0.0000000000
7242,0.0000382650,0.0000000000
9824,0.0000039759,0.0000000000
8643,0.0004437131,0.0000070612
3315,0.0002309786,0.0000000000
4459,0.0000186026,0.0000009162
4779,0.0000579104,0.0000701266
4798,0.0000315158,0.0000000000
8667,0.0000248305,0.0000000545
6814,0.0000700396,0.0000000000
8332,0.0000011893,0.0000000000
6896,0.0000397624,0.0000000000
3784,0.0002729685,0.0000004750
4649,0.0002584425,0.0000000000
6635,0.0002515350,0.0000000000
7711,0.0002541289,0.0000861414
7749,0.0002504367,0.0000000000
9361,0.0002581346,0.0000000000
3276,0.0000910564,0.0000047119
6523,0.0000194558,0.0000000000
9683,0.0000036409,0.0000000000
4804,0.0000803048,0.0000013512
9926,0.0002363504,0.0000000000
9469,0.0000048364,0.0000000000
2905,0.0000734973,0.0035362031
6401,0.0000720026,0.0000000000
5059,0.0000017675,0.0000001110
7301,0.0000117434,0.0000012204
5298,0.0000106089,0.0000164366
7047,0.0000026232,0.0000000000
2567,0.0000245198,0.0000107636
8390,0.0002377440,0.0000003586
6237,0.0000094713,0.0000000000
4817,0.0000191670,0.0000000000
9154,0.0000088308,0.0000000000
3709,0.0000055847,0.0000017734
9013,0.0000393919,0.0000000000
5804,0.0000456537,0.0000004627
2397,0.0000082695,0.0000962714
3282,0.0000411863,0.0000518889
5387,0.0000289951,0.0000000000
6149,0.0000446494,0.0000222436
8293,0.0000582993,0.0000000000
3180,0.0000155038,0.0000012121
4446,0.0000352092,0.0000029642
7953,0.0000135341,0.0000000000
4083,0.0002313327,0.0000004955
4321,0.0000568063,0.0000008290
5687,0.0000378448,0.0040584096
6164,0.0000259370,0.0000025273
7776,0.0000195383,0.0000000000
8278,0.0000172704,0.0000000000
3450,0.0000290330,0.0000000000
4961,0.0000212701,0.0000361663
9600,0.0000120690,0.0000000000
6160,0.0002818024,0.0000166275
8089,0.0000496465,0.0000000000
4718,0.0000210080,0.0000034305
8431,0.0000195699,0.0000179942
3461,0.0002340474,0.0001610132
4843,0.0000261838,0.0000304900
9843,0.0000082091,0.0000000000
3418,0.0000147261,0.0000039040
4124,0.0000150670,0.0000000000
6679,0.0000273455,0.0000420129
8461,0.0002237400,0.0000000000
8125,0.0000037987,0.0000000000
4198,0.0000178500,0.0000039057
8926,0.0000028030,0.0000000000
5159,0.0002399384,0.0000000000
6263,0.0000043723,0.0000004178
6967,0.0000401111,0.0000000000
7149,0.0002335186,0.0000000725
4872,0.0000287649,0.0000010433
6753,0.0000453619,0.0000044942
5310,0.0000051831,0.0000000000
5730,0.0000035931,0.0000000000
8563,0.0000063853,0.0000000000
4243,0.0000475299,0.0000661794
7497,0.0000146959,0.0000024529
4769,0.0000113695,0.0000009584
8169,0.0000631125,0.0000009267
8678,0.0000723105,0.0000000000
8943,0.0001036648,0.0000000000
9146,0.0000679018,0.0000000000
8599,0.0002327332,0.0000000000
9748,0.0000042143,0.0000000000
5644,0.0000332205,0.0000078449
7490,0.0002240333,0.0000031517
9376,0.0000236673,0.0000000000
5566,0.0000265225,0.0000002923
5547,0.0000247149,0.0000019663
7951,0.0000042040,0.0000041551
7898,0.0000222358,0.0000000000
8383,0.0000413167,0.0000000000
8586,0.0000131945,0.0000000000
4871,0.0000044889,0.0000004548
7777,0.0004411205,0.0000000000
9307,0.0002264290,0.0000000000
4444,0.0000383355,0.0000021447
7943,0.0000196368,0.0000130268
2962,0.0000189744,0.0000006912
4402,0.0000080784,0.0000000000
5719,0.0000081143,0.0000037909
4357,0.0000102775,0.0000025552
7465,0.0000483772,0.0000003092
7610,0.0000032894,0.0000012888
2507,0.0000097160,0.0000921192
2352,0.0000850728,0.0000179329
7261,0.0000064517,0.0000200835
6752,0.0000049753,0.0000000000
2437,0.0000408928,0.0004143836
6818,0.0000136056,0.0000313162
9198,0.0000283061,0.0000000000
9437,0.0002234811,0.0000000000
5055,0.0000166747,0.0000090334
8242,0.0000027336,0.0000356693
9002,0.0000433186,0.0000000000
5393,0.0002948452,0.0000323862
6055,0.0000644368,0.0000000000
6486,0.0002383407,0.0000000000
5226,0.0000008779,0.0000182564
9250,0.0000035906,0.0000000000
7739,0.0000098506,0.0000000733
8536,0.0000037543,0.0000000000
7844,0.0000058092,0.0000000000
6578,0.0000214403,0.0000000000
7800,0.0000082206,0.0000000000
4227,0.0000418200,0.0000133420
4637,0.0000459737,0.0000000000
7042,0.0000157078,0.0000024436
7645,0.0000130390,0.0000000000
7889,0.0000401950,0.0000000000
8689,0.0000150781,0.0000000000
9528,0.0000233070,0.0000000000
9005,0.0000299019,0.0000000000
6563,0.0000074562,0.0000043272
9215,0.0000010588,0.0000008502
4115,0.0000027875,0.0000000000
8393,0.0000653100,0.0000586077
8661,0.0000054353,0.0000000000
7352,0.0000194097,0.0001094153
9756,0.0002224556,0.0000000000
6691,0.0000496072,0.0000002877
6719,0.0000372919,0.0000000000
7867,0.0000399231,0.0000000000
9125,0.0000289393,0.0000000000
8984,0.0000025984,0.0000000000
9141,0.0002326692,0.0000000000
6714,0.0000048479,0.0035168355
3272,0.0000308036,0.0000036411
3749,0.0000299554,0.0000157061
3840,0.0000268104,0.0002593655
7769,0.0000000613,0.0000000000
3728,0.0000940957,0.0000000000
6642,0.0000101009,0.0000000000
6517,0.0000212845,0.0001493038
4656,0.0000238359,0.0000000000
9400,0.0002189191,0.0000000000
2393,0.0000750769,0.0001366203
5498,0.0000409606,0.0000322455
3843,0.0000754770,0.0000363621
4653,0.0003019110,0.0000003543
7802,0.0000517322,0.0000002952
5329,0.0000259032,0.0000000421
8400,0.0000197812,0.0000000000
3943,0.0000306475,0.0000204192
4531,0.0000299004,0.0000000000
6900,0.0000070273,0.0000000000
4840,0.0000045420,0.0000143282
5244,0.0000906535,0.0000000000
8034,0.0000066191,0.0000000000
8556,0.0000587632,0.0000000000
6520,0.0000085573,0.0001473796
7260,0.0000229516,0.0000054492
8656,0.0000076591,0.0000000000
7920,0.0000260824,0.0000001691
9696,0.0000098910,0.0000000000
9829,0.0000161681,0.0000000000
4771,0.0000122191,0.0000457771
5162,0.0000015450,0.0000000000
5852,0.0000235741,0.0006000487
5954,0.0000241963,0.0000000000
9441,0.0000415351,0.0000000000
9704,0.0000207713,0.0000000000
8488,0.0000128723,0.0000166698
8451,0.0000116723,0.0000000000
7230,0.0000078637,0.0000037586
7607,0.0000420682,0.0000000000
8217,0.0000124410,0.0001153094
5171,0.0000041286,0.0000178025
3551,0.0000068997,0.0000000000
9720,0.0000068722,0.0000000000
5868,0.0000134708,0.0000222272
4467,0.0000225862,0.0000000000
8476,0.0000034609,0.0000001262
5915,0.0000142777,0.0000000000
5601,0.0002341614,0.0000000000
5492,0.0000023653,0.0000000682
4255,0.0000252970,0.0000000000
7500,0.0000471151,0.0035437077
5142,0.0000124717,0.0000072609
7278,0.0000042750,0.0000000000
9602,0.0000038004,0.0000000000
4795,0.0000001859,0.0000000000
9919,0.0000369919,0.0000000000
4507,0.0000143615,0.0000014930
8269,0.0000064396,0.0000000000
6780,0.0000424591,0.0000000000
9414,0.0000449369,0.0000000000
8581,0.0000112530,0.0000171975
9145,0.0000094118,0.0000000000
8235,0.0000008853,0.0000000000
9853,0.0002156953,0.0000131890
8965,0.0000129246,0.0000000000
6065,0.0000144928,0.0000000000
9370,0.0000048421,0.0000000000
6649,0.0000276849,0.0000136547
8285,0.0000062614,0.0000000000
8918,0.0002492852,0.0000000000
5270,0.0000249550,0.0000536767
6188,0.0000418368,0.0000023255
7891,0.0000490358,0.0000000000
8207,0.0000138870,0.0000000000
4784,0.0000306514,0.0000044933
8836,0.0000011972,0.0000000000
8959,0.0000012818,0.0000000000
8108,0.0000096012,0.0000000000
5749,0.0000402209,0.0000016175
9995,0.0000091709,0.0000000000
9073,0.0002327113,0.0000000000
9301,0.0000464878,0.0000000000
6242,0.0000067528,0.0000041958
7288,0.0000086284,0.0000000000
6336,0.0000064565,0.0000000000
8739,0.0000061322,0.0000000000
9021,0.0000048443,0.0000000000
9264,0.0000048309,0.0000000000
4525,0.0000405077,0.0000515968
5357,0.0000066829,0.0000079226
8998,0.0000151967,0.0000000000
9554,0.0000022153,0.0000000000
9978,0.0002183322,0.0000000000
7508,0.0000180124,0.0000000000
7020,0.0000184666,0.0000000000
6867,0.0000014659,0.0000000000
9541,0.0000159774,0.0000000000
8126,0.0000205663,0.0000002693
5187,0.0000019734,0.0000000000
6668,0.0000115199,0.0000002051
6614,0.0000014276,0.0000157320
7698,0.0000054761,0.0000000000
9488,0.0000051177,0.0000000000
5113,0.0002330322,0.0000000000
5703,0.0002207781,0.0000000000
7704,0.0000394478,0.0000004332
5196,0.0000326721,0.0000018252
5930,0.0000265304,0.0000000000
6643,0.0000480928,0.0001107116
9494,0.0000312424,0.0000000000
9933,0.0000662897,0.0000000000
5227,0.0000165283,0.0000191478
8590,0.0000201834,0.0000572919
4561,0.0000143586,0.0000000000
7911,0.0000141192,0.0000000000
9881,0.0000138158,0.0000000000
5617,0.0000175710,0.0000000000
6411,0.0002431606,0.0000000000
6641,0.0002249978,0.0000000000
7761,0.0002205082,0.0000000000
8535,0.0002186722,0.0000000000
6597,0.0000025236,0.0000000000
6844,0.0002211505,0.0000090453
9292,0.0002282289,0.0000000000
8006,0.0002235709,0.0000000000
8437,0.0000139664,0.0000000000
7158,0.0000137292,0.0000000000
8594,0.0000091350,0.0000000000
3224,0.0000592687,0.0000000000
8877,0.0000170906,0.0000000000
9213,0.0000113401,0.0000022872
9212,0.0000237250,0.0000000000
8583,0.0000035922,0.0000008815
9854,0.0000056332,0.0000000000
4908,0.0000256533,0.0000000000
7221,0.0000084247,0.0000000000
8948,0.0000016605,0.0000000000
8509,0.0000056228,0.0000029883
5579,0.0000046279,0.0000048368
8906,0.0000084641,0.0000002926
3629,0.0002437729,0.0000080432
7651,0.0000083521,0.0000000000
8774,0.0000511777,0.0000000000
3689,0.0000077160,0.0002540100
3956,0.0000706795,0.0003514428
6793,0.0000596381,0.0000167008
6860,0.0000671272,0.0000000000
9327,0.0000700348,0.0000000000
8385,0.0000058765,0.0000000000
9796,0.0000286243,0.0000000000
5489,0.0002348136,0.0000000000
5355,0.0000443305,0.0000149185
8284,0.0000052037,0.0000000000
9268,0.0002205788,0.0000000000
6129,0.0000017547,0.0000000000
7327,0.0000020134,0.0000000000
2439,0.0000180465,0.0000213820
2741,0.0000091091,0.0035349453
7688,0.0000150177,0.0000000000
9470,0.0000154418,0.0000058389
7642,0.0000265771,0.0000000000
3595,0.0000018825,0.0002655505
5758,0.0000063020,0.0000011279
7051,0.0000051460,0.0000000000
5593,0.0000467177,0.0000096061
5443,0.0000347713,0.0000000000
6438,0.0000107798,0.0000000000
8414,0.0000035375,0.0000000000
6318,0.0000146507,0.0000000000
7377,0.0000198928,0.0000000000
6589,0.0000024508,0.0000173900
5787,0.0000196155,0.0000029052
6774,0.0000003390,0.0000009692
3395,0.0002209077,0.0000306554
2576,0.0002607195,0.0000302084
8673,0.0000428130,0.0000000000
6076,0.0000055349,0.0000000000
6762,0.0000071059,0.0000000000
8666,0.0000399427,0.0000000000
4039,0.0000083976,0.0000000000
3811,0.0000050433,0.0000180363
9842,0.0000168738,0.0000000000
8607,0.0000025686,0.0000000000
5082,0.0000115520,0.0000210119
7462,0.0000047630,0.0000000000
6058,0.0000183633,0.0000000000
9503,0.0000378876,0.0000000000
7081,0.0000046718,0.0000000000
2834,0.0000509479,0.0000484058
9253,0.0000207219,0.0000000000
8829,0.0000046945,0.0000000000
5378,0.0000457977,0.0000000000
7002,0.0000452244,0.0001730302
4148,0.0000057835,0.0000167597
7166,0.0000246013,0.0000135768
8257,0.0000488568,0.0000000000
5523,0.0000137585,0.0000197022
8611,0.0000112547,0.0000000000
8167,0.0000126277,0.0000000000
7626,0.0000219347,0.0000578005
8082,0.0000355667,0.0000000000
9033,0.0000066221,0.0000000000
4053,0.0000224121,0.0000092773
9848,0.0000032684,0.0000000000
6184,0.0000198886,0.0000000000
4141,0.0000178298,0.0001382045
8202,0.0000121465,0.0000000000
6087,0.0000204263,0.0000137524
8555,0.0000093349,0.0000000000
8091,0.0000058293,0.0000000000
9153,0.0000028143,0.0000000000
4918,0.0000042151,0.0000000000
3738,0.0000063412,0.0000237272
9273,0.0000192060,0.0000000000
8143,0.0000291803,0.0000000000
5429,0.0000068603,0.0000000000
7339,0.0000007016,0.0000000000
8363,0.0000169124,0.0000005535
8372,0.0000006353,0.0000000000
9946,0.0000010489,0.0000000000
7547,0.0000064071,0.0000000000
6717,0.0000088203,0.0000228061
8938,0.0000143708,0.0000000000
9164,0.0000143708,0.0000000000
5493,0.0000238865,0.0000027686
9719,0.0000056925,0.0000000000
7537,0.0000021948,0.0000000000
9516,0.0000014340,0.0000000000
9230,0.0000113773,0.0000000000
8584,0.0000081331,0.0000008379
5294,0.0000255445,0.0000778341
8220,0.0000301133,0.0000000000
5496,0.0000095553,0.0000000431
6678,0.0000094394,0.0000000000
9295,0.0000313928,0.0000000000
3114,0.0000308799,0.0000000000
5830,0.0000188097,0.0001326508
4292,0.0000072147,0.0000319089
8406,0.0000027807,0.0000421936
3546,0.0000606447,0.0000000000
8506,0.0000279656,0.0000000000
5019,0.0000474138,0.0000000000
7799,0.0000016050,0.0000016894
9617,0.0000204968,0.0000000000
6011,0.0000047388,0.0000003556
7136,0.0000038597,0.0000000000
8537,0.0000072307,0.0000000000
9323,0.0000001160,0.0000000000
6161,0.0000131643,0.0000001833
8845,0.0000135334,0.0000000000
4405,0.0000313215,0.0000015091
8021,0.0000362925,0.0000000000
7531,0.0000029816,0.0000008629
3949,0.0002561474,0.0000000000
9345,0.0000049822,0.0000000000
9751,0.0000048958,0.0000000000
5474,0.0002359084,0.0000099949
7488,0.0000040043,0.0000000000
3623,0.0000213505,0.0000531694
4730,0.0000113800,0.0000000000
5692,0.0000933473,0.0000000000
8477,0.0000035397,0.0000000000
6769,0.0000158112,0.0000000000
9180,0.0000645491,0.0000000000
7420,0.0000015931,0.0000000000
8698,0.0002261252,0.0000000000
9605,0.0000021517,0.0000000000
7701,0.0000229124,0.0000001037
9811,0.0000000000,0.0000000000
6885,0.0002300225,0.0000000000
9398,0.0002333822,0.0000000000
8029,0.0000056318,0.0000000000
9192,0.0000008932,0.0000000000
7330,0.0002195949,0.0000000000
8668,0.0000085199,0.0000000000
8228,0.0000182358,0.0000175273
8327,0.0000263374,0.0000000000
3733,0.0000146753,0.0000273089
9466,0.0000022458,0.0000000000
9105,0.0000058910,0.0000000000
8720,0.0000117050,0.0000000000
3063,0.0000195591,0.0000312754
7360,0.0000053563,0.0000000000
8685,0.0000017174,0.0000000000
7901,0.0000539989,0.0000000000
5573,0.0000763289,0.0000312789
7354,0.0000096324,0.0000000000
9431,0.0000009573,0.0000000000
3928,0.0000131463,0.0000132095
7570,0.0000011503,0.0000321477
5039,0.0000336007,0.0000000000
5621,0.0000014141,0.0000204445
4010,0.0000107215,0.0000020077
5896,0.0000022679,0.0000000000
3955,0.0000180776,0.0035463448
7866,0.0000183725,0.0000012192
3247,0.0000441372,0.0000479187
9207,0.0000106020,0.0000000000
9797,0.0000104024,0.0000000000
9229,0.0000390876,0.0000000000
8394,0.0000086379,0.0000000000
5912,0.0000426150,0.0000000000
9015,0.0000379042,0.0000000000
9243,0.0000143725,0.0000000000
4437,0.0000048115,0.0000017955
5814,0.0000002087,0.0000022022
7817,0.0002208731,0.0000279021
7183,0.0000506380,0.0000000000
9800,0.0000131667,0.0000000000
7137,0.0002227263,0.0000164695
7650,0.0000358259,0.0000170793
6325,0.0000302257,0.0000000000
5598,0.0000021983,0.0000000000
4623,0.0000103090,0.0000017732
7707,0.0000119559,0.0000000000
8407,0.0000168187,0.0000005540
3931,0.0000311900,0.0035179704
8487,0.0000008854,0.0000136836
9442,0.0000020778,0.0000000000
7852,0.0000304011,0.0000187262
6650,0.0000437829,0.0000000000
9387,0.0000128143,0.0000000000
6508,0.0000038767,0.0000028220
6197,0.0000452219,0.0000000000
6939,0.0000172391,0.0000000000
7013,0.0000568540,0.0000000000
7512,0.0000333118,0.0000000000
4117,0.0000047859,0.0000915814
8098,0.0000050769,0.0000000000
9636,0.0000002533,0.0000000000
7100,0.0000012867,0.0000000000
9430,0.0000138703,0.0000000000
8956,0.0000002038,0.0000000000
4122,0.0000313689,0.0000035789
8377,0.0000049779,0.0000000000
8811,0.0002487903,0.0000000000
6465,0.0002204033,0.0000072537
9654,0.0000039588,0.0000000000
9049,0.0000014494,0.0000042388
9313,0.0000442306,0.0000000000
6676,0.0000060730,0.0000013583
8711,0.0000080557,0.0000000000
9974,0.0000063579,0.0000000000
8934,0.0000010631,0.0000000000
8949,0.0000319099,0.0000000000
5528,0.0000010394,0.0000000000
8444,0.0000076317,0.0000000000
6832,0.0000053937,0.0035441048
5175,0.0000118134,0.0000000000
8818,0.0000171780,0.0000000000
9839,0.0002600015,0.0000000000
7486,0.0000193616,0.0000000000
7072,0.0000217485,0.0000000000
5049,0.0000062878,0.0000030362
8522,0.0000414169,0.0000000000
8640,0.0000197090,0.0000000000
5403,0.0000201334,0.0035837680
9781,0.0000102453,0.0000000000
4732,0.0000002396,0.0000004824
5888,0.0000368660,0.0000013161
6647,0.0000394338,0.0000000000
4060,0.0000024173,0.0000800050
8600,0.0000084610,0.0000000000
6415,0.0000089343,0.0000000000
6251,0.0000081906,0.0000013457
7717,0.0000000000,0.0000000000
4793,0.0000339973,0.0000021287
4309,0.0000129206,0.0000033583
9777,0.0000017826,0.0000000000
9567,0.0000089189,0.0000000000
6428,0.0000016177,0.0002292046
6981,0.0000018382,0.0001543614
7762,0.0000018717,0.0000000000
9239,0.0002253459,0.0000000000
5840,0.0000415531,0.0000003344
7714,0.0000123330,0.0000000000
9241,0.0000237087,0.0000000000
9408,0.0000192977,0.0000000000
6828,0.0000000000,0.0000000000
4451,0.0000123542,0.0000000000
9540,0.0000095616,0.0000000000
5956,0.0000355986,0.0000000000
8494,0.0000063013,0.0000000000
7477,0.0000320778,0.0000000000
8929,0.0000073330,0.0000000000
8797,0.0000209159,0.0000000000
9920,0.0000133083,0.0000000000
7605,0.0000320069,0.0000000000
5586,0.0000005057,0.0000000000
5986,0.0000052155,0.0000555241
6113,0.0000206634,0.0000381668
6779,0.0000010686,0.0000000000
7215,0.0000036113,0.0000023425
7543,0.0000016978,0.0035169317
8155,0.0000093254,0.0000000000
5914,0.0000276888,0.0000032015
5475,0.0000041398,0.0000397605
6803,0.0000043424,0.0000000000
6245,0.0000013770,0.0000069397
4443,0.0000532930,0.0000000000
7671,0.0000491123,0.0000006422
6611,0.0000225034,0.0000171893
6914,0.0000158647,0.0000000000
7706,0.0000018339,0.0000000000
6710,0.0000271602,0.0000000188
8249,0.0000266266,0.0000006481
6421,0.0001028713,0.0000000000
7411,0.0000188395,0.0000000000
5713,0.0000520357,0.0000000000
5926,0.0000631124,0.0000000000
8223,0.0000404888,0.0035173607
7034,0.0000166951,0.0000000000
6933,0.0000149069,0.0000000000
4711,0.0000107571,0.0000139556
9454,0.0000092736,0.0000000000
9665,0.0000029743,0.0000000000
6185,0.0000043121,0.0000000000
6015,0.0004521405,0.0002951349
9882,0.0002281162,0.0000000000
6163,0.0000231356,0.0000000000
7319,0.0000002583,0.0000000000
5657,0.0000022214,0.0000823176
4820,0.0000071717,0.0000019317
6406,0.0000105901,0.0000000000
8902,0.0000041434,0.0000170793
9401,0.0004439872,0.0000000000
9614,0.0000092690,0.0000000000
8491,0.0000043522,0.0000237158
6412,0.0000473158,0.0000000000
9599,0.0000263130,0.0000000000
7227,0.0000103032,0.0000336506
8919,0.0000022303,0.0000000000
8951,0.0000057144,0.0000000000
8963,0.0000039798,0.0000000000
7447,0.0000116786,0.0000000000
5504,0.0000054000,0.0000053507
6809,0.0000032266,0.0000000000
8058,0.0002196295,0.0000001003
8875,0.0000091625,0.0001159959
7519,0.0000208532,0.0000374688
7055,0.0000015003,0.0000000000
7403,0.0004436706,0.0000000000
9224,0.0000053771,0.0000000000
8588,0.0000145916,0.0000000000
8019,0.0000006290,0.0000000179
7756,0.0000152118,0.0000040095
9690,0.0000217538,0.0000000000
9679,0.0000161842,0.0000000000
7362,0.0000114219,0.0000000000
4669,0.0000154472,0.0000049770
8002,0.0000381679,0.0000000000
9561,0.0000377588,0.0000000000
6491,0.0000214781,0.0000025838
7268,0.0000720003,0.0000000000
8410,0.0000108931,0.0000000000
8191,0.0000012136,0.0000000000
8016,0.0000013697,0.0000000000
8503,0.0000003341,0.0000000000
6723,0.0000355737,0.0000001309
6794,0.0000359752,0.0000000000
7627,0.0000394630,0.0000000000
8109,0.0000022090,0.0000000000
7135,0.0000315123,0.0000372253
6827,0.0000290713,0.0000000000
4470,0.0000221757,0.0000020084
5497,0.0000020736,0.0000000000
5278,0.0000090997,0.0000000000
9668,0.0000000445,0.0000000000
5762,0.0000114865,0.0000679959
5880,0.0000168046,0.0000552914
9497,0.0000000498,0.0000000000
8161,0.0000339396,0.0000000000
7094,0.0000036287,0.0000005009
6757,0.0000754805,0.0000015272
9562,0.0000090570,0.0000000000
9871,0.0000106147,0.0000000000
4707,0.0000117495,0.0000186865
5807,0.0000233904,0.0000000000
3290,0.0000217217,0.0002273349
7342,0.0000102403,0.0000000000
9784,0.0000425280,0.0000000000
6735,0.0000001132,0.0000328148
5216,0.0000114653,0.0000000000
5084,0.0002483655,0.0000215008
6313,0.0000005643,0.0000156835
8270,0.0000096151,0.0000000000
6600,0.0002699807,0.0000000000
6874,0.0000099588,0.0000000000
8365,0.0000107287,0.0000000000
7487,0.0000011272,0.0000000000
9932,0.0000096719,0.0000025104
8988,0.0000310956,0.0000000535
9957,0.0002313038,0.0000000000
8608,0.0000016059,0.0000000000
6254,0.0000160950,0.0000622960
8473,0.0000080624,0.0000321631
8662,0.0000035192,0.0000011674
7412,0.0000238249,0.0000000000
7732,0.0000024869,0.0000187287
7139,0.0000015491,0.0000001237
8265,0.0000112057,0.0035164694
3966,0.0000682183,0.0000008681
9603,0.0000030198,0.0000000000
3414,0.0000031192,0.0001483614
9066,0.0000082479,0.0000000000
7693,0.0000014421,0.0000000000
7954,0.0000005766,0.0000000000
7128,0.0000015671,0.0000000000
7506,0.0000063789,0.0000000000
7804,0.0000217845,0.0000000000
9681,0.0000000822,0.0000000000
9851,0.0002189394,0.0000000634
9375,0.0000000949,0.0000000000
9185,0.0000368756,0.0000000000
8151,0.0000422983,0.0000000000
6502,0.0000043073,0.0000159532
7821,0.0000065166,0.0000000000
7293,0.0000058804,0.0000000000
8264,0.0000003320,0.0000000000
7515,0.0000051010,0.0000410730
5479,0.0000042667,0.0000072641
5983,0.0000014154,0.0000025493
9867,0.0000190616,0.0000000000
7991,0.0000134932,0.0000000000
7982,0.0000045074,0.0000000000
8682,0.0000089609,0.0000000000
9979,0.0000233116,0.0000000000
9132,0.0000003507,0.0000000000
5042,0.0000038597,0.0001374163
7329,0.0000119492,0.0000142774
7786,0.0000335470,0.0000000000
5953,0.0000177424,0.0000024140
9723,0.0000168156,0.0000000000
7110,0.0000345721,0.0000001326
9320,0.0000026689,0.0000000000
8419,0.0000235527,0.0001322603
8977,0.0002206152,0.0000078808
5296,0.0000012089,0.0000878859
7281,0.0000161082,0.0000000000
6106,0.0000002216,0.0000139676
7332,0.0000155786,0.0000000000
5614,0.0002195369,0.0000000000
4692,0.0000147535,0.0002305304
8263,0.0000138449,0.0000000000
7848,0.0000018945,0.0000000000
7258,0.0000209151,0.0000000000
9877,0.0000132511,0.0000000000
7114,0.0000011898,0.0000002138
7561,0.0002160084,0.0000000000
8671,0.0000041216,0.0000000000
5390,0.0000023699,0.0035165920
9188,0.0000052711,0.0000000000
9981,0.0000496460,0.0000000000
8707,0.0000068783,0.0000000000
4950,0.0000015513,0.0000000000
5460,0.0000009829,0.0000252908
8997,0.0000006562,0.0000000000
7973,0.0000073531,0.0000000000
5138,0.0000017118,0.0000189633
8214,0.0000017436,0.0000000000
6187,0.0000055016,0.0000000000
4271,0.0000295291,0.0004776910
8354,0.0000692191,0.0000000000
6220,0.0000011296,0.0000005397
9014,0.0000003723,0.0000000000
9861,0.0000093745,0.0000000000
8074,0.0000266898,0.0000000000
9225,0.0000000731,0.0000000000
8866,0.0000094141,0.0000000000
7467,0.0000111780,0.0000000000
7960,0.0000104994,0.0000000000
6729,0.0000015358,0.0000000000
7167,0.0000014316,0.0000000000
6455,0.0000099808,0.0000000000
9310,0.0000010174,0.0000000000
8060,0.0000016611,0.0000000000
9118,0.0000020896,0.0000000000
9515,0.0000011898,0.0000000000
7431,0.0000144937,0.0000000000
9096,0.0000146885,0.0000000000
7585,0.0000030725,0.0000132193
8572,0.0000202020,0.0000000000
7365,0.0000028494,0.0000000000
9698,0.0000156038,0.0000001019
7037,0.0000028207,0.0000000000
9809,0.0000857251,0.0000000000
4343,0.0000315750,0.0000000000
5788,0.0000079849,0.0000000000
7010,0.0000126651,0.0000000000
8616,0.0002471777,0.0000000000
9392,0.0000033706,0.0000000000
4879,0.0000000044,0.0000000000
9752,0.0000104405,0.0000000000
7077,0.0000195518,0.0000000000
8942,0.0000014879,0.0000000000
4758,0.0002185798,0.0000027319
9906,0.0000402315,0.0000000000
8196,0.0002251473,0.0000000000
9384,0.0000139886,0.0000000000
5843,0.0000080563,0.0000000083
9193,0.0000088656,0.0000000000
9635,0.0000194442,0.0000000000
7391,0.0000084344,0.0000000000
5145,0.0000282924,0.0000181466
5219,0.0000219364,0.0000137593
8514,0.0000223680,0.0000000000
9641,0.0000193244,0.0000000000
6032,0.0000074089,0.0000962414
7715,0.0000004131,0.0000244080
9447,0.0002219437,0.0000000000
8841,0.0000000425,0.0000000000
8329,0.0000109732,0.0000000000
6671,0.0000033223,0.0000043120
9184,0.0000101851,0.0000000000
7806,0.0000013021,0.0000000000
9150,0.0000004463,0.0000000000
6224,0.0000187061,0.0000000133
7824,0.0000062322,0.0000000000
8826,0.0000054263,0.0000782659
7121,0.0000022805,0.0000004676
8859,0.0000000000,0.0000000000
6392,0.0000005600,0.0000009005
9216,0.0000021676,0.0000000000
6550,0.0000085434,0.0000000000
9309,0.0000019423,0.0000000000
6765,0.0002469622,0.0000000000
9490,0.0000250919,0.0000000000
8466,0.0000384390,0.0000000000
8813,0.0000037753,0.0000000000
9921,0.0000502437,0.0000000000
7542,0.0000090106,0.0000891725
9822,0.0000073644,0.0000000000
8464,0.0000204809,0.0000000000
8871,0.0000006962,0.0000056952
7745,0.0000275327,0.0000000000
9346,0.0000087913,0.0000000000
8838,0.0000074679,0.0000000000
7702,0.0000035939,0.0000021232
6518,0.0000041975,0.0000000000
8964,0.0000083627,0.0000000000
8334,0.0000083344,0.0000000000
5402,0.0000140158,0.0000805911
8785,0.0000000000,0.0000000000
7853,0.0000055644,0.0000000000
8527,0.0000059792,0.0000077376
8159,0.0000055427,0.0000282082
8740,0.0000311746,0.0000000000
9623,0.0000101933,0.0000000000
8404,0.0000174132,0.0000000000
8173,0.0000000038,0.0000000000
8376,0.0000087348,0.0000000421
9731,0.0000008022,0.0000000000
8046,0.0000181400,0.0000000000
8680,0.0000128493,0.0000000000
7638,0.0000069168,0.0000000000
9416,0.0000031352,0.0000000000
8843,0.0000133787,0.0004129887
6640,0.0000069311,0.0000000000
7811,0.0000156373,0.0000173997
8291,0.0000032480,0.0000000000
5053,0.0000153210,0.0000000000
9534,0.0000339994,0.0000000000
8110,0.0000145172,0.0004129856
7927,0.0000016186,0.0000000000
7189,0.0000051068,0.0000000000
9537,0.0000002605,0.0000000000
8714,0.0000006177,0.0000000000
9265,0.0000001381,0.0000000000
9990,0.0000067288,0.0000000000
6925,0.0000087731,0.0000000000
9948,0.0000070656,0.0000000000
9622,0.0000055932,0.0000000000
8069,0.0000001129,0.0000000000
8856,0.0000000000,0.0000000000
9240,0.0000470549,0.0000000000
9552,0.0000013901,0.0000000000
7286,0.0000171533,0.0000000000
9886,0.0000000004,0.0000000000
9211,0.0000009464,0.0000000000
9112,0.0000373924,0.0000000000
6879,0.0000024544,0.0000653793
9413,0.0000045137,0.0000000000
9642,0.0000029436,0.0000139689
8212,0.0000014343,0.0000312338
7113,0.0000003003,0.0000000000
7726,0.0000019812,0.0000000000
8816,0.0000020493,0.0000000000
9632,0.0000001453,0.0000000000
8591,0.0000001965,0.0000000000
9222,0.0000097965,0.0000000000
7967,0.0000000000,0.0000000000
8121,0.0000075955,0.0000000000
8946,0.0000360688,0.0000000000
8654,0.0000011712,0.0000020459
9786,0.0000016861,0.0000000000
9816,0.0000054480,0.0000000000
8873,0.0000029617,0.0000000000
7807,0.0000212007,0.0000000000
8356,0.0000070656,0.0000000000
6494,0.0000000000,0.0000172662
7039,0.0000022208,0.0000000000
8240,0.0000043110,0.0000000000
8318,0.0000067208,0.0000000000
9993,0.0000047612,0.0000000000
9739,0.0000000000,0.0000000000
9782,0.0000391350,0.0000000000
7132,0.0000227422,0.0000000068
9460,0.0000000792,0.0000000000
6629,0.0000099273,0.0002553289
9706,0.0000028022,0.0000000000
9936,0.0000014518,0.0000000000
8028,0.0000044515,0.0000000000
9868,0.0000030441,0.0000000000
7555,0.0000017022,0.0000210585
7987,0.0000046524,0.0000000000
9119,0.0000001216,0.0000000000
9910,0.0000001316,0.0000000000
7262,0.0000000695,0.0000016524
8619,0.0000164188,0.0000000000
7426,0.0000002209,0.0000000000
9874,0.0000003119,0.0000000000
6484,0.0000054726,0.0000000000
9761,0.0000112972,0.0000000000
9830,0.0000152198,0.0000000000
9103,0.0000005277,0.0000000000
9956,0.0000011295,0.0000000000
9455,0.0000079901,0.0000000000
7099,0.0000371364,0.0000000000
8359,0.0000000000,0.0000000000
7295,0.0000058874,0.0000015535
9206,0.0000002278,0.0000000000
9945,0.0000000000,0.0000000000
9140,0.0002156478,0.0000000000
9274,0.0002228312,0.0000000000
9088,0.0000044579,0.0000000000
9297,0.0000019722,0.0000430439
9973,0.0000000000,0.0000000000
9092,0.0000049931,0.0000000000
9849,0.0000000000,0.0000000000
9865,0.0000072663,0.0000000000
