Node,Hub
10000,0.0000048951
29991,0.0000000000
1,0.0000000000
2,0.0185104850
3,0.0185104850
4,0.0185104850
5,0.0732722247
6,0.0732722247
10,0.0266847046
11,0.0704602392
15,0.0695275015
17,0.0221602707
18,0.0732722247
19,0.0704602392
23,0.0236079462
28,0.0197781751
31,0.0732803296
52,0.0707999357
54,0.0686912491
55,0.0221804402
56,0.0698638747
58,0.0199146223
60,0.0717809185
62,0.0248378119
63,0.0732803296
65,0.0219168387
71,0.0215488302
75,0.0270162962
76,0.0210979777
80,0.0691075846
90,0.0685801350
95,0.0219519160
99,0.0196829421
105,0.0191311208
126,0.0194040820
139,0.0192967343
141,0.0194722089
158,0.0231165012
181,0.0232026333
186,0.0193777835
187,0.0679902592
196,0.0224391103
202,0.0245239241
217,0.0193517483
225,0.0190896181
229,0.0200646520
231,0.0199042504
232,0.0187010010
236,0.0188802831
238,0.0244746165
239,0.0188431760
278,0.0193747874
279,0.0199128181
282,0.0201293340
283,0.0683593973
287,0.0215318006
303,0.0198333707
337,0.0230125869
346,0.0194123302
349,0.0213556273
371,0.0206975318
380,0.0191197010
393,0.0218685205
418,0.0187231420
459,0.0193209412
482,0.0193668193
510,0.0188093462
520,0.0194118299
521,0.0189647362
532,0.0191134263
536,0.0192634054
549,0.0194521248
564,0.0197059282
576,0.0195001575
584,0.0243809237
594,0.0192264456
651,0.0194358395
655,0.0186772929
666,0.0191175488
673,0.0188721328
732,0.0195493813
804,0.0193986067
807,0.0192641144
820,0.0214313901
826,0.0216548574
861,0.0188886342
886,0.0190934646
906,0.0194434371
909,0.0206349887
912,0.0234122605
923,0.0240710117
927,0.0197684494
954,0.0212583372
999,0.0187091912
1024,0.0247553162
1046,0.0186787683
1114,0.0190021777
1125,0.0188710185
1135,0.0193253402
1162,0.0187800079
1187,0.0189076943
1194,0.0188248993
1198,0.0187804088
1199,0.0188244080
1203,0.0191109349
1225,0.0188256927
1234,0.0255908964
1244,0.0186427225
1355,0.0187434372
1360,0.0216579515
1365,0.0186945726
1387,0.0187796137
1466,0.0186989342
1538,0.0189086937
1539,0.0189042841
1550,0.0186471858
1551,0.0201529868
1576,0.0189239391
1596,0.0245517638
1610,0.0210078146
1637,0.0192721950
1647,0.0194184692
1678,0.0189142208
1694,0.0203209265
1706,0.0186421260
1766,0.0193826432
1863,0.0190842748
1876,0.0188222451
1878,0.0188849763
1887,0.0186355544
1905,0.0186597734
2028,0.0188860179
2085,0.0188983183
2087,0.0189075097
2150,0.0191237668
2177,0.0189412794
2211,0.0225924649
2230,0.0186820006
2330,0.0199650459
2336,0.0679874316
2344,0.0194776464
2352,0.0203124877
2353,0.0186801471
2369,0.0200293335
2380,0.0226644728
2393,0.0186527864
2396,0.0190733720
2404,0.0187103360
2465,0.0188042589
2477,0.0190435188
2578,0.0189410522
2617,0.0188520095
2671,0.0213520956
2797,0.0186543992
2898,0.0186669844
2962,0.0186402677
3023,0.0225838778
3049,0.0186744680
3074,0.0190291433
3132,0.0190002920
3149,0.0186668545
3225,0.0188511999
3282,0.0187840826
3312,0.0679857404
3324,0.0186372084
3392,0.0189214103
3454,0.0200199929
3482,0.0192992404
3486,0.0187265423
3510,0.0190999593
3566,0.0186277042
3690,0.0187708923
3741,0.0186271433
3815,0.0186360043
3852,0.0189876642
3874,0.0188263873
3913,0.0187038792
3934,0.0188387382
3969,0.0186925874
4016,0.0186499104
4117,0.0186751372
4123,0.0207413605
4250,0.0187406186
4255,0.0187784502
4264,0.0187793423
4309,0.0201493826
4324,0.0187063875
4325,0.0204851518
4486,0.0186564383
4587,0.0186369234
4647,0.0188193111
4850,0.0186911224
4905,0.0186817469
4922,0.0186328527
4934,0.0188873497
5113,0.0186261942
5210,0.0186497938
5226,0.0186348735
5343,0.0188196582
5374,0.0191660048
5398,0.0188916311
5422,0.0188082740
5789,0.0186211555
5806,0.0186228791
5893,0.0192436308
5910,0.0191851255
6014,0.0188870238
6016,0.0186199623
6122,0.0186370527
6130,0.0192473667
6169,0.0186521103
6249,0.0186272302
6314,0.0186203485
6335,0.0186276060
6359,0.0200548555
6370,0.0197119013
6458,0.0186418398
6477,0.0186216670
6526,0.0189456361
6589,0.0186292478
6615,0.0189017017
6662,0.0186532220
6679,0.0194842634
6683,0.0187754070
6721,0.0186205891
6866,0.0188385386
6872,0.0186457138
6923,0.0195814114
6983,0.0186430267
7006,0.0186205793
7212,0.0186757220
7225,0.0186226158
7320,0.0186393145
7321,0.0186379077
7387,0.0187984906
7432,0.0186720734
7434,0.0186679952
7463,0.0186367506
7553,0.0190998705
7583,0.0191703100
7678,0.0186387363
7759,0.0189490705
7828,0.0188015698
7845,0.0186520905
8127,0.0186695109
8314,0.0187315918
8316,0.0186216132
8349,0.0684527549
8425,0.0189916049
8460,0.0193228678
8599,0.0190740654
8628,0.0186778932
8681,0.0240955135
8703,0.0189864363
8745,0.0203148120
8795,0.0194989258
8964,0.0193236368
8988,0.0186913955
9202,0.0186208084
9216,0.0192701394
9257,0.0240863900
9292,0.0201591825
9293,0.0201605263
9295,0.0186384446
9313,0.0186201688
9347,0.0186849831
9360,0.0187722770
9435,0.0186681732
9462,0.0186199623
9512,0.0186225624
9616,0.0190415444
9624,0.0196780353
9681,0.0186253790
9709,0.0186295227
9810,0.0187568139
7,0.0557425659
8,0.0602588948
9,0.0587594837
12,0.0530089268
20,0.0509760708
26,0.0537096236
27,0.0562871947
32,0.0540337777
33,0.0550395311
35,0.0524566351
36,0.0533893026
37,0.0563449962
39,0.0521447166
40,0.0511864672
44,0.0508352702
47,0.0516983544
57,0.0587594837
59,0.0510664380
68,0.0554174638
73,0.0503628028
103,0.0502134814
109,0.0511481303
111,0.0551450166
112,0.0536537104
114,0.0501348180
120,0.0504359073
124,0.0505817783
128,0.0503514067
134,0.0506511801
148,0.0516607637
151,0.0521975285
155,0.0541822978
163,0.0535355400
170,0.0497857963
190,0.0507972659
193,0.0502229556
199,0.0533724565
209,0.0513489508
214,0.0504595382
220,0.0498269612
221,0.0526648060
222,0.0513836133
262,0.0502482062
266,0.0546597238
300,0.0505067074
324,0.0500794883
335,0.0510127848
358,0.0503189209
366,0.0525179685
376,0.0512367658
399,0.0507974909
411,0.0512106135
428,0.0519250911
432,0.0500869464
460,0.0500680690
463,0.0502158375
491,0.0500177871
492,0.0496544018
512,0.0499713391
522,0.0521164192
531,0.0508869553
533,0.0496310532
554,0.0503296350
555,0.0504605823
556,0.0513674749
557,0.0502396502
565,0.0535503731
567,0.0504854585
572,0.0500236564
573,0.0497493554
587,0.0504147396
618,0.0496483599
657,0.0501688272
675,0.0498206582
677,0.0506443305
694,0.0499164083
696,0.0498770776
722,0.0499686744
729,0.0501930025
746,0.0495904828
760,0.0534580922
762,0.0497218500
771,0.0502735150
805,0.0508650983
809,0.0498374830
810,0.0498922195
882,0.0502021215
892,0.0496079036
918,0.0503039518
930,0.0496480826
968,0.0498163700
997,0.0505941951
1011,0.0496578638
1012,0.0568505448
1020,0.0510395573
1030,0.0507575092
1118,0.0499727625
1210,0.0498804398
1218,0.0496464262
1261,0.0496544804
1356,0.0549998353
1384,0.0495999842
1409,0.0497675428
1425,0.0495695845
1431,0.0497849652
1455,0.0499766671
1517,0.0528652188
1530,0.0500562590
1552,0.0507647650
1574,0.0501385842
1575,0.0499106100
1577,0.0498246977
1578,0.0495799003
1594,0.0509979354
1605,0.0496920458
1655,0.0499555316
1703,0.0501610522
1731,0.0497609919
1734,0.0496000866
1749,0.0495880177
1760,0.0504607484
1833,0.0496345189
1837,0.0521126237
1839,0.0499242206
1862,0.0499164309
1913,0.0498043983
1928,0.0506725428
1996,0.0497937325
1999,0.0495931417
2008,0.0500065922
2016,0.0495768889
2026,0.0496749851
2041,0.0505542392
2101,0.0507561281
2125,0.0498043656
2148,0.0503451525
2185,0.0496044810
2247,0.0497695453
2256,0.0498491311
2359,0.0503286030
2361,0.0523491518
2400,0.0499827879
2482,0.0495927725
2499,0.0495840698
2521,0.0504183187
2545,0.0498834613
2549,0.0496805004
2611,0.0496530882
2720,0.0501228696
2730,0.0550064759
2733,0.0497601431
2746,0.0501172052
2767,0.0498003371
2802,0.0498544079
2817,0.0504325762
2818,0.0495822175
2880,0.0501819154
2904,0.0521274870
2939,0.0498872188
2943,0.0496720035
2957,0.0496627359
3027,0.0528702789
3088,0.0495923638
3101,0.0497488972
3120,0.0500676647
3171,0.0496254049
3174,0.0499006934
3213,0.0495706681
3218,0.0499326917
3253,0.0496404060
3272,0.0496687717
3348,0.0497223546
3351,0.0501812003
3418,0.0496263707
3425,0.0496067292
3551,0.0515568218
3681,0.0496168918
3694,0.0498003323
3746,0.0495743889
3786,0.0501581817
3788,0.0495641043
3832,0.0497611716
3840,0.0500967905
3843,0.0501534138
3926,0.0495669879
3941,0.0504991176
3945,0.0497188874
3955,0.0495663966
3977,0.0499285974
3987,0.0537867176
4084,0.0495819112
4158,0.0495949786
4167,0.0498331102
4173,0.0504004445
4194,0.0497591570
4221,0.0495901865
4254,0.0521744519
4305,0.0495724087
4389,0.0497110417
4397,0.0498068907
4423,0.0496178986
4514,0.0495706081
4534,0.0495745388
4542,0.0524460297
4600,0.0495841924
4646,0.0497644008
4672,0.0505134994
4686,0.0495891728
4702,0.0501448850
4711,0.0496664912
4790,0.0510717778
4795,0.0504334551
4820,0.0498331833
4847,0.0495802997
4880,0.0497961804
4907,0.0500005081
4916,0.0495705684
5051,0.0495726697
5104,0.0496057362
5121,0.0496907977
5127,0.0498875330
5168,0.0496235815
5201,0.0495791121
5234,0.0495646165
5314,0.0503341148
5354,0.0498108478
5397,0.0495684922
5415,0.0498441994
5429,0.0497378118
5448,0.0495819182
5472,0.0500580378
5513,0.0510205706
5527,0.0519620919
5539,0.0495824723
5542,0.0495732895
5552,0.0501306605
5572,0.0495935049
5631,0.0503443435
5707,0.0502636192
5916,0.0502864619
5980,0.0499491575
6198,0.0497763648
6268,0.0496034326
6274,0.0526193346
6294,0.0522845350
6325,0.0496376661
6395,0.0496614516
6451,0.0496089984
6676,0.0496081073
6736,0.0499787837
6812,0.0534496664
6833,0.0496394780
6867,0.0495780464
6970,0.0495680793
7178,0.0496027899
7180,0.0498407047
7538,0.0496446841
7540,0.0495841989
7582,0.0495659289
7616,0.0497569986
7753,0.0502830616
7768,0.0497563243
7802,0.0495841767
7812,0.0495674646
7821,0.0499431017
7848,0.0507522173
7867,0.0501668315
7888,0.0496405608
7972,0.0501793955
8100,0.0495683401
8166,0.0502244714
8188,0.0496180897
8315,0.0499732291
8377,0.0549257080
8412,0.0495664235
8416,0.0495668902
8563,0.0501582906
8570,0.0495693530
8590,0.0497423556
8687,0.0496507646
8744,0.0497403582
8754,0.0495709164
8780,0.0495641043
8800,0.0495671145
8822,0.0497400591
8906,0.0495876542
9091,0.0495706339
9094,0.0497159705
9116,0.0495810290
9131,0.0495655052
9204,0.0495778018
9282,0.0495869516
9301,0.0496038378
9387,0.0549485121
9518,0.0498758314
9583,0.0495911850
9656,0.0497794800
9786,0.0495957958
9792,0.0515063395
9817,0.0495886341
9839,0.0495645981
9843,0.0498395011
9924,0.0495652090
9933,0.0498003323
9973,0.0504974924
13,0.0111828759
16,0.0076224034
34,0.0110197924
42,0.0071924313
45,0.0089630752
84,0.0086122661
89,0.0063943606
96,0.0061619375
101,0.0064787955
106,0.0110930988
108,0.0059766774
122,0.0114441811
130,0.0089962867
144,0.0086265888
147,0.0077358438
185,0.0062669384
197,0.0065808714
198,0.0063704316
213,0.0059563060
326,0.0062690348
373,0.0065515158
392,0.0082858254
397,0.0058396167
476,0.0059211025
480,0.0059970400
508,0.0062358794
513,0.0057635095
537,0.0060076127
563,0.0101923553
570,0.0062497000
631,0.0057677268
637,0.0086427244
668,0.0071283490
669,0.0060760122
693,0.0064112480
710,0.0069682252
712,0.0110800583
714,0.0056166435
751,0.0055690363
834,0.0059404909
977,0.0075048954
992,0.0055522457
1005,0.0055380738
1008,0.0055638276
1028,0.0105865114
1085,0.0055622340
1113,0.0057837560
1134,0.0057266835
1191,0.0055579288
1196,0.0057123322
1222,0.0056681330
1236,0.0056492534
1275,0.0056015688
1335,0.0055967939
1339,0.0058510086
1342,0.0057834895
1346,0.0055718407
1351,0.0055800157
1388,0.0057302306
1475,0.0056367424
1486,0.0113318189
1495,0.0061960051
1614,0.0065079557
1695,0.0057051286
1739,0.0056504614
1764,0.0055373369
1807,0.0057895324
1869,0.0059788031
1949,0.0058773730
1986,0.0055686183
2067,0.0060969903
2104,0.0081219801
2166,0.0056025271
2203,0.0055665902
2397,0.0058488630
2419,0.0058747559
2437,0.0062785767
2475,0.0095291757
2531,0.0055321860
2596,0.0062754918
2604,0.0059583360
2634,0.0055444906
2649,0.0058753868
2704,0.0055457844
2709,0.0056094417
2861,0.0088811665
2862,0.0063172183
3034,0.0068364207
3093,0.0059099353
3161,0.0060321101
3210,0.0060323830
3239,0.0059075459
3263,0.0056120843
3375,0.0055490605
3444,0.0055250650
3462,0.0056236806
3497,0.0056767011
3538,0.0065671686
3605,0.0056469153
3612,0.0059643374
3625,0.0064630746
3695,0.0055270235
3775,0.0056858302
3814,0.0060657270
3846,0.0057021586
3983,0.0065885535
4091,0.0055593420
4165,0.0055341687
4434,0.0055335760
4624,0.0055506855
4749,0.0059470562
4775,0.0055253803
4827,0.0055438257
4837,0.0090101692
5002,0.0056846681
5019,0.0056102271
5084,0.0055945220
5138,0.0055419390
5334,0.0055320089
5411,0.0055347354
5633,0.0056970018
5672,0.0055500175
5825,0.0064813275
5933,0.0056727011
6099,0.0055266737
6102,0.0055699062
6108,0.0055322632
6210,0.0055869211
6383,0.0055365560
6428,0.0057717603
6438,0.0055807162
6472,0.0055221681
6507,0.0055316946
6521,0.0070995930
6573,0.0055297290
6632,0.0055345562
6704,0.0055642094
6861,0.0055677237
6896,0.0055769020
7065,0.0055931882
7122,0.0055246341
7313,0.0055482524
7407,0.0055520747
7430,0.0083673259
7457,0.0055454259
7458,0.0058079715
7566,0.0058531462
7578,0.0057200351
7739,0.0057653804
7746,0.0055242071
7786,0.0055603587
7822,0.0067164732
7831,0.0055395970
7859,0.0055427838
8009,0.0055403417
8011,0.0055488549
8109,0.0055836261
8204,0.0055228211
8512,0.0055218115
8549,0.0083764287
8702,0.0056315676
8721,0.0056457959
8884,0.0055242085
8938,0.0055215142
9219,0.0056831067
9252,0.0055272179
9339,0.0055552494
9348,0.0057280805
9409,0.0055250550
9525,0.0055769050
9687,0.0055244553
9718,0.0055931473
9756,0.0058769178
9881,0.0056845797
14,0.0099185466
50,0.0082580649
79,0.0088686241
81,0.0034556836
92,0.0031280413
100,0.0096582621
140,0.0036192432
210,0.0046138222
255,0.0063968301
264,0.0027258319
351,0.0029936420
437,0.0040464965
468,0.0029896143
528,0.0027751373
719,0.0039218115
776,0.0028742412
843,0.0028766579
845,0.0029167897
917,0.0032775721
925,0.0031684572
1082,0.0031262030
1270,0.0027799663
1320,0.0028943248
1406,0.0032198033
1437,0.0036254699
1459,0.0031659872
1516,0.0028696306
1588,0.0035570198
1620,0.0031020344
1910,0.0041886846
1941,0.0028157335
1948,0.0034533890
1991,0.0032501560
2061,0.0032360579
2239,0.0027255353
2252,0.0037082559
2267,0.0027010049
2281,0.0027056580
2328,0.0027394620
2339,0.0032297599
2429,0.0027909058
2768,0.0029342422
2807,0.0027899546
3046,0.0026965572
3238,0.0026947767
3293,0.0026986304
3433,0.0027164436
3450,0.0043033249
3763,0.0028827183
3806,0.0030087523
3834,0.0027048061
4086,0.0029353705
4146,0.0052264846
4230,0.0027005818
4302,0.0027376351
4409,0.0042114683
4546,0.0027000593
4614,0.0030186028
4658,0.0027464457
5199,0.0027189876
5295,0.0029517366
5384,0.0028516660
5434,0.0027404325
5442,0.0027185795
5653,0.0028277476
5762,0.0031035501
5935,0.0028727039
5960,0.0026978454
6097,0.0029154951
6280,0.0027045324
6308,0.0027082367
6424,0.0027926319
6470,0.0026957561
6825,0.0030062166
6875,0.0027051294
7040,0.0037359811
7098,0.0027049098
7196,0.0027021306
7269,0.0058650639
8103,0.0028151151
8208,0.0034826093
8301,0.0031280083
8593,0.0030240828
8667,0.0026929296
8669,0.0028530372
8851,0.0027028831
8915,0.0026929629
9031,0.0046932238
9063,0.0027480667
9097,0.0031581001
9909,0.0032348930
9998,0.0027483895
21,0.0038487279
22,0.0028453362
46,0.0047382630
66,0.0025362517
93,0.0014462114
107,0.0026403575
113,0.0085505763
115,0.0021809630
161,0.0017880912
244,0.0014980956
291,0.0013722202
296,0.0030086927
309,0.0013647542
359,0.0013740566
449,0.0066545438
547,0.0011048993
750,0.0011693214
801,0.0019664837
883,0.0014875916
971,0.0022935810
988,0.0013170240
1068,0.0027293219
1157,0.0011574874
1366,0.0011095107
1461,0.0015015269
1581,0.0015125400
1881,0.0010171422
2011,0.0023118498
2037,0.0020874053
2072,0.0020398242
2121,0.0011883932
2140,0.0014951887
2191,0.0012415032
2217,0.0010442709
2502,0.0010497142
2551,0.0023098974
2956,0.0017976346
3168,0.0032035967
3245,0.0019692804
3288,0.0016566928
3294,0.0011373342
3428,0.0012454766
3477,0.0019349908
3590,0.0013433867
3649,0.0010286702
3680,0.0010354080
3693,0.0014832142
3772,0.0010061268
3830,0.0013468427
3851,0.0010236917
3924,0.0011855858
4115,0.0010243029
4280,0.0013336896
4287,0.0011567860
4304,0.0009945590
4729,0.0010993652
4979,0.0018409430
4987,0.0011805455
5040,0.0010412847
5153,0.0010781737
5258,0.0009827104
5410,0.0009874135
5621,0.0009854560
5692,0.0009820373
5808,0.0011061520
5811,0.0011623292
5904,0.0011383516
5940,0.0012984314
5951,0.0009798814
5954,0.0015034810
5959,0.0018998325
6225,0.0010102608
6570,0.0010137013
6600,0.0009787320
6686,0.0020613996
6698,0.0010013748
7096,0.0009962300
7191,0.0011545107
7245,0.0009818631
7343,0.0009797668
7360,0.0066976369
7670,0.0009803388
7946,0.0009841761
8033,0.0017184384
8057,0.0009784901
8080,0.0013044220
8123,0.0011272883
8152,0.0009813916
8203,0.0064891689
8223,0.0012496273
8347,0.0010418356
8385,0.0012001104
8537,0.0009956064
8956,0.0011065859
8977,0.0011075564
8979,0.0009821752
9011,0.0010185538
9174,0.0009884529
9201,0.0009929246
9255,0.0010090232
9541,0.0009832265
9608,0.0011019694
9674,0.0010164135
9749,0.0018406834
9866,0.0009790482
9935,0.0016766489
25,0.0100847584
30,0.0075199042
38,0.0073688061
51,0.0110472727
61,0.0064397431
136,0.0064777666
145,0.0084931093
156,0.0089940881
168,0.0061553465
192,0.0056160137
216,0.0068428042
224,0.0059486541
257,0.0061273847
267,0.0060859665
274,0.0067166824
286,0.0070174927
292,0.0059528742
305,0.0058871609
323,0.0065399742
340,0.0056354385
345,0.0061677480
350,0.0102281834
405,0.0072845712
420,0.0086800097
436,0.0065368207
448,0.0071173231
452,0.0056972100
475,0.0085825943
483,0.0075125327
544,0.0085783979
569,0.0057268782
579,0.0055886856
585,0.0065610721
604,0.0057848681
619,0.0060614731
633,0.0063685994
645,0.0057442021
647,0.0055722254
671,0.0057203563
691,0.0058611734
700,0.0058736003
715,0.0058657026
717,0.0062936600
730,0.0061651298
759,0.0056378016
850,0.0062598234
866,0.0061365818
898,0.0063662957
976,0.0055850007
985,0.0058489250
990,0.0056507657
1053,0.0057592572
1096,0.0060164095
1122,0.0055388474
1149,0.0057052816
1183,0.0059719374
1204,0.0056098943
1230,0.0059051191
1332,0.0058845404
1349,0.0058118888
1382,0.0061026528
1497,0.0061219866
1505,0.0055481927
1549,0.0055802384
1555,0.0060864483
1600,0.0071162961
1625,0.0060676146
1662,0.0056926194
1721,0.0063581833
1780,0.0055517825
1796,0.0062125598
1802,0.0056063812
1817,0.0096829571
1951,0.0060252580
1992,0.0055439527
2062,0.0083816918
2077,0.0064986172
2090,0.0058940344
2122,0.0064998135
2187,0.0057615218
2215,0.0057179628
2257,0.0055586186
2390,0.0056655999
2394,0.0055528361
2407,0.0055381992
2503,0.0057428523
2522,0.0055317921
2566,0.0060779641
2694,0.0055786621
2795,0.0059157636
2808,0.0059904051
2827,0.0056907954
2912,0.0057620471
2988,0.0083929415
3073,0.0057009366
3090,0.0055513480
3153,0.0055470823
3212,0.0055820973
3251,0.0057141227
3292,0.0055574091
3339,0.0066994382
3369,0.0055323965
3414,0.0055528645
3528,0.0057155779
3529,0.0057042858
3657,0.0055687762
3844,0.0055327554
3879,0.0058321916
4000,0.0061843593
4067,0.0055486250
4089,0.0058914979
4111,0.0055614381
4212,0.0059433098
4238,0.0055357791
4457,0.0056794153
4530,0.0057425858
4640,0.0072629029
4651,0.0055459192
4653,0.0059096189
4657,0.0058928196
4664,0.0060841037
4667,0.0061324639
4712,0.0055887486
5008,0.0060569186
5070,0.0055299302
5083,0.0055439117
5169,0.0055320196
5172,0.0057122453
5237,0.0056284063
5253,0.0056559388
5299,0.0055727632
5444,0.0056166087
5561,0.0057023235
5685,0.0059000828
5829,0.0055336995
5870,0.0056466262
5872,0.0055480180
5873,0.0055860740
6008,0.0055362234
6094,0.0055306373
6163,0.0056053470
6209,0.0055343444
6218,0.0057223443
6230,0.0055746576
6279,0.0055308542
6324,0.0055339305
6353,0.0055302330
6691,0.0055953344
6726,0.0055309333
6732,0.0056208660
6891,0.0055474996
6895,0.0055605878
6917,0.0056131995
7175,0.0055297978
7277,0.0056650040
7401,0.0057574971
7610,0.0057516682
7622,0.0055490027
7742,0.0055296671
7891,0.0055404269
7988,0.0056197113
8317,0.0059107222
8338,0.0055300171
8440,0.0055569269
8445,0.0055364514
8448,0.0056435934
8507,0.0055676714
8547,0.0055303189
8645,0.0055560499
8707,0.0055341705
8893,0.0056782383
9012,0.0055335503
9107,0.0055478784
9338,0.0055472632
9365,0.0055314651
9374,0.0055472775
9522,0.0061699104
9532,0.0055368744
9537,0.0055635079
9598,0.0055316518
9800,0.0055945037
9928,0.0057536573
9975,0.0055916627
64,0.0036826344
189,0.0013950705
212,0.0047550075
247,0.0016162200
280,0.0050121979
285,0.0018378198
395,0.0013691126
504,0.0031836880
509,0.0024424782
538,0.0019389473
571,0.0015473898
910,0.0009442606
1006,0.0011089499
1078,0.0034689631
1104,0.0021703677
1426,0.0014901706
1535,0.0011156204
1595,0.0016309201
1842,0.0033076788
2449,0.0011307673
2525,0.0015110911
2646,0.0009977895
2650,0.0021205166
2996,0.0009896284
3115,0.0009205153
3234,0.0011248711
3376,0.0013997820
3716,0.0009338560
3824,0.0038130876
4612,0.0009467177
4858,0.0014489271
5606,0.0009739138
5664,0.0019779169
5697,0.0009163173
5712,0.0012521211
5728,0.0009182217
6104,0.0013746598
7092,0.0009145764
7377,0.0010123163
7402,0.0009251162
7632,0.0018241704
8023,0.0010750984
8053,0.0009770165
8617,0.0011925757
9912,0.0010499651
24,0.0078098117
29,0.0079235435
43,0.0065398910
53,0.0046754891
67,0.0060424473
82,0.0059697731
83,0.0069925475
94,0.0060554384
125,0.0046342045
138,0.0071632074
152,0.0054626309
164,0.0048945731
182,0.0049156873
194,0.0052051063
195,0.0042338736
218,0.0078770561
233,0.0063268930
246,0.0049728847
304,0.0042416300
375,0.0049198990
383,0.0055549993
409,0.0046860189
422,0.0041541605
464,0.0042635603
497,0.0044022294
501,0.0046007605
625,0.0048182041
626,0.0045016944
940,0.0041277110
944,0.0041974083
1041,0.0046970441
1091,0.0058105016
1110,0.0045848723
1136,0.0040538397
1166,0.0042584095
1195,0.0040988913
1217,0.0044912055
1224,0.0040479930
1265,0.0041917251
1279,0.0052274334
1373,0.0040750367
1478,0.0041124861
1507,0.0042060594
1534,0.0056785264
1729,0.0040935803
1904,0.0043198753
1932,0.0042693657
2004,0.0044544417
2050,0.0043095696
2059,0.0044901536
2082,0.0045507614
2095,0.0064240577
2293,0.0041340643
2422,0.0040299215
2471,0.0056075405
2501,0.0047764520
2580,0.0040277976
2787,0.0040940555
2791,0.0040353148
2819,0.0044073908
2871,0.0044751231
3002,0.0047450683
3008,0.0045692462
3052,0.0051535953
3164,0.0043446058
3254,0.0043169016
3264,0.0048345448
3311,0.0040267458
3362,0.0040675144
3448,0.0042368660
3667,0.0042308537
3702,0.0041947431
3751,0.0040376516
3828,0.0041101809
3839,0.0043467252
3858,0.0041187726
4099,0.0044293904
4179,0.0043376463
4263,0.0042534384
4315,0.0040681638
4426,0.0040378534
4499,0.0040525884
4660,0.0040351795
4772,0.0040558066
4781,0.0040261261
4904,0.0040469697
4983,0.0040253619
5123,0.0040852712
5146,0.0041797996
5209,0.0040253743
5396,0.0040647226
5421,0.0040493124
5670,0.0041033508
5805,0.0041977052
5855,0.0044004704
5975,0.0040415289
5992,0.0042256078
6012,0.0045587536
6141,0.0040238218
6143,0.0043468996
6150,0.0047721662
6194,0.0043230821
6206,0.0040595259
6254,0.0045286919
6289,0.0041952644
6417,0.0054988024
6463,0.0040593862
6516,0.0040964485
6523,0.0040299231
6546,0.0041761143
6617,0.0040234055
6790,0.0040400390
6850,0.0040214328
6907,0.0040232283
6941,0.0040218995
7088,0.0040301131
7129,0.0045359799
7297,0.0042534904
7473,0.0040556064
7479,0.0040364188
7492,0.0040239205
7536,0.0040780041
7573,0.0041963141
7584,0.0045785140
7603,0.0040228581
7608,0.0040400201
7629,0.0040213879
7863,0.0040374798
8298,0.0041943243
8334,0.0040393295
8652,0.0041322608
8660,0.0041525212
8947,0.0041078583
8971,0.0040223983
9030,0.0040306795
9079,0.0040266546
9361,0.0040254853
9563,0.0040340933
9784,0.0068716868
9879,0.0042460908
9887,0.0044051597
9903,0.0040360925
200,0.0011669857
243,0.0022596620
248,0.0013511637
370,0.0030465396
374,0.0022754322
391,0.0016452819
408,0.0009550373
445,0.0013003792
450,0.0055150547
477,0.0026821130
600,0.0021629182
628,0.0011048773
654,0.0014321349
707,0.0016526961
764,0.0010252586
904,0.0009425923
982,0.0031589957
1109,0.0016254740
1361,0.0009471458
1413,0.0011614139
1468,0.0016695693
1547,0.0011536586
1651,0.0009712491
1922,0.0011477755
2096,0.0019312338
2251,0.0011570040
2289,0.0009460074
2307,0.0039649177
2442,0.0011724647
2821,0.0009718435
2902,0.0009391555
2929,0.0009260794
3096,0.0011295530
3267,0.0011560406
3639,0.0010834735
3684,0.0009430832
3908,0.0009168107
3959,0.0030006960
4083,0.0009637024
4414,0.0010298531
4547,0.0010674581
4564,0.0009802667
4585,0.0019733322
4620,0.0016525191
4756,0.0009360088
4891,0.0009203644
4898,0.0011492335
4966,0.0010166264
4984,0.0009545862
5124,0.0009170093
5711,0.0009150896
5906,0.0012590019
5963,0.0009887875
5997,0.0010375922
6184,0.0012278340
6228,0.0012583514
6485,0.0009179781
6608,0.0009223962
6824,0.0009237046
7480,0.0009168885
8008,0.0009835315
8147,0.0009168734
8278,0.0009326120
8441,0.0009300556
8484,0.0009144148
8519,0.0009814323
9413,0.0039373746
9494,0.0012920704
9642,0.0010815759
70,0.0043115756
88,0.0022276444
117,0.0069702906
171,0.0021618747
234,0.0019197587
311,0.0021835626
329,0.0016603256
401,0.0016607728
413,0.0018816495
484,0.0038098018
550,0.0020764553
559,0.0017238043
596,0.0025263808
663,0.0023953078
682,0.0018621842
783,0.0027653012
907,0.0016440161
908,0.0019807200
938,0.0018857374
969,0.0025973511
975,0.0017611782
1015,0.0019885824
1171,0.0016695255
1205,0.0017012280
1286,0.0016905247
1367,0.0022170188
1440,0.0017713428
1443,0.0019212076
1755,0.0017031981
2323,0.0016397112
2374,0.0020115159
2570,0.0022530729
2698,0.0016526360
3078,0.0019041450
3085,0.0019547896
3393,0.0016156990
3534,0.0016338301
3569,0.0019737937
3622,0.0021664112
3764,0.0017195628
3998,0.0031819128
4234,0.0016006439
4384,0.0016830320
4400,0.0024091740
4487,0.0015996889
4553,0.0023849092
4746,0.0016434048
4802,0.0015989583
4890,0.0015939413
4988,0.0016318808
4989,0.0022891208
5137,0.0015949413
5219,0.0016075690
5278,0.0022538747
5510,0.0016634772
5877,0.0015944861
5949,0.0016064360
6492,0.0016135420
6800,0.0021608561
7361,0.0017545078
7404,0.0046301152
7490,0.0026866454
7721,0.0016776173
8242,0.0016004348
8576,0.0016050695
8670,0.0017809350
8686,0.0016028755
8789,0.0016043436
8903,0.0016253979
9075,0.0022911423
9087,0.0025080937
9331,0.0015935676
9415,0.0016145184
9465,0.0017848441
9589,0.0016032866
9747,0.0016110298
9809,0.0016103903
146,0.0037111103
183,0.0027626109
184,0.0013083427
290,0.0016113644
331,0.0021422842
535,0.0011299040
634,0.0022933629
802,0.0013396215
903,0.0012333718
1016,0.0018321942
1075,0.0013097900
1152,0.0011254630
1445,0.0014541594
1521,0.0011293812
1558,0.0010949705
1602,0.0012651632
1793,0.0012652322
1824,0.0011139184
2268,0.0010987434
2327,0.0011362732
2519,0.0010687256
2567,0.0012245576
2678,0.0017036435
2775,0.0015318717
3081,0.0011661993
3289,0.0010872439
3321,0.0010727189
3519,0.0036634348
3637,0.0013493201
4057,0.0013037178
4078,0.0010813266
5184,0.0010678499
5228,0.0010923114
5450,0.0012312798
5564,0.0011967292
5578,0.0012223789
5964,0.0011236244
6158,0.0011296541
6635,0.0010665129
7940,0.0011114659
7967,0.0010714913
8300,0.0017434030
8311,0.0018690167
9742,0.0010878360
104,0.0048454680
123,0.0038717156
160,0.0040158008
259,0.0065734431
330,0.0037927837
355,0.0034064427
410,0.0055580484
435,0.0071393728
478,0.0030546058
575,0.0038006460
635,0.0035398975
713,0.0054766948
752,0.0036363155
754,0.0033633236
811,0.0033746140
856,0.0039827222
900,0.0040590151
932,0.0041918716
1130,0.0034837148
1145,0.0031250234
1188,0.0041612801
1193,0.0031477618
1219,0.0031277954
1267,0.0030578625
1276,0.0031385031
1422,0.0037728098
1510,0.0037654103
1563,0.0030475570
1641,0.0032385450
1732,0.0030534699
1847,0.0030555692
1958,0.0033578313
1989,0.0034171227
2022,0.0038452214
2025,0.0039708395
2056,0.0031076975
2312,0.0030547953
2351,0.0030505014
2410,0.0030646008
2515,0.0046245376
2640,0.0030571097
2832,0.0030395496
3048,0.0031200475
3262,0.0032432057
3275,0.0030749521
3390,0.0030885481
3399,0.0033847737
3416,0.0037074715
3710,0.0039432260
3743,0.0034616985
3800,0.0032912288
4018,0.0032427840
4182,0.0030502308
4292,0.0055669505
4399,0.0030363134
4483,0.0030347586
4490,0.0030436509
4597,0.0033076930
4661,0.0030374405
4666,0.0030591033
4671,0.0036091958
5225,0.0030376966
5269,0.0031682602
5336,0.0030521471
5394,0.0030935342
5489,0.0030453020
5641,0.0034310624
5646,0.0031949293
5764,0.0030465910
5787,0.0030820766
5879,0.0031474869
5897,0.0058915801
6742,0.0030886880
6857,0.0030935819
7046,0.0030800324
7103,0.0032028712
7235,0.0030705912
7281,0.0030635349
7425,0.0030360449
7776,0.0047816886
7835,0.0030429614
7856,0.0030358219
7862,0.0030346864
7956,0.0036756424
8142,0.0030404917
8442,0.0031529795
8536,0.0030349296
8682,0.0032349221
8924,0.0030347165
9018,0.0031637791
9070,0.0039253025
9314,0.0030386346
9661,0.0031141840
9808,0.0030543778
9845,0.0031904098
118,0.0045554748
167,0.0024965102
321,0.0022735026
385,0.0031520542
416,0.0028340266
461,0.0024834117
490,0.0020948333
566,0.0027777837
617,0.0028736578
658,0.0021008784
704,0.0018086130
711,0.0021692179
731,0.0020873457
757,0.0028537857
788,0.0019310745
790,0.0022369119
870,0.0020165208
961,0.0019404225
965,0.0021727013
1029,0.0024587541
1128,0.0022913694
1153,0.0021164331
1533,0.0018240531
1580,0.0024139733
1685,0.0018407617
1704,0.0019507552
1818,0.0017993185
1838,0.0053010089
2051,0.0021066511
2193,0.0020163615
2210,0.0021231951
2227,0.0018767530
2412,0.0020361638
2460,0.0017572459
2473,0.0020790356
2484,0.0017785190
2561,0.0023125251
2571,0.0022826615
2605,0.0023040101
2701,0.0020437874
3165,0.0019097543
3173,0.0017855665
3217,0.0017920304
3327,0.0019881615
3415,0.0019686553
3436,0.0021047208
3481,0.0026638286
3522,0.0019001406
3558,0.0017885102
3593,0.0021439548
3715,0.0019758458
3747,0.0018713330
3962,0.0018458967
4216,0.0017917380
4347,0.0025017708
4375,0.0017593683
4454,0.0026677482
4456,0.0017820111
4662,0.0017602563
4693,0.0026246370
4707,0.0018065431
4796,0.0021334239
4959,0.0023137395
5082,0.0019287569
5227,0.0017883009
5386,0.0017670962
5402,0.0023661701
5518,0.0019296439
5765,0.0017804507
5800,0.0017578449
6051,0.0018221668
6238,0.0017609675
6377,0.0022095927
6595,0.0022690042
7132,0.0022167593
7197,0.0020561115
7244,0.0019731768
7388,0.0017651368
7651,0.0020663834
7673,0.0019147797
7702,0.0024490779
7899,0.0023730855
7993,0.0017802592
8832,0.0017597953
8949,0.0017546629
9333,0.0019450357
9578,0.0017754658
133,0.0012964027
223,0.0007071134
302,0.0016830748
327,0.0016178880
389,0.0014076035
453,0.0020174726
967,0.0006912495
1313,0.0010838849
1380,0.0008446157
2326,0.0005251626
2858,0.0010315411
3699,0.0007049630
3845,0.0008043899
4227,0.0006094126
4283,0.0009352163
4461,0.0005193639
5595,0.0005334690
6505,0.0006799805
6724,0.0012233547
7143,0.0005313724
7339,0.0005130592
7352,0.0005180940
7399,0.0005122274
7667,0.0009624253
8215,0.0005439731
9069,0.0005102401
9259,0.0021023163
9679,0.0005758701
77,0.0019009214
176,0.0016076292
261,0.0010342449
277,0.0005989949
368,0.0015423039
640,0.0006280564
964,0.0006596849
978,0.0011993066
1055,0.0007387515
1223,0.0004383376
1726,0.0008482311
2371,0.0008972081
2541,0.0020285358
2977,0.0004095077
3107,0.0013643200
3160,0.0004182716
3180,0.0011913937
3296,0.0004068260
3304,0.0004303819
3333,0.0004096024
4164,0.0007717178
4299,0.0004222849
4635,0.0004116278
4685,0.0004125382
5836,0.0003924081
6278,0.0003915992
6360,0.0009117373
6425,0.0004157615
6908,0.0009814849
7534,0.0004108156
9555,0.0005408632
9907,0.0004119990
41,0.0026660724
87,0.0012778756
153,0.0016666767
162,0.0006853950
201,0.0015480759
215,0.0015543693
275,0.0011759608
412,0.0005453804
517,0.0005574104
598,0.0006978053
823,0.0003939521
851,0.0004160186
899,0.0004632434
929,0.0008375341
1132,0.0003598522
1309,0.0004378382
1727,0.0013185862
1894,0.0007439839
1944,0.0004535880
2094,0.0004215586
2237,0.0004265047
2809,0.0003534610
3257,0.0004099505
3459,0.0005012634
3819,0.0004028018
3866,0.0003424765
4374,0.0007203002
4825,0.0006933237
4875,0.0003444135
4954,0.0003518823
5089,0.0011091359
5240,0.0003992411
5679,0.0004527986
5769,0.0003407306
5801,0.0006068175
5821,0.0018303932
6741,0.0003581522
7187,0.0003430089
7481,0.0005579982
7681,0.0003546221
7800,0.0005681212
8994,0.0005755300
9006,0.0003677868
9690,0.0003612375
9988,0.0003420289
97,0.0018449168
98,0.0037172698
119,0.0028592241
129,0.0019159738
240,0.0020274936
250,0.0017220475
307,0.0040490157
314,0.0030682936
363,0.0019285514
574,0.0010474992
583,0.0016868489
615,0.0009771369
642,0.0038330525
716,0.0014843969
798,0.0011842024
890,0.0015035713
958,0.0017343814
1121,0.0016266842
1148,0.0009916704
1243,0.0026450080
1375,0.0011082847
1401,0.0012339958
1449,0.0011796129
1559,0.0013757626
1622,0.0010224292
1708,0.0015166245
1774,0.0010382316
1867,0.0009964128
2134,0.0011622036
2243,0.0015337761
2319,0.0009897140
2579,0.0011610103
2770,0.0009730181
2876,0.0014008226
2878,0.0009729663
2915,0.0012745530
2992,0.0013093238
3018,0.0009858973
3067,0.0016431530
3383,0.0010551522
3484,0.0010466396
3535,0.0010721371
3555,0.0009806569
3635,0.0012071078
3654,0.0009996986
3682,0.0012523842
4070,0.0010377220
4129,0.0010860793
4336,0.0010108878
4523,0.0011780777
4525,0.0012693166
4710,0.0011022047
4823,0.0009748618
4855,0.0012197828
4947,0.0009992247
4980,0.0010313150
5020,0.0010316829
5537,0.0009780874
5948,0.0009693442
6309,0.0013450136
6422,0.0009721426
6651,0.0010970957
7050,0.0010149469
7179,0.0009700195
7441,0.0011485892
7790,0.0009784051
7976,0.0009708546
8086,0.0011829977
8168,0.0011853889
8227,0.0014263401
8361,0.0010248680
8558,0.0011777900
8620,0.0009716431
8647,0.0013571589
8908,0.0012174496
9379,0.0009898849
78,0.0015952449
131,0.0017564315
206,0.0018054564
258,0.0018201074
443,0.0018578925
457,0.0008685626
592,0.0011018636
699,0.0028862581
793,0.0012570069
835,0.0010321711
941,0.0008183637
945,0.0014274378
1251,0.0013883359
1312,0.0008360380
1412,0.0014627738
1429,0.0008192610
1638,0.0008167670
1692,0.0013498958
1714,0.0016594154
1891,0.0010096745
2112,0.0028849199
2141,0.0011266657
2199,0.0010415496
2496,0.0009204643
2513,0.0012026302
2660,0.0009024038
3037,0.0008501134
3204,0.0023043738
3397,0.0008313901
3789,0.0013325087
3886,0.0014030996
4125,0.0008050456
4407,0.0024122109
4628,0.0018477000
4843,0.0020474148
5176,0.0008878821
5602,0.0008103481
6443,0.0008007680
6705,0.0011443429
7119,0.0008641168
7445,0.0008025907
7557,0.0008088388
7716,0.0008001269
7734,0.0008153326
7823,0.0014828433
7917,0.0008114308
7982,0.0009607406
8114,0.0008579254
8677,0.0008019017
8751,0.0011810535
9068,0.0008043975
9142,0.0008315368
49,0.0039973034
72,0.0025564147
74,0.0027082406
86,0.0036337578
150,0.0042411928
154,0.0039316443
166,0.0024419959
174,0.0030599202
188,0.0029188352
207,0.0026523728
208,0.0027106412
235,0.0030119254
256,0.0057775435
270,0.0028830742
288,0.0025405167
315,0.0023699062
372,0.0052452467
382,0.0052616758
438,0.0046901458
444,0.0021639813
458,0.0026919516
474,0.0049519773
648,0.0023513866
652,0.0024095384
685,0.0028297604
705,0.0035396287
742,0.0022169267
768,0.0027928442
773,0.0027542632
800,0.0045694817
813,0.0023425118
827,0.0021393813
895,0.0034979766
901,0.0027324148
981,0.0029723394
1076,0.0022182675
1088,0.0021903149
1123,0.0026252305
1124,0.0021136373
1160,0.0021844081
1326,0.0024602065
1344,0.0021931460
1376,0.0023447743
1415,0.0029307851
1471,0.0025362492
1523,0.0021506667
1565,0.0022666075
1613,0.0032203786
1653,0.0028266254
1741,0.0028349499
1800,0.0021238865
1877,0.0022787156
2065,0.0021204826
2071,0.0028386858
2084,0.0047087123
2129,0.0023956996
2136,0.0024554184
2357,0.0036946793
2433,0.0020975410
2688,0.0021085649
2723,0.0021172986
2736,0.0025517372
2773,0.0021003533
2777,0.0021989332
2779,0.0028008870
2930,0.0022567985
3124,0.0022285335
3142,0.0023551301
3494,0.0021054619
3527,0.0021089769
3572,0.0027195003
3683,0.0021520367
3696,0.0020952691
3930,0.0021597856
4032,0.0021457746
4192,0.0022661401
4257,0.0021201609
4370,0.0021211282
4378,0.0022686308
4526,0.0022551928
4550,0.0021385504
4568,0.0022646634
4829,0.0023671778
4870,0.0023134872
5037,0.0021143684
5111,0.0046377293
5391,0.0021049809
5395,0.0021043382
5457,0.0021029483
5659,0.0020990685
5691,0.0021134188
5856,0.0024254839
6030,0.0021149060
6207,0.0024218819
6236,0.0021412095
6282,0.0027064359
6292,0.0024692384
6423,0.0021885697
6436,0.0021300435
6534,0.0021453685
6650,0.0020960567
6779,0.0022830327
6852,0.0020947525
6953,0.0021012515
7035,0.0022437900
7043,0.0021244156
7061,0.0022416732
7121,0.0021073116
7316,0.0021020833
7614,0.0056187958
8158,0.0022620620
8164,0.0022555741
8613,0.0028533199
8661,0.0022499624
8697,0.0021572362
8726,0.0020942018
9103,0.0022400328
9152,0.0021278276
9309,0.0021081899
9495,0.0020942773
9565,0.0021075952
9593,0.0024175465
9639,0.0021194347
9660,0.0020939732
9668,0.0023591538
9723,0.0022567940
9830,0.0024408688
9927,0.0020938970
9955,0.0020958107
347,0.0032893095
403,0.0011849949
597,0.0014410593
621,0.0019181063
748,0.0007772843
880,0.0007343779
936,0.0006896831
1039,0.0015731047
2189,0.0007681898
2882,0.0006801861
2910,0.0007924027
3765,0.0007928545
3951,0.0006552716
4193,0.0005980030
4617,0.0006300066
5126,0.0006052631
5493,0.0006061003
5517,0.0008268483
5618,0.0005945406
6707,0.0006425253
6930,0.0009349564
7392,0.0006289680
7507,0.0007961067
7858,0.0005933575
8274,0.0006801075
9002,0.0008127177
9892,0.0005936367
121,0.0031114726
295,0.0032571764
297,0.0057786355
336,0.0037695970
339,0.0027908167
343,0.0027776104
434,0.0030168132
456,0.0042151172
639,0.0034177385
684,0.0027940032
794,0.0029991322
796,0.0028012699
836,0.0036465713
916,0.0035279162
939,0.0029532657
959,0.0033774616
973,0.0054306311
1023,0.0030927041
1126,0.0029523336
1174,0.0030971159
1189,0.0025921801
1256,0.0036259536
1328,0.0025626129
1436,0.0026284623
1688,0.0034841755
1854,0.0025687381
1924,0.0026980175
1938,0.0025632544
1980,0.0028570366
2068,0.0027159507
2117,0.0025860646
2290,0.0034587319
2478,0.0027171531
2481,0.0025510630
2489,0.0028422802
2590,0.0027748643
2728,0.0025736341
2753,0.0028731589
2935,0.0025610788
2942,0.0028926645
2987,0.0027949322
3236,0.0025797509
3280,0.0032907597
3523,0.0033959721
3598,0.0025735844
3628,0.0025614527
3633,0.0030357802
3685,0.0026041555
3688,0.0026503336
3776,0.0025960143
3882,0.0025769913
3967,0.0026264913
3986,0.0025590852
4051,0.0025753318
4063,0.0025628802
4187,0.0025791868
4220,0.0028520209
4246,0.0027407986
4278,0.0025903542
4551,0.0025483397
4586,0.0028682964
4760,0.0025648545
4814,0.0025550459
5050,0.0030801528
5110,0.0025522039
5140,0.0026094271
5534,0.0027006455
5640,0.0033982839
5888,0.0030589147
5890,0.0028685470
6083,0.0025537263
6223,0.0026249427
6509,0.0025483397
6692,0.0031644204
6763,0.0034670990
6848,0.0029106085
7111,0.0028649738
7177,0.0025596521
7656,0.0025483397
7774,0.0025483813
7799,0.0034911797
7904,0.0025742359
8058,0.0025575536
8130,0.0025727992
8546,0.0025699186
9115,0.0025533378
9298,0.0029467436
9436,0.0025611584
9559,0.0025489931
9916,0.0032439380
69,0.0030088853
260,0.0016827352
268,0.0036323048
298,0.0025450653
301,0.0026543841
328,0.0021835483
364,0.0018381446
377,0.0022643821
407,0.0022372691
427,0.0026728222
551,0.0025605038
591,0.0019582914
629,0.0019340856
745,0.0016706241
761,0.0024014324
797,0.0018369018
920,0.0019627560
1002,0.0018574835
1034,0.0018397877
1229,0.0016625734
1250,0.0018639035
1258,0.0016723072
1274,0.0016245120
1457,0.0020845589
1464,0.0017983371
1522,0.0016189100
1583,0.0016106070
1654,0.0017638088
1674,0.0018234330
1771,0.0018679222
1805,0.0016862834
1840,0.0018028017
1870,0.0020371690
1884,0.0016302213
1901,0.0016777761
1952,0.0016969880
1984,0.0016091626
2001,0.0017452073
2031,0.0016653429
2034,0.0020666146
2168,0.0016786387
2213,0.0030396270
2228,0.0016675888
2364,0.0016044601
2435,0.0031489465
2622,0.0018148506
2967,0.0018451445
3220,0.0018219830
3326,0.0032219192
3356,0.0024436473
4053,0.0016416892
4262,0.0018051497
4312,0.0019399512
4408,0.0017664842
4491,0.0018360824
4593,0.0016076308
4884,0.0016248327
4885,0.0016165949
4935,0.0021088193
5114,0.0016324261
5521,0.0016565401
5778,0.0016261657
5788,0.0021530910
5929,0.0017201625
5998,0.0016871082
6044,0.0015988089
6406,0.0017501466
6419,0.0016183794
6539,0.0017733858
6599,0.0016635490
6773,0.0016094274
7173,0.0016026261
7215,0.0015996905
7308,0.0019032458
7358,0.0016577153
7370,0.0044567503
7897,0.0016067193
8173,0.0018151145
8299,0.0017734838
8504,0.0015994126
8640,0.0016005555
8840,0.0017862829
9043,0.0016139081
9404,0.0016045771
110,0.0014516611
127,0.0010244909
342,0.0011565759
526,0.0012839574
534,0.0014851096
599,0.0009195601
778,0.0010830919
1009,0.0010141388
1033,0.0009375576
1142,0.0011375795
1271,0.0014915552
1325,0.0007560825
1338,0.0007553614
1611,0.0008018200
1668,0.0007951559
1690,0.0014160039
1762,0.0008337921
2333,0.0008667811
2648,0.0007434347
2653,0.0008762920
2722,0.0015813694
3025,0.0007515081
3105,0.0012318073
3689,0.0007753318
3841,0.0008231524
3997,0.0007634623
4112,0.0013447708
4168,0.0012637586
4204,0.0007464938
5191,0.0008415231
5431,0.0008100874
5739,0.0009388532
5749,0.0007553354
6048,0.0008006796
6136,0.0008268076
6652,0.0007427081
6902,0.0009029600
7272,0.0007438968
7368,0.0007508798
7724,0.0007480240
7986,0.0008625573
8502,0.0009393453
8603,0.0007435939
8864,0.0012504879
8892,0.0007461300
9151,0.0007577228
9196,0.0007431279
9241,0.0009445509
9269,0.0007427751
9394,0.0010016974
9509,0.0007556778
9875,0.0007665609
85,0.0038893221
149,0.0033766583
253,0.0036697771
265,0.0038387508
289,0.0032073530
318,0.0036655378
379,0.0033335070
431,0.0035154151
539,0.0030330267
605,0.0043689750
622,0.0035737175
646,0.0036925987
737,0.0041927897
781,0.0034987136
817,0.0029170712
848,0.0037727629
863,0.0029221552
902,0.0040000969
1059,0.0028967671
1115,0.0031460507
1228,0.0028743112
1287,0.0029571454
1402,0.0029452124
1452,0.0031716267
1458,0.0028957473
1488,0.0030350638
1569,0.0029831370
1823,0.0035753350
1828,0.0034915488
1845,0.0029044840
2012,0.0033710926
2040,0.0034164896
2127,0.0028914752
2135,0.0028782044
2143,0.0028985883
2198,0.0029703079
2375,0.0034544157
2458,0.0029868589
2527,0.0030264943
2665,0.0033624758
2705,0.0028727683
2800,0.0028742333
2864,0.0041669221
2963,0.0034247657
3026,0.0028757354
3063,0.0029429634
3208,0.0030550985
3222,0.0031516127
3230,0.0029483237
3278,0.0035691006
3476,0.0033896306
3488,0.0029765909
3525,0.0041527205
3641,0.0028878285
3672,0.0028710187
3697,0.0028721232
3714,0.0035149760
3724,0.0028813394
3862,0.0028777310
3873,0.0030838909
3905,0.0030794715
4133,0.0028906835
4200,0.0030501079
4201,0.0029438489
4419,0.0029029534
4431,0.0028740050
4566,0.0030318498
4611,0.0029021178
4818,0.0028817925
4960,0.0030301344
5010,0.0028995262
5135,0.0030195994
5256,0.0029110992
5325,0.0032457457
5430,0.0032964286
5554,0.0028710219
5620,0.0028979381
5623,0.0029809415
5690,0.0028936739
5908,0.0031739070
5917,0.0030555274
5928,0.0028889233
5934,0.0029324044
5937,0.0028782826
6058,0.0033979245
6069,0.0029616318
6156,0.0029136092
6178,0.0028747683
6257,0.0032087561
6544,0.0028833209
6630,0.0029253293
6666,0.0028734649
6703,0.0028936849
6722,0.0035509302
6901,0.0028745822
7030,0.0028705552
7093,0.0028745908
7164,0.0029077661
7291,0.0028706166
7523,0.0029621259
7593,0.0028797821
7601,0.0029431257
7674,0.0029137735
7686,0.0035019204
7745,0.0029670211
7814,0.0028808941
7841,0.0028911572
7911,0.0028954440
7928,0.0028821682
7964,0.0028772976
8183,0.0031424381
8264,0.0038751884
8363,0.0033949883
8595,0.0028865402
8676,0.0028710961
8809,0.0032694870
8958,0.0030171655
8998,0.0028711594
9076,0.0028714944
9083,0.0028707794
9188,0.0030206449
9243,0.0029801988
9251,0.0028754326
9441,0.0028709992
9446,0.0028885597
9739,0.0030260803
9965,0.0028718737
1080,0.0004158605
2803,0.0006414308
3219,0.0003188954
3720,0.0005060836
3731,0.0003034554
4697,0.0003052398
5304,0.0003059496
6148,0.0005263820
6344,0.0003478806
6375,0.0003160466
6993,0.0003515666
7330,0.0005128802
8095,0.0008687605
8739,0.0003070964
9299,0.0007427727
9562,0.0004440678
9906,0.0003058308
48,0.0029645362
191,0.0026076133
319,0.0009727215
354,0.0013578281
487,0.0021127946
542,0.0013829407
582,0.0013805073
601,0.0014644709
643,0.0014260985
879,0.0008980163
1038,0.0008640488
1281,0.0009286981
1299,0.0009676898
1304,0.0017596253
1420,0.0009725787
1921,0.0011902599
1925,0.0008182929
2190,0.0008533548
2258,0.0008148963
2310,0.0008171080
2322,0.0008124607
2668,0.0008702182
3181,0.0009685332
3331,0.0008048699
3402,0.0013052557
3405,0.0010862896
3419,0.0008142650
3726,0.0008278408
3942,0.0008981279
4481,0.0008082327
4510,0.0008107801
4698,0.0011601463
4777,0.0010580167
4948,0.0012599530
5306,0.0012460687
5751,0.0008183252
6129,0.0008017462
6604,0.0008270851
6738,0.0008702914
6960,0.0008113265
7073,0.0015492394
7106,0.0008147105
7221,0.0008038768
7465,0.0009862563
7520,0.0008233916
8297,0.0013346795
8890,0.0008492513
8955,0.0008048432
8993,0.0008180717
9207,0.0015115894
9261,0.0008055292
9794,0.0008072321
9822,0.0008026296
9870,0.0008094881
9995,0.0008016739
226,0.0012907138
249,0.0012890547
334,0.0010801672
690,0.0008307053
840,0.0010810729
942,0.0018775932
956,0.0016463731
1119,0.0006685335
1255,0.0008325790
1400,0.0007087949
1462,0.0008261251
1993,0.0011630266
2119,0.0006594715
2459,0.0006907388
2788,0.0007374416
3603,0.0006514974
3632,0.0011145482
3954,0.0008553272
4035,0.0006719912
4879,0.0006523205
5154,0.0006583755
5400,0.0006599077
5755,0.0006556478
5947,0.0007108132
6101,0.0006788450
6520,0.0018878826
6572,0.0006795892
7018,0.0011824022
7213,0.0008201638
7660,0.0010865618
7873,0.0008190179
8602,0.0006910927
8722,0.0006655865
9306,0.0006533025
9420,0.0006524023
9834,0.0009385312
9918,0.0007330114
441,0.0004730967
602,0.0004150814
664,0.0005536305
1496,0.0005626481
2088,0.0004944699
2184,0.0015987861
2208,0.0008205225
2536,0.0005053555
2772,0.0004452272
3128,0.0008140394
3138,0.0008822492
3190,0.0003500094
3308,0.0005416472
3427,0.0003696055
3432,0.0009069469
3474,0.0010227009
3539,0.0003922700
3636,0.0005023693
3659,0.0003503158
4104,0.0004155746
5413,0.0009965884
5556,0.0003859460
5915,0.0003472076
6853,0.0003649736
7158,0.0003726472
7663,0.0003561435
7682,0.0005395101
7762,0.0003585296
7970,0.0004614869
9335,0.0003511317
852,0.0004420788
1560,0.0003648445
1804,0.0008718243
1927,0.0002704453
3091,0.0002504837
4024,0.0003087898
4029,0.0002427423
4048,0.0004056512
5639,0.0002436006
5663,0.0004331629
5676,0.0002480023
5683,0.0003284456
5771,0.0002441434
5927,0.0002587078
6105,0.0004102899
6211,0.0005924598
6795,0.0002549412
7083,0.0002431522
7433,0.0002524029
7705,0.0004067764
9231,0.0006220604
142,0.0011071285
143,0.0010497980
725,0.0003929401
736,0.0004562221
765,0.0004825428
993,0.0016414756
1070,0.0019047003
1410,0.0006679461
1700,0.0003665173
1775,0.0004807847
1858,0.0004858466
2165,0.0005988858
2264,0.0007676773
4545,0.0005899455
4655,0.0015575714
4845,0.0003466857
4968,0.0004737530
5371,0.0003181117
5475,0.0003092998
5636,0.0005376255
6018,0.0005686130
6085,0.0003102649
6351,0.0011242720
6499,0.0002925041
6568,0.0004850083
7408,0.0004074177
8331,0.0002794567
8635,0.0003345968
9146,0.0006055108
9192,0.0004400476
9628,0.0003346392
9631,0.0002835525
9649,0.0002799427
9735,0.0002823518
254,0.0008538428
608,0.0007186553
2847,0.0002361777
135,0.0025292514
499,0.0013453983
872,0.0010470051
919,0.0008496631
1582,0.0015475412
1711,0.0006790132
2778,0.0013570316
2845,0.0012571579
2908,0.0016800414
3357,0.0008007550
4451,0.0008041987
4474,0.0006429680
4645,0.0006870741
4791,0.0010091024
4859,0.0007330036
5742,0.0006560823
6264,0.0006435243
6767,0.0006597996
7012,0.0006427741
7617,0.0006456355
8216,0.0012528748
8288,0.0006537314
8381,0.0006513975
8610,0.0006938542
8996,0.0006410853
9007,0.0008676015
9406,0.0007935401
116,0.0016983554
271,0.0019966470
325,0.0011778069
471,0.0023835742
702,0.0011688459
720,0.0010543012
1031,0.0010382709
1066,0.0015731727
1090,0.0025495660
1150,0.0011741672
1216,0.0024986085
1294,0.0010648539
1310,0.0011247146
1317,0.0011358089
1590,0.0011896934
1770,0.0010790755
1946,0.0011130493
2066,0.0012406121
2346,0.0014071845
2529,0.0010180626
2556,0.0013454294
2661,0.0012366126
2946,0.0010217198
3110,0.0010625188
3123,0.0010289827
3742,0.0010194858
4683,0.0010335181
4786,0.0010369432
4909,0.0014054165
5192,0.0010137833
5445,0.0010135529
5628,0.0015660176
5630,0.0010382240
6031,0.0010112871
6404,0.0010120593
7216,0.0010153271
7586,0.0010116114
7642,0.0010530629
7720,0.0010108186
7750,0.0010133464
7973,0.0010448475
8000,0.0010298031
8118,0.0012978395
8662,0.0012557410
9098,0.0015552231
9237,0.0010130842
9511,0.0010106815
9523,0.0015517963
9799,0.0010128805
9847,0.0010790053
241,0.0021854297
352,0.0012145746
381,0.0009004414
433,0.0007235871
469,0.0006117518
667,0.0013294356
1086,0.0007575742
1358,0.0005934520
1813,0.0005907118
1874,0.0011258482
1933,0.0006398623
3022,0.0009628501
3249,0.0006303344
3738,0.0005812353
3914,0.0005937956
4740,0.0006670752
4874,0.0007526442
5642,0.0005952602
6098,0.0011188995
6261,0.0007146215
6312,0.0005746770
7067,0.0007364721
7137,0.0005866808
7241,0.0005801704
7452,0.0005798325
7613,0.0005818477
7621,0.0005971966
8833,0.0010156502
9246,0.0005748195
9304,0.0007743758
9350,0.0007436050
245,0.0022099292
489,0.0009698987
1329,0.0001357674
2439,0.0004856556
5370,0.0000243115
5460,0.0000410950
9121,0.0005815104
9311,0.0002776579
165,0.0024595356
228,0.0024744310
320,0.0021328807
341,0.0019706753
365,0.0015353354
384,0.0019163471
406,0.0020370817
593,0.0015722270
674,0.0015890746
735,0.0013738029
878,0.0013973013
889,0.0014912911
924,0.0019187169
1027,0.0019433838
1057,0.0021093512
1067,0.0013516703
1163,0.0015965216
1208,0.0013622306
1290,0.0017274315
1319,0.0017943430
1448,0.0013586184
1715,0.0013444713
1806,0.0018993906
1967,0.0020839860
2114,0.0013701852
2300,0.0013953243
2707,0.0022175720
2805,0.0013768376
2958,0.0022467124
2964,0.0014135947
3316,0.0013792128
3394,0.0013656126
3403,0.0021799330
3556,0.0016383882
3601,0.0013682442
3928,0.0013351467
4323,0.0015385124
4636,0.0013536607
4831,0.0013947691
4861,0.0013680171
4982,0.0014273337
5142,0.0013419981
5543,0.0014100177
5756,0.0013338986
5854,0.0014967046
5892,0.0013420053
6027,0.0025462552
6527,0.0014231772
6577,0.0018553294
6688,0.0013632909
6958,0.0013981334
7023,0.0013924452
7038,0.0013676059
7223,0.0013421549
7596,0.0014871727
8276,0.0013322561
9185,0.0013397476
9471,0.0013380005
9698,0.0024472870
9717,0.0013722409
400,0.0013872060
706,0.0011834488
893,0.0009477634
953,0.0009615347
1253,0.0013041081
1460,0.0018283510
1562,0.0015465639
1757,0.0012361264
2098,0.0012553571
2610,0.0011723602
3154,0.0009282716
3371,0.0010757406
3379,0.0013023932
3705,0.0010038240
4062,0.0013407404
4163,0.0010007805
4218,0.0010236552
4281,0.0009401032
4541,0.0009196791
4725,0.0009361973
4956,0.0011409812
5006,0.0009407470
5145,0.0009289530
5305,0.0009762232
5462,0.0010897908
5506,0.0009229846
6389,0.0009848222
6550,0.0009411234
7053,0.0009173628
7091,0.0010500161
7403,0.0009180281
7930,0.0010920411
7977,0.0009184936
8287,0.0012263832
8415,0.0009850187
9448,0.0010945446
293,0.0003732088
524,0.0006874409
1100,0.0008061269
1108,0.0003676621
1151,0.0007782879
1850,0.0007019369
1914,0.0002931616
1929,0.0003122879
2054,0.0003344236
2315,0.0002936673
3762,0.0003339248
4081,0.0005257002
5333,0.0006859020
5637,0.0003475589
6542,0.0003074487
7290,0.0002845566
7712,0.0005114348
7963,0.0002846465
338,0.0002881619
523,0.0004992083
1131,0.0007423013
1301,0.0009208206
3058,0.0006882229
3507,0.0001654385
4069,0.0000341003
5038,0.0000455285
204,0.0016213335
276,0.0006937105
1237,0.0006118086
1239,0.0011798979
1698,0.0004944022
1730,0.0009423861
1943,0.0017133496
1959,0.0011344188
1997,0.0005919320
2794,0.0006478228
3668,0.0008716223
4272,0.0007495601
5440,0.0005487997
6010,0.0005543563
6055,0.0004683051
6349,0.0004671326
8438,0.0004642460
8553,0.0004641761
9359,0.0004832231
273,0.0012058995
703,0.0006039636
708,0.0012774937
963,0.0012493670
986,0.0006398138
1004,0.0005429854
1509,0.0010682775
1767,0.0007001457
2842,0.0005547687
3691,0.0006050801
3770,0.0005833536
4042,0.0005555016
4503,0.0007136571
4531,0.0005399956
4769,0.0010866413
4957,0.0005400451
5881,0.0006993289
6068,0.0005399085
6448,0.0005836283
6461,0.0010788266
6655,0.0007211247
7266,0.0007063825
7301,0.0005458049
7731,0.0012689273
7761,0.0006431075
8202,0.0005394056
8255,0.0012273284
9303,0.0006292447
9911,0.0005810850
308,0.0018393653
353,0.0003987582
421,0.0006221838
630,0.0005265205
670,0.0006530462
689,0.0004740716
1143,0.0009040874
1935,0.0003450015
2076,0.0007568426
2183,0.0003750535
2453,0.0008385754
3182,0.0004989464
3286,0.0003396933
4340,0.0004772386
5046,0.0008714238
5978,0.0003380871
6112,0.0004569569
6745,0.0005001016
6932,0.0006550268
6985,0.0004771381
7205,0.0003291234
7335,0.0003298798
7589,0.0003816772
8098,0.0003430880
8855,0.0003224369
9101,0.0005434974
179,0.0012137828
237,0.0008798843
284,0.0009621497
500,0.0012601689
791,0.0004291882
1333,0.0018173554
1661,0.0004136739
1784,0.0004317480
2023,0.0014478950
2045,0.0006368445
2255,0.0004200319
2455,0.0005684261
2469,0.0004448058
2507,0.0007039722
3035,0.0004164305
3319,0.0004144350
3561,0.0019790530
3621,0.0006947422
4599,0.0004366856
4731,0.0004259676
5526,0.0005672824
6813,0.0004173744
7048,0.0004646488
7429,0.0005478766
7839,0.0004136745
8030,0.0004062920
8195,0.0008652146
8567,0.0004305161
9025,0.0004237978
157,0.0008774387
404,0.0010633544
426,0.0009295229
681,0.0006579217
770,0.0013873426
782,0.0005372064
1044,0.0004444600
1054,0.0009584884
1280,0.0005697969
1370,0.0004125972
1976,0.0006563971
2111,0.0003655937
2144,0.0003361851
2223,0.0003277606
2539,0.0003474371
2552,0.0004977430
2790,0.0007496080
2863,0.0007438943
3036,0.0003326156
3244,0.0003484825
3721,0.0003583825
3996,0.0004271110
5106,0.0003355052
5108,0.0004877232
5424,0.0003726165
5730,0.0003384915
6259,0.0003650996
6369,0.0003310591
6493,0.0006123460
6497,0.0003869136
7022,0.0005181586
7201,0.0003336792
7219,0.0003292791
8378,0.0003297964
8538,0.0003297314
9163,0.0018291775
9239,0.0003282689
9419,0.0004752818
9516,0.0003974604
9612,0.0004410528
9838,0.0005485626
9968,0.0003453137
987,0.0009774586
1120,0.0015055837
1363,0.0010256271
1434,0.0012937576
1456,0.0010754255
1765,0.0009560805
2033,0.0010906734
2248,0.0014822409
2953,0.0009556243
3270,0.0009398119
4080,0.0010007893
5005,0.0014243255
5390,0.0012510175
5823,0.0009338049
5946,0.0009882011
8214,0.0009220273
9432,0.0009093784
1487,0.0000684415
5794,0.0000248340
6974,0.0000451425
7524,0.0004209211
7659,0.0000210042
7987,0.0000205351
102,0.0018001911
915,0.0008919901
1206,0.0008905727
1934,0.0009161322
2073,0.0008857040
2097,0.0009315759
2286,0.0010994145
2358,0.0008631593
2588,0.0008608984
2641,0.0010342903
2699,0.0010064765
2801,0.0009234603
2816,0.0010133572
3170,0.0012419064
3367,0.0016424306
3370,0.0010266297
3597,0.0010745998
3624,0.0009417630
4274,0.0008500595
4382,0.0008534587
4438,0.0015520191
4721,0.0009063792
4901,0.0008534028
5017,0.0011620391
5197,0.0008526319
5290,0.0008567032
5328,0.0008528712
6115,0.0010014575
6347,0.0014041050
6699,0.0009073594
7120,0.0008503458
8004,0.0009386031
8071,0.0010293944
9226,0.0010466737
9230,0.0010531825
9291,0.0009069672
9539,0.0009843297
9783,0.0008483607
9853,0.0008614252
91,0.0011978705
137,0.0007887423
734,0.0004276450
1056,0.0002098282
1288,0.0003763972
3082,0.0004331781
3461,0.0001996729
3663,0.0002282727
3921,0.0005367315
5052,0.0003687187
5741,0.0001858032
6865,0.0002598123
7397,0.0001857961
7775,0.0003480921
8016,0.0001858155
8187,0.0002554146
8292,0.0003428941
8708,0.0004034939
9294,0.0002043250
9695,0.0002187268
357,0.0002925541
367,0.0003246090
1177,0.0002172515
1899,0.0000353452
3340,0.0005500833
3965,0.0000313521
4142,0.0004154024
5720,0.0005369897
6596,0.0000432156
9939,0.0000318715
177,0.0003900590
333,0.0008831652
439,0.0011043781
485,0.0012114014
514,0.0005430080
1018,0.0006257270
1137,0.0003762732
1827,0.0003339120
2123,0.0003549075
2595,0.0002888766
2667,0.0005158215
2972,0.0003488364
3033,0.0002886963
3062,0.0002139946
3117,0.0001853932
3616,0.0001906516
5045,0.0001819429
5327,0.0001916878
5426,0.0005053765
5497,0.0007873845
6005,0.0001916309
6036,0.0001971657
6540,0.0005598240
6863,0.0001840402
7506,0.0003862291
8459,0.0001828023
8678,0.0002522731
203,0.0019508380
1097,0.0014203545
1289,0.0014469291
1435,0.0011061734
1541,0.0014924955
1579,0.0007795597
2232,0.0012396544
2284,0.0011117836
2392,0.0011599121
2508,0.0013916146
3550,0.0007421700
3559,0.0012800691
3677,0.0012611201
3777,0.0010449817
3802,0.0007828531
3985,0.0010768385
4595,0.0008252592
5591,0.0013557116
6004,0.0008418830
6237,0.0009354191
7307,0.0007416053
7439,0.0007387508
7546,0.0007905984
8574,0.0009191890
9831,0.0007383946
9985,0.0007459212
132,0.0012605473
180,0.0011216932
242,0.0004277249
525,0.0013708399
728,0.0004642538
775,0.0005128229
1045,0.0005951407
1087,0.0004177616
1102,0.0004317234
1212,0.0008098593
1341,0.0010003890
1503,0.0008585952
1953,0.0010874708
2013,0.0006063283
2427,0.0010052054
2726,0.0004042000
2893,0.0004322711
4049,0.0005808372
4494,0.0004429246
4556,0.0004618768
4691,0.0004273173
4762,0.0004065871
4958,0.0005595392
5092,0.0006258299
5148,0.0005181480
5230,0.0005798213
5382,0.0012931157
5668,0.0014502064
6466,0.0004936990
6669,0.0004087296
6789,0.0006618984
7294,0.0016459563
7594,0.0004472148
7852,0.0004371501
8179,0.0004169297
9114,0.0003929082
9363,0.0003956395
9932,0.0003918968
356,0.0006175575
467,0.0012845162
1017,0.0005259342
1154,0.0018562264
1182,0.0007045502
1520,0.0007884516
2058,0.0005305342
2226,0.0010293501
2386,0.0012253773
2615,0.0012067248
2870,0.0010671027
4095,0.0007849221
4128,0.0005397082
4444,0.0006789548
4741,0.0005471189
8079,0.0005219623
8650,0.0005375822
8882,0.0005237688
9571,0.0005281561
9579,0.0009574110
9793,0.0011463373
344,0.0004218739
465,0.0004651575
586,0.0008005082
859,0.0009458754
1001,0.0008344833
1543,0.0003457223
1743,0.0004311517
2138,0.0004433970
2285,0.0005095612
4219,0.0003437905
4581,0.0013846222
4730,0.0005222907
5555,0.0003280518
6840,0.0005369837
6933,0.0004277706
7623,0.0005621555
7876,0.0004949218
415,0.0005039883
786,0.0004631936
1493,0.0004009499
1548,0.0005469286
1618,0.0004283163
3438,0.0004469099
3591,0.0003831051
3704,0.0004783230
3991,0.0004607637
4648,0.0004730225
5835,0.0003814855
6009,0.0005399312
6186,0.0003851184
6407,0.0004359073
6634,0.0005418728
6636,0.0003816937
7469,0.0005478805
8520,0.0003873062
9134,0.0004010757
9981,0.0003831531
545,0.0005725310
613,0.0015420912
934,0.0009836836
1352,0.0006091532
1629,0.0001803762
1831,0.0003673948
1879,0.0004197952
2179,0.0002098525
2434,0.0003563953
2582,0.0002106047
2719,0.0008283418
2789,0.0002111518
2848,0.0005343049
3310,0.0002172303
3707,0.0001873101
4046,0.0006393091
4126,0.0005604936
4266,0.0005657040
4388,0.0002000537
4618,0.0001902929
4792,0.0003119147
4877,0.0002428312
5520,0.0005348374
5651,0.0001670759
5654,0.0003473666
6364,0.0001765798
6486,0.0002425597
6533,0.0001792128
6694,0.0003346330
6780,0.0006953384
7206,0.0003383992
8139,0.0005416701
8496,0.0003983695
8711,0.0002411054
9073,0.0003476035
9210,0.0001702144
540,0.0017094669
724,0.0009348571
818,0.0009627367
862,0.0013232600
2301,0.0009918561
2656,0.0009553865
2979,0.0010182973
2993,0.0009278309
3656,0.0023212221
4004,0.0013684911
5538,0.0008479395
5622,0.0008485437
5844,0.0008555714
5958,0.0009389231
6927,0.0008358525
6986,0.0010332157
7282,0.0008646632
7487,0.0010061817
8036,0.0008367681
8741,0.0008517854
8763,0.0008444663
8819,0.0008570791
6674,0.0004811756
269,0.0010084142
462,0.0008913401
488,0.0007203787
558,0.0013004845
612,0.0009715186
869,0.0010553171
1092,0.0007473590
1442,0.0012459169
1545,0.0007634398
1640,0.0022188777
1677,0.0009364344
1829,0.0007261759
1903,0.0008298198
1939,0.0008086395
2027,0.0011861912
2064,0.0007106983
2137,0.0010717128
2383,0.0007078948
2506,0.0014265045
2535,0.0008971503
3136,0.0007140060
3252,0.0007881876
3255,0.0012570920
3350,0.0009063149
4800,0.0006985113
4906,0.0012317301
5378,0.0007006900
5684,0.0007008161
6435,0.0007403488
6576,0.0007569020
7015,0.0010580686
7233,0.0009300802
7732,0.0009224631
7937,0.0007225596
8067,0.0010342374
8119,0.0006997918
8493,0.0007670647
9036,0.0008668733
9181,0.0007105472
9198,0.0008512632
9205,0.0006985113
9707,0.0008805536
9869,0.0007024365
527,0.0009349066
679,0.0009825053
741,0.0011812549
854,0.0006949150
1071,0.0008620304
1479,0.0007107874
1491,0.0006882399
1584,0.0008483415
1606,0.0008882984
1630,0.0008389461
1738,0.0010513824
1756,0.0010961703
1849,0.0009387370
2197,0.0007051437
2294,0.0009171723
2362,0.0006948451
2387,0.0008830601
2673,0.0007485497
2752,0.0007188602
3038,0.0008335104
3147,0.0011667044
3241,0.0008193732
3583,0.0007566758
3778,0.0007061311
3783,0.0009961902
3822,0.0006882053
3827,0.0006971046
3966,0.0006790384
4265,0.0007258323
4485,0.0010010469
4528,0.0012406988
4701,0.0006774830
4761,0.0006851303
4866,0.0007033577
5215,0.0007362329
5296,0.0010531156
5632,0.0006899538
5833,0.0009050878
5863,0.0008751044
5922,0.0013953230
6378,0.0008342977
6537,0.0012528992
6996,0.0006827468
7234,0.0006808725
7236,0.0006970941
7288,0.0006800932
7475,0.0006958576
7515,0.0006830425
8887,0.0007017731
9082,0.0007642748
9300,0.0006769735
9515,0.0006805250
9970,0.0006784645
609,0.0004857360
833,0.0004567599
1599,0.0000369730
1608,0.0002411708
5271,0.0000426675
7547,0.0001791344
8041,0.0000132854
1207,0.0004338981
1531,0.0003490269
1643,0.0008681326
1856,0.0005051850
1908,0.0003239890
2493,0.0016407849
2655,0.0003679403
3358,0.0007077242
4071,0.0002532549
4812,0.0006301634
5170,0.0004047064
5449,0.0002793213
6710,0.0002496916
6966,0.0008509577
9356,0.0004710649
503,0.0007138999
957,0.0005121384
1392,0.0006160167
1403,0.0010835642
1889,0.0003108558
2934,0.0002010520
3000,0.0002771150
3698,0.0005226048
3703,0.0003862471
5451,0.0002156915
5994,0.0003720797
6029,0.0002308813
6559,0.0002032042
6890,0.0002237104
8562,0.0002720324
8773,0.0002023247
873,0.0003692903
989,0.0005974547
1025,0.0003600323
1345,0.0003250910
3606,0.0003545841
3847,0.0004795729
4177,0.0005373512
4195,0.0003811965
4314,0.0008740668
4838,0.0005927430
5292,0.0006962129
5898,0.0003381886
6222,0.0004968433
6243,0.0004997164
6331,0.0003262634
7199,0.0003257032
784,0.0005392424
1061,0.0006614821
1107,0.0015836170
1232,0.0012185087
1514,0.0006526613
1691,0.0008847163
2053,0.0009583784
2057,0.0005984378
2200,0.0005177193
2214,0.0008628161
2444,0.0009287446
2483,0.0006374133
2488,0.0005407944
2500,0.0005368583
3094,0.0005466887
3599,0.0005644662
3658,0.0006060266
3662,0.0014497523
3876,0.0008328478
3880,0.0005199710
3950,0.0006699727
4357,0.0005283057
4780,0.0005584487
4961,0.0005292155
5057,0.0005083391
5979,0.0005301760
6429,0.0005186480
7161,0.0007747777
7592,0.0010756358
8038,0.0005334462
8193,0.0005303118
8231,0.0005073752
9288,0.0005076813
332,0.0006189443
553,0.0011265106
1094,0.0006964430
1781,0.0007052598
2162,0.0005207268
2212,0.0005288499
2537,0.0005986819
2625,0.0005899605
2683,0.0005385234
2860,0.0007231101
2973,0.0005261948
2982,0.0005659650
3024,0.0008802574
3902,0.0005762259
4088,0.0005263475
4153,0.0006054920
4181,0.0005245320
4286,0.0008001585
4583,0.0005214955
4629,0.0008250110
4918,0.0011100835
5016,0.0005420580
5101,0.0005219172
5151,0.0008835961
5307,0.0005238113
5349,0.0007598702
5853,0.0007549820
6165,0.0005893957
6700,0.0005881645
6786,0.0005199743
6836,0.0005187554
7182,0.0005242791
7391,0.0005403420
8129,0.0008171079
8237,0.0005285503
8319,0.0005212846
9431,0.0005568247
9477,0.0005346536
9858,0.0005249253
9926,0.0006801090
360,0.0003981119
2820,0.0013404977
3040,0.0001806088
3114,0.0003856170
6434,0.0000848790
6948,0.0000853517
8310,0.0007922702
8364,0.0001860669
9427,0.0000856703
578,0.0012069599
641,0.0007937721
2335,0.0008644197
2464,0.0007606412
2589,0.0008164508
2638,0.0009055043
2780,0.0008573938
2899,0.0020837341
3473,0.0010323462
3570,0.0006690395
3896,0.0006533753
4296,0.0012786347
4298,0.0006849505
4787,0.0006551598
5195,0.0007410537
7820,0.0008470203
7962,0.0006525765
8063,0.0006507207
8137,0.0006836469
8370,0.0008130750
9447,0.0006498957
9486,0.0006497247
9807,0.0006923652
9821,0.0006905285
310,0.0006890340
424,0.0002484880
511,0.0005291466
552,0.0006537531
638,0.0015320116
718,0.0006777217
739,0.0005030916
1019,0.0003372512
1233,0.0002742579
2115,0.0004503969
2118,0.0003997110
2514,0.0008303052
3118,0.0004672102
3439,0.0002384356
3644,0.0008599687
4025,0.0003435153
4294,0.0002517827
4554,0.0002490161
4776,0.0002617794
6350,0.0002436941
6660,0.0004209378
6950,0.0003999645
7200,0.0004194110
8059,0.0003375964
9327,0.0003961765
9470,0.0003881758
9613,0.0002469986
178,0.0017941216
481,0.0009144186
815,0.0007587104
875,0.0006072815
949,0.0015949857
998,0.0007337895
1052,0.0008082308
1214,0.0007295696
1221,0.0008213981
1242,0.0008699536
1396,0.0007915110
1656,0.0008561736
1750,0.0007607764
1782,0.0008705038
1851,0.0005920387
1871,0.0006024003
2810,0.0010172260
2875,0.0006568402
3298,0.0006041952
3540,0.0006408644
4240,0.0006293992
4527,0.0005626684
4659,0.0008706277
4841,0.0005579783
5248,0.0008228234
5311,0.0007191153
5408,0.0007265945
5435,0.0006928950
6631,0.0022458973
6701,0.0007654198
6756,0.0006087218
7168,0.0005757070
7226,0.0005763207
7503,0.0006891132
7646,0.0005519275
7709,0.0005567393
8257,0.0008512634
8485,0.0007085655
8771,0.0007182709
8799,0.0005516578
8810,0.0006510183
8935,0.0005522578
9391,0.0010828051
9969,0.0005916675
1072,0.0006543577
1077,0.0004431292
1259,0.0004568592
1636,0.0006221503
1942,0.0009409525
2329,0.0004250142
2370,0.0009433345
2446,0.0004308735
2564,0.0006368610
2623,0.0007393831
2924,0.0005765656
3184,0.0004153931
3411,0.0004431802
3620,0.0016350513
3808,0.0010957397
5673,0.0005906725
5969,0.0012935071
6393,0.0004132629
7009,0.0004365412
7146,0.0004120902
8765,0.0004791874
8931,0.0004124342
9325,0.0005867808
887,0.0001263952
2543,0.0000674137
2879,0.0004624820
2888,0.0004695248
3395,0.0000774690
3940,0.0001630127
4150,0.0000345365
4572,0.0001062716
6253,0.0000162055
7871,0.0000259611
7903,0.0000815145
9819,0.0000155510
361,0.0006059977
388,0.0004157548
709,0.0003817823
1173,0.0005415583
1284,0.0001845634
1336,0.0001964603
2781,0.0003964033
3413,0.0001601351
3568,0.0007071706
3957,0.0003128550
5480,0.0001688731
6626,0.0001632183
7311,0.0001504027
650,0.0010239578
743,0.0005093330
960,0.0013913513
1681,0.0004851362
1815,0.0006848711
1977,0.0005195952
2495,0.0019840020
3579,0.0004676082
3687,0.0004918170
4394,0.0004990820
5466,0.0006107306
6124,0.0004607484
6629,0.0005507105
7772,0.0006166407
7872,0.0005892536
8115,0.0005047187
230,0.0018395210
676,0.0011426896
1014,0.0007664013
1227,0.0006407243
1372,0.0005742231
1451,0.0009413595
1669,0.0007097208
1679,0.0009520027
1682,0.0005739368
2325,0.0007326375
2401,0.0006157335
3076,0.0008884256
3426,0.0008036267
3429,0.0007665510
3475,0.0005538242
3785,0.0006154849
3885,0.0007666240
4520,0.0007125918
4717,0.0006251352
4865,0.0007274177
5149,0.0005998407
5152,0.0007569084
5723,0.0005865398
6240,0.0005688346
6609,0.0014276395
6905,0.0005536224
7154,0.0006109025
7829,0.0005564612
7837,0.0006044861
7954,0.0005597209
7998,0.0007531160
8049,0.0005551919
8783,0.0005636333
211,0.0017056234
263,0.0010655213
440,0.0009909156
446,0.0009914246
678,0.0020301457
1084,0.0005730423
1098,0.0010168614
1264,0.0007168268
1389,0.0007226377
1469,0.0008027040
1940,0.0011466586
2130,0.0007240393
3028,0.0007338041
3417,0.0005442258
3445,0.0005605631
3812,0.0007183529
3838,0.0005875467
3850,0.0006015191
4105,0.0005516147
4539,0.0005388946
4995,0.0005763762
5468,0.0006938052
5647,0.0009596609
5704,0.0007645820
6172,0.0014336756
6341,0.0005391381
6456,0.0007541546
6560,0.0005493072
6581,0.0008798179
6591,0.0010932614
8146,0.0005386962
8359,0.0005479967
9169,0.0005921442
9752,0.0007215421
9790,0.0006167913
529,0.0004628508
911,0.0004073080
943,0.0003572332
1911,0.0001943760
1995,0.0003325582
2131,0.0006979695
3098,0.0004344392
3285,0.0002543818
3498,0.0002015975
4285,0.0003798418
4327,0.0002222776
4641,0.0008682188
4705,0.0002532136
4832,0.0002033649
5103,0.0001660567
5143,0.0001992243
5541,0.0001884772
5708,0.0002596076
6357,0.0002560754
6959,0.0013719291
7033,0.0001655819
9034,0.0001693841
506,0.0011036824
772,0.0009949021
885,0.0004035096
935,0.0004120291
1062,0.0003536268
1165,0.0003508767
1211,0.0003636705
1983,0.0005430755
2320,0.0007098196
3016,0.0005368936
3075,0.0003278360
3709,0.0003137157
3711,0.0014757906
3918,0.0003188196
4002,0.0004829970
4237,0.0003590795
4826,0.0003612580
5865,0.0007461005
6263,0.0003809562
6479,0.0003156623
6623,0.0003724218
6625,0.0003152872
6769,0.0003159341
7005,0.0004204524
7292,0.0003273692
7328,0.0003226599
7509,0.0003337323
7612,0.0003200554
7791,0.0003238176
8043,0.0003223320
8136,0.0006513902
8531,0.0003156176
9925,0.0003202665
9972,0.0003177997
1716,0.0006894073
1926,0.0005185435
2261,0.0004635654
2345,0.0005500304
3010,0.0005881824
3087,0.0009103909
3226,0.0008999838
3472,0.0019351913
3706,0.0004631820
5087,0.0004695596
5914,0.0006208646
6541,0.0004557262
7044,0.0004444691
8792,0.0004681116
9137,0.0008271559
9713,0.0004618482
660,0.0021340057
695,0.0006587805
779,0.0009265757
799,0.0010566536
2219,0.0005670218
2282,0.0003895143
3756,0.0006612936
4376,0.0003107660
4778,0.0008990544
4883,0.0003218387
5203,0.0005377527
5315,0.0004729024
5722,0.0003300784
6037,0.0003754793
7051,0.0003072699
7323,0.0003274722
8383,0.0003110078
8756,0.0003197483
9582,0.0003900312
1485,0.0000676116
2274,0.0000099012
3518,0.0007172361
5495,0.0000361991
6524,0.0000231995
9155,0.0000335708
317,0.0004456525
447,0.0009739281
769,0.0018833851
884,0.0004441992
1621,0.0009425085
1783,0.0005209599
1801,0.0003852213
2083,0.0003741191
3722,0.0004982110
4447,0.0004013675
4688,0.0005940597
5270,0.0004493043
5288,0.0003793230
7468,0.0004728820
7691,0.0003703200
8141,0.0003850783
9337,0.0003718916
9517,0.0006147517
860,0.0005035913
1103,0.0004800386
1156,0.0004041883
1504,0.0006868732
2167,0.0003691947
2785,0.0003967230
3391,0.0003845949
3517,0.0003852500
3734,0.0003953950
4180,0.0018838234
5049,0.0005370267
5366,0.0007518902
5560,0.0003822242
5675,0.0003841314
5842,0.0003742257
6229,0.0003731335
6430,0.0003754475
7697,0.0004338324
7710,0.0003707465
8514,0.0005733014
8787,0.0005213843
8987,0.0003725271
9549,0.0004037579
9745,0.0003893935
1240,0.0003774486
2038,0.0003155559
2158,0.0002780380
2417,0.0002750149
2586,0.0005186896
2786,0.0005398515
2859,0.0007920928
3227,0.0002689753
3799,0.0002917361
4606,0.0003056052
5613,0.0002650058
6649,0.0002762402
9022,0.0002650045
1567,0.0007713011
2171,0.0002791591
3626,0.0004107913
4703,0.0004028020
5507,0.0002926141
7149,0.0017059493
7238,0.0003971329
8050,0.0002288069
8253,0.0002206940
9632,0.0002293155
2133,0.0003527300
2727,0.0003570278
2976,0.0002602971
4484,0.0002495966
5504,0.0002605120
5508,0.0002595726
5601,0.0004141591
6464,0.0003306464
7019,0.0004672658
7372,0.0002533050
7634,0.0004722832
9099,0.0003717292
414,0.0013737200
494,0.0006428514
624,0.0006345541
808,0.0030139927
857,0.0003291775
1383,0.0006472105
1398,0.0003205724
2220,0.0003135645
2695,0.0005828765
2889,0.0003217146
3283,0.0003549879
3386,0.0004323004
4145,0.0005542560
4424,0.0003089350
4509,0.0003175993
4652,0.0002859918
4873,0.0002874850
4986,0.0003494314
4991,0.0008381789
5186,0.0002875679
5634,0.0003122647
7034,0.0004399953
7344,0.0003691470
7462,0.0008048449
8582,0.0002855823
8775,0.0002998480
8865,0.0008224855
9543,0.0003146150
659,0.0017044954
2157,0.0003234714
3266,0.0003345830
3791,0.0002072600
3883,0.0003316779
5858,0.0001618320
6884,0.0001739498
7529,0.0001563959
7941,0.0003100093
7969,0.0012209084
8465,0.0001990791
9271,0.0001968449
173,0.0012743174
227,0.0013072848
394,0.0009686738
611,0.0001554530
1064,0.0003137571
1379,0.0002742869
2000,0.0014322799
2363,0.0002445280
2708,0.0002158207
4068,0.0001174784
4189,0.0001208410
4433,0.0004803457
4476,0.0001196684
6227,0.0001399359
6975,0.0001153843
7444,0.0001165022
8156,0.0001131221
8197,0.0001262411
8429,0.0004999728
9938,0.0004742575
172,0.0017181672
205,0.0018222211
219,0.0028379865
362,0.0021240121
495,0.0021037074
610,0.0018478772
614,0.0020385950
744,0.0018759566
777,0.0016421753
822,0.0017080652
828,0.0018177174
853,0.0017074266
897,0.0018322598
1305,0.0020941209
1334,0.0016633722
1416,0.0015593971
1568,0.0015264007
1855,0.0016559618
1985,0.0016069077
2006,0.0021702918
2010,0.0018372328
2100,0.0022522837
2106,0.0015279492
2126,0.0022429729
2170,0.0017182351
2174,0.0018041450
2389,0.0017057298
2406,0.0020769906
2573,0.0015171504
2633,0.0017667289
2784,0.0016652738
3055,0.0015230700
3125,0.0015024162
3209,0.0019909061
3211,0.0018905049
3409,0.0016931711
3490,0.0015857354
3631,0.0015567853
3793,0.0016113886
3948,0.0015590269
4239,0.0017534872
4273,0.0020439192
4460,0.0015310176
4516,0.0015761178
4674,0.0015761734
5043,0.0018922919
5279,0.0017894089
5496,0.0015948488
5553,0.0016921624
5588,0.0015808521
5614,0.0015590920
5911,0.0014928196
5931,0.0015915184
6073,0.0015116174
6319,0.0016670857
6513,0.0015706573
6555,0.0015619757
6601,0.0017248100
6659,0.0016427723
6695,0.0014971718
6755,0.0014947264
6785,0.0014958009
6821,0.0017876854
7037,0.0016366551
7138,0.0015493089
7265,0.0016439931
7296,0.0015427969
7334,0.0016887704
7378,0.0014930462
7427,0.0018919932
7438,0.0025402157
7525,0.0018649362
7625,0.0014994988
7684,0.0017203217
7725,0.0015091715
7801,0.0014929597
7865,0.0015463125
7999,0.0015040817
8240,0.0014950529
8532,0.0014928448
8568,0.0014968768
8742,0.0016390813
9481,0.0015092402
9545,0.0018546105
9685,0.0017702782
9788,0.0015010001
9835,0.0015034473
9958,0.0015680525
316,0.0005997610
581,0.0003946193
606,0.0002816038
755,0.0007108656
950,0.0004762398
962,0.0005133810
1556,0.0004573473
1597,0.0003894062
1987,0.0004486425
2160,0.0003737123
2572,0.0002070834
4455,0.0004388565
4605,0.0002077931
7599,0.0002049560
8003,0.0003282415
8505,0.0002185678
9748,0.0003518449
9801,0.0014558587
9971,0.0002610229
806,0.0001386767
1007,0.0002537668
2194,0.0001324505
2742,0.0001130213
3166,0.0005636764
4567,0.0001831011
5030,0.0001047416
7060,0.0001295481
7951,0.0002267190
9855,0.0000977028
738,0.0007786691
1268,0.0004771106
2360,0.0002563831
4675,0.0002285928
5091,0.0002311724
5625,0.0006586720
6195,0.0012613903
7420,0.0002270741
7630,0.0002285301
590,0.0006768305
616,0.0008360519
644,0.0006503590
891,0.0008362504
905,0.0008766375
948,0.0006685928
1069,0.0006852097
1129,0.0006983622
1347,0.0006662401
1439,0.0008886290
1492,0.0006322640
1761,0.0009545973
1969,0.0009552539
2069,0.0018772968
2769,0.0007166015
3457,0.0008688313
3493,0.0006974526
3501,0.0006409497
3576,0.0006389284
3754,0.0008118038
4623,0.0006509967
4941,0.0006228480
5512,0.0008414965
5744,0.0007668452
6132,0.0008562870
6671,0.0008644485
6702,0.0008681128
7189,0.0006209242
7224,0.0006207193
7665,0.0008695413
7857,0.0006326724
8258,0.0007879911
8407,0.0007243683
8572,0.0006371120
9144,0.0006298883
9336,0.0006195211
9411,0.0006217857
627,0.0003201056
849,0.0005381257
1073,0.0001319826
1105,0.0000836726
1245,0.0002986295
1354,0.0003244190
1414,0.0000519457
2597,0.0000736050
4103,0.0000542933
4828,0.0000517226
5107,0.0001953081
5167,0.0001437575
6017,0.0004646683
6408,0.0002597336
6588,0.0000495565
7849,0.0000970171
9222,0.0000423895
2947,0.0003812959
4649,0.0001643711
5846,0.0001682551
7783,0.0004053608
8368,0.0001599912
1359,0.0004606045
2132,0.0005108625
5350,0.0004547747
6490,0.0003888733
7696,0.0004594247
1178,0.0001348164
1472,0.0002356101
1759,0.0001949770
1964,0.0000349430
3692,0.0001124940
3875,0.0000280609
4401,0.0000635011
5301,0.0002464315
5379,0.0004743730
6192,0.0000582023
9272,0.0000250392
9634,0.0000261555
398,0.0002934263
774,0.0000709744
2981,0.0003774108
3520,0.0003828744
9947,0.0005218297
159,0.0006715121
698,0.0004519726
758,0.0003835644
1185,0.0008827863
2792,0.0003886679
3611,0.0015728519
5034,0.0004695130
5071,0.0002629528
6137,0.0004673839
6796,0.0002616856
6837,0.0002968211
6978,0.0002522930
6981,0.0002459182
496,0.0002917215
1499,0.0003258947
1670,0.0002456431
2186,0.0002402698
2581,0.0002690957
2838,0.0003672734
2844,0.0002008966
3007,0.0002878697
3355,0.0005077601
3563,0.0002134026
4043,0.0002244391
4919,0.0002142989
6204,0.0004108638
6233,0.0002593651
6847,0.0005908501
7085,0.0003641491
7140,0.0002027870
8108,0.0003704999
8182,0.0004142369
9180,0.0002011938
1146,0.0002278058
1968,0.0001862128
2221,0.0000462991
2292,0.0000661106
2492,0.0000969195
3500,0.0000754858
3911,0.0000385633
4096,0.0001304766
4364,0.0000431451
4473,0.0003482091
4860,0.0000375487
4925,0.0001299425
5000,0.0004543150
5598,0.0001111254
5955,0.0001063991
5961,0.0000591676
5977,0.0001744760
6462,0.0000370701
6653,0.0001342568
6838,0.0001913509
7364,0.0000433976
7715,0.0000776988
7953,0.0001572030
8422,0.0001247917
9104,0.0006594726
9125,0.0000777394
9529,0.0000375070
9535,0.0009022247
9604,0.0000821924
322,0.0009373514
847,0.0007849676
1657,0.0005031268
2782,0.0004542703
3712,0.0006491306
4637,0.0004918726
5549,0.0004570387
6050,0.0006677022
7421,0.0004922439
7796,0.0004458228
8104,0.0004570895
8232,0.0004525612
8427,0.0004618133
8823,0.0004404790
9384,0.0004415660
348,0.0005295729
603,0.0005725199
858,0.0002519253
984,0.0004214840
1036,0.0003040000
1112,0.0001726663
1318,0.0004247045
1518,0.0008531536
1687,0.0003400230
2666,0.0002567663
2840,0.0001545935
3011,0.0010716374
3337,0.0003780899
3442,0.0001671259
3817,0.0003042864
4118,0.0002096286
6202,0.0003044133
6203,0.0004971324
6409,0.0001659512
6873,0.0013920890
7751,0.0001437182
8001,0.0001807830
9550,0.0001525932
272,0.0013203821
1140,0.0002813789
1353,0.0002402157
1604,0.0002560521
2431,0.0002493008
2989,0.0005904773
4020,0.0003529402
7895,0.0002508215
530,0.0001212386
874,0.0001182351
1474,0.0001310344
1508,0.0002114979
1526,0.0003101350
1735,0.0001351082
2486,0.0010372574
3070,0.0002638569
4373,0.0001088903
5565,0.0008519890
5693,0.0001097087
6046,0.0006126064
6500,0.0001063439
6888,0.0001023720
7069,0.0001398494
7081,0.0001398852
7887,0.0001398047
8275,0.0006137473
8405,0.0001038266
8817,0.0001065985
9381,0.0009670705
9814,0.0001034503
9837,0.0001033947
1043,0.0002793994
1882,0.0003465256
2391,0.0002762331
3968,0.0005448207
4039,0.0007961235
5752,0.0000275637
6248,0.0001183406
6474,0.0006142707
7099,0.0000719061
7575,0.0001960400
169,0.0023281220
454,0.0004604911
1040,0.0005269383
1381,0.0018698537
1528,0.0004729530
2425,0.0003819452
2577,0.0004216129
2901,0.0004239108
2986,0.0003827559
3237,0.0004355474
3385,0.0009304479
3615,0.0005140282
4969,0.0003910338
5276,0.0004007080
5968,0.0004183862
6219,0.0003859223
6801,0.0005043342
6817,0.0004008331
7336,0.0005439094
7605,0.0003841007
8251,0.0003820327
8296,0.0004055584
251,0.0003982587
683,0.0003438140
1337,0.0005531703
2677,0.0001897660
2909,0.0002836455
2920,0.0006324146
4019,0.0009362068
4275,0.0001914276
4448,0.0001821462
4914,0.0001770769
5144,0.0001764816
6764,0.0003663233
9558,0.0002281589
740,0.0004376610
747,0.0002770763
1710,0.0001160407
1792,0.0001353505
3422,0.0002637376
3960,0.0001192821
4098,0.0007968150
4130,0.0002883491
4326,0.0001102601
4908,0.0003530714
7412,0.0001747626
7564,0.0008145766
8659,0.0001092309
721,0.0008666268
1158,0.0008254239
1652,0.0005636962
4244,0.0006553754
4689,0.0006210546
5503,0.0010556044
6949,0.0005503290
7797,0.0005163836
7980,0.0005097117
9493,0.0005245511
562,0.0013373879
763,0.0008309107
1013,0.0009816265
1180,0.0008277503
1391,0.0014595829
1769,0.0010079953
1777,0.0004232359
2081,0.0005727952
2831,0.0005581159
2843,0.0006505777
3162,0.0004478271
3502,0.0004261229
3536,0.0004415282
4754,0.0004500616
5329,0.0005091413
6000,0.0004757714
6793,0.0012854343
7008,0.0008587907
7780,0.0004196867
8269,0.0004709356
8350,0.0005758037
9505,0.0004387119
9520,0.0004434462
369,0.0011868948
2311,0.0001104676
3051,0.0002315193
3757,0.0000876909
6086,0.0000673331
6566,0.0002178036
8566,0.0000660890
9895,0.0001711031
756,0.0003957012
816,0.0004688381
1106,0.0002999572
1506,0.0004318112
2591,0.0002189651
4171,0.0003911126
6201,0.0002096652
7208,0.0003598122
8073,0.0002119311
653,0.0008903912
2608,0.0002123638
5793,0.0001814603
455,0.0006597272
1407,0.0010430708
2196,0.0004836488
3661,0.0005536312
4144,0.0012001861
4191,0.0004804671
5733,0.0004798721
6476,0.0006263178
8271,0.0005438879
8479,0.0005944661
8913,0.0004807496
9704,0.0007997704
821,0.0004414059
1724,0.0001754948
2161,0.0002760666
2576,0.0002106562
3652,0.0001184246
4015,0.0003027691
5013,0.0001516886
6128,0.0001199808
7117,0.0003163869
8048,0.0001188952
9042,0.0006881913
313,0.0009210518
386,0.0010269240
387,0.0010921389
430,0.0013308851
498,0.0009988433
519,0.0007917887
865,0.0010759325
871,0.0007341936
913,0.0010484166
946,0.0007446941
1042,0.0009483503
1058,0.0009790329
1397,0.0009491432
1709,0.0014686498
1841,0.0007272647
1975,0.0007683712
2075,0.0008241922
2172,0.0007756428
2643,0.0008872680
2872,0.0011254532
3083,0.0007549661
3130,0.0007883376
3456,0.0008685454
3471,0.0007834712
3604,0.0011980831
3755,0.0009428291
4345,0.0007329177
4508,0.0007195855
4619,0.0007071622
4735,0.0007207983
4747,0.0007168903
4844,0.0007106245
4853,0.0007206578
5031,0.0007121987
5196,0.0007805478
5268,0.0009460268
5886,0.0007091785
6439,0.0008559981
6569,0.0007076834
6782,0.0007079956
6808,0.0007769707
6878,0.0007252018
7280,0.0007719906
7832,0.0007961877
8648,0.0009211028
8917,0.0007396518
9599,0.0007284589
9655,0.0008854567
2565,0.0000250845
2662,0.0001632448
3562,0.0002353836
5848,0.0000187693
661,0.0005804165
680,0.0008700513
726,0.0004644702
933,0.0008028042
1348,0.0005561597
1433,0.0004475437
1453,0.0005491311
1615,0.0003874842
1763,0.0008984842
1857,0.0003898232
1897,0.0004674071
1930,0.0003789837
2402,0.0003656506
2703,0.0004621862
3240,0.0003532621
3347,0.0003270541
3782,0.0003512769
3877,0.0005222423
4243,0.0005465421
4562,0.0003148258
4678,0.0003238584
4722,0.0005606224
4764,0.0007697611
5615,0.0003245086
5656,0.0003376136
5715,0.0007700111
5901,0.0003158312
6510,0.0003133152
6775,0.0005890869
7001,0.0004483087
7464,0.0003127629
9132,0.0003127630
9392,0.0003395153
9795,0.0003182400
378,0.0012127444
396,0.0005171973
921,0.0004214392
1477,0.0003779016
1501,0.0004980809
1830,0.0004380879
2631,0.0004155482
2674,0.0004418094
3458,0.0003690083
4817,0.0005869776
5596,0.0003519602
5624,0.0003606790
6592,0.0004618831
6810,0.0006238595
6856,0.0009187212
7995,0.0003849715
8263,0.0003477656
252,0.0008749957
306,0.0008694665
515,0.0005461509
795,0.0005031052
864,0.0003549060
914,0.0005633231
1065,0.0003786118
1081,0.0006530001
1725,0.0003639331
1900,0.0004705640
2178,0.0003648081
2355,0.0003798260
2538,0.0003696424
2616,0.0007166197
2766,0.0004416988
2868,0.0003553246
2897,0.0007301594
3054,0.0003376252
3202,0.0003259784
3334,0.0003216175
3353,0.0003337639
3398,0.0004569429
4277,0.0004867169
4681,0.0003184524
5236,0.0003853992
5594,0.0003202531
5747,0.0003197501
5859,0.0004908585
5993,0.0004182707
6503,0.0003349243
7505,0.0004104960
8145,0.0003414426
8569,0.0004177485
8573,0.0003215718
8611,0.0006899942
8626,0.0003556635
8760,0.0003321787
8936,0.0004448489
9281,0.0003366221
9683,0.0003385290
9960,0.0003853937
766,0.0000942454
812,0.0001988476
970,0.0004429694
1364,0.0001309171
1423,0.0001832511
1810,0.0001810609
2621,0.0000645051
3618,0.0000615404
4059,0.0003288246
4154,0.0000878061
4260,0.0000667926
4268,0.0001166532
4533,0.0001243198
4849,0.0000643634
4856,0.0000629520
6574,0.0000614997
9878,0.0013090449
9920,0.0002867784
1573,0.0001641002
2384,0.0001846826
3670,0.0001724951
3894,0.0004618148
6052,0.0001416149
175,0.0001122081
649,0.0003442976
819,0.0002628722
829,0.0001804477
1083,0.0001912314
3919,0.0000740298
5313,0.0001124889
5581,0.0000731588
1155,0.0007392396
1513,0.0006916649
1701,0.0009254759
1826,0.0006849948
2518,0.0006876679
4050,0.0006851766
4752,0.0007774611
5044,0.0010567502
5284,0.0007041385
5843,0.0007323857
6159,0.0006770450
6390,0.0006746473
6647,0.0006737949
7298,0.0007337911
9224,0.0006737638
9536,0.0009208587
9992,0.0006754089
417,0.0002649558
656,0.0001445928
1542,0.0000241547
1803,0.0000659057
1917,0.0000962902
2480,0.0002547842
5357,0.0000364052
6737,0.0000437119
6992,0.0000220277
9979,0.0001376216
1169,0.0010656407
1262,0.0010681498
1285,0.0011382920
1427,0.0012746239
1624,0.0012873782
1973,0.0010777529
1990,0.0014739011
2110,0.0013061038
2291,0.0010546094
2528,0.0012352516
2754,0.0010770198
2906,0.0010791574
3451,0.0013534056
4085,0.0010834924
4102,0.0010639981
4110,0.0012167567
4293,0.0010453600
4429,0.0013619969
4687,0.0011938924
4803,0.0012027228
4887,0.0010916097
5018,0.0010441914
5134,0.0012473844
5274,0.0010869974
5310,0.0010691916
5385,0.0010562595
5418,0.0010529233
5498,0.0010487194
5589,0.0011106708
5619,0.0014627260
5773,0.0010581564
5983,0.0010445285
6515,0.0010514070
6525,0.0010447316
6628,0.0012363841
6898,0.0014404125
7128,0.0012264509
7169,0.0010630412
7230,0.0010444402
7242,0.0012081360
7276,0.0012113076
8462,0.0010465052
8637,0.0010606838
423,0.0015760213
470,0.0008166307
1164,0.0003331766
1675,0.0003612959
2599,0.0012445347
2627,0.0002908060
3069,0.0008571245
4622,0.0003603503
4625,0.0002542375
5035,0.0002581882
5345,0.0002756903
5419,0.0003413939
5814,0.0002600536
6356,0.0004095703
8077,0.0004165666
8306,0.0002947606
9635,0.0002568321
686,0.0005323366
1220,0.0005110307
2961,0.0011050645
4318,0.0004685480
4799,0.0004799485
5048,0.0009862372
6696,0.0004293093
8737,0.0004066000
9948,0.0005871980
1050,0.0005370986
1089,0.0005880906
1231,0.0005837836
2853,0.0010655397
5216,0.0005811323
5995,0.0003802419
6708,0.0003838023
7139,0.0003967401
7526,0.0003629802
7618,0.0004370380
8198,0.0003585399
8499,0.0003666494
9005,0.0003645490
9990,0.0003571022
2376,0.0004225731
4412,0.0003848870
5677,0.0005396235
6579,0.0003837969
7395,0.0003851041
7574,0.0009362420
8691,0.0004110718
8704,0.0004492444
9072,0.0003835242
632,0.0011773713
825,0.0014378209
1060,0.0005066646
1238,0.0005725800
1650,0.0005012089
1809,0.0007403116
1902,0.0009500234
2235,0.0005074784
2244,0.0004985708
3617,0.0005296603
3890,0.0007067751
4607,0.0006019848
4639,0.0007238230
4846,0.0006017992
4978,0.0006887867
5860,0.0005259314
7171,0.0005547676
7569,0.0006605964
9056,0.0005047237
9109,0.0005464107
9689,0.0004968929
9770,0.0008658897
294,0.0003676611
2340,0.0004655475
4209,0.0001837217
4402,0.0000651970
4512,0.0000786212
7047,0.0003859186
7207,0.0003509877
9324,0.0000592822
1954,0.0001613052
2238,0.0005523957
2382,0.0001855765
2669,0.0001361458
2856,0.0001337601
2980,0.0001637769
3050,0.0001696566
3723,0.0001429513
5069,0.0009257732
6075,0.0001695429
6402,0.0001412535
7150,0.0001821686
7229,0.0002255998
7588,0.0001410860
8021,0.0001344213
8167,0.0001320926
8588,0.0002803840
299,0.0003419982
672,0.0003670982
1315,0.0001016103
1788,0.0001685013
1843,0.0001522548
2914,0.0001137357
3320,0.0002374190
3564,0.0001020290
3768,0.0000952701
3909,0.0005469955
5761,0.0001094935
8002,0.0001113099
8560,0.0001582820
8724,0.0000977470
9110,0.0001202254
9141,0.0000953407
402,0.0002933019
1241,0.0007170751
2288,0.0001150135
2990,0.0001080734
4946,0.0002403837
5303,0.0003145263
5627,0.0001234843
5986,0.0001443115
7755,0.0001486514
8807,0.0001088980
3674,0.0001028318
6076,0.0001069109
6535,0.0001071101
7925,0.0006294056
8693,0.0002007795
9567,0.0000964581
881,0.0007722407
2890,0.0003605470
3287,0.0003838662
4242,0.0001655358
4311,0.0003802911
4955,0.0001635875
505,0.0004870139
855,0.0005906323
1713,0.0005247720
1971,0.0006033383
2055,0.0005145597
2685,0.0006484270
3291,0.0004908227
3368,0.0005722201
3464,0.0005032989
3480,0.0004720275
3515,0.0004679118
4008,0.0004567433
4010,0.0006551704
4634,0.0005192544
4737,0.0004680922
5221,0.0004606978
5635,0.0005338697
6819,0.0007297587
6870,0.0004719012
6934,0.0004564882
7259,0.0010373739
7597,0.0004602518
8017,0.0004795462
8055,0.0005361067
8495,0.0005958428
8871,0.0006251502
9585,0.0004648465
9857,0.0011706991
4269,0.0003202541
5770,0.0000397444
6770,0.0001984097
561,0.0017379660
2280,0.0006507928
3044,0.0001368961
3345,0.0001221495
4093,0.0001484812
4197,0.0001072449
6271,0.0002494448
6641,0.0001157170
8212,0.0001332742
8362,0.0000979874
1047,0.0012827513
1201,0.0009964334
1283,0.0008038721
1844,0.0009643484
2266,0.0010403456
2463,0.0007813098
2474,0.0009841147
2620,0.0007560466
3420,0.0009427125
3629,0.0008694757
4065,0.0008549389
5259,0.0007786830
5807,0.0007684997
6125,0.0007523181
7516,0.0008082912
7577,0.0007525412
7587,0.0009041217
9560,0.0007759034
9712,0.0008245407
9816,0.0009300140
3813,0.0000849770
4443,0.0000677178
5511,0.0001075873
5889,0.0000665043
6547,0.0002946001
8401,0.0001263605
9510,0.0001273352
1790,0.0008800504
2240,0.0006959306
5162,0.0010527752
5698,0.0005213573
5774,0.0005162446
6376,0.0007013984
6613,0.0005145833
6940,0.0011490530
8174,0.0006203988
8277,0.0006143109
9428,0.0005784188
1772,0.0000429173
3299,0.0001701546
7513,0.0000289070
7694,0.0000329433
8027,0.0001737364
9490,0.0000165277
9825,0.0001598555
479,0.0005851937
868,0.0002892471
1298,0.0002311076
1931,0.0006295717
1982,0.0002204961
3349,0.0001562534
3971,0.0003103989
3992,0.0001638023
4343,0.0001775180
6317,0.0001587413
6340,0.0002561258
6869,0.0001988243
8162,0.0001581353
8698,0.0010205266
9323,0.0001594135
9941,0.0001595310
9951,0.0001612792
595,0.0006121703
2637,0.0002719417
3771,0.0002164449
4185,0.0000280368
4466,0.0000354540
6792,0.0000241591
6846,0.0001331919
7842,0.0002079142
8577,0.0000241593
8960,0.0000813153
9498,0.0000262193
1635,0.0002200039
5175,0.0003851529
5241,0.0002084752
3864,0.0002200599
6285,0.0000300811
8548,0.0000526310
9128,0.0000259278
9186,0.0001826760
3717,0.0001006528
9804,0.0000155059
568,0.0007935152
1623,0.0000872012
1745,0.0000723084
2600,0.0001297965
5380,0.0005762853
7114,0.0002287062
8688,0.0002250465
502,0.0000485623
1308,0.0009069106
1915,0.0000432366
2201,0.0000721956
4536,0.0002611780
4603,0.0006115302
6181,0.0002004346
6343,0.0000376358
6405,0.0000499681
7527,0.0000887752
8143,0.0000567584
9020,0.0001965327
9060,0.0000387751
9154,0.0000364559
838,0.0009656123
2602,0.0004112874
3137,0.0004832710
3215,0.0003168218
6585,0.0003255755
6590,0.0004826629
6931,0.0004620436
7080,0.0003562842
8170,0.0004945190
9100,0.0003130870
9898,0.0003216747
926,0.0001096288
1303,0.0002434648
1609,0.0001137495
1885,0.0015211046
3719,0.0001024278
4036,0.0007140894
4465,0.0000380880
4665,0.0002623343
5063,0.0000381578
5213,0.0002689177
5981,0.0000375635
6829,0.0007559362
8226,0.0000964006
9297,0.0002249517
589,0.0004466163
665,0.0004485437
830,0.0003080045
1032,0.0001900893
2147,0.0005859212
2686,0.0003345422
2822,0.0001705001
3242,0.0000882016
3835,0.0002539476
3878,0.0000781418
6338,0.0004629245
8052,0.0000947326
8619,0.0000786544
8719,0.0000746559
8770,0.0001125195
1168,0.0001133724
1557,0.0002847793
1754,0.0012853173
3506,0.0000904519
4321,0.0000276895
6354,0.0000195319
6860,0.0000364624
8685,0.0000455951
8858,0.0001908028
516,0.0003512600
1079,0.0003483373
2145,0.0002563363
3006,0.0002321707
3530,0.0003351142
4021,0.0003422328
4058,0.0004155608
4075,0.0003062227
4334,0.0006237662
5003,0.0002377153
5273,0.0003658083
5464,0.0003260192
6305,0.0002481891
6564,0.0002331198
6984,0.0002995467
7309,0.0011075343
7653,0.0002442112
8332,0.0003886606
8557,0.0004025211
9499,0.0002365637
877,0.0011150485
979,0.0009832140
991,0.0008103231
1175,0.0006020904
1671,0.0006382854
1832,0.0007345998
2202,0.0007768297
2823,0.0009689316
2960,0.0007168518
3848,0.0006853105
4107,0.0010023410
5119,0.0005938381
5247,0.0006439109
5575,0.0005802304
6719,0.0006192960
6906,0.0007301601
7170,0.0005801530
7510,0.0006692997
7747,0.0009424285
9172,0.0005925329
2365,0.0001841836
2379,0.0002562390
5669,0.0001417426
6946,0.0003539787
7052,0.0001404404
7136,0.0001650330
7496,0.0001404207
8606,0.0002077249
281,0.0019879312
429,0.0017030605
546,0.0016572022
842,0.0015224892
894,0.0021212061
1330,0.0013745082
1411,0.0014777367
1789,0.0012584230
1963,0.0012796158
2547,0.0014261196
2690,0.0015843097
2744,0.0012565738
2824,0.0012775263
2938,0.0012611270
3221,0.0012658369
3300,0.0012876525
3343,0.0014179286
3516,0.0012864097
4007,0.0012762641
4135,0.0012545968
4148,0.0012789140
4613,0.0012563441
5081,0.0012620415
5891,0.0013900233
5990,0.0018662763
6025,0.0012643095
6028,0.0014052537
6528,0.0012668538
6889,0.0012548357
7007,0.0012752327
7735,0.0012707728
7844,0.0012653908
8106,0.0016459049
8339,0.0012872966
8392,0.0012566500
8431,0.0014303345
8683,0.0012718881
9528,0.0012534590
9708,0.0012535081
9954,0.0012685966
507,0.0003615154
577,0.0001599092
1571,0.0006556355
2086,0.0002315530
2182,0.0001696176
2729,0.0003429910
2774,0.0001343356
2985,0.0001708273
3056,0.0001436324
3318,0.0001313919
4395,0.0001237947
4450,0.0002174596
8323,0.0001373092
8839,0.0001182924
9248,0.0001754488
9375,0.0001518636
9862,0.0001181504
922,0.0002762233
5189,0.0001806189
7145,0.0002337211
8262,0.0001781652
1374,0.0001242323
1947,0.0003303330
2259,0.0003309852
2954,0.0000876779
3089,0.0003232062
3332,0.0001443367
3489,0.0001419923
3956,0.0001018410
4033,0.0004193945
5217,0.0001030595
7695,0.0001021989
8054,0.0000826036
8656,0.0000854999
9093,0.0004656312
9557,0.0000827023
687,0.0005202240
1820,0.0000835770
2043,0.0001637400
2415,0.0002078166
2763,0.0001094695
3543,0.0002110737
5531,0.0000867688
8254,0.0000888749
8434,0.0000913728
9026,0.0002452523
9127,0.0001097553
803,0.0000920766
1537,0.0001542249
4621,0.0000947813
5903,0.0004593942
6307,0.0000247262
7351,0.0002010216
8400,0.0000469894
8586,0.0000229978
419,0.0003928448
896,0.0002644509
2846,0.0002045833
8732,0.0000482198
2896,0.0004821946
2955,0.0002693800
3608,0.0002858457
5403,0.0002391811
6627,0.0002996459
7382,0.0003183421
7714,0.0002462443
8304,0.0002395862
493,0.0002755970
846,0.0004369529
1176,0.0000867218
3042,0.0000737539
5200,0.0002442266
7437,0.0001091393
3769,0.0001348867
3988,0.0001381053
4427,0.0001093898
5488,0.0001852990
5566,0.0001550947
6119,0.0001340304
6318,0.0001614391
8943,0.0001055164
312,0.0012762057
1494,0.0011168148
1570,0.0011094894
2156,0.0008759911
2225,0.0009305518
2373,0.0013347889
2447,0.0009454284
2557,0.0008894584
2647,0.0010407242
2693,0.0008759914
2851,0.0009343289
2933,0.0011187744
2950,0.0009890722
3231,0.0008946332
3247,0.0009090847
3303,0.0012388780
3856,0.0009173574
4497,0.0008679847
5023,0.0008754015
5616,0.0011129081
5727,0.0008738207
5941,0.0008959147
6187,0.0008962591
6480,0.0009182039
6611,0.0008830378
6640,0.0009050187
6851,0.0008832732
6922,0.0008693489
6988,0.0008884871
7126,0.0008738519
8241,0.0008690694
8307,0.0008939343
9164,0.0008819888
9983,0.0010151507
785,0.0001834330
789,0.0001781485
1247,0.0002871886
1822,0.0001113885
2398,0.0000753654
3514,0.0000649288
4900,0.0000726364
6173,0.0000950346
6619,0.0000529710
7024,0.0002534696
7654,0.0000621347
8110,0.0000668859
9092,0.0000536671
9342,0.0000964619
9600,0.0000530831
1689,0.0002372324
2149,0.0000579167
3927,0.0000891830
4435,0.0000849939
4994,0.0000459917
5362,0.0000293193
8245,0.0000288491
9051,0.0000850512
636,0.0009390285
1074,0.0012615513
1357,0.0006938691
2405,0.0009004016
2932,0.0008397811
3849,0.0007023499
4175,0.0009937910
4279,0.0007022208
4851,0.0006880123
5319,0.0006806104
5368,0.0006909048
5803,0.0006830676
6144,0.0008496010
8351,0.0006872830
1561,0.0003588050
2222,0.0004123213
2721,0.0003312436
4341,0.0004954761
5716,0.0003135364
6455,0.0007511719
7935,0.0002515224
8025,0.0002755271
8816,0.0002779281
9157,0.0002522722
1099,0.0004329324
4522,0.0005885352
4854,0.0003974649
5827,0.0003790901
6041,0.0003810615
9015,0.0003830760
9214,0.0005564858
9229,0.0003938576
9574,0.0004777995
2635,0.0000414489
2984,0.0000777947
4656,0.0000324049
837,0.0004135514
1378,0.0002606148
2024,0.0002061805
2060,0.0004407269
2163,0.0002139525
2354,0.0002170245
2715,0.0002031793
2798,0.0004423405
3009,0.0002249449
3408,0.0003000687
3748,0.0002152532
3916,0.0004684088
4138,0.0002454061
4930,0.0003080082
5229,0.0002018565
5709,0.0002017243
7532,0.0002998087
7657,0.0002427322
8028,0.0002090384
8261,0.0002096178
8717,0.0002457309
9274,0.0001990524
9483,0.0002209425
541,0.0005724477
931,0.0006266472
1791,0.0001023297
3192,0.0001192884
3443,0.0001198490
6182,0.0001153898
8879,0.0006234746
1779,0.0006710551
2372,0.0003357908
4183,0.0002510612
6637,0.0002410690
7541,0.0004102959
8163,0.0002484264
9307,0.0002489509
9768,0.0002701274
1277,0.0003396158
1444,0.0005245174
2242,0.0002885313
2675,0.0005910679
3759,0.0002865415
3936,0.0003133860
4501,0.0002687745
4767,0.0002514809
6935,0.0004054173
9376,0.0002598371
9805,0.0003410029
425,0.0008583698
1192,0.0009785401
1395,0.0006878375
1617,0.0006724338
1778,0.0006244111
1912,0.0007062416
1916,0.0009008335
2046,0.0006995690
2511,0.0006678774
2737,0.0006392013
3065,0.0005877334
3179,0.0006023393
3248,0.0006517033
3363,0.0011802734
3553,0.0005751813
3961,0.0005524903
4251,0.0010081202
4565,0.0005860163
5096,0.0007096689
5804,0.0005669648
6410,0.0005517576
6460,0.0005847152
6488,0.0005674627
6894,0.0005639611
6977,0.0005582442
7455,0.0007283420
7560,0.0005728633
8907,0.0006073158
9283,0.0007460964
9460,0.0005520446
9602,0.0005473851
9766,0.0005473419
831,0.0003124060
1631,0.0004535775
1919,0.0004241795
2017,0.0003099248
2467,0.0002936821
2714,0.0002926243
3135,0.0002945267
3984,0.0002878529
4804,0.0002696968
5443,0.0002697332
7788,0.0002714785
9074,0.0002692145
623,0.0002339565
733,0.0004118314
844,0.0001208569
966,0.0001591599
2030,0.0000788006
2562,0.0001675070
3552,0.0000515497
4159,0.0000933442
4335,0.0001327327
4369,0.0000656800
6135,0.0000698781
7209,0.0000526946
7868,0.0000540897
8633,0.0000935935
2867,0.0000343451
7446,0.0000086079
9179,0.0000269085
980,0.0007021941
1421,0.0005782543
1683,0.0007387027
1684,0.0005688680
1717,0.0007438689
2035,0.0005883240
2052,0.0005574705
2116,0.0005456559
2181,0.0005748805
2233,0.0005578280
2279,0.0007041080
2663,0.0005666684
2757,0.0006408074
2883,0.0005504046
3003,0.0005488111
3126,0.0005484518
4056,0.0005410984
4137,0.0005443936
4270,0.0007343938
4555,0.0006980354
4577,0.0006089189
4783,0.0005419040
4975,0.0005460337
5047,0.0006877284
5131,0.0006159498
5160,0.0007435576
5471,0.0005371934
5900,0.0005535841
5936,0.0005596053
6495,0.0005443483
7063,0.0005365045
7406,0.0005404678
7535,0.0006862709
7641,0.0005364504
8489,0.0008729589
8692,0.0005363898
9105,0.0005484164
620,0.0002919174
1502,0.0001745419
1593,0.0004351006
2812,0.0002409766
3899,0.0001725896
5060,0.0002313866
6730,0.0001714018
7133,0.0001570000
4475,0.0001303390
4852,0.0002316144
5177,0.0002053692
6239,0.0001504733
7558,0.0004191362
9521,0.0001481708
2420,0.0000739576
3041,0.0004630863
3109,0.0001162762
3188,0.0001182462
4333,0.0000563906
5383,0.0000582532
6657,0.0004537637
6784,0.0002066087
7049,0.0000693062
7939,0.0001175975
8360,0.0002196612
9861,0.0001493814
9937,0.0001197428
697,0.0003107245
1051,0.0001601039
2409,0.0003984468
2892,0.0000819983
3575,0.0002111238
4810,0.0000825454
6373,0.0000829209
6529,0.0000997354
6578,0.0001366194
7504,0.0004090808
8985,0.0001567395
8096,0.0000641908
2009,0.0000960136
4330,0.0002450913
5053,0.0000571621
5174,0.0001946986
6131,0.0000327769
8735,0.0001757443
9596,0.0001923787
767,0.0004242185
1063,0.0001947533
1263,0.0002195107
1519,0.0003733686
2456,0.0003613266
4663,0.0002434645
6045,0.0002028865
7045,0.0001861094
7324,0.0001887159
9320,0.0002055790
9540,0.0002107326
4736,0.0000419302
7451,0.0000442890
9682,0.0000130503
1249,0.0002419689
1269,0.0003390121
2263,0.0001722000
2321,0.0003792775
2414,0.0001778845
2523,0.0004586406
2975,0.0002067755
3958,0.0003439612
4692,0.0002028444
6892,0.0001698347
7183,0.0001912069
7794,0.0001772120
8107,0.0001728567
9827,0.0001702183
472,0.0004575483
548,0.0007813992
1127,0.0004979106
1311,0.0002572091
1482,0.0003501362
3140,0.0002688952
3437,0.0002824154
3978,0.0002527271
4162,0.0003370737
5166,0.0002596898
580,0.0007767715
1484,0.0008299280
1658,0.0004391716
3469,0.0004682146
3976,0.0005766238
4952,0.0004053379
4998,0.0004277431
5830,0.0004104710
6594,0.0003958026
8265,0.0004069479
8554,0.0004737643
8746,0.0003941845
951,0.0002283988
1554,0.0002567321
1994,0.0003988546
3313,0.0002379320
4601,0.0002373576
6258,0.0002271198
6549,0.0002284090
6697,0.0002356053
7251,0.0002345201
7658,0.0002317199
8989,0.0003856814
9476,0.0002292716
473,0.0001871016
2092,0.0001294340
3382,0.0000589438
4569,0.0000635612
7931,0.0000609225
560,0.0005663568
937,0.0005133224
1117,0.0004519482
1404,0.0004220006
1467,0.0004761330
1666,0.0004780326
1719,0.0006201368
2047,0.0004238596
2278,0.0006739366
2691,0.0006145032
2900,0.0004037247
3176,0.0004780774
3388,0.0008670043
3463,0.0004137674
3619,0.0004128212
3831,0.0004648371
4136,0.0004016361
4229,0.0007438211
4757,0.0004177574
4938,0.0004696594
5206,0.0004755770
5465,0.0007395963
5757,0.0004199457
6267,0.0004430138
6291,0.0003970004
6315,0.0003970209
6330,0.0005615543
6711,0.0004166652
6885,0.0004041111
6971,0.0003996060
7107,0.0004628859
7676,0.0004157247
8089,0.0004379126
8293,0.0003990228
8857,0.0004096174
9437,0.0004264234
9480,0.0004208845
9647,0.0004155989
9961,0.0003974839
2466,0.0000889915
3020,0.0000868394
3664,0.0000886328
5095,0.0001077785
5522,0.0002038319
6035,0.0000937260
6849,0.0003647971
7148,0.0002122277
8294,0.0002296408
9184,0.0000492274
9189,0.0002124248
9421,0.0001090756
9811,0.0000439576
2099,0.0006273967
3150,0.0003697208
3329,0.0001910688
4745,0.0002114013
6716,0.0001712558
7771,0.0001717567
9626,0.0003304222
9779,0.0002568924
1598,0.0000712263
3169,0.0001218777
4411,0.0000216784
7671,0.0001055685
7922,0.0000711221
5702,0.0000262218
7379,0.0000088309
4713,0.0000419953
6661,0.0000094293
3867,0.0004160887
4143,0.0005393370
4773,0.0004115764
1476,0.0000167398
3610,0.0000269739
4009,0.0000305985
4372,0.0000998371
6235,0.0000301504
6621,0.0001670691
6675,0.0000781011
543,0.0003478266
1257,0.0006414741
2218,0.0002107438
2347,0.0005055250
3542,0.0002188197
3938,0.0004542855
4044,0.0002164131
4076,0.0002251787
4479,0.0002301144
4633,0.0002116124
5242,0.0002756371
5476,0.0002385678
5545,0.0002470824
5666,0.0003926393
6049,0.0003562550
6297,0.0002330032
6882,0.0002556907
6914,0.0002375188
7142,0.0002790798
7184,0.0002110657
7422,0.0002065197
7454,0.0004242096
7905,0.0002294143
7918,0.0002937425
8128,0.0002066994
8159,0.0002075357
8199,0.0002040442
8641,0.0004158628
9678,0.0002112277
972,0.0002737000
2927,0.0002354214
3193,0.0003273758
4942,0.0002854889
7275,0.0002217722
2664,0.0001307140
3673,0.0001112006
6843,0.0002879569
7869,0.0002657066
9199,0.0001363345
9776,0.0001307287
1979,0.0003059596
8895,0.0001984288
390,0.0006402777
814,0.0007447873
1776,0.0006336338
2829,0.0006314442
2997,0.0007056007
3189,0.0006315027
4471,0.0008293540
6176,0.0006270880
8064,0.0007660671
8511,0.0008307644
1907,0.0001672201
2436,0.0000618448
2949,0.0002361256
4014,0.0000757711
4134,0.0001607106
4453,0.0000629759
4937,0.0000658266
974,0.0002682639
1742,0.0000257899
1773,0.0001117349
3650,0.0001658780
4590,0.0003270601
5344,0.0000142756
7958,0.0000171974
3157,0.0001926812
8083,0.0002302734
2151,0.0007272257
2188,0.0000879372
2563,0.0000335215
5036,0.0001777608
7017,0.0003561629
7286,0.0000268371
8565,0.0002162463
8932,0.0000203030
5576,0.0005673990
6217,0.0000550344
8020,0.0002354570
9263,0.0000352046
9606,0.0002038452
2445,0.0001784277
3630,0.0000964006
4233,0.0002990849
6518,0.0001508585
9430,0.0000943127
1500,0.0000426455
1811,0.0000371457
2103,0.0000331127
4119,0.0002985893
1226,0.0004431630
1962,0.0004572042
2074,0.0004202756
2334,0.0005503966
2542,0.0004084810
3468,0.0004195317
4027,0.0003959175
4160,0.0003835305
4878,0.0003903327
5171,0.0004017901
5731,0.0005583192
6072,0.0003935574
6511,0.0005506349
7220,0.0003842714
7693,0.0006415704
8600,0.0003830755
9774,0.0004255520
9828,0.0003860197
9929,0.0003887910
3466,0.0000165377
2317,0.0000598266
3346,0.0000613721
4040,0.0000277630
5332,0.0000249459
6956,0.0000445993
7203,0.0000314515
7428,0.0000407558
7758,0.0000564898
1632,0.0006891829
4739,0.0003622708
4771,0.0003602804
6845,0.0004195739
8420,0.0003635767
8740,0.0006138348
9592,0.0003511069
1712,0.0002535400
1890,0.0003626588
2142,0.0002184531
2568,0.0003787086
3925,0.0004508594
4515,0.0002033588
5388,0.0002175095
7825,0.0001975949
7875,0.0003685438
8614,0.0001975491
8834,0.0002024383
9730,0.0002316440
1266,0.0002573454
1390,0.0002447734
1808,0.0000849435
4055,0.0000834811
4149,0.0000756346
4733,0.0000736393
5427,0.0002479420
6342,0.0001275065
1544,0.0004464046
2609,0.0006096448
2718,0.0006613544
3853,0.0004461172
4288,0.0004625427
4610,0.0003689227
7357,0.0006388236
1785,0.0000792183
3496,0.0000321552
3907,0.0000568520
4313,0.0000182247
6531,0.0001058803
7551,0.0002026387
7808,0.0000244558
8384,0.0001669715
832,0.0002746863
994,0.0007380046
1645,0.0003126193
2630,0.0003896127
3201,0.0002419875
4506,0.0003015578
4944,0.0002564696
5355,0.0002439219
6803,0.0002447324
8451,0.0002417993
9296,0.0002373051
2367,0.0002401717
2760,0.0002144818
3158,0.0003999949
3627,0.0002883752
4031,0.0005681479
4047,0.0003660126
7066,0.0003801521
8728,0.0002333330
7493,0.0000351232
451,0.0001778291
1147,0.0001286520
2684,0.0002971422
2907,0.0002502897
3111,0.0001296725
3323,0.0001431392
3713,0.0002975739
4726,0.0001376329
4794,0.0001531289
5066,0.0001410187
6450,0.0001620770
7838,0.0001359740
8830,0.0001746630
1323,0.0001974289
4166,0.0001000280
4834,0.0000652469
6288,0.0007986682
7415,0.0000711638
1116,0.0002393941
1702,0.0000942276
1880,0.0000508016
2107,0.0002755357
2113,0.0002037907
3080,0.0002498548
3092,0.0003878873
3410,0.0003868897
4410,0.0000920811
4413,0.0000502406
6532,0.0002080608
6622,0.0000579386
7789,0.0002208406
7813,0.0000949235
1480,0.0003131588
2745,0.0002440311
4360,0.0000782607
6273,0.0000751879
8138,0.0001111822
9806,0.0000724811
996,0.0002184153
1282,0.0001284278
2109,0.0001692935
2296,0.0003412982
4245,0.0000360689
4755,0.0001973338
5026,0.0000533595
7025,0.0000326749
7606,0.0000672543
8327,0.0000533631
8516,0.0000896347
8911,0.0000655952
2309,0.0000666510
2833,0.0000714302
2850,0.0000532126
7102,0.0000540822
7645,0.0000745402
1798,0.0004418728
2628,0.0001431620
2739,0.0001228146
5923,0.0002907196
7306,0.0001044173
8782,0.0001309679
9139,0.0002702582
4446,0.0000534419
780,0.0003180527
1512,0.0002606243
2490,0.0002989869
3953,0.0000862505
4140,0.0003743603
4920,0.0000973872
5871,0.0000975134
6794,0.0000892387
7607,0.0001777229
2306,0.0000845481
4034,0.0000381667
4714,0.0000588232
5261,0.0002615099
5644,0.0000460990
6251,0.0000553129
8589,0.0000584106
9112,0.0000339745
1172,0.0003714283
1752,0.0006351253
2388,0.0002581421
2421,0.0003718456
2711,0.0002589682
3133,0.0004208111
3258,0.0003603342
3281,0.0004628048
3872,0.0003122475
3887,0.0002561436
4363,0.0003064923
4589,0.0002798347
4824,0.0002587240
5112,0.0002520961
6140,0.0002714540
8154,0.0002573928
9108,0.0005169050
9888,0.0002571041
2462,0.0000443355
5291,0.0000581063
7806,0.0000447989
8120,0.0000356940
3155,0.0001088903
4307,0.0002169237
6506,0.0002864206
8178,0.0000975097
2854,0.0000090189
4041,0.0000227095
9033,0.0000842039
1291,0.0004856734
4872,0.0002129618
4993,0.0000722302
9049,0.0000776083
1441,0.0003440446
2948,0.0002490417
5335,0.0002289652
5657,0.0002626600
7032,0.0002338177
7938,0.0002848974
7997,0.0002267497
8044,0.0003174561
8811,0.0002434272
8883,0.0002265670
9037,0.0005798509
2014,0.0001172043
2146,0.0003921926
2922,0.0001080992
3412,0.0000938206
6193,0.0003519851
6678,0.0000776496
7528,0.0000782180
7552,0.0001288325
9677,0.0000781773
1888,0.0001454447
3301,0.0003065067
3423,0.0002197874
4734,0.0001928923
4763,0.0001409306
6295,0.0008416598
2751,0.0000762132
3647,0.0000587056
3736,0.0000345448
5065,0.0002100394
5469,0.0000549637
8601,0.0000339142
2697,0.0000351979
4894,0.0000288236
7072,0.0003446374
7827,0.0000204591
9551,0.0000258642
486,0.0001216574
1446,0.0000236125
5686,0.0000789010
9497,0.0000198215
1592,0.0000772823
1646,0.0000466630
2544,0.0002032903
3557,0.0003530363
4252,0.0000517403
7484,0.0000928890
955,0.0000932795
5347,0.0000394370
7279,0.0000370784
8886,0.0000639097
9638,0.0000313793
9944,0.0000592238
2246,0.0000703091
7736,0.0001547698
8922,0.0000076657
2091,0.0000684385
3195,0.0001741672
5280,0.0000129999
5341,0.0000109443
6345,0.0000201885
6368,0.0003339811
9653,0.0000267698
983,0.0004074940
3265,0.0003347972
4700,0.0001703463
5211,0.0003470109
5894,0.0001718942
6563,0.0001849241
8926,0.0001956419
4468,0.0000467891
6713,0.0000253408
1707,0.0007855664
2601,0.0002075617
2731,0.0002212713
3077,0.0002212930
3156,0.0002105148
3645,0.0002283312
4079,0.0004235051
5726,0.0008012277
7396,0.0002253315
7624,0.0002026331
8006,0.0002439279
8591,0.0002309682
952,0.0004084848
3574,0.0000328426
4442,0.0000346736
5073,0.0000387005
5453,0.0000961873
5772,0.0000614812
7075,0.0000376138
7289,0.0000899145
1252,0.0002818243
2461,0.0002536661
3797,0.0000557178
6597,0.0000574187
6761,0.0000923200
8470,0.0000467232
2584,0.0001086621
3549,0.0000476674
3990,0.0002438988
4225,0.0000593404
4578,0.0000666542
4788,0.0000632331
5232,0.0000718265
6245,0.0003363490
6725,0.0000481563
8517,0.0000435923
8769,0.0000459466
3623,0.0002610163
3842,0.0003946894
4469,0.0002229442
4881,0.0003135935
5834,0.0002276705
7026,0.0002873351
8821,0.0002296368
9547,0.0004042993
867,0.0004963942
1000,0.0007643311
1616,0.0005925553
1619,0.0006572671
1676,0.0006029830
1819,0.0004677861
3086,0.0004913968
3322,0.0006269709
3336,0.0007147770
3589,0.0004705559
3594,0.0005001354
3804,0.0006412556
4113,0.0007685796
4580,0.0006278307
5710,0.0004570627
5845,0.0004896236
5905,0.0006127211
7322,0.0004616141
7347,0.0005165726
7600,0.0004535098
7929,0.0004581049
8113,0.0005232067
8452,0.0004717896
8483,0.0004706216
8798,0.0004618996
9120,0.0004776076
9508,0.0004529362
9701,0.0004534920
8247,0.0000313168
9088,0.0000353016
2944,0.0003588898
3504,0.0001942076
5155,0.0005494873
9488,0.0001643100
1133,0.0001432918
2408,0.0002230249
2569,0.0002645450
2983,0.0003501588
3186,0.0002042456
4903,0.0001484757
4929,0.0001278720
5100,0.0001150476
5459,0.0003154774
5776,0.0003053818
6673,0.0001345886
7936,0.0001444053
8772,0.0001210692
1371,0.0002874007
1872,0.0002362141
2019,0.0002971926
2124,0.0004141739
2558,0.0002452788
2619,0.0003848950
2885,0.0004743159
3406,0.0004508291
3678,0.0006362618
4544,0.0002438698
4604,0.0002325709
6323,0.0002323350
6818,0.0003115679
6864,0.0003757922
6954,0.0002301469
7153,0.0002723742
7362,0.0003024119
7474,0.0002920832
7579,0.0004378887
7984,0.0002281695
8498,0.0002325542
9032,0.0002311268
792,0.0000628410
1369,0.0000763047
2676,0.0000628686
2776,0.0000579677
4911,0.0003641070
5286,0.0000406838
6663,0.0000582833
7843,0.0000559192
8991,0.0000135246
3784,0.0001134929
6024,0.0004488266
8609,0.0001283024
9220,0.0000730872
1787,0.0003128082
1895,0.0004685076
2734,0.0004464215
3250,0.0002945315
3870,0.0002737472
3937,0.0002823214
4356,0.0002780046
4627,0.0002731935
5318,0.0002945823
5499,0.0002752454
6334,0.0003332327
6665,0.0002803035
6871,0.0002939424
8236,0.0002878885
8837,0.0002935392
9170,0.0002749449
9974,0.0005974709
2350,0.0001776576
3099,0.0001084252
876,0.0004764558
2399,0.0001201873
4152,0.0000245155
4203,0.0000287031
6512,0.0000188555
9410,0.0000179994
5477,0.0000033041
753,0.0000414821
9676,0.0000083859
588,0.0002496937
2245,0.0002218153
2905,0.0002565455
3479,0.0001545130
4249,0.0001504583
5467,0.0001239604
7237,0.0002347726
7950,0.0000687729
2229,0.0001011727
3452,0.0001984021
3478,0.0002835758
5239,0.0000234623
7565,0.0001854790
662,0.0006450236
3761,0.0001893013
4094,0.0000850506
7380,0.0001003873
9090,0.0000335271
9836,0.0000393028
607,0.0002843702
2063,0.0000700498
3735,0.0000846170
4116,0.0001011433
4214,0.0000874900
4924,0.0000657106
5524,0.0002757432
5780,0.0001352500
8389,0.0002404930
1350,0.0001281165
2636,0.0002061494
3031,0.0003656996
3152,0.0000542284
2331,0.0009573878
4631,0.0002460502
6399,0.0000591223
7284,0.0001930535
8701,0.0000631667
9980,0.0001136086
1660,0.0000758752
2356,0.0001858936
3582,0.0000104225
4727,0.0000125932
1587,0.0005609199
2048,0.0001911503
3404,0.0002302867
6067,0.0002062569
6283,0.0002426914
6859,0.0007519958
7077,0.0004405434
8762,0.0002421986
1515,0.0001899010
2207,0.0000425710
3256,0.0000226180
5080,0.0000582549
5725,0.0001452415
7261,0.0000367408
8371,0.0000200728
3277,0.0000548216
4723,0.0000271002
6712,0.0001642027
9019,0.0000110586
9370,0.0000149900
1648,0.0001966635
2159,0.0002706361
5300,0.0001867562
8205,0.0001794791
1846,0.0001570990
2494,0.0002118972
3508,0.0001823431
5590,0.0001408607
6729,0.0001464607
7243,0.0001417176
9061,0.0001422976
1634,0.0004327475
1718,0.0001774834
2629,0.0000980835
3912,0.0001551912
4365,0.0000809735
5249,0.0000987808
5532,0.0000847217
5681,0.0000972221
5866,0.0001488424
6371,0.0000802507
7356,0.0002883440
8046,0.0001549737
1540,0.0001683385
2457,0.0001365364
4808,0.0000483194
5159,0.0000427835
6153,0.0000361554
7156,0.0000342923
9620,0.0000629199
518,0.0004035580
1139,0.0002528937
1966,0.0001245129
3447,0.0001125307
3560,0.0001003642
3829,0.0001085501
4677,0.0001033372
6903,0.0001014721
7414,0.0001450190
9058,0.0001032483
9177,0.0000998000
9468,0.0001406772
1564,0.0001503016
2093,0.0000956909
3013,0.0001150262
6247,0.0000954978
1111,0.0002189814
5883,0.0002312238
1181,0.0000259371
3700,0.0000185103
6556,0.0000708237
8019,0.0000233731
4188,0.0003667767
6160,0.0003603376
6806,0.0003302118
7748,0.0003406860
8978,0.0003338067
1744,0.0000577563
2231,0.0006369278
2815,0.0001237976
3206,0.0000554881
4445,0.0002042935
5133,0.0000732239
5753,0.0000581415
6221,0.0000549075
6967,0.0001562480
7757,0.0000629112
9119,0.0002289937
3660,0.0000882588
4139,0.0001061905
6382,0.0002233616
8539,0.0000681447
688,0.0000777956
1272,0.0002157127
2476,0.0000267609
2738,0.0000825049
3177,0.0000372956
9772,0.0000509140
1022,0.0001801624
4023,0.0000276280
4228,0.0000256941
4452,0.0000960529
4939,0.0000636354
7636,0.0000306948
1432,0.0002256383
1812,0.0002746461
1883,0.0002341850
4351,0.0001826803
5972,0.0001511160
7042,0.0001395454
7151,0.0001350559
7248,0.0002052063
7340,0.0001394755
7533,0.0003172034
8085,0.0001346045
9182,0.0001369851
9449,0.0001345300
5358,0.0002006753
8333,0.0001633620
9276,0.0001764888
1179,0.0001324605
1417,0.0001571555
3144,0.0001807562
2765,0.0002570064
3183,0.0003359490
3387,0.0002678911
3545,0.0002814434
3801,0.0003894446
4743,0.0003584898
7271,0.0009493900
7627,0.0002422551
7668,0.0002425614
7688,0.0002416470
4114,0.0000144577
5223,0.0000327165
5724,0.0000152444
6939,0.0000211217
8559,0.0001449305
4558,0.0000587778
5409,0.0001141945
6416,0.0000471364
7730,0.0000734661
8224,0.0000710631
787,0.0002806177
2750,0.0002945797
3274,0.0003540072
4436,0.0001964971
6313,0.0003443204
6685,0.0001914346
7666,0.0001797942
8352,0.0003351515
9590,0.0004886338
9657,0.0001786630
749,0.0001444246
3655,0.0001119157
3854,0.0001073521
6877,0.0001282763
6952,0.0001136205
7927,0.0001236178
8283,0.0001294595
8491,0.0001086196
9351,0.0000319884
6413,0.0000050044
2498,0.0000383875
8885,0.0000276743
1010,0.0005646210
1768,0.0000440370
3531,0.0000146957
4291,0.0001952162
4316,0.0000126449
5214,0.0000154165
1957,0.0003512487
2305,0.0003692572
4732,0.0006272987
5696,0.0005125546
6643,0.0003913948
8615,0.0003455662
9366,0.0005384797
841,0.0007135721
1473,0.0002787713
1553,0.0005280624
1722,0.0002484319
2713,0.0002391118
2903,0.0002625008
3235,0.0002339142
3269,0.0002357919
3779,0.0002470881
5130,0.0003306003
6255,0.0002474677
6449,0.0002545405
6561,0.0004195571
7079,0.0003896906
8280,0.0002301315
8366,0.0002351399
3097,0.0001919321
3297,0.0005265347
8877,0.0001652803
9777,0.0001658884
9917,0.0001658224
2021,0.0001091873
5926,0.0000874247
6411,0.0000861387
7188,0.0001239129
1649,0.0001178329
6842,0.0000121447
8268,0.0002158709
1307,0.0002339497
4910,0.0000829310
5293,0.0000782390
5610,0.0001111957
9584,0.0000732385
1324,0.0003888684
2540,0.0000346866
3483,0.0001997325
7021,0.0000385729
8962,0.0000386671
9556,0.0000264256
1463,0.0001463258
1866,0.0004313483
2512,0.0003548444
5185,0.0001448669
5775,0.0001649319
6272,0.0001591464
7295,0.0001409292
1048,0.0003354766
1737,0.0000869102
2153,0.0000885181
5074,0.0000655734
5436,0.0000720670
5862,0.0002342149
6333,0.0000706132
9318,0.0000934730
466,0.0005210873
2594,0.0003328809
6536,0.0000074329
6928,0.0001627637
8853,0.0000270093
5416,0.0000297425
6089,0.0000301392
1302,0.0003126145
1956,0.0003157694
3638,0.0000299242
8948,0.0000245568
1860,0.0000299911
2835,0.0000420629
3095,0.0000154346
4338,0.0000265136
4950,0.0000190603
1527,0.0002419542
2702,0.0000531654
3159,0.0000161178
4489,0.0000220729
4822,0.0000303863
1853,0.0000863144
1974,0.0000658967
2877,0.0003023248
3384,0.0002820713
6071,0.0000930878
6374,0.0000436341
6830,0.0001892275
3344,0.0000362610
6170,0.0000928095
9833,0.0002327848
9891,0.0000300251
1450,0.0001149516
4470,0.0000329089
5179,0.0000481526
8439,0.0000249204
9852,0.0000182094
701,0.0002723238
1465,0.0001925470
1988,0.0003238708
2175,0.0002263995
3104,0.0002442117
4594,0.0001686095
6123,0.0001817369
7384,0.0001656511
7590,0.0001638864
2526,0.0004216579
2994,0.0003429992
3113,0.0003691355
4342,0.0003442038
4963,0.0003517933
6489,0.0003403240
7555,0.0003964729
8624,0.0003397158
839,0.0001808459
1893,0.0002312756
2018,0.0001204645
2313,0.0002774604
2381,0.0001207828
3196,0.0001305459
3246,0.0001618381
3979,0.0001058702
4897,0.0003536980
5356,0.0001210731
5938,0.0001056282
6276,0.0002015586
8417,0.0001610600
9308,0.0001069715
4719,0.0001616016
6171,0.0001751339
6670,0.0001725711
7109,0.0000406824
7255,0.0000135737
7683,0.0001695385
1489,0.0000691350
1639,0.0000622731
2032,0.0001342473
3378,0.0000798202
3491,0.0000650324
3790,0.0000410589
3863,0.0000420841
4990,0.0000652941
5797,0.0000883900
6003,0.0000476523
8289,0.0000409617
8902,0.0000594462
9004,0.0000566179
9780,0.0000405786
1170,0.0000694730
3526,0.0000781481
4798,0.0000938885
5132,0.0000517025
5387,0.0002829940
8862,0.0000610967
2128,0.0000640577
5075,0.0000206537
5324,0.0000500205
8305,0.0000341548
2700,0.0000187539
3651,0.0002796856
2139,0.0005259205
5550,0.0001842437
8494,0.0003182290
8729,0.0001588550
9162,0.0001592207
9225,0.0001564987
9934,0.0001545969
1696,0.0002415273
3939,0.0002238821
4141,0.0001864138
4519,0.0001848094
5285,0.0003309962
5571,0.0001802814
5604,0.0003534193
7210,0.0001778180
8121,0.0001787044
9618,0.0001824259
727,0.0001182079
1293,0.0003840138
1377,0.0001245290
1865,0.0002583340
2277,0.0000969588
3243,0.0001089020
3733,0.0001054494
3980,0.0001049420
4190,0.0001335175
4699,0.0000882669
5118,0.0005322955
5373,0.0002741250
5463,0.0000970593
6403,0.0000891111
6598,0.0008241870
6831,0.0000935440
7581,0.0001722307
8457,0.0000915783
9734,0.0001667319
692,0.0001805015
7846,0.0000140760
8952,0.0000090942
3338,0.0003531963
4459,0.0000401571
6220,0.0000420539
7268,0.0000397989
7981,0.0000400991
8444,0.0000679571
8973,0.0000605092
2724,0.0000554123
6412,0.0000768148
9641,0.0001741804
7631,0.0000349326
2411,0.0001263142
2614,0.0001171323
3737,0.0001183130
4768,0.0001108444
5204,0.0001167174
6062,0.0001161952
6327,0.0001066627
1159,0.0001657366
7763,0.0002796155
9209,0.0000790825
9994,0.0000703751
1697,0.0002046039
1786,0.0000386113
1898,0.0003374300
4750,0.0000352235
5868,0.0000225715
5032,0.0001068298
6575,0.0000318518
7699,0.0001333672
4615,0.0000648822
5758,0.0000418926
1418,0.0000896661
2672,0.0001857987
2804,0.0000432339
8091,0.0000357395
1314,0.0006854788
6580,0.0002825824
4779,0.0000702311
4973,0.0000820957
5342,0.0000756507
1003,0.0006609787
1612,0.0003372714
2679,0.0002605170
2682,0.0005777321
4337,0.0002359824
4353,0.0003760417
5729,0.0002218816
6328,0.0002838230
6467,0.0002290476
7893,0.0002220781
8335,0.0002237535
6916,0.0002198092
6731,0.0000387222
9637,0.0000378389
1945,0.0002829844
2828,0.0001144115
3833,0.0001244952
4997,0.0001682873
5392,0.0004145236
5700,0.0002325822
6095,0.0001103690
7376,0.0000842733
9129,0.0000840167
9285,0.0000856619
9422,0.0000967825
2974,0.0001649778
2978,0.0003213104
3972,0.0001859186
9235,0.0001629692
5352,0.0000181368
9390,0.0001866272
1566,0.0000484316
2308,0.0001818826
4213,0.0002855903
6471,0.0000237631
6583,0.0000387703
6727,0.0000517667
3588,0.0002378239
3947,0.0002300362
2241,0.0000701524
3214,0.0000935282
4060,0.0000618344
7562,0.0000742972
8503,0.0000621433
9761,0.0000889996
1273,0.0001843496
7118,0.0000644471
8723,0.0000685487
9648,0.0000377763
1248,0.0000702727
2762,0.0000824919
4012,0.0002039144
5224,0.0001120858
5896,0.0000804492
6420,0.0001261786
9408,0.0000588601
824,0.0007923283
5737,0.0000349883
7327,0.0000151471
7877,0.0000117502
8225,0.0000135991
8250,0.0000174545
8776,0.0000199684
2341,0.0001106802
2554,0.0002930284
3910,0.0000925021
4708,0.0002301674
5389,0.0001485926
6668,0.0000976161
7572,0.0001821106
9957,0.0001410420
442,0.0004717689
1699,0.0003453473
1970,0.0003358208
2020,0.0003822975
2236,0.0003469480
5218,0.0005024295
5734,0.0003685635
6287,0.0003184237
6587,0.0004805018
8700,0.0003392985
8781,0.0003217053
9253,0.0003460178
2385,0.0003889771
8153,0.0004746748
9135,0.0003283298
1627,0.0001037685
3019,0.0000713551
3821,0.0002237189
4176,0.0002100870
5033,0.0000620945
6026,0.0001916215
6718,0.0000719082
6915,0.0001398925
6998,0.0000439666
7315,0.0000472685
7393,0.0003195268
8355,0.0000481747
9884,0.0000442771
3071,0.0000867199
3613,0.0001780022
4940,0.0000861721
5068,0.0002271668
5316,0.0000858804
6110,0.0001127613
7543,0.0000782608
9113,0.0000765391
2332,0.0002445636
6252,0.0001995036
7332,0.0001964566
8596,0.0001952967
9319,0.0002105275
1886,0.0001467011
2192,0.0000497795
2813,0.0000300404
4030,0.0000328022
4582,0.0000114328
9416,0.0000352359
1101,0.0002113428
2749,0.0001840268
2887,0.0002080959
4561,0.0001934295
4833,0.0001806607
5501,0.0001993239
5985,0.0002274296
6633,0.0001794883
6757,0.0001794740
8852,0.0002796967
2740,0.0006923199
2758,0.0006023896
4331,0.0006062927
6687,0.0005847515
8005,0.0005895588
8233,0.0005842634
8901,0.0005879439
3884,0.0000828221
3952,0.0001868246
5441,0.0000147412
1296,0.0000256376
4695,0.0001621789
2806,0.0002008764
8690,0.0000349447
9720,0.0000327792
1424,0.0000381736
3949,0.0000327412
4552,0.0000533121
7076,0.0000615924
8220,0.0000350380
1209,0.0000435965
1607,0.0000130133
1672,0.0003481838
1795,0.0001573446
2995,0.0000355725
7246,0.0000744262
9138,0.0000064080
9667,0.0001802352
2717,0.0000766667
4836,0.0000801619
5178,0.0000980398
6744,0.0000826801
9321,0.0000892206
9913,0.0002305736
2102,0.0001852680
4943,0.0003944287
5967,0.0001804947
5991,0.0002717311
6096,0.0001745383
6545,0.0001843500
7353,0.0001918487
9405,0.0001829122
928,0.0001063492
1955,0.0001100875
3377,0.0001057711
3492,0.0002306144
4210,0.0001037010
8856,0.0000814045
8889,0.0002325647
9864,0.0000910974
7784,0.0000643311
6478,0.0001266484
1246,0.0000902365
2273,0.0000491873
3933,0.0000827462
4863,0.0000463126
6352,0.0001929974
9386,0.0000384767
3521,0.0000120691
6200,0.0000055319
6299,0.0000639171
8578,0.0000182831
9785,0.0000043013
2504,0.0002089274
3505,0.0002377378
7700,0.0001969942
7756,0.0001942192
9750,0.0001883288
2287,0.0000362206
2696,0.0000179864
1875,0.0000315534
2343,0.0001633540
5768,0.0000069766
6138,0.0000033967
6262,0.0000098934
7729,0.0000038654
7826,0.0000099871
6212,0.0000242023
7884,0.0001835631
5502,0.0000441132
6746,0.0000172712
723,0.0002635312
3718,0.0003158098
6281,0.0002143714
6816,0.0002982072
7355,0.0002466981
7706,0.0002352027
7990,0.0002144227
2612,0.0001762947
3191,0.0003441909
4361,0.0001951146
4498,0.0001755944
4848,0.0001782541
6508,0.0001942118
8963,0.0002181140
9959,0.0001832177
8675,0.0000205951
4267,0.0000278026
7896,0.0001791892
1909,0.0001037581
2517,0.0002419377
5283,0.0001238131
5607,0.0002938989
5695,0.0000727592
9071,0.0000673612
9744,0.0001012642
7214,0.0000680503
1186,0.0008122093
2154,0.0008412968
2173,0.0007380511
2491,0.0008380304
2585,0.0008824820
2642,0.0008865147
3032,0.0007515100
3548,0.0007303912
3708,0.0008922137
3753,0.0007329129
3820,0.0007537839
3823,0.0007522498
5736,0.0008903897
2002,0.0002088465
3146,0.0002212139
3993,0.0002294559
5193,0.0002049690
5569,0.0001941098
8749,0.0001922284
1664,0.0002127830
1665,0.0001943682
1680,0.0002162633
3057,0.0002165277
4573,0.0002177838
5097,0.0001934436
6832,0.0002070932
6858,0.0001846428
8435,0.0001850350
8828,0.0002347444
3273,0.0000115441
3434,0.0000237319
4415,0.0000096950
8940,0.0003675231
6311,0.0000475393
2089,0.0000253126
3565,0.0001999540
9373,0.0000088850
1037,0.0003134288
3999,0.0001422355
4913,0.0000912843
6386,0.0001201905
2303,0.0002779192
4502,0.0001478570
4951,0.0002887095
8353,0.0001756647
3004,0.0001633929
5164,0.0000118362
8713,0.0001569852
1197,0.0000258593
5558,0.0000097791
5597,0.0000049768
7134,0.0000037687
7155,0.0000757306
2814,0.0000945872
3261,0.0001579562
3648,0.0000725631
4231,0.0000523171
4842,0.0000302586
5523,0.0000297972
5612,0.0000330054
6887,0.0001223567
7883,0.0000507883
9623,0.0002074196
3197,0.0000160844
5432,0.0000132304
5439,0.0000753041
1859,0.0000039978
7466,0.0000032350
9223,0.0000297615
1965,0.0000966513
2441,0.0001169033
4101,0.0000974912
6841,0.0000960656
8082,0.0002499778
9133,0.0001228331
9986,0.0000938368
9208,0.0000077229
7994,0.0000427136
5079,0.0000281470
5452,0.0000461651
8421,0.0001604807
6244,0.0002066982
6605,0.0002136139
6751,0.0001984335
7163,0.0002161762
8564,0.0001969645
5058,0.0000704321
5706,0.0000284284
7672,0.0000948822
7701,0.0000543104
9673,0.0001267474
2895,0.0003839662
5678,0.0004847552
5988,0.0004411588
2204,0.0000863900
2764,0.0006265762
6196,0.0000347902
8542,0.0000325620
9568,0.0000355581
1049,0.0000416083
2403,0.0000213321
2852,0.0000434045
8282,0.0000320187
9329,0.0000137665
1297,0.0000412186
6126,0.0000098762
6260,0.0000177140
9531,0.0000221385
4591,0.0000048499
7317,0.0000264571
8468,0.0000210485
8743,0.0000343001
9013,0.0001896931
5473,0.0000766208
6329,0.0002210078
6618,0.0000841595
6776,0.0000721243
7550,0.0000731500
3330,0.0000664043
4888,0.0000705780
6302,0.0000669207
7417,0.0000851152
9991,0.0000658228
1723,0.0001640424
2249,0.0001927373
2936,0.0001508541
3643,0.0002524920
3865,0.0001277444
4276,0.0001671185
5485,0.0001317746
6355,0.0001418509
7450,0.0001493953
7571,0.0001343221
7698,0.0002797800
7819,0.0001274183
8630,0.0001362990
3794,0.0002247213
7854,0.0000401037
8649,0.0000267159
7389,0.0000287786
7471,0.0000294887
8665,0.0000191848
1141,0.0000369516
2849,0.0001998092
1536,0.0002705810
6469,0.0001996390
7431,0.0002019124
7499,0.0001939682
8403,0.0002106605
9334,0.0002952637
2108,0.0000467844
2945,0.0000708549
5487,0.0001295549
6033,0.0002515021
7115,0.0000460017
1972,0.0001718641
4482,0.0000107585
4915,0.0000103706
7549,0.0000200267
8673,0.0000212548
1184,0.0006751931
2206,0.0004583250
3317,0.0002449280
3435,0.0002599816
3532,0.0002508535
3749,0.0002730293
4108,0.0002384650
1642,0.0003378914
6042,0.0006135384
7545,0.0002241070
7647,0.0000025300
2254,0.0000260279
5924,0.0000368487
9760,0.0000337015
1331,0.0006809664
2923,0.0004123188
7512,0.0003804526
7942,0.0003780354
8860,0.0004403210
5122,0.0003868397
2520,0.0001250276
6684,0.0000709043
7104,0.0000289177
2869,0.0000284265
4406,0.0000432943
5205,0.0000862838
6862,0.0000240937
7870,0.0000330143
9564,0.0000238483
2487,0.0001069292
4328,0.0001610186
1430,0.0002204246
3061,0.0003072439
4393,0.0002233303
5139,0.0003862044
6164,0.0002230313
6999,0.0002383675
7703,0.0002214075
7920,0.0002176249
8815,0.0002189897
9166,0.0002385927
2598,0.0002568342
5369,0.0001932669
8388,0.0001832599
8443,0.0002146004
9554,0.0002101795
9576,0.0002057652
9797,0.0001891374
2260,0.0000237332
3039,0.0000211550
4297,0.0000296558
5786,0.0000176174
6740,0.0000215366
4196,0.0000323354
7020,0.0000410919
7708,0.0000422167
9077,0.0002045546
1215,0.0001212641
3893,0.0000143755
6346,0.0000236826
2881,0.0001241203
3573,0.0001054832
6047,0.0002495321
7172,0.0001056448
3837,0.0001651344
4840,0.0000304436
6781,0.0000165817
7765,0.0000134635
8526,0.0000129128
3431,0.0000456065
5182,0.0000142414
8358,0.0000115854
2928,0.0000711852
3440,0.0000677807
4724,0.0000638829
1343,0.0000666416
3017,0.0000773262
4537,0.0002201904
9773,0.0000595704
3279,0.0000895846
3730,0.0000557769
6717,0.0000594320
7426,0.0000739078
1385,0.0002506615
5887,0.0001113638
7785,0.0000965380
8966,0.0001004664
2485,0.0000615015
2970,0.0002432266
6876,0.0000148229
7373,0.0000110918
1306,0.0001651475
2216,0.0000836648
3198,0.0000075617
7508,0.0000127477
8638,0.0002482130
1937,0.0000259537
3396,0.0000103151
7781,0.0000125297
2275,0.0000480434
2297,0.0000538240
7834,0.0002141313
6491,0.0000006798
888,0.0003058196
1340,0.0002655091
6481,0.0000433564
8116,0.0000318529
8518,0.0000507578
3586,0.0002466211
3920,0.0002418549
6897,0.0002251629
7350,0.0002527268
7885,0.0002460728
8870,0.0003708740
1322,0.0002886469
1748,0.0000471293
3541,0.0000435016
7116,0.0000069096
7440,0.0002162012
3325,0.0000397650
5824,0.0000264847
7031,0.0000408109
5599,0.0000024736
6565,0.0000287080
2368,0.0002591147
2692,0.0000826572
3932,0.0000637489
4072,0.0000674807
7886,0.0000606129
9860,0.0000610915
5996,0.0000786954
6880,0.0002505467
9041,0.0000225550
1399,0.0003778628
4222,0.0004787472
5486,0.0003290826
6391,0.0003265045
6624,0.0005277975
8836,0.0000051034
9254,0.0000081495
1601,0.0000232335
4003,0.0000353091
9273,0.0000943827
5481,0.0000923716
6060,0.0000659752
7064,0.0000703208
7147,0.0000455522
7521,0.0000794566
8267,0.0000483311
8398,0.0001444382
8790,0.0002083058
1362,0.0002518702
7675,0.0000244742
1628,0.0000601504
3727,0.0000043871
4927,0.0000125416
9946,0.0000045595
5062,0.0000247013
1794,0.0004040185
4011,0.0006606333
4821,0.0003790660
6006,0.0003619625
6918,0.0003744356
7304,0.0003723204
9872,0.0003682768
1591,0.0001118156
3374,0.0000524083
4439,0.0000542602
2015,0.0004148982
3646,0.0002024106
9400,0.0000517095
1728,0.0002052302
1961,0.0001864506
4106,0.0001955892
4742,0.0003403371
5246,0.0002741154
6658,0.0003421654
7782,0.0001746279
7836,0.0002382123
8533,0.0001724900
1751,0.0001879092
5759,0.0002479024
8881,0.0001985907
9160,0.0000082911
2269,0.0000130503
4965,0.0000157553
4974,0.0000350920
3503,0.0000119978
3816,0.0000404116
4690,0.0000033359
5999,0.0000226140
9232,0.0000027072
9487,0.0000029352
6074,0.0001775604
7166,0.0001844629
7861,0.0001772211
6913,0.0000155448
9355,0.0000145152
2534,0.0000234271
9966,0.0000266705
2741,0.0000295630
2205,0.0003647769
3554,0.0002859603
5401,0.0001640062
6972,0.0001026154
8336,0.0001089905
8481,0.0001175945
8797,0.0001057900
9245,0.0001024596
9812,0.0002501529
2152,0.0000699905
4208,0.0000842215
5754,0.0000462104
8474,0.0001959620
8598,0.0000330791
1035,0.0002654993
1498,0.0003483033
2234,0.0002926806
2342,0.0002039138
2546,0.0002335452
3102,0.0002889080
7769,0.0001870216
1673,0.0000302996
2070,0.0001727955
3151,0.0000166972
4895,0.0000256108
8607,0.0000632814
9654,0.0000381797
7752,0.0000140538
8976,0.0000089711
1797,0.0003498335
2120,0.0002928960
5447,0.0003558416
9484,0.0002964355
2516,0.0002740506
3005,0.0001855425
3511,0.0002649204
6066,0.0001075904
7130,0.0000903453
3745,0.0000110764
7486,0.0000125028
7923,0.0001735341
3047,0.0003810993
5254,0.0002326759
7448,0.0003289704
7991,0.0001848901
1603,0.0005823689
4157,0.0002122836
4932,0.0002028374
9143,0.0001548737
9680,0.0001618118
2299,0.0000880763
4366,0.0000542655
8608,0.0000495569
4170,0.0004682206
4801,0.0001851648
9258,0.0001711519
3259,0.0001827582
6197,0.0000172856
7312,0.0000217616
1292,0.0002114387
2029,0.0002311272
3577,0.0001970004
5750,0.0001963014
8229,0.0002108884
4953,0.0000518465
9372,0.0000412582
995,0.0003266285
3973,0.0001568867
8042,0.0001543840
8872,0.0003119813
1021,0.0003664320
2272,0.0002713842
2505,0.0002742744
2603,0.0002798410
3143,0.0002692686
5682,0.0003446800
7240,0.0002731158
7544,0.0002686393
1278,0.0002415763
2209,0.0004468565
2710,0.0002450823
3421,0.0002341557
3524,0.0005583401
3964,0.0004500366
5536,0.0002273085
7112,0.0002237572
7232,0.0003010521
7889,0.0003750078
2725,0.0000378899
3372,0.0000228991
4392,0.0002121645
6111,0.0000931986
8545,0.0002271215
7779,0.0001857215
1438,0.0000258222
3943,0.0000272307
4169,0.0000494591
4172,0.0000781636
8125,0.0000259032
2270,0.0001143985
3100,0.0001000820
4720,0.0001724278
5188,0.0001017580
5500,0.0001026804
8509,0.0001117099
8928,0.0000959280
4396,0.0002817269
1095,0.0000954523
1447,0.0000494768
1825,0.0000351942
7677,0.0000218326
8761,0.0000242040
9332,0.0000692271
3642,0.0001285250
5665,0.0001781881
9457,0.0001553875
9587,0.0000143139
9996,0.0001970888
2632,0.0000939003
3315,0.0000241310
3989,0.0000216580
4682,0.0000223412
5965,0.0000173598
9731,0.0000120427
2265,0.0001949551
2839,0.0002810193
4077,0.0003470131
4300,0.0001082226
5563,0.0001075602
6208,0.0002398807
6301,0.0001183787
6883,0.0001168273
7167,0.0001051586
7704,0.0001383852
8868,0.0001064854
1295,0.0000488862
4669,0.0000175764
7604,0.0000205914
8325,0.0000302431
2424,0.0000225879
2687,0.0000110927
8171,0.0000751302
8812,0.0000113102
3609,0.0001688386
4679,0.0000158814
1235,0.0001872616
1705,0.0002371496
4087,0.0003180672
6152,0.0003520883
7318,0.0002768118
8668,0.0001695636
2680,0.0001651080
6944,0.0001585820
2283,0.0000708153
6174,0.0000172502
6337,0.0000171177
1190,0.0002119325
4184,0.0000301187
4339,0.0000449791
7643,0.0000258056
8680,0.0001845314
8939,0.0000978470
4306,0.0002192200
4441,0.0002305683
9813,0.0001933738
2706,0.0002764064
3460,0.0002702099
5161,0.0002587166
5406,0.0002540628
7273,0.0002659305
9622,0.0002597585
8303,0.0000922686
1428,0.0000414729
6362,0.0000049198
1686,0.0002226639
1923,0.0001020309
4504,0.0000475247
9617,0.0000732266
2430,0.0000497068
4258,0.0001015156
6168,0.0000406699
5822,0.0000109876
5849,0.0000293610
4217,0.0001873082
5492,0.0000243404
8273,0.0000093198
9280,0.0000098538
1368,0.0002528324
2510,0.0001150405
6567,0.0001087369
1758,0.0000136448
4082,0.0001668654
9045,0.0002905248
5181,0.0001859297
4028,0.0000954018
4971,0.0000854064
6007,0.0000762920
6293,0.0000688013
7804,0.0000814517
9111,0.0000713822
5255,0.0000723183
5266,0.0000178587
5982,0.0000205047
7924,0.0000347741
1254,0.0001450336
1394,0.0001229603
2271,0.0001176093
2959,0.0000991907
4037,0.0001124557
5187,0.0001132820
5298,0.0001250063
6750,0.0001009509
7211,0.0001725655
9414,0.0000962606
9778,0.0000930951
2748,0.0000601191
2866,0.0000078843
9740,0.0000370789
1093,0.0000749855
4178,0.0000067222
4902,0.0000060967
3787,0.0001732037
8510,0.0000018027
4507,0.0001540778
6002,0.0000066746
5272,0.0000148432
9475,0.0001755954
1998,0.0000841916
2105,0.0000428741
2262,0.0000327478
4670,0.0000371235
4923,0.0000044600
7530,0.0000189769
7764,0.0000634281
3571,0.0000344315
7342,0.0002008594
4380,0.0002237640
4398,0.0000392956
7346,0.0000222063
9762,0.0001913925
5528,0.0001357183
1200,0.0001408069
9364,0.0000390262
7165,0.0000187106
8794,0.0001666828
5312,0.0000956734
6844,0.0000978120
1585,0.0006780659
1589,0.0007589874
3424,0.0004423620
3701,0.0004466751
6034,0.0004418722
6080,0.0004370805
6602,0.0005869378
9514,0.0004615193
9987,0.0004396983
2553,0.0005496511
6961,0.0003846499
8813,0.0003858794
6298,0.0000299163
7263,0.0002980885
7517,0.0000348772
9287,0.0000337824
3931,0.0002241565
4602,0.0000354152
8755,0.0000225243
1419,0.0000773129
6090,0.0000794385
6654,0.0000570447
8124,0.0000475966
9594,0.0001273552
4156,0.0000485665
7602,0.0000322350
7661,0.0000240044
7767,0.0002212141
8014,0.0000163946
8583,0.0000147445
2555,0.0001818049
3499,0.0000590490
2916,0.0000834247
4248,0.0000692412
5660,0.0001045060
7100,0.0000486100
1408,0.0000577201
3653,0.0000491188
6078,0.0003532277
7260,0.0000062750
9588,0.0000062750
3509,0.0000355655
4563,0.0001254713
4882,0.0000480301
5874,0.0000340243
6120,0.0002000137
3084,0.0002379281
4074,0.0005855648
5945,0.0002265517
6304,0.0000681850
1405,0.0000107278
5093,0.0000168846
7824,0.0000192676
947,0.0002933693
3194,0.0000455143
4120,0.0000430505
5547,0.0002671097
6070,0.0000489128
4718,0.0001793027
5323,0.0000858426
4295,0.0001677539
6043,0.0000192336
9876,0.0000677377
2855,0.0000588836
2884,0.0000245519
5867,0.0000424272
7405,0.0001164825
8075,0.0000255879
9029,0.0000377295
1026,0.0003138454
1836,0.0002979816
2348,0.0003015586
3666,0.0001452046
4092,0.0003666126
4124,0.0001822971
4131,0.0001806351
4301,0.0001399304
5281,0.0001755909
7375,0.0001611771
1511,0.0002508117
7082,0.0000334702
8695,0.0000033384
2873,0.0002042095
5364,0.0000662158
9496,0.0001801663
6079,0.0000075811
2443,0.0001018901
5061,0.0000366654
1321,0.0001222654
5705,0.0000271305
6646,0.0000752298
8666,0.0000262409
8919,0.0000441958
9443,0.0000382348
2756,0.0000031103
2318,0.0000529369
5360,0.0001070718
5661,0.0000440897
6400,0.0000875471
8929,0.0000525294
9080,0.0000542404
9719,0.0000604020
7374,0.0000269328
3767,0.0000602817
3881,0.0000257611
3917,0.0000191437
4524,0.0000930089
6303,0.0000386492
8612,0.0000277395
3600,0.0001688956
4529,0.0000437082
6925,0.0000257865
2472,0.0000179112
1896,0.0003529424
9161,0.0000391162
4355,0.0000296922
8406,0.0000146202
9936,0.0000322037
6306,0.0000057202
1835,0.0000581670
5851,0.0000136225
7310,0.0000251064
2550,0.0000228034
3758,0.0001986040
7036,0.0002047620
7966,0.0003285090
8552,0.0001809189
1138,0.0000769238
4308,0.0000340553
2560,0.0001995884
2886,0.0001699007
3141,0.0000484788
3578,0.0002016072
5470,0.0000486296
5688,0.0000489034
6199,0.0000448767
2007,0.0001815411
4928,0.0003287075
9666,0.0001627470
5562,0.0001108679
5579,0.0000369810
8356,0.0001584398
8575,0.0001889060
8803,0.0001587410
2224,0.0000974698
2645,0.0001061816
4385,0.0000947548
7497,0.0002361370
7749,0.0001274475
8730,0.0001008486
9984,0.0000943756
4588,0.0001550079
7461,0.0001523675
1667,0.0001165323
3485,0.0000521966
3857,0.0000563892
5912,0.0000160666
9466,0.0000134394
2042,0.0000467969
5790,0.0001749806
7443,0.0000115328
7773,0.0000107321
7945,0.0000276446
9945,0.0001766697
5925,0.0001751350
6899,0.0001868708
3869,0.0002410016
4839,0.0000367437
5014,0.0000940060
5456,0.0001905175
6638,0.0000243184
9402,0.0000041267
4789,0.0000297608
6768,0.0001823266
9001,0.0000068322
5116,0.0000502203
5289,0.0000433717
9569,0.0000351905
3205,0.0000225134
2533,0.0003857858
3798,0.0000813826
4559,0.0000895315
7649,0.0001467198
8235,0.0000812695
9187,0.0000812479
2497,0.0000322739
4174,0.0000529786
5974,0.0000333272
6997,0.0000284758
9849,0.0000320992
1167,0.0000595049
2931,0.0000714030
7293,0.0000484183
1316,0.0000910183
3732,0.0000219606
6835,0.0001843333
3072,0.0002056203
4668,0.0003269871
6265,0.0002126223
6783,0.0001817823
6987,0.0001799734
7070,0.0001961989
1753,0.0000283114
5658,0.0000187443
8238,0.0000238420
4917,0.0000836116
7916,0.0000093177
8117,0.0000215917
4236,0.0000169779
4535,0.0000209418
9027,0.0000214840
9889,0.0000465272
1300,0.0002032870
1386,0.0001888747
2759,0.0000441348
3855,0.0000871016
5838,0.0000275100
9781,0.0000213583
3441,0.0000661713
3449,0.0000514297
8720,0.0000495758
9039,0.0000295987
1814,0.0000349323
3207,0.0000461341
4282,0.0000146583
5913,0.0000111997
1733,0.0000323127
1740,0.0000455948
1920,0.0001905073
5282,0.0000290632
1633,0.0001576023
2624,0.0000833465
3470,0.0001079100
5173,0.0001241343
6190,0.0000616869
7567,0.0000858715
9433,0.0002180149
9688,0.0000950667
5381,0.0001736126
4253,0.0000023063
8490,0.0000017159
6606,0.0000060456
7068,0.0000043088
4592,0.0000675011
5791,0.0000625329
2921,0.0000394322
4097,0.0000234797
9530,0.0000291502
2524,0.0002293396
4054,0.0001755701
9458,0.0001685544
2874,0.0001687285
4704,0.0001987232
5573,0.0000229031
5921,0.0000210008
9650,0.0000198587
2917,0.0002437283
3131,0.0002429581
3774,0.0002612058
9581,0.0002308719
3309,0.0000885184
3430,0.0000360283
5011,0.0000174196
3112,0.0002062290
4709,0.0001746215
8065,0.0001751578
9343,0.0001765165
1490,0.0001522754
4377,0.0000281875
5322,0.0000550467
7723,0.0000809369
1892,0.0000264269
2080,0.0001260076
9040,0.0000005823
5433,0.0000781401
8320,0.0000749517
8390,0.0000950830
9464,0.0000724784
1960,0.0002362143
2639,0.0001093099
4223,0.0000733121
8854,0.0000941680
6648,0.0000018915
4616,0.0004095678
6445,0.0001570541
2747,0.0000956257
3595,0.0000046582
4864,0.0000095043
3970,0.0001836505
5490,0.0002252262
7815,0.0001689335
3922,0.0002434972
4390,0.0002297564
4642,0.0003234104
4650,0.0002434389
7435,0.0003883041
8131,0.0002891312
8379,0.0002368644
9385,0.0002711728
9396,0.0002405814
9625,0.0002291831
8469,0.0000164152
9059,0.0000159848
3302,0.0001183819
4224,0.0002034689
6444,0.0000180236
7086,0.0006051225
3119,0.0001433593
3053,0.0003669012
3895,0.0003351142
4557,0.0003332544
5461,0.0003557487
8373,0.0003639171
8930,0.0003614903
9910,0.0003284130
3487,0.0000477485
5064,0.0000361546
6552,0.0000282130
7585,0.0000570220
8561,0.0000868392
6177,0.0000641271
8999,0.0000207448
7974,0.0000995450
2324,0.0000936159
4784,0.0000873160
6656,0.0002134875
8035,0.0000510193
8404,0.0000067413
1161,0.0000585773
8658,0.0000450230
9733,0.0000503426
5557,0.0000858115
6514,0.0000104641
7274,0.0000295695
4416,0.0000388584
7488,0.0000129329
7494,0.0002037556
8473,0.0000251295
8616,0.0000240238
9028,0.0000261253
9106,0.0000196566
4478,0.0000434168
3974,0.0000390675
2857,0.0001845220
6418,0.0000096214
2926,0.0000699939
8796,0.0000082068
6758,0.0003207947
2338,0.0000287544
3012,0.0000290322
3826,0.0001730836
5042,0.0000210109
6106,0.0000247656
8937,0.0000199356
9724,0.0000192349
4999,0.0000165806
3871,0.0000726362
1799,0.0001459712
8037,0.0001331677
2079,0.0001109933
2298,0.0000345083
9194,0.0000146399
9754,0.0000265789
2783,0.0000441267
2940,0.0005442978
7303,0.0000106029
7595,0.0000122632
3904,0.0000331635
1736,0.0000439910
4889,0.0000993102
4899,0.0000230568
5156,0.0000247929
6681,0.0000367212
7442,0.0000422904
8259,0.0000249552
1393,0.0000460180
1906,0.0000521120
2377,0.0000613131
2532,0.0002238829
3268,0.0002137762
3796,0.0000482765
3963,0.0001137897
4202,0.0001226025
4493,0.0000474020
5024,0.0000472469
5760,0.0002638276
9721,0.0000532348
1213,0.0002889603
2732,0.0002293311
3859,0.0001215930
5970,0.0000689692
6807,0.0000551851
7983,0.0000778502
7992,0.0000539288
8140,0.0000540112
2195,0.0002385226
3360,0.0001101925
5799,0.0000728299
7419,0.0000725299
2761,0.0000040692
3139,0.0000546587
8663,0.0000032828
4405,0.0000891123
4912,0.0000885956
4199,0.0001720360
5267,0.0000770503
6116,0.0000775281
6828,0.0001612738
7932,0.0000810556
8087,0.0000896045
8478,0.0000341499
2925,0.0000522337
3364,0.0001938323
3400,0.0000278174
4022,0.0000504572
5568,0.0002140757
3260,0.0000985102
5425,0.0005683645
5735,0.0000576548
6284,0.0000441004
3129,0.0000420320
3892,0.0000118814
6231,0.0000168760
8206,0.0000379741
2841,0.0000837410
9823,0.0000744331
6778,0.0000042764
9848,0.0001490318
2771,0.0000389168
6926,0.0000112151
7254,0.0002782323
3185,0.0000910052
3592,0.0000789452
5202,0.0000701939
7190,0.0000594871
7489,0.0002083599
7669,0.0000660081
3773,0.0001820423
5857,0.0000885314
6814,0.0002655262
8248,0.0000693964
8326,0.0002185475
8848,0.0001318721
9755,0.0002836892
4322,0.0000156909
7124,0.0001769902
9478,0.0000166507
5264,0.0000886206
8831,0.0001784379
9577,0.0000271183
3290,0.0002191487
5067,0.0002157919
7777,0.0002241328
1693,0.0006871367
1834,0.0007236248
2971,0.0005280968
4367,0.0005444602
5417,0.0006353587
5551,0.0006984214
5847,0.0005488110
5973,0.0006745940
6321,0.0005622120
7371,0.0007215871
8185,0.0005290678
8234,0.0005285652
9802,0.0006928198
9865,0.0005598323
1586,0.0000163711
2587,0.0000601507
2969,0.0000119481
3015,0.0000303612
4813,0.0000097766
5222,0.0000368858
5516,0.0000071150
6188,0.0001244362
6798,0.0000084012
7253,0.0000772033
9217,0.0000070712
9526,0.0000072765
2276,0.0001110643
6316,0.0002336881
4505,0.0000042710
9023,0.0000725878
1747,0.0000078678
8343,0.0000035889
9302,0.0000022497
8463,0.0000206767
1852,0.0001603013
4893,0.0000064781
9570,0.0000253684
1659,0.0000822797
3807,0.0001716905
4073,0.0000171649
7256,0.0000163002
4706,0.0000184471
6415,0.0000611110
6426,0.0000211835
4809,0.0001857873
4811,0.0001722756
5779,0.0001712833
8846,0.0001726471
9228,0.0001773854
9630,0.0000123464
2606,0.0000907473
4574,0.0001370475
4584,0.0000942048
5147,0.0000946065
5743,0.0000758042
5932,0.0000776186
6057,0.0000955486
8032,0.0000970035
2302,0.0002931220
2865,0.0000984240
4770,0.0002349467
6522,0.0001055375
7055,0.0001497664
9250,0.0001344159
9767,0.0001388274
2395,0.0000379031
4352,0.0000782606
5484,0.0001587581
9211,0.0000382457
9524,0.0000237922
3818,0.0000241109
5004,0.0000352331
6706,0.0000120904
6929,0.0000130402
1327,0.0000818855
2039,0.0000482216
2452,0.0000664645
3891,0.0000731337
3163,0.0000086661
3127,0.0000793320
7910,0.0000293475
2891,0.0000068897
1626,0.0000649046
3544,0.0000428209
4404,0.0000686722
6680,0.0000347969
2836,0.0000388481
9877,0.0000077086
8657,0.0000052373
5530,0.0003505699
6551,0.0000498604
8414,0.0001693092
8894,0.0000220132
9500,0.0000410916
3679,0.0000487297
4359,0.0000474621
5861,0.0002018331
6145,0.0000221070
8585,0.0000239371
8891,0.0000312750
6748,0.0003477347
5308,0.0000117990
8424,0.0001587970
9244,0.0000088231
9440,0.0000522486
8039,0.0000180471
7690,0.0000434364
1663,0.0000228221
7366,0.0000082562
8175,0.0000901667
2998,0.0002092592
7847,0.0000899258
3669,0.0001980549
5361,0.0001931453
8523,0.0002041689
2316,0.0000714172
3359,0.0000726918
9765,0.0002149279
8221,0.0000846691
9050,0.0000804764
4477,0.0000340503
9150,0.0000218805
5839,0.0003267468
5876,0.0001705218
8151,0.0001889915
8172,0.0001666252
8270,0.0002168457
1260,0.0000553815
4381,0.0000073651
5117,0.0000092505
1644,0.0001203955
3306,0.0000371535
8980,0.0000795313
6980,0.0000301619
6826,0.0000279349
3906,0.0000307421
4857,0.0000740161
7476,0.0000151111
5738,0.0000190079
5819,0.0001669977
5837,0.0000197073
6714,0.0000281640
7609,0.0000178383
7639,0.0001328679
8733,0.0000315412
8786,0.0000199996
9611,0.0000178383
9883,0.0000178793
2036,0.0000314748
4387,0.0000696188
4421,0.0000217389
5125,0.0000227038
7805,0.0000413957
9502,0.0000124333
2295,0.0000035601
8034,0.0000070297
2416,0.0000202913
3868,0.0000198062
5420,0.0000157022
8874,0.0000198063
3585,0.0000715140
5494,0.0000251512
6855,0.0000059155
5208,0.0000114321
4013,0.0000711506
7202,0.0000042977
7185,0.0001916627
9703,0.0000048434
3728,0.0000351139
3781,0.0000241984
7247,0.0000429504
7436,0.0001797420
9463,0.0000172228
7004,0.0001610402
9126,0.0001556134
2811,0.0000501810
2559,0.0000428263
3106,0.0000308039
4886,0.0000390620
8897,0.0000068539
1470,0.0001977981
7084,0.0001685369
7881,0.0000286870
8899,0.0000350833
9398,0.0000152882
9978,0.0001629933
9696,0.0000701151
7160,0.0001619723
8149,0.0000238288
6571,0.0002281810
4284,0.0001618139
9519,0.0000047636
3354,0.0000528261
4513,0.0000529929
7227,0.0000276038
9130,0.0000231428
4259,0.0000037620
9658,0.0000096469
5404,0.0003492973
7733,0.0001546185
6322,0.0000181006
6437,0.0000395901
6593,0.0000167449
1144,0.0000358482
4310,0.0001839019
6191,0.0000378929
6484,0.0000451879
7228,0.0000194125
8148,0.0000201691
8397,0.0000960435
4643,0.0000344668
9412,0.0000312739
9573,0.0002167104
2049,0.0001596198
9165,0.0000105842
2169,0.0000157208
3079,0.0000165942
5244,0.0000140107
8357,0.0000323468
2164,0.0000198258
7685,0.0000087195
6162,0.0001910721
7537,0.0001803211
8873,0.0001834549
1529,0.0000535008
9153,0.0000304300
3455,0.0003261667
8655,0.0003414817
2509,0.0001322747
3232,0.0001171387
7014,0.0000742467
2426,0.0002086449
4319,0.0000434364
9644,0.0000523541
3836,0.0000090629
5732,0.0000074451
5878,0.0000091482
4006,0.0000847580
7866,0.0000302957
8556,0.0000113626
5372,0.0001679171
6183,0.0001561341
6133,0.0000236668
5320,0.0000778766
2657,0.0000034499
2681,0.0002091131
7270,0.0000151657
7325,0.0002145076
5252,0.0004253603
6538,0.0004236730
8101,0.0004226202
1202,0.0002087573
3825,0.0001442580
5165,0.0000479767
5944,0.0000521451
8835,0.0000471115
9167,0.0000490896
5257,0.0000218110
6385,0.0000838214
7501,0.0000663961
7615,0.0000242925
5405,0.0002267348
8313,0.0002162558
9008,0.0000178208
3373,0.0002151953
4981,0.0003088814
5650,0.0000096371
6270,0.0000074549
6092,0.0001668658
3365,0.0000896892
9459,0.0000086389
3580,0.0002304814
5655,0.0003525222
6454,0.0002567204
8386,0.0002106098
8671,0.0003485206
9249,0.0000828435
3675,0.0000948225
2837,0.0001300646
7968,0.0000507781
4247,0.0000272931
7915,0.0000875701
8010,0.0000417303
9096,0.0000261106
9266,0.0002394269
8321,0.0000069473
3803,0.0001613169
5367,0.0000213192
5652,0.0000043962
8395,0.0000119705
9388,0.0002488046
9407,0.0000073814
3750,0.0001917190
3935,0.0001526076
8449,0.0001505558
3739,0.0000902969
5809,0.0001217203
5984,0.0000731969
6886,0.0001338166
7262,0.0000678665
9395,0.0000051160
9738,0.0000094385
2155,0.0002584104
8144,0.0000116635
4121,0.0000154600
9176,0.0000441150
3671,0.0003288515
4548,0.0003168871
4598,0.0001687605
4868,0.0002127238
6336,0.0003297848
8866,0.0001714574
8914,0.0000042877
6614,0.0000409619
8230,0.0000151972
2826,0.0001541975
7680,0.0000380633
8967,0.0000009518
8838,0.0000125373
9065,0.0000072461
4759,0.0002151898
9665,0.0001632972
6530,0.0000083337
6749,0.0001721685
7778,0.0001616213
8068,0.0000125443
8927,0.0000118006
7470,0.0000221228
8111,0.0000362069
2253,0.0002080057
2999,0.0000889639
6142,0.0000391944
8806,0.0000400861
2796,0.0000092885
1868,0.0003948742
1981,0.0001633505
2176,0.0002027404
3068,0.0003169133
8951,0.0000206251
6924,0.0000326095
7257,0.0000220147
2418,0.0000720821
4467,0.0000259925
4921,0.0000167319
8875,0.0000118652
2003,0.0000337266
2755,0.0002278691
4517,0.0000200811
7482,0.0000906081
4109,0.0000292060
6762,0.0000423222
8712,0.0000231736
2575,0.0000204516
3307,0.0000403469
9326,0.0000183468
9527,0.0000878808
2078,0.0005601295
2450,0.0003556472
7041,0.0002038269
7640,0.0001971499
3903,0.0000506007
7239,0.0000090276
9854,0.0000398817
6610,0.0000339078
8455,0.0000316781
4422,0.0000166032
2607,0.0000311787
4061,0.0000514027
5649,0.0000135566
1861,0.0001121180
5025,0.0000242455
5309,0.0000103500
6414,0.0000127122
1546,0.0002211448
3596,0.0002384336
4386,0.0001774290
5648,0.0001844348
7717,0.0001752869
8084,0.0001752554
8912,0.0002078481
4186,0.0003009250
7707,0.0003035369
7456,0.0000185477
9014,0.0000008202
8324,0.0001731764
5055,0.0002317810
9890,0.0000106618
3389,0.0002110711
5157,0.0001300733
8909,0.0001819160
5021,0.0000348921
8584,0.0000349424
8544,0.0000148549
5072,0.0000195645
7559,0.0000295700
7864,0.0000236820
6397,0.0000292605
5783,0.0002732817
9344,0.0002695632
9908,0.0003050355
8222,0.0000384622
1525,0.0000355778
9964,0.0000129881
3228,0.0000237712
6562,0.0000194808
9664,0.0000263698
9705,0.0000335513
3203,0.0000255992
6326,0.0000177871
1524,0.0000688878
4521,0.0000417570
5608,0.0000442412
5831,0.0000448465
6910,0.0000365940
9122,0.0000393113
8900,0.0000360437
4428,0.0001764701
2919,0.0001220179
4379,0.0001382188
8047,0.0000997347
8135,0.0000630990
9989,0.0000685402
7722,0.0000149210
4432,0.0001001989
4437,0.0000357372
4680,0.0000238344
9213,0.0000316536
2716,0.0000145788
3401,0.0000694223
4198,0.0001573379
7792,0.0000169692
5746,0.0000343959
8061,0.0000063714
7089,0.0000012127
8266,0.0000094901
8867,0.0000047829
7302,0.0000049575
9240,0.0000050249
3946,0.0000979311
4782,0.0002620512
8842,0.0002919124
9084,0.0000264145
6475,0.0000007244
7912,0.0000119652
8880,0.0000709687
9803,0.0000592666
2470,0.0000772917
6759,0.0001358415
8653,0.0000139612
1746,0.0000150725
2951,0.0000500473
3342,0.0000118347
4320,0.0000973348
8981,0.0000095471
2911,0.0000044035
6059,0.0000669460
8210,0.0000141432
1821,0.0002373754
9867,0.0001745944
5899,0.0000244678
6942,0.0000582289
7181,0.0000470729
6134,0.0000165866
6586,0.0000518064
7071,0.0000245694
1483,0.0001704746
8239,0.0000175000
3587,0.0000633012
4207,0.0001632819
7933,0.0000104910
4001,0.0000979994
8150,0.0002690357
4205,0.0001556592
8524,0.0000061718
9726,0.0001762721
7478,0.0000008363
7485,0.0001729042
2918,0.0000661948
5054,0.0002131848
6091,0.0000599673
7381,0.0000574076
4608,0.0000378134
9737,0.0000037376
9769,0.0000026031
4430,0.0002046048
7728,0.0000088725
4518,0.0000071816
4151,0.0000202882
7287,0.0000281742
8093,0.0000221234
2799,0.0003368869
4985,0.0001564415
5864,0.0001725116
6943,0.0001799355
9429,0.0001881905
5515,0.0000059806
6286,0.0000053355
6366,0.0000049399
7898,0.0000367244
9451,0.0001924533
2991,0.0001789270
5478,0.0000091447
6421,0.0000375412
7952,0.0000171230
3295,0.0000218203
5029,0.0002160963
6715,0.0002319744
9491,0.0000191859
3335,0.0001817805
6693,0.0000012170
6361,0.0000017076
8571,0.0000018941
9442,0.0000069424
8684,0.0000023653
9553,0.0000020747
4926,0.0000067199
7027,0.0001664312
6827,0.0000297654
8888,0.0000121097
9504,0.0000211720
3381,0.0000852570
6442,0.0000190734
6465,0.0000037346
4748,0.0001655226
5592,0.0000844766
5446,0.0002322361
9140,0.0001651937
6348,0.0000141733
2044,0.0000249456
4560,0.0000167742
6296,0.0000249064
8244,0.0000209954
4458,0.0001818359
5529,0.0000262613
8791,0.0000087155
6365,0.0000756298
2304,0.0000842826
7337,0.0000013312
6543,0.0000855158
8471,0.0000021421
4211,0.0001013883
4876,0.0000524472
7851,0.0000319849
8428,0.0000273996
1816,0.0000278776
9940,0.0000203639
4462,0.0001460056
5895,0.0001702524
9095,0.0000222528
7713,0.0000130690
7542,0.0000004955
1481,0.0000532622
5792,0.0000180050
3900,0.0000742552
9743,0.0000178903
3116,0.0001867935
4869,0.0001068154
7110,0.0000916991
7258,0.0001072306
2952,0.0000360584
2735,0.0000247667
3809,0.0000344073
4371,0.0001826477
8410,0.0000507727
8587,0.0000195652
8605,0.0000210433
4596,0.0000094782
6728,0.0000095080
8847,0.0000232824
8060,0.0003138023
8322,0.0001730131
7409,0.0000261879
1720,0.0000333610
5041,0.0000066028
5815,0.0000039261
5088,0.0000226899
5567,0.0000240151
5605,0.0000177711
8970,0.0000215427
4155,0.0000206184
4303,0.0000583576
6584,0.0000181018
2574,0.0000219395
6363,0.0000301542
8408,0.0000143966
4644,0.0002069282
7959,0.0000389708
9178,0.0000402428
3811,0.0000216534
6607,0.0000059454
8012,0.0000487326
7556,0.0000141575
9016,0.0000006093
9175,0.0000370679
9426,0.0000051230
6969,0.0001870947
8018,0.0001869734
4696,0.0000809936
8430,0.0000035465
5902,0.0000154194
6372,0.0000153160
9953,0.0000198787
9538,0.0000048140
2659,0.0000233000
3103,0.0000663573
3584,0.0000760806
5574,0.0001573439
6991,0.0000185419
7648,0.0000193316
8291,0.0000547163
9885,0.0000089287
3614,0.0002276100
4970,0.0000742043
8694,0.0000743360
2314,0.0001121003
2583,0.0001083229
3021,0.0001787865
3352,0.0001292423
4090,0.0001102326
4728,0.0002109484
4816,0.0001130397
5275,0.0001286153
9684,0.0001084234
9798,0.0001079467
9829,0.0001283176
3888,0.0000298265
1918,0.0001149460
9868,0.0000991177
1936,0.0000689052
3284,0.0000808992
4632,0.0002302790
9322,0.0000762401
8992,0.0000023408
5609,0.0000507184
8134,0.0000117945
2689,0.0000413780
4127,0.0000075432
8764,0.0000168948
8954,0.0000058442
2451,0.0001137068
2454,0.0000995142
8727,0.0000249341
9136,0.0000832292
2468,0.0001751430
3766,0.0000396372
4751,0.0000193540
5942,0.0000203467
4570,0.0000265076
8281,0.0000182176
8409,0.0000061565
2378,0.0000211846
3810,0.0000088263
9369,0.0000044339
9789,0.0000180057
3860,0.0000090715
4350,0.0001556189
4256,0.0000058871
3121,0.0000275878
9424,0.0000268965
6388,0.0000165092
5094,0.0000132738
7331,0.0000179382
7028,0.0000194754
4368,0.0000065977
5662,0.0000116285
2830,0.0003326377
3175,0.0000666052
7087,0.0000630515
9741,0.0000051539
7633,0.0000140094
6644,0.0000180612
3229,0.0000940114
6936,0.0000890683
7662,0.0000915323
8157,0.0000997543
7902,0.0000351273
7944,0.0003470010
9264,0.0000523992
5533,0.0001624852
9357,0.0001713821
3676,0.0001959582
5818,0.0003512876
6061,0.0001957035
2423,0.0002193613
9472,0.0001693407
2894,0.0000357912
5785,0.0000096811
9352,0.0000041160
3453,0.0000181851
6310,0.0000084018
2479,0.0002130839
4005,0.0002988851
4290,0.0002013187
7152,0.0000248760
5674,0.0000405289
5001,0.0000036587
8636,0.0000096306
4871,0.0000130281
1454,0.0001819557
6483,0.0000148360
9102,0.0001746512
4147,0.0000167225
5340,0.0001751017
6175,0.0000163570
6487,0.0000185366
5458,0.0000082888
5919,0.0000131224
8918,0.0000104895
2670,0.0000463542
9260,0.0000128200
4122,0.0000251372
3725,0.0001733495
1532,0.0000097840
4317,0.0000409629
8342,0.0000116768
9627,0.0000469770
2432,0.0000084668
7655,0.0000123382
1572,0.0000098296
2250,0.0000336653
5687,0.0000154821
2834,0.0000490630
8207,0.0000142620
6339,0.0000024421
7449,0.0000250199
9899,0.0000044200
5943,0.0000049335
9591,0.0000086489
9729,0.0000193317
6039,0.0000416311
7314,0.0000443946
7424,0.0000473902
7591,0.0000514534
9643,0.0001881036
9915,0.0001896744
4045,0.0004922352
7345,0.0000054900
3199,0.0000432536
6839,0.0000934762
7000,0.0000603749
4765,0.0001743750
5767,0.0001812819
7803,0.0003708799
7979,0.0001693164
8522,0.0001754566
9880,0.0001740443
6107,0.0001646042
2644,0.0000340999
5194,0.0000890433
3898,0.0003046986
4480,0.0002157670
8758,0.0000202046
4289,0.0000611281
9017,0.0000598122
4500,0.0003161522
5976,0.0001814730
7687,0.0000778849
3043,0.0000137311
6093,0.0000110850
7192,0.0000150243
3178,0.0000476124
4492,0.0001235053
5105,0.0000952972
6809,0.0000211629
5798,0.0000243175
6179,0.0000251815
7062,0.0000528912
9445,0.0000276067
4964,0.0000360120
8176,0.0000247092
4571,0.0000646183
5263,0.0000006537
3567,0.0000444813
8634,0.0000864709
9820,0.0000849588
6401,0.0000143406
5766,0.0002383178
4976,0.0000028620
8625,0.0000042610
3581,0.0000689431
8394,0.0000152756
3795,0.0000114910
9191,0.0000227117
5884,0.0000494753
6854,0.0000289738
7787,0.0001673162
7908,0.0000037959
8081,0.0000017538
9886,0.0000118326
5952,0.0000812046
4449,0.0000189727
6224,0.0000188572
3122,0.0000118299
3366,0.0000098141
5962,0.0000500540
9921,0.0000295595
5454,0.0000340233
9896,0.0000027785
6146,0.0000698237
3045,0.0001597417
3187,0.0000131914
3640,0.0000130470
5238,0.0000229215
9548,0.0000040601
3994,0.0000101380
7548,0.0000096676
8026,0.0000099040
6149,0.0000100083
7101,0.0000203658
8391,0.0000421215
9149,0.0000826523
9236,0.0000236535
4576,0.0000891013
5412,0.0001103646
5559,0.0001032437
7267,0.0000849552
9672,0.0001037439
2712,0.0000039439
4215,0.0000096297
3148,0.0000272809
5338,0.0000306739
7003,0.0000253639
6392,0.0000973941
8105,0.0001673884
8249,0.0001635889
8535,0.0000539830
9856,0.0000620174
6022,0.0000194481
8180,0.0000808694
5694,0.0000706756
5802,0.0000284809
9607,0.0000307851
8181,0.0000111345
8551,0.0000069563
9066,0.0000020272
3981,0.0000478766
7472,0.0000399182
3066,0.0000495970
3901,0.0000039329
4896,0.0000093469
2180,0.0000491751
5777,0.0000184340
7943,0.0000255250
8097,0.0000053363
7423,0.0000500980
7965,0.0003221071
6118,0.0000040159
8418,0.0000039565
7365,0.0000054649
5667,0.0000791419
6496,0.0000720286
9714,0.0000406019
2937,0.0000160608
4676,0.0000069692
5109,0.0000671710
9706,0.0000725685
6965,0.0000213726
7531,0.0000211578
1873,0.0002943270
4161,0.0000564576
4354,0.0000656842
5882,0.0000373207
8982,0.0000376006
8132,0.0001674151
9629,0.0001599926
5505,0.0001636428
8411,0.0000195244
8753,0.0000238665
8759,0.0000108950
9999,0.0000102285
8192,0.0000148614
6951,0.0001549307
8015,0.0000041628
3108,0.0001167755
6427,0.0000020463
7231,0.0000011141
7919,0.0000023921
8169,0.0001527971
7818,0.0000133713
6394,0.0000081412
5317,0.0001612248
5918,0.0001646150
4440,0.0000061621
7105,0.0000009433
7855,0.0001482190
6973,0.0000023137
1978,0.0000240619
5600,0.0000183960
5796,0.0000051724
4673,0.0000140885
5795,0.0000123682
6815,0.0000222378
4391,0.0000131762
6021,0.0001708449
8925,0.0000057584
4066,0.0000370746
3134,0.0000324025
5260,0.0002530938
8632,0.0001559734
5099,0.0000328958
5483,0.0000398393
9782,0.0000410516
7726,0.0000037414
6548,0.0000070199
9286,0.0000058572
5907,0.0000103122
5971,0.0002287007
7300,0.0000170643
7514,0.0000063200
9662,0.0000309796
5909,0.0001929398
9328,0.0001709874
5102,0.0000085768
6747,0.0000204983
9078,0.0000224218
2413,0.0000198628
3546,0.0000067766
7218,0.0000032147
7341,0.0000017227
5235,0.0000241023
7144,0.0000277469
6431,0.0000026116
8679,0.0000196429
5603,0.0000342398
9746,0.0000002562
8337,0.0001571581
5611,0.0000315930
5784,0.0000233728
9117,0.0001706291
2548,0.0000525613
3607,0.0000314376
4052,0.0000338376
5115,0.0001805280
9949,0.0000208939
4226,0.0002294561
9262,0.0000085276
5491,0.0003203623
5701,0.0000356366
8219,0.0000349966
4785,0.0000039299
6151,0.0000062618
4819,0.0000109416
6553,0.0000022359
6459,0.0000408921
7074,0.0000506220
7141,0.0000127300
8243,0.0000363188
5587,0.0000037028
9841,0.0000020873
5251,0.0000742144
5331,0.0000061711
5826,0.0000081077
3341,0.0000020270
7127,0.0000030703
8228,0.0000030278
6300,0.0000002144
4815,0.0000930961
3172,0.0001680366
7460,0.0001576981
5265,0.0000014373
5455,0.0000189686
8374,0.0000076282
3233,0.0000033375
5841,0.0000016865
6023,0.0000224438
5957,0.0001681407
9670,0.0000034770
6979,0.0001612149
7955,0.0000771722
3752,0.0000438099
8078,0.0000458414
9234,0.0000403553
6765,0.0000168502
6157,0.0000629688
8793,0.0000720540
5180,0.0001966733
7198,0.0000664111
2337,0.0003552002
3305,0.0000373111
5365,0.0000823562
7157,0.0000215343
9035,0.0001500086
3223,0.0000383918
5098,0.0000358147
3897,0.0000104300
5740,0.0000141028
6753,0.0000100305
8190,0.0000091713
5086,0.0000130912
2658,0.0000932898
3328,0.0000559831
6502,0.0000532865
9000,0.0000042400
6963,0.0000103125
7108,0.0000035113
6834,0.0000237122
2941,0.0000671948
3167,0.0000225146
6482,0.0000212811
7996,0.0000159816
2366,0.0004684946
8643,0.0002978861
7299,0.0000028079
9753,0.0000015578
5956,0.0000203117
9052,0.0000111675
5713,0.0000061880
7770,0.0000057474
8644,0.0000247481
4417,0.0000153407
8627,0.0000036981
8801,0.0000019179
8045,0.0000052630
1848,0.0000471558
9158,0.0000244946
5022,0.0001522169
3407,0.0000430419
4962,0.0000327659
5671,0.0000161489
8051,0.0000118205
4835,0.0000046557
9725,0.0000046785
5423,0.0000066088
9846,0.0000039274
6166,0.0000078948
6275,0.0000248998
6976,0.0000020269
8365,0.0001520659
5525,0.0000112827
8805,0.0000320897
8961,0.0000225398
4716,0.0000045111
4362,0.0000523820
5617,0.0000304189
5953,0.0000180105
6494,0.0000196930
9450,0.0000710253
8066,0.0000240327
8921,0.0000057031
1864,0.0000936506
4464,0.0000181539
6743,0.0000628801
9615,0.0001692363
7383,0.0000456815
3634,0.0000247990
3686,0.0000268767
8272,0.0000182031
5346,0.0000052052
7913,0.0000067853
6612,0.0001175972
7689,0.0001625067
6015,0.0000213136
8699,0.0000030202
4383,0.0000339253
2349,0.0000132720
5120,0.0000284509
2652,0.0000182009
6805,0.0000112608
8898,0.0000640269
9686,0.0001685695
7305,0.0000013930
6013,0.0001568906
6082,0.0000275162
4753,0.0000193130
8007,0.0002315608
9842,0.0000775019
5577,0.0000162535
6380,0.0000156470
7010,0.0001827733
7483,0.0000665011
8843,0.0000165094
8975,0.0000910498
3512,0.0000530421
8829,0.0000422323
9693,0.0000612420
4715,0.0000025224
5326,0.0000733546
5869,0.0000727149
6100,0.0001407227
3915,0.0000088988
7418,0.0000076969
3200,0.0003757438
3533,0.0000179944
7921,0.0001554055
4403,0.0000447912
5059,0.0001660265
5699,0.0001638171
9401,0.0000061128
5645,0.0000054507
7737,0.0000291865
5509,0.0000088502
5015,0.0001874342
7338,0.0000101161
2428,0.0000269056
3001,0.0000266757
8736,0.0000630138
9479,0.0000289223
9874,0.0000291202
6802,0.0000652448
9345,0.0000067932
7570,0.0001494322
9736,0.0001554427
9552,0.0000028424
3060,0.0001004424
9931,0.0000366732
9710,0.0000008103
6603,0.0000007933
3030,0.0000396479
7400,0.0000782283
5337,0.0000062992
7447,0.0000114243
8160,0.0000181344
8752,0.0000048022
5570,0.0000027057
5277,0.0001521836
5689,0.0000833122
8725,0.0000813805
7058,0.0000051828
3145,0.0000633516
5163,0.0000763957
8070,0.0000362504
8513,0.0000336727
7162,0.0001639830
8904,0.0000124889
4654,0.0000115283
7679,0.0000154796
9759,0.0000225263
6387,0.0000105535
7059,0.0001707875
9215,0.0001603071
4017,0.0005455717
6447,0.0003434550
6689,0.0004037668
8329,0.0003300310
3780,0.0000121639
4684,0.0000237377
8528,0.0000115784
1950,0.0000489529
6081,0.0000285283
5353,0.0000021953
9200,0.0000070624
8256,0.0000376496
7816,0.0000248767
7637,0.0000768895
3805,0.0000391120
6250,0.0000217077
5782,0.0000918107
4579,0.0001778598
4638,0.0001954244
5939,0.0000474684
9380,0.0000404148
3380,0.0000173580
3729,0.0000203008
6990,0.0000026481
5781,0.0003077949
5966,0.0001670492
9145,0.0000037536
3495,0.0000627309
5393,0.0000815116
8579,0.0000565431
4132,0.0000175690
8372,0.0000200327
9190,0.0000080696
8480,0.0000011301
4488,0.0001172096
2438,0.0000076458
5950,0.0000061901
8031,0.0000022097
2440,0.0000408577
6468,0.0000322326
7798,0.0003689420
6063,0.0001727948
8437,0.0000115527
2626,0.0000396813
9506,0.0000143043
7250,0.0000238742
8346,0.0000269193
5813,0.0000051796
7934,0.0000050196
8432,0.0001542453
6582,0.0000120970
7947,0.0000180843
5414,0.0001576977
4348,0.0000061796
8209,0.0000313277
4420,0.0000065321
9439,0.0000001294
4332,0.0000304147
8062,0.0000585434
5090,0.0000005528
2965,0.0000336480
6396,0.0000020808
4549,0.0000290459
6957,0.0000746686
7413,0.0000182801
9546,0.0000383144
4538,0.0002297425
2793,0.0002266697
2651,0.0000093848
6994,0.0000021501
8308,0.0000036967
2005,0.0000081516
7131,0.0000187241
8040,0.0000132457
3224,0.0000159834
7467,0.0001645937
7900,0.0001630481
8345,0.0001637556
5077,0.0000218228
6799,0.0000298191
7568,0.0000231508
9697,0.0000415356
7264,0.0000548027
9534,0.0000537840
6167,0.0000009047
8946,0.0000074150
2593,0.0002614299
5294,0.0000692551
6038,0.0000116743
7385,0.0000211019
8376,0.0000136475
5717,0.0000042220
6920,0.0000129629
7760,0.0001851707
4232,0.0001578442
6554,0.0000033807
7283,0.0000053686
6266,0.0000763554
6735,0.0001091109
7176,0.0003791391
8013,0.0000991676
8896,0.0000742904
9621,0.0000053796
6766,0.0000356437
3059,0.0000040206
8664,0.0000073389
7711,0.0000148111
4774,0.0000268201
6103,0.0000195556
8778,0.0000128181
8550,0.0000004718
9038,0.0000031145
8631,0.0000219340
3276,0.0000200152
4933,0.0000016118
2448,0.0000238341
9003,0.0000214059
9636,0.0000328860
4418,0.0000298164
7113,0.0000743254
8295,0.0000039296
5582,0.0000564723
7926,0.0000092570
3465,0.0000054466
9501,0.0000158512
7410,0.0000086379
8092,0.0000023645
8541,0.0000105962
5190,0.0001524605
3216,0.0000069229
7985,0.0003220616
5437,0.0000623131
6189,0.0000161838
4867,0.0002989026
8074,0.0001535783
5012,0.0001705807
8777,0.0001972659
9453,0.0001753347
6473,0.0000111766
4967,0.0000126112
8706,0.0000207789
7278,0.0000050288
6087,0.0000212179
5245,0.0000113494
7718,0.0000650729
7016,0.0000219444
5593,0.0000178216
4358,0.0000171579
8654,0.0000018999
4206,0.0000263314
5348,0.0000666951
8328,0.0000397409
4261,0.0000175939
4349,0.0000092709
7057,0.0000021458
8453,0.0000015247
4511,0.0000208740
5330,0.0000580439
6088,0.0000320662
6893,0.0000072670
4344,0.0000081978
7576,0.0000083772
7833,0.0000782362
9489,0.0000493105
7495,0.0001596623
8161,0.0000054019
8984,0.0000643190
6777,0.0000207686
6911,0.0000031961
2825,0.0000354740
8260,0.0000183534
9993,0.0000197359
8766,0.0000659574
9048,0.0002116807
7354,0.0001739100
8399,0.0000218591
6056,0.0000024007
9751,0.0000116095
4346,0.0000428209
9290,0.0000791604
5703,0.0000032737
3271,0.0000060445
8965,0.0000039826
9081,0.0000084706
6114,0.0000284069
3361,0.0000368550
5076,0.0000109827
8997,0.0000135235
8126,0.0000583879
9461,0.0000089329
8824,0.0000027394
8845,0.0000120021
6113,0.0001847223
8211,0.0001787320
9566,0.0000261078
4472,0.0000104675
6754,0.0000086763
8540,0.0000089946
9826,0.0000153583
3740,0.0000100876
5231,0.0000057494
5546,0.0000195351
5930,0.0000135899
3889,0.0000805495
6277,0.0003465101
5583,0.0001505619
9840,0.0000075124
8330,0.0000619949
7850,0.0000268470
8689,0.0000748281
9997,0.0000042339
8804,0.0000057128
9275,0.0000096581
7502,0.0000087284
6504,0.0000073217
8859,0.0000064713
9124,0.0000077938
5078,0.0000363376
7398,0.0000188312
8458,0.0000311310
8923,0.0000139672
8380,0.0000030329
3975,0.0000049939
7369,0.0000061611
8672,0.0000039773
6367,0.0000080597
8863,0.0000305651
7029,0.0000057793
7416,0.0000048804
4609,0.0000058134
8464,0.0000003635
2966,0.0000068261
7743,0.0000135176
8784,0.0000279900
9053,0.0000132391
9542,0.0001704023
7194,0.0000119399
8497,0.0000155727
9651,0.0001599714
9159,0.0002092763
5212,0.0000129342
8597,0.0001679029
6639,0.0000218403
7348,0.0000100008
8747,0.0000041593
9716,0.0000100828
6117,0.0000063542
8284,0.0000082350
9330,0.0000254580
6645,0.0000045948
7795,0.0000042059
8024,0.0001523573
8467,0.0000597150
3029,0.0000072747
9118,0.0000239253
6234,0.0001574311
6517,0.0001613425
8375,0.0000064752
7204,0.0000077336
7511,0.0000167762
5297,0.0000138395
6947,0.0000043064
5407,0.0001622651
5719,0.0000132224
8933,0.0000125626
9923,0.0000096344
6723,0.0000003152
6667,0.0000153615
6919,0.0000066756
7252,0.0000125739
8580,0.0000040080
3314,0.0000091101
3982,0.0000350961
9397,0.0000185412
3537,0.0000250656
8592,0.0000218282
5540,0.0000017590
4830,0.0000896696
7386,0.0000263143
6432,0.0000102136
9452,0.0000021090
5183,0.0000138886
7193,0.0000070740
6139,0.0000076439
2592,0.0000192145
6797,0.0000079251
8472,0.0000007984
9469,0.0000134870
5287,0.0000258864
9533,0.0000033440
5009,0.0000079225
6232,0.0000028038
6084,0.0000424138
7741,0.0000343876
9976,0.0000237548
4949,0.0001702806
9362,0.0000009421
6791,0.0000620853
7285,0.0000554509
7840,0.0000434974
6180,0.0000039484
8639,0.0000024173
4766,0.0000023523
7914,0.0000176808
7390,0.0000139190
6672,0.0001551525
9021,0.0000316369
8508,0.0000014333
9619,0.0000011744
7039,0.0000034222
5586,0.0002115330
8217,0.0000157420
5548,0.0000601622
4271,0.0000026005
6269,0.0001598759
8714,0.0000028949
9054,0.0000013525
5885,0.0001550634
8029,0.0000049495
5535,0.0000090880
5150,0.0000053325
9844,0.0000001534
9256,0.0000369714
6664,0.0000602421
4931,0.0000069320
7500,0.0000230920
4862,0.0000812734
6822,0.0000032370
6774,0.0000205633
4758,0.0000054061
3944,0.0000197318
5817,0.0001704264
3547,0.0001914771
6912,0.0000099572
9278,0.0000783597
8878,0.0000358200
9010,0.0000529419
8555,0.0000000000
8968,0.0000045012
6968,0.0000101018
7349,0.0000095967
2613,0.0001730245
9455,0.0000249317
2654,0.0000032760
7453,0.0000113276
9382,0.0001754798
8959,0.0000080888
6290,0.0000235690
7892,0.0000081456
5351,0.0000078539
7989,0.0000030807
9614,0.0000080516
8748,0.0000029271
7056,0.0000030186
6020,0.0000084657
8808,0.0000095620
9900,0.0000037601
9982,0.0000603335
7125,0.0000008218
6155,0.0003748945
5363,0.0000097261
6127,0.0000191285
3923,0.0000110775
6077,0.0000227557
2743,0.0000186265
6501,0.0000094354
7960,0.0000071470
6398,0.0000033042
6053,0.0000114265
7948,0.0000090087
8529,0.0000089553
8396,0.0000103453
8492,0.0000087384
9633,0.0000072483
8413,0.0000032684
6945,0.0000036045
9950,0.0001471135
5482,0.0000601067
3014,0.0000663853
8302,0.0000681610
9312,0.0000242580
5721,0.0000198265
9212,0.0000028754
5262,0.0000103275
4738,0.0003010804
2968,0.0001618634
4496,0.0001586403
7738,0.0001626909
7957,0.0003434714
2530,0.0000370193
8433,0.0000077989
8290,0.0000170399
9242,0.0000285983
7811,0.0000146155
9544,0.0000152692
8447,0.0000083197
3513,0.0003205034
6739,0.0000574692
5233,0.0000156045
8285,0.0000107697
9173,0.0000106658
7961,0.0000009864
8155,0.0000019589
8651,0.0000017428
2618,0.0002075894
3064,0.0000175891
8102,0.0000178495
9605,0.0000259168
9610,0.0000268358
5680,0.0001745044
9368,0.0000013086
4329,0.0001638434
9572,0.0001555825
4996,0.0000109724
5920,0.0000106439
3665,0.0000027967
6874,0.0000023326
9268,0.0000182192
8521,0.0000376920
5629,0.0000048016
6446,0.0000299170
5085,0.0000037322
6109,0.0000107165
5479,0.0000004201
6760,0.0000047153
6440,0.0000312829
6620,0.0000117846
8974,0.0000211527
8486,0.0000112062
3602,0.0000066879
9046,0.0000642135
3467,0.0000071136
5056,0.0000448245
8088,0.0000072460
9377,0.0000082832
8450,0.0001723093
9393,0.0000210852
9399,0.0000036318
7363,0.0000331403
3861,0.0000092908
5207,0.0000027795
5220,0.0000169153
4532,0.0000393938
5438,0.0000229517
7359,0.0000229042
8594,0.0000199704
7078,0.0000033841
5250,0.0000198735
6381,0.0000016725
7598,0.0000093958
6256,0.0000131102
9354,0.0000119292
8950,0.0000083498
7135,0.0000035400
8201,0.0000729504
8094,0.0000064016
3929,0.0000088298
6904,0.0001725443
5748,0.0000154539
7459,0.0000181655
6457,0.0000008971
7174,0.0000118987
7367,0.0000066509
4100,0.0001528430
9227,0.0001516170
8454,0.0000037761
5820,0.0000073050
8715,0.0000138009
9942,0.0000221357
9284,0.0000059859
7123,0.0000088324
6498,0.0000265194
9758,0.0000019696
8477,0.0000128009
3792,0.0000073456
6213,0.0000131972
7329,0.0000027544
9646,0.0000028980
8487,0.0001497144
4936,0.0002338097
7628,0.0002414594
4793,0.0000040203
8953,0.0000020860
9601,0.0000000084
4626,0.0000096944
7880,0.0000090053
5810,0.0000068065
7692,0.0000191159
9787,0.0000099727
7195,0.0000018393
9728,0.0000133019
9871,0.0000271981
9123,0.0001773462
4972,0.0002096252
7411,0.0000613867
9771,0.0000009361
5850,0.0001499954
6147,0.0000758882
8286,0.0000148440
6065,0.0000032473
2913,0.0001608232
5638,0.0000180066
8402,0.0000000000
6216,0.0000111359
8623,0.0000030868
6682,0.0000086245
5514,0.0000064423
7810,0.0000143490
8056,0.0000103389
8825,0.0000103178
8076,0.0000332106
7326,0.0000119783
5141,0.0000054856
7186,0.0001591435
8534,0.0000069652
9353,0.0000057210
7319,0.0000026577
6246,0.0000553001
4425,0.0000612528
5519,0.0000637127
3446,0.0000192380
8191,0.0000151795
8426,0.0000149046
5321,0.0000029095
5243,0.0000043843
9902,0.0000007560
8184,0.0000271547
9315,0.0000137092
7002,0.0000114666
4540,0.0000087478
6154,0.0000326108
6241,0.0000006654
8506,0.0000095732
7874,0.0000133040
5584,0.0000038280
7333,0.0000001528
9732,0.0000008239
6989,0.0000042836
7561,0.0000006722
8382,0.0000022232
9171,0.0000008847
3744,0.0000178613
9403,0.0000114188
7644,0.0000061589
9044,0.0000000262
6001,0.0000315224
7159,0.0000022399
7611,0.0001525820
4807,0.0001606625
6441,0.0000085657
9193,0.0000048030
9652,0.0000052826
6384,0.0000115181
5377,0.0000077579
5128,0.0000087291
5399,0.0000562003
9796,0.0000052734
4575,0.0000246703
6900,0.0000042513
9197,0.0000065869
6868,0.0000058852
8820,0.0001525132
9859,0.0001525694
5544,0.0000101256
4694,0.0000051678
6938,0.0000069072
6955,0.0000008282
9067,0.0000647001
9963,0.0000225491
9561,0.0000046762
6771,0.0000009360
8072,0.0000051309
9289,0.0000226163
7394,0.0000165800
9047,0.0000195959
5828,0.0000047062
3760,0.0000761040
9265,0.0000188488
5852,0.0000293808
9575,0.0000025835
4038,0.0000056074
6642,0.0000093419
9699,0.0000088793
9702,0.0000114857
8916,0.0000173441
7620,0.0000033005
5039,0.0001646237
8133,0.0000000258
7971,0.0002084475
6019,0.0000625553
9669,0.0000224903
4026,0.0000026622
7807,0.0000030744
9474,0.0000059549
6452,0.0000014261
7894,0.0000046484
7097,0.0001734308
9358,0.0000014880
8849,0.0000243889
9675,0.0000031421
8986,0.0000601337
4744,0.0000399757
4805,0.0000144100
4543,0.0002993222
3995,0.0000383007
8709,0.0001629165
9663,0.0000010305
7539,0.0001572699
8189,0.0001575428
7095,0.0000163451
5359,0.0000102456
9962,0.0000016280
5718,0.0000682119
7580,0.0000224210
8543,0.0000057045
9757,0.0000025937
8466,0.0000068879
7090,0.0000056913
4241,0.0000032040
8995,0.0000061592
9417,0.0000008409
4892,0.0000006853
6995,0.0000049998
6937,0.0000169248
9340,0.0000257351
4064,0.0000118449
5812,0.0000033345
6185,0.0000273039
8779,0.0000006660
8646,0.0000041463
8757,0.0000029079
8983,0.0000142393
4630,0.0000084154
9595,0.0000293307
6962,0.0000122980
6161,0.0001658595
7563,0.0000076140
9341,0.0000071752
9425,0.0000066011
9818,0.0000002960
4945,0.0000072142
4495,0.0000055961
9383,0.0000000166
8525,0.0000001067
9700,0.0000014847
5007,0.0000048322
6064,0.0000226464
8869,0.0000067226
8920,0.0000033359
6616,0.0001602398
9492,0.0000295735
9850,0.0000000000
7054,0.0000058213
8527,0.0000113508
6558,0.0000056328
8367,0.0000034105
6121,0.0000276067
7830,0.0000090907
8969,0.0000024177
8945,0.0000012302
5880,0.0000653407
9057,0.0003206395
7217,0.0000142509
9645,0.0000023133
8475,0.0000030168
5832,0.0000054366
8218,0.0000051475
9694,0.0001707791
6242,0.0000217579
9722,0.0000198371
9882,0.0000050339
6752,0.0000462624
6720,0.0000001858
9206,0.0000211969
9930,0.0001607548
6011,0.0000064211
7011,0.0000151727
5580,0.0000010498
7978,0.0000147952
7477,0.0000006453
7650,0.0000580862
7013,0.0000293555
6320,0.0000034989
6677,0.0000218029
9085,0.0000719721
9904,0.0000000026
9503,0.0003573039
4977,0.0000088551
7878,0.0000139357
8818,0.0000005256
9580,0.0000085651
8861,0.0000150735
9203,0.0000245767
5840,0.0000108173
6557,0.0000012814
8768,0.0000149950
6804,0.0000008230
9378,0.0000000934
9671,0.0000031672
8767,0.0000167091
6379,0.0000094062
9597,0.0000214094
5028,0.0000000000
8387,0.0000068451
5375,0.0000034473
8022,0.0002987782
5158,0.0000034372
8629,0.0000016750
9943,0.0000024344
5376,0.0000003178
9156,0.0000122373
9456,0.0000371717
9727,0.0000297237
4235,0.0000053239
8802,0.0000108090
5428,0.0000002559
6909,0.0000024382
8069,0.0001660160
9711,0.0001527860
7890,0.0000020876
4797,0.0000005644
5027,0.0000048991
6040,0.0000071291
9603,0.0000051343
5585,0.0000565209
8500,0.0000000719
6032,0.0000181231
9316,0.0000065934
8705,0.0000015964
7879,0.0000020671
7522,0.0000018027
8774,0.0000005642
7882,0.0001525402
7907,0.0000564039
7626,0.0000093791
9389,0.0001488682
5136,0.0000029713
7554,0.0000059903
7949,0.0000026372
9901,0.0000554548
5198,0.0000000809
5745,0.0000180566
6788,0.0001815306
5763,0.0000341536
8934,0.0000044673
8826,0.0000140413
9692,0.0000183428
7975,0.0000094037
8827,0.0000007168
8122,0.0000027696
8393,0.0000053103
7817,0.0000000738
7901,0.0000044480
8194,0.0000214466
7498,0.0000028336
5474,0.0001486966
8200,0.0000040785
8581,0.0000017851
9267,0.0000023553
8476,0.0000011914
9977,0.0000017339
4463,0.0001697879
8718,0.0000181795
9089,0.0000027971
9444,0.0000119788
8252,0.0000022593
8674,0.0000007199
8990,0.0000001400
5714,0.0000138597
7860,0.0000018632
6690,0.0000010457
8515,0.0001482865
9218,0.0000009351
8423,0.0000105076
8738,0.0000020287
9270,0.0000001956
8436,0.0000012387
5302,0.0000011942
5816,0.0000020674
8785,0.0000135839
8941,0.0000023006
9024,0.0000003711
9851,0.0000005130
8942,0.0000375851
7766,0.0001649533
8090,0.0000027513
6964,0.0000008553
8876,0.0000023415
9832,0.0000086267
9423,0.0000060155
6214,0.0000005149
5643,0.0000019388
8419,0.0000014010
9055,0.0000204622
6709,0.0000049880
8621,0.0000329744
8618,0.0000043153
8788,0.0001590262
9454,0.0000017235
9482,0.0000052253
6921,0.0000204209
9233,0.0000021006
9009,0.0000008333
4806,0.0000015550
6881,0.0000025573
7094,0.0000021562
8348,0.0000007066
7909,0.0001510735
7809,0.0000000155
9485,0.0000001209
7906,0.0001530859
8213,0.0001707593
9168,0.0000028407
9195,0.0000050290
5339,0.0000165644
6734,0.0000007993
8246,0.0000006993
9247,0.0000019640
5875,0.0000013613
6433,0.0000084032
6772,0.0000216293
6787,0.0000035079
6054,0.0000000674
8318,0.0000093484
9791,0.0000071897
4992,0.0000031071
7635,0.0000119431
9418,0.0001785202
9064,0.0000013246
6332,0.0000004046
8112,0.0001923467
8972,0.0000036872
8622,0.0000006882
9148,0.0000081067
9183,0.0000022723
7222,0.0000063644
8099,0.0000052303
8312,0.0000039894
7619,0.0001515113
8814,0.0000202083
8642,0.0000074685
9919,0.0000003321
7518,0.0000033437
9897,0.0000071854
6205,0.0000015819
9659,0.0000269866
8750,0.0000001641
8461,0.0000226925
9238,0.0001512198
9894,0.0000014301
8186,0.0000004241
5626,0.0000028262
6820,0.0000012349
7719,0.0000197308
7491,0.0000001364
5987,0.0000013204
9691,0.0001507932
8488,0.0000028747
7638,0.0000191367
6823,0.0001487416
8341,0.0000011156
8905,0.0000095527
7744,0.0000649580
6879,0.0000586233
9305,0.0001487943
8309,0.0000005258
8530,0.0000001397
9221,0.0000014454
8716,0.0000000394
5989,0.0000000940
8279,0.0000007376
8456,0.0000055823
7519,0.0001375399
7664,0.0000095695
9086,0.0000256159
9952,0.0000001122
8710,0.0000032782
8340,0.0000011362
8344,0.0000001381
9586,0.0000113068
6982,0.0000251453
9893,0.0001470540
9467,0.0000552344
7853,0.0000014544
9279,0.0000011823
6453,0.0000040522
6733,0.0000000000
6215,0.0000014173
9815,0.0000000119
5129,0.0000229852
9473,0.0000006504
9640,0.0000058239
9434,0.0000006920
6519,0.0000580050
8957,0.0000040783
8604,0.0000190695
9763,0.0000000000
8196,0.0000022550
9922,0.0000023682
8446,0.0000051376
9147,0.0000092599
8354,0.0000000774
9062,0.0000002273
6811,0.0000029398
9609,0.0000023954
8944,0.0000036983
9317,0.0000003130
8841,0.0000019538
8731,0.0000027220
9310,0.0000073079
9905,0.0000038374
9513,0.0000000000
9914,0.0000006074
9967,0.0000000000
7754,0.0000006781
9824,0.0000000004
9873,0.0000059623
6226,0.0000000000
8177,0.0000010021
9775,0.0000000887
6358,0.0000048431
9764,0.0000063837
9346,0.0000006348
8369,0.0000006116
8501,0.0000012340
8165,0.0000015525
9371,0.0000073456
8734,0.0000001146
9277,0.0000024405
7652,0.0000029764
8844,0.0000608192
9438,0.0000099647
7793,0.0000055713
9507,0.0000000057
7249,0.0000095356
9367,0.0000014226
9715,0.0000001781
8696,0.0000001813
8910,0.0000000000
8482,0.0000084592
7740,0.0000005366
7727,0.0000000994
8850,0.0000000000
9956,0.0000000000
9349,0.0000000000
9863,0.0000000000
