Node,Hub,Authority
5000,0.0002054882,0.0000000000
24975,0.0000000000,0.0000000000
1,0.0000000000,0.6328027887
2,0.0351934529,0.0413892677
3,0.0351934529,0.1671425674
4,0.0351934529,0.0427648606
5,0.0351934529,0.1526306821
6,0.0351934529,0.1877855209
7,0.0657233071,0.3886126674
8,0.0781169146,0.1942759587
11,0.0693599750,0.0958527202
13,0.0681159213,0.1530421937
17,0.0846109774,0.0630361469
18,0.0726959402,0.0570418457
24,0.0596117106,0.0499539737
25,0.0481369258,0.1512806429
28,0.0603145378,0.0769546686
29,0.0555267002,0.1064833525
30,0.0790469124,0.0944802788
31,0.0587204807,0.0748505110
33,0.0651543116,0.0335648179
34,0.0703015288,0.0337738042
36,0.0571038381,0.0220178743
37,0.0580679371,0.0562280222
38,0.0658484363,0.0265508768
39,0.0773548516,0.0325631970
42,0.0656939442,0.0204851784
60,0.0462685217,0.0273567688
83,0.0655006697,0.0180151094
85,0.0438305955,0.0235063382
90,0.0598280860,0.0251653438
108,0.0468216597,0.0142912972
152,0.0610279461,0.0130162938
169,0.0481953083,0.0154108061
172,0.0440762218,0.0180282536
176,0.0457858791,0.0120529478
178,0.0428662391,0.0092282408
180,0.0389998307,0.0041024858
183,0.0463871560,0.0078769143
184,0.0462187439,0.0080977710
192,0.0411577814,0.0149443910
202,0.0517878732,0.0135297171
204,0.0546711706,0.0075557114
205,0.0487277371,0.0210797365
210,0.0560427419,0.0058560945
214,0.0423055607,0.0043617919
215,0.0529540296,0.0113184680
227,0.0489626136,0.0153185329
255,0.0444541467,0.0031483316
268,0.0509629400,0.0042025839
271,0.0484606018,0.0032353375
276,0.0429256037,0.0185383811
283,0.0427062319,0.0070379063
286,0.0424781123,0.0107301776
287,0.0459864145,0.0016506608
307,0.0462951537,0.0070588827
313,0.0385832631,0.0028062367
332,0.0397093467,0.0059636170
343,0.0389640151,0.0157705289
346,0.0399854231,0.0038272387
354,0.0399370930,0.0005577464
360,0.0379201736,0.0050842708
377,0.0393358107,0.0032144459
391,0.0655948744,0.0080540616
396,0.0400525711,0.0064536707
397,0.0602083309,0.0020527055
399,0.0429084753,0.0050509702
420,0.0408624684,0.0000406805
428,0.0490225688,0.0062310316
430,0.0402540165,0.0020844257
441,0.0550800002,0.0040963346
448,0.0402592343,0.0072082854
480,0.0414559742,0.0004605033
484,0.0561659504,0.0102775743
494,0.0376080068,0.0016469794
496,0.0410200090,0.0162473609
501,0.0628758269,0.0067587488
505,0.0382181700,0.0064407545
511,0.0463668231,0.0013268528
514,0.0478109916,0.0006639739
520,0.0623339990,0.0061088857
535,0.0638298907,0.0046194558
536,0.0434765638,0.0069207902
551,0.0490640420,0.0028860629
566,0.0380304455,0.0034904744
569,0.0377186933,0.0060111022
570,0.0456605118,0.0022444826
572,0.0444061594,0.0052746493
591,0.0596814172,0.0016769629
621,0.0709958219,0.0020147940
629,0.0395392145,0.0041433799
636,0.0372951381,0.0001373931
641,0.0469183134,0.0041276612
648,0.0394276679,0.0018485400
662,0.0464484540,0.0061246897
692,0.0467444479,0.0012474323
713,0.0444880098,0.0065643341
743,0.0384997669,0.0007631900
784,0.0401661388,0.0031829882
791,0.0411694703,0.0016400710
804,0.0392464683,0.0023528603
806,0.0460659737,0.0047112649
810,0.0397777584,0.0006364346
825,0.0591487657,0.0000000000
837,0.0365466436,0.0022368424
852,0.0391152159,0.0005792482
874,0.0387149128,0.0055626753
893,0.0402541124,0.0043936407
899,0.0416144699,0.0020799706
908,0.0420187311,0.0008192032
944,0.0409544311,0.0011241220
999,0.0377687301,0.0007625199
1002,0.0374444776,0.0014561514
1025,0.0364439128,0.0004063326
1049,0.0461528112,0.0020937938
1083,0.0440499120,0.0010814508
1106,0.0421221893,0.0041306591
1174,0.0473976885,0.0003645930
1186,0.0363795454,0.0002811539
1197,0.0379216416,0.0017393106
1251,0.0383414547,0.0020116671
1303,0.0437273708,0.0000000000
1306,0.0385800460,0.0046049952
1320,0.0454826903,0.0000000000
1338,0.0519749377,0.0011711788
1344,0.0379025442,0.0005820248
1349,0.0692632523,0.0016595533
1357,0.0371562669,0.0017543765
1394,0.0437420517,0.0030982354
1407,0.0366524515,0.0000793995
1417,0.0375112213,0.0028698957
1445,0.0445667852,0.0015105393
1446,0.0369276234,0.0008687362
1456,0.0364110989,0.0002226576
1464,0.0424542433,0.0000268617
1469,0.0489664694,0.0024636436
1531,0.0375755816,0.0027704441
1543,0.0397529729,0.0057216034
1552,0.0385902780,0.0002012148
1605,0.0365324474,0.0004250340
1611,0.0365952045,0.0039849212
1613,0.0384405858,0.0001144485
1660,0.0371944593,0.0002675729
1664,0.0367796538,0.0006536857
1667,0.0390168513,0.0023988319
1674,0.0440348279,0.0010643184
1689,0.0401771924,0.0000913853
1753,0.0407168883,0.0001190485
1820,0.0384356526,0.0000869390
1836,0.0369017944,0.0002051581
1844,0.0371042706,0.0006558545
1857,0.0547445247,0.0006808898
1858,0.0386811895,0.0003214232
1874,0.0376012352,0.0000000000
1880,0.0441283316,0.0000457929
1899,0.0596129946,0.0019500576
1926,0.0394445575,0.0000000000
1928,0.0390934406,0.0015413846
1948,0.0412423745,0.0034320662
1987,0.0364982889,0.0005695743
1996,0.0360902433,0.0003485377
2005,0.0371820073,0.0043794469
2032,0.0423622944,0.0002655119
2033,0.0386967526,0.0011112696
2071,0.0367163589,0.0001574334
2094,0.0383540586,0.0043500464
2178,0.0441785233,0.0015466904
2221,0.0427653726,0.0012904609
2231,0.0368758440,0.0007325477
2250,0.0427496147,0.0003810953
2253,0.0485798432,0.0000452073
2259,0.0361437102,0.0011689725
2291,0.0375764121,0.0010690731
2315,0.0362779446,0.0000724727
2339,0.0390863984,0.0018656403
2413,0.0578600497,0.0000954219
2414,0.0374258193,0.0002857542
2440,0.0399822887,0.0006222345
2467,0.0367777264,0.0007190271
2493,0.0468983948,0.0001267893
2514,0.0367602382,0.0001138416
2603,0.0380324201,0.0006987345
2636,0.0429960374,0.0018945752
2653,0.0400043234,0.0001206534
2733,0.0358249181,0.0009467193
2740,0.0415157805,0.0004100966
2742,0.0360728802,0.0005482393
2761,0.0399487445,0.0000077259
2815,0.0387976085,0.0000327771
2826,0.0362432767,0.0001424599
2842,0.0395590106,0.0000161296
2866,0.0456211225,0.0000000000
2870,0.0453835880,0.0006010717
2899,0.0364031928,0.0000806564
2902,0.0395309880,0.0000000000
2913,0.0370873295,0.0024638627
2935,0.0357734023,0.0001438335
3009,0.0378068496,0.0000000000
3047,0.0392616697,0.0002702007
3054,0.0369618555,0.0000117771
3070,0.0365396978,0.0000000000
3108,0.0425769936,0.0012930313
3122,0.0361861494,0.0001909769
3138,0.0469406416,0.0004451223
3142,0.0478728632,0.0000000000
3158,0.0497046970,0.0000000000
3189,0.0362863307,0.0023043443
3203,0.0396405175,0.0005120176
3262,0.0401187071,0.0002412651
3267,0.0367332094,0.0000101401
3286,0.0394063656,0.0000000000
3287,0.0384875116,0.0000348003
3299,0.0370783909,0.0015544568
3301,0.0368167739,0.0005642229
3331,0.0365443645,0.0002141530
3368,0.0422151520,0.0001460350
3398,0.0383260837,0.0000000000
3460,0.0362928030,0.0000643029
3496,0.0364433868,0.0000000000
3546,0.0602250317,0.0001924095
3565,0.0410708227,0.0000569846
3580,0.0472466271,0.0000000000
3586,0.0358276104,0.0000000000
3591,0.0413770389,0.0000000000
3604,0.0359310734,0.0001853476
3616,0.0376604007,0.0000000000
3637,0.0413916455,0.0004124465
3639,0.0357019127,0.0000000000
3691,0.0399118538,0.0000403909
3722,0.0382712277,0.0000947047
3817,0.0380089985,0.0000000000
3825,0.0359852445,0.0000175675
3859,0.0367003369,0.0000000000
3873,0.0450575411,0.0005396065
3922,0.0441963286,0.0000106564
3959,0.0381142038,0.0000150939
4033,0.0368760008,0.0001161483
4055,0.0361639331,0.0000000000
4121,0.0358711968,0.0000000000
4155,0.0364724565,0.0000000000
4361,0.0367403145,0.0000000000
4368,0.0408718321,0.0000000000
4410,0.0366078622,0.0005256097
4465,0.0362854286,0.0000985275
4513,0.0357668767,0.0000000000
4544,0.0369357084,0.0000000000
4578,0.0365248705,0.0000000000
4619,0.0455547787,0.0000000000
4633,0.0359381156,0.0000000000
4662,0.0361702018,0.0000000000
4753,0.0370922506,0.0000000000
4765,0.0443020040,0.0000000000
4771,0.0362976835,0.0000000000
4781,0.0359356043,0.0000000000
4805,0.0373565028,0.0000000000
4810,0.0370411676,0.0000000000
4819,0.0357300652,0.0000000000
4869,0.0358684344,0.0000000000
4877,0.0361990709,0.0000000000
4899,0.0357725261,0.0000000000
4939,0.0358401513,0.0000316498
4942,0.0360454995,0.0000000000
4965,0.0369841115,0.0000000000
9,0.0475414444,0.0796456972
12,0.0299761441,0.0972979288
15,0.0383609846,0.0460911398
44,0.0193818273,0.0233250535
63,0.0326405702,0.0245269436
107,0.0193523025,0.0212898241
147,0.0152271162,0.0195303171
153,0.0172812986,0.0053101528
223,0.0352823655,0.0125902283
372,0.0379612006,0.0063822340
387,0.0070822727,0.0036100272
460,0.0077404423,0.0027860380
547,0.0080757238,0.0013249381
587,0.0064361674,0.0030567967
597,0.0146143710,0.0023115975
605,0.0251413241,0.0041927428
664,0.0150448142,0.0006408327
683,0.0090768842,0.0042904116
881,0.0156736353,0.0046414582
948,0.0145340758,0.0033047724
1072,0.0214997132,0.0008939294
1163,0.0148113509,0.0032467900
1285,0.0033768091,0.0015446584
1471,0.0037065141,0.0004987892
1568,0.0041348669,0.0006397857
1696,0.0036704186,0.0013544136
1705,0.0174369264,0.0000000000
1755,0.0069801379,0.0003272711
1868,0.0061602803,0.0000366978
1888,0.0038960422,0.0012544642
1989,0.0252324973,0.0011854206
2021,0.0057708690,0.0002929095
2115,0.0028559813,0.0000000000
2133,0.0116030828,0.0001713815
2460,0.0031136051,0.0002200789
2749,0.0035644995,0.0001569291
2817,0.0037622827,0.0000813870
3130,0.0031163829,0.0005883519
3153,0.0159219782,0.0000000000
3307,0.0039174205,0.0000788772
3407,0.0040774718,0.0005846412
3533,0.0051881857,0.0002943190
3968,0.0124124795,0.0000000000
4162,0.0025301076,0.0000000000
4298,0.0026330866,0.0020628906
4630,0.0045474817,0.0000000000
4783,0.0026677628,0.0000000000
4952,0.0047504429,0.0000000000
10,0.0606454487,0.1343187382
14,0.0415299322,0.1663505534
19,0.0523556908,0.1096073780
22,0.0380687368,0.0387451258
23,0.0500008119,0.0360864729
32,0.0332542487,0.0298019501
62,0.0192232856,0.0443076705
74,0.0250021507,0.0282105877
77,0.0304293042,0.0240993995
89,0.0262020301,0.0108709406
94,0.0367852900,0.0128592475
110,0.0262734578,0.0136444321
132,0.0138566069,0.0164875468
144,0.0310934730,0.0201394033
164,0.0228926331,0.0068497504
166,0.0243087511,0.0146399697
174,0.0191813141,0.0147182618
175,0.0207231935,0.0224939590
185,0.0174371618,0.0016990331
188,0.0314900847,0.0170507254
231,0.0443937286,0.0029144537
234,0.0271364131,0.0123020234
235,0.0221929510,0.0075326543
258,0.0348421048,0.0058298608
259,0.0247038231,0.0073893803
263,0.0178664654,0.0081982955
282,0.0296386749,0.0049903624
285,0.0122211301,0.0005666862
297,0.0355829517,0.0093147988
309,0.0217031933,0.0043347851
323,0.0227183642,0.0052562812
338,0.0221155336,0.0113377642
341,0.0145543757,0.0049809315
416,0.0180076841,0.0042348188
437,0.0215879996,0.0045875248
454,0.0196573509,0.0029805394
482,0.0141287848,0.0007847528
558,0.0240734933,0.0022384738
740,0.0236874540,0.0073536790
790,0.0107739678,0.0012872265
851,0.0138843653,0.0001762791
906,0.0141944366,0.0024461927
924,0.0158363859,0.0000027746
992,0.0160116678,0.0027309775
1001,0.0102114915,0.0009896573
1127,0.0115301100,0.0003508353
1281,0.0120184171,0.0026190801
1395,0.0178763927,0.0001406120
1425,0.0120980968,0.0019158688
1439,0.0108774177,0.0015203722
1449,0.0108820901,0.0015173585
1472,0.0124442384,0.0010657732
1486,0.0119901786,0.0003310918
1502,0.0110292195,0.0000560450
1503,0.0103406663,0.0002223019
1523,0.0115340508,0.0009636573
1566,0.0098795736,0.0008322434
1607,0.0193858450,0.0011992835
1730,0.0128054609,0.0000381245
1789,0.0209649319,0.0006261854
1802,0.0138268522,0.0003866081
1920,0.0116883330,0.0023226009
1947,0.0097220542,0.0000947366
1969,0.0138210338,0.0001533972
1991,0.0107682041,0.0000000000
2041,0.0111515644,0.0001588361
2055,0.0199455631,0.0010726718
2194,0.0107791224,0.0000000000
2202,0.0100986909,0.0007924061
2296,0.0118001825,0.0001624992
2304,0.0142511253,0.0000068737
2346,0.0121134533,0.0001580530
2366,0.0121177589,0.0000878431
2379,0.0117182053,0.0006995836
2421,0.0121017055,0.0000000000
2422,0.0098014266,0.0001770592
2452,0.0122097966,0.0001013050
2472,0.0096255101,0.0030860544
2575,0.0176805659,0.0000564636
2621,0.0100720500,0.0000000000
2663,0.0095459243,0.0000000000
2697,0.0238133877,0.0000769535
2720,0.0156512726,0.0000000000
2752,0.0109021041,0.0000000000
2862,0.0099730727,0.0008645734
2869,0.0097162739,0.0000477949
2946,0.0139294749,0.0002282099
3087,0.0182580320,0.0000657744
3192,0.0105240890,0.0004865129
3271,0.0175208749,0.0053877109
3277,0.0114585845,0.0000000000
3364,0.0112669929,0.0000000000
3419,0.0125700666,0.0000000000
3495,0.0131982734,0.0000490692
3520,0.0107321371,0.0000000000
3614,0.0244426486,0.0000000000
3636,0.0108816031,0.0000471898
3654,0.0106157199,0.0000157481
3727,0.0147945469,0.0006890718
3730,0.0100390055,0.0000948814
3747,0.0111796439,0.0002666566
3791,0.0094547063,0.0000000000
3794,0.0186496777,0.0002567897
3803,0.0156407821,0.0000659313
3820,0.0102529104,0.0000000000
3829,0.0185797002,0.0019987032
3889,0.0105175803,0.0000000000
3918,0.0101891047,0.0000000000
3941,0.0098377705,0.0000000000
3952,0.0099615951,0.0000000000
3970,0.0343412451,0.0005806984
3993,0.0155872305,0.0008419863
4001,0.0101790945,0.0000144264
4012,0.0107709585,0.0003920920
4032,0.0103019645,0.0000000000
4185,0.0099299888,0.0000000000
4207,0.0106565068,0.0000000000
4328,0.0100655212,0.0000397355
4401,0.0152114203,0.0000347898
4409,0.0096072891,0.0000000000
4450,0.0160918274,0.0000000000
4572,0.0100260474,0.0000000000
4613,0.0101196817,0.0000000000
4678,0.0101294483,0.0000900873
4789,0.0095282899,0.0000000000
4848,0.0094508241,0.0000000000
4892,0.0117550193,0.0000000000
4894,0.0095317732,0.0000000000
4976,0.0099350555,0.0000000000
46,0.0155713958,0.0296763460
134,0.0190363541,0.0177779346
315,0.0257352270,0.0069254920
328,0.0347897611,0.0062027407
410,0.0235644955,0.0051192912
478,0.0132785168,0.0066997462
592,0.0066222886,0.0013394542
677,0.0066346432,0.0016775226
729,0.0039863228,0.0015381691
749,0.0257575846,0.0042012923
783,0.0074174530,0.0012079252
819,0.0059057451,0.0024787583
903,0.0125743259,0.0005518814
920,0.0052444025,0.0004248827
932,0.0046489583,0.0011965950
976,0.0042176171,0.0084223353
997,0.0066572100,0.0042199639
1052,0.0038337184,0.0003121894
1178,0.0119979680,0.0011536290
1204,0.0147186578,0.0025294278
1234,0.0043191613,0.0002667729
1623,0.0171890975,0.0012285604
1819,0.0031795670,0.0014570266
1841,0.0051820246,0.0002611880
1866,0.0252502292,0.0000587048
2072,0.0032702860,0.0022373107
2213,0.0051318654,0.0033878656
2258,0.0054721114,0.0000609393
2294,0.0033521412,0.0017869225
2343,0.0032374175,0.0000000000
2484,0.0035451430,0.0015293979
2512,0.0061642216,0.0003092225
2714,0.0029231361,0.0000000000
2729,0.0042986895,0.0004409950
2860,0.0038023137,0.0000000000
2874,0.0041935551,0.0000846365
2878,0.0049577637,0.0019148982
2963,0.0034326842,0.0000891690
2982,0.0036031637,0.0004669412
3680,0.0027280205,0.0000000000
3734,0.0244035426,0.0005536326
4116,0.0081317310,0.0001419836
4118,0.0029536920,0.0000000000
4348,0.0072029019,0.0000000000
4415,0.0025771936,0.0000000000
4492,0.0036215506,0.0019985635
4564,0.0027432841,0.0000178235
4586,0.0032331336,0.0000282636
4745,0.0026090059,0.0000000000
20,0.0528057271,0.0543464685
40,0.0285057022,0.0403486880
45,0.0464889029,0.0333669399
47,0.0347204131,0.0376086665
48,0.0318044819,0.0702099214
51,0.0295225373,0.0295391501
76,0.0304860929,0.0333849641
106,0.0291000948,0.0053987989
115,0.0396856953,0.0029679223
126,0.0189117563,0.0121389371
127,0.0286092710,0.0033866636
129,0.0166180892,0.0334518519
133,0.0274676826,0.0047358241
141,0.0340965877,0.0131677481
157,0.0184919562,0.0052613230
165,0.0232840916,0.0068877912
213,0.0167533878,0.0052561537
246,0.0240733583,0.0004084460
250,0.0273629791,0.0047005917
312,0.0146041478,0.0024537090
337,0.0151980219,0.0041377428
349,0.0131432867,0.0081010152
353,0.0268374876,0.0114760389
390,0.0102942668,0.0017459532
406,0.0160294520,0.0010276131
452,0.0254954235,0.0056204969
467,0.0119457982,0.0125609084
491,0.0172227627,0.0068657708
492,0.0214892733,0.0029514460
499,0.0269295531,0.0059099569
528,0.0137909445,0.0040234614
530,0.0257159957,0.0016085310
627,0.0244362385,0.0005683350
744,0.0174418291,0.0004076997
798,0.0157240457,0.0043874094
816,0.0096093516,0.0013642547
818,0.0313987336,0.0036829485
896,0.0234969734,0.0009808405
939,0.0100752162,0.0002504333
977,0.0103342040,0.0001564892
1054,0.0122989152,0.0001109920
1075,0.0135016129,0.0011981196
1082,0.0117816770,0.0000559808
1098,0.0135106524,0.0013223936
1100,0.0105186144,0.0029084250
1102,0.0111387869,0.0008302602
1138,0.0174126193,0.0022884493
1179,0.0100324533,0.0004054761
1182,0.0177857594,0.0012242358
1213,0.0099279884,0.0026927549
1249,0.0102608420,0.0051330359
1297,0.0098560959,0.0015643712
1359,0.0118190586,0.0019194010
1448,0.0198668143,0.0014392965
1458,0.0178839736,0.0044628982
1473,0.0092489614,0.0010357630
1479,0.0101433618,0.0005395071
1511,0.0097035421,0.0006670844
1512,0.0144786593,0.0018789727
1598,0.0101586567,0.0005963469
1625,0.0125458325,0.0002145733
1638,0.0109573733,0.0002103165
1657,0.0123668422,0.0001685055
1658,0.0087016861,0.0000126705
1694,0.0110768949,0.0016800035
1760,0.0093527978,0.0031699287
1859,0.0146096815,0.0017118027
1923,0.0111082796,0.0003362597
1943,0.0099514443,0.0013832205
2050,0.0312976787,0.0000000000
2126,0.0153964432,0.0000290679
2158,0.0100376704,0.0000000000
2265,0.0114741274,0.0007326374
2329,0.0095690145,0.0000381352
2476,0.0097568856,0.0018848527
2479,0.0107643076,0.0001179962
2538,0.0106855500,0.0007355514
2607,0.0092144850,0.0001832642
2610,0.0105767441,0.0002519275
2679,0.0173298850,0.0005244079
2706,0.0131754205,0.0008069658
2807,0.0119913846,0.0022860811
2854,0.0107468699,0.0000598082
2942,0.0134453206,0.0000000000
3064,0.0118931497,0.0001580977
3134,0.0098462538,0.0000492116
3175,0.0098146224,0.0000000000
3206,0.0315186034,0.0000000000
3211,0.0097289171,0.0000901622
3566,0.0140897087,0.0000000000
3640,0.0124446970,0.0000000000
4057,0.0094051698,0.0000891037
4108,0.0094997261,0.0003302744
4156,0.0138258819,0.0000000000
4189,0.0131951461,0.0000000000
4241,0.0089438744,0.0000452546
4364,0.0113424198,0.0000000000
4656,0.0146890783,0.0000000000
4916,0.0090017473,0.0000000000
4983,0.0152287892,0.0000000000
16,0.0606242870,0.0639821618
21,0.0488944477,0.0132555643
27,0.0472987461,0.1447323368
55,0.0263808305,0.0102756309
57,0.0272377789,0.0480098400
58,0.0328024908,0.0118901295
69,0.0270148597,0.0131386390
80,0.0173272466,0.0286541108
81,0.0471306996,0.0133161435
105,0.0253781687,0.0046293405
142,0.0240378257,0.0051594077
148,0.0362557232,0.0118459100
159,0.0237873989,0.0086689484
217,0.0265482580,0.0145487719
233,0.0209985204,0.0052626373
240,0.0143107853,0.0015727827
277,0.0174817858,0.0086252217
314,0.0134259187,0.0004414888
350,0.0139405008,0.0021707037
413,0.0169608071,0.0028089330
415,0.0249901936,0.0025591827
426,0.0146703860,0.0028524014
427,0.0149291442,0.0067857330
435,0.0214905575,0.0001753388
442,0.0151821191,0.0166586815
457,0.0200703517,0.0014108646
487,0.0251524478,0.0007264430
507,0.0157344944,0.0030267429
545,0.0123014924,0.0027517095
556,0.0188526489,0.0020942252
563,0.0179971256,0.0079145037
604,0.0152260252,0.0031701402
644,0.0141464882,0.0022675234
660,0.0192752297,0.0008326637
696,0.0147726864,0.0038159170
760,0.0115987489,0.0085929402
781,0.0134512921,0.0038501383
835,0.0117041592,0.0021934658
839,0.0154428054,0.0030230629
867,0.0213972402,0.0058750040
904,0.0153194435,0.0017163431
995,0.0140852013,0.0000759969
1105,0.0214739854,0.0032871534
1187,0.0113196130,0.0012916226
1199,0.0115908667,0.0017630648
1236,0.0131570587,0.0008462164
1254,0.0136670067,0.0033780248
1265,0.0173594988,0.0011604371
1276,0.0135228838,0.0007844474
1557,0.0112871565,0.0042488604
1592,0.0197048570,0.0048030200
1602,0.0123490548,0.0000000000
1653,0.0146913578,0.0010849160
1678,0.0153753688,0.0005922771
1742,0.0216806417,0.0009169515
1959,0.0229563881,0.0001686960
1978,0.0209209948,0.0013401613
2062,0.0122785424,0.0002614145
2082,0.0110858286,0.0015597522
2101,0.0265568763,0.0000000000
2191,0.0115559593,0.0000420146
2228,0.0118910410,0.0001631680
2405,0.0137588959,0.0000475147
2449,0.0155376829,0.0002983657
2468,0.0216523909,0.0000000000
2477,0.0144425979,0.0001797616
2754,0.0195209985,0.0002671432
2769,0.0145893404,0.0000000000
2778,0.0114890747,0.0000623619
2793,0.0125216141,0.0006263369
2834,0.0143135402,0.0000000000
2892,0.0127395033,0.0000000000
2905,0.0181705305,0.0000646211
3021,0.0227103019,0.0000000000
3345,0.0113346032,0.0006699119
3369,0.0111597716,0.0000000000
3401,0.0111402601,0.0000269792
3461,0.0114577258,0.0004531858
3488,0.0129960401,0.0007401558
3505,0.0149072365,0.0002700616
3518,0.0325576535,0.0003582701
3763,0.0129549979,0.0000000000
3806,0.0106235241,0.0000634458
3851,0.0114390112,0.0000000000
3872,0.0146669015,0.0000000000
3896,0.0199611791,0.0000000000
3943,0.0109115860,0.0000000000
4147,0.0111975181,0.0000000000
4175,0.0146874065,0.0000000000
4218,0.0106537211,0.0000938171
4254,0.0117876914,0.0000000000
4357,0.0136438193,0.0000000000
4456,0.0107678635,0.0000000000
4497,0.0119070122,0.0000000000
4520,0.0118090318,0.0000000000
4640,0.0127322644,0.0000000000
4647,0.0201700354,0.0000000000
4700,0.0114327693,0.0000000000
4866,0.0106615521,0.0000000000
4927,0.0114163790,0.0000000000
4978,0.0118173859,0.0000000000
59,0.0392113171,0.0172933471
61,0.0454266319,0.0449587978
64,0.0375754730,0.0220938282
71,0.0414031423,0.0476049125
78,0.0285822269,0.0151392448
96,0.0303537600,0.0079395742
104,0.0285247297,0.0077788644
112,0.0389844455,0.0255407507
135,0.0345245597,0.0117440652
155,0.0333350129,0.0054608901
177,0.0312726410,0.0096604304
191,0.0397264035,0.0039809071
229,0.0265492683,0.0001009054
243,0.0301246313,0.0134808109
249,0.0338304787,0.0059182666
251,0.0272654813,0.0098552241
284,0.0315274417,0.0031942675
289,0.0369201502,0.0058079734
322,0.0306415242,0.0018589213
329,0.0256352400,0.0066950784
388,0.0299243283,0.0103633705
394,0.0286495115,0.0030764582
400,0.0239820722,0.0058068614
407,0.0248796792,0.0139993792
414,0.0264404252,0.0079163730
432,0.0277152525,0.0024554805
444,0.0313061031,0.0053243572
447,0.0314308689,0.0007423144
451,0.0365135873,0.0020491838
470,0.0290502101,0.0051300576
524,0.0319295375,0.0090546961
527,0.0260005805,0.0038094411
542,0.0352512219,0.0033672216
554,0.0234288165,0.0070015945
557,0.0256118079,0.0028118757
560,0.0271460797,0.0003995670
575,0.0243872356,0.0034551129
601,0.0377221068,0.0000192540
634,0.0334718822,0.0047904864
647,0.0252638859,0.0058413345
649,0.0311319679,0.0061276429
716,0.0316132932,0.0056152413
745,0.0282999979,0.0062720463
748,0.0271526157,0.0012608657
774,0.0293908970,0.0049138086
779,0.0233939752,0.0009058719
803,0.0254094545,0.0012024521
805,0.0313848772,0.0025768786
842,0.0320772524,0.0047297778
884,0.0267655951,0.0015228285
897,0.0337234830,0.0009572038
957,0.0248500798,0.0003765154
974,0.0229594346,0.0036517250
983,0.0245859278,0.0013488247
993,0.0265320072,0.0009015922
1000,0.0235088134,0.0048170393
1017,0.0342417117,0.0026786305
1031,0.0283841008,0.0012634243
1043,0.0312780684,0.0009829226
1078,0.0324750372,0.0036102052
1080,0.0309402282,0.0000000000
1090,0.0230489084,0.0029227336
1095,0.0244514933,0.0006122124
1099,0.0232014999,0.0026055819
1110,0.0232543735,0.0006850167
1113,0.0312388691,0.0013269169
1117,0.0232043158,0.0002407334
1126,0.0242131334,0.0015678786
1143,0.0341601098,0.0007548130
1157,0.0293014610,0.0008110025
1191,0.0240727023,0.0062486235
1245,0.0226948213,0.0009369693
1248,0.0273792957,0.0010212045
1262,0.0231623311,0.0009184748
1271,0.0233428117,0.0000071407
1294,0.0231236627,0.0004652054
1314,0.0350683356,0.0044708909
1319,0.0337461798,0.0008231251
1325,0.0268335538,0.0009279203
1399,0.0237844384,0.0014467583
1416,0.0231498791,0.0021720069
1430,0.0234214904,0.0023446456
1433,0.0319986881,0.0040041656
1443,0.0229018261,0.0024128208
1470,0.0234204168,0.0028322747
1500,0.0257323986,0.0005192213
1510,0.0242563845,0.0011958446
1522,0.0221718403,0.0007817955
1546,0.0232341477,0.0002299312
1671,0.0261181505,0.0021574318
1686,0.0262465801,0.0000348003
1692,0.0269930454,0.0004974574
1704,0.0234772241,0.0001630103
1725,0.0229783898,0.0044788107
1810,0.0250073061,0.0006094670
1823,0.0288648133,0.0004116821
1827,0.0334397221,0.0005995787
1851,0.0223426253,0.0000000000
1861,0.0239103761,0.0006636473
1885,0.0232326395,0.0002979666
1895,0.0242626930,0.0000000000
1906,0.0316583255,0.0013514419
1924,0.0263808886,0.0007815662
1944,0.0244411214,0.0000000000
1966,0.0225633718,0.0000416999
2014,0.0221288280,0.0029864484
2088,0.0287000130,0.0005299781
2106,0.0298704980,0.0009487261
2151,0.0227199075,0.0023037216
2246,0.0252261804,0.0003712799
2256,0.0224474253,0.0012874775
2263,0.0223932364,0.0003833364
2280,0.0235135974,0.0006669035
2288,0.0247363188,0.0007541849
2293,0.0256393697,0.0013311780
2301,0.0227193876,0.0000534449
2313,0.0231497047,0.0000000000
2337,0.0257315373,0.0005745962
2384,0.0305465899,0.0035801369
2396,0.0220165927,0.0031561166
2412,0.0222997111,0.0000000000
2416,0.0243886729,0.0000000000
2455,0.0329628765,0.0039006221
2465,0.0237105398,0.0001648550
2466,0.0285864450,0.0003372616
2469,0.0256468240,0.0001503708
2536,0.0223375780,0.0000000000
2571,0.0223223030,0.0000402908
2581,0.0318042357,0.0009362235
2589,0.0253991141,0.0006125445
2643,0.0295590251,0.0014471141
2727,0.0273688369,0.0004887536
2786,0.0237203686,0.0000000000
2808,0.0227425298,0.0000000000
2837,0.0225764611,0.0001050809
2850,0.0242609037,0.0026102043
2859,0.0276838534,0.0000000000
2865,0.0224811364,0.0000299649
2952,0.0234359859,0.0003344092
3012,0.0236888866,0.0003366649
3029,0.0247168686,0.0002203873
3090,0.0238918178,0.0002591909
3096,0.0228348683,0.0022939051
3157,0.0227593289,0.0000000000
3164,0.0223491058,0.0000000000
3259,0.0243156137,0.0000000000
3308,0.0232495680,0.0000000000
3416,0.0227216711,0.0000000000
3446,0.0264178289,0.0012613269
3494,0.0243857180,0.0000000000
3548,0.0235264106,0.0002087422
3570,0.0225006037,0.0000000000
3620,0.0221980887,0.0002010599
3647,0.0222284017,0.0000000000
3713,0.0228420664,0.0000000000
3765,0.0265791929,0.0000000000
3849,0.0230525594,0.0001586571
3870,0.0259600378,0.0000000000
4053,0.0307755318,0.0000000000
4107,0.0222408481,0.0005574537
4141,0.0237965775,0.0000000000
4144,0.0301228448,0.0000000000
4161,0.0225994426,0.0000000000
4170,0.0238907556,0.0000000000
4219,0.0248171813,0.0000000000
4261,0.0220826028,0.0001536415
4429,0.0333404684,0.0000000000
4443,0.0219295455,0.0000000000
4462,0.0235732571,0.0000000000
4635,0.0239193954,0.0000000000
4657,0.0241744801,0.0000170014
4659,0.0223480347,0.0000000000
4730,0.0222058910,0.0000000000
4744,0.0240480354,0.0000000000
4749,0.0229487026,0.0000000000
4758,0.0226746914,0.0000000000
4796,0.0244789127,0.0000000000
4850,0.0227260243,0.0000000000
4949,0.0223197240,0.0000000000
4997,0.0221879754,0.0000000000
26,0.0354455354,0.0416579090
50,0.0262491946,0.0415112865
54,0.0365834991,0.0145234426
68,0.0236526550,0.0188262440
72,0.0218723840,0.0050888982
86,0.0308537650,0.0201842397
91,0.0354259457,0.0232901092
97,0.0171382793,0.0147405910
99,0.0296461723,0.0146053849
116,0.0366746812,0.0206029466
124,0.0214296560,0.0082057704
143,0.0265780105,0.0050075172
151,0.0220810688,0.0231750635
168,0.0195313838,0.0051804429
197,0.0242423181,0.0006395622
201,0.0192857249,0.0027585901
207,0.0173733994,0.0070900410
269,0.0216383863,0.0155031539
279,0.0245482187,0.0060484656
299,0.0246331504,0.0045483020
324,0.0256384051,0.0026664134
335,0.0184785960,0.0062603829
389,0.0145739268,0.0185332102
544,0.0178215344,0.0033320483
559,0.0190548478,0.0038518883
568,0.0153517793,0.0030437380
598,0.0131722776,0.0008873423
615,0.0229268316,0.0069511381
624,0.0181033653,0.0018802820
637,0.0142925357,0.0033312302
640,0.0256858603,0.0058629454
652,0.0274195188,0.0007352156
758,0.0143604747,0.0024027886
834,0.0161054678,0.0014750267
882,0.0164913225,0.0011331270
883,0.0126199640,0.0065514524
946,0.0137508500,0.0072457468
965,0.0130022994,0.0021651183
1010,0.0286923346,0.0013211713
1039,0.0207444331,0.0013855065
1135,0.0171320682,0.0027899278
1161,0.0123592681,0.0000633382
1177,0.0136556927,0.0015237536
1211,0.0201371944,0.0032895269
1220,0.0124672164,0.0050035524
1287,0.0139051780,0.0004900604
1298,0.0138196490,0.0005328133
1310,0.0162565782,0.0048046167
1311,0.0126266882,0.0037967079
1391,0.0190011739,0.0006131039
1428,0.0118692701,0.0026774445
1483,0.0130101834,0.0000000000
1506,0.0115098935,0.0046451053
1529,0.0138662403,0.0009701466
1669,0.0144281342,0.0000486725
1708,0.0113566957,0.0014578986
1731,0.0116144521,0.0007119703
1735,0.0133974138,0.0005215637
1739,0.0122029921,0.0017344655
1788,0.0118205935,0.0001460738
1798,0.0147176140,0.0000769613
1843,0.0119484697,0.0006331673
1908,0.0176134538,0.0006046490
1927,0.0117649715,0.0006724843
1936,0.0150428774,0.0011668765
1939,0.0129519939,0.0000000000
1967,0.0127011568,0.0001977187
2020,0.0123170659,0.0018427930
2205,0.0127410420,0.0001765475
2308,0.0117699685,0.0000030174
2321,0.0131955537,0.0011393364
2326,0.0209011053,0.0004906561
2721,0.0121588442,0.0020344833
2766,0.0181903667,0.0000171845
2768,0.0125922315,0.0000872034
2776,0.0123689054,0.0008779075
2831,0.0197835734,0.0000000000
2833,0.0123313992,0.0000000000
2873,0.0121978251,0.0006359169
2898,0.0185157100,0.0000334319
2927,0.0196980191,0.0004964117
2948,0.0113301665,0.0000150486
2983,0.0114263032,0.0000103358
2991,0.0143322764,0.0001257891
2994,0.0111791832,0.0016859069
3067,0.0131696848,0.0002366242
3072,0.0123130152,0.0003455619
3082,0.0120343162,0.0000000000
3256,0.0139713904,0.0003058955
3278,0.0166946426,0.0000000000
3288,0.0163212379,0.0000000000
3318,0.0159514376,0.0000000000
3451,0.0132652639,0.0001788999
3473,0.0133358800,0.0001872416
3482,0.0202410964,0.0000064814
3515,0.0124045949,0.0000000000
3603,0.0117833563,0.0005997115
3688,0.0165939403,0.0000000000
3759,0.0123748475,0.0000000000
3798,0.0114365620,0.0000528274
3807,0.0113717361,0.0001588191
3916,0.0111017592,0.0000000000
4008,0.0148936991,0.0021392359
4130,0.0167798917,0.0000000000
4140,0.0112514368,0.0000000000
4211,0.0110903729,0.0000000000
4255,0.0197371033,0.0000090127
4276,0.0113252973,0.0000000000
4591,0.0132657118,0.0013444705
4669,0.0119550451,0.0000000000
4723,0.0197381488,0.0000000000
4724,0.0113506755,0.0000000000
4767,0.0111432522,0.0000000000
4993,0.0144548831,0.0000000000
66,0.0167719976,0.0172339770
93,0.0178557191,0.0147984021
95,0.0182042281,0.0310055249
100,0.0153798346,0.0134566633
118,0.0243674871,0.0107840246
121,0.0111387616,0.0191702943
122,0.0131971373,0.0383369230
208,0.0227863486,0.0143232398
266,0.0097474813,0.0014959643
398,0.0077905585,0.0017875730
440,0.0120791279,0.0026460278
503,0.0146474478,0.0069927415
688,0.0078790612,0.0016112326
737,0.0083780618,0.0005382488
797,0.0059433657,0.0033675444
872,0.0083313538,0.0015765063
951,0.0064937715,0.0022458750
1022,0.0077805257,0.0010001715
1026,0.0088598370,0.0008504929
1067,0.0082070419,0.0015791703
1158,0.0082205964,0.0005014273
1167,0.0106324767,0.0012718056
1192,0.0106223374,0.0001966347
1196,0.0063794809,0.0011273411
1202,0.0062155779,0.0005346180
1340,0.0050606556,0.0012918799
1514,0.0049305411,0.0012545715
1600,0.0114915826,0.0000000000
1680,0.0070416702,0.0005299179
1715,0.0052190514,0.0019213187
1879,0.0058509060,0.0017828137
1974,0.0052238763,0.0000000000
2035,0.0078525783,0.0002095229
2044,0.0057649290,0.0011528326
2063,0.0065330375,0.0001856182
2153,0.0078456941,0.0000000000
2204,0.0090730164,0.0001466975
2224,0.0108149632,0.0004776969
2478,0.0054109418,0.0013417374
2695,0.0052210192,0.0000000000
3129,0.0055948231,0.0000875229
3284,0.0052688736,0.0000000000
3367,0.0048109204,0.0000000000
3372,0.0047173834,0.0000760261
3392,0.0154313873,0.0000000000
3541,0.0075821243,0.0000000000
3564,0.0107222278,0.0002423231
3590,0.0050010998,0.0000727229
3632,0.0104833718,0.0000000000
3660,0.0065772537,0.0006649529
3716,0.0139806718,0.0005047312
3841,0.0066425515,0.0000056321
3905,0.0073268597,0.0000000000
4027,0.0109832050,0.0001127373
4134,0.0123288487,0.0001215853
4143,0.0053648205,0.0000000000
4230,0.0115999283,0.0004324981
4612,0.0046172566,0.0000000000
4849,0.0049183441,0.0000000000
4901,0.0095626802,0.0000000000
4931,0.0051928024,0.0000000000
49,0.0231725732,0.0168612485
70,0.0294483774,0.1240228115
82,0.0300856282,0.0061394767
92,0.0321793517,0.0155022651
109,0.0283003233,0.0013084423
119,0.0198211865,0.0191124768
131,0.0224980655,0.0050090713
158,0.0114030975,0.0122711688
160,0.0194954500,0.0101445415
200,0.0175712273,0.0086636047
219,0.0180214331,0.0055782537
225,0.0145570836,0.0110890512
226,0.0136595914,0.0056093098
228,0.0163144834,0.0054525163
236,0.0176661737,0.0142986008
256,0.0201311880,0.0095032772
264,0.0206154841,0.0030001201
280,0.0115437530,0.0055600810
295,0.0092216389,0.0022321274
308,0.0090801440,0.0195404363
361,0.0117060495,0.0039927185
381,0.0213026124,0.0005854270
412,0.0099534585,0.0015015899
425,0.0109692698,0.0046195345
475,0.0231908033,0.0086702141
483,0.0183829753,0.0020798768
493,0.0110208645,0.0046949686
518,0.0118125903,0.0023476293
532,0.0126837788,0.0005915950
571,0.0097772778,0.0019891359
585,0.0188102492,0.0027580804
639,0.0184101319,0.0097002458
727,0.0127017814,0.0014054999
728,0.0117313192,0.0013502932
747,0.0101111173,0.0014446407
778,0.0102886837,0.0026368035
782,0.0120116156,0.0004361646
807,0.0079181066,0.0030006609
823,0.0178950534,0.0000161296
971,0.0243961123,0.0003843087
981,0.0104714123,0.0033388388
982,0.0164839029,0.0009184367
1125,0.0090947604,0.0003831183
1215,0.0131631145,0.0023019106
1260,0.0163110963,0.0024632191
1267,0.0121963455,0.0007864505
1335,0.0091107660,0.0023743393
1358,0.0090930440,0.0007673659
1368,0.0083668653,0.0023711775
1424,0.0136395249,0.0009965677
1427,0.0090700751,0.0023856822
1465,0.0081638728,0.0006482092
1468,0.0145464710,0.0009652245
1551,0.0117794330,0.0009000859
1577,0.0108980078,0.0001825137
1589,0.0127799807,0.0034099393
1628,0.0081010408,0.0004101299
1645,0.0102071842,0.0006939205
1649,0.0090136662,0.0007957371
1710,0.0109870170,0.0006910576
1727,0.0095744207,0.0003555245
1738,0.0162560545,0.0000188513
1792,0.0139754210,0.0006069965
1839,0.0129286578,0.0002823760
1848,0.0124256899,0.0026144162
1898,0.0087815381,0.0004620539
2127,0.0111204455,0.0003125406
2217,0.0137018553,0.0015046544
2255,0.0084609084,0.0010657220
2424,0.0135522422,0.0000960458
2608,0.0132293315,0.0000000000
2634,0.0093376916,0.0000307438
2717,0.0104897358,0.0000000000
2755,0.0120311977,0.0000245314
2943,0.0086975264,0.0003062444
2968,0.0109287501,0.0000173690
3056,0.0127092187,0.0008029184
3228,0.0077220135,0.0024842475
3292,0.0095935321,0.0000000000
3306,0.0081125265,0.0004083041
3312,0.0110199311,0.0000000000
3329,0.0079670083,0.0001688948
3351,0.0082593012,0.0000000000
3373,0.0100482690,0.0000000000
3434,0.0105292804,0.0000000000
3465,0.0170337639,0.0001705740
3551,0.0085645030,0.0000415784
3728,0.0159190288,0.0009611513
3775,0.0079273304,0.0018981649
3837,0.0222759582,0.0020600496
3847,0.0086481430,0.0012762986
3861,0.0082010400,0.0000325388
3865,0.0092452347,0.0004670068
3902,0.0085211244,0.0000491492
3910,0.0171396987,0.0005954267
4071,0.0077515423,0.0000000000
4122,0.0079135534,0.0000000000
4281,0.0176778667,0.0000397355
4287,0.0079071946,0.0000000000
4514,0.0093207070,0.0000000000
4518,0.0082111406,0.0000000000
4525,0.0084232266,0.0000000000
4622,0.0077962099,0.0000000000
4679,0.0090382200,0.0000000000
4708,0.0078950448,0.0000440838
4958,0.0090244321,0.0000619695
52,0.0243625363,0.0271726969
88,0.0136128278,0.0066378939
111,0.0163630482,0.0082571180
114,0.0166391923,0.0109170543
137,0.0192270809,0.0137236556
156,0.0151923384,0.0103519291
163,0.0237878738,0.0048836621
198,0.0148476589,0.0012166293
222,0.0097187859,0.0135938365
239,0.0216050799,0.0121831160
293,0.0108205294,0.0069692313
311,0.0246803205,0.0013092944
317,0.0108754324,0.0096934155
471,0.0105459646,0.0098468594
474,0.0076141600,0.0031667741
481,0.0072897111,0.0083791380
538,0.0110951149,0.0037595406
620,0.0090290258,0.0004462638
632,0.0184684621,0.0030888727
654,0.0106163599,0.0022466303
679,0.0097516583,0.0011691486
680,0.0132913276,0.0090898326
772,0.0127280525,0.0026081568
833,0.0068972820,0.0063534985
853,0.0077652327,0.0029205531
862,0.0089637991,0.0018213979
955,0.0076851901,0.0010049250
958,0.0086212372,0.0014830883
1005,0.0068508830,0.0024813959
1040,0.0084667661,0.0029001812
1050,0.0102075576,0.0021058459
1055,0.0071761020,0.0021081319
1077,0.0071523163,0.0003682757
1145,0.0122018580,0.0008894286
1239,0.0144646959,0.0063303398
1250,0.0071456122,0.0046269929
1253,0.0067135234,0.0007726578
1350,0.0086756982,0.0021985644
1376,0.0122209526,0.0008387617
1516,0.0083274076,0.0006972275
1537,0.0074282295,0.0000000000
1547,0.0083776586,0.0018405361
1578,0.0150315659,0.0004697953
1614,0.0137381136,0.0005134627
1636,0.0056153969,0.0001715213
1647,0.0082707661,0.0016411238
1744,0.0114808925,0.0024626467
2128,0.0113063516,0.0000000000
2129,0.0093661119,0.0011506759
2208,0.0168854252,0.0000945703
2234,0.0068438008,0.0022084485
2350,0.0067649217,0.0004755612
2497,0.0066503616,0.0000000000
2525,0.0060210211,0.0000000000
2534,0.0144249338,0.0026363263
2587,0.0125357738,0.0001472883
2627,0.0057504533,0.0011544022
2651,0.0056083270,0.0012555964
2708,0.0077737974,0.0000607197
2759,0.0059616783,0.0020909366
2789,0.0084192431,0.0000635787
2821,0.0072248509,0.0004604879
2895,0.0063523370,0.0008892604
3046,0.0066399873,0.0006241807
3185,0.0071138962,0.0002919600
3208,0.0069122903,0.0002864849
3375,0.0069254219,0.0000000000
3421,0.0067807867,0.0001822693
3422,0.0054999331,0.0000000000
3538,0.0066517588,0.0006298593
3561,0.0055002100,0.0003600794
3782,0.0058739912,0.0000704876
3890,0.0073976529,0.0000138822
4043,0.0071071585,0.0002708982
4146,0.0060452848,0.0000000000
4345,0.0066405608,0.0000000000
4526,0.0074809445,0.0000000000
4548,0.0057499489,0.0000000000
4817,0.0112587252,0.0000000000
4913,0.0059385599,0.0000000000
4970,0.0063835504,0.0000000000
4992,0.0058384487,0.0000000000
35,0.0338919933,0.0299193060
56,0.0172772028,0.0220692789
154,0.0126213952,0.0394232942
221,0.0118163610,0.0029629163
336,0.0082679196,0.0072939143
356,0.0159814157,0.0034294722
449,0.0114439891,0.0019713262
490,0.0177337502,0.0036179911
522,0.0117387393,0.0065904708
593,0.0122644944,0.0025504548
594,0.0064535662,0.0018159876
610,0.0173824329,0.0043769226
638,0.0090728639,0.0031453158
653,0.0084902019,0.0016115562
668,0.0129649342,0.0039520204
751,0.0073122039,0.0006823080
789,0.0118709690,0.0032192505
827,0.0067463683,0.0031920072
840,0.0069349219,0.0035531041
931,0.0064145514,0.0042083775
994,0.0096276351,0.0006570932
998,0.0070039533,0.0001278466
1063,0.0139929599,0.0002157266
1103,0.0166259401,0.0025446964
1164,0.0118789509,0.0013600493
1168,0.0121816725,0.0014546699
1337,0.0109657831,0.0010373336
1406,0.0060586627,0.0043401297
1461,0.0134446958,0.0001613712
1526,0.0070166266,0.0000069169
1709,0.0064404869,0.0000882199
1728,0.0138927582,0.0000192873
1771,0.0079516948,0.0017952688
1777,0.0183251050,0.0003775708
1914,0.0145296346,0.0002925697
1961,0.0059016623,0.0000000000
2003,0.0084806308,0.0001506448
2013,0.0106318923,0.0000901569
2022,0.0069363035,0.0013840959
2122,0.0064987980,0.0026475404
2132,0.0070682892,0.0004106067
2157,0.0077548404,0.0010950418
2232,0.0058323085,0.0001402422
2270,0.0070199888,0.0000000000
2537,0.0067637978,0.0000126705
2556,0.0063606521,0.0005556045
2567,0.0066218498,0.0002068965
2885,0.0096443774,0.0000927672
2949,0.0079293921,0.0000000000
3155,0.0061469303,0.0001307086
3198,0.0156826481,0.0002267696
3227,0.0069683057,0.0000000000
3360,0.0106395384,0.0000000000
3415,0.0079740909,0.0012636722
3470,0.0160023089,0.0000000000
3524,0.0063017087,0.0000000000
3613,0.0064744747,0.0000000000
3748,0.0065218106,0.0000208161
3785,0.0063196177,0.0002337405
3786,0.0067831791,0.0000000000
3814,0.0117732355,0.0004792114
3915,0.0057679552,0.0001735249
3960,0.0066758679,0.0000000000
4085,0.0071767494,0.0001396653
4181,0.0068052296,0.0000000000
4206,0.0064273977,0.0000316211
4291,0.0077390991,0.0000000000
4557,0.0056170886,0.0000000000
4722,0.0092195153,0.0005299179
4831,0.0065541937,0.0000000000
4858,0.0070398212,0.0000000000
4941,0.0076272940,0.0000000000
103,0.0233169369,0.0041943811
145,0.0235134102,0.0093034815
150,0.0213952855,0.0093864861
162,0.0172670258,0.0092803260
186,0.0165396119,0.0179034452
195,0.0132916992,0.0033306418
209,0.0189723848,0.0117271865
232,0.0164735853,0.0052531179
248,0.0200915166,0.0083620933
347,0.0148226573,0.0028071559
362,0.0141464879,0.0047035228
370,0.0106289744,0.0041363851
373,0.0097113125,0.0112335491
375,0.0150164080,0.0022349977
385,0.0164594935,0.0061619498
506,0.0110755414,0.0020176772
521,0.0160416445,0.0114925757
613,0.0114990132,0.0060006208
672,0.0128412150,0.0022493613
675,0.0192271260,0.0018283864
691,0.0119778041,0.0012983602
756,0.0109883984,0.0023019756
764,0.0138809813,0.0079340436
777,0.0182299797,0.0009919671
801,0.0176831802,0.0046207721
832,0.0107397373,0.0001349274
876,0.0120051155,0.0007852758
947,0.0117504418,0.0001410490
988,0.0127760504,0.0000631270
1033,0.0118887261,0.0028931592
1068,0.0100810799,0.0001376719
1244,0.0123212948,0.0015417552
1292,0.0097148717,0.0005410638
1317,0.0112497728,0.0012776577
1339,0.0174687070,0.0007931600
1383,0.0098053321,0.0015451500
1482,0.0096949689,0.0014831033
1509,0.0117233519,0.0016393123
1556,0.0113521421,0.0001418677
1565,0.0102075089,0.0003005395
1734,0.0128660389,0.0018281345
1767,0.0110906179,0.0026992608
1809,0.0112329230,0.0000629412
1815,0.0145713725,0.0008689216
1955,0.0089446251,0.0003731921
2037,0.0095040848,0.0024604415
2066,0.0135391158,0.0000132750
2079,0.0101003948,0.0000986089
2155,0.0091936214,0.0036629551
2183,0.0172196537,0.0000000000
2237,0.0101768026,0.0000340456
2278,0.0090240141,0.0009390378
2322,0.0102527902,0.0000713366
2342,0.0089802481,0.0009737118
2375,0.0117811494,0.0005184282
2407,0.0141342489,0.0005492446
2425,0.0090534198,0.0008775035
2443,0.0123263680,0.0002051199
2503,0.0117722622,0.0037228920
2526,0.0088644436,0.0000000000
2529,0.0091953807,0.0000979272
2543,0.0098341468,0.0011440194
2639,0.0115086734,0.0001281434
2674,0.0115650661,0.0018379888
2684,0.0093399030,0.0002462019
2791,0.0092472914,0.0000841426
2974,0.0098577249,0.0007515512
3131,0.0101647147,0.0000381385
3143,0.0101811680,0.0000000000
3166,0.0087505812,0.0000000000
3221,0.0106081467,0.0000000000
3276,0.0096052232,0.0000000000
3297,0.0093647866,0.0005849375
3320,0.0096693204,0.0000223829
3365,0.0089258229,0.0004871052
3523,0.0112209944,0.0001900264
3539,0.0098577454,0.0000000000
3633,0.0093301641,0.0000000000
3754,0.0092388393,0.0000102911
3903,0.0187298294,0.0000045401
3937,0.0107465630,0.0001010552
3999,0.0095722078,0.0000000000
4014,0.0116515406,0.0000000000
4152,0.0100233994,0.0000000000
4228,0.0092812640,0.0000000000
4343,0.0179456373,0.0000000000
4346,0.0094360213,0.0000000000
4381,0.0107096106,0.0000000000
4719,0.0090381174,0.0000000000
4834,0.0095099306,0.0000000000
4994,0.0100953315,0.0000000000
73,0.0233517327,0.0125693852
79,0.0172492307,0.0137062163
139,0.0246875639,0.0111455476
161,0.0114924333,0.0072688481
173,0.0206885750,0.0040017546
196,0.0181616204,0.0109696525
199,0.0202336969,0.0036106267
218,0.0197118730,0.0024288304
254,0.0163408998,0.0035629084
296,0.0184370568,0.0160884842
371,0.0190053132,0.0096215812
376,0.0117596026,0.0012865964
382,0.0138324643,0.0008289867
383,0.0182203637,0.0122750924
401,0.0135710493,0.0020498164
466,0.0152672510,0.0003937692
617,0.0123577720,0.0037671541
661,0.0111814788,0.0032001913
681,0.0110595281,0.0019020787
686,0.0164028110,0.0069574314
726,0.0118744422,0.0007719578
731,0.0153069335,0.0054218262
734,0.0104344648,0.0013226290
855,0.0184737950,0.0017611576
905,0.0138537954,0.0008287807
915,0.0116938959,0.0017216804
1037,0.0147929640,0.0003491064
1051,0.0104416785,0.0009138871
1057,0.0102720262,0.0035922474
1087,0.0195646108,0.0000730247
1130,0.0130348121,0.0005357951
1131,0.0149304580,0.0026532825
1137,0.0110177285,0.0013126088
1231,0.0110040769,0.0007263532
1238,0.0101046978,0.0016611709
1286,0.0110431443,0.0001341860
1411,0.0107919604,0.0002225091
1421,0.0185655410,0.0006259710
1438,0.0132165765,0.0018762872
1452,0.0112792358,0.0013875210
1491,0.0118654119,0.0008138561
1530,0.0104154716,0.0025238636
1580,0.0126212935,0.0003081818
1582,0.0119465868,0.0033039632
1616,0.0122966940,0.0004980683
1640,0.0123190725,0.0003850628
1741,0.0095803507,0.0031694562
1764,0.0103351226,0.0004040259
1768,0.0118149904,0.0006723418
1824,0.0168357021,0.0044616569
1882,0.0106876122,0.0000717396
1937,0.0178655483,0.0004678482
2004,0.0116036170,0.0002211339
2061,0.0108835626,0.0001282115
2074,0.0099277363,0.0016218764
2075,0.0170912326,0.0020180191
2084,0.0103515966,0.0006123257
2089,0.0098895723,0.0006514801
2100,0.0099479471,0.0006266163
2219,0.0157284443,0.0003228535
2238,0.0113476880,0.0006072525
2317,0.0108819004,0.0000922398
2364,0.0097576925,0.0001866047
2387,0.0101398182,0.0000617546
2400,0.0112795922,0.0012423108
2502,0.0099833165,0.0000000000
2544,0.0127408812,0.0000627208
2592,0.0107598222,0.0000000000
2690,0.0101823591,0.0000883414
2799,0.0120971749,0.0000577069
2996,0.0120371381,0.0000000000
3007,0.0094818018,0.0000000000
3015,0.0095554141,0.0000000000
3051,0.0107996231,0.0000845155
3146,0.0112306906,0.0000572798
3214,0.0119522788,0.0000685639
3238,0.0102941013,0.0000000000
3348,0.0102289914,0.0000154752
3510,0.0114778453,0.0000000000
3573,0.0106826550,0.0000000000
3655,0.0117872032,0.0000000000
3672,0.0100583637,0.0001794922
3801,0.0100605497,0.0008923779
3824,0.0114602490,0.0000091743
3879,0.0114713654,0.0000316211
3967,0.0102459659,0.0000657011
4052,0.0181234787,0.0000000000
4064,0.0109779546,0.0000000000
4256,0.0094599464,0.0000000000
4275,0.0108076829,0.0000000000
4339,0.0099024274,0.0001002687
4383,0.0200092607,0.0000000000
4417,0.0097154975,0.0000000000
4555,0.0141168024,0.0000000000
4588,0.0102637771,0.0000000000
4594,0.0099640510,0.0000000000
4641,0.0104140761,0.0000000000
4646,0.0095430484,0.0000000000
4814,0.0098868973,0.0000000000
4853,0.0103096124,0.0000000000
4890,0.0106402644,0.0000000000
4980,0.0155789292,0.0000000000
120,0.0099013359,0.0082756117
189,0.0117952709,0.0151533736
357,0.0108398683,0.0019202842
364,0.0117192431,0.0053202673
725,0.0060784784,0.0096620499
857,0.0056944136,0.0007532927
910,0.0124141365,0.0010996515
1048,0.0075252881,0.0027335199
1227,0.0037528499,0.0050045950
1241,0.0031668767,0.0003245100
1272,0.0042969285,0.0009046064
1343,0.0119475387,0.0031942055
1377,0.0103482589,0.0017189415
1463,0.0074350566,0.0002657964
1534,0.0038366609,0.0011351776
1765,0.0037445289,0.0008532728
2305,0.0043867470,0.0000000000
2361,0.0058384688,0.0002183264
2453,0.0089511377,0.0002712323
2519,0.0037055801,0.0000000000
2530,0.0045196831,0.0004204342
2558,0.0029877524,0.0002481607
2664,0.0029814772,0.0002101003
3049,0.0122615298,0.0000000000
3327,0.0029247408,0.0005421593
3545,0.0071268221,0.0000000000
3930,0.0029456602,0.0000000000
4056,0.0063809818,0.0000000000
4151,0.0027079935,0.0000000000
4568,0.0031744474,0.0000053570
4791,0.0026524191,0.0000000000
41,0.0240094301,0.0388072704
87,0.0162028681,0.0331112621
98,0.0108262156,0.0284853775
211,0.0164133884,0.0121286618
224,0.0101653102,0.0056306298
274,0.0062308866,0.0067516941
300,0.0071542601,0.0113832454
459,0.0083311214,0.0081461591
509,0.0069369368,0.0008876783
614,0.0065606173,0.0019346712
667,0.0083919701,0.0022078219
708,0.0079889104,0.0041448001
763,0.0044573791,0.0005335259
847,0.0050719969,0.0006252010
918,0.0053849064,0.0013132645
928,0.0073147390,0.0000523123
929,0.0072561286,0.0016613745
956,0.0126119315,0.0010523897
966,0.0068277876,0.0002314302
1018,0.0102632217,0.0020467434
1259,0.0059568624,0.0001104557
1308,0.0045506184,0.0007271015
1322,0.0048326945,0.0003933131
1365,0.0136789779,0.0004968412
1444,0.0053856362,0.0006029450
1460,0.0054739426,0.0007212617
1938,0.0043223749,0.0000099339
2113,0.0049564942,0.0005446076
2130,0.0044559463,0.0023504295
2135,0.0060770995,0.0014407817
2207,0.0054202043,0.0004876244
2434,0.0038645757,0.0022073490
2523,0.0042172043,0.0002430492
2656,0.0049958055,0.0005995930
2673,0.0039412986,0.0000000000
2680,0.0060822613,0.0006221306
2763,0.0055067306,0.0000000000
2816,0.0043735089,0.0000200040
2926,0.0059583522,0.0002219644
3026,0.0041955552,0.0000000000
3126,0.0039331891,0.0000000000
3393,0.0109216411,0.0000000000
3559,0.0120023887,0.0005359468
3668,0.0047152313,0.0000000000
3742,0.0047092135,0.0001285594
3795,0.0063373896,0.0000000000
3991,0.0040931110,0.0000000000
3998,0.0040229068,0.0000000000
4302,0.0038139674,0.0000000000
4330,0.0117184895,0.0000000000
4632,0.0044242363,0.0000000000
4698,0.0054450758,0.0000000000
4797,0.0092564238,0.0000000000
4925,0.0039083149,0.0000000000
4935,0.0048975963,0.0000000000
43,0.0201733743,0.0397320505
230,0.0064111880,0.0077361284
306,0.0113362809,0.0142135673
472,0.0075884527,0.0025352077
504,0.0069100774,0.0027889019
539,0.0063277850,0.0005413719
561,0.0075884007,0.0020238172
786,0.0074134459,0.0023435098
860,0.0079283092,0.0020317667
1060,0.0046561774,0.0044259670
1149,0.0057372044,0.0014457082
1201,0.0109397236,0.0007739890
1223,0.0076176319,0.0024258266
1361,0.0056713032,0.0015960147
1398,0.0088476965,0.0011720897
1627,0.0076185805,0.0008655389
1675,0.0043522532,0.0013071999
1677,0.0056035656,0.0010941771
2319,0.0108739982,0.0005599033
2941,0.0042021289,0.0004662631
3001,0.0038834189,0.0000000000
3048,0.0039929253,0.0000000000
3440,0.0055526628,0.0000000000
3459,0.0053381223,0.0000000000
3579,0.0040211752,0.0000000000
3598,0.0039467744,0.0000000000
3624,0.0037582693,0.0000000000
3812,0.0037313648,0.0000000000
3881,0.0040074384,0.0000000000
4015,0.0039037095,0.0000000000
4021,0.0047027277,0.0000000000
4068,0.0038706641,0.0000000000
4204,0.0046770095,0.0000000000
4220,0.0058816743,0.0000000000
4436,0.0046207423,0.0000000000
4554,0.0040499473,0.0000000000
4919,0.0042357011,0.0000000000
75,0.0125565378,0.0339959936
331,0.0147411466,0.0024527775
445,0.0067593313,0.0084747355
516,0.0045919443,0.0043237694
608,0.0067959981,0.0016138343
871,0.0050148325,0.0034877146
917,0.0056973867,0.0025144545
1012,0.0134320127,0.0011044620
1036,0.0048336007,0.0044039752
1061,0.0107014523,0.0004336544
1065,0.0078421848,0.0011779032
1101,0.0086786867,0.0001926641
1208,0.0060338190,0.0013895930
1233,0.0042357332,0.0033173152
1341,0.0039606358,0.0009785974
1342,0.0046898538,0.0010403612
1525,0.0051564213,0.0005149529
1626,0.0071161201,0.0001371215
1831,0.0047382282,0.0002687645
1901,0.0045772149,0.0041423785
1949,0.0039497260,0.0001119744
2145,0.0035942558,0.0009054957
2149,0.0041382164,0.0006525079
2289,0.0035340559,0.0001062655
2310,0.0071896837,0.0001716296
2378,0.0050521642,0.0006557257
2399,0.0039208664,0.0000231036
3032,0.0036363954,0.0000000000
3210,0.0052098203,0.0001008084
3280,0.0073082704,0.0000000000
3328,0.0058229728,0.0006897172
3414,0.0039627141,0.0000000000
3599,0.0039285793,0.0000000000
4123,0.0047711511,0.0003969465
4150,0.0084122319,0.0000000000
4327,0.0035465103,0.0000000000
4371,0.0035136282,0.0000000000
4395,0.0034311400,0.0000894164
4558,0.0052676320,0.0000000000
4825,0.0046670200,0.0000806564
4937,0.0046633657,0.0000000000
53,0.0181703823,0.0140813084
65,0.0168191502,0.0295183518
237,0.0269608971,0.0045107422
238,0.0147216709,0.0192720876
267,0.0156332776,0.0012233241
327,0.0098368108,0.0042580138
424,0.0094534255,0.0050019800
458,0.0110263212,0.0031589239
463,0.0081972371,0.0052362071
465,0.0138745454,0.0002543231
500,0.0085012915,0.0019277066
502,0.0144306600,0.0062964852
517,0.0114508503,0.0048354315
549,0.0094144053,0.0021294958
626,0.0078110477,0.0029356146
717,0.0076771398,0.0016186700
735,0.0083380232,0.0012706011
755,0.0076095060,0.0016978777
775,0.0079503867,0.0006593225
800,0.0078884787,0.0045426346
845,0.0177398397,0.0003120614
849,0.0128871432,0.0058669024
856,0.0083118775,0.0006386668
869,0.0075056050,0.0013110334
877,0.0104551939,0.0004897017
895,0.0115955525,0.0002130882
909,0.0145237866,0.0001716296
921,0.0087971559,0.0015405097
979,0.0136969084,0.0014792521
1150,0.0124479847,0.0013796428
1229,0.0084691063,0.0004477748
1289,0.0081451686,0.0008029435
1295,0.0084735086,0.0030095048
1316,0.0087365023,0.0005863780
1493,0.0081814978,0.0012880711
1550,0.0076914812,0.0010750077
1567,0.0071328948,0.0004939253
2099,0.0143059388,0.0003770903
2190,0.0165572293,0.0005261170
2218,0.0067102497,0.0001465207
2298,0.0067842297,0.0025905659
2506,0.0107334132,0.0000000000
2542,0.0088765988,0.0001706106
2585,0.0112507494,0.0001003082
2642,0.0067783025,0.0000000000
2662,0.0134772153,0.0008535877
2669,0.0068324789,0.0006082250
2672,0.0075726915,0.0000027746
2694,0.0064913096,0.0020460403
2780,0.0081000776,0.0000000000
2788,0.0141074241,0.0000555020
2835,0.0065122435,0.0001579157
2921,0.0076452156,0.0020013242
2989,0.0063620968,0.0000945265
3043,0.0073967700,0.0000438904
3055,0.0141317362,0.0008853406
3272,0.0078531410,0.0001329111
3400,0.0079284941,0.0007298852
3402,0.0102742302,0.0003949900
3681,0.0082697811,0.0000112902
3893,0.0077069913,0.0009027038
4137,0.0067840562,0.0000065685
4179,0.0064419413,0.0000000000
4258,0.0086788794,0.0004619280
4484,0.0068022443,0.0000037324
4529,0.0069359277,0.0000000000
4649,0.0081647564,0.0000000000
4818,0.0157694779,0.0000000000
4845,0.0065232902,0.0000000000
4922,0.0073076892,0.0000000000
4951,0.0101501926,0.0000000000
117,0.0146586991,0.0187213996
245,0.0162630220,0.0043847250
366,0.0079260342,0.0034550646
380,0.0057987404,0.0040256504
434,0.0126514960,0.0094237918
616,0.0089998805,0.0011160482
643,0.0063101144,0.0000236947
776,0.0059007675,0.0055457176
941,0.0072256882,0.0001296694
1024,0.0069648233,0.0058478083
1256,0.0072608290,0.0037787284
1299,0.0053070772,0.0030746439
1366,0.0041184321,0.0005565036
1374,0.0048280113,0.0005863732
1408,0.0038871985,0.0014298108
1442,0.0058810502,0.0026638308
1608,0.0095304930,0.0002124676
1634,0.0084435423,0.0039406165
1840,0.0048832450,0.0004596978
1913,0.0044438692,0.0009269048
1971,0.0077033967,0.0036215068
2473,0.0080808441,0.0001436320
2853,0.0039741571,0.0005265710
3057,0.0074354333,0.0021668858
3124,0.0043484982,0.0000000000
3195,0.0033212870,0.0004309832
3260,0.0034904690,0.0003373367
3335,0.0042997050,0.0000000000
3394,0.0046004555,0.0005908296
3396,0.0037554952,0.0003859631
3409,0.0046977784,0.0021858637
3430,0.0048583941,0.0000000000
3578,0.0051711868,0.0017115896
3662,0.0038979343,0.0000000000
3776,0.0033326784,0.0000000000
3985,0.0045556793,0.0000000000
3994,0.0034851800,0.0000000000
4183,0.0034667700,0.0000000000
4305,0.0047506153,0.0012413179
4406,0.0073375680,0.0000000000
4419,0.0041238235,0.0000000000
220,0.0098466974,0.0086960377
439,0.0032148973,0.0021168689
548,0.0032418751,0.0006658366
567,0.0019433063,0.0017638921
962,0.0047604032,0.0019997437
1207,0.0036470036,0.0015299729
1661,0.0022560309,0.0016740435
1702,0.0096908350,0.0002714230
2311,0.0021287780,0.0027184720
2830,0.0008565275,0.0000000000
3038,0.0092594022,0.0001147095
3121,0.0032601363,0.0013094953
3220,0.0015884386,0.0000265453
3376,0.0047157701,0.0000312299
3975,0.0008837363,0.0001106029
4171,0.0036014798,0.0000000000
4202,0.0028180375,0.0000000000
275,0.0135558759,0.0064308495
303,0.0064491764,0.0029808658
369,0.0111740529,0.0124915561
395,0.0084550482,0.0009320151
461,0.0111806885,0.0001642128
619,0.0050146378,0.0021914791
646,0.0090738676,0.0009991743
663,0.0077039201,0.0032470192
913,0.0062459586,0.0041344203
925,0.0047479291,0.0005981424
986,0.0033814190,0.0002425016
1455,0.0032614790,0.0011868948
1520,0.0034078355,0.0007005518
1569,0.0038584587,0.0001133680
1583,0.0031266185,0.0005223777
1591,0.0028226775,0.0010169896
1878,0.0027247822,0.0004445511
2018,0.0037648390,0.0000199705
2367,0.0111769581,0.0006623670
2444,0.0023705928,0.0011589709
2586,0.0024467947,0.0005996521
2712,0.0041840932,0.0011048053
3112,0.0025215056,0.0000000000
3145,0.0067606552,0.0001081577
3601,0.0038947182,0.0000000000
3751,0.0056248178,0.0000000000
3769,0.0027958228,0.0003928067
3854,0.0026483461,0.0000000000
4376,0.0030894520,0.0000000000
4639,0.0062835333,0.0000000000
146,0.0061402349,0.0133449032
365,0.0040755589,0.0041230565
583,0.0064245589,0.0108974187
586,0.0079685264,0.0048612382
589,0.0064049441,0.0026650396
754,0.0035593083,0.0026119079
762,0.0053832538,0.0006960736
802,0.0074577475,0.0019555813
885,0.0042385306,0.0016676481
1381,0.0057013469,0.0006074096
1643,0.0029200897,0.0005543208
1670,0.0067165227,0.0000269889
1693,0.0042800199,0.0004966126
1964,0.0031561248,0.0000000000
2175,0.0053172692,0.0007310404
2247,0.0055393120,0.0002659307
2282,0.0037452966,0.0003946426
2295,0.0028299355,0.0029173858
2521,0.0028139514,0.0000000000
2606,0.0035315795,0.0000000000
2611,0.0031826816,0.0004887782
2784,0.0032015531,0.0000393561
2909,0.0035551432,0.0030568363
3114,0.0034608491,0.0002088627
3216,0.0032688243,0.0000000000
3481,0.0026472039,0.0000000000
3571,0.0022074552,0.0002186812
3582,0.0030764649,0.0000000000
3631,0.0028337638,0.0000071407
3697,0.0028160409,0.0000000000
3740,0.0098033810,0.0000540971
3858,0.0054354229,0.0000000000
4163,0.0105475813,0.0001388737
4259,0.0040294048,0.0000000000
4262,0.0040775681,0.0000368249
4337,0.0026692218,0.0000000000
4495,0.0035911371,0.0000000000
4540,0.0024044830,0.0000000000
102,0.0105761103,0.0148696748
170,0.0182734190,0.0161594885
242,0.0074292565,0.0251935873
260,0.0149471806,0.0041021055
318,0.0071443852,0.0001616642
421,0.0066851113,0.0043562240
543,0.0111778148,0.0028501871
635,0.0082946417,0.0055789508
721,0.0049824312,0.0050285633
829,0.0074839856,0.0066053188
1013,0.0079522980,0.0030294671
1071,0.0037123946,0.0009526538
1132,0.0079621137,0.0011284858
1270,0.0044950778,0.0017794752
1363,0.0036930018,0.0018422280
1521,0.0116005373,0.0007392402
1596,0.0067593324,0.0037920056
1986,0.0031848755,0.0000000000
2038,0.0049084764,0.0009565029
2146,0.0036453277,0.0000000000
2287,0.0039542760,0.0009419761
2347,0.0035455962,0.0009964464
2757,0.0114067308,0.0000000000
2972,0.0034068653,0.0004924216
3239,0.0037281847,0.0008835754
3359,0.0047673930,0.0000000000
3863,0.0051684527,0.0007017604
4087,0.0032673294,0.0000921134
4247,0.0033826184,0.0000000000
4460,0.0051131146,0.0000000000
4488,0.0038506187,0.0000000000
4904,0.0036895907,0.0000000000
4929,0.0033406546,0.0000000000
101,0.0194217783,0.0066267111
128,0.0126838815,0.0101864359
149,0.0180714517,0.0041525384
257,0.0119539040,0.0100393974
270,0.0134081220,0.0069604671
321,0.0149464979,0.0098006325
408,0.0160089634,0.0036630290
574,0.0117163927,0.0003589165
582,0.0115771544,0.0009673319
707,0.0244292405,0.0004146925
750,0.0149865470,0.0007776448
752,0.0105126162,0.0078457182
841,0.0164685046,0.0027300644
863,0.0136540623,0.0044224589
878,0.0105569957,0.0015220764
945,0.0106820607,0.0031012638
950,0.0114518784,0.0004425387
1006,0.0111072840,0.0014587900
1016,0.0111060976,0.0014868506
1041,0.0100704192,0.0000000000
1085,0.0094723521,0.0031947839
1096,0.0187940760,0.0004207303
1111,0.0117639923,0.0000000000
1114,0.0093355147,0.0018688152
1175,0.0139596559,0.0008537483
1237,0.0124560717,0.0019045695
1573,0.0113208683,0.0046720046
1975,0.0094735600,0.0014047199
1994,0.0136446399,0.0045911133
2069,0.0099583546,0.0012705379
2143,0.0095008761,0.0000000000
2177,0.0131098634,0.0016172351
2199,0.0100689543,0.0000000000
2212,0.0119413904,0.0000000000
2261,0.0120831597,0.0010538768
2309,0.0096223509,0.0002546013
2314,0.0109820470,0.0005908296
2388,0.0099414845,0.0001362543
2632,0.0101701028,0.0000000000
2687,0.0109200547,0.0000779667
2775,0.0089122111,0.0008929011
2827,0.0104518224,0.0001596948
2876,0.0087885687,0.0001446407
2944,0.0095286563,0.0003574326
3092,0.0100930020,0.0000000000
3120,0.0100384362,0.0000499801
3125,0.0090343796,0.0025514844
3212,0.0117966800,0.0005855884
3257,0.0095438525,0.0000283827
3313,0.0101823667,0.0000493698
3346,0.0092064285,0.0000612817
3380,0.0108890905,0.0005926640
3462,0.0090992680,0.0000000000
3517,0.0088238406,0.0000000000
3600,0.0089917347,0.0000696536
3665,0.0087881263,0.0003157309
3667,0.0090013073,0.0000245076
3682,0.0092167058,0.0000000000
3710,0.0089420259,0.0005237925
3731,0.0094207873,0.0004107918
3781,0.0117464008,0.0002727115
3887,0.0090251377,0.0000000000
3898,0.0094182306,0.0006066251
3936,0.0096589941,0.0000000000
3966,0.0128269539,0.0005161797
3972,0.0113035755,0.0000000000
4074,0.0111892805,0.0001508204
4106,0.0089614048,0.0000000000
4239,0.0104413579,0.0005981422
4245,0.0130763157,0.0000000000
4260,0.0159169637,0.0000000000
4425,0.0098945258,0.0000000000
4506,0.0087351898,0.0000000000
4847,0.0087446593,0.0000000000
4856,0.0085906237,0.0000000000
290,0.0134809237,0.0050182600
453,0.0057667722,0.0060515143
690,0.0081641630,0.0025774130
765,0.0046181850,0.0023448945
898,0.0039903623,0.0022537258
934,0.0033931990,0.0026188536
1170,0.0051938629,0.0021145591
1219,0.0044588404,0.0012221417
1410,0.0033455771,0.0022244116
1412,0.0041753623,0.0006880780
1490,0.0036524020,0.0007322797
1508,0.0057551588,0.0011557498
1519,0.0032080486,0.0004956306
1558,0.0035292798,0.0004165975
1629,0.0102106671,0.0005022693
1650,0.0036334451,0.0013269297
1749,0.0030096673,0.0010707330
1864,0.0028029070,0.0002926272
2345,0.0044467433,0.0023364984
2426,0.0025774568,0.0003823500
2515,0.0031622614,0.0000212434
2747,0.0032284867,0.0000000000
2912,0.0029180034,0.0000000000
3053,0.0032142837,0.0000000000
3314,0.0063067656,0.0006428984
3371,0.0034450224,0.0010568228
3471,0.0033587900,0.0004160545
3502,0.0031102187,0.0000323954
3562,0.0026158128,0.0000000000
3568,0.0027086955,0.0000000000
3789,0.0038077878,0.0000446750
3819,0.0026667973,0.0000000000
3828,0.0052667124,0.0003057148
3878,0.0028294080,0.0000718403
4003,0.0027199132,0.0000000000
4145,0.0114812508,0.0000747316
4467,0.0031385993,0.0000000000
4534,0.0034168049,0.0000000000
4920,0.0027625782,0.0000000000
84,0.0177648192,0.0331178710
125,0.0121877004,0.0138376214
136,0.0152460068,0.0165726245
140,0.0192751210,0.0172082817
171,0.0169063995,0.0052128034
216,0.0169099280,0.0185901266
244,0.0152802112,0.0016449963
253,0.0121193964,0.0042627405
294,0.0208105726,0.0087881508
368,0.0124742371,0.0072880750
402,0.0102055429,0.0116086112
455,0.0105748849,0.0026503140
473,0.0135059591,0.0015303427
607,0.0137881591,0.0083133615
622,0.0103818593,0.0040861697
768,0.0104224837,0.0027828179
836,0.0095425886,0.0019175921
844,0.0108281563,0.0002361370
846,0.0114902593,0.0006303764
887,0.0112494099,0.0038260957
892,0.0113462920,0.0012460787
984,0.0086648555,0.0003951371
1021,0.0110155881,0.0002874377
1030,0.0090047053,0.0004510845
1038,0.0117639487,0.0029173837
1116,0.0092125665,0.0010402337
1120,0.0103462739,0.0048653227
1122,0.0094614747,0.0020289661
1188,0.0111104653,0.0012642472
1230,0.0089255797,0.0009361174
1278,0.0103671749,0.0036935300
1296,0.0089222458,0.0009321042
1300,0.0095572630,0.0006385214
1315,0.0104226964,0.0029311911
1409,0.0157900129,0.0019395068
1451,0.0091862558,0.0001095978
1515,0.0098546155,0.0009959183
1559,0.0095184689,0.0000969564
1884,0.0093771650,0.0005332491
1886,0.0099075326,0.0000000000
2007,0.0092143645,0.0000532979
2043,0.0138413002,0.0007803577
2051,0.0088425169,0.0000000000
2052,0.0091341147,0.0000909842
2090,0.0088317302,0.0003915213
2159,0.0094154547,0.0003167341
2168,0.0085623917,0.0007992513
2171,0.0090861180,0.0000248804
2184,0.0093812404,0.0001473945
2260,0.0092164619,0.0006563390
2267,0.0089545539,0.0007582861
2274,0.0086265593,0.0000000000
2353,0.0090294108,0.0000000000
2456,0.0097464721,0.0000864812
2522,0.0133437068,0.0004232470
2535,0.0085198716,0.0003668476
2561,0.0090087667,0.0000362430
2630,0.0084613933,0.0008110538
2666,0.0093010663,0.0004349682
2734,0.0084428709,0.0001017809
2809,0.0088653830,0.0001779042
2845,0.0086992545,0.0001536551
2861,0.0110435048,0.0000000000
2932,0.0083509702,0.0001570847
3013,0.0136318931,0.0000000000
3023,0.0094017024,0.0000000000
3066,0.0087096506,0.0000000000
3103,0.0125433265,0.0002407605
3159,0.0087864238,0.0000000000
3197,0.0104593275,0.0002048861
3201,0.0087138776,0.0002813286
3317,0.0089359860,0.0001680296
3330,0.0084376432,0.0000112902
3362,0.0119895434,0.0003128254
3420,0.0087815744,0.0000000000
3700,0.0159170183,0.0000000000
3907,0.0085342095,0.0000000000
3974,0.0111458497,0.0000000000
3980,0.0131158826,0.0000000000
4018,0.0094001476,0.0000000000
4026,0.0086444842,0.0000242985
4046,0.0085210518,0.0001508204
4059,0.0162921369,0.0000107027
4180,0.0153249340,0.0000000000
4263,0.0088230340,0.0000000000
4272,0.0157369649,0.0000000000
4292,0.0090754118,0.0000000000
4421,0.0092436386,0.0000000000
4626,0.0100083385,0.0000000000
4658,0.0090759126,0.0000000000
4874,0.0101841315,0.0000000000
4881,0.0088763429,0.0000000000
4908,0.0096265586,0.0000000000
4973,0.0083959226,0.0000000000
123,0.0113667393,0.0138383822
130,0.0161633810,0.0173321575
182,0.0076379003,0.0057539657
262,0.0112663711,0.0080137151
379,0.0064553898,0.0028202826
436,0.0137508150,0.0037010611
485,0.0148623959,0.0058432113
534,0.0080878313,0.0024190670
623,0.0068873799,0.0012797316
684,0.0084320499,0.0011583935
742,0.0119582489,0.0041780863
813,0.0072006835,0.0014598847
864,0.0090702391,0.0018489247
975,0.0062548358,0.0016708960
989,0.0074792011,0.0026938727
1203,0.0054039153,0.0001980051
1243,0.0055249714,0.0000946781
1489,0.0066783315,0.0034919359
1585,0.0081530151,0.0008529025
1619,0.0061480612,0.0015201542
1676,0.0058090324,0.0008855643
1762,0.0064486804,0.0012545427
1787,0.0077113074,0.0044306296
1849,0.0057760700,0.0000000000
1850,0.0053726502,0.0001962125
1897,0.0084045978,0.0004840203
1930,0.0091055915,0.0001976125
1942,0.0054122460,0.0005275143
2272,0.0076892571,0.0005497867
2341,0.0064333757,0.0004256411
2475,0.0083012697,0.0005173829
2496,0.0068523566,0.0001842516
2508,0.0068380694,0.0003876651
2931,0.0055075000,0.0000948814
3045,0.0049637863,0.0001855961
3081,0.0056388458,0.0000389947
3180,0.0067386261,0.0000824266
3468,0.0057212934,0.0000000000
3550,0.0057292494,0.0000000000
3659,0.0047005465,0.0002536829
3720,0.0054233375,0.0000843114
3725,0.0057202605,0.0000860934
4035,0.0053507372,0.0000000000
4102,0.0051333980,0.0000000000
4197,0.0048610718,0.0000000000
4249,0.0044926451,0.0000185314
4252,0.0045613943,0.0000000000
4278,0.0104558530,0.0000000000
4617,0.0101995571,0.0000000000
4620,0.0044992317,0.0000000000
4725,0.0046604325,0.0000000000
247,0.0099592353,0.0095495688
261,0.0163533750,0.0048885789
265,0.0170777157,0.0024949718
272,0.0106145800,0.0045668809
305,0.0083572411,0.0060106869
417,0.0069503976,0.0036067076
429,0.0097682836,0.0002336137
541,0.0129194259,0.0018533689
618,0.0146272842,0.0016217909
694,0.0078524078,0.0015120067
697,0.0104585860,0.0004417528
733,0.0079889420,0.0044364046
753,0.0096674456,0.0010416865
886,0.0074157032,0.0038042272
938,0.0078138304,0.0017100588
959,0.0097880984,0.0019320660
963,0.0074881746,0.0026212235
1069,0.0097709158,0.0036120630
1140,0.0073554336,0.0016796235
1216,0.0067149799,0.0024026530
1218,0.0074272590,0.0014708338
1268,0.0106498696,0.0014323586
1280,0.0076684591,0.0012740284
1352,0.0066545020,0.0023283364
1527,0.0076732078,0.0015423483
1615,0.0079022118,0.0005953024
1687,0.0070290808,0.0000000000
1712,0.0066456211,0.0007276544
1883,0.0069352181,0.0006574603
1891,0.0066548185,0.0035762605
1894,0.0080968413,0.0000000000
2227,0.0090969166,0.0000371277
2241,0.0086965020,0.0000000000
2292,0.0066099888,0.0001954113
2300,0.0105555424,0.0020747442
2411,0.0061895118,0.0000000000
2489,0.0073261675,0.0000233273
2491,0.0083595226,0.0003055970
2495,0.0076671065,0.0004087457
2725,0.0065116803,0.0000000000
2774,0.0075066139,0.0016448003
2858,0.0071135113,0.0000380116
2896,0.0077052537,0.0000107152
3020,0.0117941028,0.0000674484
3377,0.0069536927,0.0001384651
3417,0.0070901305,0.0000278929
3584,0.0075841170,0.0000095464
3744,0.0075521650,0.0007734060
3772,0.0068749152,0.0003123957
3773,0.0062669466,0.0000797714
3842,0.0065961722,0.0001194874
3853,0.0062137033,0.0000000000
3927,0.0065926824,0.0000324252
4039,0.0060052098,0.0000000000
4293,0.0069114543,0.0001693503
4402,0.0067124640,0.0000000000
4533,0.0080169254,0.0000000000
4537,0.0066491190,0.0000247611
4627,0.0061316150,0.0000000000
4701,0.0063186410,0.0000167972
4733,0.0065489322,0.0000000000
4837,0.0074407491,0.0000000000
113,0.0136119979,0.0226002236
241,0.0092740980,0.0069285923
252,0.0088275857,0.0117765091
291,0.0095222850,0.0044918501
316,0.0077546780,0.0012274404
403,0.0089043244,0.0022448891
404,0.0118576070,0.0053738693
422,0.0101894083,0.0147001616
489,0.0079385648,0.0018111123
579,0.0091961411,0.0013222036
704,0.0081669872,0.0053038399
770,0.0084063599,0.0020674128
780,0.0070417176,0.0005726961
820,0.0060288628,0.0017937359
870,0.0079506951,0.0010671612
1109,0.0085195959,0.0016775448
1139,0.0057948501,0.0011428633
1247,0.0064207051,0.0001527151
1467,0.0107093498,0.0005763364
1668,0.0064348492,0.0000368942
1720,0.0068628558,0.0000553575
1784,0.0055817032,0.0001581865
1875,0.0119439885,0.0018716429
1953,0.0077598674,0.0000497107
1957,0.0067981422,0.0000051922
2056,0.0086872942,0.0020218756
2077,0.0079945334,0.0000283535
2081,0.0061018300,0.0012484200
2482,0.0081800492,0.0026058476
2527,0.0058890281,0.0002252387
2553,0.0076350907,0.0000000000
2785,0.0057990487,0.0024239338
2829,0.0072931431,0.0000000000
2840,0.0074885073,0.0007960687
3160,0.0055600829,0.0000000000
3418,0.0083429481,0.0000265453
3429,0.0055064857,0.0004390848
3433,0.0062254798,0.0001723806
3595,0.0054039081,0.0000679241
3953,0.0064794668,0.0021578914
4042,0.0076188652,0.0000000000
4191,0.0058404686,0.0000000000
4231,0.0063200423,0.0000000000
4430,0.0059504833,0.0000000000
4585,0.0054261266,0.0000000000
4672,0.0074160722,0.0000000000
4726,0.0082428480,0.0000000000
4928,0.0064887985,0.0000000000
67,0.0098387632,0.0290719032
281,0.0071314616,0.0129738209
292,0.0116741578,0.0029687355
298,0.0090247989,0.0070813749
423,0.0066881020,0.0017146767
529,0.0102430210,0.0020276221
609,0.0087174028,0.0012072541
650,0.0117455555,0.0006621700
657,0.0060554132,0.0013467728
659,0.0073797212,0.0052733574
687,0.0063937373,0.0017523546
700,0.0058992928,0.0033160608
724,0.0054831930,0.0048117679
930,0.0071184430,0.0008916986
936,0.0050847290,0.0021450241
961,0.0050375157,0.0051252174
1119,0.0080646590,0.0033854783
1123,0.0083369908,0.0041122275
1155,0.0050084143,0.0030108354
1222,0.0049395277,0.0005489702
1275,0.0056109140,0.0011340874
1279,0.0062739996,0.0015930134
1291,0.0075647969,0.0014980652
1330,0.0056711066,0.0002351485
1372,0.0054572642,0.0010306437
1497,0.0054735238,0.0000183900
1586,0.0056724889,0.0005283555
1590,0.0081848254,0.0001843411
1599,0.0062569189,0.0001428513
1641,0.0061377105,0.0016505693
1683,0.0049676528,0.0005770925
1807,0.0081348489,0.0014640790
1877,0.0067508013,0.0009329461
1907,0.0061531097,0.0000477340
1946,0.0049269260,0.0005241754
2531,0.0048673484,0.0004504877
2532,0.0067821092,0.0000862304
2548,0.0061985565,0.0004974155
2555,0.0063942141,0.0000000000
2691,0.0049025652,0.0013754403
2800,0.0051444510,0.0002576670
2976,0.0055139139,0.0000000000
3295,0.0046409172,0.0000000000
3425,0.0045283763,0.0000000000
3563,0.0135925545,0.0000000000
3875,0.0115523768,0.0000302882
3894,0.0053877382,0.0000714902
3939,0.0047816162,0.0000646943
4253,0.0071373710,0.0002389232
4349,0.0054002894,0.0000000000
4433,0.0044268799,0.0000000000
4549,0.0045857610,0.0000000000
4645,0.0063352630,0.0005353834
4734,0.0050091204,0.0000000000
4780,0.0045467737,0.0000000000
193,0.0077277939,0.0063449538
564,0.0050126224,0.0002160142
595,0.0050919918,0.0042871483
722,0.0051027517,0.0006979506
914,0.0038460363,0.0007802210
916,0.0031884308,0.0034558621
1015,0.0072578533,0.0037378512
1044,0.0034302106,0.0014831422
1142,0.0034300211,0.0005365603
1757,0.0052121519,0.0007627568
1778,0.0029481921,0.0004627562
2011,0.0063440278,0.0000313875
2059,0.0049216384,0.0000000000
2504,0.0041301509,0.0000768255
2557,0.0035469990,0.0000000000
2590,0.0032083164,0.0007748663
2649,0.0032383828,0.0026289026
2915,0.0037701358,0.0007480572
3230,0.0031234340,0.0010336200
3269,0.0034238381,0.0003149833
4036,0.0023403608,0.0000000000
4067,0.0027222791,0.0008441207
4270,0.0024446253,0.0000000000
4329,0.0033709375,0.0000909801
4545,0.0031120108,0.0000000000
4650,0.0016868957,0.0000000000
4870,0.0035551172,0.0008039119
533,0.0064976659,0.0039561960
540,0.0072291283,0.0003832528
736,0.0100985307,0.0001314790
891,0.0063164109,0.0004995742
902,0.0034923408,0.0005285668
1665,0.0042883752,0.0000537920
1752,0.0024997573,0.0004419953
1759,0.0022295338,0.0019846545
2454,0.0097692260,0.0021927433
2596,0.0029554271,0.0003315749
2779,0.0021175298,0.0002436356
2823,0.0045854655,0.0000255275
3530,0.0019206068,0.0000000000
4090,0.0029116054,0.0003632752
4653,0.0036839927,0.0000000000
4878,0.0029829585,0.0000000000
342,0.0086528293,0.0127271668
479,0.0083859111,0.0026667622
488,0.0044841026,0.0027025267
510,0.0058615584,0.0019082949
562,0.0060514192,0.0020743184
695,0.0039625734,0.0021951993
831,0.0054478806,0.0039819429
880,0.0047476746,0.0021821682
912,0.0061476673,0.0040250462
1307,0.0030006169,0.0005780802
1743,0.0024805464,0.0012549923
2058,0.0061864790,0.0007784991
2085,0.0022018480,0.0001210339
2169,0.0051061372,0.0005453899
2214,0.0021820781,0.0000000000
2349,0.0025310361,0.0000000000
2702,0.0023785251,0.0006745899
2828,0.0061493234,0.0000000000
2918,0.0035697263,0.0000000000
3003,0.0032556959,0.0000000000
3008,0.0032739555,0.0000000000
3443,0.0022869768,0.0000000000
3664,0.0024704239,0.0011530417
4124,0.0021183590,0.0000637103
4335,0.0060161664,0.0000000000
4501,0.0042429648,0.0000000000
4577,0.0026258102,0.0002919826
4760,0.0039350353,0.0000000000
4828,0.0019887161,0.0000000000
4886,0.0047498141,0.0005301117
4963,0.0024916686,0.0000000000
348,0.0043279166,0.0073381544
468,0.0064282669,0.0058036285
486,0.0032932045,0.0027761228
796,0.0027672074,0.0015551519
1008,0.0053716687,0.0008089819
1124,0.0044008229,0.0011156315
1235,0.0023509190,0.0022480296
1329,0.0031847078,0.0009763636
1346,0.0035027796,0.0000000000
1606,0.0022175785,0.0015631002
1697,0.0038655507,0.0019991953
1707,0.0022930946,0.0023775262
1750,0.0037330795,0.0004833673
2119,0.0025455924,0.0009377397
2958,0.0023234220,0.0000000000
2995,0.0038561877,0.0000102911
3615,0.0029920619,0.0000000000
4373,0.0018415469,0.0000000000
4654,0.0022670293,0.0000000000
4804,0.0020319251,0.0002028668
4861,0.0049279119,0.0000000000
206,0.0062957044,0.0054042921
671,0.0037901944,0.0020571435
1189,0.0029282256,0.0018839221
1370,0.0021334995,0.0009021842
1911,0.0065906742,0.0000000000
2723,0.0018873753,0.0000000000
2728,0.0014308474,0.0002249116
2959,0.0017831371,0.0006177944
3247,0.0022681467,0.0000146128
3484,0.0023160309,0.0001073207
3735,0.0044259143,0.0000000000
3914,0.0086840915,0.0002240656
4321,0.0016996507,0.0000000000
367,0.0138144812,0.0012734249
537,0.0069243855,0.0083484814
573,0.0063417232,0.0000668232
576,0.0073205314,0.0039739256
599,0.0060979453,0.0065357446
606,0.0041280107,0.0001554720
698,0.0061569529,0.0035194794
838,0.0054456729,0.0048927725
854,0.0063831140,0.0012155004
1144,0.0072142269,0.0005741744
1190,0.0062701758,0.0000000000
1414,0.0059573291,0.0000719886
1545,0.0041980480,0.0002778428
1723,0.0076491527,0.0003769548
1822,0.0041768553,0.0000258757
1905,0.0035368776,0.0004606597
2369,0.0035338096,0.0001421211
2371,0.0036458908,0.0001734862
2429,0.0064970441,0.0002730477
2507,0.0059454380,0.0004100651
2584,0.0044459845,0.0002903150
2770,0.0068042177,0.0000924007
3025,0.0034654038,0.0012741481
3762,0.0062896741,0.0000000000
4550,0.0049443786,0.0000000000
4702,0.0052174188,0.0000000000
4737,0.0034648833,0.0000000000
4774,0.0039517682,0.0000000000
4782,0.0042960036,0.0000000000
4891,0.0032273939,0.0000000000
340,0.0036470750,0.0077058708
706,0.0045959789,0.0006895389
771,0.0053506725,0.0017616615
795,0.0035149900,0.0014153345
1047,0.0021729382,0.0032355326
1108,0.0064075300,0.0010243419
1691,0.0039238481,0.0012894659
1701,0.0025293145,0.0007593201
1703,0.0028681580,0.0013628438
1870,0.0029216723,0.0000144264
2150,0.0028009559,0.0000380813
2930,0.0085093188,0.0000826009
3163,0.0027621908,0.0010819209
3225,0.0031963628,0.0001238806
3356,0.0034238746,0.0002374509
3476,0.0025858159,0.0002075207
3715,0.0022497064,0.0000000000
3868,0.0029338724,0.0001042030
4129,0.0046949836,0.0000000000
4888,0.0019077011,0.0000000000
181,0.0054788028,0.0122769410
477,0.0102081671,0.0030348690
602,0.0041269714,0.0021202958
826,0.0041748540,0.0017277070
953,0.0029132932,0.0006903291
960,0.0029035230,0.0005047772
1173,0.0034495278,0.0017904589
1405,0.0027911748,0.0005458078
1453,0.0034470561,0.0031224827
1549,0.0022263039,0.0018317839
1856,0.0027828809,0.0001225357
2230,0.0042396224,0.0006096013
2362,0.0033248325,0.0000000000
2392,0.0045313427,0.0000308234
2520,0.0021830421,0.0001010652
2698,0.0050448570,0.0000000000
2810,0.0059276992,0.0000000000
2836,0.0024916377,0.0004297217
2998,0.0021421000,0.0005566161
3089,0.0031960517,0.0016402477
3250,0.0028941635,0.0004278885
3343,0.0054432335,0.0000612791
3528,0.0026282806,0.0005857100
3574,0.0019722118,0.0000000000
3670,0.0041970382,0.0000000000
4382,0.0018839938,0.0000136481
320,0.0073341706,0.0083999026
344,0.0079938966,0.0045549623
433,0.0063419198,0.0021171378
456,0.0109750771,0.0013997639
565,0.0044528334,0.0091900086
578,0.0042323656,0.0035427767
612,0.0043109354,0.0026553568
1004,0.0026671228,0.0018845674
1528,0.0079203760,0.0001515393
1553,0.0040299620,0.0003303459
1756,0.0037735746,0.0002964705
1775,0.0033692053,0.0000280227
1801,0.0064542574,0.0016463974
2049,0.0037665396,0.0001480587
2446,0.0038908482,0.0004762703
2450,0.0043320044,0.0000000000
2612,0.0034205850,0.0002712573
2626,0.0025341422,0.0004993378
2813,0.0037907882,0.0000502634
2814,0.0068269661,0.0000842106
2981,0.0064154584,0.0002331734
3181,0.0053869652,0.0000000000
3261,0.0032817234,0.0000255443
3487,0.0035063069,0.0000000000
3969,0.0026443403,0.0000000000
3978,0.0049035415,0.0000214393
4648,0.0026245863,0.0000000000
4940,0.0028764913,0.0000000000
333,0.0072340638,0.0013651380
431,0.0043075599,0.0010940263
555,0.0029901296,0.0008483242
685,0.0059101369,0.0020415226
767,0.0037253522,0.0017706535
808,0.0065647117,0.0036116352
1070,0.0057131492,0.0006146692
1074,0.0038857983,0.0027007924
1336,0.0027240958,0.0001646495
1402,0.0032876721,0.0003743004
1477,0.0030093812,0.0003695168
1499,0.0045609512,0.0003838543
1655,0.0043830093,0.0027730476
1805,0.0050933684,0.0005651903
1972,0.0026294688,0.0031520189
2024,0.0038922046,0.0026088291
2097,0.0038438054,0.0019528343
2105,0.0027286741,0.0020008407
2152,0.0038976705,0.0001614134
2427,0.0024687455,0.0027446334
2620,0.0042007751,0.0002475854
2654,0.0034544262,0.0006121225
2796,0.0031345467,0.0000000000
2820,0.0023189626,0.0000340918
3254,0.0066249385,0.0000000000
3399,0.0046475565,0.0000000000
3755,0.0024553405,0.0000000000
3833,0.0039925466,0.0000361685
3883,0.0041033727,0.0006167348
4105,0.0047743535,0.0000000000
4459,0.0025391720,0.0000000000
4536,0.0030058391,0.0000000000
4546,0.0035548684,0.0000000000
4981,0.0026117975,0.0000000000
351,0.0032102415,0.0126213142
590,0.0099538833,0.0035240443
682,0.0030397481,0.0005078142
709,0.0044674399,0.0021357659
720,0.0106773892,0.0014906334
1392,0.0042042860,0.0003008952
1401,0.0032850604,0.0011632162
1501,0.0040080196,0.0007870295
1699,0.0090772757,0.0002049897
1700,0.0013552391,0.0004621260
1889,0.0050611971,0.0017850511
2641,0.0020879822,0.0005369337
3119,0.0027717840,0.0001236853
3264,0.0023971873,0.0000000000
3749,0.0018592442,0.0000000000
3869,0.0019720612,0.0000000000
4061,0.0014455392,0.0000237133
4246,0.0012464916,0.0000000000
4502,0.0014235839,0.0000000000
4806,0.0015480190,0.0000000000
4967,0.0022947897,0.0000000000
179,0.0064304573,0.0146395679
476,0.0061834867,0.0015524470
600,0.0081582941,0.0002355208
611,0.0060979140,0.0024951841
705,0.0047812576,0.0037550452
865,0.0101758515,0.0046646156
1034,0.0100016088,0.0012775203
1672,0.0039852150,0.0003745313
1713,0.0030033838,0.0000000000
1818,0.0040352356,0.0000000000
1933,0.0029281005,0.0002016656
1997,0.0051235357,0.0014558872
2236,0.0099646043,0.0002946683
2501,0.0034810184,0.0003123957
2595,0.0057732879,0.0000000000
2618,0.0024138563,0.0001602358
2709,0.0031019329,0.0000000000
2985,0.0037828123,0.0000000000
3109,0.0040060039,0.0001001267
3483,0.0026585599,0.0000907131
3711,0.0032192219,0.0003960904
4029,0.0045554695,0.0000000000
4265,0.0038311686,0.0000000000
4314,0.0046429141,0.0000000000
4673,0.0025112782,0.0000501358
4772,0.0024331582,0.0000000000
546,0.0049062636,0.0008283853
907,0.0042011981,0.0013343092
933,0.0021415444,0.0046714682
1147,0.0026025489,0.0000200132
1612,0.0036805236,0.0011420707
1871,0.0016280629,0.0008198864
2461,0.0018706514,0.0001162277
2509,0.0023544969,0.0000274970
2675,0.0036697787,0.0000204213
2722,0.0025996492,0.0002037839
2904,0.0026502550,0.0003928067
3558,0.0022329570,0.0000000000
4184,0.0015624336,0.0000000000
4295,0.0015326345,0.0000000000
4547,0.0014423629,0.0007081076
4560,0.0025295238,0.0000000000
4602,0.0041572228,0.0000000000
4989,0.0016811747,0.0000000000
190,0.0075503255,0.0112237416
363,0.0098051873,0.0098267832
446,0.0045939609,0.0077286620
651,0.0045333089,0.0021292036
678,0.0036648110,0.0013092469
718,0.0040881500,0.0046414806
859,0.0041056227,0.0024677328
1209,0.0051724588,0.0017893725
1221,0.0032151007,0.0054138218
1354,0.0034936243,0.0013939822
1369,0.0035667202,0.0006980599
1513,0.0036706605,0.0018108609
1555,0.0046376032,0.0005681952
1576,0.0054730930,0.0011487717
1622,0.0026241994,0.0000000000
1706,0.0025254732,0.0010956472
2549,0.0028812433,0.0002186353
2562,0.0024378859,0.0002702530
2597,0.0035266479,0.0002120968
2737,0.0020652936,0.0000000000
2748,0.0026377225,0.0007159798
2956,0.0021601888,0.0000000000
3024,0.0025991337,0.0000680427
3079,0.0024887604,0.0003159602
3104,0.0021343905,0.0000448155
3115,0.0027806353,0.0000000000
3169,0.0021625080,0.0000753506
3171,0.0032672665,0.0001261435
3522,0.0040690902,0.0000000000
3685,0.0034920399,0.0000000000
3891,0.0020617739,0.0005595184
3973,0.0030852138,0.0000790630
4094,0.0022879145,0.0020359513
4390,0.0030853804,0.0000000000
588,0.0050740518,0.0003033167
630,0.0029871350,0.0049500137
730,0.0028480209,0.0053689266
1205,0.0034459872,0.0010259818
1389,0.0030719541,0.0001785060
1397,0.0028279279,0.0008086831
1418,0.0033274274,0.0009289485
1450,0.0036443349,0.0003267363
1564,0.0077953117,0.0009795908
2026,0.0019860682,0.0002847997
2281,0.0033342058,0.0000000000
2441,0.0019407380,0.0021165940
2451,0.0017887052,0.0021405519
2638,0.0018915787,0.0000721171
2781,0.0052606046,0.0000381352
2868,0.0020005797,0.0000553567
2929,0.0049053948,0.0002073175
3113,0.0024560503,0.0000064814
3135,0.0029119833,0.0000000000
3454,0.0027064437,0.0000528274
3687,0.0024811836,0.0000054267
4072,0.0040261401,0.0000000000
4164,0.0022603990,0.0000000000
4284,0.0025720599,0.0000000000
4432,0.0030060451,0.0000000000
4686,0.0017060327,0.0000072072
4896,0.0018510364,0.0000000000
4912,0.0021905225,0.0004241937
304,0.0050693801,0.0037441597
334,0.0041760579,0.0070325125
386,0.0065070819,0.0078623730
512,0.0041148475,0.0065663644
513,0.0051815502,0.0038606170
581,0.0087427512,0.0027199809
699,0.0086117594,0.0071078405
873,0.0054364536,0.0041575360
1266,0.0035105752,0.0006277377
1367,0.0030039686,0.0005352247
1400,0.0033086650,0.0015472703
1581,0.0030124514,0.0005556566
1587,0.0036010907,0.0017341081
1726,0.0037663011,0.0003683191
1786,0.0026980364,0.0001800497
1990,0.0067110821,0.0007452630
2174,0.0056056141,0.0021149220
2324,0.0064842082,0.0029926838
2541,0.0026783548,0.0010213046
2609,0.0033239943,0.0004716788
3167,0.0023087763,0.0020324198
3463,0.0039466253,0.0003034653
3492,0.0026265069,0.0009594581
3493,0.0024896979,0.0000000000
4049,0.0027120505,0.0000191250
4096,0.0028244909,0.0000000000
4244,0.0024634912,0.0000000000
4398,0.0024366778,0.0000000000
4416,0.0023305550,0.0000000000
4519,0.0030673712,0.0000000000
4532,0.0047885320,0.0003645130
4583,0.0039763834,0.0000771155
4718,0.0053334713,0.0000000000
4800,0.0030440166,0.0000900873
301,0.0061992237,0.0036651571
409,0.0063858024,0.0054931783
703,0.0057625749,0.0033039367
732,0.0069656046,0.0019047892
858,0.0129108065,0.0006043441
911,0.0068744830,0.0011187313
927,0.0076718944,0.0007365192
1151,0.0076785051,0.0015090188
1380,0.0123603745,0.0004173001
1419,0.0064989994,0.0025917674
1504,0.0072384499,0.0025164001
1518,0.0049768441,0.0006606048
1572,0.0065671651,0.0024669552
1881,0.0048783074,0.0004379932
2154,0.0049168953,0.0007362261
2245,0.0064067249,0.0001660756
2332,0.0050047046,0.0016488344
2394,0.0042814429,0.0000455727
2458,0.0074616174,0.0005857543
2511,0.0052151128,0.0021381460
2812,0.0065147425,0.0000000000
2852,0.0051202859,0.0000276270
2872,0.0046615906,0.0000150586
3498,0.0043257241,0.0000527280
3588,0.0059955298,0.0000000000
3919,0.0047740875,0.0000200132
4216,0.0042028156,0.0000000000
4334,0.0057017898,0.0000000000
4358,0.0042546669,0.0000598252
4400,0.0044702920,0.0000000000
4442,0.0047173196,0.0000493349
4476,0.0044808020,0.0001118672
4574,0.0047334781,0.0000000000
4628,0.0049172852,0.0000000000
4827,0.0055420031,0.0000000000
4851,0.0058231138,0.0000000000
138,0.0103944988,0.0149378515
358,0.0035670775,0.0027727257
888,0.0050245772,0.0028105941
1046,0.0041151318,0.0010393195
1148,0.0028620830,0.0001242679
2753,0.0025066926,0.0001875173
3774,0.0018259468,0.0005522585
3926,0.0029649820,0.0007624240
4098,0.0018638399,0.0000000000
4154,0.0032795609,0.0000000000
4385,0.0057559166,0.0000000000
4773,0.0016870002,0.0000000000
4910,0.0013854713,0.0000000000
4982,0.0079458120,0.0000000000
352,0.0075785469,0.0006999030
384,0.0044418625,0.0054239977
693,0.0062461929,0.0077328420
715,0.0128597800,0.0021755087
919,0.0045933916,0.0014895730
952,0.0034791412,0.0005107009
1003,0.0049725985,0.0048646808
1133,0.0051761954,0.0009828611
1747,0.0030373127,0.0002450723
1780,0.0046102133,0.0001186646
1791,0.0032981277,0.0002551580
1988,0.0044794582,0.0015313272
2137,0.0039256153,0.0007361525
2470,0.0039954032,0.0001475148
2490,0.0038685336,0.0004991870
2738,0.0030479033,0.0004740027
2760,0.0039809908,0.0000000000
2822,0.0030322920,0.0000000000
3152,0.0049219808,0.0006396988
3178,0.0051511439,0.0000000000
3191,0.0040041771,0.0000000000
3263,0.0041488620,0.0000000000
3363,0.0030009558,0.0020046753
3739,0.0026007391,0.0000000000
3809,0.0031696187,0.0000000000
3988,0.0056744607,0.0000000000
4083,0.0029795921,0.0001765362
4322,0.0027488503,0.0000000000
4424,0.0037533263,0.0000000000
4493,0.0028556747,0.0000000000
167,0.0050284864,0.0056043842
464,0.0046203485,0.0043408296
508,0.0029353598,0.0009488372
723,0.0028921429,0.0025445589
1121,0.0031157448,0.0000000000
1415,0.0021823663,0.0043222742
1896,0.0030492372,0.0014442629
1993,0.0042564818,0.0012810419
2210,0.0026067277,0.0000000000
3679,0.0020163787,0.0000000000
3949,0.0028811805,0.0000000000
4264,0.0022070771,0.0000000000
1035,0.0056014539,0.0007467110
1575,0.0040027202,0.0028346125
1633,0.0020011567,0.0007228306
2269,0.0024573936,0.0000000000
2365,0.0049775327,0.0000000000
3111,0.0027175101,0.0000190559
3182,0.0032708214,0.0006790274
3693,0.0025508771,0.0001387346
3796,0.0020822327,0.0001205831
4699,0.0026574585,0.0000000000
4868,0.0031200967,0.0000072072
665,0.0026180794,0.0020090789
1554,0.0017818728,0.0000027746
1793,0.0020857910,0.0013173468
2123,0.0018066664,0.0001855220
2252,0.0014938056,0.0000846697
4051,0.0018480042,0.0000000000
526,0.0086060201,0.0010548717
773,0.0020893200,0.0013767934
1027,0.0025063846,0.0016057535
2513,0.0020755371,0.0000981521
2751,0.0088624770,0.0011732780
3587,0.0012787047,0.0000000000
4945,0.0012524185,0.0000000000
712,0.0020471456,0.0011841671
1007,0.0033957915,0.0019694613
1032,0.0119663181,0.0026640880
2179,0.0023297418,0.0010365810
3030,0.0020413397,0.0001923296
3642,0.0010384092,0.0000759969
3666,0.0012452812,0.0000302882
3862,0.0026208068,0.0000000000
4482,0.0024853596,0.0000000000
4642,0.0011921734,0.0000000000
326,0.0042928195,0.0130520737
495,0.0049905538,0.0073000431
1487,0.0026938867,0.0001829218
1507,0.0022512802,0.0001469511
1609,0.0018177110,0.0000000000
1800,0.0048020745,0.0001518041
2965,0.0018418061,0.0000000000
2969,0.0015696957,0.0009290097
3683,0.0028402617,0.0002632535
4011,0.0031603857,0.0000030174
4135,0.0016021463,0.0000000000
4269,0.0030256640,0.0000533424
4297,0.0028377426,0.0000000000
4386,0.0019641486,0.0000000000
4652,0.0028920061,0.0000000000
4768,0.0020469501,0.0000000000
310,0.0056450498,0.0024337182
330,0.0058192393,0.0070686640
824,0.0043585846,0.0018217875
937,0.0057846861,0.0006467658
987,0.0043412312,0.0032735540
1246,0.0038800725,0.0002127269
1648,0.0046222587,0.0003466000
1685,0.0063929093,0.0003484074
1804,0.0035508891,0.0025404853
1829,0.0052234500,0.0012608956
1887,0.0037997445,0.0011372698
1945,0.0043935485,0.0002287957
2108,0.0040322647,0.0038361546
2344,0.0030099142,0.0004485397
2383,0.0029725409,0.0003867797
2564,0.0030768260,0.0000000000
2783,0.0041218541,0.0000000000
2832,0.0039985107,0.0001109212
2967,0.0048026291,0.0002048992
3458,0.0030057193,0.0000000000
3648,0.0056306261,0.0000305604
3669,0.0034189569,0.0025058820
4044,0.0033868235,0.0000270625
4104,0.0030860181,0.0001362949
4172,0.0030766558,0.0003784744
4182,0.0027118553,0.0000000000
4289,0.0043381131,0.0000225614
4784,0.0039910737,0.0000000000
4915,0.0034165987,0.0000000000
4990,0.0050123273,0.0000000000
890,0.0023683978,0.0057920945
1283,0.0024233604,0.0024570905
1476,0.0011684063,0.0011344971
1484,0.0031876216,0.0015653831
2111,0.0025069848,0.0007423018
2290,0.0019889061,0.0000000000
2393,0.0013648138,0.0018585571
3061,0.0013697414,0.0041570852
3222,0.0020498417,0.0000380141
3537,0.0015656367,0.0000084262
4411,0.0012674152,0.0000000000
4571,0.0012242026,0.0000000000
4905,0.0012826726,0.0000000000
187,0.0062822967,0.0033601130
584,0.0038678487,0.0040872970
674,0.0022635414,0.0088097370
943,0.0049852376,0.0021333100
3093,0.0018903644,0.0000000000
3311,0.0031525431,0.0000000000
3338,0.0021876312,0.0025231728
4109,0.0020726044,0.0000000000
4377,0.0015795910,0.0000000000
411,0.0038639848,0.0054267287
1019,0.0030227283,0.0018009614
1492,0.0041825366,0.0001927002
1740,0.0028030681,0.0002269709
1855,0.0035292429,0.0002643986
2215,0.0036944258,0.0001115178
2615,0.0025330863,0.0016611408
2901,0.0021489442,0.0007324352
3441,0.0037321389,0.0000000000
3572,0.0088547999,0.0005994188
3737,0.0032604515,0.0000000000
4283,0.0025238942,0.0000812684
4661,0.0017646731,0.0000000000
4808,0.0026680349,0.0000000000
1020,0.0037235548,0.0009065908
1165,0.0049705886,0.0012502284
1171,0.0033283218,0.0016013434
1362,0.0060161831,0.0009912329
1432,0.0046151160,0.0003703715
1588,0.0041214140,0.0015198391
1644,0.0034748694,0.0019357112
2040,0.0035604754,0.0026539111
2139,0.0067167155,0.0004719024
2617,0.0049174179,0.0000814314
2676,0.0037530549,0.0007727572
3010,0.0038323408,0.0016218225
3099,0.0034887654,0.0006560600
3154,0.0039071197,0.0000000000
3673,0.0035091429,0.0000000000
3743,0.0043758958,0.0000000000
3931,0.0028043863,0.0000634791
4100,0.0027840040,0.0000000000
4111,0.0096737133,0.0000745531
4306,0.0031313060,0.0020541845
4313,0.0032167427,0.0000000000
4341,0.0026156910,0.0000000000
4498,0.0034433386,0.0013614016
4821,0.0039884739,0.0001335473
203,0.0082727014,0.0043394100
523,0.0046521773,0.0050989263
711,0.0035772039,0.0045895154
935,0.0040084573,0.0035760312
1011,0.0052830539,0.0022181634
1053,0.0047286299,0.0003698614
1852,0.0032403890,0.0005338391
1925,0.0042850175,0.0015928035
2104,0.0034587607,0.0004046397
2138,0.0031215818,0.0007270407
2167,0.0030170655,0.0000307678
2196,0.0033291360,0.0000464421
2787,0.0031385998,0.0005764540
3005,0.0031298803,0.0002117618
3436,0.0027324239,0.0000000000
3490,0.0026384090,0.0000000000
3671,0.0029664734,0.0001788999
3836,0.0039967745,0.0000824221
3955,0.0026013987,0.0000000000
3995,0.0037277111,0.0001026389
3997,0.0028113462,0.0006308112
4336,0.0028930968,0.0000000000
4355,0.0029590667,0.0000037324
4447,0.0047062782,0.0000101351
4504,0.0025881441,0.0000000000
4703,0.0030687751,0.0000000000
4717,0.0027177736,0.0000000000
4864,0.0029320577,0.0000000000
4938,0.0036476859,0.0000000000
553,0.0043173913,0.0017971426
850,0.0040486503,0.0015957415
1160,0.0048116627,0.0011344659
1539,0.0041566208,0.0004811440
1717,0.0016855697,0.0003120828
1808,0.0032261696,0.0000000000
1828,0.0023932695,0.0016283707
1922,0.0027689707,0.0006664752
2067,0.0034207764,0.0000000000
2323,0.0016170580,0.0001982425
2397,0.0025496282,0.0001210964
2415,0.0032935428,0.0004763339
2430,0.0017010725,0.0013672309
2448,0.0026891920,0.0004271196
2483,0.0015862539,0.0009921024
2682,0.0019106751,0.0025686292
2871,0.0023218484,0.0005227915
3233,0.0057874249,0.0000000000
3339,0.0087491230,0.0000746302
3366,0.0029753235,0.0002081147
3423,0.0016033191,0.0000000000
3500,0.0019857159,0.0000587422
3621,0.0026038599,0.0000138755
3686,0.0015500913,0.0000000000
3696,0.0021425869,0.0000177742
4236,0.0022824586,0.0000000000
4318,0.0025640996,0.0001349301
4579,0.0024182381,0.0000000000
302,0.0040330957,0.0027527823
319,0.0039321089,0.0067815915
714,0.0035770440,0.0055183773
954,0.0030735014,0.0019534147
1064,0.0024970503,0.0000000000
1481,0.0027190828,0.0028892160
1893,0.0033183252,0.0000716006
1965,0.0028460093,0.0002404434
1979,0.0042760456,0.0000727874
2076,0.0022661860,0.0020810899
2517,0.0018928722,0.0018835240
2598,0.0032535620,0.0020568765
3101,0.0025812473,0.0026486609
3151,0.0014553690,0.0000000000
3249,0.0016211788,0.0001818992
3291,0.0015241149,0.0001953970
3852,0.0098020970,0.0001371339
3860,0.0012967147,0.0000000000
4690,0.0013311366,0.0000000000
4790,0.0018994252,0.0000000000
325,0.0042982451,0.0023124098
355,0.0047825065,0.0050690315
374,0.0042379748,0.0097274464
498,0.0119575161,0.0053448897
596,0.0035602267,0.0013963876
922,0.0042901478,0.0004064175
1146,0.0026860845,0.0004508783
1206,0.0029782490,0.0041588341
1293,0.0032505315,0.0006748034
1382,0.0036851951,0.0007154519
1662,0.0021694210,0.0004523260
1673,0.0031725486,0.0000439584
1774,0.0025393192,0.0006616985
2114,0.0035622130,0.0013198832
2170,0.0049526078,0.0007707376
2437,0.0033224660,0.0000421922
2798,0.0020524451,0.0001820817
3258,0.0021949952,0.0002651396
3503,0.0025554343,0.0012746281
3768,0.0035758751,0.0000000000
3923,0.0028095634,0.0000000000
4470,0.0023115855,0.0000791729
4950,0.0022055203,0.0000000000
531,0.0026202239,0.0039201515
792,0.0020112274,0.0016373699
1494,0.0024119795,0.0004046151
1597,0.0020249337,0.0007770489
1652,0.0046780786,0.0001613200
1853,0.0023317703,0.0006388850
2916,0.0014121409,0.0000354954
4091,0.0014973959,0.0000446135
4516,0.0012891829,0.0001282785
4531,0.0021122816,0.0000000000
4634,0.0011098574,0.0000000000
4732,0.0013911644,0.0000000000
628,0.0044876028,0.0025700827
1129,0.0031310281,0.0017953089
1154,0.0038691167,0.0007209057
1345,0.0039742479,0.0005814110
1724,0.0035142038,0.0030378007
2193,0.0021762725,0.0005146754
2487,0.0022865172,0.0001445514
2593,0.0024499080,0.0008205856
2849,0.0032953098,0.0005610844
3186,0.0020072212,0.0007272421
3385,0.0046530603,0.0000000000
3534,0.0018003471,0.0000283545
3542,0.0017189967,0.0004319387
3557,0.0039220961,0.0000305604
3594,0.0023369708,0.0000000000
3753,0.0024119867,0.0000187053
3813,0.0020752485,0.0000000000
4240,0.0018965832,0.0000225614
4636,0.0020394607,0.0000000000
1459,0.0023672807,0.0008937419
1466,0.0018905564,0.0013858624
1475,0.0034962718,0.0001529428
1535,0.0030295405,0.0001919852
1620,0.0022863855,0.0001418677
3707,0.0014818063,0.0000100891
4048,0.0013664753,0.0000802174
4294,0.0011813506,0.0000000000
4895,0.0019525184,0.0000000000
418,0.0036834310,0.0007304655
550,0.0099591401,0.0022781028
633,0.0049911494,0.0058871379
2299,0.0015123687,0.0007176012
3107,0.0014553932,0.0000817627
3116,0.0017164741,0.0001908237
4802,0.0014530340,0.0000000000
4822,0.0010101740,0.0000000000
710,0.0086582924,0.0003484544
828,0.0094297748,0.0011704249
866,0.0080224235,0.0001675343
1079,0.0079193703,0.0044834771
1084,0.0080604466,0.0013316421
1176,0.0083931758,0.0029543687
1198,0.0094375569,0.0005369565
1212,0.0088816162,0.0011645876
1240,0.0104173950,0.0000000000
1258,0.0098606466,0.0005057592
1540,0.0083107387,0.0036495494
1663,0.0079892340,0.0000773770
1748,0.0099504091,0.0043431845
1772,0.0078944679,0.0016557129
1963,0.0079045855,0.0004893074
2008,0.0082414813,0.0000000000
2054,0.0097610630,0.0001932496
2110,0.0099518850,0.0007140783
2161,0.0082490843,0.0000602191
2242,0.0087377277,0.0011763971
2328,0.0074656795,0.0004977428
2417,0.0083943108,0.0000434739
2418,0.0077963828,0.0005729775
2731,0.0074648046,0.0003410112
2900,0.0093851630,0.0000000000
2920,0.0081392664,0.0000000000
2938,0.0078444174,0.0000000000
3105,0.0071570031,0.0000521215
3200,0.0071014086,0.0000000000
3213,0.0094060845,0.0000000000
3217,0.0084512367,0.0008579059
3352,0.0079404029,0.0000640531
3549,0.0072449455,0.0000560384
3698,0.0073732524,0.0006481645
3702,0.0072509232,0.0000000000
3799,0.0080492628,0.0000000000
3912,0.0081485922,0.0000408784
3948,0.0079099774,0.0000000000
4212,0.0073111033,0.0000740189
4309,0.0070461288,0.0000273943
4351,0.0070629356,0.0001954113
4394,0.0079896576,0.0002623548
4412,0.0097252742,0.0003082198
4509,0.0073855469,0.0000000000
4517,0.0072332261,0.0000000000
4551,0.0089497580,0.0000150178
4689,0.0072266997,0.0000000000
4704,0.0085756500,0.0000000000
4711,0.0086614186,0.0000000000
4955,0.0074331946,0.0000000000
359,0.0047350833,0.0082059736
769,0.0054890237,0.0005982160
901,0.0048338966,0.0057778479
1088,0.0041704235,0.0023610078
1441,0.0055284826,0.0008969870
1666,0.0048988854,0.0001175771
1980,0.0029762168,0.0004435836
2185,0.0062299668,0.0000841426
2403,0.0048013688,0.0011900955
2409,0.0039323651,0.0000000000
2494,0.0047128283,0.0000000000
2879,0.0046893648,0.0001915957
3279,0.0035296546,0.0005524090
3431,0.0037077101,0.0003082198
3627,0.0039469924,0.0001484493
3746,0.0037030207,0.0000000000
3957,0.0032048710,0.0006705313
3990,0.0034582182,0.0000000000
4016,0.0030086542,0.0000276270
4041,0.0036054770,0.0000000000
4405,0.0051560630,0.0001798114
4606,0.0037151792,0.0000000000
4655,0.0041246740,0.0000000000
4677,0.0035737829,0.0000000000
4799,0.0030450359,0.0000530136
4930,0.0032826589,0.0000000000
809,0.0020392462,0.0011837250
1056,0.0045610529,0.0002202522
1462,0.0014458146,0.0025615982
1903,0.0011428638,0.0034819491
3204,0.0022939604,0.0000278929
3246,0.0014205051,0.0000165144
3928,0.0008026673,0.0000000000
4280,0.0011929889,0.0000000000
969,0.0025033146,0.0032970833
1066,0.0029226715,0.0009581138
1159,0.0013943240,0.0007648783
1517,0.0021517004,0.0006128735
1542,0.0013923934,0.0000000000
1837,0.0010310836,0.0002814297
2112,0.0012231126,0.0039641235
2360,0.0020534778,0.0015671503
3449,0.0008976807,0.0001387346
3736,0.0020399059,0.0005239889
4274,0.0010168654,0.0000000000
761,0.0030215068,0.0011912128
1579,0.0032275918,0.0022327629
1593,0.0039841551,0.0004198353
2102,0.0022646412,0.0015896236
2211,0.0019805474,0.0000000000
2565,0.0024196560,0.0007761725
2686,0.0023950242,0.0000241307
2924,0.0025188915,0.0000596733
2937,0.0037073963,0.0001687858
3628,0.0033192174,0.0000000000
4243,0.0022893989,0.0002121147
4508,0.0019795130,0.0000000000
4660,0.0016585351,0.0000000000
4962,0.0022102893,0.0000000000
4977,0.0021141169,0.0000000000
212,0.0071535633,0.0048457275
443,0.0045940676,0.0069182919
739,0.0048434434,0.0050751848
923,0.0027778243,0.0001579725
926,0.0032772481,0.0030667578
970,0.0030976975,0.0016056830
1384,0.0048327418,0.0005733021
1429,0.0033937269,0.0000000000
1679,0.0042871990,0.0000000000
1952,0.0025669717,0.0000465469
2182,0.0035532086,0.0000976744
2385,0.0035188320,0.0000745835
2390,0.0051463982,0.0004228298
2700,0.0020647298,0.0002293946
2977,0.0025117895,0.0000764226
3395,0.0023976269,0.0000100891
3428,0.0019461977,0.0000533424
3709,0.0026178480,0.0000000000
3712,0.0019447505,0.0000048752
3732,0.0041302898,0.0000000000
3906,0.0046494999,0.0000000000
288,0.0042798591,0.0097768297
642,0.0033949363,0.0018770252
655,0.0030720181,0.0027145413
746,0.0036605558,0.0011978693
1474,0.0050409859,0.0004518002
1538,0.0026298432,0.0001219317
1631,0.0037607752,0.0001105753
1646,0.0027822544,0.0009543606
1684,0.0033245711,0.0001325348
1796,0.0037495332,0.0015009779
2009,0.0031955458,0.0005157544
2016,0.0039108726,0.0014735943
2046,0.0021755533,0.0000000000
2121,0.0030996328,0.0005964178
2707,0.0024827618,0.0000841828
2758,0.0022893825,0.0000000000
2919,0.0034909604,0.0005286099
3052,0.0023244410,0.0001082382
3513,0.0023165831,0.0000000000
3882,0.0026795726,0.0000000000
3977,0.0027139368,0.0000587625
4024,0.0019944394,0.0000000000
4301,0.0037552825,0.0002219644
4360,0.0030698634,0.0004133988
4709,0.0023065358,0.0000000000
392,0.0041990585,0.0009655734
964,0.0022516832,0.0039030882
2095,0.0017443065,0.0009839695
2283,0.0036042413,0.0020222645
2825,0.0026772929,0.0004519781
3179,0.0015549920,0.0000000000
3234,0.0018487313,0.0002120170
3920,0.0018215329,0.0000950140
1029,0.0026612994,0.0037686890
1324,0.0037322398,0.0022216949
1334,0.0014105454,0.0026936478
2096,0.0029588980,0.0003049892
2705,0.0018955026,0.0000000000
2992,0.0027601880,0.0000000000
3033,0.0017069539,0.0000000000
3336,0.0024883280,0.0000000000
3437,0.0022033891,0.0001692937
3521,0.0011586337,0.0002171057
3733,0.0011117762,0.0001009630
4084,0.0015342929,0.0001541736
4527,0.0011715127,0.0000000000
4580,0.0011165068,0.0000000000
4779,0.0010423472,0.0000000000
973,0.0027583064,0.0020716305
1304,0.0020161459,0.0043991467
1496,0.0022436044,0.0005769322
1761,0.0029681348,0.0005500107
1812,0.0012378537,0.0006940843
2279,0.0028857809,0.0003741002
2622,0.0017018350,0.0009672746
3100,0.0010440406,0.0001097152
3224,0.0022665765,0.0000000000
3486,0.0014243914,0.0000827950
4854,0.0017256305,0.0000000000
4996,0.0030911682,0.0000000000
278,0.0053535380,0.0054344703
900,0.0027269102,0.0043614121
1166,0.0027306423,0.0006926126
1273,0.0037393395,0.0005480248
1872,0.0020585249,0.0000993522
1912,0.0019554049,0.0001658575
2257,0.0020018350,0.0000000000
3255,0.0018316618,0.0000000000
3738,0.0025694040,0.0000000000
4282,0.0016463906,0.0000000000
4820,0.0023771882,0.0000000000
469,0.0042384187,0.0022225153
1277,0.0040633120,0.0014783099
3088,0.0011544615,0.0000000000
3607,0.0012468537,0.0000000000
4160,0.0016140033,0.0000000000
1378,0.0011903067,0.0002843753
1758,0.0010796637,0.0034107558
1968,0.0011260350,0.0012599043
2015,0.0018145846,0.0002312049
3237,0.0009599714,0.0001079591
4539,0.0007816817,0.0000000000
4777,0.0006060004,0.0004419081
788,0.0025540139,0.0009524116
812,0.0030588048,0.0001556349
1185,0.0026635245,0.0035217525
1495,0.0027878375,0.0009512476
1714,0.0023000960,0.0014531955
1998,0.0013789999,0.0000000000
2284,0.0016630336,0.0018141147
2327,0.0013133938,0.0000413138
2560,0.0027760421,0.0000000000
2629,0.0020556658,0.0000206295
2893,0.0014574027,0.0003439835
3132,0.0013263635,0.0002042533
3745,0.0017648426,0.0000832530
3871,0.0037399967,0.0000000000
4020,0.0014998355,0.0000000000
4285,0.0014612619,0.0000000000
4487,0.0013828292,0.0000000000
4959,0.0015746312,0.0000000000
194,0.0054035282,0.0200997410
552,0.0035111308,0.0015334349
1014,0.0032933959,0.0034700318
1200,0.0024569745,0.0022041618
1226,0.0024164715,0.0016071364
1264,0.0030603431,0.0010635443
1733,0.0041833593,0.0000000000
1821,0.0027295416,0.0006380945
2189,0.0025746425,0.0012570130
2368,0.0024586526,0.0000443836
2767,0.0028326375,0.0015854387
3251,0.0022388439,0.0000000000
3560,0.0027659199,0.0000546639
525,0.0037749677,0.0059356758
689,0.0042360306,0.0022221612
741,0.0025607283,0.0001271426
1560,0.0025672645,0.0005373977
1604,0.0016888369,0.0007070732
2017,0.0024304454,0.0009606240
2176,0.0023643759,0.0004200154
2340,0.0016996312,0.0002367210
2404,0.0018485309,0.0033239238
2923,0.0016001230,0.0021252423
2945,0.0019864104,0.0011434544
3086,0.0030228788,0.0001417474
3391,0.0015141643,0.0006824550
3635,0.0015196459,0.0002033615
3721,0.0017953214,0.0000158802
4696,0.0022239346,0.0000000000
4785,0.0027956529,0.0000000000
4918,0.0014820065,0.0000000000
1921,0.0031656421,0.0007428420
2091,0.0019347216,0.0001144861
2711,0.0013507977,0.0002593542
2844,0.0020630182,0.0006013379
3071,0.0036106925,0.0000000000
3701,0.0015066288,0.0000521060
3703,0.0013489619,0.0000000000
3827,0.0015287204,0.0000000000
4397,0.0015749348,0.0000000000
4879,0.0016048504,0.0000000000
658,0.0038998525,0.0017011037
794,0.0030938874,0.0059313701
814,0.0041928626,0.0024054835
1089,0.0027649572,0.0000790150
1435,0.0022384330,0.0017769151
2431,0.0041212041,0.0002897453
2438,0.0022238287,0.0006187917
2614,0.0027656528,0.0002574008
2988,0.0052901879,0.0000764797
2990,0.0033504757,0.0005688393
2993,0.0020942971,0.0004764774
3188,0.0041029911,0.0009994883
3265,0.0024401639,0.0009322195
3293,0.0023176786,0.0000000000
3653,0.0039613463,0.0000915643
3874,0.0024144129,0.0000740314
4169,0.0027714463,0.0000000000
4324,0.0042544024,0.0000074325
4414,0.0035843024,0.0000000000
4605,0.0030353731,0.0000000000
4625,0.0022524351,0.0000000000
4966,0.0019527271,0.0000000000
4988,0.0026169240,0.0000000000
2078,0.0026729196,0.0004486369
2117,0.0013304343,0.0007770224
3512,0.0017331147,0.0001497682
1935,0.0009327821,0.0006203533
3846,0.0011854906,0.0000000000
1326,0.0023152217,0.0014774428
1682,0.0028231220,0.0010914419
1722,0.0019448236,0.0022564227
2302,0.0040611415,0.0004098773
3750,0.0024945438,0.0000391919
4354,0.0019467329,0.0006261566
4473,0.0019206962,0.0000000000
4590,0.0018179654,0.0000000000
4750,0.0014887115,0.0000000000
1385,0.0035973269,0.0041903643
3097,0.0022614070,0.0000000000
894,0.0019914408,0.0006436427
1062,0.0018270152,0.0000805500
1081,0.0018490671,0.0047439566
1929,0.0024880562,0.0001050574
1951,0.0016782539,0.0035299178
2947,0.0022502154,0.0000000000
3909,0.0012234547,0.0023534000
4596,0.0009989400,0.0000000000
4788,0.0010797340,0.0000000000
4829,0.0011826705,0.0000000000
4835,0.0010246232,0.0000000000
273,0.0030229395,0.0171119728
702,0.0024029977,0.0052769176
942,0.0017735622,0.0025766055
985,0.0018920978,0.0006574053
1180,0.0018039296,0.0002296993
1332,0.0017549999,0.0004505421
2006,0.0016799985,0.0003494600
2389,0.0014784106,0.0001882036
3245,0.0019571775,0.0005283293
4593,0.0020051663,0.0000000000
719,0.0016128752,0.0033911489
1426,0.0019815859,0.0003634754
2036,0.0012332771,0.0031933825
2373,0.0015202089,0.0000000000
2917,0.0011452156,0.0000000000
2954,0.0018545891,0.0039930313
3219,0.0038421965,0.0006415528
3226,0.0015296393,0.0000233540
3382,0.0011304208,0.0000000000
4716,0.0009054334,0.0000000000
4956,0.0013309116,0.0000000000
738,0.0038336043,0.0018698389
1194,0.0025108294,0.0035785544
1228,0.0032844089,0.0001794241
1282,0.0033921954,0.0017315543
1574,0.0024163460,0.0002140926
1785,0.0029383872,0.0016208051
1900,0.0025582150,0.0001359577
2351,0.0027613484,0.0019124172
2574,0.0022788441,0.0010892227
2661,0.0022633470,0.0003759609
2735,0.0034012584,0.0000000000
3275,0.0028456247,0.0005702179
4093,0.0030995230,0.0000000000
4712,0.0021326642,0.0000000000
4902,0.0023726028,0.0000000000
1532,0.0021988517,0.0014412405
1876,0.0012602116,0.0001067111
2000,0.0019135324,0.0014988305
2463,0.0009678974,0.0005143940
2739,0.0014422656,0.0000000000
3963,0.0024464599,0.0000000000
4374,0.0007262555,0.0000000000
603,0.0017416928,0.0002434993
631,0.0048098043,0.0045307961
656,0.0012981777,0.0031671707
1301,0.0027113526,0.0001872948
1776,0.0020017759,0.0028693516
2488,0.0023584227,0.0001315825
2681,0.0011450035,0.0000445176
3031,0.0021659304,0.0002366095
3511,0.0013590843,0.0000000000
3644,0.0016493284,0.0001745969
4763,0.0017840556,0.0000000000
670,0.0022322893,0.0012727296
759,0.0038020974,0.0013197558
972,0.0027475091,0.0012310514
1092,0.0043597293,0.0010184955
1107,0.0034743402,0.0017087687
1321,0.0032839962,0.0022172755
2164,0.0021698247,0.0002892077
2545,0.0033276784,0.0013190695
3357,0.0030212877,0.0001431967
3444,0.0024330849,0.0000000000
3848,0.0025487158,0.0012872180
4738,0.0020898547,0.0000000000
4826,0.0018153848,0.0000000000
1224,0.0031478338,0.0013453353
1440,0.0022064311,0.0036743030
2025,0.0016884617,0.0000000000
2533,0.0018814176,0.0019293610
3000,0.0034067431,0.0000927930
4384,0.0011144418,0.0000000000
701,0.0024383955,0.0033927124
1153,0.0021009683,0.0066745090
1651,0.0010284058,0.0014737369
2908,0.0012851737,0.0001153029
3334,0.0010772838,0.0000314973
3643,0.0015679786,0.0007527139
450,0.0020045846,0.0000000000
3757,0.0006953710,0.0000000000
4242,0.0013054631,0.0000000000
4392,0.0004425518,0.0000000000
345,0.0028073019,0.0045478919
676,0.0017853997,0.0032229329
1263,0.0018069928,0.0012699844
2086,0.0024540485,0.0001013050
2447,0.0014070105,0.0001011825
2678,0.0017919744,0.0002157324
4142,0.0016397753,0.0000858173
4479,0.0029235842,0.0000000000
339,0.0023007318,0.0018030348
2249,0.0019778577,0.0000393742
2277,0.0009195637,0.0000955812
2286,0.0021255105,0.0008051003
3270,0.0005356055,0.0001626600
3855,0.0006474126,0.0000000000
1498,0.0012015283,0.0005426128
1977,0.0019479901,0.0006094643
3063,0.0006456470,0.0000000000
4911,0.0005663428,0.0000000000
2057,0.0005281601,0.0001528440
2573,0.0011306134,0.0000000000
2971,0.0006458267,0.0000000000
4308,0.0010303967,0.0000000000
1718,0.0028273160,0.0024904329
2031,0.0019633423,0.0001001621
2240,0.0011654719,0.0000576560
3455,0.0015034973,0.0000000000
3581,0.0020886085,0.0000769405
3900,0.0012985464,0.0003620640
4775,0.0018943924,0.0000000000
967,0.0032126115,0.0011159903
1548,0.0014692656,0.0022100699
3004,0.0015708254,0.0000000000
3019,0.0025682540,0.0007072915
3148,0.0017034298,0.0001712145
3193,0.0017775385,0.0000000000
3353,0.0016654298,0.0000000000
3370,0.0015734307,0.0001387346
3424,0.0033047502,0.0003085782
3719,0.0013560603,0.0000000000
4706,0.0012917390,0.0000000000
1541,0.0031908603,0.0068917151
1862,0.0010715498,0.0000982468
2251,0.0015631179,0.0001889022
2498,0.0021595728,0.0025568045
3897,0.0009970757,0.0000106216
4748,0.0009014759,0.0000000000
4998,0.0018240115,0.0000000000
2124,0.0010606117,0.0001539898
1601,0.0020306296,0.0007303656
2628,0.0020399617,0.0005107202
4103,0.0010972463,0.0000000000
4344,0.0014102302,0.0000232145
4824,0.0010619989,0.0000000000
4871,0.0009088812,0.0000000000
1327,0.0016071781,0.0000332876
2197,0.0021466709,0.0000000000
2316,0.0015753212,0.0001546456
2570,0.0008840876,0.0000263291
2843,0.0019046982,0.0012914544
3501,0.0011247651,0.0001538273
462,0.0029570641,0.0038086283
1779,0.0033788705,0.0001752306
2244,0.0017527970,0.0001271907
2268,0.0044452158,0.0002145752
2402,0.0033845760,0.0016906493
2953,0.0023723257,0.0001360748
3497,0.0014701503,0.0002536829
3609,0.0016248767,0.0000225829
3843,0.0022509628,0.0000000000
4979,0.0024101307,0.0000000000
4991,0.0016198314,0.0000000000
1136,0.0043938344,0.0001488257
1183,0.0023315455,0.0000000000
1195,0.0039291948,0.0000850028
1404,0.0018187915,0.0005702179
1624,0.0031051095,0.0032331142
2551,0.0019315037,0.0007478028
2875,0.0018562180,0.0010282128
3098,0.0015129422,0.0000276364
3302,0.0033075657,0.0000000000
3397,0.0014182666,0.0022841598
3404,0.0027470027,0.0000000000
3857,0.0015264661,0.0000187053
4095,0.0013809835,0.0000000000
4195,0.0016109350,0.0000000000
4332,0.0030670396,0.0000000000
4865,0.0014659268,0.0000000000
1505,0.0022087814,0.0000000000
2142,0.0012049215,0.0009740707
2554,0.0007926177,0.0020367602
2640,0.0010763818,0.0005947547
4359,0.0010783500,0.0000000000
4710,0.0008032876,0.0000000000
2125,0.0009475698,0.0003220815
2818,0.0009352989,0.0000109606
4310,0.0006115862,0.0005778856
1290,0.0029432920,0.0006220158
1656,0.0040020454,0.0012376964
1940,0.0021050545,0.0006992049
3294,0.0015262669,0.0000000000
3536,0.0024216807,0.0003514905
3676,0.0019886327,0.0000000000
4369,0.0020239777,0.0000000000
4974,0.0023857823,0.0000000000
405,0.0027340603,0.0029969717
766,0.0018143475,0.0018833739
1563,0.0024477111,0.0005615874
2012,0.0026714673,0.0008551828
2019,0.0020654151,0.0001502403
2195,0.0014299805,0.0023089062
2841,0.0017400373,0.0022000800
2975,0.0025868085,0.0006010395
3080,0.0019612262,0.0000505476
3170,0.0019124986,0.0001371159
3403,0.0027449709,0.0000000000
3729,0.0013834429,0.0000000000
4092,0.0014173218,0.0000402557
4271,0.0011517191,0.0000048752
4363,0.0020226764,0.0000000000
4603,0.0017474182,0.0000000000
4885,0.0031994832,0.0000000000
787,0.0020653411,0.0047263485
1353,0.0028043315,0.0000689088
1719,0.0014478894,0.0002226837
2226,0.0009816172,0.0006828120
2619,0.0025498203,0.0028669909
2716,0.0009598664,0.0000032038
4136,0.0012014344,0.0000922398
4553,0.0010330192,0.0000404508
4906,0.0009532208,0.0000000000
996,0.0022203129,0.0006006234
1360,0.0022060504,0.0000487252
3300,0.0016660456,0.0000903175
3787,0.0012234711,0.0000323954
4213,0.0017323116,0.0000000000
4576,0.0034102274,0.0000000000
577,0.0023847628,0.0038265965
2188,0.0017665453,0.0000000000
2891,0.0006694382,0.0013457151
3384,0.0007016911,0.0006608179
4007,0.0020179461,0.0001272429
1045,0.0033034927,0.0016607419
1252,0.0015008041,0.0013353629
1257,0.0035559545,0.0035408631
2166,0.0022861121,0.0000338238
2637,0.0013241071,0.0005960164
2855,0.0015242976,0.0000000000
2973,0.0031093816,0.0000000000
3036,0.0012390277,0.0019948278
3445,0.0017982228,0.0012369312
3547,0.0019411782,0.0005380933
3717,0.0016262404,0.0000000000
3838,0.0011317265,0.0000000000
4133,0.0020133762,0.0000162179
4575,0.0020372514,0.0000000000
4961,0.0013811085,0.0000000000
1086,0.0037496908,0.0005460851
1261,0.0039649996,0.0003528055
1328,0.0030343222,0.0017200305
2306,0.0027015217,0.0021251999
2338,0.0029359168,0.0003899916
2406,0.0032602448,0.0000071407
3139,0.0064246384,0.0001506056
3283,0.0024124959,0.0002051525
3652,0.0023246033,0.0020212851
3933,0.0032322379,0.0000612791
4250,0.0031357382,0.0003795878
889,0.0023066064,0.0000000000
968,0.0018204303,0.0083658968
1960,0.0029412803,0.0022994236
2275,0.0019738687,0.0001085986
2594,0.0015907627,0.0000000000
2701,0.0014237994,0.0002742235
2713,0.0012431356,0.0000233273
2746,0.0010065967,0.0010705196
3450,0.0011143132,0.0001439402
3531,0.0030979245,0.0000000000
4190,0.0010738723,0.0000000000
3921,0.0007076491,0.0000000000
4131,0.0005717374,0.0000000000
4843,0.0014502578,0.0000000000
757,0.0034019555,0.0009683092
1210,0.0023506108,0.0000223337
1255,0.0019200147,0.0021298834
2141,0.0026581865,0.0010977891
2391,0.0016086536,0.0001649927
2500,0.0017828241,0.0001258145
3478,0.0017396846,0.0000000000
3674,0.0014638069,0.0000076289
3790,0.0012328256,0.0000000000
1737,0.0032411398,0.0001523604
1918,0.0018440331,0.0001695942
2979,0.0016441484,0.0001086538
3908,0.0008717915,0.0000000000
4080,0.0015104927,0.0000000000
4752,0.0007273332,0.0000000000
3319,0.0004463318,0.0000000000
1059,0.0016444905,0.0004414197
3940,0.0009187772,0.0000000000
4045,0.0015441030,0.0000000000
673,0.0038599174,0.0030473020
1825,0.0039731965,0.0000599133
2034,0.0026354909,0.0022948898
2435,0.0033377909,0.0001847798
2884,0.0031121964,0.0003602348
2940,0.0022492415,0.0001211340
3011,0.0020598836,0.0002172650
3014,0.0022619270,0.0000000000
3274,0.0019689406,0.0000698902
3965,0.0026364978,0.0000000000
4556,0.0024970464,0.0000000000
1305,0.0018922452,0.0005406942
3760,0.0015036764,0.0002073175
438,0.0017028706,0.0027499632
817,0.0023757136,0.0000830512
1193,0.0017181325,0.0007476025
2888,0.0008851380,0.0003171063
3123,0.0023080965,0.0000221026
4490,0.0006608830,0.0000000000
4839,0.0005488844,0.0000000000
1091,0.0017644052,0.0004753167
1156,0.0044759321,0.0008663772
1754,0.0015608027,0.0003995799
2083,0.0026504825,0.0002507677
2248,0.0018037320,0.0001286053
2423,0.0033006792,0.0017657757
2601,0.0023750627,0.0020395918
2802,0.0014891950,0.0024626124
3083,0.0014398226,0.0004026043
3266,0.0023481363,0.0001512686
3641,0.0014727968,0.0000346426
3818,0.0011590272,0.0000105042
3834,0.0025134253,0.0000722190
3971,0.0017820517,0.0000414584
4066,0.0011256735,0.0000639657
4234,0.0014271032,0.0000000000
4907,0.0012953828,0.0000000000
4917,0.0017405179,0.0000000000
3474,0.0012813801,0.0001024180
4535,0.0012574389,0.0000000000
515,0.0026026503,0.0095055772
1172,0.0015521885,0.0043415109
1973,0.0012008883,0.0000102911
2794,0.0021933436,0.0005215340
3810,0.0013462340,0.0002591909
815,0.0026498427,0.0020209619
1115,0.0019787777,0.0008618286
1356,0.0013909228,0.0019706718
1447,0.0015187638,0.0000649812
1854,0.0016515904,0.0001426226
4132,0.0022301799,0.0005256097
4880,0.0010299303,0.0000000000
393,0.0026719118,0.0020596629
497,0.0022853343,0.0016463484
793,0.0028084380,0.0047210005
1288,0.0019712928,0.0006443527
1681,0.0019740655,0.0027924702
2144,0.0017864210,0.0024750071
2222,0.0013296453,0.0008354319
2648,0.0019620860,0.0000729256
3427,0.0011989348,0.0014556344
3649,0.0026924693,0.0000000000
3885,0.0011098947,0.0000069169
4277,0.0011632483,0.0000000000
4683,0.0011244389,0.0001977187
1181,0.0016276118,0.0033738811
1232,0.0023955590,0.0022214383
2408,0.0011670955,0.0002918757
4543,0.0029482856,0.0000000000
2602,0.0013031100,0.0003300051
378,0.0021142313,0.0064518042
1457,0.0033881869,0.0001506448
785,0.0020118332,0.0013031901
1351,0.0017015236,0.0044922873
1781,0.0017479354,0.0002561400
2027,0.0011433920,0.0032336828
2623,0.0012103107,0.0003949464
3205,0.0014475157,0.0000772760
4110,0.0012652414,0.0000000000
4232,0.0016750101,0.0000000000
4729,0.0018845464,0.0000000000
1533,0.0017875894,0.0012403419
1570,0.0013893601,0.0016295971
1763,0.0021706584,0.0008348513
2303,0.0013890116,0.0007693597
2333,0.0010414889,0.0000000000
2804,0.0014692683,0.0011620806
3215,0.0008711369,0.0000964357
3507,0.0009852232,0.0000378056
3622,0.0013045910,0.0001901461
4452,0.0012241709,0.0000000000
1790,0.0026105842,0.0008239069
3485,0.0007513251,0.0000000000
3575,0.0014039004,0.0001282785
3475,0.0016377950,0.0000000000
4030,0.0006398153,0.0000000000
4237,0.0012548977,0.0000000000
4468,0.0008137088,0.0000000000
4697,0.0009570468,0.0000000000
419,0.0019789589,0.0035056938
1970,0.0016388127,0.0007622289
1995,0.0018525379,0.0000000000
2187,0.0034606250,0.0004836785
2254,0.0014225344,0.0003773065
2505,0.0021295423,0.0012873673
2736,0.0014785016,0.0000194281
3094,0.0012046691,0.0001288982
3864,0.0013361655,0.0000000000
1544,0.0017745810,0.0012220277
2160,0.0020281248,0.0002958294
4006,0.0011427787,0.0020925849
822,0.0024057447,0.0016537058
1375,0.0032160292,0.0020980936
1562,0.0018268626,0.0001211839
1711,0.0018555590,0.0010738231
2229,0.0022723214,0.0021934865
2777,0.0027021755,0.0001438659
2847,0.0035092659,0.0006581819
3305,0.0013516153,0.0002283836
3438,0.0018761136,0.0002000789
3611,0.0019565888,0.0010521817
3619,0.0017339796,0.0000000000
3987,0.0013419018,0.0000000000
4005,0.0013507030,0.0002854950
4205,0.0012643803,0.0000000000
4793,0.0013403828,0.0000000000
1413,0.0030792873,0.0007439584
2546,0.0013838179,0.0000051922
3699,0.0012127681,0.0002237349
4217,0.0020969707,0.0000069169
3657,0.0009418587,0.0000000000
1833,0.0012816661,0.0009507567
1835,0.0019401408,0.0010126804
2220,0.0019051392,0.0000087440
2225,0.0010735636,0.0016725447
3413,0.0010381159,0.0000404508
3904,0.0007244556,0.0000000000
4047,0.0010754597,0.0000000000
4233,0.0019347045,0.0000000000
4705,0.0021011932,0.0000000000
949,0.0026728398,0.0005854614
1009,0.0037862806,0.0028871743
1860,0.0026199577,0.0020898173
2134,0.0017125046,0.0000832536
2198,0.0022206495,0.0002189340
2782,0.0016966469,0.0000000000
3091,0.0020732254,0.0000378031
3410,0.0014483441,0.0001433312
3630,0.0028081922,0.0000663030
3752,0.0019812320,0.0000000000
4054,0.0018317154,0.0005161797
4801,0.0018029003,0.0000000000
1420,0.0015669386,0.0005531142
3821,0.0015645840,0.0000099682
4166,0.0022870877,0.0000000000
879,0.0020529886,0.0028382119
3281,0.0014641926,0.0007655417
4759,0.0005023321,0.0000000000
868,0.0049916454,0.0012026868
1225,0.0039841100,0.0040590883
1437,0.0040474739,0.0001709895
1782,0.0034642348,0.0024668502
2023,0.0026009381,0.0000383361
2120,0.0037248656,0.0000379618
2148,0.0028599450,0.0003694876
2668,0.0024596995,0.0002108255
2986,0.0028696139,0.0000606720
3386,0.0032981496,0.0000249273
3867,0.0023726550,0.0000000000
4273,0.0025862268,0.0000000000
4391,0.0030303869,0.0000000000
4404,0.0023575130,0.0000000000
4665,0.0033552823,0.0000000000
2200,0.0012669865,0.0023288172
4186,0.0011018406,0.0006537579
4569,0.0008521842,0.0000249273
4863,0.0007133830,0.0000000000
1386,0.0022177752,0.0003890842
1393,0.0013644923,0.0022481064
2140,0.0013246284,0.0016678713
2243,0.0009885727,0.0002374831
2518,0.0013755681,0.0012704632
2911,0.0011548160,0.0000000000
2980,0.0009647797,0.0000000000
2925,0.0034745930,0.0006559317
3128,0.0009873446,0.0000000000
4304,0.0016652221,0.0000403384
4668,0.0004773027,0.0000000000
580,0.0020563292,0.0055654425
990,0.0023888755,0.0016375479
3325,0.0007558459,0.0006291131
3499,0.0011348119,0.0004373005
4167,0.0013894764,0.0000000000
4643,0.0008485047,0.0000000000
2103,0.0011037228,0.0000514083
2646,0.0011038023,0.0005214951
2741,0.0012944134,0.0002269203
3811,0.0012615547,0.0000000000
1834,0.0018669112,0.0014444835
2442,0.0011420429,0.0006380326
3832,0.0019752671,0.0000000000
4431,0.0009543510,0.0000292200
4713,0.0009143639,0.0000000000
1999,0.0012453939,0.0004620162
2604,0.0006867306,0.0000414332
4031,0.0007984684,0.0001541345
4439,0.0006353376,0.0000000000
3321,0.0026370508,0.0011034163
3761,0.0008668408,0.0000000000
4379,0.0012899277,0.0000000000
4486,0.0017715935,0.0000000000
4567,0.0022298004,0.0000000000
4741,0.0013526626,0.0000000000
2039,0.0016372546,0.0001305350
3018,0.0012008950,0.0000000000
4279,0.0008492716,0.0002143595
4875,0.0024137571,0.0000000000
2001,0.0016338497,0.0009041620
2647,0.0009907359,0.0012630386
3309,0.0008154423,0.0001905263
3596,0.0013797679,0.0000099682
3658,0.0005742151,0.0000090127
4174,0.0005881660,0.0005047590
4948,0.0004866013,0.0000000000
1309,0.0018277043,0.0003259517
2028,0.0014458475,0.0001292744
4127,0.0011119945,0.0000000000
1845,0.0023766661,0.0015420868
2605,0.0012984620,0.0005428088
3118,0.0013472430,0.0001000086
3800,0.0010054431,0.0001240108
4794,0.0009910542,0.0000102233
4117,0.0007449980,0.0000000000
1830,0.0015262105,0.0005576008
2042,0.0021405741,0.0011496340
2576,0.0017269687,0.0000316498
2693,0.0011350668,0.0000000000
2894,0.0014395537,0.0000000000
3075,0.0021102991,0.0000000000
3411,0.0012889287,0.0000555020
3467,0.0024499464,0.0004924616
3553,0.0013778536,0.0000173690
3924,0.0009445937,0.0000000000
2886,0.0011213099,0.0000798512
4025,0.0010515278,0.0000000000
4226,0.0026427993,0.0000938229
4367,0.0013647458,0.0000000000
2092,0.0010885546,0.0007768202
2348,0.0018753890,0.0020191446
2660,0.0010718708,0.0000254635
3174,0.0019353061,0.0000927808
3241,0.0006142483,0.0000000000
1390,0.0024675875,0.0008981563
1621,0.0023616254,0.0004060994
4674,0.0012155538,0.0000216712
4743,0.0012599192,0.0000000000
4267,0.0003473275,0.0000000000
4375,0.0014830833,0.0001554809
799,0.0023305048,0.0000000000
1904,0.0023730718,0.0012958949
3984,0.0011321513,0.0000000000
4485,0.0014384636,0.0000000000
811,0.0019148670,0.0069176070
1274,0.0024335669,0.0012438343
2851,0.0021634372,0.0003112727
3231,0.0017974449,0.0011305859
3242,0.0020578639,0.0000703188
4062,0.0019297010,0.0000000000
4803,0.0030785550,0.0000000000
3714,0.0014432055,0.0000405712
1242,0.0012464439,0.0008495273
1632,0.0014152319,0.0001335655
2334,0.0016997294,0.0003173452
3177,0.0012119473,0.0021196939
3332,0.0015001549,0.0001047787
3656,0.0011287465,0.0000270328
2355,0.0008224385,0.0003858179
3783,0.0012346614,0.0000788247
4028,0.0021519082,0.0000000000
4288,0.0011455547,0.0000000000
1716,0.0016522491,0.0015138844
1867,0.0019339398,0.0001681069
1962,0.0020393147,0.0008104067
2276,0.0019595841,0.0000341616
2370,0.0017384454,0.0003700916
3223,0.0022599282,0.0000000000
3925,0.0010820843,0.0000000000
3982,0.0014605116,0.0000000000
4203,0.0013670020,0.0000000000
2566,0.0011739149,0.0000931560
3911,0.0005446042,0.0005502862
4119,0.0016310846,0.0000000000
4599,0.0004473665,0.0000000000
1141,0.0012338569,0.0031277809
2136,0.0012355214,0.0000000000
2401,0.0013430216,0.0000988582
4809,0.0013813743,0.0000000000
4897,0.0012244948,0.0000000000
1387,0.0017208626,0.0006864236
1832,0.0009953662,0.0006431097
2307,0.0017582670,0.0001619507
1931,0.0010016852,0.0010243663
4009,0.0011456459,0.0001311136
4078,0.0006851170,0.0001528780
4720,0.0008074347,0.0000000000
4859,0.0016968975,0.0000000000
1454,0.0013668053,0.0001478392
2359,0.0012015642,0.0001504432
2718,0.0021496817,0.0005142334
3406,0.0005894265,0.0022033312
3766,0.0006651238,0.0013767325
4326,0.0006681201,0.0000486471
4736,0.0012185579,0.0000000000
2724,0.0014313080,0.0001333201
821,0.0027006671,0.0009158296
2670,0.0019458119,0.0004316854
2772,0.0005495149,0.0001081577
4165,0.0006503351,0.0000000000
1373,0.0025153302,0.0001805194
3218,0.0017757622,0.0006195680
2459,0.0010488396,0.0006514907
3044,0.0015183147,0.0003163063
3954,0.0009221662,0.0000000000
4187,0.0018736434,0.0000428349
4366,0.0011884100,0.0000000000
1184,0.0029667455,0.0001360604
1873,0.0017244178,0.0024668142
2047,0.0012444973,0.0000000000
2320,0.0009532382,0.0003055395
1745,0.0006058816,0.0010836663
3127,0.0010943993,0.0000000000
848,0.0022886020,0.0018112774
3110,0.0012301405,0.0003088126
3243,0.0014820871,0.0022126220
3540,0.0012679943,0.0005698316
3844,0.0005718284,0.0000193147
1536,0.0017196067,0.0018952962
1892,0.0023170742,0.0004568400
2156,0.0016542436,0.0010892376
2819,0.0023934023,0.0007575535
3042,0.0018553922,0.0001043405
3554,0.0016943699,0.0001261271
3567,0.0014665857,0.0000000000
1333,0.0007143331,0.0018410567
2010,0.0013643653,0.0042793004
3840,0.0005033574,0.0000485975
4063,0.0003763281,0.0000000000
4418,0.0003455086,0.0000000000
4451,0.0006808671,0.0000000000
669,0.0011961648,0.0063703237
1813,0.0014603420,0.0012597538
4872,0.0012058364,0.0000000000
1076,0.0013782097,0.0025621317
4559,0.0006629347,0.0000000000
2395,0.0006633833,0.0002653487
2644,0.0013166323,0.0006746328
2964,0.0004227429,0.0005258256
3202,0.0006209114,0.0003878442
2978,0.0011741785,0.0001673815
4307,0.0008999907,0.0000152753
1423,0.0007312223,0.0012709641
1916,0.0004054292,0.0009228072
2372,0.0008313396,0.0008945149
2773,0.0007310707,0.0004099480
875,0.0024859317,0.0067038918
1610,0.0018645317,0.0014306773
2933,0.0016741708,0.0001508313
4742,0.0010241200,0.0000000000
1269,0.0025021053,0.0001509503
1364,0.0009125849,0.0011157782
1595,0.0009125104,0.0001614936
1688,0.0010426618,0.0008802052
1794,0.0009527608,0.0000000000
2743,0.0008548529,0.0000000000
3150,0.0011164275,0.0000000000
4483,0.0005494974,0.0000000000
4761,0.0005527939,0.0000000000
861,0.0018653860,0.0018887509
1128,0.0018905107,0.0005507834
1766,0.0020274267,0.0007550471
2109,0.0013716144,0.0013287502
2688,0.0013112528,0.0022298594
3196,0.0015371428,0.0000000000
3477,0.0014687971,0.0000000000
3802,0.0017678033,0.0005849375
3808,0.0014629989,0.0001548519
4478,0.0012722959,0.0007295184
4515,0.0021861885,0.0000000000
4611,0.0016053691,0.0005301117
4833,0.0016562625,0.0000000000
1379,0.0009496860,0.0023512614
1751,0.0010508817,0.0000492116
2312,0.0008761122,0.0060588946
3035,0.0007816900,0.0011123882
3068,0.0006516741,0.0000000000
3961,0.0019308314,0.0000000000
2045,0.0013232551,0.0016594880
2118,0.0014300183,0.0000000000
2203,0.0019030992,0.0028648605
2756,0.0011467787,0.0000000000
3117,0.0017562525,0.0000000000
3405,0.0025620076,0.0020743862
3788,0.0009097588,0.0000000000
625,0.0013901474,0.0020615333
1312,0.0017557381,0.0002801822
2116,0.0017143278,0.0002096020
2764,0.0008925418,0.0010539761
3342,0.0013969476,0.0009339286
4070,0.0016239710,0.0000000000
4510,0.0009170323,0.0001083660
3661,0.0007714649,0.0000000000
4372,0.0008986762,0.0001056369
4985,0.0005690855,0.0000000000
1985,0.0018624495,0.0005283954
2070,0.0019708946,0.0009555443
3190,0.0019405430,0.0000000000
4023,0.0008204847,0.0004019145
1318,0.0022794419,0.0000000000
1746,0.0007115391,0.0024451133
1635,0.0012571737,0.0000474182
3678,0.0018167695,0.0000000000
3779,0.0006155780,0.0001980865
4670,0.0005918024,0.0000000000
4528,0.0004463209,0.0000000000
4893,0.0003061648,0.0000000000
4957,0.0002990342,0.0000000000
4960,0.0008760370,0.0000000000
3514,0.0013351098,0.0002593542
4159,0.0009786023,0.0000074557
1571,0.0018855550,0.0000077941
1956,0.0013959021,0.0003789517
3041,0.0013106508,0.0010114572
3244,0.0018634207,0.0000415520
3290,0.0012045452,0.0001446407
3556,0.0015302362,0.0000000000
3605,0.0024808512,0.0004668746
1695,0.0020916255,0.0011488034
3006,0.0010515290,0.0000194699
3464,0.0013978767,0.0000000000
3767,0.0009953512,0.0000000000
3856,0.0010729664,0.0001451004
4587,0.0014496941,0.0000000000
2374,0.0017248173,0.0003690904
2524,0.0010317860,0.0000853951
2588,0.0008762152,0.0001552516
3209,0.0006782591,0.0000089781
4968,0.0007671334,0.0000000000
980,0.0019448839,0.0000680436
2410,0.0008160084,0.0000352344
3529,0.0008237370,0.0000693239
1112,0.0010622029,0.0034591257
2582,0.0014792238,0.0003950758
1732,0.0022188168,0.0023482777
2162,0.0011379667,0.0000278060
2239,0.0016205922,0.0014250983
2658,0.0015907760,0.0001292833
3236,0.0018940342,0.0000000000
3675,0.0013764747,0.0004677048
4499,0.0011408001,0.0000166309
4786,0.0009501892,0.0000000000
1811,0.0011801499,0.0004571569
2703,0.0022728104,0.0004221590
3315,0.0011926295,0.0000000000
2420,0.0009251425,0.0000000000
2811,0.0010152548,0.0001254349
3606,0.0004593039,0.0000000000
4616,0.0004369044,0.0000268617
2192,0.0010553209,0.0008044176
3526,0.0006797698,0.0007661429
2030,0.0009650420,0.0022906015
2883,0.0014339821,0.0000500920
3078,0.0018652685,0.0005256097
4469,0.0009018094,0.0000000000
3770,0.0020461971,0.0000000000
4153,0.0009498743,0.0001100910
4229,0.0012551608,0.0000000000
4563,0.0012874291,0.0005576008
1736,0.0012305377,0.0002911286
2206,0.0006359427,0.0000000000
4149,0.0011413987,0.0000660937
1104,0.0016282957,0.0022770614
2846,0.0023869519,0.0006275669
3823,0.0012731755,0.0000000000
1919,0.0017478555,0.0015892333
4040,0.0005676693,0.0000000000
4223,0.0003821895,0.0000255275
4290,0.0005518610,0.0000000000
3472,0.0008848587,0.0000000000
1355,0.0011388641,0.0010977091
2107,0.0008722530,0.0003797710
3037,0.0012815747,0.0000824646
2147,0.0004971980,0.0009850012
2806,0.0009966338,0.0000000000
4428,0.0012014355,0.0000000000
4715,0.0004590023,0.0000000000
2572,0.0014951171,0.0008678542
2591,0.0019623494,0.0000000000
1485,0.0015635404,0.0012320587
1637,0.0016510845,0.0031877662
2599,0.0016065246,0.0001777491
2889,0.0019793002,0.0000133806
3439,0.0014870379,0.0000325320
4194,0.0012854436,0.0000000000
4682,0.0016118192,0.0000000000
4924,0.0019817976,0.0000111511
3708,0.0013848248,0.0000241741
4168,0.0017466365,0.0000000000
1134,0.0009086032,0.0019782468
4225,0.0005780778,0.0000000000
4684,0.0002027706,0.0002528699
3724,0.0017944245,0.0000000000
1028,0.0031818408,0.0021547203
1313,0.0025258618,0.0007222194
1396,0.0017454187,0.0002557791
1976,0.0018920379,0.0001601909
1992,0.0020757692,0.0004860696
2540,0.0019107271,0.0003708591
3252,0.0024423928,0.0020112621
3805,0.0026661050,0.0000000000
3866,0.0019229606,0.0000286757
4073,0.0022660933,0.0000000000
4075,0.0018170429,0.0000000000
4388,0.0015430549,0.0000000000
4511,0.0024654393,0.0000000000
4947,0.0016213666,0.0000000000
1058,0.0017624148,0.0022943891
2659,0.0014601710,0.0000000000
4446,0.0016413801,0.0000000000
4995,0.0008194299,0.0000000000
3942,0.0008117252,0.0000000000
3850,0.0004136554,0.0000000000
4552,0.0007860655,0.0000000000
4755,0.0006012444,0.0000000000
4764,0.0003056975,0.0000000000
2696,0.0012503308,0.0005212977
4862,0.0008747087,0.0000000000
1073,0.0015510482,0.0022414863
2223,0.0013143954,0.0000854885
3040,0.0007324985,0.0000000000
3516,0.0006623751,0.0000000000
2181,0.0008363529,0.0000847640
4637,0.0006621368,0.0000000000
1431,0.0007759004,0.0009529382
3316,0.0004687136,0.0001421211
3479,0.0006908841,0.0000889545
4420,0.0005102726,0.0000000000
4453,0.0004174131,0.0000000000
2216,0.0016398041,0.0035495177
4224,0.0008738180,0.0000000000
4987,0.0006867744,0.0000000000
666,0.0019963318,0.0023427669
1639,0.0014240378,0.0007433692
2318,0.0014264395,0.0002816116
3350,0.0009371814,0.0008370585
3718,0.0012881782,0.0000000000
4177,0.0012566738,0.0000000000
4013,0.0006893097,0.0000000000
4082,0.0003596855,0.0000000000
843,0.0017017847,0.0012385445
2382,0.0006053855,0.0000000000
3355,0.0009279707,0.0000826413
3651,0.0012213232,0.0006308269
4440,0.0005085175,0.0000000000
4923,0.0011198995,0.0000000000
1982,0.0009911792,0.0000000000
2719,0.0019975433,0.0000786871
3344,0.0014597059,0.0000000000
4193,0.0006228979,0.0000000000
4676,0.0007702004,0.0000000000
1388,0.0014653748,0.0003577864
1865,0.0011635353,0.0012130022
2550,0.0011495301,0.0025215977
3412,0.0013157404,0.0000000000
3634,0.0011662238,0.0004943999
4423,0.0008203370,0.0000000000
3877,0.0013795461,0.0007812453
1478,0.0011876175,0.0001089375
1561,0.0011682678,0.0021379119
2173,0.0012718892,0.0000359078
2433,0.0012013818,0.0005125891
2928,0.0010400439,0.0008234819
4378,0.0013251070,0.0000000000
3062,0.0003536638,0.0000000000
4427,0.0009023182,0.0000000000
1480,0.0010702345,0.0000129349
1642,0.0005183463,0.0004238578
2657,0.0009639863,0.0007557261
3888,0.0006468803,0.0003197848
940,0.0014796043,0.0004487746
2726,0.0010460275,0.0007447935
3489,0.0004851045,0.0002602523
2356,0.0007800587,0.0002109837
2579,0.0009207305,0.0008168433
2650,0.0007510451,0.0024755845
4370,0.0016684832,0.0000677703
3466,0.0006456470,0.0013302839
2064,0.0004377702,0.0001706264
4582,0.0003325768,0.0000000000
1422,0.0012173284,0.0028298093
2578,0.0006031718,0.0000601803
2625,0.0006876789,0.0001511496
1603,0.0017118487,0.0002282735
3106,0.0014793339,0.0000000000
4598,0.0009721038,0.0000000000
4695,0.0009872305,0.0000000000
4946,0.0011874400,0.0000000000
3527,0.0005661138,0.0000124646
645,0.0022269612,0.0008049826
1698,0.0016632282,0.0003701092
2934,0.0023851812,0.0000000000
3273,0.0014745857,0.0003991366
3650,0.0013087683,0.0000000000
4101,0.0013155381,0.0000122478
1347,0.0010056156,0.0027902037
3162,0.0014148484,0.0000115357
1434,0.0023059355,0.0000340456
1915,0.0014413169,0.0000664413
2131,0.0023807131,0.0002364735
2262,0.0016571722,0.0000000000
3016,0.0017204957,0.0005114958
3034,0.0015380264,0.0000000000
3285,0.0016614292,0.0000547797
3310,0.0015095711,0.0000209296
2419,0.0016323242,0.0008755111
3172,0.0006604851,0.0003875439
4004,0.0010565901,0.0001832145
4362,0.0014648644,0.0000815278
4475,0.0006780063,0.0000000000
4836,0.0005578740,0.0000000000
1524,0.0006850605,0.0001756692
1958,0.0013795737,0.0014921195
2180,0.0006667230,0.0000196691
4138,0.0013841842,0.0000000000
2803,0.0006856975,0.0000000000
519,0.0018786250,0.0050458024
2462,0.0012478287,0.0016501150
2539,0.0012646556,0.0003434753
3880,0.0009334706,0.0000000000
1783,0.0010573223,0.0000000000
3304,0.0008211402,0.0000000000
4201,0.0010068073,0.0000000000
4846,0.0008098920,0.0000000000
4867,0.0007025258,0.0000000000
2445,0.0009977245,0.0000000000
3383,0.0008745317,0.0000260888
3597,0.0012211875,0.0000000000
4964,0.0011142541,0.0000000000
3028,0.0005214493,0.0000614206
3946,0.0004060555,0.0000000000
1950,0.0008060417,0.0000665217
4984,0.0010610067,0.0000000000
2235,0.0010497178,0.0015643521
2762,0.0004209634,0.0000000000
2765,0.0006964112,0.0000584809
3022,0.0005722667,0.0000000000
4148,0.0015468837,0.0000000000
2376,0.0005322104,0.0003832581
3232,0.0010516620,0.0001834273
4610,0.0005748783,0.0000000000
2848,0.0006081744,0.0000907572
2997,0.0007332775,0.0006068502
1023,0.0014346028,0.0055840057
1773,0.0008977311,0.0001360790
3508,0.0010533626,0.0000402908
1984,0.0009749621,0.0006128761
2704,0.0008543460,0.0000432186
2951,0.0009470764,0.0001140374
3235,0.0006835191,0.0000805500
830,0.0019428281,0.0000297350
991,0.0021171747,0.0004624656
2093,0.0020676881,0.0008734988
2559,0.0015320107,0.0026188252
4319,0.0013437254,0.0000000000
2065,0.0006510664,0.0001559632
4257,0.0010059975,0.0000000000
4609,0.0012078424,0.0000000000
4592,0.0010332675,0.0000000000
4019,0.0008092852,0.0000100251
2266,0.0013651089,0.0003252681
2665,0.0009139906,0.0034091745
3784,0.0005632859,0.0000000000
2073,0.0016572124,0.0001080315
4608,0.0008870758,0.0000000000
2616,0.0006809270,0.0003339811
1799,0.0020853934,0.0013790350
2961,0.0006011291,0.0000000000
2922,0.0013103780,0.0000290679
4566,0.0005103405,0.0000000000
4792,0.0010103248,0.0000000000
1042,0.0016989638,0.0014927529
1093,0.0012895538,0.0010109904
2635,0.0011260651,0.0000862087
3183,0.0010753926,0.0003694270
3705,0.0011054745,0.0000000000
4389,0.0011835929,0.0000000000
2744,0.0015459908,0.0001787678
3347,0.0008706501,0.0000000000
4455,0.0018057316,0.0000000000
1094,0.0018439819,0.0055494415
2464,0.0016780578,0.0000817627
3017,0.0017315547,0.0000342558
3248,0.0014010722,0.0010953022
3408,0.0011948886,0.0000000000
3638,0.0013076078,0.0000045401
4769,0.0011501471,0.0000000000
1814,0.0004351215,0.0017587919
1729,0.0006654387,0.0009258862
4747,0.0009948652,0.0000000000
2824,0.0002732888,0.0012029919
1795,0.0013940649,0.0023834084
2264,0.0009984359,0.0006975194
3059,0.0005226611,0.0000094590
4060,0.0006706382,0.0000000000
4832,0.0007064759,0.0000000000
4338,0.0013032916,0.0000152753
4408,0.0007471329,0.0004241937
4512,0.0007046969,0.0000569566
4631,0.0010453577,0.0000000000
3133,0.0008331708,0.0000919064
4681,0.0008057083,0.0000000000
1371,0.0014838002,0.0012521683
3229,0.0012508405,0.0000193147
3268,0.0012378046,0.0000000000
3689,0.0016815439,0.0000000000
3839,0.0009682859,0.0000280829
1097,0.0012477342,0.0009453213
4268,0.0006225346,0.0000684400
2692,0.0008593418,0.0001429757
2801,0.0004791894,0.0002004483
4235,0.0009037706,0.0000054386
4860,0.0008581624,0.0000000000
3629,0.0002603540,0.0000000000
1162,0.0014101144,0.0046090726
2984,0.0013871840,0.0005412683
3144,0.0009293303,0.0000000000
4445,0.0003275239,0.0000000000
2048,0.0008385196,0.0002757398
4666,0.0009608839,0.0000113389
2864,0.0005906458,0.0005041145
4454,0.0005381332,0.0000000000
1826,0.0006588898,0.0025988684
3341,0.0006257340,0.0000000000
4624,0.0002916080,0.0000000000
4727,0.0007229824,0.0000000000
4353,0.0004406627,0.0000000000
4522,0.0004295343,0.0000000000
4565,0.0007065676,0.0000000000
1817,0.0008731544,0.0008262801
2331,0.0006869252,0.0020343975
2358,0.0007930927,0.0007674242
3136,0.0006151429,0.0000000000
3187,0.0008824554,0.0002655119
3602,0.0011779724,0.0000257693
3917,0.0006628277,0.0000000000
4505,0.0006159423,0.0000000000
3194,0.0005532271,0.0000000000
3390,0.0011619320,0.0000384237
2330,0.0008843695,0.0026512776
3506,0.0011431896,0.0000150939
4115,0.0002496105,0.0001124916
4176,0.0004728449,0.0000000000
2436,0.0007659466,0.0000042252
1617,0.0010517948,0.0032206461
3141,0.0009111247,0.0000000000
4489,0.0006474491,0.0000000000
3102,0.0008452411,0.0000000000
3156,0.0016377673,0.0000000000
3165,0.0008358923,0.0012472802
2499,0.0012483843,0.0009033445
2689,0.0012013590,0.0001136887
1284,0.0008120803,0.0003900014
2233,0.0010077276,0.0001538123
2792,0.0007941256,0.0000000000
3354,0.0007297906,0.0002996402
3845,0.0005235423,0.0000000000
4503,0.0004056687,0.0000000000
2271,0.0008910329,0.0025497326
4158,0.0011421672,0.0003322514
4887,0.0006850993,0.0000000000
1846,0.0005554524,0.0013894933
4403,0.0008829132,0.0000000000
3140,0.0005503330,0.0000000000
3684,0.0012902318,0.0000000000
3901,0.0014765823,0.0000000000
4884,0.0007144709,0.0000000000
2877,0.0003339198,0.0006659653
3452,0.0003470091,0.0000000000
1348,0.0008231937,0.0025043852
2715,0.0007238941,0.0001474904
3069,0.0005053679,0.0000412241
4914,0.0004925674,0.0000000000
2655,0.0005168406,0.0002053017
3692,0.0007011518,0.0002451458
1842,0.0011609258,0.0020595057
3706,0.0008243677,0.0001484027
978,0.0012110097,0.0037714171
2600,0.0004260470,0.0006985186
4852,0.0009647478,0.0000000000
4017,0.0015522819,0.0000000000
4623,0.0005081979,0.0000381019
1797,0.0010949857,0.0007098023
1909,0.0016399349,0.0007555408
3074,0.0005978050,0.0023968639
2577,0.0004104161,0.0000000000
3358,0.0005523228,0.0000000000
3831,0.0004393738,0.0000000000
4000,0.0003306657,0.0000000000
2297,0.0011461861,0.0000346224
3532,0.0006808968,0.0003058955
3935,0.0009377172,0.0000000000
2563,0.0011377136,0.0008991420
3723,0.0008332151,0.0000000000
4739,0.0011838201,0.0001857912
1403,0.0011445113,0.0002707318
3076,0.0009522682,0.0006335216
4426,0.0006369428,0.0000000000
4481,0.0009591315,0.0000000000
2568,0.0010490514,0.0000889912
1217,0.0009406107,0.0015485657
2890,0.0007879009,0.0000754176
4399,0.0012225522,0.0000000000
4604,0.0006212083,0.0000477269
4311,0.0003340559,0.0000000000
4126,0.0003443092,0.0000000000
4570,0.0005271436,0.0000162179
2098,0.0007856361,0.0000000000
2671,0.0007038426,0.0000250887
3976,0.0004164743,0.0000000000
4333,0.0005685686,0.0003889897
4621,0.0003854939,0.0000000000
4841,0.0005136582,0.0000000000
4396,0.0014018967,0.0000000000
4494,0.0004967524,0.0000000000
1659,0.0005544270,0.0005300310
1690,0.0006912081,0.0009483022
3509,0.0009652750,0.0000000000
3741,0.0008239785,0.0000000000
4323,0.0008350617,0.0000000000
2569,0.0009092377,0.0001010400
4050,0.0010528766,0.0001825658
3886,0.0006293660,0.0001337258
4125,0.0014087068,0.0001047787
4685,0.0009885511,0.0000000000
2354,0.0007794765,0.0002160931
3456,0.0009524009,0.0011167670
2914,0.0002579237,0.0000000000
4581,0.0001924427,0.0000617250
2882,0.0005843968,0.0006531090
1932,0.0006909242,0.0008460522
2386,0.0005985350,0.0000000000
3583,0.0004304409,0.0009831586
3815,0.0002117598,0.0000000000
2325,0.0010531165,0.0002930586
4434,0.0019059298,0.0000000000
2273,0.0004900590,0.0002394098
4413,0.0003598512,0.0002785834
3289,0.0009917187,0.0000967993
4320,0.0005849485,0.0002867556
4407,0.0003462009,0.0000677703
4210,0.0001927725,0.0000000000
3690,0.0009979647,0.0000000000
4422,0.0007079755,0.0000849233
1806,0.0005551395,0.0028334692
1981,0.0003532194,0.0000381927
4312,0.0004741746,0.0000000000
4813,0.0007926561,0.0000000000
4756,0.0004662511,0.0000000000
3929,0.0005893552,0.0002328620
2547,0.0004781037,0.0001955747
4352,0.0004225807,0.0000000000
1152,0.0014150364,0.0011487728
1654,0.0019443165,0.0033621538
2053,0.0014787148,0.0001700537
2087,0.0016188848,0.0002558553
2398,0.0009609771,0.0002268784
2839,0.0009583328,0.0003428491
4766,0.0020504708,0.0000000000
1436,0.0012101350,0.0014563541
3039,0.0007205814,0.0000902301
3173,0.0005387891,0.0000352344
4614,0.0005850691,0.0000000000
2381,0.0006331671,0.0000000000
2510,0.0005242348,0.0033117083
2745,0.0003155387,0.0000519151
4251,0.0004132350,0.0000000000
3298,0.0007329276,0.0007836023
3555,0.0004640142,0.0000000000
4816,0.0008621948,0.0000000000
4651,0.0003438811,0.0000000000
3986,0.0004511126,0.0000000000
3576,0.0011693820,0.0003694270
3625,0.0001401439,0.0000276431
4221,0.0004959246,0.0000000000
1302,0.0007411499,0.0011837422
2750,0.0007314637,0.0006823933
2897,0.0007428516,0.0005549876
2867,0.0013387070,0.0005795799
3663,0.0009178851,0.0000000000
4248,0.0012663812,0.0002852890
4437,0.0010751601,0.0000000000
1721,0.0007580738,0.0000976872
4097,0.0007350216,0.0000000000
2624,0.0006934078,0.0016736215
3979,0.0004620726,0.0000000000
4342,0.0008233866,0.0000000000
4038,0.0007476084,0.0000000000
2795,0.0003566584,0.0010592319
4448,0.0005253963,0.0000000000
4909,0.0003020257,0.0000000000
2492,0.0007312955,0.0003586590
3793,0.0005054773,0.0000707590
4707,0.0007726475,0.0000000000
1169,0.0011248244,0.0055142182
1983,0.0011474617,0.0003712902
4838,0.0004482095,0.0000000000
2699,0.0010801093,0.0002567897
3585,0.0005923901,0.0012476420
2583,0.0005178091,0.0000000000
1902,0.0006355993,0.0000502634
3349,0.0008871887,0.0000000000
3381,0.0007072899,0.0001439402
3027,0.0016516265,0.0000000000
4227,0.0018294119,0.0001433312
1214,0.0006185177,0.0006247221
2580,0.0008890077,0.0027415893
3282,0.0007569995,0.0000669911
4601,0.0004452209,0.0001134251
1584,0.0007808624,0.0002901111
2336,0.0009002520,0.0005131691
3199,0.0007412385,0.0000000000
3435,0.0003944773,0.0000922398
3002,0.0004354442,0.0000000000
2771,0.0006384561,0.0010027123
4199,0.0004944150,0.0013802145
4971,0.0002005037,0.0000000000
3060,0.0009761000,0.0000000000
4112,0.0007586444,0.0000000000
1941,0.0010506095,0.0000000000
2060,0.0008567560,0.0014526777
3780,0.0007930088,0.0001926958
3938,0.0002855377,0.0007404544
1863,0.0008369069,0.0007549211
3442,0.0003974210,0.0000000000
3147,0.0007270433,0.0000718403
4120,0.0007707930,0.0000000000
3457,0.0005038147,0.0000000000
1890,0.0012865688,0.0000229822
3589,0.0006885984,0.0001154154
2631,0.0008396655,0.0014560503
4088,0.0007454505,0.0001257127
1934,0.0008866387,0.0006482044
4315,0.0006383306,0.0001011065
2485,0.0003486170,0.0002796730
3704,0.0004852795,0.0005525403
3340,0.0002261745,0.0000967530
3608,0.0002278243,0.0000000000
4953,0.0005012845,0.0000000000
4975,0.0002202244,0.0000000000
1847,0.0010250548,0.0003665742
2645,0.0009236284,0.0002173432
3519,0.0010346483,0.0000000000
3944,0.0002927232,0.0000000000
2357,0.0006905191,0.0010256349
3694,0.0007125705,0.0010210892
4299,0.0006757631,0.0001707312
4316,0.0012305977,0.0000000000
2939,0.0008922723,0.0000000000
3480,0.0006219158,0.0005227271
3592,0.0002671702,0.0000000000
3726,0.0006598521,0.0002534813
3962,0.0006121632,0.0000000000
3303,0.0006675813,0.0000679241
3646,0.0009540544,0.0001685356
3958,0.0012961954,0.0000000000
2481,0.0006385885,0.0002029520
3525,0.0002375749,0.0001715849
4675,0.0008021806,0.0000000000
4798,0.0005397723,0.0000000000
2887,0.0006922353,0.0007550194
2363,0.0005346551,0.0000000000
3447,0.0005515912,0.0008157029
3876,0.0005616494,0.0000000000
2805,0.0006825788,0.0001407135
1118,0.0014549910,0.0018132095
3168,0.0008041151,0.0000964357
2966,0.0005639193,0.0001718161
4873,0.0001754383,0.0000000000
4157,0.0003766898,0.0000000000
3333,0.0005213277,0.0006760875
3389,0.0006827379,0.0001682381
3992,0.0006797255,0.0000000000
4356,0.0015538527,0.0000282813
4762,0.0005592635,0.0000000000
4898,0.0001909839,0.0000000000
1331,0.0005365646,0.0009295853
3899,0.0008065229,0.0000000000
4615,0.0001823261,0.0000000000
4883,0.0006258678,0.0000000000
2880,0.0009539564,0.0019871324
4208,0.0006253546,0.0000000000
4812,0.0007904025,0.0000000000
2428,0.0012138552,0.0007675126
2432,0.0006950879,0.0002702231
2906,0.0009533425,0.0002874446
3337,0.0008745170,0.0000209153
2163,0.0003498588,0.0025893174
2201,0.0009543085,0.0001527066
3826,0.0000933589,0.0000858173
4903,0.0001295897,0.0000000000
2172,0.0005715616,0.0009268767
4530,0.0000671120,0.0000000000
4787,0.0003158750,0.0000000000
4238,0.0003131822,0.0000000000
3695,0.0005551171,0.0000000000
2029,0.0007884432,0.0030204954
3161,0.0002300009,0.0000000000
4562,0.0001235935,0.0000000000
1869,0.0004522013,0.0000000000
4347,0.0005546839,0.0000000000
3577,0.0003314652,0.0000000000
2960,0.0002875570,0.0021448176
4472,0.0002593348,0.0000000000
2999,0.0003590825,0.0002130713
3453,0.0004199207,0.0000885780
3176,0.0003500823,0.0000000000
4694,0.0001858443,0.0000166309
1816,0.0009044184,0.0001038256
4387,0.0002246861,0.0000000000
3892,0.0008369446,0.0000000000
4936,0.0004051022,0.0000000000
2165,0.0009601603,0.0013749215
4954,0.0009668656,0.0000000000
4934,0.0001786186,0.0000000000
3895,0.0003363346,0.0000769817
3996,0.0009334171,0.0000000000
4022,0.0003582926,0.0000000000
4350,0.0002392298,0.0000000000
2910,0.0008070161,0.0000000000
1618,0.0006639069,0.0000716841
3764,0.0008534225,0.0000107152
4999,0.0004410913,0.0000000000
3830,0.0007991251,0.0000000000
4523,0.0006335399,0.0000000000
1488,0.0008767624,0.0018858547
2457,0.0007313388,0.0001439402
3361,0.0005933649,0.0000000000
3771,0.0002030051,0.0000848947
3149,0.0010150151,0.0000000000
4010,0.0004690936,0.0000225614
4691,0.0005557227,0.0000300195
4932,0.0007744276,0.0000000000
1803,0.0006534751,0.0000362092
1769,0.0003716520,0.0008901586
4069,0.0008058125,0.0000875734
4746,0.0003877426,0.0008469525
3240,0.0003953274,0.0001236846
4034,0.0004039851,0.0003928067
4491,0.0001371721,0.0000000000
3379,0.0003515393,0.0000680427
4926,0.0005210740,0.0000000000
2486,0.0004236479,0.0022312077
3792,0.0008947290,0.0000000000
4435,0.0006714874,0.0000000000
3207,0.0007980483,0.0004397605
4687,0.0007891794,0.0000000000
4693,0.0007294981,0.0000000000
4507,0.0005885286,0.0000000000
4286,0.0005098146,0.0000000000
2186,0.0005038680,0.0008420487
2730,0.0005229863,0.0002180492
4969,0.0010506327,0.0000000000
4584,0.0001850405,0.0000000000
3947,0.0007076140,0.0000000000
4986,0.0001700790,0.0000000000
2380,0.0001837217,0.0001437601
3322,0.0007736269,0.0000000000
4900,0.0000759718,0.0000000000
2683,0.0004992581,0.0002557926
3296,0.0004194407,0.0000000000
4128,0.0008958557,0.0000109606
4188,0.0005156089,0.0000000000
3822,0.0005153704,0.0006451363
2528,0.0004486746,0.0020156747
4214,0.0007190824,0.0000238886
2950,0.0007794807,0.0001048266
3073,0.0004971810,0.0004443466
2903,0.0003345756,0.0000000000
3535,0.0003481574,0.0000000000
4081,0.0007276243,0.0000000000
2516,0.0003272172,0.0000456233
4296,0.0001888732,0.0004971484
4714,0.0002494907,0.0000170014
4573,0.0004227614,0.0011217609
3137,0.0006129872,0.0010607976
2667,0.0005557836,0.0007419357
4644,0.0002700309,0.0000000000
3956,0.0008767029,0.0000000000
4667,0.0004710109,0.0000000000
4876,0.0003896628,0.0000000000
4823,0.0001916093,0.0000000000
1917,0.0006140883,0.0003940079
4215,0.0005932326,0.0000000000
4735,0.0005049501,0.0000000000
4300,0.0004583154,0.0000000000
4441,0.0003212269,0.0000337029
3989,0.0003356054,0.0000000000
3884,0.0001029663,0.0000000000
4303,0.0002713981,0.0000000000
3816,0.0007822571,0.0000170274
2613,0.0001572228,0.0008536695
3756,0.0002627477,0.0000686735
4811,0.0002074189,0.0000000000
4664,0.0003149358,0.0000000000
2474,0.0007101114,0.0000000000
4471,0.0002386931,0.0000000000
4521,0.0004501971,0.0000000000
3612,0.0003671885,0.0000000000
4444,0.0007477816,0.0000000000
4173,0.0004245334,0.0000624898
4222,0.0007652761,0.0000000000
2838,0.0006266414,0.0000000000
4595,0.0006055727,0.0000000000
3617,0.0002950348,0.0000446405
2335,0.0001610123,0.0004650680
1323,0.0008114920,0.0014238677
1630,0.0006860185,0.0000620558
3184,0.0007211863,0.0000346426
2652,0.0003366571,0.0009870134
3504,0.0003709331,0.0001218265
2480,0.0002729959,0.0000000000
3077,0.0005751273,0.0000000000
4480,0.0004095229,0.0000000000
4943,0.0002999952,0.0000000000
2285,0.0006847270,0.0024127811
4464,0.0002802893,0.0000000000
3253,0.0005686461,0.0000248804
3378,0.0004814834,0.0016752903
4474,0.0004949960,0.0000000000
4037,0.0005546634,0.0002750273
3983,0.0008174462,0.0000000000
4076,0.0004256830,0.0000559488
3324,0.0006017698,0.0006055991
3950,0.0004523879,0.0020212788
2732,0.0007369534,0.0002006100
4002,0.0002864663,0.0000000000
4933,0.0007253125,0.0000000000
1770,0.0003834054,0.0006206531
2068,0.0003875723,0.0002671459
4496,0.0002593968,0.0000000000
4139,0.0004419066,0.0002659623
3065,0.0003389590,0.0000474633
4857,0.0005830269,0.0000270625
4541,0.0002263358,0.0000000000
2797,0.0004931038,0.0000585559
4331,0.0005542257,0.0000448097
4457,0.0004316194,0.0013374383
4542,0.0006136424,0.0000000000
2987,0.0007771010,0.0000000000
4671,0.0004970419,0.0000000000
4086,0.0002686653,0.0000000000
4325,0.0003602071,0.0000175675
4754,0.0007441890,0.0000000000
2002,0.0008038724,0.0037037119
3645,0.0005204202,0.0006558346
4380,0.0006923150,0.0000000000
4844,0.0004263818,0.0000590081
1910,0.0006207591,0.0000412241
3623,0.0002407883,0.0000074325
3913,0.0000946750,0.0000000000
3388,0.0005619986,0.0000000000
3835,0.0000975765,0.0000700707
4597,0.0000989932,0.0000625359
4365,0.0007453258,0.0000000000
3491,0.0003716303,0.0000000000
4692,0.0002900207,0.0000000000
2857,0.0008547827,0.0004630787
4114,0.0005248234,0.0000396750
2080,0.0007216811,0.0013447100
3951,0.0004024600,0.0000000000
4065,0.0007080974,0.0005633515
1838,0.0005732252,0.0010252814
2907,0.0002299984,0.0000275810
3058,0.0003827997,0.0004906951
4438,0.0003742876,0.0000000000
4778,0.0002746599,0.0000000000
2633,0.0003957933,0.0000000000
4058,0.0005615346,0.0003369840
2377,0.0007179964,0.0000000000
4113,0.0003954656,0.0008949506
4317,0.0004578507,0.0000000000
2790,0.0007823893,0.0000000000
4815,0.0001802576,0.0000000000
1954,0.0002352651,0.0008457670
3426,0.0006129938,0.0000000000
3544,0.0007554520,0.0000381951
3932,0.0007158187,0.0002171057
2881,0.0002766048,0.0002464022
2352,0.0005626968,0.0010708720
3387,0.0002639421,0.0000629648
4198,0.0002969405,0.0000000000
4882,0.0004829918,0.0000000000
3618,0.0000498890,0.0000814688
4077,0.0001515080,0.0000000000
2957,0.0005028061,0.0000456314
4889,0.0005015329,0.0000000000
2552,0.0002115187,0.0006130486
2471,0.0005085564,0.0000000000
3934,0.0003688468,0.0000101351
4500,0.0004860691,0.0000000000
4538,0.0003195925,0.0000000000
4458,0.0003332072,0.0000000000
4728,0.0002831616,0.0000000000
2863,0.0004338860,0.0000000000
3432,0.0006899703,0.0021667150
4740,0.0000816344,0.0000000000
4944,0.0001926661,0.0000000000
3804,0.0005824925,0.0001987567
3326,0.0006210158,0.0000000000
2710,0.0002766306,0.0002724836
2936,0.0002337010,0.0000231623
4972,0.0003493303,0.0000000000
3797,0.0002147724,0.0000000000
2856,0.0003575157,0.0001633199
3610,0.0003380207,0.0005287027
4340,0.0006392423,0.0001130059
4638,0.0001991176,0.0005127455
4830,0.0001243697,0.0000000000
4776,0.0003472909,0.0001599766
2962,0.0001537430,0.0000321499
3323,0.0003819710,0.0000354237
4751,0.0002038811,0.0000000000
2955,0.0003479447,0.0000901726
4721,0.0001716498,0.0000000000
4192,0.0006023181,0.0000000000
4463,0.0004154195,0.0000000000
3543,0.0003509910,0.0000000000
4663,0.0002325776,0.0000000000
3777,0.0001082802,0.0005525403
3569,0.0002707650,0.0000000000
2209,0.0001831730,0.0002776746
3084,0.0003089893,0.0000000000
4477,0.0002454028,0.0008469525
4099,0.0002705850,0.0006007637
4200,0.0001970789,0.0000770533
2970,0.0007914376,0.0000000000
4524,0.0001841851,0.0000000000
3085,0.0008117553,0.0000721171
4688,0.0003204786,0.0001175771
4607,0.0004633503,0.0000000000
3374,0.0003426370,0.0002968809
4731,0.0002782536,0.0000000000
1594,0.0004015755,0.0000490780
3964,0.0001620497,0.0000000000
4757,0.0001340583,0.0000000000
4393,0.0005087536,0.0000155884
4589,0.0001792357,0.0000000000
3552,0.0004853816,0.0000000000
4770,0.0001614317,0.0000000000
2439,0.0003556812,0.0000235110
4178,0.0003431620,0.0005806984
3677,0.0003760720,0.0000000000
3050,0.0003467986,0.0015720609
3778,0.0001283945,0.0000767237
3758,0.0005716296,0.0000270328
4449,0.0001822360,0.0000000000
4196,0.0001389160,0.0000000000
2677,0.0002887159,0.0031872028
3593,0.0002334436,0.0000000000
4600,0.0000963228,0.0000000000
4209,0.0003123060,0.0000000000
3981,0.0001012692,0.0012196180
4089,0.0000972232,0.0000000000
2685,0.0002818058,0.0001757852
4461,0.0003142725,0.0000000000
4466,0.0000542554,0.0000000000
3095,0.0002987376,0.0000670967
4629,0.0003317017,0.0000000000
3626,0.0002096008,0.0000000000
4921,0.0002241224,0.0000000000
3469,0.0001346507,0.0000000000
4079,0.0002816399,0.0000000000
4561,0.0001165408,0.0000000000
4842,0.0001336420,0.0000000000
3945,0.0001649595,0.0001136623
4795,0.0001620538,0.0000000000
4266,0.0002405920,0.0000000000
4807,0.0001838221,0.0000000000
4618,0.0000977890,0.0000000000
4840,0.0000876595,0.0000000000
4855,0.0001181056,0.0000000000
3448,0.0000576060,0.0000000000
4680,0.0001814090,0.0000000000
