Node,Hub
12592,0.0000000000
49621,0.0000000000
1,0.0000000000
2,0.0000524359
3,0.0000524359
4,0.0000524359
5,0.0000524359
6,0.0000524359
7,0.0000524359
8,0.0003237907
9,0.0003729050
10,0.0000524359
11,0.0003690524
12,0.0000524359
2154,0.0042067116
2182,0.0002989271
3619,0.0292108061
3993,0.0110011410
11825,0.0085440358
71,0.0002092847
543,0.0005023746
2160,0.0025237294
2734,0.0013890381
3574,0.0000686343
3703,0.0025969439
5463,0.0050521877
5877,0.0019636081
5953,0.0055385554
9150,0.0040771697
9274,0.0011167337
9746,0.0010907263
9980,0.0045414129
11295,0.0051765635
11318,0.0000642945
11429,0.0002816193
11873,0.0055856436
439,0.0467689835
750,0.0089881744
1904,0.0056873378
2190,0.0301698357
2194,0.0024270430
2345,0.0075766052
2969,0.0024180469
2975,0.0071823730
3283,0.0267968818
3439,0.0049840471
3442,0.0063091355
3669,0.0081380093
3991,0.0048900974
3992,0.0014264776
3995,0.0050246523
3998,0.0011101059
3999,0.0079417854
4031,0.0079811005
4814,0.0036650374
4815,0.0014568017
5428,0.0108407602
5509,0.0075640008
6776,0.0054354272
7716,0.0068031996
8462,0.0124073290
11016,0.0071093568
11093,0.0119245464
11764,0.0063178816
11867,0.0071049202
5980,0.0021832624
8188,0.0080323160
10432,0.0027439553
1937,0.0026860573
2401,0.0013641305
3052,0.0016570261
3338,0.0149995984
5611,0.0061545552
11133,0.0017196063
200,0.0032295689
443,0.0054056586
448,0.0031488339
548,0.0005142567
752,0.0055038318
767,0.0265290962
769,0.0064501257
1941,0.0012659219
2156,0.0026458591
2335,0.0046617012
2349,0.0119693867
3057,0.0060748957
3447,0.0010830355
3448,0.0083359208
3589,0.0119747839
5312,0.0071654527
5510,0.0034144661
5676,0.0051422036
5795,0.0067098767
5991,0.0098929550
7205,0.0052203018
7805,0.0072188501
7817,0.0074652617
7898,0.0039955043
7901,0.0051938938
7964,0.0287516607
8089,0.0063646800
11406,0.0026035398
12267,0.0108220458
249,0.0219680078
355,0.0014447131
437,0.0003615069
452,0.0250234617
454,0.0247844642
760,0.0078697327
3280,0.0064845074
4545,0.0249478585
5079,0.0003438261
6654,0.0003541438
6864,0.0261307580
357,0.0004289369
397,0.0234303391
725,0.0047791409
751,0.0254111537
757,0.0091000518
1152,0.0276462593
1155,0.0045678643
1158,0.0250874228
1312,0.0347062676
2103,0.0267432523
3192,0.0014088412
3286,0.0269451261
4146,0.0260825052
4463,0.0040821670
5490,0.0247771020
9657,0.0040779671
9893,0.0003166165
2350,0.0084743485
5763,0.0001284683
11414,0.0006405788
13,0.0000000000
14,0.0000401650
15,0.0000401650
16,0.0000401650
17,0.0000401650
18,0.0000401650
19,0.0000401650
20,0.0000401650
21,0.0000401650
22,0.0000401650
23,0.0000401650
2247,0.0056619199
5847,0.0006190384
7109,0.0009459989
8480,0.0011140456
10102,0.0207852284
132,0.0219522906
207,0.0176590003
444,0.0082642663
450,0.0045793753
485,0.0014106908
594,0.0020159778
883,0.0002639981
884,0.0062777007
1092,0.0082931736
1096,0.0089228130
1317,0.0191892488
1648,0.0057369951
2138,0.0003988507
2140,0.0015974896
2254,0.0006695427
2645,0.0040936901
2867,0.0025177613
3000,0.0005708604
4051,0.0072009359
4201,0.0019138351
4221,0.0007294633
5039,0.0054271886
5443,0.0023770185
5600,0.0006323899
6226,0.0111292338
6558,0.0004595485
7368,0.0003521912
8232,0.0292755748
8854,0.0016216026
9164,0.0029940392
9570,0.0003250012
9733,0.0005969106
9786,0.0001819837
10340,0.0017629117
10349,0.0034777683
10949,0.0023222256
11579,0.0003879487
87,0.0272661847
125,0.0297826566
654,0.0245995506
1046,0.0015673589
1047,0.0001390280
1048,0.0001390280
1049,0.0001390280
1050,0.0001390280
1051,0.0003076781
1052,0.0001390280
1053,0.0041084829
1054,0.0213630882
1055,0.0001390280
1056,0.0001390280
1057,0.0001390280
1058,0.0001390280
1059,0.0001390280
1060,0.0041481981
1061,0.0001390280
2763,0.0003131933
5497,0.0013912461
8864,0.0002729981
2029,0.0144500058
5498,0.0058251403
10995,0.0044142248
3010,0.0184182938
3557,0.0059514154
3699,0.0420477879
6337,0.0551452431
7095,0.0050966157
8385,0.0051871054
8467,0.0161827863
8500,0.0231890273
8905,0.0129021565
10465,0.0066804761
2762,0.0023740265
9539,0.0004328819
11753,0.0068155271
5593,0.0042112067
5034,0.0038661101
10051,0.0012697927
10053,0.0073325206
11536,0.0007782799
24,0.0000000000
25,0.0001025552
26,0.0001025552
27,0.0001025552
28,0.0001025552
29,0.0001025552
30,0.0001025552
31,0.0001025552
32,0.0001025552
33,0.0001025552
34,0.0001025552
35,0.0020214838
36,0.0001025552
37,0.0001025552
38,0.0001025552
39,0.0001025552
40,0.0001025552
41,0.0003835213
42,0.0001025552
43,0.0025537409
44,0.0001025552
45,0.0003835213
46,0.0001025552
47,0.0001025552
48,0.0003835213
49,0.0006348124
50,0.0001025552
51,0.0025537409
52,0.0001025552
53,0.0001025552
54,0.0001025552
55,0.0001025552
56,0.0018900416
57,0.0015584931
58,0.0046468686
59,0.0001025552
60,0.0002837829
61,0.0008907216
62,0.0124807586
63,0.0243886240
64,0.0002946364
65,0.0205750038
66,0.0006394306
6076,0.0279487165
203,0.0774119448
208,0.0211098805
423,0.0160628747
513,0.0069901481
515,0.0284458030
944,0.0169832190
1302,0.0363948041
1975,0.0152073645
2412,0.0279260263
3316,0.0052479717
3643,0.0046936604
5150,0.0320597999
6471,0.0179170102
6483,0.0084251610
6545,0.0215666152
6602,0.0027946854
6604,0.0169064666
6720,0.0562912881
6818,0.0348463979
6829,0.0047538166
7166,0.0129988694
7231,0.0376106508
8174,0.0152652908
8451,0.0189696235
10087,0.0139917720
10129,0.0217561844
11140,0.0106251681
11288,0.0357924985
11581,0.0425468906
11714,0.0081043231
3082,0.0295116321
848,0.0085349112
1477,0.0852718124
1820,0.0101328864
10160,0.0035772131
1297,0.0176784572
2228,0.0090625270
4270,0.0222981917
7555,0.0172056291
7632,0.0073725939
9345,0.0089900724
107,0.0390795493
119,0.0320179109
156,0.0297521233
157,0.0084539282
170,0.0288541481
171,0.0239584141
172,0.0348698390
182,0.0122265153
183,0.0310254227
184,0.0290177951
190,0.0096753000
191,0.0089093428
304,0.0450770336
422,0.0426970402
892,0.0165013492
894,0.0143001320
929,0.0130797378
933,0.0348541273
948,0.0494441530
952,0.0489572142
1190,0.0220518862
1192,0.0347476624
1194,0.0460319858
1307,0.0259616577
1554,0.0083127523
1564,0.0402250477
1698,0.0489490117
1912,0.0305540942
1917,0.0042306316
1920,0.0092890421
1924,0.0337958151
1925,0.0084045195
1926,0.0221421284
1981,0.0324549718
1985,0.0475570791
1986,0.0111049786
3083,0.0111200706
3495,0.0432155894
4406,0.0120895401
4579,0.0160186843
4610,0.0350555044
5105,0.0070205073
5183,0.0037376684
5369,0.0129218538
5629,0.0216881557
5776,0.0054317229
5777,0.0258182886
5778,0.0293536382
5779,0.0302046397
6420,0.0243195107
6460,0.0077389615
6549,0.0068563833
7189,0.0096602463
7191,0.0368801331
7373,0.0194016072
7390,0.0032505757
7443,0.0222996341
7786,0.0428040918
7791,0.0040555149
7821,0.0274103154
7861,0.0339144714
7895,0.0019189286
7965,0.0390705286
8068,0.0317092346
9225,0.0317729631
10337,0.0113138568
10348,0.0097695083
11191,0.0097059095
11321,0.0374170768
11736,0.0303962185
11831,0.0385620385
12027,0.0101408228
1020,0.0061838425
1977,0.0209996895
1984,0.0209650834
3319,0.0095670038
4094,0.0037395162
8707,0.0281976462
9407,0.0001920812
5568,0.0005978802
6131,0.0013345551
1689,0.0032169378
3038,0.0032094883
3456,0.0162662599
7620,0.0185038498
11350,0.0153104679
2307,0.0066555771
5257,0.0136762154
74,0.0235411047
174,0.0288272891
294,0.0215726969
1301,0.0296912841
1451,0.0110193581
1553,0.0089661456
1927,0.0052653882
2275,0.0097699760
3496,0.0153513970
3892,0.0065164152
4200,0.0026951745
5404,0.0113629487
7618,0.0056229812
9218,0.0045073968
9412,0.0049657506
11673,0.0068213008
177,0.0227909141
305,0.0458990647
306,0.0154284324
1864,0.0052081640
10921,0.0297607415
85,0.0074250693
95,0.0263055120
127,0.0011724836
141,0.0036442116
144,0.0352053220
146,0.0332218702
453,0.0180754006
465,0.0050820333
482,0.0035369060
484,0.0436916006
486,0.0124804808
876,0.0034205091
882,0.0077109166
896,0.0547019133
1045,0.0289927755
1062,0.0049776227
1066,0.0154409258
1097,0.0089266850
1133,0.0059676801
1390,0.0099911768
1501,0.0021129856
1531,0.0089364433
1973,0.0073723155
2806,0.0037773118
2807,0.0117981050
2811,0.0214937170
2895,0.0096477400
3073,0.0419460605
3078,0.0126140087
3306,0.0035919630
3333,0.0123329859
3498,0.0047258186
3518,0.0116135714
3691,0.0214262124
4072,0.0097760311
4848,0.0371366731
5335,0.0075340219
5684,0.0110568743
6025,0.0063060456
6164,0.0088505355
6371,0.0296685126
6386,0.0183053504
7025,0.0062509811
7059,0.0058094230
7207,0.0122344132
8076,0.0112056754
8679,0.0156537455
9414,0.0009045109
9415,0.0009045109
9416,0.0009045109
10075,0.0029326625
10076,0.0129663911
10177,0.0078914898
10216,0.0050473665
10292,0.0069233284
10300,0.0094538831
10403,0.0080205819
10455,0.0017434741
10978,0.0065810237
12547,0.0017848007
96,0.0248553002
98,0.0248553002
108,0.0331272472
129,0.0320412209
131,0.0040815929
169,0.0327881997
176,0.0047636946
185,0.0364510293
247,0.0047854425
430,0.0203403526
500,0.0328292225
507,0.0244125441
511,0.0128819571
512,0.0121011407
526,0.0074680791
595,0.0560178464
700,0.0653187126
820,0.0574863636
859,0.0254136018
860,0.0045526105
867,0.0246107618
871,0.0487384355
951,0.0224933661
1017,0.0401587423
1031,0.0278422618
1037,0.0397097545
1038,0.0368921042
1187,0.0148040143
1191,0.0189175243
1213,0.0130295511
1225,0.0206530803
1228,0.0397557234
1352,0.0076274422
1392,0.0196834231
1393,0.0605861241
1394,0.0498983925
1395,0.0278812775
1396,0.0488705689
1397,0.0405027801
1398,0.0275175110
1399,0.0104483129
1400,0.0049525786
1401,0.0087903248
1402,0.0472645305
1403,0.0048531902
1404,0.0200303316
1405,0.0567213678
1406,0.0395317647
1407,0.0054347685
1409,0.0048531902
1410,0.0423486297
1412,0.0133130610
1413,0.0050149555
1414,0.0280690762
1415,0.0100926082
1416,0.0082599259
1417,0.0048531902
1419,0.0048531902
1420,0.0048531902
1422,0.0277999415
1423,0.0051408699
1424,0.0048531902
1425,0.0200303316
1427,0.0301058301
1428,0.0065858559
1429,0.0331124231
1430,0.0050050210
1431,0.0088684140
1432,0.0265198184
1433,0.0048531902
1435,0.0128829462
1436,0.0486107230
1437,0.0123403696
1438,0.0074980710
1440,0.0485747965
1493,0.0040551660
1613,0.0144117695
1747,0.0038819204
1761,0.0136195292
1826,0.0048403725
2092,0.0039369593
2135,0.0210719202
2301,0.0038244952
2365,0.0265325986
2505,0.0397549055
3422,0.0120088105
3606,0.0242657034
3620,0.0198945001
3740,0.0318497395
3967,0.0066489283
4029,0.0165903892
4045,0.0044182842
4399,0.0276478709
4688,0.0093406255
4998,0.0408359702
5260,0.0132371448
5333,0.0051532705
5339,0.0094532194
5469,0.0157283144
5622,0.0142904530
5816,0.0044103632
5843,0.0479652228
5913,0.0038195977
6059,0.0353254296
6299,0.0366117476
6382,0.0045525034
6385,0.0395272013
6429,0.0433033373
6492,0.0135806240
6569,0.0490227634
6675,0.0038172799
6691,0.0243797774
6735,0.0038492941
6743,0.0091926045
6824,0.0213123455
6843,0.0039595302
7065,0.0038172764
7124,0.0190237398
7164,0.0154451044
7197,0.0164198695
7203,0.0047148187
7245,0.0157919792
7269,0.0147613190
7277,0.0039562994
7320,0.0296561032
7340,0.0040378612
7442,0.0095745557
7784,0.0040445163
8006,0.0376954459
8170,0.0074510176
8387,0.0103620217
8722,0.0049213380
8723,0.0318234593
9316,0.0070341118
9317,0.0079211837
10492,0.0470356852
10873,0.0113007996
10894,0.0242860688
11776,0.0408832745
12245,0.0062853482
12503,0.0038136202
12504,0.0038136202
12505,0.0038136202
12506,0.0038136202
12507,0.0038136202
12508,0.0038136202
12509,0.0038136202
12510,0.0038136202
245,0.0248638634
630,0.0646862806
1195,0.0064543559
1389,0.0364088589
3497,0.0219220446
4047,0.0120190053
5360,0.0192233282
6090,0.0125931858
6416,0.0549353917
6243,0.0020713001
8162,0.0220764052
7850,0.0029949369
9739,0.0066406733
275,0.0010287857
1868,0.0038905401
9429,0.0231614473
173,0.0004497271
175,0.0004497271
178,0.0238916349
179,0.0004497271
180,0.0004497271
181,0.0209221757
186,0.0251679232
187,0.0004497271
1776,0.0089620062
5801,0.0346138545
7889,0.0269880545
312,0.0016491396
313,0.0272669091
858,0.0250288151
862,0.0020307086
3616,0.0290184701
3969,0.0032512191
6228,0.0344033825
6343,0.0202003328
6462,0.0015433338
6504,0.0028125007
6555,0.0211925866
6606,0.0040886030
6752,0.0209527976
7119,0.0188419605
7158,0.0282469689
7221,0.0012098880
7470,0.0461497141
7557,0.0230776372
8002,0.0207372745
8048,0.0242014033
9769,0.0089032313
11521,0.0289616978
1818,0.0206778970
4478,0.0627447694
7456,0.0034717568
7538,0.0312458994
307,0.0001352706
314,0.0058625955
11716,0.0144782287
274,0.0270731736
308,0.0415274207
606,0.0254882666
624,0.0237564508
636,0.0051777637
2030,0.0038174580
2600,0.0030758861
3901,0.0168688678
3962,0.0107129447
4198,0.0213009642
4280,0.0021891297
4457,0.0057639484
6287,0.0270003544
6476,0.0108038146
6791,0.0248977168
6873,0.0291035182
7267,0.0133523244
7688,0.0245671345
8185,0.0455134541
11375,0.0417252957
7237,0.0038022048
1922,0.0007636643
4872,0.0167456080
4929,0.0420432247
7381,0.0387409635
7382,0.0399959448
138,0.0304102921
145,0.0308615690
345,0.0043096482
611,0.0300349971
1093,0.0108451524
1171,0.0294156620
1177,0.0139522021
1575,0.0591840345
2090,0.0066622798
2803,0.0035960467
3218,0.0129098984
3302,0.0055731702
3348,0.0006103023
3359,0.0007651005
3520,0.0088410468
4411,0.0101742882
4495,0.0046509049
5023,0.0005843010
5859,0.0111715885
6933,0.0230618342
9417,0.0005514270
712,0.0366860571
3079,0.0383751890
4807,0.0402893620
4873,0.0396214659
6319,0.0457632528
6553,0.0160697016
6554,0.0188975554
6633,0.0023119991
7678,0.0011580433
10070,0.0450781878
123,0.0006560763
142,0.0051027600
162,0.0006560763
358,0.0064443177
609,0.0201484746
623,0.0081379149
664,0.0043438922
781,0.0027297196
785,0.0022068296
2200,0.0060397749
2464,0.0103297297
2798,0.0025784195
2894,0.0052100541
3072,0.0141915658
3343,0.0093423660
4043,0.0010971952
4044,0.0025837391
4730,0.0109975995
5243,0.0070950965
5398,0.0047922078
5663,0.0079304218
6969,0.0231770094
7103,0.0027671939
7172,0.0013778998
7175,0.0012871484
7316,0.0190684375
8271,0.0318291362
9051,0.0034022437
10014,0.0053173878
67,0.0026184204
73,0.0037031221
75,0.0031295104
76,0.0037025319
143,0.0028863931
150,0.0026184204
151,0.0027355373
152,0.0050440105
154,0.0086020508
159,0.0097361381
192,0.0068999680
263,0.0038600535
296,0.0026862693
373,0.0051030555
375,0.0045945979
376,0.0372747026
404,0.0070618919
469,0.0057178282
473,0.0067853542
659,0.0033849055
675,0.0029946005
676,0.0034653890
774,0.0034206332
841,0.0049216126
852,0.0070553297
853,0.0051324128
856,0.0064436851
893,0.0463206976
897,0.0263648410
900,0.0056405188
901,0.0060083944
902,0.0270742129
905,0.0094121373
1090,0.0042151095
1099,0.0076694783
1130,0.0048882561
1163,0.0030168634
1349,0.0036431704
1357,0.0038172357
1383,0.0495863720
1453,0.0045471124
1456,0.0038179248
1476,0.0034460822
1478,0.0044947052
1487,0.0050499176
1543,0.0040224164
1547,0.0050617926
1551,0.0052276053
1558,0.0312429302
1580,0.0031512137
1585,0.0038408164
1588,0.0037739404
1671,0.0122568055
1765,0.0234408917
1766,0.0076958020
1770,0.0107954519
1771,0.0303921225
1773,0.0302425456
1775,0.0042463972
1813,0.0099629349
1819,0.0096984199
1854,0.0061952281
1855,0.0123692270
1878,0.0077772449
1931,0.0058468881
1953,0.0303645216
1987,0.0043615016
1990,0.0066645872
2047,0.0070145156
2048,0.0048191558
2077,0.0098772569
2114,0.0101587425
2209,0.0054390883
2210,0.0042660879
2235,0.0033361549
2243,0.0034887226
2285,0.0039690021
2462,0.0150794930
2581,0.0117774954
2584,0.0038369816
2595,0.0055553371
2602,0.0133077138
2690,0.0400781622
2699,0.0055769402
2737,0.0036530937
2744,0.0041525498
2774,0.0078394636
2899,0.0083508664
2918,0.0039239138
2919,0.0062224759
2978,0.0098420598
3036,0.0044350385
3037,0.0034353875
3161,0.0047948747
3165,0.0049161454
3172,0.0071503780
3296,0.0051850087
3394,0.0029265460
3395,0.0057327745
3532,0.0128260552
3543,0.0080118865
3761,0.0053781845
3795,0.0150114135
3796,0.0114198573
3797,0.0089511742
3864,0.0041441072
4057,0.0056351019
4065,0.0052941839
4082,0.0074910962
4084,0.0065878442
4103,0.0111929146
4380,0.0557102098
4497,0.0042011267
4520,0.0094138882
4562,0.0060148183
4564,0.0036595342
4570,0.0061421452
4609,0.0074147398
4626,0.0464553911
4662,0.0046030826
4765,0.0063155628
4909,0.0035083367
5108,0.0124694976
5193,0.0100092702
5219,0.0078943806
5287,0.0042831589
5356,0.0109051694
5389,0.0071020423
5399,0.0317156332
5515,0.0154707459
5586,0.0077883578
5631,0.0031727879
5736,0.0039317241
5742,0.0075503209
5743,0.0067297147
5788,0.0114199239
5823,0.0037606585
5983,0.0036015722
5988,0.0085433071
6149,0.0072531034
6251,0.0078983459
6993,0.0115482589
7414,0.0094162203
7427,0.0061484799
7533,0.0304046037
7736,0.0068123550
8239,0.0113543569
8317,0.0047758775
8816,0.0073728944
9236,0.0073112282
9241,0.0276740540
9324,0.0057461465
9385,0.0039525258
9391,0.0029575456
9410,0.0113369762
9488,0.0080505733
9520,0.0062144982
9646,0.0033741634
9647,0.0055063308
9662,0.0460957997
9671,0.0039302316
9677,0.0037282299
9714,0.0058661400
9838,0.0076121767
9845,0.0085583339
9864,0.0112724935
9915,0.0052587816
10295,0.0060807401
10363,0.0056268386
11007,0.0085943920
11238,0.0068907962
11357,0.0075065777
11424,0.0043036909
11575,0.0446279877
11651,0.0076402630
6071,0.0102491942
519,0.0464751167
1308,0.0005766118
1916,0.0010229669
7918,0.0002501373
7919,0.0002501373
7920,0.0002501373
213,0.0058196941
228,0.0067581086
271,0.0254365933
272,0.0056647506
342,0.0254644184
414,0.0435960272
505,0.0259180581
506,0.0262856557
575,0.0065084436
927,0.0303589213
963,0.0254365933
964,0.0386458831
1305,0.0306846594
1488,0.0263520174
1567,0.0289469649
1594,0.0095031983
1604,0.0452194010
1622,0.0090399417
1626,0.0051622147
1821,0.0298360938
1858,0.0264591148
1871,0.0309823556
2700,0.0463225843
2887,0.0255208384
2889,0.0276038832
3032,0.0093583619
3081,0.0480373732
3568,0.0098190978
3649,0.0094946403
3700,0.0290912019
4236,0.0315904836
4424,0.0053764696
4479,0.0314161373
4607,0.0254365933
4666,0.0265248998
4819,0.0078739656
4964,0.0053070243
5059,0.0064886069
5104,0.0260091608
5195,0.0269198354
5225,0.0084438456
5228,0.0076825458
5362,0.0256522908
5401,0.0254365933
5464,0.0254365933
5592,0.0273415716
5594,0.0171788224
5690,0.0075986759
5722,0.0259178783
6036,0.0050202042
6070,0.0291516109
6073,0.0297837245
6179,0.0069914311
6314,0.0049742329
6323,0.0132597088
6328,0.0350925885
6336,0.0096023003
6348,0.0273118855
6413,0.0278894660
6414,0.0297395409
6419,0.0258580482
6421,0.0382303675
6459,0.0321377721
6469,0.0254872579
6484,0.0279139377
6632,0.0063268333
6659,0.0262975256
6680,0.0104124649
6681,0.0454332572
6684,0.0503112452
6688,0.0264470176
6698,0.0257782596
6699,0.0254365933
6700,0.0259601186
6701,0.0442504410
6703,0.0221340267
6788,0.0260807243
6790,0.0273545646
6872,0.0124256118
6880,0.0271519444
6909,0.0116969578
6913,0.0079639452
6927,0.0076458300
7036,0.0076565603
7133,0.0254365933
7135,0.0291986263
7227,0.0331353815
7283,0.0056486811
7469,0.0309076609
7482,0.0266993200
7530,0.0329768035
7534,0.0278825009
7656,0.0270157128
7670,0.0324378583
7712,0.0272620097
7715,0.0345640988
7877,0.0288373920
7914,0.0302906183
7934,0.0096496562
8049,0.0443687094
8075,0.0233226905
8124,0.0281481108
8140,0.0359428602
8155,0.0228818427
8157,0.0409037781
8209,0.0297370074
8301,0.0052959385
8304,0.0366644590
8423,0.0112537950
8579,0.0082830541
8750,0.0132951702
9033,0.0073150205
9172,0.0254610029
9179,0.0060619981
9881,0.0263520872
9920,0.0257227125
10074,0.0168076398
10333,0.0257510313
10437,0.0093241989
10471,0.0254365933
10700,0.0895242809
10919,0.0254625089
10990,0.0088944847
11000,0.0256721880
11233,0.0286795460
11382,0.0259931633
11383,0.0255301554
11384,0.0262009974
11386,0.0254365933
11387,0.0254365933
11389,0.0254365933
11392,0.0264843298
11393,0.0254365933
11394,0.0254365933
11395,0.0314224897
11439,0.0280262741
11474,0.0059142519
11675,0.0208158293
11682,0.0215109334
12549,0.0173706799
88,0.0206417182
91,0.0210416800
92,0.0221594565
93,0.0226284185
94,0.0221594565
99,0.0218124684
100,0.0226284185
102,0.0221594565
103,0.0221594565
104,0.0215106419
105,0.0230081307
106,0.0221018063
111,0.0213435065
115,0.0311424938
116,0.0241628216
118,0.0277491829
121,0.0217903685
122,0.0210416800
155,0.0301282880
167,0.0211205442
216,0.0362077324
257,0.0205803747
261,0.0433587927
264,0.0218906762
320,0.0216340151
346,0.0210676354
349,0.0205847690
364,0.0205847690
370,0.0206458648
374,0.0249461164
395,0.0233543422
398,0.0233185674
413,0.0239587960
433,0.0493233726
442,0.0293571831
445,0.0258194810
461,0.0244380853
488,0.0215985369
494,0.0254777862
503,0.0227013228
516,0.0253142016
520,0.0208185171
585,0.0358246167
603,0.0227325619
621,0.0204724486
638,0.0246717017
696,0.0490700108
702,0.0422711816
703,0.0482574820
718,0.0205277961
724,0.0403339534
726,0.0215632893
729,0.0208199106
732,0.0232052286
744,0.0206414403
745,0.0235495087
753,0.0227133115
756,0.0321779322
790,0.0221871640
822,0.0477409019
839,0.0261444018
870,0.0205950153
881,0.0510503801
931,0.0224448342
945,0.0220692467
950,0.0441708945
983,0.0206051636
986,0.0206051636
1014,0.0206421528
1029,0.0207189929
1030,0.0213069355
1042,0.0205535162
1091,0.0239737176
1094,0.0237207944
1151,0.0243066478
1172,0.0371069017
1176,0.0492117667
1193,0.0371264542
1197,0.0403574457
1200,0.0243124634
1202,0.0277473789
1211,0.0242651768
1219,0.0271588998
1223,0.0445171349
1229,0.0371842138
1248,0.0345089542
1260,0.0481953617
1311,0.0269456742
1330,0.0323731744
1334,0.0440540456
1344,0.0466104089
1345,0.0435114690
1346,0.0360242896
1347,0.0307626586
1350,0.0205297115
1418,0.0506137623
1421,0.0291297976
1426,0.0441763393
1434,0.0368197596
1459,0.0472929939
1460,0.0494523764
1462,0.0456769079
1568,0.0231960935
1658,0.0242017254
1660,0.0205830116
1662,0.0528562465
1666,0.0336202473
1685,0.0369512189
1702,0.0465028105
1753,0.0217038272
1764,0.0433348005
1774,0.0251359840
1808,0.0212256579
1810,0.0206492864
1857,0.0311911890
1876,0.0224264634
1884,0.0205909831
1890,0.0481407979
1897,0.0357550700
1918,0.0359063613
1919,0.0409348216
1993,0.0340409545
1994,0.0326469522
2042,0.0325863246
2043,0.0323933677
2045,0.0323373566
2046,0.0383594277
2076,0.0227332993
2097,0.0292077913
2110,0.0263944982
2124,0.0249986156
2159,0.0228227126
2165,0.0241803025
2202,0.0246474361
2277,0.0260537647
2287,0.0205237987
2289,0.0274966633
2331,0.0279865103
2352,0.0237638046
2380,0.0244777705
2385,0.0243159918
2450,0.0207677447
2451,0.0373463363
2490,0.0225671433
2502,0.0365454473
2519,0.0268577598
2542,0.0207500172
2545,0.0236268764
2546,0.0208282685
2550,0.0212308689
2577,0.0594016704
2585,0.0300461416
2593,0.0252963743
2609,0.0245266251
2611,0.0242803597
2615,0.0217687181
2628,0.0218654635
2654,0.0512267622
2697,0.0381178906
2747,0.0573651445
2748,0.0538943722
2749,0.0526941539
2750,0.0442617473
2751,0.0481338081
2754,0.0470094783
2755,0.0444276052
2756,0.0648044696
2757,0.0519104423
2758,0.0470274884
2759,0.0444276052
2764,0.0219155845
2786,0.0399936759
2873,0.0291142302
2879,0.0288036743
2892,0.0319011384
2913,0.0207032183
3028,0.0257793144
3029,0.0380111677
3043,0.0329829953
3044,0.0357155147
3047,0.0204983121
3111,0.0212093242
3133,0.0264364591
3195,0.0263926620
3220,0.0470786178
3221,0.0226533182
3269,0.0246518146
3270,0.0217086427
3322,0.0205116246
3385,0.0327013647
3410,0.0205015880
3457,0.0413832932
3482,0.0323263378
3531,0.0282672123
3542,0.0248706148
3567,0.0384747076
3624,0.0473818150
3626,0.0452679289
3628,0.0301303468
3634,0.0295622904
3644,0.0388284692
3646,0.0469542927
3647,0.0460389857
3650,0.0358734452
3665,0.0253739467
3698,0.0229385462
3728,0.0221551246
3729,0.0206672009
3741,0.0280361193
3783,0.0253549730
3810,0.0483965736
3839,0.0340072175
3965,0.0218387405
4016,0.0205460485
4033,0.0259334337
4041,0.0205141938
4076,0.0404414268
4132,0.0378139999
4144,0.0246571850
4152,0.0263647562
4154,0.0245876674
4157,0.0255400699
4227,0.0266547314
4248,0.0252365071
4362,0.0205189656
4405,0.0231166419
4435,0.0282353485
4440,0.0267112423
4553,0.0362662744
4576,0.0205514137
4577,0.0246276558
4586,0.0288441209
4627,0.0251745784
4635,0.0205707135
4686,0.0373251005
4690,0.0414609053
4755,0.0229424114
4961,0.0250783472
5000,0.0206698206
5073,0.0470243208
5095,0.0437843011
5140,0.0282504386
5249,0.0205285111
5283,0.0204929979
5292,0.0205557797
5311,0.0209787452
5331,0.0253382656
5375,0.0231839308
5400,0.0205285836
5410,0.0313096911
5454,0.0260497325
5507,0.0243319883
5566,0.0245193984
5577,0.0358226076
5625,0.0212562327
5626,0.0209191335
5630,0.0205536131
5638,0.0357252679
5639,0.0432124472
5677,0.0245671640
5707,0.0242440538
5710,0.0358723322
5711,0.0273582550
5715,0.0364367019
5718,0.0357744255
5721,0.0358622823
5751,0.0361881893
5759,0.0205265974
5768,0.0396203058
5841,0.0208392120
5990,0.0206444091
6023,0.0278795386
6129,0.0242773293
6185,0.0209333541
6231,0.0205204439
6234,0.0294942033
6339,0.0444616496
6360,0.0362494816
6370,0.0516057727
6373,0.0381534213
6411,0.0372405972
6412,0.0377156842
6447,0.0243303048
6526,0.0207408509
6528,0.0357753131
6533,0.0237726322
6551,0.0362066568
6556,0.0363430225
6562,0.0492764761
6623,0.0210256093
6630,0.0206306922
6636,0.0204943341
6707,0.0396518704
6708,0.0349263756
6711,0.0360275267
6712,0.0218107321
6713,0.0311986750
6749,0.0284026514
6768,0.0361278301
6777,0.0216847942
6784,0.0251878480
6789,0.0205448304
6796,0.0356991246
6803,0.0245189288
6821,0.0405718775
6833,0.0205321144
6836,0.0207468875
6838,0.0207468875
6841,0.0280071797
6934,0.0456393077
7068,0.0217399026
7087,0.0250018854
7224,0.0252285903
7266,0.0362268974
7276,0.0367076932
7280,0.0431782440
7385,0.0306553172
7386,0.0393218395
7388,0.0463430555
7389,0.0261362737
7416,0.0221582385
7424,0.0368851386
7428,0.0564738177
7430,0.0357691338
7438,0.0243521366
7444,0.0208290017
7446,0.0208152731
7447,0.0205409538
7502,0.0243145799
7531,0.0366478597
7559,0.0212453853
7561,0.0204920944
7566,0.0211629268
7636,0.0364565034
7640,0.0274075657
7666,0.0205118158
7668,0.0205118158
7693,0.0205487947
7698,0.0205694531
7701,0.0205685327
7726,0.0278143651
7787,0.0205140524
7800,0.0361493448
7802,0.0363120602
7825,0.0400120493
7969,0.0205375936
7984,0.0205375936
8000,0.0204724486
8081,0.0252099642
8106,0.0218371695
8122,0.0275586020
8127,0.0208830938
8177,0.0205554960
8178,0.0205554960
8252,0.0205572161
8276,0.0262501714
8724,0.0205504833
8792,0.0204920944
9383,0.0206071380
9537,0.0323307079
9612,0.0281479489
9885,0.0207809207
9899,0.0243229268
9901,0.0208454757
10184,0.0279341133
10209,0.0291452787
10423,0.0271406683
10472,0.0356495900
10480,0.0431367694
10494,0.0356495900
10498,0.0356495900
10500,0.0356495900
10520,0.0356495900
10525,0.0356495900
10526,0.0356495900
10527,0.0356495900
10530,0.0356495900
10536,0.0242208109
10561,0.0242208109
10598,0.0204930017
10702,0.0281744524
10882,0.0204724486
10883,0.0204724486
10884,0.0204724486
10885,0.0204724486
10886,0.0204724486
10887,0.0204724486
10888,0.0204724486
10889,0.0204724486
10890,0.0204724486
10891,0.0204724486
10892,0.0204724486
10893,0.0204724486
10895,0.0204724486
10896,0.0204724486
10897,0.0204724486
10898,0.0204724486
10899,0.0204724486
10900,0.0211835094
10901,0.0204724486
10902,0.0204724486
10903,0.0204724486
10904,0.0204724486
10905,0.0204724486
10906,0.0204724486
10907,0.0204724486
10908,0.0204724486
10909,0.0204724486
10910,0.0204724486
10911,0.0204724486
10912,0.0204724486
10913,0.0204724486
10914,0.0204724486
10915,0.0204724486
10916,0.0204724486
10917,0.0204724486
10918,0.0204724486
11106,0.0340503570
11400,0.0246202153
1013,0.0073336289
1696,0.0088628236
4801,0.0012861522
6673,0.0020892539
7637,0.0090396223
7867,0.0055741629
8009,0.0050290282
6508,0.0088152390
68,0.0001692696
69,0.0001692696
70,0.0003176083
72,0.0001692696
77,0.0006594287
78,0.0007149705
79,0.0012093776
80,0.0001692696
81,0.0011140526
82,0.0007149705
83,0.0013871781
84,0.0007722322
86,0.0007149705
966,0.0008617295
969,0.0022259567
971,0.0030694314
974,0.0031186195
1561,0.0044216957
4498,0.0053502055
9584,0.0095702689
9713,0.0018280239
230,0.0012572525
232,0.0093357843
238,0.0034389473
343,0.0023175618
408,0.0018056114
417,0.0033075167
1955,0.0021681208
5304,0.0033339607
5326,0.0033908458
5514,0.0053641619
9394,0.0053881151
10431,0.0018003856
367,0.0006093365
471,0.0089748465
480,0.0210111236
670,0.0022028457
805,0.0018660476
843,0.0039705831
978,0.0045581603
1215,0.0013254365
1310,0.0056749800
1596,0.0027509194
1677,0.0049063754
1731,0.0030404407
1777,0.0062679146
1814,0.0016524461
2019,0.0054832261
2072,0.0090920910
2172,0.0017553421
2175,0.0066874328
2466,0.0028705028
2485,0.0023290380
2487,0.0004359203
2488,0.0045340558
2489,0.0017752803
2491,0.0004359203
2736,0.0059249337
2738,0.0015357267
2742,0.0011662108
2845,0.0047859091
3318,0.0024669954
3854,0.0071641468
3856,0.0012429940
4204,0.0046305325
4313,0.0057886061
4552,0.0241567491
4789,0.0049300132
5347,0.0021109649
5353,0.0079701465
5354,0.0018195506
5570,0.0006738030
6035,0.0035175195
9114,0.0018241734
9569,0.0004472956
9644,0.0006024057
10385,0.0100431387
10466,0.0033828740
11174,0.0058618822
11272,0.0055003371
11438,0.0022496510
12014,0.0098452596
135,0.0015057094
236,0.0008137938
240,0.0194621187
405,0.0015320480
406,0.0196181624
409,0.0191532603
418,0.0041624318
419,0.0027601446
1230,0.0213244370
1694,0.0028690615
1847,0.0039216056
2206,0.0068098094
3031,0.0045965628
3160,0.0176735999
3179,0.0079276026
4388,0.0066778873
4455,0.0037796606
6353,0.0053450358
6914,0.0045674249
8217,0.0023075769
9298,0.0045698387
9312,0.0033520914
11435,0.0191876160
12041,0.0023305805
354,0.0030494738
1129,0.0038522856
1131,0.0001039233
1146,0.0001039233
1147,0.0004836697
1385,0.0007715053
1388,0.0013500865
1752,0.0022541156
2082,0.0002041897
2083,0.0003268821
2523,0.0003715870
2778,0.0001598344
2779,0.0000572618
2780,0.0000572618
2781,0.0000572618
2782,0.0000572618
2783,0.0000572618
2784,0.0001479371
2785,0.0000572618
825,0.0003460685
1569,0.0152021276
2074,0.0042966204
2297,0.0006901223
3769,0.0014351979
4487,0.0067873534
5334,0.0023604963
6939,0.0020986946
269,0.0029399777
612,0.0041273094
979,0.0049542630
1908,0.0013276244
2166,0.0033985942
2883,0.0042520844
2884,0.0004612245
9720,0.0003418204
608,0.0164820624
674,0.0008078485
903,0.0015869370
999,0.0043469337
1011,0.0004051335
1387,0.0033786884
2050,0.0061320681
2081,0.0010754393
2455,0.0028000899
3035,0.0007473698
5986,0.0008422768
6920,0.0007013718
9335,0.0042008806
9336,0.0003691411
9843,0.0007519751
223,0.0014328357
420,0.0017318801
563,0.0005703547
815,0.0009723736
1603,0.0006047023
1610,0.0016059583
1956,0.0028887139
1958,0.0010752197
1968,0.0092287047
1972,0.0019282682
2379,0.0072473237
2465,0.0041041622
2836,0.0030241699
2837,0.0041982944
2838,0.0057095132
3826,0.0181018452
4328,0.0005499936
4389,0.0018839928
5496,0.0050719778
6053,0.0009787646
9590,0.0006376673
11195,0.0005569137
11196,0.0005457008
11197,0.0006887485
149,0.0100424204
888,0.0031697128
5683,0.0042362667
9122,0.0014256454
11401,0.0016538850
3226,0.0027418279
153,0.0019429041
4279,0.0083304347
7399,0.0036795832
1865,0.0048184218
237,0.0020519630
4537,0.0015529769
2548,0.0040981719
2664,0.0008050984
2665,0.0039022384
2666,0.0003730664
2878,0.0008440818
3940,0.0007255530
6804,0.0024970647
7608,0.0025239564
9014,0.0003051391
9021,0.0003051391
9157,0.0034644034
9290,0.0025465285
11573,0.0002935210
806,0.0012942607
877,0.0039853478
1653,0.0210815305
3500,0.0032928099
3905,0.0026025910
5174,0.0028334760
114,0.0037869557
147,0.0087453388
283,0.0036129053
596,0.0117012366
701,0.0092655406
796,0.0082134173
830,0.0029740096
837,0.0030754692
911,0.0049705461
918,0.0106530457
1214,0.0063958294
1218,0.0028761985
1224,0.0142336335
1254,0.0038605586
1255,0.0053557076
1314,0.0058872947
1324,0.0105487447
2246,0.0047753703
2378,0.0097223060
2508,0.0014321140
2885,0.0103964064
2886,0.0076697167
3046,0.0167461928
3465,0.0058933470
3738,0.0041834725
3915,0.0053215112
3931,0.0039684479
4058,0.0070122249
4063,0.0082803230
4694,0.0037381792
5072,0.0085379887
5136,0.0121092841
5615,0.0062384112
5933,0.0030452099
6034,0.0169459957
6198,0.0110801928
6881,0.0032792364
6887,0.0064304206
6974,0.0047113961
7595,0.0133037880
7995,0.0031749042
9743,0.0042167540
9787,0.0030209550
9840,0.0040434000
463,0.0043194344
472,0.0024096785
1629,0.0023464424
1794,0.0036608213
2281,0.0045304983
2358,0.0132814895
2789,0.0023192882
2951,0.0044759048
3107,0.0010956500
3115,0.0018006943
4307,0.0015356444
4312,0.0052401822
4505,0.0044413873
4513,0.0032663254
4572,0.0054409682
6064,0.0035057155
9933,0.0028557533
10929,0.0068307032
11303,0.0061635406
11317,0.0088429139
11374,0.0008961613
89,0.0000000000
90,0.0005692314
97,0.0005692314
101,0.0005692314
109,0.0005692314
110,0.0050763702
112,0.0106319090
113,0.0005692314
117,0.0005692314
120,0.0005692314
4790,0.0096671965
4858,0.0047622838
5893,0.0024566259
6369,0.0273968264
7163,0.0216681575
7250,0.0113436652
7610,0.0103612450
11870,0.0102975011
1328,0.0148703099
1339,0.0089796556
1341,0.0025179872
1342,0.0166696176
1343,0.0104424501
1348,0.0211574551
1464,0.0251125912
2752,0.0280580293
3739,0.0100962198
4277,0.0335102828
4392,0.0074510233
4856,0.0108030996
6311,0.0200226099
6709,0.0245775911
7296,0.0156390728
7962,0.0086049559
7963,0.0011177765
8341,0.0094522574
8778,0.0112861071
4002,0.0100803488
5071,0.0004689619
9567,0.0139299474
6858,0.0003386205
7387,0.0156009918
2580,0.0072543902
3623,0.0064533552
3625,0.0071106121
5008,0.0105762299
6310,0.0066356740
6748,0.0113296392
6811,0.0086736219
6817,0.0061428316
6847,0.0096766068
6856,0.0071983001
7271,0.0107139159
7292,0.0126904672
7295,0.0125618241
7697,0.0170357273
7753,0.0256462872
7757,0.0057021394
8118,0.0117356888
8160,0.0070989145
8846,0.0095712799
290,0.0029898245
297,0.0034100084
362,0.0040095338
578,0.0257028768
584,0.0070535308
831,0.0030010133
1259,0.0016493459
1332,0.0082550350
1337,0.0160796409
1374,0.0021895849
1442,0.0057411061
1535,0.0018871393
1572,0.0086310121
1684,0.0112350962
1954,0.0084693891
2363,0.0108698253
2409,0.0104029272
2410,0.0090637909
2933,0.0029736906
2961,0.0109824370
3070,0.0069243413
3381,0.0077908841
3387,0.0162837741
3392,0.0033739771
3521,0.0064484925
3758,0.0064667169
4015,0.0120506651
4052,0.0036658968
4255,0.0038067393
4268,0.0062654378
4683,0.0238617012
4833,0.0298563651
4859,0.0116147715
4934,0.0071238039
5191,0.0023812807
5240,0.0082913199
5244,0.0043836827
5337,0.0055024812
5456,0.0081944591
5657,0.0068985258
5760,0.0074016003
5867,0.0016874366
5883,0.0134457153
5907,0.0019090542
5952,0.0123408384
6372,0.0150785755
6944,0.0034007936
6983,0.0046564525
7062,0.0105769623
7312,0.0088153772
7801,0.0086305656
8092,0.0043616284
8172,0.0054849618
8344,0.0055376051
8384,0.0064504764
8390,0.0145628306
8403,0.0167553470
8597,0.0089407881
8616,0.0063915127
8694,0.0036687306
8766,0.0088397822
8800,0.0040331828
8810,0.0038634333
8838,0.0102694174
8934,0.0113905875
8938,0.0061013380
9685,0.0102192273
10402,0.0073189572
11362,0.0150021859
11571,0.0099287846
11768,0.0067451414
189,0.0129350997
5094,0.0133828272
7011,0.0081960541
7287,0.0026921636
7508,0.0267367078
7993,0.0148799520
8845,0.0100936495
2932,0.0010508508
1027,0.0158804177
1743,0.0019585911
1889,0.0359605068
2513,0.0078471360
2653,0.0055762123
3013,0.0169664267
4410,0.0173408917
7015,0.0106091522
7223,0.0087827141
7301,0.0091444759
7505,0.0067726168
7823,0.0074170747
8382,0.0071382256
6706,0.0224659399
7590,0.0179958801
1340,0.0121126056
3615,0.0114640350
3627,0.0026869629
6001,0.0027576640
7290,0.0069027706
7418,0.0061429339
7564,0.0050817311
7568,0.0210890307
7755,0.0039560023
8104,0.0057923959
8105,0.0054914603
8466,0.0029666903
9162,0.0129879603
7426,0.0114014317
3024,0.0206845845
6599,0.0019428273
7289,0.0096243146
7299,0.0266113372
7592,0.0104898092
7682,0.0144632229
7683,0.0222357306
8041,0.0090186208
8123,0.0031899019
9456,0.0179698132
7576,0.0060453152
3041,0.0014264758
7209,0.0028511848
1745,0.0013828195
3959,0.0068338010
4322,0.0059575399
1098,0.0222126912
1458,0.0009897493
1461,0.0232158860
1463,0.0244595893
4687,0.0298418401
126,0.0077551521
666,0.0089546265
764,0.0163754191
849,0.0142407463
1009,0.0328980873
1021,0.0083968464
1116,0.0108253915
1174,0.0129901376
1226,0.0229568340
1265,0.0375829802
1336,0.0081614839
1441,0.0090693259
1683,0.0227356927
1895,0.0127593578
1960,0.0093702681
1966,0.0152901183
2204,0.0110109446
2329,0.0109554828
2367,0.0075418369
2753,0.0236252037
2793,0.0074946153
3207,0.0079376867
3304,0.0086540803
3346,0.0259522537
3380,0.0169348597
3390,0.0137237809
3393,0.0098273911
3466,0.0124957952
3530,0.0077947638
3631,0.0084673734
3667,0.0075436203
3846,0.0094520764
4093,0.0128578762
4098,0.0166875014
4339,0.0075130735
4391,0.0110287017
4477,0.0348060459
4521,0.0129062869
4624,0.0161750194
4685,0.0180011762
4712,0.0104408436
4836,0.0150159115
4866,0.0378281730
4870,0.0236097744
5245,0.0256367426
6531,0.0140896923
6647,0.0125104300
6649,0.0102464608
6793,0.0155735951
6828,0.0146070353
6839,0.0114249925
6882,0.0203874171
7061,0.0226963673
7198,0.0077190458
7202,0.0080630051
7247,0.0119185694
7264,0.0118522966
7273,0.0083130725
7308,0.0092753965
7429,0.0227496054
7492,0.0094164850
7565,0.0090408242
7839,0.0075387866
8161,0.0117433690
8599,0.0178621733
9023,0.0074987975
9105,0.0075498908
9755,0.0228504083
9785,0.0192026455
9951,0.0117014571
10497,0.0226643208
10511,0.0271103865
10532,0.0227496164
10868,0.0074871794
10869,0.0074871794
10870,0.0074871794
10871,0.0074871794
10872,0.0074871794
10874,0.0075724750
10875,0.0074871794
10876,0.0074871794
10877,0.0074871794
10878,0.0074871794
10879,0.0074871794
10880,0.0105843194
10881,0.0074871794
3077,0.0090984381
4865,0.0329783760
7961,0.0033075965
1329,0.0018705575
8132,0.0011007125
2311,0.0010764099
7537,0.0178944437
11800,0.0114962029
194,0.0011813364
1704,0.0085959059
6307,0.0003975869
6308,0.0085005051
6309,0.0003975869
6842,0.0027260742
4470,0.0017244727
4784,0.0086569311
6362,0.0215214119
930,0.0232369615
1222,0.0043693586
1315,0.0112049317
1601,0.0063769278
2056,0.0060748677
2912,0.0085360004
3484,0.0057263935
3607,0.0089530120
3723,0.0035678636
3798,0.0036322223
4004,0.0206466445
4105,0.0063181942
4360,0.0048872515
4795,0.0035022354
4936,0.0035630806
5096,0.0064822973
5540,0.0038873727
5636,0.0033815289
5665,0.0077155479
5833,0.0087940818
6120,0.0082822918
6230,0.0076647917
6246,0.0029388388
6359,0.0130856386
6490,0.0085520715
6732,0.0078580697
7278,0.0076623722
7291,0.0050192745
7317,0.0063890219
7439,0.0085388824
7676,0.0028799711
8109,0.0077995817
8398,0.0046977702
8431,0.0083000332
9003,0.0190271749
1961,0.0024023316
2353,0.0004851402
2386,0.0082535976
2698,0.0021263229
4358,0.0200029602
5647,0.0003899962
7874,0.0004072665
6825,0.0025350104
11835,0.0023456800
124,0.0002679727
128,0.0002679727
130,0.0002679727
133,0.0007386160
134,0.0002679727
136,0.0002679727
137,0.0008853584
139,0.0002679727
140,0.0002679727
148,0.0002679727
10088,0.0123840591
492,0.0052643728
514,0.0013627987
618,0.0006504449
1012,0.0057473622
1851,0.0038899752
2318,0.0028408713
2898,0.0092272534
3335,0.0017460121
4191,0.0064150485
6050,0.0058757336
6608,0.0011328306
6756,0.0080170362
8074,0.0039301826
8942,0.0103849869
9380,0.0016929214
10017,0.0034716764
10052,0.0048314482
10054,0.0015938288
10122,0.0009565862
10181,0.0051061974
10205,0.0021612447
11801,0.0031285574
328,0.0015341294
344,0.0030606166
353,0.0055058306
361,0.0059190294
457,0.0084729468
474,0.0028595580
604,0.0015341294
1107,0.0015422630
1231,0.0037117165
1247,0.0070556100
1444,0.0076331148
1807,0.0019207356
2940,0.0026844424
3250,0.0038601989
4253,0.0077245865
4863,0.0016522213
4883,0.0124704169
5403,0.0051993636
5602,0.0047175497
7521,0.0086131347
9408,0.0095197556
9586,0.0016274725
11397,0.0051568590
11600,0.0035403837
1690,0.0235958191
1800,0.0008093101
1802,0.0007149685
1873,0.0004706433
1874,0.0004706433
2800,0.0075010607
3209,0.0187012030
3737,0.0086985520
518,0.0179001478
3298,0.0026288169
3701,0.0001348729
3708,0.0001319723
3984,0.0002251904
4664,0.0001549962
6169,0.0003585358
7343,0.0001558386
9506,0.0003052162
9856,0.0001260352
9857,0.0001260352
1872,0.0011507801
2943,0.0024526347
5358,0.0035940704
330,0.0020874541
4879,0.0114983020
5472,0.0062131245
5516,0.0030918957
1333,0.0181206433
1503,0.0031406266
3198,0.0018799723
3885,0.0060641559
4035,0.0069623182
4648,0.0012641623
4995,0.0036564155
6452,0.0128247119
4485,0.0017832491
491,0.0018552848
517,0.0039850906
650,0.0012782832
698,0.0045621007
1078,0.0012190036
2139,0.0007763672
2145,0.0026457433
2997,0.0032749059
3148,0.0057851666
3331,0.0027172562
3883,0.0078789746
4220,0.0010087102
4260,0.0023341162
5643,0.0005978087
5752,0.0052501406
5901,0.0056955180
6792,0.0069461673
8355,0.0033339457
9482,0.0031791151
9978,0.0076898196
9998,0.0020651036
10290,0.0013505522
10356,0.0070701805
10786,0.0023579436
1127,0.0001632206
2087,0.0070037350
2618,0.0190342156
3224,0.0037662585
5167,0.0022930264
8666,0.0017109975
9535,0.0050545028
1114,0.0008443949
2552,0.0029580221
4449,0.0012681287
8637,0.0100480752
10142,0.0024201818
10410,0.0014301863
10987,0.0036848373
244,0.0025551809
250,0.0026024278
300,0.0032170341
316,0.0177835438
483,0.0031786778
620,0.0046673102
828,0.0056732750
880,0.0025544029
889,0.0029318930
1008,0.0032161455
1015,0.0204581739
1170,0.0181669209
1880,0.0036410835
1885,0.0025902624
2183,0.0049560819
2810,0.0025108745
2875,0.0025902567
2966,0.0044842099
3012,0.0026456072
3048,0.0064263355
3383,0.0025447414
3918,0.0048982582
4257,0.0042366130
4684,0.0027597828
4901,0.0041132415
5169,0.0024891383
5262,0.0067768599
5374,0.0027487471
5376,0.0027870253
5458,0.0027200768
5705,0.0046957126
6509,0.0176668908
6937,0.0027612937
7013,0.0024937729
8357,0.0041576341
8365,0.0050009880
8388,0.0051444259
8405,0.0030546807
8422,0.0045620480
8503,0.0116848366
8512,0.0189216949
8541,0.0054795655
8590,0.0099992072
8627,0.0068870868
8675,0.0084351908
8680,0.0046189117
8764,0.0176743619
8769,0.0062244265
8933,0.0105441388
8995,0.0271563325
9031,0.0046375366
9036,0.0081680124
9043,0.0081560739
9103,0.0027668432
9135,0.0042449560
10303,0.0066919157
10322,0.0045004823
10940,0.0053787408
11020,0.0081261762
11352,0.0070716534
11496,0.0069646212
12242,0.0024717280
12243,0.0024717280
12244,0.0024717280
12246,0.0024717280
12247,0.0024717280
365,0.0037134107
1004,0.0042122658
1180,0.0010536114
2652,0.0016571996
4914,0.0008931557
4986,0.0018773630
6065,0.0211670560
8592,0.0070792205
8595,0.0031542550
10126,0.0186164769
284,0.0003566322
5373,0.0004778009
9860,0.0003127098
393,0.0004324502
467,0.0004719577
545,0.0004396490
657,0.0015027407
658,0.0044065264
1162,0.0046968255
1832,0.0050727867
1839,0.0006656095
2094,0.0035791598
2588,0.0049662572
2592,0.0051455110
2656,0.0009158134
2657,0.0005551931
2658,0.0013515720
2661,0.0016267550
2662,0.0013625261
2663,0.0048651513
2668,0.0005115774
2671,0.0024728382
2672,0.0006614020
2678,0.0005115774
2679,0.0005115774
3093,0.0037636774
3612,0.0010606806
3638,0.0015743137
3749,0.0010499422
3922,0.0004594798
3923,0.0004320320
3924,0.0004320320
3925,0.0004320320
3926,0.0005326402
3927,0.0004320320
3928,0.0005818566
3929,0.0005286627
3930,0.0012660471
3932,0.0004320320
3933,0.0004320320
3934,0.0005326402
3935,0.0005286627
3936,0.0008738152
3937,0.0035291721
3938,0.0004320320
3939,0.0011184176
3941,0.0035291721
3942,0.0004320320
3943,0.0004320320
3944,0.0035291721
3945,0.0074466427
3946,0.0004320320
3947,0.0010591103
3948,0.0036861655
3949,0.0004320320
3950,0.0039723719
3951,0.0006365038
3952,0.0111225515
3953,0.0004320320
3954,0.0004320320
3955,0.0004867170
3956,0.0004320320
3957,0.0054023186
3958,0.0004320320
3960,0.0037763874
3961,0.0004609099
6235,0.0006964560
660,0.0032047531
663,0.0015999044
1233,0.0022048960
1525,0.0021061007
1526,0.0024775623
2314,0.0068513920
3244,0.0024270609
3803,0.0055229265
4276,0.0013535270
4471,0.0034259280
4837,0.0084989224
5288,0.0017557377
5617,0.0035279696
6295,0.0136419114
6941,0.0037425425
6947,0.0026578472
6953,0.0014000529
7029,0.0019521264
8350,0.0032078255
8399,0.0014815047
8407,0.0089145428
8455,0.0034856813
8472,0.0027604382
8495,0.0054842045
8509,0.0104795549
8510,0.0042309267
8549,0.0038344368
8566,0.0045709668
8571,0.0075475544
8625,0.0076634320
8748,0.0039217181
8791,0.0014706937
8848,0.0020785655
8876,0.0052094566
8929,0.0037583597
9131,0.0045903906
10342,0.0022573934
1168,0.0009828251
2163,0.0062679972
2518,0.0041608645
3760,0.0073751221
4215,0.0010619315
8781,0.0010595564
241,0.0011196089
262,0.0014182276
811,0.0045005973
953,0.0011881249
1210,0.0027891919
1282,0.0036168117
1529,0.0023713684
2060,0.0038584513
2514,0.0012545340
2844,0.0012616376
2941,0.0017842612
3517,0.0012221185
3899,0.0039785370
3904,0.0072479891
4250,0.0029864199
5587,0.0054996193
5944,0.0055089815
6062,0.0040164783
6103,0.0021088744
8247,0.0165872105
8361,0.0028677516
8818,0.0038972550
10443,0.0012930086
11072,0.0034485942
11426,0.0018163029
587,0.0048892274
1799,0.0024143639
3562,0.0009960509
5269,0.0061655141
814,0.0034702439
2026,0.0037247289
10320,0.0015178775
158,0.0026724360
160,0.0007298810
161,0.0011115150
939,0.0017166699
2576,0.0028788463
2578,0.0029710067
683,0.0002920991
968,0.0009764714
3071,0.0077215429
4129,0.0002899862
4578,0.0016612559
7383,0.0012765259
7384,0.0026880128
9717,0.0011053851
12107,0.0038287414
631,0.0042165006
633,0.0052486036
2463,0.0019860822
3129,0.0027899735
3130,0.0037776660
3164,0.0012477407
4095,0.0055772351
6125,0.0028908985
935,0.0007762672
2446,0.0008296309
7876,0.0029412949
7879,0.0035919872
3504,0.0063629784
5264,0.0015906827
9781,0.0031079356
857,0.0012289049
1976,0.0014449403
3177,0.0074725933
7466,0.0060563458
9406,0.0007909024
1320,0.0005548627
1490,0.0169927122
2009,0.0008276403
3137,0.0003552325
3463,0.0013378468
7720,0.0019338124
9139,0.0003276071
10373,0.0033682229
163,0.0000000000
164,0.0000203068
165,0.0000203068
166,0.0000203068
168,0.0000203068
9010,0.0026217776
10425,0.0013565697
1762,0.0012777135
5745,0.0002270744
5746,0.0001140972
5747,0.0001140972
5748,0.0001363669
2614,0.0023641967
7928,0.0012194468
2286,0.0010752369
2293,0.0047218473
3317,0.0049161289
5527,0.0017771470
1894,0.0053615161
188,0.0062051188
1923,0.0074201023
4474,0.0234199462
6334,0.0053226684
6871,0.0054660664
6965,0.0100580271
7303,0.0026452181
7410,0.0236693293
7546,0.0122343918
7609,0.0041789163
7621,0.0213565736
8335,0.0027020106
10217,0.0195090293
5523,0.0035026721
5547,0.0029462449
5724,0.0038124614
7433,0.0079545391
9303,0.0058155715
4287,0.0052312565
6349,0.0008992002
6478,0.0166243871
890,0.0028622324
1664,0.0039703798
2613,0.0043049507
2773,0.0039495727
7488,0.0012465817
7807,0.0032403667
2711,0.0021237159
2716,0.0043471860
4869,0.0010413089
7304,0.0014167317
10328,0.0012666810
7457,0.0027132094
8236,0.0021165292
1914,0.0018982712
6807,0.0006622765
1911,0.0023156808
1913,0.0007728296
1915,0.0007728296
7452,0.0013064175
1669,0.0004230729
4445,0.0003966090
4446,0.0004054897
4447,0.0004631652
193,0.0001486708
195,0.0001486708
196,0.0001486708
197,0.0007837495
198,0.0001486708
3308,0.0067969863
2787,0.0004242629
4756,0.0002187307
350,0.0010698854
1205,0.0037848753
1206,0.0006794446
1906,0.0018970074
2694,0.0014263394
2843,0.0010680915
3076,0.0030804542
3509,0.0034440627
4408,0.0042241667
6144,0.0052550027
10398,0.0080531999
583,0.0011093857
6341,0.0189730746
7142,0.0159375686
8685,0.0061242840
3789,0.0009942255
5227,0.0028623228
7662,0.0102616792
6879,0.0037805401
7181,0.0031251162
7619,0.0081947813
8717,0.0015879617
199,0.0000000000
201,0.0000320202
637,0.0013318429
759,0.0038206014
2096,0.0050299995
2109,0.0047976058
2269,0.0059300664
2394,0.0175993747
2397,0.0015838056
3053,0.0021426354
3444,0.0012052555
4962,0.0047621294
5210,0.0094654140
5319,0.0012037767
6141,0.0027009475
9320,0.0004756080
9321,0.0013436106
9331,0.0007631710
9660,0.0060997123
10168,0.0055684542
766,0.0024170301
1755,0.0022034983
2147,0.0041168069
3211,0.0044174302
6505,0.0026023128
9568,0.0002838501
202,0.0000000000
204,0.0001943759
205,0.0001943759
206,0.0001943759
209,0.0005057354
210,0.0001943759
211,0.0005581424
212,0.0005057354
214,0.0001943759
215,0.0001943759
217,0.0001943759
218,0.0156828768
219,0.0001943759
220,0.0001943759
221,0.0001943759
222,0.0001943759
224,0.0001943759
225,0.0005057354
226,0.0005757753
227,0.0001943759
229,0.0156828768
246,0.0151771414
260,0.0152850675
273,0.0152426685
279,0.0152426685
286,0.0152210638
287,0.0152210638
309,0.0153118158
311,0.0153118158
315,0.0153118158
416,0.0167285570
431,0.0154215008
521,0.0175673537
528,0.0152303548
573,0.0158740432
576,0.0153521681
579,0.0153521681
605,0.0154291947
610,0.0159406914
625,0.0153317810
780,0.0152012563
787,0.0177740415
895,0.0154030619
1169,0.0162178314
1173,0.0154324331
1175,0.0155307913
1298,0.0155036159
1331,0.0155518410
1439,0.0162167113
1494,0.0165520734
1500,0.0226199324
1513,0.0151960006
1519,0.0164451300
1571,0.0153080952
1691,0.0184987123
1703,0.0190793164
1767,0.0171765530
1768,0.0178030172
1772,0.0171765530
1798,0.0160331010
1849,0.0153364198
1850,0.0166674693
1883,0.0158836185
1942,0.0161188600
2002,0.0162157318
2006,0.0163270460
2008,0.0167029788
2086,0.0152844749
2091,0.0152067718
2196,0.0154848945
2248,0.0151942131
2419,0.0170385450
2420,0.0152706954
2482,0.0173280323
2579,0.0152739549
2622,0.0161321017
2809,0.0152162879
2832,0.0161196122
3011,0.0161529299
3019,0.0153510206
3022,0.0153510206
3023,0.0153510206
3039,0.0155314201
3228,0.0162076267
3420,0.0152033554
3458,0.0174206606
3528,0.0154847258
3553,0.0151920101
3622,0.0159446290
3642,0.0168172504
3652,0.0156433468
3693,0.0152777300
3695,0.0153943402
3697,0.0152777300
3910,0.0152299839
3966,0.0161843560
4005,0.0153339549
4168,0.0168079460
4174,0.0153101729
4213,0.0189113371
4271,0.0153654350
4354,0.0151940362
4407,0.0156690894
4475,0.0153620728
4480,0.0185020840
4493,0.0152003044
4592,0.0152569034
4595,0.0155682629
4835,0.0152587379
4871,0.0158366164
4913,0.0161501601
5103,0.0162806700
5154,0.0155224054
5156,0.0152082790
5270,0.0152243373
5346,0.0151938485
5390,0.0159229686
5709,0.0156564208
6156,0.0151917618
6227,0.0164761593
6316,0.0152529569
6322,0.0175748384
6331,0.0152348048
6344,0.0168181394
6350,0.0169751429
6364,0.0152084441
6406,0.0152795657
6409,0.0155632093
6410,0.0161908955
6422,0.0160786123
6423,0.0159855847
6424,0.0154278524
6426,0.0154278524
6431,0.0154278524
6434,0.0154278524
6435,0.0165395591
6437,0.0154278524
6439,0.0154278524
6440,0.0154278524
6445,0.0157578052
6464,0.0163873444
6465,0.0159047559
6473,0.0152647186
6495,0.0164236801
6496,0.0166092198
6497,0.0172372394
6498,0.0153236336
6499,0.0171897327
6503,0.0152808461
6513,0.0153112577
6514,0.0154695013
6546,0.0153516501
6548,0.0153516501
6552,0.0155820837
6561,0.0176790438
6568,0.0152417971
6577,0.0173527419
6578,0.0152602464
6579,0.0152063779
6600,0.0151916918
6611,0.0171597567
6644,0.0151933029
6648,0.0154620090
6656,0.0152269376
6667,0.0151924366
6686,0.0156632395
6737,0.0152128153
6757,0.0152146867
6758,0.0152372895
6778,0.0169859427
6794,0.0153787909
6795,0.0152125010
6826,0.0166617135
6849,0.0152139355
6852,0.0152139355
7120,0.0152101196
7162,0.0151926694
7232,0.0153783776
7236,0.0152319602
7258,0.0158055719
7268,0.0151916918
7297,0.0152340404
7310,0.0151917197
7419,0.0158279013
7420,0.0158279013
7421,0.0172753631
7431,0.0152624260
7432,0.0152624260
7467,0.0162154692
7487,0.0158354824
7495,0.0153326094
7507,0.0152240063
7532,0.0156365034
7536,0.0154924287
7539,0.0155225023
7543,0.0168220488
7545,0.0152875588
7547,0.0168220488
7549,0.0171741747
7577,0.0200516692
7583,0.0179472357
7614,0.0152634965
7622,0.0169744102
7729,0.0191058548
7754,0.0152009739
7777,0.0187735109
7780,0.0166984431
7790,0.0151916918
7829,0.0163089425
7866,0.0152289408
7896,0.0210504724
7897,0.0151916918
7925,0.0153583545
7942,0.0162815608
7956,0.0152355851
8027,0.0152078605
8030,0.0152078605
8057,0.0152546010
8088,0.0155877772
8110,0.0205265609
8128,0.0153481630
8156,0.0152342077
8167,0.0157254514
8201,0.0186882499
8297,0.0153320474
8306,0.0152323116
8310,0.0152323116
8320,0.0152323116
8496,0.0152291375
9006,0.0152210028
9008,0.0152210028
9009,0.0152210028
9767,0.0153727832
9884,0.0153455888
9937,0.0151917759
10073,0.0152354112
10473,0.0151771414
10474,0.0151771414
10475,0.0151771414
10476,0.0151771414
10477,0.0151771414
10478,0.0151771414
10479,0.0151771414
10481,0.0151771414
10482,0.0151771414
10483,0.0151771414
10484,0.0153159228
10485,0.0151771414
10486,0.0151771414
10487,0.0151771414
10488,0.0151771414
10489,0.0151771414
10490,0.0151771414
10491,0.0151771414
10493,0.0151771414
10495,0.0151771414
10496,0.0151771414
10499,0.0151771414
10501,0.0151771414
10502,0.0151771414
10503,0.0151771414
10504,0.0151771414
10505,0.0151771414
10506,0.0151923152
10507,0.0151771414
10508,0.0182742814
10509,0.0151771414
10510,0.0151771414
10512,0.0151771414
10513,0.0151771414
10514,0.0151771414
10515,0.0151771414
10516,0.0153289017
10517,0.0151771414
10518,0.0151771414
10519,0.0151771414
10521,0.0151771414
10522,0.0151771414
10523,0.0151771414
10524,0.0151771414
10528,0.0151771414
10529,0.0151771414
10531,0.0151771414
10533,0.0151771414
818,0.0017852564
1615,0.0019252762
1627,0.0023144520
2981,0.0001746363
3492,0.0009473257
3791,0.0033344126
8611,0.0023974365
10369,0.0004983516
10372,0.0009616905
11955,0.0008680805
821,0.0003566068
1516,0.0029079546
1964,0.0035092154
1967,0.0038991645
2382,0.0012512912
2835,0.0020563143
3074,0.0041065430
4524,0.0053890144
6195,0.0002548381
1957,0.0008822146
1969,0.0007943403
4054,0.0005366990
5807,0.0007266912
9690,0.0006280845
11691,0.0021752028
235,0.0003580600
242,0.0005625755
613,0.0025357721
1118,0.0003600936
2425,0.0004986221
3305,0.0007750733
4214,0.0008226808
4473,0.0004755695
7215,0.0003327077
7216,0.0003386750
7781,0.0003280133
7782,0.0003280133
8215,0.0003527569
8642,0.0003195201
11432,0.0005697047
11602,0.0003113595
11603,0.0003113595
11604,0.0003113595
11605,0.0003113595
11606,0.0003113595
11607,0.0003113595
11608,0.0003113595
559,0.0012144065
1780,0.0001440410
8828,0.0003337188
9987,0.0020731844
11817,0.0032502091
3978,0.0008137342
4053,0.0042700276
4083,0.0029888985
7045,0.0014692372
8775,0.0015800806
8776,0.0017656869
11781,0.0034713825
824,0.0001956991
3898,0.0001209496
10421,0.0011857023
12051,0.0035866055
906,0.0043274512
1709,0.0012985797
6325,0.0018533253
6501,0.0021574486
6899,0.0012303167
1120,0.0005677518
7213,0.0036489186
11832,0.0006049302
940,0.0005661227
3408,0.0022035185
3579,0.0066617470
12420,0.0031876077
10304,0.0007121380
11388,0.0001947091
1523,0.0018855383
4523,0.0027532350
8927,0.0015800543
8861,0.0002910664
2828,0.0011281145
823,0.0001780662
231,0.0000467004
233,0.0000467004
234,0.0000467004
239,0.0000467004
11229,0.0008905390
1369,0.0000401027
243,0.0002512160
1936,0.0001940576
3134,0.0056675938
5366,0.0028047110
8517,0.0024979442
1227,0.0016645952
5047,0.0001803533
5048,0.0001803533
460,0.0001160619
1364,0.0009753988
1693,0.0015401253
3030,0.0040689923
270,0.0009098082
1695,0.0015941198
1998,0.0029919785
2001,0.0038853745
2055,0.0099743236
2619,0.0036780457
4176,0.0019208347
4182,0.0014337342
4678,0.0031369470
6088,0.0007347610
6472,0.0040290365
6479,0.0051747844
8976,0.0048708995
10634,0.0019854635
10640,0.0007627569
2005,0.0095798926
6261,0.0029967933
2526,0.0032051857
6209,0.0028908628
6808,0.0045409997
11647,0.0014075039
4787,0.0030200449
6875,0.0074388957
6876,0.0056252236
9886,0.0006015756
591,0.0007628890
813,0.0038966686
2309,0.0008778966
2310,0.0006198807
5441,0.0010997877
248,0.0001306998
251,0.0001306998
252,0.0001306998
253,0.0001306998
254,0.0001306998
255,0.0001306998
3391,0.0005413873
3494,0.0000942572
4345,0.0000777766
4448,0.0007167327
4504,0.0015973141
4649,0.0000806760
4774,0.0010926344
331,0.0021650977
356,0.0024133376
446,0.0053944500
761,0.0075512283
1071,0.0028373646
1136,0.0068683328
1198,0.0073183692
1220,0.0069330593
1321,0.0065771925
1381,0.0091126855
1445,0.0082957644
1630,0.0081979995
2061,0.0072586332
2100,0.0061772391
2102,0.0089389341
2426,0.0022332870
2521,0.0019853684
2527,0.0022493493
2642,0.0045342698
3116,0.0042303096
3210,0.0059324540
3275,0.0035404574
3277,0.0023245233
3291,0.0085226308
3780,0.0067015812
3821,0.0070962075
3916,0.0136596605
4030,0.0083020690
4034,0.0082737460
4142,0.0127299714
4153,0.0080008810
4575,0.0070427416
4623,0.0015511268
4650,0.0041876332
4651,0.0040115825
4925,0.0027281892
4939,0.0071115797
5029,0.0050522062
5420,0.0066528607
5503,0.0063461151
5828,0.0053548059
5870,0.0022475544
5871,0.0038076728
6022,0.0040218688
6394,0.0063648979
6832,0.0030654703
7346,0.0057255750
7501,0.0077720560
7517,0.0074409118
7812,0.0025711593
7844,0.0079562875
8190,0.0075238829
8681,0.0071003235
9504,0.0065367924
10388,0.0058311520
10934,0.0036330811
11221,0.0105681105
11621,0.0089469710
8951,0.0001318239
256,0.0000000000
258,0.0001079261
259,0.0001079261
265,0.0002471938
266,0.0016218147
267,0.0001079261
268,0.0002471938
740,0.0047660059
798,0.0028297283
1792,0.0047612428
1797,0.0037886646
2128,0.0061922547
2441,0.0038264842
2815,0.0105810068
3040,0.0048550714
3122,0.0012755545
3869,0.0031018107
4364,0.0041167804
655,0.0000523874
2149,0.0003426607
5995,0.0002944537
2617,0.0005731209
4187,0.0019520464
5882,0.0023012477
8001,0.0028204275
9617,0.0015659941
728,0.0018203808
937,0.0013312210
2476,0.0011216178
2723,0.0013912101
2957,0.0011121539
3094,0.0014809901
3502,0.0013169514
3996,0.0058523534
4393,0.0065405235
5028,0.0012076805
5619,0.0013714057
5873,0.0010504822
6253,0.0067375487
6374,0.0011032425
6516,0.0019133252
6883,0.0014074732
7503,0.0025775013
7643,0.0027216665
7758,0.0017828380
7761,0.0016282526
8298,0.0016015718
8602,0.0035018437
8873,0.0011525546
9552,0.0016834467
10581,0.0015030299
11136,0.0028494645
789,0.0028486051
793,0.0013786248
803,0.0039268232
810,0.0033251374
989,0.0007548072
990,0.0019601706
994,0.0017195424
1001,0.0024433592
1002,0.0018382983
1356,0.0016003685
1583,0.0014878653
1617,0.0025054948
1618,0.0049648089
1719,0.0030612558
1720,0.0025685061
1787,0.0017871549
1790,0.0057141376
1793,0.0027899741
1806,0.0042991771
2236,0.0067121076
2812,0.0024686589
3102,0.0030470424
3370,0.0026296117
3819,0.0017798564
3827,0.0011908119
3868,0.0023394943
3875,0.0036725931
3920,0.0027265129
4085,0.0043293248
4133,0.0042512812
4516,0.0027477393
5042,0.0019619256
5056,0.0018691451
5060,0.0084249200
5465,0.0026528572
5581,0.0024524643
5838,0.0036838613
6054,0.0059174153
6589,0.0029709436
7374,0.0033028081
7734,0.0039323638
7738,0.0087053019
7739,0.0026887130
9154,0.0034942776
9358,0.0018660266
9483,0.0026010977
9782,0.0015787598
11269,0.0034041271
11271,0.0058990843
11285,0.0018864154
11335,0.0019094401
11552,0.0026644089
12318,0.0022011368
1759,0.0008511445
3205,0.0033801581
4515,0.0002669472
4820,0.0010855752
9559,0.0001392676
9560,0.0003633120
723,0.0013414319
802,0.0012696364
2119,0.0018090258
2120,0.0041272754
2925,0.0067252388
3660,0.0040232782
5811,0.0021131048
6956,0.0030639700
7560,0.0021040292
10447,0.0051605236
2325,0.0003468835
2373,0.0004209514
4119,0.0009244383
4120,0.0023534491
4539,0.0009801655
6137,0.0015157247
6521,0.0062770665
6535,0.0030069193
6954,0.0033012364
8204,0.0017758996
8701,0.0010236498
9285,0.0009982144
9338,0.0009762313
807,0.0007771638
922,0.0006211717
2440,0.0006798412
7072,0.0024576075
10461,0.0012122468
1891,0.0019759530
2000,0.0014988029
4356,0.0023609922
276,0.0001401949
277,0.0000655271
278,0.0001401949
280,0.0001401949
281,0.0000655271
282,0.0001401949
647,0.0002467818
910,0.0003012658
1028,0.0039949066
1032,0.0002465443
1033,0.0002465443
1034,0.0002465443
1035,0.0002465443
1036,0.0002465443
1039,0.0002465443
3715,0.0014337745
11497,0.0006849856
7378,0.0021296762
11636,0.0028167879
9619,0.0000746678
9620,0.0000746678
9947,0.0003580567
1859,0.0013174637
1860,0.0003918467
2965,0.0030694787
3080,0.0010521125
3470,0.0005690048
4372,0.0034977306
4373,0.0003520396
8523,0.0021361626
9967,0.0017327273
10433,0.0020525294
10451,0.0032903894
11336,0.0047357675
394,0.0007058758
5966,0.0000741356
9392,0.0009422016
6315,0.0002445139
285,0.0000439224
288,0.0000439224
289,0.0000439224
3339,0.0009498021
4725,0.0021074306
10039,0.0005777911
10165,0.0011476367
10309,0.0010129926
6563,0.0003580777
447,0.0004333574
2049,0.0031980264
5608,0.0015050084
6010,0.0041683263
7151,0.0005632016
7611,0.0020626796
8473,0.0004171935
10004,0.0027298360
10231,0.0006768390
291,0.0000678490
292,0.0000678490
293,0.0000678490
295,0.0000678490
298,0.0000678490
299,0.0000678490
301,0.0000678490
302,0.0000678490
303,0.0004718904
3835,0.0028173995
5239,0.0014284127
1995,0.0007972690
2245,0.0057859437
5452,0.0011781981
5565,0.0024029387
5700,0.0005903745
5999,0.0005996835
6446,0.0063137614
10464,0.0063400159
11156,0.0056522993
2655,0.0004318803
3537,0.0049273015
6973,0.0025890230
9553,0.0004314299
9554,0.0003523350
1204,0.0086508181
1896,0.0048412963
3759,0.0006851772
4585,0.0006774572
9310,0.0011824482
2565,0.0017490077
5407,0.0002529231
5408,0.0002529231
5409,0.0002529231
5411,0.0004629507
8324,0.0015497212
310,0.0001346744
317,0.0001346744
318,0.0003158506
3641,0.0023643552
8024,0.0020588917
709,0.0003479232
7379,0.0029120064
8261,0.0030907668
11540,0.0015156877
7313,0.0004442443
7314,0.0001811761
7315,0.0002722271
3968,0.0014187188
4803,0.0003020955
6728,0.0003482766
6167,0.0001647203
7570,0.0001551368
7571,0.0001551368
7572,0.0002844559
7573,0.0012499483
7574,0.0001551368
319,0.0000000000
321,0.0000208680
322,0.0000208680
323,0.0000208680
324,0.0000208680
325,0.0000208680
326,0.0000208680
327,0.0000284945
570,0.0013705937
721,0.0013824373
733,0.0027654273
741,0.0015781856
1207,0.0013734330
1277,0.0047054173
1758,0.0018490495
2111,0.0047389922
2411,0.0052492373
2414,0.0031875564
3196,0.0022351209
3266,0.0028772437
3377,0.0014742666
3816,0.0050840696
4296,0.0045821166
4492,0.0058140197
4502,0.0030220970
4633,0.0020435076
4959,0.0022736547
5308,0.0017163186
5735,0.0012694402
9148,0.0021631059
11023,0.0047408693
564,0.0001729684
402,0.0030847610
7458,0.0000076265
7459,0.0000076265
7460,0.0000076265
8134,0.0000856029
8267,0.0007183981
9278,0.0017011428
9529,0.0011271162
9705,0.0017028851
329,0.0000211976
332,0.0008978413
333,0.0010098391
334,0.0011006745
4890,0.0011331499
4893,0.0015288384
9699,0.0006893743
399,0.0026984907
1070,0.0034993960
1103,0.0009751031
1106,0.0022057392
1111,0.0033515147
1139,0.0028583653
1280,0.0026082500
1291,0.0032698006
1368,0.0011187493
1754,0.0087300879
3253,0.0085207947
3257,0.0024220183
3263,0.0019133341
3284,0.0049959938
3594,0.0037845697
3597,0.0024872550
3820,0.0015594636
4318,0.0018276729
4699,0.0016312810
4887,0.0053869737
4895,0.0012274505
5473,0.0047220065
6170,0.0054885498
6204,0.0052950192
6697,0.0047825662
9563,0.0010703531
9654,0.0013175960
11083,0.0062543130
795,0.0006867040
855,0.0005380300
1069,0.0003327514
1137,0.0003495221
1142,0.0040978845
1145,0.0004333416
1756,0.0007680951
2340,0.0041361993
2906,0.0006359510
2907,0.0004037448
2908,0.0003625748
2909,0.0043761956
2910,0.0004037448
2911,0.0042507441
4483,0.0045717356
763,0.0006823997
1083,0.0005127572
1135,0.0002677541
1450,0.0005005203
2267,0.0013585825
2348,0.0004412709
3593,0.0026200765
4290,0.0036461980
4608,0.0009642393
4700,0.0005609979
4705,0.0013410026
9242,0.0014670153
850,0.0002903773
1113,0.0001201313
2256,0.0015038061
4891,0.0001332054
1128,0.0012808927
1134,0.0001374969
1140,0.0002074594
1144,0.0001597551
2025,0.0001128532
3264,0.0000908354
3265,0.0001998193
5392,0.0033883574
9718,0.0017817018
335,0.0000000000
336,0.0000278250
337,0.0000278250
338,0.0000278250
339,0.0000278250
340,0.0000278250
341,0.0000278250
2354,0.0011024583
1548,0.0002604132
2470,0.0001718576
2474,0.0002728899
2475,0.0003051253
2480,0.0007840647
2818,0.0002231357
3109,0.0001906590
3673,0.0018401478
3792,0.0002687514
3794,0.0004037729
4604,0.0003947236
4714,0.0002394107
4716,0.0002924112
4792,0.0002129643
5598,0.0002842756
9171,0.0003559543
9256,0.0002819258
9430,0.0004766714
9801,0.0001607202
11282,0.0003694004
11440,0.0002417036
11915,0.0014966521
9027,0.0000061050
2362,0.0001781654
2369,0.0000428244
2496,0.0006764696
3323,0.0000914029
6135,0.0000496258
9226,0.0007315809
11359,0.0000919493
10245,0.0004347158
415,0.0005275881
3563,0.0002465192
3564,0.0003707762
3565,0.0002465192
3566,0.0003617645
8690,0.0018777875
410,0.0005296132
421,0.0008749677
9788,0.0001529441
9789,0.0001529441
9790,0.0001529441
9791,0.0001529441
347,0.0001123204
348,0.0001123204
351,0.0001123204
352,0.0001123204
359,0.0004348066
360,0.0003451122
363,0.0001123204
886,0.0018169233
925,0.0006486127
2689,0.0008395974
4494,0.0003224863
5695,0.0014996136
5861,0.0034122330
9510,0.0013558699
2169,0.0011199226
3204,0.0009206440
4007,0.0017517812
4923,0.0024826791
7472,0.0029230264
7473,0.0018573549
7882,0.0008523668
1159,0.0002465587
8586,0.0020313227
651,0.0007267840
2316,0.0021166920
4048,0.0027682907
4049,0.0004551931
5585,0.0008793482
5601,0.0029199756
9858,0.0004861486
10359,0.0031743955
476,0.0007684991
477,0.0040928517
478,0.0007684991
479,0.0003444893
3085,0.0006568016
3086,0.0002327918
3087,0.0011487496
5045,0.0005228440
2315,0.0009386188
2691,0.0018328193
2692,0.0001880701
2693,0.0001880701
2695,0.0005139072
2696,0.0001880701
2402,0.0006980717
6800,0.0011543181
2344,0.0007702802
2533,0.0043153912
3548,0.0077351850
3598,0.0048488233
3605,0.0048773360
3705,0.0018389762
4008,0.0047661549
5765,0.0004970194
8179,0.0059336381
10361,0.0045046274
10394,0.0044065178
1018,0.0003720164
3347,0.0036541588
4027,0.0002023122
4028,0.0002023122
616,0.0004244170
765,0.0007017658
981,0.0005793142
4409,0.0009159577
5470,0.0006457333
6679,0.0004487867
9096,0.0004240098
9097,0.0004240098
9098,0.0004240098
2681,0.0002849744
2995,0.0002923575
3779,0.0002812879
3921,0.0002802131
9485,0.0028027678
9836,0.0015756819
3919,0.0001103021
5327,0.0000233965
5328,0.0000233965
5329,0.0000233965
5330,0.0000233965
366,0.0000000000
368,0.0001734162
369,0.0001947329
371,0.0001947329
372,0.0001734162
377,0.0001734162
378,0.0001734162
379,0.0001947329
380,0.0001734162
381,0.0011624618
1359,0.0012804500
1667,0.0037743231
1674,0.0006543281
3584,0.0018383095
4920,0.0003897059
5974,0.0006669418
7017,0.0004570392
9738,0.0046412190
9959,0.0050387764
836,0.0020721414
844,0.0020660324
6105,0.0000213167
6106,0.0000258464
6107,0.0000213167
1386,0.0035573482
1484,0.0021382988
1590,0.0027635739
2105,0.0040321820
3863,0.0043304822
4088,0.0011379878
4596,0.0013029524
4597,0.0036060280
4999,0.0034544377
1735,0.0043648750
607,0.0017296124
838,0.0028288660
845,0.0019678445
847,0.0026011081
1313,0.0049082391
1380,0.0012367657
1475,0.0038662057
2018,0.0028899907
2900,0.0027184856
3513,0.0041474962
3541,0.0047430005
3678,0.0029004304
3788,0.0033667295
3814,0.0040972375
3858,0.0042605275
3859,0.0011270413
3860,0.0006463967
3861,0.0013490563
3862,0.0005121651
5137,0.0043311901
5413,0.0025202155
9744,0.0053782527
832,0.0009737064
2979,0.0045225768
6060,0.0005579424
6242,0.0035121508
10298,0.0012072524
468,0.0008513472
943,0.0011272312
1550,0.0028443236
2014,0.0031027441
2017,0.0032244674
2070,0.0026372054
2862,0.0019472821
3203,0.0051019079
4419,0.0017575578
6172,0.0029939832
6200,0.0039784964
6977,0.0022683122
9251,0.0035557580
9309,0.0008114215
656,0.0008773543
1643,0.0008907474
2067,0.0014313261
2069,0.0011716428
2659,0.0009195400
2904,0.0008596893
3514,0.0040501735
3535,0.0014778265
4018,0.0012249738
4298,0.0008609004
4299,0.0008609004
4300,0.0008609004
4321,0.0013343592
4581,0.0042908365
4917,0.0008408030
5135,0.0012632393
5449,0.0012831773
6987,0.0009556364
7018,0.0008407999
8333,0.0016924873
8847,0.0017767240
9308,0.0008407999
9730,0.0040125636
9731,0.0009154235
9732,0.0008986591
11634,0.0017750222
11635,0.0017750222
12155,0.0039371346
12331,0.0008399946
12332,0.0008399946
12333,0.0019366894
12334,0.0009252902
12335,0.0008399946
12336,0.0008399946
12337,0.0008399946
12338,0.0008399946
12339,0.0008399946
12340,0.0026514308
12341,0.0009252902
12342,0.0009252902
12343,0.0008399946
12344,0.0008399946
12345,0.0008399946
12346,0.0009252902
1470,0.0018487171
382,0.0000000000
383,0.0000004182
384,0.0000004182
385,0.0000004182
386,0.0000004182
387,0.0000004182
388,0.0000004182
389,0.0000004182
390,0.0000004182
391,0.0000004182
392,0.0000004182
643,0.0000433593
3805,0.0000851444
9497,0.0009245580
1929,0.0004250117
3357,0.0006946459
2021,0.0003802446
11612,0.0002129010
11036,0.0003010932
976,0.0003906962
1661,0.0002231455
2038,0.0001893582
2469,0.0001472330
5126,0.0001304796
8558,0.0007601891
9448,0.0000145259
9971,0.0000371730
11030,0.0005523666
11505,0.0001406498
11609,0.0001360341
980,0.0011715094
2063,0.0005497126
1353,0.0003827204
1582,0.0007692675
1591,0.0006490434
2492,0.0006258072
2493,0.0012187803
4983,0.0003098693
5081,0.0008447583
9371,0.0006939213
396,0.0001697543
400,0.0001697543
401,0.0001697543
403,0.0002265441
722,0.0010744902
2020,0.0012507267
2023,0.0025944675
2177,0.0011536260
3075,0.0016887611
3206,0.0049699307
3274,0.0007568388
5190,0.0007117432
7641,0.0008895311
9368,0.0007117432
10933,0.0007117445
11050,0.0032480461
11771,0.0009768959
12319,0.0007110608
12320,0.0007110608
12321,0.0007110608
12322,0.0007110608
12323,0.0007110608
12324,0.0007110608
12325,0.0007110608
12326,0.0007110608
12327,0.0007110608
12328,0.0007110608
12329,0.0007110608
12330,0.0007472753
12550,0.0014657566
667,0.0000711940
4569,0.0003368895
1148,0.0050674872
3212,0.0022144867
3214,0.0055483612
3287,0.0060944016
3464,0.0013363100
4193,0.0013996231
4444,0.0055699746
4629,0.0017245316
5080,0.0035298710
5412,0.0021075622
5614,0.0051346548
5812,0.0019653160
6005,0.0015561994
6097,0.0057497928
6218,0.0013748191
6249,0.0023507434
6746,0.0053804230
7434,0.0052826521
7679,0.0022105523
7762,0.0071797985
7794,0.0056832665
8119,0.0082967846
8325,0.0052698829
9187,0.0017700503
9475,0.0017509061
9547,0.0034641263
11014,0.0058655793
11578,0.0061654471
12421,0.0024611800
2320,0.0003948965
3273,0.0003116130
3595,0.0041298422
3702,0.0002717721
10860,0.0002672643
11770,0.0002658351
2445,0.0019362308
1208,0.0040956700
1447,0.0002012051
3272,0.0002293291
4293,0.0001845271
678,0.0007095963
1379,0.0004075544
1382,0.0004075544
1384,0.0004075544
1391,0.0004075544
1479,0.0015778774
4172,0.0018608502
6077,0.0025199047
407,0.0001281248
411,0.0001281248
412,0.0001281248
2201,0.0004504168
1530,0.0017708917
1999,0.0019719127
8559,0.0013828770
3154,0.0016164562
3890,0.0018481550
4567,0.0027497046
9413,0.0025460863
10334,0.0013436652
426,0.0008020062
1491,0.0013316705
2627,0.0022289492
5076,0.0013641727
5212,0.0036665023
5673,0.0014045459
7468,0.0010383278
8159,0.0010788687
8465,0.0009112740
9574,0.0006392091
9650,0.0005808074
11468,0.0005576468
2291,0.0006656918
9818,0.0013795797
2162,0.0007434765
4347,0.0000655912
4536,0.0009843910
8258,0.0005777841
424,0.0002443594
425,0.0002443594
427,0.0002443594
428,0.0002443594
429,0.0002443594
11642,0.0012960927
3412,0.0004032825
3710,0.0009068933
4850,0.0010305193
9544,0.0005841267
432,0.0000000000
960,0.0020727136
1275,0.0027058679
1699,0.0020850834
2295,0.0021728766
3487,0.0032278063
3629,0.0078360974
3630,0.0028764606
3750,0.0043875428
4343,0.0018642745
4777,0.0061486880
4779,0.0031205509
4817,0.0037307111
5282,0.0026517795
5293,0.0031992658
5343,0.0019177466
5468,0.0019410589
5661,0.0036297312
5697,0.0056805452
6911,0.0024779458
6924,0.0025056348
7055,0.0025019215
7589,0.0025845144
8412,0.0025945814
8430,0.0023243272
8442,0.0026214384
8453,0.0019828033
8479,0.0020869098
8485,0.0026278794
8497,0.0018642745
8554,0.0026592248
8556,0.0023347755
8614,0.0065095053
8643,0.0026962232
8653,0.0019137047
8743,0.0030969943
8796,0.0068851156
8814,0.0023318334
8853,0.0024255968
8881,0.0019122812
8930,0.0019384200
8940,0.0064072777
8962,0.0029675421
9057,0.0076010308
9626,0.0018899068
10278,0.0018668003
11177,0.0027972469
11720,0.0021302490
11846,0.0039431042
434,0.0000000000
435,0.0000886398
436,0.0000886398
438,0.0000886398
440,0.0038370021
441,0.0000886398
1901,0.0000967733
6695,0.0008524777
8062,0.0047781065
6769,0.0053264130
8221,0.0049934252
8244,0.0053096476
5206,0.0052736624
456,0.0041334900
695,0.0037990482
755,0.0046501064
1088,0.0039383182
1150,0.0038341992
1154,0.0038341992
1217,0.0037978840
1631,0.0048958100
1632,0.0048958100
1633,0.0053223818
1634,0.0048958100
1638,0.0049659692
1639,0.0048958100
1640,0.0048958100
1641,0.0051420754
1642,0.0060342604
2095,0.0039510927
2098,0.0038524978
2099,0.0042819480
2104,0.0038524978
2108,0.0039884012
2146,0.0038431841
2203,0.0038165281
2207,0.0049833822
2381,0.0056652912
2384,0.0038435432
2396,0.0044162189
2430,0.0037726600
2433,0.0037726600
2517,0.0041165398
2530,0.0038040717
2531,0.0039710601
2549,0.0051753425
2587,0.0053256358
2589,0.0039838496
2591,0.0039429963
2605,0.0038477926
2606,0.0041209038
2612,0.0038985864
2644,0.0037559780
2719,0.0043125566
2722,0.0048211880
2724,0.0054030470
2726,0.0045948496
3193,0.0038469532
3213,0.0041584309
3216,0.0037779339
3217,0.0038001942
3252,0.0058272079
3281,0.0040854900
3664,0.0039102310
3781,0.0041028516
3782,0.0039128810
4147,0.0050676214
4148,0.0039709265
4149,0.0050676214
4150,0.0050676214
4151,0.0039709265
4155,0.0050676214
4156,0.0039709265
4158,0.0039709265
4159,0.0052119137
4160,0.0050676214
4207,0.0041551544
4223,0.0052475885
4240,0.0037521127
4433,0.0055674140
4434,0.0038048502
4926,0.0037573998
5030,0.0037519560
5141,0.0046469543
5278,0.0039425234
5314,0.0037871012
5394,0.0037519594
5421,0.0037556828
5423,0.0037556828
5431,0.0037826576
5506,0.0038457002
5555,0.0048508958
5589,0.0068667619
5680,0.0038147935
5706,0.0038580310
5729,0.0041354850
5739,0.0037598947
5754,0.0037976136
5756,0.0037976136
5834,0.0037519594
5872,0.0037663846
5880,0.0040230469
6250,0.0037595389
6650,0.0038578775
6653,0.0037997598
6862,0.0040057015
7361,0.0037928339
7435,0.0037809691
7440,0.0037519560
7526,0.0054006201
7527,0.0037629533
7626,0.0041605637
7628,0.0038027389
7629,0.0038100708
7630,0.0038027389
7631,0.0040983366
7727,0.0037637776
7728,0.0040339610
7763,0.0037655988
7815,0.0037862552
8023,0.0037519560
8101,0.0038188432
8103,0.0038188432
8107,0.0048925085
8189,0.0065493037
8193,0.0038215660
8246,0.0037519594
8275,0.0037520151
8326,0.0068520652
9113,0.0038530410
9168,0.0038579507
9232,0.0037927047
9447,0.0039101410
9477,0.0037519733
9627,0.0054944733
9761,0.0037555634
9763,0.0037555634
10351,0.0041805134
10367,0.0043286241
10375,0.0046333231
10450,0.0038454987
10534,0.0037483624
10535,0.0037483624
10537,0.0037483624
10538,0.0037483624
10539,0.0037483624
10540,0.0049303528
10541,0.0037483624
10542,0.0037483624
10543,0.0037483624
10544,0.0037483624
10545,0.0037483624
10546,0.0037483624
10547,0.0037483624
10548,0.0037483624
10549,0.0044776876
10550,0.0037556943
10551,0.0037483624
10552,0.0037483624
10553,0.0037483624
10554,0.0037483624
10555,0.0037483624
10556,0.0037483624
10557,0.0037730826
10558,0.0037483624
10559,0.0037483624
10560,0.0037483624
10562,0.0037483624
10563,0.0037483624
10564,0.0037483624
10565,0.0037483624
10566,0.0037483624
10567,0.0039326952
10568,0.0037483624
10569,0.0048450572
10570,0.0048450572
10571,0.0037483624
10572,0.0037483624
10573,0.0037483624
10574,0.0037483624
10575,0.0037483624
10576,0.0037483624
10577,0.0037483624
10578,0.0037483624
10579,0.0037483624
10580,0.0037483624
10958,0.0051192609
11664,0.0061893511
11785,0.0049250170
12025,0.0043249754
536,0.0005435256
1371,0.0016780659
1846,0.0006340935
1933,0.0018827244
3435,0.0005369908
3438,0.0011267449
3655,0.0008484098
4616,0.0012708056
5218,0.0005353880
5323,0.0010725322
9674,0.0013925385
10272,0.0010260369
11412,0.0005353880
11428,0.0005353880
11450,0.0016086411
2680,0.0008761151
3034,0.0007293252
4766,0.0007914113
5142,0.0007501317
7338,0.0009460637
451,0.0002131671
459,0.0002131671
4544,0.0004332603
6045,0.0004785376
449,0.0001188256
455,0.0001188256
458,0.0001188256
2586,0.0007053883
5491,0.0001961613
5989,0.0001719605
5992,0.0001719605
5993,0.0012875861
490,0.0010194423
4841,0.0017338956
6489,0.0035283600
6719,0.0005999651
8910,0.0007579806
6293,0.0019403946
2554,0.0006063120
4217,0.0002704432
12202,0.0002949036
12203,0.0002701834
12204,0.0002949036
12205,0.0002701834
12206,0.0002701834
12207,0.0002949036
12208,0.0002701834
12209,0.0002701834
12210,0.0002701834
462,0.0000453138
5764,0.0009997101
7441,0.0004823966
6029,0.0000126116
464,0.0000399257
466,0.0000399257
470,0.0000399257
1673,0.0003726942
1678,0.0003726942
2874,0.0038938136
3110,0.0006996555
3245,0.0006867626
4081,0.0013081652
4386,0.0002020959
5138,0.0011191048
9186,0.0003724184
9365,0.0001944376
9366,0.0001944376
9572,0.0018998609
1325,0.0007459093
1327,0.0007459093
4659,0.0018580523
5165,0.0003512631
5166,0.0002029138
1740,0.0004335230
5001,0.0004458282
4106,0.0001661078
4107,0.0001661078
498,0.0004712373
1656,0.0029630975
4357,0.0004885135
4359,0.0010722724
475,0.0001116975
481,0.0001116975
2255,0.0003712391
2483,0.0016070648
3255,0.0013595199
4078,0.0007328656
9115,0.0007952694
531,0.0003864067
4192,0.0005364677
5578,0.0005984029
10415,0.0005222259
487,0.0001151177
489,0.0001151177
493,0.0001151177
495,0.0001151177
496,0.0010364654
497,0.0021312769
499,0.0001151177
634,0.0043465911
635,0.0012494511
784,0.0011566492
1023,0.0019798390
1024,0.0012645157
1025,0.0012645157
1079,0.0011247023
1502,0.0011136707
2044,0.0012759597
2144,0.0011554103
3336,0.0011407316
3983,0.0011021231
5556,0.0011006501
6510,0.0011128330
7038,0.0014645584
7052,0.0010958645
7084,0.0018324882
7098,0.0019429334
7105,0.0011371180
7322,0.0011246149
7325,0.0011246149
7326,0.0013601471
7331,0.0012254512
7336,0.0012131822
7341,0.0011246149
7347,0.0011246149
7349,0.0011246149
7350,0.0011246149
7351,0.0011246149
7353,0.0011246149
7362,0.0011246149
7363,0.0012587792
8570,0.0011266620
10016,0.0010995200
10027,0.0011021838
10030,0.0011033407
10836,0.0010962407
11258,0.0011833788
12536,0.0010948115
12537,0.0010948115
12538,0.0010948115
12539,0.0010948115
12540,0.0010948115
12541,0.0010948115
12542,0.0010948115
12543,0.0010948115
12544,0.0010948115
1285,0.0013075619
2808,0.0016510093
5604,0.0007016341
7996,0.0007124676
9369,0.0007366135
9370,0.0006964387
5712,0.0002730478
534,0.0005146210
1256,0.0002761045
1072,0.0002547998
4190,0.0002249089
3569,0.0007419013
4840,0.0014692599
501,0.0001264753
502,0.0001264753
504,0.0001264753
508,0.0001264753
509,0.0001264753
510,0.0001264753
1563,0.0034934763
3654,0.0019526224
7803,0.0013397596
7804,0.0006800092
932,0.0002844922
3645,0.0011532435
11398,0.0000778809
1178,0.0005180516
1179,0.0006748651
1495,0.0008692082
1496,0.0003098681
1497,0.0003098681
1498,0.0003693703
3964,0.0003790920
3970,0.0004507183
4588,0.0003938884
4591,0.0003938884
5158,0.0012688238
5671,0.0003736286
6321,0.0003385753
6637,0.0003141263
8994,0.0006289713
11064,0.0002627598
11065,0.0002627598
11066,0.0002627598
11067,0.0002627598
11068,0.0002627598
11069,0.0002627598
11070,0.0002627598
1492,0.0001066105
5164,0.0000906399
5672,0.0000595023
5674,0.0000595023
5675,0.0009749263
1499,0.0000471082
642,0.0018512540
949,0.0019919550
1026,0.0018266882
2890,0.0016569840
2952,0.0015623552
4166,0.0039774405
6368,0.0043991787
6874,0.0077281011
7251,0.0015359696
7544,0.0021322110
7615,0.0016929096
8025,0.0025430730
8026,0.0015652091
9344,0.0016911577
12303,0.0057758272
1335,0.0022520288
4689,0.0020785374
2413,0.0015442691
3350,0.0011989089
3906,0.0017185942
4130,0.0007153234
4131,0.0007153234
522,0.0000532134
523,0.0000532134
524,0.0000532134
525,0.0000532134
527,0.0000532134
529,0.0000532134
530,0.0000532134
7401,0.0049947375
8619,0.0002742241
1996,0.0037063406
1997,0.0003095957
928,0.0003389326
2702,0.0014098378
2705,0.0028529507
3501,0.0008701481
9607,0.0016983677
532,0.0000076170
533,0.0000076170
535,0.0000076170
537,0.0000076170
538,0.0000076170
539,0.0000076170
540,0.0000076170
541,0.0000076170
542,0.0000221687
544,0.0000221687
546,0.0000076170
547,0.0000076170
3246,0.0008548745
11449,0.0002617229
3141,0.0004080726
4965,0.0006734393
5973,0.0000319514
11309,0.0007052747
2080,0.0002692884
3146,0.0008883129
3576,0.0002456940
4332,0.0000188445
4334,0.0000321270
4975,0.0000158130
9270,0.0000145517
9271,0.0000145517
2085,0.0003006878
2484,0.0002248778
2486,0.0001933543
1166,0.0002483665
694,0.0000376350
9313,0.0000376350
549,0.0000000000
550,0.0000217757
551,0.0000217757
552,0.0000217757
553,0.0000217757
554,0.0000217757
555,0.0000217757
556,0.0000217757
557,0.0000217757
558,0.0000217757
560,0.0000386122
561,0.0000217757
562,0.0000217757
565,0.0000217757
566,0.0000386122
567,0.0000217757
568,0.0000217757
569,0.0000386122
571,0.0000217757
572,0.0000217757
574,0.0000217757
5790,0.0001863358
7653,0.0007349196
2013,0.0021153982
2016,0.0008139458
3330,0.0003265904
3680,0.0001206295
5178,0.0004767808
5181,0.0001444277
5822,0.0001223528
9104,0.0002228654
9175,0.0002684488
9177,0.0001175102
9178,0.0001175102
9247,0.0001213176
9253,0.0001213176
9254,0.0001213176
9638,0.0001173981
9880,0.0001269126
10257,0.0001267911
11146,0.0002685585
11159,0.0001173975
12248,0.0001172849
12249,0.0001172849
12250,0.0001172849
12251,0.0001172849
12252,0.0001172849
12253,0.0001172849
12254,0.0001172849
12255,0.0001172849
12256,0.0001172849
12257,0.0001172849
12258,0.0001172849
12259,0.0001172849
12260,0.0001172849
12261,0.0001172849
12262,0.0001172849
12263,0.0001172849
12264,0.0001172849
12265,0.0001172849
1659,0.0018246599
4125,0.0011742300
4556,0.0024484033
11500,0.0001826235
799,0.0000725757
1717,0.0008151331
5789,0.0000351804
1473,0.0003638307
1520,0.0000580415
2834,0.0001382750
5279,0.0000168365
5280,0.0005429837
923,0.0002774877
3105,0.0003849001
4141,0.0003962224
5317,0.0020760555
5981,0.0006614980
11363,0.0007704212
7033,0.0004535017
9874,0.0010524315
2062,0.0000051293
2324,0.0004717535
735,0.0002745723
800,0.0001684867
3735,0.0001879995
4982,0.0001814663
7702,0.0000086482
938,0.0033610340
1848,0.0005685914
577,0.0001750267
580,0.0014052837
581,0.0001750267
582,0.0001750267
586,0.0001750267
588,0.0001750267
589,0.0001750267
590,0.0001750267
592,0.0001750267
593,0.0001750267
4476,0.0008209402
4632,0.0006360088
6267,0.0007123991
8645,0.0006738711
10453,0.0008101052
11503,0.0006572823
11592,0.0012580450
1244,0.0008656607
2713,0.0019297115
10293,0.0001242457
3696,0.0013308456
11410,0.0016968094
7128,0.0002065071
1250,0.0010837333
8729,0.0005250762
2985,0.0009442830
8986,0.0001269800
10460,0.0000085520
914,0.0000993908
915,0.0000993908
916,0.0000993908
917,0.0004007752
919,0.0000993908
920,0.0004953078
921,0.0004007752
924,0.0004007752
926,0.0000993908
947,0.0010839030
1746,0.0006947382
2066,0.0006678874
7356,0.0003566365
10417,0.0038201807
1084,0.0004073809
2422,0.0025158400
5258,0.0003774901
5259,0.0003774901
9691,0.0004723394
11527,0.0001778365
1921,0.0006602136
4874,0.0007673325
4875,0.0004079816
4876,0.0001406177
4877,0.0001406177
4878,0.0001406177
6628,0.0010621097
1077,0.0000763278
1646,0.0001234291
3002,0.0000472142
5855,0.0000464818
5939,0.0000464370
2520,0.0005399621
2938,0.0005323181
3452,0.0036640032
4823,0.0038542383
5682,0.0015840396
6152,0.0005328284
2312,0.0001699553
6012,0.0001258100
9872,0.0001196068
9873,0.0001196068
10207,0.0001193739
10208,0.0001193739
597,0.0000000000
598,0.0000218777
599,0.0000218777
600,0.0000218777
601,0.0000218777
602,0.0000218777
1944,0.0010672988
7875,0.0000675749
9287,0.0016223071
5567,0.0001587805
8278,0.0000861906
8279,0.0000861906
2625,0.0022109657
11974,0.0010731758
11305,0.0041435307
4867,0.0009267339
2273,0.0003526289
9814,0.0003424557
3140,0.0016359881
11490,0.0009274140
614,0.0000000000
615,0.0000004073
617,0.0000004073
619,0.0000044746
10380,0.0001608413
622,0.0001546396
626,0.0001546396
627,0.0001546396
628,0.0001546396
629,0.0001546396
632,0.0001546396
639,0.0001660630
640,0.0002005597
641,0.0001546396
961,0.0003650476
2205,0.0035237652
3806,0.0003584594
3807,0.0003584594
3808,0.0003584594
3809,0.0004921662
3811,0.0003584594
3812,0.0005390062
3813,0.0003584594
6827,0.0002696471
7462,0.0004667456
10144,0.0006298801
3256,0.0009201632
4113,0.0001640114
4613,0.0001788514
9326,0.0051160825
11430,0.0003515892
11467,0.0001638543
11469,0.0001638543
11499,0.0001638543
1338,0.0040144163
1362,0.0037917400
1452,0.0048496715
1672,0.0032753966
1676,0.0031236039
1835,0.0045307892
1836,0.0033844114
2115,0.0033650254
2259,0.0031069460
3222,0.0031922174
3404,0.0031877039
4249,0.0037321391
4547,0.0031822295
4857,0.0031380191
5051,0.0034256638
5177,0.0037050034
5187,0.0033307436
5254,0.0035555164
5504,0.0031038026
5744,0.0031056533
6091,0.0031003768
6534,0.0040043793
6717,0.0033530733
8780,0.0050651879
9106,0.0033445981
9566,0.0032404987
9623,0.0031012962
10984,0.0032588270
12136,0.0030971400
12137,0.0030971400
12138,0.0030971400
12139,0.0030971400
12140,0.0030971400
12141,0.0030971400
12142,0.0030971400
12143,0.0030971400
12144,0.0030971400
12145,0.0030971400
12146,0.0030971400
12147,0.0030971400
12148,0.0030971400
12149,0.0030971400
12150,0.0030971400
12151,0.0030971400
12152,0.0030971400
12153,0.0030971400
12154,0.0030971400
12156,0.0030971400
12157,0.0030971400
12158,0.0030971400
12159,0.0030971400
12160,0.0030971400
12161,0.0045585449
12162,0.0030971400
12163,0.0030971400
3340,0.0002412103
9669,0.0008837749
9670,0.0000712083
10128,0.0000528452
5144,0.0000970659
10002,0.0000115307
10003,0.0000115307
10143,0.0000114235
10145,0.0000999907
10146,0.0000999907
10147,0.0000999907
10148,0.0000114235
10149,0.0000114235
10150,0.0000999907
10220,0.0000589698
7176,0.0001636861
7179,0.0001636861
7402,0.0003178789
7461,0.0002856711
10018,0.0001900807
10079,0.0001621245
10080,0.0001621245
10081,0.0001621245
10082,0.0001750079
10083,0.0001621245
10084,0.0001621245
10085,0.0001621245
10086,0.0001621245
3337,0.0000737083
3341,0.0000459201
3342,0.0000459201
891,0.0003484145
1022,0.0002921982
2598,0.0001464235
2891,0.0001224940
2893,0.0001224940
2896,0.0001224940
2897,0.0001224940
644,0.0000002375
645,0.0000002375
646,0.0000002375
648,0.0000002375
649,0.0000002375
10405,0.0000067410
11420,0.0004528868
1540,0.0021553493
4984,0.0007264160
9921,0.0002001777
12169,0.0002716705
652,0.0000509395
653,0.0000509395
1970,0.0001830292
4066,0.0004245995
4571,0.0001031760
2330,0.0030760208
4994,0.0002346129
5064,0.0000974112
3747,0.0005038893
2660,0.0003389912
3748,0.0002655752
661,0.0000228017
662,0.0000228017
665,0.0000228017
1508,0.0000465603
2377,0.0001183864
3398,0.0004405462
3493,0.0000277011
10215,0.0001994957
3360,0.0002136736
668,0.0001035217
669,0.0001035217
671,0.0001035217
672,0.0001035217
673,0.0001203279
677,0.0004669016
3376,0.0016267228
3879,0.0022362376
7008,0.0020169927
834,0.0002503575
2012,0.0012847890
11025,0.0008819917
6080,0.0004644000
9756,0.0012483406
5620,0.0019943152
5984,0.0010733363
7842,0.0009305457
1351,0.0005393550
3375,0.0022244940
4415,0.0009338350
5305,0.0002617165
7840,0.0007571682
1517,0.0000928793
1833,0.0003039710
1834,0.0023416033
2241,0.0002747284
4327,0.0002903899
4366,0.0002055056
4464,0.0002152133
4465,0.0001306499
4466,0.0000949774
9357,0.0009517775
679,0.0000000000
680,0.0000021129
681,0.0000021129
682,0.0000021129
684,0.0000021129
685,0.0000021129
686,0.0000021129
687,0.0000021129
688,0.0000021129
689,0.0000021129
690,0.0000021129
691,0.0000021129
692,0.0000021129
693,0.0000021129
11907,0.0003452339
7540,0.0002583700
10682,0.0013694511
3430,0.0002660712
6655,0.0001989158
7149,0.0000568003
8280,0.0005172030
697,0.0000506858
4390,0.0009750669
5031,0.0014160847
699,0.0002074657
1611,0.0040567233
1801,0.0032355479
1838,0.0039745577
2500,0.0029582193
2840,0.0036312864
2994,0.0029559488
3772,0.0029237694
4453,0.0040805539
4950,0.0032981400
5770,0.0033809932
5961,0.0033703160
6918,0.0029415404
6963,0.0029020941
9012,0.0031170846
9240,0.0034705883
9862,0.0029024150
10381,0.0029308136
12419,0.0029253871
2374,0.0003400085
2799,0.0003177272
2880,0.0004181337
4019,0.0003649565
4259,0.0003867560
5940,0.0004412594
8438,0.0003195985
8513,0.0002996049
8514,0.0002996049
8515,0.0003734073
1263,0.0007087838
1276,0.0007253515
8956,0.0011341312
11187,0.0013284185
5979,0.0033928351
8806,0.0021519139
9868,0.0018816411
704,0.0000000000
705,0.0000000000
706,0.0000000000
707,0.0000000000
708,0.0000000000
9943,0.0000269823
2954,0.0000233836
9894,0.0001683954
710,0.0000553475
711,0.0000553475
713,0.0000553475
714,0.0000553475
715,0.0000699650
716,0.0000553475
717,0.0001157147
719,0.0000553475
720,0.0000553475
7885,0.0000603672
727,0.0003474620
730,0.0001689917
731,0.0003474620
734,0.0001689917
736,0.0001689917
737,0.0003474620
738,0.0001689917
739,0.0001689917
742,0.0002549062
743,0.0001689917
746,0.0003474620
747,0.0001689917
748,0.0001689917
749,0.0001689917
3855,0.0013841174
1372,0.0005078829
5703,0.0003687778
8501,0.0005802774
10459,0.0002359642
1284,0.0010941749
1831,0.0010680415
5483,0.0017470268
5574,0.0012212589
6892,0.0010026799
6929,0.0006341893
8224,0.0015330393
12376,0.0005164184
3361,0.0003312293
3362,0.0003312293
3363,0.0004259611
3364,0.0007491827
3365,0.0003312293
3366,0.0003312293
3367,0.0003312293
3368,0.0004522847
3369,0.0004259611
9635,0.0004691743
9233,0.0000947318
9234,0.0000947318
975,0.0006889029
2118,0.0007316108
10330,0.0010433126
4960,0.0001825451
804,0.0004386642
1893,0.0003229757
2116,0.0003944089
2123,0.0006047965
2368,0.0003560420
5363,0.0005808790
6536,0.0003225393
6593,0.0003016756
6845,0.0003155278
6960,0.0003057830
6961,0.0003057830
6962,0.0003057830
7512,0.0003016854
7694,0.0003777305
9275,0.0005259325
9909,0.0003220429
9910,0.0003220429
10117,0.0003189505
12428,0.0003013844
12429,0.0003013844
12430,0.0003013844
12431,0.0003013844
12432,0.0003013844
12433,0.0003013844
12434,0.0003013844
12435,0.0003013844
12436,0.0003013844
12437,0.0003013844
12438,0.0003013844
12439,0.0003013844
12440,0.0003013844
12441,0.0003013844
12442,0.0003013844
12443,0.0003013844
12444,0.0003013844
12445,0.0003013844
12446,0.0003013844
12447,0.0003013844
12448,0.0003013844
12449,0.0003013844
12450,0.0003013844
12451,0.0003013844
12452,0.0003013844
754,0.0002777560
758,0.0002777560
762,0.0002777560
768,0.0002777560
11694,0.0001431963
11695,0.0001788053
11696,0.0001431963
11697,0.0001431963
11698,0.0001431963
11872,0.0001173645
12511,0.0005257903
2848,0.0007679368
6651,0.0000513974
6652,0.0000513974
3549,0.0012641121
5415,0.0000460122
2538,0.0004932352
4073,0.0010494262
2148,0.0000434244
6676,0.0002993659
7932,0.0002745889
4206,0.0001322031
4208,0.0001322031
770,0.0000000000
771,0.0000241149
772,0.0000241149
773,0.0000241149
775,0.0000241149
776,0.0000241149
777,0.0002627455
778,0.0000241149
779,0.0000241149
1555,0.0006152458
3840,0.0017475202
4229,0.0006234994
4374,0.0015605857
6780,0.0031803967
9777,0.0022393764
2218,0.0005657090
3121,0.0002888591
3349,0.0001006408
4137,0.0003020027
7140,0.0003673735
12085,0.0002503245
1245,0.0003773678
1252,0.0003853138
1560,0.0006102222
1870,0.0002881923
2051,0.0006716805
2052,0.0002386307
2053,0.0002386307
2054,0.0005766316
9675,0.0022785827
11423,0.0004553371
2454,0.0007221158
4428,0.0013404039
7941,0.0031440391
9418,0.0008960303
10457,0.0015952196
7647,0.0021879627
12064,0.0012399637
4226,0.0021960524
4231,0.0007415138
5810,0.0013083213
6500,0.0007262666
8683,0.0007826134
9499,0.0012204684
782,0.0000618377
783,0.0000618377
786,0.0000170564
788,0.0000170564
5910,0.0003659550
2004,0.0005620760
791,0.0000629062
792,0.0000629062
794,0.0000629062
797,0.0000629062
801,0.0000629062
808,0.0001185746
809,0.0001929482
812,0.0001580938
816,0.0000629062
817,0.0000629062
9882,0.0008783137
1721,0.0006687098
2121,0.0006025455
4808,0.0007637345
5836,0.0011874530
9117,0.0005079134
9509,0.0004823382
7364,0.0007071954
9470,0.0007381594
967,0.0004821528
2024,0.0002161905
3752,0.0000556684
3753,0.0001673598
3754,0.0000556684
3755,0.0002797127
3756,0.0000973290
3757,0.0000988784
5802,0.0005236960
6976,0.0003865212
2817,0.0009717661
9353,0.0000559296
2444,0.0004933287
3676,0.0000777182
4365,0.0004849137
4554,0.0002510004
7764,0.0015841352
2361,0.0000970563
3730,0.0000824189
3731,0.0000824189
3732,0.0000824189
3733,0.0000824189
3734,0.0000824189
3736,0.0000824189
1809,0.0002104612
6182,0.0004647121
6184,0.0002406678
9805,0.0001889712
9314,0.0002512271
9315,0.0002512271
2743,0.0001061233
2439,0.0000680048
2442,0.0000680048
2443,0.0020905415
819,0.0001017687
2791,0.0011134986
3690,0.0011763570
12015,0.0008561725
7642,0.0005815784
826,0.0000111887
827,0.0000111887
829,0.0000111887
10305,0.0006972395
907,0.0001217697
1670,0.0002739764
3127,0.0006815426
3183,0.0001165839
3184,0.0001165839
3185,0.0001165839
3186,0.0001165839
3187,0.0001278804
3188,0.0001165839
3189,0.0001165839
3190,0.0001165839
3191,0.0001165839
3865,0.0003486764
6403,0.0003645957
6910,0.0001316504
7002,0.0001165839
7019,0.0013882389
9199,0.0002897006
4336,0.0000754298
5655,0.0000495357
5656,0.0000495357
5658,0.0000495357
5659,0.0000495357
5660,0.0000495357
9201,0.0019624523
2403,0.0003734553
12016,0.0006442154
6897,0.0000813457
9454,0.0000079334
9455,0.0000079334
833,0.0000518373
835,0.0000518373
840,0.0000518373
842,0.0000518373
846,0.0005104110
4706,0.0002381601
1734,0.0002948183
1817,0.0003727048
2107,0.0025722535
2790,0.0021779770
4304,0.0002210335
4305,0.0002210335
2543,0.0004691232
2931,0.0005995530
3751,0.0024292617
3829,0.0022747994
4809,0.0015580420
5049,0.0006539230
7474,0.0004577577
8084,0.0004577577
10993,0.0010173932
11370,0.0004944906
2942,0.0001423600
2788,0.0001455073
1065,0.0002005972
1811,0.0004445030
3786,0.0019821426
3787,0.0001707064
3878,0.0002626500
4089,0.0001453984
4239,0.0001597382
5252,0.0001405247
5253,0.0002293402
5255,0.0002021169
5256,0.0002021169
851,0.0001783796
854,0.0001783796
3743,0.0009405077
9333,0.0001841007
9742,0.0001649187
3581,0.0003000283
861,0.0001225667
863,0.0001225667
864,0.0001225667
865,0.0001225667
866,0.0002652459
868,0.0001225667
869,0.0002652459
872,0.0001225667
873,0.0002482899
874,0.0001225667
875,0.0003909690
4593,0.0002568516
6525,0.0001257231
6527,0.0001257231
6529,0.0001257231
6530,0.0001257231
7222,0.0000560234
878,0.0000826749
879,0.0000826749
885,0.0000826749
887,0.0000826749
2682,0.0000803611
8762,0.0011805148
5648,0.0001310973
9883,0.0002122599
3662,0.0011170214
10672,0.0016861746
2328,0.0003057368
898,0.0002259205
899,0.0002259205
904,0.0004908162
5271,0.0003120917
5749,0.0004749233
5750,0.0004302053
4061,0.0003991077
4062,0.0003991077
4064,0.0005167474
1697,0.0002416079
3480,0.0003764524
5173,0.0010388111
5315,0.0012850826
1472,0.0003322905
1589,0.0003798740
1875,0.0002269603
1877,0.0004371004
1879,0.0002269603
8082,0.0006549787
3963,0.0002221395
5445,0.0001689950
1652,0.0001876784
1654,0.0010858641
1655,0.0010858641
1657,0.0012507115
2604,0.0002472431
6356,0.0002216028
908,0.0000051858
909,0.0000051858
912,0.0000051858
913,0.0000051858
6968,0.0002568851
6932,0.0001664494
3017,0.0022603551
4549,0.0000977565
5775,0.0000946232
8441,0.0010395482
8457,0.0002035380
8923,0.0000945326
8924,0.0000945326
8925,0.0000945326
8926,0.0001955498
5395,0.0001452393
934,0.0000984999
1729,0.0002707296
6177,0.0001638078
6332,0.0002320108
6491,0.0011117986
6493,0.0011117986
7776,0.0002344258
7904,0.0009653063
8259,0.0002412119
9439,0.0002686130
9440,0.0001569216
2011,0.0002816385
2215,0.0019870050
9437,0.0002008541
9438,0.0001694162
6174,0.0016876195
6494,0.0009548769
6582,0.0008619463
7376,0.0010745734
7659,0.0012289118
7663,0.0009387036
7768,0.0008092463
7848,0.0012636466
7902,0.0008297412
7903,0.0008083847
7905,0.0008083847
7906,0.0008083847
8699,0.0014212390
11970,0.0009615642
7809,0.0004920483
7822,0.0002551866
8445,0.0000850077
1309,0.0006482529
9611,0.0003217783
936,0.0000000000
941,0.0000122169
942,0.0003087877
965,0.0001651306
972,0.0005496385
1101,0.0003208270
1586,0.0001529137
1587,0.0019643499
1592,0.0001529137
1593,0.0001771700
6395,0.0007887213
10249,0.0003249655
11445,0.0005419133
1102,0.0000481413
1712,0.0000262059
2150,0.0004208493
5222,0.0000242563
5223,0.0000355528
5224,0.0000242563
10241,0.0000418122
1665,0.0001508120
4101,0.0000643183
5074,0.0000205919
5075,0.0000205919
5077,0.0000205919
1866,0.0001932187
2467,0.0000070220
946,0.0004574650
3832,0.0016230825
954,0.0000065882
955,0.0001562952
956,0.0000065882
957,0.0000065882
958,0.0000065882
959,0.0000065882
962,0.0000065882
12128,0.0001497070
12129,0.0001767524
2136,0.0000624126
2137,0.0000624126
6903,0.0001074773
1010,0.0009514164
1063,0.0009453148
1489,0.0009764669
1528,0.0027680652
1692,0.0009699620
1934,0.0009417186
1935,0.0009417186
2007,0.0009921000
2010,0.0009921000
2057,0.0009336963
2058,0.0009336963
2833,0.0009424708
3056,0.0010031272
3123,0.0009186026
3139,0.0012295644
4261,0.0009589246
4398,0.0009228643
5368,0.0009163025
5426,0.0010510811
5612,0.0009862315
5916,0.0009604298
6211,0.0009252044
6212,0.0012092965
6213,0.0009252044
6216,0.0009252044
6481,0.0010030013
6487,0.0012634752
7134,0.0012267256
7160,0.0009886602
8370,0.0009171860
9618,0.0009619145
10374,0.0009163017
10639,0.0009163050
10649,0.0009601827
10653,0.0009154240
10654,0.0009154240
10655,0.0010362258
10656,0.0009154240
10657,0.0009154240
10658,0.0009154240
10659,0.0009154240
10660,0.0009154240
10661,0.0009154240
10662,0.0009154240
10663,0.0009154240
10664,0.0009154240
10665,0.0009154240
10666,0.0009154240
10667,0.0009201893
10668,0.0010431024
10669,0.0011711980
10670,0.0009154240
10671,0.0009154240
10673,0.0009154240
10674,0.0009952767
10675,0.0009154240
10676,0.0009154240
10677,0.0009154240
10678,0.0009154240
10679,0.0009154240
10680,0.0009154240
10681,0.0009952767
970,0.0000336138
973,0.0000115107
1824,0.0001745545
3259,0.0001216919
3582,0.0001623073
4080,0.0000970301
2170,0.0002066733
2233,0.0001084569
4538,0.0000191937
10248,0.0003781799
6805,0.0000225114
3578,0.0009862513
4628,0.0009739905
2158,0.0001356386
2448,0.0000655671
3763,0.0000760301
4963,0.0000793789
5089,0.0000504714
5090,0.0001531505
5091,0.0001111332
5092,0.0000512281
1000,0.0000476228
5897,0.0000104484
5898,0.0000104484
5899,0.0000107494
5900,0.0000104484
977,0.0001327151
982,0.0001327151
984,0.0001327151
985,0.0001553044
987,0.0001327151
988,0.0001327151
5134,0.0004232447
6417,0.0003715291
2914,0.0000960803
5575,0.0001711028
7066,0.0000174886
991,0.0000214982
992,0.0000146913
993,0.0000214982
995,0.0000146913
996,0.0001161823
997,0.0000146913
998,0.0000146913
1003,0.0001004547
1714,0.0000451483
1723,0.0000572856
2130,0.0000185548
2132,0.0000185548
2133,0.0000410380
2131,0.0001515978
2134,0.0000117480
1727,0.0020057538
2391,0.0002678419
4773,0.0000079460
4775,0.0001527390
2388,0.0002758801
2760,0.0000224831
2761,0.0000224831
1246,0.0001387371
2929,0.0000393996
6705,0.0000027008
9067,0.0000022627
1095,0.0004930317
4363,0.0001293567
9823,0.0001039391
9334,0.0001576934
1715,0.0000158583
1716,0.0000158583
1718,0.0002148216
1722,0.0000158583
1724,0.0000158583
1725,0.0000158583
1726,0.0000291902
1728,0.0000158583
1730,0.0000158583
10336,0.0001602705
1005,0.0000359924
1006,0.0000359924
1007,0.0000359924
1016,0.0001697042
1019,0.0001697042
7675,0.0002833981
1040,0.0000810677
1041,0.0000810677
1043,0.0000810677
1044,0.0000810677
5805,0.0005213389
4335,0.0000258941
4337,0.0000258941
4338,0.0000258941
1232,0.0005024913
1804,0.0002604137
5878,0.0000160885
5879,0.0000533591
6760,0.0012063742
9994,0.0008473285
11436,0.0003665208
7004,0.0000115578
9244,0.0000032869
11711,0.0000230722
6945,0.0000903195
9494,0.0004280760
6014,0.0000449203
7192,0.0000000431
1064,0.0000298908
1067,0.0000298908
1068,0.0000298908
1073,0.0000298908
1074,0.0000298908
1075,0.0000298908
1076,0.0000298908
1080,0.0000298908
1081,0.0000298908
1082,0.0000298908
1085,0.0000298908
1086,0.0000298908
1087,0.0000298908
1089,0.0000298908
3200,0.0005421240
3201,0.0005421240
3202,0.0005421240
5926,0.0007773825
10630,0.0010125975
6173,0.0001201776
10276,0.0004743415
7102,0.0002102416
10124,0.0000186096
10125,0.0000186096
4238,0.0001093884
1100,0.0001512058
4143,0.0004646931
9616,0.0002421290
3552,0.0002726183
4046,0.0024261778
6823,0.0002236832
5176,0.0006078633
10260,0.0004987861
3415,0.0001018415
1104,0.0000081335
1105,0.0000081335
1108,0.0000081335
1109,0.0000081335
1110,0.0000081335
1112,0.0000081335
9359,0.0000110235
2516,0.0002976580
4320,0.0000053554
4442,0.0000053502
4443,0.0000053502
3656,0.0000702917
3657,0.0001327169
3658,0.0000702917
3659,0.0000702917
1271,0.0000617018
2027,0.0000220178
2028,0.0000220178
3163,0.0002666335
1115,0.0000487341
1117,0.0000487341
1119,0.0000487341
1121,0.0000487341
1122,0.0001424427
1123,0.0001424427
1124,0.0000487341
1125,0.0001424427
1126,0.0000487341
1744,0.0003576117
2687,0.0000518566
4707,0.0001195112
4708,0.0001451631
4709,0.0000514545
4849,0.0001879958
6692,0.0000937086
6693,0.0002503480
6694,0.0000937086
7789,0.0000243388
5068,0.0010327186
1132,0.0000466615
1138,0.0000466615
1141,0.0000466615
1143,0.0001304810
3230,0.0001583155
3242,0.0002012781
3260,0.0004782050
3544,0.0001515571
3744,0.0002683051
3746,0.0001255222
5419,0.0004926368
5825,0.0001471998
9518,0.0001182098
9519,0.0002227518
3601,0.0001073749
2078,0.0001073335
2079,0.0001074364
2084,0.0001073335
1322,0.0003725392
4087,0.0000565371
4606,0.0000459800
1757,0.0000838195
11788,0.0003402980
6284,0.0000059869
6285,0.0000059869
6286,0.0000059869
1149,0.0000858369
1153,0.0000858369
1156,0.0000858369
1157,0.0000858369
5904,0.0007107762
9624,0.0007356013
8241,0.0002306707
2437,0.0002710148
5488,0.0006244284
6450,0.0004717218
1160,0.0000919262
1161,0.0000919262
10438,0.0005468039
1164,0.0000002386
1165,0.0000002386
1167,0.0000002386
2230,0.0001706874
3399,0.0001710719
4348,0.0000076923
6840,0.0001459099
4001,0.0001569717
4003,0.0001568135
4006,0.0001942495
4501,0.0002085727
1181,0.0000142886
1182,0.0000142886
1183,0.0000142886
1184,0.0000142886
1185,0.0000142886
1186,0.0000142886
1188,0.0000142886
1189,0.0000142886
8887,0.0000203983
4400,0.0001337067
4401,0.0001878555
4402,0.0004369173
1196,0.0001760520
2537,0.0002195514
2901,0.0002379590
2902,0.0002379590
4486,0.0004282918
4488,0.0002182643
1199,0.0000916525
1201,0.0000916525
1203,0.0000916525
1209,0.0000443658
1212,0.0000443658
6643,0.0015094976
6646,0.0016644072
8337,0.0005820717
1216,0.0000495216
1221,0.0000658002
3512,0.0000836119
4496,0.0006432242
10468,0.0004535482
1637,0.0001209120
2934,0.0003378603
6354,0.0017937426
7810,0.0003299528
7811,0.0003299528
6662,0.0006239221
6408,0.0027107578
6715,0.0011555059
7916,0.0003016708
8044,0.0003016152
9768,0.0003013252
1751,0.0009181435
1803,0.0002922592
3372,0.0018085541
3373,0.0000479340
3374,0.0011432146
1234,0.0000000000
1235,0.0000000000
1236,0.0000000000
1237,0.0000000000
1238,0.0000000000
1239,0.0000000000
1240,0.0000000000
1241,0.0000000000
1242,0.0000000000
1243,0.0000000000
1249,0.0000529737
1251,0.0001248149
1253,0.0000529737
1257,0.0000529737
1258,0.0000529737
12548,0.0003743721
5378,0.0000842559
7051,0.0000501262
8439,0.0001173113
2304,0.0000827161
3382,0.0004964084
4776,0.0000718411
4778,0.0000718411
4780,0.0000718411
4781,0.0000718411
4782,0.0000718411
4783,0.0000718411
4785,0.0001843405
4786,0.0003010503
4852,0.0002158625
5947,0.0000117008
2515,0.0000342340
8610,0.0000875620
1261,0.0000734123
1262,0.0000734123
1264,0.0000396840
1266,0.0000396840
1267,0.0000396840
1268,0.0000396840
1269,0.0000396840
1270,0.0000396840
1272,0.0000396840
1273,0.0000396840
1274,0.0000396840
1532,0.0008019093
2179,0.0008019093
3015,0.0015567557
3021,0.0015567557
3556,0.0015673558
3635,0.0009668971
3636,0.0008912522
3640,0.0009588787
4546,0.0013842023
5067,0.0008055259
6196,0.0008163525
6995,0.0008049941
6999,0.0010090180
7114,0.0017308789
7117,0.0018557648
8440,0.0014836075
8468,0.0008360424
8739,0.0008352899
8740,0.0011070886
8797,0.0008309678
8805,0.0008163044
8821,0.0008044190
8822,0.0008468768
8824,0.0009614243
9968,0.0009133667
12048,0.0015799896
12426,0.0008019093
12427,0.0008019093
9302,0.0004172653
2960,0.0011269160
2964,0.0006771506
5247,0.0006651294
5281,0.0006566121
5769,0.0002162799
1278,0.0000237270
1279,0.0000237270
1281,0.0000237270
1283,0.0000237270
1286,0.0000237270
1287,0.0000237270
1288,0.0000237270
1289,0.0000237270
1290,0.0000237270
1292,0.0001720763
1293,0.0000237270
1294,0.0000237270
1295,0.0000237270
1296,0.0000237270
3151,0.0001520688
3251,0.0001528067
3332,0.0001417689
5417,0.0001281107
9861,0.0001053344
1454,0.0002166461
2161,0.0001807060
3857,0.0001006539
4691,0.0002914520
4692,0.0002914520
3877,0.0020819108
4660,0.0002638905
4661,0.0001503771
5539,0.0001485130
6183,0.0002207044
12198,0.0001483493
12199,0.0001483493
12200,0.0001483493
12201,0.0001483493
5109,0.0002961747
5732,0.0000669601
5733,0.0000669601
5734,0.0000669601
1299,0.0003264745
1300,0.0003264745
1303,0.0003264745
1304,0.0003264745
1306,0.0003264745
2415,0.0011887090
10332,0.0009414436
3084,0.0005066594
3911,0.0003060815
7454,0.0008436412
7935,0.0002532390
4404,0.0001305976
1316,0.0001219213
1318,0.0001219213
1319,0.0001219213
1323,0.0001219213
1326,0.0001219213
2590,0.0006435313
4145,0.0013192590
4955,0.0011335350
8225,0.0016979720
2594,0.0001946340
3132,0.0005833595
2905,0.0002404061
3243,0.0003837567
3503,0.0005322629
8393,0.0011724680
5480,0.0000029520
5521,0.0004579309
5044,0.0012615697
6338,0.0006892539
6443,0.0007932876
7010,0.0008744400
4278,0.0002473470
8331,0.0003468627
8878,0.0000845572
1354,0.0000572629
1355,0.0000572629
1358,0.0000572629
9264,0.0000171626
9265,0.0001076272
9266,0.0000171626
9267,0.0000171626
9268,0.0000171626
2616,0.0004211292
9102,0.0003749505
1360,0.0000867366
1361,0.0000867366
1363,0.0000867366
1365,0.0000867366
1366,0.0000867366
1367,0.0000867366
4799,0.0000144730
1370,0.0000024606
9197,0.0000331699
2853,0.0001039463
3153,0.0001053951
3237,0.0000987055
3238,0.0000987055
3239,0.0000987055
3240,0.0001758105
3241,0.0000987055
1373,0.0000043648
1375,0.0000043648
1376,0.0000043864
1377,0.0000043864
1378,0.0000043864
4793,0.0000093697
5250,0.0000000216
5251,0.0000000216
4077,0.0003666874
5803,0.0001342316
5804,0.0001342316
5972,0.0000024184
3232,0.0001665007
5948,0.0001809673
8019,0.0001903489
9245,0.0001693954
9246,0.0002705020
9631,0.0001502399
9632,0.0001502399
12234,0.0001507858
9784,0.0000146283
3483,0.0003442170
1408,0.0010395699
1411,0.0010395699
3416,0.0013977773
8176,0.0015420672
1682,0.0004042589
2794,0.0001592667
8332,0.0001518308
8334,0.0001518308
3529,0.0003075844
7234,0.0001278307
1443,0.0000142215
3469,0.0000398991
4383,0.0000091871
1446,0.0000176539
1448,0.0000176539
1449,0.0000176539
1455,0.0001352216
1457,0.0001352216
4242,0.0002374017
1570,0.0001103619
1573,0.0001103619
1574,0.0001103619
1769,0.0022431930
1465,0.0000000000
1466,0.0000000000
1467,0.0000000000
1468,0.0000000000
1469,0.0000000000
1471,0.0001053302
1474,0.0001053302
1480,0.0001281068
1481,0.0001445014
1482,0.0001281068
1483,0.0001281068
1485,0.0001217247
1486,0.0001217247
1812,0.0002737966
2071,0.0019511207
5440,0.0000974200
7936,0.0000228424
7939,0.0000228424
7940,0.0000228424
9694,0.0000227766
9695,0.0000227766
9696,0.0000227766
1600,0.0018704377
1675,0.0018379001
1742,0.0018852210
1816,0.0019882055
1928,0.0018766751
1932,0.0018217922
1989,0.0018196432
2073,0.0018670080
2117,0.0021370663
2171,0.0018869483
2232,0.0021455672
2924,0.0018228097
2980,0.0018413460
3114,0.0018476123
3371,0.0020443527
3506,0.0018332745
3573,0.0018240602
3767,0.0018143402
4090,0.0018414223
4096,0.0018551625
4136,0.0021900860
4412,0.0018620225
4693,0.0018219568
4695,0.0020956088
5040,0.0018480621
5093,0.0018317059
5229,0.0018241734
5309,0.0018335212
5511,0.0018377707
5781,0.0018241955
5846,0.0019558284
6576,0.0018760919
8984,0.0018627636
9269,0.0018308477
9452,0.0018199545
9472,0.0018229404
9839,0.0018967196
9963,0.0020253640
9964,0.0018172087
10156,0.0019142976
10335,0.0018131728
10986,0.0018610439
11027,0.0018246696
11029,0.0018246696
11304,0.0018131728
11323,0.0019163018
11447,0.0018238492
11633,0.0020312067
12112,0.0018706827
12378,0.0018114362
12379,0.0018114362
12380,0.0018114362
12381,0.0018114362
12382,0.0018114362
12383,0.0018114362
12384,0.0018114362
12385,0.0020214637
12386,0.0018114362
12387,0.0018114362
12388,0.0018114362
12389,0.0018114362
12390,0.0018114362
12391,0.0018114362
12392,0.0018114362
12393,0.0018114362
12394,0.0018114362
12395,0.0020214637
2213,0.0000225688
2216,0.0001234776
2882,0.0000163945
5549,0.0001042227
5550,0.0001426705
6078,0.0001040708
1741,0.0001913341
1779,0.0001131762
9198,0.0000613361
10645,0.0007971157
1971,0.0004040968
9161,0.0003242436
1504,0.0000188592
1505,0.0000188592
1506,0.0000238448
1507,0.0000188592
1509,0.0000188592
1510,0.0000188592
1511,0.0000188592
1512,0.0000188592
1514,0.0000188592
1515,0.0000188592
12086,0.0001659744
1898,0.0000049856
1899,0.0000049856
1900,0.0000049856
1518,0.0000412050
1521,0.0000412050
1522,0.0000412050
1524,0.0000412050
1527,0.0000412050
4292,0.0001719218
1963,0.0003158817
8359,0.0000957219
8648,0.0000916363
8649,0.0000916363
8650,0.0001145379
8651,0.0006259863
8652,0.0006423742
7071,0.0002968483
6908,0.0001126572
1599,0.0001388547
1959,0.0000798532
1962,0.0000798532
1965,0.0000798532
1974,0.0002378570
5753,0.0007079062
5844,0.0001443922
5845,0.0001815466
1533,0.0000018292
1534,0.0000018292
1536,0.0000018292
1537,0.0000018292
1538,0.0000018292
1539,0.0000018292
9924,0.0001562646
5341,0.0000583396
8381,0.0001131828
8401,0.0000416325
8402,0.0000416325
8533,0.0004664521
3026,0.0008961277
1541,0.0000373540
1542,0.0000373540
1544,0.0000373540
1545,0.0000373540
1546,0.0000373540
1549,0.0000373540
1552,0.0000373540
3358,0.0000042180
3575,0.0000528070
3577,0.0000283313
3580,0.0000425800
3583,0.0000425800
3585,0.0000375121
3586,0.0000531045
3588,0.0000767307
3591,0.0000283313
3848,0.0000424504
3851,0.0000536633
3853,0.0000078064
4178,0.0000152745
4185,0.0000266228
8343,0.0000276714
9400,0.0000026485
9401,0.0000026485
9402,0.0000026485
9403,0.0000026511
9404,0.0000026485
11738,0.0000596607
1663,0.0002034439
11324,0.0000703456
2921,0.0000566409
9361,0.0001130535
1578,0.0000542734
1581,0.0000542734
2242,0.0001326883
2495,0.0000889629
4418,0.0001005367
4533,0.0004025325
5025,0.0001374860
9206,0.0000615661
9501,0.0000438256
9502,0.0000438256
9503,0.0000438256
2279,0.0002258554
4416,0.0001916275
5046,0.0000483677
5402,0.0002553738
3894,0.0002896027
7981,0.0003388486
1556,0.0003715915
1557,0.0003715915
1559,0.0003715915
1562,0.0003715915
1565,0.0003715915
1566,0.0006425282
7740,0.0021086344
2582,0.0002592519
4500,0.0005055945
8008,0.0007677730
6449,0.0005735276
7259,0.0008495225
8488,0.0002852490
1576,0.0000000000
1577,0.0000104478
1579,0.0000104478
1584,0.0000329831
2234,0.0001601316
1837,0.0002558340
4698,0.0000587845
2360,0.0001507710
2472,0.0000303116
2955,0.0000883381
3425,0.0000277810
3426,0.0003601780
3427,0.0000277810
3428,0.0000277810
3429,0.0000277810
4194,0.0000927817
5085,0.0001387714
4413,0.0000349534
4414,0.0001919468
4417,0.0000349534
2626,0.0002915029
1595,0.0000590015
1597,0.0000590015
1598,0.0000590015
1602,0.0000590015
1605,0.0000590015
1606,0.0000590015
1607,0.0000590015
1608,0.0000590015
1609,0.0002170052
5100,0.0000468400
5101,0.0001692743
5102,0.0000468400
2068,0.0001628189
5616,0.0001639669
5806,0.0004269681
8655,0.0001581565
8837,0.0001762476
12415,0.0001580037
12416,0.0001580037
12417,0.0001580037
12418,0.0001580037
5265,0.0001338795
5588,0.0001224343
1612,0.0000138299
1614,0.0000138299
1616,0.0000376142
1619,0.0000376142
1620,0.0000376142
1621,0.0000376142
1623,0.0000376142
1624,0.0000376142
1625,0.0000376142
1628,0.0000376142
2814,0.0003696087
5837,0.0003144915
9282,0.0001989632
9283,0.0001989632
9284,0.0001989632
9286,0.0001989632
4508,0.0001989277
5826,0.0000283390
3907,0.0002332559
6537,0.0001870075
6955,0.0000256802
9526,0.0000541613
9528,0.0000541613
9931,0.0000213021
11163,0.0001329730
11199,0.0000212816
11200,0.0000212816
11201,0.0000212816
11202,0.0000212816
11203,0.0000212816
11204,0.0000212816
11205,0.0000212816
11206,0.0000212816
12070,0.0001831157
6540,0.0003914769
9525,0.0000328797
9527,0.0000328797
4306,0.0001310351
5580,0.0002085628
1635,0.0000507528
1636,0.0000507528
1644,0.0000000000
1645,0.0000000000
1647,0.0000055160
1649,0.0000055160
1650,0.0000055160
1651,0.0000055160
3988,0.0000375928
5696,0.0000612823
10714,0.0000668678
12237,0.0000373594
12238,0.0000373594
12239,0.0000373594
7041,0.0000524150
8664,0.0000507705
8667,0.0002626955
8758,0.0000537159
6199,0.0001298568
1930,0.0000418795
4667,0.0000315235
4668,0.0000315235
4669,0.0000315235
4670,0.0000315235
4671,0.0000315235
4672,0.0000315235
4673,0.0000315235
4674,0.0000315235
4675,0.0000315235
4676,0.0000315235
4677,0.0000315235
1668,0.0000264639
6980,0.0001068819
3511,0.0000561642
3515,0.0000561642
3516,0.0000618633
5651,0.0000808982
8129,0.0000808137
7075,0.0000111799
6988,0.0001707702
1679,0.0000000000
1680,0.0000000000
1681,0.0000000000
1686,0.0000713719
1687,0.0000713719
1688,0.0000713719
4163,0.0001221656
4164,0.0001221656
4165,0.0001221656
4450,0.0004319123
4451,0.0004319123
4452,0.0004319123
5302,0.0000866209
5303,0.0000324721
1700,0.0000714573
1701,0.0000714573
1705,0.0000714573
1706,0.0000714573
1707,0.0000714573
1708,0.0000714573
6458,0.0039687405
10062,0.0012906329
9760,0.0001778526
1710,0.0000019496
1711,0.0000019496
1713,0.0000019496
2390,0.0002982258
2392,0.0001705132
2387,0.0001450442
2389,0.0001450442
2393,0.0001450442
11015,0.0000121372
9474,0.0000893827
11403,0.0000307430
1732,0.0000124487
1733,0.0000124487
1736,0.0001130569
1737,0.0000124487
1738,0.0000124487
1739,0.0000124487
1946,0.0001301096
1949,0.0001301096
2274,0.0001312285
3973,0.0001592488
3975,0.0002009940
6094,0.0002726051
6893,0.0001177963
9432,0.0001092986
9815,0.0001006082
9816,0.0001006082
9817,0.0001006082
1748,0.0000683002
1749,0.0000683002
1750,0.0000683002
3276,0.0000394728
2343,0.0001150794
6058,0.0000597142
5078,0.0000709589
1760,0.0000008160
1763,0.0001980311
1842,0.0000587119
4294,0.0006605840
9900,0.0003481566
9589,0.0002541931
1778,0.0000518401
1815,0.0001516713
1781,0.0000000000
1782,0.0000000000
1783,0.0000000000
1784,0.0000000000
1785,0.0000000000
1786,0.0000000000
12164,0.0000013998
1788,0.0000328752
1789,0.0000328752
1791,0.0000328752
1795,0.0000328752
1796,0.0000328752
3104,0.0000500250
4525,0.0000558914
7286,0.0000498571
7603,0.0001371826
9934,0.0000496552
10985,0.0000496077
2126,0.0004418879
2229,0.0001629950
2231,0.0001629950
4831,0.0001420277
9484,0.0001462767
10982,0.0001398498
10983,0.0001398498
5466,0.0001755189
9891,0.0001715613
9892,0.0001801561
6069,0.0000333463
2122,0.0000930245
2125,0.0002788929
2127,0.0002788929
2129,0.0000930245
1805,0.0002443253
4710,0.0000299287
4711,0.0000299287
4713,0.0000299287
4340,0.0000024770
9384,0.0001346894
2740,0.0002445944
1822,0.0000049499
1823,0.0000049499
1825,0.0000049499
1827,0.0000049499
1828,0.0000049499
1829,0.0000049499
1830,0.0000049499
9124,0.0001185199
8711,0.0001358661
1840,0.0000400561
1841,0.0001970496
6418,0.0001571440
9107,0.0001569934
9108,0.0003670210
1843,0.0000006775
1844,0.0000006775
1845,0.0000006775
3233,0.0000024364
4645,0.0000235826
7927,0.0001501860
1852,0.0001133583
1853,0.0001133583
1856,0.0001133583
10187,0.0005157621
2416,0.0000935540
2417,0.0000935540
2418,0.0000935540
2421,0.0000935540
2423,0.0000935540
2424,0.0000935540
4013,0.0002279026
2449,0.0000372530
1861,0.0000495617
1862,0.0000495617
1863,0.0000495617
1867,0.0000495617
1869,0.0002003931
5171,0.0000941650
5780,0.0003020153
9512,0.0003158391
11492,0.0000943457
2976,0.0007896769
2198,0.0001548544
2199,0.0001548544
2193,0.0001508315
2195,0.0001508315
2197,0.0001508315
7509,0.0000462464
2948,0.0000770909
5016,0.0001886624
11630,0.0009203905
11631,0.0000651038
12124,0.0001338974
1881,0.0001185345
1882,0.0001185345
1886,0.0001185345
1887,0.0001185345
1888,0.0001185345
3637,0.0006227648
8623,0.0006141467
8941,0.0005339334
9011,0.0006608817
9056,0.0005654038
12182,0.0006200680
12500,0.0005334220
12501,0.0005334220
12502,0.0005334220
1892,0.0000003096
1902,0.0000086300
1903,0.0000086300
1905,0.0000086300
1907,0.0000551887
1909,0.0000086300
1910,0.0000086300
3180,0.0000901891
3672,0.0001084810
4818,0.0005902994
4055,0.0000277882
4134,0.0001418222
4991,0.0001082633
7182,0.0001396693
9663,0.0000277882
9664,0.0000277882
9665,0.0000277882
9666,0.0000277882
9667,0.0001394795
3174,0.0000436304
3175,0.0000436304
3176,0.0000436304
3178,0.0000436304
3181,0.0000436304
3182,0.0001060556
4384,0.0000673578
4385,0.0000673578
6342,0.0009614067
6470,0.0011468916
9898,0.0002673640
1938,0.0000262946
1939,0.0000262946
1940,0.0000262946
1943,0.0000262946
2398,0.0002045036
2400,0.0002045036
3062,0.0001411005
9605,0.0001318600
11470,0.0003735993
12024,0.0002511242
2522,0.0001187391
3293,0.0001466871
3443,0.0001431165
5738,0.0001646328
6835,0.0001503411
7900,0.0000908299
11674,0.0001015500
11796,0.0000906753
11797,0.0000906753
11798,0.0000906753
11799,0.0000906753
1945,0.0000295015
1947,0.0000295015
1948,0.0000295015
1950,0.0000295015
1951,0.0000295015
1952,0.0000295015
7999,0.0004317964
9305,0.0004177215
12492,0.0006257951
12529,0.0004157676
4937,0.0000785058
3467,0.0000307120
3468,0.0000307120
2383,0.0001838825
9645,0.0001763013
1978,0.0001668470
1979,0.0001668470
1980,0.0001668470
1982,0.0001668470
1983,0.0001668470
5107,0.0009548885
6601,0.0000904097
1988,0.0000082070
1991,0.0000681051
1992,0.0000082070
12013,0.0000069055
2003,0.0000766759
6264,0.0001336048
2015,0.0000222567
4432,0.0000338987
9819,0.0000395527
3051,0.0000863080
2022,0.0000167728
11495,0.0000680043
2999,0.0000105209
3477,0.0000108967
3478,0.0000108967
6031,0.0000299685
8633,0.0000190365
10151,0.0000105108
10152,0.0000105108
2031,0.0000017753
2032,0.0000017753
2033,0.0000017753
2034,0.0000017753
2035,0.0000017753
2036,0.0000017753
2037,0.0000017753
2039,0.0000111234
2040,0.0000017753
2041,0.0000017753
11464,0.0000336083
4794,0.0000093481
3131,0.0000995585
4316,0.0000511408
9878,0.0000495180
9879,0.0000395944
5987,0.0000445906
11427,0.0000390001
2597,0.0000389266
4021,0.0006024070
4022,0.0000150115
4611,0.0000149971
4612,0.0001207711
4614,0.0000448802
4615,0.0000149971
2583,0.0000968135
4910,0.0000575947
4911,0.0000575947
4912,0.0000575947
12045,0.0003433290
5200,0.0001297957
5151,0.0001396446
5957,0.0000933806
9558,0.0000871313
2059,0.0000182723
2539,0.0000012872
2540,0.0000554360
2541,0.0000012872
2621,0.0000936850
5757,0.0000541488
5758,0.0000541488
2772,0.0007674578
4652,0.0001699989
4813,0.0010187418
10228,0.0001644748
10434,0.0007459996
2064,0.0000048151
2065,0.0000048151
9902,0.0000279874
2075,0.0000555718
2608,0.0002316337
4491,0.0001498246
6208,0.0000289364
2088,0.0000296304
2089,0.0000296304
2093,0.0000296304
5455,0.0000915731
9487,0.0000665113
2101,0.0001041355
3294,0.0003658482
10411,0.0001411880
9653,0.0001103839
9604,0.0002138099
2106,0.0000830454
2112,0.0000129778
2113,0.0000129778
5484,0.0000429989
9821,0.0000429577
9822,0.0000429577
3661,0.0003343489
5364,0.0003441490
2141,0.0000059314
2142,0.0000059314
2143,0.0000059314
4387,0.0000076583
5618,0.0000276736
6028,0.0000113744
2151,0.0000006871
2152,0.0000006871
2153,0.0000006871
2155,0.0000173614
2157,0.0000370791
2568,0.0000204440
8017,0.0000252221
8032,0.0000197176
8033,0.0000197176
8034,0.0000232299
8035,0.0000197176
8036,0.0001199539
3602,0.0000260925
9792,0.0000141143
2164,0.0000060092
5474,0.0001327780
5479,0.0001028987
9727,0.0000262820
2167,0.0000156141
2168,0.0000156141
2173,0.0000156141
2174,0.0000156141
2176,0.0000156141
2178,0.0000156141
2926,0.0000635101
4251,0.0000302995
4252,0.0000302995
4254,0.0000302995
2741,0.0000704460
9389,0.0000103613
9390,0.0000103613
11231,0.0001105862
11232,0.0001105862
2180,0.0000342576
2181,0.0000342576
2184,0.0000342576
2185,0.0000342904
2186,0.0000342576
2187,0.0000342576
2188,0.0000342576
2189,0.0000342576
2191,0.0000342576
2192,0.0000342576
3558,0.0000815811
6159,0.0000437469
6160,0.0000437469
6161,0.0000437469
6162,0.0000437469
9700,0.0000000000
9701,0.0000000000
9702,0.0000000000
2570,0.0005923508
2944,0.0005929542
2962,0.0006015057
3025,0.0007548464
4117,0.0007593897
4653,0.0007382768
4656,0.0009901394
5035,0.0007574000
5773,0.0005853403
5908,0.0006537453
5959,0.0008390791
6755,0.0006185125
7016,0.0006425805
8386,0.0006118479
8528,0.0007054847
8591,0.0005815241
8615,0.0006135366
8895,0.0005815909
9020,0.0007443456
10452,0.0005927599
10942,0.0005861540
11018,0.0005921462
11190,0.0007025878
12032,0.0005820822
12217,0.0005809672
12218,0.0005809672
12219,0.0005809672
12220,0.0005809672
12221,0.0005809672
12222,0.0005809672
12223,0.0005809672
12224,0.0005809672
10936,0.0000106675
11188,0.0001322779
11313,0.0000106573
11314,0.0000106573
11315,0.0000106573
11316,0.0000106573
9170,0.0000261433
2208,0.0000681657
2211,0.0000061526
2212,0.0000061526
2214,0.0000061526
2217,0.0000061526
7520,0.0000000217
8302,0.0000000217
8303,0.0000000217
2219,0.0000087554
2220,0.0000087554
2221,0.0000087554
2222,0.0000087554
2223,0.0000087554
2224,0.0000087554
2225,0.0000087554
2226,0.0000087554
2227,0.0000087554
3459,0.0002213661
5233,0.0005991449
5234,0.0001575303
7633,0.0003128024
7634,0.0001452317
2237,0.0000135893
2238,0.0000135893
2239,0.0000135893
2240,0.0000135893
2244,0.0000292615
2499,0.0001361154
7841,0.0000266577
7843,0.0000399786
2261,0.0001084571
2356,0.0001229901
4186,0.0001117980
5307,0.0001460142
9203,0.0001104210
11471,0.0001083527
11472,0.0001083527
11473,0.0001083527
2498,0.0000220266
9522,0.0000156722
2257,0.0000098060
2258,0.0000098060
2249,0.0000170717
2250,0.0000170717
2251,0.0000170717
2252,0.0000170717
2253,0.0000170717
2270,0.0000467990
5036,0.0000366259
5037,0.0000366259
5038,0.0000366259
4647,0.0000585544
4751,0.0003223837
9137,0.0000584806
9158,0.0000400448
2922,0.0000078072
3473,0.0000019209
5147,0.0000015350
2260,0.0000000000
2262,0.0000001044
2263,0.0000001044
2264,0.0000001044
2265,0.0000001044
2266,0.0000001044
6296,0.0000172034
2268,0.0000101731
2271,0.0000101731
2272,0.0000101731
5226,0.0000837417
3971,0.0000204472
3972,0.0000621924
3974,0.0000621924
2276,0.0000342279
2278,0.0000342279
2280,0.0000342279
2282,0.0000342279
2283,0.0000342279
2284,0.0000342279
9083,0.0000001350
6415,0.0013209370
6515,0.0012089360
8880,0.0000023047
4512,0.0002689249
4514,0.0000797534
6056,0.0002503934
9799,0.0002641698
9800,0.0000401255
9081,0.0000080389
3351,0.0000209625
2288,0.0000513502
2290,0.0000513502
2292,0.0000513502
2294,0.0000513502
3068,0.0003645470
3069,0.0003645470
2296,0.0000108750
2298,0.0000108750
2299,0.0000108750
2300,0.0000108750
2302,0.0000108750
2303,0.0000108750
2305,0.0000108750
2306,0.0000143631
2308,0.0000108750
3724,0.0000201880
3522,0.0000722160
2313,0.0000132220
2317,0.0000132220
2319,0.0000132220
3880,0.0000093208
3389,0.0000273108
2623,0.0000176505
2321,0.0000070139
2322,0.0000070139
2323,0.0000070139
2326,0.0000070139
2327,0.0000070139
4123,0.0000085705
9362,0.0000035123
9363,0.0000035123
9364,0.0000035123
4115,0.0000050581
4116,0.0000050581
4118,0.0000050581
4121,0.0000356880
4122,0.0000050581
4124,0.0000050581
5285,0.0000049974
5286,0.0000049974
2332,0.0000268823
2333,0.0000268823
2334,0.0000268823
5032,0.0001744837
2336,0.0000356476
2337,0.0000356476
2338,0.0000356476
2339,0.0000356476
2341,0.0000356476
2342,0.0000356476
2346,0.0000356476
2347,0.0000356476
2351,0.0000356476
2571,0.0001405333
6306,0.0001398069
10223,0.0006835089
3290,0.0001184370
4421,0.0000705423
11239,0.0000624252
11240,0.0000624252
11241,0.0000624252
11242,0.0000624252
6044,0.0001348050
2355,0.0000146373
2357,0.0000146373
2359,0.0000146373
3128,0.0001148699
3902,0.0001423638
3908,0.0001423638
4135,0.0001140340
4281,0.0001168483
4697,0.0003462563
6542,0.0003693036
6543,0.0003975738
6959,0.0001160899
8095,0.0003527763
9562,0.0003378515
10726,0.0001411997
11164,0.0001116913
11165,0.0001116913
11166,0.0001116913
11167,0.0001523746
11168,0.0001523746
11169,0.0001523746
11170,0.0001116913
11171,0.0001116913
11172,0.0001116913
11173,0.0001116913
2364,0.0000546575
2366,0.0000546575
2370,0.0000012832
2371,0.0000012832
2372,0.0000012832
3310,0.0000043312
3311,0.0000043312
3312,0.0000043312
3313,0.0000043312
3314,0.0000043312
3315,0.0000043312
2375,0.0000035914
2376,0.0000035914
2839,0.0001359817
2841,0.0001359817
2842,0.0001420286
2395,0.0000726436
2399,0.0000726436
9613,0.0000135128
9614,0.0000135128
2524,0.0002095632
2977,0.0002158580
4617,0.0003496801
4816,0.0001687794
5876,0.0000001353
2404,0.0000000000
2405,0.0000000000
2406,0.0000000000
2407,0.0000000000
2408,0.0000000000
5842,0.0000653790
5106,0.0002975931
5573,0.0001517634
9281,0.0000934818
8991,0.0001359374
2427,0.0000242977
2428,0.0000242977
2429,0.0000242977
2431,0.0000242977
2432,0.0000242977
2434,0.0000242977
2435,0.0000242977
2436,0.0000242977
2438,0.0000820062
2551,0.0000868036
5489,0.0000819093
5493,0.0000819093
5495,0.0000819093
5508,0.0000577085
4974,0.0000867543
2447,0.0000000986
2452,0.0000394780
2453,0.0000394780
2456,0.0000394780
2457,0.0000394780
2458,0.0000394780
2459,0.0000423636
2460,0.0000701897
2461,0.0000394780
3060,0.0000398169
4898,0.0000307411
4899,0.0000307117
4900,0.0000307117
9058,0.0001135722
11484,0.0001519879
2468,0.0000000000
2923,0.0000113735
2927,0.0000113735
2928,0.0000113735
2930,0.0000113735
2471,0.0000025306
2473,0.0000025306
2477,0.0000025306
2478,0.0000589947
2479,0.0000589947
2481,0.0000025306
4108,0.0000602508
2956,0.0000605571
8250,0.0000564641
8251,0.0000296774
9853,0.0000287534
9854,0.0000287534
9855,0.0000287534
5002,0.0000017799
5003,0.0000017799
5004,0.0000019434
5005,0.0000017799
5006,0.0000017799
5007,0.0000017799
9648,0.0000178186
2824,0.0000029723
3793,0.0000072528
4427,0.0000102677
9110,0.0000027384
9111,0.0000027384
4403,0.0000455518
2494,0.0000020600
2497,0.0000063543
5405,0.0000201921
8135,0.0000449896
2501,0.0000734310
2503,0.0000734310
2504,0.0000734310
2506,0.0000734310
2507,0.0000734310
9935,0.0002138956
2509,0.0000025554
2510,0.0000025554
2511,0.0000025554
2512,0.0000025554
9276,0.0001262231
9277,0.0001262231
5414,0.0000181502
5416,0.0000716190
2525,0.0000280638
2528,0.0000280638
2529,0.0000280638
2532,0.0000280638
2534,0.0000323996
2535,0.0000323996
2536,0.0000564612
5486,0.0000284965
5487,0.0000284965
4079,0.0000056385
5818,0.0000043358
2544,0.0000426602
2547,0.0000426602
2553,0.0000290951
2555,0.0000290951
2556,0.0000290951
2557,0.0000290951
2558,0.0000290951
2559,0.0000290951
2560,0.0000290951
2561,0.0000290951
2562,0.0000290951
2563,0.0000290951
2564,0.0000290951
2566,0.0000007264
2567,0.0000007264
2569,0.0000007264
2572,0.0000007264
2573,0.0000007264
2574,0.0000007264
2575,0.0000007264
3534,0.0002575820
2777,0.0000302746
6355,0.0000065732
6357,0.0000065732
6358,0.0000065732
6007,0.0001018456
6677,0.0001072277
9673,0.0001167076
9703,0.0001127196
9704,0.0001127196
9550,0.0000053452
9765,0.0000434641
9766,0.0000434641
2596,0.0000239295
2599,0.0000239295
2601,0.0000239295
2603,0.0000239295
3538,0.0000108278
3539,0.0000108278
3540,0.0000108278
12396,0.0003004922
2607,0.0000595487
2610,0.0000595487
5824,0.0000304015
6139,0.0000288779
6140,0.0000288779
3066,0.0002056573
3067,0.0002056573
2620,0.0000395363
2624,0.0000260374
2629,0.0000260374
2630,0.0000260374
2631,0.0001143095
2632,0.0000260374
2633,0.0000260374
2634,0.0000260374
2635,0.0000260374
2636,0.0000495356
2637,0.0000495356
2638,0.0000260374
2639,0.0000260374
2640,0.0000260374
2641,0.0001143095
2701,0.0005887654
4985,0.0006800798
5115,0.0001710342
6229,0.0001708680
9159,0.0000882722
9160,0.0000234982
3352,0.0000743351
4378,0.0000594831
4379,0.0000594831
4381,0.0000594831
4382,0.0000594831
2643,0.0000076156
2646,0.0000148536
2647,0.0000148536
2648,0.0000148536
2649,0.0000148536
2650,0.0000148536
2651,0.0000148536
4851,0.0000942872
8369,0.0001806841
2667,0.0000795454
2669,0.0000795454
2670,0.0000795454
2673,0.0000795454
2674,0.0000795454
2675,0.0000795454
2676,0.0000795454
2677,0.0000795454
4325,0.0001774946
4039,0.0000761738
9851,0.0002063702
9852,0.0000344286
2683,0.0000004021
2684,0.0000004021
2685,0.0000004021
2686,0.0000004021
2688,0.0000004021
2703,0.0000577425
2704,0.0000577425
2706,0.0000577425
2707,0.0000577425
2708,0.0000577425
2709,0.0000577425
2710,0.0000577425
2712,0.0000577425
2714,0.0000616168
2715,0.0000577425
2717,0.0000577425
2718,0.0000736825
3157,0.0003984382
3159,0.0004023125
3833,0.0004069458
5829,0.0003663659
6345,0.0004222159
6346,0.0004222159
6347,0.0004222159
6405,0.0004625792
6571,0.0004248106
6612,0.0005270692
6687,0.0003601549
6689,0.0003601549
6690,0.0004975666
8918,0.0005178612
12028,0.0001439894
3897,0.0000794811
8307,0.0001187522
3156,0.0000550242
4429,0.0000167409
4430,0.0000167409
4431,0.0000167409
5194,0.0000626444
8777,0.0000250203
9977,0.0000159400
9979,0.0000227051
2720,0.0000171439
2721,0.0000171439
2725,0.0000171439
2727,0.0000171439
2728,0.0000171439
2729,0.0000171439
2730,0.0000171439
2731,0.0000171439
2732,0.0001286728
2733,0.0000171439
2735,0.0000171439
6220,0.0000434914
7717,0.0000434495
7718,0.0000489539
7719,0.0000434495
7721,0.0000434495
7722,0.0000434495
7723,0.0000434495
7724,0.0000434495
7725,0.0000434495
2851,0.0000195351
9726,0.0000142943
3118,0.0001116361
6127,0.0001115289
6128,0.0002173028
6254,0.0000211856
6282,0.0000211653
6283,0.0000211653
2739,0.0000600847
9433,0.0000086905
4205,0.0000113861
2745,0.0000000000
2746,0.0000000000
2765,0.0000221741
2766,0.0000221741
2767,0.0000221741
2768,0.0000221741
2769,0.0000221741
2770,0.0000221741
2771,0.0000221741
2775,0.0000237014
2776,0.0000237014
4308,0.0000614245
2792,0.0000074359
2795,0.0000074359
2796,0.0000074359
2797,0.0000074359
3344,0.0000799803
2801,0.0000181223
2802,0.0000181223
2804,0.0000181223
2805,0.0000181223
3486,0.0001890732
3490,0.0001890732
4518,0.0001279814
4519,0.0001279814
2813,0.0000139372
2816,0.0000139372
3871,0.0002321620
3872,0.0002321620
3873,0.0002321620
4696,0.0002345650
5310,0.0002461293
5693,0.0002366847
6523,0.0002303130
6957,0.0002408559
6958,0.0002284429
7600,0.0003200770
7602,0.0003200770
7605,0.0002353408
8273,0.0002277039
9758,0.0002461177
11270,0.0002299146
11405,0.0002242593
11446,0.0002364574
11448,0.0002364574
11657,0.0002242614
11983,0.0002242670
12285,0.0002240443
12286,0.0002240443
12287,0.0002240443
12288,0.0002240443
12289,0.0002240443
12290,0.0002240443
12291,0.0002240443
12292,0.0002240443
12293,0.0002240443
12294,0.0002240443
12295,0.0002240443
12296,0.0002240443
12297,0.0002240443
12298,0.0002240443
12299,0.0002240443
12300,0.0002240443
12301,0.0002240443
12302,0.0002240443
2819,0.0000002339
2820,0.0000002339
2821,0.0000002339
2822,0.0000002339
2823,0.0000002339
2825,0.0000002339
2826,0.0000002339
2827,0.0000002339
2829,0.0000270468
2830,0.0000270468
2831,0.0000270468
5268,0.0000969259
6068,0.0000333144
5365,0.0000477496
4441,0.0000574291
3639,0.0001484541
4224,0.0000280110
4861,0.0000187963
9863,0.0000509443
4126,0.0000291144
2846,0.0000052408
2847,0.0000052408
2849,0.0000052408
2850,0.0000052408
2852,0.0000052408
2854,0.0000052408
2855,0.0000052408
2856,0.0000052408
2857,0.0000052408
2858,0.0000052408
2859,0.0000052408
2860,0.0000052408
2861,0.0000052408
2863,0.0000052408
2864,0.0000052408
2865,0.0000052408
2866,0.0000052408
2868,0.0000052408
2869,0.0000052408
2870,0.0000052408
2871,0.0000052408
2872,0.0000052408
5889,0.0000460265
9706,0.0000637879
4757,0.0000056921
4758,0.0000056921
4759,0.0000056921
4760,0.0000412097
4761,0.0000056921
4762,0.0000056921
4763,0.0000056921
4764,0.0000056921
2876,0.0001185288
2877,0.0001185288
2881,0.0001185288
2990,0.0000181913
2991,0.0000181913
2992,0.0000181913
2993,0.0000181913
2996,0.0000181913
2888,0.0000033339
6392,0.0000215170
10210,0.0000128834
10211,0.0000128834
10212,0.0000128834
10213,0.0000128834
3158,0.0001756951
9776,0.0001447840
10137,0.0000756222
10164,0.0000636195
2903,0.0000196947
2915,0.0000734909
2916,0.0000734909
2917,0.0000734909
2920,0.0000062721
9837,0.0000726016
5041,0.0000000153
5406,0.0000159130
3378,0.0000000000
3802,0.0000522089
4333,0.0000394125
5536,0.0000220008
5969,0.0000218582
6197,0.0000365206
8287,0.0000218584
9184,0.0000969466
10683,0.0000218797
10685,0.0000218797
12360,0.0000218372
12361,0.0000218372
12362,0.0000218372
12363,0.0000218372
12364,0.0000218372
12365,0.0000218372
12366,0.0000218372
12367,0.0000218372
12368,0.0000218372
12369,0.0000218372
12370,0.0000218372
12371,0.0000218372
12372,0.0000218372
12373,0.0000218372
12374,0.0000218372
12375,0.0000218372
2949,0.0000060281
2950,0.0000060281
2953,0.0000060281
2935,0.0000079075
2936,0.0000079075
2937,0.0000079075
2939,0.0000000000
2945,0.0000119871
2946,0.0000119871
2947,0.0000119871
5009,0.0000119986
5027,0.0000918110
2958,0.0000046635
2959,0.0000046635
4603,0.0000023504
2963,0.0000205385
2967,0.0000205385
2968,0.0000205385
6095,0.0000465399
2970,0.0000470786
2971,0.0000470786
2972,0.0000470786
2973,0.0000470786
2974,0.0000470786
2982,0.0000009122
2983,0.0000009122
2984,0.0000009122
2986,0.0000009122
2987,0.0000009122
2988,0.0000009122
2989,0.0000009122
11112,0.0000016968
3491,0.0000632698
4824,0.0000021779
4825,0.0000021779
4826,0.0000021779
4827,0.0000021779
4828,0.0000021779
4829,0.0000021779
4830,0.0000021779
4832,0.0000021779
3049,0.0000529088
4949,0.0000638855
4953,0.0001263945
12174,0.0001061402
12188,0.0001061402
12456,0.0001123409
12457,0.0000270453
12458,0.0001123409
12459,0.0000270453
12460,0.0000270453
12461,0.0000270453
12462,0.0000270453
12463,0.0000270453
12464,0.0000270453
2998,0.0000000101
3001,0.0000007772
3003,0.0000007772
3004,0.0000007772
3005,0.0000007772
3006,0.0000007772
3007,0.0000007772
3008,0.0000007772
3009,0.0000007772
3014,0.0001738792
3016,0.0001738792
3018,0.0001738792
3020,0.0001738792
3027,0.0001738792
7300,0.0003857547
9606,0.0002177263
8607,0.0002781599
5344,0.0000671724
7261,0.0000613246
8493,0.0000504653
8494,0.0000504653
3033,0.0000172796
8323,0.0001687402
3648,0.0002238552
3651,0.0002238552
3653,0.0002238552
9223,0.0000302018
9423,0.0000142137
9489,0.0000132825
9490,0.0000132825
9491,0.0000132825
9492,0.0000132825
5584,0.0000407787
7808,0.0000237894
3042,0.0000659247
3045,0.0000659247
3050,0.0000258635
3054,0.0000411444
3055,0.0000091052
3058,0.0000091052
3059,0.0000091052
3061,0.0000091052
3063,0.0000091052
3064,0.0000091052
3065,0.0000091052
3668,0.0000320392
3670,0.0000320392
3671,0.0000320392
5324,0.0003285268
4622,0.0000314069
5211,0.0000425989
5427,0.0000298831
5429,0.0000372150
5430,0.0001482393
8233,0.0002769296
10230,0.0002658568
3307,0.0000124077
3309,0.0000124077
9524,0.0000062654
6629,0.0001582436
6631,0.0001582436
5717,0.0006334715
6351,0.0005159746
6822,0.0006528087
7167,0.0012917759
7396,0.0005086360
7397,0.0005145584
7398,0.0005086360
3088,0.0000000000
3089,0.0000000000
3090,0.0000000000
3091,0.0000000000
3092,0.0000000000
3095,0.0000000000
3096,0.0000000000
3097,0.0000000000
3098,0.0000000000
3099,0.0000000000
3100,0.0000000000
3101,0.0000000000
3103,0.0000004174
3106,0.0000004174
3108,0.0000258147
3112,0.0000258147
3113,0.0000258147
3893,0.0000332367
3979,0.0000173376
4315,0.0000288840
4423,0.0000248669
5605,0.0000173376
5606,0.0000173376
5607,0.0000173376
5609,0.0000173376
5610,0.0000173376
4930,0.0000062547
4931,0.0000062547
4932,0.0000062547
4933,0.0000062547
3117,0.0000001072
3119,0.0000001072
3120,0.0000001072
3124,0.0000031786
3125,0.0000197548
3126,0.0000031786
8404,0.0000661070
11079,0.0000165762
11080,0.0000165762
11081,0.0000165762
11082,0.0000165762
6401,0.0000116589
7606,0.0000112965
7607,0.0000112965
4323,0.0000490425
4324,0.0000490425
4326,0.0000796847
3135,0.0000276255
3136,0.0000276255
3138,0.0000276255
3142,0.0000066896
3143,0.0000066896
3144,0.0000066896
3145,0.0000066896
3147,0.0000066896
3149,0.0000066896
3150,0.0000066896
3152,0.0000066896
3297,0.0000435744
3987,0.0000872679
9293,0.0000435744
11333,0.0000564494
5057,0.0000343034
12100,0.0000949893
3155,0.0000382833
3162,0.0000171629
3166,0.0000171629
3167,0.0000171629
3168,0.0000171629
3169,0.0000171629
3170,0.0000171629
3171,0.0000171629
3173,0.0000171629
3847,0.0000042002
9778,0.0000375170
9779,0.0000374810
9780,0.0000374810
6006,0.0000193948
6008,0.0000193948
6009,0.0000193948
3194,0.0000354237
3278,0.0000825386
7635,0.0000466011
3197,0.0000068299
3199,0.0000068299
3208,0.0000179289
4209,0.0000794089
4210,0.0000794089
4211,0.0000794089
4212,0.0000794089
3215,0.0000295716
3666,0.0000564409
3219,0.0000950774
3223,0.0000950774
3225,0.0000183715
3227,0.0000183715
3229,0.0000183715
3231,0.0000183715
9582,0.0000191881
3881,0.0000006134
3882,0.0000006134
3234,0.0000006798
3235,0.0000006798
3236,0.0000006798
11422,0.0000000000
12266,0.0000000000
3985,0.0000465941
3986,0.0000312146
5714,0.0000252008
9867,0.0001265821
3247,0.0000246618
3248,0.0000246618
3249,0.0000246618
3254,0.0000246618
3258,0.0000246618
3261,0.0000246618
3262,0.0000246618
5316,0.0000618711
9151,0.0000488015
9496,0.0000384478
3590,0.0000413200
3742,0.0000229496
3745,0.0000229496
5143,0.0000302753
5551,0.0000158889
10250,0.0000251435
10264,0.0000259474
11671,0.0000156523
11807,0.0000156373
11808,0.0000156373
11809,0.0000156373
11810,0.0000156373
11811,0.0000156373
11812,0.0000156373
11813,0.0000156373
11814,0.0000156373
4743,0.0000144827
9141,0.0000029006
9142,0.0000029006
9143,0.0000029006
9144,0.0000029006
9145,0.0000029006
9615,0.0000103069
3267,0.0000457780
3268,0.0000457780
3271,0.0000457780
3279,0.0000359375
3282,0.0000359375
3285,0.0000560118
3288,0.0000560118
3289,0.0000560118
3292,0.0000560118
3295,0.0000560118
4462,0.0000171882
5685,0.0000000000
5686,0.0000000000
5687,0.0000000000
3299,0.0000091011
3300,0.0000031641
3301,0.0000091011
3704,0.0000235990
3706,0.0000063236
3707,0.0000059370
3709,0.0000059370
3303,0.0000116250
5563,0.0000378712
4625,0.0000171998
6281,0.0000989853
3320,0.0000391760
3321,0.0000613072
3324,0.0000000000
3325,0.0000000000
3326,0.0000000000
3327,0.0000000000
3328,0.0000000000
3329,0.0000000000
3334,0.0000119596
6930,0.0000758366
9330,0.0002774316
4489,0.0000420650
4490,0.0000420650
3989,0.0002059229
6049,0.0002784221
10279,0.0001846898
10283,0.0001846898
11280,0.0004303619
12211,0.0001843329
12212,0.0001843329
12213,0.0001843329
12214,0.0001843329
12215,0.0001843329
12216,0.0001843329
3895,0.0000999197
4256,0.0000417088
10050,0.0000122691
3345,0.0000588753
5196,0.0000077094
5197,0.0000001582
5198,0.0000001582
5199,0.0000001582
4067,0.0000000000
3353,0.0000015695
3354,0.0000015695
3355,0.0000015695
3356,0.0000015695
4179,0.0000064431
4189,0.0000186270
11507,0.0000030007
11787,0.0000029978
5535,0.0000236472
6085,0.0000028466
4605,0.0000208556
5332,0.0000406676
3379,0.0000000000
3384,0.0000730134
3386,0.0000730134
3388,0.0000730134
5377,0.0000357303
5379,0.0000357303
3396,0.0000055013
3397,0.0000055013
3400,0.0000291394
3401,0.0000291394
3402,0.0000291394
3403,0.0000291394
3405,0.0000291394
3406,0.0000291394
3407,0.0000291394
3409,0.0000291394
3411,0.0000291394
4555,0.0000176619
3413,0.0000000000
3414,0.0000000000
9109,0.0000014349
3417,0.0000262141
3418,0.0000262141
3419,0.0000262141
3421,0.0000262141
3423,0.0000262141
3424,0.0000262141
5817,0.0000088806
10311,0.0000290158
3431,0.0000016027
3432,0.0000016027
3433,0.0000016027
3434,0.0000016027
3436,0.0000016027
3437,0.0000016027
5238,0.0000127495
10262,0.0000000122
6108,0.0000476184
6109,0.0000476184
6110,0.0000476640
6111,0.0000476184
6112,0.0000476184
6113,0.0000476184
6114,0.0000476184
6115,0.0000476184
6116,0.0000476184
6117,0.0000476184
6118,0.0000476184
6119,0.0000476184
3440,0.0000225582
3441,0.0000225582
3445,0.0000225582
3446,0.0000225582
3449,0.0000225582
3450,0.0000225582
3451,0.0000225582
5513,0.0001185218
6043,0.0001998632
5221,0.0002886484
6096,0.0000391689
6098,0.0001176814
6147,0.0000349704
6300,0.0000299080
11632,0.0000298793
3453,0.0000020462
3454,0.0000020462
3455,0.0000020462
3460,0.0000765731
3461,0.0000765731
3462,0.0000765731
9668,0.0001276677
3471,0.0000003859
3472,0.0000003859
3474,0.0000003859
3475,0.0000003859
3476,0.0000003859
3479,0.0000003859
3481,0.0000003859
3485,0.0000610919
3488,0.0000610919
3489,0.0000610919
7060,0.0000836722
8377,0.0000673299
8378,0.0000673299
8647,0.0000277614
9099,0.0000229016
9100,0.0000229016
9101,0.0000229016
7445,0.0003492372
3499,0.0000076875
4646,0.0000185096
9138,0.0000184358
3505,0.0000218383
3507,0.0000218383
3508,0.0000218383
3510,0.0000218383
3572,0.0000126240
6257,0.0000256518
3519,0.0000344795
9235,0.0000455970
3523,0.0000000695
3524,0.0000000695
3525,0.0000000695
3526,0.0000000695
3527,0.0000000695
3533,0.0000708134
3536,0.0000708134
3545,0.0000489845
3546,0.0000489845
3547,0.0000489845
9458,0.0000222698
3550,0.0000148688
3551,0.0000148688
3554,0.0000148688
3555,0.0000148688
3559,0.0000057950
3560,0.0000057950
3561,0.0000057950
5856,0.0004736877
8990,0.0002521045
12465,0.0002518626
12466,0.0002518626
12467,0.0002518626
9112,0.0000628474
12089,0.0000367394
12114,0.0000204485
7950,0.0001617604
7992,0.0006552379
8194,0.0001033167
8195,0.0001033167
8196,0.0001033167
8197,0.0001033167
8198,0.0001033167
8199,0.0001033167
8200,0.0001033167
3570,0.0000020730
3571,0.0000020730
3587,0.0000259883
3592,0.0000256828
5820,0.0000142487
5819,0.0000050679
5821,0.0000050679
3599,0.0000119782
3600,0.0000119782
3603,0.0000135017
3604,0.0000119782
3852,0.0000046197
4543,0.0000348799
3596,0.0000102170
3784,0.0000715064
5868,0.0000355363
5640,0.0000050352
5641,0.0000050352
5642,0.0000050352
6130,0.0000276405
3608,0.0000138955
3609,0.0000138955
3610,0.0000138955
3611,0.0000138955
3613,0.0000138955
3614,0.0000138955
3617,0.0000624834
3618,0.0000624834
3621,0.0000624834
7417,0.0000866545
3632,0.0001226460
3633,0.0000893428
5066,0.0000369197
5669,0.0000550628
8728,0.0000698592
4952,0.0000997150
6744,0.0006461604
7471,0.0006717707
7490,0.0010354778
7952,0.0006103650
7989,0.0005519213
7990,0.0005519213
7991,0.0005519213
6366,0.0003766636
7673,0.0001638051
7674,0.0001638051
3663,0.0000121454
3674,0.0000033446
3675,0.0000033446
3677,0.0000033446
3679,0.0000033446
3681,0.0000033446
3682,0.0000033446
3683,0.0000033446
3684,0.0000033446
3685,0.0000033446
3686,0.0000033446
3687,0.0000033446
3688,0.0000033446
3689,0.0000033446
11399,0.0000012061
3692,0.0001005886
3694,0.0001005886
4864,0.0004417487
4868,0.0004417487
5726,0.0000216548
5727,0.0000216548
5728,0.0000216548
9710,0.0000003873
9711,0.0000003873
10263,0.0000003866
10265,0.0000003866
10266,0.0000003866
10267,0.0000003866
3711,0.0000123215
3712,0.0000123215
3713,0.0000123215
3714,0.0000123215
3716,0.0000166999
3717,0.0000166999
3718,0.0000166999
3719,0.0000166999
3720,0.0000166999
3721,0.0000166999
3722,0.0000166999
3725,0.0000166999
3726,0.0000166999
3727,0.0000166999
3990,0.0000002335
8886,0.0000047799
9621,0.0000041562
9622,0.0000041562
5145,0.0000146381
5146,0.0000153947
5869,0.0000093723
8437,0.0000071875
3762,0.0000029040
3764,0.0000029040
3765,0.0000029040
3766,0.0000029040
3768,0.0000029040
3770,0.0000000000
3771,0.0000000000
3773,0.0000071217
3774,0.0000071217
3775,0.0000071217
3776,0.0000071217
3777,0.0000071217
3778,0.0000071217
4467,0.0000000000
3785,0.0000359701
6099,0.0000615922
6100,0.0000615922
6101,0.0000615922
6102,0.0002716197
3790,0.0000038484
6030,0.0000194577
6032,0.0000194577
4422,0.0000075293
4425,0.0000075293
4426,0.0000075293
4842,0.0001649669
5175,0.0001177150
3799,0.0000303717
3800,0.0000303717
3801,0.0000303717
3804,0.0000303717
3976,0.0000000000
3977,0.0000000000
4161,0.0000360098
4162,0.0000360098
11574,0.0013965480
3815,0.0000108937
3817,0.0000184273
3818,0.0000184273
3822,0.0000514504
3823,0.0000306055
3824,0.0000306055
3825,0.0000287383
3828,0.0000287383
4482,0.0000018672
5932,0.0000110585
5881,0.0000081125
3830,0.0000000000
3831,0.0000000000
3834,0.0000467909
3836,0.0000467909
3837,0.0000467909
3838,0.0000467909
3841,0.0000467909
3842,0.0000467909
3843,0.0000477084
3844,0.0000467909
3845,0.0000467909
5954,0.0000287063
6004,0.0000224786
6900,0.0000224786
8234,0.0000300833
9070,0.0000224787
9997,0.0000224786
10939,0.0000224786
11729,0.0000224570
11730,0.0000224570
11731,0.0000224570
11732,0.0000224570
11733,0.0000224570
9280,0.0000565597
7262,0.0000341984
3849,0.0000000900
3850,0.0000000900
11396,0.0000000000
5572,0.0000582816
4370,0.0000263624
4367,0.0000111287
4368,0.0000111287
4369,0.0000111287
4371,0.0000111287
3866,0.0000000000
3867,0.0000000000
3870,0.0000081177
3874,0.0000081177
3876,0.0000081177
3884,0.0000076476
3886,0.0000076476
3887,0.0000076476
3888,0.0000076476
3889,0.0000290041
4797,0.0000364322
5650,0.0001127036
6163,0.0001124382
8255,0.0000413501
8256,0.0000413501
9825,0.0000213565
9826,0.0000213565
9827,0.0000213565
9828,0.0000213565
9829,0.0000213565
9830,0.0000213565
9831,0.0000213565
9832,0.0000213565
9833,0.0000213565
9834,0.0000213565
9835,0.0000213565
3891,0.0000158991
3896,0.0000158991
4247,0.0000412534
3900,0.0000306724
3903,0.0000306724
9740,0.0000154267
9741,0.0000154267
6340,0.0001563897
9451,0.0000085183
9453,0.0000085183
7463,0.0001002988
7464,0.0001002988
3909,0.0000000000
3912,0.0000528425
3913,0.0000528425
3914,0.0000528425
3917,0.0000495462
5098,0.0000176521
5099,0.0000176521
4036,0.0000417452
4037,0.0000417452
4038,0.0000417452
4040,0.0000417452
4042,0.0000417452
12545,0.0000143772
12546,0.0000143772
4548,0.0000414173
4551,0.0000414173
4948,0.0000750336
4954,0.0000750336
5188,0.0000381934
8477,0.0000769195
9812,0.0000382300
12401,0.0000381934
12402,0.0000381934
12403,0.0000381934
12404,0.0000381934
12405,0.0000381934
12406,0.0000381934
4361,0.0000196716
4263,0.0000948671
4589,0.0001311285
4594,0.0001311285
6638,0.0000513665
6639,0.0000513665
6640,0.0000513665
6641,0.0000513665
6642,0.0000513665
4587,0.0000797620
4590,0.0000797620
3980,0.0000000000
3981,0.0000000000
3982,0.0000000000
3994,0.0002806017
3997,0.0003181883
4000,0.0002806017
4573,0.0002353800
5320,0.0002397165
5322,0.0002397165
9356,0.0002727409
11019,0.0002463334
11277,0.0002351543
11278,0.0002351543
11279,0.0002351543
11281,0.0002351543
5318,0.0000734870
5755,0.0000492512
7563,0.0000133547
4009,0.0000048341
4010,0.0000048341
4011,0.0000337416
4012,0.0000048341
4014,0.0000048341
6122,0.0000129304
4017,0.0000375901
4020,0.0000375901
4023,0.0000000144
4024,0.0000000144
4025,0.0000000000
4026,0.0000000000
4032,0.0000674166
8228,0.0000377529
8229,0.0000377529
8230,0.0000377529
8231,0.0000377529
8277,0.0000045850
7887,0.0000156874
7888,0.0000156874
5263,0.0000952534
5357,0.0000886651
4050,0.0000421576
4663,0.0000799965
9813,0.0000510355
5902,0.0000817528
9182,0.0000751094
9183,0.0000751094
9185,0.0000751094
4056,0.0000054024
5450,0.0000086933
5451,0.0000086933
4059,0.0000107343
4060,0.0000107343
4935,0.0000067896
4068,0.0000000000
4069,0.0000000000
4070,0.0000000000
4071,0.0000000000
4074,0.0000013596
4075,0.0000013596
5943,0.0000000000
11402,0.0000138218
4086,0.0000104664
4091,0.0000048737
4092,0.0000048737
4097,0.0000437263
4099,0.0000437263
4100,0.0000437263
4102,0.0000437263
4104,0.0000437263
6603,0.0002746717
7244,0.0001439307
4109,0.0000003194
4110,0.0000003194
4111,0.0000003194
4112,0.0000003194
4114,0.0000000000
9538,0.0000306298
11525,0.0000073407
11526,0.0000073407
5385,0.0000097629
9764,0.0000090062
4127,0.0000018136
4128,0.0000018136
9130,0.0000606641
4138,0.0000000000
4139,0.0000000000
4140,0.0000000000
6869,0.0001444308
8126,0.0001442923
4167,0.0000327327
4169,0.0000327327
4170,0.0000327327
4171,0.0000327327
4173,0.0000327327
4175,0.0000327327
5461,0.0000072667
5462,0.0000072667
4177,0.0000034453
4180,0.0000034453
4181,0.0000034453
4183,0.0000034453
4184,0.0000034453
4188,0.0000153237
9436,0.0000000281
9865,0.0000118785
5884,0.0000271352
5885,0.0000271352
5886,0.0000271352
5887,0.0000271352
5888,0.0000271352
4195,0.0000023753
4196,0.0000023753
4197,0.0000023753
4199,0.0000469640
5284,0.0000205493
4202,0.0000118427
4203,0.0000118427
4216,0.0000002598
4218,0.0000002598
4219,0.0000002598
4222,0.0000219641
4225,0.0000219641
4228,0.0000574792
4230,0.0000574792
4232,0.0000574792
4233,0.0000574792
4234,0.0000574792
4235,0.0000574792
4237,0.0000574792
6766,0.0001764137
6767,0.0001764137
4531,0.0000547842
4532,0.0000366660
4534,0.0000366660
4535,0.0000366660
8449,0.0000000000
8745,0.0000000000
8746,0.0000000000
8747,0.0000000000
6448,0.0002719363
4241,0.0000037503
4243,0.0000012557
4244,0.0000012557
4245,0.0000012557
4246,0.0000012557
4522,0.0000565434
4634,0.0000441277
4636,0.0000441277
4637,0.0000441277
4638,0.0000441277
4639,0.0000441277
4640,0.0000441277
4641,0.0000441277
4642,0.0000441277
4643,0.0000441277
4644,0.0000441277
4258,0.0000171443
4262,0.0000435006
4264,0.0000435006
4265,0.0000435006
4266,0.0000435006
4267,0.0000435006
4269,0.0000435006
4272,0.0000435006
4273,0.0000435006
4274,0.0000435006
4275,0.0000435006
8436,0.0000480067
5590,0.0000551190
5591,0.0000551190
5595,0.0000973297
5596,0.0000551190
5597,0.0000551190
11766,0.0000050271
11767,0.0000903227
4282,0.0000051569
4283,0.0000051569
4284,0.0000051569
4285,0.0000051569
4286,0.0000051569
4288,0.0000051569
4289,0.0000051569
9676,0.0000350080
4291,0.0000009760
4295,0.0000009760
9272,0.0000008506
9273,0.0000000991
4297,0.0000209058
4301,0.0000209058
4302,0.0000000000
4303,0.0000005013
5982,0.0002669995
4309,0.0000000000
4310,0.0000035851
4311,0.0000035851
4314,0.0000115464
4317,0.0000115464
4319,0.0000000051
9016,0.0000191693
9728,0.0000586645
12173,0.0000866461
12176,0.0000866461
12177,0.0001719417
12181,0.0001719417
12398,0.0000928468
12399,0.0000075512
12400,0.0000075512
5422,0.0000864154
7504,0.0001502754
8516,0.0001042937
9729,0.0001302082
12175,0.0000790949
12178,0.0001643905
12179,0.0001643905
12180,0.0001643905
12183,0.0000790949
12184,0.0000790949
12185,0.0000790949
12186,0.0000790949
12187,0.0000790949
12189,0.0001643905
12190,0.0000790949
12191,0.0000790949
12192,0.0000790949
12193,0.0000790949
12194,0.0000790949
4329,0.0000042928
4330,0.0000042928
4331,0.0000042928
5929,0.0000119793
12453,0.0000101295
4341,0.0000000000
4342,0.0000000000
4344,0.0000112205
4346,0.0000112205
4349,0.0000000000
4350,0.0000168949
4351,0.0000168949
4352,0.0000168949
4353,0.0000168949
4355,0.0000168949
6660,0.0000420936
4394,0.0000074402
4395,0.0000074402
4396,0.0000074402
4397,0.0000074402
7058,0.0000143987
4375,0.0000000000
4376,0.0000000000
4377,0.0000000000
5052,0.0002179375
5139,0.0002336817
5351,0.0002124572
6260,0.0002102293
7225,0.0002102291
7285,0.0002102769
9965,0.0002139278
10261,0.0002102289
12478,0.0002100276
12479,0.0002100276
12480,0.0002100276
12481,0.0002100276
12482,0.0002100276
12483,0.0002100276
12484,0.0002100276
12485,0.0002100276
12486,0.0002100276
12487,0.0002100276
12488,0.0002100276
12489,0.0002100276
12490,0.0002100276
12491,0.0002100276
12493,0.0002100276
12494,0.0002100276
12495,0.0002100276
12496,0.0002100276
12497,0.0002100276
12498,0.0002100276
12499,0.0002100276
5716,0.0001248355
5719,0.0001248355
5720,0.0001248355
6678,0.0001257943
6716,0.0000101761
6718,0.0000084752
4420,0.0000081170
7795,0.0000443015
7796,0.0000443015
7797,0.0000443015
7798,0.0000443015
7799,0.0000443015
6404,0.0001024243
6407,0.0001024243
9346,0.0001176972
4436,0.0000564878
4437,0.0000564878
4438,0.0000564878
4439,0.0000564878
5827,0.0000534688
7437,0.0001404521
12530,0.0000534688
12531,0.0000534688
12532,0.0000534688
12533,0.0000534688
12534,0.0000534688
12535,0.0000534688
9337,0.0000109177
4454,0.0000184097
4456,0.0000055472
4458,0.0000055472
4459,0.0000055472
4460,0.0000055472
4461,0.0000055472
5355,0.0000375300
9428,0.0000234711
4468,0.0000000000
4469,0.0000000000
4472,0.0000140239
4481,0.0001849314
8336,0.0005527330
7422,0.0006507599
7423,0.0009965174
7425,0.0006507599
6063,0.0001958294
4484,0.0000017096
5017,0.0000328740
5018,0.0000387126
5019,0.0000328740
5020,0.0000328740
5021,0.0000328740
5022,0.0000328740
5024,0.0000328740
4499,0.0000489330
4503,0.0000087582
4568,0.0000584762
6042,0.0001342640
10972,0.0000402607
11051,0.0000401748
11052,0.0000401748
11053,0.0000401748
11054,0.0000401748
11055,0.0000401748
11056,0.0000401748
11057,0.0000401748
11058,0.0000401748
11059,0.0000401748
11060,0.0000401748
11061,0.0000401748
11062,0.0000401748
11063,0.0000401748
9405,0.0000213757
4742,0.0001142612
7100,0.0001916320
9564,0.0001027776
11008,0.0001026791
11009,0.0001026791
11010,0.0001026791
11011,0.0001912463
11012,0.0001912463
11013,0.0001026791
4506,0.0000187718
4507,0.0000187718
4509,0.0000187718
4510,0.0000187718
4511,0.0000187718
4517,0.0000187718
9561,0.0000021159
4526,0.0000174967
4527,0.0000062838
4528,0.0000062838
4529,0.0000062838
4530,0.0000062838
5266,0.0000114451
5935,0.0000183275
9180,0.0000112236
11746,0.0000112129
11747,0.0000112129
11748,0.0000112129
11749,0.0000112129
11750,0.0000112129
11751,0.0000112129
6806,0.0000256206
6831,0.0000252123
4540,0.0000000000
4541,0.0000000000
4542,0.0000000000
4550,0.0000032240
4557,0.0000183014
4558,0.0000183014
4559,0.0000183014
4560,0.0000183014
4561,0.0000183014
4563,0.0000183014
4565,0.0000183014
4566,0.0000183014
7937,0.0000000658
7938,0.0000000658
6770,0.0000052477
11218,0.0000067766
11487,0.0000000115
11488,0.0000000115
11489,0.0000000115
11198,0.0000000934
4574,0.0000002257
6868,0.0000921084
4580,0.0000250311
4582,0.0000250311
4583,0.0000250311
4584,0.0000250311
5936,0.0001501623
6727,0.0001787216
6797,0.0001925823
11144,0.0001433228
11548,0.0001431862
11624,0.0001582215
11625,0.0001430477
11626,0.0001430477
11627,0.0001430477
11628,0.0001430477
11629,0.0001582215
4598,0.0000034704
4599,0.0000034704
4600,0.0000034704
4601,0.0000034704
4602,0.0000034704
5148,0.0000001635
5149,0.0000001635
6865,0.0001097939
7415,0.0000795578
5359,0.0004599382
4618,0.0000015238
4619,0.0000015238
4620,0.0000015238
4621,0.0000015238
11493,0.0000000095
11494,0.0000099331
6970,0.0001377690
6972,0.0001377690
8432,0.0001371384
8434,0.0001371384
8458,0.0001402366
8505,0.0003445675
8506,0.0003445675
8550,0.0001128352
8772,0.0001079251
8773,0.0001340788
8774,0.0001579430
4630,0.0000096377
4631,0.0000096377
5794,0.0000416044
4654,0.0000056823
4655,0.0000056823
4657,0.0000056823
4658,0.0000056823
4665,0.0000289610
6136,0.0000909464
7974,0.0001545512
9903,0.0000894061
9078,0.0000028942
4679,0.0000128405
4680,0.0000128405
4681,0.0000128405
4682,0.0000128405
4701,0.0000024049
4702,0.0000047414
4703,0.0000024049
4704,0.0000024049
9796,0.0000023365
9797,0.0000023365
9798,0.0000023365
4888,0.0000288516
9146,0.0000076440
8413,0.0000090643
4715,0.0000002825
4717,0.0000002825
4718,0.0000002825
4719,0.0000002825
4720,0.0000002825
4721,0.0000002825
4722,0.0000002825
4723,0.0000002825
4724,0.0000002825
4726,0.0000115821
4727,0.0000115821
4728,0.0000115821
4729,0.0000115821
4731,0.0000115821
4732,0.0000115821
4733,0.0000115821
4734,0.0000115821
4735,0.0000115821
4736,0.0000115821
4737,0.0001001494
4738,0.0000115821
4739,0.0000115821
4740,0.0000115821
4741,0.0000115821
4744,0.0000115821
4745,0.0000115821
4746,0.0000115821
4747,0.0000115821
4748,0.0000115821
4749,0.0001001494
4750,0.0001001494
4752,0.0000115821
4753,0.0000115821
4754,0.0001001494
5927,0.0000886522
7321,0.0001183706
7359,0.0001183706
8596,0.0000886522
9044,0.0000886527
9507,0.0000887135
10001,0.0000886745
10021,0.0000932757
10042,0.0000887403
10043,0.0000887403
10061,0.0000886814
10166,0.0000886522
10178,0.0001118150
11134,0.0000886522
11243,0.0000885672
11244,0.0000885672
11245,0.0000885672
11246,0.0000885672
11247,0.0000885672
11248,0.0000885672
11249,0.0000885672
11250,0.0000885672
11251,0.0000885672
11252,0.0000885672
11253,0.0000885672
11254,0.0000885672
11255,0.0000885672
11256,0.0000885672
11257,0.0000885672
11259,0.0000885672
11260,0.0000885672
11261,0.0000885672
11262,0.0000885672
11263,0.0000885672
11264,0.0000885672
11265,0.0000885672
11266,0.0000885672
11267,0.0000885672
4767,0.0000000000
4768,0.0000000000
4769,0.0000000000
4770,0.0000000000
4771,0.0000000000
4772,0.0000000000
6967,0.0000298439
6971,0.0000298439
9322,0.0000045786
8557,0.0000002886
4788,0.0000000000
4791,0.0000092680
6557,0.0000051638
4796,0.0000150757
4798,0.0000150757
4800,0.0000000000
4802,0.0000390274
4804,0.0000390274
4805,0.0000390274
4806,0.0000390274
7639,0.0005895893
7783,0.0002308960
7785,0.0002308960
4810,0.0000014966
4811,0.0000014966
4812,0.0000014966
5424,0.0000379662
5978,0.0000306457
4821,0.0000037483
4822,0.0000037483
4834,0.0000350567
4838,0.0000472519
4839,0.0000472519
4843,0.0000472519
4844,0.0000472519
4845,0.0000472519
4846,0.0000472519
4847,0.0000472519
6033,0.0000162728
10024,0.0000271256
5457,0.0002269923
8490,0.0002042201
8529,0.0002069208
12423,0.0002040239
12424,0.0002040239
12425,0.0002040239
9824,0.0000059673
4853,0.0000000000
4854,0.0000000000
4855,0.0000000000
4860,0.0000127494
4862,0.0000127494
8817,0.0000238642
8819,0.0000238642
6474,0.0003218557
10031,0.0000077670
10032,0.0000077670
10033,0.0000077670
10034,0.0000077670
10035,0.0000077670
10036,0.0000077670
10037,0.0000077670
10038,0.0000077670
7240,0.0002228388
9806,0.0000000400
9807,0.0000000400
9808,0.0000000400
9809,0.0000000400
4880,0.0000212076
4881,0.0000212076
4882,0.0000212076
4884,0.0000212076
4885,0.0000212076
4886,0.0000212076
4889,0.0000212076
4892,0.0000212076
4894,0.0000212076
4896,0.0000212076
4897,0.0000212076
10055,0.0000299031
10973,0.0000298749
11155,0.0000297889
6867,0.0000473039
11734,0.0000123008
11735,0.0000123008
11914,0.0000051978
6089,0.0000011768
4902,0.0000000000
4903,0.0000000000
4904,0.0000000000
4905,0.0000000000
4906,0.0000000000
4907,0.0000000000
4908,0.0000000000
4915,0.0000008084
4916,0.0000008084
4918,0.0000008084
4919,0.0000008084
4921,0.0000000000
4922,0.0000000000
4924,0.0000090375
4927,0.0000090375
4928,0.0000090375
4938,0.0000000753
6762,0.0000000000
4940,0.0000368402
4941,0.0000368402
4942,0.0000368402
4943,0.0000368402
4944,0.0000368402
4945,0.0000368402
4946,0.0000368402
4947,0.0000368402
4951,0.0000368402
4956,0.0000368402
4957,0.0000368402
4958,0.0000368402
9294,0.0000243389
9295,0.0000000233
8182,0.0000016486
8183,0.0000016486
8184,0.0000016486
4966,0.0000012613
4967,0.0000012613
4968,0.0000012613
4969,0.0000012613
4970,0.0000012613
4971,0.0000012613
4972,0.0000012613
4973,0.0000012613
4976,0.0000012613
4977,0.0000012613
4978,0.0000012613
4979,0.0000012613
4980,0.0000012613
4981,0.0000012613
5783,0.0000137429
9441,0.0000009836
9442,0.0000009836
9443,0.0000009836
9444,0.0000009836
9445,0.0000009836
9446,0.0000009836
5380,0.0000007567
5381,0.0000007567
5382,0.0000007567
5383,0.0000019077
5384,0.0000019077
5386,0.0000007567
5387,0.0000007567
5388,0.0000007567
4987,0.0000027608
4988,0.0000027608
4989,0.0000027608
4990,0.0000027608
4992,0.0000027608
4993,0.0000027608
6206,0.0000561133
7451,0.0000561134
9288,0.0000560595
9289,0.0000560595
4996,0.0000035144
4997,0.0000093530
5552,0.0000058386
5553,0.0000058386
5554,0.0000058386
5557,0.0000058386
5558,0.0000058386
5559,0.0000058386
5560,0.0000058386
5561,0.0000058386
5562,0.0000058386
5564,0.0000058386
5010,0.0000001817
5011,0.0000001817
5012,0.0000001817
5013,0.0000001817
5014,0.0000001817
5015,0.0000001817
9292,0.0000000000
5026,0.0000032348
5033,0.0000261476
7649,0.0002253342
6241,0.0000422107
5043,0.0000000000
5050,0.0000079100
5053,0.0000079100
5054,0.0000079100
5055,0.0000079100
5058,0.0000172284
5061,0.0000172284
5062,0.0000172284
5063,0.0000172284
7510,0.0000003010
7511,0.0000003010
7513,0.0000003010
7514,0.0000003010
7515,0.0000003010
7516,0.0000003010
5065,0.0000036165
5069,0.0000036165
5070,0.0000036165
5082,0.0000029828
5083,0.0000029828
5084,0.0000029828
5086,0.0000029828
5087,0.0000029828
5088,0.0000029828
5097,0.0000000000
9493,0.0000052074
5110,0.0000001662
5111,0.0000001662
5112,0.0000001662
5113,0.0000001662
5114,0.0000001662
5116,0.0000001662
5117,0.0000001662
5118,0.0000001662
5119,0.0000001662
5120,0.0000001662
5121,0.0000001662
5122,0.0000001662
5123,0.0000001662
5124,0.0000001662
5125,0.0000001662
5127,0.0000000000
5128,0.0000000000
5129,0.0000000000
5130,0.0000000000
5131,0.0000000000
5132,0.0000000000
5133,0.0000000000
5152,0.0000311376
5153,0.0000311376
5155,0.0000311376
5157,0.0000311376
5159,0.0000311376
5160,0.0000311376
5161,0.0000311376
5162,0.0000311376
5163,0.0000311376
5168,0.0000174104
5170,0.0000174104
5172,0.0000000000
5179,0.0000089926
5180,0.0000089926
5182,0.0000089926
5184,0.0000467434
5185,0.0000467434
5186,0.0000467434
5189,0.0000006824
5192,0.0000000000
7404,0.0000752453
8125,0.0000754721
8212,0.0001153129
5201,0.0000000000
5202,0.0000000000
5203,0.0000000000
5204,0.0000000000
5205,0.0000000000
5207,0.0000127159
5208,0.0000127159
5209,0.0000127159
5213,0.0000127159
5214,0.0000127159
5215,0.0000127159
5216,0.0000127159
5217,0.0000127159
5512,0.0000127479
5220,0.0000015773
5230,0.0000127372
5231,0.0000127372
5232,0.0000127372
5235,0.0000127372
5236,0.0000127372
5237,0.0000127372
5444,0.0000039183
7394,0.0000468115
7395,0.0000468115
5241,0.0000560625
5242,0.0000560625
5246,0.0000560625
5248,0.0000560625
6192,0.0000372649
6193,0.0000372649
6194,0.0000598684
5261,0.0000065883
5267,0.0000002322
5272,0.0000471960
5273,0.0000471960
5274,0.0000471960
5275,0.0000471960
5276,0.0000471960
5277,0.0000471960
7012,0.0001436120
9473,0.0000142150
10268,0.0000124537
10269,0.0000124537
10270,0.0000053358
10271,0.0000124537
5289,0.0000197448
5290,0.0000197448
5291,0.0000197448
5294,0.0000000000
5295,0.0000000000
5296,0.0000000000
5297,0.0000000000
5298,0.0000000000
5299,0.0000000000
5300,0.0000000000
5301,0.0000000000
5306,0.0000003909
5313,0.0000036307
5321,0.0000045621
5325,0.0000045621
8318,0.0000552377
9467,0.0000149309
10058,0.0000001817
11418,0.0000000675
11419,0.0000000675
8849,0.0000152875
5336,0.0000000000
5338,0.0000000000
5340,0.0000167071
5342,0.0000167071
5345,0.0000167071
8521,0.0000324276
8522,0.0000644094
5348,0.0000002043
5349,0.0000002043
5350,0.0000002043
5352,0.0000002043
5361,0.0000492930
5367,0.0000008785
5370,0.0000000000
5371,0.0000000000
5372,0.0000000000
5941,0.0000004263
5942,0.0000004263
5391,0.0000335356
5393,0.0000035970
5396,0.0000000000
5397,0.0000000000
7997,0.0000160288
7998,0.0000160288
7894,0.0000314682
11806,0.0000314379
5737,0.0000115323
5740,0.0000115323
5741,0.0000115323
9169,0.0000089802
5418,0.0000004723
5425,0.0000073205
11329,0.0000073320
11330,0.0000073320
11331,0.0000073320
5432,0.0000000000
5433,0.0000000000
5434,0.0000000000
5435,0.0000000000
5436,0.0000000000
5437,0.0000000000
5438,0.0000000000
5439,0.0000000000
5442,0.0000036854
5446,0.0000036854
5447,0.0000036854
5448,0.0000036854
9630,0.0000000000
5453,0.0000250618
6186,0.0000067357
6187,0.0000067357
6188,0.0000067357
6189,0.0000067357
5459,0.0000229684
5460,0.0000229684
8013,0.0000055044
8014,0.0000055044
8015,0.0000055044
8016,0.0000055044
8018,0.0000055044
5467,0.0000039576
5471,0.0000216544
12397,0.0000356090
5475,0.0000002266
5476,0.0000002266
5477,0.0000002266
5478,0.0000002266
5481,0.0000000000
5482,0.0000000000
5485,0.0000000412
5492,0.0000242008
5494,0.0000242008
5499,0.0000056246
5500,0.0000056246
5501,0.0000056246
5502,0.0000304951
10951,0.0000248945
11109,0.0000248705
11110,0.0000248705
11111,0.0000248705
5505,0.0000066625
11325,0.0000104808
11326,0.0000104808
11327,0.0000104808
11328,0.0000104808
6041,0.0000940892
6046,0.0000940892
6047,0.0000940892
6048,0.0000940892
5517,0.0000000000
5518,0.0000000000
5519,0.0000000000
5520,0.0000000000
5522,0.0000000839
5524,0.0000017268
5525,0.0000017268
5526,0.0000017268
5528,0.0000017268
5529,0.0000017268
5530,0.0000045728
5531,0.0000017268
5532,0.0000045728
5533,0.0000045728
5534,0.0000017268
5544,0.0000028459
5545,0.0000028459
5546,0.0000028459
5548,0.0000028459
5537,0.0000001636
5538,0.0000001636
5541,0.0000000000
5542,0.0000000000
5543,0.0000000000
5569,0.0000000000
5571,0.0000039647
5576,0.0000001640
5579,0.0000000000
5582,0.0000169894
5583,0.0000169894
5723,0.0001762161
8860,0.0001908701
7183,0.0000168412
7242,0.0000166515
7243,0.0000166515
5599,0.0000000000
5603,0.0000051954
7188,0.0000408731
9591,0.0000573545
9597,0.0000407227
5613,0.0000410185
5621,0.0000019120
5623,0.0000811645
5624,0.0000811645
5627,0.0000811645
5628,0.0000811645
5632,0.0000000000
5633,0.0000000000
5634,0.0000000000
5635,0.0000000000
5637,0.0000756779
5644,0.0000027798
5645,0.0000027798
5646,0.0000027798
5649,0.0000027798
5652,0.0000000000
5653,0.0000000000
5654,0.0000000000
9367,0.0000006824
5662,0.0000217597
5664,0.0000217597
5666,0.0000217597
5667,0.0000217597
5668,0.0000217597
5670,0.0000217597
8827,0.0000795820
5857,0.0000178012
5858,0.0000178012
5860,0.0000178012
5678,0.0000272622
5679,0.0000272622
5681,0.0000272622
5688,0.0000000000
5689,0.0000000000
5691,0.0000002273
5692,0.0000002273
5694,0.0000002273
5698,0.0000054422
5699,0.0000054422
5701,0.0000054422
5702,0.0000054422
5704,0.0000054422
5798,0.0000005639
9876,0.0000029671
9877,0.0000029699
6067,0.0000540925
5708,0.0000232429
5713,0.0000012977
5725,0.0000000000
5730,0.0000000000
5731,0.0000000000
11287,0.0000049474
5761,0.0000000000
5762,0.0000000000
5766,0.0000380206
5767,0.0000380206
5771,0.0000038099
5772,0.0000038099
5774,0.0000038099
5796,0.0000005633
5797,0.0000005633
5799,0.0000005633
5800,0.0000005633
7493,0.0000984439
5782,0.0000127593
5784,0.0000127593
5785,0.0000127593
5786,0.0000127593
5787,0.0000127593
6298,0.0000017542
5791,0.0000001793
5792,0.0000001790
5793,0.0000001793
6624,0.0000000003
6625,0.0000000003
6626,0.0000000003
6627,0.0000000003
5808,0.0000000000
5809,0.0000000000
5813,0.0000025599
5814,0.0000025599
5815,0.0000025599
10251,0.0000095062
10252,0.0000095062
10253,0.0000095062
10254,0.0000095062
10255,0.0000095062
10256,0.0000095062
10258,0.0000095062
10259,0.0000095062
5830,0.0000062110
5831,0.0000062110
5832,0.0000062110
5835,0.0000035970
5839,0.0000038369
5840,0.0000038369
6846,0.0000017067
5848,0.0000000448
5849,0.0000000448
5850,0.0000000448
5851,0.0000000448
5852,0.0000000448
5853,0.0000000448
5854,0.0000000448
8815,0.0000226035
5862,0.0000000000
5863,0.0000000000
5864,0.0000000000
5865,0.0000000000
5866,0.0000000000
5994,0.0000107679
5874,0.0000000000
5875,0.0000000000
9190,0.0000048504
9191,0.0000048504
9332,0.0000077696
5890,0.0000000000
5891,0.0000000000
5892,0.0000000000
5894,0.0000000000
5895,0.0000000000
5896,0.0000000000
5903,0.0000066434
5905,0.0000000000
5906,0.0000000000
5909,0.0000037813
5911,0.0000059775
5912,0.0000059775
5914,0.0000059775
5915,0.0000059775
5917,0.0000000000
5918,0.0000000000
5919,0.0000000000
5920,0.0000000000
5921,0.0000000000
5922,0.0000000000
5923,0.0000000000
5924,0.0000000000
5925,0.0000000000
5928,0.0000000850
5930,0.0000018832
5931,0.0000018832
5934,0.0000071146
5937,0.0000071146
5938,0.0000071146
5945,0.0000004502
5946,0.0000004502
5949,0.0000000000
5950,0.0000000000
5951,0.0000000000
5955,0.0000062493
5956,0.0000062493
5958,0.0000062493
5960,0.0000062493
5962,0.0000000000
5963,0.0000000000
5964,0.0000000000
5965,0.0000000000
5967,0.0000000210
5968,0.0000000210
5970,0.0000000210
5971,0.0000000210
9174,0.0000000210
5975,0.0000011875
5976,0.0000011875
5977,0.0000011875
5985,0.0000109724
5996,0.0000005766
5997,0.0000005766
5998,0.0000005766
6000,0.0000005766
9140,0.0000067195
6002,0.0000000216
6003,0.0000000216
6011,0.0000064361
6013,0.0000064361
6015,0.0000000000
6016,0.0000000000
6017,0.0000000000
6018,0.0000000000
6019,0.0000000000
6020,0.0000000000
6021,0.0000000000
6024,0.0000267283
7667,0.0000393673
7669,0.0000393673
6026,0.0000000000
6027,0.0000000000
12195,0.0001010173
12196,0.0001010173
12197,0.0001010173
6037,0.0000305190
6038,0.0000305190
6039,0.0000305190
6040,0.0000305190
6051,0.0000090722
6052,0.0000090722
6055,0.0000002403
6057,0.0000002403
6061,0.0000000000
6066,0.0000044979
6072,0.0000652995
6074,0.0000652995
6075,0.0000652995
8577,0.0000964523
11390,0.0000821589
11391,0.0000821589
6361,0.0002097046
7494,0.0000360924
7496,0.0000360924
7497,0.0000360924
7498,0.0000360924
7499,0.0000360924
7500,0.0000360924
6079,0.0000000998
6081,0.0000018974
6082,0.0000018974
6083,0.0000018974
6084,0.0000018974
6086,0.0000018974
6087,0.0000018974
8269,0.0000023897
9678,0.0000011895
9679,0.0000011895
9680,0.0000011895
9681,0.0000218479
9682,0.0000011895
6092,0.0000032368
6093,0.0000032368
9231,0.0000443423
6104,0.0000000000
6121,0.0000000000
6123,0.0000000000
6124,0.0000000000
6126,0.0000000000
6132,0.0000000000
6133,0.0000000000
6134,0.0000000000
6138,0.0000015403
6142,0.0000050911
6143,0.0000050911
6145,0.0000050911
6146,0.0000050911
6148,0.0000050911
10396,0.0000026023
10397,0.0000026023
6150,0.0000000000
6151,0.0000000000
6153,0.0000146205
6154,0.0000146205
6155,0.0000146205
6157,0.0000146205
6158,0.0000146205
6165,0.0000095835
6166,0.0000095835
6168,0.0000095835
6171,0.0000090638
6175,0.0000068862
6176,0.0000068862
6178,0.0000068862
6180,0.0000068862
6181,0.0000068862
6190,0.0000000000
6191,0.0000000000
8427,0.0000731195
8811,0.0000294369
8857,0.0000009280
8858,0.0000009280
8859,0.0000009280
6201,0.0000000000
6202,0.0000000000
6203,0.0000000000
6205,0.0000000538
6207,0.0000000538
6210,0.0000097804
6214,0.0000097804
6215,0.0000097804
6217,0.0000097804
6219,0.0000000419
6221,0.0000000419
6222,0.0000000419
6223,0.0000000419
6224,0.0000000419
6225,0.0000000419
9434,0.0002157900
9435,0.0002157900
7579,0.0002703400
9771,0.0001389151
11118,0.0001389198
11879,0.0001387814
6232,0.0000479953
6233,0.0000479953
7899,0.0000706355
8102,0.0000704808
6236,0.0000000000
6237,0.0000000000
6238,0.0000000000
6239,0.0000000000
6240,0.0000000000
6244,0.0000000000
6245,0.0000000000
6247,0.0000000000
6248,0.0000000000
6252,0.0000111765
6255,0.0000000203
6256,0.0000000203
6258,0.0000002017
6259,0.0000002017
6262,0.0000222906
6263,0.0000222906
6265,0.0000222906
6266,0.0000222906
6268,0.0000011732
6269,0.0000011732
6270,0.0000011732
6271,0.0000011732
6272,0.0000011732
6273,0.0000011732
6274,0.0000011732
6275,0.0000011732
6276,0.0000011732
6277,0.0000011732
6278,0.0000011732
6279,0.0000011732
6280,0.0000011732
6288,0.0000000000
6289,0.0000000000
6290,0.0000000000
6291,0.0000000000
6292,0.0000000000
6294,0.0000130786
7324,0.0000545236
8362,0.0000403622
10392,0.0000247440
12225,0.0000247202
12226,0.0000247202
12227,0.0000247202
12228,0.0000247202
12229,0.0000247202
12230,0.0000247202
12231,0.0000247202
12232,0.0000247202
12233,0.0000247202
6297,0.0000000017
6301,0.0000000287
6302,0.0000000000
6303,0.0000000000
6304,0.0000000000
6305,0.0000000000
6942,0.0000556453
6312,0.0000000000
6313,0.0000000000
6317,0.0000758155
6318,0.0000758155
6320,0.0000758155
8115,0.0001712654
8180,0.0001276062
8181,0.0001276062
8113,0.0001157466
6324,0.0000576634
6326,0.0000576634
6327,0.0000576634
6329,0.0000576634
6330,0.0000731969
6333,0.0000731969
6335,0.0000576634
6365,0.0000487284
7375,0.0000174257
7377,0.0000174257
7380,0.0000174257
7732,0.0000155485
9793,0.0000155335
9794,0.0000155335
7409,0.0001394072
7411,0.0001394072
7412,0.0001394072
7413,0.0001394072
10185,0.0000400810
7638,0.0002312197
7926,0.0000325298
6352,0.0000073386
8007,0.0000274618
6363,0.0000313027
6367,0.0000313027
6745,0.0000785612
6375,0.0000000000
6376,0.0000000000
6377,0.0000000000
6378,0.0000000000
6379,0.0000000000
6380,0.0000000000
6381,0.0000000000
6383,0.0000639911
6384,0.0000639911
6387,0.0000086336
6388,0.0000086336
6389,0.0000086336
6390,0.0000086336
6391,0.0000086336
6393,0.0000086336
6396,0.0000003625
6397,0.0000003625
6398,0.0000003625
6399,0.0000003625
6400,0.0000003625
6402,0.0000003625
6884,0.0000122022
6886,0.0000122022
6889,0.0000012052
6890,0.0000012052
6891,0.0000012052
7489,0.0001381955
7491,0.0001381955
7604,0.0000862626
6425,0.0002507110
6427,0.0002507110
6428,0.0002507110
6430,0.0002507110
6432,0.0002507110
6433,0.0002507110
6436,0.0002507110
6438,0.0002507110
6441,0.0002507110
6442,0.0002507110
6444,0.0002507110
6451,0.0000123544
6453,0.0000123544
6454,0.0000123544
6455,0.0000123544
6456,0.0000123544
6457,0.0000123544
7436,0.0000869833
7524,0.0000544288
7623,0.0000543765
7624,0.0000543765
7625,0.0000543765
7627,0.0000580293
6461,0.0000382667
6467,0.0000382667
8262,0.0000626934
8263,0.0000626934
8264,0.0000626934
8265,0.0000626934
8266,0.0000626934
6463,0.0000309882
6466,0.0000309882
7550,0.0000011611
7551,0.0000011611
7552,0.0000011611
7553,0.0000011611
7554,0.0000012129
6468,0.0000000000
6475,0.0000875772
6477,0.0000875772
6480,0.0000875772
6482,0.0000875772
6485,0.0000875772
6486,0.0000875772
6488,0.0000875772
8367,0.0001279344
8368,0.0001390555
9052,0.0001278009
11491,0.0001278008
11775,0.0001276784
8254,0.0000998462
10169,0.0000799346
11815,0.0000798526
11816,0.0000798526
6798,0.0000495346
6799,0.0000495346
8011,0.0001172434
8012,0.0001172434
9688,0.0000885097
9689,0.0000885097
6502,0.0000194145
7765,0.0000851518
7865,0.0001360896
8260,0.0000842902
11555,0.0000059225
11556,0.0000059225
11557,0.0000059225
11558,0.0000059225
11559,0.0000059225
11560,0.0000059225
11561,0.0000059225
11562,0.0000059225
11563,0.0000059225
11564,0.0000059225
11565,0.0000059225
11566,0.0000059225
11567,0.0000059225
11568,0.0000059225
11569,0.0000059225
11570,0.0000059225
6506,0.0000000000
6507,0.0000000000
6511,0.0000180215
6512,0.0000180215
6517,0.0000062687
6518,0.0000062687
6519,0.0000062687
6520,0.0000062687
6522,0.0000062687
6524,0.0000062687
7601,0.0000875749
6532,0.0000266299
6538,0.0000211549
6539,0.0000211549
6541,0.0000211549
6544,0.0000211549
6547,0.0001745088
6550,0.0001745088
7869,0.0001293191
7870,0.0001293191
7871,0.0001293191
7872,0.0001293191
7873,0.0001293191
7886,0.0001363656
7923,0.0000453147
6559,0.0000169652
6560,0.0000169652
7819,0.0000374278
6564,0.0000646557
6565,0.0000646557
6566,0.0000646557
6567,0.0000646557
6570,0.0000646557
6572,0.0000646557
6573,0.0000646557
6574,0.0000646557
6575,0.0000646557
6580,0.0000292365
6581,0.0000292365
6583,0.0000000000
6584,0.0000000000
6585,0.0000000000
6586,0.0000000000
6587,0.0000000000
6588,0.0000000000
6590,0.0000002912
6591,0.0000002912
6592,0.0000002912
6594,0.0000002912
6595,0.0000002912
6596,0.0000002912
6597,0.0000002912
6598,0.0000002912
6605,0.0000039235
6607,0.0000039235
11880,0.0000000000
11881,0.0000000000
11882,0.0000000000
11883,0.0000000000
11884,0.0000000000
6609,0.0000235438
6610,0.0000235438
6613,0.0000209828
6614,0.0000208426
6615,0.0000208426
6616,0.0000208426
6617,0.0000208426
6618,0.0000208426
6619,0.0000208426
6620,0.0000208426
6621,0.0000208426
6622,0.0000208426
12060,0.0000076612
6634,0.0000218855
6635,0.0000218855
6645,0.0000161615
6657,0.0000497962
6658,0.0000497962
6661,0.0000152952
6663,0.0000153470
6664,0.0000152952
6665,0.0000152952
6666,0.0000152952
6668,0.0000152952
6669,0.0000152952
6670,0.0000152952
6671,0.0000152952
6672,0.0000152952
7818,0.0000000518
7820,0.0000000518
6674,0.0000036596
7171,0.0000000000
6682,0.0000931474
6683,0.0000931474
6685,0.0000931474
7911,0.0001572901
7912,0.0001572901
7913,0.0001572901
7448,0.0000000539
7449,0.0000000539
7450,0.0000000539
6696,0.0000045851
6702,0.0000637041
6704,0.0000637041
9340,0.0001284380
9341,0.0001193756
9342,0.0001193756
9343,0.0001193756
6710,0.0001918491
6714,0.0002748965
7298,0.0002429865
6853,0.0001198415
6721,0.0000356739
6722,0.0000356739
6723,0.0000356739
6724,0.0000356739
6725,0.0000356739
6726,0.0000356739
6729,0.0000356739
6730,0.0000356739
6731,0.0000356739
6733,0.0000356739
6734,0.0000356739
6736,0.0000356739
6738,0.0000356739
6739,0.0000356739
6740,0.0000356739
6741,0.0000356739
6742,0.0000356739
7806,0.0000574523
6747,0.0000000000
6750,0.0000272559
6751,0.0000272559
6753,0.0000375453
6754,0.0000375453
6759,0.0000375453
7587,0.0000058799
8972,0.0000018041
8973,0.0000018041
8974,0.0000018041
8975,0.0000018041
6761,0.0000000000
6763,0.0000000000
6764,0.0000000000
6765,0.0000000000
6771,0.0000052361
6772,0.0000052361
6773,0.0000052361
6774,0.0000052361
6775,0.0000052361
11332,0.0000977225
6779,0.0000723818
6781,0.0000723818
6782,0.0000723818
6783,0.0000723818
6785,0.0001081501
6786,0.0000723818
6787,0.0001081501
7685,0.0000358027
7751,0.0001107727
7933,0.0000357683
8242,0.0000628868
8243,0.0000628868
6801,0.0000235290
6802,0.0000235290
6809,0.0000000000
6810,0.0000000000
6812,0.0000259449
6813,0.0000259449
6814,0.0000259449
6815,0.0000259449
6816,0.0000259449
6819,0.0001441727
6820,0.0001441727
6830,0.0000000000
6834,0.0000596658
6837,0.0000596658
6844,0.0000475517
6848,0.0000367941
6850,0.0000367941
6851,0.0000367941
6854,0.0000367941
6855,0.0000367941
6857,0.0000367941
6859,0.0000367941
6860,0.0000367941
6861,0.0000367941
7293,0.0000120662
6863,0.0000302360
6866,0.0000302360
7465,0.0000047670
6870,0.0000001385
6877,0.0000775647
6878,0.0000775647
8272,0.0000273129
7542,0.0001104174
7548,0.0001104174
8037,0.0000218992
8038,0.0000218992
8039,0.0000218992
8040,0.0000218992
7229,0.0001231139
7616,0.0001584196
7617,0.0001584196
7773,0.0002438794
7924,0.0000720645
7233,0.0000851615
6885,0.0000109970
6888,0.0000052286
6928,0.0000206273
6894,0.0000001131
6895,0.0000001131
6896,0.0000001131
6898,0.0000112139
6901,0.0000000216
6902,0.0000000216
6904,0.0000000000
6905,0.0000000000
6906,0.0000000000
6907,0.0000000000
6912,0.0000150665
7047,0.0000016006
7048,0.0000016006
7049,0.0000016006
7050,0.0000016006
7043,0.0000013322
7044,0.0000013322
7054,0.0000013507
6915,0.0000013533
6916,0.0000013533
6917,0.0000013533
6919,0.0000013309
6921,0.0000000000
6922,0.0000000000
6923,0.0000000000
6925,0.0000013322
6926,0.0000013322
6931,0.0000024288
6935,0.0000855418
6936,0.0000855418
6938,0.0000855418
10858,0.0000053097
11772,0.0000038805
11773,0.0001119679
11774,0.0000038805
11692,0.0000222199
6940,0.0000070017
6943,0.0000070017
6946,0.0000070017
6948,0.0000379062
7063,0.0000320466
7064,0.0000320466
6949,0.0000058596
6950,0.0000058596
6951,0.0000058596
6952,0.0000058596
6964,0.0000000000
6966,0.0000252697
6994,0.0000030848
6996,0.0000030848
6997,0.0000030848
6998,0.0000030848
7000,0.0000030848
7001,0.0000030848
9722,0.0001519064
9869,0.0001519058
11722,0.0001519059
12468,0.0001517603
12469,0.0001517603
12470,0.0001517603
12471,0.0001517603
12472,0.0001517603
12473,0.0001517603
12474,0.0001517603
12475,0.0001517603
12476,0.0001517603
12477,0.0001517603
8379,0.0000395684
8380,0.0000395684
8383,0.0000395684
6975,0.0000000000
6978,0.0000021767
6979,0.0000021767
9486,0.0000000000
6981,0.0000013322
6982,0.0000013322
6984,0.0000135602
6985,0.0000135602
6986,0.0000135602
6989,0.0000135602
6990,0.0000135602
6991,0.0000135602
6992,0.0000135602
7037,0.0000000000
7009,0.0000220449
7014,0.0000348510
7003,0.0000000000
7005,0.0000000000
7006,0.0000000000
7007,0.0000000000
8871,0.0000128061
8872,0.0000128061
7020,0.0000079405
7021,0.0000079405
7022,0.0000079405
7023,0.0000079405
7024,0.0000079405
7026,0.0000079405
7027,0.0000079405
7028,0.0000079405
7030,0.0000079405
7031,0.0000079405
7032,0.0000079405
7039,0.0000014064
7040,0.0000024594
7053,0.0000010530
7034,0.0000000000
7035,0.0000000000
7042,0.0000000000
7046,0.0000000000
7056,0.0000000000
7057,0.0000000000
8879,0.0000267329
7067,0.0000208822
7069,0.0000208822
7070,0.0000208822
7073,0.0000000108
7074,0.0000000108
7076,0.0000000108
7077,0.0000000108
7078,0.0000000108
7079,0.0000000108
7080,0.0000000000
7081,0.0000000000
7082,0.0000000000
7083,0.0000000000
7085,0.0000000000
7086,0.0000000000
7088,0.0000049239
7089,0.0000049239
7090,0.0000049239
7091,0.0000049239
7092,0.0000049239
7093,0.0000049239
7094,0.0000049239
7096,0.0000049239
7097,0.0000049239
12241,0.0000007869
8389,0.0002537772
8697,0.0001339277
11189,0.0001216207
7099,0.0000003856
7101,0.0000003856
7104,0.0000010933
7106,0.0000010933
7107,0.0000010933
7108,0.0000010933
7110,0.0000000000
7111,0.0000000000
7112,0.0000000000
7113,0.0000000000
7115,0.0000017826
7116,0.0000017826
7118,0.0000017826
8459,0.0001012758
8460,0.0001012758
8461,0.0001012758
8463,0.0001012758
8464,0.0001012758
7121,0.0000329782
7122,0.0000329782
7123,0.0000329782
7125,0.0000329782
7126,0.0000329782
7127,0.0000329782
7129,0.0000000000
7130,0.0000000000
7131,0.0000000000
7132,0.0000000000
7136,0.0000280736
7137,0.0000280736
7138,0.0000280736
7139,0.0000280736
10651,0.0000056948
11641,0.0000073895
7141,0.0000000000
7143,0.0000000000
7144,0.0000000000
7145,0.0000000000
7146,0.0000000000
7147,0.0000000000
7148,0.0000000000
7150,0.0000000000
7152,0.0000000000
7153,0.0000000000
7154,0.0000000000
7155,0.0000000000
7156,0.0000000000
7157,0.0000000000
7159,0.0000155280
7161,0.0000155280
7165,0.0001006348
7263,0.0000668303
7302,0.0000568990
7168,0.0000012408
7169,0.0000012408
7170,0.0000012408
7173,0.0000015617
7174,0.0000015617
7177,0.0000097264
7178,0.0000015617
7180,0.0000015617
10134,0.0000081648
7184,0.0000001898
7185,0.0000001898
7186,0.0000001898
7187,0.0000001898
7190,0.0000353571
7193,0.0000000000
7194,0.0000000000
7195,0.0000000000
7196,0.0000000000
7199,0.0000197071
7200,0.0000197071
7201,0.0000197071
7204,0.0000197071
7206,0.0000000000
7208,0.0000000000
7210,0.0000000000
7211,0.0000000000
7212,0.0000000000
7214,0.0000213481
7217,0.0000213481
7218,0.0000213481
7219,0.0000213481
7220,0.0000213481
7226,0.0000002015
7228,0.0000510494
7230,0.0000510494
7235,0.0000402299
7238,0.0000002140
7239,0.0000002140
7241,0.0000002140
7246,0.0000000000
7248,0.0000000000
7249,0.0000000000
7252,0.0000014796
7253,0.0000014796
7254,0.0000014796
7255,0.0000014796
7256,0.0000014796
7257,0.0000014796
7260,0.0000099313
7265,0.0000347309
7270,0.0000102813
7272,0.0000102813
7327,0.0000356332
7575,0.0000058298
7274,0.0000000000
7275,0.0000000000
7279,0.0000414747
7281,0.0000414747
7282,0.0000414747
7284,0.0000002494
7288,0.0000000000
7294,0.0000120546
7567,0.0001086189
7569,0.0001086189
7305,0.0000099532
7306,0.0000099532
7307,0.0000099532
7309,0.0000145783
7311,0.0000145783
7318,0.0000086112
7319,0.0000086112
8338,0.0000411007
8882,0.0000326056
9054,0.0000319818
9055,0.0000319818
7323,0.0000298034
7328,0.0000298034
7329,0.0000298034
7330,0.0000298034
7332,0.0000298034
7333,0.0000298034
7334,0.0000298034
7335,0.0000298034
7337,0.0000298034
7339,0.0000298034
7342,0.0000298034
7344,0.0000298034
7345,0.0000298034
7348,0.0000298034
7352,0.0000298034
7354,0.0000298034
7355,0.0000298034
7357,0.0000298034
7358,0.0000298034
7360,0.0000298034
8154,0.0000000000
7365,0.0000000000
7366,0.0000000000
7367,0.0000000000
7369,0.0000000000
7370,0.0000000000
7371,0.0000000000
7372,0.0000000000
9571,0.0000004867
8223,0.0000024999
7403,0.0000013297
7405,0.0000013297
7406,0.0000013297
7407,0.0000013297
7408,0.0000013297
7485,0.0000028141
7556,0.0000204400
7453,0.0000711683
9296,0.0000197381
9297,0.0000197381
7391,0.0000000000
7392,0.0000000000
7393,0.0000000000
7400,0.0000000000
7749,0.0000949980
7750,0.0000750044
7752,0.0000750044
9523,0.0000012144
7455,0.0000088357
8133,0.0000785055
7475,0.0000000000
7476,0.0000000000
7477,0.0000000000
7478,0.0000000000
7479,0.0000000000
7480,0.0000000000
7481,0.0000000000
7483,0.0000000027
7484,0.0000000027
7486,0.0000000027
7506,0.0000469099
7518,0.0000000000
7519,0.0000000000
7522,0.0000000523
7523,0.0000000523
7525,0.0000000523
7528,0.0000145910
7529,0.0000145910
7535,0.0000415837
7558,0.0000203680
8047,0.0001151380
7541,0.0000000000
8096,0.0000493106
8097,0.0000493106
8098,0.0000493106
8099,0.0000493106
8100,0.0000493106
7859,0.0000011309
7562,0.0000196459
7578,0.0000022395
7580,0.0000022395
7581,0.0000022395
7582,0.0000022395
7584,0.0000040758
7585,0.0000040758
7586,0.0000040758
7588,0.0000040758
8794,0.0000111211
8795,0.0000111211
7591,0.0000625879
7593,0.0000626479
7594,0.0000625879
7596,0.0000000000
7597,0.0000000000
7598,0.0000000000
7599,0.0000000000
9156,0.0000139313
7612,0.0000863551
7613,0.0000863551
10015,0.0000154870
10121,0.0000107785
10135,0.0000120027
10136,0.0000120027
10138,0.0000120027
10139,0.0000120027
10140,0.0000120027
10141,0.0000120027
7832,0.0001076657
8173,0.0000515356
8175,0.0000515356
8476,0.0000011580
10044,0.0000011569
10045,0.0000011569
10046,0.0000011569
10047,0.0000011569
10048,0.0000011569
10049,0.0000011569
7994,0.0000187115
8274,0.0000036527
7644,0.0000023270
7645,0.0000023270
7646,0.0000023270
7648,0.0000023270
7650,0.0000023270
7651,0.0000023270
7652,0.0000023270
7686,0.0000000344
7687,0.0000000344
8253,0.0000199935
8257,0.0000199935
7654,0.0000000000
7655,0.0000000000
7657,0.0000000000
7658,0.0000000000
7660,0.0000528148
7661,0.0000528148
7664,0.0000528148
7665,0.0000528148
7774,0.0000775042
7775,0.0000775042
7671,0.0000012126
7672,0.0000012126
7677,0.0000000000
7680,0.0000000000
7681,0.0000000000
7684,0.0000385452
7689,0.0000763461
7690,0.0000763461
7691,0.0000763461
7692,0.0000763461
7695,0.0000763461
7696,0.0000763461
7699,0.0000763461
7700,0.0000763461
9906,0.0000206585
9907,0.0000206585
9908,0.0000206585
9911,0.0000206585
9912,0.0000206585
9913,0.0000206585
9914,0.0000206585
9459,0.0000000000
7703,0.0000000000
7704,0.0000000000
7705,0.0000000000
7706,0.0000000000
7707,0.0000000000
7708,0.0000000000
7709,0.0000000000
7710,0.0000000000
7711,0.0000000000
7713,0.0000331685
7714,0.0000331685
7915,0.0000587893
7948,0.0000584437
7949,0.0000584437
7951,0.0000584437
7953,0.0000584437
7954,0.0000584437
7955,0.0000584437
7957,0.0000584437
7958,0.0000584437
7959,0.0000584437
7960,0.0000584437
7868,0.0000053440
7730,0.0000000149
7731,0.0000000149
7733,0.0000000149
7735,0.0000212643
7737,0.0000212643
9215,0.0000071530
9216,0.0000071530
9217,0.0000071530
7741,0.0000000000
7742,0.0000000000
7743,0.0000000000
7744,0.0000000000
7745,0.0000000000
7746,0.0000000000
7747,0.0000000000
7748,0.0000000000
7756,0.0000238325
7921,0.0000191083
7922,0.0000122907
7759,0.0000015625
7760,0.0000015625
7907,0.0000000000
7908,0.0000000000
7909,0.0000000000
7910,0.0000000000
7766,0.0000008616
7767,0.0000008616
7769,0.0000008616
7770,0.0000008616
7771,0.0000008616
7772,0.0000008616
7778,0.0000166538
7779,0.0000166538
7788,0.0000416038
7792,0.0000000000
7793,0.0000000000
8083,0.0000009689
8093,0.0000009680
8094,0.0000009680
7813,0.0000378929
7814,0.0000378929
7816,0.0000378929
9134,0.0000000263
7824,0.0000000000
7826,0.0000561302
7827,0.0000561302
7828,0.0000561302
7830,0.0000561302
7831,0.0000561302
7833,0.0000561302
7834,0.0000561302
7835,0.0000561302
7836,0.0000561302
7837,0.0000561302
7838,0.0000561302
9588,0.0000000383
7845,0.0000000000
7846,0.0000000000
7847,0.0000000000
7849,0.0000276465
7851,0.0000000011
7852,0.0000000011
7853,0.0000000011
7854,0.0000000011
7855,0.0000000011
7856,0.0000000011
7857,0.0000000011
7858,0.0000000011
7860,0.0000000011
7862,0.0000517994
7863,0.0000517994
7864,0.0000517994
7878,0.0000311499
7880,0.0000311499
7881,0.0000311499
8145,0.0000148379
8146,0.0000148379
8147,0.0000148379
8148,0.0000148379
8149,0.0000148379
8150,0.0000148379
8151,0.0000148379
8152,0.0000148379
8153,0.0000148379
7883,0.0000000000
7884,0.0000000000
7890,0.0000000303
7891,0.0000000303
7892,0.0000000303
7893,0.0000000303
7917,0.0000003456
7929,0.0000242153
7930,0.0000242153
7931,0.0000242153
7943,0.0000156693
7944,0.0000156693
7945,0.0000156693
7946,0.0000156693
7947,0.0000156693
7966,0.0000651451
7967,0.0000651451
7968,0.0000651451
7970,0.0000651451
7971,0.0000651451
7972,0.0000651451
7973,0.0000651451
7975,0.0000651451
7976,0.0000651451
7977,0.0000651451
7978,0.0000651451
7979,0.0000651451
7980,0.0000651451
7982,0.0000651451
7983,0.0000651451
7985,0.0000651451
7986,0.0000651451
7987,0.0000651451
7988,0.0000651451
8208,0.0000000000
9795,0.0000000000
8003,0.0000000000
8004,0.0000000000
8005,0.0000000000
8010,0.0000287338
8020,0.0000000000
8021,0.0000000000
8022,0.0000000000
8028,0.0000307191
8029,0.0000307191
8031,0.0000307191
8042,0.0000002900
8043,0.0000002900
8045,0.0000002900
8046,0.0000002900
8296,0.0000809904
8050,0.0000147662
8051,0.0000147662
8052,0.0000147662
8053,0.0000147662
8054,0.0000147662
8055,0.0000147662
8056,0.0000147662
8058,0.0000147662
8059,0.0000147662
8060,0.0000147662
8061,0.0000147662
8063,0.0000000000
8064,0.0000000000
8065,0.0000000000
8066,0.0000000000
8067,0.0000000000
8069,0.0000000000
8070,0.0000000000
8071,0.0000000000
8072,0.0000000000
8073,0.0000000000
8077,0.0000336170
8078,0.0000336170
8079,0.0000365157
8080,0.0000336170
9329,0.0000149441
10040,0.0000030718
11431,0.0000029015
11699,0.0000028987
11700,0.0000028987
11701,0.0000028987
11702,0.0000028987
11703,0.0000028987
11704,0.0000028987
11705,0.0000028987
11706,0.0000028987
11707,0.0000028987
11708,0.0000028987
11709,0.0000028987
11710,0.0000028987
8085,0.0000000000
8086,0.0000000000
8087,0.0000000000
8090,0.0000101415
8091,0.0000101415
8108,0.0000015422
8111,0.0000436592
8112,0.0000436592
8114,0.0000436592
8116,0.0000436592
8117,0.0000436592
8120,0.0000000000
8121,0.0000000000
8130,0.0000000000
8131,0.0000000000
8136,0.0000000433
8137,0.0000000433
8138,0.0000000433
8139,0.0000000433
8141,0.0000000000
8142,0.0000000000
8143,0.0000000000
8144,0.0000000000
8158,0.0000570663
8163,0.0000151487
8164,0.0000151487
8165,0.0000151487
8166,0.0000151487
8168,0.0000151487
8169,0.0000151487
8171,0.0000000000
8186,0.0000000000
8187,0.0000000000
8191,0.0000135051
8192,0.0000135051
10970,0.0000091483
10976,0.0000091483
12347,0.0000090624
12348,0.0000090624
12349,0.0000090624
12350,0.0000090624
12351,0.0000090624
12352,0.0000090624
12353,0.0000090624
12354,0.0000090624
12355,0.0000090624
12356,0.0000090624
12357,0.0000090624
12358,0.0000090624
12359,0.0000090624
9762,0.0000072010
8202,0.0000735430
8203,0.0000735430
8205,0.0000000140
8206,0.0000000140
8207,0.0000000140
8210,0.0000413974
8211,0.0000413974
8213,0.0000413974
8214,0.0000413974
8216,0.0000413974
8218,0.0000000000
8219,0.0000000000
8220,0.0000000000
8222,0.0000000000
8226,0.0000050953
8227,0.0000050953
8235,0.0000002943
8237,0.0000000000
8238,0.0000000000
8240,0.0000265312
8245,0.0000035970
8248,0.0000000000
8249,0.0000000000
8268,0.0000012002
8270,0.0000012002
8281,0.0000000212
8282,0.0000000212
8283,0.0000000212
8284,0.0000000212
8285,0.0000000212
8286,0.0000000212
8288,0.0000000212
8289,0.0000000212
8290,0.0000000212
8291,0.0000000212
8292,0.0000000212
8293,0.0000000212
8294,0.0000000212
8295,0.0000000212
8299,0.0000050821
8300,0.0000050821
11685,0.0000207022
11688,0.0000207022
11752,0.0000206623
8305,0.0000551702
8308,0.0000551702
8309,0.0000551702
8311,0.0000551702
8312,0.0000551702
8313,0.0000551702
8314,0.0000551702
8315,0.0000551702
8316,0.0000551702
8319,0.0000551702
8321,0.0000551702
8322,0.0000551702
9060,0.0000026817
11160,0.0000071179
11161,0.0000071179
11162,0.0000071179
8327,0.0000000000
8328,0.0000000000
8329,0.0000000000
8330,0.0000000000
8339,0.0000091188
8340,0.0000091188
8342,0.0000091188
8411,0.0001085844
8345,0.0000000000
8346,0.0000000000
8347,0.0000000000
8348,0.0000000000
8349,0.0000000000
8351,0.0000000516
8352,0.0000000516
8353,0.0000000516
8354,0.0000000516
8356,0.0000040855
8358,0.0000040855
8360,0.0000040855
10025,0.0000073723
10026,0.0000073723
10028,0.0000073723
10029,0.0000073723
8363,0.0000156420
8364,0.0000156420
8366,0.0000002560
8371,0.0000008835
8372,0.0000008835
8373,0.0000008835
8374,0.0000008835
8375,0.0000008835
8376,0.0000008835
8801,0.0000173620
8928,0.0000289635
8575,0.0000131365
8576,0.0000131365
8578,0.0000131365
8574,0.0000364384
9026,0.0000278236
8391,0.0000000000
8392,0.0000000000
8394,0.0000011951
8395,0.0000011951
8396,0.0000011951
8397,0.0000011951
8400,0.0000246553
8406,0.0000495308
8408,0.0000495308
8409,0.0000495308
8410,0.0000495308
8624,0.0000542678
8626,0.0000542678
8414,0.0000022442
8415,0.0000000000
8416,0.0000000000
8417,0.0000000000
8418,0.0000000000
8419,0.0000000000
8420,0.0000000000
8421,0.0000000000
8424,0.0000131379
8425,0.0000131379
8426,0.0000131379
8428,0.0000131379
8429,0.0000131379
8839,0.0000173159
8840,0.0000173159
8841,0.0000173159
8842,0.0000173159
8843,0.0000173159
8844,0.0000173159
8478,0.0000067442
8433,0.0000292133
8435,0.0000292133
8443,0.0000000000
8444,0.0000000000
8446,0.0000000000
8447,0.0000000000
8448,0.0000000000
8450,0.0000000000
9263,0.0000000000
8452,0.0000000000
8454,0.0000000000
8456,0.0000003296
8482,0.0000099331
8524,0.0000128205
10321,0.0000099331
10998,0.0000347594
11022,0.0000099331
11829,0.0000203483
12551,0.0000099236
12552,0.0000099236
12553,0.0000099236
12554,0.0000099236
12555,0.0000099236
12556,0.0000099236
12557,0.0000099236
12558,0.0000099236
12559,0.0000099236
12560,0.0000099236
12561,0.0000099236
12562,0.0000099236
12563,0.0000099236
8469,0.0000341330
8470,0.0000341330
8471,0.0000341330
8779,0.0000264823
8983,0.0000264570
8985,0.0000264570
8474,0.0000000011
8475,0.0000000011
8582,0.0000050087
8583,0.0000050087
8584,0.0000050087
8585,0.0000050087
8481,0.0000000095
8483,0.0000000095
8484,0.0000000095
8486,0.0000000000
8487,0.0000000000
8489,0.0000001962
8491,0.0000001962
8492,0.0000001962
8785,0.0000010178
8498,0.0000000000
8499,0.0000000000
8502,0.0000010035
8744,0.0000034163
8504,0.0000326185
8507,0.0000326185
8508,0.0000326185
8511,0.0000753660
8618,0.0000427475
8518,0.0000000000
8519,0.0000000000
8520,0.0000000000
8525,0.0000028969
8526,0.0000028969
8527,0.0000028969
8530,0.0000028969
8531,0.0000028969
8532,0.0000028969
8534,0.0000028969
8535,0.0000028969
8536,0.0000028969
8537,0.0000028969
8538,0.0000028969
8539,0.0000028969
8540,0.0000028969
8968,0.0000045533
8969,0.0000045533
8970,0.0000045533
8971,0.0000045533
8542,0.0000000000
8543,0.0000000000
8544,0.0000000000
8545,0.0000000000
8546,0.0000000000
8547,0.0000000000
8548,0.0000000000
8551,0.0000049101
8552,0.0000049101
8553,0.0000049101
8555,0.0000049101
8803,0.0000136132
8804,0.0000136132
8560,0.0000000000
8561,0.0000000000
8562,0.0000000000
8563,0.0000000000
8564,0.0000000000
8565,0.0000000000
8567,0.0000010822
8568,0.0000010822
8569,0.0000010822
8572,0.0000086148
8573,0.0000086148
8580,0.0000000000
8581,0.0000000000
8587,0.0000000000
8588,0.0000000000
8589,0.0000000000
8593,0.0000000000
8594,0.0000000000
8598,0.0000206003
8600,0.0000206003
8601,0.0000206003
8603,0.0000206003
8604,0.0000206003
8605,0.0000206003
8606,0.0000206003
11539,0.0000261537
8634,0.0000000000
8635,0.0000000000
8636,0.0000000000
8608,0.0000000840
8609,0.0000000840
8823,0.0000025096
8825,0.0000025096
8826,0.0000025096
8612,0.0000000000
8613,0.0000000000
8617,0.0000084747
8620,0.0000000000
8621,0.0000000000
8622,0.0000000000
8737,0.0000185794
8738,0.0000069613
8628,0.0000085257
8629,0.0000085257
8630,0.0000085257
8631,0.0000085257
8632,0.0000085257
8638,0.0000081605
8639,0.0000081605
8640,0.0000081605
8641,0.0000081605
8644,0.0000000000
8646,0.0000000000
8654,0.0000001528
8656,0.0000001528
8657,0.0000001528
8658,0.0000001528
8659,0.0000001528
8660,0.0000001528
8661,0.0000001528
8662,0.0000001528
8663,0.0000001528
8665,0.0000000000
8668,0.0000000000
8669,0.0000000000
8670,0.0000000000
8671,0.0000000000
8672,0.0000000000
8673,0.0000000000
8674,0.0000000000
8676,0.0000194728
8677,0.0000194728
8678,0.0000194728
9013,0.0000116181
9015,0.0000116181
9017,0.0000116181
9018,0.0000116181
9019,0.0000116293
9022,0.0000116181
9024,0.0000116181
9025,0.0000116181
8698,0.0000123070
8682,0.0000049943
8684,0.0000058968
8686,0.0000058968
8687,0.0000088623
8688,0.0000058968
8689,0.0000058968
9219,0.0000030003
9224,0.0000030003
9348,0.0000029684
9555,0.0000029655
9576,0.0000122358
9577,0.0000122358
11126,0.0000031039
11922,0.0000029655
11923,0.0000029655
11924,0.0000029655
11925,0.0000029655
11926,0.0000029655
11927,0.0000029655
11928,0.0000029655
11929,0.0000029655
11930,0.0000029655
11931,0.0000029655
11932,0.0000029655
11933,0.0000029655
11934,0.0000029655
11935,0.0000029655
11936,0.0000029655
11937,0.0000029655
11938,0.0000029655
11939,0.0000029655
11940,0.0000029655
11941,0.0000029655
11942,0.0000029655
11943,0.0000029655
11944,0.0000029655
11945,0.0000029655
11946,0.0000029655
11947,0.0000029655
11948,0.0000029655
11949,0.0000029655
11950,0.0000029655
11951,0.0000029655
11952,0.0000029655
11953,0.0000029655
11954,0.0000029655
8691,0.0000000000
8692,0.0000000000
8693,0.0000000000
8695,0.0000000000
8696,0.0000000000
8700,0.0000282312
8702,0.0000282312
8703,0.0000282312
8704,0.0000282312
8705,0.0000282312
8706,0.0000282312
8708,0.0000282312
8709,0.0000282312
8710,0.0000282312
9866,0.0000070684
9916,0.0000051067
10171,0.0000051838
10843,0.0000065309
11207,0.0000051018
11208,0.0000051018
11209,0.0000051018
11210,0.0000051018
11211,0.0000051018
11212,0.0000051018
11213,0.0000051018
11214,0.0000051018
11215,0.0000051018
11216,0.0000051018
8712,0.0000000000
8713,0.0000000000
8714,0.0000000000
8715,0.0000000000
8716,0.0000000000
8718,0.0000010318
8719,0.0000010318
8720,0.0000010318
8721,0.0000010318
8725,0.0000502111
8726,0.0000000000
8727,0.0000000000
8730,0.0000000000
8731,0.0000000000
8732,0.0000000000
8733,0.0000000000
8734,0.0000000000
8735,0.0000000000
8736,0.0000000000
8741,0.0000000000
8742,0.0000000000
8877,0.0000104760
8749,0.0000000000
8751,0.0000000000
8752,0.0000000000
8753,0.0000000000
8754,0.0000000000
8755,0.0000000000
8756,0.0000000000
8757,0.0000000000
8759,0.0000000000
8760,0.0000000000
8761,0.0000000000
8763,0.0000254925
8765,0.0000254925
8767,0.0000254925
8768,0.0000254925
11224,0.0000000000
11225,0.0000000000
11226,0.0000000000
11227,0.0000000000
11228,0.0000000000
8770,0.0000078268
8771,0.0000078268
8782,0.0000000010
8783,0.0000000010
8784,0.0000000010
8786,0.0000000010
8787,0.0000000010
8788,0.0000000010
8789,0.0000000010
8790,0.0000000010
8820,0.0000000000
8793,0.0000196459
8798,0.0000007974
8799,0.0000007974
8802,0.0000000166
8807,0.0000023299
8808,0.0000023299
8809,0.0000023299
8812,0.0000285089
8813,0.0000285089
9125,0.0000000112
9126,0.0000000112
9127,0.0000000112
9128,0.0000000112
9129,0.0000000112
9721,0.0000001461
9723,0.0000001461
9724,0.0000001461
9725,0.0000001461
8829,0.0000000000
8830,0.0000000000
8831,0.0000000000
8832,0.0000000000
8833,0.0000000000
8834,0.0000000000
8835,0.0000000000
8836,0.0000000000
9147,0.0000000000
8851,0.0000000000
8852,0.0000000000
8850,0.0000000000
8855,0.0000015561
8856,0.0000015561
8862,0.0000002635
8863,0.0000002635
8865,0.0000002637
8866,0.0000002635
8867,0.0000002635
8868,0.0000002635
8869,0.0000002635
8870,0.0000002635
8874,0.0000000000
8875,0.0000000000
8883,0.0000006237
8884,0.0000006237
8885,0.0000006237
8888,0.0000006237
8889,0.0000006237
8890,0.0000006237
8891,0.0000006237
8892,0.0000006237
8893,0.0000006237
8894,0.0000006237
8896,0.0000006237
8897,0.0000006237
8898,0.0000006237
8899,0.0000006237
8900,0.0000006237
8901,0.0000006237
8902,0.0000006237
8903,0.0000006237
8904,0.0000006237
8981,0.0000000000
8982,0.0000000000
8906,0.0000000000
8907,0.0000000000
8908,0.0000000000
8909,0.0000000000
8911,0.0000000000
8912,0.0000000000
8913,0.0000000000
8914,0.0000000000
8915,0.0000000000
8916,0.0000000000
8917,0.0000000000
8919,0.0000000000
8920,0.0000000000
8921,0.0000000000
8922,0.0000000000
8931,0.0000000000
8932,0.0000000000
8935,0.0000109412
8936,0.0000109412
8937,0.0000109412
8988,0.0000002419
8989,0.0000002419
8939,0.0000000000
8943,0.0000044761
8944,0.0000044761
8945,0.0000044761
8946,0.0000044761
8947,0.0000044761
8948,0.0000044761
8949,0.0000044761
8950,0.0000044761
8952,0.0000000000
8953,0.0000000000
8954,0.0000000000
8955,0.0000000000
8957,0.0000861579
8958,0.0000861579
8959,0.0000861579
8960,0.0000861579
8961,0.0000861579
8963,0.0000000000
8964,0.0000000000
8965,0.0000000000
8966,0.0000000000
8967,0.0000000000
8977,0.0000016212
8978,0.0000016212
8979,0.0000016212
8980,0.0000016212
8987,0.0000000000
8992,0.0000000000
8993,0.0000000000
8996,0.0000261855
8997,0.0000261855
8998,0.0000261855
8999,0.0000261855
9000,0.0000261855
9001,0.0000261855
9002,0.0000261855
11021,0.0000000095
9004,0.0000438614
9005,0.0000438614
9007,0.0000438614
9028,0.0000000000
9029,0.0000000000
9030,0.0000000000
9032,0.0000070264
9034,0.0000070264
9035,0.0000070264
11043,0.0000000000
11044,0.0000000000
11045,0.0000000000
11046,0.0000000000
11047,0.0000000000
11048,0.0000000000
11049,0.0000000000
9037,0.0000000000
9038,0.0000000000
9039,0.0000000000
9040,0.0000000000
9041,0.0000000000
9042,0.0000000000
9045,0.0000000854
9046,0.0000000854
9047,0.0000000854
9048,0.0000000854
9049,0.0000000854
9050,0.0000000854
9053,0.0000001225
9059,0.0000000000
9061,0.0000000000
9062,0.0000000000
9063,0.0000000000
9064,0.0000000000
9065,0.0000000000
9066,0.0000000000
9068,0.0000000217
9069,0.0000000217
9071,0.0000000217
9072,0.0000000217
9073,0.0000000217
9074,0.0000000217
9075,0.0000000217
9076,0.0000000217
9077,0.0000000217
9079,0.0000000000
9080,0.0000000000
9082,0.0000000000
9084,0.0000000000
9085,0.0000000000
9086,0.0000000000
9087,0.0000000000
9088,0.0000000000
9089,0.0000000000
9090,0.0000000000
9091,0.0000000000
9092,0.0000000000
9093,0.0000000000
9094,0.0000000000
9095,0.0000000000
9116,0.0000007632
11343,0.0000000007
11344,0.0000000007
11345,0.0000000007
11346,0.0000000007
11347,0.0000000007
11348,0.0000000007
11349,0.0000000007
9118,0.0000000000
9119,0.0000000000
9120,0.0000000000
9121,0.0000000000
9123,0.0000107186
9132,0.0000021663
9133,0.0000021663
9136,0.0000000000
9149,0.0000000000
9152,0.0000000468
9153,0.0000000468
9155,0.0000000000
9163,0.0000000000
9165,0.0000000000
9166,0.0000000000
9167,0.0000000000
9173,0.0000244096
9176,0.0000002253
12407,0.0000004230
9181,0.0000000108
9188,0.0000049126
9189,0.0000049126
9192,0.0000000000
9193,0.0000000000
9194,0.0000000000
9195,0.0000000000
9196,0.0000000000
9200,0.0000020682
9202,0.0000020682
9204,0.0000020682
9205,0.0000020682
9207,0.0000021096
9208,0.0000020682
9209,0.0000020682
9210,0.0000020682
9211,0.0000021096
9212,0.0000020682
9213,0.0000020682
9214,0.0000021096
10307,0.0000000414
11712,0.0000000414
12130,0.0000000413
12131,0.0000000413
12132,0.0000000413
12133,0.0000000413
12134,0.0000000413
12135,0.0000000413
9220,0.0000000348
9221,0.0000000348
9222,0.0000000348
12126,0.0000001380
9227,0.0000000000
9228,0.0000000000
9229,0.0000000000
9230,0.0000000000
9237,0.0000000000
9238,0.0000000000
9239,0.0000000000
10399,0.0000077281
9243,0.0000000000
9248,0.0000040327
9249,0.0000040327
9250,0.0000040327
9252,0.0000040327
9255,0.0000040746
9870,0.0000000419
9871,0.0000000419
9257,0.0000000000
9258,0.0000000000
9259,0.0000000000
9260,0.0000000000
9261,0.0000000000
9262,0.0000000000
9279,0.0000000000
9291,0.0000000000
9299,0.0000027370
9300,0.0000027370
9301,0.0000027370
9304,0.0000000000
9306,0.0000000000
9307,0.0000000000
9311,0.0000000000
9318,0.0000076014
9319,0.0000076014
11504,0.0000000000
9323,0.0000000000
9325,0.0000049142
9327,0.0000049142
9328,0.0000049142
10112,0.0000175661
10113,0.0000175661
10114,0.0000175661
10115,0.0000175661
10116,0.0000175661
10118,0.0000175661
10119,0.0000175661
10120,0.0000175661
9339,0.0000000000
10923,0.0000148686
10924,0.0000148686
11085,0.0000148400
11086,0.0000148400
11087,0.0000148400
11088,0.0000148400
11089,0.0000148400
11090,0.0000148400
11091,0.0000148400
11092,0.0000148400
9347,0.0000000029
9349,0.0000000029
9350,0.0000000029
9351,0.0000000029
9352,0.0000000029
9354,0.0000000000
9355,0.0000000000
9360,0.0000000000
9372,0.0000000000
9373,0.0000000000
9374,0.0000000000
9375,0.0000000000
9376,0.0000000000
9377,0.0000000000
9378,0.0000000000
9379,0.0000000000
9381,0.0000000000
9382,0.0000000000
9386,0.0000000000
9387,0.0000000000
9388,0.0000000000
9393,0.0000009033
11482,0.0000000000
9395,0.0000000000
9396,0.0000000000
9397,0.0000000000
9398,0.0000000000
9399,0.0000000000
9409,0.0000000000
9411,0.0000000000
9419,0.0000000137
9420,0.0000000137
9421,0.0000000137
9422,0.0000000137
9424,0.0000000137
9425,0.0000000137
9426,0.0000000137
9427,0.0000000137
9431,0.0000001541
9449,0.0000000000
9450,0.0000000000
9457,0.0000000000
9460,0.0000000000
9461,0.0000000000
9462,0.0000000000
9463,0.0000000000
9464,0.0000000000
9465,0.0000000000
9466,0.0000000000
9468,0.0000000000
9469,0.0000000000
9471,0.0000017613
9476,0.0000036109
9478,0.0000036109
9479,0.0000036109
9480,0.0000036109
9481,0.0000036109
9495,0.0000000000
9498,0.0000000000
9500,0.0000000000
9505,0.0000000000
9508,0.0000001462
9511,0.0000000000
9513,0.0000000000
9514,0.0000000000
9515,0.0000000000
9516,0.0000000000
9517,0.0000000000
9521,0.0000000000
9530,0.0000000000
9531,0.0000000000
9532,0.0000000000
9533,0.0000000000
9534,0.0000000000
9536,0.0000000000
9540,0.0000005627
9541,0.0000005627
9542,0.0000005627
9543,0.0000005627
9545,0.0000005627
9546,0.0000005627
9904,0.0000000029
9905,0.0000000029
9548,0.0000000000
9549,0.0000000000
9551,0.0000000000
9556,0.0000000000
9557,0.0000000000
9565,0.0000000985
11483,0.0000001749
9573,0.0000000000
9575,0.0000092703
9578,0.0000092703
9579,0.0000092703
9580,0.0000092703
9581,0.0000092703
9583,0.0000092791
9585,0.0000092703
12043,0.0000018723
12044,0.0000018723
9587,0.0000036624
9592,0.0000000394
9593,0.0000000394
9594,0.0000000394
9595,0.0000000394
9596,0.0000000394
9598,0.0000000394
9599,0.0000000394
9600,0.0000000394
9601,0.0000000394
9602,0.0000000394
9603,0.0000000394
9608,0.0000033125
9609,0.0000033125
9610,0.0000033125
9692,0.0000291448
9693,0.0000291448
11502,0.0000000559
9625,0.0000000000
9628,0.0000000000
9629,0.0000000000
9633,0.0000000000
9634,0.0000000000
9636,0.0000001132
9637,0.0000001132
9639,0.0000001132
9640,0.0000001132
9641,0.0000001132
9642,0.0000001132
9643,0.0000001132
9649,0.0000005579
9651,0.0000005579
9652,0.0000005579
9655,0.0000039259
9656,0.0000039259
9658,0.0000039259
9659,0.0000039259
12121,0.0000001591
9661,0.0000036349
9672,0.0000001119
9683,0.0000000000
9684,0.0000000000
9686,0.0000000000
9687,0.0000000000
9697,0.0000000000
9698,0.0000000000
9707,0.0000000007
9708,0.0000000007
9709,0.0000000007
9712,0.0000000007
9715,0.0000066901
9716,0.0000066901
9719,0.0000000000
9734,0.0000000000
9735,0.0000000000
9736,0.0000000000
9737,0.0000000000
9745,0.0000000000
9747,0.0000000000
9748,0.0000000000
9749,0.0000000000
9750,0.0000000000
9751,0.0000000000
9752,0.0000000000
9753,0.0000000000
9754,0.0000000000
9757,0.0000002362
9759,0.0000002362
9770,0.0000001337
9772,0.0000001337
9773,0.0000001337
9774,0.0000001337
9775,0.0000001337
11466,0.0000000360
11268,0.0000000000
9783,0.0000000000
12512,0.0000852956
12513,0.0000852956
12514,0.0000852956
12515,0.0000852956
12516,0.0000852956
12517,0.0000852956
12518,0.0000852956
12519,0.0000852956
12520,0.0000852956
12521,0.0000852956
12522,0.0000852956
12523,0.0000852956
12524,0.0000852956
12525,0.0000852956
12526,0.0000852956
12527,0.0000852956
12528,0.0000852956
9802,0.0000000000
9803,0.0000000000
9804,0.0000000000
9810,0.0000000000
9811,0.0000000367
9820,0.0000000000
11465,0.0000000000
9841,0.0000089688
9842,0.0000089688
9844,0.0000089688
9846,0.0000089688
9847,0.0000089688
9848,0.0000089688
9849,0.0000000000
9850,0.0000029994
9859,0.0000000000
9875,0.0000000000
9887,0.0000000000
9888,0.0000000000
9889,0.0000000000
9890,0.0000000000
9895,0.0000000000
9896,0.0000000000
9897,0.0000000000
9917,0.0000000000
9918,0.0000000000
9919,0.0000000000
9922,0.0000000000
9923,0.0000000000
9925,0.0000000000
9926,0.0000000000
9927,0.0000000000
9928,0.0000000205
9929,0.0000000205
9930,0.0000000205
9932,0.0000000205
9936,0.0000146346
9938,0.0000146346
9939,0.0000146346
9940,0.0000146346
9941,0.0000146346
9942,0.0000146346
9944,0.0000003316
9945,0.0000003316
9946,0.0000003316
9948,0.0000000000
9949,0.0000000000
9950,0.0000000000
9952,0.0000000000
9953,0.0000000000
9954,0.0000000000
9955,0.0000000000
9956,0.0000000000
9957,0.0000000000
9958,0.0000000000
9960,0.0000039002
9961,0.0000039002
9962,0.0000039002
9966,0.0000039002
9969,0.0000050064
9970,0.0000050064
9972,0.0000000000
9973,0.0000000000
9974,0.0000000000
9975,0.0000000000
9976,0.0000000000
10758,0.0000362735
10820,0.0000081942
11217,0.0000067651
11219,0.0000067651
11220,0.0000067651
9981,0.0000000000
9982,0.0000000000
9983,0.0000000000
9984,0.0000000000
9985,0.0000000000
9986,0.0000000000
9988,0.0000000000
9989,0.0000000000
9990,0.0000000000
9991,0.0000000000
9992,0.0000000000
9993,0.0000000000
9995,0.0000000216
9996,0.0000000216
9999,0.0000001072
10000,0.0000001072
10005,0.0000000000
10006,0.0000000000
10007,0.0000000000
10008,0.0000000000
10009,0.0000000000
10010,0.0000000000
10011,0.0000000000
10012,0.0000000000
10013,0.0000000000
10019,0.0000047085
10020,0.0000047085
10022,0.0000047085
10023,0.0000047085
10089,0.0000000012
10206,0.0000000000
10214,0.0000000000
10041,0.0000001731
10198,0.0000012249
10204,0.0000000012
11071,0.0000050714
10056,0.0000001142
10057,0.0000001142
10059,0.0000001142
10060,0.0000001142
10063,0.0000582698
10064,0.0000582698
10065,0.0000582698
10066,0.0000582698
10067,0.0000582698
10068,0.0000582698
10069,0.0000582698
10071,0.0000582698
10072,0.0000582698
11885,0.0000151738
11886,0.0000151738
11887,0.0000151738
11888,0.0000151738
11889,0.0000151738
11890,0.0000151738
11891,0.0000151738
11892,0.0000151738
11893,0.0000151738
11894,0.0000151738
11895,0.0000151738
11896,0.0000151738
11897,0.0000151738
11898,0.0000151738
11899,0.0000151738
11900,0.0000151738
11901,0.0000151738
11902,0.0000151738
11903,0.0000151738
11904,0.0000151738
11905,0.0000151738
11906,0.0000151738
10077,0.0000134268
10078,0.0000134268
10090,0.0000000000
10091,0.0000000000
10092,0.0000000000
10093,0.0000000000
10094,0.0000000000
10095,0.0000000000
10096,0.0000000000
10097,0.0000000000
10098,0.0000000000
10099,0.0000000000
10100,0.0000000000
10101,0.0000000000
10103,0.0000000000
10104,0.0000000000
10105,0.0000000000
10106,0.0000000000
10107,0.0000000000
10108,0.0000000000
10109,0.0000000000
10110,0.0000000000
10111,0.0000000000
10123,0.0000000000
10127,0.0000000000
10130,0.0000000000
10131,0.0000000000
10132,0.0000000000
10133,0.0000000000
10153,0.0000018441
10154,0.0000018441
10155,0.0000018441
10157,0.0000018441
10158,0.0000018441
10159,0.0000018441
10161,0.0000000000
10162,0.0000000000
10163,0.0000000000
10167,0.0000000850
10170,0.0000000820
10172,0.0000000820
10173,0.0000000820
10174,0.0000000820
10175,0.0000000820
10176,0.0000000820
10179,0.0000000000
10180,0.0000000000
10182,0.0000268063
10183,0.0000268063
10186,0.0000000000
10188,0.0000012237
10189,0.0000012237
10190,0.0000012237
10191,0.0000012237
10192,0.0000012237
10193,0.0000012237
10194,0.0000012237
10195,0.0000012237
10196,0.0000012237
10197,0.0000012237
10199,0.0000012237
10200,0.0000012237
10201,0.0000012237
10202,0.0000012237
10203,0.0000012237
10218,0.0000000000
10219,0.0000000000
10221,0.0000000000
10222,0.0000000000
10224,0.0000001583
10225,0.0000001583
10226,0.0000001583
10227,0.0000001583
10229,0.0000001583
10232,0.0000000000
10233,0.0000000000
10234,0.0000000000
10235,0.0000000000
10236,0.0000000000
10237,0.0000000000
10238,0.0000000000
10239,0.0000000000
10240,0.0000000000
10242,0.0000000000
10243,0.0000000000
10244,0.0000000000
10246,0.0000000000
10247,0.0000000000
10273,0.0000001460
10274,0.0000001460
10275,0.0000001460
10277,0.0000000000
10280,0.0000003569
10281,0.0000003569
10282,0.0000003569
10284,0.0000003569
10285,0.0000003569
10286,0.0000003569
10287,0.0000003569
10288,0.0000003569
10289,0.0000003569
10291,0.0000000000
10294,0.0000000000
10296,0.0000000000
10297,0.0000000000
10299,0.0000000000
10301,0.0000000000
10302,0.0000000000
10306,0.0000000000
10308,0.0000000000
10310,0.0000000000
10312,0.0000000000
10313,0.0000000000
10314,0.0000000000
10315,0.0000000000
10316,0.0000000000
10317,0.0000000000
10318,0.0000000000
10319,0.0000000000
10323,0.0000000000
10324,0.0000000000
10325,0.0000000000
10326,0.0000000000
10327,0.0000000000
10329,0.0000000000
10331,0.0000000000
10338,0.0000000000
10339,0.0000000000
10341,0.0000000000
10343,0.0000000000
10344,0.0000000000
10345,0.0000000000
10346,0.0000000000
10347,0.0000000000
10350,0.0000004778
10352,0.0000000000
10353,0.0000000000
10354,0.0000000000
10355,0.0000000000
10357,0.0000000000
10358,0.0000000000
10360,0.0000000000
10362,0.0000000000
10364,0.0000000000
10365,0.0000000000
10366,0.0000000000
10368,0.0000000000
10370,0.0000009229
10371,0.0000009229
10428,0.0000000000
10429,0.0000000000
10430,0.0000000000
10376,0.0000000000
10377,0.0000000000
10378,0.0000000000
10379,0.0000000000
10382,0.0000000000
10383,0.0000000000
10384,0.0000000000
10386,0.0000000000
10387,0.0000000000
10389,0.0000000238
10390,0.0000000238
10391,0.0000000238
10393,0.0000000238
10395,0.0000000000
10400,0.0000000074
10401,0.0000000074
10404,0.0000000000
10406,0.0000000000
10407,0.0000000000
10408,0.0000000000
10409,0.0000000000
10412,0.0000000000
10413,0.0000000000
10414,0.0000000000
10416,0.0000000000
10418,0.0000000000
10419,0.0000000000
10420,0.0000000000
10422,0.0000000000
10424,0.0000000000
10426,0.0000000000
10427,0.0000000000
10435,0.0000007159
10436,0.0000007159
10439,0.0000000000
10440,0.0000000000
10441,0.0000000000
10442,0.0000000000
10444,0.0000000000
10445,0.0000000000
10446,0.0000000000
10448,0.0000000000
10449,0.0000000000
10454,0.0000000000
10456,0.0000000000
10458,0.0000858275
10462,0.0000000000
10463,0.0000000000
10467,0.0000000000
10469,0.0000000000
10470,0.0000000000
10582,0.0000205531
10583,0.0000205531
10584,0.0000205531
10585,0.0000205531
10586,0.0000205531
10587,0.0000205531
10588,0.0000205531
10589,0.0000205531
10590,0.0000205531
10591,0.0000205531
10592,0.0000205531
10593,0.0000205531
10594,0.0000205531
10595,0.0000205531
10596,0.0000205531
10597,0.0000205531
10599,0.0000205531
10600,0.0000205531
10601,0.0000205531
10602,0.0000205531
10603,0.0000205531
10604,0.0000205531
10605,0.0000205531
10606,0.0000205531
10607,0.0000205531
10608,0.0000205531
10609,0.0000205531
10610,0.0000205531
10611,0.0000205531
10612,0.0000205531
10613,0.0000205531
10614,0.0000205531
10615,0.0000205531
10616,0.0000205531
10617,0.0000205531
10618,0.0000205531
10619,0.0000205531
10620,0.0000205531
10621,0.0000205531
10622,0.0000205531
10623,0.0000205531
10624,0.0000205531
10625,0.0000205531
10626,0.0000205531
10627,0.0000205531
10628,0.0000205531
10629,0.0000205531
10631,0.0000859924
10632,0.0000859924
10633,0.0000859924
10635,0.0000008810
10636,0.0000008810
10637,0.0000008810
10638,0.0000008810
10641,0.0000000000
10642,0.0000000000
10643,0.0000000000
10644,0.0000000000
10646,0.0000009296
10647,0.0000009296
10648,0.0000009296
10650,0.0000009296
10652,0.0000009296
10684,0.0000000425
10686,0.0000000425
10687,0.0000000425
10688,0.0000000425
10689,0.0000000425
10690,0.0000000425
10691,0.0000000425
10692,0.0000000425
10693,0.0000000425
10694,0.0000000425
10695,0.0000000425
10696,0.0000000425
10697,0.0000000425
10698,0.0000000425
10699,0.0000000425
10701,0.0000295084
10703,0.0000295084
10704,0.0000295084
10705,0.0000295084
10706,0.0000295084
10707,0.0000295084
10708,0.0000295084
10709,0.0000295084
10710,0.0000295084
10711,0.0000295084
10712,0.0000295084
10713,0.0000295084
10715,0.0000295084
10716,0.0000295084
10717,0.0000295084
10718,0.0000295084
10719,0.0000295084
10720,0.0000295084
10721,0.0000295084
10722,0.0000295084
10723,0.0000295084
10724,0.0000295084
10725,0.0000295084
10727,0.0000295084
10728,0.0000295084
10729,0.0000295084
10730,0.0000295084
10731,0.0000295084
10732,0.0000295084
10733,0.0000295084
10734,0.0000295084
10735,0.0000295084
10736,0.0000295084
10737,0.0000295084
10738,0.0000295084
10739,0.0000295084
10740,0.0000295084
10741,0.0000295084
10742,0.0000295084
10743,0.0000295084
10744,0.0000295084
10745,0.0000295084
10746,0.0000295084
10747,0.0000295084
10748,0.0000295084
10749,0.0000295084
10750,0.0000295084
10751,0.0000295084
10752,0.0000295084
10753,0.0000295084
10754,0.0000295084
10755,0.0000295084
10756,0.0000295084
10757,0.0000295084
10759,0.0000295084
10760,0.0000295084
10761,0.0000295084
10762,0.0000295084
10763,0.0000295084
10764,0.0000295084
10765,0.0000295084
10766,0.0000295084
10767,0.0000295084
10768,0.0000295084
10769,0.0000295084
10770,0.0000295084
10771,0.0000295084
10772,0.0000295084
10773,0.0000295084
10774,0.0000295084
10775,0.0000295084
10776,0.0000295084
10777,0.0000295084
10778,0.0000295084
10779,0.0000295084
10780,0.0000295084
10781,0.0000295084
10782,0.0000295084
10783,0.0000295084
10784,0.0000295084
10785,0.0000295084
10787,0.0000014292
10788,0.0000014292
10789,0.0000014292
10790,0.0000014292
10791,0.0000014292
10792,0.0000014292
10793,0.0000014292
10794,0.0000014292
10795,0.0000014292
10796,0.0000014292
10797,0.0000014292
10798,0.0000014292
10799,0.0000014292
10800,0.0000014292
10801,0.0000014292
10802,0.0000014292
10803,0.0000014292
10804,0.0000014292
10805,0.0000014292
10806,0.0000014292
10807,0.0000014292
10808,0.0000014292
10809,0.0000014292
10810,0.0000014292
10811,0.0000014292
10812,0.0000014292
10813,0.0000014292
10814,0.0000014292
10815,0.0000014292
10816,0.0000014292
10817,0.0000014292
10818,0.0000014292
10819,0.0000014292
10821,0.0000014292
10822,0.0000014292
10823,0.0000014292
10824,0.0000014292
10825,0.0000014292
10826,0.0000014292
10827,0.0000014292
10828,0.0000014292
10829,0.0000014292
10830,0.0000014292
10831,0.0000014292
10832,0.0000014292
10833,0.0000014292
10834,0.0000014292
10835,0.0000014292
10837,0.0000014292
10838,0.0000014292
10839,0.0000014292
10840,0.0000014292
10841,0.0000014292
10842,0.0000014292
10844,0.0000014292
10845,0.0000014292
10846,0.0000014292
10847,0.0000014292
10848,0.0000014292
10849,0.0000014292
10850,0.0000014292
10851,0.0000014292
10852,0.0000014292
10853,0.0000014292
10854,0.0000014292
10855,0.0000014292
10856,0.0000014292
10857,0.0000014292
10859,0.0000014292
10861,0.0000014292
10862,0.0000014292
10863,0.0000014292
10864,0.0000014292
10865,0.0000014292
10866,0.0000014292
10867,0.0000014292
10920,0.0000000000
10922,0.0000000286
10925,0.0000000286
10926,0.0000000286
10927,0.0000000286
10928,0.0000000286
10930,0.0000006837
10931,0.0000006837
10932,0.0000006837
10935,0.0000000000
10937,0.0000000216
10938,0.0000000216
10941,0.0000051868
10943,0.0000051868
10944,0.0000051868
10945,0.0000051868
10946,0.0000051868
10947,0.0000051868
10948,0.0000051868
10950,0.0000000240
10952,0.0000000240
10953,0.0000000240
10954,0.0000000240
10955,0.0000000240
10956,0.0000000240
10957,0.0000000240
10959,0.0000000859
10960,0.0000000859
10961,0.0000000859
10962,0.0000000859
10963,0.0000000859
10964,0.0000000859
10965,0.0000000859
10966,0.0000000859
10967,0.0000000859
10968,0.0000000859
10969,0.0000000859
10971,0.0000000859
10974,0.0000000859
10975,0.0000000859
10977,0.0000000859
10979,0.0000000000
10980,0.0000000000
10981,0.0000000000
10988,0.0000000000
10989,0.0000000000
10991,0.0000000000
10992,0.0000000000
10994,0.0000000000
10996,0.0000248358
10997,0.0000248358
10999,0.0000248358
11001,0.0000248358
11002,0.0000248358
11003,0.0000248358
11004,0.0000248358
11005,0.0000248358
11006,0.0000248358
11017,0.0000111791
11024,0.0000103752
11026,0.0000132334
11028,0.0000132334
11031,0.0000000000
11032,0.0000000000
11033,0.0000000000
11034,0.0000000000
11035,0.0000000000
11037,0.0000000000
11038,0.0000000000
11039,0.0000000000
11040,0.0000000000
11041,0.0000000000
11042,0.0000000000
11073,0.0000000000
11074,0.0000000000
11075,0.0000000000
11076,0.0000000000
11077,0.0000000000
11078,0.0000000000
11084,0.0000000000
11094,0.0000000000
11095,0.0000000000
11096,0.0000000000
11097,0.0000000000
11098,0.0000000000
11099,0.0000000000
11100,0.0000000000
11101,0.0000000000
11102,0.0000000000
11103,0.0000000000
11104,0.0000000000
11105,0.0000000000
11107,0.0000000000
11108,0.0000000000
11113,0.0000001384
11114,0.0000001384
11115,0.0000001384
11116,0.0000001384
11117,0.0000001384
11119,0.0000001384
11120,0.0000001384
11121,0.0000001384
11122,0.0000001384
11123,0.0000001384
11124,0.0000001384
11125,0.0000001384
11127,0.0000001384
11128,0.0000001384
11129,0.0000001384
11130,0.0000001384
11131,0.0000001384
11132,0.0000001384
11135,0.0000000850
11137,0.0000000000
11138,0.0000000000
11139,0.0000000000
11141,0.0000001378
11142,0.0000001378
11143,0.0000001378
11145,0.0000001378
11147,0.0000000000
11148,0.0000000000
11149,0.0000000000
11150,0.0000000000
11151,0.0000000000
11152,0.0000000000
11153,0.0000000000
11154,0.0000000000
11157,0.0000001127
11158,0.0000001127
11175,0.0000000000
11176,0.0000000000
11178,0.0000038095
11179,0.0000038095
11180,0.0000038095
11181,0.0000038095
11182,0.0000038095
11183,0.0000038095
11184,0.0000038095
11185,0.0000038095
11186,0.0000038095
11192,0.0000000000
11193,0.0000000000
11194,0.0000000000
11222,0.0000000000
11223,0.0000000000
11230,0.0000000000
11234,0.0000000000
11235,0.0000000000
11236,0.0000000000
11237,0.0000000000
11273,0.0000059261
11274,0.0000059261
11275,0.0000059261
11276,0.0000059261
11283,0.0000000000
11284,0.0000000000
11286,0.0000000000
11289,0.0000000000
11290,0.0000000000
11291,0.0000000000
11292,0.0000000000
11293,0.0000000000
11294,0.0000000000
11296,0.0000000000
11297,0.0000000000
11298,0.0000000000
11299,0.0000000000
11300,0.0000000000
11301,0.0000000000
11302,0.0000000000
11306,0.0000000000
11307,0.0000000000
11308,0.0000000000
11310,0.0000000000
11311,0.0000000000
11312,0.0000000000
11319,0.0000000000
11320,0.0000000000
11322,0.0000000000
11334,0.0000000000
11337,0.0000000000
11338,0.0000000000
11339,0.0000000000
11340,0.0000000000
11341,0.0000000000
11342,0.0000000000
11351,0.0000000000
11353,0.0000000000
11354,0.0000000000
11355,0.0000000000
11356,0.0000000000
11358,0.0000000000
11360,0.0000000000
11361,0.0000000000
11364,0.0000000000
11365,0.0000000000
11366,0.0000000000
11367,0.0000000000
11368,0.0000000000
11369,0.0000000000
11371,0.0000000000
11372,0.0000000000
11373,0.0000000000
11376,0.0000000000
11377,0.0000000000
11378,0.0000000000
11379,0.0000000000
11380,0.0000000000
11381,0.0000000000
11385,0.0000206226
11404,0.0000002150
11407,0.0000000000
11408,0.0000000000
11409,0.0000000000
11411,0.0000000000
11413,0.0000000000
11415,0.0000000000
11416,0.0000000000
11417,0.0000000000
11421,0.0000000000
11425,0.0000041260
11433,0.0000000000
11434,0.0000000000
11437,0.0000000000
11441,0.0000000000
11442,0.0000000000
11443,0.0000000000
11444,0.0000000000
11451,0.0000000000
11452,0.0000000000
11453,0.0000000000
11454,0.0000000000
11455,0.0000000000
11456,0.0000000000
11457,0.0000000000
11458,0.0000000000
11459,0.0000000000
11460,0.0000000000
11461,0.0000000000
11462,0.0000000000
11463,0.0000000000
11475,0.0000000000
11476,0.0000000000
11477,0.0000000000
11478,0.0000000000
11479,0.0000000000
11480,0.0000000000
11481,0.0000000000
11485,0.0000000000
11486,0.0000000000
11498,0.0000000000
11501,0.0000000000
11506,0.0000000029
11508,0.0000000029
11509,0.0000000029
11510,0.0000000029
11511,0.0000000029
11512,0.0000000029
11513,0.0000000029
11514,0.0000000029
11515,0.0000000029
11516,0.0000000029
11517,0.0000000029
11518,0.0000000029
11519,0.0000000029
11520,0.0000000029
11522,0.0000000000
11523,0.0000000000
11524,0.0000000000
11528,0.0000000000
11529,0.0000000000
11530,0.0000000000
11531,0.0000000000
11532,0.0000000000
11533,0.0000000000
11534,0.0000000000
11535,0.0000000000
11537,0.0000000000
11538,0.0000000000
11541,0.0000001385
11542,0.0000001385
11543,0.0000001385
11544,0.0000001385
11545,0.0000001385
11546,0.0000001385
11547,0.0000001385
11549,0.0000001385
11550,0.0000001385
11551,0.0000001385
11553,0.0000000000
11554,0.0000000000
11572,0.0000022488
11576,0.0000000000
11577,0.0000000000
11580,0.0000000000
11582,0.0000000000
11583,0.0000000000
11584,0.0000000000
11585,0.0000000000
11586,0.0000000000
11587,0.0000000000
11588,0.0000000000
11589,0.0000000000
11590,0.0000000000
11591,0.0000000000
11593,0.0000000000
11594,0.0000000000
11595,0.0000000000
11596,0.0000000000
11597,0.0000000000
11598,0.0000000000
11599,0.0000000000
11601,0.0000000000
11610,0.0000002059
11611,0.0000002059
11613,0.0000002059
11614,0.0000002059
11615,0.0000002059
11616,0.0000002059
11617,0.0000002059
11618,0.0000002059
11619,0.0000002059
11620,0.0000002059
11723,0.0000000000
11724,0.0000000000
11725,0.0000000000
11726,0.0000000000
11727,0.0000000000
11728,0.0000000000
11622,0.0000000000
11623,0.0000000000
11637,0.0000026242
11638,0.0000026242
11639,0.0000026242
11640,0.0000026242
11643,0.0000026242
11644,0.0000026242
11645,0.0000026242
11646,0.0000026242
11648,0.0000026242
11649,0.0000026242
11650,0.0000026242
12240,0.0000000000
11960,0.0000000000
11961,0.0000000000
11962,0.0000000000
11963,0.0000000000
11964,0.0000000000
11965,0.0000000000
11966,0.0000000000
11967,0.0000000000
11968,0.0000000000
11969,0.0000000000
11652,0.0000002171
11653,0.0000002171
11654,0.0000002171
11655,0.0000002171
11656,0.0000002171
11658,0.0000002171
11659,0.0000002171
11660,0.0000002171
11661,0.0000002171
11662,0.0000002171
11663,0.0000002171
11665,0.0000000151
11666,0.0000000151
11667,0.0000000151
11668,0.0000000151
11669,0.0000000151
11670,0.0000000151
11672,0.0000000151
11676,0.0000000000
11677,0.0000000000
11678,0.0000000000
11679,0.0000000000
11680,0.0000000000
11681,0.0000000000
11683,0.0000000399
11684,0.0000000399
11686,0.0000000399
11687,0.0000000399
11689,0.0000000399
11690,0.0000000399
11693,0.0000000000
11713,0.0000000000
11715,0.0000000000
11717,0.0000000000
11718,0.0000000000
11719,0.0000000000
11721,0.0000001456
11737,0.0000000000
11739,0.0000000000
11740,0.0000000000
11741,0.0000000000
11742,0.0000000000
11743,0.0000000000
11744,0.0000000000
11745,0.0000000000
11754,0.0000000000
11755,0.0000000000
11756,0.0000000000
11757,0.0000000000
11758,0.0000000000
11759,0.0000000000
11760,0.0000000000
11761,0.0000000000
11762,0.0000000000
11763,0.0000000000
11765,0.0000103752
11769,0.0000000000
11777,0.0000000000
11778,0.0000000000
11779,0.0000000000
11780,0.0000000000
11782,0.0000022531
11783,0.0000022531
11784,0.0000022531
11786,0.0000000000
11789,0.0000000000
11790,0.0000000000
11791,0.0000000000
11792,0.0000000000
11793,0.0000000000
11794,0.0000000000
11795,0.0000000000
11802,0.0000000000
11803,0.0000000000
11804,0.0000000000
11805,0.0000000000
11818,0.0000000000
11819,0.0000000000
11820,0.0000000000
11821,0.0000000000
11822,0.0000000000
11823,0.0000000000
11824,0.0000000000
11826,0.0000104247
11827,0.0000104247
11828,0.0000104247
11830,0.0000104247
11833,0.0000000000
11834,0.0000000000
11836,0.0000000000
11837,0.0000000000
11838,0.0000000000
11839,0.0000000000
11840,0.0000000000
11841,0.0000000000
11842,0.0000000000
11843,0.0000000000
11844,0.0000000000
11845,0.0000000000
11847,0.0000000000
11848,0.0000000000
11849,0.0000000000
11850,0.0000000000
11851,0.0000000000
11852,0.0000000000
11853,0.0000000000
11854,0.0000000000
11855,0.0000000000
11856,0.0000000000
11857,0.0000000000
11858,0.0000000000
11859,0.0000000000
11860,0.0000000000
11861,0.0000000000
11862,0.0000000000
11863,0.0000000000
11864,0.0000000000
11865,0.0000000000
11866,0.0000000000
11868,0.0000000000
11869,0.0000000000
11871,0.0000000000
11874,0.0000000000
11875,0.0000000000
11876,0.0000000000
11877,0.0000000000
11878,0.0000000000
11908,0.0000000000
11909,0.0000000000
11910,0.0000000000
11911,0.0000000000
11912,0.0000000000
11913,0.0000000000
11916,0.0000000000
11917,0.0000000000
11918,0.0000000000
11919,0.0000000000
11920,0.0000000000
11921,0.0000000000
11956,0.0000010318
11957,0.0000010318
11958,0.0000010318
11959,0.0000010318
11971,0.0000000000
11972,0.0000000000
11973,0.0000000000
11975,0.0000002227
11976,0.0000002227
11977,0.0000002227
11978,0.0000002227
11979,0.0000002227
11980,0.0000002227
11981,0.0000002227
11982,0.0000002227
11984,0.0000002227
11985,0.0000002227
11986,0.0000002227
11987,0.0000002227
11988,0.0000002227
11989,0.0000002227
11990,0.0000002227
11991,0.0000002227
11992,0.0000002227
11993,0.0000002227
11994,0.0000002227
11995,0.0000002227
11996,0.0000002227
11997,0.0000002227
11998,0.0000002227
11999,0.0000002227
12000,0.0000002227
12001,0.0000002227
12002,0.0000002227
12003,0.0000002227
12004,0.0000002227
12005,0.0000002227
12006,0.0000002227
12007,0.0000002227
12008,0.0000002227
12009,0.0000002227
12010,0.0000002227
12011,0.0000002227
12012,0.0000002227
12017,0.0000000000
12018,0.0000000000
12019,0.0000000000
12020,0.0000000000
12021,0.0000000000
12022,0.0000000000
12023,0.0000000000
12026,0.0000000000
12029,0.0000000000
12030,0.0000000000
12031,0.0000000000
12033,0.0000000000
12034,0.0000000000
12035,0.0000000000
12036,0.0000000000
12037,0.0000000000
12038,0.0000000000
12039,0.0000000000
12040,0.0000000000
12042,0.0000000000
12046,0.0000000353
12047,0.0000000353
12049,0.0000000000
12050,0.0000000000
12052,0.0000000000
12053,0.0000000000
12054,0.0000000000
12055,0.0000000000
12056,0.0000000000
12057,0.0000000000
12058,0.0000000000
12059,0.0000000000
12061,0.0000000000
12062,0.0000000000
12063,0.0000000000
12065,0.0000000000
12066,0.0000000000
12067,0.0000000000
12068,0.0000000000
12069,0.0000000000
12071,0.0000000000
12072,0.0000000000
12073,0.0000000000
12074,0.0000000000
12075,0.0000000000
12076,0.0000000000
12077,0.0000000000
12078,0.0000000000
12079,0.0000000000
12080,0.0000000000
12081,0.0000000000
12082,0.0000000000
12083,0.0000000000
12084,0.0000000000
12087,0.0000000000
12088,0.0000000000
12090,0.0000000000
12091,0.0000000000
12092,0.0000000000
12093,0.0000000000
12094,0.0000000000
12095,0.0000000000
12096,0.0000000000
12097,0.0000000000
12098,0.0000000000
12099,0.0000000000
12101,0.0000000000
12102,0.0000000000
12103,0.0000000000
12104,0.0000000000
12105,0.0000000000
12106,0.0000000000
12108,0.0000018003
12109,0.0000018003
12110,0.0000018003
12111,0.0000018003
12113,0.0000018003
12115,0.0000000000
12116,0.0000000000
12117,0.0000000000
12118,0.0000000000
12119,0.0000000000
12120,0.0000000000
12122,0.0000000000
12123,0.0000000000
12125,0.0000000000
12127,0.0000000000
12165,0.0000000000
12166,0.0000000000
12167,0.0000000000
12168,0.0000000000
12170,0.0000000000
12171,0.0000000000
12172,0.0000000000
12235,0.0000000000
12236,0.0000000000
12268,0.0000000000
12269,0.0000000000
12270,0.0000000000
12271,0.0000000000
12272,0.0000000000
12273,0.0000000000
12274,0.0000000000
12275,0.0000000000
12276,0.0000000000
12277,0.0000000000
12278,0.0000000000
12279,0.0000000000
12280,0.0000000000
12281,0.0000000000
12282,0.0000000000
12283,0.0000000000
12284,0.0000000000
12304,0.0000000000
12305,0.0000000000
12306,0.0000000000
12307,0.0000000000
12308,0.0000000000
12309,0.0000000000
12310,0.0000000000
12311,0.0000000000
12312,0.0000000000
12313,0.0000000000
12314,0.0000000000
12315,0.0000000000
12316,0.0000000000
12317,0.0000000000
12377,0.0000000000
12408,0.0000000000
12409,0.0000000000
12410,0.0000000000
12411,0.0000000000
12412,0.0000000000
12413,0.0000000000
12414,0.0000000000
12422,0.0000000000
12454,0.0000000000
12455,0.0000000000
12564,0.0000000000
12565,0.0000000000
12566,0.0000000000
12567,0.0000000000
12568,0.0000000000
12569,0.0000000000
12570,0.0000000000
12571,0.0000000000
12572,0.0000000000
12573,0.0000000000
12574,0.0000000000
12575,0.0000000000
12576,0.0000000000
12577,0.0000000000
12578,0.0000000000
12579,0.0000000000
12580,0.0000000000
12581,0.0000000000
12582,0.0000000000
12583,0.0000000000
12584,0.0000000000
12585,0.0000000000
12586,0.0000000000
12587,0.0000000000
12588,0.0000000000
12589,0.0000000000
12590,0.0000000000
12591,0.0000000000
