Node,Hub
10000,0.0083554231
49948,0.0000000000
1,0.0000000000
1218,0.0015759524
2314,0.0031954433
2502,0.0030073311
2537,0.0021992152
2612,0.0070335521
3022,0.0022596255
3292,0.0034765973
4034,0.0137900894
4069,0.0086302077
5238,0.0065061731
6571,0.0141506503
8738,0.0251010147
2,0.0000000000
638,0.0053725477
4339,0.0138301980
6078,0.0233797364
6555,0.0081473386
8371,0.0110309474
8828,0.0238148936
9255,0.0169066027
9500,0.0152673234
9829,0.0222872317
3,0.0000000000
24,0.0014191462
83,0.0014191462
1020,0.0027088504
1182,0.0149568957
2882,0.0023586238
3488,0.0081503875
3679,0.0022871369
5684,0.0204456656
7805,0.0119300091
8623,0.0162030971
4,0.0000000000
287,0.0038013182
939,0.0034621259
2601,0.0060106615
3567,0.0030341572
5151,0.0238174182
6158,0.0140199033
6856,0.0123128626
7025,0.0097084793
7909,0.0066299155
8482,0.0098508214
5,0.0000000000
2833,0.0026725740
4969,0.0077348836
6622,0.0093070752
8010,0.0102172422
9435,0.0164947305
6,0.0000000000
190,0.0016976845
307,0.0016976845
2036,0.0053672317
2578,0.0099028056
3971,0.0045819500
4874,0.0073647599
5688,0.0200141674
7152,0.0125135367
7316,0.0227918927
9229,0.0120178388
7,0.0000000000
538,0.0008338989
1635,0.0028772262
2964,0.0068173722
5440,0.0059311042
5886,0.0101828180
9823,0.0125146135
9940,0.0089555381
8,0.0000000000
1208,0.0088826912
3666,0.0029494199
4873,0.0090216463
5817,0.0109988686
7233,0.0077846788
7873,0.0212230530
8077,0.0090021805
8670,0.0253155809
8801,0.0089528334
9,0.0000000000
580,0.0032866340
1823,0.0038669660
2020,0.0020991318
3227,0.0056534268
3860,0.0085435283
4985,0.0140196883
7648,0.0136177663
8649,0.0250487356
9601,0.0244577678
9925,0.0205179117
10,0.0000000000
1065,0.0086615447
2863,0.0082766878
3330,0.0117941641
6293,0.0120666827
8258,0.0151833228
8689,0.0092688913
8785,0.0352622079
9899,0.0171960650
11,0.0000000000
254,0.0033689908
833,0.0016364888
1383,0.0067861755
5042,0.0074411212
6012,0.0172529431
6417,0.0034850800
7308,0.0115834722
7570,0.0272275432
7891,0.0087772428
9841,0.0068597645
12,0.0000000000
729,0.0059857573
966,0.0055122798
2097,0.0144125744
3281,0.0061057795
4145,0.0136925707
4451,0.0083172056
5144,0.0253227547
5800,0.0077292979
6196,0.0108914425
6289,0.0198313306
7777,0.0199852586
9620,0.0270544838
13,0.0000000000
588,0.0020862410
2340,0.0020862410
2649,0.0040201413
3364,0.0090946813
4375,0.0066993238
4563,0.0095788623
6130,0.0102454267
6176,0.0113690474
7561,0.0050321166
7682,0.0181345601
7918,0.0161315752
9714,0.0258891254
14,0.0000000000
127,0.0022770170
1112,0.0064790315
1134,0.0041209496
2549,0.0089757287
2838,0.0035589783
2990,0.0074854553
4866,0.0040044427
5099,0.0178690503
6756,0.0174850650
6922,0.0186172713
6994,0.0097345279
7205,0.0154123218
7866,0.0099873853
15,0.0000000000
628,0.0021421837
704,0.0039874302
3367,0.0061024014
4546,0.0052892077
4664,0.0070970546
5373,0.0151088576
6037,0.0200085554
7666,0.0102639232
7965,0.0131915236
8196,0.0064474039
8326,0.0088430376
9364,0.0251136928
16,0.0000000000
515,0.0029688200
707,0.0048079121
900,0.0041882456
1591,0.0043586455
1960,0.0056995622
2178,0.0054098934
2632,0.0074150277
4715,0.0059804814
5887,0.0031296566
5925,0.0116330576
6803,0.0151500453
7817,0.0113032240
8169,0.0312472001
8733,0.0273703970
8755,0.0227544012
9919,0.0078718835
17,0.0000000000
374,0.0028204241
682,0.0046489130
1276,0.0035980620
2844,0.0066736926
5019,0.0092729322
5447,0.0168019982
5843,0.0170331044
5922,0.0194259077
6310,0.0138033578
6311,0.0098973863
8068,0.0134441346
8729,0.0130090900
8943,0.0184675508
18,0.0000000000
114,0.0023582333
842,0.0079832829
2249,0.0078199569
2637,0.0126169118
5176,0.0162165319
5968,0.0113255169
7171,0.0087259987
7737,0.0139879734
8629,0.0274766530
9360,0.0166423019
9542,0.0109073318
19,0.0000000000
278,0.0056120661
1517,0.0029544130
2074,0.0099343627
3491,0.0059135222
3562,0.0130073660
4728,0.0102696760
4843,0.0115979262
5346,0.0122519278
6909,0.0216141412
7474,0.0272541711
8622,0.0220232111
9149,0.0154052418
9547,0.0126193548
20,0.0000000000
726,0.0066941365
1667,0.0060130580
1676,0.0154673883
1858,0.0098221591
2389,0.0090324238
3132,0.0079496087
4488,0.0177133298
4936,0.0135271106
5169,0.0156557482
5390,0.0099062715
5455,0.0129653700
5976,0.0138276365
6022,0.0179439801
6424,0.0174629171
7396,0.0151911537
8762,0.0166626387
9513,0.0244722352
9834,0.0221915160
21,0.0000000000
708,0.0007227123
942,0.0007227123
1144,0.0007227123
1919,0.0035713363
2069,0.0033184324
4824,0.0113740483
9148,0.0212655415
22,0.0000000000
72,0.0023144135
304,0.0023144135
2021,0.0075058165
3353,0.0097061349
4090,0.0080798495
4154,0.0118734395
4651,0.0121598244
5349,0.0035476325
5469,0.0157621186
6326,0.0204783664
8678,0.0089371560
9045,0.0196232044
9089,0.0112296558
23,0.0000000000
2802,0.0027506693
3315,0.0059342110
6968,0.0139214349
9426,0.0161725505
1605,0.0020842549
3565,0.0086384697
3673,0.0035609788
8996,0.0158388741
25,0.0000000000
800,0.0034066240
1214,0.0019709069
1357,0.0031894719
1535,0.0019709069
1626,0.0070455208
2258,0.0034395357
4006,0.0092807835
5062,0.0154047925
6319,0.0190564282
7916,0.0096617562
8290,0.0227133035
9729,0.0100945749
26,0.0000000000
1778,0.0007888687
2733,0.0078708974
2878,0.0016689780
3816,0.0087533989
7036,0.0102910740
9439,0.0161412760
27,0.0000000000
2342,0.0055043671
3078,0.0093512161
3481,0.0096298292
4157,0.0153886353
4194,0.0044827437
7468,0.0080008334
9276,0.0095090430
9368,0.0158880852
9901,0.0122709725
9912,0.0171685050
28,0.0000000000
1560,0.0046097446
2165,0.0065765122
3401,0.0167246248
4158,0.0179124694
5281,0.0114336334
5636,0.0148289326
5885,0.0062822915
6689,0.0219648412
7804,0.0147393603
29,0.0000000000
94,0.0024850101
177,0.0024850101
586,0.0024850101
1344,0.0030896139
1484,0.0024850101
3963,0.0111760986
4060,0.0066091306
4547,0.0095330198
5211,0.0118556716
5217,0.0086679439
6377,0.0052765299
6781,0.0145347387
7870,0.0077021589
8018,0.0143199861
8269,0.0159845141
8867,0.0131095625
9237,0.0115758221
30,0.0000000000
1606,0.0053909957
1842,0.0085650521
2531,0.0070612131
3361,0.0101312753
3577,0.0104178502
3582,0.0069321791
3924,0.0082470122
4374,0.0078026013
8708,0.0162309446
9579,0.0105634317
9830,0.0181271461
31,0.0000000000
427,0.0015870563
1186,0.0015870563
5030,0.0075976778
5198,0.0074326678
5249,0.0144704360
5804,0.0153676472
9608,0.0339911907
32,0.0000000000
670,0.0011875022
1840,0.0027795145
3339,0.0062257446
4355,0.0117360570
4408,0.0101117399
5573,0.0050491697
8545,0.0190467309
9591,0.0090908872
33,0.0000000000
349,0.0005183793
1131,0.0074415386
2007,0.0041830738
4118,0.0177653985
34,0.0000000000
902,0.0013527619
1912,0.0061886609
2398,0.0027982564
5723,0.0100655414
7419,0.0095290744
8856,0.0141287255
35,0.0000000000
442,0.0019826095
1099,0.0055439899
1268,0.0063514128
1791,0.0019826095
5898,0.0140568324
6836,0.0202964403
6841,0.0071590432
6954,0.0147891068
7922,0.0206378872
8780,0.0124765051
9003,0.0091120307
36,0.0000000000
565,0.0026819691
623,0.0044783549
1651,0.0055185830
3418,0.0195849922
4050,0.0054498026
4253,0.0077502263
4856,0.0116211122
5510,0.0097665368
7355,0.0061637004
8913,0.0161628160
9248,0.0189357536
9635,0.0115613735
9686,0.0123502334
37,0.0000000000
139,0.0022936554
2113,0.0038725824
3082,0.0047998165
4270,0.0071624562
5412,0.0112660159
5941,0.0163938456
6299,0.0137389672
7780,0.0166353998
8205,0.0110994211
8297,0.0266035919
8341,0.0073548250
9759,0.0111138097
38,0.0000000000
846,0.0108549811
2168,0.0065096215
3536,0.0109675189
3556,0.0121497349
3601,0.0174525207
5589,0.0107281423
6736,0.0258038532
7694,0.0063676337
8240,0.0104711264
8951,0.0258563027
9406,0.0131456576
9411,0.0092280107
9833,0.0194781044
39,0.0000000000
255,0.0039156256
823,0.0028497225
1164,0.0028497225
1914,0.0105386873
2270,0.0118589768
3305,0.0057695678
3516,0.0125354884
4198,0.0214411216
4544,0.0079772728
5210,0.0136113214
7608,0.0115533757
8295,0.0237211884
8742,0.0133000124
9263,0.0224950762
40,0.0000000000
603,0.0019214108
1366,0.0019214108
2130,0.0053266351
2693,0.0032215686
3287,0.0106947594
4159,0.0019214108
5309,0.0103931001
5807,0.0177916779
6963,0.0183914897
7101,0.0135889189
7778,0.0075529671
8765,0.0181321504
41,0.0000000000
382,0.0031953568
557,0.0040518445
1263,0.0078901865
3200,0.0060527780
4046,0.0153713357
4729,0.0050592170
6340,0.0151985757
6446,0.0081640830
6594,0.0151536358
6813,0.0162690092
7983,0.0242787482
8204,0.0106945803
9050,0.0177120248
9433,0.0159623638
9624,0.0193052723
42,0.0000000000
292,0.0013313558
1340,0.0037393546
1698,0.0049956083
2975,0.0060468762
5871,0.0066118724
5918,0.0094565107
6653,0.0160725487
6678,0.0047777541
8812,0.0088778742
9220,0.0149040456
43,0.0000000000
237,0.0021955232
519,0.0021955232
1652,0.0021955232
3674,0.0072338070
4112,0.0121588063
4556,0.0065341407
6017,0.0215405826
6195,0.0063354229
7076,0.0048271382
8053,0.0134296487
8347,0.0277096138
8521,0.0165156613
44,0.0000000000
3191,0.0039412708
4141,0.0112018467
5122,0.0199071908
5194,0.0093430330
9098,0.0266028370
9473,0.0225888294
9909,0.0201476124
45,0.0000000000
1309,0.0047593215
1693,0.0038585155
2065,0.0050051513
2508,0.0073295174
2611,0.0023354082
2736,0.0023354082
6220,0.0105957634
6232,0.0077151061
7027,0.0105269351
7069,0.0029419926
7773,0.0261778565
8984,0.0139763690
9657,0.0258829988
46,0.0000000000
646,0.0035141179
1125,0.0031516245
1280,0.0021625575
1436,0.0104105208
1697,0.0037668609
8978,0.0171463267
9522,0.0230111190
9526,0.0276166473
47,0.0000000000
560,0.0042593330
1204,0.0021436852
2645,0.0052603515
2822,0.0061618366
3444,0.0066039923
4152,0.0054277330
5278,0.0075986579
5576,0.0072029908
7104,0.0117256661
8026,0.0125386309
8271,0.0183798058
8594,0.0190139460
8954,0.0173653310
48,0.0000000000
2085,0.0018137238
2741,0.0098633430
2784,0.0018137238
3294,0.0079195282
3555,0.0042870208
6300,0.0107354347
6799,0.0087889422
7133,0.0130049048
8826,0.0190374324
9888,0.0218681136
49,0.0000000000
564,0.0040754989
666,0.0027424192
835,0.0027424192
2722,0.0056213220
3002,0.0050504037
4949,0.0134907493
4975,0.0125182050
5456,0.0154797801
5538,0.0144650102
7656,0.0178929027
8138,0.0163917490
8707,0.0227283094
9067,0.0250276388
50,0.0000000000
559,0.0030353861
4972,0.0155174277
9852,0.0159181990
51,0.0000000000
122,0.0018989112
185,0.0018989112
1642,0.0067402629
3631,0.0106679461
4365,0.0067533863
5050,0.0151247345
5192,0.0092794119
5936,0.0298919666
7138,0.0172796106
8916,0.0100241573
52,0.0000000000
404,0.0013515603
863,0.0027124235
4934,0.0073323823
5742,0.0269988410
6773,0.0133571324
53,0.0000000000
68,0.0020529756
400,0.0020529756
1613,0.0044388413
2789,0.0063345692
2806,0.0035304739
6082,0.0195994467
7868,0.0233026908
8410,0.0209691958
8822,0.0205590653
9796,0.0156082543
54,0.0000000000
1061,0.0021410443
1837,0.0006855158
2752,0.0058988605
7612,0.0179342853
8009,0.0059920567
8704,0.0068996830
55,0.0000000000
3240,0.0030244409
4699,0.0162090005
4872,0.0070937023
4879,0.0079854756
5335,0.0099244175
6576,0.0135864872
6850,0.0285200648
7250,0.0112751360
7277,0.0068797397
8711,0.0108727676
8864,0.0061694987
8962,0.0134097269
9791,0.0395482249
56,0.0000000000
211,0.0006829276
1468,0.0038216610
2268,0.0056041089
4419,0.0047709277
6875,0.0132103812
9310,0.0113120230
57,0.0000000000
668,0.0038826158
690,0.0023162635
2298,0.0048004243
2523,0.0082585339
3991,0.0112093410
4429,0.0155942600
6768,0.0079405574
6811,0.0221353068
6885,0.0100817685
7367,0.0112449440
7690,0.0158783719
58,0.0000000000
1788,0.0060006800
1973,0.0088383537
2022,0.0031885916
2595,0.0051173834
4393,0.0142204211
5270,0.0118906108
5657,0.0081467838
5680,0.0109350414
7631,0.0242486273
8123,0.0231076864
8565,0.0099914317
8981,0.0132092641
9006,0.0074178996
9179,0.0149275425
59,0.0000000000
1523,0.0032379282
2416,0.0068995315
2610,0.0081701202
4656,0.0105078714
6067,0.0182715612
8227,0.0138179308
8771,0.0218405005
9312,0.0060494318
60,0.0000000000
456,0.0016876884
3092,0.0043926876
4293,0.0094258506
4688,0.0047946780
5543,0.0100954905
6568,0.0108432859
6824,0.0231096011
7199,0.0080118371
7825,0.0062636226
9606,0.0187479973
61,0.0000000000
465,0.0016510953
689,0.0019756125
1175,0.0016510953
4057,0.0042946012
6361,0.0136022407
6998,0.0067679016
7017,0.0160000076
7248,0.0217401851
7271,0.0127199230
7358,0.0148587082
62,0.0000000000
71,0.0025863291
223,0.0025863291
838,0.0035490126
2469,0.0057786971
3272,0.0072292820
3321,0.0097793073
5257,0.0124890125
5775,0.0120389124
6390,0.0229046420
7729,0.0158620109
8051,0.0245464320
8255,0.0142639839
8788,0.0156067813
63,0.0000000000
242,0.0015840984
3114,0.0015840984
3538,0.0080635784
5659,0.0151129058
5939,0.0160218474
6178,0.0135772095
9219,0.0185909432
64,0.0000000000
733,0.0011297578
841,0.0046031267
1583,0.0069457285
2228,0.0059405735
2690,0.0032750642
4325,0.0040966446
6280,0.0099839891
7301,0.0033340196
8057,0.0095958555
8470,0.0162775630
65,0.0000000000
1266,0.0090754882
2392,0.0093933943
4817,0.0094765339
5513,0.0129993783
6185,0.0132666653
6700,0.0106974504
6948,0.0167159441
7500,0.0178335297
7651,0.0244044512
8058,0.0112094820
8194,0.0184161775
9883,0.0194061710
66,0.0000000000
548,0.0013413660
556,0.0039664446
986,0.0013413660
1377,0.0013413660
1711,0.0036296938
1857,0.0065787801
4100,0.0074165887
7125,0.0153775684
7598,0.0217028384
9120,0.0065954975
9326,0.0080998416
67,0.0000000000
1123,0.0011191522
2881,0.0058619134
3334,0.0079909961
3632,0.0082551522
3710,0.0052987226
5767,0.0064127995
6357,0.0133928087
8394,0.0162389286
1913,0.0044394858
3404,0.0054640590
3460,0.0120206991
4731,0.0083500985
4805,0.0113522210
5187,0.0099701697
8332,0.0180335699
8496,0.0039620496
8506,0.0137615975
9770,0.0040926775
69,0.0000000000
1454,0.0044173557
1486,0.0077560728
2195,0.0050948575
2919,0.0037705066
5132,0.0110440098
6600,0.0082753505
7536,0.0111920293
7911,0.0128933763
8286,0.0117366848
8364,0.0086271181
9240,0.0281656231
70,0.0000000000
815,0.0026524182
2824,0.0023998722
6323,0.0168330101
7140,0.0050492756
8458,0.0104937410
9372,0.0117840182
4331,0.0089155197
1354,0.0063660393
1596,0.0070830014
2188,0.0070225720
3980,0.0113294738
4637,0.0113126613
4794,0.0100895665
5256,0.0067746639
5604,0.0226048075
6932,0.0127134041
7040,0.0154580644
7121,0.0137749872
8003,0.0230217248
8275,0.0214011400
8396,0.0282717856
8959,0.0205272860
8979,0.0313422889
73,0.0000000000
785,0.0043711323
1721,0.0059875100
3504,0.0098005890
6544,0.0094774509
6985,0.0147697694
8608,0.0209625813
9862,0.0142162561
9914,0.0050928621
74,0.0000000000
140,0.0008892367
419,0.0008892367
4092,0.0205814115
5866,0.0058902292
7782,0.0230552051
75,0.0000000000
620,0.0024610860
2049,0.0049095233
3959,0.0109942377
5027,0.0213110214
5113,0.0096464490
76,0.0000000000
791,0.0035198529
1949,0.0077563484
2862,0.0142567731
4694,0.0106232489
6886,0.0144602124
6987,0.0233209940
7602,0.0084035405
8279,0.0113816588
9494,0.0285241478
77,0.0000000000
602,0.0010479360
4767,0.0022142065
6737,0.0060785060
9412,0.0038392954
78,0.0000000000
476,0.0009975190
1302,0.0020264533
2368,0.0104767953
6556,0.0143870646
6599,0.0096875800
7927,0.0099927632
9065,0.0099845411
79,0.0000000000
365,0.0009048451
720,0.0009048451
1269,0.0125676853
4352,0.0072794186
4512,0.0026089081
5801,0.0066805663
7223,0.0036472596
9021,0.0108261163
80,0.0000000000
840,0.0033950527
1222,0.0065474114
1471,0.0033950527
1692,0.0069912060
3946,0.0135059934
4989,0.0113293673
6950,0.0086661590
7136,0.0143122747
7235,0.0108354969
7290,0.0151589574
7385,0.0195194437
7390,0.0109389332
7448,0.0126661295
8017,0.0139542669
8682,0.0163194346
9720,0.0167241843
81,0.0000000000
379,0.0025443922
1668,0.0047031602
2445,0.0082393250
2680,0.0084736555
3476,0.0146649795
5101,0.0164028140
5699,0.0110438679
6984,0.0172673839
7872,0.0186773649
8792,0.0174758963
9327,0.0079950150
9755,0.0193132349
82,0.0000000000
123,0.0017666130
1098,0.0017666130
4903,0.0117431611
5470,0.0133399529
5805,0.0097772017
6347,0.0263312850
6758,0.0092070355
8093,0.0148848737
2719,0.0066611129
2910,0.0065254126
4449,0.0102326854
4515,0.0180764786
5426,0.0083658993
5493,0.0072505919
7232,0.0102801256
7442,0.0282075853
7606,0.0179090428
7654,0.0176243276
8038,0.0118803974
8442,0.0131435527
9202,0.0101595448
9245,0.0149248536
9681,0.0209699518
84,0.0000000000
574,0.0011026857
709,0.0011026857
2239,0.0051882507
3080,0.0081920544
4837,0.0070138993
6769,0.0140608471
7149,0.0048205215
8206,0.0066745157
8315,0.0054408219
85,0.0000000000
1767,0.0011169779
1832,0.0038456080
7583,0.0086318700
8481,0.0171187839
9197,0.0201547458
86,0.0000000000
2294,0.0096856241
4676,0.0146517782
7550,0.0196137436
8695,0.0101635931
9177,0.0093999429
87,0.0000000000
626,0.0059947100
1206,0.0072870791
1374,0.0046660318
1869,0.0056233045
3012,0.0135632278
3052,0.0090433157
3110,0.0106667329
3234,0.0100087967
3508,0.0107190766
4040,0.0139115129
4311,0.0063915999
4315,0.0194653339
4435,0.0078938372
6104,0.0143945786
6716,0.0145335991
7847,0.0098619190
9001,0.0213172241
88,0.0000000000
98,0.0010659031
919,0.0010659031
1394,0.0026652868
2105,0.0058930909
7934,0.0165013418
89,0.0000000000
3151,0.0072710820
3252,0.0054683800
3734,0.0096046052
3828,0.0058231794
4782,0.0098901714
6116,0.0054870883
6592,0.0186549019
7212,0.0106306074
90,0.0000000000
4247,0.0100933193
4297,0.0046123483
6386,0.0152469252
6472,0.0199025909
8232,0.0190692103
91,0.0000000000
5273,0.0103465571
5616,0.0137428872
8747,0.0111041455
9785,0.0253522578
92,0.0000000000
1529,0.0029798580
1742,0.0006953296
2121,0.0006953296
5970,0.0107999047
6316,0.0079582347
9241,0.0155839239
9389,0.0014051360
93,0.0000000000
2118,0.0084192665
2608,0.0107377890
3713,0.0035403436
3719,0.0093620155
3992,0.0103771522
5607,0.0144426727
8544,0.0172521688
8572,0.0213688221
9958,0.0118956646
315,0.0012163292
3133,0.0012163292
3273,0.0041101848
4068,0.0012163292
5521,0.0151817473
6020,0.0097476201
7287,0.0098931713
7791,0.0121518590
8263,0.0129825412
95,0.0000000000
351,0.0014716726
1576,0.0046794255
5691,0.0133301737
7261,0.0131807133
8060,0.0201836404
9641,0.0114079570
9660,0.0110399287
9989,0.0096158643
96,0.0000000000
346,0.0019986303
1584,0.0062897095
2938,0.0144626367
3081,0.0035579014
4970,0.0066864793
5712,0.0136255849
8359,0.0226594492
9061,0.0132745929
9977,0.0057589798
97,0.0000000000
469,0.0022370421
4189,0.0115221095
5726,0.0129077549
6024,0.0085763165
7045,0.0098657838
7904,0.0152566072
7920,0.0122987432
8457,0.0073141029
8756,0.0109915673
9879,0.0227204900
547,0.0018072874
1562,0.0052545970
1612,0.0068901373
1918,0.0018072874
2154,0.0087713151
2315,0.0078473744
2993,0.0032189061
5811,0.0084000093
6131,0.0044184923
7611,0.0228952973
9083,0.0047037851
9490,0.0246761757
9557,0.0035824544
99,0.0000000000
1487,0.0035800223
100,0.0000000000
998,0.0046159621
2012,0.0057175093
2076,0.0057353789
2375,0.0041119907
2677,0.0065186252
4513,0.0092282911
5626,0.0152465452
7350,0.0135396142
8874,0.0232164547
8931,0.0179135201
101,0.0000000000
187,0.0013675550
657,0.0020524014
2260,0.0039514012
3769,0.0067917565
3895,0.0038240343
4593,0.0110897112
7848,0.0145702547
7980,0.0167823977
8596,0.0090625085
9869,0.0094101860
102,0.0000000000
1417,0.0088514030
2856,0.0076064858
2967,0.0090879584
5558,0.0093031211
5893,0.0191653580
8291,0.0110717037
9252,0.0350767690
103,0.0000000000
227,0.0012188481
377,0.0030152339
563,0.0012188481
805,0.0034286891
5063,0.0086701406
6166,0.0065885805
6632,0.0055281131
9214,0.0214673452
104,0.0000000000
352,0.0015231073
2845,0.0048835007
3431,0.0126119064
3782,0.0109527916
7143,0.0075428028
8620,0.0194663780
9168,0.0270380230
105,0.0000000000
890,0.0015615460
5118,0.0183811359
6925,0.0086812278
6942,0.0106940112
8191,0.0257192622
9342,0.0250578765
106,0.0000000000
216,0.0012645114
3880,0.0113005208
6500,0.0094189560
9511,0.0152661493
9874,0.0210620764
9963,0.0146448743
107,0.0000000000
2240,0.0062610957
3594,0.0098748413
3836,0.0054092005
4359,0.0064313844
6893,0.0196252700
6992,0.0167059431
8424,0.0120657120
8513,0.0182166398
9628,0.0137062665
108,0.0000000000
486,0.0014540238
641,0.0025643360
1291,0.0041122376
4472,0.0142740533
4473,0.0030063899
4601,0.0108148889
5121,0.0254471598
5568,0.0088168199
7041,0.0043133851
109,0.0000000000
561,0.0018314162
3627,0.0051818463
3671,0.0125040027
5504,0.0094634002
5969,0.0237801151
7116,0.0206482655
7166,0.0115274821
7726,0.0114733971
8687,0.0092551560
110,0.0000000000
484,0.0024597776
605,0.0063629082
2253,0.0032759037
2407,0.0038816311
4777,0.0071239810
7312,0.0177546637
8339,0.0262726048
8630,0.0206942618
8844,0.0196247885
9468,0.0092767211
9843,0.0157283691
111,0.0000000000
383,0.0027340790
694,0.0027340790
1172,0.0045465076
1431,0.0064356464
1805,0.0094842252
2484,0.0047207679
3856,0.0083063815
6391,0.0183061996
6511,0.0122178775
6712,0.0122650070
8930,0.0174876470
8944,0.0154319286
9150,0.0093729547
9952,0.0164219539
112,0.0000000000
1972,0.0025158132
2640,0.0072239958
2978,0.0086192221
3120,0.0123876838
3304,0.0180578472
3528,0.0055445951
3842,0.0102496715
5190,0.0122118582
5996,0.0070969379
9105,0.0180146934
113,0.0000000000
606,0.0037927467
813,0.0054567738
2158,0.0074273858
4704,0.0185893751
5096,0.0258208887
6536,0.0143701883
6908,0.0105803079
7349,0.0178380274
8478,0.0144541114
9349,0.0173690227
1046,0.0018418132
1178,0.0028699067
3486,0.0049178513
5567,0.0129852933
6676,0.0095765095
8992,0.0200776555
9456,0.0207404596
9638,0.0069611199
115,0.0000000000
648,0.0031959045
1256,0.0031959045
3183,0.0078589558
4249,0.0115654611
5105,0.0062597520
5627,0.0114064897
5732,0.0125915101
5753,0.0144453762
7110,0.0064089356
7999,0.0233839828
8654,0.0430819428
9531,0.0277697267
9727,0.0132278943
116,0.0000000000
2626,0.0149684985
3572,0.0046828991
4671,0.0085915871
4787,0.0085693352
4788,0.0122254197
5392,0.0151722550
5497,0.0072198586
7362,0.0173945875
7853,0.0086593791
8050,0.0135178074
8815,0.0184536376
9845,0.0209471169
117,0.0000000000
204,0.0021534457
1609,0.0065526790
2936,0.0027392451
3351,0.0066247283
3686,0.0122688978
4043,0.0051981658
5674,0.0099017354
5940,0.0059255263
6869,0.0102052890
8502,0.0120959317
9366,0.0171544335
9753,0.0097988925
9779,0.0152223969
118,0.0000000000
700,0.0010730567
701,0.0010730567
3301,0.0038677038
4537,0.0108141406
4766,0.0054080741
5877,0.0108724693
6216,0.0081623043
119,0.0000000000
265,0.0022414555
724,0.0029369969
5735,0.0158078850
5748,0.0077678330
6550,0.0113423996
6974,0.0072387106
8158,0.0113849918
8849,0.0064312394
9322,0.0190622514
120,0.0000000000
143,0.0016711152
3545,0.0095796208
4506,0.0097638261
4912,0.0075894775
6761,0.0109942013
8202,0.0078552450
8836,0.0107272040
9190,0.0117636604
121,0.0000000000
474,0.0036732609
1924,0.0065240207
2902,0.0103801752
5590,0.0134524703
5833,0.0230262341
7191,0.0255152247
8229,0.0260271807
8505,0.0148404073
9128,0.0132067007
9566,0.0107063859
9806,0.0152529566
3989,0.0156231454
6602,0.0120546430
7702,0.0176549709
8080,0.0155874665
362,0.0039261481
1449,0.0110678894
1946,0.0087676703
2196,0.0058965141
3058,0.0102327342
5046,0.0110428779
5202,0.0099735695
5336,0.0088856537
5353,0.0138595251
6257,0.0123369595
7768,0.0102422834
8030,0.0151379525
8344,0.0156199484
8383,0.0177593971
9365,0.0209631931
9941,0.0198279157
9990,0.0133579871
124,0.0000000000
4268,0.0079251821
6045,0.0096000114
6095,0.0043899349
6434,0.0178527757
7198,0.0131114088
7806,0.0156014707
9099,0.0176041970
9632,0.0118121202
125,0.0000000000
967,0.0026833232
1916,0.0115566055
1971,0.0072992897
2031,0.0092191099
2621,0.0074584012
5826,0.0178058409
6285,0.0199317241
6614,0.0179463995
7467,0.0176623819
7617,0.0087720630
126,0.0000000000
1457,0.0033515348
1732,0.0031220218
3298,0.0091699093
3986,0.0113654674
5136,0.0131082601
5572,0.0056154062
6426,0.0153039131
7925,0.0107208599
9528,0.0047382343
9673,0.0204393487
9892,0.0043120690
1806,0.0028628747
1953,0.0012600359
2505,0.0141899631
2898,0.0088234824
4149,0.0023224502
5036,0.0077427330
7477,0.0150235823
7844,0.0098930160
9092,0.0105807710
128,0.0000000000
508,0.0006986446
1388,0.0006986446
4002,0.0043580418
4318,0.0036075954
5553,0.0055162072
6236,0.0106614550
8796,0.0109005990
129,0.0000000000
1382,0.0048898788
1550,0.0095363413
1595,0.0031624093
2399,0.0037916568
4530,0.0080268133
5717,0.0070097705
7292,0.0194227850
8609,0.0039009317
9000,0.0258033746
130,0.0000000000
6238,0.0178838401
6895,0.0140974677
8515,0.0168840730
9476,0.0150834349
131,0.0000000000
1397,0.0033696161
3356,0.0084363669
4747,0.0062408558
5862,0.0215556370
7264,0.0152856990
7343,0.0150781116
7706,0.0180702813
7707,0.0141309142
8034,0.0151044758
9171,0.0096896992
9345,0.0116650423
132,0.0000000000
1240,0.0095004408
2654,0.0063505834
3044,0.0018334657
3442,0.0105938102
3997,0.0039730962
4037,0.0029815749
7078,0.0070109315
7863,0.0293132591
8273,0.0093765168
9175,0.0148991779
9261,0.0099505873
133,0.0000000000
347,0.0017985257
2526,0.0017985257
2542,0.0083649920
4165,0.0122972753
5215,0.0172616624
6927,0.0121261784
7404,0.0315302156
7921,0.0091746581
8869,0.0094155355
134,0.0000000000
2225,0.0045476092
4931,0.0071638922
5084,0.0067418208
5312,0.0054782599
6005,0.0156298088
6152,0.0166203596
6671,0.0130252592
9124,0.0067631475
135,0.0000000000
1747,0.0007857896
4390,0.0013900427
6150,0.0135224150
8784,0.0200736961
9769,0.0095648620
136,0.0000000000
1244,0.0011620407
2903,0.0028301145
3320,0.0066076701
4073,0.0136343610
4608,0.0126926540
5033,0.0023886222
5637,0.0063635249
6444,0.0103491569
8343,0.0110168486
137,0.0000000000
1334,0.0026460089
1716,0.0048442360
3344,0.0158774357
4738,0.0140315601
5551,0.0130477252
6085,0.0078214512
6493,0.0119080078
6513,0.0081783816
6980,0.0220018731
7137,0.0083402540
8585,0.0067015686
9974,0.0231344362
138,0.0000000000
1198,0.0070160804
2965,0.0125634617
3585,0.0089272667
4129,0.0114981751
6029,0.0103201032
6245,0.0208014401
6615,0.0147337544
7122,0.0145496646
8119,0.0120434905
8249,0.0246538509
8476,0.0068018944
142,0.0012467166
1251,0.0029633620
3651,0.0035608890
6304,0.0079009074
6905,0.0048533528
7317,0.0143695971
7919,0.0123761401
504,0.0019156302
1118,0.0019156302
2835,0.0028340437
2866,0.0037757163
3054,0.0035891369
3122,0.0047458531
4860,0.0099014475
6627,0.0166889591
6787,0.0095950731
9475,0.0216983254
141,0.0000000000
1313,0.0019051938
1386,0.0019051938
3660,0.0092526234
4371,0.0102681072
5081,0.0100459805
5381,0.0063247531
6139,0.0157186196
6372,0.0041029860
7585,0.0094344926
9077,0.0109941072
713,0.0031972271
945,0.0031972271
1592,0.0087043475
1874,0.0031972271
3598,0.0076846265
5186,0.0163485803
6110,0.0195472673
7540,0.0267738770
9287,0.0212079469
9362,0.0214937709
9639,0.0176557690
2159,0.0065669863
3376,0.0054133837
3871,0.0134078737
4185,0.0030269351
4348,0.0127008366
5382,0.0082272432
6203,0.0119290215
7820,0.0102434997
8809,0.0171564767
8899,0.0310346074
8910,0.0116014515
9185,0.0109198521
144,0.0000000000
286,0.0023816214
953,0.0041735282
3798,0.0050514836
3851,0.0077508871
5819,0.0085269712
5856,0.0122903115
6260,0.0086229332
7026,0.0126721569
7075,0.0129035185
8219,0.0071158682
9506,0.0268304476
9778,0.0148332673
145,0.0000000000
2651,0.0019819752
4596,0.0074846368
4913,0.0121741239
5171,0.0088635901
5484,0.0104825130
6259,0.0108127109
6876,0.0082402678
7896,0.0347649336
146,0.0000000000
1074,0.0022038973
2390,0.0047225050
2754,0.0059701113
5164,0.0042940536
7555,0.0157124793
8061,0.0167540348
8887,0.0010650561
147,0.0000000000
381,0.0018834008
809,0.0040018252
1001,0.0018834008
3059,0.0048399537
4509,0.0093884815
6210,0.0096845694
6749,0.0179058877
9486,0.0142777454
9804,0.0302885215
148,0.0000000000
217,0.0009298265
583,0.0017863142
952,0.0045359822
1797,0.0009298265
5362,0.0076799389
6692,0.0093480705
9299,0.0158737326
149,0.0000000000
3046,0.0067280415
3717,0.0081018399
4277,0.0094638428
5080,0.0050380198
5997,0.0133996480
7234,0.0222192681
7526,0.0120285854
8743,0.0095007606
9732,0.0136654154
150,0.0000000000
386,0.0017637583
8082,0.0102498441
8703,0.0221221956
8820,0.0175092442
9274,0.0082093496
151,0.0000000000
736,0.0017811125
1307,0.0063520716
2081,0.0073060689
2557,0.0051367890
4434,0.0122344135
5139,0.0107211947
5772,0.0077706432
6333,0.0119067631
6364,0.0040711933
152,0.0000000000
1058,0.0051963358
4091,0.0106006260
4736,0.0112082569
5107,0.0071017631
5988,0.0031446632
6016,0.0333251809
9763,0.0210374757
153,0.0000000000
1435,0.0044443606
1713,0.0056765640
2799,0.0072313694
2979,0.0109918984
3010,0.0049688862
3762,0.0078173303
5337,0.0279563643
6276,0.0070637174
6281,0.0139527312
6668,0.0164092814
8182,0.0222834532
8546,0.0115278687
8833,0.0238122069
9630,0.0097448552
154,0.0000000000
263,0.0008748934
1050,0.0056779555
3795,0.0059140157
4192,0.0128307502
7514,0.0069539111
9621,0.0079934589
155,0.0000000000
3262,0.0117260516
3286,0.0075116940
3949,0.0068059139
4689,0.0056437753
5413,0.0106456536
7363,0.0099198301
7384,0.0242377974
7711,0.0201999952
8001,0.0206165435
8378,0.0081827618
8688,0.0153494193
9688,0.0262734853
156,0.0000000000
1010,0.0048787837
1602,0.0058118451
2908,0.0087219084
5788,0.0131372895
6638,0.0138282146
8717,0.0228420403
9032,0.0144931298
9116,0.0117806589
9305,0.0180751539
157,0.0000000000
1489,0.0009002954
1497,0.0024246986
2248,0.0040347461
7024,0.0095450046
8847,0.0116726849
8850,0.0156156986
158,0.0000000000
1189,0.0055194957
2162,0.0077166004
3775,0.0128862494
4468,0.0098636982
6003,0.0088131983
8449,0.0170460952
8866,0.0112041836
8880,0.0147377827
8893,0.0154878045
159,0.0000000000
1643,0.0023466971
2009,0.0051112620
2737,0.0069666448
3464,0.0039282295
5242,0.0171254519
5526,0.0165907521
8170,0.0115606807
8261,0.0138115088
160,0.0000000000
479,0.0034318057
818,0.0080388359
1278,0.0017963858
1293,0.0017963858
1677,0.0053603412
1988,0.0077786358
4428,0.0125862842
5951,0.0135694518
6717,0.0111134492
7230,0.0088053775
7424,0.0160443636
8564,0.0058291007
161,0.0000000000
361,0.0045734610
1565,0.0017552860
3740,0.0027252395
4146,0.0144248401
5297,0.0140705844
7293,0.0151513237
162,0.0000000000
335,0.0013498308
2775,0.0085655721
3507,0.0094052478
4070,0.0021562273
6228,0.0085982565
7322,0.0131125554
8987,0.0161551825
9618,0.0185368446
163,0.0000000000
4391,0.0203369677
6621,0.0063504749
164,0.0000000000
2561,0.0004785831
3098,0.0041936948
3642,0.0004785831
5369,0.0109000359
165,0.0000000000
802,0.0049966616
1197,0.0014955894
1765,0.0014955894
1862,0.0021002223
4027,0.0061872034
5415,0.0058915738
5935,0.0064894158
7051,0.0091965783
8145,0.0108786280
9157,0.0082258358
9434,0.0109510903
166,0.0000000000
2050,0.0052210889
2151,0.0009005961
3466,0.0049452113
4482,0.0120692229
4507,0.0151539275
5089,0.0043371775
5793,0.0036569756
167,0.0000000000
392,0.0018615155
899,0.0055582401
936,0.0034608992
1898,0.0024021571
2559,0.0052105478
4958,0.0237435505
4967,0.0099570363
5314,0.0066140805
7905,0.0127937277
9057,0.0180085608
168,0.0000000000
567,0.0028122856
1217,0.0028122856
1322,0.0083374404
2182,0.0076755486
4388,0.0153139240
4535,0.0059754096
4951,0.0122049781
5142,0.0059239730
7544,0.0107761775
8260,0.0160415614
8434,0.0152423969
169,0.0000000000
1750,0.0036998836
5302,0.0087753113
9479,0.0080063842
170,0.0000000000
912,0.0025542921
2060,0.0104777241
3000,0.0051163585
3421,0.0139258048
3429,0.0170724020
3786,0.0043634429
4241,0.0139742306
5758,0.0160332484
5820,0.0157239758
8319,0.0107067586
8381,0.0193659131
171,0.0000000000
636,0.0006583946
703,0.0025688694
2907,0.0043731287
3899,0.0042744399
6098,0.0149076417
172,0.0000000000
2173,0.0076696978
2489,0.0057697876
2868,0.0034570099
3465,0.0037062534
5098,0.0049173980
5341,0.0099872416
173,0.0000000000
367,0.0036012597
1129,0.0022774786
1342,0.0083600209
1879,0.0046711970
2841,0.0069664064
3303,0.0064615441
3940,0.0106781083
4476,0.0058283717
5693,0.0162669344
6502,0.0165775474
6820,0.0095754210
7525,0.0108250000
9667,0.0163763840
174,0.0000000000
452,0.0011636742
3111,0.0020631776
3747,0.0045405737
4627,0.0097825668
5104,0.0051584436
5133,0.0118623675
9762,0.0085331710
175,0.0000000000
2928,0.0054955073
4839,0.0126119416
5266,0.0119720120
5725,0.0100005294
6403,0.0100547755
6740,0.0079848330
7035,0.0127394172
7245,0.0182043968
176,0.0000000000
901,0.0060912758
1196,0.0088351616
1225,0.0025615181
1695,0.0078303372
2893,0.0038412734
2954,0.0095835336
4282,0.0084607157
4510,0.0085536729
4916,0.0095725761
5705,0.0084951518
7411,0.0140862211
7523,0.0129225451
8304,0.0140000388
9908,0.0149214426
384,0.0011694098
4076,0.0011694098
4088,0.0125640550
5069,0.0108587844
5770,0.0140552095
8190,0.0123912124
8592,0.0152619655
178,0.0000000000
1510,0.0014169070
1759,0.0051187775
3649,0.0117461015
5182,0.0071594425
6946,0.0169209288
9079,0.0148051971
179,0.0000000000
773,0.0025087162
2586,0.0055125625
4175,0.0077370891
5258,0.0131083362
6348,0.0114964338
7282,0.0154160054
180,0.0000000000
212,0.0014726532
1241,0.0025295690
4182,0.0102352274
5815,0.0050980435
6792,0.0034940652
7622,0.0094075970
8367,0.0186582565
8710,0.0095749719
8763,0.0034156216
9419,0.0210800645
181,0.0000000000
658,0.0057864715
987,0.0044861830
3564,0.0108986723
3595,0.0118135127
3981,0.0154623418
6059,0.0181933652
6378,0.0237556033
9586,0.0121155494
9906,0.0291845826
182,0.0000000000
1335,0.0057946177
2289,0.0082484088
4914,0.0057104828
6798,0.0056562752
9066,0.0115459833
9283,0.0258047607
9573,0.0219846728
9801,0.0209907955
183,0.0000000000
1079,0.0071818273
1369,0.0033421887
3341,0.0065989622
4246,0.0098082653
4443,0.0136421054
5645,0.0051812808
6306,0.0196969111
6406,0.0184171711
6662,0.0123312101
7006,0.0130042521
7306,0.0113992655
7511,0.0072855251
9059,0.0258172455
184,0.0000000000
1834,0.0101810731
1906,0.0089049295
2840,0.0041738798
4178,0.0085978072
6589,0.0141714662
6867,0.0070595435
6957,0.0157622827
8140,0.0179141128
9701,0.0157723167
1622,0.0018372242
2332,0.0148790487
3251,0.0029799522
3338,0.0129555776
4251,0.0123901468
5766,0.0094535082
6188,0.0104834422
7139,0.0159976663
7159,0.0107719956
9379,0.0142515460
186,0.0000000000
1977,0.0036811651
2963,0.0057605623
5496,0.0072958730
5931,0.0122989779
6397,0.0121163272
6566,0.0138129808
9391,0.0222275951
1699,0.0062860633
2599,0.0099621691
2896,0.0036531592
3100,0.0097600438
7753,0.0214915178
188,0.0000000000
438,0.0008564878
930,0.0060263253
1265,0.0018985339
7177,0.0162364632
8666,0.0160511573
189,0.0000000000
1910,0.0041329289
2322,0.0066302153
3697,0.0104304221
4564,0.0097206759
5344,0.0247638583
8754,0.0087051587
9921,0.0218058429
437,0.0009505688
4947,0.0076960558
5586,0.0093933483
5621,0.0127374370
8135,0.0081516011
191,0.0000000000
1102,0.0015861157
1233,0.0015861157
1478,0.0102547638
2861,0.0028795511
4616,0.0037365855
4639,0.0073364770
5574,0.0151425270
6209,0.0125933083
6475,0.0015861157
6610,0.0163451892
8095,0.0062537564
192,0.0000000000
2948,0.0079728658
4621,0.0062675658
8056,0.0134438131
193,0.0000000000
485,0.0031318329
2556,0.0046482679
2704,0.0064657484
4844,0.0091214149
6331,0.0069457508
7376,0.0105879605
7461,0.0146393187
7519,0.0118885382
7701,0.0181383758
8718,0.0235464375
9398,0.0124210711
194,0.0000000000
599,0.0013872432
968,0.0013872432
2083,0.0029580486
2378,0.0070669012
3137,0.0057436024
5916,0.0274741311
9192,0.0132709663
195,0.0000000000
230,0.0007456527
1568,0.0021740954
6890,0.0199153421
7699,0.0104087702
196,0.0000000000
1250,0.0016200661
1442,0.0016200661
2176,0.0037351046
3147,0.0129237745
4139,0.0100274265
6011,0.0074930855
6990,0.0062622403
7505,0.0038928381
8235,0.0172815304
9051,0.0158213069
197,0.0000000000
325,0.0018129343
817,0.0034358708
1779,0.0063846839
4868,0.0097870618
5540,0.0018129343
6277,0.0070886515
7135,0.0066470361
7580,0.0123875866
8391,0.0083906162
8459,0.0137805738
9708,0.0242194981
198,0.0000000000
209,0.0029682965
2439,0.0063439885
3496,0.0102234302
4327,0.0076503010
4940,0.0127016070
5083,0.0184499567
5292,0.0075913683
6380,0.0177399703
6699,0.0074171486
6860,0.0098805229
9015,0.0133446061
9160,0.0167424964
199,0.0000000000
706,0.0005558087
1168,0.0043890601
2541,0.0063101587
4200,0.0107325264
4232,0.0100802885
200,0.0000000000
2132,0.0035117959
2194,0.0040070922
3676,0.0032966831
6031,0.0150623773
6168,0.0075358698
8800,0.0060455364
9649,0.0140137581
201,0.0000000000
2995,0.0084650495
3454,0.0103653199
4578,0.0166163236
8485,0.0075852100
9600,0.0168038342
202,0.0000000000
3160,0.0088621955
3197,0.0123853791
3310,0.0043791359
3453,0.0071723407
6004,0.0125738038
6354,0.0159947320
6455,0.0136556769
7016,0.0032511751
7657,0.0107660321
8633,0.0171890842
9259,0.0305754924
9728,0.0301539055
203,0.0000000000
1337,0.0069273782
3337,0.0106394195
3360,0.0123020558
3749,0.0101544487
6191,0.0095071738
6547,0.0079048583
6800,0.0194647331
7747,0.0069275357
8923,0.0064730340
8990,0.0194500976
9527,0.0354171939
1258,0.0015349437
4259,0.0106389446
4952,0.0073527647
6851,0.0110999633
7522,0.0110393053
8724,0.0068508595
8908,0.0064370654
205,0.0000000000
418,0.0025034332
1891,0.0053294863
3306,0.0023596667
4199,0.0022346450
6902,0.0086890834
7929,0.0163441792
206,0.0000000000
236,0.0011409420
2864,0.0061392971
4392,0.0069652680
5091,0.0063804436
6598,0.0120563123
7992,0.0082149190
9063,0.0081978413
9911,0.0068817372
207,0.0000000000
716,0.0020342029
762,0.0020342029
2857,0.0104469135
2940,0.0113999494
4208,0.0046018478
7494,0.0101921910
8062,0.0111155654
8173,0.0171956630
8891,0.0114930064
9867,0.0185453572
208,0.0000000000
2497,0.0066696173
7915,0.0140653900
8997,0.0055110397
428,0.0015663523
1209,0.0049526003
2172,0.0021646951
2277,0.0044237736
2607,0.0015663523
4923,0.0059403601
5421,0.0138833312
7856,0.0191210917
7950,0.0180818987
210,0.0000000000
535,0.0018246499
1184,0.0043438977
1376,0.0036159402
1406,0.0018246499
1764,0.0064774378
2280,0.0053744887
2984,0.0053867130
3284,0.0069766840
3644,0.0039081169
5683,0.0061830061
8702,0.0059996866
9330,0.0204864633
9716,0.0151330869
633,0.0024945676
1781,0.0082287864
2628,0.0044020793
3112,0.0045304697
5049,0.0089253313
5379,0.0173248600
8486,0.0148712241
8748,0.0078267946
9558,0.0213420231
9706,0.0117088358
9724,0.0140491754
5598,0.0084559487
6182,0.0142407420
9040,0.0144928154
213,0.0000000000
553,0.0022560622
686,0.0022560622
2860,0.0114677319
7542,0.0133710915
7739,0.0075109709
7851,0.0199227527
9292,0.0190539616
9420,0.0254912213
9581,0.0099812201
9742,0.0066945063
214,0.0000000000
845,0.0014717807
2644,0.0067764374
2720,0.0036662292
3593,0.0052336753
3826,0.0054090989
7383,0.0112936278
8414,0.0142818118
8886,0.0075522145
215,0.0000000000
344,0.0018390921
449,0.0031110601
3551,0.0066326323
4641,0.0147640157
7303,0.0113574007
7616,0.0040492581
8648,0.0107389824
8668,0.0181918255
9607,0.0145663432
9710,0.0108684043
403,0.0017552430
2487,0.0068440491
3793,0.0083337874
5859,0.0075586357
7200,0.0093033132
7496,0.0058982932
8803,0.0277049312
9031,0.0099003208
1149,0.0008101043
1928,0.0082988058
3879,0.0076175682
5095,0.0088838333
5950,0.0098132728
7080,0.0029483363
8172,0.0083678522
218,0.0000000000
2037,0.0110691077
2658,0.0026555914
3735,0.0033637560
3808,0.0074183329
4114,0.0144488344
4250,0.0047670844
5548,0.0166166551
5642,0.0076438165
5759,0.0209592187
7034,0.0109552557
9324,0.0176091781
9453,0.0102519582
9819,0.0181585808
219,0.0000000000
1138,0.0006684217
2494,0.0033141037
3391,0.0049025284
5088,0.0069114367
6246,0.0144476855
6930,0.0083210079
220,0.0000000000
247,0.0023555479
2302,0.0023555479
4666,0.0158136677
4973,0.0110144308
5511,0.0193547483
6829,0.0224908769
8233,0.0105317660
8550,0.0132867443
8774,0.0114460940
9250,0.0096699919
221,0.0000000000
679,0.0017166454
1733,0.0066398150
2133,0.0064987362
4875,0.0162736980
4887,0.0092073732
5399,0.0083250174
7324,0.0169160530
8244,0.0213031166
8675,0.0091994337
222,0.0000000000
676,0.0034329046
2359,0.0100769971
2372,0.0061809833
2805,0.0034230922
4383,0.0071047317
5597,0.0035209796
5763,0.0081686036
854,0.0011697194
1514,0.0023256350
2358,0.0117217908
2709,0.0090842497
3368,0.0014942367
3542,0.0067932932
5380,0.0059168798
7154,0.0234382089
224,0.0000000000
634,0.0014554801
2839,0.0026416816
4205,0.0069708063
4242,0.0047308605
4605,0.0046748315
4854,0.0159271299
6619,0.0077919516
9493,0.0208545786
225,0.0000000000
4499,0.0069520096
4852,0.0077660986
5613,0.0155180790
7680,0.0070578333
9097,0.0114288977
9186,0.0161530226
226,0.0000000000
2679,0.0128721005
3620,0.0134885797
4893,0.0142918401
6032,0.0080860140
9009,0.0160237364
4750,0.0161929088
4962,0.0137832421
5074,0.0232214104
5787,0.0025070829
228,0.0000000000
786,0.0027903110
1915,0.0037957708
2421,0.0048164882
4684,0.0166014999
5751,0.0128730594
6269,0.0120539522
6764,0.0129961027
9106,0.0171018139
229,0.0000000000
702,0.0052327474
1043,0.0030654796
5041,0.0112608326
5733,0.0195147783
6979,0.0202937972
7401,0.0188578084
7862,0.0126205605
8581,0.0165518846
9147,0.0254474269
9631,0.0140755149
9893,0.0222602193
1833,0.0015816990
2189,0.0015816990
2891,0.0073020873
2929,0.0034930082
3407,0.0024483915
3876,0.0035220414
4340,0.0091394895
4648,0.0144144568
5028,0.0061491641
6420,0.0027716186
6495,0.0051831957
9278,0.0141200999
231,0.0000000000
4163,0.0063614247
5152,0.0076726524
8528,0.0223078710
232,0.0000000000
1506,0.0042927772
1574,0.0027007649
3561,0.0038908361
4308,0.0047768494
5481,0.0062765246
6359,0.0101097198
7503,0.0163514442
7620,0.0298868960
7819,0.0238909918
8405,0.0155629802
9265,0.0179566604
9518,0.0201267590
233,0.0000000000
2383,0.0073949753
3411,0.0088345477
5491,0.0071948388
5643,0.0075305688
234,0.0000000000
698,0.0018021158
1757,0.0018021158
3023,0.0037092653
3505,0.0064831102
3962,0.0058355489
6068,0.0142151806
7354,0.0171663876
7512,0.0133570587
8072,0.0114372155
8520,0.0035236654
9788,0.0129211780
235,0.0000000000
2698,0.0007684718
3362,0.0042867693
3550,0.0075486993
4266,0.0026137182
6666,0.0097215735
2566,0.0031392562
3159,0.0030516780
4918,0.0073262518
5799,0.0089394817
6564,0.0160892680
6603,0.0112491985
7335,0.0060477720
7978,0.0128909580
8860,0.0088289972
249,0.0006001619
332,0.0006001619
1187,0.0021128788
8418,0.0134800804
238,0.0000000000
1762,0.0052293248
2478,0.0063548467
3635,0.0168412614
4226,0.0072074276
5533,0.0129529701
7117,0.0157861647
9019,0.0077218069
239,0.0000000000
934,0.0058430479
1630,0.0096140453
1935,0.0093810945
2101,0.0156907864
5846,0.0114541293
7371,0.0118428267
7673,0.0137063018
7880,0.0176675824
8672,0.0083125614
8872,0.0224018323
9096,0.0186561027
9536,0.0304087073
9855,0.0127903194
240,0.0000000000
1675,0.0028042747
1690,0.0038464617
3386,0.0142297601
9450,0.0176449786
9711,0.0257621327
9913,0.0211807216
241,0.0000000000
3977,0.0015133122
5714,0.0263040774
6561,0.0109210499
7412,0.0149499949
8805,0.0051776248
4109,0.0076621783
6296,0.0105528979
6342,0.0105987533
8287,0.0129253597
8500,0.0106073131
9482,0.0175897392
243,0.0000000000
697,0.0017325020
749,0.0036145836
989,0.0017325020
4127,0.0059044842
7516,0.0111158310
7742,0.0158668135
9217,0.0104854693
244,0.0000000000
3908,0.0073635746
4580,0.0175282689
7094,0.0100266219
7285,0.0109609041
9260,0.0154488783
9623,0.0285845890
245,0.0000000000
355,0.0017446370
1245,0.0017446370
2596,0.0042434350
3978,0.0043659672
7577,0.0151343687
7793,0.0125546386
9758,0.0104694818
246,0.0000000000
711,0.0021876232
1275,0.0036095430
3755,0.0115989337
3868,0.0021876232
5719,0.0112902937
7890,0.0097074152
8477,0.0210194348
8976,0.0178120437
9815,0.0196156609
1287,0.0029232757
1903,0.0053839838
3256,0.0097893953
3410,0.0045386321
4920,0.0165883578
4979,0.0095733654
5129,0.0040662201
5816,0.0115565678
6315,0.0100008376
6845,0.0136931915
9161,0.0083675225
9191,0.0179017570
9564,0.0189119424
248,0.0000000000
946,0.0010593607
6436,0.0034190156
7484,0.0071582145
7684,0.0077648261
8355,0.0158017336
8599,0.0201822091
2058,0.0042039570
2364,0.0042531071
2544,0.0094876950
2560,0.0034393918
3279,0.0069323151
4453,0.0102988856
5008,0.0033064789
7886,0.0090263190
9286,0.0092880751
250,0.0000000000
327,0.0024661606
1270,0.0024661606
1381,0.0036743482
4576,0.0059261130
6200,0.0142862660
7109,0.0092397837
8646,0.0170241449
9112,0.0109599166
9488,0.0189377045
9489,0.0128582086
251,0.0000000000
2250,0.0006305840
4041,0.0006305840
4625,0.0054756401
7204,0.0202605303
8616,0.0093847744
252,0.0000000000
1069,0.0034443221
3071,0.0054023404
3405,0.0035530035
3596,0.0042144035
3916,0.0089310423
6766,0.0047198434
253,0.0000000000
1226,0.0049909520
2086,0.0027341075
2629,0.0011312687
3032,0.0037525988
3518,0.0043793016
3628,0.0037941329
4464,0.0028125257
5011,0.0079768878
8504,0.0103255458
8560,0.0104962809
8853,0.0128759177
409,0.0014221300
1453,0.0014221300
3248,0.0014221300
4324,0.0114295906
5506,0.0085398719
6570,0.0246476027
7399,0.0071746417
8395,0.0085588751
8907,0.0174341179
779,0.0015627386
1273,0.0026001183
1810,0.0024628784
2210,0.0038674331
4275,0.0037544302
4335,0.0030221703
4423,0.0058001677
4977,0.0041848498
6317,0.0102984445
7462,0.0158255874
9333,0.0148866456
256,0.0000000000
3569,0.0097482907
3932,0.0107928214
3982,0.0044175995
8953,0.0165744246
9136,0.0162148113
9399,0.0087065675
257,0.0000000000
1363,0.0031307008
1782,0.0019200298
2090,0.0043071592
2408,0.0097090705
4524,0.0090502259
6515,0.0057194246
6999,0.0063939194
7549,0.0150386058
258,0.0000000000
1696,0.0063540350
3852,0.0116222173
5279,0.0118749053
5577,0.0235432467
7834,0.0122888034
8764,0.0135635221
9840,0.0188867526
259,0.0000000000
4411,0.0056854870
6211,0.0210550453
6934,0.0145544336
8696,0.0109118302
9674,0.0050941930
9948,0.0165371578
260,0.0000000000
301,0.0013898255
1707,0.0023121377
1756,0.0031696353
3805,0.0081171064
4485,0.0079958712
6173,0.0084985185
6447,0.0074620910
6494,0.0057261096
6726,0.0091694176
7565,0.0103159698
8464,0.0116718177
261,0.0000000000
529,0.0014016045
1777,0.0040509024
2563,0.0028780257
5535,0.0095541018
7064,0.0141232644
7705,0.0123016568
8147,0.0070785854
9868,0.0114007979
262,0.0000000000
611,0.0041491583
2004,0.0085447822
3275,0.0111195902
3531,0.0082029938
3761,0.0055285153
4851,0.0033054638
5154,0.0105772160
5601,0.0115690008
5848,0.0068686686
6767,0.0121792867
6808,0.0220924957
7438,0.0217928349
9502,0.0247214058
1416,0.0028299069
2235,0.0112225135
5587,0.0057382659
6760,0.0129099239
9679,0.0029052429
264,0.0000000000
4128,0.0109860261
4291,0.0024685702
5328,0.0093220847
9102,0.0049928590
9627,0.0113669964
1349,0.0013063878
3840,0.0073709468
5946,0.0131109106
9235,0.0313713990
266,0.0000000000
794,0.0027129781
3113,0.0088043017
3217,0.0111349358
3346,0.0027129781
4778,0.0060889521
8331,0.0136517489
8977,0.0115302176
9012,0.0131411401
267,0.0000000000
653,0.0063591933
1799,0.0044115568
2138,0.0030206279
2212,0.0046771694
4820,0.0063731678
5500,0.0141163021
6298,0.0178101239
7174,0.0070547417
7437,0.0134993069
7982,0.0126629675
8097,0.0032280539
8859,0.0275946145
268,0.0000000000
2924,0.0074974940
3161,0.0098374464
3714,0.0064229128
7802,0.0160184571
8467,0.0099640143
8739,0.0156807480
9093,0.0134889990
9783,0.0125927484
269,0.0000000000
298,0.0027555687
429,0.0055702428
851,0.0027555687
1319,0.0045974992
1346,0.0057840748
3690,0.0045649847
4514,0.0048094566
5954,0.0229439061
6408,0.0107344676
6593,0.0057272226
6988,0.0155538580
7054,0.0154364633
8015,0.0183106086
8074,0.0205384957
8179,0.0072543294
8369,0.0116483900
270,0.0000000000
2922,0.0025794282
6928,0.0083874756
9408,0.0113500679
9877,0.0126696880
9993,0.0084694269
271,0.0000000000
612,0.0006342936
7772,0.0060221858
272,0.0000000000
494,0.0021587680
1324,0.0031403232
2932,0.0095702429
4490,0.0131975312
5191,0.0097397527
5584,0.0075024625
7562,0.0228037111
8557,0.0274936743
9934,0.0093381066
273,0.0000000000
1495,0.0014212137
2587,0.0009913100
9637,0.0055032764
274,0.0000000000
1063,0.0017418515
7088,0.0087242771
8744,0.0153341174
8802,0.0208707431
9339,0.0191292176
275,0.0000000000
788,0.0027742612
1448,0.0028436076
1647,0.0072177015
5781,0.0166280440
9609,0.0077411661
276,0.0000000000
338,0.0012719680
1815,0.0024581695
2286,0.0129601916
3038,0.0030326547
3314,0.0025252310
4193,0.0106090278
4401,0.0012719680
5660,0.0089312151
6174,0.0182743476
277,0.0000000000
1708,0.0065650013
1786,0.0109826182
2201,0.0023504087
4921,0.0117852659
5183,0.0088223544
5360,0.0040780863
6242,0.0078437338
6352,0.0121855167
7783,0.0083116208
8897,0.0120093806
1066,0.0066694211
3039,0.0048890240
4454,0.0103604718
4498,0.0095348502
279,0.0000000000
889,0.0092355893
4105,0.0120386947
5869,0.0221281238
5910,0.0105397150
6530,0.0134428652
8245,0.0088537849
8425,0.0320513666
280,0.0000000000
3903,0.0085020623
6581,0.0138975456
6924,0.0051425951
9095,0.0116037886
281,0.0000000000
544,0.0013330797
3309,0.0074650790
5701,0.0042116474
8794,0.0188877130
8799,0.0180591948
9617,0.0083313037
282,0.0000000000
3831,0.0117962976
3885,0.0132667703
4015,0.0031347921
4081,0.0119389127
4588,0.0051312008
6407,0.0071662430
6892,0.0184955191
7931,0.0090644184
283,0.0000000000
445,0.0008435765
1456,0.0008435765
1784,0.0008435765
5160,0.0079534216
5520,0.0103748774
6604,0.0092555089
284,0.0000000000
528,0.0039509166
1934,0.0077379579
1980,0.0062703193
2299,0.0021700162
3027,0.0103670842
7563,0.0084400262
285,0.0000000000
990,0.0052715928
2211,0.0041605273
2823,0.0086758647
3625,0.0052574429
9363,0.0213803008
614,0.0024275648
3688,0.0054443460
6654,0.0100448619
7957,0.0087701111
9746,0.0089433468
9904,0.0162272574
1472,0.0047790115
2014,0.0013481174
3049,0.0059310392
4877,0.0135832497
5003,0.0111819496
8830,0.0127749266
9316,0.0281825604
288,0.0000000000
496,0.0004861016
624,0.0004861016
2539,0.0065594500
2602,0.0023166010
6966,0.0118910580
289,0.0000000000
1282,0.0029271140
2255,0.0087416457
3815,0.0195029248
9612,0.0188628122
290,0.0000000000
1770,0.0117871787
2525,0.0073428131
3061,0.0046669433
3478,0.0088988842
3495,0.0068388251
4919,0.0135714859
5595,0.0080193823
5752,0.0065945367
6154,0.0162370694
8373,0.0130062267
291,0.0000000000
527,0.0017328030
4075,0.0071033431
4780,0.0030518842
5428,0.0124396330
6112,0.0102706685
6170,0.0060487092
7675,0.0165651434
1292,0.0089739139
2589,0.0076615606
4529,0.0036869440
5021,0.0091476246
7874,0.0133874685
8556,0.0157665009
8617,0.0081069859
9483,0.0138727426
9680,0.0107975551
9882,0.0202128085
293,0.0000000000
457,0.0027483538
718,0.0031967897
4829,0.0081414691
4882,0.0069031842
6052,0.0139830433
6368,0.0083738683
294,0.0000000000
1433,0.0044159844
1527,0.0072467957
2220,0.0118502564
2518,0.0124088923
2788,0.0104523590
3723,0.0104858142
5225,0.0143257139
5744,0.0076679235
6546,0.0102392661
7875,0.0085626529
9334,0.0139251219
295,0.0000000000
958,0.0007482366
1640,0.0049029968
2485,0.0041340176
2500,0.0060525425
3423,0.0056546411
4217,0.0078354015
4234,0.0138422849
296,0.0000000000
1221,0.0012253975
1224,0.0041435680
1390,0.0012253975
2551,0.0084758904
2638,0.0072042448
3521,0.0070635567
4831,0.0066448535
6818,0.0157980732
6880,0.0065047502
7642,0.0071935160
297,0.0000000000
3475,0.0077119766
4344,0.0128779565
5340,0.0084672617
5525,0.0196760657
8000,0.0109111188
8488,0.0209120948
9013,0.0221008338
9165,0.0175100454
9799,0.0279750658
655,0.0014579233
3533,0.0045216886
4534,0.0116872530
4739,0.0034412552
5072,0.0067720890
7145,0.0157015689
7697,0.0138139492
8137,0.0119810850
299,0.0000000000
1491,0.0052304481
3242,0.0057316171
5749,0.0291595199
5873,0.0244779243
6693,0.0154411676
7229,0.0151872989
8377,0.0190857108
8384,0.0102261775
8915,0.0130264137
9818,0.0124435693
300,0.0000000000
4663,0.0046727698
4783,0.0108040335
4937,0.0063691583
7963,0.0143826586
9407,0.0155990450
9987,0.0055444578
596,0.0019608789
843,0.0019608789
3479,0.0056648972
6441,0.0141338721
8234,0.0166647925
8338,0.0098981659
302,0.0000000000
423,0.0018563310
650,0.0018563310
2815,0.0018563310
3176,0.0037732439
5420,0.0072968152
7629,0.0131212875
303,0.0000000000
1094,0.0021706837
2236,0.0053862032
3801,0.0066738927
5355,0.0079714994
7900,0.0244442547
8069,0.0082500712
8473,0.0172999073
9847,0.0253611973
9975,0.0160091932
330,0.0020131540
2363,0.0029406682
2687,0.0066861703
3311,0.0103020238
3540,0.0132111250
3638,0.0096276385
4591,0.0020131540
4721,0.0029219839
6552,0.0161850658
7811,0.0056989289
8831,0.0082304929
9378,0.0163760083
9603,0.0199442596
305,0.0000000000
742,0.0040804009
1060,0.0022866905
1338,0.0022273838
3033,0.0016716979
7951,0.0109221957
9153,0.0186200068
306,0.0000000000
741,0.0020273083
2850,0.0060224721
5755,0.0090282583
5794,0.0055218062
8159,0.0054191652
8254,0.0156196216
9048,0.0091963938
394,0.0035297578
1108,0.0035297578
1577,0.0035297578
2046,0.0035297578
2859,0.0052077460
3416,0.0060035655
3850,0.0209052720
4176,0.0079728814
4814,0.0099288910
5563,0.0168008034
8246,0.0110381317
8660,0.0218426880
9937,0.0105531925
308,0.0000000000
1360,0.0013237811
1530,0.0038513130
3374,0.0041467642
4121,0.0113070541
5243,0.0137598603
6585,0.0037866450
309,0.0000000000
1541,0.0011019054
2684,0.0019316780
3005,0.0055355624
5077,0.0064878769
7111,0.0157199504
7628,0.0132534333
310,0.0000000000
1044,0.0027362958
1110,0.0027362958
3943,0.0071790246
3976,0.0144450736
4751,0.0116713996
5092,0.0115360444
5146,0.0059082597
5185,0.0128566822
8861,0.0069840832
311,0.0000000000
2813,0.0059198340
4686,0.0028997809
5591,0.0139363038
6838,0.0131325490
7634,0.0124175212
312,0.0000000000
996,0.0014284427
1534,0.0026391137
2731,0.0027140481
5149,0.0130856248
5438,0.0138822973
5764,0.0164084623
6435,0.0208156169
8285,0.0092674388
313,0.0000000000
551,0.0022988333
3778,0.0054347382
4196,0.0174175683
4786,0.0058313771
5594,0.0098846369
6287,0.0149665306
7239,0.0161675134
8709,0.0116612988
9685,0.0219767178
9772,0.0083790779
314,0.0000000000
629,0.0011884651
6969,0.0175810960
7447,0.0048485382
8309,0.0136424490
8456,0.0046147645
8934,0.0093252516
562,0.0022102390
1508,0.0074075783
2450,0.0058982192
4011,0.0065863630
9472,0.0170099594
316,0.0000000000
2914,0.0075638850
3412,0.0080268995
3455,0.0062082521
3520,0.0058942064
3693,0.0082051428
3700,0.0053255659
9145,0.0129668160
317,0.0000000000
1624,0.0018452464
2047,0.0056345376
3467,0.0047763072
3891,0.0094968493
8101,0.0166520879
9341,0.0143351461
9808,0.0145817898
318,0.0000000000
4614,0.0082975085
7012,0.0084229350
319,0.0000000000
373,0.0008390234
1071,0.0008390234
1364,0.0017041020
3332,0.0032526589
3882,0.0096057049
320,0.0000000000
1152,0.0008762422
2181,0.0059738759
2631,0.0021468203
3737,0.0079265225
321,0.0000000000
999,0.0024767847
2087,0.0052502492
5517,0.0114190263
5592,0.0113370867
5845,0.0141584725
6704,0.0330811691
7150,0.0113155731
8823,0.0196001326
8969,0.0095398812
322,0.0000000000
1300,0.0022170073
2959,0.0094565960
3609,0.0038700600
3738,0.0092090902
4724,0.0064025261
5508,0.0079875674
8045,0.0124668335
8293,0.0257142050
9583,0.0249753526
323,0.0000000000
920,0.0046195867
957,0.0032905869
1633,0.0042764084
3355,0.0232629409
5244,0.0052504309
8314,0.0020664563
9301,0.0110179558
9984,0.0066896065
324,0.0000000000
353,0.0002856674
1193,0.0013959796
1477,0.0050054943
1598,0.0002856674
732,0.0023628016
882,0.0023628016
1315,0.0023628016
2233,0.0023628016
2981,0.0035005176
4942,0.0085404363
6745,0.0052340057
7566,0.0155816744
8075,0.0117841429
8107,0.0110453142
326,0.0000000000
1130,0.0029159495
1190,0.0020433173
9644,0.0101368299
3165,0.0124140289
3553,0.0022201209
4812,0.0085242196
5377,0.0083000932
5985,0.0189021110
7489,0.0147434590
7968,0.0094894922
8543,0.0152658955
8604,0.0131234418
9076,0.0141746243
328,0.0000000000
577,0.0008325491
1554,0.0050532667
2032,0.0023918202
2832,0.0019456680
9302,0.0061881910
329,0.0000000000
877,0.0010056893
3704,0.0047143816
4806,0.0044078240
5697,0.0045866749
6732,0.0063261949
6855,0.0124926952
8741,0.0217004409
1848,0.0037801721
2998,0.0065238427
3004,0.0054129900
4039,0.0032972019
5070,0.0099676310
331,0.0000000000
1392,0.0014128237
6132,0.0102406882
7774,0.0191475559
9971,0.0258285301
1680,0.0026738558
1990,0.0017449212
3754,0.0090245605
4846,0.0101251467
5396,0.0165403541
8390,0.0249572429
9264,0.0149879744
333,0.0000000000
1076,0.0025738848
3295,0.0056962068
3509,0.0126955463
3841,0.0051524389
3904,0.0187521433
5140,0.0070717152
7352,0.0203660657
8379,0.0110810293
9448,0.0162287032
334,0.0000000000
810,0.0046803179
915,0.0024227783
3439,0.0018021544
4732,0.0085542686
6332,0.0088937664
9991,0.0140451946
3206,0.0045372055
3468,0.0125130132
4378,0.0066884515
5646,0.0095965407
336,0.0000000000
1012,0.0008194978
2776,0.0067675898
3021,0.0056068476
4361,0.0067410976
7472,0.0065673471
8325,0.0048980605
337,0.0000000000
1219,0.0042360788
1899,0.0033361666
1981,0.0007931567
7721,0.0186211487
9670,0.0051331830
1031,0.0026085985
1116,0.0050101765
2001,0.0083986062
4053,0.0043229265
5771,0.0186626212
6432,0.0167303144
7641,0.0110069226
7655,0.0130490368
7881,0.0096790349
8642,0.0255880928
339,0.0000000000
871,0.0027059677
4707,0.0089721921
6989,0.0212594201
340,0.0000000000
4540,0.0086047982
5737,0.0024659279
6054,0.0062829081
8855,0.0080950274
341,0.0000000000
2401,0.0019759362
7988,0.0077799255
342,0.0000000000
814,0.0044744214
3452,0.0116896693
4103,0.0115401175
4150,0.0093298183
4478,0.0097544963
6117,0.0154150678
6358,0.0191756243
343,0.0000000000
938,0.0017237394
1371,0.0028732162
1976,0.0032458794
2136,0.0064625845
4125,0.0130138158
8926,0.0109252323
8932,0.0118802039
8982,0.0091686486
7892,0.0115622454
8602,0.0159311464
9027,0.0117104433
345,0.0000000000
1151,0.0032524658
4095,0.0009146126
4306,0.0098852886
6227,0.0105592765
7903,0.0175120843
821,0.0011103122
1326,0.0039567625
3463,0.0063006806
3751,0.0064155628
4570,0.0050573259
5977,0.0056513204
6047,0.0086825697
1122,0.0015592711
2030,0.0029863262
2672,0.0052426894
6463,0.0060872377
7318,0.0097901208
7417,0.0134357188
348,0.0000000000
860,0.0030311317
2152,0.0038039904
4549,0.0161715697
5116,0.0034989035
8201,0.0071557291
8586,0.0138504332
9356,0.0116237378
9665,0.0090292841
9857,0.0180515002
402,0.0021322327
2688,0.0065521431
3025,0.0076553477
3634,0.0033798371
5352,0.0168613927
8052,0.0204824020
8591,0.0192982255
350,0.0000000000
2973,0.0103770918
3658,0.0049604398
5546,0.0154241854
6360,0.0098257635
7043,0.0046275509
8749,0.0138072681
9495,0.0110194351
9654,0.0254324612
1082,0.0043674997
1353,0.0010289343
2710,0.0100396479
2952,0.0069219645
2460,0.0069783161
3925,0.0070380115
5861,0.0088981664
5947,0.0060823813
8879,0.0185592438
5450,0.0078954527
5501,0.0256905042
7755,0.0159967990
7958,0.0101918485
9211,0.0152421207
9821,0.0106481915
9961,0.0099345180
354,0.0000000000
974,0.0063075820
2186,0.0093036129
2514,0.0076630332
3050,0.0089240621
4922,0.0149216240
6394,0.0109444719
6543,0.0070399943
6805,0.0064603873
7387,0.0226822227
935,0.0030712527
1120,0.0019332109
4319,0.0088032321
5911,0.0137587880
7590,0.0177662820
8268,0.0040982201
8568,0.0163076211
356,0.0000000000
3228,0.0050213871
5599,0.0127157881
357,0.0000000000
436,0.0010941525
600,0.0010941525
358,0.0000000000
5018,0.0132201695
5745,0.0113052461
6483,0.0156330779
6587,0.0092513839
9119,0.0124270275
9986,0.0086359724
359,0.0000000000
435,0.0017237930
746,0.0017237930
1285,0.0017237930
4826,0.0024140429
7485,0.0179159324
9303,0.0094408641
9524,0.0125971923
360,0.0000000000
5321,0.0047116308
8894,0.0109384372
9184,0.0064465335
1411,0.0044843239
1925,0.0051194224
2536,0.0060655515
2554,0.0137982053
4471,0.0159267876
5218,0.0104952285
5414,0.0108343223
6414,0.0155496364
7415,0.0210172704
7604,0.0102849655
1096,0.0005194508
1706,0.0054720649
5461,0.0050517283
7986,0.0071797033
9033,0.0117472633
363,0.0000000000
913,0.0032348985
5875,0.0105998128
6857,0.0141548475
6977,0.0044552256
8078,0.0061762640
8766,0.0081543385
9580,0.0207041879
9915,0.0068029506
364,0.0000000000
4571,0.0072830269
6124,0.0077385202
8100,0.0174526066
8761,0.0247054129
1998,0.0019332359
3392,0.0059550659
7203,0.0256624287
9277,0.0071225786
366,0.0000000000
1911,0.0070807164
2758,0.0118467403
2934,0.0098930361
4785,0.0120853328
9393,0.0106852160
9503,0.0072224788
1045,0.0068530649
1210,0.0035399431
2349,0.0073379306
2511,0.0028829265
2875,0.0034591200
3043,0.0032017398
3389,0.0070099517
5863,0.0101719632
6917,0.0137670931
7800,0.0068263908
368,0.0000000000
2486,0.0065050750
2686,0.0088581059
2702,0.0095892273
3016,0.0234049214
3996,0.0033728160
4963,0.0177526348
5868,0.0083885409
6155,0.0130909939
369,0.0000000000
1359,0.0036761428
2029,0.0021751977
3515,0.0050812647
5138,0.0227748166
5754,0.0172715495
9707,0.0131927950
370,0.0000000000
2229,0.0067090923
2431,0.0092594182
2630,0.0025324010
2762,0.0044501330
3559,0.0080393028
3586,0.0060937976
7595,0.0076698160
371,0.0000000000
478,0.0011450208
549,0.0011450208
2039,0.0042496404
2797,0.0025312999
5509,0.0027636085
7079,0.0038864005
8407,0.0161946870
8871,0.0059383147
372,0.0000000000
432,0.0025658903
1575,0.0016405909
1875,0.0031602004
3718,0.0118725950
4405,0.0108192905
4823,0.0058467839
9246,0.0114048375
755,0.0006149926
1249,0.0006149926
2370,0.0053353531
2673,0.0091026503
4741,0.0069817986
5411,0.0087649474
2463,0.0076103676
3915,0.0060042052
5457,0.0124581462
7582,0.0136690325
8122,0.0064213350
375,0.0000000000
461,0.0011692294
526,0.0011692294
1085,0.0020107272
7538,0.0104254416
8971,0.0157579910
9138,0.0139573889
9861,0.0028207538
376,0.0000000000
4212,0.0121889265
4968,0.0091661726
5254,0.0093694365
8919,0.0109865848
8942,0.0124186686
378,0.0000000000
1531,0.0030112548
2438,0.0025784415
3207,0.0073790830
3229,0.0064221218
3792,0.0111202742
3958,0.0133439337
4290,0.0110032517
5835,0.0116786182
7031,0.0072637921
7311,0.0073728942
8020,0.0198984475
8659,0.0156165811
8827,0.0216333748
380,0.0000000000
737,0.0012993442
4018,0.0165799180
6940,0.0093627996
8517,0.0117019734
2127,0.0028259440
7253,0.0170733332
7691,0.0047871352
9224,0.0158697925
4051,0.0088656284
4156,0.0094979766
6941,0.0115418183
1274,0.0074299760
1327,0.0061639270
1599,0.0056013260
2219,0.0042361036
5952,0.0077054804
6241,0.0072761087
7123,0.0122959212
7272,0.0117030962
7329,0.0152724095
8412,0.0114242203
907,0.0026236943
2119,0.0061128193
2641,0.0078088265
3692,0.0136708595
4447,0.0086943039
5423,0.0072328291
5713,0.0139875424
7347,0.0150682122
8453,0.0199671178
385,0.0000000000
2669,0.0090789652
4842,0.0088220060
6291,0.0102944981
6373,0.0129727923
6418,0.0152556449
8035,0.0280271212
2034,0.0068819578
2279,0.0108350477
2528,0.0066448400
3280,0.0136163913
4026,0.0140687233
4113,0.0068821203
4448,0.0160347971
6608,0.0119536228
7623,0.0128355350
7788,0.0219804996
8435,0.0074490675
8446,0.0159952194
8865,0.0162405910
9797,0.0145635926
387,0.0000000000
1460,0.0009795544
1719,0.0025932767
4692,0.0048457480
5814,0.0035290857
9885,0.0049468956
388,0.0000000000
2946,0.0056278887
3448,0.0139499087
3711,0.0086807836
3843,0.0049957002
4925,0.0227565015
6644,0.0163646545
7781,0.0148499817
9449,0.0129312771
389,0.0000000000
1634,0.0020153615
5914,0.0207750835
6224,0.0185984968
6396,0.0189708817
6727,0.0091758691
6971,0.0089887112
7300,0.0196996904
390,0.0000000000
1959,0.0032753443
5622,0.0008414978
9747,0.0288723017
391,0.0000000000
3493,0.0121655063
6871,0.0231911251
8133,0.0085753019
8386,0.0177954511
9388,0.0200635371
2054,0.0069899954
3837,0.0041677469
4086,0.0076348339
5505,0.0090989803
5967,0.0106474892
6884,0.0092034700
9696,0.0136715466
393,0.0000000000
1095,0.0019875509
3771,0.0054648436
645,0.0018284889
1430,0.0018284889
1670,0.0067913807
2193,0.0018284889
3936,0.0029728347
4756,0.0077345130
7028,0.0110656975
7201,0.0124101979
395,0.0000000000
440,0.0017716320
714,0.0017716320
867,0.0033177266
1581,0.0038825989
3893,0.0155727228
5760,0.0085233554
6953,0.0077018176
396,0.0000000000
1220,0.0005650944
2689,0.0050572810
4064,0.0092094145
8512,0.0087501607
397,0.0000000000
1611,0.0024275866
2734,0.0012887453
3026,0.0109371505
3766,0.0075683928
4294,0.0077048538
5542,0.0108821527
5625,0.0051304913
7400,0.0128912034
398,0.0000000000
555,0.0043855603
1332,0.0078663845
1846,0.0046745330
2858,0.0087202814
3076,0.0038229153
3935,0.0065642938
6996,0.0113444213
7672,0.0188414102
8554,0.0051727725
8651,0.0114170443
9851,0.0164702567
399,0.0000000000
763,0.0010080723
1056,0.0010080723
2254,0.0022327492
4772,0.0059265833
498,0.0006933924
5878,0.0045657617
6694,0.0074496342
8524,0.0112879047
401,0.0000000000
1761,0.0041432414
1800,0.0031012944
1855,0.0032172273
2319,0.0071952538
2879,0.0040782370
3483,0.0025695179
4082,0.0028292068
4197,0.0113918369
4881,0.0107919710
4911,0.0098773716
6522,0.0171113922
7785,0.0096656492
7818,0.0210012180
1373,0.0025011942
3352,0.0066515077
4377,0.0097457585
5702,0.0147013981
7841,0.0047370846
1177,0.0029743566
3232,0.0047626749
3695,0.0042137816
3777,0.0056300955
4642,0.0151075915
6389,0.0081723671
995,0.0015970335
2071,0.0043027195
5422,0.0058639844
8634,0.0214672664
8980,0.0243794225
405,0.0000000000
2426,0.0072469369
2899,0.0054608119
4746,0.0105486969
5071,0.0142766652
5516,0.0065188326
6207,0.0088219261
7044,0.0125106090
7175,0.0115789870
8924,0.0136390545
406,0.0000000000
578,0.0029098350
1049,0.0013649487
2160,0.0049865079
3201,0.0051102255
6161,0.0123271416
6864,0.0150778016
7946,0.0110065575
8818,0.0044491699
8858,0.0192029890
407,0.0000000000
1200,0.0015294402
2418,0.0045779136
3363,0.0071302443
9509,0.0100398584
408,0.0000000000
1870,0.0007971429
1966,0.0021705417
2357,0.0036586618
3789,0.0028198127
7010,0.0162068299
2613,0.0019006017
2976,0.0037138269
3512,0.0072867518
4110,0.0064810865
4836,0.0056133548
6215,0.0057373748
6687,0.0175845554
7395,0.0148305375
8399,0.0103298433
9181,0.0110640394
9212,0.0124312955
410,0.0000000000
873,0.0029810431
1286,0.0035217653
2351,0.0031253050
3678,0.0014107984
4791,0.0097496837
4939,0.0033717851
5452,0.0065021496
6163,0.0092060057
7170,0.0059330079
7265,0.0071001271
7444,0.0230450482
7463,0.0054504809
411,0.0000000000
2245,0.0081416440
5653,0.0044945954
6831,0.0155753690
8282,0.0038168363
412,0.0000000000
859,0.0016811051
1279,0.0016811051
4386,0.0067034964
5038,0.0092037214
5578,0.0120137109
5858,0.0025525235
7373,0.0202008740
9487,0.0069930281
413,0.0000000000
470,0.0012194256
5802,0.0104026012
8597,0.0147070330
9293,0.0362089149
414,0.0000000000
6225,0.0107317180
7427,0.0103886360
7430,0.0070070585
7676,0.0085121907
415,0.0000000000
1350,0.0023347953
2558,0.0047065419
4622,0.0071188383
5054,0.0054575692
7281,0.0154598236
7374,0.0090696414
8088,0.0175676637
8094,0.0058250331
416,0.0000000000
719,0.0006000580
1843,0.0044071475
2451,0.0033923861
7279,0.0160900028
417,0.0000000000
2456,0.0050250272
6164,0.0185439661
6385,0.0100304421
8283,0.0111127325
9285,0.0060431873
1796,0.0033052045
2707,0.0079794498
2939,0.0045644159
3434,0.0043409895
5078,0.0144067065
6162,0.0116755686
6724,0.0138895589
8102,0.0092812277
8715,0.0120864181
9519,0.0092859439
9588,0.0111411880
1502,0.0003245173
1571,0.0003245173
3482,0.0031282943
3597,0.0071627552
420,0.0000000000
705,0.0025069830
1199,0.0025069830
1419,0.0076714055
5087,0.0124340227
8862,0.0117401940
9824,0.0245983721
421,0.0000000000
652,0.0061216746
1305,0.0018740523
3018,0.0053535020
3358,0.0077850020
5797,0.0103386571
5965,0.0125000832
7765,0.0102755165
422,0.0000000000
6647,0.0112962053
8085,0.0132870133
8417,0.0171540495
3186,0.0017798098
3525,0.0052946918
6762,0.0101375991
7183,0.0196483367
8294,0.0085125914
9813,0.0121030135
9876,0.0096255933
424,0.0000000000
784,0.0042068341
1030,0.0047123613
1763,0.0044182829
3006,0.0094625216
4406,0.0128651624
4896,0.0124725188
5156,0.0074900677
7379,0.0267448824
425,0.0000000000
1965,0.0036609750
2273,0.0079041252
3993,0.0074648411
5981,0.0061484426
6486,0.0116587670
6521,0.0083875961
8086,0.0119422365
426,0.0000000000
2124,0.0077820274
2447,0.0091420180
2991,0.0033154935
3211,0.0035409822
5519,0.0233821090
6325,0.0118679871
7258,0.0146419217
8239,0.0123725274
9281,0.0150113165
1631,0.0104655109
2766,0.0034197013
8385,0.0113111545
8691,0.0091190595
631,0.0028146741
1700,0.0054354793
1736,0.0075063537
1884,0.0028146741
2221,0.0036898376
3031,0.0064187587
8022,0.0257899788
9041,0.0105356614
1482,0.0034797508
2432,0.0059225360
2761,0.0066148596
2770,0.0055409695
3519,0.0036516764
6812,0.0129105921
7102,0.0173540022
9604,0.0145644153
9756,0.0282777140
9996,0.0137896690
430,0.0000000000
1556,0.0041106861
2956,0.0047599450
5347,0.0161537878
5998,0.0118294583
6329,0.0040179592
7275,0.0131570994
7398,0.0100160419
9297,0.0089778146
9850,0.0136221316
9946,0.0102100997
431,0.0000000000
2206,0.0056814993
3929,0.0012195441
4636,0.0062566304
6290,0.0097777111
6381,0.0102758898
6646,0.0105480447
6955,0.0036872476
7698,0.0100133550
9595,0.0129027698
2224,0.0023783401
2639,0.0052995795
3143,0.0036029899
3157,0.0121232222
3318,0.0048282848
4379,0.0040677687
8243,0.0106237446
9162,0.0179809465
433,0.0000000000
5678,0.0162455050
6458,0.0108477244
6734,0.0098399963
7126,0.0117473444
9954,0.0189421627
9992,0.0064456906
434,0.0000000000
1380,0.0056146523
9298,0.0071449358
1312,0.0062892007
1469,0.0042124884
2897,0.0115615973
4776,0.0090086645
5358,0.0109399796
5774,0.0117077521
5903,0.0102066221
7677,0.0149015547
7801,0.0123495049
9485,0.0070995348
909,0.0009391688
3445,0.0069853496
4572,0.0060635820
5610,0.0095205938
6370,0.0103834785
471,0.0023319127
2481,0.0072413005
4101,0.0080004832
5035,0.0142199497
5290,0.0077010460
5839,0.0199101832
7889,0.0151019795
1261,0.0054569420
2603,0.0139897706
4932,0.0074649099
8112,0.0102917618
8251,0.0147811638
9352,0.0176281225
9766,0.0149821192
439,0.0000000000
3108,0.0021194376
3708,0.0070833665
4085,0.0048846635
6701,0.0071029043
6866,0.0171286812
1262,0.0022296995
1901,0.0034261399
3359,0.0099249385
3919,0.0055688532
441,0.0000000000
3580,0.0075396789
4104,0.0154111595
7098,0.0077740204
7112,0.0162011793
7297,0.0164170978
8316,0.0185299231
857,0.0028383609
1645,0.0056441012
3898,0.0090468218
4486,0.0097248125
7380,0.0206476366
9017,0.0123186349
9427,0.0149540225
9898,0.0114843936
443,0.0000000000
6237,0.0113384324
8153,0.0071848383
444,0.0000000000
925,0.0013611424
1127,0.0013611424
1185,0.0027093178
2829,0.0042219284
3231,0.0029628657
6084,0.0024742613
7001,0.0045691966
8701,0.0109272391
9075,0.0144256955
9955,0.0156266655
1009,0.0045806199
3522,0.0071706699
3799,0.0100888774
5409,0.0080053164
7304,0.0278345656
8308,0.0287100195
446,0.0000000000
4317,0.0089570328
6888,0.0239930480
8495,0.0197461275
447,0.0000000000
2540,0.0100588739
3584,0.0102316359
6221,0.0118155603
8211,0.0121701380
8745,0.0120476219
8878,0.0081278886
9521,0.0159985277
9554,0.0124742776
448,0.0000000000
1008,0.0010909664
2422,0.0096269022
4634,0.0091833771
5001,0.0124428534
6479,0.0030221361
1223,0.0065631549
2163,0.0122964646
2515,0.0055784159
3633,0.0073476078
5066,0.0096676461
6873,0.0128209114
7786,0.0107830757
8132,0.0049606003
8162,0.0128896122
450,0.0000000000
664,0.0028432010
3322,0.0048185731
4231,0.0148962577
4337,0.0061712606
5262,0.0099447425
5307,0.0158464510
6428,0.0121899947
7369,0.0083371593
7397,0.0224574441
8966,0.0122310755
9070,0.0215878188
451,0.0000000000
5135,0.0168756466
6366,0.0168488062
6618,0.0066976838
8160,0.0080937060
8387,0.0047215465
8852,0.0086408110
1343,0.0019104748
1974,0.0019104748
3985,0.0104656945
4460,0.0082155936
5634,0.0200297845
8323,0.0189945008
453,0.0000000000
1242,0.0033540352
4458,0.0146613054
4598,0.0056526533
6165,0.0061858664
7100,0.0252030447
7954,0.0201332035
8340,0.0110093603
454,0.0000000000
1159,0.0025918388
2164,0.0080273641
2904,0.0037705135
3064,0.0118573251
6190,0.0178773381
6484,0.0063050348
6920,0.0140723742
8440,0.0130303537
455,0.0000000000
492,0.0041633504
1246,0.0072137803
1691,0.0041633504
2676,0.0057134040
3164,0.0227206136
3204,0.0101394987
3366,0.0102874472
3763,0.0122409891
6103,0.0180709277
8469,0.0361442709
8945,0.0054550139
2931,0.0046025457
4850,0.0034866044
1040,0.0024027557
2472,0.0044601596
6770,0.0065360362
8548,0.0101751432
8769,0.0081514253
458,0.0000000000
2532,0.0046441340
4592,0.0077194783
9135,0.0066554125
459,0.0000000000
1729,0.0039727272
1836,0.0020091508
4561,0.0072612475
5020,0.0022694461
8049,0.0075264961
460,0.0000000000
1503,0.0051669969
4757,0.0110923437
4870,0.0071605467
7784,0.0075282288
4262,0.0059879113
7130,0.0124523989
7360,0.0041733157
8447,0.0163688210
462,0.0000000000
4959,0.0167510751
5912,0.0074790917
6055,0.0099416609
463,0.0000000000
582,0.0010197485
2681,0.0037190705
3477,0.0010197485
3583,0.0038799471
4260,0.0029077734
4691,0.0067583806
6492,0.0062434971
6578,0.0122211167
464,0.0000000000
665,0.0017999673
1389,0.0017999673
2003,0.0036524063
2108,0.0067473609
3175,0.0097157416
3619,0.0153210806
8551,0.0117609788
830,0.0049329520
1119,0.0054577790
4613,0.0164805131
5120,0.0056840152
7613,0.0160777989
8461,0.0175132323
466,0.0000000000
4426,0.0095574624
6719,0.0099011591
7708,0.0193321664
467,0.0000000000
5291,0.0104472709
7151,0.0071807839
7751,0.0069104411
468,0.0000000000
4229,0.0056553824
4910,0.0136717916
6169,0.0047051560
6270,0.0103007465
8936,0.0179263233
1880,0.0050924450
2798,0.0063175471
4209,0.0223213172
7799,0.0079053813
8301,0.0234712306
9458,0.0084946176
1511,0.0060904429
2937,0.0111305218
5681,0.0168219745
6410,0.0127342925
6663,0.0095813626
7445,0.0119542043
7864,0.0180250900
8614,0.0164403523
8918,0.0224984723
9516,0.0226184899
482,0.0006053306
3053,0.0033599631
5159,0.0038452754
7674,0.0169776804
472,0.0000000000
2259,0.0034220075
2834,0.0014218535
5739,0.0119456625
8348,0.0051233366
473,0.0000000000
892,0.0013512151
2227,0.0033779080
2466,0.0048545397
2708,0.0106276365
2715,0.0073047832
5761,0.0026611298
8366,0.0100302917
4385,0.0197355559
6842,0.0143034661
6964,0.0159767247
7470,0.0095007208
7547,0.0199579000
8810,0.0113507211
9655,0.0073127823
475,0.0000000000
2204,0.0052862763
4008,0.0067034213
4019,0.0129011957
4607,0.0187843308
7014,0.0077509046
8900,0.0070104192
669,0.0014733617
3226,0.0034331927
5677,0.0023607843
5892,0.0238669293
6939,0.0075343430
477,0.0000000000
2328,0.0027701167
3193,0.0121104646
5734,0.0125717363
5829,0.0034461218
8257,0.0113087590
8636,0.0086594725
1155,0.0063331954
1917,0.0078215146
5686,0.0139151878
7345,0.0126120444
7722,0.0156222743
9317,0.0113965133
9530,0.0466479616
2023,0.0031509087
7714,0.0097718533
9068,0.0162489107
480,0.0000000000
4838,0.0069747155
5956,0.0068695548
6264,0.0157265434
6933,0.0098388192
7614,0.0055756008
8948,0.0198907279
9964,0.0083174009
481,0.0000000000
5287,0.0136706427
5762,0.0034913314
1391,0.0049675249
5058,0.0140905641
6620,0.0066051646
7377,0.0196339282
483,0.0000000000
3124,0.0073213152
3408,0.0087549015
5458,0.0055167796
5648,0.0115270501
2642,0.0041833619
5623,0.0038312557
8892,0.0177894471
9671,0.0197432701
3830,0.0054238927
5137,0.0072101923
6126,0.0204554008
6422,0.0142973283
6822,0.0081892944
8428,0.0124228108
1888,0.0077698657
3547,0.0060379113
7506,0.0166679798
7907,0.0185813600
9038,0.0098654822
487,0.0000000000
1659,0.0031074443
1975,0.0034021243
1984,0.0060639496
2748,0.0048733025
2757,0.0028054347
2974,0.0018820816
4055,0.0050998025
5280,0.0091029750
6911,0.0080054974
7939,0.0061073907
8247,0.0220120548
488,0.0000000000
3077,0.0034827288
4461,0.0083189062
5547,0.0175865343
7259,0.0121399311
7688,0.0137195670
489,0.0000000000
881,0.0025573772
2334,0.0141135762
4237,0.0036415317
4526,0.0106789862
8046,0.0040912334
8475,0.0054144234
9985,0.0247820939
490,0.0000000000
2125,0.0067801312
3659,0.0101294626
7370,0.0279523779
9551,0.0120812807
491,0.0000000000
687,0.0038742362
2143,0.0043445385
2287,0.0012081876
4093,0.0081142206
4483,0.0074697143
6079,0.0061632092
7003,0.0068043133
9215,0.0124021007
660,0.0015849972
1847,0.0021743144
3241,0.0047776275
4312,0.0033592493
5624,0.0084382793
6538,0.0074271054
7625,0.0096628671
8317,0.0154609756
493,0.0000000000
3130,0.0061309374
7113,0.0208704241
775,0.0049883192
4004,0.0095387633
4048,0.0068127822
5114,0.0083490831
5345,0.0077042783
6539,0.0137754315
7421,0.0188540149
8337,0.0120039465
8716,0.0121127762
8751,0.0177714894
495,0.0000000000
916,0.0015999325
2345,0.0053975330
7771,0.0090117435
7959,0.0163887100
9213,0.0235557807
644,0.0011051615
5834,0.0163204481
7456,0.0051218410
8354,0.0058738947
9146,0.0149026365
497,0.0000000000
2427,0.0035561480
5907,0.0030650872
8306,0.0049961072
1413,0.0015967390
1994,0.0015967390
3938,0.0063844807
5055,0.0015967390
6516,0.0110204135
6605,0.0113764562
499,0.0000000000
4508,0.0104273793
5424,0.0055458844
5600,0.0135745338
7492,0.0077507484
500,0.0000000000
1298,0.0011272640
1646,0.0052810421
2567,0.0011272640
2999,0.0065692717
4155,0.0059856982
5670,0.0152416919
6096,0.0024185535
7009,0.0118557456
501,0.0000000000
2391,0.0041323356
3154,0.0118758146
4599,0.0078370087
8163,0.0125756795
8419,0.0220826326
9272,0.0149590734
502,0.0000000000
1887,0.0079393921
503,0.0000000000
5640,0.0114249228
6497,0.0181632830
6633,0.0154870397
7162,0.0034445668
7723,0.0082156214
678,0.0029615928
2380,0.0096010084
3069,0.0062498583
6729,0.0069431691
7007,0.0103959403
7060,0.0155637351
7254,0.0110613114
7255,0.0078413854
505,0.0000000000
4345,0.0022110213
6180,0.0081543861
9268,0.0151112858
506,0.0000000000
1878,0.0038200777
2122,0.0019102203
3354,0.0039558904
4793,0.0019102203
507,0.0000000000
1738,0.0017669456
4726,0.0106928691
5228,0.0101019989
752,0.0009214242
874,0.0009214242
2615,0.0077198677
3118,0.0009214242
3847,0.0043829532
5134,0.0111408660
9338,0.0122695553
509,0.0000000000
4074,0.0025098874
5982,0.0090561658
6192,0.0158599860
510,0.0000000000
1087,0.0033168032
2199,0.0046786676
3534,0.0102408072
4835,0.0195196936
6250,0.0071924829
8601,0.0106690147
9484,0.0334007214
9848,0.0124810194
511,0.0000000000
3613,0.0151588189
6814,0.0069636507
8139,0.0099582330
8534,0.0168260015
512,0.0000000000
615,0.0015197079
3093,0.0025324249
4678,0.0083019267
5724,0.0088355022
7291,0.0211943553
9370,0.0079141527
9534,0.0096863801
513,0.0000000000
811,0.0018419305
6583,0.0086616769
8237,0.0205725567
8728,0.0122847692
9158,0.0117477150
9409,0.0029919571
514,0.0000000000
4733,0.0039400857
5419,0.0072340803
5963,0.0053890704
8404,0.0186612016
768,0.0017518626
1905,0.0017518626
3394,0.0144794402
6573,0.0089399231
7795,0.0175485552
8025,0.0170491733
9052,0.0177118091
516,0.0000000000
3148,0.0012911084
3571,0.0067013208
4151,0.0030927432
4810,0.0052580269
5852,0.0025762545
6754,0.0089628233
8888,0.0098875383
9976,0.0157780932
517,0.0000000000
1028,0.0013615728
1451,0.0039667582
3255,0.0045254768
5920,0.0208860841
6369,0.0140572727
8613,0.0142391426
9668,0.0110536031
518,0.0000000000
2325,0.0026506647
2646,0.0035884432
4195,0.0026506647
8264,0.0181750373
9331,0.0221002495
9429,0.0093827224
9789,0.0118853867
9865,0.0118482866
949,0.0009305067
991,0.0009305067
1825,0.0057973206
2593,0.0052064382
5528,0.0044699017
7882,0.0088555447
9386,0.0129464974
520,0.0000000000
3462,0.0040712317
3788,0.0109347342
5502,0.0076588376
6255,0.0045378757
7770,0.0137064962
9767,0.0112892534
9951,0.0221749294
521,0.0000000000
1211,0.0008995034
3886,0.0087057050
4424,0.0051020387
4493,0.0053748019
5453,0.0024619979
5756,0.0069800992
522,0.0000000000
1852,0.0009592509
3650,0.0024468823
3854,0.0020772505
4097,0.0027884866
4380,0.0046092010
5849,0.0072488388
7173,0.0152378034
8324,0.0134097529
523,0.0000000000
5983,0.0187618556
7134,0.0073086576
7155,0.0180032215
524,0.0000000000
1146,0.0046378880
1813,0.0054966690
2008,0.0076278787
3385,0.0045856862
5303,0.0182509911
5550,0.0127892809
9258,0.0154059762
525,0.0000000000
2413,0.0078394601
3874,0.0060261192
1991,0.0132245084
3663,0.0100954348
3810,0.0135359953
4042,0.0063885810
4279,0.0072113933
5620,0.0128385765
5989,0.0093626428
6214,0.0062976110
1180,0.0037589811
5431,0.0124385077
5696,0.0073924462
6788,0.0148813359
9642,0.0202436707
5179,0.0105526405
5575,0.0119505734
7730,0.0074650830
8627,0.0136860417
9538,0.0200337215
1150,0.0011179996
1336,0.0014504008
2216,0.0030123579
7168,0.0120640574
9025,0.0226895211
530,0.0000000000
917,0.0037813132
1195,0.0019274272
1509,0.0019274272
4396,0.0063274784
6879,0.0113686718
7011,0.0127570563
7745,0.0103908316
8445,0.0174891417
9010,0.0143416335
531,0.0000000000
663,0.0018913656
955,0.0018913656
2244,0.0065068036
2728,0.0093115976
2771,0.0045300986
3599,0.0042832354
4867,0.0082548062
6429,0.0131166385
7828,0.0105069335
9125,0.0144986955
532,0.0000000000
2209,0.0023930846
2462,0.0096857672
3939,0.0084827844
4446,0.0051019708
6019,0.0173756139
7207,0.0086899700
7479,0.0069892764
533,0.0000000000
1496,0.0021561039
1945,0.0041145934
4338,0.0059993879
4611,0.0086832652
6981,0.0101877386
7019,0.0160854507
7052,0.0103081192
7348,0.0175738994
8490,0.0172339531
8541,0.0099348810
534,0.0000000000
2913,0.0077788451
3581,0.0048841629
4450,0.0115408225
5165,0.0089982883
6649,0.0174365831
8131,0.0146330021
8439,0.0156147389
1819,0.0034654812
3557,0.0067294789
4080,0.0045878647
4568,0.0021961588
4848,0.0135331849
6643,0.0135697957
8491,0.0118733667
9350,0.0124768742
536,0.0000000000
1474,0.0029781098
4527,0.0120775134
5189,0.0087395732
6111,0.0088372934
9062,0.0044138403
9970,0.0185351199
537,0.0000000000
6018,0.0050468396
9599,0.0221792614
2780,0.0036962368
4314,0.0061817130
4594,0.0126820176
4909,0.0090263548
5544,0.0099647772
8671,0.0059567360
539,0.0000000000
587,0.0033033875
1243,0.0044402521
1714,0.0033033875
3774,0.0073791931
5480,0.0102296092
6100,0.0137784556
8220,0.0199339295
8330,0.0204185114
9313,0.0211710575
540,0.0000000000
1362,0.0015469532
3117,0.0041441335
3829,0.0035908418
7321,0.0100721432
9422,0.0135893504
9878,0.0196756381
541,0.0000000000
884,0.0017566281
1546,0.0017566281
1636,0.0092270810
1897,0.0060849048
3387,0.0058803809
3441,0.0069827537
5261,0.0058592388
8064,0.0283877643
8226,0.0092040118
542,0.0000000000
1863,0.0094618830
2699,0.0049783144
3070,0.0060984958
3870,0.0147830112
7280,0.0090082575
543,0.0000000000
928,0.0021995509
3901,0.0060292760
5867,0.0013127536
8189,0.0077109208
8403,0.0131540803
2169,0.0027525077
4719,0.0075543532
8895,0.0151835707
545,0.0000000000
1133,0.0016717694
2063,0.0060386522
2297,0.0093289463
3701,0.0080690042
5644,0.0158391165
6384,0.0103722138
6821,0.0052657375
6961,0.0043344600
546,0.0000000000
2266,0.0082315759
4889,0.0056184152
7837,0.0159811821
1608,0.0059912142
2362,0.0036876511
2694,0.0096901191
5304,0.0093169429
7792,0.0107794061
8334,0.0162493557
9520,0.0062366502
1111,0.0037220864
1304,0.0045907543
1355,0.0020001540
2960,0.0083652979
3019,0.0086546738
8177,0.0083839586
550,0.0000000000
1641,0.0036420346
1900,0.0057808184
2027,0.0018824715
3323,0.0061033042
4072,0.0039732851
6036,0.0099472292
8829,0.0163981355
3384,0.0050092875
4709,0.0098183771
4935,0.0109272084
5006,0.0101878865
5131,0.0098951148
5703,0.0120551501
5809,0.0138520593
8351,0.0075459616
552,0.0000000000
5401,0.0174628935
1569,0.0034031936
2092,0.0025446488
2918,0.0045439171
6804,0.0108443245
7897,0.0159577814
9471,0.0092059290
554,0.0000000000
2826,0.0072513175
3109,0.0030835960
3729,0.0040213246
3794,0.0056088640
5147,0.0059942751
5990,0.0126275267
3123,0.0081177839
3203,0.0114838407
4307,0.0026726675
2880,0.0016341877
3422,0.0063852846
4558,0.0163178780
4693,0.0066699631
2772,0.0032615797
3282,0.0073712259
8185,0.0064443639
558,0.0000000000
1014,0.0008770111
1580,0.0013193555
3909,0.0101180924
7567,0.0126422668
7767,0.0078991083
8539,0.0177440703
573,0.0011980317
812,0.0011980317
7659,0.0080802726
9046,0.0265386408
6431,0.0101911317
7333,0.0066105774
8483,0.0114258084
9178,0.0084783120
6983,0.0162926561
1311,0.0040404628
1740,0.0070183164
2906,0.0046622788
3672,0.0090748810
4049,0.0045392948
6337,0.0160705107
6551,0.0130028625
7644,0.0165070723
9935,0.0109539414
4864,0.0034242572
5282,0.0078922504
7273,0.0083096619
8995,0.0043852542
3375,0.0079379004
3497,0.0037740822
4840,0.0069571698
5184,0.0119007379
7153,0.0087816932
566,0.0000000000
2579,0.0012126379
5155,0.0080356453
3008,0.0021462201
5269,0.0106277643
6402,0.0209878926
6997,0.0218014224
568,0.0000000000
1017,0.0017698225
3278,0.0066994106
4353,0.0103446899
6648,0.0087645830
7236,0.0087498986
7402,0.0057706409
8216,0.0286506361
569,0.0000000000
1229,0.0013961260
2139,0.0051436627
4180,0.0044188674
5663,0.0125604018
6626,0.0166518083
8004,0.0107120626
570,0.0000000000
2338,0.0073353662
3171,0.0060877212
4168,0.0080187371
5619,0.0066193119
7637,0.0133505236
8393,0.0173336051
571,0.0000000000
965,0.0066505738
1393,0.0070915016
2203,0.0021119009
3750,0.0030204235
3817,0.0108866969
3873,0.0039462379
5350,0.0052305002
7846,0.0111181483
572,0.0000000000
604,0.0009661849
1669,0.0071139587
3474,0.0068785485
9715,0.0096460393
7584,0.0146476661
8712,0.0066186609
2443,0.0059237638
2849,0.0095097783
3608,0.0052688600
5108,0.0100144509
5319,0.0150001888
7471,0.0128139583
8455,0.0226704153
9567,0.0124031029
575,0.0000000000
908,0.0016149895
4213,0.0089651004
4305,0.0043368635
5503,0.0122361680
8650,0.0227788348
8734,0.0287874489
576,0.0000000000
1679,0.0019855628
1775,0.0037410797
2968,0.0063028435
6723,0.0157107387
6854,0.0202365370
7115,0.0113748527
2429,0.0116125804
3862,0.0065382776
4672,0.0164116048
4718,0.0052178037
5311,0.0097623344
1752,0.0054821748
6466,0.0148976850
7210,0.0252767628
9922,0.0060898308
579,0.0000000000
1026,0.0016797394
1039,0.0016797394
5824,0.0158400829
8380,0.0273322421
8692,0.0096320133
607,0.0020367641
4111,0.0078431824
5016,0.0101475305
5395,0.0092687438
6043,0.0194922099
9216,0.0082710671
581,0.0000000000
2543,0.0046114334
3235,0.0032376919
5671,0.0068393710
8875,0.0062922173
836,0.0024018755
1027,0.0040312751
1664,0.0042623206
2492,0.0024018755
2726,0.0104917377
3297,0.0073417174
6172,0.0037433792
7630,0.0067167307
584,0.0000000000
1703,0.0049531946
2366,0.0049764466
2724,0.0066334974
3685,0.0111497793
5288,0.0148405863
6993,0.0186745913
9582,0.0114092954
585,0.0000000000
1892,0.0051466011
2894,0.0067888295
3661,0.0064682909
4754,0.0125070332
5972,0.0071726748
6588,0.0179055451
6601,0.0109590832
7032,0.0036233836
1289,0.0027607853
1459,0.0054214401
1621,0.0022318339
3617,0.0084681332
2668,0.0005912063
8188,0.0068546904
1236,0.0017352358
1414,0.0039450355
2281,0.0070753246
8920,0.0118243198
9515,0.0107537205
9839,0.0097600895
589,0.0000000000
1288,0.0008569376
1475,0.0008569376
4584,0.0037893539
4612,0.0048675644
4988,0.0044122356
8039,0.0082098179
590,0.0000000000
1301,0.0009626835
2483,0.0024503149
4000,0.0037059813
5605,0.0043561482
7095,0.0080807465
8905,0.0068906134
591,0.0000000000
4943,0.0075353802
7759,0.0078180769
592,0.0000000000
3158,0.0026487646
3844,0.0077395324
4480,0.0046251340
6853,0.0048585337
7740,0.0124714841
8571,0.0166176332
8972,0.0147483872
9404,0.0108475090
9967,0.0150004186
593,0.0000000000
766,0.0013060384
2417,0.0048910113
2818,0.0067283576
5075,0.0034463305
5883,0.0055188681
6567,0.0132741405
6914,0.0055807483
7106,0.0081189071
594,0.0000000000
1006,0.0009492999
2985,0.0050085208
6686,0.0158518618
6747,0.0057809583
7653,0.0103658780
595,0.0000000000
1795,0.0028800620
2395,0.0052608963
3236,0.0077797691
4301,0.0061694753
4971,0.0092498170
5125,0.0100351532
9938,0.0069988251
2397,0.0091003628
2779,0.0021375395
2877,0.0088567664
4668,0.0050764566
5530,0.0085454047
9371,0.0256642408
597,0.0000000000
2424,0.0096087941
3720,0.0085276913
3875,0.0089106101
4430,0.0103642524
5115,0.0083870166
6528,0.0199995302
6952,0.0150617647
7973,0.0122300006
8228,0.0106979155
598,0.0000000000
6308,0.0036604023
7533,0.0168821451
9359,0.0128343853
1160,0.0036570911
1822,0.0047975868
4329,0.0082903955
6314,0.0081767735
9698,0.0217481273
1176,0.0030471028
2655,0.0110601081
5236,0.0090212276
6562,0.0114987644
8583,0.0067476199
9346,0.0196758967
601,0.0000000000
1627,0.0053528477
5478,0.0036316680
1281,0.0010112827
1941,0.0010112827
4333,0.0020975089
7058,0.0128564352
8036,0.0103857632
9201,0.0132048044
3185,0.0049540321
4286,0.0093350102
4740,0.0044467433
6063,0.0171161354
9663,0.0171305395
1163,0.0023215955
1877,0.0040771124
3554,0.0131688393
4455,0.0130840241
5609,0.0135388449
5730,0.0066735176
8471,0.0121397019
8665,0.0110436970
9718,0.0105677367
2647,0.0078424094
3530,0.0070996433
4802,0.0167683198
8961,0.0070539932
9945,0.0127824819
1542,0.0072169987
2082,0.0081119847
2271,0.0011418131
608,0.0000000000
1024,0.0017714991
2781,0.0043180623
2852,0.0017714991
7087,0.0085712500
7845,0.0174796495
9846,0.0116427944
609,0.0000000000
730,0.0008848196
1999,0.0008848196
6239,0.0086285819
7071,0.0220631368
8563,0.0070325671
610,0.0000000000
671,0.0013848039
1156,0.0031656609
3702,0.0081761203
3822,0.0071125680
8111,0.0051331426
8639,0.0180720325
994,0.0014515907
2992,0.0110487026
7466,0.0083596086
7923,0.0170654586
4079,0.0088064015
5100,0.0080123090
6261,0.0226632545
613,0.0000000000
1113,0.0024236382
1940,0.0024236382
2457,0.0069346244
2756,0.0077129542
4679,0.0172569640
5299,0.0085081198
2459,0.0043210638
2666,0.0050785048
3716,0.0026566451
7490,0.0081929867
9271,0.0103181260
9853,0.0154575275
5795,0.0166216992
6514,0.0112399902
9849,0.0236142364
616,0.0000000000
4775,0.0094655090
5830,0.0089122761
617,0.0000000000
3290,0.0026126308
3347,0.0047896125
4467,0.0120355650
5854,0.0141941268
6156,0.0132780435
7917,0.0047288533
618,0.0000000000
3196,0.0063385934
7831,0.0030662951
619,0.0000000000
1743,0.0051474230
2530,0.0103689703
2727,0.0079233369
4326,0.0075743954
4330,0.0034586194
4876,0.0060126432
4995,0.0209015663
7458,0.0155936819
8921,0.0138610781
621,0.0000000000
757,0.0016748202
1384,0.0037454517
3127,0.0037907170
6040,0.0204186720
6913,0.0124661354
7434,0.0095381462
7545,0.0091238407
622,0.0000000000
2064,0.0015950275
3259,0.0039205240
3960,0.0047157904
8143,0.0124933794
9662,0.0142877421
2226,0.0038094479
2415,0.0043171572
2725,0.0010149379
6119,0.0083037642
6159,0.0065550722
8368,0.0052556327
8877,0.0166001418
780,0.0016582254
4123,0.0069895972
9529,0.0167852230
625,0.0000000000
4372,0.0053063642
1365,0.0009499117
1683,0.0009499117
6705,0.0035933999
627,0.0000000000
2377,0.0033060960
4316,0.0065836377
5651,0.0117424856
6730,0.0092485738
6907,0.0136184069
7971,0.0171252446
3153,0.0039572339
5882,0.0104375081
8462,0.0134209893
4218,0.0058907403
5672,0.0060603270
6267,0.0117358945
8664,0.0126154767
8753,0.0080308328
8839,0.0142147474
9294,0.0105694693
630,0.0000000000
1238,0.0040837888
6943,0.0229417799
8408,0.0126256167
9054,0.0062429360
2571,0.0052628875
5351,0.0090154169
632,0.0000000000
1143,0.0021937310
6038,0.0159556519
7185,0.0107691132
8067,0.0144042254
3414,0.0041420866
4847,0.0038965249
9932,0.0056554943
1055,0.0014600744
2753,0.0033027020
6765,0.0132506875
7534,0.0120391413
9073,0.0129881378
635,0.0000000000
5259,0.0027717945
7717,0.0071642038
828,0.0056075684
1192,0.0095462209
1398,0.0056075684
1845,0.0067788084
2474,0.0117611399
3168,0.0069918965
5204,0.0172756006
5995,0.0191241446
6956,0.0182797311
7689,0.0228933738
9058,0.0120328637
637,0.0000000000
2367,0.0034518795
3818,0.0005025047
4148,0.0048013352
4440,0.0067491663
6229,0.0088844400
5874,0.0104408877
639,0.0000000000
4061,0.0107085929
5664,0.0105006272
6790,0.0102789551
9886,0.0057757150
640,0.0000000000
844,0.0018272675
4216,0.0058575209
9413,0.0305969410
3900,0.0074184954
5000,0.0099576234
6256,0.0161182082
7945,0.0162469022
8677,0.0269187257
8731,0.0145323822
8938,0.0092803644
9357,0.0166077027
642,0.0000000000
1115,0.0062509116
4849,0.0056612769
6641,0.0140339101
6826,0.0091111452
643,0.0000000000
1080,0.0039017086
2657,0.0035809856
5082,0.0075918224
7821,0.0196436428
9134,0.0147463673
1561,0.0028683936
2059,0.0028683936
3296,0.0055724755
4706,0.0145634502
4908,0.0135118444
6584,0.0129838460
6681,0.0115836993
9454,0.0137514479
3336,0.0059527377
7160,0.0154507475
7179,0.0051602634
9469,0.0192539820
1052,0.0045022897
1722,0.0024262624
4099,0.0206918489
5454,0.0109153764
6041,0.0149673246
7449,0.0062071686
647,0.0000000000
4518,0.0174212854
5532,0.0116523122
6058,0.0099403854
8305,0.0146478621
8460,0.0128545724
4808,0.0181406961
6707,0.0129746852
649,0.0000000000
1179,0.0030285061
1345,0.0055994659
722,0.0021453064
3119,0.0126152915
4553,0.0109633185
5813,0.0059528766
7626,0.0144954701
651,0.0000000000
747,0.0012897042
1829,0.0012897042
7452,0.0090418752
8698,0.0079765194
1939,0.0017144408
4953,0.0028692719
6042,0.0033851122
6936,0.0084885963
8213,0.0164336030
8466,0.0063652463
1034,0.0020562003
1230,0.0006594815
9176,0.0066709426
654,0.0000000000
4134,0.0016640271
6560,0.0112417584
7039,0.0127441057
8041,0.0101762759
1294,0.0038820724
1401,0.0067266540
3709,0.0119926373
4022,0.0127321943
4062,0.0102411084
5490,0.0098931615
6344,0.0104664672
6481,0.0144179781
6772,0.0107634294
7144,0.0190367659
8811,0.0263373439
9774,0.0150723706
9794,0.0122254656
656,0.0000000000
2648,0.0016998082
2743,0.0027932398
3888,0.0110753331
3979,0.0063486873
4722,0.0052346082
6243,0.0088424628
6244,0.0095472054
7597,0.0115396778
8277,0.0106610855
975,0.0026896408
1801,0.0071165160
3646,0.0039215978
4720,0.0053757352
8121,0.0071865502
9569,0.0117479864
1519,0.0036605827
1666,0.0010314559
2716,0.0048981951
3302,0.0086527334
5248,0.0044905793
659,0.0000000000
2509,0.0030961743
5777,0.0087701283
2884,0.0101902300
2986,0.0129515232
3223,0.0064831816
5656,0.0157152573
9741,0.0112522604
661,0.0000000000
3983,0.0047108003
662,0.0000000000
5048,0.0080178768
5957,0.0111068599
6279,0.0016937803
6630,0.0108516720
1607,0.0103690498
4902,0.0046078767
4996,0.0063387969
5356,0.0087357016
5460,0.0101559711
8647,0.0126758117
2682,0.0054490243
3456,0.0027531435
7256,0.0153869502
7381,0.0072421236
9376,0.0154886395
2516,0.0066023190
3190,0.0034795570
3604,0.0036250003
5649,0.0119438796
7240,0.0133948595
7338,0.0128005187
2284,0.0013474987
2594,0.0071803431
4649,0.0034853281
5068,0.0070438700
7215,0.0238939648
9923,0.0052688104
667,0.0000000000
2384,0.0097888493
7754,0.0225698273
9358,0.0150914104
1452,0.0018960779
1930,0.0046695424
2633,0.0092275032
5924,0.0071118522
6206,0.0039148351
8415,0.0048114893
9415,0.0050803839
1367,0.0023492722
2308,0.0017216862
1588,0.0016394165
2352,0.0016394165
3784,0.0045092502
888,0.0017235721
1088,0.0017235721
6464,0.0091462861
7213,0.0095691915
672,0.0000000000
2442,0.0010030295
4257,0.0061028407
4965,0.0039220600
6582,0.0093241470
673,0.0000000000
1073,0.0021109669
3379,0.0041528935
6525,0.0130523971
7695,0.0064639774
8032,0.0055663309
9676,0.0187356450
674,0.0000000000
2909,0.0045549596
3824,0.0023619888
5404,0.0095183259
9109,0.0112628226
675,0.0000000000
4166,0.0069959069
5283,0.0112449643
7813,0.0073710831
9792,0.0060439154
5229,0.0112745219
5831,0.0096646680
6069,0.0148297059
6231,0.0127622292
9712,0.0184913103
677,0.0000000000
944,0.0030980141
5596,0.0128196652
6086,0.0134238014
5906,0.0102552702
710,0.0046198497
735,0.0022636703
1629,0.0046467593
5367,0.0097776343
5427,0.0045573445
5971,0.0126971802
6189,0.0096038886
7118,0.0102010579
7756,0.0095006036
680,0.0000000000
820,0.0018006894
2717,0.0061251713
3954,0.0018006894
4659,0.0114671428
6088,0.0041861564
7097,0.0078143974
8195,0.0085384979
681,0.0000000000
1585,0.0029039228
2099,0.0038257673
4630,0.0015046322
6462,0.0265780408
8957,0.0060776127
9111,0.0138501222
3589,0.0064147065
4635,0.0187551359
7663,0.0084778812
8657,0.0190140865
683,0.0000000000
1106,0.0001774312
1372,0.0006184511
7852,0.0094411622
684,0.0000000000
2267,0.0023210928
685,0.0000000000
4477,0.0092968422
4890,0.0045106038
5915,0.0100438877
6623,0.0126870325
7460,0.0049346083
7829,0.0134626149
8300,0.0090130177
9793,0.0087944617
3215,0.0086227937
3220,0.0090771108
3399,0.0093732538
3590,0.0081160085
5467,0.0082465489
5746,0.0206997723
6891,0.0093937947
7242,0.0134786078
7731,0.0131112595
8253,0.0158785702
4475,0.0045407881
6053,0.0064887289
7589,0.0199431200
688,0.0000000000
1429,0.0019650083
3457,0.0048452282
4261,0.0097216805
6405,0.0129060100
8320,0.0115991225
8882,0.0091573920
4047,0.0112443943
933,0.0011388413
4681,0.0075411007
6021,0.0065852566
691,0.0000000000
4309,0.0120099424
8479,0.0213008939
8727,0.0132231052
692,0.0000000000
2354,0.0029258536
2711,0.0180858087
3103,0.0077956304
6198,0.0044617040
693,0.0000000000
5593,0.0073042691
7013,0.0129442346
7587,0.0128738340
948,0.0025858590
1936,0.0081502537
1993,0.0058077023
2564,0.0065562072
3791,0.0168495865
5200,0.0035607598
8310,0.0151620441
8697,0.0179078762
695,0.0000000000
2149,0.0056895148
2223,0.0032495706
2575,0.0032495706
4795,0.0103058480
5474,0.0143119868
6708,0.0120792540
7228,0.0109297719
696,0.0000000000
767,0.0036780176
1465,0.0036780176
3276,0.0073502393
3451,0.0122008042
4944,0.0114503235
6025,0.0132699473
6901,0.0180414503
7423,0.0176474755
9950,0.0249118371
3055,0.0050380367
3169,0.0065708858
4065,0.0137821056
6470,0.0219690166
7192,0.0115223538
3438,0.0127814238
3813,0.0096413826
5479,0.0113523198
5485,0.0093713883
699,0.0000000000
760,0.0027920418
1958,0.0032695046
4725,0.0042484295
5789,0.0077602851
6919,0.0152832232
7050,0.0165261075
2930,0.0057665359
6498,0.0116610259
6848,0.0073792376
7865,0.0108024345
2600,0.0143610301
2634,0.0078569051
3667,0.0069291011
3834,0.0056676237
7638,0.0138683519
8114,0.0162126623
9740,0.0160716505
9776,0.0124394210
1552,0.0052498224
5930,0.0205045359
7128,0.0102744739
8683,0.0198539703
9144,0.0142633947
4595,0.0070853066
1835,0.0046270487
4462,0.0151692521
5838,0.0118736094
6035,0.0118302783
8441,0.0092623413
2234,0.0074848558
7389,0.0242525148
7843,0.0096933625
3964,0.0060408775
3967,0.0077051909
4300,0.0073817724
7047,0.0101814810
8438,0.0106606388
9228,0.0146501814
9619,0.0153080122
9910,0.0224272676
1616,0.0040056130
2313,0.0031384569
3602,0.0070508593
4181,0.0120895663
5661,0.0039490911
6249,0.0059594814
8349,0.0074340085
9972,0.0078458181
3684,0.0084971855
4278,0.0059770399
5162,0.0033570512
6066,0.0184691107
6226,0.0147291552
6520,0.0107987251
6978,0.0148010341
8804,0.0075975239
976,0.0037161094
5655,0.0119916667
6149,0.0117807009
7593,0.0139978490
8180,0.0149262175
795,0.0006539578
712,0.0000000000
1985,0.0034372593
2701,0.0025192478
5009,0.0033131120
5168,0.0092409147
6070,0.0128567464
6105,0.0090867619
7710,0.0097830262
8757,0.0178773980
847,0.0014219199
745,0.0024087029
2155,0.0024087029
2625,0.0048379832
4603,0.0098708452
6387,0.0184227774
8590,0.0250857463
8775,0.0070525581
715,0.0000000000
1191,0.0021569841
2590,0.0067428137
4153,0.0088816776
9593,0.0187586424
9807,0.0107046660
1674,0.0035859433
3950,0.0101288372
6013,0.0133599325
6834,0.0109533719
717,0.0000000000
932,0.0028445816
5475,0.0193138530
6650,0.0124263393
7943,0.0056660686
9198,0.0131173207
9257,0.0119221973
740,0.0011741862
2616,0.0025148869
5295,0.0036323520
5986,0.0041965183
8615,0.0066372962
8643,0.0197955911
9640,0.0082392254
1601,0.0040153526
5698,0.0056555469
6345,0.0070077492
6652,0.0106660648
9550,0.0107582041
3665,0.0126986991
3785,0.0022114535
5097,0.0087779363
5757,0.0051631035
6148,0.0116415136
6233,0.0068765516
6499,0.0074817963
721,0.0000000000
7581,0.0086724344
7902,0.0089779128
8922,0.0114852979
891,0.0017633969
2290,0.0090018784
3402,0.0092784891
4804,0.0160152763
7237,0.0093513725
723,0.0000000000
7332,0.0180523381
7693,0.0077457319
9417,0.0075035912
9713,0.0090518949
2098,0.0063069145
4871,0.0080367344
6064,0.0074995121
6507,0.0118848249
7732,0.0183249571
725,0.0000000000
5045,0.0130230600
5320,0.0077095771
5978,0.0087770964
8793,0.0128266634
2945,0.0053148643
3443,0.0100006507
4009,0.0064166211
7993,0.0110254365
727,0.0000000000
1749,0.0063779145
2714,0.0030383344
4583,0.0067564861
4906,0.0149521291
5750,0.0078000170
7575,0.0119717310
9587,0.0129109502
9651,0.0174607330
9709,0.0227088151
728,0.0000000000
6204,0.0077088550
7209,0.0150865945
7671,0.0123666527
7936,0.0048980969
7955,0.0126519250
9947,0.0103009041
1361,0.0016611469
2305,0.0016171522
7068,0.0059678449
7553,0.0113160384
8126,0.0129211634
8834,0.0068325394
731,0.0000000000
1141,0.0036193859
1375,0.0025776505
3095,0.0033934737
6452,0.0117132750
7309,0.0174353048
7854,0.0118371407
9007,0.0116135934
787,0.0020339422
8612,0.0078529877
9650,0.0157726763
1136,0.0019568010
5555,0.0166031510
6672,0.0149295934
8705,0.0105133497
734,0.0000000000
2222,0.0073966447
2961,0.0104925682
7436,0.0155765240
7440,0.0101021055
8526,0.0187729125
3923,0.0091290172
4883,0.0098508365
5268,0.0112725147
8985,0.0219753701
9223,0.0059752958
9543,0.0120091536
796,0.0008148136
4350,0.0022994609
4929,0.0041844712
738,0.0000000000
6972,0.0239871815
739,0.0000000000
1638,0.0040937467
1751,0.0038361259
7833,0.0092449367
5223,0.0153047060
7409,0.0091694861
9151,0.0148156934
1798,0.0042828094
1943,0.0024381111
5150,0.0078876677
8444,0.0123496846
5252,0.0081089734
9270,0.0151518226
9719,0.0110062161
9889,0.0221883090
743,0.0000000000
2144,0.0035256544
2923,0.0024000989
3945,0.0037156488
5410,0.0182974224
8342,0.0060499553
744,0.0000000000
1831,0.0015353071
4416,0.0015353071
4815,0.0085697062
9616,0.0074905051
2467,0.0078987765
6750,0.0158039556
9814,0.0218754986
3003,0.0051133190
9188,0.0061812764
9396,0.0083859105
9817,0.0091078262
3072,0.0024723811
7633,0.0113759816
748,0.0000000000
1687,0.0015360587
3636,0.0022086924
3648,0.0085012326
5743,0.0161181150
9325,0.0293524538
971,0.0023937184
1734,0.0037308268
3205,0.0046861753
3827,0.0027640787
4560,0.0072429245
4966,0.0194089160
8115,0.0082211818
8230,0.0095382148
8329,0.0159695904
9705,0.0097862196
750,0.0000000000
1117,0.0017523829
4456,0.0050603403
7551,0.0155924456
9026,0.0123666972
751,0.0000000000
931,0.0007572251
2435,0.0007572251
4500,0.0067745537
4825,0.0081734666
5895,0.0084483655
6828,0.0100245419
1951,0.0005958056
3094,0.0039691160
3952,0.0034815299
5617,0.0088442306
9123,0.0120098543
9247,0.0054750350
753,0.0000000000
2809,0.0044477719
4399,0.0070967346
4946,0.0025799498
5371,0.0094601955
6179,0.0080364710
9871,0.0172160521
754,0.0000000000
2075,0.0055413143
2504,0.0017304131
6127,0.0028569799
6506,0.0099923915
756,0.0000000000
2588,0.0082050102
937,0.0016753131
6711,0.0146532232
7328,0.0092552017
7647,0.0169656125
758,0.0000000000
8157,0.0088046235
8625,0.0134484407
759,0.0000000000
1820,0.0054473156
970,0.0018076684
2951,0.0044135988
6783,0.0115626916
8388,0.0041552994
9395,0.0084536637
761,0.0000000000
3136,0.0013628968
8925,0.0165829902
2853,0.0038682501
7914,0.0146491781
1501,0.0037121824
2792,0.0080645111
5806,0.0085432367
8217,0.0179352472
8624,0.0093859716
764,0.0000000000
6882,0.0114213427
8732,0.0100969882
9397,0.0180713193
765,0.0000000000
940,0.0016731048
2437,0.0016731048
7296,0.0075557754
8311,0.0228834973
4615,0.0102376122
6048,0.0080915848
7386,0.0070092183
9425,0.0242154402
969,0.0013967187
1521,0.0013967187
7176,0.0270124251
7560,0.0228617777
7937,0.0080417154
2412,0.0032583859
3271,0.0043028845
9428,0.0066052769
769,0.0000000000
855,0.0023405510
2730,0.0144946729
2887,0.0074740179
5652,0.0030506516
6847,0.0039996114
7464,0.0092251909
8621,0.0203316359
770,0.0000000000
1539,0.0009561637
1682,0.0009561637
6789,0.0094154956
7497,0.0066699869
771,0.0000000000
1603,0.0008488034
1774,0.0018904516
3470,0.0053523446
4206,0.0068768964
6863,0.0076257815
772,0.0000000000
1015,0.0040158026
4133,0.0102200850
5934,0.0155966533
5966,0.0043538636
9555,0.0149314040
2989,0.0070783371
4173,0.0033109964
6868,0.0080053504
774,0.0000000000
1158,0.0017837043
1314,0.0017837043
1649,0.0017837043
2759,0.0017837043
3060,0.0017837043
6859,0.0094154943
5614,0.0057543643
8537,0.0095929235
9896,0.0065615134
776,0.0000000000
2449,0.0032704300
5153,0.0117160316
6697,0.0078328185
7156,0.0234038254
777,0.0000000000
2994,0.0041918013
3406,0.0069720334
4126,0.0109835207
5348,0.0077497928
6283,0.0151417893
7262,0.0085463339
8128,0.0200913467
778,0.0000000000
1873,0.0023375117
2374,0.0026379015
2535,0.0040463752
5944,0.0090635022
9173,0.0065998599
2452,0.0051073083
4703,0.0082002577
9960,0.0158701698
879,0.0022185893
2917,0.0036991742
4263,0.0099130601
4798,0.0057804990
6870,0.0129081349
781,0.0000000000
4413,0.0147908596
7425,0.0165464329
782,0.0000000000
3047,0.0069677090
3166,0.0028314658
4013,0.0019314455
4555,0.0064719648
4680,0.0099983807
5773,0.0133981704
7085,0.0083282107
8270,0.0098893848
9082,0.0144262166
783,0.0000000000
3905,0.0095956187
6742,0.0127932941
9764,0.0221238005
4409,0.0083784995
4755,0.0062484912
5436,0.0107972207
5628,0.0167646436
1488,0.0048173915
6617,0.0048865015
1650,0.0035861118
3326,0.0072304517
3436,0.0101211636
5786,0.0114625333
5827,0.0126608645
7532,0.0069074279
2142,0.0014625274
3034,0.0067555680
1467,0.0054843709
3832,0.0034925860
8066,0.0133465587
789,0.0000000000
1490,0.0017027005
2476,0.0051370979
5197,0.0060402878
8156,0.0084011586
9230,0.0068601358
790,0.0000000000
864,0.0025430099
4404,0.0053236970
5515,0.0136214209
6491,0.0270763542
8577,0.0140971874
9243,0.0248835621
2574,0.0015336497
4031,0.0068077734
9118,0.0079986899
792,0.0000000000
2262,0.0020737111
5359,0.0059487758
5851,0.0025433274
6637,0.0133045657
8658,0.0228597506
9091,0.0114776550
793,0.0000000000
3075,0.0011269921
8043,0.0166677676
8450,0.0062548692
1368,0.0037319323
5230,0.0166585296
6935,0.0089055118
3587,0.0070365385
3612,0.0060463254
3656,0.0063242123
3727,0.0023263957
5443,0.0149213716
8141,0.0072786796
8790,0.0032243525
4511,0.0050669281
5158,0.0106764232
5364,0.0078970239
5512,0.0129144170
7244,0.0079999898
7320,0.0094863657
797,0.0000000000
6690,0.0101799511
8752,0.0086597236
798,0.0000000000
4394,0.0056133551
4770,0.0087467141
799,0.0000000000
1533,0.0028620244
9525,0.0081757506
2582,0.0055835997
2870,0.0090537217
3030,0.0073260332
4144,0.0081875585
5434,0.0114522722
6531,0.0082118912
7572,0.0163589539
7643,0.0170048666
9182,0.0101364072
9183,0.0078480369
801,0.0000000000
7120,0.0056300300
8848,0.0214301999
803,0.0000000000
1518,0.0055326785
3494,0.0058582618
4646,0.0116379995
6193,0.0183030322
804,0.0000000000
2872,0.0025322273
4481,0.0047129749
7645,0.0176390878
8423,0.0053157765
3062,0.0076072816
3349,0.0053197460
4789,0.0156567642
6118,0.0122384117
806,0.0000000000
1351,0.0013878938
1663,0.0038866918
2310,0.0013878938
6076,0.0109317155
6487,0.0096181577
8694,0.0151923867
807,0.0000000000
3524,0.0081610429
7956,0.0097550648
9170,0.0221274283
9956,0.0206606797
808,0.0000000000
1434,0.0026100127
4389,0.0177374399
5208,0.0062506158
5417,0.0068856811
6398,0.0078786896
7420,0.0100767228
7910,0.0289315211
9155,0.0057205331
4252,0.0084781803
4349,0.0055322632
5397,0.0120744602
5694,0.0077433871
5921,0.0108096223
1047,0.0017894472
2765,0.0082905008
4705,0.0058875855
7764,0.0196299174
8360,0.0143725654
9953,0.0157416558
5357,0.0107692181
5449,0.0055898998
8841,0.0140541796
3544,0.0076478111
7197,0.0091012839
7305,0.0129128928
7876,0.0165215860
9512,0.0129009497
9695,0.0188231232
1310,0.0071924298
1526,0.0083254475
1528,0.0034308940
3074,0.0078336610
3853,0.0148831878
5669,0.0096728684
8868,0.0174936991
9765,0.0127270064
1610,0.0012403639
3560,0.0042360345
5959,0.0117463239
6625,0.0147332378
5212,0.0074263777
5333,0.0107208920
5958,0.0051268184
816,0.0000000000
1590,0.0018195354
2428,0.0038291728
3085,0.0018195354
8152,0.0174069676
8679,0.0204969278
1253,0.0025920702
4303,0.0045472711
5650,0.0066237218
8902,0.0068468782
819,0.0000000000
1035,0.0024594469
1480,0.0041334655
1948,0.0038331100
2261,0.0024594469
3163,0.0040101508
7432,0.0089001493
7996,0.0164759115
8016,0.0133801541
8661,0.0126375758
2137,0.0019527148
862,0.0026269754
3849,0.0056356777
4566,0.0033013283
5709,0.0039089367
5836,0.0060356091
7413,0.0116464799
7997,0.0063776006
8013,0.0284336507
9615,0.0106614994
822,0.0000000000
7446,0.0157395876
5779,0.0090736423
6995,0.0054310831
9087,0.0131261519
824,0.0000000000
5010,0.0056455856
6197,0.0100203635
6624,0.0163508126
6785,0.0058184497
7330,0.0128479923
8073,0.0129844821
9501,0.0089300382
825,0.0000000000
1101,0.0020634637
2622,0.0089819746
5332,0.0072352090
826,0.0000000000
1105,0.0039932720
3669,0.0094783393
5025,0.0067981832
827,0.0000000000
2674,0.0035978629
3647,0.0104145380
3759,0.0065567514
3770,0.0129958811
4759,0.0079944097
7211,0.0097973703
8582,0.0291241380
4522,0.0029731256
4997,0.0008240211
6476,0.0053851089
829,0.0000000000
2379,0.0025150971
8838,0.0194574968
1694,0.0016491398
4045,0.0039814535
4557,0.0098387376
831,0.0000000000
3803,0.0132626488
5343,0.0105539069
6099,0.0131656340
9164,0.0084949114
832,0.0000000000
2214,0.0007142617
7940,0.0053678596
1038,0.0034612259
4142,0.0064177160
9343,0.0136900756
9643,0.0135817486
834,0.0000000000
1173,0.0019777602
1321,0.0034244593
1654,0.0048436619
4243,0.0053404462
9737,0.0129500184
9802,0.0083410483
9856,0.0125349201
2296,0.0024782880
3195,0.0061291739
4289,0.0045396166
4585,0.0056741037
6973,0.0079781597
850,0.0010624142
1114,0.0010624142
1439,0.0039487262
6307,0.0064195237
6795,0.0114496597
837,0.0000000000
1011,0.0043682920
1037,0.0043682920
2396,0.0043682920
3343,0.0082697440
5112,0.0095749706
7289,0.0223314285
7428,0.0084464225
7979,0.0111892716
1639,0.0061208923
5489,0.0136311359
6367,0.0069412767
6412,0.0031063924
8181,0.0092922756
839,0.0000000000
6962,0.0222553730
7331,0.0300247502
8884,0.0086206892
9477,0.0093768012
1850,0.0063240741
3260,0.0102591663
3758,0.0070898536
5557,0.0102172584
5853,0.0042830046
6881,0.0103195196
9894,0.0123407744
6944,0.0045945685
7429,0.0161010032
8118,0.0126945310
1816,0.0031092258
8318,0.0070920743
8669,0.0057105788
8772,0.0076546110
1776,0.0013857011
3035,0.0057427087
3605,0.0035584996
7124,0.0086149063
7757,0.0144494760
2217,0.0034311089
2886,0.0060603097
4236,0.0038479636
5207,0.0048353215
5260,0.0126164922
5993,0.0111286656
8252,0.0117375203
4575,0.0091634313
8463,0.0103924445
9625,0.0123147869
848,0.0000000000
3101,0.0070382649
5102,0.0164239544
7725,0.0125854063
8065,0.0149406567
849,0.0000000000
962,0.0032073775
3532,0.0048951776
9104,0.0053894788
9121,0.0177054114
9743,0.0331744328
7276,0.0079599121
8986,0.0061648804
9321,0.0058145336
1673,0.0036335723
3141,0.0057531139
4360,0.0042789126
5909,0.0157092402
852,0.0000000000
7059,0.0121338929
8821,0.0112475341
853,0.0000000000
1594,0.0059814740
2202,0.0028933794
2816,0.0068304518
3748,0.0055638924
8136,0.0174689805
1458,0.0021991895
2477,0.0047483026
2997,0.0042472782
5232,0.0126086266
6371,0.0055392718
7858,0.0073184891
856,0.0000000000
6351,0.0073825529
6685,0.0204219424
858,0.0000000000
9335,0.0047332698
9699,0.0084197981
1573,0.0005856943
6430,0.0035014841
861,0.0000000000
2966,0.0100531818
7615,0.0178422712
3485,0.0046508029
7187,0.0103024948
1922,0.0017924883
6212,0.0081816418
6247,0.0079844269
7327,0.0131866026
8130,0.0087387715
8427,0.0153537527
3914,0.0090265793
5234,0.0090730258
7849,0.0113187798
865,0.0000000000
5015,0.0056214421
8684,0.0142158258
9100,0.0120053631
866,0.0000000000
1212,0.0012106709
2360,0.0028737153
4171,0.0079566141
1754,0.0030826634
1944,0.0030826634
5583,0.0126835347
8807,0.0255575129
9997,0.0195221056
868,0.0000000000
2015,0.0036557418
3537,0.0046983869
8296,0.0164469943
8352,0.0038941929
9596,0.0065581772
869,0.0000000000
2643,0.0058947474
3177,0.0048511215
7678,0.0098104040
870,0.0000000000
885,0.0013121458
2011,0.0032750235
8106,0.0110814029
9872,0.0151453789
1260,0.0030828142
1773,0.0030828142
2546,0.0063398834
6577,0.0098684950
8499,0.0064396256
872,0.0000000000
982,0.0004238072
1793,0.0004238072
3681,0.0081633448
3872,0.0015837046
4945,0.0068565544
7749,0.0070007099
896,0.0010416482
7609,0.0175328086
8002,0.0117924887
2068,0.0055885409
4830,0.0049610381
7610,0.0079215767
875,0.0000000000
2128,0.0082548259
3772,0.0088690266
6222,0.0188886287
6478,0.0052349658
6931,0.0141019749
876,0.0000000000
3174,0.0095382336
4516,0.0125465117
9115,0.0084885766
1059,0.0013733989
3446,0.0031568154
6680,0.0087436198
7515,0.0199540248
8241,0.0127103587
9645,0.0119641828
878,0.0000000000
4573,0.0169160544
5124,0.0079866657
5172,0.0155061159
6460,0.0029598416
9691,0.0208354491
9931,0.0187714537
3623,0.0068386020
5633,0.0069091577
6026,0.0186251847
7092,0.0127960742
880,0.0000000000
5029,0.0082580166
5233,0.0030396298
7365,0.0136831868
1308,0.0015993837
4855,0.0051563665
8713,0.0092412526
1547,0.0030368283
4188,0.0085741850
4230,0.0090739416
8076,0.0073517855
883,0.0000000000
9478,0.0198839685
3435,0.0105622363
4624,0.0214518002
6034,0.0101602864
6175,0.0127127373
1162,0.0024015780
4657,0.0137537263
4660,0.0060903496
7483,0.0150035644
9480,0.0145667199
886,0.0000000000
1789,0.0044251017
2635,0.0056510607
5439,0.0053660588
9666,0.0065529445
9675,0.0076629469
887,0.0000000000
2920,0.0049822061
1092,0.0024692439
4898,0.0085239262
5913,0.0071988011
6027,0.0096048684
6057,0.0092339550
6496,0.0125214882
8843,0.0122065590
9549,0.0219009113
3921,0.0121852684
6301,0.0046088130
6960,0.0073809360
2028,0.0023505581
8787,0.0055245162
1036,0.0018315696
5844,0.0128039358
5975,0.0161535724
9253,0.0075851882
9626,0.0083869640
1558,0.0027458199
6186,0.0078263536
8187,0.0250792241
893,0.0000000000
4711,0.0161822795
4964,0.0135569235
5017,0.0061512538
9069,0.0144553021
894,0.0000000000
3539,0.0027710667
4980,0.0066279227
5372,0.0022911796
6328,0.0063275283
6425,0.0044245465
895,0.0000000000
2311,0.0014461331
3825,0.0067464005
5933,0.0183031639
7796,0.0132552923
4536,0.0068748855
5808,0.0066481022
9936,0.0131781922
897,0.0000000000
903,0.0007132536
1927,0.0007132536
3312,0.0017268433
5391,0.0059994943
898,0.0000000000
5562,0.0129734871
9044,0.0132963492
1396,0.0049105509
3009,0.0047430929
3285,0.0055526064
6409,0.0172177580
8955,0.0066615841
3106,0.0048793318
4341,0.0048733325
4748,0.0068751068
9827,0.0110366893
1072,0.0010934316
1462,0.0010934316
3955,0.0018015961
6488,0.0083426346
6748,0.0046277585
8448,0.0137006161
1410,0.0075032537
5339,0.0062149094
8054,0.0115060777
3116,0.0033577265
5720,0.0059683136
7835,0.0096282150
8791,0.0107855261
904,0.0000000000
1987,0.0020493357
4363,0.0022251278
7018,0.0058954278
9895,0.0080444811
905,0.0000000000
1828,0.0030059433
1871,0.0014363888
2819,0.0029856143
7859,0.0128296136
906,0.0000000000
8507,0.0207612047
9780,0.0106746437
1421,0.0017678343
9844,0.0157955241
9959,0.0170140853
2170,0.0031850804
2767,0.0029852195
8561,0.0065581998
910,0.0000000000
2465,0.0018800130
6674,0.0134281301
8242,0.0204122969
911,0.0000000000
1272,0.0021371912
2312,0.0034323233
2331,0.0021371912
7596,0.0042945782
1166,0.0017988098
8363,0.0094398180
914,0.0000000000
2851,0.0076379730
3007,0.0068768029
3028,0.0060428867
3172,0.0084538830
4927,0.0183382763
6346,0.0102107264
8817,0.0180769078
9561,0.0120198158
1444,0.0009180115
2150,0.0026347809
3066,0.0029009397
3150,0.0037433491
7762,0.0141208759
9884,0.0097136342
9979,0.0081587634
5790,0.0062644921
9594,0.0094317008
918,0.0000000000
2464,0.0020124778
4298,0.0073237142
6490,0.0069385608
5629,0.0131237550
7481,0.0105794616
7679,0.0146242595
921,0.0000000000
3527,0.0077021334
3610,0.0014301493
4201,0.0014301493
4520,0.0109203335
4834,0.0060393127
922,0.0000000000
2653,0.0045721587
6008,0.0024285675
6092,0.0065916798
923,0.0000000000
2179,0.0055875819
2458,0.0034378181
6421,0.0083496563
7878,0.0153263415
924,0.0000000000
1895,0.0039209704
4248,0.0144574963
7194,0.0216303635
9826,0.0067433837
1420,0.0013515700
3188,0.0020215145
9735,0.0147382334
926,0.0000000000
943,0.0015489456
1124,0.0015489456
5383,0.0116053051
6635,0.0074704592
6784,0.0099896493
927,0.0000000000
2746,0.0018238877
4273,0.0081007528
8174,0.0130172659
1947,0.0035527502
929,0.0000000000
2618,0.0056877315
6938,0.0186254831
7947,0.0189656391
5251,0.0054474340
9733,0.0029500111
5710,0.0014562051
6482,0.0068810760
2619,0.0030226495
7686,0.0125065722
1007,0.0016274413
7015,0.0120906283
8161,0.0038644955
1051,0.0010605305
5518,0.0128527480
9995,0.0169517099
3182,0.0017815278
3261,0.0086394738
4924,0.0040043384
8276,0.0110377592
4130,0.0130514923
4276,0.0037075305
4550,0.0023123749
5740,0.0042125929
7798,0.0081020619
8532,0.0129152791
3670,0.0041759338
6330,0.0052718523
7351,0.0170879587
7895,0.0083639685
3680,0.0038083004
4395,0.0116070011
7667,0.0208004670
7668,0.0129469531
941,0.0000000000
979,0.0008572502
2208,0.0008572502
1194,0.0028366139
2111,0.0028366139
5180,0.0073670232
5285,0.0080174497
6512,0.0155923283
6706,0.0110071658
8736,0.0095315295
9085,0.0174850626
9187,0.0185640784
9323,0.0290564025
1811,0.0079462240
2070,0.0058640657
6906,0.0211906813
2333,0.0122490159
2732,0.0044489450
7887,0.0092159080
1812,0.0112304875
3566,0.0056231062
4771,0.0142759677
7288,0.0206440996
9306,0.0287131220
947,0.0000000000
3377,0.0048153855
3910,0.0067821569
9646,0.0119974054
6083,0.0116358691
6728,0.0053267245
7243,0.0076263631
9351,0.0207822117
9559,0.0125535442
9562,0.0071003719
1712,0.0050949012
2141,0.0075563608
5418,0.0070864402
8674,0.0158375122
950,0.0000000000
1814,0.0034327037
3913,0.0054419639
4052,0.0025771958
5205,0.0038728228
7962,0.0217640679
9296,0.0134481574
951,0.0000000000
2148,0.0062429831
4437,0.0132658662
1931,0.0075726580
2156,0.0007081646
4539,0.0041100332
8714,0.0151928165
954,0.0000000000
3922,0.0043680577
4647,0.0073048431
5031,0.0049370645
5052,0.0064017418
5464,0.0031996920
8685,0.0105954443
6094,0.0076481488
6442,0.0051122677
7453,0.0153588559
7888,0.0180688840
8740,0.0101023295
956,0.0000000000
1830,0.0005426539
4342,0.0060985812
7072,0.0084960965
1537,0.0047746903
2207,0.0033391389
2740,0.0030138891
3079,0.0023656275
3145,0.0033486746
7158,0.0088217169
1952,0.0073159226
2295,0.0043934307
6669,0.0095248848
7037,0.0075121593
7081,0.0162996558
7838,0.0156688060
7960,0.0066266970
8876,0.0093480217
9652,0.0134469755
9929,0.0089593542
959,0.0000000000
960,0.0000000000
961,0.0000000000
1142,0.0004357885
2729,0.0004357885
8266,0.0063832361
8280,0.0050005400
4523,0.0085276303
5860,0.0161547199
7193,0.0127020671
7527,0.0097025449
963,0.0000000000
4179,0.0156083820
5119,0.0099573724
5274,0.0026263214
9837,0.0104724177
964,0.0000000000
1188,0.0023524511
6752,0.0124468984
9523,0.0134492028
2309,0.0029555226
7893,0.0210437040
9918,0.0157901373
2403,0.0024993499
6136,0.0061652409
2215,0.0008842478
3752,0.0069305108
8154,0.0063791333
9860,0.0112806597
1438,0.0012621795
3042,0.0042840916
6194,0.0040419384
2044,0.0003906982
3105,0.0012333101
4220,0.0014745616
4822,0.0050789021
3308,0.0034698993
4658,0.0119993513
7504,0.0101136644
7972,0.0115709818
9541,0.0171819899
2177,0.0060026813
2520,0.0048707169
4223,0.0116609196
4991,0.0092894219
7530,0.0164940392
972,0.0000000000
1657,0.0009943150
7091,0.0132149720
7127,0.0096133153
9771,0.0127215484
973,0.0000000000
2598,0.0051993850
2636,0.0049014400
3013,0.0042609429
5047,0.0021739707
5855,0.0072030273
1041,0.0013781867
1720,0.0013781867
3757,0.0039523803
6535,0.0066234871
8529,0.0081301040
6395,0.0014513994
6779,0.0131317498
977,0.0000000000
3917,0.0049174950
9983,0.0085751028
978,0.0000000000
4116,0.0075492146
8091,0.0202290870
8721,0.0122652307
1593,0.0033395801
3683,0.0136811918
6916,0.0143181352
9127,0.0085835179
9209,0.0192485378
980,0.0000000000
3263,0.0081458568
4541,0.0081354625
7062,0.0101985677
9239,0.0207330819
981,0.0000000000
1717,0.0010787531
2347,0.0010787531
3024,0.0030103138
3057,0.0031387865
2102,0.0061263223
5792,0.0151307195
6217,0.0156001933
983,0.0000000000
2804,0.0047948239
5477,0.0077595882
5727,0.0102065088
984,0.0000000000
3865,0.0006593170
6400,0.0033077451
6419,0.0090523634
985,0.0000000000
5718,0.0040910330
9172,0.0189967576
9295,0.0120539574
3578,0.0083022608
3931,0.0112836534
4687,0.0074372049
1428,0.0014325365
3088,0.0058655295
3733,0.0039851590
4620,0.0107188014
7443,0.0220197101
988,0.0000000000
2400,0.0023119498
2534,0.0061172591
2983,0.0044155518
4025,0.0042554833
5673,0.0129093457
1418,0.0051283525
3393,0.0034795144
3823,0.0056239031
5738,0.0092383518
6113,0.0127331585
2275,0.0063173013
6894,0.0062114903
7216,0.0070119872
9664,0.0096554700
4904,0.0129978379
5237,0.0081103811
6580,0.0075898584
992,0.0000000000
5938,0.0147530207
993,0.0000000000
4368,0.0095337149
4974,0.0090956289
7621,0.0113608269
8580,0.0207301509
1818,0.0019852251
3398,0.0034541264
6453,0.0047538389
8416,0.0150582515
2103,0.0047674311
997,0.0000000000
3246,0.0014099538
5201,0.0070042043
7375,0.0096517167
9199,0.0038464528
2018,0.0010408732
4017,0.0050939839
6595,0.0064254115
7008,0.0090795239
8686,0.0173776207
9866,0.0117332908
4954,0.0067852236
6613,0.0074768683
6846,0.0131790870
7388,0.0189026241
7713,0.0150458688
7823,0.0091547900
1000,0.0000000000
4433,0.0079760299
5051,0.0087905687
6722,0.0093661596
2814,0.0067379759
3654,0.0085073185
4254,0.0054686312
7933,0.0139075550
1002,0.0000000000
7803,0.0083668552
9020,0.0115200335
1003,0.0000000000
1228,0.0016227558
5130,0.0230845586
5216,0.0118487467
7131,0.0071792071
1004,0.0000000000
5315,0.0059579087
8593,0.0114463356
1005,0.0000000000
3152,0.0021441049
3140,0.0047329302
4162,0.0210822038
4697,0.0102253546
5363,0.0139366175
9319,0.0049901284
3883,0.0097928226
8569,0.0110452785
2755,0.0082054916
4420,0.0088020587
4983,0.0120989344
4626,0.0068551373
5442,0.0057124563
7520,0.0084347105
7537,0.0118274444
8531,0.0084672891
9880,0.0140211530
1013,0.0000000000
1348,0.0009903196
5445,0.0045106552
5494,0.0118850655
5937,0.0009903196
8558,0.0065789712
1970,0.0010421206
3753,0.0107331230
5943,0.0024018386
2576,0.0064394009
2921,0.0137826026
5582,0.0073340978
8898,0.0210368449
1016,0.0000000000
5768,0.0129439493
7313,0.0176578132
8014,0.0192005304
8047,0.0151128262
8402,0.0116236630
1018,0.0000000000
1153,0.0012002942
5375,0.0108807967
6874,0.0081337380
8588,0.0034280753
1019,0.0000000000
1997,0.0031635472
8215,0.0121783847
2533,0.0056680738
5675,0.0069202225
6142,0.0294938614
8573,0.0116038302
8574,0.0143039010
1021,0.0000000000
3378,0.0017362694
6840,0.0105074856
7495,0.0184769293
8006,0.0267679362
1022,0.0000000000
4933,0.0071345443
6827,0.0087911577
1023,0.0000000000
1409,0.0016910847
5368,0.0142908186
5896,0.0141621519
7392,0.0133263565
8552,0.0073570735
1025,0.0000000000
1093,0.0010013893
1982,0.0010013893
2491,0.0040027118
2843,0.0069215194
2387,0.0007276751
3487,0.0018388047
3558,0.0023614690
3765,0.0020111838
7146,0.0076839322
7224,0.0037928549
8259,0.0108804404
6213,0.0099973366
9920,0.0136346275
1029,0.0000000000
4094,0.0042796832
6415,0.0057249934
3858,0.0100629435
4184,0.0154094347
9226,0.0101107065
2013,0.0006835605
9463,0.0123601271
1032,0.0000000000
4272,0.0082820516
4284,0.0156730674
9005,0.0091312129
1033,0.0000000000
3731,0.0054427692
7172,0.0109169354
2529,0.0043897545
5534,0.0061545550
5929,0.0098397202
5949,0.0114790103
1536,0.0024372497
2123,0.0118224605
2865,0.0043653948
3090,0.0039226157
4799,0.0083280179
6751,0.0052445574
7161,0.0118137161
9532,0.0082670917
9574,0.0221605677
2002,0.0084128656
2977,0.0052277112
3138,0.0043926206
5984,0.0059714205
7990,0.0108187569
9578,0.0124505578
1476,0.0013159855
2321,0.0013159855
5785,0.0042309172
5821,0.0050556470
6898,0.0108184597
8825,0.0149931323
4465,0.0136098072
6473,0.0034803274
8720,0.0130202871
2837,0.0063817461
3218,0.0025530399
3889,0.0195416548
4431,0.0081586958
5842,0.0108082325
1042,0.0000000000
1746,0.0038043997
3821,0.0196529080
7660,0.0185787891
9656,0.0116419260
5296,0.0081478983
5641,0.0178879317
9994,0.0059513524
3579,0.0088705756
3722,0.0038127597
7422,0.0155719983
8090,0.0233765811
8222,0.0096531541
1644,0.0009197614
1932,0.0035412032
3797,0.0025029304
5226,0.0098075880
2555,0.0077835790
5430,0.0046769370
7685,0.0154710320
7790,0.0126108603
2670,0.0029874170
5086,0.0082623132
1048,0.0000000000
2671,0.0050545674
3744,0.0077276439
4685,0.0042327662
2187,0.0011368645
5923,0.0104553327
8952,0.0132095015
1277,0.0006745881
4358,0.0059822013
5324,0.0150896026
9402,0.0132476374
4421,0.0097015325
1053,0.0000000000
4487,0.0053703294
6709,0.0239155285
1054,0.0000000000
8758,0.0185930648
9307,0.0116813936
1128,0.0011996775
1097,0.0021476688
6060,0.0212133776
7457,0.0067041668
8409,0.0066567719
8432,0.0171758643
1057,0.0000000000
2095,0.0052965997
3941,0.0100160805
6782,0.0114435451
7938,0.0113455758
8511,0.0303598951
3492,0.0116668093
2723,0.0046879109
4161,0.0134998489
6951,0.0251722203
7964,0.0115449018
2749,0.0092808519
3214,0.0122023877
3776,0.0042735374
4807,0.0053580586
5289,0.0074224197
5635,0.0065361487
7810,0.0109095024
9394,0.0161689762
1062,0.0000000000
1586,0.0021561950
3866,0.0047374767
6080,0.0110477413
7157,0.0197935429
2665,0.0062904708
2801,0.0067486415
5199,0.0127239474
8197,0.0134843462
8857,0.0072200728
1064,0.0000000000
4225,0.0049095092
1157,0.0012328169
3806,0.0081476608
8570,0.0261856276
3277,0.0048192955
1067,0.0000000000
1237,0.0021238771
2419,0.0099809678
2521,0.0107170920
2562,0.0060249629
9129,0.0080669988
1068,0.0000000000
3526,0.0073018861
4670,0.0111546845
4993,0.0069986166
5685,0.0077851764
3254,0.0127546044
3857,0.0040252147
4749,0.0038920820
1070,0.0000000000
4565,0.0091014336
5235,0.0097141247
5890,0.0110411917
5979,0.0118643000
2871,0.0026273179
4545,0.0153962070
4497,0.0135182312
9064,0.0125510838
2614,0.0074748017
5322,0.0076109661
7624,0.0127768139
1957,0.0021464472
1075,0.0000000000
4120,0.0025000446
7607,0.0096267514
3779,0.0014867304
4764,0.0050657428
5569,0.0147210343
7222,0.0040838072
1077,0.0000000000
3725,0.0118752991
6278,0.0116611287
8081,0.0100672708
9734,0.0242450611
1078,0.0000000000
1328,0.0025820324
1705,0.0009653725
3270,0.0020236570
6339,0.0116481713
5611,0.0062253856
8655,0.0073719955
8706,0.0062280944
9290,0.0098542329
1081,0.0000000000
1148,0.0022414262
7089,0.0096932724
8070,0.0103410867
5007,0.0136697685
9405,0.0080591380
1083,0.0000000000
2026,0.0025771899
3087,0.0040398590
6554,0.0035146772
8946,0.0047655807
1084,0.0000000000
1790,0.0026681366
5117,0.0133918427
9999,0.0022053348
1086,0.0000000000
6071,0.0086522663
8303,0.0119003144
9661,0.0235029153
1715,0.0064940317
3591,0.0064694470
5448,0.0051009003
1170,0.0009724555
9702,0.0114919414
1089,0.0000000000
1653,0.0046598646
2006,0.0051446750
2185,0.0018269480
5864,0.0095626026
8357,0.0101087728
1090,0.0000000000
2764,0.0037089514
4160,0.0065275845
8777,0.0073291691
1091,0.0000000000
3995,0.0027956221
4124,0.0068001020
9280,0.0053648210
7995,0.0093555186
6081,0.0063016963
9610,0.0062174916
7619,0.0169247636
8644,0.0115340134
9811,0.0068675330
4643,0.0022027220
5023,0.0060340431
8958,0.0081959149
9577,0.0069128504
1325,0.0012851597
1787,0.0022691711
2301,0.0012851597
6271,0.0132677856
3641,0.0058501028
5927,0.0067051517
7736,0.0111131064
7974,0.0108539466
9030,0.0067013479
3357,0.0082794525
4203,0.0096489674
6579,0.0123983422
6774,0.0192709770
7727,0.0075398095
7885,0.0095605505
9768,0.0145896095
3543,0.0083947205
1100,0.0000000000
1808,0.0023338695
1986,0.0086619087
7521,0.0153926564
2339,0.0073278061
6454,0.0133910058
1726,0.0027345666
2892,0.0044156070
3433,0.0032949861
5810,0.0056944071
1103,0.0000000000
5446,0.0183463922
7528,0.0125217762
7605,0.0236926868
9552,0.0066635392
1104,0.0000000000
2373,0.0080311879
3907,0.0096020513
5880,0.0110961392
6399,0.0101034306
7576,0.0200019449
7650,0.0180408763
2501,0.0047272321
7356,0.0109596928
1623,0.0043143822
2088,0.0018970103
8042,0.0074486797
8370,0.0159396733
8400,0.0156862595
1107,0.0000000000
3425,0.0022780223
4905,0.0028574363
4752,0.0096005356
7274,0.0146497462
8262,0.0097457491
1109,0.0000000000
4444,0.0066989839
4650,0.0132647887
9043,0.0052209674
9782,0.0124546575
2174,0.0048635072
3773,0.0057978728
5741,0.0102282658
6121,0.0124634084
6423,0.0083317499
6631,0.0137153202
1370,0.0009391919
4501,0.0076219499
7586,0.0115554434
3500,0.0144507024
4761,0.0096886010
8328,0.0073005965
2659,0.0017839138
6830,0.0084146713
2454,0.0076676970
2842,0.0069492071
3576,0.0080909796
2343,0.0041949290
2955,0.0025318846
7704,0.0199059302
4753,0.0102725818
6145,0.0214244800
1235,0.0042961629
2656,0.0068925671
4494,0.0114184200
4559,0.0094568304
7326,0.0180469827
9481,0.0153255501
9739,0.0201605712
3626,0.0074379078
5498,0.0054726797
7082,0.0101985273
8605,0.0077335047
1171,0.0008650786
1758,0.0008650786
2272,0.0008650786
4700,0.0117053751
6074,0.0030605944
7906,0.0102662881
6698,0.0081342675
7077,0.0070067192
1121,0.0000000000
2490,0.0033264556
2573,0.0013736631
4589,0.0035816819
6675,0.0042128162
2344,0.0045713214
4370,0.0043798580
1213,0.0022226216
5784,0.0226056598
4255,0.0059279660
6809,0.0049473942
1126,0.0000000000
1889,0.0003798721
6545,0.0145688527
2817,0.0023345874
6248,0.0118930252
7178,0.0114850528
7985,0.0214685540
2787,0.0016166599
3067,0.0067483070
4673,0.0146107996
5483,0.0058397623
4215,0.0034902649
7761,0.0182011734
9496,0.0122354465
1352,0.0020436423
4773,0.0077173339
1132,0.0000000000
2470,0.0055611483
3040,0.0028302328
5564,0.0090790997
9459,0.0071444724
5554,0.0120891670
8096,0.0118374420
9598,0.0172773852
9653,0.0149935888
1135,0.0000000000
4106,0.0084016674
4274,0.0051789991
4960,0.0048220111
8768,0.0087804599
9251,0.0086576397
1137,0.0000000000
2067,0.0012863398
7926,0.0137349084
5044,0.0083926928
8028,0.0042920530
9697,0.0076323235
1139,0.0000000000
5662,0.0094115277
9933,0.0169830027
1140,0.0000000000
1658,0.0024987980
9507,0.0185469357
9875,0.0178888241
3245,0.0075081409
2190,0.0052651630
2251,0.0029173494
2916,0.0049366170
6921,0.0068184571
1597,0.0009745876
5932,0.0100842836
1145,0.0000000000
3473,0.0110915869
4096,0.0071981543
4137,0.0030005878
4397,0.0020196974
7268,0.0024768650
2433,0.0083507544
3243,0.0063613839
3449,0.0084582154
9348,0.0077957911
1147,0.0000000000
4998,0.0029718944
7451,0.0175008086
7665,0.0080197738
7107,0.0039454584
8939,0.0059721761
2827,0.0015474076
4863,0.0036855630
9269,0.0077580738
1909,0.0027359543
3999,0.0041712481
8298,0.0132027957
6413,0.0045557769
7190,0.0146372906
9828,0.0132390320
3800,0.0007990422
6007,0.0053170066
1154,0.0000000000
1323,0.0018646734
1684,0.0018646734
2751,0.0078745145
4653,0.0099790498
7664,0.0091727247
9320,0.0136307197
1247,0.0013172974
3715,0.0121844647
5308,0.0086215861
5818,0.0039574699
2568,0.0019683497
3517,0.0053040408
9163,0.0106267385
5004,0.0055025659
6807,0.0242999503
3812,0.0085860699
8964,0.0113736596
3739,0.0115682874
5429,0.0084458652
6157,0.0115731241
1885,0.0054622104
5014,0.0051942706
9390,0.0152323556
1161,0.0000000000
5654,0.0142041658
8468,0.0078439766
4623,0.0114453935
6338,0.0103297894
8516,0.0145415931
1333,0.0018426275
4533,0.0084079040
5060,0.0098590289
6683,0.0160796503
1525,0.0011814649
4675,0.0135498225
1165,0.0000000000
2522,0.0021947389
2572,0.0063783260
6903,0.0081557546
7989,0.0117419420
1753,0.0006833976
5899,0.0100228559
1167,0.0000000000
8735,0.0060904046
1169,0.0000000000
2836,0.0031262902
4089,0.0097749396
4035,0.0082744376
8699,0.0136511885
2675,0.0057390191
2519,0.0052507370
6341,0.0086999974
7832,0.0059032814
1174,0.0000000000
2147,0.0017525544
2895,0.0017525544
4950,0.0047493903
6295,0.0055751330
8676,0.0187692558
9311,0.0178557917
7942,0.0098245234
1404,0.0044286341
3149,0.0030968796
3345,0.0063770894
3400,0.0068711760
5219,0.0079670756
5689,0.0050026630
1227,0.0014901399
1494,0.0014901399
7935,0.0103265996
2080,0.0042427727
3340,0.0084116314
6849,0.0107746608
9822,0.0068081828
4470,0.0067884667
9748,0.0069692321
1181,0.0000000000
5267,0.0060459596
6609,0.0070936040
8973,0.0123058498
2773,0.0016661549
7022,0.0181696964
1183,0.0000000000
8278,0.0072782599
8525,0.0037683718
1545,0.0020447894
4781,0.0115596072
4899,0.0142007418
6755,0.0064425360
8236,0.0118708775
1339,0.0028641580
5822,0.0066245257
8465,0.0194134567
4542,0.0065462046
6684,0.0105243903
6382,0.0050419209
2320,0.0025357208
2912,0.0077257272
7743,0.0068924292
6322,0.0064859062
6541,0.0269193172
9749,0.0105330267
4417,0.0048659952
6843,0.0146319475
8421,0.0221070853
8798,0.0084772764
2874,0.0036757996
5588,0.0132341364
6219,0.0115812994
9438,0.0097778732
9548,0.0115551713
2996,0.0078377705
3428,0.0086833361
6115,0.0122077403
9284,0.0132854409
3742,0.0068793552
5240,0.0050993702
5837,0.0205474118
6606,0.0056226629
6889,0.0064518208
1402,0.0008325936
4058,0.0008325936
4690,0.0051063195
3743,0.0060305917
9858,0.0093555607
3178,0.0050033521
5378,0.0102655528
8999,0.0067406544
9678,0.0104731316
1566,0.0011115394
3652,0.0098140159
3867,0.0071452671
6128,0.0093894281
7418,0.0097988980
3994,0.0023599545
9142,0.0073134296
9455,0.0167212590
9981,0.0281948918
7103,0.0092166196
1201,0.0000000000
5459,0.0079857217
8618,0.0141593701
9576,0.0141242321
1202,0.0000000000
2184,0.0060761667
3698,0.0018557563
6835,0.0077251867
9750,0.0081139163
1203,0.0000000000
1215,0.0026348210
5293,0.0099370667
6343,0.0129427395
2230,0.0040078981
4422,0.0099234036
8832,0.0140246444
1205,0.0000000000
4439,0.0091239746
1207,0.0000000000
2135,0.0079242652
2905,0.0049844178
3102,0.0036812951
6959,0.0038588518
8146,0.0164421320
2553,0.0025475739
6636,0.0079521086
9928,0.0148703096
4003,0.0084933876
6151,0.0214782769
6183,0.0089398097
6753,0.0137273422
6865,0.0143311279
6975,0.0078000960
7323,0.0157051662
9546,0.0107843876
9835,0.0090464773
6735,0.0080065003
6780,0.0267063500
9336,0.0212363292
1604,0.0036346391
4427,0.0078849303
5902,0.0058223388
7987,0.0113055311
8208,0.0111815027
9553,0.0087352692
3756,0.0105383317
8430,0.0036815812
9460,0.0197252582
9905,0.0094719580
5085,0.0055850894
7359,0.0184677364
8203,0.0158843187
9751,0.0099818732
1216,0.0000000000
1865,0.0013899891
2084,0.0013899891
2831,0.0039787620
3291,0.0055573077
4531,0.0042280038
8040,0.0062693090
3017,0.0032751690
9022,0.0037866863
9387,0.0129959907
1316,0.0015920123
2292,0.0009677556
7507,0.0042149958
4007,0.0066527188
2768,0.0023509030
5128,0.0095452430
7627,0.0040173145
4028,0.0029712480
6529,0.0044971925
5090,0.0097068794
8656,0.0097461401
8726,0.0134442656
1890,0.0036360469
2453,0.0026955360
5326,0.0096020302
6001,0.0059869584
6877,0.0049464900
1513,0.0046033153
1549,0.0026440353
1320,0.0024564793
1883,0.0068601786
1968,0.0056735376
3253,0.0041312756
8662,0.0282069324
6852,0.0118128958
4032,0.0021973728
7557,0.0051594812
7981,0.0061603172
9084,0.0078342635
3413,0.0008905318
1231,0.0000000000
4056,0.0064879997
6073,0.0141122137
1232,0.0000000000
3726,0.0041829517
6459,0.0089163987
1479,0.0027215305
1989,0.0016264820
2774,0.0021743231
4590,0.0144699572
5499,0.0050002616
6427,0.0087031328
1234,0.0000000000
3162,0.0058291149
7652,0.0098136986
8365,0.0152465787
9016,0.0066656844
3745,0.0019315607
7319,0.0146533088
9745,0.0050124918
3653,0.0042898383
5298,0.0044950960
9014,0.0135540670
4256,0.0023591942
9897,0.0030632508
1239,0.0000000000
1498,0.0029461118
6797,0.0141675291
8781,0.0156450601
9131,0.0152912684
2414,0.0042153700
9636,0.0223225393
9957,0.0148621177
3511,0.0059264884
1329,0.0015966961
5167,0.0071285971
9907,0.0087904554
5034,0.0160716192
5245,0.0063933825
7029,0.0149814081
7086,0.0129490136
1492,0.0021402921
2580,0.0035425325
4551,0.0083721633
6153,0.0123407758
6667,0.0225906568
3637,0.0067197934
5531,0.0082117481
1248,0.0000000000
3219,0.0028827051
6810,0.0094963331
4880,0.0113733472
6533,0.0074934552
3712,0.0088065390
1709,0.0035910334
9137,0.0068909813
9584,0.0061807528
1252,0.0000000000
1956,0.0011801893
2738,0.0063768749
2745,0.0029299290
2848,0.0011801893
1254,0.0000000000
7299,0.0093938814
8693,0.0050427134
1255,0.0000000000
7225,0.0160404152
7270,0.0059227936
7649,0.0125223130
8105,0.0118063366
1257,0.0000000000
4281,0.0033862914
4631,0.0048688155
7147,0.0072504895
1259,0.0000000000
2499,0.0019098575
2867,0.0019098575
6141,0.0139693041
8059,0.0083965166
8109,0.0101770392
2524,0.0040596115
6480,0.0195995881
1264,0.0000000000
2052,0.0024134123
3677,0.0056906533
5639,0.0123775954
9028,0.0059372047
1849,0.0023126977
3121,0.0023126977
5828,0.0086034320
6353,0.0094760603
7302,0.0155332431
8854,0.0101338286
3156,0.0015419595
3469,0.0100241694
4412,0.0122487328
1267,0.0000000000
1995,0.0038427520
4084,0.0019738210
5093,0.0138773099
6776,0.0105879397
8037,0.0060231098
9816,0.0065257778
5451,0.0053114770
7556,0.0084235022
1625,0.0030271853
1578,0.0032928177
3403,0.0021309682
5476,0.0103003947
6101,0.0055226160
9430,0.0147759716
1271,0.0000000000
3947,0.0027639766
8134,0.0075640792
9174,0.0133622772
2825,0.0007776379
4296,0.0031859779
8904,0.0061453130
1860,0.0028758558
2885,0.0022558074
6743,0.0095497597
8376,0.0194066197
1731,0.0016740186
2062,0.0016740186
3890,0.0049247580
7067,0.0046223138
7662,0.0053490678
8606,0.0145147702
1424,0.0035715062
9206,0.0092266619
6591,0.0156805859
8392,0.0136979801
7382,0.0055946962
8501,0.0067533610
3192,0.0083452821
7944,0.0113719606
4828,0.0083673743
5317,0.0165811219
7842,0.0129564017
8288,0.0129264780
9499,0.0097886700
1283,0.0000000000
3155,0.0055640524
3529,0.0077196502
3675,0.0074016765
1284,0.0000000000
2468,0.0018776846
2793,0.0056430897
3125,0.0030652005
2369,0.0034092288
3300,0.0035141791
6106,0.0158976421
1587,0.0033339297
6763,0.0058184649
7840,0.0160786294
8168,0.0144692294
8770,0.0081002398
9060,0.0141071372
2810,0.0084643998
5196,0.0097783814
8454,0.0109597223
9613,0.0090604330
1648,0.0017824652
2040,0.0017824652
4235,0.0050568801
9803,0.0070350958
1290,0.0000000000
2803,0.0055579626
4502,0.0079314462
5780,0.0105434700
9210,0.0088280041
5408,0.0045170395
9614,0.0067795991
1400,0.0046730163
2496,0.0069990606
3501,0.0060782225
8967,0.0069323496
9647,0.0251772146
1886,0.0056728825
5919,0.0115175674
8092,0.0212411756
4177,0.0107203618
8044,0.0103750147
1295,0.0000000000
1567,0.0011493789
9881,0.0080189431
1296,0.0000000000
4292,0.0037087038
4982,0.0055326257
5024,0.0047566198
8027,0.0064342800
8422,0.0205131172
1297,0.0000000000
3863,0.0071907802
1299,0.0000000000
2785,0.0031538711
6305,0.0061474528
7558,0.0073631633
9039,0.0072465165
4479,0.0161985397
4581,0.0121806348
1447,0.0016663064
5374,0.0089561778
7226,0.0140672791
3600,0.0034382100
1303,0.0000000000
2056,0.0046995496
8846,0.0115214690
4505,0.0055341652
1306,0.0000000000
1760,0.0024625236
8626,0.0141415915
9133,0.0207081906
3313,0.0039513873
4567,0.0087980978
5043,0.0084516743
6199,0.0062517122
6302,0.0113709621
7912,0.0156706820
4334,0.0026699321
5227,0.0067999847
8994,0.0177149858
4407,0.0106276346
5704,0.0063583051
9590,0.0123152518
6778,0.0087359226
2565,0.0017164891
2846,0.0044157392
3440,0.0067352090
5103,0.0040111381
8256,0.0077424116
8193,0.0215868362
9864,0.0104341971
8587,0.0260997601
8814,0.0131411202
1317,0.0000000000
7869,0.0083928790
1318,0.0000000000
4713,0.0046617829
5888,0.0071451065
7057,0.0152122860
4696,0.0131474458
7769,0.0096247593
2043,0.0012594005
2513,0.0017932023
5823,0.0063661286
7408,0.0131360673
7339,0.0110807413
2365,0.0012576694
2411,0.0012576694
9110,0.0154341940
2100,0.0020111356
4332,0.0044132172
4579,0.0054261953
6002,0.0061299043
6205,0.0053390572
4574,0.0062003172
5037,0.0072308195
8819,0.0156433682
9998,0.0150477238
2512,0.0009664722
4135,0.0057088062
9023,0.0048032328
5523,0.0024363583
7718,0.0087244407
9152,0.0082188211
2167,0.0095045279
2355,0.0079988384
2854,0.0082162812
4167,0.0079902583
6449,0.0094351477
6673,0.0075403338
8272,0.0102402106
9924,0.0182958940
1330,0.0000000000
8589,0.0203603311
9744,0.0385653727
1331,0.0000000000
3896,0.0024342277
3951,0.0100527976
4354,0.0149172253
1803,0.0017781138
2949,0.0053755054
3209,0.0104473215
9854,0.0095272088
2066,0.0058462666
9081,0.0096296858
9723,0.0110183622
9832,0.0099501254
2035,0.0008327711
3820,0.0028084483
7488,0.0036117149
7970,0.0113180692
2117,0.0011111296
4992,0.0065754714
7994,0.0089001113
1817,0.0029965938
6456,0.0056529444
8327,0.0080144557
9805,0.0100034941
1704,0.0007466943
4432,0.0078689684
4827,0.0058635586
6379,0.0073835565
1341,0.0000000000
5376,0.0085029107
2402,0.0079538128
6634,0.0092735542
9055,0.0115580698
4183,0.0082028191
7807,0.0075999459
8322,0.0097885861
4187,0.0057453175
2423,0.0014930059
6350,0.0044003768
7238,0.0035177466
8970,0.0071584549
1807,0.0022554141
7403,0.0100485099
7787,0.0100707758
7812,0.0142392493
1347,0.0000000000
2116,0.0038223576
5987,0.0077433120
2592,0.0015008176
8870,0.0084135988
9474,0.0184275090
1839,0.0011390364
2192,0.0042777864
4233,0.0066484678
5241,0.0076481886
8071,0.0107525311
9242,0.0065754519
6862,0.0116872384
8346,0.0148722049
9208,0.0204851293
7093,0.0082305001
4169,0.0025017348
7601,0.0120021061
1473,0.0016735067
2107,0.0016735067
5224,0.0106141710
1356,0.0000000000
8110,0.0141830328
9011,0.0109787550
1358,0.0000000000
1619,0.0018960476
7119,0.0071088399
9078,0.0149188376
1543,0.0027960344
2425,0.0016979619
5876,0.0093393079
2200,0.0010032231
4784,0.0116718456
3514,0.0061893127
2183,0.0024676038
3603,0.0034787429
2264,0.0033125985
2480,0.0033533398
8690,0.0193935490
9809,0.0049302955
1493,0.0013699608
4484,0.0051399857
6757,0.0098193817
3213,0.0040287026
4224,0.0062700685
1926,0.0019406981
3839,0.0073464734
4884,0.0153220133
6796,0.0138198996
7949,0.0077290836
9982,0.0135094958
4845,0.0125002680
5354,0.0249146057
5647,0.0110630004
9385,0.0114319820
9677,0.0213613767
9944,0.0128644407
2263,0.0011964404
3767,0.0087811547
3944,0.0032081879
7096,0.0118409287
8519,0.0125809434
6703,0.0122273912
8968,0.0066095308
7509,0.0060348257
9451,0.0058499775
1378,0.0000000000
1379,0.0000000000
6904,0.0091395896
9943,0.0158916553
3063,0.0032794636
8023,0.0019499410
9234,0.0131125317
4801,0.0108639054
4813,0.0042610849
6738,0.0247736416
7977,0.0151504187
8281,0.0072428156
1463,0.0023696850
1967,0.0023696850
5032,0.0092858837
2847,0.0063105426
3920,0.0033693890
1385,0.0000000000
2232,0.0006902499
7518,0.0039340205
2739,0.0034261781
5565,0.0140565202
5729,0.0099389314
1387,0.0000000000
2506,0.0035673734
9504,0.0091143970
1500,0.0011875159
1964,0.0037088077
4304,0.0041924467
5527,0.0062916066
3267,0.0055574586
6611,0.0124549254
9193,0.0139797010
8212,0.0144829995
8988,0.0117014012
9008,0.0162645513
7487,0.0066961711
1437,0.0011683177
1725,0.0011683177
9139,0.0045137679
9658,0.0105251777
5974,0.0144522879
8307,0.0091021829
1395,0.0000000000
2096,0.0016305865
1407,0.0020433274
8837,0.0172134938
2112,0.0029290781
4108,0.0046395636
8372,0.0082584999
9452,0.0115464487
1868,0.0024841608
6051,0.0074008400
9787,0.0065324103
1399,0.0000000000
4343,0.0044961381
5992,0.0012534677
9926,0.0082967470
4382,0.0066592899
9498,0.0117520305
8437,0.0107321209
9180,0.0052302018
9726,0.0120584870
1403,0.0000000000
3877,0.0037348570
5406,0.0090868817
5955,0.0107241794
9392,0.0081121733
1809,0.0007759363
1405,0.0000000000
3461,0.0047660499
7480,0.0162056111
8433,0.0118666969
1902,0.0039010857
3264,0.0008574945
3549,0.0039326238
1408,0.0000000000
7435,0.0192835697
9445,0.0045315972
1485,0.0014989731
3237,0.0050432089
4321,0.0046141501
9432,0.0172004845
1455,0.0007023749
5857,0.0074667186
1551,0.0026958784
1724,0.0026958784
3015,0.0082056756
7552,0.0127061117
7953,0.0083025807
8055,0.0114740918
8509,0.0155484632
1412,0.0000000000
2943,0.0034929345
6282,0.0073951367
7038,0.0094160548
7861,0.0149568211
4609,0.0071434723
5536,0.0068851881
1555,0.0016734852
4346,0.0071454687
8401,0.0161081472
9446,0.0068744589
1415,0.0000000000
1802,0.0005338017
2495,0.0062496372
5435,0.0084764840
8224,0.0111630449
4138,0.0064339438
2120,0.0032209181
4466,0.0093205063
4632,0.0101430141
4683,0.0068114872
5323,0.0084302279
7004,0.0092301837
7314,0.0225440494
3760,0.0027987836
6794,0.0057001070
7969,0.0047814090
2604,0.0048013549
4841,0.0190690483
1422,0.0000000000
5405,0.0020074816
7716,0.0086158480
1423,0.0000000000
5803,0.0085843322
9560,0.0064103661
2461,0.0015922700
3390,0.0052326721
7724,0.0176399303
1425,0.0000000000
2585,0.0048778157
1426,0.0000000000
2498,0.0037205553
4618,0.0068487088
6655,0.0117020165
1427,0.0000000000
4701,0.0177182618
6273,0.0133470283
7341,0.0083785451
3615,0.0071535880
4132,0.0090436216
6336,0.0143015695
1923,0.0008379675
7410,0.0083152466
9533,0.0047943145
5466,0.0097882244
9930,0.0165893456
8607,0.0126518194
9842,0.0145875601
1432,0.0000000000
7284,0.0126423874
3068,0.0035606100
3269,0.0062083457
1739,0.0028553758
5603,0.0014774548
1470,0.0008605657
4859,0.0094324507
3655,0.0036960491
4351,0.0039240777
6335,0.0089537186
3707,0.0051778201
4204,0.0079220164
9903,0.0158555294
6374,0.0084725561
1440,0.0000000000
2093,0.0022647972
2971,0.0036491253
4210,0.0065925346
4712,0.0102566417
1441,0.0000000000
4667,0.0088774073
6897,0.0098232001
1443,0.0000000000
3833,0.0093213945
7340,0.0086550249
8008,0.0061037887
1445,0.0000000000
5301,0.0057191986
8873,0.0040237530
1446,0.0000000000
8225,0.0135217157
9309,0.0105212643
3325,0.0015342930
4239,0.0054940179
1450,0.0000000000
2106,0.0006405844
3045,0.0073904619
4077,0.0074117124
7683,0.0139360887
9812,0.0115767416
6718,0.0113322910
7763,0.0116126777
3928,0.0024372098
7344,0.0165803703
8209,0.0066722634
3780,0.0082497887
2241,0.0011745223
7766,0.0100912490
4628,0.0106664616
5284,0.0069371502
1461,0.0000000000
1499,0.0014332863
4708,0.0046940345
6695,0.0064467548
1512,0.0020141409
5203,0.0059793609
4774,0.0016487840
6321,0.0092733829
1464,0.0000000000
4956,0.0088173040
9377,0.0139314290
2323,0.0020708420
9467,0.0074993584
1466,0.0000000000
9159,0.0126894382
4816,0.0026918521
6477,0.0059388746
5791,0.0068100887
4269,0.0018130517
7816,0.0037791380
7473,0.0114342581
7105,0.0090307023
8089,0.0081678505
8795,0.0180657942
3370,0.0077258940
6167,0.0074545400
4457,0.0032455528
9329,0.0093970095
8808,0.0171166315
6607,0.0204843417
9189,0.0124605447
9568,0.0095131286
2114,0.0039565079
4117,0.0020170980
4519,0.0040815647
7361,0.0150141516
9916,0.0075264827
1769,0.0014136672
8345,0.0126358712
1481,0.0000000000
5076,0.0108555505
8007,0.0084033521
1483,0.0000000000
5462,0.0092695621
1589,0.0013073690
2441,0.0045613299
9308,0.0147991523
9973,0.0064641228
4402,0.0068321877
6657,0.0154347675
9437,0.0125844315
9694,0.0101701965
2276,0.0009612843
2808,0.0029827587
3614,0.0031144861
4907,0.0074462963
3506,0.0017912918
4811,0.0034410418
2510,0.0029170112
8911,0.0077922427
3288,0.0031942224
2293,0.0023491658
5884,0.0060577686
9024,0.0071302412
2807,0.0103896475
2889,0.0080270901
7208,0.0137380740
6825,0.0143994651
4436,0.0086188375
6303,0.0094185609
6793,0.0056018877
6010,0.0127723693
9605,0.0145179169
5615,0.0042896925
2873,0.0032155195
6596,0.0144037999
6777,0.0137755969
7750,0.0197783806
3706,0.0161189943
9117,0.0115953717
9436,0.0128748634
2552,0.0017497397
3266,0.0046626106
7393,0.0078126443
1504,0.0000000000
2317,0.0023052808
3965,0.0055771849
1505,0.0000000000
5222,0.0026031503
6967,0.0009394776
7378,0.0045074919
9629,0.0135587574
1881,0.0013713324
3975,0.0039174718
9683,0.0161332171
1507,0.0000000000
8498,0.0104754044
3089,0.0022100240
5079,0.0120091449
4809,0.0073735092
8579,0.0106668345
3927,0.0025558394
4384,0.0036644377
8881,0.0021281992
6123,0.0052346046
7573,0.0091102254
9890,0.0185382685
6065,0.0067564515
6677,0.0079264746
4984,0.0053232146
9275,0.0051621876
1515,0.0000000000
4768,0.0025013392
5026,0.0029625398
1516,0.0000000000
9464,0.0112922141
2048,0.0022837645
6437,0.0093089771
3056,0.0037038262
3250,0.0076502989
7599,0.0098927219
7744,0.0074676295
1838,0.0031338562
6572,0.0093383246
6696,0.0073852198
7206,0.0183053883
8005,0.0102407923
1520,0.0000000000
4014,0.0024911949
4474,0.0106552137
5798,0.0077049454
1522,0.0000000000
1702,0.0012321555
7508,0.0092798203
1524,0.0000000000
2161,0.0025473598
3861,0.0113031043
8116,0.0105428384
1710,0.0012819613
5163,0.0130522064
6759,0.0070299511
8522,0.0092699297
2901,0.0036854370
7342,0.0066531851
7932,0.0170931181
2982,0.0016659713
3881,0.0142259529
9540,0.0100136960
2591,0.0018532264
8175,0.0055194815
2744,0.0015990802
3937,0.0087329147
5173,0.0088760567
9838,0.0086195824
2337,0.0058336378
4492,0.0102901211
1532,0.0000000000
3189,0.0086441400
3199,0.0083116864
9891,0.0089136490
6147,0.0108704427
4143,0.0047658531
8218,0.0099383096
8567,0.0063816228
1933,0.0031111865
4299,0.0080876829
5247,0.0078316305
2025,0.0055053837
7692,0.0086299481
1538,0.0000000000
1579,0.0013995349
2306,0.0004018318
3973,0.0049794107
6524,0.0017011405
6262,0.0161150998
7431,0.0101803004
1540,0.0000000000
2507,0.0016747963
9545,0.0135278414
3730,0.0018237932
6000,0.0131312930
9825,0.0157588961
8547,0.0103531656
1544,0.0000000000
2218,0.0027832543
8192,0.0140975593
9318,0.0138079905
9917,0.0116591744
3409,0.0001514574
1548,0.0000000000
2274,0.0037223652
6137,0.0069236343
6645,0.0111598708
7246,0.0099934647
2243,0.0023332717
2051,0.0010350182
9267,0.0060141340
2683,0.0019030598
1553,0.0000000000
7546,0.0177464962
3382,0.0132409986
3835,0.0032672846
8681,0.0063287933
2430,0.0062812820
5334,0.0117002738
6091,0.0082202691
7005,0.0036412854
5188,0.0041433057
7391,0.0048802828
7475,0.0132826224
8555,0.0090248255
1557,0.0000000000
3430,0.0033875759
6108,0.0066663390
6861,0.0091320475
2017,0.0008157144
9887,0.0037561022
1559,0.0000000000
3639,0.0077988719
3216,0.0036210427
4955,0.0054764891
5432,0.0063651689
5433,0.0129418551
9572,0.0125228104
4131,0.0046764843
4640,0.0092105037
4930,0.0075876357
1563,0.0000000000
2685,0.0058881155
1564,0.0000000000
3502,0.0074443265
6664,0.0041034822
8975,0.0096687406
5999,0.0050679817
7469,0.0077528994
9103,0.0080486346
4364,0.0075391539
5545,0.0107689101
7055,0.0083536292
3689,0.0052580680
5022,0.0064150621
2828,0.0048468690
3990,0.0085302403
4044,0.0082166492
4170,0.0044191590
4886,0.0021519224
7048,0.0169505061
2242,0.0017984717
2988,0.0027016549
8155,0.0121290175
1570,0.0000000000
2038,0.0007273415
6986,0.0123528555
1572,0.0000000000
3948,0.0093729950
4222,0.0062103524
7491,0.0074103856
7220,0.0032995082
9431,0.0094044216
9143,0.0119080931
8641,0.0120776590
2033,0.0043267890
9053,0.0132447357
5073,0.0021941345
9682,0.0091908983
1996,0.0017669874
2381,0.0088459959
3926,0.0034768892
4302,0.0083875212
6586,0.0124045691
8099,0.0075935449
2335,0.0018225178
5778,0.0138715977
6006,0.0081414138
8413,0.0123805855
1582,0.0000000000
2153,0.0031998536
7049,0.0129803908
7941,0.0137867693
2356,0.0019809925
4819,0.0089280512
5666,0.0135440067
6223,0.0063036966
7687,0.0076754750
8797,0.0121534461
7353,0.0060431817
7214,0.0094347603
1804,0.0044777162
8265,0.0075058920
3139,0.0030797927
3968,0.0077473520
7735,0.0083458151
4917,0.0032551823
1841,0.0030994244
2042,0.0018558771
3274,0.0054387258
7189,0.0174200753
4662,0.0057389811
7221,0.0119674340
6731,0.0073872373
9225,0.0159011184
9231,0.0093896421
8484,0.0150668211
1600,0.0000000000
1656,0.0017152387
2883,0.0065647608
4762,0.0017152387
5465,0.0088378429
1671,0.0018411299
5300,0.0061607863
7591,0.0140891029
8619,0.0111681405
1672,0.0011092464
5174,0.0067748686
6670,0.0011288113
9381,0.0133986926
3892,0.0052362009
7263,0.0056416493
9633,0.0166283156
2409,0.0023885229
5106,0.0087073641
5953,0.0094120929
8411,0.0140772468
3265,0.0094614796
2692,0.0035637895
2791,0.0029667632
2926,0.0042801926
4202,0.0041027258
5585,0.0111661225
6467,0.0068469360
8031,0.0067758256
8033,0.0089914853
1867,0.0048255343
2663,0.0038939734
3668,0.0025357887
7948,0.0099033174
8527,0.0132066173
3974,0.0017778145
4016,0.0098416318
1614,0.0000000000
5384,0.0154806890
6910,0.0095092579
1615,0.0000000000
3546,0.0040242552
9570,0.0060719222
1617,0.0000000000
5407,0.0058870953
8489,0.0033938112
8760,0.0104460061
1618,0.0000000000
1661,0.0015200426
3541,0.0036634350
8914,0.0094609599
1978,0.0027766928
9132,0.0075473198
1620,0.0000000000
4978,0.0040786047
5514,0.0043096841
5541,0.0127180513
7775,0.0087222280
2790,0.0017597481
7164,0.0161077527
8084,0.0077147757
9273,0.0147304958
2609,0.0036572049
7278,0.0018400952
6659,0.0071553521
8098,0.0100914164
3333,0.0011968787
3606,0.0090787223
5305,0.0025465839
6575,0.0148345298
7884,0.0050108098
1628,0.0000000000
9232,0.0076591927
2291,0.0019113093
3134,0.0073872631
3210,0.0019113093
9236,0.0188247196
3011,0.0039429131
8358,0.0096730702
1632,0.0000000000
3728,0.0053109412
3128,0.0052647198
9873,0.0100025871
3513,0.0038912260
3552,0.0043250414
7455,0.0021468834
9195,0.0144268749
1637,0.0000000000
4803,0.0065697898
6125,0.0180715225
8083,0.0169075325
2024,0.0066288873
2706,0.0076433404
3592,0.0046477800
6015,0.0066876409
8890,0.0101528626
9262,0.0076287656
1854,0.0006558600
5416,0.0066904224
7083,0.0128849682
3629,0.0041691749
5736,0.0056387932
6746,0.0130470588
8142,0.0114758340
3510,0.0042411106
2376,0.0028757170
8313,0.0131019181
8103,0.0050608098
9757,0.0104612860
2016,0.0022584156
3894,0.0048294391
6439,0.0096026699
6733,0.0131073909
3781,0.0035798346
4287,0.0069332229
8166,0.0068796376
4164,0.0025220986
5904,0.0062393664
3365,0.0041813343
5437,0.0027490398
6915,0.0079248452
4619,0.0038366483
8789,0.0059643851
1655,0.0000000000
4569,0.0068498647
6450,0.0047501246
8673,0.0169297561
9761,0.0146620458
4610,0.0101669750
5840,0.0041925767
1660,0.0000000000
4669,0.0063581370
1662,0.0000000000
8786,0.0125244276
4606,0.0024113279
7090,0.0057483398
7498,0.0069302921
9344,0.0124149356
3369,0.0041641125
1665,0.0000000000
1942,0.0025671541
6474,0.0107784370
9004,0.0214763510
3268,0.0013011931
8719,0.0082534789
9777,0.0050512556
8598,0.0075774628
4038,0.0038078336
4191,0.0039776373
5250,0.0023104009
9418,0.0070458575
6171,0.0068194986
3342,0.0049923087
7407,0.0132988432
8851,0.0095247287
9233,0.0163130947
3640,0.0030575606
7366,0.0117324291
4067,0.0045652047
7294,0.0093196510
8928,0.0105670905
4833,0.0080163680
7439,0.0064055680
3239,0.0064287446
1678,0.0000000000
2888,0.0019412136
8321,0.0071454287
8150,0.0093105058
6393,0.0049474114
1681,0.0000000000
4779,0.0066233381
6656,0.0052529342
2166,0.0019287918
5850,0.0037061529
4496,0.0018324738
1685,0.0000000000
6181,0.0163551259
8559,0.0083405079
1686,0.0000000000
6665,0.0100080133
1688,0.0000000000
1689,0.0000000000
4369,0.0035459775
4517,0.0060477583
8835,0.0139871493
2115,0.0055384319
3503,0.0018831125
3790,0.0054621051
8231,0.0074685930
3563,0.0067499092
5366,0.0068054832
2660,0.0104055719
4271,0.0095767958
8730,0.0087221635
6817,0.0088446313
1920,0.0022322662
3299,0.0073730560
8426,0.0100960956
5385,0.0152688698
6097,0.0228507264
1701,0.0000000000
4001,0.0067334286
7700,0.0079012816
6682,0.0033509586
4655,0.0122952526
8947,0.0149014631
7809,0.0118247721
9968,0.0138326238
5265,0.0096247142
7860,0.0114994413
8824,0.0156156244
9337,0.0183262790
9820,0.0120660194
6527,0.0058512298
8487,0.0099855686
8518,0.0116453014
9249,0.0131395453
1718,0.0000000000
2061,0.0008518005
2455,0.0008518005
3179,0.0055261406
6542,0.0091342994
8117,0.0086282542
4503,0.0071292589
8974,0.0118957538
8248,0.0134847142
3548,0.0070826734
1723,0.0000000000
6187,0.0050452202
5110,0.0070566858
7142,0.0069512737
8186,0.0100555190
2104,0.0017035415
2962,0.0017035415
5782,0.0101207758
6120,0.0085399241
7478,0.0072491886
3135,0.0012472581
3372,0.0069990765
4633,0.0045370858
4976,0.0059730564
1727,0.0000000000
3437,0.0046924166
5398,0.0133753527
5638,0.0149630060
7063,0.0147299321
8700,0.0052958569
1728,0.0000000000
3814,0.0006794221
5246,0.0033432277
7600,0.0058834819
1730,0.0000000000
3086,0.0005011690
5067,0.0097842506
2371,0.0049093723
2606,0.0014077171
6775,0.0079720944
7020,0.0097175882
4078,0.0050057442
7433,0.0120463941
1735,0.0000000000
5901,0.0020375699
5630,0.0067120065
6275,0.0065400329
1737,0.0000000000
6714,0.0205964316
6970,0.0099832046
6883,0.0089518228
8164,0.0101490184
3020,0.0040880440
3029,0.0032198279
5468,0.0068343588
8595,0.0123492303
2969,0.0039671668
4582,0.0027629199
1741,0.0000000000
3395,0.0078380074
5695,0.0088995522
8635,0.0171684518
9795,0.0111671420
2278,0.0023136577
3855,0.0023136577
7046,0.0062235606
5145,0.0074795250
9101,0.0080320443
1744,0.0000000000
5329,0.0129398119
1745,0.0000000000
6258,0.0034596374
6509,0.0189908732
8806,0.0091277932
6702,0.0088757978
4410,0.0030294151
6679,0.0113771511
7574,0.0083193038
8302,0.0064344978
1748,0.0000000000
3523,0.0055767406
1963,0.0005758174
4548,0.0015432153
9126,0.0212586983
3912,0.0071949434
4244,0.0014611490
6049,0.0041719669
3244,0.0045084114
2440,0.0068455725
3699,0.0060146061
4763,0.0074696484
6349,0.0121713767
1755,0.0000000000
4602,0.0110029176
9074,0.0121297513
3396,0.0069656269
2581,0.0033837642
3383,0.0056950793
4258,0.0040612715
6537,0.0076605708
2987,0.0026555068
6786,0.0079209302
7066,0.0035741543
2053,0.0046720545
2623,0.0059031078
3811,0.0087594430
1766,0.0000000000
2933,0.0015830323
5825,0.0052238065
1768,0.0000000000
1771,0.0000000000
8494,0.0137424119
9086,0.0096772767
1772,0.0000000000
8767,0.0089477131
5161,0.0055303079
4362,0.0033752667
4730,0.0094284687
8178,0.0137205582
2134,0.0011151557
5441,0.0031778302
1780,0.0000000000
5783,0.0029979180
6235,0.0054878440
3988,0.0067814360
1783,0.0000000000
5209,0.0066901995
6234,0.0096948931
6433,0.0158533918
5618,0.0137181697
7501,0.0093895359
1785,0.0000000000
2583,0.0023980209
7502,0.0102628226
7670,0.0088370902
2072,0.0022655375
3768,0.0030011110
3802,0.0076268070
4532,0.0124853921
5127,0.0110526140
9441,0.0103205987
1792,0.0000000000
4381,0.0089657938
4310,0.0070945329
1794,0.0000000000
7913,0.0018449536
9565,0.0114351640
4005,0.0017524853
8906,0.0062618649
4415,0.0003574052
2444,0.0006195758
5331,0.0045758438
3084,0.0068004569
5313,0.0078196567
7465,0.0095040222
9314,0.0098430312
6651,0.0112394494
7928,0.0055712750
9592,0.0095876191
2927,0.0019006445
5980,0.0158357401
2493,0.0016962366
7084,0.0044093627
3804,0.0073402826
4521,0.0096021130
6504,0.0063474724
2000,0.0033642528
4172,0.0064843225
5039,0.0039890369
5272,0.0109134003
7334,0.0188138187
8652,0.0061827231
2942,0.0006833059
6660,0.0107505444
9205,0.0146637097
1821,0.0000000000
4695,0.0016899929
3796,0.0037596527
9049,0.0132926371
1824,0.0000000000
3969,0.0053343815
8950,0.0059229989
4029,0.0107817155
7181,0.0178536156
8129,0.0117484290
9238,0.0106897114
1826,0.0000000000
4445,0.0056787258
1827,0.0000000000
3221,0.0047168791
7899,0.0089918950
2750,0.0009798924
3458,0.0041021184
4869,0.0035601975
1859,0.0011594471
5879,0.0047996368
1950,0.0015639585
9535,0.0133717363
3489,0.0020982976
2944,0.0018132251
3257,0.0037800152
9380,0.0137576440
2269,0.0003268782
2569,0.0003268782
1844,0.0000000000
8292,0.0138829962
5403,0.0015710131
9042,0.0143616055
9634,0.0107268074
4504,0.0142266123
6937,0.0032537162
9798,0.0117353662
1851,0.0000000000
4888,0.0062768084
9080,0.0087093628
1853,0.0000000000
3249,0.0058340204
2925,0.0018284244
4941,0.0074325332
1856,0.0000000000
4495,0.0014595291
5275,0.0014595291
7748,0.0050128380
9355,0.0115305712
2157,0.0015882387
4716,0.0031804648
8497,0.0063737853
1861,0.0000000000
3417,0.0060820823
7180,0.0032380505
8167,0.0071788871
7636,0.0111953378
7709,0.0133728206
1864,0.0000000000
1866,0.0000000000
3381,0.0027607414
7569,0.0079568502
2326,0.0033602886
4981,0.0082516226
5148,0.0095837256
9256,0.0170724750
4115,0.0008869143
7879,0.0027804062
4288,0.0021793820
1872,0.0000000000
2346,0.0015871486
8125,0.0114283481
8578,0.0170147438
3869,0.0052511102
1876,0.0000000000
8079,0.0045295753
9684,0.0098055945
3065,0.0094060320
1882,0.0000000000
9167,0.0094646215
4024,0.0035507280
4538,0.0084107673
7372,0.0120464498
8353,0.0032544736
7260,0.0093666740
4528,0.0018231896
3184,0.0095773974
3705,0.0038348844
5264,0.0026534605
9090,0.0139911762
5473,0.0071206096
6254,0.0070082116
9373,0.0053608364
1893,0.0000000000
1894,0.0000000000
6899,0.0027909881
1896,0.0000000000
3380,0.0019779498
5571,0.0042157491
4661,0.0123217222
8514,0.0132571703
4012,0.0121277917
3696,0.0048274828
1904,0.0000000000
4543,0.0079228718
6134,0.0101711966
1907,0.0000000000
2131,0.0025850432
7249,0.0095308443
1908,0.0000000000
5057,0.0084058178
6144,0.0040580863
6532,0.0117384709
6327,0.0039827180
2783,0.0031547957
8356,0.0079021754
9375,0.0195924964
2876,0.0009459688
6375,0.0242149585
6518,0.0070380122
7640,0.0111320378
7056,0.0038902578
2055,0.0016194909
6918,0.0055922215
8632,0.0083017042
6815,0.0070308675
8012,0.0140650333
1921,0.0000000000
4792,0.0040964567
5306,0.0078432691
8127,0.0035178875
7129,0.0099806543
8238,0.0062145969
8480,0.0060163046
3472,0.0062224237
4760,0.0085922133
5905,0.0050674252
1929,0.0000000000
4577,0.0029896422
2213,0.0019838592
6050,0.0074013168
6457,0.0061733617
7406,0.0055977042
1937,0.0000000000
7720,0.0080202202
1938,0.0000000000
4745,0.0124414359
5692,0.0058365105
5488,0.0039073466
3618,0.0041299214
3258,0.0036666500
6023,0.0041974520
6129,0.0077004428
9571,0.0081007235
3194,0.0039498379
4207,0.0073735062
4414,0.0025717982
5776,0.0033869035
7836,0.0119293345
8746,0.0098136740
2664,0.0017359063
3972,0.0043139372
7967,0.0151223699
8104,0.0097061846
5425,0.0030579330
3107,0.0025854393
9672,0.0153708411
1954,0.0000000000
1955,0.0000000000
4734,0.0029084903
7752,0.0073621987
2353,0.0059568408
9505,0.0244138898
1961,0.0000000000
7594,0.0095283578
1962,0.0000000000
4063,0.0034771647
2171,0.0017835815
2479,0.0044380701
6945,0.0099948314
3293,0.0063659340
6324,0.0093388412
6565,0.0101048867
3104,0.0007121681
6356,0.0121816813
1969,0.0000000000
5870,0.0057364804
2436,0.0032316995
2953,0.0032376204
8210,0.0087944150
3238,0.0046487635
3809,0.0056973791
1979,0.0000000000
4698,0.0063239995
6075,0.0060728348
4023,0.0076770833
6658,0.0051546886
1983,0.0000000000
5962,0.0079188617
6688,0.0066362580
9575,0.0051670828
5715,0.0154427664
8840,0.0075323212
3934,0.0046716835
3222,0.0020398745
9563,0.0079261083
9315,0.0137453951
6661,0.0031303558
3498,0.0019516838
4797,0.0045223818
1992,0.0000000000
4928,0.0069045059
7592,0.0083200402
5549,0.0096283085
9781,0.0052530810
2361,0.0019009283
8903,0.0161954709
7182,0.0067004729
9597,0.0043704044
4387,0.0053722675
6823,0.0037954611
9510,0.0053133371
6411,0.0071821844
2005,0.0000000000
4221,0.0106959727
9589,0.0069169597
5388,0.0160585594
2763,0.0018804669
4071,0.0047482564
9282,0.0089161854
2010,0.0000000000
7074,0.0107659081
7241,0.0061952832
9018,0.0113468945
4186,0.0040569108
4654,0.0073799141
6816,0.0089865222
8863,0.0098871197
5580,0.0075635832
8628,0.0111828709
2336,0.0019089520
8510,0.0119620222
2019,0.0000000000
2972,0.0054963159
2246,0.0014348644
9361,0.0233250171
8198,0.0085651970
4438,0.0047716869
6365,0.0017799368
7219,0.0084700627
7295,0.0127790473
2915,0.0064137189
4587,0.0132621584
6715,0.0087951263
9962,0.0082701492
2198,0.0013735243
3930,0.0029957213
7541,0.0084962128
8267,0.0052657386
2388,0.0021247819
2958,0.0035198153
5608,0.0074165554
4938,0.0128087680
7252,0.0094846509
7517,0.0106423451
7186,0.0089296080
7966,0.0038806229
6485,0.0083015052
2434,0.0078132605
3953,0.0036538659
2265,0.0027461000
6230,0.0074056860
6294,0.0069739453
2041,0.0000000000
3307,0.0041633288
6791,0.0087341057
4190,0.0048174151
7070,0.0070479978
2045,0.0000000000
5056,0.0060281572
6872,0.0165248204
7961,0.0067492111
8917,0.0097895464
2970,0.0020015428
3001,0.0031193323
3348,0.0110612056
3083,0.0017957254
3887,0.0030706612
3607,0.0008375735
7441,0.0043214220
3317,0.0012267181
5894,0.0012267181
2667,0.0014942871
9514,0.0110351139
2057,0.0000000000
7269,0.0115093257
7450,0.0053672536
4357,0.0036498554
9154,0.0120121871
5581,0.0076465660
6146,0.0132603905
7000,0.0061107919
9775,0.0110029146
2662,0.0032162997
9383,0.0047845305
8113,0.0036448302
9836,0.0079368540
6710,0.0139613302
4489,0.0099242716
2073,0.0000000000
3328,0.0033757178
5716,0.0057870529
9443,0.0097732911
5178,0.0075124807
7826,0.0278728773
5361,0.0162395572
8120,0.0135654972
8540,0.0083388465
2077,0.0000000000
8912,0.0104152752
2078,0.0000000000
8176,0.0069704242
2079,0.0000000000
4313,0.0014671232
2252,0.0003988523
2705,0.0022132939
7065,0.0076998644
2855,0.0008040582
5394,0.0081586184
4441,0.0045909449
6077,0.0054724464
4742,0.0015728353
2089,0.0000000000
4264,0.0030516579
2303,0.0010324155
6030,0.0126856145
2091,0.0000000000
5945,0.0047547992
3202,0.0028608360
6133,0.0127828469
2094,0.0000000000
3388,0.0034251286
6612,0.0142801940
4821,0.0058769676
8184,0.0062979678
3724,0.0054246609
4926,0.0091151326
6501,0.0105019835
2769,0.0040604172
4376,0.0015677366
4714,0.0043399403
5552,0.0045229727
6284,0.0113639682
6558,0.0101334051
7867,0.0063791079
5175,0.0145792420
7741,0.0055855453
2109,0.0000000000
5667,0.0054929989
6958,0.0023323325
2110,0.0000000000
3721,0.0068332870
3732,0.0025122927
7808,0.0079659101
4857,0.0018660332
5721,0.0034525535
2950,0.0012976180
4765,0.0023924289
7554,0.0054827119
9414,0.0061370227
8998,0.0090984136
3198,0.0055694601
8963,0.0071976304
3998,0.0091444885
3144,0.0009952363
5708,0.0072046818
6526,0.0045600306
2126,0.0000000000
7315,0.0052435660
8773,0.0096279571
4398,0.0062811403
4723,0.0122849670
9347,0.0078124019
2129,0.0000000000
8603,0.0167498825
8782,0.0087780527
7416,0.0172652402
9037,0.0096326339
4832,0.0024747452
5111,0.0062258449
4894,0.0098172452
5889,0.0068458053
6569,0.0103424796
8171,0.0151408136
8638,0.0081389716
7023,0.0068877364
2140,0.0000000000
7196,0.0060235551
5206,0.0036006634
3037,0.0046211258
9517,0.0174599064
3570,0.0010596915
3616,0.0020089522
2145,0.0000000000
8575,0.0102194893
8991,0.0083906957
2146,0.0000000000
2691,0.0062072464
8029,0.0061312606
2316,0.0010944980
5318,0.0066494289
3350,0.0033334814
9942,0.0113541776
6265,0.0067176763
7639,0.0051935442
7042,0.0076221227
6039,0.0096502316
7459,0.0063667016
3146,0.0033834338
6263,0.0108227561
7286,0.0129404773
2742,0.0043586483
8549,0.0097112623
8885,0.0086569643
2191,0.0027614400
6559,0.0124243768
7499,0.0111226748
8937,0.0051767391
4900,0.0035482101
8382,0.0057918282
8333,0.0124206364
8989,0.0118994962
8653,0.0108973529
2175,0.0000000000
4295,0.0008078655
7728,0.0087799848
8813,0.0099757401
7758,0.0066665237
2180,0.0000000000
6102,0.0148962764
9114,0.0117586068
4356,0.0044347460
5214,0.0031761959
2350,0.0003601821
4617,0.0022503935
5059,0.0003601821
2703,0.0025632875
7257,0.0242562135
7307,0.0124083659
5061,0.0041639782
8723,0.0042163256
9444,0.0115243040
3233,0.0013167942
5926,0.0086719416
2197,0.0000000000
2747,0.0019202818
9107,0.0122959161
3283,0.0019663423
9071,0.0027998831
5872,0.0063650920
9810,0.0136363345
2205,0.0000000000
2288,0.0017514903
3142,0.0017514903
3181,0.0014976225
3319,0.0032226693
4858,0.0025992915
5522,0.0108656150
5728,0.0093340384
8048,0.0128183379
8221,0.0039050102
2406,0.0024336477
4323,0.0073223410
4818,0.0054808610
6616,0.0079768930
9400,0.0074890635
4862,0.0121965476
7163,0.0178435009
5402,0.0163016325
9725,0.0259436843
5579,0.0069951377
9457,0.0085444562
7824,0.0135792039
2394,0.0028721841
8536,0.0171908269
2231,0.0000000000
7405,0.0039497159
6318,0.0078712846
3420,0.0054887150
4878,0.0078332872
8663,0.0076168024
2393,0.0009072920
3126,0.0016630444
2237,0.0000000000
2238,0.0000000000
8335,0.0068512446
6292,0.0060414897
9447,0.0097107939
7141,0.0138515428
7930,0.0061300223
9687,0.0061421807
4267,0.0140486585
9354,0.0117595599
2247,0.0000000000
7283,0.0211969201
4347,0.0072030202
9403,0.0061963024
9218,0.0067271381
4948,0.0089566498
5731,0.0053733090
2256,0.0000000000
3450,0.0032764657
2257,0.0000000000
5487,0.0077335629
5529,0.0010103838
3984,0.0011131128
5897,0.0022616477
2475,0.0010075462
2597,0.0013441254
3787,0.0013280839
9002,0.0040797716
5539,0.0009702888
4147,0.0006404721
6739,0.0012569600
8927,0.0114625870
3096,0.0002865177
3327,0.0002865177
7632,0.0032124679
3397,0.0025971399
5472,0.0093993923
6044,0.0022008169
5928,0.0105676070
9900,0.0062548164
9704,0.0065901766
3036,0.0041263650
2282,0.0000000000
7454,0.0055137427
9353,0.0069492164
2283,0.0000000000
4425,0.0006895355
3878,0.0070118318
6771,0.0114366215
7535,0.0110567282
9980,0.0109800963
2285,0.0000000000
7703,0.0140829860
9939,0.0108365832
9156,0.0092629169
9288,0.0085947123
9790,0.0073834386
3331,0.0066396085
9254,0.0047732678
3574,0.0022459842
5847,0.0138669717
8842,0.0093079733
8362,0.0163828514
9340,0.0048229243
5560,0.0075000124
2300,0.0000000000
7658,0.0116925726
2304,0.0000000000
4597,0.0070002370
2307,0.0000000000
7325,0.0068360666
9423,0.0079615806
4652,0.0005923700
6404,0.0082746473
8929,0.0160827873
9384,0.0163228619
2617,0.0018296070
4102,0.0018140271
5765,0.0039934144
7021,0.0076539362
8207,0.0081461068
9222,0.0110747471
9969,0.0114235060
2318,0.0000000000
4238,0.0026531076
5991,0.0087193131
7539,0.0057913192
2577,0.0021425654
2324,0.0000000000
7822,0.0085941768
9056,0.0121303760
2327,0.0000000000
2329,0.0000000000
8845,0.0050540359
2330,0.0000000000
3187,0.0011836992
8350,0.0103606614
6691,0.0097577798
8941,0.0051635324
2627,0.0011692116
5486,0.0023352158
9401,0.0291644261
2341,0.0000000000
8214,0.0093833913
5177,0.0031798960
7603,0.0124622957
3859,0.0012381050
5964,0.0042913840
2348,0.0000000000
5239,0.0084760614
6639,0.0023240069
8011,0.0073179938
3897,0.0027805963
4600,0.0017397228
7991,0.0066011962
8389,0.0062920458
4214,0.0054593231
5471,0.0046950992
8909,0.0110110063
4717,0.0127440150
8530,0.0018948873
5327,0.0066632838
3129,0.0025238287
2900,0.0027976962
5942,0.0037965065
5900,0.0048257590
2796,0.0038469949
9752,0.0180180487
5002,0.0069880615
6383,0.0133725086
7310,0.0097215208
9537,0.0053375159
5157,0.0013912171
2382,0.0000000000
6114,0.0094015503
6878,0.0186227923
2385,0.0000000000
4400,0.0073563664
4800,0.0082439423
5094,0.0068499355
2386,0.0000000000
2800,0.0023493520
6563,0.0084865496
9689,0.0026745777
5747,0.0125515878
5166,0.0009820777
5658,0.0053774760
8960,0.0065135593
7984,0.0068691510
8783,0.0032123239
4328,0.0032275057
6202,0.0051940897
5277,0.0022852810
4469,0.0024317524
4769,0.0020211127
7266,0.0031235133
2404,0.0000000000
2405,0.0000000000
2941,0.0007637265
5255,0.0094053520
8523,0.0017291426
2410,0.0000000000
3051,0.0012668383
9738,0.0058778609
9203,0.0125641184
7894,0.0099502979
8148,0.0058524593
2420,0.0000000000
9200,0.0110113869
7148,0.0052116373
8538,0.0041569691
5170,0.0036224223
9497,0.0108291010
6028,0.0161102506
9140,0.0141535211
7002,0.0076261881
7839,0.0066269596
7414,0.0126271303
2947,0.0017485270
4367,0.0038528550
9700,0.0092411885
3335,0.0032954063
9122,0.0043160537
3694,0.0031470958
5316,0.0130843308
9169,0.0079967986
9424,0.0072978202
9291,0.0069363155
9703,0.0066129798
2446,0.0000000000
2448,0.0000000000
6720,0.0099993364
4227,0.0021817521
2545,0.0011708663
3956,0.0024085875
5994,0.0058281904
3703,0.0005114847
9461,0.0044181571
2778,0.0011127027
4645,0.0078773506
5606,0.0049660835
7559,0.0143632599
9416,0.0099073224
2471,0.0000000000
2473,0.0000000000
5665,0.0057208074
4107,0.0031716250
9462,0.0153209236
3324,0.0013872590
2482,0.0000000000
9094,0.0022386165
2547,0.0011058977
2488,0.0000000000
6177,0.0072728674
6508,0.0142348028
8737,0.0084036611
7661,0.0052139563
9736,0.0256005293
2890,0.0011024905
8200,0.0059329169
3807,0.0054480426
7952,0.0072978575
2503,0.0000000000
3819,0.0016173016
6574,0.0124253769
6540,0.0044056532
5263,0.0038406704
4644,0.0023735105
2517,0.0000000000
6741,0.0064826830
2527,0.0000000000
4735,0.0098173270
6033,0.0088456414
4491,0.0081699252
5109,0.0074414939
4098,0.0054710661
2584,0.0002734656
2538,0.0000000000
3783,0.0044285538
4283,0.0020419265
7715,0.0104290680
4552,0.0071285369
3373,0.0019861806
2957,0.0054770503
2548,0.0000000000
3687,0.0038099830
5566,0.0034626022
9410,0.0051519914
9988,0.0113522114
2550,0.0000000000
4174,0.0027940541
7169,0.0064184021
7217,0.0045547128
3041,0.0021842005
6297,0.0058403494
4366,0.0047691762
7635,0.0079880479
8493,0.0033517596
9266,0.0112034719
9034,0.0045964183
6122,0.0035061855
9304,0.0035353840
3961,0.0068373663
2570,0.0000000000
5482,0.0085648098
6309,0.0075698979
8576,0.0098684042
9692,0.0076220421
5706,0.0076491928
6090,0.0064846489
8667,0.0138957759
3180,0.0015943158
4140,0.0048281601
9760,0.0051755586
8108,0.0061499582
9289,0.0088752841
9585,0.0217393673
4525,0.0088825596
6982,0.0152191027
6832,0.0024161839
7760,0.0040017536
2605,0.0000000000
4240,0.0053042973
5679,0.0021381794
8474,0.0091049217
4677,0.0027103420
3230,0.0014211260
2786,0.0016645878
3097,0.0015522653
8336,0.0111169046
2620,0.0000000000
7646,0.0014312569
4892,0.0044245317
2624,0.0000000000
7733,0.0076424593
8223,0.0025505039
4322,0.0099183229
5012,0.0101658402
7857,0.0022326831
4320,0.0094357121
5231,0.0029783419
7476,0.0026422608
6557,0.0049722874
3535,0.0057722097
8063,0.0091325511
9859,0.0107397307
7073,0.0089588478
2650,0.0000000000
7108,0.0102142428
2652,0.0000000000
6443,0.0087664267
6721,0.0083185983
6445,0.0082906432
2718,0.0017777083
6252,0.0134386025
6629,0.0088797683
2661,0.0000000000
5812,0.0046187567
9108,0.0043620121
6461,0.0089507466
3459,0.0022476251
9130,0.0068411977
3490,0.0041312034
6503,0.0050724984
2678,0.0000000000
3662,0.0044703150
4036,0.0018959553
7712,0.0150368027
8611,0.0076584527
7789,0.0084412249
5141,0.0031009998
7524,0.0068615179
9367,0.0073282127
4280,0.0067525337
6947,0.0065487301
8429,0.0057139650
6416,0.0124564453
4727,0.0022465720
2695,0.0000000000
2696,0.0000000000
3424,0.0017150160
2697,0.0000000000
6510,0.0031283157
8289,0.0029133011
2700,0.0000000000
3691,0.0044451727
3225,0.0003205677
5193,0.0079220520
3316,0.0046521356
6072,0.0057807236
2712,0.0000000000
6143,0.0075161847
2713,0.0000000000
2721,0.0013339088
3115,0.0013339088
2821,0.0017333827
9491,0.0090180831
3247,0.0027793423
5387,0.0060138473
8883,0.0058673438
4702,0.0027946199
8949,0.0074595767
9786,0.0069260539
4059,0.0047187418
5444,0.0028208466
9374,0.0087527765
2735,0.0000000000
5040,0.0105735789
8637,0.0163013655
4961,0.0075900650
8889,0.0065931650
5495,0.0078541644
6628,0.0063839250
6929,0.0057707147
4418,0.0056895732
2760,0.0000000000
8983,0.0064920922
6471,0.0031562436
2777,0.0000000000
5342,0.0022562701
4554,0.0007042662
2782,0.0000000000
4743,0.0037303629
8956,0.0134240886
3329,0.0025680559
7734,0.0053920704
2794,0.0000000000
2795,0.0000000000
8406,0.0131044836
2935,0.0011181780
6320,0.0093783816
8165,0.0066554522
6355,0.0031929336
9508,0.0132019675
5276,0.0024850150
8759,0.0026468988
3170,0.0052788627
4957,0.0032932649
9902,0.0080075305
2811,0.0000000000
2812,0.0000000000
9113,0.0097288289
2980,0.0020359834
6109,0.0060412496
3643,0.0012303580
4865,0.0051970630
2820,0.0000000000
3427,0.0017351826
3622,0.0033372991
4796,0.0042184295
6208,0.0072831987
8645,0.0106723747
2830,0.0000000000
4737,0.0069731983
4710,0.0005157066
6266,0.0012213103
7669,0.0055780859
8361,0.0038460475
8933,0.0105247485
8124,0.0094806281
6401,0.0041937839
9166,0.0140002179
5687,0.0046947559
3131,0.0024689990
6505,0.0060022971
2869,0.0000000000
6548,0.0120327234
7579,0.0098147075
9754,0.0064427110
4030,0.0044564831
3611,0.0051172828
5796,0.0036075751
4119,0.0015380898
5386,0.0042709420
8492,0.0076779655
6062,0.0062536809
9466,0.0202822181
3484,0.0016232401
7975,0.0073286240
8640,0.0033719741
8508,0.0066137494
4758,0.0063437297
5370,0.0031799358
5602,0.0009750140
6640,0.0079682411
8562,0.0030902356
3588,0.0017917730
4021,0.0041253357
5389,0.0016351083
6201,0.0023283481
2911,0.0000000000
6517,0.0133030896
5841,0.0149416536
6288,0.0057681132
3906,0.0044711258
5463,0.0044053957
7486,0.0070968407
6553,0.0062651696
7794,0.0053052667
3933,0.0048207387
9492,0.0185304436
6965,0.0071375166
7357,0.0113250609
7251,0.0118379452
5310,0.0008307578
6093,0.0046148586
6549,0.0025164057
9539,0.0115393265
8816,0.0073997224
4033,0.0007114182
4403,0.0134210269
3848,0.0039275928
4629,0.0105263468
4861,0.0110801698
5213,0.0019372359
3657,0.0030366194
5891,0.0075638470
3091,0.0008974511
6240,0.0024410486
3208,0.0023887794
6268,0.0038779290
8443,0.0059946265
3048,0.0010540968
4586,0.0042181194
3099,0.0012532631
6107,0.0120848619
7998,0.0036042543
4087,0.0013944058
4897,0.0006715400
8451,0.0090883382
9465,0.0044918557
3014,0.0000000000
9730,0.0058638550
5537,0.0095539862
5253,0.0007701840
8584,0.0098154005
5570,0.0053436065
4228,0.0019020559
8021,0.0060095538
8965,0.0049286884
3987,0.0020818199
4020,0.0124550240
7195,0.0141958111
4463,0.0023687078
4744,0.0028525981
9773,0.0131362393
7529,0.0124541641
8553,0.0055565954
9831,0.0057302310
6392,0.0107668868
9047,0.0052816916
3664,0.0029343529
8199,0.0038153583
6858,0.0068778236
9870,0.0054203004
3073,0.0000000000
8299,0.0097982905
4136,0.0061490325
6014,0.0119180931
7901,0.0035862754
7531,0.0088831973
3911,0.0060260310
8896,0.0087807032
7030,0.0019853396
7493,0.0144679931
6440,0.0069094620
7827,0.0094145881
3371,0.0003563542
8993,0.0064616953
5707,0.0042230423
9800,0.0052884510
5832,0.0011153124
4994,0.0114718511
6334,0.0013096279
6802,0.0092505949
5221,0.0012010246
5722,0.0050800993
9784,0.0044306397
6523,0.0074268235
4674,0.0014987336
4986,0.0014987336
3167,0.0000000000
9382,0.0148502767
3173,0.0000000000
7513,0.0049289170
9611,0.0084722195
9863,0.0043103024
9622,0.0074562133
8274,0.0093352932
8725,0.0113995553
7368,0.0059690576
9221,0.0054234917
3736,0.0029581003
3212,0.0000000000
5492,0.0076587376
6744,0.0079326984
3224,0.0000000000
6896,0.0039031627
4562,0.0069114623
8250,0.0104698758
7510,0.0049424381
6184,0.0066600852
7548,0.0048092269
7568,0.0092740635
9227,0.0074436115
6819,0.0091107465
9332,0.0091658868
7364,0.0105337300
4219,0.0004934591
6313,0.0050341011
8431,0.0062793050
9328,0.0046224433
5961,0.0060677440
3957,0.0048772484
3289,0.0000000000
7719,0.0110806096
5271,0.0014313602
6135,0.0049244762
5400,0.0019711502
5365,0.0022574004
3480,0.0021857817
5973,0.0047394392
6274,0.0040547109
8144,0.0060630285
8183,0.0023705812
8087,0.0064856344
8397,0.0180979205
7426,0.0074729296
4895,0.0079455674
7167,0.0028273206
5013,0.0038596717
7247,0.0025608679
8935,0.0048111332
8533,0.0135372378
3499,0.0012730436
5143,0.0051469004
7898,0.0024622215
7815,0.0029945904
5682,0.0033864832
4122,0.0025008515
5181,0.0067013418
3415,0.0000000000
9035,0.0051897780
5769,0.0060586406
3419,0.0000000000
3624,0.0003452257
6160,0.0053839509
6312,0.0123746101
3426,0.0000000000
5631,0.0068240787
3746,0.0017783633
3432,0.0000000000
7053,0.0043168355
8600,0.0062764617
5881,0.0035304119
3447,0.0000000000
3838,0.0015196012
8631,0.0071628864
6009,0.0027090628
5556,0.0015142125
7033,0.0078799988
7776,0.0066305696
3471,0.0000000000
6923,0.0030733884
8398,0.0096468758
7738,0.0081239976
9978,0.0028150171
7908,0.0060653880
7202,0.0029885155
9072,0.0048715604
9690,0.0097585943
4915,0.0010343043
9036,0.0101324166
9141,0.0028541166
7298,0.0091671147
9965,0.0065080340
4265,0.0007670714
9602,0.0033521093
6991,0.0020916814
3741,0.0013544104
9717,0.0094866640
3568,0.0000000000
5053,0.0055715333
3573,0.0000000000
3575,0.0000000000
5632,0.0018453715
4285,0.0010827502
5561,0.0027273252
6976,0.0092415336
8940,0.0077561636
5286,0.0070716450
4901,0.0044721977
7855,0.0045538881
6597,0.0022728718
3621,0.0000000000
6469,0.0061907272
3630,0.0000000000
4459,0.0014963931
8151,0.0075578411
7588,0.0095210149
3645,0.0000000000
6833,0.0030904098
6642,0.0072772328
6451,0.0085164596
3682,0.0000000000
7871,0.0063132658
5005,0.0025241452
4083,0.0009538550
8024,0.0030970055
5330,0.0052620756
7227,0.0049741300
3884,0.0015476028
6949,0.0044804138
9669,0.0052862065
8149,0.0138880722
3764,0.0000000000
4682,0.0014745982
7976,0.0051773829
7337,0.0090844749
6887,0.0011444317
5865,0.0094109853
6465,0.0070820487
8566,0.0131390418
9194,0.0059174570
4211,0.0021625734
9721,0.0057441703
7099,0.0068214246
4853,0.0042605605
3845,0.0000000000
3846,0.0000000000
9470,0.0165602032
6140,0.0073017691
9300,0.0067301482
3864,0.0000000000
6087,0.0033917229
8284,0.0027946860
9556,0.0027646114
3902,0.0000000000
6363,0.0029500580
7218,0.0041123189
6837,0.0027348876
3918,0.0000000000
6251,0.0058534486
9442,0.0035208511
6056,0.0049919273
6061,0.0058832162
6725,0.0071646909
7924,0.0074179878
3942,0.0000000000
5690,0.0023272177
7779,0.0025646245
8680,0.0084801887
6253,0.0070304747
3966,0.0000000000
5612,0.0066217168
7797,0.0040964106
3970,0.0000000000
5908,0.0022490019
8019,0.0086578120
8722,0.0050025122
4885,0.0007897400
9544,0.0120621745
5668,0.0020882098
9731,0.0049924385
9279,0.0026640094
9927,0.0115302875
4010,0.0000000000
5325,0.0046048469
6912,0.0059394801
6534,0.0042047022
5195,0.0018650238
5917,0.0032197235
8535,0.0027778709
6376,0.0049005545
4054,0.0000000000
4066,0.0000000000
8503,0.0090396623
5524,0.0028333293
9440,0.0054754798
5065,0.0026211279
6926,0.0064687110
9029,0.0145323894
7132,0.0034737289
8375,0.0040592696
5559,0.0017220158
9722,0.0012988387
5711,0.0023853576
7618,0.0060243185
4452,0.0000819527
9648,0.0065065459
4245,0.0000000000
6272,0.0033107506
8779,0.0044007734
6089,0.0026613627
6138,0.0054515419
8542,0.0044409226
4336,0.0000000000
6801,0.0019848352
4373,0.0000000000
6713,0.0049778264
9949,0.0059050434
8776,0.0067804235
6438,0.0008319478
4442,0.0000000000
7877,0.0030163719
9244,0.0022504637
4665,0.0004130786
8312,0.0071007802
8420,0.0027912667
5507,0.0028103581
5064,0.0034746019
5393,0.0016714387
7188,0.0015653126
4604,0.0011409784
9207,0.0030230089
4891,0.0014679629
5294,0.0019949754
5700,0.0008209652
4987,0.0002050193
6468,0.0036127720
7746,0.0048429972
6806,0.0033953148
4790,0.0033988808
4638,0.0000000000
9369,0.0103219417
7850,0.0019156837
6448,0.0068363972
8452,0.0030850532
8472,0.0046862688
9659,0.0028926484
6362,0.0047972909
6900,0.0012332273
7830,0.0049439127
8778,0.0008828803
7114,0.0020316173
5126,0.0011682254
7184,0.0029092321
8374,0.0015460206
6839,0.0072939742
8436,0.0050587362
4990,0.0000000000
4999,0.0000000000
5123,0.0010713170
5220,0.0009259809
6844,0.0044996656
6218,0.0033356574
7696,0.0013279024
7346,0.0031625023
6286,0.0010814135
8610,0.0023387494
7394,0.0019549024
9196,0.0030797793
7231,0.0015883511
5338,0.0000000000
7571,0.0050889138
8901,0.0024491087
7482,0.0011064701
7681,0.0063009011
5948,0.0006310850
9088,0.0070580687
9693,0.0058592515
5676,0.0000000000
7336,0.0012255626
7061,0.0039619434
7578,0.0012972445
9204,0.0035090756
5960,0.0010121837
9966,0.0047439193
6046,0.0000000000
6489,0.0039809503
7165,0.0011825225
7883,0.0011058439
7564,0.0019659203
6388,0.0000000000
7267,0.0003158175
6519,0.0000000000
6590,0.0000000000
9421,0.0037483813
7814,0.0025172981
7543,0.0004337823
8750,0.0016084175
