Node,Authority
10000,0.0000000000
50091,0.0000000000
1,0.0089604800
4518,0.0056479336
6428,0.0064137364
7132,0.0049037122
7387,0.0000000000
7730,0.0057193838
2,0.0111933377
440,0.0103435711
2425,0.0147073168
2680,0.0119509828
5107,0.0028771975
5639,0.0034314239
6178,0.0009975044
7271,0.0037707556
3,0.0123579936
274,0.0095854522
1612,0.0109737785
2747,0.0045523441
3435,0.0125022450
5579,0.0093435481
6237,0.0034479202
8882,0.0021178813
9277,0.0000000000
9695,0.0000000000
4,0.0188156631
1294,0.0063114926
1364,0.0219392670
1623,0.0110040066
4103,0.0030039602
4341,0.0093226260
5624,0.0038952445
5929,0.0064432499
6357,0.0071810152
7297,0.0061811085
8646,0.0048105445
9287,0.0031297280
9745,0.0000000000
9783,0.0000000000
5,0.0029027018
2553,0.0158254987
7587,0.0056269231
8784,0.0000000000
9085,0.0000000000
6,0.0131261805
2631,0.0189457447
5598,0.0027087590
7685,0.0048463638
7770,0.0019777118
8346,0.0048666052
8424,0.0090655759
9475,0.0018205194
9946,0.0000000000
7,0.0147326538
139,0.0068650225
2193,0.0061665215
4551,0.0137390306
6530,0.0083876795
6972,0.0018367165
8622,0.0000000000
8820,0.0000000000
9763,0.0000000000
8,0.0094201472
67,0.0138958983
1329,0.0144165767
2394,0.0050134304
2421,0.0152043927
4310,0.0083653532
4488,0.0086497602
5250,0.0084379514
5588,0.0042866567
8723,0.0009011043
9,0.0232538674
2698,0.0035139735
3851,0.0119906865
4008,0.0238331771
5135,0.0123554677
5506,0.0095844333
5577,0.0095549207
6718,0.0008526121
6791,0.0037943033
6999,0.0049471094
7908,0.0026602559
8851,0.0000000000
9259,0.0008741747
9585,0.0021875406
9670,0.0008102722
10,0.0043417472
1327,0.0052753914
1469,0.0114291022
3019,0.0110662666
5847,0.0040619519
6685,0.0046710924
11,0.0045650128
61,0.0066910642
175,0.0104450342
1148,0.0058088932
3291,0.0092249809
5779,0.0057428064
9922,0.0000000000
12,0.0166278109
291,0.0192844558
958,0.0104639790
2381,0.0062155673
2415,0.0169842626
5122,0.0149120586
5129,0.0124390351
6418,0.0130147667
6596,0.0033428895
6801,0.0034298289
6975,0.0032763633
7611,0.0083021315
9617,0.0000000000
13,0.0223105711
566,0.0204601696
1807,0.0086537175
2752,0.0195935859
3043,0.0136264974
3314,0.0172433738
4608,0.0056557105
4690,0.0212683489
5360,0.0093221873
5515,0.0104406892
5927,0.0027806893
6069,0.0034522368
6326,0.0030006022
7256,0.0013216094
7959,0.0022275651
8219,0.0035003720
9411,0.0000000000
9633,0.0000000000
14,0.0223421546
617,0.0101793177
695,0.0131568931
1402,0.0160171588
2226,0.0091505995
2291,0.0141631042
2474,0.0222170439
3079,0.0189415005
3679,0.0146804191
3913,0.0086021420
5148,0.0047182691
7026,0.0059988763
7222,0.0067028397
7388,0.0082771328
7465,0.0017552895
8659,0.0032731288
8874,0.0000000000
9700,0.0039978333
15,0.0344057005
30,0.0119440662
1204,0.0099008039
2106,0.0106038592
2241,0.0185678249
3064,0.0117337941
3152,0.0113018083
3900,0.0085118513
4676,0.0086550660
4945,0.0033389420
5174,0.0069913016
5287,0.0051638450
5580,0.0052220810
5767,0.0059712061
6625,0.0012296099
6640,0.0049521757
6726,0.0102053083
7426,0.0000000000
9791,0.0000000000
16,0.0146549459
1742,0.0142567636
3873,0.0086817944
5058,0.0112647112
6021,0.0086825642
6282,0.0047462788
6362,0.0096603488
8141,0.0047260637
17,0.0133350593
978,0.0184814214
1399,0.0132824460
3025,0.0093388600
3949,0.0128445099
4294,0.0114284347
4840,0.0083496014
7921,0.0036207225
8216,0.0093958746
8322,0.0036650253
9574,0.0000000000
18,0.0200658289
1028,0.0036093600
1736,0.0076852546
1926,0.0086881509
2089,0.0185904909
2611,0.0073325544
3416,0.0117101990
4145,0.0064424359
4575,0.0080843230
6816,0.0057828621
7008,0.0057054411
7290,0.0034885442
8372,0.0088360486
19,0.0133096685
604,0.0193086460
859,0.0095040738
2832,0.0106316453
4232,0.0052241472
4233,0.0070465515
5212,0.0033538100
6646,0.0040760784
7001,0.0071672981
7116,0.0064055418
8654,0.0015187092
8823,0.0032918696
20,0.0214794844
644,0.0075199719
942,0.0106571482
1124,0.0082670879
2257,0.0030209877
2868,0.0121680283
3241,0.0058595403
3577,0.0006877940
3876,0.0052425940
6146,0.0121734835
6607,0.0081068492
8781,0.0032528530
9792,0.0000000000
9814,0.0000000000
21,0.0132568607
716,0.0165563850
1253,0.0105210381
2118,0.0235413165
4577,0.0052766746
4906,0.0084740777
6636,0.0066007768
7415,0.0037201748
8014,0.0000000000
8055,0.0013007401
8532,0.0048268021
22,0.0173630942
1514,0.0074987652
1603,0.0164686234
2492,0.0134381724
2659,0.0227798320
3667,0.0174652037
3742,0.0060980480
4342,0.0032008894
5351,0.0082665761
8092,0.0011146282
8308,0.0008218281
9034,0.0006235031
9774,0.0000000000
23,0.0092684647
48,0.0140460943
756,0.0169451316
1917,0.0152960703
3374,0.0163921007
6226,0.0023776192
6452,0.0033371748
8001,0.0040155638
8452,0.0034972929
24,0.0254804071
713,0.0079865970
1239,0.0019705724
2012,0.0096237438
2220,0.0062482769
2406,0.0055437836
3256,0.0091821012
3422,0.0080942234
3745,0.0268949435
4101,0.0056217873
4568,0.0126201222
4893,0.0044277823
6100,0.0048885434
6181,0.0055692730
6461,0.0062234666
6587,0.0027928136
7615,0.0078590516
8242,0.0016737566
8668,0.0000000000
25,0.0090533133
134,0.0094896584
396,0.0143068710
413,0.0156925174
778,0.0055185000
3215,0.0134318054
4062,0.0041977426
4948,0.0076779955
5154,0.0075314925
6510,0.0045919020
6605,0.0049243120
7644,0.0013725182
7736,0.0081435732
26,0.0094053976
451,0.0077029106
1879,0.0074639412
2245,0.0033266628
3009,0.0103251616
3063,0.0025276349
3703,0.0036407999
4007,0.0052415308
8903,0.0017711008
9432,0.0000000000
27,0.0184185705
238,0.0119547380
538,0.0265901234
1305,0.0127403278
1446,0.0236986393
3088,0.0154553197
3399,0.0149390383
3865,0.0114572542
4846,0.0086724369
5477,0.0040593973
5571,0.0091824073
5656,0.0149360712
8425,0.0036245240
8735,0.0032330039
8938,0.0006948616
28,0.0092918730
772,0.0132017731
3250,0.0092397912
3729,0.0113967427
3810,0.0138237565
5390,0.0044868722
6613,0.0029935663
8762,0.0022384126
29,0.0078589841
77,0.0242080204
5024,0.0026791398
5303,0.0038388241
6825,0.0120313361
8507,0.0069395683
9074,0.0004291041
9431,0.0000000000
1420,0.0174550694
2808,0.0114385890
3520,0.0224160887
5064,0.0111670731
5242,0.0045235183
6794,0.0107685880
7453,0.0043983810
9133,0.0029798148
31,0.0217698911
185,0.0114483241
675,0.0163091855
1041,0.0084448566
3189,0.0098933060
3238,0.0161596135
3929,0.0053957993
4005,0.0142524306
6176,0.0139689901
7283,0.0013387356
7661,0.0017431446
7965,0.0000000000
9006,0.0010300292
9050,0.0011429297
9974,0.0000000000
32,0.0090935998
782,0.0082691166
1361,0.0132032834
2282,0.0000000000
3938,0.0076224290
5856,0.0071171320
6769,0.0038674044
7024,0.0054714326
7631,0.0057767578
8537,0.0042839573
33,0.0192275476
2397,0.0149518718
2999,0.0099305574
3123,0.0121724276
5055,0.0112885633
5978,0.0120424804
6093,0.0163609147
6389,0.0141229232
8039,0.0150673114
8227,0.0000000000
34,0.0148011997
691,0.0155730006
2186,0.0060097652
2286,0.0149857687
4546,0.0068069500
5310,0.0022877526
8419,0.0015825755
8706,0.0048029188
9301,0.0000000000
9499,0.0022349528
9972,0.0000000000
35,0.0200384862
401,0.0182047712
1181,0.0114604246
2218,0.0068662665
3133,0.0146227512
3353,0.0103760320
5400,0.0056075967
5424,0.0106822198
7036,0.0049694313
7191,0.0094361931
7870,0.0000000000
7991,0.0034327062
8746,0.0077324923
9478,0.0018081940
9876,0.0000000000
36,0.0077698157
2157,0.0157703202
2174,0.0125498878
2907,0.0070901976
3634,0.0109961861
5204,0.0100702049
5964,0.0041675468
6448,0.0065452289
7032,0.0012769941
37,0.0034841034
151,0.0069735527
402,0.0165446188
715,0.0096117466
1078,0.0156628661
1383,0.0103937294
2015,0.0050829850
3740,0.0115251523
4042,0.0141127074
9045,0.0014926847
38,0.0084579141
697,0.0130293727
1687,0.0189577271
1999,0.0188403640
3754,0.0074858501
4307,0.0119754291
4968,0.0052791039
6231,0.0133076665
7620,0.0042340398
9587,0.0000000000
39,0.0133249759
1449,0.0042886578
1676,0.0098193042
2443,0.0148611488
2837,0.0156162289
5031,0.0182959070
5529,0.0075316166
5704,0.0020467774
7041,0.0077187375
9114,0.0000000000
9406,0.0031054256
9984,0.0000000000
40,0.0083485067
636,0.0199875515
5301,0.0095809779
5385,0.0005374565
5835,0.0054026848
6125,0.0049805335
6705,0.0085517796
7319,0.0107217344
41,0.0083880390
969,0.0148027416
3637,0.0112726934
3758,0.0045501924
5083,0.0034217452
6199,0.0116671196
7583,0.0027589324
8052,0.0070726729
42,0.0168694384
514,0.0118810589
1479,0.0285539422
1875,0.0125062654
2654,0.0126507653
2834,0.0168806304
4863,0.0029805565
7794,0.0051603099
7845,0.0013725182
8879,0.0028322815
8907,0.0015467673
43,0.0121648451
864,0.0139197643
1508,0.0062235776
1533,0.0071784313
3875,0.0095078925
4459,0.0089909289
5680,0.0049635529
6848,0.0045289539
6930,0.0059488765
44,0.0105085530
1425,0.0077149488
1492,0.0183835768
3479,0.0015794178
3999,0.0111229520
4921,0.0117676802
4952,0.0072792095
5039,0.0041721977
8047,0.0045319341
8400,0.0016320090
45,0.0106459677
497,0.0148830994
1345,0.0213953515
3912,0.0068413785
5394,0.0053848074
6139,0.0158379555
6194,0.0072399194
7800,0.0000000000
8443,0.0017971340
46,0.0163077860
565,0.0060991008
2224,0.0261808601
2503,0.0150982626
2600,0.0150692255
3513,0.0046945933
5111,0.0085982512
5541,0.0084709024
5658,0.0151087723
6460,0.0034291831
6846,0.0050442604
7801,0.0059857763
9143,0.0000000000
9265,0.0031345139
47,0.0142827908
1923,0.0036409093
2328,0.0077550366
2439,0.0107450515
2727,0.0214940245
3944,0.0135164021
4069,0.0146285001
4644,0.0078828758
5225,0.0104765624
7722,0.0004851981
7913,0.0068654283
8720,0.0040089173
1702,0.0048004623
4428,0.0041894665
4914,0.0047980957
6084,0.0017191259
6611,0.0024902678
6748,0.0110049577
6906,0.0074164170
6969,0.0006768319
49,0.0198978331
1506,0.0111338992
2622,0.0129384120
4571,0.0113579230
4894,0.0104577868
6380,0.0119116142
7339,0.0036789703
8481,0.0034177279
8716,0.0008161481
9658,0.0000000000
50,0.0214212362
503,0.0100826283
1359,0.0123301319
1768,0.0183587473
2813,0.0092751447
3122,0.0152282429
4848,0.0124701443
6653,0.0014285499
6814,0.0013469101
7185,0.0000000000
7585,0.0021880797
8286,0.0053367941
9208,0.0000000000
51,0.0084195762
1154,0.0083152973
1640,0.0205032453
2219,0.0204551576
2569,0.0171122392
3535,0.0099378478
5503,0.0107894161
8478,0.0043076134
9902,0.0000000000
52,0.0124163727
371,0.0152690286
824,0.0113998035
2176,0.0063867384
3592,0.0042715339
4297,0.0040845448
7662,0.0043325274
7927,0.0027307043
8118,0.0011203226
8809,0.0041168425
9524,0.0000000000
53,0.0183279028
4426,0.0049184427
4979,0.0126065831
5054,0.0031667434
5585,0.0025182505
6468,0.0043035091
6505,0.0120224935
8461,0.0038779935
8884,0.0016366808
9486,0.0034199404
9789,0.0000000000
54,0.0110665681
1938,0.0152310387
3080,0.0069105290
3612,0.0177697343
3613,0.0075540790
3821,0.0083370634
5166,0.0104247957
7455,0.0000000000
8792,0.0041168425
55,0.0154927081
391,0.0143093121
3989,0.0071441361
4452,0.0219497460
5594,0.0051844160
6898,0.0034768484
7184,0.0072812473
9080,0.0045967455
9228,0.0008745958
9547,0.0000000000
9607,0.0000000000
56,0.0093871408
1015,0.0199554827
1683,0.0054614076
3000,0.0110914783
3406,0.0066813286
3871,0.0103099743
4239,0.0071098401
5305,0.0078952168
9222,0.0017910185
57,0.0081012499
2364,0.0057212277
4262,0.0240901600
4634,0.0160132097
5315,0.0124711339
5499,0.0019980032
7967,0.0063124929
9399,0.0017942486
9795,0.0000000000
58,0.0178807729
2072,0.0133558581
3839,0.0102026966
3992,0.0095360135
4203,0.0051395720
4264,0.0149963937
6343,0.0035873659
6894,0.0053078044
8996,0.0020738863
9311,0.0000000000
9947,0.0000000000
9994,0.0000000000
59,0.0048874297
1817,0.0108806182
3050,0.0100405493
6121,0.0065938809
8480,0.0009223848
60,0.0108407392
1620,0.0121768931
4498,0.0059211473
4505,0.0100032935
6016,0.0020718815
7014,0.0070339368
7835,0.0085120395
9235,0.0000000000
9562,0.0000000000
461,0.0097351891
510,0.0096656510
2844,0.0209426575
4084,0.0060443404
4189,0.0072107793
7044,0.0019360385
8210,0.0062058157
8460,0.0023235009
62,0.0056590731
179,0.0099267005
1057,0.0071217460
3245,0.0079733058
4645,0.0079760128
5108,0.0050672612
9343,0.0013240076
63,0.0165844545
622,0.0039014375
895,0.0082644320
6279,0.0131261899
7031,0.0050783554
7488,0.0078106528
8278,0.0034403411
8614,0.0035695025
9146,0.0068010794
9679,0.0000000000
64,0.0079199286
368,0.0257966497
1460,0.0091617738
2655,0.0075427542
3182,0.0154085427
5794,0.0044380437
7752,0.0021880797
9850,0.0000000000
65,0.0124265236
666,0.0113204671
1789,0.0153329284
1943,0.0174123965
3614,0.0121840507
4363,0.0062812879
4470,0.0019659803
6050,0.0087144688
6750,0.0141853616
7537,0.0011509297
8740,0.0053356529
9962,0.0000000000
66,0.0134827365
946,0.0062766224
1886,0.0195940251
2422,0.0118571995
2548,0.0074710777
5042,0.0032491823
5677,0.0136077657
6745,0.0104166838
7064,0.0042079173
8162,0.0022773278
8402,0.0000000000
8603,0.0000000000
332,0.0211963091
722,0.0080217414
1794,0.0123573085
2621,0.0167048636
2873,0.0146905514
3815,0.0069114804
4447,0.0085675208
4604,0.0060565845
4754,0.0076048968
6155,0.0042889072
8496,0.0000000000
9395,0.0000000000
68,0.0162280395
1512,0.0151024795
2008,0.0049559496
3209,0.0165781034
3338,0.0109208756
3884,0.0118153991
5785,0.0090390725
6668,0.0030363101
6815,0.0039986284
7573,0.0094781729
8890,0.0016136223
69,0.0253190492
234,0.0072400702
926,0.0090955779
1238,0.0206791831
2448,0.0067951311
2962,0.0102988154
3061,0.0144433116
4394,0.0131852535
4662,0.0081277561
5891,0.0047967514
6329,0.0024663745
6884,0.0016926418
7370,0.0023395137
7993,0.0000000000
8338,0.0025668688
8442,0.0026580228
8611,0.0012786001
8932,0.0006671768
9718,0.0018815705
70,0.0129702627
93,0.0166401710
1029,0.0153060418
1324,0.0135818067
3263,0.0114340375
4343,0.0067978885
4930,0.0044199697
5834,0.0130121850
5926,0.0105635679
7531,0.0027878485
7584,0.0032249600
71,0.0066750237
214,0.0100302454
358,0.0124207759
1044,0.0269612852
1200,0.0114951659
2457,0.0146639807
4211,0.0107369816
4251,0.0091919753
5831,0.0077099711
6742,0.0097317689
9857,0.0000000000
72,0.0121460180
208,0.0168438718
2101,0.0050331169
2954,0.0042382587
3361,0.0076599223
4195,0.0099077431
6800,0.0013458505
7336,0.0088915650
8074,0.0031873490
8334,0.0023789199
73,0.0164394399
2161,0.0054094657
3903,0.0050132210
5003,0.0048441988
5642,0.0074402953
5968,0.0051765253
6919,0.0048034650
7018,0.0087572215
8407,0.0007683824
8615,0.0043458004
8930,0.0000000000
9072,0.0012386461
74,0.0204610708
2104,0.0124528961
4314,0.0101442578
4414,0.0077189255
4748,0.0175293078
5447,0.0152856054
5611,0.0053263867
5928,0.0141038527
8018,0.0000000000
8085,0.0022755353
8515,0.0000000000
75,0.0084619971
2271,0.0249501303
2968,0.0065359229
4397,0.0078448762
7169,0.0061486970
7795,0.0024263641
9643,0.0040521045
76,0.0137734182
1611,0.0181582338
3923,0.0043142539
4090,0.0142300463
5043,0.0059748944
5840,0.0083424810
8154,0.0085425980
9039,0.0000000000
9187,0.0059049528
9368,0.0000000000
580,0.0048684227
770,0.0087462104
4523,0.0118911160
4936,0.0045548991
5386,0.0062891494
5871,0.0096567416
6421,0.0046466771
6798,0.0063228574
8000,0.0034338169
9170,0.0047812798
9680,0.0016845580
78,0.0089681828
1415,0.0227161357
1495,0.0084139393
2653,0.0261802749
3648,0.0100307544
5343,0.0125158818
6059,0.0030417539
8880,0.0000000000
9693,0.0014044439
79,0.0084920786
1410,0.0086158685
2586,0.0059680407
5327,0.0107260670
6905,0.0035374794
8592,0.0014307165
8854,0.0022893125
80,0.0165421896
708,0.0111278163
755,0.0087713332
1452,0.0076862968
1459,0.0164293066
2376,0.0116245523
3529,0.0035942520
5915,0.0154132666
6077,0.0104775298
6482,0.0008026651
7240,0.0089930177
8152,0.0033028106
9549,0.0000000000
81,0.0074556913
189,0.0247764451
2992,0.0091204281
5102,0.0069983626
6041,0.0099269765
6674,0.0080722681
6719,0.0014022922
82,0.0200180934
1525,0.0247448025
1981,0.0164462900
2111,0.0135535626
2766,0.0118879411
3630,0.0065264025
3921,0.0065176615
4253,0.0063308286
5105,0.0038630293
5203,0.0019067587
6168,0.0106893667
6481,0.0090418302
7511,0.0004746996
7527,0.0000000000
7553,0.0013495172
7665,0.0018089291
83,0.0249717686
2520,0.0071726520
2722,0.0069677097
3140,0.0107339225
3373,0.0050773235
4760,0.0077343374
5254,0.0141218893
5340,0.0055253609
5708,0.0052493491
7118,0.0000000000
7684,0.0015190723
8171,0.0000000000
8381,0.0023384351
9082,0.0000000000
84,0.0434207776
476,0.0211114174
1048,0.0085473353
1912,0.0210548379
2413,0.0114481404
3229,0.0167635383
4111,0.0083385055
4537,0.0143005104
4678,0.0139692140
5077,0.0208569620
6025,0.0036153492
6844,0.0023815654
7529,0.0056522725
8772,0.0000000000
9452,0.0035695025
9797,0.0000000000
9859,0.0006796164
9923,0.0000000000
9966,0.0000000000
85,0.0157540016
1816,0.0101810188
4609,0.0153268243
4787,0.0031448515
6216,0.0013717804
7821,0.0040893222
7945,0.0055466501
8719,0.0011185945
9940,0.0000000000
86,0.0062016275
1245,0.0307911476
1484,0.0135936668
1946,0.0129910051
2155,0.0176465093
5357,0.0075070430
9706,0.0000000000
9873,0.0000000000
87,0.0173083951
1246,0.0125190578
1643,0.0139063545
4192,0.0074571560
4463,0.0047953063
5601,0.0087374153
6352,0.0136005218
6395,0.0053408455
6787,0.0152840507
7555,0.0014833147
8793,0.0085827797
9582,0.0000000000
88,0.0294874342
1474,0.0099384421
2263,0.0079912735
2636,0.0176337860
3916,0.0082776985
4702,0.0043068737
4753,0.0053795438
5551,0.0034328295
6161,0.0139953068
7695,0.0011801825
8825,0.0000000000
8931,0.0000000000
9272,0.0000000000
9442,0.0000000000
9849,0.0000000000
89,0.0071049249
2540,0.0101278782
3239,0.0098260048
3380,0.0123258523
3510,0.0050649581
4566,0.0086111212
6391,0.0076905041
6542,0.0027451952
8530,0.0046249371
90,0.0235405959
110,0.0176336566
1627,0.0072325352
3150,0.0123431738
3288,0.0083314785
3316,0.0068801509
5268,0.0035207293
6366,0.0013840287
7498,0.0056840848
8314,0.0013432932
9392,0.0000000000
91,0.0072126218
108,0.0254078258
1257,0.0116447324
5872,0.0055450777
6234,0.0000000000
7828,0.0018885189
8683,0.0000000000
9793,0.0022204805
92,0.0331090913
576,0.0138527891
705,0.0120887536
1120,0.0175515667
2287,0.0117650827
2459,0.0101714680
3491,0.0064708639
6516,0.0071542071
6773,0.0054934118
7263,0.0059862806
7323,0.0041724306
7676,0.0044117739
8133,0.0108446534
8564,0.0000000000
8862,0.0054731025
1042,0.0189391807
1602,0.0116113450
1853,0.0096957268
2890,0.0039668323
4649,0.0093285061
4759,0.0060892112
7138,0.0019929973
9402,0.0007112013
9840,0.0000000000
94,0.0099395514
1841,0.0095234528
6083,0.0052053740
7099,0.0040772292
7864,0.0060975656
9124,0.0011431324
9181,0.0029552705
95,0.0212259127
901,0.0120049794
1256,0.0125489381
1669,0.0084871106
2453,0.0095982032
3309,0.0089522453
3750,0.0139461748
4765,0.0031725500
5545,0.0063628808
5846,0.0106414419
6215,0.0023426481
6712,0.0000000000
6785,0.0041608995
7918,0.0000000000
8223,0.0017812083
96,0.0198271370
415,0.0163966616
1590,0.0104749952
1897,0.0181871540
2121,0.0082007514
2307,0.0226981634
2590,0.0067855392
3060,0.0055683542
5219,0.0087564777
5512,0.0017563005
5671,0.0040962128
6173,0.0074437413
7466,0.0106339680
7774,0.0027485823
8013,0.0012966952
97,0.0115464820
858,0.0087805247
1005,0.0078691983
1857,0.0152409613
2494,0.0109473113
2921,0.0109486877
3448,0.0052990857
5251,0.0110371707
6928,0.0047156186
8787,0.0000000000
9515,0.0000000000
9978,0.0000000000
98,0.0170106935
682,0.0142263546
1134,0.0149200869
1264,0.0236149926
2712,0.0085678516
3269,0.0117688721
5892,0.0079702555
6683,0.0041999688
8135,0.0059347978
8523,0.0000000000
9481,0.0000000000
99,0.0102339531
627,0.0173371425
1004,0.0192649686
1491,0.0191804202
4511,0.0048306455
4530,0.0156626599
4672,0.0077184842
6978,0.0070968477
7561,0.0060566600
9023,0.0000000000
9728,0.0042485276
100,0.0099620492
548,0.0128354900
646,0.0076397726
840,0.0098939876
1158,0.0059507674
4137,0.0119777499
5222,0.0110563240
6408,0.0073819933
6649,0.0022093666
7500,0.0008785213
8455,0.0022349528
101,0.0106767148
252,0.0120328055
1944,0.0190955525
4557,0.0130920072
4713,0.0061895657
6116,0.0067458255
6558,0.0011247770
6695,0.0060089666
9474,0.0026449742
9899,0.0000000000
102,0.0104045542
665,0.0055126509
2911,0.0085296069
4465,0.0079298639
7748,0.0000000000
8353,0.0017053572
9526,0.0000000000
103,0.0114721756
758,0.0183074037
1067,0.0122049287
2651,0.0219369152
3924,0.0091911075
4513,0.0121175335
4535,0.0013120256
5780,0.0103349139
5906,0.0039068004
9756,0.0023288200
104,0.0127535373
861,0.0064949271
2431,0.0190703189
3274,0.0098391808
3488,0.0144114303
4001,0.0099530038
6532,0.0040162009
6995,0.0015926907
8165,0.0007009244
9122,0.0000000000
9572,0.0000000000
105,0.0042843605
949,0.0233729186
1382,0.0165315176
4119,0.0138811707
5438,0.0224918061
8288,0.0040285846
106,0.0122063060
954,0.0158229230
1836,0.0070283739
2817,0.0132825247
8043,0.0030898655
8687,0.0000000000
9203,0.0000000000
9468,0.0010959211
9631,0.0000000000
107,0.0059308103
221,0.0109771105
2725,0.0075959500
6568,0.0096371430
6585,0.0090734006
6720,0.0029538728
1099,0.0166779812
1900,0.0080449984
2493,0.0106870470
2562,0.0042857578
3058,0.0065880145
4194,0.0082984809
4803,0.0069980866
4949,0.0061955842
5316,0.0108412730
5565,0.0046653228
6399,0.0043038145
6522,0.0024452929
8437,0.0040448012
8859,0.0000000000
109,0.0232833061
301,0.0145441186
2354,0.0141750442
2870,0.0134563521
4784,0.0048053342
4869,0.0057541598
5035,0.0080196653
5279,0.0025188131
9273,0.0000000000
9593,0.0008745958
9933,0.0000000000
394,0.0101527985
623,0.0256771681
1013,0.0134794882
1219,0.0128120452
3173,0.0051774932
3266,0.0032450598
4700,0.0082397384
5774,0.0101111130
6766,0.0058595952
7327,0.0078630486
7475,0.0079400600
7769,0.0012775343
8080,0.0022361616
8985,0.0000000000
111,0.0120331742
637,0.0183140945
845,0.0170820024
2093,0.0110809391
2956,0.0029888305
4076,0.0022469667
5905,0.0072440894
5923,0.0059047989
7758,0.0017247160
8875,0.0000000000
112,0.0122004077
5015,0.0148285721
5168,0.0178855650
8726,0.0028949133
8732,0.0023128726
9878,0.0025231978
113,0.0094940115
1656,0.0086496253
2338,0.0102840288
3224,0.0046847814
4204,0.0078131528
5044,0.0044550515
5257,0.0055678456
7754,0.0023976877
114,0.0055044783
1560,0.0069107409
2146,0.0066339512
3047,0.0117979672
6539,0.0054322770
115,0.0115762411
2731,0.0081345030
3765,0.0041882750
4360,0.0045132680
4533,0.0069100185
4716,0.0052283720
4896,0.0086279710
7746,0.0000000000
8871,0.0000000000
116,0.0139002875
282,0.0112988578
1016,0.0114299263
1190,0.0058297186
3791,0.0077024599
4474,0.0119038291
4751,0.0102496090
6157,0.0012384868
6160,0.0063231431
6559,0.0040953284
117,0.0212521934
1651,0.0188904461
1791,0.0121611683
2231,0.0200074018
3196,0.0066449081
3339,0.0121978095
6656,0.0077526217
6835,0.0040650320
8117,0.0055278266
8237,0.0060231206
8313,0.0010318658
9476,0.0000000000
9980,0.0000000000
118,0.0384291089
648,0.0179638306
1073,0.0025159941
3440,0.0091713843
4480,0.0099642851
4620,0.0078086472
5838,0.0143866333
5863,0.0071222710
5959,0.0122826082
8116,0.0043651141
8451,0.0043915751
9102,0.0016938163
9118,0.0000000000
9730,0.0045736400
119,0.0080845192
1193,0.0082244111
2664,0.0133979463
2852,0.0116496882
3669,0.0261390346
4377,0.0133502479
5564,0.0051380081
6651,0.0243685614
8591,0.0058834863
120,0.0069812915
629,0.0119242685
4028,0.0069678716
7600,0.0008000405
7937,0.0041377108
121,0.0104272569
1699,0.0218462418
2029,0.0269225555
4292,0.0203886291
7286,0.0020494709
8274,0.0019468973
8818,0.0018171727
9427,0.0000000000
122,0.0156483584
1161,0.0094654282
1490,0.0066646005
1540,0.0292428485
2167,0.0068429290
2276,0.0137278194
2882,0.0061333215
2977,0.0052738318
3428,0.0041130753
4886,0.0040188989
6896,0.0071767180
9258,0.0000000000
9274,0.0000000000
123,0.0161807289
4060,0.0154963815
5012,0.0174876861
6337,0.0025028651
6565,0.0076149979
6570,0.0029757985
7759,0.0026356847
8923,0.0009681357
8936,0.0000000000
9825,0.0000000000
124,0.0134631236
409,0.0075962968
2810,0.0113981586
3501,0.0213801774
3677,0.0081154982
4036,0.0128353016
4927,0.0073653105
5415,0.0092229513
7150,0.0036177657
9834,0.0000000000
125,0.0160518510
5833,0.0212434133
7949,0.0000000000
8696,0.0021781450
8858,0.0023557131
9027,0.0000000000
9342,0.0006742301
9739,0.0000000000
9879,0.0000000000
126,0.0154710887
761,0.0084597267
1170,0.0079333415
1566,0.0113491228
1714,0.0130664259
1722,0.0043703807
1906,0.0093491826
2246,0.0102103135
6030,0.0036845988
6038,0.0076751496
7187,0.0061816423
7833,0.0012528921
8547,0.0000000000
8548,0.0000000000
127,0.0229980403
872,0.0136988193
2473,0.0027890518
6429,0.0064350435
7443,0.0012291471
7814,0.0025600299
8337,0.0022894247
9415,0.0000000000
9512,0.0000000000
9736,0.0000000000
128,0.0110717660
172,0.0155839103
457,0.0042773649
2945,0.0038159272
3475,0.0032801474
4601,0.0050965178
7747,0.0049708599
7817,0.0014833147
129,0.0059820572
719,0.0049704040
4064,0.0109795379
5264,0.0110471047
5440,0.0054387926
5449,0.0075187695
6321,0.0053509561
8513,0.0000000000
130,0.0133512067
1309,0.0082796955
2547,0.0079511892
3056,0.0132352501
3103,0.0085677729
3546,0.0088557242
3952,0.0140559347
4416,0.0059339531
5426,0.0145894852
7917,0.0031958872
9866,0.0000000000
9906,0.0000000000
131,0.0088596731
1554,0.0073828474
2871,0.0120851450
3707,0.0074764792
4422,0.0128134986
5139,0.0184671383
8405,0.0038051647
132,0.0087986530
367,0.0053702769
581,0.0216953877
1846,0.0131056812
2189,0.0141320947
2678,0.0044825369
5670,0.0029848799
6342,0.0162145861
7519,0.0109933708
9696,0.0000000000
133,0.0151254319
657,0.0069836551
1056,0.0326782093
1224,0.0084800935
1673,0.0116984585
2236,0.0059261184
4493,0.0034118935
5093,0.0106232140
7206,0.0007658302
7616,0.0015240611
8955,0.0016232680
9638,0.0000000000
830,0.0059894266
2949,0.0083058178
4039,0.0163848604
4139,0.0052163646
6133,0.0071063267
8845,0.0000000000
135,0.0069911160
2937,0.0199546457
4517,0.0197220629
5085,0.0039822082
5467,0.0044826446
8896,0.0029378551
136,0.0117941177
2713,0.0049870566
4109,0.0018366295
4305,0.0103209617
5325,0.0079364709
7110,0.0023305293
7361,0.0045796564
7435,0.0056762980
9884,0.0000000000
137,0.0087591535
1947,0.0157703618
3547,0.0061718907
5387,0.0075247373
6375,0.0042234022
6595,0.0060446819
7318,0.0055007012
9145,0.0032183736
138,0.0158953699
1084,0.0124978101
1353,0.0120030417
2098,0.0165475018
2149,0.0062974377
2366,0.0120377661
2619,0.0104874629
2872,0.0112495030
4499,0.0072928168
4776,0.0030379724
6701,0.0000000000
7165,0.0012633694
9674,0.0004552848
284,0.0139620202
961,0.0235765253
1376,0.0113716649
1941,0.0115912031
3954,0.0149414926
5226,0.0071762608
7952,0.0011762626
9216,0.0000000000
140,0.0157194061
322,0.0107266287
797,0.0072323746
1963,0.0127045673
3511,0.0086985551
4564,0.0051609976
4738,0.0059181474
6626,0.0072601178
6707,0.0081177188
8906,0.0000000000
9421,0.0042838599
141,0.0090110520
3153,0.0067010835
5661,0.0014250361
8563,0.0011972224
142,0.0151330440
520,0.0151026334
925,0.0132132624
1896,0.0062744162
2148,0.0118381808
2204,0.0175657571
2515,0.0128432289
2555,0.0036046725
3198,0.0093716916
3420,0.0089294610
6233,0.0105631933
6548,0.0105608647
6807,0.0063716600
6931,0.0031359620
143,0.0160895122
1278,0.0167183393
1605,0.0082130453
1724,0.0117556469
2749,0.0129195370
2769,0.0187747060
3958,0.0073316336
4795,0.0068267395
5283,0.0077167744
6257,0.0029603534
6288,0.0036074573
6322,0.0153904944
6588,0.0032359366
8971,0.0000000000
144,0.0102089150
751,0.0107495497
1625,0.0142376050
3685,0.0215761999
3985,0.0114890881
4887,0.0144174823
6410,0.0050330276
6664,0.0072345883
9823,0.0022981203
145,0.0252637013
323,0.0129918903
1614,0.0089763714
3280,0.0090153551
3588,0.0248113809
4210,0.0092801487
4617,0.0038726036
6286,0.0127461472
6495,0.0045098101
6943,0.0015794178
7822,0.0042515443
8943,0.0000000000
9400,0.0000000000
9555,0.0015245845
9930,0.0000000000
146,0.0097605450
1759,0.0098016304
1899,0.0054451409
2758,0.0119022837
3596,0.0132309045
4098,0.0162183445
4244,0.0158025391
5600,0.0038624246
7121,0.0076476498
8860,0.0042367053
9479,0.0000000000
147,0.0142202041
3886,0.0094228777
4048,0.0091639928
5619,0.0052257060
6132,0.0014718658
7882,0.0071903195
8741,0.0000000000
8832,0.0024212276
8967,0.0000000000
148,0.0064872893
1930,0.0130929531
2170,0.0081229081
2195,0.0187694344
4923,0.0058631100
5812,0.0100573419
6866,0.0050857801
149,0.0106971709
1160,0.0189534916
2658,0.0051120566
5461,0.0084507637
6390,0.0053672921
7273,0.0034420288
9104,0.0037038996
9189,0.0052164719
150,0.0134711813
1778,0.0247652769
1844,0.0175856304
2304,0.0099282957
3132,0.0126969243
3200,0.0068090844
3874,0.0091462376
5981,0.0043762377
7072,0.0050211626
2395,0.0189814381
3753,0.0142589144
5686,0.0072315694
6467,0.0047864835
8567,0.0000000000
9241,0.0021861807
152,0.0116089364
810,0.0190435011
1991,0.0150541518
2906,0.0200347876
2995,0.0088379069
3357,0.0118327223
7337,0.0051400895
9219,0.0000000000
153,0.0051074674
1824,0.0044715631
2211,0.0164165521
3437,0.0136875690
3709,0.0078793942
5158,0.0050430503
6486,0.0008034875
154,0.0068371870
1093,0.0155312000
1243,0.0144897586
4881,0.0049191478
6264,0.0149532019
6617,0.0042443468
7503,0.0051955577
155,0.0112095013
416,0.0141052627
1904,0.0135764078
2000,0.0061767611
5092,0.0086101731
5773,0.0124528673
7447,0.0083086562
9627,0.0000000000
9659,0.0000000000
156,0.0118020942
821,0.0100802856
2216,0.0114308506
5417,0.0077563763
6319,0.0019849432
7739,0.0020844384
8617,0.0019664669
9694,0.0026997363
157,0.0077854080
1259,0.0057900475
1994,0.0276171172
8826,0.0000000000
9504,0.0000000000
158,0.0105728183
1599,0.0121192557
1779,0.0167145203
2046,0.0126213290
2463,0.0068099070
4160,0.0102811736
4260,0.0078559169
5868,0.0036986307
6774,0.0058231306
7771,0.0085628757
159,0.0081166258
1568,0.0183761606
2656,0.0166192299
3053,0.0089948189
3247,0.0041532134
9263,0.0036706574
9801,0.0039834365
160,0.0143538526
1467,0.0094597274
1646,0.0043565892
1805,0.0078334836
2045,0.0051572142
3433,0.0031195606
5059,0.0082906791
6188,0.0010520508
7057,0.0084360273
7369,0.0079090686
8222,0.0000000000
161,0.0091008322
1277,0.0099931443
3113,0.0080151330
5026,0.0129851392
5418,0.0116791439
5688,0.0067001111
7279,0.0091426012
7289,0.0115394598
9261,0.0000000000
162,0.0044444054
988,0.0092670416
1983,0.0090203167
4010,0.0113717293
9173,0.0000000000
163,0.0202594663
306,0.0181302698
557,0.0143436169
1280,0.0129944272
2102,0.0213184487
3129,0.0048072860
4102,0.0046642951
5151,0.0066709034
5274,0.0103575411
5768,0.0098691667
6678,0.0066297196
7551,0.0096689280
9800,0.0000000000
164,0.0124989380
420,0.0042668005
486,0.0078647276
887,0.0202947377
1131,0.0154657162
5142,0.0171930912
6213,0.0069916377
7411,0.0079581542
8097,0.0015190723
9150,0.0012617288
165,0.0044001479
217,0.0080954672
2347,0.0087139559
4208,0.0079672554
8634,0.0020525237
166,0.0159456514
335,0.0075225062
1720,0.0080316802
2151,0.0088934397
2940,0.0076952991
6797,0.0031078770
7135,0.0061593987
8522,0.0058048205
9094,0.0000000000
9668,0.0000000000
167,0.0188228216
429,0.0061680205
748,0.0090836496
1515,0.0115207124
3640,0.0116018509
4691,0.0163021204
4871,0.0131917704
4999,0.0069492692
6245,0.0068869908
6924,0.0065154133
7085,0.0087496383
7229,0.0031956313
168,0.0062105310
836,0.0151300755
1516,0.0163530135
1761,0.0184161564
2691,0.0122531809
4802,0.0088625812
5839,0.0088039086
9690,0.0029048595
169,0.0150337624
377,0.0196192612
611,0.0136727990
746,0.0146755187
1261,0.0147150029
1799,0.0131592365
4052,0.0260253385
4907,0.0064318094
5681,0.0099448082
8250,0.0054039706
170,0.0095780196
559,0.0078296769
1367,0.0050798317
2821,0.0183239286
3896,0.0188725900
7277,0.0055710122
8027,0.0051354823
171,0.0102421748
1465,0.0213269379
1543,0.0217512932
1790,0.0133044658
2652,0.0036237339
4344,0.0143020915
5640,0.0075236166
7477,0.0051945110
8187,0.0026888286
962,0.0112838425
1047,0.0093470523
2055,0.0045237821
4277,0.0105959857
4956,0.0106955737
5036,0.0069136285
5195,0.0023288759
6737,0.0032613512
8131,0.0038621480
9026,0.0080419597
9566,0.0000000000
173,0.0130709123
384,0.0058334726
2625,0.0116825176
2684,0.0125059376
4860,0.0051793715
5949,0.0062921479
5958,0.0082235501
6109,0.0046630113
7428,0.0105823069
9049,0.0011215332
174,0.0153639986
1730,0.0174991657
5408,0.0056273646
5857,0.0041661824
7496,0.0032613716
8490,0.0011313812
9154,0.0000000000
9438,0.0000000000
5475,0.0065379320
6149,0.0066703034
7939,0.0171447792
8232,0.0014594095
9780,0.0000000000
176,0.0265131583
1755,0.0129734989
2021,0.0204780692
2256,0.0091001729
2554,0.0213981468
3305,0.0090616179
3548,0.0089786180
3561,0.0106039643
4065,0.0124313128
4817,0.0092324809
6008,0.0076963339
6087,0.0016213282
6095,0.0087179476
7932,0.0000000000
8032,0.0019749006
177,0.0247754620
2822,0.0089592975
3260,0.0084890052
4357,0.0155753858
4978,0.0073363338
6813,0.0057082312
6903,0.0000000000
7479,0.0013717804
7680,0.0042997012
8172,0.0004552848
9245,0.0000000000
9260,0.0000000000
9749,0.0000000000
178,0.0165121262
450,0.0228190982
1797,0.0109693143
2066,0.0108121172
3801,0.0165511208
4524,0.0029763464
7278,0.0133325113
7638,0.0030514202
8280,0.0020093951
8557,0.0025279721
9773,0.0011866480
460,0.0093303062
717,0.0258484148
1534,0.0114412284
2099,0.0060838662
2164,0.0169006401
3670,0.0055987199
8096,0.0015459563
8761,0.0000000000
180,0.0173292494
279,0.0154407708
1763,0.0065474940
1929,0.0131115074
2022,0.0185829421
2855,0.0092693447
3075,0.0064299025
5489,0.0011154830
6169,0.0103888718
6871,0.0059713592
8408,0.0060713491
8658,0.0086532941
8977,0.0000000000
9893,0.0000000000
181,0.0082786612
3414,0.0116092665
3610,0.0095505655
3878,0.0105931645
3919,0.0105864705
5127,0.0046027181
5954,0.0082967209
6205,0.0057662357
6420,0.0104769362
7515,0.0075156566
182,0.0102960228
549,0.0189237314
930,0.0087990418
5455,0.0018816436
5776,0.0140461427
6556,0.0003370921
183,0.0109098242
2573,0.0090565714
3736,0.0052639502
6259,0.0121545088
6294,0.0087550703
8745,0.0034666454
8777,0.0023743423
184,0.0151623197
235,0.0146287128
1888,0.0385442896
3555,0.0073337805
4556,0.0051362764
5159,0.0044631532
6768,0.0022150545
7745,0.0046679002
9513,0.0000000000
1746,0.0045507784
2559,0.0134161080
2635,0.0144334652
3986,0.0091941081
5380,0.0021453065
5485,0.0196139438
6376,0.0102207881
6385,0.0065289950
7666,0.0024644087
8544,0.0040354921
186,0.0185106529
2429,0.0122765130
2998,0.0093108641
3775,0.0170842895
4138,0.0068517881
4250,0.0108696509
5612,0.0027180674
6560,0.0017418265
8291,0.0081428225
8583,0.0056740288
8727,0.0057837684
187,0.0056478857
3658,0.0076996457
4654,0.0035859873
5350,0.0097154828
7162,0.0101792660
188,0.0073849080
375,0.0236045706
914,0.0096135007
1263,0.0163336074
2642,0.0045500710
2775,0.0155648466
4806,0.0096624066
9458,0.0008870252
9508,0.0000000000
1548,0.0069129850
1649,0.0056879747
2850,0.0027500837
3431,0.0072139008
3470,0.0035644323
3724,0.0149980913
4207,0.0039758140
4607,0.0180504748
5175,0.0045000666
5543,0.0080286880
5667,0.0047848298
6088,0.0082552451
7341,0.0019024695
7698,0.0000000000
8016,0.0033112899
190,0.0055807765
1132,0.0136407745
1798,0.0141730398
7049,0.0011170101
7726,0.0000000000
7942,0.0046227837
9331,0.0023774240
191,0.0112972163
595,0.0139779000
613,0.0012397242
795,0.0169235963
2002,0.0209210619
3846,0.0064464375
4544,0.0048221132
4913,0.0056731850
5130,0.0130542379
9717,0.0000000000
192,0.0142270115
230,0.0188788153
873,0.0076511477
1194,0.0109706238
1286,0.0215892029
3267,0.0086369559
4146,0.0083804982
4554,0.0098816495
5592,0.0099059930
7144,0.0019160876
7693,0.0085444379
8927,0.0011723069
193,0.0177989929
1260,0.0110679433
1513,0.0110019997
1815,0.0153818935
1883,0.0062255540
2141,0.0056944396
2362,0.0118611368
2478,0.0051101477
4900,0.0043213077
4938,0.0097620393
5137,0.0049663047
6129,0.0059240320
6901,0.0035934086
7212,0.0012739372
7674,0.0024261933
9388,0.0034082282
194,0.0186297447
554,0.0138970659
1014,0.0034615488
1726,0.0052165560
2860,0.0175681022
3259,0.0125368188
4464,0.0021880439
6379,0.0139416626
8982,0.0018905111
8990,0.0000000000
9903,0.0000000000
195,0.0040675354
3530,0.0042732279
3951,0.0114644603
5991,0.0056882468
6270,0.0105323413
6567,0.0045532398
196,0.0081693285
1089,0.0101813967
3593,0.0150426285
5994,0.0106149795
6487,0.0049380963
7860,0.0059639987
9160,0.0045211090
197,0.0121811778
243,0.0077591654
598,0.0065777698
1043,0.0071260437
1450,0.0094019972
2131,0.0107989021
3312,0.0115865350
5818,0.0048841472
6328,0.0027445314
7556,0.0016954111
8221,0.0023557131
198,0.0115799323
1144,0.0154709479
3942,0.0055914715
4528,0.0110084436
6629,0.0104573606
6856,0.0000000000
6951,0.0023989098
7372,0.0034731934
7826,0.0000000000
7920,0.0084727371
9247,0.0021026299
199,0.0354606685
780,0.0091205151
2782,0.0089603009
3545,0.0077127974
3700,0.0054081543
4152,0.0004930414
4813,0.0072434686
5121,0.0033568259
7075,0.0066416279
7532,0.0117200088
8100,0.0028787518
8682,0.0013032858
9541,0.0000000000
9750,0.0000000000
200,0.0118654144
902,0.0166129950
4205,0.0094222627
7408,0.0037963261
9379,0.0043511455
9563,0.0000000000
201,0.0235024899
899,0.0101302630
1680,0.0164066124
2234,0.0168488878
2462,0.0093792695
4041,0.0152880359
6202,0.0023259370
6796,0.0098168113
8145,0.0063251958
8748,0.0015431465
9950,0.0000000000
202,0.0298247939
2330,0.0159885204
2926,0.0071573476
4594,0.0000000000
4767,0.0163841930
5539,0.0075580660
6158,0.0051454896
6828,0.0054604569
9377,0.0000000000
9449,0.0052673981
9533,0.0018984760
203,0.0254562578
428,0.0229881749
854,0.0183533538
1289,0.0108928021
1854,0.0053610873
2411,0.0091607930
2938,0.0131364812
3027,0.0058758104
3483,0.0186179498
3987,0.0078729341
4155,0.0121201129
5734,0.0044090333
6687,0.0077138738
7002,0.0024492619
8579,0.0059226904
9584,0.0000000000
9835,0.0000000000
204,0.0017649729
1082,0.0305364000
2599,0.0132005280
205,0.0077787027
4531,0.0026445499
5288,0.0071567920
8433,0.0017201425
206,0.0146888553
973,0.0084750816
2049,0.0189756465
2290,0.0065702868
4313,0.0119528634
5445,0.0116561289
6111,0.0000000000
6648,0.0026720475
7151,0.0070654141
9536,0.0023627719
207,0.0143755792
1171,0.0109592621
1688,0.0101497567
2526,0.0109803328
3497,0.0133300150
4312,0.0164588790
5324,0.0038651938
5705,0.0028864020
7028,0.0077344932
1889,0.0075611221
2485,0.0124468713
3779,0.0022244927
6186,0.0072580343
7107,0.0039238139
7353,0.0049720969
209,0.0062374994
1826,0.0139717473
2071,0.0261967470
6899,0.0095712687
9931,0.0006796164
210,0.0127431315
1151,0.0148572858
1269,0.0091288824
1372,0.0133590279
1433,0.0048982200
1575,0.0194784050
2283,0.0054477417
2447,0.0102006724
3611,0.0148983750
3831,0.0126454631
4420,0.0199798226
7343,0.0016825462
8195,0.0073685962
9167,0.0027896220
211,0.0140052761
681,0.0092479099
3849,0.0051561551
5005,0.0143531101
5582,0.0048899341
6040,0.0136699658
8264,0.0041517765
9742,0.0000000000
212,0.0133579207
777,0.0077373331
924,0.0159420566
1343,0.0111325933
1604,0.0106016444
1934,0.0064292730
2024,0.0071547048
2505,0.0115242964
3519,0.0104684734
4885,0.0070211926
6892,0.0030288549
8041,0.0042918452
8775,0.0018907115
9847,0.0000000000
213,0.0093409261
4878,0.0198569260
5562,0.0030898506
7312,0.0067418984
7545,0.0075342838
8805,0.0000000000
9697,0.0000000000
3573,0.0124905940
6734,0.0047325836
7524,0.0057464477
7838,0.0077070782
8939,0.0000000000
9380,0.0011215332
9691,0.0058458662
215,0.0087081485
504,0.0075967925
2173,0.0065789479
2393,0.0134053001
5140,0.0019418811
5766,0.0155652634
7713,0.0078757490
216,0.0155734808
2128,0.0125547611
2329,0.0159317771
3494,0.0047049157
3757,0.0137945136
4809,0.0060243024
5110,0.0046666945
6036,0.0105040832
6904,0.0040154350
8269,0.0030835611
9370,0.0043710889
353,0.0150841285
560,0.0030274065
2214,0.0173305142
3324,0.0087570229
6236,0.0081304158
7310,0.0034497752
218,0.0124655730
818,0.0039126032
2346,0.0146151498
3462,0.0070328410
6305,0.0008187891
7087,0.0139142192
7854,0.0024161078
9303,0.0027652390
9935,0.0000000000
219,0.0211488172
1775,0.0096215649
2184,0.0058973113
2732,0.0082288438
3508,0.0114658368
4739,0.0046866946
6424,0.0090750834
6849,0.0041918242
7053,0.0035427751
7714,0.0008785329
8601,0.0013240076
220,0.0228659128
1657,0.0193279063
4622,0.0120074997
5235,0.0126044546
5739,0.0002927235
6715,0.0094386650
6983,0.0060302161
7176,0.0000000000
9687,0.0000000000
9787,0.0000000000
9877,0.0037385281
764,0.0215723610
1648,0.0155896593
2577,0.0160749954
2650,0.0091619711
2738,0.0090676171
3370,0.0164776262
6908,0.0050610261
9904,0.0000000000
222,0.0137928626
2785,0.0074779552
3091,0.0117396687
4318,0.0067716523
5462,0.0057846494
5695,0.0135604387
5787,0.0092968269
6578,0.0039807446
7326,0.0022988495
7876,0.0105888933
8929,0.0000000000
223,0.0036961303
395,0.0208930495
910,0.0063622103
1600,0.0147689743
2791,0.0141474459
5187,0.0144971022
9276,0.0000000000
224,0.0095339512
2391,0.0227591041
3007,0.0228985298
3335,0.0048658065
8552,0.0022610592
8801,0.0019013575
8993,0.0019923215
9012,0.0003716846
9845,0.0000000000
225,0.0182277719
950,0.0087873852
1914,0.0108981376
2269,0.0079936074
6413,0.0034483182
6873,0.0026058070
7119,0.0045589520
7269,0.0021570261
226,0.0117270815
2048,0.0206595754
5206,0.0102615431
6838,0.0000000000
7037,0.0040534532
7124,0.0033780189
7246,0.0000000000
9060,0.0035229827
227,0.0178354452
920,0.0044271041
3275,0.0086692074
3633,0.0036966809
4745,0.0021857445
5376,0.0078205840
6861,0.0125086539
7245,0.0037666659
8789,0.0028850025
9812,0.0000000000
228,0.0073502968
542,0.0169440011
871,0.0065126260
1829,0.0103161174
4378,0.0052798564
5456,0.0013970935
6693,0.0035598806
6997,0.0020237626
9424,0.0000000000
229,0.0069622708
1985,0.0077134107
2543,0.0086711519
2931,0.0054302099
4272,0.0115090292
7213,0.0035593529
7509,0.0018430459
8725,0.0000000000
9805,0.0016132535
344,0.0318336939
1499,0.0122819794
3208,0.0140305958
4217,0.0115682367
4925,0.0112411022
5522,0.0128942687
6096,0.0083525244
6921,0.0048665194
7374,0.0031936282
8656,0.0000000000
8705,0.0026445776
231,0.0303711187
2341,0.0080215461
5271,0.0036194519
5389,0.0104885148
5961,0.0063428339
6708,0.0031462693
8504,0.0050948491
8580,0.0087466120
8750,0.0000000000
9184,0.0037175186
9252,0.0000000000
232,0.0121818666
1003,0.0144067063
1050,0.0027736597
1434,0.0179540815
1956,0.0249927255
2171,0.0257953006
2480,0.0091978165
2675,0.0186709342
3170,0.0097308774
4168,0.0117977941
4640,0.0093077394
4929,0.0112478759
7725,0.0031966712
8703,0.0026131634
9755,0.0000000000
233,0.0081115546
569,0.0089158345
4724,0.0088445862
5372,0.0097960766
7254,0.0046861030
7857,0.0019121442
906,0.0108335387
2069,0.0305735441
3074,0.0041654359
3496,0.0197197924
5498,0.0054114653
2402,0.0107669958
3242,0.0135046908
3639,0.0047677935
3786,0.0268396547
5430,0.0039388100
5517,0.0113416551
6372,0.0051677962
8207,0.0028975640
236,0.0162244457
2627,0.0078361028
3287,0.0162872986
4796,0.0097021571
5665,0.0132686809
5894,0.0089163813
7614,0.0012367423
9275,0.0050667904
237,0.0071260377
2353,0.0123077869
3602,0.0090979280
3934,0.0081183333
7376,0.0000000000
9502,0.0019524758
1326,0.0169983677
1936,0.0244270427
2568,0.0108798576
2904,0.0092941631
3920,0.0094799793
5189,0.0056543888
5655,0.0109882563
6786,0.0077673946
9271,0.0020059236
9401,0.0000000000
239,0.0109450967
1090,0.0155208242
1183,0.0210930007
4249,0.0062742381
8966,0.0012734719
9014,0.0012281467
9741,0.0000000000
240,0.0180639616
788,0.0140625159
876,0.0259894126
1650,0.0104695161
2213,0.0092631411
4986,0.0058906237
5068,0.0036209667
5413,0.0072447869
7294,0.0047053653
7682,0.0040732386
7879,0.0012110023
8105,0.0033777549
241,0.0195418271
900,0.0113299495
3119,0.0115549400
3543,0.0224532832
3910,0.0135569836
6024,0.0069538909
7686,0.0055895064
7697,0.0069622133
7894,0.0028557163
8535,0.0031084326
9595,0.0000000000
9698,0.0000000000
242,0.0136974092
1526,0.0138711930
2593,0.0081356990
4515,0.0028588684
6819,0.0046336440
9324,0.0019922469
6977,0.0010554959
244,0.0081384360
4176,0.0158694965
6201,0.0099758524
7011,0.0058120195
7070,0.0055743447
245,0.0157311910
1636,0.0180745069
3219,0.0071573275
4257,0.0204974764
5060,0.0029860321
7442,0.0054261683
7647,0.0000000000
7690,0.0026551400
8123,0.0011305286
9758,0.0000000000
246,0.0057865278
500,0.0051963320
995,0.0055690951
4543,0.0088698635
8842,0.0061877894
9648,0.0000000000
247,0.0090297432
2242,0.0094346416
2378,0.0064633438
4699,0.0135150489
8987,0.0000000000
248,0.0129205921
981,0.0124562386
1678,0.0149749527
2344,0.0094947620
2802,0.0076453153
3359,0.0155894489
4902,0.0082813022
5397,0.0099344705
6517,0.0043536126
249,0.0105291809
1848,0.0280741614
2268,0.0128430310
2624,0.0042850497
2701,0.0108984533
2883,0.0141184043
4290,0.0011150151
5164,0.0090241453
7249,0.0039894479
250,0.0150943258
462,0.0044690427
2208,0.0264380224
3171,0.0125093085
4271,0.0113214483
6299,0.0043648310
6502,0.0090910817
8239,0.0006456905
8956,0.0050421202
9963,0.0000000000
251,0.0091929331
298,0.0187902352
1692,0.0055942545
1895,0.0148304893
3341,0.0134604618
3996,0.0081309025
4810,0.0147949758
8167,0.0083324088
8453,0.0048869116
6063,0.0069739555
253,0.0069168813
2018,0.0094718970
3248,0.0135123104
3317,0.0078520539
4497,0.0048206827
5406,0.0024064323
254,0.0173695627
896,0.0046771861
3880,0.0130197225
5810,0.0065921894
6598,0.0001654711
6743,0.0116468912
7133,0.0029072862
7489,0.0067766482
9909,0.0000000000
255,0.0120417514
727,0.0077148329
3714,0.0182183962
4087,0.0075375698
4182,0.0031483398
5116,0.0038393912
5822,0.0105724811
256,0.0033395483
6341,0.0061368863
6427,0.0010125944
7691,0.0030459827
257,0.0167941653
999,0.0041001200
2014,0.0076170783
2225,0.0107432561
2706,0.0125969020
2777,0.0153170242
3502,0.0072268572
3836,0.0151208446
4193,0.0000000000
4242,0.0087011275
5653,0.0081847650
7092,0.0042906751
7321,0.0035924814
258,0.0303892769
1731,0.0121932219
4621,0.0118284459
4744,0.0126258225
5534,0.0080932063
5702,0.0092283717
6382,0.0058289338
6621,0.0107955589
7055,0.0030397331
8128,0.0025942475
8373,0.0031219202
8677,0.0066738589
9313,0.0000000000
259,0.0141453995
1087,0.0162425400
4218,0.0063189935
4673,0.0059446337
4821,0.0090848822
260,0.0132608340
897,0.0180291368
2004,0.0211425908
3159,0.0196063158
3872,0.0158227569
3897,0.0085448120
4059,0.0024455585
4349,0.0050264364
5143,0.0054682983
7073,0.0025740476
8202,0.0038295533
8666,0.0020761121
261,0.0190819982
551,0.0213878929
1613,0.0244957938
1919,0.0287837118
3877,0.0137457131
4516,0.0067207370
5689,0.0057033256
6185,0.0095576732
7069,0.0064181109
7234,0.0020407441
8572,0.0000000000
9803,0.0000000000
262,0.0076481655
2649,0.0217736551
3143,0.0094370071
3604,0.0017194833
4478,0.0058237860
5946,0.0031225179
8949,0.0000000000
263,0.0199180131
706,0.0200345631
1032,0.0095119940
4578,0.0124656048
6679,0.0033322024
7003,0.0069611158
9083,0.0000000000
9264,0.0030564036
9325,0.0014690707
9770,0.0010747961
264,0.0082593583
1523,0.0168045758
2243,0.0092226819
8149,0.0086107075
8951,0.0000000000
265,0.0112630132
3477,0.0030130813
4834,0.0012194687
7955,0.0012010475
8957,0.0000000000
9880,0.0018815705
266,0.0163492763
1155,0.0045845364
1522,0.0094001705
1728,0.0012840951
2464,0.0164815944
5738,0.0174981294
6887,0.0058749812
7302,0.0057146138
8146,0.0081490058
8828,0.0082858169
267,0.0182793666
2461,0.0082213779
2495,0.0036997303
3661,0.0126678843
5697,0.0098636009
7478,0.0007658302
9061,0.0000000000
9810,0.0000000000
268,0.0187196786
968,0.0248338677
1334,0.0096915354
2134,0.0137472054
2244,0.0251192558
2327,0.0148636339
3296,0.0120913199
4746,0.0068924576
4811,0.0085452836
6411,0.0057305658
6416,0.0028350233
8909,0.0000000000
9144,0.0000000000
269,0.0121856343
2147,0.0105684455
4265,0.0014593621
4917,0.0063445795
5053,0.0164987065
5347,0.0199688003
6090,0.0078345245
6248,0.0013656182
7930,0.0033234495
8429,0.0028446050
270,0.0201617123
1398,0.0065706365
2039,0.0107469051
2468,0.0131059871
3318,0.0109889676
3997,0.0093209868
4895,0.0168716678
8899,0.0000000000
9046,0.0048796488
271,0.0074961610
1352,0.0113198958
2285,0.0217725320
5878,0.0166443691
8774,0.0000000000
9664,0.0041276478
9900,0.0000000000
272,0.0173754772
562,0.0376650534
2799,0.0080648646
3348,0.0130703016
4238,0.0133085393
4451,0.0052689210
7354,0.0092888332
9446,0.0000000000
9952,0.0000000000
273,0.0073257638
435,0.0088126035
860,0.0055172981
2564,0.0061234426
2947,0.0139951836
7919,0.0025082790
8061,0.0033789609
1252,0.0060872707
6108,0.0016978453
6821,0.0037337111
7034,0.0110521976
275,0.0061863056
5511,0.0043849824
6417,0.0063395102
8758,0.0055930596
9568,0.0000000000
276,0.0047817907
1152,0.0132132750
2207,0.0118053906
5504,0.0080134392
5729,0.0058534212
277,0.0100427202
299,0.0121422964
1503,0.0110471592
1738,0.0156519362
2826,0.0180269275
3125,0.0131663793
5200,0.0064569272
5493,0.0034472842
7389,0.0023597793
8867,0.0000000000
278,0.0134229883
1542,0.0122606749
5160,0.0053708654
5484,0.0161493765
6631,0.0070854860
7536,0.0042611801
8251,0.0043767683
9305,0.0033030283
992,0.0264939499
1169,0.0173086943
5232,0.0078057731
5616,0.0097407791
6783,0.0053915693
6869,0.0033803834
7773,0.0062345730
8127,0.0072045431
9734,0.0000000000
280,0.0104849548
2774,0.0146262269
3328,0.0014676215
8794,0.0028083655
281,0.0059063037
5033,0.0098859717
5120,0.0068771683
7241,0.0102857827
436,0.0087703827
619,0.0102666540
1128,0.0107852825
3076,0.0087158065
3273,0.0050678756
4153,0.0073093389
4395,0.0080401053
4626,0.0040588418
8444,0.0014418682
9601,0.0000000000
283,0.0116436090
1307,0.0184816041
3078,0.0198655206
4613,0.0060421242
5436,0.0132525355
5561,0.0081771710
5618,0.0051040443
6940,0.0081164708
7081,0.0094307154
2017,0.0037977347
2205,0.0175048281
2688,0.0026957307
3057,0.0090117306
5128,0.0095508556
5214,0.0172610378
6628,0.0035387112
7293,0.0031239119
8503,0.0020745476
8770,0.0050732221
285,0.0109284210
686,0.0126362801
1822,0.0123646312
1865,0.0240439609
3390,0.0168177411
5935,0.0077565136
8064,0.0013502099
9716,0.0000000000
286,0.0092748603
2558,0.0107807686
2787,0.0051662123
3035,0.0075732842
4793,0.0048433190
4865,0.0098685805
6698,0.0014945330
287,0.0107032545
550,0.0092438939
1488,0.0191536216
4843,0.0073852731
6239,0.0102228949
6854,0.0018882495
7639,0.0014061849
7737,0.0028557163
288,0.0026922086
753,0.0320990243
1587,0.0168152409
2138,0.0089330595
2861,0.0136376950
4521,0.0082979552
289,0.0075460291
475,0.0103674990
2070,0.0078132282
3744,0.0078705701
4984,0.0000000000
7646,0.0060670460
7980,0.0013801580
290,0.0060082602
2076,0.0090572135
3249,0.0115549976
4574,0.0124494944
5931,0.0033781224
6553,0.0076806689
7367,0.0047668405
8576,0.0000000000
8788,0.0022698397
9530,0.0013053108
9760,0.0019591692
292,0.0232762453
499,0.0084150044
3325,0.0111201368
3656,0.0069836082
4080,0.0091921369
4442,0.0158890950
4798,0.0041592784
5918,0.0095046988
6618,0.0041532714
8071,0.0025978662
8310,0.0000000000
9426,0.0000000000
293,0.0016310631
6659,0.0062725650
7473,0.0073111298
294,0.0260686900
986,0.0152873735
3243,0.0079599394
3822,0.0129868390
4665,0.0079954859
5370,0.0118674070
6163,0.0124301618
6851,0.0068105727
6996,0.0090270636
8589,0.0017068110
9447,0.0064232664
295,0.0105352677
452,0.0077956862
2966,0.0083594867
3342,0.0137275144
4066,0.0071405048
6857,0.0073003969
7467,0.0048991103
8649,0.0025611287
9445,0.0011866480
9469,0.0016762618
296,0.0075036349
1414,0.0239054454
5218,0.0034800642
6484,0.0082021445
7619,0.0000000000
297,0.0063293403
1384,0.0035326149
1708,0.0042915753
2162,0.0071548552
3041,0.0171721686
4361,0.0046238946
313,0.0149705417
2972,0.0057782507
4409,0.0063142132
4853,0.0054294700
5986,0.0076786540
6699,0.0119865115
7091,0.0014574103
7554,0.0018027684
8662,0.0057470126
587,0.0132265534
1719,0.0189304779
2139,0.0132597153
3803,0.0083938814
4588,0.0076198605
5062,0.0028702667
6356,0.0145342204
6586,0.0006902046
300,0.0166088168
2789,0.0137434538
3787,0.0085777204
4825,0.0122474358
5345,0.0084041877
5816,0.0113878117
5910,0.0022267707
6472,0.0037432835
6690,0.0034720396
8550,0.0010397897
9657,0.0000000000
1249,0.0098009384
1319,0.0213325747
4141,0.0130811142
5726,0.0122179958
5756,0.0040690764
7056,0.0050748439
7267,0.0010778897
7431,0.0030988341
7701,0.0080173431
302,0.0086121440
1378,0.0069987862
2575,0.0136092013
2617,0.0251760086
4955,0.0057330527
6318,0.0110792270
8158,0.0035695025
303,0.0112662598
1255,0.0184830935
2154,0.0036980122
4057,0.0060847222
4987,0.0044900017
6535,0.0057948636
7218,0.0033764304
7916,0.0040778338
8070,0.0051344966
304,0.0145949970
823,0.0082006221
2145,0.0195290660
4083,0.0100155229
5479,0.0124160059
7869,0.0044220182
8125,0.0065962929
9573,0.0006235031
305,0.0128848105
1136,0.0124740794
1273,0.0308147693
1463,0.0139741552
1631,0.0177133817
2994,0.0106261849
3146,0.0082665337
3734,0.0037146880
5956,0.0108836742
7054,0.0041066495
8472,0.0023065339
8986,0.0017036293
783,0.0026508221
1426,0.0148263209
2985,0.0060860725
3816,0.0222906287
6597,0.0159713244
6952,0.0036881202
8510,0.0000000000
307,0.0027453624
4396,0.0068071219
5602,0.0059266697
308,0.0037013892
7568,0.0018692680
9101,0.0000000000
309,0.0158426659
2746,0.0187533912
3808,0.0092545108
5710,0.0140168079
5854,0.0060484620
5938,0.0099429820
6758,0.0040523471
7048,0.0082008351
310,0.0225356995
2499,0.0125212835
2665,0.0118980884
2723,0.0101598197
2768,0.0091687378
3028,0.0198972032
3528,0.0133630849
4822,0.0106228687
5550,0.0105522000
5556,0.0053372681
5607,0.0074847513
6440,0.0076152223
311,0.0137707802
2767,0.0070721622
3277,0.0133975162
4560,0.0076379320
4969,0.0143190904
6327,0.0056724450
7342,0.0026296819
7371,0.0054843861
8958,0.0057735930
312,0.0085611719
1413,0.0021023518
3265,0.0023474051
4539,0.0082909602
8924,0.0012887571
9130,0.0033385760
1267,0.0181179176
4558,0.0129661072
5241,0.0140629464
7214,0.0044280169
7903,0.0008361513
314,0.0181433821
1174,0.0090290745
1624,0.0096453929
4151,0.0102110339
5025,0.0080491158
5211,0.0057756243
8279,0.0069748722
8715,0.0017341834
8737,0.0022686447
9558,0.0000000000
315,0.0028969834
572,0.0143771156
655,0.0075610083
804,0.0077975502
1121,0.0138700814
1585,0.0106083173
316,0.0198723072
848,0.0166246763
2382,0.0131306918
3572,0.0162279557
4686,0.0141311207
4731,0.0238483217
5471,0.0022627118
5575,0.0098507243
7204,0.0047639454
8751,0.0012857124
317,0.0132806368
985,0.0304722444
1691,0.0151237544
1916,0.0096259219
4940,0.0071713104
5867,0.0058786817
8299,0.0028705433
8618,0.0013892911
8702,0.0034895825
318,0.0125900860
1672,0.0226075835
1760,0.0083602080
1866,0.0024717734
1953,0.0049189802
6657,0.0053238862
7539,0.0000000000
8782,0.0000000000
8995,0.0068386352
9428,0.0000000000
9747,0.0000000000
319,0.0046040701
1213,0.0092390644
2075,0.0058816737
3158,0.0008720989
8565,0.0044032535
320,0.0086843937
494,0.0077793703
1147,0.0082518794
1162,0.0173913300
1864,0.0093576930
4353,0.0108572625
5185,0.0061312312
321,0.0073390681
2399,0.0106018279
5155,0.0064631986
7260,0.0019013575
8665,0.0054396112
9826,0.0000000000
370,0.0092678701
1062,0.0069377865
1386,0.0158711726
3820,0.0029606070
4258,0.0238267808
5960,0.0055926278
6344,0.0035324368
6945,0.0000000000
445,0.0144483958
2260,0.0030650733
5569,0.0115236928
5914,0.0188125351
5921,0.0048875711
6450,0.0027415893
6552,0.0036090133
7883,0.0036256543
8657,0.0000000000
8713,0.0049678884
324,0.0176575913
2133,0.0155686131
3908,0.0043076139
4161,0.0057391237
4202,0.0062894959
5901,0.0065223982
7237,0.0009825264
8184,0.0000000000
9010,0.0034245702
325,0.0132373136
468,0.0140603720
2753,0.0075832782
3866,0.0112901462
6015,0.0088302170
6756,0.0036302354
7082,0.0018288673
9596,0.0019013575
9715,0.0000000000
326,0.0162014500
3453,0.0140664164
3643,0.0052567483
4263,0.0152422561
4780,0.0048243423
4944,0.0026036660
5162,0.0082703208
6107,0.0144196032
6673,0.0035274595
9138,0.0000000000
327,0.0159583775
1634,0.0170505281
1993,0.0092806919
2126,0.0185288313
2386,0.0139758415
3049,0.0158721464
4136,0.0076892253
6937,0.0062794328
8289,0.0033151029
8534,0.0013150781
9306,0.0000000000
9543,0.0000000000
328,0.0045097680
577,0.0105735830
1091,0.0246363348
1705,0.0188745518
7528,0.0078617888
329,0.0210283799
935,0.0141525109
2312,0.0187387082
2643,0.0129871791
2828,0.0043658333
4874,0.0094575907
6689,0.0081319620
7167,0.0051461900
7340,0.0019046599
7502,0.0025532516
7793,0.0031746334
330,0.0104196032
3646,0.0052998898
3835,0.0113235753
7982,0.0041817839
331,0.0039675686
3725,0.0077848667
4254,0.0126630899
4659,0.0091582467
5566,0.0012750266
779,0.0110037604
1637,0.0136714408
3023,0.0064446052
4295,0.0060390535
4356,0.0063741753
5807,0.0080217786
6619,0.0044484206
7097,0.0100905351
8349,0.0054606393
333,0.0236977800
649,0.0153571830
704,0.0071532367
762,0.0112595537
771,0.0128678132
1407,0.0164383888
4587,0.0073330045
5361,0.0061622780
7974,0.0034055197
9209,0.0000000000
9403,0.0034657369
334,0.0122961278
5124,0.0182241566
7272,0.0049677715
7588,0.0083598920
8471,0.0050840752
9630,0.0022579905
9932,0.0000000000
640,0.0135084141
2876,0.0077068933
8088,0.0000000000
8928,0.0018134902
9953,0.0000000000
336,0.0066421875
2702,0.0077099100
3301,0.0123361203
4132,0.0078439948
5342,0.0029550702
337,0.0085073818
3963,0.0238251538
4469,0.0032374272
6508,0.0000000000
9345,0.0020738863
338,0.0101194692
2843,0.0109056077
3412,0.0176366298
5668,0.0054581713
6143,0.0028748498
7977,0.0045094525
339,0.0095423034
650,0.0077749295
3044,0.0132874936
5737,0.0048082588
7799,0.0044973555
8921,0.0000000000
340,0.0297003289
1176,0.0212598320
5731,0.0075405400
7159,0.0063693210
7179,0.0034205016
7282,0.0014737436
7407,0.0035999028
8073,0.0034661658
8348,0.0018906235
9577,0.0000000000
341,0.0175754548
1642,0.0107930086
1732,0.0065029179
2711,0.0073808687
3111,0.0137563753
3902,0.0045985923
4096,0.0106907984
7284,0.0010300292
9092,0.0011876738
342,0.0301290962
1006,0.0159733407
1330,0.0090016133
2470,0.0158582154
2862,0.0094736653
3192,0.0090403772
3671,0.0225025775
3772,0.0095024123
4580,0.0051771776
5131,0.0081440470
7112,0.0000000000
8238,0.0000000000
9490,0.0000000000
343,0.0132538583
1573,0.0218478592
3708,0.0173023888
7445,0.0000000000
9293,0.0052625321
9769,0.0017279451
3365,0.0216402007
3476,0.0104908965
3537,0.0077509088
4288,0.0081150406
4565,0.0078091947
5216,0.0052223116
5470,0.0045882032
6971,0.0132174974
7788,0.0016262877
8362,0.0024550843
8653,0.0000000000
345,0.0140478630
3293,0.0099291055
3806,0.0095719656
9523,0.0000000000
346,0.0252820155
2352,0.0137458574
2467,0.0125068351
3350,0.0119859784
3848,0.0168715246
4391,0.0088643266
5883,0.0045884266
6775,0.0056605351
8473,0.0070287097
8545,0.0035081003
9385,0.0022630453
347,0.0029824158
3809,0.0091230137
4209,0.0034024568
6314,0.0078891970
7414,0.0047355402
348,0.0187253551
856,0.0236315408
2299,0.0128216890
2838,0.0177345160
3894,0.0005958620
4329,0.0047455521
4386,0.0097245647
5778,0.0073855164
6373,0.0020323513
7607,0.0054086975
7749,0.0043580262
8137,0.0054948685
349,0.0097836767
2816,0.0033630625
5253,0.0191349670
5527,0.0066568771
8973,0.0026106242
350,0.0035972002
1306,0.0083102360
3052,0.0078756600
5674,0.0017925126
351,0.0084532385
1992,0.0163548483
2130,0.0153622328
2760,0.0121369686
3378,0.0205680528
5733,0.0049328915
9958,0.0000000000
9970,0.0000000000
352,0.0195225925
463,0.0123395784
2187,0.0399306864
3654,0.0068102060
4963,0.0038335565
5329,0.0083958473
5537,0.0069109776
8616,0.0032705506
9661,0.0000000000
2779,0.0089306043
3813,0.0138112464
5998,0.0191625518
6877,0.0018183625
8208,0.0016475801
9861,0.0000000000
354,0.0070415190
843,0.0051512829
3747,0.0059960837
5690,0.0025771340
5707,0.0018124076
7717,0.0053217408
355,0.0045746004
1436,0.0095547157
2477,0.0126220966
2943,0.0066814608
356,0.0159204076
414,0.0174267010
426,0.0106933719
574,0.0174827434
1427,0.0047070392
2156,0.0083419698
2418,0.0123284282
4163,0.0163750125
5071,0.0057029904
6886,0.0066417520
8521,0.0021105305
8619,0.0015907768
9190,0.0038924424
357,0.0060873237
4602,0.0077769443
5743,0.0119077597
9647,0.0000000000
2482,0.0029716500
2501,0.0023148141
3606,0.0020371535
4646,0.0133211677
4777,0.0216723387
7744,0.0050961986
359,0.0202102097
4049,0.0134005518
4492,0.0045772346
4633,0.0052748634
4830,0.0137521047
6335,0.0077013164
7925,0.0021058143
8173,0.0049797436
8822,0.0022552966
9727,0.0000000000
9973,0.0000000000
360,0.0077349487
1391,0.0258468691
3004,0.0086535380
3108,0.0228020140
3995,0.0154627171
7420,0.0050891448
7762,0.0069341938
8089,0.0029336643
9802,0.0000000000
361,0.0136281984
2508,0.0088436888
3191,0.0039299282
4274,0.0005803528
7268,0.0088154237
7862,0.0053299846
8148,0.0020137367
362,0.0132194969
479,0.0066163743
1633,0.0044551745
5052,0.0094527243
6061,0.0041112534
6120,0.0009790385
7136,0.0028687964
7456,0.0095269347
9051,0.0025557177
363,0.0109217420
1464,0.0283734623
2927,0.0123255391
3295,0.0205844376
6170,0.0039545189
8467,0.0142765640
9491,0.0000000000
364,0.0096735847
744,0.0149308291
1215,0.0164636352
1754,0.0173256718
1765,0.0236530437
2294,0.0136485509
3780,0.0157652484
4920,0.0063510273
8577,0.0010125944
9965,0.0000000000
365,0.0136238148
1735,0.0031698827
2592,0.0056339531
2831,0.0268466478
3070,0.0075467490
3769,0.0117986929
5008,0.0137855407
8857,0.0000000000
8865,0.0054859046
9794,0.0000000000
366,0.0103211748
4935,0.0193486515
7259,0.0029247799
7818,0.0023082560
3121,0.0207078865
3384,0.0073882801
4345,0.0095886293
8573,0.0000000000
9556,0.0000000000
582,0.0020726355
2471,0.0076878080
5234,0.0136654348
5362,0.0096450390
6456,0.0040840081
6464,0.0098448917
7243,0.0027856951
7255,0.0058337931
8315,0.0093445496
9394,0.0000000000
369,0.0216216875
723,0.0130719879
2303,0.0155541946
2792,0.0043235687
6981,0.0079053328
7332,0.0069142779
9110,0.0022828522
948,0.0070636685
2641,0.0112093422
4485,0.0058635981
7207,0.0086483020
7404,0.0045702558
1951,0.0180024740
5284,0.0150848810
6057,0.0109624406
6384,0.0056027275
7901,0.0038068413
9412,0.0000000000
372,0.0046141672
2929,0.0109209371
4433,0.0073753163
7050,0.0034371499
373,0.0084354923
1395,0.0093747888
2853,0.0186231153
2987,0.0227951677
3264,0.0079324088
3601,0.0075637619
5478,0.0065954541
6501,0.0022719840
7160,0.0080195087
374,0.0111058661
1795,0.0199536909
2677,0.0106145574
2866,0.0041335874
5508,0.0021724912
7106,0.0033143211
7570,0.0030002092
8324,0.0013524423
9671,0.0015617882
937,0.0138247392
1311,0.0125207817
2974,0.0100298046
4737,0.0146380795
5970,0.0058469900
7779,0.0122183101
8078,0.0055100852
9890,0.0000000000
376,0.0093653819
430,0.0123001085
738,0.0041275785
1877,0.0077865783
6190,0.0092160113
7419,0.0015443487
7471,0.0017193310
2764,0.0107518085
2886,0.0057636737
3360,0.0130888939
3672,0.0180073346
4385,0.0092673261
7409,0.0089152621
7659,0.0044459682
8475,0.0000000000
8852,0.0073104261
9441,0.0000000000
378,0.0114613675
1700,0.0128964575
2620,0.0116068245
2735,0.0187541197
3495,0.0182320364
4663,0.0053105126
5103,0.0018814325
7988,0.0039683595
379,0.0144803799
4977,0.0035231747
5073,0.0056468203
8180,0.0029913145
8759,0.0049630059
9608,0.0057007727
380,0.0043645700
889,0.0144460763
963,0.0127326029
1570,0.0139233399
2284,0.0123871377
5769,0.0042711883
381,0.0065323667
1358,0.0073298786
2797,0.0184037365
3197,0.0116114819
4778,0.0164968151
5099,0.0042610556
7731,0.0000000000
9244,0.0018891560
382,0.0089416519
2742,0.0081110328
3899,0.0089384784
6367,0.0090164122
8111,0.0018984760
8476,0.0023304365
8664,0.0018364575
383,0.0089429498
1788,0.0043467371
2533,0.0138803474
3252,0.0107696694
5646,0.0107645843
9253,0.0000000000
9767,0.0007893087
3763,0.0059016989
3917,0.0080641879
5201,0.0078348798
6351,0.0147850798
7299,0.0013138177
9599,0.0000000000
385,0.0180299211
1341,0.0122433297
7760,0.0044964557
8036,0.0036868779
8326,0.0008806967
9024,0.0000000000
9924,0.0000000000
386,0.0073457902
626,0.0141388644
4259,0.0129295430
4281,0.0134409229
5051,0.0042825720
5762,0.0110966427
7400,0.0015569743
8500,0.0013600986
387,0.0139076705
441,0.0141209032
6046,0.0064559470
7492,0.0021740788
8260,0.0049878035
8477,0.0000000000
388,0.0052572609
676,0.0110359810
2819,0.0110267293
5238,0.0096154401
389,0.0079777711
1229,0.0095017217
2969,0.0078790665
3514,0.0077047650
5109,0.0159942386
390,0.0182500325
1489,0.0013886960
3856,0.0147542803
4150,0.0054766201
4368,0.0060849149
6027,0.0064263121
7238,0.0069870110
7333,0.0076056018
7738,0.0032828664
8241,0.0077600902
8488,0.0009695460
929,0.0066598409
1094,0.0144027299
1320,0.0103925162
1335,0.0136106753
2721,0.0094255463
2967,0.0100900272
4006,0.0069772001
7396,0.0061664439
9126,0.0047325524
9157,0.0012367456
9196,0.0000000000
392,0.0089584116
8357,0.0000000000
9171,0.0028699422
393,0.0167951091
3883,0.0140773283
3988,0.0081282841
4058,0.0057836877
5023,0.0230373783
5184,0.0044316525
8864,0.0021592347
2796,0.0244234452
4417,0.0107107681
7506,0.0030772635
8007,0.0103531028
425,0.0124382771
456,0.0168636329
3586,0.0166683271
4124,0.0059833950
6571,0.0051086996
7902,0.0007837178
8107,0.0032914916
8531,0.0010550212
8640,0.0088626800
9223,0.0022552966
1288,0.0080820045
1493,0.0059604917
2057,0.0168994007
3888,0.0061581183
4061,0.0042067424
7330,0.0000000000
7495,0.0026717080
8378,0.0013051193
9464,0.0000000000
9592,0.0016634699
9729,0.0000000000
397,0.0146905580
4097,0.0066348715
4606,0.0144304433
6615,0.0100002863
7874,0.0035413166
9926,0.0000000000
398,0.0085063508
1211,0.0189697211
1435,0.0076711378
3179,0.0054628298
8355,0.0000000000
9249,0.0018795793
399,0.0200504341
2542,0.0032674040
2565,0.0047810980
3536,0.0126899655
5032,0.0140883606
5090,0.0096284262
5231,0.0052116906
8057,0.0000000000
8185,0.0014737436
9462,0.0000000000
400,0.0054276251
2324,0.0135372242
2618,0.0157877080
3607,0.0099889267
5492,0.0118591323
7381,0.0032530334
2707,0.0064717902
5006,0.0082800850
5134,0.0079257761
5474,0.0063564103
8711,0.0024862882
1203,0.0136141779
1268,0.0096767288
2511,0.0057113678
3751,0.0064623145
5505,0.0094895400
6042,0.0095465124
6062,0.0011705765
6204,0.0027066624
7170,0.0067246158
9975,0.0000000000
403,0.0320095657
993,0.0289172526
1058,0.0164102090
2177,0.0164252906
3444,0.0125065547
3521,0.0050899928
3814,0.0090261928
4331,0.0084748604
5567,0.0073323484
5749,0.0089954712
6478,0.0025363681
8630,0.0018318547
8807,0.0000000000
9250,0.0025706127
404,0.0112701395
971,0.0131518397
1532,0.0096813842
5126,0.0037778517
6297,0.0037989186
6804,0.0033042024
8671,0.0000000000
8976,0.0015421310
405,0.0112003517
1100,0.0131253036
2514,0.0050772737
6789,0.0010415228
7378,0.0060199178
7957,0.0000000000
9038,0.0000000000
406,0.0143822008
1975,0.0103714915
7154,0.0045042219
7377,0.0000000000
7785,0.0023551124
8252,0.0000000000
407,0.0148810306
1122,0.0211726660
1129,0.0137365503
2247,0.0155483461
2933,0.0115178771
4118,0.0038934991
6504,0.0069231854
8632,0.0037206848
9165,0.0000000000
9603,0.0000000000
408,0.0151042043
2129,0.0064860389
3782,0.0171936030
6144,0.0095416707
7603,0.0000000000
8192,0.0013741279
8771,0.0010163854
9349,0.0030717740
513,0.0023440887
2321,0.0099204923
410,0.0178929499
447,0.0131279951
4044,0.0098930550
5434,0.0039492371
5645,0.0077407339
7720,0.0014715606
411,0.0081423192
2557,0.0099620162
3937,0.0138628298
7751,0.0000000000
9195,0.0019837759
412,0.0173182793
555,0.0091795569
4135,0.0068172477
6164,0.0127187078
6462,0.0044156445
6638,0.0036936617
2042,0.0088171154
3642,0.0103226324
4638,0.0073260037
4876,0.0085035973
6099,0.0032014218
6842,0.0075828502
7451,0.0000000000
658,0.0064509097
2132,0.0170347832
2924,0.0025958829
4693,0.0035722832
6984,0.0044610842
7681,0.0000000000
9467,0.0000000000
9676,0.0000000000
1369,0.0086399637
2472,0.0051325250
3093,0.0182921805
3382,0.0105458249
7572,0.0016893288
8203,0.0063826866
9212,0.0016460118
9881,0.0008216004
3231,0.0193561503
3304,0.0049872686
5101,0.0070659809
5246,0.0057893877
5483,0.0063429028
7235,0.0033300714
8046,0.0041610615
417,0.0101781301
2763,0.0182800183
5431,0.0063259790
5608,0.0072233337
6767,0.0103191631
9105,0.0001739090
9784,0.0018277955
418,0.0105748633
2010,0.0116745802
4266,0.0069198019
8122,0.0066065021
8695,0.0008241059
419,0.0187620527
2061,0.0068287686
2518,0.0048519730
3557,0.0205130025
4226,0.0106405482
7542,0.0017068110
7934,0.0019927043
8983,0.0005032786
9149,0.0000000000
2546,0.0117366089
3481,0.0041411062
4299,0.0202626024
4427,0.0057026135
421,0.0172176065
1063,0.0242080897
2316,0.0084087004
3962,0.0104064053
4072,0.0096855582
4816,0.0051661434
7660,0.0060729523
9621,0.0036336248
422,0.0152726981
3240,0.0103423623
5801,0.0063756743
423,0.0189103482
1159,0.0228326750
1167,0.0055532062
4694,0.0088185941
4812,0.0102454778
5193,0.0058033165
7322,0.0062506448
8528,0.0058740301
8796,0.0026187897
424,0.0118485918
3647,0.0114499466
4705,0.0103505395
4875,0.0095757089
4883,0.0185067308
7291,0.0112055175
1226,0.0257916563
1715,0.0114617876
3022,0.0071191325
3405,0.0125517657
4855,0.0289114467
4856,0.0060158613
8309,0.0000000000
1771,0.0043340029
2215,0.0151578742
3401,0.0111816797
8285,0.0022476164
8327,0.0020900605
8637,0.0053664231
427,0.0130458378
442,0.0127122285
1254,0.0056783579
2693,0.0088853210
2979,0.0114161113
7591,0.0023071118
8483,0.0038444185
1247,0.0012028908
2784,0.0073628799
3177,0.0104338237
3460,0.0078169365
4947,0.0065395056
6241,0.0105066924
6932,0.0057664345
7914,0.0024388482
8497,0.0010578256
9382,0.0015376645
833,0.0119563314
1408,0.0123225407
2888,0.0076558884
7499,0.0032783280
4903,0.0105959227
4966,0.0107478532
7382,0.0077723956
8439,0.0039298692
9712,0.0000000000
431,0.0148909824
3423,0.0174448890
8829,0.0042448046
432,0.0270284931
733,0.0198829609
1052,0.0239697460
1333,0.0059043343
2340,0.0145340885
2426,0.0069187348
4758,0.0075762875
6523,0.0027343062
7812,0.0067945739
8218,0.0029732737
9560,0.0009850254
433,0.0218822183
2115,0.0114715922
2884,0.0095553405
3204,0.0133130276
6545,0.0071884155
6602,0.0014619106
8019,0.0070273606
434,0.0147471653
6551,0.0030294809
7247,0.0000000000
8388,0.0000000000
9537,0.0000000000
2180,0.0145999231
3907,0.0132419569
7172,0.0026661606
1887,0.0139794258
1960,0.0095215360
2117,0.0032605728
2790,0.0102385813
5513,0.0091086523
7972,0.0015850743
437,0.0080106683
1370,0.0165815586
2105,0.0196047019
2188,0.0159262075
2905,0.0267229025
3525,0.0033926761
5736,0.0043212493
8119,0.0010341372
438,0.0081687235
2875,0.0104166089
3702,0.0086412783
5907,0.0085759309
8225,0.0040390613
8410,0.0028059862
439,0.0119976342
1179,0.0198538399
3678,0.0100835875
3818,0.0069258969
4411,0.0141343269
5398,0.0075372067
8391,0.0000000000
8950,0.0000000000
9667,0.0000000000
1507,0.0199043722
2786,0.0052318736
4818,0.0048479478
8138,0.0137443770
9022,0.0021871752
1577,0.0084637051
2989,0.0217623333
3965,0.0033976179
5411,0.0060445303
7201,0.0063037552
7880,0.0018911406
8881,0.0013483018
9799,0.0000000000
1998,0.0110589126
3066,0.0031166299
5004,0.0197495166
6162,0.0053425945
6920,0.0091464046
8421,0.0000000000
9225,0.0042935107
443,0.0174257279
506,0.0068263746
1964,0.0099027085
3169,0.0046406066
4050,0.0046126149
4081,0.0283927518
7523,0.0000000000
7968,0.0059746626
8330,0.0000000000
8341,0.0101657431
9522,0.0046530737
444,0.0306646195
760,0.0047852499
2293,0.0136040251
3201,0.0052897772
4775,0.0176809081
6206,0.0106995465
6227,0.0060403916
8598,0.0043384078
8778,0.0000000000
8972,0.0000000000
9058,0.0043284378
3898,0.0075077594
5027,0.0127986835
7383,0.0024489633
7856,0.0054072195
7899,0.0039204822
8151,0.0085209539
8311,0.0025539744
446,0.0071093130
2812,0.0047197001
3452,0.0128724432
4824,0.0095431582
5094,0.0051856676
5480,0.0058882158
729,0.0201992543
3681,0.0097582442
5022,0.0166863951
7596,0.0063425679
7844,0.0012498331
8385,0.0032489398
448,0.0093645914
3649,0.0096193834
4455,0.0051967779
7696,0.0066840627
449,0.0126747767
533,0.0319142146
652,0.0040612802
1509,0.0055472581
2668,0.0094832527
3699,0.0086709330
5328,0.0015160811
6790,0.0065730698
6850,0.0185532235
9251,0.0013051193
683,0.0281066429
2082,0.0221212834
3394,0.0038720440
4454,0.0034594078
6349,0.0045663063
6730,0.0030568958
8230,0.0003697485
8304,0.0010588326
9944,0.0000000000
784,0.0147509358
905,0.0131181760
1431,0.0083675654
4704,0.0037991078
6872,0.0026477106
1694,0.0124520911
4669,0.0091813419
6644,0.0100492552
6688,0.0127571000
9889,0.0000000000
453,0.0160249117
952,0.0134447836
4666,0.0063580843
4850,0.0140371727
5147,0.0022465593
9284,0.0000000000
9913,0.0000000000
454,0.0181030675
521,0.0125371490
1202,0.0147926114
1388,0.0098606942
1576,0.0078845999
3840,0.0159994138
5549,0.0069672551
5713,0.0144866485
7450,0.0113314652
8233,0.0000000000
455,0.0109065239
2001,0.0125946327
3978,0.0150143633
6580,0.0037170393
6591,0.0078881913
7574,0.0020542197
8234,0.0015467673
1068,0.0063475918
2050,0.0137209387
2530,0.0105383464
2535,0.0156675793
2804,0.0072550224
5190,0.0096783091
5249,0.0119241657
9367,0.0025010686
956,0.0068801709
1632,0.0107322179
4438,0.0176663773
6044,0.0033508545
458,0.0097057169
1338,0.0128861169
2452,0.0077307678
3558,0.0012221648
4732,0.0015607767
5312,0.0070399981
6803,0.0087638066
6918,0.0089875818
9985,0.0000000000
459,0.0158775091
2279,0.0069287876
3232,0.0026114326
4156,0.0073334266
4162,0.0140435470
5844,0.0193356919
6714,0.0071729918
972,0.0074979340
3257,0.0168299170
4756,0.0091986017
5662,0.0047488891
6009,0.0109155800
1725,0.0139647933
3773,0.0053766698
3957,0.0088771094
6805,0.0064604570
490,0.0151677293
2571,0.0082404087
4068,0.0167102631
5925,0.0021307010
5979,0.0045973113
7978,0.0000000000
9019,0.0000000000
464,0.0208478942
1581,0.0062266913
2038,0.0111312824
2437,0.0113948398
3467,0.0115976186
4126,0.0083186765
4655,0.0103072991
4714,0.0119532779
5654,0.0064096608
7027,0.0078887228
7482,0.0016475801
8969,0.0000000000
9644,0.0000000000
465,0.0177319311
882,0.0094792157
3981,0.0117037133
5574,0.0052544936
8170,0.0011055146
8878,0.0036536295
9790,0.0007842258
466,0.0055328146
1608,0.0184493770
4726,0.0070910324
6066,0.0028705854
7315,0.0040945755
8502,0.0044782960
467,0.0080301273
1639,0.0210133778
3161,0.0133495452
9176,0.0050729634
4286,0.0129326300
4384,0.0057379267
7546,0.0048059755
7575,0.0000000000
7994,0.0052343366
469,0.0119658966
540,0.0132062981
807,0.0150168606
1475,0.0067072775
1547,0.0109786787
2634,0.0164472447
2847,0.0129501456
3115,0.0142133119
3459,0.0112580441
5282,0.0027364174
8275,0.0011247770
470,0.0048000524
712,0.0242397904
1561,0.0158776134
1578,0.0142626951
5136,0.0047689505
7702,0.0022497583
471,0.0119994973
5262,0.0058967168
8693,0.0031084326
8846,0.0043728448
472,0.0070293393
865,0.0126519201
5799,0.0072354707
7349,0.0011256552
473,0.0198384490
1638,0.0102867911
2595,0.0040829035
4959,0.0091423422
5797,0.0090101585
9407,0.0000000000
9460,0.0000000000
9501,0.0000000000
9928,0.0000000000
474,0.0061791617
1393,0.0112525036
2683,0.0042249833
3768,0.0094168824
9295,0.0012018150
1192,0.0082715482
2190,0.0044227322
2793,0.0073370181
3142,0.0150668061
4070,0.0122678851
4100,0.0086571764
6118,0.0069837758
610,0.0067262261
1225,0.0216969024
2034,0.0112381786
2815,0.0150527608
5038,0.0079531271
8157,0.0008053653
9053,0.0050185437
9243,0.0015209033
477,0.0174397756
1498,0.0099061943
2563,0.0228367272
2803,0.0115927915
3120,0.0083446991
3174,0.0068354212
5191,0.0122061948
5903,0.0027691494
9047,0.0000000000
9393,0.0000000000
478,0.0042605726
703,0.0121605439
7962,0.0000000000
2567,0.0108165313
4612,0.0097612233
7706,0.0037235944
8994,0.0000000000
480,0.0081678024
552,0.0228650485
1118,0.0113975815
1371,0.0043853880
1933,0.0099783915
3026,0.0138534012
3608,0.0207207151
7199,0.0032438946
9721,0.0014303905
481,0.0207628721
964,0.0105999976
3486,0.0216554222
3928,0.0175578874
4771,0.0063282613
5691,0.0183030968
5912,0.0116390289
6371,0.0034782582
7126,0.0036049795
8639,0.0051148472
482,0.0261993442
2818,0.0101742993
4482,0.0086776247
5626,0.0027491666
5900,0.0117715300
6543,0.0134633806
6779,0.0060974416
8249,0.0041216339
9031,0.0000000000
483,0.0222067561
536,0.0146320056
838,0.0232941420
1033,0.0291551122
1733,0.0077525463
3574,0.0133231717
4829,0.0075340993
5937,0.0022634882
7598,0.0033277779
8136,0.0096959570
9996,0.0000000000
484,0.0195884491
2092,0.0188054890
3298,0.0086462473
3436,0.0149970106
6412,0.0032239835
6855,0.0055855205
7013,0.0080646766
9386,0.0000000000
485,0.0193224888
1939,0.0103338578
5584,0.0109196206
6020,0.0109237663
6221,0.0037443600
6515,0.0038909169
7303,0.0045800732
7605,0.0040459371
8961,0.0013482963
9629,0.0000000000
977,0.0199970776
3039,0.0172651957
6180,0.0073644380
7694,0.0085512820
487,0.0076220533
763,0.0271886325
3424,0.0189706043
4471,0.0124858361
488,0.0084406432
1749,0.0070754144
2964,0.0012053491
3107,0.0128024228
5472,0.0063475544
9054,0.0013352035
489,0.0087157776
710,0.0149884522
976,0.0037779996
1744,0.0090018273
2142,0.0108567869
3217,0.0161625883
6331,0.0103253507
6642,0.0029515470
8623,0.0065718275
3206,0.0333315525
8811,0.0025928407
8962,0.0000000000
491,0.0113884556
2262,0.0050048700
3001,0.0119366239
3687,0.0248003865
4552,0.0054985592
5322,0.0037921591
6732,0.0070731770
7098,0.0035052520
492,0.0037356882
3045,0.0092683566
3220,0.0197180654
493,0.0106980965
2265,0.0046444045
2865,0.0074378469
3830,0.0055108568
4032,0.0033383865
4766,0.0092139455
6444,0.0050076632
7045,0.0047044083
7335,0.0045666528
2582,0.0109520930
3381,0.0099300351
5510,0.0060566180
7380,0.0103977798
8542,0.0022755353
495,0.0174507314
1328,0.0092304465
2041,0.0161117108
4256,0.0134813199
6897,0.0038115071
7067,0.0102805082
9279,0.0015410539
496,0.0200499817
1113,0.0061020452
1979,0.0083866424
5072,0.0038436399
5942,0.0009464904
6772,0.0021861807
6891,0.0082266842
8350,0.0065661996
609,0.0173788635
2417,0.0187184063
5001,0.0053437144
5795,0.0119500819
6426,0.0036838375
6731,0.0027367300
7000,0.0072977056
9220,0.0015961635
498,0.0257167093
1704,0.0095474222
2025,0.0221810317
3211,0.0116783772
3441,0.0074727168
3560,0.0208362123
4586,0.0171119789
7393,0.0034551922
8734,0.0022157243
9140,0.0005059938
9204,0.0022348233
9822,0.0000000000
798,0.0126029169
2639,0.0047859975
6634,0.0037982343
8837,0.0059684806
501,0.0079957781
1344,0.0165045838
2064,0.0072181471
2469,0.0061992485
7394,0.0051004970
893,0.0072276282
1821,0.0053715686
6665,0.0060143872
9423,0.0000000000
502,0.0100935612
3289,0.0083482029
3616,0.0086994738
6000,0.0048815323
9414,0.0000000000
997,0.0193071009
1153,0.0114455940
2845,0.0159083918
3692,0.0093435411
8843,0.0019152323
8888,0.0024412235
9656,0.0000000000
1800,0.0161813544
5759,0.0020401620
505,0.0124843677
5589,0.0110421669
6253,0.0112902051
6549,0.0030348530
7609,0.0035531305
9912,0.0000000000
584,0.0108912025
1429,0.0124652392
4522,0.0113722826
5422,0.0051642454
507,0.0144918060
3767,0.0034289410
5757,0.0034188519
6833,0.0126746319
7601,0.0107769420
7846,0.0000000000
8002,0.0027515559
508,0.0170885397
1684,0.0117069655
1777,0.0101284298
1859,0.0129380129
2097,0.0069037707
3207,0.0121076600
4338,0.0077054492
5352,0.0060529155
8873,0.0049848951
9300,0.0022583069
509,0.0105869407
535,0.0034589092
2438,0.0078754745
7059,0.0078464841
9197,0.0018579987
1086,0.0058757608
3109,0.0088345944
4449,0.0136916534
5081,0.0093183437
5992,0.0118383852
7668,0.0030261185
511,0.0179800496
822,0.0134061896
1527,0.0057954748
6381,0.0076251619
6400,0.0031701255
7010,0.0046043066
8256,0.0018777658
512,0.0231195011
1521,0.0136874717
2602,0.0541367614
3072,0.0057771388
4589,0.0144728574
4862,0.0081863113
7576,0.0012537248
8253,0.0069470120
8749,0.0000000000
1455,0.0155234466
2798,0.0080408532
3663,0.0116950723
5419,0.0100183318
6307,0.0078214307
7533,0.0039676794
7816,0.0036076729
8022,0.0024537233
515,0.0075634744
1922,0.0089846272
3793,0.0052828717
7145,0.0098176547
8669,0.0000000000
516,0.0201793579
2358,0.0053431139
4743,0.0047263295
6254,0.0077687919
6630,0.0097545188
7558,0.0049139987
7950,0.0009784952
8578,0.0020262356
9683,0.0014022922
517,0.0139962278
3506,0.0109879824
4324,0.0042273121
4340,0.0109324961
7230,0.0103590990
8397,0.0073682257
8525,0.0001828277
9817,0.0009850254
518,0.0139048494
2895,0.0127905599
4989,0.0091165283
6497,0.0067350505
9029,0.0008249981
9990,0.0000000000
519,0.0095837560
754,0.0062848205
1834,0.0185032255
3320,0.0074764307
5558,0.0154770338
7251,0.0025822297
8520,0.0000000000
1066,0.0030384584
2434,0.0100371790
5500,0.0066939210
5603,0.0020348895
6725,0.0058367710
9017,0.0057953382
1117,0.0120835545
6755,0.0072435220
7468,0.0056768734
522,0.0068793003
1439,0.0178104663
2197,0.0174749994
523,0.0113771409
2259,0.0220099908
2315,0.0112276888
4173,0.0119094875
5523,0.0053557639
6166,0.0025664935
8197,0.0027475551
9759,0.0000000000
9821,0.0000000000
524,0.0238798248
3715,0.0051867995
3922,0.0044106237
6431,0.0053221887
6609,0.0110912834
6912,0.0067675945
6967,0.0013053611
7830,0.0032113593
525,0.0123621003
867,0.0170983254
1443,0.0119456234
3860,0.0132537234
4820,0.0133447579
526,0.0063845401
5673,0.0049268234
527,0.0220331549
767,0.0156510826
1365,0.0096912054
2079,0.0132677616
4071,0.0096460996
4116,0.0107913163
4597,0.0108032113
5355,0.0108344615
8839,0.0130616231
9239,0.0013245204
528,0.0163634093
2392,0.0088102811
4289,0.0079126536
6018,0.0000000000
6230,0.0087341116
6987,0.0090871478
8760,0.0025617038
529,0.0061682530
736,0.0294611053
4144,0.0083825677
4905,0.0095133393
5228,0.0113856432
7413,0.0035168985
7852,0.0045160078
530,0.0165560679
2011,0.0298812812
2192,0.0050913932
3635,0.0009142494
4722,0.0061289031
7678,0.0023627719
7804,0.0080840246
9829,0.0000000000
531,0.0086055130
4583,0.0045212713
6363,0.0090859674
6623,0.0033139535
9665,0.0046013262
9865,0.0000000000
532,0.0149025513
1310,0.0165264601
3244,0.0147457333
4206,0.0049796084
5333,0.0074853125
5885,0.0096886918
8413,0.0000000000
9521,0.0000000000
9535,0.0000000000
916,0.0040983828
1349,0.0255406624
3299,0.0063990212
3368,0.0036464574
3760,0.0038074455
6311,0.0126375147
6479,0.0079789532
7379,0.0082277445
534,0.0186979601
2375,0.0108978222
3472,0.0090628423
6151,0.0136812680
6225,0.0015240611
8608,0.0027213446
3858,0.0081868960
5295,0.0075792558
5486,0.0053883511
1757,0.0170560634
2370,0.0163443905
2428,0.0074162071
4086,0.0063934571
4215,0.0088510851
6085,0.0040820532
7308,0.0047938560
537,0.0088826215
5016,0.0026705422
8336,0.0017862095
8570,0.0041256577
9081,0.0008169436
9632,0.0021695546
1189,0.0073193313
1823,0.0083903903
4092,0.0115024348
5572,0.0038143243
6037,0.0048024621
6498,0.0041680721
6686,0.0020957876
9327,0.0000000000
9353,0.0011429297
9681,0.0000000000
539,0.0032663889
571,0.0243274746
951,0.0154570595
5244,0.0037782743
5209,0.0081090721
5692,0.0078568310
7893,0.0018709868
8916,0.0021955699
9920,0.0000000000
541,0.0194869121
4596,0.0158470889
5995,0.0132627662
6942,0.0068144791
8612,0.0010550212
9139,0.0028540485
9542,0.0000000000
1558,0.0155297244
2003,0.0132044679
2500,0.0089332138
4909,0.0065475111
8568,0.0009403401
8599,0.0000000000
9095,0.0019371580
543,0.0125012054
1023,0.0169183312
1282,0.0127399050
6473,0.0071492716
544,0.0115161600
1902,0.0081731050
6308,0.0047613467
7281,0.0017330831
8367,0.0048068891
545,0.0152121083
1107,0.0188783716
2278,0.0078169147
3213,0.0125563190
7403,0.0048548262
7485,0.0059485339
7975,0.0000000000
9682,0.0000000000
546,0.0107156083
1580,0.0124888609
2419,0.0149085578
7654,0.0012649479
9069,0.0014335922
547,0.0088727395
1920,0.0104184439
4403,0.0058105032
7721,0.0009941402
8420,0.0016320090
8495,0.0030953013
9635,0.0000000000
1242,0.0142949619
2261,0.0156572043
2460,0.0180483747
4328,0.0049417049
5040,0.0094283810
5256,0.0051935510
6106,0.0114010997
8329,0.0034262976
8791,0.0000000000
1045,0.0078014597
1321,0.0218468707
6189,0.0167418322
6956,0.0018841457
8833,0.0014418361
9405,0.0000000000
1707,0.0216901932
2516,0.0078622886
6207,0.0087081676
7217,0.0092151107
1430,0.0219705880
3230,0.0133031472
3955,0.0058053249
4510,0.0121421191
4567,0.0073552072
8392,0.0034185125
9071,0.0024136850
9702,0.0000000000
1958,0.0087168940
2056,0.0118445829
2112,0.0197836481
2885,0.0063468014
3372,0.0110997948
3485,0.0143833882
6753,0.0011908861
7399,0.0025505062
8679,0.0019364083
8729,0.0000000000
553,0.0213909040
1292,0.0129345807
4240,0.0059391348
4661,0.0049326977
7065,0.0030002231
7424,0.0000000000
8426,0.0042367053
8769,0.0000000000
9231,0.0000000000
9409,0.0028540485
953,0.0182211914
1236,0.0116502528
1727,0.0108633654
4489,0.0054939960
5617,0.0050591180
9856,0.0000000000
2997,0.0055696872
4213,0.0133177239
5911,0.0141454745
6723,0.0050767962
7649,0.0050773059
9503,0.0015389071
556,0.0096221081
1223,0.0198512581
8021,0.0023771683
8456,0.0024944943
975,0.0228816145
3010,0.0097182849
3020,0.0032590580
4599,0.0162342639
5280,0.0046806978
8714,0.0000000000
558,0.0130718217
588,0.0079576290
700,0.0134131018
6242,0.0052795855
6599,0.0090903871
7470,0.0070831500
8142,0.0041629193
2613,0.0134469503
8312,0.0007591206
9020,0.0000000000
9155,0.0025145737
3097,0.0015874270
6209,0.0116332394
561,0.0069183943
2373,0.0171174464
5628,0.0099995296
9872,0.0000000000
2051,0.0135177320
4680,0.0057297420
6914,0.0107699853
7422,0.0048199970
7586,0.0075876252
8271,0.0000000000
9999,0.0000000000
563,0.0153379705
1485,0.0175863602
3597,0.0089307382
3665,0.0063665967
4864,0.0030928008
5893,0.0030798150
7761,0.0031244729
9224,0.0000000000
9611,0.0000000000
564,0.0030333749
979,0.0113452186
2484,0.0180147037
2703,0.0093971731
4958,0.0122321794
1036,0.0200023837
4683,0.0074532552
5924,0.0055640634
1693,0.0129417796
1814,0.0064886133
1987,0.0105750350
4717,0.0116599310
7911,0.0057551065
8685,0.0000000000
9159,0.0038794867
9483,0.0019986152
9808,0.0000000000
567,0.0168224707
808,0.0198608279
2486,0.0101128478
3015,0.0108396985
5308,0.0247752110
7742,0.0020323513
7906,0.0000000000
568,0.0120649290
2984,0.0098200844
3743,0.0152231032
5028,0.0073394952
8401,0.0047931443
3935,0.0121181464
4458,0.0025571405
570,0.0063818032
2695,0.0090304363
2869,0.0155835615
5636,0.0107187732
6860,0.0010221856
7182,0.0067320288
7582,0.0027475551
8017,0.0045897913
8063,0.0008870252
8325,0.0000000000
8900,0.0016947827
816,0.0001854302
1025,0.0178491742
3817,0.0111491989
3847,0.0037072495
4287,0.0145960161
6434,0.0063235211
573,0.0079735314
1076,0.0121827903
1322,0.0162938919
2222,0.0064493725
2570,0.0171686603
3863,0.0084026104
5215,0.0029368960
7084,0.0012337447
1989,0.0133784704
3134,0.0126748104
3366,0.0057765892
3522,0.0098836457
5311,0.0044069465
5696,0.0088559588
5879,0.0081903717
7306,0.0044108282
7741,0.0000000000
8448,0.0000000000
9037,0.0000000000
575,0.0074950791
811,0.0322040038
1201,0.0160904683
1982,0.0104374490
3391,0.0087275965
9316,0.0000000000
3148,0.0095031148
5366,0.0076870592
6232,0.0060647882
7264,0.0031774425
1381,0.0067974140
2960,0.0173221558
3145,0.0089073229
4051,0.0190728749
4063,0.0093033528
6965,0.0000000000
7192,0.0046636048
8643,0.0023363570
578,0.0078539505
3014,0.0067040583
4364,0.0014177967
5002,0.0062818741
8435,0.0043036112
9056,0.0000000000
579,0.0276553816
1295,0.0093646554
2519,0.0114677917
3310,0.0165189433
4401,0.0096728122
4998,0.0143734314
5669,0.0088265496
6717,0.0013474443
7088,0.0037554666
8317,0.0015906486
9457,0.0006407026
9720,0.0000000000
9918,0.0025330246
9934,0.0000000000
2318,0.0074175218
3480,0.0089068779
4171,0.0178045719
5629,0.0166530344
2858,0.0100494899
6353,0.0011564340
6669,0.0026453319
9559,0.0016224929
607,0.0179551727
2936,0.0029953742
5020,0.0095940969
5377,0.0091720211
583,0.0085436846
1184,0.0122246840
4448,0.0071602003
5896,0.0124016574
8487,0.0000000000
3410,0.0074648596
7103,0.0089049988
585,0.0122721028
3355,0.0033606456
6496,0.0145848885
7567,0.0000000000
9073,0.0029375455
586,0.0148069452
1610,0.0076263527
1949,0.0180179805
2800,0.0111584140
2891,0.0155118397
4303,0.0082908657
4908,0.0102418535
7594,0.0000000000
9711,0.0000000000
9971,0.0000000000
1644,0.0105597130
1751,0.0198690398
2982,0.0090267799
3731,0.0009187068
4572,0.0111441645
4960,0.0143911545
819,0.0101573617
1572,0.0125717544
3186,0.0223017534
5383,0.0083381176
7504,0.0076108535
8722,0.0000000000
589,0.0221704083
1843,0.0074789141
2877,0.0182430484
3439,0.0144983258
5289,0.0110430057
5735,0.0082350339
6992,0.0129797417
8404,0.0040255603
9564,0.0000000000
590,0.0101673336
668,0.0124600981
1876,0.0110505431
4618,0.0153453241
8174,0.0011203226
591,0.0163546790
2067,0.0085504548
5922,0.0108694029
7437,0.0090113355
7887,0.0004649704
8926,0.0018907115
592,0.0258016229
1272,0.0172792883
2676,0.0075387252
2899,0.0084443545
4089,0.0092626109
5428,0.0133534735
7550,0.0015000804
8721,0.0000000000
9910,0.0000000000
593,0.0234548559
3131,0.0092446647
3581,0.0059629794
3940,0.0156355187
5843,0.0025065035
6289,0.0014833147
7716,0.0087940237
8959,0.0027964429
594,0.0162654799
1709,0.0264876233
2357,0.0099630278
2384,0.0129408919
5045,0.0041712882
7430,0.0019543980
7798,0.0031492642
8631,0.0027893100
8876,0.0013717804
9307,0.0018725386
9602,0.0000000000
1049,0.0118547150
3194,0.0096807526
4365,0.0064687617
5192,0.0144455291
7320,0.0068010328
7885,0.0039957840
9485,0.0000000000
596,0.0138201598
1233,0.0174759756
4706,0.0139232407
4707,0.0115779970
5783,0.0046927267
6368,0.0043937865
8255,0.0031937961
597,0.0304176197
1138,0.0056537599
3719,0.0095761253
5056,0.0014615461
7331,0.0052780896
8345,0.0000000000
8411,0.0000000000
1539,0.0061778223
3055,0.0065956981
3762,0.0137023047
7850,0.0039789376
599,0.0082198259
9278,0.0000000000
9820,0.0000000000
600,0.0127523500
3599,0.0037580108
3794,0.0059972032
601,0.0092792328
3054,0.0083874530
4932,0.0102486295
602,0.0106104294
1351,0.0068622828
4538,0.0059763214
5913,0.0069011886
7483,0.0098719135
9089,0.0000000000
603,0.0097309390
4073,0.0135560194
5716,0.0054296743
8226,0.0044157386
8276,0.0022773278
9666,0.0000000000
3890,0.0080234763
4283,0.0171385157
4668,0.0052870083
5230,0.0031849898
8306,0.0040227646
8553,0.0000000000
605,0.0152116364
1287,0.0071222156
3451,0.0202381143
9506,0.0043486444
606,0.0022510308
1385,0.0186443855
4413,0.0171553430
4677,0.0138932230
7689,0.0097779238
4496,0.0189540741
5425,0.0097441756
5786,0.0034956789
6727,0.0052964284
9384,0.0000000000
608,0.0156640944
1000,0.0076094860
1221,0.0086661552
6624,0.0008446132
7604,0.0033279750
7670,0.0103358732
4234,0.0122522973
4752,0.0107832814
6713,0.0041001728
9340,0.0039275931
3618,0.0172423852
4832,0.0070410783
9937,0.0000000000
9943,0.0000000000
1210,0.0103232441
2275,0.0056467851
4165,0.0200736697
6933,0.0048469322
9737,0.0015364761
612,0.0112785697
4268,0.0138981485
6219,0.0100018624
8383,0.0012005875
9420,0.0000000000
1670,0.0060324245
614,0.0316903322
645,0.0050845268
1812,0.0067089653
2770,0.0042596089
3458,0.0149560194
4425,0.0160957939
4584,0.0203142595
5432,0.0109077229
5966,0.0050935686
6550,0.0042201472
8817,0.0000000000
9332,0.0017799698
9581,0.0006277624
615,0.0216077855
1357,0.0170581735
3837,0.0096692544
4117,0.0034781919
5113,0.0049274577
6722,0.0153100646
7161,0.0062531695
7356,0.0085642189
7423,0.0014909484
9686,0.0000000000
616,0.0109379561
2705,0.0074348683
5851,0.0067060102
2227,0.0171329272
4040,0.0117511866
8698,0.0000000000
618,0.0125035035
2591,0.0105826470
8026,0.0035675679
9528,0.0018178273
998,0.0076233424
1756,0.0245813860
1969,0.0057211243
2333,0.0074767497
2778,0.0115626904
4801,0.0228433347
9098,0.0000000000
620,0.0158143385
5599,0.0138624661
5792,0.0066458517
6583,0.0005169001
7943,0.0000000000
8934,0.0000000000
9413,0.0029083624
621,0.0113091646
4889,0.0045724997
5285,0.0051741593
6763,0.0102947029
9456,0.0000000000
2440,0.0064256377
2925,0.0144668180
4847,0.0063452555
6832,0.0051780166
2583,0.0064523673
4483,0.0073438897
5980,0.0044746197
6072,0.0095725999
6724,0.0019750545
6764,0.0064954933
624,0.0085149399
1187,0.0140424712
4157,0.0036399056
9175,0.0014313923
625,0.0105974174
1368,0.0172741148
3308,0.0179386435
4882,0.0057603077
5865,0.0052258180
6333,0.0024003283
6834,0.0072196160
7889,0.0036824175
1317,0.0129887544
4383,0.0105383429
4868,0.0033213732
5336,0.0051218105
6509,0.0064652941
7986,0.0025509551
8060,0.0087341335
8700,0.0036018011
9465,0.0000000000
1175,0.0083663669
5416,0.0066056989
6492,0.0000000000
7127,0.0031648997
8997,0.0051187559
628,0.0141672581
928,0.0144762868
4682,0.0276739664
8752,0.0000000000
9322,0.0024135029
1481,0.0016772254
3092,0.0091252858
8193,0.0044378713
8960,0.0045977947
630,0.0071951216
1101,0.0126911150
2637,0.0044617664
3077,0.0071612641
8075,0.0032201195
8188,0.0065792506
631,0.0115097607
679,0.0224382830
1156,0.0108239191
1482,0.0177275206
1809,0.0113658148
9510,0.0000000000
632,0.0100188887
3016,0.0142961647
4512,0.0033076346
5806,0.0093758266
6115,0.0033510741
8379,0.0013077762
9444,0.0000000000
633,0.0111373959
1149,0.0060682150
1903,0.0062227285
3676,0.0204888026
5247,0.0018199376
7225,0.0000000000
634,0.0175261004
1217,0.0140105786
1362,0.0101680821
2404,0.0028186975
9439,0.0036336248
635,0.0295674997
1663,0.0052400418
2191,0.0127068100
3101,0.0145604337
3216,0.0092856333
6474,0.0142821809
2444,0.0070983690
5167,0.0091442799
7163,0.0034073996
7300,0.0045422374
9610,0.0040628259
4334,0.0081766016
5313,0.0024627561
7209,0.0044463387
7811,0.0008676600
9772,0.0000000000
638,0.0071535123
886,0.0182063828
1298,0.0179217577
2976,0.0051101204
5909,0.0119148013
9891,0.0000000000
639,0.0096587110
1163,0.0105248232
1505,0.0262178424
2433,0.0083837971
6691,0.0005717636
7357,0.0027046577
8917,0.0032053584
9077,0.0000000000
1021,0.0043449157
3807,0.0054940928
5047,0.0119370759
641,0.0291255131
1868,0.0135997867
1971,0.0018175077
3062,0.0096297464
4486,0.0071405930
5278,0.0146063910
5555,0.0140522818
5764,0.0057512987
5972,0.0025011440
5975,0.0016895293
6770,0.0039068633
8549,0.0073909702
642,0.0089327545
3127,0.0120853630
6511,0.0045184427
9113,0.0019848317
9628,0.0000000000
643,0.0185263387
1842,0.0220962113
3421,0.0110636331
5149,0.0047682077
5341,0.0043349183
9493,0.0021875406
9761,0.0000000000
4611,0.0084853191
4996,0.0144204774
5405,0.0013029466
5789,0.0116544909
6126,0.0051757178
6285,0.0089037811
1562,0.0095303840
7543,0.0000000000
9234,0.0000000000
3539,0.0089418557
6569,0.0107111395
8984,0.0063557605
647,0.0113440059
6822,0.0047312267
7142,0.0026966334
1997,0.0135955236
5029,0.0101939784
8194,0.0026607332
9552,0.0000000000
1059,0.0045831035
1601,0.0143278819
6778,0.0076810656
6957,0.0099592865
9653,0.0000000000
1230,0.0074955188
6641,0.0040117894
6895,0.0040465117
651,0.0094722074
3998,0.0063121774
4582,0.0054117252
6916,0.0026980521
9298,0.0000000000
2367,0.0134667997
3457,0.0069809369
3796,0.0155646527
6309,0.0059918134
7459,0.0044710233
653,0.0099288852
3795,0.0048097825
4701,0.0047495740
5712,0.0093703089
6561,0.0070544866
654,0.0090555672
1109,0.0100262665
3948,0.0113564472
4410,0.0059377600
7208,0.0000000000
1873,0.0222711273
2709,0.0148078782
3864,0.0121033310
5784,0.0058795126
8586,0.0043295445
656,0.0124399835
2497,0.0085912222
2550,0.0152620690
3038,0.0148035082
3960,0.0111533740
5802,0.0018311112
6788,0.0005244431
7841,0.0012782689
659,0.0109630847
5277,0.0027938751
7125,0.0008180291
7406,0.0000000000
8265,0.0000000000
660,0.0159142449
4311,0.0023031521
4671,0.0074504369
5876,0.0042169547
7705,0.0076133485
8423,0.0041710816
8744,0.0062955289
661,0.0080109397
3644,0.0116851693
5917,0.0081860960
6364,0.0028530620
9186,0.0044896411
662,0.0168505809
1312,0.0221007746
2267,0.0037560686
2913,0.0150367964
7653,0.0013102765
8320,0.0000000000
663,0.0119466520
3534,0.0272237123
3739,0.0085152072
5258,0.0062621126
5805,0.0152721338
7836,0.0030121672
9927,0.0000000000
664,0.0078727743
3110,0.0218612507
3833,0.0116105078
5198,0.0095281721
5399,0.0086619662
6425,0.0060862153
9649,0.0030167410
802,0.0181678457
1594,0.0035874408
3968,0.0078733577
4490,0.0162322630
8406,0.0053805236
9589,0.0000000000
1053,0.0203114881
1774,0.0236937878
2466,0.0042775019
6684,0.0074065749
667,0.0049993732
731,0.0170571973
1061,0.0315078544
2143,0.0277682518
2361,0.0101272458
6443,0.0083681777
6976,0.0058686184
7105,0.0052614970
6079,0.0208083985
669,0.0063815673
2980,0.0121938740
6407,0.0060347145
9806,0.0012384868
670,0.0071244106
1409,0.0222198504
3286,0.0098272419
5338,0.0033764642
6447,0.0183886035
7892,0.0045600471
671,0.0155931800
4325,0.0117354512
6746,0.0060948651
672,0.0098954440
757,0.0101240829
8247,0.0032852853
9097,0.0029089986
673,0.0136689263
1609,0.0090608048
1927,0.0239408898
2359,0.0077939577
2450,0.0157594509
4500,0.0061437386
6043,0.0032163685
8575,0.0007805553
674,0.0178152906
7022,0.0049290893
7990,0.0046261010
2596,0.0081213980
2849,0.0046407632
3975,0.0065652379
4656,0.0021159427
5100,0.0075282979
5409,0.0028808678
6809,0.0000000000
8853,0.0036749786
1079,0.0163319207
1783,0.0172799364
2306,0.0079534372
5378,0.0106546078
7248,0.0024294134
8562,0.0023267222
9567,0.0000000000
677,0.0224382199
1007,0.0088077424
1209,0.0164782308
4598,0.0046355593
6361,0.0055819909
6692,0.0041194608
6704,0.0067307725
8432,0.0000000000
678,0.0070391522
3071,0.0075790229
4648,0.0098291037
6990,0.0028718831
7610,0.0047397252
7931,0.0050877610
8819,0.0030076461
680,0.0114820044
3392,0.0140614751
3569,0.0066420072
7618,0.0047261533
8465,0.0050470606
2811,0.0133590457
6268,0.0007278299
7851,0.0061998890
1457,0.0105118101
1703,0.0125543270
2109,0.0111487412
2694,0.0035485322
2809,0.0014347551
3578,0.0124914199
7023,0.0027511822
7789,0.0011141912
8386,0.0014909484
4636,0.0091520230
6193,0.0034639384
8998,0.0000000000
9177,0.0017561618
684,0.0172638815
2400,0.0211722032
2502,0.0059321333
3425,0.0139407792
3559,0.0312893419
5965,0.0106942791
6094,0.0161483240
6541,0.0047312267
685,0.0207005680
2971,0.0213648526
7530,0.0061642161
9410,0.0019013575
2153,0.0067472313
7507,0.0022665758
687,0.0055153585
7948,0.0065839291
8625,0.0047270737
688,0.0097524443
1440,0.0203594342
6463,0.0035733196
689,0.0143091053
4967,0.0095987214
5563,0.0079260973
5570,0.0108171843
6315,0.0095594111
6876,0.0092377129
690,0.0141290803
1524,0.0239440035
4199,0.0123438641
8484,0.0017612617
9869,0.0000000000
5623,0.0100595938
6006,0.0094198888
692,0.0052839070
3526,0.0075728728
4514,0.0061407949
5379,0.0056347817
8470,0.0033337741
9304,0.0000000000
693,0.0091849976
694,0.0080870978
6320,0.0098308628
1424,0.0115317847
3419,0.0003307539
6334,0.0011940881
8296,0.0000000000
9008,0.0000000000
696,0.0104009078
4491,0.0138247834
8728,0.0028446050
9128,0.0022446297
1679,0.0071000294
5841,0.0051190223
6075,0.0030587942
9107,0.0000000000
9637,0.0000000000
698,0.0101582678
2719,0.0101432313
5752,0.0135085593
8663,0.0000000000
9339,0.0000000000
699,0.0198616218
851,0.0098413739
3461,0.0063171354
4355,0.0118470568
4962,0.0035227320
5176,0.0128406049
7941,0.0000000000
9897,0.0000000000
1882,0.0075167506
3554,0.0059263209
4835,0.0045993761
6332,0.0132251138
7062,0.0092165123
7522,0.0077662606
701,0.0146992990
1835,0.0167768868
1945,0.0184603367
702,0.0094866165
3104,0.0076560598
4826,0.0169167438
9109,0.0000000000
4169,0.0011196828
6671,0.0086834294
7809,0.0042270550
9779,0.0021368277
2859,0.0131564087
6493,0.0051335267
6581,0.0068343390
789,0.0144155459
1711,0.0121514992
5403,0.0017411232
7650,0.0153377536
8445,0.0000000000
2833,0.0123932999
3178,0.0040355388
3853,0.0073880580
4562,0.0043658370
6958,0.0071296841
9569,0.0020755268
707,0.0160937060
2363,0.0105093464
4190,0.0181515676
6604,0.0067586264
7673,0.0008334504
8499,0.0006813186
9435,0.0036245240
709,0.0082522756
2026,0.0126599324
2734,0.0059379384
3184,0.0125473802
3336,0.0173946913
4013,0.0035528290
6465,0.0021026299
7708,0.0061766122
8417,0.0010851135
2124,0.0058387232
4647,0.0108429337
5323,0.0047765402
7324,0.0069610184
7444,0.0037608107
8382,0.0059892723
711,0.0220571920
2209,0.0069793641
2897,0.0078583328
3737,0.0048795089
4720,0.0127737289
6392,0.0111412577
6765,0.0049778249
7547,0.0042466943
8681,0.0062093663
4235,0.0058065280
4749,0.0064716464
5205,0.0158718969
7007,0.0033708212
7314,0.0067106804
3236,0.0056493319
4122,0.0014393784
7855,0.0014236118
714,0.0111241680
2280,0.0090825896
3980,0.0150068776
4321,0.0062472727
5181,0.0143094195
6955,0.0084706977
1541,0.0168605762
3498,0.0122513984
3720,0.0105922418
5944,0.0101020980
9618,0.0024084440
3625,0.0063310468
5955,0.0109711889
6573,0.0013451468
7025,0.0067180711
8970,0.0000000000
3021,0.0054684515
4187,0.0009522305
7046,0.0025449706
7079,0.0086949565
7724,0.0048231780
8316,0.0083392822
8506,0.0038176396
718,0.0110455524
721,0.0205401385
829,0.0135410690
1394,0.0103889829
1432,0.0060677102
2616,0.0107230088
2743,0.0036018804
4186,0.0033319781
4222,0.0119018528
1034,0.0125502907
2086,0.0073419559
2986,0.0092625538
3580,0.0123717074
5742,0.0091949202
7276,0.0051853260
720,0.0201222613
5346,0.0040338213
9514,0.0003444369
5593,0.0097964213
5719,0.0096394401
6313,0.0079033172
7831,0.0041911091
8104,0.0000000000
8747,0.0023417764
9781,0.0000000000
750,0.0120394371
801,0.0105121481
3279,0.0133911659
9828,0.0000000000
2928,0.0094136553
5365,0.0125351391
5488,0.0083383113
6244,0.0196369502
724,0.0085821083
1111,0.0253374625
1831,0.0199378774
4237,0.0031998451
725,0.0147229215
1336,0.0065984334
3102,0.0081850756
7155,0.0075006797
9981,0.0000000000
726,0.0044681841
4085,0.0109500924
6451,0.0000000000
959,0.0100910688
3722,0.0046624487
6840,0.0088197133
8918,0.0014402618
9308,0.0033786046
728,0.0212103196
1196,0.0160907770
2587,0.0035416897
2946,0.0079159259
3701,0.0112849123
4009,0.0183507091
4055,0.0101039803
4892,0.0069151372
5326,0.0063081881
7173,0.0035509839
1140,0.0108293134
2645,0.0069336126
3285,0.0019604307
7309,0.0078173928
7454,0.0115562171
7987,0.0016893288
9174,0.0000000000
9539,0.0000000000
730,0.0038921328
874,0.0065983165
940,0.0072895040
2166,0.0238434748
5721,0.0011434057
6191,0.0031758016
7200,0.0046137759
732,0.0061629480
3735,0.0159094795
5687,0.0007417636
9925,0.0000000000
1346,0.0049337792
1706,0.0073125793
1740,0.0041141425
1870,0.0199529437
3006,0.0023569563
6555,0.0048576515
7436,0.0030541510
9280,0.0000000000
9333,0.0014824895
734,0.0067589312
1110,0.0049270949
4961,0.0067695788
735,0.0088427776
955,0.0106124475
1374,0.0171194224
1538,0.0170586961
6703,0.0032055932
6909,0.0076664020
7068,0.0070049150
7211,0.0059701568
7244,0.0080549798
7446,0.0076105253
8374,0.0006420774
737,0.0108168334
9905,0.0000000000
9992,0.0000000000
1595,0.0055961170
3576,0.0121502536
4045,0.0164403142
5916,0.0047511060
6394,0.0118440642
739,0.0027132701
740,0.0083231481
1416,0.0149674593
6013,0.0061669183
8458,0.0037945397
9285,0.0000000000
741,0.0070582337
3017,0.0141901288
4112,0.0099328227
5659,0.0015227001
8593,0.0014108725
742,0.0130464914
1168,0.0074820639
4997,0.0083376576
8156,0.0101049866
9375,0.0017561618
743,0.0134227428
4616,0.0131477135
4807,0.0049713599
5356,0.0140777309
7058,0.0065228582
7358,0.0071516537
2509,0.0152551774
3766,0.0126822073
9518,0.0034177279
745,0.0142017073
1380,0.0099906489
3832,0.0018862539
4099,0.0113533978
6047,0.0058592837
6145,0.0057995184
6153,0.0087440255
8551,0.0022469490
9422,0.0000000000
3002,0.0170128198
4872,0.0177916544
7355,0.0024297452
8940,0.0036138600
747,0.0166643427
1671,0.0210590753
2632,0.0126502899
3680,0.0114746320
5297,0.0201242792
7535,0.0022509689
9358,0.0000000000
1871,0.0235612244
2081,0.0168024142
2331,0.0095588191
5104,0.0127197151
7486,0.0085123413
749,0.0201562340
936,0.0154874335
1419,0.0080629178
1662,0.0154665104
2728,0.0163627722
3138,0.0132854052
6211,0.0012010526
6882,0.0176378157
7102,0.0050250223
9106,0.0012367456
2528,0.0306531049
2736,0.0114991566
5866,0.0169803701
7534,0.0024553935
752,0.0057068956
8094,0.0055590277
3369,0.0176503525
3505,0.0079676328
4643,0.0101827541
4657,0.0101046467
5568,0.0102595018
5643,0.0099634980
6506,0.0026934310
8742,0.0005423605
9995,0.0000000000
1762,0.0086458719
3095,0.0060267646
3195,0.0123019785
3859,0.0073634502
5904,0.0000000000
6256,0.0012604366
7688,0.0018001787
4982,0.0072823163
5065,0.0145887731
7164,0.0028618149
7728,0.0006552588
7871,0.0000000000
1784,0.0197281311
3246,0.0194471255
5524,0.0073682041
7961,0.0011925121
8933,0.0039020842
904,0.0071714637
2424,0.0100143064
3073,0.0086438426
3222,0.0106029663
9112,0.0037032062
759,0.0204640295
3887,0.0034698923
4786,0.0022275041
5207,0.0035861510
6823,0.0066126064
7501,0.0029650726
8231,0.0021740788
8292,0.0061631478
8526,0.0046839297
8692,0.0037412260
1258,0.0100360343
5525,0.0057826925
1729,0.0119871786
2978,0.0099781773
6192,0.0074259196
773,0.0078612096
7441,0.0098812918
8004,0.0027875833
9286,0.0000000000
9459,0.0000000000
3966,0.0160579418
4104,0.0180380595
4957,0.0167834151
5469,0.0176592629
7964,0.0059845806
1116,0.0268679698
2198,0.0123538144
2814,0.0094945650
3069,0.0138053238
5087,0.0080050546
765,0.0182243070
1827,0.0118489374
3471,0.0054552959
7360,0.0027085901
8398,0.0041309723
766,0.0107338082
5724,0.0130676332
5765,0.0045436831
7617,0.0048599992
8181,0.0016634699
8236,0.0036616451
9354,0.0000000000
1348,0.0162052542
4651,0.0033162025
5255,0.0065089942
6197,0.0055170122
768,0.0043110913
1544,0.0024709604
5576,0.0085435240
5813,0.0035952928
9346,0.0006278614
769,0.0164116359
2019,0.0150132193
2864,0.0245258615
3800,0.0059297969
5299,0.0045549429
9182,0.0034934514
5985,0.0071413141
6874,0.0042928171
1137,0.0116872589
3812,0.0185330169
9348,0.0022426040
2669,0.0109196617
3395,0.0143622490
6529,0.0076788352
6622,0.0055796099
7602,0.0000000000
9509,0.0012440152
9613,0.0015245845
5750,0.0035705558
9063,0.0036721167
774,0.0158562208
2717,0.0112442503
3354,0.0116498785
3429,0.0080378415
4236,0.0060507846
4382,0.0046449681
7735,0.0056680372
8647,0.0045240071
775,0.0272408268
5320,0.0159483488
7839,0.0008741747
776,0.0195154521
1135,0.0151649033
1473,0.0102318649
4504,0.0146877262
5744,0.0052575176
7780,0.0000000000
8339,0.0000000000
8922,0.0006550888
9540,0.0000000000
4053,0.0126894492
4629,0.0083529131
4670,0.0091175896
9538,0.0000000000
4327,0.0016605868
6741,0.0059189331
9495,0.0000000000
3905,0.0103161014
4011,0.0014943102
6526,0.0111672316
2239,0.0032080224
6325,0.0153696277
781,0.0048751850
5454,0.0155840435
8861,0.0029715989
1205,0.0062573333
2254,0.0087287247
3251,0.0170046814
8914,0.0063013728
2626,0.0128167434
1911,0.0131519996
4370,0.0084566427
4591,0.0108887304
5239,0.0142021920
6130,0.0024425089
8954,0.0000000000
785,0.0090593176
813,0.0073236749
1418,0.0178929438
1833,0.0081657915
2412,0.0123609855
4866,0.0107672287
6994,0.0017554259
9938,0.0000000000
786,0.0261199786
1271,0.0070947338
2114,0.0110691189
2720,0.0101123441
5999,0.0086735806
8082,0.0030902789
9131,0.0017319107
9685,0.0000000000
787,0.0080801640
4675,0.0079744136
4003,0.0110707856
5610,0.0086325361
6060,0.0062250877
7412,0.0000000000
9852,0.0000000000
6187,0.0092783546
6435,0.0041199117
6590,0.0061256586
6680,0.0092068395
790,0.0185321413
1629,0.0170402647
2309,0.0058447082
3627,0.0177656914
791,0.0141342105
5694,0.0094213335
6338,0.0059546656
8012,0.0030441816
792,0.0158625395
3524,0.0144432447
4025,0.0070106081
5596,0.0033155765
6200,0.0045990019
7094,0.0105735517
793,0.0116268663
4842,0.0046835674
7301,0.0010312392
9191,0.0020971588
794,0.0023060819
1801,0.0051018404
6761,0.0062443750
974,0.0128774352
3185,0.0087358463
5369,0.0015703734
5848,0.0052365418
7946,0.0044758540
8006,0.0014314093
8183,0.0011484708
796,0.0255906831
2032,0.0136647547
4374,0.0015639367
7346,0.0014313923
8387,0.0019234977
8952,0.0005423605
9226,0.0062081447
6647,0.0048513872
6792,0.0047745027
8905,0.0075523971
2175,0.0154443090
3156,0.0194150372
799,0.0179617576
2113,0.0083379360
2771,0.0051709599
4674,0.0117797629
5041,0.0042515443
5224,0.0002481356
8621,0.0000000000
9166,0.0015801430
9440,0.0031969261
800,0.0184023672
2232,0.0032513628
4362,0.0094118045
7613,0.0000000000
8517,0.0057352820
8590,0.0013380034
8965,0.0000000000
1674,0.0169237641
5531,0.0101637917
6306,0.0071513532
6554,0.0034192579
7476,0.0048169514
8371,0.0043971214
803,0.0160371606
4388,0.0136109260
4541,0.0075493044
4904,0.0039765471
6055,0.0021245688
7909,0.0027830048
8856,0.0032689393
9951,0.0000000000
870,0.0110257618
2446,0.0023944451
6818,0.0026411240
805,0.0062480015
3591,0.0308731868
7189,0.0022750903
806,0.0262385186
2750,0.0175481551
5637,0.0081320439
6017,0.0053522860
6039,0.0037154546
8281,0.0000000000
1072,0.0118179378
4719,0.0080675749
9854,0.0000000000
1659,0.0164129431
6295,0.0075460164
809,0.0073778968
3227,0.0070654321
3306,0.0038394131
1907,0.0152581643
7692,0.0064783845
2150,0.0155336740
4326,0.0123442930
6682,0.0000000000
8263,0.0009293287
8641,0.0000000000
9575,0.0018430459
812,0.0153667410
1451,0.0063406588
2700,0.0123488778
3718,0.0168089508
4440,0.0115378718
814,0.0074438691
2077,0.0106981055
4931,0.0111882464
6347,0.0108557884
8177,0.0000000000
815,0.0095209733
1060,0.0068024798
1837,0.0082574053
8675,0.0000000000
2601,0.0141279526
6993,0.0025742069
817,0.0051207580
4379,0.0144239525
4619,0.0118728821
1103,0.0221083012
3489,0.0046496938
6494,0.0098436811
820,0.0158861630
2829,0.0123127865
3664,0.0173659435
8527,0.0000000000
8834,0.0008871690
9892,0.0000000000
2063,0.0219820362
4148,0.0083039274
2839,0.0284368370
2917,0.0150003767
4075,0.0045668597
9004,0.0023150336
5614,0.0024826267
2292,0.0089368369
9319,0.0000000000
825,0.0177457667
1106,0.0146127118
2614,0.0143709586
7197,0.0037180726
8409,0.0000000000
826,0.0110291506
1928,0.0041909068
4214,0.0054729622
6031,0.0095560980
7228,0.0026385951
827,0.0257759793
1177,0.0124546145
4857,0.0028161708
6603,0.0053059640
7510,0.0020059037
7881,0.0011735649
8298,0.0043178197
9740,0.0000000000
828,0.0159455686
1080,0.0146589889
4404,0.0055632899
5179,0.0084530070
6340,0.0088613176
7481,0.0027961067
8753,0.0022977590
1820,0.0113197934
4740,0.0031147840
6218,0.0039308443
7628,0.0054070810
831,0.0123882515
832,0.0091213146
1780,0.0231935794
2221,0.0139070121
3167,0.0070992451
8178,0.0019343791
2686,0.0043676766
8153,0.0060126945
834,0.0137480651
1986,0.0118302789
5664,0.0137041438
8124,0.0040627621
8486,0.0004901588
9836,0.0000000000
835,0.0086693967
2430,0.0039545834
8301,0.0000000000
9172,0.0017712135
9768,0.0000000000
1571,0.0092033330
3136,0.0069640439
4928,0.0077247401
7316,0.0063252536
9735,0.0000000000
837,0.0076156467
4389,0.0066434099
4808,0.0094372338
9673,0.0007700461
996,0.0309400562
1832,0.0073788384
5119,0.0190694278
5514,0.0023773714
8343,0.0019615760
8898,0.0000000000
9318,0.0027830048
839,0.0162509939
2416,0.0026681159
3844,0.0098341227
6235,0.0065177841
7012,0.0007804497
8179,0.0033291555
3253,0.0043950533
4224,0.0142811198
5875,0.0075372586
6397,0.0052694268
9041,0.0000000000
841,0.0211425353
2033,0.0079462625
2795,0.0121639591
4319,0.0073920416
7842,0.0037763398
8712,0.0126353408
9778,0.0000000000
842,0.0153564655
3783,0.0037689984
8023,0.0023534145
844,0.0088106979
4022,0.0032444411
4067,0.0091434865
7108,0.0013593740
7825,0.0033098588
9337,0.0000000000
846,0.0078689884
1472,0.0065077296
5170,0.0138209958
5573,0.0047422659
847,0.0123821471
4916,0.0041451974
5358,0.0130051892
7755,0.0000000000
8244,0.0061552541
9600,0.0000000000
849,0.0135530463
1785,0.0159551956
5811,0.0064254349
5920,0.0092431319
850,0.0122472197
1228,0.0062266233
1422,0.0100801833
9156,0.0000000000
4358,0.0066047112
6513,0.0032686596
852,0.0205518212
4495,0.0129752822
6960,0.0019887430
7287,0.0055631748
853,0.0067639764
5273,0.0126254470
2955,0.0100600165
6490,0.0043068238
6677,0.0004124462
6968,0.0000000000
855,0.0081011541
3869,0.0097648844
5075,0.0023695562
8690,0.0059502140
994,0.0099378454
1932,0.0123900087
5632,0.0013801078
7929,0.0040824638
8602,0.0028346798
9215,0.0019819405
9546,0.0023534145
857,0.0121552721
1405,0.0092004448
3956,0.0051511922
5698,0.0113805447
5977,0.0026813618
7865,0.0019263807
3728,0.0075036350
7608,0.0021794680
7888,0.0009732995
7973,0.0029476927
2355,0.0033622364
2970,0.0047769171
5079,0.0067144862
8561,0.0031327749
4154,0.0047642772
8045,0.0015218060
862,0.0075421871
2054,0.0050727305
3617,0.0056331951
7153,0.0032033456
863,0.0126239007
1478,0.0070132174
5141,0.0084916148
7401,0.0045217478
9052,0.0000000000
2842,0.0073946735
4091,0.0256280438
5481,0.0007224134
5880,0.0041281901
8644,0.0000000000
1616,0.0085348329
1654,0.0202026186
3473,0.0092089350
6582,0.0129396539
7571,0.0072290473
8101,0.0048547473
9398,0.0000000000
866,0.0118277685
3315,0.0121006346
5217,0.0069747128
5292,0.0055356075
6442,0.0099765461
2740,0.0181706600
3636,0.0083347928
868,0.0092868204
3566,0.0053375946
5444,0.0167069992
869,0.0123999576
1108,0.0213740619
3655,0.0094959648
6986,0.0096107637
7224,0.0057223791
934,0.0075683584
2975,0.0059050561
5947,0.0047554980
7095,0.0023997928
1803,0.0119702012
3450,0.0078060165
5775,0.0122552340
8953,0.0011562687
3688,0.0061616191
4990,0.0160409105
7410,0.0049158475
4708,0.0089468961
5495,0.0121876791
7837,0.0000000000
3565,0.0064970011
3705,0.0095672436
4630,0.0085457867
5973,0.0070835490
7280,0.0024931095
7540,0.0027867813
875,0.0269234983
1102,0.0064070802
3695,0.0153874468
4333,0.0036124941
5300,0.0097969712
5374,0.0100025944
8597,0.0013509063
5548,0.0105095332
6935,0.0015222972
9437,0.0000000000
877,0.0135890851
1126,0.0198725465
4919,0.0142915489
5718,0.0127253612
7359,0.0051578578
9771,0.0000000000
878,0.0107408265
3082,0.0061188569
4709,0.0016785675
5076,0.0162524036
7840,0.0034303073
9724,0.0000000000
879,0.0122789600
1698,0.0061605620
3176,0.0254608421
4508,0.0119807006
7700,0.0082921490
880,0.0153220680
2646,0.0111366974
3364,0.0108378266
5538,0.0088546571
6991,0.0051394069
8198,0.0032238507
9672,0.0000000000
9776,0.0000000000
881,0.0102916108
6911,0.0070813887
1520,0.0131612279
4833,0.0029889769
6350,0.0027837649
883,0.0145514159
1240,0.0099946178
3881,0.0024435921
4296,0.0091399674
5862,0.0113687396
6439,0.0086500079
8053,0.0046482894
884,0.0213026546
2687,0.0137082222
8335,0.0060496491
8651,0.0000000000
9945,0.0000000000
885,0.0204369214
4366,0.0053741096
7175,0.0040609382
7375,0.0031890143
7786,0.0053905568
9804,0.0000000000
9908,0.0000000000
1197,0.0313512917
1977,0.0186317814
2714,0.0075206784
3326,0.0085692707
4200,0.0073402473
2759,0.0100570011
6423,0.0041877407
6660,0.0028095352
9942,0.0000000000
888,0.0135478912
2169,0.0119902559
1962,0.0121817306
5339,0.0001318989
8678,0.0032872353
9387,0.0000000000
890,0.0093350964
891,0.0051089846
4845,0.0175972166
6802,0.0023294202
892,0.0073338528
2308,0.0163508333
2854,0.0113209953
4632,0.0135601837
4267,0.0090495198
4788,0.0153897819
8403,0.0031101974
8738,0.0028459903
9957,0.0000000000
894,0.0097784324
2163,0.0113767549
3268,0.0144541837
5433,0.0059623426
5679,0.0088023142
6175,0.0070169684
8441,0.0000000000
945,0.0119434423
6488,0.0055572510
7123,0.0020887615
1002,0.0141742919
2451,0.0090723017
3193,0.0109981613
4581,0.0129294195
6377,0.0123382193
1318,0.0161478292
1660,0.0111728466
9548,0.0007567876
9993,0.0000000000
898,0.0090637415
1412,0.0103883071
4300,0.0114526498
5407,0.0140898281
7071,0.0058913313
7296,0.0017189149
9842,0.0000000000
983,0.0213537660
2107,0.0060711778
3487,0.0012094351
4450,0.0088838673
5641,0.0069598420
5755,0.0066660359
9127,0.0039351098
2894,0.0044828169
5990,0.0077487509
8650,0.0000000000
9193,0.0000000000
912,0.0204146596
3166,0.0092919364
3484,0.0116120092
3567,0.0073125291
3824,0.0200022821
4158,0.0111857230
7231,0.0042080239
9684,0.0019152323
903,0.0123688368
1178,0.0086870926
1596,0.0042829131
2483,0.0089727770
4735,0.0090754752
6961,0.0014803721
2983,0.0211295344
3991,0.0087808652
4770,0.0045608669
5453,0.0071797017
7015,0.0105753388
9202,0.0020295760
907,0.0149206050
3445,0.0116161254
4029,0.0125304234
5171,0.0024072224
908,0.0076858161
1593,0.0141927758
6633,0.0066688069
909,0.0062890682
2423,0.0221061195
3162,0.0205612251
7763,0.0057316875
8655,0.0000000000
7712,0.0038500589
911,0.0047241578
2349,0.0136751892
4750,0.0105460255
8942,0.0010262695
1037,0.0100299315
2561,0.0103936895
7743,0.0000000000
8217,0.0019895052
8254,0.0000000000
913,0.0141078193
4664,0.0053192755
7566,0.0040354125
8307,0.0000000000
2436,0.0071493338
3852,0.0034289608
4261,0.0053772864
9677,0.0000000000
915,0.0111807978
5371,0.0027022336
5502,0.0033757221
7305,0.0073828884
3031,0.0259729183
917,0.0097722981
9605,0.0000000000
918,0.0161836001
4995,0.0038329138
5526,0.0090067358
919,0.0167817758
3674,0.0066513521
8059,0.0019732710
8342,0.0000000000
8847,0.0082273215
4188,0.0070426769
9811,0.0000000000
921,0.0108543270
4228,0.0063037526
4888,0.0082887608
922,0.0099015656
2255,0.0061371973
3697,0.0138364102
7624,0.0047751577
923,0.0122992670
1185,0.0069913006
2801,0.0071769864
4623,0.0063888103
4877,0.0069275421
4971,0.0100946273
8627,0.0000000000
6577,0.0054503442
8514,0.0022334744
9087,0.0003110673
9365,0.0000000000
3389,0.0205941822
3456,0.0098868981
5098,0.0097954920
6525,0.0037856022
7352,0.0045776729
4532,0.0047428597
5080,0.0098621764
7656,0.0062885264
8438,0.0034926894
927,0.0124874601
1689,0.0149464464
3967,0.0044885617
5421,0.0060019697
9443,0.0000000000
957,0.0070931067
2574,0.0113768650
3284,0.0145448491
5824,0.0112562544
7875,0.0063129733
5496,0.0127995601
7236,0.0016791636
1127,0.0154130334
2681,0.0112602713
5940,0.0118641173
6141,0.0148830099
931,0.0101209868
2270,0.0149311235
2572,0.0054885555
4047,0.0065858469
4113,0.0080902341
6946,0.0016336911
7344,0.0026936758
932,0.0090753577
2475,0.0188033475
3356,0.0067342596
3517,0.0247596882
6754,0.0065601601
9492,0.0000000000
933,0.0105759987
2023,0.0136287577
4437,0.0069827620
9809,0.0000000000
1628,0.0046562881
8606,0.0021172027
980,0.0178099451
2100,0.0100775274
9860,0.0000000000
7021,0.0044113402
9296,0.0006455067
5817,0.0074838047
7313,0.0042915294
7402,0.0013138177
7651,0.0000000000
8159,0.0011141912
9036,0.0074644079
938,0.0068817372
2235,0.0093665626
5717,0.0035165541
939,0.0149095713
3163,0.0077860733
9218,0.0000000000
9129,0.0093485600
941,0.0123612414
1130,0.0074714256
3552,0.0116185907
7667,0.0010818345
9269,0.0000000000
2950,0.0080135177
4561,0.0031159957
4755,0.0147532814
5634,0.0053444644
943,0.0027059419
1392,0.0137901383
8642,0.0000000000
944,0.0089073543
2074,0.0116721904
8925,0.0032186640
3426,0.0126244230
4453,0.0043672855
7096,0.0074175846
5660,0.0101151894
7077,0.0043761223
947,0.0046106818
5373,0.0022334421
6576,0.0047516879
9544,0.0027624311
1536,0.0093407035
2078,0.0204263298
2606,0.0142872862
6267,0.0038680225
5049,0.0099117439
5353,0.0021516120
1244,0.0078666545
4728,0.0049215084
5709,0.0057236923
8031,0.0012103173
9078,0.0000000000
9785,0.0050680829
9818,0.0000000000
3003,0.0116003990
3652,0.0112313844
5586,0.0013895733
1802,0.0130890610
3106,0.0057895958
9338,0.0000000000
2090,0.0101271967
2273,0.0074959992
2512,0.0100873634
8065,0.0000000000
9396,0.0000000000
9417,0.0019848317
8501,0.0041291287
1411,0.0090637226
4593,0.0103016059
7227,0.0042747544
7418,0.0087607948
3149,0.0174741238
6799,0.0000000000
7066,0.0094035947
8328,0.0031800355
8766,0.0054174960
2326,0.0047457270
2755,0.0143390849
7362,0.0081409434
960,0.0079074756
1009,0.0094962539
2073,0.0067738469
2848,0.0262433002
4729,0.0091424042
9489,0.0000000000
1745,0.0078970376
3943,0.0141668681
3311,0.0119115508
1959,0.0064730072
2410,0.0101849171
3432,0.0076726439
5666,0.0051301511
6716,0.0093701766
1085,0.0146147394
2522,0.0031695345
3226,0.0074208718
7868,0.0000000000
7904,0.0022248454
965,0.0114044674
2863,0.0143486063
4031,0.0100240028
6923,0.0111184440
9205,0.0030584769
966,0.0078229069
5620,0.0056215746
8229,0.0005640440
8554,0.0064848425
967,0.0153870802
1910,0.0107876306
4074,0.0139232413
1212,0.0148763246
2360,0.0131543397
3307,0.0075259626
5296,0.0077624963
5613,0.0082175031
7996,0.0020878610
9383,0.0000000000
9762,0.0021368277
2383,0.0086297585
970,0.0170748715
1024,0.0134597003
9290,0.0038947837
9843,0.0015323126
5815,0.0135096892
6345,0.0085624599
7040,0.0068386571
8978,0.0000000000
2210,0.0098846145
3300,0.0071182918
3345,0.0185983951
7910,0.0000000000
8596,0.0011144909
4435,0.0242184706
5145,0.0158762491
1486,0.0118029116
6663,0.0060170307
1276,0.0115596006
3030,0.0068232635
5890,0.0052816672
7940,0.0019636842
8412,0.0029520547
1574,0.0202610199
2892,0.0236071604
2893,0.0038354830
4317,0.0118211171
8067,0.0053087267
1563,0.0077515898
4858,0.0108335656
7896,0.0000000000
8277,0.0031614514
8912,0.0028742832
2715,0.0010982435
5451,0.0115436228
6080,0.0035160145
7020,0.0089418863
7808,0.0038129517
1462,0.0074725881
2952,0.0044905855
4946,0.0135851624
6336,0.0019096693
9956,0.0000000000
1645,0.0087044976
3926,0.0155253712
6446,0.0044679701
7734,0.0048823549
7848,0.0000000000
8190,0.0027189131
1387,0.0104456332
3512,0.0099366720
3879,0.0041739413
5649,0.0138817877
982,0.0206760235
7427,0.0000000000
7956,0.0006706329
9743,0.0000000000
9757,0.0000000000
1157,0.0148103101
5583,0.0203690811
5758,0.0034437458
6584,0.0100028899
984,0.0111754229
6868,0.0011215332
8270,0.0041814495
1325,0.0120274429
2277,0.0189587008
2697,0.0102324731
3098,0.0188232099
3323,0.0136747382
4432,0.0097535947
5276,0.0025273887
5934,0.0012948084
9839,0.0000000000
2827,0.0135651566
6519,0.0019203703
8688,0.0014207026
9084,0.0000000000
987,0.0124979732
1112,0.0155755187
4164,0.0090217074
5897,0.0091039390
8555,0.0040839299
4540,0.0058394000
5337,0.0125637659
7981,0.0038330738
9954,0.0000000000
989,0.0053436420
7439,0.0024606753
990,0.0109168706
2298,0.0094675414
3811,0.0194767244
5845,0.0074646843
6265,0.0052619033
6637,0.0082160999
8211,0.0005636360
8574,0.0043761737
991,0.0174624492
2496,0.0087800873
3089,0.0140553890
4024,0.0117803775
7390,0.0012161366
8680,0.0066931065
3932,0.0077828729
6292,0.0011936425
7710,0.0045616094
8035,0.0032828650
8038,0.0039931130
2332,0.0070715041
3969,0.0084812947
5732,0.0068022993
6229,0.0018304916
7181,0.0040023146
9614,0.0000000000
2541,0.0010879806
7970,0.0047574922
8130,0.0018504861
2638,0.0166164876
4082,0.0067303290
6927,0.0022000098
1145,0.0052596768
5458,0.0039208700
9161,0.0016802514
1199,0.0098052585
1231,0.0028914679
1968,0.0173845332
2918,0.0085878638
6491,0.0080392651
8366,0.0000000000
1567,0.0184266572
2538,0.0058221128
4789,0.0073453663
6938,0.0064107019
1001,0.0057275761
1635,0.0086751333
3347,0.0146857917
6780,0.0089107890
3411,0.0150763357
3584,0.0084884344
6489,0.0074207767
1206,0.0211420606
2408,0.0265947952
7832,0.0009210013
1588,0.0139919650
1721,0.0054839618
4108,0.0149553724
4790,0.0067095783
1074,0.0229238520
2704,0.0201817182
3892,0.0145792853
8786,0.0007009244
3404,0.0137793046
8684,0.0050992224
6824,0.0023250411
7134,0.0028815936
1008,0.0078753702
4653,0.0059298868
6455,0.0077600836
8037,0.0033417639
9858,0.0000000000
1313,0.0164455077
1356,0.0063564519
2152,0.0140549328
2248,0.0100776404
7149,0.0039684756
1010,0.0150169271
5974,0.0059627871
8214,0.0000000000
9312,0.0000000000
1011,0.0097735111
1697,0.0154743751
6406,0.0031068559
1012,0.0270805391
4180,0.0143978128
6747,0.0072403614
2672,0.0083914205
5615,0.0173367798
6889,0.0102923577
6948,0.0163645546
9557,0.0000000000
3603,0.0178044518
4884,0.0040551051
6405,0.0088483307
2445,0.0185218223
4553,0.0089986216
6865,0.0168617796
8028,0.0009784952
9500,0.0000000000
6354,0.0052543008
7203,0.0063475861
7517,0.0019196026
8803,0.0000000000
9754,0.0000000000
1017,0.0160107774
2825,0.0066304606
5809,0.0123261749
7463,0.0028186360
8323,0.0079863521
9651,0.0000000000
1018,0.0253436787
2640,0.0135661501
3351,0.0090554485
6902,0.0081089017
7514,0.0000000000
8034,0.0082960163
8321,0.0104655594
1019,0.0199771208
2016,0.0030079872
7292,0.0043105504
1020,0.0035215814
2206,0.0110144113
2780,0.0124389799
6045,0.0161283817
3650,0.0108252184
3748,0.0064885631
5672,0.0193788514
1022,0.0277423381
1098,0.0220630514
1550,0.0112902814
4897,0.0035643913
9199,0.0000000000
9841,0.0000000000
4525,0.0088195512
5869,0.0077127734
2249,0.0083385622
5450,0.0101935345
5463,0.0120329625
4170,0.0155310420
6092,0.0075018037
6820,0.0060749549
9766,0.0000000000
1026,0.0145970367
5084,0.0143779508
6119,0.0056589813
1027,0.0192046134
4114,0.0052767386
5908,0.0000000000
6639,0.0108259203
7813,0.0036601700
6533,0.0050156638
9207,0.0000000000
1937,0.0181031812
9586,0.0042515443
1030,0.0044912636
1695,0.0040767218
4688,0.0078123981
1031,0.0080504944
5157,0.0105827178
5464,0.0137396196
3375,0.0134106070
6261,0.0120721570
8887,0.0056111272
2084,0.0094534232
2178,0.0173895892
2630,0.0079839242
9453,0.0032452336
1331,0.0189560391
4191,0.0044956859
7863,0.0017864335
8284,0.0075738423
9040,0.0000000000
1035,0.0042319287
1734,0.0072551483
3600,0.0167104114
3855,0.0138071309
8066,0.0055580539
3465,0.0143725660
5723,0.0100061514
6438,0.0091540325
6453,0.0000000000
7460,0.0066530268
9200,0.0000000000
4823,0.0020310724
6073,0.0067847920
8191,0.0022502570
1038,0.0130686467
1940,0.0081542516
7824,0.0037362500
8731,0.0000000000
1039,0.0104236529
3628,0.0100879422
4852,0.0039778684
1040,0.0108664996
8870,0.0000000000
9206,0.0000000000
5009,0.0050606492
6323,0.0034007402
7384,0.0062814007
2629,0.0123244625
3895,0.0122924866
5133,0.0064773542
2281,0.0094937500
8076,0.0046847758
9765,0.0012593737
1856,0.0081017197
4419,0.0134612019
6003,0.0106034875
6281,0.0087077650
7897,0.0000000000
9418,0.0000000000
2948,0.0044890595
4792,0.0071770175
5861,0.0047332885
7548,0.0041553344
8166,0.0037970312
1046,0.0059827600
2930,0.0121845094
5097,0.0053245658
7101,0.0041825277
1682,0.0074744591
3302,0.0113315441
3160,0.0121267153
6304,0.0045540815
6998,0.0044961707
9238,0.0000000000
9807,0.0000000000
6662,0.0064889139
1051,0.0161735164
2981,0.0126813007
3946,0.0066663084
6890,0.0106801180
3363,0.0111466435
3641,0.0097691677
6148,0.0179095631
8175,0.0028792865
8607,0.0000000000
4142,0.0145787268
6536,0.0065223770
1054,0.0116998576
2085,0.0021229091
2609,0.0125379496
1055,0.0114014495
2289,0.0164373026
5245,0.0120104920
9057,0.0014268084
2223,0.0255290042
7559,0.0072029552
9626,0.0000000000
7936,0.0036581423
9901,0.0000000000
8415,0.0000000000
3645,0.0151328693
6258,0.0088711951
2923,0.0227204166
2136,0.0123488191
4837,0.0061142891
7494,0.0023807771
9030,0.0058351315
1064,0.0200069127
3945,0.0074907067
7304,0.0046226712
9713,0.0013100979
1065,0.0028372867
1967,0.0095385354
9525,0.0000000000
1891,0.0101830404
8062,0.0046160564
8418,0.0019977310
1494,0.0091627554
2881,0.0009778718
5814,0.0036836718
8375,0.0039230854
8710,0.0016784213
9507,0.0011054077
1551,0.0054081504
1675,0.0267039137
8272,0.0053923156
8294,0.0000000000
1069,0.0078530380
2182,0.0109716813
2674,0.0086248377
1070,0.0036626521
1942,0.0143690926
2726,0.0125463956
2910,0.0148026566
1071,0.0200278315
1845,0.0069826326
8098,0.0021801201
2648,0.0154913981
7009,0.0035303396
8539,0.0044809698
9989,0.0000000000
4985,0.0071656827
3542,0.0158292778
5263,0.0103371847
8140,0.0016575653
8220,0.0062942916
1075,0.0225932564
1808,0.0038193195
3418,0.0025565692
5482,0.0125339708
7464,0.0075423626
2903,0.0125605518
3024,0.0168928300
5519,0.0023846207
8095,0.0033715597
1077,0.0191516868
7872,0.0040715161
8449,0.0016893288
2300,0.0209095468
9986,0.0000000000
1564,0.0092622814
1869,0.0118946055
4279,0.0122308998
5034,0.0177864505
8273,0.0027858747
2351,0.0108815050
5633,0.0036896328
8356,0.0059073425
8376,0.0023135820
1081,0.0094465995
4605,0.0093994198
5808,0.0015624311
8134,0.0031860377
8519,0.0004018843
9848,0.0000000000
9917,0.0000000000
1083,0.0268658466
5115,0.0096447032
5530,0.0073459556
5798,0.0046646701
6195,0.0081816357
9498,0.0000000000
3726,0.0080243352
5335,0.0068629030
6810,0.0059438024
8431,0.0015961635
9448,0.0000000000
1557,0.0148683508
1615,0.0088158064
6528,0.0046063247
8798,0.0032849401
8816,0.0049717881
3828,0.0067225396
1088,0.0116319321
1552,0.0056975780
6210,0.0102366474
7174,0.0005700266
9497,0.0000000000
2432,0.0058087066
3303,0.0116249881
6138,0.0072262477
8582,0.0000000000
1806,0.0147771054
2442,0.0118737163
6574,0.0067439684
7128,0.0063953107
1092,0.0079753787
2230,0.0145756110
7954,0.0049184846
7194,0.0042264495
8295,0.0047303097
8585,0.0032204488
9830,0.0000000000
1894,0.0188435797
6183,0.0067892588
7252,0.0030129564
8044,0.0012384868
1095,0.0130594704
8396,0.0017070883
9000,0.0000000000
1096,0.0072678669
3255,0.0117510546
7630,0.0024840281
9350,0.0026636849
1097,0.0235494112
2690,0.0034757214
8464,0.0000000000
9180,0.0059190016
9213,0.0000000000
9390,0.0000000000
6171,0.0011149133
7508,0.0033567576
8126,0.0104359323
8215,0.0088381220
1360,0.0187329204
4020,0.0114920712
4088,0.0116363213
5089,0.0067618256
7810,0.0000000000
3164,0.0086216561
3659,0.0184064809
7579,0.0016464276
8469,0.0018552668
9527,0.0009849338
1396,0.0139010667
2840,0.0074241072
5832,0.0110698522
6113,0.0084428641
4965,0.0116331521
8689,0.0008813070
9185,0.0000000000
1104,0.0100989935
2830,0.0087375852
4037,0.0058314954
1105,0.0118282986
6082,0.0109335784
6198,0.0120465979
9329,0.0015801430
9655,0.0047102826
2427,0.0147824053
5037,0.0027263137
2761,0.0146663229
4023,0.0145304538
7368,0.0009417320
4387,0.0047783495
7815,0.0039086729
7995,0.0037886303
2398,0.0147149699
3556,0.0060274005
4867,0.0130794891
4911,0.0030426436
6222,0.0099976038
7086,0.0069458737
8447,0.0000000000
4178,0.0089055153
8754,0.0020464426
1114,0.0166717241
1332,0.0084292982
9288,0.0000000000
1115,0.0088278683
6751,0.0080171359
4972,0.0044402836
5309,0.0115519672
6012,0.0075757618
6762,0.0077290565
3716,0.0099742352
5770,0.0083846213
6471,0.0005144956
6806,0.0027855541
1119,0.0121658643
4400,0.0183593650
5019,0.0088492572
5331,0.0042464777
6114,0.0029044509
7139,0.0036311278
7186,0.0057706737
7030,0.0022975735
9381,0.0000000000
2371,0.0073138678
8003,0.0043969405
8144,0.0000000000
8806,0.0022392589
9505,0.0011054077
1123,0.0081640249
1607,0.0173234071
4548,0.0100564498
1125,0.0038541734
3090,0.0119039906
4336,0.0000000000
8764,0.0035499460
1316,0.0201505835
4615,0.0099785069
5552,0.0059097780
6358,0.0161585007
7859,0.0062125201
9519,0.0000000000
5622,0.0040374396
7061,0.0046764811
7834,0.0030331491
3721,0.0093398983
7461,0.0069277748
8937,0.0009274234
1753,0.0209016648
2490,0.0084981965
2965,0.0141008088
4445,0.0068060759
7078,0.0000000000
7729,0.0021794363
8395,0.0021075757
3409,0.0064910199
4273,0.0073801400
4941,0.0015946208
5307,0.0079290680
7979,0.0030352543
2030,0.0037645932
2217,0.0254544289
7233,0.0014591452
9851,0.0000000000
1133,0.0071877342
1862,0.0120236085
1915,0.0079454928
4484,0.0058062821
4898,0.0063688818
6521,0.0081031309
9059,0.0026139928
1297,0.0075288073
2671,0.0117623688
3662,0.0122865498
4762,0.0131487678
8042,0.0016274908
4696,0.0012731639
7177,0.0008503260
2539,0.0106612941
8331,0.0032805207
5685,0.0031467887
7493,0.0038641411
1266,0.0112803738
2739,0.0245071502
8033,0.0000000000
8259,0.0035353909
1139,0.0167842672
1655,0.0092357296
5882,0.0012356060
6147,0.0065203642
8015,0.0137671056
8795,0.0008870252
3013,0.0182641393
4901,0.0062915400
5114,0.0037299610
7766,0.0113264087
1141,0.0077441601
4320,0.0132707129
5237,0.0047676647
8072,0.0000000000
1142,0.0075709403
1143,0.0125141608
7047,0.0036127681
7490,0.0060899896
8660,0.0000000000
8824,0.0012048077
9968,0.0000000000
4276,0.0184152991
7311,0.0000000000
7525,0.0012028841
6022,0.0093813409
9511,0.0016504198
1146,0.0103704782
2137,0.0055752086
6950,0.0000000000
1565,0.0158996282
1782,0.0102164233
3723,0.0138188139
4981,0.0098004886
7416,0.0009356129
8058,0.0047458656
8360,0.0014578062
3029,0.0189413018
9484,0.0017661075
9622,0.0000000000
4954,0.0040505751
6843,0.0030809758
1150,0.0059790141
1549,0.0121576473
4815,0.0014265827
1579,0.0195591839
2274,0.0145374292
2662,0.0074529816
6537,0.0013009413
8783,0.0015530533
4225,0.0037304810
4772,0.0080562906
6589,0.0042551587
7505,0.0021652855
8361,0.0000000000
1444,0.0352486167
1559,0.0142566148
5221,0.0045581302
6156,0.0000000000
8992,0.0012293632
5540,0.0040282414
6280,0.0122281060
6485,0.0055246161
6600,0.0061422646
8648,0.0043641030
3067,0.0079429553
5663,0.0040124546
8069,0.0020266284
8099,0.0054011470
7792,0.0050757977
8989,0.0000000000
3843,0.0193290633
7796,0.0016175395
8765,0.0000000000
1980,0.0101544240
4376,0.0063060582
7146,0.0087205897
9496,0.0056269508
3982,0.0137937319
4741,0.0102973180
6293,0.0029179256
9142,0.0025530768
9347,0.0000000000
2390,0.0122756169
6740,0.0144718403
6667,0.0077665706
5800,0.0012149939
9470,0.0000000000
1164,0.0083671173
6702,0.0054372212
9616,0.0000000000
1165,0.0249374654
2841,0.0139523448
4559,0.0051357886
8645,0.0076640213
1166,0.0062818107
5401,0.0208887262
6601,0.0071720211
9916,0.0000000000
3925,0.0066762211
9214,0.0000000000
9863,0.0000000000
3993,0.0137915013
2922,0.0147861029
5487,0.0107538056
6963,0.0068884305
3400,0.0183683985
1172,0.0072818108
1950,0.0087517064
6538,0.0018201270
7474,0.0014307165
9132,0.0000000000
1173,0.0140613397
4002,0.0083909680
4302,0.0093319799
4350,0.0104275778
8868,0.0040770454
5557,0.0069338800
6150,0.0082966219
6610,0.0078346466
6643,0.0085222987
8635,0.0013032858
2901,0.0072280017
3583,0.0104435901
2942,0.0160750024
2990,0.0107599581
4918,0.0127105435
7912,0.0025249845
2229,0.0117667012
4779,0.0072865918
9733,0.0000000000
8068,0.0029603515
4016,0.0134523326
5063,0.0023976877
1180,0.0045870551
5761,0.0098990356
1314,0.0102361151
4375,0.0105467204
4393,0.0089955330
5853,0.0147652613
8267,0.0025375407
1182,0.0172509208
3147,0.0167817379
5267,0.0049190098
7750,0.0037630567
9827,0.0000000000
4196,0.0133256706
5711,0.0006439931
9591,0.0000000000
1186,0.0133067026
1741,0.0134509420
6276,0.0033507170
9125,0.0000000000
1275,0.0213473555
1781,0.0090597503
2532,0.0091547170
8697,0.0000000000
9886,0.0000000000
1188,0.0124530956
1519,0.0019223446
1810,0.0152843392
5240,0.0145476428
6086,0.0032695546
1191,0.0197349919
2597,0.0050222859
3407,0.0062256845
6922,0.0040723618
3032,0.0179465822
5057,0.0053621619
8533,0.0000000000
8600,0.0018861297
1195,0.0088471459
3048,0.0210584337
9870,0.0000000000
3330,0.0133836930
7719,0.0032250692
7791,0.0061765247
2506,0.0158378988
3218,0.0153928734
7350,0.0008766956
1198,0.0072996599
8757,0.0009011323
2887,0.0124483097
3478,0.0095457575
6941,0.0062043545
8109,0.0036190037
5138,0.0068861971
4027,0.0053823559
6974,0.0034132682
9882,0.0000000000
3571,0.0094036818
6224,0.0031380744
6757,0.0037261195
8318,0.0038629472
5747,0.0025998255
3914,0.0081794480
6614,0.0013912034
9517,0.0004901588
3272,0.0115681397
4844,0.0090879758
6925,0.0107896297
9028,0.0066159543
1207,0.0066013315
8981,0.0000000000
9120,0.0011313812
9299,0.0000000000
1208,0.0141505313
3427,0.0111412242
8892,0.0036372078
9862,0.0009226149
6606,0.0031950382
8670,0.0000000000
9871,0.0000000000
5318,0.0103985049
9625,0.0055764817
5427,0.0161341550
5675,0.0062713994
5952,0.0038941167
8661,0.0017325734
7640,0.0050552185
1214,0.0096675017
1712,0.0208718153
2420,0.0152103720
7516,0.0021526044
9844,0.0000000000
1216,0.0026089642
5465,0.0085625261
1957,0.0061869968
4412,0.0066686256
4785,0.0080809924
1218,0.0198432300
4502,0.0093824714
9898,0.0000000000
7512,0.0000000000
7595,0.0013539579
7645,0.0047654673
1220,0.0110790971
1340,0.0050711321
3850,0.0074658614
4592,0.0072651218
8894,0.0039795776
1337,0.0109528012
2762,0.0155950522
7679,0.0000000000
7782,0.0076053883
9363,0.0031084326
1222,0.0132436571
4443,0.0075722244
4569,0.0130585565
5227,0.0087960300
5457,0.0036477173
5536,0.0055250375
9005,0.0017094925
1786,0.0119284420
2068,0.0052064077
4951,0.0000000000
7641,0.0012575706
6124,0.0029100612
7589,0.0103798232
9136,0.0036300145
9267,0.0000000000
3551,0.0100240927
4212,0.0086487424
6346,0.0164278121
6875,0.0058105074
7623,0.0059337142
1227,0.0088272607
1303,0.0109262718
2914,0.0123260005
4924,0.0103004864
2491,0.0040432226
8282,0.0052870455
2310,0.0145188479
5233,0.0112439524
5788,0.0086415052
3099,0.0102639227
4056,0.0105136958
1553,0.0172963487
1232,0.0091689341
3802,0.0121743121
2037,0.0086101221
3977,0.0068597143
6826,0.0035213745
1234,0.0170250237
6650,0.0040367595
7890,0.0020057340
1235,0.0154151329
8112,0.0041803619
7373,0.0016923019
9188,0.0030902789
1237,0.0258042729
1995,0.0171495504
3686,0.0090342337
4527,0.0051123079
9001,0.0000000000
9663,0.0000000000
1270,0.0122453727
4019,0.0166454416
6729,0.0056444752
2991,0.0058014943
5730,0.0035407225
3349,0.0152805050
6053,0.0089132844
8482,0.0005632446
1241,0.0168092828
6736,0.0043330995
7043,0.0092714692
8005,0.0048797004
9786,0.0000000000
9066,0.0009695460
2920,0.0056329668
2479,0.0116914614
8814,0.0114425813
9612,0.0000000000
3278,0.0186009500
4926,0.0089373245
5521,0.0015091232
6249,0.0139416951
8866,0.0012213473
6401,0.0068351929
8780,0.0018900091
2689,0.0134938585
3738,0.0086545321
4269,0.0096080521
1248,0.0098581307
9707,0.0000000000
1250,0.0210242271
6777,0.0035944341
1251,0.0168386873
6885,0.0008296089
7853,0.0028227171
9450,0.0000000000
4131,0.0117549732
5146,0.0053622415
4179,0.0146278304
6004,0.0025503781
8529,0.0073648428
3854,0.0185295161
6284,0.0040333208
1717,0.0066023495
4054,0.0040527396
4183,0.0158758317
9416,0.0000000000
2578,0.0086082679
5188,0.0028038790
5248,0.0066635615
2160,0.0064919858
2856,0.0103204421
3468,0.0048050263
3984,0.0097237058
1453,0.0167781377
7776,0.0056865488
8736,0.0066296398
2116,0.0133622354
6913,0.0028089158
3447,0.0138832752
4181,0.0084499673
5850,0.0132135451
8091,0.0018973226
1262,0.0081015838
2551,0.0076894581
5391,0.0064411562
8108,0.0062705239
1584,0.0046401056
5270,0.0067609595
7019,0.0026373425
9108,0.0013504052
9678,0.0000000000
1265,0.0136294804
2058,0.0045218887
2737,0.0044762796
6862,0.0042463251
7938,0.0027091725
1284,0.0124481646
2252,0.0063521221
2458,0.0059573883
5182,0.0062008205
9894,0.0000000000
4473,0.0130547798
1647,0.0051778418
6011,0.0034682548
8212,0.0000000000
9723,0.0000000000
5870,0.0055244631
2356,0.0066760750
3598,0.0066313118
4014,0.0095663469
9853,0.0000000000
6348,0.0120106288
9015,0.0041574389
1274,0.0124220221
1931,0.0093454529
4879,0.0044751956
6475,0.0085562656
6544,0.0024411803
6709,0.0111711131
7636,0.0081953189
6953,0.0068862355
7895,0.0088034116
7873,0.0007893087
8511,0.0026431951
1606,0.0209715423
2350,0.0273045350
5017,0.0048116143
5448,0.0047411505
8587,0.0000000000
2510,0.0107416374
8707,0.0041472379
8849,0.0000000000
1279,0.0039890975
3950,0.0033338166
6032,0.0162549310
6110,0.0129999036
5021,0.0092496751
1281,0.0090880362
7951,0.0041444084
5621,0.0049896595
6272,0.0150875553
7417,0.0049450739
1283,0.0143353159
1342,0.0234599066
2670,0.0238726481
4285,0.0253525039
4399,0.0050331913
4831,0.0052485243
3034,0.0048257543
5441,0.0073319021
6759,0.0048320604
7958,0.0037379767
8121,0.0051239301
9578,0.0000000000
1285,0.0176960493
5678,0.0027863284
8114,0.0000000000
3930,0.0126559881
4038,0.0061885691
6184,0.0072493474
9752,0.0000000000
4828,0.0143464120
7803,0.0025835307
8948,0.0013352035
1290,0.0163890224
5542,0.0129383219
6518,0.0094812335
1291,0.0139240164
7765,0.0007823518
7820,0.0033336861
9233,0.0020011620
9782,0.0000000000
1293,0.0046733766
1510,0.0237724101
8968,0.0000000000
1406,0.0064011612
6266,0.0000000000
9183,0.0000000000
9408,0.0000000000
9570,0.0000000000
2043,0.0220820868
8885,0.0015605946
1296,0.0098535281
2103,0.0076129696
5000,0.0050561303
5466,0.0043948863
3202,0.0113945243
4315,0.0060444792
8303,0.0057216298
1852,0.0174487484
2250,0.0104240426
6480,0.0111777416
7733,0.0000000000
8370,0.0050378625
1299,0.0055901377
3761,0.0106344993
1300,0.0087696067
1470,0.0178677038
2006,0.0080247759
4177,0.0083969024
4980,0.0062525248
8797,0.0015882040
1301,0.0166031900
1528,0.0081280168
1302,0.0130109339
4015,0.0083291145
6167,0.0124161987
8008,0.0035311391
1304,0.0105637312
4953,0.0035633715
5476,0.0076080880
8389,0.0000000000
9642,0.0000000000
4781,0.0115124782
4723,0.0031893434
7345,0.0031893208
5701,0.0061990557
6841,0.0072820280
7448,0.0009464904
7612,0.0070341976
9242,0.0000000000
9351,0.0031406194
1308,0.0215361942
2957,0.0115864003
3124,0.0107274728
3990,0.0074219996
5945,0.0012605991
7117,0.0008237011
2610,0.0092315672
7704,0.0028699422
1855,0.0033543638
5606,0.0019179798
6278,0.0080495228
8468,0.0069710104
1487,0.0070415676
4220,0.0142517275
6370,0.0059425811
6512,0.0021619484
7392,0.0054961273
7960,0.0099190761
8160,0.0031521400
1350,0.0094971940
2733,0.0067357499
2902,0.0081799317
5676,0.0058181694
6291,0.0018636150
6454,0.0126874322
1315,0.0122330857
8493,0.0043423784
1681,0.0262679973
2253,0.0147307089
8571,0.0031219425
9048,0.0008106015
7329,0.0150288842
3515,0.0034323466
6817,0.0021413175
3933,0.0087192688
7131,0.0082611324
8358,0.0028095693
8800,0.0015417407
1948,0.0172570370
4079,0.0165333294
7740,0.0024269982
4550,0.0038687688
5354,0.0109381472
5395,0.0059114986
2240,0.0077653038
1323,0.0004512556
2264,0.0055068053
6369,0.0029599538
2455,0.0089548002
4094,0.0298534124
5590,0.0056690146
5706,0.0078679799
9086,0.0000000000
4000,0.0066885084
9623,0.0000000000
4280,0.0078941554
1428,0.0066888488
6546,0.0179189163
3785,0.0149679463
4912,0.0150618554
2020,0.0089882504
2196,0.0094275708
5314,0.0082916716
8235,0.0035746557
9013,0.0016988672
3126,0.0072681947
8011,0.0070951668
4950,0.0066118914
3188,0.0064756987
3885,0.0109803313
8763,0.0016070144
9135,0.0000000000
8139,0.0010282054
7538,0.0111614384
7756,0.0000000000
8262,0.0055659550
9158,0.0024534226
1339,0.0144788535
3690,0.0098410917
6852,0.0058524876
9883,0.0000000000
3797,0.0036360474
4129,0.0149705944
5605,0.0098320546
6676,0.0014243140
5392,0.0116781361
1480,0.0109413499
2724,0.0181743218
3068,0.0149525603
4316,0.0111128770
1401,0.0127460858
3733,0.0141440986
4573,0.0065816658
3128,0.0063938583
6632,0.0020151622
2028,0.0085321287
3379,0.0120421207
3829,0.0121141825
4627,0.0095561182
5199,0.0066987307
1347,0.0146310347
4628,0.0049561333
5627,0.0119182332
7265,0.0026835052
9588,0.0000000000
2336,0.0257813569
4555,0.0151730462
4282,0.0174243537
4711,0.0191050682
6694,0.0054031390
7220,0.0026820400
4851,0.0053610386
6034,0.0094783948
7076,0.0028556862
2730,0.0096816841
6728,0.0052250520
1354,0.0110957286
5648,0.0110654592
1355,0.0115507352
5229,0.0029882551
9211,0.0000000000
9639,0.0000000000
8901,0.0010851135
4503,0.0110215686
8691,0.0014002762
5967,0.0109762423
2745,0.0143884232
3151,0.0139070061
6298,0.0053415930
9257,0.0024934878
9374,0.0000000000
2915,0.0096119301
1363,0.0098974141
7334,0.0025490143
6355,0.0090859742
6398,0.0195796947
7487,0.0061988583
3362,0.0043638410
8430,0.0031495645
8479,0.0070935609
1366,0.0080399812
5631,0.0080437867
6520,0.0081085939
6738,0.0051043675
7129,0.0017201245
7457,0.0049895900
7861,0.0028480715
8841,0.0014285180
2851,0.0062039684
7438,0.0000000000
5178,0.0010348956
5306,0.0015625377
7216,0.0043153226
8886,0.0010400060
9831,0.0000000000
2365,0.0077581019
3516,0.0076225976
4241,0.0154334675
1373,0.0118908911
3388,0.0093020054
3504,0.0119211241
1641,0.0131247285
5169,0.0158230823
9598,0.0000000000
1375,0.0215313713
5828,0.0054111628
6302,0.0095379356
7657,0.0000000000
8776,0.0020351799
5186,0.0055335757
1377,0.0338003547
4406,0.0044643390
5010,0.0134987578
9044,0.0093382030
7147,0.0030994936
9227,0.0027680620
1379,0.0096838175
6324,0.0093067074
9033,0.0000000000
1769,0.0072290850
3819,0.0166822594
8584,0.0009765957
9436,0.0033602372
5404,0.0046910332
7513,0.0068051036
9360,0.0005160021
4476,0.0128810609
7171,0.0034799573
3114,0.0116474803
4346,0.0044722949
8287,0.0035376210
4974,0.0052529309
7114,0.0032958399
1776,0.0083566751
5760,0.0099678459
1389,0.0132294654
3346,0.0062082078
8699,0.0066052293
1390,0.0193052125
4733,0.0082409068
5050,0.0136047763
9321,0.0017910185
9326,0.0022446297
3157,0.0119403537
4143,0.0129049565
5402,0.0173015097
1924,0.0081146923
4545,0.0121749015
5936,0.0037658268
4309,0.0184752787
4332,0.0013100266
4635,0.0050270873
9688,0.0000000000
5210,0.0060761167
8213,0.0020125662
8872,0.0033602372
2123,0.0069366260
4800,0.0141768576
9545,0.0000000000
1397,0.0121966352
7178,0.0018173848
3402,0.0030500488
7391,0.0082953742
7152,0.0065011094
1400,0.0209966235
2108,0.0173802744
3927,0.0083455400
8491,0.0032166365
9230,0.0007963615
2507,0.0079385277
3570,0.0063681889
3575,0.0130223731
4870,0.0036956952
6476,0.0025348922
6979,0.0000000000
1403,0.0115380280
4804,0.0014302041
9119,0.0045319703
9529,0.0000000000
1404,0.0170119832
1973,0.0172958386
8051,0.0079192729
8848,0.0038071592
1747,0.0261687644
1796,0.0090547676
6177,0.0008335040
6749,0.0033487984
7398,0.0051597288
6196,0.0063535244
6273,0.0111367547
9553,0.0000000000
6540,0.0033031099
8302,0.0033379294
2122,0.0141951433
5884,0.0059634540
4880,0.0045246802
5836,0.0042526352
6137,0.0111321059
7458,0.0056763417
3012,0.0025450773
8462,0.0000000000
9344,0.0004817883
1819,0.0045060707
2212,0.0097185799
3283,0.0057681796
3784,0.0081995316
6409,0.0041150440
8248,0.0022987550
3352,0.0101427478
5013,0.0075341283
6098,0.0081971647
6296,0.0026530612
6863,0.0049986798
8911,0.0024212276
3882,0.0168317442
4730,0.0085117581
7933,0.0008117222
8359,0.0018659593
1417,0.0113094231
4579,0.0049506747
2297,0.0150975379
9991,0.0000000000
8106,0.0012277761
2302,0.0128967423
5375,0.0027872085
1421,0.0248370883
7325,0.0078639857
3084,0.0172808980
1423,0.0166096336
2387,0.0343333511
1861,0.0163010652
5491,0.0029172331
3322,0.0092701111
4121,0.0073151033
5635,0.0055673181
9434,0.0016571785
3011,0.0099317478
3868,0.0108014797
8030,0.0050034588
4229,0.0089458611
9070,0.0000000000
4849,0.0008877267
5827,0.0129246931
5791,0.0215406660
7006,0.0023371368
1972,0.0235937848
2988,0.0060691740
4147,0.0059097629
4600,0.0064751456
1976,0.0130443736
3343,0.0118404266
7652,0.0048334525
9067,0.0032968119
1437,0.0066315933
1438,0.0055264338
9117,0.0042120713
6870,0.0096381823
3235,0.0061001325
7196,0.0027002326
1441,0.0199136614
1471,0.0085769983
2311,0.0078356933
8354,0.0011164440
1442,0.0165191731
3544,0.0062192867
1901,0.0137957949
6612,0.0032511433
9361,0.0000000000
9482,0.0000000000
1658,0.0198830692
9594,0.0000000000
1445,0.0164625603
6010,0.0035989743
8524,0.0000000000
1529,0.0138518774
1447,0.0083817561
4641,0.0102688009
4783,0.0114389941
6878,0.0045179428
8541,0.0014279849
1448,0.0074034874
2368,0.0136683644
1653,0.0171737784
2159,0.0122607211
4172,0.0131799113
6988,0.0069772831
1502,0.0096508457
3889,0.0128292255
6064,0.0046974783
1454,0.0152180159
1500,0.0113260664
2052,0.0235324375
2941,0.0080668951
9722,0.0000000000
1892,0.0064108750
4227,0.0038125434
7944,0.0055140690
8054,0.0000000000
9270,0.0019075106
9751,0.0000000000
1456,0.0049543042
3503,0.0147581389
8999,0.0040302023
1458,0.0046505665
5630,0.0054463881
9692,0.0045110739
1461,0.0214926563
5644,0.0117397677
7753,0.0033453406
6214,0.0025312298
8963,0.0000000000
9021,0.0074117128
1764,0.0090681842
6051,0.0047195989
3826,0.0056186658
5509,0.0110057073
5889,0.0109584392
9198,0.0029715989
1466,0.0065355371
3331,0.0121039907
5501,0.0150967576
6883,0.0027796095
3137,0.0100279480
1468,0.0164517889
6457,0.0026975490
3499,0.0042711448
5745,0.0077332187
5414,0.0081690319
5887,0.0042465908
8626,0.0017688818
4859,0.0099385100
4481,0.0043633369
7971,0.0016177636
3183,0.0053571384
7878,0.0000000000
1476,0.0157517673
1935,0.0011353275
3675,0.0115350536
4679,0.0106019327
5321,0.0104076329
9864,0.0000000000
1477,0.0076702051
3112,0.0112127643
5516,0.0090873305
7905,0.0018421010
3970,0.0059939822
6658,0.0053544749
7541,0.0065737845
9732,0.0000000000
2959,0.0116650969
3085,0.0107727435
5368,0.0122475932
9397,0.0000000000
3564,0.0098074804
3631,0.0164701622
9221,0.0000000000
1483,0.0170586650
2288,0.0026767138
3155,0.0075202661
6123,0.0130233492
4093,0.0060284109
2594,0.0170128737
2908,0.0078767390
9915,0.0000000000
1598,0.0062902448
8333,0.0043693837
3911,0.0108351529
6507,0.0009483351
7462,0.0006055311
4595,0.0125043673
1518,0.0255931821
1696,0.0108669497
6436,0.0052458574
9813,0.0000000000
7433,0.0000000000
8595,0.0032969157
3550,0.0099534738
1496,0.0163318666
7440,0.0060934491
1497,0.0118528048
4106,0.0040647749
4466,0.0075365430
8454,0.0000000000
2183,0.0246603618
1501,0.0158181536
1758,0.0037047148
2919,0.0118826376
3083,0.0188568786
4043,0.0115377726
8891,0.0000000000
2035,0.0163674652
6776,0.0109233598
7718,0.0020981497
8785,0.0015415811
9210,0.0000000000
1504,0.0145509211
8090,0.0048677565
9091,0.0007826766
1622,0.0173886005
2805,0.0044002415
5112,0.0077333484
6608,0.0000000000
6867,0.0061255224
9561,0.0024281682
3042,0.0105660483
9662,0.0000000000
4991,0.0073908535
5144,0.0037224095
8205,0.0000000000
4323,0.0120807311
8243,0.0009466472
3842,0.0027005959
1511,0.0174176580
3774,0.0203416739
4698,0.0100733468
5804,0.0197124902
5877,0.0123352733
5751,0.0018308566
6238,0.0057416560
7432,0.0045740827
7497,0.0058757983
3094,0.0110034320
3947,0.0115572177
1537,0.0153087896
4468,0.0054594308
4976,0.0082433520
2119,0.0072792101
5953,0.0044622407
7648,0.0089795714
9764,0.0000000000
1517,0.0187097358
3857,0.0127886605
6078,0.0111631498
9256,0.0000000000
1867,0.0093809781
3130,0.0021385396
3711,0.0072550507
6058,0.0109069335
3727,0.0091304644
7886,0.0048181159
3906,0.0102350298
2581,0.0173454931
4639,0.0121630354
7168,0.0074973455
3668,0.0158200973
5700,0.0030654230
7421,0.0096818402
9096,0.0036536295
2389,0.0091438552
3212,0.0276124568
6262,0.0093716462
4347,0.0159505399
4736,0.0095431858
1530,0.0171932183
8305,0.0018034365
1531,0.0044920813
4501,0.0024867473
6881,0.0011941011
4004,0.0108912349
1965,0.0069207707
2325,0.0025618390
3282,0.0127327671
6002,0.0132386203
6359,0.0158786247
9352,0.0027079951
1535,0.0143068189
3276,0.0114346046
2339,0.0116176686
5962,0.0089124089
7699,0.0051685278
2579,0.0045704786
3449,0.0065233064
4446,0.0125912650
6287,0.0027922330
8024,0.0011980616
5858,0.0020074642
7797,0.0060710028
9362,0.0000000000
2953,0.0074356718
2973,0.0135937016
9885,0.0000000000
9914,0.0000000000
3626,0.0071261517
3973,0.0041232600
4703,0.0048645521
9330,0.0009873230
4352,0.0047742598
7711,0.0081472838
8556,0.0121464805
7767,0.0018979471
1545,0.0089667416
3446,0.0118715259
6947,0.0086295369
1546,0.0030063900
3329,0.0206980153
2667,0.0113134184
4380,0.0070494653
5939,0.0045322200
6174,0.0090598591
7100,0.0051463925
4890,0.0035332904
8756,0.0024523890
9371,0.0000000000
5941,0.0151104539
4934,0.0117591583
6782,0.0043058609
3994,0.0111106371
6383,0.0048897252
8384,0.0036488652
9115,0.0000000000
6531,0.0101310753
3376,0.0080624407
6470,0.0114101934
7288,0.0089259624
1555,0.0029084627
9669,0.0000000000
1556,0.0160426883
2628,0.0128513608
5793,0.0115758209
9121,0.0025715532
9516,0.0000000000
5439,0.0036568219
6527,0.0090433650
8459,0.0042399146
8466,0.0013469101
6711,0.0041079060
9641,0.0022348233
9294,0.0000000000
9554,0.0000000000
2199,0.0128096173
2604,0.0090243460
8168,0.0030594513
1908,0.0039442913
5781,0.0072115871
7183,0.0026985309
1597,0.0044653261
5443,0.0033456347
9366,0.0000000000
6387,0.0079882681
7635,0.0013171887
7992,0.0042208324
3531,0.0090555593
1569,0.0067839056
4791,0.0027457063
7452,0.0024467619
3959,0.0066522280
5014,0.0134517771
5183,0.0029958739
6127,0.0056505307
7074,0.0037034447
9064,0.0000000000
5082,0.0059367192
3187,0.0075707486
6459,0.0059140199
7866,0.0063961911
9846,0.0000000000
4794,0.0051982779
9634,0.0039217318
1582,0.0371546737
8855,0.0024789040
9055,0.0000000000
1583,0.0104976975
5252,0.0042059800
4939,0.0026942645
9982,0.0000000000
1586,0.0043635249
3759,0.0047496685
4610,0.0104196194
4768,0.0186723956
5823,0.0072830911
7042,0.0066299976
7166,0.0076153859
6404,0.0061536146
1589,0.0109805797
8319,0.0060728154
2708,0.0086716664
1591,0.0215621006
2748,0.0079841986
3798,0.0057399365
1592,0.0154020984
1966,0.0107479249
4994,0.0048167207
7621,0.0081251751
7966,0.0055979906
9335,0.0000000000
9703,0.0000000000
3214,0.0055532808
6710,0.0099670469
5578,0.0062158880
9579,0.0010998691
5553,0.0055120195
8485,0.0095992687
5902,0.0032580447
6830,0.0020895301
7597,0.0025143547
9359,0.0075527561
9016,0.0000000000
9099,0.0000000000
7805,0.0052996437
6721,0.0116648954
8718,0.0000000000
2718,0.0189330935
6250,0.0074182456
6402,0.0077475974
6888,0.0126556201
7563,0.0023272598
9704,0.0000000000
7664,0.0041897115
5363,0.0166362606
7261,0.0036253385
8143,0.0123456813
1990,0.0107095400
2140,0.0053314354
9699,0.0014335922
8450,0.0011794268
9236,0.0011185945
9373,0.0026565321
3749,0.0078940176
6104,0.0055476868
7351,0.0016160464
7783,0.0025143547
1617,0.0029698032
1618,0.0113835461
3696,0.0273891027
8009,0.0000000000
9009,0.0000000000
1619,0.0021696791
3918,0.0108219004
5348,0.0060581937
8546,0.0020318158
1621,0.0142096974
5088,0.0131259756
5948,0.0029195179
5969,0.0085018584
5243,0.0088947622
4520,0.0033146605
6154,0.0040374931
1626,0.0218182411
3234,0.0131600328
3961,0.0060723463
5532,0.0104470767
2323,0.0376888165
9455,0.0030121672
1630,0.0139035814
2754,0.0105511004
4219,0.0150111975
9487,0.0008187891
4841,0.0097758682
5989,0.0064600857
2047,0.0140655708
2335,0.0088478939
8594,0.0037713510
3434,0.0078128104
7819,0.0011650321
7829,0.0085439523
4444,0.0116189705
1885,0.0077885985
5790,0.0100976427
8919,0.0000000000
3297,0.0099718325
8538,0.0058044407
3845,0.0118324851
5881,0.0061862783
7219,0.0071692910
7564,0.0055532808
5410,0.0062643445
3344,0.0063471836
9650,0.0000000000
3590,0.0039672143
9896,0.0000000000
1665,0.0166030566
2534,0.0070045052
5293,0.0043407911
3398,0.0158895597
4026,0.0054149767
6829,0.0036941914
1652,0.0195598313
2807,0.0049197601
5177,0.0111289156
3358,0.0081905725
5873,0.0166284162
2549,0.0123560530
8836,0.0008589938
5982,0.0085705028
1851,0.0129837328
3292,0.0164465158
7429,0.0000000000
7923,0.0072986028
4681,0.0067068762
1661,0.0104785775
2313,0.0107193727
6374,0.0040968236
1664,0.0050849407
3609,0.0143942081
5261,0.0048007677
1666,0.0078213768
1961,0.0216296289
1667,0.0231507769
4123,0.0024398801
6566,0.0026652637
1668,0.0079264325
5290,0.0060365268
2741,0.0129384182
5951,0.0062392540
6103,0.0082528447
2531,0.0077450819
4891,0.0090645150
8182,0.0000000000
3100,0.0049225419
8029,0.0028037014
9336,0.0021771095
2179,0.0088548595
6784,0.0017212297
8540,0.0061326533
1874,0.0163455006
3383,0.0018340581
9977,0.0000000000
3313,0.0044384837
4107,0.0110104419
5173,0.0087041260
9062,0.0000000000
9531,0.0007849050
1677,0.0084986234
2932,0.0062120534
4166,0.0266682870
6859,0.0016948039
2607,0.0062927920
8840,0.0047981724
1813,0.0058442461
8979,0.0026491730
1685,0.0166572676
1686,0.0062588447
5344,0.0090168830
5826,0.0049526562
3228,0.0091048236
3841,0.0048155424
4095,0.0049454125
4223,0.0098200094
1690,0.0185680793
4854,0.0070479676
5153,0.0038401993
7578,0.0016639777
9320,0.0000000000
4899,0.0018604634
8739,0.0019011360
2334,0.0060336821
7385,0.0050973743
8399,0.0000000000
2588,0.0099393895
6616,0.0074974132
3117,0.0156262837
3595,0.0107196186
7202,0.0093436450
7703,0.0101016522
4398,0.0055298406
9281,0.0000000000
9042,0.0017765018
4436,0.0111694731
6812,0.0083948466
1701,0.0054332300
8897,0.0000000000
2673,0.0183967460
2935,0.0119999600
4306,0.0122880600
2544,0.0197727829
3337,0.0226047346
5796,0.0086126999
8364,0.0039375838
2696,0.0031859559
2934,0.0017878189
4308,0.0082591124
5518,0.0047824648
3983,0.0088756596
7569,0.0000000000
9710,0.0016802514
1710,0.0157045762
6172,0.0084188699
6365,0.0027282428
9726,0.0000000000
6112,0.0130741491
7727,0.0035405508
8604,0.0013458505
6477,0.0022795373
7221,0.0031892220
1713,0.0062787990
7709,0.0000000000
6134,0.0096999027
2062,0.0059455421
4431,0.0029719815
7258,0.0055948077
1716,0.0126399575
6982,0.0011588551
1718,0.0083160399
2094,0.0265341854
2080,0.0064954781
2699,0.0147080674
2345,0.0037705967
4684,0.0174635635
7998,0.0000000000
8543,0.0070436104
6142,0.0077412214
6620,0.0171333745
8893,0.0019711275
1723,0.0085819295
2939,0.0060404045
6014,0.0035263293
7090,0.0071518820
4650,0.0078918484
8150,0.0000000000
3585,0.0135574570
4246,0.0074867967
7156,0.0045889468
7622,0.0100519779
8536,0.0017004585
8988,0.0000000000
4077,0.0060244208
3377,0.0137007227
6243,0.0000000000
3964,0.0119376871
7039,0.0021058143
1767,0.0112620559
4198,0.0095815392
5364,0.0046200760
7130,0.0036571347
3096,0.0272644961
7577,0.0000000000
1737,0.0110444514
3454,0.0125527513
1739,0.0189377982
6973,0.0022211758
5533,0.0088568601
5933,0.0137774201
9068,0.0022341982
4434,0.0097971014
4805,0.0073944402
1743,0.0095076028
3666,0.0091581423
1748,0.0155073200
6739,0.0074230585
7633,0.0000000000
8667,0.0000000000
9018,0.0000000000
5898,0.0073257532
1750,0.0126121535
7606,0.0084620850
8588,0.0030895244
9571,0.0012014936
3756,0.0113783643
7983,0.0054225245
8920,0.0009103623
1752,0.0133042082
7592,0.0020828238
7847,0.0105918360
7947,0.0033708646
7989,0.0043180926
8201,0.0081927093
6076,0.0015570536
6466,0.0086724104
9565,0.0000000000
6246,0.0008140757
9153,0.0032200559
5820,0.0048467657
1884,0.0247410637
4667,0.0060200810
7772,0.0018657341
8620,0.0000000000
5859,0.0100378317
4624,0.0067941292
5997,0.0069560785
2788,0.0052748221
3254,0.0129553616
1766,0.0125790796
9597,0.0000000000
4322,0.0121201607
5597,0.0040200629
1770,0.0062665045
2912,0.0085025297
5067,0.0126621011
4339,0.0130694749
6251,0.0145891779
1772,0.0070046085
6811,0.0035856369
6949,0.0017910185
1773,0.0044414030
9833,0.0000000000
3233,0.0203073268
2322,0.0114735985
5720,0.0057205730
8176,0.0000000000
4284,0.0123246298
7723,0.0021160261
8941,0.0026964708
3141,0.0054101379
3799,0.0038103858
7449,0.0056682464
3371,0.0039383768
6403,0.0085922685
7364,0.0010492719
5384,0.0114046231
7089,0.0060521974
3804,0.0035984179
1787,0.0154054863
3223,0.0110815722
5197,0.0049119500
7768,0.0028867125
8436,0.0045003121
7425,0.0012030791
3915,0.0154593039
6858,0.0042955014
1792,0.0047790082
1793,0.0176636959
5899,0.0069748668
2258,0.0110244272
6696,0.0131039442
1863,0.0130247831
9454,0.0000000000
2556,0.0085991746
5161,0.0161181852
5825,0.0145731935
6393,0.0132521815
1849,0.0177134875
7017,0.0086419065
7480,0.0099354117
9471,0.0000000000
5202,0.0129399655
3340,0.0073881975
1804,0.0030355239
8633,0.0000000000
2615,0.0077118703
7016,0.0097368629
8704,0.0032689393
7884,0.0036454696
4642,0.0060372551
6458,0.0021740788
7193,0.0115257878
7083,0.0048655773
9798,0.0000000000
3180,0.0100556651
8087,0.0014560713
1811,0.0062724428
3507,0.0096030252
5657,0.0019814079
8904,0.0059307277
5874,0.0071983958
2820,0.0155147297
4243,0.0057402115
2517,0.0079664333
2608,0.0089695329
9378,0.0037734524
9887,0.0000000000
3624,0.0129525596
1818,0.0030420449
6019,0.0071040069
2168,0.0121474619
8129,0.0008609035
2296,0.0181049660
5684,0.0066102312
8812,0.0013379465
8889,0.0000000000
1825,0.0098261240
2657,0.0026547634
5452,0.0071169602
4526,0.0040990483
6831,0.0060030415
8518,0.0022951372
8944,0.0014690999
8709,0.0038912142
1828,0.0192391337
5007,0.0104730877
8613,0.0039002810
2529,0.0102065568
1830,0.0014985919
5334,0.0095101054
9425,0.0000000000
3116,0.0027907821
6122,0.0062640340
5152,0.0033727589
2407,0.0071371048
1838,0.0131074861
4402,0.0073634941
1839,0.0076130168
8991,0.0009261307
1840,0.0063813264
5459,0.0061782640
8708,0.0000000000
1955,0.0121877602
5971,0.0000000000
8163,0.0051654797
1847,0.0313718285
5382,0.0124623161
6808,0.0047864053
9838,0.0000000000
3689,0.0041719156
4175,0.0162668990
5317,0.0124023223
1850,0.0260658694
5821,0.0037637900
7347,0.0019927043
8266,0.0020661657
6929,0.0031632922
7469,0.0010523197
8516,0.0051462131
8831,0.0096093204
4130,0.0145260128
9753,0.0000000000
1858,0.0112894524
5319,0.0053522472
1860,0.0146132708
5420,0.0035252237
6117,0.0030012680
7560,0.0027119978
5494,0.0059157499
8877,0.0013883485
8416,0.0000000000
3281,0.0139405302
3225,0.0058850593
6033,0.0080328547
9032,0.0015410539
1905,0.0108099314
2685,0.0147133899
5984,0.0123331463
3037,0.0103976561
4221,0.0073212609
6360,0.0026462837
8086,0.0028945986
1872,0.0184402153
9292,0.0000000000
9777,0.0000000000
3385,0.0102733056
5520,0.0053440992
8290,0.0040064759
3587,0.0089259973
8674,0.0081818166
1878,0.0084814411
7328,0.0000000000
2836,0.0072432219
4570,0.0017906677
1880,0.0106896492
3752,0.0067212100
6081,0.0019015102
9855,0.0000000000
1881,0.0219230516
8110,0.0046101750
2403,0.0074217605
7386,0.0031502946
7143,0.0063610468
4110,0.0026334136
7707,0.0000000000
9461,0.0022627118
9949,0.0000000000
6700,0.0021361187
5066,0.0063483201
8340,0.0000000000
1890,0.0135893868
6845,0.0020351799
9334,0.0000000000
2598,0.0075817789
5442,0.0037238609
8815,0.0041336512
4231,0.0148647759
4910,0.0088755178
9262,0.0000000000
1893,0.0205296020
4797,0.0131435099
3861,0.0082959204
4125,0.0076671945
9967,0.0000000000
9268,0.0000000000
1898,0.0261131558
5349,0.0083083455
6445,0.0035541056
2181,0.0044422691
3319,0.0066682818
2053,0.0260567879
2441,0.0057808979
3210,0.0008789057
5919,0.0169432627
2251,0.0060550511
9248,0.0000000000
2744,0.0155800759
3190,0.0106162281
5125,0.0063620120
4359,0.0122921568
9624,0.0026591777
1909,0.0054144201
7063,0.0000000000
2372,0.0161388550
1913,0.0179581721
5123,0.0036314598
8257,0.0018670351
8895,0.0000000000
1918,0.0117730217
3258,0.0041342482
5291,0.0033502201
1921,0.0088126340
3776,0.0212022761
4367,0.0050232833
9075,0.0024794971
3168,0.0159457768
2127,0.0168811426
9341,0.0007642705
1925,0.0226904902
6422,0.0052053921
7669,0.0091343811
3827,0.0057273491
7295,0.0054722983
8605,0.0012832487
9725,0.0000000000
2125,0.0058577915
3893,0.0088046304
9480,0.0000000000
3408,0.0174481949
3523,0.0081662699
4685,0.0187993179
2172,0.0179769850
8049,0.0022105973
9088,0.0033324918
2007,0.0138893952
9532,0.0000000000
9534,0.0000000000
2342,0.0095107145
2454,0.0126456851
2374,0.0038699875
5886,0.0063410641
2087,0.0138366880
7158,0.0032834556
2228,0.0129476536
9201,0.0048823403
3755,0.0104478997
5030,0.0040707762
5437,0.0085847069
5647,0.0121935795
9255,0.0056010680
4861,0.0071672603
4456,0.0069383726
6645,0.0119951847
8120,0.0047423252
1970,0.0145967767
4407,0.0079247317
6839,0.0072288985
4278,0.0084050621
2120,0.0093096182
7781,0.0043302450
1952,0.0181724450
2317,0.0229020111
1954,0.0146772724
2305,0.0087839368
2465,0.0135929106
5359,0.0053832795
8457,0.0000000000
5957,0.0049342252
8102,0.0055081613
2644,0.0055419329
3532,0.0132298368
7557,0.0022225062
9675,0.0034736341
4012,0.0047809617
3538,0.0156292789
7632,0.0088201162
3442,0.0061285140
9309,0.0027766359
6572,0.0008630724
2846,0.0082742559
5819,0.0118483679
7976,0.0130419571
3834,0.0143982868
1974,0.0059929965
3469,0.0041192778
5842,0.0042124042
8245,0.0006432494
2388,0.0069979578
1978,0.0151984786
4247,0.0085859769
4167,0.0087024023
6500,0.0013629180
6675,0.0077450083
9111,0.0054326443
1984,0.0066179230
4988,0.0063430944
3862,0.0080644684
4128,0.0049292905
5156,0.0066066461
9929,0.0000000000
1988,0.0258070603
3540,0.0044591086
5864,0.0080178620
9289,0.0000000000
6275,0.0113751412
7922,0.0101446420
9959,0.0000000000
1996,0.0162829702
3781,0.0169920669
4078,0.0114618820
4757,0.0034631789
6579,0.0104477762
3870,0.0019906210
9229,0.0025082790
2589,0.0093860461
5725,0.0141096566
2005,0.0091027287
2380,0.0061876981
5638,0.0114344121
6864,0.0039023323
3367,0.0069672209
2009,0.0128966770
8945,0.0011046774
4652,0.0165548663
5740,0.0045751627
2013,0.0144690318
3527,0.0191082840
8056,0.0018788716
4943,0.0110907095
8414,0.0000000000
3936,0.0241383667
8717,0.0000000000
9748,0.0000000000
8489,0.0095115515
2566,0.0346053716
3673,0.0148355077
7784,0.0020054654
4021,0.0039557424
6836,0.0095432847
2027,0.0031938908
4405,0.0121271597
8103,0.0019256056
8779,0.0117228188
7210,0.0081902893
2031,0.0173328208
2135,0.0180510449
5259,0.0014633072
7985,0.0056262353
4390,0.0034847270
2036,0.0039177107
7581,0.0026639580
9162,0.0034583142
2040,0.0084952747
9494,0.0011846252
9583,0.0000000000
4477,0.0122870743
6159,0.0040767607
8240,0.0000000000
2044,0.0100359613
3568,0.0193599725
5298,0.0077699923
5777,0.0060028967
7484,0.0059647859
6029,0.0032458655
5150,0.0080432544
6260,0.0014520932
7915,0.0027776582
3046,0.0132760996
4018,0.0125774457
7807,0.0023774328
4529,0.0049781663
8050,0.0007953614
2083,0.0073186800
8428,0.0058654101
7137,0.0149779190
7253,0.0007936401
9147,0.0046534076
5988,0.0017962119
2584,0.0044277643
6893,0.0129716088
2059,0.0120570772
2060,0.0175668255
3710,0.0075510788
6752,0.0049615533
7307,0.0022267881
7038,0.0038869842
4764,0.0098144042
3490,0.0145532097
6339,0.0098169690
7035,0.0028344481
2065,0.0139391056
6290,0.0099063011
7521,0.0079343079
7205,0.0093776830
3081,0.0132942443
9705,0.0000000000
4993,0.0063844776
9404,0.0022957789
6962,0.0029184154
4120,0.0068810476
6594,0.0053321819
6048,0.0082126044
2513,0.0055548971
3417,0.0087974863
5497,0.0039457825
4127,0.0153069781
5194,0.0099213258
7051,0.0037315225
3651,0.0111335889
7115,0.0035641435
3953,0.0132655639
2295,0.0074792367
2343,0.0068519594
9701,0.0000000000
9874,0.0000000000
2088,0.0156267683
5286,0.0072258933
2091,0.0110472605
3118,0.0043320312
9302,0.0042515443
2867,0.0169164124
5388,0.0142349660
6430,0.0017038900
6449,0.0038961117
2396,0.0141840414
5473,0.0152491184
6557,0.0075296444
2095,0.0094980230
4140,0.0220896274
2096,0.0168496339
4304,0.0106670098
4697,0.0115718502
5304,0.0070608337
7180,0.0047233878
6388,0.0051571797
2765,0.0016771583
5714,0.0073800017
9194,0.0045146968
9297,0.0023348713
4017,0.0068034182
7634,0.0019587205
8368,0.0007158712
9043,0.0000000000
9430,0.0000000000
8261,0.0013142836
2110,0.0134419749
4408,0.0157889770
2521,0.0217412565
2525,0.0114171017
6635,0.0102956019
9317,0.0025776071
3771,0.0131569288
4337,0.0113113086
5930,0.0000000000
6735,0.0016212044
7363,0.0025781589
9151,0.0012638281
4046,0.0043130182
4814,0.0104546573
5332,0.0149941220
3657,0.0064099127
2194,0.0064029010
3087,0.0025510207
9079,0.0017230905
5061,0.0112586992
5852,0.0042482475
9364,0.0024642801
3492,0.0085577286
8492,0.0000000000
9355,0.0000000000
5281,0.0062704519
7790,0.0016906577
5266,0.0036266196
6534,0.0078170687
3972,0.0028654321
8628,0.0086854135
6795,0.0141076158
5829,0.0122275034
8638,0.0012875206
9179,0.0000000000
4992,0.0066737454
8093,0.0000000000
2144,0.0033206485
2203,0.0138993494
5165,0.0009303076
4819,0.0093115470
4373,0.0039795030
5699,0.0164289284
6499,0.0040376266
6744,0.0099651617
2623,0.0109368119
6939,0.0084141553
7198,0.0048519753
6228,0.0087846270
2158,0.0077480175
8701,0.0029024989
2165,0.0072362048
2580,0.0141538978
4248,0.0074794586
4381,0.0118943405
3139,0.0061053227
8946,0.0019934091
6131,0.0098115993
3712,0.0083323944
2878,0.0099996699
6023,0.0039119787
9065,0.0030729562
7827,0.0011483755
5996,0.0064314756
7778,0.0066838023
8434,0.0023242960
3730,0.0120989560
9738,0.0000000000
2185,0.0222038237
4371,0.0128702973
6706,0.0050021984
8494,0.0000000000
7338,0.0040742681
7580,0.0017587765
4710,0.0049719967
2200,0.0095435981
7806,0.0023590554
8474,0.0025220430
4509,0.0123706924
5460,0.0114006143
2201,0.0094921866
2963,0.0099409462
2202,0.0223911851
9619,0.0000000000
5652,0.0032486475
3332,0.0062412999
7004,0.0071189738
3778,0.0096425263
3203,0.0086607521
8048,0.0007112013
5625,0.0070511717
7775,0.0017275250
2524,0.0034283393
2605,0.0141069603
3065,0.0045426751
3788,0.0128533242
9719,0.0000000000
4134,0.0079895736
5423,0.0137223142
6283,0.0213384637
6514,0.0051175258
7544,0.0038919980
3790,0.0051138656
3704,0.0095519013
3059,0.0228563258
6052,0.0000000000
9744,0.0000000000
3005,0.0216156419
4536,0.0076991912
6593,0.0155457525
3327,0.0176946598
8915,0.0010760452
9137,0.0040609889
9819,0.0000000000
8838,0.0000000000
8393,0.0066477861
2233,0.0104241657
6067,0.0031996390
4035,0.0176357632
2237,0.0058202163
2238,0.0088176558
6028,0.0127613512
9875,0.0000000000
7111,0.0027793730
3430,0.0106330653
7777,0.0019819405
2660,0.0118992450
2612,0.0111583181
2729,0.0052513331
3563,0.0120226648
8209,0.0020389990
9356,0.0007842258
7926,0.0009157871
5412,0.0017318681
4467,0.0031850579
2266,0.0072195100
2663,0.0125158350
7005,0.0000000000
2498,0.0073864880
3621,0.0117862577
2961,0.0211182699
9604,0.0000000000
8293,0.0050309941
2272,0.0182952443
5069,0.0038071961
7675,0.0101628637
9590,0.0000000000
3464,0.0055959315
8164,0.0029691373
8974,0.0023505299
5070,0.0081934893
5367,0.0034501923
5095,0.0098168037
8676,0.0103545877
2824,0.0093372690
2874,0.0136586405
9708,0.0000000000
2666,0.0099129352
9283,0.0000000000
4415,0.0009346216
8161,0.0027944536
3415,0.0099543313
8810,0.0059166447
4424,0.0039127935
4392,0.0058469725
6964,0.0024220916
2301,0.0109564199
9291,0.0058468114
2692,0.0088839870
4460,0.0051072273
5429,0.0057164870
4487,0.0143160776
6035,0.0051046403
5741,0.0038582088
3271,0.0103861582
8830,0.0042047340
8020,0.0000000000
2314,0.0145245007
2319,0.0085272921
6263,0.0104066410
2320,0.0055168073
9282,0.0000000000
4915,0.0119224856
3619,0.0124587137
8629,0.0028699422
5609,0.0261046842
7997,0.0000000000
2751,0.0227519282
3901,0.0059790697
8440,0.0051743052
8652,0.0014207026
4185,0.0204922488
9025,0.0011566188
2337,0.0111918395
3589,0.0057700868
6936,0.0033661640
7642,0.0057779209
8258,0.0044997015
2348,0.0049020213
7052,0.0053130711
8081,0.0051618841
7250,0.0049314946
7715,0.0084689444
4585,0.0052658524
5976,0.0092137808
4369,0.0070423093
6223,0.0000000000
2560,0.0034263804
9266,0.0021288846
2379,0.0215871089
7843,0.0030502039
9998,0.0000000000
4689,0.0063271889
3036,0.0133839743
3500,0.0096061326
8300,0.0012017320
2369,0.0157749147
6165,0.0093605847
9314,0.0023505299
6915,0.0115734292
2377,0.0125864489
2710,0.0072180941
3040,0.0170661679
6934,0.0002694301
3321,0.0125206611
2385,0.0045801904
3605,0.0064786712
2661,0.0021850563
4245,0.0121591010
6240,0.0084351617
6503,0.0051848006
8377,0.0112046425
3976,0.0069624620
7405,0.0068999017
8581,0.0042443483
8040,0.0014734027
2401,0.0144078698
4721,0.0058026109
2405,0.0125035686
2537,0.0115296422
7655,0.0058715274
8446,0.0082866634
2409,0.0083774095
4873,0.0015278560
5435,0.0038970904
8189,0.0051792018
7113,0.0053987718
2414,0.0122272371
7802,0.0099615470
5581,0.0094775280
8390,0.0079681430
4216,0.0051564817
7924,0.0068177103
2835,0.0066303386
3694,0.0044071457
4479,0.0109916645
5468,0.0035079860
5728,0.0091557290
6300,0.0000858536
6441,0.0113311190
8799,0.0016802514
9606,0.0000000000
9987,0.0000000000
4836,0.0037156170
8910,0.0015806424
5932,0.0058270230
6247,0.0099749663
7891,0.0000000000
8332,0.0049651095
2435,0.0136794500
3205,0.0114287734
5172,0.0067655326
5544,0.0118638889
6316,0.0088980736
9816,0.0000000000
3582,0.0142305266
7823,0.0095985375
8508,0.0029558650
2879,0.0076032312
5763,0.0048413027
2449,0.0128082479
4506,0.0032322022
5265,0.0068432562
2456,0.0193013376
4712,0.0095014530
9240,0.0026144529
6049,0.0045742126
8808,0.0000000000
9254,0.0011878977
8025,0.0038308125
8768,0.0047645684
3764,0.0042819714
5753,0.0121051881
6880,0.0028032978
9323,0.0000000000
3632,0.0055034091
6070,0.0060316926
2916,0.0109602181
7093,0.0000000000
4769,0.0188515650
7395,0.0026634198
6054,0.0053767995
8132,0.0029493402
2476,0.0157993688
3562,0.0052756514
3838,0.0072814227
2481,0.0028079388
4718,0.0054009369
6917,0.0006966143
2487,0.0128345579
2488,0.0107162218
3939,0.0128458733
2489,0.0126947838
5196,0.0041124911
4034,0.0077915733
7157,0.0098427638
4625,0.0204433450
9093,0.0000000000
2504,0.0089843518
2898,0.0081236785
7262,0.0055665647
8079,0.0095769682
2783,0.0085787986
9419,0.0000000000
3135,0.0185208067
5837,0.0029790073
6312,0.0093384528
9090,0.0000000000
8394,0.0047274730
4462,0.0149248381
8246,0.0000000000
8883,0.0054862794
2523,0.0059526408
2527,0.0199809277
8115,0.0019295497
4937,0.0058525983
2794,0.0154697311
8509,0.0035123500
2536,0.0171134674
3154,0.0098211598
9731,0.0000000000
9580,0.0028707868
9646,0.0048859171
6944,0.0039284771
8827,0.0014620712
2545,0.0099502791
4534,0.0077185616
7787,0.0057784624
5330,0.0075138569
2552,0.0129735766
6670,0.0056354159
7663,0.0058192240
4252,0.0007173226
3438,0.0115630592
8813,0.0045854748
5086,0.0048528230
6220,0.0063392122
9824,0.0000000000
6437,0.0008806967
5074,0.0092526696
6954,0.0033839377
5604,0.0027699944
8560,0.0000000000
9310,0.0000000000
5180,0.0052196106
2576,0.0074608004
4687,0.0182110053
6102,0.0079494600
3653,0.0040942507
7188,0.0049404723
2585,0.0100589760
5772,0.0060024849
5078,0.0064015421
6793,0.0045141270
6469,0.0048723956
4838,0.0086089922
3698,0.0118510872
7348,0.0059960410
9948,0.0000000000
2603,0.0053002322
3660,0.0061608070
9868,0.0000000000
6853,0.0025496259
9576,0.0000000000
7764,0.0089307530
5595,0.0106921580
6910,0.0088643891
9969,0.0000000000
6135,0.0115767911
6317,0.0032050549
7274,0.0013312350
8347,0.0025740476
5236,0.0012331379
7317,0.0001748770
3290,0.0151619853
2633,0.0135133243
7900,0.0061782994
9911,0.0015364761
4457,0.0110574046
4763,0.0026495467
7223,0.0007837039
9429,0.0023288200
8908,0.0000000000
8755,0.0000000000
4507,0.0046400525
2647,0.0151113481
2996,0.0108012069
4576,0.0088181595
6378,0.0100830862
7060,0.0058815514
9979,0.0000000000
7683,0.0100299913
9315,0.0000000000
7122,0.0038288200
8964,0.0000000000
2958,0.0112514978
7658,0.0068942501
9983,0.0000000000
7565,0.0035257948
3509,0.0075813257
3033,0.0036388853
7526,0.0078110097
7677,0.0070155281
5446,0.0043290319
7242,0.0030182697
3199,0.0121399991
2679,0.0112804786
3518,0.0151520970
6071,0.0086965789
7215,0.0060687119
2682,0.0191214603
9134,0.0016692118
7599,0.0055986706
9832,0.0000000000
6001,0.0029563145
2900,0.0183789060
9192,0.0000000000
7928,0.0109272790
9888,0.0000000000
9955,0.0000000000
5490,0.0097090465
7671,0.0030940802
8268,0.0000000000
3086,0.0077220248
2772,0.0097750342
7080,0.0014407002
7120,0.0000000000
9709,0.0000000000
3623,0.0078591056
3413,0.0140070861
2716,0.0033417679
5650,0.0071280581
9796,0.0000000000
5132,0.0166045364
4494,0.0067985938
8283,0.0059907091
9714,0.0000000000
5091,0.0049366587
3615,0.0067978295
4922,0.0082131640
6966,0.0157254571
9551,0.0007818399
8947,0.0013482963
3237,0.0098151144
4973,0.0068424690
5208,0.0000000000
7285,0.0049657891
9116,0.0015322654
4774,0.0051948279
6301,0.0000000000
5771,0.0149086665
5381,0.0146265990
6652,0.0059549778
2756,0.0162374797
2757,0.0121888950
6760,0.0017707729
7104,0.0023512970
3622,0.0018973226
9636,0.0020722277
2889,0.0170535352
9961,0.0000000000
4692,0.0074534460
2773,0.0210204055
8686,0.0000000000
2776,0.0198566921
7907,0.0027748904
9035,0.0015954587
6330,0.0064054883
4423,0.0091518858
5950,0.0088614534
2781,0.0146766200
7963,0.0000000000
8804,0.0015415490
8636,0.0036464900
4519,0.0134696365
8199,0.0026874666
5554,0.0064962596
5754,0.0046384137
6269,0.0071309962
4563,0.0118300083
9895,0.0000000000
3270,0.0038788150
6152,0.0097585037
7626,0.0086153532
6415,0.0104014281
2909,0.0108872135
7687,0.0019767866
7590,0.0031598676
2806,0.0162400483
9007,0.0025668688
9660,0.0009359807
9076,0.0041350500
2823,0.0122538818
5118,0.0047397474
5559,0.0168840710
3579,0.0017790764
5855,0.0127738986
3165,0.0157838098
4660,0.0097621599
9168,0.0044966858
7520,0.0040717606
9939,0.0000000000
4695,0.0201869770
4330,0.0141945691
3443,0.0121821341
6396,0.0026433908
7935,0.0055407191
9451,0.0011061916
8196,0.0072014800
2857,0.0068423760
2880,0.0055066353
7625,0.0000000000
2944,0.0317732291
8077,0.0000000000
7266,0.0054210106
5683,0.0085389346
3387,0.0081406131
8730,0.0039671221
9002,0.0008187891
5727,0.0034930734
8427,0.0000000000
2896,0.0109196559
5591,0.0024774469
6985,0.0061823825
6208,0.0038918637
9433,0.0000000000
8297,0.0000000000
3334,0.0248743670
3221,0.0202917827
4827,0.0132470206
6654,0.0051185625
8821,0.0008741747
9217,0.0000000000
3693,0.0204437415
3979,0.0042084094
5693,0.0080937363
3549,0.0054166785
6179,0.0058146133
4725,0.0047959118
5163,0.0067091266
9620,0.0000000000
3691,0.0149602085
9164,0.0000000000
6781,0.0084482776
2951,0.0080307864
3294,0.0099411629
6771,0.0013517882
7491,0.0072156160
5096,0.0038531704
4715,0.0096424119
5722,0.0072177501
5888,0.0031545302
6564,0.0009950153
6074,0.0039892088
7365,0.0066761769
5860,0.0031665378
9123,0.0042074790
7593,0.0061488024
8844,0.0000000000
3789,0.0024188245
2993,0.0082255417
7472,0.0010094137
5830,0.0056858518
3792,0.0048566801
7643,0.0110147897
3533,0.0058777031
3008,0.0107130468
5715,0.0063065877
9141,0.0000000000
3466,0.0116864119
5106,0.0129919577
3018,0.0150913735
5048,0.0035209346
8083,0.0053738463
4590,0.0163405408
4291,0.0063661967
9788,0.0006552588
9011,0.0018984760
4742,0.0022807081
8512,0.0027259311
3051,0.0057222909
8505,0.0055174685
8610,0.0055632962
3629,0.0089270100
6847,0.0043685124
5782,0.0149831557
5993,0.0081605791
9357,0.0000000000
7849,0.0000000000
4614,0.0061298596
5849,0.0075427390
9237,0.0000000000
3974,0.0130567969
3904,0.0052755057
3175,0.0059816427
6140,0.0157767572
7141,0.0014323133
6101,0.0031848751
3594,0.0207973433
5272,0.0058721299
4372,0.0014738444
3105,0.0045810117
7226,0.0054714293
9520,0.0000000000
3397,0.0101554536
4335,0.0048789280
4255,0.0150965747
9919,0.0044021145
9376,0.0000000000
8155,0.0000000000
3144,0.0061626136
5682,0.0077656693
5748,0.0052636055
7562,0.0134977931
8672,0.0028214997
4942,0.0022680717
5983,0.0073572633
3553,0.0059141354
4133,0.0058458925
3172,0.0118822895
6970,0.0017006709
5987,0.0029636938
8609,0.0040749458
3386,0.0101363987
3181,0.0301679741
9463,0.0022981203
9609,0.0000000000
9103,0.0006992296
3393,0.0052475260
4105,0.0038941980
9654,0.0000000000
5587,0.0045713394
5275,0.0077736231
3891,0.0190542264
6056,0.0090128653
8344,0.0047423327
4761,0.0093942844
7140,0.0079479392
9652,0.0000000000
9246,0.0004654147
3261,0.0121747537
3262,0.0131810998
8935,0.0000000000
7270,0.0004115702
9936,0.0000000000
5011,0.0025296685
3777,0.0078852577
5393,0.0192951779
9477,0.0038808351
5294,0.0175928918
8790,0.0010837303
4975,0.0125254030
9775,0.0020309017
9152,0.0000000000
9640,0.0000000000
7637,0.0066086152
8558,0.0000000000
9472,0.0011055810
8980,0.0041592263
3333,0.0130570053
8113,0.0018277629
5046,0.0067467023
9169,0.0000000000
4933,0.0083742318
8559,0.0032918696
3717,0.0092789994
4298,0.0097836490
7898,0.0044545202
6203,0.0079797932
8802,0.0029357649
9328,0.0035900202
7232,0.0039885681
3396,0.0048121986
6433,0.0047943569
6007,0.0083960022
8147,0.0096315226
3931,0.0133417696
3403,0.0107093210
3638,0.0198877794
5260,0.0096964632
5895,0.0136161157
7366,0.0076970455
4542,0.0123404192
6547,0.0072081893
8569,0.0031877059
9867,0.0020761121
6563,0.0016327200
6672,0.0011283779
9964,0.0000000000
6907,0.0027945809
3455,0.0180971504
6212,0.0096066678
4547,0.0042334943
7549,0.0034462126
3463,0.0133023477
8352,0.0036114366
6217,0.0183361521
3474,0.0086533832
3482,0.0172798518
3682,0.0081573064
4201,0.0178603340
3493,0.0025915882
8694,0.0015703734
4658,0.0099794884
8624,0.0008237011
6271,0.0037495982
7434,0.0087666626
6089,0.0077346867
7239,0.0074803329
3746,0.0077950415
3909,0.0030037977
9148,0.0000000000
6005,0.0000000000
6697,0.0049164126
8369,0.0031270405
3541,0.0030452961
4603,0.0063743307
6255,0.0034286875
5703,0.0207095542
7195,0.0013795936
6252,0.0047989003
6414,0.0058801045
9907,0.0000000000
9997,0.0000000000
5302,0.0071232922
4033,0.0066757692
3620,0.0034787004
9466,0.0000000000
6310,0.0082655928
8365,0.0034566702
7953,0.0101734810
5546,0.0036507292
9232,0.0013245204
8835,0.0006552588
4230,0.0143296624
4472,0.0117038863
3825,0.0150976927
6277,0.0043139002
3683,0.0125493391
3684,0.0083951453
3706,0.0081695004
4429,0.0013100979
6386,0.0206804597
5213,0.0150175029
3713,0.0057135318
4441,0.0022857245
7672,0.0053148856
8084,0.0000000000
3732,0.0143358954
3741,0.0113579304
4301,0.0171502928
3971,0.0069921816
7757,0.0027962443
6065,0.0038810439
3770,0.0062324976
6681,0.0123965242
4430,0.0106495595
6026,0.0055251321
8498,0.0030042278
8204,0.0013439002
3805,0.0109612911
3941,0.0229887934
4631,0.0059304382
7867,0.0000000000
9689,0.0022627118
4421,0.0087112220
3823,0.0165846889
6879,0.0064081111
8186,0.0072804577
7552,0.0030418331
4149,0.0114216753
9488,0.0000000000
7029,0.0010456136
8850,0.0009704568
6900,0.0141267871
3867,0.0017604197
9941,0.0000000000
8733,0.0000000000
8363,0.0000000000
8010,0.0055821421
7033,0.0085569215
6575,0.0069676832
8767,0.0011556539
4773,0.0128700806
6097,0.0056732586
6627,0.0045885712
4418,0.0120297737
6827,0.0057856397
9372,0.0000000000
4030,0.0048476469
5803,0.0105683077
4115,0.0061412558
6666,0.0087985672
7999,0.0051269906
9615,0.0000000000
8224,0.0047010721
7257,0.0038674987
9976,0.0000000000
8724,0.0000000000
9178,0.0030121672
8351,0.0082608710
4983,0.0042367053
6655,0.0073550721
7629,0.0129078031
5220,0.0108764511
4159,0.0103254128
7732,0.0016759189
4174,0.0242100507
7969,0.0039831187
4184,0.0091218483
4197,0.0133885939
5269,0.0090672962
5943,0.0039144781
6980,0.0045069976
6837,0.0068420890
4270,0.0057127496
4348,0.0111336845
4275,0.0033371396
8869,0.0052579073
4293,0.0086545311
9746,0.0000000000
4351,0.0110958406
4354,0.0086262288
4727,0.0087590556
8228,0.0000000000
7148,0.0077392115
8913,0.0034134265
8200,0.0046203680
4734,0.0043361098
6432,0.0018390929
4461,0.0084481293
9473,0.0036245240
4439,0.0109986715
4799,0.0053413492
4475,0.0033426421
9389,0.0049886379
9988,0.0000000000
7190,0.0034048091
6105,0.0026984314
9391,0.0020057792
5396,0.0128583323
4549,0.0046105297
6733,0.0078079507
4970,0.0025971420
7397,0.0018124394
6136,0.0019961252
7275,0.0052198485
5547,0.0130097532
9815,0.0000000000
4637,0.0041699396
5528,0.0099845580
9550,0.0000000000
8422,0.0014407002
6926,0.0050718263
8380,0.0016898902
5117,0.0017896758
6592,0.0026966172
7858,0.0031908927
4747,0.0055521197
8169,0.0014028885
5963,0.0018906235
6274,0.0035043306
8463,0.0043658241
4782,0.0106529054
5560,0.0127811972
5651,0.0043690671
4839,0.0032500151
7518,0.0006550888
4964,0.0063589361
6419,0.0084024566
6524,0.0045183968
5018,0.0088220200
5535,0.0076740867
8773,0.0014232717
9960,0.0000000000
5223,0.0055602509
6661,0.0048849371
9837,0.0000000000
8743,0.0016708453
5507,0.0090915712
6483,0.0011132473
8566,0.0000000000
8863,0.0082626968
7984,0.0062110801
6128,0.0073599020
9163,0.0000000000
6562,0.0092508286
6303,0.0068475078
6182,0.0054480542
7877,0.0011605174
6959,0.0005423605
9921,0.0006655394
6091,0.0116355908
5746,0.0124443052
9003,0.0093982472
7627,0.0035551294
9100,0.0000000000
8975,0.0000000000
6989,0.0089738369
6068,0.0082429497
8673,0.0000000000
8902,0.0008216004
9369,0.0000000000
7298,0.0017179237
7109,0.0020988147
8206,0.0027652390
9645,0.0000000000
