Node,Hub,Authority
10000,0.0058753606,0.0000000000
50066,0.0000000000,0.0000000000
1,0.0000000000,0.0122508867
989,0.0039139862,0.0110771646
1038,0.0069777971,0.0110136111
1256,0.0044007444,0.0101384212
1607,0.0065886755,0.0206801681
2310,0.0050389362,0.0064560640
3641,0.0086474704,0.0222881609
6354,0.0061815058,0.0118322720
8198,0.0181237474,0.0041250287
8751,0.0173767964,0.0000000000
9247,0.0163191451,0.0000000000
2,0.0000000000,0.0051261329
1017,0.0047736004,0.0097602496
1947,0.0043474685,0.0120728759
2071,0.0006711602,0.0091314781
3372,0.0028897387,0.0317570157
4073,0.0134916773,0.0043429104
4687,0.0026494681,0.0062557337
6603,0.0103288383,0.0079472255
3,0.0000000000,0.0134575457
1575,0.0043900847,0.0137924769
1756,0.0017619850,0.0104256874
1869,0.0098577835,0.0085384244
2076,0.0062531052,0.0159174215
2564,0.0095817166,0.0096990131
2731,0.0106471405,0.0113054044
4020,0.0085031175,0.0086132332
6117,0.0215920033,0.0070296272
7242,0.0111340299,0.0035799882
8378,0.0190639159,0.0014493124
4,0.0000000000,0.0074096944
175,0.0009701450,0.0083835258
852,0.0009701450,0.0094870546
1027,0.0048388923,0.0150828587
2254,0.0045418904,0.0102244174
3503,0.0009701450,0.0092980069
4660,0.0070218561,0.0191670409
5283,0.0045844219,0.0079635262
5767,0.0105808640,0.0083735698
8259,0.0112599287,0.0131339871
8541,0.0108548751,0.0000000000
5,0.0000000000,0.0048242481
3379,0.0070230800,0.0201914833
4329,0.0013058360,0.0060393865
4610,0.0068924564,0.0088533515
6903,0.0133587905,0.0068965318
7091,0.0082660787,0.0033069240
6,0.0000000000,0.0115491985
482,0.0015121267,0.0048027144
1171,0.0046153442,0.0025370379
3930,0.0152272904,0.0107717437
4720,0.0093599423,0.0112663755
4934,0.0068083551,0.0030774713
4986,0.0167607374,0.0042555753
6291,0.0104541650,0.0091565191
7216,0.0156219226,0.0015896788
8707,0.0078496110,0.0000000000
7,0.0000000000,0.0122965458
85,0.0016099763,0.0144822805
1512,0.0040890006,0.0051709704
3727,0.0072517612,0.0052114825
3982,0.0089108139,0.0087141623
6557,0.0231896143,0.0049326247
7018,0.0203643942,0.0000000000
8441,0.0097664951,0.0016049819
9741,0.0187354623,0.0000000000
8,0.0000000000,0.0132357084
543,0.0044610857,0.0087971108
820,0.0044602001,0.0081917959
1175,0.0039314162,0.0075380293
3030,0.0069850781,0.0077642516
3698,0.0041173102,0.0097233606
4778,0.0156103897,0.0029031723
7684,0.0273429329,0.0025917700
8876,0.0090962475,0.0019951902
9692,0.0162759050,0.0016049819
9720,0.0088100017,0.0000000000
9,0.0000000000,0.0124496123
137,0.0016300171,0.0101534587
779,0.0044005146,0.0163457509
1403,0.0028907889,0.0107211902
2842,0.0075126220,0.0241830087
6122,0.0100417892,0.0086843745
7148,0.0170776557,0.0129956605
7603,0.0087282130,0.0000000000
7676,0.0101910433,0.0038409490
9818,0.0196559089,0.0000000000
9879,0.0129581102,0.0000000000
10,0.0000000000,0.0082463984
552,0.0025493914,0.0238637466
980,0.0010796939,0.0108532156
1935,0.0035349121,0.0258389794
2729,0.0094342452,0.0046858415
6733,0.0034358878,0.0055605800
7214,0.0087888603,0.0083705316
7911,0.0114907743,0.0046930357
9343,0.0118125095,0.0023219089
9355,0.0108573981,0.0000000000
11,0.0000000000,0.0120218920
1455,0.0049453758,0.0118617437
6552,0.0084792778,0.0014256037
7087,0.0083211806,0.0025863510
8194,0.0187808670,0.0029960830
8221,0.0054010812,0.0000000000
9250,0.0167677145,0.0000000000
9280,0.0182447994,0.0039292839
9917,0.0108795574,0.0028392706
12,0.0000000000,0.0194917069
1655,0.0025520326,0.0103188926
3524,0.0116257920,0.0077705589
3753,0.0055257580,0.0143396183
5739,0.0034063692,0.0079897736
6506,0.0269339128,0.0033423655
6845,0.0182705855,0.0019950502
7691,0.0168528456,0.0021878544
7964,0.0110684253,0.0033268773
8589,0.0100765894,0.0000000000
9320,0.0186711134,0.0000000000
9729,0.0238886681,0.0000000000
13,0.0000000000,0.0165534815
99,0.0021673332,0.0142326040
1123,0.0099211602,0.0111444046
1258,0.0021673332,0.0193097824
2756,0.0115690707,0.0016079127
3495,0.0115285552,0.0072110938
4000,0.0154909651,0.0100603688
5756,0.0047290496,0.0071787742
7361,0.0265641586,0.0022373329
7461,0.0184109012,0.0052347691
7558,0.0070741284,0.0046528675
8919,0.0168082299,0.0027977304
14,0.0000000000,0.0181312516
1905,0.0103607673,0.0183453875
2074,0.0063987794,0.0090690647
5142,0.0110604942,0.0073522042
5358,0.0172435206,0.0125531082
6080,0.0109027756,0.0025773344
7130,0.0164642779,0.0094166339
8414,0.0191816345,0.0007564359
8444,0.0165523204,0.0099097338
9149,0.0092393563,0.0019839687
9860,0.0210774591,0.0000000000
15,0.0000000000,0.0080869447
181,0.0010588168,0.0090687759
635,0.0010588168,0.0107870431
1295,0.0010588168,0.0189212042
1314,0.0023746306,0.0075957912
1667,0.0010588168,0.0050092011
6352,0.0077480947,0.0039628995
6694,0.0146886247,0.0009999697
8843,0.0213499621,0.0016540670
9494,0.0113692680,0.0000000000
16,0.0000000000,0.0202499144
644,0.0026513040,0.0246033885
2044,0.0048882463,0.0057216788
3230,0.0119137760,0.0132652297
4057,0.0064700412,0.0072604975
4237,0.0182305267,0.0147380868
5164,0.0086392290,0.0129840003
5794,0.0064346458,0.0167289844
6241,0.0241676221,0.0074389623
6442,0.0098333895,0.0021430099
6919,0.0167431957,0.0014267771
8203,0.0124077041,0.0057935698
8431,0.0076079384,0.0033395295
8552,0.0246755971,0.0033381109
17,0.0000000000,0.0057208881
2082,0.0103559937,0.0085167849
4428,0.0055637643,0.0031686405
6379,0.0179413916,0.0087644929
18,0.0000000000,0.0172593276
668,0.0040545228,0.0099387604
1080,0.0022597491,0.0101452269
1226,0.0022597491,0.0262774080
3546,0.0074778744,0.0072121312
6062,0.0177858531,0.0078875422
6798,0.0171257758,0.0027638588
7305,0.0127039373,0.0043517104
7460,0.0158442955,0.0059886500
8903,0.0147044289,0.0000000000
9031,0.0228638486,0.0030370953
9517,0.0147418351,0.0000000000
19,0.0000000000,0.0070603187
637,0.0065711394,0.0166069190
2509,0.0019428696,0.0104933749
4762,0.0125168643,0.0123159706
6404,0.0208977307,0.0041097046
7851,0.0119961248,0.0025624532
20,0.0000000000,0.0180804864
58,0.0023672627,0.0194479306
1109,0.0065363843,0.0059776849
1276,0.0054619172,0.0093004746
2778,0.0082220008,0.0117642903
3522,0.0111323235,0.0065608191
4024,0.0092471548,0.0105052001
6536,0.0116296771,0.0043679329
6543,0.0074331826,0.0073262096
6629,0.0140522303,0.0019437746
7873,0.0207909782,0.0055314907
8743,0.0192067093,0.0047245233
9219,0.0220138124,0.0032815494
21,0.0000000000,0.0068350987
276,0.0008949136,0.0169916916
750,0.0008949136,0.0060088419
1802,0.0019669240,0.0065733292
3188,0.0078381019,0.0073447700
4685,0.0025463187,0.0130190315
6346,0.0138967195,0.0058460747
7498,0.0104712728,0.0146917958
7908,0.0087745899,0.0019194713
9405,0.0049207759,0.0000000000
22,0.0000000000,0.0064287408
1648,0.0031547263,0.0113984661
3114,0.0017661583,0.0177882505
5990,0.0052033565,0.0070842653
7041,0.0078047364,0.0012875330
7882,0.0093577482,0.0034082908
8129,0.0083310132,0.0124933195
9041,0.0134831711,0.0037187054
23,0.0000000000,0.0129018764
264,0.0036028227,0.0088857711
2749,0.0097519522,0.0174311161
3520,0.0072937830,0.0134561567
4228,0.0074781869,0.0127957522
4954,0.0102062851,0.0147383202
6015,0.0181480942,0.0060667749
7463,0.0058428164,0.0056235208
7604,0.0062050536,0.0049503427
9325,0.0175355224,0.0000000000
9396,0.0124764144,0.0018290812
24,0.0000000000,0.0065437565
1673,0.0053590405,0.0078598943
3795,0.0151341275,0.0116978473
5599,0.0054628464,0.0064303940
6445,0.0088351653,0.0057894282
8507,0.0070347302,0.0014108418
9200,0.0081534463,0.0007960505
25,0.0000000000,0.0125328360
489,0.0064239137,0.0056860835
1988,0.0045892411,0.0098527714
2293,0.0078743365,0.0047506640
4156,0.0158321007,0.0186041850
5715,0.0155010369,0.0007470828
6200,0.0094278139,0.0024938252
7728,0.0028762676,0.0030222363
8001,0.0197594784,0.0045745891
9783,0.0134380726,0.0000000000
26,0.0000000000,0.0204603808
87,0.0026788602,0.0089190789
369,0.0033464194,0.0066903725
1479,0.0043220911,0.0109035208
1846,0.0121437139,0.0120492701
2314,0.0026788602,0.0145595021
2960,0.0053444324,0.0116554268
3161,0.0096909041,0.0151386288
3203,0.0046822961,0.0172277365
4313,0.0147093687,0.0107448761
5119,0.0126596969,0.0217669322
5916,0.0090573327,0.0137183384
6227,0.0219686951,0.0016562459
6676,0.0067599183,0.0064837412
6867,0.0056410529,0.0163749420
7669,0.0064859760,0.0035234624
9142,0.0202092902,0.0000000000
9567,0.0138916476,0.0000000000
27,0.0000000000,0.0056147659
1133,0.0007351365,0.0315287053
1424,0.0025065151,0.0045226309
6106,0.0208437084,0.0038278672
7028,0.0085923766,0.0047605411
28,0.0000000000,0.0143678048
90,0.0018811644,0.0182599744
939,0.0018811644,0.0116566209
1111,0.0039464582,0.0093469503
3380,0.0030094965,0.0063815747
3770,0.0161004044,0.0043148354
4089,0.0113015875,0.0042186076
4304,0.0057549592,0.0067990413
4518,0.0131599315,0.0089797905
4973,0.0098708734,0.0090605856
6254,0.0086615105,0.0070511295
6983,0.0116947422,0.0049512909
7402,0.0224748978,0.0045901261
29,0.0000000000,0.0054005529
105,0.0007070898,0.0092113595
368,0.0007070898,0.0128066227
2496,0.0040556622,0.0138237938
2688,0.0040474166,0.0098951462
4923,0.0043058982,0.0050175101
5453,0.0066657545,0.0044004066
6521,0.0096266579,0.0084018263
30,0.0000000000,0.0062228689
797,0.0008147549,0.0193908598
2012,0.0046182363,0.0017705667
2787,0.0034474650,0.0120835782
3151,0.0079379134,0.0044270614
7262,0.0100052183,0.0057359500
8102,0.0136431399,0.0074151455
8859,0.0070617944,0.0045905474
31,0.0000000000,0.0137692677
141,0.0027794423,0.0333392314
215,0.0018027985,0.0098414691
3092,0.0031525393,0.0062988494
4275,0.0151828915,0.0111469764
5533,0.0130714502,0.0110315029
5864,0.0037762532,0.0133320975
6065,0.0082977338,0.0147100898
6477,0.0117664719,0.0069444958
6901,0.0083836859,0.0113349682
6989,0.0058697526,0.0107177649
8932,0.0021205025,0.0030309610
9666,0.0108716819,0.0000000000
9754,0.0180905649,0.0000000000
32,0.0000000000,0.0110620992
186,0.0014483512,0.0174034131
3247,0.0052051394,0.0109070217
3676,0.0166606932,0.0083579596
3722,0.0065742698,0.0245170084
5110,0.0108245961,0.0042836934
6773,0.0142412539,0.0039074770
7432,0.0135447253,0.0033517470
8629,0.0159901419,0.0073222566
33,0.0000000000,0.0106871102
806,0.0013992542,0.0117660669
1467,0.0031835095,0.0221961381
3182,0.0037788429,0.0039474818
3359,0.0148384077,0.0070567479
6398,0.0218847726,0.0089999215
8769,0.0070743534,0.0000000000
8899,0.0108186823,0.0030029947
9388,0.0186472771,0.0000000000
34,0.0000000000,0.0193867081
305,0.0041842242,0.0067367323
1194,0.0075691612,0.0120472061
3206,0.0068243031,0.0216677596
4411,0.0079109966,0.0123048434
5050,0.0047674394,0.0048031886
5568,0.0070163453,0.0101936897
5737,0.0166394817,0.0048049585
6982,0.0136666000,0.0028021372
8101,0.0181954765,0.0077320903
9694,0.0209543535,0.0000000000
9735,0.0257941519,0.0032815494
9736,0.0145476340,0.0000000000
35,0.0000000000,0.0192179787
609,0.0025161936,0.0099427441
1956,0.0148115420,0.0116568508
2941,0.0049114537,0.0066302112
3172,0.0079831553,0.0045711836
3284,0.0069134266,0.0061648634
4113,0.0106847432,0.0091333559
4424,0.0179884049,0.0154843819
4925,0.0081145666,0.0048056264
5576,0.0317299917,0.0108793913
6006,0.0070745394,0.0085458022
6847,0.0135319930,0.0068556318
8264,0.0205213827,0.0034252442
36,0.0000000000,0.0204420297
535,0.0026764575,0.0075362009
781,0.0026764575,0.0123777059
1460,0.0038828280,0.0027257635
3466,0.0088236242,0.0102188652
3966,0.0073169241,0.0186150264
4417,0.0091048407,0.0082685252
6069,0.0101445410,0.0065170316
6307,0.0156759826,0.0000000000
7098,0.0148472785,0.0025105183
7465,0.0199750467,0.0021878544
8057,0.0118114838,0.0104147797
9167,0.0247184954,0.0000000000
9183,0.0108400477,0.0013984535
9267,0.0136364239,0.0000000000
37,0.0000000000,0.0074593306
239,0.0009766438,0.0109181859
3620,0.0046379798,0.0018782930
4412,0.0146338598,0.0103356917
4529,0.0127383015,0.0030070707
6682,0.0128084974,0.0042855331
6988,0.0083975297,0.0000000000
38,0.0000000000,0.0146182220
631,0.0019139514,0.0187384089
1072,0.0050094999,0.0171193010
1828,0.0033114256,0.0203413779
2571,0.0074053875,0.0146139538
3330,0.0192345085,0.0137873172
3994,0.0061269471,0.0181522429
4939,0.0108197367,0.0060153073
7002,0.0099580746,0.0014366436
7166,0.0101646698,0.0014212197
7273,0.0129444174,0.0034458654
7344,0.0124074945,0.0060424433
9778,0.0123537577,0.0000000000
39,0.0000000000,0.0080358821
204,0.0010521312,0.0047072447
2260,0.0047115367,0.0042227258
2913,0.0020941466,0.0154542987
3090,0.0068194040,0.0041227394
3709,0.0075857054,0.0031468001
5323,0.0166359418,0.0134538626
7408,0.0141111897,0.0035383459
9758,0.0083657478,0.0000000000
40,0.0000000000,0.0095417392
266,0.0012492918,0.0155566192
522,0.0012492918,0.0189116110
4256,0.0108048851,0.0085881275
4287,0.0068350137,0.0174627863
4516,0.0048209175,0.0110193883
5491,0.0225314695,0.0064456979
6804,0.0048480088,0.0053482572
8359,0.0107885943,0.0031142787
9057,0.0097496347,0.0006914735
41,0.0000000000,0.0113689905
2558,0.0119597191,0.0111733653
3547,0.0047056064,0.0150367619
3790,0.0122400113,0.0182424779
3957,0.0222707619,0.0108518170
7679,0.0209308478,0.0031343233
9468,0.0147261909,0.0021191482
42,0.0000000000,0.0151217791
1902,0.0082202075,0.0104842611
3235,0.0084507546,0.0119358881
3595,0.0069940979,0.0145498027
4002,0.0052634584,0.0104998557
5301,0.0070436890,0.0031511020
6567,0.0192183010,0.0059133570
6879,0.0116073118,0.0060793158
8395,0.0085311741,0.0020547607
8583,0.0078499272,0.0000000000
8703,0.0136696368,0.0013362004
43,0.0000000000,0.0030174888
2695,0.0022895537,0.0124565499
3307,0.0043067499,0.0049943669
5399,0.0054421702,0.0088992274
6490,0.0110082574,0.0084584554
44,0.0000000000,0.0209997614
2758,0.0114730226,0.0065139407
3996,0.0047554910,0.0124839425
4128,0.0073385095,0.0076874547
4926,0.0229633106,0.0125809365
4980,0.0137441685,0.0186865892
5493,0.0169142307,0.0061110753
5658,0.0101263402,0.0061160238
6114,0.0240182232,0.0072834908
6810,0.0111251167,0.0089712330
8218,0.0131783440,0.0015071588
8506,0.0164656603,0.0015021413
9120,0.0082877629,0.0010816871
45,0.0000000000,0.0135925949
422,0.0027656753,0.0181133648
963,0.0098244166,0.0138989055
2474,0.0090302195,0.0137727037
3852,0.0067589739,0.0024943987
4376,0.0066209808,0.0104389019
6169,0.0125884919,0.0091641705
6386,0.0120559678,0.0180400796
6748,0.0124009175,0.0073721948
6894,0.0132646682,0.0062692386
7269,0.0099453512,0.0023505630
9655,0.0085607169,0.0000000000
46,0.0000000000,0.0144027509
959,0.0066644438,0.0068252999
1441,0.0018857399,0.0149851904
2054,0.0080085111,0.0240005562
2266,0.0081870644,0.0159762989
3374,0.0018857399,0.0090283679
3768,0.0063195878,0.0062519352
4125,0.0078333100,0.0069790295
4760,0.0099301265,0.0065479678
6073,0.0060498489,0.0120483833
6487,0.0093154216,0.0135877678
7726,0.0108973248,0.0081147392
7998,0.0165320616,0.0031028971
8382,0.0164950076,0.0036100265
47,0.0000000000,0.0226338967
272,0.0029634368,0.0188716860
1904,0.0029634368,0.0089112981
3736,0.0186563965,0.0191766455
3887,0.0048966906,0.0076577147
4282,0.0082915655,0.0069045177
4422,0.0122810868,0.0044916652
5056,0.0105052379,0.0011520100
5197,0.0104134078,0.0160796131
5625,0.0172025066,0.0042218593
6357,0.0106762135,0.0048340541
7215,0.0122673032,0.0018819384
8179,0.0201987831,0.0026047214
8715,0.0222172481,0.0029834077
9174,0.0193380968,0.0041662708
48,0.0000000000,0.0236330776
1290,0.0030942587,0.0033617621
1367,0.0045237269,0.0134144264
1423,0.0045336712,0.0156446936
3327,0.0096643017,0.0093835043
4183,0.0077091209,0.0037500463
4690,0.0134205658,0.0056690226
5154,0.0209316975,0.0036446884
5480,0.0218231042,0.0078323267
5881,0.0207098095,0.0062042941
6232,0.0141040073,0.0084050809
6283,0.0072832352,0.0105537513
7685,0.0255209484,0.0107352763
7991,0.0271843228,0.0055276927
49,0.0000000000,0.0100498161
270,0.0013158139,0.0109938279
1954,0.0042140215,0.0088828727
1981,0.0027095589,0.0080376913
2902,0.0112646546,0.0060391206
4206,0.0071067197,0.0130557592
5163,0.0117445958,0.0011003846
6493,0.0069197301,0.0042459071
6795,0.0077902187,0.0067422336
8886,0.0213176959,0.0021531147
50,0.0000000000,0.0238464767
705,0.0045307456,0.0205986995
3035,0.0105241220,0.0089571539
3460,0.0151958054,0.0112413445
5874,0.0190192700,0.0044813060
6013,0.0069820732,0.0031268201
6945,0.0187669498,0.0033206037
7455,0.0099284667,0.0114789923
8528,0.0224252486,0.0000000000
8958,0.0243592315,0.0025861392
9209,0.0186856910,0.0000000000
9488,0.0187570632,0.0000000000
51,0.0000000000,0.0191659977
1198,0.0041564528,0.0079509079
2238,0.0086851024,0.0155220810
3292,0.0040899413,0.0178276186
4709,0.0154205454,0.0058919274
5646,0.0060700125,0.0026678823
6951,0.0140342128,0.0045716730
7971,0.0188177448,0.0038950455
8470,0.0207513392,0.0038014499
8969,0.0217443443,0.0017854054
9013,0.0112329616,0.0049128362
9189,0.0213817220,0.0028970197
52,0.0000000000,0.0184263801
708,0.0024125503,0.0050208717
978,0.0024125503,0.0080773169
1159,0.0078620230,0.0076087087
1432,0.0033475443,0.0244701650
1731,0.0058550768,0.0085010784
3434,0.0096145536,0.0110987474
3496,0.0225933144,0.0164538100
3783,0.0083343817,0.0033846470
5161,0.0091094153,0.0111796532
6851,0.0150759899,0.0064329057
7284,0.0313547110,0.0044306432
7342,0.0065999611,0.0087107090
8712,0.0161633922,0.0046618648
53,0.0000000000,0.0058692234
1018,0.0007684524,0.0184864959
2075,0.0054080949,0.0137157295
3131,0.0007684524,0.0125864795
6305,0.0092202677,0.0000000000
7032,0.0069910469,0.0094685271
7387,0.0136101896,0.0057247166
8014,0.0080609500,0.0025853346
54,0.0000000000,0.0040181821
1652,0.0082433179,0.0087832241
1679,0.0005260972,0.0066937777
2142,0.0061178361,0.0063579203
2520,0.0039005068,0.0081711606
4066,0.0055888599,0.0084350521
6149,0.0063131318,0.0130308193
55,0.0000000000,0.0211602800
2063,0.0027704974,0.0162228154
3389,0.0067386511,0.0148225569
3532,0.0047367480,0.0026329265
4997,0.0087560677,0.0036881752
6234,0.0206411804,0.0027830877
7023,0.0127780180,0.0070699344
9592,0.0192444050,0.0000000000
9891,0.0292356002,0.0000000000
9998,0.0242701483,0.0000000000
56,0.0000000000,0.0176823555
1809,0.0053656606,0.0238442582
1858,0.0042425760,0.0093543426
2094,0.0090871776,0.0079965554
3453,0.0068604858,0.0130115107
3725,0.0100686495,0.0198356321
3808,0.0053995583,0.0270331729
4780,0.0127964402,0.0057094085
5148,0.0056388818,0.0094238968
7143,0.0260533288,0.0068669917
7778,0.0130592248,0.0038186536
9506,0.0095571286,0.0005537259
9667,0.0060800079,0.0000000000
57,0.0000000000,0.0229846873
1142,0.0052755348,0.0138309928
1461,0.0076163476,0.0082145581
2535,0.0083682538,0.0147627627
2820,0.0188495476,0.0204015166
2897,0.0063343085,0.0029617932
3135,0.0069534112,0.0051424116
4686,0.0185076857,0.0123724874
6092,0.0327075926,0.0098442812
6163,0.0081966126,0.0027350926
6855,0.0111051483,0.0071828313
7029,0.0182822353,0.0068084689
8055,0.0055802210,0.0007523516
9543,0.0135817526,0.0000000000
9880,0.0141919846,0.0000000000
1241,0.0025463010,0.0126639523
2104,0.0057168588,0.0197265798
2137,0.0051744746,0.0111715629
2457,0.0101451107,0.0209764227
4195,0.0124376951,0.0109909822
4768,0.0105642199,0.0137200472
4915,0.0072775146,0.0109715975
6770,0.0101565570,0.0081597767
6809,0.0175036254,0.0145004393
8065,0.0268717296,0.0028556455
8122,0.0081514496,0.0049806044
8630,0.0103067508,0.0029214782
9981,0.0216855613,0.0000000000
59,0.0000000000,0.0038812361
2029,0.0019798928,0.0071338218
2331,0.0040126562,0.0158322508
5047,0.0083582466,0.0042048718
5072,0.0067574276,0.0068586840
9354,0.0085355486,0.0000000000
60,0.0000000000,0.0144475059
416,0.0018915996,0.0224330813
585,0.0030840678,0.0186660724
645,0.0026185672,0.0115499974
2384,0.0029060509,0.0212325094
3390,0.0097697103,0.0149815055
6970,0.0060892722,0.0025196530
8676,0.0131339973,0.0037605216
8917,0.0135618386,0.0019795120
9019,0.0183615402,0.0017724083
9281,0.0151230768,0.0000000000
9481,0.0081707952,0.0000000000
9712,0.0156354266,0.0000000000
61,0.0000000000,0.0068095870
1492,0.0044383819,0.0162439569
2066,0.0028377947,0.0148002195
3493,0.0042026304,0.0094139700
3684,0.0044394117,0.0037707849
4757,0.0124239044,0.0158779369
5127,0.0087313731,0.0065996188
9431,0.0149362234,0.0000000000
62,0.0000000000,0.0059110980
2759,0.0063515989,0.0185932700
4990,0.0153045462,0.0020802773
5089,0.0107438230,0.0205909304
7694,0.0127473396,0.0109303467
63,0.0000000000,0.0155462927
312,0.0020354629,0.0050986292
889,0.0029643883,0.0090600550
2015,0.0143955360,0.0081515231
2482,0.0032206049,0.0073946597
3187,0.0152902912,0.0029617404
3315,0.0084583105,0.0108238604
8868,0.0122661188,0.0000000000
9139,0.0093931669,0.0017783236
9143,0.0148306433,0.0000000000
9153,0.0147920028,0.0015022219
9594,0.0059685795,0.0000000000
64,0.0000000000,0.0043115183
2936,0.0010025455,0.0142204251
3512,0.0040328152,0.0032082954
6899,0.0092008106,0.0000000000
8289,0.0186940041,0.0015234839
65,0.0000000000,0.0075308549
4476,0.0049843588,0.0220704094
4583,0.0077982318,0.0053300630
7447,0.0139466927,0.0028469692
7608,0.0102616171,0.0026634679
8421,0.0110961956,0.0058120892
66,0.0000000000,0.0119629374
1514,0.0015662972,0.0118073485
2056,0.0051196819,0.0086843675
2565,0.0061300841,0.0199357194
2977,0.0070827755,0.0083940052
3463,0.0051935661,0.0043527694
4495,0.0092473856,0.0130941258
5720,0.0113647956,0.0069082115
8611,0.0114752693,0.0014463012
9053,0.0160644033,0.0032163909
9689,0.0181253410,0.0000000000
67,0.0000000000,0.0220177984
467,0.0028827716,0.0171250885
1639,0.0059876053,0.0151386213
1641,0.0071152739,0.0201271112
2253,0.0105309956,0.0194448311
3271,0.0109873349,0.0095894614
3449,0.0063750756,0.0111108838
4323,0.0095796135,0.0110817242
4879,0.0186335859,0.0062977719
5793,0.0107907489,0.0031463722
6439,0.0142092126,0.0051654661
7824,0.0157625558,0.0059372951
8799,0.0277113157,0.0000000000
8819,0.0191488601,0.0000000000
68,0.0000000000,0.0148192872
216,0.0019402766,0.0118099972
1747,0.0084329486,0.0075615336
1771,0.0019402766,0.0094547704
2441,0.0119444638,0.0119426093
2755,0.0019402766,0.0129357045
4463,0.0220856668,0.0101823895
4916,0.0068101087,0.0034347994
5144,0.0053640700,0.0098281143
5598,0.0161432253,0.0114291393
6630,0.0140360061,0.0047948461
8254,0.0146372042,0.0046183543
69,0.0000000000,0.0067749493
3464,0.0043959994,0.0120277717
4127,0.0227340957,0.0062441855
6238,0.0111597493,0.0065099330
6794,0.0134552848,0.0037207352
70,0.0000000000,0.0274716442
663,0.0035968390,0.0074065569
1843,0.0076163450,0.0055582266
2166,0.0095032501,0.0090517814
2987,0.0052034299,0.0093278614
3746,0.0079901401,0.0152335031
4272,0.0071800161,0.0070459324
5921,0.0261717814,0.0042234011
7418,0.0105596965,0.0029729432
7643,0.0202508845,0.0041585215
7686,0.0177753748,0.0035093209
8341,0.0228832606,0.0017653403
8733,0.0268196408,0.0000000000
9429,0.0173723769,0.0000000000
9868,0.0110039286,0.0000000000
9962,0.0158937698,0.0000000000
71,0.0000000000,0.0181771691
1972,0.0023799213,0.0135998354
2123,0.0046735444,0.0038582271
2628,0.0104818228,0.0097942592
2747,0.0092470113,0.0041200626
3201,0.0187668543,0.0066196840
6555,0.0190348917,0.0018758865
7105,0.0201788184,0.0057478908
7706,0.0035813548,0.0026868500
7928,0.0069484943,0.0003232209
8169,0.0082785875,0.0045504627
8277,0.0082480672,0.0003401314
9079,0.0093532284,0.0000000000
9798,0.0176595242,0.0000000000
72,0.0000000000,0.0167335887
454,0.0074527827,0.0054348762
1143,0.0048065020,0.0050873409
2244,0.0021909145,0.0113135195
2393,0.0059411238,0.0074251405
3856,0.0098273976,0.0180539947
6364,0.0045853473,0.0021162603
7153,0.0158026445,0.0039792358
7326,0.0108952815,0.0044436283
8959,0.0121264246,0.0000000000
9055,0.0210927350,0.0048518215
9867,0.0165916468,0.0016998392
9884,0.0164936464,0.0000000000
73,0.0000000000,0.0203949913
223,0.0026702988,0.0158641042
703,0.0026702988,0.0073257416
2890,0.0160212781,0.0234400943
3959,0.0059044380,0.0125268321
4963,0.0105284292,0.0071973309
5263,0.0202977307,0.0046632698
5334,0.0142759595,0.0074591742
5900,0.0135386128,0.0098865559
5987,0.0157868535,0.0000000000
6350,0.0110903514,0.0047799309
7278,0.0220127171,0.0000000000
7378,0.0098400838,0.0028931538
74,0.0000000000,0.0151536632
4130,0.0160451110,0.0083216766
4218,0.0076832547,0.0064521340
8118,0.0268974317,0.0138940193
9444,0.0195214772,0.0016296985
9602,0.0172629491,0.0000000000
9793,0.0161854552,0.0000000000
75,0.0000000000,0.0067466913
4161,0.0016902903,0.0197165078
4247,0.0076077617,0.0177370659
5314,0.0150612964,0.0010806440
5386,0.0070140865,0.0116184572
5637,0.0055562363,0.0029984966
6898,0.0089856165,0.0058148042
7031,0.0056140568,0.0045189598
76,0.0000000000,0.0107628746
1059,0.0036688448,0.0137239022
1537,0.0014091740,0.0212415749
4684,0.0089455191,0.0003202625
5559,0.0172873751,0.0049384826
5606,0.0138231855,0.0133702971
6802,0.0183342772,0.0042520973
77,0.0000000000,0.0075872625
1425,0.0033106196,0.0173382316
1983,0.0009933938,0.0058495373
2146,0.0032988472,0.0176426481
3156,0.0026413309,0.0112109779
3338,0.0009933938,0.0107911746
3517,0.0110482866,0.0032307230
4294,0.0031102836,0.0098939896
5103,0.0106342605,0.0140641015
5276,0.0090138892,0.0016245650
6523,0.0129050666,0.0058972888
78,0.0000000000,0.0143924996
762,0.0018843977,0.0082290941
1052,0.0018843977,0.0159647317
3706,0.0056175807,0.0054132232
3993,0.0099965343,0.0117156665
4006,0.0070375689,0.0103865223
5808,0.0105461902,0.0036296430
7775,0.0223200512,0.0061654137
7913,0.0147259423,0.0000000000
8242,0.0168849782,0.0037269430
8518,0.0082844547,0.0020065009
79,0.0000000000,0.0093793402
2047,0.0062349611,0.0210015168
3409,0.0038193075,0.0046307823
3480,0.0081907160,0.0152664937
4166,0.0068028967,0.0109964399
5485,0.0068692367,0.0073823869
5820,0.0216013563,0.0101845687
6792,0.0082908790,0.0014592236
80,0.0000000000,0.0098508595
273,0.0012897646,0.0124016219
3367,0.0061111954,0.0141493581
3995,0.0084503194,0.0074104630
4404,0.0033403332,0.0167359546
4983,0.0108537723,0.0020656471
8170,0.0195951922,0.0019537695
8936,0.0141239804,0.0036995785
9727,0.0114735470,0.0000000000
81,0.0000000000,0.0105048971
210,0.0038967724,0.0091019491
439,0.0013753972,0.0176084042
608,0.0013753972,0.0215449799
1141,0.0028345246,0.0198543500
1228,0.0013753972,0.0127911234
1495,0.0080366235,0.0119823964
1625,0.0013753972,0.0071876143
2003,0.0033956045,0.0099965660
2466,0.0033554905,0.0129403553
2659,0.0077691910,0.0043141102
2937,0.0061055704,0.0199320928
4319,0.0130435533,0.0132595837
5070,0.0082165323,0.0116765574
7918,0.0102036220,0.0040262687
82,0.0000000000,0.0170787671
304,0.0033551205,0.0168824732
518,0.0022361084,0.0264133400
834,0.0022361084,0.0090594273
1132,0.0039771875,0.0032617574
1500,0.0097945863,0.0087505860
2793,0.0022361084,0.0124919526
2883,0.0044358117,0.0165503280
3320,0.0092368306,0.0122320637
3365,0.0104621618,0.0106911259
4133,0.0062201610,0.0149847641
4974,0.0057940222,0.0040907403
5662,0.0152946586,0.0059001800
6654,0.0095438896,0.0030361344
8344,0.0137386097,0.0021095855
8817,0.0074046450,0.0067144827
9575,0.0110236951,0.0000000000
9744,0.0134529901,0.0000000000
83,0.0000000000,0.0079370647
6212,0.0080174345,0.0017238002
6975,0.0123053220,0.0170008108
7207,0.0135720280,0.0025758036
7613,0.0106385849,0.0012990487
8298,0.0160876909,0.0072056933
84,0.0000000000,0.0110867223
2925,0.0107705634,0.0096775505
3830,0.0124072167,0.0118489347
4947,0.0028797752,0.0023587252
5397,0.0089601669,0.0113648366
5460,0.0072230463,0.0058005090
5589,0.0056041584,0.0041245262
5786,0.0034300484,0.0034490315
7422,0.0220077706,0.0035674128
8156,0.0113945399,0.0000000000
109,0.0018961526,0.0181284252
406,0.0043172499,0.0252797416
716,0.0097567249,0.0077876663
1374,0.0094133133,0.0150341730
1845,0.0018961526,0.0190815135
2109,0.0077074141,0.0087905866
4453,0.0116502285,0.0088021732
4622,0.0125667253,0.0018244922
6743,0.0168921275,0.0047383543
6947,0.0113805859,0.0066417440
6949,0.0061326459,0.0047469135
8350,0.0170022768,0.0028573518
86,0.0000000000,0.0159300378
282,0.0020857063,0.0222938178
2067,0.0096760468,0.0147362594
3336,0.0080269098,0.0046910239
4258,0.0094094629,0.0171755828
5134,0.0061734197,0.0062484454
6861,0.0204851377,0.0014214467
7481,0.0149471038,0.0024794403
8135,0.0214813635,0.0000000000
9427,0.0133389264,0.0000000000
1967,0.0051956394,0.0076456357
3195,0.0086824888,0.0102990316
6120,0.0147093502,0.0044792417
6827,0.0156662262,0.0069577676
8328,0.0048527162,0.0025885524
8671,0.0049789918,0.0017756412
88,0.0000000000,0.0064616373
2237,0.0044626271,0.0172257338
3276,0.0078599455,0.0108717688
3312,0.0064773705,0.0289581798
6276,0.0072745767,0.0052859841
7090,0.0130707089,0.0051965543
7368,0.0048468365,0.0083381322
7968,0.0053600906,0.0027046341
89,0.0000000000,0.0144813470
330,0.0018960304,0.0081575851
360,0.0042132563,0.0084093849
603,0.0018960304,0.0104810454
2447,0.0025492401,0.0094376219
3530,0.0039795603,0.0070811616
7434,0.0182444862,0.0118228018
7566,0.0089891420,0.0071839447
7787,0.0101350622,0.0045795113
8343,0.0123038762,0.0052644756
8547,0.0072792870,0.0026634679
9346,0.0181641204,0.0000000000
1243,0.0062445948,0.0115596417
2144,0.0030404498,0.0129944159
2523,0.0080125959,0.0132617456
3076,0.0084641322,0.0181514399
3424,0.0063595965,0.0216004945
4871,0.0140038282,0.0031146723
5294,0.0127193748,0.0054507513
5890,0.0088409059,0.0072762927
6741,0.0164316811,0.0040590344
7347,0.0158837020,0.0054717363
8356,0.0319510944,0.0000000000
91,0.0000000000,0.0108408026
2437,0.0036537902,0.0099406853
2635,0.0087573803,0.0085404543
2671,0.0058326183,0.0202851988
5061,0.0161975819,0.0115255840
6688,0.0094444180,0.0030044113
8058,0.0236575099,0.0024894827
8415,0.0084473179,0.0035765876
92,0.0000000000,0.0075380301
3008,0.0134251006,0.0136470923
3062,0.0048757045,0.0110935897
3417,0.0067875449,0.0155484446
5672,0.0166831934,0.0138741492
7881,0.0098973388,0.0016964509
93,0.0000000000,0.0116612956
623,0.0015268035,0.0071325778
1127,0.0025732071,0.0113706894
1470,0.0015268035,0.0074693610
1617,0.0086923547,0.0116975242
4728,0.0092169758,0.0033591735
7282,0.0201563025,0.0039630272
8728,0.0109667797,0.0000000000
8897,0.0088837315,0.0005479311
9645,0.0069451926,0.0000000000
94,0.0000000000,0.0129026651
128,0.0016893350,0.0173083633
1489,0.0030732246,0.0070897624
5223,0.0139382426,0.0048572975
6229,0.0183826864,0.0000000000
8510,0.0239041502,0.0064311045
9215,0.0132484947,0.0000000000
9273,0.0115724632,0.0000000000
95,0.0000000000,0.0105937810
445,0.0032178871,0.0085866919
1922,0.0049755106,0.0078091154
5946,0.0104105548,0.0037447084
6755,0.0095584233,0.0064026444
7000,0.0108779344,0.0000000000
8931,0.0131343902,0.0000000000
96,0.0000000000,0.0016840280
1178,0.0002204883,0.0116107237
2456,0.0035136746,0.0052718274
2832,0.0030428861,0.0046969317
4333,0.0060850780,0.0072920480
97,0.0000000000,0.0224999803
671,0.0029459033,0.0240423955
977,0.0051601282,0.0083352638
1549,0.0064523486,0.0074132399
1807,0.0109340729,0.0129890370
2057,0.0029459033,0.0080813240
2119,0.0157220314,0.0068511891
2426,0.0052012539,0.0148338676
3666,0.0110659558,0.0129938936
3947,0.0052182173,0.0019159991
5969,0.0099495456,0.0099000184
6524,0.0120086699,0.0000000000
7144,0.0162858546,0.0039087625
7171,0.0070118137,0.0040174502
7333,0.0150579099,0.0000000000
7795,0.0125308593,0.0075279927
8529,0.0190121697,0.0000000000
9426,0.0143460538,0.0000000000
98,0.0000000000,0.0067528937
1128,0.0008841506,0.0063980504
2464,0.0086603812,0.0082530799
7287,0.0121613556,0.0017753427
8616,0.0096199172,0.0029652128
798,0.0058402182,0.0194293191
1005,0.0039345192,0.0139826392
1100,0.0018634627,0.0178605902
6251,0.0156038579,0.0038255970
7605,0.0132699310,0.0049950490
8177,0.0129958711,0.0046842535
8266,0.0197655589,0.0036282203
9785,0.0354312599,0.0000000000
100,0.0000000000,0.0078929477
197,0.0010334169,0.0069106244
2042,0.0035415422,0.0010587213
2915,0.0034837312,0.0058095664
3640,0.0076347885,0.0107803952
4170,0.0068710062,0.0055550448
6914,0.0211271655,0.0094168148
7673,0.0165924447,0.0016177775
101,0.0000000000,0.0114424549
905,0.0034351848,0.0323079188
2471,0.0131378667,0.0086538563
2882,0.0030488488,0.0252021562
3345,0.0145179954,0.0108612356
4991,0.0093369009,0.0056434277
7416,0.0067530687,0.0032476377
9147,0.0242579101,0.0000000000
9859,0.0129064521,0.0000000000
102,0.0000000000,0.0317128776
347,0.0041521401,0.0181177949
845,0.0041521401,0.0124946730
2877,0.0093178763,0.0120938976
4109,0.0080178087,0.0084355048
4718,0.0083233029,0.0041675635
4773,0.0169445538,0.0047735944
5122,0.0068322630,0.0059135808
5488,0.0121037067,0.0018993383
6167,0.0272623072,0.0100585301
6697,0.0087751521,0.0007387376
7109,0.0177083344,0.0011995689
7405,0.0118260485,0.0012875330
8017,0.0162132494,0.0024065932
8457,0.0275861035,0.0023343178
8477,0.0191755048,0.0065228141
103,0.0000000000,0.0125712192
1953,0.0075036018,0.0088634369
4198,0.0085065107,0.0137580336
4399,0.0139494128,0.0069073948
4587,0.0071110897,0.0140183350
5822,0.0080116680,0.0266662403
7568,0.0114417280,0.0000000000
8342,0.0257966593,0.0067047442
8977,0.0095104905,0.0031317391
104,0.0000000000,0.0145129199
1517,0.0019001642,0.0176661715
3325,0.0082343260,0.0120087837
3398,0.0108145824,0.0117266481
7936,0.0161605799,0.0039382663
8090,0.0201530022,0.0061164534
8658,0.0145798262,0.0022674874
8901,0.0195697366,0.0014285250
8987,0.0075884793,0.0060561156
9044,0.0118448273,0.0026845123
1331,0.0012060355,0.0068766375
2963,0.0053676115,0.0089575817
3548,0.0093403085,0.0155428882
3571,0.0052640486,0.0029017927
3660,0.0068864514,0.0027378953
5185,0.0093984700,0.0143010992
6042,0.0162564165,0.0083100141
7025,0.0092761221,0.0083860786
8196,0.0073583041,0.0041850578
106,0.0000000000,0.0221423059
697,0.0028990732,0.0098790897
898,0.0035568902,0.0065981329
2228,0.0028990732,0.0077844173
3299,0.0056367927,0.0115927495
3690,0.0052893214,0.0120338128
4631,0.0126246205,0.0057526332
7185,0.0221108174,0.0090189854
8430,0.0198785576,0.0059559849
8500,0.0088491144,0.0014515859
8801,0.0144431458,0.0000000000
9835,0.0136953111,0.0000000000
107,0.0000000000,0.0050242208
921,0.0006578170,0.0173357496
3324,0.0038806393,0.0069496431
4697,0.0052127295,0.0140177760
6178,0.0086050925,0.0066841215
108,0.0000000000,0.0171806171
1292,0.0053916669,0.0204787587
2215,0.0043329735,0.0129508820
2339,0.0031048774,0.0074586956
2544,0.0050469908,0.0167233532
3283,0.0067256404,0.0078734911
3310,0.0114410469,0.0107511598
3939,0.0183030350,0.0093110500
4877,0.0055398223,0.0083678444
5307,0.0127748840,0.0087575575
5516,0.0059301710,0.0048286482
6296,0.0074006023,0.0117327805
6644,0.0112887449,0.0051987750
6842,0.0230328675,0.0046956174
8161,0.0109073498,0.0049759987
402,0.0048701948,0.0067706621
1911,0.0033432735,0.0108702515
2391,0.0023735393,0.0086028593
2983,0.0096452898,0.0171759291
3065,0.0043673677,0.0129816713
3410,0.0055735335,0.0132608777
4829,0.0044035662,0.0086322414
5094,0.0039199637,0.0073745103
5413,0.0134657158,0.0108663097
7301,0.0202062806,0.0016111400
8442,0.0086447046,0.0000000000
9510,0.0093781569,0.0000000000
9691,0.0139725647,0.0000000000
110,0.0000000000,0.0173404016
2500,0.0054030076,0.0124983464
5636,0.0185511505,0.0040852455
5668,0.0080012948,0.0137438684
6449,0.0155787947,0.0048232139
7322,0.0132772236,0.0023505308
8191,0.0154575707,0.0008953879
8637,0.0318043494,0.0054043596
9095,0.0106620028,0.0010050570
9806,0.0137057685,0.0000000000
111,0.0000000000,0.0156970692
245,0.0020552039,0.0150316767
868,0.0028139122,0.0068378349
3171,0.0036119866,0.0113459540
8068,0.0084643979,0.0077160895
8536,0.0181775976,0.0028762007
8591,0.0247541016,0.0036491011
8852,0.0255019143,0.0006683997
9010,0.0276495739,0.0000000000
9936,0.0068611141,0.0000000000
112,0.0000000000,0.0055749102
1633,0.0007299182,0.0093781053
3515,0.0063331675,0.0069995881
4277,0.0092038995,0.0066693787
4573,0.0047253261,0.0060348083
8377,0.0119112358,0.0000000000
113,0.0000000000,0.0102866352
1557,0.0031158654,0.0232827315
1703,0.0013468204,0.0146025603
2353,0.0032144908,0.0093521990
2673,0.0042786281,0.0142394651
6093,0.0081999983,0.0057935861
7437,0.0087812636,0.0012464470
114,0.0000000000,0.0064154823
999,0.0024945573,0.0049064872
3533,0.0008399736,0.0164007953
3711,0.0046874913,0.0108917963
5009,0.0087054590,0.0133104092
5554,0.0107840302,0.0048975123
7670,0.0137807782,0.0005463111
115,0.0000000000,0.0086838225
862,0.0011369655,0.0088427134
1025,0.0011369655,0.0134750242
4611,0.0067491870,0.0028391280
5265,0.0239405187,0.0116560602
6608,0.0118932917,0.0023405632
9669,0.0052844840,0.0000000000
116,0.0000000000,0.0087894052
1605,0.0026133875,0.0081983001
1757,0.0023865154,0.0133224282
4765,0.0103809293,0.0080932220
5629,0.0096331065,0.0009540560
8940,0.0228512489,0.0000000000
9089,0.0047478151,0.0016330427
117,0.0000000000,0.0097512783
942,0.0061424590,0.0114732254
2636,0.0053344781,0.0177215691
3085,0.0040677319,0.0121705318
3333,0.0041955951,0.0029153655
3828,0.0141831841,0.0198439850
4045,0.0059527309,0.0055363127
4418,0.0025824869,0.0061702618
8236,0.0112278642,0.0012130003
118,0.0000000000,0.0081111083
428,0.0010619805,0.0081850834
1134,0.0010619805,0.0070138756
1603,0.0024397805,0.0049589608
5029,0.0022076873,0.0028631554
5288,0.0054006707,0.0083134300
6053,0.0170611673,0.0048765515
8257,0.0144258297,0.0061675748
9502,0.0078974554,0.0000000000
9731,0.0103938061,0.0000000000
119,0.0000000000,0.0181068541
994,0.0069996976,0.0012712247
1469,0.0063806543,0.0078823802
3215,0.0084558451,0.0154236531
3277,0.0129335974,0.0161480857
3757,0.0079830800,0.0133337871
4895,0.0292037569,0.0045962633
5309,0.0076329228,0.0050294097
5624,0.0084517401,0.0072683923
5713,0.0215736227,0.0018902030
120,0.0000000000,0.0077704157
1630,0.0021784885,0.0088985300
2333,0.0081594261,0.0158613048
3279,0.0051901638,0.0188571284
4205,0.0102627923,0.0098833925
6671,0.0079863558,0.0020437573
7281,0.0094705822,0.0000000000
121,0.0000000000,0.0150224631
1083,0.0052188546,0.0165522603
1662,0.0075907953,0.0040962406
1674,0.0025614583,0.0125718673
2816,0.0025144820,0.0045577934
3444,0.0143051013,0.0092163732
4512,0.0055043587,0.0063440152
5145,0.0043464440,0.0064534650
7696,0.0216832895,0.0051611400
8286,0.0202183243,0.0018236344
9629,0.0060114113,0.0000000000
9773,0.0087614904,0.0000000000
122,0.0000000000,0.0113460089
235,0.0014855233,0.0155773202
373,0.0014855233,0.0147570672
375,0.0053447891,0.0156119806
4037,0.0131169394,0.0076087589
4063,0.0196828714,0.0121190560
4652,0.0137148833,0.0105895849
5106,0.0082842552,0.0234846119
6486,0.0178261177,0.0047994238
123,0.0000000000,0.0088769940
517,0.0029286452,0.0091798386
565,0.0011622573,0.0111787219
2795,0.0023878845,0.0297521172
5120,0.0170415671,0.0023104476
8436,0.0149073772,0.0000000000
124,0.0000000000,0.0103264150
1277,0.0013520287,0.0145056025
4624,0.0027989432,0.0082085819
5525,0.0061741687,0.0096499357
5813,0.0186558014,0.0030059027
6094,0.0085493933,0.0099244883
6175,0.0094253035,0.0007017927
9872,0.0103481726,0.0000000000
125,0.0000000000,0.0117373564
2221,0.0039971255,0.0050454757
3703,0.0050872395,0.0040923288
4072,0.0081044532,0.0049590972
4151,0.0043261672,0.0083403223
4233,0.0143127147,0.0167132404
7257,0.0151548975,0.0039392672
9577,0.0134892405,0.0000000000
9870,0.0251748205,0.0000000000
126,0.0000000000,0.0095081393
1985,0.0109275993,0.0087872387
2377,0.0049253780,0.0107658584
2379,0.0051840270,0.0079239833
3443,0.0132194092,0.0116227500
3782,0.0042447723,0.0010888739
3943,0.0076795956,0.0078477490
4735,0.0130507400,0.0100593406
9576,0.0133889735,0.0025735311
127,0.0000000000,0.0087448642
1510,0.0011449576,0.0051981741
1642,0.0044964739,0.0126313964
2112,0.0091230934,0.0152212574
5914,0.0030944990,0.0065511342
8081,0.0175410358,0.0000000000
176,0.0022661693,0.0087640864
843,0.0022661693,0.0173520289
1019,0.0055752945,0.0226705481
1909,0.0073918521,0.0084013428
3293,0.0039330925,0.0094622015
3295,0.0124700886,0.0077225989
4842,0.0119355167,0.0062386221
5152,0.0040237489,0.0160677040
6405,0.0104549977,0.0115147065
8844,0.0088655038,0.0048795646
9018,0.0119933098,0.0000000000
9631,0.0367316242,0.0000000000
129,0.0000000000,0.0160563625
778,0.0038419280,0.0102641724
2423,0.0138752759,0.0119163539
3063,0.0072570017,0.0130924320
3468,0.0048467660,0.0051922620
3538,0.0113862419,0.0081670385
4299,0.0103018677,0.0089726778
4497,0.0116104489,0.0134959374
4711,0.0142823251,0.0096130337
6286,0.0090157241,0.0065784544
7266,0.0084191064,0.0054281133
7596,0.0277972739,0.0058866739
130,0.0000000000,0.0212231832
387,0.0027787333,0.0216996275
493,0.0027787333,0.0135750062
3112,0.0036598368,0.0037606805
3339,0.0173629838,0.0048516843
3552,0.0064053176,0.0119239549
5149,0.0093639413,0.0128356867
6431,0.0229672102,0.0081923745
7211,0.0096225272,0.0031726595
7296,0.0152714603,0.0026821968
7770,0.0227580471,0.0021903626
8308,0.0068001540,0.0016308237
8580,0.0236240634,0.0038146464
8643,0.0187036207,0.0003629912
131,0.0000000000,0.0066102245
255,0.0008654711,0.0149053007
415,0.0008654711,0.0140839043
580,0.0008654711,0.0068968433
602,0.0008654711,0.0119328423
2551,0.0044660428,0.0213150316
4305,0.0033050398,0.0095709125
5843,0.0041608323,0.0089982899
8252,0.0101193092,0.0000000000
8804,0.0141982929,0.0046060423
9571,0.0107756258,0.0011510207
132,0.0000000000,0.0225184965
364,0.0029483276,0.0062779243
1867,0.0100780899,0.0095967270
3775,0.0135844836,0.0175350800
4332,0.0038122905,0.0161942465
6895,0.0106052973,0.0073101223
7419,0.0195259876,0.0078080288
7709,0.0092974463,0.0010498920
8655,0.0297663298,0.0015877018
9221,0.0229119290,0.0000000000
9495,0.0169769592,0.0024307512
9676,0.0278936114,0.0000000000
133,0.0000000000,0.0087374139
2279,0.0046718026,0.0170987439
2872,0.0042341516,0.0187148110
4864,0.0156658722,0.0118547023
6820,0.0046861364,0.0000000000
8778,0.0128521245,0.0000000000
9606,0.0064984952,0.0000000000
134,0.0000000000,0.0128321238
412,0.0048813244,0.0184374003
1427,0.0016800990,0.0167025169
2229,0.0031741844,0.0061384368
5346,0.0087597050,0.0146235442
7370,0.0182394814,0.0025102552
7599,0.0161705631,0.0000000000
9022,0.0109666162,0.0015411035
9145,0.0103957853,0.0029463562
9181,0.0110433768,0.0000000000
9944,0.0126969638,0.0000000000
135,0.0000000000,0.0098280511
440,0.0012867784,0.0153900739
1210,0.0027000393,0.0110072918
2424,0.0029994800,0.0064127279
5238,0.0155036247,0.0137965952
7374,0.0126661057,0.0100944256
136,0.0000000000,0.0103234174
1420,0.0054455378,0.0083017149
1803,0.0073303903,0.0062256439
2256,0.0029275362,0.0086688379
5726,0.0149837046,0.0126305869
7232,0.0129405665,0.0053397632
7443,0.0118424407,0.0054032489
9873,0.0233771941,0.0000000000
249,0.0013293837,0.0252521962
1257,0.0013293837,0.0124938221
2162,0.0073083124,0.0087279425
3570,0.0186571661,0.0081255813
3831,0.0099328679,0.0051293431
3958,0.0227434458,0.0130208958
8545,0.0080006048,0.0016527824
138,0.0000000000,0.0111887524
1013,0.0029911253,0.0226775903
1361,0.0026907208,0.0053814314
3009,0.0139078008,0.0047252390
3962,0.0033529118,0.0062533151
4303,0.0082932974,0.0097723988
4604,0.0096450433,0.0098247174
5121,0.0050332649,0.0071195977
7674,0.0185832283,0.0045666055
8010,0.0144731553,0.0057949650
139,0.0000000000,0.0128724232
1526,0.0016853754,0.0231255394
1889,0.0072205149,0.0088479270
4212,0.0153088277,0.0110222842
4767,0.0060050507,0.0182704849
5403,0.0094225747,0.0009780667
5749,0.0199283709,0.0002512206
5769,0.0201510589,0.0063263187
6188,0.0074490723,0.0104310838
7517,0.0111451447,0.0068013996
140,0.0000000000,0.0162969629
393,0.0021337475,0.0235056301
621,0.0031724159,0.0212649818
1174,0.0088854636,0.0169332185
1892,0.0049058261,0.0201198963
2027,0.0083554856,0.0135733197
3555,0.0174993423,0.0067026642
4186,0.0053897940,0.0064866119
4253,0.0138823707,0.0152998157
4744,0.0127941192,0.0030335354
6343,0.0067945865,0.0016037197
7823,0.0170992622,0.0043771664
8362,0.0065679792,0.0022480920
9966,0.0127570862,0.0000000000
1097,0.0096008761,0.0193656315
1286,0.0043650772,0.0150726712
1745,0.0043650772,0.0020019369
2815,0.0075454936,0.0182917679
4016,0.0179754178,0.0075230036
5476,0.0080593471,0.0035264712
5850,0.0124010310,0.0024833198
6470,0.0194404554,0.0073797630
7004,0.0168734510,0.0033260534
7559,0.0189335525,0.0032300372
8250,0.0191720683,0.0000000000
8873,0.0157551176,0.0022665232
9205,0.0289025787,0.0000000000
9637,0.0121345711,0.0000000000
9833,0.0269195828,0.0000000000
142,0.0000000000,0.0164034539
359,0.0021476902,0.0151371423
2189,0.0069404497,0.0035799863
2570,0.0031946723,0.0149968039
3909,0.0067604780,0.0061201902
4093,0.0078296021,0.0059006775
4379,0.0084887768,0.0083105651
4691,0.0156159331,0.0068330968
4940,0.0062227113,0.0086140249
7980,0.0169559865,0.0074457981
8044,0.0095577010,0.0054850001
8290,0.0193182362,0.0058182256
9457,0.0142695613,0.0000000000
143,0.0000000000,0.0118902684
1046,0.0015567827,0.0116020378
5844,0.0066647042,0.0071543719
6614,0.0174783377,0.0053059119
7551,0.0148600183,0.0000000000
7875,0.0113894173,0.0039513131
9852,0.0249051281,0.0000000000
144,0.0000000000,0.0141857032
238,0.0048380744,0.0149418880
992,0.0028744236,0.0189503604
1350,0.0084235207,0.0174633232
2472,0.0046415280,0.0096673213
3905,0.0109387795,0.0049113146
4062,0.0114354162,0.0034331958
4494,0.0025248812,0.0103406755
5539,0.0118968335,0.0220684758
6460,0.0158360520,0.0099665529
8770,0.0210290881,0.0034629613
145,0.0000000000,0.0184051347
1616,0.0092979607,0.0070515984
2337,0.0024097686,0.0106026552
3686,0.0164302269,0.0076893196
5367,0.0088453110,0.0102543239
5868,0.0252112435,0.0071756917
6216,0.0108114484,0.0098844685
6367,0.0228660651,0.0067507347
7459,0.0144485498,0.0019951902
7923,0.0062786700,0.0017415525
8082,0.0042576088,0.0000000000
146,0.0000000000,0.0049830641
1242,0.0039382546,0.0029749254
2152,0.0006524283,0.0088456171
5970,0.0115667838,0.0127721446
6986,0.0057283765,0.0030063604
7123,0.0161733804,0.0044529526
147,0.0000000000,0.0174348542
916,0.0051217142,0.0132978719
3701,0.0047158457,0.0095426024
4619,0.0294633490,0.0122737895
4777,0.0150483220,0.0057678030
5429,0.0098589027,0.0043327390
5994,0.0126089482,0.0033799489
7183,0.0166724695,0.0049968936
7283,0.0082793126,0.0111945352
148,0.0000000000,0.0146154701
2349,0.0043096078,0.0078150682
3225,0.0086427920,0.0083261133
5123,0.0121859089,0.0016857206
6083,0.0158207991,0.0040255745
8050,0.0140117864,0.0021224469
9295,0.0059556976,0.0006769319
9702,0.0219220912,0.0014177462
149,0.0000000000,0.0169710954
2118,0.0043841591,0.0066849600
2619,0.0128593528,0.0039974491
2633,0.0108142951,0.0095751672
5454,0.0110640667,0.0044366027
5490,0.0062752599,0.0055819155
6760,0.0087288347,0.0077704078
8097,0.0273503453,0.0031368334
8473,0.0204411809,0.0020112494
150,0.0000000000,0.0074457469
662,0.0032756276,0.0069274263
1755,0.0046033289,0.0287667773
2218,0.0054837466,0.0116500690
2311,0.0086770747,0.0215161659
4748,0.0077497986,0.0076884516
7345,0.0166840314,0.0000000000
8193,0.0103948806,0.0127501851
151,0.0000000000,0.0134832503
1503,0.0088447777,0.0135728605
3032,0.0070216318,0.0068839109
3474,0.0062843721,0.0065866886
4462,0.0056735077,0.0207912586
5245,0.0084606532,0.0187694330
8991,0.0111574601,0.0010934153
9154,0.0062950971,0.0000000000
9344,0.0184080505,0.0000000000
9686,0.0214103773,0.0000000000
152,0.0000000000,0.0164721984
1521,0.0062982623,0.0156933986
3487,0.0085566687,0.0066284161
3920,0.0061410418,0.0038969056
5020,0.0154710520,0.0044077976
5239,0.0139566197,0.0000000000
6821,0.0107848278,0.0070389798
6874,0.0084363220,0.0016734586
7554,0.0082639168,0.0051112912
8000,0.0233044170,0.0008602243
8270,0.0112872268,0.0063995379
8314,0.0133096243,0.0016376862
153,0.0000000000,0.0124672438
1506,0.0098336082,0.0121870007
1716,0.0031247171,0.0082706057
1724,0.0027930368,0.0105917625
2767,0.0091832328,0.0160186056
3149,0.0051185327,0.0071881484
6461,0.0287509406,0.0106172238
6565,0.0116613782,0.0064434403
7697,0.0032172725,0.0013919881
9318,0.0135116512,0.0022665232
154,0.0000000000,0.0276314012
2550,0.0102204046,0.0123218149
2999,0.0085750421,0.0228865708
3543,0.0176668944,0.0135901475
3601,0.0042424575,0.0110189493
4788,0.0125312798,0.0077552400
7116,0.0114108432,0.0009044527
7237,0.0170002317,0.0028431974
8037,0.0100275494,0.0044043893
8644,0.0195548504,0.0000000000
8704,0.0154306753,0.0039460032
8947,0.0231261921,0.0030789275
9484,0.0271334988,0.0021191482
9898,0.0130917466,0.0000000000
155,0.0000000000,0.0038549004
1544,0.0005047188,0.0226625927
4327,0.0090102337,0.0051351032
6256,0.0119154199,0.0080498758
6535,0.0080122613,0.0039176848
156,0.0000000000,0.0166714413
1167,0.0093993976,0.0075679986
1857,0.0055313714,0.0060443616
2403,0.0041462926,0.0028391472
3057,0.0068216605,0.0168211481
3119,0.0080635454,0.0027673178
3237,0.0145793975,0.0040869175
4222,0.0079163028,0.0128106763
7877,0.0117239656,0.0021871335
7940,0.0179603113,0.0087743935
8389,0.0067404860,0.0000000000
9563,0.0260514955,0.0000000000
157,0.0000000000,0.0141875723
1529,0.0018575668,0.0179326253
2959,0.0029906088,0.0125230740
4927,0.0137329725,0.0143019293
6991,0.0128750572,0.0055200247
7083,0.0115604823,0.0032137918
9578,0.0051992196,0.0000000000
9598,0.0185137924,0.0000000000
9714,0.0185653868,0.0000000000
158,0.0000000000,0.0117829634
1162,0.0025634960,0.0117296321
1437,0.0015427334,0.0329990373
1825,0.0066208415,0.0076196023
2286,0.0060043510,0.0070225242
3998,0.0127970882,0.0112794706
9230,0.0136991918,0.0000000000
9505,0.0080379004,0.0000000000
9595,0.0194948446,0.0000000000
159,0.0000000000,0.0294759864
1054,0.0038592658,0.0192754384
3861,0.0169130084,0.0096953172
4621,0.0173614555,0.0156365176
4667,0.0162220909,0.0060685993
5147,0.0086268438,0.0098926365
5774,0.0200092632,0.0165690340
6384,0.0104646509,0.0039567232
7469,0.0150765401,0.0050091120
7556,0.0170037093,0.0031201024
7794,0.0116448123,0.0088885388
8333,0.0082885999,0.0000000000
8836,0.0160265298,0.0020396289
8941,0.0143428205,0.0021866406
160,0.0000000000,0.0054720402
346,0.0007164496,0.0105051851
875,0.0007164496,0.0298174742
1569,0.0031976041,0.0063344311
1709,0.0052674027,0.0060192406
2446,0.0007164496,0.0138415990
2552,0.0011961468,0.0122342935
2848,0.0043353784,0.0115417681
4766,0.0070983271,0.0144529979
7132,0.0185497099,0.0082905750
161,0.0000000000,0.0200457921
1604,0.0071360112,0.0095191947
1752,0.0076427650,0.0127335867
3306,0.0055285460,0.0058551150
3422,0.0069349807,0.0110511258
4246,0.0035350187,0.0075766923
4786,0.0168872952,0.0106448427
6099,0.0163312238,0.0089717551
6907,0.0098837646,0.0064978547
7155,0.0161515762,0.0044231888
8237,0.0303448409,0.0026027422
162,0.0000000000,0.0156752180
639,0.0058216079,0.0198474736
969,0.0020523429,0.0051387065
1730,0.0020523429,0.0119611923
2303,0.0034374108,0.0034277953
3023,0.0057370172,0.0057186362
3667,0.0055593188,0.0050768319
4069,0.0075424174,0.0083906802
4633,0.0070720528,0.0105674896
6444,0.0165429446,0.0025594361
7288,0.0116651160,0.0020674213
7978,0.0221079067,0.0035525686
8320,0.0121420425,0.0022969437
163,0.0000000000,0.0323061366
1043,0.0042298150,0.0154328684
1820,0.0042298150,0.0071639421
1879,0.0080284974,0.0115907898
2326,0.0064289697,0.0056677854
3051,0.0065449008,0.0030452275
3784,0.0080052551,0.0067581323
3908,0.0116007348,0.0107214604
4357,0.0101028562,0.0058657667
4884,0.0156081978,0.0051836423
6915,0.0129124965,0.0063155824
6925,0.0238007010,0.0049530944
8071,0.0170673392,0.0120908226
8509,0.0130845193,0.0019435407
8563,0.0184600136,0.0011638334
9690,0.0245553181,0.0000000000
164,0.0000000000,0.0144817384
3873,0.0074604945,0.0076291685
4492,0.0055807889,0.0022568693
5795,0.0133707432,0.0058929534
5925,0.0070759310,0.0074375885
7654,0.0179709638,0.0000000000
8178,0.0124133432,0.0071795354
8228,0.0089760299,0.0000000000
9195,0.0140627020,0.0006723671
9662,0.0236964164,0.0000000000
165,0.0000000000,0.0132641062
1275,0.0026281977,0.0079405151
3450,0.0171745851,0.0236106067
3498,0.0107681199,0.0074726521
3898,0.0080501119,0.0104282030
5487,0.0143471434,0.0055339374
5911,0.0179618779,0.0125604801
7293,0.0137561400,0.0034030889
7861,0.0166213098,0.0009083947
166,0.0000000000,0.0178901833
651,0.0023423465,0.0048384811
1737,0.0037938201,0.0196967716
4514,0.0172822733,0.0241416625
6125,0.0103438582,0.0123698568
9201,0.0211661823,0.0013362004
9946,0.0362291721,0.0000000000
167,0.0000000000,0.0163821306
1098,0.0033198098,0.0112406284
1345,0.0021448984,0.0145197147
1921,0.0056398824,0.0054467660
2336,0.0033099754,0.0186568296
3311,0.0090138876,0.0057897417
3643,0.0042834905,0.0116658743
4807,0.0035563664,0.0054975719
5065,0.0084391985,0.0130959822
5567,0.0148974964,0.0096210858
5628,0.0068118589,0.0019262470
6698,0.0142240532,0.0052887854
7076,0.0051276281,0.0005591883
8694,0.0173921084,0.0005178369
9269,0.0178382795,0.0026063111
168,0.0000000000,0.0063176768
931,0.0008271680,0.0122702608
3942,0.0061364030,0.0061231334
4245,0.0172778733,0.0072201509
6201,0.0079670334,0.0093621487
7325,0.0160441552,0.0033248685
169,0.0000000000,0.0138882989
1197,0.0018183831,0.0050775489
1281,0.0046475248,0.0155483789
2499,0.0057115771,0.0160815849
2752,0.0034466284,0.0135065289
3752,0.0051419560,0.0112274843
4381,0.0081582527,0.0082148282
4540,0.0121130462,0.0065172614
5006,0.0098515808,0.0003974111
6312,0.0136794514,0.0026246907
8720,0.0107314234,0.0030204437
8995,0.0128668342,0.0048478821
9312,0.0063782123,0.0000000000
9671,0.0115300334,0.0020095159
170,0.0000000000,0.0162970411
823,0.0060456047,0.0074676160
1388,0.0091696678,0.0166666079
3099,0.0073854870,0.0103711985
3439,0.0074456615,0.0112992546
4386,0.0087314683,0.0115450774
4776,0.0109518383,0.0066176320
6315,0.0185675659,0.0008599400
6322,0.0055627456,0.0061257988
6397,0.0053109436,0.0023402449
7499,0.0115705433,0.0030650794
8463,0.0098233279,0.0045080693
8858,0.0063611166,0.0010469599
9782,0.0102379075,0.0016880906
171,0.0000000000,0.0208392532
446,0.0027284657,0.0077683358
567,0.0046836515,0.0117978342
1509,0.0105416843,0.0084421346
1675,0.0030062189,0.0065063079
2072,0.0088457319,0.0079799218
2587,0.0085292393,0.0061478846
2891,0.0091594882,0.0107791278
3207,0.0169724695,0.0214508060
3990,0.0054352892,0.0115390929
4888,0.0156575601,0.0153874065
5575,0.0086332883,0.0056714484
6362,0.0150941268,0.0075278828
9208,0.0187953360,0.0018472964
172,0.0000000000,0.0154765555
607,0.0020263322,0.0148288953
5226,0.0060065709,0.0065436810
5826,0.0214534163,0.0039548054
6056,0.0067553400,0.0107947376
6517,0.0056927076,0.0031433892
7471,0.0148407426,0.0031645710
8365,0.0162548048,0.0000000000
8880,0.0156847623,0.0034297616
9674,0.0090296573,0.0009684342
9849,0.0159193178,0.0000000000
173,0.0000000000,0.0104506653
526,0.0013682967,0.0119312395
2448,0.0080083348,0.0090799332
3812,0.0076894965,0.0024239916
7867,0.0164598983,0.0052549423
8126,0.0055969394,0.0041178774
8633,0.0155075634,0.0027830648
9685,0.0146870881,0.0000000000
174,0.0000000000,0.0227661481
822,0.0046207507,0.0161984135
2030,0.0099139759,0.0082924929
2519,0.0083029245,0.0073424083
3972,0.0116815709,0.0042058940
4081,0.0108885096,0.0109467929
4677,0.0147432656,0.0056390816
4909,0.0192627452,0.0047644662
8447,0.0304660485,0.0018841663
9212,0.0331796102,0.0035424796
209,0.0010976479,0.0107940899
1488,0.0031648715,0.0100636775
3911,0.0068201067,0.0500391180
5159,0.0092505495,0.0033948536
6356,0.0066002671,0.0026249220
7475,0.0113428956,0.0064549007
7546,0.0049773231,0.0114085659
7962,0.0087498443,0.0091507493
790,0.0098689108,0.0127006631
1318,0.0024360095,0.0120824140
2355,0.0056167936,0.0103250276
2453,0.0029636729,0.0075662048
6466,0.0102356245,0.0010410325
8939,0.0215470532,0.0000000000
177,0.0000000000,0.0192575540
612,0.0040660555,0.0093322834
2762,0.0101552866,0.0155685559
2952,0.0054320137,0.0107444578
3553,0.0094894154,0.0124375625
5249,0.0173943835,0.0063349167
5586,0.0098899983,0.0024910391
6037,0.0195514698,0.0029381405
6581,0.0143219923,0.0024288551
7611,0.0109648072,0.0032104025
9160,0.0219746510,0.0000000000
9246,0.0041147896,0.0021060367
178,0.0000000000,0.0062371153
8768,0.0173611031,0.0037761377
179,0.0000000000,0.0178871078
218,0.0023419438,0.0200846898
566,0.0023419438,0.0118638275
3257,0.0023419438,0.0167803700
4091,0.0090542072,0.0078001238
4335,0.0123796218,0.0068327159
4378,0.0135348628,0.0084864455
5143,0.0115125774,0.0008162025
6955,0.0154624687,0.0034418637
9262,0.0086888297,0.0021159088
9964,0.0143615944,0.0000000000
9977,0.0159823535,0.0000000000
180,0.0000000000,0.0118800297
1305,0.0034546891,0.0116943184
1587,0.0075749894,0.0201271256
2204,0.0033061257,0.0146763988
4468,0.0113718413,0.0099487849
4530,0.0045020778,0.0100242662
4795,0.0090103135,0.0032731770
5380,0.0118568405,0.0098137438
9375,0.0177598005,0.0014931890
340,0.0011873671,0.0128558352
389,0.0011873671,0.0166516288
1135,0.0011873671,0.0109178758
1722,0.0048858528,0.0126978163
2290,0.0046043224,0.0131627976
2475,0.0011873671,0.0170999875
4021,0.0091480598,0.0049364009
4498,0.0050676719,0.0101044733
5183,0.0066979689,0.0019517794
5626,0.0166372909,0.0034032314
9804,0.0100886611,0.0000000000
182,0.0000000000,0.0097942708
1180,0.0012823555,0.0128101603
8983,0.0173303183,0.0014227923
9548,0.0091545911,0.0000000000
183,0.0000000000,0.0150514234
3426,0.0044667547,0.0020783199
4203,0.0073519938,0.0027712709
4504,0.0116480296,0.0115857295
6768,0.0049730567,0.0069731873
7272,0.0140117543,0.0018947013
7409,0.0091184483,0.0018712623
8145,0.0151454405,0.0077285412
8905,0.0264370501,0.0007966048
9820,0.0218059772,0.0000000000
184,0.0000000000,0.0067820559
1024,0.0045258612,0.0094469694
4414,0.0098200031,0.0113801161
185,0.0000000000,0.0058767084
391,0.0030866582,0.0125534234
1649,0.0019134886,0.0110533421
1694,0.0007694324,0.0101142950
1939,0.0007694324,0.0039106258
3274,0.0039150675,0.0109468447
7768,0.0086171220,0.0050759759
1131,0.0036320316,0.0069281526
3516,0.0116158672,0.0257744045
5194,0.0211986600,0.0098778700
5879,0.0150417212,0.0064845128
7180,0.0071540662,0.0043451726
8302,0.0160885215,0.0030712813
8601,0.0118833172,0.0000000000
9004,0.0068854121,0.0018758865
9051,0.0135700159,0.0024307512
9719,0.0164542412,0.0000000000
187,0.0000000000,0.0107095576
240,0.0014021933,0.0090254533
1040,0.0014021933,0.0124271221
1137,0.0014021933,0.0228649110
4429,0.0122155719,0.0098211405
5032,0.0065474980,0.0114054107
5984,0.0117266848,0.0059780853
7508,0.0157953852,0.0055634275
188,0.0000000000,0.0072515585
629,0.0009494404,0.0144685928
763,0.0009494404,0.0131979927
3297,0.0064986688,0.0080399178
3305,0.0139420514,0.0064372496
4291,0.0083325236,0.0055322966
4642,0.0033581364,0.0084745829
5686,0.0106471727,0.0119259493
5702,0.0107079347,0.0056947988
189,0.0000000000,0.0082899576
4749,0.0095964497,0.0008532304
6040,0.0048689782,0.0092642959
9317,0.0091787942,0.0000000000
190,0.0000000000,0.0208300449
2563,0.0042104990,0.0264956446
3026,0.0124666139,0.0126963888
3134,0.0089099814,0.0146997247
3984,0.0073808149,0.0072495690
6385,0.0086546127,0.0043412268
7236,0.0130037237,0.0000000000
8063,0.0134702922,0.0056231827
8638,0.0141523019,0.0000000000
8975,0.0183611783,0.0000000000
9305,0.0159932770,0.0018649767
9709,0.0146086508,0.0000000000
9903,0.0053044216,0.0000000000
191,0.0000000000,0.0132888547
2618,0.0082448811,0.0193465481
3124,0.0056148306,0.0166678394
3501,0.0086619265,0.0106065009
6236,0.0122441275,0.0066691627
8200,0.0168531843,0.0015476544
8569,0.0104556685,0.0101459450
8896,0.0282895870,0.0064395113
192,0.0000000000,0.0085620656
729,0.0011210240,0.0137167315
821,0.0011210240,0.0112005950
5978,0.0161037956,0.0060884242
6482,0.0025397763,0.0050118385
7789,0.0220970900,0.0000000000
9039,0.0093750149,0.0000000000
9225,0.0130369549,0.0041243057
193,0.0000000000,0.0085466998
1366,0.0026476637,0.0081454864
2240,0.0017441853,0.0185250554
2613,0.0069329837,0.0108889835
4434,0.0153284403,0.0036183479
5654,0.0093178325,0.0100363167
194,0.0000000000,0.0250838584
1021,0.0096425295,0.0118592985
1453,0.0032842082,0.0029579249
1483,0.0091538093,0.0130200054
1769,0.0090880153,0.0099741545
1835,0.0104227185,0.0192262176
2153,0.0043067953,0.0110162314
2533,0.0048529760,0.0019611689
3121,0.0142087857,0.0073082688
6209,0.0154674600,0.0104698429
7442,0.0179049868,0.0030743077
9113,0.0123330979,0.0040975488
195,0.0000000000,0.0103016010
213,0.0013487798,0.0180053550
1185,0.0052003461,0.0041850151
3350,0.0135208500,0.0043008383
4739,0.0057898112,0.0135586105
5371,0.0074914272,0.0059100432
5711,0.0069891268,0.0019175026
5828,0.0113850685,0.0044932536
8565,0.0082038469,0.0047224384
8885,0.0081151587,0.0032925473
196,0.0000000000,0.0045291020
280,0.0005929915,0.0095548470
1326,0.0005929915,0.0211969341
1564,0.0032592718,0.0099384836
4702,0.0092544287,0.0070123039
5116,0.0036645240,0.0156161560
7640,0.0070241718,0.0000000000
234,0.0009048022,0.0041470869
2114,0.0039954555,0.0208060024
2364,0.0040356938,0.0107249253
5188,0.0054769895,0.0035259453
5666,0.0056564623,0.0085166797
5985,0.0062339205,0.0056213371
6158,0.0025355303,0.0063696535
6532,0.0127065455,0.0032275009
7200,0.0112359830,0.0119044276
198,0.0000000000,0.0148646902
1726,0.0053433313,0.0084867985
2365,0.0067480571,0.0210240168
3267,0.0178129462,0.0175764353
4865,0.0144197198,0.0040700440
5011,0.0126708020,0.0075729151
5362,0.0089367997,0.0100068840
7531,0.0160653118,0.0114923723
7607,0.0128497764,0.0012850594
9054,0.0158479320,0.0020565815
199,0.0000000000,0.0141484575
2281,0.0049300176,0.0035233222
2911,0.0018524455,0.0189908255
5222,0.0077984546,0.0062382570
5980,0.0066327591,0.0053124819
6039,0.0120475979,0.0056167845
7138,0.0045476738,0.0030764289
8096,0.0062918784,0.0018712408
8795,0.0150659073,0.0041045527
9186,0.0269851458,0.0000000000
200,0.0000000000,0.0120753232
1612,0.0015810118,0.0092757189
2994,0.0043973833,0.0127474453
4841,0.0049589874,0.0106314393
5339,0.0108219435,0.0047658074
7058,0.0232239823,0.0060851141
8766,0.0094145939,0.0000000000
8802,0.0219463061,0.0060673181
201,0.0000000000,0.0094570341
723,0.0012382014,0.0215525458
740,0.0012382014,0.0240755483
2161,0.0049896841,0.0095585204
2235,0.0030463537,0.0151779606
3933,0.0040738421,0.0065893319
4117,0.0061108879,0.0097648951
4641,0.0043326904,0.0137009507
5545,0.0199248381,0.0034323093
6038,0.0107324981,0.0089975798
202,0.0000000000,0.0200288960
1231,0.0042219092,0.0268849973
2693,0.0170255084,0.0196086167
3060,0.0052933222,0.0101594484
3175,0.0121114320,0.0055098793
3178,0.0129277948,0.0108423665
3438,0.0178650576,0.0069780797
6972,0.0099518542,0.0075233508
8233,0.0246584147,0.0035286101
8700,0.0103732254,0.0048498916
9331,0.0036090747,0.0000000000
9441,0.0122993034,0.0016296985
9770,0.0226380720,0.0000000000
203,0.0000000000,0.0087869949
3842,0.0060981014,0.0046645792
5803,0.0183878324,0.0045040423
5836,0.0059716097,0.0024541971
6878,0.0089081002,0.0043366607
8862,0.0129162904,0.0010128344
1068,0.0006163155,0.0137414713
3479,0.0044159366,0.0009502009
3554,0.0120081407,0.0157574791
3621,0.0061777585,0.0033178893
9249,0.0082733536,0.0010363628
205,0.0000000000,0.0143418290
4651,0.0176480805,0.0098365220
6204,0.0082148618,0.0120221074
6744,0.0151727505,0.0088772767
6772,0.0040662454,0.0065055912
8713,0.0155091899,0.0100634020
206,0.0000000000,0.0035488215
380,0.0025087075,0.0103636973
1464,0.0004646442,0.0147656483
4022,0.0074007557,0.0100750014
4367,0.0053656061,0.0086072326
6620,0.0113651800,0.0020920604
207,0.0000000000,0.0048378421
1385,0.0020531628,0.0145312616
1498,0.0045859491,0.0128166682
3550,0.0121120910,0.0188854977
7798,0.0076712958,0.0021871335
9931,0.0105275602,0.0000000000
208,0.0000000000,0.0175725750
1466,0.0023007623,0.0099135761
2608,0.0089017371,0.0169862437
2726,0.0042223307,0.0009262094
2821,0.0043015512,0.0129306931
3854,0.0070568100,0.0060001352
3894,0.0071588953,0.0164424607
4774,0.0094141840,0.0098741778
5528,0.0080208727,0.0014276553
7771,0.0101611261,0.0038989034
8186,0.0211162085,0.0000000000
9772,0.0195295079,0.0014787098
1426,0.0014132610,0.0158529414
2039,0.0038290477,0.0116978921
2227,0.0052968669,0.0155258684
2603,0.0051083115,0.0188344828
3028,0.0014132610,0.0087593886
6484,0.0037815015,0.0059064189
6675,0.0183858619,0.0079809005
6729,0.0116643279,0.0084233578
9780,0.0116828307,0.0000000000
1108,0.0049689443,0.0021214008
4027,0.0042518699,0.0041795066
4441,0.0090655851,0.0068997396
4946,0.0029151043,0.0041421981
9294,0.0143079242,0.0000000000
211,0.0000000000,0.0231878756
1431,0.0030359688,0.0109458720
2139,0.0042265112,0.0172025119
2604,0.0030359688,0.0155775766
4028,0.0093334926,0.0048963663
5859,0.0173057659,0.0039998917
6548,0.0184364107,0.0060817820
7707,0.0318607645,0.0005591883
8284,0.0107400929,0.0063782147
9032,0.0072026726,0.0000000000
9231,0.0124434791,0.0019800525
9261,0.0216835969,0.0009569633
9878,0.0191641468,0.0000000000
212,0.0000000000,0.0089043498
490,0.0011658389,0.0105281213
813,0.0011658389,0.0134224130
1181,0.0036117561,0.0107632710
1593,0.0011658389,0.0062823131
1736,0.0011658389,0.0089999133
1929,0.0054531563,0.0060486432
8387,0.0177899892,0.0036965726
8722,0.0108543207,0.0005479311
9449,0.0132370307,0.0090726173
9803,0.0123993055,0.0000000000
837,0.0023574258,0.0151938189
3737,0.0063398134,0.0022860555
3777,0.0082938860,0.0099310887
4502,0.0127526220,0.0057093455
5510,0.0099220899,0.0077504298
6019,0.0094068589,0.0030038029
6029,0.0079082339,0.0086646652
7306,0.0057450185,0.0000000000
7727,0.0120920265,0.0016734586
9094,0.0353956853,0.0000000000
9675,0.0202687180,0.0000000000
214,0.0000000000,0.0255756174
773,0.0033485938,0.0036256806
1797,0.0097672829,0.0118437943
1861,0.0048538265,0.0134146429
3437,0.0107351787,0.0065337760
5683,0.0134200047,0.0053412093
6624,0.0118667052,0.0108838883
8296,0.0115626507,0.0028755125
8485,0.0179161988,0.0061990558
9110,0.0237522375,0.0044803358
9635,0.0197798081,0.0000000000
9661,0.0219828953,0.0000000000
1668,0.0025528649,0.0111277977
2730,0.0058014493,0.0131719201
5457,0.0116511302,0.0054951850
8106,0.0152376174,0.0036136734
8727,0.0089024802,0.0019314517
8971,0.0124246032,0.0050487311
9293,0.0161601985,0.0000000000
1823,0.0077465280,0.0142147569
2654,0.0112518248,0.0079667528
2741,0.0098736607,0.0078035083
3668,0.0050422755,0.0118882218
4197,0.0144929563,0.0045194208
7577,0.0050294898,0.0013417811
9066,0.0152387018,0.0028992627
9161,0.0090471053,0.0000000000
9794,0.0124788730,0.0000000000
217,0.0000000000,0.0291455289
1023,0.0038159993,0.0146359206
1852,0.0038159993,0.0066149970
2201,0.0099426053,0.0077743472
3708,0.0150538521,0.0082380095
3729,0.0089430872,0.0064230547
4993,0.0201213214,0.0077346697
5049,0.0133577440,0.0094979611
5486,0.0150715406,0.0182237596
6194,0.0091668351,0.0048932213
6264,0.0221159827,0.0057953894
6589,0.0130294797,0.0086926145
7389,0.0136738542,0.0019099807
9914,0.0245382726,0.0000000000
1341,0.0026296713,0.0147457540
4680,0.0222755622,0.0137167542
5221,0.0097482683,0.0095730297
5247,0.0059637833,0.0129318969
6990,0.0148053406,0.0051269461
7692,0.0140942937,0.0000000000
8147,0.0127732105,0.0027468356
8763,0.0182613746,0.0000000000
9704,0.0183696922,0.0000000000
9927,0.0261955562,0.0000000000
219,0.0000000000,0.0145209307
491,0.0019012131,0.0054489357
1384,0.0019012131,0.0084225645
2739,0.0065936994,0.0040822614
3246,0.0032094393,0.0102727911
4187,0.0135284237,0.0038370678
6151,0.0206028870,0.0010806440
7776,0.0136472522,0.0000000000
8103,0.0143033551,0.0023246983
8834,0.0129008947,0.0026496979
9652,0.0090537414,0.0000000000
220,0.0000000000,0.0081523975
2388,0.0030148780,0.0082742027
4236,0.0052855459,0.0045361693
4408,0.0057750923,0.0022617883
6261,0.0139204468,0.0038560970
8494,0.0089950223,0.0000000000
9063,0.0065843546,0.0033257720
9733,0.0108283510,0.0000000000
221,0.0000000000,0.0115484142
636,0.0029756446,0.0216081880
1507,0.0027208136,0.0207107727
2245,0.0042615888,0.0234144515
5537,0.0125142515,0.0156499071
5999,0.0116849738,0.0035712380
7446,0.0215757800,0.0048546140
222,0.0000000000,0.0102012559
648,0.0013356417,0.0080088587
6976,0.0129186916,0.0084750372
7716,0.0156504009,0.0056083985
9321,0.0118143237,0.0021856445
9456,0.0114471621,0.0000000000
1934,0.0049049201,0.0068229115
2011,0.0050950540,0.0149798245
3313,0.0061566567,0.0066683496
4214,0.0129892966,0.0088291933
4363,0.0076820010,0.0076709819
5779,0.0103277286,0.0071495622
8677,0.0139433168,0.0000000000
8840,0.0110729338,0.0040872339
8848,0.0298602863,0.0011822456
224,0.0000000000,0.0194609083
1045,0.0036690978,0.0101316769
2412,0.0077804507,0.0178876422
2711,0.0074506934,0.0116091569
2878,0.0025480001,0.0074173875
4579,0.0104110351,0.0018637900
5138,0.0082142060,0.0024123686
6639,0.0064338769,0.0035251209
7005,0.0144526291,0.0030214181
225,0.0000000000,0.0100875668
532,0.0013207565,0.0090431846
902,0.0013207565,0.0044547685
1114,0.0022160284,0.0177843424
1301,0.0013207565,0.0095335701
1560,0.0093065852,0.0131039626
2542,0.0050976884,0.0106895435
2932,0.0061337217,0.0100735089
3798,0.0081452155,0.0119290122
9228,0.0185777780,0.0000000000
9547,0.0113013670,0.0000000000
226,0.0000000000,0.0248361011
1274,0.0044347798,0.0088366935
2600,0.0088219808,0.0078269312
2630,0.0041454003,0.0136320522
4215,0.0153862047,0.0058624468
4675,0.0047286339,0.0052086886
4800,0.0157189160,0.0163813569
5507,0.0198729481,0.0063210592
7136,0.0102851838,0.0019327354
7265,0.0216272929,0.0000000000
7330,0.0197559622,0.0070737146
8368,0.0128614942,0.0000000000
9627,0.0194307150,0.0000000000
227,0.0000000000,0.0134094035
1015,0.0120424223,0.0109592381
1035,0.0032843333,0.0068949089
2501,0.0088675655,0.0102864488
3415,0.0052927699,0.0093240764
6032,0.0075647516,0.0030818820
7309,0.0120420506,0.0083650158
8815,0.0104587621,0.0012595762
228,0.0000000000,0.0234687010
1280,0.0053584987,0.0069625398
5468,0.0128204677,0.0011134541
6031,0.0153973795,0.0086389209
8013,0.0193446067,0.0066470885
9389,0.0175634349,0.0019739039
9428,0.0146441905,0.0000000000
9630,0.0221009545,0.0000000000
229,0.0000000000,0.0081617954
503,0.0010686169,0.0042449555
2592,0.0010686169,0.0076943064
4278,0.0089399338,0.0036172314
5066,0.0063832090,0.0056223492
9176,0.0079028000,0.0000000000
9974,0.0281855221,0.0000000000
230,0.0000000000,0.0100137834
4092,0.0177079447,0.0080009051
7355,0.0143238090,0.0015934306
8446,0.0137880683,0.0072141818
9382,0.0126664459,0.0022898492
231,0.0000000000,0.0042681096
785,0.0005588200,0.0104926419
4868,0.0096360956,0.0071422944
7632,0.0085751790,0.0026347514
232,0.0000000000,0.0141270922
288,0.0018496481,0.0157741324
1336,0.0018496481,0.0154644805
1622,0.0046863628,0.0031929237
4297,0.0067456483,0.0115576490
6585,0.0134584366,0.0106960634
7602,0.0128085652,0.0034810649
7921,0.0120159543,0.0013926842
8167,0.0178964029,0.0057858919
9035,0.0212018378,0.0017936241
233,0.0000000000,0.0079330575
892,0.0010386685,0.0135046359
1074,0.0010386685,0.0086600224
2106,0.0057567829,0.0120454533
3337,0.0130499868,0.0040732850
4079,0.0061011304,0.0082786752
7836,0.0118481017,0.0056512193
8961,0.0028221275,0.0021872808
1221,0.0023716714,0.0273576096
1520,0.0005429746,0.0090219145
2127,0.0042239596,0.0353808651
6497,0.0077627531,0.0058409018
7961,0.0075259038,0.0031950253
394,0.0029619269,0.0176723187
571,0.0020395253,0.0132872024
1923,0.0104768599,0.0086178827
2420,0.0043060332,0.0122323849
3876,0.0131723757,0.0132346263
5330,0.0020395253,0.0163947055
7362,0.0118109280,0.0015126095
7722,0.0128235494,0.0057749121
7914,0.0128696818,0.0013984535
9345,0.0114371744,0.0022995668
9633,0.0180650704,0.0000000000
236,0.0000000000,0.0093875333
237,0.0012291017,0.0253572984
836,0.0031887800,0.0112706538
1399,0.0031612320,0.0117032937
3989,0.0094422991,0.0059940767
5712,0.0163602232,0.0085934380
6368,0.0082519204,0.0059301495
8331,0.0142113498,0.0011414836
9016,0.0058946827,0.0083882541
9199,0.0099597154,0.0000000000
259,0.0033200095,0.0233330426
2408,0.0071057479,0.0028589022
5504,0.0053945400,0.0087810898
6436,0.0087169149,0.0031859685
6680,0.0155358885,0.0030728931
6911,0.0182201118,0.0044461316
6964,0.0305349881,0.0063398178
7967,0.0258217856,0.0041526122
8607,0.0136811263,0.0035898449
9302,0.0131788789,0.0016898313
9404,0.0209971673,0.0028970197
9951,0.0148333893,0.0000000000
2392,0.0086059024,0.0082736663
6349,0.0156039901,0.0026607623
7055,0.0146717425,0.0077561927
7678,0.0088903872,0.0051031947
8551,0.0125872555,0.0048719349
8788,0.0072899090,0.0010970847
9341,0.0200207726,0.0007902079
1244,0.0029316884,0.0319797997
2217,0.0047079575,0.0091298380
2402,0.0040005204,0.0069437327
2940,0.0117009885,0.0032728134
4487,0.0066061784,0.0069311584
7077,0.0055853766,0.0102697886
8318,0.0117142617,0.0107516038
8683,0.0099629591,0.0016636623
702,0.0036276121,0.0171810932
3261,0.0057992374,0.0035588220
4791,0.0099518032,0.0061337702
4859,0.0059373899,0.0098567981
4913,0.0131092337,0.0096591353
5018,0.0130074849,0.0137138233
9641,0.0101003701,0.0000000000
241,0.0000000000,0.0069377154
620,0.0032625182,0.0119626736
1918,0.0009083492,0.0122650438
5892,0.0039686296,0.0008736690
7321,0.0145766862,0.0008828444
7734,0.0150448173,0.0104522718
242,0.0000000000,0.0158442086
829,0.0039335787,0.0086914395
912,0.0036843385,0.0050703393
3462,0.0053177868,0.0134815923
6441,0.0082304135,0.0079217577
6448,0.0116788632,0.0058370289
7572,0.0197992896,0.0131158459
8517,0.0209035027,0.0008953004
9776,0.0046975456,0.0000000000
9854,0.0101365417,0.0000000000
243,0.0000000000,0.0189340905
961,0.0024790243,0.0246382738
2220,0.0033742962,0.0137338171
4307,0.0098560883,0.0063046464
6223,0.0095780506,0.0070572964
6407,0.0151410476,0.0080714166
6734,0.0274019741,0.0053078562
6793,0.0207642063,0.0112422125
7037,0.0084470453,0.0020258164
9906,0.0183077592,0.0000000000
244,0.0000000000,0.0087903931
675,0.0011509187,0.0104766114
937,0.0049747698,0.0217962414
5424,0.0045930495,0.0072965293
7152,0.0095201554,0.0146339844
9117,0.0095203336,0.0017494351
449,0.0019680846,0.0138372187
3343,0.0049957092,0.0222793021
3832,0.0060236243,0.0083228402
4416,0.0043738048,0.0063077454
4883,0.0162400719,0.0027534108
5673,0.0064432933,0.0075093929
6396,0.0084677281,0.0046463520
6443,0.0087787893,0.0075693204
6570,0.0103545976,0.0059428618
6645,0.0091427315,0.0112554914
6870,0.0083085847,0.0067639587
8520,0.0163529408,0.0009069711
246,0.0000000000,0.0060681477
2683,0.0022433556,0.0079028097
2895,0.0021873815,0.0099513827
5619,0.0101246263,0.0039220374
5678,0.0062052062,0.0076709060
8215,0.0117038612,0.0000000000
247,0.0000000000,0.0096430282
2900,0.0091170921,0.0201409221
3569,0.0048716272,0.0122768075
5041,0.0142388301,0.0046531216
6197,0.0241119464,0.0051123877
6335,0.0070258977,0.0020085901
7285,0.0055266644,0.0000000000
9952,0.0087586592,0.0000000000
248,0.0000000000,0.0120418253
1268,0.0015766259,0.0170239297
1742,0.0083723342,0.0143754399
4866,0.0085447677,0.0095429869
9682,0.0101839948,0.0000000000
9970,0.0133191705,0.0000000000
630,0.0043743142,0.0081877138
1531,0.0033062485,0.0048352917
2306,0.0045544708,0.0121602043
4108,0.0054111135,0.0024373284
4320,0.0159853906,0.0216843933
4605,0.0079577298,0.0040254856
5189,0.0125636816,0.0095988960
5428,0.0114791546,0.0127808278
6141,0.0190049349,0.0050272810
7369,0.0151441192,0.0008890161
7708,0.0161780640,0.0015251981
9072,0.0152840326,0.0000000000
9524,0.0161124297,0.0040025905
250,0.0000000000,0.0143771365
1405,0.0070006441,0.0106450324
1816,0.0039118570,0.0070214385
2989,0.0097452642,0.0072642271
3612,0.0030076290,0.0101444068
3658,0.0074742560,0.0199618819
7915,0.0202106816,0.0046680601
8951,0.0201032226,0.0000000000
251,0.0000000000,0.0067439830
1319,0.0066965049,0.0029280791
1977,0.0031424500,0.0069494151
2187,0.0023313891,0.0163877442
4673,0.0114822113,0.0118843068
4820,0.0087241049,0.0080103042
9646,0.0097186587,0.0000000000
252,0.0000000000,0.0139769952
2157,0.0088225867,0.0177194007
4551,0.0047577312,0.0119434978
4731,0.0018299961,0.0203697588
6807,0.0218551338,0.0008328557
6897,0.0096119055,0.0079625565
7243,0.0119094517,0.0048305458
8930,0.0090038961,0.0010405849
9585,0.0076694468,0.0000000000
253,0.0000000000,0.0123351213
749,0.0016150269,0.0114424116
757,0.0016150269,0.0075770908
1539,0.0016150269,0.0097191617
2887,0.0046077256,0.0215106535
3081,0.0073704105,0.0105289373
4296,0.0044646874,0.0067291612
5688,0.0127329681,0.0088693788
7338,0.0220766071,0.0000000000
8051,0.0060871363,0.0111991068
254,0.0000000000,0.0122596315
801,0.0046064607,0.0132780303
1099,0.0026352021,0.0271370114
2171,0.0016051431,0.0081440777
2431,0.0079709927,0.0096185244
4696,0.0176107196,0.0126258661
4810,0.0143145997,0.0106604525
5799,0.0163932220,0.0092331315
9292,0.0082616155,0.0000000000
9534,0.0202376435,0.0000000000
1220,0.0036029434,0.0150963631
2976,0.0051390978,0.0092087062
3360,0.0088763071,0.0077571113
3431,0.0052694897,0.0031245209
6185,0.0102407225,0.0064666701
6932,0.0179876617,0.0030890510
7230,0.0127115436,0.0025871566
7966,0.0288513478,0.0015651191
9447,0.0054037163,0.0000000000
9815,0.0157597319,0.0000000000
256,0.0000000000,0.0131742501
474,0.0017248933,0.0220733273
5514,0.0059725966,0.0193532020
6408,0.0151193460,0.0066686252
7542,0.0151422174,0.0020831226
8943,0.0164072762,0.0000000000
257,0.0000000000,0.0056087060
2133,0.0007343431,0.0103134925
4400,0.0056787340,0.0122485026
4676,0.0102629202,0.0052097431
5540,0.0125889675,0.0099008545
8762,0.0039691974,0.0000000000
9150,0.0096035513,0.0000000000
258,0.0000000000,0.0287885855
278,0.0037692650,0.0142283172
1096,0.0045105650,0.0248316029
2325,0.0114407360,0.0063037911
2585,0.0082886206,0.0054154171
2694,0.0107807031,0.0122641646
3148,0.0122631732,0.0140110412
3967,0.0077611826,0.0077009686
4646,0.0104181698,0.0083175973
5043,0.0140732653,0.0015073828
5815,0.0187786758,0.0066330245
8108,0.0065649476,0.0045427087
8582,0.0160320718,0.0006250407
525,0.0030549754,0.0242829441
2617,0.0111612027,0.0162290167
2803,0.0170621497,0.0111194937
3096,0.0055426648,0.0061492815
3665,0.0064852999,0.0200410869
4627,0.0155968895,0.0084560597
5679,0.0086434092,0.0006414708
8833,0.0360990914,0.0000000000
9180,0.0235529267,0.0000000000
260,0.0000000000,0.0126523706
5231,0.0061678625,0.0020510880
5517,0.0068140242,0.0144973928
6250,0.0126799793,0.0095078892
6700,0.0234750350,0.0069637031
7543,0.0104053070,0.0015821493
9359,0.0145411550,0.0003629912
261,0.0000000000,0.0057948007
3817,0.0016357232,0.0062571683
3955,0.0020230933,0.0081115677
7736,0.0051281699,0.0010440580
8773,0.0091081824,0.0000000000
9377,0.0092645519,0.0000000000
9638,0.0142854048,0.0000000000
262,0.0000000000,0.0070450442
943,0.0009224016,0.0114114040
1997,0.0066626477,0.0074002585
3128,0.0016493692,0.0074138579
5017,0.0070969347,0.0075261201
5417,0.0060789831,0.0120685833
7766,0.0100960831,0.0000000000
8471,0.0070041546,0.0029024342
8955,0.0113355454,0.0000000000
263,0.0000000000,0.0110699664
2070,0.0029935314,0.0268467968
2232,0.0034270495,0.0401992891
4121,0.0099388669,0.0045845910
4930,0.0116723941,0.0120371942
5218,0.0041355030,0.0136234314
5608,0.0082777286,0.0077495365
6131,0.0160435836,0.0097470173
6910,0.0075208497,0.0036481882
539,0.0011634064,0.0270192024
3883,0.0040349392,0.0071204143
4527,0.0225143916,0.0098203246
4682,0.0122066021,0.0219689469
5700,0.0047229116,0.0046960244
6127,0.0232249593,0.0050973561
265,0.0000000000,0.0068116914
4309,0.0068079577,0.0078357723
4819,0.0035535453,0.0103906577
5942,0.0048993877,0.0048040579
8927,0.0095300026,0.0014258233
455,0.0020368149,0.0098080101
1163,0.0032790239,0.0065919163
5224,0.0190514060,0.0072993015
5563,0.0068989320,0.0061780840
6187,0.0235168041,0.0111952027
7008,0.0167654356,0.0052078109
8201,0.0082228954,0.0021933618
9203,0.0248474812,0.0040946462
267,0.0000000000,0.0129087011
536,0.0016901252,0.0143471814
814,0.0016901252,0.0039843324
1762,0.0034848990,0.0153348787
2149,0.0028713568,0.0124216521
3120,0.0060292103,0.0173042579
3258,0.0090670840,0.0105627924
3739,0.0233534265,0.0148361695
6808,0.0108171173,0.0107625884
7072,0.0115970179,0.0046739211
7933,0.0119273042,0.0039317139
268,0.0000000000,0.0130120339
1370,0.0027699223,0.0232443938
2374,0.0061160188,0.0277525263
2641,0.0042406753,0.0078113113
2644,0.0074932757,0.0240932733
3016,0.0035667639,0.0082676282
3147,0.0077122158,0.0193949899
3369,0.0108543676,0.0132227163
4366,0.0082227062,0.0072846796
4377,0.0117412357,0.0152778130
4558,0.0079183070,0.0249933676
7695,0.0120688636,0.0034559625
9347,0.0166778734,0.0000000000
269,0.0000000000,0.0152631939
1003,0.0019983970,0.0092854248
2083,0.0068066462,0.0160901538
2481,0.0060054178,0.0097875838
5988,0.0202919009,0.0106997276
6137,0.0144360619,0.0139018449
6525,0.0103996061,0.0092616919
9458,0.0094419019,0.0000000000
9743,0.0079154473,0.0000000000
988,0.0014394125,0.0141022672
1239,0.0028111063,0.0172585498
1600,0.0052145254,0.0140943185
3040,0.0075853802,0.0019235433
5133,0.0118406104,0.0078828099
5538,0.0080482660,0.0051708776
7790,0.0067604202,0.0025504123
9703,0.0156557366,0.0000000000
9759,0.0099217579,0.0084667714
9828,0.0101568538,0.0000000000
271,0.0000000000,0.0148743928
2526,0.0019474916,0.0164006490
4593,0.0055085420,0.0068393873
7759,0.0191260922,0.0023604658
8357,0.0244293858,0.0016147470
397,0.0024708538,0.0115497312
1789,0.0024708538,0.0141954264
3356,0.0054574116,0.0102550111
4719,0.0080663924,0.0108742862
7701,0.0103561569,0.0055317829
8726,0.0216788972,0.0016402565
9042,0.0158955623,0.0015607186
1580,0.0016237338,0.0074673186
1751,0.0016237338,0.0132552477
5724,0.0142691585,0.0036820723
6997,0.0201491304,0.0232087290
7042,0.0194572713,0.0028809995
7056,0.0120506068,0.0070734782
274,0.0000000000,0.0162626151
1254,0.0021292503,0.0107807114
2427,0.0080704254,0.0113212717
2525,0.0089067538,0.0014799362
3807,0.0073946714,0.0202820020
5338,0.0222853829,0.0015725024
6784,0.0168618449,0.0069821752
7255,0.0087797436,0.0026496979
275,0.0000000000,0.0089535395
1342,0.0011722793,0.0099281525
2529,0.0048827765,0.0091068762
2831,0.0044848887,0.0060397910
8100,0.0096359301,0.0000000000
9763,0.0094479158,0.0000000000
4280,0.0079450704,0.0207978448
4886,0.0111537249,0.0122610422
5117,0.0136456019,0.0014044981
5186,0.0044159320,0.0061349514
9587,0.0182305697,0.0012858193
277,0.0000000000,0.0061379351
844,0.0008036346,0.0140017057
1666,0.0020356929,0.0063008981
3731,0.0084668340,0.0135460860
5888,0.0051098860,0.0091616053
6815,0.0115302024,0.0088024697
1117,0.0034316693,0.0067939217
1308,0.0018629014,0.0189462695
3015,0.0018629014,0.0069536860
3272,0.0049015388,0.0077015901
3556,0.0018629014,0.0054906272
5829,0.0144978753,0.0021380051
5891,0.0136386068,0.0167372257
7489,0.0282902204,0.0014969425
8468,0.0099599237,0.0037091787
8735,0.0078721290,0.0031523779
9112,0.0204912044,0.0000000000
279,0.0000000000,0.0135114683
2463,0.0032950409,0.0121533685
2669,0.0050051147,0.0057708172
3853,0.0111831673,0.0155887253
5203,0.0097072778,0.0143749641
6860,0.0193846110,0.0039984405
8453,0.0163677065,0.0027953290
9933,0.0188751854,0.0000000000
2450,0.0033718525,0.0246315449
2492,0.0038495346,0.0053115097
3633,0.0048342837,0.0122998489
4173,0.0128974828,0.0012724998
8811,0.0087261928,0.0035374484
9496,0.0174892147,0.0000000000
9644,0.0089492945,0.0010555190
281,0.0000000000,0.0105232486
1386,0.0030306429,0.0195794947
1917,0.0020336504,0.0193690281
2026,0.0048721122,0.0232080751
2178,0.0013778000,0.0045368309
2378,0.0095709585,0.0126363270
3992,0.0045110545,0.0089168953
6342,0.0089891014,0.0001652654
8197,0.0216307527,0.0028529544
9436,0.0091794303,0.0000000000
1554,0.0067829863,0.0124700780
2330,0.0090577835,0.0128904215
3888,0.0055750454,0.0096076153
3904,0.0044519166,0.0080016465
4055,0.0124143761,0.0024076834
5690,0.0129757163,0.0043349518
6438,0.0198313926,0.0049230017
8613,0.0107373990,0.0010277440
8779,0.0142242330,0.0014787098
9752,0.0204059210,0.0000000000
9871,0.0322519966,0.0000000000
283,0.0000000000,0.0266697067
4964,0.0115008517,0.0085620206
5060,0.0127920774,0.0124258049
5313,0.0125150158,0.0132421265
6374,0.0192687417,0.0097196652
6519,0.0182016575,0.0132704072
7580,0.0146280719,0.0000000000
8035,0.0136651157,0.0029391073
8232,0.0156282220,0.0045940036
8345,0.0160638607,0.0017010404
9643,0.0203307921,0.0000000000
9762,0.0077787141,0.0000000000
9812,0.0151387589,0.0000000000
284,0.0000000000,0.0119818073
985,0.0037651226,0.0152037192
1001,0.0015687678,0.0190798527
2639,0.0042824699,0.0096517447
3713,0.0033373384,0.0124107352
4194,0.0082574931,0.0115635280
4967,0.0043676431,0.0109693351
6522,0.0072320872,0.0060305341
6597,0.0122487474,0.0029780209
8742,0.0159066825,0.0016965933
285,0.0000000000,0.0132685405
1073,0.0034946238,0.0087433486
1693,0.0032128958,0.0094117327
4295,0.0066418421,0.0083860179
6463,0.0147486859,0.0102852981
6663,0.0123530260,0.0016708408
8219,0.0189656436,0.0000000000
9523,0.0141054353,0.0016051814
286,0.0000000000,0.0094876427
2637,0.0020647469,0.0143241907
5866,0.0099883326,0.0000000000
6662,0.0078206579,0.0061099221
7781,0.0129042986,0.0067230196
8626,0.0078714970,0.0027911094
9064,0.0084920921,0.0022959113
9463,0.0110464346,0.0000000000
287,0.0000000000,0.0064684740
1373,0.0068099627,0.0082032190
1493,0.0015629387,0.0148829653
2670,0.0008469118,0.0125411760
3624,0.0064836323,0.0046601912
3825,0.0041795773,0.0079805923
5717,0.0074601682,0.0123751778
7035,0.0039881076,0.0085521630
7364,0.0051543949,0.0000000000
363,0.0020652937,0.0081438532
2817,0.0036198337,0.0032317064
3574,0.0039719331,0.0102682012
6271,0.0231733896,0.0063203919
7467,0.0093504190,0.0138268055
7892,0.0154668363,0.0034060749
289,0.0000000000,0.0252996726
303,0.0033124646,0.0115503659
547,0.0033124646,0.0097607663
941,0.0078249562,0.0085333191
1115,0.0033124646,0.0138101583
2554,0.0055669793,0.0179912766
3603,0.0118991002,0.0047113624
3840,0.0071234034,0.0165652341
3924,0.0179860704,0.0196338883
7267,0.0090139768,0.0056532174
7880,0.0184755767,0.0043728042
8435,0.0254449168,0.0047232933
9710,0.0171378598,0.0000000000
9737,0.0107007767,0.0000000000
9795,0.0102129948,0.0000000000
290,0.0000000000,0.0112115570
808,0.0019147700,0.0053874024
1182,0.0066275333,0.0154470231
1205,0.0061764509,0.0085648386
1782,0.0087667890,0.0117937844
4054,0.0148245694,0.0163545276
5651,0.0072068149,0.0103103351
7990,0.0098549334,0.0072778685
8753,0.0042709209,0.0065785021
8818,0.0065263809,0.0028580847
291,0.0000000000,0.0180572884
1448,0.0091210745,0.0103358298
2724,0.0063798204,0.0072425459
2861,0.0116882625,0.0167428756
6143,0.0166133820,0.0066211351
8928,0.0183074095,0.0000000000
292,0.0000000000,0.0161595362
458,0.0054256093,0.0186812273
610,0.0021157543,0.0291207011
1654,0.0072153809,0.0161676335
1712,0.0040568068,0.0116775187
2231,0.0064045487,0.0118172052
3950,0.0057470368,0.0156844024
4519,0.0103620364,0.0044898833
8756,0.0293836367,0.0032902515
293,0.0000000000,0.0184916595
2186,0.0093845506,0.0139554021
2255,0.0072110919,0.0046525478
2620,0.0094498223,0.0090307474
5744,0.0122535558,0.0109102866
6136,0.0126535519,0.0077000900
6173,0.0083514231,0.0015798854
6527,0.0062661716,0.0087442246
7665,0.0053094143,0.0106445010
8978,0.0212258716,0.0037841912
294,0.0000000000,0.0075620206
421,0.0009900889,0.0065144961
958,0.0009900889,0.0157124420
2631,0.0120467089,0.0140056866
3420,0.0088108778,0.0063160777
3926,0.0053059297,0.0093613940
6180,0.0125477639,0.0044459350
7339,0.0012624578,0.0098467555
295,0.0000000000,0.0101064983
2581,0.0049344634,0.0114264764
3810,0.0063058551,0.0130917667
4201,0.0075199800,0.0126710900
8114,0.0157136579,0.0000000000
296,0.0000000000,0.0094249266
742,0.0012339976,0.0144003902
2634,0.0046923099,0.0119016817
2801,0.0012339976,0.0187463374
4456,0.0111323904,0.0050038353
4870,0.0028077900,0.0117189309
5204,0.0029954421,0.0096409518
6863,0.0097904406,0.0063989087
8495,0.0050163726,0.0014262815
8920,0.0047738835,0.0000000000
9003,0.0051348997,0.0017255004
297,0.0000000000,0.0077130169
1039,0.0087788391,0.0191373586
4717,0.0052428130,0.0030512853
8953,0.0036833534,0.0007460239
9319,0.0161524166,0.0015103099
298,0.0000000000,0.0176983190
335,0.0023172258,0.0135210688
3011,0.0055183754,0.0064127511
3024,0.0060848358,0.0130763473
4956,0.0169116536,0.0055355320
5647,0.0118904060,0.0057472384
6319,0.0041808607,0.0079477881
8157,0.0129339372,0.0074109483
299,0.0000000000,0.0098648562
338,0.0012915972,0.0096680860
2751,0.0021201807,0.0022636633
5376,0.0082181480,0.0055277361
5782,0.0076925421,0.0079768883
5863,0.0176860600,0.0087612837
300,0.0000000000,0.0147042459
3239,0.0076609401,0.0033833789
3648,0.0063599774,0.0108402893
3974,0.0068228639,0.0089817823
4638,0.0076413693,0.0127208301
9158,0.0180663172,0.0017736913
9617,0.0167058401,0.0000000000
301,0.0000000000,0.0126948921
3331,0.0077601723,0.0103815642
4897,0.0153530372,0.0115193626
4918,0.0130397618,0.0040880536
5952,0.0193888304,0.0073449346
5998,0.0052094437,0.0144925246
6740,0.0129139105,0.0085065752
7588,0.0142068496,0.0014258233
302,0.0000000000,0.0106948568
1022,0.0030950265,0.0094706748
5295,0.0078880268,0.0084461064
5761,0.0087189144,0.0069719348
8107,0.0061781229,0.0020303937
8702,0.0061531254,0.0031146342
9368,0.0177318641,0.0000000000
501,0.0015122796,0.0148558952
5040,0.0040236093,0.0138121276
5536,0.0043806672,0.0061626232
6010,0.0109783244,0.0091901383
7870,0.0099135514,0.0069351953
8130,0.0115528907,0.0027380672
1112,0.0036301560,0.0130196852
1695,0.0057208422,0.0182218620
3587,0.0226727651,0.0113414044
5595,0.0122111638,0.0060753893
5652,0.0086532316,0.0105623711
6100,0.0136906109,0.0111386532
7996,0.0179902031,0.0024115761
9453,0.0225119724,0.0000000000
1416,0.0008820346,0.0102353154
2101,0.0078537633,0.0215209081
2445,0.0030563644,0.0023333756
2812,0.0021908765,0.0040093458
4577,0.0085275743,0.0146947384
6868,0.0116352792,0.0026365517
306,0.0000000000,0.0139500292
1665,0.0038970437,0.0203096168
2662,0.0035249748,0.0116911115
3927,0.0062084042,0.0162290709
3977,0.0116480017,0.0103484809
6208,0.0106828686,0.0138641736
7039,0.0143288126,0.0023887768
7863,0.0217869415,0.0000000000
8593,0.0131515996,0.0027582448
307,0.0000000000,0.0149674711
2140,0.0035285232,0.0145058060
5027,0.0077225295,0.0033964388
5432,0.0166394142,0.0137569631
5714,0.0091691748,0.0074524925
6306,0.0120399308,0.0066368259
8573,0.0114118076,0.0031401414
9315,0.0077206738,0.0016716317
9322,0.0129594714,0.0016740287
308,0.0000000000,0.0116754105
3269,0.0032579306,0.0061378848
4525,0.0130640152,0.0033154055
4797,0.0111777438,0.0053835333
5048,0.0156651439,0.0076742293
5305,0.0019466126,0.0073252941
6361,0.0053600851,0.0062412713
6395,0.0085938379,0.0038561648
6769,0.0167261829,0.0099824714
7849,0.0074499029,0.0013224334
309,0.0000000000,0.0145208485
310,0.0019012023,0.0142253806
1278,0.0071969009,0.0095299758
1347,0.0096518413,0.0172571662
5555,0.0177660775,0.0061704297
9080,0.0113151499,0.0013613896
996,0.0044415019,0.0016629457
1393,0.0018625170,0.0066660891
3248,0.0054846248,0.0135312915
5211,0.0119810038,0.0100619314
6924,0.0091402976,0.0067275406
7324,0.0165866463,0.0013330000
8405,0.0135595603,0.0000000000
9290,0.0147100432,0.0012653459
9421,0.0088179537,0.0005848387
311,0.0000000000,0.0053167432
682,0.0012032865,0.0236453407
1307,0.0006961167,0.0090930279
2720,0.0038108352,0.0130975653
3118,0.0006961167,0.0069806312
4143,0.0053325168,0.0152548729
6723,0.0115078022,0.0000000000
1421,0.0043093910,0.0149816483
3509,0.0090783588,0.0068683384
4730,0.0084028578,0.0059264269
4935,0.0077340420,0.0050935739
6059,0.0035459304,0.0071275434
313,0.0000000000,0.0117865204
476,0.0024694613,0.0073783523
4538,0.0066260034,0.0107051505
5584,0.0093424518,0.0090256341
7240,0.0099173997,0.0000000000
7358,0.0172428898,0.0029080806
7464,0.0087736245,0.0024169979
8251,0.0087181235,0.0068692852
314,0.0000000000,0.0120951617
955,0.0015836092,0.0095948106
1009,0.0015836092,0.0120201837
1779,0.0024213005,0.0080185339
5858,0.0059074890,0.0200509640
8462,0.0144748756,0.0000000000
8789,0.0125039945,0.0025196530
315,0.0000000000,0.0058092959
3179,0.0029899901,0.0196120116
3786,0.0035284786,0.0096120039
5953,0.0118444239,0.0042279607
316,0.0000000000,0.0054586210
4544,0.0022478240,0.0047859001
317,0.0000000000,0.0070745307
3133,0.0067366329,0.0097404052
4805,0.0042920967,0.0122854588
5005,0.0083803745,0.0079061850
5757,0.0150344779,0.0052105811
8849,0.0098997084,0.0012094315
318,0.0000000000,0.0145391695
1579,0.0131113048,0.0026481034
3671,0.0066760079,0.0086928727
4620,0.0076376867,0.0176552387
5997,0.0111366923,0.0221422655
7522,0.0087411457,0.0000000000
8095,0.0159596656,0.0033571644
9135,0.0120066659,0.0000000000
9899,0.0155781058,0.0000000000
319,0.0000000000,0.0088345090
2359,0.0064099449,0.0143715407
2572,0.0075022257,0.0055278320
5898,0.0181188709,0.0071523140
7010,0.0102508837,0.0045208907
8262,0.0051475965,0.0000000000
9114,0.0063553354,0.0000000000
320,0.0000000000,0.0113509646
2560,0.0069062684,0.0096003456
9889,0.0118197895,0.0011903897
321,0.0000000000,0.0091077360
1819,0.0071382693,0.0149755734
2853,0.0089955429,0.0060577517
4639,0.0079368235,0.0052588253
5643,0.0100193472,0.0049455144
7145,0.0086444857,0.0072257592
7458,0.0046176916,0.0015151735
322,0.0000000000,0.0132842154
2338,0.0061465632,0.0235715784
5336,0.0157993995,0.0107078665
6001,0.0124301587,0.0053637845
6607,0.0177054650,0.0086179336
7910,0.0080825094,0.0090287363
8307,0.0178607092,0.0052047325
8376,0.0135388989,0.0017071458
323,0.0000000000,0.0092323947
357,0.0012087896,0.0093188758
1200,0.0012087896,0.0071412214
1924,0.0033515350,0.0150883965
2148,0.0024325778,0.0126425663
2828,0.0048591268,0.0145028005
3163,0.0012087896,0.0047194717
5763,0.0123659608,0.0047752253
9923,0.0153613539,0.0024713128
324,0.0000000000,0.0070097277
1055,0.0028778898,0.0061109982
5085,0.0073863521,0.0068687688
6941,0.0079438075,0.0061267087
7178,0.0157790194,0.0042676060
7258,0.0195512395,0.0029207051
325,0.0000000000,0.0236429288
596,0.0030955485,0.0224431184
626,0.0030955485,0.0230504848
1189,0.0030955485,0.0134471330
3979,0.0065843916,0.0134238991
4825,0.0078955154,0.0014563034
7066,0.0116989952,0.0076353708
7276,0.0091902023,0.0005691607
326,0.0000000000,0.0157934308
1491,0.0048718953,0.0078601102
2008,0.0028107809,0.0099900518
4669,0.0087367312,0.0059528947
6318,0.0090591380,0.0099007914
6896,0.0186258513,0.0057556568
8099,0.0183244241,0.0000000000
8413,0.0159351267,0.0016095123
8902,0.0147454344,0.0000000000
327,0.0000000000,0.0046714693
1656,0.0068921405,0.0069054829
2092,0.0135302913,0.0121563294
6280,0.0076877523,0.0016512401
328,0.0000000000,0.0139319975
734,0.0018241046,0.0115618692
3034,0.0046705530,0.0074486563
4461,0.0108803364,0.0129658032
6259,0.0120726233,0.0087829706
6420,0.0116503854,0.0103232018
9718,0.0155771214,0.0020809554
329,0.0000000000,0.0092759144
4314,0.0110057064,0.0084303745
6840,0.0072190467,0.0087812212
7259,0.0107505473,0.0000000000
8419,0.0173486686,0.0011717240
9848,0.0096643551,0.0000000000
1088,0.0052272130,0.0038602911
4423,0.0095472131,0.0047889426
5872,0.0164634032,0.0176352460
8760,0.0110280464,0.0012515417
331,0.0000000000,0.0090461130
1139,0.0039626852,0.0049890320
5577,0.0163728136,0.0049877236
5979,0.0068577403,0.0018686606
6511,0.0075966130,0.0050848363
7805,0.0021490663,0.0096093538
8371,0.0035861883,0.0039660736
9623,0.0097144399,0.0000000000
332,0.0000000000,0.0076848717
504,0.0010061737,0.0184998247
880,0.0029287403,0.0126043389
2135,0.0062665381,0.0114418560
6048,0.0127839225,0.0077664306
9672,0.0112405856,0.0000000000
333,0.0000000000,0.0133628467
514,0.0017495861,0.0103867239
614,0.0017495861,0.0162909802
1030,0.0033998615,0.0141668450
2014,0.0053011726,0.0067635386
3256,0.0049275222,0.0127433782
3629,0.0054215276,0.0113377014
5126,0.0058235492,0.0084725815
5905,0.0114708313,0.0042142185
7068,0.0170603347,0.0012878812
7683,0.0046730319,0.0016234316
9324,0.0153645346,0.0000000000
9775,0.0129478382,0.0000000000
334,0.0000000000,0.0160170488
681,0.0043749649,0.0109969619
2265,0.0095314365,0.0153786316
8650,0.0123240284,0.0000000000
8887,0.0116100060,0.0000000000
9241,0.0303492035,0.0042060069
9397,0.0122067333,0.0020319709
4241,0.0086070044,0.0075049737
5571,0.0087987266,0.0053411692
5701,0.0064318454,0.0044658751
6728,0.0100375659,0.0034357487
8825,0.0151284681,0.0016536625
9277,0.0213529327,0.0000000000
336,0.0000000000,0.0078942458
744,0.0010335869,0.0106852667
5359,0.0095320546,0.0017562905
5768,0.0086886023,0.0070165029
7392,0.0102913245,0.0058201404
337,0.0000000000,0.0118605901
6148,0.0198098979,0.0047156804
6650,0.0098916559,0.0086442927
7251,0.0127672960,0.0077546650
9134,0.0210783093,0.0033136949
9756,0.0110193634,0.0000000000
3726,0.0092881030,0.0136645596
5052,0.0096529836,0.0090369783
6693,0.0077533581,0.0042259741
8273,0.0169740358,0.0047405364
9038,0.0126332951,0.0035331438
9561,0.0043483790,0.0000000000
339,0.0000000000,0.0175847716
3137,0.0042449987,0.0058869896
3740,0.0081282327,0.0114339416
4634,0.0125897752,0.0028052622
6705,0.0097469273,0.0005260920
7606,0.0062731354,0.0118629211
9348,0.0134270000,0.0000000000
9885,0.0342642433,0.0000000000
1352,0.0062688515,0.0097671720
3402,0.0058589076,0.0060384662
4598,0.0070855772,0.0038841023
5594,0.0069589690,0.0007471550
5667,0.0115165247,0.0084246621
6872,0.0088720606,0.0103504633
9196,0.0231178636,0.0039576600
9603,0.0088862037,0.0000000000
341,0.0000000000,0.0079641581
424,0.0034383562,0.0199639528
512,0.0010427404,0.0114965438
866,0.0010427404,0.0236561800
1071,0.0040118980,0.0104210160
3890,0.0064225996,0.0060310459
4005,0.0091021779,0.0041230053
4988,0.0040762761,0.0057703872
7377,0.0049532610,0.0068284720
8480,0.0098338212,0.0013480116
8657,0.0169041226,0.0025410104
342,0.0000000000,0.0168007150
1444,0.0059608868,0.0116481270
3473,0.0064719536,0.0097699796
4150,0.0100556074,0.0114227508
4857,0.0094577741,0.0118401699
6111,0.0099945302,0.0034146862
6456,0.0134424607,0.0041805669
8530,0.0227529175,0.0024864851
343,0.0000000000,0.0269264087
411,0.0035254518,0.0304300336
1354,0.0059079430,0.0112370735
3329,0.0094114267,0.0074990900
4053,0.0126734442,0.0048689364
5551,0.0109784584,0.0057629513
6058,0.0181759982,0.0024106552
8625,0.0185783158,0.0000000000
8774,0.0136171702,0.0067396382
9108,0.0194064656,0.0032815494
9301,0.0193106740,0.0015938850
9810,0.0098149139,0.0000000000
344,0.0000000000,0.0182970392
3400,0.0084746937,0.0093655131
4224,0.0104526497,0.0036202476
4581,0.0105749131,0.0092245915
5640,0.0079469703,0.0123285919
6956,0.0144368337,0.0039259210
8872,0.0167183840,0.0018882993
345,0.0000000000,0.0124661788
1279,0.0016321862,0.0078061790
2024,0.0030273852,0.0059992447
5108,0.0099502446,0.0184291671
6103,0.0197263925,0.0059119776
6288,0.0063867251,0.0065975999
8246,0.0135909179,0.0041641141
1522,0.0038602482,0.0098057651
2473,0.0077026153,0.0180278628
3651,0.0051011312,0.0055123335
3797,0.0030535104,0.0186385760
1219,0.0036528066,0.0146746433
4764,0.0112650855,0.0133643228
5368,0.0180496739,0.0064828285
5578,0.0194547475,0.0017289805
5596,0.0110184193,0.0062533251
7360,0.0103938239,0.0014592236
348,0.0000000000,0.0041618143
349,0.0000000000,0.0102612548
2205,0.0031735069,0.0080095105
3645,0.0040277611,0.0124954513
4447,0.0119574290,0.0157769437
7944,0.0142114349,0.0021830281
8224,0.0133674499,0.0029088850
8404,0.0133901930,0.0053710271
350,0.0000000000,0.0077173743
444,0.0039475735,0.0092491620
1836,0.0010104292,0.0129560118
2556,0.0023982932,0.0240592689
3528,0.0032335623,0.0100264251
3833,0.0127319864,0.0257080491
8618,0.0110109276,0.0019918830
8679,0.0044040681,0.0022058699
351,0.0000000000,0.0121322095
1960,0.0052418391,0.0222322048
1992,0.0064860163,0.0379692977
3303,0.0023121581,0.0089936539
3361,0.0073428652,0.0122364698
4716,0.0086021050,0.0117318844
4793,0.0051781184,0.0068835375
6702,0.0088587868,0.0037825569
9858,0.0150681839,0.0015737347
352,0.0000000000,0.0139835356
1381,0.0018308524,0.0149670610
2167,0.0031147129,0.0117459505
2444,0.0018308524,0.0292848733
3123,0.0027028759,0.0155111334
3153,0.0074084635,0.0086960460
8373,0.0087772139,0.0027120825
8832,0.0254876657,0.0040876498
9568,0.0221266092,0.0000000000
353,0.0000000000,0.0144657319
3418,0.0027864874,0.0171671198
3683,0.0036582476,0.0091177302
3809,0.0032081503,0.0090279649
3849,0.0078201909,0.0139458325
4264,0.0086448302,0.0195745849
4315,0.0142851537,0.0085959830
7809,0.0069063834,0.0029130996
9909,0.0152268142,0.0000000000
354,0.0000000000,0.0058971816
877,0.0019740214,0.0212253414
1229,0.0023247004,0.0188683053
3738,0.0083441080,0.0063186225
5920,0.0123581736,0.0128304099
6883,0.0086541215,0.0091747503
7310,0.0050076555,0.0034467604
355,0.0000000000,0.0143461812
2436,0.0036889269,0.0155455355
2718,0.0078473094,0.0127131533
4276,0.0076704129,0.0055976249
8461,0.0115944962,0.0078590776
9470,0.0097872034,0.0015660278
356,0.0000000000,0.0103794289
496,0.0013589698,0.0161644188
883,0.0054299398,0.0156261905
2546,0.0026167899,0.0034674662
2691,0.0040586098,0.0034536620
3375,0.0054281852,0.0148107631
5136,0.0037753178,0.0091303298
5716,0.0224118423,0.0057429888
6147,0.0037413117,0.0056872738
2117,0.0074948815,0.0106001145
5272,0.0062107828,0.0106227718
6055,0.0089889462,0.0047785555
6123,0.0362156259,0.0035760642
7100,0.0122647171,0.0141757261
358,0.0000000000,0.0069011057
442,0.0009035559,0.0153491305
1338,0.0018662673,0.0141499786
1773,0.0037003021,0.0236091889
5610,0.0060982306,0.0135506484
7702,0.0157277880,0.0069460359
9248,0.0129920654,0.0014285250
1161,0.0040491167,0.0180155169
1195,0.0030917198,0.0160564569
2277,0.0033469195,0.0130038386
4501,0.0066302467,0.0142055198
5812,0.0054456886,0.0128641443
6528,0.0281021944,0.0019811663
6627,0.0140525250,0.0084074218
7244,0.0049993064,0.0050567926
8119,0.0114332207,0.0040369764
849,0.0029450272,0.0153280218
965,0.0033321438,0.0189471559
6267,0.0097912795,0.0015273013
6954,0.0102508231,0.0062187596
361,0.0000000000,0.0082400875
1508,0.0010788676,0.0157085891
1732,0.0010788676,0.0097381137
2141,0.0050800905,0.0114381565
3224,0.0111510529,0.0132729065
6684,0.0031701037,0.0087446762
8989,0.0095274265,0.0054033220
9920,0.0111857977,0.0000000000
362,0.0000000000,0.0190687522
1680,0.0090776684,0.0091121003
1753,0.0024966555,0.0083040986
2168,0.0024966555,0.0140925495
3259,0.0024966555,0.0101054883
7932,0.0129049603,0.0020601022
8877,0.0147121317,0.0020939883
9424,0.0213036668,0.0000000000
377,0.0010662678,0.0079543348
1173,0.0010662678,0.0025651829
1476,0.0074806593,0.0192351654
2783,0.0031634488,0.0214731186
3502,0.0079005951,0.0052224182
4061,0.0061818019,0.0102013036
7043,0.0056404513,0.0005377165
8243,0.0067010460,0.0037071766
3540,0.0020807357,0.0068647341
4407,0.0030332648,0.0090503667
4853,0.0116636117,0.0086632646
5279,0.0119646764,0.0146007364
365,0.0000000000,0.0181782899
530,0.0023800680,0.0192320423
1613,0.0043831311,0.0105792474
2208,0.0096762455,0.0074355703
2417,0.0088687382,0.0117806222
4666,0.0073956640,0.0065527371
5351,0.0212072996,0.0040821047
5529,0.0087970940,0.0049934773
7111,0.0206545467,0.0030170199
8019,0.0244027009,0.0021877160
8624,0.0220450263,0.0024220946
366,0.0000000000,0.0151147932
2062,0.0079612482,0.0239897138
2103,0.0067025004,0.0165481502
3110,0.0049785393,0.0087498942
3141,0.0019789670,0.0065738398
3301,0.0051096574,0.0176569801
3328,0.0094455127,0.0097642686
4261,0.0069195378,0.0096154822
7150,0.0131049833,0.0079038513
8755,0.0130251523,0.0063433270
367,0.0000000000,0.0140253212
786,0.0018363234,0.0174308202
3242,0.0069914749,0.0130409955
7319,0.0182797965,0.0067469342
9542,0.0120347010,0.0011703212
457,0.0016767602,0.0105493909
1701,0.0016767602,0.0061632702
3220,0.0073546254,0.0021867664
3358,0.0084008601,0.0119148562
4590,0.0054097549,0.0071465130
5656,0.0086748889,0.0042922303
7351,0.0090591980,0.0072785193
7653,0.0108204170,0.0061904545
7741,0.0112972771,0.0069951295
8131,0.0077840112,0.0042270673
8648,0.0089326303,0.0022480920
1313,0.0030023108,0.0090865764
2194,0.0008759648,0.0149204280
5867,0.0148588662,0.0065934670
6369,0.0066088100,0.0102613333
7501,0.0126499409,0.0009262094
9610,0.0131032959,0.0000000000
370,0.0000000000,0.0182951707
2562,0.0066745768,0.0160241444
4931,0.0073853937,0.0181397922
5158,0.0152803292,0.0075821381
6192,0.0150925462,0.0124297838
6518,0.0142408578,0.0078787919
8882,0.0224080975,0.0007460239
9465,0.0213992627,0.0047691686
371,0.0000000000,0.0166957319
2272,0.0021859580,0.0135325505
3599,0.0125899157,0.0098912087
4341,0.0104126079,0.0159073937
4596,0.0155192592,0.0119973013
6159,0.0174607704,0.0031199384
7197,0.0219204109,0.0019866143
7656,0.0130638887,0.0161661719
372,0.0000000000,0.0149346246
787,0.0019553777,0.0146840230
3074,0.0085843069,0.0024861389
3221,0.0056345759,0.0108569698
5566,0.0086956858,0.0172333748
5876,0.0210763717,0.0090532465
7300,0.0107728873,0.0090994026
9330,0.0084814001,0.0016734836
1487,0.0041571372,0.0022194256
2844,0.0065691193,0.0231812961
3733,0.0052107106,0.0132106345
5001,0.0087173316,0.0083905094
5927,0.0187516619,0.0148846700
6498,0.0189159831,0.0049416100
8853,0.0090656145,0.0018485740
9493,0.0100345934,0.0016402565
374,0.0000000000,0.0285898184
2980,0.0114828830,0.0162860733
3229,0.0158511418,0.0164429330
4548,0.0096422582,0.0171294600
4802,0.0157835479,0.0066679050
8590,0.0219625997,0.0000000000
9700,0.0173110798,0.0000000000
9813,0.0191550628,0.0000000000
894,0.0030636958,0.0174830222
6714,0.0201325698,0.0117891527
7317,0.0121396146,0.0035148445
8937,0.0140396696,0.0020394986
376,0.0000000000,0.0032799271
569,0.0004294381,0.0214767148
5947,0.0050065143,0.0073645325
6814,0.0081389610,0.0067877736
8797,0.0114762389,0.0129616852
1146,0.0034833191,0.0116401816
1222,0.0068550586,0.0067387212
1563,0.0033550302,0.0128286451
4999,0.0086179258,0.0061196712
5361,0.0106871652,0.0179687224
7950,0.0200204097,0.0074798760
378,0.0000000000,0.0019268483
430,0.0007997371,0.0112105542
2175,0.0073658479,0.0187411670
2491,0.0035031190,0.0100012752
3857,0.0030480260,0.0077934122
379,0.0000000000,0.0195615958
5448,0.0133863140,0.0140021334
6749,0.0129140209,0.0006118367
8595,0.0159772053,0.0037043208
9874,0.0179173102,0.0000000000
9947,0.0228952489,0.0000000000
1735,0.0055447673,0.0155631383
2335,0.0045977132,0.0129327146
5421,0.0070147260,0.0044996573
5901,0.0116477043,0.0111340069
8225,0.0111348350,0.0107824261
381,0.0000000000,0.0108327382
6542,0.0152665130,0.0027412607
6736,0.0096651519,0.0082481497
9683,0.0054608532,0.0000000000
382,0.0000000000,0.0134911741
1000,0.0017663879,0.0110098496
1710,0.0031438236,0.0030876877
6606,0.0157844069,0.0033193443
6655,0.0143217957,0.0041583558
6752,0.0077465365,0.0045077579
7298,0.0107468013,0.0048612953
7693,0.0141534960,0.0057220711
7828,0.0059129478,0.0014416519
8450,0.0178180342,0.0029437618
383,0.0000000000,0.0175461064
403,0.0022972968,0.0140190517
468,0.0022972968,0.0139854056
2296,0.0153112360,0.0168610065
2847,0.0052032252,0.0073804219
3864,0.0095683515,0.0084850569
4554,0.0045331794,0.0071081829
5124,0.0079400533,0.0055517924
5961,0.0059432815,0.0098273488
6707,0.0305165094,0.0068436183
6818,0.0063898684,0.0078305496
8986,0.0184128301,0.0033304902
384,0.0000000000,0.0048098547
1534,0.0006297502,0.0087379796
3113,0.0061061414,0.0028626489
3373,0.0040622375,0.0062572121
5345,0.0073418486,0.0053711693
7569,0.0104549570,0.0021526347
385,0.0000000000,0.0107005099
2647,0.0067380798,0.0066449015
3767,0.0067529189,0.0170595797
4608,0.0131611540,0.0059716034
8809,0.0120580464,0.0059561503
8994,0.0049511686,0.0009015016
9423,0.0130748232,0.0016464363
9586,0.0051600652,0.0000000000
386,0.0000000000,0.0186258699
3929,0.0155036738,0.0029014871
4715,0.0116732493,0.0066774472
4813,0.0094769955,0.0061508968
5409,0.0119756660,0.0080648482
5425,0.0046178568,0.0110632129
6008,0.0162437527,0.0032501845
6026,0.0145125824,0.0073970064
8449,0.0050356448,0.0036456662
8739,0.0113730619,0.0034962465
1103,0.0028411137,0.0096169515
1410,0.0028411137,0.0175254127
3910,0.0141965367,0.0077851629
5391,0.0124648180,0.0046633931
7227,0.0236221678,0.0009431194
8488,0.0153203502,0.0000000000
9092,0.0110457071,0.0020497930
9724,0.0068380509,0.0000000000
388,0.0000000000,0.0094381277
755,0.0023599743,0.0157309947
2774,0.0081497944,0.0048876707
6309,0.0028777315,0.0025865933
7304,0.0234286267,0.0008320992
9238,0.0120300047,0.0000000000
9414,0.0136094335,0.0013305170
9526,0.0072436825,0.0000000000
4001,0.0051096566,0.0121584994
5913,0.0118782183,0.0186558396
6071,0.0084030689,0.0009096818
6153,0.0128025214,0.0042566982
6669,0.0084987864,0.0143748417
7764,0.0115848255,0.0090046722
7939,0.0060079389,0.0072211507
9745,0.0157075797,0.0008890712
390,0.0000000000,0.0266772007
656,0.0063047511,0.0080118484
707,0.0034928232,0.0134490346
1298,0.0118897262,0.0117191334
1438,0.0034928232,0.0157013582
1790,0.0066294507,0.0057653028
2735,0.0110807004,0.0054339979
2896,0.0090896908,0.0089831115
3213,0.0037751550,0.0079856673
4083,0.0088337446,0.0084989186
4361,0.0119438999,0.0080486970
5886,0.0124535998,0.0112605201
5959,0.0159102071,0.0049340430
6095,0.0113841781,0.0067768456
6275,0.0193055139,0.0046887133
9119,0.0212369495,0.0023355513
9768,0.0077357437,0.0000000000
9976,0.0089302621,0.0000000000
5316,0.0141495829,0.0016762233
8721,0.0078124855,0.0000000000
9715,0.0102957324,0.0000000000
392,0.0000000000,0.0103370228
1375,0.0022868934,0.0136972752
1682,0.0044732545,0.0182560427
4874,0.0081799512,0.0163256491
8754,0.0184481267,0.0000000000
1582,0.0036213656,0.0096890144
2757,0.0060157771,0.0060815517
3136,0.0047131328,0.0131332067
4794,0.0158581558,0.0051669079
5458,0.0079344705,0.0140264720
6054,0.0211531252,0.0051090733
6104,0.0114393738,0.0024537552
6994,0.0195394354,0.0032651684
8301,0.0211286880,0.0024465010
9908,0.0138949663,0.0000000000
918,0.0023138216,0.0067938892
1081,0.0023138216,0.0068506353
4249,0.0041951465,0.0084491611
4409,0.0092094647,0.0051740625
6079,0.0107271672,0.0072603612
6164,0.0287943034,0.0131044677
8973,0.0104780349,0.0015508342
9895,0.0089385885,0.0000000000
395,0.0000000000,0.0070865426
728,0.0018002903,0.0113557548
1104,0.0009278350,0.0127871689
2707,0.0013021486,0.0133698085
5922,0.0134266114,0.0042174780
6330,0.0110432346,0.0020392971
7170,0.0056570739,0.0054016168
8777,0.0099444549,0.0056125860
9997,0.0100233518,0.0000000000
396,0.0000000000,0.0073170975
1781,0.0021749815,0.0141926499
2242,0.0009580213,0.0049756107
5412,0.0097614524,0.0028880076
7681,0.0018588404,0.0015103099
8292,0.0081024798,0.0024393381
2598,0.0015121965,0.0146207369
3712,0.0015121965,0.0146611878
6513,0.0068766367,0.0078317040
8326,0.0194036510,0.0026141406
9128,0.0116359389,0.0000000000
398,0.0000000000,0.0159689990
1124,0.0020908074,0.0142647413
3089,0.0076548642,0.0210228964
3694,0.0074934065,0.0083868427
7796,0.0174389263,0.0135394438
8299,0.0429422675,0.0007432715
8744,0.0120726068,0.0000000000
8757,0.0105740682,0.0003714796
399,0.0000000000,0.0178832618
884,0.0023414402,0.0072219160
1119,0.0023414402,0.0052778389
4232,0.0096168162,0.0095421681
5179,0.0204536756,0.0128544482
6118,0.0231454869,0.0074122869
7550,0.0070010543,0.0045207542
8796,0.0131763729,0.0000000000
9784,0.0072566395,0.0000000000
9995,0.0158930536,0.0000000000
400,0.0000000000,0.0140057754
2723,0.0048558661,0.0071290767
4861,0.0192178692,0.0053349121
5303,0.0154694043,0.0106487945
5682,0.0052250514,0.0025469247
5923,0.0114655388,0.0042951078
6440,0.0104837102,0.0072746286
8619,0.0151435183,0.0000000000
401,0.0000000000,0.0263999387
4405,0.0164737654,0.0102508386
4438,0.0057576848,0.0104011352
5104,0.0106871308,0.0104828221
5569,0.0107918584,0.0097212343
7390,0.0127099221,0.0045195068
8245,0.0135433382,0.0021415770
8269,0.0207237617,0.0018232461
8428,0.0147482881,0.0028702409
8478,0.0088576326,0.0000000000
8672,0.0122852048,0.0071353069
2130,0.0022566773,0.0071361985
2468,0.0008864770,0.0180481485
3607,0.0026649784,0.0095681039
3745,0.0067061096,0.0116592718
5497,0.0118329339,0.0034402188
8515,0.0084123311,0.0031457250
1631,0.0018355025,0.0088597888
2922,0.0128269680,0.0110738255
3363,0.0018355025,0.0135873858
3714,0.0074303348,0.0189922442
7977,0.0212297145,0.0039112743
404,0.0000000000,0.0159547513
1066,0.0042874181,0.0088923804
1678,0.0031115291,0.0098305955
2894,0.0087954054,0.0067889979
3465,0.0069881632,0.0095988758
4555,0.0092453583,0.0061106848
6299,0.0058138214,0.0029144513
7497,0.0092339613,0.0000000000
8046,0.0077588641,0.0036683599
9747,0.0315003104,0.0016952506
405,0.0000000000,0.0113786835
1795,0.0026093373,0.0083452253
4052,0.0067437985,0.0166170952
4724,0.0070495653,0.0154058340
7277,0.0208899085,0.0009779671
8558,0.0242374409,0.0022589892
9439,0.0171542934,0.0016880906
568,0.0033098550,0.0068276074
1690,0.0045706268,0.0085768053
2995,0.0038150094,0.0124351566
3091,0.0068742938,0.0152277582
4374,0.0107337723,0.0125081533
4694,0.0202450787,0.0010606585
4854,0.0164130464,0.0101932035
5250,0.0151862700,0.0058381194
5340,0.0095378090,0.0074792225
5641,0.0096957633,0.0023973834
9111,0.0142920028,0.0000000000
407,0.0000000000,0.0255948245
462,0.0040486471,0.0034991478
1265,0.0033511086,0.0213319097
2561,0.0050557649,0.0246218052
2930,0.0076665827,0.0085307824
3408,0.0049531663,0.0163318316
3618,0.0071273594,0.0091895181
4229,0.0121825665,0.0103900215
4515,0.0055224466,0.0066215576
5642,0.0092179857,0.0067282141
6193,0.0178021485,0.0108612775
7082,0.0099490064,0.0023872561
9760,0.0225034453,0.0000000000
408,0.0000000000,0.0137079772
1505,0.0030347612,0.0092385745
5128,0.0055481171,0.0086181785
6902,0.0119204688,0.0053587410
6920,0.0129398087,0.0000000000
9327,0.0200261967,0.0031569472
409,0.0000000000,0.0131023901
3066,0.0049060195,0.0144852311
4068,0.0067891412,0.0089551962
4503,0.0096629431,0.0077861513
4924,0.0081423908,0.0030746590
5434,0.0045710259,0.0032821419
8241,0.0137990821,0.0081160549
9466,0.0117826936,0.0000000000
410,0.0000000000,0.0156141301
1357,0.0044912744,0.0031922688
1397,0.0020443448,0.0133936067
2163,0.0020443448,0.0206410019
2965,0.0106694996,0.0163287368
2978,0.0020443448,0.0089414457
7366,0.0189534351,0.0085300246
9361,0.0111043233,0.0000000000
2022,0.0091942557,0.0043356651
2986,0.0098857490,0.0033307453
3788,0.0220448794,0.0218923054
5377,0.0055862889,0.0192925518
8384,0.0238608264,0.0011173383
8501,0.0214969736,0.0036286365
8979,0.0175535626,0.0018758865
9202,0.0174586204,0.0021305523
9739,0.0201740453,0.0000000000
1872,0.0024139931,0.0152634992
2849,0.0046807007,0.0023798540
3413,0.0095416048,0.0229212357
4271,0.0145373197,0.0100335710
5482,0.0133917695,0.0104210073
8674,0.0288502719,0.0008588374
9584,0.0143329916,0.0000000000
413,0.0000000000,0.0090063683
3756,0.0044788930,0.0183126221
8416,0.0208467027,0.0000000000
8693,0.0222323501,0.0000000000
414,0.0000000000,0.0041813188
5176,0.0005474565,0.0108636523
7115,0.0046817465,0.0089156964
1632,0.0108167170,0.0150711622
2002,0.0059429763,0.0030123030
2169,0.0061812840,0.0109459584
4535,0.0057966514,0.0075905367
5796,0.0085928188,0.0038805232
8220,0.0161261243,0.0000000000
9233,0.0044925534,0.0008546739
582,0.0029371442,0.0145257738
891,0.0029371442,0.0085507008
1888,0.0069376527,0.0222304511
2605,0.0038563026,0.0335333952
3451,0.0077859078,0.0106135028
3557,0.0147811712,0.0047655998
3889,0.0058227521,0.0082194595
4071,0.0062286461,0.0145600903
4911,0.0089755312,0.0039320444
5394,0.0117133042,0.0062370344
417,0.0000000000,0.0085327496
540,0.0011171856,0.0093213471
2944,0.0071615649,0.0115590283
7963,0.0077509859,0.0054929709
8024,0.0104087939,0.0063190962
8160,0.0155556458,0.0043193582
418,0.0000000000,0.0194648721
2126,0.0033688208,0.0153213409
3867,0.0108636361,0.0077088951
4281,0.0064314381,0.0115989262
8429,0.0161835881,0.0015938850
9373,0.0223023890,0.0012719042
419,0.0000000000,0.0156496839
604,0.0020489998,0.0087207025
1443,0.0039567905,0.0093472687
1570,0.0020489998,0.0057039237
2788,0.0056724345,0.0123768611
3436,0.0047201530,0.0114133950
4318,0.0060135947,0.0129802091
4344,0.0100792080,0.0093240637
5278,0.0256129335,0.0051282403
8271,0.0109546691,0.0089815239
420,0.0000000000,0.0128554671
427,0.0016831554,0.0073329302
1283,0.0016831554,0.0111250745
2852,0.0126662304,0.0055800729
7813,0.0089791667,0.0045791649
7859,0.0036606837,0.0061559765
7926,0.0133386425,0.0079401587
897,0.0062685882,0.0154365960
2712,0.0067909733,0.0116479171
3285,0.0037383662,0.0079398802
4380,0.0137618620,0.0185890005
7899,0.0115294909,0.0024169528
1659,0.0023715674,0.0168525309
1998,0.0069257524,0.0055107503
3006,0.0095304558,0.0173007772
3970,0.0087911909,0.0077667593
4050,0.0075034419,0.0071175826
4609,0.0084806188,0.0050246277
5743,0.0116732216,0.0099793241
6176,0.0102860780,0.0044353972
7047,0.0164979817,0.0069120134
9545,0.0103517200,0.0000000000
423,0.0000000000,0.0082407649
2686,0.0040479909,0.0404763800
4385,0.0148312836,0.0017894272
2274,0.0085887256,0.0193117545
2596,0.0092053200,0.0136129422
2885,0.0092148755,0.0117759765
3287,0.0084256689,0.0044795271
3428,0.0059803386,0.0030875825
3805,0.0085330097,0.0089265949
5024,0.0092968275,0.0135649717
5861,0.0080474514,0.0123076361
7480,0.0074195373,0.0043835014
425,0.0000000000,0.0131799467
429,0.0017256392,0.0098557727
1187,0.0035965943,0.0070338399
1259,0.0017256392,0.0066306057
4382,0.0095054375,0.0114880862
5171,0.0187403643,0.0094781916
6637,0.0174861442,0.0098706548
426,0.0000000000,0.0124958083
863,0.0016360655,0.0129440850
5225,0.0118183786,0.0134760132
5809,0.0148481762,0.0023784631
7988,0.0042738273,0.0006593127
8363,0.0242211391,0.0059364951
3021,0.0023738478,0.0103612277
4647,0.0077589949,0.0131140683
5199,0.0071452575,0.0112262232
8423,0.0060299529,0.0052620159
1868,0.0010716660,0.0147168912
3447,0.0024036918,0.0108604880
8358,0.0129608966,0.0059091339
9483,0.0198471497,0.0000000000
1365,0.0050696175,0.0090322485
2212,0.0045576363,0.0131112457
2537,0.0025530628,0.0258459715
2805,0.0106276141,0.0044381857
5564,0.0157128599,0.0115833057
9006,0.0189710920,0.0000000000
1065,0.0014677883,0.0104483504
2479,0.0058745328,0.0133394341
2866,0.0045820021,0.0093661967
8127,0.0127814103,0.0012211559
9073,0.0182927879,0.0000000000
431,0.0000000000,0.0140901865
1812,0.0018448161,0.0077752872
5167,0.0056954214,0.0087107332
6917,0.0065117089,0.0052911499
8557,0.0091619680,0.0067898931
9842,0.0240772738,0.0000000000
432,0.0000000000,0.0102455530
791,0.0013414415,0.0097446152
825,0.0071786339,0.0084402576
1671,0.0040155988,0.0161566538
2219,0.0013414415,0.0160226260
3281,0.0089765390,0.0115290762
4413,0.0077307553,0.0069792080
7879,0.0078677499,0.0059631047
433,0.0000000000,0.0029653537
2745,0.0038325813,0.0156181477
3940,0.0023617032,0.0057950774
434,0.0000000000,0.0081476766
2458,0.0015741153,0.0122122536
5544,0.0180795068,0.0108658145
5838,0.0109437688,0.0050318324
7210,0.0173562840,0.0009093287
435,0.0000000000,0.0296766003
2682,0.0084643235,0.0084610696
2893,0.0064903159,0.0110766897
2968,0.0088491044,0.0208535465
3104,0.0112579527,0.0069172370
3692,0.0230056002,0.0051660363
4112,0.0123228298,0.0112990645
4171,0.0195941383,0.0024896006
4563,0.0038855320,0.0123386919
5431,0.0084565539,0.0123927170
5509,0.0199619545,0.0031036491
6308,0.0139185666,0.0085997290
6320,0.0038855320,0.0050579989
7891,0.0120888134,0.0071220538
8765,0.0180285757,0.0005976055
436,0.0000000000,0.0124139421
1980,0.0055077829,0.0096619879
4992,0.0087490871,0.0053219593
7553,0.0090927778,0.0026082889
7589,0.0218701437,0.0024153292
7710,0.0104885591,0.0043931109
8474,0.0099754996,0.0012960027
9090,0.0179312108,0.0015982183
9711,0.0051925679,0.0000000000
437,0.0000000000,0.0034136398
492,0.0004469449,0.0085626285
811,0.0004469449,0.0235334781
1452,0.0012140621,0.0186654754
2865,0.0004469449,0.0100119751
7945,0.0081107184,0.0017513280
8025,0.0106329192,0.0019537398
438,0.0000000000,0.0148810333
826,0.0019483610,0.0051291470
2099,0.0104761436,0.0124360792
3617,0.0100773973,0.0040052484
4816,0.0093153550,0.0086978821
6641,0.0079291038,0.0140952333
7536,0.0330101174,0.0033384473
8864,0.0096603567,0.0036306884
8879,0.0094439548,0.0034017123
9829,0.0128577819,0.0000000000
452,0.0023054534,0.0053276028
1184,0.0049282193,0.0118970593
2041,0.0030138943,0.0077282212
2046,0.0039345928,0.0029790219
4219,0.0090255125,0.0098218396
4396,0.0103283197,0.0042355632
5181,0.0150581045,0.0075335029
7173,0.0069857673,0.0075558622
9023,0.0100886492,0.0000000000
1692,0.0031445570,0.0196270378
3796,0.0030233719,0.0061592423
5750,0.0110413103,0.0147329972
7407,0.0174884205,0.0040693342
7903,0.0156959052,0.0075254252
441,0.0000000000,0.0060476384
1677,0.0052724413,0.0105751908
2530,0.0007918122,0.0038751869
5315,0.0123886314,0.0032145532
6300,0.0072011184,0.0100928084
1010,0.0049617900,0.0057211770
1913,0.0064994635,0.0089895368
3688,0.0020096486,0.0056504943
5653,0.0120557728,0.0035728326
7902,0.0169373633,0.0023317920
8154,0.0173842340,0.0000000000
443,0.0000000000,0.0122111705
2476,0.0070428302,0.0152814630
3567,0.0027243140,0.0072452831
5741,0.0108059695,0.0123897489
7949,0.0175975101,0.0065933296
592,0.0012109849,0.0182453287
4465,0.0053820306,0.0058090032
5192,0.0055190277,0.0061831496
9881,0.0093389152,0.0000000000
1445,0.0048553812,0.0175536703
2394,0.0085675521,0.0101404019
2687,0.0028960536,0.0101860187
3095,0.0023621533,0.0174870036
5004,0.0052502727,0.0031337682
5007,0.0060001135,0.0112768053
9101,0.0063067180,0.0000000000
9433,0.0115689442,0.0026210625
2970,0.0133145044,0.0191532667
3046,0.0100661430,0.0091576620
5357,0.0079003550,0.0063739630
5632,0.0076954249,0.0091395820
7403,0.0111035076,0.0052347306
9831,0.0063780099,0.0000000000
447,0.0000000000,0.0365312093
505,0.0047830001,0.0038736207
3160,0.0111553972,0.0134675722
4342,0.0108925390,0.0137232559
5198,0.0163734113,0.0073147620
6856,0.0119409929,0.0021309912
7450,0.0199143698,0.0058970420
448,0.0000000000,0.0153937225
733,0.0020154870,0.0094126256
1107,0.0020154870,0.0062087111
2864,0.0088962368,0.0292612874
2892,0.0169512042,0.0138029939
2988,0.0033110500,0.0058947246
6869,0.0131278947,0.0087198873
7007,0.0182480132,0.0045824837
7294,0.0143200413,0.0026496979
2043,0.0082959644,0.0089124611
2223,0.0063121170,0.0042371139
2350,0.0096487650,0.0108389519
3906,0.0054735262,0.0083019675
5190,0.0114083185,0.0072484490
6656,0.0094430178,0.0040528619
6893,0.0131743532,0.0037180504
7583,0.0136757847,0.0124679784
450,0.0000000000,0.0072799090
2383,0.0061894960,0.0085891788
4704,0.0056016934,0.0013537892
451,0.0000000000,0.0161099906
2789,0.0061820029,0.0124915606
3681,0.0087413382,0.0117935454
5057,0.0070717358,0.0095937290
7233,0.0161639221,0.0034920784
8682,0.0100919570,0.0024356267
9296,0.0162744188,0.0010998292
1287,0.0013399407,0.0066921652
1486,0.0006975385,0.0064106484
4300,0.0072127061,0.0034891506
9991,0.0090221976,0.0000000000
453,0.0000000000,0.0094754405
1062,0.0012406114,0.0190677159
1842,0.0030876694,0.0044438172
3880,0.0102691995,0.0046872618
5753,0.0117654286,0.0024653544
6774,0.0085312209,0.0052112466
7827,0.0217925162,0.0011903897
9706,0.0012622494,0.0000000000
901,0.0007115837,0.0079724452
3945,0.0125465273,0.0178666103
7491,0.0051645008,0.0115007571
9126,0.0101370645,0.0038202480
9607,0.0076059346,0.0013126839
521,0.0012841544,0.0074103468
794,0.0012841544,0.0277058440
1784,0.0012841544,0.0068166746
7454,0.0132890613,0.0011975919
8538,0.0104269861,0.0043615312
456,0.0000000000,0.0110825629
654,0.0014510305,0.0122120212
1130,0.0014510305,0.0034507630
1599,0.0049384219,0.0073821186
2733,0.0014510305,0.0169532268
3433,0.0086775468,0.0105373213
3477,0.0048248886,0.0134716955
5395,0.0104304745,0.0095657883
5475,0.0031925649,0.0063298759
670,0.0013812228,0.0162349433
1618,0.0060966676,0.0234070109
5422,0.0087731297,0.0078324405
5760,0.0076296559,0.0121817950
6142,0.0162015359,0.0058172792
6642,0.0106395625,0.0083746580
8680,0.0200842338,0.0061541677
3435,0.0128102550,0.0051697931
4041,0.0061354821,0.0075491113
4858,0.0091440140,0.0109339045
8338,0.0108511254,0.0018517500
8957,0.0191220604,0.0033104200
9291,0.0123567373,0.0013789459
9865,0.0149006843,0.0000000000
459,0.0000000000,0.0012454848
4440,0.0030782324,0.0041513015
7573,0.0064344265,0.0024466610
460,0.0000000000,0.0325708658
2440,0.0055394786,0.0048242856
4124,0.0070069535,0.0102743106
5904,0.0110336961,0.0063701163
6070,0.0149254606,0.0111610970
8226,0.0203243380,0.0025405045
8475,0.0075630085,0.0041877786
8555,0.0213668468,0.0027494591
8812,0.0466486567,0.0068611856
9071,0.0183714636,0.0000000000
461,0.0000000000,0.0091482380
979,0.0011977710,0.0099361392
2785,0.0057185629,0.0123518467
8892,0.0094454065,0.0014262815
907,0.0016839274,0.0209180495
3440,0.0029480929,0.0015646018
6064,0.0069653659,0.0031547959
7476,0.0033243866,0.0021666181
7779,0.0034559844,0.0074468363
8705,0.0039062575,0.0000000000
463,0.0000000000,0.0223764512
576,0.0029297297,0.0055577452
1329,0.0048040284,0.0093183127
2642,0.0057803428,0.0074081788
3411,0.0091398732,0.0044730835
4283,0.0203022521,0.0059170357
4507,0.0063408476,0.0128004300
5617,0.0153706009,0.0073931925
7751,0.0106316088,0.0021003333
8214,0.0162237286,0.0056675985
8925,0.0157009491,0.0011165613
464,0.0000000000,0.0085540717
5934,0.0140001136,0.0147284752
6944,0.0092055131,0.0027061292
9994,0.0206466012,0.0000000000
465,0.0000000000,0.0093222783
932,0.0012205580,0.0102276049
4337,0.0058243966,0.0083942274
5441,0.0078944341,0.0021158672
9536,0.0261123805,0.0026940113
466,0.0000000000,0.0045412349
3260,0.0026818854,0.0124554946
5388,0.0062772270,0.0054411877
5419,0.0079316210,0.0159668406
6067,0.0054250380,0.0031348281
1741,0.0032342353,0.0101702763
3506,0.0155144028,0.0124495694
4708,0.0109996157,0.0269464549
5102,0.0075569447,0.0014267771
5570,0.0126601177,0.0048974979
6166,0.0154941136,0.0022948116
9188,0.0183492619,0.0033756085
4431,0.0018310972,0.0107476204
5655,0.0046709817,0.0181158197
7477,0.0212794850,0.0012755103
7687,0.0136934753,0.0117592825
8636,0.0075423571,0.0005019441
9385,0.0130100470,0.0000000000
9501,0.0125278345,0.0064778035
469,0.0000000000,0.0167913424
1860,0.0021984762,0.0088712821
3204,0.0073804716,0.0182111482
4153,0.0233318244,0.0110496780
4740,0.0021984762,0.0130102084
4824,0.0101174420,0.0100133124
5073,0.0209962484,0.0160349006
5832,0.0077404156,0.0039060136
6371,0.0055354126,0.0021550816
6437,0.0113302412,0.0056313049
7275,0.0087468453,0.0161433597
7557,0.0085560423,0.0104480100
470,0.0000000000,0.0161295647
3386,0.0058073761,0.0171198432
3871,0.0038113099,0.0122093506
6933,0.0088994257,0.0153617857
9268,0.0100065964,0.0021309912
9622,0.0154955661,0.0000000000
9663,0.0150047035,0.0047621405
471,0.0000000000,0.0186172266
666,0.0024375376,0.0065251825
1002,0.0041984083,0.0176974741
1075,0.0024375376,0.0106735149
2843,0.0024375376,0.0100746879
3980,0.0134362864,0.0078161283
4508,0.0154818436,0.0182412788
5297,0.0092630622,0.0169504899
7748,0.0086947218,0.0095514187
8695,0.0121766782,0.0000000000
472,0.0000000000,0.0245879748
730,0.0032192826,0.0092947995
1325,0.0042441378,0.0152306397
3404,0.0076206350,0.0037009725
3459,0.0099755663,0.0065766609
6789,0.0187597573,0.0043121801
7060,0.0127889177,0.0070943031
7449,0.0130941869,0.0022117336
7723,0.0125073700,0.0049125402
7752,0.0054007654,0.0122827235
8334,0.0191367940,0.0041485030
8596,0.0124744386,0.0014234209
9723,0.0245658676,0.0000000000
473,0.0000000000,0.0132077468
903,0.0039790672,0.0024603794
3088,0.0049527346,0.0142465930
7048,0.0114463856,0.0033741688
7156,0.0100591777,0.0000000000
7755,0.0197446620,0.0009484210
8476,0.0218817658,0.0019729598
1533,0.0052441815,0.0050889193
2234,0.0061675540,0.0085963736
2370,0.0040434952,0.0090186405
3061,0.0085274696,0.0156146158
7979,0.0085184038,0.0101819855
8083,0.0156456265,0.0017331140
475,0.0000000000,0.0129431796
1006,0.0016946395,0.0103662211
6338,0.0131331588,0.0063257732
6545,0.0098302135,0.0044303730
6559,0.0054259406,0.0031389783
8845,0.0072437704,0.0051448882
2422,0.0009660414,0.0115556081
3251,0.0068398902,0.0158835885
3772,0.0043083570,0.0171374877
6496,0.0115484377,0.0075494454
8837,0.0053675075,0.0019237561
477,0.0000000000,0.0060727397
3423,0.0112857190,0.0139111729
7190,0.0124036856,0.0062254141
9608,0.0125750087,0.0000000000
478,0.0000000000,0.0085599640
8144,0.0142619482,0.0034683567
9956,0.0240543715,0.0000000000
479,0.0000000000,0.0113810503
3755,0.0014901112,0.0203134532
4812,0.0066167112,0.0152008228
7478,0.0109812803,0.0060897745
7564,0.0095973920,0.0046018222
8351,0.0166998511,0.0018529493
9136,0.0074305759,0.0000000000
480,0.0000000000,0.0081473048
858,0.0023425738,0.0078373976
4025,0.0049330330,0.0089069682
4602,0.0042181680,0.0174322214
7533,0.0067900497,0.0029604284
7819,0.0112948182,0.0031106812
481,0.0000000000,0.0049124009
1368,0.0006431765,0.0073179366
3680,0.0050373914,0.0118719858
4035,0.0114612252,0.0069126837
4260,0.0072511001,0.0166440214
9256,0.0067857844,0.0070693814
2199,0.0024338825,0.0138044732
5095,0.0011521979,0.0116144219
8512,0.0203283737,0.0000000000
483,0.0000000000,0.0212371507
911,0.0027805621,0.0101845361
2222,0.0053035387,0.0045865824
2543,0.0079137413,0.0129477505
3278,0.0051571146,0.0156710866
3579,0.0082770379,0.0072032118
5660,0.0096375376,0.0075626721
7538,0.0124065948,0.0017636556
8312,0.0165243944,0.0011815836
484,0.0000000000,0.0212197616
3639,0.0088930256,0.0091152258
3968,0.0054478313,0.0076764809
4804,0.0123878747,0.0008029425
4817,0.0088381168,0.0100747504
8465,0.0144192731,0.0061866441
8615,0.0183026338,0.0016609969
485,0.0000000000,0.0174580043
1727,0.0022857616,0.0121010366
2001,0.0022857616,0.0097989609
8230,0.0115766024,0.0000000000
9170,0.0175592798,0.0000000000
486,0.0000000000,0.0070866110
1166,0.0035237350,0.0102681975
2207,0.0081666581,0.0311260107
4084,0.0092569030,0.0142851695
9742,0.0147673458,0.0000000000
487,0.0000000000,0.0078311236
1897,0.0082857112,0.0024019561
3334,0.0025987336,0.0122360658
3700,0.0020385237,0.0093350918
4521,0.0075364229,0.0091549674
4729,0.0110653737,0.0139750741
488,0.0000000000,0.0109710752
7131,0.0067773363,0.0072599163
1263,0.0054757847,0.0203642988
1870,0.0023288525,0.0120172727
2065,0.0031890998,0.0053716554
8540,0.0098851834,0.0000000000
9596,0.0088496536,0.0020497930
1799,0.0039362480,0.0106341895
3954,0.0041344833,0.0060221631
4523,0.0066738463,0.0106384920
6745,0.0147416325,0.0042859355
7070,0.0157450826,0.0042964594
9165,0.0090493600,0.0000000000
9755,0.0073966278,0.0000000000
2487,0.0011210977,0.0059653322
6706,0.0113538047,0.0050790529
6730,0.0101864829,0.0000000000
7730,0.0099893558,0.0037435219
1660,0.0017773640,0.0208233581
2966,0.0028933426,0.0212582350
5077,0.0091726942,0.0013323532
5633,0.0136226883,0.0057099710
6292,0.0133191839,0.0027661623
6849,0.0118399584,0.0114525194
7128,0.0137476148,0.0064233858
494,0.0000000000,0.0200319480
2307,0.0026227659,0.0169374664
2361,0.0035052017,0.0188080941
4394,0.0136226566,0.0129564417
4905,0.0073049633,0.0065935348
5327,0.0114319930,0.0270142644
6504,0.0131107832,0.0015551000
6683,0.0034611299,0.0013818737
7441,0.0135556240,0.0027948433
8261,0.0055299950,0.0057844062
9925,0.0123265151,0.0000000000
9934,0.0191008543,0.0000000000
495,0.0000000000,0.0147945204
1623,0.0019370340,0.0050418527
2257,0.0046280975,0.0056012955
3044,0.0148359993,0.0301902892
4148,0.0147517125,0.0101608900
4268,0.0172639037,0.0106970624
6370,0.0087968238,0.0092687313
8719,0.0193273232,0.0000000000
2102,0.0030587753,0.0074653988
2698,0.0064292870,0.0050063231
4017,0.0073598679,0.0148145104
5374,0.0100126296,0.0112763299
6060,0.0195021661,0.0069361864
6510,0.0149469494,0.0016536246
6615,0.0176658822,0.0035843734
8938,0.0228823619,0.0012298391
497,0.0000000000,0.0070606792
570,0.0009244487,0.0098530656
3561,0.0035239618,0.0050443762
3577,0.0084550480,0.0143451849
4026,0.0045413868,0.0112187844
5157,0.0049159792,0.0063663067
5887,0.0088775250,0.0096083756
8631,0.0165480399,0.0024323741
498,0.0000000000,0.0126801044
2299,0.0088360838,0.0155732509
3368,0.0062762576,0.0167238109
3674,0.0138473596,0.0291484455
5162,0.0194129382,0.0078174989
9075,0.0145878941,0.0037019571
499,0.0000000000,0.0112345721
1963,0.0059914822,0.0137548967
2992,0.0014709330,0.0018593536
4785,0.0121680367,0.0038716556
6561,0.0089350424,0.0028725055
6848,0.0072278989,0.0047744724
7832,0.0106776671,0.0035206345
9469,0.0184449584,0.0000000000
500,0.0000000000,0.0153445113
1029,0.0020090438,0.0119856439
2198,0.0052300345,0.0094454138
3238,0.0138121541,0.0073776868
4178,0.0064795590,0.0120725712
5155,0.0093078178,0.0113235623
5322,0.0111400999,0.0062302771
6314,0.0067470222,0.0039613067
7235,0.0180833133,0.0046261863
9800,0.0121360007,0.0017438673
3155,0.0038419228,0.0089477045
3397,0.0054329967,0.0144743809
3819,0.0042437713,0.0094389733
5719,0.0100450202,0.0025582510
6184,0.0136587254,0.0102242228
6604,0.0191445318,0.0053825686
9984,0.0100014368,0.0000000000
502,0.0000000000,0.0136179747
1577,0.0031104047,0.0197065214
1927,0.0056415864,0.0146198461
3055,0.0041383970,0.0153296516
9175,0.0072496179,0.0012605757
9665,0.0045140600,0.0000000000
1463,0.0005557884,0.0082282363
4406,0.0045781376,0.0104397994
6646,0.0094544611,0.0010151980
1908,0.0057939656,0.0075035303
2302,0.0039994967,0.0053011506
4592,0.0070489832,0.0140231827
5459,0.0126752126,0.0296686731
7139,0.0124626244,0.0074938690
8460,0.0157746781,0.0020700526
2665,0.0025638820,0.0116526489
7833,0.0175568212,0.0039285646
506,0.0000000000,0.0140914374
3863,0.0085017031,0.0154660755
4067,0.0045083779,0.0076064470
6061,0.0068022978,0.0035278989
6282,0.0034251233,0.0036081104
8561,0.0172535219,0.0014105514
8980,0.0152142926,0.0000000000
9790,0.0112156628,0.0000000000
507,0.0000000000,0.0108394352
4962,0.0043829040,0.0057415877
5260,0.0055560054,0.0056165570
5400,0.0109444400,0.0046927092
5447,0.0052898155,0.0081768970
8483,0.0142531271,0.0047744259
9065,0.0211643029,0.0015392456
508,0.0000000000,0.0165506204
1574,0.0021669586,0.0143034553
5511,0.0087779705,0.0086403978
7423,0.0133554585,0.0087248050
9560,0.0122599252,0.0000000000
509,0.0000000000,0.0193473011
802,0.0025331257,0.0095905112
2649,0.0025331257,0.0169497137
4160,0.0111028210,0.0168873687
4326,0.0174582346,0.0044045388
4987,0.0098333673,0.0142487348
5151,0.0145020146,0.0104855340
5846,0.0054715912,0.0073609048
9832,0.0155196151,0.0000000000
510,0.0000000000,0.0065237741
2927,0.0086982015,0.0254683831
4007,0.0044730014,0.0080792124
5242,0.0101725798,0.0024259233
6601,0.0059351555,0.0046677983
8420,0.0069878234,0.0024065932
511,0.0000000000,0.0213668788
974,0.0027975472,0.0048933954
1051,0.0027975472,0.0123512025
2488,0.0034745780,0.0197496910
4167,0.0175621542,0.0033323787
4584,0.0113489246,0.0070983821
4689,0.0188294662,0.0110141838
5383,0.0049791682,0.0084556226
6150,0.0083032544,0.0045839820
7621,0.0081817892,0.0066843586
8921,0.0080187746,0.0000000000
9540,0.0157258524,0.0027843192
9716,0.0140244972,0.0000000000
6766,0.0153119488,0.0153776486
7496,0.0083476066,0.0024877350
8175,0.0056681495,0.0000000000
513,0.0000000000,0.0094267230
765,0.0012342328,0.0136276396
835,0.0012342328,0.0163014662
1176,0.0027582719,0.0124220712
1645,0.0012342328,0.0154977522
6514,0.0109134007,0.0046829864
9024,0.0096123324,0.0000000000
957,0.0013599249,0.0167751400
4448,0.0094497738,0.0121163269
4893,0.0121629909,0.0152719978
7045,0.0073468422,0.0018700557
515,0.0000000000,0.0112665259
680,0.0014751166,0.0078185686
1008,0.0030957191,0.0101283719
2555,0.0051482917,0.0133137338
6317,0.0096343716,0.0123056830
7549,0.0082752306,0.0022987010
516,0.0000000000,0.0070948711
2173,0.0040137949,0.0249109699
4714,0.0115120847,0.0035488261
8962,0.0216623478,0.0010697947
1150,0.0080326905,0.0108555152
1362,0.0050213769,0.0108361038
4243,0.0012019084,0.0165789476
5481,0.0054394662,0.0056176868
5560,0.0088491451,0.0034481192
6298,0.0141431107,0.0078358096
7400,0.0147007368,0.0056611365
2884,0.0078814473,0.0078477539
3233,0.0034582761,0.0150990018
4733,0.0083152691,0.0000000000
6850,0.0177268826,0.0082442934
7507,0.0143990621,0.0058918096
8513,0.0115699742,0.0050149853
8579,0.0113389304,0.0048092127
8793,0.0219863505,0.0000000000
9459,0.0311150819,0.0000000000
9679,0.0143908834,0.0000000000
519,0.0000000000,0.0098561091
1334,0.0060370743,0.0165088434
1824,0.0012904520,0.0202951067
1859,0.0012904520,0.0219926353
1865,0.0059567277,0.0290332900
2754,0.0030229990,0.0149995207
3419,0.0058900390,0.0126456383
4269,0.0064775267,0.0098530897
8222,0.0126283891,0.0021856445
9328,0.0123561392,0.0006655347
520,0.0000000000,0.0187529691
900,0.0053308286,0.0047839025
1387,0.0035766973,0.0155047747
4176,0.0075577299,0.0084926860
6020,0.0089822413,0.0153420227
6072,0.0099467532,0.0146398262
7411,0.0158862594,0.0019570125
8562,0.0056796347,0.0050363202
8714,0.0179843406,0.0040168126
8981,0.0122183130,0.0078797992
664,0.0009702304,0.0151487498
1433,0.0044970037,0.0124910027
3537,0.0057017889,0.0094277810
8606,0.0169971465,0.0017477648
9830,0.0127815885,0.0010387860
2624,0.0085186944,0.0035299019
3815,0.0138922185,0.0188199969
4474,0.0049100411,0.0060891829
6921,0.0108726178,0.0034511446
7565,0.0154815916,0.0069732180
9948,0.0099417164,0.0000000000
523,0.0000000000,0.0211493656
1235,0.0027690684,0.0078275554
2658,0.0068979276,0.0316913056
2982,0.0070263944,0.0058502369
3041,0.0038617017,0.0147775733
4351,0.0076478762,0.0030631101
6890,0.0225311156,0.0073928713
524,0.0000000000,0.0058590252
2786,0.0049831790,0.0196141966
5410,0.0076260832,0.0066689219
6108,0.0040132875,0.0018743255
618,0.0031793452,0.0106384569
3764,0.0113143520,0.0033659718
4003,0.0106667578,0.0038215550
4626,0.0054265775,0.0035583691
4902,0.0101063601,0.0077922950
6908,0.0202905377,0.0029329910
981,0.0015621470,0.0108436374
2312,0.0037532839,0.0095354098
2367,0.0065780215,0.0075159259
3915,0.0054110801,0.0063585855
6290,0.0099536650,0.0035694155
9131,0.0123217331,0.0034109032
527,0.0000000000,0.0135662785
2320,0.0055140584,0.0130794680
2322,0.0036219366,0.0263988404
3192,0.0070303405,0.0099918638
3976,0.0028121996,0.0129629083
6771,0.0074290497,0.0054588382
7252,0.0034331907,0.0034637241
7431,0.0053427171,0.0040455005
7539,0.0196906969,0.0017558291
8646,0.0076534135,0.0016880906
528,0.0000000000,0.0129627394
2108,0.0016972004,0.0172452194
2715,0.0072775899,0.0124315919
4298,0.0074501124,0.0241673168
4831,0.0025528070,0.0038466497
6033,0.0043592066,0.0087938142
529,0.0000000000,0.0233007142
622,0.0030507427,0.0044590048
828,0.0030507427,0.0213312692
1360,0.0072342423,0.0088682665
7129,0.0168441637,0.0027032416
9258,0.0152720554,0.0000000000
5418,0.0267305583,0.0062986607
5762,0.0242533882,0.0061512703
7290,0.0325674889,0.0000000000
8432,0.0193750524,0.0006069156
531,0.0000000000,0.0124401174
586,0.0016287740,0.0211722650
784,0.0016287740,0.0126300183
4155,0.0021189411,0.0112032907
4238,0.0083187614,0.0119536193
6967,0.0060882675,0.0214786565
7299,0.0097594661,0.0023248820
9255,0.0050306099,0.0000000000
1011,0.0025852379,0.0119255166
1930,0.0030344125,0.0013286616
3048,0.0085066154,0.0118935807
3071,0.0038920481,0.0047634587
3604,0.0100913787,0.0078829193
3948,0.0064730303,0.0057139549
4710,0.0059419421,0.0019450758
7574,0.0149274622,0.0013417811
533,0.0000000000,0.0152535352
819,0.0019971324,0.0132465650
4163,0.0088497009,0.0077022692
5758,0.0047382066,0.0033947176
6560,0.0125358989,0.0043595135
9168,0.0133489345,0.0020396289
534,0.0000000000,0.0085657663
1147,0.0027485810,0.0100742946
1792,0.0022785689,0.0136086257
2091,0.0068190743,0.0207904470
7884,0.0111321285,0.0012587838
9448,0.0104093241,0.0000000000
694,0.0009867084,0.0126372448
1089,0.0009867084,0.0043162878
2527,0.0062929416,0.0203645906
3255,0.0073495997,0.0069903403
3513,0.0063655449,0.0075734200
4443,0.0064627628,0.0031592841
6803,0.0164883632,0.0032471414
7279,0.0090077529,0.0014916203
9601,0.0114045682,0.0000000000
9693,0.0133151776,0.0000000000
537,0.0000000000,0.0128029732
804,0.0016762824,0.0204295908
1787,0.0016762824,0.0073071770
4209,0.0080077328,0.0148922486
4254,0.0111066210,0.0081628211
5745,0.0151027265,0.0055678141
6462,0.0144857499,0.0025872021
6568,0.0129092754,0.0077086671
538,0.0000000000,0.0021563710
2324,0.0015190118,0.0058225913
2813,0.0002823318,0.0097645169
4397,0.0044040777,0.0100094369
5348,0.0064891783,0.0110217379
2495,0.0035376012,0.0187312298
3054,0.0061056712,0.0078908963
3903,0.0050771437,0.0216083762
5556,0.0320642455,0.0045300833
6112,0.0129511520,0.0087604126
7655,0.0191850741,0.0015346282
4316,0.0143753322,0.0051142206
4466,0.0076991279,0.0133096344
5704,0.0074985979,0.0073633173
5948,0.0139739054,0.0046012385
8664,0.0163611647,0.0000000000
541,0.0000000000,0.0179686859
1558,0.0057843147,0.0137529897
2602,0.0061633644,0.0124576701
5611,0.0023526247,0.0043541281
6129,0.0178432151,0.0105613661
6599,0.0051982975,0.0107877639
6844,0.0088500123,0.0032084497
8603,0.0060332075,0.0043376112
8857,0.0191113070,0.0029426944
9486,0.0193483949,0.0000000000
542,0.0000000000,0.0112251361
1170,0.0014696975,0.0060705379
1610,0.0028674121,0.0070190342
1706,0.0025750190,0.0121448503
1919,0.0053241375,0.0076080426
3002,0.0109467883,0.0125602539
4823,0.0055983959,0.0034532927
7563,0.0098364673,0.0000000000
3486,0.0057762301,0.0098463124
6540,0.0065407664,0.0163937031
8841,0.0082696682,0.0016179368
9553,0.0098501884,0.0000000000
544,0.0000000000,0.0087841721
4761,0.0134745919,0.0078354988
5825,0.0158835892,0.0087730302
6263,0.0058049002,0.0000000000
6558,0.0072009632,0.0068372854
545,0.0000000000,0.0093622160
1906,0.0049972520,0.0125777767
2294,0.0012257870,0.0047203667
2782,0.0050131930,0.0191229766
7630,0.0102872320,0.0083877758
7883,0.0073911673,0.0010380869
8028,0.0087710991,0.0027544873
8933,0.0174768489,0.0007219721
546,0.0000000000,0.0191075963
816,0.0045852712,0.0126186410
1106,0.0047512472,0.0060080444
4614,0.0092336475,0.0157727209
4867,0.0111387652,0.0075569210
7924,0.0146603841,0.0030739959
8080,0.0062641894,0.0058532601
8188,0.0173076598,0.0034529944
8689,0.0313052811,0.0070952948
9612,0.0127442370,0.0000000000
5752,0.0088906160,0.0091583855
7436,0.0058844648,0.0030360326
7783,0.0133325584,0.0067144424
548,0.0000000000,0.0074473567
929,0.0009750761,0.0128698195
2898,0.0028401232,0.0079215552
3705,0.0030051030,0.0061611990
6866,0.0143557853,0.0069565451
9266,0.0111448200,0.0036966691
549,0.0000000000,0.0115154792
935,0.0044137882,0.0020546772
1261,0.0028649524,0.0068142857
5631,0.0166045048,0.0034469180
7426,0.0183661073,0.0084190000
7510,0.0028025312,0.0031251655
7984,0.0084794693,0.0011678046
8053,0.0134309418,0.0000000000
9021,0.0209897140,0.0000000000
550,0.0000000000,0.0088142882
4977,0.0085608310,0.0145235763
7647,0.0068893599,0.0007707954
9452,0.0136718095,0.0021060367
551,0.0000000000,0.0189671321
3869,0.0049645050,0.0040590600
4142,0.0100115253,0.0069135028
5254,0.0039910997,0.0143210791
5871,0.0134896954,0.0005648698
6940,0.0090652701,0.0053982267
7172,0.0127374450,0.0016362100
7241,0.0066738731,0.0083239336
7712,0.0163095517,0.0021775546
9564,0.0128362606,0.0000000000
3602,0.0050107404,0.0124473010
4732,0.0157710865,0.0053728064
6711,0.0091195577,0.0093620238
7030,0.0129074378,0.0042955572
7331,0.0070851445,0.0038017781
7666,0.0131699355,0.0015021413
8652,0.0188213231,0.0010469599
9551,0.0164613085,0.0000000000
9987,0.0228977439,0.0000000000
553,0.0000000000,0.0027511911
554,0.0000000000,0.0055523739
899,0.0007269676,0.0143466034
3476,0.0041781145,0.0065314710
6618,0.0173754656,0.0062705867
555,0.0000000000,0.0047964862
881,0.0006279999,0.0115557254
1999,0.0025801250,0.0147685701
2055,0.0045983544,0.0106260281
556,0.0000000000,0.0078673010
4943,0.0080554252,0.0109379747
5387,0.0044900862,0.0083561269
5773,0.0167258303,0.0098808710
6886,0.0050413701,0.0000000000
557,0.0000000000,0.0216660285
3653,0.0054063825,0.0090249323
4751,0.0084181575,0.0056730196
5703,0.0059200054,0.0095956822
5810,0.0357717177,0.0083356684
6096,0.0173880676,0.0047313391
6590,0.0138347718,0.0085159264
7948,0.0167816283,0.0011965471
558,0.0000000000,0.0188654481
1028,0.0024700371,0.0151107429
1442,0.0041647951,0.0040589579
2023,0.0049810914,0.0107194243
6725,0.0136867892,0.0000000000
7101,0.0068686070,0.0114986769
9218,0.0110034221,0.0032707161
559,0.0000000000,0.0111507072
564,0.0014599526,0.0077962980
9129,0.0181637832,0.0054206690
560,0.0000000000,0.0058711572
672,0.0007687056,0.0077511506
3862,0.0054713371,0.0235422752
4255,0.0088609063,0.0043258613
4658,0.0087379587,0.0046291390
4906,0.0039340339,0.0112325753
8168,0.0086856056,0.0011818923
561,0.0000000000,0.0113789786
1638,0.0023968420,0.0253281371
4346,0.0092551194,0.0103739587
5206,0.0100127328,0.0055457786
9600,0.0195096229,0.0000000000
562,0.0000000000,0.0170405923
4705,0.0138831272,0.0049168069
5333,0.0060369002,0.0122829963
7223,0.0073055078,0.0057739321
8004,0.0068880992,0.0000000000
8091,0.0055906329,0.0017196233
563,0.0000000000,0.0198010484
1092,0.0025925344,0.0167361389
1910,0.0065356301,0.0092986806
3199,0.0078650937,0.0192730320
3761,0.0092357252,0.0047692271
3839,0.0054879310,0.0153381750
7617,0.0172569375,0.0047088686
8594,0.0167833780,0.0055822585
9206,0.0127065864,0.0000000000
9475,0.0237701310,0.0000000000
3750,0.0037728543,0.0058240006
4755,0.0040278743,0.0134780201
7570,0.0087080759,0.0019725669
8454,0.0097488756,0.0000000000
8926,0.0086481504,0.0000000000
1208,0.0030625301,0.0120718232
5747,0.0068259961,0.0056260638
5926,0.0112654520,0.0090793823
7313,0.0121522715,0.0048312346
9390,0.0071778956,0.0018294170
5271,0.0189691308,0.0062307449
2780,0.0067697145,0.0109645675
2880,0.0092818069,0.0121119788
4437,0.0078800612,0.0062975104
6591,0.0111875593,0.0053223033
7470,0.0083688480,0.0019206113
3799,0.0148663254,0.0100114619
4420,0.0148501306,0.0165569918
1884,0.0040397953,0.0103941183
1937,0.0046361958,0.0170851360
2486,0.0120301450,0.0107576134
5718,0.0090694668,0.0090496017
7649,0.0176260385,0.0170206608
9518,0.0152066284,0.0016624032
3647,0.0076863788,0.0179059773
4863,0.0032913821,0.0081992235
5035,0.0082181387,0.0175858680
7739,0.0100828195,0.0014736267
7802,0.0092107701,0.0018796939
8519,0.0051838631,0.0011317194
8748,0.0099832981,0.0000000000
2548,0.0104721734,0.0044241711
2950,0.0061509018,0.0044541816
3043,0.0067247553,0.0194700496
4137,0.0096276308,0.0153712782
4328,0.0061206232,0.0022092723
5319,0.0070499546,0.0159178987
6476,0.0245189655,0.0088079634
572,0.0000000000,0.0157841051
583,0.0020665994,0.0067725833
2013,0.0020665994,0.0120180645
4136,0.0041176224,0.0184435882
4460,0.0158298368,0.0076599605
9478,0.0264491184,0.0029979821
9764,0.0149444285,0.0000000000
573,0.0000000000,0.0125798197
982,0.0026960496,0.0118730169
2438,0.0051469303,0.0198162973
3058,0.0022667370,0.0068290741
4039,0.0045128983,0.0189220306
4899,0.0068259009,0.0110962435
8199,0.0139949538,0.0000000000
574,0.0000000000,0.0147097319
3560,0.0060078328,0.0077385468
6244,0.0079113230,0.0095477278
7788,0.0169914970,0.0026598250
8143,0.0180649172,0.0016379002
575,0.0000000000,0.0176704417
7038,0.0042994430,0.0132232630
7212,0.0080031922,0.0066024589
7641,0.0193939866,0.0050188727
8133,0.0160248883,0.0123182570
9605,0.0142585958,0.0060934812
9886,0.0062996965,0.0000000000
9937,0.0117221909,0.0000000000
4536,0.0091111148,0.0064081373
4567,0.0092227821,0.0108813105
9259,0.0138127067,0.0000000000
577,0.0000000000,0.0175065419
6553,0.0180727923,0.0032659789
6996,0.0139484582,0.0000000000
7020,0.0162525313,0.0094442334
9687,0.0141091433,0.0000000000
578,0.0000000000,0.0107580839
1230,0.0014085468,0.0143197241
2645,0.0130702621,0.0070270307
3321,0.0065694188,0.0078860530
3608,0.0105166611,0.0218929806
3630,0.0073335382,0.0089268330
579,0.0000000000,0.0140083602
6824,0.0064061285,0.0035306982
838,0.0009029978,0.0114274819
5785,0.0031799916,0.0089806440
6004,0.0072464187,0.0091314497
7907,0.0110915191,0.0000000000
8710,0.0143492740,0.0017750484
8960,0.0057412592,0.0030640119
581,0.0000000000,0.0165967071
1207,0.0021729927,0.0072280424
665,0.0019018472,0.0122957321
1332,0.0019018472,0.0133369582
3010,0.0068994030,0.0052268598
3166,0.0142039434,0.0116408838
3322,0.0085243296,0.0132870812
3456,0.0189896988,0.0169116785
7704,0.0109990220,0.0016999974
8741,0.0070282310,0.0010380869
1034,0.0043233352,0.0056795185
1260,0.0024412525,0.0076287295
4617,0.0063819757,0.0098682094
5580,0.0084810985,0.0051803219
6181,0.0051451678,0.0070116515
7931,0.0157372697,0.0083482412
584,0.0000000000,0.0105451462
2717,0.0060448985,0.0078491755
5602,0.0079046346,0.0119259562
7117,0.0177735031,0.0070514619
7379,0.0066826464,0.0018291915
7633,0.0073594664,0.0054235487
8337,0.0107420253,0.0000000000
9406,0.0110150991,0.0000000000
1950,0.0024439330,0.0100396223
2742,0.0055848857,0.0163091896
3129,0.0114891194,0.0134515403
4401,0.0107872262,0.0104868025
7021,0.0082760045,0.0033913231
7822,0.0163303306,0.0000000000
777,0.0027720666,0.0103341687
1056,0.0027720666,0.0134321172
3529,0.0154858038,0.0174371763
5113,0.0071710819,0.0121407707
5928,0.0135157237,0.0095835567
7051,0.0106881255,0.0044211398
8136,0.0187444504,0.0000000000
587,0.0000000000,0.0138831794
4845,0.0105780583,0.0187171411
6130,0.0071565502,0.0064010260
6190,0.0180815537,0.0057836990
588,0.0000000000,0.0070335720
1806,0.0021577832,0.0232774475
1957,0.0033224622,0.0142886222
2961,0.0032527464,0.0144437974
7217,0.0113901392,0.0067792967
589,0.0000000000,0.0034129175
997,0.0004468504,0.0067025428
2771,0.0018242861,0.0143876693
5588,0.0027084792,0.0060352868
7672,0.0191724988,0.0086698965
590,0.0000000000,0.0306267887
1705,0.0059695639,0.0219413181
3542,0.0088414293,0.0075517989
5201,0.0140534731,0.0091753753
7705,0.0178765614,0.0051689210
8659,0.0217900586,0.0000000000
8662,0.0135445562,0.0000000000
9047,0.0209995901,0.0000000000
591,0.0000000000,0.0142898289
1798,0.0051176537,0.0117190353
2648,0.0027960804,0.0047185671
2680,0.0018709551,0.0301634484
3125,0.0052909881,0.0029031088
6786,0.0115228797,0.0069701630
9194,0.0195606685,0.0011208480
9416,0.0299447748,0.0016965933
2679,0.0066068416,0.0111621567
3198,0.0097758396,0.0155930555
4008,0.0058186671,0.0071476942
5091,0.0080679844,0.0057306217
6544,0.0101677913,0.0044580483
7660,0.0098776280,0.0018108050
593,0.0000000000,0.0135522787
871,0.0017743883,0.0174588420
1475,0.0017743883,0.0177209370
2615,0.0031134362,0.0083551336
3964,0.0082423384,0.0129245928
4520,0.0106024938,0.0045270507
4852,0.0095714682,0.0113247351
5308,0.0136839660,0.0061914761
7826,0.0154014117,0.0000000000
8632,0.0186975324,0.0030598037
594,0.0000000000,0.0069966813
5885,0.0096988566,0.0062834957
6575,0.0082688934,0.0022692112
8008,0.0110099868,0.0011777106
8406,0.0074694449,0.0000000000
595,0.0000000000,0.0072758527
1663,0.0009526212,0.0079577699
4234,0.0022424849,0.0009431194
6652,0.0082119987,0.0043203117
8654,0.0175928695,0.0059211298
1084,0.0043429243,0.0148683123
1711,0.0040814719,0.0136621229
1778,0.0029384584,0.0030904671
2484,0.0029384584,0.0099612321
3087,0.0029384584,0.0050792151
5541,0.0107379225,0.0000000000
7610,0.0138178620,0.0021335182
7782,0.0166089944,0.0116935690
8433,0.0137774298,0.0015558738
597,0.0000000000,0.0193388193
4126,0.0102283864,0.0122307602
4815,0.0130292736,0.0018156832
7667,0.0130518111,0.0103888017
8288,0.0103829559,0.0046629189
9171,0.0145579098,0.0006486537
598,0.0000000000,0.0107394848
8217,0.0164033757,0.0044699931
599,0.0000000000,0.0095668621
2037,0.0012525811,0.0101248657
4942,0.0098941942,0.0089764156
5404,0.0132422149,0.0131311597
8006,0.0152582267,0.0042992772
600,0.0000000000,0.0164408848
4095,0.0066184497,0.0026550099
6045,0.0133305543,0.0088595786
6529,0.0080501512,0.0031020075
7631,0.0100305868,0.0019895230
8821,0.0059738286,0.0000000000
8904,0.0184189342,0.0031478217
601,0.0000000000,0.0041685418
860,0.0015623569,0.0041317595
2233,0.0035407936,0.0136530952
4123,0.0093342846,0.0119990220
7199,0.0055733153,0.0157053351
6826,0.0136897297,0.0074988772
4164,0.0111295401,0.0187896966
8776,0.0095710256,0.0012896764
9999,0.0172128356,0.0000000000
605,0.0000000000,0.0255124765
3482,0.0094288727,0.0300824209
4317,0.0112235380,0.0023482692
4364,0.0056484817,0.0164327193
6035,0.0103341596,0.0074104503
9029,0.0138723891,0.0000000000
9400,0.0106164769,0.0017554270
606,0.0000000000,0.0092651907
1772,0.0095198136,0.0054108723
2972,0.0044929220,0.0065410907
4325,0.0039426870,0.0074658307
6132,0.0100206402,0.0053049464
9420,0.0125580288,0.0000000000
2545,0.0044103689,0.0074314789
3014,0.0067902492,0.0184836651
7127,0.0235694784,0.0131101312
7483,0.0148824853,0.0047855160
7889,0.0083287690,0.0115074780
9137,0.0066693357,0.0000000000
1396,0.0044014194,0.0133779198
4354,0.0040116334,0.0117973092
4526,0.0069244801,0.0087166921
5015,0.0164624099,0.0073919305
8016,0.0112577510,0.0072331178
8386,0.0150215130,0.0047167023
8736,0.0092998314,0.0030422708
8738,0.0110607844,0.0005704266
688,0.0013017950,0.0067304111
4078,0.0039360759,0.0077658423
5259,0.0105388959,0.0046231655
6992,0.0198412299,0.0040321917
7140,0.0163844955,0.0065716269
9037,0.0088504251,0.0000000000
1213,0.0038127486,0.0132144709
1740,0.0038127486,0.0236635849
4565,0.0119172590,0.0030273794
5605,0.0109296460,0.0037414178
7504,0.0225438764,0.0051908485
8181,0.0074967433,0.0028917200
8417,0.0305484240,0.0000000000
8438,0.0096142329,0.0003192087
8708,0.0150670550,0.0000000000
8820,0.0101388869,0.0029687807
8909,0.0196260981,0.0028746761
9026,0.0076316522,0.0013480116
9419,0.0124532082,0.0000000000
9422,0.0119623595,0.0031351396
611,0.0000000000,0.0076928325
1369,0.0032567219,0.0063981168
3921,0.0026129526,0.0177611352
5935,0.0055464551,0.0108011508
9014,0.0128571030,0.0037238632
9618,0.0087774531,0.0000000000
3596,0.0025345274,0.0278408550
5396,0.0058839043,0.0036405173
5615,0.0189287277,0.0123746158
8740,0.0079787743,0.0029995781
613,0.0000000000,0.0118544360
1979,0.0029029598,0.0086496345
2400,0.0033398178,0.0099079243
3323,0.0029907331,0.0080180162
3821,0.0061886496,0.0108259069
3878,0.0049303821,0.0073643873
6265,0.0036705976,0.0015347761
6554,0.0125786937,0.0079142819
6708,0.0092412239,0.0013308514
2177,0.0053945362,0.0080863398
3019,0.0105437812,0.0095898806
3392,0.0178665347,0.0093183407
5317,0.0090600888,0.0054682021
5557,0.0105385440,0.0117500451
615,0.0000000000,0.0110859471
7537,0.0051200580,0.0015821483
616,0.0000000000,0.0093942625
4838,0.0151172566,0.0047818192
5182,0.0111644635,0.0041198894
8311,0.0235187870,0.0034669630
617,0.0000000000,0.0082448565
1718,0.0048112118,0.0275193909
1723,0.0016571256,0.0201876838
2136,0.0036150177,0.0099414842
3140,0.0036614476,0.0057370230
3492,0.0038248358,0.0213531166
4044,0.0057256804,0.0124186315
4486,0.0063220447,0.0053652243
7234,0.0116023380,0.0000000000
4875,0.0050915701,0.0173618927
7448,0.0144005762,0.0020529246
7740,0.0117720507,0.0067667077
8279,0.0075949619,0.0033172260
9753,0.0168184652,0.0000000000
619,0.0000000000,0.0178884451
1589,0.0092420906,0.0096570166
5524,0.0185533885,0.0031276213
2505,0.0015662627,0.0054120847
3388,0.0028706492,0.0086517140
3575,0.0038929783,0.0139297406
5455,0.0015662627,0.0119833203
6145,0.0169181447,0.0043684866
8532,0.0079301127,0.0046641245
8608,0.0156365024,0.0058981547
9232,0.0049309096,0.0000000000
1199,0.0027842059,0.0119117801
2185,0.0038331904,0.0079900324
3391,0.0027842059,0.0032041827
4606,0.0112025857,0.0067409490
7095,0.0136934440,0.0016338489
8865,0.0170802929,0.0016965933
1653,0.0015441261,0.0060526407
2753,0.0029223437,0.0048424888
5698,0.0018660259,0.0034793474
6699,0.0117206598,0.0000000000
624,0.0000000000,0.0211477413
964,0.0027688558,0.0220070177
2716,0.0088837491,0.0102263709
4998,0.0173171514,0.0082387646
7986,0.0091162578,0.0038353045
8285,0.0109710323,0.0011884428
625,0.0000000000,0.0158962595
2147,0.0085740942,0.0199067379
4074,0.0059220630,0.0166952054
4953,0.0168037478,0.0082824262
4978,0.0122619392,0.0095108857
6643,0.0200068248,0.0086413650
7579,0.0102571876,0.0031805438
5437,0.0063628073,0.0016814322
6339,0.0080805534,0.0063296518
7970,0.0252373275,0.0030438675
627,0.0000000000,0.0193452458
3262,0.0050642454,0.0071151909
3936,0.0110266201,0.0118613364
5105,0.0099433017,0.0033411718
7061,0.0085297016,0.0134869666
8148,0.0063347477,0.0034394002
8527,0.0232785011,0.0045283794
628,0.0000000000,0.0149707848
1020,0.0019601121,0.0077749727
4969,0.0065975541,0.0066116228
7226,0.0103961476,0.0049402320
9329,0.0159483536,0.0016402565
7545,0.0066002779,0.0007089099
8685,0.0086100512,0.0049093804
9620,0.0112120451,0.0000000000
9949,0.0167046986,0.0000000000
910,0.0010720104,0.0072500464
5392,0.0044794443,0.0085699699
7188,0.0107419103,0.0065987949
7555,0.0095439588,0.0024608577
1715,0.0080743772,0.0131275825
3319,0.0072453478,0.0050387266
3845,0.0183358756,0.0141800966
632,0.0000000000,0.0191563550
2589,0.0025081252,0.0055955959
3377,0.0025081252,0.0091812647
3403,0.0054388588,0.0026948697
3952,0.0071566015,0.0106142452
4586,0.0042460270,0.0135602819
7506,0.0097490744,0.0046377288
8388,0.0166769520,0.0000000000
9840,0.0160060233,0.0000000000
633,0.0000000000,0.0094808327
1296,0.0076880525,0.0054688124
634,0.0000000000,0.0063284874
1303,0.0008285835,0.0049661429
2327,0.0008285835,0.0089694652
4949,0.0022121512,0.0104185313
8005,0.0217045425,0.0000000000
7385,0.0041160638,0.0043330368
1830,0.0028291417,0.0068608113
4350,0.0059222839,0.0075370416
6421,0.0125004713,0.0070783225
7831,0.0132201160,0.0054050063
8086,0.0101296229,0.0000000000
2271,0.0076491001,0.0134565833
3228,0.0080477613,0.0078811786
4575,0.0157560623,0.0044250495
8223,0.0152830603,0.0055220265
9982,0.0120044637,0.0000000000
638,0.0000000000,0.0225657621
766,0.0029545160,0.0137865952
3196,0.0070631409,0.0048524973
5414,0.0144671308,0.0028891712
6790,0.0074653597,0.0000000000
9030,0.0144889556,0.0000000000
1856,0.0070713096,0.0103654866
2309,0.0091706042,0.0065335633
4818,0.0050447997,0.0028712162
5847,0.0127540969,0.0107734509
6086,0.0092658523,0.0025228407
9415,0.0103370008,0.0007294459
9698,0.0156816511,0.0000000000
640,0.0000000000,0.0112400192
1565,0.0023347201,0.0175579115
1907,0.0084048137,0.0198468156
2297,0.0047536094,0.0100741689
2791,0.0084190587,0.0092653626
3264,0.0044038372,0.0138837132
5071,0.0032867220,0.0084926449
6170,0.0105272133,0.0101211615
8313,0.0087786850,0.0098462128
8803,0.0143907262,0.0000000000
8924,0.0158104766,0.0025972069
641,0.0000000000,0.0076457343
709,0.0010010495,0.0122706897
3020,0.0071101538,0.0149940661
5513,0.0112644138,0.0009042470
6806,0.0156331718,0.0115787734
7586,0.0042407578,0.0000000000
9285,0.0106542981,0.0000000000
642,0.0000000000,0.0145824430
6110,0.0103028247,0.0106596449
8045,0.0122381757,0.0028140910
9337,0.0149227729,0.0000000000
643,0.0000000000,0.0112811730
1817,0.0019517417,0.0079828520
4174,0.0040828320,0.0053969123
8093,0.0055132134,0.0000000000
3917,0.0191764314,0.0110488728
4607,0.0109235176,0.0117575178
4995,0.0139260183,0.0024095730
5003,0.0086492177,0.0084502521
8408,0.0134140662,0.0062877590
9187,0.0116470660,0.0000000000
9863,0.0240770173,0.0016880906
975,0.0015122313,0.0128377735
1186,0.0015122313,0.0082052082
5172,0.0036619216,0.0075348449
5438,0.0100883929,0.0116707521
8190,0.0120711340,0.0037321744
646,0.0000000000,0.0141993585
1945,0.0038169040,0.0144301072
5819,0.0080901734,0.0072835461
6709,0.0183797975,0.0124176034
7680,0.0019954114,0.0068815960
8759,0.0117029306,0.0047215643
647,0.0000000000,0.0156327931
3918,0.0039761942,0.0028812488
7303,0.0047785365,0.0018142631
8750,0.0233296768,0.0023950585
5236,0.0139824031,0.0025321408
5842,0.0063956798,0.0058969822
7512,0.0088162517,0.0072933482
8033,0.0080345515,0.0000000000
649,0.0000000000,0.0091810434
3699,0.0077169486,0.0144313156
6057,0.0060864962,0.0114453749
8036,0.0087131210,0.0049266240
650,0.0000000000,0.0177714150
5697,0.0232455287,0.0084153571
5284,0.0079296076,0.0019227042
652,0.0000000000,0.0157888720
4085,0.0064942836,0.0099728036
4664,0.0147641164,0.0165834255
8015,0.0126083338,0.0039663097
653,0.0000000000,0.0103660080
1619,0.0060856860,0.0259785777
5406,0.0038007368,0.0087701364
5996,0.0075819367,0.0012101866
6509,0.0069546149,0.0074565673
8451,0.0069380601,0.0024065932
9705,0.0119203239,0.0004569614
1744,0.0015989095,0.0092076872
4146,0.0109156104,0.0038096313
6922,0.0147910101,0.0094782479
655,0.0000000000,0.0088622294
1148,0.0045852827,0.0188071960
4372,0.0088261985,0.0100360329
1041,0.0010489845,0.0202229049
1538,0.0036967522,0.0111646693
4012,0.0040236701,0.0137286191
4266,0.0033583612,0.0122811832
4552,0.0100649361,0.0080673698
657,0.0000000000,0.0119002764
1246,0.0032860950,0.0300753740
2497,0.0120223451,0.0189818316
4560,0.0102295858,0.0083652068
5684,0.0112595914,0.0133617551
7320,0.0085248383,0.0038761052
7644,0.0093536627,0.0016922573
9935,0.0103206766,0.0000000000
658,0.0000000000,0.0097135359
4588,0.0045485234,0.0133876892
8018,0.0039518540,0.0000000000
659,0.0000000000,0.0142170262
7205,0.0100582718,0.0046416701
660,0.0000000000,0.0121398514
1739,0.0041223436,0.0144922635
2719,0.0077431092,0.0088272882
3472,0.0039466823,0.0048424936
4336,0.0052105314,0.0106548806
4910,0.0044537591,0.0099927633
7175,0.0139401021,0.0052861757
8997,0.0111851447,0.0056428362
661,0.0000000000,0.0130038922
861,0.0017025885,0.0137582995
3461,0.0087545663,0.0047712960
5101,0.0075601363,0.0085380765
5849,0.0120959073,0.0112745180
7196,0.0124214627,0.0094970272
7634,0.0179847987,0.0000000000
7956,0.0220409609,0.0035274334
1494,0.0009070020,0.0067897332
1546,0.0077933059,0.0103750950
1986,0.0032800805,0.0202361230
5252,0.0118295685,0.0060486964
2569,0.0021281857,0.0123267822
5328,0.0080360199,0.0065081711
5382,0.0051753510,0.0017936241
7069,0.0085993664,0.0053922615
2321,0.0055300464,0.0098145673
3664,0.0067168981,0.0069427006
7806,0.0097500728,0.0050342773
3340,0.0097374514,0.0186833678
4723,0.0165475697,0.0139626566
7395,0.0131358315,0.0117218990
9485,0.0106809877,0.0000000000
9504,0.0142308600,0.0000000000
9371,0.0233699302,0.0000000000
667,0.0000000000,0.0111807654
3017,0.0072285129,0.0077191017
9213,0.0066052065,0.0000000000
2494,0.0107169860,0.0072918207
7015,0.0099737823,0.0017681193
7393,0.0127238470,0.0065042416
669,0.0000000000,0.0106753509
879,0.0013977146,0.0103195125
1270,0.0013977146,0.0090095375
2313,0.0013977146,0.0209298098
1412,0.0021256273,0.0121256913
3879,0.0050195435,0.0105911694
5014,0.0113397089,0.0214280065
6446,0.0222849581,0.0129873845
8274,0.0263606371,0.0020789892
2841,0.0057218618,0.0084676579
3944,0.0045256483,0.0103431346
4471,0.0059119384,0.0110465269
6429,0.0105826087,0.0070360928
6977,0.0117779701,0.0118185221
7016,0.0123119173,0.0028089048
7638,0.0076266632,0.0044387093
9380,0.0139589112,0.0000000000
1568,0.0010148515,0.0116746092
2521,0.0044839275,0.0126162018
4252,0.0043719490,0.0156072894
4392,0.0041898199,0.0071777764
6617,0.0066164531,0.0068025235
673,0.0000000000,0.0141295252
758,0.0018499667,0.0272790727
1169,0.0018499667,0.0117662931
5008,0.0097257029,0.0055468630
6022,0.0102878422,0.0063488000
7745,0.0093967049,0.0068249356
8069,0.0058386341,0.0040407441
9198,0.0131234254,0.0017579837
674,0.0000000000,0.0045253579
2928,0.0040524946,0.0047598483
8165,0.0123054275,0.0015508342
676,0.0000000000,0.0043830836
1322,0.0030586867,0.0136804682
9445,0.0141188848,0.0005848387
677,0.0000000000,0.0046779762
1620,0.0006124834,0.0137615730
3508,0.0035186049,0.0149076773
4034,0.0094821440,0.0079487861
4869,0.0056248957,0.0099549826
5639,0.0024912394,0.0040628420
6303,0.0060254727,0.0067797969
8486,0.0079742166,0.0022693165
678,0.0000000000,0.0207634118
4076,0.0127451294,0.0154049127
4107,0.0163807385,0.0089401715
4965,0.0045752630,0.0026604364
6198,0.0178499388,0.0036070400
6372,0.0260822559,0.0040624771
7380,0.0041738932,0.0021873195
9657,0.0298929860,0.0000000000
679,0.0000000000,0.0187440346
2110,0.0068245685,0.0056956245
3586,0.0139145519,0.0159196761
3734,0.0052476545,0.0051499138
8525,0.0130156162,0.0029662077
9303,0.0092430629,0.0027858621
4115,0.0019590604,0.0042673530
4181,0.0104494883,0.0047365282
8967,0.0110873178,0.0000000000
9857,0.0085328332,0.0000000000
1164,0.0040393360,0.0117459467
5012,0.0065017010,0.0090301868
6474,0.0050694813,0.0010306089
6780,0.0091097304,0.0035708517
8054,0.0116237523,0.0000000000
9140,0.0070404857,0.0003910189
4640,0.0065412324,0.0084311232
6242,0.0077900361,0.0083784558
6929,0.0158202486,0.0034690938
7713,0.0108370186,0.0035951087
8856,0.0129840955,0.0049751554
8898,0.0209125794,0.0015392456
9615,0.0206572121,0.0017022777
683,0.0000000000,0.0092139183
1202,0.0024641906,0.0147694731
3774,0.0039190792,0.0052046727
4855,0.0084023224,0.0037632565
684,0.0000000000,0.0058967729
914,0.0007720595,0.0177511263
1264,0.0007720595,0.0100372173
1982,0.0023090795,0.0080651233
5869,0.0019987727,0.0036839775
6017,0.0051882058,0.0083775457
685,0.0000000000,0.0165185950
732,0.0021627656,0.0053356805
2385,0.0021627656,0.0119396884
4561,0.0082313371,0.0048926124
7228,0.0054634366,0.0047271104
9152,0.0142872971,0.0000000000
686,0.0000000000,0.0237812848
1518,0.0073007513,0.0267852947
2606,0.0130088971,0.0209458438
2858,0.0093619777,0.0168682611
5955,0.0126150592,0.0068973286
6253,0.0100902275,0.0056257024
6987,0.0156922665,0.0000000000
9876,0.0125317972,0.0000000000
687,0.0000000000,0.0066635681
1269,0.0027699366,0.0153485683
3870,0.0054255447,0.0096652632
8112,0.0069478923,0.0000000000
8699,0.0033831175,0.0014931890
855,0.0008812070,0.0146729841
1344,0.0008812070,0.0169724806
1590,0.0008812070,0.0103567608
4444,0.0072194795,0.0083073544
7164,0.0078187531,0.0015673938
7725,0.0211660010,0.0158022066
689,0.0000000000,0.0159676189
1962,0.0056287734,0.0081618468
5986,0.0101485157,0.0153659925
7981,0.0267782725,0.0000000000
690,0.0000000000,0.0281105125
5261,0.0206506769,0.0152200778
6202,0.0096723410,0.0050486789
7080,0.0155922120,0.0024412747
8210,0.0089185954,0.0076687089
8275,0.0205471841,0.0036902991
691,0.0000000000,0.0316321573
3769,0.0119339055,0.0036740414
5099,0.0123276464,0.0083771244
6215,0.0276010965,0.0036365821
6960,0.0191166485,0.0036443675
9593,0.0200067943,0.0000000000
692,0.0000000000,0.0171832491
1267,0.0031489153,0.0153296075
3097,0.0054607628,0.0122507093
5111,0.0055001101,0.0053473944
7488,0.0087113398,0.0007212415
693,0.0000000000,0.0122168589
1614,0.0035779796,0.0146016697
2809,0.0029846748,0.0117113327
4111,0.0089807842,0.0199696374
8155,0.0215812581,0.0026828961
8227,0.0205260343,0.0027100965
8412,0.0063202585,0.0039642668
1076,0.0016545837,0.0106522143
1804,0.0016545837,0.0020682821
1840,0.0038147302,0.0211912185
4873,0.0139946886,0.0057402475
7187,0.0059555079,0.0018879038
7381,0.0089763906,0.0033363277
9443,0.0154965801,0.0000000000
695,0.0000000000,0.0186889604
4580,0.0142913958,0.0014889417
5096,0.0290117406,0.0107288555
9532,0.0086437587,0.0024713128
9950,0.0068927840,0.0000000000
696,0.0000000000,0.0358135316
956,0.0046890352,0.0092011228
1794,0.0046890352,0.0145915760
6483,0.0228249147,0.0096354607
6612,0.0186264844,0.0038297741
6946,0.0090386282,0.0032410334
7514,0.0225998636,0.0019964903
7650,0.0109875256,0.0023505308
8878,0.0277302044,0.0000000000
9957,0.0211649788,0.0000000000
1513,0.0012934608,0.0162980841
1664,0.0015624779,0.0111271975
2477,0.0146031873,0.0110232012
4661,0.0022579336,0.0063828433
6783,0.0082943639,0.0109955844
698,0.0000000000,0.0107165590
4958,0.0029670532,0.0138363667
8066,0.0117037459,0.0014377547
9223,0.0308401314,0.0000000000
9550,0.0125994516,0.0000000000
699,0.0000000000,0.0152988321
3504,0.0080555353,0.0109480896
4192,0.0040440816,0.0011118630
8597,0.0176144853,0.0049992761
8749,0.0142910676,0.0030597864
700,0.0000000000,0.0152786920
2225,0.0089508333,0.0111405178
4532,0.0056731526,0.0064818419
5546,0.0071096493,0.0072169480
5722,0.0109080303,0.0013359521
6260,0.0122246709,0.0025755066
6973,0.0058092916,0.0074886360
9546,0.0055712986,0.0027137278
9916,0.0221665391,0.0000000000
701,0.0000000000,0.0153049185
5075,0.0154533158,0.0053836454
5202,0.0161918866,0.0090359801
5967,0.0153703978,0.0041783372
9378,0.0110868092,0.0000000000
6028,0.0056075764,0.0000000000
9896,0.0109106654,0.0000000000
2433,0.0022069047,0.0077787730
8634,0.0072951474,0.0012034989
9816,0.0108704475,0.0018039883
704,0.0000000000,0.0117505410
1971,0.0015384883,0.0192533675
5299,0.0024460742,0.0099180432
6323,0.0093513887,0.0164553473
6409,0.0102761782,0.0060075434
7079,0.0078454248,0.0093887613
7818,0.0132077206,0.0021488554
2867,0.0045732353,0.0137650203
2906,0.0026969702,0.0124509572
3922,0.0080973319,0.0088775870
3985,0.0026969702,0.0092993335
5112,0.0060565460,0.0144933389
7280,0.0138091067,0.0065573179
7363,0.0039695577,0.0036316701
7974,0.0230871117,0.0041690723
9062,0.0098985024,0.0006798585
9604,0.0176842561,0.0023422368
706,0.0000000000,0.0198799795
3189,0.0044151376,0.0111582760
4625,0.0072255098,0.0094451174
5093,0.0059749049,0.0022767189
7897,0.0284403367,0.0020039249
8621,0.0264834665,0.0015399345
9611,0.0147518815,0.0000000000
922,0.0017608706,0.0086560091
2434,0.0026801816,0.0119959298
2681,0.0031683397,0.0070053702
3078,0.0056904113,0.0071908414
6269,0.0044296737,0.0118731524
7942,0.0114822260,0.0032636440
1786,0.0030975101,0.0120239347
2305,0.0006573785,0.0097264624
8327,0.0051137205,0.0031131988
1556,0.0038433829,0.0127231226
4262,0.0043818875,0.0073726560
5393,0.0064209434,0.0028247627
5527,0.0107896774,0.0030583693
7812,0.0120715516,0.0026373201
710,0.0000000000,0.0151840711
3425,0.0035406250,0.0042135240
3897,0.0046965849,0.0089465123
5240,0.0052397255,0.0045265336
5296,0.0079234584,0.0063366644
6424,0.0081845169,0.0033626345
7430,0.0129376938,0.0078309873
8361,0.0108805820,0.0020785728
711,0.0000000000,0.0283898388
4248,0.0073221056,0.0015250254
4251,0.0169142556,0.0040186965
5696,0.0071752534,0.0156538164
7184,0.0129082912,0.0030322217
7811,0.0164249405,0.0036303085
8394,0.0179521752,0.0016884548
712,0.0000000000,0.0120362809
998,0.0015759000,0.0138734689
3111,0.0036744173,0.0092264432
7784,0.0082627814,0.0028676818
713,0.0000000000,0.0139670719
993,0.0047732925,0.0071084194
8653,0.0136169670,0.0061941750
714,0.0000000000,0.0112563362
2188,0.0038720241,0.0128184417
2247,0.0027608940,0.0219136029
4470,0.0125381495,0.0109790847
7993,0.0096006000,0.0024324453
9491,0.0056726783,0.0014166270
715,0.0000000000,0.0154078978
2515,0.0043054371,0.0080541871
3619,0.0072128571,0.0030572991
7270,0.0222063588,0.0026406137
8734,0.0102249229,0.0006305967
5664,0.0137404462,0.0102355784
5884,0.0058729901,0.0118548768
7625,0.0270771590,0.0031500387
717,0.0000000000,0.0176853718
3625,0.0072826088,0.0108336583
3932,0.0082241465,0.0170814573
3969,0.0039526565,0.0010029261
4398,0.0091333594,0.0041004049
7865,0.0074251182,0.0079483705
8075,0.0094097031,0.0070453499
8452,0.0059229313,0.0013770693
9953,0.0103374397,0.0000000000
718,0.0000000000,0.0107021354
1436,0.0033953562,0.0043097701
4722,0.0051241778,0.0084225805
8827,0.0084495846,0.0000000000
719,0.0000000000,0.0156651361
2748,0.0052046239,0.0093808563
5776,0.0187661531,0.0035264352
6762,0.0115011730,0.0060250234
9282,0.0232355528,0.0029474755
720,0.0000000000,0.0286366957
1391,0.0037493782,0.0149097830
1805,0.0048723320,0.0034454313
2889,0.0081804721,0.0041260655
4603,0.0184972409,0.0091523647
4840,0.0133220650,0.0126189485
5300,0.0090170488,0.0030033742
6782,0.0194478184,0.0051177440
8737,0.0167091532,0.0000000000
721,0.0000000000,0.0159134152
954,0.0020835299,0.0071570349
2073,0.0036736448,0.0085871978
5845,0.0067563353,0.0058452341
6011,0.0053109821,0.0022452216
8990,0.0108213120,0.0000000000
9460,0.0193752956,0.0000000000
722,0.0000000000,0.0086271681
927,0.0036143610,0.0195124342
8149,0.0083111296,0.0028772530
1720,0.0028218565,0.0037437588
1968,0.0101537409,0.0129746155
2480,0.0067176992,0.0195028690
2713,0.0094319390,0.0051714475
4985,0.0131409671,0.0231708954
5360,0.0139546641,0.0170522365
5974,0.0088900194,0.0031029450
6382,0.0073469666,0.0019563570
9141,0.0137932685,0.0028970197
724,0.0000000000,0.0065348823
1156,0.0008556066,0.0122061429
2410,0.0008556066,0.0062877455
3289,0.0073562436,0.0086322242
5289,0.0069653574,0.0036482026
5405,0.0100185585,0.0103966159
725,0.0000000000,0.0154899368
2668,0.0020280842,0.0014668212
3036,0.0042928367,0.0097577318
5067,0.0125708730,0.0000000000
5860,0.0283613555,0.0084511456
6837,0.0156057664,0.0035478752
9549,0.0105320089,0.0000000000
726,0.0000000000,0.0184105565
2206,0.0081266134,0.0109309459
5945,0.0111401409,0.0023763466
6871,0.0219393700,0.0046141944
9528,0.0205941941,0.0000000000
727,0.0000000000,0.0097813141
2151,0.0012806591,0.0147261358
4369,0.0060217121,0.0085736909
4589,0.0015374333,0.0210922058
6495,0.0150993444,0.0088543811
1086,0.0014867993,0.0190853975
4139,0.0018768562,0.0148114911
5139,0.0051112432,0.0012190181
7516,0.0039953980,0.0000000000
7535,0.0042164032,0.0021809523
8077,0.0142746059,0.0045288370
1288,0.0017959200,0.0073529188
1768,0.0029771516,0.0209584958
1943,0.0017959200,0.0194381090
3252,0.0066633927,0.0067989613
4104,0.0071309430,0.0021042081
8576,0.0121220801,0.0000000000
9975,0.0169150524,0.0000000000
1746,0.0021796716,0.0143133194
2097,0.0020933708,0.0170444697
3600,0.0120513607,0.0106203769
731,0.0000000000,0.0189287348
4783,0.0030576911,0.0075727032
6214,0.0127121429,0.0042296299
6596,0.0103196847,0.0147382232
6750,0.0077428439,0.0015787485
7106,0.0102209533,0.0065155671
3031,0.0014899792,0.0128768515
3351,0.0072079940,0.0124881872
3637,0.0044917210,0.0072596166
3806,0.0071331103,0.0142077963
4912,0.0160744374,0.0172300911
6718,0.0137775841,0.0018632884
2382,0.0015137857,0.0094065200
4796,0.0055644112,0.0056025020
9144,0.0090442360,0.0056458909
735,0.0000000000,0.0155656519
4513,0.0081849302,0.0078238825
7141,0.0108560961,0.0062920509
736,0.0000000000,0.0150011121
2170,0.0057189935,0.0140253936
2485,0.0032096825,0.0223649022
3558,0.0019640828,0.0136518772
3718,0.0100728250,0.0174484339
3949,0.0019640828,0.0133484034
6447,0.0107380720,0.0153029532
6971,0.0072262393,0.0012179156
8426,0.0067873670,0.0000000000
8894,0.0165402958,0.0008848287
737,0.0000000000,0.0055875539
6426,0.0079618173,0.0107825089
738,0.0000000000,0.0075656163
2508,0.0025711132,0.0131220868
2955,0.0044649770,0.0146818167
3037,0.0043719684,0.0198550259
3158,0.0124599808,0.0043552498
4772,0.0058908647,0.0050317137
739,0.0000000000,0.0224767044
953,0.0029428558,0.0151806816
1530,0.0029428558,0.0124080998
5022,0.0088456944,0.0067144822
5543,0.0119258030,0.0048721153
6664,0.0172926873,0.0044279770
7146,0.0122700914,0.0018461314
8598,0.0062298679,0.0078501750
9184,0.0121701829,0.0034765603
9384,0.0203765256,0.0000000000
9766,0.0133616980,0.0000000000
1646,0.0064895987,0.0093765639
3611,0.0076956692,0.0072272520
5852,0.0114179092,0.0063633449
6340,0.0084044189,0.0064611417
8522,0.0185244140,0.0026733012
8916,0.0106067575,0.0071377689
741,0.0000000000,0.0115711973
1378,0.0015150070,0.0101242796
6622,0.0177510873,0.0047783094
8208,0.0070041469,0.0063644946
8692,0.0181351633,0.0000000000
9838,0.0038783679,0.0000000000
1882,0.0031541247,0.0093625409
6751,0.0147749008,0.0043287584
6812,0.0147135644,0.0061932410
743,0.0000000000,0.0128036170
3791,0.0070120621,0.0308819399
4188,0.0066127092,0.0387878609
7104,0.0192138268,0.0048844317
7958,0.0260911109,0.0060201525
8184,0.0055416371,0.0049514946
9045,0.0112082339,0.0000000000
1775,0.0013990129,0.0236718768
2661,0.0029397665,0.0130933220
7247,0.0114789742,0.0145572754
7417,0.0085756168,0.0027596527
9132,0.0140956585,0.0034109032
9750,0.0084833452,0.0027711103
745,0.0000000000,0.0086045920
1566,0.0011265919,0.0018870264
9730,0.0149364189,0.0000000000
746,0.0000000000,0.0143153659
1684,0.0018742987,0.0160897632
2857,0.0018742987,0.0075853028
5074,0.0105150387,0.0127588093
6252,0.0154697425,0.0022458484
6864,0.0129544775,0.0083087364
6912,0.0053086951,0.0047737866
7081,0.0136168420,0.0000000000
9391,0.0199062734,0.0073698506
747,0.0000000000,0.0108945995
948,0.0047008419,0.0127583369
3609,0.0115063455,0.0230395967
5627,0.0073166292,0.0087777230
5649,0.0098452395,0.0054789926
7336,0.0109244513,0.0059772802
9316,0.0079476896,0.0015711881
748,0.0000000000,0.0126129674
1583,0.0016514051,0.0112369938
5919,0.0072305637,0.0200195697
8586,0.0161941031,0.0018520788
9558,0.0060353859,0.0000000000
9678,0.0188436231,0.0000000000
4395,0.0056313250,0.0060239748
5518,0.0115924080,0.0073152570
6595,0.0121851348,0.0070640317
7052,0.0111547578,0.0036983722
8253,0.0129249789,0.0000000000
9625,0.0079734277,0.0000000000
751,0.0000000000,0.0213607610
3622,0.0078114694,0.0050914741
3855,0.0101899716,0.0095156693
5235,0.0171188401,0.0024307512
8372,0.0184838213,0.0016484670
752,0.0000000000,0.0135886781
1637,0.0017791541,0.0098889143
5707,0.0182873208,0.0096830018
8830,0.0138983492,0.0009069711
9138,0.0151490265,0.0028970197
9696,0.0073951427,0.0000000000
753,0.0000000000,0.0133328542
3514,0.0102410578,0.0090353852
4933,0.0178578665,0.0042082784
7203,0.0238388204,0.0093872917
8764,0.0089193568,0.0000000000
754,0.0000000000,0.0163253077
3497,0.0082793224,0.0071745289
5818,0.0078375932,0.0069209045
6226,0.0224785425,0.0118023834
9531,0.0138928521,0.0000000000
9967,0.0135371537,0.0000000000
756,0.0000000000,0.0115223981
1216,0.0026728895,0.0135828175
2236,0.0028530241,0.0054512139
2360,0.0015086178,0.0039209900
6979,0.0151582481,0.0068503116
5623,0.0102959213,0.0038727626
6801,0.0147447261,0.0000000000
1959,0.0062784776,0.0075415731
3401,0.0056242860,0.0019672173
6613,0.0148238633,0.0129778359
6686,0.0125383231,0.0100741737
7935,0.0157344826,0.0029698676
8276,0.0173014230,0.0033697326
9673,0.0115911078,0.0000000000
759,0.0000000000,0.0221029179
1770,0.0028939162,0.0050429246
3022,0.0080954007,0.0194042944
4339,0.0129187400,0.0133711730
6332,0.0153516428,0.0031539890
8823,0.0169219514,0.0025409632
760,0.0000000000,0.0145721404
5343,0.0065879529,0.0076651749
5995,0.0121862108,0.0056119919
6262,0.0069515812,0.0029124687
6489,0.0081383268,0.0072707348
7616,0.0116102426,0.0046515384
8282,0.0175885498,0.0000000000
9455,0.0115845987,0.0025196530
761,0.0000000000,0.0158864393
3988,0.0052396029,0.0153959328
4657,0.0112667508,0.0114269053
6310,0.0080094043,0.0069168760
2316,0.0058650662,0.0102272708
4550,0.0077109188,0.0196189047
5267,0.0069881101,0.0132693071
7231,0.0067030421,0.0044325141
9801,0.0121736409,0.0000000000
1764,0.0034076455,0.0097008419
3649,0.0035213745,0.0130139560
4235,0.0033283944,0.0112360494
4713,0.0119022629,0.0136589300
6775,0.0057399086,0.0079255057
764,0.0000000000,0.0128374726
3919,0.0067707282,0.0098892247
4352,0.0129554430,0.0047126118
4547,0.0022329539,0.0091980176
4896,0.0049380261,0.0036438421
5695,0.0115400900,0.0158028709
7651,0.0115187250,0.0075473609
9052,0.0119951871,0.0000000000
1627,0.0083924613,0.0076387051
2060,0.0017842552,0.0228045152
6761,0.0095651063,0.0000000000
7757,0.0127277729,0.0000000000
8189,0.0140215985,0.0050673682
3107,0.0034007008,0.0036261747
4042,0.0099619926,0.0101576909
4141,0.0098111141,0.0017331140
6353,0.0072412368,0.0108984447
6727,0.0113877549,0.0030248475
6779,0.0112339459,0.0038651819
7841,0.0141694560,0.0053872834
9392,0.0098239061,0.0082703563
767,0.0000000000,0.0151038317
2614,0.0068916780,0.0105232332
3122,0.0019775318,0.0034974368
6805,0.0113370686,0.0041554755
8079,0.0173332395,0.0053148507
9541,0.0165811838,0.0046246560
768,0.0000000000,0.0084923313
1165,0.0056360659,0.0108642142
1291,0.0011118937,0.0070883805
3866,0.0020388224,0.0190397455
4553,0.0067265957,0.0022353174
7800,0.0220103851,0.0029653994
769,0.0000000000,0.0151364929
1760,0.0046170355,0.0143817404
6616,0.0036524168,0.0050645338
6636,0.0124446207,0.0044182156
6754,0.0062607691,0.0074282746
7866,0.0069874210,0.0053821422
8758,0.0110409473,0.0023252755
770,0.0000000000,0.0087300157
1330,0.0011430135,0.0116048936
1609,0.0033000639,0.0106132964
4103,0.0028001472,0.0059919590
771,0.0000000000,0.0079811291
817,0.0010449624,0.0205202646
3594,0.0010449624,0.0204179188
4701,0.0217146830,0.0088351309
6378,0.0074583759,0.0065912346
8645,0.0128971458,0.0104321960
772,0.0000000000,0.0045692233
3583,0.0036337965,0.0102081407
3627,0.0023948677,0.0036838156
4191,0.0026711476,0.0213154466
7444,0.0054002748,0.0041761449
8900,0.0041849416,0.0000000000
774,0.0000000000,0.0154143206
3280,0.0020181839,0.0266329149
4118,0.0087319239,0.0092069684
4531,0.0084668269,0.0142123654
4787,0.0088793762,0.0062754771
5681,0.0031181261,0.0058454742
7391,0.0125417607,0.0046313891
8321,0.0219623778,0.0020809554
775,0.0000000000,0.0098714473
2879,0.0061411508,0.0055320109
4746,0.0037161102,0.0065089048
6107,0.0113596580,0.0019133640
7737,0.0086378467,0.0112369471
7922,0.0095933228,0.0023596799
776,0.0000000000,0.0190581027
1749,0.0032141679,0.0180567858
2128,0.0024952612,0.0108575430
6044,0.0046259127,0.0015512630
6526,0.0198430354,0.0116416451
6881,0.0132453330,0.0043108196
7209,0.0112011355,0.0078034364
1031,0.0036420811,0.0132327067
2259,0.0013530439,0.0124013751
4322,0.0074210041,0.0073877271
6102,0.0110906467,0.0051777514
6703,0.0084118889,0.0021576695
6978,0.0071963809,0.0089049365
1217,0.0013438794,0.0056745228
2049,0.0026960106,0.0068233976
7895,0.0198996984,0.0066653863
2200,0.0030291092,0.0155039750
2202,0.0041008743,0.0099743465
3236,0.0105690132,0.0098800857
4138,0.0088166011,0.0107657326
5080,0.0081740425,0.0146156409
6726,0.0077094937,0.0070448577
7834,0.0105379690,0.0031207211
780,0.0000000000,0.0162404325
3317,0.0065446188,0.0132386606
4288,0.0110907290,0.0054433631
4432,0.0032307402,0.0073621676
4616,0.0037897102,0.0033390409
6687,0.0104350186,0.0035172332
6690,0.0284400635,0.0062536868
782,0.0000000000,0.0084765437
6828,0.0166849530,0.0062365770
8867,0.0045679896,0.0000000000
783,0.0000000000,0.0125258461
1733,0.0035611197,0.0115118589
1951,0.0062370284,0.0174297024
8061,0.0134777646,0.0000000000
9573,0.0100833529,0.0000000000
2381,0.0083880612,0.0172541001
2773,0.0048200603,0.0103243706
5944,0.0083903730,0.0017098335
1683,0.0013737927,0.0223037118
1874,0.0013737927,0.0061026221
4738,0.0037338851,0.0076438809
5807,0.0087834433,0.0127237575
6756,0.0095551019,0.0002433764
7353,0.0103349861,0.0045147114
1192,0.0022822024,0.0023200533
1468,0.0022822024,0.0095445288
5019,0.0117586303,0.0067836700
8192,0.0118220559,0.0050059983
9919,0.0126234787,0.0000000000
1996,0.0080378175,0.0107978516
2566,0.0025142123,0.0110119684
4654,0.0047522093,0.0088499087
5025,0.0140775482,0.0144634781
5751,0.0203410969,0.0082985321
8842,0.0181841329,0.0082534016
9989,0.0062477795,0.0000000000
788,0.0000000000,0.0088013971
1700,0.0011523594,0.0043526725
3056,0.0066165987,0.0171980942
6923,0.0161310107,0.0011788731
789,0.0000000000,0.0111709136
1218,0.0029828485,0.0139332443
6934,0.0092217948,0.0105825621
7424,0.0071468376,0.0008597599
7953,0.0058237490,0.0008037142
8548,0.0172054191,0.0026969356
1036,0.0029655117,0.0070202728
2224,0.0057176955,0.0219651794
2854,0.0027080750,0.0098516161
5519,0.0202089225,0.0036808704
6965,0.0088456041,0.0008828444
7394,0.0104007507,0.0038909828
1991,0.0043242424,0.0218373019
2329,0.0026009173,0.0167366488
5817,0.0045752128,0.0130159398
7947,0.0156656250,0.0000000000
792,0.0000000000,0.0164330077
1451,0.0047338599,0.0237138462
1808,0.0039158331,0.0244998427
6625,0.0108890059,0.0096670026
9530,0.0370421284,0.0000000000
793,0.0000000000,0.0118582264
4259,0.0055226826,0.0065164426
5893,0.0150651106,0.0040777154
7253,0.0111820333,0.0059307110
5657,0.0131242835,0.0012200726
7615,0.0252931247,0.0017590236
9740,0.0096279300,0.0000000000
795,0.0000000000,0.0156363377
6171,0.0139475873,0.0036198085
8642,0.0146355738,0.0040738651
9353,0.0153676083,0.0022602236
9837,0.0150689088,0.0007570702
796,0.0000000000,0.0201721402
2088,0.0069575113,0.0116239727
3254,0.0047241432,0.0316582081
4208,0.0109758443,0.0052441334
4499,0.0033127017,0.0165539076
5160,0.0157985756,0.0121427439
5609,0.0194016208,0.0060833090
896,0.0025388288,0.0053453278
6764,0.0111384654,0.0000000000
7044,0.0161205524,0.0027831878
8303,0.0203148845,0.0000000000
8392,0.0107421130,0.0052233141
1302,0.0025438642,0.0044492216
1928,0.0085590634,0.0134725423
4493,0.0090510254,0.0088940105
7485,0.0197007761,0.0090519552
799,0.0000000000,0.0176555507
3631,0.0053561137,0.0126997540
3720,0.0040471245,0.0083699484
4179,0.0100222996,0.0102381535
9945,0.0241119125,0.0000000000
800,0.0000000000,0.0124328354
2116,0.0026801886,0.0160074851
2590,0.0102112225,0.0076111641
5966,0.0098089430,0.0111961379
7690,0.0147450557,0.0000000000
9298,0.0061251735,0.0000000000
4903,0.0087847289,0.0063748432
4936,0.0116857176,0.0078813466
5285,0.0055620932,0.0045449324
2732,0.0028827500,0.0165732939
3381,0.0021332357,0.0074132234
4145,0.0178939955,0.0136977462
7191,0.0174633980,0.0077607036
7439,0.0111318385,0.0012303032
9824,0.0099246110,0.0000000000
803,0.0000000000,0.0211459438
6138,0.0186402307,0.0000000000
6417,0.0117279767,0.0061473909
3288,0.0084833179,0.0095321280
5806,0.0068527070,0.0024079304
7534,0.0125931280,0.0011480423
7856,0.0102451761,0.0013985921
8437,0.0026748289,0.0014707240
8826,0.0125404100,0.0019043017
8893,0.0074014936,0.0081480984
9148,0.0058015402,0.0000000000
805,0.0000000000,0.0105204664
1095,0.0013774357,0.0167750612
3241,0.0109214114,0.0053594356
3928,0.0056906050,0.0082622932
9660,0.0176100058,0.0000000000
2622,0.0067297326,0.0115520669
5292,0.0199055789,0.0127505546
7001,0.0053377896,0.0035842312
7482,0.0111405526,0.0038410539
807,0.0000000000,0.0195358335
1717,0.0025578100,0.0125349076
2050,0.0058710753,0.0260579451
3914,0.0077503357,0.0037413600
4040,0.0060475703,0.0120327375
5472,0.0125181637,0.0023092412
5906,0.0061782420,0.0068226469
7619,0.0136540712,0.0000000000
8913,0.0087495278,0.0015442606
9482,0.0236125914,0.0018290812
1116,0.0007053680,0.0144026829
7406,0.0126970292,0.0011060008
809,0.0000000000,0.0063041463
1309,0.0015478291,0.0099625372
3226,0.0012118949,0.0123944502
5530,0.0089683608,0.0024316767
7582,0.0067429153,0.0040584504
9490,0.0074590331,0.0000000000
810,0.0000000000,0.0218799940
4455,0.0176060014,0.0125321681
4901,0.0084510797,0.0048379207
5312,0.0131446693,0.0068124530
8610,0.0104789798,0.0030451750
1245,0.0037594397,0.0112950182
1644,0.0038876085,0.0046585318
3169,0.0050118673,0.0020535168
5302,0.0097650243,0.0084064900
5676,0.0090989730,0.0048608322
9787,0.0127849044,0.0021128058
812,0.0000000000,0.0182755656
4279,0.0040724478,0.0079371873
7886,0.0155490355,0.0023342330
9178,0.0083165189,0.0032242761
904,0.0017573851,0.0138630391
2699,0.0052319559,0.0112898166
5550,0.0053608218,0.0017723932
815,0.0000000000,0.0068672801
1456,0.0026453237,0.0135920429
5030,0.0015205360,0.0099212667
9237,0.0142538473,0.0000000000
2478,0.0016521479,0.0190185672
7591,0.0070605689,0.0037291296
7743,0.0118562765,0.0029077509
8534,0.0180944782,0.0028411203
8860,0.0063012488,0.0015033276
6128,0.0052392091,0.0127256941
6258,0.0070101353,0.0041225812
6414,0.0092448787,0.0057070205
6530,0.0065124671,0.0036412256
9749,0.0258928766,0.0000000000
818,0.0000000000,0.0261588702
830,0.0034249586,0.0056618412
1925,0.0052703157,0.0172304914
3499,0.0094986849,0.0301908695
5562,0.0059985636,0.0189265320
6600,0.0177254342,0.0108001050
8612,0.0097419566,0.0048240649
2344,0.0010725449,0.0122455055
8914,0.0046233885,0.0064877436
9907,0.0081010072,0.0000000000
4636,0.0056473637,0.0053331490
7122,0.0174626665,0.0053900298
8355,0.0061385414,0.0000000000
8668,0.0133014813,0.0000000000
2490,0.0051864787,0.0155734460
5824,0.0124042026,0.0117132226
8945,0.0108900345,0.0043999109
2921,0.0096564405,0.0172290137
4165,0.0072402482,0.0115630280
7857,0.0078229740,0.0035340315
8988,0.0113841673,0.0063742800
824,0.0000000000,0.0086343095
1875,0.0025922634,0.0165228545
9653,0.0113501597,0.0000000000
4792,0.0020331513,0.0078398178
6451,0.0025340799,0.0108677570
7040,0.0112575975,0.0064259584
9822,0.0125905268,0.0000000000
4152,0.0030952020,0.0060782156
827,0.0000000000,0.0352549929
8784,0.0264250292,0.0023680921
8792,0.0101479446,0.0049495356
8800,0.0249384440,0.0022602236
9278,0.0205396995,0.0000000000
9557,0.0218197817,0.0000000000
2467,0.0084868348,0.0055797057
2938,0.0057441507,0.0264725081
3549,0.0070001155,0.0182319728
4759,0.0160731036,0.0132620953
6647,0.0083588658,0.0035495502
8996,0.0095373450,0.0000000000
9169,0.0186309717,0.0060573794
9527,0.0136157113,0.0000000000
2656,0.0026993605,0.0049507888
3485,0.0039896639,0.0146326739
2069,0.0007413000,0.0147102908
5372,0.0082332871,0.0157550002
7174,0.0055128760,0.0044317581
7193,0.0086841574,0.0040267070
9162,0.0080887826,0.0000000000
831,0.0000000000,0.0289146419
6981,0.0197451394,0.0091084968
7620,0.0190648426,0.0000000000
9717,0.0247045216,0.0028550389
832,0.0000000000,0.0174338289
7219,0.0061783267,0.0000000000
833,0.0000000000,0.0048438186
1672,0.0019925994,0.0035979242
2738,0.0018968519,0.0038606064
7560,0.0059489801,0.0078148380
3245,0.0033101825,0.0162713087
5141,0.0084247834,0.0040544660
1408,0.0021343371,0.0164985913
3978,0.0133506471,0.0107413721
5811,0.0167021544,0.0105826953
7260,0.0135483516,0.0039909496
7388,0.0057149531,0.0039412600
8281,0.0128555210,0.0027100965
9418,0.0139947054,0.0000000000
2511,0.0047323143,0.0131044359
5253,0.0075726989,0.0050416390
4353,0.0068500339,0.0165897852
5977,0.0147861204,0.0039558607
8381,0.0258126217,0.0026064764
9012,0.0180868248,0.0013123489
1037,0.0040509369,0.0100257238
3250,0.0027549285,0.0090857249
5600,0.0057065582,0.0098944036
7186,0.0113431417,0.0010338155
9446,0.0140005833,0.0022227780
839,0.0000000000,0.0221957936
1094,0.0029060763,0.0137395224
1898,0.0045017100,0.0079586208
5467,0.0181569096,0.0037885516
7675,0.0224348054,0.0024707350
8660,0.0146137375,0.0061674517
9539,0.0177340873,0.0021780641
840,0.0000000000,0.0099810308
2209,0.0013068079,0.0220483559
2443,0.0023358971,0.0149795771
2818,0.0018841352,0.0143303850
3416,0.0061096456,0.0156724058
3535,0.0041894368,0.0064335740
6435,0.0060256116,0.0020396289
7598,0.0109726742,0.0009586144
841,0.0000000000,0.0133126471
2348,0.0064361127,0.0163335027
7523,0.0160008280,0.0010911461
842,0.0000000000,0.0085235305
4331,0.0060066132,0.0112606616
7356,0.0250020690,0.0021709604
9083,0.0048002689,0.0000000000
1862,0.0022718864,0.0105160791
5170,0.0109850606,0.0151689461
6574,0.0151235166,0.0106264496
7163,0.0144545302,0.0080254780
1532,0.0034648658,0.0142447054
4908,0.0083121259,0.0130423929
5115,0.0124761866,0.0186372723
9579,0.0101510885,0.0059616399
9894,0.0124471803,0.0032127766
3780,0.0034613432,0.0152033999
8348,0.0167246442,0.0019919934
846,0.0000000000,0.0131231519
2005,0.0017182031,0.0117071259
2354,0.0127694869,0.0111440583
3432,0.0102543808,0.0071592622
4184,0.0056937806,0.0135316112
7983,0.0067981655,0.0033709357
847,0.0000000000,0.0064674029
1553,0.0008467716,0.0094227553
3084,0.0008467716,0.0063717070
4952,0.0036418548,0.0091424448
8617,0.0133079691,0.0019827280
848,0.0000000000,0.0189783046
8459,0.0259785580,0.0000000000
1446,0.0020068848,0.0096955345
2991,0.0043942174,0.0177969070
6297,0.0083096867,0.0070322053
7562,0.0115867131,0.0047951174
9220,0.0055068325,0.0000000000
850,0.0000000000,0.0250192084
4051,0.0138722600,0.0120570958
4193,0.0186047485,0.0142688445
4343,0.0072405034,0.0074883032
5257,0.0132942818,0.0077731687
8487,0.0166939529,0.0005704266
851,0.0000000000,0.0167081239
2129,0.0046791803,0.0120380626
2395,0.0046545356,0.0155092096
3937,0.0048923649,0.0103209078
6916,0.0140204557,0.0136912316
8195,0.0148911810,0.0071432720
1542,0.0012421320,0.0076597845
5659,0.0129983565,0.0026009945
6658,0.0156021564,0.0016390765
853,0.0000000000,0.0229685974
4557,0.0052235121,0.0209607646
4922,0.0097960567,0.0107790738
5205,0.0147947290,0.0131417665
5805,0.0121905764,0.0051205409
7714,0.0216357597,0.0039481240
854,0.0000000000,0.0225476253
5355,0.0121019375,0.0058275432
7162,0.0090617750,0.0000000000
7837,0.0149845654,0.0031300853
8023,0.0092990439,0.0000000000
9792,0.0183033855,0.0000000000
6757,0.0056385980,0.0029298170
856,0.0000000000,0.0094101146
3598,0.0026277270,0.0146721571
6199,0.0052950616,0.0101517558
8725,0.0042228487,0.0000000000
857,0.0000000000,0.0034102564
1320,0.0006619370,0.0136896692
2985,0.0007822920,0.0093560721
2539,0.0022069467,0.0113285620
3778,0.0081000679,0.0126567211
5087,0.0087092618,0.0061915396
9856,0.0205950333,0.0037836687
859,0.0000000000,0.0099490810
4426,0.0023799158,0.0026497167
7073,0.0170238844,0.0068149789
8835,0.0186427736,0.0040864174
8984,0.0116490294,0.0019047104
1595,0.0005409678,0.0270383222
3670,0.0083693642,0.0085544098
6225,0.0052151654,0.0052013225
7264,0.0091431081,0.0042405611
885,0.0018013624,0.0041533414
4878,0.0089538891,0.0074944147
5378,0.0087867705,0.0053070837
8128,0.0125353367,0.0032603064
1681,0.0025894558,0.0106681115
2836,0.0067668091,0.0105063241
8229,0.0104674741,0.0000000000
1306,0.0016947580,0.0223112384
1774,0.0034916168,0.0092962143
8202,0.0146635658,0.0028507874
9096,0.0135704913,0.0000000000
864,0.0000000000,0.0118386273
5650,0.0063649782,0.0154382139
6833,0.0169942259,0.0070258561
7335,0.0120103231,0.0009616635
7350,0.0059171096,0.0043425995
865,0.0000000000,0.0095957804
1394,0.0030972835,0.0275356163
1516,0.0042618821,0.0131195380
3080,0.0047160366,0.0179068150
5463,0.0058569162,0.0120795581
7777,0.0101761377,0.0013040446
7937,0.0087183156,0.0000000000
9621,0.0197551815,0.0000000000
867,0.0000000000,0.0110625112
2838,0.0082104619,0.0039716054
3086,0.0101962369,0.0069170670
3938,0.0036535441,0.0042725800
5233,0.0066757053,0.0055240515
7120,0.0054968196,0.0072347047
7843,0.0176931953,0.0062612169
8098,0.0151346497,0.0007960505
5135,0.0254289042,0.0081619815
869,0.0000000000,0.0096455745
2489,0.0073890699,0.0161115274
5298,0.0114640081,0.0029543611
5677,0.0045976958,0.0100884417
5725,0.0097168078,0.0041209297
8132,0.0046069128,0.0046666077
870,0.0000000000,0.0058938426
1942,0.0022858713,0.0088126818
3827,0.0049470801,0.0275343439
6266,0.0125173478,0.0084308892
8863,0.0187627972,0.0018778948
872,0.0000000000,0.0107269156
2626,0.0014044659,0.0078756316
3987,0.0062690145,0.0144643085
7855,0.0157931933,0.0013693567
8640,0.0165055804,0.0000000000
873,0.0000000000,0.0037392720
1481,0.0004895797,0.0082739808
4970,0.0072719474,0.0111970365
7513,0.0041372598,0.0000000000
874,0.0000000000,0.0122494824
4872,0.0099717459,0.0129189896
6402,0.0067297697,0.0065836844
7595,0.0233993109,0.0014967125
7688,0.0112717376,0.0023992010
1321,0.0056645982,0.0170839876
6219,0.0126659231,0.0122936285
6889,0.0159879162,0.0036368065
9332,0.0141502830,0.0126330713
876,0.0000000000,0.0041371249
6556,0.0081963499,0.0027549342
8775,0.0138032731,0.0030598037
9897,0.0095985663,0.0000000000
5710,0.0133851488,0.0078276174
5729,0.0112642658,0.0101097445
5912,0.0123929692,0.0102296877
9581,0.0143737575,0.0000000000
878,0.0000000000,0.0114539295
1077,0.0034738839,0.0063428653
2419,0.0041677966,0.0150089179
2442,0.0033303883,0.0074975706
4876,0.0218433210,0.0062147448
5473,0.0073207407,0.0026557570
5500,0.0023193015,0.0207629420
7271,0.0093294956,0.0000000000
8847,0.0026081102,0.0013290727
3347,0.0046712315,0.0113192967
4688,0.0094968971,0.0073276939
8571,0.0065167343,0.0024040148
9211,0.0167530324,0.0021836206
6957,0.0058590907,0.0031521731
882,0.0000000000,0.0399511522
1067,0.0052307703,0.0111277045
7927,0.0060533082,0.0017832329
8559,0.0188031794,0.0017690708
2797,0.0031432605,0.0080711061
8861,0.0086692838,0.0027710207
5320,0.0084567237,0.0068658150
7917,0.0058772313,0.0045724909
886,0.0000000000,0.0143591226
5788,0.0053405313,0.0040655588
6830,0.0142312625,0.0042399028
7601,0.0060583426,0.0025968134
887,0.0000000000,0.0105747148
1719,0.0013845384,0.0192851762
5469,0.0083877834,0.0188966567
6273,0.0142318807,0.0070962782
6713,0.0096571517,0.0087496461
7724,0.0142713106,0.0023466047
888,0.0000000000,0.0119951554
1145,0.0015705155,0.0172023259
2079,0.0029314085,0.0090321890
5764,0.0092482623,0.0098275588
6279,0.0063270882,0.0050569966
6304,0.0137770913,0.0013630287
1601,0.0028800976,0.0067397962
5661,0.0053655963,0.0085026995
6657,0.0132294683,0.0028143022
7474,0.0083530916,0.0178231731
9364,0.0047588513,0.0098642319
890,0.0000000000,0.0075058716
4937,0.0058894842,0.0037937061
7717,0.0076596782,0.0000000000
2804,0.0054139473,0.0087940690
1032,0.0017681505,0.0068904616
1087,0.0017681505,0.0336847237
2652,0.0029750233,0.0074417811
3510,0.0039823754,0.0129801477
4338,0.0088487592,0.0111247385
5216,0.0049765559,0.0071095890
7194,0.0147485962,0.0061708624
8158,0.0101028109,0.0028816594
9786,0.0100258985,0.0024153292
893,0.0000000000,0.0271010432
1058,0.0035483165,0.0151233950
4242,0.0061611918,0.0101817453
4821,0.0194485820,0.0115035279
6406,0.0131458803,0.0009484210
6578,0.0137587912,0.0075943343
3005,0.0022890372,0.0090690772
3393,0.0104999148,0.0087213155
6416,0.0072078480,0.0035086672
7769,0.0114314682,0.0064111941
8072,0.0085654562,0.0035635869
895,0.0000000000,0.0089736427
1573,0.0015317933,0.0168033951
1578,0.0011749114,0.0097488261
2120,0.0047501115,0.0021396049
5034,0.0072585490,0.0104342113
7291,0.0086551980,0.0077797436
7576,0.0108696156,0.0000000000
1540,0.0006998592,0.0107451509
8116,0.0094017695,0.0000000000
8669,0.0030281730,0.0000000000
4207,0.0074305082,0.0117715862
5426,0.0093846395,0.0140082802
5489,0.0087368794,0.0053673732
5603,0.0117963701,0.0117997626
7429,0.0176257668,0.0089905745
2165,0.0008638879,0.0127014311
2740,0.0031814461,0.0055887912
4458,0.0166881173,0.0047109255
2197,0.0018783886,0.0010873754
2549,0.0064486740,0.0162052768
2920,0.0027483999,0.0049812204
3983,0.0030717218,0.0085827471
5010,0.0071901978,0.0100182112
8745,0.0182971780,0.0074895744
1974,0.0034009005,0.0065915047
2404,0.0006263523,0.0057809352
8294,0.0183868686,0.0008722891
1339,0.0033113889,0.0205427960
1480,0.0023935858,0.0117165427
1729,0.0009949418,0.0093675219
3197,0.0022467578,0.0301960661
6584,0.0053555380,0.0086787836
930,0.0018150759,0.0138085131
1903,0.0030327791,0.0129114918
4149,0.0018150759,0.0082251744
4345,0.0138809335,0.0078359174
4971,0.0071410757,0.0107909427
6579,0.0169474843,0.0062794641
7677,0.0091860319,0.0033888001
8138,0.0129591297,0.0045359238
9386,0.0156959019,0.0000000000
906,0.0000000000,0.0053395908
2583,0.0041915309,0.0214141120
6218,0.0111276595,0.0046161498
6400,0.0054894264,0.0065626551
2107,0.0045734352,0.0116263590
3716,0.0121243438,0.0177797394
3834,0.0082652516,0.0036452787
6580,0.0065001622,0.0079172682
8696,0.0082948704,0.0000000000
8718,0.0080378023,0.0042420028
9309,0.0151906017,0.0000000000
908,0.0000000000,0.0101968162
1878,0.0013350605,0.0131187032
4506,0.0183940333,0.0098894658
9133,0.0077077521,0.0042644671
909,0.0000000000,0.0096325747
2461,0.0032396215,0.0090792032
3176,0.0012611848,0.0163752765
5311,0.0063296854,0.0075729084
7519,0.0285294233,0.0038267934
8663,0.0099339988,0.0043533172
2248,0.0022508725,0.0176872021
3811,0.0079322992,0.0100112804
5347,0.0090127550,0.0206793019
7785,0.0056199376,0.0112524394
8440,0.0051409081,0.0036257315
3181,0.0103181665,0.0068556636
7960,0.0084581811,0.0000000000
5857,0.0021776134,0.0064517220
913,0.0000000000,0.0016454320
3270,0.0020332178,0.0051099218
4321,0.0017286205,0.0116522195
5456,0.0081435692,0.0085063950
2577,0.0033532574,0.0402395593
6081,0.0101862678,0.0077993499
915,0.0000000000,0.0116654838
1598,0.0036296101,0.0114311209
6520,0.0093274899,0.0030547370
9334,0.0056538979,0.0000000000
1485,0.0017410790,0.0106687925
3717,0.0098488221,0.0102298855
5694,0.0095545560,0.0057622287
8393,0.0085042451,0.0000000000
917,0.0000000000,0.0155005266
3511,0.0046289839,0.0137141154
5692,0.0105908066,0.0091214114
9904,0.0184475917,0.0023970186
1571,0.0022842035,0.0155554690
4355,0.0146710545,0.0026613965
7780,0.0085432139,0.0063257639
919,0.0000000000,0.0158181470
2512,0.0027225090,0.0231095529
6005,0.0120140532,0.0019314517
6963,0.0052949693,0.0041633853
7888,0.0121430246,0.0074277973
920,0.0000000000,0.0090005876
5939,0.0131117933,0.0019829786
9728,0.0025885332,0.0035124139
1887,0.0037937940,0.0123069735
3070,0.0059882967,0.0039259770
4600,0.0037098985,0.0128048479
4403,0.0066384541,0.0054373823
8364,0.0126944325,0.0035968166
923,0.0000000000,0.0160140658
3803,0.0057811303,0.0049728911
3841,0.0062618403,0.0078834666
4324,0.0099032737,0.0056677664
7118,0.0162821924,0.0047537630
7648,0.0201561916,0.0080800294
7929,0.0146773699,0.0042059426
924,0.0000000000,0.0169116270
2035,0.0064419404,0.0060988462
2429,0.0033872710,0.0044094640
4712,0.0075162502,0.0097581648
6000,0.0071907231,0.0121498349
925,0.0000000000,0.0122928770
3072,0.0092335831,0.0087977397
4670,0.0060887652,0.0095436759
8783,0.0092090090,0.0077003958
9027,0.0049229838,0.0006756034
9472,0.0143891108,0.0039290858
926,0.0000000000,0.0124619642
2574,0.0028492255,0.0172719104
5215,0.0113355605,0.0023142041
5515,0.0044742628,0.0056278501
6270,0.0063754018,0.0033546059
6345,0.0070406672,0.0113787798
1611,0.0025547464,0.0056262340
3881,0.0101332939,0.0159372964
4290,0.0116190297,0.0045956597
4543,0.0056240262,0.0053055365
5561,0.0127752248,0.0051631014
9769,0.0165897379,0.0000000000
928,0.0000000000,0.0115675780
2288,0.0015145331,0.0241938492
2507,0.0050824940,0.0135836935
4421,0.0023214849,0.0135684011
7225,0.0056655367,0.0015806378
8134,0.0153708894,0.0000000000
9362,0.0167102125,0.0018222442
3951,0.0131192927,0.0083797671
4135,0.0092049077,0.0085729498
9980,0.0129828904,0.0000000000
7013,0.0082786465,0.0054034063
9339,0.0154530785,0.0017425265
9979,0.0090918583,0.0000000000
1343,0.0057936227,0.0193770513
1515,0.0037737081,0.0036637922
2784,0.0034171284,0.0082280464
3754,0.0054800254,0.0082064912
3355,0.0040091385,0.0062654826
5502,0.0069868957,0.0064296458
9363,0.0107775215,0.0000000000
933,0.0000000000,0.0105673008
1471,0.0013835677,0.0077457264
5051,0.0094709846,0.0082358768
6816,0.0022724454,0.0035564568
8007,0.0176508693,0.0018520788
934,0.0000000000,0.0247377643
3406,0.0045227549,0.0013303876
5100,0.0118196462,0.0009911930
7749,0.0203767591,0.0114067957
7797,0.0068144189,0.0015151735
7860,0.0114254792,0.0047939410
936,0.0000000000,0.0165359873
6084,0.0069811254,0.0064671015
9008,0.0087584495,0.0049906374
3804,0.0068645631,0.0130503083
4046,0.0041174580,0.0031094021
6257,0.0159391935,0.0025963821
938,0.0000000000,0.0147869589
1916,0.0078431029,0.0105362020
2579,0.0034814571,0.0067616557
3677,0.0070194661,0.0135034497
4742,0.0066378334,0.0106748663
4770,0.0112108702,0.0087323212
1149,0.0015261914,0.0055177372
4483,0.0066371130,0.0121790363
4957,0.0135008266,0.0023087091
5734,0.0069831740,0.0055151650
940,0.0000000000,0.0097925165
2923,0.0077307329,0.0093596893
3597,0.0096150169,0.0172873024
4439,0.0087748995,0.0048848308
6126,0.0128064684,0.0037354853
9402,0.0087212189,0.0073376008
9529,0.0057501242,0.0000000000
3102,0.0011172602,0.0147683398
6091,0.0052982415,0.0049575337
6231,0.0097130189,0.0050247518
7108,0.0062015897,0.0076547691
2132,0.0015021796,0.0175159545
3481,0.0021362026,0.0075922410
4122,0.0083763974,0.0039948249
9076,0.0194075190,0.0027605194
9681,0.0107889791,0.0061000771
5520,0.0177628500,0.0079417416
7346,0.0085193688,0.0142231341
944,0.0000000000,0.0164052337
1697,0.0033049040,0.0115262327
2914,0.0077672074,0.0104345675
3801,0.0021479233,0.0058180935
4131,0.0092688349,0.0115348546
5058,0.0107168965,0.0073180037
8278,0.0064933750,0.0041408487
8684,0.0096830167,0.0034117764
9105,0.0028372536,0.0000000000
945,0.0000000000,0.0264280893
4467,0.0059104325,0.0037163281
5130,0.0153891674,0.0031406222
6155,0.0082912384,0.0081872469
7092,0.0082988951,0.0025794073
8182,0.0130243081,0.0056225131
8516,0.0112067274,0.0072597658
9236,0.0087183238,0.0010469599
9988,0.0122583954,0.0000000000
946,0.0000000000,0.0116925147
2301,0.0039021226,0.0137169659
2651,0.0110158815,0.0159970502
4451,0.0033971492,0.0123194929
6942,0.0036281934,0.0034058061
7959,0.0094894831,0.0035216601
9556,0.0152486369,0.0007870693
947,0.0000000000,0.0126239490
1946,0.0016528429,0.0152136909
4692,0.0063281979,0.0076449272
7821,0.0104634585,0.0047688628
4517,0.0073232256,0.0298874755
5059,0.0127356534,0.0025445627
6778,0.0117100682,0.0050102759
949,0.0000000000,0.0143203807
3689,0.0091903142,0.0084883326
950,0.0000000000,0.0119283992
4226,0.0059013207,0.0165634508
4929,0.0038381580,0.0039468789
5415,0.0037944907,0.0097445854
9088,0.0104647512,0.0000000000
9855,0.0184191882,0.0008546739
951,0.0000000000,0.0099166927
6203,0.0126342409,0.0064667007
952,0.0000000000,0.0163656871
4370,0.0077446872,0.0067803220
4541,0.0032161208,0.0091938954
6245,0.0098590387,0.0081748231
6428,0.0157001319,0.0042859318
7493,0.0077223979,0.0019607167
1900,0.0034291039,0.0079347003
3751,0.0110633668,0.0212789652
6351,0.0094414121,0.0203052138
9656,0.0170652474,0.0000000000
5582,0.0077027771,0.0061611648
6336,0.0083182078,0.0009502009
7218,0.0068376744,0.0066146622
9454,0.0065595574,0.0000000000
3105,0.0072676973,0.0065118126
4221,0.0120311884,0.0065919449
4402,0.0038481112,0.0030429630
5951,0.0076744489,0.0045334306
6018,0.0076256717,0.0171894934
9078,0.0147326022,0.0000000000
1811,0.0033216016,0.0307408253
3053,0.0057713936,0.0146406861
8231,0.0093809253,0.0076430079
9932,0.0139708517,0.0000000000
3893,0.0074371685,0.0055176229
960,0.0000000000,0.0201509656
2919,0.0113523329,0.0083778047
4257,0.0145457889,0.0035037627
7532,0.0035190062,0.0025388442
1658,0.0032258682,0.0093034700
4578,0.0121299449,0.0062617337
4968,0.0051427480,0.0068108682
7024,0.0194435730,0.0065637802
8850,0.0250792061,0.0000000000
962,0.0000000000,0.0124537022
1863,0.0016305526,0.0049813499
4048,0.0038793645,0.0174399289
4263,0.0124308511,0.0044947437
5207,0.0083026028,0.0102324835
6904,0.0112279168,0.0057961359
7484,0.0113251910,0.0037536523
4371,0.0093052277,0.0237076236
5915,0.0071497037,0.0071847266
5992,0.0102761619,0.0114258688
1237,0.0032172173,0.0144924286
1952,0.0028813601,0.0132065023
2143,0.0028813601,0.0154364455
3429,0.0066526519,0.0032508541
5687,0.0050783996,0.0079614722
6943,0.0092862635,0.0066930266
9085,0.0115470336,0.0000000000
9107,0.0370267508,0.0000000000
9799,0.0250572770,0.0000000000
4781,0.0093904609,0.0174337315
7420,0.0107750853,0.0031985215
9091,0.0263427230,0.0000000000
9252,0.0185068445,0.0012719042
966,0.0000000000,0.0132026806
1450,0.0055231001,0.0128854067
1511,0.0066990820,0.0113813481
2802,0.0032090411,0.0109328628
5552,0.0119607351,0.0019667551
9489,0.0277145311,0.0023505308
967,0.0000000000,0.0188330004
3003,0.0051010161,0.0070696704
3663,0.0024657887,0.0043466977
5401,0.0037612003,0.0064092368
5572,0.0104107725,0.0065685922
8109,0.0157176771,0.0075608395
8458,0.0121697984,0.0019289267
968,0.0000000000,0.0022615000
1101,0.0002960963,0.0141073099
1380,0.0002960963,0.0183371715
6233,0.0043457125,0.0021309912
6098,0.0075943104,0.0100526644
970,0.0000000000,0.0080761769
2575,0.0040052842,0.0167660994
971,0.0000000000,0.0097214583
1252,0.0012728223,0.0016856368
4415,0.0062973056,0.0155976597
6116,0.0094954623,0.0017725977
6564,0.0115843295,0.0046906917
7295,0.0119713111,0.0041409691
972,0.0000000000,0.0073096485
4904,0.0046048332,0.0021865002
5156,0.0057816498,0.0035545099
5293,0.0071796872,0.0064992058
6677,0.0048113298,0.0081749794
8455,0.0140200516,0.0076584479
973,0.0000000000,0.0152283004
3083,0.0066787351,0.0133177500
3165,0.0043398937,0.0055972015
7664,0.0241144250,0.0030999599
2449,0.0026348228,0.0168230830
7719,0.0102552871,0.0017833401
1016,0.0016808387,0.0140125621
3582,0.0111870871,0.0178096050
3771,0.0149859040,0.0055151544
5038,0.0119314418,0.0107455713
976,0.0000000000,0.0075993303
2357,0.0042058211,0.0126795830
2653,0.0009949738,0.0142010211
4433,0.0041142049,0.0051310546
8216,0.0197559025,0.0000000000
6892,0.0058210077,0.0093879372
8310,0.0058851934,0.0080907607
9480,0.0167937426,0.0013224334
2195,0.0032797486,0.0183292385
3342,0.0067251494,0.0142504769
3475,0.0048378320,0.0148469488
1462,0.0027150643,0.0163339651
1948,0.0013009302,0.0004445840
7729,0.0044854174,0.0085263664
9680,0.0056357282,0.0000000000
2025,0.0014197482,0.0127072655
2808,0.0014197482,0.0041717208
3835,0.0033952591,0.0115790787
5508,0.0044313920,0.0047568983
7089,0.0112755374,0.0008895643
8698,0.0111674121,0.0031243850
9632,0.0157422878,0.0029588312
2591,0.0015545240,0.0274184746
3452,0.0024398218,0.0157622374
6248,0.0165710518,0.0090789332
983,0.0000000000,0.0086242235
2779,0.0018480690,0.0048544134
4585,0.0098655684,0.0053285277
8464,0.0129260969,0.0007432715
984,0.0000000000,0.0108007583
2465,0.0037676931,0.0033456421
8339,0.0119558139,0.0008917492
8667,0.0085339251,0.0023392664
9492,0.0162725744,0.0029589869
986,0.0000000000,0.0126780812
2246,0.0016599304,0.0081256459
3217,0.0085722539,0.0042224812
4202,0.0106494702,0.0003908913
9048,0.0119839298,0.0017045953
987,0.0000000000,0.0227245187
2273,0.0049112059,0.0069719073
2984,0.0065359324,0.0183804610
6939,0.0152078353,0.0039443515
1247,0.0018463978,0.0194680754
1976,0.0032936025,0.0127853145
5026,0.0041902934,0.0039329584
6825,0.0120803816,0.0073240581
7561,0.0149946101,0.0058833219
1970,0.0014503237,0.0183936774
2837,0.0027545394,0.0070026599
3446,0.0076017205,0.0193075101
8681,0.0019169922,0.0007564359
990,0.0000000000,0.0062381982
2243,0.0033092346,0.0077713938
3082,0.0008167620,0.0094255561
3787,0.0052835307,0.0108314212
4659,0.0069302124,0.0053518634
4880,0.0027334331,0.0034221669
4907,0.0044222225,0.0164684622
8173,0.0067942379,0.0015229200
991,0.0000000000,0.0096068765
7198,0.0124060592,0.0059303429
7852,0.0043122577,0.0011929396
8954,0.0244654791,0.0000000000
9342,0.0058922442,0.0000000000
4425,0.0055582617,0.0156051156
4629,0.0154981187,0.0045019672
8115,0.0185509073,0.0000000000
9963,0.0233092473,0.0000000000
4569,0.0092934406,0.0033538557
2089,0.0001664404,0.0049444452
3174,0.0001664404,0.0122700309
6255,0.0060763084,0.0046463382
995,0.0000000000,0.0100074025
1958,0.0065756804,0.0251016944
3039,0.0071476008,0.0060356586
4784,0.0091787211,0.0143115100
5889,0.0093695265,0.0039943903
9659,0.0130192158,0.0000000000
7835,0.0079433767,0.0035331438
2239,0.0066747063,0.0151138581
1401,0.0018164415,0.0122436424
1550,0.0018164415,0.0090510490
2746,0.0104564502,0.0176701631
3384,0.0145043792,0.0074045157
3892,0.0053064443,0.0308482349
8948,0.0105228063,0.0000000000
6610,0.0053284546,0.0101967348
2627,0.0023474729,0.0207970684
2710,0.0014415102,0.0125918306
9701,0.0200189286,0.0000000000
6139,0.0037851875,0.0034923833
6240,0.0096846326,0.0038710450
6469,0.0127433780,0.0033916416
2702,0.0041753468,0.0126641618
2929,0.0038393445,0.0025646697
3013,0.0089914225,0.0167512771
3874,0.0050661574,0.0171133180
4059,0.0089743972,0.0115572849
7624,0.0070056111,0.0072640372
9287,0.0183809028,0.0010697947
4981,0.0131964635,0.0114744126
1004,0.0000000000,0.0106855043
1233,0.0013990440,0.0088948762
1826,0.0062774891,0.0163786414
2607,0.0033597830,0.0032460120
2904,0.0013990440,0.0226934942
3170,0.0023991731,0.0036807231
3675,0.0026059168,0.0099556922
5129,0.0052342961,0.0071000255
7854,0.0034076813,0.0020939883
1223,0.0018307350,0.0144586354
4678,0.0212899712,0.0055620346
8354,0.0095074686,0.0038654775
8716,0.0181246267,0.0149968271
2415,0.0013572405,0.0110659714
1007,0.0000000000,0.0109348216
1978,0.0028254319,0.0066983930
2352,0.0024327235,0.0404684999
2903,0.0022947070,0.0078530700
1596,0.0013260991,0.0035237527
2967,0.0055767621,0.0097264649
3564,0.0038545707,0.0030085002
3614,0.0050783195,0.0029791450
3847,0.0080205788,0.0125054222
4644,0.0036125571,0.0042046983
6289,0.0035619958,0.0107243052
6876,0.0067820430,0.0035001048
7575,0.0126305528,0.0068354469
8163,0.0136919705,0.0032127766
1961,0.0015737924,0.0075006344
2356,0.0023286386,0.0092576453
3126,0.0081423096,0.0092238435
4481,0.0129105917,0.0052855536
6880,0.0066303108,0.0037054056
8139,0.0106958836,0.0015229200
9358,0.0049542325,0.0020589734
7609,0.0242097419,0.0028485770
1012,0.0000000000,0.0083811493
3234,0.0096267491,0.0199143141
9425,0.0040490357,0.0000000000
1676,0.0029691576,0.0153230273
6016,0.0046415866,0.0045181698
6993,0.0114894818,0.0117370410
7412,0.0281557104,0.0154544138
7965,0.0071155720,0.0051196754
8609,0.0079808645,0.0034749910
1014,0.0000000000,0.0104463215
7176,0.0045445323,0.0058050107
8187,0.0170606448,0.0051597805
8439,0.0115080995,0.0000000000
8587,0.0088203911,0.0000000000
1168,0.0014348837,0.0045164069
4435,0.0051630677,0.0115811266
4834,0.0086634022,0.0087629505
9192,0.0130782767,0.0000000000
2371,0.0024171647,0.0306888949
2908,0.0032650257,0.0069891567
3916,0.0051727723,0.0172589637
6586,0.0117398895,0.0078117609
7753,0.0058612518,0.0057471745
9708,0.0138467596,0.0000000000
7715,0.0097379315,0.0087722756
9216,0.0056984193,0.0000000000
1215,0.0024204212,0.0183578176
3183,0.0024204212,0.0063624346
3820,0.0024204212,0.0040310340
5878,0.0207774677,0.0035941464
6274,0.0195327629,0.0000000000
8089,0.0097270959,0.0038781304
3001,0.0057878417,0.0144198443
6366,0.0092792280,0.0142791675
8732,0.0056769001,0.0024272568
5178,0.0060291738,0.0093607413
7067,0.0041768043,0.0020681133
1294,0.0015527279,0.0085680321
6679,0.0140986772,0.0046370266
7744,0.0118055282,0.0000000000
9275,0.0154762511,0.0000000000
3685,0.0047546209,0.0050191071
9263,0.0133929104,0.0000000000
6023,0.0060414211,0.0051843659
1340,0.0020497849,0.0085398985
3316,0.0027502974,0.0171983690
3763,0.0040653348,0.0137806185
2430,0.0086975326,0.0063750511
3100,0.0072985207,0.0202603759
3483,0.0048119698,0.0160173912
4489,0.0194037836,0.0201825468
6009,0.0090081723,0.0181876833
6101,0.0075677066,0.0046152906
8323,0.0125763025,0.0004822582
9767,0.0168926089,0.0009541811
1026,0.0000000000,0.0070796205
3101,0.0074840628,0.0069168221
5781,0.0060832913,0.0021216743
6938,0.0049926646,0.0081570207
7114,0.0087191201,0.0014164816
9365,0.0038918277,0.0011467641
4782,0.0040117883,0.0070113368
4941,0.0075961258,0.0090814262
6829,0.0084372020,0.0052765999
7433,0.0089380432,0.0051092374
7774,0.0147392881,0.0000000000
8113,0.0093908440,0.0045900233
4302,0.0097294297,0.0041873184
5877,0.0097290730,0.0019038400
5778,0.0197376049,0.0045257133
5989,0.0088348897,0.0034573351
6024,0.0110959147,0.0078693731
7718,0.0091044127,0.0012858193
9996,0.0143274897,0.0000000000
2826,0.0047661589,0.0054869437
6189,0.0158649316,0.0067331135
6334,0.0042749115,0.0076096495
7033,0.0052151713,0.0040570124
8687,0.0115931899,0.0016740287
1033,0.0000000000,0.0117733167
3177,0.0060346600,0.0094582222
6593,0.0082872335,0.0022158376
7142,0.0118850401,0.0032860448
2432,0.0007436145,0.0271289647
3139,0.0007436145,0.0192037096
8568,0.0114737729,0.0012298391
8570,0.0061435190,0.0000000000
2122,0.0009027445,0.0093011121
6027,0.0109683044,0.0070200238
1120,0.0013126595,0.0350819511
2181,0.0014420027,0.0153714707
6113,0.0111320105,0.0032703260
6724,0.0141260402,0.0039833832
8088,0.0092488301,0.0000000000
8366,0.0174899465,0.0060340660
4595,0.0163715034,0.0100276153
6419,0.0082723294,0.0124581006
2949,0.0073939511,0.0129765599
3470,0.0051807948,0.0055828728
3814,0.0049894339,0.0060335714
5601,0.0224011997,0.0012753680
6648,0.0146703565,0.0045243249
7125,0.0049454366,0.0037906383
9928,0.0052450544,0.0000000000
1042,0.0000000000,0.0176114038
3500,0.0046205700,0.0144068786
5728,0.0107287605,0.0050824949
6041,0.0147130104,0.0064381140
8929,0.0091388864,0.0005463111
2851,0.0054452645,0.0067227030
6156,0.0117436775,0.0105652359
6485,0.0074621076,0.0087168289
9972,0.0161607052,0.0020808639
1044,0.0000000000,0.0161669428
5045,0.0086712487,0.0060709774
7421,0.0115994667,0.0073288361
8183,0.0115811093,0.0000000000
9684,0.0298540397,0.0000000000
6237,0.0069638350,0.0048479319
6272,0.0051329038,0.0056805033
1047,0.0000000000,0.0071278168
2460,0.0009332390,0.0116393622
1048,0.0000000000,0.0071296260
6410,0.0122203318,0.0028990426
1049,0.0000000000,0.0175042815
4168,0.0056675455,0.0171646048
4473,0.0044949374,0.0040678426
4545,0.0033757406,0.0052428086
8401,0.0189742842,0.0021158672
1050,0.0000000000,0.0092996184
3335,0.0012175911,0.0149783736
6471,0.0168091302,0.0082458804
3352,0.0034534653,0.0110955673
3848,0.0053355945,0.0105204779
8260,0.0094865574,0.0031524168
2623,0.0032832883,0.0047703401
4562,0.0074271564,0.0091739579
7862,0.0166209223,0.0084216243
8239,0.0089979005,0.0064761652
9473,0.0082508635,0.0010541833
1053,0.0000000000,0.0105697602
1069,0.0013838897,0.0150786183
4849,0.0086503007,0.0144796447
6316,0.0223441139,0.0083652541
6324,0.0047048678,0.0073887461
6633,0.0156241809,0.0119421995
6961,0.0135669530,0.0032156602
7791,0.0092618717,0.0020288215
9533,0.0079963880,0.0000000000
7019,0.0031737590,0.0101944747
7905,0.0070435303,0.0018758428
1057,0.0000000000,0.0132763390
7160,0.0111824409,0.0091197534
7473,0.0116054360,0.0035735736
1541,0.0019800932,0.0000000000
1818,0.0029701184,0.0087620078
5856,0.0081702470,0.0091821391
6464,0.0084060267,0.0099483771
8503,0.0119957342,0.0032936681
2540,0.0048452470,0.0056540522
3963,0.0052681842,0.0112244148
1060,0.0000000000,0.0118803560
2250,0.0015554849,0.0108969532
2406,0.0025659759,0.0099670853
1061,0.0000000000,0.0038749733
1224,0.0024965198,0.0051800649
7552,0.0090030708,0.0158061018
7872,0.0162187963,0.0034862448
9651,0.0135823287,0.0000000000
1063,0.0000000000,0.0113350912
2576,0.0098283844,0.0134804436
3382,0.0059884587,0.0133084245
1064,0.0000000000,0.0231182430
6183,0.0095248216,0.0070061878
7614,0.0122707887,0.0083348722
1209,0.0013679936,0.0148135564
9115,0.0234509817,0.0022536622
9244,0.0063290131,0.0035192284
3521,0.0045482628,0.0083511790
4938,0.0145161782,0.0060086506
6007,0.0025146086,0.0163847253
6358,0.0034474989,0.0040460455
6906,0.0033897895,0.0014290556
8884,0.0113976038,0.0028390132
1707,0.0014569409,0.0072342316
4736,0.0060038536,0.0215490260
6133,0.0107829640,0.0039519733
7468,0.0076313869,0.0043344464
2150,0.0019742306,0.0049942232
5535,0.0059145077,0.0062725743
7801,0.0186707878,0.0106869367
1070,0.0000000000,0.0145844931
7154,0.0088868690,0.0019371797
7916,0.0125801313,0.0014048056
9093,0.0168182635,0.0038969271
4668,0.0042183720,0.0075954234
5851,0.0013644147,0.0038214185
1153,0.0029638481,0.0120513192
4756,0.0062986787,0.0055629267
5053,0.0095006410,0.0079518013
6685,0.0049710949,0.0085029161
7661,0.0065665970,0.0060264386
8839,0.0150290980,0.0009235513
1643,0.0017944460,0.0192424976
9229,0.0114622066,0.0000000000
9369,0.0178288562,0.0077188956
9697,0.0110836515,0.0000000000
3494,0.0017259936,0.0076567896
3326,0.0022321542,0.0059632516
3186,0.0056831574,0.0108384522
5727,0.0084077665,0.0014377529
9043,0.0082649487,0.0015607186
2230,0.0067926864,0.0171358745
5229,0.0052941839,0.0021583646
1078,0.0000000000,0.0120878152
4860,0.0142953280,0.0075491339
6360,0.0096234743,0.0140931318
8349,0.0133060427,0.0030930726
8791,0.0173148046,0.0000000000
8814,0.0169833749,0.0026860016
1079,0.0000000000,0.0134608189
4056,0.0061655976,0.0123395572
5897,0.0124261125,0.0027172314
7036,0.0087453307,0.0017931159
8467,0.0117116610,0.0043197697
5363,0.0072417366,0.0116229314
7885,0.0078498170,0.0089027402
1984,0.0042279191,0.0153576876
1082,0.0000000000,0.0100375720
2154,0.0022550036,0.0057787205
3157,0.0050295084,0.0090830233
5241,0.0031548981,0.0074588273
2901,0.0084994856,0.0107316370
3941,0.0042205935,0.0035262858
6277,0.0033372354,0.0000000000
6722,0.0186074521,0.0019159131
1434,0.0019466955,0.0125338104
2881,0.0041418666,0.0218142242
7786,0.0087933933,0.0042185897
1085,0.0000000000,0.0128116053
2347,0.0043564742,0.0071677964
6999,0.0094466705,0.0143002473
2709,0.0078321425,0.0072111789
3588,0.0075021284,0.0099468220
5196,0.0099112258,0.0126666532
5918,0.0066265395,0.0045347260
6674,0.0108275395,0.0076899363
2609,0.0075041230,0.0094698163
2835,0.0061888136,0.0089868059
6843,0.0108612079,0.0128371213
9304,0.0148741834,0.0014463012
5274,0.0031117969,0.0115554664
5506,0.0084361982,0.0103425060
4216,0.0023100586,0.0113341323
6025,0.0023641930,0.0038213734
6161,0.0082625630,0.0061525103
1090,0.0000000000,0.0120645157
3244,0.0023283329,0.0092487222
4959,0.0097881666,0.0172100158
5771,0.0039154330,0.0157382763
6195,0.0044695817,0.0073976895
1091,0.0000000000,0.0114960737
5195,0.0043328279,0.0116578954
7878,0.0091468658,0.0033654881
1899,0.0021912484,0.0092304742
2498,0.0028164216,0.0051682303
9000,0.0072664479,0.0000000000
1093,0.0000000000,0.0077480937
1841,0.0010144513,0.0092177552
5466,0.0026575532,0.0039499579
9125,0.0127381387,0.0000000000
5958,0.0152579555,0.0124773238
1783,0.0021963445,0.0140818127
6230,0.0100538422,0.0054846433
9245,0.0073158082,0.0027435358
9893,0.0128931522,0.0000000000
1915,0.0049973772,0.0201799405
8895,0.0154746858,0.0029976851
8918,0.0204548813,0.0000000000
2763,0.0090623338,0.0114739731
8711,0.0124682968,0.0084813729
8935,0.0082384857,0.0003020207
9866,0.0104077033,0.0000000000
2269,0.0035530258,0.0109879418
7182,0.0132537229,0.0110450408
7316,0.0050888651,0.0028125354
7518,0.0107299037,0.0044178976
8238,0.0075993880,0.0020842391
3184,0.0045213198,0.0077425929
3507,0.0049247031,0.0051617663
7943,0.0067137137,0.0002776357
8403,0.0087660700,0.0040271519
1102,0.0000000000,0.0073345960
2502,0.0021060192,0.0078240337
3405,0.0024867066,0.0099360729
7208,0.0181977493,0.0042337316
5353,0.0081180092,0.0076628955
6115,0.0058037474,0.0081827141
6948,0.0071301343,0.0044033671
8295,0.0084412181,0.0049296429
1698,0.0032120999,0.0138934087
2493,0.0056033134,0.0197036714
4811,0.0034338671,0.0143827066
6651,0.0171350655,0.0067334862
7999,0.0184627293,0.0044478213
1105,0.0000000000,0.0241032001
3291,0.0074536559,0.0144018110
5023,0.0096327814,0.0028661509
7848,0.0131864222,0.0016183376
8336,0.0112880241,0.0000000000
1932,0.0046423557,0.0209913271
3300,0.0043564068,0.0107748841
7126,0.0085193821,0.0023576320
3818,0.0057343171,0.0152796581
1551,0.0002777532,0.0117626858
2839,0.0058206136,0.0092845303
1110,0.0000000000,0.0079921363
3568,0.0064219634,0.0078753124
3164,0.0069360567,0.0181475314
4549,0.0107577870,0.0043974426
7248,0.0080650386,0.0095948702
8567,0.0123115514,0.0000000000
4213,0.0065940454,0.0124708076
5587,0.0043621111,0.0080268735
1113,0.0000000000,0.0159312113
4105,0.0092103989,0.0117121217
5335,0.0121338063,0.0077966972
8085,0.0080613666,0.0030539108
4464,0.0038323118,0.0036138939
3525,0.0057147862,0.0249372913
7652,0.0043037742,0.0042756821
8256,0.0107295050,0.0000000000
8934,0.0133847854,0.0040715586
2958,0.0039414965,0.0096160639
6631,0.0029112258,0.0049802073
1896,0.0023782771,0.0154985289
5754,0.0112571336,0.0098905742
5949,0.0072581935,0.0088518651
8322,0.0101810746,0.0000000000
1118,0.0000000000,0.0099936532
1689,0.0034451660,0.0094352772
1813,0.0013084605,0.0151735171
5523,0.0162546759,0.0070316907
6090,0.0076000032,0.0022985879
4157,0.0022117138,0.0080999292
5733,0.0022620447,0.0089575227
2814,0.0125361538,0.0079812672
4446,0.0085517968,0.0035882967
5037,0.0103646878,0.0131146828
6811,0.0076796778,0.0069792967
7807,0.0250759683,0.0000000000
9253,0.0171702847,0.0000000000
1121,0.0000000000,0.0143569690
1877,0.0051396868,0.0134397423
9471,0.0135868615,0.0003988728
1122,0.0000000000,0.0151874609
2190,0.0049822612,0.0057007642
4741,0.0045294318,0.0160139518
9511,0.0064152447,0.0000000000
7646,0.0124220678,0.0000000000
8808,0.0112213489,0.0023658065
1125,0.0000000000,0.0108451967
5909,0.0102281761,0.0027567540
1126,0.0000000000,0.0290209537
1940,0.0051252521,0.0089276980
6478,0.0103559097,0.0046493974
7057,0.0146331911,0.0063137019
8511,0.0131627977,0.0050239814
8883,0.0114248079,0.0056062047
9102,0.0128363416,0.0000000000
9802,0.0199320939,0.0000000000
2750,0.0066338052,0.0101057668
5076,0.0037369929,0.0087261498
8410,0.0155111608,0.0000000000
8574,0.0249762719,0.0024192342
1129,0.0000000000,0.0119072426
2522,0.0015590051,0.0067535792
5907,0.0048260755,0.0071586413
8402,0.0084189243,0.0060673661
8628,0.0248617573,0.0000000000
1629,0.0009070971,0.0061589817
2105,0.0009070971,0.0190368044
2283,0.0046088822,0.0083007214
5797,0.0066760977,0.0017547700
9243,0.0099045614,0.0014285250
1138,0.0041280265,0.0181564102
1670,0.0041280265,0.0185342540
3341,0.0058859507,0.0076588467
3826,0.0133986475,0.0164006503
6659,0.0252669202,0.0052454220
8418,0.0132933486,0.0000000000
8805,0.0125443969,0.0012967955
8922,0.0108935368,0.0015399345
9507,0.0197297472,0.0013783648
8048,0.0150976661,0.0032864667
9986,0.0097408423,0.0000000000
4060,0.0023351361,0.0048278125
1136,0.0000000000,0.0041824434
2380,0.0048991061,0.0067160549
8159,0.0162434707,0.0091517625
2343,0.0057991513,0.0017148801
6865,0.0032082862,0.0021309912
7746,0.0176565852,0.0029232873
3332,0.0053574278,0.0067240834
6012,0.0138139126,0.0056329831
6710,0.0120337921,0.0007294459
7065,0.0165162935,0.0000000000
9103,0.0199044938,0.0000000000
9351,0.0065513867,0.0000000000
5439,0.0066027653,0.0108658372
1140,0.0000000000,0.0059598847
4754,0.0129253604,0.0041298105
2951,0.0067183958,0.0105354943
3427,0.0120478100,0.0100044427
6281,0.0110171448,0.0057062641
4185,0.0032694986,0.0029865197
5369,0.0126592906,0.0089385452
1144,0.0000000000,0.0089712940
3073,0.0027002753,0.0134409721
4348,0.0033882208,0.0029993458
8029,0.0049748256,0.0032853474
9912,0.0197522062,0.0000000000
5131,0.0203474325,0.0059310835
8316,0.0117210491,0.0000000000
3109,0.0070388343,0.0089918801
9853,0.0100580387,0.0000000000
1528,0.0027076179,0.0175437153
6479,0.0078087284,0.0097445892
4955,0.0057793128,0.0051313321
5097,0.0065845442,0.0025475232
7699,0.0155347120,0.0082411178
9509,0.0341088807,0.0000000000
6321,0.0039949987,0.0094728745
6667,0.0090130728,0.0058162839
6765,0.0063479119,0.0078570601
1151,0.0000000000,0.0103175545
8866,0.0226972521,0.0012573841
1152,0.0000000000,0.0218455606
1602,0.0028602206,0.0077944555
3302,0.0077584428,0.0120651813
6488,0.0105962108,0.0052896557
8771,0.0162439143,0.0000000000
1849,0.0046827026,0.0124595887
3354,0.0063259544,0.0185111352
4240,0.0060462453,0.0021842206
7529,0.0080325309,0.0027380672
1154,0.0000000000,0.0114919416
4789,0.0075363854,0.0172482281
8822,0.0172085538,0.0049645173
9314,0.0101854154,0.0013628843
1155,0.0000000000,0.0219100591
4334,0.0053538621,0.0092043594
5957,0.0081904201,0.0089722629
9081,0.0227864283,0.0040577376
1188,0.0020626203,0.0057851556
2318,0.0026895505,0.0172193495
2588,0.0049821309,0.0164050841
4090,0.0050870898,0.0267032618
4889,0.0172121770,0.0110446350
7955,0.0059543564,0.0055488064
1157,0.0000000000,0.0033388860
2373,0.0039639308,0.0128401423
1158,0.0000000000,0.0174379211
1766,0.0040849232,0.0130834279
5244,0.0048502536,0.0075563062
6228,0.0061296597,0.0044383494
8691,0.0095200027,0.0061292387
3304,0.0009962018,0.0097449885
1160,0.0000000000,0.0113675941
4846,0.0048194935,0.0022442564
2677,0.0035543329,0.0067581448
6712,0.0063633924,0.0021720804
2180,0.0015357507,0.0123108929
3216,0.0056850664,0.0042432319
8709,0.0119516199,0.0036420211
4674,0.0031210112,0.0175233173
9130,0.0079782673,0.0012573841
3544,0.0040661002,0.0051493598
4693,0.0056910939,0.0165928700
6205,0.0097895277,0.0015787724
3973,0.0040430670,0.0063690381
9993,0.0119608723,0.0000000000
1995,0.0013444064,0.0115994758
7919,0.0113912385,0.0013849161
7668,0.0064105910,0.0000000000
8661,0.0126862253,0.0000000000
9477,0.0109040362,0.0000000000
6076,0.0019155853,0.0062628226
8172,0.0104663242,0.0025288826
9393,0.0161603831,0.0000000000
8180,0.0098366921,0.0060006060
8982,0.0051462862,0.0000000000
7050,0.0020497595,0.0035724146
7663,0.0073040737,0.0075684334
1172,0.0000000000,0.0121222513
1407,0.0015871560,0.0065422625
2697,0.0015871560,0.0078691251
3314,0.0031112692,0.0107436300
6797,0.0081529212,0.0071906911
5841,0.0037710644,0.0110552080
5895,0.0188630550,0.0031021104
7703,0.0066870683,0.0058670446
4030,0.0018755180,0.0079209472
9234,0.0186586861,0.0034109032
4388,0.0080100010,0.0065745475
6969,0.0105153776,0.0032036530
9271,0.0210042300,0.0000000000
1177,0.0000000000,0.0035475708
3578,0.0032572833,0.0110580590
6034,0.0023507908,0.0075621041
9821,0.0037325783,0.0009974180
4972,0.0109928288,0.0093938791
1179,0.0000000000,0.0049621254
3960,0.0057784399,0.0120686910
7490,0.0066356422,0.0018067029
2939,0.0016772234,0.0128585870
3616,0.0087171430,0.0172982624
6717,0.0043498924,0.0155090774
9619,0.0060842418,0.0000000000
7204,0.0099352676,0.0080307413
7846,0.0185752356,0.0064613540
1183,0.0000000000,0.0078102326
3723,0.0068907599,0.0161411519
4890,0.0084558572,0.0064250678
3650,0.0068841123,0.0158894021
1933,0.0005479405,0.0128042516
5894,0.0032305631,0.0081436166
8502,0.0074930905,0.0035127755
3290,0.0048214817,0.0042607635
9403,0.0158736226,0.0000000000
7121,0.0037274677,0.0012999216
2584,0.0017606217,0.0090940579
3749,0.0017606217,0.0079721950
1190,0.0000000000,0.0204244612
4330,0.0046246974,0.0133475080
5973,0.0165880061,0.0030565478
9227,0.0104338261,0.0017274647
1191,0.0000000000,0.0150076050
2676,0.0056172354,0.0139420927
3202,0.0041250794,0.0101175918
9566,0.0151529932,0.0000000000
1193,0.0000000000,0.0034927962
6186,0.0068527654,0.0038153011
7597,0.0082536505,0.0027754100
9177,0.0064793171,0.0018683011
9360,0.0110694382,0.0000000000
5635,0.0121049889,0.0061366581
1196,0.0000000000,0.0245235481
1262,0.0032108473,0.0096294200
3766,0.0032108473,0.0065757377
5118,0.0058076067,0.0095968293
8367,0.0069240790,0.0000000000
8912,0.0140310733,0.0009024655
1621,0.0006647992,0.0096080136
3710,0.0006647992,0.0058690516
3758,0.0022974958,0.0086886707
2061,0.0054022432,0.0113494988
2503,0.0059537551,0.0063964932
2834,0.0034856051,0.0074961430
5214,0.0066065487,0.0144197839
5407,0.0122911710,0.0035756713
1201,0.0000000000,0.0169546547
1728,0.0022198585,0.0269459736
5638,0.0149891474,0.0109664378
5962,0.0117899317,0.0078616621
9910,0.0167061226,0.0000000000
5484,0.0034150240,0.0064158033
7159,0.0111722716,0.0046357146
9877,0.0076763429,0.0000000000
1203,0.0000000000,0.0116112441
6499,0.0072243193,0.0043488619
7365,0.0055470013,0.0011686130
1204,0.0000000000,0.0035650195
3743,0.0049290458,0.0045110887
5209,0.0053583428,0.0111849765
6998,0.0045098345,0.0039226298
1206,0.0000000000,0.0106057295
7246,0.0209079993,0.0000000000
7814,0.0254860588,0.0060722748
5521,0.0025520981,0.0137375037
6325,0.0046865859,0.0049438366
7871,0.0060975046,0.0014986372
8213,0.0089830340,0.0020842953
1763,0.0015805535,0.0033562527
3448,0.0062167904,0.0185313871
3836,0.0051034010,0.0085814471
3956,0.0066775958,0.0082748727
5581,0.0034175695,0.0048105143
4038,0.0034725937,0.0130641102
7845,0.0068623550,0.0031301046
1211,0.0000000000,0.0087837380
2174,0.0011500473,0.0093075810
3719,0.0050339786,0.0070098181
4359,0.0082800700,0.0082494426
1212,0.0000000000,0.0255218262
1304,0.0033415510,0.0129727364
2990,0.0033415510,0.0144876301
1635,0.0017301594,0.0073048820
4843,0.0097272812,0.0031136239
8466,0.0033516198,0.0000000000
1214,0.0000000000,0.0113335007
3781,0.0079473393,0.0111871943
6494,0.0070675330,0.0025829217
6566,0.0115709668,0.0019555649
1832,0.0024035734,0.0016101416
7662,0.0096539168,0.0009833281
9796,0.0102862753,0.0017944839
3531,0.0048735784,0.0120042798
5802,0.0162189743,0.0085885189
6376,0.0115636498,0.0050276766
8851,0.0079286137,0.0000000000
8211,0.0081544394,0.0017254295
8411,0.0039932091,0.0070335721
3662,0.0056779158,0.0110989541
3997,0.0139556196,0.0083583477
7054,0.0088748185,0.0080376271
7858,0.0129031195,0.0037224826
1702,0.0019765540,0.0160209482
3696,0.0019765540,0.0032739527
9614,0.0102152624,0.0018581453
3146,0.0035819085,0.0167792822
4917,0.0094652225,0.0081416541
8956,0.0130332557,0.0011165613
3669,0.0008822950,0.0064233553
6695,0.0138050751,0.0032383288
1440,0.0018930568,0.0017665249
6311,0.0121830332,0.0053708985
7864,0.0217155252,0.0032247150
3296,0.0072656784,0.0117793456
8578,0.0040368004,0.0013626726
1225,0.0000000000,0.0208366887
1346,0.0027281299,0.0208455733
1891,0.0027281299,0.0188840272
3348,0.0096439110,0.0119547449
4019,0.0069440623,0.0120160442
8104,0.0160051654,0.0069610236
9157,0.0135573225,0.0008953879
9843,0.0083511967,0.0000000000
1525,0.0034404786,0.0088097515
7414,0.0079359061,0.0021430099
1227,0.0000000000,0.0070655475
1297,0.0009250861,0.0070012754
3779,0.0062147348,0.0047776989
5331,0.0093586870,0.0031471824
9512,0.0132250560,0.0019421246
1406,0.0024704111,0.0131121983
1686,0.0024704111,0.0121590175
2059,0.0024704111,0.0060106822
3378,0.0055556672,0.0129775437
3765,0.0088492528,0.0136185637
5963,0.0062619832,0.0107156889
6512,0.0047565604,0.0023036338
7261,0.0101300312,0.0007564359
3707,0.0141749670,0.0057366437
2064,0.0046045986,0.0113405970
2258,0.0059174450,0.0097567370
1232,0.0000000000,0.0128065985
8073,0.0043470877,0.0058278204
1234,0.0000000000,0.0131607291
5282,0.0087845305,0.0083455161
9370,0.0092372923,0.0013548783
9609,0.0101621100,0.0000000000
3580,0.0076786736,0.0154564628
4836,0.0100917718,0.0059330351
1236,0.0000000000,0.0108632632
2714,0.0024996338,0.0090927415
4643,0.0066036471,0.0135028392
9913,0.0133089201,0.0000000000
5775,0.0080056527,0.0106555084
7404,0.0139716105,0.0081497406
1238,0.0000000000,0.0104745439
2541,0.0041380870,0.0169135432
6423,0.0060091128,0.0044670779
3776,0.0106578589,0.0160790604
5291,0.0058866350,0.0037856558
7995,0.0145893686,0.0016898313
1240,0.0000000000,0.0120756962
6387,0.0088630606,0.0077240506
6394,0.0075386655,0.0063298430
9193,0.0111445928,0.0000000000
1535,0.0003895045,0.0136082639
1876,0.0015134940,0.0134084524
3518,0.0055887961,0.0123180716
3635,0.0040546730,0.0126624864
1315,0.0041870879,0.0044057212
3721,0.0084238046,0.0080196184
4737,0.0085150536,0.0044025304
5950,0.0051110219,0.0042225832
7318,0.0342003424,0.0035770403
2907,0.0040323411,0.0305742321
6882,0.0096697972,0.0147356656
2040,0.0086939039,0.0112201733
2439,0.0051285106,0.0050487428
3843,0.0084722727,0.0131300776
4628,0.0077135107,0.0078485339
7239,0.0124503758,0.0034605153
9070,0.0101271714,0.0000000000
1248,0.0000000000,0.0089828292
1285,0.0011761142,0.0103089404
1358,0.0011761142,0.0087151547
7063,0.0025694603,0.0040106375
9011,0.0039388471,0.0000000000
1249,0.0000000000,0.0055846660
8492,0.0177489887,0.0075911847
1250,0.0000000000,0.0135660135
5983,0.0039061483,0.0051445878
8906,0.0117177611,0.0000000000
8968,0.0065598489,0.0000000000
1251,0.0000000000,0.0202362289
1473,0.0045505661,0.0199101556
3623,0.0151419712,0.0173552953
5590,0.0087114985,0.0150094886
6678,0.0104023123,0.0088423432
1253,0.0000000000,0.0051752085
6326,0.0006775856,0.0015662216
4522,0.0035520979,0.0109450041
8150,0.0053992419,0.0064972747
1255,0.0000000000,0.0048359835
3167,0.0028245518,0.0077042635
3925,0.0078869221,0.0043972789
3986,0.0063361165,0.0053283626
4574,0.0110225437,0.0085562859
4635,0.0040735256,0.0140487554
5622,0.0112698604,0.0058637650
2401,0.0016358055,0.0103501585
3162,0.0063514122,0.0038541878
5268,0.0040998916,0.0057741398
6287,0.0094048777,0.0080579897
6701,0.0029901952,0.0061779975
8434,0.0115733079,0.0023219089
4769,0.0137950495,0.0130492824
6791,0.0055644010,0.0078516167
7659,0.0099304073,0.0034961523
9464,0.0123589092,0.0000000000
1895,0.0025673992,0.0173411868
4994,0.0044706687,0.0048350232
4225,0.0036854636,0.0170443172
7438,0.0100560802,0.0032463612
4082,0.0026662803,0.0146256577
4509,0.0073643879,0.0023241368
4618,0.0133874267,0.0096898580
9106,0.0190139493,0.0052641792
4703,0.0066458973,0.0185473961
6834,0.0120880005,0.0058839904
9562,0.0114549239,0.0000000000
3064,0.0043512458,0.0089868889
3744,0.0033652337,0.0083389998
8060,0.0134374731,0.0023435531
8542,0.0146807493,0.0000000000
1266,0.0000000000,0.0159572591
9300,0.0085166515,0.0048092127
4018,0.0075131914,0.0112013071
5896,0.0091163573,0.0021709604
6846,0.0086939455,0.0110624283
8810,0.0119539466,0.0031494195
3545,0.0097900698,0.0037942780
6347,0.0066585235,0.0117753868
6592,0.0109942529,0.0078979700
6746,0.0160605180,0.0118518994
6931,0.0104745034,0.0098796051
7628,0.0070923560,0.0012967955
4851,0.0066829241,0.0039268176
8564,0.0128615112,0.0020396289
1271,0.0000000000,0.0149034784
1547,0.0019512997,0.0110909676
5375,0.0165003040,0.0025348214
9438,0.0123814212,0.0000000000
1272,0.0000000000,0.0129373205
5821,0.0139737806,0.0072741387
7096,0.0157356110,0.0062646573
1273,0.0000000000,0.0157827765
2158,0.0020664255,0.0071569276
2319,0.0028988626,0.0272104097
9069,0.0085279773,0.0000000000
6327,0.0120464477,0.0033168694
8490,0.0257462630,0.0013581587
7992,0.0126115325,0.0012719042
2582,0.0052357741,0.0072707031
4488,0.0084227310,0.0107993226
2285,0.0018992062,0.0094143772
6134,0.0036489856,0.0014314905
8782,0.0079491480,0.0000000000
5501,0.0104819672,0.0021635242
5943,0.0066639109,0.0027329604
6800,0.0182221841,0.0018189796
4065,0.0033850851,0.0026992131
4134,0.0045564246,0.0013922007
7738,0.0134105241,0.0044644235
5699,0.0142351303,0.0083850918
5755,0.0139772065,0.0136295679
7286,0.0196951056,0.0059886317
8111,0.0105016702,0.0046720183
1282,0.0000000000,0.0086179829
2800,0.0026106296,0.0045932785
3185,0.0049735161,0.0139411289
8602,0.0191611261,0.0000000000
2323,0.0045147495,0.0179626355
6621,0.0072973322,0.0058181236
9376,0.0117615836,0.0010970847
1284,0.0000000000,0.0072132278
1377,0.0009444218,0.0123374142
6453,0.0035652255,0.0101222993
8874,0.0229422008,0.0000000000
5243,0.0057574122,0.0118532039
2291,0.0019734520,0.0119657474
3093,0.0109373835,0.0129906103
5910,0.0058319610,0.0116318786
2418,0.0009627114,0.0098289449
2909,0.0056799661,0.0168883575
1289,0.0000000000,0.0142123795
5792,0.0111104966,0.0098959216
6030,0.0142568689,0.0015384663
3697,0.0004401526,0.0016734267
1738,0.0022231774,0.0175723683
6619,0.0185931933,0.0161155065
7337,0.0101443129,0.0009198055
9722,0.0207141196,0.0020112494
1293,0.0000000000,0.0111202100
4231,0.0075404281,0.0093285491
7816,0.0118281734,0.0000000000
8034,0.0106992662,0.0000000000
9827,0.0131938977,0.0000000000
7505,0.0052189810,0.0030974581
9777,0.0068868700,0.0000000000
3383,0.0037233382,0.0027564758
5940,0.0220160444,0.0088856997
8330,0.0109916735,0.0045199633
3850,0.0009166710,0.0061874746
1881,0.0032547785,0.0091535733
2369,0.0028599395,0.0095135399
7158,0.0091616772,0.0003378836
1299,0.0000000000,0.0149613823
7925,0.0137506526,0.0009398122
8370,0.0165780841,0.0090750703
9809,0.0106820613,0.0000000000
1300,0.0000000000,0.0088373017
2666,0.0041198950,0.0109420715
3981,0.0030500132,0.0109986385
5430,0.0041959091,0.0086750677
9398,0.0121945923,0.0005628892
4510,0.0052887437,0.0172420385
7071,0.0064636084,0.0057485790
7263,0.0023368669,0.0057503994
7428,0.0030362342,0.0024311183
8535,0.0067992096,0.0013777410
5013,0.0114245631,0.0100728074
8283,0.0082896235,0.0078488758
9335,0.0073090145,0.0013480116
4015,0.0033790149,0.0123630726
3294,0.0056185326,0.0100654200
7515,0.0159523098,0.0018589722
9272,0.0115775702,0.0000000000
9983,0.0206989395,0.0000000000
2684,0.0043106493,0.0077289043
6587,0.0098503042,0.0039025945
5499,0.0151351765,0.0046711133
3478,0.0074130416,0.0144506581
4653,0.0062166927,0.0118717507
7721,0.0074390938,0.0015024453
8998,0.0112551428,0.0019060556
1310,0.0000000000,0.0105787589
2807,0.0013850679,0.0071296098
1311,0.0000000000,0.0107337507
4683,0.0139043854,0.0150956794
1312,0.0000000000,0.0088711014
9173,0.0123604037,0.0000000000
1866,0.0040993442,0.0144447674
1931,0.0023813958,0.0123585224
6838,0.0035440139,0.0005101036
4747,0.0038870920,0.0114138770
1316,0.0000000000,0.0084231194
1780,0.0031511782,0.0254410215
3527,0.0050573126,0.0048795905
6222,0.0125927139,0.0025666363
9311,0.0061956499,0.0000000000
1317,0.0000000000,0.0175180483
9264,0.0136802836,0.0000000000
1853,0.0015819402,0.0055274035
3837,0.0078967786,0.0073083092
2268,0.0017923767,0.0110418146
4080,0.0017923767,0.0136792874
8496,0.0128509508,0.0038805032
4220,0.0034861968,0.0057017337
4814,0.0088361168,0.0056886353
1323,0.0000000000,0.0096565762
1324,0.0000000000,0.0148269948
6109,0.0099114687,0.0107890371
6858,0.0053569867,0.0080447705
9525,0.0139177804,0.0000000000
2632,0.0039924419,0.0128784534
3931,0.0110720288,0.0154992876
4771,0.0055058710,0.0065087195
6388,0.0135262003,0.0079377240
9695,0.0109856396,0.0000000000
1327,0.0000000000,0.0163032835
4850,0.0069472402,0.0117357202
7761,0.0075863180,0.0015545442
9834,0.0142921789,0.0000000000
1328,0.0000000000,0.0098564907
3488,0.0015810894,0.0050552082
9408,0.0208720565,0.0047834752
1634,0.0026941301,0.0131216503
4347,0.0041482563,0.0124501841
7195,0.0153447311,0.0141006028
3591,0.0038660379,0.0050932965
4599,0.0064132787,0.0150218374
5321,0.0045852914,0.0034311499
5801,0.0093078484,0.0182046888
6715,0.0058311167,0.0084039918
7773,0.0077087378,0.0023207638
9357,0.0106746179,0.0022745509
4312,0.0015636967,0.0042357769
5304,0.0115862489,0.0264918953
2610,0.0026027694,0.0171817603
2708,0.0029073112,0.0107484045
5766,0.0076092426,0.0058723600
1333,0.0000000000,0.0138267665
2032,0.0021614888,0.0034670451
4116,0.0043140420,0.0143883025
8074,0.0096648859,0.0000000000
9797,0.0056845504,0.0000000000
1335,0.0000000000,0.0064886933
2856,0.0068529110,0.0246815407
7383,0.0194919565,0.0032374493
4491,0.0047437273,0.0051838317
6433,0.0100651457,0.0045825602
1337,0.0000000000,0.0054908077
6249,0.0059130514,0.0008851361
2761,0.0102182367,0.0161846060
5634,0.0148534171,0.0007847127
9845,0.0161370012,0.0000000000
4534,0.0084860581,0.0113912056
8324,0.0104406152,0.0058482270
6962,0.0134037079,0.0048608492
9265,0.0058100804,0.0001623976
9789,0.0101887204,0.0000000000
2317,0.0021392253,0.0129191140
3387,0.0012998846,0.0084700660
8546,0.0086086569,0.0020065277
5433,0.0180884259,0.0134173159
2899,0.0045156124,0.0093771111
7189,0.0099386910,0.0031315094
3077,0.0063973933,0.0126735368
1413,0.0027292932,0.0113448837
4479,0.0072628463,0.0071117464
7376,0.0207656915,0.0039517794
1348,0.0000000000,0.0269365021
2470,0.0096907878,0.0117086690
2594,0.0059125461,0.0027332765
4311,0.0105802230,0.0120499611
7425,0.0061631377,0.0080943124
7767,0.0118001296,0.0032400459
1349,0.0000000000,0.0070633507
5531,0.0056541446,0.0051826486
8268,0.0094477045,0.0036044151
1829,0.0022864580,0.0095166056
1838,0.0022864580,0.0211165684
2280,0.0022864580,0.0134463449
4490,0.0058216860,0.0040791086
6974,0.0040181412,0.0037450446
9779,0.0096202876,0.0000000000
9905,0.0044668358,0.0000000000
1351,0.0000000000,0.0071976465
4528,0.0047841795,0.0139142139
7567,0.0055231805,0.0031008099
1353,0.0000000000,0.0094173293
2777,0.0064861574,0.0097012198
4293,0.0035083607,0.0092858231
2948,0.0061796873,0.0134749339
5435,0.0100960629,0.0000000000
1355,0.0000000000,0.0072334988
5574,0.0071823414,0.0087528094
1356,0.0000000000,0.0075185466
9276,0.0057462464,0.0057446826
8888,0.0106626689,0.0000000000
1844,0.0011410678,0.0264651217
6817,0.0108960251,0.0011317194
9166,0.0047170273,0.0044207750
1359,0.0000000000,0.0079965541
7492,0.0048799925,0.0024557308
3454,0.0128596716,0.0122266463
4244,0.0029569034,0.0172309776
6572,0.0055158053,0.0045799229
3655,0.0023352119,0.0179133395
7268,0.0063777919,0.0051245437
8491,0.0205023039,0.0023355513
1363,0.0000000000,0.0093609957
6875,0.0065960446,0.0075060682
7059,0.0113248585,0.0053862111
1364,0.0000000000,0.0158144942
3240,0.0041145471,0.0073545489
5440,0.0170633342,0.0058898937
9352,0.0046744360,0.0000000000
2421,0.0011825846,0.0264581850
4217,0.0011825846,0.0165068406
4475,0.0087241275,0.0047284330
8585,0.0049921654,0.0052968289
1552,0.0022477132,0.0088005640
3455,0.0082398957,0.0123558742
2734,0.0072525008,0.0025253720
6331,0.0114842702,0.0081438742
7311,0.0099112236,0.0055118038
9349,0.0149172107,0.0000000000
4803,0.0075590537,0.0102630577
8369,0.0237753113,0.0042278792
1371,0.0000000000,0.0213893944
3194,0.0065366488,0.0058566429
3581,0.0066768441,0.0076123334
8171,0.0147471946,0.0012190181
8207,0.0120581777,0.0026634679
9395,0.0041725765,0.0011717240
1372,0.0000000000,0.0138288045
6665,0.0198452170,0.0007240371
8427,0.0102720424,0.0006807286
8206,0.0078985816,0.0062049127
1376,0.0000000000,0.0088664933
7049,0.0035175747,0.0022707370
4564,0.0049994506,0.0047942461
5670,0.0037035471,0.0076167659
5742,0.0044689201,0.0100229834
2363,0.0013255633,0.0077957184
3975,0.0034549984,0.0103701434
4419,0.0034951659,0.0068461552
8985,0.0212159737,0.0000000000
1379,0.0000000000,0.0189970974
4615,0.0035634406,0.0111409043
4799,0.0090590949,0.0068798370
6731,0.0058424571,0.0105437319
9099,0.0180129195,0.0044155145
5365,0.0024008702,0.0020242266
6626,0.0070333367,0.0017982297
6666,0.0110991534,0.0020925567
8267,0.0133534453,0.0010853537
9864,0.0097157461,0.0000000000
5503,0.0064597629,0.0057742287
6221,0.0124551412,0.0066477155
8482,0.0123124675,0.0000000000
1382,0.0000000000,0.0120354391
2696,0.0039123678,0.0171417230
4274,0.0107295810,0.0068385500
4649,0.0075854878,0.0081330697
1383,0.0000000000,0.0269065180
1890,0.0035228475,0.0045188231
3551,0.0035228475,0.0143878445
5853,0.0070983289,0.0035396064
7494,0.0106534446,0.0050120142
8002,0.0123739396,0.0083637585
4961,0.0070062686,0.0083703720
8329,0.0046245953,0.0065653161
2086,0.0030694667,0.0114476735
1989,0.0025635266,0.0058916551
2862,0.0053161832,0.0062118068
3282,0.0043190838,0.0058160179
5227,0.0123210025,0.0108633730
7829,0.0097833363,0.0042227258
8234,0.0082623002,0.0013517263
2386,0.0020300269,0.0106677571
6918,0.0109415366,0.0030653643
9965,0.0067354749,0.0000000000
8332,0.0167048819,0.0061118918
9922,0.0119458035,0.0000000000
1389,0.0000000000,0.0122156899
3704,0.0034331425,0.0144253005
7456,0.0166359673,0.0030293012
1390,0.0000000000,0.0139770980
2007,0.0018300095,0.0132208293
7250,0.0066872192,0.0000000000
2428,0.0032285307,0.0048098392
6857,0.0094175188,0.0122533982
1392,0.0000000000,0.0123635810
1827,0.0030084801,0.0147356264
9217,0.0108668879,0.0014108418
2595,0.0010151545,0.0099493310
2700,0.0091313489,0.0075439421
3868,0.0024792901,0.0073643349
2214,0.0063168586,0.0070499527
8730,0.0122362534,0.0032756341
1395,0.0000000000,0.0098282745
5736,0.0131584281,0.0093476633
6452,0.0093567011,0.0057397779
8641,0.0035441128,0.0011529607
4043,0.0059067082,0.0100230503
7893,0.0069174900,0.0029338746
8923,0.0124599109,0.0016281861
9761,0.0139700040,0.0000000000
1398,0.0000000000,0.0125929309
4270,0.0063839349,0.0212644915
1721,0.0015323023,0.0044118023
1941,0.0015323023,0.0196252260
2964,0.0030586965,0.0067271027
1400,0.0000000000,0.0054267543
1402,0.0000000000,0.0140647638
5275,0.0045864669,0.0073418440
9713,0.0115353139,0.0015296243
3366,0.0033675908,0.0219353389
7758,0.0132916258,0.0019089254
1404,0.0000000000,0.0114050283
3117,0.0014932506,0.0108196772
6235,0.0108774104,0.0026136237
6668,0.0034140939,0.0042674834
9289,0.0152134493,0.0055124309
9901,0.0090887174,0.0000000000
4472,0.0040239476,0.0085773143
3728,0.0103824465,0.0051352823
5680,0.0057498392,0.0037556971
1409,0.0000000000,0.0106773522
9825,0.0135064945,0.0000000000
5344,0.0093449692,0.0090762111
7763,0.0106549720,0.0044210614
8027,0.0097948701,0.0011853979
1411,0.0000000000,0.0227798741
4340,0.0091246375,0.0132389283
1793,0.0015876064,0.0195267694
2196,0.0030493871,0.0098193903
8539,0.0058582930,0.0017897054
2216,0.0026584221,0.0148823473
2770,0.0031650195,0.0109143317
4070,0.0047468270,0.0084435864
5237,0.0044260469,0.0092479709
1414,0.0000000000,0.0178587741
4976,0.0047848643,0.0032980359
5166,0.0113891941,0.0039372727
7847,0.0098578816,0.0062179869
8550,0.0109039613,0.0000000000
1415,0.0000000000,0.0276202340
6206,0.0129084366,0.0036566158
9599,0.0147956478,0.0046389806
9650,0.0283298346,0.0009541811
6862,0.0132264756,0.0008983199
1417,0.0000000000,0.0058876081
3747,0.0024398717,0.0125712468
9861,0.0093085728,0.0000000000
9930,0.0067904719,0.0000000000
1418,0.0000000000,0.0083358869
9067,0.0133693301,0.0014406696
1419,0.0000000000,0.0081003319
1523,0.0034071236,0.0053418480
7982,0.0083323605,0.0000000000
9001,0.0124356171,0.0000000000
9498,0.0051353472,0.0009093287
4358,0.0044105265,0.0112183925
6492,0.0145780637,0.0025983172
1422,0.0000000000,0.0194384209
3742,0.0059919468,0.0099008787
1814,0.0005921442,0.0096438027
8524,0.0157045624,0.0007027631
9869,0.0138304145,0.0000000000
5965,0.0070001508,0.0083531114
8030,0.0086350979,0.0016922573
3209,0.0115198637,0.0075666744
1428,0.0000000000,0.0079068731
8166,0.0074327647,0.0031206402
1429,0.0000000000,0.0058956377
3173,0.0016237762,0.0162488599
5706,0.0011855532,0.0031641080
1430,0.0000000000,0.0096565951
1685,0.0032306197,0.0105926399
4390,0.0084697644,0.0115219404
5290,0.0034653061,0.0061251266
9210,0.0128596834,0.0000000000
3858,0.0023952760,0.0152101499
8944,0.0107703068,0.0041570354
2954,0.0062685179,0.0034857012
3882,0.0059979293,0.0090513702
5691,0.0100124951,0.0040279800
7479,0.0143519313,0.0045425383
7765,0.0112450834,0.0091008829
9297,0.0142427824,0.0018703768
9664,0.0126299280,0.0000000000
1765,0.0070328597,0.0158121050
4597,0.0067021212,0.0047461457
1501,0.0016410411,0.0092296696
2009,0.0016410411,0.0160727624
1435,0.0000000000,0.0112586950
6534,0.0078726289,0.0074716973
9537,0.0067915201,0.0031776675
3168,0.0083386067,0.0086329808
5968,0.0065599182,0.0041561546
4169,0.0066067237,0.0054573147
9788,0.0161907775,0.0000000000
1439,0.0000000000,0.0081529182
1901,0.0010674546,0.0174768140
5150,0.0114386757,0.0095002146
8533,0.0069079577,0.0041420358
2736,0.0042704243,0.0071065410
1640,0.0019619982,0.0125354702
6649,0.0057060126,0.0097871734
9670,0.0101197520,0.0000000000
3541,0.0071747828,0.0090900675
2213,0.0027945074,0.0165949560
6213,0.0070437971,0.0028803907
7161,0.0070870563,0.0072276849
9279,0.0075314515,0.0000000000
1447,0.0000000000,0.0103035198
2942,0.0026083763,0.0008042155
9732,0.0068109296,0.0000000000
4828,0.0037127343,0.0141679982
8622,0.0252573541,0.0025972069
1449,0.0000000000,0.0173398766
4630,0.0050274732,0.0081759111
7074,0.0099133898,0.0116764599
9204,0.0132134354,0.0000000000
3895,0.0065833871,0.0058205080
4892,0.0071775889,0.0058271345
7332,0.0109691524,0.0012565795
9940,0.0127062740,0.0000000000
1993,0.0056221060,0.0055074087
5390,0.0083711730,0.0091387159
7876,0.0159536344,0.0034116629
5848,0.0028772138,0.0104321775
7500,0.0058990631,0.0053180186
9892,0.0112939623,0.0000000000
1714,0.0003872786,0.0080329459
9850,0.0183876192,0.0000000000
1454,0.0000000000,0.0037789536
3396,0.0012665664,0.0042755899
2547,0.0032628336,0.0079125112
4801,0.0031134023,0.0091163660
5512,0.0037004128,0.0056680207
8078,0.0112566755,0.0023799783
9559,0.0167247626,0.0020471337
9636,0.0081125988,0.0000000000
1457,0.0000000000,0.0082123163
3263,0.0049876391,0.0148140037
1458,0.0000000000,0.0150176689
8964,0.0144575688,0.0000000000
1459,0.0000000000,0.0090278949
2192,0.0011820146,0.0142066384
2643,0.0068556586,0.0054787270
2905,0.0068089858,0.0096256778
5800,0.0052871739,0.0088921714
6066,0.0092902843,0.0057774355
2557,0.0049413967,0.0212379818
6611,0.0101833952,0.0067905648
9002,0.0162106686,0.0000000000
5899,0.0081901804,0.0096175081
5411,0.0046798144,0.0064223157
8505,0.0036105911,0.0019259727
2176,0.0019332538,0.0064911372
3219,0.0078522365,0.0104702430
3724,0.0019332538,0.0056031142
4623,0.0109552484,0.0061516754
9164,0.0133761522,0.0000000000
1465,0.0000000000,0.0072093280
3394,0.0012344987,0.0167066917
8581,0.0104680753,0.0006442732
4699,0.0081038866,0.0010490392
9197,0.0108770584,0.0020665010
6043,0.0068944729,0.0074203076
8011,0.0083385587,0.0007808464
6363,0.0077757734,0.0050995027
1555,0.0010320333,0.0095522100
8391,0.0059186667,0.0048498916
9805,0.0046841486,0.0015640546
1591,0.0010141414,0.0090947473
2933,0.0021746236,0.0083222849
3150,0.0030634295,0.0152809146
1472,0.0000000000,0.0160241328
5612,0.0084996184,0.0121455516
7124,0.0073728067,0.0068300635
9924,0.0282745101,0.0000000000
1474,0.0000000000,0.0189202892
2725,0.0030006000,0.0090536857
4725,0.0041702220,0.0060095178
8993,0.0127934148,0.0046172940
9808,0.0113043042,0.0000000000
2182,0.0025184438,0.0121092744
2390,0.0025184438,0.0058198419
2764,0.0037008319,0.0096990759
6502,0.0089221263,0.0012951067
8675,0.0123970558,0.0046541945
1477,0.0000000000,0.0173347686
2727,0.0022696265,0.0115772886
3693,0.0022696265,0.0119948165
5258,0.0116237861,0.0070002172
8871,0.0127538940,0.0000000000
1478,0.0000000000,0.0106587929
8092,0.0073028238,0.0034105079
7229,0.0183327775,0.0019289267
8813,0.0172122096,0.0046592625
1704,0.0015340370,0.0110905311
2975,0.0075159648,0.0192101768
4285,0.0088699311,0.0042330021
7792,0.0169239382,0.0048186062
8249,0.0114048977,0.0040044691
9036,0.0168478386,0.0000000000
1482,0.0000000000,0.0088651853
4011,0.0049126152,0.0072801055
4700,0.0056237732,0.0096393218
5385,0.0039503653,0.0089984552
8247,0.0063331277,0.0016993566
9407,0.0102131172,0.0005259502
1484,0.0000000000,0.0111532654
5177,0.0138531555,0.0073288291
4698,0.0046966847,0.0072699892
6085,0.0043880455,0.0039877118
7157,0.0067015433,0.0070695234
2917,0.0008393407,0.0066602699
9648,0.0081396460,0.0000000000
2799,0.0054069171,0.0038626724
3702,0.0036803109,0.0154068018
3735,0.0009282566,0.0180616723
1490,0.0000000000,0.0074429390
8915,0.0054967856,0.0051288500
9432,0.0104792295,0.0020288215
7119,0.0098686522,0.0140590426
8521,0.0062913739,0.0068413825
2090,0.0021268074,0.0133752914
2397,0.0021268074,0.0069128078
2593,0.0021268074,0.0142258680
6475,0.0223742472,0.0059909083
4665,0.0042950514,0.0078504748
6088,0.0115254441,0.0079815378
2018,0.0044027971,0.0058917578
7206,0.0086326048,0.0038669038
1496,0.0000000000,0.0132744908
5306,0.0046439093,0.0091953767
5883,0.0055920415,0.0010859743
1497,0.0000000000,0.0107343280
6785,0.0133821865,0.0066792083
9224,0.0058023106,0.0009624112
1499,0.0000000000,0.0047238328
2068,0.0006184874,0.0135470570
2993,0.0017234921,0.0088483819
6661,0.0061667308,0.0046371007
2869,0.0033064604,0.0050664379
4944,0.0080068685,0.0144224055
1502,0.0000000000,0.0134476908
7134,0.0070106677,0.0081275585
9409,0.0108883598,0.0000000000
3079,0.0031866477,0.0194634414
3634,0.0053805812,0.0055176076
1504,0.0000000000,0.0068046335
3824,0.0029887536,0.0305355809
2020,0.0015956336,0.0040610969
9411,0.0141942212,0.0000000000
1990,0.0027116438,0.0196321484
8717,0.0128201530,0.0029758163
9591,0.0158191151,0.0000000000
3152,0.0029011103,0.0046921496
9500,0.0093050134,0.0016965933
2722,0.0017267646,0.0075731341
6468,0.0035885095,0.0000000000
2115,0.0021338943,0.0193791624
2675,0.0101155835,0.0169796648
5230,0.0064045194,0.0042656343
5069,0.0066734546,0.0107892639
5941,0.0057607287,0.0070576490
7202,0.0058857452,0.0048748337
7584,0.0073276083,0.0127583780
8966,0.0149071361,0.0021032990
2399,0.0064439824,0.0084397151
9960,0.0050831678,0.0000000000
7034,0.0153891643,0.0159870895
7466,0.0100248393,0.0026178646
8064,0.0186913819,0.0033075392
1519,0.0000000000,0.0242571275
9467,0.0143581089,0.0000000000
6835,0.0100563895,0.0174971834
8523,0.0034506685,0.0037223631
9746,0.0157833517,0.0000000000
1964,0.0037990175,0.0120133079
2295,0.0025588634,0.0157668137
6097,0.0101935152,0.0121677507
3067,0.0012819155,0.0058323132
1524,0.0000000000,0.0118731390
2924,0.0030278072,0.0181629161
3965,0.0127590669,0.0040227577
9005,0.0095589245,0.0016702726
1527,0.0000000000,0.0173916829
6427,0.0078468802,0.0069816497
7528,0.0088899209,0.0006857084
8317,0.0155328149,0.0014528161
8787,0.0059650420,0.0000000000
2113,0.0022969837,0.0080175715
5114,0.0112321331,0.0042674679
9985,0.0150761159,0.0000000000
8352,0.0099158550,0.0000000000
4132,0.0053327708,0.0102823471
8489,0.0112533279,0.0047645017
2315,0.0006330806,0.0077788299
6937,0.0116707243,0.0046654950
2943,0.0044331172,0.0138349977
6154,0.0103810039,0.0072325127
6721,0.0127481988,0.0117893997
4284,0.0054288720,0.0067782996
4591,0.0057215113,0.0083951553
5109,0.0021533753,0.0021767900
6537,0.0060617861,0.0078280355
3691,0.0057053627,0.0100517704
4375,0.0048536655,0.0073972111
8425,0.0116403011,0.0044503162
1536,0.0000000000,0.0120456752
2375,0.0015771300,0.0095983816
6220,0.0103298071,0.0098264128
6832,0.0065591628,0.0055043395
7733,0.0155323807,0.0014269075
3844,0.0014617806,0.0060775717
5972,0.0115439006,0.0178687030
5342,0.0051793269,0.0127022544
9146,0.0026591771,0.0023731324
1543,0.0000000000,0.0240793108
3357,0.0062106767,0.0146110212
5341,0.0099393048,0.0093665732
8999,0.0139284008,0.0032942878
1965,0.0043623930,0.0114317191
7372,0.0085788755,0.0080384504
8752,0.0085469736,0.0027411056
9061,0.0122999842,0.0045508446
1545,0.0000000000,0.0033230785
8038,0.0080097363,0.0000000000
1548,0.0000000000,0.0099310031
1831,0.0028846362,0.0084479300
9582,0.0166733409,0.0008086700
2145,0.0028810718,0.0089593961
2111,0.0011850461,0.0154057306
2396,0.0020994619,0.0116551273
5452,0.0074817627,0.0032726189
2036,0.0015400784,0.0090975551
3127,0.0073652423,0.0075717407
5269,0.0077342694,0.0080651985
6210,0.0052109771,0.0015901333
4862,0.0142348107,0.0092748844
5862,0.0040784861,0.0120058591
7245,0.0046709608,0.0030611632
5445,0.0075494098,0.0081721288
4982,0.0142964578,0.0132123676
9882,0.0115113766,0.0000000000
5784,0.0060396109,0.0147867215
3657,0.0058859747,0.0174155347
3180,0.0053299996,0.0160918144
4096,0.0018006672,0.0050386484
4393,0.0075995276,0.0129297379
1559,0.0000000000,0.0200726864
2308,0.0044247229,0.0126250971
4671,0.0103454509,0.0113745147
4707,0.0099754738,0.0032583659
5675,0.0152201609,0.0071662882
8375,0.0237584985,0.0021656063
2045,0.0017156907,0.0162944448
4368,0.0046844620,0.0061622777
1561,0.0000000000,0.0082836318
4450,0.0034774244,0.0038889179
7487,0.0114424373,0.0047252852
1562,0.0000000000,0.0044490618
4568,0.0121654496,0.0125339208
5614,0.0099879570,0.0051068884
6952,0.0041248953,0.0072887319
2559,0.0049024313,0.0081324727
6852,0.0213130549,0.0009171411
8786,0.0218990426,0.0030347645
2006,0.0014378343,0.0112934822
7578,0.0045274159,0.0100054823
1567,0.0000000000,0.0067741460
3116,0.0022111892,0.0104524291
7357,0.0059934132,0.0006655347
2766,0.0031815398,0.0157249317
2871,0.0015285466,0.0197316714
8639,0.0070252179,0.0056047467
2703,0.0008293617,0.0040239955
6888,0.0023765502,0.0078239362
7901,0.0080923030,0.0075589711
4726,0.0145111610,0.0091035202
1572,0.0000000000,0.0107265364
4301,0.0143714570,0.0077538272
8162,0.0094743531,0.0046989770
8869,0.0072699421,0.0062458732
4099,0.0080183471,0.0075101121
3275,0.0085635988,0.0110431438
5865,0.0035429375,0.0066103621
1576,0.0000000000,0.0076485939
7398,0.0113104121,0.0029826749
8690,0.0062777740,0.0057401319
9379,0.0127857572,0.0018039883
3923,0.0065063986,0.0109003153
5474,0.0071658940,0.0022972664
7435,0.0207766532,0.0057305110
9284,0.0088579041,0.0014232589
9819,0.0090832772,0.0000000000
2674,0.0021757833,0.0027509632
1581,0.0000000000,0.0159265983
6434,0.0141980867,0.0087302851
8481,0.0126553223,0.0045675960
9668,0.0102055192,0.0000000000
2387,0.0014712500,0.0089105751
6160,0.0306433845,0.0054720739
1584,0.0000000000,0.0189953912
8575,0.0149814433,0.0036017869
1585,0.0000000000,0.0137014049
4029,0.0054241380,0.0160186998
7954,0.0092480128,0.0021654494
1586,0.0000000000,0.0098916228
2203,0.0026352274,0.0173108638
1588,0.0000000000,0.0084429270
4009,0.0016921471,0.0085223457
3349,0.0055730672,0.0135269003
5721,0.0080056718,0.0078968769
5068,0.0040775531,0.0140585176
8556,0.0036261249,0.0022535784
5583,0.0098662215,0.0060792403
1592,0.0000000000,0.0171475777
3491,0.0048558483,0.0088720834
7815,0.0194016989,0.0049162072
5063,0.0030957157,0.0077897884
1594,0.0000000000,0.0097804650
1636,0.0012805480,0.0080851074
8047,0.0106266565,0.0000000000
6217,0.0153426432,0.0052636015
7307,0.0136592250,0.0049846918
5835,0.0114097304,0.0001900232
1597,0.0000000000,0.0294708748
2358,0.0074706976,0.0138716133
5777,0.0157477402,0.0064262683
7397,0.0094433779,0.0063199981
8407,0.0109887049,0.0018330846
4542,0.0105854188,0.0023435182
1850,0.0039607340,0.0100699616
4775,0.0060224816,0.0127670920
2743,0.0008824358,0.0125898948
3458,0.0022295813,0.0041649504
3052,0.0068495746,0.0156928489
4881,0.0023247371,0.0165833599
2017,0.0006492725,0.0186695607
4847,0.0078599305,0.0051707559
2796,0.0012463400,0.0077153583
5553,0.0067612968,0.0076135458
1606,0.0000000000,0.0106143434
5495,0.0095932111,0.0063139410
7327,0.0023308651,0.0042807235
8890,0.0151308547,0.0000000000
1608,0.0000000000,0.0112030899
9413,0.0045643453,0.0000000000
9817,0.0054148231,0.0000000000
5663,0.0013895899,0.0039840793
8549,0.0229617530,0.0000000000
9260,0.0024380260,0.0000000000
1833,0.0009189962,0.0101143916
1699,0.0007366380,0.0096899266
3899,0.0053693983,0.0199761722
4681,0.0018791673,0.0051368910
4887,0.0116709094,0.0117450338
7989,0.0106671791,0.0000000000
9954,0.0080617551,0.0000000000
1615,0.0000000000,0.0101204591
5462,0.0024313046,0.0076905701
6285,0.0039236444,0.0061375603
5180,0.0038064626,0.0039057926
5549,0.0084322581,0.0000000000
1647,0.0018017910,0.0044416658
2514,0.0038078011,0.0110316421
4601,0.0053584975,0.0034061031
5125,0.0138682415,0.0166633670
7354,0.0185200841,0.0030598037
5427,0.0070880406,0.0199506968
5814,0.0089795890,0.0020308629
7972,0.0154699347,0.0000000000
1624,0.0000000000,0.0129161650
3273,0.0054308115,0.0198500723
4919,0.0133745213,0.0055387693
5548,0.0059300582,0.0032657994
8397,0.0059946798,0.0000000000
7976,0.0230058172,0.0054793183
1626,0.0000000000,0.0137221026
7220,0.0039286041,0.0013900074
2580,0.0010001292,0.0157133174
1628,0.0000000000,0.0143927086
6799,0.0025095983,0.0025547781
7026,0.0074232754,0.0009166411
8910,0.0130635356,0.0015640546
9941,0.0093451521,0.0000000000
6002,0.0127407195,0.0010041537
4856,0.0057110172,0.0109717033
8599,0.0105699910,0.0042349824
9060,0.0073950676,0.0057238581
9654,0.0157282411,0.0013512775
8908,0.0154171946,0.0007377851
2597,0.0009564220,0.0059671362
6491,0.0037977526,0.0088251338
8293,0.0073489188,0.0054695873
7548,0.0100743000,0.0022790909
6278,0.0129875063,0.0060564366
9401,0.0134074589,0.0000000000
9955,0.0109147226,0.0000000000
7938,0.0108677675,0.0072396103
5408,0.0084066875,0.0096069636
8456,0.0123044053,0.0000000000
2640,0.0033573686,0.0106178299
4180,0.0076701275,0.0147558383
5870,0.0075152373,0.0064602123
8949,0.0057774410,0.0018703768
9350,0.0203428199,0.0000000000
4265,0.0034331644,0.0195251055
4734,0.0051781493,0.0081137489
8673,0.0127264248,0.0000000000
2134,0.0025194038,0.0127176831
3049,0.0075603159,0.0052990816
6243,0.0025194038,0.0000000000
7985,0.0139538184,0.0065619038
5389,0.0042548527,0.0147479794
6819,0.0080581100,0.0031125456
2625,0.0044496453,0.0043707984
9381,0.0174018618,0.0000000000
4837,0.0106077889,0.0029998390
9109,0.0117563169,0.0000000000
4147,0.0049342295,0.0073669942
5055,0.0043097158,0.0154815836
5088,0.0058427261,0.0046147742
6377,0.0094637871,0.0020603792
9033,0.0111694517,0.0000000000
1650,0.0000000000,0.0105760694
5930,0.0071883913,0.0088677361
1651,0.0000000000,0.0075381403
7386,0.0029855160,0.0064879046
8875,0.0094993285,0.0000000000
3050,0.0011499800,0.0099730300
9087,0.0091113505,0.0000000000
3445,0.0063763668,0.0157702694
6465,0.0122714506,0.0094217987
7289,0.0090921982,0.0047486470
8117,0.0105967879,0.0025607055
1657,0.0000000000,0.0156112588
4101,0.0037317007,0.0045159867
9308,0.0048922126,0.0000000000
9572,0.0100924555,0.0042227258
1748,0.0022064875,0.0078730482
3679,0.0022064875,0.0067084492
2159,0.0027263845,0.0044556437
5882,0.0086510364,0.0073410747
1661,0.0000000000,0.0141328046
4064,0.0018503961,0.0204716836
1800,0.0010419040,0.0078374357
8577,0.0134033851,0.0037363633
1754,0.0014568745,0.0032191995
3243,0.0037192346,0.0160301162
4102,0.0014568745,0.0067236246
8965,0.0103909294,0.0032345521
3646,0.0045447377,0.0085876912
4656,0.0061276253,0.0141685199
6720,0.0125978456,0.0029963370
8493,0.0008440944,0.0013138208
1837,0.0031241507,0.0052430559
3029,0.0089929936,0.0078477015
1669,0.0000000000,0.0106561377
4097,0.0049437124,0.0068959891
3012,0.0051063781,0.0131387694
6598,0.0151188042,0.0025505483
3562,0.0021153769,0.0110666859
7593,0.0085409134,0.0035212970
7735,0.0087543068,0.0050138700
6168,0.0114371090,0.0093262061
7799,0.0054791431,0.0000000000
8526,0.0097359973,0.0020711837
4454,0.0058670686,0.0124329503
4948,0.0055207055,0.0088611333
4289,0.0134622588,0.0115972228
7315,0.0057945249,0.0065167384
7820,0.0097408999,0.0043274776
7103,0.0066063890,0.0029284766
9823,0.0140468011,0.0000000000
5837,0.0084841014,0.0025955405
4349,0.0079071432,0.0027911094
6905,0.0052330605,0.0030856966
4632,0.0119499829,0.0024437508
8479,0.0142933921,0.0089235096
9430,0.0127674421,0.0007902079
4058,0.0124788584,0.0067358491
4576,0.0044998899,0.0046852375
6392,0.0061851779,0.0012201367
7622,0.0126866782,0.0048090946
7636,0.0121867346,0.0055058088
2827,0.0062100140,0.0094303554
6691,0.0221700109,0.0011305862
7314,0.0016054016,0.0000000000
9435,0.0134299689,0.0008983199
6413,0.0113132630,0.0042438545
7046,0.0077911825,0.0035451899
7486,0.0075427564,0.0014267771
8448,0.0039048596,0.0000000000
1687,0.0000000000,0.0177523545
3190,0.0023243007,0.0188576013
3526,0.0076939971,0.0081981386
9565,0.0126116983,0.0000000000
1688,0.0000000000,0.0161549634
7413,0.0040501723,0.0017653403
3813,0.0072381970,0.0046907919
5082,0.0104245609,0.0069363848
5326,0.0028657808,0.0090594006
9190,0.0130386958,0.0020939883
6563,0.0156122318,0.0068012881
9121,0.0122458312,0.0015989970
1691,0.0000000000,0.0074353291
2226,0.0017388456,0.0289271416
8498,0.0107308882,0.0011925272
1758,0.0012322701,0.0138742148
4031,0.0012322701,0.0082423396
8686,0.0044548241,0.0011322948
4894,0.0055487323,0.0059730873
9479,0.0105182712,0.0000000000
3268,0.0034023397,0.0098957912
1696,0.0000000000,0.0110824210
5685,0.0174978565,0.0078476593
5956,0.0121028143,0.0095327283
6021,0.0075102001,0.0087491640
7842,0.0070749502,0.0007089582
8554,0.0078479640,0.0034870259
6787,0.0073832014,0.0029781508
5479,0.0035916600,0.0041771496
7017,0.0078395242,0.0000000000
8235,0.0016362876,0.0040378734
5903,0.0065860411,0.0083214154
1880,0.0019119008,0.0087834469
5286,0.0054112621,0.0074350226
9590,0.0198337407,0.0000000000
7502,0.0120384719,0.0099395570
1725,0.0028727581,0.0111604356
7898,0.0114485774,0.0056846012
8398,0.0172035079,0.0015705917
8472,0.0116316344,0.0027162056
7997,0.0170329752,0.0044734764
1708,0.0000000000,0.0160029503
2629,0.0020952526,0.0055155253
5039,0.0034671328,0.0048410201
9356,0.0125098130,0.0000000000
4427,0.0032304643,0.0073966178
1713,0.0000000000,0.0107038893
8560,0.0065520044,0.0081469548
6089,0.0039334527,0.0042879871
6913,0.0112355917,0.0059036701
4752,0.0075200787,0.0044074634
6422,0.0032154398,0.0108593658
9538,0.0080515574,0.0033053092
2979,0.0032093397,0.0040751881
6753,0.0079864125,0.0022715945
8360,0.0155109486,0.0040353281
3678,0.0026431562,0.0071803206
5731,0.0070704919,0.0065101700
9235,0.0137343664,0.0000000000
9336,0.0093268413,0.0023219089
9009,0.0062095714,0.0018632354
4292,0.0074349242,0.0064094457
7367,0.0034018695,0.0041060293
3047,0.0073180873,0.0124527507
3613,0.0102477890,0.0100965533
9326,0.0111966292,0.0009766054
2435,0.0015660687,0.0226989568
3469,0.0141146174,0.0016689656
4648,0.0045355936,0.0124649317
8353,0.0137189830,0.0052943660
8020,0.0035853742,0.0048312239
3934,0.0015072379,0.0001245194
1734,0.0000000000,0.0067296206
5929,0.0075390718,0.0100254956
9938,0.0057822889,0.0000000000
7671,0.0038693770,0.0035299946
3068,0.0038564530,0.0115087757
3211,0.0025788815,0.0079380520
6047,0.0103892205,0.0039538765
7375,0.0106113397,0.0019677484
7600,0.0048993697,0.0071989420
2776,0.0062140080,0.0276705125
3103,0.0030402018,0.0097922070
4727,0.0062498908,0.0165038284
6985,0.0104808295,0.0124378291
4087,0.0080409962,0.0139396077
7415,0.0089255366,0.0021488980
8970,0.0198367642,0.0066147385
1743,0.0000000000,0.0158781569
4014,0.0031237179,0.0049803785
5932,0.0087432768,0.0013949587
2058,0.0012055546,0.0117250505
3971,0.0031938321,0.0066645672
3606,0.0050303249,0.0121086958
5031,0.0076199280,0.0046929358
7732,0.0104610597,0.0050085100
3566,0.0107531804,0.0152487406
3610,0.0035527522,0.0033098745
8374,0.0104750462,0.0029463562
2278,0.0034138934,0.0102891182
4032,0.0073875566,0.0103806138
9535,0.0040928511,0.0014511724
1750,0.0000000000,0.0293683340
2251,0.0038451710,0.0109247856
6968,0.0149360531,0.0036353692
7906,0.0157142244,0.0036856840
4559,0.0040916229,0.0078689319
9961,0.0147467473,0.0000000000
3760,0.0068682428,0.0059539358
3098,0.0019625047,0.0110639504
6359,0.0021550801,0.0083149964
3033,0.0060160029,0.0052595865
4223,0.0135858029,0.0098511657
6472,0.0050648398,0.0043411654
6836,0.0092562481,0.0084673048
7639,0.0117681185,0.0041198848
9082,0.0231585188,0.0039206445
1759,0.0000000000,0.0211343652
3628,0.0049724311,0.0063204131
6884,0.0077996808,0.0021261009
7085,0.0040655979,0.0023292266
9624,0.0217687670,0.0000000000
1761,0.0000000000,0.0098384521
5350,0.0012881402,0.0157635361
2038,0.0020077826,0.0091143434
2846,0.0053234819,0.0110401413
4650,0.0099203561,0.0066529144
7221,0.0056113174,0.0017552318
2261,0.0020702654,0.0090448691
2210,0.0017130021,0.0134265301
1767,0.0000000000,0.0119515465
2284,0.0015648058,0.0173546347
2765,0.0048214184,0.0143402665
6211,0.0062675193,0.0133256668
6569,0.0083892191,0.0046566375
7472,0.0105679590,0.0040643222
8952,0.0107280709,0.0017789158
7994,0.0078920738,0.0000000000
4844,0.0074290307,0.0201872798
9503,0.0108198085,0.0008917492
3414,0.0024346137,0.0110125026
7165,0.0079928957,0.0014577707
5184,0.0057087686,0.0114953665
5398,0.0195413593,0.0089330409
1776,0.0000000000,0.0190885287
5193,0.0057003057,0.0091368455
1777,0.0000000000,0.0080336614
2053,0.0010518404,0.0107513811
8340,0.0061417759,0.0050904141
4655,0.0051138161,0.0095081378
3075,0.0039237594,0.0125199591
8828,0.0137854475,0.0013357575
6390,0.0135566418,0.0050437950
2183,0.0027489876,0.0071684735
7297,0.0099089242,0.0023110151
8174,0.0081589658,0.0000000000
7167,0.0073902025,0.0036840562
7445,0.0061837280,0.0074355496
1785,0.0000000000,0.0192148910
9911,0.0205468296,0.0000000000
3253,0.0022757248,0.0169121267
5420,0.0057782790,0.0135416890
1788,0.0000000000,0.0301162553
8003,0.0107376895,0.0000000000
6984,0.0033110534,0.0210010368
2510,0.0007548462,0.0311064087
3539,0.0039445774,0.0043766347
4308,0.0011743671,0.0074840457
1791,0.0000000000,0.0050459064
9791,0.0120002953,0.0000000000
8212,0.0090119840,0.0005019441
6119,0.0079266362,0.0085790701
9875,0.0120094237,0.0000000000
3695,0.0044963959,0.0120149391
5573,0.0055574370,0.0069802770
1796,0.0000000000,0.0227127701
1975,0.0029737636,0.0169354345
6380,0.0117208094,0.0040040880
7524,0.0151441788,0.0057495592
9639,0.0126302011,0.0000000000
8854,0.0031583269,0.0016952506
2241,0.0015343633,0.0095709072
9442,0.0070538221,0.0000000000
1801,0.0000000000,0.0147212466
9306,0.0093963428,0.0006646237
8306,0.0060773780,0.0020497930
3210,0.0110283101,0.0139610617
7874,0.0047686595,0.0014387420
8600,0.0070884686,0.0041917827
3265,0.0042824048,0.0090139270
8240,0.0142103905,0.0021897448
1885,0.0032077435,0.0111450341
3407,0.0071589906,0.0065969156
6177,0.0118093455,0.0104395669
5738,0.0156600227,0.0116985067
8807,0.0302758411,0.0000000000
1810,0.0000000000,0.0095083432
8798,0.0073752221,0.0000000000
8889,0.0132441824,0.0010128344
9097,0.0141456677,0.0000000000
2084,0.0010180117,0.0135812606
9521,0.0175944997,0.0000000000
1815,0.0000000000,0.0148758151
4477,0.0033276994,0.0168713649
4996,0.0063672647,0.0109613991
6403,0.0127415758,0.0079050526
2524,0.0010451880,0.0106474312
7612,0.0153408784,0.0058866602
3115,0.0041051806,0.0131962399
5854,0.0129287210,0.0090163996
1854,0.0009379688,0.0066892691
1821,0.0000000000,0.0106619854
5954,0.0114157752,0.0271426534
1822,0.0000000000,0.0116407472
4114,0.0102779551,0.0153160771
4556,0.0027969335,0.0101741105
9926,0.0120197381,0.0000000000
2409,0.0034225653,0.0085266283
9179,0.0088984138,0.0065407829
6375,0.0139830761,0.0032032465
3823,0.0065782398,0.0073231842
7711,0.0116832933,0.0050106523
3846,0.0073594601,0.0105057214
9086,0.0103979068,0.0014659658
7323,0.0076725730,0.0075952085
9387,0.0125251068,0.0000000000
5325,0.0053075474,0.0065777997
2292,0.0056380968,0.0097945058
5791,0.0081482286,0.0165169601
1834,0.0000000000,0.0145069129
2981,0.0041698446,0.0186934213
2504,0.0025172723,0.0136313647
6788,0.0114364757,0.0053125386
2004,0.0016963196,0.0148830758
4750,0.0050780721,0.0049146359
7113,0.0154290349,0.0135567096
3773,0.0051711421,0.0099785488
5975,0.0038320463,0.0078432583
1839,0.0000000000,0.0116741135
5765,0.0076600650,0.0054488637
2191,0.0037219964,0.0060208774
3222,0.0078683513,0.0103580250
8870,0.0142208724,0.0018798925
9841,0.0137721395,0.0000000000
4524,0.0028692002,0.0115480269
7352,0.0091962115,0.0073672802
2737,0.0011890395,0.0076337774
3106,0.0007277339,0.0104098708
6302,0.0093560719,0.0140883325
2822,0.0050426565,0.0100906369
5423,0.0064844054,0.0114173074
8244,0.0131489522,0.0021656063
2077,0.0024983263,0.0172073072
6900,0.0127639371,0.0091883498
9649,0.0087911694,0.0012227357
1847,0.0000000000,0.0161682084
2332,0.0021168898,0.0125439120
3266,0.0097852652,0.0065987059
7427,0.0168367305,0.0016264103
1848,0.0000000000,0.0112540768
3793,0.0031731659,0.0219646527
5354,0.0081589077,0.0102546275
3208,0.0032235939,0.0111403778
1851,0.0000000000,0.0083620273
8042,0.0062022374,0.0014608381
8070,0.0066964470,0.0063525047
6348,0.0065659107,0.0061741537
9074,0.0093858869,0.0021871335
1855,0.0000000000,0.0058454844
5262,0.0122936527,0.0052152349
7793,0.0095724258,0.0011271243
3792,0.0039046144,0.0058823775
5213,0.0097316314,0.0058197385
6196,0.0103069257,0.0050451357
9774,0.0051181006,0.0000000000
1864,0.0000000000,0.0092022099
9172,0.0053722134,0.0031494195
3376,0.0050469036,0.0046775268
7527,0.0136786879,0.0060855065
2946,0.0093505342,0.0086340798
8123,0.0100759070,0.0083538011
8623,0.0071303594,0.0000000000
1871,0.0000000000,0.0110388520
4177,0.0027550482,0.0119993324
6124,0.0134412908,0.0064570184
7946,0.0108228551,0.0037555750
1873,0.0000000000,0.0167511464
8422,0.0047416783,0.0000000000
5280,0.0056535896,0.0074495289
7249,0.0071008767,0.0019548450
7581,0.0074701944,0.0046152980
7909,0.0114461672,0.0016402565
9597,0.0086188604,0.0012719042
2033,0.0015175722,0.0080416267
7097,0.0119892494,0.0062190879
2850,0.0022841986,0.0062195963
1883,0.0000000000,0.0196481915
4459,0.0101836508,0.0216992406
4445,0.0013608931,0.0167975853
6049,0.0030242870,0.0013704974
7084,0.0171118884,0.0000000000
1886,0.0000000000,0.0147858907
4496,0.0074867962,0.0108448648
6670,0.0064727426,0.0013709960
6516,0.0153265020,0.0019198875
2870,0.0005916457,0.0060689160
7511,0.0127811563,0.0000000000
5083,0.0111981212,0.0199637611
5613,0.0075479664,0.0028937409
8164,0.0116597973,0.0032838996
3590,0.0026342809,0.0074130800
1893,0.0000000000,0.0063481782
1894,0.0000000000,0.0142617003
2663,0.0056261841,0.0068417830
7348,0.0066590872,0.0017891618
8258,0.0062428926,0.0023782123
8300,0.0100082369,0.0044938254
4637,0.0084535466,0.0089061754
6634,0.0062290708,0.0090667222
7179,0.0051533827,0.0067392606
9990,0.0250635422,0.0000000000
5464,0.0040113811,0.0195457024
7850,0.0048905187,0.0030015715
9007,0.0238032845,0.0000000000
9647,0.0101647282,0.0000000000
7627,0.0167698656,0.0038011340
4159,0.0031542019,0.0023407400
2411,0.0014232328,0.0056355594
1912,0.0000000000,0.0171270902
3901,0.0022424353,0.0113444557
4190,0.0028628553,0.0183835323
4239,0.0030607577,0.0142900933
8176,0.0066748853,0.0030478344
1914,0.0000000000,0.0039611056
2969,0.0036638491,0.0204906136
2093,0.0013794960,0.0067197952
6628,0.0038871349,0.0113057736
3193,0.0067282133,0.0102277513
8688,0.0097583822,0.0014127380
9068,0.0069271930,0.0000000000
9191,0.0052372458,0.0000000000
5873,0.0082088130,0.0044858030
1920,0.0000000000,0.0074970389
8297,0.0124341594,0.0016399021
2974,0.0011283320,0.0094404319
1966,0.0019755109,0.0127203169
4442,0.0057596803,0.0089123763
5332,0.0102591266,0.0072872231
1926,0.0000000000,0.0096138871
7334,0.0048823698,0.0041243057
2483,0.0019141640,0.0133090364
4989,0.0044461068,0.0112263863
2612,0.0017639485,0.0070733385
6877,0.0057495654,0.0028613248
8076,0.0119200401,0.0094674724
9921,0.0145445211,0.0000000000
8504,0.0143609922,0.0000000000
9058,0.0147997175,0.0022995668
4662,0.0132365924,0.0082801671
4885,0.0130488170,0.0046744151
5746,0.0059082784,0.0054078320
6767,0.0108990808,0.0076628893
9844,0.0128959464,0.0000000000
4594,0.0056348571,0.0056969953
9887,0.0061763914,0.0000000000
3232,0.0040581046,0.0185397983
1936,0.0000000000,0.0047748971
3094,0.0006251732,0.0165963252
3652,0.0006251732,0.0135432257
7302,0.0043358224,0.0112339832
1938,0.0000000000,0.0177157885
5937,0.0111001208,0.0098985140
6930,0.0120937025,0.0029637313
9487,0.0103778307,0.0021709604
7760,0.0113579987,0.0042736938
7869,0.0165849716,0.0039954826
9437,0.0132507591,0.0000000000
1944,0.0000000000,0.0030673066
6063,0.0014513427,0.0083254836
3045,0.0018893216,0.0069335511
4049,0.0045641586,0.0084647261
7853,0.0110791596,0.0056520787
7540,0.0084444201,0.0000000000
7957,0.0105775844,0.0043850529
1949,0.0000000000,0.0107892120
7808,0.0102735380,0.0039046029
3644,0.0041489239,0.0130446799
5798,0.0032705955,0.0097552637
6500,0.0082938505,0.0038833545
6635,0.0071663666,0.0056643945
9721,0.0048678014,0.0000000000
1955,0.0000000000,0.0161230019
2568,0.0045962460,0.0096994033
4204,0.0097699943,0.0247178502
9084,0.0210973885,0.0029474755
6839,0.0086442692,0.0063499166
8304,0.0128262216,0.0015877018
7689,0.0122070161,0.0109056286
2916,0.0018009169,0.0064227542
3851,0.0062068843,0.0023771852
5140,0.0018009169,0.0035553661
5833,0.0078887121,0.0057401466
6854,0.0147029654,0.0079290607
9939,0.0083792186,0.0013534707
7371,0.0095624919,0.0082278395
7912,0.0065086436,0.0096047718
5470,0.0038360185,0.0093682410
5908,0.0076239651,0.0015364944
7078,0.0131659043,0.0020414752
1969,0.0000000000,0.0059318589
2413,0.0007766532,0.0175749479
6140,0.0071818804,0.0116220291
3523,0.0053089381,0.0219139195
8544,0.0156936801,0.0028505824
1973,0.0000000000,0.0160278847
2372,0.0048026759,0.0172736848
2744,0.0008630201,0.0116581696
6458,0.0116405234,0.0035442784
9580,0.0085962080,0.0000000000
4570,0.0054687182,0.0061288769
7308,0.0026286126,0.0084805869
7147,0.0031822279,0.0066617207
5246,0.0068726627,0.0100913875
3999,0.0026678259,0.0165719043
4013,0.0032756313,0.0071799404
3565,0.0033907905,0.0118423980
6246,0.0149770855,0.0039264554
9781,0.0084001853,0.0000000000
1987,0.0000000000,0.0138836434
2262,0.0041377597,0.0135078444
7645,0.0119052288,0.0014707240
9056,0.0098136201,0.0003689120
9570,0.0056979184,0.0000000000
9583,0.0102015517,0.0000000000
2362,0.0012900150,0.0069176434
6909,0.0109050931,0.0019309819
7592,0.0023998289,0.0012569990
5277,0.0067868844,0.0161068825
9100,0.0073216380,0.0017750484
8335,0.0181517948,0.0072012488
9159,0.0144223058,0.0000000000
5054,0.0117593859,0.0053142016
6735,0.0113341069,0.0058471727
8588,0.0172230162,0.0019986481
1994,0.0000000000,0.0098774837
5191,0.0110029361,0.0122043452
8907,0.0102481415,0.0000000000
2289,0.0014137535,0.0077178464
8263,0.0043526902,0.0015178867
3559,0.0035725595,0.0146584455
6224,0.0073025907,0.0066529593
8291,0.0056449250,0.0050134417
8785,0.0096099192,0.0034613828
2000,0.0000000000,0.0109894761
6182,0.0127609037,0.0067763177
2685,0.0022451119,0.0124154996
8084,0.0050750285,0.0007957058
4830,0.0048321411,0.0020175262
5264,0.0047362721,0.0091028555
7658,0.0097909620,0.0026446085
9902,0.0185222896,0.0009974180
6653,0.0117398247,0.0134408920
8701,0.0119054724,0.0056539600
7840,0.0188168362,0.0030598037
3636,0.0043366393,0.0118056804
3732,0.0021043931,0.0150718595
5783,0.0110914272,0.0050863308
2010,0.0000000000,0.0051747605
2888,0.0028947694,0.0091958200
6381,0.0043635637,0.0080731734
6953,0.0049039879,0.0051998975
8319,0.0116979747,0.0015392456
8635,0.0054425364,0.0040880226
3626,0.0015735149,0.0094186031
5165,0.0061989358,0.0099508743
9020,0.0040064909,0.0013285418
9226,0.0027866336,0.0020629425
2016,0.0000000000,0.0181589524
6373,0.0034548050,0.0009235423
8627,0.0047531385,0.0010523946
9307,0.0122126808,0.0032950856
2019,0.0000000000,0.0149914288
4537,0.0016156359,0.0086411583
2021,0.0000000000,0.0041860538
3859,0.0038191146,0.0075883276
8031,0.0132524797,0.0010608513
4478,0.0047149213,0.0141580364
6365,0.0147427495,0.0078354761
4004,0.0051611342,0.0074521279
9915,0.0137783436,0.0000000000
2028,0.0000000000,0.0065326058
7951,0.0077516116,0.0093183238
8255,0.0058675755,0.0021113650
8315,0.0108983192,0.0031674487
5219,0.0060022482,0.0017156032
5597,0.0022190768,0.0064487744
6455,0.0152194785,0.0095940154
8537,0.0038960250,0.0021856445
2031,0.0000000000,0.0118080341
2034,0.0000000000,0.0094979484
6268,0.0059655188,0.0094639556
5021,0.0054198845,0.0106495304
7022,0.0045356311,0.0058564677
7920,0.0063803261,0.0053753912
6562,0.0060023576,0.0153824580
5618,0.0073295521,0.0169358146
6776,0.0046859931,0.0074073698
3659,0.0021805164,0.0021058509
6594,0.0093092071,0.0099724369
5212,0.0040850202,0.0111806143
8185,0.0040011916,0.0012605757
4832,0.0025877175,0.0065407741
2538,0.0042292642,0.0066050995
8656,0.0082536469,0.0014841540
5665,0.0072054583,0.0100504600
2048,0.0000000000,0.0173088885
2611,0.0028417946,0.0259937087
2051,0.0000000000,0.0074502143
2052,0.0000000000,0.0110942289
6823,0.0044487559,0.0037446345
7772,0.0099284318,0.0032608066
7590,0.0151054673,0.0151039788
3484,0.0010580809,0.0120341123
9476,0.0089765593,0.0000000000
4900,0.0052172635,0.0043146855
6075,0.0174681726,0.0055681070
2956,0.0029857757,0.0091368208
2918,0.0052138690,0.0099643256
8041,0.0154343910,0.0033665202
9943,0.0054318846,0.0000000000
8396,0.0072632778,0.0021987915
6077,0.0083646928,0.0067377087
7094,0.0032541591,0.0027238709
8026,0.0081153535,0.0029552724
2781,0.0019294059,0.0214539715
4384,0.0058410146,0.0099165135
5228,0.0065258937,0.0132519049
7585,0.0103655735,0.0086630861
2971,0.0057539150,0.0102943388
9242,0.0060611600,0.0011692693
4827,0.0096040171,0.0037591821
6737,0.0083258096,0.0027065456
2078,0.0000000000,0.0057994383
6831,0.0063217328,0.0021609086
9017,0.0052475434,0.0054192790
2080,0.0000000000,0.0101229440
3154,0.0013253884,0.0055237931
2081,0.0000000000,0.0050967381
6704,0.0061159788,0.0043095975
2085,0.0000000000,0.0095924821
8780,0.0087684272,0.0017783236
2087,0.0000000000,0.0062652334
3884,0.0008203017,0.0136966037
4077,0.0046148039,0.0114281093
5532,0.0035231275,0.0043564895
7720,0.0114330947,0.0089324051
8400,0.0043844401,0.0019821058
5924,0.0046237546,0.0038598963
2095,0.0000000000,0.0131404567
4984,0.0060994217,0.0007453419
2096,0.0000000000,0.0113358512
5451,0.0024808697,0.0136803002
8553,0.0087271537,0.0035101233
4086,0.0097676410,0.0121251146
5982,0.0096237573,0.0109857510
2098,0.0000000000,0.0092212192
3000,0.0051038954,0.0133389687
2100,0.0000000000,0.0074108089
5153,0.0028661544,0.0117170988
6052,0.0065174467,0.0050739749
5436,0.0057605290,0.0039559155
2621,0.0036905670,0.0029519657
9185,0.0157789442,0.0024445944
2672,0.0025827843,0.0035436362
5379,0.0122093961,0.0000000000
8976,0.0211028234,0.0000000000
5689,0.0064772781,0.0120232939
5705,0.0015222293,0.0026261834
8141,0.0077537957,0.0000000000
6301,0.0038630559,0.0048726372
7495,0.0101925999,0.0076422233
9726,0.0165754611,0.0016308237
3794,0.0029392137,0.0125039066
5086,0.0024983937,0.0067057815
4267,0.0050174612,0.0117303085
8325,0.0112551071,0.0051188061
2121,0.0000000000,0.0098498774
2124,0.0000000000,0.0172147200
6294,0.0116758002,0.0086547404
2125,0.0000000000,0.0171482932
5450,0.0109067839,0.0062509632
5132,0.0073818397,0.0044035003
9942,0.0088059855,0.0018758865
6546,0.0146958314,0.0047551327
7329,0.0148493587,0.0033293209
9757,0.0128793065,0.0000000000
9918,0.0085843581,0.0000000000
2131,0.0000000000,0.0077446924
7003,0.0074369787,0.0010601345
3371,0.0034085003,0.0139489132
6480,0.0104237608,0.0016922573
4743,0.0044624774,0.0052763925
5174,0.0068909493,0.0075217685
2138,0.0000000000,0.0137806660
6822,0.0061950369,0.0085637648
7238,0.0088236704,0.0038102172
3576,0.0054381811,0.0162795928
4452,0.0067057052,0.0191011050
5505,0.0056047702,0.0019334407
5804,0.0029539701,0.0038386505
7571,0.0057147988,0.0026266914
8605,0.0095331152,0.0054837805
3205,0.0024212456,0.0102380835
2934,0.0027712425,0.0060485235
7053,0.0092098783,0.0028964331
2334,0.0016263563,0.0589958925
2931,0.0035902308,0.0051139110
6050,0.0044510854,0.0071809946
9372,0.0142722934,0.0045804779
7112,0.0031108457,0.0058807749
8137,0.0091218495,0.0039293863
9738,0.0108783962,0.0000000000
8881,0.0049681227,0.0033706054
3592,0.0021194390,0.0032053647
2155,0.0000000000,0.0118034311
6473,0.0042438542,0.0088156963
2156,0.0000000000,0.0101736387
3231,0.0023199860,0.0086499507
2160,0.0000000000,0.0013437158
7349,0.0070537517,0.0084328788
2728,0.0027025088,0.0218607236
7635,0.0108790004,0.0028866630
2164,0.0000000000,0.0047328800
5381,0.0076478169,0.0077742343
4094,0.0041923143,0.0109087439
9890,0.0169217344,0.0000000000
9839,0.0107609942,0.0000000000
3802,0.0051140388,0.0122278718
5266,0.0052927105,0.0118401486
5917,0.0099360319,0.0040500772
4950,0.0104421734,0.0075544321
2172,0.0000000000,0.0065455577
3144,0.0041428152,0.0113734302
6454,0.0033966218,0.0069099781
7312,0.0157693931,0.0114280399
9410,0.0108137985,0.0027892724
4110,0.0086728850,0.0038149029
9519,0.0040170621,0.0000000000
2179,0.0000000000,0.0041800137
3298,0.0036468652,0.0021360963
9046,0.0058871241,0.0036286036
2425,0.0020125736,0.0076586890
6172,0.0132740761,0.0030694992
8572,0.0114431110,0.0000000000
9588,0.0101470231,0.0054476392
6582,0.0056382895,0.0036443439
9286,0.0099395382,0.0000000000
8052,0.0129853897,0.0016214393
2184,0.0000000000,0.0023059324
5498,0.0062684015,0.0082671043
3715,0.0035781922,0.0068026947
7839,0.0054144527,0.0011425136
9417,0.0123548475,0.0000000000
3800,0.0060868841,0.0106079105
2193,0.0000000000,0.0109482330
7541,0.0141544942,0.0014659658
7151,0.0019535189,0.0013462182
2414,0.0012856444,0.0158509048
8409,0.0053381547,0.0026213050
9677,0.0141933777,0.0016834588
2947,0.0034542880,0.0080072141
8942,0.0211305863,0.0039048376
7012,0.0072777921,0.0044671279
3489,0.0070423731,0.0100145450
5735,0.0089140110,0.0054624410
3885,0.0047139662,0.0097234171
8040,0.0023817971,0.0082960371
2945,0.0009735329,0.0117162848
4798,0.0113334876,0.0068881866
6739,0.0094375445,0.0077161526
3145,0.0017579242,0.0119875413
5875,0.0062641672,0.0170966304
2211,0.0000000000,0.0109917706
4763,0.0059870553,0.0081683464
6583,0.0118279730,0.0140112248
3585,0.0055039257,0.0080087588
4511,0.0040923403,0.0113359051
2276,0.0016956479,0.0134180790
8204,0.0076738526,0.0020319709
9098,0.0107060162,0.0010050570
6950,0.0075835692,0.0004813483
6732,0.0074841987,0.0029580528
4485,0.0082793982,0.0047934941
5217,0.0037536362,0.0040985926
6415,0.0128441972,0.0031524168
6927,0.0028984735,0.0055179631
7102,0.0025243342,0.0132196138
2304,0.0046749474,0.0123384126
3593,0.0061775135,0.0068162112
3441,0.0043300244,0.0033142737
3159,0.0030659370,0.0123208296
6959,0.0100308374,0.0054391893
2534,0.0010192071,0.0117091374
5356,0.0010192071,0.0094894622
3212,0.0022435855,0.0115019021
4211,0.0065316577,0.0170634226
4273,0.0068721324,0.0035284875
7373,0.0131267442,0.0058339172
6719,0.0144713369,0.0019496895
4172,0.0117071725,0.0077865909
5446,0.0073086559,0.0111289535
7086,0.0130792033,0.0044740834
8120,0.0059638834,0.0006455998
3399,0.0023953252,0.0085347025
3730,0.0064697012,0.0185113151
5496,0.0018291252,0.0045530546
6152,0.0040356845,0.0084245172
4088,0.0057272529,0.0070758894
5620,0.0079855828,0.0042163220
7009,0.0120170738,0.0000000000
2249,0.0000000000,0.0050296105
2252,0.0000000000,0.0102239248
4250,0.0025458952,0.0180978845
7222,0.0088344106,0.0054387693
8151,0.0095083493,0.0019725669
2345,0.0011350036,0.0172882785
8992,0.0079455457,0.0016484670
3573,0.0051483599,0.0105019649
7169,0.0104218748,0.0127229258
2263,0.0000000000,0.0077739193
2328,0.0010178326,0.0034074065
5364,0.0042579438,0.0044713632
6051,0.0068092924,0.0058541628
2264,0.0000000000,0.0137407535
5062,0.0114073434,0.0139244168
9399,0.0068056999,0.0000000000
2267,0.0000000000,0.0106839991
7973,0.0053391974,0.0008895643
4546,0.0014386419,0.0068310612
5444,0.0089900905,0.0070989092
6926,0.0065847164,0.0020206040
8746,0.0046169341,0.0023505308
2270,0.0000000000,0.0157047386
5081,0.0102294163,0.0043712465
5593,0.0123012004,0.0029698338
6068,0.0127905339,0.0015323773
6146,0.0103358065,0.0044902125
6430,0.0066196974,0.0038825964
2275,0.0000000000,0.0069194878
5337,0.0181469611,0.0161761621
8891,0.0043567561,0.0012850594
2660,0.0017025815,0.0109902349
9155,0.0103964235,0.0034329646
9274,0.0135469518,0.0000000000
9383,0.0043595907,0.0014407348
5046,0.0073143234,0.0066221040
3935,0.0042527947,0.0119482240
7838,0.0107588436,0.0086262085
9207,0.0108566099,0.0000000000
2282,0.0000000000,0.0069840500
4200,0.0096488519,0.0044484831
7934,0.0063006148,0.0112840061
2287,0.0000000000,0.0066610805
8767,0.0045076564,0.0062324112
9973,0.0124557784,0.0000000000
4891,0.0052738747,0.0106988865
7006,0.0043113697,0.0030378999
2873,0.0029010950,0.0103199618
4882,0.0091033040,0.0111192291
2298,0.0000000000,0.0087239129
7804,0.0114395086,0.0000000000
2300,0.0000000000,0.0106962267
6293,0.0046714515,0.0065172027
5964,0.0062607856,0.0028620963
9222,0.0125748226,0.0000000000
2389,0.0012734774,0.0135014137
8831,0.0093105167,0.0000000000
6174,0.0104278076,0.0097891433
4745,0.0042649470,0.0014900506
6541,0.0008554339,0.0110709005
5318,0.0079428823,0.0069501909
6036,0.0081462408,0.0164078471
9122,0.0069925413,0.0029402904
3214,0.0027403222,0.0135531229
6328,0.0066432755,0.0033180522
6689,0.0144699913,0.0072179388
8469,0.0054568163,0.0033107916
8651,0.0088890323,0.0000000000
3344,0.0035626358,0.0106353290
3907,0.0050573625,0.0078286533
5416,0.0075980088,0.0051280519
2868,0.0023518326,0.0089599938
4389,0.0042398105,0.0041440888
3572,0.0011070737,0.0072977136
9508,0.0055086411,0.0000000000
2532,0.0010475852,0.0154727341
4790,0.0024993488,0.0137455194
7525,0.0112845499,0.0015587415
5772,0.0025138191,0.0073797360
8620,0.0134831693,0.0080504902
2823,0.0016877319,0.0178080856
5232,0.0027188434,0.0143659053
6672,0.0134603014,0.0106481981
3130,0.0101868097,0.0055630264
6391,0.0172784578,0.0059157651
2704,0.0044162118,0.0088623090
4753,0.0043775379,0.0040281390
2407,0.0013881966,0.0108796108
4362,0.0030191221,0.0102067924
5478,0.0129294240,0.0175473110
9127,0.0187957049,0.0000000000
2340,0.0000000000,0.0044812164
6588,0.0060041442,0.0037646854
2341,0.0000000000,0.0148992943
2342,0.0000000000,0.0087431745
3143,0.0002245278,0.0039816218
5107,0.0026988883,0.0101327358
6551,0.0074841142,0.0014262815
9412,0.0131289067,0.0013333828
2346,0.0000000000,0.0043959391
2586,0.0021385316,0.0051451293
5281,0.0088393595,0.0085074937
9522,0.0093185671,0.0000000000
2351,0.0000000000,0.0102744309
5373,0.0070061356,0.0057930302
7440,0.0089234552,0.0085328674
7987,0.0026590918,0.0056388513
2366,0.0014590821,0.0081283953
4806,0.0045742226,0.0049155750
4826,0.0063090384,0.0025894012
6758,0.0103895548,0.0022670147
2469,0.0012120956,0.0049446237
7509,0.0057164352,0.0032382517
8855,0.0029387309,0.0032132361
4484,0.0056034997,0.0171559624
8146,0.0033732112,0.0019038622
2912,0.0014042053,0.0090529799
8747,0.0117353420,0.0000000000
3467,0.0038106690,0.0029038439
4196,0.0029956916,0.0136122319
9239,0.0124727389,0.0021191482
2368,0.0000000000,0.0136158413
6853,0.0126655543,0.0060818446
8265,0.0086240792,0.0014890661
5823,0.0070506926,0.0101623326
7952,0.0110862286,0.0016734836
7657,0.0158740784,0.0024149857
7896,0.0072164026,0.0006120201
2376,0.0000000000,0.0165240444
3395,0.0049690908,0.0060217578
7503,0.0108408530,0.0017732189
4356,0.0014095647,0.0036863040
9616,0.0056349918,0.0000000000
5016,0.0045885817,0.0096068945
4505,0.0025365151,0.0095492708
8499,0.0123329753,0.0032984073
9554,0.0141061108,0.0000000000
5349,0.0049030988,0.0112507977
9461,0.0069897409,0.0025371437
5044,0.0045328163,0.0034002501
9257,0.0093136157,0.0036137305
5693,0.0015403771,0.0053650262
6337,0.0013276742,0.0109807852
4951,0.0072869574,0.0110740976
2398,0.0000000000,0.0138922094
5324,0.0036860730,0.0081222944
8124,0.0059614245,0.0000000000
2405,0.0000000000,0.0068516700
3860,0.0081722173,0.0114825433
9555,0.0077462616,0.0022282892
5168,0.0026080822,0.0093615869
2863,0.0041296783,0.0048275240
9968,0.0072877652,0.0000000000
7742,0.0036384925,0.0010439547
2416,0.0000000000,0.0086561916
4158,0.0090330104,0.0080972595
7133,0.0073289541,0.0021143820
7457,0.0071794095,0.0009721642
2926,0.0031613501,0.0065957350
9338,0.0102426314,0.0000000000
3362,0.0044682537,0.0089255978
9077,0.0115127341,0.0006305967
2798,0.0006297482,0.0050871439
6533,0.0083325264,0.0004500195
7224,0.0047758907,0.0029165821
3865,0.0042991988,0.0084559487
3218,0.0020800969,0.0115616594
5789,0.0050861088,0.0047846719
9151,0.0043883055,0.0006807286
6329,0.0069399106,0.0039601943
8009,0.0104682232,0.0024423154
5352,0.0071983817,0.0131011144
6547,0.0075217101,0.0077560314
5880,0.0077629191,0.0104289572
2451,0.0000000000,0.0092087132
2452,0.0000000000,0.0058614786
2454,0.0000000000,0.0139699173
5591,0.0042812384,0.0227175968
2455,0.0000000000,0.0132296779
3816,0.0041298065,0.0107071351
4023,0.0044461043,0.0039477947
2459,0.0000000000,0.0099352511
3227,0.0013008140,0.0074863802
4210,0.0052868280,0.0107780625
8911,0.0117281052,0.0039087625
4898,0.0073775249,0.0080924327
2462,0.0000000000,0.0106109558
6885,0.0065279525,0.0087405045
2845,0.0015912302,0.0148232842
4144,0.0015912302,0.0143061584
6425,0.0104955904,0.0104795246
4140,0.0069229486,0.0039639935
5604,0.0048556819,0.0150849158
9811,0.0104104319,0.0000000000
9826,0.0030464771,0.0019509340
8205,0.0138312780,0.0060302253
5971,0.0100173260,0.0084230565
6887,0.0082427936,0.0141144789
8678,0.0090769972,0.0051726307
4387,0.0084906826,0.0127455278
2678,0.0053324183,0.0129995362
3682,0.0017425408,0.0136140887
3748,0.0025858102,0.0092059348
8566,0.0135066260,0.0061914349
6660,0.0097420667,0.0000000000
4672,0.0006954314,0.0097735355
5477,0.0094555060,0.0145236112
5607,0.0061143911,0.0049604596
9734,0.0120839946,0.0013391727
7137,0.0055071485,0.0062889790
3138,0.0032492762,0.0171307986
5310,0.0013467960,0.0065351205
5759,0.0091969757,0.0087054975
6121,0.0075798596,0.0102878445
9366,0.0048163186,0.0000000000
3191,0.0016900633,0.0079145270
2506,0.0000000000,0.0126031112
9050,0.0105176639,0.0000000000
2513,0.0000000000,0.0079336065
2516,0.0000000000,0.0072139415
2517,0.0000000000,0.0038892839
2518,0.0000000000,0.0164754249
5558,0.0081219933,0.0064895549
6673,0.0114731797,0.0100589593
8022,0.0028364820,0.0000000000
6157,0.0058373356,0.0009180497
2528,0.0000000000,0.0106339071
5981,0.0094699046,0.0050224808
7213,0.0034195048,0.0036026002
4286,0.0005073749,0.0048820664
2531,0.0000000000,0.0170007674
7099,0.0076225821,0.0059066744
3249,0.0020258319,0.0098098519
5492,0.0021398289,0.0017734007
9025,0.0099227630,0.0000000000
2536,0.0000000000,0.0073485722
5146,0.0073590270,0.0042380570
6191,0.0069011921,0.0035069463
8049,0.0072605113,0.0008037142
9814,0.0189140904,0.0000000000
4645,0.0022144758,0.0057439343
7747,0.0120251888,0.0025440477
4036,0.0108304233,0.0093905890
9748,0.0153481039,0.0000000000
4129,0.0019795573,0.0097211178
6539,0.0063558902,0.0007406759
9626,0.0119838412,0.0000000000
2553,0.0000000000,0.0081926458
8390,0.0129128204,0.0018038656
9807,0.0064895819,0.0000000000
9513,0.0093241964,0.0000000000
2833,0.0045149348,0.0166798537
7618,0.0124123332,0.0013001806
2567,0.0000000000,0.0142768869
2650,0.0018692606,0.0094130574
3886,0.0027943859,0.0155269356
4449,0.0048529055,0.0083497090
7547,0.0098247680,0.0030176934
2573,0.0000000000,0.0116125458
6014,0.0059978697,0.0123352992
6538,0.0081410799,0.0004524878
2578,0.0000000000,0.0074055026
4098,0.0009695962,0.0039466142
4182,0.0036523575,0.0107569202
5522,0.0026429181,0.0039759827
6418,0.0047544510,0.0067647183
4410,0.0026272482,0.0235340119
5175,0.0020698985,0.0000000000
4539,0.0003578656,0.0009457073
3902,0.0026706433,0.0079076732
9251,0.0068468151,0.0039296638
2599,0.0000000000,0.0070658465
2601,0.0000000000,0.0085442680
5936,0.0094987297,0.0057621370
7401,0.0042559236,0.0016464100
5855,0.0161141034,0.0051657291
7731,0.0072032780,0.0015176142
7168,0.0076643112,0.0039892403
6508,0.0101800744,0.0000000000
2689,0.0014256853,0.0024064469
5645,0.0033629531,0.0014575216
2616,0.0000000000,0.0062504683
3038,0.0008183685,0.0118111547
2875,0.0025330271,0.0099309745
2973,0.0061319202,0.0087800209
4695,0.0025330271,0.0128837299
4679,0.0024726664,0.0056755159
5064,0.0003864984,0.0091525464
2886,0.0006245766,0.0120330697
6958,0.0079072914,0.0110246620
6747,0.0138043073,0.0048500571
7810,0.0089817650,0.0014415294
6411,0.0045557817,0.0053775875
5084,0.0053043402,0.0093597235
2638,0.0000000000,0.0096141498
7359,0.0142459266,0.0000000000
5991,0.0022342348,0.0043471180
2775,0.0009200431,0.0117133577
2646,0.0000000000,0.0244460609
9846,0.0051242988,0.0000000000
6313,0.0038694137,0.0069481044
4119,0.0079217210,0.0183577125
6813,0.0046759457,0.0142329559
7343,0.0111761495,0.0096463201
2655,0.0000000000,0.0190353047
2657,0.0000000000,0.0136189899
2664,0.0000000000,0.0138266951
9440,0.0068387218,0.0000000000
9771,0.0160853127,0.0000000000
2667,0.0000000000,0.0080310721
9310,0.0164365546,0.0024153292
3912,0.0051507663,0.0166081876
5256,0.0051493059,0.0021420328
3025,0.0026655763,0.0164582160
4928,0.0041304907,0.0124548389
6891,0.0136322325,0.0090791571
6980,0.0079135345,0.0191133355
7135,0.0056126155,0.0066533361
6873,0.0049651233,0.0087158278
3759,0.0050772490,0.0071082157
2690,0.0000000000,0.0096607526
2997,0.0052270014,0.0109214132
2692,0.0000000000,0.0147806642
9240,0.0072573704,0.0000000000
6078,0.0055491963,0.0091634404
9283,0.0040559475,0.0022784113
7149,0.0045656033,0.0031234258
4162,0.0067023286,0.0076378985
8963,0.0039550901,0.0017189570
4721,0.0055856839,0.0117153623
2701,0.0000000000,0.0127791473
9552,0.0109138559,0.0014285250
2705,0.0000000000,0.0184596577
6344,0.0078325864,0.0037158945
2706,0.0000000000,0.0097215732
4960,0.0036987588,0.0107384260
8399,0.0127393361,0.0000000000
7110,0.0091271385,0.0000000000
2721,0.0000000000,0.0117629265
3430,0.0026426217,0.0124653906
9515,0.0131914128,0.0018039883
8838,0.0074319716,0.0020808479
6105,0.0030421685,0.0045161022
7754,0.0045005205,0.0056370175
6571,0.0069802575,0.0041020228
6966,0.0074796894,0.0005468658
5630,0.0054159696,0.0076616543
6457,0.0048557626,0.0064643287
5960,0.0055657726,0.0052589000
5079,0.0029520055,0.0065549069
9123,0.0094611784,0.0020665010
3563,0.0020448708,0.0082154509
6550,0.0059822348,0.0054422947
9028,0.0110622868,0.0034651042
9516,0.0028176460,0.0021872808
9049,0.0094556777,0.0000000000
7700,0.0019187517,0.0076510686
2810,0.0007962524,0.0071196032
2760,0.0000000000,0.0215992864
8647,0.0080648452,0.0027234596
9658,0.0166933438,0.0000000000
3536,0.0055746604,0.0074413064
5494,0.0153190714,0.0087837529
2768,0.0000000000,0.0218321363
9034,0.0052472711,0.0063260873
2769,0.0000000000,0.0118817751
8153,0.0064896621,0.0024198384
8649,0.0105776050,0.0040074817
2772,0.0000000000,0.0122881706
7382,0.0048999347,0.0051467830
5443,0.0053591302,0.0091726672
7014,0.0053826917,0.0092309300
9323,0.0148460041,0.0021872808
2962,0.0035212520,0.0133782109
5329,0.0067114804,0.0068518342
3991,0.0041316924,0.0069939948
2855,0.0016355094,0.0096349055
2790,0.0000000000,0.0054221637
4360,0.0069139585,0.0115072931
2792,0.0000000000,0.0049335104
8846,0.0107331760,0.0038802927
2794,0.0000000000,0.0105402165
8056,0.0048014456,0.0035812433
6605,0.0030231072,0.0005464838
7762,0.0020490829,0.0027435358
2806,0.0000000000,0.0185753128
9847,0.0102282236,0.0016880906
2811,0.0000000000,0.0139739911
5592,0.0057125516,0.0107947284
8152,0.0021048850,0.0009902151
3661,0.0025835001,0.0111061575
8021,0.0053660246,0.0031882409
3961,0.0047393399,0.0050284371
7452,0.0088496730,0.0090407996
2819,0.0000000000,0.0107324523
6082,0.0077132742,0.0101515043
3829,0.0016930046,0.0099248127
2824,0.0000000000,0.0093790594
2825,0.0000000000,0.0222231267
3642,0.0029096551,0.0160897178
2829,0.0000000000,0.0042988958
2830,0.0000000000,0.0178801669
3308,0.0007907847,0.0141136466
6239,0.0088351713,0.0019037022
5137,0.0019281842,0.0023110151
7107,0.0047977661,0.0009974180
4457,0.0012156156,0.0143504623
6995,0.0063117119,0.0082871981
2840,0.0000000000,0.0071374583
4663,0.0076034442,0.0094704222
6841,0.0096023702,0.0090047852
9589,0.0115112523,0.0032127766
4500,0.0098752616,0.0042172014
7629,0.0078959922,0.0017255004
6505,0.0012822824,0.0025874889
5092,0.0049640276,0.0136894852
2859,0.0000000000,0.0092610220
9688,0.0100406100,0.0000000000
2860,0.0000000000,0.0205858884
3762,0.0058012597,0.0091762113
4227,0.0032690555,0.0077163665
2874,0.0000000000,0.0192618737
5565,0.0092283978,0.0058425992
2876,0.0000000000,0.0062755839
3200,0.0009711522,0.0110844712
5816,0.0076410476,0.0072306885
7526,0.0046299740,0.0000000000
3471,0.0050415025,0.0059911719
6573,0.0039860618,0.0092081427
9628,0.0090245979,0.0000000000
8829,0.0058499160,0.0053921617
5090,0.0021693670,0.0030885758
8816,0.0078946815,0.0037855838
4175,0.0015389800,0.0088902644
6859,0.0030664322,0.0118796320
3457,0.0018593255,0.0157552208
7254,0.0068612325,0.0025597645
9333,0.0073506206,0.0032163409
2910,0.0000000000,0.0083163747
7274,0.0075075532,0.0042097377
6936,0.0070899754,0.0027389111
7192,0.0014498865,0.0017071458
8305,0.0035939194,0.0050041849
3875,0.0008635740,0.0048800254
5976,0.0008635740,0.0101570530
5366,0.0050540733,0.0010837962
4373,0.0025821252,0.0098508876
4979,0.0020504195,0.0095400706
2935,0.0000000000,0.0116146088
7521,0.0039128360,0.0080067881
8012,0.0040019162,0.0051289214
4612,0.0020719435,0.0053751405
6284,0.0069783209,0.0101029803
8706,0.0039126513,0.0013628843
6781,0.0071653972,0.0057118549
5616,0.0025337003,0.0066815823
2953,0.0000000000,0.0089131677
8665,0.0090269586,0.0042934692
2957,0.0000000000,0.0118162746
9765,0.0055142161,0.0000000000
5200,0.0032342263,0.0102802957
3900,0.0030777624,0.0206852058
6632,0.0088404711,0.0025208754
4975,0.0043075146,0.0084998224
8666,0.0042543660,0.0052386506
9642,0.0083172025,0.0015071747
5033,0.0042686726,0.0089366046
5770,0.0040598374,0.0160017740
9313,0.0139254521,0.0000000000
6507,0.0039071062,0.0085493782
6295,0.0136562551,0.0039102929
9862,0.0089005819,0.0000000000
7075,0.0028654363,0.0132640760
9118,0.0009980697,0.0009684342
5449,0.0066839075,0.0154833987
3027,0.0016690122,0.0099675300
2996,0.0000000000,0.0070011235
2998,0.0000000000,0.0136790159
5730,0.0088310219,0.0021488190
6467,0.0079368837,0.0054005844
3370,0.0009256259,0.0103811282
3004,0.0000000000,0.0122893921
9520,0.0051216419,0.0000000000
3007,0.0000000000,0.0173622773
8443,0.0049002340,0.0034297616
8781,0.0073105138,0.0000000000
8729,0.0038337036,0.0079319620
9299,0.0041072336,0.0048917676
9640,0.0044049534,0.0022665232
9288,0.0077930275,0.0024718998
3018,0.0000000000,0.0063501016
5585,0.0032469022,0.0079519384
5787,0.0045682838,0.0043092744
6692,0.0028065912,0.0047340619
7817,0.0055440427,0.0062944301
7328,0.0071414758,0.0014046168
4154,0.0039642379,0.0093221280
6531,0.0091169381,0.0039736134
7384,0.0019673816,0.0037128213
7530,0.0088836540,0.0000000000
5000,0.0014348432,0.0074700442
3042,0.0000000000,0.0033757306
7975,0.0053198776,0.0030521113
6401,0.0033136335,0.0067929398
7544,0.0046221801,0.0032740837
4966,0.0077793612,0.0065774606
6515,0.0033358470,0.0059221444
3059,0.0000000000,0.0053618414
6503,0.0013301679,0.0024492011
9497,0.0053756733,0.0000000000
9156,0.0041323887,0.0000000000
5780,0.0011766457,0.0175580182
9888,0.0080869896,0.0019307799
5542,0.0078103605,0.0088700671
3069,0.0000000000,0.0141110278
8142,0.0044320723,0.0071808156
9462,0.0103276501,0.0044861830
3877,0.0008342422,0.0202386541
6609,0.0016223777,0.0029222012
9929,0.0114729299,0.0000000000
8614,0.0131296299,0.0046474502
9992,0.0052812792,0.0000000000
6074,0.0038382017,0.0069236846
5042,0.0016039749,0.0091574081
3421,0.0035547893,0.0096372091
5671,0.0082668428,0.0062075690
3309,0.0009056680,0.0087152294
5384,0.0013629555,0.0138960284
3108,0.0000000000,0.0063479352
7698,0.0073249750,0.0029773567
7396,0.0027110650,0.0092327195
3412,0.0014166111,0.0179398197
4833,0.0029413845,0.0011671045
8543,0.0056422675,0.0012362209
3132,0.0000000000,0.0145509420
5220,0.0041142568,0.0054162241
7844,0.0065337307,0.0036306884
5834,0.0161678125,0.0072094889
9451,0.0093020996,0.0000000000
6681,0.0069586385,0.0019417647
3142,0.0000000000,0.0079855237
8531,0.0069740085,0.0059855346
6247,0.0109333188,0.0012040523
8790,0.0072893178,0.0000000000
5270,0.0031141385,0.0084757940
3654,0.0006179164,0.0071564121
4230,0.0023760408,0.0019666822
3519,0.0015241310,0.0063899678
3353,0.0014855161,0.0013950319
9569,0.0024686777,0.0000000000
5902,0.0029676193,0.0019923325
3656,0.0021440010,0.0127863503
4120,0.0047375293,0.0126379711
6796,0.0064787483,0.0006420750
8514,0.0052897384,0.0062656661
8824,0.0046883024,0.0006175969
3822,0.0009616445,0.0161096113
8140,0.0030048090,0.0037019571
3364,0.0006353333,0.0117932867
7626,0.0092650977,0.0018094517
6355,0.0088738132,0.0016637394
6162,0.0077144487,0.0092684039
9254,0.0069527915,0.0000000000
7451,0.0089808543,0.0020526685
8067,0.0080970100,0.0025013893
9394,0.0107733965,0.0017315457
8946,0.0062542530,0.0000000000
9751,0.0067580770,0.0000000000
4921,0.0035564978,0.0021879677
4613,0.0059530784,0.0000000000
3223,0.0000000000,0.0147869993
7027,0.0024018068,0.0000000000
9971,0.0098207283,0.0000000000
6165,0.0025979713,0.0111745968
6738,0.0082823031,0.0027754637
5709,0.0021729105,0.0161491256
6341,0.0045748738,0.0073043841
7177,0.0055990608,0.0065674227
7341,0.0084777353,0.0061639888
5839,0.0039551232,0.0144219371
3672,0.0020988095,0.0134696314
7890,0.0045141666,0.0018783160
6576,0.0117406726,0.0023731324
3605,0.0016307873,0.0119363554
5547,0.0068571117,0.0048879250
8287,0.0036764024,0.0030997367
8794,0.0046354490,0.0000000000
3286,0.0000000000,0.0082738996
5790,0.0035162314,0.0024680444
8121,0.0041113982,0.0021277722
7340,0.0060803720,0.0036595517
9040,0.0078249639,0.0046389806
5526,0.0085236655,0.0064216783
3318,0.0000000000,0.0099542307
4822,0.0066979086,0.0097457850
5674,0.0047659719,0.0089155993
7462,0.0058305870,0.0014290556
8280,0.0056729966,0.0050648157
9978,0.0065277608,0.0000000000
4809,0.0065761870,0.0031889150
3346,0.0000000000,0.0036942817
3442,0.0027322600,0.0100767691
4436,0.0019130086,0.0131452034
5732,0.0037716867,0.0063872038
5993,0.0028754647,0.0043491071
7011,0.0086489429,0.0084954852
7930,0.0089655487,0.0125117022
7292,0.0104327085,0.0085766793
7410,0.0047497537,0.0016051814
4932,0.0009706070,0.0142037852
4848,0.0009694669,0.0048422490
3385,0.0000000000,0.0106362851
6928,0.0028210232,0.0013294604
8043,0.0197118701,0.0014158421
4839,0.0025506738,0.0132674831
7520,0.0051606042,0.0059472025
8379,0.0012462762,0.0000000000
8604,0.0076497353,0.0012326435
4047,0.0020519747,0.0181739120
5169,0.0026793367,0.0109379511
3785,0.0023150837,0.0112037651
6640,0.0039946393,0.0043351014
9634,0.0051702152,0.0021191482
4033,0.0006768766,0.0058192134
9104,0.0027775033,0.0083897554
9116,0.0074674255,0.0000000000
5840,0.0090148552,0.0040549190
9434,0.0044549512,0.0000000000
6501,0.0043031047,0.0043652320
5708,0.0024881791,0.0099173181
8039,0.0077396756,0.0024107754
4758,0.0035006978,0.0045910171
6696,0.0045178782,0.0006240018
6144,0.0039310176,0.0050401994
3490,0.0000000000,0.0212889693
4920,0.0021582906,0.0052025090
8059,0.0009393550,0.0026446085
8125,0.0022250883,0.0021170314
6481,0.0080200929,0.0156386807
3505,0.0000000000,0.0078813670
8497,0.0034371207,0.0028863328
4469,0.0010934128,0.0062322057
9450,0.0050762054,0.0012595762
3789,0.0022830346,0.0092155461
6638,0.0050595709,0.0062649378
4571,0.0051711099,0.0098582675
3534,0.0000000000,0.0037677912
3687,0.0019777493,0.0062822880
7399,0.0023526192,0.0008890161
6742,0.0043714497,0.0000000000
6393,0.0052756435,0.0118049007
5173,0.0053951735,0.0266048568
9367,0.0086725402,0.0000000000
9544,0.0096418184,0.0019964903
4189,0.0014489518,0.0116030239
8724,0.0028792569,0.0000000000
8424,0.0104810883,0.0000000000
8032,0.0072382054,0.0026471688
7830,0.0057200431,0.0000000000
6046,0.0028497591,0.0022290996
7256,0.0033118426,0.0110489698
3584,0.0000000000,0.0132060273
3589,0.0000000000,0.0118521728
6602,0.0040723941,0.0037023181
5461,0.0044677140,0.0115799687
5471,0.0088136798,0.0094139811
4383,0.0016297145,0.0062106933
3615,0.0000000000,0.0091893382
5723,0.0019105914,0.0130238879
9851,0.0079339528,0.0000000000
8347,0.0084017844,0.0056911826
9699,0.0130015176,0.0000000000
3632,0.0000000000,0.0108972979
3638,0.0000000000,0.0059268405
5210,0.0021697164,0.0031422034
9883,0.0042292035,0.0000000000
5251,0.0022805195,0.0087394767
6935,0.0048373052,0.0111649744
5442,0.0074876811,0.0041924379
9474,0.0027724248,0.0000000000
7904,0.0084706824,0.0021489143
3673,0.0000000000,0.0182248915
7594,0.0026616717,0.0041596159
7682,0.0028955796,0.0037600375
4582,0.0015930923,0.0081953491
5028,0.0008225346,0.0118075664
5098,0.0067988605,0.0000000000
7201,0.0017290504,0.0098666724
8272,0.0096079181,0.0086640528
7587,0.0035587034,0.0055195765
5644,0.0096682605,0.0030696411
7637,0.0048519761,0.0023300807
3741,0.0000000000,0.0136627692
7941,0.0078409163,0.0000000000
4310,0.0019945096,0.0023781924
3891,0.0010744689,0.0128594608
6763,0.0030394239,0.0035574955
5273,0.0059745187,0.0096893850
5534,0.0035434270,0.0134426079
5933,0.0025320193,0.0048217201
4808,0.0040309421,0.0229261224
3946,0.0017140939,0.0091788403
3838,0.0000000000,0.0083208300
8584,0.0045054991,0.0000000000
6623,0.0021765229,0.0036244217
6432,0.0056155529,0.0136534550
7642,0.0054420803,0.0000000000
8972,0.0056372178,0.0013040170
7825,0.0066728322,0.0015021413
8105,0.0106369316,0.0040261886
4010,0.0009642061,0.0074373240
3872,0.0000000000,0.0016440997
5483,0.0009510437,0.0032205318
6135,0.0013605852,0.0063105100
6577,0.0018163222,0.0012809240
7887,0.0061330414,0.0052465123
6549,0.0047217706,0.0022066748
5827,0.0051497164,0.0054035275
3896,0.0000000000,0.0063691095
6399,0.0090143112,0.0105245485
3913,0.0000000000,0.0135314677
9374,0.0012403504,0.0000000000
6412,0.0019743674,0.0069387643
3953,0.0000000000,0.0136956602
8094,0.0087753042,0.0042746124
7894,0.0060779370,0.0033044508
9725,0.0044382083,0.0006655347
8385,0.0036497136,0.0025306537
4100,0.0010578044,0.0227914890
6087,0.0051985145,0.0052297743
8484,0.0035125420,0.0010475123
5830,0.0040483184,0.0080638617
5370,0.0009506108,0.0050799003
8380,0.0004821520,0.0030273468
4075,0.0000000000,0.0054705382
8110,0.0028503398,0.0015176142
8950,0.0011198441,0.0010245161
9707,0.0179527071,0.0028550389
4106,0.0000000000,0.0166932867
8761,0.0065701498,0.0030598037
8508,0.0082327014,0.0000000000
9499,0.0131405445,0.0029157966
5938,0.0022737123,0.0041372788
8772,0.0035693043,0.0000000000
4199,0.0000000000,0.0086848676
5740,0.0041317622,0.0160135103
4779,0.0042997874,0.0187677195
5402,0.0037782813,0.0027284812
5287,0.0008447724,0.0048867894
6459,0.0071277522,0.0086051002
8309,0.0054080367,0.0025008587
5187,0.0025406010,0.0083834041
4566,0.0019296452,0.0142330187
9163,0.0047870336,0.0027712674
5036,0.0025564054,0.0021261624
5248,0.0022792253,0.0049472635
4365,0.0008874770,0.0117123906
6383,0.0035986721,0.0066197376
9958,0.0049439558,0.0000000000
9969,0.0034901432,0.0000000000
4533,0.0022477999,0.0112486710
8209,0.0054319390,0.0024312527
4306,0.0000000000,0.0074861662
7064,0.0008348577,0.0080598583
5208,0.0010990490,0.0105307756
7623,0.0014565525,0.0052049007
9015,0.0068505636,0.0022343386
4914,0.0013667565,0.0011764797
4391,0.0000000000,0.0083952749
4835,0.0005368625,0.0074947333
6389,0.0043143155,0.0070498570
4945,0.0025898845,0.0092689687
4430,0.0000000000,0.0069797035
5748,0.0015935771,0.0048451815
8670,0.0032976177,0.0000000000
8248,0.0018119950,0.0057598731
6777,0.0043588633,0.0025557648
4480,0.0000000000,0.0175470143
4482,0.0000000000,0.0070717684
8383,0.0047659489,0.0007653937
5002,0.0018599166,0.0087794526
7088,0.0010042712,0.0032961142
7181,0.0029482895,0.0082690777
8974,0.0023038969,0.0000000000
8592,0.0044847512,0.0008917492
9959,0.0076179922,0.0000000000
4572,0.0000000000,0.0104909032
5465,0.0036285403,0.0077970727
8806,0.0053356541,0.0045277541
9900,0.0029598748,0.0000000000
6716,0.0021629035,0.0033872142
6207,0.0017938538,0.0054980254
8062,0.0067319332,0.0015229200
5669,0.0027960213,0.0075457734
8087,0.0030353128,0.0080196154
4706,0.0000000000,0.0234048178
5078,0.0000000000,0.0037902063
7453,0.0025806598,0.0050538341
8731,0.0021839268,0.0019918830
7756,0.0036302259,0.0034320470
6003,0.0021365451,0.0073063320
6179,0.0016720356,0.0075008993
6333,0.0016089011,0.0121923556
7900,0.0019429260,0.0099213219
9836,0.0061171686,0.0000000000
6450,0.0032769760,0.0052761468
9124,0.0036857118,0.0000000000
9613,0.0051050506,0.0000000000
7062,0.0031121369,0.0078127484
5234,0.0017206403,0.0078928164
5255,0.0000000000,0.0097731242
5621,0.0007560032,0.0074708593
6759,0.0039020541,0.0012979727
7093,0.0043186891,0.0025250659
7868,0.0011776599,0.0029195794
5579,0.0003781244,0.0066245221
5648,0.0010254948,0.0090212143
9270,0.0058458611,0.0000000000
9574,0.0042991910,0.0000000000
5831,0.0000000000,0.0149456844
7969,0.0041069284,0.0045016902
5931,0.0000000000,0.0035423444
9182,0.0029864931,0.0000000000
7750,0.0016056243,0.0000000000
7803,0.0017498952,0.0013071055
9340,0.0006781903,0.0000000000
9214,0.0022739894,0.0029639839
8445,0.0009682508,0.0047434475
8346,0.0025978266,0.0021198458
8723,0.0044709260,0.0000000000
8697,0.0011390839,0.0050134694
9059,0.0023067472,0.0000000000
9514,0.0001530914,0.0000000000
