Node,Hub,Authority
5000,0.0000000000,0.0000000000
12405,0.0000000000,0.0000000000
1,0.0000000000,0.0076068565
1144,0.0151132514,0.0176781370
1801,0.0087841259,0.0125147057
3862,0.0106249860,0.0071491598
2,0.0000000000,0.0489123037
765,0.0107776300,0.0162789454
1768,0.0263430081,0.0062472785
1989,0.0198659625,0.0087497505
3353,0.0154613267,0.0141920056
3496,0.0280774616,0.0128300264
3613,0.0558909562,0.0053232416
4513,0.0655628027,0.0007225498
3,0.0000000000,0.0089802393
574,0.0072772505,0.0168202085
2235,0.0075215811,0.0249180998
4867,0.0153313092,0.0000000000
4,0.0000000000,0.0053366972
429,0.0011759198,0.0007552594
901,0.0011759198,0.0117816856
1497,0.0011759198,0.0197136848
1901,0.0177739546,0.0110424737
3832,0.0029179091,0.0102804076
5,0.0000000000,0.0253431861
1044,0.0097462626,0.0033261503
1202,0.0089603372,0.0511066096
1649,0.0124442262,0.0136241817
2740,0.0111862840,0.0016992743
2984,0.0239199631,0.0060272831
3376,0.0302837886,0.0047157910
4337,0.0184744618,0.0000000000
6,0.0000000000,0.0139748083
3051,0.0578662771,0.0025815719
3739,0.0055559621,0.0010027943
7,0.0000000000,0.0340268923
664,0.0292471043,0.0026594292
2000,0.0313266966,0.0007977074
2155,0.0108259937,0.0689237101
4594,0.0830258176,0.0000000000
8,0.0000000000,0.0205286792
420,0.0045234121,0.0341075209
2293,0.0141658072,0.0008525698
2404,0.0208096871,0.0022410421
3596,0.0101066880,0.0013846871
4453,0.0435598693,0.0000000000
9,0.0000000000,0.0091569242
460,0.0020176915,0.0150588848
898,0.0068829111,0.0133982698
1017,0.0080778957,0.0117406889
3117,0.0022274196,0.0083834717
3970,0.0055948870,0.0020948837
4772,0.0167561828,0.0000000000
10,0.0000000000,0.0143947304
1164,0.0110300759,0.0078868071
4313,0.0237485160,0.0115353385
4909,0.0305493461,0.0000000000
11,0.0000000000,0.0117458219
67,0.0025881448,0.0199590047
1097,0.0025881448,0.0022971062
1735,0.0076680269,0.0017715902
2136,0.0074685843,0.0107732170
4797,0.0329933052,0.0000000000
12,0.0000000000,0.0067493441
1348,0.0014871909,0.0084203787
4945,0.0291435567,0.0000000000
13,0.0000000000,0.0020623526
771,0.0010294917,0.0065289694
878,0.0025074462,0.0175420978
1179,0.0004544311,0.0190082237
2976,0.0004544311,0.0000000000
3197,0.0049138188,0.0024814653
14,0.0000000000,0.0219684524
604,0.0048406604,0.0032800401
2253,0.0058431760,0.0244155649
2751,0.0127877725,0.0136049504
2882,0.0156452001,0.0064246592
4351,0.0605826980,0.0073933199
15,0.0000000000,0.0037948825
98,0.0008361871,0.0063725798
2161,0.0008361871,0.0172140671
2892,0.0008361871,0.0078618749
3570,0.0147138368,0.0091590791
16,0.0000000000,0.0085377539
2110,0.0018812598,0.0019680248
2671,0.0222746844,0.0165152593
4440,0.0037125745,0.0000000000
4897,0.0070744718,0.0000000000
4948,0.0038040488,0.0000000000
17,0.0000000000,0.0048306115
2081,0.0010644059,0.0090101988
3880,0.0208584436,0.0002861159
18,0.0000000000,0.0111430744
1184,0.0024553318,0.0134650769
1435,0.0024553318,0.0042868396
1726,0.0050702033,0.0071663615
1742,0.0180037921,0.0085191967
2532,0.0024553318,0.0032085090
3231,0.0066978531,0.0024491939
3615,0.0134329197,0.0023772515
19,0.0000000000,0.0079918019
3784,0.0362692551,0.0065309363
20,0.0000000000,0.0491976612
1145,0.0146440501,0.0225259143
1209,0.0163708830,0.0441256808
1322,0.0108405073,0.0150900484
3798,0.0336320232,0.0063710219
4606,0.0672144070,0.0000000000
4699,0.0443393648,0.0000000000
4837,0.0153749147,0.0000000000
21,0.0000000000,0.0045488031
619,0.0010023105,0.0592212558
1037,0.0074295044,0.0007007464
1761,0.0010023105,0.0062222826
4183,0.0112097641,0.0000000000
22,0.0000000000,0.0177189970
535,0.0142271361,0.0056047488
3809,0.0090065053,0.0010461130
4022,0.0245797515,0.0024374356
4161,0.0039043099,0.0000000000
4392,0.0067861426,0.0076924245
4950,0.0219104692,0.0000000000
23,0.0000000000,0.0023182554
2105,0.0061408781,0.0015653987
3322,0.0043800916,0.0253984069
24,0.0000000000,0.0110415291
1590,0.0036142925,0.0136245762
2767,0.0024329567,0.0075893474
4798,0.0201427361,0.0000000000
25,0.0000000000,0.0876962285
889,0.0193235123,0.0127259215
2847,0.0637450972,0.0026057984
3502,0.0233794721,0.0083053584
3517,0.0371593956,0.0012311269
3713,0.0470207561,0.0000000000
3957,0.0638291003,0.0000000000
3978,0.0716095874,0.0034534239
4185,0.0719269174,0.0000000000
26,0.0000000000,0.0102611273
218,0.0022609982,0.0044018888
492,0.0022609982,0.0094923640
2578,0.0022609982,0.0057081510
3249,0.0144962990,0.0011977413
4828,0.0252889154,0.0000000000
27,0.0000000000,0.0068955289
539,0.0015194021,0.0056446491
913,0.0093952484,0.0057845171
1025,0.0043663912,0.0061563749
3188,0.0042394383,0.0156615742
3997,0.0117735883,0.0000000000
28,0.0000000000,0.0072867313
219,0.0016056020,0.0032317615
676,0.0016056020,0.0035660133
2506,0.0265651649,0.0063907176
3328,0.0016875358,0.0011383627
3408,0.0016056020,0.0080253482
30,0.0000000000,0.0146324283
501,0.0032241969,0.0073470651
527,0.0053518083,0.0158547071
2192,0.0079386858,0.0190577014
2572,0.0119090144,0.0006534333
3896,0.0035792664,0.0003294518
4352,0.0344036065,0.0000000000
31,0.0000000000,0.0421006862
2974,0.0143863189,0.0000000000
3220,0.0419812213,0.0146773006
4062,0.0136809956,0.0209367031
4346,0.0111299670,0.0000000000
4549,0.0170861141,0.0056047488
4648,0.0290567750,0.0028887929
32,0.0000000000,0.0045026670
350,0.0009921446,0.0012259912
850,0.0009921446,0.0096330176
1196,0.0011321230,0.0293482085
1407,0.0009921446,0.0211139005
4871,0.0163260105,0.0000000000
33,0.0000000000,0.0099399483
442,0.0021902278,0.0180426534
1093,0.0079505376,0.0053612768
1394,0.0088408378,0.0365661296
2936,0.0087183685,0.0093614765
4114,0.0174106033,0.0115303700
34,0.0000000000,0.0271383174
114,0.0059798194,0.0114708704
2720,0.0092430478,0.0017318875
3695,0.0464361541,0.0134248366
4737,0.0615030701,0.0000000000
35,0.0000000000,0.0157564667
109,0.0034718742,0.0000000000
2883,0.0184090441,0.0027482207
3790,0.0086177170,0.0148109669
4639,0.0268432934,0.0041118689
36,0.0000000000,0.0397922121
1926,0.0327946090,0.0127418933
2306,0.0155166830,0.0029987600
2539,0.0137072325,0.0149039055
4187,0.0175669301,0.0028898239
4246,0.0372595134,0.0037648542
37,0.0000000000,0.0088282722
1856,0.0040465763,0.0031603489
2664,0.0198259351,0.0103244968
4306,0.0161929438,0.0000000000
38,0.0000000000,0.0051958377
335,0.0011448820,0.0038870100
1152,0.0017824320,0.0061824172
1834,0.0047244313,0.0055378368
2203,0.0030242814,0.0000000000
4006,0.0129042997,0.0107507071
39,0.0000000000,0.0080667308
1036,0.0098698175,0.0021275668
2166,0.0017774718,0.0023312534
3431,0.0061258950,0.0005237381
3722,0.0047152777,0.0014871571
4381,0.0141208953,0.0137638172
40,0.0000000000,0.0019574150
493,0.0025001368,0.0217924179
3077,0.0063832301,0.0038348947
41,0.0000000000,0.0156144769
766,0.0076066853,0.0130555737
2277,0.0034405874,0.0030089915
2569,0.0097240445,0.0096087663
2651,0.0061836805,0.0109652832
3244,0.0091983772,0.0046246571
4134,0.0271885523,0.0014488365
42,0.0000000000,0.0153552057
275,0.0033834580,0.0075656085
3387,0.0663031701,0.0000000000
43,0.0000000000,0.0280044995
708,0.0061706792,0.0079583916
999,0.0099991744,0.0159288803
1730,0.0266691574,0.0196786780
1924,0.0124494223,0.0183627935
4169,0.0232732297,0.0009251906
4538,0.0301226353,0.0000000000
44,0.0000000000,0.0127573522
1095,0.0072771196,0.0000000000
1848,0.0055750498,0.0137904332
2816,0.0075409723,0.0106298089
3650,0.0250991240,0.0011492245
4100,0.0124046618,0.0056228900
45,0.0000000000,0.0084848099
867,0.0018695938,0.0165155254
2101,0.0088379737,0.0085085637
2736,0.0152679830,0.0225383196
4664,0.0125311755,0.0000000000
46,0.0000000000,0.0140547010
2966,0.0071869852,0.0018392507
4222,0.0202485210,0.0032979415
4509,0.0195757281,0.0000000000
4599,0.0125845398,0.0000000000
4711,0.0041889074,0.0000000000
47,0.0000000000,0.0495719844
81,0.0109229880,0.0189070742
1377,0.0497523258,0.0126082029
2142,0.0215177114,0.0000000000
2344,0.0109229880,0.0111635694
2524,0.0109229880,0.0159628048
2743,0.0212395702,0.0033939006
2902,0.0209995834,0.0053554540
3029,0.0239721542,0.0112942692
3709,0.0143058750,0.0032765723
3916,0.0206705112,0.0000000000
4007,0.0197461522,0.0059148243
48,0.0000000000,0.0182382178
205,0.0040187181,0.0027247142
498,0.0068424222,0.0007249022
982,0.0090160265,0.0095558292
3584,0.0131411898,0.0269777842
49,0.0000000000,0.0145467412
58,0.0032053161,0.0151995667
1777,0.0032053161,0.0131723982
3191,0.0284303962,0.0022946061
3598,0.0041776337,0.0017021214
3793,0.0269991369,0.0132715484
50,0.0000000000,0.0069635762
1308,0.0121714168,0.0479104222
2960,0.0030895781,0.0064286648
4021,0.0163418855,0.0130898803
51,0.0000000000,0.0207692873
1437,0.0123870018,0.0043346736
1658,0.0045764292,0.0153969736
2204,0.0102192060,0.0010571290
4378,0.0228354945,0.0000000000
4417,0.0331197326,0.0064216486
4586,0.0111195484,0.0000000000
52,0.0000000000,0.0196086550
203,0.0043206885,0.0010613449
1530,0.0053690897,0.0067874018
3988,0.0154715262,0.0048439843
53,0.0000000000,0.0240462320
634,0.0089079101,0.0434690425
2084,0.0090746841,0.0149581538
2956,0.0081996126,0.0091003969
3548,0.0151237476,0.0000000000
4458,0.0067309709,0.0000000000
4466,0.0538150548,0.0000000000
54,0.0000000000,0.0032839463
164,0.0007236044,0.0048540317
1807,0.0007605299,0.0005299979
3983,0.0055595958,0.0046937121
4172,0.0078598539,0.0000000000
55,0.0000000000,0.0118487217
3182,0.0132325045,0.0040463013
3513,0.0070681368,0.0062180118
4279,0.0176265266,0.0000000000
4766,0.0158460247,0.0000000000
56,0.0000000000,0.0094103604
237,0.0020735352,0.0024217886
1023,0.0020735352,0.0013659114
1714,0.0089593389,0.0183684228
3877,0.0063654771,0.0000000000
4902,0.0232352705,0.0000000000
57,0.0000000000,0.0241639657
507,0.0053244329,0.0028934042
526,0.0053244329,0.0160346047
1185,0.0085320234,0.0025199948
1524,0.0053244329,0.0311079889
2718,0.0127144398,0.0052710104
2991,0.0117269133,0.0236631824
3300,0.0428250607,0.0006102492
3565,0.0058793816,0.0000000000
3697,0.0120123961,0.0228672688
864,0.0033491636,0.0090761815
1987,0.0233117737,0.0015349506
2209,0.0050513206,0.0149870932
2937,0.0037313674,0.0164425054
3407,0.0091356728,0.0074033373
4167,0.0244011473,0.0156169018
59,0.0000000000,0.0317245743
2521,0.0117398882,0.0000000000
3026,0.0161256850,0.0077255255
3047,0.0149789122,0.0000000000
3336,0.0179977635,0.0128500062
4401,0.0725784182,0.0004652394
4884,0.0105557750,0.0099585470
60,0.0000000000,0.0147060700
1862,0.0050243895,0.0073660541
1990,0.0062121401,0.0020954560
2556,0.0101522462,0.0080351138
2839,0.0182150965,0.0063294097
2975,0.0152311823,0.0000000000
4721,0.0119057512,0.0000000000
61,0.0000000000,0.0105647405
1980,0.0100549712,0.0184228727
2537,0.0088334601,0.0000000000
3366,0.0056587671,0.0000000000
3961,0.0045209274,0.0000000000
4520,0.0188779959,0.0011333145
62,0.0000000000,0.0000000000
509,0.0000000000,0.0188679684
1199,0.0000000000,0.0143947172
63,0.0000000000,0.0211342099
1081,0.0255825106,0.0092253035
2241,0.0176691027,0.0037788996
2278,0.0277810444,0.0038273935
3999,0.0248810311,0.0000000000
64,0.0000000000,0.0276741092
2027,0.0255451251,0.0584256051
2455,0.0108282591,0.0107288598
2763,0.0101056604,0.0000000000
3088,0.0119767571,0.0067531528
3868,0.0404342997,0.0000000000
3972,0.0109446796,0.0000000000
4223,0.0157591125,0.0000000000
65,0.0000000000,0.0223990827
1256,0.0076422727,0.0118437841
2616,0.0209274253,0.0095483498
4045,0.0051874095,0.0000000000
4406,0.0345621352,0.0086063410
4979,0.0157082176,0.0000000000
66,0.0000000000,0.0238787751
240,0.0052615923,0.0062913886
2370,0.0068354862,0.0001674340
3126,0.0477294373,0.0147022310
4349,0.0227040504,0.0000000000
4724,0.0258386853,0.0000000000
193,0.0043978867,0.0000000000
277,0.0043978867,0.0068763812
1108,0.0128684473,0.0158781511
2354,0.0299855978,0.0340642168
4361,0.0156572786,0.0000000000
68,0.0000000000,0.0061922407
357,0.0013644354,0.0283894649
1370,0.0021381889,0.0475725994
1872,0.0013644354,0.0064560511
69,0.0000000000,0.0101863357
248,0.0022445182,0.0092006069
961,0.0032349379,0.0047096923
1932,0.0062430596,0.0249165064
2001,0.0102496474,0.0000000000
2196,0.0097599737,0.0045977803
2721,0.0144966295,0.0000000000
71,0.0000000000,0.0054237904
730,0.0148769806,0.0103860273
872,0.0072241478,0.0161348618
1763,0.0025137423,0.0111871357
72,0.0000000000,0.0015661667
745,0.0018179483,0.0000000000
1771,0.0052898196,0.0084423902
73,0.0000000000,0.0079734716
327,0.0017569225,0.0232656857
1220,0.0017569225,0.0002299451
2381,0.0057035235,0.0045860023
2486,0.0022884186,0.0165004509
3711,0.0092176406,0.0138348190
4047,0.0154627411,0.0000000000
74,0.0000000000,0.0165916744
1423,0.0120380202,0.0158072040
1790,0.0115085964,0.0144671283
3152,0.0083377489,0.0081002560
4230,0.0184420268,0.0000000000
4938,0.0249718808,0.0000000000
75,0.0000000000,0.0373388429
905,0.0107307359,0.0112399100
1111,0.0166319309,0.0061469933
1911,0.0107980517,0.0029161599
2505,0.0267141206,0.0196841816
4012,0.0174039416,0.0031508999
4740,0.0521855675,0.0000000000
4792,0.0349908505,0.0006274797
76,0.0000000000,0.0096461205
326,0.0026533629,0.0090518140
1674,0.0086971460,0.0148104204
2927,0.0080961105,0.0174710031
3742,0.0089586156,0.0094152424
4140,0.0043636865,0.0000000000
4807,0.0110081704,0.0000000000
77,0.0000000000,0.0111171968
3864,0.0282192481,0.0032773010
4180,0.0075211511,0.0038017546
4918,0.0147128934,0.0000000000
78,0.0000000000,0.0067304995
171,0.0014830386,0.0131551968
380,0.0014830386,0.0315298119
702,0.0014830386,0.0146627428
3566,0.0226392100,0.0085454068
3723,0.0034567802,0.0099016169
79,0.0000000000,0.0138341109
305,0.0030482909,0.0047020875
800,0.0057854068,0.0142945763
1595,0.0090228042,0.0123783014
2800,0.0102226836,0.0094254521
3108,0.0077082029,0.0008382071
3463,0.0269961581,0.0280127666
80,0.0000000000,0.0070016693
2963,0.0183428648,0.0003467670
132,0.0041660980,0.0127482819
511,0.0041660980,0.0116210804
736,0.0041660980,0.0100880852
3084,0.0090186919,0.0024261794
4054,0.0436664842,0.0068372911
4085,0.0130160650,0.0000000000
82,0.0000000000,0.0057952570
497,0.0012769616,0.0034765849
1173,0.0090024477,0.0134865924
1611,0.0048253421,0.0103651068
3838,0.0012769616,0.0008216487
4612,0.0099189899,0.0000000000
83,0.0000000000,0.0321364419
735,0.0085963191,0.0246700089
859,0.0106834493,0.0077415654
3216,0.0225751137,0.0000000000
3340,0.0180814979,0.0083332259
3750,0.0070811361,0.0026057984
3851,0.0310982975,0.0062858590
84,0.0000000000,0.0000000000
1019,0.0000000000,0.0088928849
85,0.0000000000,0.0252643312
278,0.0055668941,0.0061261408
1470,0.0080845075,0.0279848645
1718,0.0063891961,0.0112461731
1906,0.0055668941,0.0097109868
2437,0.0097624575,0.0079124741
3537,0.0170968851,0.0000000000
3779,0.0153957305,0.0000000000
4131,0.0100931455,0.0000000000
4236,0.0109386474,0.0000000000
4969,0.0257632624,0.0000000000
86,0.0000000000,0.0550684545
828,0.0121341131,0.0043369441
858,0.0306555522,0.0000000000
977,0.0233893550,0.0064989277
1537,0.0181406037,0.0024619300
2358,0.0184716668,0.0060031235
2434,0.0298688266,0.0042373704
2850,0.0303521911,0.0125137731
3920,0.0649224003,0.0194845816
4779,0.0219835609,0.0000000000
87,0.0000000000,0.0048421582
722,0.0030663488,0.0268097850
2500,0.0019952144,0.0151597795
2522,0.0057092242,0.0209687053
3208,0.0112044544,0.0125821333
88,0.0000000000,0.0046882170
997,0.0010330298,0.0271142366
2729,0.0090794263,0.0093330092
3230,0.0111641363,0.0124497300
89,0.0000000000,0.0130515909
1368,0.0028758657,0.0000000000
1572,0.0100131217,0.0117686585
2005,0.0169704033,0.0108805537
2226,0.0036098455,0.0026657650
3959,0.0107958790,0.0046916316
4694,0.0149670900,0.0000000000
90,0.0000000000,0.0083255206
271,0.0018344951,0.0357430889
928,0.0018344951,0.0395521720
2004,0.0042616539,0.0020093786
2063,0.0243191805,0.0257469746
3863,0.0055339810,0.0000000000
91,0.0000000000,0.0446672034
1197,0.0098422391,0.0049675204
1860,0.0167503658,0.0136431895
3498,0.0266476183,0.0308188614
3749,0.0272791397,0.0000000000
92,0.0000000000,0.0034287567
1642,0.0011492943,0.0017269544
2173,0.0098273068,0.0029090194
3006,0.0007555128,0.0206681378
4471,0.0038286646,0.0002172729
93,0.0000000000,0.0108274708
2689,0.0038895071,0.0082045184
3329,0.0297255442,0.0000000000
4875,0.0155235675,0.0000000000
94,0.0000000000,0.0105635455
1660,0.0063026403,0.0225981092
2855,0.0084136164,0.0009157913
4204,0.0201043939,0.0000000000
4214,0.0030769217,0.0000000000
4773,0.0100431061,0.0000000000
95,0.0000000000,0.0236543696
1135,0.0146963111,0.0307363847
1709,0.0052121455,0.0060009301
3532,0.0218796087,0.0010106011
96,0.0000000000,0.0217659593
1211,0.0062144667,0.0120234278
1234,0.0148027457,0.0094004681
1430,0.0094469643,0.0104795946
2378,0.0101291237,0.0021716635
2829,0.0149279942,0.0155562081
3120,0.0230906656,0.0120634317
4152,0.0201688216,0.0000000000
97,0.0000000000,0.0000000000
439,0.0000000000,0.0170428564
984,0.0000000000,0.0101577674
1082,0.0000000000,0.0000000000
364,0.0014041724,0.0094265872
1053,0.0072806783,0.0073862701
1438,0.0014758274,0.0100977965
2039,0.0106963012,0.0000000000
4050,0.0080637776,0.0000000000
99,0.0000000000,0.0737908967
215,0.0162595282,0.0011833307
534,0.0227434713,0.0075687241
939,0.0162595282,0.0209468535
1255,0.0162595282,0.0097702975
3753,0.0403151087,0.0148027099
4811,0.0534688852,0.0000000000
100,0.0000000000,0.0010701347
343,0.0002357999,0.0087503713
1538,0.0046208077,0.0154947085
101,0.0000000000,0.0251597623
383,0.0055438527,0.0239262626
471,0.0124913203,0.0068984351
2701,0.0164490982,0.0117203023
4066,0.0156949041,0.0000000000
4558,0.0142513295,0.0000000000
102,0.0000000000,0.0171905783
467,0.0051912380,0.0091903722
1396,0.0052614588,0.0059464249
3976,0.0101705631,0.0054820533
4419,0.0406817311,0.0000000000
4742,0.0055068685,0.0000000000
103,0.0000000000,0.0223549130
319,0.0049258154,0.0093172335
1702,0.0097926875,0.0000000000
2343,0.0194571456,0.0174602357
2682,0.0196072399,0.0016313798
4298,0.0476708339,0.0000000000
104,0.0000000000,0.0068264418
1796,0.0052846007,0.0347140028
1922,0.0046347350,0.0031297208
4138,0.0138838816,0.0000000000
4835,0.0071773538,0.0000000000
105,0.0000000000,0.0153138826
370,0.0033743526,0.0091578693
538,0.0033743526,0.0273616839
608,0.0033743526,0.0375248111
693,0.0112642916,0.0044726424
1793,0.0246264729,0.0144441892
2190,0.0065049086,0.0012989449
4315,0.0169804706,0.0000000000
106,0.0000000000,0.0172793596
1425,0.0136304081,0.0044199553
2318,0.0201065216,0.0065068010
2560,0.0084566045,0.0114399680
4598,0.0207090314,0.0000000000
107,0.0000000000,0.0176190214
188,0.0038822807,0.0074713488
1011,0.0209294103,0.0231173710
2011,0.0059127367,0.0145336501
2222,0.0138607385,0.0159112611
2973,0.0353755553,0.0000000000
108,0.0000000000,0.0058143120
1958,0.0025083942,0.0150927538
2065,0.0042326426,0.0065998810
2918,0.0110286226,0.0422982186
3493,0.0086175154,0.0026480118
1042,0.0000000000,0.0095220596
110,0.0000000000,0.0066842596
885,0.0092224507,0.0054913480
1554,0.0014728498,0.0133359437
4164,0.0134556158,0.0000000000
111,0.0000000000,0.0110152165
293,0.0024271588,0.0031537902
759,0.0024271588,0.0017324947
956,0.0043875850,0.0237625957
1327,0.0082084116,0.0000000000
2288,0.0029783355,0.0113006568
4590,0.0081020322,0.0023381162
4893,0.0171980697,0.0000000000
112,0.0000000000,0.0023956818
504,0.0005278789,0.0067749574
1931,0.0036188497,0.0063458347
2592,0.0040722664,0.0022358690
113,0.0000000000,0.0168271782
983,0.0037078012,0.0244864377
994,0.0037078012,0.0145122040
2436,0.0056229837,0.0374060010
2880,0.0064646062,0.0080525427
3633,0.0069395094,0.0244643659
4484,0.0331402938,0.0021519257
2021,0.0095034240,0.0150926290
3828,0.0175484947,0.0071736720
4166,0.0110618484,0.0000000000
4937,0.0037253983,0.0000000000
115,0.0000000000,0.0100672461
816,0.0022182773,0.0119094924
4673,0.0178875808,0.0000000000
116,0.0000000000,0.0128148648
618,0.0066600848,0.0058802227
1794,0.0069360866,0.0129945313
3785,0.0096021573,0.0000000000
4117,0.0028237041,0.0000000000
4201,0.0252933973,0.0000000000
117,0.0000000000,0.0462232091
294,0.0101850988,0.0679439088
515,0.0101850988,0.0031935571
1603,0.0141304523,0.0027855169
1835,0.0190741078,0.0024596025
1971,0.0175472963,0.0043860147
1998,0.0119231922,0.0027848729
2291,0.0154215720,0.0102434587
4981,0.0708745103,0.0000000000
118,0.0000000000,0.0133301091
2374,0.0029372361,0.0084557939
2650,0.0275033908,0.0016938705
2742,0.0065640718,0.0237268093
2752,0.0168600019,0.0000821708
2818,0.0066316417,0.0097008354
119,0.0000000000,0.0159781586
1229,0.0090827351,0.0168882037
1309,0.0160816046,0.0385987370
1329,0.0109184759,0.0048999907
1514,0.0242542789,0.0085114883
3670,0.0072523439,0.0000000000
4076,0.0049245523,0.0098131103
120,0.0000000000,0.0307481511
543,0.0076743085,0.0180398357
3062,0.0117641550,0.0011430270
4825,0.0551841792,0.0000000000
121,0.0000000000,0.0021578321
207,0.0004754697,0.0162896954
1525,0.0004754697,0.0035636229
4846,0.0088419751,0.0000000000
122,0.0000000000,0.0044948386
911,0.0009904197,0.0019246919
970,0.0017975313,0.0145353784
2884,0.0025285228,0.0008721940
3752,0.0108571589,0.0043338100
4093,0.0009904197,0.0049733591
123,0.0000000000,0.0056502051
144,0.0012450000,0.0196054196
607,0.0012450000,0.0045716827
1040,0.0028268419,0.0142116195
4596,0.0040206091,0.0000000000
4706,0.0115805243,0.0014793068
124,0.0000000000,0.0239943239
714,0.0052870530,0.0390597903
1056,0.0135914057,0.0127546308
1362,0.0052870530,0.0021215242
4266,0.0133378740,0.0075806986
4973,0.0713907138,0.0000000000
125,0.0000000000,0.0014200584
229,0.0038417317,0.0318418220
3856,0.0026029539,0.0000000000
126,0.0000000000,0.0096759996
900,0.0021320677,0.0052222795
1027,0.0076624433,0.0035691525
2256,0.0076384291,0.0059333074
3601,0.0233064381,0.0021094826
3848,0.0031733561,0.0056711208
128,0.0000000000,0.0160149386
4739,0.0050168576,0.0000000000
4852,0.0077213377,0.0000000000
129,0.0000000000,0.0088970362
1739,0.0023537484,0.0218691297
2456,0.0092261976,0.0177777894
2623,0.0071354565,0.0045098256
3280,0.0096847205,0.0053585402
3643,0.0075898379,0.0126966580
130,0.0000000000,0.0071775049
1200,0.0233309494,0.0155179348
131,0.0000000000,0.0036603631
2351,0.0051265219,0.0198281600
4264,0.0114853977,0.0000000000
2044,0.0103784589,0.0019527837
2477,0.0058950229,0.0000000000
2948,0.0045931522,0.0020255305
3884,0.0281958014,0.0001674340
4327,0.0087933018,0.0148104204
133,0.0000000000,0.0007972381
1653,0.0036181149,0.0107098531
134,0.0000000000,0.0181542158
2053,0.0077809495,0.0036183237
3228,0.0223173862,0.0024097932
4560,0.0264884262,0.0000000000
4701,0.0213015361,0.0000000000
4919,0.0045012335,0.0000000000
135,0.0000000000,0.0042502452
136,0.0000000000,0.0166630647
2562,0.0081105551,0.0000000000
3617,0.0125082441,0.0158797060
4379,0.0375722143,0.0000000000
4652,0.0174312067,0.0000000000
137,0.0000000000,0.0133214476
4576,0.0118540578,0.0044198077
4952,0.0486028014,0.0000000000
138,0.0000000000,0.0002243030
562,0.0000494243,0.1164312702
966,0.0000494243,0.0247256551
1224,0.0009191121,0.0071023741
139,0.0000000000,0.0085800954
204,0.0018905896,0.0246395773
679,0.0058917532,0.0044587156
2503,0.0057858962,0.0080678289
4829,0.0253709746,0.0000000000
140,0.0000000000,0.0127525131
1159,0.0028099651,0.0039695614
1301,0.0028099651,0.0183580776
1792,0.0103270488,0.0000000000
3121,0.0188786771,0.0181850203
4102,0.0131012915,0.0000000000
4426,0.0099479358,0.0000000000
141,0.0000000000,0.0016014122
1812,0.0003528648,0.0028534477
2227,0.0003528648,0.0113183955
2548,0.0065620022,0.0036173567
142,0.0000000000,0.0063689066
3440,0.0033648845,0.0126063374
3581,0.0143187613,0.0000000000
4038,0.0060292268,0.0047584148
143,0.0000000000,0.0102771326
3335,0.0154025944,0.0058344897
3435,0.0106168711,0.0036649677
3825,0.0147021446,0.0047561721
4391,0.0059192696,0.0114682109
428,0.0059870271,0.0059914768
1215,0.0045404238,0.0031810578
2128,0.0043199756,0.0044126858
2674,0.0227862540,0.0504975959
2732,0.0111871623,0.0095318119
4756,0.0150176379,0.0000000000
145,0.0000000000,0.0110347185
474,0.0030318358,0.0054439405
3523,0.0300355956,0.0000000000
4059,0.0079289449,0.0159923150
146,0.0000000000,0.0060405662
2949,0.0013310145,0.0048639209
4826,0.0028477004,0.0000000000
147,0.0000000000,0.0105945334
1977,0.0081363398,0.0252012766
1995,0.0068530854,0.0109619417
4765,0.0256232657,0.0000000000
148,0.0000000000,0.0110783141
389,0.0024410621,0.0011603060
1650,0.0024410621,0.0049675204
2992,0.0108973684,0.0057944297
4791,0.0140914600,0.0000000000
149,0.0000000000,0.0022903773
1683,0.0005046754,0.0011334061
2281,0.0098897792,0.0079078639
150,0.0000000000,0.0292105272
1417,0.0188971252,0.0133795190
1868,0.0064364225,0.0017604001
2331,0.0069964049,0.0165943907
2590,0.0088339089,0.0040588921
3867,0.0239358012,0.0000000000
4503,0.0418435209,0.0000000000
151,0.0000000000,0.0065329622
625,0.0108834647,0.0033967732
707,0.0014395120,0.0296336075
1059,0.0014395120,0.0041735310
1894,0.0086658449,0.0097961939
4296,0.0072203743,0.0000000000
152,0.0000000000,0.0093043738
312,0.0041515551,0.0816629990
1657,0.0025240642,0.0113123757
2129,0.0078087653,0.0097801014
2965,0.0113886757,0.0137589427
3170,0.0143030038,0.0010758874
3567,0.0020501815,0.0100346855
153,0.0000000000,0.0061589321
1120,0.0038078863,0.0224155571
2092,0.0071627987,0.0142424694
154,0.0000000000,0.0165707098
553,0.0098754904,0.0160498738
1167,0.0058437367,0.0091640333
1306,0.0071901840,0.0197196266
1371,0.0036512894,0.0072281988
1374,0.0099067942,0.0324840007
1934,0.0095001549,0.0098441506
3800,0.0292354701,0.0000000000
155,0.0000000000,0.0246946162
594,0.0054413596,0.0227648647
1800,0.0120404148,0.0058096911
2263,0.0157152442,0.0153295395
4850,0.0515956825,0.0000000000
156,0.0000000000,0.0003996919
1753,0.0017258620,0.0226014191
2018,0.0000880705,0.0058751453
157,0.0000000000,0.0078283456
2931,0.0093954587,0.0138122032
3710,0.0068530977,0.0000000000
4465,0.0126780345,0.0000000000
4518,0.0066009023,0.0064216486
158,0.0000000000,0.0275611481
1007,0.0125956478,0.0070236397
1271,0.0060729885,0.0354468563
1546,0.0134117210,0.0208344036
2411,0.0251521615,0.0106415700
2446,0.0060729885,0.0160539959
4512,0.0202949339,0.0000000000
4545,0.0414806974,0.0209404431
159,0.0000000000,0.0067588023
417,0.0014892750,0.0071691462
2305,0.0044592665,0.0208471435
2867,0.0061464175,0.0164341600
4250,0.0121869215,0.0000000000
4593,0.0063917029,0.0000000000
160,0.0000000000,0.0054361687
1815,0.0053539139,0.0118654529
2877,0.0075279535,0.0032387425
161,0.0000000000,0.0666072298
433,0.0146766360,0.0262087147
486,0.0191029729,0.0177964574
1916,0.0146766360,0.0070575338
2469,0.0146766360,0.0078497799
2662,0.0311786198,0.0035371877
3271,0.0300342480,0.0086330242
3894,0.0385024397,0.0024632350
3942,0.0184882816,0.0000000000
4026,0.0393441449,0.0000000000
4173,0.0560222497,0.0000000000
162,0.0000000000,0.0098219151
452,0.0021642196,0.0242051052
1035,0.0237939504,0.0234217941
3682,0.0045467602,0.0018788811
4955,0.0021642196,0.0000000000
163,0.0000000000,0.0107405636
2802,0.0151311986,0.0347531926
4195,0.0174258882,0.0000000000
315,0.0010695664,0.0000000000
4307,0.0035520745,0.0042745611
4328,0.0174074442,0.0000000000
165,0.0000000000,0.0118519811
815,0.0026115365,0.0147486087
2099,0.0280858522,0.0000000000
166,0.0000000000,0.0094951951
2715,0.0107468466,0.0148360127
3906,0.0092011287,0.0016314298
4283,0.0116588745,0.0000000000
167,0.0000000000,0.0183941865
1316,0.0040530852,0.0071428298
1386,0.0240107672,0.0093368142
2831,0.0040530852,0.0070052319
2874,0.0280600561,0.0146527487
4543,0.0233016684,0.0000000000
168,0.0000000000,0.0182928725
3461,0.0232927038,0.0016182958
3772,0.0295179679,0.0010056999
4081,0.0113301618,0.0031402281
169,0.0000000000,0.0314191013
965,0.0121947853,0.0012806367
2614,0.0225251019,0.0000000000
3378,0.0095127227,0.0000000000
3411,0.0139145549,0.0000000000
3872,0.0453880824,0.0000000000
4261,0.0390546140,0.0000000000
170,0.0000000000,0.0073303055
269,0.0016152034,0.0177249514
3098,0.0060695966,0.0040281200
221,0.0028986949,0.0051267375
1070,0.0088638187,0.0068623099
1442,0.0040185419,0.0432792475
2834,0.0179796179,0.0029300113
2861,0.0079837141,0.0028898239
4552,0.0052155439,0.0000000000
4888,0.0127424971,0.0000000000
172,0.0000000000,0.0170649425
807,0.0037601916,0.0510798579
1178,0.0286517837,0.0079529797
1691,0.0037601916,0.0210199658
2511,0.0103743810,0.0013958865
3841,0.0308994960,0.0120867498
173,0.0000000000,0.0073042954
322,0.0016094722,0.0156229152
3965,0.0195017356,0.0014203294
174,0.0000000000,0.0109098067
1253,0.0083158022,0.0057338483
1690,0.0046513508,0.0013789508
3374,0.0365449451,0.0000000000
175,0.0000000000,0.0020190921
869,0.0004448989,0.0164447915
176,0.0000000000,0.0067325364
2071,0.0039503487,0.0001447876
3013,0.0193233247,0.0149440353
177,0.0000000000,0.0065120776
649,0.0060761192,0.0051200606
1523,0.0014349102,0.0082652187
1662,0.0129055697,0.0110250982
2171,0.0026726268,0.0032487341
178,0.0000000000,0.0180400554
2283,0.0539753804,0.0052754422
3074,0.0190322733,0.0000000000
179,0.0000000000,0.0182323927
1698,0.0183548712,0.0062091396
1773,0.0040174346,0.0037713270
3023,0.0218696520,0.0226622149
180,0.0000000000,0.0106539769
3175,0.0136814005,0.0035176916
3763,0.0112616730,0.0000000000
4139,0.0039509186,0.0003438659
181,0.0000000000,0.0018086959
182,0.0000000000,0.0140173862
1063,0.0030886748,0.0047984883
2188,0.0044971997,0.0102623037
2599,0.0030886748,0.0123282842
2647,0.0090599824,0.0400464318
4215,0.0192332028,0.0006154172
4216,0.0246475896,0.0095051214
183,0.0000000000,0.0078084632
513,0.0017205635,0.0428596529
950,0.0017205635,0.0095703939
3232,0.0149649382,0.0000000000
184,0.0000000000,0.0183258170
724,0.0056274433,0.0149065614
2238,0.0096702971,0.0025717562
2239,0.0560240105,0.0072695042
3007,0.0040380203,0.0152054723
185,0.0000000000,0.0066017046
3345,0.0050462826,0.0052786098
3890,0.0077233427,0.0065308743
4207,0.0171909573,0.0022106529
186,0.0000000000,0.0011935277
4450,0.0054166081,0.0069325004
187,0.0000000000,0.0172046752
525,0.0121954478,0.0091987580
558,0.0037909812,0.0281006495
1166,0.0037909812,0.0230541167
1519,0.0240411377,0.0015997333
3935,0.0101297987,0.0017858690
4536,0.0241317714,0.0000000000
3162,0.0016462818,0.0040211940
3309,0.0064978053,0.0140684470
189,0.0000000000,0.0228087012
1526,0.0061003025,0.0061177647
2264,0.0050258058,0.0087866492
2316,0.0099821133,0.0000000000
2582,0.0102875778,0.0066012649
4212,0.0229497516,0.0000000000
4687,0.0186679351,0.0125455836
4736,0.0064583075,0.0000000000
190,0.0000000000,0.0105949251
250,0.0023345493,0.0177900027
512,0.0023345493,0.0179255235
3703,0.0190976379,0.0040707659
4355,0.0195919269,0.0031720585
191,0.0000000000,0.0038490037
2769,0.0174679970,0.0035654186
192,0.0000000000,0.0086511659
1419,0.0097589372,0.0115398295
2254,0.0019062497,0.0172984570
2983,0.0101285469,0.0164877186
854,0.0000000000,0.0690929329
194,0.0000000000,0.0040164993
1439,0.0008850195,0.0029348194
4046,0.0008850195,0.0000000000
4189,0.0076823935,0.0000000000
195,0.0000000000,0.0085666861
1494,0.0218691056,0.0016101538
4317,0.0170092635,0.0039414633
196,0.0000000000,0.0174720174
1251,0.0038498890,0.0040211940
2134,0.0292797434,0.0038223136
2823,0.0094379148,0.0035179397
3217,0.0367258301,0.0226698215
197,0.0000000000,0.0126908368
2219,0.0139591630,0.0268811289
2527,0.0051676467,0.0007391304
2660,0.0384685558,0.0020442924
198,0.0000000000,0.0037318674
955,0.0008223020,0.0006352663
1880,0.0089026033,0.0000000000
2933,0.0008223020,0.0031749891
199,0.0000000000,0.0468482597
1891,0.0156909645,0.0012092843
3148,0.0827652533,0.0101744298
3459,0.0273185574,0.0045960739
4319,0.0186347087,0.0000000000
200,0.0000000000,0.0037036408
1640,0.0008160824,0.0013418037
2776,0.0096949222,0.0138353742
4968,0.0062972972,0.0000000000
201,0.0000000000,0.0041003312
1029,0.0009034915,0.0057770449
2533,0.0009034915,0.0058167808
4013,0.0081840959,0.0000000000
202,0.0000000000,0.0040508106
811,0.0093921074,0.0151478503
1845,0.0016265596,0.0088966253
1969,0.0073652880,0.0214601093
650,0.0002338631,0.0113606404
963,0.0002338631,0.0213277586
2097,0.0008554577,0.0078258751
4634,0.0034935502,0.0000000000
1779,0.0060163844,0.0173228550
2550,0.0140618064,0.0071671542
2871,0.0127990917,0.0000000000
3464,0.0210787654,0.0000000000
2885,0.0093337822,0.0056111938
206,0.0000000000,0.0245546831
660,0.0054105260,0.0318888427
1706,0.0087459983,0.0143690801
3227,0.0097955893,0.0178038780
3296,0.0279965785,0.0203235455
4231,0.0285685916,0.0056105141
4526,0.0200225368,0.0000000000
623,0.0035893691,0.0055979546
2498,0.0326949353,0.0000000000
3727,0.0165661557,0.0000000000
4410,0.0210772828,0.0000000000
208,0.0000000000,0.0232027002
565,0.0261707322,0.0034190331
1443,0.0051126219,0.0038034992
2031,0.0055367201,0.0007007044
3031,0.0249278272,0.0178709713
209,0.0000000000,0.0200881213
1791,0.0100303878,0.0054607626
3315,0.0220949431,0.0000000000
4654,0.0144195375,0.0011076322
4855,0.0255184595,0.0000000000
210,0.0000000000,0.0271552380
448,0.0059835478,0.0219815917
533,0.0059835478,0.0154552867
1353,0.0059835478,0.0186632965
1933,0.0280908008,0.0205015933
2069,0.0266242145,0.0022239836
2149,0.0081031789,0.0182555930
3005,0.0205591796,0.0167643416
3382,0.0120412026,0.0123243001
211,0.0000000000,0.0000000000
899,0.0000000000,0.0063819460
2771,0.0000000000,0.0021283657
212,0.0000000000,0.0106286356
1821,0.0099457668,0.0054324440
3536,0.0234787538,0.0054360682
3738,0.0148116041,0.0033794048
213,0.0000000000,0.0091623202
2487,0.0057996214,0.0001856378
2622,0.0067818539,0.0152350797
3804,0.0289999929,0.0050283863
214,0.0000000000,0.0114397518
1216,0.0125998334,0.0125844375
1432,0.0041857888,0.0035884137
1879,0.0177926791,0.0024708397
2414,0.0063307188,0.0571356288
1884,0.0053703437,0.0052039339
216,0.0000000000,0.0357631682
1707,0.0112437065,0.0000000000
3462,0.0472772843,0.0000000000
3767,0.0188707151,0.0019665730
4399,0.0579144818,0.0116013339
217,0.0000000000,0.0085590924
2698,0.0026976824,0.0065479756
3528,0.0273069622,0.0000000000
3726,0.0088392168,0.0079324633
4660,0.0043319258,0.0000000000
220,0.0000000000,0.0079767630
321,0.0017576477,0.0115544496
1475,0.0025946988,0.0009500301
3255,0.0185421780,0.0193235573
4105,0.0133065377,0.0025126603
226,0.0011296560,0.0008297368
425,0.0036756327,0.0039775617
3168,0.0118013655,0.0065689125
222,0.0000000000,0.0074111635
1176,0.0047215411,0.0213689936
1864,0.0131694291,0.0009229758
4206,0.0070380441,0.0000000000
4481,0.0087051638,0.0000000000
223,0.0000000000,0.0080918566
1240,0.0017830081,0.0060669249
1857,0.0082731640,0.0140034727
2760,0.0047458825,0.0226129880
4024,0.0119388799,0.0000000000
4163,0.0099824381,0.0024379750
224,0.0000000000,0.0102139714
1205,0.0271211042,0.0082881045
225,0.0000000000,0.0100880247
2545,0.0077284068,0.0106202888
4323,0.0231262035,0.0000000000
1225,0.0001828292,0.0073109478
3607,0.0035827912,0.0035162645
227,0.0000000000,0.0199263996
738,0.0043907022,0.0385222941
934,0.0079416600,0.0077323268
1935,0.0173987130,0.0396612296
3079,0.0067814005,0.0042180401
4924,0.0176504201,0.0000000000
228,0.0000000000,0.0376234786
2260,0.0143164954,0.0153496792
2697,0.0263983706,0.0177747038
2993,0.0274478779,0.0192566314
3346,0.0260273687,0.0015400904
3674,0.0082901826,0.0056047488
4621,0.0317219177,0.0000000000
374,0.0070162178,0.0064149545
1355,0.0121258194,0.0085878849
1637,0.0156595331,0.0229839545
2587,0.0145471398,0.0011670745
2617,0.0153230535,0.0031741972
2709,0.0104728193,0.0104612227
2788,0.0188660092,0.0085390595
4115,0.0248743063,0.0063756547
230,0.0000000000,0.0382842391
1970,0.0125456794,0.0159882703
3360,0.0394077539,0.0028248661
3910,0.0187632730,0.0174040599
231,0.0000000000,0.0051373664
310,0.0011319981,0.0015240524
600,0.0011319981,0.0101507468
3414,0.0103251038,0.0089314403
3588,0.0107258907,0.0021229037
232,0.0000000000,0.0273399528
1387,0.0060242490,0.0036857727
4035,0.0112474822,0.0000000000
4287,0.0194549808,0.0000000000
4809,0.0407541185,0.0000000000
233,0.0000000000,0.0120330874
2046,0.0031318205,0.0062124334
234,0.0000000000,0.0263852876
552,0.0058138923,0.0011845629
1177,0.0085333944,0.0074790047
1785,0.0248997090,0.0065605570
2879,0.0205447929,0.0055659189
4604,0.0474585778,0.0010133123
4993,0.0124946764,0.0000000000
235,0.0000000000,0.0162418253
331,0.0035788211,0.0152283409
2061,0.0039313159,0.0233469855
2384,0.0091196646,0.0000000000
3943,0.0070778506,0.0000000000
4455,0.0095735050,0.0000000000
4868,0.0226707633,0.0000000000
236,0.0000000000,0.0180716359
742,0.0195628784,0.0214519482
790,0.0256117433,0.0045146503
1967,0.0086093665,0.0436523006
4116,0.0080842995,0.0000000000
4578,0.0201465878,0.0011076322
416,0.0005336314,0.0196949505
1153,0.0005336314,0.0065226055
1284,0.0010889022,0.0272963169
4665,0.0050267789,0.0000000000
238,0.0000000000,0.0074998652
339,0.0016525652,0.0166143118
1286,0.0038198371,0.0207873782
2350,0.0162284271,0.0063998560
4178,0.0016525652,0.0000000000
239,0.0000000000,0.0099350721
2426,0.0021891533,0.0564246073
2513,0.0040154039,0.0168881963
4078,0.0093659355,0.0035910325
622,0.0013862823,0.0333054962
2445,0.0054408041,0.0061554866
3575,0.0136472888,0.0111485983
241,0.0000000000,0.0041326721
1655,0.0009106177,0.0053927037
1968,0.0178447210,0.0107089789
242,0.0000000000,0.0079507257
1138,0.0095396562,0.0065779106
1388,0.0020835966,0.0065574639
2683,0.0025899963,0.0452505792
243,0.0000000000,0.0223034240
1778,0.0087369069,0.0371496598
2080,0.0210322856,0.0193271986
3258,0.0270900865,0.0069633621
4295,0.0181900051,0.0007826876
244,0.0000000000,0.0147772923
427,0.0032561171,0.0065889184
1583,0.0113288954,0.0519005490
1599,0.0082029399,0.0116524714
1804,0.0122333262,0.0025901557
3660,0.0167748124,0.0103809301
245,0.0000000000,0.0140166877
626,0.0030885209,0.0259925115
935,0.0090175002,0.0000000000
2845,0.0062921341,0.0000000000
4614,0.0060519754,0.0000000000
4815,0.0151171027,0.0027824266
246,0.0000000000,0.0123082652
2672,0.0338491626,0.0105622643
3620,0.0049130913,0.0057113502
247,0.0000000000,0.0087922950
1734,0.0119933322,0.0138499238
3427,0.0057489926,0.0078138713
4321,0.0066363284,0.0000000000
1395,0.0236468369,0.0026306863
3397,0.0090923492,0.0018944870
249,0.0000000000,0.0040766414
1300,0.0058719751,0.0158598806
2932,0.0043848679,0.0000000000
4999,0.0082442474,0.0000000000
1133,0.0099235124,0.0214001698
1288,0.0039199558,0.0066210356
2176,0.0039199558,0.0066024980
2323,0.0087203714,0.0012816073
2441,0.0116370852,0.0024120979
3094,0.0057136893,0.0000000000
3369,0.0369020991,0.0032870225
251,0.0000000000,0.0037890597
1566,0.0082237431,0.0018920771
1861,0.0053516147,0.0114089696
2897,0.0036205895,0.0000000000
252,0.0000000000,0.0224502513
487,0.0049468228,0.0096557754
1866,0.0049468228,0.0010506099
2507,0.0130409214,0.0000000000
3078,0.0093827403,0.0216375218
3580,0.0210951650,0.0102409247
3583,0.0314299628,0.0093787021
253,0.0000000000,0.0089612889
329,0.0036169418,0.0520050752
739,0.0019745841,0.0227183604
903,0.0019745841,0.0100371865
1945,0.0019745841,0.0118579513
2013,0.0086683337,0.0148504199
2440,0.0153618216,0.0016363286
3606,0.0021869471,0.0000000000
4135,0.0049113471,0.0000000000
254,0.0000000000,0.0106973831
856,0.0038807063,0.0043498086
1782,0.0126789137,0.0159076439
2122,0.0102136723,0.0005931697
4637,0.0186960490,0.0000000000
4814,0.0030787990,0.0000000000
255,0.0000000000,0.0075566856
3235,0.0047850296,0.0116038105
3299,0.0151010992,0.0074831726
256,0.0000000000,0.0361768020
699,0.0096693874,0.0160761051
1149,0.0079714132,0.0367770401
1988,0.0115495095,0.0040029779
2167,0.0090955294,0.0128492413
2363,0.0096605673,0.0120223205
4620,0.0589957390,0.0000000000
4831,0.0095098148,0.0000000000
257,0.0000000000,0.0189248729
3992,0.0062989930,0.0128647122
4580,0.0323879721,0.0135519811
4668,0.0067253052,0.0040802724
4978,0.0109567611,0.0000000000
258,0.0000000000,0.0095367001
1061,0.0074968620,0.0088450629
3812,0.0047307923,0.0000000000
3866,0.0047955129,0.0005133000
259,0.0000000000,0.0042004795
3326,0.0015587795,0.0010784368
3869,0.0175043193,0.0055733065
260,0.0000000000,0.0114702583
1298,0.0048189942,0.0040002238
1397,0.0035725020,0.0067452026
2324,0.0060326109,0.0034005012
3301,0.0151967252,0.0025714989
3744,0.0089131469,0.0081035502
4754,0.0135216599,0.0015651307
261,0.0000000000,0.0037447371
288,0.0008251378,0.0072953179
820,0.0076069128,0.0129072224
2573,0.0085627457,0.0204135668
262,0.0000000000,0.0140685473
1762,0.0173709893,0.0072652790
4939,0.0464764899,0.0000000000
263,0.0000000000,0.0290600535
1563,0.0064032662,0.0060566927
1688,0.0476392956,0.0035114192
2230,0.0191827479,0.0146402172
3177,0.0095537473,0.0101587402
3317,0.0103094621,0.0201520038
3473,0.0165209442,0.0024025079
264,0.0000000000,0.0092839979
4777,0.0047475909,0.0000000000
265,0.0000000000,0.0071789000
598,0.0015818418,0.0060693899
822,0.0015818418,0.0082790162
266,0.0000000000,0.0061350160
729,0.0076207829,0.0034681741
267,0.0000000000,0.0059489377
697,0.0013108246,0.0082058955
2121,0.0115841633,0.0117521190
3989,0.0114966382,0.0008285270
4067,0.0026065080,0.0129995034
268,0.0000000000,0.0228613712
1545,0.0086812659,0.0261010984
2244,0.0092292824,0.0000000000
2574,0.0189229427,0.0063006391
4034,0.0338493482,0.0000000000
4213,0.0078094573,0.0000000000
4329,0.0252599845,0.0003438659
1485,0.0039056220,0.0156423756
2694,0.0039056220,0.0000000000
4618,0.0160772401,0.0006274797
4623,0.0172608619,0.0024633616
270,0.0000000000,0.0066071965
685,0.0078758463,0.0071263512
3755,0.0211491901,0.0000000000
4842,0.0588708226,0.0000000000
272,0.0000000000,0.0077059455
2181,0.0045427444,0.0002014107
4091,0.0054526645,0.0053744484
4492,0.0063992452,0.0040380175
273,0.0000000000,0.0019463968
631,0.0088333473,0.0103065689
274,0.0000000000,0.0114303008
930,0.0046102253,0.0134787636
1264,0.0133286668,0.0114184964
3545,0.0224387839,0.0000000000
1852,0.0203644224,0.0106586907
276,0.0000000000,0.0182425362
601,0.0093482066,0.0210632786
1411,0.0082152367,0.0041055013
4312,0.0094125000,0.0000000000
4625,0.0372537349,0.0000000000
4912,0.0185606387,0.0000000000
3663,0.0088506208,0.0005094863
3948,0.0137602816,0.0018988034
1156,0.0013498705,0.0265440070
3541,0.0013498705,0.0077106845
3676,0.0193005897,0.0075806986
3892,0.0058020460,0.0095945826
279,0.0000000000,0.0732862996
1102,0.0246478697,0.0139902727
1372,0.0212421622,0.0032368573
2443,0.0394099710,0.0112159628
2534,0.0194371957,0.0402190306
2972,0.0424538024,0.0026390305
4925,0.0343419910,0.0059581937
280,0.0000000000,0.0076320609
912,0.0027240673,0.0276139987
2603,0.0061797416,0.0090512689
2696,0.0016816940,0.0020130089
2810,0.0016816940,0.0032974660
3974,0.0131264463,0.0011076322
281,0.0000000000,0.0015576342
1488,0.0003432184,0.0203760759
4289,0.0067258111,0.0000000000
282,0.0000000000,0.0076942741
2274,0.0072309543,0.0303408924
2870,0.0234258711,0.0040146703
4171,0.0042621879,0.0000000000
283,0.0000000000,0.0231889928
424,0.0138528514,0.0080261721
3003,0.0175497865,0.0010447688
4371,0.0419541135,0.0000000000
284,0.0000000000,0.0074535404
4110,0.0123612064,0.0013410209
4248,0.0178483529,0.0065308743
285,0.0000000000,0.0074622512
1548,0.0016442771,0.0064729883
2346,0.0129270487,0.0229301090
2439,0.0016442771,0.0079018119
286,0.0000000000,0.0282473986
1208,0.0096645101,0.0049657733
3250,0.0395721730,0.0049915535
4017,0.0355754401,0.0207168267
287,0.0000000000,0.0014234539
688,0.0003136524,0.0004107890
2964,0.0016074940,0.0006764770
3947,0.0107093748,0.0000000000
4681,0.0207916027,0.0015800116
289,0.0000000000,0.0241825907
2337,0.0113207875,0.0034534239
3481,0.0064134996,0.0000000000
3725,0.0290454227,0.0114978354
4421,0.0090353376,0.0118098430
4429,0.0196131247,0.0000000000
290,0.0000000000,0.0076741952
1112,0.0016909781,0.0248831158
1157,0.0026466064,0.0188261867
4069,0.0149540748,0.0002263168
4194,0.0052195497,0.0000000000
4422,0.0103166894,0.0000000000
291,0.0000000000,0.0396796415
385,0.0087432499,0.0330358153
1888,0.0169792329,0.0010009771
3754,0.0419629314,0.0000000000
292,0.0000000000,0.0184269388
1323,0.0058477323,0.0098450091
1517,0.0153117473,0.0059985233
2321,0.0286185263,0.0058687205
318,0.0006949250,0.0181214033
1965,0.0129230334,0.0124726213
3052,0.0006949250,0.0000000000
1022,0.0172093912,0.0060506118
1854,0.0273806883,0.0201977743
1908,0.0149711678,0.0075570447
3485,0.0235423132,0.0136225185
3547,0.0279840831,0.0197656694
3634,0.0374941250,0.0009317891
4688,0.0414991440,0.0000000000
4972,0.0259198794,0.0000000000
295,0.0000000000,0.0079475013
1090,0.0017512000,0.0033785136
3454,0.0090870013,0.0037533383
4398,0.0151750731,0.0000000000
296,0.0000000000,0.0098753511
819,0.0031264323,0.0165369672
1853,0.0021759940,0.0000000000
2225,0.0337779216,0.0062180118
4506,0.0057371612,0.0000000000
297,0.0000000000,0.0412281347
2120,0.0169743931,0.0116214688
3640,0.0213642054,0.0116488869
4326,0.0217895684,0.0000000000
4628,0.0499223096,0.0000000000
298,0.0000000000,0.0127793546
1725,0.0028158795,0.0097146849
1752,0.0028158795,0.0074258814
2328,0.0106777952,0.0017734563
3625,0.0135943230,0.0078013381
4451,0.0280928061,0.0000000000
299,0.0000000000,0.0063036381
2382,0.0089892326,0.0143053855
4151,0.0196187573,0.0042579514
300,0.0000000000,0.0022110877
2049,0.0004872043,0.0069744079
3751,0.0028417784,0.0249968590
4941,0.0067056375,0.0000000000
301,0.0000000000,0.0530960546
449,0.0116995027,0.0062362799
1609,0.0161898927,0.0005971443
1885,0.0210139663,0.0227660616
2588,0.0287133652,0.0000000000
2648,0.0135634181,0.0000000000
2873,0.0566220910,0.0016587561
4861,0.0682827831,0.0000000000
302,0.0000000000,0.0011876757
317,0.0002616996,0.0081916067
1661,0.0023866905,0.0006672049
1959,0.0027416623,0.0077412014
303,0.0000000000,0.0042957357
556,0.0060531131,0.0161153727
940,0.0009465481,0.0099300094
4882,0.0094293821,0.0000000000
304,0.0000000000,0.0212117402
675,0.0046739219,0.0104307223
1187,0.0157680110,0.0189968891
4103,0.0334935578,0.0000000000
4592,0.0162995767,0.0000000000
4812,0.0179526175,0.0000000000
1338,0.0010360861,0.0073398219
2749,0.0092416135,0.0021873822
306,0.0000000000,0.0225722443
599,0.0166399021,0.0046984483
985,0.0049737035,0.0006878987
1148,0.0049737035,0.0251277816
2465,0.0059321664,0.0135841600
2646,0.0257187049,0.0071651247
3128,0.0108271019,0.0121034886
3902,0.0146542760,0.0193918342
4278,0.0128485504,0.0000000000
307,0.0000000000,0.0079344155
488,0.0017483166,0.0307778464
1587,0.0023416025,0.0067030014
1806,0.0053236021,0.0219726034
2488,0.0045371598,0.0269636201
2630,0.0141214700,0.0049239051
2777,0.0017483166,0.0126567034
3450,0.0061884209,0.0032636762
308,0.0000000000,0.0162747109
1052,0.0043725157,0.0194496853
3200,0.0045764238,0.0032343672
3261,0.0282174035,0.0000000000
4683,0.0081275296,0.0019078543
309,0.0000000000,0.0263224241
1117,0.0080382639,0.0035336756
2584,0.0134246066,0.0119667292
2837,0.0076873078,0.0000000000
2999,0.0249323920,0.0000000000
3552,0.0098441086,0.0009359334
4094,0.0465732954,0.0050996359
4515,0.0021858390,0.0007972068
311,0.0000000000,0.0191613336
1700,0.0088424948,0.0108392013
1915,0.0077781098,0.0021791740
2140,0.0115212840,0.0330658036
2563,0.0042221230,0.0122039546
4764,0.0163366378,0.0000000000
1285,0.0609929012,0.0051715904
1757,0.0179941143,0.0396934646
1941,0.0346850533,0.0103976520
3952,0.0401804190,0.0017638696
4646,0.0705805691,0.0000000000
4823,0.0659987953,0.0000000000
4936,0.0302260256,0.0000000000
313,0.0000000000,0.0122839751
1212,0.0027067247,0.0457422892
2424,0.0127702034,0.0029993975
2804,0.0042525269,0.0035418951
3016,0.0217166984,0.0044070678
314,0.0000000000,0.0099379058
3194,0.0055287675,0.0025717562
3359,0.0130841010,0.0012366102
347,0.0000000000,0.0048633872
1582,0.0000000000,0.0135703434
316,0.0000000000,0.0026646835
2881,0.0009091781,0.0011217015
1089,0.0018049877,0.0087543474
2064,0.0222049465,0.0033821140
2357,0.0114878718,0.0093177077
2817,0.0114902112,0.0068372950
349,0.0020530150,0.0162775415
399,0.0020530150,0.0220799098
1927,0.0147257940,0.0047302571
3901,0.0209453570,0.0015523240
320,0.0000000000,0.0160734174
615,0.0043077646,0.0039392100
1188,0.0035417131,0.0133131776
4015,0.0310354467,0.0008360698
4589,0.0094816327,0.0119900210
496,0.0025459766,0.0141906544
1277,0.0155033044,0.0272992842
1310,0.0067343625,0.0000000000
1639,0.0069524819,0.0021506304
3274,0.0033287798,0.0009021163
4074,0.0062285568,0.0062941034
1010,0.0085873180,0.0348441569
1455,0.0340209164,0.0040835661
3262,0.0246753163,0.0040211940
323,0.0000000000,0.0130034066
550,0.0028652485,0.0049240207
725,0.0028652485,0.0210717045
2058,0.0104900253,0.0069253494
3690,0.0182005157,0.0110736798
324,0.0000000000,0.0069144931
1630,0.0015235808,0.0049275376
3372,0.0034007516,0.0028286046
325,0.0000000000,0.0072537169
1547,0.0035264366,0.0006303183
2559,0.0065939413,0.0179915906
2849,0.0045849507,0.0003843429
3398,0.0087710825,0.0042379543
4675,0.0094432101,0.0000000000
641,0.0019945309,0.0204982656
1155,0.0019945309,0.0256114181
3444,0.0207157254,0.0007625717
4052,0.0264017877,0.0000000000
4744,0.0375420169,0.0000000000
328,0.0000000000,0.0194907575
400,0.0042947102,0.0102864664
2126,0.0257639410,0.0119452532
4260,0.0583966208,0.0072511227
3142,0.0262419884,0.0314826683
3443,0.0329721509,0.0030657923
3748,0.0225995728,0.0000000000
4238,0.0156965273,0.0020212975
4387,0.0155412023,0.0000000000
4723,0.0378882019,0.0000000000
330,0.0000000000,0.0122309921
874,0.0054145521,0.0052832934
1643,0.0063894557,0.0221994695
3015,0.0160528884,0.0013011729
746,0.0033555038,0.0087136981
778,0.0049365928,0.0148638373
2866,0.0033555038,0.0314889249
3487,0.0276868142,0.0159525531
3495,0.0096843353,0.0024116169
4696,0.0200922060,0.0000000000
333,0.0000000000,0.0122603770
4600,0.0058744460,0.0000000000
334,0.0000000000,0.0087576219
1373,0.0019297069,0.0096081464
3688,0.0222396817,0.0039540745
4603,0.0055323386,0.0000000000
4130,0.0086217802,0.0000000000
336,0.0000000000,0.0093149352
1230,0.0029271856,0.0093954114
1245,0.0020525086,0.0105310191
3865,0.0120452476,0.0020785449
4267,0.0085309382,0.0113689162
4901,0.0087676481,0.0000000000
337,0.0000000000,0.0079420688
422,0.0017500030,0.0093889990
1728,0.0031994192,0.0224407125
2186,0.0017500030,0.0141476647
2237,0.0028439639,0.0025413778
3766,0.0017500030,0.0081713412
4041,0.0189741146,0.0035302782
4073,0.0057761443,0.0000000000
338,0.0000000000,0.0215809713
1119,0.0117818591,0.0052345854
1574,0.0047552805,0.0063183642
2501,0.0066740502,0.0084622624
2530,0.0096871715,0.0041388571
2833,0.0153453579,0.0045490247
3689,0.0123018657,0.0094898446
3985,0.0177274087,0.0017414180
4335,0.0196681958,0.0000000000
1542,0.0048675988,0.0138495818
3129,0.0116817982,0.0044441237
3903,0.0173708276,0.0029178630
340,0.0000000000,0.0083047532
4622,0.0376895423,0.0021074563
341,0.0000000000,0.0301047329
1109,0.0097649305,0.0091527569
2258,0.0078583953,0.0776978120
3225,0.0421840904,0.0216437054
3563,0.0187834665,0.0000000000
342,0.0000000000,0.0020171024
717,0.0004444604,0.0057173175
763,0.0004444604,0.0215531121
1249,0.0004444604,0.0112674124
4141,0.0050792070,0.0000000000
1349,0.0054329688,0.0068350001
3933,0.0033544041,0.0011501080
4860,0.0109033315,0.0000000000
344,0.0000000000,0.0112507476
1016,0.0024790571,0.0280140549
3421,0.0031922856,0.0019176471
345,0.0000000000,0.0079873573
806,0.0017599821,0.0271931324
1203,0.0099835525,0.0203782046
2431,0.0017599821,0.0000000000
346,0.0000000000,0.0058955511
1636,0.0022412926,0.0045298203
2332,0.0012990610,0.0102555441
2380,0.0032369407,0.0007197922
3909,0.0029693341,0.0006726387
1140,0.0010716279,0.0092148536
2490,0.0072396717,0.0000000000
348,0.0000000000,0.0163149161
1367,0.0093770719,0.0039948804
2191,0.0109476349,0.0182843800
2508,0.0230372458,0.0298784160
2544,0.0258754231,0.0028077601
3109,0.0048049228,0.0051390754
461,0.0035866910,0.0165088416
1890,0.0109389658,0.0019474125
2713,0.0196291063,0.0285283692
3762,0.0050124020,0.0000000000
3904,0.0061184915,0.0041595574
4469,0.0088406794,0.0000000000
921,0.0002701422,0.0040229457
1847,0.0002701422,0.0238756657
1918,0.0010030461,0.0009230092
351,0.0000000000,0.0123564975
352,0.0000000000,0.0006757589
927,0.0001489008,0.0021229037
353,0.0000000000,0.0097650714
1732,0.0074851922,0.0063866949
1751,0.0021516943,0.0010919698
3717,0.0184870855,0.0116013339
354,0.0000000000,0.0090192533
757,0.0019873563,0.0071589638
923,0.0019873563,0.0960079775
4170,0.0150884508,0.0005185663
355,0.0000000000,0.0081379379
1531,0.0062075103,0.0307380842
1904,0.0054316007,0.0000000000
356,0.0000000000,0.0047842767
3730,0.0104524725,0.0000000000
4280,0.0112601197,0.0000000000
2923,0.0133620734,0.0000000000
4058,0.0415492863,0.0021671069
4362,0.0313272967,0.0000000000
358,0.0000000000,0.0383344666
891,0.0165899831,0.0572732683
4226,0.0414876866,0.0235809098
4976,0.0159655102,0.0000000000
359,0.0000000000,0.0209306945
2245,0.0046119946,0.0000000000
2836,0.0172448849,0.0176035167
4475,0.0325358622,0.0055903873
4663,0.0220552106,0.0000000000
360,0.0000000000,0.0193780010
2185,0.0088563979,0.0110827999
2371,0.0143591595,0.0039863687
3550,0.0344006642,0.0148708451
3716,0.0166294136,0.0000000000
3928,0.0044994729,0.0000000000
361,0.0000000000,0.0014051713
773,0.0003096239,0.0024353698
1066,0.0060674834,0.0048901436
362,0.0000000000,0.0126423240
2189,0.0053558728,0.0076906557
3384,0.0483983557,0.0022395386
363,0.0000000000,0.0050910487
3095,0.0069419601,0.0036173567
4960,0.0161627907,0.0000000000
1190,0.0037662648,0.0048764067
3045,0.0052366761,0.0011571570
365,0.0000000000,0.0210474388
2938,0.0062079817,0.0005066164
3915,0.0164955071,0.0040063608
3953,0.0061457681,0.0033992421
4519,0.0231181082,0.0000000000
4962,0.0240509573,0.0000000000
366,0.0000000000,0.0313512700
1360,0.0073637611,0.0166160885
2112,0.0300646881,0.0025014148
2535,0.0095226316,0.0010689387
2604,0.0094630023,0.0030084068
3858,0.0145725827,0.0063681837
4478,0.0102441069,0.0000000000
367,0.0000000000,0.0086486381
777,0.0019056927,0.0167169118
1299,0.0019056927,0.0096307296
3979,0.0354388357,0.0000821708
368,0.0000000000,0.0460320410
560,0.0101429756,0.0005212279
3402,0.0167107655,0.0036902961
4720,0.0381784600,0.0000000000
369,0.0000000000,0.0052362199
1466,0.0019402285,0.0280967593
2156,0.0014758059,0.0103377077
2391,0.0070623524,0.0021362884
3950,0.0077528656,0.0000000000
896,0.0020178998,0.0192456181
2792,0.0097077596,0.0249501352
3492,0.0121163456,0.0175552683
4459,0.0177192690,0.0077318028
371,0.0000000000,0.0211653155
414,0.0046636924,0.0101901232
2473,0.0090748806,0.0010102778
4112,0.0128488362,0.0058271829
4373,0.0208646006,0.0043216743
372,0.0000000000,0.0020205463
2728,0.0010739650,0.0043457042
373,0.0000000000,0.0092377551
475,0.0031697654,0.0145058131
1071,0.0020355023,0.0219492554
1478,0.0319414206,0.0458003249
1604,0.0020355023,0.0094563864
458,0.0014135095,0.0104833148
1421,0.0014135095,0.0063944110
2030,0.0148049781,0.0072142159
2638,0.0021029520,0.0005655558
3226,0.0079646582,0.0011638097
3571,0.0014135095,0.0004816414
375,0.0000000000,0.0116643258
1180,0.0025701874,0.0000000000
1324,0.0025701874,0.0246600992
2566,0.0072915385,0.0075490361
4859,0.0229538023,0.0000000000
376,0.0000000000,0.0075459935
1568,0.0074297277,0.0116432036
4732,0.0099580497,0.0000000000
377,0.0000000000,0.0255401343
1403,0.0056276662,0.0125414353
1559,0.0056276662,0.0044248405
2808,0.0231962283,0.0109355663
2887,0.0182172729,0.0051198025
3661,0.0201991662,0.0000000000
3745,0.0309050223,0.0000000000
3768,0.0121363721,0.0031653430
378,0.0000000000,0.0087149037
669,0.0019202941,0.0315455814
1195,0.0019202941,0.0046855876
1513,0.0043358496,0.0002241892
3624,0.0116714350,0.0106538219
3665,0.0120646616,0.0076479062
379,0.0000000000,0.0032860192
1522,0.0101595382,0.0065667975
2135,0.0047534664,0.0082809900
579,0.0069474676,0.0095363746
1015,0.0069474676,0.0126274971
2555,0.0199194290,0.0048906800
4581,0.0505958064,0.0000000000
381,0.0000000000,0.0103511831
419,0.0022808417,0.0251220902
2275,0.0069331715,0.0200966217
3351,0.0130292614,0.0000000000
4983,0.0109733715,0.0000000000
382,0.0000000000,0.0133947627
1493,0.0096272382,0.0038283024
2921,0.0047032148,0.0000000000
4521,0.0422265652,0.0000000000
2162,0.0489736869,0.0031136561
3871,0.0596116663,0.0025332410
384,0.0000000000,0.0484708287
775,0.0262612186,0.0385239239
1464,0.0208271269,0.0096380780
465,0.0172022405,0.0076659172
1269,0.0117730536,0.0444443042
3623,0.0365001849,0.0000000000
3684,0.0084207354,0.0000000000
4383,0.0114367906,0.0000000000
386,0.0000000000,0.0100852572
597,0.0071759084,0.0032974660
3176,0.0042852201,0.0060637072
387,0.0000000000,0.0286514687
1670,0.0167674530,0.0220025449
2904,0.0247796009,0.0063451915
3189,0.0145401833,0.0103853492
4640,0.0487901463,0.0000000000
388,0.0000000000,0.0026541286
2908,0.0052658346,0.0226535066
390,0.0000000000,0.0269170674
2652,0.0353465209,0.0000000000
391,0.0000000000,0.0163097551
4638,0.0150732747,0.0063431146
392,0.0000000000,0.0211344792
393,0.0000000000,0.0334119877
2444,0.0335935957,0.0214773676
3089,0.0136919109,0.0064875435
3285,0.0117307147,0.0014622887
4240,0.0078015461,0.0000000000
4431,0.0133360650,0.0165676121
4900,0.0231369438,0.0000000000
394,0.0000000000,0.0194747397
750,0.0042911808,0.0021266621
1839,0.0251196853,0.0025967826
2463,0.0097814331,0.0042161632
3728,0.0200079224,0.0054160546
4234,0.0132421805,0.0000000000
4605,0.0159401156,0.0000000000
395,0.0000000000,0.0039412032
2023,0.0178864083,0.0032520804
396,0.0000000000,0.0427668180
1305,0.0145809502,0.0056852814
3134,0.0106936338,0.0000000000
397,0.0000000000,0.0385735521
469,0.0084995275,0.0140922144
2442,0.0120981451,0.0185187713
4535,0.0294942701,0.0000000000
398,0.0000000000,0.0051476459
784,0.0011342631,0.0410963068
2131,0.0026992428,0.0159953697
2773,0.0047212635,0.0018176636
2154,0.0080960961,0.0159476320
3356,0.0139714308,0.0270344441
3899,0.0483014612,0.0000000000
1693,0.0041659594,0.0061080473
2725,0.0022665816,0.0224534792
3432,0.0066937820,0.0043252533
4303,0.0122575381,0.0100285099
401,0.0000000000,0.0074390670
4122,0.0337608095,0.0094542629
402,0.0000000000,0.0050424510
1534,0.0011110839,0.0000000000
1719,0.0028429420,0.0214659725
2714,0.0060246168,0.0051007744
403,0.0000000000,0.0015737096
1816,0.0037913392,0.0131786260
3876,0.0033506556,0.0016880289
404,0.0000000000,0.0079499181
3009,0.0072211082,0.0037232806
3184,0.0241548782,0.0043085717
405,0.0000000000,0.0175230571
4301,0.0292656475,0.0002207183
4310,0.0191232111,0.0000000000
406,0.0000000000,0.0073202830
2461,0.0016129950,0.0056068278
3597,0.0111553017,0.0000000000
407,0.0000000000,0.0125544074
3136,0.0064021215,0.0079868372
4127,0.0191427785,0.0008368476
408,0.0000000000,0.0120871767
586,0.0026633609,0.0261309933
1326,0.0130725256,0.0024645157
2003,0.0164458276,0.0073593390
409,0.0000000000,0.0172616837
478,0.0038035428,0.0128820734
782,0.0038035428,0.0084072279
998,0.0061046729,0.0186174799
2091,0.0076449486,0.0033991916
2269,0.0088882647,0.0221745815
2495,0.0062126259,0.0044760919
3664,0.0076836040,0.0012598702
4124,0.0195536373,0.0131172729
410,0.0000000000,0.0040802953
2074,0.0041698014,0.0053316378
2876,0.0033086849,0.0037278461
411,0.0000000000,0.0450334089
2785,0.0134627670,0.0000000000
2909,0.0337503170,0.0065498846
3202,0.0299434485,0.0100010895
3507,0.0554809842,0.0217692637
4840,0.0133348002,0.0000000000
412,0.0000000000,0.0162744296
616,0.0035860053,0.0098419454
2290,0.0114329126,0.0131342910
2373,0.0142578251,0.0027975412
2593,0.0035860053,0.0035664478
2852,0.0040838859,0.0071161291
3658,0.0122672229,0.0105126782
3678,0.0092289960,0.0014871571
4464,0.0154156191,0.0006154172
413,0.0000000000,0.0381421356
455,0.0084044666,0.0035479327
795,0.0084044666,0.0133452541
906,0.0180851632,0.0074558996
1511,0.0132392456,0.0041489433
2985,0.0172123104,0.0053846830
3132,0.0161190416,0.0191013148
2333,0.0176468660,0.0037412727
2716,0.0022453528,0.0110485432
3514,0.0125935122,0.0000000000
415,0.0000000000,0.0393237094
1126,0.0086648217,0.0137750379
3679,0.0282592044,0.0146728235
3987,0.0186526909,0.0000000000
4940,0.0392642352,0.0000000000
2994,0.0211361204,0.0066127348
3224,0.0336595194,0.0000000000
3900,0.0225216024,0.0000000000
418,0.0000000000,0.0267459196
1627,0.0122390105,0.0218193232
3028,0.0267442914,0.0052299642
3525,0.0108762265,0.0176226027
2349,0.0055355518,0.0179957440
2842,0.0311907153,0.0049350733
3186,0.0138562744,0.0006997623
4769,0.0141771288,0.0000000000
4865,0.0144146714,0.0000000000
4992,0.0112810428,0.0000000000
1065,0.0087884041,0.0050313540
2372,0.0225747145,0.0039182106
4031,0.0256874126,0.0000000000
4642,0.0186266436,0.0000000000
421,0.0000000000,0.0269075886
2132,0.0099674710,0.0160279749
2335,0.0355902582,0.0014507076
4523,0.0191126920,0.0021431582
494,0.0020688283,0.0331689437
645,0.0020688283,0.0210760237
1446,0.0020688283,0.0153140553
423,0.0000000000,0.0981625799
1564,0.0303917916,0.0167176167
1984,0.0263579829,0.0211526813
2491,0.0216297308,0.0081291945
2825,0.0342177509,0.0119761289
3803,0.0370718555,0.0012812374
3934,0.0854647908,0.0026274449
4799,0.0473695040,0.0000000000
2057,0.0096392371,0.0002434207
3272,0.0023849618,0.0053173518
4712,0.0139791694,0.0000000000
426,0.0000000000,0.0063268903
4096,0.0091720495,0.0000000000
2955,0.0033589907,0.0003809619
3743,0.0238321977,0.0024462919
1573,0.0001664184,0.0308063070
2199,0.0032611810,0.0040328803
430,0.0000000000,0.0254770839
431,0.0000000000,0.0214194671
1571,0.0084751621,0.0014614553
4822,0.0185175525,0.0000000000
432,0.0000000000,0.0034660466
1296,0.0161399502,0.0061717390
2200,0.0079522884,0.0080688535
2464,0.0134924606,0.0054906746
434,0.0000000000,0.0228657646
2119,0.0050383795,0.0038958288
3215,0.0078207979,0.0163060900
3691,0.0386963716,0.0018396153
3923,0.0095884572,0.0008921370
435,0.0000000000,0.0029211093
2435,0.0096729844,0.0051198025
2512,0.0035839273,0.0078173724
436,0.0000000000,0.0069279635
1294,0.0015265490,0.0243931404
1808,0.0080325868,0.0078093297
1863,0.0103095602,0.0035131639
2454,0.0115725701,0.0037898450
437,0.0000000000,0.0284505143
886,0.0126961506,0.0514233892
1123,0.0062689567,0.0135767629
2087,0.0158411798,0.0043818908
2735,0.0089371210,0.0043230656
2943,0.0190582852,0.0089929282
3138,0.0086715360,0.0000000000
3475,0.0250515205,0.0000000000
438,0.0000000000,0.0140718672
1586,0.0173874807,0.0085980156
3921,0.0297424636,0.0152712360
1664,0.0041760699,0.0153383323
1822,0.0047854792,0.0099804924
3428,0.0104250167,0.0000000000
3775,0.0110532438,0.0000000000
4109,0.0054184109,0.0153169079
440,0.0000000000,0.0017850207
2868,0.0003933221,0.0041058097
441,0.0000000000,0.0390002809
2174,0.0240127688,0.0013542573
2667,0.0797772375,0.0032636762
3881,0.0371476460,0.0153921103
1509,0.0117176557,0.0215692696
2753,0.0267242303,0.0209691127
4626,0.0353049686,0.0007644104
443,0.0000000000,0.0319196250
2251,0.0103854768,0.0080363898
2552,0.0185777992,0.0079711659
444,0.0000000000,0.0017956063
4616,0.0081490132,0.0000000000
445,0.0000000000,0.0100359018
446,0.0000000000,0.0067705171
1498,0.0024991617,0.0010742084
2187,0.0191756987,0.0038714173
3651,0.0054763261,0.0019312610
4763,0.0035755331,0.0084868906
447,0.0000000000,0.0085335508
2273,0.0178918073,0.0071246323
3622,0.0208361195,0.0028780228
1462,0.0048435556,0.0237647768
2598,0.0232299833,0.0125696583
2693,0.0105211016,0.0164145705
3830,0.0151440192,0.0000000000
4197,0.0131149397,0.0066480605
450,0.0000000000,0.0111124564
3586,0.0065527195,0.0046940548
451,0.0000000000,0.0064372621
1549,0.0054513460,0.0261300267
3434,0.0536402092,0.0000000000
453,0.0000000000,0.0096136266
1223,0.0045354893,0.0045271639
2942,0.0026919905,0.0057642843
3609,0.0239975188,0.0027356949
454,0.0000000000,0.0377807071
1098,0.0204798064,0.0363126184
1471,0.0195097914,0.0158048402
3562,0.0129927224,0.0037415826
3569,0.0361795824,0.0012206297
3211,0.0113344896,0.0059961907
4958,0.0047671655,0.0000000000
456,0.0000000000,0.0028137326
2554,0.0127695856,0.0117526474
457,0.0000000000,0.0249469320
1400,0.0054969564,0.0093666726
1567,0.0141036246,0.0179052657
1727,0.0054969564,0.0105171416
2250,0.0180534211,0.0000000000
4218,0.0309671059,0.0000000000
4647,0.0226532690,0.0000000000
544,0.0023099564,0.0130574029
1168,0.0023099564,0.0161066560
1414,0.0023099564,0.0133184850
2775,0.0169164447,0.0148194166
2895,0.0059659119,0.0054416838
4539,0.0177643845,0.0000000000
459,0.0000000000,0.0185902238
1767,0.0040962813,0.0083477892
2213,0.0040962813,0.0048966677
2397,0.0205044650,0.0000000000
4489,0.0064459060,0.0000000000
2033,0.0087062269,0.0056995372
2579,0.0033181649,0.0204615387
3746,0.0184294757,0.0008593972
871,0.0036376570,0.0018422474
1281,0.0071886148,0.0068243461
3041,0.0093650027,0.0015814997
3426,0.0152074842,0.0076509452
3836,0.0155877530,0.0000000000
462,0.0000000000,0.0300606510
2526,0.0160044687,0.0175151701
2806,0.0163508260,0.0065861029
2841,0.0141331671,0.0103646497
3949,0.0275189896,0.0028694772
4356,0.0117434508,0.0091441821
463,0.0000000000,0.0095734297
1608,0.0021094668,0.0117539424
1985,0.0071256135,0.0066402861
3605,0.0342120991,0.0034612453
464,0.0000000000,0.0160606259
1469,0.0035388945,0.0123724724
3002,0.0035388945,0.0122310046
1584,0.0016891541,0.0131642054
2784,0.0088762464,0.0075596737
466,0.0000000000,0.0327821606
810,0.0088752096,0.0207388027
1222,0.0155120592,0.0044198077
3174,0.0360006856,0.0000000000
3323,0.0145563561,0.0018320651
3774,0.0084963663,0.0192439448
4961,0.0237858425,0.0000000000
1213,0.0023059374,0.0102045155
2056,0.0123830013,0.0112851784
2221,0.0270201392,0.0094168365
468,0.0000000000,0.0026098075
633,0.0005750606,0.0026229266
1034,0.0005750606,0.0100512523
841,0.0084448026,0.0123415052
937,0.0031051629,0.0080491784
2547,0.0057431699,0.0000000000
3072,0.0194733154,0.0104666676
470,0.0000000000,0.0207715796
522,0.0045769343,0.0055286514
2606,0.0300732370,0.0207508183
3269,0.0116851470,0.0075460450
4188,0.0023295163,0.0000000000
472,0.0000000000,0.0231752115
817,0.0051065649,0.0057427631
3794,0.0141922609,0.0000000000
3835,0.0401160714,0.0137312037
4942,0.0083470926,0.0000000000
473,0.0000000000,0.0030957346
551,0.0006821327,0.0032093596
2430,0.0007169419,0.0197811090
3240,0.0037982369,0.0109602936
3281,0.0088521352,0.0044204941
658,0.0011995505,0.0465914584
2217,0.0011995505,0.0209955475
4499,0.0164408148,0.0000000000
4631,0.0028970554,0.0000000000
918,0.0042812860,0.0170088629
3860,0.0064934970,0.0069596709
3962,0.0188829228,0.0103066529
4397,0.0273350164,0.0015549744
476,0.0000000000,0.0039313588
531,0.0008662592,0.0142074560
609,0.0008662592,0.0000000000
3591,0.0057645878,0.0010155727
3732,0.0103446513,0.0030993706
477,0.0000000000,0.0015052967
727,0.0003316861,0.0023351588
1293,0.0003316861,0.0036852358
2997,0.0040845356,0.0249651085
1840,0.0584629026,0.0065156443
479,0.0000000000,0.0028209935
3141,0.0104072660,0.0076191514
3967,0.0015398526,0.0000000000
480,0.0000000000,0.0086747443
2827,0.0072678197,0.0000000000
3731,0.0095081950,0.0000000000
3764,0.0021352225,0.0069180124
481,0.0000000000,0.0134802813
4153,0.0031219016,0.0040897723
4297,0.0135618094,0.0000000000
4311,0.0035874699,0.0005591242
482,0.0000000000,0.0211700328
1689,0.0046647318,0.0178911490
2016,0.0152851171,0.0170730662
2193,0.0069342630,0.0108175000
3151,0.0254837100,0.0067791944
4511,0.0200616085,0.0000000000
483,0.0000000000,0.0272329194
635,0.0060006646,0.0178760596
2611,0.0091729764,0.0091822807
3048,0.0128606213,0.0012641596
3491,0.0077714509,0.0000000000
3652,0.0134215679,0.0078088136
4125,0.0060006646,0.0023021070
484,0.0000000000,0.0081119254
681,0.0017874302,0.0174335182
4787,0.0124118820,0.0000000000
485,0.0000000000,0.0316586826
1006,0.0069758638,0.0180869764
2231,0.0069758638,0.0251906041
2336,0.0069758638,0.0000000000
3165,0.0052546061,0.0139419677
3653,0.0157569224,0.0027625682
4574,0.0118404380,0.0000000000
781,0.0021276114,0.0053517035
1175,0.0128566532,0.0105388908
1336,0.0038654377,0.0070141402
3166,0.0196194567,0.0083241338
2543,0.0104908802,0.0080518868
3778,0.0127522364,0.0113689162
489,0.0000000000,0.0111921406
1270,0.0035353883,0.0220043686
1276,0.0024661433,0.0042579514
2068,0.0028964313,0.0145379811
2657,0.0024661433,0.0099889015
3055,0.0394293002,0.0000000000
490,0.0000000000,0.0130954774
1535,0.0124646062,0.0045829968
1774,0.0044782406,0.0240576645
3724,0.0180913970,0.0035499069
4273,0.0156787653,0.0000000000
491,0.0000000000,0.0269360325
1232,0.0248929924,0.0118765022
2396,0.0164211282,0.0000000000
3207,0.0071595449,0.0014793068
3696,0.0178849143,0.0000000000
590,0.0048018719,0.0809824675
1227,0.0048018719,0.0256571639
2048,0.0130097393,0.0051718318
2618,0.0337511540,0.0034858442
3747,0.0425361371,0.0132014188
761,0.0073086437,0.0232716419
2457,0.0296464676,0.0058286075
3287,0.0142152513,0.0155442363
3931,0.0299523727,0.0000000000
495,0.0000000000,0.0062234908
3038,0.0055006328,0.0081879159
1602,0.0084272353,0.0037868555
2320,0.0048498688,0.0105447495
3631,0.0055396034,0.0091441821
4016,0.0240548861,0.0041756517
4051,0.0108207282,0.0000000000
4098,0.0114700677,0.0000000000
799,0.0001597293,0.0000000000
951,0.0029622296,0.0313707240
1332,0.0001678803,0.0142978823
499,0.0000000000,0.0043133903
3797,0.0164491050,0.0074489724
500,0.0000000000,0.0472400911
1099,0.0104091646,0.0319951623
1585,0.0260228432,0.0184229847
3389,0.0444647058,0.0000000000
3410,0.0384043772,0.0041883243
3483,0.0123478101,0.0054013929
4341,0.0247970961,0.0014230655
563,0.0016188963,0.0531480671
848,0.0016188963,0.0173162148
3603,0.0040781477,0.0070052319
502,0.0000000000,0.0118685032
542,0.0026151771,0.0319998610
1054,0.0047435177,0.0440817607
1675,0.0060700101,0.0110947447
503,0.0000000000,0.0081006637
1993,0.0183200196,0.0080147357
2772,0.0096592111,0.0153339789
883,0.0014928347,0.0193132123
1463,0.0025281189,0.0014121314
3805,0.0163988609,0.0051827900
505,0.0000000000,0.0048525729
506,0.0000000000,0.0287618292
1049,0.0063375537,0.0054898123
1268,0.0063375537,0.0091697297
2596,0.0063375537,0.0000000000
2860,0.0156670385,0.0009913168
3849,0.0097568684,0.0091957442
4619,0.0200584749,0.0056934560
4876,0.0138026944,0.0000000000
938,0.0006375500,0.0014449040
1009,0.0006375500,0.0086621477
4690,0.0027929550,0.0000000000
508,0.0000000000,0.0149595886
1347,0.0089396586,0.0607747326
3823,0.0248112662,0.0012328116
1772,0.0041574812,0.0048862982
1947,0.0047722016,0.0115781104
2451,0.0148016741,0.0091504110
3198,0.0071568060,0.0006784007
4443,0.0132151494,0.0000000000
510,0.0000000000,0.0012708034
705,0.0002800164,0.0556039678
1893,0.0026443541,0.0124665060
1000,0.0051387751,0.0063517744
2523,0.0357523957,0.0074046459
4137,0.0118489343,0.0000000000
2421,0.0135101510,0.0120162011
4790,0.0127435388,0.0000000000
4894,0.0319017653,0.0044076007
1084,0.0099818039,0.0051067317
4072,0.0228204719,0.0216772436
514,0.0000000000,0.0160648983
4210,0.0019987142,0.0084106348
516,0.0000000000,0.0199454064
1830,0.0270137820,0.0151067310
517,0.0000000000,0.0164150386
1558,0.0093682603,0.0090596674
2484,0.0112673610,0.0029573905
4416,0.0163630434,0.0000000000
518,0.0000000000,0.0106167508
1258,0.0023393585,0.0052742786
1474,0.0051464661,0.0214583077
3018,0.0043456950,0.0005464782
4849,0.0271090192,0.0099585470
519,0.0000000000,0.0028780228
4971,0.0130613892,0.0000000000
520,0.0000000000,0.0036715290
1020,0.0081976380,0.0136902104
4877,0.0026794902,0.0000000000
521,0.0000000000,0.0072688247
976,0.0016016564,0.0117778771
3050,0.0079473108,0.0131738254
3846,0.0234392900,0.0000000000
1292,0.0028045875,0.0098823715
1849,0.0024278743,0.0014548088
2412,0.0055780835,0.0147588261
523,0.0000000000,0.0121781912
1966,0.0051437683,0.0032514607
2748,0.0303292442,0.0162354103
3476,0.0086403452,0.0000000000
524,0.0000000000,0.0042761457
2163,0.0009928990,0.0038280459
2294,0.0065311282,0.0028847656
2327,0.0009422315,0.0099298729
4719,0.0086989942,0.0000000000
1226,0.0025899219,0.0351076675
2300,0.0134896004,0.0025208296
2385,0.0057448146,0.0290736707
2398,0.0133078983,0.0000000000
2700,0.0180403520,0.0105706250
2929,0.0221874689,0.0044847637
3737,0.0041289650,0.0000000000
4304,0.0213784744,0.0071483155
4439,0.0317919824,0.0000000000
528,0.0000000000,0.0067526758
4607,0.0160303640,0.0247417851
4820,0.0054170376,0.0000000000
529,0.0000000000,0.0119718558
2978,0.0044725791,0.0014091451
530,0.0000000000,0.0017871054
3368,0.0049903793,0.0133069691
3472,0.0004138762,0.0042881605
4309,0.0015569020,0.0043216743
1929,0.0031305560,0.0015100530
2010,0.0031305560,0.0220449780
2917,0.0274208896,0.0232689928
3257,0.0031305560,0.0000000000
4108,0.0074429544,0.0014775614
532,0.0000000000,0.0104432586
2123,0.0210606584,0.0044856393
4345,0.0045623876,0.0000000000
661,0.0034055104,0.0098357672
721,0.0034055104,0.0151979201
4235,0.0158251351,0.0000000000
1259,0.0016677380,0.0152643386
1722,0.0064756719,0.0175236127
3205,0.0175375139,0.0003843429
4817,0.0254361484,0.0000000000
536,0.0000000000,0.0211692076
3139,0.0089386078,0.0128787081
537,0.0000000000,0.0224812916
1404,0.0185508271,0.0113038518
1952,0.0049536624,0.0291632728
2462,0.0260331569,0.0040042521
4001,0.0324450932,0.0000000000
3807,0.0317727240,0.0013819218
4427,0.0159110743,0.0000000000
4691,0.0069032365,0.0000000000
1214,0.0013586263,0.0100324551
1429,0.0012437758,0.0288521658
2270,0.0020987785,0.0000000000
4190,0.0040487962,0.0000000000
540,0.0000000000,0.0050549515
2127,0.0026015716,0.0000000000
4932,0.0203393634,0.0000000000
541,0.0000000000,0.0047781698
2020,0.0039863559,0.0341713007
3316,0.0049581452,0.0094346487
3506,0.0018729257,0.0000000000
4627,0.0034691356,0.0000000000
648,0.0106019988,0.0060438110
834,0.0070510411,0.0262606079
1447,0.0166691766,0.0148742480
1581,0.0070510411,0.0046627767
2175,0.0070510411,0.0160152097
2906,0.0146019019,0.0103501906
990,0.0060838034,0.0050822213
3519,0.0105026954,0.0048077452
975,0.0028771464,0.0081031785
2093,0.0041957782,0.0116094903
545,0.0000000000,0.0325442470
832,0.0108740839,0.0051015958
2690,0.0148187605,0.0006365001
2761,0.0085945196,0.0208733982
4656,0.0155128727,0.0000000000
546,0.0000000000,0.0096590849
857,0.0097831485,0.0095955759
3086,0.0052482849,0.0019543515
3439,0.0124876338,0.0196211380
4833,0.0115733636,0.0000000000
547,0.0000000000,0.0276031012
1401,0.0060822327,0.0014406000
2299,0.0080688660,0.0056228900
2987,0.0104494197,0.0138696529
548,0.0000000000,0.0182477983
4159,0.0098161554,0.0104376971
4452,0.0211380970,0.0000000000
549,0.0000000000,0.0029888090
862,0.0006585721,0.0116236858
3560,0.0010849882,0.0044904966
904,0.0045975960,0.0177306550
2312,0.0003515294,0.0001579750
2070,0.0167392023,0.0050954076
2206,0.0058587276,0.0028484260
554,0.0000000000,0.0078559971
555,0.0000000000,0.0108244801
3104,0.0069877104,0.0000000000
1174,0.0078347102,0.0060748682
2944,0.0059655488,0.0104909255
3037,0.0107458391,0.0142046437
3099,0.0096160623,0.0000000000
557,0.0000000000,0.0112766489
700,0.0024847644,0.0055784122
1018,0.0024847644,0.0177500884
1060,0.0024847644,0.0118692288
1046,0.0061918654,0.0325357685
1233,0.0061918654,0.0046751665
1503,0.0061918654,0.0197331714
3201,0.0061918654,0.0016477134
4611,0.0131687474,0.0000000000
559,0.0000000000,0.0193485577
4448,0.0272364167,0.0030413717
4534,0.0092954086,0.0000000000
4018,0.0010068679,0.0000000000
561,0.0000000000,0.0358070458
575,0.0078899389,0.0016811087
3273,0.0136378158,0.0057113502
643,0.0256551635,0.0079651341
1039,0.0256551635,0.0253781710
1343,0.0320486557,0.0045702295
2262,0.0256551635,0.0000000000
2681,0.0284339513,0.0135999427
3306,0.0340542558,0.0093720448
4557,0.0526508439,0.0000000000
4629,0.0455128328,0.0000000000
4789,0.0430674584,0.0000000000
4874,0.0570644394,0.0000000000
1086,0.0117109635,0.0287985927
3840,0.0189850136,0.0000000000
4175,0.0897818425,0.0067953451
4359,0.0302692508,0.0107507071
4800,0.0539555330,0.0000000000
564,0.0000000000,0.0128579394
4570,0.0052521398,0.0071483155
4726,0.0161992200,0.0000000000
566,0.0000000000,0.0688837881
2055,0.0166045635,0.0048387663
2939,0.0430313092,0.0090591627
3859,0.0301443809,0.0083921964
4374,0.0296391100,0.0000000000
567,0.0000000000,0.0071963561
1746,0.0082644254,0.0144942324
3091,0.0117159816,0.0105170135
568,0.0000000000,0.0089553146
835,0.0019732677,0.0167477834
2746,0.0080400282,0.0013190068
569,0.0000000000,0.0144517333
1088,0.0031843815,0.0000000000
3556,0.0144055039,0.0055251870
4848,0.0126211064,0.0000000000
570,0.0000000000,0.0007354711
1003,0.0001620581,0.0007345631
3458,0.0031757450,0.0000000000
571,0.0000000000,0.0167663847
1681,0.0063540139,0.0165626788
1692,0.0036944056,0.0003690275
1708,0.0036944056,0.0149568823
2024,0.0173750592,0.0068542639
572,0.0000000000,0.0707109119
3024,0.0297739596,0.0259791204
4228,0.0249867562,0.0084868906
573,0.0000000000,0.0086821350
3685,0.0068392647,0.0000000000
3777,0.0092035508,0.0000000000
1596,0.0133536178,0.0172892549
2104,0.0320323090,0.0174770210
4023,0.0142803348,0.0073500889
852,0.0006277561,0.0162276758
1206,0.0003704256,0.0032305157
4014,0.0066312160,0.0005450837
576,0.0000000000,0.0007458760
831,0.0001643508,0.0060662581
1458,0.0032206720,0.0021507685
577,0.0000000000,0.0008490494
1252,0.0001870846,0.0273260106
1576,0.0001870846,0.0034336068
2780,0.0034790829,0.0055508035
578,0.0000000000,0.0070153407
838,0.0015458022,0.0028558817
2551,0.0036202525,0.0228997256
3897,0.0055919701,0.0026229266
3925,0.0066314406,0.0381462839
1943,0.0021013019,0.0014015799
2896,0.0033111500,0.0030146426
580,0.0000000000,0.0062683718
3056,0.0014516938,0.0021146855
581,0.0000000000,0.0135461373
919,0.0065605403,0.0131833069
2692,0.0074450749,0.0261214957
3403,0.0041561455,0.0084868906
4320,0.0103215201,0.0014203294
582,0.0000000000,0.0027749225
3283,0.0017312901,0.0019437804
3515,0.0032013771,0.0000000000
4239,0.0076607946,0.0049322464
583,0.0000000000,0.0062067174
3855,0.0129713252,0.0000000000
584,0.0000000000,0.0199763884
2686,0.0149093378,0.0135623554
3558,0.0046384146,0.0008631942
3898,0.0141258788,0.0000000000
585,0.0000000000,0.0028838458
3123,0.0089588419,0.0000000000
659,0.0057578596,0.0039971336
877,0.0094263412,0.0086199786
1001,0.0057578596,0.0381177454
1420,0.0116863973,0.0019138265
2602,0.0201159167,0.0095706946
3424,0.0112792781,0.0187592447
4767,0.0105546295,0.0000000000
587,0.0000000000,0.0075385129
588,0.0000000000,0.0136894678
3238,0.0162708506,0.0037299994
3595,0.0090071859,0.0028778442
589,0.0000000000,0.0052281780
621,0.0011520081,0.0987057447
1125,0.0178441619,0.0040876708
1621,0.0402519423,0.0068207147
591,0.0000000000,0.0087900621
2474,0.0019368549,0.0113639299
3616,0.0073189574,0.0073298884
4146,0.0043300357,0.0009251906
4376,0.0085322703,0.0066578480
592,0.0000000000,0.0072133059
1999,0.0015894230,0.0147292688
3770,0.0121657851,0.0015018222
593,0.0000000000,0.0181585497
3882,0.0289008079,0.0053044556
602,0.0050161466,0.0039469195
1333,0.0050161466,0.0160235786
3183,0.0233574916,0.0071286230
4333,0.0269860672,0.0016516780
595,0.0000000000,0.0094287026
2148,0.0020775768,0.0187401259
2202,0.0027068589,0.0142292620
2410,0.0058560009,0.0123027931
3701,0.0062745488,0.0033878010
596,0.0000000000,0.0176264859
1605,0.0096458281,0.0087641898
3365,0.0302819469,0.0065762401
3940,0.0115924194,0.0207691236
4162,0.0132418281,0.0026120003
1756,0.0010352842,0.0038745194
3501,0.0064307726,0.0000000000
2862,0.0051307647,0.0036672495
3530,0.0193650982,0.0023021070
4126,0.0081468259,0.0033437698
1781,0.0046412090,0.0256454335
3412,0.0090700651,0.0053455423
3474,0.0009140679,0.0000000000
3845,0.0008696879,0.0489658506
4462,0.0061394757,0.0000000000
603,0.0000000000,0.0219094914
715,0.0048276686,0.0180721577
2387,0.0056586653,0.0037217610
3452,0.0085168080,0.0000000000
3509,0.0293330986,0.0139517931
4390,0.0188773656,0.0019319169
3071,0.0007227437,0.0000000000
3083,0.0108812121,0.0116280467
4363,0.0032819013,0.0000000000
605,0.0000000000,0.0042120076
803,0.0009280990,0.0203788145
1825,0.0009280990,0.0200138353
2479,0.0021635410,0.0004903355
2494,0.0074451427,0.0016076968
4358,0.0076505193,0.0000000000
606,0.0000000000,0.0090392502
2967,0.0183837668,0.0000000000
2130,0.0064028403,0.0035852209
4613,0.0143449258,0.0000000000
3275,0.0355265970,0.0108400811
3511,0.0287385004,0.0000000000
3937,0.0170333624,0.0000000000
1350,0.0000000000,0.0082445054
1410,0.0000000000,0.0143555130
610,0.0000000000,0.0188687252
1317,0.0044149785,0.0149830791
4585,0.0125109526,0.0000000000
4953,0.0230094267,0.0000000000
611,0.0000000000,0.0037988031
2280,0.0029713891,0.0152098577
3986,0.0094882570,0.0033665010
612,0.0000000000,0.0197121363
2898,0.0068862453,0.0011781483
3529,0.0370419331,0.0075381952
3582,0.0043434902,0.0013819218
4220,0.0229963601,0.0000000000
613,0.0000000000,0.0012655653
2211,0.0026010646,0.0059343598
2308,0.0031424673,0.0027737527
614,0.0000000000,0.0242329785
846,0.0053396396,0.0011678477
2342,0.0053396396,0.0046054140
4083,0.0056121217,0.0000000000
1325,0.0008679891,0.0040707659
1476,0.0020493250,0.0026741989
1747,0.0008679891,0.0086917056
4838,0.0140920731,0.0000000000
4339,0.0067890931,0.0021211023
617,0.0000000000,0.0245951940
3146,0.0139076854,0.0021241297
1246,0.0012956835,0.0226926362
1663,0.0045576090,0.0155874733
2348,0.0046351263,0.0066457993
908,0.0130491662,0.0066098510
1786,0.0130491662,0.0055733333
620,0.0000000000,0.0232644669
1948,0.0156086635,0.0207660734
4468,0.0178597417,0.0043679951
4544,0.0119388839,0.0034583263
692,0.0217494150,0.0031633461
1544,0.0217494150,0.0000000000
4089,0.0737648500,0.0035723013
4505,0.0365470545,0.0064037894
1283,0.0073387325,0.0125726470
4729,0.0406185003,0.0000000000
3363,0.0116996851,0.0038674786
4569,0.0053052020,0.0000000000
4951,0.0084003611,0.0000000000
624,0.0000000000,0.0212588403
3259,0.0165484748,0.0041808655
3167,0.0248476116,0.0077356857
627,0.0000000000,0.0090315691
2634,0.0075435951,0.0036892346
3347,0.0027523884,0.0077970147
4830,0.0132972995,0.0000000000
628,0.0000000000,0.0293166974
1012,0.0124517144,0.0089400783
1398,0.0064598167,0.0329623303
2448,0.0197261294,0.0188561903
629,0.0000000000,0.0203347996
801,0.0044806915,0.0292297202
1445,0.0044806915,0.0066068199
3361,0.0159454883,0.0000000000
4071,0.0239021282,0.0000000000
4869,0.0097263219,0.0000000000
630,0.0000000000,0.0126257506
3337,0.0212735070,0.0076082367
632,0.0000000000,0.0141592967
842,0.0031199442,0.0073607582
1051,0.0059831230,0.0117526520
1163,0.0031199442,0.0176418837
2029,0.0043115331,0.0039022790
3318,0.0200673618,0.0027633269
4803,0.0032791552,0.0000000000
4121,0.0119036675,0.0138328526
1172,0.0150506812,0.0103998659
1961,0.0100670060,0.0201215280
2859,0.0276695805,0.0217160701
3324,0.0203890245,0.0000000000
3417,0.0281053059,0.0015909808
1578,0.0039389180,0.0074328175
2054,0.0114091238,0.0124014554
4088,0.0120298226,0.0000701365
636,0.0000000000,0.0170435072
1741,0.0037554685,0.0126530692
1802,0.0089304988,0.0187675598
2208,0.0148129179,0.0010420344
3984,0.0153307224,0.0000000000
637,0.0000000000,0.0234061596
2158,0.0254255910,0.0058273435
2243,0.0063638399,0.0226076241
3010,0.0092128388,0.0000000000
3150,0.0222906928,0.0031723093
3288,0.0152583077,0.0012980812
4181,0.0079347934,0.0022668768
4258,0.0051574534,0.0000000000
638,0.0000000000,0.0072505105
4142,0.0067010553,0.0000000000
639,0.0000000000,0.0168057952
1365,0.0043323717,0.0170741735
640,0.0000000000,0.0017631677
3478,0.0012708278,0.0004420300
689,0.0045167106,0.0083072190
2109,0.0113821585,0.0239654775
3878,0.0335986521,0.0000000000
642,0.0000000000,0.0016171775
1569,0.0024853117,0.0000000000
2471,0.0003563386,0.0010424110
4770,0.0044976185,0.0027824266
672,0.0017550854,0.0061569637
791,0.0017550854,0.0091915973
3831,0.0128324111,0.0013481876
644,0.0000000000,0.0311326599
2100,0.0117448018,0.0165357126
3256,0.0073598624,0.0020637492
3293,0.0682126430,0.0059805918
1850,0.0060525069,0.0286707362
2607,0.0194947902,0.0078347376
4025,0.0056135348,0.0011305491
4916,0.0324412390,0.0000000000
646,0.0000000000,0.0051206749
1379,0.0054968374,0.0083118209
1504,0.0059955193,0.0081084503
2388,0.0011283202,0.0126110206
2595,0.0033414802,0.0125668904
647,0.0000000000,0.0047306205
1409,0.0010423733,0.0028175110
3063,0.0092458796,0.0003393002
4794,0.0084567349,0.0000000000
793,0.0018316351,0.0016566457
3209,0.0092451286,0.0029974630
4032,0.0014222452,0.0000000000
748,0.0011281848,0.0072299413
2989,0.0025156387,0.0004359483
1490,0.0025032716,0.0003198750
1518,0.0030301501,0.0000000000
3032,0.0034755892,0.0045114184
3065,0.0025032716,0.0026390305
4245,0.0099270179,0.0000000000
651,0.0000000000,0.0467611649
4655,0.0548534576,0.0000000000
652,0.0000000000,0.0257395962
4324,0.0201473673,0.0000000000
653,0.0000000000,0.0139316732
654,0.0000000000,0.0156598664
4442,0.0134214612,0.0000000000
655,0.0000000000,0.0411706791
2564,0.0232798253,0.0504386643
2920,0.0090717940,0.0096371260
656,0.0000000000,0.0036629287
863,0.0008071117,0.0296018973
1452,0.0008071117,0.0017759898
1506,0.0008071117,0.0025330788
657,0.0000000000,0.0017779481
1150,0.0180770200,0.0423119860
2626,0.0102662410,0.0149944487
2958,0.0180490105,0.0045974355
3270,0.0417966830,0.0016693936
3524,0.0322479291,0.0173456304
3592,0.0130939507,0.0211162811
1557,0.0021672719,0.0203917872
4388,0.0386508693,0.0000000000
662,0.0000000000,0.0010004641
663,0.0000000000,0.0099500210
1261,0.0021924472,0.0085429789
2311,0.0037856139,0.0254155780
2621,0.0024690991,0.0093624312
3490,0.0080571661,0.0041607806
4403,0.0039308763,0.0030940941
808,0.0005859945,0.0153647255
3853,0.0005859945,0.0000000000
665,0.0000000000,0.0054763958
2339,0.0073826767,0.0029944388
2575,0.0102499076,0.0059915658
4734,0.0023534163,0.0000000000
666,0.0000000000,0.0098812928
3656,0.0045894650,0.0064485781
4268,0.0113732930,0.0000000000
667,0.0000000000,0.0071754831
1106,0.0099801813,0.0094669137
1780,0.0095633417,0.0085649672
668,0.0000000000,0.0036946396
1376,0.0069509423,0.0012629967
670,0.0000000000,0.0291686446
3164,0.0146401995,0.0303544248
671,0.0000000000,0.0202704374
4977,0.0206480335,0.0000000000
962,0.0013566623,0.0074361233
1940,0.0265856440,0.0219192272
673,0.0000000000,0.0184778681
749,0.0040715241,0.0000000000
754,0.0040715241,0.0198257169
1041,0.0040715241,0.0071701475
2673,0.0040715241,0.0290293405
3446,0.0397917490,0.0000000000
674,0.0000000000,0.0109625573
737,0.0024155555,0.0054824497
967,0.0024155555,0.0162797269
1592,0.0044218921,0.0105710337
2452,0.0105802549,0.0059991777
756,0.0022983678,0.0098202596
4878,0.0100428318,0.0000000000
677,0.0000000000,0.0087294399
1241,0.0019234971,0.0262837399
4487,0.0166327771,0.0000000000
678,0.0000000000,0.0019181506
2844,0.0202350819,0.0155118221
680,0.0000000000,0.0095162343
3314,0.0090639043,0.0025332410
4930,0.0341237313,0.0000000000
1759,0.0078888141,0.0000000000
1820,0.0042631098,0.0072541277
3212,0.0117746319,0.0016865323
3245,0.0292044419,0.0046903738
682,0.0000000000,0.0194410277
683,0.0000000000,0.0283312205
3053,0.0437119039,0.0131965678
684,0.0000000000,0.0319934763
1699,0.0099627493,0.0094211759
3210,0.0070496342,0.0000000000
1141,0.0015702629,0.0245802651
686,0.0000000000,0.0306994776
2205,0.0209987897,0.0045974355
2541,0.0078411830,0.0033213397
2914,0.0115906667,0.0021911730
4113,0.0176211163,0.0000000000
687,0.0000000000,0.0045446954
1201,0.0010014054,0.0218352102
2639,0.0010014054,0.0105202908
3276,0.0186224376,0.0060169833
1459,0.0000905157,0.0107784086
2476,0.0071042794,0.0000000000
690,0.0000000000,0.0000000000
1591,0.0000000000,0.0048320428
691,0.0000000000,0.0159607997
3740,0.0074498701,0.0048824080
4677,0.0143562577,0.0015569260
728,0.0009855288,0.0930251884
3954,0.0085868345,0.0245892599
694,0.0000000000,0.0091053917
3455,0.0020063365,0.0029638159
695,0.0000000000,0.0151773554
2067,0.0033442694,0.0259935335
696,0.0000000000,0.0000000000
1231,0.0000000000,0.0233185423
3034,0.0034493350,0.0014475428
4414,0.0173940865,0.0000000000
4889,0.0163975193,0.0000000000
698,0.0000000000,0.0015856619
1280,0.0051979686,0.0107154978
4644,0.0019982813,0.0000000000
2916,0.0120041453,0.0130885043
3771,0.0167860195,0.0000000000
1697,0.0030279887,0.0237775496
2738,0.0150674845,0.0082614806
701,0.0000000000,0.0123419630
847,0.0041581343,0.0096195585
1295,0.0032308766,0.0106607197
4563,0.0032308766,0.0000000000
703,0.0000000000,0.0204735478
3352,0.0045112642,0.0160456265
3891,0.0191889987,0.0001963729
704,0.0000000000,0.0065423580
4708,0.0221954628,0.0000000000
4944,0.0074958347,0.0000000000
2236,0.0213384070,0.0016419718
2907,0.0183340328,0.0192433496
3332,0.0462714861,0.0000000000
4793,0.0204588558,0.0000000000
4845,0.0385161552,0.0000000000
4954,0.0270401408,0.0000000000
706,0.0000000000,0.0029378576
2580,0.0075411625,0.0029483599
3161,0.0057917598,0.0010056999
1062,0.0065296466,0.0000000000
1717,0.0141948803,0.0171447627
4436,0.0221987197,0.0046132218
4735,0.0185576538,0.0000000000
4759,0.0116135022,0.0000000000
710,0.0017535997,0.0408037759
1501,0.0062985661,0.0058926745
2597,0.0017535997,0.0065041720
4713,0.0120089836,0.0000000000
709,0.0000000000,0.0022687303
2702,0.0011047191,0.0067497827
3021,0.0089909484,0.0004818854
3908,0.0164026306,0.0014729575
711,0.0000000000,0.0184846768
3608,0.0057092876,0.0078365112
4434,0.0098316231,0.0019058659
712,0.0000000000,0.0078644187
1147,0.0017328931,0.0186659146
2433,0.0017328931,0.0102589006
2734,0.0068935334,0.0041587379
3103,0.0049675403,0.0106409612
713,0.0000000000,0.0088485747
1936,0.0127977742,0.0059121751
2408,0.0067306967,0.0148792467
1897,0.0086066682,0.0072380243
3307,0.0208081052,0.0118194349
4635,0.0156949697,0.0011638097
1842,0.0039821275,0.0000000000
3064,0.0379883188,0.0083098359
3118,0.0305394467,0.0162118860
4856,0.0095072414,0.0000000000
716,0.0000000000,0.0268876127
1110,0.0059245776,0.0004360247
1616,0.0118310960,0.0178202377
2198,0.0059245776,0.0099358855
4959,0.0200030711,0.0000000000
2361,0.0031802095,0.0173189173
2980,0.0026308430,0.0053224377
4496,0.0155891419,0.0000000000
718,0.0000000000,0.0191208440
4350,0.0137579776,0.0033955847
719,0.0000000000,0.0068201677
3806,0.0054151207,0.0000000000
720,0.0000000000,0.0148784253
3484,0.0138826413,0.0111608628
826,0.0033488007,0.0109040500
887,0.0033488007,0.0254563656
1139,0.0185731514,0.0067400199
1539,0.0065314066,0.0191814650
2215,0.0080321545,0.0041048700
2405,0.0136265538,0.0054638772
2502,0.0079510796,0.0000000000
3294,0.0244585326,0.0136825243
723,0.0000000000,0.0047428891
926,0.0059047694,0.0033728723
1867,0.0071297104,0.0127303178
3105,0.0049177248,0.0147864895
1307,0.0032846010,0.0228905826
2234,0.0032846010,0.0170918278
4661,0.0157310967,0.0040699845
1632,0.0106349633,0.0167584204
3101,0.0103149970,0.0000000000
726,0.0000000000,0.0186480605
1613,0.0048888679,0.0137035908
2279,0.0005145429,0.0099582829
2600,0.0006078294,0.0000000000
2815,0.0089607652,0.0100708768
3160,0.0005145429,0.0012980812
2950,0.0410671649,0.0128672920
4632,0.0295573225,0.0028077601
3926,0.0044586449,0.0007267926
2520,0.0087710921,0.0050807334
2609,0.0024053024,0.0030304991
3667,0.0091924974,0.0033309972
4760,0.0059391263,0.0000000000
731,0.0000000000,0.0087006750
1260,0.0051669556,0.0302292116
1405,0.0019171588,0.0183026755
2051,0.0089671645,0.0140079630
4420,0.0150296337,0.0000000000
732,0.0000000000,0.0028790278
3641,0.0104691206,0.0000000000
3995,0.0025968098,0.0000000000
733,0.0000000000,0.0078195885
4232,0.0035168466,0.0009918296
734,0.0000000000,0.0044577780
2369,0.0053981746,0.0066253436
1492,0.0098024703,0.0555381599
1912,0.0067818213,0.0147353570
2375,0.0116770140,0.0187553239
2922,0.0064154437,0.0069739845
3543,0.0290031004,0.0038898889
4674,0.0152850304,0.0000000000
3666,0.0155587491,0.0021011183
3938,0.0045666147,0.0000000000
4144,0.0084452290,0.0000000000
1075,0.0084882330,0.0130761972
4795,0.0234821066,0.0000000000
3642,0.0138178302,0.0020136629
4935,0.0126275311,0.0000000000
740,0.0000000000,0.0021889611
968,0.0052091796,0.0136753850
1499,0.0025683253,0.0042772917
3964,0.0021566982,0.0000000000
741,0.0000000000,0.0071241533
957,0.0015697786,0.0212482519
4291,0.0051307841,0.0041118689
4491,0.0256311398,0.0020807749
1589,0.0084890764,0.0301972790
1733,0.0251661654,0.0059090375
743,0.0000000000,0.0006547341
744,0.0000000000,0.0028434153
2085,0.0023331594,0.0110230377
747,0.0000000000,0.0198167110
3626,0.0072887152,0.0036347904
2417,0.0176282992,0.0394780992
2680,0.0122655883,0.0090875347
4386,0.0096514492,0.0000000000
751,0.0000000000,0.0058095825
948,0.0012801182,0.0186123705
1938,0.0070878911,0.0093683685
752,0.0000000000,0.0269311167
3110,0.0114075873,0.0017018098
3969,0.0305585468,0.0058031133
753,0.0000000000,0.0270675149
3097,0.0237052677,0.0005609363
3144,0.0059642184,0.0015211013
4269,0.0210898611,0.0000000000
755,0.0000000000,0.0268476066
2041,0.0059157624,0.0251907611
2224,0.0064497620,0.0042557544
4008,0.0084365135,0.0000000000
4262,0.0140383779,0.0000000000
2079,0.0021638548,0.0142555206
3648,0.0320181536,0.0014837651
892,0.0015774490,0.0000000000
3017,0.0093765528,0.0000000000
3719,0.0076309201,0.0044157290
4154,0.0067491913,0.0000000000
4500,0.0015774490,0.0000000000
758,0.0000000000,0.0556443370
958,0.0122610065,0.0007730298
4547,0.0431371877,0.0000000000
3549,0.0021672512,0.0053782641
4858,0.0056953540,0.0000000000
760,0.0000000000,0.0243361068
4064,0.0159936671,0.0038033603
4331,0.0089646503,0.0034870189
1342,0.0058396441,0.0375406748
1991,0.0069079444,0.0094443040
2272,0.0092325939,0.0007826876
4494,0.0148734555,0.0056657303
762,0.0000000000,0.0092560262
2509,0.0020395283,0.0065016939
3600,0.0030526307,0.0008822111
3466,0.0087657016,0.0044183261
3675,0.0066953996,0.0014788603
4974,0.0328492513,0.0000000000
764,0.0000000000,0.0062249218
1748,0.0013716366,0.0082704782
3907,0.0090678620,0.0000000000
860,0.0035870003,0.0012747033
1412,0.0035870003,0.0478524401
2704,0.0086395579,0.0093954330
4068,0.0137533728,0.0000000000
4728,0.0167428814,0.0020777283
1436,0.0043842735,0.0481986776
2422,0.0060744493,0.0019528757
2957,0.0087486457,0.0044570568
3457,0.0105643760,0.0000000000
4168,0.0094993391,0.0216994050
4716,0.0086584413,0.0000000000
767,0.0000000000,0.0054420778
1738,0.0011991400,0.0020006191
768,0.0000000000,0.0011388537
2088,0.0051684801,0.0187416442
769,0.0000000000,0.0061305388
2969,0.0014197730,0.0260451531
3573,0.0150966913,0.0000000000
4908,0.0053399265,0.0000000000
770,0.0000000000,0.0158574013
4370,0.0109968940,0.0000000000
1104,0.0014386322,0.0132709250
1451,0.0015120457,0.0069033751
1789,0.0056651911,0.0069615442
772,0.0000000000,0.0127109978
1235,0.0028008174,0.0050657114
4272,0.0212920773,0.0094806561
1819,0.0005366240,0.0009518124
2329,0.0017430105,0.0116830458
774,0.0000000000,0.0074963560
4707,0.0094314087,0.0000000000
3124,0.0161809528,0.0115154852
4662,0.0104476597,0.0000000000
776,0.0000000000,0.0091081715
914,0.0020069491,0.0037998439
4129,0.0113883264,0.0044616819
4854,0.0191214354,0.0000000000
988,0.0079547672,0.0039496159
3377,0.0473648806,0.0032623980
4143,0.0105142995,0.0000000000
4651,0.0100326423,0.0000000000
837,0.0032751869,0.0115569662
1477,0.0032751869,0.0022826453
1560,0.0043235881,0.0146665170
779,0.0000000000,0.0118875423
2165,0.0092027317,0.0127189205
2737,0.0084198333,0.0000000000
780,0.0000000000,0.0013588091
2223,0.0011429027,0.0072810658
3796,0.0050237982,0.0000000000
3035,0.0197615820,0.0054910867
4111,0.0045261320,0.0000000000
4219,0.0286150384,0.0030993706
783,0.0000000000,0.0235004403
922,0.0075808915,0.0397650115
3579,0.0188736520,0.0000000000
3111,0.0090554064,0.0000911959
3538,0.0318851811,0.0145425590
785,0.0000000000,0.0089827295
3039,0.0101655276,0.0078860920
786,0.0000000000,0.0233490580
2757,0.0116328029,0.0585980395
3917,0.0121399392,0.0000000000
4075,0.0327451106,0.0085165365
4174,0.0336204607,0.0072978183
787,0.0000000000,0.0128453625
1580,0.0028304241,0.0050522742
1594,0.0058700962,0.0238483208
1601,0.0028304241,0.0058133254
1960,0.0028304241,0.0000000000
788,0.0000000000,0.0092747365
2635,0.0020436510,0.0066228504
2928,0.0090389666,0.0092503911
4658,0.0230579980,0.0025958269
789,0.0000000000,0.0146258200
1923,0.0063010856,0.0071246323
3185,0.0093552236,0.0170917565
2791,0.0080624834,0.0170390323
2798,0.0123329301,0.0111270814
4555,0.0140195952,0.0000000000
792,0.0000000000,0.0198734970
1950,0.0060219229,0.0266812853
2658,0.0130942078,0.0030145464
4300,0.0182494226,0.0110337397
2220,0.0045914204,0.0037422925
3355,0.0029269588,0.0104376971
794,0.0000000000,0.0117003109
881,0.0049807803,0.0042921893
1198,0.0051934535,0.0326173046
1512,0.0025781166,0.0138336276
2840,0.0176327427,0.0041555598
3539,0.0056667652,0.0000000000
4575,0.0125753779,0.0000000000
796,0.0000000000,0.0063921728
1810,0.0014084896,0.0033310329
2075,0.0215487081,0.0064968349
797,0.0000000000,0.0054749649
1647,0.0022084063,0.0080505919
1928,0.0012063866,0.0079650712
4863,0.0030378630,0.0000000000
798,0.0000000000,0.0123117890
3418,0.0128025456,0.0000000000
3638,0.0118942081,0.0129719472
3844,0.0082786761,0.0053853873
2026,0.0108668468,0.0210448919
2653,0.0164079160,0.0065016939
3341,0.0184939876,0.0189337908
4597,0.0283655510,0.0049915535
802,0.0000000000,0.0029190134
1390,0.0006431929,0.0335705372
4630,0.0011075625,0.0059733684
1415,0.0282323766,0.0286356276
804,0.0000000000,0.0000369917
805,0.0000000000,0.0273633795
1267,0.0060294109,0.0004247814
2549,0.0083584873,0.0015400904
4182,0.0177531565,0.0000000000
894,0.0059918977,0.0335733485
1171,0.0086067692,0.0033561302
1289,0.0157033119,0.0303157616
1318,0.0112552418,0.0027897964
3044,0.0168967999,0.0000000000
3522,0.0295858251,0.0032133118
3780,0.0425631619,0.0021094826
4418,0.0051662576,0.0010957003
809,0.0000000000,0.0224185648
3699,0.0347223696,0.0009892936
4275,0.0455405073,0.0000000000
1556,0.0033377681,0.0088308778
2649,0.0071266201,0.0027545804
812,0.0000000000,0.0046434815
1248,0.0010231725,0.0158501945
2765,0.0065134248,0.0067404700
813,0.0000000000,0.0100964845
4927,0.0314618333,0.0000000000
814,0.0000000000,0.0097670215
1266,0.0021521240,0.0043841159
4348,0.0122242893,0.0016015618
4548,0.0147743325,0.0000000000
1678,0.0099835904,0.0125793863
2212,0.0058478493,0.0049573543
3420,0.0295976391,0.0000000000
4470,0.0065752642,0.0000000000
4467,0.0037978758,0.0000000000
4899,0.0037051192,0.0000000000
1380,0.0088362048,0.0209687131
1930,0.0031047967,0.0156854011
818,0.0000000000,0.0310109190
953,0.0068331316,0.0083474427
2699,0.0115009195,0.0256877562
2891,0.0068331316,0.0028434153
4715,0.0088433818,0.0000000000
3342,0.0058911075,0.0012819799
821,0.0000000000,0.0059584250
1533,0.0018242480,0.0136444462
1877,0.0018242480,0.0331834026
3621,0.0074087942,0.0000000000
4208,0.0229328604,0.0144465248
823,0.0000000000,0.0127224571
1351,0.0142466667,0.0062435914
1766,0.0087463434,0.0290203265
4747,0.0146027972,0.0033878010
824,0.0000000000,0.0047579772
1962,0.0010484012,0.0067608505
3334,0.0029643309,0.0090960602
3526,0.0078878004,0.0052299661
825,0.0000000000,0.0359135154
4714,0.0170465487,0.0000000000
4985,0.0287870581,0.0000000000
2724,0.0077859554,0.0144462972
827,0.0000000000,0.0014886125
1776,0.0003280098,0.0012468868
3311,0.0064277728,0.0103688170
3330,0.0076094776,0.0000000000
829,0.0000000000,0.0003251931
830,0.0000000000,0.0154821676
1629,0.0111114021,0.0026469461
3066,0.0142947294,0.0055797463
4061,0.0083487595,0.0000000000
4423,0.0047833309,0.0000000000
4786,0.0158591373,0.0000000000
3480,0.0140570980,0.0017753648
833,0.0000000000,0.0160265837
1103,0.0035313934,0.0255233941
2179,0.0161288664,0.0028076218
2577,0.0040944060,0.0000000000
2583,0.0127252053,0.0070006994
2910,0.0152397565,0.0000000000
2117,0.0060975771,0.0304646129
2319,0.0138604519,0.0029062932
2589,0.0071786458,0.0199505731
4692,0.0256367603,0.0000000000
836,0.0000000000,0.0025551294
1115,0.0005630125,0.0097085665
4643,0.0005630125,0.0101678917
1841,0.0043320341,0.0088041061
3994,0.0210195169,0.0272583687
4044,0.0059216696,0.0000000000
839,0.0000000000,0.0016723901
2014,0.0131926400,0.0073180295
2345,0.0038706704,0.0072137909
1378,0.0047937318,0.0182638553
3508,0.0075573285,0.0071483155
4561,0.0085978343,0.0008859245
843,0.0000000000,0.0035943757
876,0.0007920063,0.0428211880
1687,0.0007920063,0.0101921988
844,0.0000000000,0.0101631551
1914,0.0062273416,0.0030076913
1955,0.0027423822,0.0295776446
845,0.0000000000,0.0080538525
1381,0.0002573306,0.0075422781
936,0.0021196311,0.0011531826
2376,0.0029651047,0.0081571020
2518,0.0027158146,0.0000000000
3438,0.0082491079,0.0120992115
4369,0.0156645024,0.0000000000
4588,0.0043527565,0.0042430943
2654,0.0047975814,0.0075893474
4265,0.0228010290,0.0049554063
851,0.0000000000,0.0190800798
2952,0.0077010517,0.0324713749
4967,0.0052515408,0.0000000000
4027,0.0077247617,0.0000000000
4080,0.0141108413,0.0036851212
853,0.0000000000,0.0092485387
1631,0.0020378784,0.0078984314
2708,0.0215921598,0.0111145331
2483,0.0370936819,0.0011191828
2624,0.0177121255,0.0138381970
2782,0.0272233118,0.0053273537
3447,0.0181485458,0.0141776043
3559,0.0207823727,0.0000000000
4649,0.0449718682,0.0046937121
855,0.0000000000,0.0223566178
1626,0.0068683408,0.0015270481
1942,0.0014764130,0.0033566726
2711,0.0021328490,0.0000000000
2759,0.0020922034,0.0134973901
3477,0.0081071739,0.0134718146
4750,0.0116063294,0.0000000000
902,0.0000000000,0.0042127577
3181,0.0031972640,0.0013930825
3843,0.0116541265,0.0027114304
861,0.0000000000,0.0320315845
3233,0.0123280649,0.0037400733
4540,0.0297887457,0.0000000000
2669,0.0034555931,0.0000000000
3687,0.0127494129,0.0000000000
4693,0.0051357648,0.0065321891
1217,0.0065226594,0.0094650422
4438,0.0088874427,0.0000000000
3540,0.0037741012,0.0084124682
865,0.0000000000,0.0503484958
1552,0.0110940891,0.0265645790
2637,0.0236142456,0.0080469192
866,0.0000000000,0.0020678138
2255,0.0020206141,0.0123737656
1129,0.0042671429,0.0097410230
3149,0.0231489297,0.0131264231
4396,0.0332115463,0.0000000000
868,0.0000000000,0.0133892145
1192,0.0091230444,0.0074903019
1550,0.0055454677,0.0000000000
4757,0.0106781190,0.0000000000
870,0.0000000000,0.0037926686
1021,0.0004059318,0.0356632529
890,0.0035552521,0.0137590522
2915,0.0132845987,0.0052804956
873,0.0000000000,0.0025541202
1529,0.0005627901,0.0114891918
2015,0.0011641525,0.0045949424
4657,0.0142997577,0.0015918078
4753,0.0052763743,0.0000000000
875,0.0000000000,0.0188761442
2493,0.0193837295,0.0240875010
2629,0.0150225815,0.0002011367
4816,0.0290198203,0.0000000000
2296,0.0222049725,0.0202154491
2610,0.0108198389,0.0075156044
1341,0.0038653309,0.0168105494
2605,0.0062628173,0.0048419686
4602,0.0079158625,0.0000000000
879,0.0000000000,0.0109929345
3278,0.0171774687,0.0132037509
880,0.0000000000,0.0220548274
2665,0.0177749317,0.0000000000
4591,0.0072683937,0.0000000000
4879,0.0114032415,0.0000000000
978,0.0009457667,0.0000000000
882,0.0000000000,0.0079731429
4020,0.0237352408,0.0110783607
1775,0.0089838409,0.0075717743
2656,0.0057407252,0.0124559061
2789,0.0074967488,0.0036570340
884,0.0000000000,0.0013677986
2628,0.0079801915,0.0136292956
2781,0.0193881376,0.0155300793
2394,0.0092661468,0.0046900056
2770,0.0136446892,0.0173168488
3975,0.0218191068,0.0000000000
888,0.0000000000,0.0156159476
1874,0.0092350094,0.0000000000
4896,0.0451949839,0.0000000000
3090,0.0155276867,0.0044945520
3644,0.0061491332,0.0000000000
1013,0.0126199350,0.0143732536
1290,0.0126199350,0.0006772664
2888,0.0283656928,0.0106083771
3367,0.0440748571,0.0049442925
3396,0.0393813634,0.0129679873
893,0.0000000000,0.0075637915
2459,0.0016666511,0.0247415895
3349,0.0211106693,0.0117283236
943,0.0073977527,0.0012286353
4477,0.0298450536,0.0000000000
895,0.0000000000,0.0220874092
3137,0.0344428569,0.0000000000
4033,0.0048668721,0.0091434389
4274,0.0137289741,0.0000000000
4554,0.0067077122,0.0052459634
1617,0.0049851367,0.0249968501
2390,0.0094233640,0.0000000000
897,0.0000000000,0.0140508346
2252,0.0030960451,0.0118379353
3125,0.0083767419,0.0005094863
3373,0.0191012736,0.0184284727
3672,0.0068806691,0.0000000000
4156,0.0263125040,0.0144618387
1937,0.0029522550,0.0594191762
2098,0.0029522550,0.0038720913
2146,0.0267791539,0.0002543090
2517,0.0032289069,0.0000000000
4252,0.0104762202,0.0013744214
1096,0.0011507083,0.0158090037
4048,0.0061267340,0.0000000000
3630,0.0087243929,0.0030224592
1427,0.0244940852,0.0026042026
3924,0.0316018607,0.0000000000
1618,0.0024766691,0.0227438769
3096,0.0106725599,0.0028680421
3442,0.0109435391,0.0000000000
4610,0.0113624293,0.0000000000
907,0.0000000000,0.0065832203
2807,0.0283521154,0.0089451955
4608,0.0015246096,0.0000000000
3980,0.0076560970,0.0062949435
909,0.0000000000,0.0141969257
992,0.0031282357,0.0191806767
910,0.0000000000,0.0209174967
1818,0.0071987362,0.0074359519
3279,0.0046090865,0.0120469124
4827,0.0282689376,0.0000000000
3870,0.0004457399,0.0061849862
1648,0.0060846339,0.0140526189
2890,0.0224604923,0.0169352785
3025,0.0063951333,0.0087724154
2214,0.0051250773,0.0064709349
915,0.0000000000,0.0170232759
3857,0.0109987364,0.0010784368
916,0.0000000000,0.0114831530
1833,0.0237075214,0.0150463767
917,0.0000000000,0.0323469043
960,0.0037478347,0.0137147801
1859,0.0048245109,0.0066704436
2038,0.0030531251,0.0028923583
920,0.0000000000,0.0032724975
1118,0.0007210817,0.0140890402
1979,0.0008864400,0.0001262238
1181,0.0258635449,0.0065502864
1844,0.0684477058,0.0096760146
3069,0.0368814176,0.0028887929
924,0.0000000000,0.0021630042
2052,0.0053064231,0.0128990129
2395,0.0029799672,0.0198796136
3488,0.0015299974,0.0291149026
925,0.0000000000,0.0494804831
2338,0.0123586123,0.0105243869
3113,0.0329729043,0.0031446838
4209,0.0296447523,0.0034662852
4524,0.0359366520,0.0038189543
3114,0.0018199547,0.0024599736
4727,0.0038035758,0.0028780228
3814,0.0096343875,0.0000000000
1413,0.0087151625,0.0165532997
2042,0.0114741697,0.0182489151
4184,0.0267569229,0.0108640033
929,0.0000000000,0.0025611116
4738,0.0045486676,0.0000000000
3791,0.0190760565,0.0006099242
931,0.0000000000,0.0268056542
4400,0.0257372969,0.0033117204
4551,0.0096399609,0.0000000000
4685,0.0162442320,0.0000000000
932,0.0000000000,0.0062052401
1865,0.0014370732,0.0119721126
933,0.0000000000,0.0028501227
1654,0.0006280131,0.0108905990
4659,0.0080395986,0.0029300113
3966,0.0162834092,0.0000000000
3518,0.0052335019,0.0007424271
3627,0.0059860817,0.0005912389
3977,0.0101792829,0.0077101031
1210,0.0046155552,0.0454135966
1900,0.0046155552,0.0080605965
2172,0.0088338436,0.0064559845
2286,0.0198825530,0.0026094128
3153,0.0090497074,0.0550529411
941,0.0000000000,0.0250985990
2076,0.0109400373,0.0102633323
942,0.0000000000,0.0121260481
2809,0.0033202403,0.0071301520
1091,0.0002707249,0.0066207360
944,0.0000000000,0.0076233364
4749,0.0070449349,0.0055723142
945,0.0000000000,0.0511519426
3237,0.0152164789,0.0039699632
3619,0.0132846387,0.0003843429
946,0.0000000000,0.0026116794
1321,0.0005754731,0.0069586816
1770,0.0069134605,0.0048010562
947,0.0000000000,0.0174747097
3578,0.0461207047,0.0082548337
1356,0.0041011612,0.0047973710
2124,0.0041011612,0.0168226373
3004,0.0201213694,0.0122299752
4565,0.0050430436,0.0000000000
949,0.0000000000,0.0335319528
1638,0.0073886313,0.0028209918
1784,0.0021087979,0.0032094489
2347,0.0041924747,0.0013662419
4562,0.0159127519,0.0000000000
2636,0.0114210312,0.0053881527
3531,0.0483114679,0.0003390564
3693,0.0137231372,0.0090508826
4495,0.0295067437,0.0000000000
952,0.0000000000,0.0035115386
4493,0.0047795737,0.0000000000
1250,0.0018393255,0.0435177779
4834,0.0264167927,0.0000000000
954,0.0000000000,0.0003128417
2707,0.0017509164,0.0105853090
2540,0.0127622980,0.0202807695
3392,0.0200377401,0.0206811649
3776,0.0171498374,0.0100346855
991,0.0046819671,0.0003331735
3394,0.0004367950,0.0264305895
4053,0.0030714558,0.0099050734
959,0.0000000000,0.0268299416
2360,0.0091472230,0.0036684061
4160,0.0120025293,0.0000000000
4553,0.0173315955,0.0000000000
3662,0.0059254445,0.0033910429
4004,0.0039002235,0.0000000000
4934,0.0326903243,0.0000000000
3705,0.0081814390,0.0000000000
3512,0.0081969981,0.0009359334
964,0.0000000000,0.0024020708
1684,0.0005292867,0.0080400472
4360,0.0046543708,0.0000000000
4375,0.0057176825,0.0083302524
4710,0.0058119347,0.0000000000
1829,0.0236346936,0.0039423905
3834,0.0159327292,0.0008399639
4907,0.0283246659,0.0000000000
3829,0.0126572854,0.0082655636
2150,0.0079768111,0.0000000000
3946,0.0172565490,0.0022743095
969,0.0000000000,0.0141378411
1183,0.0032028123,0.0048949141
2432,0.0326651086,0.0086108583
971,0.0000000000,0.0292921245
3192,0.0112653697,0.0258016728
972,0.0000000000,0.0198590021
1116,0.0043758515,0.0380917779
1128,0.0043758515,0.0003718416
2538,0.0235085822,0.0015549744
973,0.0000000000,0.0004818854
974,0.0000000000,0.0272593598
2182,0.0107219322,0.0136654293
2504,0.0099188353,0.0140612249
4805,0.0309547118,0.0000000000
1364,0.0020149099,0.0045714717
4956,0.0056311320,0.0000000000
3298,0.0048942997,0.0105506398
4454,0.0000000000,0.0000000000
979,0.0000000000,0.0067968185
1101,0.0014976517,0.0195195384
1710,0.0024957794,0.0468337789
980,0.0000000000,0.0042628242
981,0.0000000000,0.0066875907
2141,0.0016228167,0.0119045218
2195,0.0061344923,0.0016014383
1507,0.0062235660,0.0069116407
3824,0.0029259986,0.0000000000
2799,0.0048859450,0.0203759716
4922,0.0071275348,0.0000000000
986,0.0000000000,0.0001675798
987,0.0000000000,0.0126971256
1335,0.0008702820,0.0246501707
3449,0.0074261829,0.0000000000
4784,0.0096281455,0.0000000000
989,0.0000000000,0.0256031802
1094,0.0056415581,0.0122433141
2216,0.0056415581,0.0193994374
2072,0.0062807455,0.0053954536
2499,0.0055933417,0.0042180401
1797,0.0042263852,0.0210004004
3381,0.0081330269,0.0219342829
4205,0.0414955344,0.0000000000
993,0.0000000000,0.0106201631
2246,0.0065381901,0.0092370041
3555,0.0057318719,0.0036226712
995,0.0000000000,0.0199872574
2875,0.0051778392,0.0081514749
996,0.0000000000,0.0023911420
4731,0.0005537652,0.0000000000
2309,0.0156112088,0.0279863035
3822,0.0266270057,0.0000000000
4870,0.0173468847,0.0000000000
4965,0.0119242301,0.0000000000
4412,0.0180004379,0.0036133406
1002,0.0000000000,0.0058442634
3944,0.0033336762,0.0000000000
1004,0.0000000000,0.0099290248
3286,0.0083793040,0.0080740563
4036,0.0146336785,0.0000000000
1005,0.0000000000,0.0129940134
2078,0.0039853927,0.0062726159
3628,0.0041887667,0.0159256407
3154,0.0036874078,0.0000000000
1008,0.0000000000,0.0229171132
2542,0.0127149277,0.0053297368
4343,0.0098350179,0.0000000000
4582,0.0176399673,0.0000000000
3879,0.0020060690,0.0045278475
2377,0.0076777702,0.0039328200
1551,0.0112666046,0.0215834782
2828,0.0065275675,0.0022241696
3122,0.0080442506,0.0042967245
3404,0.0050938200,0.0092196971
4579,0.0189616910,0.0000000000
2467,0.0020834406,0.0075508748
3520,0.0308355690,0.0117816856
4546,0.0076540236,0.0014366972
1014,0.0000000000,0.0346647003
1628,0.0076382277,0.0183787488
2284,0.0214816208,0.0215547624
4198,0.0245700580,0.0000000000
4695,0.0209362526,0.0000000000
4541,0.0181447664,0.0091401216
1652,0.0061727846,0.0023506219
1750,0.0061727846,0.0303752304
2754,0.0113396470,0.0090701781
1479,0.0078669184,0.0019094737
2797,0.0077366697,0.0221475942
2302,0.0122102509,0.0015774985
4242,0.0157047768,0.0076156421
2125,0.0019595115,0.0086168059
4353,0.0045314999,0.0000000000
4836,0.0178179175,0.0000000000
1986,0.0036675801,0.0033673740
2102,0.0008454127,0.0081082298
4437,0.0053535306,0.0000000000
1024,0.0000000000,0.0074289334
1186,0.0013565325,0.0151374315
1713,0.0013565325,0.0104285903
1976,0.0054119180,0.0273682612
2139,0.0013565325,0.0019538744
1026,0.0000000000,0.0123267215
2232,0.0055009223,0.0042111776
1028,0.0000000000,0.0171567525
1889,0.0015686097,0.0027009005
2659,0.0073646779,0.0268374139
1030,0.0000000000,0.0392774038
1031,0.0000000000,0.0109698626
2341,0.0070695285,0.0213087268
2778,0.0083382551,0.0150458902
3001,0.0031336116,0.0081798514
3204,0.0136861915,0.0029320429
3817,0.0130216279,0.0028186190
1032,0.0000000000,0.0148110756
4084,0.0094628237,0.0007749229
1033,0.0000000000,0.0038353442
1516,0.0008451027,0.0022182241
3610,0.0102329055,0.0051407377
2519,0.0045375511,0.0000000000
3234,0.0051180258,0.0000000000
1038,0.0000000000,0.0092307940
1465,0.0020339684,0.0097584832
1182,0.0055919782,0.0098483717
2247,0.0079392737,0.0000000000
2475,0.0086821565,0.0106548287
2731,0.0134402089,0.0099163414
1043,0.0000000000,0.0140237067
1361,0.0030900675,0.0203891442
1045,0.0000000000,0.0075476110
3305,0.0163607923,0.0088656697
3955,0.0274288914,0.0197830753
1047,0.0000000000,0.0101994986
1577,0.0028302220,0.0201235893
4755,0.0162853348,0.0000000000
1048,0.0000000000,0.0075170080
1826,0.0026538850,0.0056079545
3874,0.0095095750,0.0009275161
3929,0.0074039459,0.0007826876
1085,0.0012096581,0.0038084919
1050,0.0000000000,0.0281102639
1158,0.0061939839,0.0552386641
2755,0.0061939839,0.0048377101
4055,0.0068444486,0.0066601780
1896,0.0046469793,0.0000000000
4474,0.0080910156,0.0000000000
3131,0.0225441479,0.0057113502
3295,0.0055415303,0.0135575940
4077,0.0123241187,0.0103428440
1124,0.0016275350,0.0049357712
1886,0.0020080625,0.0063741450
4411,0.0045917470,0.0000000000
4984,0.0106110979,0.0000000000
1482,0.0143656025,0.0027582982
1749,0.0097132392,0.0151554508
2811,0.0174628706,0.0116072136
3889,0.0410648119,0.0000000000
4314,0.0237498645,0.0000000000
1055,0.0000000000,0.0266654988
2529,0.0273903427,0.0074313017
4810,0.0111750254,0.0000000000
1057,0.0000000000,0.0248323131
4472,0.0336312282,0.0000000000
1058,0.0000000000,0.0130171424
4806,0.0186609916,0.0000000000
2295,0.0038234782,0.0117826670
3604,0.0027695010,0.0150680567
1892,0.0026153370,0.0204552707
2571,0.0160103906,0.0183616541
3781,0.0164166813,0.0038707968
2228,0.0019110625,0.0004191895
1064,0.0000000000,0.0242869810
3612,0.0024631040,0.0024102860
2352,0.0016482540,0.0014765500
1067,0.0000000000,0.0113610322
1536,0.0025033579,0.0232960677
1641,0.0062840988,0.0020386249
2368,0.0064267198,0.0027056697
2429,0.0047595332,0.0017345621
1068,0.0000000000,0.0051903447
1712,0.0040356116,0.0055512736
2962,0.0065092024,0.0158788611
3354,0.0042264770,0.0051344235
1069,0.0000000000,0.0177725886
2157,0.0051064782,0.0040482582
4446,0.0144729880,0.0000000000
3130,0.0043328307,0.0071407757
1673,0.0059898503,0.0102392392
1072,0.0000000000,0.0062926491
3589,0.0059807642,0.0044393942
1073,0.0000000000,0.0024409394
1716,0.0010960050,0.0078489868
1074,0.0000000000,0.0018569152
1917,0.0018354608,0.0036640515
4186,0.0037441093,0.0000000000
1076,0.0000000000,0.0045974355
1077,0.0000000000,0.0781335468
3645,0.0460682946,0.0045546750
1078,0.0000000000,0.0211185588
1315,0.0046533898,0.0514439034
1079,0.0000000000,0.0180614736
4700,0.0297802030,0.0000000000
4933,0.0089249153,0.0000000000
1080,0.0000000000,0.0011069749
3312,0.0072269543,0.0000000000
1083,0.0000000000,0.0174498082
1243,0.0072210631,0.0171582014
3388,0.0128370924,0.0000000000
3422,0.0157778374,0.0000000000
1680,0.0030007202,0.0107755341
2025,0.0058347998,0.0096236108
4725,0.0114493035,0.0000000000
1273,0.0192021071,0.0120701461
3700,0.0080681811,0.0066442623
1087,0.0000000000,0.0017382984
3172,0.0078889406,0.0131767665
1450,0.0000000000,0.0147609837
1667,0.0019289853,0.0111891515
4029,0.0103476277,0.0000000000
1092,0.0000000000,0.0165963481
3486,0.0245170005,0.0056711208
2832,0.0029725713,0.0076951446
2615,0.0000000000,0.0098771151
2466,0.0105325402,0.0056183256
3241,0.0093084197,0.0072305795
4988,0.0145898749,0.0000000000
1369,0.0043010520,0.0150075112
3759,0.0094480922,0.0108689447
4990,0.0109408119,0.0000000000
3339,0.0115199367,0.0011501080
3702,0.0107887095,0.0257575848
4697,0.0056239775,0.0000000000
4989,0.0237326605,0.0000000000
4011,0.0207148969,0.0000000000
1105,0.0000000000,0.0078880192
3019,0.0017380934,0.0030413717
1764,0.0063160158,0.0055446882
3199,0.0219551520,0.0032960972
1107,0.0000000000,0.0279720701
2107,0.0076512668,0.0091700874
2164,0.0112073815,0.0007625717
3761,0.0163853639,0.0181829605
3546,0.0034986869,0.0047106628
4532,0.0323338204,0.0007972068
1257,0.0020167733,0.0091627942
3564,0.0131782684,0.0130544922
1344,0.0000960763,0.0040130503
1521,0.0018827408,0.0000000000
2889,0.0201856713,0.0122891347
1113,0.0000000000,0.0160376457
2722,0.0309580492,0.0036859956
4305,0.0130252029,0.0000000000
1114,0.0000000000,0.0015487900
2034,0.0019790612,0.0000000000
2298,0.0050498417,0.0088463749
1996,0.0007786313,0.0230760812
4179,0.0437358737,0.0007719062
4542,0.0161105645,0.0000000000
4584,0.0040939264,0.0000000000
2903,0.0011534199,0.0074659961
1871,0.0049391781,0.0084028485
1121,0.0000000000,0.0024234594
1122,0.0000000000,0.0055591578
1903,0.0133251882,0.0135792137
4595,0.0009007019,0.0047292084
2420,0.0069037516,0.0128354217
1127,0.0000000000,0.0213957780
3646,0.0271715799,0.0018396153
4994,0.0098635198,0.0000000000
1130,0.0000000000,0.0118671165
4157,0.0139241889,0.0000000000
1131,0.0000000000,0.0000000000
1402,0.0000000000,0.0347872621
1132,0.0000000000,0.0015574979
3808,0.0003607013,0.0076705452
1963,0.0047154416,0.0105995549
3960,0.0062383939,0.0022387250
1134,0.0000000000,0.0112094501
4991,0.0190430666,0.0000000000
3391,0.0076248225,0.0150240727
1136,0.0000000000,0.0067424048
3155,0.0110323705,0.0000000000
1137,0.0000000000,0.0016880100
3945,0.0076607335,0.0064245188
3100,0.0105275183,0.0121648073
1340,0.0020304560,0.0199981186
2035,0.0054161629,0.0153721832
2045,0.0054161629,0.0121164631
2249,0.0104805851,0.0139770760
2310,0.0054161629,0.0096310728
1142,0.0000000000,0.0237160719
1895,0.0100378948,0.0109140495
3327,0.0317327844,0.0151164342
1143,0.0000000000,0.0186886876
1194,0.0041179774,0.0041871369
1920,0.0057347085,0.0330268311
2703,0.0157108246,0.0063192682
4028,0.0040940843,0.0017977077
4943,0.0219430530,0.0000000000
1146,0.0049634949,0.0153216667
2106,0.0087805165,0.0013921498
3905,0.0073128518,0.0000000000
4282,0.0085954789,0.0000000000
2838,0.0154461404,0.0000000000
3033,0.0211759448,0.0111864706
4145,0.0123053064,0.0007697873
1418,0.0093232764,0.0081210145
2848,0.0365964284,0.0035787260
1151,0.0000000000,0.0095909541
3637,0.0077547938,0.0027106726
4704,0.0062715967,0.0019486107
1154,0.0000000000,0.0079720390
3968,0.0114222533,0.0049055136
3993,0.0122327390,0.0000000000
2813,0.0170759872,0.0133276461
2366,0.0256269938,0.0047153029
3820,0.0045076796,0.0024231183
1160,0.0000000000,0.0038674278
4587,0.0025845048,0.0000000000
1161,0.0000000000,0.0525661467
2961,0.0115827396,0.0102317706
1162,0.0000000000,0.0007708316
4003,0.0034982755,0.0083717205
1165,0.0000000000,0.0104781864
3453,0.0067414375,0.0030697721
4000,0.0108992859,0.0022912566
4514,0.0379935883,0.0014357872
1169,0.0000000000,0.0055052489
2676,0.0079957862,0.0056047488
1170,0.0000000000,0.0288099476
1279,0.0063481564,0.0080968998
1925,0.0098301987,0.0165433594
2180,0.0119289873,0.0040361022
1275,0.0022915687,0.0366425198
4334,0.0094330822,0.0000000000
2945,0.0146784236,0.0010945768
2691,0.0029509481,0.0017491187
1743,0.0016479687,0.0312313111
4097,0.0182556751,0.0028780228
2037,0.0017524072,0.0271879991
3156,0.0145909915,0.0052667457
3400,0.0142333563,0.0000000000
2576,0.0077719833,0.0070982079
2893,0.0067269082,0.0000000000
4730,0.0067115158,0.0125738451
1363,0.0027325802,0.0058110533
2758,0.0088124434,0.0096725497
2953,0.0047866501,0.0044616819
2111,0.0010785747,0.0030065532
2285,0.0073683935,0.0023788729
4009,0.0101011779,0.0199507118
4104,0.0424828479,0.0000000000
1843,0.0151617427,0.0087601482
3246,0.0101470658,0.0065041720
3282,0.0170099306,0.0022946061
1189,0.0000000000,0.0079820651
2826,0.0081650828,0.0029520152
1191,0.0000000000,0.0134402787
4986,0.0038435516,0.0000000000
3503,0.0053183398,0.0000000000
1193,0.0000000000,0.0020103103
1944,0.0009226188,0.0136659033
3040,0.0009226188,0.0000000000
4243,0.0059185305,0.0000000000
3535,0.0114395650,0.0049442925
4847,0.0271404562,0.0000000000
1957,0.0058787740,0.0094991687
2585,0.0158152023,0.0088517961
4486,0.0075408738,0.0011638097
3883,0.0268195417,0.0000000000
2633,0.0188291888,0.0025094477
3219,0.0147121015,0.0031262740
3419,0.0134302556,0.0042372149
3782,0.0186276329,0.0026274449
3973,0.0118666959,0.0080748087
2009,0.0044902557,0.0032498522
1204,0.0000000000,0.0263243324
1207,0.0000000000,0.0138705554
1831,0.0036448836,0.0147094119
2803,0.0171196612,0.0093395347
1740,0.0139494757,0.0059070648
2685,0.0196574165,0.0170999709
2853,0.0114436713,0.0015441489
4136,0.0182809162,0.0022128946
4393,0.0386447581,0.0000000000
2159,0.0100067039,0.0019089966
4530,0.0212863835,0.0036131291
1540,0.0022106112,0.0224329929
2998,0.0017114406,0.0115830531
4042,0.0099442223,0.0114989080
4949,0.0150444128,0.0000000000
2670,0.0021920114,0.0350557418
1218,0.0000000000,0.0073006800
2835,0.0034060603,0.0268433254
4176,0.0065164780,0.0000000000
1219,0.0000000000,0.0045497339
2012,0.0012431268,0.0036378120
2355,0.0000506675,0.0108032288
1221,0.0000000000,0.0148036526
1905,0.0044668682,0.0072586996
4040,0.0208061603,0.0037820281
4256,0.0119447318,0.0000000000
4285,0.0256097421,0.0030562271
1228,0.0000000000,0.0289804297
4946,0.0197960964,0.0000000000
3712,0.0055527744,0.0178340263
4717,0.0156727307,0.0000000000
1311,0.0026169396,0.0220888937
4123,0.0061706154,0.0000000000
3787,0.0101231238,0.0107675995
3012,0.0024898252,0.0031788819
4294,0.0011162092,0.0035059436
1236,0.0000000000,0.0078560394
2287,0.0039203793,0.0077084005
1237,0.0000000000,0.0339558988
2783,0.0074820461,0.0000000000
3243,0.0171015908,0.0001456058
1238,0.0000000000,0.0071994562
1239,0.0000000000,0.0128852155
3837,0.0156695686,0.0000000000
4917,0.0053525681,0.0000000000
1799,0.0076832421,0.0000000000
1242,0.0000000000,0.0040856976
1244,0.0000000000,0.0456372511
4533,0.0312559809,0.0000000000
2858,0.0031989896,0.0007193233
1247,0.0000000000,0.0067518059
2276,0.0079815713,0.0221286429
4508,0.0089787686,0.0145425590
2248,0.0082031281,0.0054989344
2899,0.0028811032,0.0077959144
1272,0.0095889678,0.0187829526
3553,0.0158452771,0.0000000000
1701,0.0060211768,0.0061180768
3500,0.0071211542,0.0000000000
1254,0.0000000000,0.0279509336
1899,0.0061588761,0.0038370272
2668,0.0142008658,0.0143716123
2919,0.0230184127,0.0000000000
4689,0.0283550520,0.0000000000
4819,0.0159856050,0.0000000000
2497,0.0125539545,0.0095458616
4211,0.0217732396,0.0067314054
2632,0.0020189850,0.0105604705
4964,0.0026832274,0.0000000000
2423,0.0011621661,0.0219026446
3267,0.0088150487,0.0114085451
2271,0.0091840210,0.0075913070
3715,0.0069894202,0.0070294290
3792,0.0083586401,0.0038024155
4556,0.0128201299,0.0000000000
3248,0.0019784706,0.0141453165
3659,0.0217478509,0.0011781483
1262,0.0000000000,0.0092154543
3173,0.0072296736,0.0063632679
4325,0.0047972447,0.0000000000
4670,0.0049844090,0.0000000000
1263,0.0000000000,0.0004233639
2449,0.0013135267,0.0089438822
1265,0.0000000000,0.0583466605
3833,0.0128564527,0.0000000000
4263,0.0248057768,0.0237716308
4330,0.0263363648,0.0035973648
4449,0.0207957092,0.0092200703
3203,0.0100662608,0.0166656702
3415,0.0019277884,0.0087654802
4365,0.0125634565,0.0050981424
4150,0.0068157581,0.0000000000
2586,0.0091307901,0.0127479866
3385,0.0150393569,0.0042667808
2138,0.0041387483,0.0220244013
3171,0.0041387483,0.0099000903
1278,0.0026596083,0.0041934618
1461,0.0026596083,0.0153709332
2926,0.0051114160,0.0006342666
1274,0.0000000000,0.0151054525
3405,0.0059171286,0.0045608408
3451,0.0127231992,0.0000000000
4441,0.0263172577,0.0065762401
4775,0.0171999297,0.0000000000
4229,0.0193239379,0.0000000000
3429,0.0063222479,0.0129504235
4249,0.0160215143,0.0033961060
1992,0.0021389103,0.0241719935
2364,0.0017841194,0.0064756995
2233,0.0023611170,0.0011333145
3254,0.0037511923,0.0048217115
1679,0.0015037173,0.0129719472
3636,0.0153293018,0.0030891654
4191,0.0102485410,0.0000000000
1282,0.0000000000,0.0019744706
2470,0.0027703324,0.0018079480
1909,0.0067998640,0.0096795741
2790,0.0115052373,0.0000000000
4460,0.0081585519,0.0049835174
2325,0.0050140618,0.0082766314
3430,0.0186312995,0.0061384082
1391,0.0014589186,0.0000000000
2094,0.0014508310,0.0443807249
1291,0.0000000000,0.0070042635
2050,0.0117767636,0.0089570469
2750,0.0045951365,0.0041454655
1496,0.0008120269,0.0173474311
1695,0.0053749307,0.0024771635
3266,0.0053749307,0.0009317891
1846,0.0027100322,0.0364275566
2640,0.0023490468,0.0096104906
1297,0.0000000000,0.0356379870
1553,0.0078526875,0.0042875759
3599,0.0275279675,0.0017698228
1433,0.0008814333,0.0045474833
2620,0.0008814333,0.0173431704
1302,0.0000000000,0.0113051758
1303,0.0000000000,0.0058501875
4409,0.0073742712,0.0001324652
1304,0.0000000000,0.0010411219
2066,0.0179956987,0.0012252361
2744,0.0105568694,0.0078076909
1579,0.0085050769,0.0051623111
1870,0.0109497594,0.0014943562
4395,0.0239111065,0.0000000000
1422,0.0000000000,0.0088927930
1803,0.0000000000,0.0151250748
4928,0.0062710283,0.0156169018
1312,0.0000000000,0.0026449465
2460,0.0051377579,0.0128028557
1314,0.0000000000,0.0057330261
2095,0.0012632493,0.0125559641
1505,0.0113354578,0.0066107873
4802,0.0296451311,0.0000000000
2568,0.0103235871,0.0141201984
2901,0.0163750792,0.0086329357
3370,0.0033014614,0.0066692830
3469,0.0078887767,0.0207901955
1319,0.0000000000,0.0078825366
2207,0.0017368853,0.0025982963
1320,0.0000000000,0.0108964550
2514,0.0083663006,0.0042131152
3433,0.0099751183,0.0034870074
4832,0.0081048557,0.0000000000
4382,0.0021693083,0.0000000000
3698,0.0212934867,0.0000000000
1467,0.0005430462,0.0004830007
1543,0.0005430462,0.0648929754
1994,0.0015169656,0.0224097791
2924,0.0005430462,0.0007832955
2935,0.0013282762,0.0211219370
3594,0.0022114563,0.0000000000
3799,0.0044988988,0.0000000000
1328,0.0000000000,0.0189238229
1828,0.0041697885,0.0054999322
2304,0.0041697885,0.0107486203
4447,0.0049781071,0.0000000000
1858,0.0010796933,0.0000000000
4019,0.0044659291,0.0044817055
1330,0.0000000000,0.0403885572
2492,0.0110413836,0.0108497469
2864,0.0215647633,0.0128688459
1331,0.0000000000,0.0025529440
1588,0.0005625310,0.0022257572
2103,0.0005625310,0.0031213847
3668,0.0158198370,0.0000000000
4748,0.0053909352,0.0000000000
4284,0.0099420521,0.0000000000
1334,0.0000000000,0.0067630137
1622,0.0039455891,0.0023859645
2679,0.0049342305,0.0051829629
3720,0.0017442682,0.0040636290
4286,0.0048827144,0.0050805630
1795,0.0054315663,0.0129977516
1337,0.0000000000,0.0031289089
1389,0.0006894425,0.0043568120
1339,0.0000000000,0.0053110018
1480,0.0011702579,0.0008014858
2089,0.0051511046,0.0087923672
2002,0.0116710712,0.0197171902
1345,0.0000000000,0.0144627293
1346,0.0031868044,0.0124279133
2727,0.0178706961,0.0027652148
3163,0.0084232777,0.0019223829
2453,0.0110834772,0.0268717840
4292,0.0045641853,0.0000000000
1981,0.0291460396,0.0250579490
3291,0.0261160135,0.0016814434
4762,0.0245132547,0.0000000000
3085,0.0015060649,0.0000000000
2169,0.0018166437,0.0045793206
1352,0.0000000000,0.0102998523
4408,0.0154125961,0.0000000000
1354,0.0000000000,0.0066370203
1685,0.0051098940,0.0011730358
3393,0.0042638176,0.0379099464
3145,0.0010570815,0.0169280057
1357,0.0000000000,0.0120587535
3252,0.0075938342,0.0000000000
4192,0.0167408513,0.0000000000
1358,0.0000000000,0.0003166539
1359,0.0000000000,0.0100440222
3060,0.0022131600,0.0014671658
1366,0.0000000000,0.0010772430
1593,0.0008802559,0.0044453097
1705,0.0000000000,0.0018749194
2925,0.0000000000,0.0053956338
1745,0.0033068449,0.0096474204
3375,0.0050465707,0.0099940915
4633,0.0189504290,0.0059802954
2951,0.0331096793,0.0069629092
4372,0.0382969983,0.0162729881
4095,0.0114976361,0.0133020308
1737,0.0021171165,0.0147298460
1375,0.0000000000,0.0072366645
4801,0.0042297301,0.0044817055
2472,0.0088434846,0.0174572091
4276,0.0224892329,0.0070294290
3758,0.0105240128,0.0043938785
1382,0.0000000000,0.0245507606
1972,0.0054096616,0.0091965186
1383,0.0000000000,0.0022595402
1384,0.0000000000,0.0117011247
1385,0.0000000000,0.0229794411
3036,0.0050634277,0.0025511951
4796,0.0167272203,0.0000000000
3140,0.0040411743,0.0070266874
2786,0.0133657103,0.0106428562
1392,0.0000000000,0.0013917089
1393,0.0000000000,0.0511895993
1809,0.0142179446,0.0029544314
1921,0.0112794229,0.0242480055
4566,0.0270498300,0.0024025079
2096,0.0080572000,0.0418426474
3885,0.0195034555,0.0039943018
4887,0.0027680282,0.0066601780
1399,0.0000000000,0.0005152363
2447,0.0001135302,0.0001031470
2663,0.0001413432,0.0081236685
1495,0.0020639087,0.0131766889
4456,0.0136910484,0.0017977077
1481,0.0003174304,0.0074736115
2489,0.0045571441,0.0075365212
2558,0.0016633142,0.0132734074
4525,0.0035031530,0.0000000000
3611,0.0063777484,0.0000000000
3721,0.0050124273,0.0150080541
4482,0.0070569639,0.0000000000
1406,0.0000000000,0.0054363023
2313,0.0029382551,0.0005912389
1408,0.0000000000,0.0039024225
2779,0.0018544108,0.0109003106
2913,0.0008598831,0.0036338925
4890,0.0072241189,0.0048278943
4898,0.0070221843,0.0000000000
4703,0.0131102478,0.0000000000
1711,0.0009046307,0.0631859279
1597,0.0248430002,0.0014923472
4501,0.0054357270,0.0062019143
1817,0.0063097457,0.0387947275
4653,0.0134507422,0.0050577829
1416,0.0000000000,0.0091383096
3788,0.0034607868,0.0032835065
4914,0.0045864222,0.0000000000
4281,0.0139316858,0.0000000000
2083,0.0025427551,0.0038868957
2643,0.0044224379,0.0168194767
1646,0.0034830540,0.0294442916
1424,0.0000000000,0.0026925196
2362,0.0006251893,0.0075430595
2968,0.0032666434,0.0093726833
1426,0.0000000000,0.0096619553
3854,0.0042292696,0.0064420151
1428,0.0000000000,0.0106973636
1444,0.0063574590,0.0138911761
2510,0.0099339731,0.0116085164
1431,0.0000000000,0.0302232352
4682,0.0192305540,0.0000000000
1434,0.0000000000,0.0018202839
3654,0.0082610314,0.0122945856
2688,0.0106203853,0.0031508999
2981,0.0106203853,0.0106716376
3593,0.0116096492,0.0066154616
3585,0.0015756903,0.0000000000
1440,0.0000000000,0.0088833021
1441,0.0000000000,0.0262454069
3554,0.0119319611,0.0022429613
1659,0.0030608649,0.0087531270
3302,0.0050707223,0.0000000000
3932,0.0123960389,0.0005268601
4415,0.0211056825,0.0035322269
1448,0.0000000000,0.0178054607
3692,0.0090744069,0.0039077281
3927,0.0088899101,0.0038024155
1449,0.0000000000,0.0131696910
3819,0.0042475580,0.0110709330
2108,0.0032525236,0.0011571570
2764,0.0069782069,0.0000000000
2073,0.0076686620,0.0026397207
4583,0.0003913322,0.0108012047
1453,0.0000000000,0.0161524943
2261,0.0035591374,0.0060438319
4030,0.0057618998,0.0027576943
1454,0.0000000000,0.0297644542
3268,0.0075315200,0.0039415425
4385,0.0078440845,0.0015705270
1883,0.0008997974,0.0085293109
1456,0.0000000000,0.0025185332
2210,0.0055505373,0.0133548837
1457,0.0000000000,0.0141391605
3193,0.0045703413,0.0000000000
2145,0.0023749791,0.0201168000
1460,0.0000000000,0.0262997390
4609,0.0080049874,0.0000000000
4573,0.0239216032,0.0148507350
4617,0.0238078332,0.0000000000
4158,0.0066592425,0.0004816414
2060,0.0003111575,0.0056022103
3875,0.0114704855,0.0050568993
3958,0.0042142675,0.0000000000
1468,0.0000000000,0.0021801074
1873,0.0004803779,0.0000000000
3236,0.0062818327,0.0081861865
1973,0.0027262247,0.0028830347
1676,0.0091858839,0.0141418691
3893,0.0081649300,0.0046380695
2314,0.0046713997,0.0021753839
1472,0.0000000000,0.0151601767
3765,0.0124056533,0.0012407989
4251,0.0061940580,0.0099093787
1473,0.0000000000,0.0175792795
3971,0.0051507979,0.0000000000
3000,0.0030854933,0.0000000000
3963,0.0044897232,0.0000000000
2242,0.0001766042,0.0084637759
1484,0.0000000000,0.0089206039
1832,0.0019656193,0.0017871294
1983,0.0019656193,0.0014583939
1486,0.0000000000,0.0042490384
4776,0.0086173723,0.0000000000
1487,0.0000000000,0.0064604094
2795,0.0273656803,0.0079435165
1489,0.0000000000,0.0015134115
1491,0.0000000000,0.0298962458
3733,0.0153631446,0.0000000000
1919,0.0122376108,0.0514738721
3813,0.0221831156,0.0000000000
2177,0.0029034306,0.0287123679
2028,0.0086809131,0.0175349785
4906,0.0061746130,0.0000000000
1694,0.0002366975,0.0139808928
2266,0.0016585760,0.0115235122
1500,0.0000000000,0.0017618390
1502,0.0000000000,0.0040137786
3116,0.0045749578,0.0664631389
4165,0.0077075325,0.0000000000
4079,0.0007407164,0.0049043159
1508,0.0000000000,0.0075335996
2979,0.0099103870,0.0078088136
2528,0.0054490723,0.0005486237
3470,0.0111131874,0.0014156243
1510,0.0000000000,0.0282767340
1851,0.0062306649,0.0052248249
2666,0.0115299421,0.0147280647
4488,0.0041988011,0.0000000000
4895,0.0199050600,0.0000000000
3143,0.0000493992,0.0016040702
3213,0.0009680420,0.0000000000
4686,0.0091386282,0.0000000000
1515,0.0000000000,0.0178998178
3773,0.0085180734,0.0050604045
2458,0.0040686952,0.0234206229
1520,0.0000000000,0.0075988193
2941,0.0000000000,0.0120568652
3350,0.0115340303,0.0000000000
4424,0.0072469439,0.0000000000
3319,0.0018212078,0.0204787694
4666,0.0111795009,0.0000000000
4254,0.0028785029,0.0000000000
1527,0.0000000000,0.0029229257
1724,0.0006440550,0.0147155253
1528,0.0000000000,0.0180984966
2315,0.0118088813,0.0164548733
2438,0.0025315973,0.0056712209
3981,0.0066066901,0.0062744076
2389,0.0067730136,0.0089478410
3708,0.0183596135,0.0021157980
1532,0.0000000000,0.0178871481
3333,0.0407319623,0.0196457204
3229,0.0032379967,0.0034090802
4270,0.0013837856,0.0000000000
3135,0.0095971077,0.0100404266
3673,0.0089131807,0.0064680338
3818,0.0104136440,0.0015473064
4672,0.0062841432,0.0014793068
3067,0.0051545846,0.0206447464
4669,0.0086494118,0.0000000000
2717,0.0098556896,0.0068234741
1541,0.0000000000,0.0215692250
2824,0.0030516998,0.0040031210
1754,0.0142989069,0.0040914518
2133,0.0304831922,0.0012555339
4904,0.0184196127,0.0000000000
3239,0.0000000000,0.0000000000
2401,0.0057512724,0.0120867498
1606,0.0045907773,0.0000000000
4132,0.0080542920,0.0034916670
3081,0.0028605802,0.0000000000
3602,0.0109364082,0.0029927791
2077,0.0027372648,0.0051461013
4060,0.0037113517,0.0000000000
1555,0.0000000000,0.0226276801
1610,0.0019458485,0.0471730214
3107,0.0019962614,0.0052109729
4517,0.0186127250,0.0000000000
3073,0.0081722938,0.0040764695
3505,0.0343959550,0.0140084052
1561,0.0000000000,0.0062383047
2090,0.0022090038,0.0066235953
2386,0.0060374327,0.0021011183
1562,0.0000000000,0.0117483541
1565,0.0000000000,0.0195258956
1878,0.0039453535,0.0059971480
4963,0.0171247101,0.0000000000
1570,0.0000000000,0.0184046256
4133,0.0071171874,0.0038707968
4476,0.0140659439,0.0000000000
3998,0.0080484928,0.0021942113
3499,0.0168271022,0.0076006049
4680,0.0135949270,0.0000000000
3448,0.0037856347,0.0074134699
2218,0.0011374945,0.0036838460
4244,0.0057878284,0.0000000000
2416,0.0118035053,0.0029656730
1696,0.0030021207,0.0234859291
3533,0.0030021207,0.0000000000
1704,0.0010647213,0.0026526587
3195,0.0061564168,0.0062485183
2118,0.0059416890,0.0034945019
2151,0.0035115519,0.0043999781
1598,0.0000000000,0.0233707726
2019,0.0051496560,0.0056171507
4641,0.0143969243,0.0091169674
2450,0.0078513834,0.0021790514
1600,0.0000000000,0.0000000000
1814,0.0000000000,0.0032547359
3707,0.0098725773,0.0000000000
3847,0.0017829204,0.0045036815
4885,0.0009860531,0.0000000000
1607,0.0000000000,0.0055452683
1910,0.0025899341,0.0044159729
3102,0.0167759006,0.0041012393
3380,0.0231914250,0.0000000000
1612,0.0000000000,0.0396471933
3465,0.0109811005,0.0000000000
1614,0.0000000000,0.0006727434
1615,0.0000000000,0.0199529291
2705,0.0095941451,0.0028533387
2040,0.0055079557,0.0012206297
1619,0.0000000000,0.0227223079
1620,0.0000000000,0.0226716804
2619,0.0049956139,0.0287867088
2326,0.0041350058,0.0203073013
1623,0.0000000000,0.0080788010
4128,0.0048942818,0.0000000000
1624,0.0000000000,0.0166391445
3070,0.0172192143,0.0000794792
1625,0.0000000000,0.0055695768
3468,0.0015890358,0.0005735497
4332,0.0006484061,0.0005591242
3059,0.0091881935,0.0034122764
4528,0.0061338926,0.0000000000
4483,0.0019024121,0.0000000000
2553,0.0083354019,0.0000000000
3729,0.0053468045,0.0098044327
4537,0.0080319920,0.0000000000
1633,0.0000000000,0.0015280787
4257,0.0003729180,0.0000000000
1634,0.0000000000,0.0019776321
1635,0.0000000000,0.0298242867
4255,0.0181820979,0.0007904848
3888,0.0116702567,0.0109640343
3247,0.0004492028,0.0096370504
4092,0.0088027117,0.0024466322
3655,0.0012376489,0.0126902467
1644,0.0000000000,0.0658776467
2240,0.0145158753,0.0347079890
1645,0.0000000000,0.0148930619
2478,0.0078646278,0.0098977328
3054,0.0058207862,0.0015357265
2006,0.0152998621,0.0001588719
3362,0.0092497522,0.0042544971
3390,0.0115152455,0.0112009675
4065,0.0078324982,0.0000000000
2642,0.0046450285,0.0344463687
3922,0.0091914514,0.0097693064
1656,0.0000000000,0.0250501909
2814,0.0055197091,0.0231328590
1669,0.0049794027,0.0205320963
4002,0.0033797400,0.0000000000
1665,0.0000000000,0.0316766655
1666,0.0000000000,0.0048350694
4808,0.0097661317,0.0000000000
1668,0.0000000000,0.0218390791
4413,0.0145830280,0.0000000000
4722,0.0094502243,0.0005769534
4364,0.0072962201,0.0000000000
2854,0.0108232401,0.0256282561
3590,0.0111662164,0.0056321902
1671,0.0000000000,0.0101846535
3756,0.0118259295,0.0000000000
1672,0.0000000000,0.0063923329
4338,0.0028638222,0.0021671069
4237,0.0066847496,0.0000000000
1677,0.0000000000,0.0139705054
4709,0.0078264649,0.0000000000
1788,0.0027718173,0.0102583745
2557,0.0027718173,0.0113105830
2393,0.0036495199,0.0136866496
4043,0.0108044571,0.0024179415
1682,0.0000000000,0.0016114180
3568,0.0037338502,0.0000000000
1686,0.0000000000,0.0106141162
3263,0.0037717831,0.0000000000
3551,0.0039422429,0.0186184638
3629,0.0062581066,0.0122207855
2170,0.0046316652,0.0407359337
1997,0.0000813137,0.0015441489
2856,0.0015934542,0.0032921672
4445,0.0021990835,0.0000000000
3912,0.0151244292,0.0110802549
4997,0.0138942683,0.0000000000
1823,0.0005458330,0.0026710824
4886,0.0022991801,0.0000000000
2194,0.0023883745,0.0154573161
4782,0.0073443291,0.0000000000
1703,0.0000000000,0.0236234523
4177,0.0037943430,0.0071686058
2940,0.0061758057,0.0133899902
3325,0.0372941449,0.0080529313
4037,0.0264464222,0.0006147531
4903,0.0194307235,0.0000000000
2878,0.0034913735,0.0103927886
2787,0.0092433721,0.0059755150
4645,0.0111163830,0.0000000000
1715,0.0000000000,0.0059843696
3494,0.0144421021,0.0212490808
4063,0.0040037458,0.0046866327
4147,0.0048511781,0.0000000000
3437,0.0056954093,0.0051968990
3873,0.0139916806,0.0096575054
1720,0.0000000000,0.0149035208
1824,0.0032839310,0.0167025161
4751,0.0100303036,0.0000000000
1721,0.0000000000,0.0146240618
4444,0.0099988433,0.0000000000
4781,0.0108426076,0.0000000000
3635,0.0038612578,0.0010821965
4290,0.0071721632,0.0000000000
3423,0.0103263704,0.0036857727
1729,0.0000000000,0.0464424257
3821,0.0199407686,0.0111485983
1731,0.0000000000,0.0009973137
4778,0.0138701224,0.0000000000
1736,0.0000000000,0.0084590395
3913,0.0018639154,0.0000000000
4926,0.0067135948,0.0000000000
4342,0.0185003505,0.0000000000
2863,0.0095160526,0.0135475883
1744,0.0000000000,0.0224227329
3406,0.0182388931,0.0000000000
3289,0.0085575396,0.0144663739
1755,0.0000000000,0.0105683112
1758,0.0000000000,0.0133219201
4671,0.0143653523,0.0011571570
1760,0.0000000000,0.0072393635
1882,0.0013710550,0.0030265968
4057,0.0087646696,0.0000000000
1765,0.0000000000,0.0035097556
4288,0.0038120171,0.0000000000
4771,0.0102878080,0.0000000000
1769,0.0000000000,0.0212545451
2082,0.0010578935,0.0003252720
3022,0.0008309968,0.0000000000
2947,0.0016684101,0.0138269862
3357,0.0064470046,0.0000000000
1783,0.0000000000,0.0126484635
3046,0.0013720431,0.0000000000
1787,0.0000000000,0.0138373999
3618,0.0230067650,0.0050577829
2546,0.0045270978,0.0216631766
3057,0.0059425135,0.0041959834
3223,0.0076490913,0.0058273435
1798,0.0000000000,0.0107301146
4253,0.0000000000,0.0016857633
1805,0.0000000000,0.0009251906
2353,0.0075823535,0.0053556175
2793,0.0048415750,0.0039043731
2334,0.0006860039,0.0192453422
2645,0.0006509971,0.0014953016
1811,0.0000000000,0.0177554614
1813,0.0000000000,0.0083261270
2257,0.0018346287,0.0354939528
2496,0.0018346287,0.0041344201
1881,0.0026145050,0.0163136425
2565,0.0055605077,0.0023964107
4957,0.0030959662,0.0000000000
2365,0.0005885623,0.0127514218
3649,0.0058993918,0.0000000000
1827,0.0000000000,0.0192411656
1907,0.0012118880,0.0010112699
3956,0.0110728931,0.0000000000
1836,0.0000000000,0.0399913362
4698,0.0172535477,0.0000000000
1837,0.0000000000,0.0516628368
3260,0.0135058672,0.0065536332
3802,0.0299972765,0.0000000000
4995,0.0214626313,0.0000000000
1838,0.0000000000,0.0033438989
3815,0.0117196557,0.0000000000
4982,0.0270686428,0.0000000000
2745,0.0030386667,0.0249505971
4752,0.0059063270,0.0000000000
2796,0.0003205613,0.0100285099
2007,0.0023485997,0.0053059417
1855,0.0000000000,0.0091744452
2399,0.0030549761,0.0094068642
2612,0.0030062221,0.0059319432
3686,0.0030062221,0.0156169018
3534,0.0055060460,0.0007644104
4119,0.0152380104,0.0086385487
2143,0.0010015327,0.0181415085
4196,0.0014951584,0.0000000000
1875,0.0000000000,0.0131662111
1876,0.0000000000,0.0036050363
4199,0.0167242078,0.0000000000
2531,0.0047824742,0.0021663551
4299,0.0030194024,0.0071246323
2741,0.0014761897,0.0079619401
1887,0.0000000000,0.0211614800
2137,0.0045072369,0.0067407451
4892,0.0074059633,0.0000000000
1964,0.0021585520,0.0203000349
3990,0.0033693694,0.0047595148
1913,0.0000000000,0.0124385219
4615,0.0046455888,0.0000000000
4857,0.0060859678,0.0000000000
1898,0.0000000000,0.0033878010
2719,0.0023307697,0.0057004196
3310,0.0059051311,0.0067517515
4106,0.0083362184,0.0095982670
1902,0.0000000000,0.0035016508
4872,0.0022106403,0.0000000000
4768,0.0105972758,0.0027609173
4529,0.0063566830,0.0009320017
4435,0.0024709773,0.0000000000
3092,0.0021328553,0.0028099087
2415,0.0009730419,0.0058269521
4601,0.0065201757,0.0000000000
4761,0.0047414975,0.0000000000
4844,0.0262343722,0.0000000000
2905,0.0015550993,0.0198283106
4910,0.0055872509,0.0000000000
4788,0.0101154050,0.0000000000
2644,0.0053429508,0.0035614132
2144,0.0075778679,0.0012999076
4404,0.0111036072,0.0000000000
4497,0.0108562900,0.0000000000
3918,0.0057469186,0.0050905587
2805,0.0087391929,0.0013864482
4996,0.0143957898,0.0000000000
3510,0.0054747089,0.0000000000
4099,0.0337190182,0.0000000000
1939,0.0000000000,0.0114973836
3082,0.0138032756,0.0022429613
3479,0.0025334024,0.0067944698
3951,0.0030404936,0.0000000000
4531,0.0025374825,0.0000000000
2427,0.0007396293,0.0106005236
4394,0.0024737577,0.0000000000
4463,0.0070078231,0.0055723142
3196,0.0003088325,0.0016983257
1946,0.0000000000,0.0109958460
4221,0.0097494975,0.0000000000
1949,0.0000000000,0.0184652797
4527,0.0107784204,0.0064025417
3886,0.0168415030,0.0000000000
1951,0.0000000000,0.0064620844
1953,0.0000000000,0.0270902628
2627,0.0059692308,0.0717722126
4998,0.0071705798,0.0000000000
1954,0.0000000000,0.0013541941
1956,0.0000000000,0.0157152905
2036,0.0000000000,0.0071271628
3572,0.0000000000,0.0025307551
4155,0.0044336980,0.0050404725
4667,0.0065160469,0.0000000000
4824,0.0024800948,0.0051198025
1974,0.0000000000,0.0014722320
1975,0.0000000000,0.0037899449
1978,0.0000000000,0.0090329253
4380,0.0004315011,0.0000000000
1982,0.0000000000,0.0004086122
2229,0.0003213512,0.0112699466
3544,0.0118548315,0.0026935701
3811,0.0042137001,0.0127905502
4975,0.0050906347,0.0000000000
4149,0.0067337899,0.0099093787
3214,0.0102220287,0.0100608598
4322,0.0177800258,0.0000000000
3842,0.0059202217,0.0000000000
2419,0.0023974864,0.0185258309
2418,0.0000350068,0.0056992368
2008,0.0000000000,0.0346467984
2402,0.0102485331,0.0046576932
3683,0.0049707848,0.0000000000
3277,0.0008424818,0.0077972902
2017,0.0000000000,0.0021874919
2022,0.0000000000,0.0190636296
3736,0.0021205240,0.0000000000
4405,0.0438972041,0.0023259200
2730,0.0015896235,0.0179724554
3895,0.0031800131,0.0026274449
2032,0.0000000000,0.0025662269
4564,0.0027899408,0.0000000000
2297,0.0018890908,0.0066535830
4987,0.0253618267,0.0000000000
2912,0.0006373196,0.0080613525
4568,0.0014056702,0.0011794176
2570,0.0065162152,0.0231590751
3704,0.0055506832,0.0120089103
2043,0.0000000000,0.0026220485
2116,0.0013688848,0.0000000000
2047,0.0000000000,0.0055493468
4425,0.0162972280,0.0000000000
4522,0.0049312703,0.0000972208
4510,0.0242597403,0.0000000000
2059,0.0000000000,0.0253265621
2062,0.0000000000,0.0037722456
3996,0.0273231265,0.0054139177
2115,0.0000319034,0.0045199129
3303,0.0043742466,0.0000000000
3734,0.0023768877,0.0021215242
2821,0.0011339228,0.0144881261
4980,0.0090505410,0.0000000000
3760,0.0032959692,0.0000000000
4430,0.0024288821,0.0000000000
4804,0.0051433396,0.0000000000
2086,0.0000000000,0.0195710321
2900,0.0009655321,0.0079681365
4049,0.0032984168,0.0100285099
4702,0.0171303161,0.0000000000
4490,0.0211846756,0.0000000000
4516,0.0070545600,0.0024107652
2820,0.0052806969,0.0011173069
3576,0.0039174452,0.0030802541
2480,0.0005511767,0.0016066618
2113,0.0000000000,0.0101986856
2114,0.0000000000,0.0359437142
2594,0.0059805059,0.0050283863
3068,0.0046275204,0.0050746030
4678,0.0015605713,0.0000000000
4577,0.0045357439,0.0027729523
4005,0.0000000000,0.0000000000
4366,0.0079406638,0.0000000000
2160,0.0018246829,0.0016573507
3290,0.0169751564,0.0030814217
4839,0.0011541340,0.0000000000
2147,0.0000000000,0.0592025294
3671,0.0009695175,0.0000000000
2152,0.0000000000,0.0101885242
4929,0.0025925959,0.0000000000
2153,0.0000000000,0.0044172077
2677,0.0020522751,0.0048864949
2481,0.0015084444,0.0000982172
4433,0.0008920175,0.0000000000
4883,0.0071030504,0.0000000000
4881,0.0007598684,0.0000000000
2400,0.0008434946,0.0010027943
4407,0.0069196180,0.0276165947
2812,0.0005136823,0.0020740061
2168,0.0000000000,0.0146603477
3265,0.0040107912,0.0034068486
2990,0.0147437593,0.0037971072
3460,0.0027870521,0.0007181318
2995,0.0035288872,0.0004010199
4733,0.0008893389,0.0000000000
2183,0.0000000000,0.0388070420
3264,0.0118295584,0.0088602188
2184,0.0000000000,0.0068735230
3557,0.0025666685,0.0000000000
4866,0.0036179723,0.0000000000
2409,0.0022612575,0.0000000000
2413,0.0034059576,0.0013596716
2197,0.0000000000,0.0094462059
4676,0.0023122087,0.0005904163
2201,0.0000000000,0.0110411249
3401,0.0000000000,0.0055021139
3061,0.0002296081,0.0000000000
4705,0.0061061986,0.0000000000
3714,0.0104608554,0.0011076322
4316,0.0310297645,0.0013410209
2267,0.0010923331,0.0065016939
3348,0.0046262847,0.0162036458
4915,0.0079031002,0.0000000000
2996,0.0059231489,0.0138461666
2970,0.0070434162,0.0118915258
2822,0.0055506486,0.0109922794
3027,0.0058627634,0.0073374136
3222,0.0100939910,0.0331841467
3020,0.0000000000,0.0000000000
2712,0.0068459621,0.0005066164
4774,0.0078209502,0.0000000000
4947,0.0322889557,0.0000000000
2259,0.0000000000,0.0125160804
3941,0.0035548363,0.0000000000
2265,0.0000000000,0.0052659966
2268,0.0000000000,0.0333833379
4241,0.0073558846,0.0048906800
3371,0.0075762323,0.0017753648
2567,0.0006630192,0.0207145888
2282,0.0000000000,0.0162761401
3816,0.0179152329,0.0000000000
3386,0.0067310611,0.0051385316
3919,0.0047495055,0.0000000000
2695,0.0005749737,0.0047859122
2289,0.0000000000,0.0028737561
4504,0.0082262843,0.0000000000
4302,0.0042093660,0.0000000000
2292,0.0000000000,0.0068711467
3190,0.0015140296,0.0151250766
3395,0.0019208588,0.0212826617
4432,0.0038692293,0.0000000000
4293,0.0029629991,0.0101407040
4559,0.0027287505,0.0000000000
2301,0.0000000000,0.0060677156
2303,0.0000000000,0.0022267424
2367,0.0023684154,0.0210993943
2307,0.0000000000,0.0153893138
3795,0.0156380616,0.0068385217
4479,0.0096031176,0.0044204941
3331,0.0076722442,0.0056228900
2317,0.0000000000,0.0432612423
3218,0.0114123554,0.0069271434
2322,0.0000000000,0.0104935226
2591,0.0002823970,0.0059500593
2846,0.0002823970,0.0160626482
2774,0.0007492868,0.0027114304
2515,0.0018237225,0.0029422554
2330,0.0000000000,0.0148659846
2946,0.0032756601,0.0078675320
4367,0.0054964379,0.0010982953
3521,0.0003196576,0.0053485688
3681,0.0062641042,0.0022257572
2675,0.0006598126,0.0000000000
3304,0.0045944812,0.0000000000
2340,0.0000000000,0.0000000000
3467,0.0000000000,0.0023381162
4086,0.0024598477,0.0000000000
2733,0.0050525576,0.0047256969
2428,0.0003010459,0.0132617909
2356,0.0000000000,0.0099612628
2359,0.0000000000,0.0250734348
3076,0.0055248308,0.0009840502
4039,0.0060273872,0.0018126308
2959,0.0033081355,0.0073401464
4203,0.0095633727,0.0159809652
3982,0.0053976647,0.0147906813
3297,0.0046556201,0.0000000000
2383,0.0041326604,0.0064451215
3115,0.0046396289,0.0043170086
3106,0.0035385173,0.0056601284
2379,0.0000000000,0.0128569156
4473,0.0095355372,0.0000000000
4821,0.0065694315,0.0000000000
2392,0.0000000000,0.0070257713
2425,0.0020727648,0.0086393913
2819,0.0002209617,0.0109717236
2406,0.0000000000,0.0023007838
2407,0.0000000000,0.0098587001
4550,0.0023448273,0.0000000000
2869,0.0115344394,0.0037941891
3308,0.0012558040,0.0105883667
2641,0.0124329359,0.0161012737
3587,0.0041406240,0.0073627085
4247,0.0042287622,0.0000000000
4340,0.0024654615,0.0000000000
4851,0.0004681128,0.0000000000
4684,0.0045987302,0.0000000000
3850,0.0108139096,0.0142686236
2801,0.0028210579,0.0122797212
4862,0.0012984865,0.0000000000
4741,0.0057154522,0.0031049928
3292,0.0012098481,0.0116268219
4227,0.0031060169,0.0082099626
2468,0.0012379755,0.0282590907
2706,0.0062267773,0.0187772608
4911,0.0004412185,0.0000000000
2561,0.0025039964,0.0091379621
4357,0.0144185164,0.0075525635
4402,0.0030526465,0.0006277626
3221,0.0022252966,0.0000000000
2482,0.0000000000,0.0000000000
3810,0.0000000000,0.0053766950
2485,0.0000000000,0.0074564311
2525,0.0023906982,0.0018463198
3178,0.0003075780,0.0000000000
2516,0.0000000000,0.0057113502
2536,0.0000000000,0.0221014468
2684,0.0048699652,0.0079326076
4624,0.0000000000,0.0071745424
2766,0.0000000000,0.0054039355
4259,0.0123006059,0.0000000000
4087,0.0005280395,0.0062099560
3741,0.0175085337,0.0091697437
3769,0.0012577682,0.0034500204
3379,0.0045086180,0.0160031431
2581,0.0000000000,0.0182839040
3718,0.0031568508,0.0003049115
4783,0.0074778233,0.0000000000
3112,0.0112829930,0.0037073924
2601,0.0000000000,0.0193751401
3364,0.0017289284,0.0093799478
2608,0.0000000000,0.0101957346
2613,0.0000000000,0.0019107385
4636,0.0009937220,0.0000000000
2625,0.0000000000,0.0031116078
3284,0.0033039666,0.0155966006
4082,0.0009128228,0.0000000000
2631,0.0000000000,0.0259022948
3489,0.0014593185,0.0000000000
3783,0.0019115401,0.0133634338
4913,0.0037288981,0.0000000000
3014,0.0006069607,0.0071510901
2655,0.0000000000,0.0101947687
2886,0.0048025380,0.0000000000
4966,0.0026183987,0.0000000000
2661,0.0000000000,0.0095983614
4336,0.0023910530,0.0000000000
2678,0.0000000000,0.0068981628
4101,0.0003594680,0.0000000000
2687,0.0000000000,0.0102980654
4377,0.0028886393,0.0000000000
4718,0.0038014545,0.0000000000
3416,0.0035194505,0.0014831457
4921,0.0006608054,0.0000000000
2710,0.0000000000,0.0054163703
3058,0.0064297366,0.0047545640
2723,0.0000000000,0.0000972208
2726,0.0000000000,0.0138549612
2971,0.0030700636,0.0101553712
3436,0.0010412884,0.0000000000
2739,0.0000000000,0.0085316466
4090,0.0010270957,0.0052237729
3425,0.0088801287,0.0093726833
3735,0.0014729275,0.0070740536
4271,0.0009134367,0.0000000000
2756,0.0000000000,0.0060169833
4502,0.0153979105,0.0065321891
3991,0.0120175091,0.0000000000
2762,0.0000000000,0.0042866559
2857,0.0014852355,0.0083484907
2934,0.0021848316,0.0003359418
2768,0.0000000000,0.0181439662
2843,0.0012230973,0.0011173069
2794,0.0000000000,0.0033401041
4780,0.0047311968,0.0000000000
3516,0.0007804424,0.0000000000
3456,0.0025457047,0.0020855568
3887,0.0008820717,0.0041595574
2830,0.0000000000,0.0054022270
3158,0.0034179678,0.0006699613
2851,0.0000000000,0.0000000000
3669,0.0000000000,0.0186370438
3338,0.0001585000,0.0108254802
4347,0.0012474124,0.0006383553
3504,0.0049591007,0.0000000000
2865,0.0000000000,0.0041690924
4202,0.0036212013,0.0030697721
2872,0.0000000000,0.0109372317
3826,0.0006055594,0.0035107159
3757,0.0039582845,0.0005450837
3914,0.0037316207,0.0087456192
2894,0.0000000000,0.0113092079
3358,0.0000000000,0.0019939035
2911,0.0000000000,0.0090909224
3133,0.0020031483,0.0022582205
3206,0.0017762867,0.0023142298
2930,0.0011635360,0.0092391090
3159,0.0028839994,0.0064554265
2982,0.0093202428,0.0000000000
4841,0.0000000000,0.0000000000
3706,0.0009881997,0.0000000000
2954,0.0000000000,0.0033780649
4571,0.0026377105,0.0044076007
4318,0.0015737357,0.0158243696
3383,0.0000000000,0.0039399736
4148,0.0000000000,0.0000000000
2977,0.0000000000,0.0016984736
4368,0.0063584488,0.0029350417
2986,0.0000000000,0.0043587972
4891,0.0030561224,0.0000000000
2988,0.0000000000,0.0099088334
3313,0.0000000000,0.0000000000
4461,0.0057443044,0.0044118822
3008,0.0000000000,0.0080378622
3011,0.0000000000,0.0013846871
3157,0.0007004539,0.0249168321
4193,0.0032928582,0.0000000000
3786,0.0039441834,0.0000000000
3030,0.0000000000,0.0128839941
4107,0.0024648939,0.0108797754
4498,0.0028489819,0.0000000000
3043,0.0000000000,0.0041756517
3049,0.0000000000,0.0010821965
4818,0.0003383912,0.0000000000
3075,0.0000000000,0.0025391468
4010,0.0005345989,0.0006012683
3087,0.0000000000,0.0178651533
3093,0.0000000000,0.0076314785
3119,0.0000000000,0.0113599927
3911,0.0072797761,0.0061515928
3147,0.0000000000,0.0054707793
3169,0.0000000000,0.0042868396
3179,0.0000000000,0.0032917622
3180,0.0000000000,0.0039468500
3187,0.0000000000,0.0182284223
3680,0.0015263683,0.0000000000
4118,0.0073119936,0.0127611350
3861,0.0000000000,0.0000000000
4813,0.0052817371,0.0000000000
3614,0.0015932292,0.0060980956
3242,0.0000000000,0.0036099879
3251,0.0000000000,0.0115029342
3253,0.0000000000,0.0060214291
3839,0.0006088880,0.0000000000
3320,0.0000000000,0.0073536012
3321,0.0000000000,0.0465680400
4277,0.0013167953,0.0000000000
3344,0.0000000000,0.0033707473
4344,0.0000000000,0.0000000000
3936,0.0048169124,0.0030592589
4056,0.0009401680,0.0075137102
3399,0.0000000000,0.0221274544
3409,0.0000000000,0.0092623412
3413,0.0000000000,0.0044441237
3789,0.0013525736,0.0054634878
4853,0.0010016866,0.0000000000
3445,0.0000000000,0.0216374401
3694,0.0000000000,0.0045546750
4745,0.0032591130,0.0018988034
3497,0.0000000000,0.0106949909
4384,0.0000000000,0.0000000000
3527,0.0000000000,0.0190549010
4389,0.0015387463,0.0051837175
3542,0.0000000000,0.0209365187
4225,0.0008571214,0.0001220203
4743,0.0050666132,0.0000000000
3574,0.0000000000,0.0051801534
3577,0.0000000000,0.0036697907
3639,0.0008086237,0.0093671995
4070,0.0016223433,0.0000000000
3632,0.0000000000,0.0278811916
3647,0.0000000000,0.0019765579
4905,0.0000000000,0.0000000000
3930,0.0002209617,0.0000000000
4873,0.0017855848,0.0000000000
3801,0.0000000000,0.0214361361
4567,0.0002823155,0.0000000000
3827,0.0000000000,0.0285698613
4864,0.0008912016,0.0000000000
4480,0.0000000000,0.0000000000
3939,0.0000000000,0.0160295824
4457,0.0000000000,0.0000000000
4923,0.0000000000,0.0000000000
4679,0.0000000000,0.0024107652
4120,0.0022790042,0.0000000000
4572,0.0003183025,0.0156169018
4970,0.0000000000,0.0000000000
4217,0.0000000000,0.0039328200
4224,0.0000000000,0.0021519257
4233,0.0000000000,0.0035310891
4308,0.0000000000,0.0035123415
4507,0.0000000000,0.0000000000
4843,0.0021114009,0.0000000000
4880,0.0006011682,0.0000000000
4758,0.0002414332,0.0000000000
4428,0.0000000000,0.0036131291
4650,0.0000000000,0.0059644511
4485,0.0000000000,0.0008376359
4746,0.0000000000,0.0000000000
4931,0.0000000000,0.0000000000
