Node,Betweenness,BridgingCoefficient,BridgingCentrality
4107,0.0000000000,0.3333333333,0.0000000000
8557,0.0000000000,0.3333333333,0.0000000000
7309,0.0000000000,0.3333333333,0.0000000000
6860,0.0000000000,0.3333333333,0.0000000000
8619,0.0000000000,0.3333333333,0.0000000000
8052,0.0000000000,0.3333333333,0.0000000000
3878,0.0000000000,0.3333333333,0.0000000000
3835,0.0000000000,0.3333333333,0.0000000000
3242,0.0000000000,0.3333333333,0.0000000000
9297,0.0000000000,0.3333333333,0.0000000000
8226,0.0000000000,0.3333333333,0.0000000000
6829,0.0000000000,0.3333333333,0.0000000000
9898,0.0000000000,0.3333333333,0.0000000000
9100,0.0000000000,0.3333333333,0.0000000000
6585,0.0000000000,0.3333333333,0.0000000000
9060,0.0000000000,0.3333333333,0.0000000000
9020,0.0000000000,0.3333333333,0.0000000000
8143,0.0000000000,0.3333333333,0.0000000000
9128,0.0000000000,0.3333333333,0.0000000000
9498,0.0000000000,0.3333333333,0.0000000000
7842,0.0000000000,0.3333333333,0.0000000000
4466,0.0000000000,0.3333333333,0.0000000000
9951,0.0000000000,0.3333333333,0.0000000000
9941,0.0000000000,0.3333333333,0.0000000000
9323,0.0000000000,0.3333333333,0.0000000000
3971,0.0000000000,0.3333333333,0.0000000000
9825,0.0000000000,0.3333333333,0.0000000000
9490,0.0000000000,0.3333333333,0.0000000000
7694,0.0000000000,0.3333333333,0.0000000000
9428,0.0000000000,0.3333333333,0.0000000000
6940,0.0000000000,0.3333333333,0.0000000000
8401,0.0000000000,0.3333333333,0.0000000000
4443,0.0000000000,0.3333333333,0.0000000000
7577,0.0000000000,0.3333333333,0.0000000000
6931,0.0000000000,0.3333333333,0.0000000000
1844,0.0000000000,0.3333333333,0.0000000000
6641,0.0000000000,0.3333333333,0.0000000000
3345,0.0000000000,0.3333333333,0.0000000000
6770,0.0000000000,0.3333333333,0.0000000000
9857,0.0000000000,0.3333333333,0.0000000000
9585,0.0000000000,0.3333333333,0.0000000000
8871,0.0000000000,0.3333333333,0.0000000000
8055,0.0000000000,0.3333333333,0.0000000000
4634,0.0000000000,0.3333333333,0.0000000000
2055,0.0000000000,0.3333333333,0.0000000000
1971,0.0000000000,0.3333333333,0.0000000000
4955,0.0000000000,0.3333333333,0.0000000000
4311,0.0000000000,0.3333333333,0.0000000000
9567,0.0000000000,0.3333333333,0.0000000000
3674,0.0000000000,0.3333333333,0.0000000000
4946,0.0000000000,0.3333333333,0.0000000000
9141,0.0000000000,0.3333333333,0.0000000000
9110,0.0000000000,0.3333333333,0.0000000000
3564,0.0000000000,0.3333333333,0.0000000000
7229,0.0000000000,0.3333333333,0.0000000000
7150,0.0000000000,0.3333333333,0.0000000000
6402,0.0000000000,0.3333333333,0.0000000000
7207,0.0000000000,0.3333333333,0.0000000000
9689,0.0000000000,0.3333333333,0.0000000000
9109,0.0000000000,0.3333333333,0.0000000000
4639,0.0000000000,0.3333333333,0.0000000000
8704,0.0000000000,0.3333333333,0.0000000000
7574,0.0000000000,0.3333333333,0.0000000000
7395,0.0000000000,0.3333333333,0.0000000000
9499,0.0000000000,0.3333333333,0.0000000000
9990,0.0000000000,0.3333333333,0.0000000000
8198,0.0000000000,0.3333333333,0.0000000000
7139,0.0000000000,0.3333333333,0.0000000000
8737,0.0000000000,0.3333333333,0.0000000000
4318,0.0000000000,0.3333333333,0.0000000000
9635,0.0000000000,0.3333333333,0.0000000000
5814,0.0000000000,0.3333333333,0.0000000000
9712,0.0000000000,0.3333333333,0.0000000000
7242,0.0000000000,0.3333333333,0.0000000000
6898,0.0000000000,0.3333333333,0.0000000000
6525,0.0000000000,0.3333333333,0.0000000000
5983,0.0000000000,0.3333333333,0.0000000000
4687,0.0000000000,0.3333333333,0.0000000000
4293,0.0000000000,0.3333333333,0.0000000000
1624,0.0000000000,0.3333333333,0.0000000000
9979,0.0000000000,0.3333333333,0.0000000000
1650,0.0000000000,0.3333333333,0.0000000000
9536,0.0000000000,0.3333333333,0.0000000000
9224,0.0000000000,0.3333333333,0.0000000000
5044,0.0000000000,0.3333333333,0.0000000000
3894,0.0000000000,0.3333333333,0.0000000000
9920,0.0000000000,0.3333333333,0.0000000000
4533,0.0000000000,0.3333333333,0.0000000000
4268,0.0000000000,0.3333333333,0.0000000000
9683,0.0000000000,0.3333333333,0.0000000000
8936,0.0000000000,0.3333333333,0.0000000000
8760,0.0000000000,0.3333333333,0.0000000000
4681,0.0000000000,0.3333333333,0.0000000000
3202,0.0000000000,0.3333333333,0.0000000000
2355,0.0000000000,0.3333333333,0.0000000000
1065,0.0000000000,0.3333333333,0.0000000000
8263,0.0000000000,0.3333333333,0.0000000000
2631,0.0000000000,0.3333333333,0.0000000000
9795,0.0000000000,0.3333333333,0.0000000000
9132,0.0000000000,0.3333333333,0.0000000000
7464,0.0000000000,0.3333333333,0.0000000000
6510,0.0000000000,0.3333333333,0.0000000000
3782,0.0000000000,0.3333333333,0.0000000000
3347,0.0000000000,0.3333333333,0.0000000000
1857,0.0000000000,0.3333333333,0.0000000000
4512,0.0000000000,0.3333333333,0.0000000000
9599,0.0000000000,0.3333333333,0.0000000000
7832,0.0000000000,0.3333333333,0.0000000000
6569,0.0000000000,0.3333333333,0.0000000000
4508,0.0000000000,0.3333333333,0.0000000000
8691,0.0000000000,0.3333333333,0.0000000000
3456,0.0000000000,0.3333333333,0.0000000000
1975,0.0000000000,0.3333333333,0.0000000000
8048,0.0000000000,0.3333333333,0.0000000000
7117,0.0000000000,0.3333333333,0.0000000000
5013,0.0000000000,0.3333333333,0.0000000000
1724,0.0000000000,0.3333333333,0.0000000000
8913,0.0000000000,0.3333333333,0.0000000000
5843,0.0000000000,0.3333333333,0.0000000000
9895,0.0000000000,0.3333333333,0.0000000000
8566,0.0000000000,0.3333333333,0.0000000000
2311,0.0000000000,0.3333333333,0.0000000000
9505,0.0000000000,0.3333333333,0.0000000000
6000,0.0000000000,0.3333333333,0.0000000000
3536,0.0000000000,0.3333333333,0.0000000000
3502,0.0000000000,0.3333333333,0.0000000000
9493,0.0000000000,0.3333333333,0.0000000000
7797,0.0000000000,0.3333333333,0.0000000000
3960,0.0000000000,0.3333333333,0.0000000000
9558,0.0000000000,0.3333333333,0.0000000000
4275,0.0000000000,0.3333333333,0.0000000000
5770,0.0000000000,0.3333333333,0.0000000000
7336,0.0000000000,0.3333333333,0.0000000000
5968,0.0000000000,0.3333333333,0.0000000000
4969,0.0000000000,0.3333333333,0.0000000000
2577,0.0000000000,0.3333333333,0.0000000000
4039,0.0000000000,0.3333333333,0.0000000000
2391,0.0000000000,0.3333333333,0.0000000000
9837,0.0000000000,0.3333333333,0.0000000000
9814,0.0000000000,0.3333333333,0.0000000000
8817,0.0000000000,0.3333333333,0.0000000000
8405,0.0000000000,0.3333333333,0.0000000000
8275,0.0000000000,0.3333333333,0.0000000000
7081,0.0000000000,0.3333333333,0.0000000000
2989,0.0000000000,0.3333333333,0.0000000000
9550,0.0000000000,0.3333333333,0.0000000000
8001,0.0000000000,0.3333333333,0.0000000000
6873,0.0000000000,0.3333333333,0.0000000000
6409,0.0000000000,0.3333333333,0.0000000000
6203,0.0000000000,0.3333333333,0.0000000000
1687,0.0000000000,0.3333333333,0.0000000000
9384,0.0000000000,0.3333333333,0.0000000000
8823,0.0000000000,0.3333333333,0.0000000000
8232,0.0000000000,0.3333333333,0.0000000000
8104,0.0000000000,0.3333333333,0.0000000000
7421,0.0000000000,0.3333333333,0.0000000000
2782,0.0000000000,0.3333333333,0.0000000000
9604,0.0000000000,0.3333333333,0.0000000000
9535,0.0000000000,0.3333333333,0.0000000000
9529,0.0000000000,0.3333333333,0.0000000000
9125,0.0000000000,0.3333333333,0.0000000000
9104,0.0000000000,0.3333333333,0.0000000000
8422,0.0000000000,0.3333333333,0.0000000000
7953,0.0000000000,0.3333333333,0.0000000000
7715,0.0000000000,0.3333333333,0.0000000000
7364,0.0000000000,0.3333333333,0.0000000000
6838,0.0000000000,0.3333333333,0.0000000000
6653,0.0000000000,0.3333333333,0.0000000000
5000,0.0000000000,0.3333333333,0.0000000000
4925,0.0000000000,0.3333333333,0.0000000000
9560,0.0000000000,0.3333333333,0.0000000000
4473,0.0000000000,0.3333333333,0.0000000000
4096,0.0000000000,0.3333333333,0.0000000000
1968,0.0000000000,0.3333333333,0.0000000000
9180,0.0000000000,0.3333333333,0.0000000000
8108,0.0000000000,0.3333333333,0.0000000000
7085,0.0000000000,0.3333333333,0.0000000000
7925,0.0000000000,0.3333333333,0.0000000000
2186,0.0000000000,0.3333333333,0.0000000000
6796,0.0000000000,0.3333333333,0.0000000000
6137,0.0000000000,0.3333333333,0.0000000000
8698,0.0000000000,0.3333333333,0.0000000000
3611,0.0000000000,0.3333333333,0.0000000000
9947,0.0000000000,0.3333333333,0.0000000000
9272,0.0000000000,0.3333333333,0.0000000000
3875,0.0000000000,0.3333333333,0.0000000000
3692,0.0000000000,0.3333333333,0.0000000000
7696,0.0000000000,0.3333333333,0.0000000000
8368,0.0000000000,0.3333333333,0.0000000000
7783,0.0000000000,0.3333333333,0.0000000000
9222,0.0000000000,0.3333333333,0.0000000000
7849,0.0000000000,0.3333333333,0.0000000000
6408,0.0000000000,0.3333333333,0.0000000000
4828,0.0000000000,0.3333333333,0.0000000000
6192,0.0000000000,0.3333333333,0.0000000000
9336,0.0000000000,0.3333333333,0.0000000000
8572,0.0000000000,0.3333333333,0.0000000000
8407,0.0000000000,0.3333333333,0.0000000000
7189,0.0000000000,0.3333333333,0.0000000000
6702,0.0000000000,0.3333333333,0.0000000000
5512,0.0000000000,0.3333333333,0.0000000000
4941,0.0000000000,0.3333333333,0.0000000000
8588,0.0000000000,0.3333333333,0.0000000000
6579,0.0000000000,0.3333333333,0.0000000000
4675,0.0000000000,0.3333333333,0.0000000000
9855,0.0000000000,0.3333333333,0.0000000000
7060,0.0000000000,0.3333333333,0.0000000000
9801,0.0000000000,0.3333333333,0.0000000000
8003,0.0000000000,0.3333333333,0.0000000000
4605,0.0000000000,0.3333333333,0.0000000000
1556,0.0000000000,0.3333333333,0.0000000000
9958,0.0000000000,0.3333333333,0.0000000000
9835,0.0000000000,0.3333333333,0.0000000000
9685,0.0000000000,0.3333333333,0.0000000000
9545,0.0000000000,0.3333333333,0.0000000000
8742,0.0000000000,0.3333333333,0.0000000000
2597,0.0000000000,0.3333333333,0.0000000000
7684,0.0000000000,0.3333333333,0.0000000000
7625,0.0000000000,0.3333333333,0.0000000000
7525,0.0000000000,0.3333333333,0.0000000000
7427,0.0000000000,0.3333333333,0.0000000000
7378,0.0000000000,0.3333333333,0.0000000000
7265,0.0000000000,0.3333333333,0.0000000000
7037,0.0000000000,0.3333333333,0.0000000000
5931,0.0000000000,0.3333333333,0.0000000000
4460,0.0000000000,0.3333333333,0.0000000000
3631,0.0000000000,0.3333333333,0.0000000000
8577,0.0000000000,0.3333333333,0.0000000000
3490,0.0000000000,0.3333333333,0.0000000000
8212,0.0000000000,0.3333333333,0.0000000000
2406,0.0000000000,0.3333333333,0.0000000000
1985,0.0000000000,0.3333333333,0.0000000000
6503,0.0000000000,0.3333333333,0.0000000000
5259,0.0000000000,0.3333333333,0.0000000000
9938,0.0000000000,0.3333333333,0.0000000000
8429,0.0000000000,0.3333333333,0.0000000000
8156,0.0000000000,0.3333333333,0.0000000000
6227,0.0000000000,0.3333333333,0.0000000000
9520,0.0000000000,0.3333333333,0.0000000000
2708,0.0000000000,0.3333333333,0.0000000000
5698,0.0000000000,0.3333333333,0.0000000000
9271,0.0000000000,0.3333333333,0.0000000000
7941,0.0000000000,0.3333333333,0.0000000000
6884,0.0000000000,0.3333333333,0.0000000000
3883,0.0000000000,0.3333333333,0.0000000000
3266,0.0000000000,0.3333333333,0.0000000000
8582,0.0000000000,0.3333333333,0.0000000000
4991,0.0000000000,0.3333333333,0.0000000000
9960,0.0000000000,0.3333333333,0.0000000000
4145,0.0000000000,0.3333333333,0.0000000000
2695,0.0000000000,0.3333333333,0.0000000000
5581,0.0000000000,0.3333333333,0.0000000000
9099,0.0000000000,0.3333333333,0.0000000000
7634,0.0000000000,0.3333333333,0.0000000000
6464,0.0000000000,0.3333333333,0.0000000000
2133,0.0000000000,0.3333333333,0.0000000000
7238,0.0000000000,0.3333333333,0.0000000000
9022,0.0000000000,0.3333333333,0.0000000000
4606,0.0000000000,0.3333333333,0.0000000000
9549,0.0000000000,0.3333333333,0.0000000000
6430,0.0000000000,0.3333333333,0.0000000000
5842,0.0000000000,0.3333333333,0.0000000000
5049,0.0000000000,0.3333333333,0.0000000000
9517,0.0000000000,0.3333333333,0.0000000000
3054,0.0000000000,0.3333333333,0.0000000000
8141,0.0000000000,0.3333333333,0.0000000000
4688,0.0000000000,0.3333333333,0.0000000000
4447,0.0000000000,0.3333333333,0.0000000000
6888,0.0000000000,0.3333333333,0.0000000000
6870,0.0000000000,0.3333333333,0.0000000000
6708,0.0000000000,0.3333333333,0.0000000000
9155,0.0000000000,0.3333333333,0.0000000000
3518,0.0000000000,0.3333333333,0.0000000000
9582,0.0000000000,0.3333333333,0.0000000000
8756,0.0000000000,0.3333333333,0.0000000000
7051,0.0000000000,0.3333333333,0.0000000000
3756,0.0000000000,0.3333333333,0.0000000000
5886,0.0000000000,0.3333333333,0.0000000000
9713,0.0000000000,0.3333333333,0.0000000000
9137,0.0000000000,0.3333333333,0.0000000000
3706,0.0000000000,0.3333333333,0.0000000000
3087,0.0000000000,0.3333333333,0.0000000000
7328,0.0000000000,0.3333333333,0.0000000000
7292,0.0000000000,0.3333333333,0.0000000000
7005,0.0000000000,0.3333333333,0.0000000000
6623,0.0000000000,0.3333333333,0.0000000000
6263,0.0000000000,0.3333333333,0.0000000000
9324,0.0000000000,0.3333333333,0.0000000000
9005,0.0000000000,0.3333333333,0.0000000000
8162,0.0000000000,0.3333333333,0.0000000000
9034,0.0000000000,0.3333333333,0.0000000000
4327,0.0000000000,0.3333333333,0.0000000000
2131,0.0000000000,0.3333333333,0.0000000000
9790,0.0000000000,0.3333333333,0.0000000000
9752,0.0000000000,0.3333333333,0.0000000000
9169,0.0000000000,0.3333333333,0.0000000000
6591,0.0000000000,0.3333333333,0.0000000000
6560,0.0000000000,0.3333333333,0.0000000000
6456,0.0000000000,0.3333333333,0.0000000000
5647,0.0000000000,0.3333333333,0.0000000000
3838,0.0000000000,0.3333333333,0.0000000000
3812,0.0000000000,0.3333333333,0.0000000000
8532,0.0000000000,0.3333333333,0.0000000000
6476,0.0000000000,0.3333333333,0.0000000000
7998,0.0000000000,0.3333333333,0.0000000000
7954,0.0000000000,0.3333333333,0.0000000000
7837,0.0000000000,0.3333333333,0.0000000000
7829,0.0000000000,0.3333333333,0.0000000000
9804,0.0000000000,0.3333333333,0.0000000000
3785,0.0000000000,0.3333333333,0.0000000000
7412,0.0000000000,0.3333333333,0.0000000000
8115,0.0000000000,0.3333333333,0.0000000000
2785,0.0000000000,0.3333333333,0.0000000000
7872,0.0000000000,0.3333333333,0.0000000000
7772,0.0000000000,0.3333333333,0.0000000000
3687,0.0000000000,0.3333333333,0.0000000000
7311,0.0000000000,0.3333333333,0.0000000000
3957,0.0000000000,0.3333333333,0.0000000000
1284,0.0000000000,0.3333333333,0.0000000000
9819,0.0000000000,0.3333333333,0.0000000000
7871,0.0000000000,0.3333333333,0.0000000000
8765,0.0000000000,0.3333333333,0.0000000000
8271,0.0000000000,0.3333333333,0.0000000000
7710,0.0000000000,0.3333333333,0.0000000000
1636,0.0000000000,0.3333333333,0.0000000000
6159,0.0000000000,0.3333333333,0.0000000000
9969,0.0000000000,0.3333333333,0.0000000000
8935,0.0000000000,0.3333333333,0.0000000000
8810,0.0000000000,0.3333333333,0.0000000000
8799,0.0000000000,0.3333333333,0.0000000000
8485,0.0000000000,0.3333333333,0.0000000000
7503,0.0000000000,0.3333333333,0.0000000000
7226,0.0000000000,0.3333333333,0.0000000000
6837,0.0000000000,0.3333333333,0.0000000000
9470,0.0000000000,0.3333333333,0.0000000000
4240,0.0000000000,0.3333333333,0.0000000000
7200,0.0000000000,0.3333333333,0.0000000000
6350,0.0000000000,0.3333333333,0.0000000000
9381,0.0000000000,0.3333333333,0.0000000000
5511,0.0000000000,0.3333333333,0.0000000000
9821,0.0000000000,0.3333333333,0.0000000000
9807,0.0000000000,0.3333333333,0.0000000000
9447,0.0000000000,0.3333333333,0.0000000000
8370,0.0000000000,0.3333333333,0.0000000000
7962,0.0000000000,0.3333333333,0.0000000000
4298,0.0000000000,0.3333333333,0.0000000000
3896,0.0000000000,0.3333333333,0.0000000000
8560,0.0000000000,0.3333333333,0.0000000000
7725,0.0000000000,0.3333333333,0.0000000000
8364,0.0000000000,0.3333333333,0.0000000000
8310,0.0000000000,0.3333333333,0.0000000000
9926,0.0000000000,0.3333333333,0.0000000000
9858,0.0000000000,0.3333333333,0.0000000000
9477,0.0000000000,0.3333333333,0.0000000000
9431,0.0000000000,0.3333333333,0.0000000000
8319,0.0000000000,0.3333333333,0.0000000000
7391,0.0000000000,0.3333333333,0.0000000000
5853,0.0000000000,0.3333333333,0.0000000000
4918,0.0000000000,0.3333333333,0.0000000000
4629,0.0000000000,0.3333333333,0.0000000000
4153,0.0000000000,0.3333333333,0.0000000000
2212,0.0000000000,0.3333333333,0.0000000000
5419,0.0000000000,0.3333333333,0.0000000000
7592,0.0000000000,0.3333333333,0.0000000000
7161,0.0000000000,0.3333333333,0.0000000000
5057,0.0000000000,0.3333333333,0.0000000000
3876,0.0000000000,0.3333333333,0.0000000000
7587,0.0000000000,0.3333333333,0.0000000000
2200,0.0000000000,0.3333333333,0.0000000000
7140,0.0000000000,0.3333333333,0.0000000000
6319,0.0000000000,0.3333333333,0.0000000000
6243,0.0000000000,0.3333333333,0.0000000000
5292,0.0000000000,0.3333333333,0.0000000000
9925,0.0000000000,0.3333333333,0.0000000000
4838,0.0000000000,0.3333333333,0.0000000000
8693,0.0000000000,0.3333333333,0.0000000000
3606,0.0000000000,0.3333333333,0.0000000000
6076,0.0000000000,0.3333333333,0.0000000000
8773,0.0000000000,0.3333333333,0.0000000000
8562,0.0000000000,0.3333333333,0.0000000000
3000,0.0000000000,0.3333333333,0.0000000000
8021,0.0000000000,0.3333333333,0.0000000000
6490,0.0000000000,0.3333333333,0.0000000000
1403,0.0000000000,0.3333333333,0.0000000000
6479,0.0000000000,0.3333333333,0.0000000000
9356,0.0000000000,0.3333333333,0.0000000000
4883,0.0000000000,0.3333333333,0.0000000000
9970,0.0000000000,0.3333333333,0.0000000000
9515,0.0000000000,0.3333333333,0.0000000000
9300,0.0000000000,0.3333333333,0.0000000000
9082,0.0000000000,0.3333333333,0.0000000000
7475,0.0000000000,0.3333333333,0.0000000000
7288,0.0000000000,0.3333333333,0.0000000000
6378,0.0000000000,0.3333333333,0.0000000000
9788,0.0000000000,0.3333333333,0.0000000000
3827,0.0000000000,0.3333333333,0.0000000000
8865,0.0000000000,0.3333333333,0.0000000000
3241,0.0000000000,0.3333333333,0.0000000000
3038,0.0000000000,0.3333333333,0.0000000000
6671,0.0000000000,0.3333333333,0.0000000000
6566,0.0000000000,0.3333333333,0.0000000000
5614,0.0000000000,0.3333333333,0.0000000000
9869,0.0000000000,0.3333333333,0.0000000000
9205,0.0000000000,0.3333333333,0.0000000000
9181,0.0000000000,0.3333333333,0.0000000000
9036,0.0000000000,0.3333333333,0.0000000000
8493,0.0000000000,0.3333333333,0.0000000000
8119,0.0000000000,0.3333333333,0.0000000000
7937,0.0000000000,0.3333333333,0.0000000000
7732,0.0000000000,0.3333333333,0.0000000000
7233,0.0000000000,0.3333333333,0.0000000000
4906,0.0000000000,0.3333333333,0.0000000000
7224,0.0000000000,0.3333333333,0.0000000000
7114,0.0000000000,0.3333333333,0.0000000000
2027,0.0000000000,0.3333333333,0.0000000000
6764,0.0000000000,0.3333333333,0.0000000000
8819,0.0000000000,0.3333333333,0.0000000000
8763,0.0000000000,0.3333333333,0.0000000000
8036,0.0000000000,0.3333333333,0.0000000000
7282,0.0000000000,0.3333333333,0.0000000000
5958,0.0000000000,0.3333333333,0.0000000000
5538,0.0000000000,0.3333333333,0.0000000000
5627,0.0000000000,0.3333333333,0.0000000000
3409,0.0000000000,0.3333333333,0.0000000000
8496,0.0000000000,0.3333333333,0.0000000000
6780,0.0000000000,0.3333333333,0.0000000000
6486,0.0000000000,0.3333333333,0.0000000000
4877,0.0000000000,0.3333333333,0.0000000000
1831,0.0000000000,0.3333333333,0.0000000000
6439,0.0000000000,0.3333333333,0.0000000000
5632,0.0000000000,0.3333333333,0.0000000000
9981,0.0000000000,0.3333333333,0.0000000000
9134,0.0000000000,0.3333333333,0.0000000000
7469,0.0000000000,0.3333333333,0.0000000000
3991,0.0000000000,0.3333333333,0.0000000000
7876,0.0000000000,0.3333333333,0.0000000000
6933,0.0000000000,0.3333333333,0.0000000000
6840,0.0000000000,0.3333333333,0.0000000000
7372,0.0000000000,0.3333333333,0.0000000000
9793,0.0000000000,0.3333333333,0.0000000000
9579,0.0000000000,0.3333333333,0.0000000000
9571,0.0000000000,0.3333333333,0.0000000000
8882,0.0000000000,0.3333333333,0.0000000000
8650,0.0000000000,0.3333333333,0.0000000000
4741,0.0000000000,0.3333333333,0.0000000000
4095,0.0000000000,0.3333333333,0.0000000000
9363,0.0000000000,0.3333333333,0.0000000000
9114,0.0000000000,0.3333333333,0.0000000000
8179,0.0000000000,0.3333333333,0.0000000000
7294,0.0000000000,0.3333333333,0.0000000000
6466,0.0000000000,0.3333333333,0.0000000000
5668,0.0000000000,0.3333333333,0.0000000000
4691,0.0000000000,0.3333333333,0.0000000000
6590,0.0000000000,0.3333333333,0.0000000000
5329,0.0000000000,0.3333333333,0.0000000000
9831,0.0000000000,0.3333333333,0.0000000000
7307,0.0000000000,0.3333333333,0.0000000000
9072,0.0000000000,0.3333333333,0.0000000000
3677,0.0000000000,0.3333333333,0.0000000000
8637,0.0000000000,0.3333333333,0.0000000000
2284,0.0000000000,0.3333333333,0.0000000000
6628,0.0000000000,0.3333333333,0.0000000000
8678,0.0000000000,0.3333333333,0.0000000000
8459,0.0000000000,0.3333333333,0.0000000000
6863,0.0000000000,0.3333333333,0.0000000000
6540,0.0000000000,0.3333333333,0.0000000000
6036,0.0000000000,0.3333333333,0.0000000000
8059,0.0000000000,0.3333333333,0.0000000000
9939,0.0000000000,0.3333333333,0.0000000000
4142,0.0000000000,0.3333333333,0.0000000000
8427,0.0000000000,0.3333333333,0.0000000000
9695,0.0000000000,0.3333333333,0.0000000000
9294,0.0000000000,0.3333333333,0.0000000000
8292,0.0000000000,0.3333333333,0.0000000000
8187,0.0000000000,0.3333333333,0.0000000000
3663,0.0000000000,0.3333333333,0.0000000000
8548,0.0000000000,0.3333333333,0.0000000000
3461,0.0000000000,0.3333333333,0.0000000000
9853,0.0000000000,0.3333333333,0.0000000000
9783,0.0000000000,0.3333333333,0.0000000000
9539,0.0000000000,0.3333333333,0.0000000000
9230,0.0000000000,0.3333333333,0.0000000000
9226,0.0000000000,0.3333333333,0.0000000000
8004,0.0000000000,0.3333333333,0.0000000000
6699,0.0000000000,0.3333333333,0.0000000000
5017,0.0000000000,0.3333333333,0.0000000000
8711,0.0000000000,0.3333333333,0.0000000000
3624,0.0000000000,0.3333333333,0.0000000000
3370,0.0000000000,0.3333333333,0.0000000000
3367,0.0000000000,0.3333333333,0.0000000000
8257,0.0000000000,0.3333333333,0.0000000000
3170,0.0000000000,0.3333333333,0.0000000000
2097,0.0000000000,0.3333333333,0.0000000000
1934,0.0000000000,0.3333333333,0.0000000000
7987,0.0000000000,0.3333333333,0.0000000000
7659,0.0000000000,0.3333333333,0.0000000000
6574,0.0000000000,0.3333333333,0.0000000000
9432,0.0000000000,0.3333333333,0.0000000000
8214,0.0000000000,0.3333333333,0.0000000000
5005,0.0000000000,0.3333333333,0.0000000000
4080,0.0000000000,0.3333333333,0.0000000000
7120,0.0000000000,0.3333333333,0.0000000000
9968,0.0000000000,0.3333333333,0.0000000000
9838,0.0000000000,0.3333333333,0.0000000000
4429,0.0000000000,0.3333333333,0.0000000000
9516,0.0000000000,0.3333333333,0.0000000000
9419,0.0000000000,0.3333333333,0.0000000000
9163,0.0000000000,0.3333333333,0.0000000000
3451,0.0000000000,0.3333333333,0.0000000000
8378,0.0000000000,0.3333333333,0.0000000000
6259,0.0000000000,0.3333333333,0.0000000000
3721,0.0000000000,0.3333333333,0.0000000000
9025,0.0000000000,0.3333333333,0.0000000000
8567,0.0000000000,0.3333333333,0.0000000000
7839,0.0000000000,0.3333333333,0.0000000000
7429,0.0000000000,0.3333333333,0.0000000000
7048,0.0000000000,0.3333333333,0.0000000000
4599,0.0000000000,0.3333333333,0.0000000000
8708,0.0000000000,0.3333333333,0.0000000000
8648,0.0000000000,0.3333333333,0.0000000000
7594,0.0000000000,0.3333333333,0.0000000000
2455,0.0000000000,0.3333333333,0.0000000000
2023,0.0000000000,0.3333333333,0.0000000000
9101,0.0000000000,0.3333333333,0.0000000000
3768,0.0000000000,0.3333333333,0.0000000000
8855,0.0000000000,0.3333333333,0.0000000000
7335,0.0000000000,0.3333333333,0.0000000000
6985,0.0000000000,0.3333333333,0.0000000000
6745,0.0000000000,0.3333333333,0.0000000000
5978,0.0000000000,0.3333333333,0.0000000000
9427,0.0000000000,0.3333333333,0.0000000000
8269,0.0000000000,0.3333333333,0.0000000000
9911,0.0000000000,0.3333333333,0.0000000000
7761,0.0000000000,0.3333333333,0.0000000000
7731,0.0000000000,0.3333333333,0.0000000000
7301,0.0000000000,0.3333333333,0.0000000000
2179,0.0000000000,0.3333333333,0.0000000000
6655,0.0000000000,0.3333333333,0.0000000000
4531,0.0000000000,0.3333333333,0.0000000000
6073,0.0000000000,0.3333333333,0.0000000000
8553,0.0000000000,0.3333333333,0.0000000000
5440,0.0000000000,0.3333333333,0.0000000000
9359,0.0000000000,0.3333333333,0.0000000000
3668,0.0000000000,0.3333333333,0.0000000000
6785,0.0000000000,0.3333333333,0.0000000000
4069,0.0000000000,0.3333333333,0.0000000000
8145,0.0000000000,0.3333333333,0.0000000000
5380,0.0000000000,0.3333333333,0.0000000000
9448,0.0000000000,0.3333333333,0.0000000000
8287,0.0000000000,0.3333333333,0.0000000000
2890,0.0000000000,0.3333333333,0.0000000000
7977,0.0000000000,0.3333333333,0.0000000000
2843,0.0000000000,0.3333333333,0.0000000000
7930,0.0000000000,0.3333333333,0.0000000000
7053,0.0000000000,0.3333333333,0.0000000000
6389,0.0000000000,0.3333333333,0.0000000000
5506,0.0000000000,0.3333333333,0.0000000000
4725,0.0000000000,0.3333333333,0.0000000000
4281,0.0000000000,0.3333333333,0.0000000000
8792,0.0000000000,0.3333333333,0.0000000000
3371,0.0000000000,0.3333333333,0.0000000000
7697,0.0000000000,0.3333333333,0.0000000000
2098,0.0000000000,0.3333333333,0.0000000000
6649,0.0000000000,0.3333333333,0.0000000000
6340,0.0000000000,0.3333333333,0.0000000000
5793,0.0000000000,0.3333333333,0.0000000000
9717,0.0000000000,0.3333333333,0.0000000000
4098,0.0000000000,0.3333333333,0.0000000000
9185,0.0000000000,0.3333333333,0.0000000000
8276,0.0000000000,0.3333333333,0.0000000000
7596,0.0000000000,0.3333333333,0.0000000000
7023,0.0000000000,0.3333333333,0.0000000000
6688,0.0000000000,0.3333333333,0.0000000000
6577,0.0000000000,0.3333333333,0.0000000000
4982,0.0000000000,0.3333333333,0.0000000000
9948,0.0000000000,0.3333333333,0.0000000000
4861,0.0000000000,0.3333333333,0.0000000000
4323,0.0000000000,0.3333333333,0.0000000000
8688,0.0000000000,0.3333333333,0.0000000000
2958,0.0000000000,0.3333333333,0.0000000000
7201,0.0000000000,0.3333333333,0.0000000000
6535,0.0000000000,0.3333333333,0.0000000000
5761,0.0000000000,0.3333333333,0.0000000000
165,0.0000000000,0.3333333333,0.0000000000
9311,0.0000000000,0.3333333333,0.0000000000
9121,0.0000000000,0.3333333333,0.0000000000
7526,0.0000000000,0.3333333333,0.0000000000
9304,0.0000000000,0.3333333333,0.0000000000
9246,0.0000000000,0.3333333333,0.0000000000
7621,0.0000000000,0.3333333333,0.0000000000
7613,0.0000000000,0.3333333333,0.0000000000
7452,0.0000000000,0.3333333333,0.0000000000
3914,0.0000000000,0.3333333333,0.0000000000
3738,0.0000000000,0.3333333333,0.0000000000
5520,0.0000000000,0.3333333333,0.0000000000
5328,0.0000000000,0.3333333333,0.0000000000
9523,0.0000000000,0.3333333333,0.0000000000
9511,0.0000000000,0.3333333333,0.0000000000
9237,0.0000000000,0.3333333333,0.0000000000
9098,0.0000000000,0.3333333333,0.0000000000
8118,0.0000000000,0.3333333333,0.0000000000
7973,0.0000000000,0.3333333333,0.0000000000
7750,0.0000000000,0.3333333333,0.0000000000
9770,0.0000000000,0.3333333333,0.0000000000
8197,0.0000000000,0.3333333333,0.0000000000
2066,0.0000000000,0.3333333333,0.0000000000
7033,0.0000000000,0.3333333333,0.0000000000
1946,0.0000000000,0.3333333333,0.0000000000
6404,0.0000000000,0.3333333333,0.0000000000
6237,0.0000000000,0.3333333333,0.0000000000
5807,0.0000000000,0.3333333333,0.0000000000
9406,0.0000000000,0.3333333333,0.0000000000
9007,0.0000000000,0.3333333333,0.0000000000
8996,0.0000000000,0.3333333333,0.0000000000
8288,0.0000000000,0.3333333333,0.0000000000
7617,0.0000000000,0.3333333333,0.0000000000
6767,0.0000000000,0.3333333333,0.0000000000
4859,0.0000000000,0.3333333333,0.0000000000
9878,0.0000000000,0.3333333333,0.0000000000
4791,0.0000000000,0.3333333333,0.0000000000
3357,0.0000000000,0.3333333333,0.0000000000
7995,0.0000000000,0.3333333333,0.0000000000
7865,0.0000000000,0.3333333333,0.0000000000
2847,0.0000000000,0.3333333333,0.0000000000
4562,0.0000000000,0.3333333333,0.0000000000
9649,0.0000000000,0.3333333333,0.0000000000
9631,0.0000000000,0.3333333333,0.0000000000
4541,0.0000000000,0.3333333333,0.0000000000
9628,0.0000000000,0.3333333333,0.0000000000
4105,0.0000000000,0.3333333333,0.0000000000
9192,0.0000000000,0.3333333333,0.0000000000
4059,0.0000000000,0.3333333333,0.0000000000
9146,0.0000000000,0.3333333333,0.0000000000
8635,0.0000000000,0.3333333333,0.0000000000
3244,0.0000000000,0.3333333333,0.0000000000
8331,0.0000000000,0.3333333333,0.0000000000
6568,0.0000000000,0.3333333333,0.0000000000
6351,0.0000000000,0.3333333333,0.0000000000
6018,0.0000000000,0.3333333333,0.0000000000
5475,0.0000000000,0.3333333333,0.0000000000
9932,0.0000000000,0.3333333333,0.0000000000
4845,0.0000000000,0.3333333333,0.0000000000
9632,0.0000000000,0.3333333333,0.0000000000
4545,0.0000000000,0.3333333333,0.0000000000
5230,0.0000000000,0.3333333333,0.0000000000
4144,0.0000000000,0.3333333333,0.0000000000
9231,0.0000000000,0.3333333333,0.0000000000
7705,0.0000000000,0.3333333333,0.0000000000
6105,0.0000000000,0.3333333333,0.0000000000
5676,0.0000000000,0.3333333333,0.0000000000
852,0.0000000000,0.3333333333,0.0000000000
9335,0.0000000000,0.3333333333,0.0000000000
7762,0.0000000000,0.3333333333,0.0000000000
7682,0.0000000000,0.3333333333,0.0000000000
2576,0.0000000000,0.3333333333,0.0000000000
5556,0.0000000000,0.3333333333,0.0000000000
4104,0.0000000000,0.3333333333,0.0000000000
3659,0.0000000000,0.3333333333,0.0000000000
8626,0.0000000000,0.3333333333,0.0000000000
3539,0.0000000000,0.3333333333,0.0000000000
8514,0.0000000000,0.3333333333,0.0000000000
8277,0.0000000000,0.3333333333,0.0000000000
7623,0.0000000000,0.3333333333,0.0000000000
1496,0.0000000000,0.3333333333,0.0000000000
9918,0.0000000000,0.3333333333,0.0000000000
4747,0.0000000000,0.3333333333,0.0000000000
9834,0.0000000000,0.3333333333,0.0000000000
9420,0.0000000000,0.3333333333,0.0000000000
9306,0.0000000000,0.3333333333,0.0000000000
8602,0.0000000000,0.3333333333,0.0000000000
7873,0.0000000000,0.3333333333,0.0000000000
6572,0.0000000000,0.3333333333,0.0000000000
5947,0.0000000000,0.3333333333,0.0000000000
3603,0.0000000000,0.3333333333,0.0000000000
7546,0.0000000000,0.3333333333,0.0000000000
7080,0.0000000000,0.3333333333,0.0000000000
6029,0.0000000000,0.3333333333,0.0000000000
5927,0.0000000000,0.3333333333,0.0000000000
9995,0.0000000000,0.3333333333,0.0000000000
9870,0.0000000000,0.3333333333,0.0000000000
4735,0.0000000000,0.3333333333,0.0000000000
9822,0.0000000000,0.3333333333,0.0000000000
9261,0.0000000000,0.3333333333,0.0000000000
9207,0.0000000000,0.3333333333,0.0000000000
8993,0.0000000000,0.3333333333,0.0000000000
8955,0.0000000000,0.3333333333,0.0000000000
8890,0.0000000000,0.3333333333,0.0000000000
7106,0.0000000000,0.3333333333,0.0000000000
5306,0.0000000000,0.3333333333,0.0000000000
3419,0.0000000000,0.3333333333,0.0000000000
2322,0.0000000000,0.3333333333,0.0000000000
7397,0.0000000000,0.3333333333,0.0000000000
7008,0.0000000000,0.3333333333,0.0000000000
5730,0.0000000000,0.3333333333,0.0000000000
9906,0.0000000000,0.3333333333,0.0000000000
9562,0.0000000000,0.3333333333,0.0000000000
8739,0.0000000000,0.3333333333,0.0000000000
6993,0.0000000000,0.3333333333,0.0000000000
6344,0.0000000000,0.3333333333,0.0000000000
6148,0.0000000000,0.3333333333,0.0000000000
8807,0.0000000000,0.3333333333,0.0000000000
8306,0.0000000000,0.3333333333,0.0000000000
9965,0.0000000000,0.3333333333,0.0000000000
9739,0.0000000000,0.3333333333,0.0000000000
9446,0.0000000000,0.3333333333,0.0000000000
9441,0.0000000000,0.3333333333,0.0000000000
9243,0.0000000000,0.3333333333,0.0000000000
9188,0.0000000000,0.3333333333,0.0000000000
3996,0.0000000000,0.3333333333,0.0000000000
9083,0.0000000000,0.3333333333,0.0000000000
8998,0.0000000000,0.3333333333,0.0000000000
8809,0.0000000000,0.3333333333,0.0000000000
8676,0.0000000000,0.3333333333,0.0000000000
8595,0.0000000000,0.3333333333,0.0000000000
8264,0.0000000000,0.3333333333,0.0000000000
7964,0.0000000000,0.3333333333,0.0000000000
7928,0.0000000000,0.3333333333,0.0000000000
7814,0.0000000000,0.3333333333,0.0000000000
7745,0.0000000000,0.3333333333,0.0000000000
7674,0.0000000000,0.3333333333,0.0000000000
7291,0.0000000000,0.3333333333,0.0000000000
7093,0.0000000000,0.3333333333,0.0000000000
7030,0.0000000000,0.3333333333,0.0000000000
6901,0.0000000000,0.3333333333,0.0000000000
6666,0.0000000000,0.3333333333,0.0000000000
6630,0.0000000000,0.3333333333,0.0000000000
6156,0.0000000000,0.3333333333,0.0000000000
5934,0.0000000000,0.3333333333,0.0000000000
5917,0.0000000000,0.3333333333,0.0000000000
5554,0.0000000000,0.3333333333,0.0000000000
5256,0.0000000000,0.3333333333,0.0000000000
4960,0.0000000000,0.3333333333,0.0000000000
9698,0.0000000000,0.3333333333,0.0000000000
4611,0.0000000000,0.3333333333,0.0000000000
9288,0.0000000000,0.3333333333,0.0000000000
4133,0.0000000000,0.3333333333,0.0000000000
8960,0.0000000000,0.3333333333,0.0000000000
3672,0.0000000000,0.3333333333,0.0000000000
7401,0.0000000000,0.3333333333,0.0000000000
7277,0.0000000000,0.3333333333,0.0000000000
6895,0.0000000000,0.3333333333,0.0000000000
7099,0.0000000000,0.3333333333,0.0000000000
6353,0.0000000000,0.3333333333,0.0000000000
8681,0.0000000000,0.4444444444,0.0000000000
8227,0.0000000000,0.3333333333,0.0000000000
7656,0.0000000000,0.3333333333,0.0000000000
7610,0.0000000000,0.3333333333,0.0000000000
4697,0.0000000000,0.3333333333,0.0000000000
9784,0.0000000000,0.3333333333,0.0000000000
9799,0.0000000000,0.3333333333,0.0000000000
4712,0.0000000000,0.3333333333,0.0000000000
6595,0.0000000000,0.3333333333,0.0000000000
9299,0.0000000000,0.3333333333,0.0000000000
9154,0.0000000000,0.3333333333,0.0000000000
4067,0.0000000000,0.3333333333,0.0000000000
6424,0.0000000000,0.5555555556,0.0000000000
8931,0.0000000000,0.3333333333,0.0000000000
3471,0.0000000000,0.3333333333,0.0000000000
7867,0.0000000000,0.5555555556,0.0000000000
9593,0.0000000000,0.3333333333,0.0000000000
2407,0.0000000000,0.3333333333,0.0000000000
7038,0.0000000000,0.3333333333,0.0000000000
6808,0.0000000000,0.3333333333,0.0000000000
6592,0.0000000000,0.3333333333,0.0000000000
1505,0.0000000000,0.3333333333,0.0000000000
7786,0.0000000000,0.5555555556,0.0000000000
7742,0.0000000000,0.3333333333,0.0000000000
7716,0.0000000000,0.3333333333,0.0000000000
5037,0.0000000000,0.3333333333,0.0000000000
4988,0.0000000000,0.3333333333,0.0000000000
5303,0.0000000000,0.3333333333,0.0000000000
7612,0.0000000000,0.3333333333,0.0000000000
7589,0.0000000000,0.3333333333,0.0000000000
7122,0.0000000000,0.5555555556,0.0000000000
9935,0.0000000000,0.3333333333,0.0000000000
7578,0.0000000000,0.5555555556,0.0000000000
2864,0.0000000000,0.3333333333,0.0000000000
9866,0.0000000000,0.3333333333,0.0000000000
5333,0.0000000000,0.3333333333,0.0000000000
9608,0.0000000000,0.3333333333,0.0000000000
9174,0.0000000000,0.3333333333,0.0000000000
8620,0.0000000000,0.3333333333,0.0000000000
8203,0.0000000000,0.3333333333,0.0000000000
6219,0.0000000000,0.3333333333,0.0000000000
8152,0.0000000000,0.3333333333,0.0000000000
8080,0.0000000000,0.3333333333,0.0000000000
8057,0.0000000000,0.3333333333,0.0000000000
8033,0.0000000000,0.3333333333,0.0000000000
7360,0.0000000000,0.3333333333,0.0000000000
7245,0.0000000000,0.3333333333,0.0000000000
7618,0.0000000000,0.3333333333,0.0000000000
6600,0.0000000000,0.3333333333,0.0000000000
5954,0.0000000000,0.3333333333,0.0000000000
8311,0.0000000000,0.3333333333,0.0000000000
5951,0.0000000000,0.3333333333,0.0000000000
3074,0.0000000000,0.2222222222,0.0000000000
9816,0.0000000000,0.3333333333,0.0000000000
6472,0.0000000000,0.5555555556,0.0000000000
8917,0.0000000000,0.3333333333,0.0000000000
3830,0.0000000000,0.3333333333,0.0000000000
6917,0.0000000000,0.3333333333,0.0000000000
7290,0.0000000000,0.3333333333,0.0000000000
2203,0.0000000000,0.5555555556,0.0000000000
3477,0.0000000000,0.3333333333,0.0000000000
8332,0.0000000000,0.3333333333,0.0000000000
8043,0.0000000000,0.3333333333,0.0000000000
2956,0.0000000000,0.3333333333,0.0000000000
7670,0.0000000000,0.3333333333,0.0000000000
8652,0.0000000000,0.3333333333,0.0000000000
7821,0.0000000000,0.5555555556,0.0000000000
8979,0.0000000000,0.3333333333,0.0000000000
7178,0.0000000000,0.5555555556,0.0000000000
9847,0.0000000000,0.3333333333,0.0000000000
9063,0.0000000000,0.5555555556,0.0000000000
8667,0.0000000000,0.5555555556,0.0000000000
8593,0.0000000000,0.5555555556,0.0000000000
3879,0.0000000000,0.3333333333,0.0000000000
6609,0.0000000000,0.3333333333,0.0000000000
8208,0.0000000000,0.5555555556,0.0000000000
7196,0.0000000000,0.5555555556,0.0000000000
6825,0.0000000000,0.5555555556,0.0000000000
3230,0.0000000000,0.3333333333,0.0000000000
8317,0.0000000000,0.3333333333,0.0000000000
1221,0.0000000000,0.3333333333,0.0000000000
3951,0.0000000000,0.3333333333,0.0000000000
8800,0.0000000000,0.5555555556,0.0000000000
3046,0.0000000000,0.5555555556,0.0000000000
9839,0.0000000000,0.5555555556,0.0000000000
6317,0.0000000000,0.3333333333,0.0000000000
8301,0.0000000000,0.5555555556,0.0000000000
2328,0.0000000000,0.5555555556,0.0000000000
4685,0.0000000000,0.3333333333,0.0000000000
9392,0.0000000000,0.3333333333,0.0000000000
4305,0.0000000000,0.5555555556,0.0000000000
9012,0.0000000000,0.3333333333,0.0000000000
6230,0.0000000000,0.3333333333,0.0000000000
5873,0.0000000000,0.3333333333,0.0000000000
6524,0.0000000000,0.3333333333,0.0000000000
9589,0.0000000000,0.3333333333,0.0000000000
6357,0.0000000000,0.3333333333,0.0000000000
2191,0.0000000000,0.3333333333,0.0000000000
6470,0.0000000000,0.5555555556,0.0000000000
7790,0.0000000000,0.3333333333,0.0000000000
6058,0.0000000000,0.3333333333,0.0000000000
4814,0.0000000000,0.3333333333,0.0000000000
4795,0.0000000000,0.5555555556,0.0000000000
9509,0.0000000000,0.3333333333,0.0000000000
9881,0.0000000000,0.5555555556,0.0000000000
5153,0.0000000000,0.3333333333,0.0000000000
3615,0.0000000000,0.3333333333,0.0000000000
8702,0.0000000000,0.5555555556,0.0000000000
8011,0.0000000000,0.5555555556,0.0000000000
6027,0.0000000000,0.3333333333,0.0000000000
7746,0.0000000000,0.5555555556,0.0000000000
7457,0.0000000000,0.5555555556,0.0000000000
7430,0.0000000000,0.5555555556,0.0000000000
6632,0.0000000000,0.5555555556,0.0000000000
8795,0.0000000000,0.2222222222,0.0000000000
5933,0.0000000000,0.5555555556,0.0000000000
5633,0.0000000000,0.5555555556,0.0000000000
4302,0.0000000000,0.5555555556,0.0000000000
7768,0.0000000000,0.5555555556,0.0000000000
2977,0.0000000000,0.3333333333,0.0000000000
5084,0.0000000000,0.5555555556,0.0000000000
4827,0.0000000000,0.5555555556,0.0000000000
9338,0.0000000000,0.3333333333,0.0000000000
7164,0.0000000000,0.3333333333,0.0000000000
6383,0.0000000000,0.5555555556,0.0000000000
9252,0.0000000000,0.5555555556,0.0000000000
4165,0.0000000000,0.5555555556,0.0000000000
6821,0.0000000000,0.3333333333,0.0000000000
8697,0.0000000000,0.3333333333,0.0000000000
3625,0.0000000000,0.5555555556,0.0000000000
2503,0.0000000000,0.3333333333,0.0000000000
8158,0.0000000000,0.3333333333,0.0000000000
8350,0.0000000000,0.3333333333,0.0000000000
5993,0.0000000000,0.3333333333,0.0000000000
5969,0.0000000000,0.3333333333,0.0000000000
3093,0.0000000000,0.5555555556,0.0000000000
9933,0.0000000000,0.5555555556,0.0000000000
5219,0.0000000000,0.3333333333,0.0000000000
5591,0.0000000000,0.3333333333,0.0000000000
4749,0.0000000000,0.5555555556,0.0000000000
7506,0.0000000000,0.3333333333,0.0000000000
2166,0.0000000000,0.5555555556,0.0000000000
8721,0.0000000000,0.5555555556,0.0000000000
7154,0.0000000000,0.3333333333,0.0000000000
5408,0.0000000000,0.3333333333,0.0000000000
7392,0.0000000000,0.3333333333,0.0000000000
1986,0.0000000000,0.5555555556,0.0000000000
1807,0.0000000000,0.5555555556,0.0000000000
9251,0.0000000000,0.3333333333,0.0000000000
7040,0.0000000000,0.5555555556,0.0000000000
5334,0.0000000000,0.5555555556,0.0000000000
6438,0.0000000000,0.5555555556,0.0000000000
6891,0.0000000000,0.3333333333,0.0000000000
6429,0.0000000000,0.3333333333,0.0000000000
8783,0.0000000000,0.3333333333,0.0000000000
3025,0.0000000000,0.3333333333,0.0000000000
6172,0.0000000000,0.3333333333,0.0000000000
6573,0.0000000000,0.5555555556,0.0000000000
9303,0.0000000000,0.3333333333,0.0000000000
4216,0.0000000000,0.3333333333,0.0000000000
5444,0.0000000000,0.3333333333,0.0000000000
9391,0.0000000000,0.3333333333,0.0000000000
4304,0.0000000000,0.3333333333,0.0000000000
9018,0.0000000000,0.3333333333,0.0000000000
5691,0.0000000000,0.3333333333,0.0000000000
7822,0.0000000000,0.5555555556,0.0000000000
3026,0.0000000000,0.3333333333,0.0000000000
9998,0.0000000000,0.5555555556,0.0000000000
7564,0.0000000000,0.3333333333,0.0000000000
9409,0.0000000000,0.5555555556,0.0000000000
5424,0.0000000000,0.3333333333,0.0000000000
9348,0.0000000000,0.5555555556,0.0000000000
2376,0.0000000000,0.3333333333,0.0000000000
7463,0.0000000000,0.2222222222,0.0000000000
7269,0.0000000000,0.5555555556,0.0000000000
7588,0.0000000000,0.3333333333,0.0000000000
7215,0.0000000000,0.3333333333,0.0000000000
3296,0.0000000000,0.3333333333,0.0000000000
5195,0.0000000000,0.3333333333,0.0000000000
2465,0.0000000000,0.2222222222,0.0000000000
7179,0.0000000000,0.3333333333,0.0000000000
7859,0.0000000000,0.5555555556,0.0000000000
8956,0.0000000000,0.3333333333,0.0000000000
6599,0.0000000000,0.3333333333,0.0000000000
9512,0.0000000000,0.2222222222,0.0000000000
5836,0.0000000000,0.3333333333,0.0000000000
9973,0.0000000000,0.5555555556,0.0000000000
2529,0.0000000000,0.3333333333,0.0000000000
7616,0.0000000000,0.5555555556,0.0000000000
2902,0.0000000000,0.3333333333,0.0000000000
9924,0.0000000000,0.5555555556,0.0000000000
9843,0.0000000000,0.5555555556,0.0000000000
4730,0.0000000000,0.3333333333,0.0000000000
9817,0.0000000000,0.5555555556,0.0000000000
9792,0.0000000000,0.5555555556,0.0000000000
9198,0.0000000000,0.3333333333,0.0000000000
9656,0.0000000000,0.5555555556,0.0000000000
9583,0.0000000000,0.5555555556,0.0000000000
9518,0.0000000000,0.5555555556,0.0000000000
9655,0.0000000000,0.3333333333,0.0000000000
4490,0.0000000000,0.3333333333,0.0000000000
5167,0.0000000000,0.3333333333,0.0000000000
9091,0.0000000000,0.5555555556,0.0000000000
8822,0.0000000000,0.5555555556,0.0000000000
9909,0.0000000000,0.5555555556,0.0000000000
6423,0.0000000000,0.3333333333,0.0000000000
8687,0.0000000000,0.5555555556,0.0000000000
8590,0.0000000000,0.5555555556,0.0000000000
3476,0.0000000000,0.3333333333,0.0000000000
8563,0.0000000000,0.5555555556,0.0000000000
8412,0.0000000000,0.5555555556,0.0000000000
6097,0.0000000000,0.5555555556,0.0000000000
8315,0.0000000000,0.5555555556,0.0000000000
6331,0.0000000000,0.3333333333,0.0000000000
8166,0.0000000000,0.5555555556,0.0000000000
3877,0.0000000000,0.3333333333,0.0000000000
8964,0.0000000000,0.2222222222,0.0000000000
9337,0.0000000000,0.3333333333,0.0000000000
4250,0.0000000000,0.2222222222,0.0000000000
8127,0.0000000000,0.2222222222,0.0000000000
8599,0.0000000000,0.2222222222,0.0000000000
2496,0.0000000000,0.3333333333,0.0000000000
7583,0.0000000000,0.2222222222,0.0000000000
7358,0.0000000000,0.3333333333,0.0000000000
5975,0.0000000000,0.3333333333,0.0000000000
2666,0.0000000000,0.3333333333,0.0000000000
7753,0.0000000000,0.5555555556,0.0000000000
5396,0.0000000000,0.3333333333,0.0000000000
9201,0.0000000000,0.3333333333,0.0000000000
6983,0.0000000000,0.2222222222,0.0000000000
7796,0.0000000000,0.3333333333,0.0000000000
6866,0.0000000000,0.2222222222,0.0000000000
9598,0.0000000000,0.3333333333,0.0000000000
9971,0.0000000000,0.3333333333,0.0000000000
4884,0.0000000000,0.3333333333,0.0000000000
6872,0.0000000000,0.2222222222,0.0000000000
4721,0.0000000000,0.3333333333,0.0000000000
9808,0.0000000000,0.3333333333,0.0000000000
4167,0.0000000000,0.5555555556,0.0000000000
8537,0.0000000000,0.3333333333,0.0000000000
3765,0.0000000000,0.3333333333,0.0000000000
8833,0.0000000000,0.3333333333,0.0000000000
3746,0.0000000000,0.5555555556,0.0000000000
8460,0.0000000000,0.2222222222,0.0000000000
6704,0.0000000000,0.5555555556,0.0000000000
2129,0.0000000000,0.3333333333,0.0000000000
4325,0.0000000000,0.2222222222,0.0000000000
6240,0.0000000000,0.3333333333,0.0000000000
9031,0.0000000000,0.5555555556,0.0000000000
6950,0.0000000000,0.3333333333,0.0000000000
7828,0.0000000000,0.2222222222,0.0000000000
5844,0.0000000000,0.3333333333,0.0000000000
5152,0.0000000000,0.3333333333,0.0000000000
7509,0.0000000000,0.3333333333,0.0000000000
8479,0.0000000000,0.3333333333,0.0000000000
9786,0.0000000000,0.5555555556,0.0000000000
5445,0.0000000000,0.3333333333,0.0000000000
9624,0.0000000000,0.2222222222,0.0000000000
3616,0.0000000000,0.3333333333,0.0000000000
8703,0.0000000000,0.2222222222,0.0000000000
4916,0.0000000000,0.5555555556,0.0000000000
2797,0.0000000000,0.2222222222,0.0000000000
6526,0.0000000000,0.2222222222,0.0000000000
9742,0.0000000000,0.3333333333,0.0000000000
7344,0.0000000000,0.3333333333,0.0000000000
2257,0.0000000000,0.3333333333,0.0000000000
9660,0.0000000000,0.3333333333,0.0000000000
7006,0.0000000000,0.2222222222,0.0000000000
3814,0.0000000000,0.5555555556,0.0000000000
6721,0.0000000000,0.2222222222,0.0000000000
7791,0.0000000000,0.3333333333,0.0000000000
5434,0.0000000000,0.5555555556,0.0000000000
5295,0.0000000000,0.5555555556,0.0000000000
7584,0.0000000000,0.3333333333,0.0000000000
5227,0.0000000000,0.3333333333,0.0000000000
8053,0.0000000000,0.3333333333,0.0000000000
6069,0.0000000000,0.3333333333,0.0000000000
8884,0.0000000000,0.5555555556,0.0000000000
9301,0.0000000000,0.5555555556,0.0000000000
9674,0.0000000000,0.3333333333,0.0000000000
3312,0.0000000000,0.4444444444,0.0000000000
5241,0.0000000000,0.3333333333,0.0000000000
3333,0.0000000000,0.3333333333,0.0000000000
7180,0.0000000000,0.5555555556,0.0000000000
5196,0.0000000000,0.3333333333,0.0000000000
9537,0.0000000000,0.3333333333,0.0000000000
8949,0.0000000000,0.3333333333,0.0000000000
2640,0.0000000000,0.3333333333,0.0000000000
6407,0.0000000000,0.3333333333,0.0000000000
4647,0.0000000000,0.2222222222,0.0000000000
4274,0.0000000000,0.3333333333,0.0000000000
9361,0.0000000000,0.3333333333,0.0000000000
7540,0.0000000000,0.5555555556,0.0000000000
3375,0.0000000000,0.5555555556,0.0000000000
4556,0.0000000000,0.3333333333,0.0000000000
29991,0.0000000000,0.3333333333,0.0000000000
9445,0.0000000000,0.3333333333,0.0000000000
5103,0.0000000000,0.3333333333,0.0000000000
8569,0.0000000000,0.3333333333,0.0000000000
1599,0.0000000000,0.3333333333,0.0000000000
6686,0.0000000000,0.3333333333,0.0000000000
9043,0.0000000000,0.3333333333,0.0000000000
8017,0.0000000000,0.3333333333,0.0000000000
7608,0.0000000000,0.3333333333,0.0000000000
5390,0.0000000000,0.3333333333,0.0000000000
6782,0.0000000000,0.3333333333,0.0000000000
8722,0.0000000000,0.3333333333,0.0000000000
9387,0.0000000000,0.5555555556,0.0000000000
7820,0.0000000000,0.3333333333,0.0000000000
5366,0.0000000000,0.3333333333,0.0000000000
5623,0.0000000000,0.3333333333,0.0000000000
4653,0.0000000000,0.3333333333,0.0000000000
5762,0.0000000000,0.5555555556,0.0000000000
5304,0.0000000000,0.3333333333,0.0000000000
2110,0.0000000000,0.3333333333,0.0000000000
9415,0.0000000000,0.3333333333,0.0000000000
8016,0.0000000000,0.3333333333,0.0000000000
2904,0.0000000000,0.7777777778,0.0000000000
5634,0.0000000000,0.3333333333,0.0000000000
9975,0.0000000000,0.3333333333,0.0000000000
1725,0.0000000000,0.3333333333,0.0000000000
6812,0.0000000000,0.5555555556,0.0000000000
8316,0.0000000000,0.2222222222,0.0000000000
7863,0.0000000000,0.3333333333,0.0000000000
3649,0.0000000000,0.3333333333,0.0000000000
9210,0.0000000000,0.3333333333,0.0000000000
4123,0.0000000000,0.2222222222,0.0000000000
6853,0.0000000000,0.3333333333,0.0000000000
7096,0.0000000000,0.3333333333,0.0000000000
9257,0.0000000000,0.2222222222,0.0000000000
4530,0.0000000000,0.3333333333,0.0000000000
6335,0.0000000000,0.2222222222,0.0000000000
9204,0.0000000000,0.5555555556,0.0000000000
8744,0.0000000000,0.5555555556,0.0000000000
4115,0.0000000000,0.3333333333,0.0000000000
9202,0.0000000000,0.2222222222,0.0000000000
7845,0.0000000000,0.2222222222,0.0000000000
9116,0.0000000000,0.5555555556,0.0000000000
8669,0.0000000000,0.5555555556,0.0000000000
9042,0.0000000000,0.3333333333,0.0000000000
6451,0.0000000000,0.5555555556,0.0000000000
6626,0.0000000000,0.3333333333,0.0000000000
6325,0.0000000000,0.5555555556,0.0000000000
6108,0.0000000000,0.5555555556,0.0000000000
7812,0.0000000000,0.5555555556,0.0000000000
6169,0.0000000000,0.2222222222,0.0000000000
6542,0.0000000000,0.3333333333,0.0000000000
5296,0.0000000000,0.3333333333,0.0000000000
5893,0.0000000000,0.2222222222,0.0000000000
7407,0.0000000000,0.5555555556,0.0000000000
6949,0.0000000000,0.3333333333,0.0000000000
9756,0.0000000000,0.5555555556,0.0000000000
5415,0.0000000000,0.5555555556,0.0000000000
5349,0.0000000000,0.3333333333,0.0000000000
9690,0.0000000000,0.3333333333,0.0000000000
5892,0.0000000000,0.3333333333,0.0000000000
7281,0.0000000000,0.3333333333,0.0000000000
4646,0.0000000000,0.5555555556,0.0000000000
9360,0.0000000000,0.2222222222,0.0000000000
5106,0.0000000000,0.3333333333,0.0000000000
6417,0.0000000000,0.3333333333,0.0000000000
4693,0.0000000000,0.3333333333,0.0000000000
7050,0.0000000000,0.3333333333,0.0000000000
8505,0.0000000000,0.3333333333,0.0000000000
5278,0.0000000000,0.3333333333,0.0000000000
6742,0.0000000000,0.3333333333,0.0000000000
9339,0.0000000000,0.5555555556,0.0000000000
8647,0.0000000000,0.3333333333,0.0000000000
3117,0.0000000000,0.3333333333,0.0000000000
8204,0.0000000000,0.5555555556,0.0000000000
1550,0.0000000000,0.2222222222,0.0000000000
9313,0.0000000000,0.2222222222,0.0000000000
6589,0.0000000000,0.2222222222,0.0000000000
8347,0.0000000000,0.3333333333,0.0000000000
9131,0.0000000000,0.5555555556,0.0000000000
9011,0.0000000000,0.3333333333,0.0000000000
3924,0.0000000000,0.3333333333,0.0000000000
6793,0.0000000000,0.3333333333,0.0000000000
1596,0.0000000000,0.2222222222,0.0000000000
7334,0.0000000000,0.3333333333,0.0000000000
5143,0.0000000000,0.3333333333,0.0000000000
5527,0.0000000000,0.5555555556,0.0000000000
7759,0.0000000000,0.2222222222,0.0000000000
4051,0.0000000000,0.3333333333,0.0000000000
9056,0.0000000000,0.3333333333,0.0000000000
7566,0.0000000000,0.5555555556,0.0000000000
5209,0.0000000000,0.3333333333,0.0000000000
8136,0.0000000000,0.3333333333,0.0000000000
3049,0.0000000000,0.2222222222,0.0000000000
6474,0.0000000000,0.3333333333,0.0000000000
4146,0.0000000000,0.5555555556,0.0000000000
7015,0.0000000000,0.3333333333,0.0000000000
3551,0.0000000000,0.5555555556,0.0000000000
6477,0.0000000000,0.2222222222,0.0000000000
7128,0.0000000000,0.3333333333,0.0000000000
8049,0.0000000000,0.3333333333,0.0000000000
5692,0.0000000000,0.3333333333,0.0000000000
9616,0.0000000000,0.2222222222,0.0000000000
7678,0.0000000000,0.2222222222,0.0000000000
7553,0.0000000000,0.2222222222,0.0000000000
8549,0.0000000000,0.5555555556,0.0000000000
9532,0.0000000000,0.3333333333,0.0000000000
9436,0.0000000000,0.3333333333,0.0000000000
7582,0.0000000000,0.5555555556,0.0000000000
7481,0.0000000000,0.3333333333,0.0000000000
8202,0.0000000000,0.3333333333,0.0000000000
8100,0.0000000000,0.5555555556,0.0000000000
9718,0.0000000000,0.5555555556,0.0000000000
7361,0.0000000000,0.3333333333,0.0000000000
8570,0.0000000000,0.5555555556,0.0000000000
8251,0.0000000000,0.3333333333,0.0000000000
5656,0.0000000000,0.3333333333,0.0000000000
6086,0.0000000000,0.3333333333,0.0000000000
9411,0.0000000000,0.3333333333,0.0000000000
5619,0.0000000000,0.3333333333,0.0000000000
7462,0.0000000000,0.3333333333,0.0000000000
6218,0.0000000000,0.3333333333,0.0000000000
3324,0.0000000000,0.2222222222,0.0000000000
7899,0.0000000000,0.3333333333,0.0000000000
9462,0.0000000000,0.2222222222,0.0000000000
4514,0.0000000000,0.5555555556,0.0000000000
8977,0.0000000000,0.3333333333,0.0000000000
9350,0.0000000000,0.3333333333,0.0000000000
5192,0.0000000000,0.3333333333,0.0000000000
8438,0.0000000000,0.3333333333,0.0000000000
3351,0.0000000000,0.5555555556,0.0000000000
5199,0.0000000000,0.5555555556,0.0000000000
8640,0.0000000000,0.3333333333,0.0000000000
8745,0.0000000000,0.2222222222,0.0000000000
861,0.0000000000,0.2222222222,0.0000000000
6705,0.0000000000,0.3333333333,0.0000000000
7111,0.0000000000,0.3333333333,0.0000000000
8009,0.0000000000,0.5555555556,0.0000000000
8123,0.0000000000,0.3333333333,0.0000000000
2578,0.0000000000,0.2222222222,0.0000000000
4935,0.0000000000,0.3333333333,0.0000000000
3908,0.0000000000,0.3333333333,0.0000000000
7103,0.0000000000,0.3333333333,0.0000000000
9087,0.0000000000,0.3333333333,0.0000000000
9292,0.0000000000,0.2222222222,0.0000000000
9510,0.0000000000,0.3333333333,0.0000000000
7999,0.0000000000,0.3333333333,0.0000000000
3101,0.0000000000,0.5555555556,0.0000000000
8988,0.0000000000,0.2222222222,0.0000000000
9295,0.0000000000,0.2222222222,0.0000000000
9903,0.0000000000,0.3333333333,0.0000000000
4260,0.0000000000,0.3333333333,0.0000000000
7895,0.0000000000,0.3333333333,0.0000000000
2808,0.0000000000,0.3333333333,0.0000000000
4792,0.0000000000,0.3333333333,0.0000000000
9879,0.0000000000,0.3333333333,0.0000000000
6836,0.0000000000,0.3333333333,0.0000000000
9709,0.0000000000,0.2222222222,0.0000000000
7352,0.0000000000,0.3333333333,0.0000000000
9810,0.0000000000,0.2222222222,0.0000000000
7967,0.0000000000,0.3333333333,0.0000000000
6222,0.0000000000,0.3333333333,0.0000000000
8359,0.0000000000,0.3333333333,0.0000000000
2899,0.0000000000,0.3333333333,0.0000000000
6236,0.0000000000,0.3333333333,0.0000000000
7547,0.0000000000,0.3333333333,0.0000000000
8142,0.0000000000,0.3333333333,0.0000000000
5301,0.0000000000,0.3333333333,0.0000000000
9642,0.0000000000,0.3333333333,0.0000000000
9281,0.0000000000,0.3333333333,0.0000000000
8908,0.0000000000,0.3333333333,0.0000000000
8520,0.0000000000,0.3333333333,0.0000000000
7177,0.0000000000,0.3333333333,0.0000000000
4657,0.0000000000,0.3333333333,0.0000000000
6875,0.0000000000,0.5555555556,0.0000000000
6819,0.0000000000,0.3333333333,0.0000000000
7988,0.0000000000,0.3333333333,0.0000000000
9745,0.0000000000,0.3333333333,0.0000000000
4658,0.0000000000,0.5555555556,0.0000000000
9094,0.0000000000,0.5555555556,0.0000000000
2499,0.0000000000,0.5555555556,0.0000000000
8780,0.0000000000,0.5555555556,0.0000000000
9070,0.0000000000,0.3333333333,0.0000000000
8223,0.0000000000,0.3333333333,0.0000000000
5620,0.0000000000,0.3333333333,0.0000000000
5858,0.0000000000,0.3333333333,0.0000000000
5897,0.0000000000,0.3333333333,0.0000000000
5606,0.0000000000,0.3333333333,0.0000000000
6098,0.0000000000,0.3333333333,0.0000000000
7848,0.0000000000,0.5555555556,0.0000000000
3425,0.0000000000,0.5555555556,0.0000000000
8512,0.0000000000,0.5555555556,0.0000000000
6294,0.0000000000,0.5555555556,0.0000000000
3022,0.0000000000,0.3333333333,0.0000000000
8109,0.0000000000,0.5555555556,0.0000000000
7083,0.0000000000,0.3333333333,0.0000000000
9293,0.0000000000,0.2222222222,0.0000000000
6662,0.0000000000,0.2222222222,0.0000000000
1575,0.0000000000,0.5555555556,0.0000000000
6289,0.0000000000,0.3333333333,0.0000000000
9992,0.0000000000,0.3333333333,0.0000000000
3962,0.0000000000,0.3333333333,0.0000000000
8385,0.0000000000,0.3333333333,0.0000000000
7458,0.0000000000,0.5555555556,0.0000000000
9079,0.0000000000,0.3333333333,0.0000000000
8297,0.0000000000,0.3333333333,0.0000000000
7212,0.0000000000,0.2222222222,0.0000000000
9196,0.0000000000,0.3333333333,0.0000000000
8381,0.0000000000,0.3333333333,0.0000000000
8008,0.0000000000,0.3333333333,0.0000000000
5480,0.0000000000,0.3333333333,0.0000000000
5615,0.0000000000,0.3333333333,0.0000000000
5121,0.0000000000,0.5555555556,0.0000000000
9681,0.0000000000,0.2222222222,0.0000000000
7802,0.0000000000,0.5555555556,0.0000000000
8994,0.0000000000,0.3333333333,0.0000000000
7092,0.0000000000,0.3333333333,0.0000000000
6953,0.0000000000,0.3333333333,0.0000000000
4800,0.0000000000,0.3333333333,0.0000000000
9887,0.0000000000,0.3333333333,0.0000000000
6143,0.0000000000,0.3333333333,0.0000000000
6516,0.0000000000,0.3333333333,0.0000000000
6701,0.0000000000,0.3333333333,0.0000000000
5707,0.0000000000,0.5555555556,0.0000000000
4221,0.0000000000,0.5555555556,0.0000000000
6014,0.0000000000,0.2222222222,0.0000000000
5641,0.0000000000,0.3333333333,0.0000000000
9103,0.0000000000,0.3333333333,0.0000000000
6615,0.0000000000,0.2222222222,0.0000000000
9687,0.0000000000,0.5555555556,0.0000000000
7330,0.0000000000,0.3333333333,0.0000000000
2351,0.0000000000,0.3333333333,0.0000000000
5448,0.0000000000,0.5555555556,0.0000000000
3048,0.0000000000,0.3333333333,0.0000000000
5552,0.0000000000,0.5555555556,0.0000000000
5916,0.0000000000,0.5555555556,0.0000000000
4438,0.0000000000,0.3333333333,0.0000000000
9525,0.0000000000,0.5555555556,0.0000000000
5184,0.0000000000,0.3333333333,0.0000000000
8416,0.0000000000,0.5555555556,0.0000000000
3841,0.0000000000,0.3333333333,0.0000000000
7129,0.0000000000,0.3333333333,0.0000000000
6268,0.0000000000,0.5555555556,0.0000000000
7800,0.0000000000,0.3333333333,0.0000000000
6676,0.0000000000,0.5555555556,0.0000000000
2570,0.0000000000,0.3333333333,0.0000000000
6867,0.0000000000,0.5555555556,0.0000000000
8938,0.0000000000,0.5555555556,0.0000000000
3851,0.0000000000,0.3333333333,0.0000000000
3777,0.0000000000,0.3333333333,0.0000000000
8864,0.0000000000,0.3333333333,0.0000000000
8338,0.0000000000,0.3333333333,0.0000000000
3353,0.0000000000,0.3333333333,0.0000000000
8440,0.0000000000,0.3333333333,0.0000000000
8445,0.0000000000,0.3333333333,0.0000000000
8448,0.0000000000,0.3333333333,0.0000000000
6150,0.0000000000,0.3333333333,0.0000000000
8547,0.0000000000,0.3333333333,0.0000000000
8707,0.0000000000,0.3333333333,0.0000000000
4020,0.0000000000,0.3333333333,0.0000000000
9107,0.0000000000,0.3333333333,0.0000000000
4287,0.0000000000,0.3333333333,0.0000000000
9374,0.0000000000,0.3333333333,0.0000000000
9522,0.0000000000,0.3333333333,0.0000000000
9800,0.0000000000,0.3333333333,0.0000000000
9928,0.0000000000,0.3333333333,0.0000000000
5151,0.0000000000,0.3333333333,0.0000000000
5276,0.0000000000,0.3333333333,0.0000000000
5299,0.0000000000,0.3333333333,0.0000000000
5625,0.0000000000,0.3333333333,0.0000000000
6165,0.0000000000,0.3333333333,0.0000000000
2650,0.0000000000,0.3333333333,0.0000000000
4612,0.0000000000,0.3333333333,0.0000000000
5697,0.0000000000,0.3333333333,0.0000000000
6104,0.0000000000,0.3333333333,0.0000000000
3747,0.0000000000,0.3333333333,0.0000000000
7377,0.0000000000,0.3333333333,0.0000000000
5020,0.0000000000,0.3333333333,0.0000000000
5418,0.0000000000,0.3333333333,0.0000000000
7775,0.0000000000,0.3333333333,0.0000000000
2688,0.0000000000,0.3333333333,0.0000000000
7632,0.0000000000,0.3333333333,0.0000000000
8617,0.0000000000,0.3333333333,0.0000000000
9912,0.0000000000,0.3333333333,0.0000000000
4781,0.0000000000,0.3333333333,0.0000000000
5305,0.0000000000,0.3333333333,0.0000000000
9661,0.0000000000,0.3333333333,0.0000000000
4947,0.0000000000,0.3333333333,0.0000000000
2590,0.0000000000,0.3333333333,0.0000000000
5391,0.0000000000,0.3333333333,0.0000000000
5496,0.0000000000,0.3333333333,0.0000000000
7480,0.0000000000,0.3333333333,0.0000000000
2821,0.0000000000,0.3333333333,0.0000000000
9892,0.0000000000,0.3333333333,0.0000000000
5588,0.0000000000,0.3333333333,0.0000000000
5712,0.0000000000,0.3333333333,0.0000000000
6178,0.0000000000,0.3333333333,0.0000000000
6253,0.0000000000,0.3333333333,0.0000000000
8610,0.0000000000,0.3333333333,0.0000000000
3523,0.0000000000,0.3333333333,0.0000000000
1507,0.0000000000,0.3333333333,0.0000000000
7019,0.0000000000,0.3333333333,0.0000000000
7137,0.0000000000,0.3333333333,0.0000000000
9494,0.0000000000,0.3333333333,0.0000000000
4407,0.0000000000,0.3333333333,0.0000000000
6773,0.0000000000,0.3333333333,0.0000000000
7169,0.0000000000,0.3333333333,0.0000000000
2082,0.0000000000,0.3333333333,0.0000000000
7182,0.0000000000,0.3333333333,0.0000000000
5521,0.0000000000,0.3333333333,0.0000000000
5176,0.0000000000,0.3333333333,0.0000000000
8139,0.0000000000,0.3333333333,0.0000000000
8754,0.0000000000,0.5555555556,0.0000000000
8915,0.0000000000,0.5555555556,0.0000000000
9186,0.0000000000,0.3333333333,0.0000000000
4315,0.0000000000,0.3333333333,0.0000000000
5421,0.0000000000,0.3333333333,0.0000000000
5794,0.0000000000,0.3333333333,0.0000000000
6141,0.0000000000,0.3333333333,0.0000000000
6254,0.0000000000,0.3333333333,0.0000000000
6546,0.0000000000,0.3333333333,0.0000000000
8903,0.0000000000,0.3333333333,0.0000000000
6617,0.0000000000,0.3333333333,0.0000000000
6850,0.0000000000,0.3333333333,0.0000000000
7223,0.0000000000,0.3333333333,0.0000000000
2136,0.0000000000,0.3333333333,0.0000000000
6907,0.0000000000,0.3333333333,0.0000000000
7280,0.0000000000,0.3333333333,0.0000000000
9298,0.0000000000,0.3333333333,0.0000000000
7473,0.0000000000,0.3333333333,0.0000000000
9830,0.0000000000,0.3333333333,0.0000000000
7479,0.0000000000,0.3333333333,0.0000000000
2449,0.0000000000,0.3333333333,0.0000000000
7536,0.0000000000,0.3333333333,0.0000000000
7629,0.0000000000,0.3333333333,0.0000000000
8002,0.0000000000,0.3333333333,0.0000000000
3211,0.0000000000,0.3333333333,0.0000000000
8298,0.0000000000,0.3333333333,0.0000000000
8660,0.0000000000,0.3333333333,0.0000000000
8971,0.0000000000,0.3333333333,0.0000000000
9030,0.0000000000,0.3333333333,0.0000000000
9563,0.0000000000,0.3333333333,0.0000000000
5564,0.0000000000,0.3333333333,0.0000000000
5191,0.0000000000,0.3333333333,0.0000000000
628,0.0000000000,0.3333333333,0.0000000000
7835,0.0000000000,0.3333333333,0.0000000000
6448,0.0000000000,0.3333333333,0.0000000000
6500,0.0000000000,0.3333333333,0.0000000000
6738,0.0000000000,0.3333333333,0.0000000000
7529,0.0000000000,0.3333333333,0.0000000000
8183,0.0000000000,0.3333333333,0.0000000000
3959,0.0000000000,0.3333333333,0.0000000000
1602,0.0000000000,0.3333333333,0.0000000000
4083,0.0000000000,0.3333333333,0.0000000000
6813,0.0000000000,0.3333333333,0.0000000000
9634,0.0000000000,0.3333333333,0.0000000000
4547,0.0000000000,0.3333333333,0.0000000000
9707,0.0000000000,0.3333333333,0.0000000000
9985,0.0000000000,0.3333333333,0.0000000000
4898,0.0000000000,0.3333333333,0.0000000000
4966,0.0000000000,0.3333333333,0.0000000000
4984,0.0000000000,0.3333333333,0.0000000000
5906,0.0000000000,0.3333333333,0.0000000000
5963,0.0000000000,0.3333333333,0.0000000000
910,0.0000000000,0.3333333333,0.0000000000
5997,0.0000000000,0.3333333333,0.0000000000
6485,0.0000000000,0.3333333333,0.0000000000
6981,0.0000000000,0.3333333333,0.0000000000
6824,0.0000000000,0.3333333333,0.0000000000
8441,0.0000000000,0.3333333333,0.0000000000
8519,0.0000000000,0.3333333333,0.0000000000
9413,0.0000000000,0.3333333333,0.0000000000
9972,0.0000000000,0.3333333333,0.0000000000
5398,0.0000000000,0.2222222222,0.0000000000
7667,0.0000000000,0.3333333333,0.0000000000
7734,0.0000000000,0.3333333333,0.0000000000
5870,0.0000000000,0.3333333333,0.0000000000
5995,0.0000000000,0.3333333333,0.0000000000
6102,0.0000000000,0.5555555556,0.0000000000
8086,0.0000000000,0.3333333333,0.0000000000
6527,0.0000000000,0.3333333333,0.0000000000
3800,0.0000000000,0.3333333333,0.0000000000
9394,0.0000000000,0.3333333333,0.0000000000
3534,0.0000000000,0.3333333333,0.0000000000
8851,0.0000000000,0.5555555556,0.0000000000
9471,0.0000000000,0.3333333333,0.0000000000
4400,0.0000000000,0.3333333333,0.0000000000
5137,0.0000000000,0.3333333333,0.0000000000
5949,0.0000000000,0.3333333333,0.0000000000
6800,0.0000000000,0.3333333333,0.0000000000
7490,0.0000000000,0.3333333333,0.0000000000
7721,0.0000000000,0.3333333333,0.0000000000
8670,0.0000000000,0.3333333333,0.0000000000
3599,0.0000000000,0.3333333333,0.0000000000
8686,0.0000000000,0.3333333333,0.0000000000
3702,0.0000000000,0.3333333333,0.0000000000
8789,0.0000000000,0.3333333333,0.0000000000
9331,0.0000000000,0.3333333333,0.0000000000
9704,0.0000000000,0.3333333333,0.0000000000
4617,0.0000000000,0.3333333333,0.0000000000
4660,0.0000000000,0.3333333333,0.0000000000
9747,0.0000000000,0.3333333333,0.0000000000
9809,0.0000000000,0.3333333333,0.0000000000
5270,0.0000000000,0.3333333333,0.0000000000
5622,0.0000000000,0.3333333333,0.0000000000
1445,0.0000000000,0.3333333333,0.0000000000
6608,0.0000000000,0.3333333333,0.0000000000
8168,0.0000000000,0.3333333333,0.0000000000
3321,0.0000000000,0.3333333333,0.0000000000
8724,0.0000000000,0.3333333333,0.0000000000
9144,0.0000000000,0.3333333333,0.0000000000
5964,0.0000000000,0.3333333333,0.0000000000
1250,0.0000000000,0.3333333333,0.0000000000
6635,0.0000000000,0.3333333333,0.0000000000
9365,0.0000000000,0.3333333333,0.0000000000
8300,0.0000000000,0.3333333333,0.0000000000
5565,0.0000000000,0.3333333333,0.0000000000
8079,0.0000000000,0.3333333333,0.0000000000
2992,0.0000000000,0.3333333333,0.0000000000
6280,0.0000000000,0.5555555556,0.0000000000
6136,0.0000000000,0.3333333333,0.0000000000
6934,0.0000000000,0.3333333333,0.0000000000
9291,0.0000000000,0.3333333333,0.0000000000
2025,0.0000000000,0.3333333333,0.0000000000
7143,0.0000000000,0.3333333333,0.0000000000
8349,0.0000000000,0.4444444444,0.0000000000
3262,0.0000000000,0.3333333333,0.0000000000
7976,0.0000000000,0.3333333333,0.0000000000
3399,0.0000000000,0.3333333333,0.0000000000
3416,0.0000000000,0.3333333333,0.0000000000
8130,0.0000000000,0.3333333333,0.0000000000
3743,0.0000000000,0.3333333333,0.0000000000
9006,0.0000000000,0.3333333333,0.0000000000
9486,0.0000000000,0.3333333333,0.0000000000
4399,0.0000000000,0.3333333333,0.0000000000
4483,0.0000000000,0.3333333333,0.0000000000
4597,0.0000000000,0.3333333333,0.0000000000
9748,0.0000000000,0.3333333333,0.0000000000
5787,0.0000000000,0.3333333333,0.0000000000
5879,0.0000000000,0.3333333333,0.0000000000
6857,0.0000000000,0.3333333333,0.0000000000
7046,0.0000000000,0.3333333333,0.0000000000
7425,0.0000000000,0.3333333333,0.0000000000
7956,0.0000000000,0.3333333333,0.0000000000
8442,0.0000000000,0.3333333333,0.0000000000
8536,0.0000000000,0.3333333333,0.0000000000
8924,0.0000000000,0.3333333333,0.0000000000
9845,0.0000000000,0.3333333333,0.0000000000
5472,0.0000000000,0.5555555556,0.0000000000
6052,0.0000000000,0.3333333333,0.0000000000
6905,0.0000000000,0.3333333333,0.0000000000
9495,0.0000000000,0.3333333333,0.0000000000
7297,0.0000000000,0.3333333333,0.0000000000
2473,0.0000000000,0.3333333333,0.0000000000
9555,0.0000000000,0.3333333333,0.0000000000
2701,0.0000000000,0.3333333333,0.0000000000
3217,0.0000000000,0.3333333333,0.0000000000
8568,0.0000000000,0.3333333333,0.0000000000
6211,0.0000000000,0.3333333333,0.0000000000
8645,0.0000000000,0.3333333333,0.0000000000
3558,0.0000000000,0.3333333333,0.0000000000
9541,0.0000000000,0.3333333333,0.0000000000
4454,0.0000000000,0.3333333333,0.0000000000
9543,0.0000000000,0.3333333333,0.0000000000
9749,0.0000000000,0.3333333333,0.0000000000
4662,0.0000000000,0.3333333333,0.0000000000
9794,0.0000000000,0.3333333333,0.0000000000
7316,0.0000000000,0.3333333333,0.0000000000
5386,0.0000000000,0.3333333333,0.0000000000
5800,0.0000000000,0.3333333333,0.0000000000
7244,0.0000000000,0.3333333333,0.0000000000
7673,0.0000000000,0.3333333333,0.0000000000
9314,0.0000000000,0.3333333333,0.0000000000
4283,0.0000000000,0.3333333333,0.0000000000
6505,0.0000000000,0.3333333333,0.0000000000
6724,0.0000000000,0.3333333333,0.0000000000
2252,0.0000000000,0.5555555556,0.0000000000
8215,0.0000000000,0.3333333333,0.0000000000
9259,0.0000000000,0.3333333333,0.0000000000
6902,0.0000000000,0.3333333333,0.0000000000
9679,0.0000000000,0.3333333333,0.0000000000
5769,0.0000000000,0.3333333333,0.0000000000
5517,0.0000000000,0.3333333333,0.0000000000
5537,0.0000000000,0.3333333333,0.0000000000
6425,0.0000000000,0.3333333333,0.0000000000
4820,0.0000000000,0.5555555556,0.0000000000
9907,0.0000000000,0.3333333333,0.0000000000
7272,0.0000000000,0.3333333333,0.0000000000
517,0.0000000000,0.3333333333,0.0000000000
5685,0.0000000000,0.3333333333,0.0000000000
8546,0.0000000000,0.3333333333,0.0000000000
8173,0.0000000000,0.3333333333,0.0000000000
3819,0.0000000000,0.3333333333,0.0000000000
1136,0.0000000000,0.3333333333,0.0000000000
4954,0.0000000000,0.3333333333,0.0000000000
9668,0.0000000000,0.3333333333,0.0000000000
7681,0.0000000000,0.3333333333,0.0000000000
9988,0.0000000000,0.3333333333,0.0000000000
5670,0.0000000000,0.3333333333,0.0000000000
5977,0.0000000000,0.3333333333,0.0000000000
6462,0.0000000000,0.3333333333,0.0000000000
6861,0.0000000000,0.5555555556,0.0000000000
7221,0.0000000000,0.3333333333,0.0000000000
6848,0.0000000000,0.3333333333,0.0000000000
9578,0.0000000000,0.3333333333,0.0000000000
3383,0.0000000000,0.3333333333,0.0000000000
8741,0.0000000000,0.3333333333,0.0000000000
3654,0.0000000000,0.3333333333,0.0000000000
4070,0.0000000000,0.3333333333,0.0000000000
9216,0.0000000000,0.2222222222,0.0000000000
4129,0.0000000000,0.3333333333,0.0000000000
9612,0.0000000000,0.3333333333,0.0000000000
4525,0.0000000000,0.3333333333,0.0000000000
8361,0.0000000000,0.3333333333,0.0000000000
9379,0.0000000000,0.3333333333,0.0000000000
5345,0.0000000000,0.3333333333,0.0000000000
7887,0.0000000000,0.3333333333,0.0000000000
6338,0.0000000000,0.3333333333,0.0000000000
6406,0.0000000000,0.3333333333,0.0000000000
7199,0.0000000000,0.3333333333,0.0000000000
8484,0.0000000000,0.3333333333,0.0000000000
4125,0.0000000000,0.3333333333,0.0000000000
7119,0.0000000000,0.3333333333,0.0000000000
7557,0.0000000000,0.3333333333,0.0000000000
7917,0.0000000000,0.3333333333,0.0000000000
7982,0.0000000000,0.3333333333,0.0000000000
3027,0.0000000000,0.5555555556,0.0000000000
8114,0.0000000000,0.3333333333,0.0000000000
3590,0.0000000000,0.3333333333,0.0000000000
8751,0.0000000000,0.3333333333,0.0000000000
9142,0.0000000000,0.3333333333,0.0000000000
7158,0.0000000000,0.3333333333,0.0000000000
5829,0.0000000000,0.3333333333,0.0000000000
5860,0.0000000000,0.3333333333,0.0000000000
6068,0.0000000000,0.3333333333,0.0000000000
7444,0.0000000000,0.3333333333,0.0000000000
7823,0.0000000000,0.3333333333,0.0000000000
5466,0.0000000000,0.3333333333,0.0000000000
8659,0.0000000000,0.3333333333,0.0000000000
5929,0.0000000000,0.3333333333,0.0000000000
4370,0.0000000000,0.3333333333,0.0000000000
9465,0.0000000000,0.3333333333,0.0000000000
9613,0.0000000000,0.3333333333,0.0000000000
5395,0.0000000000,0.3333333333,0.0000000000
5457,0.0000000000,0.3333333333,0.0000000000
6229,0.0000000000,0.3333333333,0.0000000000
6436,0.0000000000,0.3333333333,0.0000000000
6534,0.0000000000,0.3333333333,0.0000000000
6650,0.0000000000,0.3333333333,0.0000000000
6852,0.0000000000,0.3333333333,0.0000000000
7035,0.0000000000,0.3333333333,0.0000000000
7614,0.0000000000,0.3333333333,0.0000000000
8661,0.0000000000,0.3333333333,0.0000000000
9152,0.0000000000,0.3333333333,0.0000000000
9309,0.0000000000,0.3333333333,0.0000000000
9565,0.0000000000,0.3333333333,0.0000000000
9639,0.0000000000,0.3333333333,0.0000000000
4636,0.0000000000,0.3333333333,0.0000000000
9723,0.0000000000,0.3333333333,0.0000000000
5382,0.0000000000,0.3333333333,0.0000000000
9927,0.0000000000,0.3333333333,0.0000000000
9955,0.0000000000,0.3333333333,0.0000000000
5684,0.0000000000,0.3333333333,0.0000000000
7969,0.0000000000,0.3333333333,0.0000000000
7858,0.0000000000,0.3333333333,0.0000000000
9002,0.0000000000,0.3333333333,0.0000000000
5384,0.0000000000,0.5555555556,0.0000000000
7368,0.0000000000,0.3333333333,0.0000000000
6046,0.0000000000,0.3333333333,0.0000000000
5888,0.0000000000,0.3333333333,0.0000000000
3685,0.0000000000,0.3333333333,0.0000000000
6775,0.0000000000,0.3333333333,0.0000000000
6941,0.0000000000,0.3333333333,0.0000000000
1924,0.0000000000,0.3333333333,0.0000000000
1565,0.0000000000,0.3333333333,0.0000000000
6652,0.0000000000,0.3333333333,0.0000000000
7067,0.0000000000,0.3333333333,0.0000000000
2117,0.0000000000,0.3333333333,0.0000000000
2489,0.0000000000,0.3333333333,0.0000000000
8685,0.0000000000,0.3333333333,0.0000000000
8775,0.0000000000,0.3333333333,0.0000000000
9073,0.0000000000,0.3333333333,0.0000000000
9333,0.0000000000,0.3333333333,0.0000000000
4586,0.0000000000,0.3333333333,0.0000000000
6509,0.0000000000,0.3333333333,0.0000000000
6692,0.0000000000,0.3333333333,0.0000000000
6763,0.0000000000,0.3333333333,0.0000000000
2817,0.0000000000,0.5555555556,0.0000000000
9115,0.0000000000,0.3333333333,0.0000000000
9916,0.0000000000,0.3333333333,0.0000000000
5464,0.0000000000,0.3333333333,0.0000000000
5848,0.0000000000,0.3333333333,0.0000000000
1002,0.0000000000,0.3333333333,0.0000000000
6927,0.0000000000,0.3333333333,0.0000000000
7121,0.0000000000,0.3333333333,0.0000000000
4312,0.0000000000,0.3333333333,0.0000000000
4593,0.0000000000,0.3333333333,0.0000000000
5998,0.0000000000,0.3333333333,0.0000000000
6044,0.0000000000,0.3333333333,0.0000000000
7173,0.0000000000,0.3333333333,0.0000000000
7308,0.0000000000,0.3333333333,0.0000000000
8299,0.0000000000,0.3333333333,0.0000000000
8504,0.0000000000,0.3333333333,0.0000000000
8840,0.0000000000,0.3333333333,0.0000000000
9404,0.0000000000,0.3333333333,0.0000000000
7420,0.0000000000,0.3333333333,0.0000000000
5621,0.0000000000,0.3333333333,0.0000000000
6755,0.0000000000,0.3333333333,0.0000000000
9255,0.0000000000,0.3333333333,0.0000000000
6048,0.0000000000,0.3333333333,0.0000000000
2637,0.0000000000,0.3333333333,0.0000000000
7724,0.0000000000,0.3333333333,0.0000000000
8603,0.0000000000,0.3333333333,0.0000000000
8892,0.0000000000,0.3333333333,0.0000000000
9151,0.0000000000,0.3333333333,0.0000000000
9241,0.0000000000,0.3333333333,0.0000000000
9269,0.0000000000,0.3333333333,0.0000000000
9875,0.0000000000,0.3333333333,0.0000000000
5518,0.0000000000,0.3333333333,0.0000000000
5733,0.0000000000,0.3333333333,0.0000000000
5935,0.0000000000,0.5555555556,0.0000000000
8050,0.0000000000,0.3333333333,0.0000000000
5575,0.0000000000,0.3333333333,0.0000000000
6906,0.0000000000,0.3333333333,0.0000000000
7170,0.0000000000,0.3333333333,0.0000000000
7510,0.0000000000,0.3333333333,0.0000000000
7747,0.0000000000,0.3333333333,0.0000000000
9172,0.0000000000,0.3333333333,0.0000000000
5669,0.0000000000,0.3333333333,0.0000000000
7052,0.0000000000,0.3333333333,0.0000000000
7136,0.0000000000,0.3333333333,0.0000000000
8606,0.0000000000,0.3333333333,0.0000000000
1789,0.0000000000,0.3333333333,0.0000000000
2690,0.0000000000,0.3333333333,0.0000000000
2824,0.0000000000,0.3333333333,0.0000000000
4135,0.0000000000,0.3333333333,0.0000000000
4148,0.0000000000,0.3333333333,0.0000000000
4613,0.0000000000,0.3333333333,0.0000000000
5990,0.0000000000,0.3333333333,0.0000000000
6528,0.0000000000,0.3333333333,0.0000000000
7735,0.0000000000,0.3333333333,0.0000000000
8106,0.0000000000,0.3333333333,0.0000000000
8339,0.0000000000,0.3333333333,0.0000000000
8431,0.0000000000,0.3333333333,0.0000000000
8683,0.0000000000,0.3333333333,0.0000000000
9708,0.0000000000,0.3333333333,0.0000000000
9954,0.0000000000,0.3333333333,0.0000000000
3318,0.0000000000,0.3333333333,0.0000000000
8323,0.0000000000,0.3333333333,0.0000000000
8839,0.0000000000,0.3333333333,0.0000000000
9248,0.0000000000,0.3333333333,0.0000000000
9375,0.0000000000,0.3333333333,0.0000000000
9862,0.0000000000,0.3333333333,0.0000000000
7145,0.0000000000,0.3333333333,0.0000000000
3089,0.0000000000,0.3333333333,0.0000000000
5217,0.0000000000,0.3333333333,0.0000000000
8054,0.0000000000,0.3333333333,0.0000000000
9093,0.0000000000,0.3333333333,0.0000000000
5531,0.0000000000,0.3333333333,0.0000000000
8254,0.0000000000,0.3333333333,0.0000000000
8434,0.0000000000,0.3333333333,0.0000000000
9026,0.0000000000,0.3333333333,0.0000000000
9127,0.0000000000,0.3333333333,0.0000000000
8400,0.0000000000,0.3333333333,0.0000000000
8586,0.0000000000,0.3333333333,0.0000000000
7382,0.0000000000,0.3333333333,0.0000000000
8304,0.0000000000,0.3333333333,0.0000000000
5200,0.0000000000,0.3333333333,0.0000000000
6318,0.0000000000,0.3333333333,0.0000000000
8943,0.0000000000,0.3333333333,0.0000000000
3856,0.0000000000,0.3333333333,0.0000000000
5023,0.0000000000,0.3333333333,0.0000000000
5727,0.0000000000,0.3333333333,0.0000000000
6480,0.0000000000,0.3333333333,0.0000000000
6851,0.0000000000,0.3333333333,0.0000000000
6988,0.0000000000,0.3333333333,0.0000000000
8241,0.0000000000,0.3333333333,0.0000000000
8307,0.0000000000,0.3333333333,0.0000000000
9164,0.0000000000,0.3333333333,0.0000000000
9983,0.0000000000,0.3333333333,0.0000000000
4900,0.0000000000,0.3333333333,0.0000000000
7654,0.0000000000,0.3333333333,0.0000000000
8110,0.0000000000,0.3333333333,0.0000000000
9092,0.0000000000,0.3333333333,0.0000000000
9600,0.0000000000,0.3333333333,0.0000000000
8245,0.0000000000,0.3333333333,0.0000000000
9051,0.0000000000,0.3333333333,0.0000000000
2932,0.0000000000,0.3333333333,0.0000000000
3849,0.0000000000,0.3333333333,0.0000000000
5368,0.0000000000,0.3333333333,0.0000000000
6144,0.0000000000,0.3333333333,0.0000000000
2222,0.0000000000,0.3333333333,0.0000000000
7935,0.0000000000,0.3333333333,0.0000000000
8025,0.0000000000,0.3333333333,0.0000000000
8816,0.0000000000,0.3333333333,0.0000000000
9157,0.0000000000,0.3333333333,0.0000000000
4522,0.0000000000,0.3333333333,0.0000000000
5827,0.0000000000,0.3333333333,0.0000000000
9015,0.0000000000,0.3333333333,0.0000000000
9214,0.0000000000,0.3333333333,0.0000000000
9229,0.0000000000,0.3333333333,0.0000000000
9574,0.0000000000,0.3333333333,0.0000000000
2060,0.0000000000,0.3333333333,0.0000000000
4930,0.0000000000,0.3333333333,0.0000000000
5709,0.0000000000,0.3333333333,0.0000000000
7657,0.0000000000,0.3333333333,0.0000000000
8028,0.0000000000,0.3333333333,0.0000000000
8717,0.0000000000,0.3333333333,0.0000000000
9274,0.0000000000,0.3333333333,0.0000000000
9483,0.0000000000,0.3333333333,0.0000000000
8879,0.0000000000,0.3333333333,0.0000000000
9307,0.0000000000,0.3333333333,0.0000000000
9768,0.0000000000,0.3333333333,0.0000000000
2242,0.0000000000,0.3333333333,0.0000000000
3759,0.0000000000,0.3333333333,0.0000000000
4767,0.0000000000,0.3333333333,0.0000000000
6935,0.0000000000,0.3333333333,0.0000000000
9805,0.0000000000,0.3333333333,0.0000000000
5096,0.0000000000,0.3333333333,0.0000000000
5804,0.0000000000,0.3333333333,0.0000000000
6410,0.0000000000,0.3333333333,0.0000000000
6460,0.0000000000,0.3333333333,0.0000000000
6977,0.0000000000,0.3333333333,0.0000000000
7455,0.0000000000,0.3333333333,0.0000000000
7560,0.0000000000,0.3333333333,0.0000000000
8907,0.0000000000,0.3333333333,0.0000000000
9283,0.0000000000,0.3333333333,0.0000000000
9460,0.0000000000,0.3333333333,0.0000000000
9602,0.0000000000,0.3333333333,0.0000000000
9766,0.0000000000,0.3333333333,0.0000000000
1919,0.0000000000,0.3333333333,0.0000000000
4804,0.0000000000,0.3333333333,0.0000000000
9074,0.0000000000,0.3333333333,0.0000000000
4369,0.0000000000,0.3333333333,0.0000000000
6135,0.0000000000,0.3333333333,0.0000000000
7868,0.0000000000,0.3333333333,0.0000000000
8633,0.0000000000,0.3333333333,0.0000000000
9179,0.0000000000,0.3333333333,0.0000000000
2279,0.0000000000,0.3333333333,0.0000000000
2757,0.0000000000,0.3333333333,0.0000000000
3126,0.0000000000,0.3333333333,0.0000000000
5160,0.0000000000,0.3333333333,0.0000000000
5471,0.0000000000,0.3333333333,0.0000000000
5936,0.0000000000,0.3333333333,0.0000000000
6495,0.0000000000,0.3333333333,0.0000000000
7063,0.0000000000,0.3333333333,0.0000000000
7406,0.0000000000,0.3333333333,0.0000000000
7535,0.0000000000,0.3333333333,0.0000000000
8489,0.0000000000,0.3333333333,0.0000000000
6730,0.0000000000,0.3333333333,0.0000000000
5177,0.0000000000,0.3333333333,0.0000000000
6239,0.0000000000,0.3333333333,0.0000000000
9521,0.0000000000,0.3333333333,0.0000000000
3109,0.0000000000,0.3333333333,0.0000000000
6657,0.0000000000,0.3333333333,0.0000000000
7049,0.0000000000,0.3333333333,0.0000000000
7939,0.0000000000,0.3333333333,0.0000000000
9861,0.0000000000,0.3333333333,0.0000000000
9937,0.0000000000,0.3333333333,0.0000000000
4810,0.0000000000,0.3333333333,0.0000000000
6373,0.0000000000,0.3333333333,0.0000000000
6529,0.0000000000,0.3333333333,0.0000000000
6578,0.0000000000,0.3333333333,0.0000000000
8985,0.0000000000,0.3333333333,0.0000000000
8096,0.0000000000,0.3333333333,0.0000000000
4330,0.0000000000,0.3333333333,0.0000000000
5053,0.0000000000,0.3333333333,0.0000000000
6131,0.0000000000,0.3333333333,0.0000000000
8735,0.0000000000,0.3333333333,0.0000000000
9596,0.0000000000,0.3333333333,0.0000000000
4663,0.0000000000,0.3333333333,0.0000000000
7045,0.0000000000,0.3333333333,0.0000000000
9320,0.0000000000,0.3333333333,0.0000000000
9540,0.0000000000,0.3333333333,0.0000000000
4736,0.0000000000,0.3333333333,0.0000000000
7451,0.0000000000,0.3333333333,0.0000000000
9682,0.0000000000,0.3333333333,0.0000000000
7794,0.0000000000,0.3333333333,0.0000000000
8107,0.0000000000,0.3333333333,0.0000000000
9827,0.0000000000,0.3333333333,0.0000000000
1127,0.0000000000,0.3333333333,0.0000000000
580,0.0000000000,0.3333333333,0.0000000000
3469,0.0000000000,0.3333333333,0.0000000000
4998,0.0000000000,0.3333333333,0.0000000000
6594,0.0000000000,0.3333333333,0.0000000000
8265,0.0000000000,0.3333333333,0.0000000000
8554,0.0000000000,0.3333333333,0.0000000000
8746,0.0000000000,0.3333333333,0.0000000000
3313,0.0000000000,0.3333333333,0.0000000000
6697,0.0000000000,0.3333333333,0.0000000000
7251,0.0000000000,0.3333333333,0.0000000000
7658,0.0000000000,0.3333333333,0.0000000000
9476,0.0000000000,0.3333333333,0.0000000000
4569,0.0000000000,0.3333333333,0.0000000000
4757,0.0000000000,0.3333333333,0.0000000000
5757,0.0000000000,0.3333333333,0.0000000000
6267,0.0000000000,0.3333333333,0.0000000000
6330,0.0000000000,0.3333333333,0.0000000000
6711,0.0000000000,0.3333333333,0.0000000000
6885,0.0000000000,0.3333333333,0.0000000000
6971,0.0000000000,0.3333333333,0.0000000000
7107,0.0000000000,0.3333333333,0.0000000000
8089,0.0000000000,0.3333333333,0.0000000000
8293,0.0000000000,0.3333333333,0.0000000000
8857,0.0000000000,0.3333333333,0.0000000000
9437,0.0000000000,0.3333333333,0.0000000000
9647,0.0000000000,0.3333333333,0.0000000000
9961,0.0000000000,0.3333333333,0.0000000000
5522,0.0000000000,0.3333333333,0.0000000000
6849,0.0000000000,0.3333333333,0.0000000000
8294,0.0000000000,0.3333333333,0.0000000000
9184,0.0000000000,0.3333333333,0.0000000000
9189,0.0000000000,0.3333333333,0.0000000000
9811,0.0000000000,0.3333333333,0.0000000000
6716,0.0000000000,0.3333333333,0.0000000000
7771,0.0000000000,0.3333333333,0.0000000000
9626,0.0000000000,0.3333333333,0.0000000000
9779,0.0000000000,0.3333333333,0.0000000000
3169,0.0000000000,0.3333333333,0.0000000000
4411,0.0000000000,0.3333333333,0.0000000000
7671,0.0000000000,0.3333333333,0.0000000000
4713,0.0000000000,0.3333333333,0.0000000000
6661,0.0000000000,0.3333333333,0.0000000000
3867,0.0000000000,0.3333333333,0.0000000000
3610,0.0000000000,0.3333333333,0.0000000000
6621,0.0000000000,0.3333333333,0.0000000000
2218,0.0000000000,0.3333333333,0.0000000000
3938,0.0000000000,0.3333333333,0.0000000000
5242,0.0000000000,0.3333333333,0.0000000000
5545,0.0000000000,0.3333333333,0.0000000000
5666,0.0000000000,0.3333333333,0.0000000000
6049,0.0000000000,0.3333333333,0.0000000000
6297,0.0000000000,0.3333333333,0.0000000000
6882,0.0000000000,0.3333333333,0.0000000000
6914,0.0000000000,0.3333333333,0.0000000000
7142,0.0000000000,0.3333333333,0.0000000000
7422,0.0000000000,0.3333333333,0.0000000000
7454,0.0000000000,0.3333333333,0.0000000000
7905,0.0000000000,0.3333333333,0.0000000000
8199,0.0000000000,0.3333333333,0.0000000000
8641,0.0000000000,0.3333333333,0.0000000000
9678,0.0000000000,0.3333333333,0.0000000000
3193,0.0000000000,0.3333333333,0.0000000000
7275,0.0000000000,0.3333333333,0.0000000000
3673,0.0000000000,0.3333333333,0.0000000000
7869,0.0000000000,0.3333333333,0.0000000000
9199,0.0000000000,0.3333333333,0.0000000000
9776,0.0000000000,0.3333333333,0.0000000000
8895,0.0000000000,0.3333333333,0.0000000000
8064,0.0000000000,0.3333333333,0.0000000000
8511,0.0000000000,0.3333333333,0.0000000000
4134,0.0000000000,0.3333333333,0.0000000000
4453,0.0000000000,0.3333333333,0.0000000000
4937,0.0000000000,0.3333333333,0.0000000000
4590,0.0000000000,0.3333333333,0.0000000000
5344,0.0000000000,0.3333333333,0.0000000000
8083,0.0000000000,0.3333333333,0.0000000000
2151,0.0000000000,0.3333333333,0.0000000000
7017,0.0000000000,0.3333333333,0.0000000000
8565,0.0000000000,0.3333333333,0.0000000000
8932,0.0000000000,0.3333333333,0.0000000000
5576,0.0000000000,0.3333333333,0.0000000000
8020,0.0000000000,0.3333333333,0.0000000000
9263,0.0000000000,0.3333333333,0.0000000000
9606,0.0000000000,0.3333333333,0.0000000000
2445,0.0000000000,0.3333333333,0.0000000000
9430,0.0000000000,0.3333333333,0.0000000000
2542,0.0000000000,0.3333333333,0.0000000000
3468,0.0000000000,0.3333333333,0.0000000000
4878,0.0000000000,0.3333333333,0.0000000000
5731,0.0000000000,0.3333333333,0.0000000000
6511,0.0000000000,0.3333333333,0.0000000000
7220,0.0000000000,0.3333333333,0.0000000000
7693,0.0000000000,0.3333333333,0.0000000000
8600,0.0000000000,0.3333333333,0.0000000000
9774,0.0000000000,0.3333333333,0.0000000000
9828,0.0000000000,0.3333333333,0.0000000000
9929,0.0000000000,0.3333333333,0.0000000000
5332,0.0000000000,0.3333333333,0.0000000000
8420,0.0000000000,0.3333333333,0.0000000000
9592,0.0000000000,0.3333333333,0.0000000000
4515,0.0000000000,0.3333333333,0.0000000000
8614,0.0000000000,0.3333333333,0.0000000000
9730,0.0000000000,0.3333333333,0.0000000000
5427,0.0000000000,0.3333333333,0.0000000000
6342,0.0000000000,0.3333333333,0.0000000000
4288,0.0000000000,0.3333333333,0.0000000000
6531,0.0000000000,0.3333333333,0.0000000000
7808,0.0000000000,0.3333333333,0.0000000000
8384,0.0000000000,0.3333333333,0.0000000000
832,0.0000000000,0.3333333333,0.0000000000
6803,0.0000000000,0.3333333333,0.0000000000
8451,0.0000000000,0.3333333333,0.0000000000
9296,0.0000000000,0.3333333333,0.0000000000
7066,0.0000000000,0.3333333333,0.0000000000
8728,0.0000000000,0.3333333333,0.0000000000
7493,0.0000000000,0.3333333333,0.0000000000
451,0.0000000000,0.3333333333,0.0000000000
3713,0.0000000000,0.3333333333,0.0000000000
6450,0.0000000000,0.3333333333,0.0000000000
7838,0.0000000000,0.3333333333,0.0000000000
8830,0.0000000000,0.3333333333,0.0000000000
4834,0.0000000000,0.3333333333,0.0000000000
3092,0.0000000000,0.3333333333,0.0000000000
4410,0.0000000000,0.3333333333,0.0000000000
7789,0.0000000000,0.3333333333,0.0000000000
8138,0.0000000000,0.3333333333,0.0000000000
9806,0.0000000000,0.3333333333,0.0000000000
4245,0.0000000000,0.3333333333,0.0000000000
7606,0.0000000000,0.3333333333,0.0000000000
8327,0.0000000000,0.3333333333,0.0000000000
8911,0.0000000000,0.3333333333,0.0000000000
2850,0.0000000000,0.3333333333,0.0000000000
7102,0.0000000000,0.3333333333,0.0000000000
7645,0.0000000000,0.3333333333,0.0000000000
7306,0.0000000000,0.3333333333,0.0000000000
8782,0.0000000000,0.3333333333,0.0000000000
9139,0.0000000000,0.3333333333,0.0000000000
1512,0.0000000000,0.3333333333,0.0000000000
2490,0.0000000000,0.3333333333,0.0000000000
3953,0.0000000000,0.3333333333,0.0000000000
5871,0.0000000000,0.3333333333,0.0000000000
6794,0.0000000000,0.3333333333,0.0000000000
2306,0.0000000000,0.3333333333,0.0000000000
4034,0.0000000000,0.3333333333,0.0000000000
4714,0.0000000000,0.3333333333,0.0000000000
6251,0.0000000000,0.3333333333,0.0000000000
8589,0.0000000000,0.3333333333,0.0000000000
9112,0.0000000000,0.3333333333,0.0000000000
2388,0.0000000000,0.3333333333,0.0000000000
3258,0.0000000000,0.3333333333,0.0000000000
3281,0.0000000000,0.3333333333,0.0000000000
4363,0.0000000000,0.3333333333,0.0000000000
8154,0.0000000000,0.3333333333,0.0000000000
9888,0.0000000000,0.3333333333,0.0000000000
7806,0.0000000000,0.3333333333,0.0000000000
8178,0.0000000000,0.3333333333,0.0000000000
9049,0.0000000000,0.3333333333,0.0000000000
7032,0.0000000000,0.3333333333,0.0000000000
7938,0.0000000000,0.3333333333,0.0000000000
7997,0.0000000000,0.3333333333,0.0000000000
8044,0.0000000000,0.3333333333,0.0000000000
8811,0.0000000000,0.3333333333,0.0000000000
8883,0.0000000000,0.3333333333,0.0000000000
9037,0.0000000000,0.3333333333,0.0000000000
6193,0.0000000000,0.3333333333,0.0000000000
6678,0.0000000000,0.3333333333,0.0000000000
7552,0.0000000000,0.3333333333,0.0000000000
9677,0.0000000000,0.3333333333,0.0000000000
4734,0.0000000000,0.3333333333,0.0000000000
4763,0.0000000000,0.3333333333,0.0000000000
6295,0.0000000000,0.3333333333,0.0000000000
5065,0.0000000000,0.3333333333,0.0000000000
5469,0.0000000000,0.3333333333,0.0000000000
8601,0.0000000000,0.3333333333,0.0000000000
4894,0.0000000000,0.3333333333,0.0000000000
7072,0.0000000000,0.3333333333,0.0000000000
7827,0.0000000000,0.3333333333,0.0000000000
9551,0.0000000000,0.3333333333,0.0000000000
5686,0.0000000000,0.3333333333,0.0000000000
9497,0.0000000000,0.3333333333,0.0000000000
5347,0.0000000000,0.3333333333,0.0000000000
9638,0.0000000000,0.3333333333,0.0000000000
9944,0.0000000000,0.3333333333,0.0000000000
8922,0.0000000000,0.3333333333,0.0000000000
5280,0.0000000000,0.3333333333,0.0000000000
5341,0.0000000000,0.3333333333,0.0000000000
9653,0.0000000000,0.3333333333,0.0000000000
5211,0.0000000000,0.3333333333,0.0000000000
8926,0.0000000000,0.3333333333,0.0000000000
4468,0.0000000000,0.3333333333,0.0000000000
6713,0.0000000000,0.3333333333,0.0000000000
3645,0.0000000000,0.3333333333,0.0000000000
7396,0.0000000000,0.3333333333,0.0000000000
7624,0.0000000000,0.3333333333,0.0000000000
8006,0.0000000000,0.3333333333,0.0000000000
8591,0.0000000000,0.3333333333,0.0000000000
7075,0.0000000000,0.3333333333,0.0000000000
7289,0.0000000000,0.3333333333,0.0000000000
2461,0.0000000000,0.3333333333,0.0000000000
6761,0.0000000000,0.3333333333,0.0000000000
8470,0.0000000000,0.3333333333,0.0000000000
4225,0.0000000000,0.3333333333,0.0000000000
8517,0.0000000000,0.3333333333,0.0000000000
8769,0.0000000000,0.3333333333,0.0000000000
3842,0.0000000000,0.3333333333,0.0000000000
4881,0.0000000000,0.3333333333,0.0000000000
5834,0.0000000000,0.3333333333,0.0000000000
7026,0.0000000000,0.3333333333,0.0000000000
9547,0.0000000000,0.3333333333,0.0000000000
3322,0.0000000000,0.3333333333,0.0000000000
5710,0.0000000000,0.3333333333,0.0000000000
5845,0.0000000000,0.3333333333,0.0000000000
7322,0.0000000000,0.3333333333,0.0000000000
7929,0.0000000000,0.3333333333,0.0000000000
8113,0.0000000000,0.3333333333,0.0000000000
8452,0.0000000000,0.3333333333,0.0000000000
8798,0.0000000000,0.3333333333,0.0000000000
9120,0.0000000000,0.3333333333,0.0000000000
9508,0.0000000000,0.3333333333,0.0000000000
9701,0.0000000000,0.3333333333,0.0000000000
3504,0.0000000000,0.3333333333,0.0000000000
5155,0.0000000000,0.3333333333,0.0000000000
9488,0.0000000000,0.3333333333,0.0000000000
2569,0.0000000000,0.3333333333,0.0000000000
4903,0.0000000000,0.3333333333,0.0000000000
5100,0.0000000000,0.3333333333,0.0000000000
5459,0.0000000000,0.3333333333,0.0000000000
6673,0.0000000000,0.3333333333,0.0000000000
8772,0.0000000000,0.3333333333,0.0000000000
2619,0.0000000000,0.3333333333,0.0000000000
4544,0.0000000000,0.3333333333,0.0000000000
6864,0.0000000000,0.3333333333,0.0000000000
7362,0.0000000000,0.3333333333,0.0000000000
8498,0.0000000000,0.3333333333,0.0000000000
9032,0.0000000000,0.3333333333,0.0000000000
2676,0.0000000000,0.3333333333,0.0000000000
4911,0.0000000000,0.3333333333,0.0000000000
6663,0.0000000000,0.3333333333,0.0000000000
7843,0.0000000000,0.3333333333,0.0000000000
8991,0.0000000000,0.3333333333,0.0000000000
3784,0.0000000000,0.3333333333,0.0000000000
6024,0.0000000000,0.3333333333,0.0000000000
8609,0.0000000000,0.3333333333,0.0000000000
9220,0.0000000000,0.3333333333,0.0000000000
3250,0.0000000000,0.3333333333,0.0000000000
4356,0.0000000000,0.3333333333,0.0000000000
5318,0.0000000000,0.3333333333,0.0000000000
6334,0.0000000000,0.3333333333,0.0000000000
8236,0.0000000000,0.3333333333,0.0000000000
8837,0.0000000000,0.3333333333,0.0000000000
9170,0.0000000000,0.3333333333,0.0000000000
9974,0.0000000000,0.3333333333,0.0000000000
4203,0.0000000000,0.3333333333,0.0000000000
9410,0.0000000000,0.3333333333,0.0000000000
5477,0.0000000000,0.3333333333,0.0000000000
9676,0.0000000000,0.3333333333,0.0000000000
3479,0.0000000000,0.3333333333,0.0000000000
5467,0.0000000000,0.3333333333,0.0000000000
3478,0.0000000000,0.3333333333,0.0000000000
5239,0.0000000000,0.3333333333,0.0000000000
7380,0.0000000000,0.3333333333,0.0000000000
9836,0.0000000000,0.3333333333,0.0000000000
8389,0.0000000000,0.3333333333,0.0000000000
2636,0.0000000000,0.3333333333,0.0000000000
4631,0.0000000000,0.3333333333,0.0000000000
7284,0.0000000000,0.3333333333,0.0000000000
8701,0.0000000000,0.3333333333,0.0000000000
9980,0.0000000000,0.3333333333,0.0000000000
6067,0.0000000000,0.3333333333,0.0000000000
7077,0.0000000000,0.3333333333,0.0000000000
8762,0.0000000000,0.3333333333,0.0000000000
5080,0.0000000000,0.3333333333,0.0000000000
5725,0.0000000000,0.3333333333,0.0000000000
7261,0.0000000000,0.3333333333,0.0000000000
8371,0.0000000000,0.3333333333,0.0000000000
3277,0.0000000000,0.3333333333,0.0000000000
6712,0.0000000000,0.3333333333,0.0000000000
9019,0.0000000000,0.3333333333,0.0000000000
9370,0.0000000000,0.3333333333,0.0000000000
5300,0.0000000000,0.3333333333,0.0000000000
6729,0.0000000000,0.3333333333,0.0000000000
9061,0.0000000000,0.3333333333,0.0000000000
2629,0.0000000000,0.3333333333,0.0000000000
4365,0.0000000000,0.3333333333,0.0000000000
5249,0.0000000000,0.3333333333,0.0000000000
8046,0.0000000000,0.3333333333,0.0000000000
4808,0.0000000000,0.3333333333,0.0000000000
5159,0.0000000000,0.3333333333,0.0000000000
6153,0.0000000000,0.3333333333,0.0000000000
7156,0.0000000000,0.3333333333,0.0000000000
9620,0.0000000000,0.3333333333,0.0000000000
9058,0.0000000000,0.3333333333,0.0000000000
9177,0.0000000000,0.3333333333,0.0000000000
9468,0.0000000000,0.3333333333,0.0000000000
8019,0.0000000000,0.3333333333,0.0000000000
6160,0.0000000000,0.3333333333,0.0000000000
6806,0.0000000000,0.3333333333,0.0000000000
7748,0.0000000000,0.3333333333,0.0000000000
8978,0.0000000000,0.3333333333,0.0000000000
2231,0.0000000000,0.3333333333,0.0000000000
4445,0.0000000000,0.3333333333,0.0000000000
5133,0.0000000000,0.3333333333,0.0000000000
5753,0.0000000000,0.3333333333,0.0000000000
6221,0.0000000000,0.3333333333,0.0000000000
6967,0.0000000000,0.3333333333,0.0000000000
7757,0.0000000000,0.3333333333,0.0000000000
6382,0.0000000000,0.3333333333,0.0000000000
8539,0.0000000000,0.3333333333,0.0000000000
9772,0.0000000000,0.3333333333,0.0000000000
7636,0.0000000000,0.3333333333,0.0000000000
7042,0.0000000000,0.3333333333,0.0000000000
7151,0.0000000000,0.3333333333,0.0000000000
7340,0.0000000000,0.3333333333,0.0000000000
8085,0.0000000000,0.3333333333,0.0000000000
9182,0.0000000000,0.3333333333,0.0000000000
9449,0.0000000000,0.3333333333,0.0000000000
5358,0.0000000000,0.3333333333,0.0000000000
8333,0.0000000000,0.3333333333,0.0000000000
9276,0.0000000000,0.3333333333,0.0000000000
2765,0.0000000000,0.3333333333,0.0000000000
3183,0.0000000000,0.3333333333,0.0000000000
3545,0.0000000000,0.3333333333,0.0000000000
7271,0.0000000000,0.3333333333,0.0000000000
7668,0.0000000000,0.3333333333,0.0000000000
7688,0.0000000000,0.3333333333,0.0000000000
6939,0.0000000000,0.3333333333,0.0000000000
8559,0.0000000000,0.3333333333,0.0000000000
5409,0.0000000000,0.3333333333,0.0000000000
7730,0.0000000000,0.3333333333,0.0000000000
8224,0.0000000000,0.3333333333,0.0000000000
2750,0.0000000000,0.3333333333,0.0000000000
3274,0.0000000000,0.3333333333,0.0000000000
6685,0.0000000000,0.3333333333,0.0000000000
7666,0.0000000000,0.3333333333,0.0000000000
8352,0.0000000000,0.3333333333,0.0000000000
9590,0.0000000000,0.3333333333,0.0000000000
9657,0.0000000000,0.3333333333,0.0000000000
6952,0.0000000000,0.3333333333,0.0000000000
8491,0.0000000000,0.3333333333,0.0000000000
9351,0.0000000000,0.3333333333,0.0000000000
8885,0.0000000000,0.3333333333,0.0000000000
1768,0.0000000000,0.3333333333,0.0000000000
3531,0.0000000000,0.3333333333,0.0000000000
4291,0.0000000000,0.3333333333,0.0000000000
8615,0.0000000000,0.3333333333,0.0000000000
7079,0.0000000000,0.3333333333,0.0000000000
8280,0.0000000000,0.3333333333,0.0000000000
8366,0.0000000000,0.3333333333,0.0000000000
8877,0.0000000000,0.3333333333,0.0000000000
9777,0.0000000000,0.3333333333,0.0000000000
9917,0.0000000000,0.3333333333,0.0000000000
2021,0.0000000000,0.3333333333,0.0000000000
5926,0.0000000000,0.3333333333,0.0000000000
6411,0.0000000000,0.3333333333,0.0000000000
7188,0.0000000000,0.3333333333,0.0000000000
8268,0.0000000000,0.3333333333,0.0000000000
5293,0.0000000000,0.3333333333,0.0000000000
5610,0.0000000000,0.3333333333,0.0000000000
9584,0.0000000000,0.3333333333,0.0000000000
7021,0.0000000000,0.3333333333,0.0000000000
8962,0.0000000000,0.3333333333,0.0000000000
9556,0.0000000000,0.3333333333,0.0000000000
1463,0.0000000000,0.3333333333,0.0000000000
5185,0.0000000000,0.3333333333,0.0000000000
5775,0.0000000000,0.3333333333,0.0000000000
6272,0.0000000000,0.3333333333,0.0000000000
7295,0.0000000000,0.3333333333,0.0000000000
5074,0.0000000000,0.3333333333,0.0000000000
5862,0.0000000000,0.3333333333,0.0000000000
6333,0.0000000000,0.3333333333,0.0000000000
9318,0.0000000000,0.3333333333,0.0000000000
6536,0.0000000000,0.3333333333,0.0000000000
6928,0.0000000000,0.3333333333,0.0000000000
8853,0.0000000000,0.3333333333,0.0000000000
5416,0.0000000000,0.3333333333,0.0000000000
1956,0.0000000000,0.3333333333,0.0000000000
8948,0.0000000000,0.3333333333,0.0000000000
3095,0.0000000000,0.3333333333,0.0000000000
4489,0.0000000000,0.3333333333,0.0000000000
6830,0.0000000000,0.3333333333,0.0000000000
3344,0.0000000000,0.3333333333,0.0000000000
9833,0.0000000000,0.3333333333,0.0000000000
9891,0.0000000000,0.3333333333,0.0000000000
9852,0.0000000000,0.3333333333,0.0000000000
2175,0.0000000000,0.3333333333,0.0000000000
6489,0.0000000000,0.3333333333,0.0000000000
8624,0.0000000000,0.3333333333,0.0000000000
5938,0.0000000000,0.3333333333,0.0000000000
8417,0.0000000000,0.3333333333,0.0000000000
9308,0.0000000000,0.3333333333,0.0000000000
7683,0.0000000000,0.3333333333,0.0000000000
3491,0.0000000000,0.3333333333,0.0000000000
3863,0.0000000000,0.3333333333,0.0000000000
5797,0.0000000000,0.3333333333,0.0000000000
6003,0.0000000000,0.3333333333,0.0000000000
9004,0.0000000000,0.3333333333,0.0000000000
9780,0.0000000000,0.3333333333,0.0000000000
4798,0.0000000000,0.3333333333,0.0000000000
8862,0.0000000000,0.3333333333,0.0000000000
5075,0.0000000000,0.3333333333,0.0000000000
8494,0.0000000000,0.3333333333,0.0000000000
8729,0.0000000000,0.3333333333,0.0000000000
9162,0.0000000000,0.3333333333,0.0000000000
9225,0.0000000000,0.3333333333,0.0000000000
9934,0.0000000000,0.3333333333,0.0000000000
3939,0.0000000000,0.3333333333,0.0000000000
5604,0.0000000000,0.3333333333,0.0000000000
8121,0.0000000000,0.3333333333,0.0000000000
9618,0.0000000000,0.3333333333,0.0000000000
3733,0.0000000000,0.3333333333,0.0000000000
5118,0.0000000000,0.3333333333,0.0000000000
6598,0.0000000000,0.3333333333,0.0000000000
6831,0.0000000000,0.3333333333,0.0000000000
8457,0.0000000000,0.3333333333,0.0000000000
9734,0.0000000000,0.3333333333,0.0000000000
7846,0.0000000000,0.3333333333,0.0000000000
4459,0.0000000000,0.3333333333,0.0000000000
7981,0.0000000000,0.3333333333,0.0000000000
8444,0.0000000000,0.3333333333,0.0000000000
6412,0.0000000000,0.3333333333,0.0000000000
9641,0.0000000000,0.3333333333,0.0000000000
7631,0.0000000000,0.3333333333,0.0000000000
3737,0.0000000000,0.3333333333,0.0000000000
6062,0.0000000000,0.3333333333,0.0000000000
6327,0.0000000000,0.3333333333,0.0000000000
7763,0.0000000000,0.3333333333,0.0000000000
9209,0.0000000000,0.3333333333,0.0000000000
9994,0.0000000000,0.3333333333,0.0000000000
1697,0.0000000000,0.3333333333,0.0000000000
5868,0.0000000000,0.3333333333,0.0000000000
5032,0.0000000000,0.3333333333,0.0000000000
6575,0.0000000000,0.3333333333,0.0000000000
2672,0.0000000000,0.3333333333,0.0000000000
8091,0.0000000000,0.3333333333,0.0000000000
4973,0.0000000000,0.3333333333,0.0000000000
1003,0.0000000000,0.3333333333,0.0000000000
4353,0.0000000000,0.3333333333,0.0000000000
6467,0.0000000000,0.3333333333,0.0000000000
8335,0.0000000000,0.3333333333,0.0000000000
6731,0.0000000000,0.3333333333,0.0000000000
9637,0.0000000000,0.3333333333,0.0000000000
2828,0.0000000000,0.3333333333,0.0000000000
6095,0.0000000000,0.3333333333,0.0000000000
7376,0.0000000000,0.3333333333,0.0000000000
9129,0.0000000000,0.3333333333,0.0000000000
9285,0.0000000000,0.3333333333,0.0000000000
9422,0.0000000000,0.3333333333,0.0000000000
2978,0.0000000000,0.3333333333,0.0000000000
3972,0.0000000000,0.3333333333,0.0000000000
9235,0.0000000000,0.3333333333,0.0000000000
9390,0.0000000000,0.3333333333,0.0000000000
6471,0.0000000000,0.3333333333,0.0000000000
6583,0.0000000000,0.3333333333,0.0000000000
8503,0.0000000000,0.3333333333,0.0000000000
9761,0.0000000000,0.3333333333,0.0000000000
8723,0.0000000000,0.3333333333,0.0000000000
9648,0.0000000000,0.3333333333,0.0000000000
4012,0.0000000000,0.3333333333,0.0000000000
9408,0.0000000000,0.3333333333,0.0000000000
7327,0.0000000000,0.3333333333,0.0000000000
7877,0.0000000000,0.3333333333,0.0000000000
8250,0.0000000000,0.3333333333,0.0000000000
8776,0.0000000000,0.3333333333,0.0000000000
4708,0.0000000000,0.3333333333,0.0000000000
7572,0.0000000000,0.3333333333,0.0000000000
9957,0.0000000000,0.3333333333,0.0000000000
5734,0.0000000000,0.3333333333,0.0000000000
6587,0.0000000000,0.3333333333,0.0000000000
8700,0.0000000000,0.3333333333,0.0000000000
9253,0.0000000000,0.3333333333,0.0000000000
8153,0.0000000000,0.3333333333,0.0000000000
9135,0.0000000000,0.3333333333,0.0000000000
6026,0.0000000000,0.3333333333,0.0000000000
6718,0.0000000000,0.3333333333,0.0000000000
6915,0.0000000000,0.3333333333,0.0000000000
6998,0.0000000000,0.3333333333,0.0000000000
7393,0.0000000000,0.3333333333,0.0000000000
8355,0.0000000000,0.3333333333,0.0000000000
9884,0.0000000000,0.3333333333,0.0000000000
3071,0.0000000000,0.3333333333,0.0000000000
3613,0.0000000000,0.3333333333,0.0000000000
5316,0.0000000000,0.3333333333,0.0000000000
7543,0.0000000000,0.3333333333,0.0000000000
2332,0.0000000000,0.3333333333,0.0000000000
8596,0.0000000000,0.3333333333,0.0000000000
9319,0.0000000000,0.3333333333,0.0000000000
2813,0.0000000000,0.3333333333,0.0000000000
4582,0.0000000000,0.3333333333,0.0000000000
9416,0.0000000000,0.3333333333,0.0000000000
2749,0.0000000000,0.3333333333,0.0000000000
4561,0.0000000000,0.3333333333,0.0000000000
5985,0.0000000000,0.3333333333,0.0000000000
6633,0.0000000000,0.3333333333,0.0000000000
6757,0.0000000000,0.3333333333,0.0000000000
8852,0.0000000000,0.3333333333,0.0000000000
6687,0.0000000000,0.3333333333,0.0000000000
8005,0.0000000000,0.3333333333,0.0000000000
8901,0.0000000000,0.3333333333,0.0000000000
5441,0.0000000000,0.3333333333,0.0000000000
8690,0.0000000000,0.3333333333,0.0000000000
9720,0.0000000000,0.3333333333,0.0000000000
8220,0.0000000000,0.3333333333,0.0000000000
1607,0.0000000000,0.3333333333,0.0000000000
1672,0.0000000000,0.3333333333,0.0000000000
1795,0.0000000000,0.3333333333,0.0000000000
7246,0.0000000000,0.3333333333,0.0000000000
9138,0.0000000000,0.3333333333,0.0000000000
6744,0.0000000000,0.3333333333,0.0000000000
9321,0.0000000000,0.3333333333,0.0000000000
9913,0.0000000000,0.3333333333,0.0000000000
2102,0.0000000000,0.3333333333,0.0000000000
5967,0.0000000000,0.3333333333,0.0000000000
5991,0.0000000000,0.3333333333,0.0000000000
6096,0.0000000000,0.3333333333,0.0000000000
9405,0.0000000000,0.3333333333,0.0000000000
1955,0.0000000000,0.3333333333,0.0000000000
3492,0.0000000000,0.3333333333,0.0000000000
8856,0.0000000000,0.3333333333,0.0000000000
8889,0.0000000000,0.3333333333,0.0000000000
9864,0.0000000000,0.3333333333,0.0000000000
7784,0.0000000000,0.3333333333,0.0000000000
6478,0.0000000000,0.3333333333,0.0000000000
2273,0.0000000000,0.3333333333,0.0000000000
3933,0.0000000000,0.3333333333,0.0000000000
9386,0.0000000000,0.3333333333,0.0000000000
6299,0.0000000000,0.3333333333,0.0000000000
8578,0.0000000000,0.3333333333,0.0000000000
9785,0.0000000000,0.3333333333,0.0000000000
7700,0.0000000000,0.3333333333,0.0000000000
7756,0.0000000000,0.3333333333,0.0000000000
9750,0.0000000000,0.3333333333,0.0000000000
6138,0.0000000000,0.3333333333,0.0000000000
6262,0.0000000000,0.3333333333,0.0000000000
7826,0.0000000000,0.3333333333,0.0000000000
6212,0.0000000000,0.3333333333,0.0000000000
7884,0.0000000000,0.3333333333,0.0000000000
6816,0.0000000000,0.3333333333,0.0000000000
7355,0.0000000000,0.3333333333,0.0000000000
7990,0.0000000000,0.3333333333,0.0000000000
2612,0.0000000000,0.3333333333,0.0000000000
4361,0.0000000000,0.3333333333,0.0000000000
6508,0.0000000000,0.3333333333,0.0000000000
9959,0.0000000000,0.3333333333,0.0000000000
8675,0.0000000000,0.3333333333,0.0000000000
4267,0.0000000000,0.3333333333,0.0000000000
7896,0.0000000000,0.3333333333,0.0000000000
5607,0.0000000000,0.3333333333,0.0000000000
5695,0.0000000000,0.3333333333,0.0000000000
9071,0.0000000000,0.3333333333,0.0000000000
9744,0.0000000000,0.3333333333,0.0000000000
7214,0.0000000000,0.3333333333,0.0000000000
2491,0.0000000000,0.3333333333,0.0000000000
3823,0.0000000000,0.3333333333,0.0000000000
8749,0.0000000000,0.3333333333,0.0000000000
6832,0.0000000000,0.3333333333,0.0000000000
6858,0.0000000000,0.3333333333,0.0000000000
8435,0.0000000000,0.3333333333,0.0000000000
8828,0.0000000000,0.3333333333,0.0000000000
4415,0.0000000000,0.3333333333,0.0000000000
8940,0.0000000000,0.3333333333,0.0000000000
6311,0.0000000000,0.3333333333,0.0000000000
9373,0.0000000000,0.3333333333,0.0000000000
4951,0.0000000000,0.3333333333,0.0000000000
8353,0.0000000000,0.3333333333,0.0000000000
8713,0.0000000000,0.3333333333,0.0000000000
5558,0.0000000000,0.3333333333,0.0000000000
7155,0.0000000000,0.3333333333,0.0000000000
5523,0.0000000000,0.3333333333,0.0000000000
7883,0.0000000000,0.3333333333,0.0000000000
9623,0.0000000000,0.3333333333,0.0000000000
7466,0.0000000000,0.3333333333,0.0000000000
9223,0.0000000000,0.3333333333,0.0000000000
6841,0.0000000000,0.3333333333,0.0000000000
8082,0.0000000000,0.3333333333,0.0000000000
9986,0.0000000000,0.3333333333,0.0000000000
9208,0.0000000000,0.3333333333,0.0000000000
7994,0.0000000000,0.3333333333,0.0000000000
5079,0.0000000000,0.3333333333,0.0000000000
5452,0.0000000000,0.3333333333,0.0000000000
8421,0.0000000000,0.3333333333,0.0000000000
6244,0.0000000000,0.3333333333,0.0000000000
6751,0.0000000000,0.3333333333,0.0000000000
8564,0.0000000000,0.3333333333,0.0000000000
5058,0.0000000000,0.3333333333,0.0000000000
7672,0.0000000000,0.3333333333,0.0000000000
7701,0.0000000000,0.3333333333,0.0000000000
9673,0.0000000000,0.3333333333,0.0000000000
5678,0.0000000000,0.3333333333,0.0000000000
5988,0.0000000000,0.3333333333,0.0000000000
8542,0.0000000000,0.3333333333,0.0000000000
9568,0.0000000000,0.3333333333,0.0000000000
9329,0.0000000000,0.3333333333,0.0000000000
6260,0.0000000000,0.3333333333,0.0000000000
9531,0.0000000000,0.3333333333,0.0000000000
7317,0.0000000000,0.3333333333,0.0000000000
8468,0.0000000000,0.3333333333,0.0000000000
9013,0.0000000000,0.3333333333,0.0000000000
5473,0.0000000000,0.3333333333,0.0000000000
6329,0.0000000000,0.3333333333,0.0000000000
6776,0.0000000000,0.3333333333,0.0000000000
3330,0.0000000000,0.3333333333,0.0000000000
4888,0.0000000000,0.3333333333,0.0000000000
6302,0.0000000000,0.3333333333,0.0000000000
7417,0.0000000000,0.3333333333,0.0000000000
9991,0.0000000000,0.3333333333,0.0000000000
2936,0.0000000000,0.3333333333,0.0000000000
4276,0.0000000000,0.3333333333,0.0000000000
5485,0.0000000000,0.3333333333,0.0000000000
6355,0.0000000000,0.3333333333,0.0000000000
7450,0.0000000000,0.3333333333,0.0000000000
7571,0.0000000000,0.3333333333,0.0000000000
7698,0.0000000000,0.3333333333,0.0000000000
7819,0.0000000000,0.3333333333,0.0000000000
8630,0.0000000000,0.3333333333,0.0000000000
7854,0.0000000000,0.3333333333,0.0000000000
8649,0.0000000000,0.3333333333,0.0000000000
7389,0.0000000000,0.3333333333,0.0000000000
8665,0.0000000000,0.3333333333,0.0000000000
6469,0.0000000000,0.3333333333,0.0000000000
7431,0.0000000000,0.3333333333,0.0000000000
7499,0.0000000000,0.3333333333,0.0000000000
8403,0.0000000000,0.3333333333,0.0000000000
9334,0.0000000000,0.3333333333,0.0000000000
7115,0.0000000000,0.3333333333,0.0000000000
1972,0.0000000000,0.3333333333,0.0000000000
4482,0.0000000000,0.3333333333,0.0000000000
7549,0.0000000000,0.3333333333,0.0000000000
8673,0.0000000000,0.3333333333,0.0000000000
3532,0.0000000000,0.3333333333,0.0000000000
7545,0.0000000000,0.3333333333,0.0000000000
7647,0.0000000000,0.3333333333,0.0000000000
5924,0.0000000000,0.3333333333,0.0000000000
9760,0.0000000000,0.3333333333,0.0000000000
7942,0.0000000000,0.3333333333,0.0000000000
8860,0.0000000000,0.3333333333,0.0000000000
6684,0.0000000000,0.3333333333,0.0000000000
7104,0.0000000000,0.3333333333,0.0000000000
6862,0.0000000000,0.3333333333,0.0000000000
9564,0.0000000000,0.3333333333,0.0000000000
6164,0.0000000000,0.3333333333,0.0000000000
6999,0.0000000000,0.3333333333,0.0000000000
7703,0.0000000000,0.3333333333,0.0000000000
7920,0.0000000000,0.3333333333,0.0000000000
8815,0.0000000000,0.3333333333,0.0000000000
9166,0.0000000000,0.3333333333,0.0000000000
2598,0.0000000000,0.3333333333,0.0000000000
9554,0.0000000000,0.3333333333,0.0000000000
9576,0.0000000000,0.3333333333,0.0000000000
9797,0.0000000000,0.3333333333,0.0000000000
2260,0.0000000000,0.3333333333,0.0000000000
5786,0.0000000000,0.3333333333,0.0000000000
7020,0.0000000000,0.3333333333,0.0000000000
7708,0.0000000000,0.3333333333,0.0000000000
7172,0.0000000000,0.3333333333,0.0000000000
6781,0.0000000000,0.3333333333,0.0000000000
8526,0.0000000000,0.3333333333,0.0000000000
8358,0.0000000000,0.3333333333,0.0000000000
4537,0.0000000000,0.3333333333,0.0000000000
9773,0.0000000000,0.3333333333,0.0000000000
6717,0.0000000000,0.3333333333,0.0000000000
7426,0.0000000000,0.3333333333,0.0000000000
7785,0.0000000000,0.3333333333,0.0000000000
8966,0.0000000000,0.3333333333,0.0000000000
2485,0.0000000000,0.3333333333,0.0000000000
8638,0.0000000000,0.3333333333,0.0000000000
3396,0.0000000000,0.3333333333,0.0000000000
7781,0.0000000000,0.3333333333,0.0000000000
7834,0.0000000000,0.3333333333,0.0000000000
8116,0.0000000000,0.3333333333,0.0000000000
6897,0.0000000000,0.3333333333,0.0000000000
7350,0.0000000000,0.3333333333,0.0000000000
8870,0.0000000000,0.3333333333,0.0000000000
3541,0.0000000000,0.3333333333,0.0000000000
7116,0.0000000000,0.3333333333,0.0000000000
7031,0.0000000000,0.3333333333,0.0000000000
5599,0.0000000000,0.3333333333,0.0000000000
6565,0.0000000000,0.3333333333,0.0000000000
2692,0.0000000000,0.3333333333,0.0000000000
7886,0.0000000000,0.3333333333,0.0000000000
9860,0.0000000000,0.3333333333,0.0000000000
5996,0.0000000000,0.3333333333,0.0000000000
5486,0.0000000000,0.3333333333,0.0000000000
8836,0.0000000000,0.3333333333,0.0000000000
9254,0.0000000000,0.3333333333,0.0000000000
6060,0.0000000000,0.3333333333,0.0000000000
7521,0.0000000000,0.3333333333,0.0000000000
8398,0.0000000000,0.3333333333,0.0000000000
8790,0.0000000000,0.3333333333,0.0000000000
7675,0.0000000000,0.3333333333,0.0000000000
9946,0.0000000000,0.3333333333,0.0000000000
4821,0.0000000000,0.3333333333,0.0000000000
6006,0.0000000000,0.3333333333,0.0000000000
6918,0.0000000000,0.3333333333,0.0000000000
7304,0.0000000000,0.3333333333,0.0000000000
9872,0.0000000000,0.3333333333,0.0000000000
1591,0.0000000000,0.3333333333,0.0000000000
3646,0.0000000000,0.3333333333,0.0000000000
9400,0.0000000000,0.3333333333,0.0000000000
7782,0.0000000000,0.3333333333,0.0000000000
7836,0.0000000000,0.3333333333,0.0000000000
8533,0.0000000000,0.3333333333,0.0000000000
8881,0.0000000000,0.3333333333,0.0000000000
9160,0.0000000000,0.3333333333,0.0000000000
3503,0.0000000000,0.3333333333,0.0000000000
3816,0.0000000000,0.3333333333,0.0000000000
4690,0.0000000000,0.3333333333,0.0000000000
5999,0.0000000000,0.3333333333,0.0000000000
9487,0.0000000000,0.3333333333,0.0000000000
7166,0.0000000000,0.3333333333,0.0000000000
7861,0.0000000000,0.3333333333,0.0000000000
6913,0.0000000000,0.3333333333,0.0000000000
9355,0.0000000000,0.3333333333,0.0000000000
9966,0.0000000000,0.3333333333,0.0000000000
5401,0.0000000000,0.3333333333,0.0000000000
6972,0.0000000000,0.3333333333,0.0000000000
8336,0.0000000000,0.3333333333,0.0000000000
8797,0.0000000000,0.3333333333,0.0000000000
9245,0.0000000000,0.3333333333,0.0000000000
9812,0.0000000000,0.3333333333,0.0000000000
5754,0.0000000000,0.3333333333,0.0000000000
8474,0.0000000000,0.3333333333,0.0000000000
8598,0.0000000000,0.3333333333,0.0000000000
2342,0.0000000000,0.3333333333,0.0000000000
3151,0.0000000000,0.3333333333,0.0000000000
8607,0.0000000000,0.3333333333,0.0000000000
9654,0.0000000000,0.3333333333,0.0000000000
7752,0.0000000000,0.3333333333,0.0000000000
8976,0.0000000000,0.3333333333,0.0000000000
9484,0.0000000000,0.3333333333,0.0000000000
7130,0.0000000000,0.3333333333,0.0000000000
7486,0.0000000000,0.3333333333,0.0000000000
7923,0.0000000000,0.3333333333,0.0000000000
3047,0.0000000000,0.3333333333,0.0000000000
7991,0.0000000000,0.3333333333,0.0000000000
4157,0.0000000000,0.3333333333,0.0000000000
4932,0.0000000000,0.3333333333,0.0000000000
9143,0.0000000000,0.3333333333,0.0000000000
9680,0.0000000000,0.3333333333,0.0000000000
4366,0.0000000000,0.3333333333,0.0000000000
9258,0.0000000000,0.3333333333,0.0000000000
6197,0.0000000000,0.3333333333,0.0000000000
5750,0.0000000000,0.3333333333,0.0000000000
8229,0.0000000000,0.3333333333,0.0000000000
8042,0.0000000000,0.3333333333,0.0000000000
7240,0.0000000000,0.3333333333,0.0000000000
7544,0.0000000000,0.3333333333,0.0000000000
2209,0.0000000000,0.3333333333,0.0000000000
3421,0.0000000000,0.3333333333,0.0000000000
3964,0.0000000000,0.3333333333,0.0000000000
5536,0.0000000000,0.3333333333,0.0000000000
7112,0.0000000000,0.3333333333,0.0000000000
7232,0.0000000000,0.3333333333,0.0000000000
6111,0.0000000000,0.3333333333,0.0000000000
8545,0.0000000000,0.3333333333,0.0000000000
7779,0.0000000000,0.3333333333,0.0000000000
8125,0.0000000000,0.3333333333,0.0000000000
8509,0.0000000000,0.3333333333,0.0000000000
8928,0.0000000000,0.3333333333,0.0000000000
4396,0.0000000000,0.3333333333,0.0000000000
7677,0.0000000000,0.3333333333,0.0000000000
8761,0.0000000000,0.3333333333,0.0000000000
9332,0.0000000000,0.3333333333,0.0000000000
5665,0.0000000000,0.3333333333,0.0000000000
9457,0.0000000000,0.3333333333,0.0000000000
9587,0.0000000000,0.3333333333,0.0000000000
9996,0.0000000000,0.3333333333,0.0000000000
3989,0.0000000000,0.3333333333,0.0000000000
4682,0.0000000000,0.3333333333,0.0000000000
5965,0.0000000000,0.3333333333,0.0000000000
9731,0.0000000000,0.3333333333,0.0000000000
6208,0.0000000000,0.3333333333,0.0000000000
6883,0.0000000000,0.3333333333,0.0000000000
7704,0.0000000000,0.3333333333,0.0000000000
8868,0.0000000000,0.3333333333,0.0000000000
1295,0.0000000000,0.3333333333,0.0000000000
7604,0.0000000000,0.3333333333,0.0000000000
8325,0.0000000000,0.3333333333,0.0000000000
8171,0.0000000000,0.3333333333,0.0000000000
4087,0.0000000000,0.3333333333,0.0000000000
7318,0.0000000000,0.3333333333,0.0000000000
8668,0.0000000000,0.3333333333,0.0000000000
2680,0.0000000000,0.3333333333,0.0000000000
6174,0.0000000000,0.3333333333,0.0000000000
4184,0.0000000000,0.3333333333,0.0000000000
4339,0.0000000000,0.3333333333,0.0000000000
7643,0.0000000000,0.3333333333,0.0000000000
8939,0.0000000000,0.3333333333,0.0000000000
4306,0.0000000000,0.3333333333,0.0000000000
4441,0.0000000000,0.3333333333,0.0000000000
9813,0.0000000000,0.3333333333,0.0000000000
2706,0.0000000000,0.3333333333,0.0000000000
5406,0.0000000000,0.3333333333,0.0000000000
7273,0.0000000000,0.3333333333,0.0000000000
9622,0.0000000000,0.3333333333,0.0000000000
8303,0.0000000000,0.3333333333,0.0000000000
4504,0.0000000000,0.3333333333,0.0000000000
9617,0.0000000000,0.3333333333,0.0000000000
6168,0.0000000000,0.3333333333,0.0000000000
5822,0.0000000000,0.3333333333,0.0000000000
4217,0.0000000000,0.3333333333,0.0000000000
5492,0.0000000000,0.3333333333,0.0000000000
8273,0.0000000000,0.3333333333,0.0000000000
9280,0.0000000000,0.3333333333,0.0000000000
2510,0.0000000000,0.3333333333,0.0000000000
6567,0.0000000000,0.3333333333,0.0000000000
9045,0.0000000000,0.3333333333,0.0000000000
5181,0.0000000000,0.3333333333,0.0000000000
4971,0.0000000000,0.3333333333,0.0000000000
7804,0.0000000000,0.3333333333,0.0000000000
9111,0.0000000000,0.3333333333,0.0000000000
5266,0.0000000000,0.3333333333,0.0000000000
5982,0.0000000000,0.3333333333,0.0000000000
7924,0.0000000000,0.3333333333,0.0000000000
5187,0.0000000000,0.3333333333,0.0000000000
6750,0.0000000000,0.3333333333,0.0000000000
9778,0.0000000000,0.3333333333,0.0000000000
9740,0.0000000000,0.3333333333,0.0000000000
4178,0.0000000000,0.3333333333,0.0000000000
3787,0.0000000000,0.3333333333,0.0000000000
8510,0.0000000000,0.3333333333,0.0000000000
4507,0.0000000000,0.3333333333,0.0000000000
6002,0.0000000000,0.3333333333,0.0000000000
2105,0.0000000000,0.3333333333,0.0000000000
4923,0.0000000000,0.3333333333,0.0000000000
7530,0.0000000000,0.3333333333,0.0000000000
7764,0.0000000000,0.3333333333,0.0000000000
9762,0.0000000000,0.3333333333,0.0000000000
5528,0.0000000000,0.3333333333,0.0000000000
9364,0.0000000000,0.3333333333,0.0000000000
5312,0.0000000000,0.3333333333,0.0000000000
6080,0.0000000000,0.3333333333,0.0000000000
6602,0.0000000000,0.3333333333,0.0000000000
9514,0.0000000000,0.3333333333,0.0000000000
9987,0.0000000000,0.3333333333,0.0000000000
6961,0.0000000000,0.3333333333,0.0000000000
7517,0.0000000000,0.3333333333,0.0000000000
9287,0.0000000000,0.3333333333,0.0000000000
8755,0.0000000000,0.3333333333,0.0000000000
8124,0.0000000000,0.3333333333,0.0000000000
9594,0.0000000000,0.3333333333,0.0000000000
7661,0.0000000000,0.3333333333,0.0000000000
8583,0.0000000000,0.3333333333,0.0000000000
4248,0.0000000000,0.3333333333,0.0000000000
7100,0.0000000000,0.3333333333,0.0000000000
6078,0.0000000000,0.3333333333,0.0000000000
9588,0.0000000000,0.3333333333,0.0000000000
6120,0.0000000000,0.3333333333,0.0000000000
4074,0.0000000000,0.3333333333,0.0000000000
7824,0.0000000000,0.3333333333,0.0000000000
3194,0.0000000000,0.3333333333,0.0000000000
4120,0.0000000000,0.3333333333,0.0000000000
6070,0.0000000000,0.3333333333,0.0000000000
9876,0.0000000000,0.3333333333,0.0000000000
5867,0.0000000000,0.3333333333,0.0000000000
9029,0.0000000000,0.3333333333,0.0000000000
5281,0.0000000000,0.3333333333,0.0000000000
7375,0.0000000000,0.3333333333,0.0000000000
1511,0.0000000000,0.3333333333,0.0000000000
7082,0.0000000000,0.3333333333,0.0000000000
8695,0.0000000000,0.3333333333,0.0000000000
9496,0.0000000000,0.3333333333,0.0000000000
6646,0.0000000000,0.3333333333,0.0000000000
8666,0.0000000000,0.3333333333,0.0000000000
8919,0.0000000000,0.3333333333,0.0000000000
9443,0.0000000000,0.3333333333,0.0000000000
5360,0.0000000000,0.3333333333,0.0000000000
6400,0.0000000000,0.3333333333,0.0000000000
8929,0.0000000000,0.3333333333,0.0000000000
9080,0.0000000000,0.3333333333,0.0000000000
9719,0.0000000000,0.3333333333,0.0000000000
3767,0.0000000000,0.3333333333,0.0000000000
8612,0.0000000000,0.3333333333,0.0000000000
6925,0.0000000000,0.3333333333,0.0000000000
9161,0.0000000000,0.3333333333,0.0000000000
8406,0.0000000000,0.3333333333,0.0000000000
9936,0.0000000000,0.3333333333,0.0000000000
6306,0.0000000000,0.3333333333,0.0000000000
7036,0.0000000000,0.3333333333,0.0000000000
7966,0.0000000000,0.3333333333,0.0000000000
8552,0.0000000000,0.3333333333,0.0000000000
4308,0.0000000000,0.3333333333,0.0000000000
3578,0.0000000000,0.3333333333,0.0000000000
5470,0.0000000000,0.3333333333,0.0000000000
6199,0.0000000000,0.3333333333,0.0000000000
9666,0.0000000000,0.3333333333,0.0000000000
8356,0.0000000000,0.3333333333,0.0000000000
8575,0.0000000000,0.3333333333,0.0000000000
8803,0.0000000000,0.3333333333,0.0000000000
2645,0.0000000000,0.3333333333,0.0000000000
4385,0.0000000000,0.3333333333,0.0000000000
7497,0.0000000000,0.3333333333,0.0000000000
7749,0.0000000000,0.3333333333,0.0000000000
8730,0.0000000000,0.3333333333,0.0000000000
9984,0.0000000000,0.3333333333,0.0000000000
3857,0.0000000000,0.3333333333,0.0000000000
9466,0.0000000000,0.3333333333,0.0000000000
7443,0.0000000000,0.3333333333,0.0000000000
7773,0.0000000000,0.3333333333,0.0000000000
7945,0.0000000000,0.3333333333,0.0000000000
9945,0.0000000000,0.3333333333,0.0000000000
5925,0.0000000000,0.3333333333,0.0000000000
3869,0.0000000000,0.3333333333,0.0000000000
4839,0.0000000000,0.3333333333,0.0000000000
6638,0.0000000000,0.3333333333,0.0000000000
9402,0.0000000000,0.3333333333,0.0000000000
4789,0.0000000000,0.3333333333,0.0000000000
9001,0.0000000000,0.3333333333,0.0000000000
5116,0.0000000000,0.3333333333,0.0000000000
5289,0.0000000000,0.3333333333,0.0000000000
9569,0.0000000000,0.3333333333,0.0000000000
3205,0.0000000000,0.3333333333,0.0000000000
7649,0.0000000000,0.3333333333,0.0000000000
8235,0.0000000000,0.3333333333,0.0000000000
6997,0.0000000000,0.3333333333,0.0000000000
9849,0.0000000000,0.3333333333,0.0000000000
2931,0.0000000000,0.3333333333,0.0000000000
7293,0.0000000000,0.3333333333,0.0000000000
6265,0.0000000000,0.3333333333,0.0000000000
6783,0.0000000000,0.3333333333,0.0000000000
6987,0.0000000000,0.3333333333,0.0000000000
8238,0.0000000000,0.3333333333,0.0000000000
7916,0.0000000000,0.3333333333,0.0000000000
8117,0.0000000000,0.3333333333,0.0000000000
4535,0.0000000000,0.3333333333,0.0000000000
9027,0.0000000000,0.3333333333,0.0000000000
9889,0.0000000000,0.3333333333,0.0000000000
3855,0.0000000000,0.3333333333,0.0000000000
5838,0.0000000000,0.3333333333,0.0000000000
9781,0.0000000000,0.3333333333,0.0000000000
3441,0.0000000000,0.3333333333,0.0000000000
8720,0.0000000000,0.3333333333,0.0000000000
9039,0.0000000000,0.3333333333,0.0000000000
5913,0.0000000000,0.3333333333,0.0000000000
7567,0.0000000000,0.3333333333,0.0000000000
9433,0.0000000000,0.3333333333,0.0000000000
9688,0.0000000000,0.3333333333,0.0000000000
5381,0.0000000000,0.3333333333,0.0000000000
8490,0.0000000000,0.3333333333,0.0000000000
6606,0.0000000000,0.3333333333,0.0000000000
9530,0.0000000000,0.3333333333,0.0000000000
9458,0.0000000000,0.3333333333,0.0000000000
4704,0.0000000000,0.3333333333,0.0000000000
5921,0.0000000000,0.3333333333,0.0000000000
9650,0.0000000000,0.3333333333,0.0000000000
3131,0.0000000000,0.3333333333,0.0000000000
3774,0.0000000000,0.3333333333,0.0000000000
9581,0.0000000000,0.3333333333,0.0000000000
3430,0.0000000000,0.3333333333,0.0000000000
4377,0.0000000000,0.3333333333,0.0000000000
5322,0.0000000000,0.3333333333,0.0000000000
2080,0.0000000000,0.3333333333,0.0000000000
9040,0.0000000000,0.3333333333,0.0000000000
8320,0.0000000000,0.3333333333,0.0000000000
8390,0.0000000000,0.3333333333,0.0000000000
9464,0.0000000000,0.3333333333,0.0000000000
8854,0.0000000000,0.3333333333,0.0000000000
6445,0.0000000000,0.3333333333,0.0000000000
5490,0.0000000000,0.3333333333,0.0000000000
7815,0.0000000000,0.3333333333,0.0000000000
4390,0.0000000000,0.3333333333,0.0000000000
7435,0.0000000000,0.3333333333,0.0000000000
8131,0.0000000000,0.3333333333,0.0000000000
8379,0.0000000000,0.3333333333,0.0000000000
9385,0.0000000000,0.3333333333,0.0000000000
9396,0.0000000000,0.3333333333,0.0000000000
9625,0.0000000000,0.3333333333,0.0000000000
8469,0.0000000000,0.3333333333,0.0000000000
9059,0.0000000000,0.3333333333,0.0000000000
3302,0.0000000000,0.3333333333,0.0000000000
6444,0.0000000000,0.3333333333,0.0000000000
4557,0.0000000000,0.3333333333,0.0000000000
5461,0.0000000000,0.3333333333,0.0000000000
8373,0.0000000000,0.3333333333,0.0000000000
9910,0.0000000000,0.3333333333,0.0000000000
6552,0.0000000000,0.3333333333,0.0000000000
7585,0.0000000000,0.3333333333,0.0000000000
8561,0.0000000000,0.3333333333,0.0000000000
6177,0.0000000000,0.3333333333,0.0000000000
8999,0.0000000000,0.3333333333,0.0000000000
4784,0.0000000000,0.3333333333,0.0000000000
8035,0.0000000000,0.3333333333,0.0000000000
8404,0.0000000000,0.3333333333,0.0000000000
8658,0.0000000000,0.3333333333,0.0000000000
9733,0.0000000000,0.3333333333,0.0000000000
7274,0.0000000000,0.3333333333,0.0000000000
7488,0.0000000000,0.3333333333,0.0000000000
7494,0.0000000000,0.3333333333,0.0000000000
8473,0.0000000000,0.3333333333,0.0000000000
8616,0.0000000000,0.3333333333,0.0000000000
9028,0.0000000000,0.3333333333,0.0000000000
8796,0.0000000000,0.3333333333,0.0000000000
6758,0.0000000000,0.3333333333,0.0000000000
3826,0.0000000000,0.3333333333,0.0000000000
5042,0.0000000000,0.3333333333,0.0000000000
8937,0.0000000000,0.3333333333,0.0000000000
9724,0.0000000000,0.3333333333,0.0000000000
4999,0.0000000000,0.3333333333,0.0000000000
9194,0.0000000000,0.3333333333,0.0000000000
9754,0.0000000000,0.3333333333,0.0000000000
7303,0.0000000000,0.3333333333,0.0000000000
7595,0.0000000000,0.3333333333,0.0000000000
4889,0.0000000000,0.3333333333,0.0000000000
4899,0.0000000000,0.3333333333,0.0000000000
8259,0.0000000000,0.3333333333,0.0000000000
2377,0.0000000000,0.3333333333,0.0000000000
3268,0.0000000000,0.3333333333,0.0000000000
4202,0.0000000000,0.3333333333,0.0000000000
5024,0.0000000000,0.3333333333,0.0000000000
9721,0.0000000000,0.3333333333,0.0000000000
6807,0.0000000000,0.3333333333,0.0000000000
8140,0.0000000000,0.3333333333,0.0000000000
5799,0.0000000000,0.3333333333,0.0000000000
7419,0.0000000000,0.3333333333,0.0000000000
8663,0.0000000000,0.3333333333,0.0000000000
5267,0.0000000000,0.3333333333,0.0000000000
6116,0.0000000000,0.3333333333,0.0000000000
7932,0.0000000000,0.3333333333,0.0000000000
8087,0.0000000000,0.3333333333,0.0000000000
8478,0.0000000000,0.3333333333,0.0000000000
3364,0.0000000000,0.3333333333,0.0000000000
3400,0.0000000000,0.3333333333,0.0000000000
6284,0.0000000000,0.3333333333,0.0000000000
3892,0.0000000000,0.3333333333,0.0000000000
6231,0.0000000000,0.3333333333,0.0000000000
8206,0.0000000000,0.3333333333,0.0000000000
9823,0.0000000000,0.3333333333,0.0000000000
6778,0.0000000000,0.3333333333,0.0000000000
9848,0.0000000000,0.3333333333,0.0000000000
6926,0.0000000000,0.3333333333,0.0000000000
7190,0.0000000000,0.3333333333,0.0000000000
7669,0.0000000000,0.3333333333,0.0000000000
6814,0.0000000000,0.3333333333,0.0000000000
8248,0.0000000000,0.3333333333,0.0000000000
8326,0.0000000000,0.3333333333,0.0000000000
8848,0.0000000000,0.3333333333,0.0000000000
9755,0.0000000000,0.3333333333,0.0000000000
7124,0.0000000000,0.3333333333,0.0000000000
9478,0.0000000000,0.3333333333,0.0000000000
5264,0.0000000000,0.3333333333,0.0000000000
8831,0.0000000000,0.3333333333,0.0000000000
9577,0.0000000000,0.3333333333,0.0000000000
3290,0.0000000000,0.3333333333,0.0000000000
7777,0.0000000000,0.3333333333,0.0000000000
5417,0.0000000000,0.3333333333,0.0000000000
5847,0.0000000000,0.3333333333,0.0000000000
6321,0.0000000000,0.3333333333,0.0000000000
7371,0.0000000000,0.3333333333,0.0000000000
8185,0.0000000000,0.3333333333,0.0000000000
8234,0.0000000000,0.3333333333,0.0000000000
9802,0.0000000000,0.3333333333,0.0000000000
9865,0.0000000000,0.3333333333,0.0000000000
4813,0.0000000000,0.3333333333,0.0000000000
5222,0.0000000000,0.3333333333,0.0000000000
6188,0.0000000000,0.3333333333,0.0000000000
6798,0.0000000000,0.3333333333,0.0000000000
7253,0.0000000000,0.3333333333,0.0000000000
9217,0.0000000000,0.3333333333,0.0000000000
9526,0.0000000000,0.3333333333,0.0000000000
9023,0.0000000000,0.3333333333,0.0000000000
1747,0.0000000000,0.3333333333,0.0000000000
9302,0.0000000000,0.3333333333,0.0000000000
8463,0.0000000000,0.3333333333,0.0000000000
9570,0.0000000000,0.3333333333,0.0000000000
3807,0.0000000000,0.3333333333,0.0000000000
4073,0.0000000000,0.3333333333,0.0000000000
7256,0.0000000000,0.3333333333,0.0000000000
6415,0.0000000000,0.3333333333,0.0000000000
6426,0.0000000000,0.3333333333,0.0000000000
4809,0.0000000000,0.3333333333,0.0000000000
4811,0.0000000000,0.3333333333,0.0000000000
8846,0.0000000000,0.3333333333,0.0000000000
9630,0.0000000000,0.3333333333,0.0000000000
4574,0.0000000000,0.3333333333,0.0000000000
6057,0.0000000000,0.3333333333,0.0000000000
8032,0.0000000000,0.3333333333,0.0000000000
7055,0.0000000000,0.3333333333,0.0000000000
9250,0.0000000000,0.3333333333,0.0000000000
9767,0.0000000000,0.3333333333,0.0000000000
5484,0.0000000000,0.3333333333,0.0000000000
9211,0.0000000000,0.3333333333,0.0000000000
9524,0.0000000000,0.3333333333,0.0000000000
5004,0.0000000000,0.3333333333,0.0000000000
3891,0.0000000000,0.3333333333,0.0000000000
3163,0.0000000000,0.3333333333,0.0000000000
3127,0.0000000000,0.3333333333,0.0000000000
7910,0.0000000000,0.3333333333,0.0000000000
4404,0.0000000000,0.3333333333,0.0000000000
2836,0.0000000000,0.3333333333,0.0000000000
9877,0.0000000000,0.3333333333,0.0000000000
8657,0.0000000000,0.3333333333,0.0000000000
5530,0.0000000000,0.3333333333,0.0000000000
9500,0.0000000000,0.3333333333,0.0000000000
6145,0.0000000000,0.3333333333,0.0000000000
8585,0.0000000000,0.3333333333,0.0000000000
8891,0.0000000000,0.3333333333,0.0000000000
6748,0.0000000000,0.3333333333,0.0000000000
8424,0.0000000000,0.3333333333,0.0000000000
9244,0.0000000000,0.3333333333,0.0000000000
9440,0.0000000000,0.3333333333,0.0000000000
7366,0.0000000000,0.3333333333,0.0000000000
7847,0.0000000000,0.3333333333,0.0000000000
8523,0.0000000000,0.3333333333,0.0000000000
2316,0.0000000000,0.3333333333,0.0000000000
9050,0.0000000000,0.3333333333,0.0000000000
4477,0.0000000000,0.3333333333,0.0000000000
9150,0.0000000000,0.3333333333,0.0000000000
5839,0.0000000000,0.3333333333,0.0000000000
8151,0.0000000000,0.3333333333,0.0000000000
8172,0.0000000000,0.3333333333,0.0000000000
8270,0.0000000000,0.3333333333,0.0000000000
5117,0.0000000000,0.3333333333,0.0000000000
6826,0.0000000000,0.3333333333,0.0000000000
7476,0.0000000000,0.3333333333,0.0000000000
5819,0.0000000000,0.3333333333,0.0000000000
6714,0.0000000000,0.3333333333,0.0000000000
7609,0.0000000000,0.3333333333,0.0000000000
7639,0.0000000000,0.3333333333,0.0000000000
8733,0.0000000000,0.3333333333,0.0000000000
8786,0.0000000000,0.3333333333,0.0000000000
9883,0.0000000000,0.3333333333,0.0000000000
5125,0.0000000000,0.3333333333,0.0000000000
9502,0.0000000000,0.3333333333,0.0000000000
8034,0.0000000000,0.3333333333,0.0000000000
8874,0.0000000000,0.3333333333,0.0000000000
3585,0.0000000000,0.3333333333,0.0000000000
5494,0.0000000000,0.3333333333,0.0000000000
6855,0.0000000000,0.3333333333,0.0000000000
5208,0.0000000000,0.3333333333,0.0000000000
4013,0.0000000000,0.3333333333,0.0000000000
7185,0.0000000000,0.3333333333,0.0000000000
9703,0.0000000000,0.3333333333,0.0000000000
9463,0.0000000000,0.3333333333,0.0000000000
7004,0.0000000000,0.3333333333,0.0000000000
3106,0.0000000000,0.3333333333,0.0000000000
7881,0.0000000000,0.3333333333,0.0000000000
8899,0.0000000000,0.3333333333,0.0000000000
9398,0.0000000000,0.3333333333,0.0000000000
9978,0.0000000000,0.3333333333,0.0000000000
9696,0.0000000000,0.3333333333,0.0000000000
7160,0.0000000000,0.3333333333,0.0000000000
9519,0.0000000000,0.3333333333,0.0000000000
4513,0.0000000000,0.3333333333,0.0000000000
7227,0.0000000000,0.3333333333,0.0000000000
9130,0.0000000000,0.3333333333,0.0000000000
4259,0.0000000000,0.3333333333,0.0000000000
9658,0.0000000000,0.3333333333,0.0000000000
7733,0.0000000000,0.3333333333,0.0000000000
6437,0.0000000000,0.3333333333,0.0000000000
4310,0.0000000000,0.3333333333,0.0000000000
6191,0.0000000000,0.3333333333,0.0000000000
6484,0.0000000000,0.3333333333,0.0000000000
7228,0.0000000000,0.3333333333,0.0000000000
8148,0.0000000000,0.3333333333,0.0000000000
8397,0.0000000000,0.3333333333,0.0000000000
4643,0.0000000000,0.3333333333,0.0000000000
9412,0.0000000000,0.3333333333,0.0000000000
9573,0.0000000000,0.3333333333,0.0000000000
9165,0.0000000000,0.3333333333,0.0000000000
5244,0.0000000000,0.3333333333,0.0000000000
8357,0.0000000000,0.3333333333,0.0000000000
7685,0.0000000000,0.3333333333,0.0000000000
8873,0.0000000000,0.3333333333,0.0000000000
9153,0.0000000000,0.3333333333,0.0000000000
3455,0.0000000000,0.3333333333,0.0000000000
8655,0.0000000000,0.3333333333,0.0000000000
7014,0.0000000000,0.3333333333,0.0000000000
3836,0.0000000000,0.3333333333,0.0000000000
7866,0.0000000000,0.3333333333,0.0000000000
6133,0.0000000000,0.3333333333,0.0000000000
7325,0.0000000000,0.3333333333,0.0000000000
5252,0.0000000000,0.3333333333,0.0000000000
6538,0.0000000000,0.3333333333,0.0000000000
5944,0.0000000000,0.3333333333,0.0000000000
8835,0.0000000000,0.3333333333,0.0000000000
9167,0.0000000000,0.3333333333,0.0000000000
5257,0.0000000000,0.3333333333,0.0000000000
7501,0.0000000000,0.3333333333,0.0000000000
7615,0.0000000000,0.3333333333,0.0000000000
8313,0.0000000000,0.3333333333,0.0000000000
9008,0.0000000000,0.3333333333,0.0000000000
5650,0.0000000000,0.3333333333,0.0000000000
6270,0.0000000000,0.3333333333,0.0000000000
3365,0.0000000000,0.3333333333,0.0000000000
9459,0.0000000000,0.3333333333,0.0000000000
8386,0.0000000000,0.3333333333,0.0000000000
8671,0.0000000000,0.3333333333,0.0000000000
9249,0.0000000000,0.3333333333,0.0000000000
7968,0.0000000000,0.3333333333,0.0000000000
4247,0.0000000000,0.3333333333,0.0000000000
7915,0.0000000000,0.3333333333,0.0000000000
8010,0.0000000000,0.3333333333,0.0000000000
9096,0.0000000000,0.3333333333,0.0000000000
9266,0.0000000000,0.3333333333,0.0000000000
8321,0.0000000000,0.3333333333,0.0000000000
8395,0.0000000000,0.3333333333,0.0000000000
9388,0.0000000000,0.3333333333,0.0000000000
9407,0.0000000000,0.3333333333,0.0000000000
7262,0.0000000000,0.3333333333,0.0000000000
9395,0.0000000000,0.3333333333,0.0000000000
9738,0.0000000000,0.3333333333,0.0000000000
8144,0.0000000000,0.3333333333,0.0000000000
4121,0.0000000000,0.3333333333,0.0000000000
9176,0.0000000000,0.3333333333,0.0000000000
6336,0.0000000000,0.3333333333,0.0000000000
8866,0.0000000000,0.3333333333,0.0000000000
8914,0.0000000000,0.3333333333,0.0000000000
8230,0.0000000000,0.3333333333,0.0000000000
7680,0.0000000000,0.3333333333,0.0000000000
8967,0.0000000000,0.3333333333,0.0000000000
8838,0.0000000000,0.3333333333,0.0000000000
9065,0.0000000000,0.3333333333,0.0000000000
9665,0.0000000000,0.3333333333,0.0000000000
7778,0.0000000000,0.3333333333,0.0000000000
8068,0.0000000000,0.3333333333,0.0000000000
8927,0.0000000000,0.3333333333,0.0000000000
7470,0.0000000000,0.3333333333,0.0000000000
8111,0.0000000000,0.3333333333,0.0000000000
8806,0.0000000000,0.3333333333,0.0000000000
7257,0.0000000000,0.3333333333,0.0000000000
8875,0.0000000000,0.3333333333,0.0000000000
4109,0.0000000000,0.3333333333,0.0000000000
8712,0.0000000000,0.3333333333,0.0000000000
3307,0.0000000000,0.3333333333,0.0000000000
9326,0.0000000000,0.3333333333,0.0000000000
9527,0.0000000000,0.3333333333,0.0000000000
2450,0.0000000000,0.3333333333,0.0000000000
7041,0.0000000000,0.3333333333,0.0000000000
7640,0.0000000000,0.3333333333,0.0000000000
3903,0.0000000000,0.3333333333,0.0000000000
7239,0.0000000000,0.3333333333,0.0000000000
9854,0.0000000000,0.3333333333,0.0000000000
6610,0.0000000000,0.3333333333,0.0000000000
8455,0.0000000000,0.3333333333,0.0000000000
1861,0.0000000000,0.3333333333,0.0000000000
5025,0.0000000000,0.3333333333,0.0000000000
7717,0.0000000000,0.3333333333,0.0000000000
8912,0.0000000000,0.3333333333,0.0000000000
7707,0.0000000000,0.3333333333,0.0000000000
9014,0.0000000000,0.3333333333,0.0000000000
9890,0.0000000000,0.3333333333,0.0000000000
8909,0.0000000000,0.3333333333,0.0000000000
8584,0.0000000000,0.3333333333,0.0000000000
5072,0.0000000000,0.3333333333,0.0000000000
7559,0.0000000000,0.3333333333,0.0000000000
6397,0.0000000000,0.3333333333,0.0000000000
9344,0.0000000000,0.3333333333,0.0000000000
9908,0.0000000000,0.3333333333,0.0000000000
8222,0.0000000000,0.3333333333,0.0000000000
9964,0.0000000000,0.3333333333,0.0000000000
6562,0.0000000000,0.3333333333,0.0000000000
9664,0.0000000000,0.3333333333,0.0000000000
5608,0.0000000000,0.3333333333,0.0000000000
5831,0.0000000000,0.3333333333,0.0000000000
9122,0.0000000000,0.3333333333,0.0000000000
8900,0.0000000000,0.3333333333,0.0000000000
4379,0.0000000000,0.3333333333,0.0000000000
8047,0.0000000000,0.3333333333,0.0000000000
8135,0.0000000000,0.3333333333,0.0000000000
9989,0.0000000000,0.3333333333,0.0000000000
7722,0.0000000000,0.3333333333,0.0000000000
9213,0.0000000000,0.3333333333,0.0000000000
7792,0.0000000000,0.3333333333,0.0000000000
5746,0.0000000000,0.3333333333,0.0000000000
7089,0.0000000000,0.3333333333,0.0000000000
8266,0.0000000000,0.3333333333,0.0000000000
8867,0.0000000000,0.3333333333,0.0000000000
9240,0.0000000000,0.3333333333,0.0000000000
3946,0.0000000000,0.3333333333,0.0000000000
8842,0.0000000000,0.3333333333,0.0000000000
9084,0.0000000000,0.3333333333,0.0000000000
7912,0.0000000000,0.3333333333,0.0000000000
8880,0.0000000000,0.3333333333,0.0000000000
9803,0.0000000000,0.3333333333,0.0000000000
6759,0.0000000000,0.3333333333,0.0000000000
8653,0.0000000000,0.3333333333,0.0000000000
1746,0.0000000000,0.3333333333,0.0000000000
8981,0.0000000000,0.3333333333,0.0000000000
8210,0.0000000000,0.3333333333,0.0000000000
9867,0.0000000000,0.3333333333,0.0000000000
5899,0.0000000000,0.3333333333,0.0000000000
6942,0.0000000000,0.3333333333,0.0000000000
7181,0.0000000000,0.3333333333,0.0000000000
6134,0.0000000000,0.3333333333,0.0000000000
7071,0.0000000000,0.3333333333,0.0000000000
8239,0.0000000000,0.3333333333,0.0000000000
3587,0.0000000000,0.3333333333,0.0000000000
4207,0.0000000000,0.3333333333,0.0000000000
4205,0.0000000000,0.3333333333,0.0000000000
8524,0.0000000000,0.3333333333,0.0000000000
9726,0.0000000000,0.3333333333,0.0000000000
7478,0.0000000000,0.3333333333,0.0000000000
7485,0.0000000000,0.3333333333,0.0000000000
6091,0.0000000000,0.3333333333,0.0000000000
7381,0.0000000000,0.3333333333,0.0000000000
9737,0.0000000000,0.3333333333,0.0000000000
9769,0.0000000000,0.3333333333,0.0000000000
7728,0.0000000000,0.3333333333,0.0000000000
7287,0.0000000000,0.3333333333,0.0000000000
8093,0.0000000000,0.3333333333,0.0000000000
4985,0.0000000000,0.3333333333,0.0000000000
6943,0.0000000000,0.3333333333,0.0000000000
9429,0.0000000000,0.3333333333,0.0000000000
5515,0.0000000000,0.3333333333,0.0000000000
6286,0.0000000000,0.3333333333,0.0000000000
6366,0.0000000000,0.3333333333,0.0000000000
7898,0.0000000000,0.3333333333,0.0000000000
9451,0.0000000000,0.3333333333,0.0000000000
5478,0.0000000000,0.3333333333,0.0000000000
6421,0.0000000000,0.3333333333,0.0000000000
7952,0.0000000000,0.3333333333,0.0000000000
3295,0.0000000000,0.3333333333,0.0000000000
9491,0.0000000000,0.3333333333,0.0000000000
3335,0.0000000000,0.3333333333,0.0000000000
6693,0.0000000000,0.3333333333,0.0000000000
6361,0.0000000000,0.3333333333,0.0000000000
9442,0.0000000000,0.3333333333,0.0000000000
8684,0.0000000000,0.3333333333,0.0000000000
9553,0.0000000000,0.3333333333,0.0000000000
8888,0.0000000000,0.3333333333,0.0000000000
9504,0.0000000000,0.3333333333,0.0000000000
6442,0.0000000000,0.3333333333,0.0000000000
5592,0.0000000000,0.3333333333,0.0000000000
5446,0.0000000000,0.3333333333,0.0000000000
9140,0.0000000000,0.3333333333,0.0000000000
2044,0.0000000000,0.3333333333,0.0000000000
4560,0.0000000000,0.3333333333,0.0000000000
6296,0.0000000000,0.3333333333,0.0000000000
8244,0.0000000000,0.3333333333,0.0000000000
4458,0.0000000000,0.3333333333,0.0000000000
5529,0.0000000000,0.3333333333,0.0000000000
8791,0.0000000000,0.3333333333,0.0000000000
7337,0.0000000000,0.3333333333,0.0000000000
6543,0.0000000000,0.3333333333,0.0000000000
8471,0.0000000000,0.3333333333,0.0000000000
4876,0.0000000000,0.3333333333,0.0000000000
7851,0.0000000000,0.3333333333,0.0000000000
8428,0.0000000000,0.3333333333,0.0000000000
9940,0.0000000000,0.3333333333,0.0000000000
4462,0.0000000000,0.3333333333,0.0000000000
9095,0.0000000000,0.3333333333,0.0000000000
7713,0.0000000000,0.3333333333,0.0000000000
9743,0.0000000000,0.3333333333,0.0000000000
7258,0.0000000000,0.3333333333,0.0000000000
2735,0.0000000000,0.3333333333,0.0000000000
3809,0.0000000000,0.3333333333,0.0000000000
8410,0.0000000000,0.3333333333,0.0000000000
8605,0.0000000000,0.3333333333,0.0000000000
6728,0.0000000000,0.3333333333,0.0000000000
8847,0.0000000000,0.3333333333,0.0000000000
8060,0.0000000000,0.3333333333,0.0000000000
8322,0.0000000000,0.3333333333,0.0000000000
7409,0.0000000000,0.3333333333,0.0000000000
5567,0.0000000000,0.3333333333,0.0000000000
8970,0.0000000000,0.3333333333,0.0000000000
4303,0.0000000000,0.3333333333,0.0000000000
6363,0.0000000000,0.3333333333,0.0000000000
8408,0.0000000000,0.3333333333,0.0000000000
4644,0.0000000000,0.3333333333,0.0000000000
7959,0.0000000000,0.3333333333,0.0000000000
9178,0.0000000000,0.3333333333,0.0000000000
3811,0.0000000000,0.3333333333,0.0000000000
8012,0.0000000000,0.3333333333,0.0000000000
7556,0.0000000000,0.3333333333,0.0000000000
9426,0.0000000000,0.3333333333,0.0000000000
6969,0.0000000000,0.3333333333,0.0000000000
8430,0.0000000000,0.3333333333,0.0000000000
6372,0.0000000000,0.3333333333,0.0000000000
9953,0.0000000000,0.3333333333,0.0000000000
9538,0.0000000000,0.3333333333,0.0000000000
6991,0.0000000000,0.3333333333,0.0000000000
7648,0.0000000000,0.3333333333,0.0000000000
8291,0.0000000000,0.3333333333,0.0000000000
9885,0.0000000000,0.3333333333,0.0000000000
4728,0.0000000000,0.3333333333,0.0000000000
4816,0.0000000000,0.3333333333,0.0000000000
5275,0.0000000000,0.3333333333,0.0000000000
9684,0.0000000000,0.3333333333,0.0000000000
9798,0.0000000000,0.3333333333,0.0000000000
9829,0.0000000000,0.3333333333,0.0000000000
4632,0.0000000000,0.3333333333,0.0000000000
9322,0.0000000000,0.3333333333,0.0000000000
8992,0.0000000000,0.3333333333,0.0000000000
5609,0.0000000000,0.3333333333,0.0000000000
8764,0.0000000000,0.3333333333,0.0000000000
8954,0.0000000000,0.3333333333,0.0000000000
8727,0.0000000000,0.3333333333,0.0000000000
9136,0.0000000000,0.3333333333,0.0000000000
4570,0.0000000000,0.3333333333,0.0000000000
8281,0.0000000000,0.3333333333,0.0000000000
9369,0.0000000000,0.3333333333,0.0000000000
9789,0.0000000000,0.3333333333,0.0000000000
3860,0.0000000000,0.3333333333,0.0000000000
9424,0.0000000000,0.3333333333,0.0000000000
6388,0.0000000000,0.3333333333,0.0000000000
7331,0.0000000000,0.3333333333,0.0000000000
7028,0.0000000000,0.3333333333,0.0000000000
5662,0.0000000000,0.3333333333,0.0000000000
7087,0.0000000000,0.3333333333,0.0000000000
9741,0.0000000000,0.3333333333,0.0000000000
7633,0.0000000000,0.3333333333,0.0000000000
6644,0.0000000000,0.3333333333,0.0000000000
8157,0.0000000000,0.3333333333,0.0000000000
7902,0.0000000000,0.3333333333,0.0000000000
7944,0.0000000000,0.3333333333,0.0000000000
9264,0.0000000000,0.3333333333,0.0000000000
5533,0.0000000000,0.3333333333,0.0000000000
9357,0.0000000000,0.3333333333,0.0000000000
6061,0.0000000000,0.3333333333,0.0000000000
9472,0.0000000000,0.3333333333,0.0000000000
5785,0.0000000000,0.3333333333,0.0000000000
3453,0.0000000000,0.3333333333,0.0000000000
6310,0.0000000000,0.3333333333,0.0000000000
4290,0.0000000000,0.3333333333,0.0000000000
7152,0.0000000000,0.3333333333,0.0000000000
5674,0.0000000000,0.3333333333,0.0000000000
5001,0.0000000000,0.3333333333,0.0000000000
8636,0.0000000000,0.3333333333,0.0000000000
9102,0.0000000000,0.3333333333,0.0000000000
5340,0.0000000000,0.3333333333,0.0000000000
8918,0.0000000000,0.3333333333,0.0000000000
2670,0.0000000000,0.3333333333,0.0000000000
9260,0.0000000000,0.3333333333,0.0000000000
4122,0.0000000000,0.3333333333,0.0000000000
3725,0.0000000000,0.3333333333,0.0000000000
8342,0.0000000000,0.3333333333,0.0000000000
9627,0.0000000000,0.3333333333,0.0000000000
7655,0.0000000000,0.3333333333,0.0000000000
5687,0.0000000000,0.3333333333,0.0000000000
8207,0.0000000000,0.3333333333,0.0000000000
9899,0.0000000000,0.3333333333,0.0000000000
9591,0.0000000000,0.3333333333,0.0000000000
9729,0.0000000000,0.3333333333,0.0000000000
9643,0.0000000000,0.3333333333,0.0000000000
9915,0.0000000000,0.3333333333,0.0000000000
3199,0.0000000000,0.3333333333,0.0000000000
6839,0.0000000000,0.3333333333,0.0000000000
7000,0.0000000000,0.3333333333,0.0000000000
4765,0.0000000000,0.3333333333,0.0000000000
8522,0.0000000000,0.3333333333,0.0000000000
9880,0.0000000000,0.3333333333,0.0000000000
6107,0.0000000000,0.3333333333,0.0000000000
9017,0.0000000000,0.3333333333,0.0000000000
7192,0.0000000000,0.3333333333,0.0000000000
6809,0.0000000000,0.3333333333,0.0000000000
7062,0.0000000000,0.3333333333,0.0000000000
4964,0.0000000000,0.3333333333,0.0000000000
8176,0.0000000000,0.3333333333,0.0000000000
4571,0.0000000000,0.3333333333,0.0000000000
5263,0.0000000000,0.3333333333,0.0000000000
8634,0.0000000000,0.3333333333,0.0000000000
9820,0.0000000000,0.3333333333,0.0000000000
5766,0.0000000000,0.3333333333,0.0000000000
4976,0.0000000000,0.3333333333,0.0000000000
8625,0.0000000000,0.3333333333,0.0000000000
8394,0.0000000000,0.3333333333,0.0000000000
9191,0.0000000000,0.3333333333,0.0000000000
6854,0.0000000000,0.3333333333,0.0000000000
8081,0.0000000000,0.3333333333,0.0000000000
9886,0.0000000000,0.3333333333,0.0000000000
5952,0.0000000000,0.3333333333,0.0000000000
6224,0.0000000000,0.3333333333,0.0000000000
3366,0.0000000000,0.3333333333,0.0000000000
5962,0.0000000000,0.3333333333,0.0000000000
9921,0.0000000000,0.3333333333,0.0000000000
5454,0.0000000000,0.3333333333,0.0000000000
9896,0.0000000000,0.3333333333,0.0000000000
6146,0.0000000000,0.3333333333,0.0000000000
9548,0.0000000000,0.3333333333,0.0000000000
3994,0.0000000000,0.3333333333,0.0000000000
7548,0.0000000000,0.3333333333,0.0000000000
8026,0.0000000000,0.3333333333,0.0000000000
7101,0.0000000000,0.3333333333,0.0000000000
9149,0.0000000000,0.3333333333,0.0000000000
9236,0.0000000000,0.3333333333,0.0000000000
9672,0.0000000000,0.3333333333,0.0000000000
5338,0.0000000000,0.3333333333,0.0000000000
7003,0.0000000000,0.3333333333,0.0000000000
8105,0.0000000000,0.3333333333,0.0000000000
8535,0.0000000000,0.3333333333,0.0000000000
9856,0.0000000000,0.3333333333,0.0000000000
6022,0.0000000000,0.3333333333,0.0000000000
8180,0.0000000000,0.3333333333,0.0000000000
5694,0.0000000000,0.3333333333,0.0000000000
5802,0.0000000000,0.3333333333,0.0000000000
9607,0.0000000000,0.3333333333,0.0000000000
8181,0.0000000000,0.3333333333,0.0000000000
8551,0.0000000000,0.3333333333,0.0000000000
9066,0.0000000000,0.3333333333,0.0000000000
7943,0.0000000000,0.3333333333,0.0000000000
8097,0.0000000000,0.3333333333,0.0000000000
7423,0.0000000000,0.3333333333,0.0000000000
7365,0.0000000000,0.3333333333,0.0000000000
9714,0.0000000000,0.3333333333,0.0000000000
2937,0.0000000000,0.3333333333,0.0000000000
9706,0.0000000000,0.3333333333,0.0000000000
6965,0.0000000000,0.3333333333,0.0000000000
7531,0.0000000000,0.3333333333,0.0000000000
4161,0.0000000000,0.3333333333,0.0000000000
4354,0.0000000000,0.3333333333,0.0000000000
8982,0.0000000000,0.3333333333,0.0000000000
9629,0.0000000000,0.3333333333,0.0000000000
8411,0.0000000000,0.3333333333,0.0000000000
8753,0.0000000000,0.3333333333,0.0000000000
8759,0.0000000000,0.3333333333,0.0000000000
9999,0.0000000000,0.3333333333,0.0000000000
3108,0.0000000000,0.3333333333,0.0000000000
6427,0.0000000000,0.3333333333,0.0000000000
7231,0.0000000000,0.3333333333,0.0000000000
7919,0.0000000000,0.3333333333,0.0000000000
8169,0.0000000000,0.3333333333,0.0000000000
7818,0.0000000000,0.3333333333,0.0000000000
4440,0.0000000000,0.3333333333,0.0000000000
7105,0.0000000000,0.3333333333,0.0000000000
6973,0.0000000000,0.3333333333,0.0000000000
6815,0.0000000000,0.3333333333,0.0000000000
8925,0.0000000000,0.3333333333,0.0000000000
8632,0.0000000000,0.3333333333,0.0000000000
9782,0.0000000000,0.3333333333,0.0000000000
7726,0.0000000000,0.3333333333,0.0000000000
5907,0.0000000000,0.3333333333,0.0000000000
7300,0.0000000000,0.3333333333,0.0000000000
7514,0.0000000000,0.3333333333,0.0000000000
9662,0.0000000000,0.3333333333,0.0000000000
9328,0.0000000000,0.3333333333,0.0000000000
9078,0.0000000000,0.3333333333,0.0000000000
2413,0.0000000000,0.3333333333,0.0000000000
3546,0.0000000000,0.3333333333,0.0000000000
5235,0.0000000000,0.3333333333,0.0000000000
7144,0.0000000000,0.3333333333,0.0000000000
6431,0.0000000000,0.3333333333,0.0000000000
8679,0.0000000000,0.3333333333,0.0000000000
9746,0.0000000000,0.3333333333,0.0000000000
8337,0.0000000000,0.3333333333,0.0000000000
5611,0.0000000000,0.3333333333,0.0000000000
9117,0.0000000000,0.3333333333,0.0000000000
9949,0.0000000000,0.3333333333,0.0000000000
4226,0.0000000000,0.3333333333,0.0000000000
9262,0.0000000000,0.3333333333,0.0000000000
8219,0.0000000000,0.3333333333,0.0000000000
4785,0.0000000000,0.3333333333,0.0000000000
6151,0.0000000000,0.3333333333,0.0000000000
4819,0.0000000000,0.3333333333,0.0000000000
7074,0.0000000000,0.3333333333,0.0000000000
7141,0.0000000000,0.3333333333,0.0000000000
8243,0.0000000000,0.3333333333,0.0000000000
5587,0.0000000000,0.3333333333,0.0000000000
9841,0.0000000000,0.3333333333,0.0000000000
7127,0.0000000000,0.3333333333,0.0000000000
8228,0.0000000000,0.3333333333,0.0000000000
6300,0.0000000000,0.3333333333,0.0000000000
4815,0.0000000000,0.3333333333,0.0000000000
7460,0.0000000000,0.3333333333,0.0000000000
6023,0.0000000000,0.3333333333,0.0000000000
9670,0.0000000000,0.3333333333,0.0000000000
6979,0.0000000000,0.3333333333,0.0000000000
7955,0.0000000000,0.3333333333,0.0000000000
8078,0.0000000000,0.3333333333,0.0000000000
9234,0.0000000000,0.3333333333,0.0000000000
6765,0.0000000000,0.3333333333,0.0000000000
6157,0.0000000000,0.3333333333,0.0000000000
8793,0.0000000000,0.3333333333,0.0000000000
7198,0.0000000000,0.3333333333,0.0000000000
5365,0.0000000000,0.3333333333,0.0000000000
7157,0.0000000000,0.3333333333,0.0000000000
3223,0.0000000000,0.3333333333,0.0000000000
5740,0.0000000000,0.3333333333,0.0000000000
8190,0.0000000000,0.3333333333,0.0000000000
6502,0.0000000000,0.3333333333,0.0000000000
9000,0.0000000000,0.3333333333,0.0000000000
7108,0.0000000000,0.3333333333,0.0000000000
6834,0.0000000000,0.3333333333,0.0000000000
6482,0.0000000000,0.3333333333,0.0000000000
7996,0.0000000000,0.3333333333,0.0000000000
8643,0.0000000000,0.3333333333,0.0000000000
9753,0.0000000000,0.3333333333,0.0000000000
9052,0.0000000000,0.3333333333,0.0000000000
7770,0.0000000000,0.3333333333,0.0000000000
8644,0.0000000000,0.3333333333,0.0000000000
8627,0.0000000000,0.3333333333,0.0000000000
8045,0.0000000000,0.3333333333,0.0000000000
9158,0.0000000000,0.3333333333,0.0000000000
5022,0.0000000000,0.3333333333,0.0000000000
8051,0.0000000000,0.3333333333,0.0000000000
4835,0.0000000000,0.3333333333,0.0000000000
9725,0.0000000000,0.3333333333,0.0000000000
9846,0.0000000000,0.3333333333,0.0000000000
6166,0.0000000000,0.3333333333,0.0000000000
6976,0.0000000000,0.3333333333,0.0000000000
8365,0.0000000000,0.3333333333,0.0000000000
5525,0.0000000000,0.3333333333,0.0000000000
8805,0.0000000000,0.3333333333,0.0000000000
8961,0.0000000000,0.3333333333,0.0000000000
4716,0.0000000000,0.3333333333,0.0000000000
5953,0.0000000000,0.3333333333,0.0000000000
9450,0.0000000000,0.3333333333,0.0000000000
8066,0.0000000000,0.3333333333,0.0000000000
8921,0.0000000000,0.3333333333,0.0000000000
6743,0.0000000000,0.3333333333,0.0000000000
9615,0.0000000000,0.3333333333,0.0000000000
7383,0.0000000000,0.3333333333,0.0000000000
8272,0.0000000000,0.3333333333,0.0000000000
6612,0.0000000000,0.3333333333,0.0000000000
6015,0.0000000000,0.3333333333,0.0000000000
8699,0.0000000000,0.3333333333,0.0000000000
5120,0.0000000000,0.3333333333,0.0000000000
6805,0.0000000000,0.3333333333,0.0000000000
8898,0.0000000000,0.3333333333,0.0000000000
9686,0.0000000000,0.3333333333,0.0000000000
7305,0.0000000000,0.3333333333,0.0000000000
9842,0.0000000000,0.3333333333,0.0000000000
8843,0.0000000000,0.3333333333,0.0000000000
8975,0.0000000000,0.3333333333,0.0000000000
3512,0.0000000000,0.3333333333,0.0000000000
8829,0.0000000000,0.3333333333,0.0000000000
9693,0.0000000000,0.3333333333,0.0000000000
6100,0.0000000000,0.3333333333,0.0000000000
7418,0.0000000000,0.3333333333,0.0000000000
7921,0.0000000000,0.3333333333,0.0000000000
4403,0.0000000000,0.3333333333,0.0000000000
5059,0.0000000000,0.3333333333,0.0000000000
9401,0.0000000000,0.3333333333,0.0000000000
5645,0.0000000000,0.3333333333,0.0000000000
7737,0.0000000000,0.3333333333,0.0000000000
8736,0.0000000000,0.3333333333,0.0000000000
9479,0.0000000000,0.3333333333,0.0000000000
9874,0.0000000000,0.3333333333,0.0000000000
6802,0.0000000000,0.3333333333,0.0000000000
7570,0.0000000000,0.3333333333,0.0000000000
9736,0.0000000000,0.3333333333,0.0000000000
9552,0.0000000000,0.3333333333,0.0000000000
9931,0.0000000000,0.3333333333,0.0000000000
9710,0.0000000000,0.3333333333,0.0000000000
6603,0.0000000000,0.3333333333,0.0000000000
5337,0.0000000000,0.3333333333,0.0000000000
7447,0.0000000000,0.3333333333,0.0000000000
8160,0.0000000000,0.3333333333,0.0000000000
8752,0.0000000000,0.3333333333,0.0000000000
7058,0.0000000000,0.3333333333,0.0000000000
8070,0.0000000000,0.3333333333,0.0000000000
8513,0.0000000000,0.3333333333,0.0000000000
8904,0.0000000000,0.3333333333,0.0000000000
7679,0.0000000000,0.3333333333,0.0000000000
9759,0.0000000000,0.3333333333,0.0000000000
9215,0.0000000000,0.3333333333,0.0000000000
4017,0.0000000000,0.3333333333,0.0000000000
6447,0.0000000000,0.3333333333,0.0000000000
8329,0.0000000000,0.3333333333,0.0000000000
4684,0.0000000000,0.3333333333,0.0000000000
8528,0.0000000000,0.3333333333,0.0000000000
1950,0.0000000000,0.3333333333,0.0000000000
6081,0.0000000000,0.3333333333,0.0000000000
9200,0.0000000000,0.3333333333,0.0000000000
8256,0.0000000000,0.3333333333,0.0000000000
7637,0.0000000000,0.3333333333,0.0000000000
3805,0.0000000000,0.3333333333,0.0000000000
6250,0.0000000000,0.3333333333,0.0000000000
5782,0.0000000000,0.3333333333,0.0000000000
3380,0.0000000000,0.3333333333,0.0000000000
6990,0.0000000000,0.3333333333,0.0000000000
5781,0.0000000000,0.3333333333,0.0000000000
9145,0.0000000000,0.3333333333,0.0000000000
5393,0.0000000000,0.3333333333,0.0000000000
8579,0.0000000000,0.3333333333,0.0000000000
4132,0.0000000000,0.3333333333,0.0000000000
8372,0.0000000000,0.3333333333,0.0000000000
9190,0.0000000000,0.3333333333,0.0000000000
8480,0.0000000000,0.3333333333,0.0000000000
8031,0.0000000000,0.3333333333,0.0000000000
6468,0.0000000000,0.3333333333,0.0000000000
7798,0.0000000000,0.3333333333,0.0000000000
8437,0.0000000000,0.3333333333,0.0000000000
9506,0.0000000000,0.3333333333,0.0000000000
7250,0.0000000000,0.3333333333,0.0000000000
8346,0.0000000000,0.3333333333,0.0000000000
5813,0.0000000000,0.3333333333,0.0000000000
7934,0.0000000000,0.3333333333,0.0000000000
7947,0.0000000000,0.3333333333,0.0000000000
5414,0.0000000000,0.3333333333,0.0000000000
8209,0.0000000000,0.3333333333,0.0000000000
9439,0.0000000000,0.3333333333,0.0000000000
8062,0.0000000000,0.3333333333,0.0000000000
5090,0.0000000000,0.3333333333,0.0000000000
6957,0.0000000000,0.3333333333,0.0000000000
7413,0.0000000000,0.3333333333,0.0000000000
8308,0.0000000000,0.3333333333,0.0000000000
8040,0.0000000000,0.3333333333,0.0000000000
7467,0.0000000000,0.3333333333,0.0000000000
7900,0.0000000000,0.3333333333,0.0000000000
8345,0.0000000000,0.3333333333,0.0000000000
6799,0.0000000000,0.3333333333,0.0000000000
7568,0.0000000000,0.3333333333,0.0000000000
9697,0.0000000000,0.3333333333,0.0000000000
7264,0.0000000000,0.3333333333,0.0000000000
9534,0.0000000000,0.3333333333,0.0000000000
6167,0.0000000000,0.3333333333,0.0000000000
8946,0.0000000000,0.3333333333,0.0000000000
7385,0.0000000000,0.3333333333,0.0000000000
8376,0.0000000000,0.3333333333,0.0000000000
7760,0.0000000000,0.3333333333,0.0000000000
6554,0.0000000000,0.3333333333,0.0000000000
7283,0.0000000000,0.3333333333,0.0000000000
6266,0.0000000000,0.3333333333,0.0000000000
7176,0.0000000000,0.3333333333,0.0000000000
8013,0.0000000000,0.3333333333,0.0000000000
8896,0.0000000000,0.3333333333,0.0000000000
9621,0.0000000000,0.3333333333,0.0000000000
8664,0.0000000000,0.3333333333,0.0000000000
8550,0.0000000000,0.3333333333,0.0000000000
9003,0.0000000000,0.3333333333,0.0000000000
9636,0.0000000000,0.3333333333,0.0000000000
4418,0.0000000000,0.3333333333,0.0000000000
8295,0.0000000000,0.3333333333,0.0000000000
7926,0.0000000000,0.3333333333,0.0000000000
3465,0.0000000000,0.3333333333,0.0000000000
9501,0.0000000000,0.3333333333,0.0000000000
7410,0.0000000000,0.3333333333,0.0000000000
8092,0.0000000000,0.3333333333,0.0000000000
8541,0.0000000000,0.3333333333,0.0000000000
5190,0.0000000000,0.3333333333,0.0000000000
7985,0.0000000000,0.3333333333,0.0000000000
5437,0.0000000000,0.3333333333,0.0000000000
4867,0.0000000000,0.3333333333,0.0000000000
8777,0.0000000000,0.3333333333,0.0000000000
9453,0.0000000000,0.3333333333,0.0000000000
8706,0.0000000000,0.3333333333,0.0000000000
7278,0.0000000000,0.3333333333,0.0000000000
6087,0.0000000000,0.3333333333,0.0000000000
5245,0.0000000000,0.3333333333,0.0000000000
7718,0.0000000000,0.3333333333,0.0000000000
7016,0.0000000000,0.3333333333,0.0000000000
5593,0.0000000000,0.3333333333,0.0000000000
4358,0.0000000000,0.3333333333,0.0000000000
8654,0.0000000000,0.3333333333,0.0000000000
5348,0.0000000000,0.3333333333,0.0000000000
8328,0.0000000000,0.3333333333,0.0000000000
4261,0.0000000000,0.3333333333,0.0000000000
7057,0.0000000000,0.3333333333,0.0000000000
8453,0.0000000000,0.3333333333,0.0000000000
5330,0.0000000000,0.3333333333,0.0000000000
6088,0.0000000000,0.3333333333,0.0000000000
6893,0.0000000000,0.3333333333,0.0000000000
7833,0.0000000000,0.3333333333,0.0000000000
9489,0.0000000000,0.3333333333,0.0000000000
8161,0.0000000000,0.3333333333,0.0000000000
8984,0.0000000000,0.3333333333,0.0000000000
9993,0.0000000000,0.3333333333,0.0000000000
8766,0.0000000000,0.3333333333,0.0000000000
9048,0.0000000000,0.3333333333,0.0000000000
8399,0.0000000000,0.3333333333,0.0000000000
9751,0.0000000000,0.3333333333,0.0000000000
9290,0.0000000000,0.3333333333,0.0000000000
5703,0.0000000000,0.3333333333,0.0000000000
9081,0.0000000000,0.3333333333,0.0000000000
5076,0.0000000000,0.3333333333,0.0000000000
8997,0.0000000000,0.3333333333,0.0000000000
9461,0.0000000000,0.3333333333,0.0000000000
8824,0.0000000000,0.3333333333,0.0000000000
8845,0.0000000000,0.3333333333,0.0000000000
6113,0.0000000000,0.3333333333,0.0000000000
8211,0.0000000000,0.3333333333,0.0000000000
9566,0.0000000000,0.3333333333,0.0000000000
6754,0.0000000000,0.3333333333,0.0000000000
8540,0.0000000000,0.3333333333,0.0000000000
9826,0.0000000000,0.3333333333,0.0000000000
3740,0.0000000000,0.3333333333,0.0000000000
6277,0.0000000000,0.3333333333,0.0000000000
5583,0.0000000000,0.3333333333,0.0000000000
9840,0.0000000000,0.3333333333,0.0000000000
7850,0.0000000000,0.3333333333,0.0000000000
8689,0.0000000000,0.3333333333,0.0000000000
9997,0.0000000000,0.3333333333,0.0000000000
8804,0.0000000000,0.3333333333,0.0000000000
9275,0.0000000000,0.3333333333,0.0000000000
9124,0.0000000000,0.3333333333,0.0000000000
7398,0.0000000000,0.3333333333,0.0000000000
8458,0.0000000000,0.3333333333,0.0000000000
8923,0.0000000000,0.3333333333,0.0000000000
8380,0.0000000000,0.3333333333,0.0000000000
3975,0.0000000000,0.3333333333,0.0000000000
7369,0.0000000000,0.3333333333,0.0000000000
8672,0.0000000000,0.3333333333,0.0000000000
6367,0.0000000000,0.3333333333,0.0000000000
8863,0.0000000000,0.3333333333,0.0000000000
7029,0.0000000000,0.3333333333,0.0000000000
7416,0.0000000000,0.3333333333,0.0000000000
8464,0.0000000000,0.3333333333,0.0000000000
7743,0.0000000000,0.3333333333,0.0000000000
8784,0.0000000000,0.3333333333,0.0000000000
9053,0.0000000000,0.3333333333,0.0000000000
9542,0.0000000000,0.3333333333,0.0000000000
8497,0.0000000000,0.3333333333,0.0000000000
9651,0.0000000000,0.3333333333,0.0000000000
9159,0.0000000000,0.3333333333,0.0000000000
8597,0.0000000000,0.3333333333,0.0000000000
7348,0.0000000000,0.3333333333,0.0000000000
9716,0.0000000000,0.3333333333,0.0000000000
8284,0.0000000000,0.3333333333,0.0000000000
9330,0.0000000000,0.3333333333,0.0000000000
6645,0.0000000000,0.3333333333,0.0000000000
8024,0.0000000000,0.3333333333,0.0000000000
8467,0.0000000000,0.3333333333,0.0000000000
9118,0.0000000000,0.3333333333,0.0000000000
6517,0.0000000000,0.3333333333,0.0000000000
6947,0.0000000000,0.3333333333,0.0000000000
5719,0.0000000000,0.3333333333,0.0000000000
8933,0.0000000000,0.3333333333,0.0000000000
9923,0.0000000000,0.3333333333,0.0000000000
6723,0.0000000000,0.3333333333,0.0000000000
6667,0.0000000000,0.3333333333,0.0000000000
6919,0.0000000000,0.3333333333,0.0000000000
7252,0.0000000000,0.3333333333,0.0000000000
8580,0.0000000000,0.3333333333,0.0000000000
3982,0.0000000000,0.3333333333,0.0000000000
9397,0.0000000000,0.3333333333,0.0000000000
8592,0.0000000000,0.3333333333,0.0000000000
7386,0.0000000000,0.3333333333,0.0000000000
9452,0.0000000000,0.3333333333,0.0000000000
7193,0.0000000000,0.3333333333,0.0000000000
6139,0.0000000000,0.3333333333,0.0000000000
6797,0.0000000000,0.3333333333,0.0000000000
8472,0.0000000000,0.3333333333,0.0000000000
9469,0.0000000000,0.3333333333,0.0000000000
5287,0.0000000000,0.3333333333,0.0000000000
7741,0.0000000000,0.3333333333,0.0000000000
9976,0.0000000000,0.3333333333,0.0000000000
9362,0.0000000000,0.3333333333,0.0000000000
7840,0.0000000000,0.3333333333,0.0000000000
8639,0.0000000000,0.3333333333,0.0000000000
4766,0.0000000000,0.3333333333,0.0000000000
7914,0.0000000000,0.3333333333,0.0000000000
7390,0.0000000000,0.3333333333,0.0000000000
9021,0.0000000000,0.3333333333,0.0000000000
8508,0.0000000000,0.3333333333,0.0000000000
9619,0.0000000000,0.3333333333,0.0000000000
7039,0.0000000000,0.3333333333,0.0000000000
8714,0.0000000000,0.3333333333,0.0000000000
5885,0.0000000000,0.3333333333,0.0000000000
5535,0.0000000000,0.3333333333,0.0000000000
9844,0.0000000000,0.3333333333,0.0000000000
9256,0.0000000000,0.3333333333,0.0000000000
6664,0.0000000000,0.3333333333,0.0000000000
4931,0.0000000000,0.3333333333,0.0000000000
7500,0.0000000000,0.3333333333,0.0000000000
5817,0.0000000000,0.3333333333,0.0000000000
9278,0.0000000000,0.3333333333,0.0000000000
9010,0.0000000000,0.3333333333,0.0000000000
8555,0.0000000000,0.3333333333,0.0000000000
8968,0.0000000000,0.3333333333,0.0000000000
7349,0.0000000000,0.3333333333,0.0000000000
2613,0.0000000000,0.3333333333,0.0000000000
9455,0.0000000000,0.3333333333,0.0000000000
7453,0.0000000000,0.3333333333,0.0000000000
9382,0.0000000000,0.3333333333,0.0000000000
8959,0.0000000000,0.3333333333,0.0000000000
7892,0.0000000000,0.3333333333,0.0000000000
5351,0.0000000000,0.3333333333,0.0000000000
7989,0.0000000000,0.3333333333,0.0000000000
9614,0.0000000000,0.3333333333,0.0000000000
8748,0.0000000000,0.3333333333,0.0000000000
7056,0.0000000000,0.3333333333,0.0000000000
8808,0.0000000000,0.3333333333,0.0000000000
9900,0.0000000000,0.3333333333,0.0000000000
9982,0.0000000000,0.3333333333,0.0000000000
5363,0.0000000000,0.3333333333,0.0000000000
6127,0.0000000000,0.3333333333,0.0000000000
2743,0.0000000000,0.3333333333,0.0000000000
6398,0.0000000000,0.3333333333,0.0000000000
7948,0.0000000000,0.3333333333,0.0000000000
8396,0.0000000000,0.3333333333,0.0000000000
9633,0.0000000000,0.3333333333,0.0000000000
8413,0.0000000000,0.3333333333,0.0000000000
9950,0.0000000000,0.3333333333,0.0000000000
3014,0.0000000000,0.3333333333,0.0000000000
9312,0.0000000000,0.3333333333,0.0000000000
5721,0.0000000000,0.3333333333,0.0000000000
9212,0.0000000000,0.3333333333,0.0000000000
7738,0.0000000000,0.3333333333,0.0000000000
7957,0.0000000000,0.3333333333,0.0000000000
8433,0.0000000000,0.3333333333,0.0000000000
8290,0.0000000000,0.3333333333,0.0000000000
9242,0.0000000000,0.3333333333,0.0000000000
7811,0.0000000000,0.3333333333,0.0000000000
9544,0.0000000000,0.3333333333,0.0000000000
6739,0.0000000000,0.3333333333,0.0000000000
5233,0.0000000000,0.3333333333,0.0000000000
8285,0.0000000000,0.3333333333,0.0000000000
9173,0.0000000000,0.3333333333,0.0000000000
7961,0.0000000000,0.3333333333,0.0000000000
8155,0.0000000000,0.3333333333,0.0000000000
8102,0.0000000000,0.3333333333,0.0000000000
9605,0.0000000000,0.3333333333,0.0000000000
9610,0.0000000000,0.3333333333,0.0000000000
9368,0.0000000000,0.3333333333,0.0000000000
9572,0.0000000000,0.3333333333,0.0000000000
8521,0.0000000000,0.3333333333,0.0000000000
5629,0.0000000000,0.3333333333,0.0000000000
6446,0.0000000000,0.3333333333,0.0000000000
5085,0.0000000000,0.3333333333,0.0000000000
6760,0.0000000000,0.3333333333,0.0000000000
6620,0.0000000000,0.3333333333,0.0000000000
8974,0.0000000000,0.3333333333,0.0000000000
8486,0.0000000000,0.3333333333,0.0000000000
9046,0.0000000000,0.3333333333,0.0000000000
3467,0.0000000000,0.3333333333,0.0000000000
5056,0.0000000000,0.3333333333,0.0000000000
8088,0.0000000000,0.3333333333,0.0000000000
9377,0.0000000000,0.3333333333,0.0000000000
8450,0.0000000000,0.3333333333,0.0000000000
9393,0.0000000000,0.3333333333,0.0000000000
9399,0.0000000000,0.3333333333,0.0000000000
7359,0.0000000000,0.3333333333,0.0000000000
8594,0.0000000000,0.3333333333,0.0000000000
7078,0.0000000000,0.3333333333,0.0000000000
6381,0.0000000000,0.3333333333,0.0000000000
9354,0.0000000000,0.3333333333,0.0000000000
8950,0.0000000000,0.3333333333,0.0000000000
7135,0.0000000000,0.3333333333,0.0000000000
8201,0.0000000000,0.3333333333,0.0000000000
7459,0.0000000000,0.3333333333,0.0000000000
6457,0.0000000000,0.3333333333,0.0000000000
7367,0.0000000000,0.3333333333,0.0000000000
4100,0.0000000000,0.3333333333,0.0000000000
8715,0.0000000000,0.3333333333,0.0000000000
9942,0.0000000000,0.3333333333,0.0000000000
9284,0.0000000000,0.3333333333,0.0000000000
9758,0.0000000000,0.3333333333,0.0000000000
8477,0.0000000000,0.3333333333,0.0000000000
6213,0.0000000000,0.3333333333,0.0000000000
9646,0.0000000000,0.3333333333,0.0000000000
8487,0.0000000000,0.3333333333,0.0000000000
7628,0.0000000000,0.3333333333,0.0000000000
4793,0.0000000000,0.3333333333,0.0000000000
8953,0.0000000000,0.3333333333,0.0000000000
9601,0.0000000000,0.3333333333,0.0000000000
4626,0.0000000000,0.3333333333,0.0000000000
7880,0.0000000000,0.3333333333,0.0000000000
7692,0.0000000000,0.3333333333,0.0000000000
9787,0.0000000000,0.3333333333,0.0000000000
9728,0.0000000000,0.3333333333,0.0000000000
9871,0.0000000000,0.3333333333,0.0000000000
9123,0.0000000000,0.3333333333,0.0000000000
4972,0.0000000000,0.3333333333,0.0000000000
7411,0.0000000000,0.3333333333,0.0000000000
9771,0.0000000000,0.3333333333,0.0000000000
5850,0.0000000000,0.3333333333,0.0000000000
6147,0.0000000000,0.3333333333,0.0000000000
8286,0.0000000000,0.3333333333,0.0000000000
8402,0.0000000000,0.3333333333,0.0000000000
8623,0.0000000000,0.3333333333,0.0000000000
5514,0.0000000000,0.3333333333,0.0000000000
7810,0.0000000000,0.3333333333,0.0000000000
8056,0.0000000000,0.3333333333,0.0000000000
8825,0.0000000000,0.3333333333,0.0000000000
8076,0.0000000000,0.3333333333,0.0000000000
7326,0.0000000000,0.3333333333,0.0000000000
5141,0.0000000000,0.3333333333,0.0000000000
7186,0.0000000000,0.3333333333,0.0000000000
8191,0.0000000000,0.3333333333,0.0000000000
5321,0.0000000000,0.3333333333,0.0000000000
9902,0.0000000000,0.3333333333,0.0000000000
8184,0.0000000000,0.3333333333,0.0000000000
9315,0.0000000000,0.3333333333,0.0000000000
6241,0.0000000000,0.3333333333,0.0000000000
8506,0.0000000000,0.3333333333,0.0000000000
7874,0.0000000000,0.3333333333,0.0000000000
5584,0.0000000000,0.3333333333,0.0000000000
9732,0.0000000000,0.3333333333,0.0000000000
6989,0.0000000000,0.3333333333,0.0000000000
8382,0.0000000000,0.3333333333,0.0000000000
9171,0.0000000000,0.3333333333,0.0000000000
9403,0.0000000000,0.3333333333,0.0000000000
7644,0.0000000000,0.3333333333,0.0000000000
9044,0.0000000000,0.3333333333,0.0000000000
7611,0.0000000000,0.3333333333,0.0000000000
9193,0.0000000000,0.3333333333,0.0000000000
9652,0.0000000000,0.3333333333,0.0000000000
5128,0.0000000000,0.3333333333,0.0000000000
5399,0.0000000000,0.3333333333,0.0000000000
9796,0.0000000000,0.3333333333,0.0000000000
4575,0.0000000000,0.3333333333,0.0000000000
6900,0.0000000000,0.3333333333,0.0000000000
9197,0.0000000000,0.3333333333,0.0000000000
8820,0.0000000000,0.3333333333,0.0000000000
9859,0.0000000000,0.3333333333,0.0000000000
6938,0.0000000000,0.3333333333,0.0000000000
6955,0.0000000000,0.3333333333,0.0000000000
9067,0.0000000000,0.3333333333,0.0000000000
9963,0.0000000000,0.3333333333,0.0000000000
9561,0.0000000000,0.3333333333,0.0000000000
6771,0.0000000000,0.3333333333,0.0000000000
8072,0.0000000000,0.3333333333,0.0000000000
9289,0.0000000000,0.3333333333,0.0000000000
7394,0.0000000000,0.3333333333,0.0000000000
9047,0.0000000000,0.3333333333,0.0000000000
5828,0.0000000000,0.3333333333,0.0000000000
9265,0.0000000000,0.3333333333,0.0000000000
9575,0.0000000000,0.3333333333,0.0000000000
4038,0.0000000000,0.3333333333,0.0000000000
6642,0.0000000000,0.3333333333,0.0000000000
9699,0.0000000000,0.3333333333,0.0000000000
9702,0.0000000000,0.3333333333,0.0000000000
8916,0.0000000000,0.3333333333,0.0000000000
8133,0.0000000000,0.3333333333,0.0000000000
6019,0.0000000000,0.3333333333,0.0000000000
9669,0.0000000000,0.3333333333,0.0000000000
7807,0.0000000000,0.3333333333,0.0000000000
9474,0.0000000000,0.3333333333,0.0000000000
6452,0.0000000000,0.3333333333,0.0000000000
7894,0.0000000000,0.3333333333,0.0000000000
7097,0.0000000000,0.3333333333,0.0000000000
9358,0.0000000000,0.3333333333,0.0000000000
8849,0.0000000000,0.3333333333,0.0000000000
9675,0.0000000000,0.3333333333,0.0000000000
8709,0.0000000000,0.3333333333,0.0000000000
9663,0.0000000000,0.3333333333,0.0000000000
8189,0.0000000000,0.3333333333,0.0000000000
7095,0.0000000000,0.3333333333,0.0000000000
9962,0.0000000000,0.3333333333,0.0000000000
7580,0.0000000000,0.3333333333,0.0000000000
8543,0.0000000000,0.3333333333,0.0000000000
9757,0.0000000000,0.3333333333,0.0000000000
8466,0.0000000000,0.3333333333,0.0000000000
7090,0.0000000000,0.3333333333,0.0000000000
9417,0.0000000000,0.3333333333,0.0000000000
4892,0.0000000000,0.3333333333,0.0000000000
6937,0.0000000000,0.3333333333,0.0000000000
8779,0.0000000000,0.3333333333,0.0000000000
8646,0.0000000000,0.3333333333,0.0000000000
8757,0.0000000000,0.3333333333,0.0000000000
8983,0.0000000000,0.3333333333,0.0000000000
9595,0.0000000000,0.3333333333,0.0000000000
6962,0.0000000000,0.3333333333,0.0000000000
7563,0.0000000000,0.3333333333,0.0000000000
9341,0.0000000000,0.3333333333,0.0000000000
9425,0.0000000000,0.3333333333,0.0000000000
9818,0.0000000000,0.3333333333,0.0000000000
4945,0.0000000000,0.3333333333,0.0000000000
9383,0.0000000000,0.3333333333,0.0000000000
8525,0.0000000000,0.3333333333,0.0000000000
9700,0.0000000000,0.3333333333,0.0000000000
6064,0.0000000000,0.3333333333,0.0000000000
8869,0.0000000000,0.3333333333,0.0000000000
6616,0.0000000000,0.3333333333,0.0000000000
9492,0.0000000000,0.3333333333,0.0000000000
9850,0.0000000000,0.3333333333,0.0000000000
7830,0.0000000000,0.3333333333,0.0000000000
8945,0.0000000000,0.3333333333,0.0000000000
5880,0.0000000000,0.3333333333,0.0000000000
7217,0.0000000000,0.3333333333,0.0000000000
9645,0.0000000000,0.3333333333,0.0000000000
8475,0.0000000000,0.3333333333,0.0000000000
8218,0.0000000000,0.3333333333,0.0000000000
9694,0.0000000000,0.3333333333,0.0000000000
6242,0.0000000000,0.3333333333,0.0000000000
9722,0.0000000000,0.3333333333,0.0000000000
9882,0.0000000000,0.3333333333,0.0000000000
6752,0.0000000000,0.3333333333,0.0000000000
9206,0.0000000000,0.3333333333,0.0000000000
9930,0.0000000000,0.3333333333,0.0000000000
7011,0.0000000000,0.3333333333,0.0000000000
7477,0.0000000000,0.3333333333,0.0000000000
7650,0.0000000000,0.3333333333,0.0000000000
6320,0.0000000000,0.3333333333,0.0000000000
6677,0.0000000000,0.3333333333,0.0000000000
9085,0.0000000000,0.3333333333,0.0000000000
9904,0.0000000000,0.3333333333,0.0000000000
9503,0.0000000000,0.3333333333,0.0000000000
7878,0.0000000000,0.3333333333,0.0000000000
8818,0.0000000000,0.3333333333,0.0000000000
9580,0.0000000000,0.3333333333,0.0000000000
9203,0.0000000000,0.3333333333,0.0000000000
8768,0.0000000000,0.3333333333,0.0000000000
9378,0.0000000000,0.3333333333,0.0000000000
9671,0.0000000000,0.3333333333,0.0000000000
8767,0.0000000000,0.3333333333,0.0000000000
9597,0.0000000000,0.3333333333,0.0000000000
5375,0.0000000000,0.3333333333,0.0000000000
8022,0.0000000000,0.3333333333,0.0000000000
5158,0.0000000000,0.3333333333,0.0000000000
8629,0.0000000000,0.3333333333,0.0000000000
9943,0.0000000000,0.3333333333,0.0000000000
9456,0.0000000000,0.3333333333,0.0000000000
9727,0.0000000000,0.3333333333,0.0000000000
8802,0.0000000000,0.3333333333,0.0000000000
6909,0.0000000000,0.3333333333,0.0000000000
8069,0.0000000000,0.3333333333,0.0000000000
6040,0.0000000000,0.3333333333,0.0000000000
9603,0.0000000000,0.3333333333,0.0000000000
5585,0.0000000000,0.3333333333,0.0000000000
8500,0.0000000000,0.3333333333,0.0000000000
6032,0.0000000000,0.3333333333,0.0000000000
8705,0.0000000000,0.3333333333,0.0000000000
7879,0.0000000000,0.3333333333,0.0000000000
8774,0.0000000000,0.3333333333,0.0000000000
7882,0.0000000000,0.3333333333,0.0000000000
7907,0.0000000000,0.3333333333,0.0000000000
9389,0.0000000000,0.3333333333,0.0000000000
7949,0.0000000000,0.3333333333,0.0000000000
9901,0.0000000000,0.3333333333,0.0000000000
5763,0.0000000000,0.3333333333,0.0000000000
8934,0.0000000000,0.3333333333,0.0000000000
8826,0.0000000000,0.3333333333,0.0000000000
9692,0.0000000000,0.3333333333,0.0000000000
8827,0.0000000000,0.3333333333,0.0000000000
8393,0.0000000000,0.3333333333,0.0000000000
7817,0.0000000000,0.3333333333,0.0000000000
7901,0.0000000000,0.3333333333,0.0000000000
7498,0.0000000000,0.3333333333,0.0000000000
8200,0.0000000000,0.3333333333,0.0000000000
8581,0.0000000000,0.3333333333,0.0000000000
9267,0.0000000000,0.3333333333,0.0000000000
9977,0.0000000000,0.3333333333,0.0000000000
8718,0.0000000000,0.3333333333,0.0000000000
9089,0.0000000000,0.3333333333,0.0000000000
9444,0.0000000000,0.3333333333,0.0000000000
8252,0.0000000000,0.3333333333,0.0000000000
8674,0.0000000000,0.3333333333,0.0000000000
8990,0.0000000000,0.3333333333,0.0000000000
7860,0.0000000000,0.3333333333,0.0000000000
8515,0.0000000000,0.3333333333,0.0000000000
9218,0.0000000000,0.3333333333,0.0000000000
8423,0.0000000000,0.3333333333,0.0000000000
8738,0.0000000000,0.3333333333,0.0000000000
9270,0.0000000000,0.3333333333,0.0000000000
8436,0.0000000000,0.3333333333,0.0000000000
5302,0.0000000000,0.3333333333,0.0000000000
5816,0.0000000000,0.3333333333,0.0000000000
8785,0.0000000000,0.3333333333,0.0000000000
8941,0.0000000000,0.3333333333,0.0000000000
9024,0.0000000000,0.3333333333,0.0000000000
9851,0.0000000000,0.3333333333,0.0000000000
8090,0.0000000000,0.3333333333,0.0000000000
6964,0.0000000000,0.3333333333,0.0000000000
8876,0.0000000000,0.3333333333,0.0000000000
9832,0.0000000000,0.3333333333,0.0000000000
9423,0.0000000000,0.3333333333,0.0000000000
9055,0.0000000000,0.3333333333,0.0000000000
6709,0.0000000000,0.3333333333,0.0000000000
8618,0.0000000000,0.3333333333,0.0000000000
8788,0.0000000000,0.3333333333,0.0000000000
9454,0.0000000000,0.3333333333,0.0000000000
9233,0.0000000000,0.3333333333,0.0000000000
9009,0.0000000000,0.3333333333,0.0000000000
4806,0.0000000000,0.3333333333,0.0000000000
7094,0.0000000000,0.3333333333,0.0000000000
8348,0.0000000000,0.3333333333,0.0000000000
7909,0.0000000000,0.3333333333,0.0000000000
7809,0.0000000000,0.3333333333,0.0000000000
9485,0.0000000000,0.3333333333,0.0000000000
7906,0.0000000000,0.3333333333,0.0000000000
8213,0.0000000000,0.3333333333,0.0000000000
9168,0.0000000000,0.3333333333,0.0000000000
9195,0.0000000000,0.3333333333,0.0000000000
6734,0.0000000000,0.3333333333,0.0000000000
8246,0.0000000000,0.3333333333,0.0000000000
9247,0.0000000000,0.3333333333,0.0000000000
5875,0.0000000000,0.3333333333,0.0000000000
6772,0.0000000000,0.3333333333,0.0000000000
6787,0.0000000000,0.3333333333,0.0000000000
8318,0.0000000000,0.3333333333,0.0000000000
9791,0.0000000000,0.3333333333,0.0000000000
9418,0.0000000000,0.3333333333,0.0000000000
6332,0.0000000000,0.3333333333,0.0000000000
8972,0.0000000000,0.3333333333,0.0000000000
8622,0.0000000000,0.3333333333,0.0000000000
9183,0.0000000000,0.3333333333,0.0000000000
8099,0.0000000000,0.3333333333,0.0000000000
8312,0.0000000000,0.3333333333,0.0000000000
7619,0.0000000000,0.3333333333,0.0000000000
8814,0.0000000000,0.3333333333,0.0000000000
8642,0.0000000000,0.3333333333,0.0000000000
9919,0.0000000000,0.3333333333,0.0000000000
7518,0.0000000000,0.3333333333,0.0000000000
9897,0.0000000000,0.3333333333,0.0000000000
9659,0.0000000000,0.3333333333,0.0000000000
8750,0.0000000000,0.3333333333,0.0000000000
8461,0.0000000000,0.3333333333,0.0000000000
9238,0.0000000000,0.3333333333,0.0000000000
9894,0.0000000000,0.3333333333,0.0000000000
8186,0.0000000000,0.3333333333,0.0000000000
5626,0.0000000000,0.3333333333,0.0000000000
6820,0.0000000000,0.3333333333,0.0000000000
9691,0.0000000000,0.3333333333,0.0000000000
8488,0.0000000000,0.3333333333,0.0000000000
7638,0.0000000000,0.3333333333,0.0000000000
8341,0.0000000000,0.3333333333,0.0000000000
8905,0.0000000000,0.3333333333,0.0000000000
6879,0.0000000000,0.3333333333,0.0000000000
9305,0.0000000000,0.3333333333,0.0000000000
8530,0.0000000000,0.3333333333,0.0000000000
8716,0.0000000000,0.3333333333,0.0000000000
7519,0.0000000000,0.3333333333,0.0000000000
7664,0.0000000000,0.3333333333,0.0000000000
9086,0.0000000000,0.3333333333,0.0000000000
9952,0.0000000000,0.3333333333,0.0000000000
8710,0.0000000000,0.3333333333,0.0000000000
8344,0.0000000000,0.3333333333,0.0000000000
9586,0.0000000000,0.3333333333,0.0000000000
9893,0.0000000000,0.3333333333,0.0000000000
9467,0.0000000000,0.3333333333,0.0000000000
9279,0.0000000000,0.3333333333,0.0000000000
9815,0.0000000000,0.3333333333,0.0000000000
5129,0.0000000000,0.3333333333,0.0000000000
9473,0.0000000000,0.3333333333,0.0000000000
9640,0.0000000000,0.3333333333,0.0000000000
9434,0.0000000000,0.3333333333,0.0000000000
6519,0.0000000000,0.3333333333,0.0000000000
8957,0.0000000000,0.3333333333,0.0000000000
9763,0.0000000000,0.3333333333,0.0000000000
8196,0.0000000000,0.3333333333,0.0000000000
9922,0.0000000000,0.3333333333,0.0000000000
8446,0.0000000000,0.3333333333,0.0000000000
9147,0.0000000000,0.3333333333,0.0000000000
8354,0.0000000000,0.3333333333,0.0000000000
9062,0.0000000000,0.3333333333,0.0000000000
6811,0.0000000000,0.3333333333,0.0000000000
9609,0.0000000000,0.3333333333,0.0000000000
8944,0.0000000000,0.3333333333,0.0000000000
9317,0.0000000000,0.3333333333,0.0000000000
8841,0.0000000000,0.3333333333,0.0000000000
8731,0.0000000000,0.3333333333,0.0000000000
9310,0.0000000000,0.3333333333,0.0000000000
9905,0.0000000000,0.3333333333,0.0000000000
9914,0.0000000000,0.3333333333,0.0000000000
9967,0.0000000000,0.3333333333,0.0000000000
7754,0.0000000000,0.3333333333,0.0000000000
9824,0.0000000000,0.3333333333,0.0000000000
9873,0.0000000000,0.3333333333,0.0000000000
8177,0.0000000000,0.3333333333,0.0000000000
9775,0.0000000000,0.3333333333,0.0000000000
6358,0.0000000000,0.3333333333,0.0000000000
9764,0.0000000000,0.3333333333,0.0000000000
9346,0.0000000000,0.3333333333,0.0000000000
8369,0.0000000000,0.3333333333,0.0000000000
8165,0.0000000000,0.3333333333,0.0000000000
9277,0.0000000000,0.3333333333,0.0000000000
7652,0.0000000000,0.3333333333,0.0000000000
8844,0.0000000000,0.3333333333,0.0000000000
9438,0.0000000000,0.3333333333,0.0000000000
7793,0.0000000000,0.3333333333,0.0000000000
9507,0.0000000000,0.3333333333,0.0000000000
9367,0.0000000000,0.3333333333,0.0000000000
9715,0.0000000000,0.3333333333,0.0000000000
8696,0.0000000000,0.3333333333,0.0000000000
8910,0.0000000000,0.3333333333,0.0000000000
8482,0.0000000000,0.3333333333,0.0000000000
7727,0.0000000000,0.3333333333,0.0000000000
8850,0.0000000000,0.3333333333,0.0000000000
9956,0.0000000000,0.3333333333,0.0000000000
9349,0.0000000000,0.3333333333,0.0000000000
9863,0.0000000000,0.3333333333,0.0000000000
8103,0.0000001592,0.5555555556,0.0000000884
2588,0.0000006780,0.3333333333,0.0000002260
6440,0.0000015285,0.3333333333,0.0000005095
7260,0.0000008743,0.3333333333,0.0000002914
5030,0.0000012208,0.3333333333,0.0000004069
2705,0.0000006101,0.3333333333,0.0000002034
9644,0.0000014743,0.3333333333,0.0000004914
7302,0.0000014626,0.3333333333,0.0000004875
5749,0.0000007424,0.3333333333,0.0000002475
5456,0.0000008521,0.3333333333,0.0000002840
6376,0.0000003367,0.3333333333,0.0000001122
7471,0.0000012061,0.3333333333,0.0000004020
7590,0.0000010215,0.3333333333,0.0000003405
3592,0.0000005428,0.3333333333,0.0000001809
3866,0.0000010401,0.3333333333,0.0000003467
7984,0.0000019735,0.3333333333,0.0000006578
3795,0.0000010039,0.3333333333,0.0000003346
3323,0.0000005417,0.3333333333,0.0000001806
6665,0.0000011294,0.3333333333,0.0000003765
7607,0.0000004225,0.3333333333,0.0000001408
9148,0.0000026869,0.3333333333,0.0000008956
2605,0.0000012835,0.3333333333,0.0000004278
5495,0.0000004367,0.3333333333,0.0000001456
7167,0.0000014943,0.3333333333,0.0000004981
3882,0.0000010654,0.3333333333,0.0000003551
803,0.0000004160,0.3333333333,0.0000001387
8094,0.0000010429,0.3333333333,0.0000003476
6732,0.0000004100,0.3333333333,0.0000001367
5320,0.0000006994,0.3333333333,0.0000002331
6246,0.0000010629,0.3333333333,0.0000003543
8481,0.0000010918,0.3333333333,0.0000003639
6345,0.0000009101,0.3333333333,0.0000003034
1604,0.0000004489,0.3333333333,0.0000001496
2556,0.0000001290,0.3333333333,0.0000000430
7338,0.0000007701,0.3333333333,0.0000002567
5223,0.0000005092,0.3333333333,0.0000001697
4357,0.0000028895,0.3333333333,0.0000009632
9481,0.0000008844,0.3333333333,0.0000002948
8418,0.0000013718,0.3333333333,0.0000004573
6175,0.0000034111,0.3333333333,0.0000011370
6625,0.0000008401,0.3333333333,0.0000002800
4539,0.0000006217,0.3333333333,0.0000002072
5081,0.0000005321,0.3333333333,0.0000001774
7550,0.0000015750,0.3333333333,0.0000005250
4794,0.0000004634,0.3333333333,0.0000001545
8781,0.0000018835,0.3333333333,0.0000006278
3024,0.0000003234,0.3333333333,0.0000001078
8242,0.0000006717,0.3333333333,0.0000002239
7162,0.0000009768,0.3333333333,0.0000003256
707,0.0000004079,0.3333333333,0.0000001360
7110,0.0000018028,0.3333333333,0.0000006009
1447,0.0000007845,0.3333333333,0.0000002615
4872,0.0000008726,0.3333333333,0.0000002909
7600,0.0000009787,0.3333333333,0.0000003262
9366,0.0000015975,0.3333333333,0.0000005325
3527,0.0000008926,0.3333333333,0.0000002975
4210,0.0000012468,0.3333333333,0.0000004156
6025,0.0000007509,0.3333333333,0.0000002503
6313,0.0000035024,0.3333333333,0.0000011675
3320,0.0000004650,0.3333333333,0.0000001550
8443,0.0000005867,0.3333333333,0.0000001956
8587,0.0000010351,0.3333333333,0.0000003450
765,0.0000006748,0.3333333333,0.0000002249
8014,0.0000006882,0.3333333333,0.0000002294
7296,0.0000003634,0.3333333333,0.0000001211
1477,0.0000006226,0.3333333333,0.0000002075
7719,0.0000019142,0.3333333333,0.0000006381
6624,0.0000016175,0.3333333333,0.0000005392
9106,0.0000009331,0.3333333333,0.0000003110
7439,0.0000011655,0.3333333333,0.0000003885
4234,0.0000007892,0.3333333333,0.0000002631
6298,0.0000017202,0.3333333333,0.0000005734
7936,0.0000003834,0.3333333333,0.0000001278
3135,0.0000005959,0.3333333333,0.0000001986
4874,0.0000011391,0.3333333333,0.0000003797
3311,0.0000008142,0.3333333333,0.0000002714
6045,0.0000009961,0.3333333333,0.0000003320
6419,0.0000005051,0.3333333333,0.0000001684
4257,0.0000006617,0.3333333333,0.0000002206
4378,0.0000008421,0.3333333333,0.0000002807
1094,0.0000003049,0.3333333333,0.0000001016
9069,0.0000024416,0.3333333333,0.0000008139
5458,0.0000008918,0.3333333333,0.0000002973
8527,0.0000019985,0.3333333333,0.0000006662
3789,0.0000006901,0.3333333333,0.0000002300
8367,0.0000023646,0.3333333333,0.0000007882
4727,0.0000006667,0.3333333333,0.0000002222
6845,0.0000011723,0.3333333333,0.0000003908
7723,0.0000015413,0.3333333333,0.0000005138
3562,0.0000005501,0.3333333333,0.0000001834
4264,0.0000005051,0.2222222222,0.0000001122
5487,0.0000006272,0.3333333333,0.0000002091
9088,0.0000006101,0.3333333333,0.0000002034
5874,0.0000019469,0.3333333333,0.0000006490
7911,0.0000016958,0.3333333333,0.0000005653
4272,0.0000005084,0.3333333333,0.0000001695
6401,0.0000011268,0.3333333333,0.0000003756
6248,0.0000005401,0.3333333333,0.0000001800
4915,0.0000009095,0.3333333333,0.0000003032
2494,0.0000005501,0.3333333333,0.0000001834
6152,0.0000014881,0.3333333333,0.0000004960
3898,0.0000008084,0.3333333333,0.0000002695
8631,0.0000011068,0.3333333333,0.0000003689
4807,0.0000019877,0.3333333333,0.0000006626
6582,0.0000021002,0.3333333333,0.0000007001
4431,0.0000012308,0.3333333333,0.0000004103
7960,0.0000016629,0.3333333333,0.0000005543
6722,0.0000006196,0.3333333333,0.0000002065
7903,0.0000008868,0.3333333333,0.0000002956
5561,0.0000007934,0.3333333333,0.0000002645
7992,0.0000014151,0.3333333333,0.0000004717
9325,0.0000006592,0.3333333333,0.0000002197
4542,0.0000006726,0.5555555556,0.0000003736
5498,0.0000007951,0.3333333333,0.0000002650
6636,0.0000003850,0.3333333333,0.0000001283
7068,0.0000011468,0.3333333333,0.0000003823
2719,0.0000010711,0.3333333333,0.0000003570
5388,0.0000011389,0.3333333333,0.0000003796
4882,0.0000012321,0.3333333333,0.0000004107
2373,0.0000004144,0.3333333333,0.0000001381
4594,0.0000008201,0.3333333333,0.0000002734
6315,0.0000008826,0.3333333333,0.0000002942
7013,0.0000016877,0.3333333333,0.0000005626
6679,0.0000008276,0.2222222222,0.0000001839
8387,0.0000018924,0.3333333333,0.0000006308
4224,0.0000006584,0.3333333333,0.0000002195
6017,0.0000005349,0.3333333333,0.0000001783
5383,0.0000005192,0.3333333333,0.0000001731
8834,0.0000004600,0.3333333333,0.0000001533
3173,0.0000010401,0.3333333333,0.0000003467
4446,0.0000008578,0.3333333333,0.0000002859
8037,0.0000009368,0.3333333333,0.0000003123
6396,0.0000010726,0.3333333333,0.0000003575
7720,0.0000008891,0.3333333333,0.0000002964
8314,0.0000006317,0.2222222222,0.0000001404
9286,0.0000005834,0.3333333333,0.0000001945
1180,0.0000005324,0.3333333333,0.0000001775
5268,0.0000010184,0.3333333333,0.0000003395
6790,0.0000008654,0.3333333333,0.0000002885
7456,0.0000011118,0.3333333333,0.0000003706
2974,0.0000004717,0.3333333333,0.0000001572
4285,0.0000001425,0.3333333333,0.0000000475
3754,0.0000002170,0.3333333333,0.0000000723
9868,0.0000017522,0.3333333333,0.0000005841
8930,0.0000010396,0.3333333333,0.0000003465
4436,0.0000010858,0.3333333333,0.0000003619
3757,0.0000009334,0.3333333333,0.0000003111
5439,0.0000006988,0.3333333333,0.0000002329
7597,0.0000014418,0.3333333333,0.0000004806
5946,0.0000010511,0.3333333333,0.0000003504
8502,0.0000002095,0.3333333333,0.0000000698
7315,0.0000018093,0.3333333333,0.0000006031
8182,0.0000010743,0.3333333333,0.0000003581
8255,0.0000003559,0.3333333333,0.0000001186
7922,0.0000016685,0.3333333333,0.0000005562
6123,0.0000029603,0.3333333333,0.0000009868
3348,0.0000006317,0.5555555556,0.0000003510
2563,0.0000005267,0.3333333333,0.0000001756
5532,0.0000009543,0.3333333333,0.0000003181
5578,0.0000006667,0.3333333333,0.0000002222
4517,0.0000019262,0.3333333333,0.0000006421
5796,0.0000007259,0.3333333333,0.0000002420
3428,0.0000005859,0.3333333333,0.0000001953
5376,0.0000013026,0.3333333333,0.0000004342
4478,0.0000007632,0.3333333333,0.0000002544
5760,0.0000011270,0.3333333333,0.0000003757
5859,0.0000005359,0.3333333333,0.0000001786
6986,0.0000008881,0.3333333333,0.0000002960
7343,0.0000004420,0.3333333333,0.0000001473
4637,0.0000010359,0.3333333333,0.0000003453
2959,0.0000015321,0.3333333333,0.0000005107
6726,0.0000024786,0.3333333333,0.0000008262
9559,0.0000015785,0.3333333333,0.0000005262
2184,0.0000005541,0.3333333333,0.0000001847
3391,0.0000005710,0.3333333333,0.0000001903
4669,0.0000023027,0.3333333333,0.0000007676
6004,0.0000010098,0.3333333333,0.0000003366
2193,0.0000002817,0.3333333333,0.0000000939
6561,0.0000009668,0.3333333333,0.0000003223
5221,0.0000005609,0.3333333333,0.0000001870
5003,0.0000016427,0.3333333333,0.0000005476
4322,0.0000024482,0.3333333333,0.0000008161
3619,0.0000005176,0.3333333333,0.0000001725
1042,0.0000004200,0.3333333333,0.0000001400
5830,0.0000006582,0.3333333333,0.0000002194
2330,0.0000002425,0.2222222222,0.0000000539
5138,0.0000009209,0.5555555556,0.0000005116
5905,0.0000013701,0.3333333333,0.0000004567
5411,0.0000007234,0.5555555556,0.0000004019
7975,0.0000023752,0.3333333333,0.0000007917
2874,0.0000003873,0.3333333333,0.0000001291
6515,0.0000017598,0.3333333333,0.0000005866
3997,0.0000004300,0.3333333333,0.0000001433
4596,0.0000008258,0.3333333333,0.0000002753
4509,0.0000010151,0.3333333333,0.0000003384
5482,0.0000029123,0.3333333333,0.0000009708
7620,0.0000015302,0.3333333333,0.0000005101
8126,0.0000023311,0.3333333333,0.0000007770
3793,0.0000006434,0.3333333333,0.0000002145
5402,0.0000003517,0.3333333333,0.0000001172
6847,0.0000010484,0.3333333333,0.0000003495
2587,0.0000021044,0.3333333333,0.0000007015
2052,0.0000013451,0.3333333333,0.0000004484
2925,0.0000005607,0.3333333333,0.0000001869
3010,0.0000007642,0.3333333333,0.0000002547
2970,0.0000004225,0.3333333333,0.0000001408
7502,0.0000040260,0.3333333333,0.0000013420
3979,0.0000005334,0.3333333333,0.0000001778
7744,0.0000017485,0.3333333333,0.0000005828
4840,0.0000007035,0.3333333333,0.0000002345
7524,0.0000004810,0.3333333333,0.0000001603
6271,0.0000006401,0.3333333333,0.0000002134
5696,0.0000002950,0.3333333333,0.0000000983
1190,0.0000004659,0.3333333333,0.0000001553
5590,0.0000019060,0.3333333333,0.0000006353
7171,0.0000007801,0.3333333333,0.0000002600
8958,0.0000006167,0.3333333333,0.0000002056
7197,0.0000004525,0.3333333333,0.0000001508
6233,0.0000008401,0.3333333333,0.0000002800
7424,0.0000014535,0.3333333333,0.0000004845
4558,0.0000012401,0.3333333333,0.0000004134
1845,0.0000004632,0.3333333333,0.0000001544
6405,0.0000007546,0.3333333333,0.0000002515
2610,0.0000004134,0.3333333333,0.0000001378
9475,0.0000005751,0.3333333333,0.0000001917
6273,0.0000015330,0.3333333333,0.0000005110
3846,0.0000004250,0.5555555556,0.0000002361
667,0.0000001483,0.3333333333,0.0000000494
8726,0.0000020402,0.3333333333,0.0000006801
9075,0.0000004450,0.3333333333,0.0000001483
5093,0.0000008713,0.3333333333,0.0000002904
6696,0.0000004834,0.3333333333,0.0000001611
1540,0.0000004667,0.3333333333,0.0000001556
10000,0.0000019202,0.3333333333,0.0000006401
912,0.0000000708,0.2222222222,0.0000000157
2573,0.0000009501,0.3333333333,0.0000003167
6020,0.0000007399,0.3333333333,0.0000002466
9414,0.0000012835,0.3333333333,0.0000004278
3983,0.0000000900,0.5555555556,0.0000000500
4251,0.0000006184,0.3333333333,0.0000002061
6622,0.0000008501,0.3333333333,0.0000002834
2276,0.0000007844,0.3333333333,0.0000002615
5894,0.0000008915,0.3333333333,0.0000002972
9221,0.0000018148,0.3333333333,0.0000006049
8137,0.0000015602,0.3333333333,0.0000005201
4350,0.0000008001,0.3333333333,0.0000002667
6948,0.0000020310,0.3333333333,0.0000006770
4421,0.0000033480,0.3333333333,0.0000011160
4009,0.0000007776,0.3333333333,0.0000002592
5808,0.0000011538,0.3333333333,0.0000003846
9342,0.0000020985,0.3333333333,0.0000006995
2725,0.0000005634,0.3333333333,0.0000001878
4832,0.0000005801,0.3333333333,0.0000001934
6225,0.0000011246,0.3333333333,0.0000003749
7468,0.0000020752,0.3333333333,0.0000006917
6944,0.0000037687,0.3333333333,0.0000012562
5616,0.0000012001,0.3333333333,0.0000004000
3175,0.0000010881,0.3333333333,0.0000003627
8495,0.0000004320,0.3333333333,0.0000001440
1796,0.0000002067,0.3333333333,0.0000000689
7446,0.0000006543,0.3333333333,0.0000002181
6904,0.0000015802,0.3333333333,0.0000005267
7400,0.0000012351,0.3333333333,0.0000004117
6911,0.0000014576,0.3333333333,0.0000004859
6202,0.0000021088,0.3333333333,0.0000007029
2731,0.0000007084,0.3333333333,0.0000002361
5659,0.0000008067,0.3333333333,0.0000002689
5465,0.0000007534,0.3333333333,0.0000002511
5979,0.0000026856,0.3333333333,0.0000008952
6551,0.0000004300,0.3333333333,0.0000001433
5928,0.0000014858,0.3333333333,0.0000004953
6308,0.0000015010,0.5555555556,0.0000008339
7687,0.0000013576,0.3333333333,0.0000004525
3203,0.0000009401,0.3333333333,0.0000003134
2678,0.0000004047,0.3333333333,0.0000001349
7134,0.0000019335,0.3333333333,0.0000006445
7702,0.0000002467,0.3333333333,0.0000000822
3582,0.0000011029,0.3333333333,0.0000003676
2744,0.0000027153,0.3333333333,0.0000009051
2360,0.0000006864,0.3333333333,0.0000002288
1772,0.0000008427,0.3333333333,0.0000002809
5029,0.0000007651,0.3333333333,0.0000002550
3840,0.0000003434,0.5555555556,0.0000001908
3887,0.0000005201,0.3333333333,0.0000001734
2237,0.0000001910,0.3333333333,0.0000000637
3522,0.0000004125,0.3333333333,0.0000001375
7660,0.0000003680,0.3333333333,0.0000001227
9372,0.0000024662,0.3333333333,0.0000008221
6395,0.0000015786,0.5555555556,0.0000008770
1904,0.0000002634,0.3333333333,0.0000000878
4700,0.0000010568,0.3333333333,0.0000003523
4967,0.0000008282,0.3333333333,0.0000002761
8258,0.0000028886,0.3333333333,0.0000009629
4703,0.0000002597,0.3333333333,0.0000000866
2669,0.0000004220,0.3333333333,0.0000001407
2150,0.0000006504,0.2222222222,0.0000001445
1076,0.0000002509,0.3333333333,0.0000000836
349,0.0000001350,0.2222222222,0.0000000300
9068,0.0000022469,0.3333333333,0.0000007490
9064,0.0000010430,0.3333333333,0.0000003477
8129,0.0000006251,0.3333333333,0.0000002084
5603,0.0000007921,0.3333333333,0.0000002640
5410,0.0000008026,0.3333333333,0.0000002675
4149,0.0000008781,0.3333333333,0.0000002927
2827,0.0000003150,0.3333333333,0.0000001050
6753,0.0000005717,0.3333333333,0.0000001906
6521,0.0000008031,0.5555555556,0.0000004462
4917,0.0000007396,0.3333333333,0.0000002465
7054,0.0000014506,0.3333333333,0.0000004835
7891,0.0000007851,0.3333333333,0.0000002617
8217,0.0000017587,0.3333333333,0.0000005862
8112,0.0000019459,0.3333333333,0.0000006486
4858,0.0000015302,0.3333333333,0.0000005101
6037,0.0000002950,0.3333333333,0.0000000983
7965,0.0000019202,0.3333333333,0.0000006401
6640,0.0000004950,0.3333333333,0.0000001650
3987,0.0000001083,0.5555555556,0.0000000602
6810,0.0000002050,0.3333333333,0.0000000683
7109,0.0000011801,0.3333333333,0.0000003934
4799,0.0000008234,0.3333333333,0.0000002745
6959,0.0000010784,0.3333333333,0.0000003595
5038,0.0000011018,0.3333333333,0.0000003673
7448,0.0000013460,0.3333333333,0.0000004487
2029,0.0000005441,0.3333333333,0.0000001814
6200,0.0000017968,0.3333333333,0.0000005989
1442,0.0000004134,0.3333333333,0.0000001378
8732,0.0000016600,0.3333333333,0.0000005533
9175,0.0000008312,0.3333333333,0.0000002771
4602,0.0000013235,0.3333333333,0.0000004412
3495,0.0000006409,0.3333333333,0.0000002136
2606,0.0000021469,0.3333333333,0.0000007156
5739,0.0000010168,0.3333333333,0.0000003389
4389,0.0000002607,0.5555555556,0.0000001448
3316,0.0000008184,0.3333333333,0.0000002728
8414,0.0000011851,0.3333333333,0.0000003950
7774,0.0000009134,0.3333333333,0.0000003045
3886,0.0000004600,0.3333333333,0.0000001533
4424,0.0000004750,0.3333333333,0.0000001583
1310,0.0000002960,0.3333333333,0.0000000987
889,0.0000005204,0.3333333333,0.0000001735
4933,0.0000043668,0.3333333333,0.0000014556
8194,0.0000012501,0.3333333333,0.0000004167
2863,0.0000001583,0.3333333333,0.0000000528
6846,0.0000005574,0.3333333333,0.0000001858
2291,0.0000003717,0.3333333333,0.0000001239
5132,0.0000014451,0.3333333333,0.0000004817
3993,0.0000005076,0.3333333333,0.0000001692
6103,0.0000009778,0.3333333333,0.0000003259
7946,0.0000010151,0.3333333333,0.0000003384
6393,0.0000005051,0.3333333333,0.0000001684
6009,0.0000004037,0.3333333333,0.0000001346
8872,0.0000022619,0.3333333333,0.0000007540
4232,0.0000011893,0.3333333333,0.0000003964
2630,0.0000005151,0.3333333333,0.0000001717
8253,0.0000009951,0.3333333333,0.0000003317
5083,0.0000006335,0.3333333333,0.0000002112
8604,0.0000053263,0.3333333333,0.0000017754
7805,0.0000044076,0.3333333333,0.0000014692
728,0.0000002325,0.3333333333,0.0000000775
4776,0.0000006639,0.3333333333,0.0000002213
5735,0.0000015918,0.3333333333,0.0000005306
5291,0.0000014301,0.3333333333,0.0000004767
8101,0.0000011951,0.3333333333,0.0000003984
4993,0.0000006209,0.3333333333,0.0000002070
4812,0.0000004917,0.3333333333,0.0000001639
4772,0.0000013776,0.3333333333,0.0000004592
6710,0.0000005959,0.3333333333,0.0000001986
3760,0.0000011443,0.3333333333,0.0000003814
5046,0.0000009294,0.3333333333,0.0000003098
3808,0.0000004051,0.3333333333,0.0000001350
2665,0.0000002459,0.3333333333,0.0000000820
6360,0.0000003992,0.3333333333,0.0000001331
6908,0.0000009184,0.3333333333,0.0000003061
6449,0.0000005551,0.3333333333,0.0000001850
4842,0.0000005559,0.3333333333,0.0000001853
6596,0.0000008943,0.3333333333,0.0000002981
1285,0.0000002800,0.3333333333,0.0000000933
4926,0.0000021452,0.3333333333,0.0000007151
3067,0.0000010683,0.3333333333,0.0000003561
1756,0.0000001483,0.3333333333,0.0000000494
4928,0.0000008067,0.3333333333,0.0000002689
4335,0.0000008982,0.3333333333,0.0000002994
2617,0.0000003546,0.2222222222,0.0000000788
3770,0.0000006751,0.3333333333,0.0000002250
4078,0.0000008851,0.3333333333,0.0000002950
6960,0.0000034809,0.3333333333,0.0000011603
6672,0.0000057620,0.3333333333,0.0000019207
8573,0.0000016660,0.3333333333,0.0000005553
8454,0.0000031068,0.3333333333,0.0000010356
5288,0.0000013210,0.3333333333,0.0000004403
8282,0.0000010001,0.3333333333,0.0000003334
6580,0.0000005851,0.3333333333,0.0000001950
8041,0.0000011296,0.3333333333,0.0000003765
6514,0.0000012515,0.3333333333,0.0000004172
3912,0.0000008207,0.3333333333,0.0000002736
6293,0.0000022402,0.3333333333,0.0000007467
8233,0.0000017135,0.3333333333,0.0000005712
4768,0.0000006817,0.3333333333,0.0000002272
6238,0.0000011428,0.3333333333,0.0000003809
5890,0.0000005372,0.3333333333,0.0000001791
5012,0.0000031514,0.3333333333,0.0000010505
8237,0.0000019202,0.3333333333,0.0000006401
6859,0.0000005662,0.3333333333,0.0000001887
5178,0.0000014935,0.3333333333,0.0000004978
957,0.0000003334,0.3333333333,0.0000001111
5902,0.0000007316,0.3333333333,0.0000002439
6099,0.0000018077,0.5555555556,0.0000010043
5161,0.0000010608,0.3333333333,0.0000003536
7974,0.0000010149,0.3333333333,0.0000003383
7437,0.0000014035,0.3333333333,0.0000004678
4271,0.0000008067,0.3333333333,0.0000002689
7495,0.0000010109,0.3333333333,0.0000003370
4054,0.0000024244,0.3333333333,0.0000008081
7216,0.0000007534,0.3333333333,0.0000002511
8309,0.0000017868,0.3333333333,0.0000005956
7255,0.0000011908,0.3333333333,0.0000003969
4346,0.0000037170,0.3333333333,0.0000012390
1744,0.0000025491,0.3333333333,0.0000008497
3058,0.0000008379,0.3333333333,0.0000002793
8980,0.0000020562,0.3333333333,0.0000006854
2414,0.0000006517,0.3333333333,0.0000002172
5945,0.0000005651,0.3333333333,0.0000001884
5959,0.0000003290,0.3333333333,0.0000001097
5357,0.0000010596,0.3333333333,0.0000003532
2167,0.0000017485,0.3333333333,0.0000005828
753,0.0000013910,0.3333333333,0.0000004637
7320,0.0000017368,0.2222222222,0.0000003860
4986,0.0000008213,0.3333333333,0.0000002738
3922,0.0000011916,0.3333333333,0.0000003972
1651,0.0000004975,0.3333333333,0.0000001658
6550,0.0000010318,0.3333333333,0.0000003439
5309,0.0000023752,0.3333333333,0.0000007917
5932,0.0000013060,0.3333333333,0.0000004353
4324,0.0000009334,0.2222222222,0.0000002074
4053,0.0000017668,0.3333333333,0.0000005889
6715,0.0000006876,0.3333333333,0.0000002292
3709,0.0000006968,0.3333333333,0.0000002323
2033,0.0000008638,0.3333333333,0.0000002879
5941,0.0000012785,0.3333333333,0.0000004262
3275,0.0000010998,0.3333333333,0.0000003666
5007,0.0000034938,0.3333333333,0.0000011646
4668,0.0000020255,0.3333333333,0.0000006752
6056,0.0000010809,0.3333333333,0.0000003603
2359,0.0000001825,0.5555555556,0.0000001014
7751,0.0000041462,0.3333333333,0.0000013821
3029,0.0000014621,0.3333333333,0.0000004874
2895,0.0000019392,0.3333333333,0.0000006464
5168,0.0000007704,0.5555555556,0.0000004280
836,0.0000005809,0.3333333333,0.0000001936
4173,0.0000005541,0.5555555556,0.0000003078
7931,0.0000004552,0.3333333333,0.0000001517
3423,0.0000004360,0.3333333333,0.0000001453
4805,0.0000016802,0.3333333333,0.0000005601
3928,0.0000009048,0.3333333333,0.0000003016
1743,0.0000010574,0.3333333333,0.0000003525
6619,0.0000005664,0.3333333333,0.0000001888
4989,0.0000004215,0.3333333333,0.0000001405
7520,0.0000009493,0.3333333333,0.0000003164
6195,0.0000002342,0.3333333333,0.0000000781
9533,0.0000012385,0.3333333333,0.0000004128
3664,0.0000005354,0.3333333333,0.0000001785
8122,0.0000011394,0.3333333333,0.0000003798
5534,0.0000010251,0.3333333333,0.0000003417
7904,0.0000012662,0.3333333333,0.0000004221
4699,0.0000023207,0.3333333333,0.0000007736
4678,0.0000003661,0.3333333333,0.0000001220
7034,0.0000044094,0.3333333333,0.0000014698
7541,0.0000003067,0.3333333333,0.0000001022
1287,0.0000004650,0.3333333333,0.0000001550
7755,0.0000007941,0.3333333333,0.0000002647
7241,0.0000023794,0.3333333333,0.0000007931
1930,0.0000004767,0.3333333333,0.0000001589
5429,0.0000002642,0.5555555556,0.0000001468
2803,0.0000003517,0.3333333333,0.0000001172
7415,0.0000020035,0.3333333333,0.0000006678
2424,0.0000006901,0.3333333333,0.0000002300
5474,0.0000009893,0.3333333333,0.0000003298
6779,0.0000003975,0.3333333333,0.0000001325
5432,0.0000014500,0.3333333333,0.0000004833
3190,0.0000004150,0.3333333333,0.0000001383
6818,0.0000004409,0.3333333333,0.0000001470
3516,0.0000006517,0.3333333333,0.0000002172
9035,0.0000016437,0.3333333333,0.0000005479
6842,0.0000015781,0.3333333333,0.0000005260
1872,0.0000004973,0.3333333333,0.0000001658
2534,0.0000006223,0.3333333333,0.0000002074
4978,0.0000007667,0.3333333333,0.0000002556
4392,0.0000008233,0.3333333333,0.0000002744
6494,0.0000022570,0.3333333333,0.0000007523
5755,0.0000012555,0.3333333333,0.0000004185
4279,0.0000024311,0.3333333333,0.0000008104
4826,0.0000006225,0.3333333333,0.0000002075
4367,0.0000021923,0.3333333333,0.0000007308
8787,0.0000015818,0.3333333333,0.0000005273
6114,0.0000019169,0.3333333333,0.0000006390
7864,0.0000023786,0.3333333333,0.0000007929
3332,0.0000006588,0.3333333333,0.0000002196
4831,0.0000022931,0.3333333333,0.0000007644
7113,0.0000007108,0.3333333333,0.0000002369
8007,0.0000012454,0.3333333333,0.0000004151
2880,0.0000001587,0.5555555556,0.0000000882
5145,0.0000022312,0.3333333333,0.0000007437
4218,0.0000013121,0.3333333333,0.0000004374
7795,0.0000017443,0.3333333333,0.0000005814
1891,0.0000005392,0.3333333333,0.0000001797
3940,0.0000012513,0.3333333333,0.0000004171
6290,0.0000035496,0.3333333333,0.0000011832
4180,0.0000011693,0.3333333333,0.0000003898
6706,0.0000012923,0.3333333333,0.0000004308
7776,0.0000009976,0.3333333333,0.0000003325
7131,0.0000007567,0.3333333333,0.0000002522
5098,0.0000008521,0.3333333333,0.0000002840
8534,0.0000008177,0.3333333333,0.0000002726
3790,0.0000015677,0.3333333333,0.0000005226
7205,0.0000008588,0.3333333333,0.0000002863
5638,0.0000029131,0.3333333333,0.0000009710
8531,0.0000008031,0.3333333333,0.0000002677
2924,0.0000012371,0.3333333333,0.0000004124
3969,0.0000005642,0.2222222222,0.0000001254
7285,0.0000016510,0.3333333333,0.0000005503
4212,0.0000004300,0.3333333333,0.0000001433
6214,0.0000013673,0.3333333333,0.0000004558
2300,0.0000011134,0.3333333333,0.0000003711
781,0.0000007262,0.3333333333,0.0000002421
2301,0.0000005450,0.3333333333,0.0000001817
3730,0.0000017073,0.3333333333,0.0000005691
7373,0.0000012504,0.3333333333,0.0000004168
6001,0.0000010268,0.3333333333,0.0000003423
6978,0.0000018927,0.3333333333,0.0000006309
4005,0.0000005501,0.3333333333,0.0000001834
6341,0.0000010803,0.3333333333,0.0000003601
1906,0.0000008924,0.3333333333,0.0000002975
6170,0.0000012040,0.3333333333,0.0000004013
6220,0.0000018035,0.3333333333,0.0000006012
6922,0.0000016085,0.3333333333,0.0000005362
4929,0.0000039517,0.3333333333,0.0000013172
3168,0.0000000867,0.3333333333,0.0000000289
4873,0.0000013656,0.3333333333,0.0000004552
9239,0.0000011936,0.3333333333,0.0000003979
1475,0.0000009616,0.5555555556,0.0000005342
9227,0.0000027536,0.3333333333,0.0000009179
1630,0.0000012580,0.3333333333,0.0000004193
3434,0.0000006132,0.3333333333,0.0000002044
4348,0.0000026426,0.3333333333,0.0000008809
4729,0.0000003568,0.3333333333,0.0000001189
1752,0.0000006416,0.3333333333,0.0000002139
6647,0.0000030086,0.3333333333,0.0000010029
3889,0.0000020048,0.3333333333,0.0000006683
8163,0.0000006026,0.3333333333,0.0000002009
5667,0.0000009468,0.3333333333,0.0000003156
3521,0.0000015798,0.3333333333,0.0000005266
4041,0.0000014451,0.3333333333,0.0000004817
3001,0.0000018243,0.3333333333,0.0000006081
6894,0.0000015883,0.3333333333,0.0000005294
2786,0.0000019954,0.3333333333,0.0000006651
6122,0.0000006254,0.2222222222,0.0000001390
276,0.0000007458,0.3333333333,0.0000002486
3079,0.0000008947,0.3333333333,0.0000002982
4830,0.0000005607,0.3333333333,0.0000001869
3859,0.0000013883,0.3333333333,0.0000004628
4011,0.0000020715,0.3333333333,0.0000006905
7027,0.0000020060,0.3333333333,0.0000006687
5442,0.0000005774,0.5555555556,0.0000003208
2329,0.0000006089,0.3333333333,0.0000002030
5876,0.0000012551,0.3333333333,0.0000004184
3644,0.0000002017,0.3333333333,0.0000000672
4406,0.0000012360,0.3333333333,0.0000004120
6223,0.0000002267,0.3333333333,0.0000000756
4091,0.0000002400,0.5555555556,0.0000001333
8951,0.0000011885,0.3333333333,0.0000003962
6119,0.0000007977,0.3333333333,0.0000002659
6183,0.0000005440,0.3333333333,0.0000001813
1288,0.0000029106,0.3333333333,0.0000009702
4580,0.0000003794,0.3333333333,0.0000001265
7788,0.0000008067,0.3333333333,0.0000002689
6544,0.0000006134,0.3333333333,0.0000002045
6307,0.0000010463,0.3333333333,0.0000003488
5779,0.0000019554,0.3333333333,0.0000006518
7927,0.0000011868,0.3333333333,0.0000003956
8098,0.0000005484,0.3333333333,0.0000001828
5524,0.0000007147,0.3333333333,0.0000002382
3985,0.0000006417,0.3333333333,0.0000002139
6719,0.0000022541,0.3333333333,0.0000007514
5194,0.0000010434,0.3333333333,0.0000003478
5144,0.0000026586,0.3333333333,0.0000008862
3011,0.0000005667,0.3333333333,0.0000001889
3030,0.0000022102,0.3333333333,0.0000007367
6936,0.0000011351,0.3333333333,0.0000003784
9371,0.0000030170,0.3333333333,0.0000010057
310,0.0000002884,0.3333333333,0.0000000961
8778,0.0000011921,0.3333333333,0.0000003974
1714,0.0000003807,0.3333333333,0.0000001269
4175,0.0000007427,0.3333333333,0.0000002476
6995,0.0000010885,0.3333333333,0.0000003628
5215,0.0000004387,0.3333333333,0.0000001462
6390,0.0000019217,0.3333333333,0.0000006406
9113,0.0000020084,0.3333333333,0.0000006695
4416,0.0000007934,0.3333333333,0.0000002645
5123,0.0000017657,0.3333333333,0.0000005886
4732,0.0000016287,0.3333333333,0.0000005429
3893,0.0000005967,0.3333333333,0.0000001989
9090,0.0000017791,0.3333333333,0.0000005930
8574,0.0000024897,0.3333333333,0.0000008299
5895,0.0000036440,0.3333333333,0.0000012147
5027,0.0000015060,0.3333333333,0.0000005020
4825,0.0000002375,0.3333333333,0.0000000792
5776,0.0000002517,0.3333333333,0.0000000839
4077,0.0000021716,0.3333333333,0.0000007239
6187,0.0000009440,0.3333333333,0.0000003147
7581,0.0000003837,0.3333333333,0.0000001279
2942,0.0000007109,0.3333333333,0.0000002370
2299,0.0000004652,0.3333333333,0.0000001551
4974,0.0000006521,0.3333333333,0.0000002174
6659,0.0000011555,0.3333333333,0.0000003852
4112,0.0000001017,0.3333333333,0.0000000339
2839,0.0000022927,0.3333333333,0.0000007642
2224,0.0000011323,0.3333333333,0.0000003774
3407,0.0000005687,0.3333333333,0.0000001896
5087,0.0000012085,0.3333333333,0.0000004028
5036,0.0000020378,0.3333333333,0.0000006793
3732,0.0000021861,0.3333333333,0.0000007287
3186,0.0000016966,0.3333333333,0.0000005655
3099,0.0000005034,0.3333333333,0.0000001678
6844,0.0000011149,0.3333333333,0.0000003716
1808,0.0000008484,0.3333333333,0.0000002828
4085,0.0000007576,0.3333333333,0.0000002525
4997,0.0000008317,0.3333333333,0.0000002772
1786,0.0000004595,0.3333333333,0.0000001532
2419,0.0000008746,0.5555555556,0.0000004859
2409,0.0000007262,0.3333333333,0.0000002421
4778,0.0000002286,0.3333333333,0.0000000762
4292,0.0000004105,0.3333333333,0.0000001368
4543,0.0000016798,0.3333333333,0.0000005599
3533,0.0000008578,0.3333333333,0.0000002859
7218,0.0000034515,0.3333333333,0.0000011505
8743,0.0000003234,0.3333333333,0.0000001078
4068,0.0000020005,0.3333333333,0.0000006668
5174,0.0000008011,0.3333333333,0.0000002670
5113,0.0000027488,0.2222222222,0.0000006108
7862,0.0000008996,0.3333333333,0.0000002999
7436,0.0000011718,0.3333333333,0.0000003906
7831,0.0000014578,0.5555555556,0.0000008099
5863,0.0000006934,0.3333333333,0.0000002311
6627,0.0000008201,0.3333333333,0.0000002734
769,0.0000007779,0.3333333333,0.0000002593
6963,0.0000024446,0.3333333333,0.0000008149
8221,0.0000020784,0.3333333333,0.0000006928
6974,0.0000007434,0.3333333333,0.0000002478
3349,0.0000012500,0.3333333333,0.0000004167
6379,0.0000011130,0.3333333333,0.0000003710
3915,0.0000027503,0.3333333333,0.0000009168
1377,0.0000015654,0.3333333333,0.0000005218
6354,0.0000015590,0.3333333333,0.0000005197
3639,0.0000021563,0.3333333333,0.0000007188
2155,0.0000030136,0.3333333333,0.0000010045
5284,0.0000012996,0.3333333333,0.0000004332
6874,0.0000007459,0.3333333333,0.0000002486
9077,0.0000017902,0.3333333333,0.0000005967
4962,0.0000015194,0.3333333333,0.0000005065
5183,0.0000019372,0.3333333333,0.0000006457
7149,0.0000016108,0.3333333333,0.0000005369
8175,0.0000004996,0.3333333333,0.0000001665
6071,0.0000006797,0.3333333333,0.0000002266
4965,0.0000017002,0.3333333333,0.0000005667
3149,0.0000002961,0.2222222222,0.0000000658
5702,0.0000004524,0.3333333333,0.0000001508
4652,0.0000010349,0.3333333333,0.0000003450
3488,0.0000011065,0.3333333333,0.0000003688
397,0.0000004098,0.5555555556,0.0000002276
7323,0.0000005821,0.3333333333,0.0000001940
1491,0.0000007841,0.3333333333,0.0000002614
9057,0.0000021692,0.3333333333,0.0000007231
2238,0.0000004509,0.3333333333,0.0000001503
2050,0.0000006368,0.3333333333,0.0000002123
996,0.0000013875,0.3333333333,0.0000004625
2487,0.0000007034,0.3333333333,0.0000002345
855,0.0000009119,0.3333333333,0.0000003040
6597,0.0000022422,0.3333333333,0.0000007474
6877,0.0000013821,0.3333333333,0.0000004607
2453,0.0000008626,0.3333333333,0.0000002875
7465,0.0000006316,0.3333333333,0.0000002105
2853,0.0000017793,0.3333333333,0.0000005931
2814,0.0000023857,0.3333333333,0.0000007952
421,0.0000003442,0.3333333333,0.0000001147
6880,0.0000005797,0.3333333333,0.0000001932
5502,0.0000005186,0.3333333333,0.0000001729
3028,0.0000021149,0.3333333333,0.0000007050
6352,0.0000019577,0.3333333333,0.0000006526
2505,0.0000023604,0.3333333333,0.0000007868
6746,0.0000038976,0.3333333333,0.0000012992
6128,0.0000038115,0.3333333333,0.0000012705
4921,0.0000043834,0.3333333333,0.0000014611
4786,0.0000014048,0.3333333333,0.0000004683
6930,0.0000001293,0.3333333333,0.0000000431
4332,0.0000009453,0.3333333333,0.0000003151
3660,0.0000012761,0.3333333333,0.0000004254
4141,0.0000006321,0.3333333333,0.0000002107
3044,0.0000003709,0.3333333333,0.0000001236
6041,0.0000020247,0.3333333333,0.0000006749
6082,0.0000021098,0.3333333333,0.0000007033
2906,0.0000004019,0.3333333333,0.0000001340
3614,0.0000009969,0.3333333333,0.0000003323
5857,0.0000005709,0.3333333333,0.0000001903
6132,0.0000003464,0.3333333333,0.0000001155
6337,0.0000012323,0.3333333333,0.0000004108
5163,0.0000019602,0.3333333333,0.0000006534
7689,0.0000009301,0.3333333333,0.0000003100
6695,0.0000015033,0.3333333333,0.0000005011
1347,0.0000024406,0.3333333333,0.0000008135
2723,0.0000013641,0.3333333333,0.0000004547
1444,0.0000007966,0.3333333333,0.0000002655
2615,0.0000005230,0.3333333333,0.0000001743
1099,0.0000007533,0.3333333333,0.0000002511
7384,0.0000008886,0.3333333333,0.0000002962
4803,0.0000007900,0.3333333333,0.0000002633
6843,0.0000003948,0.3333333333,0.0000001316
4019,0.0000014018,0.3333333333,0.0000004673
6737,0.0000009556,0.3333333333,0.0000003185
5483,0.0000008153,0.3333333333,0.0000002718
8576,0.0000029825,0.3333333333,0.0000009942
8529,0.0000063394,0.3333333333,0.0000021131
3569,0.0000004987,0.3333333333,0.0000001662
7243,0.0000014218,0.3333333333,0.0000004739
7234,0.0000015517,0.3333333333,0.0000005172
7126,0.0000013360,0.3333333333,0.0000004453
7512,0.0000011818,0.3333333333,0.0000003939
6481,0.0000033546,0.3333333333,0.0000011182
5425,0.0000021177,0.3333333333,0.0000007059
5238,0.0000013348,0.3333333333,0.0000004449
1383,0.0000007256,0.3333333333,0.0000002419
4097,0.0000012201,0.3333333333,0.0000004067
3119,0.0000017358,0.3333333333,0.0000005786
475,0.0000001600,0.3333333333,0.0000000533
1399,0.0000005034,0.3333333333,0.0000001678
5704,0.0000004725,0.3333333333,0.0000001575
7259,0.0000007341,0.3333333333,0.0000002447
5509,0.0000018884,0.3333333333,0.0000006295
2935,0.0000021733,0.3333333333,0.0000007244
4414,0.0000012476,0.3333333333,0.0000004159
5582,0.0000029753,0.3333333333,0.0000009918
6736,0.0000003000,0.5555555556,0.0000001667
5504,0.0000031613,0.3333333333,0.0000010538
4871,0.0000032920,0.3333333333,0.0000010973
4010,0.0000007551,0.3333333333,0.0000002517
3413,0.0000008092,0.3333333333,0.0000002697
790,0.0000014138,0.3333333333,0.0000004713
5663,0.0000004070,0.3333333333,0.0000001357
7605,0.0000015717,0.3333333333,0.0000005239
3666,0.0000004750,0.3333333333,0.0000001583
6777,0.0000020458,0.3333333333,0.0000006819
4893,0.0000005592,0.3333333333,0.0000001864
5596,0.0000017952,0.3333333333,0.0000005984
8362,0.0000012127,0.3333333333,0.0000004042
5493,0.0000009901,0.3333333333,0.0000003300
7025,0.0000018411,0.3333333333,0.0000006137
7324,0.0000006001,0.3333333333,0.0000002000
3427,0.0000006167,0.3333333333,0.0000002056
2266,0.0000020280,0.3333333333,0.0000006760
6365,0.0000005097,0.3333333333,0.0000001699
6982,0.0000037349,0.3333333333,0.0000012450
5570,0.0000016102,0.3333333333,0.0000005367
6541,0.0000016547,0.3333333333,0.0000005516
7399,0.0000003260,0.3333333333,0.0000001087
9038,0.0000010768,0.3333333333,0.0000003589
8613,0.0000002750,0.3333333333,0.0000000917
1329,0.0000011568,0.3333333333,0.0000003856
6126,0.0000042259,0.3333333333,0.0000014086
2280,0.0000004645,0.3333333333,0.0000001548
3799,0.0000005640,0.3333333333,0.0000001880
2430,0.0000029721,0.3333333333,0.0000009907
3234,0.0000007247,0.3333333333,0.0000002416
7534,0.0000019930,0.3333333333,0.0000006643
7276,0.0000015622,0.3333333333,0.0000005207
6654,0.0000019652,0.3333333333,0.0000006551
3540,0.0000053479,0.3333333333,0.0000017826
1035,0.0000004217,0.3333333333,0.0000001406
5726,0.0000015077,0.3333333333,0.0000005026
8965,0.0000013606,0.3333333333,0.0000004535
9421,0.0000005136,0.3333333333,0.0000001712
5218,0.0000009823,0.3333333333,0.0000003274
5943,0.0000028480,0.3333333333,0.0000009493
5394,0.0000002995,0.3333333333,0.0000000998
528,0.0000016054,0.5555555556,0.0000008919
6741,0.0000005101,0.3333333333,0.0000001700
5231,0.0000005209,0.3333333333,0.0000001736
6496,0.0000024136,0.3333333333,0.0000008045
6878,0.0000031561,0.3333333333,0.0000010520
4052,0.0000007026,0.3333333333,0.0000002342
1129,0.0000003963,0.3333333333,0.0000001321
5675,0.0000018298,0.3333333333,0.0000006099
2009,0.0000009568,0.3333333333,0.0000003189
4126,0.0000005059,0.3333333333,0.0000001686
6339,0.0000015775,0.3333333333,0.0000005258
4777,0.0000003537,0.3333333333,0.0000001179
2685,0.0000004356,0.3333333333,0.0000001452
4426,0.0000004498,0.3333333333,0.0000001499
5274,0.0000002815,0.3333333333,0.0000000938
4479,0.0000007917,0.3333333333,0.0000002639
7983,0.0000009884,0.3333333333,0.0000003295
4307,0.0000005314,0.3333333333,0.0000001771
2884,0.0000036319,0.3333333333,0.0000012106
8740,0.0000005392,0.3333333333,0.0000001797
3542,0.0000036844,0.3333333333,0.0000012281
8758,0.0000004504,0.3333333333,0.0000001501
1453,0.0000003201,0.3333333333,0.0000001067
2789,0.0000010475,0.3333333333,0.0000003492
3845,0.0000020741,0.3333333333,0.0000006914
5724,0.0000009451,0.3333333333,0.0000003150
1546,0.0000010849,0.3333333333,0.0000003616
5479,0.0000024712,0.3333333333,0.0000008237
8651,0.0000020225,0.3333333333,0.0000006742
5722,0.0000011943,0.3333333333,0.0000003981
5277,0.0000026512,0.3333333333,0.0000008837
6129,0.0000020617,0.3333333333,0.0000006872
2079,0.0000019344,0.3333333333,0.0000006448
4200,0.0000006901,0.3333333333,0.0000002300
5657,0.0000010134,0.3333333333,0.0000003378
6604,0.0000007384,0.3333333333,0.0000002461
3334,0.0000005567,0.3333333333,0.0000001856
5234,0.0000011501,0.5555555556,0.0000006390
2107,0.0000020830,0.3333333333,0.0000006943
5108,0.0000013701,0.3333333333,0.0000004567
5207,0.0000013335,0.3333333333,0.0000004445
7593,0.0000019969,0.3333333333,0.0000006656
2157,0.0000007047,0.3333333333,0.0000002349
3718,0.0000008752,0.3333333333,0.0000002917
1864,0.0000009980,0.3333333333,0.0000003327
1429,0.0000008012,0.3333333333,0.0000002671
7187,0.0000016472,0.3333333333,0.0000005491
2783,0.0000025106,0.3333333333,0.0000008369
3806,0.0000008828,0.5555555556,0.0000004904
4775,0.0000016225,0.5555555556,0.0000009014
2887,0.0000015375,0.3333333333,0.0000005125
7370,0.0000012143,0.3333333333,0.0000004048
3763,0.0000016241,0.5555555556,0.0000009023
6530,0.0000016899,0.3333333333,0.0000005633
5547,0.0000018939,0.3333333333,0.0000006313
8544,0.0000005082,0.3333333333,0.0000001694
8383,0.0000011018,0.3333333333,0.0000003673
6556,0.0000012085,0.3333333333,0.0000004028
6184,0.0000004628,0.3333333333,0.0000001543
7007,0.0000008805,0.3333333333,0.0000002935
7507,0.0000005251,0.3333333333,0.0000001750
603,0.0000004668,0.3333333333,0.0000001556
724,0.0000019364,0.3333333333,0.0000006455
5811,0.0000032912,0.3333333333,0.0000010971
1015,0.0000011221,0.3333333333,0.0000003740
3988,0.0000022346,0.3333333333,0.0000007449
8426,0.0000012776,0.3333333333,0.0000004259
3339,0.0000023953,0.3333333333,0.0000007984
1173,0.0000011883,0.3333333333,0.0000003961
2076,0.0000036657,0.3333333333,0.0000012219
7163,0.0000011963,0.3333333333,0.0000003988
3923,0.0000052066,0.3333333333,0.0000017355
1748,0.0000103263,0.3333333333,0.0000034421
6835,0.0000011209,0.3333333333,0.0000003736
2020,0.0000026594,0.3333333333,0.0000008865
1997,0.0000092830,0.3333333333,0.0000030943
7084,0.0000007171,0.3333333333,0.0000002390
3710,0.0000019776,0.3333333333,0.0000006592
1145,0.0000041941,0.3333333333,0.0000013980
6232,0.0000012710,0.3333333333,0.0000004237
1252,0.0000095473,0.3333333333,0.0000031824
1876,0.0000032707,0.2222222222,0.0000007268
2335,0.0000021198,0.3333333333,0.0000007066
1177,0.0000094246,0.3333333333,0.0000031415
6264,0.0000011281,0.3333333333,0.0000003760
2221,0.0000059050,0.3333333333,0.0000019683
1837,0.0000126645,0.7777777778,0.0000098502
6924,0.0000008951,0.3333333333,0.0000002984
4007,0.0000042218,0.3333333333,0.0000014073
1851,0.0000024999,0.3333333333,0.0000008333
1665,0.0000060822,0.3333333333,0.0000020274
4016,0.0000027855,0.2222222222,0.0000006190
2350,0.0000076035,0.3333333333,0.0000025345
981,0.0000047506,0.3333333333,0.0000015835
4018,0.0000033381,0.3333333333,0.0000011127
9105,0.0000013451,0.3333333333,0.0000004484
1858,0.0000011737,0.3333333333,0.0000003912
6945,0.0000012801,0.3333333333,0.0000004267
2090,0.0000034471,0.3333333333,0.0000011490
4711,0.0000051795,0.5555555556,0.0000028775
6198,0.0000013688,0.5555555556,0.0000007605
1111,0.0000049875,0.3333333333,0.0000016625
3360,0.0000090597,0.3333333333,0.0000030199
8447,0.0000011074,0.3333333333,0.0000003691
2348,0.0000088367,0.3333333333,0.0000029456
6255,0.0000024482,0.3333333333,0.0000008161
1168,0.0000009187,0.3333333333,0.0000003062
4040,0.0000040430,0.3333333333,0.0000013477
4241,0.0000088554,0.3333333333,0.0000029518
224,0.0000068418,0.3333333333,0.0000022806
5311,0.0000033896,0.3333333333,0.0000011299
2778,0.0000017276,0.3333333333,0.0000005759
3537,0.0000061375,0.3333333333,0.0000020458
3839,0.0000009672,0.3333333333,0.0000003224
279,0.0000052399,0.2222222222,0.0000011644
1804,0.0000024064,0.3333333333,0.0000008021
2264,0.0000041222,0.3333333333,0.0000013741
7351,0.0000016802,0.3333333333,0.0000005601
1958,0.0000079596,0.3333333333,0.0000026532
1414,0.0000091906,0.3333333333,0.0000030635
6501,0.0000010961,0.3333333333,0.0000003654
525,0.0000030307,0.3333333333,0.0000010102
5612,0.0000032490,0.3333333333,0.0000010830
7472,0.0000030281,0.3333333333,0.0000010094
2385,0.0000039312,0.3333333333,0.0000013104
8334,0.0000010229,0.3333333333,0.0000003410
3247,0.0000026690,0.3333333333,0.0000008897
872,0.0000031136,0.3333333333,0.0000010379
4380,0.0000029388,0.3333333333,0.0000009796
4154,0.0000009226,0.3333333333,0.0000003075
2227,0.0000028263,0.3333333333,0.0000009421
7314,0.0000009365,0.3333333333,0.0000003122
1282,0.0000035463,0.3333333333,0.0000011821
6369,0.0000020745,0.3333333333,0.0000006915
4050,0.0000004004,0.3333333333,0.0000001335
6681,0.0000058094,0.3333333333,0.0000019365
1594,0.0000009446,0.5555555556,0.0000005248
2235,0.0000022482,0.3333333333,0.0000007494
4970,0.0000139250,0.3333333333,0.0000046417
1626,0.0000052598,0.3333333333,0.0000017533
3902,0.0000290385,0.3333333333,0.0000096795
8989,0.0000005755,0.3333333333,0.0000001918
1685,0.0000141720,0.3333333333,0.0000047240
510,0.0000093972,0.2222222222,0.0000020883
5597,0.0000013026,0.3333333333,0.0000004342
4486,0.0000019644,0.2222222222,0.0000004365
1902,0.0000101726,0.3333333333,0.0000033909
4500,0.0000012626,0.3333333333,0.0000004209
1157,0.0000023702,0.3333333333,0.0000007901
4106,0.0000007692,0.3333333333,0.0000002564
1000,0.0000046986,0.3333333333,0.0000015662
4151,0.0000090622,0.3333333333,0.0000030207
5356,0.0000012219,0.3333333333,0.0000004073
269,0.0001136476,0.3333333333,0.0000378825
2062,0.0000013413,0.3333333333,0.0000004471
909,0.0000033614,0.2222222222,0.0000007470
809,0.0000050262,0.5555555556,0.0000027923
5896,0.0000019378,0.3333333333,0.0000006459
2159,0.0000091958,0.3333333333,0.0000030653
1560,0.0000039361,0.3333333333,0.0000013120
3555,0.0000074759,0.3333333333,0.0000024920
4008,0.0000041414,0.3333333333,0.0000013805
1539,0.0000037802,0.2222222222,0.0000008400
461,0.0000026387,0.3333333333,0.0000008796
5548,0.0000023344,0.3333333333,0.0000007781
6520,0.0000002362,0.3333333333,0.0000000787
1433,0.0000169458,0.3333333333,0.0000056486
4163,0.0000013663,0.3333333333,0.0000004554
93,0.0000062369,0.3333333333,0.0000020790
5180,0.0000025625,0.3333333333,0.0000008542
1684,0.0000055470,0.3333333333,0.0000018490
4177,0.0000060004,0.3333333333,0.0000020001
8692,0.0000013247,0.3333333333,0.0000004416
3605,0.0000019000,0.5555555556,0.0000010556
1737,0.0000155833,0.3333333333,0.0000051944
1117,0.0000067641,0.3333333333,0.0000022547
6204,0.0000021348,0.3333333333,0.0000007116
1652,0.0000143904,0.3333333333,0.0000047968
1033,0.0000112038,0.3333333333,0.0000037346
1434,0.0000037594,0.3333333333,0.0000012531
2270,0.0000056426,0.3333333333,0.0000018809
7357,0.0000038801,0.3333333333,0.0000012934
2144,0.0000066296,0.3333333333,0.0000022099
4501,0.0000026048,0.3333333333,0.0000008683
6380,0.0000018378,0.3333333333,0.0000006126
1293,0.0000213411,0.3333333333,0.0000071137
5718,0.0000068676,0.3333333333,0.0000022892
631,0.0000008924,0.5555555556,0.0000004958
3304,0.0000013135,0.3333333333,0.0000004378
8391,0.0000011943,0.3333333333,0.0000003981
947,0.0000247592,0.3333333333,0.0000082531
6034,0.0000019390,0.3333333333,0.0000006463
534,0.0000044343,0.3333333333,0.0000014781
2071,0.0000051676,0.3333333333,0.0000017225
2253,0.0000199721,0.3333333333,0.0000066574
1114,0.0000028840,0.2222222222,0.0000006409
6201,0.0000025784,0.3333333333,0.0000008595
1928,0.0000348295,0.5555555556,0.0000193497
7841,0.0000019866,0.3333333333,0.0000006622
2754,0.0000048145,0.3333333333,0.0000016048
770,0.0000066922,0.3333333333,0.0000022307
1483,0.0000381251,0.3333333333,0.0000127084
6570,0.0000020965,0.3333333333,0.0000006988
1717,0.0000048478,0.3333333333,0.0000016159
6804,0.0000009818,0.3333333333,0.0000003273
1067,0.0000038952,0.3333333333,0.0000012984
6154,0.0000025999,0.3333333333,0.0000008666
1877,0.0000009165,0.3333333333,0.0000003055
2032,0.0000076004,0.3333333333,0.0000025335
775,0.0000024257,0.3333333333,0.0000008086
3156,0.0000091755,0.3333333333,0.0000030585
7870,0.0000009479,0.3333333333,0.0000003160
799,0.0000122177,0.3333333333,0.0000040726
4209,0.0000015999,0.3333333333,0.0000005333
4666,0.0000010251,0.3333333333,0.0000003417
4211,0.0000083734,0.3333333333,0.0000027911
4555,0.0000106986,0.3333333333,0.0000035662
1418,0.0000086903,0.3333333333,0.0000028968
1364,0.0000027542,0.3333333333,0.0000009181
1245,0.0000103259,0.3333333333,0.0000034420
4229,0.0000019408,0.3333333333,0.0000006469
9316,0.0000012184,0.3333333333,0.0000004061
3462,0.0000031268,0.5555555556,0.0000017371
1105,0.0000054231,0.3333333333,0.0000018077
432,0.0000063578,0.5555555556,0.0000035321
5519,0.0000017579,0.3333333333,0.0000005860
1424,0.0000051457,0.3333333333,0.0000017152
365,0.0000083949,0.3333333333,0.0000027983
412,0.0000077833,0.3333333333,0.0000025944
5499,0.0000020350,0.3333333333,0.0000006783
2859,0.0000108511,0.3333333333,0.0000036170
502,0.0000049503,0.3333333333,0.0000016501
5589,0.0000010005,0.3333333333,0.0000003335
1619,0.0000145245,0.3333333333,0.0000048415
1469,0.0000182215,0.3333333333,0.0000060738
1082,0.0000118586,0.5555555556,0.0000065881
4231,0.0000024266,0.3333333333,0.0000008089
6158,0.0000005346,0.3333333333,0.0000001782
1071,0.0000006246,0.3333333333,0.0000002082
2180,0.0000105125,0.3333333333,0.0000035042
7267,0.0000018303,0.3333333333,0.0000006101
1552,0.0000023582,0.5555555556,0.0000013101
6639,0.0000009821,0.3333333333,0.0000003274
1982,0.0000119361,0.3333333333,0.0000039787
7069,0.0000027312,0.3333333333,0.0000009104
1533,0.0000105675,0.3333333333,0.0000035225
1927,0.0000179771,0.3333333333,0.0000059924
1886,0.0000190175,0.3333333333,0.0000063392
4243,0.0000003425,0.3333333333,0.0000001142
6458,0.0000056150,0.2222222222,0.0000012478
1371,0.0000073841,0.3333333333,0.0000024614
1189,0.0000009099,0.3333333333,0.0000003033
6276,0.0000030646,0.3333333333,0.0000010215
986,0.0000013764,0.3333333333,0.0000004588
662,0.0000050926,0.3333333333,0.0000016975
3019,0.0000035740,0.3333333333,0.0000011913
4471,0.0000010069,0.3333333333,0.0000003356
4265,0.0000014167,0.3333333333,0.0000004722
9352,0.0000009088,0.3333333333,0.0000003029
469,0.0000006440,0.3333333333,0.0000002147
1503,0.0000033993,0.3333333333,0.0000011331
1765,0.0000094842,0.3333333333,0.0000031614
4124,0.0000125238,0.3333333333,0.0000041746
6171,0.0000027629,0.3333333333,0.0000009210
1084,0.0000104001,0.3333333333,0.0000034667
1100,0.0000033512,0.3333333333,0.0000011171
962,0.0000167090,0.3333333333,0.0000055697
3319,0.0000047045,0.3333333333,0.0000015682
1359,0.0000094474,0.3333333333,0.0000031491
4223,0.0000029569,0.3333333333,0.0000009856
1135,0.0000036304,0.2222222222,0.0000008068
1273,0.0000044938,0.3333333333,0.0000014979
4373,0.0000075694,0.3333333333,0.0000025231
1230,0.0000046301,0.3333333333,0.0000015434
1998,0.0000088267,0.3333333333,0.0000029422
1133,0.0000082934,0.3333333333,0.0000027645
1893,0.0000060729,0.3333333333,0.0000020243
6980,0.0000039342,0.3333333333,0.0000013114
1513,0.0000128860,0.3333333333,0.0000042953
6176,0.0000033861,0.3333333333,0.0000011287
1089,0.0000007180,0.3333333333,0.0000002393
6823,0.0000049912,0.3333333333,0.0000016637
1736,0.0000005591,0.3333333333,0.0000001864
3888,0.0000114039,0.3333333333,0.0000038013
1307,0.0000146416,0.3333333333,0.0000048805
6394,0.0000045717,0.3333333333,0.0000015239
1750,0.0000088367,0.3333333333,0.0000029456
2054,0.0000038573,0.3333333333,0.0000012858
6768,0.0000009953,0.3333333333,0.0000003318
1681,0.0000039379,0.3333333333,0.0000013126
4649,0.0000030180,0.3333333333,0.0000010060
1642,0.0000119967,0.3333333333,0.0000039989
6356,0.0000067234,0.3333333333,0.0000022411
1269,0.0000084052,0.3333333333,0.0000028017
3155,0.0000076755,0.3333333333,0.0000025585
2214,0.0000054923,0.3333333333,0.0000018308
2331,0.0000283115,0.3333333333,0.0000094372
1973,0.0000417263,0.3333333333,0.0000139088
4417,0.0000063195,0.3333333333,0.0000021065
6507,0.0000002689,0.5555555556,0.0000001494
1420,0.0000052014,0.3333333333,0.0000017338
7047,0.0000014407,0.3333333333,0.0000004802
1960,0.0000187786,0.3333333333,0.0000062595
1356,0.0000015016,0.5555555556,0.0000008342
6443,0.0000012043,0.3333333333,0.0000004014
2633,0.0000014891,0.3333333333,0.0000004964
990,0.0000057112,0.3333333333,0.0000019037
6077,0.0000014336,0.3333333333,0.0000004779
4425,0.0000073556,0.3333333333,0.0000024519
793,0.0000012857,0.3333333333,0.0000004286
6292,0.0000004142,0.3333333333,0.0000001381
1205,0.0000031043,0.3333333333,0.0000010348
6558,0.0000018605,0.3333333333,0.0000006202
1471,0.0000064108,0.3333333333,0.0000021369
2137,0.0000023687,0.3333333333,0.0000007896
4534,0.0000006161,0.5555555556,0.0000003423
6305,0.0000021939,0.3333333333,0.0000007313
1218,0.0000038426,0.5555555556,0.0000021348
1518,0.0000097912,0.3333333333,0.0000032637
6605,0.0000054972,0.3333333333,0.0000018324
2059,0.0000031212,0.3333333333,0.0000010404
7146,0.0000049663,0.3333333333,0.0000016554
4181,0.0000031449,0.3333333333,0.0000010483
9268,0.0000010578,0.3333333333,0.0000003526
81,0.0000011552,0.5555555556,0.0000006418
794,0.0000033586,0.3333333333,0.0000011195
5881,0.0000029420,0.3333333333,0.0000009807
1781,0.0000068989,0.3333333333,0.0000022996
6868,0.0000013928,0.3333333333,0.0000004643
654,0.0000020923,0.3333333333,0.0000006974
5741,0.0000096423,0.3333333333,0.0000032141
4550,0.0000008501,0.3333333333,0.0000002834
3621,0.0000007892,0.3333333333,0.0000002631
2069,0.0000035960,0.3333333333,0.0000011987
3683,0.0000014121,0.3333333333,0.0000004707
8770,0.0000006241,0.3333333333,0.0000002080
1091,0.0000044265,0.3333333333,0.0000014755
4554,0.0000106723,0.3333333333,0.0000035574
1362,0.0000014488,0.3333333333,0.0000004829
3301,0.0000033959,0.3333333333,0.0000011320
8388,0.0000024561,0.3333333333,0.0000008187
944,0.0000124443,0.3333333333,0.0000041481
6031,0.0000056185,0.3333333333,0.0000018728
810,0.0000024683,0.5555555556,0.0000013713
744,0.0000142661,0.3333333333,0.0000047554
700,0.0000046906,0.3333333333,0.0000015635
5491,0.0000085935,0.3333333333,0.0000028645
404,0.0000127133,0.3333333333,0.0000042378
5510,0.0000026881,0.3333333333,0.0000008960
423,0.0000127025,0.3333333333,0.0000042342
1249,0.0000057021,0.3333333333,0.0000019007
1605,0.0000187244,0.5555555556,0.0000104024
1528,0.0000019866,0.3333333333,0.0000006622
4581,0.0000042824,0.3333333333,0.0000014275
2634,0.0000061040,0.5555555556,0.0000033911
9705,0.0000011171,0.3333333333,0.0000003724
4618,0.0000068213,0.3333333333,0.0000022738
4495,0.0000113755,0.3333333333,0.0000037918
902,0.0000011208,0.3333333333,0.0000003736
5989,0.0000031570,0.3333333333,0.0000010523
3141,0.0000046436,0.3333333333,0.0000015479
4103,0.0000035638,0.3333333333,0.0000011879
2126,0.0000055399,0.3333333333,0.0000018466
7213,0.0000002650,0.3333333333,0.0000000883
1803,0.0000033595,0.3333333333,0.0000011198
6890,0.0000014133,0.3333333333,0.0000004711
2698,0.0000041514,0.3333333333,0.0000013838
763,0.0000127603,0.3333333333,0.0000042534
361,0.0000148037,0.3333333333,0.0000049346
3267,0.0000032990,0.3333333333,0.0000010997
1286,0.0000036486,0.3333333333,0.0000012162
1911,0.0000073266,0.3333333333,0.0000024422
6784,0.0000029098,0.3333333333,0.0000009699
2070,0.0000162449,0.3333333333,0.0000054150
1110,0.0000065349,0.3333333333,0.0000021783
2067,0.0000046897,0.5555555556,0.0000026054
1059,0.0000114255,0.3333333333,0.0000038085
1017,0.0000127353,0.3333333333,0.0000042451
1041,0.0000025935,0.3333333333,0.0000008645
1991,0.0000071237,0.5555555556,0.0000039576
2232,0.0000046364,0.3333333333,0.0000015455
7319,0.0000051583,0.3333333333,0.0000017194
4589,0.0000019279,0.3333333333,0.0000006426
6403,0.0000006321,0.3333333333,0.0000002107
1316,0.0000076321,0.3333333333,0.0000025440
1647,0.0000008171,0.2222222222,0.0000001816
1947,0.0000033052,0.3333333333,0.0000011017
3731,0.0000067534,0.3333333333,0.0000022511
1374,0.0000105409,0.3333333333,0.0000035136
6461,0.0000005157,0.3333333333,0.0000001719
4270,0.0000026909,0.3333333333,0.0000008970
671,0.0000023116,0.3333333333,0.0000007705
5758,0.0000027817,0.3333333333,0.0000009272
2243,0.0000019914,0.3333333333,0.0000006638
4600,0.0000006634,0.5555555556,0.0000003686
4472,0.0000120148,0.3333333333,0.0000040049
3315,0.0000116604,0.3333333333,0.0000038868
4402,0.0000038896,0.3333333333,0.0000012965
4387,0.0000036313,0.3333333333,0.0000012104
2030,0.0000213393,0.3333333333,0.0000071131
3820,0.0000049969,0.3333333333,0.0000016656
1147,0.0000096919,0.3333333333,0.0000032306
6234,0.0000030996,0.3333333333,0.0000010332
3233,0.0000013463,0.3333333333,0.0000004488
876,0.0000075318,0.3333333333,0.0000025106
275,0.0000031308,0.3333333333,0.0000010436
5362,0.0000020742,0.3333333333,0.0000006914
760,0.0000062986,0.5555555556,0.0000034992
4630,0.0000035276,0.3333333333,0.0000011759
1301,0.0000007771,0.3333333333,0.0000002590
1389,0.0000066336,0.3333333333,0.0000022112
1130,0.0000040183,0.3333333333,0.0000013394
6217,0.0000006001,0.3333333333,0.0000002000
455,0.0000111977,0.3333333333,0.0000037326
5542,0.0000008132,0.5555555556,0.0000004518
186,0.0000060518,0.2222222222,0.0000013448
5273,0.0000037087,0.3333333333,0.0000012362
3949,0.0000130933,0.3333333333,0.0000043644
312,0.0000047652,0.3333333333,0.0000015884
2337,0.0000137069,0.3333333333,0.0000045690
4694,0.0000021766,0.3333333333,0.0000007255
690,0.0000009705,0.3333333333,0.0000003235
5777,0.0000025551,0.3333333333,0.0000008517
5404,0.0000068844,0.3333333333,0.0000022948
317,0.0000100519,0.3333333333,0.0000033506
1107,0.0000288969,0.3333333333,0.0000096323
6194,0.0000051925,0.3333333333,0.0000017308
8132,0.0000008331,0.3333333333,0.0000002777
3045,0.0000232534,0.3333333333,0.0000077511
6288,0.0000014083,0.3333333333,0.0000004694
1201,0.0000164327,0.3333333333,0.0000054776
3068,0.0000026368,0.3333333333,0.0000008789
7012,0.0000019639,0.3333333333,0.0000006546
1925,0.0000090731,0.3333333333,0.0000030244
1554,0.0000166563,0.3333333333,0.0000055521
4171,0.0000062296,0.3333333333,0.0000020765
2014,0.0000084084,0.3333333333,0.0000028028
1527,0.0000162664,0.3333333333,0.0000054221
6614,0.0000015330,0.3333333333,0.0000005110
3779,0.0000050856,0.3333333333,0.0000016952
663,0.0000053026,0.3333333333,0.0000017675
4364,0.0000074891,0.3333333333,0.0000024964
3197,0.0000029987,0.3333333333,0.0000009996
1779,0.0000026922,0.3333333333,0.0000008974
4136,0.0000033178,0.3333333333,0.0000011059
3139,0.0000045199,0.3333333333,0.0000015066
2271,0.0000038562,0.3333333333,0.0000012854
774,0.0000106892,0.3333333333,0.0000035631
5861,0.0000012743,0.3333333333,0.0000004248
1517,0.0000005337,0.5555555556,0.0000002965
6563,0.0000049093,0.3333333333,0.0000016364
1476,0.0000011084,0.3333333333,0.0000003695
8267,0.0000006143,0.3333333333,0.0000002048
3180,0.0000005197,0.3333333333,0.0000001732
3138,0.0000019033,0.3333333333,0.0000006344
8225,0.0000013212,0.3333333333,0.0000004404
1978,0.0000048716,0.3333333333,0.0000016239
7065,0.0000008099,0.5555555556,0.0000004500
1640,0.0000044044,0.3333333333,0.0000014681
6727,0.0000007257,0.3333333333,0.0000002419
2195,0.0000046389,0.3333333333,0.0000015463
1375,0.0000051751,0.3333333333,0.0000017250
1381,0.0000094870,0.3333333333,0.0000031623
1760,0.0000042385,0.5555555556,0.0000023547
1733,0.0000062609,0.3333333333,0.0000020870
1063,0.0000165923,0.3333333333,0.0000055308
1179,0.0000221447,0.3333333333,0.0000073816
617,0.0000131918,0.3333333333,0.0000043973
568,0.0000111702,0.3333333333,0.0000037234
5655,0.0000015827,0.3333333333,0.0000005276
5282,0.0000042115,0.3333333333,0.0000014038
195,0.0000042267,0.3333333333,0.0000014089
1643,0.0000074101,0.3333333333,0.0000024700
1325,0.0000070638,0.3333333333,0.0000023546
1182,0.0000035364,0.3333333333,0.0000011788
6269,0.0000015185,0.3333333333,0.0000005062
879,0.0000148180,0.3333333333,0.0000049393
5966,0.0000029543,0.3333333333,0.0000009848
6287,0.0000008322,0.3333333333,0.0000002774
1200,0.0000437671,0.3333333333,0.0000145890
1428,0.0000025580,0.3333333333,0.0000008527
8499,0.0000040377,0.3333333333,0.0000013459
3412,0.0000062095,0.3333333333,0.0000020698
4349,0.0000047476,0.3333333333,0.0000015825
3226,0.0000046601,0.3333333333,0.0000015534
869,0.0000061981,0.3333333333,0.0000020660
5956,0.0000014054,0.3333333333,0.0000004685
1078,0.0000016777,0.3333333333,0.0000005592
325,0.0000051049,0.3333333333,0.0000017016
5412,0.0000030084,0.3333333333,0.0000010028
1019,0.0000204306,0.3333333333,0.0000068102
6106,0.0000015048,0.3333333333,0.0000005016
1563,0.0000219675,0.3333333333,0.0000073225
5778,0.0000005297,0.3333333333,0.0000001766
691,0.0000116202,0.3333333333,0.0000038734
1953,0.0000010488,0.3333333333,0.0000003496
1223,0.0000047714,0.3333333333,0.0000015905
1194,0.0000025072,0.2222222222,0.0000005571
6281,0.0000012805,0.3333333333,0.0000004268
1092,0.0000059720,0.3333333333,0.0000019907
6179,0.0000022786,0.3333333333,0.0000007595
1478,0.0000094324,0.3333333333,0.0000031441
523,0.0000032300,0.3333333333,0.0000010767
2288,0.0000064686,0.3333333333,0.0000021562
160,0.0000169170,0.3333333333,0.0000056390
5247,0.0000020856,0.3333333333,0.0000006952
6180,0.0000032403,0.3333333333,0.0000010801
1093,0.0000516346,0.3333333333,0.0000172115
1466,0.0000057598,0.2222222222,0.0000012800
6553,0.0000027313,0.3333333333,0.0000009104
3634,0.0000022451,0.3333333333,0.0000007484
3386,0.0000029534,0.3333333333,0.0000009845
1918,0.0000080382,0.3333333333,0.0000026794
1171,0.0000038574,0.3333333333,0.0000012858
6258,0.0000028060,0.3333333333,0.0000009353
1800,0.0000038544,0.3333333333,0.0000012848
6887,0.0000010267,0.3333333333,0.0000003422
1317,0.0000063146,0.3333333333,0.0000021049
5189,0.0000066052,0.3333333333,0.0000022017
102,0.0000460816,0.3333333333,0.0000153605
2832,0.0000180677,0.3333333333,0.0000060226
1385,0.0000167527,0.3333333333,0.0000055842
4048,0.0000018662,0.3333333333,0.0000006221
1691,0.0000025873,0.3333333333,0.0000008624
6691,0.0000009038,0.3333333333,0.0000003013
4437,0.0000014026,0.3333333333,0.0000004675
4564,0.0000029704,0.3333333333,0.0000009901
2207,0.0000043606,0.3333333333,0.0000014535
4342,0.0000030092,0.3333333333,0.0000010031
1047,0.0000051710,0.3333333333,0.0000017237
8261,0.0000009577,0.3333333333,0.0000003192
3174,0.0000007204,0.5555555556,0.0000004002
1856,0.0000028706,0.3333333333,0.0000009569
4043,0.0000060975,0.3333333333,0.0000020325
1686,0.0000118992,0.3333333333,0.0000039664
1878,0.0000021326,0.2222222222,0.0000004739
1629,0.0000039593,0.3333333333,0.0000013198
3986,0.0000045756,0.3333333333,0.0000015252
2008,0.0000098805,0.5555555556,0.0000054892
4076,0.0000055499,0.3333333333,0.0000018500
3675,0.0000134634,0.3333333333,0.0000044878
2275,0.0000104119,0.3333333333,0.0000034706
874,0.0000073849,0.3333333333,0.0000024616
5961,0.0000012422,0.3333333333,0.0000004141
3231,0.0000096946,0.3333333333,0.0000032315
5705,0.0000020200,0.3333333333,0.0000006733
618,0.0000100024,0.5555555556,0.0000055569
991,0.0000220372,0.3333333333,0.0000073457
6747,0.0000014945,0.3333333333,0.0000004982
1660,0.0000126583,0.3333333333,0.0000042194
8571,0.0000010991,0.3333333333,0.0000003664
3484,0.0000005649,0.3333333333,0.0000001883
1237,0.0000025978,0.3333333333,0.0000008659
6324,0.0000019369,0.3333333333,0.0000006456
4572,0.0000024193,0.3333333333,0.0000008064
973,0.0000005830,0.3333333333,0.0000001943
1159,0.0000094432,0.3333333333,0.0000031477
2088,0.0000025139,0.3333333333,0.0000008380
7175,0.0000051546,0.3333333333,0.0000017182
3405,0.0000071649,0.3333333333,0.0000023883
8492,0.0000011746,0.3333333333,0.0000003915
565,0.0000015958,0.5555555556,0.0000008865
5652,0.0000108431,0.3333333333,0.0000036144
4156,0.0000045590,0.3333333333,0.0000015197
6513,0.0000004600,0.3333333333,0.0000001533
1426,0.0000034219,0.3333333333,0.0000011406
1799,0.0000064771,0.3333333333,0.0000021590
6886,0.0000007815,0.3333333333,0.0000002605
4329,0.0000084877,0.3333333333,0.0000028292
1954,0.0000013436,0.3333333333,0.0000004479
4461,0.0000005992,0.3333333333,0.0000001997
2104,0.0000019452,0.5555555556,0.0000010807
7191,0.0000018675,0.3333333333,0.0000006225
1504,0.0000065079,0.3333333333,0.0000021693
1932,0.0000056028,0.3333333333,0.0000018676
1013,0.0000032963,0.3333333333,0.0000010988
1731,0.0000187667,0.5555555556,0.0000104259
1502,0.0000114907,0.3333333333,0.0000038302
6896,0.0000001633,0.5555555556,0.0000000907
1809,0.0000072424,0.3333333333,0.0000024141
1255,0.0000035132,0.3333333333,0.0000011711
640,0.0000024086,0.3333333333,0.0000008029
7599,0.0000007237,0.3333333333,0.0000002412
2512,0.0000054629,0.3333333333,0.0000018210
3804,0.0000059017,0.3333333333,0.0000019672
6161,0.0000020201,0.3333333333,0.0000006734
1074,0.0000072018,0.3333333333,0.0000024006
1144,0.0000038460,0.3333333333,0.0000012820
5882,0.0000041196,0.3333333333,0.0000013732
795,0.0000231357,0.3333333333,0.0000077119
7542,0.0000057174,0.3333333333,0.0000019058
471,0.0000074710,0.3333333333,0.0000024903
1595,0.0000036041,0.3333333333,0.0000012014
6682,0.0000006619,0.3333333333,0.0000002206
4193,0.0000041131,0.3333333333,0.0000013710
1836,0.0000176507,0.3333333333,0.0000058836
6923,0.0000004226,0.2222222222,0.0000000939
931,0.0000136702,0.3333333333,0.0000045567
3926,0.0000102964,0.5555555556,0.0000057202
1776,0.0000047935,0.3333333333,0.0000015978
2293,0.0000031898,0.3333333333,0.0000010633
4573,0.0000027931,0.3333333333,0.0000009310
2216,0.0000080158,0.3333333333,0.0000026719
834,0.0000058108,0.5555555556,0.0000032282
1810,0.0000047185,0.3333333333,0.0000015728
2120,0.0000064264,0.3333333333,0.0000021421
1559,0.0000032668,0.3333333333,0.0000010889
4485,0.0000024219,0.3333333333,0.0000008073
2128,0.0000087844,0.3333333333,0.0000029281
8027,0.0000020580,0.3333333333,0.0000006860
2940,0.0000040335,0.3333333333,0.0000013445
956,0.0000024062,0.3333333333,0.0000008021
6043,0.0000026519,0.3333333333,0.0000008840
6083,0.0000008207,0.3333333333,0.0000002736
1720,0.0000108710,0.3333333333,0.0000036237
6434,0.0000010751,0.3333333333,0.0000003584
720,0.0000219893,0.3333333333,0.0000073298
3102,0.0000014151,0.3333333333,0.0000004717
4579,0.0000040415,0.3333333333,0.0000013472
4166,0.0000009800,0.3333333333,0.0000003267
718,0.0000153181,0.3333333333,0.0000051060
5805,0.0000031179,0.3333333333,0.0000010393
5974,0.0000031199,0.3333333333,0.0000010400
887,0.0000106812,0.3333333333,0.0000035604
3617,0.0000096761,0.3333333333,0.0000032254
2763,0.0000038499,0.3333333333,0.0000012833
406,0.0000033984,0.3333333333,0.0000011328
4648,0.0000006383,0.3333333333,0.0000002128
9735,0.0000005021,0.3333333333,0.0000001674
1011,0.0000078885,0.5555555556,0.0000043825
2099,0.0000178073,0.3333333333,0.0000059358
1128,0.0000078738,0.3333333333,0.0000026246
6215,0.0000025855,0.3333333333,0.0000008618
2241,0.0000171194,0.3333333333,0.0000057065
2147,0.0000085535,0.3333333333,0.0000028512
1757,0.0000058068,0.3333333333,0.0000019356
826,0.0000062321,0.2222222222,0.0000013849
1270,0.0000024969,0.5555555556,0.0000013872
3648,0.0000049205,0.3333333333,0.0000016402
1291,0.0000012636,0.3333333333,0.0000004212
697,0.0000145106,0.3333333333,0.0000048369
5784,0.0000012220,0.3333333333,0.0000004073
692,0.0000757272,0.3333333333,0.0000252424
2188,0.0000134482,0.3333333333,0.0000044827
1162,0.0000285208,0.2222222222,0.0000063380
6249,0.0000005442,0.2222222222,0.0000001209
2888,0.0000033046,0.3333333333,0.0000011015
531,0.0000161350,0.5555555556,0.0000089639
5618,0.0000004804,0.3333333333,0.0000001601
649,0.0000592126,0.3333333333,0.0000197375
5736,0.0000014704,0.3333333333,0.0000004901
1674,0.0000075268,0.3333333333,0.0000025089
1172,0.0000073766,0.3333333333,0.0000024589
675,0.0000063472,0.5555555556,0.0000035262
3032,0.0000061720,0.3333333333,0.0000020573
5389,0.0000013803,0.3333333333,0.0000004601
302,0.0000280724,0.3333333333,0.0000093575
4266,0.0000018643,0.3333333333,0.0000006214
9353,0.0000011158,0.3333333333,0.0000003719
1909,0.0000026988,0.3333333333,0.0000008996
6996,0.0000016402,0.3333333333,0.0000005467
1430,0.0000089981,0.3333333333,0.0000029994
1688,0.0000032807,0.3333333333,0.0000010936
933,0.0000101895,0.3333333333,0.0000033965
1256,0.0000023565,0.3333333333,0.0000007855
6343,0.0000012560,0.3333333333,0.0000004187
3124,0.0000066376,0.3333333333,0.0000022125
5481,0.0000019057,0.3333333333,0.0000006352
394,0.0000010567,0.3333333333,0.0000003522
2201,0.0000122422,0.3333333333,0.0000040807
520,0.0000042704,0.2222222222,0.0000009490
2877,0.0000068887,0.3333333333,0.0000022962
3766,0.0000057903,0.3333333333,0.0000019301
1853,0.0000314420,0.3333333333,0.0000104807
3272,0.0000005995,0.5555555556,0.0000003331
915,0.0000058955,0.3333333333,0.0000019652
1813,0.0000088749,0.3333333333,0.0000029583
2297,0.0000066831,0.3333333333,0.0000022277
1026,0.0000243660,0.3333333333,0.0000081220
1537,0.0000216738,0.3333333333,0.0000072246
1283,0.0000063853,0.3333333333,0.0000021284
6370,0.0000003321,0.2222222222,0.0000000738
859,0.0000078605,0.3333333333,0.0000026202
167,0.0000074905,0.3333333333,0.0000024968
5254,0.0000006801,0.3333333333,0.0000002267
2675,0.0000037612,0.3333333333,0.0000012537
318,0.0000089766,0.3333333333,0.0000029922
5405,0.0000020325,0.3333333333,0.0000006775
2915,0.0000033008,0.3333333333,0.0000011003
5272,0.0000017793,0.3333333333,0.0000005931
185,0.0001306605,0.5555555556,0.0000725892
556,0.0000052066,0.5555555556,0.0000028925
5643,0.0000061840,0.3333333333,0.0000020613
4879,0.0000031953,0.3333333333,0.0000010651
3016,0.0000031699,0.3333333333,0.0000010566
2338,0.0000081903,0.3333333333,0.0000027301
3446,0.0000076301,0.3333333333,0.0000025434
1758,0.0000295774,0.3333333333,0.0000098591
433,0.0000146890,0.3333333333,0.0000048963
1242,0.0000059992,0.3333333333,0.0000019997
831,0.0000165489,0.3333333333,0.0000055163
5918,0.0000008668,0.3333333333,0.0000002889
3188,0.0000044894,0.3333333333,0.0000014965
712,0.0000037673,0.5555555556,0.0000020930
936,0.0000120541,0.3333333333,0.0000040180
994,0.0000094587,0.3333333333,0.0000031529
1653,0.0000102508,0.3333333333,0.0000034169
6740,0.0000013348,0.3333333333,0.0000004449
2745,0.0000055408,0.3333333333,0.0000018469
388,0.0000071811,0.3333333333,0.0000023937
7699,0.0000019014,0.3333333333,0.0000006338
5342,0.0000036943,0.3333333333,0.0000012314
255,0.0000074055,0.5555555556,0.0000041142
1303,0.0000026120,0.3333333333,0.0000008707
8374,0.0000016431,0.3333333333,0.0000005477
3287,0.0000017318,0.3333333333,0.0000005773
4222,0.0000039482,0.3333333333,0.0000013161
3623,0.0000017765,0.3333333333,0.0000005922
1271,0.0000044812,0.3333333333,0.0000014937
3656,0.0000018078,0.3333333333,0.0000006026
815,0.0000050034,0.3333333333,0.0000016678
964,0.0000048107,0.3333333333,0.0000016036
6051,0.0000005818,0.3333333333,0.0000001939
1038,0.0000156751,0.3333333333,0.0000052250
6125,0.0000004264,0.3333333333,0.0000001421
701,0.0000192146,0.3333333333,0.0000064049
5788,0.0000007698,0.3333333333,0.0000002566
913,0.0000222108,0.3333333333,0.0000074036
3056,0.0000013369,0.3333333333,0.0000004456
699,0.0000037341,0.3333333333,0.0000012447
46,0.0000023270,0.3333333333,0.0000007757
9016,0.0000029712,0.3333333333,0.0000009904
3929,0.0000025069,0.3333333333,0.0000008356
7434,0.0000022437,0.2222222222,0.0000004986
2347,0.0000008322,0.3333333333,0.0000002774
363,0.0000034654,0.3333333333,0.0000011551
5450,0.0000008743,0.3333333333,0.0000002914
713,0.0000012631,0.3333333333,0.0000004210
3070,0.0000023462,0.3333333333,0.0000007821
4499,0.0000006621,0.3333333333,0.0000002207
3378,0.0000139469,0.3333333333,0.0000046490
8465,0.0000004579,0.3333333333,0.0000001526
1021,0.0000028305,0.3333333333,0.0000009435
4119,0.0000045446,0.3333333333,0.0000015149
1695,0.0000083744,0.5555555556,0.0000046524
1976,0.0000084759,0.3333333333,0.0000028253
7908,0.0000027939,0.3333333333,0.0000009313
837,0.0000043394,0.3333333333,0.0000014465
4394,0.0000022286,0.3333333333,0.0000007429
2037,0.0000025973,0.3333333333,0.0000008658
1690,0.0000179997,0.3333333333,0.0000059999
496,0.0000051104,0.3333333333,0.0000017035
708,0.0000044043,0.3333333333,0.0000014681
5795,0.0000007363,0.3333333333,0.0000002454
5613,0.0000008272,0.3333333333,0.0000002757
526,0.0000137429,0.3333333333,0.0000045810
3256,0.0000315443,0.3333333333,0.0000105148
8343,0.0000010066,0.3333333333,0.0000003355
983,0.0000211245,0.3333333333,0.0000070415
1489,0.0000137782,0.3333333333,0.0000045927
6576,0.0000003817,0.3333333333,0.0000001272
338,0.0000223115,0.3333333333,0.0000074372
806,0.0000132753,0.3333333333,0.0000044251
1694,0.0000015121,0.2222222222,0.0000003360
2148,0.0000024025,0.5555555556,0.0000013347
7235,0.0000008628,0.3333333333,0.0000002876
4505,0.0000115862,0.3333333333,0.0000038621
189,0.0000083076,0.3333333333,0.0000027692
3088,0.0000114032,0.5555555556,0.0000063351
731,0.0000024211,0.3333333333,0.0000008070
5818,0.0000059316,0.3333333333,0.0000019772
4624,0.0000026807,0.5555555556,0.0000014893
9711,0.0000014058,0.3333333333,0.0000004686
2267,0.0000112440,0.5555555556,0.0000062467
7354,0.0000011791,0.3333333333,0.0000003930
1822,0.0000101773,0.3333333333,0.0000033924
2094,0.0000095227,0.3333333333,0.0000031742
1335,0.0000023909,0.5555555556,0.0000013283
6422,0.0000007005,0.3333333333,0.0000002335
4186,0.0000025154,0.3333333333,0.0000008385
9273,0.0000014626,0.3333333333,0.0000004875
1829,0.0000061396,0.3333333333,0.0000020465
6916,0.0000036626,0.3333333333,0.0000012209
1154,0.0000080211,0.3333333333,0.0000026737
1402,0.0000034129,0.3333333333,0.0000011376
762,0.0000177781,0.5555555556,0.0000098767
5849,0.0000055784,0.3333333333,0.0000018595
5476,0.0000020077,0.3333333333,0.0000006692
389,0.0000417473,0.3333333333,0.0000139158
1773,0.0000054148,0.3333333333,0.0000018049
3291,0.0000019079,0.3333333333,0.0000006360
934,0.0000245121,0.3333333333,0.0000081707
6021,0.0000043022,0.3333333333,0.0000014341
5544,0.0000042588,0.3333333333,0.0000014196
457,0.0000181427,0.3333333333,0.0000060476
2980,0.0000070901,0.3333333333,0.0000023634
8067,0.0000006323,0.3333333333,0.0000002108
4060,0.0000057997,0.3333333333,0.0000019332
1610,0.0000005271,0.2222222222,0.0000001171
1648,0.0000038638,0.3333333333,0.0000012879
6735,0.0000014919,0.3333333333,0.0000004973
1885,0.0000031519,0.3333333333,0.0000010506
4242,0.0000036555,0.3333333333,0.0000012185
1662,0.0000062782,0.3333333333,0.0000020927
6749,0.0000024619,0.3333333333,0.0000008206
6497,0.0000025333,0.3333333333,0.0000008444
1410,0.0000101834,0.3333333333,0.0000033945
1783,0.0000096451,0.3333333333,0.0000032150
4001,0.0000046665,0.3333333333,0.0000015555
2185,0.0000021142,0.5555555556,0.0000011746
1408,0.0000074296,0.3333333333,0.0000024765
1501,0.0000043196,0.3333333333,0.0000014399
6588,0.0000014546,0.3333333333,0.0000004849
5546,0.0000042468,0.3333333333,0.0000014156
459,0.0000162934,0.2222222222,0.0000036208
1123,0.0000319283,0.3333333333,0.0000106428
6210,0.0000008853,0.5555555556,0.0000004918
5837,0.0000025748,0.3333333333,0.0000008583
750,0.0000102063,0.3333333333,0.0000034021
4036,0.0000012805,0.3333333333,0.0000004268
1679,0.0000042392,0.3333333333,0.0000014131
6766,0.0000085327,0.3333333333,0.0000028442
3853,0.0000027915,0.3333333333,0.0000009305
785,0.0000234133,0.3333333333,0.0000078044
5872,0.0000025093,0.3333333333,0.0000008364
4195,0.0000046881,0.3333333333,0.0000015627
9282,0.0000011685,0.5555555556,0.0000006491
1962,0.0000116944,0.3333333333,0.0000038981
1784,0.0000047901,0.3333333333,0.0000015967
6871,0.0000028207,0.3333333333,0.0000009402
358,0.0000095143,0.5555555556,0.0000052857
2715,0.0000118265,0.3333333333,0.0000039422
1102,0.0000272357,0.3333333333,0.0000090786
6189,0.0000058907,0.3333333333,0.0000019636
3459,0.0000059165,0.3333333333,0.0000019722
1396,0.0000023033,0.3333333333,0.0000007678
6483,0.0000046459,0.3333333333,0.0000015486
5352,0.0000010868,0.3333333333,0.0000003623
265,0.0001019220,0.3333333333,0.0000339740
638,0.0000113011,0.3333333333,0.0000037670
651,0.0000016418,0.2222222222,0.0000003648
5738,0.0000016652,0.3333333333,0.0000005551
3583,0.0000015428,0.3333333333,0.0000005143
1226,0.0000075780,0.3333333333,0.0000025260
4359,0.0000009399,0.3333333333,0.0000003133
2002,0.0000084384,0.3333333333,0.0000028128
672,0.0000053370,0.3333333333,0.0000017790
5759,0.0000023126,0.3333333333,0.0000007709
805,0.0000017379,0.5555555556,0.0000009655
1443,0.0000112737,0.3333333333,0.0000037579
1086,0.0000101320,0.3333333333,0.0000033773
6173,0.0000008446,0.3333333333,0.0000002815
6881,0.0000043243,0.3333333333,0.0000014414
1794,0.0000049146,0.3333333333,0.0000016382
8073,0.0000016760,0.3333333333,0.0000005587
2986,0.0000045073,0.3333333333,0.0000015024
3671,0.0000088363,0.3333333333,0.0000029454
1141,0.0000024188,0.3333333333,0.0000008063
6228,0.0000036032,0.3333333333,0.0000012011
5855,0.0000055501,0.3333333333,0.0000018500
768,0.0000058782,0.3333333333,0.0000019594
5772,0.0000027746,0.3333333333,0.0000009249
685,0.0000020787,0.3333333333,0.0000006929
948,0.0000117238,0.3333333333,0.0000039079
6035,0.0000009363,0.3333333333,0.0000003121
2024,0.0000101909,0.3333333333,0.0000033970
929,0.0000050703,0.3333333333,0.0000016901
6016,0.0000022552,0.2222222222,0.0000005012
3715,0.0000004782,0.3333333333,0.0000001594
1358,0.0000044064,0.3333333333,0.0000014688
1914,0.0000131481,0.3333333333,0.0000043827
7001,0.0000005574,0.3333333333,0.0000001858
625,0.0000030188,0.3333333333,0.0000010063
1868,0.0000168596,0.3333333333,0.0000056199
3596,0.0000129385,0.3333333333,0.0000043128
1239,0.0000059225,0.3333333333,0.0000019742
6326,0.0000026416,0.3333333333,0.0000008805
1881,0.0000119591,0.3333333333,0.0000039864
6968,0.0000023347,0.3333333333,0.0000007782
6030,0.0000022312,0.3333333333,0.0000007437
943,0.0000369859,0.3333333333,0.0000123286
1024,0.0000026080,0.2222222222,0.0000005795
3381,0.0000049808,0.3333333333,0.0000016603
1508,0.0000023211,0.3333333333,0.0000007737
1096,0.0000111841,0.3333333333,0.0000037280
1880,0.0000117080,0.3333333333,0.0000039027
883,0.0000061308,0.3333333333,0.0000020436
5970,0.0000018659,0.3333333333,0.0000006220
1193,0.0000103805,0.3333333333,0.0000034602
6007,0.0000054622,0.3333333333,0.0000018207
920,0.0000085676,0.3333333333,0.0000028559
3097,0.0000141716,0.3333333333,0.0000047239
740,0.0000176852,0.3333333333,0.0000058951
7070,0.0000006311,0.3333333333,0.0000002104
1983,0.0000013990,0.3333333333,0.0000004663
3513,0.0000082258,0.3333333333,0.0000027419
1156,0.0000014019,0.3333333333,0.0000004673
633,0.0000061586,0.3333333333,0.0000020529
5720,0.0000009803,0.3333333333,0.0000003268
7888,0.0000009234,0.5555555556,0.0000005130
2801,0.0000075126,0.3333333333,0.0000025042
817,0.0000140644,0.3333333333,0.0000046881
5904,0.0000004334,0.3333333333,0.0000001445
681,0.0000025625,0.3333333333,0.0000008542
5768,0.0000008182,0.3333333333,0.0000002727
778,0.0000008066,0.3333333333,0.0000002689
5865,0.0000004793,0.3333333333,0.0000001598
3899,0.0000032526,0.3333333333,0.0000010842
8986,0.0000011661,0.3333333333,0.0000003887
1542,0.0000285398,0.3333333333,0.0000095133
6629,0.0000004184,0.3333333333,0.0000001395
6613,0.0000007486,0.3333333333,0.0000002495
1526,0.0000059219,0.3333333333,0.0000019740
1899,0.0000009678,0.3333333333,0.0000003226
1103,0.0000067478,0.3333333333,0.0000022493
6190,0.0000026206,0.3333333333,0.0000008735
4086,0.0000032236,0.5555555556,0.0000017909
1729,0.0000114077,0.3333333333,0.0000038026
3600,0.0000022527,0.3333333333,0.0000007509
1243,0.0000039878,0.3333333333,0.0000013293
1392,0.0000111024,0.3333333333,0.0000037008
1520,0.0000076717,0.3333333333,0.0000025572
6607,0.0000006544,0.3333333333,0.0000002181
696,0.0000128450,0.5555555556,0.0000071361
5783,0.0000006247,0.3333333333,0.0000002082
1775,0.0000058280,0.3333333333,0.0000019427
2164,0.0000015874,0.3333333333,0.0000005291
6235,0.0000130149,0.3333333333,0.0000043383
1148,0.0000007462,0.3333333333,0.0000002487
1521,0.0000012547,0.3333333333,0.0000004182
8694,0.0000006404,0.3333333333,0.0000002135
3607,0.0000070295,0.3333333333,0.0000023432
1623,0.0000030860,0.3333333333,0.0000010287
1933,0.0000193947,0.3333333333,0.0000064649
7893,0.0000009289,0.3333333333,0.0000003096
2806,0.0000025110,0.3333333333,0.0000008370
822,0.0000107227,0.3333333333,0.0000035742
5909,0.0000012110,0.3333333333,0.0000004037
2170,0.0000061959,0.3333333333,0.0000020653
5681,0.0000019748,0.3333333333,0.0000006583
594,0.0000940361,0.2222222222,0.0000208969
1734,0.0000094182,0.5555555556,0.0000052323
1098,0.0000147073,0.3333333333,0.0000049024
6185,0.0000023648,0.3333333333,0.0000007883
3828,0.0000015919,0.3333333333,0.0000005306
1070,0.0000060770,0.3333333333,0.0000020257
1635,0.0000114965,0.3333333333,0.0000038322
3992,0.0000045852,0.3333333333,0.0000015284
687,0.0000152490,0.3333333333,0.0000050830
5774,0.0000037097,0.3333333333,0.0000012366
2644,0.0000124121,0.3333333333,0.0000041374
287,0.0000047508,0.2222222222,0.0000010557
5374,0.0000017577,0.2222222222,0.0000003906
420,0.0000025089,0.3333333333,0.0000008363
5507,0.0000009696,0.3333333333,0.0000003232
1509,0.0000102811,0.3333333333,0.0000034270
552,0.0000157635,0.3333333333,0.0000052545
5639,0.0000010571,0.3333333333,0.0000003524
2820,0.0000027833,0.3333333333,0.0000009278
1916,0.0000048093,0.3333333333,0.0000016031
965,0.0000057791,0.3333333333,0.0000019264
5679,0.0000003782,0.3333333333,0.0000001261
592,0.0001149827,0.3333333333,0.0000383276
8897,0.0000011049,0.3333333333,0.0000003683
3810,0.0000072831,0.3333333333,0.0000024277
1016,0.0000043395,0.3333333333,0.0000014465
4496,0.0000177238,0.3333333333,0.0000059079
2139,0.0000018665,0.3333333333,0.0000006222
6992,0.0000015476,0.3333333333,0.0000005159
1905,0.0000003796,0.2222222222,0.0000000844
1558,0.0000053428,0.3333333333,0.0000017809
1645,0.0000094004,0.3333333333,0.0000031335
6637,0.0000045029,0.3333333333,0.0000015010
2748,0.0000206281,0.3333333333,0.0000068760
637,0.0000070258,0.5555555556,0.0000039032
1816,0.0000102792,0.3333333333,0.0000034264
6903,0.0000018244,0.3333333333,0.0000006081
8392,0.0000007396,0.3333333333,0.0000002465
3305,0.0000038409,0.3333333333,0.0000012803
1321,0.0000104299,0.3333333333,0.0000034766
3678,0.0000043391,0.3333333333,0.0000014464
551,0.0000161503,0.3333333333,0.0000053834
2093,0.0000244021,0.3333333333,0.0000081340
1384,0.0000098247,0.5555555556,0.0000054582
1525,0.0000102731,0.3333333333,0.0000034244
1669,0.0000090631,0.3333333333,0.0000030210
6756,0.0000009302,0.3333333333,0.0000003101
295,0.0000112553,0.3333333333,0.0000037518
987,0.0000340862,0.3333333333,0.0000113621
6074,0.0000016489,0.3333333333,0.0000005496
5701,0.0000110903,0.3333333333,0.0000036968
614,0.0000038892,0.3333333333,0.0000012964
3436,0.0000039392,0.3333333333,0.0000013131
1079,0.0000068385,0.3333333333,0.0000022795
8150,0.0000008106,0.3333333333,0.0000002702
3063,0.0000005359,0.3333333333,0.0000001786
3608,0.0000070963,0.3333333333,0.0000023654
1251,0.0000048135,0.3333333333,0.0000016045
5212,0.0000038972,0.3333333333,0.0000012991
125,0.0000490860,0.3333333333,0.0000163620
498,0.0000281604,0.3333333333,0.0000093868
2855,0.0000350086,0.3333333333,0.0000116695
3752,0.0000072193,0.3333333333,0.0000024064
893,0.0000272211,0.3333333333,0.0000090737
5980,0.0000022350,0.5555555556,0.0000012417
1774,0.0000449863,0.3333333333,0.0000149954
2305,0.0000383944,0.3333333333,0.0000127981
3012,0.0000035498,0.3333333333,0.0000011833
5369,0.0000056071,0.3333333333,0.0000018690
282,0.0000075226,0.2222222222,0.0000016717
655,0.0000317451,0.2222222222,0.0000070545
5742,0.0000038013,0.3333333333,0.0000012671
589,0.0000237908,0.3333333333,0.0000079303
2259,0.0000185524,0.3333333333,0.0000061841
7346,0.0000128688,0.3333333333,0.0000042896
652,0.0000047004,0.3333333333,0.0000015668
5148,0.0000019739,0.3333333333,0.0000006580
61,0.0000068171,0.3333333333,0.0000022724
434,0.0000193289,0.3333333333,0.0000064430
1075,0.0000593386,0.3333333333,0.0000197795
6162,0.0000011376,0.3333333333,0.0000003792
1404,0.0000101619,0.3333333333,0.0000033873
6491,0.0000028362,0.3333333333,0.0000009454
2944,0.0000019782,0.3333333333,0.0000006594
587,0.0000082882,0.5555555556,0.0000046046
807,0.0000092837,0.2222222222,0.0000020630
4523,0.0000018575,0.3333333333,0.0000006192
1989,0.0000007870,0.3333333333,0.0000002623
7076,0.0000010068,0.3333333333,0.0000003356
2313,0.0000116032,0.3333333333,0.0000038677
3363,0.0000008602,0.3333333333,0.0000002867
8077,0.0000010555,0.3333333333,0.0000003518
2990,0.0000040535,0.3333333333,0.0000013512
1006,0.0000010451,0.3333333333,0.0000003484
6093,0.0000037480,0.3333333333,0.0000012493
808,0.0000073376,0.3333333333,0.0000024459
7018,0.0000004484,0.3333333333,0.0000001495
1931,0.0000182523,0.3333333333,0.0000060841
2100,0.0000039541,0.3333333333,0.0000013180
4457,0.0000020620,0.3333333333,0.0000006873
563,0.0000148174,0.5555555556,0.0000082319
2920,0.0000016488,0.3333333333,0.0000005496
1119,0.0000171037,0.3333333333,0.0000057012
6206,0.0000018681,0.3333333333,0.0000006227
1586,0.0000053752,0.3333333333,0.0000017917
3458,0.0000098772,0.3333333333,0.0000032924
1101,0.0000071534,0.3333333333,0.0000023845
4099,0.0000001725,0.3333333333,0.0000000575
8813,0.0000025039,0.3333333333,0.0000008346
3726,0.0000011440,0.3333333333,0.0000003813
1451,0.0000194588,0.3333333333,0.0000064863
1361,0.0000019179,0.3333333333,0.0000006393
1590,0.0000042453,0.3333333333,0.0000014151
3977,0.0000058809,0.5555555556,0.0000032672
7765,0.0000024104,0.3333333333,0.0000008035
3051,0.0000069000,0.3333333333,0.0000023000
4014,0.0000028748,0.3333333333,0.0000009583
7449,0.0000010667,0.3333333333,0.0000003556
2362,0.0000105799,0.3333333333,0.0000035266
378,0.0000480779,0.3333333333,0.0000160260
1522,0.0000053434,0.3333333333,0.0000017811
1970,0.0000272377,0.3333333333,0.0000090792
2156,0.0000109209,0.3333333333,0.0000036403
5500,0.0000006751,0.3333333333,0.0000002250
413,0.0000294331,0.3333333333,0.0000098110
3143,0.0000086504,0.3333333333,0.0000028835
786,0.0000137662,0.3333333333,0.0000045887
923,0.0000245306,0.4444444444,0.0000109025
6010,0.0000017735,0.3333333333,0.0000005912
3705,0.0000062420,0.3333333333,0.0000020807
1901,0.0000128213,0.3333333333,0.0000042738
206,0.0000239514,0.3333333333,0.0000079838
4565,0.0000070816,0.3333333333,0.0000023605
2208,0.0000005088,0.3333333333,0.0000001696
3565,0.0000034429,0.3333333333,0.0000011476
1208,0.0000109647,0.3333333333,0.0000036549
846,0.0000108657,0.3333333333,0.0000036219
6549,0.0000041878,0.3333333333,0.0000013959
1462,0.0000111075,0.3333333333,0.0000037025
1835,0.0000212408,0.3333333333,0.0000070803
348,0.0000053187,0.3333333333,0.0000017729
5435,0.0000005992,0.3333333333,0.0000001997
4102,0.0000012113,0.3333333333,0.0000004038
1745,0.0000093553,0.3333333333,0.0000031184
1279,0.0000220897,0.3333333333,0.0000073632
205,0.0000190845,0.3333333333,0.0000063615
1618,0.0000174363,0.3333333333,0.0000058121
2149,0.0000207751,0.3333333333,0.0000069250
7236,0.0000034562,0.3333333333,0.0000011521
2119,0.0000096489,0.3333333333,0.0000032163
7206,0.0000007291,0.3333333333,0.0000002430
969,0.0000046731,0.3333333333,0.0000015577
3326,0.0000012023,0.3333333333,0.0000004008
772,0.0000206316,0.3333333333,0.0000068772
604,0.0000088091,0.3333333333,0.0000029364
743,0.0000105576,0.3333333333,0.0000035192
3265,0.0000062847,0.3333333333,0.0000020949
908,0.0000231348,0.3333333333,0.0000077116
5877,0.0000024235,0.3333333333,0.0000008078
3520,0.0000053646,0.3333333333,0.0000017882
1163,0.0000161134,0.3333333333,0.0000053711
1728,0.0000157000,0.3333333333,0.0000052333
1195,0.0000266015,0.3333333333,0.0000088672
6282,0.0000015873,0.3333333333,0.0000005291
4299,0.0000064892,0.3333333333,0.0000021631
1942,0.0000067324,0.3333333333,0.0000022441
4301,0.0000010534,0.3333333333,0.0000003511
1944,0.0000053815,0.3333333333,0.0000017938
1330,0.0000149370,0.3333333333,0.0000049790
5310,0.0000024594,0.3333333333,0.0000008198
223,0.0000904209,0.3333333333,0.0000301403
596,0.0000085709,0.3333333333,0.0000028570
5683,0.0000007976,0.3333333333,0.0000002659
1146,0.0000272998,0.3333333333,0.0000090999
952,0.0000269908,0.3333333333,0.0000089969
6039,0.0000032242,0.3333333333,0.0000010747
3509,0.0000077193,0.3333333333,0.0000025731
1152,0.0000223618,0.3333333333,0.0000074539
2781,0.0000012388,0.3333333333,0.0000004129
424,0.0000147191,0.3333333333,0.0000049064
257,0.0000033606,0.3333333333,0.0000011202
1155,0.0000044922,0.3333333333,0.0000014974
5869,0.0000031771,0.3333333333,0.0000010590
782,0.0000110181,0.3333333333,0.0000036727
5355,0.0000044836,0.3333333333,0.0000014945
268,0.0000297694,0.3333333333,0.0000099231
641,0.0000154217,0.3333333333,0.0000051406
5728,0.0000027989,0.3333333333,0.0000009330
7712,0.0000030057,0.3333333333,0.0000010019
2625,0.0000015578,0.3333333333,0.0000005193
1376,0.0000046270,0.3333333333,0.0000015423
6463,0.0000026425,0.3333333333,0.0000008808
3932,0.0000036386,0.3333333333,0.0000012129
1646,0.0000077779,0.3333333333,0.0000025926
6733,0.0000097727,0.3333333333,0.0000032576
4003,0.0000037862,0.3333333333,0.0000012621
1224,0.0000036532,0.3333333333,0.0000012177
3350,0.0000025340,0.3333333333,0.0000008447
4037,0.0000114568,0.3333333333,0.0000038189
1680,0.0000293734,0.3333333333,0.0000097911
5598,0.0000009551,0.3333333333,0.0000003184
511,0.0001192893,0.3333333333,0.0000397631
884,0.0000055022,0.3333333333,0.0000018341
5971,0.0000007507,0.3333333333,0.0000002502
624,0.0000100666,0.3333333333,0.0000033555
5711,0.0000008341,0.3333333333,0.0000002780
2981,0.0000031983,0.3333333333,0.0000010661
3245,0.0000019919,0.3333333333,0.0000006640
5602,0.0000030770,0.3333333333,0.0000010257
515,0.0000119549,0.3333333333,0.0000039850
888,0.0000202249,0.3333333333,0.0000067416
1357,0.0000225251,0.3333333333,0.0000075084
538,0.0000044497,0.3333333333,0.0000014832
5901,0.0000011918,0.3333333333,0.0000003973
814,0.0000028020,0.3333333333,0.0000009340
1187,0.0000119986,0.2222222222,0.0000026664
6274,0.0000003057,0.7777777778,0.0000002378
2957,0.0000047904,0.5555555556,0.0000026613
600,0.0000149352,0.3333333333,0.0000049784
5919,0.0000011123,0.3333333333,0.0000003708
616,0.0000112505,0.3333333333,0.0000037502
1052,0.0000098350,0.3333333333,0.0000032783
789,0.0000166511,0.3333333333,0.0000055504
2146,0.0000059944,0.3333333333,0.0000019981
1115,0.0000231251,0.3333333333,0.0000077084
585,0.0000058546,0.3333333333,0.0000019515
5672,0.0000031045,0.5555555556,0.0000017247
914,0.0000417591,0.3333333333,0.0000139197
5942,0.0000080350,0.3333333333,0.0000026783
369,0.0000120607,0.3333333333,0.0000040202
7440,0.0000018503,0.3333333333,0.0000006168
2353,0.0000070151,0.2222222222,0.0000015589
5526,0.0000016508,0.3333333333,0.0000005503
439,0.0000089089,0.3333333333,0.0000029696
812,0.0000096448,0.3333333333,0.0000032149
2083,0.0000014518,0.3333333333,0.0000004839
562,0.0000063763,0.3333333333,0.0000021254
5649,0.0000056210,0.3333333333,0.0000018737
9119,0.0000007552,0.3333333333,0.0000002517
4032,0.0000013264,0.3333333333,0.0000004421
6762,0.0000020506,0.3333333333,0.0000006835
1675,0.0000011217,0.3333333333,0.0000003739
529,0.0000061012,0.3333333333,0.0000020337
2886,0.0000101974,0.3333333333,0.0000033991
1199,0.0000011368,0.2222222222,0.0000002526
3556,0.0000022129,0.3333333333,0.0000007376
347,0.0000015783,0.3333333333,0.0000005261
1869,0.0000025249,0.5555555556,0.0000014027
6956,0.0000004298,0.3333333333,0.0000001433
2965,0.0000148035,0.3333333333,0.0000049345
608,0.0000430304,0.3333333333,0.0000143435
698,0.0000256621,0.3333333333,0.0000085540
1711,0.0000036626,0.3333333333,0.0000012209
1628,0.0000085908,0.3333333333,0.0000028636
418,0.0000261634,0.2222222222,0.0000058141
5505,0.0000010375,0.3333333333,0.0000003458
4927,0.0000025688,0.3333333333,0.0000008563
213,0.0000072286,0.5555555556,0.0000040159
573,0.0000181477,0.5555555556,0.0000100820
5660,0.0000028199,0.3333333333,0.0000009400
483,0.0000031290,0.3333333333,0.0000010430
841,0.0000181462,0.3333333333,0.0000060487
1267,0.0000077637,0.3333333333,0.0000025879
5981,0.0000007223,0.3333333333,0.0000002408
894,0.0000016867,0.3333333333,0.0000005622
3925,0.0000009309,0.3333333333,0.0000003103
2983,0.0000073493,0.3333333333,0.0000024498
1300,0.0000147415,0.3333333333,0.0000049138
6387,0.0000007995,0.3333333333,0.0000002665
1990,0.0000011641,0.3333333333,0.0000003880
2290,0.0000142151,0.3333333333,0.0000047384
2258,0.0000029246,0.3333333333,0.0000009749
7345,0.0000007629,0.3333333333,0.0000002543
819,0.0000139512,0.3333333333,0.0000046504
3604,0.0000033205,0.3333333333,0.0000011068
1247,0.0000109808,0.3333333333,0.0000036603
366,0.0000066067,0.5555555556,0.0000036704
5453,0.0000014733,0.3333333333,0.0000004911
1581,0.0000038750,0.3333333333,0.0000012917
6668,0.0000013058,0.3333333333,0.0000004353
472,0.0000149539,0.3333333333,0.0000049846
5559,0.0000045701,0.3333333333,0.0000015234
2163,0.0000075255,0.3333333333,0.0000025085
4520,0.0000018611,0.3333333333,0.0000006204
84,0.0000269523,0.5555555556,0.0000149735
5171,0.0000066927,0.3333333333,0.0000022309
1407,0.0000033056,0.3333333333,0.0000011019
2655,0.0000053713,0.3333333333,0.0000017904
298,0.0000326313,0.3333333333,0.0000108771
5385,0.0000035757,0.3333333333,0.0000011919
258,0.0000171822,0.3333333333,0.0000057274
5371,0.0000024111,0.3333333333,0.0000008037
284,0.0000082136,0.3333333333,0.0000027379
3292,0.0000057008,0.3333333333,0.0000019003
935,0.0000077270,0.3333333333,0.0000025757
146,0.0000027448,0.3333333333,0.0000009149
383,0.0000034763,0.3333333333,0.0000011588
1492,0.0000318740,0.3333333333,0.0000106247
1397,0.0000088444,0.3333333333,0.0000029481
288,0.0000238178,0.3333333333,0.0000079393
2611,0.0000028933,0.5555555556,0.0000016074
254,0.0000181230,0.3333333333,0.0000060410
1363,0.0000118504,0.3333333333,0.0000039501
727,0.0001263489,0.3333333333,0.0000421163
982,0.0000031046,0.3333333333,0.0000010349
170,0.0000210495,0.5555555556,0.0000116942
966,0.0000408705,0.3333333333,0.0000136235
6053,0.0000009018,0.3333333333,0.0000003006
507,0.0000293410,0.3333333333,0.0000097803
5594,0.0000018406,0.3333333333,0.0000006135
4944,0.0000030829,0.3333333333,0.0000010276
230,0.0000518551,0.3333333333,0.0000172850
5317,0.0000013011,0.3333333333,0.0000004337
959,0.0000056237,0.3333333333,0.0000018746
2727,0.0000025666,0.3333333333,0.0000008555
370,0.0000382146,0.3333333333,0.0000127382
1479,0.0000127134,0.3333333333,0.0000042378
320,0.0000188591,0.3333333333,0.0000062864
5407,0.0000037629,0.3333333333,0.0000012543
5202,0.0000015168,0.3333333333,0.0000005056
115,0.0000118622,0.3333333333,0.0000039541
488,0.0000456803,0.3333333333,0.0000152268
286,0.0000122383,0.3333333333,0.0000040794
5373,0.0000009003,0.3333333333,0.0000003001
2752,0.0000027241,0.3333333333,0.0000009080
395,0.0000030369,0.3333333333,0.0000010123
273,0.0001243203,0.3333333333,0.0000414401
235,0.0000626617,0.3333333333,0.0000208872
157,0.0000295042,0.3333333333,0.0000098347
350,0.0000050074,0.3333333333,0.0000016691
1459,0.0000066649,0.5555555556,0.0000037027
602,0.0000464510,0.3333333333,0.0000154837
5689,0.0000006352,0.3333333333,0.0000002117
107,0.0000063745,0.3333333333,0.0000021248
2325,0.0000035140,0.3333333333,0.0000011713
484,0.0000104284,0.3333333333,0.0000034761
5571,0.0000049810,0.3333333333,0.0000016603
2123,0.0000036110,0.3333333333,0.0000012037
7210,0.0000012749,0.3333333333,0.0000004250
1014,0.0000099818,0.3333333333,0.0000033273
6101,0.0000007550,0.3333333333,0.0000002517
1894,0.0000054536,0.3333333333,0.0000018179
1160,0.0000091589,0.3333333333,0.0000030530
6247,0.0000007407,0.3333333333,0.0000002469
3517,0.0000032111,0.3333333333,0.0000010704
315,0.0000374651,0.3333333333,0.0000124884
736,0.0000065105,0.3333333333,0.0000021702
5823,0.0000031132,0.3333333333,0.0000010377
891,0.0000090546,0.3333333333,0.0000030182
5605,0.0000025083,0.3333333333,0.0000008361
518,0.0000545216,0.3333333333,0.0000181739
4774,0.0000040138,0.3333333333,0.0000013379
60,0.0000132809,0.4444444444,0.0000059026
5147,0.0000010479,0.3333333333,0.0000003493
1169,0.0000191741,0.3333333333,0.0000063914
6256,0.0000005537,0.3333333333,0.0000001846
260,0.0000515575,0.3333333333,0.0000171858
4588,0.0000064296,0.3333333333,0.0000021432
152,0.0000100692,0.3333333333,0.0000033564
321,0.0000700664,0.3333333333,0.0000233555
688,0.0000070596,0.3333333333,0.0000023532
147,0.0000062933,0.5555555556,0.0000034963
746,0.0000079816,0.5555555556,0.0000044342
5833,0.0000012634,0.3333333333,0.0000004211
278,0.0000157860,0.2222222222,0.0000035080
892,0.0000195240,0.5555555556,0.0000108467
1658,0.0000044599,0.3333333333,0.0000014866
549,0.0000028426,0.2222222222,0.0000006317
5636,0.0000013460,0.3333333333,0.0000004487
5124,0.0000026835,0.3333333333,0.0000008945
37,0.0000116860,0.7777777778,0.0000090891
410,0.0000015857,0.3333333333,0.0000005286
5497,0.0000024466,0.3333333333,0.0000008155
2767,0.0000020377,0.5555555556,0.0000011321
3369,0.0000016195,0.3333333333,0.0000005398
8456,0.0000019899,0.3333333333,0.0000006633
1012,0.0000005629,0.5555555556,0.0000003127
2121,0.0000054506,0.3333333333,0.0000018169
7208,0.0000004709,0.3333333333,0.0000001570
188,0.0000337504,0.3333333333,0.0000112501
1297,0.0000128895,0.3333333333,0.0000042965
6384,0.0000015820,0.3333333333,0.0000005273
414,0.0000332989,0.3333333333,0.0000110996
5501,0.0000003235,0.3333333333,0.0000001078
974,0.0000170311,0.3333333333,0.0000056770
4313,0.0000055406,0.3333333333,0.0000018469
184,0.0000895344,0.3333333333,0.0000298448
5271,0.0000028415,0.3333333333,0.0000009472
4620,0.0000018451,0.3333333333,0.0000006150
236,0.0000502212,0.2222222222,0.0000111603
5323,0.0000027743,0.3333333333,0.0000009248
6059,0.0000018383,0.3333333333,0.0000006128
972,0.0000014268,0.3333333333,0.0000004756
1345,0.0000394883,0.3333333333,0.0000131628
6432,0.0000042223,0.3333333333,0.0000014074
2566,0.0000031738,0.3333333333,0.0000010579
7653,0.0000003492,0.3333333333,0.0000001164
209,0.0000129857,0.5555555556,0.0000072143
1294,0.0000080143,0.3333333333,0.0000026714
342,0.0000099482,0.3333333333,0.0000033161
5166,0.0000020942,0.3333333333,0.0000006981
79,0.0000566526,0.5555555556,0.0000314736
452,0.0000274464,0.3333333333,0.0000091488
5539,0.0000049361,0.5555555556,0.0000027423
1561,0.0000196109,0.3333333333,0.0000065370
6648,0.0000058499,0.3333333333,0.0000019500
95,0.0000133487,0.2222222222,0.0000029664
5182,0.0000025928,0.3333333333,0.0000008643
316,0.0001087049,0.3333333333,0.0000362350
5403,0.0000026859,0.3333333333,0.0000008953
864,0.0000154754,0.3333333333,0.0000051585
725,0.0000690097,0.3333333333,0.0000230032
5812,0.0000100268,0.3333333333,0.0000033423
3082,0.0000016941,0.3333333333,0.0000005647
1039,0.0000140211,0.3333333333,0.0000046737
313,0.0000135500,0.3333333333,0.0000045167
5400,0.0000018925,0.3333333333,0.0000006308
289,0.0001213908,0.3333333333,0.0000404636
3755,0.0000013209,0.3333333333,0.0000004403
1398,0.0000186706,0.3333333333,0.0000062235
501,0.0000325388,0.3333333333,0.0000108463
216,0.0000036818,0.3333333333,0.0000012273
906,0.0000167270,0.2222222222,0.0000037171
145,0.0000182412,0.3333333333,0.0000060804
5232,0.0000007247,0.3333333333,0.0000002416
1254,0.0000025906,0.3333333333,0.0000008635
3426,0.0000020823,0.3333333333,0.0000006941
1069,0.0000058062,0.3333333333,0.0000019354
1761,0.0000233433,0.3333333333,0.0000077811
8832,0.0000010927,0.3333333333,0.0000003642
3745,0.0000023024,0.3333333333,0.0000007675
329,0.0000672652,0.3333333333,0.0000224217
1438,0.0000683743,0.3333333333,0.0000227914
190,0.0000195355,0.5555555556,0.0000108531
2547,0.0000056949,0.3333333333,0.0000018983
4994,0.0000022017,0.3333333333,0.0000007339
280,0.0000148721,0.3333333333,0.0000049574
5367,0.0000017913,0.3333333333,0.0000005971
233,0.0000058636,0.3333333333,0.0000019545
330,0.0000099766,0.3333333333,0.0000033255
3796,0.0000075236,0.3333333333,0.0000025079
1439,0.0000173587,0.3333333333,0.0000057862
2451,0.0000060505,0.3333333333,0.0000020168
7538,0.0000011593,0.5555555556,0.0000006440
94,0.0000541469,0.3333333333,0.0000180490
3560,0.0000126608,0.3333333333,0.0000042203
1203,0.0000415188,0.2222222222,0.0000092264
229,0.0000072112,0.2222222222,0.0000016025
1940,0.0000015887,0.3333333333,0.0000005296
1056,0.0000724474,0.3333333333,0.0000241491
4383,0.0000058817,0.3333333333,0.0000019606
2165,0.0000096684,0.3333333333,0.0000032228
503,0.0000356487,0.3333333333,0.0000118829
328,0.0000341047,0.3333333333,0.0000113682
1437,0.0000028355,0.5555555556,0.0000015753
521,0.0000095310,0.2222222222,0.0000021180
5253,0.0000004430,0.3333333333,0.0000001477
166,0.0000527687,0.3333333333,0.0000175896
539,0.0000094683,0.3333333333,0.0000031561
1036,0.0000107199,0.3333333333,0.0000035733
4783,0.0000016436,0.3333333333,0.0000005479
69,0.0000513247,0.3333333333,0.0000171082
5156,0.0000052060,0.3333333333,0.0000017353
541,0.0000854285,0.3333333333,0.0000284762
5628,0.0000006363,0.3333333333,0.0000002121
5179,0.0000018912,0.3333333333,0.0000006304
92,0.0000277908,0.5555555556,0.0000154393
465,0.0000390094,0.3333333333,0.0000130031
1875,0.0000025066,0.3333333333,0.0000008355
766,0.0000038749,0.3333333333,0.0000012916
1334,0.0000257513,0.3333333333,0.0000085838
4939,0.0000042409,0.3333333333,0.0000014136
225,0.0000298536,0.2222222222,0.0000066341
2609,0.0000024286,0.3333333333,0.0000008095
252,0.0000215958,0.3333333333,0.0000071986
5339,0.0000013996,0.3333333333,0.0000004665
183,0.0000525870,0.3333333333,0.0000175290
344,0.0001170112,0.3333333333,0.0000390037
5431,0.0000020752,0.3333333333,0.0000006917
494,0.0000174920,0.3333333333,0.0000058307
1603,0.0000169192,0.3333333333,0.0000056397
6690,0.0000057282,0.3333333333,0.0000019094
898,0.0000021639,0.3333333333,0.0000007213
2838,0.0000048809,0.3333333333,0.0000016270
481,0.0000105315,0.3333333333,0.0000035105
5568,0.0000008035,0.3333333333,0.0000002678
1337,0.0000124412,0.3333333333,0.0000041471
3694,0.0000022181,0.5555555556,0.0000012323
367,0.0000742063,0.3333333333,0.0000247354
164,0.0000092634,0.3333333333,0.0000030878
5251,0.0000020215,0.3333333333,0.0000006738
1246,0.0000178617,0.3333333333,0.0000059539
137,0.0000744921,0.3333333333,0.0000248307
5224,0.0000014895,0.3333333333,0.0000004965
1843,0.0000040551,0.3333333333,0.0000013517
734,0.0000323377,0.3333333333,0.0000107792
5821,0.0000033162,0.3333333333,0.0000011054
4934,0.0000013188,0.2222222222,0.0000002931
220,0.0000095358,0.5555555556,0.0000052976
5307,0.0000009621,0.3333333333,0.0000003207
398,0.0000396649,0.3333333333,0.0000132216
939,0.0000067422,0.3333333333,0.0000022474
3115,0.0000102234,0.3333333333,0.0000034078
758,0.0000321616,0.3333333333,0.0000107205
1867,0.0000075883,0.3333333333,0.0000025294
6954,0.0000006447,0.3333333333,0.0000002149
2693,0.0000019549,0.3333333333,0.0000006516
7780,0.0000006942,0.3333333333,0.0000002314
336,0.0000099391,0.3333333333,0.0000033130
5423,0.0000015522,0.3333333333,0.0000005174
877,0.0000553678,0.3333333333,0.0000184559
1613,0.0000081634,0.3333333333,0.0000027211
6700,0.0000032370,0.3333333333,0.0000010790
405,0.0000081504,0.3333333333,0.0000027168
2660,0.0000039227,0.3333333333,0.0000013076
303,0.0000046388,0.2222222222,0.0000010308
202,0.0000335059,0.2222222222,0.0000074458
1416,0.0000082530,0.3333333333,0.0000027510
2620,0.0000079147,0.3333333333,0.0000026382
263,0.0000623441,0.3333333333,0.0000207814
5350,0.0000018137,0.3333333333,0.0000006046
839,0.0000836792,0.3333333333,0.0000278931
1948,0.0000029718,0.5555555556,0.0000016510
5250,0.0000057056,0.3333333333,0.0000019019
163,0.0000045263,0.5555555556,0.0000025146
536,0.0000304576,0.2222222222,0.0000067684
114,0.0000309134,0.5555555556,0.0000171741
5201,0.0000028840,0.5555555556,0.0000016022
1915,0.0000037482,0.3333333333,0.0000012494
7002,0.0000013205,0.3333333333,0.0000004402
208,0.0000095904,0.3333333333,0.0000031968
930,0.0000096359,0.5555555556,0.0000053533
2747,0.0000033444,0.3333333333,0.0000011148
7461,0.0000004512,0.3333333333,0.0000001504
2374,0.0000042054,0.3333333333,0.0000014018
390,0.0000085437,0.3333333333,0.0000028479
7268,0.0000014663,0.3333333333,0.0000004888
2181,0.0000022332,0.3333333333,0.0000007444
2554,0.0000029472,0.3333333333,0.0000009824
7641,0.0000012558,0.3333333333,0.0000004186
197,0.0000481089,0.5555555556,0.0000267272
1306,0.0000157040,0.3333333333,0.0000052347
211,0.0001248690,0.3333333333,0.0000416230
5298,0.0000029998,0.3333333333,0.0000009999
1320,0.0000257367,0.5555555556,0.0000142982
752,0.0000159367,0.3333333333,0.0000053122
2621,0.0000078800,0.3333333333,0.0000026267
264,0.0000436743,0.5555555556,0.0000242635
1373,0.0000108578,0.3333333333,0.0000036193
253,0.0000277641,0.3333333333,0.0000092547
270,0.0000425854,0.3333333333,0.0000141951
811,0.0000034803,0.3333333333,0.0000011601
5898,0.0000014047,0.3333333333,0.0000004682
4277,0.0000011326,0.3333333333,0.0000003775
1920,0.0000039374,0.3333333333,0.0000013125
2470,0.0000031747,0.3333333333,0.0000010582
113,0.0000042992,0.3333333333,0.0000014331
1782,0.0000026276,0.3333333333,0.0000008759
6869,0.0000012796,0.3333333333,0.0000004265
673,0.0000121390,0.2222222222,0.0000026976
2516,0.0000022872,0.3333333333,0.0000007624
7603,0.0000036995,0.3333333333,0.0000012332
159,0.0001346387,0.3333333333,0.0000448796
5246,0.0000053856,0.3333333333,0.0000017952
4595,0.0000004356,0.3333333333,0.0000001452
2548,0.0000167144,0.3333333333,0.0000055715
7635,0.0000016010,0.3333333333,0.0000005337
191,0.0000368188,0.3333333333,0.0000122729
123,0.0000436062,0.3333333333,0.0000145354
5210,0.0000016112,0.2222222222,0.0000003580
196,0.0000172967,0.2222222222,0.0000038437
5283,0.0000008849,0.3333333333,0.0000002950
309,0.0000349358,0.3333333333,0.0000116453
917,0.0000303103,0.5555555556,0.0000168390
2575,0.0000157223,0.3333333333,0.0000052408
7662,0.0000005388,0.3333333333,0.0000001796
218,0.0000357035,0.3333333333,0.0000119012
3076,0.0000036342,0.3333333333,0.0000012114
719,0.0000066377,0.5555555556,0.0000036876
5806,0.0000031035,0.2222222222,0.0000006897
3907,0.0000045350,0.3333333333,0.0000015117
2456,0.0000149490,0.3333333333,0.0000049830
99,0.0000231251,0.2222222222,0.0000051389
5186,0.0000005351,0.3333333333,0.0000001784
535,0.0000178245,0.3333333333,0.0000059415
2753,0.0000048298,0.3333333333,0.0000016099
4846,0.0000047520,0.3333333333,0.0000015840
132,0.0000064104,0.3333333333,0.0000021368
2703,0.0000036969,0.3333333333,0.0000012323
5060,0.0000022779,0.3333333333,0.0000007593
346,0.0000107666,0.2222222222,0.0000023926
5433,0.0000067778,0.3333333333,0.0000022593
1455,0.0000108650,0.5555555556,0.0000060361
2564,0.0000400095,0.3333333333,0.0000133365
7651,0.0000005337,0.3333333333,0.0000001779
1480,0.0000070416,0.3333333333,0.0000023472
1248,0.0000050070,0.3333333333,0.0000016690
139,0.0001021171,0.2222222222,0.0000226927
5226,0.0000023887,0.2222222222,0.0000005308
7875,0.0000011837,0.3333333333,0.0000003946
2788,0.0000003907,0.3333333333,0.0000001302
112,0.0000326448,0.5555555556,0.0000181360
301,0.0000447964,0.3333333333,0.0000149321
5715,0.0000009104,0.3333333333,0.0000003035
3358,0.0000075413,0.3333333333,0.0000025138
1001,0.0000035254,0.3333333333,0.0000011751
460,0.0000165047,0.5555555556,0.0000091693
78,0.0000608126,0.3333333333,0.0000202709
5165,0.0000013160,0.3333333333,0.0000004387
619,0.0000371676,0.3333333333,0.0000123892
5706,0.0000045731,0.3333333333,0.0000015244
437,0.0000120247,0.5555555556,0.0000066804
881,0.0000241861,0.3333333333,0.0000080620
2805,0.0000052680,0.3333333333,0.0000017560
448,0.0000380361,0.3333333333,0.0000126787
1220,0.0000039292,0.3333333333,0.0000013097
111,0.0000649634,0.7777777778,0.0000505271
5198,0.0000030173,0.3333333333,0.0000010058
138,0.0000080189,0.3333333333,0.0000026730
5225,0.0000027800,0.3333333333,0.0000009267
281,0.0000339596,0.3333333333,0.0000113199
867,0.0000915088,0.3333333333,0.0000305029
2683,0.0000071566,0.3333333333,0.0000023855
326,0.0000209204,0.5555555556,0.0000116224
5413,0.0000012028,0.3333333333,0.0000004009
6149,0.0000010059,0.3333333333,0.0000003353
1062,0.0000091040,0.3333333333,0.0000030347
1435,0.0000093207,0.3333333333,0.0000031069
6522,0.0000025152,0.3333333333,0.0000008384
392,0.0000107258,0.5555555556,0.0000059588
968,0.0000074472,0.5555555556,0.0000041373
6055,0.0000043087,0.3333333333,0.0000014362
4295,0.0000086303,0.3333333333,0.0000028768
222,0.0000145454,0.5555555556,0.0000080808
3688,0.0000005454,0.3333333333,0.0000001818
1331,0.0000784276,0.3333333333,0.0000261425
6418,0.0000017115,0.3333333333,0.0000005705
8878,0.0000009854,0.3333333333,0.0000003285
3791,0.0000033484,0.3333333333,0.0000011161
2363,0.0000055503,0.3333333333,0.0000018501
6,0.0000257797,0.6666666667,0.0000171864
1066,0.0000051789,0.3333333333,0.0000017263
31,0.0000007668,0.4444444444,0.0000003408
1140,0.0000118447,0.3333333333,0.0000039482
2736,0.0000036733,0.3333333333,0.0000012244
2875,0.0000043619,0.3333333333,0.0000014540
3984,0.0000039601,0.3333333333,0.0000013200
1627,0.0000216384,0.3333333333,0.0000072128
2538,0.0000084213,0.3333333333,0.0000028071
181,0.0000060016,0.2222222222,0.0000013337
1290,0.0000020950,0.3333333333,0.0000006983
6377,0.0000012238,0.3333333333,0.0000004079
8296,0.0000014491,0.3333333333,0.0000004830
3209,0.0000003262,0.3333333333,0.0000001087
533,0.0000682396,0.5555555556,0.0000379109
2751,0.0000289346,0.3333333333,0.0000096449
1656,0.0000031612,0.3333333333,0.0000010537
33,0.0000664431,0.7777777778,0.0000516780
4608,0.0000063979,0.3333333333,0.0000021326
2251,0.0000106656,0.3333333333,0.0000035552
5856,0.0000011274,0.3333333333,0.0000003758
3499,0.0000079933,0.3333333333,0.0000026644
1142,0.0000062236,0.3333333333,0.0000020745
4754,0.0000004075,0.3333333333,0.0000001358
40,0.0000715032,0.5555555556,0.0000397240
5127,0.0000007191,0.5555555556,0.0000003995
3506,0.0000010566,0.3333333333,0.0000003522
1149,0.0000049398,0.3333333333,0.0000016466
7558,0.0000003955,0.3333333333,0.0000001318
2471,0.0000010576,0.3333333333,0.0000003525
487,0.0000093333,0.3333333333,0.0000031111
5574,0.0000017428,0.3333333333,0.0000005809
1028,0.0000056214,0.5555555556,0.0000031230
6115,0.0000024120,0.3333333333,0.0000008040
1937,0.0000211111,0.3333333333,0.0000070370
7024,0.0000007627,0.3333333333,0.0000002542
3185,0.0000283187,0.3333333333,0.0000094396
828,0.0000135102,0.3333333333,0.0000045034
5915,0.0000002217,0.3333333333,0.0000000739
2671,0.0000023508,0.2222222222,0.0000005224
7758,0.0000014482,0.3333333333,0.0000004827
314,0.0000081221,0.3333333333,0.0000027074
1139,0.0000122912,0.3333333333,0.0000040971
6226,0.0000061919,0.3333333333,0.0000020640
4744,0.0000038500,0.3333333333,0.0000012833
30,0.0000443035,0.3333333333,0.0000147678
1166,0.0000031441,0.3333333333,0.0000010480
2427,0.0000172314,0.3333333333,0.0000057438
70,0.0000524242,0.3333333333,0.0000174747
5157,0.0000055906,0.3333333333,0.0000018635
3566,0.0000026014,0.2222222222,0.0000005781
1209,0.0000349655,0.3333333333,0.0000116552
2457,0.0000058943,0.3333333333,0.0000019648
100,0.0000374877,0.5555555556,0.0000208265
127,0.0001007483,0.3333333333,0.0000335828
5214,0.0000016977,0.3333333333,0.0000005659
1236,0.0000163341,0.5555555556,0.0000090745
6323,0.0000005011,0.3333333333,0.0000001670
586,0.0000502365,0.3333333333,0.0000167455
5673,0.0000003134,0.3333333333,0.0000001045
2402,0.0000050549,0.3333333333,0.0000016850
7489,0.0000008731,0.3333333333,0.0000002910
45,0.0000179706,0.7777777778,0.0000139771
248,0.0001066997,0.3333333333,0.0000355666
5335,0.0000025335,0.3333333333,0.0000008445
5016,0.0000027424,0.3333333333,0.0000009141
172,0.0001929478,0.3333333333,0.0000643159
620,0.0000626193,0.3333333333,0.0000208731
2436,0.0000083595,0.3333333333,0.0000027865
7523,0.0000001873,0.3333333333,0.0000000624
1188,0.0000170203,0.3333333333,0.0000056734
6275,0.0000014246,0.3333333333,0.0000004749
4376,0.0000104074,0.3333333333,0.0000034691
333,0.0000176576,0.3333333333,0.0000058859
5420,0.0000016513,0.3333333333,0.0000005504
76,0.0000955227,0.2222222222,0.0000212273
2294,0.0000086452,0.3333333333,0.0000028817
153,0.0000169440,0.3333333333,0.0000056480
5240,0.0000012011,0.3333333333,0.0000004004
1262,0.0000110225,0.3333333333,0.0000036742
6349,0.0000011646,0.3333333333,0.0000003882
128,0.0000706472,0.5555555556,0.0000392485
131,0.0000731978,0.3333333333,0.0000243993
1240,0.0000050054,0.3333333333,0.0000016685
409,0.0000384536,0.3333333333,0.0000128179
7402,0.0000009642,0.3333333333,0.0000003214
2315,0.0000013811,0.3333333333,0.0000004604
331,0.0000092253,0.3333333333,0.0000030751
1440,0.0000374034,0.3333333333,0.0000124678
2431,0.0000027346,0.3333333333,0.0000009115
74,0.0000760248,0.3333333333,0.0000253416
1183,0.0000062440,0.3333333333,0.0000020813
43,0.0000561636,0.3333333333,0.0000187212
5130,0.0000019996,0.3333333333,0.0000006665
2261,0.0000047147,0.3333333333,0.0000015716
300,0.0000048917,0.5555555556,0.0000027176
5387,0.0000021504,0.3333333333,0.0000007168
155,0.0000175329,0.5555555556,0.0000097405
3872,0.0000035631,0.3333333333,0.0000011877
545,0.0000164795,0.3333333333,0.0000054932
3524,0.0000057233,0.3333333333,0.0000019078
8611,0.0000002034,0.3333333333,0.0000000678
1167,0.0000464384,0.3333333333,0.0000154795
2415,0.0000108192,0.3333333333,0.0000036064
58,0.0000050041,0.2222222222,0.0000011120
339,0.0000184967,0.3333333333,0.0000061656
5426,0.0000016674,0.3333333333,0.0000005558
82,0.0000369063,0.3333333333,0.0000123021
5169,0.0000023896,0.3333333333,0.0000007965
5820,0.0000064228,0.3333333333,0.0000021409
733,0.0000282517,0.3333333333,0.0000094172
951,0.0000023773,0.3333333333,0.0000007924
6038,0.0000026444,0.3333333333,0.0000008815
2057,0.0000045324,0.3333333333,0.0000015108
504,0.0000066187,0.3333333333,0.0000022062
7575,0.0000005224,0.3333333333,0.0000001741
2488,0.0000013975,0.3333333333,0.0000004658
921,0.0000098843,0.3333333333,0.0000032948
6008,0.0000039091,0.3333333333,0.0000013030
2358,0.0000099144,0.3333333333,0.0000033048
7445,0.0000021209,0.3333333333,0.0000007070
1,0.0000000000,0.0000000000,0.0000000000
5088,0.0000039519,0.3333333333,0.0000013173
971,0.0000046732,0.3333333333,0.0000015577
3328,0.0000178510,0.3333333333,0.0000059503
8415,0.0000011668,0.3333333333,0.0000003889
2393,0.0000094475,0.2222222222,0.0000020994
36,0.0000628711,0.5555555556,0.0000349284
47,0.0001818926,0.5555555556,0.0001010514
5134,0.0000017700,0.3333333333,0.0000005900
1413,0.0000146557,0.3333333333,0.0000048852
55,0.0000241737,0.2222222222,0.0000053719
5142,0.0000004656,0.3333333333,0.0000001552
3382,0.0000372364,0.3333333333,0.0000124121
2539,0.0000063534,0.3333333333,0.0000021178
7626,0.0000030845,0.3333333333,0.0000010282
182,0.0000717926,0.3333333333,0.0000239309
5269,0.0000006358,0.3333333333,0.0000002119
926,0.0000032401,0.3333333333,0.0000010800
6013,0.0000008733,0.3333333333,0.0000002911
2742,0.0000084878,0.3333333333,0.0000028293
385,0.0000174392,0.3333333333,0.0000058131
8538,0.0000024084,0.3333333333,0.0000008028
3824,0.0000011209,0.3333333333,0.0000003736
1467,0.0000098261,0.3333333333,0.0000032754
22,0.0000775538,0.3333333333,0.0000258513
5109,0.0000015242,0.3333333333,0.0000005081
1131,0.0000084487,0.3333333333,0.0000028162
4758,0.0000057342,0.3333333333,0.0000019114
44,0.0000411231,0.5555555556,0.0000228462
5131,0.0000033401,0.3333333333,0.0000011134
2462,0.0000147276,0.3333333333,0.0000049092
105,0.0000993983,0.2222222222,0.0000220885
87,0.0001280382,0.3333333333,0.0000426794
1009,0.0000422251,0.3333333333,0.0000140750
98,0.0000055081,0.3333333333,0.0000018360
1207,0.0000019028,0.3333333333,0.0000006343
2712,0.0000214799,0.3333333333,0.0000071600
7799,0.0000003313,0.3333333333,0.0000001104
5069,0.0000028470,0.3333333333,0.0000009490
355,0.0000117321,0.3333333333,0.0000039107
382,0.0000070700,0.3333333333,0.0000023567
2921,0.0000106089,0.3333333333,0.0000035363
564,0.0000032666,0.2222222222,0.0000007259
5651,0.0000021352,0.3333333333,0.0000007117
1673,0.0000160750,0.3333333333,0.0000053583
23,0.0000182251,0.2222222222,0.0000040500
5110,0.0000014447,0.3333333333,0.0000004816
226,0.0000179487,0.3333333333,0.0000059829
5313,0.0000031651,0.3333333333,0.0000010550
3665,0.0000219006,0.3333333333,0.0000073002
1308,0.0000274251,0.3333333333,0.0000091417
407,0.0001479045,0.3333333333,0.0000493015
1516,0.0000157507,0.5555555556,0.0000087504
96,0.0000093265,0.5555555556,0.0000051814
985,0.0000019578,0.3333333333,0.0000006526
6072,0.0000011120,0.3333333333,0.0000003707
3342,0.0000127410,0.3333333333,0.0000042470
7086,0.0000020580,0.3333333333,0.0000006860
1999,0.0000135864,0.5555555556,0.0000075480
2372,0.0000036118,0.3333333333,0.0000012039
15,0.0000170238,0.4444444444,0.0000075661
5102,0.0000018650,0.3333333333,0.0000006217
6669,0.0000018837,0.3333333333,0.0000006279
1582,0.0000005519,0.3333333333,0.0000001840
1124,0.0000182221,0.3333333333,0.0000060740
353,0.0000341587,0.3333333333,0.0000113862
4843,0.0000058139,0.3333333333,0.0000019380
9557,0.0000006487,0.3333333333,0.0000002162
4470,0.0000009468,0.3333333333,0.0000003156
129,0.0000677255,0.3333333333,0.0000225752
5216,0.0000007665,0.3333333333,0.0000002555
3595,0.0000107843,0.3333333333,0.0000035948
8682,0.0000006255,0.3333333333,0.0000002085
1238,0.0000333117,0.3333333333,0.0000111039
2459,0.0000036608,0.3333333333,0.0000012203
4538,0.0000018227,0.3333333333,0.0000006076
643,0.0000029133,0.3333333333,0.0000009711
575,0.0000248420,0.3333333333,0.0000082807
34,0.0000241657,0.7777777778,0.0000187955
1143,0.0000103506,0.3333333333,0.0000034502
2648,0.0000062765,0.3333333333,0.0000020922
291,0.0000400991,0.3333333333,0.0000133664
5378,0.0000040241,0.3333333333,0.0000013414
118,0.0000752753,0.3333333333,0.0000250918
5205,0.0000014455,0.3333333333,0.0000004818
1227,0.0000285159,0.3333333333,0.0000095053
6314,0.0000037683,0.2222222222,0.0000008374
375,0.0000198621,0.3333333333,0.0000066207
5462,0.0000037187,0.3333333333,0.0000012396
8,0.0000376352,0.7777777778,0.0000292719
5095,0.0000034716,0.3333333333,0.0000011572
3111,0.0000136164,0.3333333333,0.0000045388
8656,0.0000010055,0.3333333333,0.0000003352
1488,0.0000093185,0.3333333333,0.0000031062
203,0.0000157501,0.3333333333,0.0000052500
5290,0.0000066917,0.3333333333,0.0000022306
1427,0.0000070495,0.3333333333,0.0000023498
886,0.0000121373,0.2222222222,0.0000026972
5973,0.0000063614,0.3333333333,0.0000021205
4673,0.0000113086,0.3333333333,0.0000037695
237,0.0001017669,0.3333333333,0.0000339223
5324,0.0000022908,0.3333333333,0.0000007636
345,0.0000129082,0.3333333333,0.0000043027
5346,0.0000027659,0.3333333333,0.0000009220
259,0.0000088335,0.3333333333,0.0000029445
632,0.0000330134,0.3333333333,0.0000110045
2448,0.0000030703,0.3333333333,0.0000010234
91,0.0001311316,0.3333333333,0.0000437105
739,0.0000149326,0.3333333333,0.0000049775
5826,0.0000011928,0.3333333333,0.0000003976
1848,0.0000122282,0.3333333333,0.0000040761
1087,0.0000114692,0.3333333333,0.0000038231
3444,0.0000052064,0.5555555556,0.0000028925
117,0.0000304769,0.3333333333,0.0000101590
5204,0.0000005024,0.3333333333,0.0000001675
4912,0.0000016842,0.3333333333,0.0000005614
198,0.0000965711,0.5555555556,0.0000536506
5285,0.0000014699,0.3333333333,0.0000004900
97,0.0000567976,0.3333333333,0.0000189325
140,0.0000557484,0.5555555556,0.0000309713
10,0.0000266022,0.4444444444,0.0000118232
5097,0.0000047038,0.3333333333,0.0000015679
267,0.0000037283,0.3333333333,0.0000012428
5354,0.0000028306,0.5555555556,0.0000015726
4,0.0000038701,0.0000000000,0.0000000000
5091,0.0000020694,0.3333333333,0.0000006898
52,0.0000078526,0.4444444444,0.0000034901
5139,0.0000007199,0.3333333333,0.0000002400
1161,0.0000324301,0.3333333333,0.0000108100
999,0.0000245590,0.2222222222,0.0000054576
334,0.0001916605,0.3333333333,0.0000638868
4909,0.0000031790,0.3333333333,0.0000010597
2552,0.0000030493,0.3333333333,0.0000010164
77,0.0000601972,0.3333333333,0.0000200657
5164,0.0000004542,0.3333333333,0.0000001514
3543,0.0000015073,0.3333333333,0.0000005024
1186,0.0000242410,0.3333333333,0.0000080803
2437,0.0000019069,0.5555555556,0.0000010594
80,0.0000188362,0.4444444444,0.0000083717
4756,0.0000098897,0.3333333333,0.0000032966
42,0.0000114797,0.5555555556,0.0000063776
148,0.0000058487,0.5555555556,0.0000032493
919,0.0000172610,0.3333333333,0.0000057537
1889,0.0000048539,0.3333333333,0.0000016180
4246,0.0000036219,0.3333333333,0.0000012073
4066,0.0000033702,0.3333333333,0.0000011234
1709,0.0000038416,0.3333333333,0.0000012805
2984,0.0000022034,0.3333333333,0.0000007345
8071,0.0000011493,0.3333333333,0.0000003831
627,0.0000355541,0.3333333333,0.0000118514
5714,0.0000016112,0.3333333333,0.0000005371
86,0.0000470249,0.3333333333,0.0000156750
5173,0.0000067052,0.3333333333,0.0000022351
343,0.0000411673,0.3333333333,0.0000137224
5430,0.0000020324,0.3333333333,0.0000006775
1313,0.0000013926,0.3333333333,0.0000004642
3670,0.0000404937,0.3333333333,0.0000134979
1452,0.0000051619,0.3333333333,0.0000017206
6539,0.0000004107,0.3333333333,0.0000001369
597,0.0000377949,0.3333333333,0.0000125983
56,0.0000060870,0.4444444444,0.0000027053
4802,0.0000047561,0.3333333333,0.0000015854
88,0.0000294403,0.3333333333,0.0000098134
5175,0.0000007985,0.3333333333,0.0000002662
1197,0.0000155437,0.3333333333,0.0000051812
1008,0.0000022928,0.5555555556,0.0000012738
629,0.0000239387,0.3333333333,0.0000079796
5716,0.0000005468,0.3333333333,0.0000001823
470,0.0000301644,0.3333333333,0.0000100548
5557,0.0000020099,0.3333333333,0.0000006700
1579,0.0000073484,0.3333333333,0.0000024495
630,0.0000462102,0.3333333333,0.0000154034
5717,0.0000011753,0.3333333333,0.0000003918
2446,0.0000053137,0.3333333333,0.0000017712
7533,0.0000006932,0.3333333333,0.0000002311
89,0.0000985679,0.5555555556,0.0000547599
39,0.0000083691,0.5555555556,0.0000046495
5126,0.0000027201,0.3333333333,0.0000009067
555,0.0000050903,0.5555555556,0.0000028279
5642,0.0000038471,0.3333333333,0.0000012824
14,0.0000137697,0.5555555556,0.0000076498
5101,0.0000047476,0.3333333333,0.0000015825
7339,0.0000019235,0.3333333333,0.0000006412
1120,0.0000088690,0.3333333333,0.0000029563
6207,0.0000005562,0.3333333333,0.0000001854
214,0.0000293972,0.5555555556,0.0000163318
3653,0.0000021098,0.3333333333,0.0000007033
1296,0.0000243254,0.3333333333,0.0000081085
187,0.0000897729,0.4444444444,0.0000398991
489,0.0000115394,0.3333333333,0.0000038465
2846,0.0000044677,0.3333333333,0.0000014892
7933,0.0000006358,0.3333333333,0.0000002119
2498,0.0000064078,0.3333333333,0.0000021359
141,0.0000138465,0.2222222222,0.0000030770
5228,0.0000034827,0.3333333333,0.0000011609
377,0.0000516498,0.3333333333,0.0000172166
2477,0.0000036760,0.2222222222,0.0000008169
120,0.0000495886,0.5555555556,0.0000275492
3586,0.0000080870,0.3333333333,0.0000026957
1229,0.0000241954,0.3333333333,0.0000080651
6316,0.0000006509,0.3333333333,0.0000002170
543,0.0000452009,0.3333333333,0.0000150670
5630,0.0000036160,0.3333333333,0.0000012053
2,0.0000123722,0.0000000000,0.0000000000
5089,0.0000040917,0.3333333333,0.0000013639
3329,0.0000110448,0.3333333333,0.0000036816
2220,0.0000201352,0.3333333333,0.0000067117
653,0.0000294892,0.3333333333,0.0000098297
408,0.0000227312,0.3333333333,0.0000075771
7195,0.0000009408,0.3333333333,0.0000003136
2108,0.0000088683,0.3333333333,0.0000029561
124,0.0000291737,0.5555555556,0.0000162076
5379,0.0000027796,0.3333333333,0.0000009265
292,0.0000263847,0.3333333333,0.0000087949
665,0.0000231815,0.3333333333,0.0000077272
5752,0.0000008583,0.3333333333,0.0000002861
2883,0.0000007777,0.3333333333,0.0000002592
7970,0.0000008652,0.3333333333,0.0000002884
7993,0.0000003376,0.3333333333,0.0000001125
922,0.0000153272,0.3333333333,0.0000051091
1777,0.0000075115,0.3333333333,0.0000025038
3052,0.0000004732,0.3333333333,0.0000001577
695,0.0000178268,0.3333333333,0.0000059423
154,0.0000263675,0.3333333333,0.0000087892
8289,0.0000013843,0.3333333333,0.0000004614
4823,0.0000017663,0.3333333333,0.0000005888
2466,0.0000105648,0.3333333333,0.0000035216
109,0.0000078927,0.5555555556,0.0000043848
136,0.0000980094,0.3333333333,0.0000326698
9347,0.0000013257,0.2222222222,0.0000002946
1584,0.0000042559,0.3333333333,0.0000014186
150,0.0000166513,0.3333333333,0.0000055504
5237,0.0000008419,0.3333333333,0.0000002806
1259,0.0000183359,0.3333333333,0.0000061120
6346,0.0000034895,0.3333333333,0.0000011632
11,0.0000088909,0.6666666667,0.0000059273
2368,0.0000065721,0.3333333333,0.0000021907
5297,0.0000080384,0.3333333333,0.0000026795
210,0.0000569771,0.5555555556,0.0000316539
583,0.0000302519,0.3333333333,0.0000100840
8439,0.0000033618,0.3333333333,0.0000011206
3352,0.0000026747,0.3333333333,0.0000008916
1368,0.0000958950,0.3333333333,0.0000319650
6455,0.0000003507,0.3333333333,0.0000001169
800,0.0000032696,0.3333333333,0.0000010899
5887,0.0000053190,0.3333333333,0.0000017730
29,0.0000163218,0.3333333333,0.0000054406
476,0.0000245968,0.5555555556,0.0000136649
5563,0.0000009418,0.3333333333,0.0000003139
337,0.0000006808,0.2222222222,0.0000001513
2694,0.0000409490,0.3333333333,0.0000136497
133,0.0000636822,0.3333333333,0.0000212274
5220,0.0000014101,0.3333333333,0.0000004700
1176,0.0000559919,0.3333333333,0.0000186640
7138,0.0000010188,0.3333333333,0.0000003396
2051,0.0000017383,0.3333333333,0.0000005794
67,0.0000558822,0.3333333333,0.0000186274
5154,0.0000014403,0.3333333333,0.0000004801
2285,0.0000034136,0.3333333333,0.0000011379
635,0.0000102477,0.3333333333,0.0000034159
435,0.0000119876,0.3333333333,0.0000039959
243,0.0000217297,0.3333333333,0.0000072432
1352,0.0000186661,0.3333333333,0.0000062220
116,0.0000658677,0.3333333333,0.0000219559
5203,0.0000027098,0.3333333333,0.0000009033
942,0.0000036628,0.3333333333,0.0000012209
3637,0.0000005885,0.3333333333,0.0000001962
1280,0.0000355567,0.3333333333,0.0000118522
4963,0.0000045886,0.3333333333,0.0000015295
249,0.0000592936,0.3333333333,0.0000197645
5336,0.0000005781,0.3333333333,0.0000001927
2286,0.0000077560,0.3333333333,0.0000025853
2425,0.0000075596,0.3333333333,0.0000025199
68,0.0000201782,0.5555555556,0.0000112101
2479,0.0000481460,0.3333333333,0.0000160487
122,0.0001233155,0.5555555556,0.0000685086
2340,0.0000003811,0.3333333333,0.0000001270
238,0.0000239787,0.4444444444,0.0000106572
5325,0.0000020315,0.3333333333,0.0000006772
561,0.0000105721,0.3333333333,0.0000035240
5648,0.0000007779,0.3333333333,0.0000002593
1670,0.0000729238,0.3333333333,0.0000243079
20,0.0000407248,0.5555555556,0.0000226249
5107,0.0000043528,0.3333333333,0.0000014509
274,0.0000053628,0.3333333333,0.0000017876
5361,0.0000012293,0.3333333333,0.0000004098
4710,0.0000012505,0.3333333333,0.0000004168
17,0.0000303190,0.4444444444,0.0000134751
5104,0.0000001887,0.5555555556,0.0000001048
2641,0.0000054130,0.3333333333,0.0000018043
3431,0.0000029892,0.3333333333,0.0000009964
8518,0.0000011390,0.3333333333,0.0000003797
104,0.0000566142,0.3333333333,0.0000188714
1213,0.0000473927,0.3333333333,0.0000157976
2483,0.0000013725,0.3333333333,0.0000004575
126,0.0001053767,0.2222222222,0.0000234170
5213,0.0000016263,0.3333333333,0.0000005421
2344,0.0000065039,0.2222222222,0.0000014453
356,0.0000235862,0.3333333333,0.0000078621
5443,0.0000024431,0.3333333333,0.0000008144
7010,0.0000011284,0.3333333333,0.0000003761
1923,0.0000026221,0.3333333333,0.0000008740
3254,0.0000020469,0.3333333333,0.0000006823
897,0.0000125031,0.3333333333,0.0000041677
5984,0.0000014730,0.3333333333,0.0000004910
16,0.0000600868,0.5555555556,0.0000333816
143,0.0001275919,0.3333333333,0.0000425306
2478,0.0000239616,0.3333333333,0.0000079872
7565,0.0000003057,0.3333333333,0.0000001019
121,0.0000312618,0.3333333333,0.0000104206
2339,0.0000322601,0.5555555556,0.0000179223
73,0.0000891115,0.5555555556,0.0000495064
4844,0.0000157358,0.3333333333,0.0000052453
130,0.0000127709,0.7777777778,0.0000099329
4983,0.0000013339,0.3333333333,0.0000004446
2626,0.0000316428,0.3333333333,0.0000105476
12,0.0000765056,0.7777777778,0.0000595043
5099,0.0000019397,0.3333333333,0.0000006466
1121,0.0000130304,0.3333333333,0.0000043435
1941,0.0000042518,0.5555555556,0.0000023621
3388,0.0000021485,0.3333333333,0.0000007162
1031,0.0000145131,0.3333333333,0.0000048377
6118,0.0000017017,0.3333333333,0.0000005672
1723,0.0000056862,0.3333333333,0.0000018954
8794,0.0000010434,0.3333333333,0.0000003478
3707,0.0000042217,0.3333333333,0.0000014072
1862,0.0000016367,0.5555555556,0.0000009093
2901,0.0000157083,0.3333333333,0.0000052361
5258,0.0000008563,0.3333333333,0.0000002854
171,0.0000952996,0.3333333333,0.0000317665
544,0.0000099650,0.3333333333,0.0000033217
5631,0.0000008200,0.5555555556,0.0000004556
1085,0.0000194082,0.5555555556,0.0000107823
2194,0.0000061561,0.3333333333,0.0000020520
3,0.0000068431,0.0000000000,0.0000000000
2866,0.0000100590,0.3333333333,0.0000033530
509,0.0000055702,0.3333333333,0.0000018567
569,0.0000516831,0.3333333333,0.0000172277
28,0.0001147413,0.2222222222,0.0000254981
5115,0.0000019085,0.3333333333,0.0000006362
64,0.0000682636,0.3333333333,0.0000227545
63,0.0000025375,0.4444444444,0.0000011278
5150,0.0000080412,0.3333333333,0.0000026804
444,0.0000014103,0.3333333333,0.0000004701
41,0.0000525908,0.3333333333,0.0000175303
1150,0.0000336137,0.3333333333,0.0000112046
582,0.0000084385,0.3333333333,0.0000028128
231,0.0000106456,0.2222222222,0.0000023657
227,0.0000274567,0.3333333333,0.0000091522
5314,0.0000004775,0.5555555556,0.0000002653
2948,0.0000040073,0.3333333333,0.0000013358
591,0.0000178394,0.3333333333,0.0000059465
4057,0.0000010407,0.3333333333,0.0000003469
1700,0.0000013336,0.3333333333,0.0000004445
4764,0.0000007753,0.3333333333,0.0000002584
50,0.0000087591,0.5555555556,0.0000048661
2268,0.0000149118,0.3333333333,0.0000049706
7098,0.0000027131,0.5555555556,0.0000015073
2011,0.0000021030,0.3333333333,0.0000007010
27,0.0000287614,0.5555555556,0.0000159785
5114,0.0000011443,0.3333333333,0.0000003814
1109,0.0000254197,0.3333333333,0.0000084732
6196,0.0000005736,0.3333333333,0.0000001912
7333,0.0000010134,0.3333333333,0.0000003378
2246,0.0000020802,0.3333333333,0.0000006934
262,0.0000372135,0.5555555556,0.0000206741
4719,0.0000035586,0.3333333333,0.0000011862
5,0.0000153897,0.6666666667,0.0000102598
5092,0.0000002837,0.3333333333,0.0000000946
219,0.0000667539,0.3333333333,0.0000222513
1328,0.0000048792,0.3333333333,0.0000016264
2467,0.0000058764,0.3333333333,0.0000019588
7554,0.0000006884,0.3333333333,0.0000002295
110,0.0000600213,0.3333333333,0.0000200071
5197,0.0000029264,0.3333333333,0.0000009755
7299,0.0000039668,0.3333333333,0.0000013223
228,0.0000888427,0.3333333333,0.0000296142
5315,0.0000011676,0.3333333333,0.0000003892
3408,0.0000099223,0.3333333333,0.0000033074
162,0.0001597090,0.3333333333,0.0000532363
658,0.0000087894,0.3333333333,0.0000029298
5745,0.0000030561,0.3333333333,0.0000010187
577,0.0000649041,0.3333333333,0.0000216347
5664,0.0000010334,0.3333333333,0.0000003445
8340,0.0000021389,0.3333333333,0.0000007130
3253,0.0000049963,0.5555555556,0.0000027757
3257,0.0000026120,0.3333333333,0.0000008707
7971,0.0000051048,0.3333333333,0.0000017016
900,0.0000038251,0.3333333333,0.0000012750
5987,0.0000037060,0.3333333333,0.0000012353
359,0.0000642615,0.3333333333,0.0000214205
193,0.0000115316,0.5555555556,0.0000064065
1302,0.0000314615,0.3333333333,0.0000104872
201,0.0000538420,0.3333333333,0.0000179473
4924,0.0000041077,0.3333333333,0.0000013692
3676,0.0000046574,0.3333333333,0.0000015525
1319,0.0000023880,0.3333333333,0.0000007960
3906,0.0000041316,0.3333333333,0.0000013772
1549,0.0000009387,0.3333333333,0.0000003129
440,0.0000399472,0.3333333333,0.0000133157
467,0.0000266262,0.3333333333,0.0000088754
308,0.0000609015,0.3333333333,0.0000203005
2408,0.0000033275,0.3333333333,0.0000011092
51,0.0000270175,0.3333333333,0.0000090058
179,0.0000801127,0.3333333333,0.0000267042
693,0.0000058950,0.5555555556,0.0000032750
5780,0.0000010066,0.3333333333,0.0000003355
702,0.0000051815,0.3333333333,0.0000017272
5789,0.0000030953,0.2222222222,0.0000006878
4875,0.0000030366,0.3333333333,0.0000010122
161,0.0000855406,0.3333333333,0.0000285135
5248,0.0000003780,0.3333333333,0.0000001260
21,0.0000820987,0.3333333333,0.0000273662
2963,0.0000031327,0.3333333333,0.0000010442
606,0.0000308999,0.3333333333,0.0000103000
5693,0.0000010703,0.3333333333,0.0000003568
2040,0.0000096231,0.3333333333,0.0000032077
417,0.0000321393,0.3333333333,0.0000107131
4174,0.0000117887,0.3333333333,0.0000039296
1817,0.0000055853,0.3333333333,0.0000018618
2551,0.0000034209,0.3333333333,0.0000011403
194,0.0000127709,0.3333333333,0.0000042570
2395,0.0000251731,0.3333333333,0.0000083910
7482,0.0000019401,0.3333333333,0.0000006467
4752,0.0000014257,0.3333333333,0.0000004752
38,0.0000170219,0.3333333333,0.0000056740
2256,0.0000143446,0.5555555556,0.0000079692
717,0.0000018840,0.3333333333,0.0000006280
678,0.0000211382,0.3333333333,0.0000070461
5765,0.0000013285,0.3333333333,0.0000004428
241,0.0000302128,0.3333333333,0.0000100709
1350,0.0000119677,0.3333333333,0.0000039892
4848,0.0000005562,0.3333333333,0.0000001854
134,0.0000083512,0.5555555556,0.0000046395
49,0.0000558461,0.3333333333,0.0000186154
5136,0.0000016575,0.3333333333,0.0000005525
1158,0.0000221238,0.3333333333,0.0000073746
6245,0.0000019153,0.3333333333,0.0000006384
215,0.0000315029,0.3333333333,0.0000105010
2721,0.0000015003,0.3333333333,0.0000005001
364,0.0000332038,0.3333333333,0.0000110679
5451,0.0000039596,0.3333333333,0.0000013199
1446,0.0000027027,0.3333333333,0.0000009009
6533,0.0000022949,0.3333333333,0.0000007650
4885,0.0000031795,0.3333333333,0.0000010598
2528,0.0000081333,0.3333333333,0.0000027111
513,0.0000423226,0.5555555556,0.0000235126
5600,0.0000079979,0.3333333333,0.0000026660
1622,0.0000098804,0.3333333333,0.0000032935
175,0.0001508292,0.3333333333,0.0000502764
5262,0.0000024967,0.3333333333,0.0000008322
4155,0.0000076560,0.3333333333,0.0000025520
1798,0.0000156083,0.3333333333,0.0000052028
689,0.0000329723,0.3333333333,0.0000109908
4953,0.0000174468,0.3333333333,0.0000058156
239,0.0000797087,0.2222222222,0.0000177130
5326,0.0000069157,0.3333333333,0.0000023052
4863,0.0000016540,0.3333333333,0.0000005513
149,0.0000573640,0.3333333333,0.0000191213
5236,0.0000012688,0.3333333333,0.0000004229
1258,0.0000080519,0.3333333333,0.0000026840
1332,0.0000068083,0.3333333333,0.0000022694
4659,0.0000020627,0.3333333333,0.0000006876
480,0.0000119830,0.5555555556,0.0000066572
4638,0.0000148085,0.3333333333,0.0000049362
2515,0.0000029333,0.3333333333,0.0000009778
7602,0.0000009049,0.3333333333,0.0000003016
158,0.0000264929,0.2222222222,0.0000058873
578,0.0000372174,0.3333333333,0.0000124058
2394,0.0000051893,0.3333333333,0.0000017298
4081,0.0000015970,0.3333333333,0.0000005323
1863,0.0000077305,0.2222222222,0.0000017179
5008,0.0000005214,0.3333333333,0.0000001738
2651,0.0000170209,0.3333333333,0.0000056736
294,0.0000834985,0.3333333333,0.0000278328
567,0.0000060696,0.5555555556,0.0000033720
5654,0.0000007184,0.3333333333,0.0000002395
2383,0.0000085822,0.3333333333,0.0000028607
26,0.0000574345,0.5555555556,0.0000319080
1081,0.0000302853,0.3333333333,0.0000100951
2897,0.0000083968,0.3333333333,0.0000027989
540,0.0000240043,0.3333333333,0.0000080014
1649,0.0000090159,0.3333333333,0.0000030053
4762,0.0000060439,0.3333333333,0.0000020146
2405,0.0000097448,0.3333333333,0.0000032483
7492,0.0000008376,0.3333333333,0.0000002792
48,0.0001192669,0.3333333333,0.0000397556
5135,0.0000005252,0.3333333333,0.0000001751
2381,0.0000271563,0.3333333333,0.0000090521
24,0.0000797364,0.3333333333,0.0000265788
5111,0.0000005302,0.3333333333,0.0000001767
1823,0.0000070594,0.3333333333,0.0000023531
6910,0.0000041651,0.3333333333,0.0000013884
714,0.0000184155,0.5555555556,0.0000102308
5801,0.0000006839,0.3333333333,0.0000002280
3831,0.0000032579,0.3333333333,0.0000010860
1474,0.0000149916,0.3333333333,0.0000049972
2370,0.0000021814,0.3333333333,0.0000007271
13,0.0000375426,0.7777777778,0.0000291998
4169,0.0000012356,0.3333333333,0.0000004119
1812,0.0000081835,0.3333333333,0.0000027278
6899,0.0000005749,0.3333333333,0.0000001916
3060,0.0000021838,0.3333333333,0.0000007279
8147,0.0000018519,0.3333333333,0.0000006173
703,0.0000249246,0.3333333333,0.0000083082
5790,0.0000005652,0.3333333333,0.0000001884
7363,0.0000033961,0.3333333333,0.0000011320
5006,0.0000037813,0.3333333333,0.0000012604
368,0.0000343964,0.3333333333,0.0000114655
5455,0.0000043796,0.3333333333,0.0000014599
1450,0.0000562993,0.3333333333,0.0000187664
6537,0.0000003407,0.3333333333,0.0000001136
2411,0.0000044603,0.3333333333,0.0000014868
7125,0.0000006101,0.3333333333,0.0000002034
2038,0.0000006603,0.3333333333,0.0000002201
54,0.0000252767,0.4444444444,0.0000112341
2289,0.0000126287,0.3333333333,0.0000042096
71,0.0000656018,0.2222222222,0.0000145782
18,0.0000110369,0.6666666667,0.0000073579
5105,0.0000007091,0.3333333333,0.0000002364
101,0.0000858219,0.5555555556,0.0000476788
5188,0.0000014410,0.3333333333,0.0000004803
2923,0.0000078544,0.3333333333,0.0000026181
566,0.0000251909,0.3333333333,0.0000083970
5653,0.0000014318,0.5555555556,0.0000007954
427,0.0000207124,0.3333333333,0.0000069041
2784,0.0000022296,0.3333333333,0.0000007432
4739,0.0000039211,0.3333333333,0.0000013070
25,0.0000515378,0.3333333333,0.0000171793
5112,0.0000020117,0.3333333333,0.0000006706
622,0.0000129130,0.3333333333,0.0000043043
108,0.0000551303,0.5555555556,0.0000306279
3574,0.0000050698,0.3333333333,0.0000016899
1217,0.0000170396,0.3333333333,0.0000056799
6304,0.0000016864,0.3333333333,0.0000005621
2326,0.0000152213,0.3333333333,0.0000050738
5359,0.0000065185,0.3333333333,0.0000021728
272,0.0000275162,0.3333333333,0.0000091721
3002,0.0000015292,0.3333333333,0.0000005097
645,0.0000016206,0.3333333333,0.0000005402
5732,0.0000029091,0.3333333333,0.0000009697
2520,0.0000020577,0.3333333333,0.0000006859
4870,0.0000040944,0.3333333333,0.0000013648
156,0.0000075473,0.3333333333,0.0000025158
5243,0.0000050982,0.3333333333,0.0000016994
2964,0.0000168794,0.3333333333,0.0000056265
607,0.0000787141,0.3333333333,0.0000262380
1716,0.0000042497,0.3333333333,0.0000014166
2423,0.0000101775,0.3333333333,0.0000033925
66,0.0001119177,0.3333333333,0.0000373059
1175,0.0000178594,0.3333333333,0.0000059531
180,0.0000535553,0.3333333333,0.0000178518
1289,0.0000117804,0.3333333333,0.0000039268
7487,0.0000029368,0.3333333333,0.0000009789
2400,0.0000016796,0.5555555556,0.0000009331
416,0.0000122621,0.3333333333,0.0000040874
5503,0.0000025740,0.3333333333,0.0000008580
4773,0.0000031268,0.3333333333,0.0000010423
59,0.0000602975,0.5555555556,0.0000334986
5146,0.0000037644,0.3333333333,0.0000012548
2277,0.0000248799,0.3333333333,0.0000082933
2410,0.0000046587,0.3333333333,0.0000015529
53,0.0001244507,0.3333333333,0.0000414836
5140,0.0000066034,0.3333333333,0.0000022011
250,0.0000722246,0.3333333333,0.0000240749
453,0.0000448282,0.3333333333,0.0000149427
5540,0.0000006671,0.3333333333,0.0000002224
1562,0.0000040374,0.3333333333,0.0000013458
1423,0.0000042179,0.3333333333,0.0000014060
3780,0.0000036499,0.3333333333,0.0000012166
1535,0.0000164365,0.3333333333,0.0000054788
426,0.0000169039,0.3333333333,0.0000056346
5513,0.0000023356,0.5555555556,0.0000012975
601,0.0000205596,0.3333333333,0.0000068532
5688,0.0000048872,0.3333333333,0.0000016291
2116,0.0000128518,0.3333333333,0.0000042839
7203,0.0000005001,0.3333333333,0.0000001667
1007,0.0000054878,0.3333333333,0.0000018293
6094,0.0000022664,0.3333333333,0.0000007555
2171,0.0000067465,0.3333333333,0.0000022488
7,0.0000170942,0.5555555556,0.0000094968
5094,0.0000037454,0.3333333333,0.0000012485
2447,0.0000033730,0.3333333333,0.0000011243
90,0.0000614709,0.4444444444,0.0000273204
612,0.0000084586,0.3333333333,0.0000028195
5699,0.0000007338,0.3333333333,0.0000002446
32,0.0000188245,0.5555555556,0.0000104581
5119,0.0000006484,0.3333333333,0.0000002161
4723,0.0000082073,0.3333333333,0.0000027358
9,0.0000179439,0.7777777778,0.0000139563
5832,0.0000008001,0.3333333333,0.0000002667
745,0.0000003217,0.3333333333,0.0000001072
1118,0.0000076967,0.5555555556,0.0000042759
6205,0.0000019170,0.3333333333,0.0000006390
2440,0.0000099953,0.3333333333,0.0000033318
7527,0.0000016375,0.3333333333,0.0000005458
83,0.0000202143,0.3333333333,0.0000067381
5170,0.0000029784,0.3333333333,0.0000009928
4519,0.0000032017,0.3333333333,0.0000010672
400,0.0000103942,0.3333333333,0.0000034647
941,0.0000103129,0.3333333333,0.0000034376
6028,0.0000056058,0.3333333333,0.0000018686
4817,0.0000026110,0.3333333333,0.0000008703
103,0.0000364459,0.5555555556,0.0000202477
4733,0.0000061938,0.3333333333,0.0000020646
19,0.0000265336,0.6666666667,0.0000176891
8283,0.0000008178,0.3333333333,0.0000002726
3196,0.0000013955,0.3333333333,0.0000004652
2525,0.0000011620,0.3333333333,0.0000003873
168,0.0000189396,0.3333333333,0.0000063132
5255,0.0000003339,0.3333333333,0.0000001113
6822,0.0000011890,0.3333333333,0.0000003963
1735,0.0000216362,0.3333333333,0.0000072121
2432,0.0000291144,0.3333333333,0.0000097048
75,0.0000123713,0.4444444444,0.0000054984
5162,0.0000013919,0.3333333333,0.0000004640
1184,0.0000215323,0.3333333333,0.0000071774
247,0.0000277941,0.3333333333,0.0000092647
2492,0.0000061676,0.3333333333,0.0000020559
7579,0.0000011548,0.3333333333,0.0000003849
135,0.0000545024,0.3333333333,0.0000181675
200,0.0000149689,0.3333333333,0.0000049896
1309,0.0000104146,0.3333333333,0.0000034715
454,0.0000298847,0.3333333333,0.0000099616
5541,0.0000026049,0.3333333333,0.0000008683
918,0.0000142807,0.5555555556,0.0000079337
6005,0.0000013849,0.3333333333,0.0000004616
411,0.0000063432,0.5555555556,0.0000035240
386,0.0000358051,0.3333333333,0.0000119350
2830,0.0000130208,0.3333333333,0.0000043403
473,0.0000385624,0.3333333333,0.0000128541
5560,0.0000092336,0.3333333333,0.0000030779
428,0.0000033415,0.5555555556,0.0000018564
946,0.0000310466,0.3333333333,0.0000103489
6033,0.0000011611,0.3333333333,0.0000003870
3062,0.0000053034,0.3333333333,0.0000017678
8149,0.0000014886,0.3333333333,0.0000004962
705,0.0000122399,0.3333333333,0.0000040800
5792,0.0000017191,0.3333333333,0.0000005730
3285,0.0000046365,0.3333333333,0.0000015455
928,0.0000242322,0.3333333333,0.0000080774
857,0.0000096064,0.3333333333,0.0000032021
2717,0.0000052267,0.3333333333,0.0000017422
360,0.0000270067,0.3333333333,0.0000090022
5447,0.0000017576,0.3333333333,0.0000005859
477,0.0000207423,0.3333333333,0.0000069141
199,0.0000275501,0.5555555556,0.0000153056
5286,0.0000030601,0.3333333333,0.0000010200
4913,0.0000063286,0.3333333333,0.0000021095
2857,0.0000172423,0.3333333333,0.0000057474
500,0.0000232276,0.3333333333,0.0000077425
2849,0.0000042012,0.3333333333,0.0000014004
492,0.0000192221,0.5555555556,0.0000106790
5579,0.0000022651,0.3333333333,0.0000007550
773,0.0000075608,0.3333333333,0.0000025203
1882,0.0000097222,0.3333333333,0.0000032407
6063,0.0000037416,0.3333333333,0.0000012472
976,0.0000027054,0.3333333333,0.0000009018
1349,0.0000082440,0.3333333333,0.0000027480
240,0.0000041033,0.3333333333,0.0000013678
5327,0.0000009628,0.3333333333,0.0000003209
646,0.0000464547,0.3333333333,0.0000154849
581,0.0000506803,0.3333333333,0.0000168934
997,0.0000108084,0.5555555556,0.0000060047
6084,0.0000112467,0.3333333333,0.0000037489
858,0.0000049143,0.3333333333,0.0000016381
3215,0.0000021077,0.3333333333,0.0000007026
8302,0.0000014703,0.3333333333,0.0000004901
875,0.0000103172,0.3333333333,0.0000034391
1984,0.0000041267,0.3333333333,0.0000013756
1696,0.0000073460,0.3333333333,0.0000024487
324,0.0000036938,0.5555555556,0.0000020521
916,0.0000030742,0.3333333333,0.0000010247
2856,0.0000049069,0.3333333333,0.0000016356
499,0.0000158566,0.3333333333,0.0000052855
5586,0.0000025953,0.3333333333,0.0000008651
1633,0.0000226159,0.3333333333,0.0000075386
6720,0.0000026665,0.3333333333,0.0000008888
2881,0.0000031826,0.3333333333,0.0000010609
524,0.0000245261,0.3333333333,0.0000081754
776,0.0000272390,0.5555555556,0.0000151328
670,0.0000203551,0.3333333333,0.0000067850
2152,0.0000097101,0.3333333333,0.0000032367
1043,0.0000261411,0.3333333333,0.0000087137
6130,0.0000003178,0.2222222222,0.0000000706
4317,0.0000027122,0.3333333333,0.0000009041
1701,0.0000034795,0.3333333333,0.0000011598
6788,0.0000082296,0.3333333333,0.0000027432
306,0.0000226026,0.3333333333,0.0000075342
2663,0.0000047712,0.3333333333,0.0000015904
445,0.0000848496,0.3333333333,0.0000282832
656,0.0000488130,0.3333333333,0.0000162710
5743,0.0000035191,0.3333333333,0.0000011730
8558,0.0000009359,0.3333333333,0.0000003120
3023,0.0000015547,0.2222222222,0.0000003455
666,0.0000312639,0.2222222222,0.0000069475
2508,0.0000004400,0.3333333333,0.0000001467
151,0.0000150398,0.7777777778,0.0000116976
1917,0.0000013938,0.3333333333,0.0000004646
322,0.0000495125,0.3333333333,0.0000165042
1431,0.0000098491,0.5555555556,0.0000054717
6518,0.0000029420,0.3333333333,0.0000009807
374,0.0000210743,0.3333333333,0.0000070248
490,0.0000262823,0.3333333333,0.0000087608
5577,0.0000051734,0.3333333333,0.0000017245
261,0.0000499995,0.3333333333,0.0000166665
2815,0.0000047436,0.3333333333,0.0000015812
458,0.0000162267,0.3333333333,0.0000054089
438,0.0000049858,0.3333333333,0.0000016619
3904,0.0000050473,0.3333333333,0.0000016824
6261,0.0000013466,0.3333333333,0.0000004489
1174,0.0000011503,0.3333333333,0.0000003834
1547,0.0000046420,0.3333333333,0.0000015473
6634,0.0000009501,0.3333333333,0.0000003167
530,0.0000326426,0.3333333333,0.0000108809
5617,0.0000017264,0.3333333333,0.0000005755
2639,0.0000168622,0.3333333333,0.0000056207
8462,0.0000012542,0.3333333333,0.0000004181
1391,0.0000079580,0.3333333333,0.0000026527
3039,0.0000013381,0.3333333333,0.0000004460
682,0.0000246916,0.3333333333,0.0000082305
838,0.0000143839,0.3333333333,0.0000047946
508,0.0000088530,0.5555555556,0.0000049184
5595,0.0000010222,0.3333333333,0.0000003407
783,0.0000152201,0.3333333333,0.0000050734
2787,0.0000007079,0.3333333333,0.0000002360
430,0.0000038474,0.3333333333,0.0000012825
674,0.0000685161,0.3333333333,0.0000228387
2835,0.0000036137,0.3333333333,0.0000012046
478,0.0000303929,0.3333333333,0.0000101310
593,0.0000106440,0.3333333333,0.0000035480
5680,0.0000009616,0.3333333333,0.0000003205
4890,0.0000020261,0.3333333333,0.0000006754
2533,0.0000085366,0.3333333333,0.0000028455
176,0.0000185771,0.3333333333,0.0000061924
7247,0.0000006632,0.3333333333,0.0000002211
2160,0.0000015753,0.3333333333,0.0000005251
1766,0.0000020520,0.2222222222,0.0000004560
1032,0.0000192618,0.3333333333,0.0000064206
1677,0.0000186012,0.3333333333,0.0000062004
960,0.0000241351,0.3333333333,0.0000080450
6047,0.0000004000,0.3333333333,0.0000001333
686,0.0000178178,0.3333333333,0.0000059393
5773,0.0000013102,0.3333333333,0.0000004367
1378,0.0000183855,0.3333333333,0.0000061285
6465,0.0000022416,0.3333333333,0.0000007472
8449,0.0000012639,0.3333333333,0.0000004213
3362,0.0000015384,0.3333333333,0.0000005128
3336,0.0000025897,0.3333333333,0.0000008632
979,0.0000142048,0.3333333333,0.0000047349
6066,0.0000007834,0.3333333333,0.0000002611
1936,0.0000167829,0.3333333333,0.0000055943
827,0.0000240233,0.3333333333,0.0000080078
5914,0.0000021632,0.3333333333,0.0000007211
1108,0.0000083486,0.3333333333,0.0000027829
2172,0.0000040104,0.3333333333,0.0000013368
1827,0.0000219056,0.3333333333,0.0000073019
290,0.0000128908,0.3333333333,0.0000042969
5377,0.0000011554,0.3333333333,0.0000003851
2591,0.0000143952,0.3333333333,0.0000047984
234,0.0000470043,0.3333333333,0.0000156681
650,0.0000668164,0.3333333333,0.0000222721
5737,0.0000009738,0.3333333333,0.0000003246
4116,0.0000009547,0.3333333333,0.0000003182
6473,0.0000030595,0.3333333333,0.0000010198
1386,0.0000146599,0.3333333333,0.0000048866
1759,0.0000066896,0.3333333333,0.0000022299
2113,0.0000043674,0.3333333333,0.0000014558
950,0.0000757064,0.3333333333,0.0000252355
1365,0.0000049742,0.2222222222,0.0000011054
610,0.0000066970,0.3333333333,0.0000022323
6155,0.0000062665,0.3333333333,0.0000020888
1068,0.0000017353,0.3333333333,0.0000005784
2868,0.0000004468,0.3333333333,0.0000001489
372,0.0000056760,0.3333333333,0.0000018920
2729,0.0000098142,0.3333333333,0.0000032714
7816,0.0000023242,0.3333333333,0.0000007747
995,0.0000178013,0.3333333333,0.0000059338
177,0.0000588886,0.3333333333,0.0000196295
212,0.0000041725,0.3333333333,0.0000013908
2043,0.0000349505,0.3333333333,0.0000116502
3817,0.0000014404,0.3333333333,0.0000004801
1460,0.0000134743,0.3333333333,0.0000044914
6547,0.0000008383,0.3333333333,0.0000002794
351,0.0000183423,0.5555555556,0.0000101902
5438,0.0000007404,0.3333333333,0.0000002468
1010,0.0000431814,0.3333333333,0.0000143938
1841,0.0000104974,0.3333333333,0.0000034991
6555,0.0000006894,0.3333333333,0.0000002298
1468,0.0000100216,0.3333333333,0.0000033405
871,0.0000099125,0.3333333333,0.0000033042
3228,0.0000030979,0.3333333333,0.0000010326
825,0.0000220089,0.3333333333,0.0000073363
5912,0.0000029626,0.3333333333,0.0000009875
978,0.0000090975,0.3333333333,0.0000030325
6065,0.0000039949,0.3333333333,0.0000013316
870,0.0000127011,0.3333333333,0.0000042337
5957,0.0000008368,0.3333333333,0.0000002789
1529,0.0000379284,0.3333333333,0.0000126428
584,0.0000011851,0.2222222222,0.0000002633
5671,0.0000006251,0.3333333333,0.0000002084
2770,0.0000111703,0.3333333333,0.0000037234
7857,0.0000005126,0.3333333333,0.0000001709
2535,0.0000007613,0.3333333333,0.0000002538
7622,0.0000008854,0.3333333333,0.0000002951
178,0.0000139330,0.3333333333,0.0000046443
5265,0.0000033122,0.3333333333,0.0000011041
2798,0.0000016462,0.3333333333,0.0000005487
7885,0.0000007390,0.3333333333,0.0000002463
441,0.0000258005,0.3333333333,0.0000086002
3629,0.0000011501,0.3333333333,0.0000003834
5986,0.0000023527,0.3333333333,0.0000007842
899,0.0000021745,0.3333333333,0.0000007248
486,0.0000401967,0.3333333333,0.0000133989
5573,0.0000010726,0.3333333333,0.0000003575
1178,0.0000073893,0.3333333333,0.0000024631
8249,0.0000088132,0.3333333333,0.0000029377
3162,0.0000092225,0.3333333333,0.0000030742
1495,0.0000010899,0.5555555556,0.0000006055
3852,0.0000012681,0.2222222222,0.0000002818
863,0.0000326615,0.3333333333,0.0000108872
5950,0.0000009051,0.3333333333,0.0000003017
8159,0.0000003278,0.3333333333,0.0000001093
3072,0.0000042654,0.3333333333,0.0000014218
1088,0.0000176701,0.3333333333,0.0000058900
3306,0.0000005948,0.3333333333,0.0000001983
550,0.0000405499,0.3333333333,0.0000135166
5637,0.0000011554,0.3333333333,0.0000003851
907,0.0000412276,0.3333333333,0.0000137425
5994,0.0000004129,0.3333333333,0.0000001376
6416,0.0000066950,0.3333333333,0.0000022317
1980,0.0000034544,0.3333333333,0.0000011515
2760,0.0000309242,0.3333333333,0.0000103081
403,0.0000058780,0.3333333333,0.0000019593
2779,0.0000021087,0.3333333333,0.0000007029
422,0.0000089220,0.3333333333,0.0000029740
474,0.0000081843,0.3333333333,0.0000027281
751,0.0000134419,0.5555555556,0.0000074677
1860,0.0000039417,0.3333333333,0.0000013139
192,0.0000040855,0.3333333333,0.0000013618
5279,0.0000011573,0.3333333333,0.0000003858
924,0.0000150533,0.3333333333,0.0000050178
6011,0.0000014113,0.3333333333,0.0000004704
5033,0.0000019932,0.3333333333,0.0000006644
319,0.0000140179,0.3333333333,0.0000046726
854,0.0000184990,0.3333333333,0.0000061663
2589,0.0000228478,0.3333333333,0.0000076159
7676,0.0000007908,0.3333333333,0.0000002636
232,0.0000057503,0.2222222222,0.0000012779
5319,0.0000012935,0.3333333333,0.0000004312
1341,0.0000040221,0.3333333333,0.0000013407
6428,0.0000014296,0.5555555556,0.0000007942
7132,0.0000004455,0.3333333333,0.0000001485
2045,0.0000009820,0.3333333333,0.0000003273
5884,0.0000007821,0.3333333333,0.0000002607
797,0.0000091450,0.3333333333,0.0000030483
1170,0.0000272954,0.3333333333,0.0000090985
6257,0.0000053360,0.3333333333,0.0000017787
3034,0.0000056616,0.5555555556,0.0000031453
677,0.0000096832,0.5555555556,0.0000053795
5764,0.0000026974,0.3333333333,0.0000008991
2799,0.0000063116,0.3333333333,0.0000021039
442,0.0000419978,0.3333333333,0.0000139993
271,0.0000058567,0.3333333333,0.0000019522
449,0.0000074671,0.3333333333,0.0000024890
609,0.0000215430,0.3333333333,0.0000071810
35,0.0000046008,0.7777777778,0.0000035784
5122,0.0000008165,0.3333333333,0.0000002722
6689,0.0000033002,0.3333333333,0.0000011001
903,0.0000182340,0.3333333333,0.0000060780
1873,0.0000178574,0.3333333333,0.0000059525
4230,0.0000384030,0.5555555556,0.0000213350
856,0.0000089290,0.3333333333,0.0000029763
106,0.0000530685,0.5555555556,0.0000294825
5193,0.0000016685,0.3333333333,0.0000005562
2463,0.0000146460,0.3333333333,0.0000048820
4959,0.0000027677,0.3333333333,0.0000009226
245,0.0000031274,0.3333333333,0.0000010425
1354,0.0000052166,0.3333333333,0.0000017389
6441,0.0000016942,0.3333333333,0.0000005647
2960,0.0000076612,0.3333333333,0.0000025537
742,0.0000398057,0.3333333333,0.0000132686
850,0.0000065341,0.3333333333,0.0000021780
5937,0.0000018091,0.3333333333,0.0000006030
4340,0.0000077961,0.3333333333,0.0000025987
735,0.0000106489,0.3333333333,0.0000035496
5449,0.0000011369,0.3333333333,0.0000003790
362,0.0000497680,0.3333333333,0.0000165893
851,0.0000216600,0.3333333333,0.0000072200
3208,0.0000104219,0.3333333333,0.0000034740
6506,0.0000018497,0.3333333333,0.0000006166
1419,0.0000324298,0.3333333333,0.0000108099
6374,0.0000012801,0.3333333333,0.0000004267
7958,0.0000023196,0.3333333333,0.0000007732
2871,0.0000018773,0.3333333333,0.0000006258
873,0.0000130596,0.3333333333,0.0000043532
5960,0.0000006701,0.5555555556,0.0000003723
1634,0.0000027306,0.3333333333,0.0000009102
6348,0.0000027767,0.3333333333,0.0000009256
1261,0.0000012524,0.5555555556,0.0000006958
357,0.0000293925,0.3333333333,0.0000097975
748,0.0000298582,0.3333333333,0.0000099527
5835,0.0000013135,0.3333333333,0.0000004378
2656,0.0000040790,0.3333333333,0.0000013597
299,0.0000245389,0.3333333333,0.0000081796
217,0.0000105022,0.2222222222,0.0000023338
988,0.0000171014,0.3333333333,0.0000057005
6075,0.0000012197,0.3333333333,0.0000004066
527,0.0000398411,0.3333333333,0.0000132804
485,0.0000467535,0.3333333333,0.0000155845
5572,0.0000043844,0.5555555556,0.0000024358
1957,0.0000292770,0.3333333333,0.0000097590
7044,0.0000023801,0.3333333333,0.0000007934
5562,0.0000083922,0.3333333333,0.0000027974
848,0.0000143204,0.3333333333,0.0000047735
6140,0.0000003736,0.3333333333,0.0000001245
1053,0.0000002609,0.3333333333,0.0000000870
506,0.0000367481,0.3333333333,0.0000122494
1532,0.0001864954,0.3333333333,0.0000621651
1322,0.0000235579,0.3333333333,0.0000078526
1050,0.0000278603,0.3333333333,0.0000092868
2653,0.0000034073,0.3333333333,0.0000011358
7740,0.0000087168,0.3333333333,0.0000029056
296,0.0000053374,0.3333333333,0.0000017791
3981,0.0000043781,0.3333333333,0.0000014594
771,0.0000131348,0.5555555556,0.0000072971
890,0.0000165170,0.3333333333,0.0000055057
1832,0.0000016895,0.3333333333,0.0000005632
3080,0.0000005712,0.3333333333,0.0000001904
8167,0.0000011481,0.3333333333,0.0000003827
723,0.0000186486,0.3333333333,0.0000062162
5810,0.0000010363,0.3333333333,0.0000003454
1493,0.0000148155,0.3333333333,0.0000049385
384,0.0000330818,0.3333333333,0.0000110273
1181,0.0000402151,0.3333333333,0.0000134050
72,0.0000124545,0.3333333333,0.0000041515
726,0.0000104476,0.3333333333,0.0000034825
1606,0.0000439055,0.3333333333,0.0000146352
3237,0.0000100064,0.3333333333,0.0000033355
8324,0.0000019939,0.3333333333,0.0000006646
880,0.0000188481,0.3333333333,0.0000062827
340,0.0000109374,0.3333333333,0.0000036458
780,0.0000072364,0.3333333333,0.0000024121
65,0.0000687320,0.2222222222,0.0000152738
2422,0.0000017216,0.3333333333,0.0000005739
2135,0.0000211132,0.3333333333,0.0000070377
7222,0.0000020001,0.3333333333,0.0000006667
4025,0.0000011943,0.3333333333,0.0000003981
1668,0.0000056734,0.3333333333,0.0000018911
142,0.0000092658,0.3333333333,0.0000030886
5229,0.0000034720,0.3333333333,0.0000011573
4856,0.0000032662,0.3333333333,0.0000010887
2916,0.0000047505,0.3333333333,0.0000015835
559,0.0000179592,0.3333333333,0.0000059864
5646,0.0000008383,0.3333333333,0.0000002794
954,0.0000077614,0.2222222222,0.0000017247
644,0.0000068476,0.3333333333,0.0000022825
574,0.0000065529,0.3333333333,0.0000021843
5661,0.0000013993,0.3333333333,0.0000004664
5948,0.0000025031,0.3333333333,0.0000008344
1234,0.0000008262,0.2222222222,0.0000001836
3591,0.0000066132,0.3333333333,0.0000022044
8305,0.0000021925,0.3333333333,0.0000007308
3218,0.0000015516,0.5555555556,0.0000008620
835,0.0000019819,0.3333333333,0.0000006606
5922,0.0000020014,0.3333333333,0.0000006671
955,0.0000093118,0.3333333333,0.0000031039
6042,0.0000031507,0.3333333333,0.0000010502
2064,0.0000110286,0.3333333333,0.0000036762
730,0.0000037594,0.3333333333,0.0000012531
1839,0.0000033211,0.5555555556,0.0000018451
1461,0.0000012659,0.3333333333,0.0000004220
6548,0.0000007109,0.3333333333,0.0000002370
2709,0.0000011276,0.5555555556,0.0000006265
352,0.0000159545,0.3333333333,0.0000053182
605,0.0000110468,0.3333333333,0.0000036823
636,0.0000164387,0.3333333333,0.0000054796
5723,0.0000007820,0.3333333333,0.0000002607
497,0.0000036131,0.3333333333,0.0000012044
2854,0.0000097126,0.3333333333,0.0000032375
729,0.0000036383,0.5555555556,0.0000020213
3086,0.0000060305,0.3333333333,0.0000020102
868,0.0000076086,0.3333333333,0.0000025362
5955,0.0000020194,0.3333333333,0.0000006731
896,0.0000025810,0.3333333333,0.0000008603
4162,0.0000084137,0.3333333333,0.0000028046
1805,0.0000085650,0.3333333333,0.0000028550
6892,0.0000014185,0.3333333333,0.0000004728
2772,0.0000116930,0.3333333333,0.0000038977
1663,0.0000166770,0.3333333333,0.0000055590
144,0.0000281520,0.5555555556,0.0000156400
2501,0.0000044220,0.3333333333,0.0000014740
283,0.0000128479,0.4444444444,0.0000057102
5370,0.0000040262,0.3333333333,0.0000013421
2065,0.0000289838,0.3333333333,0.0000096613
4422,0.0000061193,0.3333333333,0.0000020398
1095,0.0001278068,0.3333333333,0.0000426023
6182,0.0000013460,0.3333333333,0.0000004487
9513,0.0000013215,0.3333333333,0.0000004405
85,0.0000380206,0.3333333333,0.0000126735
5172,0.0000007006,0.3333333333,0.0000002335
2442,0.0000013247,0.3333333333,0.0000004416
548,0.0000250363,0.3333333333,0.0000083454
5635,0.0000034690,0.3333333333,0.0000011563
62,0.0000117907,0.2222222222,0.0000026202
5149,0.0000005123,0.3333333333,0.0000001708
7133,0.0000010640,0.3333333333,0.0000003547
2046,0.0000021628,0.3333333333,0.0000007209
479,0.0000027821,0.3333333333,0.0000009274
5566,0.0000034342,0.3333333333,0.0000011447
1588,0.0000036744,0.5555555556,0.0000020413
6675,0.0000013596,0.3333333333,0.0000004532
266,0.0000007405,0.5555555556,0.0000004114
5353,0.0000029628,0.3333333333,0.0000009876
1027,0.0000112991,0.3333333333,0.0000037664
7537,0.0000043316,0.3333333333,0.0000014439
466,0.0000129518,0.3333333333,0.0000043173
5553,0.0000001662,0.3333333333,0.0000000554
706,0.0000211214,0.3333333333,0.0000070405
446,0.0000303118,0.3333333333,0.0000101039
307,0.0000029137,0.3333333333,0.0000009712
2664,0.0000212334,0.3333333333,0.0000070778
1600,0.0000015243,0.3333333333,0.0000005081
2848,0.0000037925,0.3333333333,0.0000012642
491,0.0000328349,0.5555555556,0.0000182416
710,0.0000019824,0.5555555556,0.0000011013
3300,0.0000041509,0.3333333333,0.0000013836
2053,0.0000029489,0.3333333333,0.0000009830
1530,0.0000297960,0.5555555556,0.0000165533
821,0.0000081787,0.3333333333,0.0000027262
5908,0.0000011126,0.3333333333,0.0000003709
4526,0.0000155091,0.3333333333,0.0000051697
2169,0.0000333950,0.3333333333,0.0000111317
576,0.0000084650,0.2222222222,0.0000018811
3729,0.0000190709,0.3333333333,0.0000063570
2968,0.0000101255,0.3333333333,0.0000033752
611,0.0000059851,0.3333333333,0.0000019950
2889,0.0000021823,0.3333333333,0.0000007274
532,0.0000073112,0.2222222222,0.0000016247
2689,0.0000033747,0.3333333333,0.0000011249
332,0.0000677572,0.3333333333,0.0000225857
335,0.0000032938,0.5555555556,0.0000018299
5422,0.0000010803,0.2222222222,0.0000002401
57,0.0000117328,0.7777777778,0.0000091255
4771,0.0000135037,0.3333333333,0.0000045012
4345,0.0000019339,0.3333333333,0.0000006446
1988,0.0000135898,0.3333333333,0.0000045299
380,0.0000081510,0.2222222222,0.0000018113
2737,0.0000087167,0.3333333333,0.0000029056
519,0.0000065823,0.3333333333,0.0000021941
2603,0.0000072162,0.3333333333,0.0000024054
7690,0.0000005451,0.3333333333,0.0000001817
246,0.0000053280,0.3333333333,0.0000017760
1077,0.0000041208,0.3333333333,0.0000013736
5791,0.0000052300,0.3333333333,0.0000017433
704,0.0001617841,0.3333333333,0.0000539280
2873,0.0000034899,0.3333333333,0.0000011633
516,0.0001250997,0.3333333333,0.0000416999
7576,0.0000020346,0.3333333333,0.0000006782
505,0.0000361048,0.3333333333,0.0000120349
865,0.0000897427,0.3333333333,0.0000299142
2917,0.0000050598,0.3333333333,0.0000016866
560,0.0000936966,0.3333333333,0.0000312322
5019,0.0000028958,0.5555555556,0.0000016088
305,0.0000241461,0.3333333333,0.0000080487
5392,0.0000046992,0.3333333333,0.0000015664
285,0.0000171719,0.3333333333,0.0000057240
5372,0.0000038834,0.3333333333,0.0000012945
2526,0.0000013089,0.3333333333,0.0000004363
169,0.0000197329,0.3333333333,0.0000065776
512,0.0000126549,0.5555555556,0.0000070305
1274,0.0000572299,0.3333333333,0.0000190766
1080,0.0000162490,0.3333333333,0.0000054163
940,0.0001069455,0.3333333333,0.0000356485
5436,0.0000023956,0.3333333333,0.0000007985
722,0.0000190984,0.5555555556,0.0000106102
5809,0.0000007262,0.3333333333,0.0000002421
1083,0.0000231556,0.3333333333,0.0000077185
4549,0.0000040756,0.3333333333,0.0000013585
2192,0.0000155348,0.3333333333,0.0000051783
7279,0.0000007231,0.3333333333,0.0000002410
878,0.0000157897,0.3333333333,0.0000052632
5744,0.0000012320,0.3333333333,0.0000004107
657,0.0000031155,0.5555555556,0.0000017308
1030,0.0000123529,0.5555555556,0.0000068627
6117,0.0000065959,0.3333333333,0.0000021986
1785,0.0000300663,0.3333333333,0.0000100221
3033,0.0000110124,0.3333333333,0.0000036708
8120,0.0000009666,0.3333333333,0.0000003222
676,0.0000043471,0.3333333333,0.0000014490
1708,0.0000672498,0.3333333333,0.0000224166
6795,0.0000006573,0.3333333333,0.0000002191
221,0.0000411659,0.5555555556,0.0000228700
5308,0.0000012243,0.3333333333,0.0000004081
905,0.0000186171,0.3333333333,0.0000062057
5992,0.0000027831,0.3333333333,0.0000009277
7686,0.0000015005,0.3333333333,0.0000005002
2599,0.0000021822,0.3333333333,0.0000007274
615,0.0000803736,0.3333333333,0.0000267912
297,0.0000414859,0.3333333333,0.0000138286
2654,0.0000601333,0.3333333333,0.0000200444
2793,0.0000051331,0.3333333333,0.0000017110
436,0.0000041796,0.3333333333,0.0000013932
684,0.0000282510,0.3333333333,0.0000094170
5771,0.0000004534,0.3333333333,0.0000001511
3040,0.0000037916,0.3333333333,0.0000012639
5397,0.0000068889,0.5555555556,0.0000038271
683,0.0000196260,0.3333333333,0.0000065420
904,0.0000221738,0.3333333333,0.0000073913
399,0.0000110909,0.5555555556,0.0000061616
2756,0.0000494857,0.3333333333,0.0000164952
818,0.0000174325,0.3333333333,0.0000058108
882,0.0000041956,0.5555555556,0.0000023309
1850,0.0000049076,0.3333333333,0.0000016359
741,0.0000096329,0.3333333333,0.0000032110
3402,0.0000022785,0.3333333333,0.0000007595
1045,0.0000244565,0.3333333333,0.0000081522
755,0.0000177525,0.3333333333,0.0000059175
371,0.0000205940,0.2222222222,0.0000045764
2728,0.0000100258,0.3333333333,0.0000033419
553,0.0000091754,0.3333333333,0.0000030585
5640,0.0000019502,0.3333333333,0.0000006501
2910,0.0000086237,0.3333333333,0.0000028746
5516,0.0000007859,0.3333333333,0.0000002620
429,0.0000169892,0.3333333333,0.0000056631
802,0.0000050421,0.3333333333,0.0000016807
5889,0.0000027678,0.3333333333,0.0000009226
721,0.0000176259,0.3333333333,0.0000058753
3078,0.0000029078,0.3333333333,0.0000009693
860,0.0000029046,0.3333333333,0.0000009682
679,0.0000255378,0.3333333333,0.0000085126
709,0.0000083731,0.3333333333,0.0000027910
8128,0.0000015370,0.3333333333,0.0000005123
3041,0.0000025253,0.3333333333,0.0000008418
1057,0.0000062377,0.3333333333,0.0000020792
373,0.0000126293,0.5555555556,0.0000070163
5460,0.0000005350,0.3333333333,0.0000001783
1040,0.0000027702,0.3333333333,0.0000009234
468,0.0000527160,0.5555555556,0.0000292867
5555,0.0000020025,0.3333333333,0.0000006675
7539,0.0000017997,0.3333333333,0.0000005999
2452,0.0000023380,0.3333333333,0.0000007793
3073,0.0000064632,0.3333333333,0.0000021544
716,0.0000050083,0.3333333333,0.0000016694
5803,0.0000008934,0.3333333333,0.0000002978
572,0.0000180589,0.5555555556,0.0000100327
2929,0.0000040793,0.3333333333,0.0000013598
1667,0.0000142806,0.3333333333,0.0000047602
4024,0.0000024190,0.3333333333,0.0000008063
2096,0.0000011412,0.3333333333,0.0000003804
7183,0.0000027565,0.3333333333,0.0000009188
6252,0.0000026785,0.3333333333,0.0000008928
1165,0.0000018795,0.3333333333,0.0000006265
425,0.0000692194,0.3333333333,0.0000230731
514,0.0000073043,0.3333333333,0.0000024348
5601,0.0000007692,0.3333333333,0.0000002564
639,0.0000442451,0.3333333333,0.0000147484
464,0.0000086204,0.3333333333,0.0000028735
5551,0.0000011321,0.3333333333,0.0000003774
2927,0.0000029531,0.3333333333,0.0000009844
570,0.0000050409,0.5555555556,0.0000028005
376,0.0000055925,0.5555555556,0.0000031069
5463,0.0000007492,0.3333333333,0.0000002497
833,0.0000092042,0.3333333333,0.0000030681
5920,0.0000131615,0.3333333333,0.0000043872
4092,0.0000060216,0.3333333333,0.0000020072
1351,0.0000283149,0.5555555556,0.0000157305
242,0.0000125151,0.3333333333,0.0000041717
1097,0.0000306997,0.3333333333,0.0000102332
660,0.0000022552,0.3333333333,0.0000007517
5747,0.0000013133,0.3333333333,0.0000004378
2800,0.0000016677,0.3333333333,0.0000005559
443,0.0000057750,0.3333333333,0.0000019250
304,0.0001330925,0.3333333333,0.0000443642
2661,0.0000015919,0.3333333333,0.0000005306
2047,0.0000159736,0.3333333333,0.0000053245
1751,0.0000148579,0.3333333333,0.0000049526
715,0.0000050996,0.3333333333,0.0000016999
1572,0.0000529847,0.3333333333,0.0000176616
1637,0.0000050684,0.2222222222,0.0000011263
522,0.0000087566,0.7777777778,0.0000068107
173,0.0000285218,0.3333333333,0.0000095073
5260,0.0000033237,0.3333333333,0.0000011079
2530,0.0000144218,0.3333333333,0.0000048073
1846,0.0000058914,0.3333333333,0.0000019638
737,0.0000150676,0.3333333333,0.0000050225
5824,0.0000037420,0.3333333333,0.0000012473
1298,0.0000094671,0.3333333333,0.0000031557
6385,0.0000006801,0.3333333333,0.0000002267
8969,0.0000028729,0.3333333333,0.0000009576
1898,0.0000483960,0.3333333333,0.0000161320
1022,0.0000072901,0.3333333333,0.0000024300
6109,0.0000012932,0.3333333333,0.0000004311
1432,0.0000025773,0.3333333333,0.0000008591
323,0.0000188849,0.3333333333,0.0000062950
381,0.0000027782,0.3333333333,0.0000009261
5468,0.0000058468,0.3333333333,0.0000019489
6392,0.0000020252,0.3333333333,0.0000006751
1305,0.0000017374,0.3333333333,0.0000005791
847,0.0000131629,0.3333333333,0.0000043876
174,0.0000185986,0.3333333333,0.0000061995
5261,0.0000026431,0.3333333333,0.0000008810
2092,0.0000098538,0.3333333333,0.0000032846
680,0.0000207817,0.3333333333,0.0000069272
5767,0.0000015599,0.3333333333,0.0000005200
251,0.0000091745,0.3333333333,0.0000030582
749,0.0000229772,0.3333333333,0.0000076591
823,0.0000240520,0.3333333333,0.0000080173
5910,0.0000007367,0.2222222222,0.0000001637
998,0.0000163529,0.3333333333,0.0000054510
6085,0.0000007219,0.3333333333,0.0000002406
4484,0.0000018882,0.3333333333,0.0000006294
2127,0.0000038379,0.3333333333,0.0000012793
1922,0.0000010147,0.3333333333,0.0000003382
7009,0.0000007045,0.3333333333,0.0000002348
3136,0.0000069434,0.3333333333,0.0000023145
779,0.0000166830,0.3333333333,0.0000055610
5866,0.0000012145,0.3333333333,0.0000004048
1888,0.0000053610,0.3333333333,0.0000017870
6975,0.0000012721,0.3333333333,0.0000004240
3113,0.0000024364,0.3333333333,0.0000008121
1543,0.0000140689,0.3333333333,0.0000046896
3900,0.0000300291,0.3333333333,0.0000100097
8987,0.0000016205,0.3333333333,0.0000005402
937,0.0000210121,0.3333333333,0.0000070040
3294,0.0000027604,0.3333333333,0.0000009201
1929,0.0000080007,0.3333333333,0.0000026669
6643,0.0000017069,0.3333333333,0.0000005690
1072,0.0000146989,0.3333333333,0.0000048996
1465,0.0000079337,0.3333333333,0.0000026446
3822,0.0000046640,0.3333333333,0.0000015547
1959,0.0000020294,0.3333333333,0.0000006765
4316,0.0000109166,0.3333333333,0.0000036389
1202,0.0000676708,0.3333333333,0.0000225569
901,0.0000135341,0.3333333333,0.0000045114
293,0.0000108992,0.3333333333,0.0000036331
791,0.0000183699,0.3333333333,0.0000061233
5878,0.0000015929,0.3333333333,0.0000005310
482,0.0000122575,0.2222222222,0.0000027239
5569,0.0000024576,0.3333333333,0.0000008192
2085,0.0000583792,0.2222222222,0.0000129731
2914,0.0000032241,0.3333333333,0.0000010747
557,0.0000128208,0.5555555556,0.0000071227
5644,0.0000005576,0.3333333333,0.0000001859
761,0.0000073068,0.3333333333,0.0000024356
844,0.0000221674,0.3333333333,0.0000073891
992,0.0000181305,0.5555555556,0.0000100725
6079,0.0000006966,0.3333333333,0.0000002322
4481,0.0000022708,0.3333333333,0.0000007569
2124,0.0000200106,0.3333333333,0.0000066702
7211,0.0000027356,0.3333333333,0.0000009119
4244,0.0000015715,0.3333333333,0.0000005238
6601,0.0000006826,0.3333333333,0.0000002275
1514,0.0000008475,0.3333333333,0.0000002825
1887,0.0000052035,0.2222222222,0.0000011563
613,0.0000062903,0.3333333333,0.0000020968
5700,0.0000009908,0.3333333333,0.0000003303
1472,0.0000045905,0.3333333333,0.0000015302
6559,0.0000057089,0.3333333333,0.0000019030
1044,0.0000434385,0.3333333333,0.0000144795
3995,0.0000024205,0.3333333333,0.0000008068
1638,0.0000195517,0.3333333333,0.0000065172
6725,0.0000033507,0.3333333333,0.0000011169
546,0.0000182782,0.3333333333,0.0000060927
1771,0.0000028063,0.3333333333,0.0000009354
327,0.0000062998,0.3333333333,0.0000020999
7665,0.0000007498,0.3333333333,0.0000002499
7913,0.0000007859,0.3333333333,0.0000002620
2826,0.0000078228,0.3333333333,0.0000026076
842,0.0000044284,0.3333333333,0.0000014761
3042,0.0000061695,0.3333333333,0.0000020565
4028,0.0000025264,0.3333333333,0.0000008421
244,0.0000163447,0.3333333333,0.0000054482
5331,0.0000018057,0.3333333333,0.0000006019
911,0.0000115732,0.3333333333,0.0000038577
1415,0.0000028904,0.3333333333,0.0000009635
853,0.0000059677,0.3333333333,0.0000019892
5940,0.0000007585,0.3333333333,0.0000002528
1568,0.0000155642,0.3333333333,0.0000051881
1046,0.0000034303,0.2222222222,0.0000007623
2562,0.0000131670,0.3333333333,0.0000043890
2378,0.0000056780,0.3333333333,0.0000018927
3377,0.0000063519,0.3333333333,0.0000021173
7940,0.0000006939,0.3333333333,0.0000002313
4331,0.0000031445,0.3333333333,0.0000010482
3980,0.0000032543,0.3333333333,0.0000010848
845,0.0000208314,0.5555555556,0.0000115730
1738,0.0000034720,0.3333333333,0.0000011573
4942,0.0000023361,0.3333333333,0.0000007787
3965,0.0000022129,0.3333333333,0.0000007376
2561,0.0000029753,0.3333333333,0.0000009918
2580,0.0000044304,0.3333333333,0.0000014768
3172,0.0000062894,0.3333333333,0.0000020965
8894,0.0000027124,0.3333333333,0.0000009041
3958,0.0000005091,0.3333333333,0.0000001697
1379,0.0000033365,0.3333333333,0.0000011122
1272,0.0000055909,0.3333333333,0.0000018636
6359,0.0000017227,0.2222222222,0.0000003828
1879,0.0000024849,0.3333333333,0.0000008283
6966,0.0000007102,0.3333333333,0.0000002367
3200,0.0000050884,0.3333333333,0.0000016961
2831,0.0000028491,0.3333333333,0.0000009497
7918,0.0000004217,0.3333333333,0.0000001406
1664,0.0000053416,0.3333333333,0.0000017805
2369,0.0000016647,0.2222222222,0.0000003699
1655,0.0000055864,0.5555555556,0.0000031035
4950,0.0000022628,0.3333333333,0.0000007543
3271,0.0000059838,0.3333333333,0.0000019946
3901,0.0000039522,0.3333333333,0.0000013174
3191,0.0000075772,0.3333333333,0.0000025257
8278,0.0000006914,0.3333333333,0.0000002305
1977,0.0000019498,0.3333333333,0.0000006499
7064,0.0000014008,0.3333333333,0.0000004669
6142,0.0000074894,0.3333333333,0.0000024965
1055,0.0000069662,0.3333333333,0.0000023221
4206,0.0000056566,0.3333333333,0.0000018855
3955,0.0000068860,0.5555555556,0.0000038255
4201,0.0000009588,0.3333333333,0.0000003196
6089,0.0000020913,0.3333333333,0.0000006971
4990,0.0000003418,0.3333333333,0.0000001139
3947,0.0000012223,0.3333333333,0.0000004074
2646,0.0000006412,0.3333333333,0.0000002137
2475,0.0000049287,0.5555555556,0.0000027382
7562,0.0000003680,0.3333333333,0.0000001227
4164,0.0000020103,0.3333333333,0.0000006701
1912,0.0000028376,0.3333333333,0.0000009459
1219,0.0000049707,0.3333333333,0.0000016569
8409,0.0000007161,0.3333333333,0.0000002387
3943,0.0000013830,0.3333333333,0.0000004610
1387,0.0000044066,0.2222222222,0.0000009792
2189,0.0000077240,0.3333333333,0.0000025747
3864,0.0000047400,0.3333333333,0.0000015800
1318,0.0000035292,0.3333333333,0.0000011764
2089,0.0000129867,0.3333333333,0.0000043289
5713,0.0000050330,0.3333333333,0.0000016777
626,0.0000001770,0.3333333333,0.0000000590
4578,0.0000021738,0.3333333333,0.0000007246
3935,0.0000117976,0.3333333333,0.0000039325
1210,0.0000024145,0.5555555556,0.0000013414
3550,0.0000021903,0.3333333333,0.0000007301
1196,0.0000078374,0.5555555556,0.0000043541
6283,0.0000029662,0.3333333333,0.0000009887
4656,0.0000041180,0.3333333333,0.0000013727
3927,0.0000011324,0.3333333333,0.0000003775
1232,0.0000043674,0.3333333333,0.0000014558
1767,0.0000064848,0.3333333333,0.0000021616
1597,0.0000045791,0.3333333333,0.0000015264
2802,0.0000038441,0.5555555556,0.0000021356
7889,0.0000011768,0.3333333333,0.0000003923
3913,0.0000014729,0.2222222222,0.0000003273
1574,0.0000016046,0.5555555556,0.0000008914
1519,0.0000193882,0.3333333333,0.0000064627
2019,0.0000112130,0.3333333333,0.0000037377
945,0.0000043780,0.3333333333,0.0000014593
4255,0.0000012566,0.2222222222,0.0000002792
2390,0.0000018776,0.3333333333,0.0000006259
1353,0.0000051423,0.3333333333,0.0000017141
1164,0.0000040070,0.3333333333,0.0000013357
9343,0.0000005788,0.3333333333,0.0000001929
4256,0.0000049343,0.3333333333,0.0000016448
4215,0.0000071367,0.3333333333,0.0000023789
4213,0.0000015755,0.3333333333,0.0000005252
2928,0.0000062225,0.3333333333,0.0000020742
8015,0.0000006197,0.3333333333,0.0000002066
3561,0.0000028588,0.3333333333,0.0000009529
1632,0.0000101436,0.3333333333,0.0000033812
4980,0.0000026874,0.3333333333,0.0000008958
4667,0.0000008028,0.3333333333,0.0000002676
3885,0.0000017533,0.3333333333,0.0000005844
4117,0.0000036149,0.2222222222,0.0000008033
3251,0.0000027385,0.3333333333,0.0000009128
6951,0.0000013260,0.3333333333,0.0000004420
3134,0.0000102342,0.3333333333,0.0000034114
2265,0.0000025594,0.3333333333,0.0000008531
5294,0.0000082213,0.3333333333,0.0000027404
207,0.0000003682,0.3333333333,0.0000001227
1834,0.0000078688,0.3333333333,0.0000026229
6921,0.0000016976,0.3333333333,0.0000005659
2389,0.0000048562,0.3333333333,0.0000016187
4208,0.0000018574,0.3333333333,0.0000006191
3931,0.0000011366,0.3333333333,0.0000003789
3862,0.0000044580,0.3333333333,0.0000014860
2074,0.0000017683,0.3333333333,0.0000005894
1671,0.0000118989,0.3333333333,0.0000039663
5891,0.0000004979,0.3333333333,0.0000001660
804,0.0000004550,0.2222222222,0.0000001011
1018,0.0000008218,0.3333333333,0.0000002739
2484,0.0000088615,0.3333333333,0.0000029538
2954,0.0000046845,0.3333333333,0.0000015615
5054,0.0000035239,0.3333333333,0.0000011746
3837,0.0000036265,0.3333333333,0.0000012088
634,0.0000033305,0.3333333333,0.0000011102
1753,0.0000119462,0.3333333333,0.0000039821
2036,0.0000130725,0.3333333333,0.0000043575
7123,0.0000025543,0.3333333333,0.0000008514
1343,0.0000019319,0.3333333333,0.0000006440
1793,0.0000097689,0.3333333333,0.0000032563
2869,0.0000060256,0.3333333333,0.0000020085
2794,0.0000028177,0.3333333333,0.0000009392
2531,0.0000013230,0.5555555556,0.0000007350
2926,0.0000093843,0.3333333333,0.0000031281
2699,0.0000097814,0.3333333333,0.0000032605
3744,0.0000041898,0.3333333333,0.0000013966
2941,0.0000081909,0.3333333333,0.0000027303
2543,0.0000022438,0.3333333333,0.0000007479
7630,0.0000013262,0.3333333333,0.0000004421
4185,0.0000034112,0.3333333333,0.0000011371
2950,0.0000051719,0.3333333333,0.0000017240
2861,0.0000008934,0.5555555556,0.0000004963
3741,0.0000027381,0.2222222222,0.0000006085
2493,0.0000007476,0.3333333333,0.0000002492
4847,0.0000019150,0.5555555556,0.0000010639
3801,0.0000009543,0.3333333333,0.0000003181
1515,0.0000039596,0.3333333333,0.0000013199
3132,0.0000111986,0.2222222222,0.0000024886
623,0.0000076708,0.3333333333,0.0000025569
824,0.0000054083,0.3333333333,0.0000018028
5911,0.0000011617,0.3333333333,0.0000003872
4130,0.0000032893,0.3333333333,0.0000010964
4189,0.0000106255,0.3333333333,0.0000035418
2949,0.0000020584,0.3333333333,0.0000006861
4742,0.0000038452,0.3333333333,0.0000012817
4676,0.0000024834,0.3333333333,0.0000008278
1657,0.0000129535,0.3333333333,0.0000043178
7219,0.0000054677,0.3333333333,0.0000018226
2132,0.0000002234,0.3333333333,0.0000000745
3775,0.0000021617,0.5555555556,0.0000012010
3308,0.0000030335,0.3333333333,0.0000010112
1054,0.0000017374,0.3333333333,0.0000005791
5550,0.0000005331,0.3333333333,0.0000001777
463,0.0000059364,0.5555555556,0.0000032980
738,0.0000034593,0.3333333333,0.0000011531
5825,0.0000002625,0.5555555556,0.0000001458
3445,0.0000007409,0.3333333333,0.0000002470
6660,0.0000012527,0.3333333333,0.0000004176
1573,0.0000058287,0.3333333333,0.0000019429
3753,0.0000021670,0.3333333333,0.0000007223
2541,0.0000010353,0.3333333333,0.0000003451
2716,0.0000036919,0.3333333333,0.0000012306
7803,0.0000009529,0.3333333333,0.0000003176
949,0.0000053871,0.3333333333,0.0000017957
754,0.0000017094,0.3333333333,0.0000005698
5841,0.0000014906,0.3333333333,0.0000004969
2891,0.0000049006,0.3333333333,0.0000016335
7978,0.0000012333,0.3333333333,0.0000004111
1713,0.0000029731,0.3333333333,0.0000009910
3065,0.0000052074,0.3333333333,0.0000017358
2707,0.0000017917,0.3333333333,0.0000005972
4337,0.0000016217,0.3333333333,0.0000005406
3825,0.0000016562,0.3333333333,0.0000005521
2628,0.0000076173,0.3333333333,0.0000025391
2710,0.0000176501,0.3333333333,0.0000058834
1570,0.0000094091,0.3333333333,0.0000031364
1327,0.0000042444,0.3333333333,0.0000014148
6414,0.0000022573,0.3333333333,0.0000007524
2375,0.0000026060,0.3333333333,0.0000008687
1545,0.0000006837,0.3333333333,0.0000002279
5048,0.0000103827,0.3333333333,0.0000034609
2341,0.0000042622,0.3333333333,0.0000014207
7428,0.0000005272,0.3333333333,0.0000001757
6920,0.0000021839,0.3333333333,0.0000007280
1833,0.0000012608,0.5555555556,0.0000007004
3739,0.0000024002,0.3333333333,0.0000008001
8195,0.0000004572,0.3333333333,0.0000001524
4027,0.0000027921,0.3333333333,0.0000009307
3734,0.0000009439,0.3333333333,0.0000003146
8821,0.0000024553,0.3333333333,0.0000008184
2947,0.0000017133,0.3333333333,0.0000005711
3227,0.0000055086,0.3333333333,0.0000018362
2302,0.0000098336,0.3333333333,0.0000032779
2158,0.0000041535,0.3333333333,0.0000013845
7508,0.0000011398,0.3333333333,0.0000003799
2421,0.0000010613,0.3333333333,0.0000003538
3944,0.0000082141,0.3333333333,0.0000027380
2327,0.0000016666,0.3333333333,0.0000005555
7414,0.0000008550,0.3333333333,0.0000002850
3528,0.0000079150,0.3333333333,0.0000026383
341,0.0000029325,0.3333333333,0.0000009775
5428,0.0000062008,0.3333333333,0.0000020669
925,0.0000021961,0.5555555556,0.0000012200
6012,0.0000031261,0.3333333333,0.0000010420
3651,0.0000094943,0.3333333333,0.0000031648
3448,0.0000006205,0.3333333333,0.0000002068
2278,0.0000043623,0.3333333333,0.0000014541
7332,0.0000003960,0.3333333333,0.0000001320
2245,0.0000021698,0.3333333333,0.0000007233
7204,0.0000009059,0.3333333333,0.0000003020
3723,0.0000012919,0.3333333333,0.0000004306
2138,0.0000052243,0.3333333333,0.0000017414
7225,0.0000007582,0.2222222222,0.0000001685
3728,0.0000070823,0.3333333333,0.0000023608
2608,0.0000195396,0.3333333333,0.0000065132
7695,0.0000010704,0.3333333333,0.0000003568
2638,0.0000008135,0.3333333333,0.0000002712
777,0.0000051179,0.3333333333,0.0000017060
5864,0.0000007599,0.3333333333,0.0000002533
2412,0.0000076760,0.3333333333,0.0000025587
7767,0.0000014332,0.3333333333,0.0000004777
3716,0.0000005539,0.3333333333,0.0000001846
2642,0.0000057384,0.3333333333,0.0000019128
7729,0.0000009901,0.3333333333,0.0000003300
2352,0.0000035197,0.2222222222,0.0000007822
4837,0.0000002629,0.5555555556,0.0000001460
2677,0.0000071578,0.3333333333,0.0000023859
3711,0.0000011032,0.3333333333,0.0000003677
4045,0.0000031367,0.3333333333,0.0000010456
1706,0.0000033492,0.2222222222,0.0000007443
3697,0.0000045163,0.3333333333,0.0000015054
495,0.0000049944,0.3333333333,0.0000016648
3563,0.0000047144,0.3333333333,0.0000015715
3354,0.0000078133,0.3333333333,0.0000026044
3792,0.0000087679,0.3333333333,0.0000029226
3956,0.0000092505,0.3333333333,0.0000030835
4088,0.0000047632,0.3333333333,0.0000015877
3303,0.0000014426,0.3333333333,0.0000004809
4788,0.0000023377,0.3333333333,0.0000007792
4627,0.0000041905,0.3333333333,0.0000013968
2182,0.0000088371,0.3333333333,0.0000029457
387,0.0000032225,0.3333333333,0.0000010742
4333,0.0000016720,0.3333333333,0.0000005573
3691,0.0000007202,0.3333333333,0.0000002401
1721,0.0000021314,0.3333333333,0.0000007105
1847,0.0000028571,0.3333333333,0.0000009524
2953,0.0000009564,0.3333333333,0.0000003188
2804,0.0000022678,0.3333333333,0.0000007559
3314,0.0000026281,0.3333333333,0.0000008760
3432,0.0000007052,0.3333333333,0.0000002351
7088,0.0000007851,0.3333333333,0.0000002617
2001,0.0000007534,0.3333333333,0.0000002511
3655,0.0000012865,0.3333333333,0.0000004288
813,0.0000032295,0.3333333333,0.0000010765
5900,0.0000011189,0.3333333333,0.0000003730
1449,0.0000038049,0.3333333333,0.0000012683
204,0.0000037196,0.3333333333,0.0000012399
3090,0.0000032427,0.3333333333,0.0000010809
1598,0.0000054128,0.3333333333,0.0000018043
3216,0.0000030649,0.3333333333,0.0000010216
1454,0.0000162266,0.3333333333,0.0000054089
7432,0.0000009074,0.2222222222,0.0000002016
2345,0.0000006545,0.3333333333,0.0000002182
2738,0.0000120306,0.3333333333,0.0000040102
7825,0.0000005506,0.3333333333,0.0000001835
9076,0.0000014601,0.3333333333,0.0000004867
3638,0.0000126915,0.3333333333,0.0000042305
8725,0.0000044161,0.3333333333,0.0000014720
895,0.0000027775,0.3333333333,0.0000009258
2979,0.0000043298,0.3333333333,0.0000014433
3641,0.0000039878,0.3333333333,0.0000013293
4183,0.0000012657,0.3333333333,0.0000004219
3630,0.0000048961,0.3333333333,0.0000016320
2115,0.0000040382,0.3333333333,0.0000013461
7202,0.0000010393,0.3333333333,0.0000003464
2240,0.0000206431,0.3333333333,0.0000068810
8065,0.0000047265,0.3333333333,0.0000015755
4616,0.0000014432,0.3333333333,0.0000004811
1225,0.0000019582,0.2222222222,0.0000004352
6312,0.0000031315,0.3333333333,0.0000010438
2532,0.0000105426,0.3333333333,0.0000035142
1715,0.0000026120,0.3333333333,0.0000008707
1122,0.0000029990,0.3333333333,0.0000009997
6209,0.0000034852,0.3333333333,0.0000011617
5798,0.0000053334,0.3333333333,0.0000017778
711,0.0000042783,0.3333333333,0.0000014261
6124,0.0000055345,0.3333333333,0.0000018448
1037,0.0000050276,0.3333333333,0.0000016759
3769,0.0000006707,0.3333333333,0.0000002236
927,0.0000053857,0.2222222222,0.0000011968
3075,0.0000107199,0.3333333333,0.0000035733
4661,0.0000063628,0.3333333333,0.0000021209
7237,0.0000072120,0.3333333333,0.0000024040
6586,0.0000062442,0.3333333333,0.0000020814
1499,0.0000034279,0.3333333333,0.0000011426
4355,0.0000071410,0.3333333333,0.0000023803
2087,0.0000080546,0.2222222222,0.0000017899
7174,0.0000009049,0.3333333333,0.0000003016
5543,0.0000027797,0.3333333333,0.0000009266
456,0.0000039285,0.3333333333,0.0000013095
2518,0.0000190737,0.3333333333,0.0000063579
8205,0.0000045485,0.3333333333,0.0000015162
3118,0.0000010009,0.3333333333,0.0000003336
3597,0.0000105829,0.3333333333,0.0000035276
391,0.0000009896,0.3333333333,0.0000003299
3210,0.0000042084,0.5555555556,0.0000023380
4035,0.0000026353,0.3333333333,0.0000008784
3579,0.0000013386,0.3333333333,0.0000004462
2684,0.0000023533,0.3333333333,0.0000007844
3576,0.0000087908,0.3333333333,0.0000029303
4746,0.0000002592,0.3333333333,0.0000000864
3568,0.0000005226,0.3333333333,0.0000001742
1819,0.0000052015,0.3333333333,0.0000017338
1304,0.0000011614,0.3333333333,0.0000003871
6391,0.0000003917,0.3333333333,0.0000001306
2879,0.0000043831,0.3333333333,0.0000014610
3557,0.0000018972,0.3333333333,0.0000006324
1276,0.0000036978,0.3333333333,0.0000012326
3374,0.0000052012,0.3333333333,0.0000017337
4587,0.0000015635,0.2222222222,0.0000003474
3547,0.0000132960,0.3333333333,0.0000044320
840,0.0000087818,0.3333333333,0.0000029273
3658,0.0000014036,0.3333333333,0.0000004679
1792,0.0000058671,0.3333333333,0.0000019557
5883,0.0000035780,0.3333333333,0.0000011927
796,0.0000091188,0.3333333333,0.0000030396
5682,0.0000014472,0.3333333333,0.0000004824
595,0.0000003409,0.3333333333,0.0000001136
798,0.0000028069,0.3333333333,0.0000009356
1260,0.0000099677,0.3333333333,0.0000033226
6347,0.0000002755,0.3333333333,0.0000000918
3573,0.0000083107,0.3333333333,0.0000027702
9228,0.0000012469,0.3333333333,0.0000004156
2365,0.0000038837,0.3333333333,0.0000012946
2162,0.0000052555,0.3333333333,0.0000017518
7249,0.0000023272,0.3333333333,0.0000007757
1367,0.0000013817,0.3333333333,0.0000004606
6454,0.0000009988,0.3333333333,0.0000003329
2652,0.0000071714,0.3333333333,0.0000023905
7739,0.0000008388,0.5555555556,0.0000004660
2396,0.0000031868,0.2222222222,0.0000007082
7483,0.0000042003,0.3333333333,0.0000014001
1987,0.0000034916,0.3333333333,0.0000011639
5489,0.0000007534,0.3333333333,0.0000002511
402,0.0000010416,0.3333333333,0.0000003472
3514,0.0000009314,0.3333333333,0.0000003105
6680,0.0000006193,0.3333333333,0.0000002064
1593,0.0000057967,0.3333333333,0.0000019322
3505,0.0000008560,0.3333333333,0.0000002853
1994,0.0000014596,0.3333333333,0.0000004865
7073,0.0000013461,0.3333333333,0.0000004487
4692,0.0000008629,0.3333333333,0.0000002876
3475,0.0000018007,0.3333333333,0.0000006002
1132,0.0000048512,0.3333333333,0.0000016171
1749,0.0000067168,0.5555555556,0.0000037315
3620,0.0000027419,0.3333333333,0.0000009140
2583,0.0000155777,0.3333333333,0.0000051926
4352,0.0000018573,0.3333333333,0.0000006191
3472,0.0000114735,0.3333333333,0.0000038245
1421,0.0000031469,0.3333333333,0.0000010490
2225,0.0000023786,0.3333333333,0.0000007929
7312,0.0000019016,0.3333333333,0.0000006339
379,0.0000040486,0.3333333333,0.0000013495
3758,0.0000033187,0.3333333333,0.0000011062
3601,0.0000037901,0.3333333333,0.0000012634
3457,0.0000026810,0.3333333333,0.0000008937
598,0.0000012455,0.3333333333,0.0000004152
2418,0.0000065085,0.3333333333,0.0000021695
7505,0.0000004691,0.3333333333,0.0000001564
2601,0.0000022857,0.3333333333,0.0000007619
3480,0.0000055961,0.3333333333,0.0000018654
2523,0.0000056499,0.3333333333,0.0000018833
4101,0.0000009183,0.3333333333,0.0000003061
4609,0.0000008402,0.3333333333,0.0000002801
3452,0.0000014517,0.3333333333,0.0000004839
8662,0.0000005446,0.3333333333,0.0000001815
3575,0.0000005776,0.3333333333,0.0000001925
3934,0.0000003050,0.2222222222,0.0000000678
5070,0.0000011593,0.3333333333,0.0000003864
1314,0.0000206169,0.3333333333,0.0000068723
1215,0.0000101486,0.3333333333,0.0000033829
419,0.0000116760,0.3333333333,0.0000038920
1859,0.0000342369,0.3333333333,0.0000114123
6946,0.0000015651,0.3333333333,0.0000005217
1481,0.0000116867,0.3333333333,0.0000038956
3593,0.0000171082,0.3333333333,0.0000057027
8680,0.0000019237,0.3333333333,0.0000006412
2111,0.0000149846,0.3333333333,0.0000049949
1828,0.0000059321,0.3333333333,0.0000019774
4836,0.0000034959,0.3333333333,0.0000011653
4408,0.0000034465,0.3333333333,0.0000011488
3429,0.0000010200,0.3333333333,0.0000003400
8516,0.0000006342,0.3333333333,0.0000002114
759,0.0000039153,0.3333333333,0.0000013051
5846,0.0000012121,0.3333333333,0.0000004040
975,0.0000025526,0.3333333333,0.0000008509
4731,0.0000011733,0.3333333333,0.0000003911
4435,0.0000012608,0.3333333333,0.0000004203
2810,0.0000014600,0.3333333333,0.0000004867
7897,0.0000007460,0.3333333333,0.0000002487
7591,0.0000008746,0.3333333333,0.0000002915
2504,0.0000054300,0.3333333333,0.0000018100
4198,0.0000090183,0.3333333333,0.0000030061
669,0.0000006846,0.5555555556,0.0000003803
5756,0.0000007001,0.3333333333,0.0000002334
1806,0.0000023962,0.3333333333,0.0000007987
3970,0.0000030125,0.3333333333,0.0000010042
3165,0.0000044052,0.3333333333,0.0000014684
1874,0.0000027669,0.3333333333,0.0000009223
8952,0.0000018414,0.3333333333,0.0000006138
3865,0.0000033583,0.3333333333,0.0000011194
3418,0.0000017620,0.5555555556,0.0000009789
1281,0.0000024269,0.3333333333,0.0000008090
6368,0.0000013943,0.3333333333,0.0000004648
2618,0.0000221651,0.3333333333,0.0000073884
4238,0.0000011669,0.3333333333,0.0000003890
3401,0.0000074051,0.3333333333,0.0000024684
621,0.0000007320,0.3333333333,0.0000002440
5708,0.0000004055,0.3333333333,0.0000001352
3968,0.0000008079,0.3333333333,0.0000002693
1336,0.0000018735,0.3333333333,0.0000006245
5009,0.0000008811,0.3333333333,0.0000002937
3395,0.0000020164,0.3333333333,0.0000006721
1113,0.0000053058,0.5555555556,0.0000029477
1730,0.0000058447,0.3333333333,0.0000019482
6817,0.0000009581,0.3333333333,0.0000003194
4480,0.0000028701,0.3333333333,0.0000009567
4118,0.0000006009,0.3333333333,0.0000002003
2816,0.0000057116,0.3333333333,0.0000019039
2387,0.0000028317,0.3333333333,0.0000009439
7474,0.0000018067,0.3333333333,0.0000006022
4192,0.0000005934,0.3333333333,0.0000001978
3390,0.0000010393,0.3333333333,0.0000003464
2035,0.0000144358,0.3333333333,0.0000048119
2649,0.0000032641,0.5555555556,0.0000018134
7736,0.0000005301,0.3333333333,0.0000001767
3921,0.0000024164,0.3333333333,0.0000008055
3389,0.0000005539,0.3333333333,0.0000001846
8476,0.0000048873,0.3333333333,0.0000016291
1897,0.0000078167,0.3333333333,0.0000026056
6984,0.0000013776,0.3333333333,0.0000004592
2269,0.0000133003,0.3333333333,0.0000044334
7356,0.0000005717,0.3333333333,0.0000001906
3493,0.0000144453,0.3333333333,0.0000048151
2101,0.0000061733,0.5555555556,0.0000034296
1482,0.0000045936,0.3333333333,0.0000015312
1557,0.0000095742,0.3333333333,0.0000031914
4896,0.0000049142,0.3333333333,0.0000016381
3385,0.0000023829,0.3333333333,0.0000007943
3682,0.0000033503,0.3333333333,0.0000011168
664,0.0000009999,0.3333333333,0.0000003333
5751,0.0000015918,0.3333333333,0.0000005306
256,0.0000014839,0.3333333333,0.0000004946
5343,0.0000003117,0.2222222222,0.0000000693
4718,0.0000021459,0.3333333333,0.0000007153
2095,0.0000012451,0.3333333333,0.0000004150
3384,0.0000031380,0.3333333333,0.0000010460
801,0.0000004532,0.3333333333,0.0000001511
3515,0.0000017319,0.3333333333,0.0000005773
938,0.0000024174,0.3333333333,0.0000008058
3008,0.0000047557,0.3333333333,0.0000015852
8095,0.0000014261,0.3333333333,0.0000004754
1048,0.0000050227,0.3333333333,0.0000016742
5045,0.0000031091,0.3333333333,0.0000010364
4409,0.0000011628,0.5555555556,0.0000006460
4263,0.0000002917,0.3333333333,0.0000000972
3497,0.0000003850,0.5555555556,0.0000002139
6789,0.0000006800,0.3333333333,0.0000002267
1702,0.0000006326,0.3333333333,0.0000002109
3368,0.0000023031,0.3333333333,0.0000007677
3815,0.0000029178,0.2222222222,0.0000006484
8902,0.0000017345,0.3333333333,0.0000005782
732,0.0000004714,0.2222222222,0.0000001048
7491,0.0000073792,0.3333333333,0.0000024597
2404,0.0000032634,0.2222222222,0.0000007252
3954,0.0000025175,0.3333333333,0.0000008392
9041,0.0000010730,0.3333333333,0.0000003577
3361,0.0000116794,0.3333333333,0.0000038931
2026,0.0000070763,0.5555555556,0.0000039313
1395,0.0000047917,0.3333333333,0.0000015972
4082,0.0000034820,0.3333333333,0.0000011607
2766,0.0000008315,0.3333333333,0.0000002772
7853,0.0000024883,0.3333333333,0.0000008294
3263,0.0000005974,0.5555555556,0.0000003319
8174,0.0000013426,0.3333333333,0.0000004475
4170,0.0000003632,0.3333333333,0.0000001211
3359,0.0000015814,0.3333333333,0.0000005271
1678,0.0000019638,0.2222222222,0.0000004364
2319,0.0000015177,0.3333333333,0.0000005059
2985,0.0000020073,0.3333333333,0.0000006691
8023,0.0000004587,0.3333333333,0.0000001529
4236,0.0000048668,0.3333333333,0.0000016223
3355,0.0000007741,0.3333333333,0.0000002580
3609,0.0000017932,0.3333333333,0.0000005977
5026,0.0000028851,0.3333333333,0.0000009617
4273,0.0000018659,0.3333333333,0.0000006220
4046,0.0000022723,0.3333333333,0.0000007574
9133,0.0000005534,0.3333333333,0.0000001845
3331,0.0000139092,0.3333333333,0.0000046364
1926,0.0000081187,0.3333333333,0.0000027062
1401,0.0000023907,0.3333333333,0.0000007969
6488,0.0000020714,0.3333333333,0.0000006905
3761,0.0000047840,0.3333333333,0.0000015947
3918,0.0000034127,0.3333333333,0.0000011376
3144,0.0000076168,0.3333333333,0.0000025389
8231,0.0000010041,0.3333333333,0.0000003347
3945,0.0000021739,0.5555555556,0.0000012077
8812,0.0000015353,0.3333333333,0.0000005118
1787,0.0000053690,0.3333333333,0.0000017897
4450,0.0000020012,0.3333333333,0.0000006671
4427,0.0000029145,0.3333333333,0.0000009715
401,0.0000012821,0.3333333333,0.0000004274
5488,0.0000009835,0.3333333333,0.0000003278
4452,0.0000014958,0.3333333333,0.0000004986
1620,0.0000045778,0.5555555556,0.0000025432
6707,0.0000008182,0.3333333333,0.0000002727
590,0.0000004042,0.3333333333,0.0000001347
5677,0.0000019076,0.3333333333,0.0000006359
7347,0.0000040028,0.3333333333,0.0000013343
2141,0.0000028204,0.3333333333,0.0000009401
3201,0.0000023954,0.3333333333,0.0000007985
4150,0.0000027406,0.3333333333,0.0000009135
8164,0.0000016918,0.3333333333,0.0000005639
3077,0.0000033262,0.3333333333,0.0000011087
2106,0.0000092987,0.3333333333,0.0000030996
1732,0.0000108936,0.3333333333,0.0000036312
2991,0.0000071898,0.3333333333,0.0000023966
2183,0.0000086278,0.3333333333,0.0000028759
7270,0.0000018456,0.3333333333,0.0000006152
4981,0.0000056192,0.3333333333,0.0000018731
2527,0.0000061772,0.3333333333,0.0000020591
1497,0.0000017763,0.3333333333,0.0000005921
6584,0.0000006770,0.3333333333,0.0000002257
6309,0.0000022031,0.3333333333,0.0000007344
1222,0.0000028589,0.5555555556,0.0000015883
3463,0.0000010781,0.3333333333,0.0000003594
1969,0.0000024248,0.3333333333,0.0000008083
4790,0.0000002811,0.5555555556,0.0000001562
4047,0.0000054166,0.3333333333,0.0000018055
3298,0.0000024633,0.3333333333,0.0000008211
2307,0.0000010004,0.3333333333,0.0000003335
3717,0.0000144376,0.3333333333,0.0000048125
3794,0.0000004308,0.3333333333,0.0000001436
2734,0.0000044926,0.3333333333,0.0000014975
4650,0.0000135537,0.3333333333,0.0000045179
3297,0.0000029235,0.3333333333,0.0000009745
7441,0.0000018507,0.3333333333,0.0000006169
2354,0.0000055228,0.3333333333,0.0000018409
4252,0.0000101227,0.3333333333,0.0000033742
1275,0.0000044574,0.5555555556,0.0000024763
6362,0.0000003340,0.3333333333,0.0000001113
2049,0.0000062333,0.3333333333,0.0000020778
3868,0.0000034394,0.3333333333,0.0000011465
3283,0.0000028218,0.3333333333,0.0000009406
2161,0.0000030703,0.3333333333,0.0000010234
7248,0.0000035485,0.3333333333,0.0000011828
1571,0.0000007193,0.3333333333,0.0000002398
6658,0.0000019712,0.3333333333,0.0000006571
2579,0.0000018110,0.3333333333,0.0000006037
3727,0.0000016996,0.3333333333,0.0000005665
3280,0.0000010054,0.3333333333,0.0000003351
3435,0.0000028220,0.3333333333,0.0000009407
980,0.0000063853,0.3333333333,0.0000021284
1355,0.0000012541,0.2222222222,0.0000002787
4748,0.0000050880,0.3333333333,0.0000016960
4233,0.0000035795,0.3333333333,0.0000011932
1703,0.0000013450,0.5555555556,0.0000007472
5063,0.0000060392,0.3333333333,0.0000020131
3278,0.0000015554,0.3333333333,0.0000005185
2439,0.0000022637,0.3333333333,0.0000007546
3486,0.0000005142,0.2222222222,0.0000001143
3007,0.0000021639,0.3333333333,0.0000007213
4782,0.0000054923,0.3333333333,0.0000018308
6876,0.0000014363,0.3333333333,0.0000004788
2614,0.0000151286,0.3333333333,0.0000050429
3006,0.0000103473,0.3333333333,0.0000034491
3489,0.0000063675,0.3333333333,0.0000021225
2034,0.0000030382,0.3333333333,0.0000010127
7979,0.0000014535,0.3333333333,0.0000004845
2892,0.0000043467,0.3333333333,0.0000014489
3276,0.0000032706,0.3333333333,0.0000010902
8363,0.0000005984,0.3333333333,0.0000001995
6504,0.0000040521,0.3333333333,0.0000013507
1417,0.0000012051,0.3333333333,0.0000004017
3724,0.0000025348,0.3333333333,0.0000008449
668,0.0000008791,0.5555555556,0.0000004884
277,0.0000011729,0.3333333333,0.0000003910
5364,0.0000013488,0.3333333333,0.0000004496
1425,0.0000007251,0.5555555556,0.0000004028
6512,0.0000009805,0.3333333333,0.0000003268
4603,0.0000006267,0.3333333333,0.0000002089
9528,0.0000007779,0.3333333333,0.0000002593
2776,0.0000031622,0.3333333333,0.0000010541
4188,0.0000010634,0.3333333333,0.0000003545
3669,0.0000009418,0.3333333333,0.0000003139
1312,0.0000038496,0.3333333333,0.0000012832
6399,0.0000012599,0.3333333333,0.0000004200
4948,0.0000017852,0.3333333333,0.0000005951
2939,0.0000019502,0.5555555556,0.0000010834
5580,0.0000009238,0.3333333333,0.0000003079
493,0.0000033688,0.3333333333,0.0000011229
4919,0.0000009458,0.3333333333,0.0000003153
3240,0.0000024064,0.3333333333,0.0000008021
3235,0.0000033711,0.3333333333,0.0000011237
3239,0.0000056178,0.5555555556,0.0000031210
3219,0.0000013859,0.3333333333,0.0000004620
4284,0.0000018687,0.3333333333,0.0000006229
1583,0.0000027256,0.3333333333,0.0000009085
6670,0.0000012226,0.3333333333,0.0000004075
3577,0.0000016888,0.3333333333,0.0000005629
2112,0.0000014523,0.3333333333,0.0000004841
9156,0.0000011508,0.3333333333,0.0000003836
5077,0.0000008079,0.3333333333,0.0000002693
3214,0.0000019837,0.3333333333,0.0000006612
1523,0.0000010754,0.3333333333,0.0000003585
2550,0.0000040117,0.3333333333,0.0000013372
4168,0.0000006319,0.3333333333,0.0000002106
3213,0.0000019614,0.5555555556,0.0000010897
2840,0.0000019005,0.3333333333,0.0000006335
4975,0.0000011001,0.3333333333,0.0000003667
3212,0.0000040538,0.3333333333,0.0000013513
2876,0.0000244261,0.3333333333,0.0000081420
7963,0.0000008924,0.3333333333,0.0000002975
3440,0.0000161929,0.3333333333,0.0000053976
3695,0.0000072594,0.5555555556,0.0000040330
4559,0.0000032798,0.3333333333,0.0000010933
3094,0.0000030701,0.3333333333,0.0000010234
4797,0.0000038229,0.3333333333,0.0000012743
4071,0.0000019036,0.3333333333,0.0000006345
4004,0.0000006704,0.3333333333,0.0000002235
7496,0.0000022728,0.3333333333,0.0000007576
4568,0.0000007105,0.3333333333,0.0000002368
2780,0.0000018589,0.3333333333,0.0000006196
8995,0.0000013183,0.3333333333,0.0000004394
7266,0.0000006305,0.3333333333,0.0000002102
1576,0.0000042817,0.2222222222,0.0000009515
1369,0.0000062435,0.3333333333,0.0000020812
1790,0.0000059565,0.3333333333,0.0000019855
4049,0.0000016778,0.3333333333,0.0000005593
2791,0.0000046842,0.3333333333,0.0000015614
2292,0.0000049257,0.3333333333,0.0000016419
7379,0.0000034044,0.3333333333,0.0000011348
4111,0.0000015620,0.3333333333,0.0000005207
3184,0.0000033972,0.3333333333,0.0000011324
2511,0.0000020580,0.3333333333,0.0000006860
7598,0.0000004644,0.3333333333,0.0000001548
3422,0.0000023711,0.3333333333,0.0000007904
3179,0.0000028340,0.3333333333,0.0000009447
1587,0.0000080484,0.3333333333,0.0000026828
6674,0.0000007756,0.3333333333,0.0000002585
3147,0.0000012284,0.3333333333,0.0000004095
3015,0.0000029822,0.3333333333,0.0000009941
2918,0.0000057508,0.3333333333,0.0000019169
3870,0.0000009213,0.3333333333,0.0000003071
3661,0.0000024931,0.3333333333,0.0000008310
3166,0.0000007163,0.3333333333,0.0000002388
2998,0.0000082792,0.3333333333,0.0000027597
3035,0.0000089368,0.3333333333,0.0000029789
4179,0.0000028693,0.3333333333,0.0000009564
4698,0.0000024901,0.3333333333,0.0000008300
3158,0.0000006959,0.3333333333,0.0000002320
3693,0.0000009862,0.3333333333,0.0000003287
3832,0.0000015405,0.5555555556,0.0000008559
3152,0.0000038665,0.3333333333,0.0000012888
4901,0.0000011924,0.3333333333,0.0000003975
2480,0.0000054497,0.3333333333,0.0000018166
5748,0.0000010088,0.3333333333,0.0000003363
661,0.0000008448,0.3333333333,0.0000002816
3140,0.0000022918,0.3333333333,0.0000007639
4172,0.0000061064,0.3333333333,0.0000020355
2900,0.0000022222,0.3333333333,0.0000007407
2999,0.0000147845,0.3333333333,0.0000049282
2971,0.0000026347,0.3333333333,0.0000008782
8058,0.0000009041,0.3333333333,0.0000003014
3346,0.0000119152,0.3333333333,0.0000039717
4977,0.0000009671,0.3333333333,0.0000003224
4850,0.0000019771,0.2222222222,0.0000004394
3133,0.0000059793,0.3333333333,0.0000019931
1945,0.0000021862,0.3333333333,0.0000007287
1049,0.0000037619,0.3333333333,0.0000012540
784,0.0000006617,0.3333333333,0.0000002206
2585,0.0000014468,0.3333333333,0.0000004823
2519,0.0000014843,0.3333333333,0.0000004948
3598,0.0000011093,0.3333333333,0.0000003698
7561,0.0000024442,0.3333333333,0.0000008147
2474,0.0000016688,0.3333333333,0.0000005563
4751,0.0000008626,0.3333333333,0.0000002875
3123,0.0000005467,0.3333333333,0.0000001822
830,0.0000028945,0.3333333333,0.0000009648
4006,0.0000030317,0.3333333333,0.0000010106
4336,0.0000012885,0.3333333333,0.0000004295
3327,0.0000025496,0.3333333333,0.0000008499
3121,0.0000012043,0.3333333333,0.0000004014
1683,0.0000032426,0.3333333333,0.0000010809
2382,0.0000011541,0.3333333333,0.0000003847
7438,0.0000003634,0.3333333333,0.0000001211
3154,0.0000012618,0.3333333333,0.0000004206
3100,0.0000075866,0.3333333333,0.0000025289
4190,0.0000033250,0.3333333333,0.0000011083
5010,0.0000021919,0.3333333333,0.0000007306
3474,0.0000032681,0.3333333333,0.0000010894
4139,0.0000068493,0.3333333333,0.0000022831
2696,0.0000033888,0.3333333333,0.0000011296
4026,0.0000031753,0.3333333333,0.0000010584
7972,0.0000023270,0.5555555556,0.0000012928
2885,0.0000006409,0.3333333333,0.0000002136
2229,0.0000063562,0.3333333333,0.0000021187
4995,0.0000009350,0.3333333333,0.0000003117
1741,0.0000044536,0.3333333333,0.0000014845
6828,0.0000013545,0.3333333333,0.0000004515
3485,0.0000086560,0.3333333333,0.0000028853
3652,0.0000090203,0.3333333333,0.0000030068
3069,0.0000034862,0.3333333333,0.0000011621
7254,0.0000024564,0.3333333333,0.0000008188
4176,0.0000065813,0.3333333333,0.0000021938
3061,0.0000023299,0.3333333333,0.0000007766
2010,0.0000023279,0.3333333333,0.0000007760
2903,0.0000065078,0.3333333333,0.0000021693
1555,0.0000011386,0.3333333333,0.0000003795
3259,0.0000020268,0.3333333333,0.0000006756
2584,0.0000018417,0.3333333333,0.0000006139
648,0.0000005398,0.3333333333,0.0000001799
4253,0.0000013384,0.3333333333,0.0000004461
9340,0.0000009743,0.3333333333,0.0000003248
4715,0.0000121796,0.3333333333,0.0000040599
3647,0.0000070023,0.3333333333,0.0000023341
8734,0.0000022632,0.3333333333,0.0000007544
5852,0.0000128514,0.3333333333,0.0000042838
3171,0.0000042910,0.5555555556,0.0000023839
2114,0.0000132550,0.3333333333,0.0000044183
4448,0.0000019564,0.3333333333,0.0000006521
4598,0.0000015135,0.3333333333,0.0000005045
3786,0.0000011601,0.5555555556,0.0000006445
747,0.0000018835,0.3333333333,0.0000006278
4110,0.0000016768,0.3333333333,0.0000005589
5082,0.0000046500,0.3333333333,0.0000015500
1253,0.0000049385,0.3333333333,0.0000016462
4278,0.0000016584,0.3333333333,0.0000005528
3031,0.0000066322,0.3333333333,0.0000022107
4528,0.0000004494,0.3333333333,0.0000001498
1244,0.0000018646,0.2222222222,0.0000004144
396,0.0000013910,0.3333333333,0.0000004637
3626,0.0000023698,0.3333333333,0.0000007899
3018,0.0000016910,0.3333333333,0.0000005637
3098,0.0000004331,0.3333333333,0.0000001444
3017,0.0000025185,0.3333333333,0.0000008395
3437,0.0000027814,0.3333333333,0.0000009271
2732,0.0000047585,0.3333333333,0.0000015862
1824,0.0000025881,0.3333333333,0.0000008627
4943,0.0000020939,0.3333333333,0.0000006980
4787,0.0000014619,0.3333333333,0.0000004873
3009,0.0000013630,0.3333333333,0.0000004543
1818,0.0000017167,0.3333333333,0.0000005722
2226,0.0000012516,0.3333333333,0.0000004172
7313,0.0000002901,0.5555555556,0.0000001612
4860,0.0000037295,0.3333333333,0.0000012432
3584,0.0000013338,0.3333333333,0.0000004446
1719,0.0000026190,0.3333333333,0.0000008730
1457,0.0000031076,0.3333333333,0.0000010359
7769,0.0000016880,0.3333333333,0.0000005627
2682,0.0000006616,0.3333333333,0.0000002205
3581,0.0000034279,0.3333333333,0.0000011426
4642,0.0000058282,0.3333333333,0.0000019427
3719,0.0000008252,0.3333333333,0.0000002751
7022,0.0000004618,0.3333333333,0.0000001539
1935,0.0000050224,0.3333333333,0.0000016741
6112,0.0000006174,0.3333333333,0.0000002058
1025,0.0000152200,0.3333333333,0.0000050733
4979,0.0000023678,0.3333333333,0.0000007893
9482,0.0000014101,0.3333333333,0.0000004700
4395,0.0000010809,0.3333333333,0.0000003603
2996,0.0000006996,0.3333333333,0.0000002332
2230,0.0000003884,0.2222222222,0.0000000863
1051,0.0000086711,0.3333333333,0.0000028904
8193,0.0000002367,0.3333333333,0.0000000789
2995,0.0000016646,0.3333333333,0.0000005549
3153,0.0000042405,0.3333333333,0.0000014135
8240,0.0000025299,0.3333333333,0.0000008433
1277,0.0000026864,0.3333333333,0.0000008955
6364,0.0000003149,0.3333333333,0.0000001050
1106,0.0000026668,0.3333333333,0.0000008889
2000,0.0000049770,0.3333333333,0.0000016590
2844,0.0000026391,0.3333333333,0.0000008797
2987,0.0000003727,0.3333333333,0.0000001242
8074,0.0000017280,0.3333333333,0.0000005760
1995,0.0000035235,0.3333333333,0.0000011745
1231,0.0000021370,0.3333333333,0.0000007123
4510,0.0000065403,0.3333333333,0.0000021801
3635,0.0000013826,0.3333333333,0.0000004609
2796,0.0000042941,0.3333333333,0.0000014314
1842,0.0000008933,0.3333333333,0.0000002978
6929,0.0000016537,0.3333333333,0.0000005512
3055,0.0000016011,0.3333333333,0.0000005337
2982,0.0000013994,0.3333333333,0.0000004665
3387,0.0000023546,0.3333333333,0.0000007849
3411,0.0000048016,0.3333333333,0.0000016005
1900,0.0000052954,0.3333333333,0.0000017651
4822,0.0000064600,0.3333333333,0.0000021533
7404,0.0000006075,0.3333333333,0.0000002025
2317,0.0000033990,0.3333333333,0.0000011330
3919,0.0000016766,0.3333333333,0.0000005589
8030,0.0000007637,0.3333333333,0.0000002546
2943,0.0000006797,0.5555555556,0.0000003776
4868,0.0000007329,0.3333333333,0.0000002443
4401,0.0000019565,0.3333333333,0.0000006522
3588,0.0000042269,0.3333333333,0.0000014090
8134,0.0000009776,0.3333333333,0.0000003259
4002,0.0000035715,0.3333333333,0.0000011905
2975,0.0000033572,0.3333333333,0.0000011191
2596,0.0000016708,0.5555555556,0.0000009282
1951,0.0000012631,0.3333333333,0.0000004210
4949,0.0000037402,0.3333333333,0.0000012467
2795,0.0000048079,0.3333333333,0.0000016026
757,0.0000005211,0.3333333333,0.0000001737
4957,0.0000039412,0.3333333333,0.0000013137
4064,0.0000045529,0.3333333333,0.0000015176
2973,0.0000003557,0.3333333333,0.0000001186
1366,0.0000031519,0.3333333333,0.0000010506
6453,0.0000100346,0.3333333333,0.0000033449
1621,0.0000023135,0.3333333333,0.0000007712
2140,0.0000015539,0.3333333333,0.0000005180
2807,0.0000012835,0.5555555556,0.0000007130
8038,0.0000003559,0.3333333333,0.0000001186
2951,0.0000037210,0.3333333333,0.0000012403
2969,0.0000011634,0.3333333333,0.0000003878
1456,0.0000052501,0.3333333333,0.0000017500
1151,0.0000009944,0.3333333333,0.0000003315
3236,0.0000125379,0.3333333333,0.0000041793
2272,0.0000017113,0.3333333333,0.0000005704
2125,0.0000007278,0.5555555556,0.0000004043
2015,0.0000027958,0.3333333333,0.0000009319
2966,0.0000008331,0.3333333333,0.0000002777
2730,0.0000010473,0.7777777778,0.0000008146
4761,0.0000026925,0.3333333333,0.0000008975
4671,0.0000022917,0.3333333333,0.0000007639
1770,0.0000007572,0.3333333333,0.0000002524
431,0.0000029078,0.3333333333,0.0000009693
2713,0.0000012852,0.3333333333,0.0000004284
3748,0.0000009023,0.3333333333,0.0000003008
3602,0.0000020352,0.3333333333,0.0000006784
2103,0.0000074804,0.3333333333,0.0000024935
2893,0.0000023834,0.3333333333,0.0000007945
7980,0.0000005610,0.3333333333,0.0000001870
2955,0.0000017523,0.3333333333,0.0000005841
1326,0.0000010925,0.3333333333,0.0000003642
6413,0.0000032968,0.3333333333,0.0000010989
542,0.0000040196,0.3333333333,0.0000013399
2524,0.0000013665,0.3333333333,0.0000004555
1551,0.0000051678,0.2222222222,0.0000011484
3548,0.0000042274,0.3333333333,0.0000014091
1005,0.0000025930,0.5555555556,0.0000014406
6092,0.0000020140,0.3333333333,0.0000006713
2878,0.0000022040,0.3333333333,0.0000007347
1536,0.0000116472,0.3333333333,0.0000038824
3221,0.0000003935,0.3333333333,0.0000001312
7298,0.0000015687,0.3333333333,0.0000005229
2211,0.0000003238,0.2222222222,0.0000000720
6703,0.0000005184,0.3333333333,0.0000001728
1616,0.0000001745,0.3333333333,0.0000000582
1292,0.0000044092,0.3333333333,0.0000014697
3394,0.0000019127,0.3333333333,0.0000006376
3798,0.0000034558,0.3333333333,0.0000011519
3299,0.0000016680,0.3333333333,0.0000005560
885,0.0000017057,0.3333333333,0.0000005686
5972,0.0000006695,0.3333333333,0.0000002232
2938,0.0000018778,0.3333333333,0.0000006259
3187,0.0000073838,0.3333333333,0.0000024613
8274,0.0000004579,0.3333333333,0.0000001526
3439,0.0000082034,0.3333333333,0.0000027345
787,0.0000062599,0.3333333333,0.0000020866
4093,0.0000017810,0.3333333333,0.0000005937
2934,0.0000029738,0.3333333333,0.0000009913
2077,0.0000040533,0.3333333333,0.0000013511
4467,0.0000022644,0.3333333333,0.0000007548
4398,0.0000013235,0.3333333333,0.0000004412
119,0.0000013048,0.3333333333,0.0000004349
5206,0.0000048563,0.3333333333,0.0000016188
2565,0.0000015913,0.3333333333,0.0000005304
5041,0.0000019510,0.3333333333,0.0000006503
4487,0.0000003985,0.3333333333,0.0000001328
659,0.0000029203,0.3333333333,0.0000009734
1490,0.0000028830,0.3333333333,0.0000009610
9667,0.0000007223,0.3333333333,0.0000002408
4585,0.0000007797,0.3333333333,0.0000002599
2922,0.0000035568,0.3333333333,0.0000011856
1498,0.0000139018,0.3333333333,0.0000046339
1943,0.0000058587,0.3333333333,0.0000019529
2056,0.0000023310,0.3333333333,0.0000007770
4199,0.0000043011,0.3333333333,0.0000014337
1855,0.0000023296,0.3333333333,0.0000007765
3447,0.0000055350,0.3333333333,0.0000018450
4343,0.0000042657,0.3333333333,0.0000014219
3797,0.0000033150,0.3333333333,0.0000011050
3736,0.0000048738,0.3333333333,0.0000016246
3821,0.0000018378,0.3333333333,0.0000006126
2919,0.0000017699,0.3333333333,0.0000005900
1689,0.0000055131,0.3333333333,0.0000018377
4737,0.0000016832,0.3333333333,0.0000005611
4063,0.0000014224,0.3333333333,0.0000004741
2852,0.0000014298,0.3333333333,0.0000004766
2896,0.0000016822,0.3333333333,0.0000005607
2357,0.0000029207,0.3333333333,0.0000009736
8262,0.0000004830,0.3333333333,0.0000001610
4449,0.0000016143,0.3333333333,0.0000005381
2913,0.0000018326,0.3333333333,0.0000006109
8000,0.0000010294,0.3333333333,0.0000003431
958,0.0000018956,0.3333333333,0.0000006319
3020,0.0000020590,0.3333333333,0.0000006863
2912,0.0000003829,0.3333333333,0.0000001276
7766,0.0000044548,0.3333333333,0.0000014849
2679,0.0000009613,0.3333333333,0.0000003204
7844,0.0000024602,0.3333333333,0.0000008201
4423,0.0000006369,0.5555555556,0.0000003538
3005,0.0000021069,0.3333333333,0.0000007023
2514,0.0000014751,0.3333333333,0.0000004917
7601,0.0000024239,0.3333333333,0.0000008080
6769,0.0000010104,0.3333333333,0.0000003368
1682,0.0000007509,0.3333333333,0.0000002503
3973,0.0000029821,0.3333333333,0.0000009940
4321,0.0000058257,0.3333333333,0.0000019419
3525,0.0000031623,0.3333333333,0.0000010541
4706,0.0000039246,0.3333333333,0.0000013082
3843,0.0000033513,0.5555555556,0.0000018618
4956,0.0000028898,0.3333333333,0.0000009633
816,0.0000059333,0.3333333333,0.0000019778
5903,0.0000009973,0.3333333333,0.0000003324
6322,0.0000027857,0.3333333333,0.0000009286
1235,0.0000086895,0.3333333333,0.0000028965
3643,0.0000016486,0.3333333333,0.0000005495
5066,0.0000043013,0.3333333333,0.0000014338
2870,0.0000008150,0.3333333333,0.0000002717
571,0.0000002757,0.3333333333,0.0000000919
5658,0.0000025653,0.3333333333,0.0000008551
6090,0.0000007076,0.3333333333,0.0000002359
2865,0.0000006732,0.3333333333,0.0000002244
2061,0.0000045105,0.5555555556,0.0000025059
7148,0.0000003520,0.3333333333,0.0000001173
3013,0.0000054389,0.3333333333,0.0000018130
2862,0.0000003044,0.5555555556,0.0000001691
3085,0.0000047523,0.3333333333,0.0000015841
1486,0.0000010751,0.5555555556,0.0000005973
2336,0.0000007392,0.4444444444,0.0000003286
1464,0.0000054790,0.3333333333,0.0000018263
3229,0.0000014716,0.3333333333,0.0000004905
984,0.0000035896,0.3333333333,0.0000011965
3255,0.0000016952,0.3333333333,0.0000005651
2178,0.0000018980,0.3333333333,0.0000006327
3881,0.0000014345,0.3333333333,0.0000004782
3686,0.0000015877,0.3333333333,0.0000005292
1338,0.0000031335,0.3333333333,0.0000010445
2851,0.0000012078,0.3333333333,0.0000004026
450,0.0000004134,0.3333333333,0.0000001378
5939,0.0000026436,0.3333333333,0.0000008812
4328,0.0000015785,0.3333333333,0.0000005262
447,0.0000038336,0.3333333333,0.0000012779
1592,0.0000055026,0.3333333333,0.0000018342
1704,0.0000034631,0.3333333333,0.0000011544
6791,0.0000024723,0.3333333333,0.0000008241
2219,0.0000054729,0.3333333333,0.0000018243
2441,0.0000063096,0.3333333333,0.0000021032
7528,0.0000008021,0.3333333333,0.0000002674
4854,0.0000016260,0.3333333333,0.0000005420
4527,0.0000012350,0.3333333333,0.0000004117
2303,0.0000023265,0.3333333333,0.0000007755
1814,0.0000099521,0.3333333333,0.0000033174
9546,0.0000012255,0.3333333333,0.0000004085
5624,0.0000005171,0.3333333333,0.0000001724
537,0.0000026325,0.5555555556,0.0000014625
2845,0.0000009293,0.3333333333,0.0000003098
2031,0.0000007384,0.3333333333,0.0000002461
7118,0.0000007657,0.3333333333,0.0000002552
3844,0.0000007276,0.3333333333,0.0000002425
2769,0.0000049783,0.3333333333,0.0000016594
7856,0.0000019057,0.3333333333,0.0000006352
7286,0.0000025906,0.3333333333,0.0000008635
2199,0.0000014767,0.3333333333,0.0000004922
4090,0.0000044612,0.3333333333,0.0000014871
4262,0.0000019992,0.3333333333,0.0000006664
1921,0.0000031046,0.3333333333,0.0000010349
5930,0.0000071257,0.3333333333,0.0000023752
843,0.0000005389,0.5555555556,0.0000002994
4905,0.0000005186,0.2222222222,0.0000001152
2825,0.0000051623,0.3333333333,0.0000017208
2607,0.0000063918,0.3333333333,0.0000021306
8608,0.0000010566,0.3333333333,0.0000003522
547,0.0000039017,0.3333333333,0.0000013006
1204,0.0000031849,0.3333333333,0.0000010616
6291,0.0000018460,0.3333333333,0.0000006153
3393,0.0000032281,0.3333333333,0.0000010760
2809,0.0000020147,0.3333333333,0.0000006716
5068,0.0000071659,0.3333333333,0.0000023886
4865,0.0000017187,0.3333333333,0.0000005729
2930,0.0000037641,0.3333333333,0.0000012547
3129,0.0000063279,0.3333333333,0.0000021093
8216,0.0000003416,0.3333333333,0.0000001139
4444,0.0000049178,0.3333333333,0.0000016393
3698,0.0000018109,0.3333333333,0.0000006036
2792,0.0000005982,0.3333333333,0.0000001994
4683,0.0000025094,0.3333333333,0.0000008365
1762,0.0000012228,0.3333333333,0.0000004076
2622,0.0000004694,0.3333333333,0.0000001565
7709,0.0000013301,0.3333333333,0.0000004434
1707,0.0000032036,0.3333333333,0.0000010679
1510,0.0000011444,0.3333333333,0.0000003815
4750,0.0000012893,0.3333333333,0.0000004298
4428,0.0000030026,0.3333333333,0.0000010009
2790,0.0000004334,0.3333333333,0.0000001445
3182,0.0000021839,0.3333333333,0.0000007280
1058,0.0000032732,0.3333333333,0.0000010911
3618,0.0000026603,0.3333333333,0.0000008868
4908,0.0000005817,0.3333333333,0.0000001939
3813,0.0000072111,0.3333333333,0.0000024037
3403,0.0000013952,0.3333333333,0.0000004651
4413,0.0000013597,0.3333333333,0.0000004532
2755,0.0000150648,0.3333333333,0.0000050216
3279,0.0000075882,0.3333333333,0.0000025294
2768,0.0000017495,0.5555555556,0.0000009720
7855,0.0000008052,0.3333333333,0.0000002684
8501,0.0000007941,0.3333333333,0.0000002647
3414,0.0000016785,0.3333333333,0.0000005595
3325,0.0000049359,0.3333333333,0.0000016453
1470,0.0000020606,0.3333333333,0.0000006869
6557,0.0000015135,0.3333333333,0.0000005045
2438,0.0000021921,0.3333333333,0.0000007307
3460,0.0000007754,0.3333333333,0.0000002585
2726,0.0000039794,0.3333333333,0.0000013265
7813,0.0000026550,0.3333333333,0.0000008850
3494,0.0000026228,0.3333333333,0.0000008743
9232,0.0000009320,0.3333333333,0.0000003107
4140,0.0000013316,0.3333333333,0.0000004439
2746,0.0000019970,0.5555555556,0.0000011095
2420,0.0000057070,0.3333333333,0.0000019023
3450,0.0000005114,0.5555555556,0.0000002841
2741,0.0000077885,0.3333333333,0.0000025962
5690,0.0000010266,0.3333333333,0.0000003422
4635,0.0000020225,0.3333333333,0.0000006742
2733,0.0000041706,0.5555555556,0.0000023170
993,0.0000022721,0.3333333333,0.0000007574
7586,0.0000028315,0.3333333333,0.0000009438
2058,0.0000015285,0.3333333333,0.0000005095
2773,0.0000019477,0.3333333333,0.0000006492
4160,0.0000020547,0.3333333333,0.0000006849
2860,0.0000009478,0.3333333333,0.0000003159
2173,0.0000007346,0.3333333333,0.0000002449
3084,0.0000013886,0.3333333333,0.0000004629
2718,0.0000006291,0.3333333333,0.0000002097
2250,0.0000037851,0.3333333333,0.0000012617
4717,0.0000029587,0.3333333333,0.0000009862
2704,0.0000040593,0.5555555556,0.0000022552
2282,0.0000016822,0.3333333333,0.0000005607
2403,0.0000012018,0.3333333333,0.0000004006
4936,0.0000025494,0.3333333333,0.0000008498
3703,0.0000013649,0.3333333333,0.0000004550
5071,0.0000005466,0.3333333333,0.0000001822
2545,0.0000032122,0.5555555556,0.0000017845
4334,0.0000021625,0.3333333333,0.0000007208
4254,0.0000001700,0.5555555556,0.0000000945
1625,0.0000010460,0.3333333333,0.0000003487
2502,0.0000040522,0.3333333333,0.0000013507
2255,0.0000023822,0.3333333333,0.0000007941
7342,0.0000025331,0.3333333333,0.0000008444
4743,0.0000021317,0.3333333333,0.0000007106
3177,0.0000025373,0.3333333333,0.0000008458
6792,0.0000032445,0.3333333333,0.0000010815
1705,0.0000085309,0.3333333333,0.0000028436
1578,0.0000137467,0.5555555556,0.0000076371
7663,0.0000015002,0.3333333333,0.0000005001
4341,0.0000006851,0.3333333333,0.0000002284
2691,0.0000012360,0.3333333333,0.0000004120
2091,0.0000007716,0.3333333333,0.0000002572
4465,0.0000005849,0.3333333333,0.0000001950
2681,0.0000007749,0.3333333333,0.0000002583
1538,0.0000023842,0.2222222222,0.0000005298
558,0.0000059078,0.3333333333,0.0000019693
2263,0.0000059412,0.3333333333,0.0000019804
2673,0.0000034120,0.3333333333,0.0000011373
4220,0.0000010633,0.3333333333,0.0000003544
4381,0.0000017086,0.3333333333,0.0000005695
5508,0.0000017401,0.3333333333,0.0000005800
4604,0.0000008519,0.3333333333,0.0000002840
5014,0.0000013866,0.3333333333,0.0000004622
3269,0.0000046373,0.3333333333,0.0000015458
2667,0.0000053638,0.3333333333,0.0000017879
4672,0.0000013257,0.5555555556,0.0000007365
1531,0.0000022456,0.3333333333,0.0000007485
6618,0.0000007807,0.3333333333,0.0000002602
3640,0.0000022382,0.3333333333,0.0000007461
3627,0.0000006482,0.3333333333,0.0000002161
2711,0.0000102044,0.3333333333,0.0000034015
4987,0.0000029672,0.3333333333,0.0000009891
2196,0.0000022777,0.3333333333,0.0000007592
1265,0.0000013240,0.3333333333,0.0000004413
8260,0.0000010976,0.3333333333,0.0000003659
7321,0.0000007126,0.2222222222,0.0000001583
2234,0.0000014468,0.3333333333,0.0000004823
4891,0.0000005767,0.3333333333,0.0000001922
2972,0.0000020680,0.3333333333,0.0000006893
3273,0.0000046408,0.3333333333,0.0000015469
8360,0.0000006676,0.3333333333,0.0000002225
2643,0.0000021040,0.3333333333,0.0000007013
2635,0.0000017890,0.3333333333,0.0000005963
3454,0.0000004869,0.2222222222,0.0000001082
2176,0.0000042173,0.3333333333,0.0000014058
7263,0.0000023069,0.3333333333,0.0000007690
6523,0.0000009043,0.3333333333,0.0000003014
1436,0.0000006038,0.3333333333,0.0000002013
989,0.0000084078,0.3333333333,0.0000028026
2223,0.0000150236,0.3333333333,0.0000050079
7310,0.0000008930,0.3333333333,0.0000002977
4476,0.0000025083,0.3333333333,0.0000008361
2314,0.0000298400,0.3333333333,0.0000099467
4532,0.0000045685,0.3333333333,0.0000015228
2829,0.0000010003,0.3333333333,0.0000003334
820,0.0000027783,0.2222222222,0.0000006174
2537,0.0000044143,0.3333333333,0.0000014714
4992,0.0000026132,0.3333333333,0.0000008711
2623,0.0000011891,0.3333333333,0.0000003964
2495,0.0000004546,0.3333333333,0.0000001515
4524,0.0000008084,0.3333333333,0.0000002695
9611,0.0000011730,0.3333333333,0.0000003910
4075,0.0000017131,0.3333333333,0.0000005710
3284,0.0000043004,0.3333333333,0.0000014335
6651,0.0000002117,0.3333333333,0.0000000706
1564,0.0000005526,0.3333333333,0.0000001842
2434,0.0000006477,0.3333333333,0.0000002159
1004,0.0000080675,0.3333333333,0.0000026892
2500,0.0000025871,0.3333333333,0.0000008624
3204,0.0000011478,0.3333333333,0.0000003826
4702,0.0000005963,0.5555555556,0.0000003313
4502,0.0000016128,0.3333333333,0.0000005376
3249,0.0000007521,0.3333333333,0.0000002507
1740,0.0000043572,0.3333333333,0.0000014524
6827,0.0000004675,0.3333333333,0.0000001558
7515,0.0000015704,0.3333333333,0.0000005235
2428,0.0000060312,0.3333333333,0.0000020104
9033,0.0000006887,0.3333333333,0.0000002296
1825,0.0000021067,0.3333333333,0.0000007022
6912,0.0000008378,0.3333333333,0.0000002793
3941,0.0000001633,0.5555555556,0.0000000907
2811,0.0000069083,0.3333333333,0.0000023028
2592,0.0000023842,0.3333333333,0.0000007947
2086,0.0000027447,0.3333333333,0.0000009149
3243,0.0000035789,0.3333333333,0.0000011930
8330,0.0000028049,0.3333333333,0.0000009350
2574,0.0000005991,0.3333333333,0.0000001997
4314,0.0000031360,0.3333333333,0.0000010453
4566,0.0000031427,0.3333333333,0.0000010476
2308,0.0000033183,0.3333333333,0.0000011061
4722,0.0000027045,0.3333333333,0.0000009015
2572,0.0000087297,0.3333333333,0.0000029099
2993,0.0000018098,0.3333333333,0.0000006033
2571,0.0000019438,0.3333333333,0.0000006479
2072,0.0000012508,0.3333333333,0.0000004169
7159,0.0000016752,0.3333333333,0.0000005584
4855,0.0000003867,0.3333333333,0.0000001289
2567,0.0000005309,0.3333333333,0.0000001770
4131,0.0000033898,0.3333333333,0.0000011299
2898,0.0000010563,0.2222222222,0.0000002347
2560,0.0000081985,0.3333333333,0.0000027328
2559,0.0000047433,0.3333333333,0.0000015811
7646,0.0000016209,0.3333333333,0.0000005403
1342,0.0000032046,0.5555555556,0.0000017803
2281,0.0000030303,0.5555555556,0.0000016835
4680,0.0000075280,0.3333333333,0.0000025093
3341,0.0000030501,0.3333333333,0.0000010167
2557,0.0000013597,0.3333333333,0.0000004532
5840,0.0000034715,0.3333333333,0.0000011572
2549,0.0000010826,0.5555555556,0.0000006014
3772,0.0000045533,0.3333333333,0.0000015178
8859,0.0000030586,0.3333333333,0.0000010195
2546,0.0000038921,0.3333333333,0.0000012974
6181,0.0000043001,0.3333333333,0.0000014334
6371,0.0000040091,0.3333333333,0.0000013364
8893,0.0000001792,0.3333333333,0.0000000597
8063,0.0000015043,0.3333333333,0.0000005014
2976,0.0000054355,0.3333333333,0.0000018118
2254,0.0000018689,0.3333333333,0.0000006230
7341,0.0000036995,0.3333333333,0.0000012332
1264,0.0000013122,0.3333333333,0.0000004374
1116,0.0000077545,0.3333333333,0.0000025848
5923,0.0000011238,0.3333333333,0.0000003746
2945,0.0000022625,0.3333333333,0.0000007542
3690,0.0000009828,0.2222222222,0.0000002184
7442,0.0000007277,0.3333333333,0.0000002426
4405,0.0000020567,0.3333333333,0.0000006856
4724,0.0000006896,0.3333333333,0.0000002299
2333,0.0000019018,0.3333333333,0.0000006339
4031,0.0000008731,0.3333333333,0.0000002910
3594,0.0000020815,0.3333333333,0.0000006938
4375,0.0000005234,0.3333333333,0.0000001745
2476,0.0000008501,0.3333333333,0.0000002834
1826,0.0000045955,0.3333333333,0.0000015318
4852,0.0000015190,0.3333333333,0.0000005063
4546,0.0000019410,0.5555555556,0.0000010783
1615,0.0000020622,0.3333333333,0.0000006874
2602,0.0000006242,0.3333333333,0.0000002081
6375,0.0000014846,0.3333333333,0.0000004949
2460,0.0000022846,0.3333333333,0.0000007615
3974,0.0000040547,0.3333333333,0.0000013516
2458,0.0000019730,0.3333333333,0.0000006577
4857,0.0000034125,0.3333333333,0.0000011375
2444,0.0000069839,0.3333333333,0.0000023280
4536,0.0000018082,0.3333333333,0.0000006027
2433,0.0000024378,0.3333333333,0.0000008126
3415,0.0000010433,0.3333333333,0.0000003478
1780,0.0000018192,0.3333333333,0.0000006064
3137,0.0000024715,0.3333333333,0.0000008238
3788,0.0000024186,0.5555555556,0.0000013437
3884,0.0000042259,0.3333333333,0.0000014086
4493,0.0000012335,0.3333333333,0.0000004112
3978,0.0000016773,0.3333333333,0.0000005591
1722,0.0000073725,0.3333333333,0.0000024575
2118,0.0000146681,0.3333333333,0.0000048894
788,0.0000032115,0.3333333333,0.0000010705
7153,0.0000020394,0.3333333333,0.0000006798
2416,0.0000144005,0.3333333333,0.0000048002
3657,0.0000006840,0.3333333333,0.0000002280
3689,0.0000005482,0.3333333333,0.0000001827
2397,0.0000077388,0.5555555556,0.0000042993
7484,0.0000015522,0.3333333333,0.0000005174
2386,0.0000002491,0.3333333333,0.0000000830
2398,0.0000032223,0.3333333333,0.0000010741
3749,0.0000035796,0.3333333333,0.0000011932
2544,0.0000026873,0.3333333333,0.0000008958
2248,0.0000024245,0.3333333333,0.0000008082
4701,0.0000038325,0.3333333333,0.0000012775
3712,0.0000025974,0.3333333333,0.0000008658
8425,0.0000001650,0.2222222222,0.0000000367
3338,0.0000033215,0.3333333333,0.0000011072
3950,0.0000011459,0.3333333333,0.0000003820
932,0.0000007554,0.3333333333,0.0000002518
4412,0.0000129725,0.3333333333,0.0000043242
4591,0.0000110970,0.3333333333,0.0000036990
3538,0.0000000907,0.5555555556,0.0000000504
2371,0.0000014383,0.3333333333,0.0000004794
2367,0.0000028073,0.3333333333,0.0000009358
6499,0.0000007431,0.3333333333,0.0000002477
1412,0.0000005803,0.3333333333,0.0000001934
2361,0.0000002247,0.5555555556,0.0000001248
2647,0.0000033160,0.3333333333,0.0000011053
2774,0.0000005482,0.3333333333,0.0000001827
2349,0.0000028649,0.3333333333,0.0000009550
8920,0.0000013610,0.3333333333,0.0000004537
3833,0.0000027635,0.3333333333,0.0000009212
4625,0.0000005142,0.3333333333,0.0000001714
694,0.0000004284,0.5555555556,0.0000002380
2468,0.0000160440,0.3333333333,0.0000053480
7555,0.0000004819,0.3333333333,0.0000001606
4553,0.0000003809,0.3333333333,0.0000001270
3990,0.0000024961,0.3333333333,0.0000008320
3178,0.0000054777,0.3333333333,0.0000018259
354,0.0000031264,0.3333333333,0.0000010421
4833,0.0000013538,0.3333333333,0.0000004513
1212,0.0000007530,0.3333333333,0.0000002510
1974,0.0000039823,0.3333333333,0.0000013274
7061,0.0000004078,0.3333333333,0.0000001359
2213,0.0000004694,0.3333333333,0.0000001565
415,0.0000032463,0.3333333333,0.0000010821
2323,0.0000003917,0.3333333333,0.0000001306
4015,0.0000008968,0.3333333333,0.0000002989
2867,0.0000010261,0.3333333333,0.0000003420
4320,0.0000025281,0.3333333333,0.0000008427
6801,0.0000003784,0.3333333333,0.0000001261
2298,0.0000007347,0.3333333333,0.0000002449
7569,0.0000006093,0.3333333333,0.0000002031
2482,0.0000021140,0.5555555556,0.0000011744
3264,0.0000001129,0.3333333333,0.0000000376
8351,0.0000006776,0.3333333333,0.0000002259
462,0.0000012603,0.3333333333,0.0000004201
5549,0.0000008320,0.3333333333,0.0000002773
4451,0.0000049967,0.3333333333,0.0000016656
3496,0.0000002657,0.3333333333,0.0000000886
1344,0.0000046043,0.3333333333,0.0000015348
2312,0.0000039564,0.3333333333,0.0000013188
4187,0.0000009090,0.3333333333,0.0000003030
2274,0.0000009569,0.3333333333,0.0000003190
8973,0.0000004917,0.3333333333,0.0000001639
4309,0.0000005440,0.2222222222,0.0000001209
3511,0.0000047765,0.3333333333,0.0000015922
3818,0.0000021500,0.3333333333,0.0000007167
4147,0.0000017347,0.3333333333,0.0000005782
3535,0.0000003801,0.3333333333,0.0000001267
1448,0.0000051166,0.3333333333,0.0000017055
2283,0.0000066442,0.3333333333,0.0000022147
2522,0.0000053190,0.3333333333,0.0000017730
6970,0.0000088755,0.5555555556,0.0000049308
1883,0.0000014123,0.3333333333,0.0000004708
4511,0.0000099066,0.3333333333,0.0000033022
2249,0.0000016104,0.3333333333,0.0000005368
4563,0.0000007282,0.3333333333,0.0000002427
2581,0.0000085229,0.3333333333,0.0000028410
2247,0.0000020130,0.5555555556,0.0000011184
2244,0.0000015847,0.3333333333,0.0000005282
3343,0.0000032742,0.3333333333,0.0000010914
4709,0.0000011461,0.3333333333,0.0000003820
1727,0.0000010306,0.3333333333,0.0000003435
2239,0.0000023044,0.5555555556,0.0000012802
2236,0.0000009216,0.3333333333,0.0000003072
2233,0.0000017131,0.3333333333,0.0000005710
3195,0.0000023699,0.3333333333,0.0000007900
5034,0.0000016184,0.3333333333,0.0000005395
2228,0.0000034394,0.3333333333,0.0000011465
6532,0.0000016311,0.3333333333,0.0000005437
2722,0.0000005061,0.3333333333,0.0000001687
2215,0.0000036139,0.3333333333,0.0000012046
5064,0.0000045780,0.3333333333,0.0000015260
3356,0.0000010824,0.3333333333,0.0000003608
2210,0.0000059892,0.3333333333,0.0000019964
2198,0.0000015952,0.3333333333,0.0000005317
2595,0.0000010181,0.3333333333,0.0000003394
2197,0.0000012175,0.3333333333,0.0000004058
6581,0.0000004409,0.3333333333,0.0000001470
1494,0.0000017162,0.3333333333,0.0000005721
3443,0.0000004359,0.3333333333,0.0000001453
3128,0.0000004370,0.3333333333,0.0000001457
4615,0.0000041739,0.3333333333,0.0000013913
1216,0.0000044492,0.3333333333,0.0000014831
6303,0.0000024292,0.3333333333,0.0000008097
1908,0.0000068116,0.3333333333,0.0000022705
3589,0.0000013593,0.3333333333,0.0000004531
2187,0.0000057542,0.3333333333,0.0000019181
2872,0.0000022267,0.3333333333,0.0000007422
3207,0.0000091248,0.3333333333,0.0000030416
2894,0.0000030038,0.3333333333,0.0000010013
2262,0.0000016389,0.3333333333,0.0000005463
4862,0.0000023462,0.3333333333,0.0000007821
3091,0.0000016913,0.3333333333,0.0000005638
4818,0.0000007917,0.3333333333,0.0000002639
1506,0.0000036339,0.3333333333,0.0000012113
6593,0.0000008601,0.3333333333,0.0000002867
3167,0.0000082593,0.3333333333,0.0000027531
4420,0.0000024536,0.3333333333,0.0000008179
764,0.0000009568,0.3333333333,0.0000003189
5851,0.0000056949,0.3333333333,0.0000018983
9108,0.0000004914,0.3333333333,0.0000001638
4021,0.0000011263,0.3333333333,0.0000003754
3572,0.0000017345,0.3333333333,0.0000005782
4351,0.0000021430,0.3333333333,0.0000007143
7801,0.0000015983,0.3333333333,0.0000005328
2714,0.0000181522,0.3333333333,0.0000060507
3909,0.0000004346,0.3333333333,0.0000001449
2356,0.0000036668,0.3333333333,0.0000012223
4655,0.0000007467,0.3333333333,0.0000002489
1791,0.0000027133,0.3333333333,0.0000009044
2206,0.0000030981,0.3333333333,0.0000010327
2882,0.0000007514,0.3333333333,0.0000002505
7627,0.0000004745,0.3333333333,0.0000001582
2540,0.0000005011,0.3333333333,0.0000001670
2658,0.0000017277,0.3333333333,0.0000005759
3417,0.0000008624,0.3333333333,0.0000002875
1993,0.0000016225,0.3333333333,0.0000005408
4907,0.0000012776,0.5555555556,0.0000007098
2909,0.0000002167,0.3333333333,0.0000000722
2142,0.0000009276,0.3333333333,0.0000003092
2586,0.0000017451,0.3333333333,0.0000005817
2154,0.0000006082,0.3333333333,0.0000002027
2837,0.0000047768,0.3333333333,0.0000015923
4897,0.0000007938,0.3333333333,0.0000002646
2952,0.0000034927,0.3333333333,0.0000011642
8039,0.0000008611,0.3333333333,0.0000002870
2122,0.0000007742,0.3333333333,0.0000002581
7209,0.0000008135,0.3333333333,0.0000002712
1907,0.0000017627,0.3333333333,0.0000005876
6994,0.0000009674,0.3333333333,0.0000003225
3317,0.0000033940,0.3333333333,0.0000011313
3526,0.0000020179,0.3333333333,0.0000006726
4282,0.0000053932,0.3333333333,0.0000017977
4910,0.0000048293,0.3333333333,0.0000016098
6694,0.0000057664,0.3333333333,0.0000019221
2486,0.0000003600,0.3333333333,0.0000001200
7573,0.0000012599,0.3333333333,0.0000004200
4651,0.0000021612,0.3333333333,0.0000007204
4841,0.0000026079,0.3333333333,0.0000008693
8887,0.0000003267,0.3333333333,0.0000001089
4382,0.0000019736,0.3333333333,0.0000006579
1939,0.0000010352,0.3333333333,0.0000003451
5067,0.0000023702,0.3333333333,0.0000007901
3735,0.0000020323,0.3333333333,0.0000006774
2346,0.0000002994,0.3333333333,0.0000000998
7433,0.0000003575,0.3333333333,0.0000001192
2190,0.0000014183,0.3333333333,0.0000004728
4996,0.0000050708,0.3333333333,0.0000016903
2762,0.0000014163,0.3333333333,0.0000004721
1567,0.0000036867,0.3333333333,0.0000012289
4065,0.0000008416,0.3333333333,0.0000002805
2081,0.0000016115,0.3333333333,0.0000005372
7168,0.0000013543,0.3333333333,0.0000004514
7353,0.0000006051,0.3333333333,0.0000002017
3248,0.0000013455,0.3333333333,0.0000004485
2075,0.0000023622,0.3333333333,0.0000007874
4864,0.0000024220,0.3333333333,0.0000008073
4182,0.0000039655,0.3333333333,0.0000013218
4326,0.0000026780,0.3333333333,0.0000008927
1884,0.0000063297,0.3333333333,0.0000021099
3392,0.0000005416,0.2222222222,0.0000001204
2039,0.0000067082,0.3333333333,0.0000022361
3802,0.0000004478,0.3333333333,0.0000001493
3293,0.0000020072,0.5555555556,0.0000011151
2041,0.0000005105,0.5555555556,0.0000002836
1996,0.0000007076,0.5555555556,0.0000003931
2841,0.0000006485,0.3333333333,0.0000002162
1064,0.0000039949,0.3333333333,0.0000013316
4094,0.0000028406,0.3333333333,0.0000009469
2204,0.0000036070,0.3333333333,0.0000012023
4204,0.0000067712,0.3333333333,0.0000022571
5086,0.0000014008,0.3333333333,0.0000004669
2018,0.0000034519,0.3333333333,0.0000011506
2012,0.0000012985,0.3333333333,0.0000004328
2073,0.0000022255,0.3333333333,0.0000007418
3410,0.0000052858,0.3333333333,0.0000017619
3146,0.0000021841,0.3333333333,0.0000007280
4319,0.0000061890,0.3333333333,0.0000020630
7852,0.0000031666,0.3333333333,0.0000010555
4432,0.0000029321,0.3333333333,0.0000009774
8279,0.0000056117,0.3333333333,0.0000018706
3192,0.0000015942,0.3333333333,0.0000005314
8192,0.0000030606,0.3333333333,0.0000010202
3105,0.0000026862,0.3333333333,0.0000008954
3340,0.0000008804,0.3333333333,0.0000002935
5011,0.0000008651,0.3333333333,0.0000002884
3404,0.0000017710,0.3333333333,0.0000005903
2006,0.0000003545,0.3333333333,0.0000001182
2003,0.0000056816,0.3333333333,0.0000018939
2028,0.0000006324,0.2222222222,0.0000001405
1992,0.0000019422,0.3333333333,0.0000006474
1137,0.0000029900,0.3333333333,0.0000009967
3160,0.0000023590,0.3333333333,0.0000007863
8247,0.0000010384,0.3333333333,0.0000003461
1821,0.0000020578,0.3333333333,0.0000006859
1981,0.0000011980,0.3333333333,0.0000003993
2624,0.0000006185,0.3333333333,0.0000002062
7711,0.0000009468,0.3333333333,0.0000003156
3642,0.0000037930,0.3333333333,0.0000012643
4061,0.0000018960,0.3333333333,0.0000006320
4670,0.0000006037,0.3333333333,0.0000002012
4030,0.0000009726,0.3333333333,0.0000003242
3464,0.0000034901,0.3333333333,0.0000011634
1541,0.0000064406,0.3333333333,0.0000021469
2911,0.0000039403,0.3333333333,0.0000013134
3803,0.0000040133,0.3333333333,0.0000013378
3148,0.0000010726,0.3333333333,0.0000003575
1963,0.0000004144,0.3333333333,0.0000001381
4297,0.0000019465,0.3333333333,0.0000006488
4920,0.0000109460,0.3333333333,0.0000036487
3742,0.0000027909,0.3333333333,0.0000009303
1961,0.0000032485,0.3333333333,0.0000010828
4664,0.0000006069,0.3333333333,0.0000002023
3337,0.0000003135,0.3333333333,0.0000001045
2068,0.0000008904,0.3333333333,0.0000002968
1949,0.0000009578,0.5555555556,0.0000005321
2517,0.0000016058,0.3333333333,0.0000005353
2739,0.0000006016,0.3333333333,0.0000002005
1473,0.0000079165,0.3333333333,0.0000026388
1852,0.0000050362,0.3333333333,0.0000016787
3206,0.0000014397,0.3333333333,0.0000004799
3081,0.0000019796,0.3333333333,0.0000006599
7950,0.0000011982,0.3333333333,0.0000003994
1938,0.0000003887,0.3333333333,0.0000001296
4623,0.0000007392,0.3333333333,0.0000002464
4371,0.0000035629,0.3333333333,0.0000011876
6301,0.0000036979,0.3333333333,0.0000012326
1214,0.0000010050,0.3333333333,0.0000003350
1913,0.0000024704,0.5555555556,0.0000013725
1726,0.0000006703,0.3333333333,0.0000002234
3104,0.0000012705,0.3333333333,0.0000004235
3783,0.0000010117,0.3333333333,0.0000003372
3776,0.0000026386,0.3333333333,0.0000008795
3848,0.0000028136,0.3333333333,0.0000009379
2662,0.0000027006,0.3333333333,0.0000009002
3050,0.0000031100,0.3333333333,0.0000010367
3847,0.0000051011,0.3333333333,0.0000017004
4044,0.0000031533,0.3333333333,0.0000010511
3890,0.0000043296,0.3333333333,0.0000014432
4720,0.0000016391,0.3333333333,0.0000005464
1544,0.0000040505,0.3333333333,0.0000013502
6631,0.0000008291,0.3333333333,0.0000002764
6571,0.0000038916,0.3333333333,0.0000012972
1484,0.0000012769,0.3333333333,0.0000004256
7551,0.0000018104,0.3333333333,0.0000006035
2464,0.0000007796,0.3333333333,0.0000002599
1896,0.0000053286,0.3333333333,0.0000017762
3567,0.0000014113,0.3333333333,0.0000004704
1895,0.0000032061,0.3333333333,0.0000010687
1112,0.0000039418,0.3333333333,0.0000013139
3708,0.0000034440,0.3333333333,0.0000011480
7532,0.0000005120,0.3333333333,0.0000001707
3829,0.0000009704,0.3333333333,0.0000003235
3920,0.0000018148,0.3333333333,0.0000006049
7513,0.0000014140,0.3333333333,0.0000004713
2426,0.0000039777,0.3333333333,0.0000013259
3507,0.0000008718,0.3333333333,0.0000002906
1871,0.0000007984,0.3333333333,0.0000002661
6958,0.0000013686,0.3333333333,0.0000004562
4079,0.0000056355,0.3333333333,0.0000018785
1870,0.0000013449,0.3333333333,0.0000004483
1693,0.0000132577,0.3333333333,0.0000044192
4745,0.0000007061,0.3333333333,0.0000002354
5002,0.0000040357,0.5555555556,0.0000022420
2399,0.0000020936,0.3333333333,0.0000006979
3544,0.0000021284,0.3333333333,0.0000007095
1854,0.0000008859,0.3333333333,0.0000002953
7403,0.0000011097,0.3333333333,0.0000003699
2593,0.0000046198,0.3333333333,0.0000015399
7408,0.0000007767,0.3333333333,0.0000002589
2321,0.0000018072,0.3333333333,0.0000006024
4640,0.0000016658,0.3333333333,0.0000005553
1778,0.0000007510,0.3333333333,0.0000002503
6865,0.0000003488,0.3333333333,0.0000001163
6163,0.0000004600,0.3333333333,0.0000001533
2177,0.0000005921,0.2222222222,0.0000001316
1830,0.0000014720,0.3333333333,0.0000004907
2740,0.0000021913,0.3333333333,0.0000007304
2320,0.0000004171,0.3333333333,0.0000001390
4686,0.0000023082,0.5555555556,0.0000012823
3781,0.0000007709,0.3333333333,0.0000002570
1153,0.0000008413,0.3333333333,0.0000002804
4258,0.0000032730,0.3333333333,0.0000010910
9345,0.0000006763,0.3333333333,0.0000002254
1268,0.0000025169,0.3333333333,0.0000008390
3998,0.0000016847,0.3333333333,0.0000005616
1815,0.0000032904,0.3333333333,0.0000010968
2469,0.0000035771,0.3333333333,0.0000011924
4456,0.0000009109,0.3333333333,0.0000003036
2616,0.0000058041,0.3333333333,0.0000019347
3873,0.0000005002,0.3333333333,0.0000001667
1797,0.0000049200,0.3333333333,0.0000016400
4592,0.0000033296,0.3333333333,0.0000011099
2905,0.0000015162,0.3333333333,0.0000005054
6386,0.0000006370,0.3333333333,0.0000002123
1299,0.0000019604,0.3333333333,0.0000006535
1788,0.0000004488,0.3333333333,0.0000001496
8628,0.0000017953,0.2222222222,0.0000003990
4239,0.0000031141,0.3333333333,0.0000010380
1553,0.0000015152,0.3333333333,0.0000005051
1820,0.0000006172,0.3333333333,0.0000002057
2174,0.0000005639,0.3333333333,0.0000001880
4529,0.0000106627,0.3333333333,0.0000035542
4869,0.0000029469,0.3333333333,0.0000009823
1769,0.0000012890,0.3333333333,0.0000004297
6856,0.0000014213,0.3333333333,0.0000004738
1764,0.0000020928,0.5555555556,0.0000011627
3529,0.0000009526,0.3333333333,0.0000003175
3110,0.0000017046,0.3333333333,0.0000005682
1763,0.0000005569,0.3333333333,0.0000001856
2296,0.0000032307,0.3333333333,0.0000010769
6435,0.0000030416,0.3333333333,0.0000010139
1348,0.0000020749,0.3333333333,0.0000006916
8886,0.0000009024,0.3333333333,0.0000003008
1755,0.0000011359,0.3333333333,0.0000003786
2513,0.0000002574,0.3333333333,0.0000000858
1029,0.0000008517,0.3333333333,0.0000002839
1393,0.0000027126,0.3333333333,0.0000009042
7147,0.0000041845,0.3333333333,0.0000013948
4540,0.0000036727,0.3333333333,0.0000012242
6786,0.0000019605,0.3333333333,0.0000006535
1699,0.0000068744,0.3333333333,0.0000022915
1394,0.0000060463,0.3333333333,0.0000020154
3549,0.0000006660,0.3333333333,0.0000002220
1866,0.0000044906,0.3333333333,0.0000014969
967,0.0000008971,0.3333333333,0.0000002990
6054,0.0000085286,0.3333333333,0.0000028429
7516,0.0000019740,0.3333333333,0.0000006580
2429,0.0000009384,0.5555555556,0.0000005213
2443,0.0000012268,0.3333333333,0.0000004089
1718,0.0000003892,0.3333333333,0.0000001297
4498,0.0000018352,0.3333333333,0.0000006117
4654,0.0000043132,0.3333333333,0.0000014377
2777,0.0000022557,0.3333333333,0.0000007519
2834,0.0000047530,0.3333333333,0.0000015843
4374,0.0000037404,0.3333333333,0.0000012468
4622,0.0000014080,0.3333333333,0.0000004693
4296,0.0000001732,0.3333333333,0.0000000577
3771,0.0000007555,0.3333333333,0.0000002518
8858,0.0000005734,0.3333333333,0.0000001911
1712,0.0000020168,0.3333333333,0.0000006723
4344,0.0000019636,0.3333333333,0.0000006545
1710,0.0000015838,0.3333333333,0.0000005279
6683,0.0000044388,0.2222222222,0.0000009864
3936,0.0000060121,0.3333333333,0.0000020040
393,0.0000005889,0.2222222222,0.0000001309
1323,0.0000052338,0.3333333333,0.0000017446
2287,0.0000005976,0.3333333333,0.0000001992
7374,0.0000007692,0.3333333333,0.0000002564
6487,0.0000020035,0.3333333333,0.0000006678
1400,0.0000006171,0.3333333333,0.0000002057
2536,0.0000015430,0.3333333333,0.0000005143
7329,0.0000024900,0.3333333333,0.0000008300
1692,0.0000020200,0.3333333333,0.0000006733
4360,0.0000015898,0.3333333333,0.0000005299
4137,0.0000081045,0.3333333333,0.0000027015
4577,0.0000075336,0.3333333333,0.0000025112
5062,0.0000025304,0.3333333333,0.0000008435
2858,0.0000034423,0.3333333333,0.0000011474
970,0.0000029906,0.3333333333,0.0000009969
1676,0.0000024555,0.3333333333,0.0000008185
5052,0.0000003717,0.3333333333,0.0000001239
5047,0.0000006042,0.3333333333,0.0000002014
4033,0.0000003310,0.3333333333,0.0000001103
3181,0.0000009028,0.3333333333,0.0000003009
599,0.0000009179,0.3333333333,0.0000003060
2472,0.0000004234,0.3333333333,0.0000001411
2521,0.0000003275,0.5555555556,0.0000001820
4442,0.0000023719,0.3333333333,0.0000007906
3286,0.0000015308,0.3333333333,0.0000005103
4938,0.0000016452,0.3333333333,0.0000005484
8906,0.0000019949,0.5555555556,0.0000011083
4393,0.0000031431,0.3333333333,0.0000010477
9480,0.0000004230,0.3333333333,0.0000001410
3628,0.0000026942,0.3333333333,0.0000008981
1666,0.0000035825,0.3333333333,0.0000011942
4464,0.0000029962,0.3333333333,0.0000009987
1979,0.0000006392,0.3333333333,0.0000002131
2946,0.0000007217,0.3333333333,0.0000002406
1661,0.0000018777,0.3333333333,0.0000006259
1659,0.0000022347,0.3333333333,0.0000007449
1910,0.0000004007,0.5555555556,0.0000002226
6492,0.0000022967,0.3333333333,0.0000007656
1405,0.0000004357,0.3333333333,0.0000001452
3130,0.0000010822,0.3333333333,0.0000003607
4419,0.0000006916,0.3333333333,0.0000002305
5976,0.0000020896,0.3333333333,0.0000006965
3942,0.0000018548,0.3333333333,0.0000006183
1644,0.0000032485,0.3333333333,0.0000010828
1641,0.0000008070,0.3333333333,0.0000002690
1754,0.0000023110,0.3333333333,0.0000007703
2318,0.0000078444,0.3333333333,0.0000026148
7405,0.0000005569,0.3333333333,0.0000001856
1639,0.0000031348,0.3333333333,0.0000010449
4474,0.0000007005,0.3333333333,0.0000002335
1631,0.0000020173,0.3333333333,0.0000006724
4583,0.0000012933,0.3333333333,0.0000004311
4866,0.0000006184,0.3333333333,0.0000002061
3270,0.0000013126,0.3333333333,0.0000004375
8170,0.0000005084,0.3333333333,0.0000001695
3083,0.0000008399,0.3333333333,0.0000002800
3379,0.0000029731,0.3333333333,0.0000009910
3967,0.0000010489,0.3333333333,0.0000003496
9054,0.0000026403,0.3333333333,0.0000008801
3963,0.0000026422,0.3333333333,0.0000008807
3700,0.0000012501,0.3333333333,0.0000004167
3854,0.0000027648,0.3333333333,0.0000009216
1617,0.0000003791,0.3333333333,0.0000001264
2659,0.0000006296,0.3333333333,0.0000002099
1614,0.0000003392,0.5555555556,0.0000001884
3861,0.0000010179,0.3333333333,0.0000003393
2217,0.0000017708,0.3333333333,0.0000005903
2153,0.0000086565,0.3333333333,0.0000028855
4128,0.0000025585,0.3333333333,0.0000008528
4029,0.0000011573,0.3333333333,0.0000003858
4439,0.0000061252,0.3333333333,0.0000020417
4851,0.0000030308,0.3333333333,0.0000010103
2042,0.0000004317,0.3333333333,0.0000001439
1802,0.0000020020,0.3333333333,0.0000006673
6889,0.0000024186,0.3333333333,0.0000008062
1952,0.0000019700,0.3333333333,0.0000006567
1191,0.0000022320,0.5555555556,0.0000012400
6278,0.0000027381,0.3333333333,0.0000009127
3145,0.0000026924,0.3333333333,0.0000008975
1589,0.0000015754,0.3333333333,0.0000005251
4968,0.0000027168,0.3333333333,0.0000009056
2401,0.0000067969,0.3333333333,0.0000022656
3114,0.0000055465,0.3333333333,0.0000018488
4227,0.0000012592,0.3333333333,0.0000004197
1580,0.0000003185,0.3333333333,0.0000001062
2334,0.0000046482,0.3333333333,0.0000015494
3288,0.0000021318,0.3333333333,0.0000007106
8375,0.0000028603,0.3333333333,0.0000009534
1566,0.0000009833,0.3333333333,0.0000003278
3473,0.0000011885,0.3333333333,0.0000003962
8507,0.0000006142,0.3333333333,0.0000002047
3420,0.0000008360,0.3333333333,0.0000002787
3442,0.0000027278,0.3333333333,0.0000009093
4269,0.0000007004,0.3333333333,0.0000002335
1739,0.0000027987,0.5555555556,0.0000015548
3910,0.0000009325,0.3333333333,0.0000003108
8018,0.0000028677,0.3333333333,0.0000009559
1372,0.0000065193,0.3333333333,0.0000021731
6459,0.0000021282,0.3333333333,0.0000007094
4753,0.0000073039,0.3333333333,0.0000024346
3917,0.0000013698,0.3333333333,0.0000004566
961,0.0000007861,0.3333333333,0.0000002620
4518,0.0000035132,0.3333333333,0.0000011711
1548,0.0000012873,0.3333333333,0.0000004291
4194,0.0000002609,0.5555555556,0.0000001449
1966,0.0000006734,0.3333333333,0.0000002245
2509,0.0000006402,0.3333333333,0.0000002134
3553,0.0000027199,0.3333333333,0.0000009066
5043,0.0000002998,0.3333333333,0.0000000999
1241,0.0000030851,0.3333333333,0.0000010284
6328,0.0000028058,0.3333333333,0.0000009353
3043,0.0000016192,0.3333333333,0.0000005397
6186,0.0000018962,0.3333333333,0.0000006321
4796,0.0000008399,0.3333333333,0.0000002800
1698,0.0000005864,0.3333333333,0.0000001955
1524,0.0000005148,0.3333333333,0.0000001716
6611,0.0000021781,0.3333333333,0.0000007260
6050,0.0000015838,0.3333333333,0.0000005279
963,0.0000003700,0.3333333333,0.0000001233
3176,0.0000008579,0.3333333333,0.0000002860
4633,0.0000008309,0.3333333333,0.0000002770
2997,0.0000016902,0.3333333333,0.0000005634
8084,0.0000013965,0.3333333333,0.0000004655
1500,0.0000009141,0.3333333333,0.0000003047
6216,0.0000021845,0.3333333333,0.0000007282
3508,0.0000019608,0.3333333333,0.0000006536
4152,0.0000021169,0.3333333333,0.0000007056
2700,0.0000030296,0.3333333333,0.0000010099
7787,0.0000048048,0.3333333333,0.0000016016
588,0.0000042138,0.3333333333,0.0000014046
2600,0.0000037124,0.3333333333,0.0000012375
3636,0.0000034821,0.3333333333,0.0000011607
1487,0.0000017480,0.3333333333,0.0000005827
4062,0.0000010648,0.3333333333,0.0000003549
2842,0.0000011574,0.3333333333,0.0000003858
2048,0.0000051472,0.3333333333,0.0000017157
3037,0.0000053154,0.3333333333,0.0000017718
3720,0.0000072573,0.3333333333,0.0000024191
1903,0.0000006242,0.3333333333,0.0000002081
3895,0.0000016543,0.3333333333,0.0000005514
1233,0.0000012835,0.3333333333,0.0000004278
4695,0.0000006981,0.3333333333,0.0000002327
2007,0.0000017670,0.3333333333,0.0000005890
7184,0.0000040238,0.3333333333,0.0000013413
8075,0.0000024192,0.3333333333,0.0000008064
2988,0.0000019369,0.3333333333,0.0000006456
4235,0.0000018752,0.3333333333,0.0000006251
8556,0.0000008814,0.3333333333,0.0000002938
2324,0.0000028524,0.3333333333,0.0000009508
3373,0.0000010314,0.3333333333,0.0000003438
2632,0.0000012881,0.3333333333,0.0000004294
4886,0.0000087588,0.3333333333,0.0000029196
1458,0.0000003313,0.3333333333,0.0000001104
6545,0.0000006451,0.3333333333,0.0000002150
4384,0.0000024027,0.3333333333,0.0000008009
2379,0.0000010253,0.3333333333,0.0000003418
8432,0.0000026106,0.3333333333,0.0000008702
3004,0.0000020509,0.3333333333,0.0000006836
1441,0.0000022487,0.3333333333,0.0000007496
2686,0.0000005061,0.3333333333,0.0000001687
8719,0.0000011374,0.3333333333,0.0000003791
3632,0.0000015111,0.3333333333,0.0000005037
4610,0.0000007911,0.3333333333,0.0000002637
4849,0.0000062642,0.3333333333,0.0000020881
4469,0.0000022811,0.3333333333,0.0000007604
3510,0.0000004920,0.2222222222,0.0000001093
7691,0.0000013976,0.3333333333,0.0000004659
2604,0.0000018682,0.5555555556,0.0000010379
9187,0.0000019819,0.3333333333,0.0000006606
7986,0.0000010722,0.3333333333,0.0000003574
1612,0.0000011061,0.3333333333,0.0000003687
3704,0.0000010551,0.3333333333,0.0000003517
1411,0.0000020982,0.3333333333,0.0000006994
6498,0.0000011241,0.3333333333,0.0000003747
2084,0.0000017048,0.3333333333,0.0000005683
4740,0.0000009024,0.3333333333,0.0000003008
4463,0.0000016080,0.3333333333,0.0000005360
1406,0.0000003555,0.5555555556,0.0000001975
6493,0.0000004040,0.3333333333,0.0000001347
1090,0.0000012999,0.3333333333,0.0000004333
579,0.0000005512,0.3333333333,0.0000001837
2668,0.0000027686,0.3333333333,0.0000009229
9435,0.0000008618,0.2222222222,0.0000001915
6774,0.0000010378,0.3333333333,0.0000003459
4801,0.0000004698,0.3333333333,0.0000001566
3125,0.0000021946,0.3333333333,0.0000007315
4516,0.0000045778,0.3333333333,0.0000015259
1485,0.0000023326,0.3333333333,0.0000007775
4607,0.0000022715,0.3333333333,0.0000007572
3289,0.0000056695,0.3333333333,0.0000018898
7714,0.0000021440,0.3333333333,0.0000007147
2627,0.0000015600,0.3333333333,0.0000005200
1964,0.0000005044,0.3333333333,0.0000001681
9327,0.0000014243,0.3333333333,0.0000004748
2724,0.0000004100,0.3333333333,0.0000001367
3238,0.0000015416,0.5555555556,0.0000008564
1380,0.0000003983,0.3333333333,0.0000001328
2435,0.0000022886,0.3333333333,0.0000007629
7522,0.0000014851,0.3333333333,0.0000004950
4228,0.0000051458,0.3333333333,0.0000017153
2134,0.0000046648,0.3333333333,0.0000015549
4300,0.0000019630,0.3333333333,0.0000006543
1811,0.0000046144,0.3333333333,0.0000015381
4196,0.0000033538,0.3333333333,0.0000011179
3057,0.0000024410,0.3333333333,0.0000008137
1020,0.0000008738,0.5555555556,0.0000004854
2775,0.0000003592,0.3333333333,0.0000001197
1370,0.0000005899,0.3333333333,0.0000001966
5040,0.0000004212,0.3333333333,0.0000001404
4645,0.0000012838,0.3333333333,0.0000004279
7642,0.0000014336,0.3333333333,0.0000004779
2555,0.0000009295,0.3333333333,0.0000003098
2205,0.0000063497,0.3333333333,0.0000021166
1360,0.0000001177,0.2222222222,0.0000000262
3961,0.0000043670,0.3333333333,0.0000014557
8483,0.0000007526,0.3333333333,0.0000002509
4362,0.0000040956,0.3333333333,0.0000013652
4294,0.0000038922,0.3333333333,0.0000012974
3222,0.0000042359,0.3333333333,0.0000014120
2013,0.0000021460,0.3333333333,0.0000007153
3487,0.0000023310,0.3333333333,0.0000007770
4689,0.0000020862,0.3333333333,0.0000006954
1346,0.0000008351,0.5555555556,0.0000004639
6433,0.0000027373,0.3333333333,0.0000009124
4824,0.0000006991,0.3333333333,0.0000002330
3751,0.0000014778,0.3333333333,0.0000004926
3260,0.0000007104,0.3333333333,0.0000002368
2507,0.0000005716,0.3333333333,0.0000001905
1340,0.0000009783,0.3333333333,0.0000003261
8947,0.0000012150,0.3333333333,0.0000004050
3500,0.0000004759,0.3333333333,0.0000001586
1324,0.0000013402,0.3333333333,0.0000004467
8801,0.0000015655,0.3333333333,0.0000005218
3714,0.0000007080,0.3333333333,0.0000002360
2759,0.0000018835,0.3333333333,0.0000006278
1206,0.0000021903,0.3333333333,0.0000007301
1315,0.0000009711,0.3333333333,0.0000003237
5078,0.0000012393,0.3333333333,0.0000004131
1311,0.0000025941,0.3333333333,0.0000008647
2812,0.0000015943,0.3333333333,0.0000005314
4159,0.0000027216,0.3333333333,0.0000009072
4388,0.0000012870,0.3333333333,0.0000004290
2109,0.0000016080,0.3333333333,0.0000005360
4191,0.0000039761,0.3333333333,0.0000013254
3066,0.0000028859,0.3333333333,0.0000009620
4958,0.0000020207,0.3333333333,0.0000006736
2078,0.0000037714,0.3333333333,0.0000012571
7165,0.0000005330,0.3333333333,0.0000001777
8747,0.0000021219,0.3333333333,0.0000007073
7091,0.0000007359,0.3333333333,0.0000002453
2004,0.0000007526,0.3333333333,0.0000002509
1278,0.0000006501,0.3333333333,0.0000002167
1382,0.0000008309,0.3333333333,0.0000002770
9376,0.0000003509,0.3333333333,0.0000001170
4289,0.0000008643,0.3333333333,0.0000002881
4056,0.0000004408,0.3333333333,0.0000001469
3681,0.0000010675,0.5555555556,0.0000005931
4391,0.0000014360,0.3333333333,0.0000004787
1263,0.0000017893,0.3333333333,0.0000005964
3559,0.0000015103,0.3333333333,0.0000005034
4628,0.0000003480,0.3333333333,0.0000001160
2823,0.0000003894,0.3333333333,0.0000001298
2295,0.0000015455,0.3333333333,0.0000005152
829,0.0000025556,0.3333333333,0.0000008519
3220,0.0000037601,0.3333333333,0.0000012534
3722,0.0000030936,0.3333333333,0.0000010312
3834,0.0000008117,0.5555555556,0.0000004510
1801,0.0000007444,0.3333333333,0.0000002481
4000,0.0000004507,0.3333333333,0.0000001502
6285,0.0000008463,0.3333333333,0.0000002821
1198,0.0000003360,0.2222222222,0.0000000747
3519,0.0000001700,0.3333333333,0.0000000567
2343,0.0000004762,0.3333333333,0.0000001587
3483,0.0000011973,0.3333333333,0.0000003991
3142,0.0000007243,0.3333333333,0.0000002414
4397,0.0000006601,0.5555555556,0.0000003667
1104,0.0000005877,0.3333333333,0.0000001959
1601,0.0000005872,0.3333333333,0.0000001957
1228,0.0000080095,0.3333333333,0.0000026698
1023,0.0000008585,0.3333333333,0.0000002862
6110,0.0000004487,0.3333333333,0.0000001496
4696,0.0000004889,0.3333333333,0.0000001630
2833,0.0000013236,0.3333333333,0.0000004412
1211,0.0000002768,0.3333333333,0.0000000923
2454,0.0000034103,0.3333333333,0.0000011368
3398,0.0000010964,0.3333333333,0.0000003655
3930,0.0000003217,0.3333333333,0.0000001072
3053,0.0000009916,0.3333333333,0.0000003305
3662,0.0000003713,0.3333333333,0.0000001238
3252,0.0000004017,0.3333333333,0.0000001339
3778,0.0000008391,0.3333333333,0.0000002797
4055,0.0000024797,0.3333333333,0.0000008266
4769,0.0000009474,0.3333333333,0.0000003158
4853,0.0000011271,0.3333333333,0.0000003757
1192,0.0000007303,0.3333333333,0.0000002434
6279,0.0000006409,0.3333333333,0.0000002136
5028,0.0000030386,0.3333333333,0.0000010129
4760,0.0000003477,0.3333333333,0.0000001159
1185,0.0000002479,0.3333333333,0.0000000826
7951,0.0000006122,0.3333333333,0.0000002041
3554,0.0000010858,0.3333333333,0.0000003619
6475,0.0000014871,0.3333333333,0.0000004957
1388,0.0000006347,0.5555555556,0.0000003526
4158,0.0000008808,0.5555555556,0.0000004893
554,0.0000003449,0.5555555556,0.0000001916
2417,0.0000001523,0.3333333333,0.0000000508
7504,0.0000003706,0.3333333333,0.0000001235
1569,0.0000007128,0.3333333333,0.0000002376
6656,0.0000007017,0.3333333333,0.0000002339
3116,0.0000016062,0.3333333333,0.0000005354
7388,0.0000006111,0.3333333333,0.0000002037
3498,0.0000010651,0.3333333333,0.0000003550
3161,0.0000003267,0.5555555556,0.0000001815
6698,0.0000014847,0.3333333333,0.0000004949
1611,0.0000006246,0.3333333333,0.0000002082
3570,0.0000008204,0.3333333333,0.0000002735
3397,0.0000012758,0.3333333333,0.0000004253
4430,0.0000055157,0.3333333333,0.0000018386
4902,0.0000012905,0.3333333333,0.0000004302
3438,0.0000008189,0.3333333333,0.0000002730
1608,0.0000002115,0.3333333333,0.0000000705
8377,0.0000012778,0.7777777778,0.0000009938
4084,0.0000008808,0.5555555556,0.0000004893
1138,0.0000006577,0.3333333333,0.0000002192
4641,0.0000015587,0.3333333333,0.0000005196
1134,0.0000007957,0.5555555556,0.0000004421
4614,0.0000001392,0.5555555556,0.0000000773
849,0.0000007259,0.3333333333,0.0000002420
5061,0.0000009517,0.3333333333,0.0000003172
1534,0.0000003599,0.3333333333,0.0000001200
1126,0.0000005617,0.3333333333,0.0000001872
1125,0.0000008654,0.2222222222,0.0000001923
4237,0.0000009376,0.3333333333,0.0000003125
3310,0.0000020402,0.3333333333,0.0000006801
3501,0.0000006351,0.3333333333,0.0000002117
3107,0.0000003885,0.3333333333,0.0000001295
1333,0.0000008252,0.3333333333,0.0000002751
6420,0.0000005137,0.3333333333,0.0000001712
2961,0.0000008814,0.3333333333,0.0000002938
862,0.0000035405,0.3333333333,0.0000011802
2994,0.0000037279,0.3333333333,0.0000012426
4492,0.0000037557,0.3333333333,0.0000012519
4491,0.0000035010,0.3333333333,0.0000011670
4058,0.0000012456,0.3333333333,0.0000004152
2720,0.0000003182,0.5555555556,0.0000001768
1339,0.0000012860,0.5555555556,0.0000007144
3880,0.0000007101,0.3333333333,0.0000002367
3232,0.0000039891,0.3333333333,0.0000013297
4829,0.0000003850,0.3333333333,0.0000001283
3966,0.0000004067,0.3333333333,0.0000001356
2005,0.0000025414,0.3333333333,0.0000008471
3122,0.0000046968,0.3333333333,0.0000015656
3680,0.0000042906,0.3333333333,0.0000014302
2145,0.0000050624,0.3333333333,0.0000016875
1073,0.0000016127,0.3333333333,0.0000005376
2016,0.0000010304,0.5555555556,0.0000005725
1266,0.0000011409,0.3333333333,0.0000003803
9380,0.0000017240,0.3333333333,0.0000005747
1965,0.0000009895,0.3333333333,0.0000003298
2771,0.0000019710,0.3333333333,0.0000006570
2764,0.0000011803,0.3333333333,0.0000003934
3911,0.0000016853,0.3333333333,0.0000005618
4895,0.0000027966,0.3333333333,0.0000009322
4494,0.0000012548,0.3333333333,0.0000004183
3159,0.0000008543,0.3333333333,0.0000002848
6932,0.0000003212,0.3333333333,0.0000001071
5035,0.0000024214,0.3333333333,0.0000008071
2933,0.0000003976,0.3333333333,0.0000001325
2364,0.0000045493,0.3333333333,0.0000015164
4759,0.0000008878,0.3333333333,0.0000002959
1061,0.0000009777,0.3333333333,0.0000003259
3905,0.0000073410,0.3333333333,0.0000024470
4089,0.0000004217,0.3333333333,0.0000001406
3224,0.0000032724,0.3333333333,0.0000010908
3003,0.0000020687,0.3333333333,0.0000006896
2594,0.0000005959,0.3333333333,0.0000001986
2962,0.0000006179,0.2222222222,0.0000001373
1742,0.0000010363,0.3333333333,0.0000003454
1865,0.0000021552,0.3333333333,0.0000007184
4475,0.0000039476,0.3333333333,0.0000013159
1034,0.0000020151,0.3333333333,0.0000006717
6121,0.0000040503,0.3333333333,0.0000013501
3684,0.0000016632,0.3333333333,0.0000005544
8771,0.0000006728,0.3333333333,0.0000002243
4952,0.0000022429,0.3333333333,0.0000007476
3679,0.0000016252,0.3333333333,0.0000005417
2819,0.0000011938,0.3333333333,0.0000003979
8621,0.0000028596,0.3333333333,0.0000009532
2568,0.0000011905,0.3333333333,0.0000003968
2366,0.0000029524,0.3333333333,0.0000009841
8963,0.0000009018,0.3333333333,0.0000003006
2497,0.0000015319,0.3333333333,0.0000005106
8677,0.0000016604,0.3333333333,0.0000005535
2304,0.0000112108,0.3333333333,0.0000037369
3858,0.0000024212,0.3333333333,0.0000008071
4386,0.0000073822,0.3333333333,0.0000024607
7706,0.0000012476,0.3333333333,0.0000004159
2022,0.0000005989,0.3333333333,0.0000001996
4113,0.0000010926,0.3333333333,0.0000003642
2702,0.0000009268,0.3333333333,0.0000003089
4022,0.0000015734,0.3333333333,0.0000005245
4347,0.0000006109,0.3333333333,0.0000002036
3999,0.0000019630,0.3333333333,0.0000006543
4679,0.0000036288,0.3333333333,0.0000012096
5021,0.0000040477,0.3333333333,0.0000013492
4506,0.0000033446,0.3333333333,0.0000011149
5815,0.0000017353,0.3333333333,0.0000005784
8942,0.0000011264,0.3333333333,0.0000003755
1654,0.0000015119,0.3333333333,0.0000005040
7890,0.0000024150,0.3333333333,0.0000008050
5039,0.0000020064,0.3333333333,0.0000006688
3871,0.0000015836,0.3333333333,0.0000005279
3189,0.0000002500,0.3333333333,0.0000000833
8419,0.0000020950,0.3333333333,0.0000006983
3773,0.0000010619,0.3333333333,0.0000003540
2130,0.0000026419,0.3333333333,0.0000008806
2674,0.0000012414,0.3333333333,0.0000004138
2687,0.0000018284,0.3333333333,0.0000006095
4072,0.0000006277,0.3333333333,0.0000002092
977,0.0000012486,0.5555555556,0.0000006937
1257,0.0000005657,0.3333333333,0.0000001886
4621,0.0000011548,0.3333333333,0.0000003849
8188,0.0000003979,0.5555555556,0.0000002210
4961,0.0000013040,0.3333333333,0.0000004347
1585,0.0000012367,0.3333333333,0.0000004122
2168,0.0000007422,0.3333333333,0.0000002474
2967,0.0000014516,0.3333333333,0.0000004839
4433,0.0000026278,0.3333333333,0.0000008759
7511,0.0000012610,0.3333333333,0.0000004203
1890,0.0000008578,0.3333333333,0.0000002859
7230,0.0000007382,0.3333333333,0.0000002461
2143,0.0000005056,0.3333333333,0.0000001685
2553,0.0000013469,0.3333333333,0.0000004490
3916,0.0000039757,0.3333333333,0.0000013252
953,0.0000003332,0.3333333333,0.0000001111
4601,0.0000003817,0.3333333333,0.0000001272
2818,0.0000027367,0.5555555556,0.0000015204
3571,0.0000021308,0.3333333333,0.0000007103
2582,0.0000002895,0.3333333333,0.0000000965
4114,0.0000031631,0.3333333333,0.0000010544
4214,0.0000018945,0.3333333333,0.0000006315
7059,0.0000020066,0.3333333333,0.0000006689
9126,0.0000011643,0.3333333333,0.0000003881
4665,0.0000018827,0.3333333333,0.0000006276
4503,0.0000004484,0.3333333333,0.0000001495
4138,0.0000042981,0.3333333333,0.0000014327
2506,0.0000004224,0.3333333333,0.0000001408
6564,0.0000004754,0.3333333333,0.0000001585
4780,0.0000009458,0.3333333333,0.0000003153
3449,0.0000014888,0.3333333333,0.0000004963
4567,0.0000011845,0.3333333333,0.0000003948
5018,0.0000007176,0.3333333333,0.0000002392
4922,0.0000031377,0.2222222222,0.0000006973
3466,0.0000007686,0.3333333333,0.0000002562
2380,0.0000002202,0.2222222222,0.0000000489
4677,0.0000006171,0.3333333333,0.0000002057
3261,0.0000010708,0.3333333333,0.0000003569
2310,0.0000023147,0.3333333333,0.0000007716
2202,0.0000008227,0.3333333333,0.0000002742
1577,0.0000006979,0.5555555556,0.0000003877
3282,0.0000008399,0.2222222222,0.0000001866
2657,0.0000010481,0.3333333333,0.0000003494
8861,0.0000007862,0.3333333333,0.0000002621
4619,0.0000007829,0.3333333333,0.0000002610
4552,0.0000052803,0.3333333333,0.0000017601
5073,0.0000011079,0.3333333333,0.0000003693
4738,0.0000013037,0.3333333333,0.0000004346
4455,0.0000010421,0.3333333333,0.0000003474
2697,0.0000004801,0.3333333333,0.0000001600
4940,0.0000006171,0.3333333333,0.0000002057
4108,0.0000014496,0.3333333333,0.0000004832
3406,0.0000010374,0.3333333333,0.0000003458
866,0.0000014451,0.3333333333,0.0000004817
3948,0.0000026261,0.3333333333,0.0000008754
3376,0.0000024972,0.3333333333,0.0000008324
3120,0.0000012060,0.5555555556,0.0000006700
4755,0.0000012473,0.3333333333,0.0000004158
4548,0.0000024602,0.3333333333,0.0000008201
3750,0.0000009967,0.3333333333,0.0000003322
3667,0.0000004620,0.3333333333,0.0000001540
1060,0.0000003289,0.3333333333,0.0000001096
4904,0.0000010093,0.3333333333,0.0000003364
5015,0.0000035082,0.3333333333,0.0000011694
767,0.0000003625,0.3333333333,0.0000001208
5854,0.0000010938,0.3333333333,0.0000003646
3937,0.0000029528,0.3333333333,0.0000009843
4143,0.0000010196,0.3333333333,0.0000003399
9219,0.0000009731,0.5555555556,0.0000005406
1422,0.0000001383,0.3333333333,0.0000000461
4249,0.0000014045,0.3333333333,0.0000004682
2017,0.0000004767,0.3333333333,0.0000001589
792,0.0000004490,0.3333333333,0.0000001497
1390,0.0000005711,0.3333333333,0.0000001904
4584,0.0000009694,0.3333333333,0.0000003231
3897,0.0000039611,0.3333333333,0.0000013204
3164,0.0000005442,0.3333333333,0.0000001814
3952,0.0000021210,0.3333333333,0.0000007070
3309,0.0000024290,0.3333333333,0.0000008097
7387,0.0000003684,0.2222222222,0.0000000819
4779,0.0000042661,0.3333333333,0.0000014220
3552,0.0000041881,0.3333333333,0.0000013960
3699,0.0000019266,0.3333333333,0.0000006422
5055,0.0000019490,0.3333333333,0.0000006497
3112,0.0000012484,0.3333333333,0.0000004161
3225,0.0000006286,0.2222222222,0.0000001397
311,0.0000005804,0.3333333333,0.0000001935
7043,0.0000015727,0.3333333333,0.0000005242
3762,0.0000007984,0.3333333333,0.0000002661
4488,0.0000008223,0.3333333333,0.0000002741
756,0.0000008926,0.3333333333,0.0000002975
2758,0.0000007026,0.3333333333,0.0000002342
2384,0.0000029464,0.3333333333,0.0000009821
3622,0.0000030930,0.3333333333,0.0000010310
3150,0.0000015780,0.3333333333,0.0000005260
3850,0.0000016360,0.3333333333,0.0000005453
3612,0.0000007234,0.5555555556,0.0000004019
2558,0.0000024176,0.3333333333,0.0000008059
3764,0.0000007757,0.3333333333,0.0000002586
3482,0.0000004251,0.2222222222,0.0000000945
4219,0.0000004351,0.3333333333,0.0000001450
3103,0.0000018975,0.3333333333,0.0000006325
2907,0.0000026727,0.3333333333,0.0000008909
4434,0.0000010425,0.5555555556,0.0000005792
3701,0.0000025453,0.3333333333,0.0000008484
4551,0.0000025273,0.3333333333,0.0000008424
3036,0.0000026500,0.3333333333,0.0000008833
4497,0.0000047955,0.3333333333,0.0000015985
3580,0.0000009893,0.3333333333,0.0000003298
4521,0.0000027624,0.3333333333,0.0000009208
4197,0.0000010839,0.3333333333,0.0000003613
4127,0.0000021969,0.3333333333,0.0000007323
4914,0.0000019784,0.3333333333,0.0000006595
1967,0.0000002706,0.3333333333,0.0000000902
8146,0.0000013471,0.3333333333,0.0000004490
3059,0.0000015910,0.3333333333,0.0000005303
9765,0.0000008643,0.3333333333,0.0000002881
2822,0.0000002267,0.3333333333,0.0000000756
4338,0.0000009816,0.3333333333,0.0000003272
1838,0.0000001250,0.3333333333,0.0000000417
5729,0.0000039913,0.3333333333,0.0000013304
642,0.0000007292,0.3333333333,0.0000002431
4770,0.0000006819,0.3333333333,0.0000002273
3633,0.0000003620,0.3333333333,0.0000001207
3976,0.0000005641,0.3333333333,0.0000001880
4707,0.0000004892,0.3333333333,0.0000001631
5051,0.0000015525,0.5555555556,0.0000008625
2908,0.0000004984,0.3333333333,0.0000001661
3096,0.0000006417,0.3333333333,0.0000002139
4887,0.0000018685,0.3333333333,0.0000006228
1840,0.0000011544,0.3333333333,0.0000003848
3064,0.0000009101,0.3333333333,0.0000003034
3372,0.0000007768,0.3333333333,0.0000002589
1892,0.0000005897,0.3333333333,0.0000001966
1409,0.0000003845,0.5555555556,0.0000002136
3530,0.0000002225,0.3333333333,0.0000000742
4705,0.0000007096,0.3333333333,0.0000002365
4368,0.0000030035,0.3333333333,0.0000010012
3021,0.0000009450,0.3333333333,0.0000003150
2309,0.0000030054,0.3333333333,0.0000010018
4576,0.0000013850,0.3333333333,0.0000004617
3874,0.0000002292,0.2222222222,0.0000000509
4280,0.0000002484,0.3333333333,0.0000000828
3246,0.0000014235,0.3333333333,0.0000004745
4726,0.0000024152,0.3333333333,0.0000008051
3424,0.0000005177,0.3333333333,0.0000001726
9097,0.0000004190,0.5555555556,0.0000002328
4042,0.0000052356,0.3333333333,0.0000017452
3198,0.0000018048,0.3333333333,0.0000006016
2063,0.0000011083,0.3333333333,0.0000003694
2761,0.0000043548,0.3333333333,0.0000014516
2481,0.0000017437,0.3333333333,0.0000005812
8061,0.0000019964,0.3333333333,0.0000006655
647,0.0000013495,0.3333333333,0.0000004498
7194,0.0000018400,0.3333333333,0.0000006133
4880,0.0000007367,0.5555555556,0.0000004093
8029,0.0000015817,0.3333333333,0.0000005272
5050,0.0000004437,0.3333333333,0.0000001479
4674,0.0000001777,0.3333333333,0.0000000592
3696,0.0000015170,0.3333333333,0.0000005057
4023,0.0000016132,0.3333333333,0.0000005377
3433,0.0000004004,0.5555555556,0.0000002224
1849,0.0000008616,0.3333333333,0.0000002872
4286,0.0000004200,0.3333333333,0.0000001400
3470,0.0000027294,0.3333333333,0.0000009098
5031,0.0000012301,0.3333333333,0.0000004100
6833,0.0000002417,0.5555555556,0.0000001343
3650,0.0000003209,0.3333333333,0.0000001070
3481,0.0000002031,0.3333333333,0.0000000677
4372,0.0000011676,0.3333333333,0.0000003892
3157,0.0000007717,0.3333333333,0.0000002572
1609,0.0000005326,0.3333333333,0.0000001775
2392,0.0000011146,0.3333333333,0.0000003715
