Node,Betweenness,BridgingCoefficient,BridgingCentrality
4429,0.0000000000,0.2000000000,0.0000000000
4184,0.0000000000,0.2000000000,0.0000000000
4646,0.0000000000,0.2000000000,0.0000000000
4492,0.0000000000,0.2000000000,0.0000000000
4456,0.0000000000,0.2000000000,0.0000000000
4454,0.0000000000,0.2000000000,0.0000000000
4289,0.0000000000,0.2000000000,0.0000000000
3569,0.0000000000,0.2000000000,0.0000000000
702,0.0000000000,0.2000000000,0.0000000000
4076,0.0000000000,0.2000000000,0.0000000000
3408,0.0000000000,0.2000000000,0.0000000000
3253,0.0000000000,0.2000000000,0.0000000000
1494,0.0000000000,0.2000000000,0.0000000000
4099,0.0000000000,0.2000000000,0.0000000000
3641,0.0000000000,0.2000000000,0.0000000000
2299,0.0000000000,0.2000000000,0.0000000000
1005,0.0000000000,0.2000000000,0.0000000000
4585,0.0000000000,0.2000000000,0.0000000000
4250,0.0000000000,0.2000000000,0.0000000000
4183,0.0000000000,0.2000000000,0.0000000000
3812,0.0000000000,0.2000000000,0.0000000000
3686,0.0000000000,0.2000000000,0.0000000000
3540,0.0000000000,0.2000000000,0.0000000000
3340,0.0000000000,0.2000000000,0.0000000000
1956,0.0000000000,0.2000000000,0.0000000000
4444,0.0000000000,0.2000000000,0.0000000000
4375,0.0000000000,0.2000000000,0.0000000000
3574,0.0000000000,0.2000000000,0.0000000000
3028,0.0000000000,0.2000000000,0.0000000000
2707,0.0000000000,0.2000000000,0.0000000000
4064,0.0000000000,0.2000000000,0.0000000000
3835,0.0000000000,0.2000000000,0.0000000000
3782,0.0000000000,0.2000000000,0.0000000000
4558,0.0000000000,0.2000000000,0.0000000000
4500,0.0000000000,0.2000000000,0.0000000000
4155,0.0000000000,0.2000000000,0.0000000000
4072,0.0000000000,0.2000000000,0.0000000000
4059,0.0000000000,0.2000000000,0.0000000000
3997,0.0000000000,0.2000000000,0.0000000000
3825,0.0000000000,0.2000000000,0.0000000000
2023,0.0000000000,0.2000000000,0.0000000000
1889,0.0000000000,0.2000000000,0.0000000000
4991,0.0000000000,0.2000000000,0.0000000000
4333,0.0000000000,0.2000000000,0.0000000000
4206,0.0000000000,0.2000000000,0.0000000000
4007,0.0000000000,0.2000000000,0.0000000000
3799,0.0000000000,0.2000000000,0.0000000000
3342,0.0000000000,0.2000000000,0.0000000000
3229,0.0000000000,0.2000000000,0.0000000000
2265,0.0000000000,0.2000000000,0.0000000000
1524,0.0000000000,0.2000000000,0.0000000000
3489,0.0000000000,0.2000000000,0.0000000000
2665,0.0000000000,0.2000000000,0.0000000000
1020,0.0000000000,0.2000000000,0.0000000000
4690,0.0000000000,0.2000000000,0.0000000000
4595,0.0000000000,0.2000000000,0.0000000000
4555,0.0000000000,0.2000000000,0.0000000000
4538,0.0000000000,0.2000000000,0.0000000000
3963,0.0000000000,0.2000000000,0.0000000000
3848,0.0000000000,0.2000000000,0.0000000000
3815,0.0000000000,0.2000000000,0.0000000000
3788,0.0000000000,0.2000000000,0.0000000000
3530,0.0000000000,0.2000000000,0.0000000000
3271,0.0000000000,0.2000000000,0.0000000000
1576,0.0000000000,0.2000000000,0.0000000000
3589,0.0000000000,0.2000000000,0.0000000000
4711,0.0000000000,0.2000000000,0.0000000000
4473,0.0000000000,0.2000000000,0.0000000000
3983,0.0000000000,0.2000000000,0.0000000000
3719,0.0000000000,0.2000000000,0.0000000000
3633,0.0000000000,0.2000000000,0.0000000000
3452,0.0000000000,0.2000000000,0.0000000000
3157,0.0000000000,0.2000000000,0.0000000000
3128,0.0000000000,0.2000000000,0.0000000000
2720,0.0000000000,0.2000000000,0.0000000000
2673,0.0000000000,0.2000000000,0.0000000000
4658,0.0000000000,0.2000000000,0.0000000000
2089,0.0000000000,0.2000000000,0.0000000000
4387,0.0000000000,0.2000000000,0.0000000000
3992,0.0000000000,0.2000000000,0.0000000000
3888,0.0000000000,0.2000000000,0.0000000000
3722,0.0000000000,0.2000000000,0.0000000000
3121,0.0000000000,0.2000000000,0.0000000000
4784,0.0000000000,0.2000000000,0.0000000000
4300,0.0000000000,0.2000000000,0.0000000000
4006,0.0000000000,0.2000000000,0.0000000000
3890,0.0000000000,0.2000000000,0.0000000000
3840,0.0000000000,0.2000000000,0.0000000000
1625,0.0000000000,0.2000000000,0.0000000000
3710,0.0000000000,0.2000000000,0.0000000000
3623,0.0000000000,0.2000000000,0.0000000000
4810,0.0000000000,0.2000000000,0.0000000000
4203,0.0000000000,0.2000000000,0.0000000000
4112,0.0000000000,0.2000000000,0.0000000000
3270,0.0000000000,0.2000000000,0.0000000000
3086,0.0000000000,0.2000000000,0.0000000000
3954,0.0000000000,0.2000000000,0.0000000000
3239,0.0000000000,0.2000000000,0.0000000000
4807,0.0000000000,0.2000000000,0.0000000000
4965,0.0000000000,0.2000000000,0.0000000000
4245,0.0000000000,0.2000000000,0.0000000000
3566,0.0000000000,0.2000000000,0.0000000000
3484,0.0000000000,0.2000000000,0.0000000000
3031,0.0000000000,0.2000000000,0.0000000000
2853,0.0000000000,0.2000000000,0.0000000000
369,0.0000000000,0.2000000000,0.0000000000
2082,0.0000000000,0.2000000000,0.0000000000
3173,0.0000000000,0.2000000000,0.0000000000
4659,0.0000000000,0.2000000000,0.0000000000
4639,0.0000000000,0.2000000000,0.0000000000
3990,0.0000000000,0.2000000000,0.0000000000
3928,0.0000000000,0.2000000000,0.0000000000
3512,0.0000000000,0.2000000000,0.0000000000
2746,0.0000000000,0.2000000000,0.0000000000
2744,0.0000000000,0.2000000000,0.0000000000
3205,0.0000000000,0.2000000000,0.0000000000
3141,0.0000000000,0.2000000000,0.0000000000
2612,0.0000000000,0.2000000000,0.0000000000
4776,0.0000000000,0.2000000000,0.0000000000
4681,0.0000000000,0.2000000000,0.0000000000
4607,0.0000000000,0.2000000000,0.0000000000
4179,0.0000000000,0.2000000000,0.0000000000
4067,0.0000000000,0.2000000000,0.0000000000
4060,0.0000000000,0.2000000000,0.0000000000
3472,0.0000000000,0.2000000000,0.0000000000
4989,0.0000000000,0.2000000000,0.0000000000
4868,0.0000000000,0.2000000000,0.0000000000
2509,0.0000000000,0.2000000000,0.0000000000
4625,0.0000000000,0.2000000000,0.0000000000
4487,0.0000000000,0.2000000000,0.0000000000
1628,0.0000000000,0.2000000000,0.0000000000
3985,0.0000000000,0.2000000000,0.0000000000
3885,0.0000000000,0.2000000000,0.0000000000
3874,0.0000000000,0.2000000000,0.0000000000
3827,0.0000000000,0.2000000000,0.0000000000
3583,0.0000000000,0.2000000000,0.0000000000
3499,0.0000000000,0.2000000000,0.0000000000
3380,0.0000000000,0.2000000000,0.0000000000
3268,0.0000000000,0.2000000000,0.0000000000
3261,0.0000000000,0.2000000000,0.0000000000
3244,0.0000000000,0.2000000000,0.0000000000
3101,0.0000000000,0.2000000000,0.0000000000
2769,0.0000000000,0.2000000000,0.0000000000
4872,0.0000000000,0.2000000000,0.0000000000
2309,0.0000000000,0.2000000000,0.0000000000
4310,0.0000000000,0.2000000000,0.0000000000
4278,0.0000000000,0.2000000000,0.0000000000
4213,0.0000000000,0.2000000000,0.0000000000
2944,0.0000000000,0.2000000000,0.0000000000
2742,0.0000000000,0.2000000000,0.0000000000
2565,0.0000000000,0.2000000000,0.0000000000
4632,0.0000000000,0.2000000000,0.0000000000
4449,0.0000000000,0.2000000000,0.0000000000
4349,0.0000000000,0.2000000000,0.0000000000
4251,0.0000000000,0.2000000000,0.0000000000
3857,0.0000000000,0.2000000000,0.0000000000
3723,0.0000000000,0.2000000000,0.0000000000
3455,0.0000000000,0.2000000000,0.0000000000
2137,0.0000000000,0.2000000000,0.0000000000
4291,0.0000000000,0.2000000000,0.0000000000
1881,0.0000000000,0.2000000000,0.0000000000
3900,0.0000000000,0.2000000000,0.0000000000
3691,0.0000000000,0.2000000000,0.0000000000
3327,0.0000000000,0.2000000000,0.0000000000
2580,0.0000000000,0.2000000000,0.0000000000
4885,0.0000000000,0.2000000000,0.0000000000
4750,0.0000000000,0.2000000000,0.0000000000
4420,0.0000000000,0.2000000000,0.0000000000
4390,0.0000000000,0.2000000000,0.0000000000
4186,0.0000000000,0.2000000000,0.0000000000
4028,0.0000000000,0.2000000000,0.0000000000
3981,0.0000000000,0.2000000000,0.0000000000
3627,0.0000000000,0.2000000000,0.0000000000
3464,0.0000000000,0.2000000000,0.0000000000
2962,0.0000000000,0.2000000000,0.0000000000
2069,0.0000000000,0.2000000000,0.0000000000
4075,0.0000000000,0.2000000000,0.0000000000
4847,0.0000000000,0.2000000000,0.0000000000
2462,0.0000000000,0.2000000000,0.0000000000
4959,0.0000000000,0.2000000000,0.0000000000
4617,0.0000000000,0.2000000000,0.0000000000
4464,0.0000000000,0.2000000000,0.0000000000
4029,0.0000000000,0.2000000000,0.0000000000
4000,0.0000000000,0.2000000000,0.0000000000
3869,0.0000000000,0.2000000000,0.0000000000
3747,0.0000000000,0.2000000000,0.0000000000
1392,0.0000000000,0.2000000000,0.0000000000
3096,0.0000000000,0.2000000000,0.0000000000
3050,0.0000000000,0.2000000000,0.0000000000
4918,0.0000000000,0.2000000000,0.0000000000
4805,0.0000000000,0.2000000000,0.0000000000
4861,0.0000000000,0.2000000000,0.0000000000
4789,0.0000000000,0.2000000000,0.0000000000
4573,0.0000000000,0.2000000000,0.0000000000
4434,0.0000000000,0.2000000000,0.0000000000
1966,0.0000000000,0.2000000000,0.0000000000
4323,0.0000000000,0.2000000000,0.0000000000
4176,0.0000000000,0.2000000000,0.0000000000
2478,0.0000000000,0.2000000000,0.0000000000
4471,0.0000000000,0.3600000000,0.0000000000
4744,0.0000000000,0.2000000000,0.0000000000
4743,0.0000000000,0.2000000000,0.0000000000
4731,0.0000000000,0.2000000000,0.0000000000
4514,0.0000000000,0.3600000000,0.0000000000
4378,0.0000000000,0.3600000000,0.0000000000
3935,0.0000000000,0.3600000000,0.0000000000
3609,0.0000000000,0.3600000000,0.0000000000
3908,0.0000000000,0.2000000000,0.0000000000
4644,0.0000000000,0.2000000000,0.0000000000
4306,0.0000000000,0.2000000000,0.0000000000
2142,0.0000000000,0.2000000000,0.0000000000
4499,0.0000000000,0.1600000000,0.0000000000
24975,0.0000000000,0.2000000000,0.0000000000
4627,0.0000000000,0.3600000000,0.0000000000
3854,0.0000000000,0.2000000000,0.0000000000
3673,0.0000000000,0.2000000000,0.0000000000
3534,0.0000000000,0.1600000000,0.0000000000
4109,0.0000000000,0.2000000000,0.0000000000
1752,0.0000000000,0.3600000000,0.0000000000
4966,0.0000000000,0.2000000000,0.0000000000
4299,0.0000000000,0.3600000000,0.0000000000
3506,0.0000000000,0.3600000000,0.0000000000
2827,0.0000000000,0.2000000000,0.0000000000
3797,0.0000000000,0.1600000000,0.0000000000
2661,0.0000000000,0.2000000000,0.0000000000
4856,0.0000000000,0.2000000000,0.0000000000
4825,0.0000000000,0.2000000000,0.0000000000
4523,0.0000000000,0.3600000000,0.0000000000
4557,0.0000000000,0.2000000000,0.0000000000
4116,0.0000000000,0.3600000000,0.0000000000
4010,0.0000000000,0.3600000000,0.0000000000
3867,0.0000000000,0.3600000000,0.0000000000
3236,0.0000000000,0.3600000000,0.0000000000
2845,0.0000000000,0.3600000000,0.0000000000
4003,0.0000000000,0.2000000000,0.0000000000
2809,0.0000000000,0.3600000000,0.0000000000
4631,0.0000000000,0.1600000000,0.0000000000
4415,0.0000000000,0.2000000000,0.0000000000
2837,0.0000000000,0.2000000000,0.0000000000
4287,0.0000000000,0.2000000000,0.0000000000
3246,0.0000000000,0.3600000000,0.0000000000
1255,0.0000000000,0.2000000000,0.0000000000
3612,0.0000000000,0.3600000000,0.0000000000
3135,0.0000000000,0.2000000000,0.0000000000
2995,0.0000000000,0.2000000000,0.0000000000
2567,0.0000000000,0.3600000000,0.0000000000
2998,0.0000000000,0.3600000000,0.0000000000
4980,0.0000000000,0.2000000000,0.0000000000
3593,0.0000000000,0.2000000000,0.0000000000
2589,0.0000000000,0.2000000000,0.0000000000
4794,0.0000000000,0.2000000000,0.0000000000
2483,0.0000000000,0.2000000000,0.0000000000
2442,0.0000000000,0.2000000000,0.0000000000
4548,0.0000000000,0.2000000000,0.0000000000
4882,0.0000000000,0.3600000000,0.0000000000
4915,0.0000000000,0.3600000000,0.0000000000
3962,0.0000000000,0.2000000000,0.0000000000
3742,0.0000000000,0.2000000000,0.0000000000
4353,0.0000000000,0.3600000000,0.0000000000
2745,0.0000000000,0.2000000000,0.0000000000
4314,0.0000000000,0.3600000000,0.0000000000
3664,0.0000000000,0.2000000000,0.0000000000
3695,0.0000000000,0.2000000000,0.0000000000
2011,0.0000000000,0.3600000000,0.0000000000
4141,0.0000000000,0.3600000000,0.0000000000
4177,0.0000000000,0.3600000000,0.0000000000
4316,0.0000000000,0.2000000000,0.0000000000
3708,0.0000000000,0.2000000000,0.0000000000
1373,0.0000000000,0.1600000000,0.0000000000
4400,0.0000000000,0.3600000000,0.0000000000
4941,0.0000000000,0.1600000000,0.0000000000
4778,0.0000000000,0.2000000000,0.0000000000
2145,0.0000000000,0.2000000000,0.0000000000
2825,0.0000000000,0.2000000000,0.0000000000
4354,0.0000000000,0.2000000000,0.0000000000
1997,0.0000000000,0.1600000000,0.0000000000
3072,0.0000000000,0.2000000000,0.0000000000
2864,0.0000000000,0.2000000000,0.0000000000
2898,0.0000000000,0.3200000000,0.0000000000
3952,0.0000000000,0.2000000000,0.0000000000
3655,0.0000000000,0.2000000000,0.0000000000
4815,0.0000000000,0.2000000000,0.0000000000
4692,0.0000000000,0.2000000000,0.0000000000
2335,0.0000000000,0.3600000000,0.0000000000
4641,0.0000000000,0.1600000000,0.0000000000
4406,0.0000000000,0.1600000000,0.0000000000
2438,0.0000000000,0.2000000000,0.0000000000
4751,0.0000000000,0.2000000000,0.0000000000
4716,0.0000000000,0.2000000000,0.0000000000
4438,0.0000000000,0.2000000000,0.0000000000
2616,0.0000000000,0.3600000000,0.0000000000
4973,0.0000000000,0.3600000000,0.0000000000
4695,0.0000000000,0.2000000000,0.0000000000
1654,0.0000000000,0.1600000000,0.0000000000
2361,0.0000000000,0.2000000000,0.0000000000
3777,0.0000000000,0.3600000000,0.0000000000
4775,0.0000000000,0.3600000000,0.0000000000
3666,0.0000000000,0.2000000000,0.0000000000
4580,0.0000000000,0.2000000000,0.0000000000
4498,0.0000000000,0.2000000000,0.0000000000
4645,0.0000000000,0.2000000000,0.0000000000
2408,0.0000000000,0.3600000000,0.0000000000
3517,0.0000000000,0.2000000000,0.0000000000
3737,0.0000000000,0.2000000000,0.0000000000
3764,0.0000000000,0.3200000000,0.0000000000
3720,0.0000000000,0.3200000000,0.0000000000
4423,0.0000000000,0.1600000000,0.0000000000
3247,0.0000000000,0.3600000000,0.0000000000
4356,0.0000000000,0.3600000000,0.0000000000
1083,0.0000000000,0.3600000000,0.0000000000
2219,0.0000000000,0.3600000000,0.0000000000
4043,0.0000000000,0.1600000000,0.0000000000
4389,0.0000000000,0.2000000000,0.0000000000
4962,0.0000000000,0.2000000000,0.0000000000
4684,0.0000000000,0.1600000000,0.0000000000
2441,0.0000000000,0.3600000000,0.0000000000
4407,0.0000000000,0.3600000000,0.0000000000
1482,0.0000000000,0.1600000000,0.0000000000
3700,0.0000000000,0.2000000000,0.0000000000
4660,0.0000000000,0.1600000000,0.0000000000
4814,0.0000000000,0.2000000000,0.0000000000
3154,0.0000000000,0.3600000000,0.0000000000
4970,0.0000000000,0.2000000000,0.0000000000
4783,0.0000000000,0.2000000000,0.0000000000
4896,0.0000000000,0.3600000000,0.0000000000
1859,0.0000000000,0.2000000000,0.0000000000
4906,0.0000000000,0.3600000000,0.0000000000
3304,0.0000000000,0.1600000000,0.0000000000
4413,0.0000000000,0.2000000000,0.0000000000
4806,0.0000000000,0.2000000000,0.0000000000
2588,0.0000000000,0.2000000000,0.0000000000
2990,0.0000000000,0.1600000000,0.0000000000
4774,0.0000000000,0.5200000000,0.0000000000
2904,0.0000000000,0.1600000000,0.0000000000
4326,0.0000000000,0.2000000000,0.0000000000
4169,0.0000000000,0.1600000000,0.0000000000
4606,0.0000000000,0.2000000000,0.0000000000
4359,0.0000000000,0.3600000000,0.0000000000
2016,0.0000000000,0.2000000000,0.0000000000
4373,0.0000000000,0.3600000000,0.0000000000
2465,0.0000000000,0.3600000000,0.0000000000
4575,0.0000000000,0.3600000000,0.0000000000
4227,0.0000000000,0.2000000000,0.0000000000
3040,0.0000000000,0.2000000000,0.0000000000
2959,0.0000000000,0.1600000000,0.0000000000
2787,0.0000000000,0.2000000000,0.0000000000
4351,0.0000000000,0.2000000000,0.0000000000
3847,0.0000000000,0.1600000000,0.0000000000
4231,0.0000000000,0.3600000000,0.0000000000
4339,0.0000000000,0.2000000000,0.0000000000
4065,0.0000000000,0.1600000000,0.0000000000
3258,0.0000000000,0.2000000000,0.0000000000
4736,0.0000000000,0.2000000000,0.0000000000
3349,0.0000000000,0.2000000000,0.0000000000
4688,0.0000000000,0.3600000000,0.0000000000
4926,0.0000000000,0.2000000000,0.0000000000
3110,0.0000000000,0.1600000000,0.0000000000
3667,0.0000000000,0.1600000000,0.0000000000
4468,0.0000000000,0.3600000000,0.0000000000
3376,0.0000000000,0.1600000000,0.0000000000
4485,0.0000000000,0.1600000000,0.0000000000
2128,0.0000000000,0.2000000000,0.0000000000
4925,0.0000000000,0.3600000000,0.0000000000
3383,0.0000000000,0.2000000000,0.0000000000
964,0.0000000000,0.3600000000,0.0000000000
3321,0.0000000000,0.3200000000,0.0000000000
3443,0.0000000000,0.1600000000,0.0000000000
3957,0.0000000000,0.1600000000,0.0000000000
4853,0.0000000000,0.2000000000,0.0000000000
4714,0.0000000000,0.3600000000,0.0000000000
3674,0.0000000000,0.1600000000,0.0000000000
3694,0.0000000000,0.1600000000,0.0000000000
2715,0.0000000000,0.1600000000,0.0000000000
1675,0.0000000000,0.2000000000,0.0000000000
4032,0.0000000000,0.1600000000,0.0000000000
1739,0.0000000000,0.2000000000,0.0000000000
4096,0.0000000000,0.1600000000,0.0000000000
4282,0.0000000000,0.1600000000,0.0000000000
1562,0.0000000000,0.2000000000,0.0000000000
3919,0.0000000000,0.3600000000,0.0000000000
4816,0.0000000000,0.1600000000,0.0000000000
4337,0.0000000000,0.1600000000,0.0000000000
4587,0.0000000000,0.2000000000,0.0000000000
3478,0.0000000000,0.2000000000,0.0000000000
3142,0.0000000000,0.2000000000,0.0000000000
4279,0.0000000000,0.3600000000,0.0000000000
886,0.0000000000,0.3600000000,0.0000000000
4550,0.0000000000,0.3600000000,0.0000000000
3809,0.0000000000,0.1600000000,0.0000000000
3830,0.0000000000,0.2000000000,0.0000000000
3704,0.0000000000,0.2000000000,0.0000000000
3910,0.0000000000,0.3600000000,0.0000000000
3771,0.0000000000,0.2000000000,0.0000000000
4512,0.0000000000,0.3600000000,0.0000000000
4755,0.0000000000,0.3600000000,0.0000000000
2398,0.0000000000,0.3600000000,0.0000000000
4836,0.0000000000,0.2000000000,0.0000000000
4697,0.0000000000,0.2000000000,0.0000000000
2548,0.0000000000,0.3600000000,0.0000000000
3671,0.0000000000,0.2000000000,0.0000000000
2856,0.0000000000,0.2000000000,0.0000000000
4782,0.0000000000,0.2000000000,0.0000000000
3416,0.0000000000,0.3600000000,0.0000000000
3521,0.0000000000,0.3600000000,0.0000000000
4769,0.0000000000,0.2000000000,0.0000000000
4908,0.0000000000,0.2000000000,0.0000000000
3618,0.0000000000,0.3600000000,0.0000000000
3943,0.0000000000,0.3600000000,0.0000000000
4113,0.0000000000,0.3600000000,0.0000000000
4157,0.0000000000,0.3600000000,0.0000000000
1834,0.0000000000,0.2000000000,0.0000000000
4191,0.0000000000,0.3600000000,0.0000000000
4320,0.0000000000,0.3600000000,0.0000000000
4328,0.0000000000,0.3600000000,0.0000000000
4433,0.0000000000,0.3600000000,0.0000000000
4581,0.0000000000,0.3600000000,0.0000000000
4758,0.0000000000,0.1600000000,0.0000000000
4785,0.0000000000,0.2000000000,0.0000000000
4507,0.0000000000,0.2000000000,0.0000000000
4673,0.0000000000,0.2000000000,0.0000000000
3425,0.0000000000,0.2000000000,0.0000000000
4845,0.0000000000,0.2000000000,0.0000000000
4851,0.0000000000,0.3600000000,0.0000000000
2573,0.0000000000,0.1600000000,0.0000000000
4979,0.0000000000,0.2000000000,0.0000000000
2649,0.0000000000,0.2000000000,0.0000000000
2971,0.0000000000,0.2000000000,0.0000000000
3027,0.0000000000,0.2000000000,0.0000000000
3067,0.0000000000,0.2000000000,0.0000000000
1869,0.0000000000,0.2000000000,0.0000000000
4786,0.0000000000,0.2000000000,0.0000000000
2429,0.0000000000,0.2000000000,0.0000000000
1319,0.0000000000,0.2000000000,0.0000000000
3872,0.0000000000,0.2000000000,0.0000000000
4981,0.0000000000,0.2000000000,0.0000000000
2347,0.0000000000,0.2000000000,0.0000000000
4809,0.0000000000,0.1600000000,0.0000000000
4903,0.0000000000,0.2000000000,0.0000000000
3234,0.0000000000,0.2000000000,0.0000000000
3280,0.0000000000,0.2000000000,0.0000000000
4404,0.0000000000,0.2000000000,0.0000000000
3485,0.0000000000,0.2000000000,0.0000000000
4122,0.0000000000,0.2000000000,0.0000000000
4201,0.0000000000,0.2000000000,0.0000000000
4224,0.0000000000,0.2000000000,0.0000000000
2068,0.0000000000,0.2000000000,0.0000000000
4425,0.0000000000,0.2000000000,0.0000000000
4546,0.0000000000,0.2000000000,0.0000000000
4824,0.0000000000,0.2000000000,0.0000000000
4554,0.0000000000,0.2000000000,0.0000000000
4613,0.0000000000,0.2000000000,0.0000000000
2470,0.0000000000,0.2000000000,0.0000000000
4827,0.0000000000,0.2000000000,0.0000000000
2498,0.0000000000,0.2000000000,0.0000000000
4855,0.0000000000,0.2000000000,0.0000000000
4994,0.0000000000,0.2000000000,0.0000000000
4860,0.0000000000,0.2000000000,0.0000000000
4894,0.0000000000,0.2000000000,0.0000000000
4817,0.0000000000,0.2000000000,0.0000000000
4911,0.0000000000,0.3600000000,0.0000000000
4957,0.0000000000,0.2000000000,0.0000000000
4147,0.0000000000,0.2000000000,0.0000000000
3194,0.0000000000,0.2000000000,0.0000000000
4796,0.0000000000,0.2000000000,0.0000000000
3630,0.0000000000,0.2000000000,0.0000000000
1281,0.0000000000,0.2000000000,0.0000000000
4753,0.0000000000,0.2000000000,0.0000000000
3855,0.0000000000,0.2000000000,0.0000000000
4180,0.0000000000,0.2000000000,0.0000000000
4399,0.0000000000,0.2000000000,0.0000000000
4472,0.0000000000,0.1600000000,0.0000000000
2115,0.0000000000,0.2000000000,0.0000000000
3224,0.0000000000,0.2000000000,0.0000000000
4650,0.0000000000,0.2000000000,0.0000000000
3600,0.0000000000,0.2000000000,0.0000000000
3798,0.0000000000,0.2000000000,0.0000000000
3922,0.0000000000,0.2000000000,0.0000000000
3923,0.0000000000,0.2000000000,0.0000000000
3995,0.0000000000,0.2000000000,0.0000000000
2906,0.0000000000,0.2000000000,0.0000000000
4283,0.0000000000,0.2000000000,0.0000000000
4288,0.0000000000,0.2000000000,0.0000000000
4570,0.0000000000,0.2000000000,0.0000000000
4593,0.0000000000,0.2000000000,0.0000000000
4759,0.0000000000,0.2000000000,0.0000000000
4771,0.0000000000,0.2000000000,0.0000000000
3898,0.0000000000,0.2000000000,0.0000000000
3140,0.0000000000,0.2000000000,0.0000000000
4172,0.0000000000,0.2000000000,0.0000000000
4332,0.0000000000,0.2000000000,0.0000000000
4352,0.0000000000,0.2000000000,0.0000000000
4371,0.0000000000,0.2000000000,0.0000000000
4385,0.0000000000,0.2000000000,0.0000000000
4574,0.0000000000,0.2000000000,0.0000000000
2350,0.0000000000,0.2000000000,0.0000000000
4707,0.0000000000,0.2000000000,0.0000000000
4762,0.0000000000,0.2000000000,0.0000000000
4854,0.0000000000,0.2000000000,0.0000000000
4909,0.0000000000,0.2000000000,0.0000000000
4813,0.0000000000,0.2000000000,0.0000000000
4875,0.0000000000,0.3600000000,0.0000000000
3238,0.0000000000,0.2000000000,0.0000000000
3136,0.0000000000,0.2000000000,0.0000000000
3301,0.0000000000,0.2000000000,0.0000000000
3398,0.0000000000,0.2000000000,0.0000000000
3659,0.0000000000,0.2000000000,0.0000000000
4223,0.0000000000,0.2000000000,0.0000000000
4534,0.0000000000,0.2000000000,0.0000000000
4852,0.0000000000,0.2000000000,0.0000000000
4961,0.0000000000,0.1600000000,0.0000000000
3300,0.0000000000,0.2000000000,0.0000000000
3555,0.0000000000,0.2000000000,0.0000000000
3597,0.0000000000,0.2000000000,0.0000000000
4020,0.0000000000,0.2000000000,0.0000000000
1667,0.0000000000,0.2000000000,0.0000000000
1624,0.0000000000,0.2000000000,0.0000000000
2457,0.0000000000,0.2000000000,0.0000000000
2583,0.0000000000,0.2000000000,0.0000000000
2705,0.0000000000,0.2000000000,0.0000000000
3152,0.0000000000,0.2000000000,0.0000000000
3322,0.0000000000,0.2000000000,0.0000000000
3325,0.0000000000,0.2000000000,0.0000000000
3364,0.0000000000,0.2000000000,0.0000000000
3482,0.0000000000,0.2000000000,0.0000000000
3500,0.0000000000,0.2000000000,0.0000000000
3595,0.0000000000,0.2000000000,0.0000000000
3606,0.0000000000,0.2000000000,0.0000000000
3956,0.0000000000,0.2000000000,0.0000000000
4042,0.0000000000,0.2000000000,0.0000000000
4321,0.0000000000,0.2000000000,0.0000000000
4643,0.0000000000,0.2000000000,0.0000000000
4672,0.0000000000,0.2000000000,0.0000000000
4675,0.0000000000,0.2000000000,0.0000000000
4748,0.0000000000,0.2000000000,0.0000000000
4880,0.0000000000,0.2000000000,0.0000000000
2170,0.0000000000,0.2000000000,0.0000000000
2216,0.0000000000,0.2000000000,0.0000000000
2252,0.0000000000,0.2000000000,0.0000000000
2815,0.0000000000,0.2000000000,0.0000000000
3056,0.0000000000,0.2000000000,0.0000000000
3998,0.0000000000,0.2000000000,0.0000000000
4424,0.0000000000,0.2000000000,0.0000000000
4474,0.0000000000,0.2000000000,0.0000000000
4686,0.0000000000,0.2000000000,0.0000000000
4777,0.0000000000,0.2000000000,0.0000000000
4879,0.0000000000,0.2000000000,0.0000000000
4932,0.0000000000,0.2000000000,0.0000000000
2366,0.0000000000,0.2000000000,0.0000000000
3041,0.0000000000,0.2000000000,0.0000000000
3215,0.0000000000,0.2000000000,0.0000000000
4218,0.0000000000,0.2000000000,0.0000000000
4257,0.0000000000,0.2000000000,0.0000000000
4290,0.0000000000,0.2000000000,0.0000000000
4739,0.0000000000,0.2000000000,0.0000000000
4955,0.0000000000,0.2000000000,0.0000000000
1212,0.0000000000,0.2000000000,0.0000000000
1406,0.0000000000,0.2000000000,0.0000000000
2406,0.0000000000,0.2000000000,0.0000000000
2481,0.0000000000,0.2000000000,0.0000000000
2976,0.0000000000,0.2000000000,0.0000000000
4469,0.0000000000,0.2000000000,0.0000000000
4797,0.0000000000,0.2000000000,0.0000000000
2343,0.0000000000,0.2000000000,0.0000000000
2140,0.0000000000,0.2000000000,0.0000000000
2678,0.0000000000,0.2000000000,0.0000000000
2982,0.0000000000,0.2000000000,0.0000000000
3029,0.0000000000,0.2000000000,0.0000000000
3974,0.0000000000,0.2000000000,0.0000000000
4124,0.0000000000,0.2000000000,0.0000000000
4160,0.0000000000,0.2000000000,0.0000000000
4174,0.0000000000,0.2000000000,0.0000000000
4360,0.0000000000,0.2000000000,0.0000000000
4522,0.0000000000,0.2000000000,0.0000000000
4610,0.0000000000,0.2000000000,0.0000000000
4725,0.0000000000,0.2000000000,0.0000000000
4877,0.0000000000,0.2000000000,0.0000000000
1758,0.0000000000,0.2000000000,0.0000000000
3859,0.0000000000,0.2000000000,0.0000000000
3318,0.0000000000,0.2000000000,0.0000000000
3896,0.0000000000,0.2000000000,0.0000000000
4039,0.0000000000,0.2000000000,0.0000000000
4380,0.0000000000,0.2000000000,0.0000000000
4506,0.0000000000,0.2000000000,0.0000000000
4624,0.0000000000,0.2000000000,0.0000000000
4844,0.0000000000,0.2000000000,0.0000000000
4993,0.0000000000,0.2000000000,0.0000000000
2595,0.0000000000,0.2000000000,0.0000000000
3367,0.0000000000,0.2000000000,0.0000000000
3687,0.0000000000,0.2000000000,0.0000000000
4442,0.0000000000,0.2000000000,0.0000000000
4713,0.0000000000,0.2000000000,0.0000000000
3276,0.0000000000,0.2000000000,0.0000000000
3883,0.0000000000,0.2000000000,0.0000000000
4094,0.0000000000,0.2000000000,0.0000000000
4598,0.0000000000,0.2000000000,0.0000000000
4665,0.0000000000,0.2000000000,0.0000000000
4698,0.0000000000,0.2000000000,0.0000000000
4754,0.0000000000,0.2000000000,0.0000000000
3946,0.0000000000,0.2000000000,0.0000000000
4240,0.0000000000,0.2000000000,0.0000000000
4270,0.0000000000,0.2000000000,0.0000000000
4362,0.0000000000,0.2000000000,0.0000000000
4902,0.0000000000,0.2000000000,0.0000000000
4942,0.0000000000,0.2000000000,0.0000000000
1731,0.0000000000,0.2000000000,0.0000000000
2972,0.0000000000,0.2000000000,0.0000000000
3266,0.0000000000,0.2000000000,0.0000000000
3716,0.0000000000,0.2000000000,0.0000000000
4461,0.0000000000,0.2000000000,0.0000000000
4552,0.0000000000,0.2000000000,0.0000000000
4669,0.0000000000,0.2000000000,0.0000000000
4834,0.0000000000,0.2000000000,0.0000000000
4888,0.0000000000,0.2000000000,0.0000000000
4897,0.0000000000,0.2000000000,0.0000000000
4950,0.0000000000,0.2000000000,0.0000000000
2450,0.0000000000,0.2000000000,0.0000000000
4219,0.0000000000,0.2000000000,0.0000000000
4799,0.0000000000,0.2000000000,0.0000000000
4812,0.0000000000,0.2000000000,0.0000000000
3955,0.0000000000,0.2000000000,0.0000000000
4956,0.0000000000,0.2000000000,0.0000000000
4972,0.0000000000,0.2000000000,0.0000000000
2209,0.0000000000,0.2000000000,0.0000000000
2258,0.0000000000,0.2000000000,0.0000000000
2261,0.0000000000,0.2000000000,0.0000000000
2460,0.0000000000,0.2000000000,0.0000000000
3405,0.0000000000,0.2000000000,0.0000000000
4232,0.0000000000,0.2000000000,0.0000000000
4525,0.0000000000,0.2000000000,0.0000000000
2709,0.0000000000,0.2000000000,0.0000000000
2843,0.0000000000,0.2000000000,0.0000000000
2939,0.0000000000,0.2000000000,0.0000000000
3852,0.0000000000,0.2000000000,0.0000000000
4031,0.0000000000,0.2000000000,0.0000000000
4723,0.0000000000,0.2000000000,0.0000000000
4811,0.0000000000,0.2000000000,0.0000000000
4866,0.0000000000,0.2000000000,0.0000000000
4928,0.0000000000,0.2000000000,0.0000000000
4117,0.0000000000,0.2000000000,0.0000000000
4286,0.0000000000,0.2000000000,0.0000000000
4670,0.0000000000,0.2000000000,0.0000000000
4968,0.0000000000,0.2000000000,0.0000000000
4984,0.0000000000,0.2000000000,0.0000000000
3456,0.0000000000,0.2000000000,0.0000000000
4197,0.0000000000,0.2000000000,0.0000000000
2901,0.0000000000,0.2000000000,0.0000000000
3071,0.0000000000,0.2000000000,0.0000000000
3124,0.0000000000,0.2000000000,0.0000000000
3397,0.0000000000,0.2000000000,0.0000000000
3470,0.0000000000,0.2000000000,0.0000000000
3546,0.0000000000,0.2000000000,0.0000000000
4062,0.0000000000,0.2000000000,0.0000000000
4382,0.0000000000,0.2000000000,0.0000000000
4638,0.0000000000,0.2000000000,0.0000000000
4671,0.0000000000,0.2000000000,0.0000000000
4907,0.0000000000,0.2000000000,0.0000000000
1710,0.0000000000,0.2000000000,0.0000000000
3541,0.0000000000,0.2000000000,0.0000000000
3811,0.0000000000,0.2000000000,0.0000000000
4937,0.0000000000,0.2000000000,0.0000000000
2795,0.0000000000,0.2000000000,0.0000000000
2922,0.0000000000,0.2000000000,0.0000000000
3361,0.0000000000,0.2000000000,0.0000000000
3528,0.0000000000,0.2000000000,0.0000000000
3608,0.0000000000,0.2000000000,0.0000000000
3751,0.0000000000,0.2000000000,0.0000000000
1636,0.0000000000,0.2000000000,0.0000000000
2870,0.0000000000,0.2000000000,0.0000000000
4431,0.0000000000,0.2000000000,0.0000000000
4450,0.0000000000,0.2000000000,0.0000000000
4727,0.0000000000,0.2000000000,0.0000000000
2323,0.0000000000,0.2000000000,0.0000000000
3578,0.0000000000,0.2000000000,0.0000000000
4600,0.0000000000,0.2000000000,0.0000000000
4637,0.0000000000,0.2000000000,0.0000000000
4679,0.0000000000,0.2000000000,0.0000000000
4687,0.0000000000,0.2000000000,0.0000000000
4737,0.0000000000,0.2000000000,0.0000000000
4935,0.0000000000,0.2000000000,0.0000000000
3886,0.0000000000,0.2000000000,0.0000000000
3980,0.0000000000,0.2000000000,0.0000000000
4364,0.0000000000,0.2000000000,0.0000000000
4509,0.0000000000,0.2000000000,0.0000000000
3080,0.0000000000,0.2000000000,0.0000000000
4618,0.0000000000,0.2000000000,0.0000000000
4917,0.0000000000,0.2000000000,0.0000000000
2262,0.0000000000,0.2000000000,0.0000000000
2344,0.0000000000,0.2000000000,0.0000000000
3996,0.0000000000,0.2000000000,0.0000000000
4591,0.0000000000,0.2000000000,0.0000000000
2593,0.0000000000,0.2000000000,0.0000000000
3862,0.0000000000,0.2000000000,0.0000000000
4276,0.0000000000,0.2000000000,0.0000000000
4395,0.0000000000,0.2000000000,0.0000000000
4898,0.0000000000,0.2000000000,0.0000000000
2080,0.0000000000,0.2000000000,0.0000000000
4331,0.0000000000,0.2000000000,0.0000000000
4366,0.0000000000,0.2000000000,0.0000000000
4768,0.0000000000,0.2000000000,0.0000000000
3538,0.0000000000,0.2000000000,0.0000000000
3991,0.0000000000,0.2000000000,0.0000000000
4405,0.0000000000,0.2000000000,0.0000000000
3930,0.0000000000,0.2000000000,0.0000000000
4037,0.0000000000,0.2000000000,0.0000000000
4722,0.0000000000,0.2000000000,0.0000000000
1734,0.0000000000,0.2000000000,0.0000000000
2969,0.0000000000,0.2000000000,0.0000000000
3283,0.0000000000,0.2000000000,0.0000000000
3536,0.0000000000,0.2000000000,0.0000000000
4635,0.0000000000,0.2000000000,0.0000000000
3305,0.0000000000,0.2000000000,0.0000000000
3563,0.0000000000,0.2000000000,0.0000000000
3568,0.0000000000,0.2000000000,0.0000000000
3587,0.0000000000,0.2000000000,0.0000000000
4294,0.0000000000,0.2000000000,0.0000000000
4343,0.0000000000,0.2000000000,0.0000000000
4355,0.0000000000,0.2000000000,0.0000000000
4791,0.0000000000,0.2000000000,0.0000000000
4929,0.0000000000,0.2000000000,0.0000000000
2306,0.0000000000,0.2000000000,0.0000000000
4296,0.0000000000,0.2000000000,0.0000000000
4477,0.0000000000,0.2000000000,0.0000000000
4800,0.0000000000,0.2000000000,0.0000000000
2802,0.0000000000,0.2000000000,0.0000000000
2950,0.0000000000,0.2000000000,0.0000000000
4691,0.0000000000,0.2000000000,0.0000000000
4740,0.0000000000,0.2000000000,0.0000000000
4795,0.0000000000,0.2000000000,0.0000000000
3066,0.0000000000,0.2000000000,0.0000000000
3696,0.0000000000,0.2000000000,0.0000000000
4171,0.0000000000,0.2000000000,0.0000000000
3275,0.0000000000,0.2000000000,0.0000000000
3763,0.0000000000,0.2000000000,0.0000000000
4222,0.0000000000,0.2000000000,0.0000000000
4520,0.0000000000,0.2000000000,0.0000000000
4608,0.0000000000,0.2000000000,0.0000000000
3533,0.0000000000,0.2000000000,0.0000000000
4298,0.0000000000,0.2000000000,0.0000000000
4383,0.0000000000,0.2000000000,0.0000000000
4486,0.0000000000,0.2000000000,0.0000000000
3693,0.0000000000,0.2000000000,0.0000000000
3725,0.0000000000,0.2000000000,0.0000000000
3861,0.0000000000,0.2000000000,0.0000000000
4181,0.0000000000,0.2000000000,0.0000000000
4304,0.0000000000,0.2000000000,0.0000000000
4730,0.0000000000,0.2000000000,0.0000000000
4975,0.0000000000,0.2000000000,0.0000000000
1742,0.0000000000,0.2000000000,0.0000000000
4465,0.0000000000,0.2000000000,0.0000000000
4651,0.0000000000,0.2000000000,0.0000000000
4760,0.0000000000,0.2000000000,0.0000000000
4802,0.0000000000,0.2000000000,0.0000000000
2056,0.0000000000,0.2000000000,0.0000000000
2279,0.0000000000,0.2000000000,0.0000000000
3419,0.0000000000,0.2000000000,0.0000000000
3601,0.0000000000,0.2000000000,0.0000000000
3745,0.0000000000,0.2000000000,0.0000000000
4033,0.0000000000,0.2000000000,0.0000000000
4098,0.0000000000,0.2000000000,0.0000000000
4108,0.0000000000,0.2000000000,0.0000000000
4214,0.0000000000,0.2000000000,0.0000000000
4313,0.0000000000,0.2000000000,0.0000000000
4745,0.0000000000,0.2000000000,0.0000000000
3343,0.0000000000,0.2000000000,0.0000000000
4104,0.0000000000,0.2000000000,0.0000000000
4605,0.0000000000,0.2000000000,0.0000000000
4636,0.0000000000,0.2000000000,0.0000000000
4764,0.0000000000,0.2000000000,0.0000000000
2731,0.0000000000,0.2000000000,0.0000000000
1250,0.0000000000,0.2000000000,0.0000000000
4295,0.0000000000,0.2000000000,0.0000000000
1905,0.0000000000,0.2000000000,0.0000000000
2702,0.0000000000,0.2000000000,0.0000000000
3391,0.0000000000,0.2000000000,0.0000000000
3436,0.0000000000,0.2000000000,0.0000000000
3446,0.0000000000,0.2000000000,0.0000000000
4258,0.0000000000,0.2000000000,0.0000000000
4862,0.0000000000,0.2000000000,0.0000000000
4985,0.0000000000,0.2000000000,0.0000000000
1525,0.0000000000,0.2000000000,0.0000000000
3483,0.0000000000,0.2000000000,0.0000000000
4262,0.0000000000,0.2000000000,0.0000000000
4344,0.0000000000,0.2000000000,0.0000000000
2605,0.0000000000,0.2000000000,0.0000000000
3223,0.0000000000,0.2000000000,0.0000000000
4090,0.0000000000,0.2000000000,0.0000000000
4103,0.0000000000,0.2000000000,0.0000000000
4133,0.0000000000,0.2000000000,0.0000000000
4148,0.0000000000,0.2000000000,0.0000000000
4166,0.0000000000,0.2000000000,0.0000000000
4215,0.0000000000,0.2000000000,0.0000000000
4335,0.0000000000,0.2000000000,0.0000000000
4615,0.0000000000,0.2000000000,0.0000000000
3094,0.0000000000,0.2000000000,0.0000000000
3165,0.0000000000,0.2000000000,0.0000000000
4392,0.0000000000,0.2000000000,0.0000000000
3009,0.0000000000,0.2000000000,0.0000000000
4235,0.0000000000,0.2000000000,0.0000000000
4549,0.0000000000,0.2000000000,0.0000000000
4889,0.0000000000,0.2000000000,0.0000000000
2987,0.0000000000,0.2000000000,0.0000000000
3689,0.0000000000,0.2000000000,0.0000000000
4216,0.0000000000,0.2000000000,0.0000000000
4305,0.0000000000,0.2000000000,0.0000000000
2885,0.0000000000,0.2000000000,0.0000000000
3245,0.0000000000,0.2000000000,0.0000000000
4079,0.0000000000,0.2000000000,0.0000000000
4367,0.0000000000,0.2000000000,0.0000000000
4440,0.0000000000,0.2000000000,0.0000000000
4967,0.0000000000,0.2000000000,0.0000000000
2915,0.0000000000,0.2000000000,0.0000000000
4780,0.0000000000,0.2000000000,0.0000000000
2712,0.0000000000,0.2000000000,0.0000000000
4628,0.0000000000,0.2000000000,0.0000000000
3204,0.0000000000,0.2000000000,0.0000000000
3508,0.0000000000,0.2000000000,0.0000000000
4083,0.0000000000,0.2000000000,0.0000000000
4428,0.0000000000,0.2000000000,0.0000000000
3375,0.0000000000,0.2000000000,0.0000000000
3702,0.0000000000,0.2000000000,0.0000000000
3773,0.0000000000,0.2000000000,0.0000000000
4142,0.0000000000,0.2000000000,0.0000000000
4164,0.0000000000,0.2000000000,0.0000000000
2229,0.0000000000,0.2000000000,0.0000000000
4484,0.0000000000,0.2000000000,0.0000000000
4551,0.0000000000,0.2000000000,0.0000000000
1546,0.0000000000,0.2000000000,0.0000000000
2370,0.0000000000,0.2000000000,0.0000000000
3167,0.0000000000,0.2000000000,0.0000000000
3647,0.0000000000,0.2000000000,0.0000000000
3665,0.0000000000,0.2000000000,0.0000000000
4261,0.0000000000,0.2000000000,0.0000000000
4682,0.0000000000,0.2000000000,0.0000000000
4883,0.0000000000,0.2000000000,0.0000000000
2942,0.0000000000,0.2000000000,0.0000000000
3022,0.0000000000,0.2000000000,0.0000000000
3267,0.0000000000,0.2000000000,0.0000000000
4301,0.0000000000,0.2000000000,0.0000000000
4622,0.0000000000,0.2000000000,0.0000000000
1769,0.0000000000,0.2000000000,0.0000000000
3602,0.0000000000,0.2000000000,0.0000000000
4922,0.0000000000,0.2000000000,0.0000000000
2833,0.0000000000,0.2000000000,0.0000000000
2988,0.0000000000,0.2000000000,0.0000000000
4208,0.0000000000,0.2000000000,0.0000000000
4462,0.0000000000,0.2000000000,0.0000000000
4467,0.0000000000,0.2000000000,0.0000000000
4752,0.0000000000,0.2000000000,0.0000000000
2910,0.0000000000,0.2000000000,0.0000000000
2782,0.0000000000,0.2000000000,0.0000000000
4524,0.0000000000,0.2000000000,0.0000000000
2123,0.0000000000,0.2000000000,0.0000000000
4501,0.0000000000,0.2000000000,0.0000000000
4544,0.0000000000,0.2000000000,0.0000000000
4562,0.0000000000,0.2000000000,0.0000000000
4870,0.0000000000,0.2000000000,0.0000000000
2783,0.0000000000,0.2000000000,0.0000000000
4721,0.0000000000,0.2000000000,0.0000000000
3294,0.0000000000,0.2000000000,0.0000000000
3646,0.0000000000,0.2000000000,0.0000000000
4348,0.0000000000,0.2000000000,0.0000000000
4527,0.0000000000,0.2000000000,0.0000000000
4951,0.0000000000,0.2000000000,0.0000000000
4958,0.0000000000,0.2000000000,0.0000000000
4377,0.0000000000,0.2000000000,0.0000000000
4567,0.0000000000,0.2000000000,0.0000000000
4923,0.0000000000,0.2000000000,0.0000000000
4241,0.0000000000,0.2000000000,0.0000000000
3069,0.0000000000,0.2000000000,0.0000000000
4493,0.0000000000,0.2000000000,0.0000000000
4890,0.0000000000,0.2000000000,0.0000000000
4913,0.0000000000,0.2000000000,0.0000000000
3243,0.0000000000,0.2000000000,0.0000000000
4974,0.0000000000,0.2000000000,0.0000000000
2373,0.0000000000,0.2000000000,0.0000000000
3434,0.0000000000,0.2000000000,0.0000000000
3804,0.0000000000,0.2000000000,0.0000000000
4586,0.0000000000,0.2000000000,0.0000000000
4916,0.0000000000,0.2000000000,0.0000000000
3999,0.0000000000,0.2000000000,0.0000000000
2743,0.0000000000,0.2000000000,0.0000000000
3986,0.0000000000,0.2000000000,0.0000000000
4138,0.0000000000,0.2000000000,0.0000000000
2694,0.0000000000,0.2000000000,0.0000000000
3863,0.0000000000,0.2000000000,0.0000000000
4066,0.0000000000,0.2000000000,0.0000000000
4864,0.0000000000,0.2000000000,0.0000000000
3180,0.0000000000,0.2000000000,0.0000000000
3218,0.0000000000,0.2000000000,0.0000000000
4188,0.0000000000,0.2000000000,0.0000000000
3880,0.0000000000,0.2000000000,0.0000000000
4163,0.0000000000,0.2000000000,0.0000000000
2834,0.0000000000,0.2000000000,0.0000000000
1333,0.0000000000,0.2000000000,0.0000000000
2840,0.0000000000,0.2000000000,0.0000000000
3513,0.0000000000,0.2000000000,0.0000000000
3679,0.0000000000,0.2000000000,0.0000000000
4508,0.0000000000,0.2000000000,0.0000000000
4998,0.0000000000,0.2000000000,0.0000000000
3480,0.0000000000,0.2000000000,0.0000000000
3975,0.0000000000,0.2000000000,0.0000000000
4466,0.0000000000,0.2000000000,0.0000000000
3829,0.0000000000,0.2000000000,0.0000000000
3663,0.0000000000,0.2000000000,0.0000000000
3734,0.0000000000,0.2000000000,0.0000000000
4275,0.0000000000,0.2000000000,0.0000000000
4391,0.0000000000,0.2000000000,0.0000000000
4704,0.0000000000,0.2000000000,0.0000000000
4953,0.0000000000,0.2000000000,0.0000000000
3697,0.0000000000,0.2000000000,0.0000000000
3473,0.0000000000,0.2000000000,0.0000000000
4726,0.0000000000,0.2000000000,0.0000000000
3490,0.0000000000,0.2000000000,0.0000000000
3936,0.0000000000,0.2000000000,0.0000000000
4198,0.0000000000,0.2000000000,0.0000000000
4561,0.0000000000,0.2000000000,0.0000000000
922,0.0000000000,0.2000000000,0.0000000000
2556,0.0000000000,0.2000000000,0.0000000000
4876,0.0000000000,0.2000000000,0.0000000000
2655,0.0000000000,0.2000000000,0.0000000000
4312,0.0000000000,0.2000000000,0.0000000000
4656,0.0000000000,0.2000000000,0.0000000000
4757,0.0000000000,0.2000000000,0.0000000000
3972,0.0000000000,0.2000000000,0.0000000000
4441,0.0000000000,0.2000000000,0.0000000000
4537,0.0000000000,0.2000000000,0.0000000000
4229,0.0000000000,0.2000000000,0.0000000000
3311,0.0000000000,0.2000000000,0.0000000000
4694,0.0000000000,0.2000000000,0.0000000000
4988,0.0000000000,0.2000000000,0.0000000000
3450,0.0000000000,0.2000000000,0.0000000000
1877,0.0000000000,0.2000000000,0.0000000000
3987,0.0000000000,0.2000000000,0.0000000000
3087,0.0000000000,0.2000000000,0.0000000000
3895,0.0000000000,0.2000000000,0.0000000000
2318,0.0000000000,0.2000000000,0.0000000000
4068,0.0000000000,0.2000000000,0.0000000000
4123,0.0000000000,0.2000000000,0.0000000000
4135,0.0000000000,0.2000000000,0.0000000000
4185,0.0000000000,0.2000000000,0.0000000000
4379,0.0000000000,0.2000000000,0.0000000000
4652,0.0000000000,0.2000000000,0.0000000000
4792,0.0000000000,0.2000000000,0.0000000000
3676,0.0000000000,0.2000000000,0.0000000000
3766,0.0000000000,0.2000000000,0.0000000000
4365,0.0000000000,0.2000000000,0.0000000000
4539,0.0000000000,0.2000000000,0.0000000000
4873,0.0000000000,0.2000000000,0.0000000000
2440,0.0000000000,0.2000000000,0.0000000000
3911,0.0000000000,0.2000000000,0.0000000000
4095,0.0000000000,0.2000000000,0.0000000000
4101,0.0000000000,0.2000000000,0.0000000000
4701,0.0000000000,0.2000000000,0.0000000000
4394,0.0000000000,0.2000000000,0.0000000000
3235,0.0000000000,0.2000000000,0.0000000000
3526,0.0000000000,0.2000000000,0.0000000000
3537,0.0000000000,0.2000000000,0.0000000000
3795,0.0000000000,0.2000000000,0.0000000000
4756,0.0000000000,0.2000000000,0.0000000000
4190,0.0000000000,0.2000000000,0.0000000000
2372,0.0000000000,0.2000000000,0.0000000000
2522,0.0000000000,0.2000000000,0.0000000000
3339,0.0000000000,0.2000000000,0.0000000000
4497,0.0000000000,0.2000000000,0.0000000000
4788,0.0000000000,0.2000000000,0.0000000000
3346,0.0000000000,0.2000000000,0.0000000000
4285,0.0000000000,0.2000000000,0.0000000000
4416,0.0000000000,0.2000000000,0.0000000000
4772,0.0000000000,0.2000000000,0.0000000000
4931,0.0000000000,0.2000000000,0.0000000000
4540,0.0000000000,0.2000000000,0.0000000000
4655,0.0000000000,0.2000000000,0.0000000000
3090,0.0000000000,0.2000000000,0.0000000000
4715,0.0000000000,0.2000000000,0.0000000000
4801,0.0000000000,0.2000000000,0.0000000000
4398,0.0000000000,0.2000000000,0.0000000000
3585,0.0000000000,0.2000000000,0.0000000000
4115,0.0000000000,0.2000000000,0.0000000000
4194,0.0000000000,0.2000000000,0.0000000000
4793,0.0000000000,0.2000000000,0.0000000000
4987,0.0000000000,0.2000000000,0.0000000000
2150,0.0000000000,0.2000000000,0.0000000000
2226,0.0000000000,0.2000000000,0.0000000000
2953,0.0000000000,0.2000000000,0.0000000000
4432,0.0000000000,0.2000000000,0.0000000000
4683,0.0000000000,0.2000000000,0.0000000000
4982,0.0000000000,0.2000000000,0.0000000000
4867,0.0000000000,0.2000000000,0.0000000000
3299,0.0000000000,0.2000000000,0.0000000000
4893,0.0000000000,0.2000000000,0.0000000000
3726,0.0000000000,0.2000000000,0.0000000000
4158,0.0000000000,0.2000000000,0.0000000000
4996,0.0000000000,0.2000000000,0.0000000000
3225,0.0000000000,0.2000000000,0.0000000000
4422,0.0000000000,0.2000000000,0.0000000000
4842,0.0000000000,0.2000000000,0.0000000000
3189,0.0000000000,0.2000000000,0.0000000000
3332,0.0000000000,0.2000000000,0.0000000000
3920,0.0000000000,0.2000000000,0.0000000000
4254,0.0000000000,0.2000000000,0.0000000000
4478,0.0000000000,0.2000000000,0.0000000000
4556,0.0000000000,0.2000000000,0.0000000000
4820,0.0000000000,0.2000000000,0.0000000000
4947,0.0000000000,0.2000000000,0.0000000000
2018,0.0000000000,0.2000000000,0.0000000000
3675,0.0000000000,0.2000000000,0.0000000000
4863,0.0000000000,0.2000000000,0.0000000000
2926,0.0000000000,0.2000000000,0.0000000000
4905,0.0000000000,0.2000000000,0.0000000000
4742,0.0000000000,0.2000000000,0.0000000000
4960,0.0000000000,0.2000000000,0.0000000000
4134,0.0000000000,0.2000000000,0.0000000000
4599,0.0000000000,0.2000000000,0.0000000000
4952,0.0000000000,0.2000000000,0.0000000000
1828,0.0000000000,0.2000000000,0.0000000000
2625,0.0000000000,0.2000000000,0.0000000000
4069,0.0000000000,0.2000000000,0.0000000000
4542,0.0000000000,0.2000000000,0.0000000000
4689,0.0000000000,0.2000000000,0.0000000000
2862,0.0000000000,0.2000000000,0.0000000000
4838,0.0000000000,0.2000000000,0.0000000000
2202,0.0000000000,0.2000000000,0.0000000000
2698,0.0000000000,0.2000000000,0.0000000000
2880,0.0000000000,0.2000000000,0.0000000000
2917,0.0000000000,0.2000000000,0.0000000000
2818,0.0000000000,0.2000000000,0.0000000000
4990,0.0000000000,0.2000000000,0.0000000000
2045,0.0000000000,0.2000000000,0.0000000000
3365,0.0000000000,0.2000000000,0.0000000000
3669,0.0000000000,0.2000000000,0.0000000000
4943,0.0000000000,0.2000000000,0.0000000000
4329,0.0000000000,0.2000000000,0.0000000000
3453,0.0000000000,0.2000000000,0.0000000000
3901,0.0000000000,0.2000000000,0.0000000000
3596,0.0000000000,0.2000000000,0.0000000000
3918,0.0000000000,0.2000000000,0.0000000000
4319,0.0000000000,0.2000000000,0.0000000000
4738,0.0000000000,0.2000000000,0.0000000000
4361,0.0000000000,0.2000000000,0.0000000000
4831,0.0000000000,0.2000000000,0.0000000000
4884,0.0000000000,0.2000000000,0.0000000000
4964,0.0000000000,0.2000000000,0.0000000000
3373,0.0000000000,0.2000000000,0.0000000000
4088,0.0000000000,0.2000000000,0.0000000000
4451,0.0000000000,0.2000000000,0.0000000000
4559,0.0000000000,0.2000000000,0.0000000000
4447,0.0000000000,0.2000000000,0.0000000000
3511,0.0000000000,0.2000000000,0.0000000000
4146,0.0000000000,0.2000000000,0.0000000000
4246,0.0000000000,0.2000000000,0.0000000000
3721,0.0000000000,0.2000000000,0.0000000000
4374,0.0000000000,0.2000000000,0.0000000000
4746,0.0000000000,0.2000000000,0.0000000000
4969,0.0000000000,0.2000000000,0.0000000000
3759,0.0000000000,0.2000000000,0.0000000000
3501,0.0000000000,0.2000000000,0.0000000000
4995,0.0000000000,0.2000000000,0.0000000000
2369,0.0000000000,0.2000000000,0.0000000000
1802,0.0000000000,0.2000000000,0.0000000000
4912,0.0000000000,0.2000000000,0.0000000000
3912,0.0000000000,0.2000000000,0.0000000000
4017,0.0000000000,0.2000000000,0.0000000000
2342,0.0000000000,0.2000000000,0.0000000000
1976,0.0000000000,0.2000000000,0.0000000000
4443,0.0000000000,0.2000000000,0.0000000000
2733,0.0000000000,0.2000000000,0.0000000000
3025,0.0000000000,0.2000000000,0.0000000000
3932,0.0000000000,0.2000000000,0.0000000000
4664,0.0000000000,0.2000000000,0.0000000000
4899,0.0000000000,0.2000000000,0.0000000000
4949,0.0000000000,0.2000000000,0.0000000000
3873,0.0000000000,0.2000000000,0.0000000000
4992,0.0000000000,0.2000000000,0.0000000000
3917,0.0000000000,0.2000000000,0.0000000000
4564,0.0000000000,0.2000000000,0.0000000000
3993,0.0000000000,0.2000000000,0.0000000000
4217,0.0000000000,0.2000000000,0.0000000000
4642,0.0000000000,0.2000000000,0.0000000000
3504,0.0000000000,0.2000000000,0.0000000000
3023,0.0000000000,0.2000000000,0.0000000000
3944,0.0000000000,0.2000000000,0.0000000000
1838,0.0000000000,0.2000000000,0.0000000000
4798,0.0000000000,0.2000000000,0.0000000000
1687,0.0000000000,0.2000000000,0.0000000000
4703,0.0000000000,0.2000000000,0.0000000000
3130,0.0000000000,0.2000000000,0.0000000000
3382,0.0000000000,0.2000000000,0.0000000000
4516,0.0000000000,0.2000000000,0.0000000000
2685,0.0000000000,0.2000000000,0.0000000000
4678,0.0000000000,0.2000000000,0.0000000000
3551,0.0000000000,0.2000000000,0.0000000000
4460,0.0000000000,0.2000000000,0.0000000000
4510,0.0000000000,0.2000000000,0.0000000000
4102,0.0000000000,0.2000000000,0.0000000000
4938,0.0000000000,0.2000000000,0.0000000000
3153,0.0000000000,0.2000000000,0.0000000000
4619,0.0000000000,0.2000000000,0.0000000000
4196,0.0000000000,0.2000000000,0.0000000000
4156,0.0000000000,0.2000000000,0.0000000000
4914,0.0000000000,0.2000000000,0.0000000000
4986,0.0000000000,0.2000000000,0.0000000000
4273,0.0000000000,0.2000000000,0.0000000000
4623,0.0000000000,0.2000000000,0.0000000000
4712,0.0000000000,0.2000000000,0.0000000000
2866,0.0000000000,0.2000000000,0.0000000000
3357,0.0000000000,0.2000000000,0.0000000000
4547,0.0000000000,0.2000000000,0.0000000000
4954,0.0000000000,0.2000000000,0.0000000000
3263,0.0000000000,0.2000000000,0.0000000000
3372,0.0000000000,0.2000000000,0.0000000000
3615,0.0000000000,0.2000000000,0.0000000000
4018,0.0000000000,0.2000000000,0.0000000000
4436,0.0000000000,0.2000000000,0.0000000000
3661,0.0000000000,0.2000000000,0.0000000000
4541,0.0000000000,0.2000000000,0.0000000000
4210,0.0000000000,0.2000000000,0.0000000000
2190,0.0000000000,0.2000000000,0.0000000000
2841,0.0000000000,0.2000000000,0.0000000000
3137,0.0000000000,0.2000000000,0.0000000000
4939,0.0000000000,0.2000000000,0.0000000000
3650,0.0000000000,0.2000000000,0.0000000000
4247,0.0000000000,0.2000000000,0.0000000000
4849,0.0000000000,0.2000000000,0.0000000000
4874,0.0000000000,0.2000000000,0.0000000000
2224,0.0000000000,0.2000000000,0.0000000000
3320,0.0000000000,0.2000000000,0.0000000000
4143,0.0000000000,0.2000000000,0.0000000000
4315,0.0000000000,0.2000000000,0.0000000000
4496,0.0000000000,0.2000000000,0.0000000000
3077,0.0000000000,0.2000000000,0.0000000000
3978,0.0000000000,0.2000000000,0.0000000000
4173,0.0000000000,0.2000000000,0.0000000000
4369,0.0000000000,0.2000000000,0.0000000000
4858,0.0000000000,0.2000000000,0.0000000000
4878,0.0000000000,0.2000000000,0.0000000000
3979,0.0000000000,0.2000000000,0.0000000000
4459,0.0000000000,0.2000000000,0.0000000000
4763,0.0000000000,0.2000000000,0.0000000000
4822,0.0000000000,0.2000000000,0.0000000000
4886,0.0000000000,0.2000000000,0.0000000000
4165,0.0000000000,0.2000000000,0.0000000000
4233,0.0000000000,0.2000000000,0.0000000000
4677,0.0000000000,0.2000000000,0.0000000000
2328,0.0000000000,0.2000000000,0.0000000000
4602,0.0000000000,0.2000000000,0.0000000000
4590,0.0000000000,0.2000000000,0.0000000000
2676,0.0000000000,0.2000000000,0.0000000000
4054,0.0000000000,0.2000000000,0.0000000000
4891,0.0000000000,0.2000000000,0.0000000000
2557,0.0000000000,0.2000000000,0.0000000000
4212,0.0000000000,0.2000000000,0.0000000000
4225,0.0000000000,0.2000000000,0.0000000000
3387,0.0000000000,0.2000000000,0.0000000000
3961,0.0000000000,0.2000000000,0.0000000000
3894,0.0000000000,0.2000000000,0.0000000000
4408,0.0000000000,0.2000000000,0.0000000000
4946,0.0000000000,0.2000000000,0.0000000000
3836,0.0000000000,0.2000000000,0.0000000000
4892,0.0000000000,0.2000000000,0.0000000000
3820,0.0000000000,0.2000000000,0.0000000000
4437,0.0000000000,0.2000000000,0.0000000000
3242,0.0000000000,0.2000000000,0.0000000000
3688,0.0000000000,0.2000000000,0.0000000000
3838,0.0000000000,0.2000000000,0.0000000000
2285,0.0000000000,0.2000000000,0.0000000000
3557,0.0000000000,0.2000000000,0.0000000000
1724,0.0000000000,0.2000000000,0.0000000000
2097,0.0000000000,0.2000000000,0.0000000000
4920,0.0000000000,0.2000000000,0.0000000000
4200,0.0000000000,0.2000000000,0.0000000000
4202,0.0000000000,0.2000000000,0.0000000000
4604,0.0000000000,0.2000000000,0.0000000000
3554,0.0000000000,0.2000000000,0.0000000000
3684,0.0000000000,0.2000000000,0.0000000000
4594,0.0000000000,0.2000000000,0.0000000000
3278,0.0000000000,0.2000000000,0.0000000000
4787,0.0000000000,0.2000000000,0.0000000000
4999,0.0000000000,0.2000000000,0.0000000000
2254,0.0000000000,0.2000000000,0.0000000000
3119,0.0000000000,0.2000000000,0.0000000000
4657,0.0000000000,0.2000000000,0.0000000000
3879,0.0000000000,0.2000000000,0.0000000000
4221,0.0000000000,0.2000000000,0.0000000000
4489,0.0000000000,0.2000000000,0.0000000000
4584,0.0000000000,0.2000000000,0.0000000000
4281,0.0000000000,0.2000000000,0.0000000000
4170,0.0000000000,0.2000000000,0.0000000000
2821,0.0000000000,0.2000000000,0.0000000000
3814,0.0000000000,0.2000000000,0.0000000000
4372,0.0000000000,0.2000000000,0.0000000000
4934,0.0000000000,0.2000000000,0.0000000000
3389,0.0000000000,0.2000000000,0.0000000000
4292,0.0000000000,0.2000000000,0.0000000000
4734,0.0000000000,0.2000000000,0.0000000000
4008,0.0000000000,0.2000000000,0.0000000000
4835,0.0000000000,0.2000000000,0.0000000000
4560,0.0000000000,0.2000000000,0.0000000000
3448,0.0000000000,0.2000000000,0.0000000000
3254,0.0000000000,0.2000000000,0.0000000000
4386,0.0000000000,0.2000000000,0.0000000000
2484,0.0000000000,0.2000000000,0.0000000000
3445,0.0000000000,0.2000000000,0.0000000000
4153,0.0000000000,0.2000000000,0.0000000000
2937,0.0000000000,0.2000000000,0.0000000000
3621,0.0000000000,0.2000000000,0.0000000000
4963,0.0000000000,0.2000000000,0.0000000000
4342,0.0000000000,0.2000000000,0.0000000000
3018,0.0000000000,0.2000000000,0.0000000000
4850,0.0000000000,0.2000000000,0.0000000000
3970,0.0000000000,0.2000000000,0.0000000000
2948,0.0000000000,0.2000000000,0.0000000000
4819,0.0000000000,0.2000000000,0.0000000000
4589,0.0000000000,0.2000000000,0.0000000000
4340,0.0000000000,0.2000000000,0.0000000000
2611,0.0000000000,0.2000000000,0.0000000000
4841,0.0000000000,0.2000000000,0.0000000000
4843,0.0000000000,0.2000000000,0.0000000000
4452,0.0000000000,0.2000000000,0.0000000000
3887,0.0000000000,0.2000000000,0.0000000000
3407,0.0000000000,0.2000000000,0.0000000000
2129,0.0000000000,0.2000000000,0.0000000000
2807,0.0000000000,0.2000000000,0.0000000000
4579,0.0000000000,0.2000000000,0.0000000000
3545,0.0000000000,0.2000000000,0.0000000000
4779,0.0000000000,0.2000000000,0.0000000000
4531,0.0000000000,0.2000000000,0.0000000000
4680,0.0000000000,0.2000000000,0.0000000000
3756,0.0000000000,0.2000000000,0.0000000000
4106,0.0000000000,0.2000000000,0.0000000000
4470,0.0000000000,0.2000000000,0.0000000000
4483,0.0000000000,0.2000000000,0.0000000000
4940,0.0000000000,0.2000000000,0.0000000000
4773,0.0000000000,0.2000000000,0.0000000000
4259,0.0000000000,0.2000000000,0.0000000000
4402,0.0000000000,0.2000000000,0.0000000000
4848,0.0000000000,0.2000000000,0.0000000000
2448,0.0000000000,0.2000000000,0.0000000000
3565,0.0000000000,0.2000000000,0.0000000000
4376,0.0000000000,0.2000000000,0.0000000000
4699,0.0000000000,0.2000000000,0.0000000000
4357,0.0000000000,0.2000000000,0.0000000000
4553,0.0000000000,0.2000000000,0.0000000000
4426,0.0000000000,0.2000000000,0.0000000000
2315,0.0000000000,0.2000000000,0.0000000000
3371,0.0000000000,0.2000000000,0.0000000000
3765,0.0000000000,0.2000000000,0.0000000000
2041,0.0000000000,0.2000000000,0.0000000000
1992,0.0000000000,0.2000000000,0.0000000000
4997,0.0000000000,0.2000000000,0.0000000000
2920,0.0000000000,0.2000000000,0.0000000000
4136,0.0000000000,0.2000000000,0.0000000000
4358,0.0000000000,0.2000000000,0.0000000000
4790,0.0000000000,0.2000000000,0.0000000000
4528,0.0000000000,0.2000000000,0.0000000000
4829,0.0000000000,0.2000000000,0.0000000000
4614,0.0000000000,0.2000000000,0.0000000000
4718,0.0000000000,0.2000000000,0.0000000000
4303,0.0000000000,0.2000000000,0.0000000000
4596,0.0000000000,0.2000000000,0.0000000000
4747,0.0000000000,0.2000000000,0.0000000000
3967,0.0000000000,0.2000000000,0.0000000000
3214,0.0000000000,0.2000000000,0.0000000000
4859,0.0000000000,0.2000000000,0.0000000000
2882,0.0000000000,0.2000000000,0.0000000000
4384,0.0000000000,0.2000000000,0.0000000000
4611,0.0000000000,0.2000000000,0.0000000000
4921,0.0000000000,0.2000000000,0.0000000000
3624,0.0000000000,0.2000000000,0.0000000000
4532,0.0000000000,0.2000000000,0.0000000000
2541,0.0000000000,0.2000000000,0.0000000000
3401,0.0000000000,0.2000000000,0.0000000000
4284,0.0000000000,0.2000000000,0.0000000000
4640,0.0000000000,0.2000000000,0.0000000000
2380,0.0000000000,0.2000000000,0.0000000000
4381,0.0000000000,0.2000000000,0.0000000000
4576,0.0000000000,0.2000000000,0.0000000000
3871,0.0000000000,0.2000000000,0.0000000000
3552,0.0000000000,0.2000000000,0.0000000000
4839,0.0000000000,0.2000000000,0.0000000000
3762,0.0000000000,0.2000000000,0.0000000000
4370,0.0000000000,0.2000000000,0.0000000000
4511,0.0000000000,0.2000000000,0.0000000000
4014,0.0000000000,0.2000000000,0.0000000000
4826,0.0000000000,0.2000000000,0.0000000000
3682,0.0000000000,0.2000000000,0.0000000000
4427,0.0000000000,0.2000000000,0.0000000000
3619,0.0000000000,0.2000000000,0.0000000000
3590,0.0000000000,0.2000000000,0.0000000000
3786,0.0000000000,0.2000000000,0.0000000000
3849,0.0000000000,0.2000000000,0.0000000000
3156,0.0000000000,0.2000000000,0.0000000000
4910,0.0000000000,0.2000000000,0.0000000000
3969,0.0000000000,0.2000000000,0.0000000000
3467,0.0000000000,0.2000000000,0.0000000000
4781,0.0000000000,0.2000000000,0.0000000000
3144,0.0000000000,0.2000000000,0.0000000000
3806,0.0000000000,0.2000000000,0.0000000000
4545,0.0000000000,0.2000000000,0.0000000000
4741,0.0000000000,0.2000000000,0.0000000000
3711,0.0000000000,0.2000000000,0.0000000000
4749,0.0000000000,0.2000000000,0.0000000000
4840,0.0000000000,0.2000000000,0.0000000000
4706,0.0000000000,0.2000000000,0.0000000000
4977,0.0000000000,0.2000000000,0.0000000000
4818,0.0000000000,0.2000000000,0.0000000000
3817,0.0000000000,0.2000000000,0.0000000000
4719,0.0000000000,0.2000000000,0.0000000000
4634,0.0000000000,0.2000000000,0.0000000000
4568,0.0000000000,0.2000000000,0.0000000000
4830,0.0000000000,0.2000000000,0.0000000000
2044,0.0000000000,0.2000000000,0.0000000000
4110,0.0000000000,0.2000000000,0.0000000000
4238,0.0000000000,0.2000000000,0.0000000000
4266,0.0000000000,0.2000000000,0.0000000000
3420,0.0000000000,0.2000000000,0.0000000000
4696,0.0000000000,0.2000000000,0.0000000000
1826,0.0000000000,0.2000000000,0.0000000000
2763,0.0000000000,0.2000000000,0.0000000000
4668,0.0000000000,0.2000000000,0.0000000000
4311,0.0000000000,0.2000000000,0.0000000000
3705,0.0000000000,0.2000000000,0.0000000000
4693,0.0000000000,0.2000000000,0.0000000000
3699,0.0000000000,0.2000000000,0.0000000000
4654,0.0000000000,0.2000000000,0.0000000000
4021,0.0000000000,0.2000000000,0.0000000000
4265,0.0000000000,0.2000000000,0.0000000000
3785,0.0000000000,0.2000000000,0.0000000000
2675,0.0000000000,0.2000000000,0.0000000000
4529,0.0000000000,0.2000000000,0.0000000000
4924,0.0000000000,0.2000000000,0.0000000000
2780,0.0000000000,0.2000000000,0.0000000000
4887,0.0000000000,0.2000000000,0.0000000000
3516,0.0000000000,0.2000000000,0.0000000000
4828,0.0000000000,0.2000000000,0.0000000000
4612,0.0000000000,0.2000000000,0.0000000000
4038,0.0000000000,0.2000000000,0.0000000000
4983,0.0000000000,0.2000000000,0.0000000000
4057,0.0000000000,0.2000000000,0.0000000000
3354,0.0000000000,0.2000000000,0.0000000000
4023,0.0000000000,0.2000000000,0.0000000000
4026,0.0000000000,0.2000000000,0.0000000000
4881,0.0000000000,0.2000000000,0.0000000000
2225,0.0000000000,0.2000000000,0.0000000000
4256,0.0000000000,0.2000000000,0.0000000000
4480,0.0000000000,0.2000000000,0.0000000000
4865,0.0000000000,0.2000000000,0.0000000000
4904,0.0000000000,0.2000000000,0.0000000000
2887,0.0000000000,0.2000000000,0.0000000000
4933,0.0000000000,0.2000000000,0.0000000000
2504,0.0000000000,0.2000000000,0.0000000000
4765,0.0000000000,0.2000000000,0.0000000000
4192,0.0000000000,0.2000000000,0.0000000000
3355,0.0000000000,0.2000000000,0.0000000000
3933,0.0000000000,0.2000000000,0.0000000000
3617,0.0000000000,0.2000000000,0.0000000000
3586,0.0000000000,0.2000000000,0.0000000000
3255,0.0000000000,0.2000000000,0.0000000000
4936,0.0000000000,0.2000000000,0.0000000000
3203,0.0000000000,0.2000000000,0.0000000000
3281,0.0000000000,0.2000000000,0.0000000000
3492,0.0000000000,0.2000000000,0.0000000000
3841,0.0000000000,0.2000000000,0.0000000000
4648,0.0000000000,0.2000000000,0.0000000000
4571,0.0000000000,0.2000000000,0.0000000000
4700,0.0000000000,0.2000000000,0.0000000000
4048,0.0000000000,0.2000000000,0.0000000000
4566,0.0000000000,0.2000000000,0.0000000000
4412,0.0000000000,0.2000000000,0.0000000000
4832,0.0000000000,0.2000000000,0.0000000000
3834,0.0000000000,0.2000000000,0.0000000000
4620,0.0000000000,0.2000000000,0.0000000000
4919,0.0000000000,0.2000000000,0.0000000000
3562,0.0000000000,0.2000000000,0.0000000000
3309,0.0000000000,0.2000000000,0.0000000000
3881,0.0000000000,0.2000000000,0.0000000000
4663,0.0000000000,0.2000000000,0.0000000000
4846,0.0000000000,0.2000000000,0.0000000000
4948,0.0000000000,0.2000000000,0.0000000000
3755,0.0000000000,0.2000000000,0.0000000000
3188,0.0000000000,0.2000000000,0.0000000000
3748,0.0000000000,0.2000000000,0.0000000000
2989,0.0000000000,0.2000000000,0.0000000000
4572,0.0000000000,0.2000000000,0.0000000000
4702,0.0000000000,0.2000000000,0.0000000000
4253,0.0000000000,0.2000000000,0.0000000000
4040,0.0000000000,0.2000000000,0.0000000000
4616,0.0000000000,0.2000000000,0.0000000000
4494,0.0000000000,0.2000000000,0.0000000000
4518,0.0000000000,0.2000000000,0.0000000000
4322,0.0000000000,0.2000000000,0.0000000000
4603,0.0000000000,0.2000000000,0.0000000000
2021,0.0000000000,0.2000000000,0.0000000000
3616,0.0000000000,0.2000000000,0.0000000000
4338,0.0000000000,0.2000000000,0.0000000000
4803,0.0000000000,0.2000000000,0.0000000000
4505,0.0000000000,0.2000000000,0.0000000000
4945,0.0000000000,0.2000000000,0.0000000000
4419,0.0000000000,0.2000000000,0.0000000000
3474,0.0000000000,0.2000000000,0.0000000000
4895,0.0000000000,0.2000000000,0.0000000000
4341,0.0000000000,0.2000000000,0.0000000000
4720,0.0000000000,0.2000000000,0.0000000000
3709,0.0000000000,0.2000000000,0.0000000000
4583,0.0000000000,0.2000000000,0.0000000000
4766,0.0000000000,0.2000000000,0.0000000000
3607,0.0000000000,0.2000000000,0.0000000000
4708,0.0000000000,0.2000000000,0.0000000000
4267,0.0000000000,0.2000000000,0.0000000000
3161,0.0000000000,0.2000000000,0.0000000000
4504,0.0000000000,0.2000000000,0.0000000000
4588,0.0000000000,0.2000000000,0.0000000000
4821,0.0000000000,0.2000000000,0.0000000000
4976,0.0000000000,0.2000000000,0.0000000000
4050,0.0000000000,0.2000000000,0.0000000000
3197,0.0000000000,0.2000000000,0.0000000000
4871,0.0000000000,0.2000000000,0.0000000000
4073,0.0000000000,0.2000000000,0.0000000000
4061,0.0000000000,0.2000000000,0.0000000000
4526,0.0000000000,0.2000000000,0.0000000000
4318,0.0000000000,0.2000000000,0.0000000000
4649,0.0000000000,0.2000000000,0.0000000000
4728,0.0000000000,0.2000000000,0.0000000000
4089,0.0000000000,0.2000000000,0.0000000000
3384,0.0000000000,0.2000000000,0.0000000000
4565,0.0000000000,0.2000000000,0.0000000000
4900,0.0000000000,0.2000000000,0.0000000000
3692,0.0000000000,0.2000000000,0.0000000000
4901,0.0000000000,0.2000000000,0.0000000000
4971,0.0000000000,0.2000000000,0.0000000000
3973,0.0000000000,0.2000000000,0.0000000000
4488,0.0000000000,0.2000000000,0.0000000000
4724,0.0000000000,0.2000000000,0.0000000000
4869,0.0000000000,0.2000000000,0.0000000000
3279,0.0000000000,0.2000000000,0.0000000000
4944,0.0000000000,0.2000000000,0.0000000000
4535,0.0000000000,0.2000000000,0.0000000000
4517,0.0000000000,0.2000000000,0.0000000000
4705,0.0000000000,0.2000000000,0.0000000000
4629,0.0000000000,0.2000000000,0.0000000000
4167,0.0000000000,0.2000000000,0.0000000000
4633,0.0000000000,0.2000000000,0.0000000000
3893,0.0000000000,0.2000000000,0.0000000000
4978,0.0000000000,0.2000000000,0.0000000000
4249,0.0000000000,0.2000000000,0.0000000000
4569,0.0000000000,0.2000000000,0.0000000000
3306,0.0000075234,0.2000000000,0.0000015047
3581,0.0000069348,0.2000000000,0.0000013870
4111,0.0000044430,0.2000000000,0.0000008886
4207,0.0000043175,0.2000000000,0.0000008635
3057,0.0000036208,0.2000000000,0.0000007242
4045,0.0000059508,0.2000000000,0.0000011902
2536,0.0000033565,0.2000000000,0.0000006713
3701,0.0000116331,0.2000000000,0.0000023266
2695,0.0000064866,0.2000000000,0.0000012973
2830,0.0000139977,0.2000000000,0.0000027995
3870,0.0000067407,0.2000000000,0.0000013481
3939,0.0000053284,0.2000000000,0.0000010657
2416,0.0000013956,0.2000000000,0.0000002791
3256,0.0000175427,0.2000000000,0.0000035085
4260,0.0000177126,0.2000000000,0.0000035425
3924,0.0000072535,0.2000000000,0.0000014507
3741,0.0000088867,0.2000000000,0.0000017773
2965,0.0000032930,0.2000000000,0.0000006586
4182,0.0000117904,0.2000000000,0.0000023581
2626,0.0000057058,0.2000000000,0.0000011412
2184,0.0000041365,0.2000000000,0.0000008273
3338,0.0000024121,0.2000000000,0.0000004824
3614,0.0000053403,0.2000000000,0.0000010681
4710,0.0000059720,0.2000000000,0.0000011944
3381,0.0000097547,0.2000000000,0.0000019509
2984,0.0000031452,0.2000000000,0.0000006290
1645,0.0000019771,0.2000000000,0.0000003954
2981,0.0000055067,0.2000000000,0.0000011013
2500,0.0000065013,0.2000000000,0.0000013003
3884,0.0000093772,0.2000000000,0.0000018754
1813,0.0000076279,0.1600000000,0.0000012205
3231,0.0000096387,0.2000000000,0.0000019277
2884,0.0000060343,0.2000000000,0.0000012069
3942,0.0000107465,0.2000000000,0.0000021493
1913,0.0000076730,0.2000000000,0.0000015346
2564,0.0000028587,0.2000000000,0.0000005717
2584,0.0000057863,0.2000000000,0.0000011573
2930,0.0000059402,0.2000000000,0.0000011880
1827,0.0000090649,0.2000000000,0.0000018130
2311,0.0000011304,0.2000000000,0.0000002261
1951,0.0000067591,0.2000000000,0.0000013518
2632,0.0000081599,0.2000000000,0.0000016320
3314,0.0000129400,0.2000000000,0.0000025880
3819,0.0000057305,0.2000000000,0.0000011461
2313,0.0000120541,0.2000000000,0.0000024108
2918,0.0000045586,0.2000000000,0.0000009117
4345,0.0000089164,0.2000000000,0.0000017833
3058,0.0000049696,0.3600000000,0.0000017890
3095,0.0000057076,0.2000000000,0.0000011415
3149,0.0000056529,0.2000000000,0.0000011306
4252,0.0000170586,0.2000000000,0.0000034117
2970,0.0000107708,0.3600000000,0.0000038775
2929,0.0000078058,0.2000000000,0.0000015612
3940,0.0000085207,0.2000000000,0.0000017041
4187,0.0000071447,0.3600000000,0.0000025721
4126,0.0000358711,0.2000000000,0.0000071742
3620,0.0000146923,0.2000000000,0.0000029385
2558,0.0000059444,0.2000000000,0.0000011889
2701,0.0000006237,0.1600000000,0.0000000998
2432,0.0000106504,0.2000000000,0.0000021301
3202,0.0000055154,0.2000000000,0.0000011031
4661,0.0000117562,0.2000000000,0.0000023512
4481,0.0000068252,0.3600000000,0.0000024571
2835,0.0000029573,0.2000000000,0.0000005915
3392,0.0000070347,0.2000000000,0.0000014069
2606,0.0000030266,0.2000000000,0.0000006053
3572,0.0000074704,0.2000000000,0.0000014941
3053,0.0000144481,0.2000000000,0.0000028896
3594,0.0000065536,0.2000000000,0.0000013107
3729,0.0000057540,0.2000000000,0.0000011508
1051,0.0000027984,0.2000000000,0.0000005597
3573,0.0000060525,0.2000000000,0.0000012105
2703,0.0000012352,0.2000000000,0.0000002470
4016,0.0000076894,0.2000000000,0.0000015379
4327,0.0000097966,0.2000000000,0.0000019593
2538,0.0000036542,0.2000000000,0.0000007308
3548,0.0000083005,0.2000000000,0.0000016601
5000,0.0000289258,0.2000000000,0.0000057852
3394,0.0000141895,0.2000000000,0.0000028379
2868,0.0000088222,0.2000000000,0.0000017644
4833,0.0000152343,0.2000000000,0.0000030469
2958,0.0000019448,0.2000000000,0.0000003890
948,0.0000079020,0.2000000000,0.0000015804
3904,0.0000064071,0.2000000000,0.0000012814
3509,0.0000072569,0.2000000000,0.0000014514
3758,0.0000136166,0.2000000000,0.0000027233
2741,0.0000099242,0.2000000000,0.0000019848
2752,0.0000062365,0.3600000000,0.0000022451
2921,0.0000101848,0.2000000000,0.0000020370
2671,0.0000206001,0.2000000000,0.0000041200
2452,0.0000040068,0.2000000000,0.0000008014
2677,0.0000092923,0.2000000000,0.0000018585
2391,0.0000046710,0.2000000000,0.0000009342
2014,0.0000031439,0.2000000000,0.0000006288
3698,0.0000046696,0.2000000000,0.0000009339
3564,0.0000063450,0.2000000000,0.0000012690
2288,0.0000050979,0.1600000000,0.0000008157
1911,0.0000034347,0.2000000000,0.0000006869
3230,0.0000068402,0.2000000000,0.0000013680
4145,0.0000048795,0.2000000000,0.0000009759
3831,0.0000049688,0.2000000000,0.0000009938
3824,0.0000091549,0.2000000000,0.0000018310
2721,0.0000051686,0.2000000000,0.0000010337
4368,0.0000071318,0.2000000000,0.0000014264
3114,0.0000016726,0.2000000000,0.0000003345
4476,0.0000207026,0.2000000000,0.0000041405
3950,0.0000198198,0.2000000000,0.0000039640
2048,0.0000045804,0.3600000000,0.0000016489
3350,0.0000108312,0.2000000000,0.0000021662
3905,0.0000131480,0.2000000000,0.0000026296
2356,0.0000125535,0.2000000000,0.0000025107
3079,0.0000034827,0.2000000000,0.0000006965
3733,0.0000089920,0.2000000000,0.0000017984
3843,0.0000091801,0.2000000000,0.0000018360
4927,0.0000198251,0.2000000000,0.0000039650
1930,0.0000029140,0.3600000000,0.0000010490
3444,0.0000063630,0.2000000000,0.0000012726
3958,0.0000068595,0.2000000000,0.0000013719
3341,0.0000039202,0.2000000000,0.0000007840
3469,0.0000116454,0.2000000000,0.0000023291
4455,0.0000093094,0.2000000000,0.0000018619
3889,0.0000046663,0.2000000000,0.0000009333
3081,0.0000048777,0.2000000000,0.0000009755
3209,0.0000062721,0.2000000000,0.0000012544
3527,0.0000078066,0.2000000000,0.0000015613
4080,0.0000014413,0.2000000000,0.0000002883
4530,0.0000088006,0.2000000000,0.0000017601
4175,0.0000107848,0.2000000000,0.0000021570
4457,0.0000132080,0.2000000000,0.0000026416
3846,0.0000066983,0.2000000000,0.0000013397
2824,0.0000074219,0.2000000000,0.0000014844
2102,0.0000105092,0.2000000000,0.0000021018
3631,0.0000091484,0.2000000000,0.0000018297
3186,0.0000081661,0.2000000000,0.0000016332
4243,0.0000017769,0.2000000000,0.0000003554
4272,0.0000103530,0.2000000000,0.0000020706
2494,0.0000120612,0.2000000000,0.0000024122
2932,0.0000096973,0.2000000000,0.0000019395
4132,0.0000113547,0.2000000000,0.0000022709
1753,0.0000058005,0.2000000000,0.0000011601
3132,0.0000054997,0.2000000000,0.0000010999
2999,0.0000342177,0.2000000000,0.0000068435
3351,0.0000026102,0.2000000000,0.0000005220
2609,0.0000069821,0.2000000000,0.0000013964
1163,0.0000131597,0.2000000000,0.0000026319
3150,0.0000022718,0.3600000000,0.0000008178
2337,0.0000072194,0.2000000000,0.0000014439
4597,0.0000100855,0.2000000000,0.0000020171
4667,0.0000129645,0.2000000000,0.0000025929
1374,0.0000067088,0.2000000000,0.0000013418
4515,0.0000082350,0.2000000000,0.0000016470
4563,0.0000080533,0.2000000000,0.0000016107
3442,0.0000117939,0.2000000000,0.0000023588
1519,0.0000043720,0.3600000000,0.0000015739
1691,0.0000093656,0.1600000000,0.0000014985
4334,0.0000046282,0.1600000000,0.0000007405
4735,0.0000135804,0.2000000000,0.0000027161
4255,0.0000040369,0.2000000000,0.0000008074
4336,0.0000130490,0.2000000000,0.0000026098
4263,0.0000107090,0.2000000000,0.0000021418
3162,0.0000057054,0.2000000000,0.0000011411
3395,0.0000075614,0.3600000000,0.0000027221
1243,0.0000031456,0.2000000000,0.0000006291
4482,0.0000069867,0.1600000000,0.0000011179
3481,0.0000100142,0.2000000000,0.0000020028
4084,0.0000090285,0.2000000000,0.0000018057
1612,0.0000058212,0.2000000000,0.0000011642
3657,0.0000137637,0.2000000000,0.0000027527
3515,0.0000116377,0.2000000000,0.0000023275
1982,0.0000049215,0.1600000000,0.0000007874
3839,0.0000048303,0.2000000000,0.0000009661
2858,0.0000088371,0.2000000000,0.0000017674
4837,0.0000169905,0.2000000000,0.0000033981
3460,0.0000059945,0.2000000000,0.0000011989
4577,0.0000113830,0.2000000000,0.0000022766
3592,0.0000058382,0.2000000000,0.0000011676
3432,0.0000631481,0.2000000000,0.0000126296
4709,0.0000050077,0.2000000000,0.0000010015
3213,0.0000264179,0.3600000000,0.0000095104
3097,0.0000409334,0.2000000000,0.0000081867
3866,0.0000117223,0.2000000000,0.0000023445
1452,0.0000087780,0.3600000000,0.0000031601
2907,0.0000126893,0.2000000000,0.0000025379
3727,0.0000022131,0.2000000000,0.0000004426
3417,0.0000087417,0.2000000000,0.0000017483
2739,0.0000079906,0.2000000000,0.0000015981
1652,0.0000028224,0.2000000000,0.0000005645
3856,0.0000158924,0.2000000000,0.0000031785
3525,0.0000114697,0.2000000000,0.0000022939
3658,0.0000068876,0.2000000000,0.0000013775
2321,0.0000128687,0.2000000000,0.0000025737
3927,0.0000094972,0.2000000000,0.0000018994
4140,0.0000100340,0.2000000000,0.0000020068
1732,0.0000085190,0.2000000000,0.0000017038
3770,0.0000169963,0.2000000000,0.0000033993
3878,0.0000143215,0.2000000000,0.0000028643
4490,0.0000056909,0.2000000000,0.0000011382
1313,0.0000026859,0.2000000000,0.0000005372
3377,0.0000087165,0.2000000000,0.0000017433
1579,0.0000047025,0.2000000000,0.0000009405
2964,0.0000040112,0.2000000000,0.0000008022
4396,0.0000127990,0.2000000000,0.0000025598
4592,0.0000126919,0.2000000000,0.0000025384
3914,0.0000077623,0.2000000000,0.0000015525
2913,0.0000046149,0.2000000000,0.0000009230
1737,0.0000035158,0.2000000000,0.0000007032
2061,0.0000103685,0.2000000000,0.0000020737
1602,0.0000033182,0.2000000000,0.0000006636
1215,0.0000052297,0.2000000000,0.0000010459
2009,0.0000097092,0.2000000000,0.0000019418
3196,0.0000094803,0.1600000000,0.0000015169
3792,0.0000106904,0.2000000000,0.0000021381
2656,0.0000179633,0.2000000000,0.0000035927
2240,0.0000025267,0.2000000000,0.0000005053
3284,0.0000070714,0.3600000000,0.0000025457
1883,0.0000198376,0.2000000000,0.0000039675
2099,0.0000271596,0.2000000000,0.0000054319
4013,0.0000039898,0.2000000000,0.0000007980
4193,0.0000117677,0.2000000000,0.0000023535
3496,0.0000076399,0.3600000000,0.0000027504
4058,0.0000055402,0.2000000000,0.0000011080
4446,0.0000148277,0.2000000000,0.0000029655
2927,0.0000105161,0.2000000000,0.0000021032
4036,0.0000162641,0.2000000000,0.0000032528
3068,0.0000037081,0.2000000000,0.0000007416
814,0.0000030817,0.1600000000,0.0000004931
2133,0.0000049684,0.2000000000,0.0000009937
1328,0.0000084677,0.2000000000,0.0000016935
2891,0.0000121659,0.2000000000,0.0000024332
1619,0.0000114995,0.2000000000,0.0000022999
3678,0.0000232898,0.2000000000,0.0000046580
3547,0.0000086171,0.2000000000,0.0000017234
2046,0.0000170516,0.2000000000,0.0000034103
3461,0.0000193883,0.2000000000,0.0000038777
4626,0.0000283084,0.2000000000,0.0000056617
3463,0.0000036118,0.2000000000,0.0000007224
3769,0.0000149808,0.2000000000,0.0000029962
3260,0.0000080196,0.2000000000,0.0000016039
3875,0.0000051533,0.3600000000,0.0000018552
1504,0.0000045700,0.2000000000,0.0000009140
1382,0.0000047871,0.2000000000,0.0000009574
2597,0.0000055392,0.2000000000,0.0000011078
2492,0.0000299101,0.2000000000,0.0000059820
4536,0.0000061739,0.2000000000,0.0000012348
3494,0.0000103627,0.2000000000,0.0000020725
1638,0.0000094751,0.2000000000,0.0000018950
2360,0.0000099205,0.2000000000,0.0000019841
2666,0.0000117949,0.2000000000,0.0000023590
3535,0.0000066713,0.2000000000,0.0000013343
2223,0.0000070557,0.3600000000,0.0000025401
4823,0.0000139605,0.2000000000,0.0000027921
1853,0.0000097444,0.2000000000,0.0000019489
1394,0.0000031993,0.2000000000,0.0000006399
4074,0.0000107338,0.2000000000,0.0000021468
3479,0.0000225627,0.2000000000,0.0000045125
4662,0.0000033896,0.2000000000,0.0000006779
2577,0.0000076511,0.2000000000,0.0000015302
3823,0.0000188027,0.2000000000,0.0000037605
1252,0.0000028611,0.2000000000,0.0000005722
1688,0.0000027796,0.2000000000,0.0000005559
2978,0.0000061913,0.2000000000,0.0000012383
2449,0.0000055127,0.3600000000,0.0000019846
2182,0.0000165407,0.2000000000,0.0000033081
1756,0.0000170898,0.2000000000,0.0000034180
3966,0.0000087622,0.2000000000,0.0000017524
3876,0.0000045939,0.3600000000,0.0000016538
3336,0.0000080497,0.2000000000,0.0000016099
4024,0.0000074756,0.2000000000,0.0000014951
4271,0.0000227639,0.2000000000,0.0000045528
3413,0.0000047355,0.3600000000,0.0000017048
4804,0.0000150971,0.2000000000,0.0000030194
2060,0.0000025665,0.2000000000,0.0000005133
3965,0.0000100268,0.2000000000,0.0000020054
4350,0.0000035427,0.2000000000,0.0000007085
2543,0.0000054667,0.2000000000,0.0000010933
2859,0.0000036140,0.3600000000,0.0000013010
3906,0.0000284080,0.2000000000,0.0000056816
3333,0.0000143979,0.2000000000,0.0000028796
2879,0.0000236681,0.2000000000,0.0000047336
1332,0.0000050527,0.2000000000,0.0000010105
3982,0.0000088698,0.2000000000,0.0000017740
3466,0.0000219664,0.2000000000,0.0000043933
3925,0.0000158594,0.2000000000,0.0000031719
4403,0.0000078749,0.2000000000,0.0000015750
3122,0.0000182723,0.2000000000,0.0000036545
3488,0.0000175520,0.2000000000,0.0000035104
1282,0.0000066672,0.2000000000,0.0000013334
2231,0.0000142629,0.2000000000,0.0000028526
3035,0.0000091760,0.2000000000,0.0000018352
4211,0.0000115486,0.2000000000,0.0000023097
3604,0.0000116791,0.2000000000,0.0000023358
3680,0.0000055925,0.2000000000,0.0000011185
3637,0.0000027006,0.3600000000,0.0000009722
2314,0.0000090670,0.2000000000,0.0000018134
4417,0.0000099160,0.3600000000,0.0000035698
1131,0.0000025303,0.2000000000,0.0000005061
2057,0.0000044524,0.2000000000,0.0000008905
1340,0.0000074435,0.2000000000,0.0000014887
3902,0.0000105681,0.2000000000,0.0000021136
2395,0.0000169437,0.2000000000,0.0000033887
3654,0.0000417540,0.2000000000,0.0000083508
4220,0.0000251689,0.2000000000,0.0000050338
3582,0.0000045964,0.2000000000,0.0000009193
4761,0.0000098012,0.3600000000,0.0000035284
3648,0.0000055145,0.2000000000,0.0000011029
1684,0.0000062031,0.2000000000,0.0000012406
1287,0.0000040825,0.2000000000,0.0000008165
3577,0.0000068885,0.2000000000,0.0000013777
4131,0.0000082130,0.2000000000,0.0000016426
2756,0.0000036088,0.2000000000,0.0000007218
4025,0.0000155789,0.2000000000,0.0000031158
2967,0.0000050384,0.2000000000,0.0000010077
3345,0.0000050704,0.2000000000,0.0000010141
3941,0.0000139496,0.2000000000,0.0000027899
2570,0.0000072958,0.2000000000,0.0000014592
3297,0.0000086014,0.2000000000,0.0000017203
2729,0.0000133430,0.2000000000,0.0000026686
3199,0.0000058701,0.2000000000,0.0000011740
1498,0.0000034273,0.2000000000,0.0000006855
4150,0.0000009831,0.2000000000,0.0000001966
4046,0.0000104508,0.2000000000,0.0000020902
2662,0.0000228374,0.2000000000,0.0000045675
2713,0.0000065776,0.2000000000,0.0000013155
2847,0.0000024036,0.2000000000,0.0000004807
2683,0.0000021506,0.2000000000,0.0000004301
547,0.0000039475,0.3600000000,0.0000014211
2637,0.0000142335,0.2000000000,0.0000028467
3971,0.0000151437,0.2000000000,0.0000030287
3842,0.0000202064,0.2000000000,0.0000040413
1964,0.0000187845,0.2000000000,0.0000037569
3976,0.0000028095,0.2000000000,0.0000005619
3576,0.0000189792,0.2000000000,0.0000037958
3735,0.0000106381,0.2000000000,0.0000021276
3219,0.0000035394,0.2000000000,0.0000007079
2297,0.0000188683,0.2000000000,0.0000037737
1608,0.0000052648,0.2000000000,0.0000010530
4002,0.0000139091,0.2000000000,0.0000027818
4121,0.0000181703,0.2000000000,0.0000036341
2154,0.0000062727,0.2000000000,0.0000012545
3427,0.0000165103,0.2000000000,0.0000033021
3772,0.0000385724,0.2000000000,0.0000077145
3158,0.0000202270,0.2000000000,0.0000040454
2718,0.0000079515,0.2000000000,0.0000015903
2755,0.0000161861,0.2000000000,0.0000032372
3816,0.0000111143,0.2000000000,0.0000022229
3507,0.0000115611,0.2000000000,0.0000023122
3757,0.0000076373,0.2000000000,0.0000015275
2271,0.0000179925,0.2000000000,0.0000035985
3960,0.0000149573,0.2000000000,0.0000029915
1535,0.0000032894,0.2000000000,0.0000006579
774,0.0000026820,0.2000000000,0.0000005364
2508,0.0000039652,0.2000000000,0.0000007930
3768,0.0000042549,0.2000000000,0.0000008510
1700,0.0000029212,0.2000000000,0.0000005842
4733,0.0000111476,0.2000000000,0.0000022295
3780,0.0000198222,0.2000000000,0.0000039644
4125,0.0000214676,0.2000000000,0.0000042935
3796,0.0000124785,0.2000000000,0.0000024957
3232,0.0000219297,0.2000000000,0.0000043859
2127,0.0000352525,0.2000000000,0.0000070505
3409,0.0000052758,0.2000000000,0.0000010552
2227,0.0000042052,0.2000000000,0.0000008410
1870,0.0000095684,0.1600000000,0.0000015309
1268,0.0000133685,0.2000000000,0.0000026737
3362,0.0000035451,0.2000000000,0.0000007090
4242,0.0000176522,0.2000000000,0.0000035304
3948,0.0000086524,0.2000000000,0.0000017305
221,0.0000013734,0.2000000000,0.0000002747
2482,0.0000065513,0.2000000000,0.0000013103
3903,0.0000130159,0.2000000000,0.0000026032
3826,0.0000091981,0.2000000000,0.0000018396
3352,0.0000191013,0.2000000000,0.0000038203
2732,0.0000180478,0.2000000000,0.0000036096
4264,0.0000090568,0.3600000000,0.0000032605
2172,0.0000053971,0.2000000000,0.0000010794
3810,0.0000187574,0.2000000000,0.0000037515
4137,0.0000142146,0.2000000000,0.0000028429
4666,0.0000082468,0.2000000000,0.0000016494
1805,0.0000115077,0.2000000000,0.0000023015
1907,0.0000101247,0.2000000000,0.0000020249
3598,0.0000117673,0.2000000000,0.0000023535
3468,0.0000144291,0.2000000000,0.0000028858
4578,0.0000111642,0.2000000000,0.0000022328
2873,0.0000093558,0.2000000000,0.0000018712
2131,0.0000143939,0.2000000000,0.0000028788
4674,0.0000084720,0.2000000000,0.0000016944
3410,0.0000056498,0.2000000000,0.0000011300
4239,0.0000035814,0.2000000000,0.0000007163
1630,0.0000057578,0.2000000000,0.0000011516
2883,0.0000076985,0.2000000000,0.0000015397
1800,0.0000273273,0.2000000000,0.0000054655
3746,0.0000095382,0.2000000000,0.0000019076
912,0.0000035344,0.3600000000,0.0000012724
1238,0.0000164030,0.2000000000,0.0000032806
3767,0.0000079840,0.2000000000,0.0000015968
4199,0.0000198005,0.2000000000,0.0000039601
2855,0.0000177026,0.2000000000,0.0000035405
3251,0.0000066941,0.2000000000,0.0000013388
4030,0.0000068560,0.2000000000,0.0000013712
1767,0.0000043812,0.2000000000,0.0000008762
3379,0.0000163550,0.2000000000,0.0000032710
3120,0.0000102060,0.2000000000,0.0000020412
1822,0.0000048920,0.2000000000,0.0000009784
4732,0.0000116411,0.2000000000,0.0000023282
2542,0.0000183233,0.2000000000,0.0000036647
2728,0.0000229162,0.2000000000,0.0000045832
3561,0.0000085911,0.2000000000,0.0000017182
1940,0.0000056192,0.2000000000,0.0000011238
3285,0.0000048490,0.2000000000,0.0000009698
2704,0.0000117872,0.2000000000,0.0000023574
3100,0.0000097514,0.2000000000,0.0000019503
3313,0.0000262908,0.2000000000,0.0000052582
2816,0.0000487027,0.2000000000,0.0000097405
3931,0.0000191572,0.2000000000,0.0000038314
3510,0.0000091125,0.2000000000,0.0000018225
2085,0.0000059400,0.2000000000,0.0000011880
2838,0.0000033523,0.5200000000,0.0000017432
4035,0.0000035664,0.2000000000,0.0000007133
2443,0.0000082616,0.2000000000,0.0000016523
1886,0.0000034310,0.2000000000,0.0000006862
3145,0.0000096240,0.3600000000,0.0000034646
3431,0.0000046024,0.2000000000,0.0000009205
2473,0.0000305014,0.2000000000,0.0000061003
2531,0.0000178228,0.2000000000,0.0000035646
2520,0.0000171326,0.2000000000,0.0000034265
3288,0.0000071038,0.1600000000,0.0000011366
2519,0.0000039880,0.3200000000,0.0000012762
959,0.0000148795,0.2000000000,0.0000029759
2120,0.0000204002,0.2000000000,0.0000040800
2850,0.0000018263,0.2000000000,0.0000003653
3947,0.0000084715,0.2000000000,0.0000016943
2480,0.0000059506,0.2000000000,0.0000011901
4119,0.0000098445,0.2000000000,0.0000019689
1366,0.0000030195,0.2000000000,0.0000006039
3892,0.0000202837,0.2000000000,0.0000040567
3133,0.0000039497,0.2000000000,0.0000007899
3938,0.0000094084,0.2000000000,0.0000018817
4159,0.0000106948,0.2000000000,0.0000021390
4130,0.0000101390,0.2000000000,0.0000020278
3139,0.0000294228,0.2000000000,0.0000058846
2993,0.0000166876,0.2000000000,0.0000033375
3603,0.0000087580,0.2000000000,0.0000017516
444,0.0000046439,0.2000000000,0.0000009288
2355,0.0000026426,0.2000000000,0.0000005285
2650,0.0000100338,0.2000000000,0.0000020068
4302,0.0000022962,0.2000000000,0.0000004592
1108,0.0000008496,0.2000000000,0.0000001699
3034,0.0000118115,0.2000000000,0.0000023623
2550,0.0000141891,0.2000000000,0.0000028378
3388,0.0000126350,0.2000000000,0.0000025270
1491,0.0000149720,0.2000000000,0.0000029944
4087,0.0000158898,0.2000000000,0.0000031780
3259,0.0000082322,0.2000000000,0.0000016464
3465,0.0000079386,0.2000000000,0.0000015877
3519,0.0000089957,0.1600000000,0.0000014393
1977,0.0000023672,0.3600000000,0.0000008522
4601,0.0000139501,0.2000000000,0.0000027900
2396,0.0000058404,0.3600000000,0.0000021025
985,0.0000167740,0.2000000000,0.0000033548
2751,0.0000216413,0.3600000000,0.0000077909
2367,0.0000475203,0.2000000000,0.0000095041
3907,0.0000110371,0.2000000000,0.0000022074
2696,0.0000206857,0.2000000000,0.0000041371
2931,0.0000108328,0.2000000000,0.0000021666
1944,0.0000041568,0.2000000000,0.0000008314
2204,0.0000273251,0.2000000000,0.0000054650
1851,0.0000021052,0.2000000000,0.0000004210
2599,0.0000027015,0.2000000000,0.0000005403
3257,0.0000116024,0.2000000000,0.0000023205
3451,0.0000043128,0.2000000000,0.0000008626
1453,0.0000127690,0.2000000000,0.0000025538
1295,0.0000188850,0.2000000000,0.0000037770
3462,0.0000122304,0.2000000000,0.0000024461
2234,0.0000097334,0.2000000000,0.0000019467
2724,0.0000121419,0.2000000000,0.0000024284
2109,0.0000144592,0.2000000000,0.0000028918
3622,0.0000118577,0.2000000000,0.0000023715
3337,0.0000260550,0.2000000000,0.0000052110
3440,0.0000249114,0.2000000000,0.0000049823
4100,0.0000057293,0.2000000000,0.0000011459
2592,0.0000066047,0.2000000000,0.0000013209
3356,0.0000292138,0.2000000000,0.0000058428
2317,0.0000101683,0.2000000000,0.0000020337
3724,0.0000235626,0.2000000000,0.0000047125
4685,0.0000086673,0.2000000000,0.0000017335
3098,0.0000068474,0.2000000000,0.0000013695
3738,0.0000194690,0.2000000000,0.0000038938
4414,0.0000072223,0.2000000000,0.0000014445
2861,0.0000211598,0.2000000000,0.0000042320
3850,0.0000417385,0.2000000000,0.0000083477
2900,0.0000068460,0.2000000000,0.0000013692
2064,0.0000036718,0.2000000000,0.0000007344
3994,0.0000080411,0.2000000000,0.0000016082
4093,0.0000137770,0.1600000000,0.0000022043
1933,0.0000119238,0.2000000000,0.0000023848
2516,0.0000075385,0.2000000000,0.0000015077
3171,0.0000091156,0.2000000000,0.0000018231
4479,0.0000174878,0.2000000000,0.0000034976
3155,0.0000061509,0.2000000000,0.0000012302
3406,0.0000257788,0.2000000000,0.0000051558
2680,0.0000164168,0.2000000000,0.0000032834
2770,0.0000088919,0.2000000000,0.0000017784
3393,0.0000031524,0.2000000000,0.0000006305
3645,0.0000220847,0.2000000000,0.0000044169
3714,0.0000064211,0.2000000000,0.0000012842
4324,0.0000038127,0.2000000000,0.0000007625
4052,0.0000209768,0.2000000000,0.0000041954
3837,0.0000070352,0.2000000000,0.0000014070
4409,0.0000136475,0.2000000000,0.0000027295
3567,0.0000207982,0.2000000000,0.0000041596
3125,0.0000110035,0.2000000000,0.0000022007
3252,0.0000150974,0.2000000000,0.0000030195
2307,0.0000177568,0.2000000000,0.0000035514
2623,0.0000050887,0.2000000000,0.0000010177
4268,0.0000210642,0.3600000000,0.0000075831
3793,0.0000469856,0.2000000000,0.0000093971
1587,0.0000034052,0.2000000000,0.0000006810
3228,0.0000070069,0.2000000000,0.0000014014
1776,0.0000020554,0.2000000000,0.0000004111
2303,0.0000180622,0.2000000000,0.0000036124
1426,0.0000092052,0.2000000000,0.0000018410
4107,0.0000084075,0.2000000000,0.0000016815
3801,0.0000123108,0.2000000000,0.0000024622
3176,0.0000027189,0.2000000000,0.0000005438
3435,0.0000239468,0.2000000000,0.0000047894
3611,0.0000166310,0.2000000000,0.0000033262
4445,0.0000063656,0.3600000000,0.0000022916
1695,0.0000282946,0.2000000000,0.0000056589
2283,0.0000107086,0.2000000000,0.0000021417
2410,0.0000065820,0.2000000000,0.0000013164
3131,0.0000130026,0.2000000000,0.0000026005
3008,0.0000104068,0.2000000000,0.0000020814
3075,0.0000034541,0.2000000000,0.0000006908
4393,0.0000060010,0.2000000000,0.0000012002
2501,0.0000122264,0.2000000000,0.0000024453
3629,0.0000139702,0.2000000000,0.0000027940
2159,0.0000087084,0.2000000000,0.0000017417
3439,0.0000070755,0.2000000000,0.0000014151
3412,0.0000185484,0.2000000000,0.0000037097
2130,0.0000193967,0.2000000000,0.0000038793
1946,0.0000071201,0.2000000000,0.0000014240
4410,0.0000135364,0.2000000000,0.0000027073
2869,0.0000107578,0.2000000000,0.0000021516
2195,0.0000271730,0.2000000000,0.0000054346
2346,0.0000087743,0.2000000000,0.0000017549
1762,0.0000082920,0.2000000000,0.0000016584
3560,0.0000181274,0.2000000000,0.0000036255
4293,0.0000076605,0.2000000000,0.0000015321
2820,0.0000081018,0.3600000000,0.0000029167
3344,0.0000027315,0.2000000000,0.0000005463
2365,0.0000041505,0.2000000000,0.0000008301
3011,0.0000131015,0.2000000000,0.0000026203
2423,0.0000176323,0.2000000000,0.0000035265
4149,0.0000083819,0.2000000000,0.0000016764
3021,0.0000041908,0.2000000000,0.0000008382
3844,0.0000162372,0.2000000000,0.0000032474
2822,0.0000249159,0.2000000000,0.0000049832
4205,0.0000060797,0.2000000000,0.0000012159
3639,0.0000097990,0.2000000000,0.0000019598
1419,0.0000217114,0.2000000000,0.0000043423
2098,0.0000316803,0.2000000000,0.0000063361
2353,0.0000060340,0.2000000000,0.0000012068
3539,0.0000086710,0.2000000000,0.0000017342
2424,0.0000037912,0.2000000000,0.0000007582
3051,0.0000273755,0.2000000000,0.0000054751
3988,0.0000044924,0.2000000000,0.0000008985
2003,0.0000225466,0.3600000000,0.0000081168
2897,0.0000069318,0.2000000000,0.0000013864
3505,0.0000179974,0.2000000000,0.0000035995
2147,0.0000029017,0.1600000000,0.0000004643
3148,0.0000468864,0.2000000000,0.0000093773
3015,0.0000200448,0.2000000000,0.0000040090
903,0.0000022862,0.2000000000,0.0000004572
1981,0.0000234291,0.2000000000,0.0000046858
2991,0.0000255583,0.2000000000,0.0000051117
3685,0.0000088760,0.2000000000,0.0000017752
2643,0.0000069657,0.2000000000,0.0000013931
2640,0.0000067536,0.2000000000,0.0000013507
4144,0.0000142352,0.2000000000,0.0000028470
3423,0.0000013012,0.2000000000,0.0000002602
3968,0.0000156338,0.2000000000,0.0000031268
2086,0.0000129011,0.2000000000,0.0000025802
2700,0.0000063650,0.2000000000,0.0000012730
2738,0.0000242027,0.2000000000,0.0000048405
2368,0.0000255706,0.2000000000,0.0000051141
1781,0.0000066670,0.2000000000,0.0000013334
1864,0.0000476395,0.2000000000,0.0000095279
2274,0.0000374366,0.2000000000,0.0000074873
2180,0.0000394167,0.2000000000,0.0000078833
2535,0.0000239982,0.2000000000,0.0000047996
3005,0.0000068073,0.2000000000,0.0000013615
3151,0.0000051378,0.2000000000,0.0000010276
3138,0.0000058790,0.2000000000,0.0000011758
2210,0.0000058230,0.3600000000,0.0000020963
580,0.0000035044,0.2000000000,0.0000007009
3062,0.0000132241,0.2000000000,0.0000026448
1582,0.0000073665,0.2000000000,0.0000014733
1957,0.0000348389,0.2000000000,0.0000069678
2710,0.0000063564,0.2000000000,0.0000012713
2659,0.0000115782,0.2000000000,0.0000023156
2973,0.0000083869,0.2000000000,0.0000016774
4770,0.0000159556,0.2000000000,0.0000031911
2812,0.0000071200,0.2000000000,0.0000014240
1968,0.0000080484,0.2000000000,0.0000016097
2151,0.0000228380,0.2000000000,0.0000045676
3282,0.0000110765,0.2000000000,0.0000022153
1969,0.0000211264,0.2000000000,0.0000042253
1430,0.0000030418,0.3600000000,0.0000010951
3749,0.0000266313,0.2000000000,0.0000053263
4317,0.0000126251,0.3600000000,0.0000045450
4178,0.0000310825,0.2000000000,0.0000062165
4019,0.0000125435,0.2000000000,0.0000025087
3433,0.0000079319,0.2000000000,0.0000015864
2521,0.0000072902,0.2000000000,0.0000014580
2893,0.0000057105,0.2000000000,0.0000011421
3860,0.0000047169,0.2000000000,0.0000009434
2033,0.0000087139,0.2000000000,0.0000017428
2810,0.0000326780,0.2000000000,0.0000065356
3191,0.0000067496,0.2000000000,0.0000013499
3315,0.0000017959,0.2000000000,0.0000003592
3833,0.0000191568,0.3600000000,0.0000068964
2876,0.0000379521,0.2000000000,0.0000075904
4363,0.0000042478,0.3600000000,0.0000015292
4418,0.0000096665,0.3600000000,0.0000034799
2475,0.0000046587,0.2000000000,0.0000009317
3233,0.0000115519,0.2000000000,0.0000023104
2092,0.0000159068,0.2000000000,0.0000031814
3184,0.0000053672,0.2000000000,0.0000010734
3298,0.0000117141,0.2000000000,0.0000023428
2828,0.0000228505,0.2000000000,0.0000045701
4027,0.0000025617,0.3600000000,0.0000009222
2960,0.0000098746,0.2000000000,0.0000019749
2762,0.0000085547,0.2000000000,0.0000017109
4162,0.0000147945,0.2000000000,0.0000029589
3107,0.0000013054,0.1600000000,0.0000002089
4195,0.0000078327,0.2000000000,0.0000015665
2117,0.0000035214,0.2000000000,0.0000007043
3206,0.0000080721,0.2000000000,0.0000016144
4085,0.0000320723,0.2000000000,0.0000064145
4519,0.0000130894,0.2000000000,0.0000026179
4022,0.0000116964,0.2000000000,0.0000023393
2026,0.0000174453,0.2000000000,0.0000034891
4491,0.0000117128,0.2000000000,0.0000023426
1573,0.0000096087,0.2000000000,0.0000019217
3774,0.0000136080,0.2000000000,0.0000027216
3897,0.0000054814,0.2000000000,0.0000010963
3915,0.0000087524,0.2000000000,0.0000017505
3216,0.0000090735,0.2000000000,0.0000018147
3909,0.0000260302,0.2000000000,0.0000052060
2805,0.0000594119,0.2000000000,0.0000118824
3613,0.0000065244,0.2000000000,0.0000013049
1900,0.0000074365,0.2000000000,0.0000014873
1404,0.0000020896,0.2000000000,0.0000004179
3937,0.0000061282,0.2000000000,0.0000012256
2545,0.0000188690,0.2000000000,0.0000037738
1272,0.0000042749,0.2000000000,0.0000008550
2502,0.0000425048,0.2000000000,0.0000085010
1428,0.0000130556,0.2000000000,0.0000026111
1942,0.0000157194,0.2000000000,0.0000031439
2790,0.0000092772,0.2000000000,0.0000018554
2186,0.0000261659,0.2000000000,0.0000052332
951,0.0000137154,0.2000000000,0.0000027431
4204,0.0000189083,0.1600000000,0.0000030253
4621,0.0000092959,0.2000000000,0.0000018592
4630,0.0000066747,0.2000000000,0.0000013349
2578,0.0000153883,0.2000000000,0.0000030777
4056,0.0000057624,0.2000000000,0.0000011525
3044,0.0000231904,0.2000000000,0.0000046381
2235,0.0000180786,0.3600000000,0.0000065083
1572,0.0000173734,0.2000000000,0.0000034747
3744,0.0000055555,0.2000000000,0.0000011111
3007,0.0000104700,0.2000000000,0.0000020940
3642,0.0000227804,0.2000000000,0.0000045561
3784,0.0000099167,0.2000000000,0.0000019833
3913,0.0000093088,0.2000000000,0.0000018618
3891,0.0000114098,0.2000000000,0.0000022820
3438,0.0000338890,0.2000000000,0.0000067778
4129,0.0000171381,0.2000000000,0.0000034276
2087,0.0000081192,0.2000000000,0.0000016238
3146,0.0000092372,0.2000000000,0.0000018474
3718,0.0000034933,0.2000000000,0.0000006987
466,0.0000134993,0.2000000000,0.0000026999
1789,0.0000108373,0.1600000000,0.0000017340
4034,0.0000316372,0.2000000000,0.0000063274
4097,0.0000022865,0.2000000000,0.0000004573
3989,0.0000198507,0.2000000000,0.0000039701
3632,0.0000017504,0.1600000000,0.0000002801
3713,0.0000080790,0.2000000000,0.0000016158
2276,0.0000439691,0.2000000000,0.0000087938
4857,0.0000149757,0.2000000000,0.0000029951
2935,0.0000107396,0.2000000000,0.0000021479
2525,0.0000096005,0.3600000000,0.0000034562
3019,0.0000159515,0.2000000000,0.0000031903
2604,0.0000145625,0.2000000000,0.0000029125
3082,0.0000206677,0.2000000000,0.0000041335
2585,0.0000016161,0.2000000000,0.0000003232
3449,0.0000057019,0.2000000000,0.0000011404
3953,0.0000239293,0.2000000000,0.0000047859
3400,0.0000076803,0.2000000000,0.0000015361
3291,0.0000257352,0.2000000000,0.0000051470
1486,0.0000093683,0.3600000000,0.0000033726
1903,0.0000258665,0.2000000000,0.0000051733
3366,0.0000064427,0.2000000000,0.0000012885
584,0.0000013387,0.2000000000,0.0000002677
2947,0.0000022965,0.2000000000,0.0000004593
2028,0.0000043011,0.2000000000,0.0000008602
3712,0.0000097455,0.3600000000,0.0000035084
1627,0.0000070451,0.2000000000,0.0000014090
3312,0.0000081670,0.2000000000,0.0000016334
3207,0.0000078842,0.2000000000,0.0000015768
1073,0.0000108356,0.2000000000,0.0000021671
3168,0.0000142086,0.2000000000,0.0000028417
1733,0.0000044622,0.2000000000,0.0000008924
3264,0.0000293844,0.2000000000,0.0000058769
4269,0.0000185838,0.2000000000,0.0000037168
3579,0.0000108392,0.2000000000,0.0000021678
2722,0.0000118278,0.2000000000,0.0000023656
2648,0.0000122701,0.2000000000,0.0000024540
3175,0.0000105088,0.2000000000,0.0000021018
3331,0.0000070052,0.2000000000,0.0000014010
2717,0.0000168631,0.3600000000,0.0000060707
2049,0.0000099470,0.2000000000,0.0000019894
1676,0.0000111970,0.2000000000,0.0000022394
2354,0.0000238247,0.2000000000,0.0000047649
497,0.0000062165,0.2000000000,0.0000012433
2257,0.0000182708,0.2000000000,0.0000036542
2269,0.0000054784,0.2000000000,0.0000010957
2629,0.0000144036,0.2000000000,0.0000028807
1978,0.0000317961,0.3600000000,0.0000114466
2403,0.0000064663,0.2000000000,0.0000012933
2385,0.0000075400,0.2000000000,0.0000015080
3060,0.0000166945,0.2000000000,0.0000033389
1943,0.0000139366,0.2000000000,0.0000027873
2463,0.0000104385,0.2000000000,0.0000020877
1953,0.0000276804,0.2000000000,0.0000055361
2155,0.0000157438,0.2000000000,0.0000031488
2793,0.0000022542,0.2000000000,0.0000004508
3164,0.0000371870,0.2000000000,0.0000074374
3286,0.0000011135,0.2000000000,0.0000002227
3550,0.0000026938,0.2000000000,0.0000005388
3074,0.0000164681,0.2000000000,0.0000032936
2607,0.0000157508,0.2000000000,0.0000031502
3502,0.0000029848,0.3600000000,0.0000010745
3523,0.0000049347,0.2000000000,0.0000009869
1564,0.0000044692,0.2000000000,0.0000008938
3033,0.0000059468,0.2000000000,0.0000011894
4152,0.0000141937,0.3600000000,0.0000051097
4653,0.0000101010,0.2000000000,0.0000020202
2329,0.0000152579,0.2000000000,0.0000030516
2388,0.0000140041,0.3600000000,0.0000050415
3529,0.0000303539,0.2000000000,0.0000060708
4118,0.0000036574,0.2000000000,0.0000007315
1774,0.0000080392,0.2000000000,0.0000016078
2381,0.0000635040,0.2000000000,0.0000127008
633,0.0000054967,0.2000000000,0.0000010993
1642,0.0000090420,0.2000000000,0.0000018084
2062,0.0000405017,0.2000000000,0.0000081003
2943,0.0000022553,0.2000000000,0.0000004511
3296,0.0000274428,0.2000000000,0.0000054886
3730,0.0000064019,0.2000000000,0.0000012804
2546,0.0000399600,0.2000000000,0.0000079920
2823,0.0000180889,0.2000000000,0.0000036178
3102,0.0000172575,0.2000000000,0.0000034515
2872,0.0000025815,0.1600000000,0.0000004130
3929,0.0000034540,0.2000000000,0.0000006908
2888,0.0000118419,0.2000000000,0.0000023684
2919,0.0000319922,0.2000000000,0.0000063984
2000,0.0000135863,0.2000000000,0.0000027173
1501,0.0000219703,0.3600000000,0.0000079093
2326,0.0000154489,0.2000000000,0.0000030898
2941,0.0000053623,0.3200000000,0.0000017159
2877,0.0000477206,0.2000000000,0.0000095441
3743,0.0000181910,0.2000000000,0.0000036382
2024,0.0000098873,0.2000000000,0.0000019775
3348,0.0000124200,0.2000000000,0.0000024840
2966,0.0000259757,0.2000000000,0.0000051951
3491,0.0000059033,0.2000000000,0.0000011807
3790,0.0000077776,0.2000000000,0.0000015555
2402,0.0000036814,0.2000000000,0.0000007363
2272,0.0000176406,0.2000000000,0.0000035281
2447,0.0000078022,0.3600000000,0.0000028088
2339,0.0000309397,0.2000000000,0.0000061879
3092,0.0000338114,0.2000000000,0.0000067623
3532,0.0000157094,0.2000000000,0.0000031419
2940,0.0000513287,0.2000000000,0.0000102657
1879,0.0000201138,0.2000000000,0.0000040228
1836,0.0000102788,0.2000000000,0.0000020558
3195,0.0000153926,0.2000000000,0.0000030785
3360,0.0000358116,0.2000000000,0.0000071623
767,0.0000109927,0.3600000000,0.0000039574
2434,0.0000208179,0.2000000000,0.0000041636
1593,0.0000187212,0.2000000000,0.0000037442
677,0.0000094987,0.2000000000,0.0000018997
2377,0.0000109958,0.1600000000,0.0000017593
3113,0.0000338148,0.2000000000,0.0000067630
2200,0.0000138515,0.1600000000,0.0000022162
2817,0.0000046860,0.2000000000,0.0000009372
2836,0.0000101736,0.2000000000,0.0000020347
1364,0.0000320936,0.2000000000,0.0000064187
359,0.0000009716,0.2000000000,0.0000001943
2590,0.0000047633,0.2000000000,0.0000009527
2138,0.0000061451,0.3600000000,0.0000022122
3853,0.0000363933,0.2000000000,0.0000072787
3402,0.0000073569,0.2000000000,0.0000014714
3475,0.0000229067,0.2000000000,0.0000045813
3760,0.0000547804,0.2000000000,0.0000109561
1815,0.0000208607,0.3600000000,0.0000075098
2801,0.0000143205,0.2000000000,0.0000028641
1537,0.0000237320,0.2000000000,0.0000047464
1177,0.0000177571,0.2000000000,0.0000035514
1488,0.0000036424,0.1600000000,0.0000005828
3039,0.0000044927,0.2000000000,0.0000008985
3159,0.0000156255,0.2000000000,0.0000031251
3415,0.0000053980,0.2000000000,0.0000010796
2163,0.0000087371,0.2000000000,0.0000017474
2785,0.0000212593,0.2000000000,0.0000042519
3882,0.0000084604,0.2000000000,0.0000016921
2985,0.0000135317,0.2000000000,0.0000027063
4307,0.0000119463,0.2000000000,0.0000023893
2425,0.0000089374,0.2000000000,0.0000017875
4082,0.0000450736,0.2000000000,0.0000090147
2908,0.0000324782,0.2000000000,0.0000064956
3498,0.0000512516,0.2000000000,0.0000102503
2167,0.0000099724,0.2000000000,0.0000019945
1875,0.0000589529,0.2000000000,0.0000117906
1490,0.0000273578,0.1600000000,0.0000043772
1633,0.0000120167,0.2000000000,0.0000024033
4767,0.0000093157,0.2000000000,0.0000018631
3088,0.0000097995,0.2000000000,0.0000019599
2173,0.0000042582,0.2000000000,0.0000008516
3187,0.0000339946,0.2000000000,0.0000067989
4237,0.0000098002,0.2000000000,0.0000019600
3731,0.0000024840,0.2000000000,0.0000004968
3750,0.0000110136,0.2000000000,0.0000022027
3803,0.0000319843,0.2000000000,0.0000063969
3046,0.0000046341,0.2000000000,0.0000009268
4051,0.0000157238,0.2000000000,0.0000031448
4139,0.0000133419,0.3600000000,0.0000048031
2874,0.0000214327,0.2000000000,0.0000042865
3378,0.0000091111,0.2000000000,0.0000018222
2628,0.0000891910,0.2000000000,0.0000178382
2968,0.0000281948,0.2000000000,0.0000056390
717,0.0000142554,0.2000000000,0.0000028511
2291,0.0000163750,0.2000000000,0.0000032750
2387,0.0000152603,0.2000000000,0.0000030521
2581,0.0000082236,0.2000000000,0.0000016447
1803,0.0000224454,0.2000000000,0.0000044891
1703,0.0000017136,0.2000000000,0.0000003427
3877,0.0000045437,0.2000000000,0.0000009087
2084,0.0000333688,0.1600000000,0.0000053390
2362,0.0000198686,0.2000000000,0.0000039737
2390,0.0000037130,0.2000000000,0.0000007426
1461,0.0000087026,0.2000000000,0.0000017405
2126,0.0000221554,0.3600000000,0.0000079760
810,0.0000112086,0.1600000000,0.0000017934
2217,0.0000499482,0.2000000000,0.0000099896
4234,0.0000241734,0.2000000000,0.0000048347
3791,0.0000047274,0.2000000000,0.0000009455
2775,0.0000162614,0.2000000000,0.0000032523
3805,0.0000535973,0.2000000000,0.0000107195
2017,0.0000119189,0.2000000000,0.0000023838
4430,0.0000246526,0.2000000000,0.0000049305
2495,0.0000201821,0.2000000000,0.0000040364
3588,0.0000250655,0.2000000000,0.0000050131
3147,0.0000031261,0.2000000000,0.0000006252
2118,0.0000068532,0.2000000000,0.0000013706
1735,0.0000087720,0.2000000000,0.0000017544
1819,0.0000304783,0.2000000000,0.0000060957
3190,0.0000442121,0.2000000000,0.0000088424
980,0.0000043481,0.2000000000,0.0000008696
1926,0.0000110471,0.2000000000,0.0000022094
1770,0.0000303218,0.2000000000,0.0000060644
1463,0.0000371986,0.2000000000,0.0000074397
2646,0.0000054060,0.3600000000,0.0000019461
3323,0.0000047935,0.2000000000,0.0000009587
3177,0.0000095002,0.2000000000,0.0000019000
3193,0.0000046553,0.2000000000,0.0000009311
3761,0.0000273995,0.2000000000,0.0000054799
962,0.0000088250,0.2000000000,0.0000017650
3182,0.0000070678,0.2000000000,0.0000014136
1994,0.0000037028,0.1600000000,0.0000005924
3118,0.0000405710,0.2000000000,0.0000081142
2559,0.0000061816,0.2000000000,0.0000012363
2233,0.0000134612,0.2000000000,0.0000026922
3163,0.0000058808,0.2000000000,0.0000011762
2726,0.0000289039,0.2000000000,0.0000057808
3487,0.0000158593,0.2000000000,0.0000031719
4582,0.0000043760,0.2000000000,0.0000008752
2736,0.0000112309,0.2000000000,0.0000022462
2458,0.0000137787,0.2000000000,0.0000027557
3430,0.0000045850,0.2000000000,0.0000009170
4401,0.0000110729,0.2000000000,0.0000022146
1729,0.0000029479,0.2000000000,0.0000005896
2152,0.0000408271,0.2000000000,0.0000081654
4347,0.0000041392,0.1600000000,0.0000006623
2383,0.0000174044,0.2000000000,0.0000034809
2417,0.0000057623,0.2000000000,0.0000011525
2735,0.0000041839,0.2000000000,0.0000008368
3524,0.0000049240,0.2000000000,0.0000009848
4236,0.0000079325,0.2000000000,0.0000015865
1434,0.0000064810,0.2000000000,0.0000012962
3037,0.0000205525,0.2000000000,0.0000041105
1999,0.0000041670,0.2000000000,0.0000008334
516,0.0000042896,0.2000000000,0.0000008579
2282,0.0000057154,0.2000000000,0.0000011431
3531,0.0000050942,0.2000000000,0.0000010188
4495,0.0000147647,0.2000000000,0.0000029529
1439,0.0000074262,0.2000000000,0.0000014852
4647,0.0000179885,0.2000000000,0.0000035977
3359,0.0000125365,0.2000000000,0.0000025073
4421,0.0000112005,0.2000000000,0.0000022401
2340,0.0000284797,0.2000000000,0.0000056959
2691,0.0000044836,0.2000000000,0.0000008967
2784,0.0000084932,0.2000000000,0.0000016986
2027,0.0000065033,0.2000000000,0.0000013007
3290,0.0000045299,0.2000000000,0.0000009060
2364,0.0000125684,0.2000000000,0.0000025137
2341,0.0000239550,0.2000000000,0.0000047910
2925,0.0000047387,0.2000000000,0.0000009477
1640,0.0000193030,0.2000000000,0.0000038606
2158,0.0000100588,0.2000000000,0.0000020118
2053,0.0000052433,0.2000000000,0.0000010487
2331,0.0000155136,0.1600000000,0.0000024822
3584,0.0000137490,0.2000000000,0.0000027498
2393,0.0000386473,0.2000000000,0.0000077295
2513,0.0000059639,0.2000000000,0.0000011928
4244,0.0000097591,0.1600000000,0.0000015615
3789,0.0000273099,0.2000000000,0.0000054620
3399,0.0000160246,0.2000000000,0.0000032049
2844,0.0000184270,0.2000000000,0.0000036854
2292,0.0000070889,0.2000000000,0.0000014178
1464,0.0000022291,0.3600000000,0.0000008025
3273,0.0000269587,0.2000000000,0.0000053917
3328,0.0000054518,0.2000000000,0.0000010904
3549,0.0000131711,0.2000000000,0.0000026342
3715,0.0000086971,0.2000000000,0.0000017394
2657,0.0000379349,0.2000000000,0.0000075870
2248,0.0000049256,0.3600000000,0.0000017732
1074,0.0000016194,0.2000000000,0.0000003239
1483,0.0000158864,0.2000000000,0.0000031773
4309,0.0000414226,0.2000000000,0.0000082845
1816,0.0000054010,0.2000000000,0.0000010802
2030,0.0000226433,0.2000000000,0.0000045287
3020,0.0000129358,0.2000000000,0.0000025872
3522,0.0000154815,0.2000000000,0.0000030963
2534,0.0000084322,0.2000000000,0.0000016864
3078,0.0000098595,0.2000000000,0.0000019719
3518,0.0000028458,0.2000000000,0.0000005692
3625,0.0000361384,0.2000000000,0.0000072277
3868,0.0000066529,0.2000000000,0.0000013306
1793,0.0000137964,0.2000000000,0.0000027593
2181,0.0000876732,0.2000000000,0.0000175346
697,0.0000326663,0.2000000000,0.0000065333
3605,0.0000198212,0.2000000000,0.0000039642
4609,0.0000138252,0.2000000000,0.0000027650
2289,0.0000195943,0.2000000000,0.0000039189
1778,0.0000036235,0.3600000000,0.0000013045
4041,0.0000145762,0.2000000000,0.0000029152
3677,0.0000121307,0.2000000000,0.0000024261
2765,0.0000434668,0.2000000000,0.0000086934
2961,0.0000333319,0.2000000000,0.0000066664
2779,0.0000350611,0.2000000000,0.0000070122
2461,0.0000234584,0.2000000000,0.0000046917
4209,0.0000058387,0.2000000000,0.0000011677
1809,0.0000119760,0.2000000000,0.0000023952
3386,0.0000079530,0.2000000000,0.0000015906
3001,0.0000082647,0.2000000000,0.0000016529
3317,0.0000171008,0.3600000000,0.0000061563
2734,0.0000159039,0.2000000000,0.0000031808
1725,0.0000254541,0.2000000000,0.0000050908
2020,0.0000717192,0.1600000000,0.0000114751
3292,0.0000064489,0.2000000000,0.0000012898
2684,0.0000037353,0.2000000000,0.0000007471
3210,0.0000309410,0.2000000000,0.0000061882
1871,0.0000132802,0.2000000000,0.0000026560
2489,0.0000033042,0.2000000000,0.0000006608
2586,0.0000554417,0.2000000000,0.0000110883
3802,0.0000141921,0.2000000000,0.0000028384
3553,0.0000196698,0.2000000000,0.0000039340
3635,0.0000084373,0.2000000000,0.0000016875
3054,0.0000075852,0.2000000000,0.0000015170
2555,0.0000056971,0.3600000000,0.0000020509
2842,0.0000090278,0.2000000000,0.0000018056
3334,0.0000100450,0.2000000000,0.0000020090
2201,0.0000216959,0.2000000000,0.0000043392
3055,0.0000083423,0.2000000000,0.0000016685
2523,0.0000020307,0.1600000000,0.0000003249
3178,0.0000036302,0.2000000000,0.0000007260
2608,0.0000070120,0.2000000000,0.0000014024
3739,0.0000203817,0.2000000000,0.0000040763
1264,0.0000049301,0.2000000000,0.0000009860
3201,0.0000125652,0.2000000000,0.0000025130
827,0.0000150494,0.2000000000,0.0000030099
2426,0.0000163218,0.3600000000,0.0000058759
2924,0.0000215132,0.3600000000,0.0000077447
2433,0.0000794404,0.2000000000,0.0000158881
2652,0.0000052906,0.2000000000,0.0000010581
1236,0.0000155218,0.2000000000,0.0000031044
2878,0.0000034089,0.2000000000,0.0000006818
2955,0.0000077392,0.2000000000,0.0000015478
4717,0.0000112000,0.2000000000,0.0000022400
2708,0.0000233981,0.2000000000,0.0000046796
3754,0.0000143320,0.2000000000,0.0000028664
4513,0.0000101572,0.2000000000,0.0000020314
3821,0.0000131193,0.2000000000,0.0000026239
2497,0.0000309470,0.2000000000,0.0000061894
2215,0.0000246573,0.2000000000,0.0000049315
2692,0.0000195904,0.2000000000,0.0000039181
3115,0.0000065629,0.2000000000,0.0000013126
4729,0.0000091720,0.2000000000,0.0000018344
2242,0.0000032353,0.2000000000,0.0000006471
3558,0.0000091040,0.2000000000,0.0000018208
1644,0.0000119834,0.2000000000,0.0000023967
1415,0.0000098335,0.2000000000,0.0000019667
2963,0.0000230680,0.2000000000,0.0000046136
3302,0.0000077083,0.1600000000,0.0000012333
3471,0.0000324369,0.2000000000,0.0000064874
3813,0.0000075791,0.2000000000,0.0000015158
2767,0.0000154775,0.2000000000,0.0000030955
1321,0.0000048064,0.2000000000,0.0000009613
1432,0.0000372258,0.2000000000,0.0000074452
1984,0.0000091126,0.2000000000,0.0000018225
2956,0.0000093552,0.2000000000,0.0000018710
1768,0.0000098287,0.2000000000,0.0000019657
2437,0.0000145610,0.2000000000,0.0000029122
1554,0.0000292733,0.2000000000,0.0000058547
2243,0.0000054821,0.2000000000,0.0000010964
1929,0.0000260295,0.2000000000,0.0000052059
2949,0.0000178727,0.2000000000,0.0000035745
3775,0.0000113991,0.2000000000,0.0000022798
1158,0.0000138446,0.1600000000,0.0000022151
2134,0.0000202948,0.2000000000,0.0000040590
1578,0.0000765980,0.2000000000,0.0000153196
1646,0.0000180696,0.2000000000,0.0000036139
525,0.0000060012,0.2000000000,0.0000012002
2386,0.0000047683,0.2000000000,0.0000009537
519,0.0000094351,0.1600000000,0.0000015096
2857,0.0000100776,0.2000000000,0.0000020155
2952,0.0000247915,0.2000000000,0.0000049583
740,0.0000071551,0.1600000000,0.0000011448
2667,0.0000456640,0.2000000000,0.0000091328
1866,0.0000164357,0.2000000000,0.0000032871
2067,0.0000130493,0.2000000000,0.0000026099
3414,0.0000129162,0.2000000000,0.0000025832
1887,0.0000068799,0.2000000000,0.0000013760
2149,0.0000199116,0.2000000000,0.0000039823
2568,0.0000254735,0.2000000000,0.0000050947
2912,0.0000051322,0.2000000000,0.0000010264
1570,0.0000227180,0.2000000000,0.0000045436
2651,0.0000079100,0.2000000000,0.0000015820
3010,0.0000287298,0.2000000000,0.0000057460
1568,0.0000264487,0.2000000000,0.0000052897
3316,0.0000224670,0.2000000000,0.0000044934
3424,0.0000448720,0.2000000000,0.0000089744
3652,0.0000498131,0.2000000000,0.0000099626
2569,0.0000136808,0.3200000000,0.0000043779
1882,0.0000080453,0.2000000000,0.0000016091
1995,0.0000557060,0.2000000000,0.0000111412
1885,0.0000088502,0.2000000000,0.0000017700
2161,0.0000368532,0.2000000000,0.0000073706
3269,0.0000108390,0.2000000000,0.0000021678
1794,0.0000856437,0.2000000000,0.0000171287
1990,0.0000247581,0.2000000000,0.0000049516
1723,0.0000144382,0.2000000000,0.0000028876
2179,0.0000025101,0.2000000000,0.0000005020
3319,0.0000161070,0.2000000000,0.0000032214
1164,0.0000074056,0.2000000000,0.0000014811
2332,0.0000583374,0.2000000000,0.0000116675
3166,0.0000144173,0.2000000000,0.0000028835
3429,0.0000486675,0.2000000000,0.0000097335
1850,0.0000126576,0.2000000000,0.0000025315
1607,0.0000511461,0.2000000000,0.0000102292
1267,0.0000023938,0.2000000000,0.0000004788
2047,0.0000079840,0.2000000000,0.0000015968
3503,0.0000071259,0.1600000000,0.0000011401
2687,0.0000103881,0.2000000000,0.0000020776
3076,0.0000110383,0.2000000000,0.0000022077
3626,0.0000062254,0.2000000000,0.0000012451
1581,0.0000191958,0.2000000000,0.0000038392
2037,0.0000133563,0.2000000000,0.0000026713
3660,0.0000309737,0.2000000000,0.0000061947
3542,0.0000068617,0.2000000000,0.0000013723
3628,0.0000392685,0.2000000000,0.0000078537
3736,0.0000158693,0.2000000000,0.0000031739
1783,0.0000133742,0.2000000000,0.0000026748
2727,0.0000034411,0.2000000000,0.0000006882
3111,0.0000252863,0.2000000000,0.0000050573
3335,0.0000040319,0.2000000000,0.0000008064
1129,0.0000028201,0.2000000000,0.0000005640
3052,0.0000568115,0.1600000000,0.0000090898
605,0.0000153393,0.2000000000,0.0000030679
2255,0.0001250495,0.3600000000,0.0000450178
2645,0.0000926549,0.2000000000,0.0000185310
2008,0.0000944193,0.2000000000,0.0000188839
3926,0.0000059784,0.2000000000,0.0000011957
2761,0.0000177578,0.2000000000,0.0000035516
3000,0.0000205747,0.2000000000,0.0000041149
685,0.0000108843,0.2000000000,0.0000021769
1616,0.0000171244,0.2000000000,0.0000034249
1812,0.0000051093,0.2000000000,0.0000010219
3703,0.0000523282,0.2000000000,0.0000104656
2524,0.0000047089,0.1600000000,0.0000007534
2174,0.0000158968,0.2000000000,0.0000031794
2446,0.0000082855,0.2000000000,0.0000016571
3476,0.0000039961,0.2000000000,0.0000007992
1702,0.0000442331,0.2000000000,0.0000088466
600,0.0000253441,0.3600000000,0.0000091239
4151,0.0000325658,0.2000000000,0.0000065132
3042,0.0000051851,0.2000000000,0.0000010370
1690,0.0000133778,0.2000000000,0.0000026756
1955,0.0000142669,0.2000000000,0.0000028534
3061,0.0000329464,0.2000000000,0.0000065893
4411,0.0000085767,0.2000000000,0.0000017153
2596,0.0000651759,0.2000000000,0.0000130352
1286,0.0000213569,0.2000000000,0.0000042714
2312,0.0000415738,0.2000000000,0.0000083148
1386,0.0000520343,0.2000000000,0.0000104069
2689,0.0000211446,0.2000000000,0.0000042289
2777,0.0000392343,0.2000000000,0.0000078469
2658,0.0000425295,0.2000000000,0.0000085059
2197,0.0000588325,0.2000000000,0.0000117665
2245,0.0000965275,0.2000000000,0.0000193055
2302,0.0000840500,0.2000000000,0.0000168100
1806,0.0000402530,0.2000000000,0.0000080506
1351,0.0001082195,0.2000000000,0.0000216439
3089,0.0000150022,0.2000000000,0.0000030004
905,0.0000025045,0.2000000000,0.0000005009
2125,0.0000072470,0.2000000000,0.0000014494
1031,0.0000273011,0.2000000000,0.0000054602
2553,0.0000095872,0.2000000000,0.0000019174
2260,0.0000090652,0.2000000000,0.0000018130
3181,0.0000162392,0.2000000000,0.0000032478
1529,0.0000045099,0.1600000000,0.0000007216
4154,0.0000106047,0.3600000000,0.0000038177
3103,0.0000281778,0.2000000000,0.0000056356
2348,0.0000312317,0.2000000000,0.0000062463
3126,0.0000274866,0.1600000000,0.0000043978
3036,0.0000302741,0.2000000000,0.0000060548
2169,0.0000465918,0.2000000000,0.0000093184
2212,0.0000066566,0.3600000000,0.0000023964
2996,0.0000054402,0.2000000000,0.0000010880
1808,0.0000203788,0.2000000000,0.0000040758
3030,0.0000805364,0.2000000000,0.0000161073
3396,0.0000059958,0.2000000000,0.0000011992
1694,0.0000503960,0.2000000000,0.0000100792
2471,0.0000404752,0.2000000000,0.0000080950
1551,0.0000056258,0.2000000000,0.0000011252
2192,0.0000067769,0.2000000000,0.0000013554
4930,0.0000055184,0.3600000000,0.0000019866
2503,0.0000658055,0.2000000000,0.0000131611
2772,0.0000389511,0.2000000000,0.0000077902
1575,0.0000323557,0.2000000000,0.0000064711
2214,0.0000082259,0.2000000000,0.0000016452
3212,0.0000051039,0.2000000000,0.0000010208
1244,0.0000186326,0.2000000000,0.0000037265
2668,0.0000114881,0.2000000000,0.0000022976
1469,0.0000740466,0.2000000000,0.0000148093
860,0.0000089468,0.2000000000,0.0000017894
3493,0.0000282539,0.2000000000,0.0000056508
3520,0.0000037529,0.2000000000,0.0000007506
2600,0.0000143656,0.2000000000,0.0000028731
1595,0.0000100753,0.3600000000,0.0000036271
2798,0.0000020879,0.2000000000,0.0000004176
3543,0.0000244966,0.2000000000,0.0000048993
3781,0.0000087074,0.2000000000,0.0000017415
3899,0.0000013289,0.3600000000,0.0000004784
2164,0.0000428312,0.2000000000,0.0000085662
3421,0.0000133156,0.2000000000,0.0000026631
1369,0.0000472496,0.2000000000,0.0000094499
2238,0.0000089826,0.2000000000,0.0000017965
1858,0.0000127371,0.2000000000,0.0000025474
2093,0.0000160910,0.2000000000,0.0000032182
2211,0.0000180810,0.2000000000,0.0000036162
1888,0.0000097776,0.2000000000,0.0000019555
1541,0.0000068297,0.2000000000,0.0000013659
1560,0.0000108218,0.2000000000,0.0000021644
2566,0.0000237653,0.2000000000,0.0000047531
2896,0.0000387215,0.2000000000,0.0000077443
2431,0.0000343543,0.2000000000,0.0000068709
2749,0.0000056972,0.2000000000,0.0000011394
2334,0.0000070209,0.2000000000,0.0000014042
2270,0.0000126737,0.1600000000,0.0000020278
3347,0.0000468985,0.2000000000,0.0000093797
3248,0.0000042167,0.2000000000,0.0000008433
3959,0.0000137875,0.2000000000,0.0000027575
2544,0.0000272593,0.2000000000,0.0000054519
1895,0.0000254592,0.2000000000,0.0000050918
1755,0.0000557958,0.2000000000,0.0000111592
1915,0.0000096256,0.2000000000,0.0000019251
2638,0.0000196210,0.2000000000,0.0000039242
4091,0.0000071435,0.2000000000,0.0000014287
1347,0.0000181502,0.2000000000,0.0000036300
2166,0.0000226433,0.2000000000,0.0000045287
2421,0.0000215864,0.2000000000,0.0000043173
1317,0.0000129002,0.2000000000,0.0000025800
783,0.0000118984,0.2000000000,0.0000023797
3198,0.0000089308,0.3600000000,0.0000032151
2686,0.0000325507,0.2000000000,0.0000065101
2750,0.0000223695,0.2000000000,0.0000044739
448,0.0000431240,0.2000000000,0.0000086248
871,0.0000430519,0.2000000000,0.0000086104
743,0.0000907070,0.2000000000,0.0000181414
1860,0.0000127056,0.3600000000,0.0000045740
2065,0.0000569955,0.2000000000,0.0000113991
1380,0.0001180363,0.2000000000,0.0000236073
1949,0.0000226750,0.3600000000,0.0000081630
1105,0.0000337487,0.2000000000,0.0000067497
1008,0.0000227852,0.2000000000,0.0000045570
857,0.0000554878,0.2000000000,0.0000110976
711,0.0000723432,0.3600000000,0.0000260435
940,0.0000657195,0.1600000000,0.0000105151
679,0.0000377546,0.2000000000,0.0000075509
1923,0.0001162328,0.2000000000,0.0000232466
4280,0.0000083911,0.2000000000,0.0000016782
930,0.0000896355,0.2000000000,0.0000179271
3287,0.0000578166,0.2000000000,0.0000115633
850,0.0000198202,0.2000000000,0.0000039640
1109,0.0000593279,0.2000000000,0.0000118656
2073,0.0000433839,0.2000000000,0.0000086768
714,0.0000057505,0.2000000000,0.0000011501
1041,0.0000197029,0.2000000000,0.0000039406
894,0.0000614787,0.2000000000,0.0000122957
1088,0.0001308793,0.2000000000,0.0000261759
747,0.0001188057,0.2000000000,0.0000237611
3104,0.0000201743,0.2000000000,0.0000040349
976,0.0000819758,0.2000000000,0.0000163952
806,0.0000521908,0.1600000000,0.0000083505
845,0.0000492701,0.2000000000,0.0000098540
1790,0.0001470698,0.2000000000,0.0000294140
898,0.0000124001,0.3600000000,0.0000044641
2007,0.0000258562,0.2000000000,0.0000051712
2776,0.0000497687,0.2000000000,0.0000099537
419,0.0000812390,0.2000000000,0.0000162478
1021,0.0000407141,0.2000000000,0.0000081428
2110,0.0001637574,0.2000000000,0.0000327515
560,0.0000253087,0.3600000000,0.0000091111
755,0.0000795953,0.2000000000,0.0000159191
3112,0.0000338496,0.2000000000,0.0000067699
1791,0.0000234809,0.3600000000,0.0000084531
682,0.0000330533,0.3600000000,0.0000118992
772,0.0000791970,0.2000000000,0.0000158394
3129,0.0000756243,0.2000000000,0.0000151249
1545,0.0000602072,0.3600000000,0.0000216746
967,0.0001165520,0.2000000000,0.0000233104
3324,0.0000296971,0.2000000000,0.0000059394
1099,0.0000289121,0.2000000000,0.0000057824
504,0.0000341503,0.3200000000,0.0000109281
514,0.0000658532,0.2000000000,0.0000131706
2871,0.0000322846,0.2000000000,0.0000064569
674,0.0002696834,0.2000000000,0.0000539367
2207,0.0000296256,0.2000000000,0.0000059251
861,0.0001173407,0.2000000000,0.0000234681
687,0.0000340727,0.2000000000,0.0000068145
1048,0.0001102348,0.2000000000,0.0000220470
618,0.0000213472,0.2000000000,0.0000042694
2975,0.0000088423,0.2000000000,0.0000017685
943,0.0000740811,0.2000000000,0.0000148162
1792,0.0000394360,0.2000000000,0.0000078872
1052,0.0000397600,0.2000000000,0.0000079520
1743,0.0000313639,0.2000000000,0.0000062728
634,0.0000273416,0.2000000000,0.0000054683
635,0.0000091736,0.2000000000,0.0000018347
2992,0.0000270143,0.2000000000,0.0000054029
760,0.0003614874,0.2000000000,0.0000722975
3117,0.0000360520,0.1600000000,0.0000057683
1064,0.0003801932,0.2000000000,0.0000760386
352,0.0000982245,0.2000000000,0.0000196449
710,0.0001253402,0.2000000000,0.0000250680
1063,0.0001734711,0.2000000000,0.0000346942
1028,0.0000888618,0.3600000000,0.0000319903
3385,0.0000204832,0.2000000000,0.0000040966
690,0.0001978505,0.2000000000,0.0000395701
3047,0.0000114830,0.2000000000,0.0000022966
873,0.0000439046,0.2000000000,0.0000087809
3091,0.0000084557,0.2000000000,0.0000016911
734,0.0000781700,0.2000000000,0.0000156340
1400,0.0000114289,0.2000000000,0.0000022858
291,0.0000219582,0.2000000000,0.0000043916
587,0.0000504740,0.2000000000,0.0000100948
778,0.0000253582,0.5200000000,0.0000131863
1077,0.0002053063,0.2000000000,0.0000410613
727,0.0001044716,0.2000000000,0.0000208943
3084,0.0000496586,0.2000000000,0.0000099317
398,0.0001386825,0.2000000000,0.0000277365
820,0.0000376566,0.2000000000,0.0000075313
1066,0.0000593874,0.2000000000,0.0000118775
986,0.0002696366,0.2000000000,0.0000539273
2104,0.0000216004,0.2000000000,0.0000043201
995,0.0000866442,0.2000000000,0.0000173288
647,0.0000643725,0.2000000000,0.0000128745
3004,0.0000293185,0.2000000000,0.0000058637
984,0.0001780239,0.2000000000,0.0000356048
872,0.0000618402,0.2000000000,0.0000123680
966,0.0000851667,0.2000000000,0.0000170333
972,0.0000721132,0.2000000000,0.0000144226
3329,0.0000140334,0.2000000000,0.0000028067
887,0.0000611749,0.2000000000,0.0000122350
638,0.0000443536,0.3600000000,0.0000159673
901,0.0001676748,0.3600000000,0.0000603629
1084,0.0002994576,0.2000000000,0.0000598915
3441,0.0000306174,0.2000000000,0.0000061235
763,0.0000437376,0.2000000000,0.0000087475
1016,0.0002826066,0.2000000000,0.0000565213
750,0.0000305314,0.1600000000,0.0000048850
811,0.0000651139,0.2000000000,0.0000130228
548,0.0000289132,0.2000000000,0.0000057826
2905,0.0000333061,0.2000000000,0.0000066612
818,0.0000526418,0.2000000000,0.0000105284
851,0.0001762797,0.2000000000,0.0000352559
3208,0.0000083895,0.2000000000,0.0000016779
1960,0.0000101217,0.2000000000,0.0000020243
2015,0.0000717762,0.2000000000,0.0000143552
3012,0.0000294076,0.2000000000,0.0000058815
655,0.0001906828,0.2000000000,0.0000381366
1091,0.0000233050,0.2000000000,0.0000046610
589,0.0000528999,0.2000000000,0.0000105800
2946,0.0000607861,0.3600000000,0.0000218830
791,0.0000071574,0.2000000000,0.0000014315
830,0.0000352964,0.2000000000,0.0000070593
1987,0.0000534568,0.2000000000,0.0000106914
753,0.0000244788,0.3600000000,0.0000088124
409,0.0000104810,0.1600000000,0.0000016770
2766,0.0000184279,0.3600000000,0.0000066340
1558,0.0000710952,0.2000000000,0.0000142190
3776,0.0000252342,0.2000000000,0.0000050468
449,0.0000597653,0.2000000000,0.0000119531
2806,0.0000124761,0.2000000000,0.0000024952
2914,0.0000323550,0.2000000000,0.0000064710
557,0.0000967799,0.2000000000,0.0000193560
2198,0.0000977592,0.2000000000,0.0000195518
998,0.0000531208,0.2000000000,0.0000106242
1093,0.0001084007,0.2000000000,0.0000216801
928,0.0001216217,0.2000000000,0.0000243243
351,0.0000502600,0.3600000000,0.0000180936
712,0.0000435112,0.2000000000,0.0000087022
480,0.0000880018,0.2000000000,0.0000176004
819,0.0001780557,0.2000000000,0.0000356111
1014,0.0000236831,0.2000000000,0.0000047366
837,0.0000394299,0.2000000000,0.0000078860
611,0.0000512925,0.2000000000,0.0000102585
773,0.0000632580,0.3600000000,0.0000227729
403,0.0001782110,0.2000000000,0.0000356422
2760,0.0000373272,0.2000000000,0.0000074654
846,0.0000465936,0.2000000000,0.0000093187
1100,0.0000457617,0.2000000000,0.0000091523
3457,0.0000327925,0.2000000000,0.0000065585
1925,0.0000800816,0.2000000000,0.0000160163
3241,0.0001039668,0.2000000000,0.0000207934
884,0.0000125661,0.2000000000,0.0000025132
1023,0.0000092134,0.2000000000,0.0000018427
551,0.0001208876,0.2000000000,0.0000241775
493,0.0000519152,0.2000000000,0.0000103830
2894,0.0000222561,0.2000000000,0.0000044512
537,0.0000398912,0.2000000000,0.0000079782
1785,0.0000723058,0.2000000000,0.0000144612
676,0.0000195005,0.2000000000,0.0000039001
841,0.0000693621,0.2000000000,0.0000138724
719,0.0001179327,0.2000000000,0.0000235865
641,0.0001025279,0.2000000000,0.0000205056
1745,0.0000296334,0.3600000000,0.0000106680
636,0.0000577091,0.5200000000,0.0000300087
407,0.0000670077,0.1600000000,0.0000107212
2764,0.0000388482,0.2000000000,0.0000077696
765,0.0000194826,0.2000000000,0.0000038965
660,0.0000426681,0.2000000000,0.0000085336
3017,0.0000092078,0.2000000000,0.0000018416
835,0.0000892537,0.2000000000,0.0000178507
3192,0.0000196476,0.2000000000,0.0000039295
856,0.0001426556,0.2000000000,0.0000285311
261,0.0000108714,0.2000000000,0.0000021743
2618,0.0000131404,0.2000000000,0.0000026281
672,0.0001678304,0.2000000000,0.0000335661
1972,0.0000154349,0.2000000000,0.0000030870
863,0.0000371815,0.3600000000,0.0000133854
3220,0.0000654976,0.1600000000,0.0000104796
543,0.0000997180,0.2000000000,0.0000199436
804,0.0000987822,0.2000000000,0.0000197564
1037,0.0001402652,0.2000000000,0.0000280530
703,0.0000364766,0.2000000000,0.0000072953
790,0.0000908242,0.2000000000,0.0000181648
807,0.0000670337,0.2000000000,0.0000134067
1757,0.0001470350,0.2000000000,0.0000294070
4114,0.0000184719,0.2000000000,0.0000036944
648,0.0002193141,0.1600000000,0.0000350902
1908,0.0000207375,0.2000000000,0.0000041475
799,0.0000723869,0.2000000000,0.0000144774
1909,0.0000399797,0.2000000000,0.0000079959
4127,0.0000058852,0.2000000000,0.0000011770
834,0.0000629072,0.2000000000,0.0000125814
4161,0.0000115547,0.2000000000,0.0000023109
1804,0.0000461750,0.3600000000,0.0000166230
555,0.0001118203,0.2000000000,0.0000223641
738,0.0002082307,0.2000000000,0.0000416461
780,0.0001558368,0.3600000000,0.0000561012
815,0.0002463246,0.2000000000,0.0000492649
3172,0.0000176093,0.2000000000,0.0000035219
1924,0.0000984177,0.2000000000,0.0000196835
2977,0.0000329564,0.2000000000,0.0000065913
620,0.0001622560,0.2000000000,0.0000324512
866,0.0003104002,0.2000000000,0.0000620800
563,0.0002756180,0.2000000000,0.0000551236
597,0.0000732129,0.1600000000,0.0000117141
2954,0.0000130554,0.2000000000,0.0000026111
736,0.0001589355,0.2000000000,0.0000317871
3093,0.0000291337,0.2000000000,0.0000058267
990,0.0000147746,0.1600000000,0.0000023639
925,0.0000554959,0.2000000000,0.0000110992
468,0.0000841820,0.2000000000,0.0000168364
1577,0.0000569741,0.2000000000,0.0000113948
3934,0.0000265483,0.2000000000,0.0000053097
862,0.0000748976,0.1600000000,0.0000119836
1971,0.0000140794,0.2000000000,0.0000028159
988,0.0000232859,0.2000000000,0.0000046572
2025,0.0000355113,0.3600000000,0.0000127841
1678,0.0000468036,0.2000000000,0.0000093607
569,0.0000969060,0.2000000000,0.0000193812
915,0.0001030039,0.2000000000,0.0000206008
3272,0.0000206057,0.2000000000,0.0000041211
923,0.0000731553,0.2000000000,0.0000146311
2032,0.0001104275,0.3600000000,0.0000397539
491,0.0001151611,0.3600000000,0.0000414580
2848,0.0000407185,0.2000000000,0.0000081437
400,0.0000858521,0.2000000000,0.0000171704
2757,0.0000050175,0.2000000000,0.0000010035
2725,0.0000331318,0.2000000000,0.0000066264
368,0.0000598376,0.2000000000,0.0000119675
507,0.0001525011,0.1600000000,0.0000244002
808,0.0000536522,0.2000000000,0.0000107304
663,0.0000964196,0.2000000000,0.0000192839
949,0.0000674761,0.2000000000,0.0000134952
489,0.0000453694,0.3600000000,0.0000163330
2846,0.0000282538,0.2000000000,0.0000056508
613,0.0000312216,0.2000000000,0.0000062443
623,0.0000906366,0.2000000000,0.0000181273
2980,0.0001023230,0.2000000000,0.0000204646
888,0.0000771108,0.2000000000,0.0000154222
1991,0.0000603817,0.2000000000,0.0000120763
882,0.0001729061,0.2000000000,0.0000345812
1056,0.0000299417,0.2000000000,0.0000059883
929,0.0000350023,0.2000000000,0.0000070005
936,0.0001320441,0.2000000000,0.0000264088
3293,0.0000038879,0.2000000000,0.0000007776
749,0.0000634038,0.2000000000,0.0000126808
3106,0.0000210235,0.2000000000,0.0000042047
1985,0.0000517665,0.2000000000,0.0000103533
865,0.0000202318,0.2000000000,0.0000040464
3222,0.0000302435,0.2000000000,0.0000060487
609,0.0001044287,0.2000000000,0.0000208857
2112,0.0000461253,0.2000000000,0.0000092251
376,0.0000296719,0.1600000000,0.0000047475
550,0.0000166026,0.1600000000,0.0000026564
658,0.0001266907,0.2000000000,0.0000253381
556,0.0000920198,0.2000000000,0.0000184040
670,0.0000348066,0.2000000000,0.0000069613
1043,0.0000141361,0.2000000000,0.0000028272
583,0.0000809212,0.2000000000,0.0000161842
621,0.0002722466,0.2000000000,0.0000544493
528,0.0000241023,0.2000000000,0.0000048205
1648,0.0003357373,0.2000000000,0.0000671475
4005,0.0000086138,0.2000000000,0.0000017228
539,0.0000764103,0.2000000000,0.0000152821
1677,0.0000396403,0.3600000000,0.0000142705
568,0.0002289446,0.2000000000,0.0000457889
290,0.0000126003,0.2000000000,0.0000025201
2647,0.0000440188,0.2000000000,0.0000088038
1399,0.0001370874,0.2000000000,0.0000274175
235,0.0000216849,0.3200000000,0.0000069392
577,0.0000725681,0.3600000000,0.0000261245
2934,0.0000124043,0.2000000000,0.0000024809
2122,0.0000273810,0.2000000000,0.0000054762
1013,0.0000448612,0.2000000000,0.0000089722
3370,0.0000129303,0.2000000000,0.0000025861
907,0.0000829104,0.5200000000,0.0000431134
521,0.0000425761,0.2000000000,0.0000085152
1945,0.0000404656,0.3600000000,0.0000145676
836,0.0000651620,0.2000000000,0.0000130324
803,0.0000759924,0.2000000000,0.0000151985
3160,0.0000028167,0.2000000000,0.0000005633
864,0.0001069603,0.2000000000,0.0000213921
3221,0.0000051006,0.2000000000,0.0000010201
981,0.0000256087,0.2000000000,0.0000051217
1040,0.0001324380,0.2000000000,0.0000264876
544,0.0000742408,0.3600000000,0.0000267267
1683,0.0000249751,0.2000000000,0.0000049950
574,0.0000528647,0.2000000000,0.0000105729
392,0.0002215509,0.2000000000,0.0000443102
496,0.0000654562,0.2000000000,0.0000130912
612,0.0001501815,0.2000000000,0.0000300363
518,0.0000399315,0.2000000000,0.0000079863
2875,0.0000098568,0.2000000000,0.0000019714
728,0.0000687870,0.2000000000,0.0000137574
3085,0.0000065271,0.2000000000,0.0000013054
705,0.0001307862,0.2000000000,0.0000261572
757,0.0002128301,0.2000000000,0.0000425660
918,0.0000650585,0.2000000000,0.0000130117
455,0.0000927445,0.2000000000,0.0000185489
484,0.0001466930,0.2000000000,0.0000293386
1749,0.0000358910,0.2000000000,0.0000071782
640,0.0001026122,0.3600000000,0.0000369404
2997,0.0000081860,0.2000000000,0.0000016372
796,0.0001171078,0.2000000000,0.0000234216
1062,0.0000446201,0.2000000000,0.0000089240
331,0.0000341990,0.2000000000,0.0000068398
2688,0.0000641406,0.2000000000,0.0000128281
691,0.0000572729,0.2000000000,0.0000114546
3048,0.0000323303,0.2000000000,0.0000064661
566,0.0001077293,0.2000000000,0.0000215459
2923,0.0000102661,0.2000000000,0.0000020532
673,0.0000662179,0.3600000000,0.0000238384
324,0.0000199936,0.2000000000,0.0000039987
2681,0.0000428704,0.2000000000,0.0000085741
1433,0.0000657892,0.2000000000,0.0000131578
99,0.0000148862,0.2000000000,0.0000029772
2456,0.0000386729,0.2000000000,0.0000077346
458,0.0000795436,0.2000000000,0.0000159087
706,0.0001451709,0.2000000000,0.0000290342
3063,0.0000386542,0.2000000000,0.0000077308
591,0.0001673176,0.2000000000,0.0000334635
733,0.0000280096,0.2000000000,0.0000056019
442,0.0000396321,0.3600000000,0.0000142676
2799,0.0000275067,0.3600000000,0.0000099024
4226,0.0000088368,0.2000000000,0.0000017674
375,0.0000914512,0.2000000000,0.0000182902
479,0.0000382535,0.3600000000,0.0000137712
892,0.0000622318,0.2000000000,0.0000124464
3249,0.0000168855,0.2000000000,0.0000033771
433,0.0000473129,0.2000000000,0.0000094626
1641,0.0000466941,0.2000000000,0.0000093388
532,0.0000438710,0.2000000000,0.0000087742
2889,0.0000915811,0.2000000000,0.0000183162
950,0.0000808961,0.2000000000,0.0000161792
3307,0.0000264650,0.2000000000,0.0000052930
787,0.0000468604,0.2000000000,0.0000093721
1626,0.0000537018,0.2000000000,0.0000107404
517,0.0000723544,0.2000000000,0.0000144709
722,0.0002447122,0.2000000000,0.0000489424
1902,0.0000213533,0.1600000000,0.0000034165
793,0.0000228663,0.2000000000,0.0000045733
452,0.0000586929,0.2000000000,0.0000117386
1561,0.0000961381,0.2000000000,0.0000192276
1571,0.0000403337,0.2000000000,0.0000080667
389,0.0000479153,0.2000000000,0.0000095831
870,0.0003280035,0.2000000000,0.0000656007
3227,0.0000424857,0.2000000000,0.0000084971
885,0.0000983847,0.2000000000,0.0000196769
770,0.0000837265,0.2000000000,0.0000167453
3127,0.0000093908,0.3600000000,0.0000033807
785,0.0000546206,0.3600000000,0.0000196634
3003,0.0000191296,0.2000000000,0.0000038259
646,0.0000074412,0.2000000000,0.0000014882
453,0.0000256305,0.1600000000,0.0000041009
642,0.0000144595,0.2000000000,0.0000028919
1604,0.0003644539,0.2000000000,0.0000728908
495,0.0000393259,0.2000000000,0.0000078652
2852,0.0000120860,0.2000000000,0.0000024172
724,0.0001293274,0.2000000000,0.0000258655
775,0.0000405650,0.2000000000,0.0000081130
1034,0.0001593202,0.2000000000,0.0000318640
852,0.0005243245,0.2000000000,0.0001048649
707,0.0001474238,0.2000000000,0.0000294848
3064,0.0000475109,0.2000000000,0.0000095022
920,0.0000957893,0.2000000000,0.0000191579
3277,0.0000018668,0.3600000000,0.0000006720
391,0.0000714296,0.2000000000,0.0000142859
2748,0.0000571373,0.2000000000,0.0000114275
360,0.0001552622,0.2000000000,0.0000310524
758,0.0002072416,0.2000000000,0.0000414483
1867,0.0000291028,0.2000000000,0.0000058206
593,0.0000860499,0.2000000000,0.0000172100
695,0.0001848941,0.2000000000,0.0000369788
955,0.0000969316,0.2000000000,0.0000193863
651,0.0000239754,0.2000000000,0.0000047951
795,0.0002756071,0.2000000000,0.0000551214
891,0.0000667897,0.1600000000,0.0000106864
944,0.0001114553,0.2000000000,0.0000222911
233,0.0000212556,0.2000000000,0.0000042511
498,0.0003758510,0.2000000000,0.0000751702
354,0.0000432888,0.2000000000,0.0000086578
2711,0.0000302171,0.2000000000,0.0000060434
839,0.0000299151,0.2000000000,0.0000059830
564,0.0000331244,0.2000000000,0.0000066249
604,0.0001526775,0.2000000000,0.0000305355
1795,0.0000188983,0.2000000000,0.0000037797
686,0.0000474691,0.1600000000,0.0000075950
3043,0.0000048057,0.2000000000,0.0000009611
343,0.0000848575,0.2000000000,0.0000169715
1563,0.0001305590,0.2000000000,0.0000261118
454,0.0000544297,0.2000000000,0.0000108859
2811,0.0000676262,0.2000000000,0.0000135252
460,0.0002565856,0.2000000000,0.0000513171
1592,0.0000848700,0.2000000000,0.0000169740
3949,0.0000262711,0.2000000000,0.0000052542
483,0.0001446894,0.2000000000,0.0000289379
2124,0.0000422023,0.2000000000,0.0000084405
1015,0.0001519170,0.2000000000,0.0000303834
802,0.0000378106,0.2000000000,0.0000075621
439,0.0001571498,0.2000000000,0.0000314300
2796,0.0000226801,0.2000000000,0.0000045360
744,0.0001393153,0.2000000000,0.0000278631
970,0.0000720501,0.2000000000,0.0000144100
490,0.0000880965,0.3600000000,0.0000317147
1854,0.0000308659,0.1600000000,0.0000049385
745,0.0000660446,0.2000000000,0.0000132089
632,0.0000487092,0.3600000000,0.0000175353
684,0.0001421527,0.2000000000,0.0000284305
2088,0.0000088236,0.2000000000,0.0000017647
979,0.0000808314,0.2000000000,0.0000161663
996,0.0002147890,0.2000000000,0.0000429578
3353,0.0000024275,0.2000000000,0.0000004855
546,0.0000204180,0.3600000000,0.0000073505
2903,0.0000066089,0.3600000000,0.0000023792
1363,0.0000691582,0.2000000000,0.0000138316
254,0.0000275571,0.2000000000,0.0000055114
1705,0.0000120978,0.2000000000,0.0000024196
596,0.0001410669,0.2000000000,0.0000282134
617,0.0002141599,0.2000000000,0.0000428320
2974,0.0000101673,0.2000000000,0.0000020335
1338,0.0001250045,0.2000000000,0.0000250009
229,0.0000441668,0.2000000000,0.0000088334
461,0.0000269201,0.2000000000,0.0000053840
3211,0.0000534490,0.2000000000,0.0000106898
854,0.0000069362,0.3200000000,0.0000022196
28,0.0000416974,0.3600000000,0.0000150111
1422,0.0000534033,0.2000000000,0.0000106807
3779,0.0000115430,0.2000000000,0.0000023086
313,0.0000030897,0.5200000000,0.0000016067
2670,0.0001048848,0.2000000000,0.0000209770
34,0.0001657042,0.2000000000,0.0000331408
381,0.0002023511,0.2000000000,0.0000404702
511,0.0000651908,0.2000000000,0.0000130382
465,0.0000520706,0.1600000000,0.0000083313
1574,0.0000237497,0.2000000000,0.0000047499
1139,0.0000133170,0.2000000000,0.0000026634
30,0.0000304630,0.3600000000,0.0000109667
1748,0.0000518154,0.2000000000,0.0000103631
4105,0.0000053869,0.2000000000,0.0000010774
242,0.0000730720,0.1600000000,0.0000116915
2168,0.0000586184,0.2000000000,0.0000117237
576,0.0000792418,0.2000000000,0.0000158484
2933,0.0000188498,0.2000000000,0.0000037700
1685,0.0000331799,0.1600000000,0.0000053088
2794,0.0000110215,0.2000000000,0.0000022043
437,0.0000564218,0.1600000000,0.0000090275
3303,0.0000176075,0.2000000000,0.0000035215
946,0.0000249330,0.2000000000,0.0000049866
1124,0.0001342015,0.2000000000,0.0000268403
15,0.0000333940,0.3200000000,0.0000106861
459,0.0001643061,0.3200000000,0.0000525779
1018,0.0000841902,0.2000000000,0.0000168380
6,0.0000084903,0.0000000000,0.0000000000
2363,0.0000265449,0.2000000000,0.0000053090
13,0.0000813381,0.5200000000,0.0000422958
18,0.0000501569,0.5200000000,0.0000260816
2375,0.0000074756,0.2000000000,0.0000014951
1128,0.0001238875,0.2000000000,0.0000247775
2237,0.0000321382,0.1600000000,0.0000051421
19,0.0001029820,0.3200000000,0.0000329542
2376,0.0000159185,0.2000000000,0.0000031837
5,0.0000064524,0.0000000000,0.0000000000
7,0.0001042383,0.8000000000,0.0000833907
9,0.0001026405,0.6800000000,0.0000697955
102,0.0000367959,0.3600000000,0.0000132465
2459,0.0000429695,0.2000000000,0.0000085939
138,0.0005936283,0.2000000000,0.0001187257
1248,0.0001107566,0.2000000000,0.0000221513
2357,0.0000434717,0.2000000000,0.0000086943
139,0.0002819432,0.2000000000,0.0000563886
2496,0.0000316587,0.3600000000,0.0000113971
146,0.0002204596,0.2000000000,0.0000440919
602,0.0001383076,0.2000000000,0.0000276615
43,0.0001979452,0.2000000000,0.0000395890
2400,0.0000329228,0.3600000000,0.0000118522
1175,0.0002233344,0.1600000000,0.0000357335
66,0.0002000399,0.3600000000,0.0000720144
268,0.0006807804,0.2000000000,0.0001361561
1409,0.0000368554,0.3200000000,0.0000117937
300,0.0000416549,0.2000000000,0.0000083310
732,0.0002422590,0.2000000000,0.0000484518
654,0.0002071092,0.2000000000,0.0000414218
1096,0.0000579802,0.2000000000,0.0000115960
2031,0.0001068402,0.2000000000,0.0000213680
4388,0.0000077397,0.2000000000,0.0000015479
1119,0.0000967328,0.2000000000,0.0000193466
10,0.0000956722,0.4800000000,0.0000459226
1126,0.0000758271,0.2000000000,0.0000151654
17,0.0000596569,0.3600000000,0.0000214765
2374,0.0000612114,0.2000000000,0.0000122423
20,0.0000990131,0.3200000000,0.0000316842
1132,0.0000352476,0.2000000000,0.0000070495
23,0.0002076601,0.1600000000,0.0000332256
1197,0.0000528764,0.2000000000,0.0000105753
88,0.0000940274,0.1600000000,0.0000150444
2445,0.0000076860,0.2000000000,0.0000015372
98,0.0000467607,0.2000000000,0.0000093521
2455,0.0001178522,0.2000000000,0.0000235704
347,0.0001773482,0.2000000000,0.0000354696
1396,0.0001494629,0.2000000000,0.0000298926
3753,0.0000108805,0.2000000000,0.0000021761
2505,0.0000415843,0.3200000000,0.0000133070
148,0.0000581813,0.2000000000,0.0000116363
287,0.0001626584,0.2000000000,0.0000325317
2644,0.0000102322,0.2000000000,0.0000020464
367,0.0001749940,0.2000000000,0.0000349988
503,0.0002449096,0.2000000000,0.0000489819
2860,0.0000236549,0.2000000000,0.0000047310
73,0.0000916676,0.2000000000,0.0000183335
2430,0.0000500706,0.2000000000,0.0000100141
338,0.0000508068,0.1600000000,0.0000081291
472,0.0002886334,0.3600000000,0.0001039080
2829,0.0000267206,0.2000000000,0.0000053441
595,0.0000762556,0.2000000000,0.0000152511
974,0.0002982179,0.3600000000,0.0001073584
64,0.0001533015,0.2000000000,0.0000306603
186,0.0005424130,0.2000000000,0.0001084826
51,0.0000510308,0.1600000000,0.0000081649
625,0.0001707012,0.2000000000,0.0000341402
768,0.0001026981,0.2000000000,0.0000205396
120,0.0000224718,0.2000000000,0.0000044944
2477,0.0000049456,0.2000000000,0.0000009891
447,0.0000507283,0.3600000000,0.0000182622
2804,0.0000097631,0.2000000000,0.0000019526
4053,0.0000312277,0.2000000000,0.0000062455
1696,0.0000045008,0.2000000000,0.0000009002
726,0.0000463154,0.2000000000,0.0000092631
3083,0.0000227928,0.2000000000,0.0000045586
788,0.0001847308,0.2000000000,0.0000369462
987,0.0002053710,0.2000000000,0.0000410742
1231,0.0001776848,0.2000000000,0.0000355370
122,0.0001564206,0.2000000000,0.0000312841
2479,0.0000545089,0.3600000000,0.0000196232
1661,0.0001230410,0.2000000000,0.0000246082
552,0.0001398780,0.2000000000,0.0000279756
2909,0.0000472796,0.3600000000,0.0000170207
992,0.0000418252,0.2000000000,0.0000083650
582,0.0002102624,0.2000000000,0.0000420525
1780,0.0000096439,0.2000000000,0.0000019288
671,0.0002995273,0.2000000000,0.0000599055
1025,0.0000575210,0.2000000000,0.0000115042
1,0.0000000000,0.0000000000,0.0000000000
2358,0.0000208357,0.2000000000,0.0000041671
202,0.0001958899,0.2000000000,0.0000391780
180,0.0000829228,0.2000000000,0.0000165846
2537,0.0000729676,0.2000000000,0.0000145935
1830,0.0000233893,0.3600000000,0.0000084201
721,0.0001976459,0.2000000000,0.0000395292
222,0.0001144186,0.1600000000,0.0000183070
2579,0.0000063531,0.2000000000,0.0000012706
2474,0.0000191331,0.2000000000,0.0000038266
117,0.0000084636,0.1600000000,0.0000013542
1365,0.0000382643,0.2000000000,0.0000076529
256,0.0003760313,0.2000000000,0.0000752063
2613,0.0000108638,0.1600000000,0.0000017382
797,0.0000614890,0.2000000000,0.0000122978
1810,0.0000856465,0.2000000000,0.0000171293
701,0.0001731244,0.2000000000,0.0000346249
415,0.0000736791,0.2000000000,0.0000147358
275,0.0001006188,0.2000000000,0.0000201238
2419,0.0000759427,0.2000000000,0.0000151885
62,0.0000281818,0.2000000000,0.0000056364
201,0.0000901919,0.3600000000,0.0000324691
742,0.0002714205,0.2000000000,0.0000542841
3099,0.0000106305,0.2000000000,0.0000021261
715,0.0001450910,0.1600000000,0.0000232146
1283,0.0000860895,0.2000000000,0.0000172179
3640,0.0000137908,0.2000000000,0.0000027582
174,0.0001270949,0.2000000000,0.0000254190
410,0.0001346110,0.2000000000,0.0000269222
213,0.0001006621,0.3600000000,0.0000362383
608,0.0001629566,0.2000000000,0.0000325913
67,0.0001479845,0.2000000000,0.0000295969
216,0.0003025121,0.2000000000,0.0000605024
182,0.0002336190,0.2000000000,0.0000467238
2539,0.0000303533,0.2000000000,0.0000060707
723,0.0001416772,0.2000000000,0.0000283354
1171,0.0001667122,0.1600000000,0.0000266740
247,0.0000070401,0.3600000000,0.0000025344
295,0.0001067508,0.2000000000,0.0000213502
855,0.0000229303,0.2000000000,0.0000045861
314,0.0004367633,0.2000000000,0.0000873527
259,0.0000285774,0.1600000000,0.0000045724
805,0.0003297248,0.2000000000,0.0000659450
264,0.0004753054,0.2000000000,0.0000950611
2621,0.0000250882,0.2000000000,0.0000050176
16,0.0000520621,0.5200000000,0.0000270723
1125,0.0002727235,0.2000000000,0.0000545447
379,0.0001811855,0.2000000000,0.0000362371
325,0.0002792370,0.2000000000,0.0000558474
2682,0.0000279348,0.2000000000,0.0000055870
1155,0.0001772596,0.2000000000,0.0000354519
46,0.0000573693,0.3600000000,0.0000206530
309,0.0000859401,0.2000000000,0.0000171880
471,0.0001396308,0.2000000000,0.0000279262
1324,0.0000707724,0.3600000000,0.0000254781
3681,0.0000233236,0.2000000000,0.0000046647
215,0.0000866596,0.2000000000,0.0000173319
2572,0.0000134212,0.2000000000,0.0000026842
143,0.0001788230,0.2000000000,0.0000357646
657,0.0001079092,0.3600000000,0.0000388473
3014,0.0001243851,0.2000000000,0.0000248770
116,0.0000374694,0.2000000000,0.0000074939
914,0.0004782655,0.2000000000,0.0000956531
373,0.0001114298,0.2000000000,0.0000222860
2730,0.0000386437,0.2000000000,0.0000077287
488,0.0001971535,0.2000000000,0.0000394307
559,0.0001862537,0.2000000000,0.0000372507
2916,0.0000129267,0.3600000000,0.0000046536
652,0.0000457782,0.2000000000,0.0000091556
111,0.0000406490,0.3600000000,0.0000146336
2468,0.0001497705,0.2000000000,0.0000299541
84,0.0000846945,0.3200000000,0.0000271023
183,0.0000051411,0.1600000000,0.0000008226
2540,0.0000253292,0.2000000000,0.0000050658
72,0.0002059480,0.2000000000,0.0000411896
2476,0.0000711815,0.2000000000,0.0000142363
119,0.0002176098,0.2000000000,0.0000435220
258,0.0003366818,0.2000000000,0.0000673364
2615,0.0000401939,0.2000000000,0.0000080388
1615,0.0000680343,0.2000000000,0.0000136069
506,0.0003199878,0.2000000000,0.0000639976
2863,0.0000340142,0.2000000000,0.0000068028
3728,0.0000512354,0.2000000000,0.0000102471
1371,0.0000160934,0.2000000000,0.0000032187
401,0.0002135817,0.2000000000,0.0000427163
2758,0.0000083651,0.2000000000,0.0000016730
942,0.0000942169,0.2000000000,0.0000188434
144,0.0001079450,0.2000000000,0.0000215890
281,0.0000456899,0.2000000000,0.0000091380
417,0.0001483176,0.2000000000,0.0000296635
2774,0.0001718385,0.2000000000,0.0000343677
958,0.0002100826,0.2000000000,0.0000420165
881,0.0000245300,0.2000000000,0.0000049060
340,0.0002305851,0.2000000000,0.0000461170
2697,0.0000487322,0.2000000000,0.0000097464
132,0.0001451551,0.5200000000,0.0000754807
968,0.0000895911,0.2000000000,0.0000179182
1536,0.0000650527,0.2000000000,0.0000130105
427,0.0001976546,0.2000000000,0.0000395309
197,0.0000229426,0.2000000000,0.0000045885
2554,0.0000453408,0.2000000000,0.0000090682
1407,0.0000561197,0.1600000000,0.0000089792
298,0.0001357753,0.3600000000,0.0000488791
326,0.0000912754,0.2000000000,0.0000182551
349,0.0000342462,0.3600000000,0.0000123286
2706,0.0000100508,0.2000000000,0.0000020102
243,0.0000363161,0.2000000000,0.0000072632
784,0.0000454679,0.2000000000,0.0000090936
500,0.0002758180,0.3600000000,0.0000992945
501,0.0002332399,0.2000000000,0.0000466480
435,0.0001975742,0.2000000000,0.0000395148
2792,0.0000092806,0.2000000000,0.0000018561
1271,0.0001758673,0.2000000000,0.0000351735
162,0.0000571086,0.3200000000,0.0000182747
534,0.0000378996,0.2000000000,0.0000075799
277,0.0003292112,0.2000000000,0.0000658422
2634,0.0000054982,0.2000000000,0.0000010996
502,0.0000839321,0.2000000000,0.0000167864
764,0.0001506426,0.2000000000,0.0000301285
223,0.0002041790,0.2000000000,0.0000408358
572,0.0000941528,0.2000000000,0.0000188306
31,0.0000729167,0.3600000000,0.0000262500
1167,0.0000529434,0.2000000000,0.0000105887
58,0.0000669874,0.3600000000,0.0000241155
2415,0.0000334362,0.2000000000,0.0000066872
274,0.0000201319,0.1600000000,0.0000032211
2631,0.0000086208,0.2000000000,0.0000017242
880,0.0001456877,0.2000000000,0.0000291375
3237,0.0000020188,0.1600000000,0.0000003230
1191,0.0001917486,0.2000000000,0.0000383497
82,0.0000276170,0.2000000000,0.0000055234
2439,0.0000037957,0.2000000000,0.0000007591
121,0.0000405500,0.3600000000,0.0000145980
1771,0.0000344718,0.2000000000,0.0000068944
4128,0.0000165276,0.2000000000,0.0000033055
662,0.0008130220,0.2000000000,0.0001626044
626,0.0001014761,0.3600000000,0.0000365314
2983,0.0000138015,0.2000000000,0.0000027603
85,0.0000885391,0.2000000000,0.0000177078
748,0.0001152611,0.2000000000,0.0000230522
3105,0.0000444296,0.2000000000,0.0000088859
207,0.0003034838,0.2000000000,0.0000606968
173,0.0001353923,0.2000000000,0.0000270785
2530,0.0000101689,0.2000000000,0.0000020338
1320,0.0000699211,0.3600000000,0.0000251716
211,0.0001097651,0.2000000000,0.0000219530
752,0.0002971051,0.2000000000,0.0000594210
3109,0.0000049324,0.2000000000,0.0000009865
586,0.0000504222,0.3200000000,0.0000161351
1154,0.0000574993,0.2000000000,0.0000114999
45,0.0000952178,0.3600000000,0.0000342784
482,0.0004182958,0.2000000000,0.0000836592
2839,0.0000448871,0.2000000000,0.0000089774
438,0.0001129981,0.2000000000,0.0000225996
2281,0.0000490790,0.2000000000,0.0000098158
63,0.0000406696,0.3600000000,0.0000146410
2420,0.0000145142,0.2000000000,0.0000029028
656,0.0000255072,0.3600000000,0.0000091826
3013,0.0000087351,0.2000000000,0.0000017470
1224,0.0000379638,0.2000000000,0.0000075928
115,0.0000400999,0.3200000000,0.0000128320
2472,0.0000082023,0.3600000000,0.0000029528
142,0.0001154318,0.2000000000,0.0000230864
2499,0.0000244574,0.2000000000,0.0000048915
913,0.0002528902,0.2000000000,0.0000505780
372,0.0002417880,0.2000000000,0.0000483576
113,0.0000406802,0.2000000000,0.0000081360
627,0.0000559319,0.2000000000,0.0000111864
1195,0.0000349050,0.2000000000,0.0000069810
86,0.0000466559,0.1600000000,0.0000074650
276,0.0003267011,0.2000000000,0.0000653402
2633,0.0001999499,0.2000000000,0.0000399900
227,0.0000979740,0.3600000000,0.0000352706
323,0.0001262529,0.2000000000,0.0000252506
382,0.0002593790,0.2000000000,0.0000518758
422,0.0005193802,0.2000000000,0.0001038760
165,0.0000480785,0.3600000000,0.0000173083
2511,0.0000125886,0.2000000000,0.0000025177
154,0.0001192919,0.2000000000,0.0000238584
293,0.0000784932,0.3600000000,0.0000282576
385,0.0001319187,0.2000000000,0.0000263837
530,0.0002197072,0.3600000000,0.0000790946
149,0.0000968699,0.2000000000,0.0000193740
2506,0.0000149209,0.1600000000,0.0000023873
342,0.0001697801,0.2000000000,0.0000339560
2699,0.0000361194,0.1600000000,0.0000057791
469,0.0000212360,0.2000000000,0.0000042472
2826,0.0000543577,0.2000000000,0.0000108715
337,0.0001344266,0.2000000000,0.0000268853
204,0.0000673574,0.2000000000,0.0000134715
2561,0.0000383862,0.2000000000,0.0000076772
2936,0.0000023375,0.2000000000,0.0000004675
579,0.0000320895,0.3600000000,0.0000115522
718,0.0001239076,0.2000000000,0.0000247815
177,0.0000854794,0.2000000000,0.0000170959
411,0.0000929694,0.2000000000,0.0000185939
2768,0.0000129244,0.2000000000,0.0000025849
961,0.0001790422,0.2000000000,0.0000358084
420,0.0002725893,0.2000000000,0.0000545179
190,0.0000805169,0.2000000000,0.0000161034
2547,0.0000561317,0.2000000000,0.0000112263
554,0.0000461228,0.2000000000,0.0000092246
2911,0.0000734535,0.2000000000,0.0000146907
297,0.0001235517,0.2000000000,0.0000247103
2654,0.0000191839,0.2000000000,0.0000038368
688,0.0000917010,0.2000000000,0.0000183402
3045,0.0000089796,0.2000000000,0.0000017959
147,0.0000339338,0.2000000000,0.0000067868
307,0.0000888642,0.2000000000,0.0000177728
2664,0.0000418710,0.2000000000,0.0000083742
434,0.0002096187,0.2000000000,0.0000419237
2791,0.0000086109,0.2000000000,0.0000017222
975,0.0000194866,0.2000000000,0.0000038973
428,0.0002122222,0.2000000000,0.0000424444
629,0.0009902185,0.2000000000,0.0001980437
2986,0.0000040531,0.3600000000,0.0000014591
570,0.0000538449,0.2000000000,0.0000107690
29,0.0000375565,0.3600000000,0.0000135203
316,0.0001287144,0.2000000000,0.0000257429
334,0.0002932325,0.2000000000,0.0000586465
875,0.0000777757,0.2000000000,0.0000155551
2413,0.0001081270,0.3600000000,0.0000389257
56,0.0001959582,0.3600000000,0.0000705449
195,0.0000832272,0.3600000000,0.0000299618
2552,0.0000206588,0.2000000000,0.0000041318
709,0.0000810886,0.2000000000,0.0000162177
1277,0.0000849262,0.2000000000,0.0000169852
3634,0.0000109222,0.2000000000,0.0000021844
168,0.0000381226,0.2000000000,0.0000076245
2359,0.0000402617,0.2000000000,0.0000080523
2,0.0000022742,0.0000000000,0.0000000000
141,0.0002628104,0.1600000000,0.0000420497
414,0.0000604477,0.2000000000,0.0000120895
2771,0.0000357927,0.2000000000,0.0000071585
296,0.0000638695,0.3600000000,0.0000229930
2653,0.0000193333,0.2000000000,0.0000038667
166,0.0000431424,0.2000000000,0.0000086285
423,0.0000566608,0.3600000000,0.0000203979
1058,0.0002076711,0.2000000000,0.0000415342
977,0.0001976071,0.2000000000,0.0000395214
463,0.0001524938,0.2000000000,0.0000304988
336,0.0001105889,0.1600000000,0.0000176942
2693,0.0000463011,0.2000000000,0.0000092602
333,0.0000690746,0.2000000000,0.0000138149
2690,0.0000038775,0.2000000000,0.0000007755
2808,0.0000168628,0.2000000000,0.0000033726
451,0.0001218009,0.2000000000,0.0000243602
590,0.0000674018,0.2000000000,0.0000134804
49,0.0001353910,0.2000000000,0.0000270782
1293,0.0000411517,0.2000000000,0.0000082303
184,0.0001654352,0.2000000000,0.0000330870
441,0.0000405722,0.2000000000,0.0000081144
1372,0.0000184735,0.2000000000,0.0000036947
263,0.0001716512,0.2000000000,0.0000343302
2620,0.0000028886,0.2000000000,0.0000005777
520,0.0003539908,0.2000000000,0.0000707982
869,0.0000437034,0.2000000000,0.0000087407
3226,0.0000159794,0.2000000000,0.0000031959
1437,0.0000297341,0.2000000000,0.0000059468
3794,0.0000078187,0.2000000000,0.0000015637
328,0.0000494654,0.2000000000,0.0000098931
492,0.0001098286,0.3600000000,0.0000395383
2849,0.0000902176,0.2000000000,0.0000180435
1033,0.0000687448,0.2000000000,0.0000137490
3390,0.0000183223,0.2000000000,0.0000036645
1341,0.0001252325,0.2000000000,0.0000250465
232,0.0001241655,0.3600000000,0.0000446996
1855,0.0000887722,0.2000000000,0.0000177544
746,0.0002699333,0.1600000000,0.0000431893
205,0.0002383352,0.2000000000,0.0000476670
2562,0.0000088557,0.3600000000,0.0000031880
669,0.0000143420,0.2000000000,0.0000028684
3026,0.0000283261,0.2000000000,0.0000056652
128,0.0001558386,0.1600000000,0.0000249342
2485,0.0000101887,0.2000000000,0.0000020377
288,0.0003362762,0.3600000000,0.0001210594
1650,0.0000519752,0.2000000000,0.0000103950
541,0.0000209631,0.3200000000,0.0000067082
798,0.0004059105,0.2000000000,0.0000811821
257,0.0000821249,0.2000000000,0.0000164250
2614,0.0000311956,0.2000000000,0.0000062391
1414,0.0000676601,0.3600000000,0.0000243576
305,0.0000580044,0.2000000000,0.0000116009
78,0.0000253000,0.2000000000,0.0000050600
2435,0.0000185375,0.3600000000,0.0000066735
1308,0.0001268072,0.2000000000,0.0000253614
199,0.0000744399,0.2000000000,0.0000148880
713,0.0002687759,0.3600000000,0.0000967593
3070,0.0000932467,0.2000000000,0.0000186493
172,0.0000851249,0.2000000000,0.0000170250
2529,0.0000246778,0.2000000000,0.0000049356
196,0.0000384798,0.2000000000,0.0000076960
737,0.0000727036,0.2000000000,0.0000145407
246,0.0000335899,0.2000000000,0.0000067180
2603,0.0000477519,0.2000000000,0.0000095504
358,0.0000585384,0.1600000000,0.0000093661
735,0.0001360672,0.2000000000,0.0000272134
194,0.0000260778,0.2000000000,0.0000052156
2551,0.0000046648,0.1600000000,0.0000007464
478,0.0000401956,0.2000000000,0.0000080391
859,0.0001089535,0.2000000000,0.0000217907
318,0.0000265505,0.4800000000,0.0000127443
163,0.0000839259,0.1600000000,0.0000134281
1786,0.0000276100,0.3600000000,0.0000099396
357,0.0001571358,0.2000000000,0.0000314272
2714,0.0000398913,0.2000000000,0.0000079783
1200,0.0000342327,0.2000000000,0.0000068465
91,0.0000803437,0.2000000000,0.0000160687
348,0.0000597480,0.3600000000,0.0000215093
269,0.0000330703,0.2000000000,0.0000066141
526,0.0003243504,0.2000000000,0.0000648701
529,0.0004403388,0.2000000000,0.0000880678
2886,0.0000269485,0.2000000000,0.0000053897
272,0.0004076193,0.3200000000,0.0001304382
402,0.0008387575,0.2000000000,0.0001677515
2759,0.0000984401,0.2000000000,0.0000196880
145,0.0000617042,0.2000000000,0.0000123408
1517,0.0001085288,0.2000000000,0.0000217058
408,0.0002479547,0.2000000000,0.0000495909
792,0.0000073820,0.2000000000,0.0000014764
1360,0.0000876869,0.2000000000,0.0000175374
3717,0.0000453159,0.2000000000,0.0000090632
2469,0.0000051492,0.1600000000,0.0000008239
112,0.0000324189,0.3600000000,0.0000116708
251,0.0002530358,0.2000000000,0.0000506072
535,0.0002100925,0.5200000000,0.0001092481
2892,0.0000400659,0.2000000000,0.0000080132
585,0.0000726951,0.2000000000,0.0000145390
1153,0.0000835242,0.2000000000,0.0000167048
44,0.0001282697,0.2000000000,0.0000256539
2401,0.0000249626,0.2000000000,0.0000049925
283,0.0001551569,0.2000000000,0.0000310314
540,0.0001449683,0.2000000000,0.0000289937
513,0.0000253856,0.3600000000,0.0000091388
1622,0.0000431055,0.3600000000,0.0000155180
224,0.0000576817,0.3600000000,0.0000207654
481,0.0000738841,0.1600000000,0.0000118215
1022,0.0000742330,0.2000000000,0.0000148466
241,0.0000328869,0.2000000000,0.0000065774
2598,0.0000268299,0.2000000000,0.0000053660
782,0.0000542472,0.2000000000,0.0000108494
675,0.0000698717,0.2000000000,0.0000139743
3032,0.0000055637,0.1600000000,0.0000008902
134,0.0000736885,0.2000000000,0.0000147377
2491,0.0000055503,0.2000000000,0.0000011101
678,0.0000997939,0.3600000000,0.0000359258
137,0.0000283987,0.2000000000,0.0000056797
164,0.0000370958,0.2000000000,0.0000074192
512,0.0000930782,0.2000000000,0.0000186156
255,0.0000556804,0.2000000000,0.0000111361
769,0.0001285113,0.2000000000,0.0000257023
1337,0.0002620315,0.2000000000,0.0000524063
228,0.0002938132,0.2000000000,0.0000587626
356,0.0000120651,0.6800000000,0.0000082043
1307,0.0000319410,0.2000000000,0.0000063882
198,0.0000887511,0.5200000000,0.0000461506
346,0.0000874164,0.2000000000,0.0000174833
89,0.0000467085,0.2000000000,0.0000093417
384,0.0000471123,0.2000000000,0.0000094225
79,0.0000164957,0.3600000000,0.0000059385
2436,0.0000074077,0.2000000000,0.0000014815
1475,0.0000508151,0.2000000000,0.0000101630
3832,0.0000155065,0.2000000000,0.0000031013
366,0.0000147349,0.2000000000,0.0000029470
2723,0.0000412763,0.2000000000,0.0000082553
339,0.0000869593,0.3600000000,0.0000313053
1448,0.0001930991,0.2000000000,0.0000386198
3732,0.0000114156,0.2000000000,0.0000022831
1375,0.0000273773,0.3600000000,0.0000098558
405,0.0001363866,0.2000000000,0.0000272773
266,0.0000696676,0.2000000000,0.0000139335
523,0.0001169533,0.2000000000,0.0000233907
393,0.0000720533,0.3600000000,0.0000259392
650,0.0001826844,0.2000000000,0.0000365369
910,0.0000628623,0.2000000000,0.0000125725
396,0.0001484226,0.2000000000,0.0000296845
2753,0.0000183274,0.2000000000,0.0000036655
1478,0.0002040568,0.2000000000,0.0000408114
457,0.0000200033,0.2000000000,0.0000040007
2814,0.0000188533,0.2000000000,0.0000037707
524,0.0001557841,0.2000000000,0.0000311568
2881,0.0000630679,0.3200000000,0.0000201817
156,0.0000294933,0.2000000000,0.0000058987
527,0.0000971303,0.3600000000,0.0000349669
322,0.0000936635,0.3600000000,0.0000337189
2679,0.0000054690,0.2000000000,0.0000010938
238,0.0002160738,0.2000000000,0.0000432148
779,0.0006485637,0.2000000000,0.0001297127
321,0.0001372998,0.2000000000,0.0000274600
776,0.0005650808,0.2000000000,0.0001130162
262,0.0003357553,0.2000000000,0.0000671511
2619,0.0000323097,0.2000000000,0.0000064619
766,0.0001247441,0.1600000000,0.0000199591
3123,0.0000140814,0.2000000000,0.0000028163
1361,0.0001027377,0.2000000000,0.0000205475
252,0.0000433080,0.5200000000,0.0000225202
225,0.0000325748,0.2000000000,0.0000065150
2582,0.0000040573,0.2000000000,0.0000008115
1334,0.0001774991,0.2000000000,0.0000354998
522,0.0001534165,0.2000000000,0.0000306833
285,0.0001459306,0.1600000000,0.0000233489
2642,0.0000647843,0.2000000000,0.0000129569
335,0.0001441183,0.2000000000,0.0000288237
1444,0.0000386874,0.2000000000,0.0000077375
362,0.0001832867,0.2000000000,0.0000366573
2719,0.0000047335,0.2000000000,0.0000009467
416,0.0001606511,0.2000000000,0.0000321302
2773,0.0000198011,0.2000000000,0.0000039602
308,0.0002979237,0.2000000000,0.0000595847
1958,0.0000401599,0.2000000000,0.0000080320
849,0.0000773370,0.1600000000,0.0000123739
432,0.0001099259,0.2000000000,0.0000219852
2789,0.0000103807,0.2000000000,0.0000020761
973,0.0001797619,0.2000000000,0.0000359524
3330,0.0000170218,0.3600000000,0.0000061278
689,0.0000787017,0.2000000000,0.0000157403
230,0.0001118588,0.2000000000,0.0000223718
2587,0.0000194188,0.3600000000,0.0000069908
487,0.0004399025,0.2000000000,0.0000879805
220,0.0000811160,0.2000000000,0.0000162232
2979,0.0000265379,0.2000000000,0.0000053076
622,0.0000978133,0.2000000000,0.0000195627
761,0.0003021280,0.2000000000,0.0000604256
477,0.0002320203,0.2000000000,0.0000464041
350,0.0001400252,0.2000000000,0.0000280050
1719,0.0001509250,0.2000000000,0.0000301850
610,0.0000744747,0.2000000000,0.0000148949
1178,0.0001552925,0.2000000000,0.0000310585
2287,0.0000742294,0.2000000000,0.0000148459
69,0.0000413172,0.1600000000,0.0000066108
353,0.0000812629,0.5200000000,0.0000422567
1298,0.0000404314,0.1600000000,0.0000064690
189,0.0000535354,0.2000000000,0.0000107071
730,0.0000827492,0.2000000000,0.0000165498
446,0.0002488493,0.2000000000,0.0000497699
2803,0.0000565312,0.2000000000,0.0000113062
1503,0.0000870005,0.2000000000,0.0000174001
394,0.0005635617,0.3600000000,0.0002028822
260,0.0000703185,0.2000000000,0.0000140637
2617,0.0000262741,0.2000000000,0.0000052548
380,0.0001692130,0.2000000000,0.0000338426
2737,0.0000557536,0.1600000000,0.0000089206
123,0.0001539037,0.3600000000,0.0000554053
170,0.0000240675,0.2000000000,0.0000048135
2527,0.0000366215,0.2000000000,0.0000073243
304,0.0004715270,0.2000000000,0.0000943054
280,0.0001197016,0.2000000000,0.0000239403
661,0.0000906189,0.3600000000,0.0000326228
494,0.0001033283,0.2000000000,0.0000206657
2851,0.0000317014,0.2000000000,0.0000063403
1346,0.0000868486,0.3600000000,0.0000312655
237,0.0001290098,0.2000000000,0.0000258020
2594,0.0000418741,0.2000000000,0.0000083748
2411,0.0000467520,0.2000000000,0.0000093504
54,0.0000483860,0.1600000000,0.0000077418
193,0.0000676177,0.2000000000,0.0000135235
286,0.0003949688,0.2000000000,0.0000789938
1057,0.0000658577,0.2000000000,0.0000131715
1223,0.0000506802,0.3600000000,0.0000182449
3580,0.0000327761,0.2000000000,0.0000065552
114,0.0001794126,0.2000000000,0.0000358825
425,0.0001528121,0.3600000000,0.0000550123
188,0.0002147666,0.1600000000,0.0000343627
729,0.0002767767,0.2000000000,0.0000553553
571,0.0001722117,0.2000000000,0.0000344423
2928,0.0000828118,0.2000000000,0.0000165624
1166,0.0001229766,0.2000000000,0.0000245953
57,0.0000095299,0.3200000000,0.0000030496
2414,0.0000791657,0.1600000000,0.0000126665
1538,0.0000573381,0.2000000000,0.0000114676
429,0.0000433397,0.3600000000,0.0000156023
2786,0.0000177982,0.2000000000,0.0000035596
129,0.0000405154,0.2000000000,0.0000081031
2486,0.0000509218,0.2000000000,0.0000101844
900,0.0001479442,0.2000000000,0.0000295888
344,0.0000959186,0.2000000000,0.0000191837
601,0.0002100885,0.2000000000,0.0000420177
1169,0.0001595190,0.2000000000,0.0000319038
2278,0.0000863343,0.1600000000,0.0000138135
60,0.0000858643,0.2000000000,0.0000171729
301,0.0000432773,0.2000000000,0.0000086555
842,0.0000692504,0.2000000000,0.0000138501
413,0.0000410856,0.2000000000,0.0000082171
1412,0.0000331625,0.2000000000,0.0000066325
303,0.0000965717,0.2000000000,0.0000193143
2660,0.0000154617,0.3600000000,0.0000055662
649,0.0001629934,0.2000000000,0.0000325987
3006,0.0000120053,0.2000000000,0.0000024011
1217,0.0000454036,0.2000000000,0.0000090807
108,0.0002473250,0.1600000000,0.0000395720
1497,0.0001091054,0.3600000000,0.0000392779
388,0.0000704860,0.3600000000,0.0000253749
1226,0.0000352959,0.2000000000,0.0000070592
90,0.0000480951,0.3600000000,0.0000173142
1199,0.0001114384,0.2000000000,0.0000222877
3556,0.0000078802,0.2000000000,0.0000015760
169,0.0002436728,0.3600000000,0.0000877222
2526,0.0000075922,0.2000000000,0.0000015184
406,0.0001101335,0.2000000000,0.0000220267
1387,0.0003081508,0.2000000000,0.0000616302
278,0.0003665682,0.2000000000,0.0000733136
2635,0.0000290249,0.2000000000,0.0000058050
1205,0.0002435785,0.2000000000,0.0000487157
96,0.0000704098,0.2000000000,0.0000140820
2453,0.0000234599,0.2000000000,0.0000046920
1162,0.0000642892,0.2000000000,0.0000128578
53,0.0000867428,0.1600000000,0.0000138788
594,0.0000684847,0.2000000000,0.0000136969
2951,0.0000468652,0.2000000000,0.0000093730
1716,0.0000604580,0.3600000000,0.0000217649
93,0.0001563246,0.2000000000,0.0000312649
476,0.0000487350,0.2000000000,0.0000097470
467,0.0000546595,0.2000000000,0.0000109319
200,0.0004645622,0.2000000000,0.0000929124
2379,0.0000044774,0.2000000000,0.0000008955
22,0.0000397984,0.3200000000,0.0000127355
161,0.0000820898,0.2000000000,0.0000164180
2518,0.0000115578,0.2000000000,0.0000023116
387,0.0002226064,0.2000000000,0.0000445213
1358,0.0001031055,0.2000000000,0.0000206211
249,0.0001660128,0.3600000000,0.0000597646
4533,0.0000025457,0.3600000000,0.0000009165
2176,0.0000585475,0.2000000000,0.0000117095
1206,0.0000405831,0.2000000000,0.0000081166
97,0.0000350903,0.3600000000,0.0000126325
2454,0.0000473586,0.2000000000,0.0000094717
212,0.0001021511,0.3200000000,0.0000326884
185,0.0002027696,0.3600000000,0.0000729970
1294,0.0000745390,0.3600000000,0.0000268340
3651,0.0000071088,0.2000000000,0.0000014218
42,0.0000646412,0.2000000000,0.0000129282
2399,0.0000182735,0.3600000000,0.0000065785
592,0.0002001863,0.2000000000,0.0000400373
509,0.0003582430,0.3600000000,0.0001289675
1326,0.0001116184,0.1600000000,0.0000178589
3683,0.0000078199,0.2000000000,0.0000015640
217,0.0000620957,0.2000000000,0.0000124191
2574,0.0000227304,0.2000000000,0.0000045461
236,0.0003762627,0.2000000000,0.0000752525
364,0.0000977511,0.2000000000,0.0000195502
327,0.0001968084,0.2000000000,0.0000393617
868,0.0000495777,0.2000000000,0.0000099155
282,0.0000418094,0.2000000000,0.0000083619
2639,0.0001913387,0.3600000000,0.0000688819
390,0.0002432048,0.2000000000,0.0000486410
2747,0.0000404994,0.2000000000,0.0000080999
1343,0.0000123627,0.2000000000,0.0000024725
234,0.0002244490,0.2000000000,0.0000448898
2591,0.0000131749,0.2000000000,0.0000026350
329,0.0000661797,0.5200000000,0.0000344134
218,0.0002952497,0.2000000000,0.0000590499
2575,0.0000268184,0.3600000000,0.0000096546
265,0.0003804885,0.2000000000,0.0000760977
2622,0.0000311656,0.2000000000,0.0000062331
531,0.0003021297,0.2000000000,0.0000604259
361,0.0001271109,0.2000000000,0.0000254222
100,0.0000434070,0.3200000000,0.0000138902
157,0.0000991032,0.2000000000,0.0000198206
2514,0.0000304483,0.2000000000,0.0000060897
1323,0.0001418974,0.2000000000,0.0000283795
214,0.0001555781,0.2000000000,0.0000311156
2571,0.0000030496,0.2000000000,0.0000006099
181,0.0000797027,0.1600000000,0.0000127524
1285,0.0001485120,0.2000000000,0.0000297024
176,0.0000381136,0.3600000000,0.0000137209
2533,0.0000087156,0.2000000000,0.0000017431
2389,0.0000776013,0.2000000000,0.0000155203
32,0.0001004026,0.3200000000,0.0000321288
171,0.0000261766,0.2000000000,0.0000052353
2528,0.0000442336,0.2000000000,0.0000088467
133,0.0002453490,0.2000000000,0.0000490698
2490,0.0000108312,0.2000000000,0.0000021662
118,0.0000992124,0.2000000000,0.0000198425
1203,0.0000188433,0.2000000000,0.0000037687
94,0.0001814732,0.2000000000,0.0000362946
2451,0.0000930926,0.3600000000,0.0000335133
4808,0.0000200453,0.2000000000,0.0000040091
1145,0.0000371179,0.2000000000,0.0000074236
36,0.0001301596,0.2000000000,0.0000260319
103,0.0001408120,0.2000000000,0.0000281624
175,0.0003728726,0.2000000000,0.0000745745
2532,0.0000213683,0.2000000000,0.0000042737
567,0.0001679048,0.2000000000,0.0000335810
26,0.0002445528,0.5200000000,0.0001271675
253,0.0000934300,0.3600000000,0.0000336348
2610,0.0000590793,0.2000000000,0.0000118159
226,0.0000856381,0.2000000000,0.0000171276
1335,0.0000241361,0.2000000000,0.0000048272
2286,0.0000070949,0.2000000000,0.0000014190
68,0.0001158185,0.2000000000,0.0000231637
3477,0.0000465845,0.2000000000,0.0000093169
1120,0.0000850931,0.2000000000,0.0000170186
150,0.0000436225,0.2000000000,0.0000087245
2507,0.0000197942,0.2000000000,0.0000039588
374,0.0002194093,0.2000000000,0.0000438819
1441,0.0000298589,0.2000000000,0.0000059718
332,0.0001231891,0.2000000000,0.0000246378
136,0.0001294546,0.3600000000,0.0000466036
2493,0.0000543052,0.2000000000,0.0000108610
109,0.0000479811,0.2000000000,0.0000095962
2466,0.0000179049,0.2000000000,0.0000035810
1218,0.0000402568,0.2000000000,0.0000080514
3575,0.0000626107,0.2000000000,0.0000125221
289,0.0001449194,0.2000000000,0.0000289839
158,0.0002613801,0.2000000000,0.0000522760
2515,0.0000149409,0.2000000000,0.0000029882
1260,0.0000284318,0.2000000000,0.0000056864
151,0.0000861800,0.3600000000,0.0000310248
48,0.0000508637,0.2000000000,0.0000101727
2405,0.0000152142,0.2000000000,0.0000030428
1513,0.0000782103,0.2000000000,0.0000156421
404,0.0000633118,0.3600000000,0.0000227922
945,0.0000372302,0.2000000000,0.0000074460
92,0.0000998515,0.2000000000,0.0000199703
486,0.0001744691,0.1600000000,0.0000279151
456,0.0000726635,0.2000000000,0.0000145327
2813,0.0000442258,0.2000000000,0.0000088452
273,0.0000536553,0.2000000000,0.0000107311
2630,0.0000117119,0.2000000000,0.0000023424
2305,0.0000143765,0.1600000000,0.0000023002
1196,0.0000537851,0.2000000000,0.0000107570
87,0.0001042277,0.3600000000,0.0000375220
2444,0.0000270587,0.2000000000,0.0000054117
1658,0.0001038319,0.2000000000,0.0000207664
4015,0.0000140104,0.2000000000,0.0000028021
549,0.0004722846,0.2000000000,0.0000944569
8,0.0000587552,0.6400000000,0.0000376033
781,0.0001988048,0.2000000000,0.0000397610
240,0.0002872573,0.2000000000,0.0000574515
4081,0.0000095429,0.1600000000,0.0000015269
754,0.0001244857,0.2000000000,0.0000248971
1863,0.0000957342,0.2000000000,0.0000191468
667,0.0000470446,0.3600000000,0.0000169361
3024,0.0000138974,0.2000000000,0.0000027795
126,0.0002453301,0.3600000000,0.0000883188
474,0.0002042175,0.2000000000,0.0000408435
2831,0.0000349881,0.3600000000,0.0000125957
219,0.0001006818,0.3600000000,0.0000362454
2576,0.0000175904,0.1600000000,0.0000028145
828,0.0001418157,0.2000000000,0.0000283631
3185,0.0000102162,0.2000000000,0.0000020432
315,0.0001238042,0.2000000000,0.0000247608
2672,0.0000120903,0.2000000000,0.0000024181
1487,0.0000415489,0.2000000000,0.0000083098
378,0.0002236524,0.2000000000,0.0000447305
708,0.0001513537,0.3600000000,0.0000544873
3065,0.0000072452,0.2000000000,0.0000014490
1276,0.0002174390,0.2000000000,0.0000434878
167,0.0000323372,0.2000000000,0.0000064674
1670,0.0000269376,0.2000000000,0.0000053875
561,0.0003568427,0.2000000000,0.0000713685
2797,0.0000474593,0.2000000000,0.0000094919
440,0.0003355148,0.2000000000,0.0000671030
1147,0.0000173420,0.3600000000,0.0000062431
38,0.0000772271,0.3600000000,0.0000278018
306,0.0002285641,0.2000000000,0.0000457128
2663,0.0000310592,0.2000000000,0.0000062118
619,0.0002524658,0.2000000000,0.0000504932
1728,0.0000686558,0.3600000000,0.0000247161
105,0.0001261879,0.2000000000,0.0000252376
505,0.0000494026,0.2000000000,0.0000098805
1614,0.0000804022,0.2000000000,0.0000160804
292,0.0006430151,0.2000000000,0.0001286030
581,0.0003170525,0.2000000000,0.0000634105
2938,0.0000048343,0.3600000000,0.0000017404
1149,0.0000583912,0.2000000000,0.0000116782
40,0.0000537284,0.2000000000,0.0000107457
2397,0.0000224308,0.2000000000,0.0000044862
12,0.0000678266,0.4800000000,0.0000325568
1121,0.0002339408,0.3600000000,0.0000842187
1148,0.0001441265,0.2000000000,0.0000288253
39,0.0000983342,0.1600000000,0.0000157335
904,0.0000541838,0.2000000000,0.0000108368
363,0.0001331895,0.2000000000,0.0000266379
4,0.0000008365,0.0000000000,0.0000000000
508,0.0001437175,0.2000000000,0.0000287435
2865,0.0000208697,0.2000000000,0.0000041739
1357,0.0002062105,0.2000000000,0.0000412421
248,0.0001061944,0.1600000000,0.0000169911
789,0.0000275456,0.1600000000,0.0000044073
1584,0.0000786463,0.2000000000,0.0000157293
475,0.0001834771,0.3600000000,0.0000660518
2832,0.0000256654,0.2000000000,0.0000051331
279,0.0000484695,0.2000000000,0.0000096939
2636,0.0000194017,0.2000000000,0.0000038803
510,0.0002394960,0.2000000000,0.0000478992
2867,0.0000153399,0.2000000000,0.0000030680
294,0.0000724231,0.2000000000,0.0000144846
106,0.0001244376,0.2000000000,0.0000248875
55,0.0000817462,0.3600000000,0.0000294286
2412,0.0000282370,0.2000000000,0.0000056474
1036,0.0002296340,0.3600000000,0.0000826682
588,0.0000272144,0.1600000000,0.0000043543
2945,0.0000469194,0.2000000000,0.0000093839
47,0.0001540054,0.3600000000,0.0000554419
2404,0.0000120080,0.2000000000,0.0000024016
1829,0.0002086044,0.2000000000,0.0000417209
720,0.0000531800,0.2000000000,0.0000106360
1288,0.0000345475,0.2000000000,0.0000069095
179,0.0001361106,0.2000000000,0.0000272221
2409,0.0000258582,0.2000000000,0.0000051716
52,0.0000987094,0.2000000000,0.0000197419
191,0.0001072101,0.2000000000,0.0000214420
668,0.0001470315,0.2000000000,0.0000294063
127,0.0001116044,0.3600000000,0.0000401776
395,0.0002672700,0.2000000000,0.0000534540
1411,0.0000893821,0.2000000000,0.0000178764
302,0.0000565591,0.2000000000,0.0000113118
2427,0.0000718959,0.2000000000,0.0000143792
70,0.0001500351,0.2000000000,0.0000300070
209,0.0001641288,0.2000000000,0.0000328258
386,0.0000845303,0.2000000000,0.0000169061
2135,0.0000294290,0.2000000000,0.0000058858
1026,0.0001012289,0.2000000000,0.0000202458
311,0.0001284831,0.3200000000,0.0000411146
809,0.0000511023,0.2000000000,0.0000102205
473,0.0004268404,0.2000000000,0.0000853681
370,0.0001822887,0.2000000000,0.0000364577
1168,0.0000407066,0.2000000000,0.0000081413
59,0.0001450022,0.5200000000,0.0000754012
421,0.0000689251,0.2000000000,0.0000137850
2778,0.0000067366,0.2000000000,0.0000013473
104,0.0001357026,0.5200000000,0.0000705653
645,0.0000300343,0.2000000000,0.0000060069
3002,0.0000222138,0.2000000000,0.0000044428
786,0.0000839404,0.2000000000,0.0000167881
3143,0.0000490659,0.2000000000,0.0000098132
1354,0.0000380182,0.2000000000,0.0000076036
245,0.0003166556,0.2000000000,0.0000633311
2602,0.0000063815,0.2000000000,0.0000012763
231,0.0002202348,0.2000000000,0.0000440470
536,0.0000679189,0.2000000000,0.0000135838
299,0.0001566103,0.2000000000,0.0000313221
1379,0.0000340297,0.2000000000,0.0000068059
270,0.0000573480,0.2000000000,0.0000114696
2627,0.0000037888,0.2000000000,0.0000007578
80,0.0002140049,0.2000000000,0.0000428010
1421,0.0000218466,0.3600000000,0.0000078648
3778,0.0000150097,0.2000000000,0.0000030019
312,0.0002263332,0.2000000000,0.0000452666
2669,0.0000298587,0.2000000000,0.0000059717
1962,0.0000103283,0.2000000000,0.0000020657
853,0.0001593170,0.2000000000,0.0000318634
573,0.0003349692,0.2000000000,0.0000669938
203,0.0001334922,0.1600000000,0.0000213588
2560,0.0000366584,0.2000000000,0.0000073317
317,0.0002171776,0.2000000000,0.0000434355
2674,0.0000387623,0.2000000000,0.0000077525
159,0.0001265984,0.3600000000,0.0000455754
1263,0.0000056462,0.2000000000,0.0000011292
65,0.0001024004,0.3600000000,0.0000368642
2422,0.0000152464,0.2000000000,0.0000030493
330,0.0000702781,0.2000000000,0.0000140556
1136,0.0001064758,0.2000000000,0.0000212952
27,0.0001103478,0.2000000000,0.0000220696
2384,0.0000408564,0.2000000000,0.0000081713
250,0.0003044738,0.2000000000,0.0000608948
178,0.0001835883,0.5200000000,0.0000954659
450,0.0001314734,0.3600000000,0.0000473304
1450,0.0000427233,0.2000000000,0.0000085447
3807,0.0000833282,0.2000000000,0.0000166656
341,0.0007301274,0.2000000000,0.0001460255
1219,0.0000287702,0.2000000000,0.0000057540
110,0.0000709611,0.2000000000,0.0000141922
2467,0.0000027176,0.3600000000,0.0000009783
37,0.0000847859,0.5200000000,0.0000440886
2394,0.0000218977,0.1600000000,0.0000035036
192,0.0000513902,0.3600000000,0.0000185005
2549,0.0000211920,0.1600000000,0.0000033907
1216,0.0001431839,0.2000000000,0.0000286368
107,0.0000599594,0.2000000000,0.0000119919
2464,0.0000097068,0.2000000000,0.0000019414
345,0.0002874804,0.2000000000,0.0000574961
1161,0.0000211775,0.2000000000,0.0000042355
153,0.0000490739,0.2000000000,0.0000098148
2510,0.0000264394,0.2000000000,0.0000052879
2268,0.0000492902,0.2000000000,0.0000098580
50,0.0001171458,0.2000000000,0.0000234292
2407,0.0000100814,0.2000000000,0.0000020163
21,0.0000578769,0.4800000000,0.0000277809
2378,0.0000356566,0.2000000000,0.0000071313
1133,0.0000285590,0.2000000000,0.0000057118
24,0.0000969349,0.1600000000,0.0000155096
25,0.0000521756,0.3600000000,0.0000187832
2382,0.0000764790,0.2000000000,0.0000152958
756,0.0000895263,0.3600000000,0.0000322295
1865,0.0001311192,0.2000000000,0.0000262238
643,0.0001062522,0.2000000000,0.0000212504
431,0.0000584374,0.3600000000,0.0000210375
2788,0.0000515756,0.2000000000,0.0000103151
615,0.0005110230,0.2000000000,0.0001022046
1183,0.0000657226,0.2000000000,0.0000131445
74,0.0001457831,0.3200000000,0.0000466506
1092,0.0001174957,0.2000000000,0.0000234991
397,0.0000813730,0.2000000000,0.0000162746
2754,0.0000270789,0.2000000000,0.0000054158
101,0.0001710956,0.1600000000,0.0000273753
41,0.0001459440,0.3600000000,0.0000525398
424,0.0003961089,0.2000000000,0.0000792218
2781,0.0000271814,0.2000000000,0.0000054363
965,0.0000349633,0.2000000000,0.0000069927
365,0.0000520822,0.3600000000,0.0000187496
1261,0.0002461268,0.3600000000,0.0000886056
152,0.0000398407,0.2000000000,0.0000079681
1190,0.0000330179,0.2000000000,0.0000066036
81,0.0000820910,0.3200000000,0.0000262691
2294,0.0000042631,0.3600000000,0.0000015347
1185,0.0002591071,0.2000000000,0.0000518214
76,0.0001132914,0.2000000000,0.0000226583
135,0.0002018033,0.2000000000,0.0000403607
83,0.0002103955,0.3200000000,0.0000673266
284,0.0000374552,0.2000000000,0.0000074910
2641,0.0001596854,0.2000000000,0.0000319371
35,0.0002360709,0.3600000000,0.0000849855
2392,0.0000326131,0.2000000000,0.0000065226
1353,0.0002130120,0.2000000000,0.0000426024
244,0.0003234596,0.2000000000,0.0000646919
2601,0.0000135235,0.2000000000,0.0000027047
1348,0.0000914369,0.2000000000,0.0000182874
239,0.0004828304,0.2000000000,0.0000965661
1180,0.0001502004,0.2000000000,0.0000300401
71,0.0000539062,0.2000000000,0.0000107812
2428,0.0001078226,0.2000000000,0.0000215645
11,0.0000446433,0.4800000000,0.0000214288
443,0.0000851740,0.2000000000,0.0000170348
2800,0.0000756986,0.2000000000,0.0000151397
140,0.0000977790,0.3600000000,0.0000352004
1240,0.0000436202,0.2000000000,0.0000087240
131,0.0002637177,0.2000000000,0.0000527435
2488,0.0000441912,0.2000000000,0.0000088382
130,0.0002512424,0.3200000000,0.0000803976
2487,0.0000382899,0.2000000000,0.0000076580
125,0.0000781113,0.2000000000,0.0000156223
124,0.0003077322,0.1600000000,0.0000492372
75,0.0001016245,0.2000000000,0.0000203249
1170,0.0000609509,0.1600000000,0.0000097521
61,0.0000886745,0.2000000000,0.0000177349
2418,0.0000259450,0.2000000000,0.0000051890
1179,0.0001619455,0.2000000000,0.0000323891
14,0.0000891751,0.3200000000,0.0000285360
2371,0.0000177673,0.2000000000,0.0000035535
3,0.0000066008,0.0000000000,0.0000000000
1111,0.0000391531,0.2000000000,0.0000078306
2002,0.0000834109,0.2000000000,0.0000166822
893,0.0002618432,0.2000000000,0.0000523686
3250,0.0000154126,0.2000000000,0.0000030825
426,0.0000137317,0.2000000000,0.0000027463
371,0.0004260139,0.2000000000,0.0000852028
208,0.0001528274,0.2000000000,0.0000305655
538,0.0001697028,0.2000000000,0.0000339406
2895,0.0000030336,0.2000000000,0.0000006067
430,0.0004187855,0.3600000000,0.0001507628
95,0.0002498833,0.3600000000,0.0000899580
33,0.0001232287,0.2000000000,0.0000246457
418,0.0002775985,0.2000000000,0.0000555197
1527,0.0000627201,0.2000000000,0.0000125440
310,0.0000599188,0.2000000000,0.0000119838
267,0.0001264235,0.2000000000,0.0000252847
2624,0.0000048591,0.2000000000,0.0000009718
187,0.0002173986,0.2000000000,0.0000434797
1186,0.0003760598,0.2000000000,0.0000752120
77,0.0000125806,0.3600000000,0.0000045290
355,0.0000295308,0.3600000000,0.0000106311
1233,0.0003159387,0.2000000000,0.0000631877
1181,0.0000361715,0.2000000000,0.0000072343
1118,0.0000634175,0.2000000000,0.0000126835
899,0.0000875986,0.2000000000,0.0000175197
1266,0.0002072814,0.2000000000,0.0000414563
971,0.0000336095,0.2000000000,0.0000067219
1110,0.0000277317,0.2000000000,0.0000055463
1594,0.0000899595,0.2000000000,0.0000179919
3951,0.0000083919,0.2000000000,0.0000016784
953,0.0000722451,0.2000000000,0.0000144490
3310,0.0000155675,0.2000000000,0.0000031135
1300,0.0001374025,0.2000000000,0.0000274805
739,0.0000041831,0.2000000000,0.0000008366
1569,0.0000366639,0.2000000000,0.0000073328
1160,0.0001259462,0.2000000000,0.0000251892
1772,0.0001173324,0.2000000000,0.0000234665
2308,0.0000208834,0.2000000000,0.0000041767
1403,0.0000388790,0.3600000000,0.0000139965
832,0.0000271926,0.2000000000,0.0000054385
2171,0.0000270200,0.2000000000,0.0000054040
1801,0.0000960115,0.2000000000,0.0000192023
1456,0.0000045449,0.2000000000,0.0000009090
3369,0.0000120310,0.2000000000,0.0000024062
1012,0.0000435984,0.3600000000,0.0000156954
2208,0.0000251885,0.2000000000,0.0000050377
2095,0.0000046854,0.2000000000,0.0000009371
874,0.0000573240,0.2000000000,0.0000114648
515,0.0000198537,0.2000000000,0.0000039707
1044,0.0000643123,0.2000000000,0.0000128625
1085,0.0000058941,0.2000000000,0.0000011788
1017,0.0001227096,0.2000000000,0.0000245419
3374,0.0000060247,0.2000000000,0.0000012049
812,0.0000553757,0.2000000000,0.0000110751
3169,0.0000685959,0.2000000000,0.0000137192
1302,0.0001045720,0.2000000000,0.0000209144
1665,0.0003332225,0.2000000000,0.0000666445
1631,0.0000430512,0.2000000000,0.0000086102
937,0.0000627947,0.1600000000,0.0000100471
1054,0.0001325900,0.2000000000,0.0000265180
3411,0.0000265235,0.3600000000,0.0000095485
1673,0.0001851396,0.3600000000,0.0000666502
1049,0.0000778189,0.2000000000,0.0000155638
1269,0.0001544758,0.2000000000,0.0000308952
879,0.0000499150,0.2000000000,0.0000099830
1059,0.0000205775,0.2000000000,0.0000041155
1528,0.0001001456,0.2000000000,0.0000200291
895,0.0000495026,0.2000000000,0.0000099005
696,0.0000545478,0.2000000000,0.0000109096
616,0.0000422732,0.2000000000,0.0000084546
1647,0.0000308926,0.3600000000,0.0000111213
4004,0.0000208016,0.2000000000,0.0000041603
1857,0.0000130736,0.2000000000,0.0000026147
1597,0.0000703423,0.2000000000,0.0000140685
933,0.0001172418,0.2000000000,0.0000234484
794,0.0000710903,0.2000000000,0.0000142181
680,0.0001371833,0.2000000000,0.0000274367
838,0.0001526562,0.2000000000,0.0000305312
3514,0.0000783185,0.2000000000,0.0000156637
1157,0.0000958977,0.2000000000,0.0000191795
1477,0.0000029348,0.2000000000,0.0000005870
1241,0.0001164314,0.2000000000,0.0000232863
1245,0.0001690300,0.2000000000,0.0000338060
1095,0.0000969265,0.2000000000,0.0000193853
1090,0.0000378941,0.1600000000,0.0000060631
3447,0.0000346444,0.2000000000,0.0000069289
999,0.0000391185,0.2000000000,0.0000078237
3865,0.0000581084,0.2000000000,0.0000116217
1508,0.0000094905,0.2000000000,0.0000018981
1489,0.0000544832,0.2000000000,0.0000108966
829,0.0000445067,0.1600000000,0.0000071211
606,0.0000350687,0.2000000000,0.0000070137
1467,0.0000482008,0.2000000000,0.0000096402
699,0.0000841631,0.2000000000,0.0000168326
1303,0.0001046524,0.2000000000,0.0000209305
1297,0.0000618221,0.2000000000,0.0000123644
4308,0.0000211458,0.2000000000,0.0000042292
2854,0.0000113429,0.2000000000,0.0000022686
2199,0.0000042058,0.2000000000,0.0000008412
1759,0.0000266271,0.2000000000,0.0000053254
1618,0.0001111695,0.2000000000,0.0000222339
978,0.0000295812,0.2000000000,0.0000059162
831,0.0000606299,0.2000000000,0.0000121260
1115,0.0000239418,0.2000000000,0.0000047884
916,0.0000335469,0.3600000000,0.0000120769
1080,0.0000318918,0.2000000000,0.0000063784
3437,0.0000156550,0.2000000000,0.0000031310
890,0.0000890623,0.2000000000,0.0000178125
725,0.0000930635,0.2000000000,0.0000186127
1368,0.0000299077,0.2000000000,0.0000059815
1141,0.0000325433,0.2000000000,0.0000065087
2228,0.0000865599,0.2000000000,0.0000173120
1001,0.0000833688,0.2000000000,0.0000166738
3358,0.0000031541,0.2000000000,0.0000006308
825,0.0000151832,0.2000000000,0.0000030366
867,0.0000365940,0.2000000000,0.0000073188
1655,0.0000670222,0.2000000000,0.0000134044
4012,0.0000179392,0.2000000000,0.0000035878
1193,0.0001135396,0.2000000000,0.0000227079
991,0.0000172623,0.2000000000,0.0000034525
4448,0.0000149678,0.2000000000,0.0000029936
2091,0.0000735678,0.2000000000,0.0000147136
1656,0.0000059142,0.2000000000,0.0000011828
1113,0.0000100032,0.2000000000,0.0000020006
1003,0.0000741326,0.2000000000,0.0000148265
908,0.0000119233,0.3600000000,0.0000042924
3265,0.0000359999,0.2000000000,0.0000072000
1963,0.0000409319,0.2000000000,0.0000081864
1122,0.0000495683,0.2000000000,0.0000099137
4503,0.0000181368,0.2000000000,0.0000036274
2146,0.0000414293,0.2000000000,0.0000082859
2304,0.0000652284,0.3600000000,0.0000234822
1613,0.0000339588,0.2000000000,0.0000067918
751,0.0000786014,0.2000000000,0.0000157203
3108,0.0000570014,0.2000000000,0.0000114003
545,0.0000163656,0.3600000000,0.0000058916
2902,0.0000041119,0.2000000000,0.0000008224
911,0.0000695134,0.2000000000,0.0000139027
847,0.0001136657,0.2000000000,0.0000227331
917,0.0000507414,0.2000000000,0.0000101483
3274,0.0000120019,0.3600000000,0.0000043207
897,0.0000488850,0.2000000000,0.0000097770
1932,0.0001009076,0.2000000000,0.0000201815
1251,0.0000340166,0.3600000000,0.0000122460
1228,0.0000277101,0.2000000000,0.0000055420
533,0.0000074961,0.1600000000,0.0000011994
2890,0.0000357121,0.2000000000,0.0000071424
1159,0.0000222672,0.2000000000,0.0000044534
1511,0.0001895645,0.2000000000,0.0000379129
935,0.0000954197,0.2000000000,0.0000190839
1087,0.0000694652,0.2000000000,0.0000138930
2156,0.0000436964,0.2000000000,0.0000087393
994,0.0000248802,0.2000000000,0.0000049760
1727,0.0001608680,0.2000000000,0.0000321736
1659,0.0000220524,0.2000000000,0.0000044105
1643,0.0000304287,0.2000000000,0.0000060857
762,0.0000399672,0.2000000000,0.0000079934
1401,0.0000130276,0.2000000000,0.0000026055
1398,0.0000505935,0.2000000000,0.0000101187
3599,0.0000129977,0.2000000000,0.0000025995
1242,0.0000350417,0.2000000000,0.0000070083
2070,0.0000362750,0.2000000000,0.0000072550
1788,0.0000952464,0.2000000000,0.0000190493
1588,0.0000566080,0.2000000000,0.0000113216
3945,0.0000231040,0.2000000000,0.0000046208
1712,0.0000146489,0.2000000000,0.0000029298
1848,0.0000339888,0.2000000000,0.0000067978
637,0.0000283915,0.1600000000,0.0000045426
2994,0.0000295140,0.2000000000,0.0000059028
155,0.0000137685,0.2000000000,0.0000027537
2512,0.0000451737,0.2000000000,0.0000090347
1024,0.0000881083,0.2000000000,0.0000176217
2036,0.0000263655,0.2000000000,0.0000052731
741,0.0000109597,0.2000000000,0.0000021919
1309,0.0000275490,0.2000000000,0.0000055098
877,0.0000399455,0.2000000000,0.0000079891
1010,0.0000316790,0.2000000000,0.0000063358
1123,0.0000862757,0.2000000000,0.0000172551
2077,0.0001200379,0.2000000000,0.0000240076
822,0.0000640048,0.2000000000,0.0000128010
3179,0.0000184968,0.2000000000,0.0000036994
2079,0.0000813725,0.2000000000,0.0000162745
1311,0.0000447169,0.2000000000,0.0000089434
3668,0.0000195010,0.2000000000,0.0000039002
1000,0.0000387543,0.2000000000,0.0000077509
1639,0.0000413391,0.2000000000,0.0000082678
1454,0.0000435596,0.2000000000,0.0000087119
883,0.0000403301,0.2000000000,0.0000080660
3240,0.0000038542,0.2000000000,0.0000007708
2139,0.0000826578,0.2000000000,0.0000165316
2081,0.0000218016,0.2000000000,0.0000043603
1135,0.0000223569,0.3600000000,0.0000080485
1290,0.0000501014,0.2000000000,0.0000100203
843,0.0000530283,0.2000000000,0.0000106057
3200,0.0000171072,0.2000000000,0.0000034214
1893,0.0000442713,0.2000000000,0.0000088543
1075,0.0000237027,0.2000000000,0.0000047405
445,0.0000224735,0.2000000000,0.0000044947
997,0.0000396766,0.2000000000,0.0000079353
2284,0.0000288806,0.2000000000,0.0000057761
2039,0.0000444484,0.2000000000,0.0000088897
982,0.0000653061,0.2000000000,0.0000130612
947,0.0000738851,0.2000000000,0.0000147770
1425,0.0000498187,0.2000000000,0.0000099637
1873,0.0001274509,0.2000000000,0.0000254902
4230,0.0000054010,0.2000000000,0.0000010802
1635,0.0000231742,0.2000000000,0.0000046348
1548,0.0000860632,0.2000000000,0.0000172126
1970,0.0000335707,0.2000000000,0.0000067141
1580,0.0000741293,0.2000000000,0.0000148259
777,0.0000545394,0.2000000000,0.0000109079
3134,0.0000130866,0.2000000000,0.0000026173
1901,0.0000188914,0.2000000000,0.0000037783
934,0.0000116944,0.2000000000,0.0000023389
1416,0.0000499661,0.2000000000,0.0000099932
2183,0.0000319722,0.2000000000,0.0000063944
1451,0.0000212437,0.1600000000,0.0000033990
3808,0.0000438059,0.1600000000,0.0000070089
653,0.0000131946,0.2000000000,0.0000026389
816,0.0000141642,0.2000000000,0.0000028328
3326,0.0000527477,0.2000000000,0.0000105495
969,0.0000183547,0.1600000000,0.0000029368
993,0.0000161375,0.2000000000,0.0000032275
1468,0.0000343057,0.2000000000,0.0000068611
4397,0.0000015175,0.1600000000,0.0000002428
2040,0.0000352476,0.2000000000,0.0000070495
1586,0.0000375905,0.2000000000,0.0000075181
1533,0.0000721104,0.2000000000,0.0000144221
1114,0.0001631000,0.2000000000,0.0000326200
1222,0.0002961235,0.2000000000,0.0000592247
1322,0.0002111371,0.2000000000,0.0000422274
1027,0.0000902388,0.2000000000,0.0000180478
1605,0.0001244035,0.3600000000,0.0000447853
759,0.0000248572,0.3600000000,0.0000089486
3116,0.0000044377,0.2000000000,0.0000008875
1388,0.0002089459,0.2000000000,0.0000417892
919,0.0001201781,0.2000000000,0.0000240356
607,0.0000245004,0.1600000000,0.0000039201
1797,0.0001020774,0.2000000000,0.0000204155
1544,0.0001001434,0.2000000000,0.0000200287
1408,0.0000770313,0.2000000000,0.0000154063
1071,0.0000239460,0.2000000000,0.0000047892
3428,0.0000259288,0.2000000000,0.0000051858
1176,0.0000643415,0.2000000000,0.0000128683
2320,0.0000421178,0.2000000000,0.0000084236
1130,0.0000249057,0.2000000000,0.0000049811
1566,0.0000946557,0.2000000000,0.0000189311
1983,0.0000369896,0.2000000000,0.0000073979
1928,0.0000851071,0.2000000000,0.0000170214
1621,0.0000151412,0.2000000000,0.0000030282
1841,0.0000261352,0.2000000000,0.0000052270
1381,0.0000547003,0.2000000000,0.0000109401
1296,0.0000225741,0.2000000000,0.0000045148
3653,0.0001074481,0.2000000000,0.0000214896
1331,0.0000152777,0.2000000000,0.0000030555
2957,0.0000831206,0.3600000000,0.0000299234
2144,0.0001000762,0.2000000000,0.0000200152
2103,0.0000086618,0.2000000000,0.0000017324
1948,0.0000245692,0.2000000000,0.0000049138
1089,0.0000157147,0.2000000000,0.0000031429
938,0.0000035769,0.2000000000,0.0000007154
3295,0.0000219531,0.2000000000,0.0000043906
1144,0.0000495362,0.2000000000,0.0000099072
4047,0.0000033659,0.2000000000,0.0000006732
1509,0.0000876497,0.2000000000,0.0000175299
1896,0.0000199802,0.2000000000,0.0000039960
2012,0.0000581845,0.2000000000,0.0000116369
1127,0.0000228777,0.2000000000,0.0000045755
1959,0.0000179765,0.2000000000,0.0000035953
878,0.0000376415,0.2000000000,0.0000075283
1344,0.0000421674,0.2000000000,0.0000084335
1861,0.0000231254,0.3600000000,0.0000083251
1507,0.0000302133,0.2000000000,0.0000060427
3864,0.0000032517,0.2000000000,0.0000006503
1060,0.0002082224,0.3600000000,0.0000749601
693,0.0000252067,0.2000000000,0.0000050413
1237,0.0002288447,0.2000000000,0.0000457689
1280,0.0002071555,0.2000000000,0.0000414311
271,0.0000108434,0.2000000000,0.0000021687
909,0.0000212538,0.2000000000,0.0000042508
1046,0.0000201680,0.2000000000,0.0000040336
3403,0.0000119615,0.2000000000,0.0000023923
1039,0.0000164963,0.3600000000,0.0000059387
2116,0.0000282400,0.2000000000,0.0000056480
1395,0.0000228714,0.2000000000,0.0000045743
3752,0.0000346224,0.2000000000,0.0000069245
1660,0.0000679170,0.2000000000,0.0000135834
1235,0.0000049957,0.2000000000,0.0000009991
1610,0.0002170459,0.2000000000,0.0000434092
1330,0.0000448973,0.2000000000,0.0000089795
1556,0.0001598118,0.2000000000,0.0000319624
1103,0.0000300220,0.2000000000,0.0000060044
1078,0.0001567542,0.2000000000,0.0000313508
2035,0.0000094698,0.2000000000,0.0000018940
210,0.0000047987,0.2000000000,0.0000009597
1941,0.0000414960,0.2000000000,0.0000082992
665,0.0000036462,0.2000000000,0.0000007292
383,0.0000287505,0.2000000000,0.0000057501
2740,0.0000495787,0.2000000000,0.0000099157
2076,0.0000098772,0.2000000000,0.0000019754
1973,0.0000506723,0.2000000000,0.0000101345
4330,0.0000171037,0.3600000000,0.0000061573
1823,0.0000207496,0.2000000000,0.0000041499
1634,0.0000348937,0.2000000000,0.0000069787
1600,0.0001362907,0.2000000000,0.0000272581
2232,0.0000172206,0.2000000000,0.0000034441
1182,0.0000185641,0.2000000000,0.0000037128
4044,0.0000062168,0.2000000000,0.0000012434
3858,0.0000109925,0.2000000000,0.0000021985
3289,0.0000085508,0.2000000000,0.0000017102
932,0.0000179147,0.2000000000,0.0000035829
1472,0.0000378633,0.2000000000,0.0000075727
1523,0.0000838032,0.2000000000,0.0000167606
681,0.0000113058,0.2000000000,0.0000022612
3038,0.0000105916,0.2000000000,0.0000021183
824,0.0000828648,0.2000000000,0.0000165730
1134,0.0000456358,0.2000000000,0.0000091272
823,0.0000184727,0.1600000000,0.0000029556
2899,0.0000593262,0.2000000000,0.0000118652
542,0.0000066487,0.2000000000,0.0000013297
1312,0.0000313040,0.2000000000,0.0000062608
1460,0.0000883945,0.2000000000,0.0000176789
319,0.0000675331,0.2000000000,0.0000135066
921,0.0000692324,0.2000000000,0.0000138465
1367,0.0000889751,0.2000000000,0.0000177950
2256,0.0000371447,0.2000000000,0.0000074289
1496,0.0001159221,0.2000000000,0.0000231844
1067,0.0000482117,0.5200000000,0.0000250701
844,0.0000458510,0.2000000000,0.0000091702
1744,0.0000315573,0.2000000000,0.0000063115
2352,0.0001766219,0.2000000000,0.0000353244
1359,0.0001170853,0.2000000000,0.0000234171
1284,0.0000977352,0.2000000000,0.0000195470
578,0.0000693364,0.2000000000,0.0000138673
1391,0.0001730245,0.2000000000,0.0000346049
1270,0.0000756981,0.2000000000,0.0000151396
1053,0.0001230588,0.2000000000,0.0000246118
624,0.0000164679,0.2000000000,0.0000032936
1740,0.0000617112,0.2000000000,0.0000123422
1458,0.0001310865,0.2000000000,0.0000262173
1274,0.0000202186,0.2000000000,0.0000040437
2293,0.0000178997,0.2000000000,0.0000035799
1606,0.0000150374,0.2000000000,0.0000030075
1098,0.0000713438,0.2000000000,0.0000142688
1278,0.0000729328,0.2000000000,0.0000145866
1935,0.0000280066,0.2000000000,0.0000056013
4228,0.0000221803,0.2000000000,0.0000044361
1549,0.0000266707,0.2000000000,0.0000053341
4346,0.0000270460,0.2000000000,0.0000054092
1989,0.0000323692,0.2000000000,0.0000064738
1446,0.0000156161,0.2000000000,0.0000031232
1201,0.0000097359,0.2000000000,0.0000019472
1042,0.0000246023,0.1600000000,0.0000039364
377,0.0000496033,0.2000000000,0.0000099207
1221,0.0000400978,0.2000000000,0.0000080196
1310,0.0001048502,0.2000000000,0.0000209700
2111,0.0000221448,0.3600000000,0.0000079721
1766,0.0000516479,0.2000000000,0.0000103296
1304,0.0000216249,0.2000000000,0.0000043250
1547,0.0000488178,0.2000000000,0.0000097636
1076,0.0000704484,0.2000000000,0.0000140897
826,0.0000168644,0.2000000000,0.0000033729
3183,0.0000140535,0.2000000000,0.0000028107
1376,0.0000536169,0.2000000000,0.0000107234
1065,0.0000966512,0.2000000000,0.0000193302
3422,0.0000090571,0.2000000000,0.0000018114
840,0.0000527340,0.2000000000,0.0000105468
1189,0.0000113711,0.3200000000,0.0000036387
1480,0.0000839038,0.2000000000,0.0000167808
1378,0.0000334858,0.2000000000,0.0000066972
1227,0.0000300871,0.2000000000,0.0000060174
1030,0.0000278381,0.2000000000,0.0000055676
1692,0.0000364248,0.2000000000,0.0000072850
4049,0.0000031525,0.2000000000,0.0000006305
1629,0.0000156446,0.2000000000,0.0000031289
1349,0.0000373670,0.2000000000,0.0000074734
3706,0.0000068575,0.2000000000,0.0000013715
2107,0.0000311746,0.2000000000,0.0000062349
1239,0.0000564585,0.2000000000,0.0000112917
1384,0.0000143393,0.2000000000,0.0000028679
2196,0.0000320135,0.2000000000,0.0000064027
2165,0.0000053193,0.2000000000,0.0000010639
1405,0.0000046187,0.2000000000,0.0000009237
1473,0.0000572343,0.3600000000,0.0000206044
694,0.0000498774,0.3600000000,0.0000179559
1070,0.0000128846,0.2000000000,0.0000025769
1516,0.0000206534,0.2000000000,0.0000041307
1506,0.0000264414,0.2000000000,0.0000052883
1390,0.0000258364,0.2000000000,0.0000051673
1232,0.0000550459,0.2000000000,0.0000110092
1068,0.0000440854,0.2000000000,0.0000088171
1315,0.0000654624,0.2000000000,0.0000130925
3672,0.0000370755,0.2000000000,0.0000074151
902,0.0000832916,0.2000000000,0.0000166583
1476,0.0000519249,0.2000000000,0.0000103850
1032,0.0000379220,0.2000000000,0.0000075844
1427,0.0000646803,0.2000000000,0.0000129361
1868,0.0000408717,0.2000000000,0.0000081743
1666,0.0000232596,0.2000000000,0.0000046519
1442,0.0000444283,0.2000000000,0.0000088857
1699,0.0000197099,0.2000000000,0.0000039420
1555,0.0000421226,0.2000000000,0.0000084245
1011,0.0000844064,0.2000000000,0.0000168813
3368,0.0000064021,0.2000000000,0.0000012804
1495,0.0000251301,0.2000000000,0.0000050260
1262,0.0000841762,0.2000000000,0.0000168352
1474,0.0000889158,0.2000000000,0.0000177832
3977,0.0000436876,0.3600000000,0.0000157275
1620,0.0000213861,0.1600000000,0.0000034218
1445,0.0000245642,0.2000000000,0.0000049128
1599,0.0000174762,0.2000000000,0.0000034952
1714,0.0000144385,0.2000000000,0.0000028877
4071,0.0000236908,0.2000000000,0.0000047382
4475,0.0000058050,0.2000000000,0.0000011610
2178,0.0000285151,0.2000000000,0.0000057030
1209,0.0000583734,0.2000000000,0.0000116747
1471,0.0000077758,0.2000000000,0.0000015552
3828,0.0000252506,0.2000000000,0.0000050501
1402,0.0000177943,0.2000000000,0.0000035589
558,0.0000147550,0.3600000000,0.0000053118
1796,0.0000288519,0.2000000000,0.0000057704
2106,0.0000103514,0.2000000000,0.0000020703
4463,0.0000144092,0.2000000000,0.0000028818
1617,0.0000348312,0.2000000000,0.0000069662
1418,0.0000251295,0.2000000000,0.0000050259
1975,0.0000188894,0.2000000000,0.0000037779
1094,0.0000404656,0.2000000000,0.0000080931
1601,0.0000297174,0.2000000000,0.0000059435
1986,0.0000501647,0.2000000000,0.0000100329
4001,0.0000119254,0.2000000000,0.0000023851
3486,0.0000337850,0.2000000000,0.0000067570
1798,0.0000521650,0.2000000000,0.0000104330
2013,0.0000602184,0.1600000000,0.0000096349
2249,0.0000128294,0.1600000000,0.0000020527
1214,0.0000221684,0.2000000000,0.0000044337
3571,0.0000046752,0.2000000000,0.0000009350
1738,0.0000377734,0.2000000000,0.0000075547
1299,0.0000722251,0.2000000000,0.0000144450
3656,0.0000058038,0.2000000000,0.0000011608
1174,0.0000795216,0.2000000000,0.0000159043
983,0.0000151820,0.2000000000,0.0000030364
2132,0.0000070793,0.2000000000,0.0000014159
1006,0.0000256929,0.2000000000,0.0000051386
3363,0.0000167644,0.3600000000,0.0000060352
1980,0.0000754368,0.2000000000,0.0000150874
436,0.0000098005,0.2000000000,0.0000019601
1842,0.0000852258,0.2000000000,0.0000170452
1715,0.0000724102,0.2000000000,0.0000144820
1689,0.0000590881,0.2000000000,0.0000118176
3643,0.0000079570,0.2000000000,0.0000015914
1002,0.0000165506,0.2000000000,0.0000033101
2325,0.0000102656,0.2000000000,0.0000020531
1892,0.0000212598,0.2000000000,0.0000042520
603,0.0000107494,0.2000000000,0.0000021499
399,0.0000372301,0.2000000000,0.0000074460
2072,0.0000118948,0.2000000000,0.0000023790
1117,0.0000096071,0.2000000000,0.0000019214
4078,0.0000401506,0.2000000000,0.0000080301
1721,0.0000625254,0.2000000000,0.0000125051
3404,0.0000238823,0.2000000000,0.0000047765
1047,0.0000277601,0.2000000000,0.0000055520
3845,0.0000114425,0.2000000000,0.0000022885
3016,0.0000187902,0.2000000000,0.0000037580
659,0.0000094422,0.2000000000,0.0000018884
1937,0.0000146955,0.2000000000,0.0000029391
1835,0.0000243774,0.2000000000,0.0000048755
4521,0.0000107610,0.2000000000,0.0000021522
4453,0.0000094522,0.2000000000,0.0000018904
2096,0.0000100494,0.2000000000,0.0000020099
1651,0.0000715261,0.2000000000,0.0000143052
1765,0.0001664126,0.2000000000,0.0000332825
941,0.0000178777,0.2000000000,0.0000035755
1954,0.0000894062,0.2000000000,0.0000178812
1420,0.0000033884,0.2000000000,0.0000006777
2010,0.0000353526,0.2000000000,0.0000070705
1754,0.0000107055,0.2000000000,0.0000021411
1207,0.0000112399,0.2000000000,0.0000022480
2141,0.0000092536,0.2000000000,0.0000018507
1086,0.0000540070,0.2000000000,0.0000108014
2230,0.0000070911,0.2000000000,0.0000014182
1775,0.0000051572,0.1600000000,0.0000008252
927,0.0000081935,0.2000000000,0.0000016387
1589,0.0001056715,0.2000000000,0.0000211343
2213,0.0000638891,0.2000000000,0.0000127778
1253,0.0000952619,0.2000000000,0.0000190524
3610,0.0000094288,0.1600000000,0.0000015086
1787,0.0000370198,0.2000000000,0.0000074040
2517,0.0000642843,0.2000000000,0.0000128569
160,0.0000032750,0.5200000000,0.0000017030
1996,0.0000582060,0.2000000000,0.0000116412
2266,0.0000083430,0.2000000000,0.0000016686
1856,0.0000183344,0.2000000000,0.0000036669
960,0.0001124360,0.2000000000,0.0000224872
1777,0.0000681062,0.2000000000,0.0000136212
1459,0.0000064355,0.2000000000,0.0000012871
1254,0.0000265926,0.2000000000,0.0000053185
631,0.0000060089,0.2000000000,0.0000012018
2563,0.0000152714,0.3600000000,0.0000054977
206,0.0000263691,0.2000000000,0.0000052738
1249,0.0000090722,0.2000000000,0.0000018144
1234,0.0000150137,0.1600000000,0.0000024022
3591,0.0000177640,0.2000000000,0.0000035528
2349,0.0000106138,0.2000000000,0.0000021228
3544,0.0000059739,0.2000000000,0.0000011948
1187,0.0000277771,0.2000000000,0.0000055554
1173,0.0000689443,0.2000000000,0.0000137889
2114,0.0000061238,0.2000000000,0.0000012248
2083,0.0000054520,0.1600000000,0.0000008723
2136,0.0000320876,0.2000000000,0.0000064175
1082,0.0000194371,0.2000000000,0.0000038874
3740,0.0000212571,0.2000000000,0.0000042514
1383,0.0000037451,0.2000000000,0.0000007490
1265,0.0000114825,0.2000000000,0.0000022965
1479,0.0000260441,0.2000000000,0.0000052088
1350,0.0000400889,0.2000000000,0.0000080178
3707,0.0000119719,0.2000000000,0.0000023944
1230,0.0000191269,0.2000000000,0.0000038254
1339,0.0000727112,0.2000000000,0.0000145422
1440,0.0000617946,0.2000000000,0.0000123589
565,0.0000037106,0.2000000000,0.0000007421
1352,0.0000192437,0.2000000000,0.0000038487
3262,0.0000081349,0.2000000000,0.0000016270
1914,0.0000276017,0.2000000000,0.0000055203
1849,0.0000068275,0.2000000000,0.0000013655
1192,0.0000244652,0.2000000000,0.0000048930
1711,0.0000928157,0.2000000000,0.0000185631
1116,0.0000255964,0.3600000000,0.0000092147
664,0.0000215673,0.2000000000,0.0000043135
1188,0.0000269669,0.2000000000,0.0000053934
1526,0.0000400727,0.2000000000,0.0000080145
3964,0.0000106993,0.2000000000,0.0000021399
1671,0.0000302966,0.2000000000,0.0000060593
1142,0.0000561007,0.2000000000,0.0000112201
470,0.0000225596,0.3600000000,0.0000081215
1591,0.0000762400,0.2000000000,0.0000152480
1213,0.0000046170,0.2000000000,0.0000009234
3570,0.0000466759,0.2000000000,0.0000093352
1410,0.0000241065,0.2000000000,0.0000048213
2263,0.0000350876,0.2000000000,0.0000070175
1961,0.0000199439,0.2000000000,0.0000039888
1952,0.0000164107,0.2000000000,0.0000032821
4189,0.0000194233,0.2000000000,0.0000038847
1832,0.0000395817,0.2000000000,0.0000079163
3984,0.0000127371,0.2000000000,0.0000025474
2295,0.0000120616,0.2000000000,0.0000024123
2205,0.0000318814,0.2000000000,0.0000063763
2066,0.0000162693,0.2000000000,0.0000032539
1342,0.0000441882,0.2000000000,0.0000088376
731,0.0000582757,0.2000000000,0.0000116551
1611,0.0000492350,0.3600000000,0.0000177246
2298,0.0000085504,0.2000000000,0.0000017101
2267,0.0000145089,0.2000000000,0.0000029018
2191,0.0000587437,0.2000000000,0.0000117487
1393,0.0000414022,0.2000000000,0.0000082804
956,0.0000566748,0.2000000000,0.0000113350
3495,0.0000146733,0.2000000000,0.0000029347
1138,0.0000327293,0.2000000000,0.0000065459
1779,0.0000081993,0.2000000000,0.0000016399
1305,0.0000381254,0.2000000000,0.0000076251
3662,0.0000073686,0.2000000000,0.0000014737
1583,0.0000329154,0.2000000000,0.0000065831
2259,0.0000141619,0.2000000000,0.0000028324
1845,0.0000100808,0.2000000000,0.0000020162
1559,0.0000466418,0.3600000000,0.0000167910
3916,0.0000193586,0.2000000000,0.0000038717
2157,0.0000693445,0.2000000000,0.0000138689
1521,0.0000483668,0.2000000000,0.0000096734
3636,0.0000148154,0.2000000000,0.0000029631
1279,0.0000325570,0.2000000000,0.0000065114
1499,0.0000118108,0.1600000000,0.0000018897
1979,0.0001159692,0.2000000000,0.0000231938
1701,0.0000383984,0.3600000000,0.0000138234
2296,0.0000792872,0.2000000000,0.0000158574
1532,0.0000228007,0.2000000000,0.0000045601
3644,0.0000173056,0.2000000000,0.0000034611
1318,0.0000320164,0.1600000000,0.0000051226
1672,0.0000073082,0.2000000000,0.0000014616
1097,0.0000439517,0.2000000000,0.0000087903
3454,0.0000188963,0.2000000000,0.0000037793
813,0.0000069606,0.3600000000,0.0000025058
3170,0.0000198179,0.2000000000,0.0000039636
1750,0.0000344242,0.2000000000,0.0000068848
1668,0.0000308871,0.1600000000,0.0000049419
1424,0.0000489332,0.2000000000,0.0000097866
1417,0.0000262018,0.2000000000,0.0000052404
1542,0.0000310068,0.2000000000,0.0000062014
1462,0.0000134906,0.2000000000,0.0000026981
1146,0.0000280767,0.2000000000,0.0000056153
1590,0.0000208801,0.2000000000,0.0000041760
1657,0.0000453181,0.2000000000,0.0000090636
1435,0.0000700777,0.2000000000,0.0000140155
1817,0.0000465979,0.2000000000,0.0000093196
1465,0.0000303098,0.2000000000,0.0000060620
3822,0.0000053771,0.2000000000,0.0000010754
963,0.0000398327,0.2000000000,0.0000079665
499,0.0000122705,0.2000000000,0.0000024541
4325,0.0000116252,0.2000000000,0.0000023250
1872,0.0000113702,0.2000000000,0.0000022740
858,0.0000152916,0.2000000000,0.0000030583
1637,0.0000027237,0.2000000000,0.0000005447
1447,0.0000457503,0.2000000000,0.0000091501
931,0.0000076554,0.3600000000,0.0000027559
2218,0.0000414187,0.2000000000,0.0000082837
1531,0.0000175205,0.2000000000,0.0000035041
1466,0.0000629145,0.2000000000,0.0000125829
1898,0.0000622759,0.2000000000,0.0000124552
3670,0.0000678071,0.3600000000,0.0000244106
1993,0.0000390499,0.2000000000,0.0000078100
2078,0.0000426422,0.3600000000,0.0000153512
4435,0.0000149916,0.2000000000,0.0000029983
1936,0.0000278890,0.2000000000,0.0000055778
2220,0.0000057680,0.3600000000,0.0000020765
876,0.0000245861,0.2000000000,0.0000049172
1663,0.0000258808,0.2000000000,0.0000051762
1301,0.0000145180,0.2000000000,0.0000029036
1004,0.0000808481,0.2000000000,0.0000161696
1706,0.0000419284,0.2000000000,0.0000083857
4063,0.0000193522,0.2000000000,0.0000038704
2055,0.0000451774,0.2000000000,0.0000090355
1035,0.0000167061,0.3600000000,0.0000060142
3059,0.0000874369,0.2000000000,0.0000174874
1682,0.0000333435,0.2000000000,0.0000066687
614,0.0000197775,0.2000000000,0.0000039555
1709,0.0000350077,0.2000000000,0.0000070015
2005,0.0000129230,0.2000000000,0.0000025846
2301,0.0000107265,0.2000000000,0.0000021453
1258,0.0000064380,0.2000000000,0.0000012876
3649,0.0000152337,0.2000000000,0.0000030467
1292,0.0000172262,0.2000000000,0.0000034452
1884,0.0000467860,0.2000000000,0.0000093572
1045,0.0000202521,0.2000000000,0.0000040504
1150,0.0000299891,0.2000000000,0.0000059978
2253,0.0000092354,0.2000000000,0.0000018471
1137,0.0000144755,0.2000000000,0.0000028951
1552,0.0000150562,0.3600000000,0.0000054202
1481,0.0000233534,0.2000000000,0.0000046707
1904,0.0000525075,0.2000000000,0.0000105015
1698,0.0000398625,0.2000000000,0.0000079725
4055,0.0000281625,0.2000000000,0.0000056325
2244,0.0000325090,0.2000000000,0.0000065018
1543,0.0000131102,0.2000000000,0.0000026220
464,0.0000163371,0.2000000000,0.0000032674
1843,0.0000238642,0.3600000000,0.0000085911
1143,0.0000321691,0.2000000000,0.0000064338
716,0.0000119433,0.2000000000,0.0000023887
3073,0.0000294746,0.2000000000,0.0000058949
1821,0.0000030706,0.2000000000,0.0000006141
1820,0.0000024491,0.2000000000,0.0000004898
957,0.0000601503,0.2000000000,0.0000120301
598,0.0000115101,0.2000000000,0.0000023020
1152,0.0000300338,0.2000000000,0.0000060068
628,0.0000219598,0.2000000000,0.0000043920
1557,0.0000034945,0.3600000000,0.0000012580
1950,0.0000764420,0.2000000000,0.0000152884
1736,0.0000164680,0.2000000000,0.0000032936
1106,0.0000036846,0.2000000000,0.0000007369
320,0.0000054771,0.2000000000,0.0000010954
1061,0.0000254063,0.2000000000,0.0000050813
3418,0.0000348008,0.1600000000,0.0000055681
771,0.0000209351,0.2000000000,0.0000041870
1515,0.0000273280,0.2000000000,0.0000054656
4277,0.0000102192,0.2000000000,0.0000020438
1920,0.0000320642,0.2000000000,0.0000064128
4011,0.0000074225,0.2000000000,0.0000014845
1081,0.0000329692,0.2000000000,0.0000065938
1202,0.0000217764,0.2000000000,0.0000043553
3559,0.0000031750,0.2000000000,0.0000006350
1104,0.0000147731,0.2000000000,0.0000029546
1847,0.0000590967,0.2000000000,0.0000118193
2819,0.0000119041,0.2000000000,0.0000023808
462,0.0000544606,0.2000000000,0.0000108921
1101,0.0000168622,0.2000000000,0.0000033724
3458,0.0000065604,0.2000000000,0.0000013121
4297,0.0000082229,0.2000000000,0.0000016446
1653,0.0000447656,0.2000000000,0.0000089531
2300,0.0000407482,0.2000000000,0.0000081496
1314,0.0000114931,0.2000000000,0.0000022986
1072,0.0000860188,0.2000000000,0.0000172038
1704,0.0000670309,0.2000000000,0.0000134062
1891,0.0000324316,0.3600000000,0.0000116754
4248,0.0000730368,0.2000000000,0.0000146074
1880,0.0000441329,0.2000000000,0.0000088266
1184,0.0000484541,0.2000000000,0.0000096908
1518,0.0000228067,0.2000000000,0.0000045613
1764,0.0000310475,0.2000000000,0.0000062095
924,0.0000263458,0.2000000000,0.0000052692
1894,0.0000836139,0.2000000000,0.0000167228
599,0.0000715978,0.2000000000,0.0000143196
1198,0.0000653680,0.2000000000,0.0000130736
1679,0.0000369722,0.2000000000,0.0000073944
1165,0.0000112972,0.2000000000,0.0000022594
1707,0.0000091621,0.2000000000,0.0000018324
1151,0.0000168526,0.2000000000,0.0000033705
2322,0.0000266153,0.2000000000,0.0000053231
1102,0.0000026532,0.2000000000,0.0000005306
3459,0.0000067375,0.2000000000,0.0000013475
1492,0.0000338590,0.2000000000,0.0000067718
4120,0.0000129523,0.3600000000,0.0000046628
1763,0.0000824463,0.2000000000,0.0000164893
1934,0.0000392010,0.2000000000,0.0000078402
2185,0.0000344759,0.2000000000,0.0000068952
1520,0.0000796772,0.2000000000,0.0000159354
3787,0.0000108714,0.2000000000,0.0000021743
1019,0.0000189346,0.3600000000,0.0000068165
2188,0.0000048938,0.3600000000,0.0000017618
1761,0.0000104705,0.2000000000,0.0000020941
1009,0.0000199337,0.2000000000,0.0000039867
2074,0.0000485793,0.2000000000,0.0000097159
1210,0.0000391591,0.2000000000,0.0000078318
2113,0.0000565622,0.3600000000,0.0000203624
1899,0.0000203005,0.2000000000,0.0000040601
1784,0.0000170051,0.2000000000,0.0000034010
2175,0.0000388049,0.2000000000,0.0000077610
2310,0.0000036875,0.2000000000,0.0000007375
1693,0.0000085837,0.2000000000,0.0000017167
1306,0.0000303985,0.2000000000,0.0000060797
1722,0.0000207800,0.2000000000,0.0000041560
4077,0.0000103077,0.2000000000,0.0000020615
1720,0.0000095704,0.2000000000,0.0000019141
1291,0.0000496903,0.3600000000,0.0000178885
1697,0.0000449338,0.2000000000,0.0000089868
1385,0.0000572658,0.2000000000,0.0000114532
2108,0.0000392254,0.2000000000,0.0000078451
1717,0.0000450772,0.2000000000,0.0000090154
1038,0.0000068969,0.5200000000,0.0000035864
1540,0.0000190220,0.2000000000,0.0000038044
1874,0.0000733641,0.2000000000,0.0000146728
1194,0.0000235334,0.3600000000,0.0000084720
1470,0.0000209082,0.2000000000,0.0000041816
2090,0.0000154531,0.2000000000,0.0000030906
889,0.0000712736,0.2000000000,0.0000142547
3638,0.0000082453,0.2000000000,0.0000016491
2316,0.0000072748,0.2000000000,0.0000014550
1356,0.0000294718,0.2000000000,0.0000058944
630,0.0000070807,0.2000000000,0.0000014161
2193,0.0000137899,0.2000000000,0.0000027580
1259,0.0000629674,0.3600000000,0.0000226683
1029,0.0000616134,0.2000000000,0.0000123227
1534,0.0000933756,0.3600000000,0.0000336152
2160,0.0000234574,0.2000000000,0.0000046915
1079,0.0000338674,0.2000000000,0.0000067735
2100,0.0000601974,0.1600000000,0.0000096316
1377,0.0000066188,0.2000000000,0.0000013238
2203,0.0000134486,0.2000000000,0.0000026897
1760,0.0000497894,0.2000000000,0.0000099579
2038,0.0000531618,0.2000000000,0.0000106324
1550,0.0000132785,0.2000000000,0.0000026557
2051,0.0000036638,0.2000000000,0.0000007328
1355,0.0000548414,0.2000000000,0.0000109683
1831,0.0000240925,0.2000000000,0.0000048185
1585,0.0000098846,0.2000000000,0.0000019769
3217,0.0000107314,0.2000000000,0.0000021463
1890,0.0000349730,0.2000000000,0.0000069946
1172,0.0000062106,0.2000000000,0.0000012421
939,0.0000084051,0.2000000000,0.0000016810
1852,0.0000412749,0.2000000000,0.0000082550
800,0.0000175938,0.2000000000,0.0000035188
2105,0.0000415526,0.2000000000,0.0000083105
2054,0.0000441425,0.2000000000,0.0000088285
2194,0.0000240917,0.2000000000,0.0000048183
683,0.0000077870,0.2000000000,0.0000015574
2246,0.0000199943,0.2000000000,0.0000039989
1751,0.0000150745,0.2000000000,0.0000030149
1370,0.0000182484,0.2000000000,0.0000036497
954,0.0000424177,0.1600000000,0.0000067868
1974,0.0000529759,0.2000000000,0.0000105952
2004,0.0000535317,0.2000000000,0.0000107063
1413,0.0000554862,0.2000000000,0.0000110972
1833,0.0000162107,0.2000000000,0.0000032421
1811,0.0000290461,0.2000000000,0.0000058092
4168,0.0000082722,0.2000000000,0.0000016544
2187,0.0000484446,0.2000000000,0.0000096889
3690,0.0000212403,0.2000000000,0.0000042481
4070,0.0000069314,0.2000000000,0.0000013863
1713,0.0000052517,0.2000000000,0.0000010503
4009,0.0000025633,0.2000000000,0.0000005127
3921,0.0000336562,0.2000000000,0.0000067312
2148,0.0000352644,0.2000000000,0.0000070529
2330,0.0000455312,0.2000000000,0.0000091062
2058,0.0000485168,0.3600000000,0.0000174660
1449,0.0000484531,0.2000000000,0.0000096906
1726,0.0000342439,0.2000000000,0.0000068488
3308,0.0000127795,0.2000000000,0.0000025559
2247,0.0000201846,0.2000000000,0.0000040369
4092,0.0000064900,0.3600000000,0.0000023364
1514,0.0000092824,0.2000000000,0.0000018565
1204,0.0000159136,0.2000000000,0.0000031827
1681,0.0000362660,0.2000000000,0.0000072532
1718,0.0000291090,0.2000000000,0.0000058218
1505,0.0000243250,0.3200000000,0.0000077840
1840,0.0000069101,0.2000000000,0.0000013820
2006,0.0000230135,0.2000000000,0.0000046027
1967,0.0000281855,0.2000000000,0.0000056371
1256,0.0000241162,0.2000000000,0.0000048232
2241,0.0000089903,0.2000000000,0.0000017981
485,0.0000125766,0.2000000000,0.0000025153
817,0.0000162569,0.2000000000,0.0000032514
3174,0.0000284219,0.2000000000,0.0000056844
1824,0.0000149938,0.2000000000,0.0000029988
1273,0.0000266616,0.2000000000,0.0000053323
1220,0.0000595214,0.2000000000,0.0000119043
2119,0.0000145514,0.2000000000,0.0000029103
1839,0.0000697392,0.2000000000,0.0000139478
989,0.0000679718,0.3600000000,0.0000244699
801,0.0000101318,0.2000000000,0.0000020264
412,0.0000132298,0.2000000000,0.0000026460
1623,0.0001049083,0.2000000000,0.0000209817
1055,0.0000217133,0.2000000000,0.0000043427
1825,0.0000486611,0.2000000000,0.0000097322
2050,0.0000152324,0.3200000000,0.0000048744
1897,0.0000442780,0.2000000000,0.0000088556
848,0.0000347489,0.2000000000,0.0000069498
2250,0.0000181923,0.2000000000,0.0000036385
3818,0.0000093921,0.2000000000,0.0000018784
1050,0.0000146721,0.2000000000,0.0000029344
896,0.0000205598,0.2000000000,0.0000041120
1429,0.0000157709,0.2000000000,0.0000031542
1916,0.0000155215,0.2000000000,0.0000031043
1289,0.0001566977,0.2000000000,0.0000313395
1225,0.0000843167,0.2000000000,0.0000168633
1438,0.0000291804,0.2000000000,0.0000058361
2351,0.0000634774,0.2000000000,0.0000126955
1922,0.0000172435,0.3600000000,0.0000062077
1512,0.0000137194,0.2000000000,0.0000027439
2121,0.0000087036,0.2000000000,0.0000017407
952,0.0000290762,0.2000000000,0.0000058152
2345,0.0000083413,0.2000000000,0.0000016683
833,0.0000378466,0.2000000000,0.0000075693
2063,0.0000471860,0.2000000000,0.0000094372
1746,0.0000172863,0.2000000000,0.0000034573
2221,0.0000438176,0.2000000000,0.0000087635
2059,0.0000412691,0.2000000000,0.0000082538
2094,0.0000208399,0.2000000000,0.0000041680
1938,0.0000144451,0.2000000000,0.0000028890
2189,0.0000161860,0.2000000000,0.0000032372
1773,0.0000298372,0.2000000000,0.0000059674
1988,0.0000112637,0.2000000000,0.0000022527
1316,0.0000038517,0.3600000000,0.0000013866
666,0.0000124295,0.2000000000,0.0000024859
1567,0.0000129472,0.2000000000,0.0000025894
1485,0.0000115206,0.2000000000,0.0000023041
2327,0.0000807213,0.2000000000,0.0000161443
700,0.0000187038,0.2000000000,0.0000037408
2338,0.0001348612,0.2000000000,0.0000269722
1500,0.0000747648,0.2000000000,0.0000149530
926,0.0000173146,0.3600000000,0.0000062332
1814,0.0000270991,0.2000000000,0.0000054198
562,0.0000427556,0.2000000000,0.0000085511
2071,0.0000162929,0.2000000000,0.0000032586
1389,0.0000264286,0.3600000000,0.0000095143
2222,0.0000133395,0.2000000000,0.0000026679
1708,0.0000293760,0.2000000000,0.0000058752
1910,0.0000341544,0.2000000000,0.0000068309
1246,0.0000463261,0.2000000000,0.0000092652
1397,0.0001065486,0.2000000000,0.0000213097
553,0.0000182237,0.1600000000,0.0000029158
2273,0.0000109256,0.2000000000,0.0000021851
1565,0.0000925258,0.2000000000,0.0000185052
1493,0.0000225454,0.2000000000,0.0000045091
1927,0.0000601304,0.2000000000,0.0000120261
1649,0.0000089461,0.2000000000,0.0000017892
1502,0.0000093479,0.2000000000,0.0000018696
1431,0.0000333351,0.2000000000,0.0000066670
1921,0.0000198424,0.2000000000,0.0000039685
2177,0.0000207790,0.2000000000,0.0000041558
1598,0.0000179399,0.2000000000,0.0000035880
4439,0.0000178942,0.2000000000,0.0000035788
1257,0.0000537026,0.2000000000,0.0000107405
1443,0.0001041330,0.2000000000,0.0000208266
3800,0.0000183659,0.2000000000,0.0000036732
1730,0.0000014264,0.2000000000,0.0000002853
1327,0.0000100592,0.2000000000,0.0000020118
1603,0.0000503254,0.2000000000,0.0000100651
1741,0.0000475866,0.2000000000,0.0000095173
2029,0.0000404078,0.2000000000,0.0000080816
1423,0.0000254818,0.2000000000,0.0000050964
1007,0.0000120820,0.2000000000,0.0000024164
1455,0.0001011077,0.2000000000,0.0000202215
1686,0.0000466624,0.3600000000,0.0000167985
1837,0.0000358724,0.2000000000,0.0000071745
1846,0.0000096951,0.2000000000,0.0000019390
1275,0.0000285868,0.2000000000,0.0000057174
1931,0.0000314424,0.1600000000,0.0000050308
1844,0.0000595945,0.2000000000,0.0000119189
1325,0.0000147015,0.2000000000,0.0000029403
2336,0.0000858230,0.2000000000,0.0000171646
2324,0.0000119663,0.2000000000,0.0000023933
1818,0.0000219613,0.2000000000,0.0000043923
1484,0.0000514098,0.2000000000,0.0000102820
1609,0.0000284745,0.2000000000,0.0000056949
1140,0.0000276915,0.2000000000,0.0000055383
3497,0.0000495933,0.2000000000,0.0000099187
1112,0.0000122331,0.3600000000,0.0000044039
2277,0.0000188826,0.2000000000,0.0000037765
575,0.0000337506,0.2000000000,0.0000067501
3851,0.0000109248,0.2000000000,0.0000021850
3783,0.0000126733,0.2000000000,0.0000025347
1596,0.0000167211,0.2000000000,0.0000033442
1539,0.0000543839,0.2000000000,0.0000108768
1662,0.0000280960,0.2000000000,0.0000056192
1362,0.0000143610,0.2000000000,0.0000028722
4086,0.0000200162,0.2000000000,0.0000040032
2052,0.0000242554,0.2000000000,0.0000048511
1747,0.0000364352,0.2000000000,0.0000072870
2042,0.0000021637,0.2000000000,0.0000004327
1436,0.0000209761,0.2000000000,0.0000041952
1229,0.0000166071,0.2000000000,0.0000033214
2019,0.0000285135,0.2000000000,0.0000057027
1632,0.0000262496,0.2000000000,0.0000052499
4676,0.0000069884,0.2000000000,0.0000013977
2319,0.0000402643,0.2000000000,0.0000080529
3426,0.0000053452,0.2000000000,0.0000010690
1069,0.0000867822,0.2000000000,0.0000173564
2333,0.0000041568,0.2000000000,0.0000008314
2290,0.0000147130,0.2000000000,0.0000029426
1965,0.0000097846,0.2000000000,0.0000019569
2162,0.0000136900,0.2000000000,0.0000027380
2101,0.0000110715,0.2000000000,0.0000022143
4458,0.0000067807,0.2000000000,0.0000013561
1912,0.0000113534,0.3600000000,0.0000040872
1906,0.0000205717,0.2000000000,0.0000041143
1336,0.0000160799,0.2000000000,0.0000032160
1156,0.0000109009,0.2000000000,0.0000021802
1457,0.0000326455,0.2000000000,0.0000065291
1876,0.0000137103,0.2000000000,0.0000027421
1878,0.0000210538,0.2000000000,0.0000042108
2716,0.0000713941,0.2000000000,0.0000142788
2143,0.0000106766,0.2000000000,0.0000021353
3049,0.0000082739,0.2000000000,0.0000016548
692,0.0000061615,0.2000000000,0.0000012323
1510,0.0000342234,0.2000000000,0.0000068447
1345,0.0000246224,0.2000000000,0.0000049245
1208,0.0000326554,0.2000000000,0.0000065311
2075,0.0000829523,0.2000000000,0.0000165905
1862,0.0001044707,0.2000000000,0.0000208941
1917,0.0001310584,0.2000000000,0.0000262117
4274,0.0000417733,0.2000000000,0.0000083547
639,0.0000128539,0.2000000000,0.0000025708
1669,0.0000029679,0.2000000000,0.0000005936
1522,0.0000271440,0.2000000000,0.0000054288
704,0.0000439300,0.2000000000,0.0000087860
1947,0.0000199746,0.2000000000,0.0000039949
2043,0.0000168654,0.2000000000,0.0000033731
698,0.0000408640,0.2000000000,0.0000081728
906,0.0000014026,0.2000000000,0.0000002805
1939,0.0000698222,0.2000000000,0.0000139644
1247,0.0000187039,0.2000000000,0.0000037408
1664,0.0000128554,0.3600000000,0.0000046279
2264,0.0000064734,0.2000000000,0.0000012947
1107,0.0000398628,0.2000000000,0.0000079726
1530,0.0000088800,0.2000000000,0.0000017760
1998,0.0000069884,0.2000000000,0.0000013977
1674,0.0000650419,0.2000000000,0.0000130084
1807,0.0000290632,0.2000000000,0.0000058126
1799,0.0001304784,0.2000000000,0.0000260957
2206,0.0000115336,0.2000000000,0.0000023067
2280,0.0000159553,0.2000000000,0.0000031911
4543,0.0000119740,0.2000000000,0.0000023948
1553,0.0000102814,0.3600000000,0.0000037013
1919,0.0000188096,0.2000000000,0.0000037619
2236,0.0000273310,0.2000000000,0.0000054662
1918,0.0000200407,0.2000000000,0.0000040081
2153,0.0000169252,0.2000000000,0.0000033850
2275,0.0000085579,0.2000000000,0.0000017116
644,0.0000029354,0.2000000000,0.0000005871
2034,0.0000119568,0.2000000000,0.0000023914
2022,0.0000152510,0.2000000000,0.0000030502
2239,0.0000232826,0.2000000000,0.0000046565
1211,0.0000369110,0.3600000000,0.0000132880
1329,0.0000647120,0.2000000000,0.0000129424
821,0.0000123438,0.2000000000,0.0000024688
2001,0.0000379524,0.2000000000,0.0000075905
4502,0.0000043823,0.3600000000,0.0000015776
1782,0.0000036465,0.2000000000,0.0000007293
1680,0.0000051135,0.2000000000,0.0000010227
2251,0.0000135297,0.2000000000,0.0000027059
