Node,Betweenness,BridgingCoefficient,BridgingCentrality
4508,0.0000000000,0.5714285714,0.0000000000
4668,0.0000000000,0.4404761905,0.0000000000
4435,0.0000000000,0.5555555556,0.0000000000
3093,0.0000000000,0.1666666667,0.0000000000
1274,0.0000000000,0.0000000000,0.0000000000
4398,0.0000000000,0.5119047619,0.0000000000
3919,0.0000000000,0.4583333333,0.0000000000
3316,0.0000000000,0.5416666667,0.0000000000
3666,0.0000000000,0.5000000000,0.0000000000
3630,0.0000000000,0.3000000000,0.0000000000
1433,0.0000000000,1.0000000000,0.0000000000
4423,0.0000000000,0.4875000000,0.0000000000
1207,0.0000000000,0.5000000000,0.0000000000
4683,0.0000000000,0.3333333333,0.0000000000
3988,0.0000000000,0.4000000000,0.0000000000
4146,0.0000000000,0.6250000000,0.0000000000
2085,0.0000000000,0.1111111111,0.0000000000
1402,0.0000000000,0.2500000000,0.0000000000
4684,0.0000000000,0.1466666667,0.0000000000
4533,0.0000000000,0.6000000000,0.0000000000
3428,0.0000000000,0.0000000000,0.0000000000
4489,0.0000000000,0.4583333333,0.0000000000
2850,0.0000000000,0.0000000000,0.0000000000
4677,0.0000000000,0.4166666667,0.0000000000
4157,0.0000000000,1.0000000000,0.0000000000
2972,0.0000000000,0.6333333333,0.0000000000
2050,0.0000000000,0.4444444444,0.0000000000
4121,0.0000000000,0.4027777778,0.0000000000
3284,0.0000000000,0.6500000000,0.0000000000
4431,0.0000000000,0.4027777778,0.0000000000
4622,0.0000000000,0.7222222222,0.0000000000
3288,0.0000000000,0.7500000000,0.0000000000
3669,0.0000000000,0.3750000000,0.0000000000
4002,0.0000000000,0.1041666667,0.0000000000
4513,0.0000000000,0.5925925926,0.0000000000
4322,0.0000000000,0.2166666667,0.0000000000
4571,0.0000000000,0.3765873016,0.0000000000
4255,0.0000000000,0.3888888889,0.0000000000
4595,0.0000000000,0.3333333333,0.0000000000
3380,0.0000000000,0.1777777778,0.0000000000
4503,0.0000000000,0.6111111111,0.0000000000
3079,0.0000000000,1.0000000000,0.0000000000
4577,0.0000000000,0.5000000000,0.0000000000
4065,0.0000000000,0.4722222222,0.0000000000
4324,0.0000000000,0.8000000000,0.0000000000
710,0.0000000000,0.0000000000,0.0000000000
2763,0.0000000000,0.5000000000,0.0000000000
4664,0.0000000000,0.3900000000,0.0000000000
4195,0.0000000000,0.6111111111,0.0000000000
4375,0.0000000000,0.5000000000,0.0000000000
4030,0.0000000000,0.4166666667,0.0000000000
3398,0.0000000000,0.5666666667,0.0000000000
3291,0.0000000000,0.4166666667,0.0000000000
4153,0.0000000000,0.2708333333,0.0000000000
3617,0.0000000000,0.6400000000,0.0000000000
3780,0.0000000000,0.4666666667,0.0000000000
4624,0.0000000000,0.4375000000,0.0000000000
4054,0.0000000000,0.3750000000,0.0000000000
3167,0.0000000000,0.0000000000,0.0000000000
4642,0.0000000000,0.6666666667,0.0000000000
4582,0.0000000000,0.5138888889,0.0000000000
4138,0.0000000000,0.5833333333,0.0000000000
3378,0.0000000000,0.5000000000,0.0000000000
4371,0.0000000000,0.1750000000,0.0000000000
3443,0.0000000000,0.4444444444,0.0000000000
3947,0.0000000000,0.2309523810,0.0000000000
4300,0.0000000000,0.3750000000,0.0000000000
4485,0.0000000000,0.2777777778,0.0000000000
1867,0.0000000000,0.5000000000,0.0000000000
4224,0.0000000000,0.3750000000,0.0000000000
4652,0.0000000000,0.3296296296,0.0000000000
4306,0.0000000000,0.3958333333,0.0000000000
4058,0.0000000000,0.3240740741,0.0000000000
4499,0.0000000000,0.3854166667,0.0000000000
4634,0.0000000000,0.3388888889,0.0000000000
4695,0.0000000000,0.4312500000,0.0000000000
4484,0.0000000000,0.4722222222,0.0000000000
2995,0.0000000000,0.2916666667,0.0000000000
4547,0.0000000000,0.3833333333,0.0000000000
3027,0.0000000000,0.0000000000,0.0000000000
4072,0.0000000000,0.3611111111,0.0000000000
2815,0.0000000000,0.7777777778,0.0000000000
4315,0.0000000000,0.1500000000,0.0000000000
1958,0.0000000000,0.8333333333,0.0000000000
2835,0.0000000000,0.3125000000,0.0000000000
4580,0.0000000000,0.3750000000,0.0000000000
1638,0.0000000000,0.2500000000,0.0000000000
3741,0.0000000000,0.5666666667,0.0000000000
4310,0.0000000000,0.3055555556,0.0000000000
4128,0.0000000000,0.3333333333,0.0000000000
2942,0.0000000000,0.5400000000,0.0000000000
3834,0.0000000000,0.1250000000,0.0000000000
4439,0.0000000000,0.1166666667,0.0000000000
4693,0.0000000000,0.2465986395,0.0000000000
3038,0.0000000000,0.0000000000,0.0000000000
4475,0.0000000000,0.2650000000,0.0000000000
4004,0.0000000000,0.5833333333,0.0000000000
4448,0.0000000000,0.2083333333,0.0000000000
3647,0.0000000000,0.7222222222,0.0000000000
4193,0.0000000000,0.5000000000,0.0000000000
3776,0.0000000000,0.5000000000,0.0000000000
4992,0.0000000000,0.4000000000,0.0000000000
4985,0.0000000000,0.4166666667,0.0000000000
3795,0.0000000000,0.5833333333,0.0000000000
3979,0.0000000000,0.2781385281,0.0000000000
4379,0.0000000000,0.3111111111,0.0000000000
4975,0.0000000000,0.2500000000,0.0000000000
4996,0.0000000000,0.2958333333,0.0000000000
4262,0.0000000000,0.5666666667,0.0000000000
1905,0.0000000000,0.5000000000,0.0000000000
4468,0.0000000000,0.3333333333,0.0000000000
4968,0.0000000000,0.1000000000,0.0000000000
3047,0.0000000000,1.0000000000,0.0000000000
3267,0.0000000000,0.4375000000,0.0000000000
4965,0.0000000000,0.3194444444,0.0000000000
4594,0.0000000000,0.6000000000,0.0000000000
4963,0.0000000000,0.4357142857,0.0000000000
3945,0.0000000000,0.1666666667,0.0000000000
4253,0.0000000000,0.6666666667,0.0000000000
3722,0.0000000000,0.3229166667,0.0000000000
4955,0.0000000000,0.2375000000,0.0000000000
3565,0.0000000000,0.0000000000,0.0000000000
4952,0.0000000000,0.4500000000,0.0000000000
4978,0.0000000000,0.4638888889,0.0000000000
3851,0.0000000000,0.6166666667,0.0000000000
4943,0.0000000000,0.4296296296,0.0000000000
4981,0.0000000000,0.4638888889,0.0000000000
3699,0.0000000000,0.4178571429,0.0000000000
2830,0.0000000000,0.3333333333,0.0000000000
4419,0.0000000000,0.1250000000,0.0000000000
4581,0.0000000000,0.3833333333,0.0000000000
4235,0.0000000000,1.0000000000,0.0000000000
3982,0.0000000000,0.3958333333,0.0000000000
4486,0.0000000000,0.2777777778,0.0000000000
3806,0.0000000000,0.2000000000,0.0000000000
4929,0.0000000000,0.4444444444,0.0000000000
1421,0.0000000000,0.0000000000,0.0000000000
4925,0.0000000000,0.6458333333,0.0000000000
4352,0.0000000000,0.2166666667,0.0000000000
3800,0.0000000000,0.4285714286,0.0000000000
4497,0.0000000000,0.4107142857,0.0000000000
1618,0.0000000000,0.3333333333,0.0000000000
1350,0.0000000000,0.5000000000,0.0000000000
4174,0.0000000000,0.7500000000,0.0000000000
3861,0.0000000000,0.1458333333,0.0000000000
2219,0.0000000000,0.0000000000,0.0000000000
4623,0.0000000000,0.4000000000,0.0000000000
4890,0.0000000000,0.6400000000,0.0000000000
4932,0.0000000000,0.1581818182,0.0000000000
4709,0.0000000000,0.3180272109,0.0000000000
4663,0.0000000000,0.4305555556,0.0000000000
4958,0.0000000000,0.4166666667,0.0000000000
4184,0.0000000000,0.4062500000,0.0000000000
4704,0.0000000000,0.2900000000,0.0000000000
4706,0.0000000000,0.6562500000,0.0000000000
3597,0.0000000000,0.1250000000,0.0000000000
2215,0.0000000000,0.4444444444,0.0000000000
4572,0.0000000000,0.4769230769,0.0000000000
4311,0.0000000000,0.2500000000,0.0000000000
3912,0.0000000000,0.0833333333,0.0000000000
4655,0.0000000000,0.4166666667,0.0000000000
4256,0.0000000000,0.3142857143,0.0000000000
4402,0.0000000000,0.1666666667,0.0000000000
4797,0.0000000000,0.2500000000,0.0000000000
4519,0.0000000000,0.2916666667,0.0000000000
4492,0.0000000000,0.1907407407,0.0000000000
2413,0.0000000000,0.6250000000,0.0000000000
4504,0.0000000000,0.4404761905,0.0000000000
4793,0.0000000000,0.3322916667,0.0000000000
3866,0.0000000000,0.7000000000,0.0000000000
1849,0.0000000000,0.0000000000,0.0000000000
4586,0.0000000000,0.1500000000,0.0000000000
4800,0.0000000000,0.2083333333,0.0000000000
1169,0.0000000000,0.3333333333,0.0000000000
4588,0.0000000000,0.5857142857,0.0000000000
4947,0.0000000000,0.2500000000,0.0000000000
3560,0.0000000000,0.0000000000,0.0000000000
4616,0.0000000000,0.7500000000,0.0000000000
4755,0.0000000000,0.1222222222,0.0000000000
3624,0.0000000000,0.2916666667,0.0000000000
3204,0.0000000000,0.4185714286,0.0000000000
3891,0.0000000000,0.2916666667,0.0000000000
4711,0.0000000000,0.5000000000,0.0000000000
4108,0.0000000000,0.4666666667,0.0000000000
2977,0.0000000000,0.4444444444,0.0000000000
4944,0.0000000000,0.0857142857,0.0000000000
2169,0.0000000000,0.5000000000,0.0000000000
4526,0.0000000000,0.5357142857,0.0000000000
3417,0.0000000000,0.0833333333,0.0000000000
3709,0.0000000000,0.1666666667,0.0000000000
4764,0.0000000000,0.6166666667,0.0000000000
4488,0.0000000000,0.8000000000,0.0000000000
3408,0.0000000000,0.2500000000,0.0000000000
4780,0.0000000000,0.4666666667,0.0000000000
2269,0.0000000000,0.3750000000,0.0000000000
3791,0.0000000000,0.5066666667,0.0000000000
4991,0.0000000000,0.3750000000,0.0000000000
4078,0.0000000000,0.2904761905,0.0000000000
3939,0.0000000000,0.3888888889,0.0000000000
3603,0.0000000000,0.2000000000,0.0000000000
4851,0.0000000000,0.1222222222,0.0000000000
4480,0.0000000000,0.2857142857,0.0000000000
4798,0.0000000000,0.3000000000,0.0000000000
3490,0.0000000000,0.5833333333,0.0000000000
4877,0.0000000000,0.5555555556,0.0000000000
4618,0.0000000000,0.1250000000,0.0000000000
4725,0.0000000000,0.3992063492,0.0000000000
4645,0.0000000000,0.5333333333,0.0000000000
4784,0.0000000000,0.2738095238,0.0000000000
4926,0.0000000000,0.3205026455,0.0000000000
4816,0.0000000000,0.4761904762,0.0000000000
2375,0.0000000000,0.1666666667,0.0000000000
4593,0.0000000000,0.3750000000,0.0000000000
4927,0.0000000000,0.3428571429,0.0000000000
4386,0.0000000000,0.5500000000,0.0000000000
4505,0.0000000000,0.0833333333,0.0000000000
3153,0.0000000000,0.5000000000,0.0000000000
2755,0.0000000000,0.3928571429,0.0000000000
4003,0.0000000000,0.2500000000,0.0000000000
4817,0.0000000000,0.4500000000,0.0000000000
4796,0.0000000000,0.4166666667,0.0000000000
3869,0.0000000000,0.3015873016,0.0000000000
4142,0.0000000000,0.3333333333,0.0000000000
4384,0.0000000000,0.2222222222,0.0000000000
4720,0.0000000000,0.3333333333,0.0000000000
3472,0.0000000000,0.1875000000,0.0000000000
4950,0.0000000000,0.3566666667,0.0000000000
4928,0.0000000000,0.4122222222,0.0000000000
2710,0.0000000000,0.5000000000,0.0000000000
2165,0.0000000000,0.2500000000,0.0000000000
4715,0.0000000000,0.2083333333,0.0000000000
2057,0.0000000000,0.1944444444,0.0000000000
4358,0.0000000000,0.3333333333,0.0000000000
4516,0.0000000000,0.0500000000,0.0000000000
4629,0.0000000000,0.0000000000,0.0000000000
1302,0.0000000000,0.4000000000,0.0000000000
3883,0.0000000000,0.3722222222,0.0000000000
2801,0.0000000000,0.1333333333,0.0000000000
4880,0.0000000000,0.9000000000,0.0000000000
4881,0.0000000000,0.5000000000,0.0000000000
4603,0.0000000000,0.3000000000,0.0000000000
4974,0.0000000000,0.6666666667,0.0000000000
4567,0.0000000000,0.2489583333,0.0000000000
4760,0.0000000000,0.3750000000,0.0000000000
4733,0.0000000000,0.5714285714,0.0000000000
3053,0.0000000000,0.6666666667,0.0000000000
4162,0.0000000000,0.2500000000,0.0000000000
4083,0.0000000000,0.2738095238,0.0000000000
4957,0.0000000000,0.2638888889,0.0000000000
4721,0.0000000000,0.3888888889,0.0000000000
3875,0.0000000000,0.2500000000,0.0000000000
4734,0.0000000000,0.5666666667,0.0000000000
4969,0.0000000000,0.1250000000,0.0000000000
4227,0.0000000000,0.5750000000,0.0000000000
4736,0.0000000000,0.3500000000,0.0000000000
3349,0.0000000000,0.2291666667,0.0000000000
4233,0.0000000000,0.3333333333,0.0000000000
4759,0.0000000000,0.1952380952,0.0000000000
4245,0.0000000000,0.2777777778,0.0000000000
4719,0.0000000000,0.2833333333,0.0000000000
4727,0.0000000000,0.3854166667,0.0000000000
4775,0.0000000000,0.2309523810,0.0000000000
3811,0.0000000000,0.3125000000,0.0000000000
2895,0.0000000000,0.5773809524,0.0000000000
3580,0.0000000000,0.3750000000,0.0000000000
4967,0.0000000000,0.2361111111,0.0000000000
4023,0.0000000000,0.5937500000,0.0000000000
3911,0.0000000000,0.3750000000,0.0000000000
4976,0.0000000000,0.2777777778,0.0000000000
2741,0.0000000000,0.6666666667,0.0000000000
4422,0.0000000000,0.5000000000,0.0000000000
4915,0.0000000000,0.1900000000,0.0000000000
2180,0.0000000000,0.0000000000,0.0000000000
4941,0.0000000000,0.5666666667,0.0000000000
4829,0.0000000000,0.4394444444,0.0000000000
4904,0.0000000000,0.4083333333,0.0000000000
4502,0.0000000000,0.5833333333,0.0000000000
4336,0.0000000000,0.3111111111,0.0000000000
4569,0.0000000000,0.2972222222,0.0000000000
4094,0.0000000000,0.1750000000,0.0000000000
4242,0.0000000000,0.3366666667,0.0000000000
2832,0.0000000000,0.0833333333,0.0000000000
1887,0.0000000000,0.0000000000,0.0000000000
4244,0.0000000000,0.4333333333,0.0000000000
3212,0.0000000000,0.6666666667,0.0000000000
4460,0.0000000000,0.2666666667,0.0000000000
4748,0.0000000000,0.3666666667,0.0000000000
4988,0.0000000000,0.3854166667,0.0000000000
1822,0.0000000000,0.1666666667,0.0000000000
3327,0.0000000000,0.7083333333,0.0000000000
4297,0.0000000000,0.5833333333,0.0000000000
4347,0.0000000000,0.3750000000,0.0000000000
4200,0.0000000000,0.1500000000,0.0000000000
4801,0.0000000000,0.3125000000,0.0000000000
4857,0.0000000000,0.5625000000,0.0000000000
4638,0.0000000000,0.4166666667,0.0000000000
4334,0.0000000000,0.1250000000,0.0000000000
4046,0.0000000000,0.3388888889,0.0000000000
2385,0.0000000000,0.4166666667,0.0000000000
3217,0.0000000000,0.5000000000,0.0000000000
2990,0.0000000000,0.0400000000,0.0000000000
4909,0.0000000000,0.2866666667,0.0000000000
4984,0.0000000000,0.3571428571,0.0000000000
3810,0.0000000000,0.1666666667,0.0000000000
3186,0.0000000000,0.2785714286,0.0000000000
4382,0.0000000000,0.2904761905,0.0000000000
3171,0.0000000000,0.4375000000,0.0000000000
4745,0.0000000000,0.5277777778,0.0000000000
4674,0.0000000000,0.0000000000,0.0000000000
4168,0.0000000000,0.5833333333,0.0000000000
3989,0.0000000000,0.5283333333,0.0000000000
4980,0.0000000000,0.7500000000,0.0000000000
4675,0.0000000000,0.4365079365,0.0000000000
4847,0.0000000000,0.4000000000,0.0000000000
4426,0.0000000000,0.5000000000,0.0000000000
4541,0.0000000000,0.2777777778,0.0000000000
1696,0.0000000000,0.1111111111,0.0000000000
4820,0.0000000000,0.5000000000,0.0000000000
4867,0.0000000000,0.3625000000,0.0000000000
4825,0.0000000000,0.3952380952,0.0000000000
3438,0.0000000000,0.2500000000,0.0000000000
4686,0.0000000000,0.4444444444,0.0000000000
4627,0.0000000000,0.2547619048,0.0000000000
4028,0.0000000000,0.3333333333,0.0000000000
4410,0.0000000000,0.3285714286,0.0000000000
2785,0.0000000000,0.0000000000,0.0000000000
4824,0.0000000000,0.1500000000,0.0000000000
3302,0.0000000000,0.6666666667,0.0000000000
3270,0.0000000000,0.1666666667,0.0000000000
4185,0.0000000000,0.4825396825,0.0000000000
4351,0.0000000000,0.2083333333,0.0000000000
4134,0.0000000000,0.3333333333,0.0000000000
4989,0.0000000000,0.3000000000,0.0000000000
4752,0.0000000000,0.2645833333,0.0000000000
4891,0.0000000000,0.3190476190,0.0000000000
4942,0.0000000000,0.1250000000,0.0000000000
3840,0.0000000000,0.3000000000,0.0000000000
3613,0.0000000000,0.4066666667,0.0000000000
4079,0.0000000000,0.5277777778,0.0000000000
4611,0.0000000000,0.3000000000,0.0000000000
4889,0.0000000000,0.5277777778,0.0000000000
2532,0.0000000000,0.0000000000,0.0000000000
4076,0.0000000000,0.4388888889,0.0000000000
3716,0.0000000000,0.3333333333,0.0000000000
3304,0.0000000000,0.3750000000,0.0000000000
4413,0.0000000000,0.5416666667,0.0000000000
4854,0.0000000000,0.3370370370,0.0000000000
2671,0.0000000000,0.0000000000,0.0000000000
4961,0.0000000000,0.1394557823,0.0000000000
4316,0.0000000000,0.4761904762,0.0000000000
4999,0.0000000000,0.2958333333,0.0000000000
4861,0.0000000000,0.2833333333,0.0000000000
3968,0.0000000000,0.2500000000,0.0000000000
4109,0.0000000000,0.2500000000,0.0000000000
4388,0.0000000000,0.0000000000,0.0000000000
3255,0.0000000000,0.5000000000,0.0000000000
4342,0.0000000000,0.1250000000,0.0000000000
2508,0.0000000000,0.0000000000,0.0000000000
4529,0.0000000000,0.5285714286,0.0000000000
2818,0.0000000000,0.2400000000,0.0000000000
4790,0.0000000000,0.1666666667,0.0000000000
4389,0.0000000000,0.4375000000,0.0000000000
4726,0.0000000000,0.6666666667,0.0000000000
4993,0.0000000000,0.2515873016,0.0000000000
4055,0.0000000000,0.4900000000,0.0000000000
4131,0.0000000000,0.3000000000,0.0000000000
3779,0.0000000000,0.1527777778,0.0000000000
3962,0.0000000000,0.3928571429,0.0000000000
4994,0.0000000000,0.3541666667,0.0000000000
4773,0.0000000000,0.7500000000,0.0000000000
4883,0.0000000000,0.5416666667,0.0000000000
4885,0.0000000000,0.1666666667,0.0000000000
4903,0.0000000000,0.0454545455,0.0000000000
4887,0.0000000000,0.4777777778,0.0000000000
4886,0.0000000000,0.2604166667,0.0000000000
4608,0.0000000000,0.1944444444,0.0000000000
3634,0.0000000000,0.4166666667,0.0000000000
4888,0.0000000000,0.1666666667,0.0000000000
4228,0.0000000000,0.4166666667,0.0000000000
4810,0.0000000000,0.5312500000,0.0000000000
4278,0.0000000000,0.0666666667,0.0000000000
2535,0.0000000000,0.1250000000,0.0000000000
4894,0.0000000000,0.3958333333,0.0000000000
4756,0.0000000000,0.1666666667,0.0000000000
4898,0.0000000000,0.6200000000,0.0000000000
4902,0.0000000000,0.2500000000,0.0000000000
4771,0.0000000000,0.0833333333,0.0000000000
4907,0.0000000000,0.4640211640,0.0000000000
2550,0.0000000000,0.5000000000,0.0000000000
3195,0.0000000000,0.2500000000,0.0000000000
4666,0.0000000000,0.4444444444,0.0000000000
2998,0.0000000000,0.2500000000,0.0000000000
3088,0.0000000000,0.3333333333,0.0000000000
4141,0.0000000000,0.0857142857,0.0000000000
3914,0.0000000000,0.2833333333,0.0000000000
4912,0.0000000000,0.4083333333,0.0000000000
4312,0.0000000000,0.1250000000,0.0000000000
978,0.0000000000,1.0000000000,0.0000000000
4344,0.0000000000,0.3500000000,0.0000000000
4919,0.0000000000,0.5000000000,0.0000000000
4722,0.0000000000,0.5666666667,0.0000000000
4864,0.0000000000,0.8750000000,0.0000000000
4914,0.0000000000,0.2685714286,0.0000000000
4973,0.0000000000,0.2222222222,0.0000000000
2965,0.0000000000,0.7500000000,0.0000000000
3886,0.0000000000,0.5000000000,0.0000000000
3718,0.0000000000,0.7500000000,0.0000000000
4956,0.0000000000,0.5555555556,0.0000000000
4559,0.0000000000,0.1500000000,0.0000000000
4855,0.0000000000,0.5041666667,0.0000000000
4514,0.0000000000,0.2738095238,0.0000000000
4953,0.0000000000,0.7000000000,0.0000000000
4986,0.0000000000,0.3452380952,0.0000000000
4751,0.0000000000,0.5000000000,0.0000000000
2916,0.0000000000,0.7500000000,0.0000000000
4557,0.0000000000,0.2500000000,0.0000000000
4320,0.0000000000,0.2500000000,0.0000000000
3174,0.0000000000,0.2500000000,0.0000000000
4056,0.0000000000,0.5642857143,0.0000000000
1386,0.0000000000,0.6666666667,0.0000000000
4990,0.0000000000,0.7333333333,0.0000000000
2291,0.0000000000,0.5000000000,0.0000000000
3843,0.0000000000,0.5500000000,0.0000000000
4768,0.0000000000,0.3611111111,0.0000000000
4776,0.0000000000,1.0000000000,0.0000000000
2858,0.0000000000,0.1309523810,0.0000000000
3610,0.0000000000,0.3500000000,0.0000000000
3870,0.0000000000,0.4250000000,0.0000000000
3296,0.0000000000,0.1250000000,0.0000000000
4863,0.0000000000,0.3055555556,0.0000000000
3315,0.0000000000,0.6666666667,0.0000000000
4444,0.0000000000,0.4375000000,0.0000000000
4949,0.0000000000,0.2125000000,0.0000000000
2029,0.0000000000,0.0000000000,0.0000000000
4415,0.0000000000,0.1777777778,0.0000000000
3169,0.0000000000,0.3625000000,0.0000000000
4870,0.0000000000,0.2500000000,0.0000000000
2295,0.0000000000,0.5833333333,0.0000000000
2868,0.0000000000,0.3333333333,0.0000000000
4321,0.0000000000,0.1527777778,0.0000000000
4983,0.0000000000,0.4351851852,0.0000000000
4212,0.0000000000,0.2500000000,0.0000000000
4644,0.0000000000,0.4851851852,0.0000000000
4918,0.0000000000,0.4512345679,0.0000000000
1164,0.0000000000,1.0000000000,0.0000000000
4453,0.0000000000,0.6666666667,0.0000000000
3225,0.0000000000,0.5000000000,0.0000000000
3154,0.0000000000,0.3333333333,0.0000000000
3815,0.0000000000,0.1666666667,0.0000000000
4738,0.0000000000,0.3029100529,0.0000000000
4606,0.0000000000,0.3472222222,0.0000000000
3684,0.0000000000,0.6333333333,0.0000000000
4493,0.0000000000,0.5694444444,0.0000000000
4937,0.0000000000,0.5875000000,0.0000000000
4680,0.0000000000,0.7500000000,0.0000000000
4901,0.0000000000,0.3308641975,0.0000000000
3748,0.0000000000,0.4583333333,0.0000000000
4924,0.0000000000,0.5000000000,0.0000000000
3819,0.0000000000,0.2333333333,0.0000000000
2705,0.0000000000,0.2777777778,0.0000000000
4827,0.0000000000,0.1666666667,0.0000000000
4010,0.0000000000,0.5500000000,0.0000000000
4682,0.0000000000,0.3111111111,0.0000000000
2651,0.0000000000,0.1666666667,0.0000000000
4576,0.0000000000,0.5809523810,0.0000000000
3680,0.0000000000,0.1500000000,0.0000000000
4828,0.0000000000,0.4166666667,0.0000000000
4274,0.0000000000,0.4722222222,0.0000000000
4610,0.0000000000,0.1404761905,0.0000000000
4987,0.0000000000,0.4583333333,0.0000000000
2437,0.0000000000,0.8333333333,0.0000000000
3646,0.0000000000,1.0000000000,0.0000000000
3895,0.0000000000,0.3333333333,0.0000000000
4869,0.0000000000,0.4666666667,0.0000000000
4833,0.0000000000,0.6666666667,0.0000000000
4231,0.0000000000,0.4000000000,0.0000000000
4923,0.0000000000,0.6000000000,0.0000000000
4579,0.0000000000,0.2166666667,0.0000000000
4879,0.0000000000,0.7000000000,0.0000000000
3850,0.0000000000,0.1000000000,0.0000000000
4805,0.0000000000,0.5666666667,0.0000000000
4778,0.0000000000,0.4583333333,0.0000000000
4786,0.0000000000,0.4333333333,0.0000000000
4477,0.0000000000,0.2314814815,0.0000000000
2451,0.0000000000,0.3666666667,0.0000000000
3469,0.0000000000,0.5000000000,0.0000000000
4214,0.0000000000,0.3111111111,0.0000000000
4229,0.0000000000,0.5000000000,0.0000000000
4515,0.0000000000,0.2321428571,0.0000000000
4815,0.0000000000,0.4416666667,0.0000000000
3749,0.0000000000,0.4444444444,0.0000000000
3418,0.0000000000,0.6666666667,0.0000000000
4774,0.0000000000,0.5333333333,0.0000000000
4844,0.0000000000,0.2958333333,0.0000000000
3545,0.0000000000,0.4444444444,0.0000000000
4399,0.0000000000,0.1000000000,0.0000000000
4017,0.0000000000,0.5000000000,0.0000000000
2231,0.0000000000,1.0000000000,0.0000000000
3487,0.0000000000,0.1750000000,0.0000000000
4585,0.0000000000,0.4444444444,0.0000000000
4196,0.0000000000,0.5625000000,0.0000000000
4303,0.0000000000,0.5000000000,0.0000000000
4597,0.0000000000,0.5833333333,0.0000000000
2606,0.0000000000,0.3928571429,0.0000000000
4632,0.0000000000,0.5404761905,0.0000000000
4945,0.0000000000,0.3400000000,0.0000000000
4436,0.0000000000,0.1750000000,0.0000000000
4922,0.0000000000,0.3214285714,0.0000000000
4792,0.0000000000,0.4666666667,0.0000000000
4392,0.0000000000,0.4166666667,0.0000000000
4687,0.0000000000,0.5416666667,0.0000000000
4769,0.0000000000,0.4543650794,0.0000000000
3240,0.0000000000,0.3333333333,0.0000000000
4442,0.0000000000,0.1666666667,0.0000000000
4060,0.0000000000,0.1000000000,0.0000000000
4954,0.0000000000,0.5900000000,0.0000000000
4349,0.0000000000,0.5875000000,0.0000000000
2935,0.0000000000,0.1944444444,0.0000000000
4074,0.0000000000,0.2291666667,0.0000000000
1878,0.0000000000,0.8333333333,0.0000000000
3282,0.0000000000,0.5000000000,0.0000000000
4838,0.0000000000,0.2083333333,0.0000000000
4846,0.0000000000,0.2130952381,0.0000000000
4858,0.0000000000,0.3101851852,0.0000000000
4737,0.0000000000,0.1333333333,0.0000000000
4159,0.0000000000,0.4444444444,0.0000000000
4512,0.0000000000,0.5257575758,0.0000000000
4673,0.0000000000,0.6666666667,0.0000000000
4298,0.0000000000,0.3594444444,0.0000000000
4705,0.0000000000,0.4666666667,0.0000000000
3152,0.0000000000,1.0000000000,0.0000000000
4860,0.0000000000,0.2250000000,0.0000000000
4703,0.0000000000,0.4444444444,0.0000000000
4795,0.0000000000,0.3541666667,0.0000000000
4330,0.0000000000,0.3425925926,0.0000000000
4899,0.0000000000,0.1333333333,0.0000000000
3011,0.0000000000,0.6666666667,0.0000000000
3156,0.0000000000,0.6000000000,0.0000000000
4971,0.0000000000,0.4116666667,0.0000000000
4850,0.0000000000,0.3333333333,0.0000000000
4357,0.0000000000,0.7500000000,0.0000000000
3147,0.0000000000,0.6111111111,0.0000000000
2553,0.0000000000,0.0833333333,0.0000000000
3640,0.0000000000,0.5666666667,0.0000000000
4651,0.0000000000,0.4583333333,0.0000000000
4716,0.0000000000,0.5714285714,0.0000000000
4730,0.0000000000,0.0000000000,0.0000000000
2207,0.0000000000,0.5000000000,0.0000000000
4589,0.0000000000,0.3465986395,0.0000000000
4601,0.0000000000,0.1398809524,0.0000000000
4653,0.0000000000,0.2916666667,0.0000000000
4930,0.0000000000,0.3095238095,0.0000000000
3798,0.0000000000,0.5500000000,0.0000000000
2481,0.0000000000,0.4166666667,0.0000000000
4528,0.0000000000,0.4166666667,0.0000000000
4779,0.0000000000,0.4107142857,0.0000000000
4835,0.0000000000,0.6666666667,0.0000000000
3909,0.0000000000,0.5900000000,0.0000000000
4318,0.0000000000,0.4166666667,0.0000000000
3609,0.0000000000,0.7500000000,0.0000000000
4550,0.0000000000,0.4166666667,0.0000000000
4089,0.0000000000,0.1458333333,0.0000000000
4257,0.0000000000,0.2500000000,0.0000000000
4346,0.0000000000,0.5770833333,0.0000000000
3436,0.0000000000,0.1944444444,0.0000000000
3844,0.0000000000,0.0000000000,0.0000000000
4239,0.0000000000,0.4000000000,0.0000000000
4636,0.0000000000,0.5208333333,0.0000000000
4702,0.0000000000,0.4375000000,0.0000000000
4921,0.0000000000,0.5000000000,0.0000000000
3612,0.0000000000,0.3333333333,0.0000000000
4520,0.0000000000,0.4132653061,0.0000000000
4681,0.0000000000,1.0000000000,0.0000000000
4350,0.0000000000,0.5000000000,0.0000000000
4607,0.0000000000,0.3809523810,0.0000000000
3393,0.0000000000,0.2500000000,0.0000000000
4908,0.0000000000,0.4166666667,0.0000000000
1770,0.0000000000,0.5000000000,0.0000000000
4575,0.0000000000,0.4250000000,0.0000000000
4647,0.0000000000,0.1666666667,0.0000000000
4628,0.0000000000,0.7916666667,0.0000000000
4875,0.0000000000,0.5916666667,0.0000000000
3253,0.0000000000,0.7500000000,0.0000000000
4698,0.0000000000,0.7291666667,0.0000000000
4473,0.0000000000,0.7500000000,0.0000000000
4753,0.0000000000,0.2666666667,0.0000000000
3368,0.0000000000,0.4920634921,0.0000000000
4535,0.0000000000,0.6111111111,0.0000000000
3403,0.0000000000,0.6250000000,0.0000000000
4133,0.0000000000,0.2500000000,0.0000000000
4670,0.0000000000,0.3055555556,0.0000000000
4679,0.0000000000,0.5000000000,0.0000000000
4034,0.0000000000,0.6296296296,0.0000000000
2896,0.0000000000,1.0000000000,0.0000000000
4378,0.0000000000,0.4833333333,0.0000000000
4483,0.0000000000,0.6666666667,0.0000000000
3457,0.0000000000,0.0666666667,0.0000000000
1442,0.0000000000,0.5000000000,0.0000000000
4420,0.0000000000,0.7222222222,0.0000000000
4602,0.0000000000,0.4733333333,0.0000000000
3387,0.0000000000,0.1250000000,0.0000000000
3511,0.0000000000,0.4333333333,0.0000000000
4161,0.0000000000,0.3500000000,0.0000000000
4314,0.0000000000,1.0000000000,0.0000000000
2417,0.0000000000,0.7500000000,0.0000000000
4130,0.0000000000,0.3261904762,0.0000000000
4701,0.0000000000,0.7083333333,0.0000000000
4561,0.0000000000,0.1666666667,0.0000000000
1741,0.0000000000,0.0833333333,0.0000000000
3576,0.0000000000,0.0000000000,0.0000000000
3697,0.0000000000,0.6666666667,0.0000000000
3696,0.0000000000,0.6111111111,0.0000000000
4744,0.0000000000,0.2583333333,0.0000000000
3122,0.0000000000,0.3333333333,0.0000000000
4697,0.0000000000,0.3333333333,0.0000000000
4401,0.0000000000,0.3500000000,0.0000000000
4626,0.0000000000,0.5523809524,0.0000000000
4917,0.0000000000,0.3333333333,0.0000000000
4385,0.0000000000,0.2416666667,0.0000000000
4103,0.0000000000,0.8333333333,0.0000000000
4542,0.0000000000,0.4166666667,0.0000000000
3879,0.0000000000,0.4285714286,0.0000000000
4549,0.0000000000,0.3625000000,0.0000000000
2332,0.0000000000,0.5000000000,0.0000000000
4101,0.0000000000,0.4444444444,0.0000000000
4765,0.0000000000,0.2876984127,0.0000000000
3254,0.0000000000,0.3611111111,0.0000000000
3365,0.0000000000,1.0000000000,0.0000000000
4456,0.0000000000,0.5357142857,0.0000000000
4767,0.0000000000,0.5416666667,0.0000000000
3799,0.0000000000,0.6666666667,0.0000000000
4871,0.0000000000,0.2940476190,0.0000000000
3402,0.0000000000,0.4583333333,0.0000000000
4742,0.0000000000,0.7083333333,0.0000000000
4400,0.0000000000,0.5357142857,0.0000000000
4746,0.0000000000,0.4000000000,0.0000000000
4946,0.0000000000,0.5476190476,0.0000000000
4171,0.0000000000,0.7333333333,0.0000000000
3863,0.0000000000,0.5694444444,0.0000000000
3701,0.0000000000,0.0000000000,0.0000000000
4866,0.0000000000,0.4444444444,0.0000000000
4688,0.0000000000,0.1666666667,0.0000000000
3924,0.0000000000,0.3750000000,0.0000000000
1750,0.0000000000,0.0000000000,0.0000000000
3901,0.0000000000,0.2500000000,0.0000000000
4762,0.0000000000,0.3833333333,0.0000000000
4671,0.0000000000,0.4583333333,0.0000000000
4934,0.0000000000,0.6666666667,0.0000000000
4364,0.0000000000,0.3349206349,0.0000000000
4876,0.0000000000,0.5571428571,0.0000000000
3643,0.0000000000,0.6666666667,0.0000000000
4137,0.0000000000,0.3333333333,0.0000000000
4831,0.0000000000,0.4583333333,0.0000000000
3475,0.0000000000,1.0000000000,0.0000000000
2001,0.0000000000,1.0000000000,0.0000000000
3261,0.0000000000,0.5000000000,0.0000000000
4437,0.0000000000,0.3482142857,0.0000000000
4849,0.0000000000,0.2500000000,0.0000000000
4913,0.0000000000,0.0833333333,0.0000000000
2976,0.0000000000,1.0000000000,0.0000000000
2032,0.0000000000,0.4583333333,0.0000000000
4263,0.0000000000,0.3333333333,0.0000000000
3619,0.0000000000,0.7400000000,0.0000000000
4750,0.0000000000,0.2222222222,0.0000000000
4874,0.0000000000,0.3333333333,0.0000000000
2365,0.0000000000,0.4444444444,0.0000000000
4785,0.0000000000,0.2976190476,0.0000000000
4412,0.0000000000,0.5472222222,0.0000000000
4960,0.0000000000,0.5000000000,0.0000000000
4369,0.0000000000,0.6875000000,0.0000000000
4469,0.0000000000,1.0000000000,0.0000000000
3832,0.0000000000,0.6250000000,0.0000000000
4147,0.0000000000,0.2666666667,0.0000000000
4997,0.0000000000,0.3055555556,0.0000000000
3731,0.0000000000,0.3444444444,0.0000000000
4327,0.0000000000,0.5476190476,0.0000000000
2073,0.0000000000,1.0000000000,0.0000000000
2711,0.0000000000,0.3823129252,0.0000000000
4916,0.0000000000,0.7500000000,0.0000000000
1662,0.0000000000,1.0000000000,0.0000000000
4840,0.0000000000,0.3400000000,0.0000000000
3264,0.0000000000,0.4375000000,0.0000000000
4097,0.0000000000,0.5138888889,0.0000000000
4859,0.0000000000,0.4566666667,0.0000000000
3130,0.0000000000,0.1666666667,0.0000000000
2743,0.0000000000,1.0000000000,0.0000000000
4839,0.0000000000,0.4000000000,0.0000000000
3668,0.0000000000,1.0000000000,0.0000000000
4676,0.0000000000,0.2708333333,0.0000000000
4500,0.0000000000,0.5000000000,0.0000000000
3674,0.0000000000,0.3541666667,0.0000000000
3926,0.0000000000,0.5000000000,0.0000000000
4258,0.0000000000,0.6111111111,0.0000000000
2594,0.0000000000,0.0000000000,0.0000000000
4429,0.0000000000,0.2222222222,0.0000000000
4873,0.0000000000,0.3527777778,0.0000000000
4830,0.0000000000,0.4000000000,0.0000000000
3048,0.0000000000,1.0000000000,0.0000000000
2167,0.0000000000,0.5000000000,0.0000000000
3409,0.0000000000,0.3333333333,0.0000000000
2379,0.0000000000,0.6666666667,0.0000000000
4966,0.0000000000,0.3263888889,0.0000000000
4123,0.0000000000,0.2138888889,0.0000000000
1888,0.0000000000,0.1666666667,0.0000000000
3784,0.0000000000,0.2291666667,0.0000000000
4532,0.0000000000,1.0000000000,0.0000000000
4834,0.0000000000,0.7500000000,0.0000000000
4116,0.0000000000,0.2083333333,0.0000000000
2645,0.0000000000,0.5416666667,0.0000000000
4809,0.0000000000,0.5000000000,0.0000000000
4218,0.0000000000,0.5166666667,0.0000000000
4895,0.0000000000,0.1777777778,0.0000000000
4115,0.0000000000,0.0000000000,0.0000000000
4566,0.0000000000,0.5208333333,0.0000000000
3162,0.0000000000,0.3333333333,0.0000000000
4906,0.0000000000,0.4250000000,0.0000000000
4995,0.0000000000,0.6066666667,0.0000000000
3523,0.0000000000,1.0000000000,0.0000000000
4933,0.0000000000,0.2452380952,0.0000000000
4977,0.0000000000,0.2777777778,0.0000000000
4802,0.0000000000,0.5400000000,0.0000000000
3887,0.0000000000,0.5833333333,0.0000000000
1976,0.0000000000,0.1666666667,0.0000000000
4294,0.0000000000,0.3333333333,0.0000000000
3381,0.0000000000,0.8333333333,0.0000000000
4936,0.0000000000,0.4166666667,0.0000000000
3637,0.0000000000,0.1875000000,0.0000000000
4631,0.0000000000,0.2916666667,0.0000000000
3262,0.0000000000,0.2777777778,0.0000000000
4271,0.0000000000,0.2694444444,0.0000000000
3200,0.0000000000,0.5500000000,0.0000000000
1801,0.0000000000,1.0000000000,0.0000000000
4421,0.0000000000,0.3750000000,0.0000000000
3743,0.0000000000,0.3333333333,0.0000000000
4794,0.0000000000,0.1666666667,0.0000000000
3827,0.0000000000,0.6250000000,0.0000000000
4669,0.0000000000,1.0000000000,0.0000000000
1583,0.0000000000,1.0000000000,0.0000000000
4308,0.0000000000,0.8125000000,0.0000000000
4803,0.0000000000,0.5000000000,0.0000000000
2305,0.0000000000,1.0000000000,0.0000000000
4692,0.0000000000,0.3928571429,0.0000000000
4279,0.0000000000,0.7500000000,0.0000000000
4145,0.0000000000,0.3500000000,0.0000000000
3069,0.0000000000,0.5000000000,0.0000000000
4302,0.0000000000,0.3555555556,0.0000000000
4275,0.0000000000,0.4444444444,0.0000000000
4249,0.0000000000,0.3500000000,0.0000000000
4619,0.0000000000,0.4000000000,0.0000000000
4757,0.0000000000,0.4777777778,0.0000000000
3858,0.0000000000,0.5166666667,0.0000000000
4587,0.0000000000,0.1500000000,0.0000000000
2544,0.0000000000,0.2500000000,0.0000000000
3650,0.0000000000,0.6666666667,0.0000000000
4590,0.0000000000,0.6190476190,0.0000000000
4884,0.0000000000,0.2476190476,0.0000000000
4935,0.0000000000,0.3055555556,0.0000000000
1794,0.0000000000,0.5000000000,0.0000000000
2555,0.0000000000,0.5625000000,0.0000000000
2852,0.0000000000,1.0000000000,0.0000000000
4970,0.0000000000,0.3066666667,0.0000000000
4911,0.0000000000,0.4041666667,0.0000000000
4496,0.0000000000,0.2895833333,0.0000000000
3839,0.0000000000,0.3888888889,0.0000000000
4621,0.0000000000,0.2904761905,0.0000000000
4940,0.0000000000,0.1458333333,0.0000000000
4181,0.0000000000,0.0000000000,0.0000000000
3239,0.0000000000,0.2500000000,0.0000000000
4897,0.0000000000,0.5972222222,0.0000000000
4635,0.0000000000,0.2166666667,0.0000000000
4848,0.0000000000,0.4500000000,0.0000000000
4186,0.0000000000,0.6666666667,0.0000000000
4959,0.0000000000,0.2416666667,0.0000000000
4865,0.0000000000,0.4444444444,0.0000000000
4558,0.0000000000,0.2500000000,0.0000000000
4951,0.0000000000,0.5194444444,0.0000000000
4501,0.0000000000,0.5714285714,0.0000000000
4481,0.0000000000,0.3444444444,0.0000000000
3712,0.0000000000,0.4444444444,0.0000000000
2041,0.0000000000,1.0000000000,0.0000000000
4225,0.0000000000,0.5666666667,0.0000000000
3245,0.0000000000,1.0000000000,0.0000000000
4948,0.0000000000,0.4732142857,0.0000000000
4243,0.0000000000,0.6666666667,0.0000000000
3444,0.0000000000,0.3333333333,0.0000000000
4524,0.0000000000,0.6333333333,0.0000000000
4169,0.0000000000,1.0000000000,0.0000000000
3395,0.0000000000,1.0000000000,0.0000000000
4518,0.0000000000,0.4833333333,0.0000000000
4086,0.0000000000,0.3541666667,0.0000000000
4205,0.0000000000,0.3273809524,0.0000000000
3847,0.0000000000,0.4315476190,0.0000000000
4081,0.0000000000,0.5694444444,0.0000000000
4853,0.0000000000,0.4916666667,0.0000000000
4158,0.0000000000,0.1541666667,0.0000000000
4333,0.0000000000,0.1250000000,0.0000000000
4068,0.0000000000,0.6666666667,0.0000000000
3016,0.0000000000,0.0000000000,0.0000000000
4998,0.0000000000,0.2722222222,0.0000000000
4843,0.0000000000,0.4208333333,0.0000000000
4732,0.0000000000,0.4166666667,0.0000000000
4052,0.0000000000,0.1000000000,0.0000000000
4789,0.0000000000,0.5000000000,0.0000000000
3035,0.0000000000,0.3809523810,0.0000000000
4643,0.0000000000,0.2809523810,0.0000000000
4962,0.0000000000,0.3261904762,0.0000000000
4021,0.0000000000,0.6111111111,0.0000000000
4964,0.0000000000,0.2777777778,0.0000000000
4000,0.0000000000,0.3750000000,0.0000000000
2557,0.0000000000,0.0000000000,0.0000000000
4113,0.0000000000,0.3066666667,0.0000000000
4882,0.0000000000,0.7500000000,0.0000000000
2726,0.0000000000,1.0000000000,0.0000000000
4614,0.0000000000,0.3333333333,0.0000000000
4112,0.0000000000,0.2375000000,0.0000000000
4416,0.0000000000,1.0000000000,0.0000000000
4878,0.0000000000,0.2777777778,0.0000000000
4939,0.0000000000,0.4444444444,0.0000000000
3010,0.0000000000,0.5000000000,0.0000000000
3390,0.0000000000,0.1666666667,0.0000000000
3406,0.0000000000,0.5208333333,0.0000000000
4307,0.0000000000,0.3194444444,0.0000000000
4852,0.0000000000,0.2583333333,0.0000000000
2950,0.0000000000,0.2500000000,0.0000000000
4900,0.0000000000,0.4583333333,0.0000000000
3973,0.0000000000,0.7083333333,0.0000000000
2890,0.0000000000,0.3125000000,0.0000000000
4236,0.0000000000,0.3666666667,0.0000000000
3948,0.0000000000,0.7500000000,0.0000000000
4660,0.0000000000,0.5625000000,0.0000000000
3816,0.0000000000,0.3333333333,0.0000000000
4045,0.0000000000,0.5083333333,0.0000000000
4740,0.0000000000,0.2916666667,0.0000000000
4596,0.0000000000,0.6666666667,0.0000000000
4372,0.0000000000,0.2785714286,0.0000000000
4009,0.0000000000,0.4166666667,0.0000000000
4319,0.0000000000,0.5500000000,0.0000000000
4896,0.0000000000,0.3680555556,0.0000000000
3775,0.0000000000,0.6666666667,0.0000000000
4556,0.0000000000,0.2222222222,0.0000000000
4295,0.0000000000,0.3305555556,0.0000000000
3432,0.0000000000,0.1666666667,0.0000000000
4534,0.0000000000,0.7500000000,0.0000000000
4451,0.0000000000,0.4166666667,0.0000000000
4691,0.0000000000,0.3900000000,0.0000000000
4707,0.0000000000,0.5000000000,0.0000000000
4856,0.0000000000,0.3900000000,0.0000000000
4821,0.0000000000,0.5555555556,0.0000000000
4599,0.0000000000,0.3366666667,0.0000000000
4521,0.0000000000,0.2142857143,0.0000000000
4845,0.0000000000,0.4166666667,0.0000000000
4910,0.0000000000,0.2166666667,0.0000000000
3735,0.0000000000,0.7500000000,0.0000000000
3108,0.0000000000,0.4166666667,0.0000000000
4464,0.0000000000,0.3333333333,0.0000000000
4187,0.0000000000,0.4166666667,0.0000000000
3236,0.0000000000,0.3000000000,0.0000000000
3441,0.0000000000,0.4166666667,0.0000000000
4689,0.0000000000,1.0000000000,0.0000000000
4735,0.0000000000,0.2125000000,0.0000000000
4982,0.0000000000,0.4166666667,0.0000000000
4217,0.0000000000,0.1250000000,0.0000000000
4085,0.0000000000,0.1250000000,0.0000000000
2433,0.0000000000,0.5000000000,0.0000000000
4407,0.0000000000,0.5277777778,0.0000000000
4806,0.0000000000,0.3214285714,0.0000000000
4143,0.0000000000,0.3333333333,0.0000000000
4459,0.0000000000,0.4652777778,0.0000000000
3825,0.0000000000,0.4444444444,0.0000000000
4527,0.0000000000,0.3750000000,0.0000000000
4657,0.0000000000,0.6250000000,0.0000000000
3903,0.0000000000,0.5000000000,0.0000000000
4487,0.0000000000,0.6066666667,0.0000000000
4931,0.0000000000,0.4833333333,0.0000000000
3648,0.0000000000,0.2916666667,0.0000000000
3915,0.0000000000,0.2253968254,0.0000000000
3975,0.0000000000,0.5000000000,0.0000000000
4763,0.0000000000,0.3055555556,0.0000000000
3326,0.0000000000,0.4166666667,0.0000000000
4708,0.0000000000,0.0000000000,0.0000000000
4584,0.0000000000,0.5833333333,0.0000000000
4868,0.0000000000,0.3968253968,0.0000000000
2789,0.0000000000,0.3750000000,0.0000000000
4637,0.0000000000,0.5277777778,0.0000000000
3557,0.0000000000,0.7500000000,0.0000000000
4270,0.0000000000,0.3402777778,0.0000000000
4525,0.0000000000,0.2566666667,0.0000000000
4066,0.0000000000,0.5000000000,0.0000000000
2993,0.0000000000,1.0000000000,0.0000000000
3268,0.0000000000,0.6250000000,0.0000000000
4920,0.0000000000,0.4685714286,0.0000000000
4754,0.0000000000,0.1958333333,0.0000000000
4179,0.0000000000,0.4000000000,0.0000000000
3932,0.0000000000,1.0000000000,0.0000000000
4438,0.0000000000,0.4166666667,0.0000000000
4717,0.0000000000,0.2066666667,0.0000000000
4345,0.0000000000,0.5833333333,0.0000000000
2975,0.0000000000,0.3333333333,0.0000000000
3219,0.0000000000,0.6000000000,0.0000000000
4084,0.0000000000,0.2500000000,0.0000000000
4758,0.0000000000,0.5000000000,0.0000000000
3778,0.0000000000,0.6000000000,0.0000000000
4467,0.0000000000,0.3444444444,0.0000000000
4807,0.0000000000,0.7500000000,0.0000000000
4938,0.0000000000,0.5773809524,0.0000000000
4699,0.0000000000,0.3541666667,0.0000000000
4024,0.0000000000,0.2000000000,0.0000000000
3127,0.0000000000,0.3611111111,0.0000000000
4836,0.0000000000,0.2250000000,0.0000000000
4247,0.0000000000,0.3333333333,0.0000000000
4309,0.0000000000,0.4166666667,0.0000000000
4612,0.0000000000,0.5000000000,0.0000000000
4452,0.0000000000,0.4777777778,0.0000000000
3997,0.0000000000,0.5416666667,0.0000000000
4276,0.0000000000,0.4444444444,0.0000000000
4482,0.0000000000,0.2083333333,0.0000000000
3448,0.0000000000,0.3333333333,0.0000000000
4465,0.0000000000,0.3333333333,0.0000000000
3938,0.0000000000,0.5625000000,0.0000000000
4466,0.0000000000,0.2083333333,0.0000000000
4408,0.0000000000,0.6000000000,0.0000000000
4728,0.0000000000,0.4166666667,0.0000000000
4893,0.0000000000,0.3333333333,0.0000000000
4685,0.0000000000,0.3861111111,0.0000000000
4678,0.0000000000,0.4361111111,0.0000000000
4007,0.0000000000,0.4458333333,0.0000000000
4216,0.0000000000,0.2916666667,0.0000000000
4552,0.0000000000,1.0000000000,0.0000000000
4091,0.0000000000,0.0000000000,0.0000000000
3320,0.0000000000,1.0000000000,0.0000000000
3210,0.0000000000,0.1250000000,0.0000000000
3993,0.0000000000,0.2916666667,0.0000000000
3341,0.0000000000,0.0000000000,0.0000000000
4662,0.0000000000,0.5000000000,0.0000000000
4018,0.0000000000,0.5000000000,0.0000000000
4397,0.0000000000,0.3750000000,0.0000000000
4117,0.0000000000,0.5666666667,0.0000000000
3080,0.0000000000,0.5000000000,0.0000000000
4178,0.0000000000,0.1805555556,0.0000000000
4266,0.0000000000,0.3566666667,0.0000000000
4283,0.0000000000,0.1458333333,0.0000000000
4304,0.0000000000,0.3750000000,0.0000000000
4818,0.0000000000,0.3000000000,0.0000000000
4972,0.0000000000,0.2253968254,0.0000000000
4015,0.0000000000,0.0000000000,0.0000000000
4038,0.0000000000,1.0000000000,0.0000000000
2883,0.0000000000,0.5000000000,0.0000000000
3855,0.0000000000,0.5000000000,0.0000000000
4604,0.0000000000,0.3208333333,0.0000000000
4777,0.0000000000,0.3750000000,0.0000000000
3698,0.0000000000,0.7400000000,0.0000000000
4440,0.0000000000,0.3416666667,0.0000000000
4837,0.0000000000,0.3333333333,0.0000000000
4639,0.0000000000,0.2083333333,0.0000000000
4506,0.0000000000,0.6000000000,0.0000000000
3572,0.0000000000,0.0000000000,0.0000000000
4246,0.0000000000,0.4166666667,0.0000000000
3995,0.0000000000,0.2000000000,0.0000000000
3897,0.0000000000,1.0000000000,0.0000000000
4562,0.0000000000,0.6250000000,0.0000000000
4842,0.0000000000,0.4722222222,0.0000000000
4823,0.0000000000,0.2714285714,0.0000000000
4530,0.0000000000,1.0000000000,0.0000000000
4979,0.0000000000,1.0000000000,0.0000000000
4156,0.0000000000,0.8333333333,0.0000000000
3785,0.0000000000,0.2000000000,0.0000000000
3991,0.0000000000,0.1666666667,0.0000000000
3904,0.0000000000,0.2500000000,0.0000000000
4804,0.0000000000,0.2400000000,0.0000000000
4731,0.0000000000,0.4166666667,0.0000000000
4574,0.0000000000,0.6666666667,0.0000000000
4063,0.0000000000,0.2000000000,0.0000000000
3999,0.0000000000,0.1666666667,0.0000000000
4690,0.0000000000,0.2000000000,0.0000000000
4241,0.0000000000,0.2500000000,0.0000000000
4152,0.0000008883,1.0000000000,0.0000008883
3290,0.0000006461,0.0555555556,0.0000000359
3458,0.0000001211,0.5000000000,0.0000000606
3853,0.0000015950,0.5500000000,0.0000008772
4292,0.0000053502,0.5452380952,0.0000029171
2948,0.0000011306,0.2916666667,0.0000003298
1980,0.0000000404,0.0000000000,0.0000000000
3508,0.0000012517,0.4444444444,0.0000005563
3665,0.0000007268,0.2083333333,0.0000001514
1786,0.0000002423,0.1666666667,0.0000000404
2496,0.0000007268,0.2083333333,0.0000001514
3742,0.0000002019,1.0000000000,0.0000002019
2495,0.0000006461,0.5500000000,0.0000003553
3992,0.0000024631,0.5654761905,0.0000013928
2638,0.0000000808,0.0000000000,0.0000000000
3764,0.0000007874,0.1666666667,0.0000001312
3089,0.0000003230,0.3333333333,0.0000001077
1871,0.0000000808,1.0000000000,0.0000000808
4135,0.0000041994,0.3333333333,0.0000013998
373,0.0000000404,0.0000000000,0.0000000000
2579,0.0000013729,0.2000000000,0.0000002746
4005,0.0000005249,0.6250000000,0.0000003281
3720,0.0000015748,0.3333333333,0.0000005249
2392,0.0000002019,0.5000000000,0.0000001009
3344,0.0000005653,0.8333333333,0.0000004711
2805,0.0000014536,0.3416666667,0.0000004967
469,0.0000000000,0.0000000000,0.0000000000
346,0.0000000000,0.0000000000,0.0000000000
3809,0.0000005249,0.1166666667,0.0000000612
2931,0.0000004038,0.4166666667,0.0000001682
2245,0.0000006057,0.3750000000,0.0000002271
3479,0.0000029275,0.5529100529,0.0000016186
3985,0.0000032101,0.1285714286,0.0000004127
2892,0.0000004038,0.3333333333,0.0000001346
4260,0.0000007672,0.4666666667,0.0000003580
3081,0.0000003230,0.5000000000,0.0000001615
4070,0.0000010902,0.5500000000,0.0000005996
4053,0.0000020189,0.4250000000,0.0000008580
4272,0.0000048454,0.2166666667,0.0000010498
4326,0.0000001211,0.0000000000,0.0000000000
4441,0.0000023823,0.5833333333,0.0000013897
2806,0.0000008480,0.2500000000,0.0000002120
3524,0.0000012921,0.8333333333,0.0000010768
4474,0.0000036139,0.3888888889,0.0000014054
4872,0.0000074499,0.5733333333,0.0000042713
3202,0.0000042398,0.5000000000,0.0000021199
2491,0.0000000808,0.0000000000,0.0000000000
2894,0.0000006864,0.3333333333,0.0000002288
4296,0.0000004442,0.1250000000,0.0000000555
4149,0.0000010498,0.6250000000,0.0000006562
4317,0.0000010498,0.4000000000,0.0000004199
4787,0.0000078738,0.4066666667,0.0000032020
3278,0.0000008883,0.3333333333,0.0000002961
2988,0.0000002827,0.1250000000,0.0000000353
4495,0.0000045224,0.3483333333,0.0000015753
3880,0.0000009691,0.7000000000,0.0000006784
4062,0.0000018170,0.2380952381,0.0000004326
4390,0.0000006864,0.4166666667,0.0000002860
2090,0.0000001211,0.5000000000,0.0000000606
4355,0.0000056934,0.4166666667,0.0000023722
1837,0.0000004442,0.7500000000,0.0000003331
4332,0.0000003230,0.8333333333,0.0000002692
4114,0.0000014536,0.1190476190,0.0000001731
4822,0.0000096505,0.4166666667,0.0000040210
3102,0.0000003836,0.5000000000,0.0000001918
3528,0.0000026650,0.1125000000,0.0000002998
609,0.0000000808,0.0000000000,0.0000000000
4059,0.0000032101,0.7083333333,0.0000022738
184,0.0000000000,0.0000000000,0.0000000000
4545,0.0000019786,0.6250000000,0.0000012366
1043,0.0000003230,0.6666666667,0.0000002154
1142,0.0000000000,0.0000000000,0.0000000000
3375,0.0000006461,0.5000000000,0.0000003230
3953,0.0000004442,0.6000000000,0.0000002665
3399,0.0000025035,0.4583333333,0.0000011474
4538,0.0000059760,0.3333333333,0.0000019920
4406,0.0000016555,0.3125000000,0.0000005174
231,0.0000000000,0.0000000000,0.0000000000
3544,0.0000024227,0.5000000000,0.0000012114
4395,0.0000043609,0.3928571429,0.0000017132
3623,0.0000018574,0.7500000000,0.0000013931
3145,0.0000013325,0.0714285714,0.0000000952
4202,0.0000029476,0.3000000000,0.0000008843
3656,0.0000011912,0.5666666667,0.0000006750
2015,0.0000006057,0.6250000000,0.0000003786
3271,0.0000004442,0.5000000000,0.0000002221
1527,0.0000002827,0.1000000000,0.0000000283
3986,0.0000002827,0.5000000000,0.0000001413
4281,0.0000031899,0.4791666667,0.0000015285
740,0.0000000000,0.0000000000,0.0000000000
2970,0.0000027861,0.4250000000,0.0000011841
3977,0.0000003634,0.4166666667,0.0000001514
1877,0.0000001211,0.5000000000,0.0000000606
4252,0.0000085199,0.1900000000,0.0000016188
4641,0.0000073893,0.3066666667,0.0000022661
4396,0.0000001615,1.0000000000,0.0000001615
2252,0.0000006864,0.4666666667,0.0000003203
3719,0.0000001615,0.3333333333,0.0000000538
2350,0.0000013729,0.3750000000,0.0000005148
2964,0.0000006057,0.3333333333,0.0000002019
3942,0.0000002423,0.5000000000,0.0000001211
3994,0.0000019718,0.3444444444,0.0000006792
4563,0.0000134596,0.4384920635,0.0000059019
4633,0.0000038764,0.4583333333,0.0000017767
4813,0.0000015277,0.3000000000,0.0000004583
2641,0.0000004038,0.2500000000,0.0000001009
4127,0.0000029073,0.1666666667,0.0000004845
4573,0.0000062991,0.3904761905,0.0000024596
4819,0.0000073287,0.5685714286,0.0000041669
4905,0.0000065615,0.4233333333,0.0000027777
2957,0.0000000404,0.0000000000,0.0000000000
4206,0.0000020593,0.1166666667,0.0000002403
2414,0.0000000000,0.0000000000,0.0000000000
3771,0.0000000808,0.0000000000,0.0000000000
3996,0.0000048656,0.4460317460,0.0000021702
4136,0.0000013729,0.4444444444,0.0000006102
1025,0.0000002423,1.0000000000,0.0000002423
3075,0.0000010095,0.6666666667,0.0000006730
5000,0.0000006057,0.6666666667,0.0000004038
3829,0.0000012921,0.5000000000,0.0000006461
4430,0.0000002827,0.6666666667,0.0000001884
3592,0.0000019584,0.5277777778,0.0000010336
4600,0.0000019920,0.5416666667,0.0000010790
4814,0.0000128875,0.1666666667,0.0000021479
651,0.0000000000,0.0000000000,0.0000000000
3176,0.0000004038,0.5000000000,0.0000002019
3846,0.0000009691,0.4666666667,0.0000004522
2155,0.0000001615,0.5000000000,0.0000000808
3495,0.0000019382,0.5666666667,0.0000010983
4155,0.0000003634,0.0625000000,0.0000000227
4376,0.0000012114,0.3750000000,0.0000004543
363,0.0000000000,0.0000000000,0.0000000000
4049,0.0000000404,0.0000000000,0.0000000000
4150,0.0000009691,0.5000000000,0.0000004845
4154,0.0000012114,0.4166666667,0.0000005047
2740,0.0000029476,0.4404761905,0.0000012984
1960,0.0000003230,0.3333333333,0.0000001077
2930,0.0000001615,1.0000000000,0.0000001615
2938,0.0000002827,0.5000000000,0.0000001413
3837,0.0000070865,0.4527777778,0.0000032086
3838,0.0000030688,0.2777777778,0.0000008524
4749,0.0000011306,0.1875000000,0.0000002120
4166,0.0000026246,0.1333333333,0.0000003499
4741,0.0000143950,0.3214285714,0.0000046270
4462,0.0000046032,0.2900000000,0.0000013349
2674,0.0000009691,0.5625000000,0.0000005451
4191,0.0000015075,0.2166666667,0.0000003266
4282,0.0000124972,0.4305555556,0.0000053807
4411,0.0000054713,0.1273809524,0.0000006969
3415,0.0000095294,0.3888888889,0.0000037059
1915,0.0000003230,1.0000000000,0.0000003230
2822,0.0000003634,0.5000000000,0.0000001817
1943,0.0000022814,0.4722222222,0.0000010773
2402,0.0000000404,0.0000000000,0.0000000000
3691,0.0000023420,0.3750000000,0.0000008782
2650,0.0000002019,0.0000000000,0.0000000000
2737,0.0000005249,0.3333333333,0.0000001750
4461,0.0000030419,0.3750000000,0.0000011407
4207,0.0000086814,0.3900000000,0.0000033858
3071,0.0000009691,0.2583333333,0.0000002503
4491,0.0000000000,0.0000000000,0.0000000000
594,0.0000000000,0.0000000000,0.0000000000
1798,0.0000001615,0.3333333333,0.0000000538
270,0.0000000000,0.0000000000,0.0000000000
3813,0.0000006864,0.4000000000,0.0000002746
1677,0.0000000000,0.0000000000,0.0000000000
3166,0.0000000808,0.0000000000,0.0000000000
1903,0.0000006057,0.5625000000,0.0000003407
4077,0.0000052492,0.3000000000,0.0000015748
3348,0.0000008076,0.6666666667,0.0000005384
3702,0.0000017363,0.2916666667,0.0000005064
1612,0.0000006461,0.2500000000,0.0000001615
2256,0.0000008480,0.5000000000,0.0000004240
3860,0.0000018574,0.8750000000,0.0000016252
4661,0.0000075912,0.3783333333,0.0000028720
3690,0.0000012921,0.3333333333,0.0000004307
3794,0.0000000404,0.0000000000,0.0000000000
3961,0.0000002423,0.5000000000,0.0000001211
131,0.0000000000,0.0000000000,0.0000000000
885,0.0000001211,1.0000000000,0.0000001211
4799,0.0000002827,0.5000000000,0.0000001413
940,0.0000000808,0.0000000000,0.0000000000
3467,0.0000008480,0.0476190476,0.0000000404
2,0.0000000000,0.0000000000,0.0000000000
3954,0.0000148190,0.5666666667,0.0000083974
3491,0.0000000404,0.0000000000,0.0000000000
4409,0.0000019382,0.4166666667,0.0000008076
3339,0.0000000808,0.0000000000,0.0000000000
3969,0.0000003230,0.5000000000,0.0000001615
1605,0.0000001211,0.5000000000,0.0000000606
3801,0.0000033111,0.5111111111,0.0000016923
122,0.0000000000,0.0000000000,0.0000000000
3112,0.0000077729,0.3666666667,0.0000028501
4180,0.0000035937,0.3541666667,0.0000012728
4132,0.0000018170,0.1666666667,0.0000003028
4199,0.0000003028,0.2500000000,0.0000000757
4051,0.0000023016,0.4500000000,0.0000010357
4665,0.0000032707,0.5333333333,0.0000017444
3708,0.0000022410,0.1666666667,0.0000003735
928,0.0000000000,0.0000000000,0.0000000000
4027,0.0000072883,0.5000000000,0.0000036442
2278,0.0000000000,0.0000000000,0.0000000000
3427,0.0000000404,0.0000000000,0.0000000000
3898,0.0000006461,0.2500000000,0.0000001615
3980,0.0000007672,0.4000000000,0.0000003069
4443,0.0000058145,0.3466666667,0.0000020157
3976,0.0000002423,1.0000000000,0.0000002423
3655,0.0000027054,0.4250000000,0.0000011498
2593,0.0000014536,0.1666666667,0.0000002423
2908,0.0000010902,0.5000000000,0.0000005451
3574,0.0000006057,0.5000000000,0.0000003028
4862,0.0000135470,0.2419047619,0.0000032771
3593,0.0000058145,0.4722222222,0.0000027457
1948,0.0000008076,0.3333333333,0.0000002692
4659,0.0000086208,0.3452380952,0.0000029762
3641,0.0000031495,0.0900000000,0.0000002835
3910,0.0000002827,1.0000000000,0.0000002827
4170,0.0000047714,0.2916666667,0.0000013917
4598,0.0000202836,0.4375000000,0.0000088741
4393,0.0000014940,0.6666666667,0.0000009960
3723,0.0000010902,0.0833333333,0.0000000909
4609,0.0000042398,0.3742424242,0.0000015867
2745,0.0000024227,0.1666666667,0.0000004038
3312,0.0000015344,0.4666666667,0.0000007160
3400,0.0000020997,0.1666666667,0.0000003499
3928,0.0000001615,0.0000000000,0.0000000000
4014,0.0000002423,0.1111111111,0.0000000269
2106,0.0000003634,0.3333333333,0.0000001211
4006,0.0000047243,0.4777777778,0.0000022572
3688,0.0000028265,0.1666666667,0.0000004711
2189,0.0000003230,0.3333333333,0.0000001077
4111,0.0000084795,0.4861111111,0.0000041220
4522,0.0000015142,0.2000000000,0.0000003028
1828,0.0000000404,0.0000000000,0.0000000000
3142,0.0000010498,1.0000000000,0.0000010498
3563,0.0000001211,0.5000000000,0.0000000606
3587,0.0000007268,0.0833333333,0.0000000606
3404,0.0000010095,0.6666666667,0.0000006730
3972,0.0000015142,0.3055555556,0.0000004627
4658,0.0000090852,0.2500000000,0.0000022713
3029,0.0000000000,0.0000000000,0.0000000000
4140,0.0000020189,0.2500000000,0.0000005047
3772,0.0000031092,0.5000000000,0.0000015546
3888,0.0000025842,0.4066666667,0.0000010509
2427,0.0000023420,0.2142857143,0.0000005018
4570,0.0000026246,0.6805555556,0.0000017862
1531,0.0000003230,0.3333333333,0.0000001077
4082,0.0000056934,0.4444444444,0.0000025304
534,0.0000000808,0.0000000000,0.0000000000
2713,0.0000007268,0.4444444444,0.0000003230
3667,0.0000041994,0.1250000000,0.0000005249
3971,0.0000038360,0.2333333333,0.0000008951
2239,0.0000001211,0.5000000000,0.0000000606
3660,0.0000014133,0.5833333333,0.0000008244
4362,0.0000053906,0.1145833333,0.0000006177
4110,0.0000007672,0.5000000000,0.0000003836
3003,0.0000012921,0.3611111111,0.0000004666
4259,0.0000016151,0.3666666667,0.0000005922
4265,0.0000054915,0.2583333333,0.0000014186
3796,0.0000008480,0.3333333333,0.0000002827
3636,0.0000047647,0.3666666667,0.0000017471
1997,0.0000007268,0.1111111111,0.0000000808
3884,0.0000020593,0.1666666667,0.0000003432
4892,0.0000026246,0.4166666667,0.0000010936
1526,0.0000001615,0.3333333333,0.0000000538
3471,0.0000003230,0.5000000000,0.0000001615
2905,0.0000007066,0.3333333333,0.0000002355
2328,0.0000014133,0.2500000000,0.0000003533
4340,0.0000060164,0.2777777778,0.0000016712
2918,0.0000001211,0.5000000000,0.0000000606
3943,0.0000006797,1.0000000000,0.0000006797
1783,0.0000004038,0.1666666667,0.0000000673
892,0.0000002423,0.6666666667,0.0000001615
3654,0.0000006461,0.4722222222,0.0000003051
4360,0.0000132644,0.2785714286,0.0000036951
2062,0.0000018978,0.6666666667,0.0000012652
591,0.0000000000,0.0000000000,0.0000000000
2730,0.0000006057,0.7083333333,0.0000004290
3604,0.0000024833,0.2333333333,0.0000005794
4001,0.0000029073,0.5055555556,0.0000014698
4832,0.0000009489,0.1875000000,0.0000001779
2911,0.0000016959,0.2000000000,0.0000003392
2727,0.0000012517,0.5000000000,0.0000006259
3539,0.0000008076,0.6250000000,0.0000005047
3223,0.0000012315,0.4500000000,0.0000005542
3362,0.0000004845,0.5000000000,0.0000002423
1361,0.0000000808,0.0000000000,0.0000000000
2429,0.0000009287,0.5000000000,0.0000004644
4348,0.0000020593,0.0833333333,0.0000001716
4359,0.0000062654,0.1900000000,0.0000011904
4783,0.0000073826,0.3879629630,0.0000028642
2492,0.0000003634,0.5000000000,0.0000001817
4287,0.0000002423,0.7500000000,0.0000001817
3078,0.0000017363,0.1250000000,0.0000002170
1412,0.0000001615,0.0000000000,0.0000000000
3590,0.0000012719,0.6805555556,0.0000008656
4463,0.0000036745,0.5000000000,0.0000018372
4546,0.0000252569,0.2972222222,0.0000075069
4394,0.0000012921,0.4166666667,0.0000005384
1819,0.0000033918,0.2500000000,0.0000008480
2969,0.0000054107,0.0666666667,0.0000003607
3930,0.0000027457,0.5125000000,0.0000014072
2025,0.0000002827,0.0000000000,0.0000000000
2814,0.0000024227,0.6666666667,0.0000016151
2395,0.0000002423,0.0000000000,0.0000000000
417,0.0000000000,0.0000000000,0.0000000000
4250,0.0000052896,0.4888888889,0.0000025860
4374,0.0000039571,0.3666666667,0.0000014509
601,0.0000000000,0.0000000000,0.0000000000
3893,0.0000029880,0.6000000000,0.0000017928
4788,0.0000000404,0.0000000000,0.0000000000
3114,0.0000035533,0.4875000000,0.0000017322
3547,0.0000040782,0.4375000000,0.0000017842
2889,0.0000022208,0.5000000000,0.0000011104
3755,0.0000006057,0.5000000000,0.0000003028
4370,0.0000071268,0.3115079365,0.0000022201
3802,0.0000086612,0.3380952381,0.0000029283
4041,0.0000038965,0.4047619048,0.0000015772
1815,0.0000024833,0.8000000000,0.0000019866
2171,0.0000027054,0.6250000000,0.0000016909
3551,0.0000046503,0.4861111111,0.0000022606
3521,0.0000029409,0.6875000000,0.0000020219
2626,0.0000003230,0.0000000000,0.0000000000
3729,0.0000040782,0.4305555556,0.0000017559
4020,0.0000010498,0.8500000000,0.0000008924
3049,0.0000110839,0.4722222222,0.0000052341
3679,0.0000025035,0.1000000000,0.0000002503
2864,0.0000009691,0.5000000000,0.0000004845
3865,0.0000006461,0.0666666667,0.0000000431
4417,0.0000082776,0.1583333333,0.0000013106
655,0.0000000000,0.0000000000,0.0000000000
2874,0.0000002423,0.7500000000,0.0000001817
2782,0.0000001615,1.0000000000,0.0000001615
2149,0.0000002423,0.1111111111,0.0000000269
662,0.0000000808,1.0000000000,0.0000000808
2308,0.0000014536,0.4285714286,0.0000006230
2201,0.0000000000,0.0000000000,0.0000000000
3230,0.0000007672,0.2333333333,0.0000001790
4167,0.0000067432,0.3400000000,0.0000022927
2055,0.0000007268,0.2500000000,0.0000001817
3900,0.0000144152,0.4166666667,0.0000060063
3182,0.0000028265,0.3333333333,0.0000009422
4648,0.0000029073,0.1666666667,0.0000004845
4739,0.0000004845,0.6666666667,0.0000003230
652,0.0000000000,0.0000000000,0.0000000000
4548,0.0000019786,0.3125000000,0.0000006183
2084,0.0000005047,0.1111111111,0.0000000561
2076,0.0000000000,0.0000000000,0.0000000000
3542,0.0000011306,0.4900000000,0.0000005540
2582,0.0000006461,0.3750000000,0.0000002423
4067,0.0000008480,0.5000000000,0.0000004240
773,0.0000000000,0.0000000000,0.0000000000
4368,0.0000243685,0.3775510204,0.0000092004
3751,0.0000209161,0.5277777778,0.0000110391
1147,0.0000001615,0.3333333333,0.0000000538
1372,0.0000001615,1.0000000000,0.0000001615
3034,0.0000008480,0.5000000000,0.0000004240
4144,0.0000017363,0.3888888889,0.0000006752
1535,0.0000004845,0.2500000000,0.0000001211
2623,0.0000006057,0.5000000000,0.0000003028
2515,0.0000002019,1.0000000000,0.0000002019
2620,0.0000019382,0.2777777778,0.0000005384
3121,0.0000004845,0.1250000000,0.0000000606
4592,0.0000016353,0.5000000000,0.0000008177
705,0.0000003230,1.0000000000,0.0000003230
3353,0.0000000000,0.0000000000,0.0000000000
4190,0.0000012517,0.3666666667,0.0000004590
1488,0.0000003230,0.2500000000,0.0000000808
3966,0.0000033111,0.6125000000,0.0000020280
3967,0.0000058549,0.5083333333,0.0000029762
2979,0.0000002827,0.1000000000,0.0000000283
3878,0.0000030284,0.8333333333,0.0000025237
1292,0.0000008480,0.5000000000,0.0000004240
3581,0.0000004240,0.7500000000,0.0000003180
3876,0.0000006864,0.5000000000,0.0000003432
3514,0.0000024227,0.2833333333,0.0000006864
2035,0.0000003028,1.0000000000,0.0000003028
2936,0.0000011306,1.0000000000,0.0000011306
2983,0.0000039571,0.3666666667,0.0000014509
3890,0.0000011710,0.2916666667,0.0000003415
4696,0.0000111849,0.1900000000,0.0000021251
1108,0.0000008480,1.0000000000,0.0000008480
1738,0.0000000000,0.0000000000,0.0000000000
4565,0.0000006057,0.2083333333,0.0000001262
4511,0.0000164341,0.3611111111,0.0000059345
4075,0.0000010498,0.2500000000,0.0000002625
4197,0.0000047243,0.3444444444,0.0000016273
4432,0.0000007268,0.5000000000,0.0000003634
873,0.0000001211,0.5000000000,0.0000000606
3575,0.0000008480,0.5277777778,0.0000004475
3896,0.0000005249,0.7500000000,0.0000003937
691,0.0000000000,0.0000000000,0.0000000000
3133,0.0000012114,0.7500000000,0.0000009085
2847,0.0000003634,0.5000000000,0.0000001817
4122,0.0000017363,0.3333333333,0.0000005788
3923,0.0000012517,0.4666666667,0.0000005841
2458,0.0000008883,0.2500000000,0.0000002221
4280,0.0000046234,0.1666666667,0.0000007706
3657,0.0000006864,1.0000000000,0.0000006864
3845,0.0000075508,0.3625000000,0.0000027372
3416,0.0000002827,0.5000000000,0.0000001413
3435,0.0000007268,0.5000000000,0.0000003634
4841,0.0000133653,0.3791666667,0.0000050677
2716,0.0000004845,1.0000000000,0.0000004845
3983,0.0000090314,0.3253968254,0.0000029388
4261,0.0000001615,1.0000000000,0.0000001615
4284,0.0000008883,0.4166666667,0.0000003701
4667,0.0000146305,0.2174603175,0.0000031816
4555,0.0000243214,0.4788359788,0.0000116460
3170,0.0000000000,0.0000000000,0.0000000000
4223,0.0000011508,0.5000000000,0.0000005754
2024,0.0000000000,0.0000000000,0.0000000000
1655,0.0000002019,0.0000000000,0.0000000000
3232,0.0000009893,0.6111111111,0.0000006046
3868,0.0000015142,0.6000000000,0.0000009085
4470,0.0000045426,0.1031746032,0.0000004687
3559,0.0000024227,0.3796296296,0.0000009197
4047,0.0000003230,0.3333333333,0.0000001077
2898,0.0000020593,0.4107142857,0.0000008458
1861,0.0000004442,0.3333333333,0.0000001481
4240,0.0000098322,0.5000000000,0.0000049161
4237,0.0000060972,0.3687500000,0.0000022483
3533,0.0000001615,0.0000000000,0.0000000000
4381,0.0000020593,0.5000000000,0.0000010297
4095,0.0000157881,0.4479166667,0.0000070717
3808,0.0000049262,0.1125000000,0.0000005542
3990,0.0000040782,0.3357142857,0.0000013691
357,0.0000000000,0.0000000000,0.0000000000
4353,0.0000071066,0.3000000000,0.0000021320
3704,0.0000081969,0.5555555556,0.0000045538
4029,0.0000005249,0.1111111111,0.0000000583
4092,0.0000037956,0.1964285714,0.0000007456
1272,0.0000000404,0.0000000000,0.0000000000
3538,0.0000028265,0.2500000000,0.0000007066
4042,0.0000021804,0.6000000000,0.0000013083
4293,0.0000002423,0.5000000000,0.0000001211
2425,0.0000004845,0.5000000000,0.0000002423
3183,0.0000008076,0.3333333333,0.0000002692
3941,0.0000025640,0.5666666667,0.0000014530
4523,0.0000049464,0.4928571429,0.0000024379
2563,0.0000008076,0.6666666667,0.0000005384
3596,0.0000039975,0.2619047619,0.0000010470
2445,0.0000000000,0.0000000000,0.0000000000
3385,0.0000067029,0.2250000000,0.0000015081
2968,0.0000020189,0.2777777778,0.0000005608
3507,0.0000010095,0.7222222222,0.0000007291
1891,0.0000011912,0.7500000000,0.0000008934
4036,0.0000062789,0.5047619048,0.0000031693
3269,0.0000002019,0.0000000000,0.0000000000
3473,0.0000017363,0.5555555556,0.0000009646
2800,0.0000001615,0.0000000000,0.0000000000
3549,0.0000027054,0.3466666667,0.0000009379
3482,0.0000025640,0.8000000000,0.0000020512
1632,0.0000030688,0.5000000000,0.0000015344
3611,0.0000005653,0.4444444444,0.0000002512
3293,0.0000027054,0.6666666667,0.0000018036
3920,0.0000008076,0.2500000000,0.0000002019
4403,0.0000001615,1.0000000000,0.0000001615
2476,0.0000011710,0.3333333333,0.0000003903
2987,0.0000000404,0.0000000000,0.0000000000
273,0.0000000000,0.0000000000,0.0000000000
3856,0.0000019180,0.8333333333,0.0000015983
3940,0.0000029073,0.1458333333,0.0000004240
3012,0.0000011306,0.1250000000,0.0000001413
3396,0.0000031092,0.0833333333,0.0000002591
1748,0.0000000000,0.0000000000,0.0000000000
3196,0.0000037148,0.3333333333,0.0000012383
2833,0.0000004038,0.2500000000,0.0000001009
3384,0.0000016151,0.2333333333,0.0000003769
4613,0.0000001817,0.2500000000,0.0000000454
2443,0.0000001615,0.0000000000,0.0000000000
2672,0.0000013729,0.5833333333,0.0000008008
3129,0.0000002423,0.5000000000,0.0000001211
3379,0.0000020997,0.8333333333,0.0000017497
2459,0.0000015546,0.4444444444,0.0000006909
3773,0.0000007268,0.8333333333,0.0000006057
4517,0.0000027256,0.5119047619,0.0000013952
2096,0.0000004038,1.0000000000,0.0000004038
3703,0.0000023420,0.7500000000,0.0000017565
4201,0.0000017767,0.4444444444,0.0000007896
4424,0.0000032707,0.5761904762,0.0000018845
3041,0.0000016959,0.6666666667,0.0000011306
3753,0.0000037956,0.4333333333,0.0000016448
1172,0.0000000000,0.0000000000,0.0000000000
4761,0.0000008480,0.3333333333,0.0000002827
1253,0.0000006864,0.2500000000,0.0000001716
4498,0.0000004038,0.2500000000,0.0000001009
2334,0.0000008076,0.3333333333,0.0000002692
4450,0.0000028265,0.4000000000,0.0000011306
4387,0.0000010498,0.2500000000,0.0000002625
4057,0.0000000404,0.0000000000,0.0000000000
912,0.0000006057,1.0000000000,0.0000006057
2131,0.0000004845,0.2000000000,0.0000000969
2643,0.0000000404,0.0000000000,0.0000000000
4050,0.0000028669,0.2000000000,0.0000005734
2996,0.0000009287,0.6666666667,0.0000006191
3101,0.0000001211,0.0000000000,0.0000000000
2829,0.0000013123,0.3750000000,0.0000004921
3676,0.0000031092,0.5666666667,0.0000017619
3889,0.0000061174,0.1916666667,0.0000011725
3298,0.0000002019,0.1666666667,0.0000000336
4328,0.0000003230,0.6666666667,0.0000002154
3577,0.0000001615,0.0000000000,0.0000000000
3579,0.0000004038,0.6666666667,0.0000002692
4615,0.0000140518,0.4119047619,0.0000057880
2058,0.0000000000,0.0000000000,0.0000000000
3151,0.0000000808,0.0000000000,0.0000000000
3937,0.0000071268,0.4729166667,0.0000033704
4323,0.0000137489,0.4583333333,0.0000063016
4583,0.0000003836,0.5000000000,0.0000001918
2067,0.0000007268,0.0000000000,0.0000000000
3451,0.0000015748,0.5833333333,0.0000009186
4129,0.0000074297,0.4940476190,0.0000036706
2869,0.0000003230,0.2500000000,0.0000000808
2765,0.0000000808,0.0000000000,0.0000000000
4172,0.0000019584,0.2666666667,0.0000005222
3502,0.0000023622,0.3750000000,0.0000008858
4124,0.0000029880,0.4000000000,0.0000011952
3061,0.0000006461,0.5000000000,0.0000003230
3567,0.0000003230,0.5000000000,0.0000001615
3804,0.0000014536,0.3888888889,0.0000005653
658,0.0000000000,0.0000000000,0.0000000000
3173,0.0000082776,0.4444444444,0.0000036789
3730,0.0000033918,0.5000000000,0.0000016959
3023,0.0000039167,0.6666666667,0.0000026112
3036,0.0000012921,0.8333333333,0.0000010768
3334,0.0000081161,0.1666666667,0.0000013527
3588,0.0000003230,0.7500000000,0.0000002423
2952,0.0000045628,0.5833333333,0.0000026616
1627,0.0000000000,0.0000000000,0.0000000000
2752,0.0000008480,1.0000000000,0.0000008480
4427,0.0000059559,0.2285714286,0.0000013613
1211,0.0000077056,0.4375000000,0.0000033712
676,0.0000005249,0.0000000000,0.0000000000
2820,0.0000010902,0.6250000000,0.0000006814
4106,0.0000016555,0.5625000000,0.0000009312
4210,0.0000202903,0.3208333333,0.0000065098
3881,0.0000013729,0.8000000000,0.0000010983
1782,0.0000000808,1.0000000000,0.0000000808
2928,0.0000014536,0.6666666667,0.0000009691
782,0.0000003230,0.0000000000,0.0000000000
2656,0.0000004038,1.0000000000,0.0000004038
2567,0.0000005653,0.5000000000,0.0000002827
2999,0.0000003230,0.5000000000,0.0000001615
2510,0.0000027457,0.3125000000,0.0000008580
3095,0.0000034322,0.4809523810,0.0000016507
3727,0.0000006461,1.0000000000,0.0000006461
2244,0.0000025439,0.2500000000,0.0000006360
2770,0.0000008278,0.2500000000,0.0000002069
4313,0.0000003230,0.7500000000,0.0000002423
4414,0.0000015748,0.6111111111,0.0000009624
3555,0.0000020997,0.5555555556,0.0000011665
3960,0.0000017767,0.4166666667,0.0000007403
4377,0.0000006057,0.2500000000,0.0000001514
2241,0.0000018978,0.3333333333,0.0000006326
3248,0.0000006461,0.3750000000,0.0000002423
3084,0.0000000000,0.0000000000,0.0000000000
1771,0.0000001615,1.0000000000,0.0000001615
2415,0.0000015344,0.2500000000,0.0000003836
3899,0.0000006461,0.4000000000,0.0000002584
1600,0.0000001211,0.0000000000,0.0000000000
4037,0.0000004442,0.4000000000,0.0000001777
4605,0.0000057741,0.1989795918,0.0000011489
473,0.0000000000,0.0000000000,0.0000000000
1165,0.0000002423,0.0000000000,0.0000000000
3767,0.0000025439,0.2916666667,0.0000007420
1842,0.0000003230,0.5000000000,0.0000001615
2686,0.0000004845,0.5000000000,0.0000002423
3766,0.0000095899,0.1666666667,0.0000015983
3787,0.0000151420,0.3184523810,0.0000048220
3382,0.0000022208,0.4444444444,0.0000009870
4544,0.0000051685,0.5166666667,0.0000026704
3058,0.0000074701,0.0916666667,0.0000006848
4105,0.0000048051,0.0555555556,0.0000002669
3235,0.0000016151,0.5000000000,0.0000008076
3902,0.0000019180,0.2333333333,0.0000004475
3965,0.0000000404,0.0000000000,0.0000000000
2795,0.0000007874,0.0666666667,0.0000000525
1081,0.0000009691,0.5000000000,0.0000004845
3184,0.0000022612,0.6666666667,0.0000015075
3713,0.0000047445,0.1250000000,0.0000005931
3191,0.0000078738,0.7500000000,0.0000059054
3598,0.0000052290,0.5833333333,0.0000030503
3566,0.0000030890,0.3055555556,0.0000009439
2539,0.0000029073,0.6250000000,0.0000018170
3277,0.0000000000,0.0000000000,0.0000000000
2075,0.0000024227,1.0000000000,0.0000024227
3782,0.0000011710,0.8000000000,0.0000009368
3460,0.0000016959,0.2000000000,0.0000003392
4747,0.0000144556,0.6071428571,0.0000087766
4782,0.0000002423,0.7500000000,0.0000001817
3067,0.0000028669,1.0000000000,0.0000028669
3092,0.0000002423,0.5000000000,0.0000001211
1549,0.0000001211,0.0000000000,0.0000000000
3714,0.0000031092,0.5416666667,0.0000016841
1810,0.0000009691,0.2500000000,0.0000002423
1597,0.0000000000,0.0000000000,0.0000000000
1102,0.0000000808,0.0000000000,0.0000000000
3249,0.0000014940,0.5625000000,0.0000008404
3105,0.0000015344,0.3750000000,0.0000005754
3752,0.0000135067,0.5625000000,0.0000075975
4096,0.0000031495,0.5285714286,0.0000016648
3631,0.0000257414,0.5000000000,0.0000128707
4025,0.0000058549,0.5000000000,0.0000029275
2518,0.0000009691,0.6666666667,0.0000006461
3104,0.0000000000,0.0000000000,0.0000000000
3951,0.0000098120,0.1250000000,0.0000012265
4289,0.0000069855,0.5119047619,0.0000035759
2760,0.0000060568,0.4166666667,0.0000025237
4826,0.0000012517,0.4583333333,0.0000005737
1121,0.0000002019,0.6666666667,0.0000001346
2678,0.0000016151,0.4444444444,0.0000007178
4221,0.0000117300,0.0357142857,0.0000004189
4620,0.0000205595,0.4041666667,0.0000083095
3206,0.0000018776,0.6166666667,0.0000011579
3021,0.0000004038,0.6666666667,0.0000002692
4617,0.0000005653,0.6111111111,0.0000003455
1133,0.0000008076,0.5000000000,0.0000004038
2185,0.0000013729,0.2500000000,0.0000003432
4104,0.0000044417,0.6190476190,0.0000027496
4341,0.0000079008,0.2857142857,0.0000022574
2897,0.0000019382,0.4000000000,0.0000007753
3025,0.0000016824,0.2777777778,0.0000004673
2888,0.0000000808,0.0000000000,0.0000000000
3480,0.0000036543,0.3333333333,0.0000012181
4433,0.0000115281,0.3250000000,0.0000037466
2880,0.0000115685,0.4000000000,0.0000046274
665,0.0000005249,0.0000000000,0.0000000000
2828,0.0000002423,0.5000000000,0.0000001211
3894,0.0000447598,0.3166666667,0.0000141739
2318,0.0000006461,0.0000000000,0.0000000000
2758,0.0000006461,0.3333333333,0.0000002154
3242,0.0000007672,0.6666666667,0.0000005115
3757,0.0000141123,0.4500000000,0.0000063506
3744,0.0000186146,0.3666666667,0.0000068253
3359,0.0000000000,0.0000000000,0.0000000000
3503,0.0000117300,0.7500000000,0.0000087975
2859,0.0000008480,0.1111111111,0.0000000942
3769,0.0000010498,0.3333333333,0.0000003499
4099,0.0000009287,0.1666666667,0.0000001548
2974,0.0000009691,0.6666666667,0.0000006461
3314,0.0000023016,0.2666666667,0.0000006138
904,0.0000005653,0.0000000000,0.0000000000
2140,0.0000004845,0.5000000000,0.0000002423
1517,0.0000002423,1.0000000000,0.0000002423
2602,0.0000011306,0.5285714286,0.0000005976
2707,0.0000004038,0.2500000000,0.0000001009
1183,0.0000001615,1.0000000000,0.0000001615
4033,0.0000036341,0.5083333333,0.0000018473
2960,0.0000058347,0.2500000000,0.0000014587
2940,0.0000025842,0.3125000000,0.0000008076
3002,0.0000000000,0.0000000000,0.0000000000
2842,0.0000029880,0.6250000000,0.0000018675
1768,0.0000007268,0.1250000000,0.0000000909
4022,0.0000083988,0.5476190476,0.0000045993
4188,0.0000167504,0.4666666667,0.0000078169
4418,0.0000055655,0.5000000000,0.0000027828
2615,0.0000019382,0.5000000000,0.0000009691
3030,0.0000012517,1.0000000000,0.0000012517
2867,0.0000044013,0.0555555556,0.0000002445
3586,0.0000007672,0.2500000000,0.0000001918
2954,0.0000003634,0.5000000000,0.0000001817
4220,0.0000165889,0.4185714286,0.0000069436
4640,0.0000036879,0.4166666667,0.0000015366
2139,0.0000001211,0.5000000000,0.0000000606
4177,0.0000037956,0.4733333333,0.0000017966
3949,0.0000046032,0.4066666667,0.0000018720
4087,0.0000022208,0.5416666667,0.0000012029
3689,0.0000091861,0.3333333333,0.0000030620
1388,0.0000004845,0.5000000000,0.0000002423
3275,0.0000008076,0.5000000000,0.0000004038
2137,0.0000001211,0.0000000000,0.0000000000
3933,0.0000001211,0.0000000000,0.0000000000
1710,0.0000000000,0.0000000000,0.0000000000
3585,0.0000023016,0.5555555556,0.0000012787
3677,0.0000045224,0.4166666667,0.0000018843
1977,0.0000007672,0.3333333333,0.0000002557
2525,0.0000049060,0.4583333333,0.0000022486
2625,0.0000011508,0.3333333333,0.0000003836
2203,0.0000012921,0.7500000000,0.0000009691
3209,0.0000002019,0.3333333333,0.0000000673
3405,0.0000019382,0.8333333333,0.0000016151
4650,0.0000053098,0.1566666667,0.0000008319
2657,0.0000001615,1.0000000000,0.0000001615
2749,0.0000004845,0.5000000000,0.0000002423
4151,0.0000004845,0.1250000000,0.0000000606
4543,0.0000098322,0.4333333333,0.0000042606
2519,0.0000000000,0.0000000000,0.0000000000
3374,0.0000022006,0.1250000000,0.0000002751
3449,0.0000120530,0.1666666667,0.0000020088
4445,0.0000073085,0.6111111111,0.0000044663
700,0.0000007268,0.0000000000,0.0000000000
1839,0.0000004038,1.0000000000,0.0000004038
2524,0.0000034120,0.0666666667,0.0000002275
3107,0.0000040581,0.3333333333,0.0000013527
2012,0.0000043609,0.1250000000,0.0000005451
3803,0.0000002827,0.5000000000,0.0000001413
4710,0.0000021199,0.4583333333,0.0000009716
4766,0.0000006662,0.5000000000,0.0000003331
3608,0.0000000000,0.0000000000,0.0000000000
3831,0.0000031495,0.7500000000,0.0000023622
1541,0.0000004845,0.2000000000,0.0000000969
3243,0.0000046839,0.5833333333,0.0000027323
3318,0.0000005653,0.3750000000,0.0000002120
1430,0.0000002423,0.0000000000,0.0000000000
3715,0.0000002423,0.5000000000,0.0000001211
3739,0.0000001615,0.5000000000,0.0000000808
3892,0.0000043003,0.1845238095,0.0000007935
4016,0.0000126991,0.2500000000,0.0000031748
297,0.0000000000,0.0000000000,0.0000000000
3285,0.0000028063,0.1666666667,0.0000004677
3885,0.0000009691,0.4166666667,0.0000004038
4119,0.0000030486,0.4000000000,0.0000012194
317,0.0000000000,0.0000000000,0.0000000000
1774,0.0000010700,0.4444444444,0.0000004756
3790,0.0000049262,0.5000000000,0.0000024631
1109,0.0000000000,0.0000000000,0.0000000000
2098,0.0000009287,0.7500000000,0.0000006965
3086,0.0000023218,0.4027777778,0.0000009352
1209,0.0000000808,0.0000000000,0.0000000000
2786,0.0000008883,1.0000000000,0.0000008883
2580,0.0000025842,0.1250000000,0.0000003230
1252,0.0000009691,0.1111111111,0.0000001077
2341,0.0000006864,0.3750000000,0.0000002574
3445,0.0000004442,0.6250000000,0.0000002776
4781,0.0000008076,1.0000000000,0.0000008076
3361,0.0000007268,0.5000000000,0.0000003634
3618,0.0000153775,0.4479166667,0.0000068879
4373,0.0000101956,0.1750000000,0.0000017842
1499,0.0000000000,0.0000000000,0.0000000000
3733,0.0000089843,0.1250000000,0.0000011230
798,0.0000000000,0.0000000000,0.0000000000
3554,0.0000002423,0.0000000000,0.0000000000
2872,0.0000008883,0.1250000000,0.0000001110
4031,0.0000023689,0.5000000000,0.0000011844
1090,0.0000006057,0.5000000000,0.0000003028
3330,0.0000030553,0.3214285714,0.0000009821
1468,0.0000000000,0.0000000000,0.0000000000
2039,0.0000004845,0.6666666667,0.0000003230
2910,0.0000008883,0.0833333333,0.0000000740
3569,0.0000107003,0.7500000000,0.0000080253
3854,0.0000052088,0.8000000000,0.0000041671
4182,0.0000189847,0.3819444444,0.0000072511
3333,0.0000019382,0.6666666667,0.0000012921
4069,0.0000018978,0.3833333333,0.0000007275
2909,0.0000008883,0.5000000000,0.0000004442
3777,0.0000011306,0.4166666667,0.0000004711
2192,0.0000020997,0.3333333333,0.0000006999
2105,0.0000020189,1.0000000000,0.0000020189
4204,0.0000202903,0.6900000000,0.0000140003
2217,0.0000069249,0.3666666667,0.0000025391
3138,0.0000003432,0.0000000000,0.0000000000
3484,0.0000164341,0.5937500000,0.0000097578
991,0.0000000000,0.0000000000,0.0000000000
1000,0.0000025237,0.2500000000,0.0000006309
2322,0.0000003230,0.0000000000,0.0000000000
854,0.0000019987,0.2500000000,0.0000004997
820,0.0000013325,0.5000000000,0.0000006662
2560,0.0000032303,0.4444444444,0.0000014357
3476,0.0000010498,0.7083333333,0.0000007436
4724,0.0000009287,0.6666666667,0.0000006191
4791,0.0000155458,0.4928571429,0.0000076619
3286,0.0000009691,0.3333333333,0.0000003230
2697,0.0000000000,0.0000000000,0.0000000000
3998,0.0000014536,0.6250000000,0.0000009085
4472,0.0000079950,0.1722222222,0.0000013769
460,0.0000000000,0.0000000000,0.0000000000
4234,0.0000086814,0.2232142857,0.0000019378
4366,0.0000028265,0.3166666667,0.0000008951
2268,0.0000013325,0.5000000000,0.0000006662
4073,0.0000112253,0.3690476190,0.0000041427
1051,0.0000005653,0.0000000000,0.0000000000
3401,0.0000098928,0.2916666667,0.0000028854
1983,0.0000001615,0.0000000000,0.0000000000
2991,0.0000015344,0.4952380952,0.0000007599
3137,0.0000006461,0.5000000000,0.0000003230
1307,0.0000029678,0.8333333333,0.0000024732
3366,0.0000057338,0.5000000000,0.0000028669
3309,0.0000021199,0.2500000000,0.0000005300
2195,0.0000000808,0.0000000000,0.0000000000
2810,0.0000026246,0.3333333333,0.0000008749
2963,0.0000003634,0.5000000000,0.0000001817
3821,0.0000018978,0.3333333333,0.0000006326
294,0.0000005653,0.0000000000,0.0000000000
1318,0.0000000808,1.0000000000,0.0000000808
3033,0.0000018170,0.1666666667,0.0000003028
2607,0.0000016959,0.1111111111,0.0000001884
2388,0.0000001211,0.0000000000,0.0000000000
4189,0.0000007874,0.2500000000,0.0000001968
2290,0.0000007874,0.2500000000,0.0000001968
1545,0.0000000000,0.0000000000,0.0000000000
2724,0.0000012517,0.3333333333,0.0000004172
1397,0.0000001211,0.0000000000,0.0000000000
1012,0.0000000000,0.0000000000,0.0000000000
2986,0.0000005249,0.7777777778,0.0000004083
3959,0.0000002019,0.2500000000,0.0000000505
2616,0.0000008076,0.5000000000,0.0000004038
2914,0.0000008480,0.3666666667,0.0000003109
1411,0.0000001413,0.0000000000,0.0000000000
1355,0.0000000404,0.0000000000,0.0000000000
1431,0.0000002423,0.0000000000,0.0000000000
2301,0.0000009691,0.5000000000,0.0000004845
3394,0.0000019382,0.5000000000,0.0000009691
3673,0.0000116492,0.3375000000,0.0000039316
4080,0.0000017161,0.5000000000,0.0000008580
3662,0.0000025439,0.2777777778,0.0000007066
2945,0.0000023823,0.2777777778,0.0000006618
2009,0.0000018978,0.3333333333,0.0000006326
1832,0.0000014133,0.2500000000,0.0000003533
3614,0.0000003230,1.0000000000,0.0000003230
1853,0.0000047445,0.5833333333,0.0000027676
1937,0.0000003634,0.5000000000,0.0000001817
3946,0.0000015344,0.2638888889,0.0000004049
619,0.0000003634,0.0000000000,0.0000000000
3622,0.0000028265,0.0833333333,0.0000002355
3099,0.0000115752,0.5666666667,0.0000065593
2658,0.0000026246,0.3750000000,0.0000009842
4288,0.0000053300,0.5500000000,0.0000029315
1395,0.0000002827,0.0000000000,0.0000000000
2527,0.0000000000,0.0000000000,0.0000000000
2220,0.0000000808,0.0000000000,0.0000000000
3913,0.0000021401,0.4166666667,0.0000008917
1851,0.0000002423,0.0000000000,0.0000000000
2767,0.0000010498,0.2777777778,0.0000002916
3083,0.0000036745,0.4444444444,0.0000016331
3272,0.0000147988,0.3571428571,0.0000052853
1101,0.0000008076,1.0000000000,0.0000008076
2431,0.0000008480,0.0000000000,0.0000000000
1711,0.0000001211,1.0000000000,0.0000001211
3797,0.0000175445,0.5666666667,0.0000099419
3981,0.0000006461,0.3333333333,0.0000002154
4269,0.0000147988,0.2694444444,0.0000039874
299,0.0000002019,0.0000000000,0.0000000000
2791,0.0000039975,0.6111111111,0.0000024429
4148,0.0000235408,0.7066666667,0.0000166355
4251,0.0000092265,0.1722222222,0.0000015890
2325,0.0000025237,0.3333333333,0.0000008412
3250,0.0000195029,0.4166666667,0.0000081262
1259,0.0000020795,1.0000000000,0.0000020795
2971,0.0000170398,0.5111111111,0.0000087092
4299,0.0000005653,0.1666666667,0.0000000942
2070,0.0000006864,1.0000000000,0.0000006864
3221,0.0000003230,0.6666666667,0.0000002154
2381,0.0000004845,1.0000000000,0.0000004845
797,0.0000004038,1.0000000000,0.0000004038
4026,0.0000033111,0.3750000000,0.0000012416
2611,0.0000002019,0.6666666667,0.0000001346
4165,0.0000070461,0.5555555556,0.0000039145
1978,0.0000023420,0.5000000000,0.0000011710
2447,0.0000000808,0.0000000000,0.0000000000
4125,0.0000008480,0.5666666667,0.0000004805
4285,0.0000011306,0.2500000000,0.0000002827
1373,0.0000004038,0.0000000000,0.0000000000
1841,0.0000001211,0.0000000000,0.0000000000
3513,0.0000022208,0.1111111111,0.0000002468
2337,0.0000028265,0.2500000000,0.0000007066
1450,0.0000012114,0.5000000000,0.0000006057
2421,0.0000004845,1.0000000000,0.0000004845
3118,0.0000038360,0.4642857143,0.0000017810
1177,0.0000002827,0.0000000000,0.0000000000
1772,0.0000004038,0.2500000000,0.0000001009
4564,0.0000017767,0.3690476190,0.0000006557
4812,0.0000058347,0.2309523810,0.0000013475
3265,0.0000038764,0.3444444444,0.0000013352
3633,0.0000006461,0.0000000000,0.0000000000
994,0.0000004442,0.5000000000,0.0000002221
1100,0.0000000000,0.0000000000,0.0000000000
2676,0.0000036341,0.4444444444,0.0000016151
3835,0.0000029880,0.5555555556,0.0000016600
1124,0.0000000000,0.0000000000,0.0000000000
3629,0.0000000000,0.0000000000,0.0000000000
2405,0.0000035533,0.6666666667,0.0000023689
4211,0.0000013729,0.1875000000,0.0000002574
6,0.0000000000,0.0000000000,0.0000000000
3028,0.0000107407,0.3611111111,0.0000038786
1603,0.0000010902,0.7500000000,0.0000008177
3470,0.0000071874,0.7666666667,0.0000055103
4531,0.0000008883,0.3333333333,0.0000002961
2193,0.0000006461,0.1000000000,0.0000000646
2537,0.0000021401,0.3750000000,0.0000008025
3594,0.0000009893,0.2000000000,0.0000001979
4560,0.0000062789,0.1625000000,0.0000010203
1267,0.0000000000,0.0000000000,0.0000000000
3639,0.0000030082,0.5333333333,0.0000016044
3329,0.0000031697,0.7333333333,0.0000023245
3927,0.0000005249,1.0000000000,0.0000005249
4479,0.0000044618,0.3958333333,0.0000017661
4012,0.0000047243,0.3750000000,0.0000017716
2659,0.0000001615,0.0000000000,0.0000000000
1486,0.0000000000,0.0000000000,0.0000000000
2430,0.0000007874,0.4166666667,0.0000003281
2598,0.0000040581,0.2708333333,0.0000010991
3864,0.0000020593,0.3750000000,0.0000007722
4301,0.0000059559,0.4583333333,0.0000027298
4539,0.0000004845,0.8333333333,0.0000004038
1156,0.0000002423,0.0000000000,0.0000000000
1420,0.0000001615,0.0000000000,0.0000000000
2731,0.0000023420,0.3472222222,0.0000008132
4107,0.0000264009,0.4062500000,0.0000107254
2581,0.0000026246,0.3333333333,0.0000008749
1489,0.0000026044,0.8000000000,0.0000020835
1963,0.0000019382,0.2500000000,0.0000004845
1728,0.0000000000,0.0000000000,0.0000000000
3562,0.0000037552,0.4166666667,0.0000015647
2980,0.0000044013,0.7500000000,0.0000033010
1492,0.0000000000,0.0000000000,0.0000000000
3180,0.0000007268,0.0000000000,0.0000000000
2680,0.0000001211,0.5000000000,0.0000000606
4290,0.0000064606,0.6444444444,0.0000041635
3434,0.0000004845,1.0000000000,0.0000004845
3756,0.0000032707,0.4444444444,0.0000014536
486,0.0000000000,0.0000000000,0.0000000000
4714,0.0000044417,0.3416666667,0.0000015176
926,0.0000015748,0.5000000000,0.0000007874
4694,0.0000043609,0.4500000000,0.0000019624
738,0.0000000000,0.0000000000,0.0000000000
3007,0.0000006461,1.0000000000,0.0000006461
3494,0.0000092063,0.4666666667,0.0000042963
3908,0.0000006057,0.5000000000,0.0000003028
1764,0.0000000000,0.0000000000,0.0000000000
2298,0.0000022208,0.5000000000,0.0000011104
1500,0.0000002827,0.0000000000,0.0000000000
3356,0.0000045426,0.6458333333,0.0000029338
3505,0.0000057943,0.1777777778,0.0000010301
4455,0.0000062991,0.4104166667,0.0000025852
1356,0.0000003230,1.0000000000,0.0000003230
4305,0.0000058347,0.1750000000,0.0000010211
4361,0.0000000404,0.0000000000,0.0000000000
2773,0.0000001615,1.0000000000,0.0000001615
3477,0.0000044417,0.3250000000,0.0000014435
4254,0.0000011710,0.5277777778,0.0000006180
4356,0.0000005653,0.8333333333,0.0000004711
796,0.0000004442,0.0000000000,0.0000000000
3273,0.0000082776,0.1750000000,0.0000014486
540,0.0000014133,0.5000000000,0.0000007066
2566,0.0000022410,0.6250000000,0.0000014006
4219,0.0000015748,0.4166666667,0.0000006562
841,0.0000000000,0.0000000000,0.0000000000
2923,0.0000057674,0.6000000000,0.0000034605
3056,0.0000096303,0.5000000000,0.0000048152
1204,0.0000012114,0.0000000000,0.0000000000
1864,0.0000014536,1.0000000000,0.0000014536
2744,0.0000000000,0.0000000000,0.0000000000
2816,0.0000052492,0.2500000000,0.0000013123
2331,0.0000046435,0.4166666667,0.0000019348
2753,0.0000014133,0.1666666667,0.0000002355
2108,0.0000020997,1.0000000000,0.0000020997
1513,0.0000003634,1.0000000000,0.0000003634
1723,0.0000010095,0.1666666667,0.0000001682
998,0.0000000000,0.0000000000,0.0000000000
1514,0.0000002423,1.0000000000,0.0000002423
1896,0.0000008480,0.5000000000,0.0000004240
2049,0.0000046032,0.5000000000,0.0000023016
2148,0.0000004845,0.0000000000,0.0000000000
2955,0.0000009691,0.5000000000,0.0000004845
1520,0.0000001211,0.0000000000,0.0000000000
4354,0.0000031495,0.1250000000,0.0000003937
2199,0.0000039975,0.5000000000,0.0000019987
2367,0.0000036139,0.2333333333,0.0000008432
2841,0.0000000000,0.0000000000,0.0000000000
3726,0.0000004845,1.0000000000,0.0000004845
3812,0.0000040379,0.1944444444,0.0000007851
1863,0.0000031293,0.2666666667,0.0000008345
3190,0.0000075306,0.1750000000,0.0000013179
990,0.0000000000,0.0000000000,0.0000000000
664,0.0000007470,0.0000000000,0.0000000000
2982,0.0000000808,1.0000000000,0.0000000808
1532,0.0000004038,0.0000000000,0.0000000000
3274,0.0000061577,0.6666666667,0.0000041052
3031,0.0000143681,0.5000000000,0.0000071840
1852,0.0000000404,0.0000000000,0.0000000000
3694,0.0000014133,0.4305555556,0.0000006085
3087,0.0000004845,0.0000000000,0.0000000000
3211,0.0000018372,0.3750000000,0.0000006890
393,0.0000000000,0.0000000000,0.0000000000
1554,0.0000012921,0.0000000000,0.0000000000
1640,0.0000029476,0.6666666667,0.0000019651
475,0.0000000000,0.0000000000,0.0000000000
3848,0.0000048858,0.3000000000,0.0000014657
646,0.0000000000,0.0000000000,0.0000000000
2989,0.0000007268,0.5000000000,0.0000003634
1577,0.0000000808,0.0000000000,0.0000000000
3745,0.0000035533,0.5416666667,0.0000019247
2943,0.0000123559,0.4305555556,0.0000053199
1534,0.0000016959,0.1666666667,0.0000002827
2861,0.0000226928,0.6000000000,0.0000136157
819,0.0000016151,0.3333333333,0.0000005384
2390,0.0000227332,0.2500000000,0.0000056833
1836,0.0000003230,0.0000000000,0.0000000000
1186,0.0000000000,0.0000000000,0.0000000000
1582,0.0000027659,0.5000000000,0.0000013830
3014,0.0000004845,1.0000000000,0.0000004845
1338,0.0000019382,0.7500000000,0.0000014536
1542,0.0000002019,0.0000000000,0.0000000000
3705,0.0000074633,0.5952380952,0.0000044425
4044,0.0000041994,0.4000000000,0.0000016798
3052,0.0000020593,0.5000000000,0.0000010297
3120,0.0000015075,0.6666666667,0.0000010050
3532,0.0000065212,0.5000000000,0.0000032606
3281,0.0000014536,0.6666666667,0.0000009691
2027,0.0000004038,0.0000000000,0.0000000000
2629,0.0000040984,0.3888888889,0.0000015938
2937,0.0000018978,0.1111111111,0.0000002109
3529,0.0000012114,0.5000000000,0.0000006057
1378,0.0000006461,0.0000000000,0.0000000000
1519,0.0000012921,0.5000000000,0.0000006461
2882,0.0000008076,0.5000000000,0.0000004038
3132,0.0000000404,0.0000000000,0.0000000000
4458,0.0000000808,0.0000000000,0.0000000000
3192,0.0000050070,0.3333333333,0.0000016690
2441,0.0000056934,0.1944444444,0.0000011070
1991,0.0000008076,0.5000000000,0.0000004038
2721,0.0000032101,0.6000000000,0.0000019261
3849,0.0000019382,0.4666666667,0.0000009045
4672,0.0000081565,0.1607142857,0.0000013109
4232,0.0000137893,0.2976190476,0.0000041040
2319,0.0000023016,0.6666666667,0.0000015344
907,0.0000017363,0.5000000000,0.0000008681
2695,0.0000010498,0.3333333333,0.0000003499
4331,0.0000032707,0.3166666667,0.0000010357
4712,0.0000082372,0.3866666667,0.0000031851
4365,0.0000095697,0.6388888889,0.0000061140
4625,0.0000006461,0.5000000000,0.0000003230
4649,0.0000036745,0.3333333333,0.0000012248
1918,0.0000001615,0.0000000000,0.0000000000
3644,0.0000004038,1.0000000000,0.0000004038
4329,0.0000131231,0.2916666667,0.0000038276
3421,0.0000000000,0.0000000000,0.0000000000
3131,0.0000000000,0.0000000000,0.0000000000
4554,0.0000009287,0.3444444444,0.0000003199
1636,0.0000001211,0.0000000000,0.0000000000
1928,0.0000000000,0.0000000000,0.0000000000
1955,0.0000022612,0.3333333333,0.0000007537
3136,0.0000043609,0.7500000000,0.0000032707
2536,0.0000018776,0.2500000000,0.0000004694
1649,0.0000011306,0.5000000000,0.0000005653
1916,0.0000033111,1.0000000000,0.0000033111
2483,0.0000028265,0.3333333333,0.0000009422
3013,0.0000088833,0.5500000000,0.0000048858
3066,0.0000131567,0.4682539683,0.0000061607
1660,0.0000000000,0.0000000000,0.0000000000
3578,0.0000019382,0.5000000000,0.0000009691
2292,0.0000024631,0.2500000000,0.0000006158
3246,0.0000015344,0.3166666667,0.0000004859
3905,0.0000040177,0.7190476190,0.0000028889
2780,0.0000003230,1.0000000000,0.0000003230
2966,0.0000018170,0.6666666667,0.0000012114
1668,0.0000003230,0.0000000000,0.0000000000
1964,0.0000008076,0.2500000000,0.0000002019
3925,0.0000134865,0.5285714286,0.0000071286
2473,0.0000010902,0.2777777778,0.0000003028
3509,0.0000014133,0.7500000000,0.0000010599
3040,0.0000030688,0.4166666667,0.0000012787
3220,0.0000082372,0.4250000000,0.0000035008
1938,0.0000000000,0.0000000000,0.0000000000
2362,0.0000074297,0.2916666667,0.0000021670
3867,0.0000058145,0.4900000000,0.0000028491
2660,0.0000063798,0.2500000000,0.0000015950
1682,0.0000002827,0.3333333333,0.0000000942
3659,0.0000004038,0.3333333333,0.0000001346
4729,0.0000009287,0.4583333333,0.0000004257
1557,0.0000026650,0.3333333333,0.0000008883
760,0.0000011710,1.0000000000,0.0000011710
728,0.0000013325,1.0000000000,0.0000013325
1684,0.0000038965,0.0833333333,0.0000003247
1974,0.0000025842,0.2500000000,0.0000006461
166,0.0000000000,0.0000000000,0.0000000000
3678,0.0000018978,0.3750000000,0.0000007117
3836,0.0000014940,0.3958333333,0.0000005914
1747,0.0000018978,0.5000000000,0.0000009489
3653,0.0000018170,0.1250000000,0.0000002271
378,0.0000000000,0.0000000000,0.0000000000
1713,0.0000000000,0.0000000000,0.0000000000
3486,0.0000027457,0.5000000000,0.0000013729
3110,0.0000016151,0.2500000000,0.0000004038
4367,0.0000004442,0.5000000000,0.0000002221
1704,0.0000002019,0.1666666667,0.0000000336
3907,0.0000026650,0.2583333333,0.0000006885
4509,0.0000038360,0.3125000000,0.0000011987
2326,0.0000003634,0.5000000000,0.0000001817
3433,0.0000133855,0.4166666667,0.0000055773
2549,0.0000129010,0.5833333333,0.0000075256
1332,0.0000030284,0.2500000000,0.0000007571
4139,0.0000004038,0.8333333333,0.0000003365
1052,0.0000004845,0.0000000000,0.0000000000
789,0.0000000000,0.0000000000,0.0000000000
1720,0.0000067029,0.7500000000,0.0000050271
2728,0.0000021603,1.0000000000,0.0000021603
882,0.0000018776,0.5000000000,0.0000009388
1726,0.0000004845,0.0000000000,0.0000000000
3063,0.0000001615,0.0000000000,0.0000000000
1996,0.0000005653,0.5000000000,0.0000002827
769,0.0000002019,0.0000000000,0.0000000000
1739,0.0000001615,0.0000000000,0.0000000000
3026,0.0000004442,0.5000000000,0.0000002221
4100,0.0000056530,0.2698412698,0.0000015254
4248,0.0000196442,0.5833333333,0.0000114591
2479,0.0000009691,0.5000000000,0.0000004845
1763,0.0000002827,0.0000000000,0.0000000000
2665,0.0000030688,0.7500000000,0.0000023016
3134,0.0000002019,0.0000000000,0.0000000000
3423,0.0000030688,0.0833333333,0.0000002557
3635,0.0000225717,0.2395833333,0.0000054078
2929,0.0000041186,0.7500000000,0.0000030890
1981,0.0000010902,1.0000000000,0.0000010902
1740,0.0000000000,0.0000000000,0.0000000000
2403,0.0000012921,0.1666666667,0.0000002154
3064,0.0000054309,0.6250000000,0.0000033943
2981,0.0000034524,0.7500000000,0.0000025893
2702,0.0000008883,0.0000000000,0.0000000000
2939,0.0000000000,0.0000000000,0.0000000000
3323,0.0000006259,0.5000000000,0.0000003129
3373,0.0000109426,0.5000000000,0.0000054713
2289,0.0000048454,0.3333333333,0.0000016151
3208,0.0000072682,0.2777777778,0.0000020189
1401,0.0000095697,0.3333333333,0.0000031899
2992,0.0000029880,0.7777777778,0.0000023240
2900,0.0000026246,0.5000000000,0.0000013123
1746,0.0000004845,0.5000000000,0.0000002423
165,0.0000000000,0.0000000000,0.0000000000
723,0.0000006461,0.5000000000,0.0000003230
1756,0.0000006057,1.0000000000,0.0000006057
3564,0.0000025842,0.2777777778,0.0000007178
3859,0.0000011306,0.5555555556,0.0000006281
4008,0.0000023823,0.5833333333,0.0000013897
313,0.0000000000,0.0000000000,0.0000000000
2310,0.0000000000,0.0000000000,0.0000000000
2831,0.0000006461,1.0000000000,0.0000006461
3140,0.0000004845,0.3333333333,0.0000001615
2516,0.0000060972,0.5000000000,0.0000030486
1601,0.0000000000,0.0000000000,0.0000000000
3921,0.0000005249,0.7500000000,0.0000003937
1760,0.0000024631,0.5000000000,0.0000012315
1762,0.0000000000,0.0000000000,0.0000000000
1895,0.0000004038,0.5000000000,0.0000002019
2214,0.0000004442,0.4166666667,0.0000001851
1568,0.0000016555,1.0000000000,0.0000016555
3661,0.0000002423,0.5000000000,0.0000001211
3670,0.0000017363,0.1607142857,0.0000002790
1022,0.0000000000,0.0000000000,0.0000000000
1775,0.0000004442,0.0000000000,0.0000000000
2373,0.0000002827,0.0000000000,0.0000000000
1776,0.0000009018,1.0000000000,0.0000009018
2387,0.0000036745,0.5000000000,0.0000018372
1793,0.0000002019,0.2500000000,0.0000000505
3642,0.0000024631,0.1250000000,0.0000003079
4476,0.0000047647,0.5000000000,0.0000023823
650,0.0000000000,0.0000000000,0.0000000000
2809,0.0000023823,0.3333333333,0.0000007941
3336,0.0000150141,0.5555555556,0.0000083412
3583,0.0000011306,0.0000000000,0.0000000000
2944,0.0000025640,0.2500000000,0.0000006410
2958,0.0000095024,0.7333333333,0.0000069685
3024,0.0000009691,1.0000000000,0.0000009691
1616,0.0000006057,0.0000000000,0.0000000000
2364,0.0000086545,0.4666666667,0.0000040388
1026,0.0000000000,0.0000000000,0.0000000000
1700,0.0000066961,0.6666666667,0.0000044641
1805,0.0000013325,0.4166666667,0.0000005552
3534,0.0000010902,0.5000000000,0.0000005451
3685,0.0000007672,0.3000000000,0.0000002302
4335,0.0000055319,0.5595238095,0.0000030952
1524,0.0000006864,0.0000000000,0.0000000000
1394,0.0000014536,0.5000000000,0.0000007268
3675,0.0000065413,0.1458333333,0.0000009539
2634,0.0000010498,0.0000000000,0.0000000000
2366,0.0000004442,0.5000000000,0.0000002221
1848,0.0000001615,0.0000000000,0.0000000000
2552,0.0000010902,0.5000000000,0.0000005451
3842,0.0000113868,0.3952380952,0.0000045005
1117,0.0000005249,0.0000000000,0.0000000000
997,0.0000011710,0.2500000000,0.0000002927
1817,0.0000003634,0.0000000000,0.0000000000
3765,0.0000140518,0.1666666667,0.0000023420
1856,0.0000004038,0.0000000000,0.0000000000
2901,0.0000018574,0.2500000000,0.0000004644
4656,0.0000044820,0.5729166667,0.0000025678
2258,0.0000027659,0.1666666667,0.0000004610
2734,0.0000070259,0.6875000000,0.0000048303
3454,0.0000044417,0.2916666667,0.0000012955
2142,0.0000006461,1.0000000000,0.0000006461
2685,0.0000073489,0.4375000000,0.0000032152
3371,0.0000088833,0.4250000000,0.0000037754
1936,0.0000008883,0.0000000000,0.0000000000
2667,0.0000066019,0.5666666667,0.0000037411
1130,0.0000018170,0.0000000000,0.0000000000
2235,0.0000129414,0.2222222222,0.0000028759
1634,0.0000044820,0.6666666667,0.0000029880
1859,0.0000008480,0.5000000000,0.0000004240
2120,0.0000012114,0.6666666667,0.0000008076
543,0.0000000000,0.0000000000,0.0000000000
2924,0.0000001211,0.0000000000,0.0000000000
3045,0.0000034120,0.4166666667,0.0000014217
3987,0.0000099533,0.0285714286,0.0000002844
3391,0.0000127798,0.3809523810,0.0000048685
338,0.0000000000,0.0000000000,0.0000000000
1869,0.0000002827,0.0000000000,0.0000000000
2703,0.0000084391,0.7777777778,0.0000065638
1823,0.0000020997,1.0000000000,0.0000020997
1029,0.0000038764,0.5000000000,0.0000019382
1870,0.0000016757,0.0000000000,0.0000000000
3682,0.0000093477,0.1666666667,0.0000015579
4013,0.0000041994,0.5833333333,0.0000024496
3325,0.0000018170,0.4166666667,0.0000007571
1886,0.0000000000,0.0000000000,0.0000000000
2263,0.0000035331,1.0000000000,0.0000035331
1894,0.0000000000,0.0000000000,0.0000000000
2396,0.0000015344,0.3333333333,0.0000005115
3664,0.0000115483,0.2733333333,0.0000031565
4090,0.0000236013,0.2333333333,0.0000055070
1533,0.0000000000,0.0000000000,0.0000000000
3407,0.0000277805,0.5277777778,0.0000146619
3601,0.0000289717,0.2833333333,0.0000082086
2166,0.0000016959,0.2500000000,0.0000004240
2750,0.0000237628,0.3750000000,0.0000089111
3331,0.0000135269,0.5138888889,0.0000069513
1415,0.0000046032,0.2500000000,0.0000011508
136,0.0000000000,0.0000000000,0.0000000000
2715,0.0000263875,0.5000000000,0.0000131937
3201,0.0000070259,0.7500000000,0.0000052694
2700,0.0000224505,0.5000000000,0.0000112253
2352,0.0000099332,0.1666666667,0.0000016555
3263,0.0000016959,0.6666666667,0.0000011306
1196,0.0000000000,0.0000000000,0.0000000000
1899,0.0000005249,0.5625000000,0.0000002953
2540,0.0000006461,1.0000000000,0.0000006461
1593,0.0000006057,0.5000000000,0.0000003028
1752,0.0000029476,0.2500000000,0.0000007369
1922,0.0000026650,0.3750000000,0.0000009994
1927,0.0000002827,0.0000000000,0.0000000000
2279,0.0000003634,0.1666666667,0.0000000606
3621,0.0000029073,0.1035714286,0.0000003011
999,0.0000000000,0.0000000000,0.0000000000
1485,0.0000006864,0.0000000000,0.0000000000
2247,0.0000094284,0.4523809524,0.0000042652
2034,0.0000014536,0.1666666667,0.0000002423
2202,0.0000036543,0.3333333333,0.0000012181
2230,0.0000018170,0.5000000000,0.0000009085
2111,0.0000015748,1.0000000000,0.0000015748
1630,0.0000012114,1.0000000000,0.0000012114
1929,0.0000000000,0.0000000000,0.0000000000
1933,0.0000074701,0.7777777778,0.0000058100
1663,0.0000053704,0.5000000000,0.0000026852
4537,0.0000008076,0.5666666667,0.0000004576
2635,0.0000003230,0.0000000000,0.0000000000
3091,0.0000011710,0.1666666667,0.0000001952
1942,0.0000004845,0.5000000000,0.0000002423
3205,0.0000008076,0.6666666667,0.0000005384
4267,0.0000025842,0.6083333333,0.0000015721
409,0.0000012114,1.0000000000,0.0000012114
1584,0.0000004845,0.0000000000,0.0000000000
1917,0.0000000808,0.0000000000,0.0000000000
1935,0.0000019382,0.7500000000,0.0000014536
702,0.0000000000,0.0000000000,0.0000000000
1202,0.0000029073,0.5000000000,0.0000014536
3857,0.0000013729,0.5625000000,0.0000007722
3935,0.0000054915,0.3976190476,0.0000021835
507,0.0000001211,0.0000000000,0.0000000000
2454,0.0000001615,0.0000000000,0.0000000000
3070,0.0000087016,0.5000000000,0.0000043508
3724,0.0000010902,0.3000000000,0.0000003271
1451,0.0000009287,0.0000000000,0.0000000000
1657,0.0000000000,0.0000000000,0.0000000000
2284,0.0000008681,1.0000000000,0.0000008681
2004,0.0000026246,0.2666666667,0.0000006999
4264,0.0000006461,0.5000000000,0.0000003230
2161,0.0000042398,0.7500000000,0.0000031798
3510,0.0000061376,0.3928571429,0.0000024112
1070,0.0000007268,0.0000000000,0.0000000000
2345,0.0000022208,0.8750000000,0.0000019432
3238,0.0000012114,0.5000000000,0.0000006057
1911,0.0000011306,1.0000000000,0.0000011306
4654,0.0000054107,0.4642857143,0.0000025121
4510,0.0000094486,0.6547619048,0.0000061866
3303,0.0000031697,0.5000000000,0.0000015849
4454,0.0000202095,0.2857142857,0.0000057741
1491,0.0000016555,0.1250000000,0.0000002069
2640,0.0000042801,0.0833333333,0.0000003567
4043,0.0000178070,0.2380952381,0.0000042398
1475,0.0000000000,0.0000000000,0.0000000000
1724,0.0000000000,0.0000000000,0.0000000000
1957,0.0000003634,0.5000000000,0.0000001817
4019,0.0000010902,0.6000000000,0.0000006541
4291,0.0000028669,0.3055555556,0.0000008760
1847,0.0000013325,0.7500000000,0.0000009994
2176,0.0000016959,1.0000000000,0.0000016959
657,0.0000027794,0.1666666667,0.0000004632
3159,0.0000020997,0.7500000000,0.0000015748
4164,0.0000035533,0.6458333333,0.0000022949
3498,0.0000104917,0.4000000000,0.0000041967
1143,0.0000006461,0.0000000000,0.0000000000
3039,0.0000101687,0.6666666667,0.0000067791
1799,0.0000046839,0.1666666667,0.0000007807
2091,0.0000024025,0.3333333333,0.0000008008
779,0.0000023420,0.0000000000,0.0000000000
1335,0.0000000000,0.0000000000,0.0000000000
3519,0.0000007268,1.0000000000,0.0000007268
3074,0.0000058549,0.3888888889,0.0000022769
3414,0.0000027054,0.6111111111,0.0000016533
2033,0.0000006864,0.0000000000,0.0000000000
3483,0.0000115281,0.2916666667,0.0000033624
2126,0.0000003634,0.0000000000,0.0000000000
2586,0.0000007268,0.6666666667,0.0000004845
2488,0.0000002423,1.0000000000,0.0000002423
2489,0.0000007268,0.3000000000,0.0000002180
1294,0.0000000000,0.0000000000,0.0000000000
1613,0.0000003836,0.0000000000,0.0000000000
2059,0.0000005653,1.0000000000,0.0000005653
2739,0.0000012114,1.0000000000,0.0000012114
557,0.0000008076,0.0000000000,0.0000000000
2452,0.0000018776,0.5000000000,0.0000009388
2038,0.0000046839,0.4250000000,0.0000019907
2040,0.0000006461,1.0000000000,0.0000006461
1789,0.0000004442,0.0000000000,0.0000000000
3520,0.0000040984,0.3666666667,0.0000015028
4209,0.0000008883,0.4666666667,0.0000004146
4553,0.0000015344,0.6500000000,0.0000009974
366,0.0000004845,0.0000000000,0.0000000000
2240,0.0000039975,0.5000000000,0.0000019987
2324,0.0000017161,0.2500000000,0.0000004290
2599,0.0000015748,0.5000000000,0.0000007874
286,0.0000000000,0.0000000000,0.0000000000
1263,0.0000012114,0.5000000000,0.0000006057
1084,0.0000000000,0.0000000000,0.0000000000
2046,0.0000000000,0.0000000000,0.0000000000
3189,0.0000011710,0.5000000000,0.0000005855
2234,0.0000025439,0.2500000000,0.0000006360
3062,0.0000024631,0.1250000000,0.0000003079
2071,0.0000008480,0.5000000000,0.0000004240
2769,0.0000004038,0.0000000000,0.0000000000
2079,0.0000028669,0.3750000000,0.0000010751
4175,0.0000119925,0.3400000000,0.0000040774
3342,0.0000027861,0.2500000000,0.0000006965
2083,0.0000000000,0.0000000000,0.0000000000
2086,0.0000043205,0.5000000000,0.0000021603
1730,0.0000080757,0.4166666667,0.0000033649
1387,0.0000066625,0.6666666667,0.0000044417
1404,0.0000054713,0.7500000000,0.0000041035
1336,0.0000066625,0.2500000000,0.0000016656
47,0.0000000000,0.0000000000,0.0000000000
2813,0.0000131702,0.6428571429,0.0000084665
2080,0.0000058886,0.5000000000,0.0000029443
2766,0.0000036341,0.5000000000,0.0000018170
2092,0.0000016555,0.5000000000,0.0000008278
3605,0.0000095899,0.4583333333,0.0000043954
4339,0.0000105186,0.2500000000,0.0000026297
1732,0.0000359774,0.5625000000,0.0000202373
3346,0.0000059155,0.3703703704,0.0000021909
3496,0.0000023016,0.3750000000,0.0000008631
1347,0.0000314348,0.3333333333,0.0000104783
3241,0.0000000000,0.0000000000,0.0000000000
3340,0.0000075306,0.4629629630,0.0000034864
1930,0.0000054511,0.5000000000,0.0000027256
1063,0.0000000000,0.0000000000,0.0000000000
1579,0.0000038764,0.5000000000,0.0000019382
2093,0.0000000000,0.0000000000,0.0000000000
2729,0.0000009287,0.5000000000,0.0000004644
2761,0.0000000808,0.0000000000,0.0000000000
1939,0.0000007672,1.0000000000,0.0000007672
2095,0.0000002423,0.5000000000,0.0000001211
2416,0.0000009691,0.5000000000,0.0000004845
3124,0.0000011306,0.7500000000,0.0000008480
3311,0.0000035937,0.5138888889,0.0000018468
4040,0.0000023016,0.6875000000,0.0000015823
4208,0.0000080354,0.5208333333,0.0000041851
1050,0.0000004845,0.0000000000,0.0000000000
2528,0.0000006057,0.1666666667,0.0000001009
1443,0.0000014133,0.3333333333,0.0000004711
2456,0.0000014133,0.2500000000,0.0000003533
3543,0.0000006461,0.5000000000,0.0000003230
4088,0.0000044417,0.5111111111,0.0000022702
4160,0.0000059357,0.7916666667,0.0000046991
983,0.0000000000,0.0000000000,0.0000000000
1802,0.0000012114,0.5000000000,0.0000006057
519,0.0000006864,0.0000000000,0.0000000000
2101,0.0000011306,0.3333333333,0.0000003769
2088,0.0000019382,0.5000000000,0.0000009691
2104,0.0000037552,0.5000000000,0.0000018776
3251,0.0000024227,0.4166666667,0.0000010095
1972,0.0000008480,0.5000000000,0.0000004240
1516,0.0000000000,0.0000000000,0.0000000000
2213,0.0000003230,0.0000000000,0.0000000000
3113,0.0000029073,0.2500000000,0.0000007268
3386,0.0000029073,0.3750000000,0.0000010902
2118,0.0000008076,0.5000000000,0.0000004038
3037,0.0000092063,0.4250000000,0.0000039127
1807,0.0000012921,0.0000000000,0.0000000000
2655,0.0000063798,0.3333333333,0.0000021266
2891,0.0000065817,0.3500000000,0.0000023036
3758,0.0000073489,0.4666666667,0.0000034295
3818,0.0000044417,0.4166666667,0.0000018507
2779,0.0000033514,1.0000000000,0.0000033514
3584,0.0000078335,0.4000000000,0.0000031334
3488,0.0000132442,0.6250000000,0.0000082776
3736,0.0000038764,0.6666666667,0.0000025842
886,0.0000005047,0.0000000000,0.0000000000
1140,0.0000024227,0.0000000000,0.0000000000
1212,0.0000064606,0.5000000000,0.0000032303
1158,0.0000003634,0.0000000000,0.0000000000
352,0.0000000000,0.0000000000,0.0000000000
2125,0.0000081700,0.5500000000,0.0000044935
3419,0.0000019382,0.2777777778,0.0000005384
3841,0.0000053704,0.1666666667,0.0000008951
4338,0.0000012921,0.4444444444,0.0000005743
4363,0.0000152766,0.3583333333,0.0000054741
1466,0.0000029476,0.5000000000,0.0000014738
2961,0.0000016151,0.1666666667,0.0000002692
3781,0.0000020795,0.1666666667,0.0000003466
4277,0.0000181435,0.1875000000,0.0000034019
1175,0.0000017767,1.0000000000,0.0000017767
2485,0.0000000000,0.0000000000,0.0000000000
2273,0.0000091794,0.4791666667,0.0000043985
2589,0.0000092871,0.6666666667,0.0000061914
2733,0.0000020189,0.6666666667,0.0000013460
3504,0.0000105590,0.5000000000,0.0000052795
1875,0.0000049868,0.1666666667,0.0000008311
2545,0.0000073893,0.7500000000,0.0000055420
1563,0.0000000000,0.0000000000,0.0000000000
2881,0.0000009489,0.5000000000,0.0000004744
1224,0.0000003230,0.0000000000,0.0000000000
3627,0.0000183521,0.1642857143,0.0000030150
1103,0.0000038360,0.3333333333,0.0000012787
1717,0.0000000000,0.0000000000,0.0000000000
3468,0.0000037552,0.5000000000,0.0000018776
2135,0.0000014536,0.4444444444,0.0000006461
2078,0.0000033514,0.5000000000,0.0000016757
1544,0.0000049666,0.5000000000,0.0000024833
2144,0.0000000000,0.0000000000,0.0000000000
2147,0.0000000808,0.0000000000,0.0000000000
2151,0.0000021804,1.0000000000,0.0000021804
4273,0.0000027861,0.4666666667,0.0000013002
2163,0.0000042398,0.5000000000,0.0000021199
2875,0.0000000000,0.0000000000,0.0000000000
2464,0.0000030284,0.6666666667,0.0000020189
2614,0.0000000000,0.0000000000,0.0000000000
2168,0.0000067432,0.5000000000,0.0000033716
2846,0.0000002423,0.0000000000,0.0000000000
4325,0.0000035937,0.5000000000,0.0000017969
4494,0.0000016151,0.2500000000,0.0000004038
3552,0.0000021804,0.2916666667,0.0000006360
2173,0.0000000808,0.0000000000,0.0000000000
2432,0.0000023420,0.6250000000,0.0000014637
4700,0.0000069519,0.3500000000,0.0000024332
4770,0.0000064875,0.4074074074,0.0000026431
4772,0.0000049733,0.6388888889,0.0000031774
4230,0.0000178743,0.5833333333,0.0000104267
267,0.0000000000,0.0000000000,0.0000000000
2478,0.0000000808,0.0000000000,0.0000000000
3363,0.0000101014,0.4500000000,0.0000045456
3761,0.0000013729,0.2777777778,0.0000003814
4457,0.0000040984,0.3611111111,0.0000014800
2313,0.0000011306,0.2500000000,0.0000002827
3355,0.0000382319,0.6250000000,0.0000238949
3526,0.0000004038,0.6666666667,0.0000002692
3141,0.0000124905,0.2500000000,0.0000031226
3950,0.0000014536,0.3750000000,0.0000005451
4118,0.0000092198,0.4777777778,0.0000044050
3252,0.0000011710,0.5000000000,0.0000005855
3258,0.0000013729,0.2500000000,0.0000003432
3292,0.0000157679,0.4066666667,0.0000064123
3017,0.0000007268,0.1666666667,0.0000001211
1846,0.0000015344,0.7500000000,0.0000011508
562,0.0000001211,0.0000000000,0.0000000000
1337,0.0000064202,0.5000000000,0.0000032101
3072,0.0000072480,0.0666666667,0.0000004832
3106,0.0000068644,0.4166666667,0.0000028602
1459,0.0000000000,0.0000000000,0.0000000000
2134,0.0000000000,0.0000000000,0.0000000000
1594,0.0000044820,0.1666666667,0.0000007470
3044,0.0000028669,0.2500000000,0.0000007167
2448,0.0000000000,0.0000000000,0.0000000000
2783,0.0000028669,0.3750000000,0.0000010751
1044,0.0000005653,0.0000000000,0.0000000000
1642,0.0000008480,0.5000000000,0.0000004240
2208,0.0000011306,0.3333333333,0.0000003769
2182,0.0000000404,0.0000000000,0.0000000000
3420,0.0000038764,0.3958333333,0.0000015344
1876,0.0000031495,0.2222222222,0.0000006999
3009,0.0000026246,0.6250000000,0.0000016404
1572,0.0000031495,0.5000000000,0.0000015748
2109,0.0000018170,0.7500000000,0.0000013628
2028,0.0000004442,0.0000000000,0.0000000000
2187,0.0000006259,0.5000000000,0.0000003129
781,0.0000007066,1.0000000000,0.0000007066
2188,0.0000010902,0.3750000000,0.0000004088
1334,0.0000003230,0.0000000000,0.0000000000
3478,0.0000001211,0.0000000000,0.0000000000
2196,0.0000028871,0.4375000000,0.0000012631
2621,0.0000037148,0.4444444444,0.0000016510
3550,0.0000000404,0.0000000000,0.0000000000
4192,0.0000130221,0.5000000000,0.0000065111
1639,0.0000004442,0.0000000000,0.0000000000
2264,0.0000038360,0.4444444444,0.0000017049
3873,0.0000000000,0.0000000000,0.0000000000
1608,0.0000042398,0.3333333333,0.0000014133
2205,0.0000004845,0.5000000000,0.0000002423
2336,0.0000011306,0.3333333333,0.0000003769
3872,0.0000027861,0.6041666667,0.0000016833
4032,0.0000055521,0.3333333333,0.0000018507
4198,0.0000000000,0.0000000000,0.0000000000
2007,0.0000006057,0.0000000000,0.0000000000
2922,0.0000045628,0.6875000000,0.0000031369
1099,0.0000007672,0.0000000000,0.0000000000
3652,0.0000146709,0.4305555556,0.0000063166
2902,0.0000002827,0.0000000000,0.0000000000
2377,0.0000016959,1.0000000000,0.0000016959
1623,0.0000012114,1.0000000000,0.0000012114
2571,0.0000005249,0.0000000000,0.0000000000
2223,0.0000000000,0.0000000000,0.0000000000
4337,0.0000105927,0.2694444444,0.0000028541
4447,0.0000038360,0.4166666667,0.0000015983
3358,0.0000034456,0.7500000000,0.0000025842
2228,0.0000012114,0.6250000000,0.0000007571
748,0.0000000000,0.0000000000,0.0000000000
2066,0.0000003230,0.0000000000,0.0000000000
2232,0.0000015748,0.5000000000,0.0000007874
3310,0.0000142133,0.7000000000,0.0000099493
509,0.0000028669,0.5000000000,0.0000014334
3050,0.0000038965,0.5000000000,0.0000019483
2236,0.0000006057,0.0000000000,0.0000000000
2238,0.0000252097,0.6250000000,0.0000157561
2243,0.0000070259,0.3333333333,0.0000023420
4540,0.0000001211,0.5000000000,0.0000000606
4404,0.0000008076,0.3333333333,0.0000002692
3008,0.0000009691,0.5000000000,0.0000004845
879,0.0000005653,1.0000000000,0.0000005653
2276,0.0000012517,0.5000000000,0.0000006259
2558,0.0000021804,0.5000000000,0.0000010902
3823,0.0000270133,0.5277777778,0.0000142570
4048,0.0000007066,0.6250000000,0.0000004416
4391,0.0000002827,0.5000000000,0.0000001413
1884,0.0000078738,0.2500000000,0.0000019685
2124,0.0000000000,0.0000000000,0.0000000000
3370,0.0000416237,0.6851851852,0.0000285199
3687,0.0000017767,0.5000000000,0.0000008883
3172,0.0000034928,0.4166666667,0.0000014553
2340,0.0000000000,0.0000000000,0.0000000000
3198,0.0000004442,0.0000000000,0.0000000000
1203,0.0000000000,0.0000000000,0.0000000000
3019,0.0000010095,0.0000000000,0.0000000000
2229,0.0000019382,0.5000000000,0.0000009691
1161,0.0000000000,0.0000000000,0.0000000000
3376,0.0000037148,0.3210317460,0.0000011926
3422,0.0000189982,0.0666666667,0.0000012665
2885,0.0000009287,0.3750000000,0.0000003483
1135,0.0000000000,0.0000000000,0.0000000000
2281,0.0000018978,0.5000000000,0.0000009489
2487,0.0000021132,0.7500000000,0.0000015849
2562,0.0000024227,0.7000000000,0.0000016959
1729,0.0000002423,0.0000000000,0.0000000000
2260,0.0000018170,0.3333333333,0.0000006057
2300,0.0000008480,0.0000000000,0.0000000000
2302,0.0000026246,0.6666666667,0.0000017497
2808,0.0000002423,0.5000000000,0.0000001211
1882,0.0000003028,0.0000000000,0.0000000000
2309,0.0000074701,0.5833333333,0.0000043575
3944,0.0000214815,0.3833333333,0.0000082346
767,0.0000000000,0.0000000000,0.0000000000
3216,0.0000200682,0.2900000000,0.0000058198
2732,0.0000034726,0.2500000000,0.0000008681
3157,0.0000177666,0.6785714286,0.0000120559
22,0.0000000000,0.0000000000,0.0000000000
1273,0.0000000000,0.0000000000,0.0000000000
1686,0.0000023823,0.3333333333,0.0000007941
1672,0.0000005249,0.0000000000,0.0000000000
2206,0.0000147180,0.1904761905,0.0000028034
2919,0.0000070663,0.4375000000,0.0000030915
1154,0.0000027861,0.1666666667,0.0000004644
1014,0.0000011306,0.0000000000,0.0000000000
2197,0.0000097514,0.3333333333,0.0000032505
866,0.0000000000,0.0000000000,0.0000000000
1727,0.0000063798,0.5000000000,0.0000031899
1647,0.0000082103,0.5000000000,0.0000041052
1400,0.0000116156,0.5000000000,0.0000058078
2317,0.0000062587,1.0000000000,0.0000062587
2843,0.0000004845,0.0000000000,0.0000000000
1484,0.0000038360,0.3333333333,0.0000012787
2333,0.0000004845,0.3333333333,0.0000001615
3738,0.0000006057,0.7500000000,0.0000004543
807,0.0000000000,0.0000000000,0.0000000000
2339,0.0000015344,0.5000000000,0.0000007672
2344,0.0000016959,0.5000000000,0.0000008480
2424,0.0000023016,0.5000000000,0.0000011508
401,0.0000006461,0.0000000000,0.0000000000
2354,0.0000032303,0.3666666667,0.0000011844
2542,0.0000001615,0.2500000000,0.0000000404
2933,0.0000009691,0.3333333333,0.0000003230
947,0.0000000000,0.0000000000,0.0000000000
2191,0.0000011306,0.5000000000,0.0000005653
2534,0.0000006461,0.0000000000,0.0000000000
861,0.0000008480,1.0000000000,0.0000008480
2799,0.0000243483,0.1428571429,0.0000034783
2349,0.0000269730,0.7857142857,0.0000211930
1653,0.0000076316,0.5000000000,0.0000038158
1889,0.0000016151,0.0000000000,0.0000000000
2699,0.0000016892,0.5000000000,0.0000008446
3746,0.0000017767,0.6275510204,0.0000011149
3877,0.0000134259,0.3750000000,0.0000050347
2775,0.0000017767,0.6666666667,0.0000011844
3615,0.0000002019,0.0000000000,0.0000000000
2774,0.0000004845,0.0000000000,0.0000000000
126,0.0000000000,0.0000000000,0.0000000000
2162,0.0000000000,0.0000000000,0.0000000000
2378,0.0000001211,0.5000000000,0.0000000606
2475,0.0000012517,0.8000000000,0.0000010014
3447,0.0000026448,0.3750000000,0.0000009918
3822,0.0000033918,0.2479166667,0.0000008409
4449,0.0000006461,0.4166666667,0.0000002692
4591,0.0000012517,0.4250000000,0.0000005320
2210,0.0000020997,0.4000000000,0.0000008399
1706,0.0000016959,0.4000000000,0.0000006784
2011,0.0000013527,0.5000000000,0.0000006763
2467,0.0000007268,0.7500000000,0.0000005451
3455,0.0000037148,0.5833333333,0.0000021670
3481,0.0000017969,0.0000000000,0.0000000000
3602,0.0000053300,0.1000000000,0.0000005330
2720,0.0000027861,0.5066666667,0.0000014116
3161,0.0000000000,0.0000000000,0.0000000000
298,0.0000009489,0.0000000000,0.0000000000
156,0.0000000000,0.0000000000,0.0000000000
1360,0.0000006461,1.0000000000,0.0000006461
1667,0.0000015142,0.5000000000,0.0000007571
1521,0.0000016959,0.7500000000,0.0000012719
2123,0.0000004038,0.0000000000,0.0000000000
2141,0.0000018170,0.5000000000,0.0000009085
2568,0.0000023420,0.5000000000,0.0000011710
2646,0.0000013729,0.0000000000,0.0000000000
849,0.0000000000,0.0000000000,0.0000000000
1546,0.0000011306,0.8333333333,0.0000009422
2559,0.0000055723,0.1000000000,0.0000005572
48,0.0000000000,0.0000000000,0.0000000000
656,0.0000033111,1.0000000000,0.0000033111
1781,0.0000000000,0.0000000000,0.0000000000
616,0.0000021333,0.0000000000,0.0000000000
1725,0.0000000000,0.0000000000,0.0000000000
2391,0.0000075912,0.6666666667,0.0000050608
2547,0.0000039975,0.1000000000,0.0000003997
2704,0.0000018170,0.4583333333,0.0000008328
2216,0.0000054915,1.0000000000,0.0000054915
2398,0.0000064606,0.7000000000,0.0000045224
3540,0.0000000000,0.0000000000,0.0000000000
721,0.0000005653,0.0000000000,0.0000000000
2330,0.0000053300,0.2500000000,0.0000013325
2393,0.0000005653,0.0000000000,0.0000000000
690,0.0000000000,0.0000000000,0.0000000000
877,0.0000000000,0.0000000000,0.0000000000
3234,0.0000012114,0.6000000000,0.0000007268
1107,0.0000086007,0.5000000000,0.0000043003
3464,0.0000020593,0.1666666667,0.0000003432
995,0.0000043609,0.0000000000,0.0000000000
3352,0.0000010902,0.2500000000,0.0000002726
1809,0.0000083988,0.3333333333,0.0000027996
1569,0.0000000000,0.0000000000,0.0000000000
1095,0.0000000000,0.0000000000,0.0000000000
3452,0.0000211180,0.2333333333,0.0000049275
967,0.0000000000,0.0000000000,0.0000000000
3324,0.0000000808,0.0000000000,0.0000000000
1064,0.0000016555,0.0000000000,0.0000000000
552,0.0000000000,0.0000000000,0.0000000000
677,0.0000009691,0.0000000000,0.0000000000
2490,0.0000103571,0.5000000000,0.0000051786
133,0.0000000000,0.0000000000,0.0000000000
1474,0.0000395509,0.3333333333,0.0000131836
1561,0.0000043205,1.0000000000,0.0000043205
3918,0.0000048051,0.2900000000,0.0000013935
2145,0.0000019920,0.0000000000,0.0000000000
953,0.0000069855,0.0000000000,0.0000000000
620,0.0000000000,0.0000000000,0.0000000000
1457,0.0000100139,0.3333333333,0.0000033380
3814,0.0000009691,0.7500000000,0.0000007268
348,0.0000015748,0.0000000000,0.0000000000
1309,0.0000044417,0.5000000000,0.0000022208
890,0.0000000000,0.0000000000,0.0000000000
3247,0.0000033111,0.5000000000,0.0000016555
1806,0.0000000000,0.0000000000,0.0000000000
4163,0.0000003634,0.5000000000,0.0000001817
1286,0.0000134259,0.5000000000,0.0000067130
1002,0.0000000000,0.0000000000,0.0000000000
2293,0.0000027861,0.0000000000,0.0000000000
375,0.0000000000,0.0000000000,0.0000000000
269,0.0000000000,0.0000000000,0.0000000000
846,0.0000000000,0.0000000000,0.0000000000
3203,0.0000000000,0.0000000000,0.0000000000
1113,0.0000000000,0.0000000000,0.0000000000
4,0.0000000000,0.0000000000,0.0000000000
2361,0.0000092871,0.2500000000,0.0000023218
4718,0.0000002827,0.1250000000,0.0000000353
1924,0.0000128135,0.5000000000,0.0000064067
821,0.0000000000,0.0000000000,0.0000000000
3178,0.0000051281,0.1875000000,0.0000009615
865,0.0000000000,0.0000000000,0.0000000000
3222,0.0000024631,0.7500000000,0.0000018473
685,0.0000044013,0.0000000000,0.0000000000
3042,0.0000019584,0.5000000000,0.0000009792
257,0.0000000000,0.0000000000,0.0000000000
915,0.0000107407,1.0000000000,0.0000107407
1013,0.0000000000,0.0000000000,0.0000000000
395,0.0000000000,0.0000000000,0.0000000000
2351,0.0000000000,0.0000000000,0.0000000000
1956,0.0000073893,0.7500000000,0.0000055420
2654,0.0000065010,0.6309523810,0.0000041018
1671,0.0000060501,0.4166666667,0.0000025209
1897,0.0000000000,0.0000000000,0.0000000000
2129,0.0000093477,0.1666666667,0.0000015579
623,0.0000000000,0.0000000000,0.0000000000
741,0.0000022612,0.5000000000,0.0000011306
3098,0.0000000000,0.0000000000,0.0000000000
850,0.0000074297,1.0000000000,0.0000074297
3207,0.0000263269,0.2309523810,0.0000060803
1959,0.0000022208,0.1666666667,0.0000003701
1308,0.0000140114,0.6666666667,0.0000093409
1592,0.0000066019,0.1666666667,0.0000011003
1626,0.0000092602,0.1666666667,0.0000015434
203,0.0000006259,0.0000000000,0.0000000000
1111,0.0000000000,0.0000000000,0.0000000000
730,0.0000000000,0.0000000000,0.0000000000
638,0.0000044215,0.0000000000,0.0000000000
604,0.0000000000,0.0000000000,0.0000000000
613,0.0000042196,0.0000000000,0.0000000000
618,0.0000000000,0.0000000000,0.0000000000
627,0.0000033514,0.0000000000,0.0000000000
2984,0.0000014133,0.2500000000,0.0000003533
1830,0.0000013729,0.0000000000,0.0000000000
493,0.0000000000,0.0000000000,0.0000000000
973,0.0000056126,0.3333333333,0.0000018709
530,0.0000000000,0.0000000000,0.0000000000
2887,0.0000089843,0.6250000000,0.0000056152
518,0.0000000000,0.0000000000,0.0000000000
263,0.0000000000,0.0000000000,0.0000000000
333,0.0000000000,0.0000000000,0.0000000000
2690,0.0000109830,0.0555555556,0.0000006102
67,0.0000000000,0.0000000000,0.0000000000
2610,0.0000010902,0.3333333333,0.0000003634
253,0.0000083584,1.0000000000,0.0000083584
1501,0.0000000000,0.0000000000,0.0000000000
392,0.0000000000,0.0000000000,0.0000000000
2136,0.0000053906,0.4000000000,0.0000021562
326,0.0000000000,0.0000000000,0.0000000000
2683,0.0000000000,0.0000000000,0.0000000000
724,0.0000085737,0.5000000000,0.0000042869
321,0.0000088631,0.5000000000,0.0000044316
1901,0.0000000000,0.0000000000,0.0000000000
835,0.0000020593,0.0000000000,0.0000000000
1944,0.0000180829,0.3125000000,0.0000056509
135,0.0000057741,0.0000000000,0.0000000000
1652,0.0000120328,0.5000000000,0.0000060164
683,0.0000000000,0.0000000000,0.0000000000
1792,0.0000017565,0.0000000000,0.0000000000
104,0.0000000000,0.0000000000,0.0000000000
2461,0.0000134596,0.1000000000,0.0000013460
276,0.0000000000,0.0000000000,0.0000000000
2633,0.0000024227,0.7083333333,0.0000017161
487,0.0000035937,0.0000000000,0.0000000000
2844,0.0000081969,0.2500000000,0.0000020492
931,0.0000000000,0.0000000000,0.0000000000
474,0.0000000000,0.0000000000,0.0000000000
1096,0.0000000000,0.0000000000,0.0000000000
3453,0.0000003230,1.0000000000,0.0000003230
3952,0.0000046032,0.1500000000,0.0000006905
1595,0.0000066827,0.7500000000,0.0000050120
513,0.0000066221,0.0000000000,0.0000000000
2870,0.0000067029,0.6666666667,0.0000044686
1622,0.0000063395,0.3333333333,0.0000021132
1921,0.0000000000,0.0000000000,0.0000000000
2013,0.0000073489,0.6333333333,0.0000046543
3218,0.0000016555,0.1666666667,0.0000002759
1276,0.0000012114,0.5000000000,0.0000006057
872,0.0000000000,0.0000000000,0.0000000000
3229,0.0000018372,0.0000000000,0.0000000000
3090,0.0000020593,0.5000000000,0.0000010297
733,0.0000000000,0.0000000000,0.0000000000
4268,0.0000034726,0.2777777778,0.0000009646
1497,0.0000012517,0.0000000000,0.0000000000
1631,0.0000015344,0.0000000000,0.0000000000
1690,0.0000034726,0.0000000000,0.0000000000
524,0.0000000000,0.0000000000,0.0000000000
1552,0.0000012114,0.0000000000,0.0000000000
2107,0.0000043609,0.5000000000,0.0000021804
816,0.0000039167,0.0000000000,0.0000000000
185,0.0000000000,0.0000000000,0.0000000000
1228,0.0000006461,0.3333333333,0.0000002154
1857,0.0000228745,0.3333333333,0.0000076248
1214,0.0000630109,0.7777777778,0.0000490085
3571,0.0000098322,0.5333333333,0.0000052438
2323,0.0000014536,0.5000000000,0.0000007268
225,0.0000000000,0.0000000000,0.0000000000
1733,0.0000117031,0.2500000000,0.0000029258
2420,0.0000030284,0.6666666667,0.0000020189
63,0.0000021804,0.0000000000,0.0000000000
1031,0.0000228341,0.3750000000,0.0000085628
3388,0.0000180089,0.3500000000,0.0000063031
2211,0.0000107609,0.4444444444,0.0000047826
4568,0.0000351967,0.5357142857,0.0000188554
3672,0.0000018978,0.2222222222,0.0000004217
1315,0.0000077931,0.0000000000,0.0000000000
1454,0.0000018170,0.0000000000,0.0000000000
887,0.0000115685,1.0000000000,0.0000115685
3244,0.0000373906,0.6666666667,0.0000249271
713,0.0000000000,0.0000000000,0.0000000000
497,0.0000067634,0.2500000000,0.0000016909
2854,0.0000081363,0.7500000000,0.0000061022
1606,0.0000000000,0.0000000000,0.0000000000
3963,0.0000010095,1.0000000000,0.0000010095
2723,0.0000069451,0.5000000000,0.0000034726
505,0.0000000000,0.0000000000,0.0000000000
2862,0.0000426601,0.5000000000,0.0000213300
143,0.0000038360,0.0000000000,0.0000000000
2500,0.0000000000,0.0000000000,0.0000000000
494,0.0000114675,0.2500000000,0.0000028669
2851,0.0000000000,0.0000000000,0.0000000000
158,0.0000000000,0.0000000000,0.0000000000
391,0.0000000000,0.0000000000,0.0000000000
2748,0.0000016959,0.5000000000,0.0000008480
123,0.0000000000,0.0000000000,0.0000000000
2480,0.0000061779,0.5000000000,0.0000030890
711,0.0000008883,0.0000000000,0.0000000000
3068,0.0000012114,0.4166666667,0.0000005047
466,0.0000000000,0.0000000000,0.0000000000
2823,0.0000020189,0.6666666667,0.0000013460
52,0.0000000000,0.0000000000,0.0000000000
2409,0.0000013729,0.3333333333,0.0000004576
571,0.0000000000,0.0000000000,0.0000000000
696,0.0000000000,0.0000000000,0.0000000000
1779,0.0000156467,0.3333333333,0.0000052156
1428,0.0000000000,0.0000000000,0.0000000000
1076,0.0000041186,0.0000000000,0.0000000000
639,0.0000405671,0.3750000000,0.0000152127
1003,0.0000000000,0.0000000000,0.0000000000
3360,0.0000059357,0.5625000000,0.0000033388
996,0.0000008076,0.0000000000,0.0000000000
205,0.0000000000,0.0000000000,0.0000000000
1314,0.0000042398,0.3333333333,0.0000014133
3671,0.0000020189,0.6000000000,0.0000012114
1703,0.0000000000,0.0000000000,0.0000000000
827,0.0000114675,0.2500000000,0.0000028669
1019,0.0000126183,0.5000000000,0.0000063092
322,0.0000253174,0.5000000000,0.0000126587
2679,0.0000002827,0.0000000000,0.0000000000
73,0.0000000000,0.0000000000,0.0000000000
134,0.0000000000,0.0000000000,0.0000000000
564,0.0000000000,0.0000000000,0.0000000000
2921,0.0000072682,0.4722222222,0.0000034322
868,0.0000000000,0.0000000000,0.0000000000
1987,0.0000018372,0.5000000000,0.0000009186
878,0.0000000000,0.0000000000,0.0000000000
692,0.0000000000,0.0000000000,0.0000000000
528,0.0000165956,0.5000000000,0.0000082978
341,0.0000020189,0.0000000000,0.0000000000
2698,0.0000032303,0.2083333333,0.0000006730
1796,0.0000125981,0.5000000000,0.0000062991
687,0.0000000000,0.0000000000,0.0000000000
1879,0.0000000000,0.0000000000,0.0000000000
1695,0.0000000000,0.0000000000,0.0000000000
2146,0.0000075912,0.5000000000,0.0000037956
1037,0.0000005249,0.0000000000,0.0000000000
15,0.0000000000,0.0000000000,0.0000000000
2372,0.0000210306,0.7500000000,0.0000157729
226,0.0000000000,0.0000000000,0.0000000000
2583,0.0000096303,0.9000000000,0.0000086673
349,0.0000028669,0.0000000000,0.0000000000
2706,0.0000048051,0.3750000000,0.0000018019
862,0.0000035129,0.0000000000,0.0000000000
537,0.0000046032,0.0000000000,0.0000000000
759,0.0000000000,0.0000000000,0.0000000000
3116,0.0000084391,0.4583333333,0.0000038679
21,0.0000000000,0.0000000000,0.0000000000
830,0.0000068038,0.0000000000,0.0000000000
3187,0.0000002423,0.0000000000,0.0000000000
761,0.0000300754,0.2500000000,0.0000075188
993,0.0000000000,0.0000000000,0.0000000000
3350,0.0000065817,0.2333333333,0.0000015357
405,0.0000000000,0.0000000000,0.0000000000
2762,0.0000390866,0.2071428571,0.0000080965
1106,0.0000151420,0.5000000000,0.0000075710
3463,0.0000000000,0.0000000000,0.0000000000
1104,0.0000000000,0.0000000000,0.0000000000
3461,0.0000176455,0.5000000000,0.0000088227
236,0.0000048051,0.0000000000,0.0000000000
77,0.0000000000,0.0000000000,0.0000000000
2434,0.0000076316,0.4166666667,0.0000031798
706,0.0000000000,0.0000000000,0.0000000000
3573,0.0000000404,0.0000000000,0.0000000000
1216,0.0000037956,0.0000000000,0.0000000000
1953,0.0000100543,0.3333333333,0.0000033514
2592,0.0000000000,0.0000000000,0.0000000000
235,0.0000027457,0.0000000000,0.0000000000
374,0.0000000000,0.0000000000,0.0000000000
582,0.0000000000,0.0000000000,0.0000000000
771,0.0000000000,0.0000000000,0.0000000000
3128,0.0000064606,0.6666666667,0.0000043071
210,0.0000000000,0.0000000000,0.0000000000
3537,0.0000069451,0.3500000000,0.0000024308
1180,0.0000395105,0.6111111111,0.0000241453
617,0.0000060972,0.0000000000,0.0000000000
1609,0.0000000000,0.0000000000,0.0000000000
521,0.0000000000,0.0000000000,0.0000000000
2878,0.0000220669,0.7500000000,0.0000165502
2286,0.0000048858,0.5000000000,0.0000024429
1611,0.0000010498,0.0000000000,0.0000000000
2778,0.0000031092,0.3750000000,0.0000011659
421,0.0000016690,0.0000000000,0.0000000000
501,0.0000013325,0.0000000000,0.0000000000
4203,0.0000062183,0.5000000000,0.0000031092
876,0.0000006057,0.0000000000,0.0000000000
3233,0.0000026246,0.6666666667,0.0000017497
2776,0.0000111580,0.5476190476,0.0000061103
419,0.0000020593,0.0000000000,0.0000000000
637,0.0000000000,0.0000000000,0.0000000000
2994,0.0000017767,0.5000000000,0.0000008883
818,0.0000000000,0.0000000000,0.0000000000
3175,0.0000153843,0.1666666667,0.0000025640
848,0.0000000000,0.0000000000,0.0000000000
764,0.0000028669,0.0000000000,0.0000000000
1078,0.0000000000,0.0000000000,0.0000000000
496,0.0000000000,0.0000000000,0.0000000000
2853,0.0000004845,0.0000000000,0.0000000000
1192,0.0000198259,1.0000000000,0.0000198259
83,0.0000000000,0.0000000000,0.0000000000
2440,0.0000000000,0.0000000000,0.0000000000
491,0.0000000000,0.0000000000,0.0000000000
2848,0.0000144556,0.4166666667,0.0000060232
3606,0.0000010700,0.5000000000,0.0000005350
1249,0.0000000000,0.0000000000,0.0000000000
2497,0.0000004442,1.0000000000,0.0000004442
140,0.0000000000,0.0000000000,0.0000000000
279,0.0000038764,0.0000000000,0.0000000000
2636,0.0000000000,0.0000000000,0.0000000000
163,0.0000000000,0.0000000000,0.0000000000
2520,0.0000010095,0.6666666667,0.0000006730
503,0.0000000000,0.0000000000,0.0000000000
2860,0.0000008076,0.5000000000,0.0000004038
2371,0.0000207143,0.4928571429,0.0000102092
14,0.0000000000,0.0000000000,0.0000000000
2569,0.0000388443,0.5666666667,0.0000220118
212,0.0000000000,0.0000000000,0.0000000000
559,0.0000000000,0.0000000000,0.0000000000
2777,0.0000031899,0.5000000000,0.0000015950
420,0.0000181435,1.0000000000,0.0000181435
842,0.0000029275,0.0000000000,0.0000000000
3199,0.0000000000,0.0000000000,0.0000000000
1814,0.0000112051,0.2083333333,0.0000023344
2000,0.0000249944,0.4166666667,0.0000104143
511,0.0000010498,0.0000000000,0.0000000000
2839,0.0000128539,0.1587301587,0.0000020403
482,0.0000043609,1.0000000000,0.0000043609
621,0.0000009287,0.0000000000,0.0000000000
2978,0.0000561062,0.6166666667,0.0000345988
2119,0.0000008480,0.0000000000,0.0000000000
213,0.0000000000,0.0000000000,0.0000000000
2570,0.0000064202,0.5555555556,0.0000035668
2668,0.0000000000,0.0000000000,0.0000000000
311,0.0000000000,0.0000000000,0.0000000000
38,0.0000000000,0.0000000000,0.0000000000
116,0.0000000000,0.0000000000,0.0000000000
1225,0.0000000000,0.0000000000,0.0000000000
3582,0.0000058549,0.1000000000,0.0000005855
1364,0.0000046435,1.0000000000,0.0000046435
3721,0.0000031092,0.6111111111,0.0000019000
255,0.0000000000,0.0000000000,0.0000000000
2612,0.0000034928,0.0000000000,0.0000000000
784,0.0000008883,0.0000000000,0.0000000000
1893,0.0000152631,0.4444444444,0.0000067836
777,0.0000082372,0.0000000000,0.0000000000
342,0.0000000000,0.0000000000,0.0000000000
291,0.0000000000,0.0000000000,0.0000000000
2648,0.0000013325,0.5000000000,0.0000006662
376,0.0000000000,0.0000000000,0.0000000000
3194,0.0000055924,0.2500000000,0.0000013981
837,0.0000109022,0.0000000000,0.0000000000
976,0.0000000000,0.0000000000,0.0000000000
1607,0.0000000000,0.0000000000,0.0000000000
3964,0.0000017767,0.4066666667,0.0000007225
614,0.0000075104,0.5000000000,0.0000037552
1162,0.0000041590,0.0000000000,0.0000000000
2871,0.0000081363,0.4444444444,0.0000036161
514,0.0000006461,0.0000000000,0.0000000000
653,0.0000104581,1.0000000000,0.0000104581
1060,0.0000000000,0.0000000000,0.0000000000
684,0.0000000000,0.0000000000,0.0000000000
425,0.0000038764,0.0000000000,0.0000000000
959,0.0000000000,0.0000000000,0.0000000000
2673,0.0000002423,1.0000000000,0.0000002423
316,0.0000199740,1.0000000000,0.0000199740
455,0.0000080354,0.0000000000,0.0000000000
2812,0.0000037956,1.0000000000,0.0000037956
536,0.0000000000,0.0000000000,0.0000000000
2893,0.0000014133,0.6666666667,0.0000009422
456,0.0000035533,0.0000000000,0.0000000000
1236,0.0000000000,0.0000000000,0.0000000000
1525,0.0000000000,0.0000000000,0.0000000000
3882,0.0000294764,0.5055555556,0.0000149020
416,0.0000000000,0.0000000000,0.0000000000
1087,0.0000029073,0.0000000000,0.0000000000
635,0.0000000000,0.0000000000,0.0000000000
772,0.0000000000,0.0000000000,0.0000000000
1231,0.0000000000,0.0000000000,0.0000000000
1591,0.0000000000,0.0000000000,0.0000000000
1174,0.0000208152,0.6666666667,0.0000138768
3531,0.0000044820,0.6000000000,0.0000026892
65,0.0000000000,0.0000000000,0.0000000000
2422,0.0000006461,0.3333333333,0.0000002154
2283,0.0000038965,0.1666666667,0.0000006494
3616,0.0000072682,0.2500000000,0.0000018170
2507,0.0000003230,0.0000000000,0.0000000000
150,0.0000012719,0.0000000000,0.0000000000
289,0.0000000000,0.0000000000,0.0000000000
380,0.0000000000,0.0000000000,0.0000000000
314,0.0000000000,0.0000000000,0.0000000000
3367,0.0000048858,0.5000000000,0.0000024429
1010,0.0000000000,0.0000000000,0.0000000000
431,0.0000029476,0.0000000000,0.0000000000
2788,0.0000004038,0.0000000000,0.0000000000
516,0.0000000000,0.0000000000,0.0000000000
2873,0.0000039167,0.2261904762,0.0000008859
2825,0.0000049262,0.5000000000,0.0000024631
468,0.0000022208,0.0000000000,0.0000000000
843,0.0000078537,0.0000000000,0.0000000000
1952,0.0000094082,0.6666666667,0.0000062722
2074,0.0000112051,0.8333333333,0.0000093376
229,0.0000000000,0.0000000000,0.0000000000
3556,0.0000379559,0.5833333333,0.0000221410
1199,0.0000104985,0.2500000000,0.0000026246
142,0.0000000000,0.0000000000,0.0000000000
2499,0.0000000000,0.0000000000,0.0000000000
258,0.0000000000,0.0000000000,0.0000000000
3570,0.0000536632,0.5416666667,0.0000290676
1213,0.0000017363,0.0000000000,0.0000000000
243,0.0000000000,0.0000000000,0.0000000000
2600,0.0000046839,0.5000000000,0.0000023420
726,0.0000045022,0.0000000000,0.0000000000
1835,0.0000202297,0.2500000000,0.0000050574
934,0.0000136076,0.5000000000,0.0000068038
981,0.0000000000,0.0000000000,0.0000000000
3338,0.0000003230,1.0000000000,0.0000003230
1079,0.0000060366,0.5000000000,0.0000030183
895,0.0000048253,0.0000000000,0.0000000000
1346,0.0000166360,0.5000000000,0.0000083180
402,0.0000000000,0.0000000000,0.0000000000
2759,0.0000269662,0.2291666667,0.0000061798
913,0.0000020997,1.0000000000,0.0000020997
898,0.0000266836,0.5000000000,0.0000133418
671,0.0000000000,0.0000000000,0.0000000000
1780,0.0000039975,1.0000000000,0.0000039975
577,0.0000109830,0.0000000000,0.0000000000
2934,0.0000014536,0.3333333333,0.0000004845
561,0.0000000000,0.0000000000,0.0000000000
520,0.0000009287,0.0000000000,0.0000000000
2877,0.0000000404,0.0000000000,0.0000000000
2834,0.0000345036,0.4444444444,0.0000153349
477,0.0000003230,0.0000000000,0.0000000000
371,0.0000054107,0.0000000000,0.0000000000
1075,0.0000045628,0.0000000000,0.0000000000
1241,0.0000000000,0.0000000000,0.0000000000
2663,0.0000053300,0.6666666667,0.0000035533
306,0.0000023016,0.0000000000,0.0000000000
803,0.0000055319,0.0000000000,0.0000000000
3160,0.0000011306,0.2500000000,0.0000002827
1283,0.0000000000,0.0000000000,0.0000000000
174,0.0000000000,0.0000000000,0.0000000000
2531,0.0000000000,0.0000000000,0.0000000000
2316,0.0000058549,0.5000000000,0.0000029275
400,0.0000000000,0.0000000000,0.0000000000
2757,0.0000004845,0.0000000000,0.0000000000
2618,0.0000427408,0.4833333333,0.0000206581
261,0.0000000000,0.0000000000,0.0000000000
35,0.0000000000,0.0000000000,0.0000000000
432,0.0000000000,0.0000000000,0.0000000000
1858,0.0000082372,0.6666666667,0.0000054915
749,0.0000000000,0.0000000000,0.0000000000
1827,0.0000020997,0.0000000000,0.0000000000
718,0.0000000000,0.0000000000,0.0000000000
3126,0.0000091256,0.3000000000,0.0000027377
2017,0.0000240051,0.4000000000,0.0000096020
908,0.0000068644,1.0000000000,0.0000068644
252,0.0000000000,0.0000000000,0.0000000000
2609,0.0000044013,0.7500000000,0.0000033010
2157,0.0000000000,0.0000000000,0.0000000000
114,0.0000000000,0.0000000000,0.0000000000
2471,0.0000021603,0.5000000000,0.0000010801
1494,0.0000000000,0.0000000000,0.0000000000
385,0.0000000000,0.0000000000,0.0000000000
2742,0.0000022208,0.1666666667,0.0000003701
708,0.0000029476,0.0000000000,0.0000000000
3065,0.0000088025,0.2500000000,0.0000022006
826,0.0000263605,0.2500000000,0.0000065901
189,0.0000058347,0.0000000000,0.0000000000
2546,0.0000003230,0.0000000000,0.0000000000
612,0.0000034928,0.0000000000,0.0000000000
1709,0.0000000000,0.0000000000,0.0000000000
600,0.0000000000,0.0000000000,0.0000000000
138,0.0000037552,0.0000000000,0.0000000000
857,0.0000235408,0.5000000000,0.0000117704
3214,0.0000130221,0.6250000000,0.0000081388
107,0.0000000000,0.0000000000,0.0000000000
264,0.0000000000,0.0000000000,0.0000000000
3591,0.0000151016,0.1666666667,0.0000025169
1234,0.0000236013,0.7500000000,0.0000177010
66,0.0000000000,0.0000000000,0.0000000000
2423,0.0000055117,0.6111111111,0.0000033683
795,0.0000107205,1.0000000000,0.0000107205
1904,0.0000081767,0.6666666667,0.0000054511
2158,0.0000000000,0.0000000000,0.0000000000
20,0.0000000000,0.0000000000,0.0000000000
1129,0.0000000000,0.0000000000,0.0000000000
1293,0.0000013729,0.0000000000,0.0000000000
411,0.0000000000,0.0000000000,0.0000000000
2768,0.0000001615,0.0000000000,0.0000000000
32,0.0000000000,0.0000000000,0.0000000000
2389,0.0000011306,0.5000000000,0.0000005653
2250,0.0000320607,0.5000000000,0.0000160303
1371,0.0000000000,0.0000000000,0.0000000000
3728,0.0000076316,0.5000000000,0.0000038158
3589,0.0000581453,0.2916666667,0.0000169590
1232,0.0000000000,0.0000000000,0.0000000000
2047,0.0000312531,0.3750000000,0.0000117199
74,0.0000000000,0.0000000000,0.0000000000
2329,0.0000049666,0.2566666667,0.0000012748
111,0.0000000000,0.0000000000,0.0000000000
2468,0.0000017767,1.0000000000,0.0000017767
159,0.0000312598,0.5000000000,0.0000156299
1011,0.0000113060,0.0000000000,0.0000000000
833,0.0000336960,0.7500000000,0.0000252720
896,0.0000081969,0.5000000000,0.0000040984
1496,0.0000013729,0.0000000000,0.0000000000
2394,0.0000040782,0.1666666667,0.0000006797
37,0.0000000000,0.0000000000,0.0000000000
1285,0.0000189847,0.6250000000,0.0000118654
3437,0.0000042398,0.1777777778,0.0000007537
1080,0.0000000000,0.0000000000,0.0000000000
110,0.0000045830,0.0000000000,0.0000000000
377,0.0000000000,0.0000000000,0.0000000000
823,0.0000000000,0.0000000000,0.0000000000
987,0.0000000000,0.0000000000,0.0000000000
919,0.0000206739,0.0000000000,0.0000000000
3276,0.0000023016,0.1111111111,0.0000002557
1160,0.0000079546,0.5000000000,0.0000039773
3517,0.0000113060,0.2416666667,0.0000027323
51,0.0000000000,0.0000000000,0.0000000000
2408,0.0000055723,0.4375000000,0.0000024379
141,0.0000000000,0.0000000000,0.0000000000
2498,0.0000015748,0.5000000000,0.0000007874
548,0.0000000000,0.0000000000,0.0000000000
732,0.0000000000,0.0000000000,0.0000000000
3506,0.0000009287,0.2500000000,0.0000002322
1149,0.0000012517,0.0000000000,0.0000000000
179,0.0000114877,0.0000000000,0.0000000000
1414,0.0000188366,0.2500000000,0.0000047092
305,0.0000031092,0.0000000000,0.0000000000
3632,0.0000012114,0.1666666667,0.0000002019
1275,0.0000027054,1.0000000000,0.0000027054
567,0.0000071066,0.0000000000,0.0000000000
1676,0.0000000000,0.0000000000,0.0000000000
2446,0.0000267912,0.4000000000,0.0000107165
89,0.0000000000,0.0000000000,0.0000000000
228,0.0000000000,0.0000000000,0.0000000000
2585,0.0000200278,0.1875000000,0.0000037552
1469,0.0000106196,1.0000000000,0.0000106196
3826,0.0000245099,0.3404761905,0.0000083450
360,0.0000032707,0.0000000000,0.0000000000
2717,0.0000057540,0.5000000000,0.0000028770
535,0.0000000000,0.0000000000,0.0000000000
3862,0.0000135672,0.1944444444,0.0000026381
1505,0.0000000000,0.0000000000,0.0000000000
4064,0.0000149805,0.3333333333,0.0000049935
1707,0.0000033043,0.0000000000,0.0000000000
1098,0.0000055319,1.0000000000,0.0000055319
4425,0.0000002423,0.2500000000,0.0000000606
2068,0.0000021804,0.1666666667,0.0000003634
1191,0.0000268720,0.4166666667,0.0000111967
3548,0.0000126183,0.4400000000,0.0000055521
82,0.0000000000,0.0000000000,0.0000000000
2439,0.0000009287,0.0000000000,0.0000000000
1441,0.0000000000,0.0000000000,0.0000000000
1749,0.0000033514,0.3333333333,0.0000011171
640,0.0000000000,0.0000000000,0.0000000000
2997,0.0000004845,0.0000000000,0.0000000000
1357,0.0000000000,0.0000000000,0.0000000000
95,0.0000000000,0.0000000000,0.0000000000
932,0.0000000000,0.0000000000,0.0000000000
3289,0.0000049397,0.3750000000,0.0000018524
1015,0.0000089641,1.0000000000,0.0000089641
3372,0.0000236955,0.7777777778,0.0000184299
925,0.0000058145,1.0000000000,0.0000058145
786,0.0000147382,0.5000000000,0.0000073691
3143,0.0000028198,0.2777777778,0.0000007833
218,0.0000000000,0.0000000000,0.0000000000
2575,0.0000009287,0.0000000000,0.0000000000
1327,0.0000032707,0.0000000000,0.0000000000
1138,0.0000042398,0.0000000000,0.0000000000
1167,0.0000012114,0.0000000000,0.0000000000
58,0.0000000000,0.0000000000,0.0000000000
982,0.0000024227,1.0000000000,0.0000024227
91,0.0000000000,0.0000000000,0.0000000000
1200,0.0000000000,0.0000000000,0.0000000000
118,0.0000035129,0.0000000000,0.0000000000
1317,0.0000000000,0.0000000000,0.0000000000
688,0.0000092602,1.0000000000,0.0000092602
102,0.0000237830,0.0000000000,0.0000000000
643,0.0000000000,0.0000000000,0.0000000000
3000,0.0000026246,0.5000000000,0.0000013123
598,0.0000063798,1.0000000000,0.0000063798
3978,0.0000037956,0.1900000000,0.0000007212
1621,0.0000000000,0.0000000000,0.0000000000
3518,0.0000044417,0.5833333333,0.0000025910
1300,0.0000179685,0.2500000000,0.0000044921
191,0.0000000000,0.0000000000,0.0000000000
2548,0.0000068442,0.2500000000,0.0000017110
1874,0.0000078133,0.0714285714,0.0000005581
765,0.0000000000,0.0000000000,0.0000000000
224,0.0000063395,0.0000000000,0.0000000000
4226,0.0000014133,0.7500000000,0.0000010599
2008,0.0000000000,0.0000000000,0.0000000000
980,0.0000000000,0.0000000000,0.0000000000
3337,0.0000066961,0.6388888889,0.0000042781
30,0.0000000000,0.0000000000,0.0000000000
3357,0.0000023016,0.3000000000,0.0000006905
3411,0.0000063395,0.5833333333,0.0000036980
1054,0.0000105186,0.3333333333,0.0000035062
84,0.0000000000,0.0000000000,0.0000000000
1193,0.0000000000,0.0000000000,0.0000000000
3762,0.0000055050,0.3750000000,0.0000020644
1405,0.0000016151,0.0000000000,0.0000000000
382,0.0000000000,0.0000000000,0.0000000000
1437,0.0000108417,1.0000000000,0.0000108417
328,0.0000193212,1.0000000000,0.0000193212
923,0.0000000000,0.0000000000,0.0000000000
3280,0.0000127798,0.1500000000,0.0000019170
463,0.0000035331,0.0000000000,0.0000000000
44,0.0000000000,0.0000000000,0.0000000000
2401,0.0000007672,0.3750000000,0.0000002877
2262,0.0000023016,0.6000000000,0.0000013810
585,0.0000000000,0.0000000000,0.0000000000
2803,0.0000045628,0.2500000000,0.0000011407
446,0.0000000000,0.0000000000,0.0000000000
1071,0.0000038360,0.0000000000,0.0000000000
3343,0.0000044013,0.7500000000,0.0000033010
986,0.0000123963,1.0000000000,0.0000123963
70,0.0000000000,0.0000000000,0.0000000000
1179,0.0000095697,0.3333333333,0.0000031899
3536,0.0000009691,0.6250000000,0.0000006057
584,0.0000000000,0.0000000000,0.0000000000
2941,0.0000015546,0.5000000000,0.0000007773
1693,0.0000080959,0.3333333333,0.0000026986
2802,0.0000180089,0.4444444444,0.0000080039
445,0.0000000000,0.0000000000,0.0000000000
661,0.0000006864,1.0000000000,0.0000006864
3018,0.0000000000,0.0000000000,0.0000000000
1342,0.0000025035,1.0000000000,0.0000025035
1910,0.0000113464,0.6666666667,0.0000075643
801,0.0000000000,0.0000000000,0.0000000000
3158,0.0000031899,0.2083333333,0.0000006646
2069,0.0000000000,0.0000000000,0.0000000000
1555,0.0000062385,0.6666666667,0.0000041590
323,0.0000045224,0.0000000000,0.0000000000
1034,0.0000059357,0.0000000000,0.0000000000
1349,0.0000141325,0.3333333333,0.0000047108
3706,0.0000066019,0.0888888889,0.0000005868
839,0.0000017767,0.0000000000,0.0000000000
183,0.0000000000,0.0000000000,0.0000000000
85,0.0000000000,0.0000000000,0.0000000000
2442,0.0000024227,0.0000000000,0.0000000000
193,0.0000000000,0.0000000000,0.0000000000
125,0.0000000000,0.0000000000,0.0000000000
2482,0.0000001211,0.0000000000,0.0000000000
1440,0.0000000000,0.0000000000,0.0000000000
331,0.0000076921,0.0000000000,0.0000000000
2688,0.0000557024,0.3285714286,0.0000183022
845,0.0000030688,0.0000000000,0.0000000000
1954,0.0000035533,0.0000000000,0.0000000000
1697,0.0000159159,0.5000000000,0.0000079580
588,0.0000000000,0.0000000000,0.0000000000
636,0.0000018776,0.0000000000,0.0000000000
406,0.0000000000,0.0000000000,0.0000000000
1515,0.0000000000,0.0000000000,0.0000000000
5,0.0000000000,0.0000000000,0.0000000000
1628,0.0000057136,0.5000000000,0.0000028568
546,0.0000000000,0.0000000000,0.0000000000
2903,0.0000034726,0.6666666667,0.0000023150
1574,0.0000148997,0.7500000000,0.0000111748
3931,0.0000038158,0.5000000000,0.0000019079
465,0.0000000000,0.0000000000,0.0000000000
384,0.0000000000,0.0000000000,0.0000000000
3711,0.0000011710,0.3333333333,0.0000003903
1354,0.0000125981,0.6666666667,0.0000083988
2357,0.0000101552,0.7500000000,0.0000076164
139,0.0000000000,0.0000000000,0.0000000000
1547,0.0000083786,0.3333333333,0.0000027929
438,0.0000000000,0.0000000000,0.0000000000
2399,0.0000046839,0.2500000000,0.0000011710
42,0.0000000000,0.0000000000,0.0000000000
181,0.0000000000,0.0000000000,0.0000000000
2538,0.0000141056,0.8333333333,0.0000117547
794,0.0000000000,0.0000000000,0.0000000000
178,0.0000000000,0.0000000000,0.0000000000
2412,0.0000222486,0.8333333333,0.0000185405
55,0.0000000000,0.0000000000,0.0000000000
1330,0.0000000000,0.0000000000,0.0000000000
545,0.0000000000,0.0000000000,0.0000000000
288,0.0000000000,0.0000000000,0.0000000000
1370,0.0000000000,0.0000000000,0.0000000000
829,0.0000000000,0.0000000000,0.0000000000
679,0.0000000000,0.0000000000,0.0000000000
1570,0.0000060164,1.0000000000,0.0000060164
461,0.0000043609,0.0000000000,0.0000000000
1313,0.0000000000,0.0000000000,0.0000000000
204,0.0000035937,0.0000000000,0.0000000000
2561,0.0000018170,0.5833333333,0.0000010599
211,0.0000000000,0.0000000000,0.0000000000
1320,0.0000038764,0.0000000000,0.0000000000
238,0.0000000000,0.0000000000,0.0000000000
2595,0.0000127597,0.3666666667,0.0000046785
2588,0.0000086208,0.3333333333,0.0000028736
1479,0.0000096505,0.5000000000,0.0000048253
1588,0.0000118309,0.5000000000,0.0000059155
1128,0.0000021401,0.4444444444,0.0000009511
3485,0.0000334739,0.3214285714,0.0000107595
115,0.0000152228,0.0000000000,0.0000000000
2472,0.0000006461,0.0000000000,0.0000000000
394,0.0000125174,0.0000000000,0.0000000000
2751,0.0000010902,0.0000000000,0.0000000000
1476,0.0000056934,1.0000000000,0.0000056934
3833,0.0000043205,0.2222222222,0.0000009601
281,0.0000131231,0.0000000000,0.0000000000
822,0.0000028669,0.0000000000,0.0000000000
3179,0.0000145767,0.5138888889,0.0000074908
24,0.0000000000,0.0000000000,0.0000000000
2465,0.0000017767,0.0000000000,0.0000000000
108,0.0000000000,0.0000000000,0.0000000000
247,0.0000000000,0.0000000000,0.0000000000
2604,0.0000003230,1.0000000000,0.0000003230
775,0.0000000000,0.0000000000,0.0000000000
4102,0.0000146575,0.3125000000,0.0000045805
1745,0.0000000000,0.0000000000,0.0000000000
1380,0.0000111984,0.5000000000,0.0000055992
3737,0.0000175243,0.4738095238,0.0000083032
271,0.0000000000,0.0000000000,0.0000000000
2628,0.0000009691,0.0000000000,0.0000000000
590,0.0000000000,0.0000000000,0.0000000000
2947,0.0000011710,0.5000000000,0.0000005855
1077,0.0000000000,0.0000000000,0.0000000000
2186,0.0000164745,0.3750000000,0.0000061779
3295,0.0000020997,0.6000000000,0.0000012598
938,0.0000014940,0.0000000000,0.0000000000
805,0.0000036745,0.0000000000,0.0000000000
544,0.0000000000,0.0000000000,0.0000000000
1112,0.0000016892,1.0000000000,0.0000016892
3,0.0000000000,0.0000000000,0.0000000000
2360,0.0000013325,0.0000000000,0.0000000000
1396,0.0000000000,0.0000000000,0.0000000000
287,0.0000000000,0.0000000000,0.0000000000
2644,0.0000054107,0.5000000000,0.0000027054
1369,0.0000000000,0.0000000000,0.0000000000
910,0.0000000000,0.0000000000,0.0000000000
2019,0.0000027861,0.7500000000,0.0000020896
429,0.0000059357,0.0000000000,0.0000000000
2647,0.0000062789,0.6111111111,0.0000038371
290,0.0000230764,0.0000000000,0.0000000000
295,0.0000043609,0.0000000000,0.0000000000
2652,0.0000009691,0.5000000000,0.0000004845
437,0.0000023622,1.0000000000,0.0000023622
2794,0.0000005653,0.0000000000,0.0000000000
3683,0.0000089439,0.2500000000,0.0000022360
1326,0.0000061376,0.7500000000,0.0000046032
2573,0.0000379223,0.1111111111,0.0000042136
216,0.0000000000,0.0000000000,0.0000000000
1464,0.0000080152,0.3333333333,0.0000026717
355,0.0000000000,0.0000000000,0.0000000000
2712,0.0000200480,0.3611111111,0.0000072396
1821,0.0000092063,0.7500000000,0.0000069048
712,0.0000000000,0.0000000000,0.0000000000
4039,0.0000016959,1.0000000000,0.0000016959
698,0.0000217978,0.3333333333,0.0000072659
3055,0.0000367042,0.4722222222,0.0000173325
157,0.0000000000,0.0000000000,0.0000000000
2514,0.0000001615,0.0000000000,0.0000000000
1239,0.0000014940,0.0000000000,0.0000000000
1453,0.0000079950,1.0000000000,0.0000079950
344,0.0000000000,0.0000000000,0.0000000000
2701,0.0000072278,0.5000000000,0.0000036139
3076,0.0000019382,0.5000000000,0.0000009691
719,0.0000000000,0.0000000000,0.0000000000
858,0.0000378348,0.5000000000,0.0000189174
3215,0.0000254789,0.3000000000,0.0000076437
1967,0.0000117906,1.0000000000,0.0000117906
631,0.0000000000,0.0000000000,0.0000000000
117,0.0000000000,0.0000000000,0.0000000000
2474,0.0000063395,0.5000000000,0.0000031697
90,0.0000000000,0.0000000000,0.0000000000
1578,0.0000000000,0.0000000000,0.0000000000
2687,0.0000019786,0.5000000000,0.0000009893
330,0.0000000000,0.0000000000,0.0000000000
523,0.0000020593,0.0000000000,0.0000000000
274,0.0000010902,0.0000000000,0.0000000000
2631,0.0000016959,0.5000000000,0.0000008480
1306,0.0000034726,0.3333333333,0.0000011575
3663,0.0000004845,0.2500000000,0.0000001211
197,0.0000034928,0.0000000000,0.0000000000
2554,0.0000035533,1.0000000000,0.0000035533
454,0.0000000000,0.0000000000,0.0000000000
2811,0.0000012921,0.6250000000,0.0000008076
459,0.0000014940,0.0000000000,0.0000000000
804,0.0000000000,0.0000000000,0.0000000000
3022,0.0000033918,0.2777777778,0.0000009422
1447,0.0000025035,0.3333333333,0.0000008345
1271,0.0000021804,0.0000000000,0.0000000000
3628,0.0000047647,0.4166666667,0.0000019853
162,0.0000014536,0.0000000000,0.0000000000
703,0.0000061981,0.0000000000,0.0000000000
3060,0.0000121742,0.5555555556,0.0000067634
1471,0.0000025035,0.3333333333,0.0000008345
3828,0.0000012114,0.1666666667,0.0000002019
930,0.0000009287,0.0000000000,0.0000000000
3287,0.0000000808,0.0000000000,0.0000000000
694,0.0000000000,0.0000000000,0.0000000000
3051,0.0000033918,0.4444444444,0.0000015075
2060,0.0000022410,0.3333333333,0.0000007470
951,0.0000072278,1.0000000000,0.0000072278
3308,0.0000172013,0.3333333333,0.0000057338
336,0.0000000000,0.0000000000,0.0000000000
2693,0.0000016959,0.5000000000,0.0000008480
593,0.0000000000,0.0000000000,0.0000000000
1883,0.0000055319,0.6666666667,0.0000036879
774,0.0000000000,0.0000000000,0.0000000000
579,0.0000017363,0.0000000000,0.0000000000
3906,0.0000004442,0.7500000000,0.0000003331
2797,0.0000021804,0.3333333333,0.0000007268
440,0.0000014133,0.6666666667,0.0000009422
1291,0.0000147180,0.0000000000,0.0000000000
182,0.0000000000,0.0000000000,0.0000000000
3300,0.0000017565,1.0000000000,0.0000017565
943,0.0000014133,0.0000000000,0.0000000000
4490,0.0000006461,0.5000000000,0.0000003230
2133,0.0000009691,0.5000000000,0.0000004845
2272,0.0000168177,0.1000000000,0.0000016818
742,0.0000000000,0.0000000000,0.0000000000
2419,0.0000086814,0.5000000000,0.0000043407
62,0.0000059760,0.0000000000,0.0000000000
201,0.0000050271,0.0000000000,0.0000000000
1256,0.0000000000,0.0000000000,0.0000000000
3440,0.0000144152,0.3375000000,0.0000048651
1083,0.0000049868,0.5000000000,0.0000024934
1222,0.0000196106,0.5000000000,0.0000098053
113,0.0000000000,0.0000000000,0.0000000000
2470,0.0000104985,0.3333333333,0.0000034995
654,0.0000024833,0.0000000000,0.0000000000
59,0.0000000000,0.0000000000,0.0000000000
2277,0.0000000000,0.0000000000,0.0000000000
1197,0.0000000000,0.0000000000,0.0000000000
88,0.0000000000,0.0000000000,0.0000000000
575,0.0000032707,0.0000000000,0.0000000000
2932,0.0000110436,0.5000000000,0.0000055218
2793,0.0000072211,0.3333333333,0.0000024070
436,0.0000000000,0.0000000000,0.0000000000
1968,0.0000020391,1.0000000000,0.0000020391
859,0.0000092871,1.0000000000,0.0000092871
1436,0.0000582260,0.3333333333,0.0000194087
3793,0.0000012114,1.0000000000,0.0000012114
327,0.0000072547,0.0000000000,0.0000000000
2684,0.0000007268,1.0000000000,0.0000007268
2383,0.0000021401,1.0000000000,0.0000021401
26,0.0000000000,0.0000000000,0.0000000000
3546,0.0000208960,0.3071428571,0.0000064180
1189,0.0000000000,0.0000000000,0.0000000000
219,0.0000000000,0.0000000000,0.0000000000
2576,0.0000001615,0.0000000000,0.0000000000
2382,0.0000084391,0.1111111111,0.0000009377
25,0.0000000000,0.0000000000,0.0000000000
164,0.0000000000,0.0000000000,0.0000000000
2521,0.0000000000,0.0000000000,0.0000000000
1947,0.0000149805,0.5000000000,0.0000074902
838,0.0000000000,0.0000000000,0.0000000000
324,0.0000046637,0.0000000000,0.0000000000
2681,0.0000011306,0.7500000000,0.0000008480
667,0.0000058886,0.0000000000,0.0000000000
407,0.0000000000,0.0000000000,0.0000000000
2764,0.0000006461,0.0000000000,0.0000000000
921,0.0000026246,0.0000000000,0.0000000000
1329,0.0000000000,0.0000000000,0.0000000000
3686,0.0000099332,0.1250000000,0.0000012416
220,0.0000000000,0.0000000000,0.0000000000
350,0.0000073287,0.0000000000,0.0000000000
93,0.0000000000,0.0000000000,0.0000000000
2450,0.0000012114,0.0000000000,0.0000000000
1743,0.0000000000,0.0000000000,0.0000000000
634,0.0000000000,0.0000000000,0.0000000000
1940,0.0000000000,0.0000000000,0.0000000000
831,0.0000035129,1.0000000000,0.0000035129
3188,0.0000023823,0.5000000000,0.0000011912
1399,0.0000028669,0.0000000000,0.0000000000
414,0.0000000000,0.0000000000,0.0000000000
2771,0.0000083988,1.0000000000,0.0000083988
2010,0.0000729441,0.8333333333,0.0000607867
901,0.0000047243,0.5000000000,0.0000023622
3119,0.0000027861,0.8333333333,0.0000023218
762,0.0000000000,0.0000000000,0.0000000000
663,0.0000020593,0.0000000000,0.0000000000
3020,0.0000281036,0.5666666667,0.0000159253
2827,0.0000026044,0.1000000000,0.0000002604
470,0.0000000000,0.0000000000,0.0000000000
1258,0.0000013863,0.0000000000,0.0000000000
149,0.0000000000,0.0000000000,0.0000000000
2506,0.0000007672,0.5833333333,0.0000004475
101,0.0000000000,0.0000000000,0.0000000000
1995,0.0000054107,1.0000000000,0.0000054107
4213,0.0000023016,0.7500000000,0.0000017262
399,0.0000000000,0.0000000000,0.0000000000
2756,0.0000003230,0.0000000000,0.0000000000
1508,0.0000126789,0.3333333333,0.0000042263
426,0.0000000000,0.0000000000,0.0000000000
1589,0.0000000000,0.0000000000,0.0000000000
480,0.0000000000,0.0000000000,0.0000000000
2837,0.0000017363,0.4666666667,0.0000008103
2103,0.0000033514,0.2500000000,0.0000008379
169,0.0000000000,0.0000000000,0.0000000000
2526,0.0000111041,0.2857142857,0.0000031726
1278,0.0000007672,0.0000000000,0.0000000000
1305,0.0000000000,0.0000000000,0.0000000000
196,0.0000000000,0.0000000000,0.0000000000
1658,0.0000000000,0.0000000000,0.0000000000
549,0.0000201893,0.5000000000,0.0000100947
2906,0.0000000000,0.0000000000,0.0000000000
215,0.0000000000,0.0000000000,0.0000000000
2572,0.0000085199,0.6666666667,0.0000056799
1324,0.0000000000,0.0000000000,0.0000000000
3681,0.0000020997,0.2500000000,0.0000005249
756,0.0000000000,0.0000000000,0.0000000000
1865,0.0000030284,1.0000000000,0.0000030284
4222,0.0000119319,0.5571428571,0.0000066478
783,0.0000118108,0.3333333333,0.0000039369
1040,0.0000034322,0.0000000000,0.0000000000
3397,0.0000106465,0.5666666667,0.0000060330
1581,0.0000134057,1.0000000000,0.0000134057
12,0.0000000000,0.0000000000,0.0000000000
2369,0.0000001615,0.0000000000,0.0000000000
553,0.0000097245,0.0000000000,0.0000000000
1094,0.0000076518,0.0000000000,0.0000000000
296,0.0000061712,0.0000000000,0.0000000000
2653,0.0000001615,1.0000000000,0.0000001615
1016,0.0000020997,0.0000000000,0.0000000000
4343,0.0000000000,0.0000000000,0.0000000000
1986,0.0000000000,0.0000000000,0.0000000000
1097,0.0000000000,0.0000000000,0.0000000000
1566,0.0000060568,0.5000000000,0.0000030284
457,0.0000000000,0.0000000000,0.0000000000
1358,0.0000103773,0.5000000000,0.0000051887
1926,0.0000014536,0.0000000000,0.0000000000
817,0.0000000000,0.0000000000,0.0000000000
3558,0.0000077325,0.5714285714,0.0000044186
1201,0.0000000000,0.0000000000,0.0000000000
1340,0.0000058684,0.5000000000,0.0000029342
312,0.0000000000,0.0000000000,0.0000000000
2669,0.0000004845,0.5000000000,0.0000002423
33,0.0000000000,0.0000000000,0.0000000000
2251,0.0000018978,0.5000000000,0.0000009489
1304,0.0000000000,0.0000000000,0.0000000000
195,0.0000000000,0.0000000000,0.0000000000
709,0.0000000000,0.0000000000,0.0000000000
1818,0.0000000000,0.0000000000,0.0000000000
168,0.0000084391,0.0000000000,0.0000000000
1277,0.0000000000,0.0000000000,0.0000000000
495,0.0000000000,0.0000000000,0.0000000000
1604,0.0000043609,1.0000000000,0.0000043609
576,0.0000000000,0.0000000000,0.0000000000
1323,0.0000000000,0.0000000000,0.0000000000
1028,0.0000335345,1.0000000000,0.0000335345
610,0.0000000000,0.0000000000,0.0000000000
2967,0.0000023016,0.5111111111,0.0000011764
1692,0.0000000000,0.0000000000,0.0000000000
353,0.0000034726,0.0000000000,0.0000000000
78,0.0000000000,0.0000000000,0.0000000000
2435,0.0000094823,0.2500000000,0.0000023706
1701,0.0000084593,0.5000000000,0.0000042297
1444,0.0000073085,0.5000000000,0.0000036543
335,0.0000000000,0.0000000000,0.0000000000
2692,0.0000010902,1.0000000000,0.0000010902
1190,0.0000056530,0.0000000000,0.0000000000
81,0.0000000000,0.0000000000,0.0000000000
2438,0.0000006057,0.0000000000,0.0000000000
192,0.0000000000,0.0000000000,0.0000000000
80,0.0000000000,0.0000000000,0.0000000000
969,0.0000000000,0.0000000000,0.0000000000
434,0.0000000000,0.0000000000,0.0000000000
975,0.0000000000,0.0000000000,0.0000000000
3332,0.0000009287,1.0000000000,0.0000009287
2747,0.0000081161,0.2500000000,0.0000020290
390,0.0000000000,0.0000000000,0.0000000000
556,0.0000020593,0.0000000000,0.0000000000
2913,0.0000029880,0.5000000000,0.0000014940
1665,0.0000119521,0.5000000000,0.0000059760
2081,0.0000055117,0.5000000000,0.0000027558
972,0.0000083988,1.0000000000,0.0000083988
458,0.0000096303,0.0000000000,0.0000000000
1855,0.0000049464,1.0000000000,0.0000049464
173,0.0000000000,0.0000000000,0.0000000000
2530,0.0000000000,0.0000000000,0.0000000000
146,0.0000000000,0.0000000000,0.0000000000
2503,0.0000125981,0.3750000000,0.0000047243
1255,0.0000011710,0.0000000000,0.0000000000
430,0.0000130760,0.0000000000,0.0000000000
2787,0.0000003634,0.5000000000,0.0000001817
2053,0.0000095294,0.3000000000,0.0000028588
971,0.0000000000,0.0000000000,0.0000000000
3328,0.0000213199,0.6666666667,0.0000142133
1118,0.0000015344,0.0000000000,0.0000000000
9,0.0000000000,0.0000000000,0.0000000000
4723,0.0000225717,0.3299319728,0.0000074471
266,0.0000000000,0.0000000000,0.0000000000
13,0.0000000000,0.0000000000,0.0000000000
2370,0.0000067432,0.8333333333,0.0000056194
1122,0.0000035937,0.5000000000,0.0000017969
94,0.0000000000,0.0000000000,0.0000000000
4808,0.0000005653,0.7500000000,0.0000004240
154,0.0000000000,0.0000000000,0.0000000000
2511,0.0000048858,0.3333333333,0.0000016286
1804,0.0000276190,0.4250000000,0.0000117381
695,0.0000019584,0.0000000000,0.0000000000
27,0.0000000000,0.0000000000,0.0000000000
2384,0.0000020189,0.5000000000,0.0000010095
648,0.0000068038,1.0000000000,0.0000068038
3005,0.0000215824,0.2222222222,0.0000047961
442,0.0000000000,0.0000000000,0.0000000000
875,0.0000000000,0.0000000000,0.0000000000
1984,0.0000025842,0.2000000000,0.0000005168
902,0.0000000000,0.0000000000,0.0000000000
3259,0.0000136278,0.2500000000,0.0000034070
791,0.0000183117,1.0000000000,0.0000183117
3148,0.0000014536,0.2500000000,0.0000003634
372,0.0000000000,0.0000000000,0.0000000000
1481,0.0000077123,0.5000000000,0.0000038562
285,0.0000061376,0.0000000000,0.0000000000
2642,0.0000000000,0.0000000000,0.0000000000
2246,0.0000088833,0.5000000000,0.0000044417
28,0.0000000000,0.0000000000,0.0000000000
569,0.0000066625,0.0000000000,0.0000000000
2926,0.0000108013,0.5000000000,0.0000054006
1110,0.0000000000,0.0000000000,0.0000000000
542,0.0000256741,1.0000000000,0.0000256741
2899,0.0000039369,0.5000000000,0.0000019685
1590,0.0000042801,0.2500000000,0.0000010700
1279,0.0000415295,0.8333333333,0.0000346079
170,0.0000000000,0.0000000000,0.0000000000
1536,0.0000028265,0.5000000000,0.0000014133
3754,0.0000016959,0.3333333333,0.0000005653
427,0.0000018978,0.0000000000,0.0000000000
2784,0.0000061981,0.2500000000,0.0000015495
1418,0.0000067029,1.0000000000,0.0000067029
309,0.0000028063,0.0000000000,0.0000000000
2666,0.0000048253,0.2000000000,0.0000009651
1391,0.0000000000,0.0000000000,0.0000000000
824,0.0000007268,0.0000000000,0.0000000000
3181,0.0000007268,0.0000000000,0.0000000000
1419,0.0000050473,1.0000000000,0.0000050473
310,0.0000000000,0.0000000000,0.0000000000
278,0.0000000000,0.0000000000,0.0000000000
11,0.0000000000,0.0000000000,0.0000000000
2368,0.0000048858,0.2500000000,0.0000012215
1039,0.0000020593,0.0000000000,0.0000000000
1046,0.0000000000,0.0000000000,0.0000000000
1127,0.0000061376,0.0000000000,0.0000000000
18,0.0000000000,0.0000000000,0.0000000000
4183,0.0000085401,0.4333333333,0.0000037007
1826,0.0000058953,0.2500000000,0.0000014738
1965,0.0000035735,1.0000000000,0.0000035735
315,0.0000054107,1.0000000000,0.0000054107
1424,0.0000012114,0.0000000000,0.0000000000
1069,0.0000634551,0.2777777778,0.0000176264
3426,0.0000154247,0.3958333333,0.0000061056
1556,0.0000124366,0.5000000000,0.0000062183
3774,0.0000009691,0.6500000000,0.0000006299
1417,0.0000000000,0.0000000000,0.0000000000
2259,0.0000070057,0.2000000000,0.0000014011
41,0.0000000000,0.0000000000,0.0000000000
632,0.0000000000,0.0000000000,0.0000000000
675,0.0000379492,1.0000000000,0.0000379492
3032,0.0000042398,0.6666666667,0.0000028265
533,0.0000092669,0.0000000000,0.0000000000
1989,0.0000002827,0.0000000000,0.0000000000
880,0.0000000000,0.0000000000,0.0000000000
3237,0.0000029073,0.1666666667,0.0000004845
1218,0.0000039975,0.5000000000,0.0000019987
1377,0.0000105792,0.0000000000,0.0000000000
3734,0.0000000808,0.0000000000,0.0000000000
268,0.0000114272,0.0000000000,0.0000000000
3595,0.0000055723,0.2500000000,0.0000013931
1238,0.0000018170,0.0000000000,0.0000000000
4743,0.0000035533,0.4000000000,0.0000014213
29,0.0000000000,0.0000000000,0.0000000000
2386,0.0000026650,0.7500000000,0.0000019987
307,0.0000010498,0.0000000000,0.0000000000
2664,0.0000180291,0.7500000000,0.0000135218
1416,0.0000081498,0.2500000000,0.0000020374
280,0.0000006461,0.0000000000,0.0000000000
2637,0.0000054915,0.6000000000,0.0000032949
1389,0.0000093275,0.5000000000,0.0000046637
778,0.0000591817,0.5000000000,0.0000295908
3135,0.0000041994,0.4166666667,0.0000017497
145,0.0000000000,0.0000000000,0.0000000000
2502,0.0000160101,0.2666666667,0.0000042694
1254,0.0000198259,0.6666666667,0.0000132173
3499,0.0000006461,0.0000000000,0.0000000000
172,0.0000000000,0.0000000000,0.0000000000
2529,0.0000234600,0.5500000000,0.0000129030
3111,0.0000022814,0.0000000000,0.0000000000
754,0.0000000000,0.0000000000,0.0000000000
448,0.0000038764,0.0000000000,0.0000000000
1325,0.0000070663,1.0000000000,0.0000070663
1755,0.0000020997,0.0000000000,0.0000000000
673,0.0000016555,0.0000000000,0.0000000000
1490,0.0000055319,0.2500000000,0.0000013830
381,0.0000086612,0.5000000000,0.0000043306
2738,0.0000000000,0.0000000000,0.0000000000
2287,0.0000177666,0.7500000000,0.0000133250
3852,0.0000013325,0.6250000000,0.0000008328
1495,0.0000037956,0.0000000000,0.0000000000
525,0.0000112320,0.0000000000,0.0000000000
834,0.0000000000,0.0000000000,0.0000000000
573,0.0000100543,0.0000000000,0.0000000000
1198,0.0000026852,0.0000000000,0.0000000000
2307,0.0000067029,0.1111111111,0.0000007448
8,0.0000000000,0.0000000000,0.0000000000
3335,0.0000062183,0.6875000000,0.0000042751
241,0.0000000000,0.0000000000,0.0000000000
3568,0.0000082171,0.5666666667,0.0000046563
1945,0.0000013325,0.5000000000,0.0000006662
863,0.0000000000,0.0000000000,0.0000000000
3097,0.0000045224,0.5000000000,0.0000022612
1384,0.0000055723,1.0000000000,0.0000055723
275,0.0000000000,0.0000000000,0.0000000000
2632,0.0000051685,0.5555555556,0.0000028714
2493,0.0000330903,0.6250000000,0.0000206814
870,0.0000279959,0.6666666667,0.0000186639
3227,0.0000020189,0.3000000000,0.0000006057
1751,0.0000352573,0.6250000000,0.0000220358
776,0.0000000000,0.0000000000,0.0000000000
1885,0.0000006057,0.0000000000,0.0000000000
578,0.0000241195,0.7500000000,0.0000180896
1687,0.0000023823,0.0000000000,0.0000000000
1714,0.0000039571,0.3333333333,0.0000013190
4071,0.0000014536,0.3333333333,0.0000004845
605,0.0000000000,0.0000000000,0.0000000000
2962,0.0000104581,0.4126984127,0.0000043160
3620,0.0000105994,0.3500000000,0.0000037098
2951,0.0000178474,0.3000000000,0.0000053542
1970,0.0000025439,0.0000000000,0.0000000000
354,0.0000000000,0.0000000000,0.0000000000
1269,0.0000042801,1.0000000000,0.0000042801
3626,0.0000088025,0.3625000000,0.0000031909
160,0.0000062385,0.0000000000,0.0000000000
2517,0.0000091660,0.6250000000,0.0000057287
3956,0.0000190587,0.5333333333,0.0000101647
1599,0.0000038965,0.5000000000,0.0000019483
121,0.0000000000,0.0000000000,0.0000000000
1230,0.0000053704,0.0000000000,0.0000000000
175,0.0000000000,0.0000000000,0.0000000000
148,0.0000000000,0.0000000000,0.0000000000
2505,0.0000012114,0.3333333333,0.0000004038
1257,0.0000010095,0.0000000000,0.0000000000
2006,0.0000154247,0.2777777778,0.0000042846
897,0.0000020391,1.0000000000,0.0000020391
144,0.0000000000,0.0000000000,0.0000000000
2501,0.0000186751,0.6666666667,0.0000124501
747,0.0000138701,0.0000000000,0.0000000000
1829,0.0000041186,0.5000000000,0.0000020593
206,0.0000000000,0.0000000000,0.0000000000
304,0.0000000000,0.0000000000,0.0000000000
2661,0.0000008480,0.2500000000,0.0000002120
76,0.0000000000,0.0000000000,0.0000000000
3155,0.0000032303,0.2666666667,0.0000008614
256,0.0000031092,0.0000000000,0.0000000000
2613,0.0000017699,0.2500000000,0.0000004425
389,0.0000039369,0.0000000000,0.0000000000
2746,0.0000006057,0.5000000000,0.0000003028
1498,0.0000009691,1.0000000000,0.0000009691
957,0.0000026650,0.0000000000,0.0000000000
2406,0.0000000000,0.0000000000,0.0000000000
49,0.0000000000,0.0000000000,0.0000000000
1297,0.0000000000,0.0000000000,0.0000000000
729,0.0000000000,0.0000000000,0.0000000000
1838,0.0000019382,0.5000000000,0.0000009691
2190,0.0000000000,0.0000000000,0.0000000000
3299,0.0000024227,0.3333333333,0.0000008076
942,0.0000159832,0.5000000000,0.0000079916
1166,0.0000042801,0.0000000000,0.0000000000
57,0.0000000000,0.0000000000,0.0000000000
611,0.0000000000,0.0000000000,0.0000000000
43,0.0000000000,0.0000000000,0.0000000000
12574,0.0000000000,0.5000000000,0.0000000000
2400,0.0000047243,0.2500000000,0.0000011811
2261,0.0000008480,0.0000000000,0.0000000000
1152,0.0000069249,0.5000000000,0.0000034625
1449,0.0000063596,0.0000000000,0.0000000000
340,0.0000000000,0.0000000000,0.0000000000
2321,0.0000031495,1.0000000000,0.0000031495
103,0.0000057136,0.0000000000,0.0000000000
2460,0.0000076450,0.7500000000,0.0000057338
727,0.0000028669,0.0000000000,0.0000000000
1295,0.0000731661,0.4444444444,0.0000325183
2404,0.0000000000,0.0000000000,0.0000000000
186,0.0000118108,0.0000000000,0.0000000000
2543,0.0000125376,0.3750000000,0.0000047016
2054,0.0000012517,0.3333333333,0.0000004172
945,0.0000000000,0.0000000000,0.0000000000
2622,0.0000009287,0.0000000000,0.0000000000
265,0.0000000000,0.0000000000,0.0000000000
404,0.0000000000,0.0000000000,0.0000000000
303,0.0000000000,0.0000000000,0.0000000000
476,0.0000033514,0.0000000000,0.0000000000
949,0.0000000000,0.0000000000,0.0000000000
3306,0.0000169792,0.2083333333,0.0000035373
1205,0.0000038764,1.0000000000,0.0000038764
96,0.0000000000,0.0000000000,0.0000000000
2453,0.0000041994,0.5000000000,0.0000020997
396,0.0000000000,0.0000000000,0.0000000000
1478,0.0000095697,0.1666666667,0.0000015950
2587,0.0000000000,0.0000000000,0.0000000000
230,0.0000000000,0.0000000000,0.0000000000
128,0.0000000000,0.0000000000,0.0000000000
1237,0.0000031630,0.0000000000,0.0000000000
580,0.0000000000,0.0000000000,0.0000000000
39,0.0000000000,0.0000000000,0.0000000000
1092,0.0000013729,0.0000000000,0.0000000000
2174,0.0000009287,0.0000000000,0.0000000000
418,0.0000033514,1.0000000000,0.0000033514
1105,0.0000000000,0.0000000000,0.0000000000
3462,0.0000366033,0.2239583333,0.0000081976
963,0.0000046435,1.0000000000,0.0000046435
1834,0.0000000000,0.0000000000,0.0000000000
725,0.0000112455,0.6666666667,0.0000074970
3082,0.0000057741,0.4333333333,0.0000025021
209,0.0000000000,0.0000000000,0.0000000000
471,0.0000000000,0.0000000000,0.0000000000
1558,0.0000037148,0.0000000000,0.0000000000
449,0.0000000000,0.0000000000,0.0000000000
3695,0.0000014536,0.2500000000,0.0000003634
3103,0.0000063798,0.3958333333,0.0000025253
746,0.0000000000,0.0000000000,0.0000000000
1994,0.0000020997,0.3333333333,0.0000006999
343,0.0000000000,0.0000000000,0.0000000000
1452,0.0000059760,0.6666666667,0.0000039840
180,0.0000000000,0.0000000000,0.0000000000
1289,0.0000119319,0.2500000000,0.0000029830
251,0.0000000000,0.0000000000,0.0000000000
2608,0.0000032707,1.0000000000,0.0000032707
1825,0.0000025842,0.5000000000,0.0000012921
46,0.0000000000,0.0000000000,0.0000000000
1155,0.0000032303,0.1666666667,0.0000005384
3512,0.0000040782,0.1250000000,0.0000005098
17,0.0000000000,0.0000000000,0.0000000000
2374,0.0000014133,0.0000000000,0.0000000000
1126,0.0000000000,0.0000000000,0.0000000000
1624,0.0000131029,0.5000000000,0.0000065514
515,0.0000027861,0.0000000000,0.0000000000
2949,0.0000353111,0.6666666667,0.0000235408
592,0.0000000000,0.0000000000,0.0000000000
1840,0.0000000000,0.0000000000,0.0000000000
731,0.0000037956,0.0000000000,0.0000000000
3043,0.0000020189,0.3333333333,0.0000006730
686,0.0000000000,0.0000000000,0.0000000000
1961,0.0000033111,1.0000000000,0.0000033111
86,0.0000000000,0.0000000000,0.0000000000
3413,0.0000107407,0.5833333333,0.0000062654
1056,0.0000000000,0.0000000000,0.0000000000
2304,0.0000070865,0.1666666667,0.0000011811
800,0.0000020593,0.0000000000,0.0000000000
1909,0.0000088631,0.2500000000,0.0000022158
744,0.0000192202,0.0000000000,0.0000000000
717,0.0000035129,0.0000000000,0.0000000000
245,0.0000000000,0.0000000000,0.0000000000
2342,0.0000118915,0.1666666667,0.0000019819
1233,0.0000056934,1.0000000000,0.0000056934
124,0.0000000000,0.0000000000,0.0000000000
810,0.0000045224,0.5000000000,0.0000022612
2355,0.0000000000,0.0000000000,0.0000000000
1246,0.0000090448,0.5000000000,0.0000045224
137,0.0000000000,0.0000000000,0.0000000000
2494,0.0000269258,0.5416666667,0.0000145848
1787,0.0000000000,0.0000000000,0.0000000000
678,0.0000000000,0.0000000000,0.0000000000
1116,0.0000014940,0.0000000000,0.0000000000
2225,0.0000097716,1.0000000000,0.0000097716
7,0.0000000000,0.0000000000,0.0000000000
1510,0.0000041186,1.0000000000,0.0000041186
1023,0.0000060972,0.5000000000,0.0000030486
1502,0.0000000000,0.0000000000,0.0000000000
410,0.0000000000,0.0000000000,0.0000000000
1032,0.0000000000,0.0000000000,0.0000000000
3389,0.0000016151,0.1111111111,0.0000001795
2682,0.0000000000,0.0000000000,0.0000000000
325,0.0000000000,0.0000000000,0.0000000000
1573,0.0000060164,1.0000000000,0.0000060164
2696,0.0000066019,0.5000000000,0.0000033010
339,0.0000038764,0.0000000000,0.0000000000
3805,0.0000019180,0.2400000000,0.0000004603
1448,0.0000023016,0.5000000000,0.0000011508
478,0.0000041590,1.0000000000,0.0000041590
451,0.0000086141,0.0000000000,0.0000000000
1560,0.0000285814,0.3000000000,0.0000085744
3917,0.0000040379,0.5833333333,0.0000023554
1376,0.0000070663,0.5000000000,0.0000035331
301,0.0000000000,0.0000000000,0.0000000000
1410,0.0000069249,0.5000000000,0.0000034625
704,0.0000000000,0.0000000000,0.0000000000
485,0.0000000000,0.0000000000,0.0000000000
383,0.0000065615,0.0000000000,0.0000000000
3710,0.0000017767,0.3333333333,0.0000005922
1353,0.0000062385,0.3333333333,0.0000020795
840,0.0000176859,0.5000000000,0.0000088429
3197,0.0000010498,0.5000000000,0.0000005249
699,0.0000000000,0.0000000000,0.0000000000
1643,0.0000000000,0.0000000000,0.0000000000
596,0.0000000000,0.0000000000,0.0000000000
2953,0.0000012114,0.2500000000,0.0000003028
4383,0.0000002019,0.6666666667,0.0000001346
2026,0.0000000000,0.0000000000,0.0000000000
3301,0.0000102158,0.5000000000,0.0000051079
944,0.0000006864,0.0000000000,0.0000000000
234,0.0000000000,0.0000000000,0.0000000000
2591,0.0000000404,0.0000000000,0.0000000000
1159,0.0000069451,0.0000000000,0.0000000000
3516,0.0000004845,1.0000000000,0.0000004845
61,0.0000000000,0.0000000000,0.0000000000
2418,0.0000020795,0.5000000000,0.0000010398
1679,0.0000000000,0.0000000000,0.0000000000
570,0.0000000000,0.0000000000,0.0000000000
2927,0.0000056530,0.6666666667,0.0000037687
2113,0.0000067432,0.0000000000,0.0000000000
1586,0.0000048858,0.3333333333,0.0000016286
1018,0.0000084795,0.0000000000,0.0000000000
2127,0.0000200682,0.0833333333,0.0000016723
318,0.0000000000,0.0000000000,0.0000000000
2675,0.0000238840,0.3000000000,0.0000071652
1427,0.0000039571,0.0000000000,0.0000000000
958,0.0000022410,0.0000000000,0.0000000000
244,0.0000000000,0.0000000000,0.0000000000
2601,0.0000142739,0.7500000000,0.0000107054
918,0.0000000000,0.0000000000,0.0000000000
1473,0.0000000000,0.0000000000,0.0000000000
364,0.0000000000,0.0000000000,0.0000000000
379,0.0000000000,0.0000000000,0.0000000000
2736,0.0000058549,0.3333333333,0.0000019516
814,0.0000000000,0.0000000000,0.0000000000
1296,0.0000001211,0.0000000000,0.0000000000
1562,0.0000000000,0.0000000000,0.0000000000
453,0.0000000000,0.0000000000,0.0000000000
1260,0.0000000000,0.0000000000,0.0000000000
151,0.0000000000,0.0000000000,0.0000000000
97,0.0000000000,0.0000000000,0.0000000000
4811,0.0000049262,0.5138888889,0.0000025315
1206,0.0000046435,1.0000000000,0.0000046435
2315,0.0000177195,0.4375000000,0.0000077523
1393,0.0000045224,0.0000000000,0.0000000000
3750,0.0000122751,0.4523809524,0.0000055530
284,0.0000000000,0.0000000000,0.0000000000
867,0.0000000000,0.0000000000,0.0000000000
3224,0.0000045224,0.7500000000,0.0000033918
693,0.0000060164,0.0000000000,0.0000000000
1635,0.0000134057,0.5000000000,0.0000067029
526,0.0000000000,0.0000000000,0.0000000000
3740,0.0000040379,0.6000000000,0.0000024227
1383,0.0000056328,1.0000000000,0.0000056328
413,0.0000000000,0.0000000000,0.0000000000
1522,0.0000091054,0.2500000000,0.0000022763
1675,0.0000057741,0.5000000000,0.0000028871
566,0.0000000000,0.0000000000,0.0000000000
3717,0.0000112253,0.5323129252,0.0000059754
112,0.0000000000,0.0000000000,0.0000000000
2469,0.0000001615,0.0000000000,0.0000000000
222,0.0000000000,0.0000000000,0.0000000000
1331,0.0000148795,0.5000000000,0.0000074398
790,0.0000000000,0.0000000000,0.0000000000
574,0.0000000000,0.0000000000,0.0000000000
939,0.0000079950,1.0000000000,0.0000079950
2048,0.0000025439,0.0000000000,0.0000000000
4405,0.0000028669,0.3400000000,0.0000009747
1758,0.0000023420,0.0000000000,0.0000000000
1217,0.0000015344,1.0000000000,0.0000015344
3922,0.0000060972,0.4166666667,0.0000025405
1565,0.0000021804,0.5000000000,0.0000010902
565,0.0000123963,0.0000000000,0.0000000000
1674,0.0000083584,0.5000000000,0.0000041792
3456,0.0000079950,0.3125000000,0.0000024984
129,0.0000000000,0.0000000000,0.0000000000
2486,0.0000023016,0.5000000000,0.0000011508
308,0.0000000000,0.0000000000,0.0000000000
1188,0.0000038764,0.0000000000,0.0000000000
79,0.0000000000,0.0000000000,0.0000000000
2436,0.0000325452,0.5333333333,0.0000173574
1576,0.0000044417,0.2083333333,0.0000009253
467,0.0000079546,0.0000000000,0.0000000000
2824,0.0000054915,0.2619047619,0.0000014382
1008,0.0000000000,0.0000000000,0.0000000000
766,0.0000103975,0.0000000000,0.0000000000
3123,0.0000111849,0.1944444444,0.0000021748
171,0.0000000000,0.0000000000,0.0000000000
1518,0.0000184127,0.2500000000,0.0000046032
1055,0.0000000000,0.0000000000,0.0000000000
3412,0.0000022208,0.7500000000,0.0000016656
2164,0.0000014738,0.0000000000,0.0000000000
1715,0.0000018305,0.0000000000,0.0000000000
606,0.0000000000,0.0000000000,0.0000000000
2177,0.0000138903,0.2500000000,0.0000034726
1068,0.0000000000,0.0000000000,0.0000000000
3425,0.0000000404,0.0000000000,0.0000000000
2061,0.0000003230,0.0000000000,0.0000000000
952,0.0000159900,0.1250000000,0.0000019987
780,0.0000000000,0.0000000000,0.0000000000
753,0.0000000000,0.0000000000,0.0000000000
1862,0.0000000000,0.0000000000,0.0000000000
1053,0.0000085199,0.0000000000,0.0000000000
3410,0.0000121674,0.2222222222,0.0000027039
917,0.0000000000,0.0000000000,0.0000000000
358,0.0000000000,0.0000000000,0.0000000000
2023,0.0000010095,0.0000000000,0.0000000000
4380,0.0000162120,0.3142857143,0.0000050952
860,0.0000012315,0.0000000000,0.0000000000
666,0.0000000000,0.0000000000,0.0000000000
2884,0.0000295572,0.4166666667,0.0000123155
527,0.0000000000,0.0000000000,0.0000000000
1344,0.0000000000,0.0000000000,0.0000000000
1529,0.0000024227,0.5000000000,0.0000012114
2065,0.0000012517,0.0000000000,0.0000000000
956,0.0000006057,0.0000000000,0.0000000000
3313,0.0000046637,0.2500000000,0.0000011659
1021,0.0000073489,1.0000000000,0.0000073489
2130,0.0000121136,0.1250000000,0.0000015142
398,0.0000000000,0.0000000000,0.0000000000
1795,0.0000000000,0.0000000000,0.0000000000
337,0.0000000000,0.0000000000,0.0000000000
2694,0.0000086410,0.3809523810,0.0000032918
1038,0.0000000000,0.0000000000,0.0000000000
2249,0.0000000000,0.0000000000,0.0000000000
31,0.0000000000,0.0000000000,0.0000000000
254,0.0000000000,0.0000000000,0.0000000000
1528,0.0000018776,0.0000000000,0.0000000000
660,0.0000035129,0.5000000000,0.0000017565
1769,0.0000000000,0.0000000000,0.0000000000
4126,0.0000083988,0.1388888889,0.0000011665
644,0.0000000000,0.0000000000,0.0000000000
3001,0.0000105590,0.3690476190,0.0000038968
1753,0.0000000000,0.0000000000,0.0000000000
1872,0.0000040177,0.3333333333,0.0000013392
763,0.0000002423,1.0000000000,0.0000002423
120,0.0000000000,0.0000000000,0.0000000000
2477,0.0000019382,0.5000000000,0.0000009691
2226,0.0000038898,1.0000000000,0.0000038898
1850,0.0000000000,0.0000000000,0.0000000000
19,0.0000000000,0.0000000000,0.0000000000
2376,0.0000083584,0.3750000000,0.0000031344
701,0.0000019382,0.0000000000,0.0000000000
572,0.0000041186,1.0000000000,0.0000041186
2804,0.0000560591,0.2592592593,0.0000145338
447,0.0000084795,1.0000000000,0.0000084795
2790,0.0000113262,0.6250000000,0.0000070789
433,0.0000000000,0.0000000000,0.0000000000
2064,0.0000000000,0.0000000000,0.0000000000
1773,0.0000016151,0.5000000000,0.0000008076
1602,0.0000043407,0.2500000000,0.0000010852
1359,0.0000050877,1.0000000000,0.0000050877
674,0.0000000000,0.0000000000,0.0000000000
155,0.0000000000,0.0000000000,0.0000000000
2512,0.0000111041,0.0833333333,0.0000009253
587,0.0000000000,0.0000000000,0.0000000000
498,0.0000000000,0.0000000000,0.0000000000
2855,0.0000066625,0.3750000000,0.0000024984
1328,0.0000000000,0.0000000000,0.0000000000
98,0.0000000000,0.0000000000,0.0000000000
2455,0.0000177868,0.3958333333,0.0000070406
979,0.0000000000,0.0000000000,0.0000000000
1824,0.0000000000,0.0000000000,0.0000000000
649,0.0000000000,0.0000000000,0.0000000000
3006,0.0000012921,0.8333333333,0.0000010768
109,0.0000000000,0.0000000000,0.0000000000
2466,0.0000038764,0.3333333333,0.0000012921
16,0.0000000000,0.0000000000,0.0000000000
1860,0.0000012114,0.5000000000,0.0000006057
1914,0.0000000000,0.0000000000,0.0000000000
1982,0.0000120127,0.6250000000,0.0000075079
954,0.0000019786,1.0000000000,0.0000019786
1785,0.0000012921,0.0000000000,0.0000000000
1777,0.0000210373,0.6666666667,0.0000140249
1148,0.0000427610,0.3750000000,0.0000160354
3392,0.0000046032,0.3750000000,0.0000017262
1035,0.0000018574,0.0000000000,0.0000000000
1619,0.0000058549,0.6666666667,0.0000039033
2849,0.0000185338,0.3015873016,0.0000055896
492,0.0000000000,0.0000000000,0.0000000000
1435,0.0000069048,0.0000000000,0.0000000000
3792,0.0000018574,0.2500000000,0.0000004644
909,0.0000000000,0.0000000000,0.0000000000
3266,0.0000034322,0.2083333333,0.0000007150
1648,0.0000016959,0.5000000000,0.0000008480
1058,0.0000050877,0.0000000000,0.0000000000
743,0.0000000000,0.0000000000,0.0000000000
3100,0.0000003634,0.0000000000,0.0000000000
1598,0.0000046637,0.0000000000,0.0000000000
3955,0.0000094890,0.7500000000,0.0000071167
1280,0.0000014133,0.0000000000,0.0000000000
2097,0.0000029073,0.0000000000,0.0000000000
1403,0.0000000000,0.0000000000,0.0000000000
3760,0.0000069855,0.3000000000,0.0000020957
221,0.0000017363,0.0000000000,0.0000000000
2578,0.0000190184,0.3666666667,0.0000069734
641,0.0000039167,0.0000000000,0.0000000000
2311,0.0000034524,0.4444444444,0.0000015344
1445,0.0000038764,0.6666666667,0.0000025842
755,0.0000028265,0.5000000000,0.0000014133
319,0.0000000000,0.0000000000,0.0000000000
2005,0.0000143748,0.5833333333,0.0000083853
1800,0.0000055723,0.2500000000,0.0000013931
1742,0.0000174638,0.1250000000,0.0000021830
668,0.0000014536,0.0000000000,0.0000000000
3645,0.0000040379,0.2916666667,0.0000011777
1288,0.0000012114,0.5000000000,0.0000006057
3600,0.0000212190,0.2156462585,0.0000045758
1243,0.0000010095,0.0000000000,0.0000000000
2359,0.0000015344,1.0000000000,0.0000015344
1873,0.0000078133,0.3333333333,0.0000026044
1456,0.0000000000,0.0000000000,0.0000000000
889,0.0000000000,0.0000000000,0.0000000000
187,0.0000054107,0.0000000000,0.0000000000
1131,0.0000016353,1.0000000000,0.0000016353
911,0.0000000000,0.0000000000,0.0000000000
2718,0.0000233994,0.2333333333,0.0000054599
361,0.0000009287,0.0000000000,0.0000000000
2312,0.0000102562,0.6250000000,0.0000064101
4194,0.0000041994,0.2142857143,0.0000008999
4061,0.0000378752,0.4107142857,0.0000155559
3446,0.0000070259,0.4166666667,0.0000029275
1089,0.0000116492,0.4166666667,0.0000048539
3431,0.0000087824,0.4166666667,0.0000036593
1074,0.0000010498,0.0000000000,0.0000000000
71,0.0000000000,0.0000000000,0.0000000000
2428,0.0000053300,0.5833333333,0.0000031092
45,0.0000000000,0.0000000000,0.0000000000
964,0.0000000000,0.0000000000,0.0000000000
3321,0.0000053704,0.7500000000,0.0000040278
737,0.0000012517,0.0000000000,0.0000000000
3094,0.0000041186,0.5333333333,0.0000021966
517,0.0000042801,0.0000000000,0.0000000000
412,0.0000069048,0.0000000000,0.0000000000
362,0.0000056530,0.0000000000,0.0000000000
2719,0.0000000000,0.0000000000,0.0000000000
899,0.0000000000,0.0000000000,0.0000000000
3256,0.0000084190,0.3888888889,0.0000032740
1341,0.0000000000,0.0000000000,0.0000000000
1240,0.0000049868,0.6666666667,0.0000033245
1047,0.0000134865,0.5000000000,0.0000067432
1086,0.0000000000,0.0000000000,0.0000000000
1407,0.0000064202,0.5000000000,0.0000032101
825,0.0000000000,0.0000000000,0.0000000000
479,0.0000027659,0.0000000000,0.0000000000
2836,0.0000019382,0.2500000000,0.0000004845
3059,0.0000042196,0.2400000000,0.0000010127
681,0.0000017767,1.0000000000,0.0000017767
597,0.0000023823,0.5000000000,0.0000011912
2036,0.0000000000,0.0000000000,0.0000000000
387,0.0000010700,0.0000000000,0.0000000000
2314,0.0000013325,0.0000000000,0.0000000000
1227,0.0000000000,0.0000000000,0.0000000000
2152,0.0000000000,0.0000000000,0.0000000000
1134,0.0000024227,0.0000000000,0.0000000000
903,0.0000029275,1.0000000000,0.0000029275
3260,0.0000010498,0.1111111111,0.0000001166
4551,0.0000060972,0.4900000000,0.0000029876
2194,0.0000036946,0.5000000000,0.0000018473
3096,0.0000018978,0.3333333333,0.0000006326
739,0.0000028669,0.0000000000,0.0000000000
2796,0.0000021199,0.5000000000,0.0000010599
439,0.0000000000,0.0000000000,0.0000000000
1699,0.0000006057,0.0000000000,0.0000000000
367,0.0000000000,0.0000000000,0.0000000000
100,0.0000000000,0.0000000000,0.0000000000
2457,0.0000031226,0.1944444444,0.0000006072
1425,0.0000092063,0.5000000000,0.0000046032
2021,0.0000000000,0.0000000000,0.0000000000
4713,0.0000059760,0.3111111111,0.0000018592
2356,0.0000110705,0.7500000000,0.0000083029
3700,0.0000007470,0.5000000000,0.0000003735
1343,0.0000000000,0.0000000000,0.0000000000
3077,0.0000003634,0.0000000000,0.0000000000
720,0.0000045628,0.2500000000,0.0000011407
2306,0.0000001615,0.0000000000,0.0000000000
642,0.0000000000,0.0000000000,0.0000000000
293,0.0000000000,0.0000000000,0.0000000000
483,0.0000117502,1.0000000000,0.0000117502
2840,0.0000014536,0.5000000000,0.0000007268
233,0.0000067836,0.0000000000,0.0000000000
2590,0.0000009691,0.6250000000,0.0000006057
106,0.0000000000,0.0000000000,0.0000000000
2463,0.0000136884,0.2500000000,0.0000034221
633,0.0000270941,1.0000000000,0.0000270941
282,0.0000000000,0.0000000000,0.0000000000
2639,0.0000033918,0.2500000000,0.0000008480
130,0.0000048858,0.0000000000,0.0000000000
403,0.0000000000,0.0000000000,0.0000000000
105,0.0000000000,0.0000000000,0.0000000000
2462,0.0000017767,0.6666666667,0.0000011844
1057,0.0000035735,0.0000000000,0.0000000000
1654,0.0000000000,0.0000000000,0.0000000000
4011,0.0000325048,0.3666666667,0.0000119184
1139,0.0000206335,0.2500000000,0.0000051584
68,0.0000000000,0.0000000000,0.0000000000
484,0.0000022612,0.0000000000,0.0000000000
190,0.0000000000,0.0000000000,0.0000000000
630,0.0000066221,1.0000000000,0.0000066221
785,0.0000181300,0.0000000000,0.0000000000
1176,0.0000049262,1.0000000000,0.0000049262
1537,0.0000143546,0.5833333333,0.0000083735
1718,0.0000127395,0.5000000000,0.0000063697
283,0.0000067029,0.0000000000,0.0000000000
1617,0.0000030284,1.0000000000,0.0000030284
3974,0.0000086612,0.4351851852,0.0000037692
960,0.0000020189,0.0000000000,0.0000000000
3317,0.0000054646,0.6666666667,0.0000036431
2063,0.0000214007,0.5000000000,0.0000107003
937,0.0000047243,0.5000000000,0.0000023622
3294,0.0000000000,0.0000000000,0.0000000000
1365,0.0000182108,1.0000000000,0.0000182108
2551,0.0000121540,0.2500000000,0.0000030385
194,0.0000000000,0.0000000000,0.0000000000
2270,0.0000021401,0.5000000000,0.0000010700
1666,0.0000055723,1.0000000000,0.0000055723
2358,0.0000188972,0.6666666667,0.0000125981
1,0.0000000000,0.0000000000,0.0000000000
1548,0.0000157881,0.5000000000,0.0000078940
1480,0.0000000000,0.0000000000,0.0000000000
550,0.0000000000,0.0000000000,0.0000000000
2907,0.0000004845,0.5000000000,0.0000002423
332,0.0000000000,0.0000000000,0.0000000000
2689,0.0000008480,0.3333333333,0.0000002827
1465,0.0000000000,0.0000000000,0.0000000000
962,0.0000007268,0.0000000000,0.0000000000
3319,0.0000060568,0.4722222222,0.0000028602
851,0.0000008278,0.0000000000,0.0000000000
3970,0.0000007268,0.2500000000,0.0000001817
3934,0.0000095697,0.3333333333,0.0000031899
347,0.0000069048,0.0000000000,0.0000000000
1093,0.0000163332,0.3333333333,0.0000054444
3450,0.0000347660,0.6394557823,0.0000222313
1223,0.0000187155,0.3333333333,0.0000062385
320,0.0000000000,0.0000000000,0.0000000000
2677,0.0000008076,0.3333333333,0.0000002692
1406,0.0000178676,0.2500000000,0.0000044669
3763,0.0000103369,0.1666666667,0.0000017228
1045,0.0000000000,0.0000000000,0.0000000000
1951,0.0000016959,1.0000000000,0.0000016959
359,0.0000000000,0.0000000000,0.0000000000
232,0.0000000000,0.0000000000,0.0000000000
2224,0.0000125174,0.1250000000,0.0000015647
1321,0.0000000000,0.0000000000,0.0000000000
3429,0.0000012114,0.5000000000,0.0000006057
1072,0.0000000000,0.0000000000,0.0000000000
3351,0.0000129414,0.1250000000,0.0000016177
2886,0.0000054511,0.2500000000,0.0000013628
529,0.0000000000,0.0000000000,0.0000000000
2253,0.0000003230,0.0000000000,0.0000000000
3515,0.0000016151,0.4166666667,0.0000006730
1187,0.0000014536,1.0000000000,0.0000014536
2183,0.0000031495,1.0000000000,0.0000031495
1511,0.0000020593,0.5000000000,0.0000010297
736,0.0000000000,0.0000000000,0.0000000000
2237,0.0000029880,0.2500000000,0.0000007470
1065,0.0000016151,0.0000000000,0.0000000000
428,0.0000010095,0.0000000000,0.0000000000
3783,0.0000009287,0.1666666667,0.0000001548
1426,0.0000016959,1.0000000000,0.0000016959
408,0.0000043003,0.0000000000,0.0000000000
670,0.0000080757,1.0000000000,0.0000080757
1843,0.0000078940,0.7500000000,0.0000059205
1007,0.0000092871,0.5000000000,0.0000046435
3364,0.0000003634,0.5000000000,0.0000001817
988,0.0000000000,0.0000000000,0.0000000000
3345,0.0000037552,0.7500000000,0.0000028164
1934,0.0000119319,0.5000000000,0.0000059659
53,0.0000000000,0.0000000000,0.0000000000
2410,0.0000000000,0.0000000000,0.0000000000
758,0.0000005249,0.0000000000,0.0000000000
659,0.0000077931,0.0000000000,0.0000000000
502,0.0000000000,0.0000000000,0.0000000000
1803,0.0000005653,0.0000000000,0.0000000000
1708,0.0000021804,0.6666666667,0.0000014536
1680,0.0000067836,0.5000000000,0.0000033918
2956,0.0000054915,1.0000000000,0.0000054915
599,0.0000000000,0.0000000000,0.0000000000
508,0.0000023016,0.0000000000,0.0000000000
2865,0.0000065817,0.1777777778,0.0000011701
3430,0.0000025439,1.0000000000,0.0000025439
1073,0.0000047041,0.5000000000,0.0000023521
1908,0.0000000000,0.0000000000,0.0000000000
832,0.0000000000,0.0000000000,0.0000000000
4536,0.0000017363,0.2083333333,0.0000003617
2179,0.0000002423,0.0000000000,0.0000000000
1066,0.0000000000,0.0000000000,0.0000000000
1975,0.0000000000,0.0000000000,0.0000000000
1461,0.0000088429,1.0000000000,0.0000088429
941,0.0000000000,0.0000000000,0.0000000000
1163,0.0000049666,0.0000000000,0.0000000000
2020,0.0000044013,0.0000000000,0.0000000000
2014,0.0000124770,0.1666666667,0.0000020795
966,0.0000000000,0.0000000000,0.0000000000
672,0.0000000000,0.0000000000,0.0000000000
603,0.0000009691,0.0000000000,0.0000000000
1712,0.0000070259,0.7500000000,0.0000052694
1694,0.0000024631,1.0000000000,0.0000024631
2117,0.0000349679,0.3095238095,0.0000108234
2222,0.0000000000,0.0000000000,0.0000000000
1027,0.0000008883,1.0000000000,0.0000008883
2444,0.0000312329,0.0357142857,0.0000011155
87,0.0000000000,0.0000000000,0.0000000000
2348,0.0000008076,0.3333333333,0.0000002692
1808,0.0000003634,0.0000000000,0.0000000000
36,0.0000000000,0.0000000000,0.0000000000
936,0.0000000000,0.0000000000,0.0000000000
1284,0.0000000000,0.0000000000,0.0000000000
806,0.0000000000,0.0000000000,0.0000000000
3163,0.0000087218,0.3750000000,0.0000032707
64,0.0000000000,0.0000000000,0.0000000000
968,0.0000000000,0.0000000000,0.0000000000
464,0.0000000000,0.0000000000,0.0000000000
2821,0.0000030688,0.0833333333,0.0000002557
3073,0.0000060770,0.3750000000,0.0000022789
716,0.0000040177,1.0000000000,0.0000040177
1462,0.0000050473,0.3333333333,0.0000016824
2077,0.0000050473,0.1666666667,0.0000008412
4434,0.0000073624,0.2555555556,0.0000018815
1820,0.0000005047,0.0000000000,0.0000000000
1737,0.0000015748,0.0000000000,0.0000000000
1423,0.0000023016,0.0000000000,0.0000000000
1408,0.0000000000,0.0000000000,0.0000000000
891,0.0000000000,0.0000000000,0.0000000000
626,0.0000028467,0.0000000000,0.0000000000
3144,0.0000049060,0.2916666667,0.0000014309
787,0.0000008883,1.0000000000,0.0000008883
2102,0.0000000000,0.0000000000,0.0000000000
2248,0.0000000000,0.0000000000,0.0000000000
2178,0.0000321818,0.2222222222,0.0000071515
1062,0.0000000000,0.0000000000,0.0000000000
1472,0.0000116291,0.5714285714,0.0000066452
985,0.0000023823,0.5000000000,0.0000011912
356,0.0000060568,1.0000000000,0.0000060568
249,0.0000000000,0.0000000000,0.0000000000
2175,0.0000028871,0.1250000000,0.0000003609
1866,0.0000100947,0.3333333333,0.0000033649
906,0.0000000000,0.0000000000,0.0000000000
397,0.0000000000,0.0000000000,0.0000000000
2754,0.0000000808,0.0000000000,0.0000000000
2112,0.0000037148,1.0000000000,0.0000037148
99,0.0000000000,0.0000000000,0.0000000000
1299,0.0000083651,0.0000000000,0.0000000000
989,0.0000000000,0.0000000000,0.0000000000
365,0.0000021804,0.0000000000,0.0000000000
2722,0.0000403989,0.3750000000,0.0000151496
3377,0.0000104783,0.1166666667,0.0000012225
1020,0.0000025439,0.0000000000,0.0000000000
2327,0.0000024631,1.0000000000,0.0000024631
1048,0.0000008883,0.0000000000,0.0000000000
239,0.0000000000,0.0000000000,0.0000000000
2596,0.0000212997,0.3333333333,0.0000070999
608,0.0000059357,0.5000000000,0.0000029678
368,0.0000000000,0.0000000000,0.0000000000
2725,0.0000137489,0.2222222222,0.0000030553
2866,0.0000005653,0.0000000000,0.0000000000
1507,0.0000000000,0.0000000000,0.0000000000
2254,0.0000010095,0.5000000000,0.0000005047
3649,0.0000125780,0.4400000000,0.0000055343
3283,0.0000025439,0.6250000000,0.0000015899
1446,0.0000000000,0.0000000000,0.0000000000
3257,0.0000038764,0.4000000000,0.0000015505
900,0.0000098928,0.2500000000,0.0000024732
722,0.0000000000,0.0000000000,0.0000000000
1120,0.0000123963,0.2500000000,0.0000030991
1493,0.0000192606,0.3750000000,0.0000072227
1242,0.0000307484,0.5000000000,0.0000153742
3599,0.0000064606,0.1833333333,0.0000011844
2089,0.0000487976,0.3750000000,0.0000182991
1971,0.0000015748,0.0000000000,0.0000000000
1351,0.0000037956,0.5000000000,0.0000018978
1005,0.0000000000,0.0000000000,0.0000000000
462,0.0000012921,0.0000000000,0.0000000000
2819,0.0000064000,0.3472222222,0.0000022222
504,0.0000187155,0.5000000000,0.0000093578
1368,0.0000077527,0.0000000000,0.0000000000
3725,0.0000008076,0.2500000000,0.0000002019
2257,0.0000220266,0.6000000000,0.0000132159
2242,0.0000132442,0.1666666667,0.0000022074
1998,0.0000044417,0.5000000000,0.0000022208
3916,0.0000016151,0.2666666667,0.0000004307
1559,0.0000006461,1.0000000000,0.0000006461
3226,0.0000077123,0.3333333333,0.0000025708
869,0.0000000000,0.0000000000,0.0000000000
1182,0.0000151824,0.1250000000,0.0000018978
2110,0.0000095294,0.4166666667,0.0000039706
1610,0.0000009287,0.0000000000,0.0000000000
2338,0.0000010498,1.0000000000,0.0000010498
1766,0.0000032303,0.3333333333,0.0000010768
1845,0.0000044820,0.5000000000,0.0000022410
1683,0.0000144556,0.1666666667,0.0000024093
3228,0.0000014133,1.0000000000,0.0000014133
871,0.0000086680,0.5000000000,0.0000043340
2708,0.0000071066,0.3333333333,0.0000023689
351,0.0000000000,0.0000000000,0.0000000000
914,0.0000074297,0.5000000000,0.0000037148
2045,0.0000034322,0.2500000000,0.0000008580
3369,0.0000069855,0.5066666667,0.0000035393
924,0.0000000000,0.0000000000,0.0000000000
3165,0.0000012114,0.3333333333,0.0000004038
808,0.0000010095,0.0000000000,0.0000000000
1017,0.0000026650,0.5000000000,0.0000013325
2099,0.0000018776,1.0000000000,0.0000018776
1123,0.0000000000,0.0000000000,0.0000000000
1432,0.0000000000,0.0000000000,0.0000000000
3789,0.0000127395,0.5333333333,0.0000067944
2212,0.0000060568,0.5000000000,0.0000030284
1170,0.0000038494,0.3333333333,0.0000012831
3527,0.0000162120,0.5333333333,0.0000086464
50,0.0000000000,0.0000000000,0.0000000000
2407,0.0000124703,0.2083333333,0.0000025980
3824,0.0000007268,1.0000000000,0.0000007268
1467,0.0000030688,0.5000000000,0.0000015344
2320,0.0000017565,0.5000000000,0.0000008782
1757,0.0000005249,0.0000000000,0.0000000000
2285,0.0000033514,0.4444444444,0.0000014895
1791,0.0000058482,0.1666666667,0.0000009747
441,0.0000000000,0.0000000000,0.0000000000
2798,0.0000057338,0.1250000000,0.0000007167
4578,0.0000012921,0.6250000000,0.0000008076
2221,0.0000114272,1.0000000000,0.0000114272
1620,0.0000068846,0.5000000000,0.0000034423
260,0.0000000000,0.0000000000,0.0000000000
2617,0.0000020189,0.1666666667,0.0000003365
223,0.0000000000,0.0000000000,0.0000000000
147,0.0000000000,0.0000000000,0.0000000000
2504,0.0000017767,1.0000000000,0.0000017767
2143,0.0000138297,0.5000000000,0.0000069148
489,0.0000000000,0.0000000000,0.0000000000
1880,0.0000010498,0.0000000000,0.0000000000
1761,0.0000212930,0.2500000000,0.0000053233
836,0.0000104177,0.0000000000,0.0000000000
3193,0.0000062587,0.2500000000,0.0000015647
628,0.0000046032,0.0000000000,0.0000000000
2985,0.0000365831,0.1958333333,0.0000071642
499,0.0000000000,0.0000000000,0.0000000000
2856,0.0000014536,0.2500000000,0.0000003634
974,0.0000000000,0.0000000000,0.0000000000
217,0.0000000000,0.0000000000,0.0000000000
2574,0.0000037956,0.4166666667,0.0000015815
490,0.0000000000,0.0000000000,0.0000000000
2627,0.0000441137,0.2500000000,0.0000110284
1009,0.0000092669,0.5000000000,0.0000046335
554,0.0000000000,0.0000000000,0.0000000000
2181,0.0000000000,0.0000000000,0.0000000000
1194,0.0000016151,0.0000000000,0.0000000000
714,0.0000000000,0.0000000000,0.0000000000
607,0.0000000000,0.0000000000,0.0000000000
272,0.0000058549,0.0000000000,0.0000000000
1698,0.0000020997,0.0000000000,0.0000000000
1429,0.0000000000,0.0000000000,0.0000000000
3786,0.0000030486,0.3333333333,0.0000010162
555,0.0000031293,1.0000000000,0.0000031293
2912,0.0000146978,0.0500000000,0.0000007349
2218,0.0000008883,0.0000000000,0.0000000000
1962,0.0000038360,0.1666666667,0.0000006393
888,0.0000035735,0.5000000000,0.0000017868
3046,0.0000068846,0.5000000000,0.0000034423
689,0.0000000000,0.0000000000,0.0000000000
2267,0.0000000000,0.0000000000,0.0000000000
984,0.0000013325,0.5000000000,0.0000006662
334,0.0000017363,0.5000000000,0.0000008681
2691,0.0000421351,0.3166666667,0.0000133428
1656,0.0000015344,0.0000000000,0.0000000000
3150,0.0000063596,0.3214285714,0.0000020442
793,0.0000042330,0.5000000000,0.0000021165
388,0.0000052088,1.0000000000,0.0000052088
345,0.0000000000,0.0000000000,0.0000000000
1659,0.0000115079,0.2500000000,0.0000028770
946,0.0000000000,0.0000000000,0.0000000000
1990,0.0000018574,1.0000000000,0.0000018574
1290,0.0000050877,1.0000000000,0.0000050877
2031,0.0000084391,0.5000000000,0.0000042196
1950,0.0000020189,0.0000000000,0.0000000000
2156,0.0000212796,0.2500000000,0.0000053199
2709,0.0000151622,0.6666666667,0.0000101081
602,0.0000027457,0.0000000000,0.0000000000
2959,0.0000019382,0.7500000000,0.0000014536
248,0.0000000000,0.0000000000,0.0000000000
2605,0.0000011710,1.0000000000,0.0000011710
3541,0.0000058549,0.4500000000,0.0000026347
1184,0.0000000000,0.0000000000,0.0000000000
3530,0.0000156064,0.4000000000,0.0000062425
1173,0.0000028669,1.0000000000,0.0000028669
443,0.0000000000,0.0000000000,0.0000000000
1398,0.0000070461,0.1666666667,0.0000011743
750,0.0000058953,1.0000000000,0.0000058953
1119,0.0000010095,0.0000000000,0.0000000000
2153,0.0000014133,0.5000000000,0.0000007066
1993,0.0000112051,0.6666666667,0.0000074701
1596,0.0000012114,0.5000000000,0.0000006057
977,0.0000000000,0.0000000000,0.0000000000
3522,0.0000051887,0.2500000000,0.0000012972
2265,0.0000018978,0.3000000000,0.0000005693
2170,0.0000004845,1.0000000000,0.0000004845
1898,0.0000007268,0.0000000000,0.0000000000
4630,0.0000036341,0.5111111111,0.0000018574
302,0.0000000000,0.0000000000,0.0000000000
531,0.0000000000,0.0000000000,0.0000000000
1614,0.0000065817,0.0000000000,0.0000000000
595,0.0000027054,0.0000000000,0.0000000000
1688,0.0000253174,0.6111111111,0.0000154718
788,0.0000000000,0.0000000000,0.0000000000
583,0.0000072076,1.0000000000,0.0000072076
2003,0.0000459509,0.3888888889,0.0000178698
1553,0.0000063395,0.5000000000,0.0000031697
813,0.0000042801,0.0000000000,0.0000000000
1091,0.0000152026,0.7500000000,0.0000114019
1041,0.0000000000,0.0000000000,0.0000000000
188,0.0000000000,0.0000000000,0.0000000000
2294,0.0000250146,0.6111111111,0.0000152867
2094,0.0000041792,0.5000000000,0.0000020896
1691,0.0000235610,0.5000000000,0.0000117805
2584,0.0000271748,0.3166666667,0.0000086054
227,0.0000008480,0.0000000000,0.0000000000
1754,0.0000247117,0.3833333333,0.0000094728
75,0.0000000000,0.0000000000,0.0000000000
1366,0.0000017767,0.0000000000,0.0000000000
815,0.0000014940,0.0000000000,0.0000000000
386,0.0000008076,0.0000000000,0.0000000000
933,0.0000000000,0.0000000000,0.0000000000
207,0.0000000000,0.0000000000,0.0000000000
2564,0.0000092871,0.5833333333,0.0000054175
277,0.0000017767,0.0000000000,0.0000000000
2299,0.0000026246,1.0000000000,0.0000026246
2296,0.0000112253,0.3888888889,0.0000043654
1664,0.0000000000,0.0000000000,0.0000000000
1543,0.0000043609,0.7500000000,0.0000032707
809,0.0000000000,0.0000000000,0.0000000000
10,0.0000000000,0.0000000000,0.0000000000
950,0.0000083180,0.0000000000,0.0000000000
3307,0.0000019382,0.5000000000,0.0000009691
884,0.0000073489,0.0000000000,0.0000000000
3459,0.0000163197,0.4166666667,0.0000067999
881,0.0000014133,0.0000000000,0.0000000000
751,0.0000000000,0.0000000000,0.0000000000
1310,0.0000067836,0.2500000000,0.0000016959
1221,0.0000237830,0.5000000000,0.0000118915
3929,0.0000025439,0.6111111111,0.0000015546
2209,0.0000035533,0.2500000000,0.0000008883
3871,0.0000116694,0.3685714286,0.0000043010
3424,0.0000031495,0.5666666667,0.0000017847
1067,0.0000000000,0.0000000000,0.0000000000
2044,0.0000036139,0.5000000000,0.0000018069
4428,0.0000011306,0.6666666667,0.0000007537
3874,0.0000074701,0.2166666667,0.0000016185
551,0.0000000000,0.0000000000,0.0000000000
1912,0.0000087218,0.5833333333,0.0000050877
2397,0.0000010902,1.0000000000,0.0000010902
40,0.0000000000,0.0000000000,0.0000000000
2541,0.0000039571,0.5000000000,0.0000019786
1919,0.0000033514,0.3125000000,0.0000010473
1439,0.0000000000,0.0000000000,0.0000000000
3177,0.0000012921,0.4666666667,0.0000006030
1483,0.0000000000,0.0000000000,0.0000000000
1282,0.0000000000,0.0000000000,0.0000000000
1168,0.0000040379,0.0000000000,0.0000000000
3525,0.0000003230,0.5000000000,0.0000001615
1765,0.0000000000,0.0000000000,0.0000000000
2353,0.0000000000,0.0000000000,0.0000000000
2863,0.0000404056,0.8888888889,0.0000359161
506,0.0000000000,0.0000000000,0.0000000000
1784,0.0000099130,0.1666666667,0.0000016522
855,0.0000000000,0.0000000000,0.0000000000
415,0.0000000000,0.0000000000,0.0000000000
2772,0.0000147988,0.3500000000,0.0000051796
199,0.0000000000,0.0000000000,0.0000000000
2556,0.0000046839,0.2500000000,0.0000011710
1363,0.0000405536,0.3125000000,0.0000126730
1482,0.0000082171,0.7500000000,0.0000061628
1988,0.0000115079,0.3333333333,0.0000038360
538,0.0000057338,0.0000000000,0.0000000000
1042,0.0000086074,0.2500000000,0.0000021518
3759,0.0000006461,0.0000000000,0.0000000000
1812,0.0000000000,0.0000000000,0.0000000000
1932,0.0000010902,0.0000000000,0.0000000000
1900,0.0000081161,0.1250000000,0.0000010145
1645,0.0000184127,0.3125000000,0.0000057540
1210,0.0000000000,0.0000000000,0.0000000000
1844,0.0000066827,0.5000000000,0.0000033413
2002,0.0000151824,0.1875000000,0.0000028467
1136,0.0000022612,0.6666666667,0.0000015075
3493,0.0000058347,0.4166666667,0.0000024311
1460,0.0000005653,0.0000000000,0.0000000000
3817,0.0000070663,0.1875000000,0.0000013249
1114,0.0000023016,0.0000000000,0.0000000000
1125,0.0000058145,0.5000000000,0.0000029073
853,0.0000011710,1.0000000000,0.0000011710
3984,0.0000282987,0.4027777778,0.0000113981
2100,0.0000046637,0.7500000000,0.0000034978
847,0.0000003634,0.0000000000,0.0000000000
2022,0.0000056530,0.1250000000,0.0000007066
1816,0.0000011306,0.0000000000,0.0000000000
4173,0.0000086814,0.1958333333,0.0000017001
3146,0.0000029880,1.0000000000,0.0000029880
1892,0.0000003634,0.0000000000,0.0000000000
874,0.0000023218,0.0000000000,0.0000000000
3231,0.0000002423,0.3333333333,0.0000000808
1797,0.0000024631,0.1111111111,0.0000002737
615,0.0000000000,0.0000000000,0.0000000000
423,0.0000005249,0.0000000000,0.0000000000
4646,0.0000356342,0.1404761905,0.0000050058
2920,0.0000010095,0.6666666667,0.0000006730
563,0.0000000000,0.0000000000,0.0000000000
1831,0.0000000000,0.0000000000,0.0000000000
2030,0.0000006461,0.0000000000,0.0000000000
1434,0.0000017565,0.0000000000,0.0000000000
246,0.0000000000,0.0000000000,0.0000000000
2603,0.0000020997,1.0000000000,0.0000020997
176,0.0000000000,0.0000000000,0.0000000000
2533,0.0000028467,0.6250000000,0.0000017792
242,0.0000000000,0.0000000000,0.0000000000
2204,0.0000029880,0.6666666667,0.0000019920
539,0.0000013729,0.0000000000,0.0000000000
1530,0.0000010902,0.0000000000,0.0000000000
1379,0.0000058953,0.2500000000,0.0000014738
3139,0.0000055723,0.7500000000,0.0000041792
1157,0.0000054915,0.7500000000,0.0000041186
34,0.0000000000,0.0000000000,0.0000000000
250,0.0000000000,0.0000000000,0.0000000000
2380,0.0000012921,0.1666666667,0.0000002154
23,0.0000000000,0.0000000000,0.0000000000
1352,0.0000000000,0.0000000000,0.0000000000
1033,0.0000000000,0.0000000000,0.0000000000
2917,0.0000052492,0.7777777778,0.0000040827
560,0.0000002019,0.0000000000,0.0000000000
1141,0.0000000000,0.0000000000,0.0000000000
2915,0.0000034726,0.3750000000,0.0000013022
558,0.0000000000,0.0000000000,0.0000000000
2904,0.0000018776,0.1666666667,0.0000003129
547,0.0000019786,0.0000000000,0.0000000000
2509,0.0000020997,0.0000000000,0.0000000000
152,0.0000000000,0.0000000000,0.0000000000
1539,0.0000023823,0.0000000000,0.0000000000
1375,0.0000044417,0.5000000000,0.0000022208
3732,0.0000124770,0.6250000000,0.0000077981
2807,0.0000038360,0.4444444444,0.0000017049
1811,0.0000063798,0.7500000000,0.0000047849
2879,0.0000071066,0.4166666667,0.0000029611
522,0.0000005653,0.0000000000,0.0000000000
2876,0.0000000000,0.0000000000,0.0000000000
1890,0.0000014536,0.0000000000,0.0000000000
237,0.0000000000,0.0000000000,0.0000000000
1195,0.0000010498,0.0000000000,0.0000000000
452,0.0000000000,0.0000000000,0.0000000000
177,0.0000000000,0.0000000000,0.0000000000
2565,0.0000003230,0.0000000000,0.0000000000
208,0.0000024362,1.0000000000,0.0000024362
1392,0.0000000000,0.0000000000,0.0000000000
2150,0.0000016959,0.0000000000,0.0000000000
4507,0.0000003230,0.2500000000,0.0000000808
1390,0.0000026044,0.0000000000,0.0000000000
3747,0.0000008681,0.5000000000,0.0000004341
1362,0.0000055319,0.6666666667,0.0000036879
300,0.0000025842,1.0000000000,0.0000025842
167,0.0000016959,0.0000000000,0.0000000000
1036,0.0000004845,0.0000000000,0.0000000000
1564,0.0000000000,0.0000000000,0.0000000000
3768,0.0000093880,0.3900000000,0.0000036613
1906,0.0000044013,1.0000000000,0.0000044013
1580,0.0000068644,0.5000000000,0.0000034322
1264,0.0000029476,1.0000000000,0.0000029476
2346,0.0000018978,0.5000000000,0.0000009489
2274,0.0000004038,0.0000000000,0.0000000000
72,0.0000000000,0.0000000000,0.0000000000
4093,0.0000052896,0.4555555556,0.0000024097
1736,0.0000003230,0.0000000000,0.0000000000
1251,0.0000093275,0.2500000000,0.0000023319
292,0.0000017767,0.0000000000,0.0000000000
2649,0.0000033918,0.2500000000,0.0000008480
1088,0.0000107407,1.0000000000,0.0000107407
1319,0.0000233591,0.7500000000,0.0000175193
1082,0.0000015344,0.0000000000,0.0000000000
3439,0.0000004038,0.5000000000,0.0000002019
856,0.0000008883,0.0000000000,0.0000000000
3213,0.0000277401,0.3541666667,0.0000098246
1506,0.0000045628,1.0000000000,0.0000045628
1312,0.0000101754,1.0000000000,0.0000101754
481,0.0000000000,0.0000000000,0.0000000000
2838,0.0000322424,0.1944444444,0.0000062693
1006,0.0000014133,0.0000000000,0.0000000000
1339,0.0000259433,0.4000000000,0.0000103773
1685,0.0000017767,0.5000000000,0.0000008883
1931,0.0000028669,0.3333333333,0.0000009556
2670,0.0000011306,1.0000000000,0.0000011306
1509,0.0000077527,0.3750000000,0.0000029073
1265,0.0000044417,1.0000000000,0.0000044417
2056,0.0000067230,0.3750000000,0.0000025211
2255,0.0000251963,0.1666666667,0.0000041994
2121,0.0000010902,0.0000000000,0.0000000000
4478,0.0000406815,0.2571428571,0.0000104610
2037,0.0000023420,0.7500000000,0.0000017565
1322,0.0000000000,0.0000000000,0.0000000000
1923,0.0000000000,0.0000000000,0.0000000000
3354,0.0000016959,1.0000000000,0.0000016959
3279,0.0000049464,0.2777777778,0.0000013740
922,0.0000002019,0.0000000000,0.0000000000
2116,0.0000090852,0.3611111111,0.0000032808
1287,0.0000021804,0.0000000000,0.0000000000
3297,0.0000298735,0.6111111111,0.0000182560
1115,0.0000000000,0.0000000000,0.0000000000
3347,0.0000077123,0.3333333333,0.0000025708
2114,0.0000006057,0.0000000000,0.0000000000
4471,0.0000029073,0.8500000000,0.0000024712
1030,0.0000000000,0.0000000000,0.0000000000
1001,0.0000012114,0.5000000000,0.0000006057
4176,0.0000322962,0.3666666667,0.0000118419
3057,0.0000348468,0.5166666667,0.0000180042
1969,0.0000018574,0.5000000000,0.0000009287
202,0.0000009691,1.0000000000,0.0000009691
2845,0.0000052492,0.2916666667,0.0000015310
1262,0.0000039975,1.0000000000,0.0000039975
1301,0.0000037148,1.0000000000,0.0000037148
3658,0.0000014940,0.3750000000,0.0000005603
1925,0.0000125578,0.3125000000,0.0000039243
1455,0.0000060770,0.3333333333,0.0000020257
955,0.0000000000,0.0000000000,0.0000000000
792,0.0000000000,0.0000000000,0.0000000000
3149,0.0000028669,0.7500000000,0.0000021502
1979,0.0000215824,0.1458333333,0.0000031474
1333,0.0000000000,0.0000000000,0.0000000000
1920,0.0000048858,0.5000000000,0.0000024429
510,0.0000000000,0.0000000000,0.0000000000
2925,0.0000308493,0.2833333333,0.0000087406
568,0.0000000000,0.0000000000,0.0000000000
1759,0.0000017767,1.0000000000,0.0000017767
1571,0.0000022612,0.3333333333,0.0000007537
1316,0.0000000000,0.0000000000,0.0000000000
472,0.0000000000,0.0000000000,0.0000000000
3492,0.0000002423,0.0000000000,0.0000000000
2303,0.0000051685,0.6250000000,0.0000032303
2826,0.0000013325,0.3125000000,0.0000004164
707,0.0000000000,0.0000000000,0.0000000000
2619,0.0000083786,0.7500000000,0.0000062839
262,0.0000000000,0.0000000000,0.0000000000
1281,0.0000012921,0.0000000000,0.0000000000
3638,0.0000018170,0.5138888889,0.0000009338
812,0.0000060164,1.0000000000,0.0000060164
852,0.0000035937,0.0000000000,0.0000000000
768,0.0000019786,0.0000000000,0.0000000000
3125,0.0000264076,0.5555555556,0.0000146709
1085,0.0000092063,0.5000000000,0.0000046032
3442,0.0000141325,0.0833333333,0.0000011777
1409,0.0000000000,0.0000000000,0.0000000000
1678,0.0000017363,0.5000000000,0.0000008681
4035,0.0000219256,0.5833333333,0.0000127899
1767,0.0000000000,0.0000000000,0.0000000000
1575,0.0000024429,0.3333333333,0.0000008143
1024,0.0000039571,0.5000000000,0.0000019786
3054,0.0000002423,0.5000000000,0.0000001211
697,0.0000000000,0.0000000000,0.0000000000
2597,0.0000157275,0.4166666667,0.0000065531
240,0.0000000000,0.0000000000,0.0000000000
3561,0.0000000000,0.0000000000,0.0000000000
581,0.0000023016,0.5000000000,0.0000011508
1735,0.0000092063,0.2500000000,0.0000023016
3305,0.0000006864,0.8333333333,0.0000005720
948,0.0000000000,0.0000000000,0.0000000000
1719,0.0000044215,0.2500000000,0.0000011054
757,0.0000000000,0.0000000000,0.0000000000
645,0.0000027457,1.0000000000,0.0000027457
1973,0.0000063798,0.1666666667,0.0000010633
745,0.0000029476,1.0000000000,0.0000029476
1625,0.0000003634,0.5000000000,0.0000001817
629,0.0000000000,0.0000000000,0.0000000000
1512,0.0000016757,0.5000000000,0.0000008379
1298,0.0000000000,0.0000000000,0.0000000000
3466,0.0000016959,0.3000000000,0.0000005088
3117,0.0000070461,0.2000000000,0.0000014092
3553,0.0000106196,0.6000000000,0.0000063718
1629,0.0000000000,0.0000000000,0.0000000000
3807,0.0000243887,0.1500000000,0.0000036583
1615,0.0000000000,0.0000000000,0.0000000000
1215,0.0000000000,0.0000000000,0.0000000000
1716,0.0000000000,0.0000000000,0.0000000000
828,0.0000012921,0.0000000000,0.0000000000
3185,0.0000018170,0.2500000000,0.0000004543
1641,0.0000096303,0.2000000000,0.0000019261
920,0.0000060972,0.5000000000,0.0000030486
1721,0.0000080354,0.2333333333,0.0000018749
1463,0.0000061174,1.0000000000,0.0000061174
3820,0.0000003230,0.3333333333,0.0000001077
1381,0.0000012114,0.0000000000,0.0000000000
119,0.0000000000,0.0000000000,0.0000000000
3109,0.0000034524,0.4444444444,0.0000015344
752,0.0000000000,0.0000000000,0.0000000000
2792,0.0000073287,0.6500000000,0.0000047637
435,0.0000000000,0.0000000000,0.0000000000
1261,0.0000000000,0.0000000000,0.0000000000
1226,0.0000004845,0.0000000000,0.0000000000
1646,0.0000003028,0.0000000000,0.0000000000
54,0.0000000000,0.0000000000,0.0000000000
2411,0.0000000000,0.0000000000,0.0000000000
680,0.0000000000,0.0000000000,0.0000000000
864,0.0000000000,0.0000000000,0.0000000000
1137,0.0000063596,0.5000000000,0.0000031798
2343,0.0000005653,0.0000000000,0.0000000000
1941,0.0000028669,0.3333333333,0.0000009556
2072,0.0000022208,1.0000000000,0.0000022208
370,0.0000000000,0.0000000000,0.0000000000
2018,0.0000014536,0.0000000000,0.0000000000
198,0.0000000000,0.0000000000,0.0000000000
1744,0.0000066019,1.0000000000,0.0000066019
1902,0.0000152228,0.3750000000,0.0000057085
734,0.0000000000,0.0000000000,0.0000000000
1153,0.0000035129,0.5000000000,0.0000017565
2138,0.0000136682,0.5312500000,0.0000072612
1949,0.0000000000,0.0000000000,0.0000000000
1185,0.0000046032,0.1666666667,0.0000007672
2946,0.0000010498,0.5000000000,0.0000005249
589,0.0000006461,0.0000000000,0.0000000000
1567,0.0000033918,0.2500000000,0.0000008480
2288,0.0000162120,0.3541666667,0.0000057418
1151,0.0000113464,0.2666666667,0.0000030257
3164,0.0000132038,0.3333333333,0.0000044013
69,0.0000002423,0.0000000000,0.0000000000
2426,0.0000025775,0.3333333333,0.0000008592
2043,0.0000032303,0.5000000000,0.0000016151
3625,0.0000016151,1.0000000000,0.0000016151
1268,0.0000105994,1.0000000000,0.0000105994
1219,0.0000093679,0.0000000000,0.0000000000
1650,0.0000127597,0.7500000000,0.0000095697
799,0.0000000000,0.0000000000,0.0000000000
2233,0.0000025035,1.0000000000,0.0000025035
2857,0.0000024631,0.5000000000,0.0000012315
500,0.0000012114,0.0000000000,0.0000000000
161,0.0000011306,0.0000000000,0.0000000000
2266,0.0000000000,0.0000000000,0.0000000000
3770,0.0000072076,0.1666666667,0.0000012013
1413,0.0000057338,1.0000000000,0.0000057338
3651,0.0000083988,0.1777777778,0.0000014931
1171,0.0000000000,0.0000000000,0.0000000000
1374,0.0000037956,0.0000000000,0.0000000000
735,0.0000000000,0.0000000000,0.0000000000
2280,0.0000123761,0.7500000000,0.0000092820
92,0.0000000000,0.0000000000,0.0000000000
2449,0.0000060232,0.7000000000,0.0000042162
770,0.0000042398,1.0000000000,0.0000042398
1551,0.0000045628,0.5000000000,0.0000022814
56,0.0000000000,0.0000000000,0.0000000000
2087,0.0000000000,0.0000000000,0.0000000000
1907,0.0000012114,1.0000000000,0.0000012114
1150,0.0000000000,0.0000000000,0.0000000000
1220,0.0000000000,0.0000000000,0.0000000000
2184,0.0000006057,0.0000000000,0.0000000000
259,0.0000000000,0.0000000000,0.0000000000
1303,0.0000025439,0.0000000000,0.0000000000
1778,0.0000012114,0.5000000000,0.0000006057
1833,0.0000261183,0.1250000000,0.0000032648
2335,0.0000073287,0.6666666667,0.0000048858
1868,0.0000018978,1.0000000000,0.0000018978
1587,0.0000006461,0.0000000000,0.0000000000
2630,0.0000004442,1.0000000000,0.0000004442
1550,0.0000016959,1.0000000000,0.0000016959
2624,0.0000000808,0.0000000000,0.0000000000
970,0.0000012921,0.0000000000,0.0000000000
1503,0.0000035129,0.5000000000,0.0000017565
2735,0.0000008883,0.5000000000,0.0000004442
2122,0.0000023016,0.5000000000,0.0000011508
2522,0.0000045628,0.2500000000,0.0000011407
3465,0.0000090044,0.2333333333,0.0000021010
1477,0.0000103571,0.5000000000,0.0000051786
1637,0.0000078133,0.0833333333,0.0000006511
2172,0.0000078133,0.4166666667,0.0000032555
1538,0.0000000000,0.0000000000,0.0000000000
3788,0.0000237628,0.5733333333,0.0000136240
1270,0.0000004845,0.0000000000,0.0000000000
1487,0.0000149805,0.5833333333,0.0000087386
1367,0.0000022612,0.5000000000,0.0000011306
894,0.0000019382,1.0000000000,0.0000019382
2128,0.0000000000,0.0000000000,0.0000000000
1504,0.0000034860,1.0000000000,0.0000034860
1681,0.0000042801,0.2916666667,0.0000012484
1670,0.0000025842,0.5000000000,0.0000012921
424,0.0000000000,0.0000000000,0.0000000000
2781,0.0000088429,0.3333333333,0.0000029476
3489,0.0000030688,0.2916666667,0.0000008951
3168,0.0000054915,0.2500000000,0.0000013729
811,0.0000000000,0.0000000000,0.0000000000
624,0.0000000000,0.0000000000,0.0000000000
3474,0.0000271345,0.4375000000,0.0000118713
1705,0.0000004038,0.0000000000,0.0000000000
1146,0.0000002827,0.0000000000,0.0000000000
935,0.0000014536,1.0000000000,0.0000014536
2052,0.0000003230,0.0000000000,0.0000000000
1145,0.0000009287,0.0000000000,0.0000000000
893,0.0000025842,1.0000000000,0.0000025842
1689,0.0000040782,0.7500000000,0.0000030587
715,0.0000000000,0.0000000000,0.0000000000
2154,0.0000056934,0.1250000000,0.0000007117
844,0.0000003230,0.0000000000,0.0000000000
532,0.0000000000,0.0000000000,0.0000000000
669,0.0000025842,0.0000000000,0.0000000000
1585,0.0000049666,0.3750000000,0.0000018625
2363,0.0000001615,0.0000000000,0.0000000000
1734,0.0000000000,0.0000000000,0.0000000000
3958,0.0000014536,0.4000000000,0.0000005815
1788,0.0000122145,0.6666666667,0.0000081430
3015,0.0000041186,0.3333333333,0.0000013729
1458,0.0000016151,0.0000000000,0.0000000000
3501,0.0000008076,0.7500000000,0.0000006057
1144,0.0000055117,1.0000000000,0.0000055117
2159,0.0000029880,0.2500000000,0.0000007470
132,0.0000000000,0.0000000000,0.0000000000
2198,0.0000005249,0.0000000000,0.0000000000
3707,0.0000002827,0.7500000000,0.0000002120
1061,0.0000015748,1.0000000000,0.0000015748
1644,0.0000023420,1.0000000000,0.0000023420
200,0.0000000000,0.0000000000,0.0000000000
916,0.0000004038,0.0000000000,0.0000000000
1004,0.0000012517,0.0000000000,0.0000000000
1244,0.0000011306,0.0000000000,0.0000000000
2513,0.0000000000,0.0000000000,0.0000000000
2200,0.0000074701,0.6250000000,0.0000046688
1633,0.0000038562,0.3333333333,0.0000012854
3957,0.0000084795,0.4166666667,0.0000035331
3322,0.0000017363,0.3958333333,0.0000006873
905,0.0000010498,0.0000000000,0.0000000000
1247,0.0000013729,0.0000000000,0.0000000000
2042,0.0000049262,0.7500000000,0.0000036946
927,0.0000061376,0.0000000000,0.0000000000
2282,0.0000067836,0.7500000000,0.0000050877
1673,0.0000116694,0.7500000000,0.0000087521
1208,0.0000019786,0.0000000000,0.0000000000
1059,0.0000044417,0.2500000000,0.0000011104
1731,0.0000026785,1.0000000000,0.0000026785
2484,0.0000034860,0.5000000000,0.0000017430
127,0.0000000000,0.0000000000,0.0000000000
2016,0.0000030688,0.7500000000,0.0000023016
153,0.0000000000,0.0000000000,0.0000000000
883,0.0000037552,0.0000000000,0.0000000000
1178,0.0000000000,0.0000000000,0.0000000000
3535,0.0000085468,0.4500000000,0.0000038461
1661,0.0000018372,0.6666666667,0.0000012248
1229,0.0000019382,0.3333333333,0.0000006461
4286,0.0000018776,0.2500000000,0.0000004694
4120,0.0000041994,0.3833333333,0.0000016098
2271,0.0000000000,0.0000000000,0.0000000000
1250,0.0000006461,0.0000000000,0.0000000000
3607,0.0000339585,0.3666666667,0.0000124514
2115,0.0000010498,1.0000000000,0.0000010498
2160,0.0000018574,0.0000000000,0.0000000000
2817,0.0000015748,0.5000000000,0.0000007874
2227,0.0000031293,0.5000000000,0.0000015647
3693,0.0000020795,0.4166666667,0.0000008665
1266,0.0000006662,0.0000000000,0.0000000000
1669,0.0000050877,1.0000000000,0.0000050877
1438,0.0000024429,0.3333333333,0.0000008143
1311,0.0000007268,0.0000000000,0.0000000000
1523,0.0000000000,0.0000000000,0.0000000000
1985,0.0000046435,0.5000000000,0.0000023218
3383,0.0000002019,0.0000000000,0.0000000000
3004,0.0000003634,0.1666666667,0.0000000606
647,0.0000015344,1.0000000000,0.0000015344
2297,0.0000093275,0.3750000000,0.0000034978
682,0.0000028871,0.0000000000,0.0000000000
2082,0.0000008076,0.0000000000,0.0000000000
1651,0.0000000000,0.0000000000,0.0000000000
1992,0.0000000000,0.0000000000,0.0000000000
929,0.0000054309,0.5000000000,0.0000027155
60,0.0000000000,0.0000000000,0.0000000000
1470,0.0000010498,0.0000000000,0.0000000000
1235,0.0000007268,0.0000000000,0.0000000000
1049,0.0000000000,0.0000000000,0.0000000000
1966,0.0000047445,0.5000000000,0.0000023722
3497,0.0000105658,0.3059523810,0.0000032326
1913,0.0000004845,0.5000000000,0.0000002423
1722,0.0000000000,0.0000000000,0.0000000000
2051,0.0000058818,1.0000000000,0.0000058818
3936,0.0000080152,0.1698412698,0.0000013613
1382,0.0000008480,0.0000000000,0.0000000000
1248,0.0000023218,0.5000000000,0.0000011609
3085,0.0000375724,0.5000000000,0.0000187862
1345,0.0000016353,1.0000000000,0.0000016353
1854,0.0000014133,0.2500000000,0.0000003533
2275,0.0000099332,0.3333333333,0.0000033111
2973,0.0000000000,0.0000000000,0.0000000000
961,0.0000029678,1.0000000000,0.0000029678
512,0.0000000000,0.0000000000,0.0000000000
3692,0.0000014536,0.4500000000,0.0000006541
586,0.0000000000,0.0000000000,0.0000000000
541,0.0000000000,0.0000000000,0.0000000000
1702,0.0000060164,0.1666666667,0.0000010027
992,0.0000015748,0.0000000000,0.0000000000
802,0.0000000000,0.0000000000,0.0000000000
1385,0.0000013325,0.0000000000,0.0000000000
625,0.0000000000,0.0000000000,0.0000000000
1245,0.0000000000,0.0000000000,0.0000000000
444,0.0000005653,0.0000000000,0.0000000000
1422,0.0000000000,0.0000000000,0.0000000000
3500,0.0000174436,0.6547619048,0.0000114214
4238,0.0000088429,0.4285714286,0.0000037898
1881,0.0000080354,0.6666666667,0.0000053569
1946,0.0000134865,0.3333333333,0.0000044955
2523,0.0000205527,0.5666666667,0.0000116466
1540,0.0000007470,0.0000000000,0.0000000000
1348,0.0000000000,0.0000000000,0.0000000000
